지점,일시,기온(°C),강수량(mm),풍속(m/s),풍향(16방위),습도(%),증기압(hPa),이슬점온도(°C),현지기압(hPa),해면기압(hPa),일조(hr),일사(MJ/m2),적설(cm),3시간신적설(cm),전운량(10분위),중하층운량(10분위),운형(운형약어),최저운고(100m ),시정(10m),지면상태(지면상태코드),현상번호(국내식),지면온도(°C),5cm 지중온도(°C),10cm 지중온도(°C),20cm 지중온도(°C),30cm 지중온도(°C)
146,2025-01-01 00:00,-1.1,,1.3,140,70,4,-5.8,1016.6,1024.3,,,,,0,0,,,3093,,,-2.9,,,,
146,2025-01-01 01:00,-1.4,,.8,140,72,4,-5.8,1016.6,1024.3,,,,,0,0,,,3132,,,-3.1,,,,
146,2025-01-01 02:00,-1.8,,1.4,140,71,3.8,-6.3,1016.8,1024.5,,,,,0,0,,,3670,,,-3.3,,,,
146,2025-01-01 03:00,-2,,1.3,140,73,3.8,-6.2,1016.8,1024.5,,,,,1,1,Sc,10,3839,,,-3.5,,,,
146,2025-01-01 04:00,-1.7,,1.3,140,71,3.8,-6.2,1016.6,1024.3,,,,,2,2,Sc,12,4002,,,-3.1,,,,
146,2025-01-01 05:00,-1.6,,1.4,140,71,3.9,-6.1,1016.1,1023.8,,,,,0,0,,,4218,,,-3.6,,,,
146,2025-01-01 06:00,-1.6,,1.5,140,73,4,-5.8,1016.3,1024,,,,,0,0,,,4343,,,-3.7,,,,
146,2025-01-01 07:00,-1.5,,1.9,140,73,4,-5.7,1016.3,1024,,,,,0,0,,,4179,,,-3.6,,,,
146,2025-01-01 08:00,-1.3,,1.5,140,74,4.1,-5.3,1016.7,1024.4,0,.01,,,0,0,,,3766,,,-3.4,,,,
146,2025-01-01 09:00,.5,,1.1,160,70,4.4,-4.3,1016.8,1024.5,.8,.31,,,0,0,,,3916,,,-1.9,,,,
146,2025-01-01 10:00,2.6,,1.2,160,63,4.6,-3.7,1016.9,1024.5,1,.86,,,0,0,,,3821,,,-.5,,,,
146,2025-01-01 11:00,5.3,,.9,140,53,4.7,-3.5,1017,1024.5,1,1.36,,,0,0,,,4045,,,.9,,,,
146,2025-01-01 12:00,7.3,,.9,290,49,5,-2.7,1016.5,1024,1,1.68,,,0,0,,,3164,,,7.9,,,,
146,2025-01-01 13:00,8.7,,2,290,42,4.7,-3.5,1015.7,1023.1,1,1.8,,,0,0,,,2801,,,10.4,,,,
146,2025-01-01 14:00,8.9,,2.5,270,44,5,-2.7,1015.3,1022.7,1,1.73,,,0,0,,,2335,,,10.3,,,,
146,2025-01-01 15:00,8.8,,2.4,290,45,5.1,-2.5,1015.1,1022.5,1,1.45,,,0,0,,,2594,,,8.5,,,,
146,2025-01-01 16:00,8.9,,2.6,290,46,5.2,-2.1,1015.1,1022.5,1,.95,,,0,0,,,2360,,,5.9,,,,
146,2025-01-01 17:00,7.8,,3.1,270,51,5.4,-1.7,1015,1022.5,1,.4,,,0,0,,,2265,,,3.9,,,,
146,2025-01-01 18:00,6.8,,1.5,270,56,5.6,-1.3,1015.1,1022.6,.1,.03,,,0,0,,,2106,,,2.2,,,,
146,2025-01-01 19:00,6.2,,.9,270,61,5.8,-.7,1015.6,1023.1,,,,,0,0,,,2173,,,1,,,,
146,2025-01-01 20:00,4.5,,1.2,140,67,5.6,-1.1,1016,1023.6,,,,,0,0,,,1603,,,.6,,,,
146,2025-01-01 21:00,3.3,,1.4,140,71,5.5,-1.4,1016.2,1023.8,,,,,0,0,,,1599,,,.4,,,,
146,2025-01-01 22:00,2.6,,.9,140,76,5.6,-1.2,1016.4,1024,,,,,0,0,,,1560,,,.1,,,,
146,2025-01-01 23:00,1.5,,1.5,140,79,5.4,-1.7,1016.4,1024,,,,,0,0,,,1600,,,-.2,,,,
146,2025-01-02 00:00,1.1,,1.6,140,82,5.4,-1.6,1016.5,1024.2,,,,,0,0,,,1466,,,-.6,,,,
146,2025-01-02 01:00,.3,,1.5,140,85,5.3,-1.9,1016.6,1024.3,,,,,0,0,,,1377,,,-1.1,,,,
146,2025-01-02 02:00,.5,,1.1,110,84,5.4,-1.8,1017,1024.7,,,,,0,0,,,1372,,,-1.4,,,,
146,2025-01-02 03:00,.2,,1.7,140,86,5.4,-1.8,1017.3,1025,,,,,0,0,,,1249,,,-1.3,,,,
146,2025-01-02 04:00,.5,,1.3,140,84,5.4,-1.8,1017.3,1025,,,,,9,9,Sc,10,1246,,,-.8,,,,
146,2025-01-02 05:00,.4,,1.9,140,86,5.4,-1.6,1017.1,1024.8,,,,,5,5,Sc,15,1134,,,-.9,,,,
146,2025-01-02 06:00,-.2,,1.4,140,87,5.2,-2.1,1017.2,1024.9,,,,,0,0,,,1028,,,-1.7,,,,
146,2025-01-02 07:00,-.4,,1.2,110,88,5.2,-2.1,1017.4,1025.1,,,,,0,0,,,939,,19,-2.3,,,,
146,2025-01-02 08:00,-.2,,.7,110,88,5.3,-1.9,1017.5,1025.2,0,.01,,,0,0,,,901,,19,-2.6,,,,
146,2025-01-02 09:00,.9,,.6,90,82,5.4,-1.8,1018.1,1025.8,.7,.29,,,0,0,,,915,,19,-1.5,,,,
146,2025-01-02 10:00,3.1,,.2,0,74,5.7,-1,1018.7,1026.3,1,.82,,,0,0,,,912,,19,-.6,,,,
146,2025-01-02 11:00,4.2,,.9,360,71,5.8,-.6,1018.6,1026.2,1,1.3,,,0,0,,,778,,19,3.1,,,,
146,2025-01-02 12:00,5.4,,1,320,64,5.8,-.8,1017.7,1025.2,1,1.67,,,0,0,,,1177,,19,9.1,,,,
146,2025-01-02 13:00,6.6,,1.4,320,40,3.9,-6,1016.8,1024.3,1,1.84,,,0,0,,,2326,,,10.9,,,,
146,2025-01-02 14:00,6.4,,1.9,320,37,3.6,-7.2,1016.4,1023.9,1,1.75,,,0,0,,,2203,,,10.1,,,,
146,2025-01-02 15:00,7.1,,1.7,340,26,2.6,-11.1,1016.4,1023.9,1,1.44,,,0,0,,,4409,,,9.2,,,,
146,2025-01-02 16:00,6.7,,1.6,340,32,3.1,-8.8,1016.4,1023.9,1,.97,,,0,0,,,3341,,,5.4,,,,
146,2025-01-02 17:00,6.1,,1.7,270,41,3.9,-6.1,1016.8,1024.3,1,.39,,,0,0,,,2373,,,3.1,,,,
146,2025-01-02 18:00,4.5,,1.9,270,45,3.8,-6.4,1017,1024.6,.1,.02,,,0,0,,,3749,,,.9,,,,
146,2025-01-02 19:00,4,,.6,250,48,3.9,-6,1017.8,1025.4,,,,,0,0,,,3277,,,-.4,,,,
146,2025-01-02 20:00,2.7,,1.6,340,53,3.9,-5.9,1018.1,1025.7,,,,,3,0,,,2567,,,-.6,,,,
146,2025-01-02 21:00,2.2,,1.4,340,42,3,-9.4,1018,1025.6,,,,,3,0,Ci,,3366,,,-.6,,,,
146,2025-01-02 22:00,1.6,,1.3,320,39,2.7,-10.8,1018.4,1026.1,,,,,6,5,,68,3921,,,-1,,,,
146,2025-01-02 23:00,1.7,,1.1,320,37,2.6,-11.4,1018.8,1026.5,,,,,5,5,,57,4704,,,-1.2,,,,
146,2025-01-03 00:00,1.3,,.4,0,38,2.6,-11.4,1018.9,1026.6,,,,,2,0,Ci,,4629,,,-1.5,,,,
146,2025-01-03 01:00,-.4,,1.3,140,61,3.6,-7,1018.6,1026.3,,,,,0,0,,,2702,,,-1.6,,,,
146,2025-01-03 02:00,-.5,,.9,140,62,3.7,-6.8,1018.7,1026.4,,,,,10,8,,13,2917,,,-.9,,,,
146,2025-01-03 03:00,-.7,,.1,0,62,3.6,-7,1018.5,1026.2,,,,,4,4,Sc,10,3067,,,-1.2,,,,
146,2025-01-03 04:00,-.8,,1.1,20,64,3.7,-6.7,1018.8,1026.5,,,,,9,9,Sc,12,2992,,,-1.2,,,,
146,2025-01-03 05:00,-.6,,.6,20,63,3.7,-6.7,1018.8,1026.5,,,,,7,7,Sc,13,3648,,,-1.2,,,,
146,2025-01-03 06:00,-.6,,.8,340,63,3.7,-6.7,1018.7,1026.4,,,,,7,7,Sc,18,3723,,,-1.2,,,,
146,2025-01-03 07:00,-1.7,,2,340,63,3.4,-7.8,1019.4,1027.2,,,,,3,3,Sc,10,3834,,,-1.8,,,,
146,2025-01-03 08:00,-2.2,,1.2,340,62,3.2,-8.5,1020,1027.8,0,.01,,,2,2,Sc,15,3352,,,-1.9,,,,
146,2025-01-03 09:00,-1.3,,2,340,53,3,-9.6,1020.8,1028.6,.7,.31,,,0,0,,,3821,,,-1.6,,,,
146,2025-01-03 10:00,.5,,.9,50,44,2.8,-10.3,1021,1028.7,1,.93,,,0,0,,,3758,,,-.6,,,,
146,2025-01-03 11:00,2.2,,2.9,340,33,2.4,-12.4,1020.9,1028.6,1,1.45,,,0,0,,,4473,,,.8,,,,
146,2025-01-03 12:00,2.4,,3.4,360,27,2,-14.7,1020.2,1027.8,1,1.8,,,0,0,,,4895,,,6.1,,,,
146,2025-01-03 13:00,2.7,,1.6,20,28,2.1,-14,1019.7,1027.3,1,1.92,,,0,0,,,4471,,,9.4,,,,
146,2025-01-03 14:00,3.5,,2.1,320,34,2.7,-10.9,1019.5,1027.1,1,1.83,,,0,0,,,4233,,,9.9,,,,
146,2025-01-03 15:00,3.7,,1.6,290,34,2.7,-10.7,1019.3,1026.9,1,1.52,,,5,5,Sc,16,3538,,,8,,,,
146,2025-01-03 16:00,4.1,,2.6,270,40,3.3,-8.3,1019,1026.6,1,.96,,,3,3,Sc,15,4087,,,4.1,,,,
146,2025-01-03 17:00,3,,2,270,47,3.6,-7.2,1019.1,1026.7,1,.42,,,3,3,Ac,22,4467,,,1.7,,,,
146,2025-01-03 18:00,2.3,,2.4,250,55,4,-5.8,1019.1,1026.7,.1,.04,,,8,8,Sc,11,3766,,,1.3,,,,
146,2025-01-03 19:00,1.5,,1.5,270,71,4.9,-3.1,1019.4,1027.1,,,,,9,9,Sc,8,1782,,05,1.5,,,,
146,2025-01-03 20:00,1,,1.1,270,79,5.2,-2.2,1019.7,1027.4,,,,,9,9,Sc,6,2349,,05,1.3,,,,
146,2025-01-03 21:00,.5,.1,0,0,88,5.6,-1.2,1019.8,1027.5,,,0,0,9,9,Sc,4,1027,,05,1.3,,,,
146,2025-01-03 22:00,.5,,.3,0,88,5.6,-1.2,1019.7,1027.4,,,0,,8,8,Sc,10,1561,,05,.1,,,,
146,2025-01-03 23:00,.8,,.8,110,90,5.8,-.6,1019.7,1027.4,,,0,,8,5,,16,1288,,,.3,,,,
146,2025-01-04 00:00,.9,0,.4,0,88,5.8,-.8,1019.9,1027.6,,,,0,8,8,Sc,,1453,,,.5,,,,
146,2025-01-04 01:00,.1,,.6,50,89,5.5,-1.5,1019.8,1027.5,,,,,0,0,,,1206,,,-.5,,,,
146,2025-01-04 02:00,0,,.8,90,91,5.6,-1.2,1020.1,1027.8,,,,,8,8,,15,1059,,,-.3,,,,
146,2025-01-04 03:00,.6,,.3,0,84,5.4,-1.7,1020,1027.7,,,,,9,9,Sc,14,1657,,,-.3,,,,
146,2025-01-04 04:00,-.1,,.8,360,77,4.7,-3.6,1020.1,1027.8,,,,,5,5,Sc,14,2798,,,-.7,,,,
146,2025-01-04 05:00,-1.3,,.9,70,81,4.5,-4.1,1020.1,1027.9,,,,,0,0,,,2315,,,-1.1,,,,
146,2025-01-04 06:00,-.8,,.6,160,78,4.5,-4.1,1020.2,1027.9,,,,,0,0,,,2539,,,-1.4,,,,
146,2025-01-04 07:00,-1.9,,1.1,140,85,4.5,-4,1020.3,1028.1,,,,,0,0,,,1924,,,-1.6,,,,
146,2025-01-04 08:00,-2.2,,1.3,140,84,4.4,-4.5,1020.3,1028.1,0,.01,,,0,0,,,2229,,,-1.8,,,,
146,2025-01-04 09:00,-.4,,.9,140,73,4.3,-4.6,1020.8,1028.5,1,.39,,,0,0,,,2888,,,-1.4,,,,
146,2025-01-04 10:00,1.5,,.7,180,61,4.2,-5.2,1021.1,1028.8,1,.99,,,0,0,,,3464,,,-.5,,,,
146,2025-01-04 11:00,3.2,,.5,270,50,3.8,-6.2,1021.2,1028.8,1,1.46,,,0,0,,,3955,,,2.3,,,,
146,2025-01-04 12:00,4.1,,1.6,340,49,4,-5.6,1020.5,1028.1,1,1.75,,,0,0,,,4513,,,8.6,,,,
146,2025-01-04 13:00,4.4,,1.3,320,44,3.7,-6.8,1020.1,1027.7,1,1.9,,,0,0,,,4343,,,11.3,,,,
146,2025-01-04 14:00,6,,1,340,42,3.9,-5.9,1019.8,1027.3,1,1.69,,,0,0,,,4151,,,11.8,,,,
146,2025-01-04 15:00,5.4,,1.4,270,45,4,-5.6,1019.7,1027.3,.5,1.06,,,7,7,Sc,17,4621,,,8.3,,,,
146,2025-01-04 16:00,4.9,,1.5,320,49,4.2,-4.9,1019.7,1027.3,0,.5,,,8,8,Sc,16,4591,,,6.1,,,,
146,2025-01-04 17:00,4.7,,.8,270,49,4.2,-5.1,1019.5,1027.1,.9,.37,,,0,0,,,3828,,,3,,,,
146,2025-01-04 18:00,3.8,,.1,0,54,4.3,-4.6,1019.9,1027.5,.3,.04,,,0,0,,,3846,,,.4,,,,
146,2025-01-04 19:00,3.2,,.1,0,57,4.4,-4.5,1019.8,1027.4,,,,,0,0,,,3103,,,.1,,,,
146,2025-01-04 20:00,1.4,,1.7,140,64,4.3,-4.6,1019.4,1027.1,,,,,0,0,,,2998,,,-.3,,,,
146,2025-01-04 21:00,.7,,1.4,140,68,4.4,-4.5,1019.1,1026.8,,,,,0,0,,,2785,,,-.6,,,,
146,2025-01-04 22:00,.5,,1.3,140,69,4.4,-4.5,1019.3,1027,,,,,0,0,,,3115,,,-.8,,,,
146,2025-01-04 23:00,-.5,,1.2,140,73,4.3,-4.7,1018.7,1026.4,,,,,0,0,,,2873,,,-1.1,,,,
146,2025-01-05 00:00,-.6,,1,160,75,4.4,-4.4,1018.6,1026.3,,,,,4,0,Ci,,2550,,,-1.2,,,,
146,2025-01-05 01:00,-.4,,1.5,140,72,4.3,-4.8,1017.8,1025.5,,,,,9,6,,68,3105,,,-1.1,,,,
146,2025-01-05 02:00,-.6,,1.9,140,73,4.3,-4.8,1017.7,1025.4,,,,,6,6,,,3163,,,-1.3,,,,
146,2025-01-05 03:00,-.2,,1.6,140,70,4.2,-5,1017.1,1024.8,,,,,6,0,Ci,,3500,,,-1.4,,,,
146,2025-01-05 04:00,.2,,.9,160,69,4.3,-4.8,1017,1024.7,,,,,8,0,Ci,,3448,,,-1.2,,,,
146,2025-01-05 05:00,.3,,1.5,160,71,4.4,-4.3,1016.7,1024.4,,,,,10,10,As,30,3319,,,-1,,,,
146,2025-01-05 06:00,1.2,,2.1,140,67,4.5,-4.2,1016.1,1023.7,,,,,10,10,As,25,3450,,,-.8,,,,
146,2025-01-05 07:00,2,,1.8,160,63,4.4,-4.3,1016.2,1023.8,,,,,10,10,As,25,3783,,,-.7,,,,
146,2025-01-05 08:00,2.6,,2.3,140,62,4.6,-3.9,1016,1023.6,0,0,,,10,10,As,28,2506,,,-.6,,,,
146,2025-01-05 09:00,1.6,0,1.9,140,83,5.7,-.9,1015.9,1023.5,0,.03,,,10,5,ScAs,7,826,,05,-.6,,,,
146,2025-01-05 10:00,1.6,,1.8,140,88,6.1,-.1,1015.9,1023.5,0,.11,,,10,5,StNs,6,315,,05,-.5,,,,
146,2025-01-05 11:00,2.2,,1.3,140,93,6.6,1.1,1015.4,1023,0,.18,,,10,7,ScAs,6,748,,1905,.3,,,,
146,2025-01-05 12:00,4.6,.4,1.7,140,82,6.9,1.7,1014.1,1021.6,0,.61,,,10,6,ScAs,7,1832,,19,4.6,,,,
146,2025-01-05 13:00,5.3,,2.3,160,79,7,1.9,1012.9,1020.4,.1,.56,,,10,7,ScAs,12,2539,,,5.2,,,,
146,2025-01-05 14:00,4.2,,1.6,180,89,7.3,2.5,1012.7,1020.2,0,.15,,,10,6,ScAs,10,451,,01,3.8,,,,
146,2025-01-05 15:00,3.6,1.3,2.3,140,94,7.4,2.7,1011.6,1019.1,0,.21,,,10,2,ScAs,15,673,,1901,4.2,,,,
146,2025-01-05 16:00,4.8,,2.3,160,88,7.5,2.9,1011.5,1019,0,.32,,,9,9,Sc,10,1414,,19,4.7,,,,
146,2025-01-05 17:00,4.7,,2.4,160,87,7.4,2.7,1011.1,1018.6,0,.25,,,5,5,Sc,10,1426,,,3.4,,,,
146,2025-01-05 18:00,4.8,,1.6,140,86,7.4,2.6,1011.2,1018.7,0,.03,,,9,9,Sc,10,1269,,,3.1,,,,
146,2025-01-05 19:00,4.8,,2.3,160,86,7.4,2.6,1011.3,1018.8,,,,,3,3,,8,1185,,,2.5,,,,
146,2025-01-05 20:00,4.5,,1.8,160,86,7.2,2.3,1011.3,1018.8,,,,,2,2,,8,1091,,,1.6,,,,
146,2025-01-05 21:00,4.8,,2.1,140,85,7.3,2.4,1011.1,1018.6,,,,,9,9,Sc,10,1127,,,2.2,,,,
146,2025-01-05 22:00,4.3,,1.8,140,94,7.8,3.4,1010.9,1018.4,,,,,9,3,ScAc,8,519,,1901,2.3,,,,
146,2025-01-05 23:00,4.4,,1.8,140,95,7.9,3.6,1010.5,1018,,,,,7,7,Sc,8,373,,1901,1.7,,,,
146,2025-01-06 00:00,4.2,.5,1.5,160,95,7.8,3.4,1010,1017.5,,,,,6,6,Sc,10,460,,19,1.1,,,,
146,2025-01-06 01:00,4,,1.7,160,95,7.7,3.2,1009.4,1016.9,,,,,0,0,,,465,,19,.4,,,,
146,2025-01-06 02:00,3.8,,1.6,160,94,7.5,2.9,1009,1016.5,,,,,0,0,,,424,,19,0,,,,
146,2025-01-06 03:00,3.5,,1.6,160,95,7.4,2.7,1008.5,1016,,,,,5,5,Sc,10,417,,19,.1,,,,
146,2025-01-06 04:00,4.2,,1.4,20,92,7.6,3,1008.5,1016,,,,,8,8,Sc,6,367,,19,1.3,,,,
146,2025-01-06 05:00,4,,1.1,110,93,7.5,2.9,1008.2,1015.7,,,,,9,9,Sc,6,349,,19,1.5,,,,
146,2025-01-06 06:00,3.9,,1.4,160,94,7.6,3,1008.3,1015.8,,,,,8,8,Sc,10,305,,19,.5,,,,
146,2025-01-06 07:00,3.4,,1.3,140,94,7.3,2.5,1008.4,1015.9,,,,,7,7,Sc,10,290,,19,.5,,,,
146,2025-01-06 08:00,5.2,,2,250,91,8,3.8,1008.9,1016.4,0,.01,,,10,4,ScAs,7,217,,1901,1.5,,,,
146,2025-01-06 09:00,5.4,.2,3.8,270,86,7.7,3.2,1009.3,1016.8,0,.16,,,10,10,St,8,274,,19,2.7,,,,
146,2025-01-06 10:00,5.7,,2.6,270,79,7.2,2.3,1009.6,1017.1,.4,.48,,,10,10,St,8,391,,19,4.5,,,,
146,2025-01-06 11:00,4.5,,2.4,270,82,6.9,1.6,1010,1017.5,0,.24,,,10,8,ScAs,9,516,,1901,4.3,,,,
146,2025-01-06 12:00,4.3,.8,1.2,250,87,7.2,2.3,1009.7,1017.2,0,.47,,,10,7,ScAs,6,400,,1901,5,,,,
146,2025-01-06 13:00,4.6,,3.1,340,76,6.4,.7,1009.1,1016.6,.4,.99,,,8,5,ScAs,7,522,,19,7,,,,
146,2025-01-06 14:00,5.3,,5,290,59,5.3,-2,1009,1016.5,.5,1.23,,,8,8,Sc,10,892,,4019,8.4,,,,
146,2025-01-06 15:00,4.2,,4.7,320,57,4.7,-3.5,1009.8,1017.3,.2,.66,,,9,9,Sc,11,1176,,40,5.2,,,,
146,2025-01-06 16:00,3.7,,2.4,320,61,4.9,-3.1,1010.3,1017.8,0,.23,,,9,9,Sc,11,1285,,,3.8,,,,
146,2025-01-06 17:00,3.2,,4.6,290,56,4.3,-4.7,1011,1018.6,0,.1,,,9,9,Sc,14,2764,,,2.3,,,,
146,2025-01-06 18:00,2.5,,3.2,320,59,4.3,-4.7,1011.6,1019.2,0,.01,,,8,8,Sc,11,3048,,,1.4,,,,
146,2025-01-06 19:00,1.8,,2.7,320,60,4.2,-5.1,1012.6,1020.2,,,,,8,8,,12,3471,,,.1,,,,
146,2025-01-06 20:00,1.2,,3.1,320,61,4.1,-5.5,1013.2,1020.8,,,,,0,0,,,3587,,,-.3,,,,
146,2025-01-06 21:00,.6,,3.3,360,61,3.9,-6,1013.1,1020.7,,,,,0,0,,,3797,,,-.4,,,,
146,2025-01-06 22:00,.4,,1.8,320,61,3.8,-6.2,1013.6,1021.3,,,,,10,7,ScAs,11,3714,,05,-.3,,,,
146,2025-01-06 23:00,0,,2.1,320,72,4.4,-4.4,1013.5,1021.2,,,,,10,6,ScAs,11,3131,,05,-.2,,,,
146,2025-01-07 00:00,-.5,0,1.4,320,74,4.4,-4.5,1013.2,1020.9,,,,,10,4,ScAs,11,3032,,05,-.3,,,,
146,2025-01-07 01:00,-1.1,,1.6,320,76,4.3,-4.7,1012.7,1020.4,,,,,0,0,,,2843,,05,-.8,,,,
146,2025-01-07 02:00,-1.6,,1,320,80,4.3,-4.6,1012.6,1020.3,,,,,6,1,,22,2661,,,-1.2,,,,
146,2025-01-07 03:00,-1.4,0,.6,290,78,4.3,-4.7,1012.8,1020.5,,,,,6,6,Sc,17,2528,,,-1.2,,,,
146,2025-01-07 04:00,-1.8,,1.4,340,78,4.2,-5.1,1012.7,1020.4,,,,,5,1,ScCi,18,2321,,,-1.8,,,,
146,2025-01-07 05:00,-2.2,,1,340,83,4.3,-4.7,1012.7,1020.4,,,,,2,2,Sc,18,1943,,,-2.7,,,,
146,2025-01-07 06:00,-2.6,,.7,360,85,4.3,-4.7,1013,1020.7,,,,,1,1,Sc,15,1819,,,-3.6,,,,
146,2025-01-07 07:00,-2.3,,.1,0,74,3.8,-6.3,1013.2,1020.9,,,,,0,0,,,2725,,,-4.2,,,,
146,2025-01-07 08:00,-2.8,,1.1,140,80,4,-5.7,1013.4,1021.1,0,.01,,,0,0,,,2144,,,-4,,,,
146,2025-01-07 09:00,-1.3,,.8,160,64,3.6,-7.2,1013.3,1021,.7,.3,,,6,6,Sc,14,3001,,,-1.4,,,,
146,2025-01-07 10:00,.2,,1,140,48,3,-9.5,1013.2,1020.9,.9,.82,,,0,0,,,3356,,05,-.6,,,,
146,2025-01-07 11:00,.8,,1.8,250,51,3.3,-8.2,1012.9,1020.5,1,1.36,,,6,6,Sc,16,3079,,,.3,,,,
146,2025-01-07 12:00,1.7,0,.8,230,54,3.7,-6.6,1011.7,1019.3,.8,1.41,,,6,6,Sc,14,3189,,,3.9,,,,
146,2025-01-07 13:00,1.3,,2,250,67,4.5,-4.1,1011,1018.6,.4,1.08,,,8,5,ScAs,6,3084,,05,6.4,,,,
146,2025-01-07 14:00,.8,,1.5,290,85,5.5,-1.4,1010.9,1018.5,.1,.8,,,8,8,Sc,5,596,,05,5.2,,,,
146,2025-01-07 15:00,1.5,.1,1.2,270,77,5.2,-2.1,1011,1018.6,.1,.5,,,7,7,Sc,4,2605,,05,5,,,,
146,2025-01-07 16:00,1.3,,2.2,290,74,5,-2.8,1011.7,1019.3,.1,.5,,,8,8,Sc,5,2142,,,3.3,,,,
146,2025-01-07 17:00,.8,,1.8,340,74,4.8,-3.3,1011.8,1019.4,.7,.43,,,7,7,Sc,6,2720,,,1.3,,,,
146,2025-01-07 18:00,.7,0,2.8,270,72,4.6,-3.7,1012.3,1019.9,0,.02,,,9,9,Sc,10,1891,,05,.8,,,,
146,2025-01-07 19:00,.3,,2.2,270,79,4.9,-2.9,1012.6,1020.2,,,,,8,8,Sc,10,1001,,05,.5,,,,
146,2025-01-07 20:00,-.5,,1.6,230,91,5.4,-1.7,1012.8,1020.5,,,.4,,8,8,Sc,3,1001,,05,0,,,,
146,2025-01-07 21:00,-.7,1.3,.7,290,96,5.6,-1.2,1013.5,1021.2,,,2.5,2.5,10,8,ScAc,1,114,,05,.4,,,,
146,2025-01-07 22:00,-.7,,0,0,97,5.6,-1.1,1013.6,1021.3,,,4.6,,7,7,Sc,5,195,,05,.4,,,,
146,2025-01-07 23:00,-.7,,.8,230,96,5.6,-1.2,1013.7,1021.4,,,5,,7,7,Sc,2,300,,05,.3,,,,
146,2025-01-08 00:00,-1.3,.8,.7,160,96,5.4,-1.8,1013.4,1021.1,,,5.2,2.7,5,5,,,902,,05,.4,,,,
146,2025-01-08 01:00,-1.6,,.7,140,97,5.3,-2,1013.2,1020.9,,,6,,2,2,Sc,1,385,,05,.4,,,,
146,2025-01-08 02:00,-1.7,,1.1,140,97,5.2,-2.1,1012.7,1020.4,,,5.9,,5,5,Sc,12,939,,,.4,,,,
146,2025-01-08 03:00,-1.3,1.7,.5,180,98,5.5,-1.5,1013.2,1020.9,,,8.9,3.7,10,8,ScAc,6,49,,05,.3,,,,
146,2025-01-08 04:00,-1.3,,.5,160,98,5.5,-1.5,1013.1,1020.8,,,10.6,,10,8,ScAc,3,131,,05,.2,,,,
146,2025-01-08 05:00,-1.3,,.5,140,98,5.5,-1.5,1013.6,1021.3,,,12.3,,9,9,Sc,5,426,,05,0,,,,
146,2025-01-08 06:00,-1.8,2.4,.4,0,98,5.3,-2,1013.5,1021.2,,,11.8,3.4,2,2,Sc,1,1160,,05,.1,,,,
146,2025-01-08 07:00,-2.2,,1.1,140,97,5,-2.6,1013.8,1021.5,,,11.6,,2,2,Sc,1,1001,,,0,,,,
146,2025-01-08 08:00,-2.6,,.3,0,97,4.9,-3,1014,1021.7,0,.01,11.3,,0,0,,,1186,,,0,,,,
146,2025-01-08 09:00,-1.3,,.9,140,95,5.3,-2,1014.5,1022.2,.7,.19,10.7,,0,0,,,1027,,,.1,,,,
146,2025-01-08 10:00,.5,,1.4,160,88,5.6,-1.2,1014.2,1021.9,.6,.46,10.1,,0,0,,,1874,,,.1,,,,
146,2025-01-08 11:00,1.8,,.9,180,77,5.4,-1.8,1014,1021.6,.5,1.01,8.8,,9,9,Sc,10,2873,,05,0,,,,
146,2025-01-08 12:00,.6,.5,1,320,92,5.9,-.5,1013.7,1021.3,.2,.77,8.8,.8,10,8,ScAs,6,500,,05,0,,,,
146,2025-01-08 13:00,2.7,,1.2,250,76,5.6,-1.1,1012.4,1020,.4,1.27,6.5,,8,8,Sc,8,2140,,05,0,,,,
146,2025-01-08 14:00,2.1,,2.9,270,82,5.8,-.6,1011.8,1019.4,.3,.88,4.4,,9,9,Sc,4,2202,,05,-.3,,,,
146,2025-01-08 15:00,1.7,0,1.2,360,87,6,-.2,1011.4,1019,.2,.64,3.2,,8,8,Sc,5,1097,,05,1.5,,,,
146,2025-01-08 16:00,.9,,1.7,320,92,6,-.2,1011.9,1019.5,0,.22,2.8,,9,9,Sc,5,467,,1905,1.2,,,,
146,2025-01-08 17:00,.6,,2.5,320,94,6,-.2,1012.5,1020.1,0,.11,3.6,,10,9,StNs,3,408,,1905,.3,,,,
146,2025-01-08 18:00,-.2,.5,3.1,340,87,5.2,-2.1,1013.4,1021.1,0,.01,3.4,.8,9,9,Sc,5,1199,,1905,-.3,,,,
146,2025-01-08 19:00,-1,,1.6,320,81,4.6,-3.8,1013.9,1021.6,,,3.4,,9,9,Sc,5,1316,,05,-.4,,,,
146,2025-01-08 20:00,-1.3,,2.6,320,83,4.6,-3.8,1014.7,1022.4,,,3.5,,10,9,StNs,5,502,,1905,-.4,,,,
146,2025-01-08 21:00,-1.8,.1,.9,340,90,4.8,-3.2,1015.1,1022.8,,,3.6,.2,9,9,Sc,10,769,,1905,-.2,,,,
146,2025-01-08 22:00,-1.5,,2.4,320,81,4.4,-4.3,1015.4,1023.1,,,3.6,,10,9,StNs,5,604,,1905,-.2,,,,
146,2025-01-08 23:00,-2.5,,2.2,320,89,4.5,-4,1015.6,1023.4,,,4.3,,10,9,StNs,5,2007,,1905,-.2,,,,
146,2025-01-09 00:00,-3,.8,3.2,270,94,4.6,-3.8,1015.7,1023.5,,,7,3.4,9,9,,,364,,05,0,,,,
146,2025-01-09 01:00,-3.6,,2.3,320,90,4.2,-5,1015.9,1023.7,,,7.1,,8,8,Sc,6,2955,,05,0,,,,
146,2025-01-09 02:00,-3.6,,3.7,340,81,3.8,-6.3,1016.4,1024.2,,,7.1,,9,9,Sc,8,2026,,05,.1,,,,
146,2025-01-09 03:00,-4.2,0,5.5,340,80,3.6,-7.1,1017.5,1025.3,,,7.1,.1,9,9,Sc,6,960,,05,.1,,,,
146,2025-01-09 04:00,-6.4,,3.9,340,57,2.2,-13.5,1018.6,1026.5,,,7.1,,3,3,Sc,10,4700,,,0,,,,
146,2025-01-09 05:00,-7.4,,1.5,360,60,2.1,-13.8,1018.2,1026.1,,,7,,0,0,,,4485,,,-.2,,,,
146,2025-01-09 06:00,-7.4,,1.2,50,61,2.1,-13.6,1017.7,1025.6,,,6.8,,0,0,,,4425,,,-.2,,,,
146,2025-01-09 07:00,-7.5,,1.1,70,58,2,-14.3,1017.7,1025.6,,,6.8,,0,0,,,4451,,,-.2,,,,
146,2025-01-09 08:00,-7.6,,1,340,57,2,-14.6,1017.9,1025.8,0,.02,5.5,,0,0,,,4742,,,-.2,,,,
146,2025-01-09 09:00,-7.1,,2.2,340,56,2,-14.4,1018.5,1026.4,.6,.28,5.2,,0,0,,,4572,,,0,,,,
146,2025-01-09 10:00,-6.5,,1.6,20,51,1.9,-14.9,1018.8,1026.7,1,.88,5.2,,0,0,,,4758,,,.1,,,,
146,2025-01-09 11:00,-6.2,,2,340,54,2.1,-14,1018.8,1026.7,.8,1.05,4.9,,0,0,,,4541,,,.2,,,,
146,2025-01-09 12:00,-5.5,,2.3,340,50,2,-14.3,1018.1,1026,1,1.84,4.5,,3,3,Sc,13,4558,,,.4,,,,
146,2025-01-09 13:00,-6.1,,2.6,340,71,2.8,-10.5,1017.6,1025.5,.5,1.23,4.5,,10,9,ScAs,7,699,,05,.5,,,,
146,2025-01-09 14:00,-6.8,,3.2,340,81,3,-9.5,1017.5,1025.4,0,.6,4.8,,10,5,ScAs,3,1026,,05,.4,,,,
146,2025-01-09 15:00,-6.6,.5,3.8,340,78,2.9,-9.8,1017.6,1025.5,.3,.81,5,.5,10,8,StNs,4,263,,05,.3,,,,
146,2025-01-09 16:00,-5.5,,4.5,320,60,2.4,-12,1017.5,1025.4,.4,.6,5.5,,2,2,Sc,10,4042,,05,.3,,,,
146,2025-01-09 17:00,-6.7,,3.8,340,57,2.1,-13.8,1018.4,1026.3,.8,.47,5.4,,5,5,Sc,13,4868,,,-.2,,,,
146,2025-01-09 18:00,-7.4,.2,4,340,60,2.1,-13.8,1019.3,1027.2,0,.04,5.3,.5,3,3,Sc,11,4476,,,-1.1,,,,
146,2025-01-09 19:00,-8.1,,3.6,340,65,2.2,-13.5,1020.1,1028.1,,,5.1,,0,0,,,4053,,,-3,,,,
146,2025-01-09 20:00,-8.7,,3.3,340,61,1.9,-14.8,1021.3,1029.3,,,4.9,,2,2,Sc,15,3796,,,-3.3,,,,
146,2025-01-09 21:00,-9.4,,3.5,340,67,2,-14.4,1022.2,1030.2,,,4.8,,0,0,,,3545,,,-4.1,,,,
146,2025-01-09 22:00,-10,,2.7,340,74,2.1,-13.7,1023,1031,,,4.8,,0,0,,,2960,,,-4.5,,,,
146,2025-01-09 23:00,-10.4,,2.4,340,62,1.7,-16.2,1023.9,1032,,,4.8,,0,0,,,3262,,,-5,,,,
146,2025-01-10 00:00,-10.6,,1.6,70,63,1.7,-16.2,1024.3,1032.4,,,4.8,,0,0,,,2903,,,-5.1,,,,
146,2025-01-10 01:00,-10.5,,1.5,90,59,1.6,-16.9,1024.5,1032.6,,,4.8,,0,0,,,3184,,,-5.3,,,,
146,2025-01-10 02:00,-10.8,,1,140,64,1.7,-16.2,1024.6,1032.7,,,4.8,,0,0,,,3062,,,-5.7,,,,
146,2025-01-10 03:00,-10.3,,.7,160,61,1.7,-16.3,1024.6,1032.7,,,4.8,,0,0,,,3118,,,-6.7,,,,
146,2025-01-10 04:00,-11.1,,1.5,110,72,1.9,-15.1,1024.6,1032.7,,,4.7,,0,0,,,2661,,,-6,,,,
146,2025-01-10 05:00,-11.5,,1.6,110,73,1.9,-15.3,1024.6,1032.7,,,4.7,,0,0,,,2743,,,-6.1,,,,
146,2025-01-10 06:00,-11.6,,1.5,140,74,1.9,-15.3,1025,1033.1,,,4.7,,0,0,,,2752,,,-6.3,,,,
146,2025-01-10 07:00,-11.5,,1.2,140,75,1.9,-15,1025.5,1033.6,,,4.7,,0,0,,,2801,,,-6.7,,,,
146,2025-01-10 08:00,-11.2,,1.2,110,76,2,-14.5,1026,1034.1,0,.01,4.7,,0,0,,,2465,,,-6.5,,,,
146,2025-01-10 09:00,-8.9,,.9,110,68,2.1,-13.7,1026.4,1034.4,.8,.35,4.5,,0,0,,,2409,,,-5.6,,,,
146,2025-01-10 10:00,-6.5,,.7,110,60,2.3,-12.9,1026.7,1034.7,1,.95,4.4,,0,0,,,2477,,,-3.4,,,,
146,2025-01-10 11:00,-5.5,,1.3,20,56,2.3,-12.9,1026.6,1034.5,1,1.48,4.3,,0,0,,,3106,,,-1.8,,,,
146,2025-01-10 12:00,-3.7,,1.6,50,55,2.6,-11.4,1026.1,1034,1,1.85,4.2,,0,0,,,3367,,,-.8,,,,
146,2025-01-10 13:00,-2.8,,2.4,360,52,2.6,-11.3,1024.9,1032.7,1,2.01,4,,0,0,,,3698,,,-.5,,,,
146,2025-01-10 14:00,-1.9,,2.5,360,51,2.7,-10.7,1024.5,1032.3,1,1.94,4,,0,0,,,3854,,,-.5,,,,
146,2025-01-10 15:00,-2.1,,3.7,340,52,2.7,-10.6,1024.2,1032,1,1.62,3.8,,0,0,,,4002,,,-.6,,,,
146,2025-01-10 16:00,-1.8,,1.9,340,49,2.6,-11.1,1024.2,1032,1,1.14,3.8,,0,0,,,3966,,,-.8,,,,
146,2025-01-10 17:00,-1.8,,.5,340,51,2.7,-10.6,1023.9,1031.7,1,.54,3.8,,0,0,,,3538,,,-1.1,,,,
146,2025-01-10 18:00,-2.4,,.6,320,55,2.8,-10.2,1024,1031.8,.4,.06,3.8,,0,0,,,3527,,,-1.7,,,,
146,2025-01-10 19:00,-2.4,,.4,0,56,2.9,-9.9,1024,1031.8,,,3.7,,9,2,,14,3076,,,-1.8,,,,
146,2025-01-10 20:00,-2.9,,.9,110,62,3.1,-9.1,1024.5,1032.3,,,3.7,,9,8,,10,2571,,,-1.8,,,,
146,2025-01-10 21:00,-2.9,,1.1,140,69,3.4,-7.8,1024.7,1032.5,,,3.7,,9,9,Sc,12,2596,,,-1.4,,,,
146,2025-01-10 22:00,-3.2,,1,110,67,3.2,-8.4,1024.6,1032.4,,,3.7,,8,8,,12,2681,,,-1.5,,,,
146,2025-01-10 23:00,-3.2,,1,340,71,3.4,-7.7,1024.7,1032.5,,,3.7,,9,7,,11,2330,,,-1.3,,,,
146,2025-01-11 00:00,-3.5,0,1.3,340,75,3.6,-7.2,1024.5,1032.3,,,3.7,0,9,9,Sc,10,992,,05,-1.3,,,,
146,2025-01-11 01:00,-4.2,,1.2,340,85,3.8,-6.3,1024.5,1032.4,,,4,,9,9,Sc,7,370,,05,-1.3,,,,
146,2025-01-11 02:00,-4.8,,.7,70,88,3.8,-6.4,1023.9,1031.8,,,4.7,,8,8,Sc,8,1052,,05,-1.2,,,,
146,2025-01-11 03:00,-4.8,.1,.8,90,89,3.8,-6.3,1023.9,1031.8,,,4.7,1,3,3,Sc,12,1085,,05,-1.8,,,,
146,2025-01-11 04:00,-4.5,,1.1,140,88,3.9,-6.1,1023.5,1031.4,,,4.7,,9,9,Sc,14,841,,05,-1.3,,,,
146,2025-01-11 05:00,-4.6,,1.2,140,87,3.8,-6.4,1023,1030.9,,,4.7,,9,9,Sc,10,1250,,05,-1.3,,,,
146,2025-01-11 06:00,-4.9,0,.6,50,88,3.8,-6.5,1023,1030.9,,,4.7,0,8,8,Sc,10,901,,05,-1.2,,,,
146,2025-01-11 07:00,-4.7,,.3,0,86,3.7,-6.6,1023.3,1031.2,,,4.7,,9,9,Sc,10,1251,,05,-1.2,,,,
146,2025-01-11 08:00,-4.2,,.4,0,84,3.8,-6.5,1023.6,1031.5,0,.01,4.7,,9,9,Sc,12,1398,,05,-1.1,,,,
146,2025-01-11 09:00,-3.5,0,.5,70,82,3.9,-6.1,1023.9,1031.7,0,.16,4.7,0,7,5,ScAc,14,1262,,05,-.9,,,,
146,2025-01-11 10:00,-2.2,,.6,90,74,3.8,-6.2,1024.1,1031.9,.6,.75,4.5,,7,7,Sc,13,1142,,05,-.8,,,,
146,2025-01-11 11:00,-1.1,,.6,200,65,3.7,-6.8,1023.8,1031.6,0,.81,4.2,,7,7,Sc,15,2329,,,-.6,,,,
146,2025-01-11 12:00,0,0,1,50,56,3.4,-7.7,1022.6,1030.3,.2,1.12,3.8,0,1,1,Sc,11,3350,,,-.5,,,,
146,2025-01-11 13:00,.6,,1.8,360,56,3.6,-7.1,1021.9,1029.6,.9,1.99,3.4,,6,1,ScAc,10,3211,,,-.3,,,,
146,2025-01-11 14:00,.1,,.8,360,59,3.6,-6.9,1021,1028.7,.7,1.35,3.3,,7,7,Sc,10,2853,,,-.4,,,,
146,2025-01-11 15:00,.2,,.7,360,58,3.6,-7.1,1021,1028.7,0,.61,3.3,,9,7,AcCi,35,2709,,,-.3,,,,
146,2025-01-11 16:00,.4,,1,360,57,3.6,-7.1,1020.8,1028.5,0,.45,3.3,,9,4,AcCi,40,2716,,,.3,,,,
146,2025-01-11 17:00,-.1,,.4,0,64,3.9,-6.1,1020.7,1028.4,0,.17,3.3,,9,7,ScCi,10,2096,,,.4,,,,
146,2025-01-11 18:00,-.8,,1.6,340,67,3.9,-6.1,1020.2,1027.9,0,.03,3.3,,8,8,Sc,9,2025,,,.1,,,,
146,2025-01-11 19:00,-1,,1.5,340,70,4,-5.7,1020,1027.7,,,3.3,,9,9,Sc,10,1603,,,.1,,,,
146,2025-01-11 20:00,-1.2,,1.6,340,72,4,-5.6,1020.1,1027.8,,,3.3,,9,9,Sc,10,1720,,,.1,,,,
146,2025-01-11 21:00,-1.3,,.6,320,72,4,-5.7,1019.9,1027.7,,,3.3,,8,8,Sc,14,1677,,,0,,,,
146,2025-01-11 22:00,-1.5,,.8,340,70,3.8,-6.2,1020.1,1027.9,,,3.3,,7,7,Sc,15,1756,,,-.4,,,,
146,2025-01-11 23:00,-2.3,,1.1,50,74,3.8,-6.3,1019.7,1027.5,,,3.3,,1,1,Sc,9,1633,,,-.9,,,,
146,2025-01-12 00:00,-2.4,,1.2,340,79,4.1,-5.5,1019.5,1027.3,,,3.3,,5,5,Sc,12,1321,,,-1.4,,,,
146,2025-01-12 01:00,-2.9,,.8,110,81,4,-5.7,1019,1026.8,,,3.3,,5,5,Sc,13,1283,,,-2.3,,,,
146,2025-01-12 02:00,-3.3,,.7,160,83,4,-5.7,1018.8,1026.6,,,3.3,,6,6,Sc,12,1077,,,-2.3,,,,
146,2025-01-12 03:00,-3.6,,.6,160,86,4,-5.6,1018.7,1026.5,,,3.3,,6,6,Sc,14,923,,19,-2.4,,,,
146,2025-01-12 04:00,-4.1,,1,140,86,3.9,-6,1018.4,1026.2,,,3.3,,6,6,Sc,12,933,,19,-2.6,,,,
146,2025-01-12 05:00,-4.2,,.7,140,86,3.9,-6.1,1018.3,1026.1,,,3.3,,8,8,Sc,15,901,,1905,-2.9,,,,
146,2025-01-12 06:00,-4.6,0,1.3,140,85,3.7,-6.7,1018,1025.8,,,3.3,,7,7,Sc,16,985,,19,-3.1,,,,
146,2025-01-12 07:00,-5.1,,1.2,140,87,3.6,-6.9,1018.1,1025.9,,,3.3,,6,0,Ci,,903,,19,-4.4,,,,
146,2025-01-12 08:00,-5.3,,1.2,110,87,3.6,-7.1,1018,1025.9,0,.02,3.3,,5,0,Ci,,916,,19,-4.8,,,,
146,2025-01-12 09:00,-3.7,,1.2,140,78,3.6,-6.9,1018.2,1026,.7,.38,3.1,,4,0,Ci,,1096,,19,-3.9,,,,
146,2025-01-12 10:00,-1.6,,.6,140,67,3.6,-6.9,1018.4,1026.1,1,1.01,2.9,,6,3,ScCi,12,1661,,,-1,,,,
146,2025-01-12 11:00,-.4,,.7,290,59,3.5,-7.4,1018.4,1026.1,.6,1.13,2.7,,8,8,Sc,12,1913,,,-.5,,,,
146,2025-01-12 12:00,1.3,,1.1,320,55,3.7,-6.7,1017.7,1025.4,.8,1.62,2.4,,4,2,ScCi,15,2504,,,-.3,,,,
146,2025-01-12 13:00,1.9,,.9,340,53,3.7,-6.6,1016.7,1024.3,1,1.87,2,,2,0,Ci,,2509,,,.1,,,,
146,2025-01-12 14:00,2.3,,1.6,360,55,4,-5.8,1015.9,1023.5,1,1.79,1.6,,0,0,,,2744,,,3.2,,,,
146,2025-01-12 15:00,2.5,,2.4,340,55,4,-5.6,1015.9,1023.5,1,1.5,1,,0,0,,,2289,,,4.6,,,,
146,2025-01-12 16:00,2.5,,2,270,55,4,-5.6,1016.2,1023.8,1,1.02,.7,,0,0,,,1870,,,2.3,,,,
146,2025-01-12 17:00,1.8,,1.9,250,61,4.2,-4.9,1016.4,1024,1,.42,.5,,2,0,Ci,,1975,,,.6,,,,
146,2025-01-12 18:00,1,,1.4,250,65,4.3,-4.8,1017.1,1024.8,0,.05,.5,,7,4,ScCi,15,1976,,,0,,,,
146,2025-01-12 19:00,.6,,.5,200,66,4.2,-5,1017.4,1025.1,,,.5,,1,1,,,1876,,,-.3,,,,
146,2025-01-12 20:00,.2,,1,140,69,4.3,-4.8,1018.1,1025.8,,,.5,,6,5,,15,1616,,,-.3,,,,
146,2025-01-12 21:00,0,0,1,90,74,4.5,-4,1018.2,1025.9,,,.5,0,9,9,Sc,9,1219,,05,-.2,,,,
146,2025-01-12 22:00,0,,.9,160,74,4.5,-4,1018.6,1026.3,,,.5,,9,9,Sc,8,1235,,05,-.2,,,,
146,2025-01-12 23:00,-.4,,.8,140,80,4.8,-3.4,1018.9,1026.6,,,.6,,9,9,Sc,6,861,,1905,0,,,,
146,2025-01-13 00:00,-.4,0,.7,140,81,4.8,-3.2,1019,1026.7,,,.6,.1,9,9,Sc,5,964,,1905,0,,,,
146,2025-01-13 01:00,-.1,,.4,0,80,4.9,-3.1,1019.1,1026.8,,,.6,,9,9,Sc,5,905,,1905,0,,,,
146,2025-01-13 02:00,-.4,,.7,320,85,5,-2.6,1019.4,1027.1,,,.7,,9,9,Sc,3,554,,191005,0,,,,
146,2025-01-13 03:00,-.4,.1,1,340,86,5.1,-2.4,1019.4,1027.1,,,.7,.1,9,9,Sc,3,670,,1905,0,,,,
146,2025-01-13 04:00,-1.1,,1.1,140,86,4.9,-3.1,1019.4,1027.1,,,.7,,0,0,,,648,,19,-.8,,,,
146,2025-01-13 05:00,-1.1,,.7,140,89,5,-2.6,1019.6,1027.3,,,.7,,0,0,,,541,,19,-1.9,,,,
146,2025-01-13 06:00,-2.1,,1.2,140,92,4.8,-3.2,1019.8,1027.6,,,.7,,2,2,Ac,35,345,,19,-2.7,,,,
146,2025-01-13 07:00,-2.5,,1.3,140,93,4.8,-3.4,1020.3,1028.1,,,.7,,8,8,Sc,14,333,,19,-2.6,,,,
146,2025-01-13 08:00,-2,,1.5,140,91,4.8,-3.2,1020.3,1028.1,0,.01,.7,,9,9,Sc,13,450,,19,-1.7,,,,
146,2025-01-13 09:00,-.7,,1.6,140,83,4.8,-3.2,1020.5,1028.2,.2,.24,.7,,0,0,,,666,,19,-1.8,,,,
146,2025-01-13 10:00,1.7,,1.1,180,68,4.7,-3.5,1021.1,1028.8,1,1.14,.7,,0,0,,,1004,,19,-.7,,,,
146,2025-01-13 11:00,3.6,,.9,180,56,4.4,-4.3,1021.3,1028.9,1,1.51,.4,,2,2,Ac,40,1862,,,0,,,,
146,2025-01-13 12:00,4.2,,2.1,230,51,4.2,-5,1020.3,1027.9,1,1.7,,,0,0,,,2426,,,5.9,,,,
146,2025-01-13 13:00,5.3,,2.1,270,48,4.3,-4.8,1019.7,1027.3,1,1.85,,,2,2,Sc,15,2029,,,9.3,,,,
146,2025-01-13 14:00,5.5,,2.3,230,50,4.5,-4.1,1019.1,1026.6,1,1.77,,,0,0,,,1963,,,9.9,,,,
146,2025-01-13 15:00,5.8,,2.8,230,49,4.5,-4.1,1018.4,1025.9,1,1.43,,,2,0,Ci,,1438,,,8.2,,,,
146,2025-01-13 16:00,5.4,,3.6,250,50,4.5,-4.2,1018.1,1025.6,1,.98,,,2,0,Ci,,1534,,,5.4,,,,
146,2025-01-13 17:00,4.9,,1.9,250,56,4.9,-3.1,1018.1,1025.7,.8,.41,,,7,4,ScAc,15,1385,,,3.3,,,,
146,2025-01-13 18:00,3.7,,1.1,180,60,4.8,-3.3,1017.9,1025.5,0,.05,,,3,3,Sc,18,1323,,,.7,,,,
146,2025-01-13 19:00,4,,.8,180,60,4.9,-3,1018,1025.6,,,,,9,9,,16,1311,,,1.6,,,,
146,2025-01-13 20:00,3.7,,.9,140,63,5,-2.7,1018,1025.6,,,,,8,8,,16,1234,,,1.5,,,,
146,2025-01-13 21:00,3.6,,1.6,160,64,5.1,-2.5,1018.3,1025.9,,,,,9,9,Sc,15,1295,,,1.4,,,,
146,2025-01-13 22:00,3.2,,1.4,180,62,4.8,-3.3,1018.7,1026.3,,,,,0,0,,,1499,,,-.5,,,,
146,2025-01-13 23:00,1.9,,1.4,160,69,4.9,-3.1,1018.8,1026.4,,,,,0,0,,,1354,,,-.3,,,,
146,2025-01-14 00:00,2.2,,2,160,69,4.9,-2.9,1018.3,1025.9,,,,,9,9,Sc,15,1370,,,.1,,,,
146,2025-01-14 01:00,2.8,,1.7,140,65,4.9,-3.1,1018.1,1025.7,,,,,9,9,,16,1422,,,.1,,,,
146,2025-01-14 02:00,2.7,,2.4,160,66,4.9,-3,1017.8,1025.4,,,,,9,9,,18,1371,,,0,,,,
146,2025-01-14 03:00,2.9,,2.2,160,66,5,-2.8,1017.7,1025.3,,,,,9,9,Sc,16,1410,,,.1,,,,
146,2025-01-14 04:00,3.2,,2.3,160,66,5.1,-2.5,1017.3,1024.9,,,,,9,9,Sc,11,1469,,,.2,,,,
146,2025-01-14 05:00,3.4,,1.8,140,65,5.1,-2.5,1017,1024.6,,,,,8,8,Sc,15,1493,,,0,,,,
146,2025-01-14 06:00,3.3,0,2,160,68,5.3,-2,1017.2,1024.8,,,,,3,3,Sc,12,1427,,01,-.3,,,,
146,2025-01-14 07:00,3.8,,1.8,180,70,5.6,-1.1,1017.4,1025,,,,,7,7,Sc,13,1397,,,0,,,,
146,2025-01-14 08:00,3,,1.7,160,73,5.6,-1.3,1017.5,1025.1,0,.01,,,2,2,Sc,15,1258,,,-.2,,,,
146,2025-01-14 09:00,4.1,,1.5,180,73,6,-.3,1017.8,1025.4,0,.19,,,6,6,Sc,10,1163,,,.2,,,,
146,2025-01-14 10:00,6,,.8,180,67,6.2,.3,1018.3,1025.8,.9,.63,,,7,7,Sc,10,1152,,,3.7,,,,
146,2025-01-14 11:00,7.8,,3.2,250,67,7.1,2,1018.4,1025.9,.5,.95,,,8,8,Sc,10,1005,,,7.4,,,,
146,2025-01-14 12:00,8.3,,3.6,250,63,6.9,1.6,1017.9,1025.4,.9,1.42,,,3,3,Sc,12,797,,40,10,,,,
146,2025-01-14 13:00,9.1,,3.6,250,60,6.9,1.7,1017,1024.4,.9,1.63,,,4,4,Sc,10,685,,40,11.8,,,,
146,2025-01-14 14:00,8.7,,3.9,270,58,6.5,.8,1016.6,1024,1,1.45,,,3,3,Sc,10,664,,40,10.9,,,,
146,2025-01-14 15:00,8.7,,3.3,250,56,6.2,.3,1016.7,1024.1,.9,1.16,,,3,3,Sc,10,599,,40,10,,,,
146,2025-01-14 16:00,7.7,,4.5,270,50,5.3,-2,1016.9,1024.4,1,.95,,,2,2,Ac,30,1145,,40,7,,,,
146,2025-01-14 17:00,6.5,,3.6,270,66,6.3,.5,1017.1,1024.6,.2,.36,,,5,2,ScAc,10,830,,40,5,,,,
146,2025-01-14 18:00,5.4,,3.3,270,70,6.2,.3,1017.5,1025,0,.06,,,0,0,,,804,,40,2.7,,,,
146,2025-01-14 19:00,4.2,,2.9,270,73,6,-.2,1018.2,1025.8,,,,,5,1,,73,634,,40,1.5,,,,
146,2025-01-14 20:00,3.9,,2.2,290,71,5.8,-.8,1018.5,1026.1,,,,,6,6,,11,654,,40,1.3,,,,
146,2025-01-14 21:00,2.9,,1.4,360,63,4.8,-3.4,1019,1026.6,,,,,6,1,AcCi,35,998,,40,0,,,,
146,2025-01-14 22:00,2.9,,.5,340,57,4.3,-4.7,1019,1026.6,,,,,6,1,,17,1322,,40,-.5,,,,
146,2025-01-14 23:00,2.2,,2.1,340,61,4.4,-4.5,1019.7,1027.3,,,,,9,6,,13,1289,,,-.3,,,,
146,2025-01-15 00:00,1.7,0,1.8,270,79,5.5,-1.5,1020.1,1027.8,,,,,9,9,Sc,9,918,,190605,.4,,,,
146,2025-01-15 01:00,1.4,,1.3,270,85,5.8,-.8,1019.8,1027.5,,,,,9,9,Sc,11,760,,1906,.6,,,,
146,2025-01-15 02:00,1.5,,1.7,320,78,5.3,-1.9,1019.9,1027.6,,,,,9,7,,14,1053,,19,.2,,,,
146,2025-01-15 03:00,.9,0,2.6,340,66,4.3,-4.7,1020,1027.7,,,,,4,4,Sc,15,2755,,,-.5,,,,
146,2025-01-15 04:00,-.5,,3.6,360,66,3.9,-6,1020.3,1028,,,,,0,0,,,2534,,,-.6,,,,
146,2025-01-15 05:00,-1.1,,2,360,61,3.5,-7.6,1020.5,1028.2,,,,,8,8,Ac,24,2983,,,-.8,,,,
146,2025-01-15 06:00,-1.7,,2.9,360,62,3.3,-8,1020.9,1028.7,,,,,0,0,,,2736,,,-1.1,,,,
146,2025-01-15 07:00,-2.2,,2.9,360,57,3,-9.5,1021.6,1029.4,,,,,0,0,,,3289,,,-1.4,,,,
146,2025-01-15 08:00,-2.5,,2.2,360,61,3.1,-9,1022.2,1030,0,.01,,,0,0,,,1983,,,-1.7,,,,
146,2025-01-15 09:00,-1.7,,3.1,360,48,2.6,-11.2,1022.6,1030.4,.8,.34,,,0,0,,,3940,,,-1.5,,,,
146,2025-01-15 10:00,-.9,,3.5,360,44,2.5,-11.6,1023,1030.8,1,.93,,,0,0,,,4290,,,-.7,,,,
146,2025-01-15 11:00,-.3,,2.8,340,42,2.5,-11.6,1023,1030.7,1,1.47,,,4,4,Sc,13,3661,,,.1,,,,
146,2025-01-15 12:00,.7,,3.5,340,44,2.8,-10.1,1022.3,1030,1,1.72,,,3,3,Sc,14,3181,,,5.3,,,,
146,2025-01-15 13:00,2.7,,2.7,290,41,3,-9.2,1021.4,1029,1,2.12,,,7,7,Sc,14,4023,,,10.5,,,,
146,2025-01-15 14:00,1.9,,3.7,320,39,2.7,-10.6,1020.8,1028.5,.7,1.32,,,5,5,Sc,15,3761,,,7.9,,,,
146,2025-01-15 15:00,1.1,,3.4,320,39,2.6,-11.3,1020.7,1028.4,1,1.54,,,3,3,Sc,15,3776,,,6.7,,,,
146,2025-01-15 16:00,.9,,4.4,290,46,3,-9.4,1021,1028.7,1,1.17,,,0,0,,,3652,,,3.4,,,,
146,2025-01-15 17:00,.2,,3.3,270,50,3.1,-9,1021.3,1029,1,.61,,,0,0,,,3704,,,.6,,,,
146,2025-01-15 18:00,-1.3,,2.6,290,56,3.1,-8.9,1022,1029.8,.4,.08,,,0,0,,,3488,,,-.5,,,,
146,2025-01-15 19:00,-1.6,,3.4,290,57,3.1,-9,1022.6,1030.4,,,,,0,0,,,3666,,,-.8,,,,
146,2025-01-15 20:00,-2.2,,1.8,340,60,3.1,-8.9,1022.7,1030.5,,,,,0,0,,,3420,,,-1.1,,,,
146,2025-01-15 21:00,-1.9,,1.8,360,56,3,-9.5,1022.6,1030.4,,,,,9,9,Sc,14,4171,,,-1.1,,,,
146,2025-01-15 22:00,-2.3,,1.5,340,57,3,-9.6,1022.8,1030.6,,,,,9,8,,10,4436,,,-1.2,,,,
146,2025-01-15 23:00,-2.7,,.9,50,56,2.8,-10.2,1022.8,1030.6,,,,,0,0,,,4111,,,-1.6,,,,
146,2025-01-16 00:00,-2.4,,1.4,50,58,3,-9.5,1022.7,1030.5,,,,,9,9,Sc,13,4255,,,-1.4,,,,
146,2025-01-16 01:00,-2.2,,1.3,70,60,3.1,-8.9,1022.1,1029.9,,,,,9,9,,13,4649,,,-1.3,,,,
146,2025-01-16 02:00,-2.2,,0,0,59,3.1,-9.1,1021.3,1029.1,,,,,8,8,,13,4759,,,-1.4,,,,
146,2025-01-16 03:00,-1.9,,1.5,140,58,3.1,-9,1020.9,1028.7,,,,,9,9,Sc,13,4844,,,-1.4,,,,
146,2025-01-16 04:00,-1.6,,1.3,180,60,3.3,-8.3,1020.1,1027.9,,,,,9,9,Sc,13,4483,,,-1.3,,,,
146,2025-01-16 05:00,-1.5,,.8,140,61,3.3,-8,1019.6,1027.4,,,,,9,9,Sc,12,4876,,,-1.2,,,,
146,2025-01-16 06:00,-1.3,,.7,180,64,3.6,-7.2,1019.5,1027.2,,,,,9,9,Sc,12,4622,,,-1.1,,,,
146,2025-01-16 07:00,-1,,.7,180,62,3.5,-7.3,1019.5,1027.2,,,,,9,9,Sc,12,4726,,,-1.1,,,,
146,2025-01-16 08:00,-.9,,.9,140,63,3.6,-7,1019.6,1027.3,0,0,,,9,9,Sc,13,4547,,,-1,,,,
146,2025-01-16 09:00,-.2,,.5,110,62,3.7,-6.6,1019.9,1027.6,0,.09,,,9,9,Sc,13,4335,,,-.8,,,,
146,2025-01-16 10:00,1.1,,.7,160,58,3.8,-6.2,1020.2,1027.9,.1,.5,,,3,3,Sc,15,3795,,,-.6,,,,
146,2025-01-16 11:00,3.7,,1,250,54,4.3,-4.7,1019.8,1027.4,1,1.33,,,6,6,Sc,12,3770,,,.9,,,,
146,2025-01-16 12:00,3.9,,2.9,250,60,4.9,-3.1,1018.8,1026.4,.6,1.3,,,7,7,Sc,9,3406,,,5.5,,,,
146,2025-01-16 13:00,4.2,,2.4,290,51,4.2,-5,1017.8,1025.4,.5,1.36,,,8,8,Sc,12,3870,,,6.5,,,,
146,2025-01-16 14:00,5.7,,4.1,270,48,4.4,-4.4,1017.1,1024.6,.2,.97,,,8,8,Sc,13,3401,,,8.3,,,,
146,2025-01-16 15:00,4.8,,3.9,320,52,4.5,-4.2,1016.8,1024.4,.7,1.31,,,8,8,Sc,13,2716,,,5.9,,,,
146,2025-01-16 16:00,4.8,,3.3,320,52,4.5,-4.2,1016.7,1024.3,.6,.68,,,6,6,Sc,13,2621,,,4.8,,,,
146,2025-01-16 17:00,4.3,,2.9,320,53,4.4,-4.4,1016.8,1024.4,.9,.45,,,2,0,Ci,,2442,,,2.4,,,,
146,2025-01-16 18:00,3.6,,1.5,290,56,4.4,-4.3,1017.1,1024.7,.4,.08,,,0,0,,,2442,,,.4,,,,
146,2025-01-16 19:00,3.2,,1.2,290,56,4.3,-4.7,1017.5,1025.1,,,,,0,0,,,2302,,,-.8,,,,
146,2025-01-16 20:00,2.8,,1,290,58,4.3,-4.6,1017.7,1025.3,,,,,0,0,,,2316,,,-.4,,,,
146,2025-01-16 21:00,1.4,,1.4,140,67,4.5,-4,1018.1,1025.8,,,,,5,5,Sc,13,1874,,,-.5,,,,
146,2025-01-16 22:00,1.1,,.7,160,69,4.6,-3.9,1018.3,1026,,,,,9,9,,12,1970,,,-.4,,,,
146,2025-01-16 23:00,1.4,,.9,140,69,4.7,-3.6,1018,1025.7,,,,,9,9,,12,2024,,,-.3,,,,
146,2025-01-17 00:00,1.5,,1,160,67,4.6,-3.9,1018,1025.6,,,,,8,8,,,2078,,,-.3,,,,
146,2025-01-17 01:00,1.6,,.2,0,68,4.7,-3.6,1018,1025.7,,,,,7,6,,10,1916,,,-.3,,,,
146,2025-01-17 02:00,.9,,.7,110,70,4.6,-3.9,1018.2,1025.9,,,,,0,0,,,1803,,,-.7,,,,
146,2025-01-17 03:00,-.3,,.7,340,76,4.5,-4,1018.4,1026.1,,,,,0,0,,,1653,,,-1,,,,
146,2025-01-17 04:00,-1.8,,1.6,340,86,4.6,-3.8,1018.4,1026.2,,,,,0,0,,,1005,,,-1.3,,,,
146,2025-01-17 05:00,-.9,,.4,0,82,4.7,-3.5,1018.6,1026.3,,,,,0,0,,,886,,19,-1.6,,,,
146,2025-01-17 06:00,-1,,1,290,83,4.7,-3.5,1019,1026.7,,,,,0,0,,,829,,19,-1.9,,,,
146,2025-01-17 07:00,-1.4,,1.1,290,79,4.4,-4.5,1019.6,1027.4,,,,,0,0,,,961,,19,-2.2,,,,
146,2025-01-17 08:00,-1.5,,.7,270,70,3.8,-6.2,1020.2,1028,0,.01,,,0,0,,,1280,,19,-2.6,,,,
146,2025-01-17 09:00,-.8,,.4,0,67,3.9,-6.1,1020.3,1028,.7,.3,,,0,0,,,1292,,,-1.6,,,,
146,2025-01-17 10:00,.6,,.8,250,62,4,-5.8,1020.6,1028.3,1,.89,,,0,0,,,1274,,,-.6,,,,
146,2025-01-17 11:00,2.2,,1.3,270,55,3.9,-5.9,1020.7,1028.4,1,1.45,,,0,0,,,1453,,,.4,,,,
146,2025-01-17 12:00,2.8,,2,320,46,3.5,-7.6,1020.6,1028.2,1,1.84,,,0,0,,,1795,,,7.1,,,,
146,2025-01-17 13:00,3.7,,1.7,270,36,2.9,-10,1019.6,1027.2,1,2.01,,,0,0,,,2767,,,10.5,,,,
146,2025-01-17 14:00,4.4,,1.5,320,38,3.2,-8.7,1018.8,1026.4,1,1.95,,,0,0,,,2498,,,11.8,,,,
146,2025-01-17 15:00,4.9,,2.1,270,36,3.1,-8.9,1018.7,1026.3,1,1.67,,,0,0,,,2796,,,10.1,,,,
146,2025-01-17 16:00,5.2,,2.8,270,36,3.2,-8.6,1019,1026.6,1,1.22,,,0,0,,,2625,,,6.3,,,,
146,2025-01-17 17:00,4.5,,1.5,290,40,3.4,-7.9,1019.1,1026.7,1,.6,,,0,0,,,1855,,,3.1,,,,
146,2025-01-17 18:00,2.7,,2,270,48,3.6,-7.2,1019.7,1027.3,.5,.09,,,0,0,,,3022,,,.6,,,,
146,2025-01-17 19:00,2.4,,.3,0,48,3.5,-7.5,1020.1,1027.7,,,,,0,0,,,3013,,,-.3,,,,
146,2025-01-17 20:00,1.8,,.9,140,53,3.7,-6.7,1019.9,1027.6,,,,,0,0,,,2646,,,-.4,,,,
146,2025-01-17 21:00,.7,,.4,0,61,3.9,-5.9,1019.9,1027.6,,,,,0,0,,,2001,,,-.8,,,,
146,2025-01-17 22:00,.2,,1,160,63,3.9,-6,1020.1,1027.8,,,,,0,0,,,1990,,,-1.1,,,,
146,2025-01-17 23:00,-.7,,1.5,110,67,3.9,-6,1020.2,1027.9,,,,,0,0,,,1789,,,-1.5,,,,
146,2025-01-18 00:00,-1.6,,1.6,140,70,3.8,-6.3,1019.9,1027.7,,,,,0,0,,,1709,,,-1.8,,,,
146,2025-01-18 01:00,-1.9,,1,140,72,3.8,-6.2,1019.7,1027.5,,,,,0,0,,,1690,,,-2.3,,,,
146,2025-01-18 02:00,-2.1,,1.2,140,73,3.8,-6.2,1019.8,1027.6,,,,,0,0,,,1627,,,-2.8,,,,
146,2025-01-18 03:00,-2.4,,1,140,73,3.8,-6.5,1019.7,1027.5,,,,,0,0,,,1747,,,-3.2,,,,
146,2025-01-18 04:00,-2.9,,.6,140,75,3.7,-6.7,1019.1,1026.9,,,,,0,0,,,1677,,,-3.4,,,,
146,2025-01-18 05:00,-3.1,,1.2,140,75,3.6,-6.9,1018.6,1026.4,,,,,0,0,,,1663,,,-3.5,,,,
146,2025-01-18 06:00,-3.4,,1.2,140,78,3.7,-6.6,1019.3,1027.1,,,,,0,0,,,1504,,,-3.6,,,,
146,2025-01-18 07:00,-3.7,,1.2,140,80,3.7,-6.6,1019.2,1027,,,,,0,0,,,1461,,,-3.7,,,,
146,2025-01-18 08:00,-3.6,,1.1,110,78,3.7,-6.8,1019.4,1027.2,0,.01,,,0,0,,,1441,,,-3.6,,,,
146,2025-01-18 09:00,-1.8,,1,140,70,3.8,-6.5,1019.4,1027.2,.8,.35,,,0,0,,,1326,,,-2.4,,,,
146,2025-01-18 10:00,.5,,.5,180,60,3.8,-6.3,1019.4,1027.1,1,.98,,,0,0,,,1398,,,-.7,,,,
146,2025-01-18 11:00,3.4,,.8,250,52,4.1,-5.5,1019.3,1026.9,1,1.48,,,5,0,Ci,,1594,,,.9,,,,
146,2025-01-18 12:00,5,,.7,320,42,3.7,-6.8,1018.2,1025.8,1,1.7,,,6,0,Ci,,1738,,,4.1,,,,
146,2025-01-18 13:00,7,,1.1,320,28,2.8,-10.3,1016.6,1024.1,1,1.96,,,7,0,Ci,,2926,,,8.4,,,,
146,2025-01-18 14:00,7.3,,1.9,340,33,3.4,-7.9,1016.1,1023.6,1,1.89,,,7,0,Ci,,2311,,,10.2,,,,
146,2025-01-18 15:00,8.1,,1.3,320,33,3.6,-7.2,1015.3,1022.7,1,1.41,,,7,0,Ci,,2351,,,9.3,,,,
146,2025-01-18 16:00,7.4,,1.5,360,31,3.2,-8.6,1014.7,1022.2,.7,.88,,,8,0,Ci,,2593,,,7,,,,
146,2025-01-18 17:00,6.8,,.9,290,33,3.3,-8.3,1014.9,1022.4,0,.34,,,9,0,Ci,,2535,,,4.3,,,,
146,2025-01-18 18:00,5.9,,1.2,270,33,3.1,-9.1,1015.4,1022.9,0,.06,,,9,0,Ci,,2671,,,1.8,,,,
146,2025-01-18 19:00,5.3,,1.3,270,30,2.7,-10.9,1015.3,1022.8,,,,,7,7,,59,3479,,,.1,,,,
146,2025-01-18 20:00,4,,1,250,41,3.3,-8,1015.3,1022.9,,,,,6,6,,56,2628,,,-.2,,,,
146,2025-01-18 21:00,2.9,,1,320,57,4.3,-4.7,1015,1022.6,,,,,6,0,Ci,,1641,,,-.5,,,,
146,2025-01-18 22:00,1.3,,1.6,110,60,4,-5.6,1014.7,1022.3,,,,,3,3,,,1720,,,-.8,,,,
146,2025-01-18 23:00,.1,,1.1,140,66,4.1,-5.5,1014.5,1022.2,,,,,0,0,,,1466,,,-1.1,,,,
146,2025-01-19 00:00,-.5,,1.8,140,70,4.1,-5.3,1014.3,1022,,,,,0,0,,,1303,,,-1.5,,,,
146,2025-01-19 01:00,-1,,1.4,160,72,4.1,-5.4,1014,1021.7,,,,,0,0,,,1371,,,-2,,,,
146,2025-01-19 02:00,-1.3,,1.2,140,70,3.9,-6,1013.2,1020.9,,,,,0,0,,,1564,,,-2.5,,,,
146,2025-01-19 03:00,-1.3,,.8,110,70,3.9,-6,1013.3,1021,,,,,0,0,,,1582,,,-3.2,,,,
146,2025-01-19 04:00,-2.3,,.9,180,73,3.8,-6.4,1013.2,1020.9,,,,,0,0,,,1472,,,-3.6,,,,
146,2025-01-19 05:00,-2.7,,1.7,140,75,3.8,-6.5,1012.9,1020.6,,,,,0,0,,,1398,,,-3.7,,,,
146,2025-01-19 06:00,-2.6,,1.2,140,73,3.7,-6.7,1013.1,1020.8,,,,,0,0,,,1584,,,-3.6,,,,
146,2025-01-19 07:00,-3,,2.2,140,73,3.6,-7.1,1013,1020.7,,,,,0,0,,,1440,,,-3.6,,,,
146,2025-01-19 08:00,-2.8,,1.6,160,72,3.6,-7.1,1012.8,1020.5,0,.02,,,5,0,Ci,,1702,,,-3.3,,,,
146,2025-01-19 09:00,-.8,,1.8,160,65,3.8,-6.5,1012.6,1020.3,.7,.32,,,8,3,ScCi,11,1729,,,-1.5,,,,
146,2025-01-19 10:00,2.6,,1.8,160,60,4.4,-4.3,1012.2,1019.8,.9,.74,,,6,3,ScCi,10,2116,,,-.6,,,,
146,2025-01-19 11:00,6,,1.4,160,53,5,-2.8,1011.9,1019.4,.9,1.36,,,7,7,Sc,11,2222,,,.7,,,,
146,2025-01-19 12:00,8.2,,1.4,140,52,5.7,-1,1010.9,1018.3,1,1.8,,,7,7,Sc,12,4017,,,5.7,,,,
146,2025-01-19 13:00,8.9,,.7,20,50,5.7,-.9,1010,1017.4,.4,1.29,,,7,7,Sc,12,4256,,,9,,,,
146,2025-01-19 14:00,9.1,,1.6,290,50,5.8,-.7,1009.2,1016.6,.5,1.4,,,8,8,Sc,13,4921,,,9.7,,,,
146,2025-01-19 15:00,9.6,,2.1,270,49,5.8,-.6,1008.8,1016.2,.2,.95,,,7,7,Sc,12,4644,,,9.8,,,,
146,2025-01-19 16:00,8.9,,2,270,51,5.8,-.7,1008.9,1016.3,.5,.83,,,7,7,Sc,13,4410,,,7.6,,,,
146,2025-01-19 17:00,8.5,,2.5,250,54,6,-.2,1008.9,1016.3,.4,.43,,,7,7,Sc,12,4581,,,5.9,,,,
146,2025-01-19 18:00,7.4,,1.5,270,55,5.7,-1,1009,1016.4,.3,.09,,,0,0,,,4297,,,2.6,,,,
146,2025-01-19 19:00,7.1,,.3,0,58,5.8,-.6,1009.4,1016.8,,,,,5,4,,13,3385,,,1.9,,,,
146,2025-01-19 20:00,5.7,,.3,0,65,6,-.3,1009.5,1017,,,,,0,0,,,2245,,,1.2,,,,
146,2025-01-19 21:00,4.3,,1.5,140,72,6,-.3,1009.7,1017.2,,,,,4,4,Sc,10,2151,,,.4,,,,
146,2025-01-19 22:00,3.4,,1.7,140,73,5.7,-.9,1009.7,1017.2,,,,,0,0,,,2360,,,.1,,,,
146,2025-01-19 23:00,2.9,,1.8,140,76,5.7,-.9,1009.5,1017.1,,,,,0,0,,,2336,,,-.3,,,,
146,2025-01-20 00:00,2.5,,1.5,140,78,5.7,-.9,1009.5,1017.1,,,,,6,6,Sc,10,2074,,,-.3,,,,
146,2025-01-20 01:00,2.3,,1.4,140,80,5.8,-.8,1009.4,1017,,,,,0,0,,,1827,,,-.3,,,,
146,2025-01-20 02:00,1.7,,1.3,140,82,5.7,-1,1009.2,1016.8,,,,,0,0,,,1912,,,-.4,,,,
146,2025-01-20 03:00,1.5,,1.7,140,81,5.5,-1.4,1009.1,1016.7,,,,,3,3,Sc,10,1872,,,-.4,,,,
146,2025-01-20 04:00,1.1,,1,140,84,5.6,-1.3,1008.6,1016.2,,,,,5,5,Sc,10,1591,,,-.6,,,,
146,2025-01-20 05:00,.7,,1.4,140,86,5.6,-1.3,1008.2,1015.8,,,,,0,0,,,1398,,,-.8,,,,
146,2025-01-20 06:00,1,,1.5,160,86,5.7,-1,1008.2,1015.8,,,,,9,9,Sc,10,1420,,,-.8,,,,
146,2025-01-20 07:00,1.6,,1.2,270,86,5.9,-.4,1008.7,1016.3,,,,,9,9,Sc,9,1154,,,-.7,,,,
146,2025-01-20 08:00,1.7,,1.2,140,85,5.9,-.5,1009.1,1016.7,0,.01,,,9,9,Sc,6,1138,,,-.7,,,,
146,2025-01-20 09:00,2.4,,.9,180,81,5.9,-.5,1009.5,1017.1,0,.11,,,9,9,St,5,1278,,,-.6,,,,
146,2025-01-20 10:00,4.2,,.6,180,77,6.3,.5,1009.9,1017.4,0,.38,,,9,9,St,5,1120,,,.4,,,,
146,2025-01-20 11:00,4.9,,.2,0,78,6.7,1.3,1010,1017.5,0,.5,,,9,9,St,7,718,,19,3,,,,
146,2025-01-20 12:00,5.4,,2.1,270,75,6.7,1.3,1009.7,1017.2,0,.59,,,10,10,St,5,395,,19,5.5,,,,
146,2025-01-20 13:00,6.5,,2.6,270,61,5.9,-.4,1009,1016.4,.6,1.35,,,7,7,Sc,12,640,,4019,8.9,,,,
146,2025-01-20 14:00,6.9,,3.1,270,60,6,-.3,1008.6,1016,.3,1.02,,,8,8,Sc,13,763,,40,8.9,,,,
146,2025-01-20 15:00,7.6,,1.9,270,51,5.3,-1.9,1008.4,1015.8,.7,1.32,,,7,7,Sc,11,1196,,40,10.2,,,,
146,2025-01-20 16:00,6.8,,2.2,320,50,4.9,-2.9,1008.8,1016.2,.2,.58,,,7,7,Sc,14,917,,40,6.6,,,,
146,2025-01-20 17:00,6.3,,2.6,270,59,5.6,-1.1,1009.3,1016.8,0,.25,,,8,8,Sc,15,746,,40,5,,,,
146,2025-01-20 18:00,5.5,,2.7,270,65,5.9,-.5,1010.2,1017.7,0,.04,,,8,8,Sc,16,770,,40,3.2,,,,
146,2025-01-20 19:00,4.5,,2.7,270,67,5.6,-1.1,1010.8,1018.3,,,,,0,0,,,531,,40,1.5,,,,
146,2025-01-20 20:00,3.9,,2.1,270,70,5.7,-1,1011.3,1018.8,,,,,0,0,,,431,,40,.4,,,,
146,2025-01-20 21:00,3.7,,1.1,270,77,6.1,0,1011.9,1019.4,,,,,0,0,,,359,,40,-.3,,,,
146,2025-01-20 22:00,2.6,,1.3,140,78,5.8,-.8,1012.4,1020,,,,,0,0,,,355,,40,-.2,,,,
146,2025-01-20 23:00,1.2,,1.1,140,84,5.6,-1.2,1012.7,1020.3,,,,,0,0,,,329,,4019,-.4,,,,
146,2025-01-21 00:00,1,,.9,160,85,5.6,-1.2,1012.8,1020.4,,,,,0,0,,,302,,19,-.8,,,,
146,2025-01-21 01:00,.4,,.7,140,88,5.6,-1.3,1013,1020.6,,,,,0,0,,,267,,19,-1.1,,,,
146,2025-01-21 02:00,.1,,1.3,110,88,5.4,-1.6,1013.3,1021,,,,,0,0,,,266,,19,-1.3,,,,
146,2025-01-21 03:00,-.4,,.4,0,89,5.3,-1.9,1013.5,1021.2,,,,,0,0,,,244,,19,-1.6,,,,
146,2025-01-21 04:00,-.1,,1,110,89,5.4,-1.7,1013.9,1021.6,,,,,0,0,,,239,,19,-1.8,,,,
146,2025-01-21 05:00,-.9,,1.3,140,91,5.2,-2.1,1014,1021.7,,,,,0,0,,,188,,19,-2,,,,
146,2025-01-21 06:00,-1.2,,.9,140,93,5.2,-2.1,1014.4,1022.1,,,,,0,0,,,165,,19,-2.2,,,,
146,2025-01-21 07:00,-1,,1.8,140,93,5.3,-1.9,1014.4,1022.1,,,,,0,0,,,160,,19,-2.5,,,,
146,2025-01-21 08:00,-1.1,,1.5,140,94,5.3,-1.9,1014.9,1022.6,0,.01,,,0,0,,,152,,19,-2.6,,,,
146,2025-01-21 09:00,0,,.3,0,88,5.4,-1.7,1015.3,1023,.6,.3,,,0,0,,,197,,19,-1.4,,,,
146,2025-01-21 10:00,2.3,,.5,50,79,5.7,-.9,1016,1023.6,1,.82,,,0,0,,,273,,19,-.5,,,,
146,2025-01-21 11:00,3.7,,1.1,360,75,6,-.3,1016.3,1023.9,1,1.25,,,0,0,,,287,,19,.8,,,,
146,2025-01-21 12:00,5.9,,.7,320,59,5.5,-1.5,1016,1023.5,1,1.64,,,0,0,,,495,,4019,8.3,,,,
146,2025-01-21 13:00,6.8,,1.4,320,55,5.4,-1.6,1015.4,1022.9,1,1.84,,,0,0,,,469,,40,11.4,,,,
146,2025-01-21 14:00,7.4,,2.2,340,50,5.2,-2.3,1015.1,1022.6,1,1.75,,,0,0,,,531,,40,11.9,,,,
146,2025-01-21 15:00,8.1,,1.9,340,47,5.1,-2.5,1015,1022.4,1,1.51,,,0,0,,,661,,40,10.7,,,,
146,2025-01-21 16:00,7.9,,1.2,290,48,5.1,-2.4,1015,1022.5,1,1.04,,,0,0,,,694,,40,8.1,,,,
146,2025-01-21 17:00,7.1,,1.3,270,54,5.5,-1.5,1015.4,1022.9,1,.5,,,0,0,,,625,,40,5.1,,,,
146,2025-01-21 18:00,6,,1.3,270,61,5.7,-.9,1015.5,1023,.1,.08,,,0,0,,,564,,40,2.5,,,,
146,2025-01-21 19:00,5.2,,.9,270,70,6.2,.1,1016,1023.5,,,,,0,0,,,535,,40,1.1,,,,
146,2025-01-21 20:00,4.3,,.5,320,76,6.3,.4,1016.4,1024,,,,,0,0,,,496,,40,.2,,,,
146,2025-01-21 21:00,3.4,,1.1,110,74,5.8,-.8,1016.5,1024.1,,,,,0,0,,,448,,40,.1,,,,
146,2025-01-21 22:00,2,,1,140,79,5.6,-1.2,1017,1024.6,,,,,0,0,,,411,,4019,-.2,,,,
146,2025-01-21 23:00,1.3,,1.2,160,81,5.4,-1.6,1017.1,1024.8,,,,,0,0,,,390,,19,-.4,,,,
146,2025-01-22 00:00,.7,,1.4,140,84,5.4,-1.7,1017,1024.7,,,,,0,0,,,348,,19,-.7,,,,
146,2025-01-22 01:00,.1,,1.1,140,85,5.2,-2.1,1016.8,1024.5,,,,,0,0,,,312,,19,-1,,,,
146,2025-01-22 02:00,-.4,,.9,140,87,5.2,-2.3,1017.4,1025.1,,,,,0,0,,,282,,19,-1.3,,,,
146,2025-01-22 03:00,-.3,,1.6,160,88,5.3,-2,1017.9,1025.6,,,,,0,0,,,256,,19,-1.5,,,,
146,2025-01-22 04:00,-.8,,1.2,140,90,5.2,-2.2,1017.9,1025.6,,,,,0,0,,,232,,19,-1.8,,,,
146,2025-01-22 05:00,-.5,,2.1,140,89,5.3,-2,1017.8,1025.5,,,,,0,0,,,243,,19,-1.7,,,,
146,2025-01-22 06:00,-.6,,1.3,160,89,5.2,-2.1,1017.7,1025.4,,,,,0,0,,,239,,19,-1.8,,,,
146,2025-01-22 07:00,-.1,,1.9,160,90,5.5,-1.5,1017.6,1025.3,,,,,0,0,,,281,,19,-2,,,,
146,2025-01-22 08:00,.1,,1.5,160,89,5.5,-1.5,1017.9,1025.6,0,.02,,,5,0,Ci,,313,,19,-2,,,,
146,2025-01-22 09:00,1.9,,2.2,140,76,5.4,-1.8,1018,1025.6,.2,.25,,,2,0,Ci,,589,,19,-.9,,,,
146,2025-01-22 10:00,4.2,,1.2,160,69,5.7,-.9,1018.5,1026.1,1,.7,,,4,0,Ci,,716,,4019,-.5,,,,
146,2025-01-22 11:00,6.4,,.8,140,61,5.9,-.5,1018.3,1025.8,1,1.21,,,6,0,Ci,,841,,40,3,,,,
146,2025-01-22 12:00,8.7,,1,250,59,6.6,1.1,1017.8,1025.2,1,1.49,,,0,0,,,1091,,40,9.3,,,,
146,2025-01-22 13:00,9.8,,2,290,61,7.4,2.6,1017.3,1024.7,1,1.65,,,5,5,Sc,8,1142,,,11.5,,,,
146,2025-01-22 14:00,8.9,,2.8,270,63,7.2,2.2,1017.1,1024.5,.5,1.14,,,9,4,ScCi,8,890,,40,10.5,,,,
146,2025-01-22 15:00,8.5,,2.2,270,67,7.4,2.7,1016.8,1024.2,.2,.76,,,8,5,ScCi,7,762,,40,9,,,,
146,2025-01-22 16:00,8.1,,2.4,270,68,7.3,2.5,1017,1024.5,.2,.49,,,8,4,ScCi,7,550,,40,7.3,,,,
146,2025-01-22 17:00,7.6,,2.3,270,74,7.7,3.2,1017.1,1024.6,0,.25,,,9,2,ScCi,6,521,,40,6.3,,,,
146,2025-01-22 18:00,6.8,,1.6,270,79,7.8,3.4,1016.9,1024.4,0,.06,,,8,2,ScCi,9,496,,40,4.4,,,,
146,2025-01-22 19:00,6.1,,.8,270,83,7.8,3.4,1016.7,1024.2,,,,,8,7,,5,391,,4019,3.2,,,,
146,2025-01-22 20:00,5.6,,1.1,250,86,7.8,3.4,1017.2,1024.7,,,,,5,0,,,342,,19,2.1,,,,
146,2025-01-22 21:00,5.2,,.6,250,89,7.8,3.5,1017.6,1025.1,,,,,8,8,Sc,8,273,,19,1.5,,,,
146,2025-01-22 22:00,4.6,,.2,0,89,7.5,2.9,1017.8,1025.4,,,,,5,5,,5,229,,19,1.5,,,,
146,2025-01-22 23:00,4.3,,.7,250,90,7.4,2.7,1018,1025.6,,,,,6,6,,4,244,,19,1.7,,,,
146,2025-01-23 00:00,4.4,,.7,230,79,6.6,1,1018.3,1025.9,,,,,8,8,,,438,,19,2.2,,,,
146,2025-01-23 01:00,3.5,,.8,180,79,6.2,.1,1018.2,1025.8,,,,,5,2,,44,498,,19,.1,,,,
146,2025-01-23 02:00,3,,.7,160,87,6.6,1,1018.1,1025.7,,,,,0,0,,,318,,19,0,,,,
146,2025-01-23 03:00,2.2,,.8,140,89,6.3,.5,1018,1025.6,,,,,0,0,,,297,,19,-.2,,,,
146,2025-01-23 04:00,1.3,,.3,0,89,6,-.3,1017.7,1025.4,,,,,0,0,,,280,,19,-.5,,,,
146,2025-01-23 05:00,1,,.5,160,93,6.1,0,1017.5,1025.2,,,,,2,2,Sc,15,217,,19,-.7,,,,
146,2025-01-23 06:00,.1,,1,140,92,5.7,-1,1017.6,1025.3,,,,,0,0,,,211,,19,-1,,,,
146,2025-01-23 07:00,-.3,,.8,140,93,5.6,-1.2,1018.2,1025.9,,,,,0,0,,,224,,19,-1.3,,,,
146,2025-01-23 08:00,-.4,,.7,160,94,5.6,-1.2,1018.6,1026.3,0,.01,,,0,0,,,220,,19,-1.5,,,,
146,2025-01-23 09:00,-.1,,.1,0,89,5.4,-1.7,1018.9,1026.6,.5,.3,,,0,0,,,220,,19,-.9,,,,
146,2025-01-23 10:00,2.5,,.5,250,81,5.9,-.4,1019.1,1026.7,1,.89,,,8,8,Ac,40,363,,19,-.4,,,,
146,2025-01-23 11:00,2.7,,2,340,87,6.4,.7,1019.2,1026.8,.8,1.16,,,0,0,,,186,,19,5.2,,,,
146,2025-01-23 12:00,4.8,,1.4,340,75,6.4,.7,1018.4,1026,1,1.57,,,0,0,,,326,,19,9.6,,,,
146,2025-01-23 13:00,6.2,,1.9,340,52,4.9,-2.9,1017.4,1024.9,1,1.86,,,0,0,,,766,,4019,12,,,,
146,2025-01-23 14:00,8.3,,1.8,340,37,4.1,-5.5,1016.7,1024.2,1,1.86,,,0,0,,,1261,,40,12.7,,,,
146,2025-01-23 15:00,8.7,,1.2,340,35,3.9,-5.9,1016.2,1023.6,1,1.58,,,0,0,,,1316,,,11.6,,,,
146,2025-01-23 16:00,8.8,,1.7,340,37,4.2,-5.1,1016.1,1023.5,1,1.13,,,0,0,,,1219,,,8.6,,,,
146,2025-01-23 17:00,8.4,,1.7,320,30,3.3,-8.2,1016,1023.4,1,.58,,,0,0,,,2638,,,5,,,,
146,2025-01-23 18:00,7.3,,1.2,270,37,3.8,-6.4,1016.1,1023.6,.4,.1,,,0,0,,,2011,,,2.3,,,,
146,2025-01-23 19:00,5.7,,1.1,270,50,4.6,-3.9,1016.6,1024.1,,,,,0,0,,,1946,,,.8,,,,
146,2025-01-23 20:00,4.5,,.2,0,54,4.5,-4,1016.9,1024.5,,,,,0,0,,,1987,,,.4,,,,
146,2025-01-23 21:00,3.1,,1.4,140,58,4.4,-4.3,1016.9,1024.5,,,,,0,0,,,1610,,,0,,,,
146,2025-01-23 22:00,2.4,,1,160,61,4.4,-4.3,1017.4,1025,,,,,0,0,,,1451,,,-.5,,,,
146,2025-01-23 23:00,1.9,,.2,0,64,4.5,-4.2,1018.3,1025.9,,,,,0,0,,,1385,,,-.9,,,,
146,2025-01-24 00:00,.5,,1.4,140,69,4.4,-4.5,1018.6,1026.3,,,,,6,0,Ci,,1296,,,-1.3,,,,
146,2025-01-24 01:00,.2,,1.4,110,70,4.3,-4.6,1018.5,1026.2,,,,,4,0,,,1311,,,-1.6,,,,
146,2025-01-24 02:00,-.3,,.6,140,72,4.3,-4.7,1018.7,1026.4,,,,,0,0,,,1282,,,-1.9,,,,
146,2025-01-24 03:00,-.6,,1,140,74,4.3,-4.6,1018.6,1026.3,,,,,0,0,,,1179,,,-2.3,,,,
146,2025-01-24 04:00,-1.2,,1.1,140,75,4.2,-5,1018.2,1025.9,,,,,0,0,,,1239,,,-2.8,,,,
146,2025-01-24 05:00,-1.6,,.7,70,77,4.2,-5.1,1018.2,1025.9,,,,,0,0,,,1152,,,-3.3,,,,
146,2025-01-24 06:00,-1.7,,1.2,140,77,4.2,-5.2,1017.9,1025.6,,,,,0,0,,,1182,,,-3.6,,,,
146,2025-01-24 07:00,-2.2,,1.3,140,78,4.1,-5.5,1018,1025.8,,,,,0,0,,,1212,,,-3.7,,,,
146,2025-01-24 08:00,-2,,.8,110,78,4.1,-5.3,1018.5,1026.3,0,.01,,,0,0,,,1192,,,-3.5,,,,
146,2025-01-24 09:00,-.1,,0,0,67,4.1,-5.5,1019.2,1026.9,.8,.37,,,0,0,,,1190,,,-2.1,,,,
146,2025-01-24 10:00,2.1,,.4,0,60,4.3,-4.8,1019.2,1026.8,1,.99,,,0,0,,,1324,,,-.6,,,,
146,2025-01-24 11:00,4.5,,1,320,49,4.1,-5.3,1019.4,1027,1,1.53,,,0,0,,,1721,,,2.7,,,,
146,2025-01-24 12:00,5.9,,1.4,340,40,3.7,-6.6,1018.7,1026.2,1,1.91,,,0,0,,,1846,,,8.8,,,,
146,2025-01-24 13:00,8,,1.6,340,33,3.5,-7.3,1017.5,1025,1,2.05,,,0,0,,,2519,,,12.2,,,,
146,2025-01-24 14:00,9.9,,1.8,290,31,3.8,-6.4,1016.6,1024,1,2.01,,,0,0,,,2137,,,13.5,,,,
146,2025-01-24 15:00,10.5,,1.9,290,28,3.6,-7.2,1016.5,1023.9,1,1.62,,,2,0,Ci,,1827,,,11.4,,,,
146,2025-01-24 16:00,10.3,,2.9,320,22,2.8,-10.5,1016.3,1023.7,1,1.13,,,0,0,,,2511,,,8.1,,,,
146,2025-01-24 17:00,9.2,,1.8,320,25,2.9,-9.8,1016.5,1023.9,1,.6,,,0,0,,,2667,,,4.6,,,,
146,2025-01-24 18:00,7.8,,1.9,320,27,2.9,-10,1017.2,1024.7,.3,.1,,,0,0,,,2428,,,1.8,,,,
146,2025-01-24 19:00,6.9,,1.5,340,29,2.9,-9.9,1017.9,1025.4,,,,,0,0,,,2114,,,.3,,,,
146,2025-01-24 20:00,5.6,,1,320,40,3.6,-6.9,1018.6,1026.1,,,,,0,0,,,1669,,,-.3,,,,
146,2025-01-24 21:00,4.8,,1,110,47,4.1,-5.5,1019.1,1026.7,,,,,0,0,,,1622,,,-.5,,,,
146,2025-01-24 22:00,2.8,,1.4,140,52,3.9,-6.1,1019.4,1027,,,,,0,0,,,1687,,,-.8,,,,
146,2025-01-24 23:00,2.1,,.7,160,55,3.9,-6,1019.2,1026.8,,,,,0,0,,,1630,,,-1.3,,,,
146,2025-01-25 00:00,1.1,,.9,160,60,4,-5.8,1019.2,1026.9,,,,,0,0,,,1571,,,-1.6,,,,
146,2025-01-25 01:00,-.2,,1.2,140,64,3.8,-6.2,1019.2,1026.9,,,,,0,0,,,1567,,,-1.9,,,,
146,2025-01-25 02:00,-.4,,1.8,140,63,3.8,-6.5,1019.6,1027.3,,,,,0,0,,,1573,,,-2.3,,,,
146,2025-01-25 03:00,-.5,,1.1,110,63,3.7,-6.6,1019.9,1027.6,,,,,0,0,,,1574,,,-2.8,,,,
146,2025-01-25 04:00,-1.2,,1.4,140,66,3.7,-6.7,1019.8,1027.5,,,,,0,0,,,1547,,,-3.1,,,,
146,2025-01-25 05:00,-1.5,,1.6,140,64,3.5,-7.4,1019.7,1027.5,,,,,0,0,,,1645,,,-3.2,,,,
146,2025-01-25 06:00,-1.5,,1.2,110,65,3.6,-7.2,1020.3,1028.1,,,,,0,0,,,1624,,,-3.3,,,,
146,2025-01-25 07:00,-2.3,,1.4,160,69,3.6,-7.2,1020.7,1028.5,,,,,0,0,,,1575,,,-3.4,,,,
146,2025-01-25 08:00,-1.7,,1,160,68,3.7,-6.8,1020.7,1028.5,0,.01,,,0,0,,,1417,,,-3,,,,
146,2025-01-25 09:00,1.3,,.2,0,54,3.6,-7,1020.8,1028.5,.8,.38,,,0,0,,,1243,,,-1.7,,,,
146,2025-01-25 10:00,4.3,,.4,0,50,4.2,-5.2,1021.5,1029.1,1,1.01,,,0,0,,,1675,,,.8,,,,
146,2025-01-25 11:00,7.2,,1.1,340,51,5.2,-2.2,1021.6,1029.1,1,1.55,,,0,0,,,2049,,,4.7,,,,
146,2025-01-25 12:00,9.6,,1.1,20,47,5.6,-1.1,1020.4,1027.8,1,1.93,,,0,0,,,3248,,,11.5,,,,
146,2025-01-25 13:00,10.8,,1.7,110,39,5,-2.6,1019.2,1026.6,1,2.13,,,0,0,,,4822,,,14.9,,,,
146,2025-01-25 14:00,11.8,,1.2,50,37,5.1,-2.4,1018.4,1025.8,1,2.14,,,4,4,Sc,15,4580,,,16.4,,,,
146,2025-01-25 15:00,12.6,,.9,360,38,5.6,-1.3,1017.8,1025.1,1,2.05,,,6,6,Sc,15,3986,,,15.4,,,,
146,2025-01-25 16:00,11.4,,1.8,20,39,5.3,-2,1017.9,1025.3,.9,1.43,,,7,7,Sc,18,4276,,,12.8,,,,
146,2025-01-25 17:00,10.2,,2.6,70,39,4.9,-3.1,1018.2,1025.6,.1,.35,,,8,8,Sc,18,5000,,,7.9,,,,
146,2025-01-25 18:00,8.8,,2.5,70,44,5,-2.8,1019,1026.5,0,.06,,,7,7,Sc,15,4985,,,4.7,,,,
146,2025-01-25 19:00,7.8,,1.3,90,45,4.8,-3.4,1019.8,1027.3,,,,,7,7,,20,4996,,,3.2,,,,
146,2025-01-25 20:00,6.8,,1.3,90,47,4.6,-3.7,1019.9,1027.4,,,,,0,0,,,4905,,,1.3,,,,
146,2025-01-25 21:00,6.1,,1.7,70,50,4.7,-3.5,1020.3,1027.8,,,,,0,0,,,5000,,,.4,,,,
146,2025-01-25 22:00,5.2,,1.3,90,54,4.8,-3.3,1020.7,1028.3,,,,,0,0,,,4729,,,-.4,,,,
146,2025-01-25 23:00,4.7,,1.2,70,58,5,-2.8,1021.1,1028.7,,,,,0,0,,,4343,,,-.3,,,,
146,2025-01-26 00:00,4.3,,1,110,60,5,-2.7,1021.3,1028.9,,,,,0,0,,,3807,,,-.5,,,,
146,2025-01-26 01:00,4,,1.4,110,59,4.8,-3.3,1021.4,1029,,,,,0,0,,,4135,,,-.8,,,,
146,2025-01-26 02:00,4,,1.6,90,58,4.7,-3.5,1021.8,1029.4,,,,,3,0,,,4545,,,-1,,,,
146,2025-01-26 03:00,4.3,,1,90,53,4.4,-4.4,1021.8,1029.4,,,,,6,6,Sc,18,4994,,,-1.2,,,,
146,2025-01-26 04:00,3.7,,2,90,54,4.3,-4.7,1021.3,1028.9,,,,,0,0,,,4919,,,-1.6,,,,
146,2025-01-26 05:00,3.5,,2.2,90,53,4.2,-5.2,1020.2,1027.8,,,,,0,0,,,4948,,,-1.7,,,,
146,2025-01-26 06:00,4.1,,1.6,90,47,3.8,-6.2,1019.9,1027.5,,,,,0,0,,,5000,,,-1.8,,,,
146,2025-01-26 07:00,3.7,,.3,0,49,3.9,-6,1020.1,1027.7,,,,,4,0,Ci,,4976,,,-2,,,,
146,2025-01-26 08:00,4.2,,.9,110,48,4,-5.8,1020,1027.6,0,.02,,,9,0,Ci,,4896,,,-1.4,,,,
146,2025-01-26 09:00,3.9,,.3,0,53,4.3,-4.8,1020.3,1027.9,0,.23,,,9,0,Ci,,4343,,,-.7,,,,
146,2025-01-26 10:00,4.9,,.8,340,52,4.5,-4.1,1020.5,1028.1,.6,.72,,,6,0,Ci,,3081,,,1.3,,,,
146,2025-01-26 11:00,6.7,,1.2,320,46,4.5,-4.1,1020.4,1027.9,1,1.26,,,8,0,Ci,,4135,,,7.6,,,,
146,2025-01-26 12:00,6.8,,1.2,320,43,4.2,-4.9,1019.1,1026.6,.9,1.4,,,8,0,Ci,,4542,,,9.2,,,,
146,2025-01-26 13:00,7.6,,1.9,340,42,4.4,-4.5,1017.5,1025,.2,1,,,9,0,Ci,,4291,,,9.7,,,,
146,2025-01-26 14:00,8.3,,.8,340,41,4.5,-4.2,1016.5,1024,0,.79,,,9,2,AcCi,35,4191,,,8.9,,,,
146,2025-01-26 15:00,8.2,,1.4,320,41,4.5,-4.2,1016.2,1023.7,0,.52,,,10,10,As,35,4387,,,7.8,,,,
146,2025-01-26 16:00,8,,1,20,42,4.5,-4.1,1015.6,1023.1,0,.44,,,10,10,As,30,4287,,,6.7,,,,
146,2025-01-26 17:00,7.9,,1.2,360,43,4.6,-3.9,1015.2,1022.7,0,.25,,,10,10,As,25,3955,,,6,,,,
146,2025-01-26 18:00,7.2,,1.5,250,46,4.7,-3.6,1015.1,1022.6,0,.04,,,10,2,ScAs,15,4295,,,3.8,,,,
146,2025-01-26 19:00,6.6,,1.5,250,51,5,-2.8,1015,1022.5,,,,,10,10,,22,4540,,,3.1,,,,
146,2025-01-26 20:00,5.9,,.9,250,56,5.2,-2.2,1014.5,1022,,,,,10,7,,19,4007,,,2.9,,,,
146,2025-01-26 21:00,5.4,,.7,340,60,5.4,-1.7,1014.3,1021.8,,,,,9,9,Sc,16,2629,,,2.9,,,,
146,2025-01-26 22:00,4.7,,2.3,140,73,6.2,.2,1014,1021.5,,,,,10,9,ScAs,8,1656,,01,2.9,,,,
146,2025-01-26 23:00,3.6,,1.5,160,85,6.7,1.3,1013.3,1020.9,,,,,9,9,Sc,7,2409,,01,2.7,,,,
146,2025-01-27 00:00,3.6,.2,1.9,140,84,6.6,1.1,1012.2,1019.7,,,,,10,8,,,2921,,01,2.4,,,,
146,2025-01-27 01:00,3.8,,1.6,110,82,6.6,1,1011.2,1018.7,,,,,9,9,Sc,15,3129,,01,2.3,,,,
146,2025-01-27 02:00,4.1,,.7,140,78,6.4,.6,1010.6,1018.1,,,,,10,7,,12,3174,,,2.4,,,,
146,2025-01-27 03:00,4,0,1,160,80,6.5,.8,1010.2,1017.7,,,,,10,8,ScAs,9,2291,,01,2.5,,,,
146,2025-01-27 04:00,3.3,,1.3,180,90,7,1.8,1009.4,1016.9,,,,,10,9,StNs,6,1764,,1901,2.5,,,,
146,2025-01-27 05:00,3.2,,1.2,230,92,7.1,2,1009,1016.5,,,,,10,9,StNs,3,891,,1901,2.6,,,,
146,2025-01-27 06:00,1.7,1.9,2.1,230,96,6.6,1.1,1009,1016.6,,,,,10,9,StNs,1,611,,190601,1.6,,,,
146,2025-01-27 07:00,.9,,1.8,250,97,6.3,.4,1009.6,1017.2,,,.2,,10,9,StNs,2,226,,190605,-.2,,,,
146,2025-01-27 08:00,.8,,3.6,270,98,6.3,.5,1010.5,1018.1,0,0,.4,,10,8,StNs,2,204,,1905,-.2,,,,
146,2025-01-27 09:00,.1,3.8,4.7,270,95,5.8,-.6,1011.5,1019.1,0,.06,1.2,1.2,10,9,StNs,2,284,,1905,-.2,,,,
146,2025-01-27 10:00,-.1,,2.7,270,96,5.8,-.6,1011.9,1019.6,0,.23,2.8,,10,6,StNs,2,172,,1905,.9,,,,
146,2025-01-27 11:00,-.1,,1.8,250,96,5.8,-.6,1011.9,1019.6,0,.2,4,,10,9,StNs,1,171,,1905,.2,,,,
146,2025-01-27 12:00,.6,1.3,1.1,230,91,5.8,-.7,1011,1018.6,.2,.43,4.3,3.1,9,8,StNs,2,1180,,1905,1.9,,,,
146,2025-01-27 13:00,1,,3.3,270,72,4.8,-3.4,1010.2,1017.8,.3,.63,3.5,,8,8,Sc,9,1493,,05,4,,,,
146,2025-01-27 14:00,.2,,3.6,270,68,4.2,-5,1009.8,1017.4,.2,.61,3,,10,5,ScAs,9,1386,,,2,,,,
146,2025-01-27 15:00,.7,0,1.6,270,71,4.6,-3.9,1009.3,1016.9,.4,.58,2.8,0,6,6,Sc,6,2189,,05,4.9,,,,
146,2025-01-27 16:00,1.1,,2.8,250,62,4.1,-5.3,1008.8,1016.4,.7,.54,2.5,,6,6,Sc,13,2435,,,2.2,,,,
146,2025-01-27 17:00,-1.3,,3.2,270,94,5.2,-2.1,1009.3,1017,.2,.24,2.5,,8,6,StAs,1,1710,,05,.2,,,,
146,2025-01-27 18:00,-1.5,.8,2.9,250,94,5.2,-2.3,1009.5,1017.2,0,.05,3.5,1,10,2,StNs,1,79,,05,.1,,,,
146,2025-01-27 19:00,-1.4,,2,270,93,5.2,-2.3,1010,1017.7,,,3.9,,9,9,Sc,2,257,,05,.1,,,,
146,2025-01-27 20:00,-1.4,,2.7,250,92,5.1,-2.5,1010,1017.7,,,4.1,,8,8,Sc,3,641,,05,.2,,,,
146,2025-01-27 21:00,-1.9,.6,3.4,270,92,4.9,-3,1010.4,1018.1,,,4.5,1,8,8,Sc,2,592,,05,.2,,,,
146,2025-01-27 22:00,-1.5,,2.5,230,90,4.9,-2.9,1010.3,1018,,,4.3,,9,9,Sc,3,743,,05,.1,,,,
146,2025-01-27 23:00,-1.5,,2.4,270,90,4.9,-2.9,1010.4,1018.1,,,5.1,,8,8,Sc,3,2075,,05,0,,,,
146,2025-01-28 00:00,-1.5,.7,4.4,270,93,5.1,-2.4,1010.5,1018.2,,,5.6,1.3,8,8,,,1984,,05,0,,,,
146,2025-01-28 01:00,-1.7,,4,250,90,4.9,-3.1,1010.2,1017.9,,,5.7,,9,9,Sc,5,601,,05,.1,,,,
146,2025-01-28 02:00,-1.3,,3.4,270,69,3.8,-6.2,1009.8,1017.5,,,5.5,,4,4,Sc,15,3950,,05,0,,,,
146,2025-01-28 03:00,-1.3,.1,3.6,250,75,4.2,-5.1,1009.7,1017.4,,,5.4,.1,5,5,Sc,5,3352,,05,.1,,,,
146,2025-01-28 04:00,-1.5,,3.8,230,75,4.1,-5.3,1009.6,1017.3,,,5.1,,8,8,Sc,8,2040,,,0,,,,
146,2025-01-28 05:00,-1.8,,3.7,250,83,4.4,-4.3,1009.3,1017,,,5,,8,8,Sc,10,2852,,05,-.3,,,,
146,2025-01-28 06:00,-1.7,.2,3.8,230,82,4.4,-4.3,1009.2,1016.9,,,4.8,0,6,6,Sc,8,3100,,,-.6,,,,
146,2025-01-28 07:00,-1.8,,4,230,84,4.5,-4.1,1009.2,1016.9,,,4.7,,6,6,Sc,10,2749,,,-1.5,,,,
146,2025-01-28 08:00,-1.2,,3.7,250,77,4.3,-4.7,1010,1017.7,0,.01,4.5,,10,9,StNs,7,3077,,05,-1.7,,,,
146,2025-01-28 09:00,-1.7,1.7,4.1,270,97,5.2,-2.1,1010.4,1018.1,0,.06,8.2,3.7,10,9,StNs,1,72,,05,-.9,,,,
146,2025-01-28 10:00,-1,,3.1,270,93,5.3,-1.9,1011,1018.7,.1,.45,8.8,,8,4,ScAs,6,609,,05,-.7,,,,
146,2025-01-28 11:00,-.7,,2.8,290,86,5,-2.7,1011.1,1018.8,0,.42,9,,10,9,StNs,3,1669,,1005,-.6,,,,
146,2025-01-28 12:00,-.7,2.5,4.2,250,94,5.5,-1.5,1010.8,1018.5,.1,.57,8.5,.8,10,8,ScAs,10,2130,,05,-.5,,,,
146,2025-01-28 13:00,-.5,,4.4,270,88,5.2,-2.2,1010.7,1018.4,.2,.84,8.8,,10,8,StNs,2,537,,05,-.4,,,,
146,2025-01-28 14:00,-1.4,,3.6,250,97,5.4,-1.8,1010.3,1018,0,.36,10.5,,10,9,StNs,2,189,,05,-.2,,,,
146,2025-01-28 15:00,-1.1,2.3,3.6,270,99,5.6,-1.2,1010.5,1018.2,0,.35,13,4.5,10,8,StNs,1,516,,05,-.2,,,,
146,2025-01-28 16:00,-.9,,3.3,270,99,5.7,-1,1011.1,1018.8,0,.36,13.5,,10,9,StNs,1,1302,,05,-.3,,,,
146,2025-01-28 17:00,-.2,,2.4,320,85,5.1,-2.4,1011.7,1019.4,0,.25,13.6,,10,9,StNs,6,2013,,05,-.2,,,,
146,2025-01-28 18:00,-1.3,1.2,3.3,270,93,5.2,-2.2,1012.2,1019.9,0,.05,14,1,10,8,StNs,1,55,,05,-.2,,,,
146,2025-01-28 19:00,-1.1,,2.7,270,92,5.2,-2.2,1013,1020.7,,,14.2,,9,9,Sc,6,1712,,05,0,,,,
146,2025-01-28 20:00,-1.6,,3.1,270,94,5.1,-2.4,1013.5,1021.2,,,14.5,,10,9,StNs,2,323,,05,0,,,,
146,2025-01-28 21:00,-1.6,1.4,2.2,270,96,5.2,-2.1,1014.1,1021.8,,,16.2,2.2,10,9,StNs,1,126,,05,0,,,,
146,2025-01-28 22:00,-1.6,,2.7,250,94,5.1,-2.4,1014.6,1022.3,,,16.6,,10,4,StNs,1,235,,05,0,,,,
146,2025-01-28 23:00,-2,,3.1,270,97,5.1,-2.4,1014.8,1022.5,,,18.6,,10,5,StNs,3,719,,05,-.2,,,,
146,2025-01-29 00:00,-1.8,2,2.2,270,94,5,-2.6,1015.2,1022.9,,,18.7,2.5,10,7,,,1299,,05,0,,,,
146,2025-01-29 01:00,-2.1,,1.6,290,95,5,-2.7,1015.3,1023,,,18.6,,4,4,Sc,5,1644,,05,-.2,,,,
146,2025-01-29 02:00,-2.1,,1.8,290,94,4.9,-2.9,1015.5,1023.2,,,18.3,,7,7,Sc,10,1691,,05,-.2,,,,
146,2025-01-29 03:00,-2,.1,3.1,270,93,4.9,-2.9,1015.9,1023.6,,,18.2,.2,7,7,Sc,7,1945,,05,-.2,,,,
146,2025-01-29 04:00,-2.1,,2.4,290,96,5,-2.6,1015.6,1023.3,,,20.2,,10,6,StNs,2,166,,05,-.3,,,,
146,2025-01-29 05:00,-2.2,,2.1,320,95,5,-2.8,1015.7,1023.4,,,20.9,,10,8,StNs,2,263,,05,-.4,,,,
146,2025-01-29 06:00,-2.5,1.3,1.4,290,94,4.8,-3.3,1015.9,1023.7,,,21.2,3.6,5,5,Sc,6,1716,,05,-.4,,,,
146,2025-01-29 07:00,-2.5,,1.6,270,93,4.8,-3.4,1016.5,1024.3,,,20.9,,10,6,ScAs,11,634,,05,-.4,,,,
146,2025-01-29 08:00,-2.6,,.3,0,92,4.6,-3.7,1017.4,1025.2,0,.01,20.5,,8,8,Sc,10,1793,,05,-.4,,,,
146,2025-01-29 09:00,-2,.4,.4,0,91,4.8,-3.2,1018.1,1025.9,0,.13,19.5,.2,10,4,StNs,3,286,,05,-.4,,,,
146,2025-01-29 10:00,-.9,,1.3,320,82,4.7,-3.5,1018.7,1026.4,.6,.58,19.7,,7,7,Sc,10,1902,,05,-.4,,,,
146,2025-01-29 11:00,-.5,,2.1,270,77,4.5,-4,1019.3,1027,.7,.95,19.5,,7,7,Sc,10,1686,,05,-.4,,,,
146,2025-01-29 12:00,-.8,.1,2.6,320,77,4.4,-4.3,1019.2,1026.9,.8,1.48,17.5,.2,7,7,Sc,10,1005,,,-.4,,,,
146,2025-01-29 13:00,-.9,,3,270,81,4.6,-3.7,1018.8,1026.5,.3,1.26,16.2,,10,8,ScAs,10,1110,,05,-.4,,,,
146,2025-01-29 14:00,-.3,,3.2,320,69,4.1,-5.3,1018.6,1026.3,.5,1.35,14.8,,8,8,Sc,8,2419,,05,-.4,,,,
146,2025-01-29 15:00,-.2,0,4.1,290,68,4.1,-5.4,1019,1026.7,.9,1.66,13.7,0,5,5,Sc,15,2656,,,-.4,,,,
146,2025-01-29 16:00,-.4,,3.8,320,66,3.9,-5.9,1018.9,1026.6,.9,1.24,12.9,,7,7,Sc,15,2657,,05,-.4,,,,
146,2025-01-29 17:00,-.6,,2.5,320,64,3.8,-6.5,1019.2,1026.9,.8,.64,12.3,,5,5,Sc,12,3590,,,-.4,,,,
146,2025-01-29 18:00,-1.4,0,2.9,290,60,3.3,-8.1,1019.6,1027.4,.2,.21,12,,2,2,Sc,13,3984,,,-.4,,,,
146,2025-01-29 19:00,-1.9,,1.7,320,63,3.3,-8,1019.7,1027.5,,,11.7,,0,0,,,4000,,,-.2,,,,
146,2025-01-29 20:00,-2.5,,1,340,66,3.4,-7.9,1019.6,1027.4,,,11.6,,0,0,,,3478,,,-.2,,,,
146,2025-01-29 21:00,-3.2,,.4,0,68,3.3,-8.2,1020,1027.8,,,11.5,,0,0,,,3316,,,.2,,,,
146,2025-01-29 22:00,-4,,1.4,110,83,3.8,-6.4,1020.4,1028.2,,,11.4,,0,0,,,2140,,,.4,,,,
146,2025-01-29 23:00,-5,,1.3,140,86,3.6,-6.9,1020.4,1028.3,,,11.3,,0,0,,,2237,,,.6,,,,
146,2025-01-30 00:00,-5.8,,1.5,140,87,3.5,-7.6,1020.4,1028.3,,,11.3,,0,0,,,2233,,,.7,,,,
146,2025-01-30 01:00,-6.1,,.9,140,88,3.4,-7.7,1020.4,1028.3,,,11.2,,0,0,,,2141,,,.7,,,,
146,2025-01-30 02:00,-6.7,,1.3,140,89,3.3,-8.2,1020.6,1028.5,,,11.1,,0,0,,,2250,,,.8,,,,
146,2025-01-30 03:00,-5.8,0,1.5,140,83,3.3,-8.2,1020.6,1028.5,,,11,,9,9,Sc,10,1621,,05,.8,,,,
146,2025-01-30 04:00,-6,,1.5,140,85,3.3,-8.1,1020.5,1028.4,,,11,,9,9,Sc,12,2433,,05,.8,,,,
146,2025-01-30 05:00,-5.6,,1.6,140,85,3.4,-7.7,1020.7,1028.6,,,10.9,,9,9,Sc,8,2572,,05,.8,,,,
146,2025-01-30 06:00,-4.9,0,1.1,110,85,3.6,-7,1021,1028.9,,,10.8,,9,9,Sc,8,2342,,,.6,,,,
146,2025-01-30 07:00,-4.3,,.8,110,84,3.7,-6.6,1021.3,1029.2,,,10.7,,9,9,Sc,7,2365,,,.5,,,,
146,2025-01-30 08:00,-3.8,,.9,160,82,3.8,-6.4,1021.5,1029.3,0,.01,10.6,,9,9,Sc,7,2621,,,.2,,,,
146,2025-01-30 09:00,-2.9,,.6,140,79,3.9,-6,1021.7,1029.5,0,.14,10.5,,9,9,Sc,7,2610,,,.1,,,,
146,2025-01-30 10:00,-1.5,,.7,140,77,4.2,-5,1022.1,1029.9,0,.46,10.3,,9,9,Sc,9,2580,,,0,,,,
146,2025-01-30 11:00,-.2,,1.6,160,69,4.2,-5.2,1022.3,1030,.6,1.2,10,,5,5,Sc,8,3195,,,-.3,,,,
146,2025-01-30 12:00,1.5,,1.7,90,65,4.4,-4.3,1021.6,1029.3,.7,1.68,9.5,,3,3,Sc,7,2996,,,-.5,,,,
146,2025-01-30 13:00,2.9,,.9,70,62,4.7,-3.6,1020.8,1028.4,1,2.16,8.6,,2,0,Ci,,2168,,,-.5,,,,
146,2025-01-30 14:00,3.8,,.3,0,57,4.6,-3.9,1020.3,1027.9,1,2.11,7.6,,0,0,,,2589,,,-.5,,,,
146,2025-01-30 15:00,3.2,,1.6,340,62,4.8,-3.3,1020.1,1027.7,1,1.83,7,,0,0,,,2136,,,-.5,,,,
146,2025-01-30 16:00,3.8,,1,340,60,4.8,-3.2,1019.7,1027.3,1,1.34,6.5,,0,0,,,2191,,,-.5,,,,
146,2025-01-30 17:00,3.3,,1,340,65,5,-2.6,1019.8,1027.4,1,.72,6.4,,0,0,,,1952,,,-.4,,,,
146,2025-01-30 18:00,2.3,,1.2,340,70,5,-2.6,1020,1027.6,.5,.15,6.3,,0,0,,,1891,,,-.4,,,,
146,2025-01-30 19:00,1.2,,1.2,340,75,5,-2.7,1020.2,1027.9,,,6.3,,3,0,,,1753,,,-.2,,,,
146,2025-01-30 20:00,.5,,.3,0,78,5,-2.8,1020.2,1027.9,,,6.3,,3,1,,27,1408,,,0,,,,
146,2025-01-30 21:00,0,,1,140,87,5.3,-1.9,1020.5,1028.2,,,6.2,,6,6,Ac,25,1090,,,0,,,,
146,2025-01-30 22:00,-.4,,.8,90,90,5.4,-1.8,1020.3,1028,,,6.2,,3,3,,29,1114,,,-.2,,,,
146,2025-01-30 23:00,-.6,,1.1,140,91,5.4,-1.8,1020.4,1028.1,,,6.2,,1,1,,23,830,,,-.3,,,,
146,2025-01-31 00:00,-.7,,1.2,140,90,5.2,-2.1,1020,1027.7,,,6.2,,0,0,,,1205,,,-.4,,,,
146,2025-01-31 01:00,-1,,1.1,140,88,5,-2.7,1019.7,1027.4,,,6.2,,0,0,,,1476,,,-.5,,,,
146,2025-01-31 02:00,-.7,,1.4,140,86,5,-2.7,1019.9,1027.6,,,6.2,,7,4,,24,1862,,,-.5,,,,
146,2025-01-31 03:00,-.9,,1.2,140,86,4.9,-2.9,1019.6,1027.3,,,6.2,,0,0,,,1773,,,-.5,,,,
146,2025-01-31 04:00,-.7,,1.6,140,84,4.9,-3,1019.5,1027.2,,,6.2,,0,0,,,2102,,,-.6,,,,
146,2025-01-31 05:00,-1,,1.5,140,85,4.8,-3.2,1019.2,1026.9,,,6.2,,3,3,Ac,26,1950,,,-.7,,,,
146,2025-01-31 06:00,-.9,,1.4,140,83,4.8,-3.4,1019.1,1026.8,,,6.2,,3,3,Ac,28,2093,,,-.8,,,,
146,2025-01-31 07:00,-.5,,1.8,140,80,4.7,-3.5,1019.5,1027.2,,,6.2,,0,0,,,2387,,,-.9,,,,
146,2025-01-31 08:00,.7,,2.1,140,75,4.8,-3.2,1020.1,1027.8,0,.01,6.2,,9,9,Sc,14,2903,,,-.6,,,,
146,2025-01-31 09:00,1.7,,1.8,140,72,5,-2.8,1020.2,1027.9,0,.15,6.2,,9,9,Sc,12,3155,,,-.6,,,,
146,2025-01-31 10:00,2.9,,1.1,140,69,5.2,-2.2,1020.1,1027.7,0,.39,6,,9,9,Sc,16,3436,,,.3,,,,
146,2025-01-31 11:00,5.8,,1.5,160,58,5.4,-1.8,1019.7,1027.2,.6,1.19,5.2,,8,8,Sc,18,4384,,,1.3,,,,
146,2025-01-31 12:00,6.4,,1.6,180,57,5.5,-1.5,1019.4,1026.9,.2,1.03,4.7,,10,8,ScAs,17,4390,,,.5,,,,
146,2025-01-31 13:00,7,,1.1,180,54,5.4,-1.6,1018.6,1026.1,0,.94,4.3,,10,2,ScAs,14,4451,,,-.4,,,,
146,2025-01-31 14:00,6.9,,1.3,160,55,5.5,-1.5,1018,1025.5,0,.8,3.9,,10,3,ScAs,12,4323,,,1.6,,,,
146,2025-01-31 15:00,7.2,,1.6,140,56,5.7,-1,1016.6,1024.1,.1,.87,3.6,,10,6,ScAs,14,4482,,,5,,,,
146,2025-01-31 16:00,7.1,,1.6,140,61,6.1,0,1016.3,1023.8,.3,.81,3.3,,10,8,ScAs,18,4068,,,4.7,,,,
146,2025-01-31 17:00,6.2,,2,140,65,6.1,0,1016.5,1024,0,.26,3.2,,10,2,ScAs,10,4121,,,2.9,,,,
146,2025-01-31 18:00,5.3,0,1.6,140,72,6.4,.6,1017,1024.5,0,.03,3,,10,8,ScAs,14,2454,,01,2.2,,,,
146,2025-01-31 19:00,3.9,,2.1,140,90,7.3,2.4,1017.3,1024.9,,,2.9,,10,8,ScAs,11,1400,,01,1.9,,,,
146,2025-01-31 20:00,3.7,,2,140,92,7.3,2.5,1017.4,1025,,,2.7,,10,8,ScAs,9,931,,1901,1.9,,,,
146,2025-01-31 21:00,3.7,1.1,1.7,140,95,7.5,2.9,1017.8,1025.4,,,2.5,,10,9,StNs,9,680,,1901,1.9,,,,
146,2025-01-31 22:00,3.7,,1.1,110,96,7.6,3.1,1017.5,1025.1,,,2.3,,10,9,StNs,8,530,,1901,1.9,,,,
146,2025-01-31 23:00,3.8,,1.6,140,96,7.7,3.2,1017.3,1024.9,,,2.2,,10,9,StNs,8,766,,1901,2,,,,
146,2025-02-01 00:00,3.7,.9,1.2,110,97,7.7,3.2,1016.9,1024.5,,,2,,10,9,StNs,,383,,1901,2,,,,
146,2025-02-01 01:00,3.8,,1,110,97,7.7,3.3,1016.5,1024.1,,,1.9,,10,9,StNs,10,436,,1901,1.9,,,,
146,2025-02-01 02:00,3.9,,.3,0,97,7.8,3.4,1016.1,1023.7,,,1.8,,10,6,StNs,10,568,,1901,1.9,,,,
146,2025-02-01 03:00,3.7,.2,.3,0,98,7.8,3.4,1015.9,1023.5,,,1.7,,10,9,StNs,10,342,,1901,1.8,,,,
146,2025-02-01 04:00,3.4,,.5,140,98,7.6,3.1,1015.6,1023.2,,,1.6,,10,9,StNs,10,235,,1901,1.9,,,,
146,2025-02-01 05:00,3.3,,.6,50,99,7.6,3.1,1015.4,1023,,,1.5,,10,9,StNs,10,78,,1901,1.9,,,,
146,2025-02-01 06:00,3.3,1.8,.5,110,99,7.6,3.1,1015,1022.6,,,1.3,,10,9,StNs,7,268,,1901,1.9,,,,
146,2025-02-01 07:00,3.2,,.6,140,99,7.6,3,1014.9,1022.5,,,1.2,,10,8,StNs,8,145,,1901,1.9,,,,
146,2025-02-01 08:00,3,,1,140,99,7.5,2.8,1015,1022.6,0,.01,1.1,,10,8,StNs,11,144,,1901,1.9,,,,
146,2025-02-01 09:00,3.3,1,.4,0,99,7.6,3.1,1014.3,1021.9,0,.06,1,,10,9,StNs,10,180,,1901,2.4,,,,
146,2025-02-01 10:00,3.8,,.6,160,99,7.9,3.6,1013.6,1021.2,0,.18,.9,,10,9,StNs,10,236,,1901,3.3,,,,
146,2025-02-01 11:00,4.3,,.8,140,99,8.2,4.1,1013.1,1020.6,0,.25,.7,,10,9,StNs,11,504,,1901,4.1,,,,
146,2025-02-01 12:00,4.3,.4,.8,340,99,8.2,4.1,1012.5,1020,0,.29,.5,,10,10,St,8,61,,1901,4.7,,,,
146,2025-02-01 13:00,5.1,,.4,0,98,8.6,4.8,1011.3,1018.8,0,.39,,,10,10,St,10,196,,1901,6.1,,,,
146,2025-02-01 14:00,6.3,,.3,0,90,8.5,4.7,1010.8,1018.3,0,.62,,,10,8,StNs,10,783,,1901,7.7,,,,
146,2025-02-01 15:00,7.2,.5,.3,0,85,8.6,4.8,1010.5,1017.9,0,.65,,,10,5,ScAs,12,1075,,1901,8.9,,,,
146,2025-02-01 16:00,7.7,,.8,320,79,8.2,4.2,1011.6,1019,.3,.83,,,8,8,Sc,6,1576,,,8.8,,,,
146,2025-02-01 17:00,6.7,,1.7,340,84,8.2,4.1,1011.8,1019.3,0,.25,,,7,7,Sc,7,787,,19,5.5,,,,
146,2025-02-01 18:00,6.4,,1.5,320,82,7.8,3.5,1012,1019.5,0,.11,,,9,5,ScAs,8,962,,19,4.4,,,,
146,2025-02-01 19:00,5.8,,1.8,340,83,7.6,3.1,1012.3,1019.8,,,,,7,7,,8,851,,19,3.9,,,,
146,2025-02-01 20:00,5.7,,2,20,82,7.5,2.8,1012.5,1020,,,,,8,8,,7,1171,,19,3.9,,,,
146,2025-02-01 21:00,5.5,,1.6,50,80,7.2,2.3,1011.9,1019.4,,,,,9,9,Sc,7,1399,,,3.4,,,,
146,2025-02-01 22:00,3.8,,.9,340,87,7,1.8,1011.7,1019.2,,,,,9,9,,7,1079,,,1.9,,,,
146,2025-02-01 23:00,3.1,,1.7,340,90,6.9,1.6,1012,1019.6,,,,,6,2,,76,720,,19,.5,,,,
146,2025-02-02 00:00,2.9,,.9,320,91,6.8,1.5,1012.3,1019.9,,,,,6,0,Ci,,500,,19,0,,,,
146,2025-02-02 01:00,2.7,,.5,180,93,6.9,1.6,1013.1,1020.7,,,,,8,8,,73,411,,19,-.5,,,,
146,2025-02-02 02:00,2,,.4,0,96,6.8,1.4,1013.3,1020.9,,,,,9,9,,71,274,,19,-.5,,,,
146,2025-02-02 03:00,1.6,,.6,110,97,6.6,1.1,1013.5,1021.1,,,,,7,0,Ci,,219,,19,-.5,,,,
146,2025-02-02 04:00,1.4,,.2,0,99,6.7,1.2,1013.2,1020.8,,,,,10,10,,1,16,,1916,-.4,,,,
146,2025-02-02 05:00,1.5,,.4,0,99,6.7,1.3,1012.8,1020.4,,,,,10,10,,1,12,,16,.7,,,,
146,2025-02-02 06:00,1.6,,.5,180,99,6.8,1.4,1012.5,1020.1,,,,,10,10,,8,80,,16,1.1,,,,
146,2025-02-02 07:00,1.4,,.1,0,99,6.7,1.2,1012.1,1019.7,,,,,10,10,St,9,90,,16,1.2,,,,
146,2025-02-02 08:00,1.4,,.9,360,99,6.7,1.2,1012.3,1019.9,0,.01,,,10,10,,9,91,,16,1.5,,,,
146,2025-02-02 09:00,1.4,,.6,20,99,6.7,1.2,1011.6,1019.2,0,.12,,,10,10,St,8,190,,1916,2.7,,,,
146,2025-02-02 10:00,1.7,,.2,0,98,6.8,1.4,1012.4,1020,0,.26,,,10,10,St,8,188,,19,3.7,,,,
146,2025-02-02 11:00,1.6,,1.4,340,97,6.6,1.1,1013.4,1021,0,.38,,,10,10,St,8,154,,19,5.2,,,,
146,2025-02-02 12:00,3.2,,.8,250,89,6.8,1.5,1012.3,1019.9,0,.82,,,9,9,Sc,3,269,,19,8.5,,,,
146,2025-02-02 13:00,4.7,,1.1,230,79,6.7,1.3,1011.1,1018.6,.6,1.72,,,4,4,Sc,10,423,,19,13.2,,,,
146,2025-02-02 14:00,5.7,,1.9,290,72,6.6,1,1010.9,1018.4,1,2.05,,,0,0,,,568,,19,14.9,,,,
146,2025-02-02 15:00,6.5,,1.3,340,59,5.7,-.9,1010.5,1018,1,1.56,,,7,7,Sc,7,892,,4019,11.5,,,,
146,2025-02-02 16:00,5.9,,2.6,250,72,6.7,1.2,1010.3,1017.8,.5,.76,,,9,7,ScCi,10,533,,40,8.3,,,,
146,2025-02-02 17:00,5.6,,2.5,250,69,6.2,.3,1010.4,1017.9,.1,.5,,,7,0,Ci,,640,,40,5.8,,,,
146,2025-02-02 18:00,4.6,,1.5,250,75,6.3,.5,1010.5,1018,.3,.16,,,0,0,,,977,,40,2.9,,,,
146,2025-02-02 19:00,3.5,,1.9,250,79,6.2,.1,1010.7,1018.2,,,,,3,0,,,852,,40,1.5,,,,
146,2025-02-02 20:00,2.9,,2,230,77,5.8,-.7,1011,1018.6,,,,,4,1,,76,1166,,40,.6,,,,
146,2025-02-02 21:00,2.2,,1.7,230,72,5.2,-2.3,1010.7,1018.3,,,,,8,0,Ci,,1992,,,.1,,,,
146,2025-02-02 22:00,1.9,,1.9,270,73,5.1,-2.4,1011.3,1018.9,,,,,10,9,,69,1895,,,0,,,,
146,2025-02-02 23:00,1.9,,1.8,230,77,5.4,-1.7,1012.4,1020,,,,,10,4,,8,1198,,,0,,,,
146,2025-02-03 00:00,2.2,,.4,0,75,5.4,-1.7,1012.2,1019.8,,,,,9,9,Sc,8,1005,,,1.1,,,,
146,2025-02-03 01:00,2.3,,1,250,80,5.8,-.8,1012.3,1019.9,,,,,10,9,ScAs,6,598,,1906,1.2,,,,
146,2025-02-03 02:00,1.8,,1.5,250,88,6.1,0,1012,1019.6,,,,,10,10,St,4,378,,1906,1.3,,,,
146,2025-02-03 03:00,2.1,.2,2.1,270,88,6.2,.3,1012.3,1019.9,,,,,10,10,St,3,409,,1906,1.1,,,,
146,2025-02-03 04:00,2.3,,1.6,290,84,6.1,-.1,1011.9,1019.5,,,,,10,8,StNs,8,486,,1906,1.3,,,,
146,2025-02-03 05:00,1.7,,4.1,320,82,5.7,-1,1012.5,1020.1,,,,,10,6,ScAs,10,873,,1906,.7,,,,
146,2025-02-03 06:00,1,0,2.7,340,72,4.8,-3.4,1012.2,1019.8,,,,,9,9,Sc,15,1238,,19,0,,,,
146,2025-02-03 07:00,.2,,2.7,320,58,3.6,-7.1,1012.6,1020.3,,,,,0,0,,,1821,,,-.7,,,,
146,2025-02-03 08:00,-.2,,3.9,320,57,3.4,-7.7,1013.6,1021.3,0,.03,,,0,0,,,2250,,,-1.1,,,,
146,2025-02-03 09:00,-.1,,3.9,290,50,3,-9.2,1014.7,1022.4,.8,.43,,,0,0,,,3551,,,-1,,,,
146,2025-02-03 10:00,.3,,4.2,320,44,2.8,-10.5,1014.4,1022.1,1,1.13,,,1,1,Sc,10,4205,,,.7,,,,
146,2025-02-03 11:00,0,,4.3,320,43,2.6,-11.1,1014.4,1022.1,.9,1.53,,,5,5,Sc,14,4407,,,4,,,,
146,2025-02-03 12:00,.3,,4.3,290,40,2.5,-11.7,1013.9,1021.6,.8,1.59,,,3,3,Sc,13,4387,,,8.4,,,,
146,2025-02-03 13:00,.2,,5.2,320,40,2.5,-11.8,1013.5,1021.2,1,2.16,,,3,3,Sc,15,4665,,,9.7,,,,
146,2025-02-03 14:00,.5,,5,340,40,2.5,-11.5,1013.1,1020.7,1,2.1,,,3,3,Sc,15,3811,,,10.1,,,,
146,2025-02-03 15:00,1.3,,3.8,320,37,2.5,-11.8,1012.5,1020.1,.8,1.45,,,3,3,Sc,17,4464,,,8.4,,,,
146,2025-02-03 16:00,.4,,3.6,320,38,2.4,-12.3,1012.9,1020.5,.9,1.49,,,5,5,Sc,17,3433,,,5.9,,,,
146,2025-02-03 17:00,-.6,,3.3,340,44,2.6,-11.3,1013.3,1021,.9,.9,,,2,2,Sc,15,3592,,,2.2,,,,
146,2025-02-03 18:00,-1.5,,2.9,320,50,2.8,-10.5,1013.8,1021.5,.1,.13,,,3,3,Sc,14,3465,,,-.6,,,,
146,2025-02-03 19:00,-2.5,,3,340,55,2.8,-10.3,1014.4,1022.1,0,0,,,6,6,,13,3176,,,-1.7,,,,
146,2025-02-03 20:00,-3.1,,2.8,340,57,2.8,-10.4,1014.7,1022.5,,,,,6,1,,15,3103,,,-2.7,,,,
146,2025-02-03 21:00,-3.1,,3.5,320,60,2.9,-9.7,1014.8,1022.6,,,,,8,8,Sc,12,3312,,,-2.5,,,,
146,2025-02-03 22:00,-3.7,,3.2,340,65,3,-9.3,1014.9,1022.7,,,,,8,8,,12,2723,,,-3.3,,,,
146,2025-02-03 23:00,-4.2,,2.3,340,74,3.3,-8.1,1014.6,1022.4,,,,,8,8,Sc,9,805,,05,-2.9,,,,
146,2025-02-04 00:00,-4.6,0,3.1,340,78,3.4,-7.8,1014.5,1022.3,,,,,8,8,Sc,5,769,,05,-2.8,,,,
146,2025-02-04 01:00,-5.1,,1.9,340,77,3.2,-8.5,1014.1,1021.9,,,,,6,6,Sc,12,2790,,05,-4.9,,,,
146,2025-02-04 02:00,-5.3,,2.5,340,71,2.9,-9.7,1014.3,1022.1,,,,,0,0,,,3195,,,-5.5,,,,
146,2025-02-04 03:00,-5.7,0,2.9,360,67,2.7,-10.8,1014.1,1021.9,,,,,2,2,Sc,15,4061,,,-6,,,,
146,2025-02-04 04:00,-6.1,,2.2,340,66,2.6,-11.4,1013.7,1021.5,,,,,0,0,,,3662,,,-6.6,,,,
146,2025-02-04 05:00,-6.5,,2.2,340,67,2.5,-11.6,1013.5,1021.4,,,,,2,2,Sc,12,3127,,,-6.9,,,,
146,2025-02-04 06:00,-6.4,,2.1,340,66,2.5,-11.7,1013.4,1021.3,,,,,7,7,Sc,12,3370,,,-5.9,,,,
146,2025-02-04 07:00,-6.5,,2.3,340,63,2.4,-12.3,1013.4,1021.3,,,,,7,7,Sc,10,2983,,,-6,,,,
146,2025-02-04 08:00,-6.7,,1.8,340,65,2.4,-12.1,1013.5,1021.4,0,.03,,,2,2,Sc,9,2802,,,-6.7,,,,
146,2025-02-04 09:00,-5.9,,2.5,360,59,2.3,-12.6,1013.7,1021.5,.9,.48,,,2,2,Sc,10,3895,,,-3.6,,,,
146,2025-02-04 10:00,-4.5,,3.8,360,57,2.5,-11.7,1013.7,1021.5,.9,.98,,,7,7,Sc,10,4221,,,-.5,,,,
146,2025-02-04 11:00,-3.4,,4,320,50,2.4,-12.3,1013.7,1021.5,.8,1.31,,,6,6,Sc,11,4490,,,2.9,,,,
146,2025-02-04 12:00,-3.8,,4.4,340,49,2.3,-12.9,1013.4,1021.2,.7,1.61,,,6,6,Sc,11,4766,,,.8,,,,
146,2025-02-04 13:00,-3.7,,4.3,320,52,2.4,-12.1,1012.9,1020.7,.7,1.54,,,5,5,Sc,10,4397,,05,.1,,,,
146,2025-02-04 14:00,-2.2,,4.4,320,46,2.4,-12.2,1012,1019.7,1,2.29,,,6,6,Sc,11,4863,,05,8.8,,,,
146,2025-02-04 15:00,-3.1,0,3.4,320,50,2.4,-12,1011.6,1019.3,.8,1.38,,,4,4,Sc,12,4136,,,4.3,,,,
146,2025-02-04 16:00,-3.2,,4.5,320,50,2.4,-12.1,1011.6,1019.3,.6,.86,,,5,5,Sc,12,4607,,,.2,,,,
146,2025-02-04 17:00,-3.7,,3.5,320,54,2.5,-11.6,1011.4,1019.2,.6,.52,,,4,4,Sc,11,4952,,05,-.6,,,,
146,2025-02-04 18:00,-4.3,0,3.6,340,55,2.4,-12,1011.6,1019.4,.4,.14,,,0,0,,,4844,,05,-2.3,,,,
146,2025-02-04 19:00,-4.9,,2.7,340,61,2.6,-11.2,1011.9,1019.7,0,0,,,0,0,,,4709,,,-3.6,,,,
146,2025-02-04 20:00,-5.3,,1.9,360,60,2.5,-11.8,1012.5,1020.3,,,,,0,0,,,4828,,,-4.8,,,,
146,2025-02-04 21:00,-5.9,,1.4,360,63,2.5,-11.8,1012.5,1020.3,,,,,3,3,Sc,7,3954,,,-5.6,,,,
146,2025-02-04 22:00,-6,,1,360,62,2.4,-12.1,1012.5,1020.3,,,,,6,6,,9,4915,,,-4.8,,,,
146,2025-02-04 23:00,-5.6,,.7,20,65,2.6,-11.1,1012.6,1020.4,,,,,8,8,Sc,9,3917,,05,-3.6,,,,
146,2025-02-05 00:00,-6.1,0,.5,50,74,2.9,-9.9,1012.4,1020.2,,,,,8,8,Sc,6,297,,05,-3.5,,,,
146,2025-02-05 01:00,-6.2,,.1,0,84,3.2,-8.4,1012.1,1019.9,,,.2,,8,8,Sc,5,234,,05,-2.9,,,,
146,2025-02-05 02:00,-7,,1.1,50,88,3.2,-8.6,1011.7,1019.6,,,.8,,4,4,Sc,12,932,,05,-2.7,,,,
146,2025-02-05 03:00,-6.9,.2,.5,110,81,3,-9.6,1011.4,1019.3,,,.8,.8,2,2,Sc,6,4040,,05,-3.7,,,,
146,2025-02-05 04:00,-7.4,,.9,70,84,3,-9.6,1011.1,1019,,,.8,,0,0,,,3853,,,-4.2,,,,
146,2025-02-05 05:00,-7.9,,1.5,20,83,2.8,-10.2,1011.3,1019.2,,,.8,,3,3,Sc,13,3494,,,-4.2,,,,
146,2025-02-05 06:00,-8.4,,1.1,50,79,2.6,-11.3,1011.1,1019,,,.7,,2,2,Sc,10,3504,,,-4.7,,,,
146,2025-02-05 07:00,-8.2,,1.1,70,73,2.4,-12.1,1011.2,1019.1,,,.7,,0,0,,,3899,,,-5.1,,,,
146,2025-02-05 08:00,-7.5,,.4,0,64,2.2,-13.1,1011.6,1019.5,0,.03,.7,,0,0,,,4099,,,-5.1,,,,
146,2025-02-05 09:00,-6.6,,1.7,360,58,2.2,-13.5,1012.3,1020.1,.9,.48,.5,,0,0,,,4165,,,-3.1,,,,
146,2025-02-05 10:00,-5.6,,1.2,290,55,2.2,-13.2,1012.3,1020.1,1,1.17,.3,,0,0,,,4216,,,-.8,,,,
146,2025-02-05 11:00,-4.9,,1.7,360,44,1.9,-15.3,1012,1019.8,1,1.66,,,3,0,Ci,,4264,,,-.3,,,,
146,2025-02-05 12:00,-3,,.9,360,47,2.3,-12.7,1011.1,1018.8,.8,1.7,,,0,0,,,4374,,,3.4,,,,
146,2025-02-05 13:00,-3.3,,2,360,46,2.2,-13.2,1010.4,1018.1,.8,1.56,,,8,2,ScCi,15,4580,,,2.8,,,,
146,2025-02-05 14:00,-2.6,,2.6,320,47,2.4,-12.3,1010.1,1017.8,1,1.83,,,6,2,ScCi,15,4486,,,6.8,,,,
146,2025-02-05 15:00,-2.5,,2.5,340,47,2.4,-12.2,1009.8,1017.5,1,2.02,,,1,1,Sc,12,4183,,,6,,,,
146,2025-02-05 16:00,-2.1,,2.4,340,49,2.6,-11.4,1010,1017.7,1,1.55,,,2,2,Sc,12,4463,,,4.3,,,,
146,2025-02-05 17:00,-3.3,,4.1,270,67,3.2,-8.5,1011,1018.7,.3,.43,,,8,8,Sc,10,1762,,05,.5,,,,
146,2025-02-05 18:00,-4.1,0,1.3,320,57,2.6,-11.3,1011.2,1019,0,.09,,,3,3,Sc,15,4204,,05,-.5,,,,
146,2025-02-05 19:00,-4.2,,1.3,270,67,3,-9.4,1012.1,1019.9,0,0,,,8,1,,8,3363,,,-.8,,,,
146,2025-02-05 20:00,-3.9,,3.3,320,52,2.4,-12.3,1012.9,1020.7,,,,,9,9,,14,4499,,,-1,,,,
146,2025-02-05 21:00,-4.3,,3.4,290,54,2.4,-12.2,1013.5,1021.3,,,,,2,2,Sc,12,4587,,,-1.5,,,,
146,2025-02-05 22:00,-4.8,,2.6,340,71,3,-9.2,1014.3,1022.1,,,,,9,9,Sc,9,2881,,05,-1.4,,,,
146,2025-02-05 23:00,-5.1,,3.4,360,67,2.8,-10.2,1014.7,1022.5,,,,,8,8,Sc,11,3624,,05,-1.6,,,,
146,2025-02-06 00:00,-5.4,0,2.1,360,67,2.8,-10.5,1015.2,1023,,,,,9,9,Sc,12,4537,,05,-1.9,,,,
146,2025-02-06 01:00,-6.2,,1.1,360,69,2.7,-10.9,1015.2,1023.1,,,,,0,0,,,4331,,,-2.6,,,,
146,2025-02-06 02:00,-6.4,,1.1,70,67,2.5,-11.5,1015,1022.9,,,,,0,0,,,4370,,,-3,,,,
146,2025-02-06 03:00,-6.8,,1.1,70,66,2.4,-12,1015.2,1023.1,,,,,0,0,,,4350,,,-3.3,,,,
146,2025-02-06 04:00,-6.9,,1.1,50,63,2.3,-12.7,1014.8,1022.7,,,,,0,0,,,4725,,,-3.5,,,,
146,2025-02-06 05:00,-7.2,,1,50,66,2.4,-12.4,1014.9,1022.8,,,,,0,0,,,4189,,,-3.7,,,,
146,2025-02-06 06:00,-6.6,,.4,0,60,2.3,-13,1015.3,1023.2,,,,,9,9,Sc,13,4623,,,-3,,,,
146,2025-02-06 07:00,-7,,.9,110,73,2.6,-11,1015.8,1023.7,,,,,0,0,,,3997,,,-3.5,,,,
146,2025-02-06 08:00,-6.9,,.6,160,74,2.7,-10.7,1016.7,1024.6,0,.03,,,0,0,,,3596,,,-3.8,,,,
146,2025-02-06 09:00,-4.5,,.8,160,58,2.5,-11.5,1016.8,1024.6,.9,.51,,,0,0,,,4444,,,-2.7,,,,
146,2025-02-06 10:00,-4.2,,1.2,360,46,2.1,-14.1,1016.9,1024.7,1,1.19,,,0,0,,,4378,,,-.7,,,,
146,2025-02-06 11:00,-2.8,,1.3,340,44,2.2,-13.3,1017.1,1024.9,1,1.64,,,7,2,ScCi,15,4368,,,-.4,,,,
146,2025-02-06 12:00,-2.2,,1.3,270,43,2.2,-13.1,1016.7,1024.5,1,1.54,,,8,2,ScCi,15,4032,,,.5,,,,
146,2025-02-06 13:00,-.7,,.7,200,41,2.4,-12.3,1015.2,1022.9,1,1.79,,,7,0,Ci,,4391,,,2.3,,,,
146,2025-02-06 14:00,-.5,,1.3,360,38,2.2,-13.1,1014.2,1021.9,.9,1.72,,,8,4,ScCi,20,3976,,,4.6,,,,
146,2025-02-06 15:00,.9,,2.2,250,39,2.5,-11.5,1013.9,1021.5,.8,1.58,,,8,3,ScCi,20,4590,,,3.8,,,,
146,2025-02-06 16:00,.5,,2.3,250,36,2.3,-12.8,1013.8,1021.5,1,1.41,,,6,0,Ci,,4269,,,2.7,,,,
146,2025-02-06 17:00,.4,,1.4,290,43,2.7,-10.7,1013.6,1021.3,1,.81,,,4,0,Ci,,4324,,,.3,,,,
146,2025-02-06 18:00,-.3,,2.3,270,48,2.9,-10,1013.7,1021.4,.1,.14,,,9,3,ScCi,17,4447,,,-.4,,,,
146,2025-02-06 19:00,-1.2,,1.8,250,67,3.8,-6.5,1013.9,1021.6,0,0,,,9,9,Sc,8,3003,,05,-.5,,,,
146,2025-02-06 20:00,-2.5,,1.4,160,90,4.6,-3.9,1013.6,1021.3,,,.4,,9,9,Sc,8,390,,05,-.5,,,,
146,2025-02-06 21:00,-2.7,.7,1,110,93,4.7,-3.6,1013.2,1020.9,,,1.3,1.3,9,9,Sc,8,1315,,05,-.5,,,,
146,2025-02-06 22:00,-2.2,,.6,160,96,5,-2.7,1013.6,1021.3,,,3.5,,9,9,Sc,6,161,,05,-.4,,,,
146,2025-02-06 23:00,-2.2,,.9,160,96,5,-2.7,1013.4,1021.1,,,5.1,,9,9,Sc,6,195,,05,-.4,,,,
146,2025-02-07 00:00,-2.2,2.9,.8,140,96,5,-2.7,1013,1020.7,,,6.8,5.5,9,9,Sc,5,168,,05,-.4,,,,
146,2025-02-07 01:00,-2.5,,.7,110,96,4.9,-3,1012.4,1020.1,,,8.4,,9,9,Sc,5,150,,05,-.4,,,,
146,2025-02-07 02:00,-2.5,,1,140,96,4.9,-3,1011.7,1019.4,,,9,,9,9,Sc,6,289,,05,-.4,,,,
146,2025-02-07 03:00,-2.5,2.7,1,140,96,4.9,-3,1011.3,1019,,,12.1,5.3,10,9,ScAs,6,515,,05,-.4,,,,
146,2025-02-07 04:00,-2.3,,1.2,110,95,4.9,-2.9,1010.1,1017.8,,,11.7,,9,9,Sc,8,1355,,05,-.4,,,,
146,2025-02-07 05:00,-2.1,,1.1,110,97,5.1,-2.5,1009.3,1017,,,14.5,,10,9,ScAs,6,191,,05,-.4,,,,
146,2025-02-07 06:00,-2.6,2.2,1.2,140,96,4.9,-3.1,1008.3,1016,,,14.5,2.9,8,8,Sc,8,1200,,05,-.4,,,,
146,2025-02-07 07:00,.1,,3.3,250,84,5.2,-2.2,1008.5,1016.1,,,14,,8,8,Sc,8,1671,,05,-.4,,,,
146,2025-02-07 08:00,.1,,2.8,270,75,4.6,-3.8,1009.2,1016.8,0,.01,13.5,,10,2,ScAs,8,1326,,,-.4,,,,
146,2025-02-07 09:00,-3,.2,5,290,76,3.7,-6.6,1011.6,1019.3,.4,.24,13,0,6,6,Sc,10,1708,,,-.4,,,,
146,2025-02-07 10:00,-4.4,,3.8,340,72,3.2,-8.6,1013.1,1020.9,.5,.81,12.6,,9,2,ScAs,8,2357,,,-.4,,,,
146,2025-02-07 11:00,-5,,4,320,75,3.2,-8.7,1013.7,1021.5,0,.62,12.3,,10,7,ScAs,6,950,,05,-.4,,,,
146,2025-02-07 12:00,-5.5,.8,3,320,92,3.8,-6.5,1013.8,1021.6,0,.53,14.2,1.9,10,10,St,3,33,,05,-.4,,,,
146,2025-02-07 13:00,-5.9,,5.6,340,84,3.3,-8.1,1014,1021.8,.2,1.29,13.4,,8,8,Sc,6,221,,05,-.4,,,,
146,2025-02-07 14:00,-5.5,,4.7,320,67,2.7,-10.6,1014.1,1021.9,.6,1.6,12.5,,9,9,Sc,5,1229,,05,-.4,,,,
146,2025-02-07 15:00,-6.1,.2,4.7,340,78,3,-9.3,1014.6,1022.5,.5,1.38,11.7,0,9,9,Sc,5,477,,05,-.4,,,,
146,2025-02-07 16:00,-6,,5.9,340,58,2.3,-12.9,1015.8,1023.7,.7,1.34,11.2,,8,8,Sc,10,4082,,05,-.4,,,,
146,2025-02-07 17:00,-6.3,,4.3,320,56,2.1,-13.6,1016.6,1024.5,.7,.72,10.8,,4,4,Sc,11,3386,,,-.4,,,,
146,2025-02-07 18:00,-7.3,0,3.8,340,60,2.1,-13.7,1017.7,1025.6,.8,.37,10.7,0,0,0,,,3955,,,-.4,,,,
146,2025-02-07 19:00,-8.4,,2.9,340,60,2,-14.7,1018.8,1026.8,0,.01,10.6,,10,0,,,3906,,,-.4,,,,
146,2025-02-07 20:00,-8.6,,.5,50,61,2,-14.7,1019.4,1027.4,,,10.5,,10,0,,,2696,,,-.4,,,,
146,2025-02-07 21:00,-8.7,,.6,20,62,2,-14.6,1019.9,1027.9,,,10.4,,3,3,Sc,12,3429,,,-.4,,,,
146,2025-02-07 22:00,-8.6,,1,20,62,2,-14.5,1020.1,1028.1,,,10.3,,10,4,,10,3407,,,-.4,,,,
146,2025-02-07 23:00,-8.5,,.3,0,62,2,-14.4,1020.4,1028.4,,,10.1,,10,0,,,4219,,,-.4,,,,
146,2025-02-08 00:00,-8.2,,1.1,110,69,2.3,-12.8,1020.6,1028.6,,,9.9,,9,9,Sc,11,3489,,,-.4,,,,
146,2025-02-08 01:00,-8.6,,1.4,70,69,2.2,-13.2,1020.9,1028.9,,,9.7,,6,6,Sc,10,2937,,05,-.4,,,,
146,2025-02-08 02:00,-9,,1,50,73,2.3,-12.9,1020.8,1028.8,,,9.5,,9,9,,11,3499,,,-.4,,,,
146,2025-02-08 03:00,-8.7,0,.7,70,71,2.3,-13,1021,1029,,,9.3,,6,6,Sc,12,3445,,,-.4,,,,
146,2025-02-08 04:00,-8.5,,.2,0,69,2.2,-13.1,1020.7,1028.7,,,9.1,,0,0,,,3431,,,-.4,,,,
146,2025-02-08 05:00,-9.1,,1.2,70,75,2.3,-12.7,1020.4,1028.4,,,9,,0,0,,,3266,,,-.4,,,,
146,2025-02-08 06:00,-9.4,,1.1,180,79,2.4,-12.3,1021.4,1029.4,,,8.9,,0,0,,,2913,,,-.4,,,,
146,2025-02-08 07:00,-10.4,,1,140,83,2.3,-12.7,1021.5,1029.5,,,8.8,,0,0,,,2659,,,-.4,,,,
146,2025-02-08 08:00,-9.8,,.7,160,84,2.5,-11.9,1022.2,1030.2,0,.05,8.7,,0,0,,,2408,,,-.4,,,,
146,2025-02-08 09:00,-7.8,,.6,180,71,2.4,-12.1,1022.9,1030.9,1,.8,8.4,,0,0,,,2972,,,-.4,,,,
146,2025-02-08 10:00,-5.8,,1.2,70,57,2.3,-12.9,1023.2,1031.1,1,1.47,8.1,,0,0,,,3807,,,-.3,,,,
146,2025-02-08 11:00,-5.5,,1.7,360,54,2.2,-13.3,1022.9,1030.8,1,1.87,7.8,,0,0,,,3353,,,-.4,,,,
146,2025-02-08 12:00,-4.7,,1.4,340,52,2.3,-13,1022.8,1030.7,1,2.3,7.1,,1,1,Sc,11,4006,,,-.4,,,,
146,2025-02-08 13:00,-3.7,,3,270,56,2.6,-11.2,1021.9,1029.7,1,2.44,6.3,,2,2,Sc,10,2983,,,-.4,,,,
146,2025-02-08 14:00,-3.2,,1.7,360,56,2.7,-10.7,1021.1,1028.9,.9,2.2,5.7,,6,6,Sc,10,3513,,,-.4,,,,
146,2025-02-08 15:00,-2.8,,2.7,320,53,2.6,-11,1020.6,1028.4,.9,1.7,5.3,,4,4,Sc,9,3827,,,-.4,,,,
146,2025-02-08 16:00,-2,,3.7,270,49,2.6,-11.3,1020.8,1028.6,1,1.57,5.1,,0,0,,,3506,,,-.4,,,,
146,2025-02-08 17:00,-2.4,,3.5,270,57,2.9,-9.7,1020.8,1028.6,1,.98,5.1,,0,0,,,3911,,,-.4,,,,
146,2025-02-08 18:00,-3.5,,2.9,270,61,2.9,-9.9,1020.8,1028.6,.8,.28,5.1,,0,0,,,4237,,,-.4,,,,
146,2025-02-08 19:00,-4.1,,3.3,270,66,3,-9.5,1021.7,1029.5,0,0,5.1,,0,0,,,3776,,,-.4,,,,
146,2025-02-08 20:00,-4.7,,2.5,290,69,3,-9.5,1021.9,1029.8,,,5.1,,0,0,,,3954,,,-.2,,,,
146,2025-02-08 21:00,-5.1,,1,340,72,3,-9.3,1022.3,1030.2,,,5.1,,0,0,,,3048,,,0,,,,
146,2025-02-08 22:00,-5.7,,1,50,75,3,-9.4,1022.4,1030.3,,,5.1,,0,0,,,2890,,,.1,,,,
146,2025-02-08 23:00,-5.8,,1.2,90,77,3.1,-9.1,1022.3,1030.2,,,5.1,,10,8,,9,2813,,,.1,,,,
146,2025-02-09 00:00,-5.9,,.8,70,75,3,-9.6,1022.2,1030.1,,,5.1,,9,9,,,2932,,,.1,,,,
146,2025-02-09 01:00,-6,,1.2,110,73,2.9,-10,1022.1,1030,,,5.1,,9,4,,9,3556,,,0,,,,
146,2025-02-09 02:00,-5.8,,1,160,72,2.9,-10,1022,1029.9,,,5.1,,9,6,,11,3607,,,-.4,,,,
146,2025-02-09 03:00,-5.9,,.7,160,76,3,-9.4,1022.2,1030.1,,,5.1,,5,5,Sc,11,3181,,,-.5,,,,
146,2025-02-09 04:00,-6.4,,1.3,110,77,2.9,-9.7,1021.9,1029.8,,,5.1,,8,8,Sc,11,2993,,,-.4,,,,
146,2025-02-09 05:00,-7.2,,1.6,140,81,2.9,-9.9,1022,1029.9,,,5.1,,4,4,Sc,10,2365,,,-.5,,,,
146,2025-02-09 06:00,-7.6,,1.7,140,82,2.8,-10.1,1021.8,1029.8,,,5.1,,0,0,,,2671,,,-.5,,,,
146,2025-02-09 07:00,-8.1,,2.1,140,83,2.8,-10.4,1021.8,1029.8,,,5.1,,0,0,,,2959,,,-.6,,,,
146,2025-02-09 08:00,-7.8,,1.6,140,81,2.8,-10.4,1022,1030,0,.05,5.1,,0,0,,,2986,,,-.6,,,,
146,2025-02-09 09:00,-5.5,,.8,180,70,2.8,-10.1,1022,1029.9,1,.64,5.1,,0,0,,,3265,,,-.6,,,,
146,2025-02-09 10:00,-2.4,,.9,140,59,3,-9.3,1021.9,1029.7,1,1.3,4.9,,0,0,,,3461,,,-.5,,,,
146,2025-02-09 11:00,-1.6,,1.3,50,56,3,-9.2,1021.8,1029.6,1,1.8,4.8,,0,0,,,4163,,,-.3,,,,
146,2025-02-09 12:00,-1.5,,.8,340,56,3.1,-9.1,1021.4,1029.2,.5,1.7,4.8,,8,8,Sc,10,3079,,,.2,,,,
146,2025-02-09 13:00,-1.3,,1.5,290,56,3.1,-8.9,1020.6,1028.4,0,1.32,4.7,,8,8,Sc,12,2864,,,.4,,,,
146,2025-02-09 14:00,-.8,,1.7,340,56,3.2,-8.4,1020.1,1027.8,.1,1.16,4.5,,8,8,Sc,13,3283,,,.3,,,,
146,2025-02-09 15:00,.2,,1.1,250,55,3.4,-7.7,1019.4,1027.1,1,2.28,4.2,,4,4,Sc,10,3181,,,-.2,,,,
146,2025-02-09 16:00,.1,,2.2,320,57,3.5,-7.4,1019.1,1026.8,.9,1.45,4.1,,6,6,Sc,9,2813,,,-.4,,,,
146,2025-02-09 17:00,-.4,,2,290,59,3.5,-7.4,1019,1026.7,1,.9,4,,5,5,Sc,10,2859,,,-.4,,,,
146,2025-02-09 18:00,-.9,,1,250,66,3.8,-6.4,1019,1026.7,.4,.22,4,,5,5,Sc,10,2800,,,-.4,,,,
146,2025-02-09 19:00,-1.4,,1.2,270,70,3.9,-6.1,1019.2,1026.9,0,0,4,,6,2,,11,2910,,,-.4,,,,
146,2025-02-09 20:00,-1.3,,1.4,250,70,3.9,-6,1019.4,1027.1,,,4,,9,9,,10,2540,,,-.4,,,,
146,2025-02-09 21:00,-1.9,,1.5,250,78,4.2,-5.2,1019.2,1027,,,4,,8,8,Sc,11,1615,,,-.4,,,,
146,2025-02-09 22:00,-2.1,,.1,0,83,4.3,-4.6,1019.7,1027.5,,,4,,8,7,,10,1476,,,-.5,,,,
146,2025-02-09 23:00,-2.2,,.9,290,86,4.5,-4.2,1019.8,1027.6,,,4,,9,5,,10,1428,,,-.5,,,,
146,2025-02-10 00:00,-2.6,,.4,0,87,4.4,-4.4,1019.7,1027.5,,,4,,3,3,,,1371,,,-.6,,,,
146,2025-02-10 01:00,-3.2,,.7,340,91,4.4,-4.4,1020.1,1027.9,,,4,,3,3,Sc,12,811,,1905,-.6,,,,
146,2025-02-10 02:00,-3.8,,.5,340,93,4.3,-4.7,1020.4,1028.2,,,4,,3,3,Sc,6,669,,1905,-.7,,,,
146,2025-02-10 03:00,-3.8,0,.1,0,94,4.3,-4.6,1020.5,1028.3,,,4,,0,0,,,541,,19,-1,,,,
146,2025-02-10 04:00,-4.4,,1.1,140,94,4.2,-5.2,1019.9,1027.7,,,4,,0,0,,,505,,19,-1.3,,,,
146,2025-02-10 05:00,-4.5,,.6,180,93,4.1,-5.4,1020.4,1028.2,,,4,,0,0,,,718,,19,-1.4,,,,
146,2025-02-10 06:00,-5.4,,1.5,140,93,3.8,-6.3,1019.8,1027.7,,,4,,0,0,,,613,,19,-1.5,,,,
146,2025-02-10 07:00,-5.7,,1.4,140,92,3.7,-6.7,1019.9,1027.8,,,4,,8,8,Sc,13,769,,19,-1.6,,,,
146,2025-02-10 08:00,-5.5,,1,140,90,3.7,-6.8,1020.2,1028.1,0,.04,4,,6,6,Sc,12,1002,,19,-1.3,,,,
146,2025-02-10 09:00,-3,,.7,180,80,3.9,-5.9,1020.8,1028.6,.7,.53,4,,4,4,Sc,11,1468,,,-1.2,,,,
146,2025-02-10 10:00,-1.8,,.6,160,69,3.7,-6.7,1021.1,1028.9,.6,.81,4,,5,5,Sc,13,2087,,,-.8,,,,
146,2025-02-10 11:00,.2,,.7,360,46,2.9,-10,1021.5,1029.2,.8,1.37,3.9,,7,5,ScCi,15,3928,,,-.7,,,,
146,2025-02-10 12:00,.4,0,2.7,250,63,4,-5.8,1021.3,1029,1,2.3,3.7,,1,1,Sc,10,3728,,05,-.6,,,,
146,2025-02-10 13:00,1.4,,2.7,290,59,4,-5.7,1020.6,1028.3,1,2.53,3.3,,4,4,Sc,9,2844,,,-.6,,,,
146,2025-02-10 14:00,1.5,,3.1,270,60,4.1,-5.4,1020,1027.7,.9,2.27,2.6,,5,5,Sc,8,2889,,,-.5,,,,
146,2025-02-10 15:00,2,,2.6,320,60,4.2,-4.9,1019.5,1027.2,.8,1.75,2.4,,5,5,Sc,9,2576,,,-.3,,,,
146,2025-02-10 16:00,2.2,,3,290,58,4.2,-5.2,1019.3,1026.9,.9,1.43,2.1,,5,5,Sc,8,2453,,,-.3,,,,
146,2025-02-10 17:00,1.7,,2.9,270,59,4.1,-5.4,1019.4,1027.1,1,.99,1.9,,0,0,,,2426,,,-.3,,,,
146,2025-02-10 18:00,1,,1.5,250,64,4.2,-5,1019.6,1027.3,.2,.17,1.9,,0,0,,,2409,,,-.3,,,,
146,2025-02-10 19:00,.7,,1.8,320,65,4.2,-5.1,1019.9,1027.6,0,.01,1.9,,3,3,,12,2385,,,-.5,,,,
146,2025-02-10 20:00,.2,,1.7,320,66,4.1,-5.4,1020.7,1028.4,,,1.9,,0,0,,,2000,,,-.6,,,,
146,2025-02-10 21:00,-.6,,.9,360,73,4.3,-4.8,1021.2,1028.9,,,1.9,,0,0,,,1777,,,-.7,,,,
146,2025-02-10 22:00,-.9,,.8,180,77,4.4,-4.4,1021.3,1029.1,,,1.9,,0,0,,,1566,,,-1,,,,
146,2025-02-10 23:00,-2,,1.1,140,82,4.3,-4.6,1021.6,1029.4,,,1.9,,0,0,,,1288,,,-1.2,,,,
146,2025-02-11 00:00,-2.5,,.9,160,84,4.3,-4.8,1021.5,1029.3,,,1.9,,0,0,,,1200,,,-1.3,,,,
146,2025-02-11 01:00,-3.3,,1.4,140,85,4.1,-5.4,1021.6,1029.4,,,1.9,,0,0,,,1163,,,-1.5,,,,
146,2025-02-11 02:00,-3.4,,.6,180,84,4,-5.7,1022,1029.8,,,1.9,,0,0,,,1177,,,-1.6,,,,
146,2025-02-11 03:00,-3.8,,1,140,86,4,-5.8,1022.7,1030.5,,,1.9,,0,0,,,1028,,,-1.7,,,,
146,2025-02-11 04:00,-4.7,,1.2,140,87,3.8,-6.5,1022.9,1030.8,,,1.9,,0,0,,,942,,19,-1.9,,,,
146,2025-02-11 05:00,-5,,1.6,110,87,3.7,-6.8,1023,1030.9,,,1.9,,0,0,,,937,,19,-2,,,,
146,2025-02-11 06:00,-5.3,,1.4,140,87,3.6,-7.1,1023.4,1031.3,,,1.9,,0,0,,,953,,19,-2.1,,,,
146,2025-02-11 07:00,-5.5,,1.7,140,87,3.5,-7.3,1023.5,1031.4,,,1.9,,0,0,,,931,,19,-2.2,,,,
146,2025-02-11 08:00,-5,,1.5,140,85,3.6,-7.1,1023.9,1031.8,.1,.06,1.9,,0,0,,,1005,,19,-2.2,,,,
146,2025-02-11 09:00,-2.4,,1.1,110,71,3.6,-6.9,1023.7,1031.5,1,.76,1.9,,0,0,,,1454,,,-1.5,,,,
146,2025-02-11 10:00,.7,,.3,0,55,3.5,-7.3,1023.5,1031.2,1,1.55,1.8,,0,0,,,1657,,,-.6,,,,
146,2025-02-11 11:00,2.6,,1,250,47,3.5,-7.6,1023.3,1031,1,2.04,1.6,,0,0,,,2773,,,-.4,,,,
146,2025-02-11 12:00,4.4,,1,340,39,3.3,-8.3,1023,1030.6,1,2.2,1.3,,0,0,,,3044,,,.7,,,,
146,2025-02-11 13:00,5.6,,1.7,320,39,3.6,-7.2,1021.9,1029.5,1,2.35,.5,,0,0,,,3062,,,2.2,,,,
146,2025-02-11 14:00,6.5,,1.4,340,35,3.4,-7.8,1020.1,1027.6,1,2.3,,,0,0,,,3568,,,8.2,,,,
146,2025-02-11 15:00,8,,1.2,340,30,3.2,-8.5,1018.7,1026.2,1,2.02,,,0,0,,,3951,,,9.5,,,,
146,2025-02-11 16:00,8.5,,.9,320,29,3.2,-8.5,1018.5,1026,1,1.54,,,0,0,,,3160,,,8.3,,,,
146,2025-02-11 17:00,7.9,,2.1,340,30,3.2,-8.6,1018.6,1026.1,1,.91,,,0,0,,,3281,,,4.3,,,,
146,2025-02-11 18:00,6.6,,.6,320,29,2.8,-10.2,1018.6,1026.1,.8,.26,,,0,0,,,3198,,,1.5,,,,
146,2025-02-11 19:00,5.8,,.8,160,36,3.3,-8.1,1018.3,1025.8,0,0,,,6,0,,,2849,,,-.4,,,,
146,2025-02-11 20:00,3.3,,1.7,110,51,4,-5.8,1017.8,1025.4,,,,,0,0,,,2402,,,-.5,,,,
146,2025-02-11 21:00,2.1,,1.6,140,55,3.9,-6,1017.3,1024.9,,,,,0,0,,,2492,,,-.6,,,,
146,2025-02-11 22:00,1.6,,1.5,140,58,4,-5.7,1016.5,1024.1,,,,,9,7,,43,2281,,,-.6,,,,
146,2025-02-11 23:00,2.5,,.8,180,56,4.1,-5.4,1016.9,1024.5,,,,,9,6,,29,2252,,,-.6,,,,
146,2025-02-12 00:00,3.2,,.9,200,52,4,-5.7,1016.9,1024.5,,,,,10,10,,,2393,,,-.6,,,,
146,2025-02-12 01:00,2.3,,.8,20,59,4.2,-4.9,1016.8,1024.4,,,,,10,10,,22,1861,,,-.5,,,,
146,2025-02-12 02:00,2.6,,1.9,90,57,4.2,-5,1015.7,1023.3,,,,,10,7,,14,2202,,,-.5,,,,
146,2025-02-12 03:00,3.7,0,1.4,180,54,4.3,-4.7,1015.9,1023.5,,,,,10,9,ScAs,6,2129,,05,-.4,,,,
146,2025-02-12 04:00,1,,2,110,93,6.1,0,1014.4,1022,,,,,10,7,StNs,4,199,,1905,-.5,,,,
146,2025-02-12 05:00,.6,,1.1,90,97,6.2,.1,1012.5,1020.1,,,1,,10,1,StNs,1,110,,1905,-.5,,,,
146,2025-02-12 06:00,.9,3.2,1.1,70,99,6.4,.7,1011,1018.6,,,.5,1,10,7,StNs,11,140,,19060501,-.5,,,,
146,2025-02-12 07:00,1.4,,.9,160,98,6.6,1.1,1010.1,1017.7,,,.3,,10,8,ScAs,8,104,,1901,-.5,,,,
146,2025-02-12 08:00,2.1,,1.8,90,99,7,1.9,1008.8,1016.4,0,.01,.3,,10,9,StNs,7,225,,1901,-.5,,,,
146,2025-02-12 09:00,2.5,3.2,.6,160,99,7.2,2.3,1007.6,1015.1,0,.05,.2,,10,8,ScAs,8,101,,1901,.5,,,,
146,2025-02-12 10:00,2.4,,.9,340,99,7.2,2.2,1007.3,1014.8,0,.1,.2,,10,8,ScAs,8,152,,19,1,,,,
146,2025-02-12 11:00,3.2,,.5,70,99,7.6,3,1007,1014.5,0,.1,,,10,10,St,3,153,,1901,1.6,,,,
146,2025-02-12 12:00,3,.6,1.4,340,99,7.5,2.8,1006.4,1013.9,0,.1,,,10,10,St,1,14,,190201,1.9,,,,
146,2025-02-12 13:00,3.2,,1.6,340,99,7.6,3,1006,1013.5,0,.2,,,10,10,St,2,21,,02,2.7,,,,
146,2025-02-12 14:00,2.8,,.4,0,99,7.4,2.6,1005.8,1013.3,0,.16,,,10,10,St,6,65,,02,2.7,,,,
146,2025-02-12 15:00,3.2,1.5,.9,200,99,7.6,3,1005.8,1013.3,0,.17,,,10,10,St,5,103,,1902,3.1,,,,
146,2025-02-12 16:00,3.5,,1.5,270,98,7.7,3.2,1006.6,1014.1,0,.17,,,10,10,St,2,339,,19,3.2,,,,
146,2025-02-12 17:00,4,,2.7,270,97,7.8,3.5,1007.1,1014.6,0,.09,,,10,10,St,2,352,,1902,3,,,,
146,2025-02-12 18:00,4.2,.2,4.9,270,94,7.7,3.3,1008.1,1015.6,0,.02,,,10,10,St,5,1017,,1902,2.7,,,,
146,2025-02-12 19:00,2.9,,5.1,270,89,6.7,1.2,1009.7,1017.3,0,0,,,7,7,,3,1060,,,1.8,,,,
146,2025-02-12 20:00,1.7,,4.5,270,82,5.7,-1,1011.4,1019,,,,,0,0,,,2137,,,0,,,,
146,2025-02-12 21:00,1.3,,3.4,290,75,5,-2.6,1012.7,1020.3,,,,,6,0,Ci,,2819,,,-.5,,,,
146,2025-02-12 22:00,1,,4.9,290,63,4.2,-5.2,1014.1,1021.7,,,,,3,3,,52,3019,,,-.6,,,,
146,2025-02-12 23:00,.7,,4.7,320,57,3.7,-6.8,1015,1022.7,,,,,0,0,,,3225,,,-.7,,,,
146,2025-02-13 00:00,.2,,3.6,320,57,3.5,-7.3,1015.7,1023.4,,,,,0,0,,,3655,,,-1,,,,
146,2025-02-13 01:00,-.3,,2.9,320,62,3.7,-6.7,1016,1023.7,,,,,0,0,,,3412,,,-1.2,,,,
146,2025-02-13 02:00,-1.3,,2.8,340,62,3.5,-7.6,1017,1024.7,,,,,0,0,,,3647,,,-1.4,,,,
146,2025-02-13 03:00,-1.8,,2.2,340,57,3,-9.2,1017.6,1025.3,,,,,0,0,,,4718,,,-1.7,,,,
146,2025-02-13 04:00,-2.3,,2.1,320,57,3,-9.6,1017.7,1025.5,,,,,0,0,,,4553,,,-2,,,,
146,2025-02-13 05:00,-2.2,,1.9,320,49,2.6,-11.4,1018,1025.8,,,,,0,0,,,4535,,,-2.3,,,,
146,2025-02-13 06:00,-3.1,,1.1,70,52,2.5,-11.5,1018.4,1026.2,,,,,0,0,,,4758,,,-2.5,,,,
146,2025-02-13 07:00,-3,,1.2,110,60,3,-9.6,1018.3,1026.1,,,,,0,0,,,4294,,,-2.7,,,,
146,2025-02-13 08:00,-2.7,,.9,180,61,3.1,-9.1,1018.6,1026.4,.2,.06,,,0,0,,,4169,,,-2.6,,,,
146,2025-02-13 09:00,-.9,,1.3,180,51,2.9,-9.7,1019.2,1026.9,1,.61,,,0,0,,,4277,,,-.3,,,,
146,2025-02-13 10:00,1,,.8,160,40,2.6,-11.1,1019.3,1027,1,1.3,,,0,0,,,4445,,,1.3,,,,
146,2025-02-13 11:00,2.1,,.9,290,41,2.9,-9.8,1019.2,1026.8,1,1.88,,,0,0,,,4208,,,1.3,,,,
146,2025-02-13 12:00,3.5,,.9,270,39,3.1,-9.1,1018.8,1026.4,1,2.28,,,0,0,,,3740,,,5,,,,
146,2025-02-13 13:00,4.4,,2.2,320,40,3.3,-8,1018.2,1025.8,1,2.47,,,0,0,,,4269,,,11,,,,
146,2025-02-13 14:00,4.8,,3.4,290,45,3.9,-6.1,1017.3,1024.9,1,2.45,,,0,0,,,3802,,,13.3,,,,
146,2025-02-13 15:00,5.5,,3.8,270,47,4.2,-4.9,1016.6,1024.1,1,2.14,,,0,0,,,3499,,,12.5,,,,
146,2025-02-13 16:00,5,,4.1,290,48,4.2,-5.1,1016.4,1023.9,.9,1.38,,,4,4,Sc,14,3445,,,8.4,,,,
146,2025-02-13 17:00,4.7,,3,290,53,4.5,-4,1016.2,1023.8,1,.91,,,1,1,Sc,12,3446,,,5.2,,,,
146,2025-02-13 18:00,3.5,,3.9,270,57,4.5,-4.2,1016.7,1024.3,.9,.34,,,1,1,Sc,12,3293,,,2.2,,,,
146,2025-02-13 19:00,2.7,,2.3,270,59,4.4,-4.5,1017,1024.6,0,.01,,,0,0,,,3514,,,.4,,,,
146,2025-02-13 20:00,2.3,,1.1,270,60,4.3,-4.6,1017.3,1024.9,,,,,0,0,,,3755,,,-.7,,,,
146,2025-02-13 21:00,1.9,,1.4,250,64,4.5,-4.2,1017.8,1025.4,,,,,0,0,,,2901,,,-.7,,,,
146,2025-02-13 22:00,.7,,1.6,140,72,4.6,-3.7,1017.9,1025.6,,,,,0,0,,,2862,,,-.9,,,,
146,2025-02-13 23:00,-.6,,1.5,140,78,4.6,-3.9,1017.7,1025.4,,,,,0,0,,,2840,,,-1.1,,,,
146,2025-02-14 00:00,-.5,,2,160,75,4.4,-4.3,1017.7,1025.4,,,,,0,0,,,3286,,,-1.3,,,,
146,2025-02-14 01:00,-.8,,1.6,160,75,4.3,-4.6,1017.8,1025.5,,,,,0,0,,,3143,,,-1.5,,,,
146,2025-02-14 02:00,-1.1,,1.8,140,77,4.3,-4.6,1017.8,1025.5,,,,,0,0,,,2974,,,-1.6,,,,
146,2025-02-14 03:00,-1.7,,1.8,140,80,4.3,-4.7,1017.5,1025.2,,,,,0,0,,,3047,,,-1.8,,,,
146,2025-02-14 04:00,-1.9,,1.7,140,81,4.3,-4.7,1016.9,1024.6,,,,,0,0,,,2914,,,-1.9,,,,
146,2025-02-14 05:00,-2.1,,1.6,140,83,4.3,-4.6,1016.8,1024.6,,,,,0,0,,,2939,,,-2.1,,,,
146,2025-02-14 06:00,-2,,1.6,160,84,4.4,-4.3,1016.9,1024.6,,,,,0,0,,,2355,,,-2.1,,,,
146,2025-02-14 07:00,-2.1,,1.7,140,83,4.3,-4.6,1016.7,1024.5,,,,,0,0,,,2735,,,-2.3,,,,
146,2025-02-14 08:00,-1.5,,1.1,160,83,4.5,-4,1017.1,1024.8,.1,.07,,,0,0,,,2312,,,-1.8,,,,
146,2025-02-14 09:00,.9,,1.7,160,74,4.8,-3.2,1017.3,1025,1,.6,,,0,0,,,2168,,,-.1,,,,
146,2025-02-14 10:00,3.7,,1.7,160,66,5.3,-2,1017.3,1024.9,1,1.24,,,0,0,,,2162,,,2.1,,,,
146,2025-02-14 11:00,7,,.6,180,56,5.6,-1.1,1016.8,1024.3,1,1.8,,,0,0,,,2077,,,3.2,,,,
146,2025-02-14 12:00,7.6,,1.2,270,50,5.2,-2.1,1016.4,1023.9,1,2.2,,,2,0,Ci,,2197,,,11.1,,,,
146,2025-02-14 13:00,8.4,,1.3,320,46,5.1,-2.5,1015.5,1022.9,1,2.35,,,6,0,Ci,,2276,,,15,,,,
146,2025-02-14 14:00,8.8,,2.8,270,38,4.3,-4.7,1014.9,1022.3,1,2.3,,,0,0,,,2425,,,16.8,,,,
146,2025-02-14 15:00,9.3,,2.5,270,39,4.6,-3.9,1014.4,1021.8,1,2.05,,,2,0,Ci,,2359,,,14.8,,,,
146,2025-02-14 16:00,9.7,,1.9,320,39,4.7,-3.6,1014.2,1021.6,1,1.55,,,4,0,Ci,,2190,,,12.9,,,,
146,2025-02-14 17:00,8.7,,2,270,50,5.6,-1.1,1013.9,1021.3,1,.93,,,2,0,Ci,,1878,,,8.3,,,,
146,2025-02-14 18:00,7.1,,2.7,270,60,6.1,-.1,1013.9,1021.4,.7,.3,,,0,0,,,1504,,,4.7,,,,
146,2025-02-14 19:00,6,,2.1,270,69,6.4,.7,1014.2,1021.7,0,.01,,,0,0,,,1204,,,2.7,,,,
146,2025-02-14 20:00,5.1,,1,270,74,6.5,.8,1014.8,1022.3,,,,,0,0,,,1058,,,1.3,,,,
146,2025-02-14 21:00,4.6,,.2,0,76,6.4,.7,1014.5,1022,,,,,0,0,,,997,,19,0,,,,
146,2025-02-14 22:00,2.4,,1.5,140,80,5.8,-.7,1014.3,1021.9,,,,,0,0,,,931,,19,-.8,,,,
146,2025-02-14 23:00,1.4,,1.7,140,82,5.6,-1.3,1014.4,1022,,,,,0,0,,,940,,19,-1.1,,,,
146,2025-02-15 00:00,1.1,,1,160,84,5.6,-1.3,1014.5,1022.1,,,,,0,0,,,831,,19,-1.4,,,,
146,2025-02-15 01:00,.6,,1.2,180,87,5.6,-1.3,1014.3,1022,,,,,0,0,,,700,,19,-1.5,,,,
146,2025-02-15 02:00,-.3,,1.1,140,90,5.4,-1.7,1013.6,1021.3,,,,,0,0,,,542,,19,-1.9,,,,
146,2025-02-15 03:00,-.7,,1.3,140,91,5.3,-1.9,1013.5,1021.2,,,,,0,0,,,443,,19,-1.9,,,,
146,2025-02-15 04:00,-.7,,.9,140,92,5.4,-1.8,1013.1,1020.8,,,,,0,0,,,405,,19,-2.2,,,,
146,2025-02-15 05:00,-1.2,,1.1,140,92,5.2,-2.3,1013,1020.7,,,,,0,0,,,355,,19,-2.3,,,,
146,2025-02-15 06:00,-1.4,,1.2,140,93,5.2,-2.3,1012.7,1020.4,,,,,7,7,Ac,38,354,,19,-1.7,,,,
146,2025-02-15 07:00,-.7,,.9,140,91,5.3,-1.9,1013,1020.7,,,,,9,9,Ac,38,422,,19,-1.3,,,,
146,2025-02-15 08:00,-.2,,1,160,88,5.3,-1.9,1012.7,1020.4,0,.05,,,8,8,Ac,35,500,,19,-.8,,,,
146,2025-02-15 09:00,1.4,,.4,0,82,5.6,-1.3,1012.6,1020.2,0,.36,,,8,8,Ac,37,609,,19,.3,,,,
146,2025-02-15 10:00,2.6,,.5,340,78,5.8,-.8,1012.2,1019.8,.4,.79,,,9,5,AcCi,34,547,,19,1.8,,,,
146,2025-02-15 11:00,4.8,,1.1,180,65,5.6,-1.2,1011.7,1019.2,0,.94,,,9,7,AcCi,36,889,,4019,4.7,,,,
146,2025-02-15 12:00,5.9,,.2,0,54,5,-2.7,1011.3,1018.8,0,.8,,,10,10,As,32,1104,,40,6,,,,
146,2025-02-15 13:00,7.1,,.6,140,51,5.2,-2.3,1010.3,1017.7,0,.85,,,10,4,ScAs,10,1216,,,8.4,,,,
146,2025-02-15 14:00,7.4,,1.2,320,61,6.2,.3,1009.8,1017.2,0,.63,,,10,10,As,28,829,,40,8.4,,,,
146,2025-02-15 15:00,7.3,,1.6,270,48,4.9,-3,1010.1,1017.5,.2,1.01,,,10,10,As,31,1158,,40,8.5,,,,
146,2025-02-15 16:00,8.3,,1.2,230,38,4.2,-5.2,1009.7,1017.1,0,.69,,,8,8,Ac,35,1654,,,9.3,,,,
146,2025-02-15 17:00,8,,.7,250,37,4,-5.8,1009.3,1016.7,.4,.67,,,8,8,Ac,31,2560,,,6.8,,,,
146,2025-02-15 18:00,7.3,,1.8,270,41,4.2,-5.1,1009.5,1016.9,0,.14,,,9,4,AcCi,35,2424,,,4.5,,,,
146,2025-02-15 19:00,6.9,,.8,360,46,4.6,-3.9,1009.8,1017.2,0,.01,,,8,4,,9,2245,,,3.3,,,,
146,2025-02-15 20:00,6,,.9,90,49,4.6,-3.9,1009.8,1017.3,,,,,9,4,,8,2131,,,2.5,,,,
146,2025-02-15 21:00,5.6,,.9,160,59,5.4,-1.7,1009.8,1017.3,,,,,9,7,ScCi,11,1736,,,2,,,,
146,2025-02-15 22:00,4.9,,1,160,64,5.6,-1.3,1010.4,1017.9,,,,,9,5,,70,1576,,,1.1,,,,
146,2025-02-15 23:00,4.2,,.8,160,67,5.6,-1.3,1010.9,1018.4,,,,,9,8,,8,1548,,,.8,,,,
146,2025-02-16 00:00,3.6,,1.3,160,68,5.4,-1.7,1010.8,1018.3,,,,,7,7,,,1665,,,.7,,,,
146,2025-02-16 01:00,3.3,,1.1,140,70,5.4,-1.6,1010.6,1018.1,,,,,0,0,,,1704,,,.2,,,,
146,2025-02-16 02:00,3,,.9,160,71,5.4,-1.7,1010.4,1018,,,,,6,6,,10,1598,,,0,,,,
146,2025-02-16 03:00,2.5,,1.3,140,75,5.5,-1.4,1010.8,1018.4,,,,,5,5,Sc,12,1513,,,-.5,,,,
146,2025-02-16 04:00,2.1,,1,140,76,5.4,-1.6,1010.4,1018,,,,,9,9,Sc,10,1417,,,-.2,,,,
146,2025-02-16 05:00,2,,1.3,140,78,5.5,-1.4,1010.6,1018.2,,,,,9,9,Sc,11,1386,,,.3,,,,
146,2025-02-16 06:00,1.5,,1.6,140,80,5.5,-1.5,1010,1017.6,,,,,6,6,Sc,11,1481,,,-.8,,,,
146,2025-02-16 07:00,1.1,,1.5,140,84,5.6,-1.3,1009.8,1017.4,,,,,0,0,,,1383,,,-1,,,,
146,2025-02-16 08:00,2.2,,1.3,160,83,6,-.3,1009.8,1017.4,.1,.08,,,6,6,Ac,40,1377,,,-.7,,,,
146,2025-02-16 09:00,4.7,,.4,0,72,6.1,0,1010.2,1017.7,.8,.58,,,7,7,Sc,15,1625,,,3.3,,,,
146,2025-02-16 10:00,6.9,,1.2,200,66,6.5,.9,1009.7,1017.1,1,1.12,,,8,0,Ci,,1680,,,9.8,,,,
146,2025-02-16 11:00,8.4,,1.3,250,62,6.8,1.5,1009.9,1017.3,.6,1.13,,,9,3,ScCi,15,1778,,,9,,,,
146,2025-02-16 12:00,9.3,,2.4,250,59,6.9,1.6,1009.9,1017.3,.8,1.5,,,5,1,ScCi,10,1560,,,15.1,,,,
146,2025-02-16 13:00,10.8,,2.8,250,53,6.9,1.6,1009.2,1016.5,1,2.18,,,1,1,Sc,10,1699,,,18.5,,,,
146,2025-02-16 14:00,10.3,,3.5,250,58,7.3,2.4,1008.7,1016,1,2.13,,,8,8,Sc,10,1240,,,16.5,,,,
146,2025-02-16 15:00,10.7,,2.5,290,60,7.7,3.2,1008.7,1016,.3,1.06,,,9,9,Sc,9,1020,,,13.5,,,,
146,2025-02-16 16:00,10.2,,4.6,270,65,8.1,3.9,1008.6,1015.9,.7,1.12,,,4,4,Sc,8,404,,40,12.3,,,,
146,2025-02-16 17:00,9.5,,4.3,270,68,8,3.8,1008.8,1016.2,.4,.6,,,6,6,Sc,7,372,,40,9.1,,,,
146,2025-02-16 18:00,8.2,,3,270,76,8.2,4.2,1008.9,1016.3,0,.18,,,0,0,,,315,,40,5.7,,,,
146,2025-02-16 19:00,6.8,,3.1,270,84,8.2,4.2,1009.5,1016.9,0,.01,,,0,0,,,261,,4019,4,,,,
146,2025-02-16 20:00,5,,3.7,290,81,7.1,2,1010.6,1018.1,,,,,9,9,,3,237,,19,4.1,,,,
146,2025-02-16 21:00,4.3,,2.3,270,80,6.6,1.1,1011.7,1019.2,,,,,9,9,Sc,6,292,,19,3.6,,,,
146,2025-02-16 22:00,4,,3.9,270,79,6.4,.6,1012.4,1019.9,,,,,8,8,,5,307,,19,2.5,,,,
146,2025-02-16 23:00,3.9,,3.2,270,82,6.6,1.1,1012.9,1020.4,,,,,0,0,,,284,,19,1.8,,,,
146,2025-02-17 00:00,2.8,,3.9,270,81,6.1,-.1,1013.4,1021,,,,,8,8,,,392,,19,.6,,,,
146,2025-02-17 01:00,2,,3.5,270,77,5.4,-1.6,1014.2,1021.8,,,,,0,0,,,787,,19,-.5,,,,
146,2025-02-17 02:00,1.3,,3.2,290,71,4.8,-3.3,1014.9,1022.5,,,,,0,0,,,1094,,19,-1,,,,
146,2025-02-17 03:00,.5,,1.9,320,65,4.1,-5.3,1015.2,1022.9,,,,,0,0,,,1588,,,-1.5,,,,
146,2025-02-17 04:00,.1,,2.1,320,53,3.3,-8.3,1015.8,1023.5,,,,,0,0,,,3225,,,-1.9,,,,
146,2025-02-17 05:00,-.2,,2.1,320,51,3.1,-9.1,1016.7,1024.4,,,,,0,0,,,3300,,,-2.1,,,,
146,2025-02-17 06:00,-.4,,1.8,320,45,2.7,-10.9,1017.1,1024.8,,,,,0,0,,,4311,,,-2.3,,,,
146,2025-02-17 07:00,-.3,,2.1,320,41,2.5,-11.9,1017.7,1025.4,,,,,0,0,,,3734,,,-2.6,,,,
146,2025-02-17 08:00,-.2,,1.7,320,42,2.5,-11.5,1018.8,1026.5,.2,.08,,,0,0,,,3400,,,-2.1,,,,
146,2025-02-17 09:00,1.1,,2.1,340,36,2.4,-12.3,1019.2,1026.9,1,.63,,,0,0,,,3061,,,1.2,,,,
146,2025-02-17 10:00,2.4,,2.1,340,37,2.7,-10.8,1018.8,1026.4,1,1.34,,,0,0,,,3514,,,3.8,,,,
146,2025-02-17 11:00,3.4,,2.6,290,35,2.7,-10.6,1018.4,1026,1,1.91,,,0,0,,,3650,,,10.2,,,,
146,2025-02-17 12:00,4.8,,4,340,33,2.8,-10.1,1017.7,1025.3,1,2.33,,,0,0,,,3468,,,15.3,,,,
146,2025-02-17 13:00,4.4,,5.1,320,31,2.6,-11.2,1017.3,1024.9,1,2.43,,,3,3,Sc,15,3741,,,11.9,,,,
146,2025-02-17 14:00,5.5,,6.3,270,32,2.9,-9.9,1017.6,1025.1,1,2.4,,,1,0,Ci,,3965,,,16.4,,,,
146,2025-02-17 15:00,5.1,,5.9,290,34,3,-9.5,1017.7,1025.2,1,2.22,,,0,0,,,3785,,,9.4,,,,
146,2025-02-17 16:00,3.8,,6.3,290,41,3.3,-8.2,1017.8,1025.4,1,1.75,,,0,0,,,3851,,,7.3,,,,
146,2025-02-17 17:00,2.4,,6.1,270,48,3.5,-7.5,1017.3,1024.9,1,1.07,,,2,0,Ci,,3944,,,3.6,,,,
146,2025-02-17 18:00,1.1,,3.8,320,47,3.1,-8.9,1017.5,1025.2,.9,.38,,,3,0,Ci,,3498,,,.9,,,,
146,2025-02-17 19:00,.1,,2.8,290,54,3.3,-8.1,1018,1025.7,0,.01,,,2,0,,,3770,,,0,,,,
146,2025-02-17 20:00,-.4,,3.1,320,56,3.3,-8.1,1018.2,1025.9,,,,,0,0,,,3668,,,-.5,,,,
146,2025-02-17 21:00,-1.1,,2.1,320,60,3.4,-7.8,1018.2,1025.9,,,,,0,0,,,3825,,,-.8,,,,
146,2025-02-17 22:00,-1.8,,2.5,320,64,3.4,-7.7,1018.7,1026.5,,,,,0,0,,,3450,,,-1,,,,
146,2025-02-17 23:00,-2,,1.7,320,64,3.4,-7.9,1018.8,1026.6,,,,,0,0,,,3067,,,-1.2,,,,
146,2025-02-18 00:00,-1.8,,2.1,290,63,3.4,-7.9,1018.7,1026.4,,,,,0,0,,,3311,,,-1.4,,,,
146,2025-02-18 01:00,-1.6,,2.5,290,63,3.4,-7.7,1019,1026.8,,,,,0,0,,,3507,,,-1.6,,,,
146,2025-02-18 02:00,-2,,1.9,320,66,3.5,-7.5,1019.6,1027.4,,,,,5,5,,63,3546,,,-1.7,,,,
146,2025-02-18 03:00,-3.1,,1.7,340,67,3.3,-8.3,1019.9,1027.7,,,,,2,0,Ci,,3322,,,-1.9,,,,
146,2025-02-18 04:00,-2.7,,1.8,320,64,3.2,-8.5,1019.9,1027.7,,,,,0,0,,,3000,,,-2.2,,,,
146,2025-02-18 05:00,-2.8,,1.5,290,62,3.1,-9,1020,1027.8,,,,,0,0,,,3389,,,-2.3,,,,
146,2025-02-18 06:00,-2.6,,1.8,320,58,2.9,-9.7,1020.3,1028.1,,,,,0,0,,,3354,,,-2.5,,,,
146,2025-02-18 07:00,-3.1,,1.5,320,58,2.8,-10.2,1020.5,1028.3,,,,,0,0,,,3289,,,-2.7,,,,
146,2025-02-18 08:00,-3.5,,.7,50,66,3.1,-8.9,1021,1028.8,.3,.1,,,3,0,Ci,,2926,,,-2.4,,,,
146,2025-02-18 09:00,-2.2,,2.3,340,54,2.8,-10.2,1021.6,1029.4,1,.66,,,0,0,,,2977,,,-2,,,,
146,2025-02-18 10:00,-.8,,5,340,38,2.2,-13.3,1021.4,1029.1,1,1.39,,,0,0,,,4334,,,-.9,,,,
146,2025-02-18 11:00,.5,,3.5,360,34,2.2,-13.5,1021,1028.7,1,2.01,,,0,0,,,4249,,,.3,,,,
146,2025-02-18 12:00,1.3,,3.8,340,31,2.1,-14,1020.6,1028.3,1,2.41,,,0,0,,,4252,,,3.6,,,,
146,2025-02-18 13:00,2.7,,3,320,30,2.2,-13.1,1019.6,1027.2,1,2.59,,,1,1,Sc,15,4572,,,7.4,,,,
146,2025-02-18 14:00,4.3,,3.6,320,32,2.7,-10.9,1018.9,1026.5,1,2.32,,,6,6,Sc,17,4600,,,9,,,,
146,2025-02-18 15:00,2.8,,4.4,290,38,2.8,-10.1,1018.4,1026,1,2.01,,,6,6,Sc,15,4020,,,8.2,,,,
146,2025-02-18 16:00,2.6,,4.5,290,37,2.7,-10.6,1018.5,1026.1,1,1.7,,,5,5,Sc,17,4368,,,6.4,,,,
146,2025-02-18 17:00,2.3,,5.2,290,35,2.5,-11.6,1018.6,1026.2,1,1.07,,,0,0,,,4416,,,3.1,,,,
146,2025-02-18 18:00,1.4,,4.3,290,36,2.4,-12,1019.2,1026.9,1,.38,,,0,0,,,4667,,,0,,,,
146,2025-02-18 19:00,.2,,3.1,320,46,2.9,-10,1020,1027.7,0,.01,,,0,0,,,3813,,,-.3,,,,
146,2025-02-18 20:00,-.2,,2.1,290,53,3.2,-8.6,1020.3,1028,,,,,0,0,,,3515,,,-.7,,,,
146,2025-02-18 21:00,-.6,,1.5,270,57,3.3,-8,1020.6,1028.3,,,,,0,0,,,3191,,,-.9,,,,
146,2025-02-18 22:00,-.4,,2.4,290,59,3.5,-7.4,1020.6,1028.3,,,,,0,0,,,3029,,,-1.2,,,,
146,2025-02-18 23:00,-.6,,3.3,320,55,3.2,-8.5,1020.7,1028.4,,,,,0,0,,,3732,,,-1.5,,,,
146,2025-02-19 00:00,-1.6,,1.7,290,58,3.1,-8.8,1021.1,1028.9,,,,,0,0,,,3809,,,-1.7,,,,
146,2025-02-19 01:00,-1.8,,3,320,57,3,-9.2,1021.2,1029,,,,,0,0,,,4058,,,-2,,,,
146,2025-02-19 02:00,-2.9,,2,360,62,3.1,-9.1,1021.6,1029.4,,,,,0,0,,,3516,,,-2.3,,,,
146,2025-02-19 03:00,-3.4,,1.4,70,62,3,-9.6,1021.3,1029.1,,,,,0,0,,,3638,,,-2.6,,,,
146,2025-02-19 04:00,-3.6,,1.2,70,60,2.8,-10.2,1020.7,1028.5,,,,,0,0,,,3962,,,-2.8,,,,
146,2025-02-19 05:00,-3.9,,1.2,70,56,2.6,-11.4,1020.8,1028.6,,,,,0,0,,,4415,,,-3,,,,
146,2025-02-19 06:00,-3.4,,.3,0,54,2.6,-11.3,1020.9,1028.7,,,,,0,0,,,4187,,,-3.2,,,,
146,2025-02-19 07:00,-4.1,,.7,160,64,2.9,-9.9,1021.3,1029.1,,,,,0,0,,,3598,,,-3.4,,,,
146,2025-02-19 08:00,-3.5,,.6,160,63,3,-9.5,1021.8,1029.6,.3,.09,,,0,0,,,3429,,,-3,,,,
146,2025-02-19 09:00,-1.7,,.6,290,51,2.8,-10.5,1022.4,1030.2,1,.68,,,1,1,Sc,12,3595,,,-2.1,,,,
146,2025-02-19 10:00,-1.3,,1,20,50,2.8,-10.4,1023,1030.8,.9,1.07,,,6,6,Sc,12,4135,,,-1,,,,
146,2025-02-19 11:00,-.1,,2.7,320,53,3.2,-8.5,1022.8,1030.5,.8,1.53,,,6,6,Sc,10,3223,,,-.4,,,,
146,2025-02-19 12:00,1.8,,2.5,290,48,3.3,-8,1022.2,1029.9,1,2.31,,,5,5,Sc,11,3916,,,3.5,,,,
146,2025-02-19 13:00,2.3,,3.3,290,40,2.9,-9.9,1021.2,1028.9,.9,2.48,,,5,5,Sc,15,4075,,,6.6,,,,
146,2025-02-19 14:00,2.7,,5,270,40,3,-9.5,1020.7,1028.3,1,2.24,,,5,5,Sc,15,4001,,,8.8,,,,
146,2025-02-19 15:00,2,,5.6,270,39,2.8,-10.5,1020.8,1028.5,1,2.28,,,0,0,,,4591,,,7.8,,,,
146,2025-02-19 16:00,1.9,,5.3,270,41,2.9,-9.9,1020.9,1028.6,1,1.78,,,0,0,,,4256,,,5.9,,,,
146,2025-02-19 17:00,1,,5.4,270,46,3,-9.3,1020.8,1028.5,1,1.13,,,0,0,,,4178,,,2.5,,,,
146,2025-02-19 18:00,-.2,,3.9,270,49,3,-9.6,1021.2,1028.9,1,.4,,,0,0,,,4486,,,-.5,,,,
146,2025-02-19 19:00,-1,,4,270,55,3.1,-8.9,1022,1029.8,0,.01,,,0,0,,,4079,,,-.5,,,,
146,2025-02-19 20:00,-1.6,,2.5,270,58,3.1,-8.8,1022.4,1030.2,,,,,0,0,,,3749,,,-.9,,,,
146,2025-02-19 21:00,-1.7,,2.4,290,58,3.1,-8.8,1022.9,1030.7,,,,,0,0,,,3686,,,-1.1,,,,
146,2025-02-19 22:00,-2.6,,2.4,320,57,2.9,-9.9,1023,1030.8,,,,,0,0,,,3986,,,-1.3,,,,
146,2025-02-19 23:00,-2.9,,1.8,320,54,2.7,-10.9,1023.5,1031.3,,,,,0,0,,,4162,,,-1.6,,,,
146,2025-02-20 00:00,-2.8,,1.5,290,55,2.7,-10.6,1023.5,1031.3,,,,,0,0,,,4140,,,-1.9,,,,
146,2025-02-20 01:00,-2.9,,2.5,340,56,2.8,-10.4,1023.7,1031.5,,,,,9,6,,70,4343,,,-2.1,,,,
146,2025-02-20 02:00,-3.7,,.8,340,63,2.9,-9.7,1023.5,1031.3,,,,,4,4,,68,3264,,,-2.3,,,,
146,2025-02-20 03:00,-3.5,,.8,70,57,2.7,-10.8,1023.4,1031.2,,,,,0,0,,,3479,,,-2.5,,,,
146,2025-02-20 04:00,-4,,.8,180,66,3,-9.4,1023.5,1031.4,,,,,0,0,,,3696,,,-2.7,,,,
146,2025-02-20 05:00,-4.8,,1.3,140,68,2.9,-9.8,1023.5,1031.4,,,,,0,0,,,3206,,,-2.9,,,,
146,2025-02-20 06:00,-5.2,,.6,140,69,2.9,-10,1023.8,1031.7,,,,,0,0,,,3376,,,-3.1,,,,
146,2025-02-20 07:00,-5.5,,1.2,140,67,2.7,-10.6,1023.8,1031.7,,,,,0,0,,,3508,,,-3.4,,,,
146,2025-02-20 08:00,-4.7,,1,110,66,2.9,-10,1024.4,1032.3,.3,.1,,,0,0,,,3467,,,-3.1,,,,
146,2025-02-20 09:00,-2.5,,.8,140,56,2.9,-10,1024.9,1032.7,1,.66,,,0,0,,,3452,,,-2.2,,,,
146,2025-02-20 10:00,-.9,,1.2,360,44,2.5,-11.6,1025,1032.8,1,1.32,,,0,0,,,4048,,,-1,,,,
146,2025-02-20 11:00,.3,,2.2,360,47,2.9,-9.7,1024.7,1032.4,1,1.91,,,0,0,,,3065,,,.2,,,,
146,2025-02-20 12:00,1.1,,2.2,320,42,2.8,-10.4,1024,1031.7,1,2.33,,,1,1,Sc,13,4044,,,3.2,,,,
146,2025-02-20 13:00,1.6,,2.2,340,42,2.9,-9.9,1023,1030.7,1,2.58,,,2,2,Sc,14,3598,,,6.2,,,,
146,2025-02-20 14:00,2.1,,2.9,270,43,3,-9.2,1022.2,1029.9,.8,2.33,,,4,4,Sc,14,4130,,,7,,,,
146,2025-02-20 15:00,3,,4.1,270,41,3.1,-8.9,1021.7,1029.3,1,2.27,,,1,1,Sc,14,4189,,,8.2,,,,
146,2025-02-20 16:00,2.3,,5.2,270,42,3,-9.3,1021.7,1029.4,1,1.76,,,0,0,,,3501,,,6.5,,,,
146,2025-02-20 17:00,1.6,,5.8,270,45,3.1,-9,1022.2,1029.9,1,1.12,,,0,0,,,3996,,,2.7,,,,
146,2025-02-20 18:00,.1,,4.3,290,49,3,-9.3,1022.3,1030,1,.41,,,0,0,,,3756,,,-.4,,,,
146,2025-02-20 19:00,-.7,,3.5,320,51,3,-9.6,1022.6,1030.4,0,.01,,,0,0,,,3848,,,-.5,,,,
146,2025-02-20 20:00,-1.3,,3.6,290,51,2.8,-10.1,1023.1,1030.9,,,,,0,0,,,4527,,,-.9,,,,
146,2025-02-20 21:00,-1.9,,2.2,320,53,2.8,-10.2,1023.3,1031.1,,,,,0,0,,,4117,,,-1.2,,,,
146,2025-02-20 22:00,-2.1,,2.2,320,51,2.7,-10.9,1023.8,1031.6,,,,,0,0,,,4174,,,-1.4,,,,
146,2025-02-20 23:00,-2.4,,1.2,340,52,2.7,-10.9,1023.8,1031.6,,,,,0,0,,,4145,,,-1.7,,,,
146,2025-02-21 00:00,-2.6,,2.2,340,54,2.7,-10.6,1023.4,1031.2,,,,,0,0,,,4266,,,-1.9,,,,
146,2025-02-21 01:00,-3.2,,1.8,340,58,2.8,-10.3,1023.4,1031.2,,,,,3,3,,63,3766,,,-2.1,,,,
146,2025-02-21 02:00,-3.4,,1.2,360,62,3,-9.6,1023.8,1031.6,,,,,10,9,,60,3794,,,-2.3,,,,
146,2025-02-21 03:00,-3.6,,1,360,64,3,-9.4,1024.2,1032.1,,,,,6,2,ScCi,10,3294,,,-2.4,,,,
146,2025-02-21 04:00,-4,,1.2,360,65,3,-9.6,1024,1031.9,,,,,7,0,Ci,,2616,,,-2.7,,,,
146,2025-02-21 05:00,-4,,.5,20,61,2.8,-10.4,1024,1031.9,,,,,8,0,Ci,,3863,,,-2.8,,,,
146,2025-02-21 06:00,-4.4,,.4,0,63,2.8,-10.3,1024.2,1032.1,,,,,4,0,Ci,,3808,,,-3.2,,,,
146,2025-02-21 07:00,-4.2,,0,0,63,2.8,-10.2,1024.4,1032.3,,,,,3,0,Ci,,3596,,,-3.3,,,,
146,2025-02-21 08:00,-4.1,,.6,90,68,3.1,-9.1,1025,1032.9,0,.1,,,8,0,Ci,,1997,,,-2.5,,,,
146,2025-02-21 09:00,-3,,.6,110,63,3.1,-9,1025.3,1033.1,.2,.46,,,8,0,Ci,,2111,,,-1.6,,,,
146,2025-02-21 10:00,-1.8,,.8,180,50,2.7,-10.8,1025.3,1033.1,.7,.92,,,7,0,Ci,,3666,,,-1,,,,
146,2025-02-21 11:00,-.3,,1.8,360,46,2.8,-10.5,1024.7,1032.5,1,1.95,,,5,1,ScCi,13,3012,,,.3,,,,
146,2025-02-21 12:00,.3,,3.1,340,49,3.1,-9.1,1024.4,1032.1,1,2.23,,,5,4,ScCi,11,3326,,,2.3,,,,
146,2025-02-21 13:00,.9,,2.3,340,48,3.1,-8.8,1023.4,1031.1,.9,1.87,,,7,6,ScCi,12,2769,,,3,,,,
146,2025-02-21 14:00,2.5,,2.8,270,46,3.4,-7.9,1023,1030.7,.9,2.24,,,6,6,Sc,11,2885,,,7.7,,,,
146,2025-02-21 15:00,2.5,,4.5,270,44,3.2,-8.5,1022.9,1030.6,1,2.35,,,5,5,Sc,13,3884,,,8.5,,,,
146,2025-02-21 16:00,2.3,,5.5,270,43,3.1,-9,1023.1,1030.8,1,1.72,,,1,1,Sc,14,3662,,,6.4,,,,
146,2025-02-21 17:00,1.9,,3.7,290,41,2.9,-9.9,1023,1030.7,1,1.12,,,0,0,,,4220,,,3,,,,
146,2025-02-21 18:00,.7,,4.4,270,48,3.1,-9,1023.3,1031,1,.41,,,0,0,,,3601,,,-.2,,,,
146,2025-02-21 19:00,-.4,,3.6,270,53,3.1,-8.8,1024,1031.8,0,.01,,,0,0,,,3407,,,-.4,,,,
146,2025-02-21 20:00,-.9,,2.4,290,54,3.1,-9,1024.4,1032.2,,,,,0,0,,,2919,,,-.8,,,,
146,2025-02-21 21:00,-1.3,,1.4,270,54,3,-9.4,1024.6,1032.4,,,,,0,0,,,3310,,,-.8,,,,
146,2025-02-21 22:00,-1.8,,1.4,320,55,3,-9.6,1025,1032.8,,,,,0,0,,,2959,,,-1.8,,,,
146,2025-02-21 23:00,-2.1,,.9,340,60,3.1,-8.8,1025.4,1033.2,,,,,0,0,,,2720,,,-2.1,,,,
146,2025-02-22 00:00,-1.9,,1.8,270,53,2.8,-10.2,1025.4,1033.2,,,,,0,0,,,3404,,,-2.1,,,,
146,2025-02-22 01:00,-1.9,,1.5,320,57,3,-9.3,1025.8,1033.6,,,,,7,1,,14,2821,,,-2.1,,,,
146,2025-02-22 02:00,-2.3,,.3,0,60,3.1,-9,1025.5,1033.3,,,,,0,0,,,2609,,,-2.5,,,,
146,2025-02-22 03:00,-2.2,,.4,0,61,3.2,-8.7,1025.3,1033.1,,,,,8,8,Sc,14,2881,,,-1.8,,,,
146,2025-02-22 04:00,-3.1,,1.2,360,79,3.8,-6.2,1025.2,1033,,,.3,,10,10,St,3,187,,05,-1.4,,,,
146,2025-02-22 05:00,-3.6,,.1,0,93,4.4,-4.5,1025.2,1033.1,,,2.2,,10,10,St,3,412,,05,-1.1,,,,
146,2025-02-22 06:00,-3.5,.8,0,0,93,4.4,-4.4,1025.6,1033.5,,,2.4,2.4,7,7,Sc,8,497,,05,-1,,,,
146,2025-02-22 07:00,-3.8,,.6,90,93,4.3,-4.7,1026,1033.9,,,2.4,,0,0,,,695,,1905,-1.2,,,,
146,2025-02-22 08:00,-3.4,,.4,0,91,4.3,-4.6,1026.5,1034.4,.4,.1,2.3,,0,0,,,729,,19,-1.3,,,,
146,2025-02-22 09:00,-2.4,0,.9,340,79,4.1,-5.5,1026.9,1034.7,1,.66,2,,0,0,,,1237,,19,-1,,,,
146,2025-02-22 10:00,-1.6,,2.4,360,65,3.5,-7.3,1027.1,1034.9,1,1.33,1.3,,0,0,,,2049,,,-.7,,,,
146,2025-02-22 11:00,-.8,,1.2,270,58,3.3,-8,1026.8,1034.6,1,2.4,,,0,0,,,2316,,,-.6,,,,
146,2025-02-22 12:00,.4,,2.8,270,55,3.5,-7.6,1026.5,1034.3,1,2.61,,,0,0,,,2469,,,2.8,,,,
146,2025-02-22 13:00,1.2,,2.3,320,45,3,-9.4,1025.5,1033.2,1,2.69,,,0,0,,,3600,,,8.9,,,,
146,2025-02-22 14:00,2.1,,2.8,290,42,3,-9.5,1024.8,1032.5,1,2.6,,,0,0,,,2985,,,11.9,,,,
146,2025-02-22 15:00,3,,1.4,270,43,3.3,-8.3,1024.4,1032.1,1,2.16,,,0,0,,,3289,,,11.2,,,,
146,2025-02-22 16:00,2.6,,2.8,290,42,3.1,-9,1024.6,1032.3,1,1.89,,,1,1,Sc,15,3652,,,9,,,,
146,2025-02-22 17:00,1.8,,2.9,290,45,3.1,-8.8,1024.3,1032,1,1.12,,,0,0,,,3422,,,4.9,,,,
146,2025-02-22 18:00,.1,,3.2,290,53,3.3,-8.3,1024.6,1032.3,.9,.39,,,0,0,,,3386,,,.9,,,,
146,2025-02-22 19:00,-.9,,2.5,270,56,3.2,-8.5,1025,1032.8,0,.01,,,0,0,,,3309,,,.2,,,,
146,2025-02-22 20:00,-1.6,,1.3,320,59,3.2,-8.5,1025.1,1032.9,,,,,0,0,,,2737,,,-.4,,,,
146,2025-02-22 21:00,-1.9,,1.4,320,64,3.4,-7.8,1025.5,1033.3,,,,,0,0,,,2315,,,-1.1,,,,
146,2025-02-22 22:00,-2,,1.2,290,67,3.5,-7.3,1025.9,1033.7,,,,,0,0,,,2147,,,-1.9,,,,
146,2025-02-22 23:00,-2.5,,1.9,270,66,3.4,-7.9,1026.2,1034,,,,,0,0,,,2622,,,-2.2,,,,
146,2025-02-23 00:00,-2.6,,1.4,270,65,3.3,-8.2,1026.3,1034.1,,,,,0,0,,,2749,,,-2.5,,,,
146,2025-02-23 01:00,-2.7,,.4,0,66,3.3,-8.1,1026.1,1033.9,,,,,8,3,,68,2726,,,-2.5,,,,
146,2025-02-23 02:00,-2.5,,1.3,320,63,3.2,-8.5,1026,1033.8,,,,,8,1,,69,2568,,,-2.6,,,,
146,2025-02-23 03:00,-3.4,,1.1,320,68,3.2,-8.4,1025.9,1033.8,,,,,2,2,Sc,12,2577,,,-3.1,,,,
146,2025-02-23 04:00,-4.5,,1.5,340,78,3.4,-7.7,1026.1,1034,,,,,0,0,,,1786,,,-3.3,,,,
146,2025-02-23 05:00,-4.2,,1.5,110,74,3.3,-8.1,1025.6,1033.5,,,,,0,0,,,2018,,,-3.6,,,,
146,2025-02-23 06:00,-4.4,,.9,160,73,3.2,-8.5,1025.5,1033.4,,,,,0,0,,,2190,,,-3.7,,,,
146,2025-02-23 07:00,-4.6,,1,110,76,3.3,-8.1,1025.4,1033.3,,,,,7,7,Sc,11,2201,,,-3.2,,,,
146,2025-02-23 08:00,-3.8,,.1,0,68,3.1,-8.8,1026,1033.9,.4,.12,,,0,0,,,2061,,,-3.3,,,,
146,2025-02-23 09:00,-2.1,,.6,110,63,3.3,-8.2,1026.2,1034,1,.71,,,2,2,Sc,11,2458,,,-1.6,,,,
146,2025-02-23 10:00,-.5,,1.9,320,55,3.2,-8.4,1026.3,1034.1,.9,1.21,,,6,6,Sc,9,2820,,,2.2,,,,
146,2025-02-23 11:00,-.2,,2.8,290,50,3,-9.3,1025.9,1033.7,.9,1.79,,,7,7,Sc,12,3222,,,4.4,,,,
146,2025-02-23 12:00,.9,,5.1,290,44,2.9,-10,1024.9,1032.6,.7,1.77,,,8,8,Sc,14,3171,,,7,,,,
146,2025-02-23 13:00,.5,,4.3,290,48,3,-9.2,1024,1031.7,.4,1.24,,,8,8,Sc,12,3467,,,2,,,,
146,2025-02-23 14:00,.8,,5.8,290,39,2.5,-11.6,1023.4,1031.1,.6,1.55,,,7,7,Sc,11,3831,,,3.3,,,,
146,2025-02-23 15:00,.4,,6.9,320,42,2.6,-11,1023.2,1030.9,.3,.88,,,7,7,Sc,15,4009,,,1.6,,,,
146,2025-02-23 16:00,.1,,6.4,290,43,2.6,-11,1023.3,1031,.3,.86,,,8,8,Sc,14,3577,,,1.9,,,,
146,2025-02-23 17:00,-.5,,5.2,320,46,2.7,-10.7,1023.5,1031.3,.5,.7,,,8,8,Sc,14,3396,,,.4,,,,
146,2025-02-23 18:00,-1.2,,4.9,320,46,2.6,-11.3,1023.9,1031.7,.3,.28,,,5,5,Sc,14,3553,,,-1.3,,,,
146,2025-02-23 19:00,-1.9,,4.8,320,50,2.7,-10.9,1024.2,1032,0,.01,,,2,2,,15,3425,,,-2.8,,,,
146,2025-02-23 20:00,-2.3,,3.5,320,52,2.7,-10.8,1024.4,1032.2,,,,,3,1,,11,3388,,,-3.4,,,,
146,2025-02-23 21:00,-2.8,,2,340,56,2.8,-10.3,1024.7,1032.5,,,,,6,6,Sc,13,3619,,,-3.1,,,,
146,2025-02-23 22:00,-3.2,,1.4,340,57,2.8,-10.5,1024.9,1032.7,,,,,3,3,,11,3382,,,-3.9,,,,
146,2025-02-23 23:00,-3.4,,.8,320,58,2.8,-10.4,1025,1032.9,,,,,6,5,,14,2096,,,-3.8,,,,
146,2025-02-24 00:00,-3.2,,.9,290,58,2.8,-10.3,1024.9,1032.7,,,,,7,7,,,2803,,,-3.6,,,,
146,2025-02-24 01:00,-3.1,,1.5,360,61,3,-9.5,1024.9,1032.7,,,,,7,7,,13,3451,,,-3,,,,
146,2025-02-24 02:00,-3.4,,1.1,360,60,2.9,-10,1024.9,1032.8,,,,,0,0,,,3634,,,-4.4,,,,
146,2025-02-24 03:00,-4.4,,1.4,90,64,2.8,-10.1,1024.7,1032.6,,,,,0,0,,,3305,,,-5,,,,
146,2025-02-24 04:00,-3.8,,.4,0,58,2.7,-10.8,1024.5,1032.4,,,,,7,7,Sc,14,3723,,,-4.8,,,,
146,2025-02-24 05:00,-4.1,,.7,110,64,2.9,-9.9,1024.6,1032.5,,,,,0,0,,,3491,,,-5.1,,,,
146,2025-02-24 06:00,-5.1,,.9,160,70,2.9,-9.7,1024.7,1032.6,,,,,6,6,Sc,12,3362,,,-4.9,,,,
146,2025-02-24 07:00,-5.3,,1,160,73,3,-9.3,1025.2,1033.1,,,,,9,9,Sc,10,3001,,,-5.3,,,,
146,2025-02-24 08:00,-4.2,,.9,160,68,3,-9.2,1025.5,1033.4,.2,.12,,,4,4,Sc,12,3169,,,-4.1,,,,
146,2025-02-24 09:00,-1.7,,.8,160,59,3.2,-8.6,1026.5,1034.3,1,.7,,,3,3,Sc,10,3163,,,-1.2,,,,
146,2025-02-24 10:00,-.9,,.9,250,51,2.9,-9.7,1026.8,1034.6,1,1.4,,,0,0,,,3253,,,3.1,,,,
146,2025-02-24 11:00,.4,,2.4,340,52,3.3,-8.3,1026.8,1034.6,1,1.87,,,2,2,Sc,10,2853,,,3.6,,,,
146,2025-02-24 12:00,2.4,,2.5,270,48,3.5,-7.5,1026.4,1034.1,1,2.62,,,5,5,Sc,10,3005,,,12.7,,,,
146,2025-02-24 13:00,3.6,,2.5,320,45,3.6,-7.2,1025.5,1033.2,1,2.51,,,3,3,Sc,13,2927,,,12.3,,,,
146,2025-02-24 14:00,3.5,,3.6,290,44,3.5,-7.6,1024.9,1032.5,1,2.72,,,2,2,Sc,13,3439,,,15.5,,,,
146,2025-02-24 15:00,3.7,,3.7,270,42,3.3,-8,1024.3,1031.9,1,2.38,,,0,0,,,3683,,,13.2,,,,
146,2025-02-24 16:00,3.5,,4,270,42,3.3,-8.2,1024.5,1032.1,1,1.88,,,0,0,,,4276,,,10.6,,,,
146,2025-02-24 17:00,2.9,,4.3,270,47,3.5,-7.3,1024.4,1032.1,1,1.2,,,0,0,,,3644,,,4.2,,,,
146,2025-02-24 18:00,2.3,,3.2,270,49,3.5,-7.3,1024.5,1032.2,1,.47,,,0,0,,,3976,,,.1,,,,
146,2025-02-24 19:00,1.4,,2.9,270,47,3.2,-8.7,1025.1,1032.8,.1,.02,,,0,0,,,4082,,,-1.1,,,,
146,2025-02-24 20:00,.4,,1.9,270,58,3.6,-6.9,1025.6,1033.3,,,,,0,0,,,3866,,,-1.7,,,,
146,2025-02-24 21:00,.1,,1.5,320,59,3.6,-6.9,1025.9,1033.7,,,,,0,0,,,3457,,,-2.4,,,,
146,2025-02-24 22:00,-.6,,1.3,110,61,3.6,-7.2,1025.6,1033.4,,,,,0,0,,,3406,,,-3.3,,,,
146,2025-02-24 23:00,-1.4,,1.3,140,64,3.5,-7.3,1025.3,1033.1,,,,,0,0,,,3508,,,-3.6,,,,
146,2025-02-25 00:00,-2.1,,1,140,67,3.5,-7.4,1025,1032.8,,,,,0,0,,,3322,,,-3.9,,,,
146,2025-02-25 01:00,-2.5,,.7,160,69,3.5,-7.4,1025,1032.8,,,,,0,0,,,3207,,,-4.1,,,,
146,2025-02-25 02:00,-3,,1.2,140,70,3.4,-7.7,1025.2,1033,,,,,0,0,,,3447,,,-4.3,,,,
146,2025-02-25 03:00,-3.5,,1.3,140,70,3.3,-8.1,1024.9,1032.8,,,,,0,0,,,3236,,,-4.4,,,,
146,2025-02-25 04:00,-3.8,,1.6,140,70,3.2,-8.4,1024,1031.9,,,,,0,0,,,3290,,,-4.6,,,,
146,2025-02-25 05:00,-3.9,,2,140,69,3.2,-8.7,1023.4,1031.3,,,,,0,0,,,3792,,,-4.7,,,,
146,2025-02-25 06:00,-3.9,,1.7,140,69,3.2,-8.7,1022.7,1030.5,,,,,4,0,Ci,,3777,,,-4.7,,,,
146,2025-02-25 07:00,-4.3,,1.5,140,75,3.3,-8,1023.1,1031,,,,,3,1,ScCi,15,3100,,,-5,,,,
146,2025-02-25 08:00,-3.1,,.5,110,68,3.3,-8.1,1023.9,1031.7,.3,.12,,,3,0,Ci,,3454,,,-3.9,,,,
146,2025-02-25 09:00,-.5,,1,160,63,3.7,-6.6,1024.2,1032,1,.78,,,0,0,,,2968,,,-.6,,,,
146,2025-02-25 10:00,2,,.8,140,53,3.8,-6.5,1023.5,1031.2,1,1.37,,,5,0,Ci,,3619,,,3.4,,,,
146,2025-02-25 11:00,4,,.9,160,52,4.2,-4.9,1022.7,1030.3,1,1.86,,,3,0,Ci,,3662,,,8.2,,,,
146,2025-02-25 12:00,5.1,,1.2,270,47,4.1,-5.3,1021.5,1029.1,1,2.51,,,7,0,Ci,,4094,,,12.8,,,,
146,2025-02-25 13:00,6,,2.7,270,45,4.2,-5,1020.7,1028.2,1,2.43,,,9,0,Ci,,4108,,,14.6,,,,
146,2025-02-25 14:00,6.5,,3.2,250,48,4.6,-3.7,1019.5,1027,1,2.14,,,4,0,Ci,,3739,,,15.5,,,,
146,2025-02-25 15:00,8.2,,3,250,44,4.8,-3.3,1019.1,1026.6,1,2.18,,,5,2,ScCi,13,4540,,,15.8,,,,
146,2025-02-25 16:00,7.1,,1.5,290,48,4.9,-3.1,1018.5,1026,1,1.44,,,7,1,AcCi,37,3796,,,11.1,,,,
146,2025-02-25 17:00,6,,3.2,290,58,5.4,-1.6,1018.3,1025.8,.4,.68,,,8,2,ScCi,12,3900,,,6.3,,,,
146,2025-02-25 18:00,5.3,,3.2,250,59,5.3,-2,1018.2,1025.7,.1,.24,,,7,7,Ac,34,4370,,,3.4,,,,
146,2025-02-25 19:00,4.9,,2.5,250,68,5.9,-.5,1018.5,1026.1,0,.01,,,6,1,,10,3564,,,2.7,,,,
146,2025-02-25 20:00,4.9,,2.7,230,70,6.1,-.1,1018.8,1026.4,,,,,9,9,,12,3042,,,2.5,,,,
146,2025-02-25 21:00,4.5,,1,200,70,5.9,-.5,1018.6,1026.2,,,,,2,2,Sc,13,2940,,,.3,,,,
146,2025-02-25 22:00,4.6,,1.4,200,70,5.9,-.4,1018.8,1026.4,,,,,7,7,,12,3080,,,1.4,,,,
146,2025-02-25 23:00,4.6,,1.4,200,72,6.1,0,1018.6,1026.2,,,,,6,6,,12,2857,,,1.2,,,,
146,2025-02-26 00:00,4.5,,1.2,200,73,6.1,0,1018.1,1025.6,,,,,6,6,,,2369,,,.5,,,,
146,2025-02-26 01:00,4.9,,1.7,230,72,6.2,.2,1018.2,1025.8,,,,,8,8,,9,1621,,,1.3,,,,
146,2025-02-26 02:00,4.9,,2.1,230,74,6.4,.6,1018.4,1026,,,,,2,2,,10,1243,,,.7,,,,
146,2025-02-26 03:00,5,,2.4,230,73,6.3,.5,1018.1,1025.7,,,,,5,5,Sc,11,1027,,,1.2,,,,
146,2025-02-26 04:00,5.1,,1.7,230,73,6.4,.6,1017.7,1025.2,,,,,0,0,,,937,,40,.6,,,,
146,2025-02-26 05:00,4.8,,2.2,250,75,6.4,.7,1017.7,1025.3,,,,,0,0,,,794,,40,-.3,,,,
146,2025-02-26 06:00,4.2,,1.7,250,81,6.7,1.2,1017.6,1025.2,,,,,0,0,,,646,,4019,-.6,,,,
146,2025-02-26 07:00,3.6,,1.4,230,83,6.5,.9,1018.1,1025.7,,,,,0,0,,,566,,19,-.8,,,,
146,2025-02-26 08:00,3.6,,1,230,85,6.7,1.3,1018.5,1026.1,0,.1,,,2,2,Sc,15,483,,19,-.4,,,,
146,2025-02-26 09:00,4.7,,2.1,270,80,6.8,1.5,1019.1,1026.7,.3,.44,,,8,8,Sc,5,413,,19,3.4,,,,
146,2025-02-26 10:00,5.5,,2.3,270,70,6.3,.4,1019.2,1026.7,.7,.99,,,7,7,Sc,5,484,,19,8.3,,,,
146,2025-02-26 11:00,7,,1.7,250,61,6.1,0,1019.1,1026.6,.6,1.42,,,3,3,Sc,10,583,,4019,13.9,,,,
146,2025-02-26 12:00,7.8,,2.4,270,43,4.5,-4,1018.8,1026.3,1,2.22,,,0,0,,,907,,40,17.3,,,,
146,2025-02-26 13:00,9.4,,3,290,30,3.5,-7.3,1018.3,1025.7,1,2.55,,,0,0,,,1573,,40,19.3,,,,
146,2025-02-26 14:00,9.8,,2.3,290,28,3.4,-7.8,1017.6,1025,1,2.65,,,0,0,,,2294,,,21.2,,,,
146,2025-02-26 15:00,9.7,,3.2,270,26,3.1,-8.9,1017.3,1024.7,1,2.34,,,0,0,,,2627,,,18.6,,,,
146,2025-02-26 16:00,9.6,,3.6,270,21,2.5,-11.7,1017.3,1024.7,1,1.89,,,0,0,,,3802,,,15,,,,
146,2025-02-26 17:00,8.9,,4.1,270,23,2.6,-11.1,1016.9,1024.3,1,1.23,,,0,0,,,3716,,,8.5,,,,
146,2025-02-26 18:00,7.6,,2.6,270,26,2.7,-10.7,1017,1024.5,1,.48,,,0,0,,,4058,,,3.5,,,,
146,2025-02-26 19:00,6.2,,1.7,250,30,2.8,-10.1,1017.5,1025,.1,.02,,,0,0,,,3849,,,.7,,,,
146,2025-02-26 20:00,4.9,,1.4,250,37,3.2,-8.6,1017.8,1025.4,,,,,0,0,,,3535,,,-.9,,,,
146,2025-02-26 21:00,3.2,,.7,20,39,3,-9.4,1018,1025.6,,,,,0,0,,,3199,,,-1.4,,,,
146,2025-02-26 22:00,2.7,,.2,0,41,3,-9.2,1018.4,1026,,,,,0,0,,,3370,,,-1.8,,,,
146,2025-02-26 23:00,1.2,,1.2,140,45,3,-9.4,1018.3,1026,,,,,0,0,,,3528,,,-2.2,,,,
146,2025-02-27 00:00,.6,,1.6,140,42,2.7,-10.8,1018.1,1025.8,,,,,0,0,,,3827,,,-2.6,,,,
146,2025-02-27 01:00,-.3,,1.7,140,44,2.6,-11.1,1017.7,1025.4,,,,,0,0,,,3942,,,-2.8,,,,
146,2025-02-27 02:00,-.4,,1.9,140,43,2.6,-11.4,1017.7,1025.4,,,,,0,0,,,4401,,,-2.9,,,,
146,2025-02-27 03:00,-.6,,1.4,140,43,2.5,-11.6,1016.9,1024.6,,,,,0,0,,,4498,,,-3.1,,,,
146,2025-02-27 04:00,-.4,,1.8,140,41,2.4,-12,1016.5,1024.2,,,,,0,0,,,4671,,,-3.2,,,,
146,2025-02-27 05:00,-1,,1,160,48,2.7,-10.6,1017,1024.7,,,,,0,0,,,3931,,,-3.6,,,,
146,2025-02-27 06:00,-1.3,,1.4,140,45,2.5,-11.7,1017.4,1025.1,,,,,0,0,,,4550,,,-3.8,,,,
146,2025-02-27 07:00,-1.3,,1.1,140,45,2.5,-11.7,1017.4,1025.1,,,,,3,0,Ci,,4223,,,-3.7,,,,
146,2025-02-27 08:00,.3,,1,140,40,2.5,-11.7,1017.8,1025.5,.4,.14,,,5,0,Ci,,4150,,,-2.8,,,,
146,2025-02-27 09:00,3.3,,1.2,160,32,2.5,-11.8,1017.8,1025.4,1,.62,,,2,0,Ci,,3887,,,-.5,,,,
146,2025-02-27 10:00,6.5,,.7,230,25,2.4,-12.1,1017.9,1025.4,1,1.39,,,2,0,Ci,,3841,,,6.2,,,,
146,2025-02-27 11:00,9.8,,.5,250,18,2.2,-13.4,1017.6,1025,1,2.09,,,2,0,Ci,,3547,,,12.1,,,,
146,2025-02-27 12:00,12.6,,1,250,14,2,-14.2,1016.8,1024.1,1,2.48,,,0,0,,,3117,,,18.7,,,,
146,2025-02-27 13:00,14.3,,.7,290,16,2.6,-11.2,1015.1,1022.4,1,2.64,,,0,0,,,3071,,,22,,,,
146,2025-02-27 14:00,15.1,,1.2,340,14,2.4,-12.2,1013.5,1020.7,1,2.49,,,6,0,Ci,,2827,,,22.2,,,,
146,2025-02-27 15:00,15.6,,1.4,230,12,2.1,-13.7,1012.5,1019.7,1,2.28,,,2,0,Ci,,3296,,,22.1,,,,
146,2025-02-27 16:00,16.1,,2.3,160,11,2,-14.4,1011.8,1019,1,1.85,,,0,0,,,3661,,,18.6,,,,
146,2025-02-27 17:00,16.1,,1.1,200,11,2,-14.4,1011.6,1018.8,1,1.14,,,4,0,Ci,,3459,,,12.8,,,,
146,2025-02-27 18:00,14.7,,.9,230,13,2.2,-13.4,1011.4,1018.6,.7,.42,,,6,1,ScAcCi,15,3304,,,6.9,,,,
146,2025-02-27 19:00,11.4,,3.4,250,26,3.5,-7.4,1012.2,1019.5,0,.01,,,8,5,,40,2189,,,6.3,,,,
146,2025-02-27 20:00,9.5,,.8,320,26,3.1,-9,1013,1020.4,,,,,8,8,,27,3012,,,4.9,,,,
146,2025-02-27 21:00,9.2,,.5,50,28,3.2,-8.4,1013.2,1020.6,,,,,9,9,Sc,20,2911,,,5,,,,
146,2025-02-27 22:00,8.9,,1.2,70,29,3.3,-8.2,1013.6,1021,,,,,9,9,Sc,13,2882,,01,4.7,,,,
146,2025-02-27 23:00,7.2,,1.6,140,62,6.2,.3,1013.4,1020.9,,,,,9,9,Sc,15,3388,,01,4.6,,,,
146,2025-02-28 00:00,7.2,0,.5,90,62,6.2,.3,1013.3,1020.7,,,,,9,9,Sc,13,2843,,,4.6,,,,
146,2025-02-28 01:00,7.4,,1.2,140,58,6,-.3,1013.2,1020.7,,,,,9,9,,9,3016,,,4.6,,,,
146,2025-02-28 02:00,7.4,,.9,140,64,6.6,1,1013.2,1020.7,,,,,9,9,,7,2812,,,4.6,,,,
146,2025-02-28 03:00,7,,1.3,140,72,7.2,2.2,1012.8,1020.3,,,,,10,10,St,5,1633,,,4.6,,,,
146,2025-02-28 04:00,5.9,,.8,110,88,8.1,4,1012.6,1020.1,,,,,10,10,St,5,895,,1902,4.6,,,,
146,2025-02-28 05:00,6.1,,1.1,140,86,8.1,3.9,1012.7,1020.2,,,,,9,9,Sc,5,1406,,1902,4.6,,,,
146,2025-02-28 06:00,6.5,0,1.4,90,84,8.1,3.9,1012.4,1019.9,,,,,9,9,Sc,5,1513,,,4.7,,,,
146,2025-02-28 07:00,6.7,,.7,140,84,8.2,4.1,1012.4,1019.9,,,,,9,9,Sc,6,1522,,,4.7,,,,
146,2025-02-28 08:00,6.9,,.1,0,84,8.3,4.3,1013,1020.5,0,.03,,,10,9,ScAs,4,1281,,,5.2,,,,
146,2025-02-28 09:00,7.6,,.6,160,82,8.5,4.7,1013.7,1021.1,0,.12,,,10,8,ScAs,5,1471,,,6,,,,
146,2025-02-28 10:00,8.7,,.7,160,80,9,5.4,1013.9,1021.3,0,.28,,,10,8,ScAs,5,1210,,01,8.1,,,,
146,2025-02-28 11:00,9.8,,.7,90,75,9,5.5,1014.2,1021.6,0,.74,,,10,8,ScAs,4,1978,,01,10.8,,,,
146,2025-02-28 12:00,12.8,0,.9,140,66,9.7,6.5,1014.2,1021.5,.2,1.68,,,6,6,Sc,5,2440,,,17.5,,,,
146,2025-02-28 13:00,12,,1.3,340,68,9.5,6.2,1014.1,1021.4,.3,1.51,,,9,9,Sc,7,2094,,,13.5,,,,
146,2025-02-28 14:00,13.5,,.7,340,59,9.1,5.6,1013.6,1020.9,.5,1.66,,,8,8,Sc,8,2557,,,16.7,,,,
146,2025-02-28 15:00,14.2,,1.5,340,56,9,5.5,1013.4,1020.7,.4,1.63,,,8,8,Sc,10,3300,,,19.2,,,,
146,2025-02-28 16:00,14.4,,1.5,360,54,8.8,5.1,1012.8,1020.1,1,1.91,,,0,0,,,3562,,,16.8,,,,
146,2025-02-28 17:00,14.6,,.4,0,52,8.6,4.8,1012.2,1019.4,1,1.14,,,0,0,,,3174,,,13.5,,,,
146,2025-02-28 18:00,13.3,,.8,340,56,8.5,4.6,1012.5,1019.8,1,.43,,,0,0,,,2845,,,9.3,,,,
146,2025-02-28 19:00,12.4,,1.4,360,62,8.9,5.3,1012.9,1020.2,.1,.02,,,0,0,,,2017,,,6.6,,,,
146,2025-02-28 20:00,11,,1.5,110,66,8.6,4.8,1013.1,1020.4,,,,,0,0,,,1872,,,4.9,,,,
146,2025-02-28 21:00,9.6,,.6,160,70,8.3,4.3,1013.1,1020.5,,,,,0,0,,,1898,,,3.9,,,,
146,2025-02-28 22:00,8.7,,.9,230,75,8.4,4.5,1013.8,1021.2,,,,,0,0,,,1584,,,3.1,,,,
146,2025-02-28 23:00,7.3,,.4,0,79,8,3.8,1013.8,1021.3,,,,,0,0,,,1431,,,2.3,,,,
146,2025-03-01 00:00,6.1,,1,140,82,7.7,3.2,1013.7,1021.2,,,,,0,0,,,1383,,,1.7,,,,
146,2025-03-01 01:00,5.6,,1.1,180,85,7.7,3.2,1013.9,1021.4,,,,,0,0,,,1329,,,1.3,,,,
146,2025-03-01 02:00,4.7,,1.1,140,86,7.3,2.5,1013.6,1021.1,,,,,0,0,,,1136,,,.9,,,,
146,2025-03-01 03:00,4.3,,1,110,88,7.3,2.4,1013.3,1020.8,,,,,0,0,,,1178,,,.6,,,,
146,2025-03-01 04:00,4.2,,1.2,160,89,7.3,2.5,1013.1,1020.6,,,,,0,0,,,1187,,,.4,,,,
146,2025-03-01 05:00,3.7,,1.7,140,89,7.1,2,1013.2,1020.8,,,,,0,0,,,1177,,,.4,,,,
146,2025-03-01 06:00,3.9,,1.4,160,88,7.1,2,1012.7,1020.2,,,,,0,0,,,1444,,,.3,,,,
146,2025-03-01 07:00,3.9,,1,160,89,7.2,2.2,1012.3,1019.8,,,,,3,0,Ci,,1373,,,.3,,,,
146,2025-03-01 08:00,5.6,,1,160,80,7.3,2.4,1012.1,1019.6,.2,.13,,,6,0,Ci,,1968,,,1.4,,,,
146,2025-03-01 09:00,8.1,,1.1,110,76,8.2,4.1,1012.1,1019.5,0,.21,,,10,10,As,20,2157,,,4.7,,,,
146,2025-03-01 10:00,9.6,,1.3,140,75,8.9,5.3,1011.6,1019,0,.19,,,10,8,ScAs,15,2200,,,6,,,,
146,2025-03-01 11:00,11,,.3,0,71,9.3,5.9,1011.1,1018.4,0,.26,,,10,8,ScAs,15,2517,,,7.7,,,,
146,2025-03-01 12:00,9.4,,1.5,360,76,8.9,5.3,1011,1018.4,0,.31,,,10,8,ScAs,12,1108,,,8.2,,,,
146,2025-03-01 13:00,11.9,,.8,340,67,9.3,5.9,1009.4,1016.7,0,.52,,,9,9,Sc,10,1700,,,9.7,,,,
146,2025-03-01 14:00,12.8,,1,340,66,9.7,6.5,1008.8,1016.1,0,.46,,,10,8,ScAs,8,1652,,,9.7,,,,
146,2025-03-01 15:00,12.9,0,.9,340,73,10.8,8.1,1008.5,1015.8,0,.26,,,10,9,ScAs,7,1552,,01,10.1,,,,
146,2025-03-01 16:00,11.8,,1.9,340,76,10.4,7.6,1008.5,1015.8,0,.16,,,10,9,ScAs,6,984,,1901,9.3,,,,
146,2025-03-01 17:00,10.7,,.5,20,90,11.6,9.1,1007.8,1015.1,0,.2,,,9,9,Sc,6,608,,1901,9.3,,,,
146,2025-03-01 18:00,12.3,.2,.7,70,87,12.4,10.1,1007.7,1015,0,.15,,,8,8,Sc,8,934,,19,9.1,,,,
146,2025-03-01 19:00,11.9,,.9,110,89,12.4,10.1,1008,1015.3,0,.01,,,9,9,,6,792,,19,8.5,,,,
146,2025-03-01 20:00,12.8,,1.2,140,85,12.5,10.3,1007.7,1015,,,,,7,7,,6,1763,,19,8.5,,,,
146,2025-03-01 21:00,12.7,,1,340,85,12.4,10.2,1008.1,1015.4,,,,,9,9,Sc,6,1640,,,8.5,,,,
146,2025-03-01 22:00,11.4,,.6,340,86,11.6,9.1,1008,1015.3,,,,,6,6,,5,1345,,,8.3,,,,
146,2025-03-01 23:00,11.6,,.8,290,84,11.4,8.9,1008.4,1015.7,,,,,7,7,,5,1508,,,8.3,,,,
146,2025-03-02 00:00,11.2,,1,340,86,11.4,8.9,1007.8,1015.1,,,,,9,9,Sc,4,1637,,,8.3,,,,
146,2025-03-02 01:00,11.8,,.5,320,86,11.9,9.5,1008.1,1015.4,,,,,9,9,,5,1519,,,8.2,,,,
146,2025-03-02 02:00,10.5,,2.1,340,90,11.4,8.9,1008.1,1015.4,,,,,8,8,,6,827,,19,8.2,,,,
146,2025-03-02 03:00,10.4,,.2,0,92,11.6,9.1,1007.7,1015,,,,,9,9,Sc,5,579,,19,8.1,,,,
146,2025-03-02 04:00,10.8,,.3,0,90,11.6,9.2,1008.1,1015.4,,,,,9,9,Sc,4,678,,19,8.1,,,,
146,2025-03-02 05:00,10.6,,1,340,91,11.6,9.1,1008.2,1015.5,,,,,9,9,Sc,3,561,,19,8.2,,,,
146,2025-03-02 06:00,10.4,0,.4,0,93,11.7,9.3,1008,1015.3,,,,,10,9,ScAs,4,442,,1901,8.1,,,,
146,2025-03-02 07:00,9.8,,1.4,340,95,11.5,9,1008.2,1015.5,,,,,10,8,StNs,5,264,,1901,8,,,,
146,2025-03-02 08:00,9.7,,1.5,340,97,11.6,9.2,1008.9,1016.3,0,.02,,,10,5,StNs,6,118,,1901,8.1,,,,
146,2025-03-02 09:00,10.4,2.8,.1,0,98,12.3,10,1008.8,1016.1,0,.12,,,10,8,StNs,6,167,,1901,8.7,,,,
146,2025-03-02 10:00,11.9,,.5,360,99,13.7,11.7,1007.7,1015,0,.35,,,9,9,Sc,7,197,,1901,11.5,,,,
146,2025-03-02 11:00,15,,1.4,340,86,14.6,12.6,1007,1014.2,.8,1.7,,,6,1,ScAc,15,1069,,19,17.1,,,,
146,2025-03-02 12:00,17.3,0,1.6,340,79,15.6,13.6,1006,1013.1,.4,1.8,,,7,7,Sc,6,1032,,,20.4,,,,
146,2025-03-02 13:00,18.9,,1.4,340,73,15.9,13.9,1005.2,1012.3,.8,2.02,,,7,4,ScCi,15,1102,,,21,,,,
146,2025-03-02 14:00,20.3,,.6,20,67,15.9,13.9,1003.7,1010.7,.9,1.83,,,7,4,ScAcCi,15,1119,,,22.3,,,,
146,2025-03-02 15:00,21.1,,2.2,340,65,16.2,14.2,1002.6,1009.6,1,1.83,,,7,0,Ci,,1232,,,22,,,,
146,2025-03-02 16:00,20,,2.7,340,65,15.2,13.2,1002.1,1009.1,.7,1.3,,,7,3,AcCi,30,1482,,,19.2,,,,
146,2025-03-02 17:00,18.9,,1.9,290,67,14.6,12.6,1002.1,1009.2,.2,.46,,,10,2,ScAs,12,1372,,,15.9,,,,
146,2025-03-02 18:00,16.1,.4,1.6,320,80,14.6,12.6,1002.7,1009.8,0,.05,,,10,5,StNs,8,814,,01,14,,,,
146,2025-03-02 19:00,13.9,,1.3,360,93,14.7,12.7,1002.8,1010,0,0,,,10,10,St,4,261,,01,13,,,,
146,2025-03-02 20:00,13.7,,2.1,50,94,14.7,12.7,1002.9,1010.1,,,,,10,10,St,4,698,,01,12.3,,,,
146,2025-03-02 21:00,12.4,2.3,4.4,90,87,12.4,10.2,1002.8,1010,,,,,10,9,StNs,8,1818,,01,11.3,,,,
146,2025-03-02 22:00,10.5,,3.6,70,93,11.8,9.4,1002.8,1010.1,,,,,10,10,St,5,314,,01,10.3,,,,
146,2025-03-02 23:00,10,,2.1,70,93,11.4,8.9,1003.2,1010.5,,,,,10,10,St,6,1988,,01,9.7,,,,
146,2025-03-03 00:00,9.5,4,1.7,50,89,10.5,7.7,1001.5,1008.8,,,,,10,9,ScAs,11,4470,,01,9.3,,,,
146,2025-03-03 01:00,8.6,,2.3,70,94,10.4,7.6,1001.8,1009.1,,,,,10,10,St,8,3652,,01,8.7,,,,
146,2025-03-03 02:00,5.9,,4.7,20,91,8.4,4.5,1005.5,1012.9,,,,,10,10,St,6,797,,01,6.8,,,,
146,2025-03-03 03:00,5.1,10.2,4.6,70,93,8.1,4,1006.5,1014,,,,,10,10,St,10,769,,01,5.9,,,,
146,2025-03-03 04:00,5,,3.9,90,86,7.5,2.8,1006,1013.5,,,,,10,3,StNs,5,1308,,01,5.5,,,,
146,2025-03-03 05:00,5.6,,2.7,140,87,7.9,3.6,1006.1,1013.5,,,,,10,4,StNs,15,1376,,01,5.6,,,,
146,2025-03-03 06:00,6.8,4.1,3.4,90,78,7.7,3.2,1006.5,1013.9,,,,,10,3,ScAs,10,4901,,01,5.8,,,,
146,2025-03-03 07:00,5.6,,1.2,360,91,8.2,4.2,1008.5,1016,0,0,,,10,1,ScAs,15,1483,,01,5.8,,,,
146,2025-03-03 08:00,5.2,,1.9,20,94,8.3,4.3,1010.3,1017.8,0,.02,,,10,9,StNs,4,1671,,01,5.8,,,,
146,2025-03-03 09:00,5,2.3,1.2,50,90,7.8,3.4,1010.7,1018.2,0,.22,,,10,7,StNs,8,5000,,01,6.9,,,,
146,2025-03-03 10:00,6.1,,2.9,110,71,6.7,1.2,1010.8,1018.3,0,.49,,,10,3,ScAs,15,5000,,01,8.6,,,,
146,2025-03-03 11:00,7.3,,2.7,110,63,6.4,.7,1011.7,1019.1,0,1.01,,,10,10,As,25,4936,,,11,,,,
146,2025-03-03 12:00,9.2,0,3,90,56,6.5,.8,1012,1019.4,.3,1.65,,,3,3,Ac,30,4702,,,16.4,,,,
146,2025-03-03 13:00,9.2,,4.2,90,53,6.2,.1,1011.7,1019.1,1,2.74,,,5,2,ScAc,15,4881,,,18,,,,
146,2025-03-03 14:00,8.6,,4.3,90,54,6,-.2,1011.6,1019,.6,2.11,,,9,2,ScAc,12,4698,,,16.1,,,,
146,2025-03-03 15:00,7.9,,5.3,110,56,6,-.3,1012.1,1019.5,0,1.12,,,10,4,ScAs,15,4929,,,12.3,,,,
146,2025-03-03 16:00,7.2,,5.4,90,58,5.9,-.5,1011.3,1018.7,0,.72,,,10,10,As,22,4908,,,10.5,,,,
146,2025-03-03 17:00,7.3,,3.7,110,56,5.7,-.9,1011.9,1019.3,0,.65,,,10,5,ScAs,15,4645,,,9.2,,,,
146,2025-03-03 18:00,6.4,,4.2,110,56,5.4,-1.7,1012.1,1019.6,0,.23,,,9,9,Sc,15,4386,,,7.1,,,,
146,2025-03-03 19:00,6.1,,2.7,90,57,5.4,-1.7,1012.2,1019.7,0,.03,,,9,7,,19,3870,,,5.7,,,,
146,2025-03-03 20:00,5.5,,3.6,110,56,5.1,-2.5,1013,1020.5,,,,,10,8,,20,3889,,,5.1,,,,
146,2025-03-03 21:00,5.3,,3.8,90,56,5,-2.7,1013.5,1021,,,,,10,10,As,22,3866,,,4.7,,,,
146,2025-03-03 22:00,5.3,,3.5,90,55,4.9,-3,1013.4,1020.9,,,,,10,10,,20,4061,,,4.5,,,,
146,2025-03-03 23:00,5.4,,2.1,90,53,4.8,-3.4,1013.7,1021.2,,,,,10,10,,21,4307,,,4.4,,,,
146,2025-03-04 00:00,5.1,0,3,70,56,4.9,-2.9,1013.8,1021.3,,,,,10,10,,,4148,,01,4.1,,,,
146,2025-03-04 01:00,4.4,,3,110,65,5.4,-1.6,1014.2,1021.7,,,,,10,10,Ns,20,3101,,01,3.9,,,,
146,2025-03-04 02:00,4.3,,2.2,110,67,5.6,-1.2,1014.7,1022.3,,,,,10,10,Ns,20,4044,,01,3.9,,,,
146,2025-03-04 03:00,3.7,0,1.8,90,74,5.9,-.5,1013.8,1021.4,,,,,10,10,Ns,20,4496,,01,3.7,,,,
146,2025-03-04 04:00,3.9,,3.6,90,70,5.7,-1,1012.3,1019.8,,,,,10,10,As,21,5000,,01,3.6,,,,
146,2025-03-04 05:00,4.2,,2,70,65,5.4,-1.8,1011.8,1019.3,,,,,9,9,Sc,17,5000,,,3.6,,,,
146,2025-03-04 06:00,4.9,0,3.2,90,57,4.9,-2.9,1011.4,1018.9,,,,,9,9,Sc,17,5000,,,3.4,,,,
146,2025-03-04 07:00,4.9,,4.4,90,57,4.9,-2.9,1010.3,1017.8,0,0,,,10,8,ScAs,17,5000,,,3.3,,,,
146,2025-03-04 08:00,5.1,,3.2,90,57,5,-2.7,1010.1,1017.6,0,.03,,,10,8,ScAs,15,5000,,,3.6,,,,
146,2025-03-04 09:00,4.4,0,1.5,110,70,5.8,-.6,1011.8,1019.3,0,.1,,,10,5,ScAs,8,3344,,01,4.1,,,,
146,2025-03-04 10:00,3.7,,.9,20,82,6.5,.9,1011.8,1019.3,0,.34,,,10,5,ScAs,11,4598,,01,5.8,,,,
146,2025-03-04 11:00,3.5,,1.1,20,88,6.9,1.6,1011.7,1019.3,0,.43,,,10,5,ScAs,9,2481,,01,6.2,,,,
146,2025-03-04 12:00,3.6,1.1,1.6,360,87,6.9,1.6,1011.9,1019.4,0,.46,,,10,5,ScAs,5,1945,,01,6.7,,,,
146,2025-03-04 13:00,3.6,,.8,20,91,7.2,2.2,1011.7,1019.2,0,.24,,,10,5,StNs,4,2190,,01,6.1,,,,
146,2025-03-04 14:00,3.1,,.8,340,92,7,1.9,1011.6,1019.2,0,.37,,,10,5,StNs,2,1846,,01,6.5,,,,
146,2025-03-04 15:00,4.1,2.6,2.4,20,91,7.4,2.7,1009.7,1017.2,.1,.93,,,7,7,Sc,11,4905,,01,11.1,,,,
146,2025-03-04 16:00,5.7,,1.1,340,79,7.2,2.3,1009.9,1017.4,1,1.72,,,5,5,Sc,10,5000,,,11.7,,,,
146,2025-03-04 17:00,7,,.5,20,69,6.9,1.6,1009.2,1016.6,1,1.06,,,7,2,ScCi,8,5000,,,10.4,,,,
146,2025-03-04 18:00,6.5,,2.2,90,66,6.3,.5,1009.8,1017.3,.2,.33,,,6,5,ScCi,15,5000,,,7.5,,,,
146,2025-03-04 19:00,6.2,,2.7,90,64,6.1,-.1,1011.1,1018.6,0,.03,,,8,4,,22,5000,,,5.4,,,,
146,2025-03-04 20:00,5.8,,3.2,90,65,6,-.2,1011.2,1018.7,,,,,9,4,,65,5000,,,4.3,,,,
146,2025-03-04 21:00,4.7,,1,50,73,6.2,.2,1011.6,1019.1,,,,,10,5,ScAs,8,5000,,,4.1,,,,
146,2025-03-04 22:00,4.3,,1.2,20,74,6.1,0,1011.5,1019,,,,,10,1,,17,5000,,,3.7,,,,
146,2025-03-04 23:00,4.7,,0,0,72,6.1,0,1011.3,1018.8,,,,,10,10,,61,5000,,,3.5,,,,
146,2025-03-05 00:00,4.3,,.7,20,76,6.3,.4,1011.4,1018.9,,,,,10,5,ScAs,12,5000,,,3,,,,
146,2025-03-05 01:00,4.4,,.4,0,75,6.2,.3,1012.2,1019.7,,,,,10,9,,62,5000,,,2.9,,,,
146,2025-03-05 02:00,4,,.3,0,79,6.4,.6,1012.6,1020.1,,,,,10,2,,19,5000,,,3.1,,,,
146,2025-03-05 03:00,4,,.2,0,75,6.1,0,1012.2,1019.7,,,,,10,7,ScAs,9,5000,,,3.3,,,,
146,2025-03-05 04:00,4.2,,.8,200,79,6.5,.8,1012.5,1020,,,,,10,7,ScAs,5,5000,,,3.6,,,,
146,2025-03-05 05:00,4.1,,1,140,78,6.4,.6,1012.2,1019.7,,,,,10,8,ScAs,5,5000,,,3.7,,,,
146,2025-03-05 06:00,4.2,0,1.6,160,79,6.5,.8,1013,1020.5,,,,,10,8,ScAs,7,4466,,01,3.8,,,,
146,2025-03-05 07:00,4.1,,1.7,110,81,6.6,1.1,1013.4,1020.9,0,0,,,10,9,ScAs,8,4352,,01,3.7,,,,
146,2025-03-05 08:00,4.3,,1.8,140,81,6.7,1.3,1014.2,1021.7,0,.03,,,10,1,ScAs,9,5000,,,4.1,,,,
146,2025-03-05 09:00,4.6,0,.6,140,83,7,1.9,1015,1022.5,0,.18,,,10,2,ScAs,8,2155,,01,5.1,,,,
146,2025-03-05 10:00,5.4,,.3,0,77,6.9,1.6,1015.1,1022.6,0,.34,,,10,4,ScAs,8,4963,,01,6.3,,,,
146,2025-03-05 11:00,5.7,,.4,0,75,6.9,1.6,1015.1,1022.6,0,.39,,,10,5,ScAs,7,4817,,,7.1,,,,
146,2025-03-05 12:00,6.2,0,.5,360,75,7.1,2,1014.8,1022.3,0,.57,,,10,5,ScAs,8,4532,,,8.6,,,,
146,2025-03-05 13:00,7,,2,340,75,7.5,2.8,1013.5,1021,0,.83,,,9,9,Sc,8,4939,,,10.4,,,,
146,2025-03-05 14:00,7.3,,1.3,340,69,7,1.9,1012.8,1020.3,0,1.06,,,10,8,ScAs,9,5000,,,11,,,,
146,2025-03-05 15:00,7.4,,2,270,70,7.2,2.2,1013.1,1020.6,0,.64,,,10,9,ScAs,9,5000,,,9.3,,,,
146,2025-03-05 16:00,7.1,,2.2,270,73,7.3,2.5,1013.5,1021,0,.25,,,10,8,ScAs,6,4111,,,7.5,,,,
146,2025-03-05 17:00,6.5,,.8,270,81,7.8,3.4,1013.8,1021.3,0,.12,,,10,9,ScAs,5,1690,,01,7,,,,
146,2025-03-05 18:00,6.6,0,1.7,290,79,7.7,3.2,1014.9,1022.4,0,.04,,,10,9,ScAs,5,3275,,01,6.2,,,,
146,2025-03-05 19:00,6.2,,1.6,270,84,7.9,3.6,1015.3,1022.8,0,0,,,10,10,,7,3094,,,5.7,,,,
146,2025-03-05 20:00,6.1,,1,270,83,7.8,3.4,1015.6,1023.1,,,,,10,10,,9,2911,,,5.5,,,,
146,2025-03-05 21:00,5.9,,1.2,270,82,7.6,3,1016,1023.5,,,,,9,9,Sc,10,3168,,,5.3,,,,
146,2025-03-05 22:00,5.9,,.7,320,80,7.4,2.7,1016.1,1023.6,,,,,10,10,,10,2787,,,5.1,,,,
146,2025-03-05 23:00,5.8,,.8,320,81,7.4,2.7,1016.4,1023.9,,,,,10,10,,12,2601,,,4.9,,,,
146,2025-03-06 00:00,5.9,,1.4,320,79,7.3,2.5,1016.8,1024.3,,,,,9,9,,,2584,,,4.7,,,,
146,2025-03-06 01:00,5.3,,2.2,340,75,6.7,1.2,1016.1,1023.6,,,,,10,10,,14,3225,,,4.1,,,,
146,2025-03-06 02:00,4.6,,1.9,340,75,6.3,.5,1016.7,1024.3,,,,,7,7,,15,2333,,,3,,,,
146,2025-03-06 03:00,4.2,,1.8,340,74,6.1,0,1017,1024.6,,,,,8,8,Sc,13,2985,,,3,,,,
146,2025-03-06 04:00,4,,1.5,320,74,6,-.2,1017.1,1024.7,,,,,9,9,Sc,13,3607,,,3.3,,,,
146,2025-03-06 05:00,3.8,,1.1,340,74,5.9,-.4,1017.1,1024.7,,,,,9,8,ScCi,13,2566,,,3.2,,,,
146,2025-03-06 06:00,3.8,,1.2,270,71,5.7,-.9,1017.5,1025.1,,,,,9,7,ScCi,14,3067,,,2.7,,,,
146,2025-03-06 07:00,3.2,,1,290,77,5.9,-.4,1018.3,1025.9,0,.01,,,9,9,Sc,16,2764,,,2.4,,,,
146,2025-03-06 08:00,3.2,,1.9,320,72,5.6,-1.3,1019,1026.6,0,.13,,,9,7,ScCi,16,2306,,,2.5,,,,
146,2025-03-06 09:00,4,,1.6,340,68,5.6,-1.3,1019.5,1027.1,.5,.57,,,2,1,ScCi,15,2039,,,3.7,,,,
146,2025-03-06 10:00,5.4,,.7,320,61,5.5,-1.5,1019.4,1027,1,1.42,,,0,0,,,1814,,,7.9,,,,
146,2025-03-06 11:00,7.3,,1.7,270,56,5.7,-.9,1019.3,1026.8,1,2.12,,,0,0,,,1941,,,12.7,,,,
146,2025-03-06 12:00,7.6,,2.8,270,54,5.6,-1.1,1018.9,1026.4,1,2.5,,,3,1,ScCi,11,2384,,,14.4,,,,
146,2025-03-06 13:00,9.2,,2.4,290,46,5.4,-1.8,1018.1,1025.5,.8,2.01,,,3,3,Sc,14,2637,,,15.2,,,,
146,2025-03-06 14:00,8.4,,4.1,270,47,5.2,-2.2,1017.6,1025.1,.4,1.44,,,6,6,Sc,13,2284,,,13,,,,
146,2025-03-06 15:00,8.4,,3.4,270,52,5.7,-.9,1017.5,1025,.4,1.26,,,6,6,Sc,13,1918,,,10.8,,,,
146,2025-03-06 16:00,8.8,,4.7,270,59,6.7,1.2,1017.2,1024.6,.5,1.14,,,5,5,Sc,12,1509,,,11.5,,,,
146,2025-03-06 17:00,7.7,,4.7,270,61,6.4,.6,1017.8,1025.3,.7,.86,,,6,6,Sc,17,1518,,,8.7,,,,
146,2025-03-06 18:00,6.9,,3.2,270,63,6.2,.3,1018.4,1025.9,1,.51,,,1,1,Sc,16,1319,,,6,,,,
146,2025-03-06 19:00,5.2,,2.4,250,69,6.1,0,1019.1,1026.7,.1,.04,,,0,0,,,989,,40,3.8,,,,
146,2025-03-06 20:00,4.4,,2.2,250,70,5.8,-.6,1019.9,1027.5,,,,,0,0,,,899,,40,2.7,,,,
146,2025-03-06 21:00,4.1,,1.8,250,70,5.8,-.8,1020.8,1028.4,,,,,0,0,,,933,,40,1.9,,,,
146,2025-03-06 22:00,3.5,,1.8,250,71,5.6,-1.2,1021.3,1028.9,,,,,0,0,,,882,,40,1.3,,,,
146,2025-03-06 23:00,3,,.8,200,73,5.6,-1.3,1021.4,1029,,,,,0,0,,,900,,40,.8,,,,
146,2025-03-07 00:00,2,,.9,140,78,5.5,-1.4,1021.5,1029.2,,,,,0,0,,,765,,40,.1,,,,
146,2025-03-07 01:00,1.9,,.5,230,80,5.6,-1.1,1021.5,1029.2,,,,,0,0,,,726,,4019,-.3,,,,
146,2025-03-07 02:00,1.4,,.5,140,83,5.6,-1.1,1021.7,1029.4,,,,,0,0,,,708,,19,-.4,,,,
146,2025-03-07 03:00,.4,,1.6,110,86,5.4,-1.6,1021.5,1029.2,,,,,0,0,,,599,,19,-.4,,,,
146,2025-03-07 04:00,.1,,.9,160,87,5.4,-1.8,1021.3,1029,,,,,0,0,,,546,,19,-.4,,,,
146,2025-03-07 05:00,-.4,,.9,140,88,5.2,-2.1,1021.8,1029.5,,,,,0,0,,,516,,19,-.4,,,,
146,2025-03-07 06:00,-.3,,1.3,140,88,5.3,-2,1022.2,1029.9,,,,,0,0,,,502,,19,-.6,,,,
146,2025-03-07 07:00,-.7,,1.3,160,89,5.2,-2.2,1021.9,1029.6,0,0,,,0,0,,,485,,19,-.9,,,,
146,2025-03-07 08:00,.7,,.7,140,83,5.4,-1.8,1022.3,1030,.5,.22,,,0,0,,,596,,19,-.7,,,,
146,2025-03-07 09:00,2.8,,.5,70,74,5.6,-1.3,1022.5,1030.2,1,.81,,,0,0,,,645,,19,-.4,,,,
146,2025-03-07 10:00,5.3,,.7,180,61,5.4,-1.6,1021.9,1029.5,1,1.52,,,0,0,,,867,,4019,4.5,,,,
146,2025-03-07 11:00,7.1,,1,290,48,4.9,-3.1,1021.2,1028.7,1,2.07,,,3,0,Ci,,1124,,40,11.3,,,,
146,2025-03-07 12:00,10.1,,1.2,200,42,5.2,-2.2,1020.4,1027.8,1,2.08,,,6,0,Ci,,1496,,,13.9,,,,
146,2025-03-07 13:00,10.8,,3.2,230,30,3.9,-6.1,1019.4,1026.8,1,2.5,,,6,0,Ci,,3082,,,15.7,,,,
146,2025-03-07 14:00,11.2,,2,340,38,5,-2.6,1018.7,1026.1,1,2.65,,,5,0,Ci,,1494,,,17.5,,,,
146,2025-03-07 15:00,11.7,,2.6,270,40,5.5,-1.4,1018.5,1025.9,1,2.1,,,6,0,Ci,,1790,,,15.5,,,,
146,2025-03-07 16:00,10.2,,3.9,290,44,5.5,-1.5,1018.3,1025.7,1,1.62,,,7,0,Ci,,1742,,,12.6,,,,
146,2025-03-07 17:00,9.2,,2.5,290,45,5.2,-2.1,1018.4,1025.8,.6,.85,,,8,0,Ci,,1592,,,9.4,,,,
146,2025-03-07 18:00,7.6,,3.4,270,47,4.9,-3,1019.2,1026.7,0,.3,,,7,0,Ci,,1821,,,6.3,,,,
146,2025-03-07 19:00,6.6,,1.8,270,44,4.3,-4.8,1019.5,1027,0,.03,,,7,7,,60,1987,,,4.5,,,,
146,2025-03-07 20:00,6.2,,1,250,41,3.9,-6.1,1019.6,1027.1,,,,,7,4,,22,2105,,,3.7,,,,
146,2025-03-07 21:00,6,,.9,230,50,4.7,-3.6,1019.6,1027.1,,,,,9,8,AcCi,22,1533,,,3.6,,,,
146,2025-03-07 22:00,6,,.8,200,48,4.5,-4.2,1019.6,1027.1,,,,,10,4,,18,1565,,,3.6,,,,
146,2025-03-07 23:00,5.6,,.7,140,51,4.6,-3.7,1019.7,1027.3,,,,,10,4,,45,1686,,,3.5,,,,
146,2025-03-08 00:00,5.8,,.4,0,48,4.4,-4.3,1019.2,1026.7,,,,,8,8,,,2016,,,2.8,,,,
146,2025-03-08 01:00,5.2,,1.2,110,52,4.6,-3.8,1018.7,1026.3,,,,,7,5,,44,1922,,,2.4,,,,
146,2025-03-08 02:00,5.5,,1.3,160,53,4.8,-3.3,1018.3,1025.8,,,,,8,0,,,1975,,,2.2,,,,
146,2025-03-08 03:00,6.3,,1.6,140,52,5,-2.8,1017.5,1025,,,,,9,3,ScAc,15,2261,,,2.9,,,,
146,2025-03-08 04:00,6.2,,1.1,180,53,5,-2.6,1017.3,1024.8,,,,,8,6,ScAc,16,2555,,,2.7,,,,
146,2025-03-08 05:00,6.4,,.5,230,53,5.1,-2.5,1017.2,1024.7,,,,,9,3,ScAc,15,2353,,,3.1,,,,
146,2025-03-08 06:00,4.5,,1.7,340,67,5.6,-1.1,1017.7,1025.3,,,,,7,7,Sc,15,1379,,,2.5,,,,
146,2025-03-08 07:00,4.5,,.4,0,66,5.6,-1.3,1018.4,1026,0,0,,,6,6,Sc,17,1239,,,2.1,,,,
146,2025-03-08 08:00,4.6,,0,0,66,5.6,-1.2,1019,1026.6,0,.13,,,7,5,ScAs,16,1355,,01,3.1,,,,
146,2025-03-08 09:00,6.3,0,0,0,60,5.7,-.9,1019.7,1027.2,.4,.47,,,6,6,Sc,15,1363,,,5,,,,
146,2025-03-08 10:00,7.3,,.9,340,53,5.4,-1.6,1020.2,1027.7,.4,.82,,,8,8,Sc,11,1467,,,6.8,,,,
146,2025-03-08 11:00,7.9,,1.9,290,53,5.6,-1.1,1020.1,1027.6,.1,.98,,,8,8,Sc,12,1707,,,10.8,,,,
146,2025-03-08 12:00,7.3,,1.1,320,55,5.6,-1.1,1019.9,1027.4,0,.93,,,8,8,Sc,13,1311,,,10.4,,,,
146,2025-03-08 13:00,7.7,,1.8,270,56,5.9,-.5,1019.4,1026.9,0,.95,,,9,9,Sc,14,1641,,,10.7,,,,
146,2025-03-08 14:00,8.6,,.3,0,54,6,-.2,1018.6,1026.1,.6,1.79,,,5,5,Sc,11,1432,,,12.9,,,,
146,2025-03-08 15:00,9.9,,2.8,270,55,6.7,1.2,1018.3,1025.7,.5,1.66,,,7,7,Sc,11,2078,,,14.8,,,,
146,2025-03-08 16:00,9.5,,2.6,270,59,7,1.8,1018.4,1025.8,.4,1.2,,,8,8,Sc,10,1943,,,11.7,,,,
146,2025-03-08 17:00,9.5,,3.3,270,58,6.9,1.6,1018.6,1026,.5,.83,,,4,4,Sc,9,1884,,,10.6,,,,
146,2025-03-08 18:00,8.1,,3.5,270,56,6.1,-.1,1019.1,1026.6,.9,.47,,,1,1,Sc,9,2083,,,6.6,,,,
146,2025-03-08 19:00,6.5,,2.5,290,57,5.5,-1.4,1019.2,1026.7,0,.04,,,0,0,,,2155,,,4.1,,,,
146,2025-03-08 20:00,5.8,,1.7,290,65,6,-.2,1019.9,1027.4,,,,,0,0,,,1627,,,3,,,,
146,2025-03-08 21:00,5.5,,.2,0,67,6.1,-.1,1020.6,1028.2,,,,,0,0,,,1562,,,2.1,,,,
146,2025-03-08 22:00,5.1,,1.1,250,69,6.1,-.1,1021.3,1028.9,,,,,0,0,,,1411,,,1.5,,,,
146,2025-03-08 23:00,4.1,,1.1,140,72,5.9,-.5,1021.7,1029.3,,,,,0,0,,,1379,,,.9,,,,
146,2025-03-09 00:00,3.5,,1,140,75,5.9,-.5,1021.7,1029.3,,,,,0,0,,,1233,,,.4,,,,
146,2025-03-09 01:00,2.6,,1.3,110,80,5.9,-.5,1022,1029.7,,,,,0,0,,,1068,,,.1,,,,
146,2025-03-09 02:00,1.8,,1.2,140,82,5.7,-.9,1022.2,1029.9,,,,,0,0,,,1014,,,-.3,,,,
146,2025-03-09 03:00,1.6,,1.1,140,84,5.8,-.8,1022,1029.7,,,,,0,0,,,924,,19,-.3,,,,
146,2025-03-09 04:00,1,,1.1,140,85,5.6,-1.2,1022,1029.7,,,,,0,0,,,872,,19,-.4,,,,
146,2025-03-09 05:00,.9,,1.1,140,87,5.7,-1,1022,1029.7,,,,,0,0,,,794,,19,-.5,,,,
146,2025-03-09 06:00,.6,,.8,160,88,5.6,-1.1,1022.6,1030.3,,,,,5,0,Ci,,740,,19,-.5,,,,
146,2025-03-09 07:00,.7,,1.1,110,87,5.6,-1.2,1023.5,1031.2,0,0,,,3,0,Ci,,812,,19,-.7,,,,
146,2025-03-09 08:00,1.5,,1,140,83,5.7,-1,1024.1,1031.8,.5,.23,,,0,0,,,794,,19,-.5,,,,
146,2025-03-09 09:00,4,,.5,180,75,6.1,0,1024.5,1032.1,1,.86,,,0,0,,,939,,19,1.1,,,,
146,2025-03-09 10:00,7.1,,.5,290,64,6.4,.7,1024.6,1032.1,1,1.55,,,0,0,,,1103,,19,7.5,,,,
146,2025-03-09 11:00,8.4,,1.1,340,51,5.6,-1.1,1024.1,1031.6,1,2.18,,,0,0,,,1360,,,13.5,,,,
146,2025-03-09 12:00,11.1,,1.9,340,44,5.8,-.7,1023.8,1031.2,1,2.62,,,0,0,,,1593,,,17.1,,,,
146,2025-03-09 13:00,11.2,,2.6,360,44,5.8,-.6,1023,1030.4,1,2.82,,,0,0,,,1496,,,18.3,,,,
146,2025-03-09 14:00,12.8,,2.8,320,38,5.6,-1.1,1022.3,1029.7,1,2.72,,,0,0,,,1952,,,18.4,,,,
146,2025-03-09 15:00,13,,2.4,290,37,5.6,-1.3,1021.6,1029,1,2.38,,,3,0,Ci,,1721,,,17.2,,,,
146,2025-03-09 16:00,13.2,,2.9,290,35,5.3,-1.9,1020.8,1028.1,1,1.92,,,3,0,Ci,,2037,,,15.6,,,,
146,2025-03-09 17:00,12.9,,2.3,290,37,5.5,-1.4,1020.5,1027.9,1,1.24,,,3,0,Ci,,1846,,,12.5,,,,
146,2025-03-09 18:00,11.5,,2.6,270,52,7,1.9,1020.7,1028.1,1,.52,,,2,0,Ci,,1044,,,8.7,,,,
146,2025-03-09 19:00,9.1,,2.4,270,61,7,1.9,1021.1,1028.6,.2,.05,,,2,0,,,777,,40,6.2,,,,
146,2025-03-09 20:00,8.4,,.4,0,64,7,1.9,1021.8,1029.3,,,,,0,0,,,690,,40,4.6,,,,
146,2025-03-09 21:00,7.7,,.9,230,68,7.1,2.1,1021.9,1029.4,,,,,0,0,,,570,,40,3.7,,,,
146,2025-03-09 22:00,7,,.5,200,73,7.3,2.4,1022.2,1029.7,,,,,0,0,,,488,,40,3,,,,
146,2025-03-09 23:00,6.2,,.7,140,73,6.9,1.7,1022.1,1029.7,,,,,0,0,,,584,,40,2.3,,,,
146,2025-03-10 00:00,5.6,,.6,140,76,6.9,1.6,1022.1,1029.7,,,,,3,0,,,565,,40,2.1,,,,
146,2025-03-10 01:00,5.1,,.3,0,78,6.8,1.5,1022.3,1029.9,,,,,2,0,,,552,,40,1.7,,,,
146,2025-03-10 02:00,4.8,,.7,160,78,6.7,1.2,1022.1,1029.7,,,,,6,5,,75,575,,40,1.4,,,,
146,2025-03-10 03:00,4.5,,.5,140,78,6.5,.9,1021.3,1028.9,,,,,3,0,Ci,,592,,4019,.9,,,,
146,2025-03-10 04:00,4.5,,1.5,110,72,6.1,-.1,1021,1028.6,,,,,0,0,,,854,,19,.3,,,,
146,2025-03-10 05:00,3.6,,1.4,140,71,5.6,-1.1,1020.9,1028.5,,,,,4,0,Ci,,1096,,19,.1,,,,
146,2025-03-10 06:00,3.5,,1.7,140,69,5.4,-1.6,1021,1028.6,,,,,3,0,Ci,,1223,,,-.2,,,,
146,2025-03-10 07:00,3.2,,1.7,140,69,5.3,-1.9,1021,1028.6,0,0,,,3,0,Ci,,1260,,,-.2,,,,
146,2025-03-10 08:00,4.5,,1.2,140,65,5.5,-1.5,1021.3,1028.9,.6,.24,,,4,0,Ci,,1264,,,.7,,,,
146,2025-03-10 09:00,7.1,,.8,140,57,5.8,-.8,1021.3,1028.8,1,.88,,,3,0,Ci,,1385,,,4.2,,,,
146,2025-03-10 10:00,10.4,,.7,230,44,5.6,-1.3,1020.9,1028.3,1,1.49,,,4,0,Ci,,1352,,,9.5,,,,
146,2025-03-10 11:00,12.1,,.7,90,35,4.9,-2.9,1020.5,1027.9,1,2.07,,,7,0,Ci,,1744,,,14.2,,,,
146,2025-03-10 12:00,12.7,,1,340,33,4.9,-3.1,1019.7,1027.1,1,2,,,8,0,Ci,,1768,,,14.6,,,,
146,2025-03-10 13:00,14.4,,1.5,320,27,4.4,-4.3,1018.5,1025.8,1,2.29,,,8,0,Ci,,2346,,,16.9,,,,
146,2025-03-10 14:00,13.8,,2.7,340,35,5.5,-1.4,1017.8,1025.1,.3,1.43,,,9,0,Ci,,1708,,,14,,,,
146,2025-03-10 15:00,15.1,,2.2,290,31,5.3,-1.9,1017.4,1024.7,.9,1.89,,,4,0,Ci,,2214,,,16.2,,,,
146,2025-03-10 16:00,14.6,,3.2,290,33,5.5,-1.5,1016.9,1024.2,1,1.77,,,3,0,Ci,,1912,,,14.9,,,,
146,2025-03-10 17:00,13.9,,2.5,290,39,6.2,.1,1016.6,1023.9,1,1.19,,,0,0,,,1840,,,12.4,,,,
146,2025-03-10 18:00,11.8,,2.9,290,44,6.1,0,1016.8,1024.2,1,.5,,,0,0,,,2130,,,8.4,,,,
146,2025-03-10 19:00,10.1,,1.5,290,56,6.9,1.7,1016.8,1024.2,.1,.05,,,0,0,,,1548,,,6.2,,,,
146,2025-03-10 20:00,9.3,,1.4,290,56,6.5,.9,1016.9,1024.3,,,,,0,0,,,1391,,,4.9,,,,
146,2025-03-10 21:00,9,,1,290,61,7,1.8,1017.1,1024.5,,,,,0,0,,,1218,,,3.9,,,,
146,2025-03-10 22:00,7.8,,1.2,110,65,6.9,1.6,1016.8,1024.3,,,,,0,0,,,1118,,,3,,,,
146,2025-03-10 23:00,6.7,,1.2,160,69,6.8,1.4,1016.8,1024.3,,,,,0,0,,,1116,,,2.5,,,,
146,2025-03-11 00:00,6,,1.2,140,71,6.6,1.1,1016.7,1024.2,,,,,0,0,,,1031,,,1.9,,,,
146,2025-03-11 01:00,5.4,,.7,160,73,6.5,.9,1016.5,1024,,,,,0,0,,,1034,,,1.5,,,,
146,2025-03-11 02:00,4.5,,1.7,110,76,6.4,.6,1016.2,1023.8,,,,,6,2,,73,944,,19,1.4,,,,
146,2025-03-11 03:00,4.1,,1.7,140,78,6.4,.6,1015.7,1023.3,,,,,6,0,Ci,,865,,19,1.3,,,,
146,2025-03-11 04:00,3.6,,1.4,140,79,6.2,.2,1015,1022.6,,,,,5,0,Ci,,850,,19,.8,,,,
146,2025-03-11 05:00,3.5,,1.4,110,78,6.1,0,1015.6,1023.2,,,,,6,0,Ci,,878,,19,.7,,,,
146,2025-03-11 06:00,2.7,,1.5,140,83,6.1,0,1015.6,1023.2,,,,,0,0,,,756,,19,.1,,,,
146,2025-03-11 07:00,2.9,,1.7,140,80,6,-.2,1015.5,1023.1,0,0,,,0,0,,,835,,19,.1,,,,
146,2025-03-11 08:00,4.4,,1.1,140,74,6.2,.1,1015.9,1023.5,.6,.27,,,0,0,,,886,,19,1.3,,,,
146,2025-03-11 09:00,7.3,,.2,0,60,6.1,0,1016,1023.5,1,.9,,,0,0,,,949,,4019,4.9,,,,
146,2025-03-11 10:00,10.4,,.8,360,53,6.7,1.2,1015.5,1022.9,1,1.6,,,0,0,,,1148,,40,9.7,,,,
146,2025-03-11 11:00,12.5,,1.9,340,47,6.8,1.4,1015.1,1022.4,1,2.23,,,0,0,,,1373,,,15.3,,,,
146,2025-03-11 12:00,13.7,,1.3,70,37,5.8,-.7,1014,1021.3,1,2.65,,,0,0,,,1952,,,19,,,,
146,2025-03-11 13:00,15,,1.7,290,32,5.5,-1.5,1013,1020.2,1,2.83,,,0,0,,,1691,,,20.1,,,,
146,2025-03-11 14:00,17.1,,.8,200,27,5.3,-2,1011.7,1018.9,1,2.77,,,0,0,,,2043,,,20.9,,,,
146,2025-03-11 15:00,16.8,,2,320,27,5.2,-2.3,1011.2,1018.4,1,2.46,,,0,0,,,1760,,,19.8,,,,
146,2025-03-11 16:00,17.2,,1.9,270,23,4.5,-4.1,1009.8,1017,1,1.95,,,0,0,,,1811,,,18.2,,,,
146,2025-03-11 17:00,16.5,,2.7,340,25,4.7,-3.6,1010,1017.2,1,1.28,,,0,0,,,1916,,,14.5,,,,
146,2025-03-11 18:00,15.8,,.8,290,24,4.3,-4.7,1009.9,1017.1,1,.55,,,0,0,,,2186,,,10.4,,,,
146,2025-03-11 19:00,12.3,,2,290,39,5.6,-1.2,1012,1019.3,.1,.04,,,0,0,,,1468,,,7.5,,,,
146,2025-03-11 20:00,10.5,,1,230,43,5.5,-1.5,1013.4,1020.8,,,,,4,0,,,1525,,,6.1,,,,
146,2025-03-11 21:00,9.7,,1.8,230,49,5.9,-.5,1013.5,1020.9,,,,,9,0,Ci,,1457,,,5.8,,,,
146,2025-03-11 22:00,9.6,,.7,200,47,5.6,-1.1,1013,1020.4,,,,,8,7,,63,1549,,,5.4,,,,
146,2025-03-11 23:00,9.6,,.5,200,42,5,-2.7,1012.3,1019.7,,,,,9,9,,66,1962,,,5.2,,,,
146,2025-03-12 00:00,8.9,,.8,160,44,5,-2.7,1011.4,1018.8,,,,,7,0,Ci,,1843,,,4.4,,,,
146,2025-03-12 01:00,8.4,,1,140,44,4.9,-3.1,1010.3,1017.7,,,,,8,5,,60,2076,,,3.8,,,,
146,2025-03-12 02:00,8.8,,.5,140,41,4.6,-3.7,1009.1,1016.5,,,,,6,6,,59,2203,,,3.4,,,,
146,2025-03-12 03:00,6.4,,.5,320,55,5.3,-2,1009.1,1016.5,,,,,6,0,Ci,,2035,,,2.8,,,,
146,2025-03-12 04:00,6.1,,.5,270,65,6.1,0,1010.1,1017.6,,,,,6,0,Ci,,989,,40,2.4,,,,
146,2025-03-12 05:00,6.2,,1.2,140,63,6,-.3,1010.2,1017.7,,,,,6,0,Ci,,1230,,40,2.2,,,,
146,2025-03-12 06:00,6,,1,140,58,5.4,-1.6,1010.3,1017.8,,,,,8,0,Ci,,1603,,,2.3,,,,
146,2025-03-12 07:00,5.5,,1,140,60,5.4,-1.6,1010.5,1018,0,0,,,6,0,Ci,,1521,,,1.6,,,,
146,2025-03-12 08:00,6.6,,1.3,140,54,5.3,-2,1009.8,1017.2,.3,.24,,,8,2,AcCi,40,1669,,,3.1,,,,
146,2025-03-12 09:00,9,,.3,0,45,5.2,-2.3,1010.5,1017.9,.6,.82,,,9,9,Sc,17,1661,,,7.7,,,,
146,2025-03-12 10:00,10,,.9,360,42,5.2,-2.3,1010.7,1018.1,0,.72,,,10,8,ScAs,17,1887,,,9.4,,,,
146,2025-03-12 11:00,11.1,,.4,0,40,5.3,-2,1011.1,1018.4,0,.64,,,10,8,ScAs,16,1545,,,10.6,,,,
146,2025-03-12 12:00,12.6,,1.7,250,30,4.4,-4.5,1010.7,1018,0,.81,,,10,8,ScAs,15,3692,,,11.6,,,,
146,2025-03-12 13:00,13.3,,1.8,230,30,4.6,-3.9,1010.1,1017.4,0,1.26,,,10,8,ScAs,12,3093,,,13.6,,,,
146,2025-03-12 14:00,13.8,,1.7,320,36,5.7,-1,1009.4,1016.6,0,1.4,,,9,9,Sc,9,2645,,,15.7,,,,
146,2025-03-12 15:00,15.4,,2.2,320,42,7.3,2.5,1008.9,1016.1,.8,1.92,,,4,4,Sc,9,3082,,,17.9,,,,
146,2025-03-12 16:00,15.1,,2.7,290,46,7.8,3.5,1008.7,1015.9,1,2.01,,,2,2,Sc,12,2292,,,17.4,,,,
146,2025-03-12 17:00,14.8,,2.4,270,53,8.8,5.2,1008.9,1016.1,.8,1.08,,,7,7,Sc,11,2189,,,14.3,,,,
146,2025-03-12 18:00,13.3,,2.6,290,64,9.7,6.6,1009.7,1017,.1,.41,,,8,5,ScCi,8,2023,,,11.4,,,,
146,2025-03-12 19:00,10.7,,2.8,270,81,10.4,7.5,1010.3,1017.6,0,.04,,,4,2,,4,1232,,,8.9,,,,
146,2025-03-12 20:00,10,,3.4,270,81,9.9,6.8,1010.8,1018.2,,,,,6,6,,4,1463,,,8.9,,,,
146,2025-03-12 21:00,9.2,,1.6,320,83,9.6,6.4,1011.4,1018.8,,,,,8,8,Sc,5,650,,19,8.5,,,,
146,2025-03-12 22:00,9,,.8,340,88,10.1,7.1,1011.7,1019.1,,,,,9,9,,3,759,,19,8.4,,,,
146,2025-03-12 23:00,8.6,,.2,0,89,9.9,6.8,1012.3,1019.7,,,,,4,4,,4,602,,19,6.1,,,,
146,2025-03-13 00:00,7.9,,1.3,340,91,9.7,6.5,1012.7,1020.1,,,,,5,5,Sc,,513,,19,5.4,,,,
146,2025-03-13 01:00,7.5,,1.7,340,95,9.8,6.7,1013.1,1020.5,,,,,7,5,,1,246,,19,5.2,,,,
146,2025-03-13 02:00,7.2,,.1,0,97,9.8,6.7,1013.4,1020.9,,,,,8,2,,61,268,,19,4.4,,,,
146,2025-03-13 03:00,6.5,,1,340,97,9.3,6,1013.1,1020.6,,,,,9,0,Ci,,274,,19,4.1,,,,
146,2025-03-13 04:00,5.8,,1.2,70,96,8.8,5.2,1013.3,1020.8,,,,,7,0,Ci,,386,,19,3.4,,,,
146,2025-03-13 05:00,5.9,,.3,0,96,8.9,5.3,1013.8,1021.3,,,,,6,0,Ci,,515,,19,2.9,,,,
146,2025-03-13 06:00,5.7,,.4,0,95,8.7,4.9,1014,1021.5,,,,,8,0,Ci,,548,,19,2.6,,,,
146,2025-03-13 07:00,5.7,,.2,0,95,8.7,4.9,1014.8,1022.3,0,0,,,9,0,Ci,,430,,19,3.1,,,,
146,2025-03-13 08:00,6.2,,.2,0,91,8.6,4.8,1015.2,1022.7,0,.17,,,7,0,Ci,,453,,19,4.4,,,,
146,2025-03-13 09:00,8.9,,.1,0,67,7.6,3,1015.7,1023.1,.7,.74,,,6,0,Ci,,959,,19,7.9,,,,
146,2025-03-13 10:00,10.9,,2.2,340,46,6,-.2,1016.4,1023.8,.9,1.27,,,8,0,Ci,,1566,,19,10.3,,,,
146,2025-03-13 11:00,13,,4.6,360,15,2.3,-13,1016.7,1024,.1,1.32,,,9,0,Ci,,3960,,,11.6,,,,
146,2025-03-13 12:00,14,,3.6,20,16,2.6,-11.4,1016.4,1023.7,.4,1.68,,,9,0,Ci,,4118,,,14.4,,,,
146,2025-03-13 13:00,14.6,,5.4,20,17,2.8,-10.2,1016,1023.3,.7,1.95,,,8,0,Ci,,4238,,,16,,,,
146,2025-03-13 14:00,15.5,,4.4,50,18,3.2,-8.7,1014.9,1022.1,1,2.62,,,4,0,Ci,,3711,,,19.4,,,,
146,2025-03-13 15:00,16.3,,2.5,20,18,3.3,-8.1,1013.9,1021.1,1,2.42,,,7,0,Ci,,3037,,,19.1,,,,
146,2025-03-13 16:00,17.1,,2.4,360,18,3.5,-7.4,1014,1021.2,1,2.04,,,0,0,,,2921,,,18.6,,,,
146,2025-03-13 17:00,16.3,,3.6,360,19,3.5,-7.4,1012.9,1020.1,1,1.36,,,0,0,,,2859,,,14.9,,,,
146,2025-03-13 18:00,15.8,,2.5,360,22,3.9,-5.9,1013.3,1020.5,1,.58,,,0,0,,,2172,,,10.4,,,,
146,2025-03-13 19:00,13.5,,2.6,340,29,4.5,-4.2,1013.3,1020.6,.2,.05,,,2,0,,,1971,,,7.3,,,,
146,2025-03-13 20:00,12.2,,1.7,340,32,4.5,-4,1014.4,1021.7,,,,,9,0,,,1813,,,6.5,,,,
146,2025-03-13 21:00,11.6,,1.4,320,33,4.5,-4.1,1015,1022.3,,,,,6,0,Cs,,1716,,,5.5,,,,
146,2025-03-13 22:00,11,,1.5,320,37,4.9,-3.1,1016.4,1023.8,,,,,9,9,,65,1464,,,5.6,,,,
146,2025-03-13 23:00,10.1,,.7,320,39,4.8,-3.2,1016.9,1024.3,,,,,9,9,,60,1535,,,5.3,,,,
146,2025-03-14 00:00,9.8,,.2,0,45,5.5,-1.5,1017.1,1024.5,,,,,8,0,Cs,,1610,,,4.7,,,,
146,2025-03-14 01:00,9.3,,.3,0,43,5,-2.6,1017.2,1024.6,,,,,9,9,,60,1692,,,4.3,,,,
146,2025-03-14 02:00,8.2,,1.3,200,51,5.6,-1.3,1017.8,1025.3,,,,,7,6,,57,1633,,,3.8,,,,
146,2025-03-14 03:00,7.3,,1.5,140,54,5.5,-1.4,1017.8,1025.3,,,,,8,0,Ci,,1925,,,3.9,,,,
146,2025-03-14 04:00,6.9,,.6,140,54,5.4,-1.7,1017.4,1024.9,,,,,9,0,Ci,,1990,,,3.6,,,,
146,2025-03-14 05:00,6,,1.4,140,55,5.2,-2.3,1017.3,1024.8,,,,,0,0,,,2010,,,2.1,,,,
146,2025-03-14 06:00,5.5,,1.3,140,57,5.2,-2.3,1017.4,1024.9,,,,,7,0,Ci,,1906,,,1.8,,,,
146,2025-03-14 07:00,4.7,,1.3,140,65,5.6,-1.3,1017.7,1025.3,0,0,,,0,0,,,1752,,,1.1,,,,
146,2025-03-14 08:00,7.1,,.5,140,56,5.6,-1.1,1018.4,1025.9,.7,.31,,,0,0,,,1616,,,3.3,,,,
146,2025-03-14 09:00,10.9,,.3,0,39,5.1,-2.5,1018.2,1025.6,1,1.01,,,0,0,,,2026,,,6.2,,,,
146,2025-03-14 10:00,13.7,,.7,290,31,4.9,-3.1,1018.3,1025.6,1,1.72,,,0,0,,,2163,,,9.9,,,,
146,2025-03-14 11:00,16,,1.5,340,25,4.5,-4,1017.5,1024.7,1,2.31,,,0,0,,,2207,,,15.6,,,,
146,2025-03-14 12:00,18.9,,1.4,340,17,3.7,-6.7,1016.6,1023.8,1,2.71,,,0,0,,,2331,,,18.9,,,,
146,2025-03-14 13:00,20.9,,2.6,340,16,4,-5.8,1015.4,1022.5,1,2.89,,,0,0,,,3155,,,21.1,,,,
146,2025-03-14 14:00,21,,3,340,15,3.7,-6.6,1014.6,1021.7,1,2.82,,,0,0,,,2299,,,22.2,,,,
146,2025-03-14 15:00,21.8,,3.5,360,15,3.9,-6,1014.6,1021.7,1,2.5,,,0,0,,,2292,,,22,,,,
146,2025-03-14 16:00,21.3,,2.7,20,16,4.1,-5.5,1014.2,1021.3,1,1.95,,,0,0,,,2358,,,20.7,,,,
146,2025-03-14 17:00,20.7,,3.3,320,20,4.9,-3,1014.2,1021.3,.8,1.07,,,6,1,AcCi,45,2060,,,16.8,,,,
146,2025-03-14 18:00,19.4,,3.1,340,22,5,-2.8,1014.4,1021.5,.8,.49,,,5,0,Ci,,1497,,,13.5,,,,
146,2025-03-14 19:00,18.2,,2.2,50,21,4.4,-4.5,1014.5,1021.7,0,.05,,,5,4,,45,2383,,,10.8,,,,
146,2025-03-14 20:00,17.2,,1.5,90,23,4.5,-4.1,1014.7,1021.9,,,,,6,6,,44,2433,,,9.6,,,,
146,2025-03-14 21:00,16.1,,.5,70,26,4.8,-3.4,1015.1,1022.3,,,,,10,10,As,40,2202,,,9.3,,,,
146,2025-03-14 22:00,16,,1.9,90,24,4.4,-4.5,1015.2,1022.4,,,,,10,10,,43,3047,,,9.1,,,,
146,2025-03-14 23:00,15.7,,2.1,90,24,4.3,-4.8,1015,1022.2,,,,,10,10,,47,3429,,,8.6,,,,
146,2025-03-15 00:00,15.1,,3.1,110,25,4.3,-4.8,1014.7,1021.9,,,,,10,10,As,,3473,,,8.2,,,,
146,2025-03-15 01:00,14.2,,2.2,140,27,4.4,-4.5,1015.7,1023,,,,,10,2,,39,3533,,,7.9,,,,
146,2025-03-15 02:00,13.8,,2.3,90,27,4.2,-4.9,1015.5,1022.8,,,,,10,10,,39,4006,,,7.6,,,,
146,2025-03-15 03:00,12.8,,2.3,90,29,4.3,-4.8,1014.9,1022.2,,,,,10,10,As,33,3760,,,7.4,,,,
146,2025-03-15 04:00,11.5,,1,70,34,4.6,-3.8,1014.1,1021.4,,,,,10,10,As,34,3852,,,7.2,,,,
146,2025-03-15 05:00,11,,1.7,20,40,5.2,-2.1,1014.6,1022,,,,,10,10,As,26,3920,,,7.1,,,,
146,2025-03-15 06:00,10.2,,1,70,46,5.7,-.9,1015.2,1022.6,,,,,10,10,As,25,3991,,,7.1,,,,
146,2025-03-15 07:00,11.3,,2.7,140,44,5.9,-.5,1015.6,1023,0,0,,,10,8,ScAs,17,2763,,01,7.1,,,,
146,2025-03-15 08:00,9.1,,3.1,140,69,8,3.7,1016.2,1023.6,0,.02,,,10,9,StNs,10,2461,,01,7.3,,,,
146,2025-03-15 09:00,8.8,.8,3.9,110,78,8.8,5.1,1015.7,1023.1,.1,.29,,,8,8,Sc,15,2826,,01,8.7,,,,
146,2025-03-15 10:00,9,,4,110,67,7.6,3.1,1015.7,1023.1,.7,1.45,,,8,8,Ac,32,4801,,,12.5,,,,
146,2025-03-15 11:00,9.7,,4,110,60,7.2,2.2,1015.7,1023.1,0,1.19,,,10,10,As,30,5000,,,12.1,,,,
146,2025-03-15 12:00,10.7,,3.3,110,57,7.3,2.5,1015.5,1022.9,0,.92,,,10,10,As,30,4929,,,13.3,,,,
146,2025-03-15 13:00,12.2,,5.2,90,48,6.8,1.4,1013.7,1021,.6,2.39,,,3,3,Ac,38,4970,,,18.8,,,,
146,2025-03-15 14:00,13.4,,3.5,90,44,6.7,1.3,1013.1,1020.4,1,2.81,,,5,0,Ci,,5000,,,19.6,,,,
146,2025-03-15 15:00,13.2,,3.5,90,44,6.6,1.1,1013.1,1020.4,1,2.23,,,8,3,ScAcCi,12,4670,,,19.2,,,,
146,2025-03-15 16:00,12.4,,3.4,90,47,6.7,1.3,1012.6,1019.9,1,1.86,,,7,2,ScCi,15,4597,,,17.5,,,,
146,2025-03-15 17:00,11.6,,3.1,90,50,6.8,1.5,1012.4,1019.7,.5,.97,,,9,4,ScAc,14,4989,,,13.9,,,,
146,2025-03-15 18:00,10.8,,2.7,90,53,6.8,1.5,1012,1019.3,0,.31,,,10,8,ScAs,14,4933,,,11.2,,,,
146,2025-03-15 19:00,9.9,,2.7,90,55,6.7,1.2,1012.2,1019.6,0,.03,,,9,5,,14,4984,,,8.8,,,,
146,2025-03-15 20:00,9.5,,2.4,110,56,6.6,1.1,1012.3,1019.7,,,,,8,8,,73,5000,,,7.6,,,,
146,2025-03-15 21:00,9.1,,2.3,110,56,6.4,.7,1012.5,1019.9,,,,,8,0,Ci,,4968,,,6.6,,,,
146,2025-03-15 22:00,8.8,,.9,110,58,6.5,.9,1012.4,1019.8,,,,,8,8,,71,5000,,,6.2,,,,
146,2025-03-15 23:00,8.3,,1,140,61,6.7,1.2,1011.8,1019.2,,,,,8,8,,73,4848,,,5.6,,,,
146,2025-03-16 00:00,8.1,,.6,160,62,6.7,1.2,1011.4,1018.8,,,,,8,0,,,4764,,,5.3,,,,
146,2025-03-16 01:00,7.1,,1.6,340,67,6.7,1.3,1010.9,1018.3,,,,,10,6,,38,3934,,,5.4,,,,
146,2025-03-16 02:00,7.2,,1.1,50,66,6.7,1.2,1010.6,1018,,,,,9,9,,39,4307,,,5.7,,,,
146,2025-03-16 03:00,7.1,,.8,160,68,6.8,1.5,1009.8,1017.2,,,,,9,9,Sc,18,4056,,,5.8,,,,
146,2025-03-16 04:00,7.2,,.9,250,69,7,1.8,1009.2,1016.6,,,,,9,9,Sc,16,4433,,,6,,,,
146,2025-03-16 05:00,6.9,,1.3,250,69,6.8,1.5,1008.3,1015.7,,,,,9,9,Sc,15,3644,,01,6,,,,
146,2025-03-16 06:00,5.7,0,2.5,270,86,7.8,3.5,1008.4,1015.9,,,,,10,9,StNs,11,1371,,01,5.8,,,,
146,2025-03-16 07:00,5.7,,.6,230,88,8,3.8,1008.1,1015.6,0,.01,,,10,4,StNs,11,1262,,01,5.9,,,,
146,2025-03-16 08:00,5.5,,3.2,250,84,7.6,3,1008.1,1015.6,0,.17,,,10,3,StNs,7,976,,1901,6.4,,,,
146,2025-03-16 09:00,6.2,0,2.4,250,77,7.3,2.4,1008,1015.4,0,.5,,,10,1,ScAs,14,1071,,1901,8,,,,
146,2025-03-16 10:00,6,,4.4,270,74,6.9,1.7,1008.1,1015.6,0,.5,,,10,6,ScAs,6,1380,,,7.5,,,,
146,2025-03-16 11:00,5,,4.1,270,80,7,1.8,1008.1,1015.6,0,.2,,,10,9,ScAs,4,1046,,01,6.5,,,,
146,2025-03-16 12:00,5.7,.2,5.2,270,77,7,1.9,1007.3,1014.8,0,.34,,,10,8,ScAs,5,1534,,01,7.2,,,,
146,2025-03-16 13:00,6.2,,6.7,270,66,6.2,.3,1006.9,1014.3,.1,.91,,,10,8,ScAs,8,2083,,01,9.5,,,,
146,2025-03-16 14:00,5.8,,6.7,270,56,5.2,-2.3,1006.8,1014.2,.6,1.82,,,10,2,ScAs,9,1994,,,10.3,,,,
146,2025-03-16 15:00,6.1,0,6,270,40,3.8,-6.5,1007.1,1014.5,.6,1.87,,,6,3,AcCi,35,3728,,,11.1,,,,
146,2025-03-16 16:00,5,,7.2,270,36,3.1,-8.8,1007.5,1015,1,1.7,,,4,0,Ci,,3163,,,9.6,,,,
146,2025-03-16 17:00,3.5,,7,290,41,3.2,-8.5,1008.4,1015.9,1,1.39,,,2,1,ScCi,15,3382,,,7.8,,,,
146,2025-03-16 18:00,2.7,,5.5,290,42,3.1,-8.9,1009.2,1016.8,1,.69,,,4,4,Sc,18,3280,,,4.5,,,,
146,2025-03-16 19:00,1.7,,6,320,43,3,-9.5,1009.5,1017.1,.2,.08,,,6,6,,15,2934,,,2.5,,,,
146,2025-03-16 20:00,1.6,,5.1,320,44,3,-9.3,1009.6,1017.2,,,,,6,2,,14,2905,,,1.4,,,,
146,2025-03-16 21:00,1.6,,4.8,320,46,3.2,-8.7,1010,1017.6,,,,,6,6,Sc,11,3278,,,1.5,,,,
146,2025-03-16 22:00,1.2,,5,320,46,3.1,-9.1,1010.1,1017.7,,,,,5,2,,19,3156,,,.7,,,,
146,2025-03-16 23:00,1.5,,3,320,48,3.3,-8.3,1010.4,1018,,,,,6,4,ScAs,8,2761,,05,1,,,,
146,2025-03-17 00:00,2.1,0,5.4,290,48,3.4,-7.7,1009.8,1017.4,,,,,5,5,,,2428,,05,.5,,,,
146,2025-03-17 01:00,2.2,,4.9,290,47,3.4,-7.9,1009.7,1017.3,,,,,2,1,,25,2179,,,-.2,,,,
146,2025-03-17 02:00,1.9,,3.7,320,48,3.4,-7.9,1009.8,1017.4,,,,,0,0,,,1974,,,-.3,,,,
146,2025-03-17 03:00,1.4,,2.9,290,50,3.4,-7.9,1009.9,1017.5,,,,,0,0,,,1977,,,-.5,,,,
146,2025-03-17 04:00,1,,2.1,290,54,3.6,-7.2,1010,1017.6,,,,,0,0,,,1867,,,-.7,,,,
146,2025-03-17 05:00,.8,,2.2,320,54,3.5,-7.4,1010.4,1018,,,,,0,0,,,1933,,,-.8,,,,
146,2025-03-17 06:00,.3,,1.1,290,55,3.4,-7.7,1010.7,1018.3,,,,,0,0,,,2131,,,-1,,,,
146,2025-03-17 07:00,.2,,.6,290,56,3.5,-7.5,1011.6,1019.2,0,.01,,,0,0,,,2170,,,-1.1,,,,
146,2025-03-17 08:00,1.6,,2.2,270,49,3.4,-7.9,1012.3,1019.9,.9,.37,,,0,0,,,2403,,,-.8,,,,
146,2025-03-17 09:00,2.7,,2.9,290,41,3,-9.2,1012.9,1020.5,1,1.1,,,0,0,,,3126,,,0,,,,
146,2025-03-17 10:00,4.2,,2.4,340,35,2.9,-9.9,1013.2,1020.7,1,1.85,,,0,0,,,2943,,,5.3,,,,
146,2025-03-17 11:00,4.7,,3.6,270,36,3.1,-9.1,1013.3,1020.8,1,2.46,,,2,2,Sc,15,2993,,,11.3,,,,
146,2025-03-17 12:00,5.3,,3.8,270,35,3.1,-8.9,1012.8,1020.3,1,2.82,,,4,0,Ci,,2938,,,14.4,,,,
146,2025-03-17 13:00,5.8,,3.1,290,35,3.2,-8.5,1012.3,1019.8,1,3,,,1,1,Sc,19,3685,,,16.5,,,,
146,2025-03-17 14:00,6.1,,3.8,290,35,3.3,-8.2,1011.7,1019.2,1,2.83,,,3,1,ScCi,15,2590,,,16.8,,,,
146,2025-03-17 15:00,7.1,,2.6,270,32,3.2,-8.5,1011.2,1018.6,1,2.61,,,1,0,Ci,,2873,,,17.3,,,,
146,2025-03-17 16:00,6.8,,4,290,30,3,-9.6,1010.7,1018.1,1,2.08,,,0,0,,,2762,,,15,,,,
146,2025-03-17 17:00,6.4,,4.4,270,26,2.5,-11.7,1010.4,1017.9,1,1.42,,,0,0,,,3554,,,11.6,,,,
146,2025-03-17 18:00,5.5,,3.3,250,40,3.6,-7,1010.5,1018,1,.65,,,0,0,,,3216,,,7.5,,,,
146,2025-03-17 19:00,4.5,,2.2,250,37,3.1,-8.9,1010.8,1018.3,.4,.07,,,2,2,,39,3439,,,4.5,,,,
146,2025-03-17 20:00,3.4,,1,270,46,3.6,-7.1,1011.2,1018.7,,,,,0,0,,,3334,,,2.9,,,,
146,2025-03-17 21:00,3.5,,.6,180,46,3.6,-7,1011.2,1018.7,,,,,0,0,,,3179,,,1.9,,,,
146,2025-03-17 22:00,2.2,,2.2,140,47,3.4,-7.9,1010.5,1018.1,,,,,3,1,,28,3290,,,1.3,,,,
146,2025-03-17 23:00,1.8,,1.7,140,49,3.4,-7.8,1009.6,1017.2,,,,,6,6,,24,3286,,,1,,,,
146,2025-03-18 00:00,3,,2.5,160,48,3.6,-6.9,1008.5,1016,,,,,5,2,,,3614,,,.7,,,,
146,2025-03-18 01:00,3.4,,2.9,200,53,4.2,-5.2,1008.2,1015.7,,,,,10,8,ScAs,6,2459,,06,2.3,,,,
146,2025-03-18 02:00,.8,,4.7,230,96,6.2,.2,1008.5,1016.1,,,.7,,10,8,StNs,5,210,,0605,1.2,,,,
146,2025-03-18 03:00,1.1,2.9,2,250,97,6.4,.6,1008.1,1015.7,,,.5,.7,10,8,StNs,5,422,,05,1.1,,,,
146,2025-03-18 04:00,1.9,,3.1,250,87,6.1,0,1008.2,1015.8,,,.2,,10,8,ScAs,8,1488,,05,1.2,,,,
146,2025-03-18 05:00,1.8,,3.4,250,77,5.4,-1.8,1007.7,1015.3,,,.4,,10,8,ScAs,8,2081,,05,1.6,,,,
146,2025-03-18 06:00,1.2,.2,2.4,250,81,5.4,-1.7,1007.5,1015.1,,,.4,.2,8,4,ScAc,8,1807,,05,1.3,,,,
146,2025-03-18 07:00,-.6,,3.5,250,93,5.5,-1.5,1007.9,1015.5,0,.01,1.2,,8,4,ScAc,6,517,,05,1.1,,,,
146,2025-03-18 08:00,-.2,,3,250,91,5.5,-1.4,1007.5,1015.1,0,.11,1.5,,8,7,ScAs,10,785,,05,1.4,,,,
146,2025-03-18 09:00,1.6,.6,3.9,270,69,4.8,-3.4,1007.6,1015.2,.3,.53,1.3,1.1,9,5,ScAs,10,1468,,,2,,,,
146,2025-03-18 10:00,1.9,,4.9,270,61,4.3,-4.8,1008,1015.6,.1,.54,1.1,,9,5,ScAs,11,1653,,,2.5,,,,
146,2025-03-18 11:00,2,,6.4,270,65,4.6,-3.9,1007.6,1015.2,.2,.98,.8,,10,8,ScAs,10,1794,,,3.5,,,,
146,2025-03-18 12:00,1.4,0,6.5,290,73,4.9,-2.9,1007.7,1015.3,0,.43,.7,0,10,8,ScAs,7,1171,,05,3,,,,
146,2025-03-18 13:00,2.1,,5.9,290,73,5.2,-2.2,1007.6,1015.2,0,.26,.7,,10,8,ScAs,6,1767,,05,2.8,,,,
146,2025-03-18 14:00,2.1,,3.7,290,79,5.6,-1.1,1008,1015.6,0,.3,.6,,10,8,ScAs,5,1432,,05,3.3,,,,
146,2025-03-18 15:00,3.3,0,5.1,290,70,5.4,-1.6,1008.7,1016.2,.2,.92,,0,9,9,Sc,7,1705,,,6.6,,,,
146,2025-03-18 16:00,2.5,,3.4,290,74,5.4,-1.6,1009.5,1017.1,0,.54,,,9,9,Sc,6,1561,,05,4.9,,,,
146,2025-03-18 17:00,2.8,,3.6,320,67,5,-2.7,1010.3,1017.9,0,.36,,,9,8,ScAs,8,1817,,,4,,,,
146,2025-03-18 18:00,3.2,0,3.3,290,61,4.7,-3.6,1011.2,1018.8,0,.09,,,10,8,ScAs,10,1743,,,3.1,,,,
146,2025-03-18 19:00,2.9,,2.7,320,63,4.8,-3.4,1012.4,1020,0,.01,,,9,9,Sc,9,1193,,05,2.6,,,,
146,2025-03-18 20:00,2.7,,2.4,290,64,4.8,-3.4,1013.6,1021.2,,,,,9,9,Sc,10,1261,,05,2.2,,,,
146,2025-03-18 21:00,2.4,0,3.9,270,64,4.6,-3.7,1014.9,1022.5,,,,,9,9,Sc,13,1193,,05,1.8,,,,
146,2025-03-18 22:00,2.3,,3.6,270,62,4.5,-4.2,1016,1023.6,,,,,9,9,,13,1220,,,1.6,,,,
146,2025-03-18 23:00,1.9,,1.8,290,61,4.3,-4.8,1016.4,1024,,,,,5,5,,15,1315,,,1,,,,
146,2025-03-19 00:00,1.4,,1.9,290,59,4,-5.7,1016.3,1023.9,,,,,2,2,,,1471,,,.3,,,,
146,2025-03-19 01:00,1.2,,1.6,270,60,4,-5.7,1016.5,1024.2,,,,,5,5,,15,1529,,,.3,,,,
146,2025-03-19 02:00,1,,1.4,290,56,3.7,-6.8,1016.8,1024.5,,,,,5,5,,17,1708,,,.2,,,,
146,2025-03-19 03:00,.4,,.4,0,54,3.4,-7.8,1016.8,1024.5,,,,,0,0,,,1972,,,.1,,,,
146,2025-03-19 04:00,-.6,,1.4,110,72,4.2,-5,1016.8,1024.5,,,,,0,0,,,1372,,,-.4,,,,
146,2025-03-19 05:00,-1.7,,1.5,140,78,4.2,-5,1017.1,1024.8,,,,,0,0,,,1138,,,-.8,,,,
146,2025-03-19 06:00,-2.3,,1.8,140,77,4,-5.7,1017.5,1025.3,,,,,0,0,,,1231,,,-1.1,,,,
146,2025-03-19 07:00,-2.2,,1.8,140,76,4,-5.8,1017.9,1025.7,0,.01,,,0,0,,,1235,,,-1.3,,,,
146,2025-03-19 08:00,-.7,,1.6,160,68,4,-5.8,1018.4,1026.1,1,.4,,,0,0,,,1382,,,-1,,,,
146,2025-03-19 09:00,2.1,,.8,180,58,4.1,-5.3,1018.9,1026.5,1,1.11,,,0,0,,,1371,,,-.6,,,,
146,2025-03-19 10:00,4.5,,.5,360,45,3.8,-6.4,1019.2,1026.8,1,1.83,,,0,0,,,1728,,,.3,,,,
146,2025-03-19 11:00,5.5,,2.6,290,39,3.5,-7.3,1019.1,1026.6,.9,2.15,,,6,6,Sc,12,2085,,,8.5,,,,
146,2025-03-19 12:00,5.1,,2,340,41,3.6,-7,1018.7,1026.3,.7,2.04,,,7,7,Sc,15,1877,,,11.2,,,,
146,2025-03-19 13:00,6.8,,2.3,290,40,4,-5.8,1018.3,1025.8,.7,2.08,,,6,6,Sc,16,1639,,,12.8,,,,
146,2025-03-19 14:00,7.1,,3.2,270,38,3.8,-6.2,1017.6,1025.1,.8,2.2,,,5,5,Sc,17,1850,,,12.6,,,,
146,2025-03-19 15:00,7.3,,3,290,37,3.8,-6.4,1017.3,1024.8,1,2.52,,,2,2,Sc,12,1760,,,13.9,,,,
146,2025-03-19 16:00,6.4,,4.1,270,33,3.2,-8.7,1017.1,1024.6,1,2.01,,,0,0,,,2097,,,12,,,,
146,2025-03-19 17:00,6.2,,3.2,290,34,3.2,-8.5,1017,1024.5,1,1.42,,,0,0,,,2230,,,9.5,,,,
146,2025-03-19 18:00,4.9,,3.1,290,40,3.5,-7.5,1017.2,1024.8,1,.64,,,0,0,,,2112,,,5.8,,,,
146,2025-03-19 19:00,3.7,,2.7,270,56,4.5,-4.2,1017.8,1025.4,.4,.09,,,0,0,,,1504,,,3.4,,,,
146,2025-03-19 20:00,3,,1,250,60,4.5,-4,1018.2,1025.8,,,,,0,0,,,1441,,,2.3,,,,
146,2025-03-19 21:00,2.6,,1,250,62,4.6,-3.9,1018.5,1026.1,,,,,0,0,,,1370,,,1.5,,,,
146,2025-03-19 22:00,2.7,,.2,0,62,4.6,-3.8,1018.5,1026.1,,,,,0,0,,,1456,,,1.1,,,,
146,2025-03-19 23:00,1.3,,1.5,160,68,4.6,-3.9,1018.3,1026,,,,,0,0,,,1342,,,.8,,,,
146,2025-03-20 00:00,.6,,1.7,140,71,4.5,-4,1018,1025.7,,,,,0,0,,,1238,,,.6,,,,
146,2025-03-20 01:00,.5,,1.5,140,71,4.5,-4.1,1017.7,1025.4,,,,,0,0,,,1281,,,.4,,,,
146,2025-03-20 02:00,.2,,1.3,140,72,4.5,-4.2,1017.2,1024.9,,,,,0,0,,,1350,,,.3,,,,
146,2025-03-20 03:00,.8,,1.2,160,69,4.5,-4.2,1016.9,1024.6,,,,,0,0,,,1409,,,.4,,,,
146,2025-03-20 04:00,.6,,1.5,160,72,4.6,-3.8,1016.4,1024.1,,,,,0,0,,,1368,,,.2,,,,
146,2025-03-20 05:00,.7,,1.7,140,72,4.6,-3.7,1016.1,1023.8,,,,,0,0,,,1341,,,0,,,,
146,2025-03-20 06:00,.6,,1.9,140,73,4.7,-3.6,1015.9,1023.6,,,,,0,0,,,1359,,,-.2,,,,
146,2025-03-20 07:00,.8,,1.5,160,75,4.9,-3.1,1015.7,1023.4,0,.02,,,0,0,,,1302,,,-.2,,,,
146,2025-03-20 08:00,3.2,,1.7,160,67,5.2,-2.3,1015.5,1023.1,.9,.38,,,0,0,,,1520,,,.2,,,,
146,2025-03-20 09:00,6.1,,1.8,160,58,5.5,-1.5,1015.3,1022.8,1,1.07,,,0,0,,,1739,,,1.9,,,,
146,2025-03-20 10:00,9.8,,1.9,160,55,6.6,1.1,1015,1022.4,1,1.77,,,0,0,,,1784,,,7.7,,,,
146,2025-03-20 11:00,10.9,,4.3,230,58,7.5,2.9,1014.7,1022.1,1,2.26,,,4,4,Sc,10,1628,,,12.4,,,,
146,2025-03-20 12:00,11.5,,4.8,250,58,7.8,3.5,1014,1021.3,.5,1.81,,,7,7,Sc,10,1395,,,11.9,,,,
146,2025-03-20 13:00,12.4,,4.1,250,54,7.7,3.3,1013.5,1020.8,.6,1.8,,,6,6,Sc,11,1379,,,12.8,,,,
146,2025-03-20 14:00,13.5,,5.2,250,52,8,3.8,1012.4,1019.7,.9,2.42,,,4,4,Sc,11,1153,,,15.3,,,,
146,2025-03-20 15:00,14.4,,3.9,250,50,8.1,4,1011.5,1018.7,1,2.22,,,0,0,,,1069,,,16.3,,,,
146,2025-03-20 16:00,13.9,,4.2,230,54,8.5,4.7,1011,1018.3,1,1.91,,,0,0,,,921,,40,15.1,,,,
146,2025-03-20 17:00,13.3,,3.8,250,54,8.2,4.1,1010.8,1018.1,1,1.24,,,0,0,,,886,,40,12.8,,,,
146,2025-03-20 18:00,11.9,,4.2,250,58,8,3.8,1010.9,1018.2,1,.54,,,0,0,,,891,,40,9.9,,,,
146,2025-03-20 19:00,10.7,,2.5,230,63,8.1,3.9,1010.5,1017.8,.1,.07,,,2,0,,,922,,40,7.7,,,,
146,2025-03-20 20:00,10.4,,1.4,200,63,7.9,3.6,1010.5,1017.8,,,,,0,0,,,922,,40,6.3,,,,
146,2025-03-20 21:00,10.4,,1.4,200,58,7.3,2.4,1010.8,1018.1,,,,,0,0,,,1178,,40,5.5,,,,
146,2025-03-20 22:00,10.3,,1.1,200,54,6.7,1.3,1010.7,1018.1,,,,,0,0,,,1430,,,4.6,,,,
146,2025-03-20 23:00,10.1,,1.3,230,53,6.5,.9,1010.7,1018.1,,,,,0,0,,,1500,,,4,,,,
146,2025-03-21 00:00,9.5,,1.3,180,55,6.5,.8,1010.4,1017.7,,,,,0,0,,,1532,,,3.8,,,,
146,2025-03-21 01:00,9.4,,1.6,180,55,6.4,.7,1009.9,1017.3,,,,,0,0,,,1481,,,3.5,,,,
146,2025-03-21 02:00,7.9,,1.5,110,63,6.7,1.2,1009.4,1016.8,,,,,0,0,,,1212,,,3.1,,,,
146,2025-03-21 03:00,7.5,,1.8,90,68,7,1.9,1009.2,1016.6,,,,,0,0,,,1070,,,2.7,,,,
146,2025-03-21 04:00,7.5,,2.2,90,69,7.1,2.1,1009.2,1016.6,,,,,0,0,,,1041,,,2.4,,,,
146,2025-03-21 05:00,6.5,,1.8,140,74,7.1,2.1,1009,1016.4,,,,,0,0,,,998,,40,2.1,,,,
146,2025-03-21 06:00,6.5,,1.6,160,74,7.1,2.1,1008.7,1016.1,,,,,0,0,,,970,,40,2,,,,
146,2025-03-21 07:00,7,,2,140,73,7.3,2.4,1008.9,1016.3,0,.02,,,0,0,,,1080,,40,2.1,,,,
146,2025-03-21 08:00,9,,1.9,140,67,7.6,3.1,1008.8,1016.2,.9,.38,,,0,0,,,1225,,,3.6,,,,
146,2025-03-21 09:00,11.4,,2.1,140,59,7.9,3.6,1009,1016.3,1,1.09,,,0,0,,,1356,,,6.8,,,,
146,2025-03-21 10:00,14.7,,1.4,160,50,8.3,4.3,1009,1016.2,1,1.77,,,0,0,,,1393,,,11,,,,
146,2025-03-21 11:00,17.2,,2.1,200,43,8.4,4.4,1008.2,1015.3,1,2.34,,,0,0,,,1529,,,16,,,,
146,2025-03-21 12:00,19.4,,2.4,230,30,6.7,1.3,1007.1,1014.2,1,2.71,,,0,0,,,1842,,,19,,,,
146,2025-03-21 13:00,19.7,,4.5,230,29,6.6,1.1,1006.2,1013.3,1,2.92,,,0,0,,,1696,,,20.1,,,,
146,2025-03-21 14:00,20.5,,4.4,250,26,6.2,.3,1005.2,1012.2,1,2.86,,,0,0,,,1749,,,20.7,,,,
146,2025-03-21 15:00,19.6,,4.7,250,32,7.3,2.4,1004.9,1012,1,2.53,,,0,0,,,1356,,,20.3,,,,
146,2025-03-21 16:00,17.3,,4.4,290,38,7.5,2.8,1005,1012.1,1,2.01,,,0,0,,,1068,,,18.6,,,,
146,2025-03-21 17:00,16.1,,2.5,270,41,7.5,2.8,1005.4,1012.6,1,1.36,,,0,0,,,1123,,,16.2,,,,
146,2025-03-21 18:00,14.2,,2.6,270,49,7.9,3.6,1005.5,1012.7,1,.63,,,0,0,,,1064,,,12.7,,,,
146,2025-03-21 19:00,11.9,,3.1,270,58,8,3.8,1005.8,1013.1,.3,.08,,,0,0,,,994,,40,9.9,,,,
146,2025-03-21 20:00,10.7,,1.3,270,65,8.3,4.3,1006.4,1013.7,,,,,0,0,,,864,,40,8.2,,,,
146,2025-03-21 21:00,10,,.6,230,68,8.3,4.3,1006.5,1013.8,,,,,0,0,,,733,,40,7,,,,
146,2025-03-21 22:00,9.8,,.7,70,69,8.3,4.3,1006.9,1014.2,,,,,0,0,,,752,,40,6.1,,,,
146,2025-03-21 23:00,8.7,,.8,50,71,8,3.7,1007.5,1014.9,,,,,0,0,,,697,,40,5.4,,,,
146,2025-03-22 00:00,8.5,,1.4,140,72,8,3.7,1007.3,1014.7,,,,,0,0,,,713,,40,4.8,,,,
146,2025-03-22 01:00,7.8,,1.3,140,69,7.3,2.4,1006.9,1014.3,,,,,0,0,,,869,,40,4.4,,,,
146,2025-03-22 02:00,7.9,,1.1,140,64,6.8,1.4,1006.7,1014.1,,,,,0,0,,,1119,,40,3.9,,,,
146,2025-03-22 03:00,7.9,,1.6,140,64,6.8,1.4,1006.2,1013.6,,,,,0,0,,,1056,,,3.6,,,,
146,2025-03-22 04:00,8.2,,1.5,160,64,6.9,1.7,1005.6,1013,,,,,0,0,,,1032,,,3.4,,,,
146,2025-03-22 05:00,8.6,,1.7,160,62,6.9,1.7,1005.3,1012.7,,,,,0,0,,,1004,,,3.4,,,,
146,2025-03-22 06:00,8.2,,1,140,61,6.6,1.1,1005.7,1013.1,,,,,0,0,,,1195,,,3.1,,,,
146,2025-03-22 07:00,8.6,,1.5,140,62,6.9,1.7,1005.8,1013.2,0,.02,,,0,0,,,998,,40,3.2,,,,
146,2025-03-22 08:00,10.6,,1,180,56,7.1,2.1,1006,1013.3,.9,.39,,,0,0,,,914,,40,4.8,,,,
146,2025-03-22 09:00,13.7,,1.3,160,49,7.6,3.1,1006.1,1013.3,1,1.06,,,0,0,,,880,,40,8,,,,
146,2025-03-22 10:00,16.9,,.9,230,40,7.6,3.1,1006.2,1013.3,1,1.74,,,0,0,,,877,,40,12.2,,,,
146,2025-03-22 11:00,19.5,,1.2,230,34,7.7,3.2,1006,1013.1,1,2.3,,,0,0,,,980,,40,17.3,,,,
146,2025-03-22 12:00,20.6,,3.8,250,33,8,3.7,1005.9,1012.9,1,2.67,,,0,0,,,1025,,40,19.9,,,,
146,2025-03-22 13:00,21.5,,2.6,250,32,8.1,4,1005.3,1012.3,1,2.86,,,0,0,,,1166,,,21.9,,,,
146,2025-03-22 14:00,22.3,,3.3,250,26,7,1.8,1004.5,1011.5,1,2.78,,,0,0,,,1312,,,22.3,,,,
146,2025-03-22 15:00,22.7,,3.4,270,25,6.9,1.6,1004,1011,1,2.48,,,0,0,,,1529,,,22,,,,
146,2025-03-22 16:00,21.7,,3.1,270,28,7.2,2.3,1004,1011,1,1.98,,,0,0,,,1399,,,20.7,,,,
146,2025-03-22 17:00,20.9,,3.9,250,23,5.7,-1,1003.8,1010.8,1,1.33,,,0,0,,,1806,,,17.9,,,,
146,2025-03-22 18:00,19.6,,2.8,270,27,6.1,0,1003.6,1010.6,1,.64,,,0,0,,,1654,,,14.5,,,,
146,2025-03-22 19:00,14.3,,3,360,54,8.8,5.1,1004.1,1011.3,.3,.08,,,0,0,,,1094,,,11.6,,,,
146,2025-03-22 20:00,12.4,,1.8,340,61,8.7,5,1004.8,1012.1,,,,,0,0,,,1031,,,9.7,,,,
146,2025-03-22 21:00,12.2,,.4,0,60,8.5,4.6,1005.5,1012.8,,,,,0,0,,,1048,,,8.4,,,,
146,2025-03-22 22:00,12.7,,.3,0,54,7.9,3.6,1005.8,1013.1,,,,,0,0,,,1098,,,7.5,,,,
146,2025-03-22 23:00,11.8,,1.2,140,60,8.2,4.2,1006,1013.3,,,,,0,0,,,1045,,,6.7,,,,
146,2025-03-23 00:00,10.4,,1.4,140,63,7.9,3.6,1005.7,1013,,,,,0,0,,,885,,40,6,,,,
146,2025-03-23 01:00,9.8,,1.2,140,64,7.7,3.3,1005.4,1012.7,,,,,0,0,,,968,,40,5.5,,,,
146,2025-03-23 02:00,9.7,,1.7,140,59,7.1,2,1005.3,1012.6,,,,,0,0,,,1031,,40,5,,,,
146,2025-03-23 03:00,9.9,,1.6,140,57,6.9,1.7,1005,1012.3,,,,,0,0,,,1137,,,4.7,,,,
146,2025-03-23 04:00,10,,1.6,140,54,6.6,1.1,1004.8,1012.1,,,,,0,0,,,1250,,,4.5,,,,
146,2025-03-23 05:00,9.2,,1.2,180,58,6.7,1.3,1005.1,1012.4,,,,,0,0,,,1259,,,4.2,,,,
146,2025-03-23 06:00,9.7,,1.9,160,58,7,1.8,1005.1,1012.4,,,,,0,0,,,1087,,,4.1,,,,
146,2025-03-23 07:00,9.6,,1.8,160,59,7,1.9,1005.7,1013,0,.02,,,0,0,,,1143,,,4.1,,,,
146,2025-03-23 08:00,11.8,,1.8,160,53,7.3,2.5,1006.1,1013.4,.9,.41,,,0,0,,,1054,,,5.6,,,,
146,2025-03-23 09:00,14.6,,1.2,200,45,7.4,2.7,1006.2,1013.4,1,1.1,,,0,0,,,1054,,,8.7,,,,
146,2025-03-23 10:00,17.3,,.6,200,39,7.6,3.1,1006.3,1013.4,1,1.81,,,0,0,,,945,,40,13.1,,,,
146,2025-03-23 11:00,20.7,,1.6,180,32,7.7,3.3,1005.6,1012.6,1,2.37,,,0,0,,,942,,40,18.4,,,,
146,2025-03-23 12:00,23.4,,1.8,250,27,7.7,3.3,1004.6,1011.5,1,2.77,,,0,0,,,1163,,40,21.8,,,,
146,2025-03-23 13:00,24,,1.9,270,24,7.1,2.1,1003.8,1010.7,1,2.79,,,7,0,Ci,,1067,,,23.8,,,,
146,2025-03-23 14:00,25.4,,3.5,250,22,7.1,2.1,1002.8,1009.7,1,2.8,,,4,0,Ci,,1366,,,24.2,,,,
146,2025-03-23 15:00,25,,3.7,270,30,9.5,6.2,1002.2,1009.1,1,2.38,,,7,0,Ci,,1071,,,23.5,,,,
146,2025-03-23 16:00,23.6,,2.9,270,35,10.2,7.2,1002.2,1009.1,1,1.92,,,7,0,Ci,,1017,,,22.4,,,,
146,2025-03-23 17:00,21.2,,1.8,320,43,10.8,8.1,1002.5,1009.5,.7,.99,,,7,0,Ci,,1144,,,18.9,,,,
146,2025-03-23 18:00,18.9,,1.8,340,44,9.5,6.3,1002.5,1009.6,.2,.41,,,7,0,Ci,,1145,,,15.7,,,,
146,2025-03-23 19:00,19.2,,2.7,250,34,7.5,2.9,1002.6,1009.6,0,.06,,,6,1,,61,1196,,,13.2,,,,
146,2025-03-23 20:00,17.7,,.6,290,39,7.8,3.5,1003,1010.1,,,,,7,7,,65,1104,,,11.9,,,,
146,2025-03-23 21:00,16.5,,.9,90,47,8.8,5.1,1002.5,1009.6,,,,,8,0,Ci,,1038,,,11,,,,
146,2025-03-23 22:00,16.3,,.5,160,47,8.7,4.9,1002.3,1009.4,,,,,10,9,,60,1017,,,10.6,,,,
146,2025-03-23 23:00,15.9,,.7,160,41,7.4,2.6,1002,1009.1,,,,,10,9,,53,1289,,,10.2,,,,
146,2025-03-24 00:00,15.3,,.6,110,46,8,3.7,1001.6,1008.7,,,,,9,0,,,1347,,,9.7,,,,
146,2025-03-24 01:00,14.6,,1.3,180,46,7.6,3,1001.2,1008.4,,,,,7,7,,51,1082,,,9.1,,,,
146,2025-03-24 02:00,14.7,,1.4,140,41,6.8,1.5,1000.5,1007.7,,,,,10,9,,53,1210,,,8.8,,,,
146,2025-03-24 03:00,15.2,,1.5,110,35,6.1,-.1,999.6,1006.7,,,,,8,0,Ci,,1131,,,8.6,,,,
146,2025-03-24 04:00,16,,1,160,30,5.5,-1.5,999.6,1006.7,,,,,8,6,AcCi,40,1556,,,8.8,,,,
146,2025-03-24 05:00,16.8,,4.6,230,39,7.4,2.7,999.6,1006.7,,,,,8,8,Ac,35,1225,,,9,,,,
146,2025-03-24 06:00,16,0,2.3,270,47,8.5,4.6,1000,1007.1,,,,,8,8,Ac,30,1539,,01,9.4,,,,
146,2025-03-24 07:00,15.1,,1.4,160,52,8.9,5.3,999.8,1006.9,0,.01,,,9,9,Ac,27,1457,,01,9.4,,,,
146,2025-03-24 08:00,16.3,,1.9,140,43,7.9,3.6,999.7,1006.8,0,.23,,,9,0,Ci,,1539,,,10.4,,,,
146,2025-03-24 09:00,18.4,0,2.2,140,40,8.4,4.5,999,1006,.5,.82,,,6,0,Ci,,1687,,,12.2,,,,
146,2025-03-24 10:00,20.5,,1.6,200,38,9.1,5.6,998.9,1005.9,1,1.58,,,0,0,,,2086,,,16.3,,,,
146,2025-03-24 11:00,20.2,,4.5,250,44,10.4,7.5,998.5,1005.5,1,2.17,,,0,0,,,1935,,,19.2,,,,
146,2025-03-24 12:00,20.7,,6.4,230,44,10.6,7.9,998.3,1005.3,1,2.47,,,0,0,,,1729,,,20.9,,,,
146,2025-03-24 13:00,21.1,,4.6,270,45,11.2,8.6,997.5,1004.5,1,2.64,,,0,0,,,1532,,,22.6,,,,
146,2025-03-24 14:00,21.7,,3.6,270,44,11.4,8.9,996.4,1003.3,1,2.58,,,0,0,,,1654,,,23.5,,,,
146,2025-03-24 15:00,20.1,,4.4,290,50,11.7,9.3,996.2,1003.2,1,2.26,,,0,0,,,1292,,,22.8,,,,
146,2025-03-24 16:00,19.4,,4.6,250,53,11.9,9.5,996.4,1003.4,1,1.72,,,0,0,,,1270,,,21,,,,
146,2025-03-24 17:00,17.7,,2.6,250,58,11.7,9.3,996.5,1003.5,.9,1.03,,,5,0,Ci,,1145,,,18.1,,,,
146,2025-03-24 18:00,16.3,,3.6,250,64,11.8,9.4,996.7,1003.8,.1,.49,,,0,0,,,994,,40,15.7,,,,
146,2025-03-24 19:00,14.6,,2.2,270,70,11.6,9.1,997.2,1004.3,0,.06,,,0,0,,,826,,4240,13.4,,,,
146,2025-03-24 20:00,14.1,,2.3,270,73,11.7,9.3,998,1005.2,,,,,0,0,,,749,,42,12.1,,,,
146,2025-03-24 21:00,13.4,,1,290,76,11.6,9.2,998.1,1005.3,,,,,0,0,,,650,,42,11.2,,,,
146,2025-03-24 22:00,13.3,,.6,50,76,11.6,9.1,998.4,1005.6,,,,,0,0,,,647,,42,10.2,,,,
146,2025-03-24 23:00,13.5,,.6,110,76,11.7,9.3,998.6,1005.8,,,,,0,0,,,635,,42,9.5,,,,
146,2025-03-25 00:00,12.8,,.6,250,79,11.6,9.2,998.5,1005.7,,,,,0,0,,,612,,42,9,,,,
146,2025-03-25 01:00,12.6,,.6,110,79,11.5,9,998.1,1005.3,,,,,0,0,,,613,,42,8.4,,,,
146,2025-03-25 02:00,11.7,,1.1,110,81,11.1,8.5,997.4,1004.6,,,,,0,0,,,578,,42,7.9,,,,
146,2025-03-25 03:00,11,,1,250,84,10.9,8.3,997.4,1004.6,,,,,0,0,,,517,,42,7.7,,,,
146,2025-03-25 04:00,11.3,,.7,110,83,11.1,8.5,997.2,1004.4,,,,,0,0,,,552,,4219,7.3,,,,
146,2025-03-25 05:00,10.6,,.5,140,85,10.8,8.1,997,1004.2,,,,,0,0,,,491,,19,6.8,,,,
146,2025-03-25 06:00,10.2,,1.1,110,86,10.6,7.9,996.9,1004.2,,,,,0,0,,,434,,19,6.3,,,,
146,2025-03-25 07:00,10.8,,.3,0,86,11.1,8.5,997.4,1004.6,0,.03,,,0,0,,,445,,19,6.2,,,,
146,2025-03-25 08:00,12.2,,2.1,140,79,11.2,8.6,996.8,1004,.7,.43,,,0,0,,,355,,19,8,,,,
146,2025-03-25 09:00,15.5,,2.2,140,64,11.2,8.7,996,1003.1,1,1.07,,,0,0,,,567,,4019,10.9,,,,
146,2025-03-25 10:00,19.3,,1.5,160,44,9.8,6.7,996,1003,1,1.71,,,0,0,,,780,,40,15.2,,,,
146,2025-03-25 11:00,22.1,,2.1,180,36,9.5,6.3,995.2,1002.1,1,2.18,,,0,0,,,900,,40,19.2,,,,
146,2025-03-25 12:00,24.6,,2.4,180,26,8,3.8,993.9,1000.7,1,2.4,,,0,0,,,950,,4240,21.6,,,,
146,2025-03-25 13:00,25.4,,5.6,230,20,6.4,.7,993,999.8,1,2.54,,,0,0,,,876,,42,22.8,,,,
146,2025-03-25 14:00,25.8,,6.2,230,25,8.2,4.2,991.7,998.5,1,2.55,,,0,0,,,918,,42,23.6,,,,
146,2025-03-25 15:00,25.5,,8.6,230,30,9.7,6.6,991.1,997.9,.9,2.06,,,3,3,Sc,12,1331,,42,22.2,,,,
146,2025-03-25 16:00,21.3,,5.5,270,37,9.3,6,992.7,999.6,0,.88,,,5,0,Ci,,1258,,42,19.1,,,,
146,2025-03-25 17:00,18.4,,4.9,250,48,10.1,7.1,993.2,1000.2,.2,.69,,,6,0,Ci,,1036,,42,17.5,,,,
146,2025-03-25 18:00,15.5,,5.1,290,56,9.8,6.7,995,1002.1,0,.43,,,0,0,,,963,,42,15,,,,
146,2025-03-25 19:00,13.9,,4,270,46,7.3,2.4,996.4,1003.6,0,.07,,,1,1,Ac,30,1698,,42,12.3,,,,
146,2025-03-25 20:00,12.9,,2.8,250,47,7,1.8,997.3,1004.5,,,,,0,0,,,1789,,42,10.5,,,,
146,2025-03-25 21:00,12,,2.7,230,57,8,3.7,998.4,1005.6,,,,,2,2,Ac,35,1359,,42,9.6,,,,
146,2025-03-25 22:00,11.4,,1,270,51,6.9,1.6,999.6,1006.8,,,,,0,0,,,1754,,42,8.5,,,,
146,2025-03-25 23:00,11.2,,.9,180,51,6.8,1.4,999.3,1006.5,,,,,0,0,,,1756,,42,7.6,,,,
146,2025-03-26 00:00,10.5,,.3,0,55,7,1.8,999.8,1007.1,,,,,0,0,,,1790,,42,6.8,,,,
146,2025-03-26 01:00,9.4,,1.5,140,58,6.8,1.5,1000,1007.3,,,,,0,0,,,1586,,42,6.3,,,,
146,2025-03-26 02:00,8.7,,1.5,140,60,6.7,1.3,1000.3,1007.6,,,,,0,0,,,1533,,,5.8,,,,
146,2025-03-26 03:00,8.2,,1.1,160,63,6.8,1.5,1000,1007.3,,,,,0,0,,,1693,,,5.4,,,,
146,2025-03-26 04:00,7.7,,1.9,140,62,6.5,.8,999.9,1007.2,,,,,0,0,,,1538,,,5,,,,
146,2025-03-26 05:00,7.2,,1.3,140,65,6.6,1,1000.4,1007.8,,,,,0,0,,,2087,,,4.6,,,,
146,2025-03-26 06:00,6.9,,1.7,140,65,6.4,.7,1000.2,1007.6,,,,,0,0,,,1746,,,4.4,,,,
146,2025-03-26 07:00,7.3,,1.3,90,62,6.3,.4,1000.4,1007.8,0,.04,,,0,0,,,1682,,,4.6,,,,
146,2025-03-26 08:00,10.3,,1.2,140,53,6.6,1.1,1000.4,1007.7,.8,.45,,,0,0,,,1841,,,6.2,,,,
146,2025-03-26 09:00,14.8,,1.4,90,36,6.1,-.1,1000.6,1007.8,1,1.17,,,0,0,,,2054,,,8.9,,,,
146,2025-03-26 10:00,18.5,,1,90,25,5.3,-1.9,1000.1,1007.1,1,1.82,,,0,0,,,2621,,,14.1,,,,
146,2025-03-26 11:00,20.9,,1,20,27,6.6,1.1,999.6,1006.6,1,2.31,,,0,0,,,3264,,,19.2,,,,
146,2025-03-26 12:00,24.7,,.9,180,15,4.6,-3.7,998.7,1005.6,1,2.69,,,0,0,,,3974,,,23,,,,
146,2025-03-26 13:00,26.8,,2.6,180,12,4.2,-5,997.7,1004.5,1,2.96,,,0,0,,,4456,,,25.2,,,,
146,2025-03-26 14:00,27.4,,3.4,160,14,5.1,-2.4,996.2,1003,1,2.9,,,0,0,,,2716,,,26.4,,,,
146,2025-03-26 15:00,28.5,,2.5,200,19,7.4,2.6,995.4,1002.2,1,2.57,,,0,0,,,1755,,,26.4,,,,
146,2025-03-26 16:00,28.3,,3.6,180,19,7.3,2.4,994.9,1001.7,1,2.03,,,0,0,,,2112,,,24.9,,,,
146,2025-03-26 17:00,27.7,,3.6,180,20,7.4,2.6,994.3,1001.1,1,1.38,,,0,0,,,2031,,,22.2,,,,
146,2025-03-26 18:00,26.4,,3.5,160,21,7.2,2.2,994,1000.8,1,.65,,,1,0,Ci,,2124,,,18.7,,,,
146,2025-03-26 19:00,24.6,,3.4,140,25,7.7,3.2,993.8,1000.6,.2,.08,,,0,0,,,2336,,,15.9,,,,
146,2025-03-26 20:00,22.8,,3.1,160,28,7.7,3.3,994.2,1001.1,,,,,0,0,,,2469,,,14.4,,,,
146,2025-03-26 21:00,21.8,,3.5,160,35,9.1,5.6,994.3,1001.2,,,,,3,0,Ci,,2267,,,13.6,,,,
146,2025-03-26 22:00,20.6,,2.6,180,42,10.2,7.2,994.9,1001.9,,,,,0,0,,,2378,,,12.9,,,,
146,2025-03-26 23:00,19.6,,3.7,180,52,11.8,9.4,994.8,1001.8,,,,,0,0,,,2538,,,12.7,,,,
146,2025-03-27 00:00,19.2,,4.1,160,59,13,10.9,994.9,1001.8,,,,,0,0,,,2861,,,12.7,,,,
146,2025-03-27 01:00,19.8,,3.8,160,57,13.1,11,994.6,1001.6,,,,,8,4,,35,3536,,,12.7,,,,
146,2025-03-27 02:00,20.1,,3.3,140,63,14.8,12.8,994.2,1001.2,,,,,7,7,,35,2704,,,13.2,,,,
146,2025-03-27 03:00,20.5,,3.7,160,68,16.3,14.3,993.6,1000.5,,,,,6,6,Ac,38,1836,,,13.3,,,,
146,2025-03-27 04:00,21.3,,2.2,180,71,17.9,15.8,992.5,999.4,,,,,6,6,Sc,10,2648,,,13.6,,,,
146,2025-03-27 05:00,21,,3,140,73,18.1,15.9,991.4,998.3,,,,,5,5,Sc,15,2135,,,14.1,,,,
146,2025-03-27 06:00,20.2,,1.9,340,76,17.9,15.8,992.1,999,,,,,9,9,Sc,7,2065,,,14.3,,,,
146,2025-03-27 07:00,19.1,,2.2,340,84,18.5,16.3,992,999,0,.01,,,9,9,Sc,6,1241,,,14.5,,,,
146,2025-03-27 08:00,18.5,,3,340,88,18.6,16.4,993.1,1000.1,0,.12,,,10,7,ScAs,6,725,,19,15.2,,,,
146,2025-03-27 09:00,17.2,,2.3,320,90,17.6,15.5,993.7,1000.7,0,.06,,,10,8,ScAs,5,680,,19,14.7,,,,
146,2025-03-27 10:00,15.9,,2.2,250,93,16.7,14.7,994.2,1001.3,0,.1,,,10,10,St,1,499,,1902,14.5,,,,
146,2025-03-27 11:00,15,,2,270,94,16,14,993.8,1000.9,0,.18,,,10,10,St,1,568,,1902,14.5,,,,
146,2025-03-27 12:00,14,0,2.3,320,95,15.2,13.2,993.7,1000.8,0,.19,,,10,5,StNs,1,335,,190201,14.2,,,,
146,2025-03-27 13:00,14.2,,.1,0,97,15.7,13.7,993.3,1000.4,0,.32,,,10,4,StNs,1,137,,1901,14.9,,,,
146,2025-03-27 14:00,14.3,,2,270,95,15.5,13.5,993.8,1000.9,0,.21,,,10,10,St,3,518,,190201,14.5,,,,
146,2025-03-27 15:00,13.4,0,3.2,230,93,14.2,12.2,994.2,1001.3,0,.18,,,10,10,St,2,372,,1902,13.9,,,,
146,2025-03-27 16:00,13.5,,1.3,290,90,13.8,11.8,994.2,1001.3,0,.24,,,10,4,ScAs,2,572,,1902,13.8,,,,
146,2025-03-27 17:00,13.3,,2.6,250,84,12.8,10.6,995.7,1002.9,0,.23,,,10,3,ScAs,4,802,,19,13.4,,,,
146,2025-03-27 18:00,12.8,0,2.1,270,69,10.2,7.2,996.1,1003.3,0,.18,,,10,5,ScAs,6,1390,,19,12.4,,,,
146,2025-03-27 19:00,12.1,,3.1,290,60,8.4,4.5,997.2,1004.4,0,.02,,,10,0,,,1861,,,11.1,,,,
146,2025-03-27 20:00,9.9,,2.9,270,67,8.1,4,998.9,1006.2,,,,,10,6,ScAs,13,1853,,01,10.1,,,,
146,2025-03-27 21:00,9.4,0,1.6,230,64,7.5,2.9,999.7,1007,,,,,10,10,As,30,2191,,01,9.6,,,,
146,2025-03-27 22:00,9.3,,2.4,250,64,7.5,2.8,1000.4,1007.7,,,,,10,10,,30,2244,,,9.3,,,,
146,2025-03-27 23:00,8.3,,3.9,250,69,7.5,2.9,1002.2,1009.5,,,,,10,8,,30,1702,,,8.6,,,,
146,2025-03-28 00:00,7.1,.2,2.3,230,78,7.8,3.5,1002.8,1010.2,,,,,10,5,,,763,,1901,8.3,,,,
146,2025-03-28 01:00,6.2,,3.2,250,85,8,3.8,1003.5,1010.9,,,,,10,4,ScAs,11,883,,1901,7.8,,,,
146,2025-03-28 02:00,5.8,,2.8,250,87,8,3.7,1003.8,1011.2,,,,,10,4,,4,593,,19,7.3,,,,
146,2025-03-28 03:00,5.6,.2,2.5,230,84,7.6,3.1,1003.8,1011.2,,,,,7,7,Sc,4,674,,19,6.7,,,,
146,2025-03-28 04:00,5.4,,2.8,230,82,7.3,2.5,1004.1,1011.5,,,,,4,4,Sc,7,796,,19,6.1,,,,
146,2025-03-28 05:00,5.3,,2.7,250,80,7.1,2.1,1004.9,1012.3,,,,,0,0,,,956,,19,5.6,,,,
146,2025-03-28 06:00,5.2,,2.5,230,80,7.1,2,1005.7,1013.2,,,,,3,3,Sc,10,952,,19,5.3,,,,
146,2025-03-28 07:00,5.3,,2.7,270,72,6.4,.6,1006.1,1013.6,0,.03,,,10,10,St,4,1459,,19,5.7,,,,
146,2025-03-28 08:00,5.7,,2.5,270,67,6.1,0,1006.7,1014.2,.1,.27,,,5,0,Ci,,2525,,,6.3,,,,
146,2025-03-28 09:00,5.9,,3.4,270,61,5.7,-1,1007.6,1015.1,.3,.76,,,6,2,ScCi,9,3278,,,7.8,,,,
146,2025-03-28 10:00,6.8,,4.2,270,55,5.4,-1.6,1007.9,1015.3,.8,1.45,,,7,0,Ci,,3829,,,10.8,,,,
146,2025-03-28 11:00,8,,3.2,270,51,5.5,-1.5,1007.9,1015.3,.9,2.02,,,7,7,Sc,13,3499,,,14,,,,
146,2025-03-28 12:00,9.1,,2.5,320,49,5.7,-1,1008,1015.4,.8,2.04,,,8,5,ScCi,13,4098,,,14.8,,,,
146,2025-03-28 13:00,11,,2.5,320,42,5.5,-1.4,1007.8,1015.1,1,2.95,,,4,3,ScCi,15,4237,,,20.1,,,,
146,2025-03-28 14:00,10.7,,6.5,270,44,5.7,-1,1007.5,1014.8,1,3.17,,,3,2,ScCi,15,3710,,,21,,,,
146,2025-03-28 15:00,11.4,,5.6,290,40,5.4,-1.7,1007.4,1014.7,1,2.81,,,5,1,ScCi,10,4085,,,20.6,,,,
146,2025-03-28 16:00,10.7,,6,270,42,5.4,-1.7,1007.8,1015.1,1,2.26,,,4,0,Ci,,4248,,,18.6,,,,
146,2025-03-28 17:00,10.4,,3.7,290,40,5,-2.6,1008.1,1015.4,1,1.44,,,5,0,Ci,,4530,,,15.8,,,,
146,2025-03-28 18:00,8.2,,4.8,270,52,5.7,-1,1009,1016.4,.9,.66,,,6,0,Ci,,3751,,,12,,,,
146,2025-03-28 19:00,6.9,,4.4,290,55,5.5,-1.5,1010.1,1017.5,0,.1,,,8,0,,,3820,,,9.2,,,,
146,2025-03-28 20:00,6.2,,2.6,250,57,5.4,-1.7,1011.3,1018.8,,,,,8,8,,65,3653,,,7.8,,,,
146,2025-03-28 21:00,5.4,,1.8,270,60,5.4,-1.7,1012.5,1020,,,,,8,0,Ci,,3378,,,7.1,,,,
146,2025-03-28 22:00,5.4,,2.2,250,61,5.5,-1.5,1013.1,1020.6,,,,,10,9,,59,3206,,,6.7,,,,
146,2025-03-28 23:00,5.1,,1,250,62,5.5,-1.5,1013.9,1021.4,,,,,10,9,,58,3365,,,6.4,,,,
146,2025-03-29 00:00,4.7,,2.1,250,67,5.7,-.9,1014.4,1021.9,,,,,9,0,Ci,,3173,,,5.7,,,,
146,2025-03-29 01:00,4.2,,2,230,69,5.7,-.9,1014.8,1022.4,,,,,6,6,,67,3036,,,4.7,,,,
146,2025-03-29 02:00,3.8,,1.7,230,71,5.7,-.9,1015.1,1022.7,,,,,3,3,,69,3034,,,4,,,,
146,2025-03-29 03:00,3.5,,1.8,230,71,5.6,-1.2,1014.8,1022.4,,,,,2,0,Ci,,3284,,,3.4,,,,
146,2025-03-29 04:00,3,,1.4,230,73,5.6,-1.3,1014.6,1022.2,,,,,0,0,,,3249,,,2.9,,,,
146,2025-03-29 05:00,2.7,,1.6,230,71,5.3,-2,1014.7,1022.3,,,,,0,0,,,3141,,,2.4,,,,
146,2025-03-29 06:00,2.4,,1.9,230,71,5.2,-2.3,1014.9,1022.5,,,,,0,0,,,3351,,,2.1,,,,
146,2025-03-29 07:00,2.1,,.4,0,74,5.3,-2,1015.6,1023.2,.1,.05,,,0,0,,,3138,,,2,,,,
146,2025-03-29 08:00,4.1,,.4,0,62,5.1,-2.5,1016,1023.6,1,.57,,,2,0,Ci,,3033,,,3.4,,,,
146,2025-03-29 09:00,5.3,,1.9,340,58,5.2,-2.3,1016.2,1023.7,1,1.24,,,7,0,Ci,,3784,,,6.6,,,,
146,2025-03-29 10:00,6.8,,1.8,340,49,4.9,-3.1,1016.4,1023.9,1,1.91,,,6,1,ScCi,11,4058,,,11.4,,,,
146,2025-03-29 11:00,7.5,,2.3,290,48,5,-2.8,1016,1023.5,.9,2.31,,,8,8,Sc,13,3237,,,14,,,,
146,2025-03-29 12:00,8.1,0,3.3,290,44,4.8,-3.4,1015.8,1023.3,.4,1.4,,,8,8,Sc,14,4301,,01,13.7,,,,
146,2025-03-29 13:00,6.7,,6,270,57,5.6,-1.2,1015.8,1023.3,.3,1.53,,,10,6,ScAs,13,4058,,,12.5,,,,
146,2025-03-29 14:00,5.3,,6.8,290,70,6.2,.2,1016,1023.5,.3,1.43,,,10,3,ScAs,5,3369,,,12.3,,,,
146,2025-03-29 15:00,6.3,,4,290,57,5.4,-1.6,1015.5,1023,.2,1.31,,,8,8,Sc,10,3941,,,13.4,,,,
146,2025-03-29 16:00,7,,4.9,290,39,3.9,-6,1015.2,1022.7,.8,1.73,,,5,5,Sc,16,4674,,,13.5,,,,
146,2025-03-29 17:00,6.1,,6.1,290,37,3.5,-7.5,1015.6,1023.1,1,1.32,,,7,0,Ci,,4623,,,11.3,,,,
146,2025-03-29 18:00,4.8,,4.8,290,27,2.3,-12.6,1016.1,1023.6,.8,.63,,,5,0,Ci,,4924,,,8,,,,
146,2025-03-29 19:00,3.4,,3.6,290,42,3.3,-8.3,1016.9,1024.5,0,.09,,,0,0,,,4804,,,5.4,,,,
146,2025-03-29 20:00,3.3,,3.3,320,39,3,-9.3,1018.2,1025.8,,,,,9,0,,,4911,,,4.5,,,,
146,2025-03-29 21:00,2.7,,3.2,320,32,2.4,-12.3,1019.4,1027,,,,,6,0,Ci,,4835,,,3.3,,,,
146,2025-03-29 22:00,2.4,,2.4,320,36,2.6,-11.1,1020.1,1027.7,,,,,10,0,,,4801,,,2.9,,,,
146,2025-03-29 23:00,2,,1.9,320,38,2.7,-10.8,1020.8,1028.5,,,,,9,0,,,4819,,,2.4,,,,
146,2025-03-30 00:00,1.9,,2.8,320,40,2.8,-10.3,1021.3,1029,,,,,9,0,,,4780,,,2.1,,,,
146,2025-03-30 01:00,1.9,,2,320,43,3,-9.3,1021.6,1029.3,,,,,10,0,,,4689,,,1.9,,,,
146,2025-03-30 02:00,1.6,,2.2,320,52,3.6,-7.2,1021.6,1029.3,,,,,10,0,,,3987,,,1.7,,,,
146,2025-03-30 03:00,1,,2.3,320,58,3.8,-6.3,1021.6,1029.3,,,,,9,0,Ci,,4398,,,1.3,,,,
146,2025-03-30 04:00,.2,,1.4,340,63,3.9,-6,1021.8,1029.5,,,,,8,0,Ci,,3978,,,.7,,,,
146,2025-03-30 05:00,.1,,.3,0,64,3.9,-5.9,1022.2,1029.9,,,,,8,0,Ci,,3679,,,.3,,,,
146,2025-03-30 06:00,0,,.2,0,63,3.8,-6.2,1022.3,1030,,,,,6,0,Ci,,3844,,,-.2,,,,
146,2025-03-30 07:00,.2,,.7,110,64,4,-5.8,1022.9,1030.6,.1,.05,,,5,0,Ci,,4095,,,-.3,,,,
146,2025-03-30 08:00,1.7,,1.1,160,61,4.2,-5,1023,1030.7,1,.59,,,6,0,Ci,,3729,,,.5,,,,
146,2025-03-30 09:00,3.2,,.7,110,46,3.5,-7.3,1023.8,1031.4,1,1.21,,,6,0,Ci,,4018,,,3.7,,,,
146,2025-03-30 10:00,4.3,,.6,200,41,3.4,-7.8,1024.2,1031.8,1,1.81,,,7,0,Ci,,4523,,,8.8,,,,
146,2025-03-30 11:00,6.3,,1.7,360,30,2.9,-10,1024,1031.6,1,2.57,,,4,0,Ci,,4652,,,15,,,,
146,2025-03-30 12:00,8.3,,2.4,290,34,3.7,-6.6,1023.9,1031.4,1,2.92,,,3,0,Ci,,4035,,,18,,,,
146,2025-03-30 13:00,8,,5.1,270,32,3.4,-7.7,1023,1030.5,.8,2.51,,,6,3,ScCi,18,4833,,,18.5,,,,
146,2025-03-30 14:00,8,,5.4,270,36,3.9,-6.1,1022.2,1029.7,1,3.17,,,6,3,ScCi,17,4118,,,19.2,,,,
146,2025-03-30 15:00,8.3,,5.1,270,39,4.3,-4.8,1021.6,1029.1,1,2.78,,,7,3,ScCi,16,4372,,,19.1,,,,
146,2025-03-30 16:00,7.8,,4,290,31,3.3,-8.3,1021.4,1028.9,1,2,,,7,2,ScCi,18,4025,,,16.8,,,,
146,2025-03-30 17:00,7.6,,3.4,290,36,3.8,-6.5,1020.8,1028.3,1,1.43,,,7,1,ScCi,15,4210,,,14.1,,,,
146,2025-03-30 18:00,6.5,,3.1,320,42,4.1,-5.5,1020.7,1028.2,.9,.65,,,4,2,ScCi,15,4312,,,10.3,,,,
146,2025-03-30 19:00,5.7,,2.2,270,48,4.4,-4.4,1020.4,1028,.5,.15,,,0,0,,,3855,,,7.4,,,,
146,2025-03-30 20:00,5.2,,2.1,250,54,4.8,-3.3,1021.2,1028.8,,,,,0,0,,,3918,,,5.8,,,,
146,2025-03-30 21:00,4.8,,1.7,250,56,4.8,-3.2,1021.8,1029.4,,,,,0,0,,,3570,,,4.8,,,,
146,2025-03-30 22:00,4.3,,1.1,200,56,4.6,-3.7,1021.9,1029.5,,,,,0,0,,,3537,,,3.9,,,,
146,2025-03-30 23:00,3.5,,1,160,59,4.6,-3.7,1021.8,1029.4,,,,,0,0,,,3373,,,3.1,,,,
146,2025-03-31 00:00,2.6,,1.7,140,62,4.6,-3.9,1021.5,1029.1,,,,,0,0,,,3318,,,2.5,,,,
146,2025-03-31 01:00,2.7,,1.7,140,61,4.5,-4,1021.5,1029.1,,,,,3,3,,11,3438,,,3,,,,
146,2025-03-31 02:00,2.7,,.8,140,63,4.7,-3.6,1021.4,1029,,,,,5,5,,12,3418,,,3.1,,,,
146,2025-03-31 03:00,2.7,,1.5,140,62,4.6,-3.8,1021,1028.6,,,,,7,7,Sc,11,3510,,,3.2,,,,
146,2025-03-31 04:00,2.8,,1.8,140,62,4.6,-3.7,1020.4,1028,,,,,2,2,Sc,10,3717,,,2.7,,,,
146,2025-03-31 05:00,2.7,,1.8,140,63,4.7,-3.6,1020.3,1027.9,,,,,2,2,Sc,10,3612,,,2.4,,,,
146,2025-03-31 06:00,2.8,,1.9,140,62,4.6,-3.7,1020.2,1027.8,,,,,0,0,,,3347,,,2,,,,
146,2025-03-31 07:00,3.1,,1.2,140,66,5,-2.6,1020.6,1028.2,0,.06,,,5,5,Sc,10,3253,,,2.8,,,,
146,2025-03-31 08:00,5.1,,1,160,60,5.3,-2,1020.2,1027.8,.7,.55,,,0,0,,,2664,,,4.3,,,,
146,2025-03-31 09:00,7.6,,1.1,110,55,5.8,-.8,1020.4,1027.9,1,1.17,,,3,3,Sc,10,2848,,,6.8,,,,
146,2025-03-31 10:00,10.2,,1.2,140,56,6.9,1.7,1020.5,1027.9,.9,1.72,,,7,6,ScCi,10,2582,,,12.7,,,,
146,2025-03-31 11:00,10.5,,1.8,290,48,6.1,0,1020.5,1027.9,.8,1.82,,,7,6,ScCi,10,2103,,,14.5,,,,
146,2025-03-31 12:00,12.4,,2.6,340,44,6.3,.4,1020.1,1027.5,.9,2.3,,,8,3,ScCi,10,2385,,,17.3,,,,
146,2025-03-31 13:00,12.2,,3.8,290,40,5.7,-1,1019.4,1026.8,.8,2.45,,,7,6,ScCi,10,2644,,,20.2,,,,
146,2025-03-31 14:00,12.3,,2.9,320,41,5.9,-.5,1018.2,1025.6,.9,2.48,,,7,2,ScCi,10,2559,,,19.6,,,,
146,2025-03-31 15:00,12.5,,3.3,270,39,5.6,-1.1,1017.4,1024.7,.8,2.22,,,5,3,ScCi,10,2830,,,20.7,,,,
146,2025-03-31 16:00,12.1,,3.3,270,42,5.9,-.4,1017.1,1024.4,.9,1.92,,,5,5,Sc,10,2507,,,18.9,,,,
146,2025-03-31 17:00,11.7,,3.8,270,44,6.1,-.1,1016.9,1024.3,1,1.26,,,3,0,Ci,,2225,,,15.6,,,,
146,2025-03-31 18:00,10.7,,2.6,270,52,6.7,1.2,1016.8,1024.2,.3,.56,,,4,0,Ci,,1616,,,12.6,,,,
146,2025-03-31 19:00,9.3,,2.4,270,62,7.2,2.3,1017.4,1024.8,0,.11,,,6,2,,58,1578,,,9.8,,,,
146,2025-03-31 20:00,8.2,,1.2,290,67,7.3,2.4,1017.6,1025.1,,,,,5,5,,56,1587,,,8.2,,,,
146,2025-03-31 21:00,7.6,,.9,250,74,7.7,3.2,1018.3,1025.8,,,,,0,0,,,1577,,,6.8,,,,
146,2025-03-31 22:00,7.5,,1.1,230,76,7.8,3.5,1018.7,1026.2,,,,,0,0,,,1622,,,5.9,,,,
146,2025-03-31 23:00,6.9,,.2,0,77,7.6,3.1,1018.8,1026.3,,,,,0,0,,,1506,,,5,,,,
146,2025-04-01 00:00,6.1,,1.3,140,78,7.3,2.5,1018.5,1026,,,,,0,0,,,1292,,,4.4,,,,
146,2025-04-01 01:00,5.2,,1.3,110,80,7.1,2,1018.5,1026.1,,,,,0,0,,,1135,,,3.8,,,,
146,2025-04-01 02:00,4.3,,1.6,140,83,6.9,1.6,1018.2,1025.8,,,,,0,0,,,1027,,,3.3,,,,
146,2025-04-01 03:00,3.9,,1.1,140,85,6.9,1.6,1017.7,1025.3,,,,,0,0,,,938,,19,2.9,,,,
146,2025-04-01 04:00,3.3,,1.7,140,87,6.7,1.3,1017.5,1025.1,,,,,0,0,,,834,,19,2.5,,,,
146,2025-04-01 05:00,2.9,,1.2,140,88,6.6,1.1,1017.4,1025,,,,,0,0,,,743,,19,2.2,,,,
146,2025-04-01 06:00,2.7,,1.5,140,88,6.5,.9,1017.4,1025,,,,,0,0,,,688,,19,2,,,,
146,2025-04-01 07:00,3.1,,1.1,140,86,6.5,.9,1017.7,1025.3,.1,.06,,,0,0,,,700,,19,2.2,,,,
146,2025-04-01 08:00,5.1,,.4,0,75,6.6,1,1017.8,1025.4,1,.55,,,0,0,,,879,,19,4.1,,,,
146,2025-04-01 09:00,7.3,,1,340,67,6.8,1.5,1017.5,1025,1,1.27,,,0,0,,,1025,,19,6.6,,,,
146,2025-04-01 10:00,9.7,,1.2,320,56,6.7,1.3,1017.3,1024.7,1,1.99,,,0,0,,,1322,,,12.6,,,,
146,2025-04-01 11:00,12.1,,1.9,320,48,6.8,1.4,1016.8,1024.1,1,2.58,,,0,0,,,1100,,,17.7,,,,
146,2025-04-01 12:00,14.1,,1.9,340,39,6.2,.3,1015.8,1023.1,1,2.95,,,0,0,,,1465,,,21.2,,,,
146,2025-04-01 13:00,15,,2.6,360,33,5.6,-1.1,1014.7,1022,1,3.11,,,0,0,,,1668,,,23.5,,,,
146,2025-04-01 14:00,16.1,,2.7,270,33,6,-.2,1013.8,1021,1,3.02,,,0,0,,,1523,,,24.1,,,,
146,2025-04-01 15:00,16.4,,2.4,290,29,5.4,-1.7,1013.2,1020.4,1,2.64,,,0,0,,,1978,,,23.8,,,,
146,2025-04-01 16:00,17,,2.4,340,28,5.4,-1.6,1012.5,1019.7,1,2.08,,,0,0,,,2545,,,21.9,,,,
146,2025-04-01 17:00,14.2,,3.8,290,32,5.2,-2.2,1012.5,1019.8,1,1.4,,,0,0,,,2148,,,18.1,,,,
146,2025-04-01 18:00,12.7,,2.9,270,31,4.5,-4,1012.9,1020.2,1,.71,,,0,0,,,2651,,,14.1,,,,
146,2025-04-01 19:00,11.2,,2.2,250,32,4.2,-4.9,1013.1,1020.4,.4,.14,,,0,0,,,2691,,,10.8,,,,
146,2025-04-01 20:00,10,,2.9,250,36,4.4,-4.4,1013.3,1020.7,,,,,0,0,,,2315,,,9,,,,
146,2025-04-01 21:00,8.7,,1.4,250,44,5,-2.8,1014,1021.4,,,,,0,0,,,2209,,,7.7,,,,
146,2025-04-01 22:00,8.8,,1.2,250,44,5,-2.8,1014,1021.4,,,,,0,0,,,2228,,,6.6,,,,
146,2025-04-01 23:00,8,,.8,140,45,4.8,-3.2,1014.4,1021.8,,,,,0,0,,,2354,,,5.8,,,,
146,2025-04-02 00:00,6.5,,.9,50,52,5,-2.6,1014.2,1021.7,,,,,0,0,,,2171,,,5.1,,,,
146,2025-04-02 01:00,6.3,,.8,110,53,5.1,-2.5,1014.3,1021.8,,,,,0,0,,,2159,,,4.4,,,,
146,2025-04-02 02:00,5.8,,1,140,53,4.9,-3,1014.3,1021.8,,,,,0,0,,,2339,,,3.9,,,,
146,2025-04-02 03:00,5.6,,.3,0,55,5,-2.7,1013.7,1021.2,,,,,0,0,,,2332,,,3.4,,,,
146,2025-04-02 04:00,4.8,,.3,0,59,5.1,-2.5,1013.5,1021,,,,,0,0,,,2216,,,2.9,,,,
146,2025-04-02 05:00,3.7,,2,140,61,4.9,-3.1,1012.7,1020.3,,,,,0,0,,,1904,,,2.7,,,,
146,2025-04-02 06:00,3.6,,1.1,140,63,5,-2.7,1013.1,1020.7,,,,,0,0,,,2102,,,2.2,,,,
146,2025-04-02 07:00,3.9,,1.3,140,61,4.9,-2.9,1013.4,1021,.1,.07,,,0,0,,,1915,,,2.6,,,,
146,2025-04-02 08:00,6.2,,1.2,160,55,5.2,-2.1,1013,1020.5,1,.58,,,0,0,,,1967,,,4.4,,,,
146,2025-04-02 09:00,10.1,,.4,0,41,5.1,-2.5,1012.9,1020.3,1,1.29,,,0,0,,,1863,,,6.7,,,,
146,2025-04-02 10:00,12.2,,.7,290,34,4.8,-3.2,1013.4,1020.7,1,1.97,,,0,0,,,1953,,,12.9,,,,
146,2025-04-02 11:00,14.3,,1,250,33,5.4,-1.7,1013.1,1020.4,1,2.49,,,0,0,,,1686,,,18,,,,
146,2025-04-02 12:00,15.8,,1.6,270,27,4.9,-3.1,1012.2,1019.4,1,2.85,,,1,0,Ci,,1636,,,21.5,,,,
146,2025-04-02 13:00,16.3,,3.9,290,26,4.8,-3.2,1011.4,1018.6,1,3.11,,,3,0,Ci,,3104,,,23.5,,,,
146,2025-04-02 14:00,15.6,,4.4,290,26,4.6,-3.8,1010.8,1018,1,2.72,,,7,0,Ci,,2598,,,22.2,,,,
146,2025-04-02 15:00,13.4,,5.2,290,27,4.2,-5.2,1011.2,1018.5,.5,1.61,,,10,2,ScAs,10,3653,,,17.9,,,,
146,2025-04-02 16:00,11.4,,4.3,270,42,5.7,-1,1011.3,1018.6,.1,1.02,,,10,4,ScAs,10,2244,,,15.2,,,,
146,2025-04-02 17:00,10.5,0,3.4,290,54,6.8,1.5,1011.6,1019,0,.35,,,10,5,ScAs,10,1582,,01,13.1,,,,
146,2025-04-02 18:00,9.9,,2.2,270,59,7.2,2.2,1011.8,1019.2,0,.17,,,9,5,ScAs,10,1577,,,11.7,,,,
146,2025-04-02 19:00,9.6,,2.4,270,65,7.7,3.3,1011.6,1019,0,.11,,,8,7,,8,1531,,,10.5,,,,
146,2025-04-02 20:00,8.9,,2.8,270,74,8.4,4.5,1012,1019.4,,,,,9,9,,9,1165,,,9.8,,,,
146,2025-04-02 21:00,8.6,,1.8,250,77,8.5,4.7,1012.2,1019.6,,,,,9,4,ScAs,5,1005,,,9.2,,,,
146,2025-04-02 22:00,8.4,,1.4,270,78,8.5,4.7,1012.3,1019.7,,,,,6,6,,5,850,,19,9,,,,
146,2025-04-02 23:00,8.4,,.8,270,79,8.7,4.9,1012.5,1019.9,,,,,9,4,,6,810,,19,8.7,,,,
146,2025-04-03 00:00,8.4,,1.3,230,81,8.9,5.3,1012.8,1020.2,,,,,10,8,ScAs,5,736,,19,8.6,,,,
146,2025-04-03 01:00,7.9,,1.9,250,84,8.9,5.3,1012.8,1020.2,,,,,10,1,,6,575,,19,8.2,,,,
146,2025-04-03 02:00,7.5,,1.1,230,83,8.5,4.7,1012.6,1020,,,,,8,3,,5,786,,19,7.8,,,,
146,2025-04-03 03:00,7.3,,1.3,250,80,8.1,4,1012.4,1019.8,,,,,6,4,ScAs,17,1033,,19,7.2,,,,
146,2025-04-03 04:00,7.1,,1.3,230,81,8.1,4,1012.6,1020.1,,,,,2,2,Sc,14,990,,19,7,,,,
146,2025-04-03 05:00,6.9,,1.1,250,83,8.2,4.2,1013,1020.5,,,,,5,5,Sc,10,904,,19,7.1,,,,
146,2025-04-03 06:00,6.8,,.7,230,84,8.2,4.2,1013.5,1021,,,,,9,9,Sc,8,834,,19,7.2,,,,
146,2025-04-03 07:00,6.5,,.1,0,85,8.2,4.1,1014,1021.5,0,.06,,,0,0,,,772,,19,6.3,,,,
146,2025-04-03 08:00,7.6,,1.1,250,78,8.1,4,1014.2,1021.7,.2,.34,,,4,4,Sc,14,805,,19,8.6,,,,
146,2025-04-03 09:00,8.3,,1.1,160,74,8.1,3.9,1014.5,1021.9,.4,.82,,,2,2,Sc,5,876,,19,9.5,,,,
146,2025-04-03 10:00,10.2,,1.4,290,61,7.6,3,1014.4,1021.8,.8,1.77,,,3,3,Sc,10,1089,,19,14.9,,,,
146,2025-04-03 11:00,11.6,,1.4,340,55,7.5,2.8,1014.1,1021.4,.8,2.04,,,6,6,Sc,10,1635,,,17.7,,,,
146,2025-04-03 12:00,13.1,,2.1,270,51,7.6,3.1,1013.3,1020.6,.9,2.59,,,5,5,Sc,14,1626,,,20.6,,,,
146,2025-04-03 13:00,15.2,,2.6,20,45,7.7,3.3,1012.5,1019.7,1,3.01,,,3,3,Sc,8,1870,,,24.1,,,,
146,2025-04-03 14:00,14.6,,2.9,290,43,7.1,2.1,1012,1019.2,1,2.73,,,5,5,Sc,16,1852,,,24,,,,
146,2025-04-03 15:00,15.3,,2.4,340,44,7.6,3.1,1011.7,1018.9,.3,1.45,,,4,4,Sc,16,1890,,,20.5,,,,
146,2025-04-03 16:00,14.4,,4.3,270,49,8,3.8,1011.5,1018.7,1,1.89,,,5,5,Sc,13,1518,,,20.6,,,,
146,2025-04-03 17:00,13.6,,3.9,270,53,8.2,4.1,1011.6,1018.9,1,1.41,,,0,0,,,1419,,,17.9,,,,
146,2025-04-03 18:00,11.6,,2.9,270,58,7.9,3.6,1012.1,1019.4,1,.67,,,0,0,,,1204,,,14.4,,,,
146,2025-04-03 19:00,9.9,,2.3,250,64,7.7,3.3,1012.6,1020,.1,.12,,,2,2,,21,1176,,,11.3,,,,
146,2025-04-03 20:00,8.6,,3,230,70,7.8,3.4,1012.8,1020.2,,,,,0,0,,,867,,,9.5,,,,
146,2025-04-03 21:00,8.3,,2.2,230,75,8.2,4.1,1013.1,1020.5,,,,,7,7,Ac,40,649,,19,8.8,,,,
146,2025-04-03 22:00,8.3,,1.6,250,73,8,3.7,1013.5,1020.9,,,,,9,7,,16,691,,19,8.9,,,,
146,2025-04-03 23:00,8.5,,1.2,250,71,7.8,3.5,1013.9,1021.3,,,,,9,9,,14,755,,19,9,,,,
146,2025-04-04 00:00,8.4,,.5,360,70,7.7,3.2,1014.3,1021.7,,,,,9,9,,,847,,19,8.9,,,,
146,2025-04-04 01:00,8,,.8,20,79,8.4,4.5,1014.5,1021.9,,,,,7,7,,11,500,,19,8.6,,,,
146,2025-04-04 02:00,7.5,,1,20,81,8.4,4.4,1014.7,1022.2,,,,,7,7,,11,488,,19,8.1,,,,
146,2025-04-04 03:00,7.5,,.8,50,80,8.2,4.2,1014.8,1022.3,,,,,7,7,Sc,10,514,,19,7.8,,,,
146,2025-04-04 04:00,7.3,,1,360,82,8.4,4.4,1014.7,1022.2,,,,,7,7,Ac,40,455,,19,7.2,,,,
146,2025-04-04 05:00,6.8,,.8,340,86,8.5,4.6,1014.5,1022,,,,,6,0,Ci,,403,,19,6.3,,,,
146,2025-04-04 06:00,6.6,,1.2,250,85,8.2,4.2,1014.5,1022,,,,,0,0,,,429,,19,5.4,,,,
146,2025-04-04 07:00,6.5,,.7,50,87,8.4,4.4,1014.6,1022.1,0,.07,,,2,0,Ci,,373,,19,5.5,,,,
146,2025-04-04 08:00,8.2,,.5,50,76,8.2,4.2,1014.6,1022,.7,.54,,,0,0,,,460,,19,7.4,,,,
146,2025-04-04 09:00,10.4,,.8,20,67,8.4,4.5,1014.5,1021.9,1,1.27,,,0,0,,,637,,19,9.4,,,,
146,2025-04-04 10:00,12.5,,1.5,110,51,7.4,2.6,1014.3,1021.6,1,2,,,0,0,,,1504,,4019,15.6,,,,
146,2025-04-04 11:00,14.2,,1.1,70,46,7.4,2.7,1013.8,1021.1,1,2.55,,,1,0,Ci,,1741,,,20.1,,,,
146,2025-04-04 12:00,15.4,,2.4,320,42,7.3,2.5,1013.1,1020.3,1,2.93,,,4,3,ScCi,10,1699,,,23.2,,,,
146,2025-04-04 13:00,15.9,,2.6,290,42,7.5,2.9,1012.3,1019.5,1,2.81,,,3,3,Sc,10,1737,,,23.4,,,,
146,2025-04-04 14:00,16.6,,2.1,290,39,7.3,2.5,1011.1,1018.3,1,2.96,,,2,2,Sc,10,2620,,,26.1,,,,
146,2025-04-04 15:00,17.6,,2.3,250,37,7.4,2.7,1010.7,1017.8,1,2.57,,,2,2,Sc,12,2291,,,25.4,,,,
146,2025-04-04 16:00,16.1,,4.2,270,45,8.2,4.1,1010.8,1018,1,2.08,,,0,0,,,2041,,,22.9,,,,
146,2025-04-04 17:00,13.7,,4.2,270,52,8.1,4,1011.3,1018.6,1,1.41,,,0,0,,,1740,,,19.3,,,,
146,2025-04-04 18:00,12,,3.2,270,59,8.2,4.2,1011.6,1018.9,1,.68,,,0,0,,,1356,,,15.4,,,,
146,2025-04-04 19:00,10.5,,1.9,290,63,8,3.7,1011.5,1018.9,0,.12,,,0,0,,,1352,,,12.2,,,,
146,2025-04-04 20:00,9.9,,1.4,270,66,8,3.8,1011.9,1019.3,,,,,2,0,,,1228,,,10.4,,,,
146,2025-04-04 21:00,9.2,,.9,290,70,8.1,4,1012.2,1019.6,,,,,0,0,,,1081,,,9.3,,,,
146,2025-04-04 22:00,8.4,,1,20,73,8,3.8,1011,1018.4,,,,,8,0,,,1048,,,8.6,,,,
146,2025-04-04 23:00,8.8,,0,0,73,8.2,4.2,1011.4,1018.8,,,,,8,0,,,868,,19,8.1,,,,
146,2025-04-05 00:00,7.9,,1.5,50,76,8.1,3.9,1011.2,1018.6,,,,,9,0,,,858,,19,7.9,,,,
146,2025-04-05 01:00,8,,.5,70,78,8.3,4.3,1010.3,1017.7,,,,,9,4,,54,762,,19,7.8,,,,
146,2025-04-05 02:00,7.6,,1.4,360,77,8,3.8,1010.1,1017.5,,,,,9,6,,43,855,,19,7.7,,,,
146,2025-04-05 03:00,7.7,,1.1,70,79,8.2,4.2,1009.4,1016.8,,,,,9,4,AcCi,32,800,,19,7.6,,,,
146,2025-04-05 04:00,7.4,,2.1,340,81,8.3,4.3,1010.2,1017.6,,,,,9,7,AcCi,32,651,,19,7.7,,,,
146,2025-04-05 05:00,7.9,,1.1,140,79,8.4,4.4,1009.4,1016.8,,,,,9,9,Ac,32,720,,19,7.6,,,,
146,2025-04-05 06:00,8.8,,1,230,74,8.4,4.4,1008.6,1016,,,,,9,9,Ac,30,1074,,19,7.8,,,,
146,2025-04-05 07:00,9.3,,1.8,140,74,8.6,4.8,1007.9,1015.3,0,.04,,,10,10,Ac,28,1103,,19,8,,,,
146,2025-04-05 08:00,11.8,,2.1,160,62,8.5,4.7,1007,1014.3,0,.38,,,6,2,ScCi,13,2672,,,9.7,,,,
146,2025-04-05 09:00,13.5,,3.8,160,59,9.1,5.6,1006.4,1013.6,.8,1.06,,,5,5,Ac,36,3008,,,11.9,,,,
146,2025-04-05 10:00,14.1,,3,160,57,9.1,5.6,1006.1,1013.3,.1,1.02,,,9,2,ScAs,17,3904,,,13.5,,,,
146,2025-04-05 11:00,12.2,.3,1.6,160,73,10.3,7.4,1006,1013.3,0,.25,,,10,8,ScAs,13,2101,,01,12,,,,
146,2025-04-05 12:00,11.3,.2,2.1,270,81,10.8,8.1,1005.6,1012.9,0,.25,,,10,6,ScAs,10,861,,1901,11.3,,,,
146,2025-04-05 13:00,10.6,2.7,1.1,200,92,11.7,9.3,1004.8,1012.1,0,.24,,,10,3,StAs,5,495,,1901,11.3,,,,
146,2025-04-05 14:00,11.2,0,.9,230,90,11.9,9.6,1004.7,1012,0,.17,,,10,4,ScAs,10,1121,,1901,11.3,,,,
146,2025-04-05 15:00,11.5,.3,3.1,230,86,11.6,9.2,1004,1011.3,0,.21,,,10,8,ScAs,10,2063,,01,11.5,,,,
146,2025-04-05 16:00,11.8,0,3.6,230,85,11.7,9.3,1003.8,1011.1,0,.33,,,9,9,St,4,1950,,02,11.8,,,,
146,2025-04-05 17:00,11.8,0,3.6,230,84,11.6,9.1,1003.7,1011,0,.29,,,10,3,ScAs,14,1722,,02,11.2,,,,
146,2025-04-05 18:00,11.9,,3,230,85,11.8,9.4,1003.3,1010.6,0,.15,,,10,5,ScAs,12,1609,,,10.9,,,,
146,2025-04-05 19:00,11.1,.1,5.4,250,90,11.9,9.5,1003.4,1010.7,0,.01,,,10,6,ScAs,10,680,,1901,10.3,,,,
146,2025-04-05 20:00,9.9,.1,4.3,270,89,10.8,8.1,1004.6,1011.9,,,,,10,9,ScAs,10,404,,1901,9.7,,,,
146,2025-04-05 21:00,8.9,,3.6,270,84,9.5,6.3,1005.9,1013.3,,,,,10,8,ScAs,10,554,,19,8.9,,,,
146,2025-04-05 22:00,7.9,,3.1,250,83,8.8,5.1,1006.8,1014.2,,,,,8,8,,5,759,,19,7.9,,,,
146,2025-04-05 23:00,7.6,,2.1,250,84,8.7,5,1007.1,1014.5,,,,,6,6,,4,701,,19,7.7,,,,
146,2025-04-06 00:00,7.1,,2.4,230,86,8.7,4.9,1007.3,1014.7,,,,,0,0,,,666,,19,6.2,,,,
146,2025-04-06 01:00,6.9,,1.4,230,85,8.4,4.5,1007.8,1015.2,,,,,0,0,,,746,,19,5.4,,,,
146,2025-04-06 02:00,6.5,,.5,160,85,8.2,4.1,1007.7,1015.1,,,,,0,0,,,798,,19,4.7,,,,
146,2025-04-06 03:00,5.5,,1.3,110,90,8.1,3.9,1007.4,1014.9,,,,,0,0,,,637,,19,4.1,,,,
146,2025-04-06 04:00,4.7,,1.7,110,92,7.8,3.5,1007.4,1014.9,,,,,0,0,,,589,,19,3.6,,,,
146,2025-04-06 05:00,4.3,,1.2,140,93,7.7,3.2,1008,1015.5,,,,,0,0,,,627,,19,3.3,,,,
146,2025-04-06 06:00,4,,1.6,110,92,7.5,2.8,1008.7,1016.2,,,,,0,0,,,788,,19,3,,,,
146,2025-04-06 07:00,4.4,,1.7,140,89,7.4,2.7,1009.3,1016.8,.2,.1,,,0,0,,,1167,,19,3.4,,,,
146,2025-04-06 08:00,6.6,,1.3,140,81,7.8,3.5,1009.7,1017.1,1,.68,,,0,0,,,1450,,,5.3,,,,
146,2025-04-06 09:00,9.5,,1,140,68,8,3.8,1009.9,1017.3,1,1.42,,,0,0,,,2069,,,7.5,,,,
146,2025-04-06 10:00,11.8,,.8,290,53,7.3,2.5,1010.6,1017.9,1,2.12,,,0,0,,,3101,,,14.9,,,,
146,2025-04-06 11:00,12.1,,1.9,290,50,7,1.9,1010.8,1018.1,1,2.7,,,0,0,,,2779,,,18.6,,,,
146,2025-04-06 12:00,13.5,,3.3,270,47,7.2,2.3,1010.5,1017.8,1,3.03,,,0,0,,,2516,,,20.5,,,,
146,2025-04-06 13:00,15.2,,2.7,270,41,7.1,2,1010.1,1017.3,1,3.21,,,0,0,,,3296,,,21.5,,,,
146,2025-04-06 14:00,15,,4.1,270,35,6,-.3,1010,1017.2,1,3.14,,,0,0,,,3655,,,22,,,,
146,2025-04-06 15:00,15.1,,3.5,290,32,5.5,-1.5,1009.9,1017.1,1,2.84,,,0,0,,,3710,,,22.6,,,,
146,2025-04-06 16:00,15.6,,3.2,290,34,6,-.2,1009.9,1017.1,1,2.29,,,0,0,,,3497,,,21.4,,,,
146,2025-04-06 17:00,14.5,,3.5,290,33,5.4,-1.6,1010,1017.2,1,1.62,,,0,0,,,3073,,,17.6,,,,
146,2025-04-06 18:00,13.6,,2.4,290,34,5.3,-1.9,1010.2,1017.5,1,.85,,,0,0,,,3720,,,13.8,,,,
146,2025-04-06 19:00,12.1,,1.7,270,31,4.4,-4.5,1010.5,1017.8,.6,.18,,,0,0,,,4498,,,10.5,,,,
146,2025-04-06 20:00,11.4,,2.4,270,38,5.1,-2.4,1010.7,1018,,,,,0,0,,,4092,,,8.7,,,,
146,2025-04-06 21:00,10.7,,.9,200,47,6.1,-.1,1011.5,1018.8,,,,,0,0,,,3259,,,7.5,,,,
146,2025-04-06 22:00,9.4,,1.3,140,51,6,-.2,1012.1,1019.5,,,,,0,0,,,3025,,,6.5,,,,
146,2025-04-06 23:00,7.8,,1.4,140,56,5.9,-.4,1012.2,1019.6,,,,,0,0,,,3280,,,5.7,,,,
146,2025-04-07 00:00,7.3,,1.7,140,54,5.5,-1.4,1012,1019.4,,,,,0,0,,,3763,,,5,,,,
146,2025-04-07 01:00,6.2,,1.6,140,58,5.5,-1.4,1011.7,1019.2,,,,,0,0,,,3556,,,4.4,,,,
146,2025-04-07 02:00,6,,1.7,140,57,5.4,-1.8,1011.5,1019,,,,,0,0,,,3755,,,3.8,,,,
146,2025-04-07 03:00,5.6,,1.6,140,60,5.5,-1.5,1011.5,1019,,,,,0,0,,,3631,,,3.4,,,,
146,2025-04-07 04:00,5.2,,1.3,160,58,5.1,-2.4,1011.6,1019.1,,,,,0,0,,,3928,,,3,,,,
146,2025-04-07 05:00,5.1,,1.6,140,58,5.1,-2.4,1011.5,1019,,,,,0,0,,,4024,,,2.7,,,,
146,2025-04-07 06:00,5.4,,2,140,55,4.9,-2.9,1011.6,1019.1,,,,,0,0,,,4362,,,2.4,,,,
146,2025-04-07 07:00,6.5,,.9,140,52,5,-2.6,1012.4,1019.9,.3,.12,,,0,0,,,3951,,,2.9,,,,
146,2025-04-07 08:00,9.6,,1.3,140,45,5.4,-1.7,1012.7,1020.1,1,.74,,,0,0,,,4013,,,5.1,,,,
146,2025-04-07 09:00,12.7,,.9,110,34,5,-2.7,1013,1020.3,1,1.49,,,0,0,,,4184,,,7.1,,,,
146,2025-04-07 10:00,15.9,,1.2,230,27,4.9,-3.1,1012.8,1020,1,2.19,,,0,0,,,4620,,,14.8,,,,
146,2025-04-07 11:00,18.1,,1.8,140,23,4.8,-3.3,1012.4,1019.5,1,2.75,,,0,0,,,4277,,,19.7,,,,
146,2025-04-07 12:00,19.6,,1.3,320,21,4.8,-3.3,1012.2,1019.3,1,3.06,,,0,0,,,3619,,,23.4,,,,
146,2025-04-07 13:00,20.9,,2.8,270,20,4.9,-2.9,1011.4,1018.5,1,3.2,,,0,0,,,3055,,,25,,,,
146,2025-04-07 14:00,21.3,,3.6,250,22,5.6,-1.3,1010.6,1017.6,1,3.06,,,0,0,,,3832,,,25.6,,,,
146,2025-04-07 15:00,21.9,,3.3,270,23,6.1,-.1,1009.5,1016.5,1,2.72,,,0,0,,,3387,,,26,,,,
146,2025-04-07 16:00,22,,2.9,250,23,6.1,-.1,1008.3,1015.3,1,2.18,,,2,0,Ci,,3335,,,24.6,,,,
146,2025-04-07 17:00,20.7,,4.1,250,33,8,3.8,1008.1,1015.1,1,1.37,,,6,0,Ci,,2196,,,20.5,,,,
146,2025-04-07 18:00,19.8,,2.9,270,34,7.8,3.4,1008.1,1015.2,.5,.54,,,7,0,Ci,,2519,,,17,,,,
146,2025-04-07 19:00,18,,3.3,250,37,7.6,3,1008.5,1015.6,0,.13,,,5,0,,,2628,,,14.2,,,,
146,2025-04-07 20:00,16.7,,2.4,250,39,7.4,2.6,1009,1016.2,,,,,2,0,,,2399,,,12.4,,,,
146,2025-04-07 21:00,16.4,,1.5,200,38,7.1,2,1009.5,1016.7,,,,,0,0,,,2582,,,11,,,,
146,2025-04-07 22:00,15.1,,2.1,140,42,7.2,2.2,1009.2,1016.4,,,,,2,0,,,2707,,,9.8,,,,
146,2025-04-07 23:00,16,,1.9,160,36,6.5,.9,1008.4,1015.6,,,,,3,0,,,2883,,,9.3,,,,
146,2025-04-08 00:00,16.3,,3.9,160,33,6.1,0,1007.5,1014.6,,,,,0,0,,,3086,,,9,,,,
146,2025-04-08 01:00,16.2,,3.5,160,35,6.4,.7,1007.2,1014.4,,,,,0,0,,,2875,,,8.7,,,,
146,2025-04-08 02:00,15.5,,.5,140,37,6.5,.8,1007.3,1014.5,,,,,0,0,,,2693,,,8.2,,,,
146,2025-04-08 03:00,14.7,,1.2,90,40,6.7,1.2,1006.9,1014.1,,,,,0,0,,,2629,,,7.9,,,,
146,2025-04-08 04:00,15.6,,2.5,290,43,7.6,3,1008,1015.2,,,,,3,3,Sc,12,2531,,,9,,,,
146,2025-04-08 05:00,14.8,,2.1,200,49,8.2,4.1,1007,1014.2,,,,,7,7,Sc,12,2339,,,9.3,,,,
146,2025-04-08 06:00,14.7,,2.7,290,54,9,5.4,1007.7,1014.9,,,,,3,0,Ci,,2133,,,9.2,,,,
146,2025-04-08 07:00,13.8,,1.9,250,62,9.7,6.6,1008.2,1015.4,0,.07,,,0,0,,,1791,,,9.3,,,,
146,2025-04-08 08:00,13.9,,3.2,250,65,10.3,7.4,1008.5,1015.7,0,.31,,,8,8,Sc,10,1532,,,10.9,,,,
146,2025-04-08 09:00,14.1,,2.3,250,67,10.7,8,1008.6,1015.8,0,.5,,,8,8,Sc,7,1238,,,12.7,,,,
146,2025-04-08 10:00,15.4,,2.8,250,65,11.3,8.8,1008.9,1016.1,.2,1.2,,,3,3,Sc,7,1098,,,16.2,,,,
146,2025-04-08 11:00,17.5,,2,270,60,11.9,9.6,1008.8,1015.9,.9,2.41,,,2,2,Sc,9,1058,,,20.4,,,,
146,2025-04-08 12:00,18.7,,2.8,290,51,10.9,8.3,1008,1015.1,1,2.94,,,1,1,Sc,10,1105,,,24.8,,,,
146,2025-04-08 13:00,19.6,,3.8,290,35,8,3.7,1007.8,1014.9,1,3.19,,,0,0,,,1316,,,26.2,,,,
146,2025-04-08 14:00,19.2,,5.2,270,21,4.7,-3.6,1007.6,1014.7,1,3.16,,,0,0,,,2197,,,26.3,,,,
146,2025-04-08 15:00,18.5,,4.3,270,23,4.9,-3,1007.2,1014.3,1,2.9,,,0,0,,,2781,,,26.4,,,,
146,2025-04-08 16:00,18.6,,4.7,270,21,4.5,-4.1,1007.2,1014.3,1,2.39,,,0,0,,,3776,,,24.4,,,,
146,2025-04-08 17:00,17.3,,4.3,270,25,4.9,-2.9,1006.6,1013.7,1,1.67,,,2,0,Ci,,3991,,,21.2,,,,
146,2025-04-08 18:00,16.1,,3.9,270,27,4.9,-2.9,1006.8,1014,1,.88,,,2,0,Ci,,3823,,,16.8,,,,
146,2025-04-08 19:00,13.9,,2.7,270,31,4.9,-2.9,1007.3,1014.5,.5,.18,,,0,0,,,4006,,,13.3,,,,
146,2025-04-08 20:00,12.9,,1.4,250,31,4.6,-3.8,1008.2,1015.5,,,,,4,0,,,4486,,,11.1,,,,
146,2025-04-08 21:00,11.8,,1.6,250,39,5.4,-1.7,1008.6,1015.9,,,,,0,0,,,3355,,,9.7,,,,
146,2025-04-08 22:00,11.8,,1.4,200,38,5.3,-2,1008.7,1016,,,,,0,0,,,3597,,,8.8,,,,
146,2025-04-08 23:00,9.6,,.5,50,46,5.5,-1.4,1008.7,1016.1,,,,,0,0,,,3555,,,7.7,,,,
146,2025-04-09 00:00,9,,1.1,50,47,5.4,-1.7,1008.7,1016,,,,,0,0,,,3709,,,6.9,,,,
146,2025-04-09 01:00,7.9,,1.4,70,53,5.6,-1.1,1008.1,1015.5,,,,,0,0,,,3667,,,6.1,,,,
146,2025-04-09 02:00,8.1,,1.2,110,48,5.2,-2.2,1007.6,1015,,,,,4,0,,,4484,,,5.5,,,,
146,2025-04-09 03:00,7.7,,.3,0,51,5.4,-1.8,1007.2,1014.6,,,,,0,0,,,4109,,,5.1,,,,
146,2025-04-09 04:00,7.1,,.6,140,55,5.6,-1.3,1007.1,1014.5,,,,,4,0,Ci,,4043,,,4.7,,,,
146,2025-04-09 05:00,6.5,,1.5,110,58,5.6,-1.1,1006.6,1014,,,,,0,0,,,3907,,,4.2,,,,
146,2025-04-09 06:00,5.8,,.8,110,59,5.4,-1.6,1006.8,1014.2,,,,,5,0,Ci,,4454,,,4,,,,
146,2025-04-09 07:00,7.3,,1.7,110,54,5.5,-1.4,1006.8,1014.2,.1,.11,,,5,0,Ci,,3958,,,4.7,,,,
146,2025-04-09 08:00,10.2,,1.3,110,44,5.5,-1.5,1006.7,1014,1,.67,,,0,0,,,3651,,,7.2,,,,
146,2025-04-09 09:00,14.3,,.8,140,36,5.9,-.5,1006.5,1013.7,1,1.35,,,5,0,Ci,,3069,,,9.6,,,,
146,2025-04-09 10:00,16.4,,1.5,90,32,6,-.3,1006.1,1013.3,1,1.85,,,7,0,Ci,,2763,,,15.5,,,,
146,2025-04-09 11:00,18.8,,2.5,180,28,6.1,-.1,1005.4,1012.5,.8,2.1,,,9,0,Ci,,2690,,,18.4,,,,
146,2025-04-09 12:00,20,,2.6,200,26,6.1,-.1,1004.7,1011.7,.4,1.89,,,7,6,AcCi,40,3279,,,20.5,,,,
146,2025-04-09 13:00,20.7,,1.7,180,25,6.1,0,1003.9,1010.9,.7,2.3,,,8,7,AcCi,45,3608,,,22,,,,
146,2025-04-09 14:00,21.6,,1.4,290,27,6.9,1.7,1003.3,1010.3,.4,1.7,,,6,2,AcCi,45,3018,,,21.8,,,,
146,2025-04-09 15:00,17.3,,3,290,36,7.1,2,1003.8,1010.9,.6,1.98,,,10,0,Cs,,2298,,,20.6,,,,
146,2025-04-09 16:00,15.7,,2.4,270,43,7.6,3.1,1004.2,1011.4,.7,1.54,,,7,1,AcCi,28,2061,,,19.8,,,,
146,2025-04-09 17:00,14.5,0,1.9,160,56,9.2,5.8,1002.7,1009.9,0,.17,,,10,2,ScAs,12,1923,,01,15.4,,,,
146,2025-04-09 18:00,15,0,2.9,140,52,8.8,5.2,1000.9,1008.1,0,.25,,,8,8,Sc,15,2716,,01,14.1,,,,
146,2025-04-09 19:00,15.9,,2,160,47,8.4,4.5,1000.1,1007.2,0,.13,,,6,6,,22,3149,,,12.6,,,,
146,2025-04-09 20:00,15.9,,1.3,160,43,7.7,3.3,1000.6,1007.7,0,0,,,6,6,,20,3218,,,12,,,,
146,2025-04-09 21:00,15.6,,1,140,44,7.7,3.3,1001.4,1008.5,,,,,6,6,Sc,15,3313,,,11.8,,,,
146,2025-04-09 22:00,14.8,,.6,230,48,8,3.8,1001.3,1008.5,,,,,2,1,,,2933,,,10,,,,
146,2025-04-09 23:00,14.4,,1.6,290,53,8.7,4.9,1002.1,1009.3,,,,,4,4,,17,2918,,,10.8,,,,
146,2025-04-10 00:00,12.6,,1.3,290,62,9,5.5,1002.2,1009.4,,,,,9,9,,,1950,,,10.6,,,,
146,2025-04-10 01:00,12.2,,.8,270,64,9,5.5,1002.2,1009.4,,,,,9,9,,15,1930,,,10.6,,,,
146,2025-04-10 02:00,12.3,,.6,270,62,8.8,5.2,1001.8,1009,,,,,9,9,,12,1980,,,10.5,,,,
146,2025-04-10 03:00,12.3,,.9,250,63,9,5.4,1001.2,1008.4,,,,,9,9,Sc,9,2037,,,10.3,,,,
146,2025-04-10 04:00,12.2,,.7,270,63,8.9,5.3,1000.2,1007.4,,,,,9,9,Sc,8,2258,,,10.4,,,,
146,2025-04-10 05:00,12.2,,0,0,62,8.8,5.1,1000,1007.2,,,,,9,9,Sc,7,2196,,,10.5,,,,
146,2025-04-10 06:00,12,,.5,20,65,9.1,5.6,999.6,1006.8,,,,,9,9,Sc,7,2000,,,10.5,,,,
146,2025-04-10 07:00,12.4,,.8,250,64,9.2,5.7,999.7,1006.9,0,.05,,,9,9,Sc,10,2016,,,10.7,,,,
146,2025-04-10 08:00,12.7,,1,250,64,9.3,6,1000.1,1007.3,0,.2,,,9,9,Sc,7,1999,,,11.5,,,,
146,2025-04-10 09:00,13.1,,1.7,270,68,10.2,7.3,1000.5,1007.7,0,.6,,,9,9,Sc,7,1466,,,13.2,,,,
146,2025-04-10 10:00,13.2,,1.6,270,68,10.3,7.4,1000.9,1008.1,0,.72,,,9,9,Sc,8,1350,,,14.2,,,,
146,2025-04-10 11:00,14.1,,1.2,320,68,10.9,8.2,1000.9,1008.1,0,.88,,,9,9,Sc,9,1064,,,15.9,,,,
146,2025-04-10 12:00,15.3,,1.2,320,60,10.4,7.5,1000.2,1007.3,.4,1.7,,,7,7,Sc,8,1428,,,18.6,,,,
146,2025-04-10 13:00,15.2,,2,270,60,10.3,7.4,1000.1,1007.2,.1,1.53,,,8,8,Sc,9,1202,,,19.5,,,,
146,2025-04-10 14:00,15.9,,2.6,270,57,10.2,7.3,1000,1007.1,0,1.1,,,8,8,Sc,10,1222,,,18.4,,,,
146,2025-04-10 15:00,17.1,,2.9,270,55,10.6,7.9,999.5,1006.6,.9,2.42,,,2,2,Sc,10,1187,,,23.5,,,,
146,2025-04-10 16:00,17.2,,3.2,270,49,9.5,6.3,999.2,1006.3,1,2.13,,,1,1,Sc,12,1608,,,22.7,,,,
146,2025-04-10 17:00,15.8,,3.3,270,45,8,3.8,999.4,1006.5,1,1.42,,,0,0,,,2457,,,19.7,,,,
146,2025-04-10 18:00,14.6,,3,290,41,6.8,1.4,999.7,1006.9,1,.81,,,0,0,,,3277,,,15.8,,,,
146,2025-04-10 19:00,12.8,,2.4,230,47,6.9,1.7,1000.2,1007.4,.5,.19,,,0,0,,,2686,,,12.7,,,,
146,2025-04-10 20:00,10.9,,2,230,67,8.7,5,1000.8,1008.1,0,0,,,0,0,,,1225,,,10.8,,,,
146,2025-04-10 21:00,10.1,,2.1,230,72,8.8,5.2,1001.5,1008.8,,,,,0,0,,,1270,,,9.7,,,,
146,2025-04-10 22:00,9.8,,.7,270,72,8.7,4.9,1002.2,1009.5,,,,,0,0,,,1296,,,8.7,,,,
146,2025-04-10 23:00,8.8,,1,70,74,8.4,4.4,1002.3,1009.6,,,,,0,0,,,1059,,,7.8,,,,
146,2025-04-11 00:00,8.9,,.4,0,71,8.1,3.9,1002.9,1010.2,,,,,0,0,,,1467,,,7.1,,,,
146,2025-04-11 01:00,8.1,,.5,360,74,8,3.7,1003.1,1010.5,,,,,0,0,,,1274,,,6.6,,,,
146,2025-04-11 02:00,8,,.6,140,77,8.2,4.2,1003,1010.4,,,,,0,0,,,1115,,,6,,,,
146,2025-04-11 03:00,7.6,,1.1,140,78,8.1,4,1003,1010.4,,,,,0,0,,,1100,,,5.6,,,,
146,2025-04-11 04:00,6.9,,.8,140,80,7.9,3.6,1003.2,1010.6,,,,,0,0,,,1212,,,5.2,,,,
146,2025-04-11 05:00,6.4,,1.2,160,81,7.7,3.3,1003.5,1010.9,,,,,0,0,,,1002,,,4.9,,,,
146,2025-04-11 06:00,5.9,,.2,0,83,7.7,3.2,1003.8,1011.2,,,,,0,0,,,1027,,,4.6,,,,
146,2025-04-11 07:00,7,,.5,180,79,7.8,3.5,1004.3,1011.7,.5,.14,,,0,0,,,986,,19,5.2,,,,
146,2025-04-11 08:00,8.3,,1.1,360,78,8.5,4.6,1005.4,1012.8,1,.74,,,0,0,,,696,,19,7.7,,,,
146,2025-04-11 09:00,11,,.5,320,66,8.6,4.8,1005.4,1012.7,1,1.48,,,0,0,,,811,,4019,9.3,,,,
146,2025-04-11 10:00,13.9,,1.4,360,61,9.6,6.4,1005.1,1012.3,1,2.16,,,0,0,,,900,,40,16.7,,,,
146,2025-04-11 11:00,15.3,,1.5,290,54,9.3,6,1004.7,1011.9,1,2.71,,,0,0,,,1071,,40,21.6,,,,
146,2025-04-11 12:00,19.2,,1.9,360,50,11.1,8.5,1004.1,1011.2,1,3.04,,,0,0,,,1180,,,25.3,,,,
146,2025-04-11 13:00,20.7,,1.6,360,41,9.9,6.9,1003.5,1010.5,1,3.19,,,0,0,,,1364,,,27.7,,,,
146,2025-04-11 14:00,22.8,,1.2,320,35,9.7,6.5,1002.6,1009.6,1,3.08,,,0,0,,,1644,,,29,,,,
146,2025-04-11 15:00,23.5,,1.8,270,30,8.7,4.9,1002.3,1009.2,1,2.77,,,0,0,,,2058,,,29.2,,,,
146,2025-04-11 16:00,24.2,,2.1,270,24,7.2,2.3,1001.6,1008.5,1,2.27,,,0,0,,,3076,,,27.8,,,,
146,2025-04-11 17:00,21.2,,4.8,270,39,9.7,6.6,1002.3,1009.3,1,1.51,,,0,0,,,1586,,,23.3,,,,
146,2025-04-11 18:00,18.8,,2.4,290,40,8.6,4.8,1003.2,1010.3,1,.7,,,0,0,,,1934,,,18.9,,,,
146,2025-04-11 19:00,16.9,,1.1,270,44,8.4,4.5,1003.7,1010.8,.4,.15,,,6,0,,,1796,,,15.5,,,,
146,2025-04-11 20:00,15.9,,1.8,270,48,8.6,4.8,1004.3,1011.5,0,0,,,4,0,,,1611,,,13.4,,,,
146,2025-04-11 21:00,14.7,,1,20,52,8.7,4.9,1004.8,1012,,,,,6,0,Ci,,1684,,,12.1,,,,
146,2025-04-11 22:00,14.9,,.8,90,51,8.6,4.8,1004.9,1012.1,,,,,6,0,,,1829,,,11.3,,,,
146,2025-04-11 23:00,14.1,,1.2,140,55,8.8,5.1,1005.1,1012.3,,,,,8,0,,,1806,,,10.7,,,,
146,2025-04-12 00:00,13.2,,1.2,140,58,8.8,5.1,1004.6,1011.8,,,,,6,0,,,1908,,,9.8,,,,
146,2025-04-12 01:00,14.1,,.7,180,56,9,5.4,1004.4,1011.6,,,,,7,0,,,1866,,,9.1,,,,
146,2025-04-12 02:00,14.3,,1.6,110,50,8.1,4,1004,1011.2,,,,,6,6,,66,1997,,,8.7,,,,
146,2025-04-12 03:00,14.6,,.7,270,48,7.9,3.6,1003.3,1010.5,,,,,7,0,Ci,,2325,,,8.4,,,,
146,2025-04-12 04:00,14.8,,.8,180,47,7.8,3.5,1003,1010.2,,,,,6,0,Ci,,2212,,,8.8,,,,
146,2025-04-12 05:00,15,,2,140,43,7.3,2.5,1002.2,1009.4,,,,,8,0,Ci,,2342,,,8.7,,,,
146,2025-04-12 06:00,15.3,,2.2,160,41,7.1,2.1,1002.1,1009.3,,,,,8,0,Ci,,2703,,,8.8,,,,
146,2025-04-12 07:00,15.5,,1.2,160,40,7,1.9,1002.6,1009.8,.1,.1,,,4,0,Ci,,2867,,,8.8,,,,
146,2025-04-12 08:00,17.4,,2,110,35,6.9,1.7,1001.7,1008.8,1,.62,,,5,0,Ci,,2783,,,10.5,,,,
146,2025-04-12 09:00,19.9,,3.2,140,30,6.9,1.7,1000.6,1007.6,1,1.4,,,5,0,Ci,,2676,,,12.6,,,,
146,2025-04-12 10:00,22.5,,2.6,160,22,6,-.3,1000.4,1007.3,1,1.86,,,7,4,AcCi,35,4138,,,18.9,,,,
146,2025-04-12 11:00,22.7,,4.3,160,19,5.2,-2.1,1000.2,1007.1,.1,1.51,,,10,9,ScCi,10,3756,,,19.1,,,,
146,2025-04-12 12:00,22,,2.8,160,18,4.8,-3.4,1000.2,1007.2,0,.69,,,10,9,ScAs,10,4709,,,17.4,,,,
146,2025-04-12 13:00,22.1,,3.3,160,18,4.8,-3.3,999.2,1006.1,0,.8,,,10,8,ScAs,10,4861,,,17.9,,,,
146,2025-04-12 14:00,21,0,4.3,230,23,5.7,-.9,999,1006,0,.82,,,10,6,ScAs,10,4199,,01,17.5,,,,
146,2025-04-12 15:00,17.4,0,3.6,160,41,8.1,3.9,998.3,1005.4,0,.22,,,10,7,StNs,10,1862,,01,15,,,,
146,2025-04-12 16:00,18.4,0,3.9,160,32,6.7,1.3,997.2,1004.2,0,.33,,,10,3,ScAs,10,4715,,01,14.2,,,,
146,2025-04-12 17:00,15.9,0,1.8,160,53,9.5,6.3,996.9,1004,0,.18,,,10,1,ScAs,10,2735,,01,13.4,,,,
146,2025-04-12 18:00,14.2,0,2.8,160,66,10.6,7.9,995.8,1002.9,0,.09,,,10,3,StNs,10,1913,,01,12.8,,,,
146,2025-04-12 19:00,13.6,.2,2.9,140,72,11.2,8.6,994.7,1001.8,0,.03,,,10,6,StNs,10,2772,,01,12.1,,,,
146,2025-04-12 20:00,12.8,0,2.1,110,81,11.9,9.6,993.7,1000.9,0,0,,,10,5,ScAs,7,1746,,01,11.8,,,,
146,2025-04-12 21:00,9.5,6.4,3.7,270,95,11.2,8.7,995,1002.3,,,,,10,7,StNs,1,432,,01,11.1,,,,
146,2025-04-12 22:00,6.6,5.6,4,290,96,9.3,6,997.6,1005,,,,,10,9,StNs,6,605,,01,8.8,,,,
146,2025-04-12 23:00,4.9,4.5,3.4,290,96,8.3,4.3,999,1006.4,,,,,10,9,StNs,5,607,,01,7.5,,,,
146,2025-04-13 00:00,2.9,3.1,3.5,270,95,7.1,2.1,999.8,1007.3,,,,,10,10,,,456,,01,6.3,,,,
146,2025-04-13 01:00,1.8,2.5,.3,0,97,6.7,1.3,999,1006.5,,,,,10,7,StNs,4,463,,01,5.1,,,,
146,2025-04-13 02:00,2.8,.5,1,110,96,7.2,2.2,997.3,1004.8,,,,,10,10,As,23,4937,,01,5.8,,,,
146,2025-04-13 03:00,3.7,,1.3,230,91,7.2,2.3,996.8,1004.2,,,,,10,10,As,27,4764,,,6,,,,
146,2025-04-13 04:00,2.9,,1.8,250,93,7,1.8,996.5,1004,,,,,0,0,,,4612,,,4.8,,,,
146,2025-04-13 05:00,3.1,,1.1,200,91,6.9,1.7,996.4,1003.8,,,,,0,0,,,4266,,,4.2,,,,
146,2025-04-13 06:00,3.4,,.6,160,90,7,1.9,995.9,1003.3,,,,,0,0,,,3719,,,3.7,,,,
146,2025-04-13 07:00,4.7,,1.7,180,85,7.2,2.3,995.8,1003.2,.4,.16,,,0,0,,,3685,,,4.2,,,,
146,2025-04-13 08:00,7.2,,1.8,230,74,7.5,2.8,995.6,1002.9,.8,.63,,,1,1,Sc,10,3150,,,6.7,,,,
146,2025-04-13 09:00,9.1,,3.9,230,61,7,1.9,995.8,1003.1,1,1.49,,,2,2,Sc,10,2854,,,7.9,,,,
146,2025-04-13 10:00,9.9,,6.6,250,41,5,-2.7,995.6,1002.9,1,2.16,,,6,3,ScAc,10,3037,,,12.4,,,,
146,2025-04-13 11:00,9.6,,8.1,250,42,5,-2.7,995.7,1003,.5,1.65,,,8,8,Sc,10,2752,,,9.9,,,,
146,2025-04-13 12:00,10.8,,5.6,270,40,5.2,-2.2,995.6,1002.8,.6,1.79,,,8,8,Sc,10,2941,,,13.3,,,,
146,2025-04-13 13:00,10.6,,8.3,250,31,4,-5.8,995.3,1002.5,.9,2.74,,,7,7,Sc,10,3309,,,15.8,,,,
146,2025-04-13 14:00,10.2,,8.2,250,33,4.1,-5.3,995.5,1002.7,1,3.23,,,3,3,Sc,10,3337,,,14.9,,,,
146,2025-04-13 15:00,9.9,,4.9,270,36,4.4,-4.5,995.3,1002.6,.7,2.03,,,10,3,ScAs,10,3284,,,12.8,,,,
146,2025-04-13 16:00,10.2,,7.1,250,32,4,-5.7,995.1,1002.3,.8,2.02,,,8,1,ScAs,10,3549,,,14.2,,,,
146,2025-04-13 17:00,8.7,,6.3,250,42,4.7,-3.5,995.6,1002.9,.3,.78,,,10,6,ScAs,10,3446,,,9.4,,,,
146,2025-04-13 18:00,8.5,,3.3,270,40,4.4,-4.3,996,1003.3,.1,.23,,,8,8,St,5,3837,,,8.2,,,,
146,2025-04-13 19:00,7.9,,4.5,250,44,4.7,-3.6,996.8,1004.1,0,.06,,,10,5,,16,3805,,,7,,,,
146,2025-04-13 20:00,7.6,,3.3,250,45,4.7,-3.5,997.4,1004.7,0,.01,,,7,7,,23,4025,,,5.8,,,,
146,2025-04-13 21:00,7,,1.8,200,48,4.8,-3.2,997.6,1004.9,,,,,0,0,,,3722,,,5,,,,
146,2025-04-13 22:00,6.2,,1.3,180,54,5.1,-2.4,997.1,1004.5,,,,,0,0,,,3830,,,4.4,,,,
146,2025-04-13 23:00,6.3,,1.4,180,55,5.3,-2,996.8,1004.2,,,,,0,0,,,3664,,,4,,,,
146,2025-04-14 00:00,5.7,,1.5,160,57,5.2,-2.1,996,1003.4,,,,,0,0,,,3659,,,3.6,,,,
146,2025-04-14 01:00,5.7,,2,180,56,5.1,-2.4,995.2,1002.6,,,,,2,0,,,4132,,,3.2,,,,
146,2025-04-14 02:00,6.2,,1.9,160,56,5.3,-1.9,994.8,1002.1,,,,,10,8,,29,3874,,,4.1,,,,
146,2025-04-14 03:00,6,,1.9,140,56,5.2,-2.1,993.6,1000.9,,,,,10,10,As,24,3855,,,4.7,,,,
146,2025-04-14 04:00,5.9,,1.6,140,54,5,-2.7,992.6,999.9,,,,,8,5,AsCi,23,3807,,,4.1,,,,
146,2025-04-14 05:00,6,0,1.2,140,59,5.5,-1.4,992.5,999.8,,,,,10,2,ScAs,8,2540,,01,4.5,,,,
146,2025-04-14 06:00,5,3.7,3.8,160,92,8,3.8,991.6,999,,,,,10,7,StNs,7,1955,,01,4.9,,,,
146,2025-04-14 07:00,4.6,1.5,2.7,250,92,7.8,3.4,992.7,1000.1,0,.02,,,10,5,ScAs,4,1001,,01,5.1,,,,
146,2025-04-14 08:00,5.5,.8,1.6,140,93,8.4,4.4,992.1,999.4,.3,.43,,,6,6,Sc,10,1651,,01,7.1,,,,
146,2025-04-14 09:00,7,,1.4,140,89,8.9,5.3,991.9,999.2,.5,1.08,,,8,2,ScAc,10,4028,,,9.5,,,,
146,2025-04-14 10:00,9.6,,.8,230,74,8.8,5.1,992.4,999.6,.3,1.28,,,8,8,Sc,10,3840,,,12.4,,,,
146,2025-04-14 11:00,10,,3.8,250,55,6.7,1.3,992,999.2,.3,1.5,,,9,9,Sc,10,4081,,,13.3,,,,
146,2025-04-14 12:00,8.5,0,3.2,230,56,6.2,.2,992.1,999.4,0,.67,,,10,5,StAs,5,3965,,01,10.2,,,,
146,2025-04-14 13:00,8.9,,3.8,250,54,6.1,0,991.3,998.5,.1,1.49,,,10,5,ScAs,10,3780,,,11.9,,,,
146,2025-04-14 14:00,6,.8,2.1,200,82,7.6,3.1,990.9,998.2,0,.46,,,10,7,StNs,5,1248,,01,9.8,,,,
146,2025-04-14 15:00,5.6,1.5,1.8,180,90,8.1,4,990.5,997.8,0,.32,,,10,5,StNs,5,875,,01,9,,,,
146,2025-04-14 16:00,4.8,4.3,2.9,230,90,7.7,3.2,990.6,998,0,.16,,,10,10,Ns,20,772,,01,7.6,,,,
146,2025-04-14 17:00,3.8,3.3,1.1,180,94,7.5,2.9,990.3,997.7,0,.15,,,10,4,StNs,5,402,,01,6.9,,,,
146,2025-04-14 18:00,4.4,1.9,1.7,110,96,8,3.8,989.9,997.3,0,.11,,,10,5,StNs,5,4647,,01,7.1,,,,
146,2025-04-14 19:00,4.4,1.1,2,110,95,7.9,3.6,990.6,998,0,.04,,,10,5,ScAs,13,2434,,01,6.8,,,,
146,2025-04-14 20:00,4.8,0,1.3,90,96,8.2,4.2,991.7,999.1,0,.01,,,9,9,St,3,2280,,01,6.8,,,,
146,2025-04-14 21:00,4.3,,1.7,70,96,8,3.7,992.6,1000,,,,,7,7,Sc,13,2069,,,6.5,,,,
146,2025-04-14 22:00,4.8,,.8,320,96,8.2,4.2,994.5,1001.9,,,,,9,9,,4,1765,,,6.5,,,,
146,2025-04-14 23:00,5,,2.6,320,93,8.1,3.9,995.7,1003.1,,,,,9,4,,4,2060,,,6.1,,,,
146,2025-04-15 00:00,5.2,,1.2,270,90,7.9,3.6,996.7,1004.1,,,,,10,10,,,2204,,,6.1,,,,
146,2025-04-15 01:00,5.5,,1.6,270,88,7.9,3.6,997.3,1004.7,,,,,9,6,,5,2728,,,6.1,,,,
146,2025-04-15 02:00,5.5,,1.4,270,88,7.9,3.6,997.6,1005,,,,,7,4,,8,1655,,,6,,,,
146,2025-04-15 03:00,5.4,,1.5,270,87,7.8,3.4,998.3,1005.7,,,,,3,3,Sc,10,1432,,,5.5,,,,
146,2025-04-15 04:00,5,,2,250,89,7.7,3.3,998.6,1006,,,,,2,2,Sc,7,1133,,,4.3,,,,
146,2025-04-15 05:00,4.7,,1.3,230,90,7.6,3.1,998.9,1006.3,,,,,0,0,,,1259,,,3.7,,,,
146,2025-04-15 06:00,4.8,,1.3,250,88,7.5,2.9,999.4,1006.8,0,0,,,0,0,,,1809,,,3.6,,,,
146,2025-04-15 07:00,5.7,,.7,250,85,7.7,3.3,1000.2,1007.6,.5,.19,,,0,0,,,1749,,,4.2,,,,
146,2025-04-15 08:00,6.8,,.5,290,81,8,3.7,1000.7,1008.1,.4,.52,,,2,2,Sc,4,2024,,,6.7,,,,
146,2025-04-15 09:00,8,,1.4,250,79,8.4,4.5,1001.1,1008.4,.3,.85,,,8,8,Sc,4,1529,,,9.5,,,,
146,2025-04-15 10:00,10.3,,2.4,270,70,8.7,5,1001.8,1009.1,.6,1.62,,,5,5,Sc,5,1593,,,15.3,,,,
146,2025-04-15 11:00,13.1,,3.3,270,62,9.3,5.9,1002,1009.2,.9,2.49,,,4,4,Sc,8,1870,,,18.1,,,,
146,2025-04-15 12:00,12.4,,4.6,290,45,6.4,.7,1001.6,1008.8,1,3.11,,,4,4,Sc,13,3442,,,19.2,,,,
146,2025-04-15 13:00,12.8,,4.5,290,47,6.9,1.7,1001.5,1008.7,.9,3,,,6,6,Sc,15,2893,,,19.5,,,,
146,2025-04-15 14:00,13.1,,4.9,270,44,6.6,1.1,1001.1,1008.3,1,3.4,,,4,4,Sc,14,3533,,,21.6,,,,
146,2025-04-15 15:00,12.9,,4.7,290,38,5.6,-1.1,1000.7,1007.9,1,2.97,,,2,2,Sc,10,3988,,,19.3,,,,
146,2025-04-15 16:00,13,,3.8,290,47,7,1.9,1000.8,1008,1,2.37,,,0,0,,,3013,,,19.4,,,,
146,2025-04-15 17:00,11.9,,3.5,270,45,6.2,.3,1001,1008.2,1,1.68,,,0,0,,,2985,,,15.7,,,,
146,2025-04-15 18:00,11.5,,3,270,48,6.5,.8,1001,1008.2,1,.93,,,0,0,,,2634,,,11.8,,,,
146,2025-04-15 19:00,9.7,,2.5,290,65,7.8,3.4,1001.6,1008.9,.5,.23,,,0,0,,,1854,,,8.9,,,,
146,2025-04-15 20:00,9.2,,3,290,72,8.4,4.4,1002.4,1009.7,0,0,,,0,0,,,1457,,,7.6,,,,
146,2025-04-15 21:00,8.7,,.6,270,79,8.8,5.2,1003.8,1011.1,,,,,0,0,,,1398,,,7.1,,,,
146,2025-04-15 22:00,8.7,,.5,180,79,8.8,5.2,1003.7,1011,,,,,0,0,,,1348,,,6.4,,,,
146,2025-04-15 23:00,7.5,,.8,160,83,8.5,4.7,1003.8,1011.2,,,,,0,0,,,1153,,,5.8,,,,
146,2025-04-16 00:00,6.7,,1.5,110,84,8.2,4.1,1003.6,1011,,,,,0,0,,,1053,,,5.3,,,,
146,2025-04-16 01:00,6.6,,.8,160,84,8.1,4,1003.5,1010.9,,,,,0,0,,,1100,,,4.9,,,,
146,2025-04-16 02:00,6.4,,.9,140,83,8,3.7,1003.6,1011,,,,,0,0,,,1192,,,4.5,,,,
146,2025-04-16 03:00,5.7,,1.3,140,85,7.7,3.3,1003.2,1010.6,,,,,0,0,,,1178,,,4.4,,,,
146,2025-04-16 04:00,6.2,,1.6,160,81,7.6,3.1,1002.9,1010.3,,,,,0,0,,,1580,,,4.3,,,,
146,2025-04-16 05:00,6.6,,2.1,140,77,7.5,2.8,1002.3,1009.7,,,,,0,0,,,1864,,,4.3,,,,
146,2025-04-16 06:00,7.4,,2.1,140,73,7.5,2.8,1002.5,1009.9,0,0,,,0,0,,,2352,,,4.3,,,,
146,2025-04-16 07:00,8.7,,2.3,140,68,7.6,3.1,1002.5,1009.8,.3,.16,,,0,0,,,2551,,,5.5,,,,
146,2025-04-16 08:00,11.9,,1.8,160,58,8,3.8,1002.5,1009.7,1,.73,,,0,0,,,3084,,,8.5,,,,
146,2025-04-16 09:00,16,,2.1,140,49,8.8,5.2,1002.1,1009.2,1,1.45,,,0,0,,,3189,,,10.4,,,,
146,2025-04-16 10:00,19.3,,1.2,160,42,9.3,6,1002.1,1009.1,1,2.12,,,0,0,,,3066,,,18.5,,,,
146,2025-04-16 11:00,22.1,,2.2,230,37,9.8,6.7,1002.1,1009.1,1,2.65,,,0,0,,,1693,,,22.3,,,,
146,2025-04-16 12:00,23,,3.6,250,37,10.4,7.5,1001.9,1008.8,1,2.96,,,1,0,Ci,,1560,,,23.2,,,,
146,2025-04-16 13:00,23.4,,5.1,250,36,10.3,7.4,1001.3,1008.2,1,2.95,,,5,0,Ci,,1912,,,22.6,,,,
146,2025-04-16 14:00,24.3,,4.7,230,36,10.9,8.2,1000.9,1007.8,1,2.9,,,6,0,Ci,,1772,,,24.3,,,,
146,2025-04-16 15:00,25.4,,4.8,230,32,10.3,7.4,1000.5,1007.4,1,2.62,,,6,0,Ci,,2659,,,25.1,,,,
146,2025-04-16 16:00,25.9,,3,250,30,9.9,6.9,999.9,1006.8,1,2.12,,,5,0,Ci,,2549,,,24.1,,,,
146,2025-04-16 17:00,24.8,,3.8,230,26,8.1,3.9,999.9,1006.8,.7,1.26,,,8,0,Ci,,3777,,,20.6,,,,
146,2025-04-16 18:00,23.5,,3.1,200,28,8.1,3.9,999.6,1006.5,.5,.63,,,7,0,Ci,,4221,,,16.8,,,,
146,2025-04-16 19:00,21.8,,3.1,180,31,8.1,3.9,999.6,1006.6,.2,.16,,,5,3,,68,4092,,,14,,,,
146,2025-04-16 20:00,21.5,,2.5,180,27,6.9,1.6,1000.3,1007.3,0,0,,,7,7,,62,4087,,,12.4,,,,
146,2025-04-16 21:00,20.6,,3.5,180,35,8.4,4.5,1000.8,1007.8,,,,,7,0,Ci,,4239,,,11.8,,,,
146,2025-04-16 22:00,19.3,,3.2,180,50,11.2,8.6,1001.5,1008.5,,,,,0,0,,,3647,,,11.4,,,,
146,2025-04-16 23:00,18.5,,2.3,180,58,12.3,10,1001.7,1008.8,,,,,0,0,,,3261,,,11.2,,,,
146,2025-04-17 00:00,18.1,,3,160,61,12.6,10.4,1001.7,1008.7,,,,,0,0,,,3325,,,10.9,,,,
146,2025-04-17 01:00,17.9,,2.4,160,63,12.9,10.7,1002.1,1009.2,,,,,0,0,,,3239,,,10.8,,,,
146,2025-04-17 02:00,18,,2.7,140,66,13.6,11.5,1001.7,1008.8,,,,,0,0,,,3003,,,11.5,,,,
146,2025-04-17 03:00,17.2,,2.8,140,69,13.5,11.4,1000.8,1007.9,,,,,0,0,,,3002,,,11.3,,,,
146,2025-04-17 04:00,17.7,,3.3,140,69,13.9,11.9,1000.4,1007.5,,,,,0,0,,,2801,,,11.1,,,,
146,2025-04-17 05:00,17.3,,2.4,160,71,13.9,11.9,1000,1007.1,,,,,0,0,,,2815,,,10.6,,,,
146,2025-04-17 06:00,16.6,,2.6,140,74,13.9,11.9,999.9,1007,0,0,,,0,0,,,2757,,,10.6,,,,
146,2025-04-17 07:00,18.1,,1.9,140,72,14.9,12.9,999.9,1007,.1,.16,,,0,0,,,2656,,,11.7,,,,
146,2025-04-17 08:00,19.8,,2.9,160,67,15.4,13.4,999.9,1006.9,1,.7,,,0,0,,,2486,,,14.6,,,,
146,2025-04-17 09:00,21.3,,3.5,160,61,15.4,13.4,1000,1007,1,1.41,,,0,0,,,2540,,,16.2,,,,
146,2025-04-17 10:00,23.2,,3.3,160,56,15.9,13.9,999.9,1006.8,1,1.97,,,0,0,,,3087,,,22.2,,,,
146,2025-04-17 11:00,24,,3.4,160,54,16.1,14.1,999.7,1006.6,1,2.47,,,0,0,,,2645,,,24.6,,,,
146,2025-04-17 12:00,26.4,,3.2,160,48,16.4,14.4,999.4,1006.2,1,2.8,,,4,0,Ci,,2883,,,27.2,,,,
146,2025-04-17 13:00,26.8,,3.3,180,44,15.5,13.5,998.8,1005.6,1,2.82,,,7,0,Ci,,2883,,,28.5,,,,
146,2025-04-17 14:00,27.9,,3.6,160,45,16.8,14.8,997.7,1004.5,1,2.61,,,6,0,Ci,,3436,,,29.1,,,,
146,2025-04-17 15:00,27.2,,2.8,160,45,16.2,14.2,997,1003.8,1,2.16,,,8,0,Ci,,3126,,,27.8,,,,
146,2025-04-17 16:00,27.9,,3,160,43,16.1,14.1,996.9,1003.7,1,1.72,,,7,0,Ci,,2982,,,26.7,,,,
146,2025-04-17 17:00,27.6,,2.5,180,43,15.8,13.8,997.1,1003.9,1,1.3,,,3,0,Ci,,2415,,,24.4,,,,
146,2025-04-17 18:00,26.9,,1.8,180,44,15.6,13.6,997.7,1004.5,.7,.65,,,0,0,,,2449,,,21.1,,,,
146,2025-04-17 19:00,25.2,,1.7,160,51,16.3,14.3,998.5,1005.4,0,.12,,,0,0,,,2581,,,18.3,,,,
146,2025-04-17 20:00,22.7,,2.1,140,62,17,15,999.2,1006.1,0,.01,,,0,0,,,2222,,,16.9,,,,
146,2025-04-17 21:00,21.7,,2.5,140,63,16.3,14.3,999.9,1006.9,,,,,3,0,Ci,,2196,,,16,,,,
146,2025-04-17 22:00,21.2,,2.7,160,64,16.1,14.1,1000,1007,,,,,7,3,,75,2332,,,15.4,,,,
146,2025-04-17 23:00,20.8,,2.8,160,63,15.4,13.4,1000.2,1007.2,,,,,6,0,,,2386,,,14.8,,,,
146,2025-04-18 00:00,19.6,,1.8,140,69,15.7,13.7,1000.5,1007.5,,,,,0,0,,,2396,,,14,,,,
146,2025-04-18 01:00,19.1,,2.6,160,71,15.7,13.7,1000.7,1007.7,,,,,0,0,,,2527,,,13.8,,,,
146,2025-04-18 02:00,19.1,,2.3,160,74,16.3,14.3,1000.5,1007.5,,,,,0,0,,,1142,,,13.6,,,,
146,2025-04-18 03:00,18.8,,2.6,160,76,16.4,14.4,1000.3,1007.3,,,,,0,0,,,2145,,,13.5,,,,
146,2025-04-18 04:00,19.2,,2.4,160,74,16.4,14.4,1000.2,1007.2,,,,,0,0,,,2226,,,13.4,,,,
146,2025-04-18 05:00,19,,2.7,180,74,16.2,14.2,1001,1008,,,,,0,0,,,2052,,,13.4,,,,
146,2025-04-18 06:00,18.6,,2.3,160,77,16.4,14.4,1001.7,1008.8,0,0,,,0,0,,,1898,,,13.2,,,,
146,2025-04-18 07:00,19.1,,1,140,77,16.9,14.9,1002.6,1009.7,0,.15,,,0,0,,,1885,,,14.5,,,,
146,2025-04-18 08:00,20.7,,1.8,160,68,16.5,14.5,1002.6,1009.6,.4,.61,,,0,0,,,2280,,,16.6,,,,
146,2025-04-18 09:00,22.4,,2,160,60,16.2,14.2,1003,1010,1,1.27,,,0,0,,,2650,,,18.4,,,,
146,2025-04-18 10:00,23.3,,1.7,180,56,16,14,1003.7,1010.6,1,1.86,,,0,0,,,2431,,,23.4,,,,
146,2025-04-18 11:00,23.4,,4,270,55,15.8,13.8,1004.3,1011.2,1,2.33,,,1,1,Sc,15,1789,,,24.9,,,,
146,2025-04-18 12:00,24.2,,3.1,270,54,16.2,14.2,1004.3,1011.2,1,2.55,,,0,0,,,1896,,,27.1,,,,
146,2025-04-18 13:00,24.2,,2.6,270,57,17.2,15.1,1003.7,1010.6,1,2.79,,,0,0,,,1718,,,28.9,,,,
146,2025-04-18 14:00,25.4,,2.1,290,55,17.7,15.6,1002.9,1009.8,1,2.71,,,0,0,,,1709,,,30,,,,
146,2025-04-18 15:00,24.2,,2.1,320,58,17.5,15.4,1002.9,1009.8,.9,2.27,,,6,6,Sc,16,1586,,,28,,,,
146,2025-04-18 16:00,24.2,,2.4,290,57,17.2,15.1,1002.2,1009.1,.9,1.75,,,0,0,,,1494,,,27.6,,,,
146,2025-04-18 17:00,23.8,,2,290,60,17.6,15.5,1002.3,1009.2,1,1.22,,,0,0,,,1642,,,24.7,,,,
146,2025-04-18 18:00,21.1,,2,290,68,16.9,14.9,1003.2,1010.2,.2,.61,,,0,0,,,1808,,,21.1,,,,
146,2025-04-18 19:00,18.7,,1.3,320,76,16.3,14.3,1004.2,1011.3,0,.15,,,0,0,,,1359,,,18.2,,,,
146,2025-04-18 20:00,18.1,,1.5,290,79,16.3,14.3,1004.3,1011.4,0,0,,,0,0,,,1128,,,16.6,,,,
146,2025-04-18 21:00,16.6,,1.6,360,83,15.6,13.6,1005.3,1012.4,,,,,4,0,Ci,,698,,19,15.5,,,,
146,2025-04-18 22:00,16.5,,.9,340,84,15.7,13.7,1005.2,1012.3,,,,,8,0,,,716,,19,14.9,,,,
146,2025-04-18 23:00,16.2,,1.1,360,86,15.8,13.8,1004.9,1012,,,,,9,4,,72,611,,19,14.6,,,,
146,2025-04-19 00:00,16.6,,.2,0,83,15.6,13.6,1004.8,1011.9,,,,,9,0,Ci,,637,,19,14.5,,,,
146,2025-04-19 01:00,17.2,,1,250,80,15.7,13.7,1004.6,1011.7,,,,,9,9,,68,990,,19,14.4,,,,
146,2025-04-19 02:00,15.9,,2,340,87,15.7,13.7,1004.4,1011.6,,,,,8,6,,69,479,,19,13.9,,,,
146,2025-04-19 03:00,16.2,,1.6,340,86,15.8,13.8,1004.3,1011.4,,,,,5,5,Sc,8,528,,19,14.1,,,,
146,2025-04-19 04:00,17.3,,.8,90,84,16.5,14.5,1003.9,1011,,,,,2,2,Sc,9,795,,19,13.3,,,,
146,2025-04-19 05:00,17.5,,1.7,90,84,16.7,14.7,1003.6,1010.7,,,,,0,0,,,1172,,19,13,,,,
146,2025-04-19 06:00,17.9,,1.3,110,84,17.2,15.1,1003.6,1010.7,0,0,,,0,0,,,2730,,,13.1,,,,
146,2025-04-19 07:00,19.5,,1.1,110,79,17.8,15.7,1003.6,1010.6,.4,.21,,,3,0,Ci,,3696,,,14,,,,
146,2025-04-19 08:00,21.7,,2.2,140,69,17.8,15.7,1003.1,1010.1,1,.77,,,0,0,,,3311,,,17,,,,
146,2025-04-19 09:00,23.1,,2.7,180,59,16.6,14.6,1002.9,1009.8,1,1.5,,,5,0,Ci,,3236,,,18.2,,,,
146,2025-04-19 10:00,25,,3.6,180,53,16.7,14.7,1002.9,1009.8,1,2.08,,,6,1,ScCi,15,3244,,,23.9,,,,
146,2025-04-19 11:00,25.1,,2.8,230,48,15.3,13.3,1003,1009.9,1,2.52,,,6,4,ScCi,14,4432,,,25.6,,,,
146,2025-04-19 12:00,25.7,,3.4,200,49,16.1,14.1,1002.3,1009.2,.8,2.06,,,6,6,Sc,15,4256,,,26.4,,,,
146,2025-04-19 13:00,26,,3.1,180,47,15.8,13.8,1001.7,1008.6,.7,2.3,,,8,8,Sc,15,4305,,,26.5,,,,
146,2025-04-19 14:00,25.9,,3.3,230,49,16.3,14.3,1001,1007.9,.3,1.55,,,9,9,Sc,15,4005,,,25.1,,,,
146,2025-04-19 15:00,25.6,,4.8,250,49,16,14,1000,1006.9,.2,1.14,,,9,8,ScCi,16,4004,,,23.3,,,,
146,2025-04-19 16:00,24.5,,5.2,250,50,15.3,13.3,999.3,1006.2,0,.38,,,10,8,ScAs,16,4506,,,21.5,,,,
146,2025-04-19 17:00,23.6,0,5.4,250,57,16.5,14.5,999.7,1006.6,0,.39,,,10,8,ScAs,15,4492,,01,20,,,,
146,2025-04-19 18:00,22.7,0,3.9,230,64,17.6,15.5,1000.1,1007,0,.14,,,10,8,StAs,8,3345,,01,18.9,,,,
146,2025-04-19 19:00,21.7,.1,2.5,230,70,18.1,15.9,1000.3,1007.3,0,.03,,,10,7,ScAs,9,3248,,01,18.2,,,,
146,2025-04-19 20:00,20,0,2.7,250,82,19.1,16.8,1001.5,1008.5,0,0,,,9,9,Sc,7,3846,,01,17.7,,,,
146,2025-04-19 21:00,18.5,.5,1.5,250,95,20.1,17.6,1002.4,1009.5,,,,,10,6,ScAs,5,276,,01,17.5,,,,
146,2025-04-19 22:00,17,.5,1.2,250,97,18.8,16.5,1002.3,1009.4,,,,,10,5,ScAs,3,897,,01,16.8,,,,
146,2025-04-19 23:00,15.1,0,2.9,290,96,16.4,14.4,1003,1010.2,,,,,10,10,St,2,226,,190201,16.1,,,,
146,2025-04-20 00:00,13.9,.1,1,290,97,15.4,13.4,1003.4,1010.6,,,,,10,10,St,3,310,,1902,15.2,,,,
146,2025-04-20 01:00,13.9,.2,1,290,98,15.5,13.5,1003.4,1010.6,,,,,10,10,St,2,210,,1902,14.8,,,,
146,2025-04-20 02:00,13.9,.4,.3,0,98,15.5,13.5,1003.2,1010.4,,,,,10,10,St,2,213,,1902,14.8,,,,
146,2025-04-20 03:00,14.4,.2,1.2,110,99,16.2,14.2,1002.7,1009.9,,,,,10,10,St,2,197,,1902,14.8,,,,
146,2025-04-20 04:00,14.7,.2,1.3,140,99,16.5,14.5,1002.3,1009.5,,,,,9,9,Sc,10,1423,,1902,14.8,,,,
146,2025-04-20 05:00,14.9,,1.1,140,97,16.4,14.4,1002.4,1009.6,,,,,9,9,Sc,6,3913,,,14.8,,,,
146,2025-04-20 06:00,15.1,0,.7,340,97,16.6,14.6,1003,1010.2,0,0,,,10,10,St,2,271,,1902,14.8,,,,
146,2025-04-20 07:00,15,.4,1.5,340,99,16.8,14.8,1003.7,1010.9,0,.05,,,10,10,St,2,227,,1902,15.1,,,,
146,2025-04-20 08:00,15.2,.1,.8,360,99,17,15,1004.6,1011.8,0,.16,,,10,10,St,2,163,,1902,16,,,,
146,2025-04-20 09:00,15.5,0,.5,290,98,17.2,15.1,1005.2,1012.4,0,.28,,,10,10,St,3,122,,1902,16.7,,,,
146,2025-04-20 10:00,17,0,.3,0,95,18.3,16.1,1005.7,1012.8,0,.78,,,10,10,St,2,570,,1902,19.6,,,,
146,2025-04-20 11:00,16.7,,1.6,290,92,17.4,15.3,1006.1,1013.2,0,1.03,,,10,10,St,1,676,,19,19.8,,,,
146,2025-04-20 12:00,18.2,,.9,340,87,18.1,15.9,1005.8,1012.9,0,.73,,,10,10,St,2,806,,19,21.1,,,,
146,2025-04-20 13:00,18.8,,1.1,290,82,17.7,15.6,1005.4,1012.5,0,1.33,,,10,10,St,3,1046,,19,22.9,,,,
146,2025-04-20 14:00,21,,1.1,320,75,18.5,16.3,1005.2,1012.2,.6,2.45,,,6,6,Sc,8,1186,,,27.2,,,,
146,2025-04-20 15:00,22.6,,1.4,270,66,18.1,15.9,1004.8,1011.8,1,2.91,,,1,1,Sc,10,2172,,,30,,,,
146,2025-04-20 16:00,22.7,,1.3,290,65,17.8,15.7,1004.5,1011.5,1,2.28,,,1,1,Sc,10,2807,,,27.9,,,,
146,2025-04-20 17:00,23.8,,1.3,320,62,18.2,16,1004.2,1011.1,1,1.67,,,0,0,,,3279,,,25.5,,,,
146,2025-04-20 18:00,21.4,,3.3,270,71,18.1,15.9,1005,1012,1,.88,,,0,0,,,1590,,,21.2,,,,
146,2025-04-20 19:00,18.9,,2,270,79,17.2,15.1,1005.7,1012.8,.4,.23,,,0,0,,,797,,19,18,,,,
146,2025-04-20 20:00,18.5,,1.8,230,78,16.5,14.5,1006.5,1013.6,0,0,,,9,8,,9,857,,19,17.4,,,,
146,2025-04-20 21:00,18.2,,1,250,79,16.4,14.4,1007.3,1014.4,,,,,0,0,,,751,,19,16.9,,,,
146,2025-04-20 22:00,16.8,,.2,0,85,16.2,14.2,1007.8,1015,,,,,9,9,,9,572,,19,16.1,,,,
146,2025-04-20 23:00,16,,1.6,340,85,15.4,13.4,1008.3,1015.5,,,,,9,9,,9,609,,19,15.7,,,,
146,2025-04-21 00:00,15.6,,.8,20,86,15.2,13.2,1008.5,1015.7,,,,,9,9,St,6,586,,19,15.5,,,,
146,2025-04-21 01:00,16.3,,.7,140,82,15.2,13.2,1008.4,1015.6,,,,,9,8,,6,748,,19,15.3,,,,
146,2025-04-21 02:00,16.6,,.6,70,81,15.3,13.3,1008.1,1015.3,,,,,9,9,,5,721,,19,15.5,,,,
146,2025-04-21 03:00,16.1,,.5,20,85,15.5,13.5,1008,1015.2,,,,,9,9,Sc,7,643,,19,14.4,,,,
146,2025-04-21 04:00,16.2,,.6,20,87,16,14,1007.9,1015.1,,,,,6,6,Sc,10,549,,19,14.1,,,,
146,2025-04-21 05:00,15.9,,.8,70,88,15.9,13.9,1008.2,1015.4,,,,,2,2,Sc,12,486,,19,13.5,,,,
146,2025-04-21 06:00,16,,.7,110,93,16.8,14.8,1008.4,1015.6,0,.01,,,2,2,Sc,10,416,,19,12.8,,,,
146,2025-04-21 07:00,17,,.2,0,88,16.9,14.9,1009.2,1016.4,.4,.22,,,1,1,Sc,8,516,,19,13.8,,,,
146,2025-04-21 08:00,19,,.7,180,79,17.3,15.2,1009.3,1016.4,.7,.76,,,8,8,Sc,11,1429,,19,17.8,,,,
146,2025-04-21 09:00,21.2,,1.4,140,70,17.6,15.5,1009.1,1016.1,.9,1.41,,,3,3,Sc,15,3900,,,18.8,,,,
146,2025-04-21 10:00,22.7,,1.9,110,63,17.3,15.2,1008.9,1015.9,.9,2.11,,,5,5,Sc,15,4536,,,23.4,,,,
146,2025-04-21 11:00,24.7,,2.3,200,56,17.4,15.3,1008.3,1015.2,1,2.71,,,3,3,Sc,16,4334,,,28.4,,,,
146,2025-04-21 12:00,26,,1.8,180,50,16.7,14.7,1007.6,1014.5,.5,2.01,,,7,7,Sc,14,3870,,,27.9,,,,
146,2025-04-21 13:00,26.6,,2.2,180,45,15.6,13.6,1006.6,1013.5,1,3.48,,,6,6,Sc,17,4082,,,31.5,,,,
146,2025-04-21 14:00,27,,2.6,230,44,15.6,13.6,1005.9,1012.8,1,3.37,,,6,6,Sc,16,4186,,,32.2,,,,
146,2025-04-21 15:00,28.2,,1.6,230,43,16.4,14.4,1005,1011.8,1,3.02,,,6,6,Sc,15,3999,,,32.3,,,,
146,2025-04-21 16:00,26.7,,1.6,200,43,15,13,1005.1,1012,.5,1.42,,,5,5,Sc,19,4579,,,26.9,,,,
146,2025-04-21 17:00,28.1,,1.3,250,43,16.3,14.3,1005,1011.8,.6,1.09,,,5,4,ScCi,18,3711,,,26.3,,,,
146,2025-04-21 18:00,24.6,,1.8,290,64,19.7,17.3,1004.4,1011.3,1,.8,,,3,1,ScCi,15,2465,,,22.8,,,,
146,2025-04-21 19:00,22.1,,2.2,320,72,19.1,16.8,1005.1,1012.1,.6,.26,,,0,0,,,1716,,,20,,,,
146,2025-04-21 20:00,20.9,,.5,320,77,19,16.7,1005.2,1012.2,0,.01,,,0,0,,,1266,,,18.3,,,,
146,2025-04-21 21:00,19.8,,1.2,20,81,18.6,16.4,1005,1012,,,,,6,0,Ci,,1110,,,17.3,,,,
146,2025-04-21 22:00,21.3,,2.1,160,67,16.9,14.9,1005,1012,,,,,8,7,,22,2718,,,17.1,,,,
146,2025-04-21 23:00,20.7,,1.6,140,67,16.3,14.3,1004.3,1011.3,,,,,7,3,,68,3002,,,16.4,,,,
146,2025-04-22 00:00,20.5,,1.4,140,66,15.9,13.9,1004.4,1011.4,,,,,8,3,ScCi,,3970,,,16.6,,,,
146,2025-04-22 01:00,20.4,,1.1,140,66,15.8,13.8,1004.1,1011.1,,,,,10,5,,18,4044,,,16.9,,,,
146,2025-04-22 02:00,20.1,,1,110,66,15.5,13.5,1003.3,1010.3,,,,,9,6,,20,4216,,,16.8,,,,
146,2025-04-22 03:00,19.8,,.7,90,68,15.7,13.7,1002.7,1009.7,,,,,10,3,ScAs,10,4166,,,16.5,,,,
146,2025-04-22 04:00,20,0,1.2,140,70,16.3,14.3,1002.5,1009.5,,,,,10,3,ScAs,11,3992,,01,16.6,,,,
146,2025-04-22 05:00,18.8,0,1.9,110,78,16.8,14.8,1001.6,1008.7,,,,,10,5,StNs,8,2550,,01,16.4,,,,
146,2025-04-22 06:00,17.6,.2,2.1,140,87,17.5,15.4,1000.8,1007.9,0,0,,,10,4,StNs,8,1640,,01,16.1,,,,
146,2025-04-22 07:00,17.3,1.1,1.4,160,93,18.3,16.1,1000.8,1007.9,0,.02,,,10,3,StNs,8,679,,01,16.3,,,,
146,2025-04-22 08:00,17.5,3.1,1.2,110,96,19.1,16.8,1000.1,1007.2,0,.09,,,10,3,StNs,8,586,,01,16.8,,,,
146,2025-04-22 09:00,17.7,2,2.3,110,95,19.1,16.8,999.2,1006.3,0,.22,,,10,3,StNs,8,991,,01,17.7,,,,
146,2025-04-22 10:00,17.9,.8,2.1,110,93,19,16.7,998.6,1005.7,0,.32,,,10,5,StNs,8,1162,,01,18.4,,,,
146,2025-04-22 11:00,18.2,1,2,110,91,19,16.7,998.5,1005.5,0,.35,,,10,7,StNs,6,659,,01,18.5,,,,
146,2025-04-22 12:00,18.5,2.3,2.2,90,93,19.7,17.3,996.8,1003.8,0,.6,,,10,6,StNs,7,1178,,01,20.1,,,,
146,2025-04-22 13:00,18.7,1.1,1.1,50,96,20.6,18,996,1003,0,.38,,,10,6,StNs,5,425,,01,19.7,,,,
146,2025-04-22 14:00,18.8,4.4,1.5,20,98,21.2,18.4,995.8,1002.8,0,.35,,,10,6,StNs,5,321,,01,19.8,,,,
146,2025-04-22 15:00,18.7,1.6,1.3,50,97,20.9,18.2,995.1,1002.1,0,.57,,,10,7,StNs,3,683,,01,20.4,,,,
146,2025-04-22 16:00,18.5,.6,1.9,20,97,20.6,18,994.6,1001.6,0,.45,,,10,7,StNs,7,542,,01,20.3,,,,
146,2025-04-22 17:00,18.5,.3,2.1,20,97,20.6,18,994.3,1001.3,0,.42,,,10,6,ScAs,4,2252,,01,20.4,,,,
146,2025-04-22 18:00,18.4,0,1.8,360,94,19.9,17.4,994.7,1001.7,0,.25,,,10,7,ScAs,4,5000,,01,18.9,,,,
146,2025-04-22 19:00,18.1,.1,.8,360,97,20.1,17.6,994.9,1001.9,0,.15,,,4,1,ScAs,10,4646,,,18.3,,,,
146,2025-04-22 20:00,17.8,,1.3,340,96,19.5,17.1,995.7,1002.7,0,0,,,7,3,,7,1570,,,17.5,,,,
146,2025-04-22 21:00,17.9,,1.5,340,97,19.9,17.4,996.5,1003.5,,,,,10,3,ScAs,10,1700,,,17.3,,,,
146,2025-04-22 22:00,17.5,.3,1.3,320,98,19.5,17.1,996.5,1003.6,,,,,10,5,ScAs,10,718,,1901,17.1,,,,
146,2025-04-22 23:00,17.6,,1.8,320,98,19.6,17.2,996.8,1003.9,,,,,10,10,,5,425,,19,17,,,,
146,2025-04-23 00:00,17,.1,2.6,320,96,18.5,16.3,997.2,1004.2,,,,,10,10,,,393,,1902,16.6,,,,
146,2025-04-23 01:00,16.7,,1.9,320,95,17.9,15.8,997.4,1004.5,,,,,10,3,,2,355,,19,15.9,,,,
146,2025-04-23 02:00,16.4,,2.3,270,95,17.6,15.5,997.3,1004.4,,,,,10,10,,2,404,,19,16,,,,
146,2025-04-23 03:00,15.8,,1.2,270,95,16.9,14.9,997.5,1004.6,,,,,10,10,St,5,356,,19,15.8,,,,
146,2025-04-23 04:00,15,,.5,180,96,16.3,14.3,997.8,1004.9,,,,,10,7,StAs,5,297,,19,15.4,,,,
146,2025-04-23 05:00,14.6,,1.1,270,96,15.9,13.9,998.1,1005.2,,,,,10,10,St,5,323,,19,15.2,,,,
146,2025-04-23 06:00,14.1,,.5,230,95,15.3,13.3,999.1,1006.3,0,0,,,9,9,St,5,351,,19,15,,,,
146,2025-04-23 07:00,14.4,,.3,0,95,15.6,13.6,999.8,1007,0,.06,,,10,10,St,5,398,,19,15.3,,,,
146,2025-04-23 08:00,15.3,,.7,360,92,16,14,999.8,1006.9,0,.44,,,10,10,St,4,401,,19,17.2,,,,
146,2025-04-23 09:00,15.3,,1.4,340,91,15.8,13.8,999.9,1007,0,.48,,,10,10,St,3,363,,19,17.4,,,,
146,2025-04-23 10:00,16,,1.2,290,89,16.1,14.1,1000.5,1007.6,0,.67,,,9,9,St,3,422,,19,19,,,,
146,2025-04-23 11:00,18.4,,.8,250,78,16.4,14.4,1000.4,1007.5,.5,2.01,,,8,8,Sc,6,783,,19,25.2,,,,
146,2025-04-23 12:00,20.3,,1.1,250,70,16.6,14.6,999.7,1006.7,.8,2.93,,,7,5,ScCi,8,922,,19,29.7,,,,
146,2025-04-23 13:00,20.7,,1.8,270,68,16.5,14.5,999.4,1006.4,.6,2.36,,,9,3,ScCi,8,1306,,19,25.9,,,,
146,2025-04-23 14:00,21.2,,2.9,270,68,17,15,999.2,1006.2,.5,2.13,,,9,3,ScCi,8,1630,,,26.3,,,,
146,2025-04-23 15:00,21,,1.9,270,68,16.8,14.8,998.8,1005.8,.5,1.71,,,9,6,ScCi,8,1700,,,24.6,,,,
146,2025-04-23 16:00,21.4,,2.9,290,67,17,15,998.7,1005.7,.6,1.85,,,8,7,ScCi,8,2086,,,25,,,,
146,2025-04-23 17:00,19.7,,4.9,270,72,16.5,14.5,999.4,1006.4,.4,1.12,,,7,7,Sc,12,1905,,,20.8,,,,
146,2025-04-23 18:00,18.5,,2.4,290,75,15.9,13.9,1000.3,1007.4,.4,.7,,,6,6,Sc,8,1347,,,19.9,,,,
146,2025-04-23 19:00,16.6,,4.1,250,80,15.1,13.1,1000.3,1007.4,.6,.28,,,3,1,,,1693,,,16.5,,,,
146,2025-04-23 20:00,15.7,,2.8,250,83,14.8,12.8,1001.1,1008.2,0,.01,,,3,3,,4,1150,,,15.6,,,,
146,2025-04-23 21:00,15,,1.5,250,85,14.4,12.4,1001.4,1008.6,,,,,4,4,Sc,8,1349,,,15.2,,,,
146,2025-04-23 22:00,15,,1.3,270,85,14.4,12.4,1001.7,1008.9,,,,,2,2,,5,1401,,,15.2,,,,
146,2025-04-23 23:00,14.6,,1.1,320,87,14.4,12.4,1001.9,1009.1,,,,,3,3,,5,1175,,,14.7,,,,
146,2025-04-24 00:00,13.5,,.6,270,93,14.3,12.3,1001.9,1009.1,,,,,3,3,,,609,,19,13,,,,
146,2025-04-24 01:00,13.2,,.9,200,96,14.5,12.5,1001.8,1009,,,,,10,9,,1,354,,19,13.7,,,,
146,2025-04-24 02:00,12.8,,.9,290,96,14.1,12.1,1001,1008.2,,,,,2,2,,2,342,,19,13.1,,,,
146,2025-04-24 03:00,12.9,,1,250,98,14.5,12.5,1001.6,1008.8,,,,,10,10,St,1,344,,19,12.8,,,,
146,2025-04-24 04:00,13.2,,1.9,270,93,14,12,1002.6,1009.8,,,,,10,10,St,1,708,,19,13.5,,,,
146,2025-04-24 05:00,12.7,,1.6,270,94,13.7,11.7,1002.8,1010,,,,,10,10,St,1,452,,19,13.5,,,,
146,2025-04-24 06:00,12.9,,1.6,230,89,13.2,11.1,1003.4,1010.6,0,.01,,,9,9,Sc,8,978,,19,13.1,,,,
146,2025-04-24 07:00,13.3,,.3,0,84,12.8,10.6,1002.8,1010,.2,.2,,,2,2,Sc,8,1105,,19,13.1,,,,
146,2025-04-24 08:00,14.4,,1,110,72,11.8,9.4,1002.6,1009.8,1,.85,,,5,3,ScCi,10,1763,,,14.7,,,,
146,2025-04-24 09:00,15.8,,1,250,65,11.6,9.2,1002.5,1009.6,1,1.63,,,5,0,Ci,,1740,,,16.4,,,,
146,2025-04-24 10:00,17.8,,.9,180,59,11.9,9.6,1003,1010.1,1,2.3,,,0,0,,,1818,,,23.4,,,,
146,2025-04-24 11:00,19.7,,1.5,290,50,11.4,8.9,1003.1,1010.1,1,2.74,,,5,0,Ci,,2941,,,25.3,,,,
146,2025-04-24 12:00,20.6,,2.3,270,41,9.9,6.8,1002.6,1009.6,1,2.98,,,5,0,Ci,,3592,,,26.8,,,,
146,2025-04-24 13:00,20.9,,3.4,270,48,11.8,9.4,1002.8,1009.8,1,3.06,,,0,0,,,2875,,,26.3,,,,
146,2025-04-24 14:00,19.1,,5.4,270,41,9,5.5,1003,1010.1,1,2.99,,,3,0,Ci,,2623,,,24.9,,,,
146,2025-04-24 15:00,19.3,,3.9,290,43,9.5,6.3,1002.6,1009.6,1,2.78,,,4,0,Ci,,2355,,,25.4,,,,
146,2025-04-24 16:00,18.3,,2.3,270,46,9.6,6.4,1002.3,1009.4,1,1.85,,,8,0,Ci,,2170,,,22.7,,,,
146,2025-04-24 17:00,17.1,,3,250,47,9.1,5.6,1002.4,1009.5,.8,1.17,,,8,0,Ci,,2144,,,19.6,,,,
146,2025-04-24 18:00,15.7,,1.8,270,66,11.7,9.3,1002.9,1010,0,.61,,,8,0,Ci,,1406,,,17.4,,,,
146,2025-04-24 19:00,14,,2,250,73,11.6,9.2,1003.5,1010.7,0,.19,,,8,0,,,1178,,,14.9,,,,
146,2025-04-24 20:00,12.8,,3.8,270,51,7.5,2.8,1004.8,1012,0,0,,,8,2,,75,2957,,,12.6,,,,
146,2025-04-24 21:00,11.3,,3,270,43,5.8,-.8,1006.3,1013.6,,,,,6,0,Ci,,4136,,,10.6,,,,
146,2025-04-24 22:00,10.6,,2.3,270,48,6.1,0,1007,1014.3,,,,,8,2,,,2083,,,9.8,,,,
146,2025-04-24 23:00,10,,1.4,270,49,6,-.2,1007.5,1014.8,,,,,4,0,,,1639,,,9.2,,,,
146,2025-04-25 00:00,9.9,,1.4,270,49,6,-.3,1007.7,1015,,,,,7,0,Ci,,1698,,,8.7,,,,
146,2025-04-25 01:00,9,,.4,0,57,6.5,.9,1007.7,1015.1,,,,,6,0,,,1752,,,8.4,,,,
146,2025-04-25 02:00,8.6,,.4,0,65,7.2,2.3,1007.7,1015.1,,,,,8,0,,,1881,,,7.8,,,,
146,2025-04-25 03:00,8,,.4,0,67,7.2,2.2,1008,1015.4,,,,,6,0,Ci,,1924,,,7.6,,,,
146,2025-04-25 04:00,7.1,,.1,0,75,7.5,2.9,1008.2,1015.6,,,,,6,0,Ci,,1775,,,7.2,,,,
146,2025-04-25 05:00,7.2,,.6,140,74,7.5,2.8,1008.4,1015.8,,,,,6,0,Ci,,1749,,,6.9,,,,
146,2025-04-25 06:00,7.1,,.4,0,75,7.5,2.9,1009,1016.4,0,0,,,6,0,Ci,,1613,,,6.6,,,,
146,2025-04-25 07:00,8,,.4,0,72,7.7,3.2,1009.6,1017,.3,.24,,,9,0,Ci,,1473,,,8.4,,,,
146,2025-04-25 08:00,9.6,,.2,0,58,6.9,1.7,1010.1,1017.5,.9,.73,,,8,0,Ci,,1335,,,10.4,,,,
146,2025-04-25 09:00,13.1,,.7,140,44,6.6,1.1,1010.5,1017.8,1,1.6,,,4,0,Ci,,2039,,,12.6,,,,
146,2025-04-25 10:00,15.1,,1.9,360,33,5.7,-1,1010.7,1017.9,1,2.42,,,2,0,Ci,,3490,,,19.9,,,,
146,2025-04-25 11:00,16.6,,2.1,320,27,5.1,-2.5,1010.8,1018,1,2.94,,,0,0,,,2425,,,22.7,,,,
146,2025-04-25 12:00,17.4,,2.2,290,27,5.4,-1.8,1010.6,1017.8,1,3.24,,,0,0,,,2616,,,25.2,,,,
146,2025-04-25 13:00,17.3,,2.6,290,24,4.8,-3.4,1009.9,1017.1,1,3.37,,,0,0,,,3378,,,27.1,,,,
146,2025-04-25 14:00,18,,4.6,290,24,4.9,-2.9,1009.6,1016.7,1,3.3,,,0,0,,,3635,,,27.2,,,,
146,2025-04-25 15:00,17.4,,6.4,270,20,4,-5.8,1009.4,1016.5,1,3.02,,,0,0,,,3444,,,27.1,,,,
146,2025-04-25 16:00,17.3,,4.6,290,19,3.8,-6.5,1009.5,1016.6,1,2.51,,,0,0,,,3888,,,25.2,,,,
146,2025-04-25 17:00,16.2,,5.8,270,18,3.3,-8.1,1009.6,1016.8,1,1.87,,,0,0,,,3775,,,21.1,,,,
146,2025-04-25 18:00,15.3,,4,290,23,4,-5.7,1010.2,1017.4,1,1.1,,,0,0,,,4826,,,16.5,,,,
146,2025-04-25 19:00,13.6,,3.1,270,33,5.2,-2.3,1010.2,1017.5,.7,.33,,,0,0,,,4887,,,13,,,,
146,2025-04-25 20:00,12.1,,2.4,270,40,5.6,-1.1,1010.6,1017.9,0,.01,,,0,0,,,4711,,,11,,,,
146,2025-04-25 21:00,11.1,,1.4,250,48,6.3,.4,1011.1,1018.4,,,,,0,0,,,4088,,,9.9,,,,
146,2025-04-25 22:00,10.3,,1.1,250,55,6.9,1.6,1011.5,1018.9,,,,,0,0,,,3618,,,9,,,,
146,2025-04-25 23:00,10.1,,1.1,250,56,6.9,1.7,1012,1019.4,,,,,0,0,,,3637,,,8.3,,,,
146,2025-04-26 00:00,9.1,,1,110,57,6.6,1,1012.4,1019.8,,,,,0,0,,,4094,,,7.7,,,,
146,2025-04-26 01:00,7.7,,1.4,140,61,6.4,.6,1012.5,1019.9,,,,,0,0,,,4257,,,7.1,,,,
146,2025-04-26 02:00,7.1,,1.5,140,63,6.3,.5,1012.5,1020,,,,,0,0,,,4097,,,6.6,,,,
146,2025-04-26 03:00,6.4,,1.9,140,67,6.4,.7,1012.3,1019.8,,,,,0,0,,,4057,,,6.3,,,,
146,2025-04-26 04:00,6.1,,1.7,140,70,6.6,1,1012,1019.5,,,,,0,0,,,3413,,,5.9,,,,
146,2025-04-26 05:00,5.3,,1.7,140,75,6.7,1.2,1012.4,1019.9,,,,,0,0,,,3187,,,5.6,,,,
146,2025-04-26 06:00,5.4,,1.3,140,75,6.7,1.3,1013,1020.5,0,0,,,0,0,,,3431,,,5.4,,,,
146,2025-04-26 07:00,7.7,,.6,360,61,6.4,.6,1013.5,1020.9,1,.33,,,0,0,,,3469,,,6.6,,,,
146,2025-04-26 08:00,10.5,,.6,340,56,7.1,2,1014.2,1021.6,1,.98,,,0,0,,,3373,,,10,,,,
146,2025-04-26 09:00,13.9,,1.1,140,36,5.7,-.9,1013.9,1021.2,1,1.69,,,0,0,,,4167,,,12.6,,,,
146,2025-04-26 10:00,17.2,,2.3,140,27,5.3,-1.9,1013.2,1020.4,1,2.37,,,0,0,,,4824,,,20.1,,,,
146,2025-04-26 11:00,19.7,,1.1,180,21,4.8,-3.2,1013,1020.1,1,2.91,,,0,0,,,4373,,,24.2,,,,
146,2025-04-26 12:00,20.8,,2.9,270,21,5.2,-2.3,1012.5,1019.6,1,3.26,,,0,0,,,3883,,,26.9,,,,
146,2025-04-26 13:00,21.6,,3.4,250,26,6.7,1.2,1012,1019,1,3.37,,,0,0,,,4139,,,28.8,,,,
146,2025-04-26 14:00,22.1,,4,290,19,5,-2.6,1012.1,1019.1,1,3.28,,,0,0,,,4122,,,29.4,,,,
146,2025-04-26 15:00,21.6,,5.2,290,13,3.3,-8,1012.4,1019.5,1,2.99,,,0,0,,,4579,,,29.2,,,,
146,2025-04-26 16:00,20.7,,4.7,270,17,4.2,-5.2,1012.4,1019.5,1,2.47,,,0,0,,,4382,,,27,,,,
146,2025-04-26 17:00,19.4,,4.2,290,18,4.1,-5.5,1012.2,1019.3,1,1.76,,,0,0,,,4747,,,23,,,,
146,2025-04-26 18:00,18,,3.2,290,25,5.2,-2.3,1012,1019.1,1,1.03,,,0,0,,,4584,,,18.4,,,,
146,2025-04-26 19:00,16.5,,1.7,270,26,4.9,-3,1012.2,1019.4,.7,.3,,,0,0,,,4819,,,14.9,,,,
146,2025-04-26 20:00,15.3,,1.3,250,33,5.7,-.9,1012.8,1020,0,.01,,,0,0,,,4641,,,12.8,,,,
146,2025-04-26 21:00,14.6,,1.6,140,35,5.8,-.7,1012.8,1020,,,,,0,0,,,4300,,,11.4,,,,
146,2025-04-26 22:00,13.2,,1.7,140,38,5.8,-.8,1012.8,1020.1,,,,,2,0,,,4827,,,10.4,,,,
146,2025-04-26 23:00,11.9,,1.9,140,42,5.8,-.6,1012.8,1020.1,,,,,4,0,,,4998,,,9.7,,,,
146,2025-04-27 00:00,11.7,,1.7,140,44,6.1,-.1,1013.1,1020.4,,,,,5,0,,,4924,,,9.4,,,,
146,2025-04-27 01:00,11,,1.5,140,45,5.9,-.4,1012.8,1020.1,,,,,8,5,,73,4808,,,9,,,,
146,2025-04-27 02:00,10.6,,1.6,140,46,5.9,-.5,1012.2,1019.6,,,,,8,8,,73,4996,,,8.9,,,,
146,2025-04-27 03:00,10.8,,1.6,140,44,5.7,-.9,1011.6,1018.9,,,,,8,0,Ci,,4913,,,8.6,,,,
146,2025-04-27 04:00,11.3,,1.1,140,41,5.5,-1.4,1011,1018.3,,,,,6,0,Ci,,4992,,,8.4,,,,
146,2025-04-27 05:00,11.3,,1.7,140,41,5.5,-1.4,1010.8,1018.1,,,,,6,0,Ci,,4849,,,8.2,,,,
146,2025-04-27 06:00,11,,1.6,140,44,5.8,-.8,1010.9,1018.2,0,0,,,6,0,Ci,,4852,,,8,,,,
146,2025-04-27 07:00,12.7,,1.1,140,40,5.9,-.5,1011.4,1018.7,.6,.28,,,3,0,Ci,,4757,,,9,,,,
146,2025-04-27 08:00,14.8,,1,160,37,6.2,.2,1011.6,1018.8,1,.91,,,3,0,Ci,,4725,,,12,,,,
146,2025-04-27 09:00,17.7,,1,90,32,6.4,.7,1010.9,1018,1,1.46,,,3,0,Ci,,4430,,,15.2,,,,
146,2025-04-27 10:00,20.1,,1.1,230,22,5.2,-2.3,1010.9,1018,1,2.1,,,3,0,Ci,,4355,,,21.1,,,,
146,2025-04-27 11:00,22,,2.5,250,18,4.8,-3.4,1010.6,1017.6,1,2.75,,,7,0,Ci,,4716,,,23.6,,,,
146,2025-04-27 12:00,22.7,,2.5,290,22,6.1,-.1,1010,1017,1,3.09,,,5,0,Ci,,4120,,,27.5,,,,
146,2025-04-27 13:00,24,,3,290,19,5.7,-1,1009,1016,1,3.39,,,6,0,Ci,,4754,,,29.8,,,,
146,2025-04-27 14:00,24.4,,2.5,270,18,5.5,-1.4,1008,1014.9,1,3.04,,,7,0,Ci,,4823,,,30.4,,,,
146,2025-04-27 15:00,24.7,,2.3,250,18,5.6,-1.2,1007.2,1014.1,1,2.47,,,8,0,Ci,,4642,,,29,,,,
146,2025-04-27 16:00,25.6,,2.1,320,18,5.9,-.5,1006.4,1013.3,.9,2.04,,,7,0,Ci,,4928,,,28.3,,,,
146,2025-04-27 17:00,22.3,,2.9,320,18,4.9,-3.1,1006.3,1013.3,.2,.9,,,9,0,Ci,,4710,,,21.8,,,,
146,2025-04-27 18:00,19.8,,1.6,320,19,4.4,-4.5,1006.3,1013.4,0,.43,,,9,0,Ci,,4794,,,19,,,,
146,2025-04-27 19:00,18.9,,3.3,270,18,3.9,-5.9,1006.8,1013.9,.1,.21,,,7,7,,52,5000,,,16.2,,,,
146,2025-04-27 20:00,17.1,,2.3,290,23,4.5,-4.2,1007.2,1014.3,0,.01,,,4,0,,,4966,,,13.5,,,,
146,2025-04-27 21:00,15.8,,1.3,270,27,4.9,-3.1,1007.4,1014.6,,,,,7,0,Ci,,4983,,,12.4,,,,
146,2025-04-27 22:00,15.8,,.7,230,31,5.6,-1.3,1007.1,1014.3,,,,,8,7,,59,4872,,,12.5,,,,
146,2025-04-27 23:00,15.2,,1,110,32,5.5,-1.4,1007.1,1014.3,,,,,8,5,,66,4866,,,12,,,,
146,2025-04-28 00:00,15.2,,.3,0,33,5.7,-.9,1007.1,1014.3,,,,,9,9,,,4948,,,13,,,,
146,2025-04-28 01:00,13.9,,1,70,38,6,-.2,1007,1014.2,,,,,8,3,,10,4947,,,12.2,,,,
146,2025-04-28 02:00,14.2,,.9,110,40,6.4,.7,1006,1013.2,,,,,7,7,,7,5000,,,12,,,,
146,2025-04-28 03:00,13.7,,.8,160,45,7,1.9,1005.2,1012.4,,,,,6,6,Ac,35,4983,,,11.5,,,,
146,2025-04-28 04:00,13.9,,.1,0,44,7,1.8,1005.1,1012.3,,,,,7,7,Sc,10,4948,,,12.2,,,,
146,2025-04-28 05:00,12.9,,1.1,140,49,7.3,2.4,1004.2,1011.4,,,,,7,4,ScCi,10,4956,,,10.9,,,,
146,2025-04-28 06:00,12.5,,1.1,110,54,7.8,3.4,1003.9,1011.1,0,.01,,,5,0,Ci,,4982,,,9.8,,,,
146,2025-04-28 07:00,12.8,,.8,340,61,9,5.4,1004,1011.2,.2,.21,,,9,9,Sc,10,4344,,,11.9,,,,
146,2025-04-28 08:00,15.5,,.6,200,48,8.4,4.5,1004,1011.2,.6,.83,,,0,0,,,3818,,,13.6,,,,
146,2025-04-28 09:00,16.3,,.7,320,59,10.9,8.2,1003.9,1011,1,1.66,,,1,1,Sc,7,3082,,,16.7,,,,
146,2025-04-28 10:00,17.2,,1.5,270,62,12.1,9.8,1003.8,1010.9,1,2.42,,,2,2,Sc,10,2778,,,23,,,,
146,2025-04-28 11:00,18.2,,3.1,290,58,12,9.7,1003.9,1011,.9,2.82,,,4,4,Sc,9,2123,,,26.5,,,,
146,2025-04-28 12:00,18.9,,4.1,270,54,11.7,9.3,1003.4,1010.5,1,2.94,,,2,2,Sc,11,2096,,,27.3,,,,
146,2025-04-28 13:00,19.1,,4.7,270,48,10.6,7.8,1003,1010.1,1,3.39,,,0,0,,,2230,,,30.2,,,,
146,2025-04-28 14:00,20,,5.1,270,37,8.6,4.8,1002.6,1009.6,1,3.3,,,0,0,,,1982,,,30.7,,,,
146,2025-04-28 15:00,20.4,,5.9,270,29,6.9,1.7,1002.2,1009.2,1,3.04,,,0,0,,,2628,,,30.6,,,,
146,2025-04-28 16:00,19.6,,4.8,290,31,7,1.9,1001.9,1008.9,1,2.55,,,0,0,,,3224,,,28.3,,,,
146,2025-04-28 17:00,18,,5.3,270,29,6,-.3,1002,1009.1,1,1.87,,,0,0,,,4192,,,23.7,,,,
146,2025-04-28 18:00,16.2,,4.7,270,37,6.8,1.4,1002.5,1009.6,1,1.08,,,0,0,,,4553,,,18.4,,,,
146,2025-04-28 19:00,13.6,,3.7,270,45,7,1.8,1003.2,1010.4,.7,.32,,,0,0,,,3420,,,14.5,,,,
146,2025-04-28 20:00,11.4,,2.3,270,56,7.5,2.9,1004.1,1011.4,0,.01,,,0,0,,,3242,,,12.2,,,,
146,2025-04-28 21:00,10.2,,1.5,270,62,7.7,3.2,1004.8,1012.1,,,,,0,0,,,2867,,,10.8,,,,
146,2025-04-28 22:00,9.8,,1.4,230,65,7.8,3.5,1005.5,1012.8,,,,,0,0,,,2643,,,9.9,,,,
146,2025-04-28 23:00,9.7,,1.8,230,66,7.9,3.6,1005.4,1012.7,,,,,0,0,,,2480,,,9.2,,,,
146,2025-04-29 00:00,9.3,,1.1,200,66,7.7,3.2,1005.8,1013.1,,,,,0,0,,,2736,,,8.7,,,,
146,2025-04-29 01:00,8.8,,.9,140,69,7.8,3.4,1006,1013.4,,,,,0,0,,,2674,,,8.1,,,,
146,2025-04-29 02:00,7.8,,1.5,110,74,7.8,3.4,1005.9,1013.3,,,,,0,0,,,2603,,,7.6,,,,
146,2025-04-29 03:00,7.3,,1.3,160,75,7.6,3.1,1006,1013.4,,,,,0,0,,,2569,,,7.1,,,,
146,2025-04-29 04:00,6.6,,1.6,140,78,7.6,3,1006.1,1013.5,,,,,0,0,,,2422,,,6.7,,,,
146,2025-04-29 05:00,6.5,,1.6,110,80,7.7,3.2,1006.5,1013.9,,,,,0,0,,,2432,,,6.4,,,,
146,2025-04-29 06:00,6.2,,1.4,160,80,7.5,2.9,1006.6,1014,0,.01,,,0,0,,,2472,,,6.3,,,,
146,2025-04-29 07:00,8.4,,.9,140,72,7.9,3.6,1007.2,1014.6,.9,.32,,,0,0,,,2481,,,7.5,,,,
146,2025-04-29 08:00,10.6,,1.1,160,65,8.2,4.2,1007.6,1014.9,1,1.01,,,0,0,,,2300,,,12.2,,,,
146,2025-04-29 09:00,12.6,,1.6,250,58,8.4,4.5,1007.7,1015,1,1.75,,,0,0,,,2379,,,17.2,,,,
146,2025-04-29 10:00,15,,1.6,320,52,8.8,5.2,1007.6,1014.8,1,2.43,,,0,0,,,2190,,,21.7,,,,
146,2025-04-29 11:00,17.5,,1.5,290,43,8.5,4.7,1007.5,1014.6,1,2.95,,,0,0,,,2501,,,25.7,,,,
146,2025-04-29 12:00,18.5,,1.8,290,33,7,1.9,1007.3,1014.4,1,3.29,,,0,0,,,3277,,,28.9,,,,
146,2025-04-29 13:00,19.8,,1.6,320,27,6.2,.2,1006.8,1013.9,1,3.44,,,0,0,,,3432,,,30.7,,,,
146,2025-04-29 14:00,20.9,,1.7,320,29,7.1,2.1,1006.2,1013.2,1,3.28,,,0,0,,,3310,,,31.3,,,,
146,2025-04-29 15:00,21.1,,2.6,270,27,6.7,1.3,1005.9,1012.9,1,2.98,,,0,0,,,3739,,,30.3,,,,
146,2025-04-29 16:00,20.5,,3.4,270,24,5.8,-.7,1005.6,1012.6,1,2.46,,,0,0,,,3538,,,27.9,,,,
146,2025-04-29 17:00,20.6,,2.4,250,22,5.4,-1.8,1005.5,1012.5,1,1.8,,,0,0,,,3668,,,24.6,,,,
146,2025-04-29 18:00,20.1,,1.6,270,23,5.4,-1.7,1005.8,1012.8,1,.95,,,0,0,,,3683,,,20,,,,
146,2025-04-29 19:00,17.5,,2.6,270,31,6.2,.1,1006.2,1013.3,.7,.29,,,0,0,,,3438,,,16.2,,,,
146,2025-04-29 20:00,15.4,,1.6,270,33,5.8,-.8,1006.7,1013.9,0,.01,,,0,0,,,3184,,,13.9,,,,
146,2025-04-29 21:00,14.5,,.9,270,40,6.6,1,1007.4,1014.6,,,,,0,0,,,2875,,,12.5,,,,
146,2025-04-29 22:00,13.6,,1.1,90,47,7.3,2.4,1007.6,1014.8,,,,,0,0,,,2592,,,11.4,,,,
146,2025-04-29 23:00,12.7,,1.4,140,51,7.5,2.8,1007.9,1015.2,,,,,0,0,,,2950,,,10.6,,,,
146,2025-04-30 00:00,12.4,,.6,200,52,7.5,2.8,1008.3,1015.6,,,,,0,0,,,3060,,,10.1,,,,
146,2025-04-30 01:00,11.9,,1.4,140,56,7.7,3.3,1008,1015.3,,,,,0,0,,,2922,,,9.6,,,,
146,2025-04-30 02:00,11.8,,1.8,140,56,7.7,3.2,1007.9,1015.2,,,,,0,0,,,3059,,,9.2,,,,
146,2025-04-30 03:00,12.2,,1.7,140,55,7.8,3.4,1008,1015.3,,,,,0,0,,,3011,,,8.9,,,,
146,2025-04-30 04:00,12.1,,2.1,140,57,8,3.8,1007.7,1015,,,,,0,0,,,2944,,,8.6,,,,
146,2025-04-30 05:00,12.5,,1.1,140,56,8.1,3.9,1007.9,1015.2,,,,,0,0,,,2728,,,8.4,,,,
146,2025-04-30 06:00,12.1,,1.6,140,58,8.1,4,1008,1015.3,0,.01,,,0,0,,,2987,,,8.3,,,,
146,2025-04-30 07:00,14,,1.3,140,53,8.4,4.5,1008.3,1015.5,.9,.33,,,0,0,,,3328,,,9.6,,,,
146,2025-04-30 08:00,16.8,,.6,200,42,8,3.7,1008.6,1015.8,1,1.01,,,0,0,,,2795,,,14.3,,,,
146,2025-04-30 09:00,20,,1.2,160,38,8.8,5.2,1008.6,1015.7,1,1.75,,,0,0,,,2988,,,19.6,,,,
146,2025-04-30 10:00,22.5,,1.9,180,32,8.7,4.9,1008.6,1015.6,1,2.41,,,0,0,,,3252,,,24.2,,,,
146,2025-04-30 11:00,24.8,,1.5,180,29,9,5.5,1008.3,1015.2,1,2.94,,,0,0,,,3738,,,28.7,,,,
146,2025-04-30 12:00,26,,.9,20,31,10.4,7.5,1007.7,1014.6,1,3.24,,,0,0,,,3164,,,32,,,,
146,2025-04-30 13:00,26.7,,1.1,290,25,8.7,5,1007,1013.9,1,3.32,,,0,0,,,3727,,,33.8,,,,
146,2025-04-30 14:00,27.2,,2.3,270,23,8.2,4.2,1006.1,1013,1,3.25,,,0,0,,,3910,,,34.2,,,,
146,2025-04-30 15:00,27.7,,3.1,250,21,7.7,3.3,1005.3,1012.1,1,2.94,,,0,0,,,3823,,,33.3,,,,
146,2025-04-30 16:00,28.1,,2.9,230,22,8.3,4.3,1004.7,1011.5,1,2.42,,,0,0,,,4401,,,31.2,,,,
146,2025-04-30 17:00,25.7,,3.3,320,34,11.2,8.6,1004.4,1011.3,1,1.72,,,1,1,Sc,10,3677,,,27.5,,,,
146,2025-04-30 18:00,23.1,,3.4,340,39,10.9,8.3,1004.8,1011.8,1,.95,,,0,0,,,3702,,,23,,,,
146,2025-04-30 19:00,20.6,,2.1,360,43,10.4,7.5,1005.1,1012.1,.7,.3,,,0,0,,,3514,,,19.2,,,,
146,2025-04-30 20:00,18.9,,1.5,360,47,10.2,7.3,1005.5,1012.6,0,.01,,,0,0,,,3087,,,16.5,,,,
146,2025-04-30 21:00,19.6,,1.1,110,43,9.7,6.6,1006.2,1013.3,,,,,0,0,,,2889,,,14.9,,,,
146,2025-04-30 22:00,19.4,,2.4,160,28,6.2,.3,1006.2,1013.3,,,,,0,0,,,3969,,,13.4,,,,
146,2025-04-30 23:00,18.3,,2.2,160,23,4.8,-3.2,1005.9,1013,,,,,0,0,,,3991,,,12.2,,,,
146,2025-05-01 00:00,17.9,,2.9,140,21,4.3,-4.7,1005.2,1012.3,,,,,0,0,,,3344,,,11.3,,,,
146,2025-05-01 01:00,17.5,,3.2,160,19,3.8,-6.4,1004.8,1011.9,,,,,0,0,,,3732,,,10.6,,,,
146,2025-05-01 02:00,16.6,,1.9,160,29,5.5,-1.5,1004.5,1011.6,,,,,0,0,,,3870,,,10.4,,,,
146,2025-05-01 03:00,16.7,,3.6,160,42,8,3.7,1004.2,1011.3,,,,,0,0,,,3825,,,10.8,,,,
146,2025-05-01 04:00,16.2,,2.1,160,57,10.4,7.6,1004.2,1011.3,,,,,0,0,,,3682,,,11,,,,
146,2025-05-01 05:00,16.3,,3.7,160,64,11.8,9.4,1003.6,1010.7,,,,,4,4,Ac,27,3349,,,11.7,,,,
146,2025-05-01 06:00,16.5,,3.1,160,67,12.5,10.3,1003.2,1010.3,0,.01,,,0,0,,,3526,,,11.8,,,,
146,2025-05-01 07:00,17.8,,3.9,160,65,13.2,11.1,1002.6,1009.7,.8,.31,,,4,0,Ci,,3368,,,13.1,,,,
146,2025-05-01 08:00,19,,4.8,160,62,13.6,11.5,1001.9,1008.9,1,.87,,,3,2,ScCi,12,3485,,,16.5,,,,
146,2025-05-01 09:00,21,,5.1,160,55,13.7,11.6,1001,1008,.9,1.6,,,6,2,ScCi,10,3011,,,21,,,,
146,2025-05-01 10:00,21.9,,3.7,160,53,13.8,11.8,1000.3,1007.3,.5,1.63,,,10,4,ScAs,10,4377,,,22.8,,,,
146,2025-05-01 11:00,17.6,1.9,3.5,160,80,16.1,14.1,1000,1007.1,.2,.78,,,10,6,StNs,5,648,,01,18.1,,,,
146,2025-05-01 12:00,20.2,.7,5.1,160,73,17.2,15.1,998.4,1005.4,.2,1.43,,,9,7,StCi,4,3755,,01,22.9,,,,
146,2025-05-01 13:00,16.6,8.8,2.7,250,92,17.3,15.2,1000.3,1007.4,0,.32,,,10,7,CbStNs,6,435,,01,16.7,,,,
146,2025-05-01 14:00,16.6,9.6,.9,70,97,18.3,16.1,999.4,1006.5,0,.19,,,10,4,StNs,3,1264,,01,17.3,,,,
146,2025-05-01 15:00,16.6,4.4,.5,20,98,18.4,16.2,999,1006.1,0,.16,,,10,3,StNs,2,203,,01,16.7,,,,
146,2025-05-01 16:00,16.3,5,1.7,140,97,17.9,15.8,997.8,1004.9,0,.16,,,10,5,StNs,3,1243,,01,16.8,,,,
146,2025-05-01 17:00,16.2,.7,1.6,270,95,17.4,15.3,998,1005.1,0,.15,,,10,9,StNs,2,1344,,01,16.4,,,,
146,2025-05-01 18:00,14.7,6.9,3.3,270,97,16.2,14.2,999,1006.1,0,.08,,,10,9,StNs,1,734,,1901,15.6,,,,
146,2025-05-01 19:00,14.4,,2.5,270,97,15.9,13.9,1000.1,1007.3,0,.03,,,10,10,,1,374,,19,15,,,,
146,2025-05-01 20:00,13.7,,1.7,270,98,15.3,13.3,1000.9,1008.1,0,0,,,10,10,,1,122,,19,14.6,,,,
146,2025-05-01 21:00,13.4,,2.4,230,98,15,13,1001.5,1008.7,,,,,9,9,Sc,10,205,,19,14.2,,,,
146,2025-05-01 22:00,12.8,,2.3,250,95,14,12,1002.1,1009.3,,,,,4,4,,2,397,,19,12.7,,,,
146,2025-05-01 23:00,11.7,,2.5,270,92,12.6,10.4,1003.7,1011,,,,,2,2,,2,387,,19,12.6,,,,
146,2025-05-02 00:00,10.5,,2.4,250,92,11.6,9.2,1003.9,1011.2,,,,,3,3,Sc,,462,,19,11,,,,
146,2025-05-02 01:00,9.8,,2,270,91,10.9,8.3,1003.8,1011.1,,,,,0,0,,,501,,19,9.7,,,,
146,2025-05-02 02:00,9.5,,1.3,270,91,10.7,8,1003.8,1011.1,,,,,0,0,,,573,,19,9,,,,
146,2025-05-02 03:00,9.5,,1.7,250,84,9.9,6.9,1003.8,1011.1,,,,,0,0,,,1311,,19,8.5,,,,
146,2025-05-02 04:00,9.1,,.7,250,85,9.8,6.7,1003.8,1011.1,,,,,0,0,,,1481,,,8,,,,
146,2025-05-02 05:00,8.8,,.9,250,86,9.7,6.5,1003.9,1011.2,,,,,0,0,,,1717,,,7.7,,,,
146,2025-05-02 06:00,8.2,,1.2,110,92,9.9,6.9,1004.1,1011.5,0,.01,,,0,0,,,1054,,,7.5,,,,
146,2025-05-02 07:00,10,,.9,110,86,10.5,7.7,1004.3,1011.6,1,.36,,,0,0,,,1264,,,8.8,,,,
146,2025-05-02 08:00,11.8,,.5,110,75,10.4,7.5,1004.5,1011.8,1,1.07,,,1,1,Sc,8,2079,,,14,,,,
146,2025-05-02 09:00,13.2,,1.7,290,66,9.9,6.9,1004.9,1012.1,1,1.82,,,0,0,,,3177,,,18.7,,,,
146,2025-05-02 10:00,14.4,,2.3,270,61,9.9,6.9,1005.5,1012.7,1,2.48,,,1,1,Sc,10,3774,,,22.2,,,,
146,2025-05-02 11:00,15.9,,2.9,270,52,9.3,6,1005.6,1012.8,1,3.03,,,0,0,,,4405,,,24.6,,,,
146,2025-05-02 12:00,17,,3.6,270,52,10,7,1005.6,1012.7,1,3.31,,,1,1,Sc,10,4087,,,26,,,,
146,2025-05-02 13:00,17.4,,2.5,270,47,9.3,5.9,1005.3,1012.4,1,3.42,,,1,1,Sc,10,3639,,,27.4,,,,
146,2025-05-02 14:00,18.5,,3.1,270,43,9.1,5.6,1004.6,1011.7,1,3.31,,,0,0,,,4565,,,27,,,,
146,2025-05-02 15:00,17.2,,3.5,270,46,9,5.4,1004.6,1011.7,.9,2.66,,,9,3,ScCi,10,4603,,,22.6,,,,
146,2025-05-02 16:00,16.4,,3.8,270,53,9.8,6.7,1004.8,1011.9,.5,1.46,,,7,3,AcCi,35,3602,,,21.7,,,,
146,2025-05-02 17:00,14.5,0,2.9,270,58,9.5,6.3,1004.5,1011.7,.1,.53,,,10,3,ScAs,15,2983,,01,16.7,,,,
146,2025-05-02 18:00,14.1,0,1,320,60,9.6,6.4,1004.5,1011.7,0,.39,,,7,5,AcCi,35,3556,,01,15.9,,,,
146,2025-05-02 19:00,13.3,,1.5,250,65,9.9,6.8,1004.4,1011.6,.1,.17,,,5,4,,33,3134,,,13.7,,,,
146,2025-05-02 20:00,12.9,,1.1,230,71,10.5,7.7,1004.2,1011.4,0,.01,,,7,7,,37,2762,,,12.7,,,,
146,2025-05-02 21:00,12.7,,.6,50,70,10.2,7.3,1004.8,1012,,,,,6,6,Ac,32,2909,,,12.9,,,,
146,2025-05-02 22:00,12.6,,1.1,340,75,10.9,8.2,1005,1012.2,,,,,9,9,,35,2010,,,12.7,,,,
146,2025-05-02 23:00,12.2,,.6,250,70,9.9,6.8,1005,1012.3,,,,,8,8,,34,2859,,,12,,,,
146,2025-05-03 00:00,12,,1,70,78,10.9,8.2,1004.2,1011.4,,,,,10,10,,,2621,,,12.4,,,,
146,2025-05-03 01:00,12.1,,.3,0,78,10.9,8.3,1003.4,1010.6,,,,,10,10,,33,2638,,,12.4,,,,
146,2025-05-03 02:00,12.1,0,1,140,73,10.2,7.3,1002.2,1009.4,,,,,10,10,As,30,3003,,01,12.1,,,,
146,2025-05-03 03:00,12.3,,1,140,73,10.4,7.5,1001.5,1008.7,,,,,10,10,As,26,3059,,,12.1,,,,
146,2025-05-03 04:00,11.2,.1,1.7,50,85,11.2,8.7,1001.6,1008.9,,,,,10,2,ScAs,12,1841,,01,12,,,,
146,2025-05-03 05:00,11.4,0,1.3,320,85,11.4,8.9,1002.2,1009.5,,,,,10,8,ScAs,12,1537,,01,11.9,,,,
146,2025-05-03 06:00,10.4,1.1,1.3,20,92,11.6,9.1,1002,1009.3,0,0,,,10,2,ScAs,10,1001,,01,11.6,,,,
146,2025-05-03 07:00,10.2,.4,1.3,20,96,11.9,9.5,1001.7,1009,0,.02,,,10,8,StNs,6,593,,01,11.7,,,,
146,2025-05-03 08:00,10,.8,1.1,70,92,11.2,8.7,1000.2,1007.5,0,.07,,,10,4,StNs,10,1188,,01,11.8,,,,
146,2025-05-03 09:00,9.8,.6,1.1,20,95,11.5,9,1000.2,1007.5,0,.07,,,10,2,ScAs,10,1074,,01,11.9,,,,
146,2025-05-03 10:00,9.9,1.4,1.9,20,95,11.6,9.1,1000.5,1007.8,0,.12,,,10,2,StNs,3,679,,01,11.7,,,,
146,2025-05-03 11:00,10.1,5.3,.9,20,97,11.9,9.6,1000.3,1007.6,0,.12,,,10,3,StNs,1,305,,01,11.9,,,,
146,2025-05-03 12:00,10,1.4,1.4,360,97,11.9,9.5,1000.6,1007.9,0,.14,,,10,1,ScAs,10,1103,,01,12.1,,,,
146,2025-05-03 13:00,10.3,,2.1,360,94,11.7,9.3,1001,1008.3,0,.35,,,9,6,ScAs,3,1001,,,13.2,,,,
146,2025-05-03 14:00,12.3,,.7,20,91,12.9,10.8,1000.8,1008,0,.76,,,9,9,Sc,9,2923,,,16.4,,,,
146,2025-05-03 15:00,13.3,,1.7,320,74,11.2,8.7,1000.7,1007.9,.3,1.88,,,8,8,Sc,6,3526,,,21.2,,,,
146,2025-05-03 16:00,13.7,,2.9,360,70,10.9,8.3,1000.8,1008,.1,.93,,,9,9,Sc,11,3866,,,17.6,,,,
146,2025-05-03 17:00,14,,2.7,340,69,10.9,8.3,1001.3,1008.5,.4,1.03,,,8,8,Sc,12,3822,,,16.4,,,,
146,2025-05-03 18:00,13.7,,2.3,320,69,10.8,8.1,1001.8,1009,0,.31,,,9,9,Sc,9,3944,,,14.2,,,,
146,2025-05-03 19:00,13.3,,2.7,290,78,11.9,9.5,1002.4,1009.6,0,.14,,,6,6,,9,2824,,,13,,,,
146,2025-05-03 20:00,10.7,,2.9,290,87,11.2,8.6,1003.4,1010.7,0,.01,,,0,0,,,2048,,,10.8,,,,
146,2025-05-03 21:00,10.1,,3.2,270,87,10.7,8,1004.7,1012,,,,,0,0,,,1853,,,9.7,,,,
146,2025-05-03 22:00,9.7,,2.4,270,88,10.6,7.8,1005.6,1012.9,,,,,0,0,,,1190,,,9,,,,
146,2025-05-03 23:00,9.7,,1,230,90,10.8,8.1,1005.9,1013.2,,,,,9,7,,3,915,,19,10.1,,,,
146,2025-05-04 00:00,10,,.5,230,89,10.9,8.2,1006.1,1013.4,,,,,9,9,,,1086,,19,10.4,,,,
146,2025-05-04 01:00,9.9,,1.2,230,89,10.8,8.1,1005.9,1013.2,,,,,0,0,,,1077,,,9.8,,,,
146,2025-05-04 02:00,9.9,,.9,200,90,10.9,8.3,1005.8,1013.1,,,,,0,0,,,860,,19,9,,,,
146,2025-05-04 03:00,9.4,,.6,160,93,10.9,8.3,1006.3,1013.6,,,,,1,1,Sc,10,764,,19,8.2,,,,
146,2025-05-04 04:00,8.8,,1.4,110,94,10.6,7.8,1006.2,1013.6,,,,,0,0,,,741,,19,7.6,,,,
146,2025-05-04 05:00,8.3,,1.3,140,94,10.2,7.3,1006.5,1013.9,,,,,1,1,Sc,10,708,,19,7.2,,,,
146,2025-05-04 06:00,8.2,,.7,160,95,10.3,7.4,1006.8,1014.2,0,.02,,,0,0,,,862,,19,7,,,,
146,2025-05-04 07:00,10.1,,.8,110,90,11.1,8.5,1007,1014.3,.9,.37,,,0,0,,,1135,,19,8.5,,,,
146,2025-05-04 08:00,12.1,,.8,180,79,11.1,8.5,1007.2,1014.5,1,1.03,,,0,0,,,1831,,,13.4,,,,
146,2025-05-04 09:00,13.4,,.6,160,66,10.1,7.1,1007.4,1014.6,1,1.8,,,0,0,,,3258,,,18.7,,,,
146,2025-05-04 10:00,15.7,,1.5,230,55,9.7,6.6,1007.6,1014.8,1,2.46,,,0,0,,,3756,,,22.6,,,,
146,2025-05-04 11:00,17,,1.7,290,49,9.4,6.1,1007.3,1014.4,1,2.97,,,0,0,,,3736,,,25.4,,,,
146,2025-05-04 12:00,18.6,,2.1,250,43,9.2,5.7,1007.6,1014.7,1,3.28,,,0,0,,,3831,,,27,,,,
146,2025-05-04 13:00,19.5,,2.8,290,31,7,1.9,1007.6,1014.7,1,3.43,,,0,0,,,4007,,,26.8,,,,
146,2025-05-04 14:00,19.5,,3.4,290,26,5.9,-.5,1007,1014.1,1,3.36,,,0,0,,,4611,,,25.8,,,,
146,2025-05-04 15:00,19.2,,3.7,290,28,6.2,.2,1007,1014.1,1,3.04,,,0,0,,,4111,,,24.8,,,,
146,2025-05-04 16:00,19.1,,3.7,290,26,5.8,-.8,1006.8,1013.9,1,2.52,,,0,0,,,4397,,,22.7,,,,
146,2025-05-04 17:00,18.8,,3.5,270,24,5.2,-2.2,1006.7,1013.8,1,1.85,,,0,0,,,4822,,,18.8,,,,
146,2025-05-04 18:00,17.6,,2.2,320,30,6,-.2,1006.6,1013.7,1,1.1,,,0,0,,,4633,,,16,,,,
146,2025-05-04 19:00,15.9,,1.7,290,38,6.8,1.5,1007,1014.2,.7,.36,,,0,0,,,3962,,,13,,,,
146,2025-05-04 20:00,14.3,,1.5,250,51,8.2,4.2,1007.8,1015,0,.01,,,0,0,,,3932,,,11.6,,,,
146,2025-05-04 21:00,13.8,,1,230,52,8.1,4,1008.6,1015.8,,,,,0,0,,,4109,,,10.7,,,,
146,2025-05-04 22:00,12.3,,1.1,140,55,7.8,3.5,1009.2,1016.5,,,,,0,0,,,4025,,,9.8,,,,
146,2025-05-04 23:00,10.9,,1.2,160,60,7.8,3.4,1009.2,1016.5,,,,,0,0,,,4250,,,9,,,,
146,2025-05-05 00:00,9.8,,1.4,140,62,7.5,2.8,1009.2,1016.5,,,,,2,0,Ci,,4496,,,8.4,,,,
146,2025-05-05 01:00,9.4,,1.7,140,61,7.2,2.2,1009.1,1016.5,,,,,5,0,,,4526,,,7.8,,,,
146,2025-05-05 02:00,9.2,,1.1,140,60,7,1.8,1008.7,1016.1,,,,,7,0,,,4661,,,7.4,,,,
146,2025-05-05 03:00,9,,1.7,160,60,6.9,1.6,1008.3,1015.7,,,,,5,0,Ci,,4739,,,7.1,,,,
146,2025-05-05 04:00,8.7,,1.3,110,61,6.8,1.5,1007.6,1015,,,,,6,0,Ci,,4715,,,7,,,,
146,2025-05-05 05:00,8.7,,1.4,140,60,6.7,1.3,1007.1,1014.5,,,,,6,0,Ci,,4564,,,6.7,,,,
146,2025-05-05 06:00,9.2,,1.4,110,60,7,1.8,1007.1,1014.5,0,.03,,,8,8,Ac,45,4743,,,7.9,,,,
146,2025-05-05 07:00,10.5,,.7,110,60,7.6,3,1007,1014.3,.4,.29,,,9,9,Ac,40,4528,,,10,,,,
146,2025-05-05 08:00,13.6,,.8,110,44,6.8,1.5,1006.4,1013.6,.6,.84,,,9,9,Ac,40,4517,,,13.2,,,,
146,2025-05-05 09:00,15.8,,.7,20,40,7.2,2.2,1005.5,1012.7,.9,1.58,,,7,7,Ac,43,4755,,,18.1,,,,
146,2025-05-05 10:00,18.2,,.4,0,31,6.4,.7,1005.2,1012.3,.6,1.71,,,9,9,Ac,39,4660,,,19.1,,,,
146,2025-05-05 11:00,18,,2,340,38,7.8,3.4,1005.2,1012.3,0,1.13,,,9,9,Ac,37,4561,,,18.8,,,,
146,2025-05-05 12:00,16.8,,1.6,340,50,9.5,6.3,1005.5,1012.6,0,.45,,,9,9,Ac,25,3710,,,15.5,,,,
146,2025-05-05 13:00,17.9,,.7,290,49,10,7,1005.1,1012.2,0,1.05,,,10,10,As,25,4096,,,18,,,,
146,2025-05-05 14:00,18.1,,.6,200,43,8.9,5.3,1004.3,1011.4,0,.91,,,10,10,As,28,4057,,,17.5,,,,
146,2025-05-05 15:00,17.3,0,1.3,140,43,8.4,4.5,1002.7,1009.8,0,.38,,,10,8,ScAs,18,3706,,01,16.1,,,,
146,2025-05-05 16:00,12.7,.5,2.6,160,73,10.6,7.9,1001.5,1008.7,0,.27,,,10,9,StNs,12,1756,,01,14.4,,,,
146,2025-05-05 17:00,13,.5,.9,70,71,10.6,7.8,1001.2,1008.4,0,.29,,,10,3,ScAs,10,4970,,01,14.7,,,,
146,2025-05-05 18:00,12.3,,1,50,77,10.9,8.3,1001,1008.2,0,.13,,,10,7,ScAs,15,5000,,,13.9,,,,
146,2025-05-05 19:00,12,,1.1,50,80,11.2,8.6,1001.5,1008.7,0,.06,,,10,10,,18,4867,,,13.1,,,,
146,2025-05-05 20:00,12.3,,.8,50,80,11.4,8.9,1002.3,1009.5,0,0,,,6,6,,17,4870,,,12.7,,,,
146,2025-05-05 21:00,12,,.3,0,87,12.1,9.8,1002.8,1010,,,,,10,9,ScAs,15,3617,,,12.5,,,,
146,2025-05-05 22:00,12.4,,.5,160,81,11.6,9.2,1003,1010.2,,,,,9,9,,15,4608,,,12.4,,,,
146,2025-05-05 23:00,12.3,,1,140,80,11.4,8.9,1002.5,1009.7,,,,,6,6,,14,4405,,,12.3,,,,
146,2025-05-06 00:00,12.3,,.9,140,81,11.6,9.1,1001.9,1009.1,,,,,8,8,,,3969,,,12.2,,,,
146,2025-05-06 01:00,12.3,,.6,140,78,11.1,8.5,1000.7,1007.9,,,,,6,6,,18,4433,,,12.1,,,,
146,2025-05-06 02:00,12.4,,.5,140,75,10.7,8,999.8,1007,,,,,6,6,,18,4733,,,12,,,,
146,2025-05-06 03:00,11.6,,1,20,82,11.2,8.6,999.3,1006.5,,,,,10,4,ScAs,10,4162,,,11.9,,,,
146,2025-05-06 04:00,11.9,,0,0,80,11.1,8.5,999,1006.2,,,,,9,9,Sc,11,4165,,,11.9,,,,
146,2025-05-06 05:00,11.7,,.4,0,80,10.9,8.3,999,1006.2,,,,,9,9,Sc,11,4207,,,11.8,,,,
146,2025-05-06 06:00,11.3,,.4,0,81,10.8,8.1,999,1006.2,0,.01,,,9,9,Sc,15,3246,,,11.6,,,,
146,2025-05-06 07:00,11.9,,.6,360,84,11.6,9.2,999,1006.2,0,.13,,,9,9,Sc,15,3731,,,12.4,,,,
146,2025-05-06 08:00,12.2,,.9,340,83,11.7,9.3,999.1,1006.3,0,.31,,,9,9,Sc,15,3146,,,13.6,,,,
146,2025-05-06 09:00,13.6,,.6,250,73,11.3,8.8,999.4,1006.6,.1,.83,,,7,7,Sc,15,3200,,,17.9,,,,
146,2025-05-06 10:00,15,,.3,0,64,10.9,8.2,999.3,1006.4,.5,1.82,,,9,9,Sc,15,4116,,,19.7,,,,
146,2025-05-06 11:00,14.5,,2.1,290,70,11.5,9,999.4,1006.6,0,.73,,,10,8,ScAs,10,2876,,,16.9,,,,
146,2025-05-06 12:00,15,,1.3,270,66,11.2,8.6,999.5,1006.6,0,.76,,,10,5,ScAs,10,3787,,,17.4,,,,
146,2025-05-06 13:00,15.4,,1.2,250,65,11.3,8.8,999,1006.1,0,.75,,,10,9,ScAs,10,4075,,,18.8,,,,
146,2025-05-06 14:00,16,,.4,0,63,11.4,8.9,998.8,1005.9,0,.95,,,10,9,ScAs,10,3145,,,18.7,,,,
146,2025-05-06 15:00,15.7,,1.2,270,68,12.1,9.8,998.8,1005.9,0,.38,,,10,8,ScAs,9,3455,,,16.2,,,,
146,2025-05-06 16:00,15.8,,1.5,230,67,11.9,9.6,999,1006.1,0,.47,,,10,5,ScAs,13,2965,,,17.3,,,,
146,2025-05-06 17:00,16.4,,.9,160,68,12.6,10.4,999.4,1006.5,.1,.35,,,9,8,ScAs,9,2485,,,16.4,,,,
146,2025-05-06 18:00,16.6,,.4,0,67,12.6,10.4,999.7,1006.8,1,.86,,,5,3,ScAs,18,2563,,,16.4,,,,
146,2025-05-06 19:00,15.4,,.8,230,72,12.5,10.3,1000.6,1007.7,0,.25,,,0,0,,,2081,,,14.1,,,,
146,2025-05-06 20:00,14.7,,1.3,200,75,12.5,10.3,1001.9,1009.1,0,.02,,,0,0,,,2035,,,13.1,,,,
146,2025-05-06 21:00,13.3,,2.3,250,72,10.9,8.3,1003,1010.2,,,,,0,0,,,2752,,,11.6,,,,
146,2025-05-06 22:00,12.5,,.9,230,73,10.5,7.7,1003.5,1010.7,,,,,0,0,,,2732,,,10.6,,,,
146,2025-05-06 23:00,12,,.5,200,80,11.2,8.6,1003.9,1011.2,,,,,0,0,,,1972,,,10,,,,
146,2025-05-07 00:00,11.5,,1,200,83,11.2,8.7,1004.1,1011.4,,,,,0,0,,,1874,,,9.4,,,,
146,2025-05-07 01:00,10.5,,.7,180,88,11.1,8.5,1004.6,1011.9,,,,,0,0,,,1529,,,9,,,,
146,2025-05-07 02:00,9.8,,1.1,140,92,11.1,8.5,1004.9,1012.2,,,,,0,0,,,932,,19,8.5,,,,
146,2025-05-07 03:00,9.6,,1,110,94,11.2,8.6,1004.6,1011.9,,,,,0,0,,,190,,19,8,,,,
146,2025-05-07 04:00,8.9,,.9,140,96,10.9,8.2,1005.3,1012.7,,,,,0,0,,,116,,19,7.8,,,,
146,2025-05-07 05:00,8.4,,1,140,95,10.4,7.6,1005.8,1013.2,,,,,0,0,,,803,,1916,7.4,,,,
146,2025-05-07 06:00,8.6,,1.2,140,94,10.4,7.6,1006.4,1013.8,0,.02,,,0,0,,,896,,19,7.4,,,,
146,2025-05-07 07:00,10,,.6,180,85,10.4,7.5,1006.9,1014.2,1,.39,,,0,0,,,1589,,19,8.8,,,,
146,2025-05-07 08:00,12.2,,1.1,160,75,10.6,7.8,1007.4,1014.7,1,1.08,,,0,0,,,1909,,,14,,,,
146,2025-05-07 09:00,14.1,,.3,0,64,10.2,7.3,1007.6,1014.8,1,1.83,,,0,0,,,2601,,,19.6,,,,
146,2025-05-07 10:00,15.6,,.5,20,57,10.1,7.1,1007.4,1014.6,1,2.47,,,0,0,,,3433,,,23.6,,,,
146,2025-05-07 11:00,17.9,,.9,290,47,9.6,6.4,1007.2,1014.3,1,2.94,,,0,0,,,4168,,,26.5,,,,
146,2025-05-07 12:00,17.9,,1.3,360,45,9.2,5.7,1006.7,1013.8,1,3.25,,,0,0,,,4315,,,28.3,,,,
146,2025-05-07 13:00,19.8,,1.7,250,45,10.4,7.5,1006.7,1013.8,1,3.42,,,0,0,,,3873,,,28.9,,,,
146,2025-05-07 14:00,20.3,,2.7,270,44,10.4,7.6,1006.6,1013.6,1,3.13,,,6,0,Ci,,3548,,,27.8,,,,
146,2025-05-07 15:00,20.3,,3.4,270,42,9.9,6.9,1006.2,1013.2,1,2.65,,,5,0,Ci,,3681,,,26.3,,,,
146,2025-05-07 16:00,20,,2.4,290,43,10,7,1006,1013,1,2.42,,,4,0,Ci,,4816,,,24.7,,,,
146,2025-05-07 17:00,18.4,,3.5,270,44,9.3,5.9,1006.4,1013.5,1,1.73,,,3,0,Ci,,4954,,,20.8,,,,
146,2025-05-07 18:00,17.6,,2,270,49,9.8,6.7,1006.9,1014,.8,.92,,,6,0,Ci,,4203,,,18.1,,,,
146,2025-05-07 19:00,15.4,,1.5,250,54,9.4,6.1,1007.4,1014.6,.3,.32,,,0,0,,,4789,,,15,,,,
146,2025-05-07 20:00,14,,1.6,290,59,9.4,6.1,1008.2,1015.4,0,.01,,,0,0,,,4080,,,13.1,,,,
146,2025-05-07 21:00,13.2,,1.7,230,67,10.1,7.1,1009,1016.3,,,,,5,0,Ci,,2695,,,12.3,,,,
146,2025-05-07 22:00,13.3,,.8,230,64,9.7,6.6,1009.7,1017,,,,,0,0,,,2984,,,11.5,,,,
146,2025-05-07 23:00,12.6,,.5,200,69,10,7,1009.9,1017.2,,,,,5,0,,,3425,,,10.9,,,,
146,2025-05-08 00:00,11.9,,.8,140,73,10.2,7.2,1010.2,1017.5,,,,,5,0,Ci,,3270,,,10.5,,,,
146,2025-05-08 01:00,11.1,,1.1,140,78,10.3,7.4,1010.5,1017.8,,,,,2,0,,,3092,,,9.8,,,,
146,2025-05-08 02:00,10.1,,.9,140,80,9.8,6.7,1010.8,1018.2,,,,,2,0,,,3332,,,9.4,,,,
146,2025-05-08 03:00,9.8,,1.2,140,80,9.7,6.5,1010.7,1018.1,,,,,2,0,Ci,,3143,,,9,,,,
146,2025-05-08 04:00,9.4,,1,140,82,9.6,6.4,1010.5,1017.9,,,,,5,0,Ci,,3189,,,8.6,,,,
146,2025-05-08 05:00,8.7,,1.4,140,85,9.5,6.3,1010.7,1018.1,,,,,2,0,Ci,,2925,,,8.2,,,,
146,2025-05-08 06:00,8.1,,.5,70,87,9.3,6,1010.8,1018.2,0,.02,,,0,0,,,2708,,,8.1,,,,
146,2025-05-08 07:00,10.6,,.5,70,79,10.1,7.1,1011,1018.3,.6,.36,,,0,0,,,2917,,,10,,,,
146,2025-05-08 08:00,13,,.6,160,68,10.2,7.2,1010.9,1018.2,1,1,,,0,0,,,3342,,,14.3,,,,
146,2025-05-08 09:00,16.3,,.6,230,55,10.2,7.2,1010.9,1018.1,1,1.73,,,0,0,,,3739,,,19.7,,,,
146,2025-05-08 10:00,19.1,,.9,290,47,10.4,7.5,1010.7,1017.8,1,2.4,,,1,0,Ci,,2969,,,23.9,,,,
146,2025-05-08 11:00,21.4,,1.3,360,42,10.6,7.9,1009.8,1016.8,1,2.93,,,3,0,Ci,,3618,,,27.1,,,,
146,2025-05-08 12:00,23.2,,3.1,230,36,10.2,7.2,1009.8,1016.8,1,3.22,,,3,0,Ci,,2612,,,28.7,,,,
146,2025-05-08 13:00,25,,2.9,250,34,10.7,8,1009.8,1016.7,1,3.33,,,3,0,Ci,,1945,,,30.3,,,,
146,2025-05-08 14:00,25.4,,1.5,230,31,10,7,1008.7,1015.6,1,3.12,,,6,0,Ci,,1864,,,31.1,,,,
146,2025-05-08 15:00,25.8,,1.9,160,34,11.2,8.7,1007.5,1014.4,1,2.55,,,7,0,Ci,,2258,,,29.6,,,,
146,2025-05-08 16:00,24.7,,2.3,230,36,11.2,8.6,1007.2,1014.1,.9,1.73,,,9,0,Ci,,2507,,,26.3,,,,
146,2025-05-08 17:00,22.1,,2.2,290,49,12.9,10.8,1007.6,1014.6,0,.97,,,9,0,Ci,,3049,,,23.1,,,,
146,2025-05-08 18:00,20.3,,1.7,270,52,12.4,10.1,1008.5,1015.6,0,.58,,,9,9,As,30,3239,,,20.3,,,,
146,2025-05-08 19:00,19.3,,1,290,53,11.8,9.4,1008.8,1015.9,0,.14,,,10,0,,,3034,,,18.1,,,,
146,2025-05-08 20:00,18.2,,.8,290,58,12,9.7,1008.9,1016,0,.01,,,10,9,,63,3174,,,16.7,,,,
146,2025-05-08 21:00,17.9,,.9,50,61,12.4,10.2,1009.4,1016.5,,,,,10,10,As,30,2600,,,15.9,,,,
146,2025-05-08 22:00,18,,.9,140,61,12.5,10.3,1009.4,1016.5,,,,,10,9,,58,3025,,,15.4,,,,
146,2025-05-08 23:00,17.6,,1,110,52,10.4,7.6,1009.3,1016.4,,,,,10,9,,56,4581,,,14.8,,,,
146,2025-05-09 00:00,16.8,,.6,50,57,10.9,8.2,1009.3,1016.4,,,,,10,10,,,4560,,,14.5,,,,
146,2025-05-09 01:00,16.8,,.7,110,54,10.3,7.4,1008.5,1015.7,,,,,10,2,,46,4380,,,14.4,,,,
146,2025-05-09 02:00,16.2,,.8,160,53,9.7,6.5,1007.7,1014.9,,,,,10,2,,46,4773,,,14.1,,,,
146,2025-05-09 03:00,16.7,0,1.2,140,50,9.5,6.2,1007.2,1014.3,,,,,10,5,StNs,12,4695,,01,14,,,,
146,2025-05-09 04:00,14.3,.4,1.1,50,73,11.9,9.5,1006.1,1013.3,,,,,10,5,StNs,8,1288,,01,14,,,,
146,2025-05-09 05:00,12.6,2.1,1.3,50,93,13.5,11.4,1005.9,1013.2,,,,,10,6,StNs,8,1043,,01,13.6,,,,
146,2025-05-09 06:00,12.6,2.7,1.3,70,95,13.8,11.8,1004.2,1011.4,0,.01,,,10,6,StNs,8,479,,1901,13.3,,,,
146,2025-05-09 07:00,12.9,.6,.7,360,96,14.2,12.2,1003.4,1010.6,0,.06,,,10,6,StNs,8,813,,1901,13.8,,,,
146,2025-05-09 08:00,13.9,.8,.8,50,95,15.1,13.1,1002.5,1009.7,0,.2,,,10,8,StNs,2,907,,1901,14.9,,,,
146,2025-05-09 09:00,14.7,1.6,.2,0,95,15.9,13.9,1000.9,1008.1,0,.22,,,10,2,StNs,6,472,,1901,15.3,,,,
146,2025-05-09 10:00,14.6,1.6,1.7,290,95,15.8,13.8,999.8,1007,0,.29,,,10,1,StNs,9,701,,1901,15.9,,,,
146,2025-05-09 11:00,15.4,1.6,.8,360,94,16.4,14.4,997.9,1005,0,.63,,,9,3,ScAs,9,3040,,1901,18.6,,,,
146,2025-05-09 12:00,16.1,.7,.8,90,93,16.9,14.9,996.3,1003.4,0,.46,,,10,2,ScAs,13,1460,,01,17.9,,,,
146,2025-05-09 13:00,17.4,.1,1.2,110,85,16.8,14.8,995.1,1002.1,0,.51,,,9,2,ScAs,11,4722,,01,18.6,,,,
146,2025-05-09 14:00,18.4,0,2.9,140,76,16,14,993.4,1000.4,0,.42,,,10,1,ScAs,15,4802,,01,17.9,,,,
146,2025-05-09 15:00,17.6,.4,2.3,140,83,16.6,14.6,992.8,999.8,0,.2,,,10,2,ScAs,11,4704,,01,17.1,,,,
146,2025-05-09 16:00,17.8,0,3.9,140,82,16.6,14.6,991.9,998.9,0,.14,,,10,8,ScAs,14,3668,,01,16.7,,,,
146,2025-05-09 17:00,18.2,0,2.7,160,81,16.8,14.8,991.7,998.7,0,.17,,,10,9,ScAs,13,5000,,01,16.7,,,,
146,2025-05-09 18:00,18.4,,3.1,160,81,17,15,991.5,998.5,0,.27,,,10,9,ScAs,11,5000,,,17.1,,,,
146,2025-05-09 19:00,18.5,,4.1,160,81,17.2,15.1,991.2,998.2,0,.16,,,9,9,,11,5000,,,16.8,,,,
146,2025-05-09 20:00,18.3,,3.1,160,83,17.4,15.3,991.2,998.2,0,.02,,,9,9,,9,5000,,,16.2,,,,
146,2025-05-09 21:00,17.6,.1,1.3,200,90,18.1,15.9,991.8,998.8,,,,,10,9,StNs,5,2547,,01,16.1,,,,
146,2025-05-09 22:00,17.8,.1,4.3,230,82,16.6,14.6,992,999,,,,,7,7,St,5,2425,,01,15.7,,,,
146,2025-05-09 23:00,17.6,,2.2,180,83,16.6,14.6,991.7,998.7,,,,,10,9,,7,3315,,,15.4,,,,
146,2025-05-10 00:00,16.8,0,2.6,200,85,16.2,14.2,992,999,,,,,10,10,St,5,2315,,01,15.2,,,,
146,2025-05-10 01:00,14.6,0,5.2,230,88,14.6,12.6,993.1,1000.2,,,,,10,10,St,3,2115,,01,14.3,,,,
146,2025-05-10 02:00,13.4,0,5.5,230,93,14.2,12.2,993.9,1001,,,,,10,10,St,2,2228,,01,13.6,,,,
146,2025-05-10 03:00,13.1,.3,4.1,250,96,14.4,12.4,994,1001.2,,,,,10,10,St,1,1108,,01,13.5,,,,
146,2025-05-10 04:00,13.1,.2,4.3,250,97,14.6,12.6,993.7,1000.9,,,,,10,10,St,1,344,,1901,13.4,,,,
146,2025-05-10 05:00,12.8,.5,4.4,250,97,14.3,12.3,993.7,1000.9,,,,,10,10,St,1,631,,1901,13.2,,,,
146,2025-05-10 06:00,12.6,.1,4.1,250,94,13.7,11.6,994.2,1001.4,0,0,,,10,9,StAs,2,1908,,1901,12.9,,,,
146,2025-05-10 07:00,12.7,,3.6,250,91,13.3,11.2,995,1002.2,0,.02,,,10,9,StNs,3,2762,,,12.9,,,,
146,2025-05-10 08:00,12.4,.2,4.7,250,95,13.7,11.6,995.7,1002.9,0,.11,,,10,9,StNs,2,1304,,01,13.2,,,,
146,2025-05-10 09:00,12.7,0,3,250,93,13.6,11.5,996,1003.2,0,.15,,,10,10,St,2,2186,,01,13.3,,,,
146,2025-05-10 10:00,12.7,.3,5.4,250,92,13.5,11.4,996.2,1003.4,0,.16,,,10,10,St,2,3493,,01,13.2,,,,
146,2025-05-10 11:00,12.6,1.3,5.3,250,95,13.8,11.8,996.7,1003.9,0,.26,,,10,10,St,2,1001,,0201,14,,,,
146,2025-05-10 12:00,12.6,.7,6.1,250,94,13.7,11.6,996.9,1004.1,0,.29,,,10,5,ScAs,12,1611,,0201,13.7,,,,
146,2025-05-10 13:00,12.5,1,4.8,250,95,13.7,11.7,997,1004.2,0,.28,,,10,9,StNs,2,322,,1901,13.7,,,,
146,2025-05-10 14:00,12.6,1.1,4.8,250,93,13.5,11.4,997.1,1004.3,0,.22,,,10,10,St,2,948,,1901,13.5,,,,
146,2025-05-10 15:00,12.7,.5,4.7,250,91,13.3,11.2,997.1,1004.3,0,.22,,,10,10,St,3,1539,,1901,13.7,,,,
146,2025-05-10 16:00,12.5,1.4,4.2,250,94,13.6,11.5,997.6,1004.8,0,.18,,,10,8,ScAs,5,916,,1901,13.3,,,,
146,2025-05-10 17:00,12.4,1.5,3.5,250,93,13.3,11.2,998,1005.2,0,.07,,,10,8,StNs,3,328,,1901,12.8,,,,
146,2025-05-10 18:00,12.7,.5,4.6,250,91,13.3,11.2,998.1,1005.3,0,.09,,,10,9,ScAs,13,838,,1901,12.8,,,,
146,2025-05-10 19:00,12.7,,4.4,250,91,13.3,11.2,998.8,1006,0,.05,,,10,9,,3,583,,19,12.6,,,,
146,2025-05-10 20:00,12.9,,3.2,250,89,13.2,11.1,999.6,1006.8,0,.01,,,9,6,,3,885,,19,12.3,,,,
146,2025-05-10 21:00,12.9,,2.2,250,90,13.3,11.2,1000.8,1008,,,,,10,10,St,3,905,,19,12.3,,,,
146,2025-05-10 22:00,13,,3.4,250,88,13.1,11,1001.1,1008.3,,,,,9,3,,5,909,,19,12.2,,,,
146,2025-05-10 23:00,13,,2.4,230,87,12.9,10.8,1001.5,1008.7,,,,,9,6,,12,963,,19,12.1,,,,
146,2025-05-11 00:00,13.1,,2.2,230,87,13,10.9,1001.3,1008.5,,,,,10,5,,,959,,19,12.1,,,,
146,2025-05-11 01:00,13,,.8,200,86,12.9,10.7,1001.4,1008.6,,,,,8,8,,4,1027,,,12.2,,,,
146,2025-05-11 02:00,12.9,,1.4,200,86,12.8,10.6,1001.2,1008.4,,,,,10,10,,4,1069,,,12.2,,,,
146,2025-05-11 03:00,12.9,,.5,160,87,12.9,10.7,1001.3,1008.5,,,,,10,8,ScAs,12,963,,19,12.1,,,,
146,2025-05-11 04:00,11.8,,1.3,140,93,12.8,10.6,1000.5,1007.7,,,,,9,0,Ci,,490,,19,11.1,,,,
146,2025-05-11 05:00,11.4,,1.4,140,94,12.6,10.4,1000.1,1007.3,,,,,9,0,Ci,,475,,19,10.8,,,,
146,2025-05-11 06:00,11.5,,.9,160,93,12.6,10.4,1000,1007.2,0,.02,,,10,10,As,28,626,,19,10.9,,,,
146,2025-05-11 07:00,12.2,,.5,200,90,12.8,10.6,1001,1008.2,0,.15,,,10,10,As,28,834,,19,12,,,,
146,2025-05-11 08:00,13.6,,.6,110,86,13.3,11.2,1000.7,1007.9,0,.44,,,10,3,ScAs,10,993,,19,14.2,,,,
146,2025-05-11 09:00,14.7,,1.2,160,80,13.3,11.2,1000.7,1007.9,0,.94,,,10,10,As,33,1365,,19,17,,,,
146,2025-05-11 10:00,16.1,,1,200,70,12.8,10.6,1000.8,1007.9,.2,1.4,,,10,10,As,35,1574,,,20,,,,
146,2025-05-11 11:00,17.5,,.7,250,62,12.4,10.1,1000.6,1007.7,.2,1.72,,,8,8,Ac,34,1846,,,23.2,,,,
146,2025-05-11 12:00,19.1,,1,340,61,13.4,11.3,1000.2,1007.2,.8,2.85,,,7,1,ScAc,9,1895,,,27,,,,
146,2025-05-11 13:00,19.1,,3,270,60,13.2,11.1,999.8,1006.8,.9,2.89,,,4,4,Ac,32,1863,,,26.5,,,,
146,2025-05-11 14:00,20,,3,270,61,14.2,12.2,999.4,1006.4,.6,2.44,,,6,6,Sc,9,1898,,,27.9,,,,
146,2025-05-11 15:00,20.4,,4,250,51,12.2,9.9,998.9,1005.9,.9,2.72,,,4,0,Ci,,2651,,,26.4,,,,
146,2025-05-11 16:00,20.3,,3.4,270,45,10.6,7.9,998.7,1005.7,1,2.41,,,3,0,Ci,,2658,,,24.7,,,,
146,2025-05-11 17:00,18.9,,3.1,250,54,11.7,9.3,999,1006,1,1.73,,,1,0,Ci,,2262,,,21,,,,
146,2025-05-11 18:00,18,,2.4,270,59,12.1,9.8,999.3,1006.4,1,1,,,0,0,,,2112,,,18.4,,,,
146,2025-05-11 19:00,16.3,,1.6,290,63,11.6,9.2,999.3,1006.4,.7,.33,,,0,0,,,1776,,,15.7,,,,
146,2025-05-11 20:00,15.6,,.5,270,66,11.6,9.2,1000,1007.1,0,.02,,,0,0,,,1725,,,13.7,,,,
146,2025-05-11 21:00,14.8,,.6,250,71,11.9,9.5,1000.6,1007.8,,,,,0,0,,,1487,,,12.5,,,,
146,2025-05-11 22:00,13.4,,1.4,110,79,12.1,9.8,1001.4,1008.6,,,,,0,0,,,1599,,,11.7,,,,
146,2025-05-11 23:00,12.7,,1.2,110,80,11.7,9.3,1001.7,1008.9,,,,,0,0,,,1649,,,11,,,,
146,2025-05-12 00:00,12,,.9,140,83,11.6,9.1,1002.1,1009.3,,,,,0,0,,,1482,,,10.4,,,,
146,2025-05-12 01:00,11.2,,1.2,140,83,11,8.4,1002.4,1009.7,,,,,0,0,,,1405,,,9.9,,,,
146,2025-05-12 02:00,10.9,,1.3,140,85,11,8.4,1002.8,1010.1,,,,,0,0,,,1433,,,9.4,,,,
146,2025-05-12 03:00,10.2,,1.7,140,85,10.5,7.7,1002.6,1009.9,,,,,0,0,,,1486,,,9.1,,,,
146,2025-05-12 04:00,10.2,,1.3,140,84,10.4,7.6,1002.7,1010,,,,,0,0,,,1513,,,8.8,,,,
146,2025-05-12 05:00,9.8,,1.5,140,86,10.4,7.5,1003.1,1010.4,,,,,0,0,,,1412,,,8.5,,,,
146,2025-05-12 06:00,10.4,,1.9,140,84,10.6,7.8,1003.3,1010.6,0,.03,,,0,0,,,1284,,,8.7,,,,
146,2025-05-12 07:00,12.4,,1.1,140,77,11,8.4,1003.8,1011,1,.38,,,0,0,,,1341,,,10.3,,,,
146,2025-05-12 08:00,14.8,,1.6,160,71,11.9,9.5,1004,1011.2,1,1.04,,,0,0,,,1433,,,15,,,,
146,2025-05-12 09:00,17.1,,.7,230,60,11.6,9.2,1004.1,1011.2,1,1.75,,,0,0,,,1770,,,20.6,,,,
146,2025-05-12 10:00,19.2,,2,250,49,10.9,8.2,1004.3,1011.4,1,2.39,,,0,0,,,2323,,,24.4,,,,
146,2025-05-12 11:00,20.8,,1.3,250,50,12.2,9.9,1004.5,1011.5,1,2.92,,,0,0,,,2220,,,27.6,,,,
146,2025-05-12 12:00,22.2,,2.4,270,42,11.2,8.6,1004.4,1011.4,1,3.21,,,0,0,,,3036,,,29,,,,
146,2025-05-12 13:00,23.1,,3,250,35,9.8,6.7,1003.9,1010.9,1,3.39,,,0,0,,,3707,,,29.1,,,,
146,2025-05-12 14:00,23.9,,2.7,270,34,10,7,1003.6,1010.5,1,3.3,,,0,0,,,3218,,,29.1,,,,
146,2025-05-12 15:00,24.2,,2.9,270,32,9.6,6.4,1003.4,1010.3,1,2.99,,,0,0,,,3365,,,27.7,,,,
146,2025-05-12 16:00,24.8,,2.8,250,35,10.9,8.2,1003.2,1010.1,1,2.48,,,0,0,,,3302,,,26.3,,,,
146,2025-05-12 17:00,24.6,,2,250,37,11.4,8.9,1003.1,1010,1,1.83,,,0,0,,,3044,,,22.9,,,,
146,2025-05-12 18:00,23.8,,2.1,270,42,12.4,10.1,1003.1,1010,1,1.1,,,0,0,,,3631,,,20.4,,,,
146,2025-05-12 19:00,22.2,,2.4,270,43,11.5,9,1003.8,1010.8,.8,.38,,,0,0,,,3178,,,17.6,,,,
146,2025-05-12 20:00,21.3,,.7,230,47,11.9,9.5,1004.5,1011.5,0,.02,,,0,0,,,3036,,,16,,,,
146,2025-05-12 21:00,18.6,,1.8,140,61,13,10.9,1005.1,1012.2,,,,,0,0,,,3049,,,14.8,,,,
146,2025-05-12 22:00,17.5,,1.8,140,63,12.5,10.3,1005.3,1012.4,,,,,0,0,,,2695,,,13.8,,,,
146,2025-05-12 23:00,17.1,,1.8,140,59,11.5,9,1005.7,1012.8,,,,,0,0,,,2846,,,12.9,,,,
146,2025-05-13 00:00,16.7,,1.9,140,58,10.9,8.3,1005.9,1013,,,,,0,0,,,2970,,,12.3,,,,
146,2025-05-13 01:00,16.6,,2.3,140,60,11.2,8.7,1005.7,1012.8,,,,,1,0,,,2702,,,12,,,,
146,2025-05-13 02:00,16.3,,1.9,140,60,11.1,8.5,1006,1013.2,,,,,0,0,,,2627,,,11.7,,,,
146,2025-05-13 03:00,16.2,,1.4,140,60,11,8.4,1006.4,1013.6,,,,,0,0,,,2799,,,11.2,,,,
146,2025-05-13 04:00,15.2,,1.3,140,63,10.8,8.1,1007,1014.2,,,,,0,0,,,2724,,,10.7,,,,
146,2025-05-13 05:00,15.3,,2.1,140,64,11.1,8.5,1006.8,1014,,,,,0,0,,,2679,,,10.5,,,,
146,2025-05-13 06:00,15.8,,1.6,140,62,11.1,8.5,1007.4,1014.6,0,.04,,,0,0,,,2531,,,11,,,,
146,2025-05-13 07:00,16.6,,1.5,140,62,11.6,9.2,1008.1,1015.3,.3,.3,,,2,0,Ci,,2783,,,12.6,,,,
146,2025-05-13 08:00,19.9,,1.4,140,52,12,9.7,1008.3,1015.4,1,1.03,,,1,0,Ci,,2628,,,17,,,,
146,2025-05-13 09:00,22.4,,1.4,140,45,12.1,9.8,1008.8,1015.8,1,1.76,,,7,0,Ci,,2810,,,22.4,,,,
146,2025-05-13 10:00,24.6,,1.8,180,37,11.4,8.9,1009.1,1016,1,2.19,,,4,0,Ci,,3121,,,26,,,,
146,2025-05-13 11:00,25.6,,1.4,230,33,10.8,8.1,1009.3,1016.2,1,2.7,,,6,0,Ci,,3186,,,27.8,,,,
146,2025-05-13 12:00,26.3,,3.3,250,30,10.2,7.3,1009.2,1016.1,1,2.72,,,8,0,Cs,,3381,,,27.4,,,,
146,2025-05-13 13:00,25.8,,3.5,250,35,11.6,9.1,1009.4,1016.3,.9,2.41,,,10,0,Cs,,2911,,,26.1,,,,
146,2025-05-13 14:00,25.6,,3.3,270,32,10.4,7.6,1009.2,1016.1,.3,2.02,,,10,0,Cs,,3433,,,25.6,,,,
146,2025-05-13 15:00,25.7,,3.6,250,30,9.9,6.8,1009.1,1016,.9,2.03,,,7,0,Cs,,3061,,,25.6,,,,
146,2025-05-13 16:00,25.7,,2.9,270,32,10.5,7.7,1008.9,1015.8,1,2.01,,,7,0,Cs,,2669,,,25.2,,,,
146,2025-05-13 17:00,25.3,,1.8,270,33,10.6,7.8,1008.6,1015.5,.5,1.26,,,9,0,Ci,,2912,,,22.8,,,,
146,2025-05-13 18:00,25.2,,1.8,270,33,10.5,7.7,1008.2,1015.1,1,1.02,,,2,0,Ci,,3179,,,20.6,,,,
146,2025-05-13 19:00,24,,1.1,270,36,10.6,7.9,1008,1015,.6,.31,,,5,0,,,2990,,,18.4,,,,
146,2025-05-13 20:00,22.6,,.9,180,42,11.5,9,1008.1,1015.1,0,.03,,,3,0,,,2731,,,16.2,,,,
146,2025-05-13 21:00,20.5,,1,160,53,12.7,10.5,1008.8,1015.9,,,,,2,0,Ci,,2695,,,15.1,,,,
146,2025-05-13 22:00,18.5,,1.6,140,59,12.5,10.3,1009,1016.1,,,,,4,0,,,2661,,,14.2,,,,
146,2025-05-13 23:00,18.1,,1,140,59,12.2,9.9,1009.1,1016.2,,,,,8,0,,,2574,,,13.9,,,,
146,2025-05-14 00:00,17.1,,1.1,140,63,12.2,9.9,1009.3,1016.4,,,,,7,0,Ci,,2580,,,13.2,,,,
146,2025-05-14 01:00,16.5,,1,140,64,11.9,9.6,1009.3,1016.5,,,,,7,0,,,2622,,,12.7,,,,
146,2025-05-14 02:00,15.4,,1.3,140,69,12,9.7,1009.5,1016.7,,,,,7,0,,,2425,,,12.2,,,,
146,2025-05-14 03:00,15.6,,.9,140,68,12,9.7,1009.7,1016.9,,,,,7,0,Ci,,2267,,,11.7,,,,
146,2025-05-14 04:00,14.6,,1.5,140,71,11.7,9.3,1010,1017.2,,,,,0,0,,,2344,,,11.1,,,,
146,2025-05-14 05:00,14.6,,1.2,140,71,11.7,9.3,1010,1017.2,,,,,0,0,,,2203,,,10.7,,,,
146,2025-05-14 06:00,14.9,,1.5,110,71,11.9,9.6,1010.6,1017.8,0,.03,,,2,0,Ci,,2134,,,10.8,,,,
146,2025-05-14 07:00,16.8,,1.6,140,66,12.6,10.4,1010.8,1018,.9,.4,,,0,0,,,2223,,,12.4,,,,
146,2025-05-14 08:00,19.6,,1.3,140,57,12.9,10.8,1010.6,1017.7,1,1.12,,,0,0,,,2484,,,17.3,,,,
146,2025-05-14 09:00,22.3,,1.5,110,42,11.2,8.7,1010.8,1017.8,1,1.85,,,0,0,,,2695,,,22.9,,,,
146,2025-05-14 10:00,23.5,,2.5,180,40,11.6,9.1,1010.6,1017.6,1,2.48,,,0,0,,,2719,,,26,,,,
146,2025-05-14 11:00,24.8,,1.8,180,38,11.9,9.5,1010.1,1017,1,2.99,,,0,0,,,2396,,,28.5,,,,
146,2025-05-14 12:00,25.9,,2.3,230,32,10.6,7.9,1009.4,1016.3,1,3.29,,,0,0,,,3066,,,30.6,,,,
146,2025-05-14 13:00,26.8,,3.2,230,29,10.2,7.2,1008.5,1015.4,1,3.44,,,4,0,Ci,,3435,,,32.6,,,,
146,2025-05-14 14:00,28.2,,2.5,160,29,11,8.4,1007.9,1014.8,1,3.17,,,3,0,Ci,,2877,,,33.4,,,,
146,2025-05-14 15:00,28.9,,2.1,200,32,12.7,10.5,1007.3,1014.1,1,2.73,,,8,0,Ci,,3531,,,32.7,,,,
146,2025-05-14 16:00,27.6,,3,180,34,12.5,10.3,1007.1,1014,1,2.47,,,5,0,Ci,,3800,,,30.9,,,,
146,2025-05-14 17:00,27.1,,2,200,37,13.2,11.1,1007.2,1014.1,1,1.69,,,2,0,Ci,,3708,,,26.8,,,,
146,2025-05-14 18:00,25.6,,3.3,200,38,12.4,10.2,1007.3,1014.2,1,1.06,,,2,0,Ci,,3919,,,23,,,,
146,2025-05-14 19:00,24,,2.3,160,41,12.2,9.9,1008.1,1015.1,.3,.27,,,7,6,,66,3865,,,20.1,,,,
146,2025-05-14 20:00,22.5,,2.3,160,50,13.6,11.5,1008,1015,0,.03,,,7,2,,17,4059,,,18.4,,,,
146,2025-05-14 21:00,21.8,,2,160,56,14.6,12.6,1009,1016,,,,,7,4,AcCi,38,3912,,,17.8,,,,
146,2025-05-14 22:00,21.1,,3,140,61,15.2,13.2,1008.7,1015.7,,,,,9,0,,,3513,,,17.2,,,,
146,2025-05-14 23:00,20.8,,2.3,160,62,15.2,13.2,1008.8,1015.8,,,,,10,6,,12,3344,,,17.4,,,,
146,2025-05-15 00:00,20.1,,2.2,140,65,15.3,13.3,1008,1015.1,,,,,10,3,,,3403,,,17,,,,
146,2025-05-15 01:00,20.3,,1.9,140,67,15.9,13.9,1007.4,1014.5,,,,,9,2,,10,1001,,,17,,,,
146,2025-05-15 02:00,20.1,,1.8,140,70,16.4,14.4,1006.9,1014,,,,,9,7,,9,2970,,,17,,,,
146,2025-05-15 03:00,20.6,,1.4,140,71,17.2,15.1,1007.2,1014.2,,,,,10,9,ScAs,8,3025,,,17.3,,,,
146,2025-05-15 04:00,20.8,,1.9,140,74,18.1,15.9,1007.2,1014.2,,,,,10,8,ScAs,7,2882,,,17.6,,,,
146,2025-05-15 05:00,20.8,,2,160,76,18.6,16.4,1007,1014,,,,,10,5,ScAs,7,2683,,,17.7,,,,
146,2025-05-15 06:00,20.7,0,1.5,160,79,19.2,16.9,1007,1014,0,.01,,,10,8,ScAs,7,2070,,01,17.9,,,,
146,2025-05-15 07:00,19.7,.3,1.7,200,90,20.6,18,1007.6,1014.7,0,.04,,,10,8,ScAs,4,912,,1901,18.3,,,,
146,2025-05-15 08:00,20.3,.4,.9,140,93,22.1,19.1,1008,1015.1,0,.26,,,10,1,ScAs,11,845,,1901,19.7,,,,
146,2025-05-15 09:00,21.1,.2,1.8,160,88,22,19,1008,1015,0,.38,,,10,6,ScAs,6,2068,,1901,20.9,,,,
146,2025-05-15 10:00,21.8,,.9,250,85,22.1,19.1,1008.6,1015.6,0,.38,,,10,8,ScAs,5,3011,,,21.1,,,,
146,2025-05-15 11:00,23,,1.5,180,79,22.1,19.1,1008.7,1015.7,0,.96,,,10,9,ScAs,6,3876,,,24.2,,,,
146,2025-05-15 12:00,24.3,,2.4,230,73,22.1,19.1,1008.4,1015.4,.1,1.35,,,9,9,Sc,7,4182,,,27.2,,,,
146,2025-05-15 13:00,24.8,,3.4,250,73,22.8,19.6,1008.1,1015,.2,1.59,,,9,9,Sc,7,3902,,,27.5,,,,
146,2025-05-15 14:00,24.9,,2.6,270,72,22.5,19.4,1007.9,1014.8,.5,1.85,,,9,9,Sc,7,3953,,,27.5,,,,
146,2025-05-15 15:00,24.5,,3.1,270,74,22.7,19.5,1007.5,1014.4,.3,1.65,,,9,9,Sc,8,4754,,,26.8,,,,
146,2025-05-15 16:00,24.5,,3.5,250,75,22.9,19.7,1007.6,1014.5,0,1.19,,,10,6,ScAs,6,4404,,,25.5,,,,
146,2025-05-15 17:00,23.9,,2.4,270,78,23.1,19.8,1007.7,1014.7,.1,.89,,,8,8,Sc,10,3995,,,25.2,,,,
146,2025-05-15 18:00,22.9,,1.5,290,83,23.1,19.8,1008,1015,0,.31,,,10,6,ScAs,5,2352,,,22.7,,,,
146,2025-05-15 19:00,21.1,,2.3,340,89,22.2,19.2,1008.4,1015.4,0,.09,,,9,9,,5,2087,,,21,,,,
146,2025-05-15 20:00,20.7,,1,340,90,21.8,18.9,1008.7,1015.7,0,.01,,,10,3,,6,1876,,,20.2,,,,
146,2025-05-15 21:00,20.8,,.1,0,90,22,19,1009.2,1016.3,,,,,9,9,Sc,8,1650,,,19.8,,,,
146,2025-05-15 22:00,20.7,,.7,20,91,22.1,19.1,1009.6,1016.7,,,,,9,9,,8,1583,,,19.4,,,,
146,2025-05-15 23:00,21,,.1,0,90,22.2,19.2,1009.6,1016.6,,,,,8,7,,7,1605,,,19.3,,,,
146,2025-05-16 00:00,21.8,,1.5,140,83,21.6,18.7,1009.5,1016.5,,,,,9,9,,,4944,,,19.2,,,,
146,2025-05-16 01:00,21.3,,1.2,140,84,21.2,18.4,1009.2,1016.2,,,,,10,6,,6,5000,,,18.8,,,,
146,2025-05-16 02:00,21.4,,1.4,140,84,21.3,18.5,1009.1,1016.1,,,,,9,9,,7,4991,,,18.9,,,,
146,2025-05-16 03:00,21.3,,1.1,140,84,21.2,18.4,1008.8,1015.8,,,,,9,9,Sc,8,5000,,,18.5,,,,
146,2025-05-16 04:00,21,,1.4,140,86,21.3,18.5,1008.4,1015.4,,,,,7,2,ScCi,8,5000,,,18,,,,
146,2025-05-16 05:00,21.2,,2.1,140,86,21.6,18.7,1007.8,1014.8,,,,,8,8,Ac,35,1650,,,18.1,,,,
146,2025-05-16 06:00,21.4,,1.3,160,85,21.6,18.7,1007.7,1014.7,0,.02,,,10,6,ScAs,12,4949,,,18.5,,,,
146,2025-05-16 07:00,21.9,,1.7,140,83,21.7,18.8,1007.5,1014.5,0,.13,,,10,5,ScAs,12,4918,,,19.3,,,,
146,2025-05-16 08:00,22.5,,1.4,140,82,22.2,19.2,1008,1015,0,.3,,,10,6,ScAs,13,4894,,,20.4,,,,
146,2025-05-16 09:00,23.4,,1.7,180,77,22.1,19.1,1008.1,1015.1,0,.58,,,10,5,ScAs,10,4704,,,22.2,,,,
146,2025-05-16 10:00,23.7,,1.9,140,75,21.8,18.9,1007.6,1014.6,0,.58,,,10,4,ScAs,7,4881,,,22.6,,,,
146,2025-05-16 11:00,24.2,,2.6,160,73,22,19,1007,1013.9,0,.8,,,10,1,ScAs,10,5000,,,23.9,,,,
146,2025-05-16 12:00,24,,2.6,160,72,21.4,18.6,1006.2,1013.1,0,.93,,,10,3,ScAs,8,4759,,,23.7,,,,
146,2025-05-16 13:00,23.7,,3.4,140,73,21.3,18.5,1005.2,1012.1,0,.46,,,10,1,ScAs,12,4891,,,22.2,,,,
146,2025-05-16 14:00,22.3,0,2.7,140,72,19.4,17,1005.3,1012.3,0,.34,,,10,3,ScAs,10,2940,,01,21,,,,
146,2025-05-16 15:00,20.2,.3,1.9,160,79,18.6,16.4,1005,1012,0,.19,,,10,4,ScAs,15,1868,,01,19.8,,,,
146,2025-05-16 16:00,19.4,2.1,.9,110,91,20.4,17.8,1004,1011.1,0,.17,,,10,1,StNs,8,960,,01,19.6,,,,
146,2025-05-16 17:00,18.4,3.9,1.9,110,93,19.6,17.2,1003.6,1010.7,0,.14,,,10,6,StNs,8,658,,01,19.2,,,,
146,2025-05-16 18:00,17.9,2.8,1.1,20,96,19.6,17.2,1001.4,1008.5,0,.09,,,10,3,StNs,12,873,,01,18.7,,,,
146,2025-05-16 19:00,18,2.4,1.7,90,96,19.7,17.3,1000.7,1007.8,0,.04,,,10,2,StNs,10,772,,01,18.1,,,,
146,2025-05-16 20:00,17.7,5,2.5,90,97,19.6,17.2,999.9,1007,0,0,,,10,2,StNs,6,423,,01,17.6,,,,
146,2025-05-16 21:00,17.5,6.9,1.6,70,97,19.4,17,999.6,1006.7,,,,,10,7,StNs,6,438,,01,17.3,,,,
146,2025-05-16 22:00,17.3,8.6,.3,0,98,19.2,16.9,1000.4,1007.5,,,,,10,4,StNs,5,297,,01,17.1,,,,
146,2025-05-16 23:00,17.2,6,.2,0,98,19.1,16.8,999.6,1006.7,,,,,10,1,StNs,6,294,,01,17,,,,
146,2025-05-17 00:00,17.2,3.6,.9,90,97,19,16.7,998.2,1005.2,,,,,10,3,ScAs,10,4672,,01,16.8,,,,
146,2025-05-17 01:00,17.2,.6,1.2,140,97,19,16.7,997.2,1004.3,,,,,10,8,ScAs,14,3260,,01,16.8,,,,
146,2025-05-17 02:00,17.3,0,1,140,97,19.1,16.8,996.3,1003.4,,,,,10,9,ScAs,13,4144,,01,16.9,,,,
146,2025-05-17 03:00,17.4,,1.3,320,97,19.2,16.9,996.7,1003.8,,,,,5,5,Sc,11,4436,,,16.8,,,,
146,2025-05-17 04:00,17.5,,1,320,94,18.8,16.5,997.5,1004.6,,,,,7,7,Sc,10,3796,,,16.8,,,,
146,2025-05-17 05:00,17.5,,.5,230,93,18.5,16.3,997.7,1004.8,,,,,7,7,Sc,9,2846,,,16.8,,,,
146,2025-05-17 06:00,17.2,,.7,290,95,18.5,16.3,998.5,1005.6,0,.05,,,6,6,Sc,8,2190,,,16.5,,,,
146,2025-05-17 07:00,17.3,,.7,230,95,18.6,16.4,999,1006.1,0,.24,,,6,6,St,5,703,,19,17.2,,,,
146,2025-05-17 08:00,17.6,,1.6,250,92,18.4,16.2,999.2,1006.3,0,.4,,,9,9,St,2,601,,19,19,,,,
146,2025-05-17 09:00,19.2,,1.2,270,86,19,16.7,1000.2,1007.2,.2,.99,,,8,8,St,3,731,,19,21.7,,,,
146,2025-05-17 10:00,20.3,,2.4,250,80,19,16.7,1000.7,1007.7,.2,1.41,,,10,10,St,5,990,,19,23.9,,,,
146,2025-05-17 11:00,21.4,,1.1,230,72,18.3,16.1,1000.7,1007.7,.2,1.62,,,9,9,Sc,6,1325,,19,26.1,,,,
146,2025-05-17 12:00,22.6,,2.1,230,68,18.5,16.3,1000.4,1007.3,.4,2.16,,,9,9,Sc,8,1920,,,28.9,,,,
146,2025-05-17 13:00,24.5,,1.5,200,64,19.6,17.2,999.8,1006.7,.9,3.23,,,6,6,Sc,9,2036,,,32.8,,,,
146,2025-05-17 14:00,24.9,,1.5,180,65,20.4,17.8,999.3,1006.2,.9,2.69,,,5,5,Sc,10,2520,,,31.6,,,,
146,2025-05-17 15:00,25.8,,2.5,270,61,20.2,17.7,999.1,1005.9,1,2.83,,,6,0,Ci,,3634,,,31.2,,,,
146,2025-05-17 16:00,25.2,,2.9,270,65,20.8,18.1,999,1005.9,1,2.12,,,5,0,Ci,,4147,,,28.4,,,,
146,2025-05-17 17:00,21.5,,3.3,290,78,19.9,17.4,999.8,1006.8,.1,.79,,,10,8,ScAs,18,4724,,,24.3,,,,
146,2025-05-17 18:00,21.3,,1.5,250,77,19.4,17,1000.2,1007.2,0,.58,,,7,4,ScCi,15,4842,,,22.7,,,,
146,2025-05-17 19:00,21,,2.8,270,78,19.4,17,1000.4,1007.4,0,.12,,,10,3,,6,5000,,,20.8,,,,
146,2025-05-17 20:00,20.2,,3.6,250,80,18.9,16.6,1001,1008,0,.01,,,10,10,,6,4611,,,19.7,,,,
146,2025-05-17 21:00,17.2,0,3.7,290,95,18.5,16.3,1002.3,1009.4,,,,,10,10,St,2,415,,1902,18.6,,,,
146,2025-05-17 22:00,16.2,.5,2.9,250,96,17.6,15.5,1002.9,1010,,,,,10,10,St,1,725,,1902,17.9,,,,
146,2025-05-17 23:00,15.7,0,2,270,96,17,15,1003.4,1010.6,,,,,10,10,St,1,422,,1902,17.5,,,,
146,2025-05-18 00:00,15.4,,2.1,250,94,16.4,14.4,1003.3,1010.5,,,,,10,10,,,495,,19,17,,,,
146,2025-05-18 01:00,14.9,,2.1,270,91,15.4,13.4,1003.5,1010.7,,,,,8,8,,2,502,,19,16.5,,,,
146,2025-05-18 02:00,13.9,,1.8,250,88,13.9,11.9,1003.7,1010.9,,,,,4,4,,4,1023,,19,14.9,,,,
146,2025-05-18 03:00,13.2,,1.5,250,88,13.3,11.2,1003.6,1010.8,,,,,10,6,StAs,4,1214,,,14.6,,,,
146,2025-05-18 04:00,12.6,,1.1,250,88,12.8,10.6,1003.3,1010.5,,,,,8,4,ScCi,8,1309,,,13.7,,,,
146,2025-05-18 05:00,12.7,,1.6,270,87,12.7,10.5,1003.8,1011,,,,,9,9,Sc,8,1267,,,14.2,,,,
146,2025-05-18 06:00,12.6,,2.2,250,88,12.8,10.6,1004.4,1011.6,0,.02,,,10,7,ScAs,8,1213,,,14.2,,,,
146,2025-05-18 07:00,12.8,,1.1,270,87,12.8,10.6,1005.1,1012.3,0,.15,,,8,6,ScCi,8,1079,,,15,,,,
146,2025-05-18 08:00,13.4,,.5,320,80,12.3,10,1005.8,1013,.1,.64,,,7,7,Sc,10,1335,,,16.9,,,,
146,2025-05-18 09:00,14.9,,1.2,340,72,12.1,9.8,1005.9,1013.1,.8,1.79,,,7,7,Sc,10,1368,,,22.5,,,,
146,2025-05-18 10:00,16,,1,340,64,11.6,9.1,1006.3,1013.5,.9,1.94,,,7,2,ScCi,10,2371,,,24.4,,,,
146,2025-05-18 11:00,17,,1.8,360,63,12.1,9.8,1006,1013.1,.5,2.23,,,9,0,Ci,,2426,,,24.1,,,,
146,2025-05-18 12:00,18.6,,1.1,320,52,11.1,8.5,1005.3,1012.4,1,2.98,,,7,0,Ci,,2510,,,29.2,,,,
146,2025-05-18 13:00,20.4,,.8,140,48,11.5,9,1005,1012,1,3.23,,,7,0,Ci,,3102,,,30.6,,,,
146,2025-05-18 14:00,21.4,,2.3,340,46,11.6,9.2,1004.8,1011.8,1,3.22,,,5,0,Ci,,3952,,,30.2,,,,
146,2025-05-18 15:00,21.9,,2,320,40,10.4,7.6,1004,1011,1,3.07,,,5,0,Ci,,2901,,,29.3,,,,
146,2025-05-18 16:00,21.8,,4.4,340,37,9.6,6.4,1003.3,1010.3,1,2.5,,,4,0,Ci,,4166,,,26.5,,,,
146,2025-05-18 17:00,21.5,,2.5,340,38,9.7,6.5,1003,1010,1,1.71,,,3,0,Ci,,3561,,,22.7,,,,
146,2025-05-18 18:00,20.2,,2.3,20,40,9.4,6.1,1003.1,1010.1,1,.89,,,5,0,Ci,,3687,,,19.7,,,,
146,2025-05-18 19:00,17.9,,1.5,270,66,13.5,11.4,1003.2,1010.3,0,.24,,,6,0,,,2158,,,18.1,,,,
146,2025-05-18 20:00,17.4,,.6,290,65,12.9,10.7,1003.6,1010.7,0,.03,,,6,0,,,2130,,,16.5,,,,
146,2025-05-18 21:00,16.9,,.5,250,67,12.9,10.7,1004.2,1011.3,,,,,7,0,Ci,,1879,,,15.5,,,,
146,2025-05-18 22:00,16.1,,1,250,71,12.9,10.8,1004.8,1011.9,,,,,8,2,,58,1499,,,15,,,,
146,2025-05-18 23:00,15.4,,1.1,140,74,12.9,10.7,1004.7,1011.9,,,,,4,4,,45,2153,,,14.1,,,,
146,2025-05-19 00:00,15.2,,.1,0,75,12.9,10.7,1004.8,1012,,,,,10,10,,,2016,,,14.8,,,,
146,2025-05-19 01:00,14.9,,.7,140,76,12.8,10.6,1004.6,1011.8,,,,,10,9,,39,2270,,,14.8,,,,
146,2025-05-19 02:00,14.2,,1.5,140,75,12.1,9.8,1003.4,1010.6,,,,,8,4,,35,2414,,,13.7,,,,
146,2025-05-19 03:00,14.6,,.8,110,67,11.1,8.5,1002.7,1009.9,,,,,7,7,Ac,35,3079,,,13.1,,,,
146,2025-05-19 04:00,14.2,,1.6,140,63,10.2,7.2,1001.7,1008.9,,,,,0,0,,,3618,,,12.4,,,,
146,2025-05-19 05:00,15.2,,1.9,140,62,10.6,7.9,1001.4,1008.6,,,,,6,6,Ac,36,3481,,,13,,,,
146,2025-05-19 06:00,15.8,,1.3,160,60,10.7,8,1001.7,1008.8,0,.02,,,7,7,Ac,36,3720,,,13.6,,,,
146,2025-05-19 07:00,16.8,,.9,160,60,11.4,8.9,1002.4,1009.5,.1,.25,,,8,8,Ac,35,3879,,,15.2,,,,
146,2025-05-19 08:00,19,,2.2,140,55,12,9.7,1001.8,1008.8,1,1.07,,,0,0,,,3978,,,18,,,,
146,2025-05-19 09:00,21.4,,1.4,140,42,10.6,7.9,1001.5,1008.5,1,1.78,,,0,0,,,3666,,,23.6,,,,
146,2025-05-19 10:00,22.8,,1.6,200,34,9.4,6.1,1001.1,1008,.7,2.07,,,8,8,Ac,35,4433,,,23.8,,,,
146,2025-05-19 11:00,22.1,,2.5,230,36,9.5,6.3,1001.1,1008.1,.1,.95,,,10,9,ScAs,11,3830,,,20.4,,,,
146,2025-05-19 12:00,22.1,0,1.5,180,41,10.9,8.2,1000.7,1007.7,0,.65,,,10,9,ScAs,10,4220,,01,20.9,,,,
146,2025-05-19 13:00,23.2,,3.2,230,55,15.6,13.6,999.8,1006.7,0,1.24,,,10,9,ScAs,11,3943,,,23.1,,,,
146,2025-05-19 14:00,23.4,,3.9,250,61,17.5,15.4,999,1005.9,0,1.34,,,10,9,ScAs,10,4024,,,23.5,,,,
146,2025-05-19 15:00,23.7,,3.1,230,61,17.8,15.7,998.3,1005.2,0,1.01,,,10,9,ScAs,10,3786,,,23,,,,
146,2025-05-19 16:00,24.2,,3.1,230,63,19,16.7,997.9,1004.8,0,.94,,,10,9,ScAs,10,3239,,,22.9,,,,
146,2025-05-19 17:00,24.8,,2.1,270,63,19.6,17.2,997.6,1004.5,.3,.85,,,5,5,As,30,3232,,,23.2,,,,
146,2025-05-19 18:00,25.1,,2.9,230,64,20.4,17.8,997.1,1004,.9,.92,,,2,2,Sc,12,3002,,,22.1,,,,
146,2025-05-19 19:00,24,,2.2,180,69,20.5,17.9,997.4,1004.3,.4,.32,,,1,1,,10,2893,,,20.5,,,,
146,2025-05-19 20:00,22.7,,2.9,180,73,20.1,17.6,997.8,1004.7,0,.02,,,0,0,,,2960,,,18.8,,,,
146,2025-05-19 21:00,22.6,,3.3,180,73,20,17.5,998.1,1005,,,,,0,0,,,3856,,,18.1,,,,
146,2025-05-19 22:00,22.4,,3.2,180,73,19.7,17.3,999,1005.9,,,,,0,0,,,3678,,,17.8,,,,
146,2025-05-19 23:00,22.2,,3,180,73,19.5,17.1,999.6,1006.5,,,,,0,0,,,4143,,,17.5,,,,
146,2025-05-20 00:00,21.8,,2.4,180,74,19.2,16.9,999.9,1006.8,,,,,0,0,,,4299,,,17.2,,,,
146,2025-05-20 01:00,21.8,,1.7,160,75,19.5,17.1,1000.4,1007.4,,,,,0,0,,,4381,,,17,,,,
146,2025-05-20 02:00,20.4,,1,140,80,19.1,16.8,1000.7,1007.7,,,,,0,0,,,3714,,,16.4,,,,
146,2025-05-20 03:00,20,,1,110,82,19.1,16.8,1001.1,1008.1,,,,,0,0,,,3686,,,15.9,,,,
146,2025-05-20 04:00,19.5,,1.2,90,85,19.2,16.9,1001.6,1008.6,,,,,0,0,,,3499,,,15.7,,,,
146,2025-05-20 05:00,19.5,,1.8,140,86,19.4,17,1001.7,1008.7,,,,,0,0,,,3443,,,16.1,,,,
146,2025-05-20 06:00,20.1,,1.4,140,86,20.1,17.6,1002,1009,0,.04,,,0,0,,,3531,,,16.4,,,,
146,2025-05-20 07:00,22,,1.4,110,80,21,18.3,1002.7,1009.7,.8,.41,,,0,0,,,4535,,,18.2,,,,
146,2025-05-20 08:00,24.1,,1.3,160,75,22.4,19.3,1002.9,1009.8,1,1.05,,,5,5,As,30,4664,,,22,,,,
146,2025-05-20 09:00,25.1,,1.7,160,73,23.2,19.9,1003.1,1010,.4,1.31,,,7,7,Sc,10,4883,,,25.3,,,,
146,2025-05-20 10:00,25.8,,2,160,71,23.5,20.1,1002.8,1009.7,.5,1.73,,,6,6,Sc,10,4586,,,27.2,,,,
146,2025-05-20 11:00,27.1,,2.1,160,69,24.7,20.9,1002.6,1009.4,.6,2.17,,,6,6,Sc,8,4435,,,30.8,,,,
146,2025-05-20 12:00,28.8,,1.7,180,63,24.9,21,1002,1008.8,1,3.23,,,5,5,Sc,9,4730,,,34.5,,,,
146,2025-05-20 13:00,30.1,,1.5,180,60,25.5,21.4,1001.3,1008.1,1,3.36,,,4,4,Sc,10,4138,,,35.3,,,,
146,2025-05-20 14:00,30.9,,1.1,230,57,25.3,21.3,1000.5,1007.2,1,3.22,,,3,3,Sc,10,4008,,,35.9,,,,
146,2025-05-20 15:00,30.4,,3,270,61,26.4,22,1000.3,1007,1,2.93,,,2,2,Sc,10,3979,,,35.5,,,,
146,2025-05-20 16:00,29.4,,2.7,270,64,26.1,21.8,1000.3,1007.1,1,2.46,,,1,1,Sc,10,4004,,,33.8,,,,
146,2025-05-20 17:00,29.7,,2.1,250,65,27.1,22.4,1000.3,1007.1,1,1.76,,,6,3,ScCi,10,4547,,,29.8,,,,
146,2025-05-20 18:00,28.3,,2.3,270,67,25.6,21.5,1000.4,1007.2,1,1.08,,,5,2,ScCi,10,4920,,,27,,,,
146,2025-05-20 19:00,28,,2.8,200,64,24.1,20.5,1000.6,1007.4,.8,.48,,,5,3,,11,4784,,,24.8,,,,
146,2025-05-20 20:00,26.8,,1.2,180,68,23.8,20.3,1001.1,1007.9,0,.05,,,7,2,,,4974,,,22.9,,,,
146,2025-05-20 21:00,25.9,,1,180,72,24,20.4,1001.9,1008.8,,,,,7,0,Ci,,4109,,,22,,,,
146,2025-05-20 22:00,25.6,,1.2,160,73,23.8,20.3,1002.6,1009.5,,,,,6,3,,11,4901,,,21.8,,,,
146,2025-05-20 23:00,24.7,,1.3,140,77,23.8,20.3,1002.5,1009.4,,,,,0,0,,,4786,,,21.2,,,,
146,2025-05-21 00:00,25,,1.5,160,77,24.3,20.6,1002.6,1009.5,,,,,5,5,Sc,9,4705,,,21.3,,,,
146,2025-05-21 01:00,24.3,,1.4,140,80,24.3,20.6,1002.3,1009.2,,,,,0,0,,,4486,,,20.5,,,,
146,2025-05-21 02:00,23.9,,1.9,140,79,23.4,20,1002.5,1009.4,,,,,0,0,,,4952,,,19.8,,,,
146,2025-05-21 03:00,23.6,,1.1,140,77,22.4,19.3,1002.2,1009.1,,,,,0,0,,,5000,,,19.2,,,,
146,2025-05-21 04:00,22.7,,1.2,110,80,22,19,1002,1008.9,,,,,0,0,,,5000,,,18.7,,,,
146,2025-05-21 05:00,22.2,,1.5,140,81,21.6,18.7,1001.5,1008.5,,,,,0,0,,,4491,,,18.2,,,,
146,2025-05-21 06:00,22.3,,1.4,140,80,21.4,18.6,1001.1,1008.1,.1,.04,,,6,0,Ci,,4666,,,18.4,,,,
146,2025-05-21 07:00,23.6,,1.4,160,74,21.4,18.6,1001.1,1008,1,.45,,,7,0,Ci,,4976,,,20,,,,
146,2025-05-21 08:00,24.6,,1.8,140,71,21.8,18.9,1000.6,1007.5,1,.96,,,7,0,Ci,,4338,,,22.9,,,,
146,2025-05-21 09:00,26.8,,.6,140,62,21.8,18.9,1000.2,1007,1,1.54,,,7,0,Ci,,4872,,,27.1,,,,
146,2025-05-21 10:00,27.1,,2.3,230,62,22.1,19.1,1000.3,1007.1,1,2.37,,,6,0,Ci,,4984,,,30.7,,,,
146,2025-05-21 11:00,28.5,,1.8,250,60,23.2,19.9,1000.3,1007.1,1,2.46,,,8,0,Ci,,4763,,,31.9,,,,
146,2025-05-21 12:00,28.4,,.9,320,59,22.8,19.6,999.5,1006.3,.2,1.87,,,8,2,ScCi,12,4862,,,30.1,,,,
146,2025-05-21 13:00,28.2,,1.2,340,60,22.8,19.6,999.2,1006,0,1.5,,,9,2,ScCi,13,4453,,,28.9,,,,
146,2025-05-21 14:00,28.2,,.7,340,60,22.8,19.6,998.7,1005.5,0,1.2,,,10,1,ScAs,15,4480,,,28.7,,,,
146,2025-05-21 15:00,27.8,,1,270,61,22.7,19.5,998.1,1004.9,0,.94,,,10,8,ScAs,12,4762,,,27.6,,,,
146,2025-05-21 16:00,27.4,,1.1,340,67,24.4,20.7,997.4,1004.2,0,.57,,,10,5,ScAs,11,4785,,,26,,,,
146,2025-05-21 17:00,27.7,,.6,320,65,24.1,20.5,996.9,1003.7,0,.77,,,9,2,ScCi,10,4753,,,26.4,,,,
146,2025-05-21 18:00,27.8,,.6,340,68,25.3,21.3,996.8,1003.6,0,.56,,,9,0,Ci,,4962,,,25.7,,,,
146,2025-05-21 19:00,25.9,,1.7,270,73,24.3,20.6,997.1,1003.9,0,.26,,,9,8,,10,4754,,,24,,,,
146,2025-05-21 20:00,24.5,,1.4,230,75,22.9,19.7,997.9,1004.8,0,.03,,,8,4,,12,4384,,,22.3,,,,
146,2025-05-21 21:00,23.3,,1.9,230,79,22.5,19.4,998.6,1005.5,,,,,8,8,Sc,18,4516,,,21.3,,,,
146,2025-05-21 22:00,22.7,,1,270,82,22.5,19.4,999.3,1006.2,,,,,7,0,,,4544,,,20.7,,,,
146,2025-05-21 23:00,22.2,,1.6,250,84,22.4,19.3,1000,1006.9,,,,,7,7,,6,3212,,,21,,,,
146,2025-05-22 00:00,22.1,,.6,250,84,22.2,19.2,1000.1,1007,,,,,9,9,St,5,3313,,,21,,,,
146,2025-05-22 01:00,22,,1.3,230,85,22.4,19.3,999.3,1006.2,,,,,2,2,,4,2594,,,20.7,,,,
146,2025-05-22 02:00,22,,.6,270,86,22.7,19.5,999.2,1006.1,,,,,6,6,,5,2426,,,20.8,,,,
146,2025-05-22 03:00,22,,1,320,86,22.7,19.5,999.6,1006.6,,,,,3,3,St,5,1856,,,20.7,,,,
146,2025-05-22 04:00,21.5,,.8,230,88,22.5,19.4,999.4,1006.4,,,,,7,7,St,5,1922,,,20.2,,,,
146,2025-05-22 05:00,20.9,,.3,0,91,22.4,19.3,999.5,1006.5,,,,,7,7,St,5,1413,,,19.7,,,,
146,2025-05-22 06:00,20.4,,.4,0,92,22,19,999.6,1006.6,0,.04,,,0,0,,,879,,19,19.3,,,,
146,2025-05-22 07:00,20.9,,1.1,340,91,22.4,19.3,1000.2,1007.2,0,.22,,,10,10,As,30,553,,19,21.1,,,,
146,2025-05-22 08:00,20.8,,.6,250,90,22,19,1000.6,1007.6,0,.45,,,9,9,St,3,637,,19,22.6,,,,
146,2025-05-22 09:00,21.8,,1.4,230,86,22.4,19.3,1000.5,1007.5,0,.87,,,9,9,St,2,806,,19,25,,,,
146,2025-05-22 10:00,21.7,,2.2,250,86,22.2,19.2,1000.5,1007.5,0,1,,,10,10,St,2,748,,19,25.1,,,,
146,2025-05-22 11:00,22.3,,1.4,250,84,22.5,19.4,1000.4,1007.3,0,1.19,,,9,9,St,2,873,,19,26.4,,,,
146,2025-05-22 12:00,23.3,,1.8,290,82,23.4,20,1000.2,1007.1,.2,1.88,,,8,8,Sc,4,980,,19,27.4,,,,
146,2025-05-22 13:00,24.2,,1.6,290,79,23.8,20.3,999.8,1006.7,0,1.89,,,8,8,Sc,4,1650,,19,29.5,,,,
146,2025-05-22 14:00,24.3,,2.1,290,76,22.9,19.7,999.9,1006.8,.3,2.52,,,7,7,Sc,5,1884,,,31.1,,,,
146,2025-05-22 15:00,22.8,,2.5,320,81,22.4,19.3,1000.2,1007.1,.1,1,,,9,9,Sc,4,3048,,,26,,,,
146,2025-05-22 16:00,22.3,,1.8,270,81,21.7,18.8,1000.5,1007.4,.1,.98,,,9,9,Sc,4,3583,,,25.4,,,,
146,2025-05-22 17:00,21.4,,2.6,270,83,21,18.3,1000.6,1007.6,0,.46,,,8,8,Sc,4,3598,,,23.8,,,,
146,2025-05-22 18:00,21,,1.5,340,84,20.8,18.1,1000.7,1007.7,0,.28,,,7,7,Sc,4,2871,,,22.9,,,,
146,2025-05-22 19:00,20.9,,.4,0,85,20.9,18.2,1000.7,1007.7,0,.08,,,7,7,,5,2737,,,21.9,,,,
146,2025-05-22 20:00,21,,.9,360,86,21.3,18.5,1000.9,1007.9,0,.01,,,6,6,,4,2823,,,21.3,,,,
146,2025-05-22 21:00,20.7,,2,340,87,21.2,18.4,1001.7,1008.7,,,,,10,10,St,4,2507,,,20.8,,,,
146,2025-05-22 22:00,21.1,,.2,0,86,21.4,18.6,1001.7,1008.7,,,,,10,4,,4,2255,,,20.8,,,,
146,2025-05-22 23:00,21.1,,0,0,86,21.4,18.6,1001.8,1008.8,,,,,7,5,,4,1888,,,20.7,,,,
146,2025-05-23 00:00,21.5,,1,140,80,20.4,17.8,1002.1,1009.1,,,,,10,8,StAs,,2264,,,20.4,,,,
146,2025-05-23 01:00,21.2,,1.2,230,78,19.6,17.2,1002.9,1009.9,,,,,9,9,,5,2165,,,20.1,,,,
146,2025-05-23 02:00,20.7,,2,200,77,18.8,16.5,1002.8,1009.8,,,,,6,6,,9,3561,,,19.5,,,,
146,2025-05-23 03:00,20.3,,.9,180,78,18.5,16.3,1002.7,1009.7,,,,,9,9,Sc,10,3844,,,19.2,,,,
146,2025-05-23 04:00,20,,.7,180,78,18.2,16,1002.6,1009.6,,,,,9,5,ScAs,11,3970,,,19.1,,,,
146,2025-05-23 05:00,18.9,,.9,320,92,20,17.5,1002.9,1010,,,,,9,6,ScCi,8,1872,,,19,,,,
146,2025-05-23 06:00,18.1,,1,340,95,19.6,17.2,1002.7,1009.8,0,.04,,,9,2,ScCi,10,554,,19,18.4,,,,
146,2025-05-23 07:00,18.8,,.9,360,87,18.8,16.5,1003.1,1010.2,0,.29,,,9,2,ScCi,10,1641,,19,19.3,,,,
146,2025-05-23 08:00,19.7,,.8,360,70,16,14,1003.9,1010.9,0,.59,,,9,2,ScAs,14,3203,,,20.5,,,,
146,2025-05-23 09:00,20.4,,.6,320,64,15.3,13.3,1003.8,1010.8,0,.74,,,9,8,ScAs,15,4009,,,21.8,,,,
146,2025-05-23 10:00,21.8,,1.2,160,50,13,10.9,1003.9,1010.9,.1,1.19,,,9,7,ScAs,14,3781,,,23.6,,,,
146,2025-05-23 11:00,22.3,,1.5,90,46,12.4,10.1,1003.5,1010.5,0,1.33,,,10,8,ScAs,14,3692,,,23.7,,,,
146,2025-05-23 12:00,23.5,,.8,140,41,11.8,9.4,1003.2,1010.1,0,1.49,,,10,5,ScAs,15,3663,,,25.8,,,,
146,2025-05-23 13:00,24.1,,1,110,39,11.6,9.2,1003,1009.9,0,1.84,,,10,5,ScAs,18,3620,,,27.3,,,,
146,2025-05-23 14:00,24.6,,1.1,180,41,12.6,10.4,1002.9,1009.8,.2,1.8,,,9,3,ScAs,18,3567,,,26.7,,,,
146,2025-05-23 15:00,23.7,,2.1,140,42,12.3,10,1002.1,1009,0,.86,,,10,6,ScAs,14,2782,,,24.1,,,,
146,2025-05-23 16:00,24.1,,1.8,160,41,12.3,10,1002,1008.9,.1,1.34,,,9,5,ScAs,15,3202,,,24.9,,,,
146,2025-05-23 17:00,23.8,,2.7,90,41,12,9.7,1002.1,1009,0,.88,,,9,9,As,35,3106,,,23.4,,,,
146,2025-05-23 18:00,23.3,,1.2,140,43,12.3,10,1002.3,1009.2,0,.44,,,9,3,ScAs,15,3052,,,21.8,,,,
146,2025-05-23 19:00,22.5,,1.1,90,44,11.9,9.6,1002.7,1009.7,0,.13,,,8,8,,20,3057,,,20.4,,,,
146,2025-05-23 20:00,21.9,,.6,160,48,12.5,10.3,1003.2,1010.2,0,.01,,,10,6,,18,2925,,,19.6,,,,
146,2025-05-23 21:00,21.3,0,1.6,140,48,12.1,9.8,1003.3,1010.3,,,,,9,9,As,28,2977,,01,18.9,,,,
146,2025-05-23 22:00,21.1,,1,110,46,11.5,9,1003.2,1010.2,,,,,10,9,,19,2839,,,18.4,,,,
146,2025-05-23 23:00,21,,1.1,110,46,11.4,8.9,1003.1,1010.1,,,,,10,10,,18,2987,,,18.2,,,,
146,2025-05-24 00:00,20.6,,.8,140,48,11.6,9.1,1002.9,1009.9,,,,,10,10,Sc,,3093,,,18.1,,,,
146,2025-05-24 01:00,19.9,,1,50,51,11.8,9.4,1002.4,1009.4,,,,,10,7,,19,2954,,,18,,,,
146,2025-05-24 02:00,19,,1.5,20,58,12.7,10.5,1001.7,1008.7,,,,,10,9,,19,2893,,,17.7,,,,
146,2025-05-24 03:00,18.7,,1.3,50,56,12,9.7,1001.6,1008.7,,,,,10,3,ScAs,15,3051,,,17.2,,,,
146,2025-05-24 04:00,18,,1.2,20,54,11.1,8.5,1001.5,1008.6,,,,,10,7,ScAs,15,3112,,,16.9,,,,
146,2025-05-24 05:00,17.7,,1.5,20,48,9.7,6.5,1001,1008.1,,,,,10,4,ScAs,15,3563,,,16.5,,,,
146,2025-05-24 06:00,18.1,,1.3,70,47,9.7,6.5,1000.9,1008,0,.01,,,10,5,ScAs,17,3821,,,16.3,,,,
146,2025-05-24 07:00,17.5,,1.4,20,52,10.4,7.5,1000.8,1007.9,0,.1,,,9,6,ScAs,17,3915,,,16.8,,,,
146,2025-05-24 08:00,18.2,,1.4,90,46,9.5,6.3,1000.8,1007.9,0,.33,,,10,4,ScAs,15,4440,,,17.5,,,,
146,2025-05-24 09:00,18.7,,1.4,20,52,11.2,8.6,1000.4,1007.4,0,.52,,,10,5,ScAs,15,4343,,,19.3,,,,
146,2025-05-24 10:00,19.5,,1.4,70,49,11,8.4,1000.2,1007.2,0,1.31,,,10,4,ScAs,15,4367,,,21.7,,,,
146,2025-05-24 11:00,19.9,,1.3,360,48,11.1,8.5,1000.2,1007.2,0,1.3,,,10,7,ScAs,15,4051,,,23.2,,,,
146,2025-05-24 12:00,20.3,,1.3,320,51,12.1,9.8,999.7,1006.7,.1,1.64,,,10,4,ScAs,15,3388,,,24.4,,,,
146,2025-05-24 13:00,20.1,,2.4,340,53,12.4,10.2,999.5,1006.5,0,.93,,,10,7,ScAs,15,4330,,,22.6,,,,
146,2025-05-24 14:00,19.6,,2.8,360,56,12.7,10.5,999.4,1006.4,0,.95,,,10,7,ScAs,15,4408,,,22.3,,,,
146,2025-05-24 15:00,18.9,0,2,340,59,12.9,10.7,999.3,1006.3,0,.68,,,10,7,ScAs,15,4226,,01,20.8,,,,
146,2025-05-24 16:00,18.2,0,2.3,360,67,13.9,11.9,999.4,1006.5,0,.59,,,10,7,ScAs,15,3927,,01,21.3,,,,
146,2025-05-24 17:00,18,,1.5,360,68,13.9,11.9,999.7,1006.8,0,.64,,,10,9,ScAs,17,4486,,,20.4,,,,
146,2025-05-24 18:00,16.9,,2,20,69,13.2,11.1,999.9,1007,0,.25,,,10,8,ScAs,17,4928,,,18.6,,,,
146,2025-05-24 19:00,16.7,,1.4,70,68,12.9,10.7,1000.2,1007.3,0,.2,,,9,5,,26,4944,,,17.6,,,,
146,2025-05-24 20:00,16,,1.5,50,69,12.5,10.3,1001,1008.1,0,.04,,,7,7,,27,5000,,,16.4,,,,
146,2025-05-24 21:00,15.8,,1.4,360,69,12.4,10.1,1002.1,1009.2,,,,,10,9,ScAs,16,5000,,,16.2,,,,
146,2025-05-24 22:00,15.2,,1.6,20,72,12.4,10.1,1003.1,1010.3,,,,,7,7,,13,5000,,,15.6,,,,
146,2025-05-24 23:00,15.6,,1.5,360,69,12.2,9.9,1003.6,1010.8,,,,,9,9,,13,5000,,,15.8,,,,
146,2025-05-25 00:00,15.3,,1.6,360,70,12.1,9.8,1004.2,1011.4,,,,,9,9,,,5000,,,15.6,,,,
146,2025-05-25 01:00,15,,2,20,72,12.2,9.9,1004.3,1011.5,,,,,9,5,,16,5000,,,15.1,,,,
146,2025-05-25 02:00,14,,.8,50,76,12.1,9.8,1004.5,1011.7,,,,,4,2,,16,5000,,,14.3,,,,
146,2025-05-25 03:00,13.6,,1.9,340,80,12.4,10.2,1004.9,1012.1,,,,,2,2,Sc,10,5000,,,13.1,,,,
146,2025-05-25 04:00,12.6,,1.3,340,84,12.2,9.9,1005.3,1012.5,,,,,0,0,,,4972,,,12.5,,,,
146,2025-05-25 05:00,12.2,,1.3,340,86,12.2,9.9,1005.9,1013.2,,,,,0,0,,,4912,,,12,,,,
146,2025-05-25 06:00,12.5,,.7,340,85,12.3,10,1006.6,1013.9,.4,.06,,,0,0,,,4836,,,11.9,,,,
146,2025-05-25 07:00,13.9,,.3,0,78,12.4,10.1,1007.3,1014.5,1,.5,,,0,0,,,4760,,,13.5,,,,
146,2025-05-25 08:00,15.6,,.6,290,73,12.9,10.7,1007.9,1015.1,1,1.14,,,0,0,,,4775,,,16.7,,,,
146,2025-05-25 09:00,16.9,,.7,320,65,12.4,10.2,1008.1,1015.3,1,1.83,,,0,0,,,4099,,,21.5,,,,
146,2025-05-25 10:00,18.8,,1.6,320,58,12.5,10.3,1008.4,1015.5,1,2.43,,,0,0,,,4525,,,25.6,,,,
146,2025-05-25 11:00,19.4,,1,250,53,11.9,9.5,1008.2,1015.3,1,2.95,,,0,0,,,4467,,,29.2,,,,
146,2025-05-25 12:00,20.3,,1.1,20,51,12.1,9.8,1007.9,1015,1,3.23,,,0,0,,,4203,,,32.3,,,,
146,2025-05-25 13:00,22.2,,2.1,290,50,13.3,11.2,1007.8,1014.8,1,3.34,,,0,0,,,4172,,,34.4,,,,
146,2025-05-25 14:00,22.5,,2.1,290,50,13.6,11.5,1007.6,1014.6,1,3.22,,,1,1,Sc,12,3930,,,35,,,,
146,2025-05-25 15:00,22.4,,3.4,290,53,14.3,12.3,1007.6,1014.6,1,2.83,,,0,0,,,3651,,,34,,,,
146,2025-05-25 16:00,21.9,,3.1,270,51,13.3,11.2,1007.5,1014.5,1,2.4,,,0,0,,,4281,,,31.8,,,,
146,2025-05-25 17:00,21.7,,2.7,270,48,12.4,10.2,1007.8,1014.8,1,1.79,,,0,0,,,3962,,,27.3,,,,
146,2025-05-25 18:00,20.7,,2.6,270,51,12.4,10.1,1007.9,1014.9,1,1.07,,,0,0,,,4338,,,23.7,,,,
146,2025-05-25 19:00,19.3,,1.4,270,61,13.6,11.5,1008.4,1015.5,.9,.41,,,0,0,,,3374,,,20.6,,,,
146,2025-05-25 20:00,18.1,,2,250,64,13.2,11.1,1009.1,1016.2,0,.04,,,0,0,,,3566,,,18.1,,,,
146,2025-05-25 21:00,16.9,,1.8,270,72,13.8,11.8,1009.9,1017.1,,,,,0,0,,,3423,,,16.6,,,,
146,2025-05-25 22:00,16.1,,.8,230,75,13.7,11.6,1010.4,1017.6,,,,,0,0,,,3448,,,15.5,,,,
146,2025-05-25 23:00,15.9,,.8,250,74,13.3,11.2,1010.6,1017.8,,,,,0,0,,,3619,,,14.6,,,,
146,2025-05-26 00:00,15.2,,1,140,79,13.6,11.5,1010.5,1017.7,,,,,4,0,,,2764,,,14.1,,,,
146,2025-05-26 01:00,14.4,,1.2,140,82,13.4,11.3,1010.2,1017.4,,,,,6,0,,,2977,,,13.9,,,,
146,2025-05-26 02:00,14.3,,1,90,82,13.3,11.2,1010.1,1017.3,,,,,8,6,,73,2939,,,13.7,,,,
146,2025-05-26 03:00,14.3,,1,110,80,12.9,10.8,1009.6,1016.8,,,,,9,0,Ci,,3164,,,13.7,,,,
146,2025-05-26 04:00,14.2,,1.2,140,78,12.6,10.4,1009.8,1017,,,,,7,0,Ci,,3305,,,13.3,,,,
146,2025-05-26 05:00,13.9,,1.1,140,79,12.5,10.3,1010.3,1017.5,,,,,5,0,Ci,,3375,,,12.5,,,,
146,2025-05-26 06:00,13.4,,1,90,80,12.3,10,1010.8,1018.1,0,.04,,,6,0,Ci,,3115,,,12.7,,,,
146,2025-05-26 07:00,15.5,,1.1,140,72,12.6,10.4,1011.2,1018.4,.6,.45,,,1,0,Ci,,3464,,,14.5,,,,
146,2025-05-26 08:00,17.8,,.6,140,63,12.8,10.6,1011,1018.1,1,1.15,,,7,0,Ci,,3307,,,17.6,,,,
146,2025-05-26 09:00,19.2,,.8,320,53,11.7,9.3,1011,1018.1,1,1.87,,,7,0,Ci,,3717,,,21.9,,,,
146,2025-05-26 10:00,21.5,,1.2,230,46,11.7,9.3,1011,1018,1,2.47,,,2,0,Ci,,2904,,,27.2,,,,
146,2025-05-26 11:00,21.8,,1,200,44,11.4,8.9,1010.8,1017.8,1,2.71,,,7,0,Ci,,3415,,,28,,,,
146,2025-05-26 12:00,23.5,,1.1,290,43,12.4,10.1,1010.5,1017.5,.9,2.66,,,4,0,Ci,,3399,,,32.9,,,,
146,2025-05-26 13:00,25,,1.5,250,40,12.6,10.4,1010.4,1017.3,1,3.38,,,1,0,Ci,,2492,,,36.1,,,,
146,2025-05-26 14:00,25.5,,2.3,250,37,12,9.7,1010,1016.9,1,3.29,,,0,0,,,2619,,,36.8,,,,
146,2025-05-26 15:00,25.6,,3.1,270,35,11.4,8.9,1009.6,1016.5,1,2.86,,,0,0,,,2280,,,35.5,,,,
146,2025-05-26 16:00,25,,2.9,270,49,15.5,13.5,1009.4,1016.3,1,2.27,,,1,0,Ci,,2453,,,32.7,,,,
146,2025-05-26 17:00,23.7,,3,290,51,14.9,12.9,1009.3,1016.3,1,1.53,,,0,0,,,2110,,,28.6,,,,
146,2025-05-26 18:00,22.6,,1.6,290,53,14.5,12.5,1009.6,1016.6,1,1.01,,,0,0,,,2003,,,25.2,,,,
146,2025-05-26 19:00,21.1,,1.3,290,53,13.2,11.1,1009.8,1016.8,.8,.38,,,0,0,,,1987,,,21.7,,,,
146,2025-05-26 20:00,20.1,,.8,270,56,13.1,11,1010.3,1017.4,0,.04,,,0,0,,,1931,,,19.1,,,,
146,2025-05-26 21:00,18.8,,1,360,65,14,12,1010.5,1017.6,,,,,0,0,,,1636,,,17.3,,,,
146,2025-05-26 22:00,18.7,,.6,90,66,14.2,12.2,1011,1018.1,,,,,0,0,,,1870,,,16.4,,,,
146,2025-05-26 23:00,18,,0,0,67,13.7,11.7,1011.4,1018.5,,,,,0,0,,,2183,,,15.6,,,,
146,2025-05-27 00:00,17.5,,.7,110,68,13.6,11.5,1011.5,1018.6,,,,,0,0,,,2181,,,14.9,,,,
146,2025-05-27 01:00,16,,1.3,140,74,13.4,11.3,1011.4,1018.6,,,,,0,0,,,2130,,,14.3,,,,
146,2025-05-27 02:00,15.2,,1.1,140,76,13,10.9,1011.4,1018.6,,,,,0,0,,,2059,,,13.8,,,,
146,2025-05-27 03:00,14.9,,1.3,140,76,12.8,10.6,1011.3,1018.5,,,,,0,0,,,2138,,,13.5,,,,
146,2025-05-27 04:00,14.6,,1.5,140,76,12.6,10.4,1011.2,1018.4,,,,,0,0,,,2147,,,13.1,,,,
146,2025-05-27 05:00,14.8,,1.2,140,73,12.2,9.9,1011.5,1018.7,,,,,0,0,,,2415,,,12.9,,,,
146,2025-05-27 06:00,15.5,,.8,110,69,12.1,9.8,1012.2,1019.4,0,.05,,,0,0,,,2472,,,13.2,,,,
146,2025-05-27 07:00,16.9,,1,110,66,12.6,10.4,1012.7,1019.9,.8,.42,,,0,0,,,2580,,,15.1,,,,
146,2025-05-27 08:00,19.4,,.7,200,58,13,10.9,1012.8,1019.9,1,1.01,,,0,0,,,1220,,,18.1,,,,
146,2025-05-27 09:00,21.4,,.7,180,47,11.9,9.6,1012.6,1019.7,1,1.69,,,4,0,Ci,,2690,,,22.5,,,,
146,2025-05-27 10:00,22.4,,1.6,230,48,12.9,10.8,1012.4,1019.4,1,2.34,,,0,0,,,2221,,,27.1,,,,
146,2025-05-27 11:00,23.3,,2,270,47,13.4,11.3,1012.4,1019.4,1,2.82,,,0,0,,,1794,,,31.4,,,,
146,2025-05-27 12:00,24.2,,1.4,250,44,13.2,11.1,1012.1,1019.1,1,3.11,,,0,0,,,1352,,,34.6,,,,
146,2025-05-27 13:00,25.3,,1.7,290,44,14.1,12.1,1011.7,1018.6,1,3.18,,,0,0,,,1813,,,36.3,,,,
146,2025-05-27 14:00,25.3,,2.8,290,39,12.5,10.3,1011.1,1018,1,2.89,,,4,0,Ci,,1853,,,35.5,,,,
146,2025-05-27 15:00,25.3,,3.4,270,41,13.1,11,1010.7,1017.6,1,2.74,,,0,0,,,1669,,,35,,,,
146,2025-05-27 16:00,25.8,,1.7,270,43,14.2,12.2,1010.2,1017.1,1,2.21,,,2,0,Ci,,1537,,,33,,,,
146,2025-05-27 17:00,24.8,,2.4,270,45,14,12,1010,1016.9,1,1.56,,,0,0,,,1476,,,29,,,,
146,2025-05-27 18:00,24,,2,270,48,14.3,12.3,1010.2,1017.2,1,.9,,,3,0,Ci,,1745,,,25.6,,,,
146,2025-05-27 19:00,21.9,,.8,290,55,14.4,12.4,1010.7,1017.7,.3,.32,,,0,0,,,1954,,,22.4,,,,
146,2025-05-27 20:00,20,,1.6,270,58,13.5,11.4,1011.4,1018.5,0,.03,,,0,0,,,2155,,,19.7,,,,
146,2025-05-27 21:00,18.9,,1.9,250,63,13.7,11.6,1012.1,1019.2,,,,,0,0,,,1811,,,18.2,,,,
146,2025-05-27 22:00,18.4,,.5,290,69,14.6,12.6,1012.5,1019.6,,,,,0,0,,,1580,,,17.2,,,,
146,2025-05-27 23:00,18.2,,.7,270,73,15.2,13.2,1012.5,1019.6,,,,,0,0,,,1300,,,16.3,,,,
146,2025-05-28 00:00,17.4,,.7,110,73,14.5,12.5,1012.2,1019.3,,,,,0,0,,,1624,,,15.6,,,,
146,2025-05-28 01:00,16.8,,1.3,140,76,14.5,12.5,1011.8,1019,,,,,0,0,,,1556,,,15,,,,
146,2025-05-28 02:00,16.2,,.5,140,78,14.3,12.3,1011.7,1018.9,,,,,0,0,,,1450,,,14.5,,,,
146,2025-05-28 03:00,15.8,,1.2,140,79,14.1,12.1,1011.8,1019,,,,,0,0,,,1398,,,14,,,,
146,2025-05-28 04:00,14.9,,.9,140,82,13.8,11.8,1011.5,1018.7,,,,,0,0,,,1313,,,13.6,,,,
146,2025-05-28 05:00,14.4,,1.8,140,83,13.6,11.5,1011.7,1018.9,,,,,0,0,,,1223,,,13.3,,,,
146,2025-05-28 06:00,14.6,,.7,140,82,13.6,11.5,1011.7,1018.9,0,.04,,,2,0,Ci,,1265,,,13.5,,,,
146,2025-05-28 07:00,16.5,,.7,140,72,13.5,11.4,1012,1019.2,.8,.41,,,0,0,,,1502,,,15.3,,,,
146,2025-05-28 08:00,18.9,,.3,0,65,14.1,12.1,1011.7,1018.8,1,1.01,,,0,0,,,1533,,,18.3,,,,
146,2025-05-28 09:00,20.4,,1,320,59,14.1,12.1,1011.9,1019,1,1.67,,,0,0,,,1595,,,22.6,,,,
146,2025-05-28 10:00,22.2,,1,320,55,14.7,12.7,1012,1019,1,2.28,,,0,0,,,1220,,,27.4,,,,
146,2025-05-28 11:00,24.3,,1.2,230,47,14.2,12.2,1011.8,1018.8,1,2.76,,,0,0,,,1375,,,32,,,,
146,2025-05-28 12:00,25.3,,1.2,320,39,12.5,10.3,1011.3,1018.2,1,3.11,,,0,0,,,2085,,,35.5,,,,
146,2025-05-28 13:00,27.3,,2,360,35,12.6,10.4,1010.8,1017.7,1,3.26,,,0,0,,,2770,,,37.8,,,,
146,2025-05-28 14:00,27.1,,1.9,320,39,13.9,11.9,1010,1016.9,1,3.16,,,0,0,,,2191,,,38.2,,,,
146,2025-05-28 15:00,27.2,,2.2,320,40,14.4,12.4,1009.3,1016.2,1,2.79,,,0,0,,,2152,,,37.3,,,,
146,2025-05-28 16:00,27.1,,2.2,270,38,13.6,11.5,1009,1015.9,1,2.35,,,0,0,,,2737,,,35,,,,
146,2025-05-28 17:00,26.3,,2.8,270,41,13.9,11.9,1008.9,1015.8,1,1.73,,,0,0,,,2659,,,30.6,,,,
146,2025-05-28 18:00,25.4,,3.3,270,36,11.6,9.2,1008.9,1015.8,1,1.09,,,0,0,,,3675,,,26.6,,,,
146,2025-05-28 19:00,23.3,,1.9,270,47,13.4,11.3,1009.4,1016.4,.9,.42,,,0,0,,,3329,,,23.3,,,,
146,2025-05-28 20:00,21.8,,2,250,55,14.3,12.3,1010.1,1017.1,0,.04,,,0,0,,,2381,,,20.9,,,,
146,2025-05-28 21:00,21.1,,1.4,230,58,14.5,12.5,1010.7,1017.8,,,,,0,0,,,2224,,,19.4,,,,
146,2025-05-28 22:00,20.3,,.4,0,62,14.7,12.7,1011.1,1018.2,,,,,0,0,,,2033,,,18,,,,
146,2025-05-28 23:00,18.5,,1,360,74,15.7,13.7,1011.1,1018.2,,,,,0,0,,,1102,,,17,,,,
146,2025-05-29 00:00,17.7,,1,50,72,14.5,12.5,1010.8,1017.9,,,,,0,0,,,1533,,,16.3,,,,
146,2025-05-29 01:00,17.6,,.8,140,70,14,12,1010.3,1017.4,,,,,0,0,,,2351,,,15.7,,,,
146,2025-05-29 02:00,17.2,,1,110,72,14.1,12.1,1010,1017.2,,,,,0,0,,,2215,,,15.1,,,,
146,2025-05-29 03:00,16.2,,.7,70,77,14.1,12.1,1009.4,1016.6,,,,,0,0,,,1708,,,14.5,,,,
146,2025-05-29 04:00,15.7,,1.6,140,80,14.2,12.2,1009.5,1016.7,,,,,0,0,,,1763,,,14,,,,
146,2025-05-29 05:00,15.2,,1.3,110,82,14.1,12.1,1009.3,1016.5,,,,,0,0,,,1627,,,13.6,,,,
146,2025-05-29 06:00,15.3,,1.6,140,81,14,12,1009.3,1016.5,0,.05,,,0,0,,,1444,,,14,,,,
146,2025-05-29 07:00,16.9,,.3,0,74,14.2,12.2,1009.5,1016.7,.9,.42,,,0,0,,,1384,,,15.7,,,,
146,2025-05-29 08:00,18.6,,.7,360,66,14.1,12.1,1009.6,1016.7,1,1.04,,,0,0,,,1412,,,18.8,,,,
146,2025-05-29 09:00,21.2,,.7,360,59,14.8,12.8,1009.7,1016.7,1,1.72,,,0,0,,,1374,,,23.5,,,,
146,2025-05-29 10:00,23.2,,1.2,340,54,15.3,13.3,1009.4,1016.4,1,2.34,,,0,0,,,1436,,,28.7,,,,
146,2025-05-29 11:00,25.1,,1.5,360,41,13,10.9,1008.9,1015.8,1,2.83,,,0,0,,,1957,,,33.3,,,,
146,2025-05-29 12:00,25.9,,1.8,320,40,13.3,11.2,1008.4,1015.3,1,3.09,,,0,0,,,2340,,,36.6,,,,
146,2025-05-29 13:00,26.6,,2.2,340,42,14.6,12.6,1007.7,1014.6,1,3.25,,,0,0,,,2016,,,38.6,,,,
146,2025-05-29 14:00,27.2,,2.6,290,35,12.5,10.3,1006.9,1013.8,1,3.14,,,0,0,,,2827,,,39,,,,
146,2025-05-29 15:00,27.2,,3.2,340,39,14,12,1006.2,1013.1,1,2.86,,,1,1,Sc,10,2965,,,38,,,,
146,2025-05-29 16:00,26.9,,3.4,340,37,13,10.9,1005.8,1012.7,1,2.31,,,1,1,Sc,15,2752,,,35,,,,
146,2025-05-29 17:00,24.4,5.7,2.7,290,57,17.4,15.3,1005.3,1012.2,.7,1.34,,,5,5,Sc,11,1998,,04,29.1,,,,
146,2025-05-29 18:00,24.6,,3.3,340,48,14.8,12.8,1005.5,1012.4,1,1.25,,,3,3,Ac,30,1808,,,24.5,,,,
146,2025-05-29 19:00,23.9,,2.1,340,49,14.5,12.5,1005.7,1012.6,.9,.43,,,3,0,,,1531,,,22,,,,
146,2025-05-29 20:00,22.3,,2.5,250,61,16.4,14.4,1005.8,1012.8,0,.06,,,7,1,,73,1648,,,20.2,,,,
146,2025-05-29 21:00,21,,1.4,250,63,15.6,13.6,1006.7,1013.7,,,,,8,0,Ci,,1642,,,19.4,,,,
146,2025-05-29 22:00,20.2,,.9,250,64,15.1,13.1,1007.1,1014.2,,,,,3,2,,,1552,,,18.1,,,,
146,2025-05-29 23:00,19.6,,.9,200,68,15.5,13.5,1006.7,1013.8,,,,,6,6,,62,1246,,,17.6,,,,
146,2025-05-30 00:00,18.7,,1,250,72,15.5,13.5,1006.7,1013.7,,,,,0,0,,,1207,,,16.7,,,,
146,2025-05-30 01:00,18.8,,1.2,230,67,14.5,12.5,1006.7,1013.8,,,,,8,8,,37,1321,,,17.2,,,,
146,2025-05-30 02:00,18.2,,.9,110,71,14.8,12.8,1006.4,1013.5,,,,,7,7,,30,1744,,,17,,,,
146,2025-05-30 03:00,17.3,,.6,340,77,15.2,13.2,1006.3,1013.4,,,,,0,0,,,1400,,,15.5,,,,
146,2025-05-30 04:00,16.1,,1.4,140,80,14.6,12.6,1006.1,1013.3,,,,,0,0,,,1673,,,14.9,,,,
146,2025-05-30 05:00,16.4,,.7,140,78,14.5,12.5,1006.4,1013.6,,,,,0,0,,,1821,,,14.3,,,,
146,2025-05-30 06:00,16,,.7,160,81,14.7,12.7,1006.6,1013.8,.1,.06,,,0,0,,,1391,,,14.6,,,,
146,2025-05-30 07:00,17.4,,.6,110,74,14.7,12.7,1007,1014.1,1,.47,,,0,0,,,1271,,,16.5,,,,
146,2025-05-30 08:00,18.9,,.4,0,70,15.3,13.3,1007.1,1014.2,1,1.09,,,0,0,,,1073,,,19.7,,,,
146,2025-05-30 09:00,20.8,,.8,270,58,14.2,12.2,1007,1014,1,1.59,,,2,2,Ac,35,1190,,,24.2,,,,
146,2025-05-30 10:00,22.4,,1.3,340,57,15.4,13.4,1006.6,1013.6,1,2.19,,,0,0,,,990,,40,27.5,,,,
146,2025-05-30 11:00,22.9,,1.9,290,50,13.9,11.9,1006.6,1013.6,1,2.54,,,0,0,,,1109,,40,29,,,,
146,2025-05-30 12:00,24.1,,1.7,340,51,15.3,13.3,1006.4,1013.3,1,2.76,,,2,2,Sc,15,1034,,,30,,,,
146,2025-05-30 13:00,25.4,,1.6,340,47,15.2,13.2,1005.7,1012.6,1,2.98,,,0,0,,,1105,,,30.9,,,,
146,2025-05-30 14:00,26.2,,1.7,290,41,13.8,11.8,1005.1,1012,1,2.9,,,0,0,,,1896,,,31.6,,,,
146,2025-05-30 15:00,26.2,,2.5,290,36,12.2,9.9,1004.7,1011.6,1,2.66,,,0,0,,,2417,,,31.5,,,,
146,2025-05-30 16:00,26.3,,2.6,320,37,12.6,10.4,1004.1,1011,1,2.19,,,0,0,,,2611,,,30,,,,
146,2025-05-30 17:00,26,,1.9,290,48,16.1,14.1,1003.6,1010.5,1,1.6,,,0,0,,,1556,,,27.5,,,,
146,2025-05-30 18:00,24,,3.4,270,54,16.1,14.1,1003.8,1010.7,1,1.02,,,0,0,,,1426,,,24.2,,,,
146,2025-05-30 19:00,22.5,,2.4,270,59,16,14,1004.2,1011.2,.8,.41,,,0,0,,,1378,,,21.5,,,,
146,2025-05-30 20:00,20.3,,2.2,250,65,15.4,13.4,1004.6,1011.6,0,.05,,,0,0,,,1587,,,19.2,,,,
146,2025-05-30 21:00,20.3,,.5,250,65,15.4,13.4,1004.6,1011.6,,,,,0,0,,,1531,,,17.6,,,,
146,2025-05-30 22:00,19,,.9,250,72,15.8,13.8,1005.3,1012.4,,,,,0,0,,,1358,,,16.7,,,,
146,2025-05-30 23:00,18.5,,.7,230,63,13.4,11.3,1006,1013.1,,,,,0,0,,,1448,,,16,,,,
146,2025-05-31 00:00,17.7,,.7,250,67,13.5,11.4,1005.7,1012.8,,,,,0,0,,,1311,,,15.1,,,,
146,2025-05-31 01:00,16.8,,1.2,140,81,15.5,13.5,1005.5,1012.6,,,,,4,0,,,897,,19,14.9,,,,
146,2025-05-31 02:00,16.8,,.1,0,80,15.3,13.3,1005.4,1012.5,,,,,0,0,,,990,,19,14.2,,,,
146,2025-05-31 03:00,15.9,,.6,110,80,14.4,12.4,1005.4,1012.6,,,,,0,0,,,1182,,19,13.7,,,,
146,2025-05-31 04:00,15,,.7,160,81,13.7,11.7,1005.6,1012.8,,,,,0,0,,,1471,,,13.5,,,,
146,2025-05-31 05:00,15.5,,.1,0,82,14.4,12.4,1005.9,1013.1,,,,,0,0,,,1335,,,13.2,,,,
146,2025-05-31 06:00,15.3,,.2,0,83,14.4,12.4,1006.5,1013.7,0,.07,,,0,0,,,1019,,,13.9,,,,
146,2025-05-31 07:00,17.1,,.6,140,79,15.4,13.4,1006.7,1013.8,.9,.49,,,4,0,Ci,,1272,,,15.9,,,,
146,2025-05-31 08:00,19,,.8,160,70,15.3,13.3,1006.6,1013.7,1,1.22,,,7,0,Ci,,1355,,,19.7,,,,
146,2025-05-31 09:00,20.6,,.6,200,64,15.5,13.5,1006.6,1013.6,1,1.57,,,8,0,Ci,,1640,,,22.4,,,,
146,2025-05-31 10:00,21.5,,1,250,60,15.4,13.4,1006.2,1013.2,.7,1.74,,,8,0,Ci,,1481,,,24.3,,,,
146,2025-05-31 11:00,22.3,,2.2,360,62,16.6,14.6,1005.8,1012.8,.6,1.96,,,8,0,Ci,,1068,,,25.9,,,,
146,2025-05-31 12:00,22.9,,1.2,320,57,15.9,13.9,1005.3,1012.3,.6,2.37,,,8,0,Ci,,1351,,,27.3,,,,
146,2025-05-31 13:00,23.9,,2.2,360,54,16,14,1004.8,1011.7,.8,2.34,,,9,0,Ci,,1375,,,29.5,,,,
146,2025-05-31 14:00,24.2,,1.9,320,50,15.1,13.1,1004.2,1011.1,.4,2.1,,,8,0,Ci,,1879,,,29.7,,,,
146,2025-05-31 15:00,24.4,,1.1,320,52,15.8,13.8,1003.4,1010.3,.6,1.89,,,9,0,Ci,,1397,,,29.3,,,,
146,2025-05-31 16:00,24.3,,1.9,250,49,14.8,12.8,1003,1009.9,.1,1.34,,,8,0,Ci,,1608,,,27.7,,,,
146,2025-05-31 17:00,23.8,,3,270,49,14.4,12.4,1002.9,1009.8,0,1.08,,,9,0,Ci,,1941,,,25.9,,,,
146,2025-05-31 18:00,21.7,,2.4,290,57,14.8,12.8,1002.9,1009.9,.2,.75,,,8,0,Ci,,1391,,,23,,,,
146,2025-05-31 19:00,20.9,,2,270,63,15.5,13.5,1003.3,1010.3,.6,.4,,,6,0,,,1136,,,21,,,,
146,2025-05-31 20:00,19.8,,2.2,250,66,15.2,13.2,1003.7,1010.7,0,.05,,,7,3,,74,1191,,,19.1,,,,
146,2025-05-31 21:00,18.4,,2.8,250,74,15.6,13.6,1004.3,1011.4,,,,,7,0,Ci,,1007,,,17.8,,,,
146,2025-05-31 22:00,17.6,,.2,0,75,15.1,13.1,1004.2,1011.3,,,,,8,8,,68,1023,,,17.4,,,,
146,2025-05-31 23:00,17.3,,.7,360,77,15.2,13.2,1004.3,1011.4,,,,,8,3,,72,1001,,,16.6,,,,
146,2025-06-01 00:00,18,,.6,200,72,14.8,12.8,1004.3,1011.4,,,,,5,0,Ci,,1058,,,15.8,,,,
146,2025-06-01 01:00,17,,.8,110,78,15.1,13.1,1004,1011.1,,,,,0,0,,,1057,,,15.3,,,,
146,2025-06-01 02:00,16.7,,.6,90,80,15.2,13.2,1003.8,1010.9,,,,,0,0,,,976,,19,14.6,,,,
146,2025-06-01 03:00,16.3,,.2,0,80,14.8,12.8,1004,1011.1,,,,,0,0,,,963,,19,14.2,,,,
146,2025-06-01 04:00,15.7,,.6,110,82,14.6,12.6,1004.3,1011.5,,,,,0,0,,,973,,19,13.8,,,,
146,2025-06-01 05:00,14.9,,1.1,140,85,14.3,12.3,1004.4,1011.6,,,,,1,0,Ci,,721,,19,13.7,,,,
146,2025-06-01 06:00,15.2,,.9,110,84,14.5,12.5,1004.7,1011.9,0,.05,,,2,0,Ci,,705,,19,14,,,,
146,2025-06-01 07:00,17.1,,.2,0,76,14.8,12.8,1004.9,1012,.8,.43,,,4,0,Ci,,782,,19,15.9,,,,
146,2025-06-01 08:00,18.4,,.8,340,71,15,13,1005.2,1012.3,.9,1.09,,,6,0,Cc,,790,,19,19.3,,,,
146,2025-06-01 09:00,20.8,,.5,290,64,15.7,13.7,1004.6,1011.6,1,1.62,,,0,0,,,831,,4019,23.4,,,,
146,2025-06-01 10:00,23.5,,.6,250,57,16.4,14.4,1004.2,1011.1,1,2.37,,,0,0,,,857,,40,28.2,,,,
146,2025-06-01 11:00,25.8,,1.1,20,51,16.8,14.8,1003.6,1010.5,1,2.88,,,0,0,,,940,,40,32.8,,,,
146,2025-06-01 12:00,27,,1.5,270,49,17.4,15.3,1003.2,1010,1,3.14,,,0,0,,,1297,,40,36.1,,,,
146,2025-06-01 13:00,27.4,,2.1,250,40,14.5,12.5,1002.5,1009.3,1,3.32,,,3,3,Sc,10,2323,,,38.2,,,,
146,2025-06-01 14:00,28.8,,1.6,320,40,15.8,13.8,1001.8,1008.6,1,3.17,,,8,0,Ci,,1612,,,38.6,,,,
146,2025-06-01 15:00,28.3,,2.3,270,40,15.4,13.4,1001.1,1007.9,1,2.32,,,6,1,ScCi,10,2231,,,36.4,,,,
146,2025-06-01 16:00,27.5,,2.9,270,47,17.2,15.1,1000.8,1007.6,.9,2.17,,,7,1,ScCi,15,1237,,,33.1,,,,
146,2025-06-01 17:00,26.6,,3.2,270,48,16.6,14.6,1000.8,1007.6,.9,1.47,,,5,0,Ci,,1630,,,30.8,,,,
146,2025-06-01 18:00,25.1,,2.6,270,48,15.3,13.3,1001.1,1008,.8,.88,,,6,0,Ci,,2108,,,27.5,,,,
146,2025-06-01 19:00,24,,.7,270,52,15.5,13.5,1001.1,1008,.6,.39,,,4,0,,,2244,,,24.3,,,,
146,2025-06-01 20:00,22.7,,2.7,250,52,14.3,12.3,1001.7,1008.6,0,.04,,,7,0,,,1855,,,21.8,,,,
146,2025-06-01 21:00,20.9,,1.9,250,59,14.5,12.5,1002,1009,,,,,7,0,Ci,,1694,,,20.3,,,,
146,2025-06-01 22:00,21.2,,1.8,250,49,12.3,10,1002,1009,,,,,8,0,,,2241,,,19.4,,,,
146,2025-06-01 23:00,20.8,,.8,200,55,13.5,11.4,1001.7,1008.7,,,,,8,0,,,1896,,,18.6,,,,
146,2025-06-02 00:00,20.2,,.3,0,64,15.1,13.1,1001.4,1008.4,,,,,9,0,,,1685,,,18.3,,,,
146,2025-06-02 01:00,19,,.6,360,73,16,14,1001.1,1008.1,,,,,8,8,,73,1066,,,17.6,,,,
146,2025-06-02 02:00,19.2,,1.1,140,72,16,14,999.9,1006.9,,,,,10,6,,52,1514,,,17.9,,,,
146,2025-06-02 03:00,19.1,,.5,20,68,15,13,999.9,1006.9,,,,,10,10,As,30,1604,,,17.9,,,,
146,2025-06-02 04:00,18.3,,.6,50,71,14.9,12.9,999.7,1006.8,,,,,10,10,As,35,1559,,,17.8,,,,
146,2025-06-02 05:00,18.8,,.9,140,72,15.6,13.6,999.3,1006.3,,,,,10,10,As,38,1465,,,17.7,,,,
146,2025-06-02 06:00,18.7,,1.1,140,72,15.5,13.5,999.2,1006.2,0,.02,,,10,10,As,40,1476,,,17.8,,,,
146,2025-06-02 07:00,18.7,,.4,0,73,15.7,13.7,999,1006,0,.12,,,10,10,As,39,1441,,,18.3,,,,
146,2025-06-02 08:00,20.7,,.3,0,68,16.5,14.5,998.6,1005.6,0,.38,,,10,10,As,32,1425,,,20.2,,,,
146,2025-06-02 09:00,21.2,0,.9,320,66,16.5,14.5,998.8,1005.8,0,.78,,,10,10,As,39,1090,,01,21.7,,,,
146,2025-06-02 10:00,22,0,.9,340,67,17.6,15.5,998.5,1005.4,0,.89,,,10,10,As,33,927,,1901,22.8,,,,
146,2025-06-02 11:00,22.5,0,.5,290,63,17,15,997.9,1004.8,0,1.03,,,10,4,ScAs,10,920,,1901,24.8,,,,
146,2025-06-02 12:00,22.6,0,1.6,270,66,18.1,15.9,998.2,1005.1,0,1.34,,,10,10,As,30,1103,,1901,25.1,,,,
146,2025-06-02 13:00,21.4,.3,2.5,250,72,18.3,16.1,997.9,1004.9,0,1.05,,,10,1,ScAs,10,830,,1901,24.6,,,,
146,2025-06-02 14:00,20.6,0,2.2,250,78,18.9,16.6,997.5,1004.5,0,.87,,,10,4,ScAs,6,644,,1901,23.6,,,,
146,2025-06-02 15:00,19.4,.5,2.5,270,83,18.6,16.4,996.7,1003.7,0,.77,,,10,9,ScAs,7,515,,1901,24.8,,,,
146,2025-06-02 16:00,19.4,0,1.8,270,79,17.7,15.6,996.1,1003.1,0,.75,,,10,1,ScAs,6,815,,1901,23,,,,
146,2025-06-02 17:00,19.1,,1.4,320,76,16.7,14.7,995.5,1002.5,0,.32,,,10,6,ScAs,11,999,,19,20.9,,,,
146,2025-06-02 18:00,19.3,,.3,0,74,16.5,14.5,994.9,1001.9,0,.15,,,10,5,ScAs,16,999,,19,20.4,,,,
146,2025-06-02 19:00,19,,1.3,340,74,16.2,14.2,994.7,1001.7,0,.09,,,9,9,,13,1070,,,19.4,,,,
146,2025-06-02 20:00,19.4,,1.9,50,72,16.2,14.2,995.1,1002.1,0,.01,,,10,10,,12,1085,,19,18.7,,,,
146,2025-06-02 21:00,19.7,,4.1,90,68,15.6,13.6,994.5,1001.5,,,,,10,5,ScAs,15,3015,,,18,,,,
146,2025-06-02 22:00,19.4,,1.4,110,68,15.3,13.3,994.9,1001.9,,,,,10,10,,13,3766,,,18.1,,,,
146,2025-06-02 23:00,19.3,,.9,180,71,15.9,13.9,994.4,1001.4,,,,,8,8,,14,3414,,,18,,,,
146,2025-06-03 00:00,18.9,,.9,340,76,16.5,14.5,993.9,1000.8,,,,,10,5,ScAs,13,1329,,,18.1,,,,
146,2025-06-03 01:00,18.4,,.8,270,78,16.4,14.4,993.9,1000.9,,,,,9,9,,12,773,,19,17.8,,,,
146,2025-06-03 02:00,18.2,,.8,230,77,16,14,993.4,1000.4,,,,,8,6,,12,804,,19,17.6,,,,
146,2025-06-03 03:00,18,,1.1,250,78,16,14,993.2,1000.2,,,,,9,6,ScAs,15,810,,19,17,,,,
146,2025-06-03 04:00,17.9,,.6,250,81,16.5,14.5,993.1,1000.1,,,,,10,8,ScAs,15,813,,19,17.2,,,,
146,2025-06-03 05:00,17.1,,1.1,250,82,15.9,13.9,993.4,1000.4,,,,,5,0,Ci,,574,,19,15.7,,,,
146,2025-06-03 06:00,17,,1.4,230,81,15.7,13.7,993.7,1000.7,0,.04,,,4,2,AcCi,35,664,,19,15.7,,,,
146,2025-06-03 07:00,18.4,,.3,0,75,15.8,13.8,994.1,1001.1,.5,.41,,,3,0,Ci,,570,,19,17.3,,,,
146,2025-06-03 08:00,19.5,,.5,250,71,16,14,994.1,1001.1,1,1.02,,,1,0,Ci,,604,,19,19.9,,,,
146,2025-06-03 09:00,19.9,,2.4,250,70,16.2,14.2,994.5,1001.5,1,1.74,,,1,0,Ci,,771,,19,24,,,,
146,2025-06-03 10:00,21.9,,2,290,62,16.2,14.2,994.4,1001.3,1,2.34,,,2,0,Ci,,849,,4019,28,,,,
146,2025-06-03 11:00,22.8,,2.9,270,56,15.5,13.5,994.2,1001.1,1,2.89,,,3,0,Ci,,1327,,40,32.3,,,,
146,2025-06-03 12:00,23.8,,4.2,250,52,15.3,13.3,994.2,1001.1,1,3.18,,,4,4,Sc,14,2627,,,36.2,,,,
146,2025-06-03 13:00,23.7,,4.1,290,54,15.8,13.8,994.2,1001.1,1,3.42,,,1,1,Sc,10,3318,,,38.4,,,,
146,2025-06-03 14:00,23.6,,4.4,270,51,14.8,12.8,994.3,1001.2,1,3.23,,,3,3,Sc,12,3662,,,38.8,,,,
146,2025-06-03 15:00,23.7,,4.5,270,56,16.3,14.3,994.2,1001.1,1,3.06,,,4,4,Sc,11,3044,,,38.3,,,,
146,2025-06-03 16:00,22,,5.1,270,65,17.2,15.1,994.3,1001.2,1,2.68,,,2,2,Sc,8,2084,,,35.5,,,,
146,2025-06-03 17:00,21.7,,3.4,270,66,17,15,994.6,1001.5,1,2.09,,,1,1,Sc,8,2165,,,31.8,,,,
146,2025-06-03 18:00,21.7,,2.4,250,66,17,15,994.9,1001.8,1,1.33,,,1,1,Sc,8,2481,,,27.4,,,,
146,2025-06-03 19:00,20.9,,2.4,250,70,17.3,15.2,995.4,1002.4,1,.59,,,0,0,,,2034,,,23.5,,,,
146,2025-06-03 20:00,19.5,,2.3,250,75,16.9,14.9,996.1,1003.1,.2,.07,,,0,0,,,1683,,,20.8,,,,
146,2025-06-03 21:00,18.5,,3.2,270,82,17.4,15.3,997.1,1004.1,,,,,2,0,Ci,,1192,,,19.1,,,,
146,2025-06-03 22:00,17.6,,1.8,250,87,17.5,15.4,997.4,1004.5,,,,,3,3,,67,968,,19,18,,,,
146,2025-06-03 23:00,17.2,,1.2,200,86,16.8,14.8,997.4,1004.5,,,,,0,0,,,942,,19,16.8,,,,
146,2025-06-04 00:00,16.8,,.5,160,86,16.4,14.4,997.4,1004.5,,,,,0,0,,,1072,,19,15.5,,,,
146,2025-06-04 01:00,15.9,,.7,110,86,15.5,13.5,997.7,1004.8,,,,,0,0,,,1299,,,14.9,,,,
146,2025-06-04 02:00,15.1,,1.4,110,85,14.5,12.5,997.5,1004.6,,,,,0,0,,,1655,,,14.3,,,,
146,2025-06-04 03:00,14.3,,1.7,140,85,13.8,11.8,997.7,1004.8,,,,,0,0,,,1692,,,13.8,,,,
146,2025-06-04 04:00,13.9,,1.9,110,83,13.1,11,997.9,1005.1,,,,,0,0,,,2206,,,13.4,,,,
146,2025-06-04 05:00,13.5,,1.6,140,80,12.4,10.1,998.2,1005.4,,,,,0,0,,,2857,,,12.9,,,,
146,2025-06-04 06:00,13.8,,1.7,140,79,12.4,10.2,998.6,1005.8,.3,.06,,,0,0,,,3127,,,13.1,,,,
146,2025-06-04 07:00,16.2,,1,180,69,12.6,10.4,998.8,1005.9,1,.55,,,0,0,,,3436,,,14.4,,,,
146,2025-06-04 08:00,19,,1.2,110,60,13.1,11,999.2,1006.2,1,1.24,,,0,0,,,3515,,,18.2,,,,
146,2025-06-04 09:00,22.2,,1.1,180,48,12.8,10.6,999,1005.9,1,1.93,,,0,0,,,3771,,,24.6,,,,
146,2025-06-04 10:00,23.3,,3.7,250,41,11.6,9.2,998.6,1005.5,1,2.57,,,0,0,,,3734,,,30.6,,,,
146,2025-06-04 11:00,24.8,,3.7,270,37,11.6,9.1,998.8,1005.7,1,3.05,,,0,0,,,3724,,,35.6,,,,
146,2025-06-04 12:00,25.7,,4.3,290,30,9.9,6.8,998.7,1005.5,1,3.3,,,0,0,,,4281,,,38.9,,,,
146,2025-06-04 13:00,26.1,,3.7,290,37,12.4,10.2,998.8,1005.6,1,3.53,,,0,0,,,3620,,,40.7,,,,
146,2025-06-04 14:00,25.8,,4.8,270,36,11.9,9.5,998.4,1005.2,1,3.45,,,0,0,,,3845,,,40.7,,,,
146,2025-06-04 15:00,25.9,,3.9,270,36,11.9,9.6,998.3,1005.1,1,3.11,,,0,0,,,3619,,,39.9,,,,
146,2025-06-04 16:00,25.2,,4.2,290,38,12.1,9.8,998.6,1005.5,1,2.64,,,0,0,,,3818,,,36.9,,,,
146,2025-06-04 17:00,24.6,,4.7,290,34,10.4,7.6,999,1005.9,1,2.04,,,0,0,,,4514,,,32.5,,,,
146,2025-06-04 18:00,23.5,,4.6,270,39,11.2,8.7,999.6,1006.5,1,1.33,,,0,0,,,4646,,,27.6,,,,
146,2025-06-04 19:00,21.8,,3.2,270,48,12.4,10.2,1000.5,1007.5,1,.61,,,0,0,,,4564,,,23.6,,,,
146,2025-06-04 20:00,20.5,,2.2,270,53,12.7,10.5,1001.4,1008.4,.2,.07,,,0,0,,,4659,,,21.1,,,,
146,2025-06-04 21:00,20,,2.8,270,54,12.5,10.3,1002.3,1009.3,,,,,0,0,,,4948,,,19.4,,,,
146,2025-06-04 22:00,18.8,,2.2,250,61,13.2,11.1,1003.1,1010.2,,,,,0,0,,,4517,,,18.2,,,,
146,2025-06-04 23:00,17.9,,1.4,250,64,13,10.9,1003.4,1010.5,,,,,0,0,,,4228,,,17.2,,,,
146,2025-06-05 00:00,17.8,,1.7,270,64,12.9,10.8,1003.5,1010.6,,,,,0,0,,,4581,,,16.3,,,,
146,2025-06-05 01:00,16.8,,.9,70,69,13.1,11,1003.7,1010.8,,,,,0,0,,,3770,,,15.4,,,,
146,2025-06-05 02:00,16.5,,1.3,110,69,12.9,10.7,1004,1011.1,,,,,0,0,,,4678,,,14.6,,,,
146,2025-06-05 03:00,15.6,,.9,140,72,12.7,10.5,1004.2,1011.4,,,,,0,0,,,4743,,,14,,,,
146,2025-06-05 04:00,14.4,,1.5,140,77,12.6,10.4,1004.7,1011.9,,,,,0,0,,,4610,,,13.5,,,,
146,2025-06-05 05:00,13.9,,1.3,140,79,12.5,10.3,1004.9,1012.1,,,,,0,0,,,4396,,,13.1,,,,
146,2025-06-05 06:00,14.4,,1.3,140,76,12.4,10.2,1005.2,1012.4,.4,.07,,,0,0,,,4345,,,13.3,,,,
146,2025-06-05 07:00,16.8,,.6,140,68,12.9,10.8,1005.7,1012.8,1,.57,,,0,0,,,4295,,,14.6,,,,
146,2025-06-05 08:00,19.1,,.6,180,59,12.9,10.8,1006.1,1013.2,1,1.28,,,0,0,,,4407,,,18.6,,,,
146,2025-06-05 09:00,21.7,,1.2,200,47,12.1,9.8,1006.2,1013.2,1,1.96,,,0,0,,,4548,,,24.9,,,,
146,2025-06-05 10:00,23.3,,1,320,43,12.3,10,1006,1013,1,2.54,,,0,0,,,4487,,,31.7,,,,
146,2025-06-05 11:00,24.6,,2.1,290,40,12.3,10,1006.1,1013,1,3.07,,,1,0,Ci,,4526,,,36.6,,,,
146,2025-06-05 12:00,25.1,,2.8,270,35,11.1,8.5,1005.9,1012.8,1,3.36,,,3,0,Ci,,4362,,,40.2,,,,
146,2025-06-05 13:00,26,,2.8,290,33,11,8.4,1005.6,1012.5,1,3.54,,,6,0,Ci,,4785,,,41.4,,,,
146,2025-06-05 14:00,26.8,,1.3,320,32,11.2,8.7,1004.6,1011.5,1,3.05,,,7,0,Ci,,4455,,,39.5,,,,
146,2025-06-05 15:00,27.6,,2.3,270,30,11,8.4,1004.3,1011.1,1,2.94,,,7,0,Cs,,4686,,,40.1,,,,
146,2025-06-05 16:00,27.5,,1.5,290,30,10.9,8.3,1003.5,1010.3,1,2.22,,,7,0,Cs,,3774,,,36.5,,,,
146,2025-06-05 17:00,27.3,,2,270,28,10.1,7.1,1003.2,1010,1,1.66,,,8,0,Cs,,4388,,,32.9,,,,
146,2025-06-05 18:00,26.9,,2,290,30,10.6,7.8,1003,1009.8,1,1.19,,,3,0,Ci,,4849,,,28.9,,,,
146,2025-06-05 19:00,25.2,,2.5,270,35,11.2,8.6,1003.1,1010,.8,.56,,,6,1,,73,4364,,,25.5,,,,
146,2025-06-05 20:00,23.2,,1.6,270,41,11.6,9.2,1004,1010.9,0,.06,,,0,0,,,5000,,,22.4,,,,
146,2025-06-05 21:00,22.5,,1,180,44,11.9,9.6,1003.9,1010.9,,,,,7,0,Ci,,4314,,,20.9,,,,
146,2025-06-05 22:00,21.5,,.8,140,50,12.8,10.6,1004.3,1011.3,,,,,0,0,,,4875,,,18.9,,,,
146,2025-06-05 23:00,19.9,,1.2,160,56,12.9,10.8,1004.3,1011.3,,,,,0,0,,,4518,,,17.9,,,,
146,2025-06-06 00:00,19.3,,1.5,110,58,12.9,10.8,1004,1011,,,,,8,0,Ci,,4582,,,17.8,,,,
146,2025-06-06 01:00,18.8,,1,140,56,12.1,9.8,1003.6,1010.7,,,,,9,9,,69,4849,,,17.8,,,,
146,2025-06-06 02:00,19.2,,1.4,140,55,12.2,9.9,1003.3,1010.4,,,,,9,9,,69,4900,,,17.7,,,,
146,2025-06-06 03:00,19.3,,1.2,140,55,12.3,10,1003.1,1010.1,,,,,9,0,Ci,,4854,,,17.6,,,,
146,2025-06-06 04:00,19.6,,1.2,140,52,11.8,9.4,1003,1010,,,,,7,0,Ci,,4983,,,17,,,,
146,2025-06-06 05:00,19.7,,1.2,160,50,11.4,8.9,1003,1010,,,,,9,0,Ci,,4564,,,16.8,,,,
146,2025-06-06 06:00,20,,1.3,140,45,10.4,7.6,1003.4,1010.4,0,.04,,,9,0,Ci,,4765,,,17.1,,,,
146,2025-06-06 07:00,20.7,,1.4,140,43,10.4,7.6,1003.5,1010.5,0,.29,,,7,0,Ci,,4509,,,18.3,,,,
146,2025-06-06 08:00,22.1,,1.2,160,41,10.9,8.2,1003.6,1010.6,0,.62,,,9,0,Ci,,4649,,,20.7,,,,
146,2025-06-06 09:00,23.2,,1.7,140,41,11.6,9.2,1003.7,1010.6,0,.82,,,9,0,Ci,,3799,,,23.1,,,,
146,2025-06-06 10:00,23.9,,1.3,140,41,12.1,9.8,1003.5,1010.4,0,.83,,,9,0,Ci,,4610,,,23.6,,,,
146,2025-06-06 11:00,25.4,,1,110,38,12.3,10,1003.6,1010.5,0,1.08,,,9,0,Ci,,4217,,,26,,,,
146,2025-06-06 12:00,27.9,,.7,70,36,13.5,11.4,1003.3,1010.1,.2,1.7,,,9,0,Ci,,4068,,,31.6,,,,
146,2025-06-06 13:00,28,,1.9,270,36,13.6,11.5,1002.7,1009.5,.7,2.3,,,9,0,Ci,,3671,,,34.7,,,,
146,2025-06-06 14:00,27.7,,3.8,230,34,12.6,10.4,1002.5,1009.3,.6,2.06,,,9,0,Ci,,3176,,,32.1,,,,
146,2025-06-06 15:00,27,,3.3,230,38,13.5,11.4,1002.3,1009.1,0,.68,,,9,0,Ci,,3347,,,28.1,,,,
146,2025-06-06 16:00,27,,2.4,230,41,14.6,12.6,1002.2,1009,0,.9,,,9,0,Ci,,2952,,,28.3,,,,
146,2025-06-06 17:00,26.8,,1.6,200,40,14,12,1001.8,1008.6,.7,1.33,,,8,0,Ci,,3119,,,28.2,,,,
146,2025-06-06 18:00,26,,2.4,140,40,13.4,11.3,1001.1,1008,.2,.74,,,7,0,Ci,,4201,,,26.3,,,,
146,2025-06-06 19:00,25.5,,1.7,200,41,13.3,11.2,1002,1008.9,.5,.45,,,6,0,,,4151,,,23.4,,,,
146,2025-06-06 20:00,24.7,,.9,200,43,13.3,11.2,1002.7,1009.6,0,.05,,,3,0,,,4255,,,21,,,,
146,2025-06-06 21:00,22.5,,1.7,140,50,13.6,11.5,1003.1,1010.1,,,,,5,0,Ci,,4009,,,19.6,,,,
146,2025-06-06 22:00,21.3,,1.5,140,54,13.7,11.6,1003,1010,,,,,0,0,,,3927,,,18.7,,,,
146,2025-06-06 23:00,20.7,,1.2,140,54,13.1,11,1002.8,1009.8,,,,,0,0,,,3876,,,17.8,,,,
146,2025-06-07 00:00,20.3,,1.7,140,55,13,10.9,1003,1010,,,,,6,0,,,3767,,,17.3,,,,
146,2025-06-07 01:00,20,,1.3,140,59,13.7,11.7,1002.6,1009.6,,,,,7,0,,,3676,,,17,,,,
146,2025-06-07 02:00,19.6,,1.5,140,61,13.8,11.8,1002.7,1009.7,,,,,7,0,,,3603,,,16.5,,,,
146,2025-06-07 03:00,18.9,,1.4,140,63,13.7,11.6,1002.2,1009.3,,,,,7,0,Ci,,3285,,,16.3,,,,
146,2025-06-07 04:00,19,,1.4,140,63,13.7,11.7,1002.2,1009.3,,,,,6,0,Ci,,3291,,,15.9,,,,
146,2025-06-07 05:00,18.9,,1.4,110,63,13.7,11.6,1002.1,1009.2,,,,,5,0,Ci,,3212,,,15.4,,,,
146,2025-06-07 06:00,19.2,,.3,0,62,13.7,11.7,1002.3,1009.3,.1,.05,,,7,0,Ci,,2919,,,15.4,,,,
146,2025-06-07 07:00,20.6,,1.4,140,59,14.2,12.2,1002.1,1009.1,1,.5,,,5,0,Ci,,3009,,,16.9,,,,
146,2025-06-07 08:00,23.5,,1.4,140,51,14.7,12.7,1002.2,1009.1,1,1.16,,,5,0,Ci,,3325,,,20.6,,,,
146,2025-06-07 09:00,25.4,,1.3,160,46,14.9,12.9,1002.2,1009.1,1,1.88,,,6,0,Ci,,4127,,,26.7,,,,
146,2025-06-07 10:00,27.2,,1.1,200,35,12.5,10.3,1002.9,1009.7,1,2.46,,,2,0,Ci,,4239,,,33.5,,,,
146,2025-06-07 11:00,28.5,,1.6,180,34,13.2,11.1,1002.2,1009,1,3.01,,,2,0,Ci,,4421,,,38.9,,,,
146,2025-06-07 12:00,28.9,,1,340,32,12.7,10.5,1001.7,1008.5,1,3.36,,,1,0,Ci,,4571,,,42.5,,,,
146,2025-06-07 13:00,31.3,,1.3,70,34,15.5,13.5,1000.9,1007.6,1,3.39,,,3,0,Ci,,4175,,,44.3,,,,
146,2025-06-07 14:00,30.9,,2.5,270,30,13.4,11.3,1000.5,1007.2,1,3.34,,,2,0,Ci,,3881,,,44.8,,,,
146,2025-06-07 15:00,31,,2.6,290,33,14.8,12.8,1000.3,1007,1,2.83,,,7,0,Ci,,3962,,,42.3,,,,
146,2025-06-07 16:00,28.9,,3.1,320,50,19.9,17.4,1000.2,1007,1,2.29,,,8,0,Cs,,2292,,,38.6,,,,
146,2025-06-07 17:00,28.2,,2.8,320,52,19.9,17.4,1000.6,1007.4,1,1.79,,,8,0,Ci,,2422,,,35.4,,,,
146,2025-06-07 18:00,26.6,,3,270,55,19.1,16.8,1000.9,1007.7,.2,.75,,,9,0,Ci,,2437,,,30.4,,,,
146,2025-06-07 19:00,25.5,,2.1,270,63,20.5,17.9,1001.1,1008,0,.3,,,8,1,,,2255,,,27.4,,,,
146,2025-06-07 20:00,24.4,,2.5,320,66,20.1,17.6,1001.4,1008.3,0,.05,,,9,1,,,2185,,,25.1,,,,
146,2025-06-07 21:00,23.8,,1.1,320,68,20,17.5,1001.8,1008.7,,,,,9,0,Ci,,2106,,,23.8,,,,
146,2025-06-07 22:00,23.2,,1.6,270,75,21.3,18.5,1002.3,1009.2,,,,,9,1,,,1960,,,22.9,,,,
146,2025-06-07 23:00,23.1,,.8,320,76,21.4,18.6,1002.6,1009.5,,,,,8,1,,,1784,,,21.9,,,,
146,2025-06-08 00:00,22.8,,.6,290,79,21.8,18.9,1002.7,1009.6,,,,,8,0,,,1569,,,21.4,,,,
146,2025-06-08 01:00,22.6,,.3,0,77,21,18.3,1002.3,1009.3,,,,,9,1,,,1610,,,21,,,,
146,2025-06-08 02:00,22,,1.1,140,78,20.5,17.9,1001.7,1008.7,,,,,9,1,,,1596,,,20.8,,,,
146,2025-06-08 03:00,21.6,,1.1,140,79,20.2,17.7,1001.4,1008.4,,,,,9,0,Ci,,1460,,,20.6,,,,
146,2025-06-08 04:00,21.7,,.3,0,80,20.6,18,1001.3,1008.3,,,,,9,0,Ci,,1485,,,21,,,,
146,2025-06-08 05:00,21.5,,.8,140,78,19.9,17.4,1001.1,1008.1,,,,,8,0,Ci,,1532,,,20.4,,,,
146,2025-06-08 06:00,21.8,,.8,110,78,20.2,17.7,1001.5,1008.5,0,.03,,,8,0,Ci,,1538,,,21.1,,,,
146,2025-06-08 07:00,22.4,,1.1,140,74,20,17.5,1001.5,1008.5,0,.17,,,9,0,Ci,,1842,,,22,,,,
146,2025-06-08 08:00,24.3,,1.3,140,67,20.2,17.7,1001.6,1008.5,0,.7,,,8,0,Ci,,1863,,,25,,,,
146,2025-06-08 09:00,26.1,,.7,140,60,20.2,17.7,1001.6,1008.5,.4,1.33,,,7,1,ScCi,15,2175,,,30,,,,
146,2025-06-08 10:00,26.8,,.9,140,61,21.4,18.6,1001.5,1008.3,.6,1.84,,,9,1,ScAc,15,2764,,,35.4,,,,
146,2025-06-08 11:00,26.9,,1.7,230,59,20.9,18.2,1001.4,1008.2,.5,1.74,,,6,5,ScCi,10,2982,,,38.4,,,,
146,2025-06-08 12:00,29.4,,2,160,50,20.4,17.8,1000.9,1007.7,.8,3.01,,,7,5,ScCi,10,3992,,,51.2,,,,
146,2025-06-08 13:00,28.4,,1.4,200,55,21.2,18.4,1000.5,1007.3,.6,2.16,,,9,9,Sc,18,3981,,,37,,,,
146,2025-06-08 14:00,28.7,,1.9,250,54,21.2,18.4,1000.3,1007.1,.4,1.84,,,8,8,Sc,13,3643,,,38.3,,,,
146,2025-06-08 15:00,29.5,,2.6,250,51,20.9,18.2,1000,1006.8,.8,2.69,,,5,5,Sc,16,3681,,,43,,,,
146,2025-06-08 16:00,28.9,,2.7,290,58,23.1,19.8,999.5,1006.3,.8,2.1,,,5,5,Sc,13,2518,,,38.4,,,,
146,2025-06-08 17:00,28.7,,3.9,270,64,25.2,21.2,999.6,1006.4,.9,1.79,,,2,2,Sc,10,2548,,,38,,,,
146,2025-06-08 18:00,27.4,,1.9,290,67,24.4,20.7,1000.1,1006.9,1,1.2,,,0,0,,,3072,,,31.6,,,,
146,2025-06-08 19:00,25.5,,2.7,270,74,24.1,20.5,1000.6,1007.5,1,.52,,,0,0,,,3704,,,27.4,,,,
146,2025-06-08 20:00,23.7,,1.7,290,81,23.7,20.2,1000.9,1007.8,0,.07,,,0,0,,,2517,,,24.5,,,,
146,2025-06-08 21:00,22,,2,270,89,23.4,20,1001.9,1008.9,,,,,7,7,Sc,10,1413,,,23.4,,,,
146,2025-06-08 22:00,21.2,,2,290,93,23.4,20,1003,1010,,,,,6,6,,1,683,,19,23.5,,,,
146,2025-06-08 23:00,20.6,0,.8,270,95,22.9,19.7,1003.4,1010.4,,,,,10,10,St,1,456,,1902,22.7,,,,
146,2025-06-09 00:00,20.5,0,1.1,270,96,23.1,19.8,1003.3,1010.3,,,,,10,10,,,453,,1902,22.3,,,,
146,2025-06-09 01:00,20.4,0,1.8,340,96,22.9,19.7,1002.9,1009.9,,,,,10,10,St,1,609,,1902,22.1,,,,
146,2025-06-09 02:00,20.5,0,.5,360,97,23.4,20,1002.8,1009.8,,,,,10,10,St,1,199,,1902,21.7,,,,
146,2025-06-09 03:00,20.5,0,.7,50,97,23.4,20,1002.6,1009.6,,,,,10,10,St,1,308,,1902,21.6,,,,
146,2025-06-09 04:00,20.7,0,.8,90,96,23.4,20,1002,1009,,,,,10,10,St,2,1075,,1902,21.5,,,,
146,2025-06-09 05:00,20.6,,.8,50,96,23.2,19.9,1001.8,1008.8,,,,,10,5,ScAs,6,940,,19,21.1,,,,
146,2025-06-09 06:00,21.2,,.4,0,91,22.8,19.6,1001.8,1008.8,0,.04,,,10,4,ScAs,6,1582,,19,21.6,,,,
146,2025-06-09 07:00,21.8,,.5,20,89,23.1,19.8,1002,1009,0,.21,,,10,3,ScAs,6,2019,,,22.3,,,,
146,2025-06-09 08:00,22.3,,1.3,50,85,22.8,19.6,1001.3,1008.3,0,.54,,,8,0,Ci,,2630,,,23.8,,,,
146,2025-06-09 09:00,24.8,,.6,20,71,22.1,19.1,1001.4,1008.3,.9,1.62,,,7,0,Ci,,3046,,,29.4,,,,
146,2025-06-09 10:00,25.4,,1.3,290,66,21.3,18.5,1001.3,1008.2,1,2.04,,,8,0,Ci,,3868,,,33.5,,,,
146,2025-06-09 11:00,27.6,,.8,270,59,21.7,18.8,1001.1,1007.9,1,2.39,,,8,0,Ci,,3292,,,39.3,,,,
146,2025-06-09 12:00,28.2,,1.1,180,55,20.9,18.2,1000.5,1007.3,1,3.06,,,7,1,ScCi,18,2537,,,45.7,,,,
146,2025-06-09 13:00,30.3,,1.1,110,50,21.6,18.7,999.9,1006.6,1,3.13,,,5,1,ScCi,10,2636,,,47.8,,,,
146,2025-06-09 14:00,30,,1.7,320,51,21.6,18.7,999.4,1006.1,1,3.04,,,3,3,Sc,15,2905,,,49.5,,,,
146,2025-06-09 15:00,30.8,,2.4,250,49,21.7,18.8,998.8,1005.5,1,2.96,,,4,3,ScCi,15,3256,,,46.3,,,,
146,2025-06-09 16:00,29.8,,4.3,270,55,22.9,19.7,998.5,1005.2,.9,2.24,,,1,1,Sc,13,1884,,,44.4,,,,
146,2025-06-09 17:00,29.7,,2.7,290,56,23.2,19.9,998.4,1005.1,1,1.86,,,0,0,,,1968,,,39.9,,,,
146,2025-06-09 18:00,28.2,,3.2,270,58,22.1,19.1,998.7,1005.5,1,1.09,,,2,2,Sc,15,2198,,,32.9,,,,
146,2025-06-09 19:00,26.7,,2.5,270,60,20.9,18.2,999.3,1006.1,1,.53,,,6,0,,,2527,,,28.7,,,,
146,2025-06-09 20:00,25.3,,2.3,250,63,20.2,17.7,999.3,1006.2,.1,.08,,,0,0,,,3941,,,25.4,,,,
146,2025-06-09 21:00,23.6,,1.5,250,76,22.1,19.1,999.4,1006.3,,,,,6,0,Ci,,2703,,,24.1,,,,
146,2025-06-09 22:00,22.9,,1.5,250,79,22,19,1000.1,1007,,,,,0,0,,,2230,,,23,,,,
146,2025-06-09 23:00,22.5,,1.2,290,80,21.7,18.8,1000.4,1007.3,,,,,0,0,,,2108,,,21.9,,,,
146,2025-06-10 00:00,22.1,,.6,50,82,21.7,18.8,1000.7,1007.6,,,,,0,0,,,1751,,,21.1,,,,
146,2025-06-10 01:00,21.9,,.2,0,82,21.4,18.6,1000.5,1007.5,,,,,0,0,,,1641,,,20.5,,,,
146,2025-06-10 02:00,21.5,,.9,160,80,20.4,17.8,1000.3,1007.3,,,,,0,0,,,2430,,,19.9,,,,
146,2025-06-10 03:00,21.2,,.5,110,78,19.6,17.2,1000.6,1007.6,,,,,0,0,,,2680,,,19.5,,,,
146,2025-06-10 04:00,19.8,,1.2,340,89,20.5,17.9,1000.6,1007.6,,,,,0,0,,,1086,,,19.3,,,,
146,2025-06-10 05:00,20.2,,1.4,270,91,21.4,18.6,1000.5,1007.5,,,,,6,6,St,2,356,,19,20,,,,
146,2025-06-10 06:00,20,,1.3,250,90,21,18.3,1000.5,1007.5,0,.04,,,7,7,St,2,931,,19,21,,,,
146,2025-06-10 07:00,20.7,,.8,180,86,20.9,18.2,999.6,1006.6,0,.3,,,8,8,As,30,1391,,19,22.5,,,,
146,2025-06-10 08:00,22,,1.1,180,78,20.5,17.9,999.3,1006.2,.3,.81,,,4,3,AcCi,35,1307,,,24.7,,,,
146,2025-06-10 09:00,24.1,,.9,320,70,20.9,18.2,999.3,1006.2,1,1.75,,,5,3,AcCi,30,1551,,,31.7,,,,
146,2025-06-10 10:00,25.6,,.7,290,62,20.2,17.7,999.7,1006.6,.9,2.27,,,7,7,Ac,35,1580,,,34.8,,,,
146,2025-06-10 11:00,27.4,,2.1,250,51,18.5,16.3,1000.1,1006.9,.8,2.3,,,6,6,Ac,32,3337,,,41.5,,,,
146,2025-06-10 12:00,28.9,,2.5,290,43,17,15,1000.2,1007,1,3.06,,,5,0,Ci,,4028,,,46.3,,,,
146,2025-06-10 13:00,27.6,,4.3,270,54,19.9,17.4,1000.2,1007,.9,2.7,,,8,0,Ci,,3357,,,42.4,,,,
146,2025-06-10 14:00,25.5,,4.3,290,59,19.1,16.8,1000.7,1007.6,.3,1.78,,,8,0,Ci,,4003,,,37.9,,,,
146,2025-06-10 15:00,25,,3.5,270,64,20.2,17.7,1000.6,1007.5,.6,1.6,,,8,0,Ci,,5000,,,36.2,,,,
146,2025-06-10 16:00,24,,1.8,290,71.5,21.3,18.5,1000.8,1007.7,,,,,8,0,Ci,,5000,,,34.9,,,,
146,2025-06-10 17:00,23.7,,3.1,230,72,21,18.3,1000.4,1007.3,.5,.91,,,8,3,ScCi,7,2396,,,31.5,,,,
146,2025-06-10 18:00,23.4,,3.1,250,74,21.2,18.4,1000.8,1007.7,.3,.6,,,8,3,ScCi,10,1779,,,29.9,,,,
146,2025-06-10 19:00,22.2,,2.9,250,76,20.2,17.7,1001.4,1008.4,0,.21,,,9,8,,5,2601,,,26.9,,,,
146,2025-06-10 20:00,21.2,,2.8,250,79,19.9,17.4,1002,1009,.4,.09,,,10,8,,6,2687,,,24.6,,,,
146,2025-06-10 21:00,20.9,,2.4,270,81,20,17.5,1002.8,1009.8,,,,,9,9,Sc,6,2606,,,23.6,,,,
146,2025-06-10 22:00,20.2,,3.5,270,83,19.6,17.2,1003.5,1010.5,,,,,9,4,,4,1198,,,22.3,,,,
146,2025-06-10 23:00,19.1,,2.5,270,84,18.5,16.3,1003.8,1010.9,,,,,9,8,,4,2166,,,20.9,,,,
146,2025-06-11 00:00,18.4,,2.1,290,84,17.7,15.6,1003.9,1010.9,,,,,7,0,Ci,,1757,,,19.5,,,,
146,2025-06-11 01:00,17.6,,1.6,270,86,17.3,15.2,1003.9,1011,,,,,7,0,,,1364,,,18.2,,,,
146,2025-06-11 02:00,17.2,,1.4,250,88,17.2,15.1,1003.7,1010.8,,,,,6,0,,,1039,,,17.3,,,,
146,2025-06-11 03:00,17.1,,1,250,86,16.7,14.7,1003.5,1010.6,,,,,9,0,Ci,,1111,,,17.4,,,,
146,2025-06-11 04:00,16.8,,1.1,290,86,16.4,14.4,1003.6,1010.7,,,,,9,0,Ci,,967,,19,17,,,,
146,2025-06-11 05:00,16.6,,1.2,250,88,16.5,14.5,1004.2,1011.3,,,,,6,0,Ci,,892,,19,16.2,,,,
146,2025-06-11 06:00,16.2,,.3,0,88,16.2,14.2,1004.6,1011.7,0,.04,,,6,2,ScCi,8,930,,19,16.4,,,,
146,2025-06-11 07:00,18.1,,.4,0,81,16.7,14.7,1005.2,1012.3,.4,.41,,,0,0,,,1199,,19,19.1,,,,
146,2025-06-11 08:00,20.3,,.9,340,72,17,15,1005.4,1012.4,1,1.24,,,0,0,,,1258,,,24.7,,,,
146,2025-06-11 09:00,22.4,,1.7,270,63,17,15,1005.8,1012.8,1,1.95,,,0,0,,,1349,,40,30.6,,,,
146,2025-06-11 10:00,23.7,,2.6,360,49,14.3,12.3,1006,1013,1,2.64,,,0,0,,,2914,,,36.2,,,,
146,2025-06-11 11:00,25.5,,2.5,290,45,14.6,12.6,1006.2,1013.1,1,3.14,,,1,0,Ci,,3598,,,41.1,,,,
146,2025-06-11 12:00,26.6,,3.2,320,41,14.2,12.2,1006.1,1013,1,3.5,,,1,0,Ci,,4437,,,44,,,,
146,2025-06-11 13:00,28.1,,2.9,250,41,15.6,13.6,1005.8,1012.6,1,3.55,,,3,0,Ci,,4287,,,46.5,,,,
146,2025-06-11 14:00,29,,2.7,290,37,14.8,12.8,1005.1,1011.9,1,3.51,,,0,0,,,4224,,,47.2,,,,
146,2025-06-11 15:00,29.7,,3.2,360,33,13.7,11.7,1004.5,1011.3,1,3.22,,,0,0,,,4367,,,46,,,,
146,2025-06-11 16:00,29.8,,4.6,290,32,13.4,11.3,1004.1,1010.9,1,2.76,,,0,0,,,3863,,,43.3,,,,
146,2025-06-11 17:00,28.4,,4.1,270,42,16.2,14.2,1004.3,1011.1,1,2,,,4,0,Ci,,3543,,,37.9,,,,
146,2025-06-11 18:00,25.4,,4.6,270,58,18.8,16.5,1004.8,1011.7,.7,1.09,,,5,0,Ci,,3055,,,31.7,,,,
146,2025-06-11 19:00,24.6,,2.2,270,59,18.2,16,1005.3,1012.2,.3,.39,,,9,0,,,3554,,,28.6,,,,
146,2025-06-11 20:00,23.3,,2.7,250,59,16.8,14.8,1006.1,1013.1,0,.06,,,9,0,,,3331,,,25.4,,,,
146,2025-06-11 21:00,22.3,,1.3,230,62,16.6,14.6,1006.5,1013.5,,,,,9,0,Ci,,2855,,,23.8,,,,
146,2025-06-11 22:00,21.6,,.3,0,63,16.2,14.2,1007.1,1014.1,,,,,9,1,,71,2487,,,22.4,,,,
146,2025-06-11 23:00,21.2,,.9,200,66,16.5,14.5,1007.2,1014.2,,,,,9,3,,75,2789,,,21.4,,,,
146,2025-06-12 00:00,20.7,,.8,230,68,16.5,14.5,1007.3,1014.3,,,,,9,0,,,2520,,,20.7,,,,
146,2025-06-12 01:00,20.3,,.1,0,69,16.4,14.4,1007.5,1014.6,,,,,10,2,,69,2612,,,20.3,,,,
146,2025-06-12 02:00,19.5,,1,50,73,16.5,14.5,1007.3,1014.4,,,,,10,4,,72,2916,,,19.8,,,,
146,2025-06-12 03:00,18.8,,1.3,50,75,16.2,14.2,1007.4,1014.5,,,,,9,0,Ci,,2905,,,19.4,,,,
146,2025-06-12 04:00,18.4,,1.3,50,76,16,14,1007.4,1014.5,,,,,9,0,Ci,,2924,,,18.8,,,,
146,2025-06-12 05:00,18.6,,.1,0,76,16.2,14.2,1007.9,1015,,,,,8,0,Ci,,2579,,,17.8,,,,
146,2025-06-12 06:00,18.5,,1.1,180,75,15.9,13.9,1008.3,1015.4,0,.05,,,7,0,Cc,,2292,,,18.1,,,,
146,2025-06-12 07:00,20.1,,.2,0,74,17.4,15.3,1008.4,1015.5,.5,.42,,,6,0,Ci,,3494,,,20.4,,,,
146,2025-06-12 08:00,22.2,,.3,0,63,16.8,14.8,1008.5,1015.5,1,1.19,,,7,0,Ci,,2629,,,26.7,,,,
146,2025-06-12 09:00,23.7,,.6,290,60,17.5,15.4,1008.2,1015.2,.7,1.48,,,7,0,Ci,,3138,,,29.6,,,,
146,2025-06-12 10:00,24.9,,1.9,320,56,17.6,15.5,1007.7,1014.6,.5,1.71,,,8,0,Ci,,2731,,,33,,,,
146,2025-06-12 11:00,28.2,,1.9,270,43,16.4,14.4,1007.7,1014.5,.8,2.71,,,6,0,Ci,,3286,,,41.4,,,,
146,2025-06-12 12:00,29.6,,1.8,290,37,15.3,13.3,1007.2,1014,.9,2.86,,,8,0,Cc,,4071,,,44.1,,,,
146,2025-06-12 13:00,31.1,,1.3,250,34,15.3,13.3,1007,1013.8,.9,2.9,,,7,0,Ci,,3979,,,46,,,,
146,2025-06-12 14:00,31.8,,2.7,250,33,15.5,13.5,1006.4,1013.2,1,3.25,,,7,0,Ci,,3935,,,47.7,,,,
146,2025-06-12 15:00,32.2,,1.8,200,26,12.4,10.2,1006.2,1012.9,1,3.25,,,3,0,Ci,,3938,,,47.8,,,,
146,2025-06-12 16:00,32.6,,2,180,27,13.2,11.1,1005.7,1012.4,1,2.74,,,2,0,Ci,,4846,,,46,,,,
146,2025-06-12 17:00,31.6,,3.2,250,32,14.8,12.8,1005.7,1012.5,1,2.01,,,1,1,Ac,35,3716,,,40.8,,,,
146,2025-06-12 18:00,28.8,,3.5,270,39,15.4,13.4,1006.2,1013,.4,.92,,,7,0,Cc,,4231,,,34.6,,,,
146,2025-06-12 19:00,26.8,,2.6,250,42,14.8,12.8,1007.2,1014.1,.1,.38,,,7,0,,,4119,,,30.2,,,,
146,2025-06-12 20:00,25.3,,2.7,250,47,15.1,13.1,1008.2,1015.1,0,.05,,,8,0,,,3091,,,27.1,,,,
146,2025-06-12 21:00,23.8,,2.5,270,52,15.3,13.3,1009.1,1016.1,,,,,8,0,Ci,,3217,,,25.1,,,,
146,2025-06-12 22:00,22.9,,1.9,250,54,15,13,1009.4,1016.4,,,,,7,1,,72,4629,,,23.8,,,,
146,2025-06-12 23:00,22.6,,2.2,230,52,14.2,12.2,1009.1,1016.1,,,,,9,2,,72,4015,,,23,,,,
146,2025-06-13 00:00,21.8,,1.3,20,55,14.3,12.3,1008.2,1015.2,,,,,9,0,Ci,,4073,,,21.9,,,,
146,2025-06-13 01:00,21.3,,.7,50,62,15.7,13.7,1008,1015,,,,,10,4,,71,3516,,,21.5,,,,
146,2025-06-13 02:00,21.1,,.7,160,66,16.4,14.4,1007.7,1014.7,,,,,9,3,,71,3434,,,21,,,,
146,2025-06-13 03:00,20.8,,.1,0,67,16.4,14.4,1007.8,1014.8,,,,,9,0,Ci,,3424,,,20.7,,,,
146,2025-06-13 04:00,20.6,,.3,0,68,16.4,14.4,1008.4,1015.5,,,,,9,0,Ci,,3420,,,20.2,,,,
146,2025-06-13 05:00,20.3,,.1,0,70,16.6,14.6,1008.7,1015.8,,,,,9,0,Ci,,3341,,,20.1,,,,
146,2025-06-13 06:00,20.1,,1.2,140,71,16.6,14.6,1008.4,1015.5,0,.01,,,9,0,Ci,,3079,,,20.4,,,,
146,2025-06-13 07:00,20.6,,1.8,140,69,16.7,14.7,1008.2,1015.2,0,.14,,,10,10,As,27,2992,,,21.5,,,,
146,2025-06-13 08:00,21.6,0,.4,0,68,17.5,15.4,1008,1015,0,.27,,,10,2,ScAs,12,2846,,01,22.8,,,,
146,2025-06-13 09:00,23.1,0,.4,0,65,18.3,16.1,1008,1015,0,.52,,,10,10,Ns,21,2603,,01,25.4,,,,
146,2025-06-13 10:00,24.1,0,2,140,64,19.1,16.8,1007.6,1014.6,0,.98,,,10,10,Ns,20,2921,,01,28.1,,,,
146,2025-06-13 11:00,22.8,.2,1.5,140,73,20.1,17.6,1007.7,1014.7,0,.56,,,10,2,StNs,9,2010,,01,24.8,,,,
146,2025-06-13 12:00,22.6,.7,1.6,110,79,21.6,18.7,1007.4,1014.4,0,.82,,,10,5,StNs,5,1934,,01,27.1,,,,
146,2025-06-13 13:00,23.3,.2,3.3,110,72,20.5,17.9,1006.6,1013.6,0,1.49,,,10,10,Ns,26,3165,,01,27.5,,,,
146,2025-06-13 14:00,23.7,.4,.5,160,76,22.2,19.2,1006.1,1013.1,0,.67,,,10,3,StNs,6,1860,,01,26.8,,,,
146,2025-06-13 15:00,22.2,1,2.4,320,87,23.2,19.9,1005.6,1012.6,0,.48,,,10,2,StNs,5,994,,01,25.1,,,,
146,2025-06-13 16:00,21.9,3.3,.5,360,89,23.2,19.9,1005.2,1012.2,0,.28,,,10,2,StNs,8,215,,01,23.8,,,,
146,2025-06-13 17:00,21.6,9.7,.6,20,91,23.4,20,1004.3,1011.3,0,.15,,,10,2,StNs,6,181,,01,23.4,,,,
146,2025-06-13 18:00,21.9,1.7,.4,0,90,23.5,20.1,1003.8,1010.8,0,.2,,,10,7,StNs,5,396,,01,23.4,,,,
146,2025-06-13 19:00,21.7,4.9,1.6,20,93,24.1,20.5,1003.5,1010.5,0,.06,,,10,3,StNs,8,399,,01,22.7,,,,
146,2025-06-13 20:00,20.6,7.2,3.5,290,94,22.7,19.5,1003.5,1010.5,0,0,,,10,7,StNs,10,497,,01,21.7,,,,
146,2025-06-13 21:00,20.6,15.2,3,20,94,22.7,19.5,1002.8,1009.8,,,,,10,2,StNs,6,247,,01,21.2,,,,
146,2025-06-13 22:00,20.9,25.2,1.7,110,95,23.4,20,1002.9,1009.9,,,,,10,2,StNs,5,173,,01,21.5,,,,
146,2025-06-13 23:00,21.1,5.3,2,160,94,23.4,20,1002.3,1009.3,,,,,10,2,StNs,11,167,,01,21.6,,,,
146,2025-06-14 00:00,20.9,14.8,1.7,140,94,23.1,19.8,1001.6,1008.6,,,,,10,4,StNs,11,621,,01,21.6,,,,
146,2025-06-14 01:00,20.8,7,1.1,140,94,22.9,19.7,1000.7,1007.7,,,,,10,6,StNs,6,132,,01,21.5,,,,
146,2025-06-14 02:00,20.8,6.7,1.7,90,94,22.9,19.7,999.6,1006.6,,,,,10,8,StNs,8,1275,,01,21.5,,,,
146,2025-06-14 03:00,20.8,5,1.8,70,94,22.9,19.7,998.1,1005.1,,,,,10,6,StNs,7,482,,01,21.4,,,,
146,2025-06-14 04:00,21,9.6,.8,70,95,23.5,20.1,997,1004,,,,,10,3,StNs,6,170,,01,21.5,,,,
146,2025-06-14 05:00,21.1,13.2,.4,0,95,23.7,20.2,996.8,1003.8,,,,,10,4,StNs,4,151,,01,21.5,,,,
146,2025-06-14 06:00,21.3,11.4,1.5,70,95,24,20.4,996,1002.9,0,.01,,,10,3,StNs,8,292,,01,21.7,,,,
146,2025-06-14 07:00,21.6,14.1,1.7,110,96,24.7,20.9,995.4,1002.3,0,.03,,,10,2,StNs,10,401,,01,21.9,,,,
146,2025-06-14 08:00,22.5,1.1,1.3,290,95,25.8,21.6,995.1,1002,0,.33,,,10,2,StNs,1,4438,,01,23.7,,,,
146,2025-06-14 09:00,23.5,0,2,320,92,26.6,22.1,995.7,1002.6,0,.67,,,10,5,ScAs,5,4371,,01,24.9,,,,
146,2025-06-14 10:00,22.8,0,1.6,340,94,26,21.7,995,1001.9,0,.36,,,10,5,ScAs,10,697,,1901,24.6,,,,
146,2025-06-14 11:00,25.4,,.8,360,86,27.7,22.8,994.5,1001.3,.1,1.61,,,9,4,ScAs,6,2668,,19,30,,,,
146,2025-06-14 12:00,25.2,,3.5,320,84,26.8,22.2,994.5,1001.3,.1,1.8,,,9,6,ScAs,2,2678,,,31.2,,,,
146,2025-06-14 13:00,27.1,,2.5,320,77,27.6,22.7,993.6,1000.4,.8,3.33,,,9,4,ScAs,8,4553,,,34.9,,,,
146,2025-06-14 14:00,28.5,,2.9,320,73,28.3,23.1,993,999.7,.9,3.11,,,6,6,Sc,6,4495,,,34.1,,,,
146,2025-06-14 15:00,28.4,,2.7,320,70,26.9,22.3,992.2,998.9,.6,2.5,,,5,5,Sc,10,4397,,,32.1,,,,
146,2025-06-14 16:00,28.3,,3.3,290,70,26.8,22.2,992.1,998.8,.2,1.42,,,6,6,Sc,9,4454,,,30.5,,,,
146,2025-06-14 17:00,28.7,,3.5,320,70,27.4,22.6,992.2,998.9,.3,1.39,,,6,6,Sc,8,4823,,,29.9,,,,
146,2025-06-14 18:00,28.9,,2,290,69,27.4,22.6,992.5,999.2,.5,1.08,,,6,6,Sc,10,4949,,,29.2,,,,
146,2025-06-14 19:00,27.9,,2.8,270,69,25.8,21.6,993,999.8,.9,.67,,,4,4,,8,4877,,,27.1,,,,
146,2025-06-14 20:00,25.6,,2.4,230,79,25.8,21.6,994,1000.8,.3,.13,,,7,2,,8,2034,,,25.3,,,,
146,2025-06-14 21:00,23.5,,3.2,250,82,23.7,20.2,995.2,1002.1,,,,,4,4,Sc,9,1165,,,23.8,,,,
146,2025-06-14 22:00,22.1,,2.6,250,83,22,19,996.1,1003,,,,,6,6,,10,918,,19,22.8,,,,
146,2025-06-14 23:00,21.6,,2.3,250,83,21.3,18.5,996.3,1003.2,,,,,6,6,,6,947,,19,18.7,,,,
146,2025-06-15 00:00,21.2,,2.9,230,84,21,18.3,996.3,1003.2,,,,,7,7,,,1106,,19,21.8,,,,
146,2025-06-15 01:00,20.9,,.4,0,83,20.4,17.8,995.6,1002.6,,,,,6,5,,6,1558,,,21.1,,,,
146,2025-06-15 02:00,20.6,,.7,270,85,20.5,17.9,995.2,1002.2,,,,,8,0,,,1466,,,20.7,,,,
146,2025-06-15 03:00,20.1,,.7,50,87,20.4,17.8,995.2,1002.2,,,,,7,0,Ci,,944,,19,20.2,,,,
146,2025-06-15 04:00,19.8,,.9,20,89,20.5,17.9,995.7,1002.7,,,,,7,0,Ci,,583,,19,19.8,,,,
146,2025-06-15 05:00,19.4,,.8,20,91,20.4,17.8,995.9,1002.9,,,,,0,0,,,532,,19,19.5,,,,
146,2025-06-15 06:00,19.8,,1,20,91,20.9,18.2,996,1003,.2,.06,,,0,0,,,398,,19,19.8,,,,
146,2025-06-15 07:00,22.4,,.7,90,84,22.7,19.5,995.2,1002.1,1,.5,,,0,0,,,1100,,19,22.4,,,,
146,2025-06-15 08:00,24.1,,1.1,230,79,23.7,20.2,994.9,1001.8,1,1.2,,,0,0,,,2001,,,26.2,,,,
146,2025-06-15 09:00,26.8,,1,140,71,24.9,21,994.3,1001.1,1,1.91,,,0,0,,,1100,,,30,,,,
146,2025-06-15 10:00,28.2,,.6,230,60,22.8,19.6,994,1000.8,1,2.52,,,0,0,,,496,,40,33.2,,,,
146,2025-06-15 11:00,29.4,,1.6,250,56,22.9,19.7,993.8,1000.5,1,3,,,1,1,Sc,10,1200,,40,34.8,,,,
146,2025-06-15 12:00,31.2,,2.1,180,54,24.4,20.7,992.6,999.3,.9,3.15,,,2,2,Sc,10,2000,,,35.4,,,,
146,2025-06-15 13:00,31.4,,3.1,160,54,24.7,20.9,992.3,999,.8,3.04,,,3,3,Sc,10,2000,,,35.1,,,,
146,2025-06-15 14:00,31.5,,2.7,200,53,24.4,20.7,992.1,998.8,.4,2.26,,,8,8,Sc,10,2000,,,33.1,,,,
146,2025-06-15 15:00,31.7,,1.4,180,52,24.3,20.6,991.4,998.1,.3,1.78,,,8,8,Sc,10,1200,,,32.1,,,,
146,2025-06-15 16:00,31.4,,3.3,250,57,26.1,21.8,991.1,997.8,.3,1.5,,,8,8,Sc,10,1200,,,31.3,,,,
146,2025-06-15 17:00,30.6,,2.2,180,61,26.8,22.2,990.6,997.3,.2,.76,,,9,6,ScCs,10,1200,,,29.8,,,,
146,2025-06-15 18:00,29.9,,4.2,180,65,27.2,22.5,990.8,997.5,.1,.64,,,9,4,ScCs,10,1200,,,28.8,,,,
146,2025-06-15 19:00,28.5,,3.3,160,68,26.4,22,991.2,997.9,0,.31,,,10,1,,18,1200,,,26.6,,,,
146,2025-06-15 20:00,27.9,,3.1,160,69,25.8,21.6,990.9,997.6,0,.04,,,9,3,,13,1200,,,25.6,,,,
146,2025-06-15 21:00,26.6,0,2.9,230,77,26.8,22.2,991.4,998.2,,,,,10,6,ScNs,8,1200,,01,25.3,,,,
146,2025-06-15 22:00,24.7,1.1,1.7,160,89,27.6,22.7,991.8,998.6,,,,,10,4,ScNs,8,1200,,01,25,,,,
146,2025-06-15 23:00,24.9,0,1,160,88,27.6,22.7,991.5,998.3,,,,,10,7,ScNs,7,1200,,01,25,,,,
146,2025-06-16 00:00,24.8,0,1.4,180,88,27.4,22.6,991.2,998,,,,,10,8,ScAs,6,1200,,01,24.8,,,,
146,2025-06-16 01:00,24.8,,.7,180,88,27.4,22.6,990.4,997.2,,,,,10,7,,6,1200,,,24.6,,,,
146,2025-06-16 02:00,24.5,0,2.4,180,89,27.2,22.5,990.4,997.2,,,,,10,5,ScNs,5,1200,,01,24.4,,,,
146,2025-06-16 03:00,24.2,.3,3.5,250,86,26,21.7,990.7,997.5,,,,,10,5,ScAs,10,1200,,01,23.8,,,,
146,2025-06-16 04:00,23.9,0,1,200,84,24.9,21,990.9,997.7,,,,,10,3,ScAs,12,1200,,01,23.5,,,,
146,2025-06-16 05:00,22.6,3.4,1.9,200,92,25.2,21.2,991.3,998.2,,,,,10,7,ScNs,7,1200,,01,23.2,,,,
146,2025-06-16 06:00,22.8,3.5,1,230,92,25.5,21.4,991.9,998.8,0,.01,,,10,9,StNs,4,1200,,01,23.2,,,,
146,2025-06-16 07:00,23,.2,1.2,70,92,25.8,21.6,991.8,998.7,0,.05,,,10,8,ScAs,5,1200,,01,23.7,,,,
146,2025-06-16 08:00,23.5,,.9,90,91,26.3,21.9,991.3,998.2,0,.2,,,10,6,ScAs,10,1200,,,24.6,,,,
146,2025-06-16 09:00,24.4,0,.6,200,90,27.4,22.6,992.1,998.9,0,.36,,,10,8,StNs,5,1200,,01,25.8,,,,
146,2025-06-16 10:00,24.6,.5,1.5,180,89,27.4,22.6,991.8,998.6,0,.5,,,10,8,StNs,5,1200,,01,26.3,,,,
146,2025-06-16 11:00,24,.9,2.4,140,90,26.8,22.2,992,998.8,0,.34,,,10,6,ScAs,8,1200,,01,25.3,,,,
146,2025-06-16 12:00,25.8,,4.6,250,85,28.1,23,992.7,999.5,.1,1.38,,,7,7,Sc,10,1200,,,30.8,,,,
146,2025-06-16 13:00,27,,5.6,250,73,26,21.7,993.3,1000.1,.8,3.2,,,5,5,Sc,10,1500,,,32.9,,,,
146,2025-06-16 14:00,27.1,,7,230,68,24.3,20.6,993.3,1000.1,.7,2.7,,,5,5,Sc,10,2400,,,28.9,,,,
146,2025-06-16 15:00,27.3,,4.3,230,67,24.3,20.6,993.5,1000.3,.2,1.64,,,7,7,Sc,10,2400,,,28,,,,
146,2025-06-16 16:00,27.8,,5.6,230,61,22.7,19.5,993.5,1000.3,.2,1.28,,,5,5,Sc,10,2800,,,27.8,,,,
146,2025-06-16 17:00,28.1,,3.9,200,59,22.4,19.3,993.4,1000.2,.7,1.78,,,6,6,Sc,10,2500,,,27.8,,,,
146,2025-06-16 18:00,28.5,,2.4,230,58,22.5,19.4,993.2,999.9,.8,1.19,,,2,2,Sc,10,3092,,,27.4,,,,
146,2025-06-16 19:00,27.1,,2.7,230,62,22.1,19.1,993.7,1000.5,1,.61,,,0,0,,,2686,,,17,,,,
146,2025-06-16 20:00,24.9,,2.8,250,75,23.5,20.1,994.7,1001.5,.1,.1,,,0,0,,,2245,,,23.4,,,,
146,2025-06-16 21:00,24.2,,1.7,200,78,23.5,20.1,995.5,1002.4,,,,,0,0,,,2159,,,22.6,,,,
146,2025-06-16 22:00,24.1,,.9,200,74,22.1,19.1,996.2,1003.1,,,,,0,0,,,2556,,,22,,,,
146,2025-06-16 23:00,23.7,,2.2,160,77,22.5,19.4,996.4,1003.3,,,,,0,0,,,2437,,,21.6,,,,
146,2025-06-17 00:00,23.6,,3.8,160,75,21.8,18.9,996.4,1003.2,,,,,0,0,,,2383,,,21.1,,,,
146,2025-06-17 01:00,23.2,,2.2,160,75,21.3,18.5,996.7,1003.6,,,,,3,3,,24,2748,,,20.9,,,,
146,2025-06-17 02:00,22.8,,3.2,160,75,20.8,18.1,996.5,1003.4,,,,,0,0,,,3175,,,20.6,,,,
146,2025-06-17 03:00,22.6,,1.6,180,75,20.5,17.9,996.7,1003.6,,,,,2,2,Sc,17,3449,,,20.6,,,,
146,2025-06-17 04:00,22.8,,1,140,73,20.1,17.6,996.6,1003.5,,,,,8,8,Sc,14,3621,,,21,,,,
146,2025-06-17 05:00,22.4,0,2.8,140,76,20.5,17.9,996.9,1003.8,,,,,6,6,Sc,10,3635,,01,20.5,,,,
146,2025-06-17 06:00,23,,2.3,160,75,21,18.3,997.4,1004.3,0,.02,,,10,6,ScAs,9,3883,,,21.2,,,,
146,2025-06-17 07:00,23.4,,2.6,140,75,21.6,18.7,997.8,1004.7,0,.19,,,10,7,ScAs,8,3536,,,22.2,,,,
146,2025-06-17 08:00,24.3,,.8,160,74,22.4,19.3,998.2,1005.1,0,.32,,,8,8,Sc,8,3208,,,23.6,,,,
146,2025-06-17 09:00,25.1,,2,180,71,22.5,19.4,998.4,1005.3,0,.79,,,7,7,Sc,8,3281,,,25.2,,,,
146,2025-06-17 10:00,26.1,,1.6,140,69,23.2,19.9,998.4,1005.2,.1,1.12,,,8,7,ScCi,8,3817,,,26.9,,,,
146,2025-06-17 11:00,27.1,,2.2,140,65,23.2,19.9,998.5,1005.3,.2,1.53,,,10,5,ScAs,8,2818,,,29.1,,,,
146,2025-06-17 12:00,27.6,,1.9,180,67,24.7,20.9,998.8,1005.6,.1,1.06,,,9,8,ScCi,8,3183,,,29.6,,,,
146,2025-06-17 13:00,29.5,,1.4,250,59,24.3,20.6,998.6,1005.4,.6,2.57,,,8,7,ScCi,10,3148,,,35.2,,,,
146,2025-06-17 14:00,30.3,,1.3,180,54,23.2,19.9,998,1004.7,.9,3.28,,,6,5,ScCi,10,2549,,,35.2,,,,
146,2025-06-17 15:00,31,,.7,200,55,24.6,20.8,997.9,1004.6,.9,2.8,,,7,4,ScCi,10,2983,,,35,,,,
146,2025-06-17 16:00,30.7,,3.3,250,55,24.3,20.6,997.8,1004.5,.7,2,,,6,3,ScCi,10,2882,,,33.4,,,,
146,2025-06-17 17:00,30.2,,2.8,230,52,22.2,19.2,997.7,1004.4,.8,1.61,,,8,3,ScCi,10,2612,,,30.5,,,,
146,2025-06-17 18:00,29.3,,3.2,270,67,27.2,22.5,997.9,1004.7,.5,.91,,,7,3,ScCi,11,2107,,,29.4,,,,
146,2025-06-17 19:00,27.9,,2.7,270,72,26.9,22.3,998.4,1005.2,1,.77,,,3,0,,,2113,,,27.4,,,,
146,2025-06-17 20:00,25.1,,3.6,270,82,26.1,21.8,999.4,1006.3,.1,.11,,,0,0,,,1613,,,25,,,,
146,2025-06-17 21:00,22.8,,2.4,290,85,23.5,20.1,1000.7,1007.6,,,,,9,9,Sc,3,1113,,,23.8,,,,
146,2025-06-17 22:00,22.5,,.3,0,85,23.1,19.8,1001,1007.9,,,,,0,0,,,957,,19,23.4,,,,
146,2025-06-17 23:00,22.5,,1.9,290,86,23.4,20,1001.6,1008.6,,,,,2,2,,3,939,,19,23,,,,
146,2025-06-18 00:00,22.2,,.8,340,87,23.2,19.9,1002,1008.9,,,,,9,9,,,825,,19,22.9,,,,
146,2025-06-18 01:00,22.3,,.4,0,86,23.1,19.8,1002,1009,,,,,0,0,,,772,,19,22.3,,,,
146,2025-06-18 02:00,21.7,,1,360,89,23.1,19.8,1002,1009,,,,,0,0,,,579,,19,22,,,,
146,2025-06-18 03:00,21.7,,2.1,250,88,22.8,19.6,1002.3,1009.3,,,,,4,4,Sc,10,848,,19,21.4,,,,
146,2025-06-18 04:00,21.1,,1.9,270,91,22.7,19.5,1002.8,1009.8,,,,,4,4,Sc,10,560,,19,20.8,,,,
146,2025-06-18 05:00,20.6,,2.1,270,90,21.7,18.8,1003.6,1010.6,,,,,3,3,Sc,10,717,,19,20.5,,,,
146,2025-06-18 06:00,20.9,,1.6,270,89,22,19,1004.4,1011.4,0,.03,,,7,7,Sc,5,704,,19,21.1,,,,
146,2025-06-18 07:00,21.6,,1.6,200,86,22.1,19.1,1004.6,1011.6,.2,.33,,,6,6,Sc,10,931,,19,22,,,,
146,2025-06-18 08:00,23.3,,1.2,160,77,22,19,1004.9,1011.9,.7,.88,,,3,3,Sc,10,1114,,19,25.4,,,,
146,2025-06-18 09:00,25.6,,1.6,110,70,22.9,19.7,1004.7,1011.6,1,1.73,,,0,0,,,1929,,,29.1,,,,
146,2025-06-18 10:00,27.1,,1.2,180,61,21.8,18.9,1004.9,1011.8,1,2.36,,,0,0,,,2395,,,32.4,,,,
146,2025-06-18 11:00,27.7,,2.3,230,54,20,17.5,1005.1,1011.9,1,2.85,,,0,0,,,2636,,,33.7,,,,
146,2025-06-18 12:00,29,,2.2,250,46,18.4,16.2,1005.1,1011.9,1,3.21,,,0,0,,,3661,,,35.3,,,,
146,2025-06-18 13:00,29.9,,2,270,44,18.5,16.3,1005.1,1011.9,1,3.35,,,0,0,,,3709,,,35.6,,,,
146,2025-06-18 14:00,30.4,,2.6,270,44,19,16.7,1004.7,1011.5,1,3.33,,,0,0,,,3627,,,35.3,,,,
146,2025-06-18 15:00,31.1,,2.8,270,42,18.9,16.6,1004.5,1011.3,1,3.07,,,0,0,,,2650,,,35.1,,,,
146,2025-06-18 16:00,31.6,,2,250,44,20.4,17.8,1004.2,1010.9,1,2.56,,,0,0,,,2888,,,33.9,,,,
146,2025-06-18 17:00,31.7,,1.6,200,45,21,18.3,1004.1,1010.8,1,1.93,,,0,0,,,2554,,,31.8,,,,
146,2025-06-18 18:00,31.5,,1,250,50,23.1,19.8,1004,1010.7,1,1.22,,,0,0,,,2696,,,30.2,,,,
146,2025-06-18 19:00,28.8,,2.7,270,56,22.1,19.1,1004.2,1011,.9,.55,,,0,0,,,3251,,,26.8,,,,
146,2025-06-18 20:00,27,,2,270,58,20.6,18,1004.5,1011.4,0,.06,,,5,0,,,3912,,,24.6,,,,
146,2025-06-18 21:00,26.1,,.2,0,57,19.2,16.9,1005,1011.9,,,,,5,0,Ci,,3743,,,23.8,,,,
146,2025-06-18 22:00,25.2,,1.4,250,62,19.7,17.3,1005.9,1012.8,,,,,0,0,,,2076,,,22.9,,,,
146,2025-06-18 23:00,25.1,,.9,140,73,23.2,19.9,1006.2,1013.1,,,,,3,0,,,1901,,,22.6,,,,
146,2025-06-19 00:00,23.8,,1.7,140,76,22.4,19.3,1006.2,1013.1,,,,,0,0,,,2146,,,21.9,,,,
146,2025-06-19 01:00,23.2,,1.5,140,77,21.8,18.9,1006.5,1013.5,,,,,3,0,,,2149,,,21.5,,,,
146,2025-06-19 02:00,22.8,,.4,0,81,22.4,19.3,1006.7,1013.7,,,,,0,0,,,1499,,,21.1,,,,
146,2025-06-19 03:00,22.3,,.8,90,82,22,19,1006.5,1013.5,,,,,0,0,,,1800,,,20.7,,,,
146,2025-06-19 04:00,21.5,,1.1,110,83,21.2,18.4,1006.2,1013.2,,,,,3,0,Ci,,2022,,,20.3,,,,
146,2025-06-19 05:00,21.3,,1.8,110,83,20.9,18.2,1006.6,1013.6,,,,,4,0,Ci,,2147,,,20,,,,
146,2025-06-19 06:00,21.6,,.8,110,83,21.3,18.5,1006.9,1013.9,0,.07,,,5,0,Ci,,1999,,,20.4,,,,
146,2025-06-19 07:00,23.8,,.7,140,75,22,19,1006.8,1013.8,1,.54,,,7,0,Ci,,2676,,,23.1,,,,
146,2025-06-19 08:00,26.3,,.4,0,65,22.1,19.1,1006.9,1013.8,1,1.23,,,8,5,AcCi,35,2360,,,27.6,,,,
146,2025-06-19 09:00,27.1,,1,200,65,23.2,19.9,1006.5,1013.4,.4,1.26,,,8,0,Ci,,2321,,,27.7,,,,
146,2025-06-19 10:00,28.7,,2,250,52,20.4,17.8,1006.6,1013.4,.8,1.8,,,7,3,ScCi,15,3650,,,31.8,,,,
146,2025-06-19 11:00,29.9,,2.6,180,51,21.4,18.6,1006.2,1013,.8,2.48,,,5,2,ScCi,15,4189,,,33.3,,,,
146,2025-06-19 12:00,30.7,,3,180,52,22.9,19.7,1005.8,1012.6,.8,2.95,,,7,6,ScCi,15,4619,,,34.4,,,,
146,2025-06-19 13:00,31.7,,3.1,160,51,23.8,20.3,1005.3,1012.1,.5,2.4,,,8,2,AcCi,29,4145,,,34.7,,,,
146,2025-06-19 14:00,31.3,,2.2,230,54,24.6,20.8,1005.1,1011.9,.2,1.87,,,10,5,ScAs,15,4247,,,32.3,,,,
146,2025-06-19 15:00,31.8,,3.4,160,57,26.8,22.2,1004.8,1011.5,.2,1.45,,,7,3,ScCi,15,4002,,,34.4,,,,
146,2025-06-19 16:00,31.7,,3.5,180,54,25.2,21.2,1004.7,1011.4,.6,2.33,,,6,5,ScCi,15,4128,,,34.5,,,,
146,2025-06-19 17:00,31.5,,3,160,58,26.8,22.2,1004.5,1011.3,.9,2.27,,,5,3,ScAc,10,4608,,,33.2,,,,
146,2025-06-19 18:00,30.3,,4.4,160,61,26.3,21.9,1004.3,1011.1,1,1.45,,,5,3,AcCi,35,4153,,,30.7,,,,
146,2025-06-19 19:00,28.9,,3.1,140,65,25.8,21.6,1004.7,1011.5,.3,.43,,,7,5,,30,4933,,,27.6,,,,
146,2025-06-19 20:00,27.7,,3.4,140,69,25.5,21.4,1004.8,1011.6,0,.1,,,6,1,,43,4922,,,25.8,,,,
146,2025-06-19 21:00,27.2,,2.8,140,72,26,21.7,1005.1,1012,,,,,4,4,Sc,10,5000,,,25,,,,
146,2025-06-19 22:00,27,,2.3,160,73,26,21.7,1005.1,1012,,,,,8,3,,29,4948,,,24.5,,,,
146,2025-06-19 23:00,26.9,,2.7,180,73,25.8,21.6,1005.1,1012,,,,,10,7,,33,4899,,,24.5,,,,
146,2025-06-20 00:00,26.7,,2.4,200,74,25.8,21.6,1004.7,1011.6,,,,,7,4,,,4965,,,24.3,,,,
146,2025-06-20 01:00,26.5,0,2,180,75,25.8,21.6,1004.1,1011,,,,,6,5,ScAs,10,4624,,01,24.3,,,,
146,2025-06-20 02:00,26.5,,3.3,160,75,25.8,21.6,1003.5,1010.4,,,,,10,5,,40,4934,,,24.1,,,,
146,2025-06-20 03:00,26.4,,3.4,160,76,26.1,21.8,1003,1009.9,,,,,4,4,Sc,15,4973,,,23.9,,,,
146,2025-06-20 04:00,26.4,,2.9,140,76,26.1,21.8,1002.7,1009.6,,,,,3,3,Sc,13,4972,,,23.9,,,,
146,2025-06-20 05:00,26.3,,2.5,160,76,26,21.7,1002.4,1009.3,,,,,8,5,ScAc,10,5000,,,23.8,,,,
146,2025-06-20 06:00,26.4,,2.3,180,76,26.1,21.8,1002.7,1009.6,0,.01,,,10,8,StNs,9,4744,,,24,,,,
146,2025-06-20 07:00,26.6,0,2.6,180,75,26,21.7,1002.1,1008.9,0,.13,,,10,8,StNs,11,4965,,01,24.6,,,,
146,2025-06-20 08:00,26.4,0,2.3,160,77,26.4,22,1001.8,1008.7,0,.25,,,10,1,ScAs,10,3798,,01,25.4,,,,
146,2025-06-20 09:00,26.9,.1,2.3,180,75,26.4,22,1001.3,1008.1,0,.48,,,10,8,ScAs,10,4985,,01,26.2,,,,
146,2025-06-20 10:00,26.2,.1,2.4,180,81,27.4,22.6,1001.1,1008,0,.4,,,10,4,ScAs,6,2738,,01,26.3,,,,
146,2025-06-20 11:00,26,.4,2.6,160,82,27.4,22.6,1001,1007.9,0,.41,,,10,8,ScAs,8,3291,,01,26.5,,,,
146,2025-06-20 12:00,25.8,.4,2.3,140,85,28.1,23,1000.3,1007.2,0,.26,,,10,2,ScAs,10,1984,,01,26,,,,
146,2025-06-20 13:00,26,1,2.4,160,83,27.7,22.8,999.6,1006.4,0,.54,,,10,3,ScAs,7,2090,,01,27.3,,,,
146,2025-06-20 14:00,25.5,1.1,2.7,160,86,27.9,22.9,999.2,1006.1,0,.58,,,10,7,ScAs,8,2299,,01,27,,,,
146,2025-06-20 15:00,25.7,.6,2.4,160,84,27.6,22.7,998.8,1005.6,0,.54,,,10,4,ScAs,9,2583,,01,26.9,,,,
146,2025-06-20 16:00,25.4,.8,3,180,86,27.7,22.8,998.2,1005.1,0,.3,,,10,3,ScAs,10,2260,,01,26.1,,,,
146,2025-06-20 17:00,25.5,.8,3,200,85,27.6,22.7,998,1004.8,0,.21,,,10,5,ScAs,9,2756,,01,25.2,,,,
146,2025-06-20 18:00,25.3,1.9,4.4,200,83,26.6,22.1,998.1,1005,0,.14,,,10,8,ScAs,9,1590,,01,24.7,,,,
146,2025-06-20 19:00,24.3,1.5,3.4,180,86,26.1,21.8,997.8,1004.7,0,.1,,,10,5,ScNs,10,1342,,01,24.1,,,,
146,2025-06-20 20:00,24.4,.4,3.3,200,84,25.6,21.5,998.8,1005.7,0,.01,,,10,6,ScNs,11,2241,,01,23.7,,,,
146,2025-06-20 21:00,23.5,2.1,2.9,160,89,25.6,21.5,998.9,1005.8,,,,,10,5,ScNs,9,924,,1901,23.3,,,,
146,2025-06-20 22:00,23.6,1.6,2.2,160,90,26.1,21.8,999.3,1006.2,,,,,10,8,ScNs,9,781,,1901,23.4,,,,
146,2025-06-20 23:00,24.2,.6,1.8,180,88,26.4,22,999.2,1006.1,,,,,10,7,ScNs,8,2921,,1901,23.5,,,,
146,2025-06-21 00:00,25.3,.1,4.3,230,84,26.9,22.3,999,1005.9,,,,,10,7,,,4985,,01,23.6,,,,
146,2025-06-21 01:00,25.3,.1,2.3,200,84,26.9,22.3,998.3,1005.2,,,,,10,7,ScNs,10,3418,,01,23.7,,,,
146,2025-06-21 02:00,24.3,.6,3,180,90,27.2,22.5,997.5,1004.4,,,,,10,7,ScNs,7,1261,,01,23.8,,,,
146,2025-06-21 03:00,24.5,.4,2.5,180,90,27.6,22.7,996.7,1003.6,,,,,10,6,ScNs,8,2965,,01,23.8,,,,
146,2025-06-21 04:00,24.3,.5,1.9,200,91,27.6,22.7,996.7,1003.6,,,,,10,5,ScNs,7,1621,,01,23.8,,,,
146,2025-06-21 05:00,24.1,18.8,5.4,250,94,28.1,23,997.3,1004.2,,,,,10,8,StNs,4,463,,01,23.8,,,,
146,2025-06-21 06:00,22.9,5.8,5.3,250,93,26,21.7,997.9,1004.8,0,0,,,10,8,StNs,3,792,,01,23.4,,,,
146,2025-06-21 07:00,22.2,6.4,2.9,250,95,25.3,21.3,998.3,1005.2,0,.07,,,10,8,StNs,2,917,,01,23.2,,,,
146,2025-06-21 08:00,21.8,3.6,1.8,270,94,24.4,20.7,998.4,1005.3,0,.12,,,10,7,StNs,2,1441,,01,23.3,,,,
146,2025-06-21 09:00,21.6,5.3,1.5,340,94,24.1,20.5,998.4,1005.4,0,.12,,,10,5,StNs,1,1249,,01,23.2,,,,
146,2025-06-21 10:00,21.6,3.8,1.8,340,94,24.1,20.5,998.2,1005.2,0,.15,,,10,5,StNs,4,824,,01,23.2,,,,
146,2025-06-21 11:00,21.6,11.4,.5,360,94,24.1,20.5,997.4,1004.3,0,.18,,,10,2,StNs,2,287,,01,23.2,,,,
146,2025-06-21 12:00,21.2,7.1,3.2,290,95,23.8,20.3,998.2,1005.2,0,.22,,,10,3,StNs,1,588,,01,22.9,,,,
146,2025-06-21 13:00,20.7,11.6,1.9,320,95,23.1,19.8,998.1,1005.1,0,.27,,,10,3,StNs,1,274,,01,22.6,,,,
146,2025-06-21 14:00,21,12.5,.5,230,95,23.5,20.1,997.7,1004.7,0,.25,,,10,2,StNs,2,236,,01,22.7,,,,
146,2025-06-21 15:00,21,7.5,1.4,250,95,23.5,20.1,998.5,1005.5,0,.26,,,10,2,StNs,2,649,,01,22.9,,,,
146,2025-06-21 16:00,21.4,3.8,.7,340,94,23.8,20.3,998,1005,0,.26,,,10,5,StNs,2,518,,01,23.2,,,,
146,2025-06-21 17:00,21.4,1.9,1.6,340,94,23.8,20.3,997.9,1004.9,0,.22,,,10,4,StNs,2,1388,,01,23.4,,,,
146,2025-06-21 18:00,20.9,2.3,1.3,160,93,22.9,19.7,998.8,1005.8,0,.18,,,10,2,StNs,5,553,,01,22.7,,,,
146,2025-06-21 19:00,18.7,1.8,2.6,50,89,19.1,16.8,998.7,1005.7,0,.09,,,10,3,StNs,7,1504,,01,21.4,,,,
146,2025-06-21 20:00,18.3,1.7,2.7,50,92,19.2,16.9,997.1,1004.1,0,.01,,,10,2,StNs,4,849,,01,20.5,,,,
146,2025-06-21 21:00,18.3,2.7,1.7,230,95,19.9,17.4,999.1,1006.1,,,,,10,6,StNs,5,408,,01,20.2,,,,
146,2025-06-21 22:00,18.2,2.2,2.3,140,95,19.7,17.3,999,1006,,,,,10,7,StNs,6,803,,01,20.1,,,,
146,2025-06-21 23:00,18.3,.6,2,340,95,19.9,17.4,999.3,1006.3,,,,,10,3,StNs,2,880,,01,19.9,,,,
146,2025-06-22 00:00,18.4,.2,.8,360,95,20,17.5,999.4,1006.4,,,,,10,9,ScAs,15,925,,01,19.9,,,,
146,2025-06-22 01:00,18.3,0,.5,50,95,19.9,17.4,999.3,1006.3,,,,,10,5,ScAs,13,1508,,01,19.8,,,,
146,2025-06-22 02:00,18.5,,.4,0,95,20.1,17.6,999.6,1006.6,,,,,10,8,,3,1747,,,19.8,,,,
146,2025-06-22 03:00,18.6,,.6,70,94,20.1,17.6,999.7,1006.7,,,,,10,10,St,2,1531,,19,19.9,,,,
146,2025-06-22 04:00,18.6,,.1,0,94,20.1,17.6,999.8,1006.8,,,,,9,9,St,2,1675,,,19.9,,,,
146,2025-06-22 05:00,18.5,,.2,0,94,20,17.5,1000,1007,,,,,10,4,StAs,3,1490,,,19.5,,,,
146,2025-06-22 06:00,18.6,,.7,140,94,20.1,17.6,1000.8,1007.9,0,.02,,,10,4,StAs,3,1654,,,19.8,,,,
146,2025-06-22 07:00,19.1,,0,0,94,20.8,18.1,1001.5,1008.5,0,.13,,,10,3,ScAs,12,1368,,,20.5,,,,
146,2025-06-22 08:00,21.1,,1.4,90,86,21.4,18.6,1001.7,1008.7,.3,.89,,,8,7,ScCi,10,1374,,,25.1,,,,
146,2025-06-22 09:00,21.1,,.9,270,85,21.2,18.4,1001.9,1008.9,.3,1.28,,,7,5,ScCi,14,1548,,,24.9,,,,
146,2025-06-22 10:00,22.7,,.9,290,75,20.6,18,1001.7,1008.6,.7,2.06,,,8,4,ScCi,13,1849,,,28.7,,,,
146,2025-06-22 11:00,24.5,,1.3,320,71,21.7,18.8,1001.8,1008.7,1,2.94,,,7,0,Ci,,2112,,,32.6,,,,
146,2025-06-22 12:00,25.4,,1.9,340,63,20.4,17.8,1001.2,1008.1,.9,2.83,,,8,0,Ci,,1979,,,33.5,,,,
146,2025-06-22 13:00,26.6,,2.5,50,46,16,14,1000.5,1007.3,1,3.74,,,6,0,Ci,,3681,,,35.7,,,,
146,2025-06-22 14:00,27.6,,2.8,340,44,16.2,14.2,1000,1006.8,1,3.46,,,6,0,Ci,,3720,,,34.6,,,,
146,2025-06-22 15:00,27.8,,2.5,320,45,16.7,14.7,999.8,1006.6,1,3.27,,,5,0,Ci,,3924,,,33.7,,,,
146,2025-06-22 16:00,28.3,,2.2,270,48,18.4,16.2,999.8,1006.6,1,2.75,,,5,0,Ci,,4104,,,32.3,,,,
146,2025-06-22 17:00,28.6,,2.2,290,49,19.1,16.8,999.8,1006.6,1,2.19,,,4,0,Ci,,3606,,,30.3,,,,
146,2025-06-22 18:00,27.2,,3.4,270,46,16.5,14.5,999.8,1006.6,1,1.46,,,3,0,Ci,,4785,,,27.2,,,,
146,2025-06-22 19:00,25.5,,3,270,62,20.1,17.6,1000.3,1007.2,1,.67,,,0,0,,,3671,,,24.8,,,,
146,2025-06-22 20:00,23.5,,1.8,230,68,19.6,17.2,1000.9,1007.8,.4,.14,,,3,0,,,3413,,,22.8,,,,
146,2025-06-22 21:00,22.2,,2.1,250,70,18.6,16.4,1001.6,1008.6,,,,,5,0,Ci,,3873,,,21.2,,,,
146,2025-06-22 22:00,21.1,,2.3,250,78,19.5,17.1,1002.4,1009.4,,,,,0,0,,,2755,,,20.4,,,,
146,2025-06-22 23:00,20.5,,1.5,230,78,18.8,16.5,1002.4,1009.4,,,,,0,0,,,2958,,,19.8,,,,
146,2025-06-23 00:00,19.7,,1.2,140,80,18.3,16.1,1002.2,1009.2,,,,,0,0,,,3596,,,19.3,,,,
146,2025-06-23 01:00,18.7,,1.5,140,83,17.8,15.7,1001.9,1009,,,,,0,0,,,3429,,,18.6,,,,
146,2025-06-23 02:00,18,,1.4,140,85,17.5,15.4,1001.7,1008.8,,,,,0,0,,,3438,,,18.1,,,,
146,2025-06-23 03:00,17.7,,1.6,110,86,17.4,15.3,1001.9,1009,,,,,0,0,,,3610,,,17.7,,,,
146,2025-06-23 04:00,17.2,,1.5,140,85,16.6,14.6,1002,1009.1,,,,,0,0,,,3511,,,17.3,,,,
146,2025-06-23 05:00,16.7,,2.2,140,85,16.1,14.1,1001.9,1009,,,,,0,0,,,3777,,,16.8,,,,
146,2025-06-23 06:00,17,,1.4,140,85,16.4,14.4,1002,1009.1,.3,.06,,,0,0,,,3416,,,17,,,,
146,2025-06-23 07:00,19.1,,.9,140,74,16.3,14.3,1002.1,1009.1,1,.53,,,0,0,,,4313,,,19.3,,,,
146,2025-06-23 08:00,21,,.4,0,71,17.6,15.5,1002.2,1009.2,1,1.21,,,0,0,,,2966,,,23.4,,,,
146,2025-06-23 09:00,23.1,,.4,0,59,16.6,14.6,1001.9,1008.8,1,1.94,,,0,0,,,4361,,,27.1,,,,
146,2025-06-23 10:00,25.5,,.8,250,53,17.3,15.2,1001.6,1008.5,1,2.59,,,0,0,,,3873,,,29.4,,,,
146,2025-06-23 11:00,27.1,,2.4,320,49,17.5,15.4,1001.4,1008.2,1,3.1,,,0,0,,,4193,,,33,,,,
146,2025-06-23 12:00,28.2,,1.6,320,45,17.2,15.1,1000.8,1007.6,1,3.43,,,0,0,,,4060,,,34.8,,,,
146,2025-06-23 13:00,29.4,,1.7,270,52,21.3,18.5,1000.1,1006.9,1,3.56,,,0,0,,,4214,,,36.3,,,,
146,2025-06-23 14:00,30.3,,1.6,290,43,18.5,16.3,999.9,1006.6,1,3.47,,,0,0,,,3532,,,36.5,,,,
146,2025-06-23 15:00,30.8,,2.8,320,43,19,16.7,999.2,1005.9,1,3.21,,,0,0,,,3295,,,35.1,,,,
146,2025-06-23 16:00,31.4,,1.9,50,40,18.3,16.1,998.7,1005.4,1,2.7,,,0,0,,,4016,,,34.6,,,,
146,2025-06-23 17:00,32,,1.9,340,42,19.9,17.4,998.2,1004.9,1,2.09,,,0,0,,,4410,,,31.9,,,,
146,2025-06-23 18:00,31.3,,2.4,320,43,19.6,17.2,998.1,1004.8,1,1.39,,,1,0,Ci,,3861,,,30,,,,
146,2025-06-23 19:00,28.4,,2.4,270,61,23.5,20.1,998.8,1005.6,.8,.61,,,0,0,,,3290,,,27.1,,,,
146,2025-06-23 20:00,26.2,,2.6,230,69,23.4,20,999.3,1006.1,0,.06,,,0,0,,,1816,,,24.8,,,,
146,2025-06-23 21:00,25.3,,1.3,270,73,23.5,20.1,1000.1,1007,,,,,7,0,Ci,,1507,,,24.2,,,,
146,2025-06-23 22:00,24.5,,1.8,250,78,24,20.4,1000.3,1007.2,,,,,7,0,,,1187,,,23.5,,,,
146,2025-06-23 23:00,24,,1,360,80,23.8,20.3,1000.6,1007.5,,,,,0,0,,,1162,,,22.9,,,,
146,2025-06-24 00:00,23.1,,1.5,50,84,23.7,20.2,1000.7,1007.6,,,,,0,0,,,1093,,,22.3,,,,
146,2025-06-24 01:00,22.8,,.7,90,84,23.2,19.9,1000.8,1007.7,,,,,4,0,,,1480,,,21.9,,,,
146,2025-06-24 02:00,22.7,,1.3,140,83,22.8,19.6,1000.8,1007.7,,,,,7,0,,,2195,,,21.6,,,,
146,2025-06-24 03:00,22.4,,1.6,110,83,22.4,19.3,1000.5,1007.4,,,,,8,0,Ci,,2178,,,21.3,,,,
146,2025-06-24 04:00,22.1,,.4,0,84,22.2,19.2,1000.4,1007.4,,,,,8,0,Ci,,2015,,,21.1,,,,
146,2025-06-24 05:00,21.4,,.4,0,85,21.6,18.7,1000.9,1007.9,,,,,7,0,Ci,,2117,,,20.4,,,,
146,2025-06-24 06:00,21.2,,1.8,110,85,21.3,18.5,1000.8,1007.8,0,.03,,,8,0,CcCi,,2113,,,20.4,,,,
146,2025-06-24 07:00,22.2,,.7,20,83,22.1,19.1,1001,1008,0,.37,,,9,0,Ci,,2147,,,22.6,,,,
146,2025-06-24 08:00,23.5,,.5,320,77,22.2,19.2,1000.6,1007.5,.1,.65,,,10,3,ScAs,10,2680,,,24.2,,,,
146,2025-06-24 09:00,24.4,,2,50,67,20.4,17.8,1000.3,1007.2,0,.72,,,10,3,ScAs,10,3000,,,25.1,,,,
146,2025-06-24 10:00,24.6,,1.5,20,70,21.6,18.7,1000.3,1007.2,0,.62,,,10,4,ScAs,10,3555,,,25.5,,,,
146,2025-06-24 11:00,24.9,0,1,160,67,21,18.3,1000.4,1007.3,0,.64,,,10,6,StNs,5,2000,,01,25.4,,,,
146,2025-06-24 12:00,23.4,.1,2.2,140,75,21.6,18.7,1000.7,1007.6,0,.63,,,10,6,StNs,5,3400,,01,24.7,,,,
146,2025-06-24 13:00,20,4.5,3.4,110,85,19.7,17.3,1000.9,1007.9,0,.38,,,10,8,StNs,5,467,,01,23.3,,,,
146,2025-06-24 14:00,19.1,12,.8,90,90,19.9,17.4,1001,1008,0,.37,,,10,8,StNs,5,108,,01,21.9,,,,
146,2025-06-24 15:00,19.7,7.2,1.2,50,92,21,18.3,1000.2,1007.2,0,.29,,,10,7,StNs,5,600,,01,22.7,,,,
146,2025-06-24 16:00,20.7,.2,1.4,50,90,21.8,18.9,999.3,1006.3,0,.55,,,10,6,ScAs,10,2000,,01,24.5,,,,
146,2025-06-24 17:00,22,,0,0,84,22.1,19.1,999.2,1006.1,0,.75,,,10,6,ScAs,10,3600,,,25.3,,,,
146,2025-06-24 18:00,22.2,,.7,20,88,23.5,20.1,999.1,1006,0,.41,,,10,7,ScAs,10,2333,,,24.5,,,,
146,2025-06-24 19:00,22.4,,2.7,110,86,23.2,19.9,999,1005.9,0,.25,,,10,9,,14,4764,,,23.7,,,,
146,2025-06-24 20:00,22.7,,1.6,70,84,23.1,19.8,998.9,1005.8,0,.06,,,9,4,,10,4913,,,23.1,,,,
146,2025-06-24 21:00,22.6,,1.2,140,84,22.9,19.7,999.1,1006,,,,,10,8,ScAs,10,4999,,,22.8,,,,
146,2025-06-24 22:00,22.4,,2.1,110,84,22.7,19.5,999.5,1006.4,,,,,6,5,,10,5000,,,22.3,,,,
146,2025-06-24 23:00,22.5,,1.8,110,84,22.8,19.6,999.8,1006.7,,,,,9,6,,11,4915,,,22.3,,,,
146,2025-06-25 00:00,22.1,,2.3,140,86,22.8,19.6,999.2,1006.1,,,,,8,8,Sc,10,4888,,,22.1,,,,
146,2025-06-25 01:00,22.3,,1.3,160,85,22.8,19.6,998.9,1005.8,,,,,6,6,,8,4965,,,22,,,,
146,2025-06-25 02:00,22.7,,1.5,140,82,22.5,19.4,998.8,1005.7,,,,,6,6,,7,5000,,,22.1,,,,
146,2025-06-25 03:00,22.5,,2.5,140,84,22.8,19.6,998.4,1005.3,,,,,8,8,Sc,10,4937,,,22,,,,
146,2025-06-25 04:00,22.3,,2.4,140,86,23.1,19.8,998.3,1005.2,,,,,9,9,Sc,10,3742,,,21.9,,,,
146,2025-06-25 05:00,21.4,1.1,3.6,230,90,22.8,19.6,999.2,1006.2,,,,,10,8,StNs,5,922,,01,21.7,,,,
146,2025-06-25 06:00,20.9,.4,2.9,180,89,22,19,999.5,1006.5,0,0,,,10,8,ScAs,10,4966,,01,21.4,,,,
146,2025-06-25 07:00,20.7,.1,2.1,160,89,21.7,18.8,999.7,1006.7,0,.06,,,10,9,ScAs,10,2613,,01,21.6,,,,
146,2025-06-25 08:00,21.2,,2.3,180,86,21.6,18.7,1000,1007,0,.15,,,10,8,ScAs,8,5000,,,22.2,,,,
146,2025-06-25 09:00,21.8,,3.5,180,82,21.3,18.5,1000.3,1007.3,.1,.6,,,10,7,ScAs,7,5000,,,22.7,,,,
146,2025-06-25 10:00,21.7,,2.7,160,82,21.2,18.4,1000.4,1007.4,0,.29,,,10,9,ScAs,6,4972,,,22.3,,,,
146,2025-06-25 11:00,20.8,0,2.9,180,89,21.8,18.9,1000.3,1007.3,0,.33,,,10,6,StNs,4,457,,02,22.4,,,,
146,2025-06-25 12:00,21,.2,3.7,250,89,22.1,19.1,1000.9,1007.9,0,.22,,,10,5,StNs,4,1757,,02,22.2,,,,
146,2025-06-25 13:00,22.8,.1,2.7,230,82,22.7,19.5,1001.4,1008.3,0,.85,,,9,9,Sc,15,3864,,02,25.3,,,,
146,2025-06-25 14:00,23.9,,4.6,250,72,21.3,18.5,1001.4,1008.3,.2,1.79,,,8,8,Sc,16,4999,,,26.2,,,,
146,2025-06-25 15:00,24.9,,4,250,69,21.7,18.8,1001.4,1008.3,.5,2.43,,,6,6,Sc,8,4727,,,28,,,,
146,2025-06-25 16:00,25.9,,3.4,270,68,22.7,19.5,1001.3,1008.2,.8,2.67,,,6,6,Sc,7,3968,,,30.7,,,,
146,2025-06-25 17:00,25.6,,3.8,250,64,20.9,18.2,1001,1007.9,.7,1.85,,,6,6,Sc,9,4088,,,27.8,,,,
146,2025-06-25 18:00,25.5,,3.5,250,63,20.5,17.9,1000.7,1007.6,.9,1.33,,,4,4,Sc,14,4265,,,26.1,,,,
146,2025-06-25 19:00,24.1,,3.2,250,70,20.9,18.2,1000.8,1007.7,.4,.43,,,6,3,,21,3562,,,23.8,,,,
146,2025-06-25 20:00,22.3,,2.1,270,83,22.2,19.2,1001.3,1008.3,0,.04,,,8,2,,7,2246,,,22.9,,,,
146,2025-06-25 21:00,22.3,,3,250,83,22.2,19.2,1001.4,1008.4,,,,,10,3,ScAs,7,1415,,,22.3,,,,
146,2025-06-25 22:00,22,,2.2,250,82,21.6,18.7,1002.1,1009.1,,,,,10,8,,13,979,,19,21.9,,,,
146,2025-06-25 23:00,21.8,,2.9,250,84,21.8,18.9,1002.4,1009.4,,,,,10,7,,5,925,,19,21.7,,,,
146,2025-06-26 00:00,21.7,,3.3,230,86,22.2,19.2,1002.8,1009.8,,,,,10,5,ScAs,7,739,,19,21.5,,,,
146,2025-06-26 01:00,22,,2.5,230,81,21.3,18.5,1002.9,1009.9,,,,,10,4,,7,1052,,19,21.2,,,,
146,2025-06-26 02:00,21.8,,3.1,230,81,21,18.3,1002.9,1009.9,,,,,10,7,,10,1017,,,21,,,,
146,2025-06-26 03:00,21.6,,3.1,230,81,20.8,18.1,1002.6,1009.6,,,,,10,5,ScAs,19,1099,,,20.8,,,,
146,2025-06-26 04:00,21.7,,2.7,230,80,20.6,18,1002.8,1009.8,,,,,10,5,ScAs,19,1415,,,20.7,,,,
146,2025-06-26 05:00,21.4,,2.8,230,81,20.5,17.9,1003.1,1010.1,,,,,10,4,ScAs,5,1241,,,20.6,,,,
146,2025-06-26 06:00,21,,2.4,230,83,20.5,17.9,1003.1,1010.1,0,.03,,,7,5,ScCi,10,1028,,,20.2,,,,
146,2025-06-26 07:00,21.1,,2.4,200,82,20.4,17.8,1003.3,1010.3,0,.25,,,6,6,Sc,15,932,,19,21.2,,,,
146,2025-06-26 08:00,22.6,,2,230,77,21,18.3,1003.5,1010.5,.8,.97,,,4,4,Sc,15,1093,,19,24.3,,,,
146,2025-06-26 09:00,23.3,,2,250,73,20.8,18.1,1003.6,1010.5,.5,1.31,,,7,7,Sc,15,1188,,,25.7,,,,
146,2025-06-26 10:00,24.4,,2.9,250,72,22,19,1003.3,1010.2,.5,1.84,,,8,2,ScAs,10,1082,,,28.3,,,,
146,2025-06-26 11:00,25,,2.4,270,69,21.8,18.9,1003.4,1010.3,.2,2.09,,,10,3,ScAs,10,1202,,,29.2,,,,
146,2025-06-26 12:00,26.8,,2.5,250,61,21.4,18.6,1002.9,1009.8,.6,2.6,,,2,2,Sc,10,1434,,,32.8,,,,
146,2025-06-26 13:00,27.5,,3.3,250,60,22,19,1002.6,1009.4,1,3.45,,,3,3,Sc,10,1395,,,33.9,,,,
146,2025-06-26 14:00,27.6,,3.3,230,62,22.8,19.6,1002.2,1009,.7,2.88,,,7,7,Sc,10,1028,,,32.2,,,,
146,2025-06-26 15:00,28.1,,2.7,290,59,22.4,19.3,1002.1,1008.9,.5,2.22,,,6,6,Sc,12,1094,,,31.9,,,,
146,2025-06-26 16:00,28,,2.7,270,61,22.9,19.7,1002.1,1008.9,.4,1.71,,,5,5,Sc,12,993,,40,30.5,,,,
146,2025-06-26 17:00,27.3,,3.3,270,61,22.1,19.1,1002,1008.8,.7,1.67,,,8,5,AcCi,30,876,,40,28.8,,,,
146,2025-06-26 18:00,26.5,,3.2,290,62,21.4,18.6,1002,1008.9,1,1.18,,,7,0,Ci,,882,,40,27.2,,,,
146,2025-06-26 19:00,25.5,,2.9,270,69,22.4,19.3,1002.3,1009.2,.7,.56,,,6,4,,12,801,,40,25.5,,,,
146,2025-06-26 20:00,24,,3,270,76,22.7,19.5,1002.5,1009.4,0,.12,,,8,6,,11,675,,4019,23.5,,,,
146,2025-06-26 21:00,23,,1.9,270,81,22.7,19.5,1002.6,1009.5,,,,,8,8,Sc,11,490,,19,22.8,,,,
146,2025-06-26 22:00,22.5,,1.4,250,83,22.5,19.4,1002.9,1009.9,,,,,8,8,,9,485,,19,22.3,,,,
146,2025-06-26 23:00,22.2,,1.9,290,87,23.2,19.9,1003.1,1010.1,,,,,8,8,,7,346,,19,22.4,,,,
146,2025-06-27 00:00,22,,1,270,85,22.4,19.3,1003,1009.9,,,,,7,7,,,464,,19,22.3,,,,
146,2025-06-27 01:00,22.2,,.3,0,86,22.9,19.7,1002.9,1009.9,,,,,10,4,,4,415,,19,22.5,,,,
146,2025-06-27 02:00,22.3,,.4,0,86,23.1,19.8,1002.9,1009.9,,,,,9,5,,3,433,,19,22.5,,,,
146,2025-06-27 03:00,22,,.8,70,87,22.9,19.7,1002.5,1009.5,,,,,9,9,St,3,323,,19,22.5,,,,
146,2025-06-27 04:00,22,,1.4,140,87,22.9,19.7,1002.3,1009.3,,,,,9,9,St,5,383,,19,22,,,,
146,2025-06-27 05:00,21.9,,1,110,85,22.2,19.2,1002.4,1009.4,,,,,7,7,St,7,564,,19,21.5,,,,
146,2025-06-27 06:00,22.2,,.6,250,86,22.9,19.7,1002.8,1009.8,0,.03,,,7,7,St,6,555,,19,22.2,,,,
146,2025-06-27 07:00,23.4,,.2,0,82,23.5,20.1,1003,1009.9,.1,.33,,,7,0,Ci,,707,,19,23.4,,,,
146,2025-06-27 08:00,24.6,,1,180,75,23.1,19.8,1003.2,1010.1,.7,.98,,,7,0,Ci,,1449,,19,26.1,,,,
146,2025-06-27 09:00,25.4,,1.7,250,68,22,19,1003.1,1010,1,1.65,,,8,0,Ci,,1615,,,28.1,,,,
146,2025-06-27 10:00,26.5,,.8,270,66,22.8,19.6,1003,1009.9,.8,1.82,,,8,0,Ci,,1490,,,30.3,,,,
146,2025-06-27 11:00,27.7,,1.4,290,61,22.5,19.4,1002.5,1009.3,1,2.67,,,6,0,Ci,,1183,,,33.2,,,,
146,2025-06-27 12:00,29.2,,.8,250,56,22.7,19.5,1002.1,1008.9,1,3.11,,,4,0,Ci,,1134,,,35.8,,,,
146,2025-06-27 13:00,28.9,,2.5,230,55,21.8,18.9,1001.8,1008.6,.7,2.6,,,5,5,Ac,35,1574,,,33,,,,
146,2025-06-27 14:00,30.7,,1.4,340,51,22.4,19.3,1001.2,1007.9,1,3.09,,,2,0,Ci,,2892,,,36.6,,,,
146,2025-06-27 15:00,31.8,,1.4,230,47,22,19,1001,1007.7,1,3.04,,,1,0,Ci,,2321,,,36.7,,,,
146,2025-06-27 16:00,32.5,,1.5,270,46,22.4,19.3,1000.6,1007.3,1,2.63,,,2,0,Ci,,3055,,,35.7,,,,
146,2025-06-27 17:00,31.7,,1.9,320,51,23.8,20.3,1000.3,1007,.7,1.66,,,7,7,Ac,35,2501,,,32.6,,,,
146,2025-06-27 18:00,32.3,,.8,20,48,23.1,19.8,1000.1,1006.8,1,1.24,,,1,0,Ci,,2795,,,32,,,,
146,2025-06-27 19:00,31.2,,1,50,51,23.1,19.8,1000.2,1006.9,1,.6,,,2,0,,,2600,,,29.7,,,,
146,2025-06-27 20:00,29.6,,.9,270,58,24,20.4,1000.8,1007.6,.2,.09,,,0,0,,,2868,,,27.7,,,,
146,2025-06-27 21:00,28.8,,.8,140,65,25.6,21.5,1001.2,1008,,,,,0,0,,,2549,,,26.7,,,,
146,2025-06-27 22:00,27.3,,1.1,270,74,26.8,22.2,1001.8,1008.6,,,,,0,0,,,1576,,,25.7,,,,
146,2025-06-27 23:00,26.7,,.4,0,74,25.8,21.6,1002,1008.8,,,,,6,6,,58,1697,,,25.1,,,,
146,2025-06-28 00:00,26.2,,1.2,290,76,25.8,21.6,1002.2,1009.1,,,,,8,8,,,1900,,,24.8,,,,
146,2025-06-28 01:00,25.6,,0,0,76,24.9,21,1002.2,1009.1,,,,,0,0,,,1829,,,24.4,,,,
146,2025-06-28 02:00,25.1,,1.2,140,82,26.1,21.8,1001.8,1008.7,,,,,7,6,,13,1609,,,24,,,,
146,2025-06-28 03:00,24.8,,1.5,140,82,25.6,21.5,1001.5,1008.4,,,,,8,8,Ac,35,1600,,,23.8,,,,
146,2025-06-28 04:00,24.5,,.4,0,84,25.8,21.6,1001.7,1008.6,,,,,7,7,Ac,35,1389,,,23.6,,,,
146,2025-06-28 05:00,24.5,,.4,0,84,25.8,21.6,1001.8,1008.7,,,,,10,7,ScAs,6,1367,,,23.6,,,,
146,2025-06-28 06:00,24.8,,.1,0,84,26.3,21.9,1002,1008.9,0,.02,,,9,7,ScAs,5,1422,,,24.3,,,,
146,2025-06-28 07:00,26,,.1,0,82,27.4,22.6,1002,1008.9,0,.34,,,8,5,ScAc,5,1497,,,26.1,,,,
146,2025-06-28 08:00,27.6,,1.8,90,76,27.9,22.9,1002,1008.8,.6,.89,,,4,1,ScCi,10,1469,,,28.6,,,,
146,2025-06-28 09:00,29,,1.1,180,72,28.8,23.4,1001.6,1008.4,.8,1.74,,,7,2,ScAc,10,2381,,,30.8,,,,
146,2025-06-28 10:00,30,,1.7,160,67,28.3,23.1,1001.1,1007.9,.7,1.95,,,7,7,Ac,30,2744,,,33.2,,,,
146,2025-06-28 11:00,31.8,,1.4,20,61,28.6,23.3,1000.9,1007.6,1,2.99,,,6,4,ScAc,10,3517,,,38.2,,,,
146,2025-06-28 12:00,32.5,,1.6,270,62,30.2,24.2,1000.7,1007.4,.6,2.8,,,7,5,ScAc,10,3570,,,37.6,,,,
146,2025-06-28 13:00,33.4,,.8,270,59,30.2,24.2,1000.3,1007,.7,3.15,,,5,4,ScAc,10,2998,,,39.1,,,,
146,2025-06-28 14:00,33.7,,1.4,250,60,31.3,24.8,999.9,1006.6,.9,3.17,,,5,5,Sc,15,3402,,,39.2,,,,
146,2025-06-28 15:00,33.8,,2.4,270,57,29.8,24,999.4,1006.1,1,3.16,,,4,4,Sc,10,3878,,,37.8,,,,
146,2025-06-28 16:00,33.6,,3.3,270,65,33.8,26.1,999.1,1005.8,1,2.75,,,3,3,Sc,10,3161,,,36.5,,,,
146,2025-06-28 17:00,32.2,,4.6,270,68,32.6,25.5,998.9,1005.6,1,2.02,,,2,2,Sc,10,2812,,,33.3,,,,
146,2025-06-28 18:00,30.6,,3.6,270,73,31.9,25.1,999.5,1006.2,1,1.4,,,3,3,CuSc,10,2345,,,31.4,,,,
146,2025-06-28 19:00,28.4,,3.1,290,80,30.9,24.6,1000.1,1006.9,.2,.47,,,4,4,,4,2040,,,29.2,,,,
146,2025-06-28 20:00,27.4,,2.5,340,82,29.8,24,1000.3,1007.1,0,.06,,,3,3,,5,1423,,,27.9,,,,
146,2025-06-28 21:00,26.7,,2.6,340,85,29.7,23.9,1000.8,1007.6,,,,,5,5,St,4,1203,,,27.1,,,,
146,2025-06-28 22:00,26.4,,2.4,320,86,29.5,23.8,1000.9,1007.7,,,,,0,0,,,861,,19,26.7,,,,
146,2025-06-28 23:00,26.2,,1.8,340,87,29.5,23.8,1000.8,1007.7,,,,,3,3,,4,811,,19,26.5,,,,
146,2025-06-29 00:00,26.2,,.5,20,87,29.5,23.8,1000.6,1007.4,,,,,3,3,,,711,,19,26.4,,,,
146,2025-06-29 01:00,26.1,,.7,20,87,29.3,23.7,1000.4,1007.3,,,,,0,0,,,715,,19,26.3,,,,
146,2025-06-29 02:00,25.9,,.9,290,88,29.3,23.7,1000.4,1007.3,,,,,0,0,,,758,,19,25.4,,,,
146,2025-06-29 03:00,25.8,,2.3,250,90,29.8,24,1001,1007.9,,,,,5,5,Sc,10,742,,19,25.3,,,,
146,2025-06-29 04:00,24.9,,2.7,250,88,27.6,22.7,1001.4,1008.3,,,,,4,4,Sc,10,1703,,19,24.6,,,,
146,2025-06-29 05:00,24.8,,1.5,250,87,27.1,22.4,1001.4,1008.3,,,,,3,3,Sc,10,2617,,,24.3,,,,
146,2025-06-29 06:00,24.8,,1.7,140,87,27.1,22.4,1001.5,1008.4,0,.03,,,2,2,Sc,10,3227,,,24,,,,
146,2025-06-29 07:00,26.6,,1,200,79,27.4,22.6,1001.8,1008.6,.5,.38,,,0,0,,,4441,,,25.7,,,,
146,2025-06-29 08:00,28.5,,1.3,160,74,28.8,23.4,1001.9,1008.7,1,1.2,,,0,0,,,3907,,,29.4,,,,
146,2025-06-29 09:00,29.6,,1.6,140,65,26.9,22.3,1001.8,1008.6,1,1.9,,,0,0,,,4056,,,32.5,,,,
146,2025-06-29 10:00,30.5,,1.3,250,60,26.1,21.8,1002.2,1009,1,2.53,,,2,1,ScCi,10,4465,,,34.8,,,,
146,2025-06-29 11:00,31.4,,.7,290,61,27.9,22.9,1002.1,1008.8,.9,2.57,,,4,2,ScCi,11,4305,,,36.2,,,,
146,2025-06-29 12:00,32.3,,1.9,250,56,26.9,22.3,1001.5,1008.2,.8,3.01,,,3,2,ScCi,10,4365,,,37.4,,,,
146,2025-06-29 13:00,33.2,,2.2,230,51,25.8,21.6,1000.9,1007.6,1,3.64,,,3,3,Sc,10,4621,,,39.2,,,,
146,2025-06-29 14:00,33.3,,3,250,53,27.1,22.4,1000.5,1007.2,1,3.38,,,4,4,Sc,12,4394,,,39,,,,
146,2025-06-29 15:00,32.4,,3.8,270,64,31.1,24.7,1000.8,1007.5,.8,2.78,,,4,4,Sc,10,3986,,,38.9,,,,
146,2025-06-29 16:00,32.2,,3.3,290,65,31.1,24.7,1000.9,1007.6,.8,2.43,,,2,2,Sc,10,4499,,,37.7,,,,
146,2025-06-29 17:00,31.8,,3.5,290,64,30,24.1,1001,1007.7,1,2.33,,,5,5,Sc,10,4576,,,36.1,,,,
146,2025-06-29 18:00,30.8,,3.1,290,66,29.3,23.7,1001,1007.7,.9,1.66,,,5,5,Sc,9,4583,,,34.2,,,,
146,2025-06-29 19:00,29.6,,2.1,320,71,29.3,23.7,1001.3,1008.1,.4,.64,,,4,4,,9,4994,,,31.1,,,,
146,2025-06-29 20:00,28.7,,2.1,320,74,28.9,23.5,1001.5,1008.3,.1,.09,,,0,0,,,5000,,,28.5,,,,
146,2025-06-29 21:00,28.3,,1.7,340,76,29.1,23.6,1002.1,1008.9,,,,,7,7,Sc,10,4887,,,27.9,,,,
146,2025-06-29 22:00,28.3,,1,320,75,28.8,23.4,1002.6,1009.4,,,,,2,2,,8,5000,,,27.5,,,,
146,2025-06-29 23:00,27.8,,.4,0,79,29.5,23.8,1002.9,1009.7,,,,,0,0,,,4911,,,26.4,,,,
146,2025-06-30 00:00,27.1,,.1,0,82,29.3,23.7,1003.3,1010.1,,,,,0,0,,,4724,,,25.8,,,,
146,2025-06-30 01:00,26.4,,.7,70,84,28.8,23.4,1003.6,1010.5,,,,,0,0,,,4778,,,25.2,,,,
146,2025-06-30 02:00,26.2,,1.2,90,85,28.8,23.4,1003.6,1010.5,,,,,0,0,,,4744,,,24.8,,,,
146,2025-06-30 03:00,25.7,,.9,140,85,27.9,22.9,1003.3,1010.2,,,,,1,1,Sc,10,4489,,,24.4,,,,
146,2025-06-30 04:00,25.3,,1.2,140,87,27.9,22.9,1003.6,1010.5,,,,,0,0,,,4516,,,24.1,,,,
146,2025-06-30 05:00,25.1,,.3,0,86,27.2,22.5,1003.9,1010.8,,,,,0,0,,,4793,,,23.7,,,,
146,2025-06-30 06:00,25.2,,.6,140,86,27.4,22.6,1004.4,1011.3,.3,.05,,,1,1,Ac,35,4340,,,23.9,,,,
146,2025-06-30 07:00,27.3,,.3,0,79,28.6,23.3,1004.9,1011.8,1,.51,,,5,2,ScAcCi,10,4592,,,26.1,,,,
146,2025-06-30 08:00,28.7,,.3,0,74,28.9,23.5,1004.9,1011.7,1,1.16,,,4,2,ScCi,10,4473,,,29.6,,,,
146,2025-06-30 09:00,30.3,,1.2,20,65,27.9,22.9,1004.8,1011.6,.8,1.83,,,3,3,Sc,7,4673,,,33.3,,,,
146,2025-06-30 10:00,29.6,,1.2,250,66,27.2,22.5,1004.7,1011.5,.5,1.64,,,4,4,Sc,10,4486,,,31.1,,,,
146,2025-06-30 11:00,30.4,,1.9,290,63,27.2,22.5,1004.7,1011.5,.2,1.05,,,4,4,Sc,10,4483,,,32.9,,,,
146,2025-06-30 12:00,32.8,,2.6,230,56,27.7,22.8,1004.5,1011.2,.9,3.06,,,4,3,ScCi,10,4789,,,39.3,,,,
146,2025-06-30 13:00,32.9,,2.6,250,53,26.4,22,1004.2,1010.9,.9,3.55,,,4,3,ScCi,10,4246,,,40.4,,,,
146,2025-06-30 14:00,33,,3,250,53,26.6,22.1,1003.8,1010.5,.5,2.33,,,6,5,ScCi,14,4374,,,39.2,,,,
146,2025-06-30 15:00,33.9,,3,250,51,26.9,22.3,1003.7,1010.4,.5,2.21,,,7,6,ScCi,13,4673,,,40.9,,,,
146,2025-06-30 16:00,32.9,,2.9,250,52,26,21.7,1003.4,1010.1,.6,2.12,,,7,6,ScCi,10,4719,,,37.6,,,,
146,2025-06-30 17:00,32.5,,4.6,270,64,31.3,24.8,1003.4,1010.1,.5,1.24,,,2,2,Cu,10,4326,,,35.9,,,,
146,2025-06-30 18:00,32,,2.7,290,65,30.7,24.5,1003.4,1010.1,.9,1.47,,,4,3,ScCi,13,4180,,,35.6,,,,
146,2025-06-30 19:00,30.8,,3,270,69,30.6,24.4,1003.7,1010.5,1,.82,,,5,1,,13,4584,,,32.8,,,,
146,2025-06-30 20:00,29,,2,320,74,29.5,23.8,1003.9,1010.7,.4,.14,,,0,0,,,4910,,,29.8,,,,
146,2025-06-30 21:00,28.3,,1.2,340,76,29.1,23.6,1004.5,1011.3,,,,,0,0,,,5000,,,28.2,,,,
146,2025-06-30 22:00,27.9,,1,290,78,29.3,23.7,1005.1,1011.9,,,,,0,0,,,4880,,,27.3,,,,
146,2025-06-30 23:00,27.8,,1.6,140,81,30.2,24.2,1005,1011.8,,,,,0,0,,,4991,,,26.6,,,,
146,2025-07-01 00:00,27.5,,1.4,140,82,30,24.1,1005,1011.8,,,,,0,0,,,4766,,,26.1,,,,
146,2025-07-01 01:00,26.9,,.8,290,85,30,24.1,1005.3,1012.2,,,,,5,0,,,4491,,,25.7,,,,
146,2025-07-01 02:00,26.3,,1.4,50,85,28.9,23.5,1005.4,1012.3,,,,,6,0,,,4706,,,25.3,,,,
146,2025-07-01 03:00,26.2,,1.5,140,84,28.4,23.2,1005.7,1012.6,,,,,7,0,Ci,,4499,,,25,,,,
146,2025-07-01 04:00,25.9,,2,140,85,28.3,23.1,1005.8,1012.7,,,,,6,0,Ci,,4613,,,24.6,,,,
146,2025-07-01 05:00,25.6,,1.5,110,85,27.7,22.8,1006.2,1013.1,,,,,6,0,Ci,,4589,,,24.3,,,,
146,2025-07-01 06:00,25.9,,1.3,140,84,27.9,22.9,1006.5,1013.4,0,.04,,,7,0,Ci,,4626,,,24.9,,,,
146,2025-07-01 07:00,27,,1.4,140,79,28.1,23,1006.8,1013.7,.1,.31,,,8,8,Sc,9,4492,,,26.5,,,,
146,2025-07-01 08:00,27.9,,1.7,110,79,29.7,23.9,1007,1013.9,0,.52,,,8,8,Sc,7,4851,,,28.2,,,,
146,2025-07-01 09:00,29.7,,1.6,200,72,30,24.1,1007.2,1014,.2,1.19,,,7,7,Sc,7,4285,,,31.3,,,,
146,2025-07-01 10:00,30,,1.9,200,72,30.4,24.3,1007.2,1014,.2,1.42,,,8,8,Sc,10,4546,,,32.2,,,,
146,2025-07-01 11:00,30.6,0,1.7,200,70,30.6,24.4,1007.1,1013.9,.1,1.23,,,8,7,ScCi,7,4441,,04,34.4,,,,
146,2025-07-01 12:00,31.2,0,2,230,70,31.7,25,1007,1013.8,.1,1.57,,,8,8,Sc,7,3941,,04,35.1,,,,
146,2025-07-01 13:00,31.6,,2.1,200,67,31.1,24.7,1006.5,1013.3,.2,2.09,,,6,3,ScCi,10,4254,,,37.6,,,,
146,2025-07-01 14:00,32.7,,3,200,61,30,24.1,1006.1,1012.8,.7,2.54,,,6,4,ScCi,9,3982,,,39.7,,,,
146,2025-07-01 15:00,33.3,,1.7,230,62,31.7,25,1005.8,1012.5,.5,2.15,,,5,4,CuScCi,10,4397,,,40.4,,,,
146,2025-07-01 16:00,32.8,0,3.6,250,62,30.7,24.5,1005.6,1012.3,.4,1.64,,,7,7,CuSc,10,4381,,04,37.8,,,,
146,2025-07-01 17:00,33.2,,2.2,290,69,35,26.7,1005.1,1011.8,.5,1.45,,,6,6,CuSc,10,3927,,,37.2,,,,
146,2025-07-01 18:00,33.6,,3.6,270,59,30.6,24.4,1004.8,1011.5,.7,1.31,,,2,2,Cu,10,4374,,,36.9,,,,
146,2025-07-01 19:00,32.1,,3.4,270,65,30.9,24.6,1005,1011.7,1,.79,,,0,0,,,4393,,,33.2,,,,
146,2025-07-01 20:00,29.8,,2.6,290,75,31.3,24.8,1005.7,1012.5,.4,.13,,,3,0,,,4266,,,30.2,,,,
146,2025-07-01 21:00,28.5,,2,340,80,31.1,24.7,1006.3,1013.1,,,,,3,3,Sc,15,4279,,,28.6,,,,
146,2025-07-01 22:00,27.6,,1.5,20,83,30.6,24.4,1006.5,1013.4,,,,,0,0,,,4481,,,27.5,,,,
146,2025-07-01 23:00,27.6,,.9,340,83,30.6,24.4,1006.5,1013.4,,,,,0,0,,,4283,,,26.8,,,,
146,2025-07-02 00:00,27.5,,1.1,140,82,30,24.1,1006.3,1013.1,,,,,0,0,,,4516,,,26.2,,,,
146,2025-07-02 01:00,27.2,,.1,0,84,30.2,24.2,1006.7,1013.6,,,,,0,0,,,4513,,,25.7,,,,
146,2025-07-02 02:00,26.6,,1,140,86,29.8,24,1006.6,1013.5,,,,,0,0,,,4161,,,25.4,,,,
146,2025-07-02 03:00,26.3,,1.2,140,86,29.3,23.7,1006.7,1013.6,,,,,0,0,,,4168,,,25,,,,
146,2025-07-02 04:00,25.9,,1.6,140,87,28.9,23.5,1006.8,1013.7,,,,,0,0,,,4691,,,24.6,,,,
146,2025-07-02 05:00,25.4,,1.5,140,88,28.4,23.2,1006.7,1013.6,,,,,0,0,,,4307,,,24.3,,,,
146,2025-07-02 06:00,25.8,,1.2,140,86,28.4,23.2,1006.7,1013.6,.3,.05,,,1,0,Ci,,4388,,,24.5,,,,
146,2025-07-02 07:00,28.4,,.9,110,77,29.7,23.9,1007,1013.8,1,.52,,,2,0,Ci,,4690,,,26.7,,,,
146,2025-07-02 08:00,29.7,,1.3,140,72,30,24.1,1007.2,1014,1,1.15,,,6,0,Ci,,4298,,,30.1,,,,
146,2025-07-02 09:00,30.9,,1.6,200,68,30.2,24.2,1007.4,1014.2,1,1.76,,,6,1,ScCi,15,4501,,,33.9,,,,
146,2025-07-02 10:00,31.5,,1.9,270,65,30,24.1,1007.2,1014,.9,2.17,,,6,4,ScCi,15,3728,,,37.9,,,,
146,2025-07-02 11:00,32.2,,2.5,230,66,31.7,25,1006.8,1013.5,.9,2.9,,,6,4,ScCi,13,4363,,,41.6,,,,
146,2025-07-02 12:00,33,,3.7,250,62,31.1,24.7,1006.5,1013.2,1,3.27,,,6,5,ScCi,12,4403,,,44.7,,,,
146,2025-07-02 13:00,32.8,,3.5,270,60,29.8,24,1006.4,1013.1,.9,3.19,,,7,5,ScCi,12,4337,,,44.3,,,,
146,2025-07-02 14:00,32.6,,2.6,270,65,31.9,25.1,1006.1,1012.8,.7,2.64,,,8,7,ScCi,13,3767,,,42.2,,,,
146,2025-07-02 15:00,33.8,,3.1,270,59,30.9,24.6,1005.6,1012.3,.9,3.1,,,5,4,ScCi,10,3614,,,46.2,,,,
146,2025-07-02 16:00,33.2,,2.5,290,61,30.9,24.6,1005.3,1012,1,2.47,,,6,1,ScCi,18,3220,,,43.7,,,,
146,2025-07-02 17:00,32.9,,3.4,270,59,29.5,23.8,1004.7,1011.4,1,2.14,,,7,2,ScCi,10,3359,,,40.7,,,,
146,2025-07-02 18:00,31.3,,3.1,270,64,29.1,23.6,1004.5,1011.3,.9,1.23,,,8,2,ScCi,12,2893,,,36.9,,,,
146,2025-07-02 19:00,30.3,,2.7,270,64,27.6,22.7,1004.4,1011.2,.1,.38,,,7,0,,,3607,,,33.4,,,,
146,2025-07-02 20:00,29.2,,1.6,270,65,26.3,21.9,1004.9,1011.7,.1,.13,,,7,3,,10,2509,,,31,,,,
146,2025-07-02 21:00,28.6,,1.6,270,67,26.1,21.8,1005.3,1012.1,,,,,7,4,ScCi,10,2063,,,29.3,,,,
146,2025-07-02 22:00,27.9,,1.5,290,71,26.6,22.1,1005.7,1012.5,,,,,6,6,,11,1938,,,28.1,,,,
146,2025-07-02 23:00,27.4,,2,270,75,27.2,22.5,1006.2,1013.1,,,,,5,5,,11,2262,,,27.6,,,,
146,2025-07-03 00:00,27,,1.5,270,82,29.1,23.6,1006.1,1013,,,,,6,6,Sc,9,1791,,,27.2,,,,
146,2025-07-03 01:00,26.9,,1.2,290,84,29.7,23.9,1005.9,1012.8,,,,,1,1,,4,1601,,,27.3,,,,
146,2025-07-03 02:00,26.7,,.8,320,86,30,24.1,1005.2,1012.1,,,,,3,3,,3,1302,,,27.1,,,,
146,2025-07-03 03:00,26.4,,1.2,140,83,28.4,23.2,1004.7,1011.6,,,,,3,3,Sc,10,1642,,,26.5,,,,
146,2025-07-03 04:00,26.3,,.9,110,83,28.3,23.1,1004.8,1011.7,,,,,6,6,Sc,7,1632,,,26.1,,,,
146,2025-07-03 05:00,26.1,,.3,0,88,29.7,23.9,1005,1011.9,,,,,6,6,Sc,10,894,,19,26.2,,,,
146,2025-07-03 06:00,25.7,,1.4,250,88,28.9,23.5,1005.3,1012.2,0,.03,,,2,2,Sc,10,1014,,19,25.7,,,,
146,2025-07-03 07:00,26.1,,2.2,250,87,29.3,23.7,1005.8,1012.7,0,.22,,,4,3,ScCi,5,1089,,,26.3,,,,
146,2025-07-03 08:00,27.5,,1.8,230,78,28.6,23.3,1005.5,1012.4,.6,.86,,,5,2,ScCi,10,1693,,,29.6,,,,
146,2025-07-03 09:00,28.8,,2.5,270,71,28.1,23,1005.9,1012.7,.7,1.44,,,7,2,ScAc,12,2205,,,33.3,,,,
146,2025-07-03 10:00,29.7,,2.7,270,69,28.6,23.3,1005.8,1012.6,.5,2.02,,,6,6,Sc,10,2428,,,38.3,,,,
146,2025-07-03 11:00,30.8,,1.1,230,66,29.3,23.7,1005.3,1012.1,.8,2.76,,,6,6,Sc,8,2645,,,41.4,,,,
146,2025-07-03 12:00,31.6,,2.9,270,63,29.1,23.6,1004.8,1011.5,.8,2.84,,,5,5,Sc,9,2461,,,44.3,,,,
146,2025-07-03 13:00,31.8,,3.2,230,57,26.8,22.2,1004.4,1011.1,.9,3.17,,,6,6,Sc,13,2504,,,43.6,,,,
146,2025-07-03 14:00,33,,2.5,250,48,24.1,20.5,1003.7,1010.4,1,3.24,,,4,4,Sc,15,3003,,,47.5,,,,
146,2025-07-03 15:00,33.5,,3.8,270,44,22.7,19.5,1002.9,1009.6,1,3.22,,,2,0,Ci,,2929,,,46.9,,,,
146,2025-07-03 16:00,33.5,,2.9,270,46,23.7,20.2,1002.5,1009.2,1,2.53,,,4,3,ScCi,11,3053,,,44.4,,,,
146,2025-07-03 17:00,33.9,,2.9,270,46,24.3,20.6,1001.9,1008.6,1,2,,,6,0,Ci,,3119,,,40.9,,,,
146,2025-07-03 18:00,32.1,,3.9,290,59,28.1,23,1002,1008.7,1,1.47,,,4,0,Ci,,3241,,,38.8,,,,
146,2025-07-03 19:00,30.2,,3.3,290,68,29.1,23.6,1002.1,1008.9,1,.71,,,7,0,,,2855,,,34.6,,,,
146,2025-07-03 20:00,28.1,,2.3,270,76,28.8,23.4,1002.6,1009.4,.3,.14,,,0,0,,,3176,,,31,,,,
146,2025-07-03 21:00,27.5,,2.3,290,79,28.9,23.5,1003.3,1010.1,,,,,3,3,Sc,10,2762,,,29.3,,,,
146,2025-07-03 22:00,27.1,,3.1,270,81,28.9,23.5,1003.8,1010.6,,,,,3,3,,6,2191,,,29,,,,
146,2025-07-03 23:00,26.5,,1.5,270,83,28.6,23.3,1003.7,1010.6,,,,,2,2,,9,1451,,,28.1,,,,
146,2025-07-04 00:00,26.2,,1.7,230,85,28.8,23.4,1003.2,1010.1,,,,,2,2,,,1327,,,26.9,,,,
146,2025-07-04 01:00,25.7,,1.6,270,86,28.3,23.1,1002.8,1009.7,,,,,2,1,,5,1236,,,25.9,,,,
146,2025-07-04 02:00,25.3,,2.1,230,86,27.6,22.7,1002.4,1009.3,,,,,0,0,,,1241,,,25,,,,
146,2025-07-04 03:00,25.2,,1.4,200,87,27.7,22.8,1001.5,1008.4,,,,,5,5,Sc,16,1342,,,24.9,,,,
146,2025-07-04 04:00,24.8,,1.4,110,84,26.3,21.9,1002.3,1009.2,,,,,4,4,Sc,12,1878,,,24.1,,,,
146,2025-07-04 05:00,24.1,,1.7,110,82,24.6,20.8,1002.5,1009.4,,,,,3,3,Ac,35,1691,,,23.5,,,,
146,2025-07-04 06:00,24,,1.4,140,83,24.7,20.9,1002.7,1009.6,0,.05,,,7,3,AcCi,35,1561,,,23.6,,,,
146,2025-07-04 07:00,25.5,,.6,110,77,25,21.1,1003,1009.9,.5,.38,,,7,2,AcCi,35,1722,,,25,,,,
146,2025-07-04 08:00,27.8,,.7,180,70,26.1,21.8,1003,1009.8,1,1.19,,,6,0,Ci,,1838,,,29.5,,,,
146,2025-07-04 09:00,28.5,,1.5,200,66,25.6,21.5,1003.1,1009.9,1,1.83,,,7,0,Ci,,2221,,,34,,,,
146,2025-07-04 10:00,29.4,,2.6,250,67,27.4,22.6,1003.1,1009.9,.8,2.15,,,8,5,ScCi,9,1884,,,38.1,,,,
146,2025-07-04 11:00,30.1,,2.6,250,63,26.8,22.2,1002.6,1009.4,.8,2.48,,,7,5,ScCi,10,2137,,,40.9,,,,
146,2025-07-04 12:00,31.4,,2.7,250,56,25.6,21.5,1002.3,1009,1,3.1,,,7,2,ScCi,10,3311,,,45.3,,,,
146,2025-07-04 13:00,31,,3.7,250,58,26,21.7,1001.6,1008.3,.9,2.94,,,8,1,ScCi,8,3550,,,42.9,,,,
146,2025-07-04 14:00,32.2,,3.5,250,55,26.4,22,1001,1007.7,.6,2.41,,,7,1,ScCi,8,3398,,,45.1,,,,
146,2025-07-04 15:00,30.8,,2.4,270,62,27.4,22.6,1000.6,1007.3,.4,2,,,9,0,Ci,,3329,,,39.4,,,,
146,2025-07-04 16:00,32,,1.7,270,62,29.3,23.7,1000.2,1006.9,.1,1.38,,,9,0,Ci,,3720,,,40.9,,,,
146,2025-07-04 17:00,30.6,,2.4,270,70,30.6,24.4,1000,1006.7,.3,1.45,,,8,3,ScCi,9,3411,,,37.3,,,,
146,2025-07-04 18:00,30.9,,4.4,250,64,28.4,23.2,999.8,1006.5,.8,1.29,,,6,0,Ci,,3316,,,36.4,,,,
146,2025-07-04 19:00,30.1,,3,270,67,28.4,23.2,1000,1006.8,1,.71,,,5,0,,,3937,,,33.3,,,,
146,2025-07-04 20:00,28.6,,2.8,250,70,27.2,22.5,999.9,1006.7,.2,.11,,,0,0,,,4183,,,30,,,,
146,2025-07-04 21:00,27.7,,2.7,230,74,27.4,22.6,1000,1006.8,,,,,0,0,,,3873,,,28.3,,,,
146,2025-07-04 22:00,27.2,,2.4,250,74,26.6,22.1,1000.5,1007.3,,,,,0,0,,,3655,,,27.1,,,,
146,2025-07-04 23:00,26.8,,.8,230,75,26.3,21.9,1001,1007.8,,,,,0,0,,,3988,,,26.2,,,,
146,2025-07-05 00:00,26.4,,.4,0,77,26.4,22,1000.8,1007.6,,,,,0,0,,,3553,,,25.5,,,,
146,2025-07-05 01:00,25.7,,.9,140,80,26.3,21.9,1001,1007.9,,,,,0,0,,,3594,,,25.4,,,,
146,2025-07-05 02:00,25.9,,.7,140,79,26.3,21.9,1001.1,1008,,,,,4,4,,7,3188,,,26,,,,
146,2025-07-05 03:00,25.6,,.8,140,81,26.4,22,1001.1,1008,,,,,7,7,Sc,8,3396,,,25.5,,,,
146,2025-07-05 04:00,25.4,,1.6,140,82,26.4,22,1000.7,1007.6,,,,,6,6,Sc,9,3226,,,25.2,,,,
146,2025-07-05 05:00,25.3,,.3,0,82,26.3,21.9,1001.1,1008,,,,,7,7,Sc,8,3326,,,25.3,,,,
146,2025-07-05 06:00,25.5,,1.2,180,82,26.6,22.1,1001.3,1008.2,0,.03,,,6,6,Sc,7,3464,,,21.2,,,,
146,2025-07-05 07:00,26.5,,1.7,140,79,27.2,22.5,1001.2,1008,0,.24,,,7,7,Sc,9,3459,,,27,,,,
146,2025-07-05 08:00,27.6,,1.2,140,74,27.2,22.5,1000.9,1007.7,0,.63,,,7,7,Sc,10,3377,,,29.5,,,,
146,2025-07-05 09:00,28.4,,.8,160,69,26.6,22.1,1000.9,1007.7,.1,.98,,,9,9,Sc,8,3575,,,31.5,,,,
146,2025-07-05 10:00,29.2,,1.1,230,68,27.4,22.6,1001,1007.8,.2,1.49,,,7,7,Sc,8,3555,,,35.6,,,,
146,2025-07-05 11:00,30.4,,1.9,230,61,26.4,22,1000.8,1007.5,.7,2.49,,,6,6,Sc,8,3697,,,39.9,,,,
146,2025-07-05 12:00,31,,2.5,230,58,26,21.7,1000.3,1007,.5,2.29,,,5,5,Sc,10,2999,,,41.6,,,,
146,2025-07-05 13:00,32,,2.5,250,55,26.1,21.8,999.7,1006.4,.8,3.01,,,4,4,Sc,10,3506,,,46.3,,,,
146,2025-07-05 14:00,32.9,,3.6,270,55,27.4,22.6,999,1005.7,.8,2.99,,,5,5,Sc,10,4041,,,47.4,,,,
146,2025-07-05 15:00,33.1,,2.2,290,52,26.3,21.9,998.7,1005.4,.9,3.12,,,4,4,Sc,10,3893,,,45.7,,,,
146,2025-07-05 16:00,31.8,,4.4,290,60,28.1,23,998.8,1005.5,.6,2.04,,,5,5,Sc,12,3850,,,43.4,,,,
146,2025-07-05 17:00,31.5,,3.4,290,63,28.9,23.5,998.6,1005.3,1,1.91,,,4,4,Sc,10,3451,,,39.4,,,,
146,2025-07-05 18:00,31,,3,270,65,29.1,23.6,998.5,1005.2,1,1.28,,,5,3,ScCi,10,3334,,,37.5,,,,
146,2025-07-05 19:00,29.7,,2.2,270,70,29.1,23.6,998.4,1005.1,1,.55,,,5,0,,,3559,,,33.8,,,,
146,2025-07-05 20:00,28.4,,2.2,270,76,29.3,23.7,998.5,1005.3,0,.1,,,3,2,,,3645,,,30.7,,,,
146,2025-07-05 21:00,27.5,,1.8,270,80,29.3,23.7,999,1005.8,,,,,5,0,Ci,,3127,,,28.9,,,,
146,2025-07-05 22:00,27,,2.7,270,84,29.8,24,999.7,1006.5,,,,,3,3,,7,2405,,,27.9,,,,
146,2025-07-05 23:00,26.4,,.4,0,85,29.1,23.6,1000.2,1007,,,,,3,3,,7,2309,,,26.9,,,,
146,2025-07-06 00:00,26.6,,2.4,250,83,28.8,23.4,1000.1,1006.9,,,,,7,7,Sc,8,2546,,,26.9,,,,
146,2025-07-06 01:00,26.5,,2.1,200,82,28.3,23.1,999.9,1006.7,,,,,7,7,,9,2850,,,26.5,,,,
146,2025-07-06 02:00,26.7,,1.9,180,79,27.6,22.7,999.6,1006.4,,,,,7,7,,9,3233,,,26.3,,,,
146,2025-07-06 03:00,26.1,,1.1,110,81,27.2,22.5,999.5,1006.3,,,,,7,7,Sc,10,3037,,,26,,,,
146,2025-07-06 04:00,26,,.1,0,79,26.4,22,999.4,1006.2,,,,,7,3,ScCi,7,3202,,,25.9,,,,
146,2025-07-06 05:00,26.2,,.9,160,79,26.8,22.2,999.7,1006.5,,,,,9,9,Sc,7,3270,,,25.9,,,,
146,2025-07-06 06:00,25.9,,1.6,140,81,26.9,22.3,999.7,1006.6,0,.03,,,8,8,Sc,11,3158,,,25.9,,,,
146,2025-07-06 07:00,27.1,,1.1,200,78,27.9,22.9,1000.2,1007,.1,.35,,,7,7,Sc,11,2794,,,27.8,,,,
146,2025-07-06 08:00,28.3,,1.5,180,76,29.1,23.6,1000.1,1006.9,.2,.82,,,7,2,ScAs,6,3359,,,30.6,,,,
146,2025-07-06 09:00,28.6,,3,250,77,30,24.1,1000.4,1007.2,.1,.89,,,7,5,ScAs,6,3369,,,32.3,,,,
146,2025-07-06 10:00,30.2,,3.1,230,68,29.1,23.6,1000,1006.7,.9,2.3,,,7,1,ScCi,10,3150,,,38.7,,,,
146,2025-07-06 11:00,30.7,,3.3,250,63,27.7,22.8,999.8,1006.5,.7,2.35,,,7,1,ScCi,10,3643,,,40.3,,,,
146,2025-07-06 12:00,32,,2.8,230,59,27.9,22.9,999.3,1006,.9,2.58,,,8,1,ScCi,10,3372,,,43.8,,,,
146,2025-07-06 13:00,32.3,,1.7,270,57,27.4,22.6,998.6,1005.3,1,2.65,,,8,2,ScCi,10,3355,,,44,,,,
146,2025-07-06 14:00,33.2,,2.8,250,57,28.9,23.5,998.2,1004.9,1,2.53,,,8,3,ScCi,10,3914,,,46.1,,,,
146,2025-07-06 15:00,33.5,,3,250,56,28.9,23.5,997.6,1004.3,.9,3.03,,,8,4,ScCi,11,3750,,,46.7,,,,
146,2025-07-06 16:00,33.6,,2.3,290,61,31.7,25,997.5,1004.2,.9,2.66,,,8,3,ScCi,10,3592,,,45.9,,,,
146,2025-07-06 17:00,32.1,,2.5,290,68,32.4,25.4,997.5,1004.2,.5,1.3,,,8,2,ScCi,9,3348,,,40.3,,,,
146,2025-07-06 18:00,30.9,,2.5,270,73,32.4,25.4,997.6,1004.3,.3,.84,,,7,0,Ci,,3159,,,36.5,,,,
146,2025-07-06 19:00,29.7,,2.9,270,77,32.1,25.2,998,1004.7,0,.41,,,7,0,,,3420,,,33.6,,,,
146,2025-07-06 20:00,28.6,,2.8,270,81,31.7,25,998.5,1005.3,0,.09,,,5,0,,,3133,,,30.8,,,,
146,2025-07-06 21:00,27.5,,1.3,290,85,31.1,24.7,999.2,1006,,,,,1,1,Sc,10,2270,,,29.2,,,,
146,2025-07-06 22:00,27.1,,1.5,270,86,30.7,24.5,999.9,1006.7,,,,,0,0,,,1993,,,28.9,,,,
146,2025-07-06 23:00,27.2,,2.5,270,87,31.3,24.8,999.9,1006.7,,,,,0,0,,,1889,,,28.8,,,,
146,2025-07-07 00:00,27.1,,.7,270,87,31.1,24.7,999.8,1006.6,,,,,8,8,,,1811,,,28.6,,,,
146,2025-07-07 01:00,26.8,,1.1,20,88,30.9,24.6,999.5,1006.3,,,,,5,3,,3,1709,,,28,,,,
146,2025-07-07 02:00,26.7,,.8,20,88,30.7,24.5,999.4,1006.2,,,,,7,7,,6,1662,,,27.8,,,,
146,2025-07-07 03:00,26.6,,2,270,88,30.6,24.4,999.7,1006.5,,,,,7,7,Sc,6,1756,,,27.7,,,,
146,2025-07-07 04:00,26.4,,3,230,87,29.8,24,999.7,1006.5,,,,,8,8,Sc,7,2000,,,27.3,,,,
146,2025-07-07 05:00,26.3,,.7,250,86,29.3,23.7,999.9,1006.7,,,,,8,8,Sc,6,2275,,,27.2,,,,
146,2025-07-07 06:00,26.4,,.3,0,85,29.1,23.6,999.7,1006.5,0,.02,,,9,9,Sc,6,2425,,,27.3,,,,
146,2025-07-07 07:00,26.7,,2.4,270,84,29.3,23.7,1000.1,1006.9,0,.19,,,10,8,ScAs,4,2453,,,28,,,,
146,2025-07-07 08:00,27.2,,.8,290,83,29.8,24,1000.3,1007.1,0,.32,,,10,6,ScAs,4,2077,,,28.9,,,,
146,2025-07-07 09:00,27.5,,.6,250,82,30,24.1,1000.3,1007.1,0,.33,,,7,7,Sc,4,1976,,,29.5,,,,
146,2025-07-07 10:00,28.9,,1.6,50,78,30.9,24.6,1000,1006.8,0,.86,,,10,4,ScAs,6,1625,,,32.8,,,,
146,2025-07-07 11:00,31.2,,2.1,20,69,31.3,24.8,999.4,1006.1,.9,2.77,,,3,3,Sc,10,1880,,,42,,,,
146,2025-07-07 12:00,32.8,,1.4,340,65,32.2,25.3,999,1005.7,1,3.04,,,2,2,Sc,10,1998,,,45.4,,,,
146,2025-07-07 13:00,34.2,,2.5,290,62,33.2,25.8,998.5,1005.2,1,3.44,,,2,2,Sc,10,2401,,,49.4,,,,
146,2025-07-07 14:00,34.2,,2.4,270,64,34.4,26.4,998.3,1004.9,.8,2.87,,,4,4,Sc,10,1921,,,46.6,,,,
146,2025-07-07 15:00,33.2,,3.1,290,66,33.4,25.9,998.1,1004.8,.3,1.75,,,3,3,Sc,11,2086,,,41.7,,,,
146,2025-07-07 16:00,34.4,,2.8,270,60,32.6,25.5,998,1004.6,.6,1.89,,,4,4,Sc,10,2376,,,43.6,,,,
146,2025-07-07 17:00,33.1,,3.8,270,68,34.2,26.3,997.9,1004.6,1,2.07,,,3,3,Sc,10,2547,,,41.3,,,,
146,2025-07-07 18:00,32,,3.3,270,71,33.6,26,998.1,1004.8,1,1.22,,,2,2,Sc,10,2438,,,38.4,,,,
146,2025-07-07 19:00,30.8,,2,270,73,32.2,25.3,998.5,1005.2,.9,.59,,,0,0,,,2109,,,35.1,,,,
146,2025-07-07 20:00,29.5,,2.2,250,76,31.3,24.8,998.9,1005.7,0,.1,,,4,0,,,2166,,,32.2,,,,
146,2025-07-07 21:00,28.5,,2.9,250,80,31.1,24.7,999.8,1006.6,,,,,4,4,Sc,16,2179,,,30.7,,,,
146,2025-07-07 22:00,28.1,,1.7,250,80,30.4,24.3,1000.3,1007.1,,,,,0,0,,,2250,,,29.6,,,,
146,2025-07-07 23:00,27.8,,2.3,250,80,29.8,24,1000.7,1007.5,,,,,0,0,,,2584,,,28.8,,,,
146,2025-07-08 00:00,27.6,,1.4,230,81,29.8,24,1000.7,1007.5,,,,,4,4,,,2052,,,28.6,,,,
146,2025-07-08 01:00,27.2,,.9,230,82,29.5,23.8,1000.3,1007.1,,,,,0,0,,,1767,,,27.7,,,,
146,2025-07-08 02:00,27.2,,.8,20,81,29.1,23.6,1000.5,1007.3,,,,,0,0,,,1466,,,27.7,,,,
146,2025-07-08 03:00,26.8,,1.2,50,87,30.6,24.4,1000.2,1007,,,,,0,0,,,1309,,,27,,,,
146,2025-07-08 04:00,26.3,,.3,0,88,30,24.1,1000.3,1007.1,,,,,0,0,,,1144,,,26.5,,,,
146,2025-07-08 05:00,26.2,,1.4,340,89,30.2,24.2,1000.7,1007.6,,,,,0,0,,,704,,19,26.3,,,,
146,2025-07-08 06:00,26.5,,1.4,110,88,30.4,24.3,1000.6,1007.4,0,.03,,,0,0,,,1475,,19,26.4,,,,
146,2025-07-08 07:00,27.7,,.5,340,84,31.1,24.7,1000.9,1007.7,.6,.35,,,0,0,,,1522,,,28.2,,,,
146,2025-07-08 08:00,29.9,,.6,230,77,32.4,25.4,1000.8,1007.6,1,.97,,,0,0,,,1566,,,32.1,,,,
146,2025-07-08 09:00,31.9,,.4,0,72,34,26.2,1000.6,1007.3,1,1.67,,,0,0,,,1749,,,37,,,,
146,2025-07-08 10:00,32.9,,1.3,270,67,33.4,25.9,1000.6,1007.3,.9,2.13,,,1,1,Sc,10,1948,,,40.4,,,,
146,2025-07-08 11:00,34.1,,.7,320,62,33,25.7,1000.8,1007.5,.4,1.63,,,7,7,Sc,10,2048,,,42.2,,,,
146,2025-07-08 12:00,33.4,,2.2,250,64,32.8,25.6,1000.5,1007.2,.2,1.24,,,8,8,CuSc,10,1805,,,37.9,,,,
146,2025-07-08 13:00,35.3,,2,250,55,31.3,24.8,1000.1,1006.7,.6,2.25,,,6,6,Cu,12,2085,,,45.1,,,,
146,2025-07-08 14:00,28.5,1.4,5.1,340,84,32.6,25.5,1000.3,1007.1,.3,1.31,,,9,9,CuSc,5,345,,04,31.3,,,,
146,2025-07-08 15:00,29.4,6.9,2.5,320,81,33,25.7,1000.1,1006.9,.2,.85,,,8,8,CuSc,8,2678,,04,34.6,,,,
146,2025-07-08 16:00,31.4,,1.8,340,72,33,25.7,999.8,1006.5,.7,2.29,,,5,5,Sc,10,2105,,,36.1,,,,
146,2025-07-08 17:00,32,,.4,0,71,33.6,26,999.8,1006.5,.7,1.6,,,8,8,Sc,10,2911,,,34.1,,,,
146,2025-07-08 18:00,29.7,,2.1,290,75,31.1,24.7,999.9,1006.7,0,.36,,,4,4,Sc,17,2551,,,30.7,,,,
146,2025-07-08 19:00,29.5,,1,270,72,29.7,23.9,1000.1,1006.9,0,.13,,,4,0,,,2869,,,28.9,,,,
146,2025-07-08 20:00,28.7,,1.5,20,74,28.9,23.5,1000.4,1007.2,0,.04,,,0,0,,,2754,,,28.1,,,,
146,2025-07-08 21:00,28.3,,1.4,340,79,30.4,24.3,1001.4,1008.2,,,,,0,0,,,2303,,,27.5,,,,
146,2025-07-08 22:00,28.1,,1.2,70,82,31.1,24.7,1001.7,1008.5,,,,,0,0,,,2054,,,27,,,,
146,2025-07-08 23:00,28.3,,1.4,110,79,30.4,24.3,1001.8,1008.6,,,,,0,0,,,2491,,,26.6,,,,
146,2025-07-09 00:00,27.5,,1.4,20,84,30.7,24.5,1001.9,1008.7,,,,,0,0,,,1774,,,26.3,,,,
146,2025-07-09 01:00,26.7,,1.8,70,88,30.7,24.5,1001.9,1008.7,,,,,0,0,,,1356,,,25.9,,,,
146,2025-07-09 02:00,27,,1.1,90,85,30.2,24.2,1001.7,1008.5,,,,,2,0,,,1904,,,26.1,,,,
146,2025-07-09 03:00,26.5,,.9,70,84,28.9,23.5,1001.7,1008.5,,,,,0,0,,,1896,,,25.4,,,,
146,2025-07-09 04:00,26.5,,1.1,90,85,29.3,23.7,1001.6,1008.4,,,,,0,0,,,1814,,,25,,,,
146,2025-07-09 05:00,26.6,,1.2,110,80,27.7,22.8,1001.6,1008.4,,,,,0,0,,,2386,,,24.6,,,,
146,2025-07-09 06:00,26.1,,.7,50,82,27.6,22.7,1002.2,1009.1,0,.03,,,0,0,,,1969,,,24.6,,,,
146,2025-07-09 07:00,27.8,,1,140,75,27.9,22.9,1002.8,1009.6,1,.4,,,0,0,,,2293,,,26.4,,,,
146,2025-07-09 08:00,29.8,,1.1,110,68,28.4,23.2,1002.8,1009.6,1,1.08,,,0,0,,,3107,,,29.7,,,,
146,2025-07-09 09:00,30.8,,2,20,59,26.1,21.8,1003,1009.8,1,1.78,,,0,0,,,3842,,,32.5,,,,
146,2025-07-09 10:00,32.9,,1.7,70,43,21.4,18.6,1002.9,1009.6,1,2.47,,,0,0,,,4460,,,35.3,,,,
146,2025-07-09 11:00,33.3,,1.9,70,41,20.9,18.2,1002.7,1009.4,1,3,,,0,0,,,4441,,,38.8,,,,
146,2025-07-09 12:00,34.4,,2,90,35,19,16.7,1002.3,1009,1,3.34,,,0,0,,,4230,,,42.8,,,,
146,2025-07-09 13:00,35.1,,2.4,160,39,22,19,1001.7,1008.4,1,3.48,,,0,0,,,4694,,,45.7,,,,
146,2025-07-09 14:00,36,,2.2,90,37,22,19,1001.1,1007.7,1,3.44,,,1,1,Sc,10,4500,,,47.5,,,,
146,2025-07-09 15:00,35.9,,2.8,50,38,22.4,19.3,1000.7,1007.3,1,3.16,,,1,1,Sc,10,3963,,,47.4,,,,
146,2025-07-09 16:00,36.5,,1.2,160,35,21.3,18.5,1000.3,1006.9,1,2.71,,,1,1,Sc,10,4205,,,46.3,,,,
146,2025-07-09 17:00,35,,2.4,20,41,22.9,19.7,1000,1006.6,.9,1.9,,,3,2,ScAc,10,4530,,,40.9,,,,
146,2025-07-09 18:00,35.1,,2.6,50,39,22,19,999.9,1006.5,.7,.94,,,1,1,Ac,35,4626,,,38.8,,,,
146,2025-07-09 19:00,34.2,,3.6,140,41,22,19,1000.3,1007,1,.69,,,0,0,,,4609,,,35.3,,,,
146,2025-07-09 20:00,32.3,,2.4,140,45,21.7,18.8,1000.9,1007.6,.2,.1,,,0,0,,,4347,,,31.8,,,,
146,2025-07-09 21:00,31,,2.5,140,47,21,18.3,1001.7,1008.4,,,,,0,0,,,4713,,,29.8,,,,
146,2025-07-09 22:00,30.1,,1.6,140,48,20.4,17.8,1002.3,1009.1,,,,,0,0,,,4896,,,28.3,,,,
146,2025-07-09 23:00,29.2,,2.2,110,52,21,18.3,1002.8,1009.6,,,,,0,0,,,4836,,,27.1,,,,
146,2025-07-10 00:00,27.7,,2.5,110,55,20.4,17.8,1003,1009.8,,,,,1,1,,,4920,,,25.9,,,,
146,2025-07-10 01:00,27.1,,.5,140,55,19.6,17.2,1003.1,1009.9,,,,,0,0,,,4924,,,25.1,,,,
146,2025-07-10 02:00,26.7,,1.5,110,59,20.6,18,1002.9,1009.8,,,,,0,0,,,4980,,,24.6,,,,
146,2025-07-10 03:00,26.3,,.2,0,60,20.5,17.9,1003.1,1010,,,,,0,0,,,4796,,,24.3,,,,
146,2025-07-10 04:00,25.9,,1.6,110,63,21,18.3,1003.1,1010,,,,,0,0,,,4905,,,23.9,,,,
146,2025-07-10 05:00,25.3,,.4,0,68,21.8,18.9,1003.3,1010.2,,,,,1,1,Sc,10,4804,,,23.6,,,,
146,2025-07-10 06:00,25,,1.1,70,70,22.1,19.1,1003.2,1010.1,.1,.03,,,0,0,,,4620,,,23.7,,,,
146,2025-07-10 07:00,27.1,,.6,110,64,22.8,19.6,1003.4,1010.2,1,.42,,,0,0,,,4495,,,25.6,,,,
146,2025-07-10 08:00,28.8,,1.7,20,62,24.4,20.7,1003.8,1010.6,1,1.06,,,0,0,,,3731,,,29.9,,,,
146,2025-07-10 09:00,30.4,,2.4,110,50,21.7,18.8,1003.6,1010.4,.9,1.56,,,3,2,AcCi,40,4051,,,33.7,,,,
146,2025-07-10 10:00,32.1,,2.7,110,50,23.8,20.3,1003.6,1010.3,1,2.41,,,2,0,Ci,,2992,,,39.4,,,,
146,2025-07-10 11:00,32.8,,2.9,70,48,23.8,20.3,1003.5,1010.2,1,2.97,,,4,1,ScAcCi,10,2816,,,43.7,,,,
146,2025-07-10 12:00,33.3,,2.8,90,47,24,20.4,1003,1009.7,1,3.23,,,3,2,ScCi,10,2775,,,46.5,,,,
146,2025-07-10 13:00,34.7,,2.1,160,44,24.3,20.6,1002.5,1009.2,1,3.37,,,2,0,Ci,,2342,,,49.1,,,,
146,2025-07-10 14:00,35,,2.4,20,43,24.1,20.5,1002.1,1008.8,1,3.32,,,2,2,Sc,10,2748,,,49.7,,,,
146,2025-07-10 15:00,35.6,,3.1,70,42,24.4,20.7,1001.7,1008.3,.9,2.93,,,5,5,Sc,10,3262,,,49.5,,,,
146,2025-07-10 16:00,34,,2.8,50,46,24.4,20.7,1001.5,1008.2,.5,1.72,,,8,8,Sc,10,3535,,,43.5,,,,
146,2025-07-10 17:00,33.8,,2.6,50,44,23.1,19.8,1001.3,1008,.1,.98,,,7,7,Sc,10,4499,,,40,,,,
146,2025-07-10 18:00,33.9,,3.7,90,44,23.2,19.9,1001.1,1007.8,.4,.85,,,2,1,ScCi,10,4694,,,37.4,,,,
146,2025-07-10 19:00,33.2,,3.3,90,47,23.8,20.3,1001.9,1008.6,1,.65,,,2,0,,,3923,,,34.9,,,,
146,2025-07-10 20:00,31.8,,3.4,90,49,22.9,19.7,1002.3,1009,.2,.1,,,2,0,,,3893,,,31.9,,,,
146,2025-07-10 21:00,31.2,,3.6,90,47,21.3,18.5,1002.9,1009.6,,,,,3,3,Ac,35,4619,,,30.3,,,,
146,2025-07-10 22:00,30.6,,3.6,90,46,20.1,17.6,1003.6,1010.4,,,,,6,2,,,4503,,,29.2,,,,
146,2025-07-10 23:00,29.6,,3.2,90,49,20.2,17.7,1003.7,1010.5,,,,,5,5,,53,4933,,,28.2,,,,
146,2025-07-11 00:00,29,,3.3,90,47,18.8,16.5,1003.7,1010.5,,,,,0,0,,,5000,,,27.2,,,,
146,2025-07-11 01:00,28.3,,2.8,90,51,19.5,17.1,1003.6,1010.4,,,,,0,0,,,4782,,,26.5,,,,
146,2025-07-11 02:00,27.8,,3.1,90,57,21.2,18.4,1003.4,1010.2,,,,,0,0,,,4227,,,26,,,,
146,2025-07-11 03:00,27.3,,3.3,90,55,19.9,17.4,1003.2,1010,,,,,0,0,,,4103,,,25.4,,,,
146,2025-07-11 04:00,26.3,,2.7,90,57,19.4,17,1003.3,1010.2,,,,,0,0,,,4746,,,24.7,,,,
146,2025-07-11 05:00,25.1,,2.3,70,60,19,16.7,1003.8,1010.7,,,,,3,0,Ci,,4486,,,23.9,,,,
146,2025-07-11 06:00,25,,1.9,70,59,18.6,16.4,1004.1,1011,.2,.05,,,3,0,Ci,,4729,,,24,,,,
146,2025-07-11 07:00,26.7,,1.1,50,55,19.2,16.9,1004.1,1011,1,.45,,,2,0,Ci,,4705,,,25.9,,,,
146,2025-07-11 08:00,28.3,,1.7,50,51,19.5,17.1,1004.4,1011.2,1,1.07,,,0,0,,,4703,,,30.5,,,,
146,2025-07-11 09:00,29.6,,2.8,50,47,19.4,17,1004.4,1011.2,1,1.76,,,0,0,,,4236,,,35.4,,,,
146,2025-07-11 10:00,30.3,,3.5,50,46,19.7,17.3,1004,1010.8,1,2.43,,,0,0,,,4346,,,40.4,,,,
146,2025-07-11 11:00,32.4,,3.9,90,38,18.4,16.2,1004.1,1010.8,1,2.95,,,1,0,Ci,,4375,,,44.6,,,,
146,2025-07-11 12:00,33.5,,2.8,50,41,21.2,18.4,1003.8,1010.5,1,3.3,,,0,0,,,3156,,,48,,,,
146,2025-07-11 13:00,34.9,,2.5,70,39,21.7,18.8,1003.5,1010.2,1,3.44,,,0,0,,,3386,,,50.8,,,,
146,2025-07-11 14:00,35.2,,2.4,20,43,24.4,20.7,1003,1009.7,1,3.35,,,0,0,,,2688,,,51.4,,,,
146,2025-07-11 15:00,35.9,,2,110,38,22.4,19.3,1002.7,1009.3,1,3.11,,,0,0,,,2850,,,50.2,,,,
146,2025-07-11 16:00,36.1,,2.1,50,38,22.7,19.5,1002.4,1009,1,2.62,,,0,0,,,3144,,,49,,,,
146,2025-07-11 17:00,35.2,,4,90,41,23.2,19.9,1002.2,1008.9,1,1.87,,,1,1,Sc,10,2750,,,43.3,,,,
146,2025-07-11 18:00,34.5,,3.1,90,44,24,20.4,1002.2,1008.9,1,1.34,,,1,1,Sc,10,2850,,,40.5,,,,
146,2025-07-11 19:00,33.4,,4.7,90,45,23.1,19.8,1002.9,1009.6,.7,.48,,,2,0,,,2931,,,35.9,,,,
146,2025-07-11 20:00,32,,3.1,110,48,22.8,19.6,1003.4,1010.1,.2,.09,,,1,0,,,3072,,,32.8,,,,
146,2025-07-11 21:00,30.8,,2.7,90,52,23.1,19.8,1004.1,1010.9,,,,,1,1,Sc,10,3564,,,30.8,,,,
146,2025-07-11 22:00,29.7,,2.7,110,51,21.2,18.4,1004.5,1011.3,,,,,1,0,,,4814,,,29.2,,,,
146,2025-07-11 23:00,28.9,,4,90,50,19.9,17.4,1004.6,1011.4,,,,,0,0,,,4835,,,28,,,,
146,2025-07-12 00:00,27.9,,2.2,110,49,18.3,16.1,1004.5,1011.3,,,,,0,0,,,4890,,,26.8,,,,
146,2025-07-12 01:00,27.2,,1.7,110,48,17.3,15.2,1004,1010.8,,,,,0,0,,,4855,,,25.8,,,,
146,2025-07-12 02:00,27.1,,3.7,90,46,16.4,14.4,1003.6,1010.4,,,,,0,0,,,5000,,,25.1,,,,
146,2025-07-12 03:00,25.3,,1.1,110,51,16.4,14.4,1003.5,1010.4,,,,,1,0,Ci,,5000,,,24.2,,,,
146,2025-07-12 04:00,25.5,,1.3,110,50,16.3,14.3,1003.6,1010.5,,,,,5,5,Ac,35,5000,,,23.7,,,,
146,2025-07-12 05:00,24.3,,1.7,110,56,16.9,14.9,1003.7,1010.6,,,,,7,0,Ci,,4941,,,23.2,,,,
146,2025-07-12 06:00,23.2,,1.2,50,62,17.6,15.5,1003.8,1010.7,.2,.04,,,6,0,Ci,,4922,,,23.1,,,,
146,2025-07-12 07:00,24.4,,1.7,20,63,19.1,16.8,1003.4,1010.3,.4,.31,,,5,0,Ci,,4651,,,25.1,,,,
146,2025-07-12 08:00,26.6,,1.1,20,60,20.8,18.1,1003.5,1010.4,1,1.03,,,6,0,Ci,,4848,,,29.3,,,,
146,2025-07-12 09:00,29.5,,1.4,90,45,18.5,16.3,1003.4,1010.2,1,1.84,,,4,0,Ci,,4029,,,35.6,,,,
146,2025-07-12 10:00,30.8,,.8,140,42,18.5,16.3,1003.2,1010,1,2.32,,,5,0,Ci,,4011,,,39.8,,,,
146,2025-07-12 11:00,31.5,,2.2,360,42,19.4,17,1002.8,1009.5,1,3.09,,,5,0,Ci,,4435,,,45.5,,,,
146,2025-07-12 12:00,32.8,,1.3,290,41,20.4,17.8,1002.4,1009.1,1,3.43,,,3,0,Ci,,3915,,,49.1,,,,
146,2025-07-12 13:00,33.8,,2,320,41,21.6,18.7,1001.7,1008.4,1,3.53,,,2,0,Ci,,4232,,,50.9,,,,
146,2025-07-12 14:00,34.2,,2.2,340,40,21.4,18.6,1001,1007.7,1,3.44,,,1,0,Ci,,4004,,,51.6,,,,
146,2025-07-12 15:00,34.2,,2.8,320,39,20.9,18.2,1000.2,1006.9,1,3.16,,,0,0,,,3777,,,50,,,,
146,2025-07-12 16:00,34.9,,2.5,270,39,21.7,18.8,999.6,1006.2,1,2.7,,,6,0,Ci,,3954,,,48.4,,,,
146,2025-07-12 17:00,34.8,,2.8,320,40,22.2,19.2,999.3,1005.9,1,2.09,,,6,0,Ci,,3452,,,43.1,,,,
146,2025-07-12 18:00,34.1,,2.7,290,43,22.9,19.7,999.2,1005.9,1,1.44,,,6,0,Ci,,3995,,,40.5,,,,
146,2025-07-12 19:00,31.3,,3,270,54,24.6,20.8,999.7,1006.4,1,.71,,,7,0,,,4377,,,35.8,,,,
146,2025-07-12 20:00,29.4,,2.9,250,52,21.3,18.5,1000.2,1007,.1,.15,,,7,0,,,4282,,,31.9,,,,
146,2025-07-12 21:00,28.3,,1.8,230,51,19.5,17.1,1000,1006.8,,,,,9,0,Ci,,4667,,,29.8,,,,
146,2025-07-12 22:00,27.8,,2.9,250,48,17.8,15.7,1000.1,1006.9,,,,,8,0,,,4495,,,28.3,,,,
146,2025-07-12 23:00,26.9,,2.2,230,61,21.6,18.7,1000.3,1007.1,,,,,7,0,,,4412,,,27.3,,,,
146,2025-07-13 00:00,26.3,,1.2,230,70,23.8,20.3,1000.4,1007.2,,,,,5,0,Ci,,4066,,,26.7,,,,
146,2025-07-13 01:00,26.1,,.5,270,72,24.3,20.6,999.9,1006.7,,,,,6,0,,,3786,,,26.2,,,,
146,2025-07-13 02:00,25.4,,.7,50,71,22.9,19.7,999.3,1006.2,,,,,5,3,,51,4050,,,25.6,,,,
146,2025-07-13 03:00,25.3,,.6,140,72,23.1,19.8,998.8,1005.7,,,,,5,0,Ci,,3585,,,25,,,,
146,2025-07-13 04:00,25.1,,.8,180,74,23.5,20.1,998.5,1005.4,,,,,3,0,Ci,,3412,,,24.6,,,,
146,2025-07-13 05:00,24.6,,1.1,110,74,22.8,19.6,998.1,1005,,,,,4,0,Ci,,3914,,,24.4,,,,
146,2025-07-13 06:00,24.6,,1.3,110,73,22.5,19.4,998.2,1005.1,.1,.02,,,4,0,Ci,,3777,,,24.3,,,,
146,2025-07-13 07:00,26.8,,1.1,110,67,23.5,20.1,997.6,1004.4,.8,.49,,,9,0,Ci,,4037,,,27.8,,,,
146,2025-07-13 08:00,26.8,,.8,360,67,23.5,20.1,997.4,1004.2,.3,.66,,,9,0,Ci,,3663,,,28.7,,,,
146,2025-07-13 09:00,28,,.2,0,62,23.4,20,997.1,1003.9,0,.79,,,9,0,Ci,,3500,,,31.1,,,,
146,2025-07-13 10:00,28.7,0,1.9,320,62,24.3,20.6,996.5,1003.3,.1,1.07,,,10,3,ScAs,10,2735,,01,33.3,,,,
146,2025-07-13 11:00,28.9,0,1.3,50,64,25.3,21.3,996.3,1003.1,0,1.13,,,10,4,ScAs,10,2513,,01,34.6,,,,
146,2025-07-13 12:00,29,0,1.3,360,62,24.7,20.9,995.4,1002.1,0,1.02,,,10,10,As,28,2753,,01,33.9,,,,
146,2025-07-13 13:00,28.1,0,2.4,290,67,25.3,21.3,995.5,1002.3,0,.62,,,10,10,As,28,2438,,01,32.8,,,,
146,2025-07-13 14:00,26.7,0,2.7,250,76,26.6,22.1,995.7,1002.5,0,.4,,,10,4,StNs,3,1470,,01,28.9,,,,
146,2025-07-13 15:00,25.1,1.7,1.7,230,85,26.9,22.3,995.6,1002.4,0,.42,,,10,4,StNs,3,1260,,1901,28,,,,
146,2025-07-13 16:00,25.5,.6,.9,50,84,27.2,22.5,995.1,1001.9,0,.31,,,10,3,StNs,3,652,,1901,27.9,,,,
146,2025-07-13 17:00,25.1,.1,1.2,320,87,27.6,22.7,994.4,1001.2,0,.19,,,10,6,StNs,2,801,,1901,27.1,,,,
146,2025-07-13 18:00,25.2,.5,.1,0,88,28.1,23,993.7,1000.5,0,.13,,,10,4,StNs,3,449,,1901,26.6,,,,
146,2025-07-13 19:00,24.8,1.2,.1,0,89,27.7,22.8,993.5,1000.3,0,.08,,,10,4,StNs,2,481,,1901,26.1,,,,
146,2025-07-13 20:00,24.2,.2,2.1,320,91,27.4,22.6,993.5,1000.4,0,.02,,,10,3,ScAs,10,426,,1901,25.3,,,,
146,2025-07-13 21:00,23.9,0,3.2,340,92,27.2,22.5,993.5,1000.4,,,,,10,5,StNs,3,356,,1901,24.8,,,,
146,2025-07-13 22:00,23.4,1.7,1.5,70,90,25.8,21.6,992.9,999.8,,,,,10,4,StNs,2,245,,1901,24.3,,,,
146,2025-07-13 23:00,22.6,.7,.9,360,90,24.6,20.8,992,998.9,,,,,10,2,ScAs,10,1402,,1901,23.7,,,,
146,2025-07-14 00:00,22.5,,2.4,320,92,25,21.1,992.1,999,,,,,10,5,ScAs,,1008,,,23.3,,,,
146,2025-07-14 01:00,21.9,,2.1,320,91,23.8,20.3,991.7,998.6,,,,,9,1,,9,818,,19,22.6,,,,
146,2025-07-14 02:00,21.6,,1.8,290,93,24,20.4,991.3,998.2,,,,,7,2,,1,414,,19,21.9,,,,
146,2025-07-14 03:00,21.4,,1.8,320,93,23.7,20.2,990.8,997.7,,,,,5,3,ScAs,1,321,,19,21.9,,,,
146,2025-07-14 04:00,21.2,,.2,0,93,23.4,20,990.2,997.1,,,,,3,3,Sc,1,404,,19,21.3,,,,
146,2025-07-14 05:00,21.4,,.9,290,92,23.4,20,989.8,996.7,,,,,1,1,Sc,5,785,,19,20.9,,,,
146,2025-07-14 06:00,21.4,,.9,180,92,23.4,20,989.8,996.7,0,.02,,,4,3,ScAc,2,590,,19,21.1,,,,
146,2025-07-14 07:00,22.3,,.9,200,90,24.1,20.5,989.6,996.5,.3,.31,,,1,1,Sc,2,613,,19,22.8,,,,
146,2025-07-14 08:00,23.3,,1,200,85,24.3,20.6,989.6,996.4,.4,.73,,,9,9,Sc,12,1219,,19,25.3,,,,
146,2025-07-14 09:00,24.1,,1.8,230,82,24.6,20.8,989.5,996.3,.1,.96,,,9,9,Sc,10,1968,,,26.8,,,,
146,2025-07-14 10:00,25.6,,1.4,250,78,25.5,21.4,989.1,995.9,.2,1.44,,,7,7,Sc,10,1522,,,29.1,,,,
146,2025-07-14 11:00,26.7,,2.4,270,76,26.6,22.1,988.6,995.4,.2,1.63,,,9,9,Sc,13,1895,,,31.2,,,,
146,2025-07-14 12:00,28.2,,1.9,250,68,26,21.7,987.8,994.5,.5,2.42,,,8,8,Sc,12,2154,,,34.2,,,,
146,2025-07-14 13:00,27.9,,4.2,270,68,25.5,21.4,987,993.7,.3,1.75,,,7,7,Sc,13,3754,,,31.5,,,,
146,2025-07-14 14:00,28.3,,4.8,250,64,24.6,20.8,986.6,993.3,.7,2.93,,,7,7,Sc,10,3296,,,32.6,,,,
146,2025-07-14 15:00,28.2,,5.3,250,66,25.2,21.2,986.5,993.2,.4,2.1,,,8,8,Sc,10,2407,,,32.5,,,,
146,2025-07-14 16:00,26.9,,3.7,270,68,24,20.4,986.6,993.3,.2,1.38,,,6,6,Sc,10,3410,,,29.6,,,,
146,2025-07-14 17:00,25.6,0,3.7,270,72,23.5,20.1,987.1,993.9,0,.72,,,10,8,ScAs,10,3381,,01,27.4,,,,
146,2025-07-14 18:00,22.5,5.4,1.2,90,86,23.4,20,987.5,994.4,0,.12,,,10,6,CbScAs,6,1414,,01,24.7,,,,
146,2025-07-14 19:00,22.5,.3,.1,0,89,24.1,20.5,987.5,994.4,0,.13,,,10,4,ScAs,9,1773,,01,24.8,,,,
146,2025-07-14 20:00,22,,1.8,320,88,23.2,19.9,988.1,995,0,.06,,,7,1,,14,1648,,,23.7,,,,
146,2025-07-14 21:00,21.9,0,1.4,340,90,23.5,20.1,988.3,995.2,,,,,9,5,ScAs,7,1106,,01,23.4,,,,
146,2025-07-14 22:00,21.8,,1.6,320,90,23.4,20,988.2,995.1,,,,,6,6,,7,1448,,,23.1,,,,
146,2025-07-14 23:00,21.8,,1.1,320,89,23.1,19.8,987.8,994.7,,,,,10,4,,6,1691,,,22.8,,,,
146,2025-07-15 00:00,21.6,,2.4,320,91,23.4,20,988.3,995.2,,,,,10,2,ScAs,,1763,,,22.5,,,,
146,2025-07-15 01:00,21.4,.1,1.9,320,92,23.4,20,987.9,994.8,,,,,10,5,ScAs,5,1017,,01,22.4,,,,
146,2025-07-15 02:00,20.8,2.2,1.6,250,94,22.9,19.7,987.6,994.5,,,,,10,5,StNs,2,1021,,01,22.1,,,,
146,2025-07-15 03:00,20.9,.7,1.5,250,94,23.1,19.8,987.5,994.4,,,,,10,4,StNs,1,1065,,01,22.2,,,,
146,2025-07-15 04:00,21,.2,2.3,290,94,23.2,19.9,987.6,994.5,,,,,10,7,StNs,2,1095,,01,22.1,,,,
146,2025-07-15 05:00,21.1,0,2,270,93,23.2,19.9,988,994.9,,,,,10,4,StAs,2,1271,,01,22.1,,,,
146,2025-07-15 06:00,20.9,.1,3.5,270,93,22.9,19.7,988.4,995.3,0,.01,,,10,3,ScAs,5,1807,,01,21.9,,,,
146,2025-07-15 07:00,21,.5,3.4,270,94,23.2,19.9,988.8,995.7,0,.13,,,10,7,StNs,1,1070,,01,22.5,,,,
146,2025-07-15 08:00,21.2,0,3.5,270,93,23.4,20,989.3,996.2,0,.31,,,10,6,StNs,2,1036,,01,22.7,,,,
146,2025-07-15 09:00,21.5,.1,2.8,270,93,23.8,20.3,989.6,996.5,0,.37,,,10,6,ScAs,13,673,,01,23.6,,,,
146,2025-07-15 10:00,22.9,0,2.8,270,86,24,20.4,989.6,996.5,0,1.02,,,10,8,ScAs,8,4109,,01,26,,,,
146,2025-07-15 11:00,24.7,,3.2,250,76,23.5,20.1,989.3,996.1,.3,2.15,,,9,9,Sc,12,4232,,,30.4,,,,
146,2025-07-15 12:00,24.5,,3.7,250,77,23.5,20.1,989.6,996.4,0,1.35,,,9,9,Sc,13,4731,,,28.1,,,,
146,2025-07-15 13:00,22.9,0,2.2,270,87,24.3,20.6,990.1,997,0,.33,,,10,8,ScAs,7,1618,,01,25.5,,,,
146,2025-07-15 14:00,23.2,0,1.4,20,88,24.9,21,990.4,997.3,0,.36,,,9,9,Sc,10,4606,,01,26.4,,,,
146,2025-07-15 15:00,24.2,,1.2,70,85,25.6,21.5,990.3,997.1,0,.73,,,8,8,Sc,12,4436,,,28.3,,,,
146,2025-07-15 16:00,24.9,,1.9,230,77,24.1,20.5,990.6,997.4,0,.97,,,9,9,Sc,9,4702,,,27.9,,,,
146,2025-07-15 17:00,25.3,,1.4,250,75,24.1,20.5,991,997.8,0,.9,,,9,9,Sc,10,4944,,,27.6,,,,
146,2025-07-15 18:00,25.8,,2.1,270,75,24.9,21,990.9,997.7,.2,.79,,,8,8,Sc,11,4981,,,27.5,,,,
146,2025-07-15 19:00,24.6,,2.2,70,82,25.3,21.3,991.5,998.3,0,.23,,,5,5,,7,4736,,,25.7,,,,
146,2025-07-15 20:00,24.3,,1.6,110,84,25.5,21.4,992,998.8,0,.07,,,7,2,,,4892,,,24.2,,,,
146,2025-07-15 21:00,24,,1.6,140,86,25.6,21.5,993,999.9,,,,,7,7,Sc,7,4449,,,23.8,,,,
146,2025-07-15 22:00,23.5,,1.2,140,88,25.3,21.3,993.9,1000.8,,,,,7,3,,41,3970,,,23,,,,
146,2025-07-15 23:00,23,,1.3,140,89,24.9,21,994.4,1001.3,,,,,4,1,,41,3136,,,22.5,,,,
146,2025-07-16 00:00,22.7,,1.6,140,90,24.7,20.9,994.6,1001.5,,,,,3,0,Ci,,2986,,,22,,,,
146,2025-07-16 01:00,22.5,,1.6,140,90,24.4,20.7,994.7,1001.6,,,,,7,3,,69,2858,,,21.8,,,,
146,2025-07-16 02:00,22.4,,1.3,140,89,24,20.4,994.8,1001.7,,,,,7,5,,56,2442,,,21.7,,,,
146,2025-07-16 03:00,22.7,,2,140,88,24.3,20.6,994.6,1001.5,,,,,10,7,ScAs,10,1199,,,22,,,,
146,2025-07-16 04:00,23,,1,110,87,24.4,20.7,994.6,1001.5,,,,,10,9,ScAs,10,1727,,,22.2,,,,
146,2025-07-16 05:00,23,,2.1,140,88,24.6,20.8,994.8,1001.7,,,,,10,8,ScAs,10,2305,,,22.3,,,,
146,2025-07-16 06:00,23.2,0,1.6,140,88,24.9,21,995.1,1002,0,0,,,10,4,ScAs,10,2305,,01,22.6,,,,
146,2025-07-16 07:00,23.6,,0,0,86,25,21.1,995.7,1002.6,0,.07,,,10,10,As,26,2551,,,23.2,,,,
146,2025-07-16 08:00,24.3,0,1.8,140,84,25.5,21.4,996.1,1003,0,.24,,,10,4,ScAs,10,3101,,01,24.8,,,,
146,2025-07-16 09:00,23.6,.2,2,140,85,24.7,20.9,996.7,1003.6,0,.25,,,10,2,ScAs,9,1097,,01,24.1,,,,
146,2025-07-16 10:00,23.5,.8,2,160,87,25.2,21.2,997.2,1004.1,0,.37,,,10,2,ScAs,14,1673,,01,24.6,,,,
146,2025-07-16 11:00,22.7,1.1,2.4,140,89,24.4,20.7,997.1,1004,0,.35,,,10,2,StNs,7,1469,,01,24.7,,,,
146,2025-07-16 12:00,21.9,3.1,2.6,110,91,23.8,20.3,996.9,1003.8,0,.34,,,10,7,StNs,3,524,,01,24.3,,,,
146,2025-07-16 13:00,22,2.7,1.6,110,93,24.6,20.8,996.9,1003.8,0,.28,,,10,3,StNs,8,307,,01,24.2,,,,
146,2025-07-16 14:00,22.1,3,.7,340,93,24.7,20.9,996.8,1003.7,0,.2,,,10,5,StNs,4,682,,01,23.7,,,,
146,2025-07-16 15:00,22.3,5,3.6,140,95,25.5,21.4,995.5,1002.4,0,.21,,,10,2,StNs,8,850,,01,23.9,,,,
146,2025-07-16 16:00,23,.3,2.8,160,91,25.5,21.4,995.7,1002.6,0,.18,,,10,2,StNs,8,1364,,01,23.6,,,,
146,2025-07-16 17:00,22.9,1.4,4.3,140,90,25,21.1,994.7,1001.6,0,.15,,,10,2,StNs,10,954,,01,23.4,,,,
146,2025-07-16 18:00,23.4,.4,5.9,160,85,24.4,20.7,994.5,1001.4,0,.1,,,10,5,ScAs,13,2985,,01,22.8,,,,
146,2025-07-16 19:00,24,0,4.4,160,82,24.4,20.7,995.1,1002,0,.04,,,10,3,ScAs,10,3444,,01,22.6,,,,
146,2025-07-16 20:00,24.6,,5,140,80,24.7,20.9,995.2,1002.1,0,.02,,,9,2,,26,3793,,,22.6,,,,
146,2025-07-16 21:00,25,,4.9,140,79,24.9,21,995.5,1002.3,,,,,10,3,ScAs,10,3759,,,22.5,,,,
146,2025-07-16 22:00,25.2,,4.4,140,80,25.5,21.4,995.9,1002.7,,,,,8,3,,17,3868,,,22.8,,,,
146,2025-07-16 23:00,25.3,,4.5,160,79,25.3,21.3,996,1002.8,,,,,8,8,,18,3729,,,22.8,,,,
146,2025-07-17 00:00,25.5,,3.8,160,79,25.6,21.5,995.9,1002.7,,,,,9,5,ScAs,15,3678,,,22.8,,,,
146,2025-07-17 01:00,25.6,,2.8,160,80,26.1,21.8,995.7,1002.5,,,,,5,1,,14,3566,,,22.9,,,,
146,2025-07-17 02:00,25.8,,2.9,160,82,27.1,22.4,995.9,1002.7,,,,,6,3,,8,3460,,,23.5,,,,
146,2025-07-17 03:00,25.7,,2.6,140,83,27.2,22.5,996.1,1002.9,,,,,9,5,ScAs,10,3581,,,23.6,,,,
146,2025-07-17 04:00,25.5,,2.9,140,84,27.2,22.5,996.3,1003.1,,,,,10,5,ScAs,9,3023,,,23.8,,,,
146,2025-07-17 05:00,25.5,0,2.1,140,86,27.9,22.9,996.4,1003.2,,,,,9,3,ScAs,9,3494,,01,23.8,,,,
146,2025-07-17 06:00,25.4,0,2.6,140,88,28.4,23.2,996.5,1003.3,0,.01,,,10,6,ScAs,8,3298,,01,24.1,,,,
146,2025-07-17 07:00,26.2,,3,140,87,29.5,23.8,996.6,1003.4,0,.18,,,10,4,ScAs,12,3173,,,25.1,,,,
146,2025-07-17 08:00,27.3,0,3.4,140,84,30.4,24.3,996.7,1003.5,0,.41,,,10,6,ScAs,9,3337,,01,26.9,,,,
146,2025-07-17 09:00,25.6,11.8,1.8,140,93,30.4,24.3,997.2,1004,0,.23,,,10,3,StNs,6,217,,01,25.7,,,,
146,2025-07-17 10:00,26.9,5.7,1.9,180,90,31.9,25.1,997.1,1003.9,0,.42,,,10,2,ScAs,7,2258,,01,28.4,,,,
146,2025-07-17 11:00,23.4,.4,5.4,290,92,26.4,22,998,1004.9,0,.53,,,10,3,CbNs,7,559,,01,24.8,,,,
146,2025-07-17 12:00,23.1,15.3,3,90,94,26.4,22,998.2,1005.1,0,.1,,,10,2,StNs,2,3793,,01,24.7,,,,
146,2025-07-17 13:00,23.8,5.4,2.7,90,94,27.6,22.7,997.3,1004.2,0,.11,,,10,2,StNs,7,622,,01,24.6,,,,
146,2025-07-17 14:00,24,3.2,2.8,160,93,27.6,22.7,998,1004.9,0,.04,,,10,2,StNs,8,2616,,01,24.4,,,,
146,2025-07-17 15:00,23.5,8.1,3.4,140,93,26.8,22.2,997.6,1004.5,0,.05,,,10,2,StNs,2,3251,,01,24.2,,,,
146,2025-07-17 16:00,22.9,16.4,2.6,140,95,26.4,22,997.8,1004.7,0,.02,,,10,2,StNs,4,544,,01,23.7,,,,
146,2025-07-17 17:00,23,3.9,2.9,140,95,26.6,22.1,997.7,1004.6,0,.02,,,10,4,StNs,8,781,,01,23.7,,,,
146,2025-07-17 18:00,22.9,1.3,3.8,140,94,26.1,21.8,997.6,1004.5,0,.02,,,10,1,ScAs,16,3659,,01,23.5,,,,
146,2025-07-17 19:00,22.8,1.9,3.4,160,93,25.8,21.6,998.7,1005.6,0,0,,,10,4,StNs,8,640,,01,23.3,,,,
146,2025-07-17 20:00,22.1,4.2,3.2,160,94,24.9,21,999.9,1006.9,0,0,,,10,5,StNs,8,641,,01,22.9,,,,
146,2025-07-17 21:00,21.9,6.4,3.3,140,95,24.9,21,1000.6,1007.6,,,,,10,6,StNs,8,584,,01,22.7,,,,
146,2025-07-17 22:00,21.9,4.9,4.6,140,93,24.4,20.7,1001,1008,,,,,10,6,StNs,8,992,,01,22.4,,,,
146,2025-07-17 23:00,22.3,1.8,1.3,180,92,24.7,20.9,1000.1,1007,,,,,10,3,StNs,10,4915,,01,22.4,,,,
146,2025-07-18 00:00,22.4,.5,4.1,160,92,24.9,21,1000.5,1007.4,,,,,10,4,,,2019,,01,22.3,,,,
146,2025-07-18 01:00,22.3,2.1,3.8,160,92,24.7,20.9,999.4,1006.3,,,,,10,4,StNs,8,1089,,01,22.2,,,,
146,2025-07-18 02:00,22.1,1,2.8,140,92,24.4,20.7,997.3,1004.2,,,,,10,3,ScAs,10,4942,,01,22,,,,
146,2025-07-18 03:00,22.4,,.7,140,89,24,20.4,998.6,1005.5,,,,,10,2,ScAs,15,5000,,,21.8,,,,
146,2025-07-18 04:00,21.9,,2.8,140,92,24.1,20.5,998.4,1005.3,,,,,10,2,ScAs,15,4864,,,21.8,,,,
146,2025-07-18 05:00,22.1,,1.8,90,90,23.8,20.3,998.9,1005.8,,,,,8,2,ScAc,15,5000,,,21.4,,,,
146,2025-07-18 06:00,22,0,.9,90,91,24,20.4,999.6,1006.6,0,.01,,,10,6,ScAs,10,4986,,01,21.8,,,,
146,2025-07-18 07:00,22.5,,1.6,140,91,24.7,20.9,1000.1,1007,.1,.2,,,9,6,ScAc,10,4921,,,22.9,,,,
146,2025-07-18 08:00,23.4,,.6,50,90,25.8,21.6,1000.6,1007.5,0,.39,,,8,2,ScAc,10,4974,,,24,,,,
146,2025-07-18 09:00,26.8,,1.8,140,76,26.8,22.2,1000.3,1007.1,.9,1.76,,,6,3,ScCi,10,4662,,,30.5,,,,
146,2025-07-18 10:00,28.8,,1.9,140,67,26.4,22,1000.2,1007,.8,2.36,,,8,2,ScAs,10,4802,,,33.2,,,,
146,2025-07-18 11:00,29.2,,2,140,71,28.6,23.3,1000.4,1007.2,.1,1.68,,,7,2,ScCi,10,4718,,,33.9,,,,
146,2025-07-18 12:00,30.5,,2.4,200,63,27.4,22.6,999.8,1006.5,.6,2.59,,,8,4,ScAs,10,4552,,,34.3,,,,
146,2025-07-18 13:00,30.9,,2,180,61,27.1,22.4,999.4,1006.1,.1,1.91,,,9,3,ScAs,10,4674,,,33.7,,,,
146,2025-07-18 14:00,30.9,,2.4,180,63,28.1,23,999,1005.7,0,1.47,,,9,2,ScAs,10,4700,,,33.3,,,,
146,2025-07-18 15:00,30,,2.4,200,68,28.8,23.4,999.4,1006.1,0,.85,,,10,8,ScAs,10,3579,,,30.4,,,,
146,2025-07-18 16:00,28.5,.3,2.2,250,81,31.5,24.9,999.7,1006.5,0,.48,,,10,1,ScAs,9,1949,,01,29.4,,,,
146,2025-07-18 17:00,27,1,2.6,160,86,30.6,24.4,998.4,1005.2,0,.33,,,10,4,ScAs,6,840,,01,28.1,,,,
146,2025-07-18 18:00,26.1,.1,2.9,140,85,28.6,23.3,998.4,1005.2,0,.14,,,10,1,ScAs,11,1582,,01,26.8,,,,
146,2025-07-18 19:00,25.6,.7,.7,140,86,28.1,23,999.6,1006.5,0,.03,,,10,9,StNs,7,948,,01,25.8,,,,
146,2025-07-18 20:00,25,3.6,1.8,110,92,29.1,23.6,999.4,1006.3,0,.03,,,9,4,ScAs,7,1248,,01,25.3,,,,
146,2025-07-18 21:00,25.2,,1.6,140,91,29.1,23.6,1000.5,1007.4,,,,,8,3,ScAs,10,3009,,,24.9,,,,
146,2025-07-18 22:00,25.1,,2.1,140,89,28.3,23.1,1000.4,1007.3,,,,,9,7,,34,4786,,,24.8,,,,
146,2025-07-18 23:00,24.9,,1.6,160,87,27.2,22.5,1001.1,1008,,,,,10,3,,37,4877,,,24.6,,,,
146,2025-07-19 00:00,24.9,,2.4,140,87,27.2,22.5,1000.8,1007.7,,,,,9,4,,,5000,,,24.4,,,,
146,2025-07-19 01:00,24.1,2.2,1.9,140,92,27.6,22.7,1000.8,1007.7,,,,,10,5,StNs,10,389,,01,24.3,,,,
146,2025-07-19 02:00,24,1.6,2.6,160,93,27.6,22.7,1000.5,1007.4,,,,,10,3,StNs,11,2158,,01,24.2,,,,
146,2025-07-19 03:00,24,2.5,.8,160,93,27.6,22.7,1000.5,1007.4,,,,,10,8,CbStNs,6,331,,01,24.2,,,,
146,2025-07-19 04:00,23.9,1.3,1.3,90,94,27.7,22.8,1001,1007.9,,,,,10,4,StNs,11,1087,,01,24.3,,,,
146,2025-07-19 05:00,23.3,10.5,2.5,160,93,26.4,22,1001.8,1008.7,,,,,10,8,CbStNs,6,436,,01,23.9,,,,
146,2025-07-19 06:00,23,11,1.7,110,95,26.6,22.1,1001.5,1008.4,0,0,,,10,5,StNs,8,142,,01,23.7,,,,
146,2025-07-19 07:00,23.4,3.6,1.7,140,95,27.2,22.5,1001.8,1008.7,0,.04,,,10,5,StNs,11,1900,,01,23.9,,,,
146,2025-07-19 08:00,23.8,4.4,1.8,160,95,27.9,22.9,1002.3,1009.2,0,.03,,,10,5,StNs,10,502,,01,24,,,,
146,2025-07-19 09:00,24,2.8,3.4,140,95,28.3,23.1,1001.3,1008.2,0,.03,,,10,3,StNs,5,1427,,01,24.1,,,,
146,2025-07-19 10:00,24.8,3.1,3.2,160,92,28.8,23.4,1001.8,1008.7,0,.05,,,10,2,StNs,7,2719,,01,24.4,,,,
146,2025-07-19 11:00,23.4,1.7,2.6,160,91,26.1,21.8,1003.4,1010.3,0,.06,,,10,2,StNs,4,1145,,01,24.1,,,,
146,2025-07-19 12:00,23.9,1.8,2.7,140,93,27.4,22.6,1002.3,1009.2,0,.12,,,10,3,StNs,9,705,,01,24.4,,,,
146,2025-07-19 13:00,25.6,2.4,3.5,160,93,30.4,24.3,1002.5,1009.4,0,.52,,,10,2,StNs,5,1469,,01,26.6,,,,
146,2025-07-19 14:00,27,.7,1.4,250,89,31.7,25,1002.9,1009.7,0,.77,,,10,2,ScAs,8,4583,,01,29.1,,,,
146,2025-07-19 15:00,27.9,0,1,110,87,32.6,25.5,1002.7,1009.5,0,1.04,,,10,4,ScAs,10,4196,,01,30.6,,,,
146,2025-07-19 16:00,26.2,2,2.5,180,93,31.5,24.9,1003.3,1010.2,0,.59,,,10,2,ScAs,6,320,,01,27.8,,,,
146,2025-07-19 17:00,26.9,.9,2,140,90,31.9,25.1,1003.6,1010.5,0,.79,,,10,3,ScAs,8,4634,,01,29.1,,,,
146,2025-07-19 18:00,26.3,.1,2.9,110,90,30.7,24.5,1003.4,1010.3,0,.52,,,10,4,ScAs,11,4838,,01,28.2,,,,
146,2025-07-19 19:00,26.2,3.2,1.7,110,92,31.1,24.7,1004.1,1011,.1,.21,,,8,8,Sc,7,4071,,01,27.3,,,,
146,2025-07-19 20:00,24.6,,3,140,92,28.4,23.2,1004.6,1011.5,0,.07,,,6,1,,14,5000,,,25.5,,,,
146,2025-07-19 21:00,24.3,,2.6,140,92,27.9,22.9,1005.3,1012.2,,,,,7,7,Sc,10,5000,,,24.8,,,,
146,2025-07-19 22:00,24.9,0,2.8,140,89,27.9,22.9,1005.7,1012.6,,,,,8,8,Sc,11,5000,,01,24.8,,,,
146,2025-07-19 23:00,24.7,0,2.6,160,88,27.2,22.5,1005.5,1012.4,,,,,7,7,Sc,18,4913,,01,24,,,,
146,2025-07-20 00:00,24.1,,2.6,140,90,26.9,22.3,1005.3,1012.2,,,,,3,3,,,4859,,,23.6,,,,
146,2025-07-20 01:00,24.1,,1.6,90,90,26.9,22.3,1005,1011.9,,,,,5,5,,18,4695,,,23.5,,,,
146,2025-07-20 02:00,23.9,,1.9,110,92,27.2,22.5,1004.4,1011.3,,,,,1,0,,,3236,,,23.2,,,,
146,2025-07-20 03:00,24.1,,2.1,110,91,27.2,22.5,1004.5,1011.4,,,,,0,0,,,2848,,,23.1,,,,
146,2025-07-20 04:00,24,,2.3,140,92,27.4,22.6,1005.2,1012.1,,,,,0,0,,,2625,,,22.9,,,,
146,2025-07-20 05:00,23.8,,1.6,110,92,27.1,22.4,1005.7,1012.6,,,,,7,0,Ci,,2201,,,22.9,,,,
146,2025-07-20 06:00,23.9,,1.6,140,92,27.2,22.5,1006.1,1013,0,.01,,,7,4,AcCi,38,2095,,,23.1,,,,
146,2025-07-20 07:00,24.5,,1.3,140,90,27.6,22.7,1006.4,1013.3,0,.16,,,7,0,Ci,,2833,,,23.9,,,,
146,2025-07-20 08:00,26.8,,.7,160,84,29.5,23.8,1006.6,1013.5,.4,.65,,,6,0,Ci,,2901,,,27.2,,,,
146,2025-07-20 09:00,28.9,,2.7,160,76,30.2,24.2,1006.6,1013.4,1,1.66,,,6,0,Ci,,3147,,,31,,,,
146,2025-07-20 10:00,30,,3.7,160,73,30.9,24.6,1006.4,1013.2,1,2.16,,,6,0,Ci,,2846,,,34.1,,,,
146,2025-07-20 11:00,31,,2.1,160,69,30.9,24.6,1006.2,1013,1,2.84,,,6,3,ScCi,10,3638,,,35.5,,,,
146,2025-07-20 12:00,31.6,,4.3,180,61,28.3,23.1,1006,1012.8,1,3.13,,,7,6,ScCi,10,2916,,,36.9,,,,
146,2025-07-20 13:00,32.3,,2.5,200,59,28.4,23.2,1005.5,1012.2,.8,3.06,,,7,7,Sc,10,2959,,,38.2,,,,
146,2025-07-20 14:00,32.7,,2.6,160,63,31.1,24.7,1005.1,1011.8,.7,2.99,,,7,7,Sc,10,3431,,,38.1,,,,
146,2025-07-20 15:00,33.6,,3.2,180,56,29.1,23.6,1004.5,1011.2,.9,3.06,,,5,4,ScCi,10,3875,,,38.1,,,,
146,2025-07-20 16:00,34.2,,2.4,230,54,28.9,23.5,1004.3,1011,1,2.86,,,6,3,ScCi,10,4586,,,37.7,,,,
146,2025-07-20 17:00,32.4,,2.4,180,56,27.1,22.4,1004.6,1011.3,.8,2.17,,,7,7,Sc,10,4122,,,34.2,,,,
146,2025-07-20 18:00,31.9,,2.7,230,59,27.7,22.8,1005,1011.7,.5,1.1,,,7,7,Sc,10,4207,,,32.1,,,,
146,2025-07-20 19:00,30.6,,2.3,200,62,27.1,22.4,1005.6,1012.4,.1,.33,,,8,5,,16,3781,,,29.3,,,,
146,2025-07-20 20:00,29.4,,2.4,180,67,27.4,22.6,1006.1,1012.9,0,.06,,,5,2,,76,4077,,,27.4,,,,
146,2025-07-20 21:00,28.5,,2.6,180,71,27.6,22.7,1006.8,1013.6,,,,,3,3,Sc,10,3405,,,26.4,,,,
146,2025-07-20 22:00,27.8,,1.2,140,74,27.6,22.7,1007.1,1014,,,,,3,1,,15,3488,,,26,,,,
146,2025-07-20 23:00,27.1,,2,140,78,27.9,22.9,1007.4,1014.3,,,,,3,0,,,3648,,,25.5,,,,
146,2025-07-21 00:00,26.8,,2.3,110,79,27.7,22.8,1007.5,1014.4,,,,,0,0,,,3419,,,25.1,,,,
146,2025-07-21 01:00,26.2,,2.6,140,82,27.7,22.8,1007.3,1014.2,,,,,5,1,,64,3174,,,24.9,,,,
146,2025-07-21 02:00,26.2,,1.7,110,82,27.7,22.8,1007,1013.9,,,,,7,5,,50,3758,,,24.8,,,,
146,2025-07-21 03:00,26.2,,2,140,82,27.7,22.8,1006.5,1013.4,,,,,8,8,Ac,35,3683,,,24.9,,,,
146,2025-07-21 04:00,26.3,,2.1,140,81,27.6,22.7,1006.5,1013.4,,,,,0,0,,,3234,,,24.6,,,,
146,2025-07-21 05:00,26,,2,140,83,27.7,22.8,1006.6,1013.5,,,,,0,0,,,3552,,,24.3,,,,
146,2025-07-21 06:00,26.1,,1.1,110,82,27.6,22.7,1006.7,1013.6,0,.02,,,3,3,Sc,10,3514,,,24.3,,,,
146,2025-07-21 07:00,28,,1.2,110,77,28.9,23.5,1007.2,1014.1,.6,.32,,,0,0,,,4069,,,25.8,,,,
146,2025-07-21 08:00,28.8,,1.9,230,73,28.8,23.4,1008.1,1014.9,.9,1.03,,,4,4,Sc,10,3544,,,28.6,,,,
146,2025-07-21 09:00,29.5,,.7,200,72,29.7,23.9,1008.3,1015.1,.3,1.02,,,9,9,Sc,10,3885,,,30.2,,,,
146,2025-07-21 10:00,30.9,,1.3,180,67,29.8,24,1008.5,1015.3,.5,1.66,,,4,3,ScCi,10,4497,,,33.8,,,,
146,2025-07-21 11:00,30.4,,1.2,270,67,28.9,23.5,1008.3,1015.1,.4,1.81,,,7,7,Sc,10,3881,,,32.3,,,,
146,2025-07-21 12:00,32.2,0,1.8,110,62,29.7,23.9,1007.9,1014.7,.7,2.69,,,6,6,Sc,10,4225,,04,37.3,,,,
146,2025-07-21 13:00,32.8,,2.1,270,60,29.8,24,1007.2,1013.9,.7,2.92,,,8,8,Sc,10,4243,,,37.6,,,,
146,2025-07-21 14:00,30.3,0,4.2,250,70,30.2,24.2,1007.1,1013.9,.4,1.67,,,9,9,CuSc,6,3484,,04,31.5,,,,
146,2025-07-21 15:00,29,0,2,230,77,30.7,24.5,1007.7,1014.5,0,.72,,,9,8,ScAs,10,4798,,04,31.4,,,,
146,2025-07-21 16:00,29.7,0,1.3,140,75,31.1,24.7,1007.6,1014.4,0,.74,,,10,8,ScAs,10,3971,,04,31.7,,,,
146,2025-07-21 17:00,26.8,.3,2,140,89,31.3,24.8,1007.6,1014.5,0,,,,10,8,ScAs,10,5000,,04,29.1,,,,
146,2025-07-21 18:00,27,0,1.8,140,85,30.4,24.3,1007.4,1014.3,0,,,,9,5,ScAs,10,5000,,04,28.5,,,,
146,2025-07-21 19:00,26.8,,1.5,140,83,29.3,23.7,1007.4,1014.3,0,,,,9,0,,,5000,,,27.5,,,,
146,2025-07-21 20:00,26.2,,1.9,140,85,28.8,23.4,1007.5,1014.4,0,,,,6,0,,,5000,,,26.5,,,,
146,2025-07-21 21:00,25.9,,1.6,110,86,28.6,23.3,1008.2,1015.1,,,,,3,0,Ci,,4810,,,25.9,,,,
146,2025-07-21 22:00,25.5,,1.7,140,87,28.3,23.1,1008.5,1015.4,,,,,3,3,,76,4933,,,25.3,,,,
146,2025-07-21 23:00,25.3,,1.5,140,87,27.9,22.9,1008.6,1015.5,,,,,5,4,,11,4977,,,25,,,,
146,2025-07-22 00:00,25.1,,1.9,140,87,27.6,22.7,1008.5,1015.4,,,,,3,0,,,2062,,,24.6,,,,
146,2025-07-22 01:00,24.8,,1.4,140,89,27.7,22.8,1008.2,1015.1,,,,,3,0,,,5000,,,24.3,,,,
146,2025-07-22 02:00,24.8,,1.6,140,89,27.7,22.8,1008.1,1015,,,,,3,0,,,4835,,,24.2,,,,
146,2025-07-22 03:00,24.7,,1.2,110,89,27.6,22.7,1008.2,1015.1,,,,,2,0,Ci,,5000,,,23.9,,,,
146,2025-07-22 04:00,24.5,,1.2,110,89,27.2,22.5,1008,1014.9,,,,,0,0,,,5000,,,23.7,,,,
146,2025-07-22 05:00,24.2,,2,140,91,27.4,22.6,1008.2,1015.2,,,,,2,0,Ci,,4709,,,23.5,,,,
146,2025-07-22 06:00,24.2,,2.2,140,91,27.4,22.6,1008.4,1015.4,0,.02,,,4,0,Ci,,4723,,,23.6,,,,
146,2025-07-22 07:00,26.4,,2.4,140,83,28.4,23.2,1008.4,1015.3,1,.41,,,3,0,Ci,,4739,,,25,,,,
146,2025-07-22 08:00,28.9,,1,140,75,29.8,24,1008.6,1015.4,1,1.07,,,1,0,Ci,,4565,,,29.1,,,,
146,2025-07-22 09:00,29.9,,1.6,200,67,28.1,23,1008.7,1015.5,1,1.76,,,0,0,,,4281,,,32.5,,,,
146,2025-07-22 10:00,31.1,,2.2,160,63,28.4,23.2,1008.6,1015.4,1,2.43,,,4,4,Sc,10,4100,,,35.5,,,,
146,2025-07-22 11:00,31.2,,1,290,63,28.6,23.3,1008.5,1015.3,.7,2.17,,,6,6,Sc,10,4240,,,35.3,,,,
146,2025-07-22 12:00,31.5,,.9,290,64,29.5,23.8,1008.1,1014.9,.5,2.34,,,6,6,Sc,10,4665,,,34.3,,,,
146,2025-07-22 13:00,31.6,,2.3,270,61,28.3,23.1,1007.8,1014.6,.3,1.97,,,7,7,Sc,10,4451,,,34,,,,
146,2025-07-22 14:00,31,,1.7,20,66,29.5,23.8,1007.5,1014.3,.4,1.74,,,8,7,ScCi,10,4318,,,32.8,,,,
146,2025-07-22 15:00,33.3,0,2.1,340,57,29.1,23.6,1006.8,1013.5,.8,2.96,,,8,8,Sc,10,4152,,04,37.4,,,,
146,2025-07-22 16:00,32.8,0,.6,160,59,29.3,23.7,1006.6,1013.3,.6,1.51,,,7,6,ScCi,10,3822,,04,35.9,,,,
146,2025-07-22 17:00,32,,2.8,340,63,29.8,24,1006.5,1013.3,1,1.79,,,8,3,ScCi,10,4431,,,34,,,,
146,2025-07-22 18:00,33,,2.2,320,61,30.6,24.4,1006.3,1013,.9,1.46,,,5,4,ScCi,10,3970,,,33.3,,,,
146,2025-07-22 19:00,30.2,,2.5,290,68,29.1,23.6,1006.6,1013.4,.8,.71,,,7,3,,10,4425,,,29.5,,,,
146,2025-07-22 20:00,28.7,,2.6,270,74,28.9,23.5,1006.9,1013.7,0,.07,,,7,2,,10,4730,,,27.8,,,,
146,2025-07-22 21:00,28,,2.2,270,77,28.9,23.5,1007.5,1014.4,,,,,6,6,Sc,10,4700,,,27.1,,,,
146,2025-07-22 22:00,27.5,,1.8,270,77,28.1,23,1007.8,1014.7,,,,,3,2,,9,4486,,,26.3,,,,
146,2025-07-22 23:00,27.3,,1.3,230,77,27.9,22.9,1007.9,1014.8,,,,,6,3,,14,4457,,,26.3,,,,
146,2025-07-23 00:00,27.1,,1.4,230,79,28.3,23.1,1007.8,1014.7,,,,,3,3,Sc,12,4380,,,25.9,,,,
146,2025-07-23 01:00,26.5,,0,0,82,28.3,23.1,1007.5,1014.4,,,,,2,2,,12,4044,,,25.5,,,,
146,2025-07-23 02:00,26.2,,1.1,140,84,28.4,23.2,1007.3,1014.2,,,,,3,3,,10,3645,,,25.6,,,,
146,2025-07-23 03:00,25.9,,1.2,110,85,28.3,23.1,1007.1,1014,,,,,2,2,Sc,10,3930,,,25.2,,,,
146,2025-07-23 04:00,25.4,,1,110,86,27.7,22.8,1007.2,1014.1,,,,,2,2,Sc,10,3555,,,24.8,,,,
146,2025-07-23 05:00,25.2,,1.2,140,87,27.7,22.8,1007.5,1014.4,,,,,2,2,Sc,10,3553,,,24.7,,,,
146,2025-07-23 06:00,25.2,,1.4,140,88,28.1,23,1007.8,1014.7,0,.01,,,8,8,Sc,9,3251,,,25.2,,,,
146,2025-07-23 07:00,25.6,,1.3,140,86,28.1,23,1007.9,1014.8,0,.22,,,8,8,Sc,14,3422,,,26,,,,
146,2025-07-23 08:00,27.5,,.3,0,81,29.7,23.9,1008,1014.9,.2,.67,,,5,4,ScCi,16,3854,,,28.6,,,,
146,2025-07-23 09:00,29.5,,1.2,360,75,30.7,24.5,1007.8,1014.6,.8,1.38,,,6,2,ScAc,16,2936,,,31.4,,,,
146,2025-07-23 10:00,30.9,,1.8,340,71,31.7,25,1007.9,1014.7,.7,2.16,,,5,2,ScCi,10,2847,,,35.5,,,,
146,2025-07-23 11:00,31.9,,1.4,20,64,30.2,24.2,1007.4,1014.2,1,2.85,,,3,2,ScCi,10,3694,,,38.1,,,,
146,2025-07-23 12:00,32.8,,2.4,320,62,30.7,24.5,1006.7,1013.4,.9,3.2,,,4,3,ScCi,10,3306,,,38.1,,,,
146,2025-07-23 13:00,32.7,,1.6,320,64,31.5,24.9,1005.8,1012.5,.4,2.04,,,5,3,ScCi,12,3165,,,36.7,,,,
146,2025-07-23 14:00,33.6,,2.4,320,57,29.5,23.8,1005.3,1012,.4,2.01,,,4,3,ScCi,12,3481,,,37.1,,,,
146,2025-07-23 15:00,33.1,,2.4,290,58,29.3,23.7,1004.8,1011.5,.7,2.61,,,5,3,ScCi,10,3649,,,35.8,,,,
146,2025-07-23 16:00,32.5,,2.6,320,64,31.3,24.8,1004.4,1011.1,.2,1.08,,,7,4,ScCi,13,2890,,,33,,,,
146,2025-07-23 17:00,33.1,,2,290,60,30.2,24.2,1003.9,1010.6,.2,.99,,,7,4,ScCi,12,4057,,,33.3,,,,
146,2025-07-23 18:00,32.2,,3.2,340,63,30.2,24.2,1003.7,1010.4,.1,.67,,,5,2,ScCi,12,3380,,,31,,,,
146,2025-07-23 19:00,31.5,,2.3,320,65,30,24.1,1003.8,1010.5,.4,.39,,,4,0,,,3718,,,29.5,,,,
146,2025-07-23 20:00,29.8,,2.9,230,76,31.9,25.1,1003.9,1010.7,0,.04,,,2,2,,12,2604,,,28.2,,,,
146,2025-07-23 21:00,28.4,,3.5,230,80,30.9,24.6,1004.7,1011.5,,,,,1,1,Sc,10,2676,,,26.9,,,,
146,2025-07-23 22:00,27.8,,2.5,250,82,30.6,24.4,1005.2,1012,,,,,3,3,,13,3080,,,26.5,,,,
146,2025-07-23 23:00,27.7,,2.3,250,79,29.3,23.7,1005.5,1012.3,,,,,1,1,,13,3094,,,26.3,,,,
146,2025-07-24 00:00,27.3,,1.4,230,82,29.7,23.9,1005.6,1012.4,,,,,2,2,,,3034,,,25.9,,,,
146,2025-07-24 01:00,26.9,,.7,230,84,29.7,23.9,1005.5,1012.4,,,,,0,0,,,2788,,,25.6,,,,
146,2025-07-24 02:00,26.6,,1,50,87,30.2,24.2,1005.2,1012.1,,,,,0,0,,,1936,,,25.4,,,,
146,2025-07-24 03:00,26.1,,.2,0,89,30,24.1,1005.3,1012.2,,,,,1,1,Sc,10,1684,,,25.1,,,,
146,2025-07-24 04:00,26,,1.2,110,90,30.2,24.2,1005.2,1012.1,,,,,2,2,Sc,10,1531,,,24.8,,,,
146,2025-07-24 05:00,25.6,,1.2,140,90,29.5,23.8,1005.5,1012.4,,,,,2,2,Ac,35,880,,,24.5,,,,
146,2025-07-24 06:00,25.2,,1.6,140,91,29.1,23.6,1005.6,1012.5,0,.01,,,4,4,Ac,35,1487,,,24.5,,,,
146,2025-07-24 07:00,26.8,,.7,110,86,30.2,24.2,1005.6,1012.5,.8,.33,,,2,2,Ac,35,2059,,,25.9,,,,
146,2025-07-24 08:00,28.6,,.6,20,81,31.7,25,1005.4,1012.2,1,.86,,,0,0,,,2167,,,29.2,,,,
146,2025-07-24 09:00,30.6,,.7,50,75,32.8,25.6,1005.1,1011.9,1,1.7,,,1,0,Ci,,2131,,,33.4,,,,
146,2025-07-24 10:00,31.7,,1.8,290,70,32.6,25.5,1004.9,1011.6,1,2.37,,,2,1,ScCi,10,2545,,,36.5,,,,
146,2025-07-24 11:00,32.5,,2,320,68,33.2,25.8,1004.4,1011.1,.9,2.91,,,3,2,ScCi,9,2850,,,38.5,,,,
146,2025-07-24 12:00,32.5,,1.8,20,64,31.3,24.8,1003.8,1010.5,.9,3.03,,,4,2,ScCi,12,2724,,,36.1,,,,
146,2025-07-24 13:00,34,,1.6,50,59,31.3,24.8,1003.4,1010.1,.9,3.03,,,3,2,ScCi,10,3257,,,40.6,,,,
146,2025-07-24 14:00,34.9,,1.5,360,54,30.2,24.2,1002.6,1009.3,.8,3.21,,,4,2,ScCi,10,3454,,,40,,,,
146,2025-07-24 15:00,34.1,,2.4,340,56,29.8,24,1002.2,1008.9,.6,2.49,,,3,2,ScCi,14,3461,,,37.7,,,,
146,2025-07-24 16:00,34.5,,1.3,50,56,30.6,24.4,1001.7,1008.4,.6,1.86,,,3,2,ScCi,16,3377,,,37.4,,,,
146,2025-07-24 17:00,34.1,,1.3,360,54,28.8,23.4,1001.5,1008.2,.4,1.23,,,3,2,ScCi,15,3507,,,34.6,,,,
146,2025-07-24 18:00,33.8,,1.7,320,57,29.8,24,1001.4,1008.1,.2,.62,,,2,2,Sc,16,3421,,,33.3,,,,
146,2025-07-24 19:00,32.2,,2.7,290,68,32.6,25.5,1001.7,1008.4,.2,.31,,,0,0,,,2644,,,30.6,,,,
146,2025-07-24 20:00,30.5,,1.6,270,72,31.3,24.8,1002,1008.8,0,.05,,,0,0,,,2234,,,28.8,,,,
146,2025-07-24 21:00,29.7,,2.2,230,75,31.1,24.7,1002.5,1009.3,,,,,0,0,,,2183,,,27.8,,,,
146,2025-07-24 22:00,29.4,,1.2,180,79,32.2,25.3,1002.7,1009.5,,,,,0,0,,,2096,,,27.3,,,,
146,2025-07-24 23:00,28.8,,1,180,81,32.1,25.2,1003,1009.8,,,,,0,0,,,1692,,,26.8,,,,
146,2025-07-25 00:00,27.3,,.9,50,84,30.4,24.3,1002.8,1009.6,,,,,0,0,,,1817,,,26.2,,,,
146,2025-07-25 01:00,26.8,,1.6,70,86,30.2,24.2,1002.7,1009.5,,,,,0,0,,,1534,,,25.7,,,,
146,2025-07-25 02:00,26.5,,.9,90,85,29.3,23.7,1002.7,1009.6,,,,,0,0,,,1902,,,25.3,,,,
146,2025-07-25 03:00,26.2,,1.2,110,85,28.8,23.4,1002.5,1009.4,,,,,0,0,,,1935,,,24.9,,,,
146,2025-07-25 04:00,25.1,,.7,90,86,27.2,22.5,1002.5,1009.4,,,,,0,0,,,1737,,,24.3,,,,
146,2025-07-25 05:00,25.2,,.7,110,85,27.1,22.4,1002.7,1009.6,,,,,0,0,,,1766,,,24,,,,
146,2025-07-25 06:00,25,,1.7,110,85,26.8,22.2,1003,1009.9,.1,.02,,,0,0,,,1835,,,23.8,,,,
146,2025-07-25 07:00,26.8,,1.9,140,77,27.1,22.4,1002.9,1009.8,1,.38,,,0,0,,,2708,,,25,,,,
146,2025-07-25 08:00,29.2,,.9,110,69,27.9,22.9,1002.8,1009.6,1,1.05,,,0,0,,,3371,,,29,,,,
146,2025-07-25 09:00,30.8,,1.2,20,66,29.3,23.7,1002.7,1009.5,1,1.75,,,0,0,,,3568,,,33.2,,,,
146,2025-07-25 10:00,32.1,,1.7,270,58,27.6,22.7,1002.5,1009.2,1,2.4,,,0,0,,,4035,,,36.4,,,,
146,2025-07-25 11:00,34,,.6,20,55,29.1,23.6,1001.9,1008.6,1,2.92,,,0,0,,,4124,,,39.6,,,,
146,2025-07-25 12:00,34.3,,1.7,290,50,26.9,22.3,1001.7,1008.4,1,3.28,,,0,0,,,4001,,,42.1,,,,
146,2025-07-25 13:00,34.7,,3.2,320,51,28.1,23,1001.2,1007.9,1,3.38,,,1,1,Sc,10,3580,,,44.2,,,,
146,2025-07-25 14:00,35.1,,2.4,290,55,30.9,24.6,1000.8,1007.4,1,3.36,,,2,2,Sc,10,3396,,,45.2,,,,
146,2025-07-25 15:00,34.2,,2.1,360,54,28.9,23.5,1000.4,1007.1,.6,2.17,,,3,3,Sc,10,3752,,,40.3,,,,
146,2025-07-25 16:00,35.5,,2.8,320,52,30,24.1,999.9,1006.5,.8,2.35,,,2,2,Sc,10,4200,,,42.6,,,,
146,2025-07-25 17:00,34.1,,2,290,56,29.8,24,999.8,1006.5,.2,.91,,,3,3,Sc,10,4075,,,37.1,,,,
146,2025-07-25 18:00,34.2,,1.3,250,55,29.5,23.8,999.7,1006.4,.1,.54,,,2,2,Sc,10,3952,,,34.7,,,,
146,2025-07-25 19:00,34.7,,1,200,52,28.6,23.3,1000.2,1006.9,.9,.53,,,0,0,,,4210,,,33.4,,,,
146,2025-07-25 20:00,33.1,,2,230,56,28.3,23.1,1000.8,1007.5,.1,.06,,,1,1,,15,4385,,,31,,,,
146,2025-07-25 21:00,31.4,,1.4,140,64,29.3,23.7,1001.5,1008.2,,,,,3,3,Sc,10,4116,,,29.5,,,,
146,2025-07-25 22:00,30.5,,1.4,140,67,29.1,23.6,1001.8,1008.6,,,,,0,0,,,4636,,,28.4,,,,
146,2025-07-25 23:00,29.2,,1.4,110,72,29.1,23.6,1002.1,1008.9,,,,,0,0,,,4838,,,27.3,,,,
146,2025-07-26 00:00,28.1,,1.8,110,73,27.6,22.7,1002.2,1009,,,,,0,0,,,4683,,,26.3,,,,
146,2025-07-26 01:00,27.5,,1.8,110,73,26.8,22.2,1001.8,1008.6,,,,,0,0,,,4870,,,25.6,,,,
146,2025-07-26 02:00,26.5,,2.1,140,75,25.8,21.6,1001.3,1008.1,,,,,0,0,,,4978,,,24.9,,,,
146,2025-07-26 03:00,26.3,,2,140,75,25.6,21.5,1001.1,1008,,,,,0,0,,,4924,,,24.5,,,,
146,2025-07-26 04:00,25.9,,2,110,77,25.6,21.5,1001.1,1008,,,,,0,0,,,5000,,,24.2,,,,
146,2025-07-26 05:00,25.6,,1.6,110,78,25.5,21.4,1001,1007.9,,,,,0,0,,,4853,,,23.9,,,,
146,2025-07-26 06:00,25.7,,1.7,110,78,25.6,21.5,1001.5,1008.4,.1,.02,,,3,3,Sc,10,4913,,,24.2,,,,
146,2025-07-26 07:00,27.8,,.9,110,72,26.8,22.2,1001.5,1008.3,1,.38,,,1,0,Ci,,4859,,,25.4,,,,
146,2025-07-26 08:00,30,,1.5,140,64,27.1,22.4,1001.4,1008.2,1,1.06,,,3,0,Ci,,4589,,,29.4,,,,
146,2025-07-26 09:00,31.7,,1.1,20,60,27.9,22.9,1001.4,1008.1,1,1.72,,,5,0,Ci,,4566,,,34.1,,,,
146,2025-07-26 10:00,32,,1.8,360,58,27.4,22.6,1001.2,1007.9,1,2.26,,,4,0,Ci,,4555,,,37.8,,,,
146,2025-07-26 11:00,33.1,,2,20,56,28.3,23.1,1001,1007.7,1,2.95,,,4,0,Ci,,4352,,,42.5,,,,
146,2025-07-26 12:00,34.9,,1.3,340,52,28.9,23.5,1000.6,1007.2,1,3.31,,,2,1,ScCi,15,4104,,,46.3,,,,
146,2025-07-26 13:00,35,,1.7,360,51,28.6,23.3,999.9,1006.5,.9,3.23,,,3,1,ScCi,13,4177,,,46.1,,,,
146,2025-07-26 14:00,35.3,,2.1,50,46,26.3,21.9,999.3,1005.9,.6,2.3,,,4,2,ScCi,15,4492,,,44.4,,,,
146,2025-07-26 15:00,36.5,,2.6,110,45,27.4,22.6,998.7,1005.3,1,2.83,,,6,4,ScCi,18,4343,,,46.7,,,,
146,2025-07-26 16:00,35.7,,3.3,70,43,25,21.1,998.6,1005.2,.6,1.58,,,7,3,ScCi,16,4713,,,43.7,,,,
146,2025-07-26 17:00,33.9,,2.1,110,53,27.9,22.9,998.5,1005.2,0,.53,,,5,4,ScCi,16,4993,,,36.6,,,,
146,2025-07-26 18:00,34.8,,3,110,49,27.2,22.5,998.5,1005.1,.6,.72,,,2,1,ScCi,10,4680,,,36.7,,,,
146,2025-07-26 19:00,33.9,,3,90,51,26.9,22.3,998.7,1005.4,.8,.41,,,0,0,,,4913,,,33.6,,,,
146,2025-07-26 20:00,32.6,,2.8,90,56,27.4,22.6,999,1005.7,.1,.05,,,0,0,,,4934,,,31.2,,,,
146,2025-07-26 21:00,31.4,,2.6,90,59,27.1,22.4,999.5,1006.2,,,,,0,0,,,4947,,,29.7,,,,
146,2025-07-26 22:00,30.6,,1.4,140,62,27.1,22.4,1000,1006.7,,,,,0,0,,,4987,,,28.6,,,,
146,2025-07-26 23:00,29.6,,2.6,140,65,26.9,22.3,1000.1,1006.9,,,,,0,0,,,5000,,,27.6,,,,
146,2025-07-27 00:00,29.2,,2.6,140,66,26.6,22.1,999.9,1006.6,,,,,0,0,,,5000,,,26.9,,,,
146,2025-07-27 01:00,28.9,,2.6,110,66,26.3,21.9,999.8,1006.6,,,,,0,0,,,5000,,,26.3,,,,
146,2025-07-27 02:00,28,,1.6,160,69,26,21.7,999.6,1006.4,,,,,0,0,,,5000,,,25.8,,,,
146,2025-07-27 03:00,27.7,,2.1,140,69,25.5,21.4,999.6,1006.4,,,,,0,0,,,5000,,,25.3,,,,
146,2025-07-27 04:00,27.2,,1.8,140,71,25.5,21.4,999.2,1006,,,,,0,0,,,5000,,,24.8,,,,
146,2025-07-27 05:00,26.5,,2,140,74,25.5,21.4,999.3,1006.1,,,,,0,0,,,4986,,,24.4,,,,
146,2025-07-27 06:00,26.8,,1.8,140,72,25.3,21.3,999.5,1006.3,.1,.01,,,0,0,,,5000,,,24.4,,,,
146,2025-07-27 07:00,29,,1.6,110,65,26,21.7,999.6,1006.4,1,.38,,,0,0,,,4911,,,35.4,,,,
146,2025-07-27 08:00,30.9,,1.1,70,59,26.3,21.9,999.7,1006.4,1,1.05,,,0,0,,,4836,,,41,,,,
146,2025-07-27 09:00,32.6,,1,180,52,25.5,21.4,999.4,1006.1,1,1.75,,,0,0,,,4724,,,42.2,,,,
146,2025-07-27 10:00,33.4,,1.2,140,50,25.6,21.5,999.2,1005.9,1,2.39,,,0,0,,,4702,,,43.9,,,,
146,2025-07-27 11:00,33.5,,1.5,270,50,25.8,21.6,999.1,1005.8,1,2.9,,,0,0,,,4510,,,49.8,,,,
146,2025-07-27 12:00,34.9,,2.7,20,50,27.9,22.9,998.6,1005.2,1,3.28,,,0,0,,,4828,,,54.8,,,,
146,2025-07-27 13:00,34.7,,1.4,20,48,26.4,22,998.2,1004.8,.7,2.62,,,1,1,Sc,15,4544,,,48.2,,,,
146,2025-07-27 14:00,35.3,,1.6,320,45,25.6,21.5,997.5,1004.1,.6,2.29,,,3,3,Sc,13,4877,,,48.7,,,,
146,2025-07-27 15:00,37.1,,1.8,160,39,24.6,20.8,997,1003.6,1,3.26,,,1,1,Sc,12,4341,,,57,,,,
146,2025-07-27 16:00,36.9,,2.2,230,44,27.4,22.6,996.6,1003.2,.8,2.35,,,3,3,Sc,15,4839,,,51.7,,,,
146,2025-07-27 17:00,36.7,,2.7,360,45,27.7,22.8,996.3,1002.9,1,2.23,,,4,4,Sc,17,4669,,,49.8,,,,
146,2025-07-27 18:00,35.9,,1.7,340,47,27.7,22.8,996.2,1002.8,.6,.95,,,5,5,Sc,17,4834,,,42.3,,,,
146,2025-07-27 19:00,33.5,,1.2,340,60,30.9,24.6,996.7,1003.4,.1,.13,,,5,5,,13,4923,,,36.1,,,,
146,2025-07-27 20:00,31.2,,2.9,250,68,30.7,24.5,997.3,1004,0,.01,,,2,2,,76,4700,,,32.6,,,,
146,2025-07-27 21:00,30.2,,3.2,250,69,29.5,23.8,998,1004.7,,,,,0,0,,,4803,,,30.7,,,,
146,2025-07-27 22:00,29.6,,.9,290,71,29.3,23.7,998.3,1005.1,,,,,2,0,,,4694,,,29.6,,,,
146,2025-07-27 23:00,29.4,,.8,50,73,29.8,24,998.5,1005.3,,,,,2,0,,,4529,,,28.8,,,,
146,2025-07-28 00:00,28.9,,.5,140,75,29.8,24,998.6,1005.3,,,,,0,0,,,4874,,,28.2,,,,
146,2025-07-28 01:00,28.6,,.7,90,77,30,24.1,998.6,1005.4,,,,,3,0,,,4952,,,27.7,,,,
146,2025-07-28 02:00,28.2,,1,110,77,29.3,23.7,998.6,1005.4,,,,,0,0,,,4953,,,27.1,,,,
146,2025-07-28 03:00,27.9,,.9,110,77,28.8,23.4,998.6,1005.4,,,,,0,0,,,4970,,,26.7,,,,
146,2025-07-28 04:00,27.3,,1.4,110,78,28.3,23.1,998.4,1005.2,,,,,0,0,,,4151,,,26.2,,,,
146,2025-07-28 05:00,27,,1.5,140,78,27.7,22.8,998.4,1005.2,,,,,0,0,,,4484,,,25.8,,,,
146,2025-07-28 06:00,26.8,,1.5,140,77,27.1,22.4,998.4,1005.2,.1,.01,,,0,0,,,4975,,,25.8,,,,
146,2025-07-28 07:00,28.4,,.7,160,73,28.1,23,998.5,1005.3,1,.35,,,0,0,,,4701,,,27.5,,,,
146,2025-07-28 08:00,30.5,,.4,0,65,28.3,23.1,998.5,1005.2,1,1,,,5,0,Cs,,4163,,,33.5,,,,
146,2025-07-28 09:00,31.4,,.5,320,62,28.4,23.2,998.5,1005.2,.3,1.23,,,6,2,ScAc,14,4314,,,37,,,,
146,2025-07-28 10:00,32.7,,1.1,200,58,28.6,23.3,998.3,1005,.9,2.11,,,6,6,Sc,13,4011,,,44.3,,,,
146,2025-07-28 11:00,32.7,,1.6,270,63,31.1,24.7,997.9,1004.6,.7,2.3,,,3,3,Sc,10,4199,,,45.3,,,,
146,2025-07-28 12:00,33.1,,2.3,290,63,31.9,25.1,997.2,1003.9,.6,2.22,,,4,4,Sc,11,3905,,,49.2,,,,
146,2025-07-28 13:00,34.3,,2,20,58,31.3,24.8,996.6,1003.2,.7,2.67,,,4,4,Cu,8,3954,,,49.9,,,,
146,2025-07-28 14:00,34.9,,2.7,320,57,31.9,25.1,995.9,1002.5,.8,2.96,,,5,5,CuSc,8,3496,,,53.4,,,,
146,2025-07-28 15:00,35,,2.8,360,57,32.1,25.2,995.2,1001.8,.6,2.39,,,5,5,CuSc,10,4059,,,50.3,,,,
146,2025-07-28 16:00,34.5,,3.6,290,61,33.2,25.8,994.8,1001.4,.7,2.15,,,2,2,Cu,8,3391,,,49.8,,,,
146,2025-07-28 17:00,33.8,,4.4,270,59,30.9,24.6,994.5,1001.1,1,2.01,,,3,3,CuSc,7,3999,,,44.8,,,,
146,2025-07-28 18:00,32.5,,3.4,270,59,28.8,23.4,994.6,1001.3,.8,1.11,,,3,3,Sc,10,4597,,,38.5,,,,
146,2025-07-28 19:00,31.7,,2.1,270,61,28.4,23.2,994.7,1001.4,.9,.54,,,6,1,,76,4649,,,35.1,,,,
146,2025-07-28 20:00,30.2,,2.5,250,66,28.3,23.1,994.9,1001.6,0,.07,,,7,1,,,4346,,,31.7,,,,
146,2025-07-28 21:00,29.4,,2.8,230,70,28.6,23.3,995.5,1002.2,,,,,7,2,ScCi,15,4668,,,30.3,,,,
146,2025-07-28 22:00,29,,.9,270,72,28.8,23.4,995.6,1002.3,,,,,7,3,,45,4370,,,29.5,,,,
146,2025-07-28 23:00,28.9,,1,250,73,28.9,23.5,995.5,1002.2,,,,,7,2,,15,4597,,,28.8,,,,
146,2025-07-29 00:00,27.7,,1.7,50,81,30,24.1,995.3,1002.1,,,,,0,0,,,3134,,,27.8,,,,
146,2025-07-29 01:00,27.2,,2.1,50,81,29.1,23.6,995.4,1002.2,,,,,0,0,,,2668,,,27.2,,,,
146,2025-07-29 02:00,27.1,,1.1,50,82,29.3,23.7,995,1001.8,,,,,0,0,,,2697,,,26.6,,,,
146,2025-07-29 03:00,26.9,,1,140,83,29.3,23.7,994.8,1001.6,,,,,0,0,,,3247,,,26.2,,,,
146,2025-07-29 04:00,26.3,,.5,110,85,28.9,23.5,994.8,1001.6,,,,,0,0,,,3046,,,25.7,,,,
146,2025-07-29 05:00,26.2,,1.2,70,86,29.1,23.6,995.1,1001.9,,,,,0,0,,,2833,,,25.3,,,,
146,2025-07-29 06:00,25.9,,1.4,70,87,28.9,23.5,995.3,1002.1,.1,.01,,,0,0,,,2645,,,25.3,,,,
146,2025-07-29 07:00,28,,1.6,140,81,30.6,24.4,995.5,1002.3,1,.34,,,0,0,,,3312,,,27.1,,,,
146,2025-07-29 08:00,30.5,,.5,180,73,31.9,25.1,995.6,1002.3,1,1,,,0,0,,,3124,,,33.2,,,,
146,2025-07-29 09:00,31.7,,1.1,230,66,30.7,24.5,995.4,1002.1,1,1.72,,,0,0,,,4209,,,40.4,,,,
146,2025-07-29 10:00,32.8,,1.1,290,61,30.2,24.2,995.3,1002,1,2.36,,,0,0,,,3929,,,46.8,,,,
146,2025-07-29 11:00,34,,1,140,54,28.6,23.3,994.7,1001.3,1,2.99,,,1,1,Sc,10,3748,,,54.3,,,,
146,2025-07-29 12:00,33.3,,2.1,270,58,29.7,23.9,994.3,1000.9,.9,3.19,,,2,2,Sc,10,3889,,,48.5,,,,
146,2025-07-29 13:00,35.3,,1,70,52,29.7,23.9,993.7,1000.3,.7,2.54,,,3,3,Sc,10,4124,,,56.4,,,,
146,2025-07-29 14:00,34.2,,2.6,290,54,28.9,23.5,993.3,999.9,.3,1.61,,,4,4,Sc,10,3903,,,47,,,,
146,2025-07-29 15:00,35,,1.9,290,52,29.1,23.6,992.8,999.4,.5,1.98,,,5,3,ScCi,10,3980,,,47.4,,,,
146,2025-07-29 16:00,36.1,,1.2,290,45,26.8,22.2,992.4,999,.6,1.76,,,5,4,ScCi,10,4299,,,47.7,,,,
146,2025-07-29 17:00,36,,2.2,290,46,27.2,22.5,991.9,998.5,.7,1.47,,,5,3,ScCi,10,4294,,,45.8,,,,
146,2025-07-29 18:00,34.7,,3.1,270,57,31.5,24.9,991.9,998.5,.8,1.22,,,5,4,ScCi,10,4153,,,41.9,,,,
146,2025-07-29 19:00,33,,2.4,270,64,32.1,25.2,992.4,999,1,.67,,,5,0,,,3522,,,35.9,,,,
146,2025-07-29 20:00,30.8,,2,250,71,31.5,24.9,992.8,999.5,0,.07,,,5,0,,,3182,,,32.1,,,,
146,2025-07-29 21:00,29.6,,1.7,250,73,30.2,24.2,993.6,1000.3,,,,,6,0,Ci,,3466,,,30.2,,,,
146,2025-07-29 22:00,28.8,,3,250,75,29.7,23.9,994.4,1001.1,,,,,3,0,,,3896,,,28.9,,,,
146,2025-07-29 23:00,28.5,,2.2,230,78,30.2,24.2,994.9,1001.7,,,,,2,0,,,3463,,,28.2,,,,
146,2025-07-30 00:00,28.2,,1.2,200,78,29.7,23.9,995.2,1001.9,,,,,6,0,,,3326,,,27.7,,,,
146,2025-07-30 01:00,27.7,,1.5,110,77,28.4,23.2,995.2,1002,,,,,2,1,,15,4892,,,27.5,,,,
146,2025-07-30 02:00,27.4,,.7,160,80,29.1,23.6,994.9,1001.7,,,,,2,2,,9,4256,,,27.1,,,,
146,2025-07-30 03:00,27,,1.3,140,78,27.7,22.8,994.5,1001.3,,,,,2,2,Ac,21,4847,,,26.3,,,,
146,2025-07-30 04:00,26.4,,1,110,80,27.4,22.6,994.4,1001.2,,,,,2,2,Sc,10,4659,,,25.7,,,,
146,2025-07-30 05:00,26,,1.7,140,81,27.1,22.4,994.7,1001.5,,,,,0,0,,,4632,,,25.1,,,,
146,2025-07-30 06:00,25.7,,1.5,140,79,26,21.7,994.7,1001.5,.1,.01,,,2,0,Ci,,4716,,,24.9,,,,
146,2025-07-30 07:00,27.5,,1.4,110,72,26.3,21.9,994.9,1001.7,1,.34,,,8,0,Ci,,4873,,,26.7,,,,
146,2025-07-30 08:00,29.6,,.8,140,64,26.4,22,994.9,1001.6,1,1.07,,,7,0,Ci,,4562,,,33.1,,,,
146,2025-07-30 09:00,31.2,,.6,250,57,25.8,21.6,994.7,1001.4,1,1.63,,,5,0,Ci,,3749,,,39.7,,,,
146,2025-07-30 10:00,32.1,,2,50,59,28.1,23,994.6,1001.3,1,2.4,,,3,0,Ci,,3679,,,46.5,,,,
146,2025-07-30 11:00,32.3,,1.9,50,61,29.5,23.8,994.2,1000.9,1,2.67,,,4,2,ScCc,10,4322,,,47.7,,,,
146,2025-07-30 12:00,33.9,,2.9,70,41,21.6,18.7,993.5,1000.1,1,3.11,,,3,0,Ci,,4339,,,55.2,,,,
146,2025-07-30 13:00,34.3,,2.5,230,43,23.2,19.9,993.1,999.7,1,3.19,,,5,0,Ci,,4723,,,53.5,,,,
146,2025-07-30 14:00,35.4,,2.4,140,44,25.2,21.2,992.7,999.3,1,3.07,,,7,0,Ci,,4300,,,54.6,,,,
146,2025-07-30 15:00,36,,2.9,160,34,20.1,17.6,992.5,999.1,.9,2.77,,,8,4,AcCi,35,4638,,,55.3,,,,
146,2025-07-30 16:00,35,,2.9,180,39,21.8,18.9,992.5,999.1,.9,2.02,,,8,5,AcCi,35,4701,,,48.1,,,,
146,2025-07-30 17:00,34,,2.1,160,42,22.2,19.2,992.8,999.4,.1,1.02,,,9,5,ScAc,10,4874,,,42.4,,,,
146,2025-07-30 18:00,33.2,,1.8,140,48,24.4,20.7,992.9,999.5,0,.57,,,9,5,AcCi,35,4350,,,37.9,,,,
146,2025-07-30 19:00,32.2,,1.5,140,53,25.5,21.4,993.3,1000,0,.2,,,10,1,,,4672,,,34.2,,,,
146,2025-07-30 20:00,31.1,,1.7,140,61,27.4,22.6,993.6,1000.3,0,.02,,,10,3,,49,3992,,,31.9,,,,
146,2025-07-30 21:00,30.3,,1.9,160,64,27.6,22.7,994.2,1000.9,,,,,9,0,Ci,,4863,,,30.6,,,,
146,2025-07-30 22:00,29.7,,1.1,140,66,27.4,22.6,994.8,1001.5,,,,,9,5,,63,4740,,,29.5,,,,
146,2025-07-30 23:00,28.7,,2,140,68,26.8,22.2,995.2,1002,,,,,9,8,,65,4543,,,28.3,,,,
146,2025-07-31 00:00,28.1,,1.7,110,64,24.3,20.6,995.4,1002.1,,,,,8,0,,,4630,,,27.1,,,,
146,2025-07-31 01:00,28,,1.8,110,57,21.4,18.6,995.6,1002.4,,,,,10,7,,57,4976,,,26.8,,,,
146,2025-07-31 02:00,27.6,,2.3,110,60,22.1,19.1,995.5,1002.3,,,,,10,7,,57,4981,,,26.6,,,,
146,2025-07-31 03:00,27.1,0,1.5,140,63,22.5,19.4,995.9,1002.7,,,,,9,0,Ci,,4943,,01,26.2,,,,
146,2025-07-31 04:00,26.7,0,1.1,140,64,22.4,19.3,996.1,1002.9,,,,,9,0,Ci,,5000,,01,26,,,,
146,2025-07-31 05:00,26.2,,.8,140,67,22.7,19.5,996.3,1003.1,,,,,9,0,Ci,,5000,,,25.7,,,,
146,2025-07-31 06:00,25.8,,.9,90,69,22.8,19.6,997,1003.8,0,0,,,10,10,As,30,4822,,,25.8,,,,
146,2025-07-31 07:00,25.9,,1,70,71,23.7,20.2,997.1,1003.9,0,.16,,,10,10,As,30,4882,,,27.3,,,,
146,2025-07-31 08:00,27,,2.2,140,67,23.8,20.3,996.9,1003.7,0,.55,,,9,9,As,30,4799,,,30.2,,,,
146,2025-07-31 09:00,30.9,,1.1,160,59,26.3,21.9,996.5,1003.2,.5,1.44,,,7,5,AcCi,35,4566,,,41.1,,,,
146,2025-07-31 10:00,32.2,,2.1,360,52,24.9,21,996.4,1003.1,1,2.27,,,6,0,Ci,,4357,,,44.5,,,,
146,2025-07-31 11:00,33.3,,1.6,360,43,22,19,996.1,1002.8,1,2.92,,,4,0,Ci,,4530,,,52.5,,,,
146,2025-07-31 12:00,34.5,,1.4,50,44,24,20.4,995.6,1002.2,1,3.43,,,4,0,Ci,,5000,,,57.3,,,,
146,2025-07-31 13:00,35.9,,1.7,180,43,25.3,21.3,995.1,1001.7,1,3.51,,,4,2,ScCi,10,4820,,,60.4,,,,
146,2025-07-31 14:00,35.9,,2.4,270,43,25.3,21.3,994.8,1001.4,1,3.16,,,4,2,ScCi,10,4274,,,59.2,,,,
146,2025-07-31 15:00,34.3,,2.1,320,48,26,21.7,994.6,1001.2,.6,2.38,,,7,5,ScCi,10,4238,,,47,,,,
146,2025-07-31 16:00,36.3,,2.5,290,46,27.7,22.8,994.4,1001,.7,2.25,,,7,5,ScCi,10,3629,,,52.8,,,,
146,2025-07-31 17:00,35.2,,2.8,270,47,26.6,22.1,994.3,1000.9,.9,1.9,,,7,5,ScCi,10,4903,,,46.6,,,,
146,2025-07-31 18:00,35.4,,1.3,290,46,26.4,22,994.5,1001.1,.6,.98,,,6,3,ScCi,18,4338,,,42.2,,,,
146,2025-07-31 19:00,33.4,,1,290,53,27.2,22.5,994.8,1001.4,.2,.25,,,5,5,,16,4429,,,36.4,,,,
146,2025-07-31 20:00,31.6,,1.5,20,62,28.8,23.4,995.6,1002.3,0,.02,,,3,3,,16,4189,,,33.3,,,,
146,2025-07-31 21:00,31.1,,1.6,270,64,28.8,23.4,996.2,1002.9,,,,,4,4,Sc,18,3641,,,31.5,,,,
146,2025-07-31 22:00,29.8,,2.3,200,70,29.3,23.7,996.8,1003.5,,,,,4,4,,17,4210,,,29.9,,,,
146,2025-07-31 23:00,29,,2.6,200,70,27.9,22.9,996.9,1003.7,,,,,3,0,,,3784,,,28.7,,,,
146,2025-08-01 00:00,28,,.4,0,72,27.1,22.4,996.8,1003.6,,,,,0,0,,,4437,,,27.6,,,,
146,2025-08-01 01:00,26.8,,2,50,76,26.8,22.2,996.6,1003.4,,,,,0,0,,,3903,,,26.6,,,,
146,2025-08-01 02:00,26.9,,1.6,110,76,26.9,22.3,996.4,1003.2,,,,,4,0,,,4010,,,26,,,,
146,2025-08-01 03:00,26.2,,1.9,140,77,26.1,21.8,996.2,1003,,,,,0,0,,,4010,,,25.3,,,,
146,2025-08-01 04:00,25.6,,1.7,140,78,25.5,21.4,996,1002.8,,,,,0,0,,,3968,,,24.6,,,,
146,2025-08-01 05:00,25.2,,2,140,79,25.2,21.2,996.1,1002.9,,,,,1,0,Ci,,4015,,,24.1,,,,
146,2025-08-01 06:00,24.9,,1.3,110,79,24.7,20.9,996.5,1003.4,0,0,,,4,0,Ci,,3985,,,23.8,,,,
146,2025-08-01 07:00,26.9,,1,110,73,25.8,21.6,996.9,1003.7,.8,.3,,,4,0,Ci,,3988,,,25.8,,,,
146,2025-08-01 08:00,29.3,,.6,90,67,27.2,22.5,997.1,1003.9,1,1,,,1,0,Ci,,3651,,,32.8,,,,
146,2025-08-01 09:00,30.9,,1.8,50,63,28.1,23,997,1003.7,1,1.71,,,2,0,Ci,,4103,,,39.2,,,,
146,2025-08-01 10:00,32,,2.4,20,56,26.6,22.1,997.1,1003.8,1,2.37,,,2,0,Ci,,3831,,,45.6,,,,
146,2025-08-01 11:00,33.5,,1.8,250,50,25.8,21.6,997,1003.7,1,2.88,,,1,0,Ci,,3975,,,52.1,,,,
146,2025-08-01 12:00,34.3,,2.5,290,46,24.9,21,996.7,1003.3,1,3.21,,,2,0,Ci,,4262,,,55.8,,,,
146,2025-08-01 13:00,34.9,,2.6,320,42,23.4,20,996.5,1003.1,1,3.39,,,3,0,Ci,,4461,,,57.4,,,,
146,2025-08-01 14:00,35.9,,1.2,340,49,28.9,23.5,995.8,1002.4,1,3.34,,,2,1,ScCi,10,3503,,,58.6,,,,
146,2025-08-01 15:00,35.7,,2.4,290,48,27.9,22.9,995.3,1001.9,.9,2.65,,,3,3,Sc,10,3956,,,56.5,,,,
146,2025-08-01 16:00,36.6,,1.5,340,47,28.8,23.4,995.1,1001.7,1,2.78,,,3,3,Sc,10,3455,,,54.7,,,,
146,2025-08-01 17:00,35.7,,3,270,46,26.8,22.2,995,1001.6,1,2.06,,,2,2,Sc,10,4492,,,48.2,,,,
146,2025-08-01 18:00,34.6,,3.1,270,55,30.2,24.2,995,1001.6,1,1.26,,,1,1,Sc,10,4166,,,41.6,,,,
146,2025-08-01 19:00,32.3,,2.7,290,61,29.5,23.8,995,1001.7,.9,.52,,,0,0,,,3094,,,35.7,,,,
146,2025-08-01 20:00,30.3,,2.4,250,67,28.8,23.4,995.6,1002.3,0,.03,,,0,0,,,3576,,,32.1,,,,
146,2025-08-01 21:00,29.6,,1.9,230,68,28.1,23,996,1002.7,,,,,0,0,,,3823,,,30.3,,,,
146,2025-08-01 22:00,28.8,,1.5,250,71,28.1,23,996.7,1003.5,,,,,5,3,,70,3697,,,29.3,,,,
146,2025-08-01 23:00,28.3,,1.6,250,73,27.9,22.9,997.2,1004,,,,,2,0,,,3314,,,28.4,,,,
146,2025-08-02 00:00,28,,1.7,290,73,27.4,22.6,997.4,1004.2,,,,,2,2,Ac,,3207,,,28,,,,
146,2025-08-02 01:00,27.3,,.1,0,75,27.1,22.4,997.3,1004.1,,,,,5,5,,53,2503,,,27.5,,,,
146,2025-08-02 02:00,27.4,,.8,160,76,27.6,22.7,996.9,1003.7,,,,,5,5,,53,3081,,,27.2,,,,
146,2025-08-02 03:00,26.9,,.3,0,77,27.2,22.5,996.8,1003.6,,,,,3,3,Ac,35,3505,,,26.5,,,,
146,2025-08-02 04:00,26.5,,1,110,77,26.6,22.1,996.6,1003.4,,,,,0,0,,,3240,,,25.9,,,,
146,2025-08-02 05:00,26,,1.4,140,79,26.4,22,996.6,1003.4,,,,,0,0,,,3046,,,25.4,,,,
146,2025-08-02 06:00,25.7,,.6,140,81,26.6,22.1,996.6,1003.4,0,.01,,,0,0,,,2711,,,25.2,,,,
146,2025-08-02 07:00,27.3,,1.3,110,76,27.4,22.6,996.7,1003.5,.9,.29,,,3,0,Cc,,3002,,,27.1,,,,
146,2025-08-02 08:00,29.3,,.7,200,69,28.1,23,996.5,1003.2,1,.95,,,3,0,Cc,,2670,,,32.9,,,,
146,2025-08-02 09:00,32.1,,.8,200,61,29.1,23.6,996.5,1003.2,1,1.63,,,3,0,Cc,,2867,,,40.2,,,,
146,2025-08-02 10:00,33.3,,1,320,53,27.1,22.4,996.6,1003.3,1,2.33,,,3,1,ScAc,10,3111,,,46.9,,,,
146,2025-08-02 11:00,34.1,,2.4,50,52,27.7,22.8,996.3,1002.9,1,2.87,,,3,0,Ci,,3379,,,53.1,,,,
146,2025-08-02 12:00,35.1,,1.9,250,51,28.8,23.4,996,1002.6,1,3.02,,,4,2,ScCi,10,3691,,,55.9,,,,
146,2025-08-02 13:00,34.3,,1.8,290,47,25.3,21.3,995.7,1002.3,.6,2.62,,,6,1,ScAc,10,3631,,,48.2,,,,
146,2025-08-02 14:00,35.7,,3.1,250,44,25.6,21.5,995.5,1002.1,1,3.14,,,6,5,ScCi,10,4288,,,56,,,,
146,2025-08-02 15:00,36.6,,2.2,290,42,25.6,21.5,995,1001.6,.9,2.91,,,6,4,ScCi,10,3913,,,55.4,,,,
146,2025-08-02 16:00,36.5,,2.3,290,44,26.8,22.2,994.5,1001.1,.9,2.5,,,6,5,ScCi,10,4203,,,53.7,,,,
146,2025-08-02 17:00,34.5,,3.8,270,54,29.5,23.8,994.4,1001,.6,1.42,,,9,5,ScCi,10,2546,,,45.8,,,,
146,2025-08-02 18:00,32.4,,4.5,270,58,28.1,23,994.7,1001.4,0,.64,,,8,0,Ci,,2625,,,38.2,,,,
146,2025-08-02 19:00,31.2,,2.4,270,66,29.8,24,995.2,1001.9,0,.27,,,8,0,,,2396,,,34.8,,,,
146,2025-08-02 20:00,30.1,,2.2,250,71,30.2,24.2,995.7,1002.4,0,.03,,,8,0,,,2431,,,32.2,,,,
146,2025-08-02 21:00,29.6,,1.5,230,72,29.8,24,996.4,1003.1,,,,,8,2,ScCi,10,2429,,,30.9,,,,
146,2025-08-02 22:00,29.4,,2,250,72,29.5,23.8,996.5,1003.2,,,,,9,2,,13,2732,,,30.3,,,,
146,2025-08-02 23:00,29.3,,1.9,230,73,29.7,23.9,996.7,1003.4,,,,,10,4,,12,2676,,,28.9,,,,
146,2025-08-03 00:00,29.1,,.2,0,71,28.4,23.2,996.9,1003.6,,,,,9,0,Ci,,2876,,,28.4,,,,
146,2025-08-03 01:00,28.7,,1.7,140,74,28.9,23.5,996.5,1003.3,,,,,10,4,,60,3039,,,28,,,,
146,2025-08-03 02:00,28.1,,1.7,160,76,28.8,23.4,996.2,1003,,,,,10,4,,50,3002,,,27.5,,,,
146,2025-08-03 03:00,27.9,,1.5,140,76,28.4,23.2,995.8,1002.6,,,,,9,0,Ci,,3228,,,27.3,,,,
146,2025-08-03 04:00,27.8,,.3,0,77,28.6,23.3,995.8,1002.6,,,,,9,2,AcCi,35,3117,,,27,,,,
146,2025-08-03 05:00,27.5,,.8,140,78,28.6,23.3,995.6,1002.4,,,,,9,0,Ci,,1893,,,26.9,,,,
146,2025-08-03 06:00,27.2,,1.7,110,80,28.8,23.4,995.3,1002.1,0,0,,,9,3,AcCi,38,2993,,,26.7,,,,
146,2025-08-03 07:00,27.2,,1.4,110,79,28.4,23.2,995.4,1002.2,0,.04,,,9,0,Ci,,2906,,,27.5,,,,
146,2025-08-03 08:00,28.7,,.6,290,76,29.8,24,995.3,1002.1,0,.52,,,9,9,As,30,2536,,,32.9,,,,
146,2025-08-03 09:00,29,,1.1,320,76,30.4,24.3,995.5,1002.2,0,.66,,,10,10,As,30,1905,,,32.2,,,,
146,2025-08-03 10:00,30.1,,.8,50,74,31.5,24.9,995,1001.7,0,.94,,,10,10,As,30,2219,,,36,,,,
146,2025-08-03 11:00,30,,1.7,160,71,30,24.1,994.9,1001.6,0,.58,,,10,10,As,30,2561,,,35.2,,,,
146,2025-08-03 12:00,29.6,,2.5,160,72,29.8,24,995.2,1001.9,0,.56,,,10,10,As,30,1369,,,33.5,,,,
146,2025-08-03 13:00,30.2,0,1.4,160,71,30.4,24.3,995,1001.7,0,.58,,,10,10,As,30,1096,,01,35,,,,
146,2025-08-03 14:00,30.6,0,3,110,67,29.3,23.7,993.8,1000.5,0,1.08,,,10,10,As,30,1445,,01,38.2,,,,
146,2025-08-03 15:00,29.8,0,1.9,110,71,29.7,23.9,994,1000.7,0,.48,,,10,4,ScAs,8,1385,,01,33.4,,,,
146,2025-08-03 16:00,28.7,.1,1,140,72,28.3,23.1,993.6,1000.3,0,.12,,,10,4,StNs,8,944,,01,28.9,,,,
146,2025-08-03 17:00,26.3,4.1,1.6,70,87,29.7,23.9,993.8,1000.6,0,.05,,,10,5,StNs,8,224,,01,27.8,,,,
146,2025-08-03 18:00,23.9,7.3,3.1,110,86,25.5,21.4,992.8,999.7,0,.04,,,10,5,StNs,8,694,,01,25.6,,,,
146,2025-08-03 19:00,23.3,5.4,2.1,90,91,26,21.7,993,999.9,0,.03,,,10,5,StNs,8,792,,01,24.9,,,,
146,2025-08-03 20:00,23.6,5,1.2,70,92,26.8,22.2,993.3,1000.2,0,0,,,10,2,StNs,7,735,,01,25,,,,
146,2025-08-03 21:00,24.2,2.1,1.6,90,92,27.7,22.8,993.2,1000,,,,,10,2,StNs,6,405,,01,25.1,,,,
146,2025-08-03 22:00,24.9,2.8,.7,160,93,29.1,23.6,992.9,999.7,,,,,10,2,StNs,5,453,,01,25.3,,,,
146,2025-08-03 23:00,25.1,4.4,.8,50,94,29.8,24,992.9,999.7,,,,,10,2,StNs,4,488,,01,25.6,,,,
146,2025-08-04 00:00,25.3,11.1,2,110,94,30.2,24.2,992.6,999.4,,,,,10,3,StNs,8,878,,01,25.7,,,,
146,2025-08-04 01:00,25.2,16.8,3.1,90,95,30.4,24.3,991.9,998.7,,,,,10,3,StNs,2,167,,01,25.7,,,,
146,2025-08-04 02:00,25.4,8.5,.5,50,94,30.4,24.3,991.9,998.7,,,,,10,6,StNs,4,665,,01,25.9,,,,
146,2025-08-04 03:00,26.6,1.1,2.8,230,92,31.9,25.1,992.3,999.1,,,,,10,3,ScAs,5,1361,,01,26.2,,,,
146,2025-08-04 04:00,27,0,2.1,200,91,32.2,25.3,992.3,999.1,,,,,10,6,ScAs,5,1258,,01,26.4,,,,
146,2025-08-04 05:00,27,0,2.2,200,90,32.1,25.2,992.4,999.2,,,,,10,4,ScAs,5,1357,,01,26.5,,,,
146,2025-08-04 06:00,27,0,2.3,200,90,32.1,25.2,992.7,999.5,0,.01,,,10,3,ScAs,10,1401,,01,26.4,,,,
146,2025-08-04 07:00,27.2,0,1.6,180,90,32.4,25.4,993.2,1000,0,.13,,,10,3,ScAs,5,1589,,01,27.1,,,,
146,2025-08-04 08:00,28,,1.5,180,87,32.8,25.6,993.5,1000.3,0,.5,,,9,4,ScAs,5,2372,,,29,,,,
146,2025-08-04 09:00,28.3,,2.3,290,87,33.4,25.9,993.7,1000.5,.1,.84,,,10,4,ScAs,4,2275,,,30.1,,,,
146,2025-08-04 10:00,27.7,0,2,270,88,32.6,25.5,994.3,1001.1,0,.57,,,10,4,ScAs,10,2488,,01,29.2,,,,
146,2025-08-04 11:00,28.7,0,1.1,250,85,33.4,25.9,994.3,1001,0,.86,,,8,3,ScAs,9,1940,,01,31.1,,,,
146,2025-08-04 12:00,29.8,0,2.5,270,80,33.4,25.9,994,1000.7,.1,1.59,,,10,6,ScAs,4,3168,,01,31.5,,,,
146,2025-08-04 13:00,31.1,.4,2.7,230,80,36.1,27.2,994,1000.7,.4,1.81,,,7,4,ScAs,5,2892,,01,35.2,,,,
146,2025-08-04 14:00,31.4,,2.9,250,77,35.2,26.8,993.7,1000.4,.5,2.21,,,3,3,Sc,6,3716,,,36.5,,,,
146,2025-08-04 15:00,32.2,,3.3,270,73,35,26.7,994.1,1000.8,1,3.03,,,4,3,ScCi,6,3723,,,36.9,,,,
146,2025-08-04 16:00,29.9,,4,290,78,32.8,25.6,994.6,1001.3,.3,1.47,,,9,3,ScAs,6,2703,,,32.3,,,,
146,2025-08-04 17:00,29.7,,3.8,270,77,32.1,25.2,995,1001.7,.6,1.59,,,9,5,ScCi,10,2005,,,32.4,,,,
146,2025-08-04 18:00,28.2,,2.6,250,80,30.6,24.4,995.3,1002.1,.1,.56,,,8,8,Sc,10,2402,,,30,,,,
146,2025-08-04 19:00,27.5,,2.3,250,82,30,24.1,995.5,1002.3,.2,.3,,,3,3,,6,2422,,,28.8,,,,
146,2025-08-04 20:00,26.6,,.9,250,85,29.5,23.8,996.3,1003.1,0,.03,,,2,2,,6,2399,,,27.6,,,,
146,2025-08-04 21:00,26.3,,1.7,270,85,28.9,23.5,997.2,1004,,,,,7,7,Sc,7,2643,,,27,,,,
146,2025-08-04 22:00,26.3,,1.6,250,85,28.9,23.5,998,1004.8,,,,,7,7,,5,2654,,,26.7,,,,
146,2025-08-04 23:00,26.2,,1.7,270,86,29.1,23.6,998.4,1005.2,,,,,8,8,,4,2006,,,26.7,,,,
146,2025-08-05 00:00,25.9,,1.5,250,86,28.6,23.3,998.5,1005.3,,,,,5,5,Sc,9,2023,,,26.1,,,,
146,2025-08-05 01:00,25.5,,1.2,270,87,28.3,23.1,998.4,1005.3,,,,,7,3,,5,2474,,,25.8,,,,
146,2025-08-05 02:00,25.5,,.9,180,88,28.6,23.3,998.2,1005.1,,,,,2,1,,,2290,,,25.5,,,,
146,2025-08-05 03:00,24.9,,1.2,340,89,27.9,22.9,998.2,1005.1,,,,,2,2,Sc,10,1464,,,25.2,,,,
146,2025-08-05 04:00,25,,1.1,110,90,28.4,23.2,998,1004.9,,,,,2,2,Sc,10,1254,,,25,,,,
146,2025-08-05 05:00,24.7,,1,50,92,28.6,23.3,998.4,1005.3,,,,,2,1,ScCi,10,1099,,,24.8,,,,
146,2025-08-05 06:00,24.3,,.4,0,93,28.1,23,998.8,1005.7,0,.01,,,6,2,ScCi,10,787,,19,24.7,,,,
146,2025-08-05 07:00,26.1,,.8,110,88,29.7,23.9,999,1005.8,.6,.28,,,2,1,ScCi,10,1358,,19,25.5,,,,
146,2025-08-05 08:00,28.5,,.7,90,81,31.5,24.9,999,1005.8,1,.93,,,2,1,ScAc,10,2888,,,27.6,,,,
146,2025-08-05 09:00,28.7,,1.2,250,78,30.6,24.4,999,1005.8,.5,1.23,,,8,2,ScAcCc,13,3513,,,29.8,,,,
146,2025-08-05 10:00,30.5,,2.2,270,75,32.6,25.5,999.2,1005.9,.8,2.06,,,6,6,Sc,15,3679,,,33.7,,,,
146,2025-08-05 11:00,31.7,,1.6,250,72,33.6,26,999,1005.7,.9,2.64,,,5,5,Sc,8,3896,,,35.4,,,,
146,2025-08-05 12:00,32.3,,1.8,250,65,31.3,24.8,998.7,1005.4,.9,3.13,,,6,6,Sc,11,4658,,,36.9,,,,
146,2025-08-05 13:00,33,,3.3,270,63,31.7,25,998.8,1005.5,.8,2.84,,,6,6,CuSc,8,3880,,,37.5,,,,
146,2025-08-05 14:00,32.3,,4.2,250,70,33.8,26.1,998.3,1005,.7,2.79,,,6,6,CuSc,8,4089,,,35.4,,,,
146,2025-08-05 15:00,32.5,,2.9,250,67,32.6,25.5,997.8,1004.5,.4,1.83,,,6,6,Sc,10,3752,,,34.7,,,,
146,2025-08-05 16:00,32.9,,4.2,270,65,32.4,25.4,997.6,1004.3,.7,2.07,,,4,4,Sc,11,3682,,,35.3,,,,
146,2025-08-05 17:00,32.1,,2.8,270,67,31.9,25.1,997.6,1004.3,.4,1.28,,,4,4,Sc,9,3853,,,33.1,,,,
146,2025-08-05 18:00,32,,2.2,250,66,31.3,24.8,997.4,1004.1,.6,.92,,,3,3,Sc,10,3629,,,32.2,,,,
146,2025-08-05 19:00,30.3,,2,250,73,31.5,24.9,997.9,1004.6,.5,.34,,,3,1,,12,3645,,,29.8,,,,
146,2025-08-05 20:00,29.6,,2.4,250,76,31.5,24.9,998.3,1005.1,0,.02,,,9,7,,8,3219,,,29,,,,
146,2025-08-05 21:00,28.3,2.1,1.7,230,86,33,25.7,999.2,1006,,,,,7,7,Sc,10,1641,,04,28.6,,,,
146,2025-08-05 22:00,28.1,,2.4,160,85,32.2,25.3,999.3,1006.1,,,,,9,3,,24,1978,,,28.1,,,,
146,2025-08-05 23:00,28.2,,1.7,160,82,31.3,24.8,999.6,1006.4,,,,,7,7,,25,3368,,,27.8,,,,
146,2025-08-06 00:00,27.9,,1.3,180,81,30.4,24.3,999.1,1005.9,,,,,6,6,Sc,10,3612,,,27.3,,,,
146,2025-08-06 01:00,27.7,,1.1,160,82,30.4,24.3,998.6,1005.4,,,,,8,5,,13,3790,,,27,,,,
146,2025-08-06 02:00,27.6,,.7,140,83,30.6,24.4,998.5,1005.3,,,,,7,4,,8,3643,,,27,,,,
146,2025-08-06 03:00,27.4,,1.3,140,85,30.9,24.6,998.5,1005.3,,,,,8,8,Sc,10,3451,,,27.1,,,,
146,2025-08-06 04:00,27.5,,1.3,140,83,30.4,24.3,998.5,1005.3,,,,,8,8,Sc,10,3482,,,27.1,,,,
146,2025-08-06 05:00,27.4,,2.2,160,84,30.6,24.4,997.9,1004.7,,,,,9,9,Sc,10,3661,,,26.9,,,,
146,2025-08-06 06:00,27.6,,2,160,83,30.6,24.4,997.7,1004.5,0,0,,,9,9,Sc,10,3928,,,26.7,,,,
146,2025-08-06 07:00,28,0,2.1,180,82,30.9,24.6,997.7,1004.5,0,.18,,,9,9,Sc,8,3467,,01,27.7,,,,
146,2025-08-06 08:00,28.2,,1.6,200,81,30.9,24.6,997.6,1004.4,0,.26,,,9,7,ScCi,15,4316,,,28,,,,
146,2025-08-06 09:00,29.8,,1.7,200,75,31.3,24.8,997,1003.7,0,.91,,,9,4,ScCi,11,3737,,,30.3,,,,
146,2025-08-06 10:00,29.9,,3.5,230,74,31.1,24.7,996.9,1003.6,.1,1.02,,,8,4,ScAsCi,8,3581,,,30.7,,,,
146,2025-08-06 11:00,30.4,,2.3,180,74,32.1,25.2,996.5,1003.2,.4,1.78,,,10,6,ScAs,8,3729,,,31.8,,,,
146,2025-08-06 12:00,31.3,,4.8,250,72,32.8,25.6,996.2,1002.9,.1,1.39,,,9,7,ScAs,14,3039,,,34.5,,,,
146,2025-08-06 13:00,30.9,,5.2,250,74,33,25.7,995.9,1002.6,.2,1.84,,,10,5,ScAs,7,3118,,,32.6,,,,
146,2025-08-06 14:00,29.3,0,3.6,250,83,33.8,26.1,995.5,1002.2,0,1.01,,,10,5,ScAs,5,1162,,01,30.7,,,,
146,2025-08-06 15:00,29,.5,3.9,270,85,34,26.2,995.2,1001.9,0,1.1,,,10,7,ScAs,5,1175,,01,30.6,,,,
146,2025-08-06 16:00,29.3,1.2,3.5,270,85,34.6,26.5,994.9,1001.6,0,.73,,,10,5,ScAs,6,1628,,01,31.3,,,,
146,2025-08-06 17:00,29,0,3.6,230,85,34,26.2,994.8,1001.5,0,.64,,,10,3,ScAs,5,1432,,01,30.2,,,,
146,2025-08-06 18:00,28.1,.4,3.3,250,90,34,26.2,994.7,1001.5,0,.29,,,10,4,ScAs,6,844,,01,29,,,,
146,2025-08-06 19:00,28.2,0,2.5,250,89,34,26.2,994.9,1001.7,0,.14,,,10,5,ScAs,6,1248,,01,28.4,,,,
146,2025-08-06 20:00,27.7,.7,1.5,250,91,33.6,26,995,1001.8,0,0,,,10,3,ScAs,8,1104,,01,28,,,,
146,2025-08-06 21:00,27.8,0,2.8,250,92,34.2,26.3,995.6,1002.4,,,,,10,3,ScAs,8,872,,1901,27.8,,,,
146,2025-08-06 22:00,27.6,,3.6,230,92,33.8,26.1,995.9,1002.7,,,,,10,2,,24,814,,19,27.6,,,,
146,2025-08-06 23:00,27.5,,2.2,250,92,33.6,26,996.2,1003,,,,,9,1,,12,1125,,19,27.5,,,,
146,2025-08-07 00:00,27.5,,3.3,250,91,33.2,25.8,996.4,1003.2,,,,,7,7,Sc,10,593,,19,27.2,,,,
146,2025-08-07 01:00,27.5,,2.5,250,90,33,25.7,996.1,1002.9,,,,,7,3,,4,1407,,19,27.1,,,,
146,2025-08-07 02:00,26.6,0,2.9,290,88,30.6,24.4,996.3,1003.1,,,,,4,4,Sc,9,2201,,01,26.5,,,,
146,2025-08-07 03:00,25.8,,2.3,270,86,28.4,23.2,996.5,1003.3,,,,,7,7,Sc,9,4018,,,25.9,,,,
146,2025-08-07 04:00,25.8,,1.4,290,85,28.1,23,996.3,1003.1,,,,,8,8,Sc,9,438,,19,25.8,,,,
146,2025-08-07 05:00,25.8,,.2,0,85,28.1,23,996.3,1003.1,,,,,7,7,St,5,3944,,19,26.2,,,,
146,2025-08-07 06:00,26,,.8,230,86,28.8,23.4,996.5,1003.3,0,0,,,8,8,Sc,5,3801,,,26.2,,,,
146,2025-08-07 07:00,26.3,,.7,250,87,29.7,23.9,996.8,1003.6,0,.13,,,8,8,Sc,6,3565,,,26.7,,,,
146,2025-08-07 08:00,26.9,,1,250,85,30,24.1,997.2,1004,.1,.34,,,9,9,Sc,8,3088,,,27.5,,,,
146,2025-08-07 09:00,28.1,,1.2,290,84,31.9,25.1,997.1,1003.9,.3,.86,,,8,8,Sc,10,2573,,,29.8,,,,
146,2025-08-07 10:00,29.1,,1.6,290,81,32.4,25.4,997.1,1003.9,.3,1.31,,,9,7,ScCc,8,2175,,,31,,,,
146,2025-08-07 11:00,29.1,,2.8,270,76,30.6,24.4,997,1003.8,0,1.35,,,9,3,ScCi,8,2951,,,30.7,,,,
146,2025-08-07 12:00,29.5,,3.7,270,74,30.4,24.3,997,1003.7,.3,1.8,,,9,3,ScCi,7,2726,,,31.8,,,,
146,2025-08-07 13:00,29.9,,3,250,72,30.2,24.2,996.6,1003.3,.2,2.12,,,9,3,ScCi,10,2667,,,32.9,,,,
146,2025-08-07 14:00,30.2,,3.7,270,69,29.5,23.8,996.4,1003.1,.2,1.88,,,7,3,ScCi,9,2833,,,33.7,,,,
146,2025-08-07 15:00,29.8,,3.8,290,68,28.4,23.2,996.3,1003,.6,2.43,,,6,2,ScCi,13,2605,,,32.3,,,,
146,2025-08-07 16:00,30.1,,4.1,290,63,26.8,22.2,996.2,1002.9,.7,2.04,,,7,1,ScCi,10,3782,,,32.9,,,,
146,2025-08-07 17:00,30,,3.6,270,59,25,21.1,996.6,1003.3,1,2.01,,,5,0,Ci,,3199,,,31.8,,,,
146,2025-08-07 18:00,28.7,,2.9,290,64,25.2,21.2,996.6,1003.4,1,1.19,,,5,0,Ci,,4595,,,28.7,,,,
146,2025-08-07 19:00,27.3,,3.6,270,65,23.5,20.1,997.1,1003.9,.6,.53,,,8,0,,,4613,,,26.5,,,,
146,2025-08-07 20:00,26.1,,1.6,270,73,24.6,20.8,997.7,1004.5,0,.04,,,8,0,,,4488,,,25.4,,,,
146,2025-08-07 21:00,25.1,,1.7,270,78,24.7,20.9,998.5,1005.4,,,,,5,0,Ci,,3859,,,24.6,,,,
146,2025-08-07 22:00,24.7,,.9,250,79,24.6,20.8,998.8,1005.7,,,,,6,0,,,3296,,,24.2,,,,
146,2025-08-07 23:00,24.8,,1.4,230,79,24.7,20.9,998.8,1005.7,,,,,6,2,,5,4423,,,24.3,,,,
146,2025-08-08 00:00,24.6,,.7,200,79,24.4,20.7,998.5,1005.3,,,,,5,2,ScCi,5,3801,,,24.1,,,,
146,2025-08-08 01:00,23.9,,.8,140,82,24.3,20.6,998.1,1005,,,,,6,2,,6,3743,,,23.9,,,,
146,2025-08-08 02:00,23.4,,1.6,110,83,23.8,20.3,998.1,1005,,,,,7,2,,6,3785,,,23.5,,,,
146,2025-08-08 03:00,23.1,,1.2,110,85,24,20.4,998.1,1005,,,,,6,2,ScCi,7,4151,,,23.3,,,,
146,2025-08-08 04:00,22.8,,1.7,110,86,23.8,20.3,998,1004.9,,,,,6,1,ScCi,5,3896,,,23,,,,
146,2025-08-08 05:00,22.7,,1.5,140,87,24,20.4,997.8,1004.7,,,,,7,3,ScCi,5,3663,,,22.9,,,,
146,2025-08-08 06:00,22.3,,1.8,140,88,23.7,20.2,998.1,1005,0,.01,,,7,0,Ci,,3746,,,22.5,,,,
146,2025-08-08 07:00,23.4,,.9,110,85,24.4,20.7,998.1,1005,.5,.26,,,8,0,Ci,,3892,,,23.4,,,,
146,2025-08-08 08:00,25.3,,.7,200,81,26,21.7,998.6,1005.5,.5,.75,,,7,0,Ci,,1735,,,26.1,,,,
146,2025-08-08 09:00,27.3,,.8,230,74,26.8,22.2,998.9,1005.7,1,1.61,,,6,3,ScCi,10,3460,,,29.5,,,,
146,2025-08-08 10:00,27.7,,.7,320,70,26,21.7,998.9,1005.7,.7,2.07,,,8,1,ScCi,10,4045,,,30.1,,,,
146,2025-08-08 11:00,27.7,,1.2,250,69,25.5,21.4,998.8,1005.6,.1,1.42,,,9,1,ScCi,12,3959,,,30.4,,,,
146,2025-08-08 12:00,28.5,,1.7,290,70,27.1,22.4,998.6,1005.4,.2,1.76,,,9,0,Ci,,3696,,,32.6,,,,
146,2025-08-08 13:00,29.4,,1.7,290,65,26.6,22.1,998.4,1005.2,.7,2.46,,,9,0,Ci,,3905,,,34.5,,,,
146,2025-08-08 14:00,30,,1.8,290,62,26.3,21.9,997.8,1004.5,.8,2.71,,,9,4,ScCi,8,4411,,,34.4,,,,
146,2025-08-08 15:00,29.3,,2.4,270,64,26,21.7,997.9,1004.7,.2,1.65,,,8,4,ScCi,9,3961,,,32,,,,
146,2025-08-08 16:00,29.3,,1.3,270,64,26,21.7,998.1,1004.9,0,1,,,9,0,Ci,,3549,,,30.9,,,,
146,2025-08-08 17:00,28.3,,1.8,270,66,25.3,21.3,998.1,1004.9,0,.77,,,9,0,Ci,,4286,,,29.4,,,,
146,2025-08-08 18:00,27.7,,2.1,270,60,22.2,19.2,998.1,1004.9,0,.35,,,9,5,AcCi,35,4786,,,27.2,,,,
146,2025-08-08 19:00,27.3,,1,320,70,25.3,21.3,997.9,1004.7,0,.11,,,10,1,,,3123,,,26.7,,,,
146,2025-08-08 20:00,26.3,,2.2,270,75,25.6,21.5,998.7,1005.5,0,0,,,8,2,,64,2294,,,25.5,,,,
146,2025-08-08 21:00,26,,.6,230,74,24.7,20.9,999.4,1006.2,,,,,9,7,AcCi,35,2975,,,25.1,,,,
146,2025-08-08 22:00,25.4,,1.3,250,76,24.6,20.8,999.4,1006.3,,,,,7,4,,54,3324,,,24.3,,,,
146,2025-08-08 23:00,25.3,,1.3,140,81,26,21.7,999.2,1006.1,,,,,10,9,,53,2913,,,24.7,,,,
146,2025-08-09 00:00,25.1,,1.1,110,82,26.1,21.8,999.3,1006.2,,,,,9,6,AcCi,45,2887,,,24.7,,,,
146,2025-08-09 01:00,24.7,,1.2,140,83,25.8,21.6,998.8,1005.7,,,,,10,10,,47,2916,,,24.6,,,,
146,2025-08-09 02:00,24.6,,.8,110,83,25.6,21.5,999,1005.9,,,,,10,10,,46,2807,,,24.6,,,,
146,2025-08-09 03:00,24.1,,1.4,90,85,25.5,21.4,998.6,1005.5,,,,,10,10,As,40,2426,,,24.3,,,,
146,2025-08-09 04:00,24.2,,.4,0,84,25.3,21.3,998.4,1005.3,,,,,9,5,AcCi,45,2589,,,24.1,,,,
146,2025-08-09 05:00,23.9,,1.7,140,86,25.5,21.4,998.1,1005,,,,,9,5,AcCi,45,2371,,,23.9,,,,
146,2025-08-09 06:00,23.8,,1.7,140,86,25.3,21.3,997.8,1004.7,0,0,,,9,8,AcCi,45,2417,,,23.9,,,,
146,2025-08-09 07:00,24,,1,90,85,25.3,21.3,997.6,1004.5,0,.08,,,10,10,As,30,3113,,,24.3,,,,
146,2025-08-09 08:00,24.5,,.4,0,85,26.1,21.8,998.2,1005.1,0,.24,,,10,5,ScAs,15,2615,,,25.2,,,,
146,2025-08-09 09:00,25.5,0,1.5,160,82,26.6,22.1,998.1,1004.9,0,.35,,,10,10,As,40,3424,,01,26.3,,,,
146,2025-08-09 10:00,27.2,,1.4,140,72,26,21.7,997.8,1004.6,0,.91,,,10,10,As,40,3962,,,28.8,,,,
146,2025-08-09 11:00,28.2,,.5,320,72,27.4,22.6,998.3,1005.1,0,1,,,10,10,As,30,4015,,,29.5,,,,
146,2025-08-09 12:00,27.7,,.6,230,70,26,21.7,998.1,1004.9,0,.54,,,10,5,ScAs,15,4523,,,28.2,,,,
146,2025-08-09 13:00,26.5,.2,1.7,50,82,28.3,23.1,997.1,1003.9,0,.5,,,10,3,ScAs,6,2199,,01,28.9,,,,
146,2025-08-09 14:00,27.1,0,1.3,90,78,27.9,22.9,996.2,1003,0,.76,,,10,2,ScAs,5,2975,,01,29.1,,,,
146,2025-08-09 15:00,26.7,0,.6,90,76,26.6,22.1,996.5,1003.3,0,.4,,,10,2,ScAs,10,3362,,01,28.1,,,,
146,2025-08-09 16:00,26.6,0,1.2,140,77,26.8,22.2,996.2,1003,0,.37,,,10,4,ScAs,13,3550,,01,27.8,,,,
146,2025-08-09 17:00,26.1,0,1.8,140,80,26.9,22.3,995.8,1002.6,0,.3,,,10,1,ScAs,10,2696,,01,27.1,,,,
146,2025-08-09 18:00,25.2,0,1.2,140,82,26.3,21.9,995.4,1002.2,0,.14,,,10,2,ScAs,6,2503,,01,26.2,,,,
146,2025-08-09 19:00,24,0,1.6,140,84,25,21.1,995.7,1002.6,0,.05,,,10,3,ScAs,6,2176,,01,25.2,,,,
146,2025-08-09 20:00,23.6,0,1.4,140,85,24.7,20.9,996.2,1003.1,0,.01,,,9,2,ScAcCi,15,2934,,01,24.6,,,,
146,2025-08-09 21:00,23.5,,1.6,140,86,24.9,21,996.8,1003.7,,,,,9,3,AcCi,35,2901,,,24.2,,,,
146,2025-08-09 22:00,23.5,,1.3,140,86,24.9,21,996.7,1003.6,,,,,9,5,,14,2827,,,24.2,,,,
146,2025-08-09 23:00,23.5,,1.6,160,87,25.2,21.2,995.7,1002.6,,,,,10,5,,17,2626,,,24.2,,,,
146,2025-08-10 00:00,23.8,,1.4,90,85,25,21.1,994.9,1001.7,,,,,9,2,ScAs,17,3564,,,24.1,,,,
146,2025-08-10 01:00,23,1,1.3,320,91,25.5,21.4,995.3,1002.2,,,,,10,3,ScAs,17,748,,01,23.9,,,,
146,2025-08-10 02:00,22.4,10.5,1.1,50,93,25.2,21.2,995.3,1002.2,,,,,10,3,StNs,2,326,,01,23.6,,,,
146,2025-08-10 03:00,22,6.4,2.3,50,91,24,20.4,994.9,1001.8,,,,,10,6,StNs,4,667,,01,23.5,,,,
146,2025-08-10 04:00,22,.3,1.6,110,92,24.3,20.6,994.5,1001.4,,,,,10,4,ScAs,8,2976,,01,23.5,,,,
146,2025-08-10 05:00,22,,.7,20,92,24.3,20.6,994.4,1001.3,,,,,8,7,AsCi,30,2211,,,23.2,,,,
146,2025-08-10 06:00,21.7,,1.1,20,94,24.3,20.6,994.4,1001.3,0,0,,,9,9,As,30,1078,,,23.2,,,,
146,2025-08-10 07:00,23.3,,.8,50,89,25.3,21.3,994.6,1001.5,.2,.25,,,7,6,AcCi,32,2154,,,24,,,,
146,2025-08-10 08:00,25,,1.9,50,83,26.3,21.9,994.7,1001.5,1,1.03,,,7,2,ScCi,10,4002,,,26,,,,
146,2025-08-10 09:00,27,,.9,110,72,25.6,21.5,994.3,1001.1,1,1.55,,,7,0,Ci,,4105,,,29.5,,,,
146,2025-08-10 10:00,26.6,,2.9,290,76,26.4,22,994.4,1001.2,1,2.04,,,7,0,Ci,,4595,,,30.4,,,,
146,2025-08-10 11:00,28.1,,2.9,340,72,27.2,22.5,994.7,1001.5,1,2.84,,,2,1,ScCi,10,4663,,,33.9,,,,
146,2025-08-10 12:00,29.6,,2.4,290,67,27.7,22.8,994.4,1001.1,1,3.23,,,4,0,Ci,,4080,,,35.8,,,,
146,2025-08-10 13:00,29.8,,2.9,360,62,26,21.7,994.2,1000.9,.9,2.88,,,6,3,ScCi,10,4529,,,34,,,,
146,2025-08-10 14:00,30.6,,3.9,320,63,27.6,22.7,994.1,1000.8,.9,3.25,,,3,3,Sc,10,3862,,,35.1,,,,
146,2025-08-10 15:00,31.3,,2.8,290,61,27.7,22.8,994.1,1000.8,1,3.12,,,5,2,ScCi,10,3692,,,36.2,,,,
146,2025-08-10 16:00,31.4,,3.8,320,55,25.2,21.2,994.2,1000.9,1,2.51,,,4,0,Ci,,4040,,,34.4,,,,
146,2025-08-10 17:00,31.4,,3,320,55,25.2,21.2,994.4,1001.1,1,1.93,,,2,0,Ci,,3740,,,32.7,,,,
146,2025-08-10 18:00,31,,3,320,53,23.7,20.2,994.7,1001.4,1,1.22,,,2,0,Ci,,4068,,,29.9,,,,
146,2025-08-10 19:00,28.7,,2.5,250,67,26.3,21.9,995.2,1002,.8,.4,,,4,0,,,3661,,,27.6,,,,
146,2025-08-10 20:00,26.9,,2.9,230,76,26.9,22.3,996.1,1002.9,0,.04,,,4,0,,,2871,,,26.1,,,,
146,2025-08-10 21:00,26.1,,1.7,230,78,26.3,21.9,997,1003.8,,,,,1,0,Ci,,2672,,,25.4,,,,
146,2025-08-10 22:00,25.5,,1.1,250,80,26,21.7,997,1003.8,,,,,1,1,,14,2676,,,25,,,,
146,2025-08-10 23:00,25.4,,1.6,200,82,26.4,22,997.4,1004.2,,,,,3,3,,14,2515,,,24.8,,,,
146,2025-08-11 00:00,24.9,,.9,160,83,26.1,21.8,997.4,1004.3,,,,,3,3,Ac,35,2436,,,24.5,,,,
146,2025-08-11 01:00,24.6,,1.1,110,85,26.3,21.9,997.7,1004.6,,,,,7,2,,13,2468,,,24.2,,,,
146,2025-08-11 02:00,24.3,,.3,0,85,25.8,21.6,997.7,1004.6,,,,,7,6,,9,2526,,,24.1,,,,
146,2025-08-11 03:00,24.2,,.7,140,85,25.6,21.5,997.7,1004.6,,,,,5,3,ScCi,13,2479,,,24.3,,,,
146,2025-08-11 04:00,23.9,,.3,0,87,25.6,21.5,997.8,1004.7,,,,,6,5,ScCi,9,1994,,,24.2,,,,
146,2025-08-11 05:00,23.9,,0,0,87,25.6,21.5,997.9,1004.8,,,,,7,5,ScCi,8,2037,,,24.1,,,,
146,2025-08-11 06:00,23.8,,1.7,140,88,25.8,21.6,997.5,1004.4,0,0,,,7,7,Ac,40,2061,,,23.9,,,,
146,2025-08-11 07:00,24.6,,1.5,90,87,26.8,22.2,997.8,1004.7,0,.22,,,8,0,Cc,,1462,,,25,,,,
146,2025-08-11 08:00,26.3,,1.9,140,82,27.9,22.9,997.9,1004.7,.3,.6,,,8,4,AcCi,35,1062,,,26.7,,,,
146,2025-08-11 09:00,27.7,,.8,160,76,28.1,23,998.2,1005,.2,1.08,,,9,9,Ac,35,1449,,,28.9,,,,
146,2025-08-11 10:00,27.1,,1.6,160,76,27.1,22.4,998.5,1005.3,0,.53,,,10,10,As,30,1849,,,27.8,,,,
146,2025-08-11 11:00,27.9,,.5,180,76,28.4,23.2,998.5,1005.3,0,.58,,,10,10,As,30,1991,,,28.7,,,,
146,2025-08-11 12:00,28.4,,.7,20,77,29.7,23.9,998.3,1005.1,0,.84,,,10,10,As,30,1681,,,30,,,,
146,2025-08-11 13:00,28.8,0,1.2,360,75,29.7,23.9,998,1004.8,0,.93,,,10,1,ScAs,9,2095,,01,30.7,,,,
146,2025-08-11 14:00,27.3,0,1,290,81,29.3,23.7,998.1,1004.9,0,.44,,,10,4,ScAs,7,1562,,01,28.7,,,,
146,2025-08-11 15:00,24.2,2.5,1.9,110,88,26.4,22,998.4,1005.3,0,.2,,,10,4,StNs,4,1172,,01,27.1,,,,
146,2025-08-11 16:00,24.1,.9,1.3,110,88,26.3,21.9,998.4,1005.3,0,.29,,,10,4,StNs,8,1249,,01,26.9,,,,
146,2025-08-11 17:00,23.8,.7,2.4,320,90,26.4,22,998.9,1005.8,0,.22,,,10,3,StNs,2,2516,,01,26.1,,,,
146,2025-08-11 18:00,22.9,4.5,1.8,50,92,25.6,21.5,999.1,1006,0,.11,,,10,4,StNs,3,361,,01,25.3,,,,
146,2025-08-11 19:00,22.6,1,1.6,140,91,24.9,21,998.7,1005.6,0,.09,,,10,3,StNs,8,2198,,01,24.9,,,,
146,2025-08-11 20:00,22.7,.2,.9,360,93,25.6,21.5,998.9,1005.8,0,.01,,,10,2,ScAs,10,1641,,01,24.5,,,,
146,2025-08-11 21:00,22.3,0,1.5,320,93,25,21.1,999.6,1006.5,,,,,9,9,As,30,1709,,01,24.1,,,,
146,2025-08-11 22:00,22.2,,.1,0,91,24.3,20.6,999.8,1006.7,,,,,9,2,,53,2001,,,23.6,,,,
146,2025-08-11 23:00,21.8,,0,0,90,23.4,20,1000.1,1007.1,,,,,8,3,,38,4149,,,23.2,,,,
146,2025-08-12 00:00,21.5,,1,50,92,23.5,20.1,1000.3,1007.2,,,,,5,3,AcCi,35,1411,,,22.8,,,,
146,2025-08-12 01:00,21.8,,1,140,93,24.3,20.6,1000.9,1007.9,,,,,10,3,,2,1539,,,22.9,,,,
146,2025-08-12 02:00,21.6,,1.6,110,93,24,20.4,1001,1008,,,,,10,5,,38,1610,,,23,,,,
146,2025-08-12 03:00,21.2,,1.6,50,93,23.4,20,1001,1008,,,,,8,8,Ac,35,2052,,,22.7,,,,
146,2025-08-12 04:00,20.9,,.8,50,92,22.7,19.5,1001.6,1008.6,,,,,4,0,Ci,,2258,,,22.5,,,,
146,2025-08-12 05:00,21.1,,1.6,110,92,22.9,19.7,1002.1,1009.1,,,,,9,1,ScAc,10,2861,,,22.5,,,,
146,2025-08-12 06:00,21,,1.3,70,93,23.1,19.8,1002.5,1009.5,0,0,,,9,8,AcCi,35,2800,,,22.5,,,,
146,2025-08-12 07:00,21.4,,.9,70,91,23.1,19.8,1002.7,1009.7,0,.14,,,10,10,As,30,3564,,,23,,,,
146,2025-08-12 08:00,21.9,,1.7,140,89,23.2,19.9,1002.7,1009.7,0,.23,,,10,10,As,30,4374,,,23.6,,,,
146,2025-08-12 09:00,23.3,,.6,320,87,24.9,21,1003.2,1010.1,0,.53,,,10,10,As,30,3446,,,25.1,,,,
146,2025-08-12 10:00,24.7,,1.2,110,79,24.6,20.8,1003.2,1010.1,0,.84,,,10,10,As,31,4661,,,27,,,,
146,2025-08-12 11:00,25.3,0,1.1,50,81,26,21.7,1002.9,1009.8,0,.94,,,10,5,ScAs,10,3792,,01,27.9,,,,
146,2025-08-12 12:00,25.7,0,1.9,160,80,26.3,21.9,1003.2,1010.1,0,.98,,,10,3,ScAs,5,3359,,01,29.5,,,,
146,2025-08-12 13:00,24.7,.1,1.7,140,86,26.6,22.1,1003.1,1010,0,.64,,,10,5,ScAs,7,1884,,01,27.4,,,,
146,2025-08-12 14:00,25.6,.2,.6,110,85,27.7,22.8,1003.4,1010.3,0,.97,,,10,2,ScAs,6,2593,,01,29,,,,
146,2025-08-12 15:00,24.6,1.3,.6,50,89,27.4,22.6,1003.5,1010.4,0,.64,,,10,5,StNs,2,987,,01,27.9,,,,
146,2025-08-12 16:00,25,0,1.1,90,89,28.1,23,1004,1010.9,0,.41,,,10,9,ScAs,8,5000,,01,27.5,,,,
146,2025-08-12 17:00,25.5,,1.5,160,85,27.6,22.7,1004.5,1011.4,0,.62,,,10,8,ScAs,8,5000,,,27.6,,,,
146,2025-08-12 18:00,25.6,,1.3,110,84,27.4,22.6,1004.7,1011.6,0,.29,,,10,2,ScAs,8,4982,,,27,,,,
146,2025-08-12 19:00,25.5,,1.4,140,86,27.9,22.9,1005.1,1012,0,.11,,,10,5,,8,4910,,,26.2,,,,
146,2025-08-12 20:00,25.1,,2.7,110,87,27.6,22.7,1004.1,1011,0,.01,,,10,1,,7,4758,,,25.3,,,,
146,2025-08-12 21:00,25,,2.7,140,87,27.4,22.6,1004.3,1011.2,,,,,10,8,ScAs,13,4846,,,24.9,,,,
146,2025-08-12 22:00,24.8,,2.5,140,88,27.4,22.6,1005.1,1012,,,,,10,3,,46,4912,,,24.7,,,,
146,2025-08-12 23:00,25,,2.2,140,87,27.4,22.6,1005.6,1012.5,,,,,10,2,,14,4948,,,24.7,,,,
146,2025-08-13 00:00,25.3,,1.1,160,85,27.2,22.5,1006.1,1013,,,,,10,4,ScAs,16,5000,,,24.7,,,,
146,2025-08-13 01:00,24.7,.4,2.1,110,90,27.9,22.9,1006,1012.9,,,,,10,8,ScAs,8,4131,,01,24.8,,,,
146,2025-08-13 02:00,24.8,,2,110,89,27.7,22.8,1006.1,1013,,,,,8,3,,8,4844,,,24.6,,,,
146,2025-08-13 03:00,24.9,,2.2,140,89,27.9,22.9,1006.1,1013,,,,,9,9,Ac,33,4566,,,24.4,,,,
146,2025-08-13 04:00,25,,2.5,140,89,28.1,23,1005.9,1012.8,,,,,8,2,ScAc,10,3571,,,24.3,,,,
146,2025-08-13 05:00,25.4,,2.5,110,88,28.4,23.2,1005.8,1012.7,,,,,9,0,Ci,,2847,,,24.4,,,,
146,2025-08-13 06:00,25.3,,1.6,110,89,28.6,23.3,1006.3,1013.2,0,0,,,8,2,ScCi,10,2767,,,24.4,,,,
146,2025-08-13 07:00,25.7,0,1.2,110,88,28.9,23.5,1007,1013.9,0,.06,,,10,3,ScAs,10,2993,,01,24.9,,,,
146,2025-08-13 08:00,26.7,0,1,140,86,30,24.1,1007.2,1014.1,0,.3,,,10,10,As,30,3632,,01,26.4,,,,
146,2025-08-13 09:00,27.9,,2.5,160,82,30.7,24.5,1007.1,1014,0,.69,,,10,5,ScAs,10,4103,,,27.9,,,,
146,2025-08-13 10:00,29.4,,2.3,180,77,31.5,24.9,1006.8,1013.6,0,1.17,,,10,4,ScAs,10,4290,,,30.5,,,,
146,2025-08-13 11:00,28.9,0,3.4,180,79,31.3,24.8,1007.1,1013.9,.2,1.5,,,9,7,ScAs,10,4096,,01,31.5,,,,
146,2025-08-13 12:00,31.5,,2.3,200,69,31.9,25.1,1006.5,1013.3,.9,3,,,7,5,ScAc,10,4182,,,34.4,,,,
146,2025-08-13 13:00,30.4,0,4.3,180,73,31.7,25,1006.4,1013.2,.3,1.85,,,10,7,ScAs,10,4322,,01,33.3,,,,
146,2025-08-13 14:00,28.4,.8,5.2,230,84,32.4,25.4,1006.7,1013.5,.5,1.87,,,9,8,StNs,8,1548,,01,32,,,,
146,2025-08-13 15:00,30.5,.2,3.9,230,75,32.6,25.5,1006.6,1013.4,.7,2.02,,,7,3,ScAs,10,4483,,01,33.8,,,,
146,2025-08-13 16:00,32.3,,3.1,200,65,31.3,24.8,1006,1012.7,1,2.23,,,8,4,ScCi,10,3940,,,35.1,,,,
146,2025-08-13 17:00,31.8,,3.3,180,66,30.9,24.6,1005.8,1012.6,.8,1.86,,,8,7,ScCi,10,4028,,,33.5,,,,
146,2025-08-13 18:00,31.1,,2.9,230,66,29.7,23.9,1006.2,1013,.5,.88,,,7,6,ScCi,10,3972,,,30.6,,,,
146,2025-08-13 19:00,30.2,,1.9,250,73,31.3,24.8,1006.5,1013.3,.4,.24,,,7,3,,11,4311,,,29.2,,,,
146,2025-08-13 20:00,29.2,,1.7,200,73,29.5,23.8,1006.8,1013.6,0,.02,,,6,1,,11,4614,,,27.6,,,,
146,2025-08-13 21:00,28.9,,1.9,200,73,28.9,23.5,1007.5,1014.3,,,,,6,6,Sc,11,4606,,,27.3,,,,
146,2025-08-13 22:00,28.4,,1.8,160,75,28.9,23.5,1008.1,1014.9,,,,,7,6,,16,4502,,,26.9,,,,
146,2025-08-13 23:00,27,,1.6,140,81,28.8,23.4,1008.4,1015.3,,,,,6,6,,15,4636,,,26.1,,,,
146,2025-08-14 00:00,26.5,,1.6,160,83,28.6,23.3,1008.2,1015.1,,,,,4,4,Sc,15,3955,,,25.7,,,,
146,2025-08-14 01:00,26.1,,1.5,140,84,28.3,23.1,1008.7,1015.6,,,,,3,0,,,1001,,,25.2,,,,
146,2025-08-14 02:00,25.7,,1.6,140,86,28.3,23.1,1008.6,1015.5,,,,,5,0,,,4150,,,24.9,,,,
146,2025-08-14 03:00,25.4,,1.8,140,87,28.1,23,1008.3,1015.2,,,,,1,1,Sc,11,3749,,,24.6,,,,
146,2025-08-14 04:00,25.1,,2.1,140,89,28.3,23.1,1008,1014.9,,,,,2,0,Ci,,3612,,,24.3,,,,
146,2025-08-14 05:00,25,,1.8,140,89,28.1,23,1008.1,1015,,,,,1,0,Ci,,3833,,,24.2,,,,
146,2025-08-14 06:00,25.3,,1,140,88,28.3,23.1,1009,1015.9,0,0,,,4,0,Cc,,3913,,,24.1,,,,
146,2025-08-14 07:00,26.6,,2.2,140,85,29.5,23.8,1009,1015.9,.7,.24,,,3,0,Cc,,4441,,,24.8,,,,
146,2025-08-14 08:00,28.8,,.9,180,76,30,24.1,1009,1015.8,1,.89,,,3,3,Sc,10,3614,,,27.9,,,,
146,2025-08-14 09:00,28.6,,1.4,180,76,29.7,23.9,1009.1,1015.9,.2,.83,,,7,7,Sc,10,4625,,,28.8,,,,
146,2025-08-14 10:00,29.4,,2.1,250,72,29.5,23.8,1009.7,1016.5,.5,1.49,,,7,6,ScAc,10,4391,,,30.2,,,,
146,2025-08-14 11:00,31.6,,2.9,230,65,30.2,24.2,1009.9,1016.7,.9,2.92,,,6,4,ScAc,10,4728,,,35.9,,,,
146,2025-08-14 12:00,31.3,,3,230,65,29.7,23.9,1009.6,1016.4,.8,2.86,,,4,4,Sc,10,4421,,,34.2,,,,
146,2025-08-14 13:00,31.2,,4.3,250,67,30.4,24.3,1009.6,1016.4,.5,2.16,,,8,8,Sc,10,4175,,,32.3,,,,
146,2025-08-14 14:00,30.7,0,4.3,230,71,31.3,24.8,1009.1,1015.9,.6,2.45,,,8,8,Sc,10,4143,,04,33.7,,,,
146,2025-08-14 15:00,32.5,,3.1,250,69,33.6,26,1008.5,1015.3,.6,2.47,,,5,5,Sc,10,4350,,,36.7,,,,
146,2025-08-14 16:00,31.6,,3.5,290,68,31.5,24.9,1008.9,1015.7,.7,2.06,,,3,2,ScAc,10,4245,,,34.7,,,,
146,2025-08-14 17:00,31.6,,2.9,290,66,30.6,24.4,1008.5,1015.3,1,1.95,,,1,1,Sc,10,4415,,,33.3,,,,
146,2025-08-14 18:00,31.3,,2.2,270,67,30.6,24.4,1008.1,1014.9,.8,.91,,,2,2,Sc,10,4482,,,30.9,,,,
146,2025-08-14 19:00,29.9,,2.4,290,74,31.1,24.7,1008.5,1015.3,.8,.41,,,2,1,,9,4720,,,28.8,,,,
146,2025-08-14 20:00,28.4,,2.9,270,80,30.9,24.6,1008.9,1015.8,0,.02,,,2,0,,,4827,,,27.4,,,,
146,2025-08-14 21:00,27.6,,1.4,270,83,30.6,24.4,1009.3,1016.2,,,,,2,2,Sc,10,4297,,,26.8,,,,
146,2025-08-14 22:00,27.4,,1.7,230,86,31.3,24.8,1009.6,1016.5,,,,,2,1,,9,3723,,,26.5,,,,
146,2025-08-14 23:00,27.4,,.7,270,85,30.9,24.6,1010,1016.9,,,,,1,1,,7,3409,,,26.7,,,,
146,2025-08-15 00:00,27.2,,1.1,230,86,30.9,24.6,1009.8,1016.7,,,,,3,3,Sc,8,3394,,,26.3,,,,
146,2025-08-15 01:00,26.6,,1.5,110,88,30.6,24.4,1009.4,1016.3,,,,,3,0,,,3549,,,25.9,,,,
146,2025-08-15 02:00,26.4,,.8,110,88,30.2,24.2,1009.1,1016,,,,,0,0,,,4068,,,25.8,,,,
146,2025-08-15 03:00,26.1,,1,110,89,30,24.1,1009.2,1016.1,,,,,5,5,Sc,6,3973,,,25.7,,,,
146,2025-08-15 04:00,25.8,,1,140,89,29.5,23.8,1009.3,1016.2,,,,,7,7,Sc,5,3980,,,25.5,,,,
146,2025-08-15 05:00,25.8,,.7,110,89,29.5,23.8,1009.3,1016.2,,,,,8,8,Sc,5,3973,,,25.7,,,,
146,2025-08-15 06:00,25.4,,1.4,140,89,28.8,23.4,1009.7,1016.6,0,0,,,3,3,Sc,5,4145,,,25.2,,,,
146,2025-08-15 07:00,26.4,,.9,140,87,29.8,24,1009.9,1016.8,.4,.19,,,1,1,Sc,10,4094,,,25.5,,,,
146,2025-08-15 08:00,28.2,,1.3,180,80,30.6,24.4,1010,1016.9,1,.88,,,2,2,Sc,10,4648,,,28.4,,,,
146,2025-08-15 09:00,30.2,,.9,140,73,31.3,24.8,1010,1016.8,1,1.74,,,7,7,Sc,10,3926,,,32.7,,,,
146,2025-08-15 10:00,31.2,,1.6,290,70,31.7,25,1010.1,1016.9,.8,2.27,,,7,7,Sc,10,4014,,,35.3,,,,
146,2025-08-15 11:00,31.7,,1.4,270,68,31.7,25,1009.7,1016.5,.6,2.12,,,5,5,Sc,10,4218,,,36.1,,,,
146,2025-08-15 12:00,31.7,,1.1,320,65,30.4,24.3,1009.3,1016.1,.4,1.88,,,6,6,Sc,10,3903,,,34.7,,,,
146,2025-08-15 13:00,31.7,,1.3,290,69,32.2,25.3,1008.9,1015.7,.1,1.27,,,8,8,Sc,10,4519,,,33.1,,,,
146,2025-08-15 14:00,31.9,,3.4,290,71,33.4,25.9,1008.5,1015.3,.5,2.17,,,6,6,Sc,10,4221,,,34.6,,,,
146,2025-08-15 15:00,32.1,,2.8,290,66,31.5,24.9,1008,1014.8,.6,2.32,,,5,5,Sc,10,3834,,,34.4,,,,
146,2025-08-15 16:00,33.4,,3.6,270,65,33.4,25.9,1008,1014.7,.9,2.62,,,4,4,Sc,10,4605,,,35.9,,,,
146,2025-08-15 17:00,32.4,,2.8,290,66,32.1,25.2,1007.8,1014.6,.9,1.84,,,4,4,Sc,10,4374,,,33.6,,,,
146,2025-08-15 18:00,32,,2.6,290,67,31.7,25,1007.4,1014.2,1,1.14,,,2,2,Sc,10,4124,,,31.3,,,,
146,2025-08-15 19:00,29.7,,3.2,270,74,30.7,24.5,1007.3,1014.1,.8,.44,,,2,2,,76,4873,,,28.4,,,,
146,2025-08-15 20:00,28.3,,2.1,270,78,29.8,24,1007.5,1014.3,0,.01,,,0,0,,,4708,,,27.3,,,,
146,2025-08-15 21:00,27.8,,2.1,270,80,29.8,24,1008.3,1015.2,,,,,0,0,,,4831,,,26.5,,,,
146,2025-08-15 22:00,27.2,,1.4,270,87,31.3,24.8,1008.5,1015.4,,,,,0,0,,,3512,,,26.3,,,,
146,2025-08-15 23:00,26.9,,1.3,250,88,31.1,24.7,1008.3,1015.2,,,,,0,0,,,2728,,,26.1,,,,
146,2025-08-16 00:00,26.6,,1.3,230,89,30.9,24.6,1007.8,1014.7,,,,,2,2,Sc,10,3074,,,25.9,,,,
146,2025-08-16 01:00,26.3,,1.2,250,88,30,24.1,1007.6,1014.5,,,,,0,0,,,3698,,,25.7,,,,
146,2025-08-16 02:00,26.1,,.9,200,88,29.7,23.9,1007.5,1014.4,,,,,0,0,,,3771,,,25.5,,,,
146,2025-08-16 03:00,25.5,,1.1,180,89,28.9,23.5,1007.8,1014.7,,,,,5,5,Sc,10,3136,,,25,,,,
146,2025-08-16 04:00,25.3,,1,200,90,28.9,23.5,1007.5,1014.4,,,,,5,5,Sc,13,2596,,,25.1,,,,
146,2025-08-16 05:00,25.4,,.9,200,89,28.8,23.4,1007.5,1014.4,,,,,6,6,Sc,10,2774,,,25.4,,,,
146,2025-08-16 06:00,25,,1.1,200,90,28.4,23.2,1007.9,1014.8,0,0,,,6,3,ScCi,10,2943,,,24.8,,,,
146,2025-08-16 07:00,25.9,,1,230,87,28.9,23.5,1007.9,1014.8,.8,.25,,,3,1,ScCi,10,3538,,,25.1,,,,
146,2025-08-16 08:00,26.8,,.8,270,83,29.1,23.6,1008.4,1015.3,.9,.79,,,5,2,ScCi,10,3827,,,27,,,,
146,2025-08-16 09:00,28.8,,.6,200,77,30.4,24.3,1008.2,1015,.7,1.19,,,2,1,ScCi,10,3631,,,30.8,,,,
146,2025-08-16 10:00,30.1,,1.4,270,70,29.8,24,1008.1,1014.9,.9,2.08,,,3,3,Sc,10,4169,,,32.8,,,,
146,2025-08-16 11:00,30.6,,2.4,270,66,28.9,23.5,1008,1014.8,.9,2.9,,,3,3,Sc,10,4294,,,35.5,,,,
146,2025-08-16 12:00,31.6,,2.6,290,62,28.8,23.4,1007.7,1014.5,.9,3.01,,,4,3,ScCi,11,4168,,,36.9,,,,
146,2025-08-16 13:00,32.1,,3,270,56,26.8,22.2,1007.5,1014.3,1,3.6,,,3,2,ScCi,10,4331,,,36.7,,,,
146,2025-08-16 14:00,33.2,,2.6,230,47,23.8,20.3,1007.1,1013.8,1,3.49,,,2,1,ScCi,10,4009,,,38.3,,,,
146,2025-08-16 15:00,33,,2.8,290,51,25.6,21.5,1006.9,1013.6,1,3.09,,,3,2,ScCi,10,4509,,,36.6,,,,
146,2025-08-16 16:00,33,,2.3,290,56,28.1,23,1006.6,1013.3,.8,2.27,,,2,1,ScCi,10,3924,,,35.8,,,,
146,2025-08-16 17:00,32.2,,1.9,250,56,26.9,22.3,1006.3,1013,.9,1.8,,,1,1,Sc,10,4486,,,33.2,,,,
146,2025-08-16 18:00,32.3,,2.9,270,57,27.4,22.6,1005.9,1012.6,.9,1.08,,,0,0,,,4149,,,31.4,,,,
146,2025-08-16 19:00,29.9,,3.7,270,69,28.9,23.5,1006,1012.8,.8,.43,,,0,0,,,4968,,,28.6,,,,
146,2025-08-16 20:00,28.4,,2.3,270,75,28.9,23.5,1006.4,1013.2,0,.01,,,0,0,,,4700,,,27.2,,,,
146,2025-08-16 21:00,27.5,,2.2,270,78,28.6,23.3,1007.2,1014.1,,,,,0,0,,,4686,,,26.4,,,,
146,2025-08-16 22:00,26.9,,1.5,270,81,28.6,23.3,1007.6,1014.5,,,,,0,0,,,4959,,,25.9,,,,
146,2025-08-16 23:00,26.6,,1.6,270,82,28.4,23.2,1007.7,1014.6,,,,,0,0,,,4480,,,25.5,,,,
146,2025-08-17 00:00,26.2,,.6,50,84,28.4,23.2,1007.4,1014.3,,,,,5,5,Sc,10,3856,,,25.9,,,,
146,2025-08-17 01:00,25.9,,1.1,140,85,28.3,23.1,1007,1013.9,,,,,0,0,,,4503,,,25.2,,,,
146,2025-08-17 02:00,25.3,,1.4,180,87,27.9,22.9,1007,1013.9,,,,,0,0,,,4057,,,24.6,,,,
146,2025-08-17 03:00,24.7,,.8,160,88,27.2,22.5,1007.2,1014.1,,,,,1,1,Sc,10,4155,,,24.1,,,,
146,2025-08-17 04:00,24.3,,.6,360,89,26.9,22.3,1008,1014.9,,,,,5,5,Sc,10,3631,,,23.7,,,,
146,2025-08-17 05:00,24.2,,1.1,140,89,26.8,22.2,1008.1,1015.1,,,,,0,0,,,3830,,,23.6,,,,
146,2025-08-17 06:00,23.8,,1,140,90,26.4,22,1008.5,1015.5,0,0,,,6,3,ScCi,10,3592,,,23.5,,,,
146,2025-08-17 07:00,24.9,,1.4,140,88,27.6,22.7,1008.6,1015.5,.6,.2,,,4,0,Ci,,3821,,,24.1,,,,
146,2025-08-17 08:00,27.6,,.9,160,78,28.8,23.4,1009.1,1016,1,.9,,,2,0,Ci,,4528,,,27.4,,,,
146,2025-08-17 09:00,29.5,,.9,230,71,29.1,23.6,1009.3,1016.1,1,1.66,,,4,3,ScCi,10,4083,,,31.3,,,,
146,2025-08-17 10:00,30.3,,.9,250,66,28.4,23.2,1009.5,1016.3,.7,1.95,,,5,5,Sc,9,4242,,,34.5,,,,
146,2025-08-17 11:00,30.7,,2,270,66,29.1,23.6,1009.7,1016.5,.7,2.59,,,6,6,Sc,8,3993,,,34.9,,,,
146,2025-08-17 12:00,31.7,,1.9,230,61,28.4,23.2,1009.4,1016.2,.9,3.1,,,6,3,ScCi,12,4333,,,36.8,,,,
146,2025-08-17 13:00,31.5,,1.7,290,62,28.6,23.3,1008.6,1015.4,.7,2.79,,,5,3,ScCi,10,4429,,,36.2,,,,
146,2025-08-17 14:00,32.8,,1,360,56,27.7,22.8,1007.9,1014.6,.8,2.81,,,5,3,ScCi,10,4426,,,38.4,,,,
146,2025-08-17 15:00,33.6,,2.5,250,49,25.5,21.4,1007.5,1014.2,.9,2.87,,,6,3,ScCi,10,4139,,,40.6,,,,
146,2025-08-17 16:00,33.5,,2.7,270,53,27.4,22.6,1007.2,1013.9,1,2.45,,,6,2,ScCi,10,3658,,,39.7,,,,
146,2025-08-17 17:00,33,,2.7,290,54,27.1,22.4,1007.1,1013.8,.9,1.88,,,4,2,ScCi,12,3803,,,37.5,,,,
146,2025-08-17 18:00,31.3,,3.2,270,64,29.1,23.6,1007,1013.8,.9,.92,,,5,2,AcCi,35,3579,,,33.4,,,,
146,2025-08-17 19:00,29.9,,2.8,250,71,29.8,24,1007.2,1014,.4,.29,,,6,0,,,3514,,,30.3,,,,
146,2025-08-17 20:00,28.8,,2,290,74,29.1,23.6,1007.6,1014.4,0,.01,,,9,3,,,2828,,,28.8,,,,
146,2025-08-17 21:00,28.3,,1.8,270,77,29.5,23.8,1008.6,1015.5,,,,,9,0,Ci,,2539,,,28,,,,
146,2025-08-17 22:00,28.2,,1.2,250,77,29.3,23.7,1009.1,1016,,,,,10,0,,,2599,,,27.5,,,,
146,2025-08-17 23:00,27.7,,1.2,270,77,28.4,23.2,1009.2,1016.1,,,,,8,3,,11,2829,,,27.2,,,,
146,2025-08-18 00:00,27.4,,.6,250,77,28.1,23,1008.9,1015.8,,,,,7,1,ScCi,,2700,,,26.4,,,,
146,2025-08-18 01:00,26.9,,.9,230,81,28.6,23.3,1008.5,1015.4,,,,,0,0,,,2522,,,25.7,,,,
146,2025-08-18 02:00,26.4,,.7,180,85,29.1,23.6,1008.4,1015.3,,,,,4,4,,8,1823,,,25.7,,,,
146,2025-08-18 03:00,26.4,,1,140,85,29.1,23.6,1008.5,1015.4,,,,,8,8,Sc,7,1817,,,26,,,,
146,2025-08-18 04:00,26.1,,1.2,180,84,28.3,23.1,1008.9,1015.8,,,,,7,7,Sc,9,2166,,,25.9,,,,
146,2025-08-18 05:00,25.7,,1.3,110,86,28.3,23.1,1009.2,1016.1,,,,,3,0,Ci,,1965,,,25,,,,
146,2025-08-18 06:00,25.3,,1.6,140,88,28.3,23.1,1009.4,1016.3,0,0,,,4,0,Ci,,1744,,,24.6,,,,
146,2025-08-18 07:00,26,,1.9,140,86,28.8,23.4,1009.4,1016.3,.3,.16,,,3,0,Ci,,1955,,,25,,,,
146,2025-08-18 08:00,28.4,,1.3,110,76,29.3,23.7,1009.5,1016.4,1,.83,,,1,0,Ci,,2357,,,27.9,,,,
146,2025-08-18 09:00,30.1,,1.8,90,71,30.2,24.2,1009.4,1016.2,1,1.56,,,1,0,Ci,,2815,,,31,,,,
146,2025-08-18 10:00,31,,1.5,290,65,29.1,23.6,1009.4,1016.2,1,2.16,,,3,3,Sc,10,2253,,,34,,,,
146,2025-08-18 11:00,31.4,,2.6,230,64,29.3,23.7,1009.2,1016,.8,2.55,,,3,3,Sc,10,2628,,,36.9,,,,
146,2025-08-18 12:00,32.3,,2.7,270,61,29.5,23.8,1008.6,1015.4,.9,3.09,,,4,4,Sc,10,2244,,,40.4,,,,
146,2025-08-18 13:00,33.4,,2.7,270,54,27.7,22.8,1007.9,1014.6,.8,2.99,,,3,3,Sc,12,3063,,,42.3,,,,
146,2025-08-18 14:00,33.1,,3.1,270,56,28.3,23.1,1007.2,1013.9,.8,3.02,,,3,3,Sc,10,2517,,,42.6,,,,
146,2025-08-18 15:00,33.8,,3.2,270,53,27.7,22.8,1006.7,1013.4,.9,2.9,,,3,3,Sc,10,3326,,,43.2,,,,
146,2025-08-18 16:00,32.7,,2.8,250,59,29.1,23.6,1006.6,1013.3,.8,2.22,,,3,3,Sc,10,2504,,,39.6,,,,
146,2025-08-18 17:00,33.2,,3.2,270,58,29.5,23.8,1006.4,1013.1,.6,1.36,,,4,2,ScCi,10,3108,,,38.6,,,,
146,2025-08-18 18:00,31.4,,3.9,270,65,29.8,24,1006.4,1013.2,.4,.75,,,7,0,Cc,,2893,,,34.7,,,,
146,2025-08-18 19:00,29.3,,3,270,75,30.6,24.4,1006.7,1013.5,.2,.3,,,8,1,,64,2543,,,31.4,,,,
146,2025-08-18 20:00,28.8,,3.2,270,76,30,24.1,1007.7,1014.5,0,0,,,6,3,,9,3105,,,29.7,,,,
146,2025-08-18 21:00,28.3,,1.8,270,79,30.4,24.3,1008.2,1015,,,,,4,4,Sc,10,3774,,,28.9,,,,
146,2025-08-18 22:00,28,,1.2,200,80,30.2,24.2,1007.9,1014.8,,,,,9,5,,9,3822,,,28.2,,,,
146,2025-08-18 23:00,27.8,,1.8,230,79,29.5,23.8,1007.7,1014.6,,,,,8,6,,7,4900,,,27.5,,,,
146,2025-08-19 00:00,27.9,,2.2,250,79,29.7,23.9,1007.9,1014.7,,,,,7,7,Sc,10,4950,,,27.2,,,,
146,2025-08-19 01:00,27.7,,2.1,230,79,29.3,23.7,1007.1,1014,,,,,6,3,,60,4960,,,26.5,,,,
146,2025-08-19 02:00,27.2,,1.2,180,82,29.5,23.8,1006.7,1013.6,,,,,2,2,,71,4131,,,26.1,,,,
146,2025-08-19 03:00,26.4,,1.3,140,85,29.1,23.6,1006.6,1013.5,,,,,3,0,Ci,,3505,,,25.7,,,,
146,2025-08-19 04:00,26.2,,1.2,110,85,28.8,23.4,1006.5,1013.4,,,,,0,0,,,3699,,,25.4,,,,
146,2025-08-19 05:00,25.7,,1.7,140,87,28.6,23.3,1006.6,1013.5,,,,,6,6,Ac,35,3302,,,25.1,,,,
146,2025-08-19 06:00,25.5,,1.5,140,87,28.3,23.1,1006.8,1013.7,0,0,,,3,2,ScCi,10,4126,,,24.9,,,,
146,2025-08-19 07:00,27,,1.3,110,82,29.1,23.6,1006.9,1013.8,.6,.22,,,5,5,Sc,10,3998,,,25.9,,,,
146,2025-08-19 08:00,28.8,,1.7,140,78,30.7,24.5,1006.8,1013.6,.8,.75,,,0,0,,,3233,,,28.2,,,,
146,2025-08-19 09:00,30.3,,1.7,180,70,30.2,24.2,1006.9,1013.7,1,1.52,,,2,1,ScCi,10,3857,,,31.5,,,,
146,2025-08-19 10:00,30.6,,1.9,230,68,29.8,24,1006.9,1013.7,.8,2.06,,,8,8,Sc,10,3567,,,34.1,,,,
146,2025-08-19 11:00,31.7,,3,250,64,29.8,24,1006.6,1013.4,.7,2.31,,,7,7,CuSc,8,4093,,,38.5,,,,
146,2025-08-19 12:00,32.2,,3.2,230,60,28.8,23.4,1006.1,1012.8,.7,2.5,,,5,5,Sc,15,3861,,,39.7,,,,
146,2025-08-19 13:00,32.2,,3.8,270,61,29.3,23.7,1005.5,1012.2,.7,2.57,,,5,5,Sc,12,3573,,,39.9,,,,
146,2025-08-19 14:00,33.1,,3.5,250,58,29.3,23.7,1004.8,1011.5,.6,2.25,,,4,4,Sc,13,3659,,,42.2,,,,
146,2025-08-19 15:00,33.6,,3.5,250,51,26.4,22,1004.4,1011.1,.9,2.87,,,5,5,CuSc,7,4218,,,43.2,,,,
146,2025-08-19 16:00,32.3,,4.2,290,62,29.8,24,1004,1010.7,.5,1.65,,,8,8,CuSc,11,4171,,,39.1,,,,
146,2025-08-19 17:00,32.2,,4.5,270,61,29.3,23.7,1003.9,1010.6,.8,1.82,,,7,7,Sc,13,4696,,,38.6,,,,
146,2025-08-19 18:00,31.3,,3,270,67,30.6,24.4,1004,1010.8,.6,.92,,,5,5,CuSc,9,4657,,,35.1,,,,
146,2025-08-19 19:00,29.7,,2.9,270,70,29.1,23.6,1004.2,1011,.6,.39,,,7,1,,11,4926,,,32.2,,,,
146,2025-08-19 20:00,28.7,,1.7,290,75,29.5,23.8,1004.5,1011.3,0,.02,,,5,1,,17,4983,,,30,,,,
146,2025-08-19 21:00,28.4,,1.5,230,77,29.7,23.9,1005.1,1011.9,,,,,2,2,Sc,12,4865,,,28.8,,,,
146,2025-08-19 22:00,27.7,,1,200,81,30,24.1,1004.9,1011.7,,,,,2,2,,12,4869,,,27.9,,,,
146,2025-08-19 23:00,27.2,,1.3,140,84,30.2,24.2,1004.9,1011.8,,,,,3,0,,,4929,,,27.2,,,,
146,2025-08-20 00:00,26.9,,1.1,110,85,30,24.1,1004.9,1011.7,,,,,2,2,Sc,16,4725,,,26.7,,,,
146,2025-08-20 01:00,26.7,,1.3,140,85,29.7,23.9,1004.9,1011.8,,,,,6,2,,19,4750,,,26.7,,,,
146,2025-08-20 02:00,26.2,,1.7,140,85,28.8,23.4,1004.6,1011.5,,,,,1,1,,22,4598,,,26,,,,
146,2025-08-20 03:00,26,,.4,0,87,29.1,23.6,1004.2,1011.1,,,,,0,0,,,4605,,,25.5,,,,
146,2025-08-20 04:00,25.4,,1.6,110,88,28.4,23.2,1004,1010.9,,,,,0,0,,,4197,,,25.1,,,,
146,2025-08-20 05:00,25.3,,1.2,140,88,28.3,23.1,1004.5,1011.4,,,,,0,0,,,4229,,,24.8,,,,
146,2025-08-20 06:00,25.1,,1.7,110,88,27.9,22.9,1005,1011.9,0,0,,,0,0,,,3513,,,24.6,,,,
146,2025-08-20 07:00,26.1,,2,140,85,28.6,23.3,1004.7,1011.6,.5,.18,,,4,4,Sc,7,3253,,,25.6,,,,
146,2025-08-20 08:00,28.4,,1.9,140,78,30,24.1,1004.4,1011.2,1,.79,,,0,0,,,2942,,,28,,,,
146,2025-08-20 09:00,30.4,,1.6,140,71,30.7,24.5,1004.3,1011.1,1,1.47,,,0,0,,,2882,,,31.5,,,,
146,2025-08-20 10:00,31.3,,1.8,200,66,30,24.1,1003.8,1010.5,.9,2.07,,,4,4,Sc,10,3063,,,35.7,,,,
146,2025-08-20 11:00,32.2,,1.8,180,60,28.8,23.4,1003.6,1010.3,.9,2.57,,,4,4,Sc,9,2614,,,40,,,,
146,2025-08-20 12:00,32.8,,2.2,250,58,28.8,23.4,1003.4,1010.1,.7,2.65,,,5,5,Sc,13,2758,,,42.3,,,,
146,2025-08-20 13:00,33.6,,2.4,270,56,29.1,23.6,1003,1009.7,.9,3.17,,,5,5,Cu,8,2459,,,45.2,,,,
146,2025-08-20 14:00,33.2,,3.6,270,55,27.9,22.9,1002.7,1009.4,.7,2.73,,,4,4,Cu,9,2615,,,43.5,,,,
146,2025-08-20 15:00,33.4,,2.4,270,56,28.8,23.4,1002,1008.7,.7,2.38,,,4,4,CuSc,8,2372,,,41.9,,,,
146,2025-08-20 16:00,33.8,,3.1,270,58,30.4,24.3,1001.7,1008.4,.7,2.03,,,5,5,Sc,14,2233,,,42.4,,,,
146,2025-08-20 17:00,33.2,,3.5,270,60,30.4,24.3,1001.1,1007.8,.9,1.74,,,5,5,Sc,13,2353,,,40.2,,,,
146,2025-08-20 18:00,31.3,,4.3,290,66,30,24.1,1001.8,1008.5,.8,1,,,5,5,Sc,12,2171,,,36.3,,,,
146,2025-08-20 19:00,30.1,,3.7,270,69,29.3,23.7,1002.4,1009.2,.3,.25,,,6,6,,10,2575,,,33,,,,
146,2025-08-20 20:00,28.8,0,2.2,250,77,30.4,24.3,1003.2,1010,0,.01,,,10,5,ScAs,9,2398,,04,31.2,,,,
146,2025-08-20 21:00,28.8,,1.4,250,77,30.4,24.3,1004.2,1011,,,,,10,4,ScAs,7,2170,,,30.4,,,,
146,2025-08-20 22:00,28.6,,1.6,290,78,30.4,24.3,1004.7,1011.5,,,,,7,6,,6,2287,,,29.6,,,,
146,2025-08-20 23:00,28.2,,.9,140,82,31.3,24.8,1004.4,1011.2,,,,,6,3,,6,1895,,,28.7,,,,
146,2025-08-21 00:00,27.6,,1.3,110,85,31.3,24.8,1004.2,1011,,,,,7,3,,,1588,,,28,,,,
146,2025-08-21 01:00,27,,.6,50,86,30.6,24.4,1004.3,1011.2,,,,,7,1,,,1623,,,27.4,,,,
146,2025-08-21 02:00,26.9,.1,.9,160,87,30.7,24.5,1004.7,1011.6,,,,,7,7,CuSc,8,1221,,04,27.5,,,,
146,2025-08-21 03:00,26.5,,1.2,160,88,30.4,24.3,1004.9,1011.8,,,,,3,3,Sc,17,1307,,,26.6,,,,
146,2025-08-21 04:00,26.5,,1.7,140,88,30.4,24.3,1004.5,1011.4,,,,,3,3,Sc,16,1300,,,26.5,,,,
146,2025-08-21 05:00,26.3,,.7,110,88,30,24.1,1004.5,1011.4,,,,,5,5,Sc,8,1669,,,26.1,,,,
146,2025-08-21 06:00,26.2,,1.1,160,89,30.2,24.2,1004.7,1011.6,0,0,,,9,6,ScAc,14,1400,,,26.4,,,,
146,2025-08-21 07:00,27.1,,0,0,86,30.7,24.5,1004.8,1011.7,.1,.2,,,5,3,ScAc,16,1840,,,27.2,,,,
146,2025-08-21 08:00,29.3,,.3,0,80,32.4,25.4,1004.8,1011.6,.7,.85,,,7,4,ScAc,10,1993,,,29,,,,
146,2025-08-21 09:00,30.1,,1.7,20,75,31.9,25.1,1004.8,1011.6,.5,1.14,,,4,3,ScCi,6,2150,,,32.4,,,,
146,2025-08-21 10:00,29.8,,1.6,320,75,31.3,24.8,1004.8,1011.6,.7,1.74,,,5,5,Sc,10,2461,,,32.5,,,,
146,2025-08-21 11:00,31.1,,.9,70,69,31.1,24.7,1004.8,1011.6,.4,1.41,,,5,5,CuSc,5,2522,,,34.2,,,,
146,2025-08-21 12:00,33,,1.8,320,62,31.1,24.7,1004.2,1010.9,.7,2.67,,,5,5,Sc,10,2731,,,42,,,,
146,2025-08-21 13:00,33.7,,2.7,320,60,31.3,24.8,1003.5,1010.2,1,3.52,,,5,5,Sc,11,2705,,,45.6,,,,
146,2025-08-21 14:00,33.5,,2.5,290,57,29.5,23.8,1002.9,1009.6,.5,2.12,,,3,3,Sc,11,3025,,,43.2,,,,
146,2025-08-21 15:00,34.2,,3.5,270,54,28.9,23.5,1002.5,1009.2,.9,2.72,,,4,4,Sc,12,3165,,,45,,,,
146,2025-08-21 16:00,34.8,,2.5,290,54,30,24.1,1002.3,1009,.9,2.45,,,3,3,Sc,12,3645,,,44.6,,,,
146,2025-08-21 17:00,33.7,,3.5,270,61,31.9,25.1,1002.1,1008.8,1,1.89,,,4,4,CuSc,7,2933,,,41.5,,,,
146,2025-08-21 18:00,32.3,,3.6,270,64,30.9,24.6,1002.3,1009,1,1.03,,,2,2,Sc,10,3551,,,37.1,,,,
146,2025-08-21 19:00,30.4,,2.9,270,70,30.4,24.3,1002.5,1009.3,.7,.35,,,3,0,,,3257,,,33.3,,,,
146,2025-08-21 20:00,29,,2.6,290,76,30.4,24.3,1002.7,1009.5,0,.01,,,2,2,,10,4054,,,31,,,,
146,2025-08-21 21:00,28.4,,1.1,270,79,30.4,24.3,1003.2,1010,,,,,2,2,Sc,10,3549,,,29.8,,,,
146,2025-08-21 22:00,28.3,,.6,250,80,30.7,24.5,1003.4,1010.2,,,,,3,0,,,3972,,,28.9,,,,
146,2025-08-21 23:00,28.1,,1.7,230,81,30.7,24.5,1003.5,1010.3,,,,,3,0,,,3947,,,28.2,,,,
146,2025-08-22 00:00,27.6,,.4,0,82,30.2,24.2,1003.4,1010.2,,,,,6,0,Ci,,3462,,,27.7,,,,
146,2025-08-22 01:00,27.2,,.2,0,84,30.2,24.2,1003.8,1010.6,,,,,6,0,,,3464,,,27.3,,,,
146,2025-08-22 02:00,26.5,,.8,70,86,29.7,23.9,1003.7,1010.6,,,,,6,0,,,2647,,,26.9,,,,
146,2025-08-22 03:00,26.6,,0,0,86,29.8,24,1003.5,1010.4,,,,,3,2,ScAc,10,3177,,,26.6,,,,
146,2025-08-22 04:00,26.7,,.2,0,85,29.7,23.9,1003.5,1010.4,,,,,7,7,Sc,10,3177,,,27,,,,
146,2025-08-22 05:00,26.6,,1.2,110,85,29.5,23.8,1003.4,1010.3,,,,,7,7,Sc,6,1834,,,27,,,,
146,2025-08-22 06:00,26.4,,.7,160,85,29.1,23.6,1003.7,1010.6,0,0,,,4,4,Sc,10,2859,,,26.6,,,,
146,2025-08-22 07:00,26.8,,1.3,110,85,29.8,24,1003.7,1010.6,0,.12,,,3,3,Sc,10,2499,,,26.9,,,,
146,2025-08-22 08:00,28.4,,1.2,160,80,30.9,24.6,1003.4,1010.2,1,.71,,,2,2,Sc,10,2795,,,29,,,,
146,2025-08-22 09:00,30.7,,.4,0,73,32.1,25.2,1003.2,1010,1,1.44,,,3,3,Sc,10,2167,,,32.7,,,,
146,2025-08-22 10:00,31.9,,1.1,20,63,29.7,23.9,1003.1,1009.8,1,2.19,,,2,2,Sc,10,2844,,,37.4,,,,
146,2025-08-22 11:00,32.5,,1.7,270,60,29.3,23.7,1003.1,1009.8,1,2.76,,,4,4,Sc,10,2794,,,41.8,,,,
146,2025-08-22 12:00,32.4,,2.3,290,63,30.6,24.4,1002.9,1009.6,.5,1.94,,,4,4,Sc,10,3387,,,40.1,,,,
146,2025-08-22 13:00,32.6,,2.9,270,62,30.4,24.3,1002.6,1009.3,.6,2.65,,,5,5,Sc,10,4009,,,42.2,,,,
146,2025-08-22 14:00,33.9,,2.9,290,59,31.1,24.7,1002.1,1008.8,.8,2.78,,,3,3,Sc,10,3922,,,45.2,,,,
146,2025-08-22 15:00,33.5,,4.1,290,60,30.9,24.6,1001.7,1008.4,1,2.94,,,4,4,Sc,10,3746,,,45.5,,,,
146,2025-08-22 16:00,33.4,,4.1,270,58,29.8,24,1001.6,1008.3,1,2.45,,,4,1,ScCi,10,3905,,,43.6,,,,
146,2025-08-22 17:00,31.7,,3.8,290,59,27.4,22.6,1001.8,1008.5,.9,1.79,,,5,2,ScCi,11,3869,,,40,,,,
146,2025-08-22 18:00,31.9,,2.3,270,58,27.4,22.6,1001.9,1008.6,1,1.13,,,6,0,Ci,,4476,,,36.8,,,,
146,2025-08-22 19:00,30.1,,2.7,270,60,25.5,21.4,1002.2,1009,.8,.41,,,4,0,,,4933,,,32.9,,,,
146,2025-08-22 20:00,29,,1.9,270,65,26,21.7,1003,1009.8,0,.01,,,4,0,,,4768,,,30.5,,,,
146,2025-08-22 21:00,28.4,,1.4,270,72,27.7,22.8,1003.4,1010.2,,,,,3,0,Ci,,4956,,,29.2,,,,
146,2025-08-22 22:00,27.9,,.7,250,76,28.4,23.2,1003.7,1010.5,,,,,0,0,,,4805,,,28.3,,,,
146,2025-08-22 23:00,27.3,,1.4,140,78,28.3,23.1,1003.7,1010.5,,,,,0,0,,,4296,,,27.5,,,,
146,2025-08-23 00:00,26.6,,.4,0,80,27.7,22.8,1003.8,1010.6,,,,,2,0,,,4734,,,26.8,,,,
146,2025-08-23 01:00,26.3,,1,160,82,27.9,22.9,1003.9,1010.8,,,,,3,0,,,4743,,,26.2,,,,
146,2025-08-23 02:00,25.8,,.9,110,84,27.7,22.8,1003.9,1010.8,,,,,4,0,,,4539,,,25.8,,,,
146,2025-08-23 03:00,25.2,,1.5,110,85,27.1,22.4,1003.8,1010.7,,,,,0,0,,,4540,,,25.2,,,,
146,2025-08-23 04:00,24.8,,1.5,110,86,26.8,22.2,1003.9,1010.8,,,,,1,0,Ci,,4401,,,24.8,,,,
146,2025-08-23 05:00,24.4,,1.7,140,87,26.4,22,1003.9,1010.8,,,,,0,0,,,2100,,,24.5,,,,
146,2025-08-23 06:00,24.3,,1.6,110,88,26.6,22.1,1004.3,1011.2,0,0,,,0,0,,,1005,,,24.2,,,,
146,2025-08-23 07:00,25.8,,1.7,140,82,27.1,22.4,1004.7,1011.6,.7,.19,,,0,0,,,1109,,,24.8,,,,
146,2025-08-23 08:00,27.9,,2,140,75,28.1,23,1004.9,1011.7,1,.82,,,0,0,,,2800,,,27.7,,,,
146,2025-08-23 09:00,30,,1.4,140,66,27.9,22.9,1004.9,1011.7,1,1.53,,,0,0,,,1246,,,32.2,,,,
146,2025-08-23 10:00,30.3,,1.2,270,67,28.8,23.4,1005,1011.8,.7,1.73,,,3,3,Sc,9,4151,,,33.3,,,,
146,2025-08-23 11:00,32.2,,2,250,58,27.7,22.8,1004.6,1011.3,.9,2.78,,,4,4,Sc,10,4514,,,41.3,,,,
146,2025-08-23 12:00,33.2,,1.4,270,56,28.4,23.2,1004,1010.7,1,3.26,,,3,3,Sc,10,3614,,,43.9,,,,
146,2025-08-23 13:00,34.7,,1.3,270,54,29.8,24,1003.5,1010.2,.8,2.89,,,2,2,Sc,10,4747,,,47.2,,,,
146,2025-08-23 14:00,32.8,,3,340,57,28.3,23.1,1003.5,1010.2,.5,2.13,,,4,4,Sc,13,4697,,,41.9,,,,
146,2025-08-23 15:00,34.5,,3.1,250,49,26.8,22.2,1003.1,1009.8,.7,2.42,,,2,2,Sc,14,4503,,,45.6,,,,
146,2025-08-23 16:00,33.1,,2.7,290,55,27.7,22.8,1003,1009.7,.7,1.97,,,5,5,Sc,16,4477,,,40.8,,,,
146,2025-08-23 17:00,33.5,,3.7,290,58,29.8,24,1002.9,1009.6,.5,1.21,,,4,2,ScCi,12,4606,,,40.6,,,,
146,2025-08-23 18:00,32.3,,3.5,270,64,30.9,24.6,1003,1009.7,1,1.12,,,5,1,ScCi,10,3673,,,37.1,,,,
146,2025-08-23 19:00,30.6,,2.4,270,70,30.6,24.4,1003.8,1010.6,.7,.37,,,2,0,,,4268,,,33.3,,,,
146,2025-08-23 20:00,29.6,,2.3,270,71,29.3,23.7,1004.3,1011.1,0,.01,,,0,0,,,4491,,,31.1,,,,
146,2025-08-23 21:00,29,,.9,270,74,29.5,23.8,1005,1011.8,,,,,5,5,Sc,11,4357,,,25,,,,
146,2025-08-23 22:00,28.7,,2,230,76,29.8,24,1005.1,1011.9,,,,,5,0,,,4145,,,29,,,,
146,2025-08-23 23:00,28.3,,1,250,77,29.5,23.8,1005.4,1012.2,,,,,2,0,,,4309,,,28.4,,,,
146,2025-08-24 00:00,28.1,,1,200,79,30,24.1,1005.6,1012.4,,,,,0,0,,,3757,,,27.9,,,,
146,2025-08-24 01:00,27.4,,1.3,110,83,30.2,24.2,1005.1,1012,,,,,0,0,,,3849,,,27.3,,,,
146,2025-08-24 02:00,26.7,,1.5,140,84,29.3,23.7,1005,1011.9,,,,,0,0,,,3290,,,26.9,,,,
146,2025-08-24 03:00,26.7,,1,110,85,29.7,23.9,1005.2,1012.1,,,,,0,0,,,3750,,,26.6,,,,
146,2025-08-24 04:00,26.5,,.8,140,84,28.9,23.5,1005.4,1012.3,,,,,5,5,Sc,10,3573,,,26.6,,,,
146,2025-08-24 05:00,26.4,,.3,0,84,28.8,23.4,1005.6,1012.5,,,,,4,4,Sc,10,3657,,,26.4,,,,
146,2025-08-24 06:00,26.2,,1.5,110,86,29.1,23.6,1005.7,1012.6,0,0,,,4,2,ScAc,10,3215,,,26.2,,,,
146,2025-08-24 07:00,26.9,,1.5,110,84,29.7,23.9,1006.2,1013.1,.2,.13,,,0,0,,,3094,,,26.4,,,,
146,2025-08-24 08:00,28.8,,2,140,77,30.4,24.3,1006.5,1013.3,1,.69,,,4,0,Ci,,3443,,,28.6,,,,
146,2025-08-24 09:00,31,,.7,70,69,30.9,24.6,1006.5,1013.3,1,1.43,,,3,1,ScCi,10,3037,,,33.1,,,,
146,2025-08-24 10:00,31.4,,2.9,250,62,28.4,23.2,1006.3,1013.1,1,2.23,,,4,2,ScCi,10,4049,,,37.8,,,,
146,2025-08-24 11:00,32.9,,1.6,270,58,28.9,23.5,1006,1012.7,1,2.83,,,5,3,ScCi,10,3918,,,42.4,,,,
146,2025-08-24 12:00,33.2,,1.4,270,53,26.9,22.3,1005.5,1012.2,.8,2.6,,,6,4,ScCi,10,4747,,,43,,,,
146,2025-08-24 13:00,35.2,,2.1,180,45,25.5,21.4,1005,1011.7,.9,3.43,,,4,4,Sc,10,4419,,,48.8,,,,
146,2025-08-24 14:00,35.2,,2.5,230,47,26.6,22.1,1004.5,1011.2,.9,3.09,,,6,4,ScCi,18,4731,,,49.4,,,,
146,2025-08-24 15:00,35.6,,2.3,270,48,27.7,22.8,1003.9,1010.6,.7,2.49,,,7,5,ScCi,15,4468,,,47.3,,,,
146,2025-08-24 16:00,35.2,,3.1,250,48,27.2,22.5,1003.6,1010.3,1,2.51,,,6,6,Sc,16,4261,,,45.8,,,,
146,2025-08-24 17:00,33.4,,3.8,270,64,32.8,25.6,1003.6,1010.3,.5,1.29,,,5,5,Sc,16,4496,,,41,,,,
146,2025-08-24 18:00,32,,4.5,270,67,31.7,25,1004.1,1010.8,.8,1.01,,,8,4,ScAs,10,3654,,,38,,,,
146,2025-08-24 19:00,30.7,,2.2,320,75,33,25.7,1004.3,1011.1,.3,.33,,,5,3,,10,3214,,,34.8,,,,
146,2025-08-24 20:00,29,2,2.2,270,81,32.4,25.4,1004.7,1011.5,0,0,,,6,6,CuSc,7,2854,,04,30.7,,,,
146,2025-08-24 21:00,29,,.1,0,81,32.4,25.4,1005.2,1012,,,,,3,3,Sc,8,3132,,,30,,,,
146,2025-08-24 22:00,28.7,,.9,270,82,32.2,25.3,1005.3,1012.1,,,,,1,1,,6,3308,,,29.1,,,,
146,2025-08-24 23:00,28.4,,1,70,86,33.2,25.8,1005.4,1012.2,,,,,2,2,,6,2680,,,28.9,,,,
146,2025-08-25 00:00,28.2,,1.1,110,84,32.1,25.2,1005.5,1012.3,,,,,4,4,Sc,8,3627,,,28.1,,,,
146,2025-08-25 01:00,27.6,,1,110,85,31.3,24.8,1005.3,1012.1,,,,,3,1,,20,3616,,,27.5,,,,
146,2025-08-25 02:00,27.3,,1.2,140,86,31.1,24.7,1005.1,1012,,,,,0,0,,,3573,,,27,,,,
146,2025-08-25 03:00,27.2,,1,110,87,31.3,24.8,1005.1,1012,,,,,0,0,,,3397,,,26.6,,,,
146,2025-08-25 04:00,26.9,,.8,140,88,31.1,24.7,1005,1011.9,,,,,0,0,,,3193,,,26.3,,,,
146,2025-08-25 05:00,26.6,,.8,160,88,30.6,24.4,1005,1011.9,,,,,0,0,,,3091,,,25.9,,,,
146,2025-08-25 06:00,26.5,,.5,140,87,30,24.1,1005.4,1012.3,0,0,,,0,0,,,3410,,,25.7,,,,
146,2025-08-25 07:00,27.6,,1.7,110,84,30.9,24.6,1005.9,1012.8,.5,.17,,,3,3,Sc,15,4406,,,26.3,,,,
146,2025-08-25 08:00,28.6,,1.9,140,78,30.4,24.3,1005.9,1012.7,.6,.61,,,3,3,Sc,10,4627,,,28.2,,,,
146,2025-08-25 09:00,30.9,,2.1,140,71,31.7,25,1005.7,1012.5,.9,1.36,,,2,1,ScCi,10,4133,,,31.8,,,,
146,2025-08-25 10:00,31.2,,2.3,200,69,31.3,24.8,1005.8,1012.6,.8,1.83,,,5,5,Sc,10,4265,,,34,,,,
146,2025-08-25 11:00,31.8,,2.6,270,67,31.5,24.9,1005.5,1012.3,.4,1.62,,,8,8,Sc,10,3940,,,34.5,,,,
146,2025-08-25 12:00,32.8,,3.1,230,60,29.8,24,1004.7,1011.4,.6,2.15,,,3,3,Sc,10,4704,,,38,,,,
146,2025-08-25 13:00,33.6,,3.4,250,58,30,24.1,1004.2,1010.9,.7,2.75,,,7,7,Sc,10,4967,,,41.3,,,,
146,2025-08-25 14:00,34.7,,3.8,250,52,28.6,23.3,1003.4,1010.1,.7,2.59,,,5,5,Sc,10,4514,,,43.9,,,,
146,2025-08-25 15:00,34.8,,2.8,230,53,29.5,23.8,1002.9,1009.6,.8,2.11,,,6,3,CuCi,10,4362,,,43,,,,
146,2025-08-25 16:00,33.8,,5.4,230,50,26.3,21.9,1002.4,1009.1,.7,1.88,,,7,6,CuCi,10,4727,,,39.6,,,,
146,2025-08-25 17:00,34.2,,3.8,250,52,27.9,22.9,1002.1,1008.8,.6,1.29,,,4,4,Cu,10,4590,,,39.3,,,,
146,2025-08-25 18:00,32.5,,4.4,250,62,30.2,24.2,1001.9,1008.6,1,1.06,,,1,1,Cu,10,4419,,,35.8,,,,
146,2025-08-25 19:00,30.9,,3.1,250,71,31.7,25,1002.2,1008.9,.6,.25,,,3,0,,,4219,,,32.6,,,,
146,2025-08-25 20:00,30.3,,2.7,230,71,30.6,24.4,1002.6,1009.4,0,.01,,,3,2,,22,4520,,,30.6,,,,
146,2025-08-25 21:00,29.7,,1.9,230,70,29.1,23.6,1003.2,1010,,,,,3,1,ScCi,13,4600,,,29.5,,,,
146,2025-08-25 22:00,29,,2,250,74,29.5,23.8,1003.3,1010.1,,,,,4,1,,10,4200,,,28.8,,,,
146,2025-08-25 23:00,28.4,,1.4,270,75,28.9,23.5,1003.1,1009.9,,,,,5,0,,,4000,,,28.6,,,,
146,2025-08-26 00:00,28.7,,2.4,160,75,29.5,23.8,1003,1009.8,,,,,8,1,ScAc,,1602,,,28.4,,,,
146,2025-08-26 01:00,28.6,,1.7,160,73,28.4,23.2,1003,1009.8,,,,,6,6,,9,3704,,,28.1,,,,
146,2025-08-26 02:00,28.4,,2.4,160,75,28.9,23.5,1002.6,1009.4,,,,,6,6,,9,2369,,,28,,,,
146,2025-08-26 03:00,28.2,,1.5,180,76,28.9,23.5,1002.5,1009.3,,,,,5,5,Sc,9,2013,,,27.6,,,,
146,2025-08-26 04:00,28.1,,1.8,200,78,29.5,23.8,1002.2,1009,,,,,5,5,Sc,9,3167,,,27.4,,,,
146,2025-08-26 05:00,28.4,,2.6,180,77,29.7,23.9,1002.4,1009.2,,,,,5,5,Sc,10,4684,,,27.2,,,,
146,2025-08-26 06:00,23.9,11.2,3.5,230,93,27.4,22.6,1003.3,1010.2,0,0,,,10,2,StNs,2,978,,01,25.6,,,,
146,2025-08-26 07:00,24.2,9,1.5,90,94,28.3,23.1,1003.8,1010.7,0,.01,,,10,4,StNs,5,220,,01,25.3,,,,
146,2025-08-26 08:00,23.8,27.1,2.9,140,95,27.9,22.9,1004.2,1011.1,0,.05,,,10,5,StNs,5,140,,01,25,,,,
146,2025-08-26 09:00,23.7,20.3,2.4,180,95,27.7,22.8,1004.3,1011.2,0,.09,,,10,6,StNs,8,950,,01,25.2,,,,
146,2025-08-26 10:00,24,1.7,1.5,200,93,27.7,22.8,1004.3,1011.2,0,.13,,,10,5,StNs,8,1820,,01,25.6,,,,
146,2025-08-26 11:00,24.4,.3,1.2,160,92,28.1,23,1004.4,1011.3,0,.13,,,10,5,StNs,8,3804,,01,26,,,,
146,2025-08-26 12:00,24.3,.1,1.3,160,91,27.6,22.7,1003.8,1010.7,0,.32,,,10,6,ScAs,10,4514,,01,26.7,,,,
146,2025-08-26 13:00,24,0,2.6,180,91,27.1,22.4,1003.2,1010.1,0,.18,,,10,7,ScAs,10,4928,,01,26.1,,,,
146,2025-08-26 14:00,26,,2.4,140,85,28.4,23.2,1002.7,1009.6,0,.81,,,10,3,ScAs,10,4798,,,28.9,,,,
146,2025-08-26 15:00,27.1,,1.8,180,80,28.6,23.3,1002.5,1009.3,.3,1.6,,,10,9,ScAs,10,4861,,,30.4,,,,
146,2025-08-26 16:00,27.8,,1.2,250,79,29.5,23.8,1002.6,1009.4,0,.82,,,10,6,ScAs,10,4690,,,30.3,,,,
146,2025-08-26 17:00,28.4,,1.8,230,78,30,24.1,1002.4,1009.2,.2,1.08,,,10,9,ScAs,10,3964,,,30.6,,,,
146,2025-08-26 18:00,28,,1.6,250,83,31.3,24.8,1002.4,1009.2,0,.29,,,9,9,Sc,10,4132,,,29.2,,,,
146,2025-08-26 19:00,27.6,,2.7,230,86,31.7,25,1002.6,1009.4,0,.17,,,4,4,,4,3235,,,27.8,,,,
146,2025-08-26 20:00,27.1,,1.9,250,89,31.9,25.1,1003.3,1010.1,0,0,,,7,6,,12,2465,,,27,,,,
146,2025-08-26 21:00,27,,1.7,250,90,32.1,25.2,1003.8,1010.7,,,,,6,3,ScCi,5,2126,,,26.8,,,,
146,2025-08-26 22:00,26.6,,2,250,91,31.7,25,1004.1,1011,,,,,3,2,,6,1918,,,26.3,,,,
146,2025-08-26 23:00,26.4,,.3,0,91,31.3,24.8,1004.3,1011.2,,,,,9,3,,3,1885,,,26.3,,,,
146,2025-08-27 00:00,26.2,,.3,0,92,31.1,24.7,1004.4,1011.3,,,,,7,5,,,1645,,,26.3,,,,
146,2025-08-27 01:00,25.9,,.3,0,92,30.6,24.4,1004.1,1011,,,,,5,5,,2,1212,,19,26.2,,,,
146,2025-08-27 02:00,25.6,,0,0,92,30,24.1,1003.7,1010.6,,,,,2,2,,2,1221,,,25.8,,,,
146,2025-08-27 03:00,25,,.3,0,93,29.3,23.7,1003.8,1010.7,,,,,5,5,Sc,10,1159,,,25,,,,
146,2025-08-27 04:00,24.7,,.9,140,93,28.8,23.4,1003.8,1010.7,,,,,7,7,Sc,10,1935,,,24.9,,,,
146,2025-08-27 05:00,24.6,,.6,110,94,28.9,23.5,1003.9,1010.8,,,,,8,8,St,2,1485,,,24.9,,,,
146,2025-08-27 06:00,24.4,,.6,110,94,28.6,23.3,1004.1,1011,0,0,,,7,4,StAs,1,899,,19,25.2,,,,
146,2025-08-27 07:00,24.6,,.9,110,93,28.6,23.3,1004.7,1011.6,0,.09,,,7,7,Sc,10,1021,,19,25.9,,,,
146,2025-08-27 08:00,25.9,,1.1,110,88,29.3,23.7,1004.8,1011.7,.2,.57,,,4,4,Sc,10,1508,,,27.2,,,,
146,2025-08-27 09:00,27.5,,.8,140,81,29.7,23.9,1005.2,1012,.9,1.51,,,4,4,Sc,10,2529,,,30.1,,,,
146,2025-08-27 10:00,28.8,,1.7,200,75,29.7,23.9,1005.3,1012.1,1,2.46,,,4,4,Sc,10,2298,,,33.2,,,,
146,2025-08-27 11:00,28.7,,2.2,270,68,26.8,22.2,1005.1,1011.9,.7,2.14,,,5,5,Sc,10,4148,,,32.5,,,,
146,2025-08-27 12:00,30.2,,1.7,290,67,28.6,23.3,1004.9,1011.7,.4,2.04,,,7,6,ScCi,10,3356,,,34.4,,,,
146,2025-08-27 13:00,31.6,,2.4,270,58,26.9,22.3,1004.4,1011.1,.9,3.33,,,6,5,ScCi,10,3802,,,38,,,,
146,2025-08-27 14:00,31.1,,2.2,270,59,26.6,22.1,1004.3,1011.1,.9,2.29,,,6,4,ScAcCi,10,3290,,,35.5,,,,
146,2025-08-27 15:00,31.8,,2.3,250,63,29.5,23.8,1004,1010.7,1,2.6,,,7,1,ScCi,10,3928,,,36.2,,,,
146,2025-08-27 16:00,31.8,,2.9,270,54,25.3,21.3,1003.9,1010.6,1,2.19,,,5,0,Ci,,4102,,,34.5,,,,
146,2025-08-27 17:00,31.1,,2.8,270,49,22.1,19.1,1004.2,1011,1,1.56,,,5,0,Cs,,4703,,,31.5,,,,
146,2025-08-27 18:00,30.1,,1.9,270,54,22.9,19.7,1004.2,1011,.7,.61,,,8,0,Cs,,3945,,,29.3,,,,
146,2025-08-27 19:00,28,,2.2,250,72,27.1,22.4,1004.5,1011.3,.1,.16,,,8,0,,,2573,,,27.3,,,,
146,2025-08-27 20:00,27.2,,1.1,290,74,26.6,22.1,1005.4,1012.3,0,0,,,8,0,,,2479,,,26.6,,,,
146,2025-08-27 21:00,26.5,,.3,0,77,26.6,22.1,1006,1012.9,,,,,3,0,Ci,,2399,,,26,,,,
146,2025-08-27 22:00,26.2,,1,230,79,26.8,22.2,1006.4,1013.3,,,,,6,0,,,2476,,,25.5,,,,
146,2025-08-27 23:00,25.6,,.5,140,82,26.8,22.2,1006.7,1013.6,,,,,6,0,,,3197,,,25.1,,,,
146,2025-08-28 00:00,24.9,,1.8,140,85,26.6,22.1,1006.5,1013.4,,,,,4,0,Ci,,2830,,,24.7,,,,
146,2025-08-28 01:00,24.5,,2.1,140,85,26.1,21.8,1006.2,1013.1,,,,,7,1,,,2963,,,24.4,,,,
146,2025-08-28 02:00,24.2,,1.6,110,86,26,21.7,1006.1,1013,,,,,7,0,,,2801,,,24.1,,,,
146,2025-08-28 03:00,24.3,,1.2,110,86,26.1,21.8,1005.9,1012.8,,,,,5,5,Sc,11,2787,,,24.3,,,,
146,2025-08-28 04:00,24.9,,1.2,140,85,26.6,22.1,1005.7,1012.6,,,,,8,4,ScCi,10,2923,,,24.5,,,,
146,2025-08-28 05:00,25,,1.7,140,85,26.8,22.2,1006.1,1013,,,,,5,5,Sc,10,2704,,,24.5,,,,
146,2025-08-28 06:00,24.6,,.8,140,86,26.4,22,1006.2,1013.1,,,,,5,4,ScCc,13,2209,,,24.1,,,,
146,2025-08-28 07:00,25.4,,1.3,140,84,27.1,22.4,1006.9,1013.8,.1,.1,,,7,0,Cc,,1932,,,24.7,,,,
146,2025-08-28 08:00,26.4,,1,140,83,28.4,23.2,1006.8,1013.7,0,.45,,,8,0,Cc,,1595,,,26.6,,,,
146,2025-08-28 09:00,27.7,,2.3,140,78,28.9,23.5,1006.8,1013.7,.1,.73,,,4,0,Cc,,1541,,,28.3,,,,
146,2025-08-28 10:00,30,,2.7,160,68,28.8,23.4,1006.9,1013.7,1,2.13,,,6,2,ScCi,10,1724,,,32.4,,,,
146,2025-08-28 11:00,30.6,,1.3,180,68,29.8,24,1006.7,1013.5,.6,1.91,,,7,7,Sc,10,2149,,,33.4,,,,
146,2025-08-28 12:00,30.3,,1.9,230,69,29.7,23.9,1006,1012.8,.1,1.24,,,7,7,Sc,9,2306,,,31.3,,,,
146,2025-08-28 13:00,32.2,,3.1,250,65,31.1,24.7,1005.6,1012.3,.5,2.13,,,6,6,Sc,10,2610,,,36.1,,,,
146,2025-08-28 14:00,32.4,,2.5,270,66,32.1,25.2,1005.4,1012.1,.6,2.22,,,6,6,Sc,13,2766,,,35,,,,
146,2025-08-28 15:00,33.5,,2.5,270,58,29.8,24,1004.9,1011.6,1,2.91,,,6,3,ScCi,10,3950,,,36.7,,,,
146,2025-08-28 16:00,32.4,,2.9,290,64,31.1,24.7,1004.8,1011.5,.7,1.87,,,7,3,CuScCi,8,3836,,,33.9,,,,
146,2025-08-28 17:00,31.8,,2.6,290,70,32.8,25.6,1005,1011.7,.7,1.11,,,6,3,ScCi,11,3159,,,32.4,,,,
146,2025-08-28 18:00,30.1,,2.6,270,73,31.1,24.7,1005.2,1012,.2,.52,,,7,2,CuCi,8,3361,,,29.9,,,,
146,2025-08-28 19:00,29.1,,2.3,270,77,30.9,24.6,1005.4,1012.2,0,.12,,,7,3,,8,3132,,,28.2,,,,
146,2025-08-28 20:00,28.5,,1,290,78,30.2,24.2,1006,1012.8,0,0,,,7,2,,7,3267,,,27.7,,,,
146,2025-08-28 21:00,28.1,,.7,250,79,30,24.1,1006.6,1013.4,,,,,6,0,Ci,,4240,,,27.1,,,,
146,2025-08-28 22:00,27.4,,2,140,85,30.9,24.6,1006.5,1013.4,,,,,7,0,,,2439,,,26.7,,,,
146,2025-08-28 23:00,27,,1.6,140,87,30.9,24.6,1006.8,1013.7,,,,,3,0,,,2113,,,26.3,,,,
146,2025-08-29 00:00,26.6,,1.5,110,88,30.6,24.4,1006.7,1013.6,,,,,0,0,,,2309,,,26,,,,
146,2025-08-29 01:00,26.4,,1.1,110,88,30.2,24.2,1006.9,1013.8,,,,,4,0,,,2267,,,25.7,,,,
146,2025-08-29 02:00,26,,1.7,140,88,29.5,23.8,1006.9,1013.8,,,,,5,0,,,2485,,,25.3,,,,
146,2025-08-29 03:00,25.7,,1.2,110,87,28.6,23.3,1007.1,1014,,,,,0,0,,,2856,,,25,,,,
146,2025-08-29 04:00,25.5,,1.2,110,87,28.3,23.1,1007.3,1014.2,,,,,0,0,,,3093,,,24.7,,,,
146,2025-08-29 05:00,25.1,,1.1,140,89,28.3,23.1,1007.5,1014.4,,,,,0,0,,,2323,,,24.5,,,,
146,2025-08-29 06:00,25.1,,.9,140,89,28.3,23.1,1007.5,1014.4,,,,,8,8,Sc,10,2338,,,24.7,,,,
146,2025-08-29 07:00,26.1,,2.1,140,87,29.3,23.7,1007.9,1014.8,.5,.16,,,8,8,Ac,35,2397,,,,,,,
146,2025-08-29 08:00,28.2,,.8,140,80,30.6,24.4,1008.3,1015.2,.8,.59,,,6,1,ScCi,10,3943,,,27.2,,,,
146,2025-08-29 09:00,29.7,,2.1,200,74,30.7,24.5,1008,1014.8,1,1.36,,,6,2,ScCi,10,4376,,,30.3,,,,
146,2025-08-29 10:00,30.5,,1.9,250,70,30.4,24.3,1008.3,1015.1,.7,1.66,,,6,4,ScCi,8,4780,,,32,,,,
146,2025-08-29 11:00,30.7,,2.8,270,68,30,24.1,1008.2,1015,.4,1.76,,,6,4,CuScCi,8,4790,,,31.9,,,,
146,2025-08-29 12:00,32.4,,4.1,230,62,30,24.1,1007.8,1014.6,.8,2.6,,,7,5,CuScCi,8,4427,,,35.8,,,,
146,2025-08-29 13:00,32.3,,4.2,230,62,29.8,24,1007.5,1014.3,.7,2.68,,,8,6,ScCi,11,4558,,,34.9,,,,
146,2025-08-29 14:00,32.6,,2.9,270,65,31.9,25.1,1007.3,1014,.6,2.25,,,7,4,ScCi,10,4907,,,35.2,,,,
146,2025-08-29 15:00,33.4,,4.1,250,58,29.8,24,1006.9,1013.6,1,2.74,,,5,2,ScCi,10,4777,,,36,,,,
146,2025-08-29 16:00,32.8,,3.1,290,56,27.7,22.8,1006.8,1013.5,1,2.32,,,3,2,ScCi,10,4619,,,34,,,,
146,2025-08-29 17:00,32.4,,3.9,270,65,31.5,24.9,1006.9,1013.6,.9,1.67,,,3,3,Sc,10,4492,,,32.9,,,,
146,2025-08-29 18:00,31.4,,3.7,270,66,30.2,24.2,1007.1,1013.9,1,1,,,2,2,Sc,10,4770,,,30.2,,,,
146,2025-08-29 19:00,29.5,,2.8,270,75,30.7,24.5,1007.4,1014.2,.6,.25,,,0,0,,,4952,,,28.2,,,,
146,2025-08-29 20:00,28.7,,2.1,250,81,31.9,25.1,1008,1014.8,0,.01,,,1,0,,,4669,,,27.5,,,,
146,2025-08-29 21:00,28.4,,1.9,250,81,31.3,24.8,1008.8,1015.7,,,,,0,0,,,4828,,,27,,,,
146,2025-08-29 22:00,28.1,,1.6,200,81,30.7,24.5,1009,1015.9,,,,,0,0,,,4954,,,26.6,,,,
146,2025-08-29 23:00,27.7,,.6,180,82,30.4,24.3,1008.9,1015.8,,,,,0,0,,,5000,,,26.2,,,,
146,2025-08-30 00:00,26.9,,1.3,140,86,30.4,24.3,1008.8,1015.7,,,,,0,0,,,4486,,,25.8,,,,
146,2025-08-30 01:00,26.3,,1.6,110,87,29.7,23.9,1008.7,1015.6,,,,,1,0,,,4631,,,25.4,,,,
146,2025-08-30 02:00,25.9,,.8,110,88,29.3,23.7,1008.7,1015.6,,,,,0,0,,,4441,,,25.1,,,,
146,2025-08-30 03:00,25.6,,1.5,110,88,28.8,23.4,1008.9,1015.8,,,,,6,6,Sc,8,4694,,,25,,,,
146,2025-08-30 04:00,25.2,,1.6,110,89,28.4,23.2,1008.9,1015.8,,,,,0,0,,,4654,,,24.7,,,,
146,2025-08-30 05:00,24.8,,1.9,140,90,28.1,23,1009,1015.9,,,,,0,0,,,4650,,,24.3,,,,
146,2025-08-30 06:00,24.6,,1.8,110,90,27.7,22.8,1009.1,1016,,,,,0,0,,,4351,,,24.1,,,,
146,2025-08-30 07:00,26,,1.4,110,86,28.8,23.4,1009.5,1016.4,.5,.15,,,1,0,Cc,,3589,,,,,,,
146,2025-08-30 08:00,27.5,,1.9,140,81,29.7,23.9,1008.8,1015.7,.8,.62,,,1,1,Ac,35,4736,,,26.8,,,,
146,2025-08-30 09:00,29.8,,1.2,230,71,29.7,23.9,1008.5,1015.3,1,1.5,,,0,0,,,4847,,,30.5,,,,
146,2025-08-30 10:00,30.7,,1.2,200,65,28.6,23.3,1008.8,1015.6,1,2.18,,,2,2,Sc,10,4235,,,34,,,,
146,2025-08-30 11:00,32.1,,2.1,250,62,29.5,23.8,1008.6,1015.4,1,2.78,,,4,3,ScCi,10,4991,,,36.4,,,,
146,2025-08-30 12:00,32.3,,2.3,250,54,26,21.7,1008.2,1015,1,3.22,,,4,3,ScCi,10,4443,,,37.3,,,,
146,2025-08-30 13:00,32.8,,3,270,55,27.2,22.5,1007.7,1014.4,.9,3.25,,,4,3,CuScCi,8,4532,,,37.3,,,,
146,2025-08-30 14:00,33.1,,2.5,270,53,26.8,22.2,1006.9,1013.6,.9,2.99,,,6,3,CuScCi,8,4667,,,36.4,,,,
146,2025-08-30 15:00,33.8,,3,270,57,29.8,24,1006.5,1013.2,1,2.97,,,4,3,ScCi,10,4433,,,37.9,,,,
146,2025-08-30 16:00,32.5,,2.5,270,60,29.3,23.7,1006.1,1012.8,.8,2.11,,,3,3,Sc,10,4897,,,34.3,,,,
146,2025-08-30 17:00,33.5,,2.7,290,55,28.4,23.2,1005.8,1012.5,1,1.71,,,2,2,Sc,10,4715,,,34.7,,,,
146,2025-08-30 18:00,32.1,,3.3,320,62,29.5,23.8,1006,1012.7,1,1.06,,,4,4,CuSc,8,4762,,,31.7,,,,
146,2025-08-30 19:00,29.9,,3.2,250,70,29.5,23.8,1006.1,1012.9,.6,.27,,,7,1,,13,4849,,,29,,,,
146,2025-08-30 20:00,29.3,,2.4,250,72,29.3,23.7,1007,1013.8,0,0,,,8,6,,,4837,,,28.1,,,,
146,2025-08-30 21:00,28.9,,1.2,270,74,29.3,23.7,1007.3,1014.1,,,,,8,0,Ci,,4837,,,27.7,,,,
146,2025-08-30 22:00,28.5,,1.5,250,74,28.8,23.4,1007.1,1013.9,,,,,7,4,,61,4872,,,27.1,,,,
146,2025-08-30 23:00,28,,.4,0,77,28.9,23.5,1006.7,1013.5,,,,,8,4,,69,4645,,,26.9,,,,
146,2025-08-31 00:00,27.7,,.3,0,80,29.7,23.9,1006.7,1013.5,,,,,3,0,,,4746,,,26.5,,,,
146,2025-08-31 01:00,27,,1.5,110,83,29.5,23.8,1006.2,1013.1,,,,,7,4,,62,4487,,,26.2,,,,
146,2025-08-31 02:00,26.6,,2.1,140,84,29.1,23.6,1006.1,1013,,,,,3,3,,61,4438,,,25.9,,,,
146,2025-08-31 03:00,26.2,,1.6,140,84,28.4,23.2,1005.8,1012.7,,,,,3,0,Ci,,4622,,,25.5,,,,
146,2025-08-31 04:00,26.2,,1.8,140,84,28.4,23.2,1005.9,1012.8,,,,,6,0,Ci,,4617,,,25.3,,,,
146,2025-08-31 05:00,25.7,,1.3,70,87,28.6,23.3,1006,1012.9,,,,,6,3,ScCi,10,3723,,,25.5,,,,
146,2025-08-31 06:00,25.8,,1.9,140,87,28.8,23.4,1005.7,1012.6,,,,,6,2,ScCi,10,4330,,,25.2,,,,
146,2025-08-31 07:00,26.5,,.8,140,85,29.3,23.7,1005.4,1012.3,.2,.12,,,1,1,Sc,10,4770,,,25.7,,,,
146,2025-08-31 08:00,28.1,,2.2,140,81,30.7,24.5,1004.8,1011.6,1,.56,,,0,0,,,4215,,,27.4,,,,
146,2025-08-31 09:00,30.2,,2,160,75,32.1,25.2,1004.8,1011.6,1,1.33,,,3,0,Ci,,2885,,,30.5,,,,
146,2025-08-31 10:00,30.8,,2.4,160,68,30.2,24.2,1005,1011.8,1,2.08,,,7,4,ScCi,10,1887,,,33,,,,
146,2025-08-31 11:00,30.7,,2.5,230,64,28.3,23.1,1004.7,1011.5,.7,2.18,,,9,6,ScCi,10,2144,,,32.4,,,,
146,2025-08-31 12:00,32,,2.2,180,60,28.4,23.2,1004.2,1010.9,.7,2.44,,,8,6,ScCi,11,1993,,,34.8,,,,
146,2025-08-31 13:00,31.8,,2,200,60,28.1,23,1003.5,1010.2,.6,2.12,,,9,6,ScCi,13,2220,,,34.4,,,,
146,2025-08-31 14:00,27.4,0,3.5,140,79,28.8,23.4,1003.9,1010.7,0,.37,,,10,2,ScAs,10,985,,01,29.8,,,,
146,2025-08-31 15:00,25.8,2.9,1.9,140,88,29.1,23.6,1003.8,1010.7,0,.14,,,10,2,StNs,8,660,,01,28.4,,,,
146,2025-08-31 16:00,26.5,1.1,2.2,90,85,29.3,23.7,1002.8,1009.7,0,.93,,,8,2,ScCi,10,2441,,01,31,,,,
146,2025-08-31 17:00,28,,2.3,110,80,30.2,24.2,1002.6,1009.4,.4,1.25,,,9,2,ScCi,10,3986,,,31.5,,,,
146,2025-08-31 18:00,27.1,,2.6,140,82,29.3,23.7,1002.2,1009,0,.46,,,9,0,Ci,,3450,,,29,,,,
146,2025-08-31 19:00,26.6,,2.6,140,83,28.8,23.4,1001.8,1008.6,0,.12,,,10,3,,19,4230,,,27.4,,,,
146,2025-08-31 20:00,25.8,0,2.6,140,86,28.4,23.2,1001.7,1008.6,0,0,,,9,3,ScCi,15,3393,,01,26.6,,,,
146,2025-08-31 21:00,25.8,0,.8,160,85,28.1,23,1002.1,1009,,,,,7,2,ScCi,15,4885,,01,25.9,,,,
146,2025-08-31 22:00,25.9,,2.3,200,84,27.9,22.9,1001.9,1008.8,,,,,7,2,,55,5000,,,25.5,,,,
146,2025-08-31 23:00,26,,1.2,110,84,28.1,23,1002.1,1009,,,,,9,9,,15,4953,,,25.8,,,,
146,2025-09-01 00:00,25.6,,1.7,110,85,27.7,22.8,1001.8,1008.7,,,,,2,2,,,4794,,,25.4,,,,
146,2025-09-01 01:00,25.4,,2.5,140,87,28.1,23,1001.5,1008.4,,,,,3,0,,,4761,,,25,,,,
146,2025-09-01 02:00,25.2,,1.9,140,87,27.7,22.8,1001.1,1008,,,,,1,1,,12,4867,,,24.8,,,,
146,2025-09-01 03:00,25.3,,1.5,110,87,27.9,22.9,1001.2,1008.1,,,,,2,2,Sc,12,4674,,,24.7,,,,
146,2025-09-01 04:00,25.2,,1.7,110,87,27.7,22.8,1000.7,1007.6,,,,,0,0,,,3802,,,24.3,,,,
146,2025-09-01 05:00,25,,2.1,140,88,27.7,22.8,1000.3,1007.2,,,,,0,0,,,3899,,,24.1,,,,
146,2025-09-01 06:00,25.2,,1.2,140,86,27.4,22.6,1000.9,1007.8,,,,,1,0,Ci,,4756,,,24,,,,
146,2025-09-01 07:00,26.3,,1.3,110,83,28.3,23.1,1001.3,1008.2,.2,.12,,,6,4,ScCi,10,4572,,,24.8,,,,
146,2025-09-01 08:00,28.3,,3.2,160,76,29.1,23.6,1001,1007.8,.9,.79,,,2,1,ScCi,12,4731,,,26.9,,,,
146,2025-09-01 09:00,29.8,,2.3,140,72,30,24.1,1000.7,1007.5,1,1.5,,,4,0,Ci,,4337,,,30.6,,,,
146,2025-09-01 10:00,30.4,,3,160,67,28.9,23.5,1000.9,1007.7,1,2.01,,,7,4,ScCi,13,4619,,,32.4,,,,
146,2025-09-01 11:00,30.9,,2.4,200,66,29.3,23.7,1000.5,1007.2,.6,2.09,,,8,7,ScCi,9,4475,,,34,,,,
146,2025-09-01 12:00,31.6,,3.2,180,65,30.2,24.2,1000.2,1006.9,.4,2.02,,,8,7,ScCi,10,4918,,,34.6,,,,
146,2025-09-01 13:00,32.5,,3.5,180,63,30.7,24.5,999.6,1006.3,.7,2.54,,,7,6,ScCi,10,4315,,,37.5,,,,
146,2025-09-01 14:00,32.9,,3.2,180,61,30.4,24.3,998.8,1005.5,.5,2.24,,,7,5,ScCi,11,4737,,,36.8,,,,
146,2025-09-01 15:00,32,,3.4,180,63,29.8,24,997.9,1004.6,.4,1.67,,,9,9,Sc,12,4814,,,33,,,,
146,2025-09-01 16:00,27.7,.9,4.1,270,87,32.2,25.3,998.6,1005.4,0,.42,,,10,8,ScAs,9,1304,,01,28.8,,,,
146,2025-09-01 17:00,25.6,35.9,3.3,270,88,28.9,23.5,999.3,1006.2,0,.21,,,10,5,StNs,7,8783,,01,27.6,,,,
146,2025-09-01 18:00,27.1,0,1.4,90,86,30.7,24.5,999.9,1006.7,0,.34,,,9,9,Sc,11,3808,,01,28.6,,,,
146,2025-09-01 19:00,27,0,1.4,180,89,31.7,25,1000,1006.8,0,.12,,,10,2,ScAs,5,2835,,01,28.1,,,,
146,2025-09-01 20:00,26.2,0,1.6,110,87,29.5,23.8,1000.6,1007.4,,,,,10,1,ScAs,11,4528,,01,26.9,,,,
146,2025-09-01 21:00,24.1,.7,3.3,320,93,27.7,22.8,1001.4,1008.3,,,,,10,4,ScAs,12,1248,,01,25.9,,,,
146,2025-09-01 22:00,23.4,28.8,2.3,110,95,27.2,22.5,1001.7,1008.6,,,,,10,5,StNs,5,148,,01,,,,,
146,2025-09-01 23:00,23.8,1,1.1,90,93,27.4,22.6,1001.7,1008.6,,,,,10,6,StNs,5,1424,,01,,,,,
146,2025-09-02 00:00,23.9,0,2.7,160,94,27.9,22.9,1001.6,1008.5,,,,,10,5,,,4703,,01,,,,,
146,2025-09-02 01:00,24.1,.4,1.3,140,94,28.3,23.1,1001.4,1008.3,,,,,10,4,ScAs,10,1458,,01,,,,,
146,2025-09-02 02:00,24.2,0,1.5,140,94,28.4,23.2,1001.2,1008.1,,,,,10,3,ScAs,10,2935,,01,,,,,
146,2025-09-02 03:00,24.3,,1.1,90,94,28.6,23.3,1001.1,1008,,,,,8,8,Sc,10,1560,,,,,,,
146,2025-09-02 04:00,24.4,.4,0,0,94,28.8,23.4,1001.3,1008.2,,,,,10,7,ScAs,10,1524,,01,,,,,
146,2025-09-02 05:00,24.6,.6,1,270,94,29.1,23.6,1001.5,1008.4,,,,,10,6,ScAs,10,1990,,01,,,,,
146,2025-09-02 06:00,24.7,.2,1.4,230,94,29.3,23.7,1001.9,1008.8,,,,,10,5,ScAs,10,1138,,01,,,,,
146,2025-09-02 07:00,24.8,.1,.9,200,94,29.5,23.8,1002.4,1009.3,,.05,,,9,4,ScAs,10,1241,,01,,,,,
146,2025-09-02 08:00,25.2,0,1.1,250,93.1,29.8,24,1003.1,1010,,.25,,,9,9,Sc,13,1112,,01,,,,,
146,2025-09-02 09:00,25.8,,0,0,89.3,29.7,23.9,1003.4,1010.3,,.49,,,9,9,Sc,15,3241,,,,,,,
146,2025-09-02 10:00,26,,.5,270,88.6,29.8,24,1004.1,1011,,.48,,,9,9,Sc,12,1825,,,,,,,
146,2025-09-02 11:00,27.4,,1.9,250,74.9,27.2,22.5,1004.3,1011.1,,1.32,,,9,9,Sc,10,3261,,,,,,,
146,2025-09-02 12:00,27.6,,2.3,270,73.7,27.2,22.5,1004.1,1010.9,,2.4,,,9,9,Sc,11,2188,,,,,,,
146,2025-09-02 13:00,27.7,,1,180,70.1,26,21.7,1003,1009.8,,1.06,,,9,6,ScCi,12,3533,,,,,,,
146,2025-09-02 14:00,28,,2.3,230,68.9,26,21.7,1003.2,1010,,1.25,,,9,1,ScCi,10,3717,,,,,,,
146,2025-09-02 15:00,28.5,,1.2,270,69.4,26.9,22.3,1003,1009.8,,1.15,,,9,3,ScCi,13,3797,,,,,,,
146,2025-09-02 16:00,29.1,,2.4,230,62,24.9,21,1002.8,1009.6,.8,1.91,,,5,0,Ci,,3018,,,25.9,,,,
146,2025-09-02 17:00,30.2,,1.6,250,58,24.9,21,1002.6,1009.4,1,1.71,,,1,0,Ci,,3603,,,25.9,,,,
146,2025-09-02 18:00,28.8,,2.8,250,55,21.7,18.8,1002.6,1009.4,1,.9,,,0,0,,,4734,,,,,,,
146,2025-09-02 19:00,26.7,,.6,230,60,20.9,18.2,1003,1009.9,.3,.16,,,1,0,,,4698,,,,,,,
146,2025-09-02 20:00,26,,1.5,290,63.5,21.3,18.5,1003.7,1010.6,,,,,0,0,,,5000,,,,,,,
146,2025-09-02 21:00,24.3,,1.1,140,79,24,20.4,1004.1,1011,,,,,0,0,,,4485,,,,,,,
146,2025-09-02 22:00,23.5,,1.7,110,83,24,20.4,1004.5,1011.4,,,,,0,0,,,3579,,,,,,,
146,2025-09-02 23:00,22.9,,1.3,160,84,23.4,20,1004.8,1011.8,,,,,0,0,,,3449,,,,,,,
146,2025-09-03 00:00,22.7,,1.2,110,85,23.4,20,1005.4,1012.3,,,,,0,0,,,3450,,,,,,,
146,2025-09-03 01:00,22.3,,1.3,140,87,23.4,20,1004.9,1011.9,,,,,3,0,,,2872,,,,,,,
146,2025-09-03 02:00,22.2,,1.3,110,88,23.5,20.1,1005,1012,,,,,2,0,,,2877,,,,,,,
146,2025-09-03 03:00,22,,1.4,140,88,23.2,19.9,1005,1012,,,,,0,0,,,2565,,,,,,,
146,2025-09-03 04:00,21.8,,1.1,140,89,23.1,19.8,1004.9,1011.9,,,,,0,0,,,2535,,,,,,,
146,2025-09-03 05:00,21.7,,.4,0,90,23.2,19.9,1004.7,1011.7,,,,,0,0,,,2315,,,,,,,
146,2025-09-03 06:00,21.3,,1.1,70,91,22.9,19.7,1004.8,1011.8,,,,,2,0,Ci,,1992,,,,,,,
146,2025-09-03 07:00,22.6,,.5,340,88,24.1,20.5,1005.1,1012.1,.3,.12,,,1,0,Ci,,2381,,,,,,,
146,2025-09-03 08:00,25.5,,1.5,140,79,25.6,21.5,1005,1011.9,1,.71,,,2,0,Cc,,3089,,,24.4,,,,
146,2025-09-03 09:00,28.5,,.8,140,72,27.9,22.9,1004.8,1011.6,1,1.45,,,2,0,Ci,,3480,,,28.3,,,,
146,2025-09-03 10:00,29.4,,1.7,230,70,28.6,23.3,1005,1011.8,1,2.08,,,2,1,ScCi,10,3381,,,31.9,,,,
146,2025-09-03 11:00,30.8,,1.9,230,61,27.1,22.4,1004.6,1011.4,.9,2.41,,,4,2,ScCi,9,3543,,,34.9,,,,
146,2025-09-03 12:00,32.4,,1.6,180,57,27.6,22.7,1004.1,1010.8,.9,2.76,,,4,4,Sc,12,3967,,,37.1,,,,
146,2025-09-03 13:00,33.1,,1.9,250,52,26.3,21.9,1003.4,1010.1,.9,3.09,,,4,4,Sc,13,4150,,,38.5,,,,
146,2025-09-03 14:00,33.3,,2.8,250,49,25,21.1,1003,1009.7,.9,3.27,,,5,5,Sc,14,4614,,,37.3,,,,
146,2025-09-03 15:00,33.7,,2.4,340,52,27.1,22.4,1002.4,1009.1,.9,2.69,,,5,4,ScCi,15,3735,,,38,,,,
146,2025-09-03 16:00,33.4,,1.5,290,59,30.2,24.2,1002.2,1008.9,.3,1.34,,,6,5,ScCi,12,3679,,,36.1,,,,
146,2025-09-03 17:00,31.8,,2.3,290,56,26.3,21.9,1002.3,1009,.6,1.47,,,7,5,ScCi,13,4197,,,32.2,,,,
146,2025-09-03 18:00,32.3,,2.2,320,57,27.4,22.6,1002.3,1009,.9,.91,,,7,6,ScCi,13,4073,,,31.4,,,,
146,2025-09-03 19:00,29.9,,2.3,110,64,26.9,22.3,1002.9,1009.7,.3,.19,,,8,8,,13,4322,,,28.8,,,,
146,2025-09-03 20:00,25.1,4.8,1.6,140,90,28.6,23.3,1005.2,1012.1,,,,,9,9,CuSc,8,139,,04,26.7,,,,
146,2025-09-03 21:00,24.9,16.8,1.1,270,90,28.3,23.1,1005.3,1012.2,,,,,9,9,CuSc,5,738,,04,26.5,,,,
146,2025-09-03 22:00,24.1,11.2,1.5,50,93,27.7,22.8,1005.7,1012.6,,,,,9,9,CuSc,6,148,,04,25.7,,,,
146,2025-09-03 23:00,24.3,3.5,2.1,90,93,28.1,23,1005.3,1012.2,,,,,9,9,Sc,10,1042,,04,25.9,,,,
146,2025-09-04 00:00,24.4,,1.6,160,93,28.3,23.1,1004.7,1011.6,,,,,9,9,Sc,12,1582,,,25.8,,,,
146,2025-09-04 01:00,24.3,,1.3,140,93,28.1,23,1004.1,1011,,,,,8,6,,69,1388,,,25.5,,,,
146,2025-09-04 02:00,24.4,,.9,140,92,28.1,23,1003.8,1010.7,,,,,8,7,,69,2204,,,25.1,,,,
146,2025-09-04 03:00,24.2,,1.3,140,93,27.9,22.9,1003.7,1010.6,,,,,4,0,Ci,,1496,,,24.9,,,,
146,2025-09-04 04:00,24.3,,.4,0,92,27.9,22.9,1003.4,1010.3,,,,,9,0,Ci,,1938,,,24.8,,,,
146,2025-09-04 05:00,23.9,,.7,50,93,27.4,22.6,1003,1009.9,,,,,7,0,Ci,,1005,,,24.6,,,,
146,2025-09-04 06:00,23.9,,1.1,110,93,27.4,22.6,1002.9,1009.8,,,,,3,0,Ci,,1599,,,24.4,,,,
146,2025-09-04 07:00,25.3,,.6,90,91,29.3,23.7,1003.6,1010.5,.3,.15,,,6,0,Ci,,1215,,,24.9,,,,
146,2025-09-04 08:00,26.1,,.1,0,85,28.6,23.3,1003.8,1010.7,.7,.74,,,7,5,AcCi,35,3080,,,26.4,,,,
146,2025-09-04 09:00,27.9,,1.1,20,77,28.8,23.4,1003.8,1010.6,.6,1.12,,,6,0,Ci,,3243,,,29.4,,,,
146,2025-09-04 10:00,29.5,,1.3,360,70,28.8,23.4,1003.8,1010.6,1,2.12,,,7,5,AsCi,30,4178,,,33.2,,,,
146,2025-09-04 11:00,30.9,,1.1,340,68,30.2,24.2,1003.2,1010,1,2.63,,,8,6,AcCi,35,3656,,,34.8,,,,
146,2025-09-04 12:00,28.5,,4.2,340,79,30.6,24.4,1002.3,1009.1,.2,1.56,,,10,10,As,30,1974,,,31.6,,,,
146,2025-09-04 13:00,29.7,0,2.1,320,77,32.1,25.2,1001.8,1008.6,.1,1.25,,,9,5,ScAs,10,2414,,01,33.4,,,,
146,2025-09-04 14:00,29.2,0,2.8,320,77,31.1,24.7,1001.8,1008.6,.3,1.84,,,9,9,As,30,3039,,01,32.6,,,,
146,2025-09-04 15:00,29.2,,3.1,320,75,30.4,24.3,1001.6,1008.4,.1,1.36,,,9,7,ScCi,11,3624,,,32.2,,,,
146,2025-09-04 16:00,31.1,,2.8,340,69,31.1,24.7,1001,1007.7,.9,1.97,,,7,5,ScAc,8,4011,,,34.2,,,,
146,2025-09-04 17:00,30.1,,2.4,290,70,29.8,24,1001.1,1007.9,.3,.72,,,6,4,ScCi,16,3819,,,30.7,,,,
146,2025-09-04 18:00,29.2,,3,340,76,30.7,24.5,1001.2,1008,.3,.43,,,6,3,AcCi,35,3896,,,28.7,,,,
146,2025-09-04 19:00,28.3,,1.6,320,80,30.7,24.5,1001.6,1008.4,0,.11,,,7,7,,35,3913,,,27.8,,,,
146,2025-09-04 20:00,27.7,,1.3,340,80,29.7,23.9,1001.9,1008.7,,,,,2,1,,,3744,,,27,,,,
146,2025-09-04 21:00,27.3,,1,340,83,30,24.1,1002.2,1009,,,,,1,0,Ci,,3344,,,26.7,,,,
146,2025-09-04 22:00,26.7,,.2,0,86,30,24.1,1002,1008.8,,,,,3,0,,,2656,,,26.3,,,,
146,2025-09-04 23:00,26.5,,1.2,230,86,29.7,23.9,1002,1008.9,,,,,3,0,,,2450,,,25.9,,,,
146,2025-09-05 00:00,26.3,,.9,230,87,29.7,23.9,1002.1,1008.9,,,,,1,1,Sc,,2492,,,25.7,,,,
146,2025-09-05 01:00,25.9,,.4,0,89,29.7,23.9,1002.1,1009,,,,,3,0,,,2561,,,25.5,,,,
146,2025-09-05 02:00,25.6,,.2,0,89,29.1,23.6,1002.2,1009.1,,,,,3,0,,,2703,,,25.2,,,,
146,2025-09-05 03:00,25.2,,1.3,140,91,29.1,23.6,1002.1,1009,,,,,0,0,,,2526,,,25,,,,
146,2025-09-05 04:00,25,,.5,140,90,28.4,23.2,1002.4,1009.3,,,,,0,0,,,2723,,,24.7,,,,
146,2025-09-05 05:00,24.5,,1.2,50,91,27.9,22.9,1002.8,1009.7,,,,,0,0,,,1893,,,24.5,,,,
146,2025-09-05 06:00,24.6,,1.5,140,91,28.1,23,1003.3,1010.2,,,,,3,3,Ac,35,2694,,,24.5,,,,
146,2025-09-05 07:00,25.3,,1.2,140,89,28.6,23.3,1003.6,1010.5,.2,.1,,,0,0,,,2753,,,24.8,,,,
146,2025-09-05 08:00,27.3,,.2,0,82,29.7,23.9,1003.7,1010.5,1,.67,,,0,0,,,3885,,,26.4,,,,
146,2025-09-05 09:00,28.2,,.3,0,77,29.3,23.7,1003.9,1010.7,.7,1.05,,,3,3,Sc,8,4637,,,28.4,,,,
146,2025-09-05 10:00,30.3,,1.3,250,69,29.7,23.9,1004.3,1011.1,.9,2.02,,,4,4,Sc,10,3950,,,33.4,,,,
146,2025-09-05 11:00,30.5,,1.2,270,71,30.9,24.6,1004.2,1011,.6,1.81,,,7,7,Sc,8,3703,,,33.4,,,,
146,2025-09-05 12:00,31.5,,.7,20,70,32.2,25.3,1003.7,1010.4,.3,1.46,,,6,6,Sc,10,3658,,,36.1,,,,
146,2025-09-05 13:00,32.4,,2.5,320,65,31.5,24.9,1003,1009.7,.7,2.71,,,6,6,Sc,10,3219,,,37.6,,,,
146,2025-09-05 14:00,33.1,,2.1,270,59,29.8,24,1002.8,1009.5,.9,3.07,,,4,4,Sc,10,3498,,,38.5,,,,
146,2025-09-05 15:00,33,,2.7,270,59,29.7,23.9,1002.5,1009.2,.9,2.8,,,5,5,Sc,10,4226,,,37.1,,,,
146,2025-09-05 16:00,33.3,,2.8,250,52,26.6,22.1,1002.5,1009.2,.9,2.18,,,5,5,Sc,10,4348,,,35.6,,,,
146,2025-09-05 17:00,30.7,,3.8,270,66,29.1,23.6,1002.9,1009.7,0,.68,,,8,8,Sc,8,3944,,,30.4,,,,
146,2025-09-05 18:00,29.3,,1.3,180,76,30.9,24.6,1003.8,1010.6,.1,.28,,,6,6,Sc,8,4673,,,29.8,,,,
146,2025-09-05 19:00,28.1,,1.3,180,76,28.8,23.4,1003.6,1010.4,.6,.24,,,5,5,,41,4947,,,28.3,,,,
146,2025-09-05 20:00,27.4,,1.1,160,80,29.1,23.6,1004.5,1011.3,,,,,1,0,,,4170,,,27.2,,,,
146,2025-09-05 21:00,26.9,,.8,180,83,29.3,23.7,1005.2,1012.1,,,,,0,0,,,4222,,,26.7,,,,
146,2025-09-05 22:00,26.2,,1.8,140,84,28.4,23.2,1005.1,1012,,,,,1,1,,10,4669,,,26.1,,,,
146,2025-09-05 23:00,26.2,,1.8,140,85,28.8,23.4,1004.9,1011.8,,,,,5,3,,9,4363,,,26,,,,
146,2025-09-06 00:00,26.2,,1.5,110,84,28.4,23.2,1004.9,1011.8,,,,,5,5,Sc,,4511,,,26.1,,,,
146,2025-09-06 01:00,26,,1.9,140,86,28.8,23.4,1004.3,1011.2,,,,,1,1,,8,4081,,,25.9,,,,
146,2025-09-06 02:00,25.7,,2.5,140,87,28.6,23.3,1004.2,1011.1,,,,,1,1,,8,3593,,,25.3,,,,
146,2025-09-06 03:00,25.4,,1.3,140,87,28.1,23,1004.3,1011.2,,,,,0,0,,,2981,,,25,,,,
146,2025-09-06 04:00,25.3,,1.6,140,87,27.9,22.9,1004.4,1011.3,,,,,2,2,Sc,10,2820,,,24.8,,,,
146,2025-09-06 05:00,25.2,,1.8,110,88,28.1,23,1003.8,1010.7,,,,,0,0,,,2831,,,24.5,,,,
146,2025-09-06 06:00,25.1,,2.1,140,88,27.9,22.9,1003.9,1010.8,,,,,0,0,,,2633,,,24.4,,,,
146,2025-09-06 07:00,25.9,,1.8,140,87,28.9,23.5,1004,1010.9,.1,.08,,,1,1,Sc,10,2600,,,24.9,,,,
146,2025-09-06 08:00,28.2,,1.7,180,79,30.2,24.2,1003.8,1010.6,1,.68,,,0,0,,,3988,,,26.5,,,,
146,2025-09-06 09:00,29.2,,3.1,160,74,29.8,24,1003.6,1010.4,1,1.39,,,2,2,Sc,10,3946,,,29.3,,,,
146,2025-09-06 10:00,30.5,,2.5,160,71,30.9,24.6,1003.5,1010.3,1,2.08,,,4,4,Sc,10,3998,,,33.1,,,,
146,2025-09-06 11:00,30.5,,2.6,230,68,29.7,23.9,1003.2,1010,.5,1.95,,,9,9,Sc,10,4229,,,32.2,,,,
146,2025-09-06 12:00,29.3,.3,2.1,160,77,31.3,24.8,1003.2,1010,.4,1.46,,,5,1,ScCi,10,3670,,01,36,,,,
146,2025-09-06 13:00,31.4,,2.3,200,69,31.7,25,1002.6,1009.3,.9,2.94,,,6,6,Sc,10,4407,,,37.3,,,,
146,2025-09-06 14:00,32,,1.8,230,65,30.7,24.5,1001.7,1008.4,.5,2.13,,,8,8,CuSc,8,4358,,,35.1,,,,
146,2025-09-06 15:00,29.7,1.1,3,250,78,32.4,25.4,1001.5,1008.3,.2,1.25,,,6,6,CuSc,8,4011,,01,32.6,,,,
146,2025-09-06 16:00,31.5,,4.5,250,69,31.9,25.1,1001.4,1008.1,.5,1.6,,,3,3,CuSc,8,4481,,,33.3,,,,
146,2025-09-06 17:00,31.4,,4.9,250,64,29.3,23.7,1001.1,1007.8,1,1.51,,,1,1,Sc,10,4615,,,31.5,,,,
146,2025-09-06 18:00,30.5,,3,250,68,29.7,23.9,1001.2,1008,1,.76,,,3,2,ScAc,12,4918,,,29.2,,,,
146,2025-09-06 19:00,29.3,,3.9,230,69,28.1,23,1001.4,1008.2,0,.07,,,5,2,,17,4994,,,27.5,,,,
146,2025-09-06 20:00,28.7,,2.4,200,75,29.5,23.8,1001.7,1008.5,,,,,5,5,,13,4986,,,26.8,,,,
146,2025-09-06 21:00,28.6,,2,200,75,29.3,23.7,1001.8,1008.6,,,,,6,1,ScAc,10,4959,,,26.8,,,,
146,2025-09-06 22:00,28.5,,1.3,180,76,29.5,23.8,1002,1008.8,,,,,6,5,,12,4889,,,26.9,,,,
146,2025-09-06 23:00,28.5,,1.1,140,75,29.1,23.6,1002,1008.8,,,,,8,8,,14,4874,,,26.8,,,,
146,2025-09-07 00:00,23.5,3.4,4.6,90,92,26.6,22.1,1001.6,1008.5,,,,,10,2,StNs,,741,,01,25.1,,,,
146,2025-09-07 01:00,23.7,2.2,1.3,320,92,26.9,22.3,1001.5,1008.4,,,,,10,8,ScAs,7,3501,,01,25.2,,,,
146,2025-09-07 02:00,23.4,6.2,3.4,50,95,27.2,22.5,1001.7,1008.6,,,,,10,4,CbNs,10,198,,01,24.4,,,,
146,2025-09-07 03:00,23.2,60.7,1.7,110,96,27.2,22.5,1001.1,1008,,,,,10,3,StNs,5,119,,01,24,,,,
146,2025-09-07 04:00,23,52.8,2.2,140,96,26.9,22.3,1001.3,1008.2,,,,,10,6,StNs,5,90,,01,24,,,,
146,2025-09-07 05:00,23.3,16.4,2.4,90,95,27.1,22.4,1001,1007.9,,,,,10,2,ScAs,10,5000,,01,24.3,,,,
146,2025-09-07 06:00,23.2,25.8,2.6,140,96,27.2,22.5,1001.6,1008.5,,,,,10,3,CbNs,10,176,,01,24.1,,,,
146,2025-09-07 07:00,23.5,6.9,2.2,140,96,27.7,22.8,1001.9,1008.8,0,.01,,,10,2,StNs,5,1476,,01,24.4,,,,
146,2025-09-07 08:00,24,.1,1.4,140,95,28.3,23.1,1001.9,1008.8,0,.08,,,10,5,StNs,10,4754,,01,24.9,,,,
146,2025-09-07 09:00,25.1,0,1,110,93,29.5,23.8,1001.9,1008.8,0,.3,,,10,4,StNs,10,4819,,01,26.3,,,,
146,2025-09-07 10:00,24.9,5.5,1.1,180,94,29.5,23.8,1002.6,1009.5,0,.22,,,10,4,StNs,8,358,,01,26,,,,
146,2025-09-07 11:00,24.3,2.3,1.7,160,94,28.4,23.2,1002.6,1009.5,0,.14,,,10,5,StNs,8,1602,,01,25.9,,,,
146,2025-09-07 12:00,26.1,.1,1.3,160,91,30.7,24.5,1002.2,1009.1,0,.79,,,10,7,ScAs,8,4428,,01,29.3,,,,
146,2025-09-07 13:00,28,,2.3,200,86,32.4,25.4,1001.5,1008.3,.2,1.57,,,9,3,ScAs,10,5000,,,32.8,,,,
146,2025-09-07 14:00,28.9,,3,250,76,30.2,24.2,1001.2,1008,.4,1.86,,,8,5,ScAc,10,4328,,,33,,,,
146,2025-09-07 15:00,29.4,,2.9,230,76,31.1,24.7,1001,1007.8,.5,2.02,,,6,4,ScAc,10,3838,,,33.4,,,,
146,2025-09-07 16:00,28.1,,3.9,270,77,29.1,23.6,1001.5,1008.3,.2,.91,,,10,7,ScAs,8,4146,,,29.2,,,,
146,2025-09-07 17:00,26.8,0,3.3,290,75,26.3,21.9,1002.3,1009.1,0,.64,,,10,3,ScAs,10,4488,,01,27.3,,,,
146,2025-09-07 18:00,26.1,,2.4,250,75,25.3,21.3,1002.4,1009.3,0,.26,,,9,8,ScAs,10,4438,,,26.3,,,,
146,2025-09-07 19:00,25.2,,1.6,250,77,24.6,20.8,1002.4,1009.3,0,.06,,,10,6,,46,4355,,,25.4,,,,
146,2025-09-07 20:00,24.8,,1.5,270,77,24,20.4,1002.9,1009.8,,,,,10,7,,8,4395,,,24.7,,,,
146,2025-09-07 21:00,24.6,,1.7,250,79,24.4,20.7,1003.7,1010.6,,,,,10,8,ScAs,10,4029,,,24.5,,,,
146,2025-09-07 22:00,23.6,,.7,250,81,23.5,20.1,1003.9,1010.8,,,,,6,3,,57,4196,,,23.3,,,,
146,2025-09-07 23:00,23.1,,1,160,84,23.7,20.2,1004,1011,,,,,5,0,,,3908,,,22.4,,,,
146,2025-09-08 00:00,21.9,,1,140,88,23.1,19.8,1004.1,1011.1,,,,,7,0,,,3678,,,21.8,,,,
146,2025-09-08 01:00,21.3,,1.2,200,85,21.4,18.6,1004.5,1011.5,,,,,7,1,,56,4082,,,21.4,,,,
146,2025-09-08 02:00,20.8,,.7,160,89,21.8,18.9,1004.4,1011.4,,,,,10,9,,56,3785,,,21.3,,,,
146,2025-09-08 03:00,20.6,,1.4,110,89,21.6,18.7,1004.2,1011.2,,,,,9,9,Ac,30,3936,,,21.3,,,,
146,2025-09-08 04:00,20.4,,.7,160,89,21.3,18.5,1004.5,1011.5,,,,,9,8,AcCi,30,4033,,,21.2,,,,
146,2025-09-08 05:00,20,,1.2,110,89,20.8,18.1,1004.6,1011.6,,,,,7,5,AcCi,30,3451,,,20.6,,,,
146,2025-09-08 06:00,19.9,,1.6,140,91,21,18.3,1004.3,1011.3,,,,,9,9,Ac,30,3682,,,20.6,,,,
146,2025-09-08 07:00,20.2,,.1,0,89,21,18.3,1004.9,1011.9,0,.05,,,8,6,AcCi,30,3809,,,21.1,,,,
146,2025-09-08 08:00,21.8,,.8,200,87,22.7,19.5,1005,1012,.2,.46,,,7,5,ScAcCi,12,3716,,,22.9,,,,
146,2025-09-08 09:00,23.2,,.2,0,78,22.1,19.1,1004.7,1011.7,.4,1.06,,,10,8,ScAs,10,4068,,,25.1,,,,
146,2025-09-08 10:00,23.7,,1.1,290,78,22.8,19.6,1005.4,1012.3,0,.76,,,10,8,ScAs,10,4188,,,25.9,,,,
146,2025-09-08 11:00,24.1,,1.7,320,81,24.3,20.6,1005.4,1012.3,0,.68,,,10,8,ScAs,10,3720,,,26.3,,,,
146,2025-09-08 12:00,24.2,,.7,20,80,24.1,20.5,1004.9,1011.8,0,.78,,,10,7,ScAs,10,3999,,,26.2,,,,
146,2025-09-08 13:00,25.1,0,0,0,77,24.4,20.7,1004.7,1011.6,0,.72,,,10,5,ScAs,10,4458,,01,27.4,,,,
146,2025-09-08 14:00,25.3,0,1,110,68,21.8,18.9,1004,1010.9,0,.9,,,10,5,StNs,8,4402,,01,27.8,,,,
146,2025-09-08 15:00,25.4,0,1.2,290,72,23.2,19.9,1003.7,1010.6,0,.84,,,10,4,StNs,8,4293,,01,28,,,,
146,2025-09-08 16:00,25.5,0,.2,0,75,24.4,20.7,1003.8,1010.7,0,.85,,,10,8,ScAs,10,4264,,01,27.6,,,,
146,2025-09-08 17:00,24.6,,.8,360,81,25,21.1,1004,1010.9,0,.3,,,10,9,ScAs,10,2711,,,26.1,,,,
146,2025-09-08 18:00,23.9,0,.9,140,79,23.4,20,1004.6,1011.5,0,.08,,,10,5,StNs,10,2368,,01,24.9,,,,
146,2025-09-08 19:00,22.3,.1,2.5,140,69,18.5,16.3,1004.5,1011.5,0,.01,,,10,10,As,33,4993,,01,23.2,,,,
146,2025-09-08 20:00,21.4,,1.6,110,82,20.8,18.1,1004.9,1011.9,,,,,10,0,,,4605,,,22.5,,,,
146,2025-09-08 21:00,21.3,,1.2,110,82,20.6,18,1005.6,1012.6,,,,,10,10,As,31,4687,,,22.5,,,,
146,2025-09-08 22:00,21.1,,2.6,140,81,20.2,17.7,1004.9,1011.9,,,,,10,10,,21,4928,,,22,,,,
146,2025-09-08 23:00,20.9,,.3,0,81,20,17.5,1005.2,1012.2,,,,,10,6,,20,4879,,,21.8,,,,
146,2025-09-09 00:00,20.5,,1.4,50,82,19.7,17.3,1005.3,1012.3,,,,,10,10,,,4874,,,21.7,,,,
146,2025-09-09 01:00,20.6,,.3,0,73,17.6,15.5,1005.1,1012.1,,,,,10,5,,24,5000,,,21.5,,,,
146,2025-09-09 02:00,20.9,,.9,200,78,19.2,16.9,1005.2,1012.2,,,,,9,3,,22,4928,,,21.3,,,,
146,2025-09-09 03:00,20.8,,.4,0,79,19.4,17,1005.8,1012.8,,,,,10,10,As,33,4895,,,21.4,,,,
146,2025-09-09 04:00,20.5,,0,0,82,19.7,17.3,1005.8,1012.8,,,,,9,9,As,34,4953,,,21.3,,,,
146,2025-09-09 05:00,20.6,0,1.3,160,82,19.9,17.4,1006.2,1013.2,,,,,10,9,ScAs,10,3520,,01,21.2,,,,
146,2025-09-09 06:00,18.8,1.7,2.4,140,90,19.5,17.1,1006.3,1013.4,,,,,10,1,ScAs,10,3808,,01,20.6,,,,
146,2025-09-09 07:00,18.8,.6,2.5,160,91,19.6,17.2,1006.1,1013.2,0,.02,,,10,1,ScAs,14,2150,,01,20.6,,,,
146,2025-09-09 08:00,19.5,.4,1.5,230,88,19.9,17.4,1006.8,1013.9,0,.08,,,10,7,ScAs,10,1995,,01,20.9,,,,
146,2025-09-09 09:00,20.8,.5,1.6,20,88,21.6,18.7,1006.8,1013.8,0,.43,,,9,5,ScAc,10,3819,,01,23.5,,,,
146,2025-09-09 10:00,22,,1.3,50,81,21.3,18.5,1006.8,1013.8,.1,1.12,,,10,5,ScAs,10,4349,,,25.4,,,,
146,2025-09-09 11:00,22.2,0,0,0,81,21.6,18.7,1006.8,1013.8,0,.53,,,10,4,ScAs,10,2988,,01,24.7,,,,
146,2025-09-09 12:00,22.1,.4,2.5,320,88,23.4,20,1007.1,1014.1,0,.64,,,10,4,StNs,4,1399,,01,24.9,,,,
146,2025-09-09 13:00,21.9,1,1.2,70,90,23.5,20.1,1005.1,1012.1,0,.51,,,10,3,StNs,3,1036,,01,25.2,,,,
146,2025-09-09 14:00,21.3,.1,2.1,50,88,22.2,19.2,1005.6,1012.6,0,.84,,,10,3,StNs,5,2610,,01,25,,,,
146,2025-09-09 15:00,22.5,0,.6,360,87,23.7,20.2,1005.1,1012.1,0,.65,,,10,3,ScAs,10,3360,,01,25.9,,,,
146,2025-09-09 16:00,21.7,,1.9,320,87,22.5,19.4,1005.6,1012.6,0,.34,,,10,3,ScAs,10,3545,,,24.1,,,,
146,2025-09-09 17:00,21.4,,1.9,20,86,21.8,18.9,1005.4,1012.4,0,.21,,,10,5,ScAs,10,4536,,,23.5,,,,
146,2025-09-09 18:00,21.5,,1.8,50,86,22,19,1005.4,1012.4,0,.28,,,10,5,ScAs,10,4478,,,23.3,,,,
146,2025-09-09 19:00,21.1,,1.1,50,88,22,19,1005.5,1012.5,0,.07,,,9,1,,13,4642,,,22.7,,,,
146,2025-09-09 20:00,20.9,,1.2,340,90,22.1,19.1,1005.8,1012.8,,,,,10,6,,13,3672,,,22.4,,,,
146,2025-09-09 21:00,20.9,,1.4,20,90,22.1,19.1,1005.9,1012.9,,,,,8,8,Sc,10,3893,,,22.3,,,,
146,2025-09-09 22:00,20.9,,.7,50,90,22.1,19.1,1005.8,1012.8,,,,,8,4,,10,3137,,,22.2,,,,
146,2025-09-09 23:00,21.1,,.6,360,92,22.9,19.7,1005.9,1012.9,,,,,8,8,,13,2218,,,22.2,,,,
146,2025-09-10 00:00,21.1,,.1,0,90,22.4,19.3,1006,1013,,,,,8,8,,,3542,,,22.3,,,,
146,2025-09-10 01:00,21.2,0,.5,90,90,22.5,19.4,1005.7,1012.7,,,,,8,8,Sc,10,3698,,01,22.3,,,,
146,2025-09-10 02:00,21,.1,.3,0,92,22.8,19.6,1005.1,1012.1,,,,,10,8,StNs,10,1181,,01,22.2,,,,
146,2025-09-10 03:00,20.8,.1,.7,20,93,22.8,19.6,1005.2,1012.2,,,,,8,8,Sc,12,1239,,01,21.9,,,,
146,2025-09-10 04:00,20.5,,.4,0,94,22.5,19.4,1005.2,1012.2,,,,,9,9,Sc,10,1005,,,21.7,,,,
146,2025-09-10 05:00,20.2,,1,320,93,22,19,1005.3,1012.3,,,,,8,8,Sc,10,1025,,,21.5,,,,
146,2025-09-10 06:00,19.8,,1.2,320,93,21.4,18.6,1005.5,1012.6,,,,,3,3,Sc,12,1496,,,20.8,,,,
146,2025-09-10 07:00,20,,.4,0,92,21.4,18.6,1005.6,1012.6,.1,.07,,,1,1,Sc,10,1100,,,20.6,,,,
146,2025-09-10 08:00,22,,1.3,340,88,23.2,19.9,1006,1013,.8,.55,,,3,3,Sc,10,2694,,,22,,,,
146,2025-09-10 09:00,23.2,,1.3,70,82,23.2,19.9,1006.2,1013.2,.7,1.04,,,4,4,Sc,10,3995,,,24.3,,,,
146,2025-09-10 10:00,24.4,,1.4,50,77,23.4,20,1006.1,1013,.6,1.39,,,6,6,Sc,10,4838,,,26.9,,,,
146,2025-09-10 11:00,26.4,,1.5,290,72,24.7,20.9,1005.6,1012.5,.9,2.64,,,3,3,Sc,7,4139,,,32.3,,,,
146,2025-09-10 12:00,26.6,,2.2,320,70,24.3,20.6,1005.2,1012.1,.4,1.95,,,6,6,Sc,8,4958,,,29.8,,,,
146,2025-09-10 13:00,27.8,,1.7,360,65,24.3,20.6,1004.5,1011.3,.6,2.29,,,5,5,Sc,10,4964,,,31.2,,,,
146,2025-09-10 14:00,28.1,,.7,140,67,25.3,21.3,1004.5,1011.3,.3,1.43,,,6,6,Sc,10,4763,,,30.4,,,,
146,2025-09-10 15:00,28.7,,2.3,50,64,25.2,21.2,1004.6,1011.4,.4,1.69,,,4,4,Sc,12,4951,,,32.8,,,,
146,2025-09-10 16:00,28.9,,3.4,50,59,23.4,20,1004.6,1011.4,1,2.12,,,2,2,Sc,10,4447,,,32.3,,,,
146,2025-09-10 17:00,28.8,,2.7,50,59,23.2,19.9,1004.5,1011.3,1,1.44,,,1,1,Sc,10,4980,,,30.5,,,,
146,2025-09-10 18:00,28.1,,2.2,50,61,23.1,19.8,1004.9,1011.7,1,.77,,,0,0,,,4908,,,27.1,,,,
146,2025-09-10 19:00,26,,2,20,70,23.4,20,1005.3,1012.2,.6,.13,,,1,0,,,5000,,,25,,,,
146,2025-09-10 20:00,24.6,,1.9,50,77,23.7,20.2,1006.1,1013,,,,,0,0,,,4779,,,23.9,,,,
146,2025-09-10 21:00,24.4,,1.1,110,81,24.7,20.9,1006.7,1013.6,,,,,0,0,,,4817,,,23.2,,,,
146,2025-09-10 22:00,23.3,,1.6,140,84,24,20.4,1007.2,1014.2,,,,,0,0,,,4968,,,22.6,,,,
146,2025-09-10 23:00,22.8,,1.9,140,85,23.5,20.1,1007.5,1014.5,,,,,0,0,,,4910,,,22.1,,,,
146,2025-09-11 00:00,21.8,,1.3,90,88,22.9,19.7,1007.1,1014.1,,,,,0,0,,,4801,,,21.6,,,,
146,2025-09-11 01:00,21.7,,1.5,110,88,22.8,19.6,1007.3,1014.3,,,,,0,0,,,4811,,,21.1,,,,
146,2025-09-11 02:00,21.3,,1.7,140,88,22.2,19.2,1007.4,1014.4,,,,,0,0,,,4807,,,20.6,,,,
146,2025-09-11 03:00,20.7,,.3,0,88,21.4,18.6,1007.8,1014.8,,,,,0,0,,,4683,,,20.2,,,,
146,2025-09-11 04:00,20.4,,1.1,160,90,21.4,18.6,1007.9,1015,,,,,0,0,,,4391,,,19.8,,,,
146,2025-09-11 05:00,19.9,,1.7,110,91,21,18.3,1008.1,1015.2,,,,,0,0,,,3834,,,19.2,,,,
146,2025-09-11 06:00,19.4,,1.7,140,91,20.4,17.8,1008.4,1015.5,,,,,3,0,Ci,,3950,,,18.9,,,,
146,2025-09-11 07:00,20.5,,.7,90,88,21.2,18.4,1009,1016.1,.3,.1,,,2,0,Ci,,4125,,,19.2,,,,
146,2025-09-11 08:00,22.7,,.3,0,81,22.2,19.2,1009.4,1016.4,1,.69,,,0,0,,,4104,,,20.8,,,,
146,2025-09-11 09:00,25.1,,.6,250,70,22.2,19.2,1009.6,1016.5,1,1.4,,,1,0,Ci,,3951,,,24.5,,,,
146,2025-09-11 10:00,27.4,,2.4,90,61,22.2,19.2,1009.8,1016.7,1,2.1,,,2,0,Ci,,4767,,,28.5,,,,
146,2025-09-11 11:00,28.1,,3.5,70,56,21.2,18.4,1009.3,1016.2,1,2.6,,,1,0,Ci,,4297,,,31.1,,,,
146,2025-09-11 12:00,28.8,,4.1,70,52,20.5,17.9,1008.8,1015.6,1,2.87,,,0,0,,,4808,,,32.3,,,,
146,2025-09-11 13:00,28.5,,2.9,70,56,21.7,18.8,1008.1,1014.9,.7,2.27,,,3,2,ScCi,10,4846,,,30,,,,
146,2025-09-11 14:00,29.6,,2.5,90,52,21.4,18.6,1007.4,1014.2,.6,2.22,,,2,2,Sc,10,4796,,,31.9,,,,
146,2025-09-11 15:00,29.6,,4.3,70,48,19.9,17.4,1006.7,1013.5,.4,1.54,,,3,3,Sc,10,4281,,,30.3,,,,
146,2025-09-11 16:00,29.8,,2.8,70,51,21.3,18.5,1006.9,1013.7,.7,1.71,,,2,2,Sc,10,4438,,,30.9,,,,
146,2025-09-11 17:00,29.6,,2.7,70,47,19.4,17,1006.8,1013.6,.9,1.27,,,3,0,Ci,,4825,,,28.9,,,,
146,2025-09-11 18:00,29,,2.3,90,49,19.5,17.1,1006.7,1013.5,1,.67,,,3,0,Cs,,4737,,,26.5,,,,
146,2025-09-11 19:00,27.4,,2,70,59,21.4,18.6,1007,1013.9,0,.05,,,7,0,,,4874,,,24.8,,,,
146,2025-09-11 20:00,26.5,,2.4,110,63,21.7,18.8,1007,1013.9,,,,,8,0,,,4778,,,23.7,,,,
146,2025-09-11 21:00,25.4,,1.6,140,68,22,19,1007.7,1014.6,,,,,3,0,Ci,,4628,,,23.1,,,,
146,2025-09-11 22:00,24.5,,1.4,50,70,21.4,18.6,1008.2,1015.1,,,,,7,0,,,4965,,,22.3,,,,
146,2025-09-11 23:00,24.5,,1.3,90,69,21.2,18.4,1008.2,1015.1,,,,,10,3,,60,4471,,,22.2,,,,
146,2025-09-12 00:00,23.9,,.4,0,71,21,18.3,1008.1,1015,,,,,4,1,ScCi,12,4730,,,22.2,,,,
146,2025-09-12 01:00,23.7,,.9,110,74,21.6,18.7,1007.7,1014.7,,,,,10,5,,54,4650,,,22.3,,,,
146,2025-09-12 02:00,23.3,,1.3,320,74,21,18.3,1008.2,1015.2,,,,,9,3,,72,4821,,,22,,,,
146,2025-09-12 03:00,23,,1.8,70,75,21,18.3,1008,1015,,,,,8,0,Ci,,4957,,,21.8,,,,
146,2025-09-12 04:00,22.7,,.8,140,78,21.4,18.6,1007.6,1014.6,,,,,9,0,Ci,,4767,,,21.8,,,,
146,2025-09-12 05:00,22.3,,.4,0,77,20.6,18,1007.2,1014.2,,,,,9,0,Ci,,4845,,,21.7,,,,
146,2025-09-12 06:00,22.1,,.9,70,79,20.9,18.2,1007,1014,,,,,9,9,Sc,12,4742,,,21.7,,,,
146,2025-09-12 07:00,22.4,,0,0,77,20.8,18.1,1007.4,1014.4,0,.03,,,10,8,ScAs,12,4672,,,22.1,,,,
146,2025-09-12 08:00,23,,1.1,140,80,22.4,19.3,1007.1,1014.1,0,.18,,,9,1,AcCi,32,4373,,,23,,,,
146,2025-09-12 09:00,25.5,,1,160,72,23.4,20,1006.8,1013.7,.1,.76,,,9,0,Ci,,4179,,,25.7,,,,
146,2025-09-12 10:00,27.1,,.8,360,69,24.7,20.9,1006.8,1013.7,0,1.07,,,9,1,AcCi,30,3754,,,27.8,,,,
146,2025-09-12 11:00,26.7,,2,50,71,24.7,20.9,1006.3,1013.2,0,.91,,,9,6,AcCi,40,4458,,,28.3,,,,
146,2025-09-12 12:00,27.3,0,1.5,320,73,26.4,22,1005.9,1012.8,0,1.03,,,10,8,ScAs,9,4167,,01,28.5,,,,
146,2025-09-12 13:00,26.3,0,1.8,50,76,26,21.7,1005.6,1012.5,0,.49,,,10,8,ScAs,15,3932,,01,27.2,,,,
146,2025-09-12 14:00,26.2,0,1.6,90,78,26.4,22,1005.2,1012.1,0,.38,,,10,2,ScAs,8,4009,,01,27.1,,,,
146,2025-09-12 15:00,24.2,1,2.4,70,86,26,21.7,1004.8,1011.7,0,.22,,,10,3,ScAs,8,1023,,01,25.5,,,,
146,2025-09-12 16:00,24.5,.5,2.4,20,88,26.9,22.3,1004.6,1011.5,0,.35,,,10,1,ScAs,10,2990,,01,26.4,,,,
146,2025-09-12 17:00,24.2,1.1,.7,340,89,26.8,22.2,1004.9,1011.8,0,.19,,,10,3,ScAs,10,595,,01,25.4,,,,
146,2025-09-12 18:00,23.6,2.1,3,90,90,26.1,21.8,1003.8,1010.7,0,.07,,,10,2,ScAs,9,1446,,01,24.5,,,,
146,2025-09-12 19:00,23.1,3.3,2.1,50,92,26,21.7,1002.8,1009.7,0,.01,,,10,5,StNs,5,382,,01,23.8,,,,
146,2025-09-12 20:00,23.3,.9,1.1,340,91,26,21.7,1003.2,1010.1,,,,,10,8,StNs,8,3611,,01,23.7,,,,
146,2025-09-12 21:00,23.4,0,.4,0,91,26.1,21.8,1003,1009.9,,,,,10,7,ScAs,15,3084,,01,23.8,,,,
146,2025-09-12 22:00,23.3,0,.7,110,92,26.3,21.9,1002.5,1009.4,,,,,10,8,ScAs,14,2644,,01,23.7,,,,
146,2025-09-12 23:00,23.5,.1,2.5,140,91,26.3,21.9,1001.4,1008.3,,,,,10,3,ScAs,15,2084,,01,23.7,,,,
146,2025-09-13 00:00,23.9,,1.8,160,88,26,21.7,1001.1,1008,,,,,9,3,ScAs,15,3362,,,23.6,,,,
146,2025-09-13 01:00,24.6,,2.3,180,87,26.8,22.2,1000.5,1007.4,,,,,10,4,,44,3389,,,23.5,,,,
146,2025-09-13 02:00,25.1,,2.3,180,85,26.9,22.3,1000,1006.9,,,,,10,0,,,3573,,,23.6,,,,
146,2025-09-13 03:00,25.4,,3,160,84,27.1,22.4,998.5,1005.4,,,,,10,4,ScAs,11,3306,,,23.7,,,,
146,2025-09-13 04:00,25.6,,2.1,160,83,27.1,22.4,998.5,1005.3,,,,,10,4,ScAs,9,3651,,,23.9,,,,
146,2025-09-13 05:00,24.7,.1,2.9,140,90,27.9,22.9,997.6,1004.5,,,,,10,6,ScAs,8,2483,,01,24,,,,
146,2025-09-13 06:00,24.9,.9,2.5,160,91,28.6,23.3,998.1,1005,,,,,10,5,StNs,7,645,,01,24.2,,,,
146,2025-09-13 07:00,24.5,32.3,4.3,230,96,29.5,23.8,999.4,1006.3,0,.01,,,10,9,StNs,5,216,,01,24.4,,,,
146,2025-09-13 08:00,24.8,6.1,2.5,200,94,29.3,23.7,998.5,1005.4,0,.03,,,9,9,Sc,17,5000,,01,24.6,,,,
146,2025-09-13 09:00,25.9,,2,230,91,30.4,24.3,998.7,1005.5,0,.49,,,8,8,Sc,10,4786,,,26.6,,,,
146,2025-09-13 10:00,24.9,2.1,5.9,270,93,29.1,23.6,999.2,1006.1,0,.47,,,10,5,ScAs,8,322,,01,25.4,,,,
146,2025-09-13 11:00,24.9,6,2.8,270,92,28.9,23.5,999.6,1006.5,0,.62,,,9,9,Sc,10,1270,,01,27.6,,,,
146,2025-09-13 12:00,26.6,,3.5,250,84,29.1,23.6,1000,1006.8,.1,1.3,,,9,9,Sc,13,4496,,,31,,,,
146,2025-09-13 13:00,27.1,,2.9,230,80,28.6,23.3,999.8,1006.6,.3,2.1,,,9,9,Sc,8,4840,,,31.8,,,,
146,2025-09-13 14:00,26.6,,2.5,250,80,27.7,22.8,1000.1,1006.9,0,1.32,,,9,9,Sc,15,4458,,,29.8,,,,
146,2025-09-13 15:00,27,,2.6,230,79,28.1,23,999.9,1006.7,0,1.38,,,8,8,Sc,8,4739,,,30.4,,,,
146,2025-09-13 16:00,27.1,,2.5,250,79,28.3,23.1,1000.3,1007.1,.2,1.09,,,8,8,Sc,7,4833,,,29.9,,,,
146,2025-09-13 17:00,26.2,,2,270,80,27.1,22.4,1000.7,1007.6,.1,.66,,,9,9,Sc,7,4813,,,28,,,,
146,2025-09-13 18:00,25.3,,2.5,270,82,26.3,21.9,1001.3,1008.2,0,.26,,,9,9,Sc,10,5000,,,26,,,,
146,2025-09-13 19:00,24.6,,3.3,250,81,25,21.1,1002.1,1009,0,.02,,,10,10,,6,5000,,,24.5,,,,
146,2025-09-13 20:00,24.2,,2.4,250,82,24.7,20.9,1002.7,1009.6,,,,,8,8,,6,5000,,,24.2,,,,
146,2025-09-13 21:00,23.7,,1.5,200,83,24.3,20.6,1002.9,1009.8,,,,,9,5,AcCi,35,4979,,,23.7,,,,
146,2025-09-13 22:00,23.5,,1.9,250,85,24.6,20.8,1003.2,1010.1,,,,,10,7,,58,4926,,,23.3,,,,
146,2025-09-13 23:00,23.2,,.7,200,85,24.1,20.5,1003.5,1010.4,,,,,8,8,,56,4896,,,23,,,,
146,2025-09-14 00:00,23.1,,.5,180,85,24,20.4,1003.9,1010.8,,,,,7,3,ScCi,12,4959,,,22.8,,,,
146,2025-09-14 01:00,22.6,,1.1,160,89,24.3,20.6,1003.7,1010.7,,,,,10,5,,46,4379,,,22.9,,,,
146,2025-09-14 02:00,22.7,0,1.1,180,89,24.4,20.7,1003.8,1010.8,,,,,10,2,ScAs,8,4534,,01,23,,,,
146,2025-09-14 03:00,22.6,0,1.2,140,89,24.3,20.6,1003.8,1010.8,,,,,8,8,Sc,8,4728,,01,23,,,,
146,2025-09-14 04:00,22.2,,1.8,110,90,24,20.4,1003.9,1010.9,,,,,7,2,ScAc,13,4527,,,22.4,,,,
146,2025-09-14 05:00,22.4,,1.4,110,89,24,20.4,1004.3,1011.3,,,,,9,4,ScAc,7,4203,,,22.6,,,,
146,2025-09-14 06:00,21.6,,1.6,140,91,23.4,20,1004.4,1011.4,,,,,8,3,ScCi,15,3651,,,21.7,,,,
146,2025-09-14 07:00,22.5,,1,110,90,24.4,20.7,1004.9,1011.9,.1,.11,,,8,3,ScAc,10,3756,,,22.6,,,,
146,2025-09-14 08:00,23.2,,.6,140,87,24.7,20.9,1004.9,1011.9,.1,.38,,,9,0,Ci,,4830,,,23.9,,,,
146,2025-09-14 09:00,25.4,,1.3,180,82,26.4,22,1005.2,1012.1,.4,1.02,,,8,0,Ci,,4578,,,26.9,,,,
146,2025-09-14 10:00,27.1,,.9,180,73,26.1,21.8,1005.5,1012.4,.7,1.78,,,7,5,ScCi,10,4546,,,30.4,,,,
146,2025-09-14 11:00,27.3,,.7,200,74,26.8,22.2,1005.6,1012.5,.2,1.57,,,9,5,ScCi,13,4634,,,30.7,,,,
146,2025-09-14 12:00,27.2,,1.7,270,74,26.6,22.1,1005.5,1012.4,.1,1.4,,,9,3,ScCi,7,4876,,,30,,,,
146,2025-09-14 13:00,28.5,,1.5,250,68,26.4,22,1005.1,1011.9,.2,1.83,,,8,5,ScCi,10,4584,,,33,,,,
146,2025-09-14 14:00,30.3,,1.9,270,61,26.3,21.9,1004.7,1011.5,.6,2.51,,,7,4,ScCi,10,4921,,,35.7,,,,
146,2025-09-14 15:00,30.2,,2.2,270,58,24.9,21,1004.4,1011.2,.8,2.41,,,6,3,ScCi,11,4188,,,34.9,,,,
146,2025-09-14 16:00,29,,2.7,270,65,26,21.7,1004.6,1011.4,.8,1.89,,,7,3,ScCi,8,4765,,,31.2,,,,
146,2025-09-14 17:00,27.7,,2.9,270,73,27.1,22.4,1004.9,1011.7,.3,.9,,,6,3,AcCi,30,4860,,,28.8,,,,
146,2025-09-14 18:00,26.6,,2.1,270,74,25.6,21.5,1005.4,1012.3,0,.33,,,7,3,AcCi,33,4955,,,26.5,,,,
146,2025-09-14 19:00,25.8,,2.1,270,79,26.1,21.8,1005.6,1012.5,0,.03,,,10,2,,56,4619,,,25.4,,,,
146,2025-09-14 20:00,25.4,,.3,0,78,25.2,21.2,1006.1,1013,,,,,9,3,,52,4689,,,25,,,,
146,2025-09-14 21:00,24.8,,1.4,340,82,25.6,21.5,1006.8,1013.7,,,,,8,4,AcCi,30,2587,,,24.4,,,,
146,2025-09-14 22:00,24.8,,.7,230,82,25.6,21.5,1007.3,1014.2,,,,,9,7,,68,4691,,,24.2,,,,
146,2025-09-14 23:00,24.5,,1.1,110,86,26.3,21.9,1007.3,1014.2,,,,,10,9,,74,4377,,,24.1,,,,
146,2025-09-15 00:00,24.1,,1.2,110,87,26,21.7,1007.6,1014.5,,,,,9,6,AcCi,30,4221,,,23.8,,,,
146,2025-09-15 01:00,23.8,,1.1,110,88,25.8,21.6,1008,1015,,,,,10,9,,67,3948,,,23.6,,,,
146,2025-09-15 02:00,23.2,,1,20,90,25.5,21.4,1007.8,1014.8,,,,,8,3,,66,2790,,,23.3,,,,
146,2025-09-15 03:00,23.2,,.4,0,89,25.2,21.2,1008.1,1015.1,,,,,9,4,AcCi,30,3604,,,23.1,,,,
146,2025-09-15 04:00,23.1,,.6,110,90,25.3,21.3,1007.8,1014.8,,,,,9,2,ScAsCi,7,3666,,,23.1,,,,
146,2025-09-15 05:00,23,,.9,160,90,25.2,21.2,1008.1,1015.1,,,,,10,10,As,30,3650,,,22.9,,,,
146,2025-09-15 06:00,22.7,,1,70,91,25,21.1,1008.2,1015.2,,,,,9,6,AcCi,30,2533,,,22.8,,,,
146,2025-09-15 07:00,22.9,,.8,140,91,25.3,21.3,1008.8,1015.8,0,.05,,,9,7,AcCi,30,3323,,,23.1,,,,
146,2025-09-15 08:00,23.9,,1.1,140,88,26,21.7,1009.2,1016.2,0,.31,,,9,8,AcCi,35,2990,,,24.4,,,,
146,2025-09-15 09:00,26.8,,.6,70,78,27.4,22.6,1009.5,1016.4,.4,1,,,7,6,AcCi,35,4670,,,27.4,,,,
146,2025-09-15 10:00,27,,2,320,78,27.7,22.8,1009.5,1016.4,.5,1.58,,,9,8,AcCi,35,4321,,,29,,,,
146,2025-09-15 11:00,28.1,,.9,360,73,27.6,22.7,1009.7,1016.6,.1,1.59,,,10,10,As,30,4251,,,30.5,,,,
146,2025-09-15 12:00,29.2,,.3,0,65,26.3,21.9,1009.4,1016.2,.1,1.52,,,9,9,As,30,4285,,,32.2,,,,
146,2025-09-15 13:00,29.3,,.9,20,65,26.4,22,1008.6,1015.4,.1,1.53,,,10,10,As,30,4582,,,31.8,,,,
146,2025-09-15 14:00,29.9,,1.3,140,58,24.4,20.7,1007.7,1014.5,.3,1.79,,,9,9,As,30,4208,,,32.6,,,,
146,2025-09-15 15:00,29.3,,2,140,60,24.4,20.7,1007.7,1014.5,0,1.12,,,10,10,As,30,4779,,,31.4,,,,
146,2025-09-15 16:00,28.4,,2.1,180,72,27.7,22.8,1007.4,1014.2,0,.82,,,10,10,As,30,4843,,,29.8,,,,
146,2025-09-15 17:00,28.3,,1.3,200,70,26.8,22.2,1007.6,1014.4,0,.56,,,9,9,As,32,4932,,,29.2,,,,
146,2025-09-15 18:00,27.6,,1.5,160,74,27.2,22.5,1007.8,1014.7,0,.27,,,8,8,As,28,4948,,,27.6,,,,
146,2025-09-15 19:00,27.1,,1,160,76,27.1,22.4,1008.1,1015,.1,.05,,,10,9,,48,4995,,,26.4,,,,
146,2025-09-15 20:00,26.5,,1.4,140,79,27.2,22.5,1008.7,1015.6,,,,,8,4,,49,4980,,,25.5,,,,
146,2025-09-15 21:00,26.3,,1.3,140,82,27.9,22.9,1009.4,1016.3,,,,,7,7,Sc,11,4881,,,25.5,,,,
146,2025-09-15 22:00,26,,.5,180,82,27.4,22.6,1009.4,1016.3,,,,,8,1,,19,4943,,,25.2,,,,
146,2025-09-15 23:00,25.7,0,1.2,110,84,27.6,22.7,1008.9,1015.8,,,,,10,5,ScAs,13,4519,,01,25.1,,,,
146,2025-09-16 00:00,25.2,0,1.9,140,86,27.4,22.6,1008.7,1015.6,,,,,8,8,Ac,27,4637,,01,24.8,,,,
146,2025-09-16 01:00,24.8,,1.8,140,88,27.4,22.6,1008.3,1015.2,,,,,6,1,,9,3913,,,24.4,,,,
146,2025-09-16 02:00,25.1,,1.2,110,87,27.6,22.7,1008,1014.9,,,,,8,0,,,3978,,,24.3,,,,
146,2025-09-16 03:00,24.9,,1.3,140,87,27.2,22.5,1008,1014.9,,,,,5,5,Ac,30,3206,,,23.9,,,,
146,2025-09-16 04:00,24.5,,1.6,140,88,26.9,22.3,1007.7,1014.6,,,,,3,3,Sc,9,2559,,,23.6,,,,
146,2025-09-16 05:00,24.6,,.5,90,88,27.1,22.4,1007.7,1014.6,,,,,7,7,Sc,7,2591,,,24,,,,
146,2025-09-16 06:00,24.5,,.8,140,88,26.9,22.3,1007.6,1014.5,,,,,6,6,Sc,10,2486,,,23.9,,,,
146,2025-09-16 07:00,24.7,,.8,140,88,27.2,22.5,1007.9,1014.8,0,.04,,,8,8,Sc,10,2440,,,24.3,,,,
146,2025-09-16 08:00,26,0,1.4,140,85,28.4,23.2,1007.8,1014.7,.1,.33,,,7,7,Sc,7,2426,,04,26.1,,,,
146,2025-09-16 09:00,28.6,,1.3,160,78,30.4,24.3,1007.4,1014.2,.6,1.07,,,6,6,Sc,10,3270,,,28.5,,,,
146,2025-09-16 10:00,29.1,,2,200,73,29.3,23.7,1007.6,1014.4,.7,1.57,,,8,7,ScAs,13,3646,,,30.4,,,,
146,2025-09-16 11:00,30,,2.3,230,70,29.7,23.9,1007.3,1014.1,.1,1.3,,,8,7,ScCi,7,3861,,,33,,,,
146,2025-09-16 12:00,30.7,,2.6,230,70,30.7,24.5,1006.5,1013.3,.4,1.87,,,7,6,ScCi,8,3609,,,33.4,,,,
146,2025-09-16 13:00,31.4,,4.2,250,65,29.8,24,1005.2,1012,.7,2.3,,,7,6,ScCi,11,3992,,,34.8,,,,
146,2025-09-16 14:00,32.2,,4.5,230,63,30.2,24.2,1004.5,1011.2,.9,3.05,,,6,5,ScCi,10,4080,,,35.7,,,,
146,2025-09-16 15:00,31.2,,4.2,250,68,30.7,24.5,1004.4,1011.2,.8,2,,,7,6,ScCi,16,4184,,,32.3,,,,
146,2025-09-16 16:00,31.2,,4,270,61,27.6,22.7,1004.1,1010.9,.9,1.57,,,7,6,ScCi,10,4442,,,31.6,,,,
146,2025-09-16 17:00,30.2,,3.8,250,65,27.7,22.8,1004.2,1011,.7,1.13,,,6,5,ScCi,10,4489,,,29.3,,,,
146,2025-09-16 18:00,29,,3.3,270,66,26.3,21.9,1004.8,1011.6,.3,.31,,,8,4,ScCi,15,5000,,,27,,,,
146,2025-09-16 19:00,27.9,,2.2,270,80,30,24.1,1004.8,1011.6,0,.05,,,6,1,,14,4771,,,26.1,,,,
146,2025-09-16 20:00,27.4,,1.9,230,79,28.8,23.4,1005.7,1012.6,,,,,7,1,,9,4864,,,25.8,,,,
146,2025-09-16 21:00,27.2,,1.6,200,83,29.8,24,1005.9,1012.8,,,,,2,2,Sc,10,4904,,,25.4,,,,
146,2025-09-16 22:00,26.5,,1.8,140,84,28.9,23.5,1005.2,1012.1,,,,,0,0,,,4688,,,25.1,,,,
146,2025-09-16 23:00,26.6,,1.1,110,84,29.1,23.6,1005.4,1012.3,,,,,0,0,,,4857,,,24.9,,,,
146,2025-09-17 00:00,26.3,,1.8,140,84,28.6,23.3,1005,1011.9,,,,,6,6,Sc,10,4878,,,24.7,,,,
146,2025-09-17 01:00,25.9,,1.1,110,85,28.3,23.1,1004.8,1011.7,,,,,0,0,,,4937,,,24.8,,,,
146,2025-09-17 02:00,26,,1,160,84,28.1,23,1004.9,1011.8,,,,,1,1,,7,4811,,,24.9,,,,
146,2025-09-17 03:00,25.8,,.9,110,85,28.1,23,1004.9,1011.8,,,,,6,6,Sc,10,4885,,,24.4,,,,
146,2025-09-17 04:00,25.7,,.5,110,85,27.9,22.9,1004.3,1011.2,,,,,9,8,ScAs,10,4836,,,24.5,,,,
146,2025-09-17 05:00,25.4,,1.1,180,86,27.7,22.8,1004.6,1011.5,,,,,8,1,ScCi,10,4740,,,24.1,,,,
146,2025-09-17 06:00,25.1,,1.7,110,88,27.9,22.9,1004.8,1011.7,,,,,9,9,Sc,8,4556,,,24.2,,,,
146,2025-09-17 07:00,25.7,0,1.4,140,86,28.3,23.1,1004.8,1011.7,0,.06,,,8,7,CuScCi,8,4375,,01,24.9,,,,
146,2025-09-17 08:00,27.8,,1.8,160,79,29.5,23.8,1004.3,1011.1,.6,.55,,,7,6,ScCi,10,4320,,,26.4,,,,
146,2025-09-17 09:00,28.8,,2,230,76,30,24.1,1004.6,1011.4,.8,1.14,,,9,5,ScAs,10,4050,,,28.6,,,,
146,2025-09-17 10:00,29.7,,3.6,200,73,30.4,24.3,1004.4,1011.2,.3,1.3,,,9,6,ScAs,10,4239,,,30.9,,,,
146,2025-09-17 11:00,29,,3.6,230,72,28.8,23.4,1004.3,1011.1,0,.75,,,10,7,ScAs,10,5000,,,28,,,,
146,2025-09-17 12:00,24.1,.7,5.6,290,89,26.6,22.1,1004.1,1011,0,.45,,,10,3,CbAs,10,652,,01,25.4,,,,
146,2025-09-17 13:00,23.1,45.9,2.2,140,93,26.1,21.8,1003.5,1010.4,0,.06,,,10,4,StNs,5,2956,,01,24.5,,,,
146,2025-09-17 14:00,24.3,.3,1.9,160,90,27.2,22.5,1003.4,1010.3,0,.42,,,10,10,As,30,4512,,01,27.3,,,,
146,2025-09-17 15:00,25.8,,2.6,180,82,27.1,22.4,1002.6,1009.5,0,1.12,,,10,10,As,30,4954,,,28.7,,,,
146,2025-09-17 16:00,26,0,.8,230,82,27.4,22.6,1002.2,1009.1,0,.56,,,10,3,ScAs,15,3743,,01,27.9,,,,
146,2025-09-17 17:00,25.5,0,3.2,230,83,26.9,22.3,1002.5,1009.4,0,.51,,,10,5,ScAs,8,4111,,01,26.7,,,,
146,2025-09-17 18:00,23.9,.3,4.2,290,89,26.3,21.9,1003.2,1010.1,0,.16,,,10,7,ScAs,13,1856,,01,24.9,,,,
146,2025-09-17 19:00,23.2,,3.8,270,89,25.2,21.2,1004,1010.9,0,.06,,,8,2,,3,3086,,,23.9,,,,
146,2025-09-17 20:00,22.7,,2.4,270,89,24.4,20.7,1005.2,1012.2,,,,,10,3,,4,4568,,,23.5,,,,
146,2025-09-17 21:00,22.6,,1.9,230,90,24.6,20.8,1005.3,1012.3,,,,,7,7,Sc,8,4309,,,23.2,,,,
146,2025-09-17 22:00,22.7,,1.8,250,89,24.4,20.7,1005.5,1012.5,,,,,7,7,,4,3753,,,23.3,,,,
146,2025-09-17 23:00,22.4,0,2.5,290,90,24.3,20.6,1006.1,1013.1,,,,,10,6,ScAs,8,1285,,01,22.8,,,,
146,2025-09-18 00:00,21.9,.2,1.2,290,93,24.4,20.7,1005.7,1012.7,,,,,10,6,ScAs,10,1728,,01,23,,,,
146,2025-09-18 01:00,21.9,0,1.6,250,93,24.4,20.7,1005.4,1012.4,,,,,8,8,Sc,10,1807,,01,22.9,,,,
146,2025-09-18 02:00,21.8,,2,270,93,24.3,20.6,1005.4,1012.4,,,,,9,4,,2,1308,,,22.8,,,,
146,2025-09-18 03:00,21.7,,1.9,270,91,23.5,20.1,1006.6,1013.6,,,,,9,9,Sc,7,1808,,,22.6,,,,
146,2025-09-18 04:00,21.6,,1,270,91,23.4,20,1007,1014,,,,,9,9,Sc,15,1688,,,22.6,,,,
146,2025-09-18 05:00,21.5,,0,0,90,22.9,19.7,1007.1,1014.1,,,,,7,0,Ci,,1254,,,22.3,,,,
146,2025-09-18 06:00,21,,1.5,110,91,22.5,19.4,1006.4,1013.4,,,,,6,0,Ci,,1703,,,21.6,,,,
146,2025-09-18 07:00,21.2,,.7,230,91,22.8,19.6,1007.6,1014.6,0,.06,,,9,2,ScCi,8,1948,,,22.1,,,,
146,2025-09-18 08:00,21.4,,1.2,340,93,23.7,20.2,1008.6,1015.6,0,.16,,,10,6,ScAs,8,757,,,22.5,,,,
146,2025-09-18 09:00,22,,1.1,70,89,23.4,20,1008.8,1015.8,0,.37,,,10,8,ScAs,8,1619,,,24,,,,
146,2025-09-18 10:00,22.4,0,0,0,86,23.2,19.9,1009,1016,0,.43,,,10,4,StNs,6,1963,,01,24.9,,,,
146,2025-09-18 11:00,23.1,0,1.7,250,85,24,20.4,1008.9,1015.9,0,.73,,,10,3,StNs,8,1583,,01,26.1,,,,
146,2025-09-18 12:00,24.9,0,1.4,290,80,25.2,21.2,1008.5,1015.4,.5,1.88,,,9,7,ScAcCi,10,1547,,01,30,,,,
146,2025-09-18 13:00,26.7,,2.3,340,75,26.1,21.8,1008.2,1015.1,.5,2.18,,,7,6,ScAc,10,2691,,,33.7,,,,
146,2025-09-18 14:00,27.8,,.9,110,64,23.8,20.3,1007.5,1014.4,.8,2.57,,,6,4,ScAc,10,3415,,,35.5,,,,
146,2025-09-18 15:00,26.9,,2.9,320,66,23.4,20,1007.7,1014.6,.7,2.1,,,9,5,ScAc,10,2622,,,30.9,,,,
146,2025-09-18 16:00,26.9,,1.1,320,65,22.9,19.7,1007.6,1014.5,.1,1.22,,,7,2,ScAc,10,3542,,,30.1,,,,
146,2025-09-18 17:00,27.3,,1.7,290,61,22.1,19.1,1007.6,1014.5,.9,1.28,,,4,4,Sc,10,3542,,,29.6,,,,
146,2025-09-18 18:00,25.6,,2,320,70,22.9,19.7,1008,1014.9,.4,.48,,,7,7,Sc,10,3616,,,26.1,,,,
146,2025-09-18 19:00,24.2,,2.7,340,75,22.5,19.4,1008.9,1015.9,0,.03,,,6,2,,11,3862,,,23.9,,,,
146,2025-09-18 20:00,22.9,,1.1,20,79,22,19,1009.5,1016.5,,,,,6,6,,11,4901,,,23.2,,,,
146,2025-09-18 21:00,22.8,,1.4,90,82,22.7,19.5,1009.9,1016.9,,,,,6,2,ScCi,12,4318,,,22.7,,,,
146,2025-09-18 22:00,22.9,,2.1,140,80,22.2,19.2,1010.2,1017.2,,,,,7,4,,15,4574,,,22.5,,,,
146,2025-09-18 23:00,22.5,,1.9,140,78,21.2,18.4,1010.4,1017.4,,,,,7,7,,12,4738,,,22.3,,,,
146,2025-09-19 00:00,22.3,,2.5,110,77,20.6,18,1010.5,1017.5,,,,,7,7,Sc,8,4830,,,22,,,,
146,2025-09-19 01:00,21.5,,2.6,140,79,20.1,17.6,1010.9,1017.9,,,,,7,7,,11,4894,,,21.4,,,,
146,2025-09-19 02:00,21.1,,2.9,140,78,19.5,17.1,1011,1018.1,,,,,9,7,,10,4861,,,21,,,,
146,2025-09-19 03:00,20.6,,2.5,110,80,19.4,17,1011,1018.1,,,,,8,8,Sc,10,5000,,,20.8,,,,
146,2025-09-19 04:00,20.5,,1.8,110,80,19.2,16.9,1010.7,1017.8,,,,,7,7,Sc,10,4968,,,20.7,,,,
146,2025-09-19 05:00,20.1,,1.5,110,78,18.3,16.1,1010.7,1017.8,,,,,6,3,AcCi,34,4958,,,20.1,,,,
146,2025-09-19 06:00,20.4,,2.3,90,77,18.4,16.2,1011,1018.1,,,,,9,5,AcCi,31,4981,,,20.1,,,,
146,2025-09-19 07:00,20.3,,2.1,140,77,18.3,16.1,1011.4,1018.5,0,.04,,,10,10,As,32,4929,,,20.5,,,,
146,2025-09-19 08:00,20.6,,1.8,140,77,18.6,16.4,1011.3,1018.4,0,.19,,,10,10,As,30,4779,,,21.2,,,,
146,2025-09-19 09:00,21.8,,.9,110,73,19,16.7,1011.7,1018.7,0,.48,,,10,10,As,24,4766,,,22.9,,,,
146,2025-09-19 10:00,23.3,,1.7,140,71,20.2,17.7,1011.2,1018.2,.1,1.02,,,10,10,As,25,4887,,,25.8,,,,
146,2025-09-19 11:00,25.1,,2.2,140,63,20,17.5,1011,1017.9,.6,1.69,,,9,9,As,30,4645,,,28.5,,,,
146,2025-09-19 12:00,25.6,,2.7,140,60,19.6,17.2,1010,1016.9,.1,1.73,,,10,10,As,30,4980,,,30.6,,,,
146,2025-09-19 13:00,25.9,,1.8,140,62,20.6,18,1009.1,1016,.1,1.46,,,10,10,As,30,4456,,,29.7,,,,
146,2025-09-19 14:00,25.7,,2.1,20,60,19.7,17.3,1008.4,1015.3,0,1.02,,,10,2,ScAs,10,4647,,,29,,,,
146,2025-09-19 15:00,24.6,,1.9,70,61,18.8,16.5,1007.9,1014.8,0,.67,,,10,1,ScAs,10,4777,,,25.9,,,,
146,2025-09-19 16:00,24.6,,1.7,160,64,19.7,17.3,1007.1,1014,0,.38,,,10,10,As,30,4926,,,25.6,,,,
146,2025-09-19 17:00,24.1,,2.5,140,67,20,17.5,1006.4,1013.3,0,.25,,,10,10,As,25,4841,,,24.6,,,,
146,2025-09-19 18:00,23.6,,1.9,110,70,20.4,17.8,1006.2,1013.2,0,.12,,,10,7,ScAs,10,4876,,,23.5,,,,
146,2025-09-19 19:00,23.4,,2.1,90,71,20.4,17.8,1005.5,1012.5,0,.01,,,10,10,,16,4527,,,22.8,,,,
146,2025-09-19 20:00,23.2,,2.2,110,72,20.4,17.8,1005.5,1012.5,,,,,10,10,,16,4959,,,22.5,,,,
146,2025-09-19 21:00,23,,3.3,110,72,20.1,17.6,1004.7,1011.7,,,,,10,7,ScAs,15,4858,,,22,,,,
146,2025-09-19 22:00,23.2,,2.1,160,71,20.1,17.6,1004.3,1011.3,,,,,10,2,,17,3888,,,21.8,,,,
146,2025-09-19 23:00,22.2,0,2.9,160,79,21,18.3,1004.1,1011.1,,,,,10,3,ScAs,14,1642,,01,21.4,,,,
146,2025-09-20 00:00,20.7,2.6,2.6,140,88,21.4,18.6,1003,1010,,,,,10,6,,,1671,,01,21.2,,,,
146,2025-09-20 01:00,20.8,1,3,110,88,21.6,18.7,1001.1,1008.1,,,,,10,6,ScAs,16,2688,,01,21.1,,,,
146,2025-09-20 02:00,22.4,.1,4.8,140,82,22.1,19.1,1000.1,1007,,,,,10,3,ScAs,15,4774,,01,21.1,,,,
146,2025-09-20 03:00,23.5,,3.8,160,81,23.4,20,1000,1006.9,,,,,10,2,ScAs,15,4842,,,21.5,,,,
146,2025-09-20 04:00,23.9,0,3,180,81,24,20.4,1000,1006.9,,,,,10,6,ScAs,14,4786,,01,21.9,,,,
146,2025-09-20 05:00,22.4,3.9,3,140,92,24.9,21,999.2,1006.1,,,,,10,6,StNs,9,359,,01,22.2,,,,
146,2025-09-20 06:00,22.4,3.5,2.5,140,92,24.9,21,998.4,1005.3,,,,,10,6,StNs,7,955,,01,22.4,,,,
146,2025-09-20 07:00,20.2,6.3,2.1,290,94,22.1,19.1,1000.8,1007.8,0,0,,,10,7,StNs,2,1260,,01,21.3,,,,
146,2025-09-20 08:00,20.5,1.8,.8,230,94,22.5,19.4,1001.6,1008.6,0,.08,,,10,3,StNs,4,1515,,01,21.9,,,,
146,2025-09-20 09:00,20.7,.2,3,250,92,22.4,19.3,1002.4,1009.4,0,.24,,,10,5,ScAs,8,3857,,01,22.6,,,,
146,2025-09-20 10:00,21.6,,2.4,270,88,22.7,19.5,1002.7,1009.7,0,.76,,,10,7,ScAs,7,4793,,,24.2,,,,
146,2025-09-20 11:00,22.7,,3,270,84,23.1,19.8,1002.7,1009.7,0,.93,,,9,9,Sc,8,4911,,,25.7,,,,
146,2025-09-20 12:00,23,,3.8,320,77,21.6,18.7,1002.9,1009.8,0,.94,,,9,9,Sc,10,4320,,,25.6,,,,
146,2025-09-20 13:00,23.4,,2.3,320,77,22.1,19.1,1002.7,1009.6,0,1.05,,,9,9,Sc,13,4353,,,25.6,,,,
146,2025-09-20 14:00,23.2,.7,2.9,250,85,24.1,20.5,1002.6,1009.5,.1,1.01,,,9,9,Sc,8,3443,,01,29.4,,,,
146,2025-09-20 15:00,24.1,,3.5,320,70,20.9,18.2,1002.9,1009.8,.2,1.35,,,9,9,Sc,9,4742,,,27.5,,,,
146,2025-09-20 16:00,24.3,,2.5,270,70,21.2,18.4,1003.1,1010,.2,1.1,,,9,9,Sc,8,4722,,,26.7,,,,
146,2025-09-20 17:00,24.5,,3.2,290,67,20.5,17.9,1003.5,1010.4,.8,1.27,,,3,3,Sc,10,4733,,,26,,,,
146,2025-09-20 18:00,23.2,,3.4,270,69,19.5,17.1,1004,1010.9,1,.58,,,4,4,Sc,12,4881,,,22.2,,,,
146,2025-09-20 19:00,22,,2.6,270,76,20,17.5,1004.5,1011.5,.1,.06,,,4,1,,76,4978,,,20.8,,,,
146,2025-09-20 20:00,21.5,,1.4,270,78,19.9,17.4,1005.1,1012.1,,,,,0,0,,,4736,,,20.2,,,,
146,2025-09-20 21:00,20.5,,.8,140,85,20.4,17.8,1005.9,1012.9,,,,,2,2,Sc,14,3967,,,20.2,,,,
146,2025-09-20 22:00,19.7,,1.6,140,88,20.1,17.6,1006,1013.1,,,,,2,2,,,3781,,,19.6,,,,
146,2025-09-20 23:00,19.2,,1.7,110,89,19.7,17.3,1006.1,1013.2,,,,,2,0,,,3941,,,19.1,,,,
146,2025-09-21 00:00,18.9,,1.5,110,90,19.6,17.2,1006.7,1013.7,,,,,0,0,,,3768,,,19,,,,
146,2025-09-21 01:00,18.4,,1.5,110,91,19.1,16.8,1007.1,1014.2,,,,,2,1,,10,3753,,,18.6,,,,
146,2025-09-21 02:00,18,,1.1,140,92,18.9,16.6,1007,1014.1,,,,,3,1,,,3975,,,18.2,,,,
146,2025-09-21 03:00,17.7,,.5,90,92,18.5,16.3,1007.4,1014.5,,,,,4,4,Sc,10,3613,,,18,,,,
146,2025-09-21 04:00,17.6,,.9,140,93,18.6,16.4,1007.8,1014.9,,,,,3,3,Sc,10,3435,,,17.7,,,,
146,2025-09-21 05:00,17.2,,1.6,110,93,18.2,16,1008.2,1015.3,,,,,2,0,Ci,,2972,,,17.5,,,,
146,2025-09-21 06:00,17.2,,1,110,93,18.2,16,1008.7,1015.8,,,,,4,0,Ci,,4133,,,17.5,,,,
146,2025-09-21 07:00,17.2,,1,90,94,18.4,16.2,1009.5,1016.7,0,.04,,,6,0,Ci,,3464,,,17.7,,,,
146,2025-09-21 08:00,19.1,,.1,0,89,19.6,17.2,1009.9,1017,.5,.38,,,4,0,Ci,,3060,,,18.8,,,,
146,2025-09-21 09:00,21.3,,1.8,50,83,20.9,18.2,1009.9,1016.9,1,1.3,,,3,1,ScCi,10,3782,,,22.6,,,,
146,2025-09-21 10:00,22.2,,2.4,360,80,21.3,18.5,1010.1,1017.1,1,1.91,,,4,3,ScCi,10,3075,,,26.5,,,,
146,2025-09-21 11:00,24.4,,1.8,290,74,22.5,19.4,1009.8,1016.8,1,2.66,,,3,3,Sc,6,3859,,,30.6,,,,
146,2025-09-21 12:00,24.8,,2.3,340,68,21.2,18.4,1009.6,1016.5,.9,2.68,,,3,3,Sc,8,4667,,,31.3,,,,
146,2025-09-21 13:00,26.5,,2.4,340,59,20.4,17.8,1009.3,1016.2,1,3.07,,,3,3,Sc,10,4645,,,33.7,,,,
146,2025-09-21 14:00,27,,1.6,50,51,18.1,15.9,1008.4,1015.3,.9,2.76,,,6,3,ScCi,15,4612,,,32.5,,,,
146,2025-09-21 15:00,26.8,,2,20,54,19,16.7,1008,1014.9,.8,2.12,,,6,3,ScCi,15,4993,,,30.8,,,,
146,2025-09-21 16:00,27.5,,2,90,52,19,16.7,1007.9,1014.8,.4,1.19,,,3,3,Sc,15,4991,,,30.2,,,,
146,2025-09-21 17:00,25.8,,2.5,50,50,16.5,14.5,1008,1014.9,.5,.9,,,3,0,Ci,,5000,,,26.2,,,,
146,2025-09-21 18:00,25.2,,2.4,50,56,17.8,15.7,1008.6,1015.5,.6,.32,,,6,0,Ci,,5000,,,24,,,,
146,2025-09-21 19:00,23.1,,2,50,69,19.4,17,1009.3,1016.3,.1,.03,,,7,0,,,4956,,,22.2,,,,
146,2025-09-21 20:00,22.3,,1,70,73,19.6,17.2,1010,1017,,,,,7,1,,16,4995,,,21.4,,,,
146,2025-09-21 21:00,21.4,,.8,90,75,19,16.7,1011.3,1018.3,,,,,1,1,Ac,35,4918,,,20.7,,,,
146,2025-09-21 22:00,20.7,,2.1,140,78,19,16.7,1012.2,1019.3,,,,,7,2,,20,4991,,,20.3,,,,
146,2025-09-21 23:00,20.5,,1.7,110,78,18.8,16.5,1012.7,1019.8,,,,,9,0,,,4756,,,19.9,,,,
146,2025-09-22 00:00,19.9,,2,140,77,17.8,15.7,1012.8,1019.9,,,,,0,0,,,4970,,,19.3,,,,
146,2025-09-22 01:00,20.3,,1.7,90,68,16.1,14.1,1013.1,1020.2,,,,,8,1,,,4995,,,19,,,,
146,2025-09-22 02:00,19.6,,1.8,70,72,16.4,14.4,1013,1020.1,,,,,9,4,,70,5000,,,18.6,,,,
146,2025-09-22 03:00,19.7,,1.5,90,70,16,14,1013,1020.1,,,,,6,6,Sc,10,5000,,,18.6,,,,
146,2025-09-22 04:00,19.3,,1.3,110,75,16.7,14.7,1012.9,1020,,,,,8,8,Sc,10,4993,,,18.6,,,,
146,2025-09-22 05:00,18.9,,1.2,70,76,16.5,14.5,1013.1,1020.2,,,,,8,8,Ac,35,5000,,,18.5,,,,
146,2025-09-22 06:00,18.2,,1.3,50,79,16.4,14.4,1013.1,1020.2,,,,,8,8,Ac,35,4929,,,18.4,,,,
146,2025-09-22 07:00,18.6,,1.2,110,78,16.6,14.6,1013.3,1020.4,0,.04,,,8,8,Ac,35,4965,,,18.4,,,,
146,2025-09-22 08:00,20,,1.3,140,74,17.3,15.2,1013.2,1020.3,.2,.41,,,8,2,ScCi,15,4862,,,19.9,,,,
146,2025-09-22 09:00,23.4,,2.4,110,57,16.3,14.3,1013.4,1020.4,.9,1.27,,,7,0,Ci,,5000,,,22.7,,,,
146,2025-09-22 10:00,24.7,,2.8,140,55,17,15,1013.6,1020.6,1,1.81,,,7,0,Cc,,4909,,,27.1,,,,
146,2025-09-22 11:00,25.4,,1.4,90,51,16.5,14.5,1013.3,1020.3,.8,1.91,,,8,0,Cc,,4552,,,28.3,,,,
146,2025-09-22 12:00,25.2,,2.5,50,52,16.6,14.6,1012.9,1019.9,.1,1.7,,,9,7,AcCi,30,4880,,,28.2,,,,
146,2025-09-22 13:00,26,,2.3,50,50,16.7,14.7,1012.3,1019.2,.1,1.84,,,9,5,AcCi,30,4742,,,28.9,,,,
146,2025-09-22 14:00,25.8,,1.9,50,52,17.2,15.1,1011.5,1018.4,0,1.18,,,10,3,ScAs,15,4912,,,27.9,,,,
146,2025-09-22 15:00,25.6,,1.9,70,51,16.7,14.7,1011.3,1018.2,0,.95,,,9,4,AsCi,28,4753,,,27.1,,,,
146,2025-09-22 16:00,25.2,,1.4,70,56,17.8,15.7,1011.1,1018,0,.76,,,9,5,AsCi,30,5000,,,26.2,,,,
146,2025-09-22 17:00,24.4,,2.2,50,63,19.1,16.8,1011.3,1018.3,0,.51,,,9,6,AsCi,30,4874,,,25.4,,,,
146,2025-09-22 18:00,23.4,,2.3,50,69,19.7,17.3,1011.7,1018.7,0,.24,,,9,0,Ci,,4968,,,23.7,,,,
146,2025-09-22 19:00,23.2,,3,90,65,18.4,16.2,1011.9,1018.9,0,.04,,,10,1,,,4867,,,21.7,,,,
146,2025-09-22 20:00,22.6,,2,90,66,18.1,15.9,1012.2,1019.2,,,,,9,4,,54,5000,,,21.2,,,,
146,2025-09-22 21:00,22,,1.7,140,68,17.9,15.8,1012.7,1019.7,,,,,9,0,Ci,,4929,,,20.7,,,,
146,2025-09-22 22:00,21.6,,1.1,140,67,17.3,15.2,1013,1020.1,,,,,10,5,,51,4960,,,20.7,,,,
146,2025-09-22 23:00,21.3,0,1.3,140,68,17.2,15.1,1013.4,1020.5,,,,,10,3,ScAs,10,4904,,01,20.4,,,,
146,2025-09-23 00:00,20.7,0,1.8,140,74,17.9,15.8,1013.4,1020.5,,,,,10,3,ScAs,10,4913,,01,20.2,,,,
146,2025-09-23 01:00,20.2,0,1.6,70,72,16.9,14.9,1013.2,1020.3,,,,,10,3,ScAs,10,4387,,01,20,,,,
146,2025-09-23 02:00,19.8,0,1.1,50,72,16.5,14.5,1012.9,1020,,,,,10,4,ScAs,10,4967,,01,19.8,,,,
146,2025-09-23 03:00,19.5,0,1.1,70,75,16.9,14.9,1012.4,1019.5,,,,,10,2,ScAs,10,4858,,01,19.6,,,,
146,2025-09-23 04:00,19.1,,2.3,50,76,16.7,14.7,1012.3,1019.4,,,,,10,10,As,35,4886,,,19.3,,,,
146,2025-09-23 05:00,18.9,,.8,90,78,16.9,14.9,1011.9,1019,,,,,9,9,Ac,40,4970,,,19,,,,
146,2025-09-23 06:00,18.5,,1.1,50,75,15.9,13.9,1012.2,1019.3,,,,,9,9,Ac,40,4981,,,18.8,,,,
146,2025-09-23 07:00,18.8,,1.2,50,76,16.4,14.4,1012.7,1019.8,0,.06,,,9,6,AcCi,35,4922,,,19.4,,,,
146,2025-09-23 08:00,19.4,,1.3,20,76,17,15,1012.8,1019.9,0,.23,,,9,8,AcCi,36,4757,,,20.3,,,,
146,2025-09-23 09:00,21,,.9,20,74,18.3,16.1,1013,1020.1,0,.59,,,9,7,AcCi,38,3890,,,22.5,,,,
146,2025-09-23 10:00,23.8,,2.1,70,52,15.3,13.3,1012.7,1019.7,.6,1.59,,,7,7,Ac,38,4799,,,26.4,,,,
146,2025-09-23 11:00,25,,1.2,230,46,14.5,12.5,1012.2,1019.2,.6,1.94,,,8,8,Ac,35,4661,,,27.7,,,,
146,2025-09-23 12:00,27.1,,1.8,70,42,15,13,1011.4,1018.3,.7,2.54,,,8,8,Ac,35,4193,,,31.7,,,,
146,2025-09-23 13:00,27.8,,2.2,70,43,16,14,1010.6,1017.5,.8,2.53,,,7,7,Ac,35,4539,,,33.5,,,,
146,2025-09-23 14:00,28.5,,1.3,250,42,16.3,14.3,1009.6,1016.5,1,2.61,,,3,3,Ac,35,4330,,,34.7,,,,
146,2025-09-23 15:00,28.8,,2.1,20,41,16.2,14.2,1009.2,1016,1,2.31,,,3,0,Cc,,4534,,,33.6,,,,
146,2025-09-23 16:00,29.7,,1.3,180,39,16.2,14.2,1009,1015.8,.9,1.67,,,3,3,Ac,42,4669,,,32.9,,,,
146,2025-09-23 17:00,28.5,,2,160,40,15.5,13.5,1008.9,1015.7,1,1.27,,,4,1,AcCi,35,4862,,,30.2,,,,
146,2025-09-23 18:00,26.7,,2.1,140,43,15,13,1009.2,1016.1,1,.53,,,3,0,Ci,,4887,,,25,,,,
146,2025-09-23 19:00,24.7,,1.9,140,49,15.2,13.2,1009.5,1016.4,.2,.03,,,5,0,,,5000,,,22.6,,,,
146,2025-09-23 20:00,23.2,,1.8,140,59,16.7,14.7,1010,1017,,,,,5,0,,,5000,,,21.4,,,,
146,2025-09-23 21:00,22.7,,1.7,110,62,17,15,1010.6,1017.6,,,,,0,0,,,4948,,,20.7,,,,
146,2025-09-23 22:00,21.4,,1.8,140,70,17.7,15.6,1010.5,1017.5,,,,,7,0,,,5000,,,20.2,,,,
146,2025-09-23 23:00,20.9,,1.6,110,72,17.7,15.6,1010.1,1017.2,,,,,7,2,,76,4897,,,19.9,,,,
146,2025-09-24 00:00,21.2,,1.9,140,71,17.8,15.7,1009.5,1016.5,,,,,0,0,,,4823,,,19.6,,,,
146,2025-09-24 01:00,21.6,,1.6,110,68,17.5,15.4,1009.2,1016.2,,,,,7,0,,,4975,,,19.5,,,,
146,2025-09-24 02:00,21.5,,1.5,90,69,17.6,15.5,1008.9,1015.9,,,,,6,0,,,4933,,,19.3,,,,
146,2025-09-24 03:00,21.7,,2.5,110,71,18.4,16.2,1008.2,1015.2,,,,,0,0,,,4939,,,19.2,,,,
146,2025-09-24 04:00,21.3,,2.3,110,73,18.4,16.2,1007.4,1014.4,,,,,0,0,,,4904,,,19.2,,,,
146,2025-09-24 05:00,21.1,,1.6,140,75,18.6,16.4,1007.1,1014.1,,,,,5,0,Ci,,4845,,,19.3,,,,
146,2025-09-24 06:00,21.2,,1.4,140,76,19,16.7,1007.2,1014.2,,,,,7,0,Ci,,4737,,,19.3,,,,
146,2025-09-24 07:00,21.8,,2.4,140,76,19.7,17.3,1007,1014,.1,.05,,,6,0,Cs,,4643,,,19.7,,,,
146,2025-09-24 08:00,24.4,,2,140,70,21.3,18.5,1006.9,1013.8,.9,.49,,,8,0,Cs,,4680,,,21.5,,,,
146,2025-09-24 09:00,25.7,,.6,230,68,22.4,19.3,1007.1,1014,.6,.93,,,9,2,AcCc,30,4601,,,24.4,,,,
146,2025-09-24 10:00,26.2,,2.2,140,69,23.4,20,1007.3,1014.2,0,.91,,,10,10,As,24,3771,,,27.1,,,,
146,2025-09-24 11:00,28.4,,2.8,140,67,25.8,21.6,1006.7,1013.5,.2,1.51,,,10,3,ScAs,10,3050,,,30.2,,,,
146,2025-09-24 12:00,28.9,,3.7,200,69,27.4,22.6,1006.6,1013.4,.1,1.49,,,10,4,ScAs,13,3389,,,31.7,,,,
146,2025-09-24 13:00,28.8,,3.3,160,70,27.6,22.7,1006.5,1013.3,.1,1.41,,,10,6,ScAs,12,3114,,,31,,,,
146,2025-09-24 14:00,27.9,,3,180,73,27.4,22.6,1006.2,1013,0,.68,,,10,9,ScAs,9,2689,,,28.4,,,,
146,2025-09-24 15:00,27.9,,2.1,180,74,27.7,22.8,1006.4,1013.2,0,.52,,,10,7,ScAs,9,3034,,,28.2,,,,
146,2025-09-24 16:00,28.3,,2.2,180,74,28.4,23.2,1006.1,1012.9,0,.51,,,10,9,ScAs,8,3428,,,28.4,,,,
146,2025-09-24 17:00,23.1,0,2.2,230,89,25,21.1,1007.1,1014.1,0,.14,,,10,9,ScAs,6,1271,,01,23.8,,,,
146,2025-09-24 18:00,23.1,3.6,1.8,110,90,25.3,21.3,1006.9,1013.9,0,.11,,,9,7,ScAs,15,4844,,01,24.3,,,,
146,2025-09-24 19:00,23.2,,.6,70,90,25.5,21.4,1007.9,1014.9,0,.03,,,10,6,,25,4284,,,23.7,,,,
146,2025-09-24 20:00,23.3,0,1.3,110,91,26,21.7,1008.9,1015.9,,,,,10,3,ScAs,15,4265,,01,23.6,,,,
146,2025-09-24 21:00,23,.4,1.5,110,92,25.8,21.6,1008.3,1015.3,,,,,10,5,ScAs,15,4446,,01,23.2,,,,
146,2025-09-24 22:00,23.1,,1.4,110,90,25.3,21.3,1009,1016,,,,,9,4,,23,4960,,,23,,,,
146,2025-09-24 23:00,23,,1.1,140,90,25.2,21.2,1009.1,1016.1,,,,,10,5,,43,5000,,,22.8,,,,
146,2025-09-25 00:00,22.6,,1.7,140,92,25.2,21.2,1008.8,1015.8,,,,,10,3,ScAs,15,4010,,,22.7,,,,
146,2025-09-25 01:00,22.9,,1,140,91,25.3,21.3,1009.2,1016.2,,,,,10,2,,17,4855,,,22.7,,,,
146,2025-09-25 02:00,22.7,0,.3,0,92,25.3,21.3,1009,1016,,,,,10,3,ScAs,15,4417,,01,22.7,,,,
146,2025-09-25 03:00,22.7,2.5,1.1,230,93,25.6,21.5,1009.5,1016.5,,,,,10,5,ScAs,6,161,,01,22.7,,,,
146,2025-09-25 04:00,22.5,6.7,.7,110,94,25.5,21.4,1009.3,1016.3,,,,,10,4,StNs,2,738,,01,22.8,,,,
146,2025-09-25 05:00,22.4,9.6,1.2,110,94,25.3,21.3,1009.8,1016.8,,,,,10,5,StNs,1,614,,01,22.7,,,,
146,2025-09-25 06:00,22.4,2.1,.7,140,94,25.3,21.3,1010.1,1017.1,,,,,10,5,StNs,5,2360,,01,22.8,,,,
146,2025-09-25 07:00,22.5,1.5,.5,180,94,25.5,21.4,1010.7,1017.7,0,.01,,,10,6,StNs,3,669,,01,22.9,,,,
146,2025-09-25 08:00,22.5,1,1.9,140,95,25.8,21.6,1010.9,1017.9,0,.1,,,10,1,StNs,7,3207,,01,23.2,,,,
146,2025-09-25 09:00,23.1,.3,.6,160,93,26.1,21.8,1011.6,1018.6,0,.26,,,10,3,ScAs,6,4883,,01,24.6,,,,
146,2025-09-25 10:00,23.5,.4,2.1,180,91,26.3,21.9,1012.4,1019.4,0,.49,,,10,3,ScAs,8,1021,,01,25.4,,,,
146,2025-09-25 11:00,23.3,5.5,1.4,140,92,26.3,21.9,1012.1,1019.1,0,.51,,,10,3,ScAs,6,1205,,01,25.9,,,,
146,2025-09-25 12:00,23.3,3.9,1.9,140,94,26.8,22.2,1011.7,1018.7,0,.5,,,10,2,StNs,7,807,,01,26,,,,
146,2025-09-25 13:00,24.5,.8,.8,110,90,27.6,22.7,1011.2,1018.2,0,.99,,,10,5,ScAs,6,5000,,01,28.8,,,,
146,2025-09-25 14:00,24.2,,1.2,200,89,26.8,22.2,1011,1018,0,.5,,,10,9,ScAs,8,5000,,,26.5,,,,
146,2025-09-25 15:00,24.1,0,1.8,180,90,26.9,22.3,1010.7,1017.7,0,.63,,,9,9,Sc,8,1906,,01,27.3,,,,
146,2025-09-25 16:00,25.5,0,.9,140,86,27.9,22.9,1010.5,1017.4,.1,1.1,,,9,9,Sc,10,5000,,01,28.6,,,,
146,2025-09-25 17:00,25.6,,.9,110,82,26.8,22.2,1010.5,1017.4,.1,.72,,,9,2,ScAcCi,12,5000,,,28.1,,,,
146,2025-09-25 18:00,25.1,,1.3,270,82,26.1,21.8,1010.6,1017.5,.2,.28,,,9,5,ScCi,12,4979,,,25.8,,,,
146,2025-09-25 19:00,24.2,,1,250,86,26,21.7,1011.1,1018.1,0,.02,,,6,3,,7,5000,,,24.7,,,,
146,2025-09-25 20:00,24.1,,1.4,230,88,26.3,21.9,1011.8,1018.8,,,,,9,4,,4,5000,,,24.3,,,,
146,2025-09-25 21:00,23.7,,2,230,90,26.3,21.9,1012.2,1019.2,,,,,8,8,Sc,13,4922,,,24,,,,
146,2025-09-25 22:00,23.3,,2.2,250,93,26.4,22,1012.4,1019.4,,,,,7,2,,2,1873,,,23.8,,,,
146,2025-09-25 23:00,23.1,,1.7,290,91,25.6,21.5,1012.6,1019.6,,,,,4,4,,2,2596,,,23.5,,,,
146,2025-09-26 00:00,22.8,,.9,320,91,25.2,21.2,1012.3,1019.3,,,,,8,4,ScAs,6,1837,,,23.1,,,,
146,2025-09-26 01:00,22.6,,1.6,340,93,25.5,21.4,1012.4,1019.4,,,,,9,2,ScAs,12,960,,19,23.1,,,,
146,2025-09-26 02:00,22.3,,1.9,340,94,25.2,21.2,1012.6,1019.6,,,,,10,10,St,3,570,,19,23,,,,
146,2025-09-26 03:00,21.9,,1.6,320,94,24.6,20.8,1012.4,1019.4,,,,,8,8,St,5,495,,19,22.5,,,,
146,2025-09-26 04:00,21.2,,1.5,320,95,23.8,20.3,1012.5,1019.6,,,,,4,4,St,4,215,,19,21.6,,,,
146,2025-09-26 05:00,20.7,,1,320,95,23.1,19.8,1012.5,1019.6,,,,,3,3,St,5,245,,19,20.9,,,,
146,2025-09-26 06:00,20.6,,1.2,20,96,23.2,19.9,1012.5,1019.6,,,,,10,10,,2,24,,1916,21.1,,,,
146,2025-09-26 07:00,20.9,,1.3,320,95,23.4,20,1013.1,1020.2,0,.03,,,9,9,St,4,399,,1916,18.1,,,,
146,2025-09-26 08:00,21,,2,340,92,22.8,19.6,1013.5,1020.6,0,.34,,,8,8,St,2,423,,19,23,,,,
146,2025-09-26 09:00,22.5,,1.8,340,88,24,20.4,1013.7,1020.7,.3,.9,,,4,2,ScCi,10,725,,19,23.9,,,,
146,2025-09-26 10:00,23.8,,1.8,320,82,24.1,20.5,1013.2,1020.2,1,1.77,,,7,2,ScCi,11,1618,,19,27.7,,,,
146,2025-09-26 11:00,25.1,,1.5,320,74,23.5,20.1,1012.8,1019.8,1,2.3,,,6,0,Ci,,2906,,,30.5,,,,
146,2025-09-26 12:00,26.3,,1.7,290,58,19.7,17.3,1012.2,1019.1,1,2.62,,,7,0,Ci,,4177,,,32.3,,,,
146,2025-09-26 13:00,27.6,,2.6,320,59,21.7,18.8,1011.9,1018.8,1,2.71,,,6,0,Ci,,2912,,,32.6,,,,
146,2025-09-26 14:00,27.2,,2,320,58,20.9,18.2,1011.3,1018.2,1,2.4,,,7,0,Ci,,2747,,,32.7,,,,
146,2025-09-26 15:00,27.8,,1.4,290,55,20.5,17.9,1011,1017.9,.9,2.16,,,6,0,Ci,,3165,,,32.2,,,,
146,2025-09-26 16:00,27.9,,2.8,250,52,19.5,17.1,1010.7,1017.6,1,1.88,,,5,0,Ci,,3185,,,30.8,,,,
146,2025-09-26 17:00,26.4,,2.8,320,50,17.2,15.1,1011,1017.9,1,1.17,,,3,0,Ci,,4061,,,26.7,,,,
146,2025-09-26 18:00,24.2,,2.8,340,64,19.2,16.9,1011.3,1018.3,.4,.33,,,4,0,Ci,,3274,,,23.3,,,,
146,2025-09-26 19:00,23.3,,2,320,69,19.6,17.2,1011.6,1018.6,0,.01,,,8,6,,62,2962,,,22.3,,,,
146,2025-09-26 20:00,22.6,,1.5,340,72,19.6,17.2,1011.8,1018.8,,,,,8,8,,62,2207,,,21.8,,,,
146,2025-09-26 21:00,21.9,,1.2,50,79,20.6,18,1011.9,1018.9,,,,,9,0,Ci,,1898,,,21.9,,,,
146,2025-09-26 22:00,22.2,,1.3,230,80,21.3,18.5,1012.3,1019.3,,,,,10,9,,58,1825,,,21.5,,,,
146,2025-09-26 23:00,21.2,,.2,0,84,21,18.3,1012.2,1019.3,,,,,10,5,,39,1099,,,21.6,,,,
146,2025-09-27 00:00,21.3,,.7,110,84,21.2,18.4,1011.8,1018.8,,,,,10,3,ScAs,15,1918,,,21.5,,,,
146,2025-09-27 01:00,20.9,,2.4,320,88,21.7,18.8,1011.6,1018.7,,,,,10,4,,46,1443,,,21.2,,,,
146,2025-09-27 02:00,20.9,,.9,160,85,20.9,18.2,1011.1,1018.2,,,,,10,4,,40,1917,,,21.1,,,,
146,2025-09-27 03:00,20.3,,1.1,290,88,20.9,18.2,1011.6,1018.7,,,,,10,10,As,30,1030,,,20.8,,,,
146,2025-09-27 04:00,20.5,,.8,50,88,21.2,18.4,1011.2,1018.3,,,,,10,10,As,30,1705,,,20.9,,,,
146,2025-09-27 05:00,20.5,,1.6,110,86,20.6,18,1011.2,1018.3,,,,,8,0,Ci,,2058,,,20.6,,,,
146,2025-09-27 06:00,19.9,,1.3,140,87,20.1,17.6,1011.1,1018.2,,,,,4,0,Ci,,2397,,,19.7,,,,
146,2025-09-27 07:00,20.1,,1.3,90,87,20.4,17.8,1011.1,1018.2,0,.04,,,7,0,Ci,,2247,,,19.7,,,,
146,2025-09-27 08:00,22.1,,.7,180,79,20.9,18.2,1011.2,1018.2,1,.48,,,6,0,Ci,,2965,,,21,,,,
146,2025-09-27 09:00,24.5,,.6,20,71,21.7,18.8,1011.7,1018.7,.8,.98,,,3,0,Ci,,3472,,,23.4,,,,
146,2025-09-27 10:00,25.7,,1.3,270,66,21.7,18.8,1011.5,1018.4,1,1.91,,,4,0,Ci,,3209,,,28.3,,,,
146,2025-09-27 11:00,28.1,,1.4,140,62,23.5,20.1,1011.2,1018.1,1,2.48,,,4,2,ScCi,10,3248,,,31.9,,,,
146,2025-09-27 12:00,28.2,,1.9,180,60,22.8,19.6,1010.4,1017.3,.9,2.36,,,5,3,ScCi,10,3680,,,32.9,,,,
146,2025-09-27 13:00,28.2,,1.2,90,55,20.9,18.2,1009.9,1016.8,.6,2.2,,,6,4,ScCi,12,3679,,,31,,,,
146,2025-09-27 14:00,28.8,,1.6,290,58,22.9,19.7,1009.3,1016.1,0,1.47,,,7,5,ScAc,15,3079,,,31.3,,,,
146,2025-09-27 15:00,29,,1.1,290,56,22.4,19.3,1008.9,1015.7,.2,1.35,,,8,6,ScCi,13,3554,,,31.3,,,,
146,2025-09-27 16:00,28.3,,1.7,50,58,22.2,19.2,1008.5,1015.4,.7,1.42,,,9,7,ScCi,14,3019,,,29.8,,,,
146,2025-09-27 17:00,26.7,,2.8,340,64,22.4,19.3,1008.8,1015.7,0,.27,,,9,8,ScCi,11,3746,,,26.1,,,,
146,2025-09-27 18:00,25.2,,2.4,320,77,24.6,20.8,1009.2,1016.1,0,.09,,,8,7,ScCi,12,1630,,,24.5,,,,
146,2025-09-27 19:00,24.2,,2.2,230,82,24.7,20.9,1008.9,1015.9,0,.01,,,8,0,,,1134,,,23.9,,,,
146,2025-09-27 20:00,23.7,,1.3,270,84,24.6,20.8,1009.2,1016.2,,,,,9,4,,4,1098,,,23.6,,,,
146,2025-09-27 21:00,23.2,,1.6,270,86,24.4,20.7,1009.4,1016.4,,,,,10,10,As,28,1042,,,23.3,,,,
146,2025-09-27 22:00,23,.1,1.8,270,88,24.6,20.8,1009.3,1016.3,,,,,10,6,ScAs,8,613,,1901,23.1,,,,
146,2025-09-27 23:00,22.6,0,1.5,320,89,24.3,20.6,1009,1016,,,,,10,8,ScAs,7,618,,1901,23.1,,,,
146,2025-09-28 00:00,22.6,0,.8,340,90,24.6,20.8,1008.6,1015.6,,,,,10,6,,,447,,1901,23.2,,,,
146,2025-09-28 01:00,22.5,0,1.4,50,91,24.7,20.9,1008,1015,,,,,10,3,ScAs,7,279,,1901,23.2,,,,
146,2025-09-28 02:00,22.5,,1.6,70,91,24.7,20.9,1007.2,1014.2,,,,,9,8,,13,477,,19,23.1,,,,
146,2025-09-28 03:00,22.4,,1,50,91,24.6,20.8,1006.9,1013.9,,,,,10,6,ScAs,15,524,,19,23,,,,
146,2025-09-28 04:00,22.6,0,1,70,90,24.6,20.8,1006.1,1013.1,,,,,10,5,ScAs,16,823,,1901,22.9,,,,
146,2025-09-28 05:00,22.3,0,1.7,140,85,22.8,19.6,1005.7,1012.7,,,,,10,3,ScAs,13,2828,,1901,22.7,,,,
146,2025-09-28 06:00,22.1,,1.5,140,85,22.5,19.4,1005.2,1012.2,,,,,10,9,ScAs,13,2940,,,22.5,,,,
146,2025-09-28 07:00,22.6,0,1.4,180,80,21.8,18.9,1005.1,1012.1,0,.01,,,10,8,ScAs,11,3684,,01,22.5,,,,
146,2025-09-28 08:00,23,0,2,180,80,22.4,19.3,1004.8,1011.8,0,.14,,,10,7,ScAs,11,3695,,01,22.9,,,,
146,2025-09-28 09:00,22.7,0,2.6,200,83,22.8,19.6,1004.7,1011.7,0,.23,,,10,6,ScAs,8,3709,,01,23.2,,,,
146,2025-09-28 10:00,21.8,.2,2.2,180,88,22.9,19.7,1004.3,1011.3,0,.23,,,10,5,ScAs,7,3064,,01,23.2,,,,
146,2025-09-28 11:00,22.3,0,4.5,180,86,23.1,19.8,1003.7,1010.7,0,.33,,,10,6,ScAs,7,2447,,01,23.2,,,,
146,2025-09-28 12:00,21.9,3.2,2.6,200,93,24.4,20.7,1003.8,1010.8,0,.29,,,10,7,StNs,5,713,,01,23.5,,,,
146,2025-09-28 13:00,22.9,3.4,4.1,230,90,25,21.1,1002.7,1009.6,0,.5,,,10,8,StNs,4,2981,,01,24.1,,,,
146,2025-09-28 14:00,22,0,3.4,290,93,24.6,20.8,1002.6,1009.6,0,.26,,,10,9,ScAs,12,809,,01,23.2,,,,
146,2025-09-28 15:00,21.7,.5,2.8,290,93,24.1,20.5,1002.6,1009.6,0,.31,,,10,8,ScAs,13,2171,,01,23.7,,,,
146,2025-09-28 16:00,21.2,0,4,270,92,23.1,19.8,1003,1010,0,.32,,,10,7,ScAs,12,3007,,01,23,,,,
146,2025-09-28 17:00,21.2,,3.3,270,91,22.8,19.6,1003.5,1010.5,0,.28,,,10,6,ScAs,13,2465,,,22.5,,,,
146,2025-09-28 18:00,21.2,,3.4,270,90,22.5,19.4,1003.9,1010.9,0,.14,,,9,5,ScAs,13,3956,,,22,,,,
146,2025-09-28 19:00,21.1,,3.2,270,90,22.4,19.3,1004.4,1011.4,0,.02,,,10,6,,4,3214,,,21.5,,,,
146,2025-09-28 20:00,20.3,,3.4,270,89,21.2,18.4,1005.2,1012.2,,,,,10,2,,4,3260,,,20.8,,,,
146,2025-09-28 21:00,20,,3.1,270,87,20.2,17.7,1005.7,1012.7,,,,,9,9,Sc,6,3063,,,20.3,,,,
146,2025-09-28 22:00,19.3,,1.9,270,87,19.4,17,1005.9,1013,,,,,6,5,,8,2717,,,19.8,,,,
146,2025-09-28 23:00,19.2,,1.5,230,87,19.2,16.9,1006.3,1013.4,,,,,9,4,,12,3121,,,19.5,,,,
146,2025-09-29 00:00,19.1,,.3,0,87,19.1,16.8,1005.8,1012.8,,,,,9,9,Sc,13,3132,,,20,,,,
146,2025-09-29 01:00,19.2,,.2,0,85,18.9,16.6,1005.5,1012.6,,,,,10,5,,12,2825,,,20.2,,,,
146,2025-09-29 02:00,19.3,,1.1,140,88,19.6,17.2,1005.7,1012.8,,,,,9,8,,10,2676,,,20.3,,,,
146,2025-09-29 03:00,19.1,,.8,140,89,19.6,17.2,1005.6,1012.7,,,,,6,6,Sc,10,2883,,,20,,,,
146,2025-09-29 04:00,19,,1.2,110,90,19.7,17.3,1005.4,1012.5,,,,,6,6,Sc,10,2517,,,20,,,,
146,2025-09-29 05:00,18.8,0,1,140,90,19.5,17.1,1005.7,1012.8,,,,,10,2,ScAs,8,2374,,01,19.8,,,,
146,2025-09-29 06:00,18.8,0,1.1,110,91,19.6,17.2,1006.1,1013.2,,,,,9,9,As,35,2079,,01,19.6,,,,
146,2025-09-29 07:00,18.9,,.8,110,91,19.7,17.3,1006.6,1013.7,0,.03,,,7,3,ScAc,10,2218,,,19.5,,,,
146,2025-09-29 08:00,19.3,,.2,0,92,20.5,17.9,1007.1,1014.2,.1,.21,,,7,4,ScAc,12,1600,,,20.2,,,,
146,2025-09-29 09:00,20.5,,.6,340,87,20.9,18.2,1007.5,1014.5,0,.56,,,9,5,ScAc,16,1270,,,22.4,,,,
146,2025-09-29 10:00,21.9,,2.1,340,77,20.1,17.6,1007.4,1014.4,.3,1.22,,,5,4,ScCi,15,2557,,,25.3,,,,
146,2025-09-29 11:00,22.6,,1.9,320,67,18.3,16.1,1007.3,1014.3,.7,1.94,,,8,7,ScAc,17,3575,,,27.4,,,,
146,2025-09-29 12:00,23.6,,2,320,66,19.1,16.8,1006.8,1013.8,.6,2.34,,,7,6,ScCi,9,3691,,,29.2,,,,
146,2025-09-29 13:00,23.9,,2.3,340,57,16.8,14.8,1006.3,1013.2,.8,2.6,,,6,5,ScAc,10,3967,,,28.8,,,,
146,2025-09-29 14:00,23.8,,2.1,320,60,17.6,15.5,1006,1012.9,.1,1.55,,,7,6,ScCi,10,4403,,,28.1,,,,
146,2025-09-29 15:00,23.7,,1.7,340,61,17.8,15.7,1005.7,1012.6,.3,1.35,,,6,5,ScAc,12,4061,,,26.1,,,,
146,2025-09-29 16:00,24.8,,1.8,320,55,17.2,15.1,1005.6,1012.5,.7,1.47,,,5,4,ScCi,16,4547,,,27.7,,,,
146,2025-09-29 17:00,24,,3.1,270,64,19,16.7,1005.5,1012.4,.9,1.15,,,6,5,ScCi,9,3696,,,26,,,,
146,2025-09-29 18:00,22.4,,3,270,69,18.6,16.4,1006,1013,1,.43,,,5,3,ScCi,10,4035,,,21.8,,,,
146,2025-09-29 19:00,21.2,,2.6,270,71,17.8,15.7,1006.4,1013.4,0,.01,,,1,1,,10,3716,,,20,,,,
146,2025-09-29 20:00,20.4,,2.1,250,73,17.4,15.3,1006.9,1013.9,,,,,0,0,,,4002,,,19.4,,,,
146,2025-09-29 21:00,19.7,,1.1,230,76,17.4,15.3,1007.3,1014.4,,,,,0,0,,,3648,,,18.7,,,,
146,2025-09-29 22:00,19.1,,1.3,180,82,18.1,15.9,1007.6,1014.7,,,,,0,0,,,3310,,,18.2,,,,
146,2025-09-29 23:00,18.1,,2,110,85,17.6,15.5,1007.2,1014.3,,,,,2,0,,,3024,,,17.8,,,,
146,2025-09-30 00:00,17.5,,1.1,140,87,17.4,15.3,1007.7,1014.8,,,,,0,0,,,2794,,,17.3,,,,
146,2025-09-30 01:00,16.9,,1.8,140,88,16.8,14.8,1007.6,1014.7,,,,,0,0,,,2662,,,16.9,,,,
146,2025-09-30 02:00,16.5,,1.7,110,89,16.6,14.6,1007.4,1014.6,,,,,2,0,,,2755,,,16.5,,,,
146,2025-09-30 03:00,16.2,,1.7,140,89,16.3,14.3,1007.5,1014.7,,,,,0,0,,,2763,,,16.2,,,,
146,2025-09-30 04:00,16.1,,1.9,110,89,16.2,14.2,1006.9,1014.1,,,,,8,0,Ci,,2604,,,16.5,,,,
146,2025-09-30 05:00,16.1,,1.3,110,89,16.2,14.2,1007,1014.2,,,,,9,0,Ci,,2819,,,16.5,,,,
146,2025-09-30 06:00,16.1,,1.6,140,89,16.2,14.2,1006.9,1014.1,,,,,8,2,ScCi,10,2969,,,16.7,,,,
146,2025-09-30 07:00,16.4,,2.1,140,89,16.5,14.5,1007.4,1014.6,0,.02,,,6,0,CsCcCi,,2764,,,16.7,,,,
146,2025-09-30 08:00,18.2,,1.3,140,84,17.5,15.4,1007.9,1015,.3,.41,,,8,5,AcCi,35,3113,,,18.5,,,,
146,2025-09-30 09:00,19.7,,.8,90,79,18.1,15.9,1007.8,1014.9,0,.69,,,9,0,Ci,,3711,,,21.1,,,,
146,2025-09-30 10:00,22.3,,1.2,140,72,19.4,17,1007.5,1014.5,.9,1.46,,,9,1,ScCi,10,2742,,,25.8,,,,
146,2025-09-30 11:00,22.6,,1.1,250,67,18.3,16.1,1007.1,1014.1,.4,1.58,,,8,4,ScCi,9,4243,,,25.8,,,,
146,2025-09-30 12:00,23.8,,.9,180,60,17.6,15.5,1006.5,1013.5,.7,2.01,,,6,5,ScCi,10,4644,,,29.5,,,,
146,2025-09-30 13:00,25,,3,270,54,17,15,1005.5,1012.4,.7,2.38,,,7,6,ScCi,11,4305,,,31.2,,,,
146,2025-09-30 14:00,24.5,,3.8,270,48,14.7,12.7,1005.4,1012.3,.9,2.47,,,8,6,ScAc,13,3765,,,28.3,,,,
146,2025-09-30 15:00,25.4,,2.1,290,53,17.2,15.1,1005.1,1012,.8,2.11,,,4,3,ScAc,12,3763,,,30.9,,,,
146,2025-09-30 16:00,25.9,,1.9,270,51,16.9,14.9,1004.7,1011.6,1,1.79,,,5,4,ScAc,10,3985,,,29.6,,,,
146,2025-09-30 17:00,23.8,,2.2,270,58,17,15,1004.3,1011.2,.6,.95,,,7,6,ScAc,10,4569,,,25.4,,,,
146,2025-09-30 18:00,23.1,,2.2,270,62,17.5,15.4,1004.6,1011.6,.1,.22,,,7,7,Sc,12,4687,,,22.7,,,,
146,2025-09-30 19:00,21.8,,2.2,270,72,18.8,16.5,1005,1012,0,.01,,,7,4,,53,3574,,,20.9,,,,
146,2025-09-30 20:00,21,,2.3,270,72,17.8,15.7,1005.9,1012.9,,,,,5,2,,11,3246,,,19.8,,,,
146,2025-09-30 21:00,20.8,,1.2,200,72,17.6,15.5,1006.5,1013.5,,,,,4,4,Sc,9,2776,,,20.2,,,,
146,2025-09-30 22:00,20.1,,.9,180,75,17.6,15.5,1006.7,1013.8,,,,,0,0,,,2870,,,19.1,,,,
146,2025-09-30 23:00,18.5,,2,140,83,17.6,15.5,1006.5,1013.6,,,,,0,0,,,2785,,,18.3,,,,
146,2025-10-01 00:00,17.9,,1.5,140,85,17.4,15.3,1006.4,1013.5,,,,,2,2,Sc,,2733,,,17.8,,,,
146,2025-10-01 01:00,17.4,,1.1,140,86,17,15,1006.4,1013.5,,,,,0,0,,,2615,,,17.3,,,,
146,2025-10-01 02:00,17.1,,1.3,110,87,16.9,14.9,1006.2,1013.3,,,,,0,0,,,2509,,,16.9,,,,
146,2025-10-01 03:00,16.5,,1.5,110,89,16.6,14.6,1006.3,1013.4,,,,,0,0,,,2185,,,16.5,,,,
146,2025-10-01 04:00,16.2,,1.6,110,89,16.3,14.3,1006.5,1013.7,,,,,0,0,,,2177,,,16.1,,,,
146,2025-10-01 05:00,15.8,,1.8,110,90,16.1,14.1,1006.8,1014,,,,,0,0,,,1978,,,15.8,,,,
146,2025-10-01 06:00,15.6,,1.4,140,91,16.1,14.1,1007.1,1014.3,,,,,0,0,,,1997,,,15.5,,,,
146,2025-10-01 07:00,15.6,,1.6,110,91,16.1,14.1,1007.5,1014.7,0,.03,,,0,0,,,1838,,,15.6,,,,
146,2025-10-01 08:00,18.3,,1,140,82,17.2,15.1,1007.7,1014.8,1,.46,,,0,0,,,2479,,,17.1,,,,
146,2025-10-01 09:00,20.3,,.9,200,75,17.8,15.7,1007.8,1014.9,1,1.14,,,0,0,,,2504,,,19.9,,,,
146,2025-10-01 10:00,22.4,,.4,0,71,19.1,16.8,1007.9,1014.9,1,1.7,,,8,0,Ci,,2202,,,24.2,,,,
146,2025-10-01 11:00,23.8,,1.8,340,66,19.4,17,1008,1015,1,2.26,,,4,1,ScCi,10,1621,,,27.8,,,,
146,2025-10-01 12:00,25.4,,1.1,160,58,18.8,16.5,1007.5,1014.4,1,2.57,,,2,0,Cc,,2291,,,31.5,,,,
146,2025-10-01 13:00,25.7,,1.5,290,51,16.7,14.7,1006.9,1013.8,1,2.73,,,1,0,Ci,,2226,,,32.1,,,,
146,2025-10-01 14:00,26.3,,2.5,290,51,17.4,15.3,1006.5,1013.4,1,2.5,,,6,0,Ci,,1718,,,31.3,,,,
146,2025-10-01 15:00,26.7,,2.4,290,44,15.4,13.4,1006.4,1013.3,1,2.18,,,5,0,Ci,,2999,,,30.7,,,,
146,2025-10-01 16:00,26.5,,2.3,320,45,15.5,13.5,1006.5,1013.4,1,1.71,,,3,0,Ci,,3598,,,28.6,,,,
146,2025-10-01 17:00,25.8,,1.5,270,53,17.5,15.4,1006.5,1013.4,.9,.89,,,3,0,Ci,,2659,,,26.2,,,,
146,2025-10-01 18:00,23.4,,2.1,320,62,17.7,15.6,1007,1014,.8,.34,,,3,2,AcCi,40,1510,,,22.3,,,,
146,2025-10-01 19:00,22,,2.6,290,64,16.8,14.8,1008.5,1015.5,0,.01,,,0,0,,,2397,,,20,,,,
146,2025-10-01 20:00,20.8,,2,270,70,17.2,15.1,1009.5,1016.6,,,,,3,0,,,1916,,,19.1,,,,
146,2025-10-01 21:00,20.4,,1.7,140,69,16.5,14.5,1009.3,1016.4,,,,,7,2,ScCi,15,2497,,,19.2,,,,
146,2025-10-01 22:00,19.8,,1,110,73,16.8,14.8,1009.5,1016.6,,,,,9,2,,,2224,,,18.8,,,,
146,2025-10-01 23:00,19.3,,1.3,140,76,16.9,14.9,1009,1016.1,,,,,8,0,,,1984,,,18.4,,,,
146,2025-10-02 00:00,18.9,,1.6,140,77,16.7,14.7,1009,1016,,,,,9,0,Ci,,2139,,,18.2,,,,
146,2025-10-02 01:00,18.6,,1.3,110,82,17.5,15.4,1009.2,1016.3,,,,,8,3,,69,1505,,,18.1,,,,
146,2025-10-02 02:00,18.3,,2,140,80,16.7,14.7,1009.1,1016.2,,,,,10,10,,66,1972,,,18.2,,,,
146,2025-10-02 03:00,18.1,,1.4,140,80,16.5,14.5,1009.2,1016.3,,,,,9,0,Ci,,2265,,,18.1,,,,
146,2025-10-02 04:00,18.2,,.8,110,80,16.6,14.6,1009.7,1016.8,,,,,9,0,Ci,,2105,,,18,,,,
146,2025-10-02 05:00,18.1,,1.6,140,82,16.9,14.9,1009.5,1016.6,,,,,9,0,Ci,,1844,,,18,,,,
146,2025-10-02 06:00,18.1,,1.3,110,82,16.9,14.9,1010.2,1017.3,,,,,9,0,Ci,,2104,,,18,,,,
146,2025-10-02 07:00,18.1,,1.2,140,82,16.9,14.9,1011,1018.1,0,.01,,,9,1,ScCi,5,1979,,,18.1,,,,
146,2025-10-02 08:00,18.4,,.5,140,84,17.7,15.6,1011.2,1018.3,0,.14,,,10,10,As,35,1807,,,18.8,,,,
146,2025-10-02 09:00,18.5,,1,50,85,18.1,15.9,1011.6,1018.7,0,.1,,,10,9,ScAs,10,1791,,,19.2,,,,
146,2025-10-02 10:00,20.4,0,1.5,70,78,18.6,16.4,1011.6,1018.7,0,.58,,,10,3,ScAs,10,1808,,01,22.2,,,,
146,2025-10-02 11:00,22.1,,1,340,74,19.6,17.2,1011.3,1018.3,0,1.16,,,9,7,AcCi,40,2341,,,24.4,,,,
146,2025-10-02 12:00,23.4,,.7,250,69,19.7,17.3,1011.4,1018.4,.1,1.17,,,9,5,AcCi,35,2080,,,27.2,,,,
146,2025-10-02 13:00,24.4,,.7,230,66,20.1,17.6,1010.7,1017.7,.4,1.68,,,9,2,AcCi,35,1778,,,28.8,,,,
146,2025-10-02 14:00,24.5,,.9,320,64,19.6,17.2,1010.3,1017.3,.3,1.46,,,8,4,AcCi,35,2059,,,27.4,,,,
146,2025-10-02 15:00,24.3,,.6,50,61,18.4,16.2,1010.4,1017.4,0,.81,,,10,10,As,35,2608,,,25.8,,,,
146,2025-10-02 16:00,23.7,,1.4,250,66,19.2,16.9,1010.6,1017.6,0,.5,,,10,10,As,35,1918,,,24.6,,,,
146,2025-10-02 17:00,23.4,,.3,0,65,18.6,16.4,1010.6,1017.6,0,.27,,,10,10,As,35,2254,,,24.1,,,,
146,2025-10-02 18:00,22.8,,1,230,73,20.1,17.6,1010.9,1017.9,0,.1,,,10,10,As,35,1926,,,22.5,,,,
146,2025-10-02 19:00,22.1,0,1.3,140,78,20.6,18,1010.8,1017.8,0,0,,,10,9,ScAs,10,2565,,01,21.7,,,,
146,2025-10-02 20:00,21.8,0,.9,180,78,20.2,17.7,1011.1,1018.1,,,,,10,8,ScAs,12,2623,,01,21.2,,,,
146,2025-10-02 21:00,21.2,0,.7,110,82,20.5,17.9,1011.5,1018.6,,,,,10,7,ScAs,10,2087,,01,20.9,,,,
146,2025-10-02 22:00,20.9,0,.2,0,79,19.5,17.1,1011.8,1018.9,,,,,10,6,ScAs,14,2859,,01,20.6,,,,
146,2025-10-02 23:00,20.3,0,1.7,110,84,20,17.5,1011.6,1018.7,,,,,10,5,StNs,3,1945,,01,20.3,,,,
146,2025-10-03 00:00,19.6,.7,1.4,110,88,20,17.5,1011.3,1018.3,,,,,10,4,StNs,5,1676,,01,20,,,,
146,2025-10-03 01:00,19,0,1,20,91,19.9,17.4,1012.2,1019.3,,,,,10,9,ScAs,9,914,,1901,19.8,,,,
146,2025-10-03 02:00,18.9,.5,.6,110,91,19.7,17.3,1010.9,1018,,,,,10,8,ScAs,10,883,,1901,19.6,,,,
146,2025-10-03 03:00,18.3,.8,1.9,140,92,19.2,16.9,1011.1,1018.2,,,,,10,7,StNs,8,343,,1901,19.4,,,,
146,2025-10-03 04:00,18.3,1.9,.3,0,92,19.2,16.9,1010.9,1018,,,,,10,6,StNs,6,334,,1901,19.3,,,,
146,2025-10-03 05:00,18.1,.9,1.1,90,92,19,16.7,1010.2,1017.3,,,,,10,5,StNs,7,558,,1901,19.2,,,,
146,2025-10-03 06:00,17.8,.8,1.7,50,93,18.9,16.6,1009.8,1016.9,,,,,10,5,StNs,5,401,,1901,18.9,,,,
146,2025-10-03 07:00,17.8,1.5,.9,360,93,18.9,16.6,1009.9,1017,0,0,,,10,5,StNs,5,105,,1901,18.9,,,,
146,2025-10-03 08:00,18.1,.5,1.3,110,93,19.2,16.9,1009.5,1016.6,0,.08,,,10,3,StNs,6,594,,191601,19.5,,,,
146,2025-10-03 09:00,18.8,.2,.9,140,89,19.2,16.9,1009.6,1016.7,0,.23,,,10,2,StNs,8,1075,,1901,20.5,,,,
146,2025-10-03 10:00,18.6,1.1,1.5,90,89,19,16.7,1010,1017.1,0,.33,,,10,6,StNs,8,334,,1901,21,,,,
146,2025-10-03 11:00,18.7,1.5,1.3,140,92,19.7,17.3,1009.1,1016.2,0,.39,,,10,5,StNs,8,315,,1901,21.7,,,,
146,2025-10-03 12:00,19.9,.5,1.9,90,87,20.1,17.6,1008.2,1015.3,0,.55,,,10,4,ScAs,12,3851,,1901,23.2,,,,
146,2025-10-03 13:00,19.9,0,2.1,140,87,20.1,17.6,1007.3,1014.4,0,.53,,,10,7,ScAs,13,1588,,01,22.9,,,,
146,2025-10-03 14:00,20.3,0,.8,110,85,20.1,17.6,1006.5,1013.5,0,.35,,,10,5,ScAs,12,4925,,01,22.6,,,,
146,2025-10-03 15:00,20.6,,1.8,110,83,20.1,17.6,1005.9,1012.9,0,.33,,,10,7,ScAs,12,5000,,,22.7,,,,
146,2025-10-03 16:00,20.1,.1,1,140,86,20.1,17.6,1006.1,1013.1,0,.24,,,10,7,ScAs,11,964,,01,21.9,,,,
146,2025-10-03 17:00,19.3,2.2,1.6,90,91,20.2,17.7,1006.1,1013.2,0,.13,,,10,3,StNs,5,543,,01,21.2,,,,
146,2025-10-03 18:00,19.2,1.3,.6,140,92,20.4,17.8,1006,1013.1,0,.04,,,10,5,StNs,1,1056,,01,20.8,,,,
146,2025-10-03 19:00,19,.7,1.5,90,92,20.1,17.6,1006.1,1013.2,0,0,,,10,5,StNs,10,1121,,01,20.3,,,,
146,2025-10-03 20:00,19,1.2,.8,90,93,20.4,17.8,1006.6,1013.7,,,,,10,5,StNs,9,985,,01,20.3,,,,
146,2025-10-03 21:00,18.9,.6,1.5,110,94,20.5,17.9,1006.9,1014,,,,,10,5,StNs,8,758,,01,20.2,,,,
146,2025-10-03 22:00,19.1,.1,1.6,90,92,20.2,17.7,1006.6,1013.7,,,,,10,5,StNs,8,4714,,01,20.1,,,,
146,2025-10-03 23:00,19.4,,1.5,90,92,20.6,18,1006.5,1013.6,,,,,9,9,,8,4642,,,20.2,,,,
146,2025-10-04 00:00,19.6,.1,1.4,110,91,20.6,18,1006,1013,,,,,8,8,Sc,7,5000,,01,20.4,,,,
146,2025-10-04 01:00,19.7,0,.7,90,91,20.8,18.1,1005.9,1013,,,,,10,8,StNs,8,2374,,0201,20.5,,,,
146,2025-10-04 02:00,19.8,.1,.5,140,92,21.2,18.4,1005.7,1012.8,,,,,10,9,StNs,6,1648,,02,20.6,,,,
146,2025-10-04 03:00,19.6,.1,.6,20,93,21.2,18.4,1005.6,1012.7,,,,,10,10,St,5,3006,,0201,20.6,,,,
146,2025-10-04 04:00,19.6,.4,.8,110,94,21.4,18.6,1005.8,1012.9,,,,,10,8,StNs,5,4037,,01,20.5,,,,
146,2025-10-04 05:00,19.6,,.8,90,94,21.4,18.6,1005.6,1012.7,,,,,9,4,ScAs,6,2836,,,20.5,,,,
146,2025-10-04 06:00,19.8,0,.9,140,93,21.4,18.6,1005.8,1012.9,,,,,10,5,StNs,11,2983,,02,20.4,,,,
146,2025-10-04 07:00,19.9,.1,.5,50,94,21.7,18.8,1006,1013.1,0,0,,,10,4,StNs,5,2680,,02,20.6,,,,
146,2025-10-04 08:00,20.2,.8,.7,110,94,22.1,19.1,1006.7,1013.7,0,.09,,,10,10,St,5,488,,1902,21.3,,,,
146,2025-10-04 09:00,20.9,.4,1,110,94,23.1,19.8,1006.9,1013.9,0,.34,,,10,10,St,4,754,,1902,23.1,,,,
146,2025-10-04 10:00,23.5,0,1.3,110,89,25.6,21.5,1006.9,1013.9,.2,1.21,,,8,8,Sc,10,4591,,1902,27.1,,,,
146,2025-10-04 11:00,24.1,,.6,270,83,24.9,21,1007,1013.9,0,1.21,,,10,5,ScAs,8,4844,,,27.8,,,,
146,2025-10-04 12:00,24.4,,.9,360,84,25.6,21.5,1006.6,1013.5,0,.91,,,10,8,ScAs,10,2921,,,28.3,,,,
146,2025-10-04 13:00,24.3,0,1.5,270,85,25.8,21.6,1006.1,1013,0,.67,,,10,7,StAs,3,3218,,01,26.8,,,,
146,2025-10-04 14:00,24.3,,1.4,20,84,25.5,21.4,1005.8,1012.7,0,.88,,,10,4,ScAs,7,2542,,,27.3,,,,
146,2025-10-04 15:00,26.4,,1.2,340,78,26.8,22.2,1005.7,1012.6,.3,1.41,,,8,6,ScAs,15,3665,,,31.7,,,,
146,2025-10-04 16:00,26.4,,1.7,90,76,26.1,21.8,1005.5,1012.4,.8,1.79,,,6,6,Sc,10,4320,,,30.6,,,,
146,2025-10-04 17:00,24.9,,.3,0,77,24.1,20.5,1005.5,1012.4,.2,.38,,,4,4,Sc,15,4851,,,26.3,,,,
146,2025-10-04 18:00,24.7,,.8,340,79,24.6,20.8,1005.9,1012.8,.4,.21,,,6,6,Sc,15,4760,,,24.7,,,,
146,2025-10-04 19:00,23.3,,1.2,340,84,24,20.4,1006.5,1013.5,0,0,,,0,0,,,4353,,,23.1,,,,
146,2025-10-04 20:00,22.7,,1.4,290,88,24.3,20.6,1007,1014,,,,,7,4,,6,2831,,,22.5,,,,
146,2025-10-04 21:00,22.6,,.4,0,89,24.3,20.6,1007.5,1014.5,,,,,6,3,ScCi,13,2126,,,22.5,,,,
146,2025-10-04 22:00,22.3,,.6,230,90,24.1,20.5,1007.7,1014.7,,,,,7,7,,2,1695,,,22.4,,,,
146,2025-10-04 23:00,21.8,,.9,180,92,24,20.4,1007.7,1014.7,,,,,7,3,,5,1035,,,21.7,,,,
146,2025-10-05 00:00,21.5,,.7,230,93,23.8,20.3,1007.7,1014.7,,,,,7,4,ScCi,8,1468,,,21.6,,,,
146,2025-10-05 01:00,21.6,,.6,140,92,23.7,20.2,1007.8,1014.8,,,,,7,7,,2,1660,,,22,,,,
146,2025-10-05 02:00,21.7,,.4,0,92,23.8,20.3,1007.7,1014.7,,,,,10,7,,1,1297,,,22.1,,,,
146,2025-10-05 03:00,21.7,,.2,0,92,23.8,20.3,1007.5,1014.5,,,,,10,10,St,6,627,,19,22.1,,,,
146,2025-10-05 04:00,21.6,,.7,140,92,23.7,20.2,1007.4,1014.4,,,,,10,10,St,5,1082,,19,22.1,,,,
146,2025-10-05 05:00,21.3,,1,140,93,23.5,20.1,1007.3,1014.3,,,,,10,10,St,7,817,,19,21.9,,,,
146,2025-10-05 06:00,21.4,,.6,160,93,23.7,20.2,1007.7,1014.7,,,,,9,9,Sc,15,1007,,19,21.8,,,,
146,2025-10-05 07:00,21.4,,1,110,93,23.7,20.2,1007.9,1014.9,0,.01,,,9,9,Sc,8,1164,,,22,,,,
146,2025-10-05 08:00,21.9,,.1,0,92,24.1,20.5,1008.6,1015.6,0,.12,,,10,10,St,3,1515,,,22.6,,,,
146,2025-10-05 09:00,22.2,0,.9,230,92,24.6,20.8,1008.9,1015.9,0,.14,,,10,10,St,2,777,,19,23.1,,,,
146,2025-10-05 10:00,22.5,0,1.2,200,92,25,21.1,1009.1,1016.1,0,.38,,,10,10,St,2,532,,1902,24.1,,,,
146,2025-10-05 11:00,23,1.4,1.7,230,91,25.5,21.4,1008.8,1015.8,0,.58,,,9,3,StAs,2,651,,190201,26.3,,,,
146,2025-10-05 12:00,25.2,,2.6,230,84,26.8,22.2,1008.1,1015,.2,1.69,,,9,4,ScAs,10,1490,,19,32.1,,,,
146,2025-10-05 13:00,24.6,0,2.9,270,82,25.3,21.3,1007.1,1014,.1,.93,,,9,5,ScAs,7,2196,,01,27.4,,,,
146,2025-10-05 14:00,24.4,,2.4,270,80,24.4,20.7,1006.9,1013.8,0,.84,,,9,5,ScAs,10,3345,,,26.5,,,,
146,2025-10-05 15:00,25.2,,2.6,250,76,24.3,20.6,1006.5,1013.4,.1,.85,,,8,5,ScAs,10,4030,,,27.4,,,,
146,2025-10-05 16:00,24.7,,2.5,270,77,23.8,20.3,1006.4,1013.3,.1,.78,,,8,5,ScAs,14,4358,,,25.9,,,,
146,2025-10-05 17:00,24.1,,2.7,290,80,24,20.4,1006.7,1013.6,.1,.47,,,8,6,ScAs,6,3461,,,24.8,,,,
146,2025-10-05 18:00,23,,2.2,270,82,22.9,19.7,1007,1014,.2,.22,,,10,5,ScAs,10,3410,,,23.1,,,,
146,2025-10-05 19:00,22.6,,2.4,250,82,22.4,19.3,1007.3,1014.3,0,.01,,,9,8,,15,3092,,,22.4,,,,
146,2025-10-05 20:00,22.4,,1.5,230,84,22.7,19.5,1007.6,1014.6,,,,,8,2,,10,2933,,,22.2,,,,
146,2025-10-05 21:00,21.7,,1.3,270,85,22,19,1008.1,1015.1,,,,,5,5,Sc,12,2392,,,21.4,,,,
146,2025-10-05 22:00,21.5,,.7,200,87,22.2,19.2,1008.1,1015.1,,,,,8,3,,12,2199,,,20.9,,,,
146,2025-10-05 23:00,21.2,,.2,0,89,22.4,19.3,1008.2,1015.2,,,,,8,1,,47,2067,,,20.6,,,,
146,2025-10-06 00:00,20.8,,.4,0,91,22.2,19.2,1008.3,1015.3,,,,,7,7,,,1499,,,20.5,,,,
146,2025-10-06 01:00,20.7,,.8,200,91,22.1,19.1,1008.4,1015.4,,,,,10,10,,39,1552,,,20.6,,,,
146,2025-10-06 02:00,20.6,,.9,160,91,22,19,1008.3,1015.3,,,,,10,8,,31,1952,,,20.8,,,,
146,2025-10-06 03:00,20.5,,0,0,92,22.1,19.1,1007.6,1014.6,,,,,9,9,Ac,30,1337,,,20.8,,,,
146,2025-10-06 04:00,20.6,,.9,110,92,22.2,19.2,1007.7,1014.7,,,,,9,9,Ac,31,1520,,,20.9,,,,
146,2025-10-06 05:00,20.3,,.9,70,92,21.8,18.9,1007.8,1014.9,,,,,9,9,Ac,29,1101,,,20.8,,,,
146,2025-10-06 06:00,20.3,,.7,140,92,21.8,18.9,1007.9,1015,,,,,9,9,Ac,28,1600,,,20.7,,,,
146,2025-10-06 07:00,20.3,,.9,90,92,21.8,18.9,1008.3,1015.4,0,.01,,,10,10,As,25,1856,,,20.9,,,,
146,2025-10-06 08:00,20.8,,.8,140,91,22.2,19.2,1008.3,1015.3,0,.12,,,10,10,As,20,2250,,,21.6,,,,
146,2025-10-06 09:00,21.4,0,.7,160,90,22.8,19.6,1008.5,1015.5,0,.18,,,10,10,St,8,2306,,02,22.5,,,,
146,2025-10-06 10:00,22.2,0,.9,320,87,23.2,19.9,1009.1,1016.1,0,.36,,,10,10,St,8,2498,,02,23.7,,,,
146,2025-10-06 11:00,22.1,,1.6,50,88,23.4,20,1009.1,1016.1,0,.35,,,10,10,St,8,2110,,,23.5,,,,
146,2025-10-06 12:00,22.9,,.7,90,86,24,20.4,1008.5,1015.5,0,.45,,,9,9,Sc,14,3271,,,24.4,,,,
146,2025-10-06 13:00,24.7,,1.4,140,81,25.2,21.2,1007.4,1014.3,0,.78,,,9,9,Sc,14,4842,,,27.3,,,,
146,2025-10-06 14:00,24.9,,2.4,140,79,24.7,20.9,1006.7,1013.6,0,.87,,,10,4,ScAs,7,4366,,,26.6,,,,
146,2025-10-06 15:00,24.1,0,2.1,140,81,24.3,20.6,1006.6,1013.5,0,.34,,,10,5,ScAs,11,3139,,02,24.9,,,,
146,2025-10-06 16:00,23.9,,2.5,140,83,24.6,20.8,1006.6,1013.5,0,.26,,,10,5,ScAs,11,4562,,,24.5,,,,
146,2025-10-06 17:00,22.4,1,1.9,160,91,24.6,20.8,1007.2,1014.2,0,.06,,,10,7,ScAs,8,340,,01,23.4,,,,
146,2025-10-06 18:00,21.8,2.4,2.2,140,95,24.7,20.9,1007.3,1014.3,0,.02,,,10,7,StNs,8,329,,01,22.8,,,,
146,2025-10-06 19:00,21.6,.6,3.7,140,94,24.1,20.5,1006.9,1013.9,0,0,,,10,5,StNs,4,3526,,01,22.4,,,,
146,2025-10-06 20:00,21.6,.1,3.3,110,93,24,20.4,1007.1,1014.1,,,,,10,7,StNs,10,3312,,01,22.2,,,,
146,2025-10-06 21:00,22,.1,2.7,140,92,24.3,20.6,1007.1,1014.1,,,,,10,7,StNs,9,1391,,01,22.2,,,,
146,2025-10-06 22:00,22.3,0,2.5,140,90,24.1,20.5,1006.9,1013.9,,,,,10,10,St,9,1703,,01,22.2,,,,
146,2025-10-06 23:00,22.4,0,2.2,200,90,24.3,20.6,1007,1014,,,,,10,8,StNs,8,1851,,01,22.1,,,,
146,2025-10-07 00:00,22.1,0,2.6,140,90,23.8,20.3,1007,1014,,,,,10,10,St,7,3026,,01,22,,,,
146,2025-10-07 01:00,22,.2,3.3,140,90,23.7,20.2,1006.5,1013.5,,,,,10,5,StNs,8,1926,,01,21.9,,,,
146,2025-10-07 02:00,22.3,0,2.4,140,88,23.7,20.2,1006.6,1013.6,,,,,10,5,StNs,8,3529,,01,21.9,,,,
146,2025-10-07 03:00,21.9,.1,1.7,110,90,23.5,20.1,1006.3,1013.3,,,,,10,7,StNs,8,2156,,01,21.8,,,,
146,2025-10-07 04:00,22.2,0,2.4,140,89,23.7,20.2,1006.1,1013.1,,,,,10,10,St,7,2778,,01,21.8,,,,
146,2025-10-07 05:00,22.2,.2,2.2,160,89,23.7,20.2,1006.1,1013.1,,,,,10,8,ScAs,7,1989,,01,21.8,,,,
146,2025-10-07 06:00,21.9,.1,.6,200,91,23.8,20.3,1006.6,1013.6,,,,,10,8,ScAs,6,1548,,01,21.9,,,,
146,2025-10-07 07:00,21.6,1.3,.3,0,94,24.1,20.5,1007,1014,0,0,,,10,7,ScAs,4,360,,1901,21.9,,,,
146,2025-10-07 08:00,21.5,2.5,1.4,110,96,24.6,20.8,1007.5,1014.5,0,.03,,,10,6,ScAs,8,143,,1901,22.1,,,,
146,2025-10-07 09:00,21.8,0,1.6,140,95,24.7,20.9,1008,1015,0,.12,,,10,9,ScAs,8,1005,,1901,22.9,,,,
146,2025-10-07 10:00,22.6,,1.4,110,92,25.2,21.2,1008.1,1015.1,0,.38,,,9,9,Sc,10,3077,,,24.7,,,,
146,2025-10-07 11:00,23.3,0,2.4,320,89,25.3,21.3,1008.1,1015.1,.2,1.19,,,10,3,ScAs,8,2505,,01,25.2,,,,
146,2025-10-07 12:00,25.8,1.7,1.8,200,84,27.7,22.8,1007.5,1014.4,.5,1.57,,,9,9,Sc,9,4452,,01,32.6,,,,
146,2025-10-07 13:00,25.2,,3.2,230,81,25.8,21.6,1006.7,1013.6,.5,2.02,,,8,8,Sc,10,4809,,,29.5,,,,
146,2025-10-07 14:00,25.2,,4.1,250,79,25.2,21.2,1006.6,1013.5,.3,1.52,,,9,9,Sc,8,4872,,,28.7,,,,
146,2025-10-07 15:00,25.6,,3.8,250,74,24.3,20.6,1006.2,1013.1,.5,1.72,,,7,7,Sc,9,4300,,,30.5,,,,
146,2025-10-07 16:00,25.1,,3.5,230,76,24.1,20.5,1006.1,1013,.5,1.46,,,7,7,Sc,8,4934,,,28.7,,,,
146,2025-10-07 17:00,25.2,,3.4,250,76,24.3,20.6,1006.4,1013.3,.2,.56,,,6,6,Sc,9,4834,,,26.3,,,,
146,2025-10-07 18:00,22.7,,2.5,250,85,23.4,20,1007.1,1014.1,.2,.23,,,4,3,ScAc,10,5000,,,23.3,,,,
146,2025-10-07 19:00,22.3,,2.5,250,88,23.7,20.2,1007.6,1014.6,0,0,,,7,2,,6,4976,,,22.6,,,,
146,2025-10-07 20:00,22.3,,1.5,250,88,23.7,20.2,1008.1,1015.1,,,,,9,5,,3,4632,,,22.7,,,,
146,2025-10-07 21:00,22.1,,1.4,250,89,23.5,20.1,1008.2,1015.2,,,,,8,6,ScAs,12,4701,,,22.5,,,,
146,2025-10-07 22:00,21.9,,0,0,89,23.2,19.9,1008.6,1015.6,,,,,9,5,,3,4206,,,22.4,,,,
146,2025-10-07 23:00,21.7,,0,0,90,23.2,19.9,1008.6,1015.6,,,,,7,3,,4,4671,,,22,,,,
146,2025-10-08 00:00,21.6,,.7,20,92,23.7,20.2,1008.6,1015.6,,,,,7,7,,,3146,,,22.2,,,,
146,2025-10-08 01:00,21.4,0,1.4,50,93,23.7,20.2,1008.4,1015.4,,,,,10,7,ScAs,14,1005,,01,22.2,,,,
146,2025-10-08 02:00,21.2,,1.1,50,93,23.4,20,1008.3,1015.3,,,,,9,6,,3,3417,,,22.1,,,,
146,2025-10-08 03:00,21.3,,.6,50,93,23.5,20.1,1008.1,1015.1,,,,,8,8,Sc,14,1840,,,22,,,,
146,2025-10-08 04:00,20.9,,1.9,320,94,23.1,19.8,1008.2,1015.2,,,,,9,9,St,5,1770,,,21.7,,,,
146,2025-10-08 05:00,20.7,,2.3,340,94,22.8,19.6,1008.3,1015.3,,,,,9,9,St,5,2449,,,21.5,,,,
146,2025-10-08 06:00,20.5,,1.2,320,95,22.8,19.6,1008.4,1015.5,,,,,9,9,St,7,1183,,,21.5,,,,
146,2025-10-08 07:00,20.5,,1,340,94,22.5,19.4,1008.7,1015.8,0,.01,,,9,9,St,7,2260,,,21.6,,,,
146,2025-10-08 08:00,20.9,,1.6,320,94,23.1,19.8,1009.3,1016.3,0,.13,,,10,2,ScAs,10,3251,,,22.3,,,,
146,2025-10-08 09:00,21.6,,1.3,290,91,23.4,20,1009.9,1016.9,0,.4,,,10,8,ScAs,10,4728,,,23.5,,,,
146,2025-10-08 10:00,22.7,,1.3,320,88,24.3,20.6,1010.3,1017.3,0,.71,,,10,8,ScAs,10,4570,,,25.5,,,,
146,2025-10-08 11:00,22.9,,1.7,290,85,23.7,20.2,1010.3,1017.3,0,.72,,,10,8,ScAs,8,4839,,,25.4,,,,
146,2025-10-08 12:00,23.9,,1.9,290,83,24.6,20.8,1009.8,1016.8,0,.99,,,10,7,ScAs,10,4847,,,27.1,,,,
146,2025-10-08 13:00,24.9,,1.8,290,80,25.2,21.2,1009.1,1016,.1,1.34,,,7,7,Sc,8,4481,,,29.7,,,,
146,2025-10-08 14:00,26.2,,1.4,320,73,24.7,20.9,1008.1,1015,.7,2.32,,,5,5,Sc,8,4745,,,30.4,,,,
146,2025-10-08 15:00,27.2,,2,320,68,24.4,20.7,1007.6,1014.5,.6,1.63,,,7,7,Sc,9,4815,,,31.9,,,,
146,2025-10-08 16:00,25.9,,2.1,320,73,24.3,20.6,1007.4,1014.3,.4,1.13,,,7,7,Sc,9,4829,,,27.7,,,,
146,2025-10-08 17:00,26.3,,2.4,50,68,23.2,19.9,1007.5,1014.4,.3,.47,,,5,5,Sc,10,4977,,,26.7,,,,
146,2025-10-08 18:00,24.5,,1.2,20,75,22.9,19.7,1008.2,1015.1,.8,.28,,,3,3,Sc,10,4993,,,24.2,,,,
146,2025-10-08 19:00,23.6,,1.3,360,79,22.9,19.7,1008.6,1015.6,0,0,,,7,4,,16,5000,,,22.9,,,,
146,2025-10-08 20:00,22.7,,1.7,50,84,23.1,19.8,1009.2,1016.2,,,,,0,0,,,4968,,,22.2,,,,
146,2025-10-08 21:00,22.1,,.7,90,86,22.8,19.6,1009.7,1016.7,,,,,2,2,Ac,35,4949,,,21.6,,,,
146,2025-10-08 22:00,21.5,,1.1,50,88,22.5,19.4,1010,1017,,,,,0,0,,,4962,,,21.1,,,,
146,2025-10-08 23:00,21.2,,1.7,110,90,22.5,19.4,1010.1,1017.1,,,,,0,0,,,4344,,,20.6,,,,
146,2025-10-09 00:00,20.7,,.1,0,90,21.8,18.9,1010.1,1017.1,,,,,0,0,,,4570,,,20.2,,,,
146,2025-10-09 01:00,20.3,,1.2,140,91,21.6,18.7,1010.1,1017.2,,,,,0,0,,,4938,,,19.9,,,,
146,2025-10-09 02:00,20,,1.6,110,91,21.2,18.4,1010,1017.1,,,,,0,0,,,4938,,,19.5,,,,
146,2025-10-09 03:00,19.7,,1.4,110,91,20.8,18.1,1010.3,1017.4,,,,,0,0,,,4887,,,19.2,,,,
146,2025-10-09 04:00,19.7,,1,90,91,20.8,18.1,1011,1018.1,,,,,7,7,Sc,15,4951,,,19.4,,,,
146,2025-10-09 05:00,19.4,,1.3,140,90,20.2,17.7,1011,1018.1,,,,,6,6,Sc,15,4769,,,19,,,,
146,2025-10-09 06:00,18.8,,1.1,70,92,19.9,17.4,1011.4,1018.5,,,,,8,6,ScAc,15,4298,,,19.1,,,,
146,2025-10-09 07:00,19,,.5,110,91,19.9,17.4,1011.7,1018.8,0,.02,,,7,5,ScAc,15,4811,,,19.4,,,,
146,2025-10-09 08:00,20.6,,.5,110,89,21.6,18.7,1012.4,1019.5,.2,.36,,,8,8,Ac,38,4902,,,21.1,,,,
146,2025-10-09 09:00,23,,.4,0,75,21,18.3,1012.2,1019.2,.6,.91,,,4,4,Ac,35,4813,,,22.2,,,,
146,2025-10-09 10:00,25.1,,1.5,110,66,20.9,18.2,1011.9,1018.9,1,1.75,,,0,0,,,5000,,,26,,,,
146,2025-10-09 11:00,26.4,,1.7,90,60,20.6,18,1011.5,1018.4,1,2.21,,,2,2,Sc,10,4987,,,29.2,,,,
146,2025-10-09 12:00,27.5,,2.5,90,59,21.6,18.7,1011,1017.9,.8,2.2,,,4,4,Sc,10,4328,,,32.9,,,,
146,2025-10-09 13:00,26.8,,1.7,90,57,20,17.5,1010.3,1017.2,.7,2.15,,,5,5,Sc,13,5000,,,29.9,,,,
146,2025-10-09 14:00,26.6,,.9,320,63,21.8,18.9,1009.7,1016.6,.1,.81,,,6,6,Sc,16,5000,,,28.4,,,,
146,2025-10-09 15:00,28.6,,1.8,230,47,18.3,16.1,1009.4,1016.3,.8,1.88,,,7,7,Sc,15,4706,,,32.6,,,,
146,2025-10-09 16:00,25,,2,340,65,20.5,17.9,1009.8,1016.7,.1,.3,,,8,4,ScAs,13,4987,,,25.7,,,,
146,2025-10-09 17:00,25.4,,2.5,70,64,20.6,18,1010.2,1017.1,.2,.28,,,9,5,ScAs,14,4789,,,25.7,,,,
146,2025-10-09 18:00,23.9,,2.7,90,66,19.5,17.1,1010.8,1017.8,.3,.23,,,8,6,ScAs,15,4939,,,22.8,,,,
146,2025-10-09 19:00,23.1,,2.2,140,69,19.4,17,1011,1018,0,0,,,8,4,,14,4702,,,22.1,,,,
146,2025-10-09 20:00,22,,2.2,110,71,18.6,16.4,1011.1,1018.1,,,,,0,0,,,4509,,,20.9,,,,
146,2025-10-09 21:00,21.8,,2.8,110,72,18.8,16.5,1011.7,1018.7,,,,,7,7,Sc,10,4197,,,20.7,,,,
146,2025-10-09 22:00,21.5,,2.4,110,71,18.2,16,1011.9,1019,,,,,6,6,,13,4548,,,20.4,,,,
146,2025-10-09 23:00,21.1,,3.3,140,71,17.7,15.6,1012.3,1019.4,,,,,10,4,,11,4212,,,20.2,,,,
146,2025-10-10 00:00,20.8,,1.6,110,70,17.2,15.1,1012.2,1019.3,,,,,8,8,,,4376,,,20.2,,,,
146,2025-10-10 01:00,20.5,,2.1,140,70,16.8,14.8,1011.7,1018.8,,,,,9,2,,14,4375,,,19.8,,,,
146,2025-10-10 02:00,20.3,,1.9,110,67,15.9,13.9,1011.6,1018.7,,,,,7,7,,16,4785,,,19.7,,,,
146,2025-10-10 03:00,19.7,,1.3,110,70,16,14,1011.5,1018.6,,,,,7,7,Sc,10,4782,,,19.1,,,,
146,2025-10-10 04:00,19.5,,2.3,110,72,16.3,14.3,1011.2,1018.3,,,,,4,4,Sc,10,4669,,,18.5,,,,
146,2025-10-10 05:00,19.1,,2,110,74,16.3,14.3,1011.3,1018.4,,,,,4,4,Sc,10,4660,,,18,,,,
146,2025-10-10 06:00,18.7,,.5,140,75,16.1,14.1,1011.4,1018.5,,,,,0,0,,,4484,,,17.7,,,,
146,2025-10-10 07:00,18.3,,1.8,110,79,16.5,14.5,1011.5,1018.6,0,.02,,,3,0,Ci,,4207,,,17.7,,,,
146,2025-10-10 08:00,20,,2,140,74,17.3,15.2,1011.5,1018.6,.2,.35,,,9,9,Ac,37,4322,,,19.9,,,,
146,2025-10-10 09:00,21,,2.8,110,70,17.4,15.3,1011.5,1018.6,0,.57,,,8,8,Ac,37,4259,,,21.5,,,,
146,2025-10-10 10:00,23.2,,1.8,140,62,17.6,15.5,1011.4,1018.4,.4,1.2,,,7,7,Ac,36,4789,,,24.7,,,,
146,2025-10-10 11:00,25.5,,1.2,140,56,18.2,16,1011.1,1018,.6,1.83,,,6,6,Ac,36,3846,,,28.3,,,,
146,2025-10-10 12:00,27,,1.2,180,53,18.8,16.5,1010.3,1017.2,.9,2.35,,,3,0,Cc,,4231,,,31.6,,,,
146,2025-10-10 13:00,27.7,,2.4,230,47,17.4,15.3,1009.6,1016.5,1,2.46,,,1,0,Ci,,4152,,,32.3,,,,
146,2025-10-10 14:00,28.3,,2.4,270,49,18.8,16.5,1009,1015.9,1,2.42,,,3,1,ScCi,10,4098,,,32.8,,,,
146,2025-10-10 15:00,27.8,,2.6,270,46,17.2,15.1,1008.4,1015.3,.9,2.03,,,6,6,Ac,36,4694,,,30.3,,,,
146,2025-10-10 16:00,27,,1.8,250,52,18.4,16.2,1008.3,1015.2,0,.72,,,7,7,Ac,37,5000,,,27.5,,,,
146,2025-10-10 17:00,26.5,,1.8,250,53,18.3,16.1,1008.4,1015.3,.3,.65,,,6,6,Ac,39,4953,,,26,,,,
146,2025-10-10 18:00,25.5,,1.5,250,56,18.2,16,1008.6,1015.5,.3,.21,,,5,0,Ci,,4972,,,24,,,,
146,2025-10-10 19:00,23.9,,1.3,290,69,20.4,17.8,1008.8,1015.8,0,0,,,5,0,,,4284,,,22.5,,,,
146,2025-10-10 20:00,23.5,,1.2,270,72,20.8,18.1,1009.2,1016.2,,,,,6,3,,49,3934,,,22,,,,
146,2025-10-10 21:00,22.8,,.1,0,75,20.8,18.1,1009.5,1016.5,,,,,5,5,Ac,30,3537,,,21.5,,,,
146,2025-10-10 22:00,21.9,,1.2,140,81,21.2,18.4,1009.5,1016.5,,,,,0,0,,,,,,21,,,,
146,2025-10-10 23:00,21.2,,1.6,110,84,21,18.3,1009.2,1016.2,,,,,0,0,,,3880,,,20.5,,,,
146,2025-10-11 00:00,20.9,,1.6,140,84,20.6,18,1009,1016,,,,,0,0,,,3748,,,20.2,,,,
146,2025-10-11 01:00,20.8,,1.6,140,83,20.2,17.7,1008.7,1015.7,,,,,7,7,,23,4101,,,20.4,,,,
146,2025-10-11 02:00,21,,1.2,140,82,20.4,17.8,1008.7,1015.7,,,,,9,9,,25,4020,,,20.6,,,,
146,2025-10-11 03:00,20.5,,1.9,140,83,20,17.5,1008,1015.1,,,,,0,0,,,4035,,,19.8,,,,
146,2025-10-11 04:00,20.2,,1.6,110,84,19.9,17.4,1007.6,1014.7,,,,,0,0,,,3971,,,19.4,,,,
146,2025-10-11 05:00,19.9,,1.4,110,85,19.6,17.2,1007.6,1014.7,,,,,0,0,,,3730,,,19.1,,,,
146,2025-10-11 06:00,19.6,,1.7,140,85,19.4,17,1007.6,1014.7,,,,,0,0,,,3613,,,18.8,,,,
146,2025-10-11 07:00,19.4,,1.9,140,86,19.2,16.9,1007.7,1014.8,0,.01,,,0,0,,,3611,,,18.8,,,,
146,2025-10-11 08:00,21.8,,1.4,110,78,20.2,17.7,1007.8,1014.8,.7,.34,,,0,0,,,3562,,,19.9,,,,
146,2025-10-11 09:00,23.5,,1.2,140,71,20.5,17.9,1007.9,1014.9,1,.99,,,0,0,,,4250,,,21.8,,,,
146,2025-10-11 10:00,25.8,,1.1,180,62,20.5,17.9,1007.6,1014.5,1,1.64,,,0,0,,,4160,,,26,,,,
146,2025-10-11 11:00,26.2,,1.8,270,63,21.3,18.5,1007.4,1014.3,1,2.16,,,0,0,,,4318,,,29.1,,,,
146,2025-10-11 12:00,27.2,,2.9,230,58,20.9,18.2,1006.9,1013.8,1,2.5,,,0,0,,,3886,,,31.8,,,,
146,2025-10-11 13:00,28,,3,250,55,20.8,18.1,1006,1012.8,1,2.59,,,1,1,Sc,12,4349,,,32.5,,,,
146,2025-10-11 14:00,28.3,,3.3,250,46,17.6,15.5,1005.2,1012,1,2.47,,,0,0,,,4373,,,32.5,,,,
146,2025-10-11 15:00,27.9,,3,290,46,17.3,15.2,1004.7,1011.5,1,2.12,,,0,0,,,4564,,,30.8,,,,
146,2025-10-11 16:00,28.1,,2.5,250,51,19.4,17,1004.8,1011.6,1,1.56,,,0,0,,,4242,,,29.8,,,,
146,2025-10-11 17:00,26.8,,1.9,270,61,21.4,18.6,1004.9,1011.8,1,.89,,,0,0,,,3738,,,25.9,,,,
146,2025-10-11 18:00,24.5,,2.1,270,66,20.2,17.7,1004.9,1011.8,.7,.24,,,0,0,,,4467,,,23,,,,
146,2025-10-11 19:00,23.7,,1.1,250,73,21.3,18.5,1005.2,1012.1,0,0,,,0,0,,,4119,,,22,,,,
146,2025-10-11 20:00,23.4,,2.1,270,79,22.7,19.5,1005.7,1012.7,,,,,0,0,,,3503,,,22.1,,,,
146,2025-10-11 21:00,23.5,,1,200,79,22.8,19.6,1005.7,1012.7,,,,,7,7,Sc,10,3167,,,22.4,,,,
146,2025-10-11 22:00,22.7,,.7,160,81,22.2,19.2,1005.7,1012.7,,,,,6,6,,11,3599,,,22.2,,,,
146,2025-10-11 23:00,21.9,,1.4,140,84,22,19,1005.5,1012.5,,,,,0,0,,,3754,,,21.4,,,,
146,2025-10-12 00:00,21.7,,1.5,110,85,22,19,1005.2,1012.2,,,,,6,6,,,3386,,,21.3,,,,
146,2025-10-12 01:00,21.9,,1.2,140,84,22,19,1004.8,1011.8,,,,,9,9,,8,3512,,,21.8,,,,
146,2025-10-12 02:00,22.1,0,1.2,140,84,22.2,19.2,1004.9,1011.9,,,,,10,6,ScAs,10,3400,,01,21.9,,,,
146,2025-10-12 03:00,22.1,0,.9,140,84,22.2,19.2,1004.8,1011.8,,,,,9,9,Sc,10,3581,,01,22,,,,
146,2025-10-12 04:00,22.3,,1.6,110,85,22.8,19.6,1004.6,1011.6,,,,,9,9,Sc,10,3466,,,22,,,,
146,2025-10-12 05:00,22.4,0,.3,0,85,22.9,19.7,1004.6,1011.6,,,,,10,6,ScAs,8,1792,,01,22.2,,,,
146,2025-10-12 06:00,21.8,.6,2,290,93,24.3,20.6,1005.2,1012.2,,,,,10,6,ScAs,8,499,,01,22.1,,,,
146,2025-10-12 07:00,21.8,0,1.3,200,92,24,20.4,1005.5,1012.5,0,0,,,10,6,ScAs,8,1677,,01,22.1,,,,
146,2025-10-12 08:00,21.5,0,1.2,250,90,22.9,19.7,1006.1,1013.1,0,.05,,,10,1,ScAs,6,3819,,01,22.1,,,,
146,2025-10-12 09:00,22.1,,1.6,230,88,23.4,20,1006.4,1013.4,0,.4,,,10,3,ScAs,6,3729,,,23.5,,,,
146,2025-10-12 10:00,22.4,,1.5,250,88,23.8,20.3,1006.5,1013.5,0,.41,,,10,7,ScAs,4,3419,,,24.3,,,,
146,2025-10-12 11:00,23.1,,2.6,230,84,23.7,20.2,1006.5,1013.5,.1,.99,,,10,7,ScAs,9,4064,,,26.1,,,,
146,2025-10-12 12:00,24.5,,2.1,230,78,24,20.4,1006.4,1013.3,.1,1.37,,,10,7,ScAs,6,2878,,,29,,,,
146,2025-10-12 13:00,23.9,,2.2,270,77,22.8,19.6,1006.3,1013.2,0,.82,,,10,9,ScAs,5,4212,,,26,,,,
146,2025-10-12 14:00,23.8,,1.7,230,80,23.5,20.1,1005.9,1012.8,0,.51,,,10,3,ScAs,10,3639,,,25.4,,,,
146,2025-10-12 15:00,23.7,,2.7,250,79,23.1,19.8,1005.8,1012.7,0,.26,,,10,4,ScAs,7,2488,,,24.5,,,,
146,2025-10-12 16:00,21.9,0,2.2,320,84,22,19,1006.2,1013.2,0,.15,,,10,5,StNs,6,895,,01,22.7,,,,
146,2025-10-12 17:00,22,.2,.9,230,82,21.6,18.7,1006.4,1013.4,0,.14,,,10,5,ScAs,6,3320,,01,23.3,,,,
146,2025-10-12 18:00,21.6,,1.5,250,82,21,18.3,1007,1014,0,.05,,,9,9,As,30,3179,,,22.3,,,,
146,2025-10-12 19:00,21.5,,1,180,83,21.2,18.4,1006.8,1013.8,0,0,,,9,8,,7,2794,,,21.8,,,,
146,2025-10-12 20:00,21.2,,.2,0,85,21.3,18.5,1006.9,1013.9,,,,,4,4,,7,2647,,,21.4,,,,
146,2025-10-12 21:00,20.9,,1.9,290,84,20.6,18,1007.6,1014.6,,,,,8,8,As,28,2910,,,20.6,,,,
146,2025-10-12 22:00,20.3,,.6,160,87,20.6,18,1007.9,1015,,,,,0,0,,,1765,,,19.8,,,,
146,2025-10-12 23:00,19.9,,1.1,140,87,20.1,17.6,1007.6,1014.7,,,,,3,3,,76,1834,,,19.5,,,,
146,2025-10-13 00:00,19.8,,.5,180,89,20.5,17.9,1007.5,1014.5,,,,,0,0,,,1918,,,19.1,,,,
146,2025-10-13 01:00,19.5,,2.4,320,91,20.5,17.9,1007.8,1014.9,,,,,7,7,Sc,8,735,,19,19.7,,,,
146,2025-10-13 02:00,19.7,,.9,290,90,20.6,18,1007.7,1014.8,,,,,8,8,Sc,8,970,,19,19.9,,,,
146,2025-10-13 03:00,19.7,,.4,0,90,20.6,18,1007.5,1014.6,,,,,9,9,Sc,7,951,,19,20.2,,,,
146,2025-10-13 04:00,19.6,,.7,110,90,20.5,17.9,1006.8,1013.9,,,,,5,5,Sc,7,1185,,19,19.5,,,,
146,2025-10-13 05:00,19.5,,.7,270,91,20.5,17.9,1007,1014.1,,,,,7,7,Sc,7,1562,,,19.7,,,,
146,2025-10-13 06:00,19.6,,1,340,91,20.6,18,1007.1,1014.2,,,,,9,9,Sc,7,1220,,,19.9,,,,
146,2025-10-13 07:00,20,,1.1,160,91,21.2,18.4,1007.1,1014.2,0,0,,,10,5,ScAs,16,1459,,,20.3,,,,
146,2025-10-13 08:00,21,,.8,320,91,22.5,19.4,1007.2,1014.2,0,.2,,,9,1,ScAs,15,1183,,,21.8,,,,
146,2025-10-13 09:00,23.2,,.9,110,83,23.5,20.1,1007.5,1014.5,0,.7,,,10,4,ScAs,14,2436,,,24.3,,,,
146,2025-10-13 10:00,24.3,0,1.6,160,80,24.3,20.6,1007.3,1014.2,0,.84,,,10,10,As,22,2792,,01,26.3,,,,
146,2025-10-13 11:00,23,.3,3.2,250,87,24.4,20.7,1007.8,1014.8,0,.38,,,10,8,ScAs,6,1148,,01,23.6,,,,
146,2025-10-13 12:00,22.6,.4,.7,90,90,24.6,20.8,1006.9,1013.9,0,.34,,,10,2,ScAs,10,618,,1901,24.4,,,,
146,2025-10-13 13:00,23,0,1,320,90,25.2,21.2,1006.3,1013.3,0,.36,,,10,1,ScAs,12,641,,1901,24.6,,,,
146,2025-10-13 14:00,22.2,0,2.4,320,92,24.6,20.8,1006,1013,0,.24,,,10,3,StNs,5,586,,1901,23.7,,,,
146,2025-10-13 15:00,22.7,.1,1,320,91,25,21.1,1005.9,1012.9,0,.34,,,10,7,StNs,11,741,,1901,24.5,,,,
146,2025-10-13 16:00,22.7,0,0,0,92,25.3,21.3,1006,1013,0,.17,,,10,5,StNs,9,718,,1901,24,,,,
146,2025-10-13 17:00,23.1,,.6,20,92,26,21.7,1006.2,1013.2,0,.18,,,10,3,StNs,8,687,,19,24,,,,
146,2025-10-13 18:00,23.1,0,1.3,110,91,25.6,21.5,1006.2,1013.2,0,.03,,,10,8,StNs,11,881,,1901,23.5,,,,
146,2025-10-13 19:00,23.1,.1,1.5,110,93,26.1,21.8,1006.3,1013.3,,,,,10,7,ScAs,8,605,,1901,23.3,,,,
146,2025-10-13 20:00,23.1,0,1.4,140,93,26.1,21.8,1006.3,1013.3,,,,,10,9,ScAs,8,692,,1901,23.2,,,,
146,2025-10-13 21:00,23,.1,1.3,250,92,25.8,21.6,1006.6,1013.6,,,,,10,6,ScAs,6,833,,1901,23,,,,
146,2025-10-13 22:00,22.7,.1,2.1,250,94,25.8,21.6,1006.9,1013.9,,,,,10,9,ScAs,6,468,,1901,22.8,,,,
146,2025-10-13 23:00,20.8,16.3,2.6,320,95,23.2,19.9,1006.7,1013.7,,,,,10,7,StNs,1,139,,1901,21.4,,,,
146,2025-10-14 00:00,20,15.2,1.6,320,95,22.1,19.1,1006.9,1014,,,,,10,5,,,218,,1901,21.4,,,,
146,2025-10-14 01:00,20.1,.8,.1,0,95,22.2,19.2,1006.9,1014,,,,,10,8,StNs,1,167,,1901,21.5,,,,
146,2025-10-14 02:00,19.9,.2,1,340,95,22,19,1006.8,1013.9,,,,,10,8,StNs,1,171,,1901,21.2,,,,
146,2025-10-14 03:00,19.4,.5,1.5,320,95,21.3,18.5,1006.8,1013.9,,,,,10,7,StNs,1,122,,1901,20.9,,,,
146,2025-10-14 04:00,19,.8,1.6,320,96,21,18.3,1006.8,1013.9,,,,,10,8,StNs,1,478,,1901,20.5,,,,
146,2025-10-14 05:00,18.3,2.2,1.5,340,95,19.9,17.4,1006.8,1013.9,,,,,10,7,StNs,1,401,,1901,19.9,,,,
146,2025-10-14 06:00,18.2,1.2,1.4,320,96,20,17.5,1007.4,1014.5,,,,,10,9,StNs,1,345,,1901,19.8,,,,
146,2025-10-14 07:00,18.2,.1,1.2,340,95,19.7,17.3,1008.1,1015.2,0,0,,,10,9,StNs,3,530,,1901,19.9,,,,
146,2025-10-14 08:00,18.5,0,1.4,290,96,20.4,17.8,1008.5,1015.6,0,.07,,,10,9,ScAs,3,361,,1901,20.3,,,,
146,2025-10-14 09:00,19,,1.3,290,95,20.8,18.1,1009.1,1016.2,0,.33,,,10,8,ScAs,3,613,,19,21.8,,,,
146,2025-10-14 10:00,19,,2,290,94,20.6,18,1009.3,1016.4,0,.61,,,9,7,ScAs,3,801,,19,22.5,,,,
146,2025-10-14 11:00,19.6,,2.1,270,90,20.5,17.9,1009.4,1016.5,0,1.15,,,9,6,ScAs,5,1580,,19,23.9,,,,
146,2025-10-14 12:00,21.3,,.9,320,86,21.7,18.8,1009.1,1016.1,0,1,,,9,6,ScAc,7,2167,,,26.1,,,,
146,2025-10-14 13:00,21.7,,2.3,320,85,22,19,1008.6,1015.6,.2,1.83,,,7,5,ScAc,10,1766,,,26.8,,,,
146,2025-10-14 14:00,22,,2.2,320,83,21.8,18.9,1008.3,1015.3,.1,1.21,,,6,2,ScAc,10,2039,,,25.2,,,,
146,2025-10-14 15:00,21.7,,2.2,320,86,22.2,19.2,1008.6,1015.6,.1,.8,,,7,7,Sc,10,2525,,,25.2,,,,
146,2025-10-14 16:00,21.5,,2.4,320,84,21.4,18.6,1009.2,1016.2,.1,.59,,,8,8,Sc,12,2216,,,23.4,,,,
146,2025-10-14 17:00,21.3,,2.4,20,83,20.9,18.2,1009.6,1016.6,0,.31,,,7,7,Sc,11,4829,,,22.4,,,,
146,2025-10-14 18:00,20.7,,2.4,340,85,20.6,18,1010.1,1017.2,.1,.11,,,6,6,Sc,10,5000,,,21.2,,,,
146,2025-10-14 19:00,20.5,,.1,0,85,20.4,17.8,1010.6,1017.7,,,,,2,2,,8,5000,,,21.2,,,,
146,2025-10-14 20:00,20.4,,1.7,50,87,20.8,18.1,1011.3,1018.4,,,,,8,4,,11,4800,,,20.9,,,,
146,2025-10-14 21:00,19.9,,1.6,50,88,20.4,17.8,1011.6,1018.7,,,,,5,5,Sc,10,4984,,,20,,,,
146,2025-10-14 22:00,19.6,,1,50,89,20.2,17.7,1012.2,1019.3,,,,,8,2,,16,4941,,,20,,,,
146,2025-10-14 23:00,19.5,,1.4,70,88,19.9,17.4,1012.5,1019.6,,,,,3,3,,19,5000,,,19.7,,,,
146,2025-10-15 00:00,19.1,,.7,140,91,20,17.5,1012.2,1019.3,,,,,4,4,,,4953,,,19.1,,,,
146,2025-10-15 01:00,18.6,,.9,140,91,19.4,17,1011.8,1018.9,,,,,0,0,,,4868,,,18.5,,,,
146,2025-10-15 02:00,18.3,,.6,360,91,19,16.7,1012.1,1019.2,,,,,5,1,,18,4918,,,18.1,,,,
146,2025-10-15 03:00,18.4,,1.5,340,91,19.1,16.8,1012.4,1019.5,,,,,8,8,Sc,17,4999,,,18.6,,,,
146,2025-10-15 04:00,18.5,,.8,140,90,19.1,16.8,1012.7,1019.8,,,,,7,7,Sc,18,5000,,,18.7,,,,
146,2025-10-15 05:00,17.8,,1.1,110,91,18.5,16.3,1012.6,1019.8,,,,,6,6,Sc,19,4915,,,18.1,,,,
146,2025-10-15 06:00,17.8,,.7,90,91,18.5,16.3,1012.8,1020,,,,,5,3,ScCi,10,4988,,,17.5,,,,
146,2025-10-15 07:00,17.3,,1.4,110,91,17.9,15.8,1012.7,1019.9,0,.01,,,6,2,ScCi,18,4926,,,17.3,,,,
146,2025-10-15 08:00,18.9,,.2,0,86,18.6,16.4,1012.9,1020,.4,.25,,,6,1,ScCi,15,4835,,,18.1,,,,
146,2025-10-15 09:00,21.4,,1.3,110,76,19.2,16.9,1012.7,1019.8,.8,.84,,,5,0,Ci,,4852,,,20.2,,,,
146,2025-10-15 10:00,23.5,,.7,110,68,19.6,17.2,1012.6,1019.6,.9,1.41,,,7,7,Ac,35,4828,,,23.9,,,,
146,2025-10-15 11:00,25,,.9,360,62,19.6,17.2,1012.1,1019.1,.8,1.91,,,8,4,ScAc,15,5000,,,27.2,,,,
146,2025-10-15 12:00,24.3,,1.9,200,65,19.6,17.2,1011.8,1018.8,0,1.08,,,10,3,ScAs,11,4993,,,26.4,,,,
146,2025-10-15 13:00,23.9,0,2.5,200,70,20.6,18,1011.4,1018.4,0,1.17,,,10,2,ScAs,8,4893,,01,27,,,,
146,2025-10-15 14:00,23.7,,2.8,160,66,19.2,16.9,1010.6,1017.6,0,.96,,,10,4,ScAs,15,4863,,,26.7,,,,
146,2025-10-15 15:00,23,0,2.7,140,71,19.9,17.4,1010.5,1017.5,0,.94,,,9,3,ScAs,6,4582,,01,25.7,,,,
146,2025-10-15 16:00,22,0,1.3,90,76,20,17.5,1010.6,1017.6,0,.23,,,10,2,ScAs,12,2693,,01,23.4,,,,
146,2025-10-15 17:00,21.1,.4,.8,90,85,21.2,18.4,1010.5,1017.6,0,.12,,,10,5,ScAs,9,1002,,01,22.5,,,,
146,2025-10-15 18:00,20,.3,1.8,50,89,20.8,18.1,1010,1017.1,0,.03,,,10,4,ScAs,12,1050,,01,21.5,,,,
146,2025-10-15 19:00,19.8,0,1.7,90,89,20.5,17.9,1009.5,1016.6,,,,,10,4,ScAs,13,4583,,01,21.1,,,,
146,2025-10-15 20:00,20.1,,2.3,110,87,20.4,17.8,1009.6,1016.7,,,,,9,9,,13,4844,,,20.9,,,,
146,2025-10-15 21:00,20.2,,2.1,110,87,20.5,17.9,1009.1,1016.2,,,,,9,9,Sc,14,4622,,,20.7,,,,
146,2025-10-15 22:00,20.6,,.8,160,83,20.1,17.6,1008.7,1015.8,,,,,10,10,,12,4356,,,20.8,,,,
146,2025-10-15 23:00,20.4,,.3,0,86,20.5,17.9,1008.2,1015.3,,,,,10,10,,12,4144,,,20.7,,,,
146,2025-10-16 00:00,20.8,,.7,70,81,19.9,17.4,1007.4,1014.4,,,,,9,9,Sc,14,4425,,,20.7,,,,
146,2025-10-16 01:00,19.3,0,3.4,320,91,20.2,17.7,1008.3,1015.4,,,,,10,4,StNs,8,1119,,01,20,,,,
146,2025-10-16 02:00,18.6,5.2,3.3,320,94,20.1,17.6,1008.9,1016,,,,,10,4,StNs,10,429,,01,19.2,,,,
146,2025-10-16 03:00,18.4,12.1,1.7,90,95,20,17.5,1007.5,1014.6,,,,,10,2,StNs,11,473,,01,19.3,,,,
146,2025-10-16 04:00,18.6,3.8,.7,160,94,20.1,17.6,1006.9,1014,,,,,10,1,StNs,11,2201,,01,19.5,,,,
146,2025-10-16 05:00,18.8,.6,1.6,320,95,20.5,17.9,1008.2,1015.3,,,,,10,7,StNs,6,1466,,01,19.6,,,,
146,2025-10-16 06:00,18.8,.6,.9,90,95,20.5,17.9,1008.3,1015.4,,,,,10,2,StNs,3,802,,01,19.8,,,,
146,2025-10-16 07:00,18.8,0,1.3,360,96,20.8,18.1,1008.7,1015.8,0,.01,,,10,9,StAs,1,1207,,01,19.7,,,,
146,2025-10-16 08:00,19,,1.4,320,95,20.8,18.1,1009.8,1016.9,0,.05,,,10,10,St,1,805,,19,20.1,,,,
146,2025-10-16 09:00,18.9,0,2.5,320,95,20.6,18,1010.2,1017.3,0,.13,,,10,10,St,1,212,,1902,20.3,,,,
146,2025-10-16 10:00,20,.1,1.6,320,93,21.7,18.8,1010.4,1017.5,.1,.61,,,10,5,ScAs,8,2161,,1902,23.3,,,,
146,2025-10-16 11:00,20.7,,1.1,340,88,21.4,18.6,1010.5,1017.6,0,.8,,,7,7,Sc,8,4844,,,25,,,,
146,2025-10-16 12:00,21.4,,.8,270,87,22.1,19.1,1010.1,1017.1,.1,.93,,,9,9,Sc,8,4922,,,25,,,,
146,2025-10-16 13:00,22.2,,2.6,320,83,22.1,19.1,1010.4,1017.4,.1,1.29,,,9,9,Sc,8,4653,,,25.8,,,,
146,2025-10-16 14:00,21.9,,2.6,320,83,21.7,18.8,1010.6,1017.6,0,.84,,,9,9,Sc,10,4818,,,24.8,,,,
146,2025-10-16 15:00,21.3,,3.9,290,81,20.4,17.8,1010.8,1017.8,0,.95,,,9,9,Sc,10,4420,,,23.6,,,,
146,2025-10-16 16:00,22.2,,3.5,320,78,20.8,18.1,1011.3,1018.3,.4,1.04,,,8,8,Sc,12,4540,,,24.4,,,,
146,2025-10-16 17:00,21.8,,2.3,320,79,20.5,17.9,1011.7,1018.7,0,.44,,,7,7,Sc,11,4865,,,22.7,,,,
146,2025-10-16 18:00,20.6,,1.5,340,83,20.1,17.6,1012.4,1019.5,0,.1,,,0,0,,,4905,,,20.6,,,,
146,2025-10-16 19:00,19.9,,1.4,90,87,20.1,17.6,1012.9,1020,,,,,0,0,,,4672,,,19.6,,,,
146,2025-10-16 20:00,19.4,,.9,90,89,20,17.5,1013.3,1020.4,,,,,0,0,,,3906,,,19,,,,
146,2025-10-16 21:00,18.8,,.6,160,91,19.6,17.2,1013.8,1020.9,,,,,0,0,,,3856,,,18.5,,,,
146,2025-10-16 22:00,18.5,,.9,140,93,19.7,17.3,1014.4,1021.6,,,,,0,0,,,2632,,,18.1,,,,
146,2025-10-16 23:00,18,,1.2,110,93,19.1,16.8,1014.4,1021.6,,,,,0,0,,,2962,,,17.6,,,,
146,2025-10-17 00:00,17.6,,1,160,93,18.6,16.4,1014.7,1021.8,,,,,0,0,,,3744,,,17.2,,,,
146,2025-10-17 01:00,17.3,,1.5,110,93,18.3,16.1,1014.8,1022,,,,,0,0,,,4340,,,16.9,,,,
146,2025-10-17 02:00,16.8,,.9,110,94,17.9,15.8,1015,1022.2,,,,,0,0,,,4700,,,16.4,,,,
146,2025-10-17 03:00,16.6,,1.3,70,94,17.7,15.6,1015.4,1022.6,,,,,0,0,,,4669,,,16.1,,,,
146,2025-10-17 04:00,16,,1.5,110,95,17.2,15.1,1015.5,1022.7,,,,,0,0,,,4500,,,15.8,,,,
146,2025-10-17 05:00,15.6,,1.5,140,94,16.6,14.6,1015.8,1023,,,,,0,0,,,4952,,,15.5,,,,
146,2025-10-17 06:00,15.3,,.8,110,94,16.3,14.3,1016,1023.3,,,,,0,0,,,4719,,,15.2,,,,
146,2025-10-17 07:00,15.3,,1.6,110,94,16.3,14.3,1016.2,1023.5,0,.01,,,0,0,,,4936,,,15.1,,,,
146,2025-10-17 08:00,17.9,,1.3,110,87,17.7,15.6,1016,1023.2,.8,.31,,,1,0,Ci,,4841,,,16.1,,,,
146,2025-10-17 09:00,20.5,,1.6,90,78,18.8,16.5,1015.8,1022.9,1,.99,,,3,0,Ci,,4741,,,18.2,,,,
146,2025-10-17 10:00,22.7,,2.5,110,69,19,16.7,1015.7,1022.7,1,1.4,,,6,0,Ci,,4863,,,21.5,,,,
146,2025-10-17 11:00,24.6,,1.4,70,58,17.8,15.7,1015.1,1022.1,1,1.97,,,5,0,Ci,,4906,,,27,,,,
146,2025-10-17 12:00,25.6,,3,90,52,17,15,1013.7,1020.7,.7,2.29,,,6,4,AcCi,35,4863,,,29.9,,,,
146,2025-10-17 13:00,26.5,,1.9,110,50,17.3,15.2,1012.4,1019.3,.9,2.44,,,7,3,ScCi,15,4318,,,30.8,,,,
146,2025-10-17 14:00,26.2,,2.3,140,52,17.6,15.5,1011.8,1018.7,.3,1.74,,,8,3,ScAcCi,15,4812,,,29,,,,
146,2025-10-17 15:00,25.2,,2.5,180,55,17.6,15.5,1011,1017.9,0,1.04,,,10,3,ScAs,15,4265,,,26.9,,,,
146,2025-10-17 16:00,24.5,,2,140,62,19,16.7,1010.9,1017.9,0,.46,,,10,6,ScAs,15,4401,,,25.2,,,,
146,2025-10-17 17:00,23.1,.3,1.2,140,71,20,17.5,1010.7,1017.7,0,.13,,,10,6,ScAs,6,2236,,01,23.1,,,,
146,2025-10-17 18:00,22.3,.2,1.4,160,78,20.9,18.2,1011.4,1018.4,0,.03,,,10,7,ScAs,15,1565,,01,22.4,,,,
146,2025-10-17 19:00,20.9,.6,.7,270,88,21.7,18.8,1011.8,1018.9,,,,,10,7,StNs,10,933,,1901,21.6,,,,
146,2025-10-17 20:00,20.3,.6,1.1,110,87,20.6,18,1011.5,1018.6,,,,,10,3,StNs,9,1022,,1901,21.2,,,,
146,2025-10-17 21:00,19.5,1.3,2.2,110,90,20.4,17.8,1010.3,1017.4,,,,,10,8,ScAs,13,2243,,01,20.7,,,,
146,2025-10-17 22:00,19.5,,2.6,110,89,20.1,17.6,1009.4,1016.5,,,,,10,10,,13,2729,,,20.4,,,,
146,2025-10-17 23:00,20.3,0,3.5,180,83,19.7,17.3,1008.6,1015.7,,,,,10,8,StNs,10,3820,,01,20.1,,,,
146,2025-10-18 00:00,19.8,.4,3,230,86,19.7,17.3,1009.2,1016.2,,,,,10,8,StNs,10,2156,,01,19.7,,,,
146,2025-10-18 01:00,19,.6,.6,360,92,20.1,17.6,1009.1,1016.2,,,,,10,7,StNs,6,575,,1901,19.8,,,,
146,2025-10-18 02:00,18.8,.2,1.6,290,94,20.4,17.8,1008.8,1015.9,,,,,10,2,StNs,8,517,,1901,19.8,,,,
146,2025-10-18 03:00,18.7,0,1.6,20,94,20.2,17.7,1008.1,1015.2,,,,,10,2,StNs,6,815,,1901,19.7,,,,
146,2025-10-18 04:00,18.6,2.3,1.8,320,95,20.2,17.7,1008.2,1015.3,,,,,10,5,StNs,5,148,,1901,19.5,,,,
146,2025-10-18 05:00,18.7,3.3,.5,70,95,20.4,17.8,1008.1,1015.2,,,,,9,5,ScAs,10,699,,1901,19.7,,,,
146,2025-10-18 06:00,18.7,.2,.6,340,95,20.4,17.8,1008.5,1015.6,,,,,10,3,StNs,5,204,,1901,19.7,,,,
146,2025-10-18 07:00,18.2,4.7,3.7,320,96,20,17.5,1009.6,1016.7,0,0,,,10,5,StNs,8,493,,1901,19.1,,,,
146,2025-10-18 08:00,17.6,2.6,2.2,70,93,18.6,16.4,1010.1,1017.2,0,.04,,,10,6,ScAs,5,1195,,1901,19,,,,
146,2025-10-18 09:00,17.3,.1,3,290,94,18.5,16.3,1011.7,1018.9,0,.22,,,10,3,ScAs,7,3543,,01,19,,,,
146,2025-10-18 10:00,17.3,0,2.5,290,93,18.3,16.1,1012.5,1019.7,0,.35,,,10,4,ScAs,7,2653,,01,19.7,,,,
146,2025-10-18 11:00,17.1,0,3.6,320,91,17.7,15.6,1013,1020.2,0,.44,,,10,5,ScAs,7,2691,,01,19.2,,,,
146,2025-10-18 12:00,17.1,.1,3.6,320,89,17.3,15.2,1013.2,1020.4,0,.5,,,10,4,ScAs,8,2714,,01,19.5,,,,
146,2025-10-18 13:00,17.5,,2.9,320,87,17.4,15.3,1013,1020.2,0,.39,,,10,9,ScAs,8,1980,,,19.6,,,,
146,2025-10-18 14:00,17.6,,2.9,320,86,17.3,15.2,1012.9,1020.1,0,.37,,,10,8,ScAs,4,3237,,,19.8,,,,
146,2025-10-18 15:00,18.1,,2.4,320,83,17.2,15.1,1013.1,1020.3,0,.56,,,10,6,ScAs,6,3077,,,20.6,,,,
146,2025-10-18 16:00,17.9,,2.5,340,83,16.9,14.9,1013.5,1020.7,0,.45,,,10,5,ScAs,8,2503,,,20,,,,
146,2025-10-18 17:00,17.4,,2.1,340,84,16.6,14.6,1014.1,1021.3,0,.25,,,9,0,Ci,,2740,,,18.8,,,,
146,2025-10-18 18:00,17.1,,2.2,340,86,16.7,14.7,1014.3,1021.5,0,.04,,,8,0,Ci,,2128,,,18.1,,,,
146,2025-10-18 19:00,16.6,,1.9,340,88,16.5,14.5,1014.8,1022,,,,,10,4,,52,1447,,,17.4,,,,
146,2025-10-18 20:00,15.8,,2.3,340,89,15.9,13.9,1015.1,1022.3,,,,,9,6,,51,1413,,,16.8,,,,
146,2025-10-18 21:00,15.4,,1.8,320,90,15.7,13.7,1015.1,1022.3,,,,,9,4,ScCi,15,942,,19,16.6,,,,
146,2025-10-18 22:00,15,,2.3,320,90,15.3,13.3,1015.7,1023,,,,,9,4,,3,871,,19,16.2,,,,
146,2025-10-18 23:00,14.7,,2,320,91,15.2,13.2,1016.1,1023.4,,,,,10,10,,3,694,,19,16.2,,,,
146,2025-10-19 00:00,14.7,,.8,320,91,15.2,13.2,1016.3,1023.5,,,,,9,4,,,566,,19,16.4,,,,
146,2025-10-19 01:00,15,,.8,320,92,15.7,13.7,1016,1023.3,,,,,10,10,,2,539,,19,16.7,,,,
146,2025-10-19 02:00,14.7,,.7,320,92,15.4,13.4,1016,1023.3,,,,,10,1,,4,519,,19,16.3,,,,
146,2025-10-19 03:00,14.3,,.7,320,93,15.1,13.1,1015.4,1022.7,,,,,9,4,ScCi,15,437,,19,16,,,,
146,2025-10-19 04:00,14.2,,.5,20,93,15,13,1015.2,1022.5,,,,,9,5,ScCi,15,418,,19,15.7,,,,
146,2025-10-19 05:00,13.8,,1.1,340,95,15,13,1015.5,1022.8,,,,,9,3,ScCi,15,293,,19,15.2,,,,
146,2025-10-19 06:00,13.8,,1,340,95,15,13,1015.9,1023.2,,,,,9,5,ScCi,10,296,,19,15.1,,,,
146,2025-10-19 07:00,14.1,,.1,0,94,15.1,13.1,1016.2,1023.5,0,0,,,9,7,ScCi,10,372,,19,15.8,,,,
146,2025-10-19 08:00,15.3,,1.4,140,92,16,14,1016.6,1023.9,0,.22,,,9,0,Ci,,501,,19,16.8,,,,
146,2025-10-19 09:00,16.6,,.6,200,90,16.9,14.9,1016.9,1024.1,.1,.52,,,8,3,ScCi,15,788,,19,18.5,,,,
146,2025-10-19 10:00,17.2,,1,340,87,17,15,1016.5,1023.7,.2,.82,,,8,0,Ci,,1006,,19,20.2,,,,
146,2025-10-19 11:00,19.1,,1.3,290,84,18.5,16.3,1015.9,1023,.4,1.36,,,8,0,Ci,,1253,,,23.1,,,,
146,2025-10-19 12:00,20.8,,.9,230,78,19.1,16.8,1014.9,1022,.8,1.81,,,7,0,Ci,,942,,19,26,,,,
146,2025-10-19 13:00,20.8,,3,290,74,18.1,15.9,1015,1022.1,.6,1.83,,,6,0,Ci,,1954,,19,24.5,,,,
146,2025-10-19 14:00,20.7,,2.8,290,74,17.9,15.8,1014.3,1021.4,0,.98,,,9,0,Ci,,3174,,,23.1,,,,
146,2025-10-19 15:00,20,,4,290,75,17.5,15.4,1015.1,1022.2,.2,.98,,,8,0,Ci,,2923,,,22,,,,
146,2025-10-19 16:00,19.5,,2.4,290,75,16.9,14.9,1015.4,1022.5,0,.66,,,7,0,Ci,,3005,,,21.3,,,,
146,2025-10-19 17:00,19,,1.1,270,76,16.6,14.6,1015.6,1022.7,0,.35,,,9,0,Ci,,3522,,,19.8,,,,
146,2025-10-19 18:00,17.7,,2.6,270,84,16.9,14.9,1015.9,1023.1,0,.07,,,8,0,Ci,,1819,,,18.1,,,,
146,2025-10-19 19:00,17.2,,2.6,290,83,16.2,14.2,1016.7,1023.9,,,,,10,5,,6,1607,,,17.6,,,,
146,2025-10-19 20:00,16.7,,2.5,320,83,15.7,13.7,1017.3,1024.5,,,,,10,7,,6,1593,,,17.2,,,,
146,2025-10-19 21:00,15.5,,2.9,320,79,13.8,11.8,1017.5,1024.8,,,,,9,0,Ci,,2851,,,16.3,,,,
146,2025-10-19 22:00,14.1,,2.7,320,72,11.6,9.1,1018.2,1025.5,,,,,3,3,,9,2827,,,14.4,,,,
146,2025-10-19 23:00,13.1,,2.7,320,77,11.6,9.1,1018.6,1025.9,,,,,2,2,,13,2866,,,13.4,,,,
146,2025-10-20 00:00,12.1,,2.1,320,78,10.9,8.3,1018.7,1026,,,,,0,0,,,2491,,,12.5,,,,
146,2025-10-20 01:00,11.5,,2.4,340,74,10,7,1018.9,1026.3,,,,,2,0,,,4053,,,11.7,,,,
146,2025-10-20 02:00,11,,3.4,340,76,9.9,6.9,1019.2,1026.6,,,,,8,0,,,3870,,,11.1,,,,
146,2025-10-20 03:00,10.2,,3.7,320,74,9.2,5.7,1019.6,1027,,,,,2,0,Ci,,3661,,,10.5,,,,
146,2025-10-20 04:00,9.1,,3.1,340,71,8.2,4.1,1019.7,1027.2,,,,,3,0,Ci,,4310,,,9.5,,,,
146,2025-10-20 05:00,8.2,,3,320,75,8.1,4,1019.9,1027.4,,,,,2,0,Ci,,4050,,,8.9,,,,
146,2025-10-20 06:00,7.7,,2.1,320,79,8.2,4.2,1020.3,1027.8,,,,,1,0,Ci,,3338,,,8.6,,,,
146,2025-10-20 07:00,7.5,,2.6,320,78,8.1,3.9,1020.4,1027.9,0,0,,,3,1,ScCi,10,3265,,,8.5,,,,
146,2025-10-20 08:00,8.5,,2.9,320,77,8.5,4.6,1020.7,1028.2,.7,.32,,,0,0,,,2274,,,9,,,,
146,2025-10-20 09:00,9.9,,2.2,320,71,8.6,4.8,1021,1028.4,1,.95,,,0,0,,,3213,,,10.5,,,,
146,2025-10-20 10:00,11.6,,2.3,340,66,9,5.4,1021,1028.4,1,1.63,,,0,0,,,2799,,,13.7,,,,
146,2025-10-20 11:00,13.2,,2,290,57,8.6,4.8,1020.3,1027.6,1,2.16,,,0,0,,,3617,,,18.2,,,,
146,2025-10-20 12:00,15,,2.6,340,54,9.2,5.7,1019.8,1027.1,1,2.47,,,0,0,,,3797,,,20.6,,,,
146,2025-10-20 13:00,16.2,,2.4,20,50,9.2,5.7,1019.3,1026.5,1,2.54,,,2,0,Ci,,3506,,,22.2,,,,
146,2025-10-20 14:00,17,,2.6,290,53,10.2,7.3,1018.6,1025.8,1,2.37,,,1,0,Ci,,3686,,,22.8,,,,
146,2025-10-20 15:00,17.3,,3,290,51,10,7,1018.7,1025.9,1,1.96,,,0,0,,,2396,,,22.2,,,,
146,2025-10-20 16:00,17.4,,2.4,340,53,10.5,7.7,1018.4,1025.6,1,1.38,,,0,0,,,2391,,,20.6,,,,
146,2025-10-20 17:00,16.1,,3,320,61,11.1,8.5,1018.3,1025.5,1,.68,,,0,0,,,2547,,,16.6,,,,
146,2025-10-20 18:00,14.6,,3.6,320,71,11.7,9.3,1018.8,1026.1,.4,.12,,,3,0,Ci,,1996,,,14.4,,,,
146,2025-10-20 19:00,13.5,,2.6,320,77,11.9,9.5,1019.9,1027.2,,,,,3,3,,55,1740,,,13.4,,,,
146,2025-10-20 20:00,12.7,,2,320,79,11.6,9.1,1020.5,1027.9,,,,,7,3,,11,1512,,,13.1,,,,
146,2025-10-20 21:00,12.7,,2.7,320,79,11.6,9.1,1020.9,1028.3,,,,,7,5,ScCi,11,1325,,,13.1,,,,
146,2025-10-20 22:00,12.5,,2.6,320,80,11.6,9.1,1020.9,1028.3,,,,,8,8,,10,1256,,,13,,,,
146,2025-10-20 23:00,12.4,,2.7,320,80,11.5,9,1020.4,1027.8,,,,,7,7,,10,1458,,,12.9,,,,
146,2025-10-21 00:00,12.4,,2.3,320,81,11.6,9.2,1021,1028.3,,,,,9,3,ScCi,11,1569,,,12.8,,,,
146,2025-10-21 01:00,12,,1.8,340,81,11.3,8.8,1020.5,1027.9,,,,,10,1,,11,1549,,,12.7,,,,
146,2025-10-21 02:00,11.5,,2.1,360,81,10.9,8.3,1020.8,1028.2,,,,,10,10,,12,1931,,,12.6,,,,
146,2025-10-21 03:00,11,,2.1,290,81,10.6,7.8,1021.1,1028.5,,,,,9,5,ScCi,12,1755,,,12.2,,,,
146,2025-10-21 04:00,10.3,,1.7,320,79,9.9,6.8,1021.3,1028.7,,,,,8,3,ScCi,6,2149,,,11.6,,,,
146,2025-10-21 05:00,9.9,,2,320,77,9.3,6,1021.1,1028.5,,,,,9,1,ScCi,6,2661,,,11.2,,,,
146,2025-10-21 06:00,9.5,,1.6,320,80,9.5,6.2,1021.1,1028.6,,,,,9,0,Ci,,2036,,,10.9,,,,
146,2025-10-21 07:00,9.4,,1.8,320,79,9.3,5.9,1021.6,1029.1,0,0,,,9,1,ScCi,6,2670,,,10.9,,,,
146,2025-10-21 08:00,10,,1.7,320,79,9.7,6.5,1022.1,1029.5,0,.13,,,10,10,As,32,1965,,,11.8,,,,
146,2025-10-21 09:00,11.1,,1.7,320,79,10.4,7.5,1022.1,1029.5,0,.47,,,10,10,As,35,1384,,,13.5,,,,
146,2025-10-21 10:00,12.1,,.9,320,76,10.6,7.9,1021.7,1029.1,0,.69,,,10,10,As,35,1820,,,15.6,,,,
146,2025-10-21 11:00,13.6,,1.7,320,73,11.3,8.8,1021.5,1028.8,0,1.1,,,10,10,As,35,1861,,,17.7,,,,
146,2025-10-21 12:00,14.3,,1.6,250,69,11.2,8.6,1021.3,1028.6,0,1.38,,,10,10,As,35,2525,,,19.3,,,,
146,2025-10-21 13:00,15.4,,1.9,290,65,11.3,8.8,1020.5,1027.8,.3,1.5,,,10,10,As,35,2411,,,20.4,,,,
146,2025-10-21 14:00,15.1,,3.2,270,68,11.6,9.2,1020.1,1027.4,0,.99,,,10,10,As,35,2870,,,18.8,,,,
146,2025-10-21 15:00,15.3,,2.4,320,68,11.8,9.4,1020.3,1027.6,0,.85,,,10,10,As,35,2972,,,18.4,,,,
146,2025-10-21 16:00,14.8,,2.7,290,69,11.6,9.1,1020.4,1027.7,0,.48,,,10,10,As,33,3083,,,16.7,,,,
146,2025-10-21 17:00,14.6,,2.3,320,71,11.7,9.3,1020.5,1027.8,0,.41,,,10,10,As,33,3236,,,15.6,,,,
146,2025-10-21 18:00,13.7,,3,320,73,11.4,8.9,1020.5,1027.8,0,.08,,,10,10,As,33,3053,,,14.3,,,,
146,2025-10-21 19:00,12.4,,2.3,340,77,11,8.4,1021,1028.4,,,,,9,4,,59,2288,,,10.8,,,,
146,2025-10-21 20:00,11.6,,3,320,76,10.4,7.5,1021.6,1029,,,,,8,6,,64,2007,,,12.1,,,,
146,2025-10-21 21:00,10.8,,1.7,320,79,10.2,7.2,1021.8,1029.2,,,,,10,10,As,35,1421,,,11.5,,,,
146,2025-10-21 22:00,10.1,,1.4,320,79,9.7,6.6,1022,1029.4,,,,,7,4,,67,1606,,,10.9,,,,
146,2025-10-21 23:00,9.5,,1.1,320,80,9.5,6.2,1022.1,1029.6,,,,,7,1,,,1531,,,10.2,,,,
146,2025-10-22 00:00,9.1,,1.2,320,81,9.3,6,1021.8,1029.2,,,,,7,0,,,1607,,,9.9,,,,
146,2025-10-22 01:00,8.9,,1.2,320,83,9.4,6.1,1021.8,1029.3,,,,,7,0,,,1134,,,9.8,,,,
146,2025-10-22 02:00,8.4,,1.4,340,85,9.3,6,1021.6,1029.1,,,,,3,0,,,1395,,,9.4,,,,
146,2025-10-22 03:00,8.2,,1,320,89,9.6,6.4,1021.4,1028.9,,,,,0,0,,,1102,,,8.9,,,,
146,2025-10-22 04:00,7.5,,.5,340,88,9.1,5.6,1021,1028.5,,,,,0,0,,,1283,,,8.6,,,,
146,2025-10-22 05:00,7.7,,.5,160,90,9.4,6.1,1020.9,1028.4,,,,,0,0,,,1109,,,8.4,,,,
146,2025-10-22 06:00,7.7,,.2,0,90,9.4,6.1,1020.9,1028.4,,,,,0,0,,,1060,,,8.1,,,,
146,2025-10-22 07:00,7.2,,0,0,91,9.2,5.8,1021,1028.5,0,0,,,0,0,,,1048,,19,8.1,,,,
146,2025-10-22 08:00,8.9,,1.1,340,87,9.9,6.8,1021.4,1028.9,.6,.33,,,2,0,Ci,,955,,19,9.3,,,,
146,2025-10-22 09:00,11.2,,1.2,320,80,10.6,7.8,1021.5,1028.9,1,.93,,,4,0,Ci,,937,,19,11.7,,,,
146,2025-10-22 10:00,13,,1.4,340,75,11.2,8.6,1021.2,1028.6,1,1.51,,,3,0,Ci,,1020,,19,14.6,,,,
146,2025-10-22 11:00,15.4,,1.8,290,70,12.2,9.9,1020.8,1028.1,1,2.02,,,2,0,Ci,,1301,,,19.2,,,,
146,2025-10-22 12:00,17.6,,1.9,290,66,13.2,11.1,1019.7,1026.9,1,2.34,,,1,0,Ci,,1434,,,22.5,,,,
146,2025-10-22 13:00,19.4,,1.4,290,57,12.8,10.6,1018.8,1026,1,2.42,,,0,0,,,1642,,,24.3,,,,
146,2025-10-22 14:00,21,,1.5,290,55,13.7,11.6,1018,1025.1,1,2.26,,,0,0,,,1994,,,25.4,,,,
146,2025-10-22 15:00,21.5,,1.9,320,54,13.7,11.7,1017.7,1024.8,1,1.89,,,1,1,Sc,10,3471,,,25.2,,,,
146,2025-10-22 16:00,21.5,,2.3,320,51,13,10.9,1018,1025.1,1,1.37,,,5,5,Sc,17,4162,,,23.6,,,,
146,2025-10-22 17:00,19.8,,2,290,60,13.8,11.8,1018.1,1025.2,.4,.48,,,7,7,Sc,15,4496,,,19.4,,,,
146,2025-10-22 18:00,18.6,,2.3,320,67,14.3,12.3,1018.2,1025.4,0,.05,,,8,8,Sc,12,4918,,,17.6,,,,
146,2025-10-22 19:00,16.9,,1.5,340,74,14.2,12.2,1018.6,1025.8,,,,,4,2,,12,4581,,,16.3,,,,
146,2025-10-22 20:00,16.5,,1.8,180,78,14.6,12.6,1019.5,1026.7,,,,,4,2,,14,3680,,,15.7,,,,
146,2025-10-22 21:00,16,,.7,160,78,14.1,12.1,1019.7,1027,,,,,3,3,Sc,14,2178,,,15.1,,,,
146,2025-10-22 22:00,15.4,,1.3,110,84,14.7,12.7,1020,1027.3,,,,,4,2,,22,2746,,,14.6,,,,
146,2025-10-22 23:00,14.5,,1.5,110,86,14.1,12.1,1019.8,1027.1,,,,,2,2,,22,2838,,,13.7,,,,
146,2025-10-23 00:00,14,,1.5,140,87,13.8,11.8,1019.8,1027.1,,,,,1,1,Sc,10,3129,,,13.2,,,,
146,2025-10-23 01:00,13.2,,1.6,140,88,13.3,11.2,1019.7,1027,,,,,0,0,,,3707,,,12.6,,,,
146,2025-10-23 02:00,12.6,,1.6,140,89,12.9,10.8,1020.1,1027.5,,,,,3,2,,21,3774,,,12.2,,,,
146,2025-10-23 03:00,12.5,,1.8,140,90,12.9,10.8,1019.6,1027,,,,,2,2,Sc,10,4219,,,12.4,,,,
146,2025-10-23 04:00,11.9,,1.6,140,90,12.5,10.3,1019.3,1026.7,,,,,2,2,Sc,12,4286,,,11.8,,,,
146,2025-10-23 05:00,11.5,,0,0,91,12.3,10,1019.5,1026.9,,,,,0,0,,,4430,,,11.3,,,,
146,2025-10-23 06:00,11.5,,.6,110,92,12.4,10.2,1020.2,1027.6,,,,,0,0,,,3679,,,11,,,,
146,2025-10-23 07:00,11.2,,1.8,140,92,12.2,9.9,1020.3,1027.7,0,0,,,2,2,Sc,12,3880,,,10.9,,,,
146,2025-10-23 08:00,13.4,,1.3,180,87,13.3,11.2,1020.5,1027.8,.6,.31,,,4,4,Sc,11,3870,,,12.3,,,,
146,2025-10-23 09:00,15.9,,.9,90,78,14,12,1020.3,1027.6,1,.86,,,3,3,Sc,10,4578,,,13.8,,,,
146,2025-10-23 10:00,18.6,,.5,320,69,14.7,12.7,1019.9,1027.1,1,1.54,,,4,0,Ci,,4537,,,17.3,,,,
146,2025-10-23 11:00,19.8,,1.2,320,62,14.3,12.3,1019.4,1026.5,1,2.06,,,5,3,ScCi,10,4851,,,21.8,,,,
146,2025-10-23 12:00,21.2,,1.9,270,58,14.5,12.5,1018.6,1025.7,1,2.37,,,6,4,ScCi,13,4582,,,25.4,,,,
146,2025-10-23 13:00,21.8,,2.4,290,54,14,12,1018.4,1025.5,.9,2.1,,,5,3,ScCi,10,4070,,,25,,,,
146,2025-10-23 14:00,22.8,,1.6,290,45,12.4,10.2,1017.7,1024.8,1,2.3,,,4,2,ScCi,15,4590,,,26.8,,,,
146,2025-10-23 15:00,23,,1.8,290,44,12.3,10,1017.5,1024.5,1,2.01,,,3,3,Sc,15,4097,,,26.3,,,,
146,2025-10-23 16:00,21.8,,2,320,47,12.2,9.9,1017.6,1024.7,1,1.43,,,2,2,Sc,16,4711,,,22.7,,,,
146,2025-10-23 17:00,20.9,,2.2,290,57,14,12,1017.8,1024.9,.9,.62,,,3,3,Sc,18,4467,,,19.6,,,,
146,2025-10-23 18:00,17.7,,3.2,270,75,15.2,13.2,1018.5,1025.7,.5,.14,,,4,2,ScCi,17,3827,,,17.1,,,,
146,2025-10-23 19:00,16.7,,.7,250,78,14.8,12.8,1019.2,1026.4,,,,,2,1,,,3365,,,15.9,,,,
146,2025-10-23 20:00,16.1,,1.2,230,81,14.8,12.8,1019.6,1026.9,,,,,2,1,,,2945,,,15.2,,,,
146,2025-10-23 21:00,15.8,,.9,230,82,14.7,12.7,1019.7,1027,,,,,0,0,,,2677,,,14.6,,,,
146,2025-10-23 22:00,15.1,,1,180,85,14.5,12.5,1020,1027.3,,,,,2,0,,,2304,,,14,,,,
146,2025-10-23 23:00,14.4,,1.4,110,87,14.2,12.2,1019.8,1027.1,,,,,0,0,,,2145,,,13.6,,,,
146,2025-10-24 00:00,13.8,,1.3,140,89,14,12,1019.5,1026.8,,,,,0,0,,,1985,,,13.2,,,,
146,2025-10-24 01:00,13.3,,.5,90,90,13.7,11.6,1019.6,1026.9,,,,,0,0,,,1730,,,12.7,,,,
146,2025-10-24 02:00,13,,1.4,110,91,13.6,11.5,1019.5,1026.8,,,,,0,0,,,1847,,,12.4,,,,
146,2025-10-24 03:00,12.4,,1,140,92,13.2,11.1,1019.1,1026.5,,,,,0,0,,,1525,,,12,,,,
146,2025-10-24 04:00,12.1,,1.5,110,93,13,10.9,1019,1026.4,,,,,0,0,,,1498,,,11.7,,,,
146,2025-10-24 05:00,11.7,,.7,140,93,12.7,10.5,1019.2,1026.6,,,,,0,0,,,1538,,,11.3,,,,
146,2025-10-24 06:00,11.4,,.5,140,93,12.5,10.3,1019.4,1026.8,,,,,0,0,,,2103,,,11,,,,
146,2025-10-24 07:00,11.4,,.7,180,94,12.6,10.4,1019.4,1026.8,0,0,,,2,0,Ci,,1733,,,10.8,,,,
146,2025-10-24 08:00,12.8,,.4,0,88,12.9,10.8,1020.1,1027.5,.6,.29,,,1,1,Sc,10,2489,,,11.7,,,,
146,2025-10-24 09:00,14.7,,1.1,20,84,14,12,1019.6,1026.9,.9,.9,,,6,2,ScCi,10,3329,,,14.8,,,,
146,2025-10-24 10:00,16.8,,1.2,340,76,14.5,12.5,1019.1,1026.3,1,1.58,,,2,0,Ci,,3449,,,17,,,,
146,2025-10-24 11:00,18.8,,1.7,320,65,14,12,1018.5,1025.7,1,2.08,,,3,0,Ci,,4652,,,21.4,,,,
146,2025-10-24 12:00,19.8,,2.2,290,62,14.3,12.3,1017.8,1024.9,1,2.13,,,1,0,Ci,,4374,,,24.3,,,,
146,2025-10-24 13:00,21.6,,2,290,54,13.8,11.8,1016.8,1023.9,1,2.44,,,1,1,Sc,10,4466,,,25.5,,,,
146,2025-10-24 14:00,22,,2.5,340,46,12.1,9.8,1015.9,1023,1,2.28,,,1,1,Sc,12,4353,,,25.8,,,,
146,2025-10-24 15:00,22.4,,1.7,290,44,11.9,9.5,1015.5,1022.6,1,1.83,,,1,1,Cu,10,4790,,,25.8,,,,
146,2025-10-24 16:00,22.4,,2.5,290,47,12.7,10.5,1015.3,1022.3,1,1.41,,,2,2,Cu,16,4217,,,24.3,,,,
146,2025-10-24 17:00,20.8,,2.7,290,55,13.5,11.4,1015.4,1022.5,1,.72,,,4,4,Sc,10,4849,,,19.4,,,,
146,2025-10-24 18:00,18.9,,2.4,320,63,13.7,11.6,1015.5,1022.6,.2,.1,,,4,4,Sc,15,4903,,,17.1,,,,
146,2025-10-24 19:00,17.5,,1.6,250,70,13.9,11.9,1016,1023.2,,,,,4,1,,16,4278,,,16.1,,,,
146,2025-10-24 20:00,16.3,,2.6,230,80,14.8,12.8,1016.4,1023.6,,,,,3,3,,17,2978,,,15.3,,,,
146,2025-10-24 21:00,16,,1.7,200,80,14.5,12.5,1016.9,1024.1,,,,,2,2,Sc,19,2959,,,14.7,,,,
146,2025-10-24 22:00,15.5,,.8,180,83,14.6,12.6,1017.1,1024.4,,,,,6,0,,,2794,,,14.4,,,,
146,2025-10-24 23:00,15,,.9,140,83,14.1,12.1,1016.9,1024.2,,,,,7,6,,13,3486,,,14.4,,,,
146,2025-10-25 00:00,15,,.7,110,84,14.3,12.3,1016.6,1023.9,,,,,8,8,Sc,12,2443,,,14.6,,,,
146,2025-10-25 01:00,15,,.7,110,84,14.3,12.3,1016.3,1023.6,,,,,10,4,,11,2646,,,14.6,,,,
146,2025-10-25 02:00,14.8,,1.1,110,85,14.2,12.2,1016.4,1023.7,,,,,7,7,,11,2751,,,14.8,,,,
146,2025-10-25 03:00,14.5,,1,110,86,14.1,12.1,1016.2,1023.5,,,,,8,4,ScCi,10,2864,,,14.7,,,,
146,2025-10-25 04:00,14.6,,.4,0,87,14.4,12.4,1015.9,1023.2,,,,,9,5,ScCi,10,2996,,,14.9,,,,
146,2025-10-25 05:00,14.4,,1.3,140,87,14.2,12.2,1015.5,1022.8,,,,,8,0,Ci,,2794,,,14.5,,,,
146,2025-10-25 06:00,13.9,,1.4,140,88,13.9,11.9,1015.5,1022.8,,,,,7,0,Ci,,2067,,,14.1,,,,
146,2025-10-25 07:00,13.9,,.5,290,89,14.1,12.1,1015.9,1023.2,0,0,,,9,6,ScCi,11,1865,,,14.2,,,,
146,2025-10-25 08:00,14.6,,.5,340,89,14.8,12.8,1016.3,1023.6,0,.09,,,9,9,Sc,9,2192,,,15.4,,,,
146,2025-10-25 09:00,15.5,,.7,50,87,15.3,13.3,1016.3,1023.5,0,.42,,,8,2,ScAsCi,8,2367,,,17.5,,,,
146,2025-10-25 10:00,16.2,,2.4,290,80,14.7,12.7,1016,1023.2,0,.94,,,9,9,Sc,8,1728,,,18.3,,,,
146,2025-10-25 11:00,16.8,,2,270,77,14.7,12.7,1015.7,1022.9,0,.84,,,9,9,Sc,8,1728,,,19.4,,,,
146,2025-10-25 12:00,18.2,,2,290,70,14.6,12.6,1015,1022.2,.1,1.21,,,8,8,Sc,8,1834,,,22.1,,,,
146,2025-10-25 13:00,18.3,,2.7,340,68,14.2,12.2,1014.1,1021.3,.5,1.76,,,7,7,Sc,10,2273,,,21.9,,,,
146,2025-10-25 14:00,18.6,,2.6,250,63,13.5,11.4,1013.4,1020.5,.4,1.34,,,7,7,Sc,9,2689,,,21.5,,,,
146,2025-10-25 15:00,18.7,,1.5,290,65,13.9,11.9,1012.9,1020,.3,1.04,,,5,4,CuCi,9,2682,,,20.7,,,,
146,2025-10-25 16:00,18.9,,4.1,270,58,12.6,10.4,1013,1020.1,.9,1.31,,,2,2,Cu,11,3094,,,21.3,,,,
146,2025-10-25 17:00,17.7,,3.5,270,63,12.7,10.5,1012.9,1020.1,1,.63,,,2,2,As,35,3211,,,17.2,,,,
146,2025-10-25 18:00,16.1,,3.1,270,68,12.4,10.1,1013.1,1020.3,.1,.06,,,3,3,Ac,35,3049,,,15.1,,,,
146,2025-10-25 19:00,14.8,,1.4,230,75,12.6,10.4,1013,1020.2,,,,,3,1,,12,2451,,,14.1,,,,
146,2025-10-25 20:00,14.4,,2.4,320,74,12.1,9.8,1013.2,1020.5,,,,,8,3,,43,2460,,,13.7,,,,
146,2025-10-25 21:00,13.1,,2,320,75,11.2,8.7,1013.2,1020.5,,,,,6,0,Ci,,2317,,,12.8,,,,
146,2025-10-25 22:00,12.7,,.8,290,74,10.8,8.1,1013.3,1020.6,,,,,8,7,,66,2590,,,12.6,,,,
146,2025-10-25 23:00,12.4,,1.7,320,78,11.2,8.6,1013.5,1020.8,,,,,8,8,,65,2290,,,12.1,,,,
146,2025-10-26 00:00,12,,1,340,79,11,8.4,1013.2,1020.5,,,,,8,0,Ci,,2249,,,12.1,,,,
146,2025-10-26 01:00,12,,.5,320,80,11.2,8.6,1013.4,1020.7,,,,,10,7,,36,2196,,,12.4,,,,
146,2025-10-26 02:00,11.9,,1.4,320,77,10.6,7.9,1013.9,1021.2,,,,,10,9,,36,2553,,,12.4,,,,
146,2025-10-26 03:00,11.8,,1,270,77,10.6,7.8,1013.5,1020.8,,,,,10,10,As,28,2210,,,12.5,,,,
146,2025-10-26 04:00,11.7,,.3,0,77,10.5,7.7,1013,1020.3,,,,,10,10,As,25,1700,,,12.7,,,,
146,2025-10-26 05:00,11.8,,.4,0,77,10.6,7.8,1012.8,1020.1,,,,,10,10,As,24,2131,,,12.6,,,,
146,2025-10-26 06:00,11.7,,.2,0,81,11.1,8.5,1012.5,1019.8,,,,,10,10,As,28,1818,,,12.6,,,,
146,2025-10-26 07:00,11.9,,.8,160,82,11.4,8.9,1012.7,1020,0,0,,,10,10,As,29,2211,,,12.7,,,,
146,2025-10-26 08:00,12.4,,.7,230,78,11.2,8.6,1012.7,1020,0,.08,,,10,10,As,29,2351,,,13.5,,,,
146,2025-10-26 09:00,13.2,,.5,50,73,11,8.4,1012.5,1019.8,0,.26,,,10,10,As,33,2175,,,14.6,,,,
146,2025-10-26 10:00,13.9,,.8,140,72,11.4,8.9,1012.1,1019.4,0,.4,,,10,10,As,32,2325,,,15.6,,,,
146,2025-10-26 11:00,15.4,,.8,290,62,10.8,8.1,1011.8,1019,0,.8,,,9,9,As,32,2427,,,18.4,,,,
146,2025-10-26 12:00,16.4,,3.1,250,63,11.7,9.3,1011.7,1018.9,.1,1.08,,,4,4,Ac,35,2076,,,20.2,,,,
146,2025-10-26 13:00,18,,2.2,340,47,9.7,6.5,1010.8,1017.9,1,2.32,,,1,1,Cu,12,2576,,,22.4,,,,
146,2025-10-26 14:00,17,,3.8,270,62,11.9,9.6,1010.7,1017.9,.4,1.31,,,9,7,ScAs,10,1816,,,19.1,,,,
146,2025-10-26 15:00,16.2,,2.7,290,64,11.7,9.3,1010.9,1018.1,0,.46,,,10,3,ScAs,10,1714,,,16.6,,,,
146,2025-10-26 16:00,14.4,.2,2.4,320,83,13.6,11.5,1011.1,1018.3,0,.21,,,9,2,ScAs,10,1312,,01,16.4,,,,
146,2025-10-26 17:00,14.4,,1.1,340,78,12.8,10.6,1011.2,1018.4,0,.21,,,10,10,As,30,1409,,,15.8,,,,
146,2025-10-26 18:00,13.7,0,2.3,320,75,11.7,9.3,1011.4,1018.7,0,.02,,,9,9,As,32,1631,,01,14.9,,,,
146,2025-10-26 19:00,13.3,,0,0,74,11.2,8.7,1011.9,1019.2,,,,,6,6,,27,1577,,,13.8,,,,
146,2025-10-26 20:00,13.1,,1.7,110,83,12.4,10.2,1011.8,1019.1,,,,,4,2,,14,1241,,,13,,,,
146,2025-10-26 21:00,12.6,,1.2,160,85,12.4,10.1,1012.2,1019.5,,,,,8,8,As,30,1051,,,12.4,,,,
146,2025-10-26 22:00,11.9,,.9,140,88,12.3,10,1012.3,1019.6,,,,,0,0,,,935,,19,11.6,,,,
146,2025-10-26 23:00,11.8,0,1.9,140,90,12.4,10.2,1012.2,1019.5,,,,,10,5,ScAs,9,622,,1901,12.2,,,,
146,2025-10-27 00:00,11.6,1.7,1.8,110,92,12.5,10.3,1012.1,1019.4,,,,,10,6,,,286,,1901,12.4,,,,
146,2025-10-27 01:00,11.8,0,.2,0,91,12.5,10.3,1012.2,1019.5,,,,,10,7,ScAs,9,414,,1901,12.6,,,,
146,2025-10-27 02:00,12.2,,2.8,290,89,12.6,10.4,1012.8,1020.1,,,,,8,0,,,424,,19,12.3,,,,
146,2025-10-27 03:00,10.8,,1.2,340,90,11.6,9.2,1012.8,1020.2,,,,,4,4,Sc,10,437,,19,11.1,,,,
146,2025-10-27 04:00,11.1,,3.5,290,76,10,7,1012.8,1020.1,,,,,5,5,Sc,13,1076,,19,10.2,,,,
146,2025-10-27 05:00,9.8,,2,340,81,9.7,6.6,1013.4,1020.8,,,,,6,6,Sc,15,1929,,,10,,,,
146,2025-10-27 06:00,8.9,,2.5,320,82,9.3,5.9,1014.2,1021.6,,,,,7,7,Sc,15,1984,,,9.7,,,,
146,2025-10-27 07:00,7.7,,3.3,340,77,8.1,3.9,1015.2,1022.7,0,0,,,3,3,Sc,10,2525,,,8,,,,
146,2025-10-27 08:00,8,,4,340,62,6.6,1.1,1016,1023.5,.6,.26,,,0,0,,,4365,,,7.4,,,,
146,2025-10-27 09:00,8.9,,4.8,340,52,5.9,-.4,1016.8,1024.2,1,.93,,,2,2,Sc,10,4061,,,8.1,,,,
146,2025-10-27 10:00,10.2,,3.4,20,49,6.1,0,1017,1024.4,1,1.58,,,1,1,Sc,10,4336,,,10.7,,,,
146,2025-10-27 11:00,10.9,,3.3,360,46,6,-.2,1016.9,1024.3,1,2.1,,,0,0,,,4290,,,13.8,,,,
146,2025-10-27 12:00,11.7,,4.6,340,33,4.5,-4,1016.2,1023.6,1,2.42,,,0,0,,,4607,,,16.5,,,,
146,2025-10-27 13:00,12.6,,4.7,360,35,5.1,-2.4,1015.6,1022.9,1,2.51,,,0,0,,,4789,,,18,,,,
146,2025-10-27 14:00,13.3,,2.1,340,33,5,-2.6,1015,1022.3,1,2.33,,,2,2,Sc,10,4284,,,19.5,,,,
146,2025-10-27 15:00,13.3,,4.4,320,36,5.5,-1.4,1014.8,1022.1,1,1.94,,,2,2,Sc,10,4392,,,18.2,,,,
146,2025-10-27 16:00,12.9,,4.4,320,36,5.4,-1.8,1015.1,1022.4,1,1.32,,,0,0,,,4874,,,15.8,,,,
146,2025-10-27 17:00,12,,4.2,290,40,5.6,-1.2,1015.5,1022.8,1,.71,,,2,2,Sc,10,4812,,,10.6,,,,
146,2025-10-27 18:00,10.2,,2.5,270,54,6.7,1.2,1015.7,1023.1,.3,.09,,,2,2,Sc,10,4793,,,9,,,,
146,2025-10-27 19:00,9.8,,3,320,58,7,1.9,1016.4,1023.8,,,,,0,0,,,4821,,,8.2,,,,
146,2025-10-27 20:00,8.7,,1.4,320,64,7.2,2.2,1016.6,1024,,,,,0,0,,,4316,,,7.6,,,,
146,2025-10-27 21:00,8.4,,.7,90,68,7.5,2.8,1016.9,1024.4,,,,,2,2,Sc,12,4254,,,7.4,,,,
146,2025-10-27 22:00,7.6,,2,110,73,7.6,3,1017.6,1025.1,,,,,2,1,,,4330,,,7,,,,
146,2025-10-27 23:00,7.2,,1.7,110,75,7.6,3,1018.1,1025.6,,,,,7,2,,19,4576,,,7.1,,,,
146,2025-10-28 00:00,7.2,,1.5,110,76,7.7,3.2,1018,1025.5,,,,,5,5,,,4737,,,7.4,,,,
146,2025-10-28 01:00,6.4,,2.1,140,78,7.5,2.8,1017.9,1025.4,,,,,0,0,,,4356,,,6.5,,,,
146,2025-10-28 02:00,6,,1.6,140,81,7.5,2.9,1018,1025.5,,,,,7,0,,,4522,,,6.1,,,,
146,2025-10-28 03:00,5.9,,1.1,90,83,7.7,3.2,1018.4,1025.9,,,,,0,0,,,4507,,,5.6,,,,
146,2025-10-28 04:00,4.4,,1.7,70,85,7.1,2,1019.1,1026.7,,,,,0,0,,,4550,,,5.1,,,,
146,2025-10-28 05:00,5,,1.2,140,84,7.3,2.5,1019.5,1027.1,,,,,0,0,,,4652,,,4.7,,,,
146,2025-10-28 06:00,4.8,,1.5,110,86,7.4,2.6,1020,1027.6,,,,,0,0,,,4555,,,4.5,,,,
146,2025-10-28 07:00,4,,2,110,87,7.1,2,1020.6,1028.2,0,0,,,0,0,,,4538,,,4.2,,,,
146,2025-10-28 08:00,6.9,,1.3,110,77,7.6,3.1,1021.1,1028.6,.6,.25,,,0,0,,,4793,,,5,,,,
146,2025-10-28 09:00,8.9,,1.1,110,67,7.6,3,1021.6,1029.1,1,.91,,,0,0,,,4516,,,6.8,,,,
146,2025-10-28 10:00,11.2,,1.4,340,51,6.8,1.4,1021.7,1029.1,1,1.55,,,0,0,,,4390,,,10.2,,,,
146,2025-10-28 11:00,11.9,,2.2,340,46,6.4,.6,1021.6,1029,1,2.06,,,0,0,,,4491,,,14.2,,,,
146,2025-10-28 12:00,12.9,,2.4,360,40,6,-.3,1021.3,1028.7,1,2.35,,,0,0,,,4285,,,18.5,,,,
146,2025-10-28 13:00,14.5,,2.5,20,31,5.1,-2.4,1020.2,1027.5,1,2.43,,,0,0,,,4409,,,20.4,,,,
146,2025-10-28 14:00,14.7,,2.3,360,30,5,-2.7,1019.7,1027,1,2.26,,,0,0,,,4397,,,21.1,,,,
146,2025-10-28 15:00,14.8,,3.3,320,29,4.9,-3,1019.7,1027,1,1.9,,,0,0,,,4075,,,20,,,,
146,2025-10-28 16:00,14.5,,3.5,360,32,5.3,-2,1020.2,1027.5,1,1.33,,,0,0,,,4255,,,17.3,,,,
146,2025-10-28 17:00,13.2,,2.9,340,37,5.6,-1.1,1020.6,1027.9,1,.65,,,0,0,,,4676,,,12.6,,,,
146,2025-10-28 18:00,11.5,,1.8,50,43,5.8,-.6,1020.9,1028.3,.4,.08,,,0,0,,,4724,,,10.4,,,,
146,2025-10-28 19:00,10.3,,1.8,90,54,6.7,1.3,1021.3,1028.7,,,,,0,0,,,3845,,,9.2,,,,
146,2025-10-28 20:00,9.1,,1.9,110,62,7.1,2.1,1022,1029.5,,,,,0,0,,,4418,,,8.2,,,,
146,2025-10-28 21:00,7.8,,2.1,110,69,7.3,2.4,1022.3,1029.8,,,,,0,0,,,4493,,,7.4,,,,
146,2025-10-28 22:00,7.4,,1.6,110,71,7.3,2.4,1022.7,1030.2,,,,,0,0,,,4384,,,6.8,,,,
146,2025-10-28 23:00,6.5,,1.7,140,73,7.1,2,1022.8,1030.3,,,,,0,0,,,4579,,,6.3,,,,
146,2025-10-29 00:00,6,,1.6,140,75,7,1.8,1023,1030.6,,,,,0,0,,,4681,,,5.8,,,,
146,2025-10-29 01:00,5.4,,1.6,140,76,6.8,1.5,1022.9,1030.5,,,,,0,0,,,4221,,,5.4,,,,
146,2025-10-29 02:00,5.4,,1.5,140,77,6.9,1.6,1023,1030.6,,,,,0,0,,,4465,,,5.1,,,,
146,2025-10-29 03:00,4.7,,1.6,140,81,6.9,1.7,1023,1030.6,,,,,0,0,,,4266,,,4.8,,,,
146,2025-10-29 04:00,4.7,,2.3,140,81,6.9,1.7,1023,1030.6,,,,,0,0,,,3830,,,4.5,,,,
146,2025-10-29 05:00,4.6,,2.3,140,81,6.9,1.6,1023.1,1030.7,,,,,0,0,,,3654,,,4.3,,,,
146,2025-10-29 06:00,4.4,,2.3,140,82,6.8,1.5,1023.4,1031,,,,,0,0,,,3291,,,4.1,,,,
146,2025-10-29 07:00,4.2,,2.1,140,82,6.7,1.3,1023.2,1030.8,0,0,,,0,0,,,3001,,,4,,,,
146,2025-10-29 08:00,6.7,,1.3,110,76,7.4,2.7,1023.5,1031,.5,.23,,,0,0,,,3330,,,5.1,,,,
146,2025-10-29 09:00,8.7,,.7,320,71,8,3.7,1023.6,1031.1,1,.84,,,0,0,,,3010,,,7.2,,,,
146,2025-10-29 10:00,12.9,,1,230,62,9.2,5.7,1023.3,1030.7,1,1.47,,,0,0,,,3649,,,10.9,,,,
146,2025-10-29 11:00,15,,.9,20,52,8.8,5.2,1022.6,1029.9,1,1.96,,,0,0,,,3210,,,15.5,,,,
146,2025-10-29 12:00,16.4,,1.3,320,45,8.4,4.4,1021.8,1029.1,1,2.25,,,0,0,,,2511,,,19.5,,,,
146,2025-10-29 13:00,18.2,,1.2,250,41,8.5,4.7,1020.7,1027.9,1,2.35,,,0,0,,,2995,,,22.4,,,,
146,2025-10-29 14:00,18.3,,2.1,290,37,7.7,3.3,1020,1027.2,1,2.2,,,0,0,,,2495,,,23,,,,
146,2025-10-29 15:00,18.9,,2.1,270,35,7.6,3,1019.5,1026.7,1,1.81,,,0,0,,,2745,,,22.3,,,,
146,2025-10-29 16:00,18.8,,.9,270,36,7.7,3.3,1019.5,1026.7,1,1.24,,,0,0,,,3556,,,20.4,,,,
146,2025-10-29 17:00,17.1,,1.9,270,39,7.6,3,1019.7,1026.9,1,.6,,,0,0,,,3064,,,15.3,,,,
146,2025-10-29 18:00,14.6,,1.6,340,46,7.6,3,1019.7,1027,.4,.08,,,0,0,,,2625,,,12.5,,,,
146,2025-10-29 19:00,12.9,,1.6,140,62,9.2,5.7,1020.2,1027.5,,,,,0,0,,,3213,,,11,,,,
146,2025-10-29 20:00,11.3,,2.5,140,71,9.5,6.2,1020.9,1028.3,,,,,1,0,,,3206,,,9.9,,,,
146,2025-10-29 21:00,10.2,,2.3,140,73,9,5.5,1021.1,1028.5,,,,,0,0,,,3192,,,8.9,,,,
146,2025-10-29 22:00,9.6,,1.9,140,73,8.7,4.9,1020.9,1028.3,,,,,0,0,,,3559,,,8.1,,,,
146,2025-10-29 23:00,9,,2.1,110,74,8.5,4.6,1020.7,1028.2,,,,,0,0,,,3462,,,7.5,,,,
146,2025-10-30 00:00,8.5,,2.3,110,74,8.2,4.1,1020.6,1028.1,,,,,0,0,,,3473,,,7,,,,
146,2025-10-30 01:00,7.7,,1.9,140,74,7.7,3.3,1020.5,1028,,,,,0,0,,,3888,,,6.5,,,,
146,2025-10-30 02:00,7.1,,2.3,140,75,7.5,2.9,1020.7,1028.2,,,,,1,0,,,4681,,,6.1,,,,
146,2025-10-30 03:00,6.9,,2.3,140,75,7.4,2.7,1020.9,1028.4,,,,,0,0,,,4077,,,5.7,,,,
146,2025-10-30 04:00,6.7,,2.3,140,75,7.3,2.5,1020.3,1027.8,,,,,0,0,,,4568,,,5.4,,,,
146,2025-10-30 05:00,6.1,,1.5,160,77,7.2,2.3,1020.2,1027.7,,,,,0,0,,,4046,,,5,,,,
146,2025-10-30 06:00,5.6,,2.2,140,79,7.2,2.2,1020.4,1028,,,,,0,0,,,3609,,,4.8,,,,
146,2025-10-30 07:00,6.1,,2.8,140,77,7.2,2.3,1020.5,1028,0,0,,,1,0,Ci,,3969,,,4.7,,,,
146,2025-10-30 08:00,8.5,,2.4,140,72,8,3.7,1020.3,1027.8,.5,.23,,,1,0,Ci,,3094,,,5.8,,,,
146,2025-10-30 09:00,11.5,,1.3,110,62,8.4,4.4,1020.3,1027.7,1,.87,,,4,0,Ci,,3523,,,8.4,,,,
146,2025-10-30 10:00,13.6,,1.3,20,56,8.7,4.9,1019.9,1027.2,1,1.28,,,7,0,Ci,,3498,,,13,,,,
146,2025-10-30 11:00,15.5,,1.1,90,51,8.9,5.3,1019.4,1026.7,.6,1.31,,,8,0,Ci,,3111,,,16.3,,,,
146,2025-10-30 12:00,16.9,,1.5,20,46,8.8,5.1,1018.2,1025.4,1,1.64,,,8,0,Ci,,4014,,,19.2,,,,
146,2025-10-30 13:00,17.9,,1.6,70,38,7.7,3.3,1017.2,1024.4,1,1.77,,,8,0,Ci,,4008,,,20.8,,,,
146,2025-10-30 14:00,18.1,,1.3,340,40,8.2,4.2,1016.6,1023.8,.4,1.37,,,8,0,Ci,,3803,,,20,,,,
146,2025-10-30 15:00,18.2,,0,0,38,7.9,3.6,1016.4,1023.6,0,.93,,,9,0,Ci,,4421,,,19,,,,
146,2025-10-30 16:00,17.3,,1.4,270,47,9.2,5.8,1016.5,1023.7,0,.55,,,9,0,Ci,,3697,,,17.4,,,,
146,2025-10-30 17:00,16.1,,1.8,320,55,10,7,1016.7,1023.9,0,.36,,,8,0,Ci,,3006,,,15.4,,,,
146,2025-10-30 18:00,14.7,,.1,0,59,9.8,6.7,1016.7,1024,0,.04,,,7,0,Ci,,2653,,,13.4,,,,
146,2025-10-30 19:00,13.8,,1.4,110,70,11,8.4,1016.6,1023.9,,,,,7,6,,56,3011,,,12.2,,,,
146,2025-10-30 20:00,12.5,,1.4,140,74,10.6,7.9,1016.6,1023.9,,,,,6,2,,54,2770,,,11.1,,,,
146,2025-10-30 21:00,11.4,,1.8,110,78,10.4,7.6,1016.4,1023.8,,,,,5,0,Ci,,3327,,,10,,,,
146,2025-10-30 22:00,10.7,,1.9,140,80,10.2,7.3,1016.6,1024,,,,,7,0,,,3318,,,9.6,,,,
146,2025-10-30 23:00,10.4,,1.6,110,81,10.2,7.2,1016.3,1023.7,,,,,8,4,,55,3270,,,9.4,,,,
146,2025-10-31 00:00,10.1,,1.1,110,82,10.1,7.1,1015.8,1023.2,,,,,6,0,Ci,,3435,,,8.8,,,,
146,2025-10-31 01:00,9.8,,1.5,110,82,9.9,6.8,1015.9,1023.3,,,,,8,7,,52,3475,,,8.5,,,,
146,2025-10-31 02:00,9,,2,140,86,9.8,6.7,1015.3,1022.7,,,,,6,0,,,3010,,,8,,,,
146,2025-10-31 03:00,8.4,,1.7,110,87,9.5,6.3,1014.6,1022,,,,,3,0,Ci,,3005,,,7.4,,,,
146,2025-10-31 04:00,8,,1.2,110,87,9.3,5.9,1014,1021.4,,,,,0,0,,,3153,,,7,,,,
146,2025-10-31 05:00,7.7,,1.4,140,87,9.1,5.6,1013.7,1021.1,,,,,0,0,,,3294,,,6.7,,,,
146,2025-10-31 06:00,7,,1.5,140,89,8.9,5.3,1013.1,1020.6,,,,,0,0,,,3091,,,6.2,,,,
146,2025-10-31 07:00,7.2,,.8,140,87,8.8,5.1,1012.7,1020.2,0,0,,,0,0,,,3139,,,6,,,,
146,2025-10-31 08:00,9.1,,1.6,140,82,9.4,6.1,1012.6,1020,.5,.19,,,0,0,,,3095,,,6.9,,,,
146,2025-10-31 09:00,11.6,,1,160,73,9.9,6.9,1012.6,1019.9,1,.79,,,0,0,,,3069,,,9.1,,,,
146,2025-10-31 10:00,14.1,,.8,50,64,10.2,7.3,1011.6,1018.9,1,1.39,,,0,0,,,2918,,,12.3,,,,
146,2025-10-31 11:00,16.3,,1.8,340,56,10.3,7.4,1010.2,1017.4,1,1.87,,,0,0,,,3081,,,16.3,,,,
146,2025-10-31 12:00,18.5,,1,290,47,9.9,6.9,1009.5,1016.6,1,2.18,,,0,0,,,2259,,,21.1,,,,
146,2025-10-31 13:00,20.5,,1.6,320,45,10.8,8.1,1008.3,1015.4,1,2.25,,,0,0,,,2026,,,23,,,,
146,2025-10-31 14:00,19.9,,3.7,250,46,10.6,7.9,1007.7,1014.8,1,2.05,,,0,0,,,1400,,,23.4,,,,
146,2025-10-31 15:00,20.7,,2.5,250,44,10.6,7.9,1007.2,1014.2,1,1.69,,,0,0,,,1704,,,22.9,,,,
146,2025-10-31 16:00,19.9,,2.8,250,43,9.9,6.9,1007,1014.1,1,1.13,,,0,0,,,1728,,,20.1,,,,
146,2025-10-31 17:00,17.5,,2.8,270,63,12.5,10.3,1007,1014.1,1,.48,,,0,0,,,1045,,,16,,,,
146,2025-10-31 18:00,15.1,,2.8,230,75,12.8,10.6,1007.2,1014.4,.1,.05,,,0,0,,,800,,40,13.7,,,,
146,2025-10-31 19:00,14.2,,1.5,230,75,12.1,9.8,1007.7,1014.9,,,,,2,0,,,745,,4019,12.5,,,,
146,2025-10-31 20:00,14.1,,1.4,200,75,12,9.7,1008.1,1015.3,,,,,7,7,,34,749,,19,12.3,,,,
146,2025-10-31 21:00,14.2,,1.1,160,75,12.1,9.8,1008,1015.2,,,,,9,9,Sc,18,779,,19,12.8,,,,
146,2025-10-31 22:00,14,,1.4,140,77,12.3,10,1007.8,1015,,,,,10,1,,7,775,,19,13,,,,
146,2025-10-31 23:00,13.5,,1.4,110,79,12.2,9.9,1006.9,1014.1,,,,,7,5,,7,620,,19,12.8,,,,
146,2025-11-01 00:00,13.3,,1.1,180,81,12.4,10.1,1006.1,1013.3,,,,,8,8,,,697,,19,12.7,,,,
146,2025-11-01 01:00,12.8,,1,140,83,12.2,9.9,1005.5,1012.7,,,,,10,1,,17,645,,19,12.3,,,,
146,2025-11-01 02:00,12.3,,1.4,180,88,12.5,10.3,1005.9,1013.2,,,,,10,2,ScAs,16,874,,1901,12.4,,,,
146,2025-11-01 03:00,12.3,4.5,1.8,230,92,13.1,11,1005.7,1013,,,,,10,3,ScAs,15,299,,1901,12.3,,,,
146,2025-11-01 04:00,12.1,,1.7,250,91,12.8,10.6,1006,1013.3,,,,,9,9,Sc,6,615,,19,11.7,,,,
146,2025-11-01 05:00,11.8,,2.1,270,91,12.5,10.3,1006.3,1013.6,,,,,3,3,Sc,4,1194,,19,10.9,,,,
146,2025-11-01 06:00,11.6,,2.4,290,91,12.4,10.1,1007,1014.3,,,,,2,2,Sc,10,1652,,,10.2,,,,
146,2025-11-01 07:00,11,,1.1,320,88,11.5,9,1007.4,1014.7,0,0,,,1,1,Sc,10,1139,,,9.5,,,,
146,2025-11-01 08:00,12.4,,1.1,110,88,12.6,10.4,1008.2,1015.5,.5,.2,,,2,2,Sc,10,1252,,,9.8,,,,
146,2025-11-01 09:00,14.3,,.4,0,81,13.1,11,1008.6,1015.8,1,.72,,,0,0,,,2253,,,11.6,,,,
146,2025-11-01 10:00,14.7,,3,270,69,11.5,9,1008.5,1015.7,1,1.38,,,2,2,Sc,12,3114,,,14.3,,,,
146,2025-11-01 11:00,16.3,,6.8,270,61,11.2,8.7,1007.9,1015.1,.9,1.88,,,4,4,Sc,13,1972,,,17.6,,,,
146,2025-11-01 12:00,16.2,,4.7,270,61,11.2,8.6,1007.3,1014.5,.9,2,,,5,5,Sc,13,2667,,,18.1,,,,
146,2025-11-01 13:00,15.8,,4.9,290,61,10.9,8.2,1006.9,1014.1,.8,1.9,,,4,4,Sc,11,2771,,,17,,,,
146,2025-11-01 14:00,17.1,,5.4,250,51,9.9,6.8,1006.6,1013.7,1,2.22,,,4,4,Sc,13,3401,,,20.4,,,,
146,2025-11-01 15:00,16.9,,3.6,270,55,10.5,7.7,1006.7,1013.8,.9,1.57,,,3,3,Sc,11,3174,,,19.3,,,,
146,2025-11-01 16:00,16.4,,3.7,290,56,10.4,7.5,1006.8,1014,.9,1.15,,,1,1,Sc,12,3591,,,17.5,,,,
146,2025-11-01 17:00,15.3,,3.3,290,62,10.7,8,1007.1,1014.3,1,.57,,,0,0,,,2547,,,13.5,,,,
146,2025-11-01 18:00,14.2,,2.8,270,68,10.9,8.3,1007.5,1014.7,.1,.03,,,7,7,Sc,17,1875,,,12.7,,,,
146,2025-11-01 19:00,13.7,,2.7,250,74,11.6,9.1,1007.9,1015.1,,,,,0,0,,,1545,,,11.6,,,,
146,2025-11-01 20:00,12.9,,1.7,250,76,11.2,8.7,1008.3,1015.6,,,,,4,3,,76,1240,,,11,,,,
146,2025-11-01 21:00,12.6,,1.5,180,78,11.3,8.8,1008.6,1015.9,,,,,2,2,Sc,15,1132,,,10.4,,,,
146,2025-11-01 22:00,12.8,,2.2,230,76,11.2,8.6,1009.1,1016.4,,,,,7,7,,23,1103,,,10.9,,,,
146,2025-11-01 23:00,12.3,,1.8,200,77,10.9,8.3,1009.1,1016.4,,,,,0,0,,,1169,,,9.8,,,,
146,2025-11-02 00:00,11.9,,1.9,200,78,10.8,8.1,1009.1,1016.4,,,,,7,7,,,1239,,,9.8,,,,
146,2025-11-02 01:00,12.4,,1.6,230,76,10.9,8.2,1009,1016.3,,,,,6,6,,22,1431,,,10.1,,,,
146,2025-11-02 02:00,10.5,,1,160,90,11.4,8.9,1009.9,1017.2,,,,,10,3,ScAs,10,348,,1901,10.8,,,,
146,2025-11-02 03:00,10.8,1.3,.9,180,90,11.6,9.2,1009.2,1016.5,,,,,10,5,ScAs,15,529,,1901,11,,,,
146,2025-11-02 04:00,10.8,,.9,160,90,11.6,9.2,1009.3,1016.6,,,,,10,7,ScAs,15,785,,1901,10.9,,,,
146,2025-11-02 05:00,10.4,,1.2,140,90,11.3,8.8,1009.5,1016.8,,,,,4,4,Sc,15,978,,19,10.3,,,,
146,2025-11-02 06:00,9.8,0,1.7,110,92,11.1,8.5,1009.6,1017,,,,,5,5,Sc,15,880,,19,9.6,,,,
146,2025-11-02 07:00,9.8,,1.2,160,92,11.1,8.5,1010.3,1017.7,0,0,,,5,5,Sc,18,1126,,19,9.3,,,,
146,2025-11-02 08:00,11.1,,.8,160,87,11.5,9,1011.1,1018.4,.4,.18,,,4,4,Sc,10,1287,,,9.6,,,,
146,2025-11-02 09:00,12.9,,3.3,270,76,11.2,8.7,1011.9,1019.2,.9,.73,,,3,3,Sc,10,2652,,,11.2,,,,
146,2025-11-02 10:00,14,,2.2,320,73,11.6,9.2,1012.4,1019.7,.7,1.16,,,4,4,Sc,10,2940,,,13.7,,,,
146,2025-11-02 11:00,13.7,,5.7,290,52,8.1,4,1012.8,1020.1,.8,1.59,,,5,5,Sc,15,3586,,,13.5,,,,
146,2025-11-02 12:00,13.8,,7.9,270,47,7.4,2.6,1012.9,1020.2,.9,2.13,,,4,4,Sc,14,4163,,,16.1,,,,
146,2025-11-02 13:00,13.1,,6.1,320,48,7.2,2.3,1012.9,1020.2,.9,2.26,,,3,3,Sc,10,3912,,,16,,,,
146,2025-11-02 14:00,13.4,,5.6,270,41,6.2,.3,1012.6,1019.9,1,2.21,,,2,2,Sc,10,4596,,,17.2,,,,
146,2025-11-02 15:00,12.3,,4.3,290,55,7.8,3.5,1013,1020.3,.8,1.66,,,6,6,Sc,16,3682,,,14.4,,,,
146,2025-11-02 16:00,11,,6,290,53,6.9,1.7,1013.6,1021,.3,.55,,,5,5,Sc,10,4371,,,10.9,,,,
146,2025-11-02 17:00,10.6,,4,290,56,7.1,2.1,1014.1,1021.5,.3,.34,,,6,6,Sc,15,3865,,,9.9,,,,
146,2025-11-02 18:00,9.6,,3.8,290,59,7,1.9,1014.6,1022,0,.05,,,5,5,Sc,12,3874,,,8.3,,,,
146,2025-11-02 19:00,9.3,,3.8,290,59,6.9,1.6,1015.2,1022.6,,,,,7,7,,15,4037,,,8.2,,,,
146,2025-11-02 20:00,9,,4.4,290,61,7,1.8,1016.1,1023.5,,,,,6,6,,13,3889,,,7.5,,,,
146,2025-11-02 21:00,8.2,,3.9,320,63,6.8,1.5,1017.1,1024.6,,,,,3,3,Sc,13,4240,,,6.9,,,,
146,2025-11-02 22:00,6.9,,2.9,320,69,6.8,1.5,1017.7,1025.2,,,,,5,5,,15,3976,,,6,,,,
146,2025-11-02 23:00,6.1,,1.8,320,70,6.6,1,1018.2,1025.7,,,,,0,0,,,3910,,,5.2,,,,
146,2025-11-03 00:00,5.3,,1.9,320,70,6.2,.2,1018.4,1025.9,,,,,0,0,,,3926,,,4.4,,,,
146,2025-11-03 01:00,4.6,,2.5,320,71,6,-.2,1018.7,1026.3,,,,,0,0,,,3945,,,3.8,,,,
146,2025-11-03 02:00,4.2,,1.9,340,71,5.8,-.6,1019.6,1027.2,,,,,0,0,,,4176,,,3.4,,,,
146,2025-11-03 03:00,3.6,,2.5,290,71,5.6,-1.1,1020.1,1027.7,,,,,0,0,,,4223,,,2.8,,,,
146,2025-11-03 04:00,2.8,,2.3,340,74,5.6,-1.3,1020.4,1028,,,,,0,0,,,4219,,,2.4,,,,
146,2025-11-03 05:00,1.9,,1.8,360,76,5.4,-1.8,1021,1028.7,,,,,0,0,,,3638,,,1.9,,,,
146,2025-11-03 06:00,1.2,,1.6,70,83,5.6,-1.3,1021.3,1029,,,,,0,0,,,3515,,,1.5,,,,
146,2025-11-03 07:00,1.2,,.4,0,81,5.4,-1.7,1021.9,1029.6,0,0,,,0,0,,,3799,,,1.3,,,,
146,2025-11-03 08:00,3.3,,.6,20,77,6,-.3,1022.5,1030.1,.4,.19,,,0,0,,,3484,,,2.2,,,,
146,2025-11-03 09:00,4.8,,1.4,340,71,6.1,0,1022.9,1030.5,1,.82,,,0,0,,,2633,,,3.9,,,,
146,2025-11-03 10:00,6.9,,1.7,290,61,6.1,-.1,1023.1,1030.6,1,1.45,,,0,0,,,3717,,,6.8,,,,
146,2025-11-03 11:00,8.3,,1.6,270,53,5.8,-.7,1023.1,1030.6,1,1.95,,,0,0,,,4162,,,11.1,,,,
146,2025-11-03 12:00,10,,1.5,360,46,5.6,-1.1,1022.1,1029.5,1,2.23,,,0,0,,,3363,,,15.2,,,,
146,2025-11-03 13:00,11.8,,1.5,110,44,6.1,0,1021.2,1028.6,1,2.32,,,0,0,,,3440,,,17.6,,,,
146,2025-11-03 14:00,13,,2.1,320,40,6,-.3,1020.2,1027.5,1,2.15,,,0,0,,,4318,,,18.8,,,,
146,2025-11-03 15:00,13.9,,2,320,40,6.3,.5,1020.4,1027.7,1,1.77,,,0,0,,,3961,,,18.3,,,,
146,2025-11-03 16:00,13.9,,1.4,340,43,6.8,1.5,1020.3,1027.6,1,1.21,,,0,0,,,4318,,,16.5,,,,
146,2025-11-03 17:00,12.4,,1.9,340,47,6.7,1.3,1020.3,1027.7,1,.56,,,0,0,,,2923,,,11.7,,,,
146,2025-11-03 18:00,10.5,,1.6,320,52,6.6,1,1020.2,1027.6,.3,.05,,,0,0,,,3442,,,9.4,,,,
146,2025-11-03 19:00,9.5,,1.5,110,65,7.7,3.2,1020.4,1027.8,,,,,0,0,,,3251,,,8.3,,,,
146,2025-11-03 20:00,8.6,,1.1,160,70,7.8,3.4,1020.2,1027.7,,,,,0,0,,,2933,,,7.4,,,,
146,2025-11-03 21:00,7.7,,1.8,180,74,7.7,3.3,1020.7,1028.2,,,,,0,0,,,2787,,,6.7,,,,
146,2025-11-03 22:00,6.9,,1.7,110,78,7.7,3.3,1021.3,1028.8,,,,,0,0,,,2666,,,6.2,,,,
146,2025-11-03 23:00,6.4,,1.1,140,78,7.5,2.8,1021.2,1028.7,,,,,10,9,,14,2691,,,6.4,,,,
146,2025-11-04 00:00,6,,1.6,110,80,7.5,2.8,1020.7,1028.2,,,,,7,7,Sc,11,2840,,,6.1,,,,
146,2025-11-04 01:00,6.3,,1.1,110,77,7.3,2.5,1020.8,1028.3,,,,,8,6,,14,2821,,,6.6,,,,
146,2025-11-04 02:00,6.1,,1.6,140,81,7.6,3,1020.9,1028.4,,,,,0,0,,,2557,,,6.2,,,,
146,2025-11-04 03:00,5.3,,1.4,140,84,7.5,2.8,1020.4,1028,,,,,8,8,Sc,13,2357,,,5.8,,,,
146,2025-11-04 04:00,5.8,,1.8,110,83,7.6,3.1,1020,1027.5,,,,,3,3,Sc,13,2575,,,6.1,,,,
146,2025-11-04 05:00,5.8,,1.3,110,83,7.6,3.1,1020,1027.5,,,,,8,8,Sc,13,2567,,,6.5,,,,
146,2025-11-04 06:00,5.8,,1.2,110,85,7.8,3.4,1020.1,1027.6,,,,,4,4,Sc,13,2760,,,5.8,,,,
146,2025-11-04 07:00,5.7,,1.4,140,87,7.9,3.6,1019.9,1027.4,0,0,,,5,5,Sc,13,2343,,,5.7,,,,
146,2025-11-04 08:00,7.4,,.8,110,83,8.5,4.6,1020.2,1027.7,.1,.16,,,4,4,Sc,10,2578,,,7,,,,
146,2025-11-04 09:00,9.5,,.4,0,76,9,5.4,1020.6,1028,.8,.63,,,5,5,Ac,36,2475,,,8.5,,,,
146,2025-11-04 10:00,13.1,,.9,140,66,9.9,6.8,1020.4,1027.7,.6,1.13,,,0,0,,,2763,,,11.3,,,,
146,2025-11-04 11:00,14.8,,2.1,290,60,10,7,1020.2,1027.5,1,1.84,,,0,0,,,2180,,,15.3,,,,
146,2025-11-04 12:00,15.8,,2.6,290,60,10.7,8,1019.6,1026.9,.9,2.05,,,3,3,Sc,13,2489,,,18.7,,,,
146,2025-11-04 13:00,17,,2,290,55,10.6,7.8,1018.3,1025.5,1,2.21,,,4,0,Ci,,2223,,,20.4,,,,
146,2025-11-04 14:00,18.1,,1.5,340,52,10.7,8,1017.5,1024.7,1,2.05,,,3,0,Ci,,2656,,,22.2,,,,
146,2025-11-04 15:00,18.3,,2.3,250,52,10.9,8.2,1017.4,1024.6,1,1.7,,,2,0,Ci,,3031,,,21.5,,,,
146,2025-11-04 16:00,17.9,,2.2,250,53,10.8,8.1,1017.5,1024.7,1,1.13,,,1,0,Ci,,2897,,,19.2,,,,
146,2025-11-04 17:00,16.4,,2,270,59,10.9,8.3,1017.7,1024.9,1,.5,,,2,0,Ci,,2582,,,14.7,,,,
146,2025-11-04 18:00,14.1,,2.4,270,68,10.9,8.2,1017.7,1025,.2,.04,,,1,0,Ci,,2302,,,12.2,,,,
146,2025-11-04 19:00,12.9,,2,270,72,10.6,7.9,1018.4,1025.7,,,,,0,0,,,2068,,,10.9,,,,
146,2025-11-04 20:00,12,,1,270,74,10.4,7.5,1018.7,1026.1,,,,,0,0,,,1971,,,9.9,,,,
146,2025-11-04 21:00,11.1,,1,180,79,10.4,7.5,1018.9,1026.3,,,,,0,0,,,1484,,,9.2,,,,
146,2025-11-04 22:00,9.8,,1.6,140,85,10.2,7.3,1018.9,1026.3,,,,,0,0,,,1268,,,8.5,,,,
146,2025-11-04 23:00,9.2,,1.2,140,87,10.1,7.1,1018.8,1026.2,,,,,0,0,,,1252,,,8,,,,
146,2025-11-05 00:00,8.5,,1.8,140,88,9.7,6.6,1018.6,1026.1,,,,,0,0,,,1018,,,7.5,,,,
146,2025-11-05 01:00,8,,2.1,140,90,9.6,6.4,1018.3,1025.8,,,,,0,0,,,851,,19,7,,,,
146,2025-11-05 02:00,7.4,,.7,140,90,9.2,5.8,1018.1,1025.6,,,,,0,0,,,844,,19,6.6,,,,
146,2025-11-05 03:00,7.5,,1,110,90,9.3,5.9,1017.8,1025.3,,,,,0,0,,,924,,19,6.2,,,,
146,2025-11-05 04:00,7,,1.8,110,91,9.1,5.6,1017.5,1025,,,,,0,0,,,725,,19,5.9,,,,
146,2025-11-05 05:00,6.6,,.7,110,91,8.8,5.2,1017.4,1024.9,,,,,0,0,,,969,,19,5.6,,,,
146,2025-11-05 06:00,6.5,,1.7,110,91,8.8,5.1,1017.5,1025,,,,,0,0,,,955,,19,5.4,,,,
146,2025-11-05 07:00,6.2,,1.1,140,92,8.7,4.9,1017.5,1025,0,0,,,0,0,,,907,,19,5.2,,,,
146,2025-11-05 08:00,8.1,,.7,90,88,9.5,6.2,1017.7,1025.2,.4,.16,,,0,0,,,1091,,,6.1,,,,
146,2025-11-05 09:00,10.7,,.1,0,80,10.2,7.3,1017.9,1025.3,1,.7,,,2,0,Ci,,1585,,,8.1,,,,
146,2025-11-05 10:00,12.3,,1.7,320,77,10.9,8.3,1017.6,1024.9,1,1.29,,,2,0,Ci,,1599,,,11.4,,,,
146,2025-11-05 11:00,14.2,,1.3,360,68,10.9,8.3,1017.1,1024.4,1,1.79,,,3,0,Ci,,2700,,,15.2,,,,
146,2025-11-05 12:00,16.8,,1.6,290,56,10.6,7.9,1016.4,1023.6,1,2.08,,,4,0,Ci,,1703,,,19.1,,,,
146,2025-11-05 13:00,18.5,,1.7,320,54,11.5,9,1015.4,1022.6,1,2.16,,,1,0,Ci,,1631,,,20.8,,,,
146,2025-11-05 14:00,19.5,,2.3,290,46,10.4,7.5,1014.7,1021.8,1,1.98,,,4,0,Ci,,2131,,,21.4,,,,
146,2025-11-05 15:00,20.3,,2.3,320,41,9.7,6.6,1014.3,1021.4,1,1.58,,,5,0,Ci,,1906,,,21.4,,,,
146,2025-11-05 16:00,19.1,,2.6,320,45,9.9,6.8,1014.2,1021.3,.9,.93,,,4,0,Ci,,1431,,,18.5,,,,
146,2025-11-05 17:00,17.2,,2.2,320,47,9.2,5.7,1014.6,1021.8,1,.46,,,1,0,Ci,,1019,,,14.7,,,,
146,2025-11-05 18:00,15.2,,1.6,320,52,8.9,5.3,1014.8,1022,.1,.04,,,0,0,,,929,,40,12.2,,,,
146,2025-11-05 19:00,14.4,,1.3,290,59,9.6,6.4,1015.4,1022.7,,,,,2,1,,,898,,40,11,,,,
146,2025-11-05 20:00,12.5,,1.2,140,72,10.4,7.5,1015.7,1023,,,,,0,0,,,841,,40,10.1,,,,
146,2025-11-05 21:00,11.4,,1.1,110,76,10.2,7.3,1016.2,1023.6,,,,,0,0,,,838,,4019,9.2,,,,
146,2025-11-05 22:00,10.4,,1.9,140,80,10,7,1016.6,1024,,,,,0,0,,,807,,19,8.5,,,,
146,2025-11-05 23:00,9.7,,1.9,140,83,9.9,6.9,1016.5,1023.9,,,,,0,0,,,718,,19,8,,,,
146,2025-11-06 00:00,9.1,,1.9,140,84,9.7,6.5,1016.2,1023.6,,,,,0,0,,,699,,19,7.4,,,,
146,2025-11-06 01:00,8.4,,2.4,140,86,9.4,6.1,1016.5,1023.9,,,,,0,0,,,671,,19,7,,,,
146,2025-11-06 02:00,7.9,,1.3,140,87,9.2,5.8,1017.1,1024.6,,,,,0,0,,,617,,19,6.5,,,,
146,2025-11-06 03:00,7.5,,1.4,110,89,9.2,5.7,1016.8,1024.3,,,,,0,0,,,540,,19,6.1,,,,
146,2025-11-06 04:00,7.3,,1.9,110,89,9.1,5.6,1016.5,1024,,,,,0,0,,,617,,19,5.8,,,,
146,2025-11-06 05:00,6.8,,.1,0,89,8.8,5.1,1017.1,1024.6,,,,,0,0,,,686,,19,5.5,,,,
146,2025-11-06 06:00,6.7,,2,140,90,8.8,5.1,1017.3,1024.8,,,,,0,0,,,548,,19,5.3,,,,
146,2025-11-06 07:00,6.4,,1.5,110,91,8.7,5,1017.3,1024.8,0,0,,,1,0,Ci,,536,,19,5.2,,,,
146,2025-11-06 08:00,7.9,,.5,110,87,9.2,5.8,1017.6,1025.1,.4,.18,,,8,0,Cs,,700,,19,6.5,,,,
146,2025-11-06 09:00,10,,.3,0,81,9.9,6.8,1018.2,1025.6,.7,.57,,,7,0,Cs,,785,,19,8.9,,,,
146,2025-11-06 10:00,13.4,,.4,0,73,11.2,8.6,1017.8,1025.1,1,1.22,,,4,0,Ci,,929,,19,12,,,,
146,2025-11-06 11:00,14.6,,1.7,320,64,10.6,7.8,1017.9,1025.2,1,1.72,,,1,0,Ci,,943,,4019,15.1,,,,
146,2025-11-06 12:00,16.9,,2,340,53,10.2,7.2,1017.1,1024.3,1,2.08,,,5,0,Ci,,948,,40,19.4,,,,
146,2025-11-06 13:00,17.9,,2.2,250,57,11.6,9.2,1016.3,1023.5,.9,1.82,,,1,0,Ci,,880,,40,20.3,,,,
146,2025-11-06 14:00,20.1,,1.3,290,46,10.8,8.1,1015.4,1022.5,1,1.87,,,2,0,Ci,,1431,,40,22,,,,
146,2025-11-06 15:00,20.2,,1.8,250,46,10.8,8.1,1015.1,1022.2,1,1.61,,,3,0,Ci,,1480,,,21,,,,
146,2025-11-06 16:00,19.7,,1.9,320,45,10.3,7.4,1015,1022.1,1,1.02,,,4,0,Ci,,1603,,,18.8,,,,
146,2025-11-06 17:00,18.1,,1.5,290,48,9.9,6.9,1015.2,1022.4,.6,.35,,,5,0,Ci,,1620,,,15.3,,,,
146,2025-11-06 18:00,16.5,,2.1,290,57,10.6,7.9,1015.4,1022.6,0,.04,,,3,0,Cs,,1439,,,13.2,,,,
146,2025-11-06 19:00,15.2,,1.2,270,68,11.7,9.3,1016.1,1023.4,,,,,6,3,,65,1056,,,12.2,,,,
146,2025-11-06 20:00,14,,1.2,140,73,11.6,9.2,1016.3,1023.6,,,,,6,5,,63,1043,,,11.5,,,,
146,2025-11-06 21:00,12.4,,1.4,140,77,11,8.4,1016.5,1023.8,,,,,5,0,Ci,,1005,,,10.6,,,,
146,2025-11-06 22:00,11.7,,1.5,140,81,11.1,8.5,1016.8,1024.2,,,,,7,3,,60,925,,19,10.1,,,,
146,2025-11-06 23:00,11.2,,.8,140,82,10.9,8.2,1016.6,1024,,,,,7,2,,60,938,,19,9.4,,,,
146,2025-11-07 00:00,10.5,,1.6,110,85,10.7,8,1016.7,1024.1,,,,,8,0,Ci,,751,,19,8.8,,,,
146,2025-11-07 01:00,9.8,,2.4,140,87,10.5,7.7,1016.8,1024.2,,,,,2,2,,56,666,,19,8.2,,,,
146,2025-11-07 02:00,9.7,,.9,140,86,10.3,7.4,1017.1,1024.5,,,,,7,5,,58,732,,19,8.1,,,,
146,2025-11-07 03:00,9.5,,1,140,86,10.2,7.2,1017.2,1024.6,,,,,7,0,Ci,,623,,19,8.4,,,,
146,2025-11-07 04:00,9,,1.5,140,87,9.9,6.9,1017.3,1024.7,,,,,7,0,Cc,,715,,19,7.9,,,,
146,2025-11-07 05:00,8.8,,1.1,140,88,9.9,6.9,1017.2,1024.6,,,,,7,0,Cc,,660,,19,7.6,,,,
146,2025-11-07 06:00,8.6,,1,110,86,9.5,6.3,1017.3,1024.7,,,,,8,0,Ci,,890,,19,7.3,,,,
146,2025-11-07 07:00,8.2,,1.3,140,88,9.5,6.3,1017.7,1025.2,0,0,,,3,0,Ci,,729,,19,6.7,,,,
146,2025-11-07 08:00,8.9,,.8,110,86,9.7,6.6,1018.3,1025.7,0,.14,,,7,0,Cc,,800,,19,7.8,,,,
146,2025-11-07 09:00,11.4,,.2,0,81,10.9,8.2,1018.3,1025.7,.4,.56,,,6,0,Cc,,940,,19,10,,,,
146,2025-11-07 10:00,13.3,,1.4,360,74,11.2,8.7,1018,1025.3,.4,.95,,,8,0,Cc,,1006,,19,14.3,,,,
146,2025-11-07 11:00,15.8,,1.2,290,63,11.2,8.7,1018.2,1025.5,.4,1.43,,,7,0,Cc,,1287,,,16.8,,,,
146,2025-11-07 12:00,18,,1.1,290,55,11.3,8.8,1017.5,1024.7,1,2.02,,,0,0,,,1318,,,19.9,,,,
146,2025-11-07 13:00,20.6,,1.3,200,50,12.1,9.8,1016.2,1023.3,1,2.12,,,0,0,,,1311,,,22.4,,,,
146,2025-11-07 14:00,21,,2.7,270,51,12.6,10.4,1015.6,1022.7,1,1.95,,,0,0,,,1478,,,22.7,,,,
146,2025-11-07 15:00,21.1,,2.2,270,50,12.4,10.2,1015.2,1022.3,1,1.57,,,0,0,,,1414,,,22.3,,,,
146,2025-11-07 16:00,20.1,,2.2,320,53,12.4,10.2,1015.4,1022.5,1,1,,,0,0,,,1145,,,19.6,,,,
146,2025-11-07 17:00,18.4,,2.4,320,54,11.4,8.9,1015.8,1023,1,.4,,,0,0,,,1110,,,15.8,,,,
146,2025-11-07 18:00,16.9,,1.3,290,63,12.1,9.8,1015.6,1022.8,0,.04,,,0,0,,,965,,40,13.6,,,,
146,2025-11-07 19:00,15.6,,1.3,180,71,12.5,10.3,1016.3,1023.5,,,,,0,0,,,831,,40,12.4,,,,
146,2025-11-07 20:00,14,,1.6,140,76,12.1,9.8,1016.8,1024.1,,,,,0,0,,,843,,40,11.5,,,,
146,2025-11-07 21:00,12.9,,1.8,140,79,11.7,9.3,1016.9,1024.2,,,,,0,0,,,766,,40,10.7,,,,
146,2025-11-07 22:00,12.5,,2,140,81,11.7,9.3,1017,1024.3,,,,,0,0,,,729,,4019,10.2,,,,
146,2025-11-07 23:00,11.8,,1.4,140,82,11.3,8.8,1017.1,1024.5,,,,,0,0,,,696,,19,9.6,,,,
146,2025-11-08 00:00,11.4,,1.6,110,84,11.2,8.7,1017,1024.4,,,,,0,0,,,727,,19,9.2,,,,
146,2025-11-08 01:00,11.6,,1.5,110,83,11.3,8.8,1016.7,1024.1,,,,,0,0,,,888,,19,8.8,,,,
146,2025-11-08 02:00,11.1,,1,250,84,11,8.4,1017.1,1024.5,,,,,0,0,,,938,,19,8.5,,,,
146,2025-11-08 03:00,10.6,,1.4,140,87,11.1,8.5,1017.4,1024.8,,,,,0,0,,,741,,19,8.3,,,,
146,2025-11-08 04:00,10.7,,1.3,140,85,10.9,8.2,1017.7,1025.1,,,,,0,0,,,1287,,19,8,,,,
146,2025-11-08 05:00,9.8,,.9,140,87,10.5,7.7,1017.6,1025,,,,,3,0,Ci,,1275,,,8,,,,
146,2025-11-08 06:00,10,,1.8,110,86,10.5,7.7,1018.1,1025.5,,,,,6,0,Cs,,1446,,,8.3,,,,
146,2025-11-08 07:00,9.9,,1,140,85,10.3,7.4,1018.1,1025.5,,,,,9,0,Ci,,1571,,,9,,,,
146,2025-11-08 08:00,10.6,,2.2,140,85,10.8,8.1,1017.6,1025,0,.04,,,10,10,As,35,1872,,,10,,,,
146,2025-11-08 09:00,11.8,,0,0,82,11.3,8.8,1017.6,1025,0,.18,,,10,10,As,30,2128,,,11.7,,,,
146,2025-11-08 10:00,14.1,,.6,110,74,11.9,9.5,1017,1024.3,0,.45,,,10,10,As,30,2540,,,14.8,,,,
146,2025-11-08 11:00,17,,1.4,90,58,11.2,8.6,1015.6,1022.8,.2,1.13,,,9,7,AcCi,30,3356,,,17.9,,,,
146,2025-11-08 12:00,17.1,,2,320,62,12,9.7,1015.4,1022.6,0,.69,,,10,10,As,30,2793,,,17.8,,,,
146,2025-11-08 13:00,17.2,,1.8,320,63,12.3,10,1014.7,1021.9,0,.69,,,10,10,As,30,2391,,,18.2,,,,
146,2025-11-08 14:00,18.5,,.9,90,58,12.3,10,1013,1020.1,0,1.09,,,10,10,As,30,2806,,,20.2,,,,
146,2025-11-08 15:00,18.3,,1.5,290,60,12.5,10.3,1012.8,1019.9,0,.7,,,10,10,As,28,3171,,,18.7,,,,
146,2025-11-08 16:00,17.7,,1.9,320,63,12.7,10.5,1012.8,1020,0,.4,,,10,10,As,27,3112,,,17.2,,,,
146,2025-11-08 17:00,17.2,,.4,0,65,12.7,10.5,1012.8,1020,0,.15,,,10,10,As,26,2813,,,16.2,,,,
146,2025-11-08 18:00,16.2,0,2.3,360,71,13,10.9,1012.8,1020,0,.02,,,10,10,As,25,2524,,01,14.9,,,,
146,2025-11-08 19:00,16,,.5,230,72,13,10.9,1012.9,1020.1,,,,,10,10,As,25,2170,,01,14.7,,,,
146,2025-11-08 20:00,15.1,,1.6,140,79,13.5,11.4,1012.7,1019.9,,,,,10,5,StNs,8,1392,,01,14.3,,,,
146,2025-11-08 21:00,14.5,.2,1.4,140,85,14,12,1012.2,1019.4,,,,,10,10,As,25,1450,,01,14.1,,,,
146,2025-11-08 22:00,14.5,,.5,140,85,14,12,1012.8,1020.1,,,,,10,5,StNs,8,796,,01,13.9,,,,
146,2025-11-08 23:00,14,,1.2,140,89,14.2,12.2,1012,1019.3,,,,,10,5,StNs,8,630,,01,13.8,,,,
146,2025-11-09 00:00,13.5,3.4,1.2,140,91,14,12,1011.6,1018.9,,,,,10,5,StNs,8,267,,01,13.6,,,,
146,2025-11-09 01:00,13.4,,1,110,92,14.1,12.1,1011.1,1018.4,,,,,10,5,StNs,8,499,,01,13.5,,,,
146,2025-11-09 02:00,13.2,,.6,160,92,13.9,11.9,1010.5,1017.8,,,,,10,5,StNs,8,660,,01,13.3,,,,
146,2025-11-09 03:00,13,1.9,.8,340,92,13.7,11.7,1010,1017.3,,,,,10,1,ScAs,10,959,,1901,13.2,,,,
146,2025-11-09 04:00,12.7,,1.9,340,94,13.7,11.7,1010,1017.3,,,,,10,10,As,28,385,,19,13,,,,
146,2025-11-09 05:00,12.4,,1.4,340,94,13.5,11.4,1010.1,1017.4,,,,,10,10,As,28,262,,19,12.7,,,,
146,2025-11-09 06:00,12.1,,.3,0,93,13,10.9,1010.4,1017.7,,,,,3,3,Sc,10,515,,19,11.7,,,,
146,2025-11-09 07:00,12.2,,1,230,94,13.3,11.2,1010.4,1017.7,,,,,2,2,Sc,10,388,,19,10.9,,,,
146,2025-11-09 08:00,12.2,,1.2,90,95,13.5,11.4,1010.7,1018,0,.11,,,10,10,St,3,110,,19,11.6,,,,
146,2025-11-09 09:00,12.7,,1.2,20,94,13.7,11.7,1011.5,1018.8,0,.41,,,10,10,St,1,169,,19,14.1,,,,
146,2025-11-09 10:00,13.6,,.2,0,89,13.8,11.8,1011.3,1018.6,0,.6,,,8,8,St,2,445,,19,15.8,,,,
146,2025-11-09 11:00,15.1,,1.3,340,84,14.4,12.4,1011.2,1018.4,.9,1.53,,,3,3,Sc,10,769,,19,17.7,,,,
146,2025-11-09 12:00,16.9,,1.9,320,73,14,12,1010,1017.2,1,1.92,,,2,2,Sc,15,1068,,19,20.2,,,,
146,2025-11-09 13:00,17.4,,2.2,320,69,13.7,11.6,1009.5,1016.6,.7,1.72,,,3,3,Sc,7,1086,,,19.4,,,,
146,2025-11-09 14:00,17.6,,3.2,320,60,12,9.7,1008.7,1015.8,.6,1.35,,,4,4,Sc,10,2058,,,18.9,,,,
146,2025-11-09 15:00,17.7,,2.9,320,54,10.9,8.2,1008.7,1015.8,.6,1.26,,,5,5,Sc,10,2278,,,18,,,,
146,2025-11-09 16:00,17.3,,5,270,62,12.2,9.9,1009.1,1016.2,1,1.12,,,2,2,Sc,10,2307,,,17.4,,,,
146,2025-11-09 17:00,15.3,,4.4,270,68,11.8,9.4,1009.7,1016.9,.9,.44,,,0,0,,,2236,,,13.9,,,,
146,2025-11-09 18:00,13.6,,4,270,73,11.3,8.8,1010.5,1017.8,0,.03,,,0,0,,,2160,,,11.9,,,,
146,2025-11-09 19:00,12.7,,2.9,270,76,11.1,8.5,1011,1018.3,,,,,0,0,,,1783,,,11,,,,
146,2025-11-09 20:00,12.3,,1.9,270,77,10.9,8.3,1011,1018.3,,,,,0,0,,,1604,,,10.4,,,,
146,2025-11-09 21:00,12.2,,1.9,270,77,10.9,8.2,1011.1,1018.4,,,,,0,0,,,1630,,,10,,,,
146,2025-11-09 22:00,12.8,,2.5,250,75,11,8.4,1011.2,1018.5,,,,,10,6,,15,1614,,,11.1,,,,
146,2025-11-09 23:00,12.9,,2.3,270,76,11.2,8.7,1011.3,1018.6,,,,,10,4,,10,1590,,,11.2,,,,
146,2025-11-10 00:00,12.4,,3.1,290,75,10.7,8,1011.6,1018.9,,,,,7,7,,,1066,,,10.6,,,,
146,2025-11-10 01:00,10.1,,2.3,320,77,9.5,6.2,1012.4,1019.8,,,,,0,0,,,1349,,,9,,,,
146,2025-11-10 02:00,9.5,,2.1,360,75,8.8,5.2,1012.2,1019.6,,,,,3,2,,15,1841,,,8.3,,,,
146,2025-11-10 03:00,9.3,,1.4,320,75,8.7,5,1012.5,1019.9,,,,,4,4,Sc,17,2356,,,7.8,,,,
146,2025-11-10 04:00,8.8,,2.1,340,76,8.5,4.7,1012.4,1019.8,,,,,0,0,,,2229,,,7,,,,
146,2025-11-10 05:00,8,,2.7,340,77,8.2,4.2,1013.2,1020.6,,,,,0,0,,,2480,,,6.4,,,,
146,2025-11-10 06:00,7,,2.5,340,72,7.2,2.2,1013.7,1021.2,,,,,0,0,,,4100,,,5.5,,,,
146,2025-11-10 07:00,7,,.8,70,61,6.1,0,1014.1,1021.6,,,,,0,0,,,4847,,,4.9,,,,
146,2025-11-10 08:00,8,,.8,360,59,6.3,.4,1014.4,1021.8,.3,.13,,,0,0,,,4833,,,5.2,,,,
146,2025-11-10 09:00,10.2,,1.4,70,46,5.7,-.9,1015,1022.4,1,.74,,,0,0,,,4670,,,6.6,,,,
146,2025-11-10 10:00,11.4,,2.5,290,39,5.3,-2,1014.7,1022.1,1,1.35,,,0,0,,,4597,,,8.8,,,,
146,2025-11-10 11:00,12.1,,5,320,37,5.2,-2.1,1014.5,1021.8,1,1.87,,,0,0,,,4721,,,11.4,,,,
146,2025-11-10 12:00,12.6,,4.5,360,35,5.1,-2.4,1013.8,1021.1,1,2.17,,,0,0,,,4493,,,14.6,,,,
146,2025-11-10 13:00,13.4,,3.1,360,34,5.2,-2.1,1012.7,1020,1,2.24,,,0,0,,,4252,,,16.6,,,,
146,2025-11-10 14:00,13.9,,2.9,290,30,4.8,-3.4,1012.5,1019.8,1,2.08,,,0,0,,,4697,,,17.4,,,,
146,2025-11-10 15:00,14.3,,2.8,340,28,4.6,-3.9,1012.1,1019.4,1,1.72,,,0,0,,,4432,,,17.2,,,,
146,2025-11-10 16:00,13.8,,3.8,270,35,5.5,-1.4,1012.2,1019.5,1,1.15,,,0,0,,,4693,,,14.8,,,,
146,2025-11-10 17:00,11.5,,3.9,290,46,6.2,.2,1012.7,1020,1,.53,,,0,0,,,4759,,,9.7,,,,
146,2025-11-10 18:00,9.7,,2.5,270,51,6.1,0,1012.5,1019.9,.3,.04,,,0,0,,,5000,,,7.9,,,,
146,2025-11-10 19:00,8.7,,2.2,270,53,6,-.3,1013,1020.4,,,,,0,0,,,4977,,,6.7,,,,
146,2025-11-10 20:00,8,,1.1,290,54,5.8,-.7,1013.9,1021.3,,,,,0,0,,,4698,,,5.9,,,,
146,2025-11-10 21:00,6.7,,.9,340,56,5.5,-1.4,1014.1,1021.6,,,,,0,0,,,4332,,,5.1,,,,
146,2025-11-10 22:00,6.3,,1.1,320,59,5.6,-1.1,1014.4,1021.9,,,,,0,0,,,4461,,,4.5,,,,
146,2025-11-10 23:00,5.4,,.8,90,74,6.6,1.1,1014.6,1022.1,,,,,7,7,,64,4079,,,4.2,,,,
146,2025-11-11 00:00,4.9,,1.7,110,77,6.6,1.1,1014.8,1022.3,,,,,0,0,,,4471,,,3.8,,,,
146,2025-11-11 01:00,4.4,,1.7,110,77,6.4,.7,1014.5,1022,,,,,8,1,,,4474,,,3.8,,,,
146,2025-11-11 02:00,3.8,,1.4,160,79,6.3,.4,1015,1022.6,,,,,10,1,,57,4268,,,3.4,,,,
146,2025-11-11 03:00,4.2,,.9,140,77,6.3,.5,1015.2,1022.8,,,,,9,0,Ci,,4483,,,4.5,,,,
146,2025-11-11 04:00,4.1,,.2,0,77,6.3,.4,1014.9,1022.5,,,,,8,0,Cc,,4427,,,4.7,,,,
146,2025-11-11 05:00,3.5,,.6,230,80,6.2,.3,1015.3,1022.9,,,,,0,0,,,4387,,,3.4,,,,
146,2025-11-11 06:00,3.4,,2.1,110,82,6.4,.6,1015.5,1023.1,,,,,0,0,,,4335,,,2.8,,,,
146,2025-11-11 07:00,3.1,,1.6,110,81,6.2,.1,1015.6,1023.2,,,,,7,0,Ci,,4716,,,2.9,,,,
146,2025-11-11 08:00,3.6,,1.7,110,80,6.3,.4,1015.9,1023.5,0,.06,,,5,0,Ci,,4707,,,3.5,,,,
146,2025-11-11 09:00,6.4,,.2,0,71,6.8,1.5,1016.5,1024,.8,.56,,,6,4,AcCi,35,4741,,,4.9,,,,
146,2025-11-11 10:00,8.2,,1,320,55,6,-.3,1016.5,1024,.9,.89,,,5,4,AcCi,35,4100,,,7.3,,,,
146,2025-11-11 11:00,11.1,,2.6,340,50,6.6,1,1015.5,1022.9,1,1.75,,,5,2,AcCi,35,4600,,,10.8,,,,
146,2025-11-11 12:00,13.4,,3.3,290,39,6,-.2,1014.7,1022,1,1.95,,,2,2,Ac,35,4076,,,14.5,,,,
146,2025-11-11 13:00,15,,2.5,290,37,6.3,.4,1014.6,1021.9,1,2.19,,,0,0,,,4444,,,16.6,,,,
146,2025-11-11 14:00,16.1,,3.3,290,31,5.7,-1,1014.3,1021.5,1,2.06,,,4,1,AcCi,35,4366,,,17.9,,,,
146,2025-11-11 15:00,15.9,,4.4,360,24,4.3,-4.6,1014.2,1021.4,1,1.64,,,5,1,AcCi,35,4657,,,17.4,,,,
146,2025-11-11 16:00,14.8,,3.7,320,28,4.7,-3.5,1014.4,1021.7,.5,.88,,,8,2,ScAc,10,4734,,,13.4,,,,
146,2025-11-11 17:00,13.5,,3.7,270,30,4.6,-3.7,1015.1,1022.4,0,.26,,,7,7,Ac,40,4768,,,10.7,,,,
146,2025-11-11 18:00,12.4,,3.6,320,33,4.8,-3.4,1015,1022.3,0,.03,,,3,3,Ac,35,4671,,,8.6,,,,
146,2025-11-11 19:00,11.4,,2.1,360,39,5.3,-2,1016.2,1023.6,,,,,0,0,,,3472,,,7.4,,,,
146,2025-11-11 20:00,9.4,,1.4,340,47,5.6,-1.3,1016.6,1024,,,,,2,1,,,3434,,,6.4,,,,
146,2025-11-11 21:00,8.2,,.9,340,60,6.5,.8,1016.8,1024.3,,,,,0,0,,,2991,,,5.7,,,,
146,2025-11-11 22:00,7.9,,1.1,160,62,6.6,1,1017.4,1024.9,,,,,0,0,,,3438,,,5.2,,,,
146,2025-11-11 23:00,6.6,,2,110,69,6.7,1.3,1017.4,1024.9,,,,,0,0,,,3381,,,4.7,,,,
146,2025-11-12 00:00,5.8,,1.9,110,73,6.7,1.3,1017.6,1025.1,,,,,0,0,,,3504,,,4.2,,,,
146,2025-11-12 01:00,5,,1.7,140,73,6.3,.5,1017.5,1025.1,,,,,0,0,,,3567,,,3.7,,,,
146,2025-11-12 02:00,4.6,,1.9,140,75,6.3,.5,1017.4,1025,,,,,0,0,,,3131,,,3.4,,,,
146,2025-11-12 03:00,4.3,,2,110,77,6.4,.6,1017.3,1024.9,,,,,0,0,,,2969,,,3.1,,,,
146,2025-11-12 04:00,3.9,,2.6,140,79,6.3,.5,1017.2,1024.8,,,,,0,0,,,2244,,,2.8,,,,
146,2025-11-12 05:00,3.5,,2,140,81,6.3,.5,1017.3,1024.9,,,,,0,0,,,1624,,,2.5,,,,
146,2025-11-12 06:00,3.5,,2,110,83,6.5,.8,1017.7,1025.3,,,,,0,0,,,1283,,,2.3,,,,
146,2025-11-12 07:00,3.2,,.6,110,84,6.4,.7,1017.7,1025.3,,,,,0,0,,,1327,,,2.1,,,,
146,2025-11-12 08:00,5,,2.2,140,79,6.9,1.6,1018.1,1025.7,.3,.12,,,0,0,,,1194,,,2.8,,,,
146,2025-11-12 09:00,8.3,,1.2,160,67,7.3,2.5,1017.6,1025.1,1,.69,,,0,0,,,1351,,,4.6,,,,
146,2025-11-12 10:00,9.8,,1.1,140,65,7.8,3.5,1017.2,1024.6,.8,.97,,,4,4,Ac,40,1557,,,6.6,,,,
146,2025-11-12 11:00,10.6,,.8,180,63,8,3.8,1016.9,1024.3,.1,.68,,,8,8,Ac,40,1408,,,11,,,,
146,2025-11-12 12:00,12.2,,.6,230,52,7.4,2.6,1016.2,1023.5,.2,1.15,,,9,9,Ac,38,1715,,,13.4,,,,
146,2025-11-12 13:00,13.6,,2.3,340,57,8.8,5.2,1015.4,1022.7,.2,1.18,,,9,9,Ac,37,1239,,,14.9,,,,
146,2025-11-12 14:00,13.8,,1,320,55,8.7,4.9,1015.1,1022.4,.3,1.1,,,8,8,Ac,30,1194,,,15,,,,
146,2025-11-12 15:00,14,,2.5,340,48,7.6,3.1,1014.3,1021.6,.1,.88,,,8,8,Ac,35,1650,,,14.7,,,,
146,2025-11-12 16:00,13.5,,.7,290,49,7.5,2.9,1014.6,1021.9,0,.54,,,9,7,AcCi,40,1688,,,13.4,,,,
146,2025-11-12 17:00,12.4,,1.5,250,54,7.7,3.3,1014.5,1021.8,0,.2,,,9,0,Ci,,1861,,,11.5,,,,
146,2025-11-12 18:00,11.6,,1.2,230,55,7.5,2.8,1015,1022.3,0,.02,,,9,0,Ci,,1812,,,9.9,,,,
146,2025-11-12 19:00,11,,1.5,110,67,8.7,5,1015,1022.4,,,,,10,0,,,1531,,,9.2,,,,
146,2025-11-12 20:00,10.1,,1,200,72,8.8,5.2,1015.2,1022.6,,,,,10,3,,73,1331,,,8.6,,,,
146,2025-11-12 21:00,9.4,,.9,140,74,8.7,4.9,1015,1022.4,,,,,8,0,Ci,,1245,,,8.2,,,,
146,2025-11-12 22:00,8.7,,1.1,140,75,8.4,4.5,1015,1022.4,,,,,9,2,,74,1389,,,7.5,,,,
146,2025-11-12 23:00,7.9,,1.2,140,76,8.1,3.9,1015.2,1022.7,,,,,8,2,,,1573,,,6.9,,,,
146,2025-11-13 00:00,7.4,,1.8,140,77,7.9,3.6,1015.2,1022.7,,,,,7,0,,,1750,,,6.4,,,,
146,2025-11-13 01:00,6.9,,1.5,110,78,7.7,3.3,1015.2,1022.7,,,,,7,0,,,1747,,,5.5,,,,
146,2025-11-13 02:00,5.8,,1.4,140,80,7.4,2.6,1014.8,1022.3,,,,,0,0,,,1640,,,4.6,,,,
146,2025-11-13 03:00,5.9,,1.6,110,80,7.4,2.7,1014.6,1022.1,,,,,0,0,,,1498,,,4.2,,,,
146,2025-11-13 04:00,4.9,,1.6,140,84,7.3,2.4,1014.3,1021.8,,,,,0,0,,,1346,,,3.7,,,,
146,2025-11-13 05:00,4.3,,1.9,140,85,7,1.9,1014.1,1021.6,,,,,0,0,,,1126,,,3.3,,,,
146,2025-11-13 06:00,4.1,,1.7,140,85,6.9,1.7,1014,1021.6,,,,,0,0,,,1027,,,3,,,,
146,2025-11-13 07:00,4.2,,.4,0,87,7.2,2.2,1014.1,1021.6,,,,,0,0,,,917,,19,2.9,,,,
146,2025-11-13 08:00,5.2,,1.6,140,81,7.1,2.1,1014.7,1022.2,.2,.09,,,0,0,,,1150,,19,3.4,,,,
146,2025-11-13 09:00,8.3,,1.1,110,72,7.8,3.5,1014.6,1022,1,.65,,,0,0,,,1335,,,5.5,,,,
146,2025-11-13 10:00,11.6,,.8,90,62,8.4,4.5,1014.2,1021.5,1,1.2,,,0,0,,,1376,,,8.7,,,,
146,2025-11-13 11:00,14.5,,.9,250,54,8.8,5.2,1013.6,1020.9,1,1.62,,,0,0,,,1522,,,12.9,,,,
146,2025-11-13 12:00,16.4,,1.3,320,58,10.8,8.1,1012.7,1019.9,1,1.87,,,0,0,,,1929,,,16.8,,,,
146,2025-11-13 13:00,17.1,,1.4,320,57,11.1,8.5,1011.7,1018.9,1,1.93,,,0,0,,,1208,,,18.9,,,,
146,2025-11-13 14:00,17.5,,3.7,320,59,11.7,9.3,1010.9,1018.1,1,1.73,,,0,0,,,1175,,,19.5,,,,
146,2025-11-13 15:00,17.6,,2.7,320,56,11.2,8.7,1010.5,1017.6,1,1.42,,,0,0,,,1309,,,18.8,,,,
146,2025-11-13 16:00,16.9,,2.8,320,58,11.1,8.5,1010.4,1017.6,.9,.89,,,0,0,,,1230,,,16.3,,,,
146,2025-11-13 17:00,15.7,,1.5,290,63,11.2,8.6,1010.4,1017.6,.8,.34,,,0,0,,,1115,,,13.3,,,,
146,2025-11-13 18:00,13.5,,2.7,270,81,12.4,10.2,1010.9,1018.2,0,.03,,,0,0,,,465,,19,11.8,,,,
146,2025-11-13 19:00,13,,2.1,270,84,12.5,10.3,1011.5,1018.8,,,,,0,0,,,371,,19,10.9,,,,
146,2025-11-13 20:00,12.2,,1,320,83,11.7,9.3,1011.9,1019.2,,,,,6,6,,57,408,,19,10.1,,,,
146,2025-11-13 21:00,11.2,,1.5,270,80,10.6,7.8,1012.1,1019.4,,,,,3,0,Ci,,635,,19,8.9,,,,
146,2025-11-13 22:00,10.9,,2.6,320,66,8.5,4.7,1012.3,1019.6,,,,,3,3,,59,1357,,19,7.9,,,,
146,2025-11-13 23:00,9.4,,.4,0,69,8.1,3.9,1012.6,1020,,,,,0,0,,,1625,,,6.8,,,,
146,2025-11-14 00:00,8.9,,1.5,200,80,9.1,5.6,1012.5,1019.9,,,,,0,0,,,877,,19,6.1,,,,
146,2025-11-14 01:00,7.7,,1,160,86,9,5.4,1012.6,1020,,,,,0,0,,,720,,19,5.4,,,,
146,2025-11-14 02:00,6.9,,1.5,110,88,8.7,5,1012.7,1020.2,,,,,0,0,,,557,,19,5,,,,
146,2025-11-14 03:00,6,,1.4,110,90,8.4,4.4,1012.7,1020.2,,,,,0,0,,,443,,19,4.5,,,,
146,2025-11-14 04:00,5.6,,1.8,110,90,8.1,4,1013,1020.5,,,,,0,0,,,525,,19,4.1,,,,
146,2025-11-14 05:00,4.7,,1.8,140,91,7.7,3.3,1013,1020.5,,,,,0,0,,,450,,19,3.6,,,,
146,2025-11-14 06:00,4.6,,1.8,110,91,7.7,3.2,1013.4,1020.9,,,,,0,0,,,574,,19,3.2,,,,
146,2025-11-14 07:00,4.3,,1.6,110,91,7.5,2.9,1013.9,1021.4,,,,,0,0,,,699,,19,2.8,,,,
146,2025-11-14 08:00,5,,.7,110,89,7.7,3.3,1014.5,1022,.3,.11,,,0,0,,,784,,19,3.3,,,,
146,2025-11-14 09:00,8.2,,.6,110,81,8.8,5.1,1015.3,1022.7,1,.64,,,0,0,,,1113,,19,5.1,,,,
146,2025-11-14 10:00,10.8,,.3,0,69,8.9,5.3,1015.3,1022.7,1,1.25,,,0,0,,,1544,,,7.7,,,,
146,2025-11-14 11:00,11.7,,2.4,320,53,7.3,2.4,1014.7,1022,1,1.76,,,0,0,,,2887,,,11.3,,,,
146,2025-11-14 12:00,13.5,,2.1,360,47,7.2,2.3,1014.4,1021.7,1,2.09,,,0,0,,,3553,,,15,,,,
146,2025-11-14 13:00,14.4,,3.1,320,38,6.2,.2,1013.9,1021.2,1,2.13,,,0,0,,,4710,,,17,,,,
146,2025-11-14 14:00,15.2,,2.3,320,42,7.2,2.3,1013.6,1020.8,1,1.99,,,0,0,,,3869,,,18.5,,,,
146,2025-11-14 15:00,15.7,,1.9,270,46,8.1,4,1013.6,1020.8,1,1.61,,,0,0,,,3675,,,18.4,,,,
146,2025-11-14 16:00,15.1,,2.6,250,50,8.5,4.7,1014,1021.2,1,1.06,,,1,1,Sc,10,4191,,,16.3,,,,
146,2025-11-14 17:00,13.2,,3.3,270,58,8.8,5.1,1014.2,1021.5,1,.46,,,0,0,,,4072,,,11.3,,,,
146,2025-11-14 18:00,11.7,,3.4,270,65,8.9,5.3,1014.6,1021.9,.2,.03,,,0,0,,,3986,,,9.4,,,,
146,2025-11-14 19:00,11.1,,2.1,270,68,9,5.4,1015.3,1022.7,,,,,0,0,,,4148,,,8.4,,,,
146,2025-11-14 20:00,10,,1.2,250,72,8.8,5.1,1016.1,1023.5,,,,,0,0,,,3088,,,7.3,,,,
146,2025-11-14 21:00,8.9,,.5,160,76,8.6,4.8,1016.2,1023.6,,,,,0,0,,,2644,,,6.5,,,,
146,2025-11-14 22:00,8.1,,1.1,180,78,8.4,4.4,1016.9,1024.4,,,,,0,0,,,2628,,,5.8,,,,
146,2025-11-14 23:00,7,,1.5,140,82,8.2,4.1,1017.1,1024.6,,,,,0,0,,,2492,,,5.3,,,,
146,2025-11-15 00:00,6.1,,1.4,110,85,8,3.7,1017.5,1025,,,,,1,0,,,2171,,,4.6,,,,
146,2025-11-15 01:00,5.7,,1.9,140,86,7.8,3.5,1017.7,1025.2,,,,,5,1,,76,2071,,,4.4,,,,
146,2025-11-15 02:00,5.5,,1.6,140,86,7.7,3.3,1017.7,1025.2,,,,,10,1,,72,2095,,,4.8,,,,
146,2025-11-15 03:00,5.7,,1.5,110,86,7.8,3.5,1018.4,1025.9,,,,,9,0,Ci,,2143,,,5,,,,
146,2025-11-15 04:00,5.3,,1.5,110,87,7.7,3.3,1018.6,1026.2,,,,,6,0,Ci,,1926,,,4.6,,,,
146,2025-11-15 05:00,4.7,,2,110,89,7.6,3,1019.1,1026.7,,,,,0,0,,,1740,,,3.8,,,,
146,2025-11-15 06:00,4.6,,2.2,140,89,7.5,2.9,1019.3,1026.9,,,,,2,0,Ci,,1720,,,3.6,,,,
146,2025-11-15 07:00,4.4,,2,110,89,7.4,2.7,1019.4,1027,,,,,7,0,Ci,,1481,,,3.5,,,,
146,2025-11-15 08:00,5.5,,2.1,140,85,7.6,3.1,1020,1027.6,.2,.13,,,6,0,Ci,,1927,,,3.9,,,,
146,2025-11-15 09:00,8,,1.5,160,74,7.9,3.6,1020.2,1027.7,1,.65,,,3,0,Ci,,2195,,,5.3,,,,
146,2025-11-15 10:00,10.9,,.6,50,63,8.2,4.1,1020.3,1027.7,1,1.26,,,0,0,,,3014,,,7.7,,,,
146,2025-11-15 11:00,13.1,,.5,250,46,6.9,1.7,1020.1,1027.4,1,1.76,,,1,0,Ci,,4338,,,11.5,,,,
146,2025-11-15 12:00,14.9,,1.6,290,46,7.7,3.3,1019.3,1026.6,1,2.06,,,0,0,,,3447,,,15.7,,,,
146,2025-11-15 13:00,15.7,,2.3,340,41,7.3,2.4,1018.6,1025.9,1,2.13,,,0,0,,,3932,,,17.8,,,,
146,2025-11-15 14:00,16.5,,2.3,340,44,8.2,4.1,1018,1025.2,1,1.97,,,0,0,,,3334,,,19.1,,,,
146,2025-11-15 15:00,16.7,,1.9,290,42,8,3.7,1017.7,1024.9,1,1.59,,,0,0,,,2854,,,18.9,,,,
146,2025-11-15 16:00,16.9,,1.9,320,42,8,3.8,1018,1025.2,1,1.06,,,1,0,Ci,,3231,,,16.5,,,,
146,2025-11-15 17:00,15.4,,1.6,290,43,7.5,2.8,1018.6,1025.9,1,.43,,,1,0,Ci,,3371,,,12.1,,,,
146,2025-11-15 18:00,13.1,,.8,250,47,7.1,2,1019.3,1026.6,.2,.02,,,1,0,Ci,,3283,,,9.7,,,,
146,2025-11-15 19:00,11.7,,1.3,230,60,8.2,4.1,1019.8,1027.2,,,,,0,0,,,2719,,,8.4,,,,
146,2025-11-15 20:00,10,,1.9,140,69,8.4,4.5,1019.7,1027.1,,,,,2,0,,,2332,,,7.5,,,,
146,2025-11-15 21:00,9.3,,1,140,72,8.4,4.5,1020.1,1027.5,,,,,0,0,,,2207,,,7,,,,
146,2025-11-15 22:00,8.6,,1.6,160,73,8.1,4,1020.6,1028.1,,,,,0,0,,,2523,,,6.1,,,,
146,2025-11-15 23:00,7.9,,1.6,110,76,8.1,3.9,1020.8,1028.3,,,,,0,0,,,2228,,,5.6,,,,
146,2025-11-16 00:00,7.3,,1.2,140,76,7.7,3.3,1020.6,1028.1,,,,,0,0,,,2425,,,5.2,,,,
146,2025-11-16 01:00,7.1,,2,140,76,7.6,3.1,1020.3,1027.8,,,,,7,7,,46,2321,,,5.3,,,,
146,2025-11-16 02:00,7.3,,2,110,76,7.7,3.3,1020.2,1027.7,,,,,9,9,,47,2633,,,5.7,,,,
146,2025-11-16 03:00,7.6,,1.9,140,75,7.8,3.4,1020,1027.5,,,,,6,6,Ac,30,2646,,,5.4,,,,
146,2025-11-16 04:00,7.4,,.8,90,75,7.7,3.2,1019.7,1027.2,,,,,7,7,Ac,35,2824,,,5.6,,,,
146,2025-11-16 05:00,7.5,,.9,140,74,7.6,3.1,1019.5,1027,,,,,8,8,Ac,32,3066,,,6,,,,
146,2025-11-16 06:00,7.5,,1.7,140,74,7.6,3.1,1019.3,1026.8,,,,,8,8,Ac,33,3330,,,6.2,,,,
146,2025-11-16 07:00,8,,1.8,140,72,7.7,3.2,1019.6,1027.1,,,,,8,8,As,33,3754,,,6.6,,,,
146,2025-11-16 08:00,8.6,,1.2,140,69,7.7,3.2,1020,1027.5,0,.06,,,8,8,As,34,3769,,,7.5,,,,
146,2025-11-16 09:00,12,,1.4,140,62,8.7,4.9,1020.2,1027.6,.6,.63,,,7,7,As,36,3349,,,10.3,,,,
146,2025-11-16 10:00,14.8,,.5,160,53,8.8,5.2,1020.1,1027.4,.5,1.02,,,6,6,As,36,3899,,,13.4,,,,
146,2025-11-16 11:00,17.4,,1.4,200,46,9.1,5.6,1019.4,1026.6,.8,1.7,,,5,5,Ac,35,4401,,,16.4,,,,
146,2025-11-16 12:00,19.2,,2.6,200,39,8.6,4.8,1018.3,1025.5,.9,1.76,,,4,4,Ac,42,4687,,,19,,,,
146,2025-11-16 13:00,20.1,,1.5,250,34,8,3.7,1017.4,1024.5,.9,1.97,,,3,3,Ac,35,4524,,,21,,,,
146,2025-11-16 14:00,20.7,,2.8,250,34,8.2,4.2,1016.9,1024,1,1.94,,,4,4,Ac,36,4707,,,21.5,,,,
146,2025-11-16 15:00,20.6,,3.2,270,35,8.4,4.5,1017.1,1024.2,1,1.63,,,2,2,Ac,35,4813,,,21.2,,,,
146,2025-11-16 16:00,19.1,,3.7,270,42,9.2,5.8,1017.6,1024.8,1,1.05,,,1,1,Ac,35,4339,,,17.7,,,,
146,2025-11-16 17:00,16.4,,2.5,270,64,11.9,9.5,1018,1025.2,1,.38,,,2,2,Ac,35,3470,,,14,,,,
146,2025-11-16 18:00,14.6,,2,270,71,11.7,9.3,1018.4,1025.7,.2,.03,,,0,0,,,3073,,,11.8,,,,
146,2025-11-16 19:00,13.3,,1.4,250,74,11.2,8.7,1018.6,1025.9,,,,,0,0,,,2803,,,10.2,,,,
146,2025-11-16 20:00,12.4,,1.3,140,77,11,8.4,1018.5,1025.9,,,,,0,0,,,2391,,,9,,,,
146,2025-11-16 21:00,11.2,,1,320,82,10.9,8.2,1019.7,1027.1,,,,,3,3,Sc,12,1775,,,8.3,,,,
146,2025-11-16 22:00,10.8,,1,140,81,10.4,7.6,1019.3,1026.7,,,,,0,0,,,2041,,,8.7,,,,
146,2025-11-16 23:00,10.2,,1,200,82,10.2,7.2,1018.8,1026.2,,,,,7,2,,7,2373,,,8.2,,,,
146,2025-11-17 00:00,11,,1.9,140,83,10.9,8.2,1018.5,1025.9,,,,,8,8,Sc,8,2255,,,10,,,,
146,2025-11-17 01:00,12.1,,2.5,230,85,11.9,9.6,1018.8,1026.2,,,,,10,8,ScAs,10,936,,1901,10.9,,,,
146,2025-11-17 02:00,11.9,,3.3,270,82,11.4,8.9,1019.1,1026.5,,,,,9,4,,4,402,,19,11,,,,
146,2025-11-17 03:00,11.4,0,3,290,75,10.1,7.1,1019.8,1027.2,,,,,9,9,Sc,14,824,,19,10.4,,,,
146,2025-11-17 04:00,10.4,,2.2,320,75,9.4,6.1,1020.2,1027.6,,,,,8,8,Sc,14,1033,,19,9.2,,,,
146,2025-11-17 05:00,9.1,,2.5,290,70,8.1,3.9,1020.3,1027.8,,,,,3,3,Sc,11,2559,,,7.5,,,,
146,2025-11-17 06:00,7.7,,4.7,320,68,7.1,2.1,1021.5,1029,,,,,5,5,Sc,10,2675,,,7,,,,
146,2025-11-17 07:00,6.4,,4.4,340,59,5.7,-1,1021.6,1029.1,,,,,6,6,Sc,10,2715,,,5.4,,,,
146,2025-11-17 08:00,5.9,,4.4,290,57,5.3,-1.9,1022.2,1029.8,.1,.08,,,1,1,Sc,12,2993,,,4.8,,,,
146,2025-11-17 09:00,6.9,,3.7,320,55,5.5,-1.5,1023.1,1030.6,1,.58,,,1,1,Ac,30,2746,,,5.8,,,,
146,2025-11-17 10:00,7.2,,3.5,320,47,4.8,-3.3,1023.2,1030.7,.7,1,,,7,7,Ac,33,4162,,,8.3,,,,
146,2025-11-17 11:00,7.9,,3.7,340,45,4.8,-3.3,1022.6,1030.1,.3,1.14,,,7,3,ScAc,10,4069,,,10.3,,,,
146,2025-11-17 12:00,8.7,,3.3,290,41,4.6,-3.8,1021.9,1029.4,.9,1.72,,,2,2,Ac,33,4135,,,11.9,,,,
146,2025-11-17 13:00,9.6,,4.2,340,35,4.2,-5.1,1020.8,1028.2,1,1.95,,,3,3,Ac,33,4313,,,13.7,,,,
146,2025-11-17 14:00,9,,5.4,320,38,4.4,-4.5,1020.6,1028.1,1,1.76,,,6,1,ScAc,10,4341,,,13.7,,,,
146,2025-11-17 15:00,9.1,,3.6,320,40,4.6,-3.8,1020.8,1028.3,.9,1.19,,,5,1,ScCi,10,3829,,,12.6,,,,
146,2025-11-17 16:00,7.8,,5.2,290,43,4.5,-4,1021,1028.5,.8,.77,,,5,0,CsCi,,4316,,,9.8,,,,
146,2025-11-17 17:00,5.6,,4.2,320,52,4.7,-3.5,1021.6,1029.2,.4,.27,,,3,3,Ac,33,4420,,,5.7,,,,
146,2025-11-17 18:00,4.7,,3.4,320,57,4.9,-3.1,1021.9,1029.5,.1,.02,,,2,2,Sc,10,4418,,,4.1,,,,
146,2025-11-17 19:00,3.8,,2.9,320,61,4.9,-3,1022.4,1030,,,,,2,0,,,3753,,,3.1,,,,
146,2025-11-17 20:00,3.3,,3.1,290,61,4.7,-3.5,1022.5,1030.1,,,,,4,0,,,4165,,,2.4,,,,
146,2025-11-17 21:00,3.3,,2.8,340,59,4.6,-3.9,1022.2,1029.8,,,,,8,8,Sc,14,4363,,,2.7,,,,
146,2025-11-17 22:00,3.6,,2.8,360,60,4.8,-3.4,1022.1,1029.7,,,,,9,9,,14,4328,,,3.4,,,,
146,2025-11-17 23:00,3.8,,3,360,61,4.9,-3,1022,1029.6,,,,,10,6,,12,4164,,,3.8,,,,
146,2025-11-18 00:00,3.7,,2.6,340,62,4.9,-2.9,1021.6,1029.2,,,,,9,9,,,3953,,,4,,,,
146,2025-11-18 01:00,3.6,,2.2,360,63,5,-2.7,1021.4,1029,,,,,9,9,,12,3872,,,4.1,,,,
146,2025-11-18 02:00,3.5,,2.5,320,63,5,-2.8,1021,1028.6,,,,,10,9,,11,3649,,,4,,,,
146,2025-11-18 03:00,3.3,,2,50,64,5,-2.8,1020.9,1028.5,,,,,9,9,Sc,11,3482,,,4.1,,,,
146,2025-11-18 04:00,3.1,,2.7,320,65,5,-2.8,1020.7,1028.3,,,,,9,9,Sc,12,3138,,,3.8,,,,
146,2025-11-18 05:00,2.4,,2.3,70,67,4.9,-3.1,1020.6,1028.2,,,,,9,9,Sc,13,3064,,,3.6,,,,
146,2025-11-18 06:00,2.2,,3.1,50,66,4.7,-3.5,1020.7,1028.4,,,,,9,9,Sc,14,3133,,,3.4,,,,
146,2025-11-18 07:00,1.9,,2.7,360,66,4.6,-3.7,1021.3,1029,,,,,10,7,ScAs,14,3036,,,3.1,,,,
146,2025-11-18 08:00,1.9,,1.7,20,66,4.6,-3.7,1022,1029.7,0,.02,,,9,9,Sc,11,3152,,,3.4,,,,
146,2025-11-18 09:00,2.3,,2.3,50,67,4.8,-3.2,1022.4,1030.1,0,.24,,,8,8,Sc,12,3451,,,4.8,,,,
146,2025-11-18 10:00,3.5,,1.4,50,61,4.8,-3.3,1022,1029.6,.3,.78,,,8,8,Sc,15,3780,,,6.7,,,,
146,2025-11-18 11:00,5.2,,3.6,340,55,4.9,-3.1,1021.6,1029.2,.2,.99,,,9,9,Sc,14,2989,,,9,,,,
146,2025-11-18 12:00,5.6,,3.3,320,55,5,-2.7,1021,1028.6,.5,1.41,,,5,5,Sc,13,3785,,,10.4,,,,
146,2025-11-18 13:00,7.7,,1.8,290,49,5.2,-2.3,1019.7,1027.2,.9,2,,,0,0,,,3922,,,13.2,,,,
146,2025-11-18 14:00,7.2,,3.1,320,49,5,-2.8,1019,1026.5,1,1.92,,,1,1,Sc,13,3896,,,14,,,,
146,2025-11-18 15:00,7.7,,3.2,320,47,4.9,-2.9,1018.3,1025.8,1,1.57,,,2,2,Sc,12,3848,,,13.1,,,,
146,2025-11-18 16:00,7.7,,2.9,270,49,5.2,-2.3,1018,1025.5,.9,.95,,,4,4,Sc,12,4096,,,10.7,,,,
146,2025-11-18 17:00,7,,2.9,320,53,5.3,-1.9,1017.8,1025.3,.9,.47,,,8,8,Sc,14,4300,,,7.8,,,,
146,2025-11-18 18:00,5.5,,2,270,62,5.6,-1.2,1017.9,1025.4,.1,.01,,,3,3,Sc,15,3757,,,5.6,,,,
146,2025-11-18 19:00,5.4,,1.9,250,66,5.9,-.4,1018.1,1025.6,,,,,10,7,,13,3849,,,5.4,,,,
146,2025-11-18 20:00,5.3,,1.7,230,66,5.9,-.5,1018.2,1025.7,,,,,9,6,,13,3413,,,5.6,,,,
146,2025-11-18 21:00,5.2,,.8,290,66,5.8,-.6,1018.3,1025.9,,,,,9,9,Sc,10,3351,,,5.8,,,,
146,2025-11-18 22:00,5.1,,2,270,69,6.1,-.1,1019.2,1026.8,,,,,9,9,Sc,10,3036,,01,5.5,,,,
146,2025-11-18 23:00,4.4,,1.5,250,75,6.2,.3,1019.6,1027.2,,,,,10,6,ScAs,11,2405,,01,5.2,,,,
146,2025-11-19 00:00,4.1,0,1.8,230,77,6.3,.4,1019.2,1026.8,,,,,10,7,,,2496,,01,5.1,,,,
146,2025-11-19 01:00,4.1,,.6,230,76,6.2,.2,1018.9,1026.5,,,,,9,2,,16,2651,,,5.1,,,,
146,2025-11-19 02:00,4.2,,.9,230,76,6.2,.3,1018.7,1026.3,,,,,0,0,,,2843,,,5.1,,,,
146,2025-11-19 03:00,4.2,,1.4,290,77,6.3,.5,1018.8,1026.4,,,,,9,9,Sc,9,2748,,,5.1,,,,
146,2025-11-19 04:00,3.8,,.8,290,80,6.4,.6,1018.7,1026.3,,,,,9,9,Sc,12,1782,,,4.9,,,,
146,2025-11-19 05:00,3.7,,.7,320,79,6.2,.3,1018.8,1026.4,,,,,9,9,Sc,12,2260,,,4.8,,,,
146,2025-11-19 06:00,3.7,,1.5,20,72,5.8,-.8,1019,1026.6,,,,,9,9,Sc,13,3071,,,4.7,,,,
146,2025-11-19 07:00,3.6,,1.4,50,72,5.7,-.9,1019.3,1026.9,,,,,9,9,Sc,12,3020,,,4.8,,,,
146,2025-11-19 08:00,3.9,,.3,0,70,5.7,-1,1019.9,1027.5,0,.02,,,9,9,Sc,13,2878,,,5.3,,,,
146,2025-11-19 09:00,4.9,,1.5,70,64,5.6,-1.3,1020.3,1027.9,0,.23,,,8,8,Sc,14,3210,,,6.8,,,,
146,2025-11-19 10:00,7.1,,1.6,110,58,5.8,-.6,1020.1,1027.6,.4,.89,,,3,3,Sc,15,3962,,,7.5,,,,
146,2025-11-19 11:00,7.9,,2,290,50,5.3,-1.9,1019.9,1027.4,1,1.66,,,1,1,Sc,15,3544,,,9.4,,,,
146,2025-11-19 12:00,8.4,,3.6,360,50,5.5,-1.4,1019.3,1026.8,1,1.95,,,2,2,Sc,15,3327,,,12.5,,,,
146,2025-11-19 13:00,8.7,,1.5,290,52,5.8,-.6,1018.4,1025.9,.8,1.64,,,3,3,Sc,13,3787,,,13.5,,,,
146,2025-11-19 14:00,9.2,,1.9,290,48,5.6,-1.3,1018.8,1026.2,.8,1.88,,,5,5,Sc,14,4830,,,14.2,,,,
146,2025-11-19 15:00,8.8,,3.4,320,,,,1018,1025.4,.8,1.26,,,4,4,Sc,14,4059,,,10.7,,,,
146,2025-11-19 16:00,8.6,,1.9,340,,,,1017.8,1025.3,.9,.9,,,5,5,Sc,13,3519,,,10.2,,,,
146,2025-11-19 17:00,7.2,,2.9,360,,,,1018,1025.5,.1,.19,,,7,7,Sc,13,3267,,,8.1,,,,
146,2025-11-19 18:00,6.5,,1.7,340,,,,1018.1,1025.6,0,.01,,,7,7,Sc,13,3054,,,6.4,,,,
146,2025-11-19 19:00,6.4,,1.8,340,,,,1018.5,1026,,,,,6,6,,14,2686,,,6.3,,,,
146,2025-11-19 20:00,5.7,,1.2,270,,,,1018.9,1026.4,,,,,3,3,,13,2293,,,4.7,,,,
146,2025-11-19 21:00,4.6,,.9,70,,,,1019.1,1026.7,,,,,2,2,Sc,13,2088,,,3.8,,,,
146,2025-11-19 22:00,4,,1.6,110,,,,1019.1,1026.7,,,,,0,0,,,2364,,,3.1,,,,
146,2025-11-19 23:00,3.4,,1.8,110,,,,1019.5,1027.1,,,,,0,0,,,2109,,,2.6,,,,
146,2025-11-20 00:00,2.9,,2.4,110,,,,1019.4,1027,,,,,2,2,,,2106,,,2.6,,,,
146,2025-11-20 01:00,2.3,,2.1,140,,,,1019,1026.6,,,,,2,2,,13,1859,,,2.4,,,,
146,2025-11-20 02:00,3.1,,1.9,110,,,,1018.9,1026.5,,,,,9,9,,14,2038,,,3.8,,,,
146,2025-11-20 03:00,3.6,,1.7,110,,,,1018.7,1026.3,,,,,8,8,Sc,11,2087,,,4.5,,,,
146,2025-11-20 04:00,4,,1.4,140,,,,1018.8,1026.4,,,,,7,7,Sc,14,2052,,,4.9,,,,
146,2025-11-20 05:00,4.3,,1.2,140,,,,1018.4,1026,,,,,7,7,Sc,13,2069,,,5.2,,,,
146,2025-11-20 06:00,4.7,,1.8,160,,,,1018.5,1026.1,,,,,8,8,Sc,13,2132,,,5.4,,,,
146,2025-11-20 07:00,5.2,,1.4,160,,,,1018.7,1026.3,,,,,9,9,Sc,15,2223,,,5.7,,,,
146,2025-11-20 08:00,5.9,,2.1,140,,,,1018.8,1026.3,0,.02,,,9,9,Sc,14,2290,,,6.2,,,,
146,2025-11-20 09:00,6.7,,1.2,140,,,,1019.1,1026.6,0,.14,,,9,9,Sc,10,2111,,,7.2,,,,
146,2025-11-20 10:00,10,,1.6,90,,,,1018.8,1026.2,.6,.91,,,4,3,ScCi,10,2229,,,9.1,,,,
146,2025-11-20 11:00,12.3,,1.3,230,54.7,7.8,3.4,1018.3,1025.7,.9,1.46,,,6,6,Sc,10,2290,,,13.1,,,,
146,2025-11-20 12:00,13.6,,3.2,270,55.9,8.7,4.9,1017.6,1024.9,.7,1.58,,,7,7,Sc,10,2120,,,16,,,,
146,2025-11-20 13:00,13.3,,4.2,250,57,8.7,4.9,1017,1024.3,.5,1.31,,,8,8,Sc,10,2036,,,14.8,,,,
146,2025-11-20 14:00,14.8,,4.6,270,47.7,8,3.8,1016.3,1023.6,.4,1.15,,,3,3,Sc,10,2609,,,17.9,,,,
146,2025-11-20 15:00,14.8,,3.8,270,46.1,7.7,3.3,1016,1023.3,.9,1.49,,,3,3,Sc,10,2851,,,17.4,,,,
146,2025-11-20 16:00,13.4,,3.9,270,50.5,7.7,3.3,1016.2,1023.5,.8,.87,,,3,3,Sc,17,2976,,,11.9,,,,
146,2025-11-20 17:00,12.5,,2.8,270,56.2,8.1,4,1016.1,1023.4,.3,.24,,,2,1,ScCi,15,2366,,,11.3,,,,
146,2025-11-20 18:00,11.8,,3,250,61,8.4,4.5,1016.4,1023.8,0,.01,,,2,2,Sc,10,2428,,,9.4,,,,
146,2025-11-20 19:00,11.2,,2.7,270,66,8.7,5,1017,1024.4,,,,,2,2,,11,1967,,,8.6,,,,
146,2025-11-20 20:00,11.1,,3.5,270,67,8.8,5.1,1017.2,1024.6,,,,,0,0,,,1576,,,8.3,,,,
146,2025-11-20 21:00,10.4,,2.8,270,69,8.7,4.9,1017.4,1024.8,,,,,0,0,,,1315,,,7.6,,,,
146,2025-11-20 22:00,9.7,,1.7,290,77,9.2,5.8,1017.9,1025.3,,,,,2,2,,8,958,,,7.2,,,,
146,2025-11-20 23:00,8.6,,2.3,290,80,8.9,5.3,1018.2,1025.7,,,,,2,2,,13,923,,,6.4,,,,
146,2025-11-21 00:00,8.4,,2.6,290,73,8,3.8,1018.3,1025.8,,,,,0,0,,,1528,,,5.9,,,,
146,2025-11-21 01:00,6.5,,2.1,320,76,7.3,2.5,1018.6,1026.1,,,,,0,0,,,2307,,,4.7,,,,
146,2025-11-21 02:00,6.4,,.4,0,77,7.4,2.6,1018.5,1026,,,,,0,0,,,1813,,,3.7,,,,
146,2025-11-21 03:00,5.3,,.4,0,81,7.2,2.2,1018.3,1025.8,,,,,1,1,Sc,12,2089,,,3.1,,,,
146,2025-11-21 04:00,4.7,,.7,160,84,7.2,2.2,1018.1,1025.7,,,,,1,1,Sc,12,2077,,,2.7,,,,
146,2025-11-21 05:00,3.7,,1,110,86,6.8,1.5,1018.1,1025.7,,,,,1,1,Sc,12,1813,,,2.2,,,,
146,2025-11-21 06:00,3.2,,1.5,140,87,6.7,1.2,1018.3,1025.9,,,,,0,0,,,1634,,,1.8,,,,
146,2025-11-21 07:00,3.2,,1.6,110,88,6.7,1.3,1018.6,1026.2,,,,,0,0,,,1841,,,1.5,,,,
146,2025-11-21 08:00,3.5,,1.5,140,88,6.9,1.6,1019.4,1027,.1,.06,,,0,0,,,1714,,,1.9,,,,
146,2025-11-21 09:00,6.9,,.9,110,76,7.5,2.9,1019.9,1027.4,1,.63,,,0,0,,,2554,,,3.6,,,,
146,2025-11-21 10:00,8.6,,.8,230,65,7.2,2.3,1019.9,1027.4,1,1.25,,,0,0,,,3082,,,6.9,,,,
146,2025-11-21 11:00,9.7,,2.6,320,53,6.3,.5,1020,1027.4,1,1.72,,,0,0,,,4040,,,11.7,,,,
146,2025-11-21 12:00,11.2,,2.2,290,51,6.8,1.4,1019.4,1026.8,1,1.97,,,1,1,Sc,15,3755,,,15,,,,
146,2025-11-21 13:00,11.9,,3,290,40,5.6,-1.2,1018.7,1026.1,1,2.17,,,1,1,Sc,15,4638,,,17.1,,,,
146,2025-11-21 14:00,12.1,,4.8,270,39,5.5,-1.4,1018.1,1025.5,1,1.95,,,1,1,Sc,15,4013,,,17.4,,,,
146,2025-11-21 15:00,11.4,,4.1,270,44,5.9,-.4,1017.8,1025.2,.9,1.48,,,1,1,Sc,15,3311,,,15,,,,
146,2025-11-21 16:00,11.2,,3.7,270,38,5,-2.6,1018,1025.4,.8,.79,,,0,0,,,4367,,,13.1,,,,
146,2025-11-21 17:00,10.1,,3,270,48,5.9,-.4,1018.1,1025.5,1,.39,,,0,0,,,4672,,,9.3,,,,
146,2025-11-21 18:00,8.7,,2.5,270,53,6,-.3,1018.7,1026.2,.2,.02,,,0,0,,,4775,,,7.4,,,,
146,2025-11-21 19:00,8.1,,1.9,270,59,6.3,.5,1019.2,1026.7,,,,,0,0,,,4836,,,6.1,,,,
146,2025-11-21 20:00,7.5,,1.4,180,63,6.5,.8,1019.5,1027,,,,,0,0,,,3804,,,5,,,,
146,2025-11-21 21:00,5.8,,2.2,140,69,6.3,.5,1019.8,1027.3,,,,,0,0,,,3592,,,4.2,,,,
146,2025-11-21 22:00,4.8,,1.6,140,73,6.2,.3,1020.1,1027.7,,,,,0,0,,,3836,,,3.5,,,,
146,2025-11-21 23:00,4.4,,1.9,140,74,6.2,.1,1020.1,1027.7,,,,,0,0,,,4102,,,3.1,,,,
146,2025-11-22 00:00,3.8,,2.1,140,77,6.2,.1,1019.8,1027.4,,,,,0,0,,,4058,,,2.6,,,,
146,2025-11-22 01:00,3.3,,1.6,140,79,6.1,0,1019.6,1027.2,,,,,0,0,,,3929,,,2.2,,,,
146,2025-11-22 02:00,3.3,,2.1,140,79,6.1,0,1019.7,1027.3,,,,,0,0,,,4280,,,1.9,,,,
146,2025-11-22 03:00,2.9,,1.8,140,81,6.1,0,1019.8,1027.4,,,,,0,0,,,4388,,,1.7,,,,
146,2025-11-22 04:00,2.8,,1.9,160,82,6.1,0,1019.6,1027.2,,,,,0,0,,,4133,,,1.5,,,,
146,2025-11-22 05:00,2.7,,2.4,140,83,6.1,0,1019.3,1026.9,,,,,0,0,,,4243,,,1.3,,,,
146,2025-11-22 06:00,2.3,,1.7,140,85,6.1,0,1019.6,1027.2,,,,,0,0,,,3753,,,1,,,,
146,2025-11-22 07:00,2.1,,1.1,140,87,6.2,.1,1019.8,1027.5,,,,,0,0,,,3658,,,.9,,,,
146,2025-11-22 08:00,3.2,,1.9,140,85,6.5,.9,1020.3,1027.9,.1,.06,,,0,0,,,3399,,,1.5,,,,
146,2025-11-22 09:00,6.4,,1.8,140,75,7.2,2.2,1020.6,1028.1,1,.59,,,0,0,,,4016,,,3.5,,,,
146,2025-11-22 10:00,9.6,,1.7,140,64,7.6,3.1,1020.4,1027.8,1,1.19,,,0,0,,,3856,,,6.9,,,,
146,2025-11-22 11:00,13.2,,1.2,180,55,8.3,4.3,1020.2,1027.5,1,1.63,,,0,0,,,3691,,,12.5,,,,
146,2025-11-22 12:00,14,,1.5,270,46,7.3,2.5,1019.7,1027,1,1.93,,,0,0,,,2803,,,16,,,,
146,2025-11-22 13:00,14.6,,1.7,270,45,7.4,2.7,1019,1026.3,1,1.99,,,0,0,,,2329,,,18,,,,
146,2025-11-22 14:00,14.8,,2.8,270,44,7.4,2.6,1018.5,1025.8,1,1.84,,,1,1,Sc,15,2107,,,18.9,,,,
146,2025-11-22 15:00,14.2,,2.5,290,46,7.4,2.7,1018.1,1025.4,.9,1.29,,,2,2,Sc,10,2326,,,16.2,,,,
146,2025-11-22 16:00,14.2,,3,270,45,7.3,2.4,1018.1,1025.4,1,.94,,,0,0,,,2513,,,15,,,,
146,2025-11-22 17:00,12.5,,3,270,50,7.2,2.3,1018.3,1025.6,.9,.34,,,0,0,,,2216,,,11.1,,,,
146,2025-11-22 18:00,11,,1.3,270,57,7.4,2.7,1018,1025.4,0,.02,,,1,0,Ci,,1915,,,8.6,,,,
146,2025-11-22 19:00,9.9,,.9,140,63,7.6,3.1,1018.3,1025.7,,,,,0,0,,,1701,,,7.3,,,,
146,2025-11-22 20:00,8.2,,1.4,140,70,7.6,3,1018.2,1025.7,,,,,0,0,,,1577,,,6.2,,,,
146,2025-11-22 21:00,7.3,,1.4,140,73,7.4,2.7,1018.5,1026,,,,,0,0,,,1566,,,5.3,,,,
146,2025-11-22 22:00,6.4,,1.7,140,75,7.2,2.2,1018.2,1025.7,,,,,0,0,,,1623,,,4.5,,,,
146,2025-11-22 23:00,6,,2.2,140,77,7.2,2.2,1018,1025.5,,,,,0,0,,,1534,,,3.9,,,,
146,2025-11-23 00:00,5.5,,2.4,140,78,7,1.9,1018,1025.5,,,,,0,0,,,1523,,,3.5,,,,
146,2025-11-23 01:00,5.2,,2.3,140,79,7,1.8,1017.4,1024.9,,,,,6,0,,,1471,,,3.2,,,,
146,2025-11-23 02:00,4.7,,1.5,140,81,6.9,1.7,1017.6,1025.2,,,,,5,0,,,1334,,,2.8,,,,
146,2025-11-23 03:00,4.7,,2.4,140,82,7,1.8,1017.7,1025.3,,,,,3,3,Sc,11,1300,,,2.7,,,,
146,2025-11-23 04:00,4.8,,1.9,140,81,7,1.8,1017.4,1025,,,,,7,7,Sc,10,1328,,,3.4,,,,
146,2025-11-23 05:00,4.3,,1.9,140,83,6.9,1.6,1017.1,1024.7,,,,,3,0,Ci,,1287,,,2.9,,,,
146,2025-11-23 06:00,4.1,,1.9,140,83,6.8,1.4,1017.1,1024.7,,,,,6,0,Ci,,1242,,,2.5,,,,
146,2025-11-23 07:00,4.5,,2.2,140,83,7,1.8,1017.2,1024.8,,,,,8,6,ScCi,10,1297,,,3.4,,,,
146,2025-11-23 08:00,5.7,,2.3,140,79,7.2,2.3,1017.2,1024.7,0,.09,,,5,0,Ci,,1473,,,4.4,,,,
146,2025-11-23 09:00,8,,1.8,140,72,7.7,3.2,1017,1024.5,.4,.53,,,8,0,Ci,,1637,,,7.2,,,,
146,2025-11-23 10:00,10.3,,1.6,140,66,8.2,4.2,1017,1024.4,.2,.78,,,8,0,Ci,,1790,,,9.4,,,,
146,2025-11-23 11:00,13.6,,1.9,160,56,8.7,4.9,1017,1024.3,1,1.36,,,4,0,Ci,,1794,,,13.6,,,,
146,2025-11-23 12:00,14.2,,1.9,160,52,8.4,4.4,1016.5,1023.8,.8,1.75,,,7,7,Sc,13,2559,,,15.6,,,,
146,2025-11-23 13:00,14.6,,3.4,250,54,8.9,5.3,1015.7,1023,.7,1.82,,,8,8,Sc,11,2530,,,18.4,,,,
146,2025-11-23 14:00,16.2,,2.3,230,48,8.8,5.1,1014.5,1021.7,.9,1.84,,,1,0,Ci,,3406,,,20.3,,,,
146,2025-11-23 15:00,15.9,,2.6,270,48,8.6,4.8,1014,1021.2,1,1.42,,,1,0,Ci,,3450,,,19.2,,,,
146,2025-11-23 16:00,15.6,,3,270,49,8.7,4.9,1014,1021.2,1,.93,,,2,0,Ci,,3410,,,16.8,,,,
146,2025-11-23 17:00,13.6,,2.3,270,57,8.8,5.2,1013.9,1021.2,.7,.31,,,4,0,Ci,,2573,,,12.5,,,,
146,2025-11-23 18:00,12.3,,1.9,250,64,9.1,5.6,1013.9,1021.2,0,.01,,,3,0,Ci,,2121,,,10.1,,,,
146,2025-11-23 19:00,10.9,,1.4,140,69,9,5.4,1014,1021.4,,,,,3,0,,,1971,,,8.5,,,,
146,2025-11-23 20:00,9.9,,1,140,73,8.8,5.2,1014.7,1022.1,,,,,7,1,,55,1825,,,7.7,,,,
146,2025-11-23 21:00,9.1,,1.7,160,75,8.6,4.8,1014.9,1022.3,,,,,7,5,AcCi,40,1941,,,7.2,,,,
146,2025-11-23 22:00,8.6,,1.9,140,78,8.7,4.9,1014.3,1021.7,,,,,7,4,,40,1974,,,7.3,,,,
146,2025-11-23 23:00,8.4,,1.6,140,78,8.5,4.7,1013.7,1021.1,,,,,5,2,,41,1948,,,6.6,,,,
146,2025-11-24 00:00,8.3,,1.8,140,79,8.6,4.8,1013.6,1021,,,,,8,5,AcCi,33,1795,,,6.3,,,,
146,2025-11-24 01:00,8.7,,1.4,140,78,8.7,5,1013.8,1021.2,,,,,10,6,,33,1884,,,7.1,,,,
146,2025-11-24 02:00,9.3,,2,160,77,9,5.4,1013.2,1020.6,,,,,10,8,,35,1877,,,7.5,,,,
146,2025-11-24 03:00,9.9,,2.2,140,76,9.2,5.8,1013.2,1020.6,,,,,10,10,As,31,1855,,,7.7,,,,
146,2025-11-24 04:00,9.7,,1.6,140,76,9.1,5.6,1012.9,1020.3,,,,,8,3,AcCi,45,1871,,,7,,,,
146,2025-11-24 05:00,9.3,,2.1,140,78,9.1,5.6,1012.6,1020,,,,,7,7,Ac,38,1782,,,6.5,,,,
146,2025-11-24 06:00,9,,1.7,160,81,9.3,5.9,1012.4,1019.8,,,,,7,4,AcCi,48,1531,,,6.4,,,,
146,2025-11-24 07:00,8.9,,1.9,140,82,9.3,5.9,1012.3,1019.7,,,,,4,4,Ac,45,1283,,,6.2,,,,
146,2025-11-24 08:00,9.3,,2,140,83,9.7,6.5,1012.3,1019.7,.1,.05,,,0,0,,,1246,,,6.1,,,,
146,2025-11-24 09:00,12.5,,1.4,160,73,10.5,7.7,1012.4,1019.7,.9,.48,,,0,0,,,1176,,,8,,,,
146,2025-11-24 10:00,15.5,,1.6,180,66,11.6,9.1,1012.2,1019.4,1,1.05,,,0,0,,,1422,,,11.1,,,,
146,2025-11-24 11:00,17.4,,2,180,59,11.6,9.2,1011.9,1019.1,1,1.5,,,0,0,,,1821,,,15.9,,,,
146,2025-11-24 12:00,17.6,,3.4,230,51,10.2,7.3,1010.9,1018.1,1,1.82,,,0,0,,,1406,,,18.8,,,,
146,2025-11-24 13:00,18,,3.5,230,48,9.9,6.8,1009.6,1016.7,1,1.83,,,0,0,,,1397,,,20.1,,,,
146,2025-11-24 14:00,18.6,,4.1,250,45,9.6,6.4,1009.1,1016.2,1,1.72,,,0,0,,,1623,,,20.9,,,,
146,2025-11-24 15:00,17.8,,3,270,50,10.2,7.2,1008.8,1015.9,.8,1.17,,,1,1,Sc,10,1202,,,18.8,,,,
146,2025-11-24 16:00,16.6,,3.9,290,55,10.4,7.5,1009.1,1016.3,1,.75,,,0,0,,,802,,40,16.6,,,,
146,2025-11-24 17:00,15,,3.9,270,66,11.2,8.6,1009.3,1016.5,.4,.25,,,0,0,,,642,,40,13.7,,,,
146,2025-11-24 18:00,13.7,,2.5,270,72,11.2,8.7,1009.2,1016.4,0,.01,,,0,0,,,598,,40,11.6,,,,
146,2025-11-24 19:00,13.1,,1.9,270,75,11.2,8.7,1009.4,1016.7,,,,,0,0,,,570,,40,10.4,,,,
146,2025-11-24 20:00,12.3,,.6,160,77,10.9,8.3,1009.5,1016.8,,,,,0,0,,,506,,40,9.3,,,,
146,2025-11-24 21:00,11.5,,1.8,110,80,10.8,8.1,1009.1,1016.4,,,,,1,1,Sc,10,458,,4019,9,,,,
146,2025-11-24 22:00,10.4,,1.8,140,82,10.3,7.4,1008.8,1016.1,,,,,0,0,,,431,,19,8.3,,,,
146,2025-11-24 23:00,9.8,,1.1,160,85,10.2,7.3,1008.5,1015.8,,,,,0,0,,,390,,19,7.2,,,,
146,2025-11-25 00:00,9.7,,1.5,180,87,10.4,7.6,1008.5,1015.9,,,,,1,1,Sc,10,338,,19,7.1,,,,
146,2025-11-25 01:00,8.9,,1.2,140,88,10,7,1008.1,1015.5,,,,,0,0,,,286,,19,6.8,,,,
146,2025-11-25 02:00,8.6,,1.5,140,87,9.7,6.5,1007.5,1014.9,,,,,0,0,,,281,,19,6.7,,,,
146,2025-11-25 03:00,8.2,,1.2,140,90,9.7,6.6,1007.1,1014.5,,,,,8,8,Sc,10,256,,19,5.8,,,,
146,2025-11-25 04:00,7.6,,1.4,160,90,9.3,6,1006.7,1014.1,,,,,7,7,Sc,10,208,,19,5.4,,,,
146,2025-11-25 05:00,7.9,,1,140,91,9.7,6.5,1006.5,1013.9,,,,,7,7,St,5,208,,19,6.5,,,,
146,2025-11-25 06:00,8.6,,2.1,140,89,9.9,6.8,1005.9,1013.3,,,,,10,4,ScAs,5,307,,19,7.3,,,,
146,2025-11-25 07:00,8.9,,5.8,250,85,9.7,6.5,1007.4,1014.8,,,,,10,3,StNs,5,462,,1901,8.1,,,,
146,2025-11-25 08:00,8.9,,2.9,230,91,10.4,7.5,1008,1015.4,0,0,,,10,2,StNs,7,214,,1901,8.5,,,,
146,2025-11-25 09:00,8.5,9,1.7,230,91,10.1,7.1,1007.9,1015.3,0,.05,,,10,2,StNs,5,247,,1901,8.8,,,,
146,2025-11-25 10:00,9.3,,3.2,250,86,10,7,1008.6,1016,0,.26,,,10,5,ScAs,8,270,,1901,10,,,,
146,2025-11-25 11:00,10.6,,3.6,250,75,9.5,6.3,1008.7,1016,.2,.77,,,10,7,ScAs,9,578,,1901,12,,,,
146,2025-11-25 12:00,10.3,.1,4.4,290,68,8.5,4.6,1008.6,1015.9,.2,.68,,,7,7,Sc,10,600,,19,11.3,,,,
146,2025-11-25 13:00,9.9,,4.2,270,69,8.4,4.4,1008.7,1016,.1,.63,,,7,7,Sc,10,907,,401901,10.4,,,,
146,2025-11-25 14:00,9.2,,5.2,270,65,7.5,2.9,1009.2,1016.6,.1,.43,,,9,9,Sc,12,1364,,4001,8.5,,,,
146,2025-11-25 15:00,9,0,7,290,64,7.3,2.5,1009.8,1017.2,0,.28,,,8,8,Sc,10,1856,,01,8.7,,,,
146,2025-11-25 16:00,7.3,,4.4,290,70,7.1,2.1,1010.9,1018.3,.2,.36,,,10,5,ScAs,9,2727,,01,7.6,,,,
146,2025-11-25 17:00,7.3,,3.6,270,73,7.4,2.7,1011.5,1018.9,0,.1,,,8,8,Sc,15,2341,,01,7,,,,
146,2025-11-25 18:00,7.6,.2,4.2,290,66,6.9,1.6,1012.2,1019.6,0,.01,,,9,9,Sc,13,2683,,,6.5,,,,
146,2025-11-25 19:00,7.5,,2.8,290,70,7.2,2.3,1013.1,1020.5,,,,,9,6,,13,2129,,,6.5,,,,
146,2025-11-25 20:00,7.5,,3.3,290,68,7,1.9,1013.8,1021.3,,,,,9,9,,14,2207,,,6.4,,,,
146,2025-11-25 21:00,7.5,,3.2,290,69,7.1,2.1,1014.2,1021.7,,,,,9,9,Sc,12,2045,,,6.4,,,,
146,2025-11-25 22:00,7.3,,1.3,290,69,7,1.9,1014.9,1022.4,,,,,9,9,,12,1971,,,6.6,,,,
146,2025-11-25 23:00,7.5,,1.5,290,68,7,1.9,1015.4,1022.9,,,,,9,9,,11,1980,,,6.6,,,,
146,2025-11-26 00:00,7.2,,1.3,340,70,7.1,2,1015.6,1023.1,,,,,9,9,,,1765,,,6.8,,,,
146,2025-11-26 01:00,6.9,,1.7,340,74,7.3,2.5,1016.3,1023.8,,,,,9,9,,11,1769,,,6.7,,,,
146,2025-11-26 02:00,6.7,,1.6,50,74,7.2,2.3,1016.6,1024.1,,,,,9,9,,12,1560,,,6.7,,,,
146,2025-11-26 03:00,6.6,,1,70,73,7.1,2,1017.1,1024.6,,,,,9,9,Sc,13,1437,,,6.8,,,,
146,2025-11-26 04:00,6.6,,1,70,70,6.8,1.5,1017.4,1024.9,,,,,9,9,Sc,12,1503,,,6.8,,,,
146,2025-11-26 05:00,6.4,,.7,70,69,6.6,1.1,1017.6,1025.1,,,,,9,9,Sc,11,1539,,,6.6,,,,
146,2025-11-26 06:00,6.5,,.9,140,77,7.4,2.7,1018.2,1025.7,,,,,9,9,Sc,11,1407,,,6.7,,,,
146,2025-11-26 07:00,6.2,,1.2,140,78,7.4,2.6,1018.5,1026,,,,,9,9,Sc,12,1449,,,6.4,,,,
146,2025-11-26 08:00,5.9,,.4,0,80,7.4,2.7,1018.8,1026.3,0,.07,,,8,8,Sc,12,1383,,,5.9,,,,
146,2025-11-26 09:00,8.1,,1.6,160,70,7.5,2.9,1019.2,1026.7,1,.56,,,5,5,Sc,12,1638,,,6.5,,,,
146,2025-11-26 10:00,10,,1.1,160,57,7,1.8,1019.6,1027,.7,1.09,,,8,8,Sc,12,2597,,,9.9,,,,
146,2025-11-26 11:00,11,,2.4,320,52,6.8,1.5,1019.5,1026.9,.8,1.62,,,7,7,Sc,12,3392,,,13.9,,,,
146,2025-11-26 12:00,10.6,,2.4,320,49,6.2,.3,1018.9,1026.3,.9,1.76,,,2,2,Sc,12,2738,,,14.3,,,,
146,2025-11-26 13:00,11.2,,1.5,340,47,6.2,.2,1017.8,1025.2,1,1.99,,,1,1,Sc,12,3882,,,15.3,,,,
146,2025-11-26 14:00,12.5,,1.3,270,46,6.6,1.1,1017,1024.3,1,1.83,,,1,1,Sc,12,3216,,,15.9,,,,
146,2025-11-26 15:00,11.8,,3.1,290,50,6.9,1.6,1016.7,1024.1,1,1.42,,,1,1,Sc,12,2258,,,13.8,,,,
146,2025-11-26 16:00,11,,2,320,52,6.8,1.5,1016.7,1024.1,1,.92,,,0,0,,,2187,,,11.8,,,,
146,2025-11-26 17:00,9.5,,1.5,320,58,6.9,1.6,1016.6,1024,1,.34,,,0,0,,,2199,,,9.1,,,,
146,2025-11-26 18:00,8.2,,1.7,340,63,6.8,1.5,1016.6,1024.1,0,.01,,,0,0,,,2335,,,7.2,,,,
146,2025-11-26 19:00,7.6,,1.3,320,66,6.9,1.6,1016.6,1024.1,,,,,0,0,,,2197,,,6.1,,,,
146,2025-11-26 20:00,7.1,,1.1,200,70,7,1.9,1016.9,1024.4,,,,,0,0,,,1943,,,5.3,,,,
146,2025-11-26 21:00,5.9,,1.4,110,77,7.1,2.1,1016.5,1024,,,,,0,0,,,1711,,,4.5,,,,
146,2025-11-26 22:00,5.3,,1.5,180,79,7,1.9,1016.4,1023.9,,,,,0,0,,,1690,,,3.9,,,,
146,2025-11-26 23:00,4.2,,1.6,110,83,6.8,1.5,1015.9,1023.5,,,,,0,0,,,1367,,,3.4,,,,
146,2025-11-27 00:00,3.8,,1.9,140,84,6.7,1.3,1015.8,1023.4,,,,,0,0,,,1301,,,2.9,,,,
146,2025-11-27 01:00,3.2,,1.7,140,85,6.5,.9,1014.9,1022.5,,,,,0,0,,,1447,,,2.4,,,,
146,2025-11-27 02:00,3.2,,1.5,160,85,6.5,.9,1015.2,1022.8,,,,,0,0,,,1569,,,2.1,,,,
146,2025-11-27 03:00,2.9,,2.3,140,85,6.4,.6,1013.5,1021.1,,,,,5,5,Sc,9,1479,,,2.1,,,,
146,2025-11-27 04:00,3.4,,1.9,140,84,6.5,.9,1012.2,1019.8,,,,,8,8,Sc,11,1829,,,2.8,,,,
146,2025-11-27 05:00,4.4,,2.7,140,82,6.8,1.5,1011,1018.5,,,,,8,3,ScCi,15,2326,,,3.3,,,,
146,2025-11-27 06:00,5.5,,1.7,160,79,7.1,2.1,1010.5,1018,,,,,10,4,ScAs,15,2582,,,4.3,,,,
146,2025-11-27 07:00,6.4,,2.3,140,76,7.3,2.4,1009.5,1017,,,,,10,1,ScAs,16,3210,,,4.6,,,,
146,2025-11-27 08:00,7.8,,3.6,160,73,7.7,3.2,1008.4,1015.8,0,.01,,,10,2,ScAs,11,3496,,01,5.6,,,,
146,2025-11-27 09:00,9,0,4,160,73,8.4,4.4,1006.9,1014.3,.2,.25,,,3,1,ScCi,10,3343,,01,6.6,,,,
146,2025-11-27 10:00,10.1,,3.1,110,67,8.2,4.2,1006.9,1014.2,1,1.05,,,10,8,ScAs,10,3548,,,9.3,,,,
146,2025-11-27 11:00,7.1,,4.1,270,91,9.2,5.7,1008,1015.4,0,.09,,,10,3,CbNs,10,745,,01,7.9,,,,
146,2025-11-27 12:00,7.5,6.3,3.6,230,91,9.4,6.1,1007.9,1015.3,0,.13,,,10,6,StNs,4,751,,01,8.3,,,,
146,2025-11-27 13:00,9.1,,3.5,250,87,10,7,1007.4,1014.8,0,.61,,,10,5,ScAs,16,759,,01,10.6,,,,
146,2025-11-27 14:00,8.4,,6.9,270,84,9.2,5.8,1007.7,1015.1,.3,.85,,,10,4,ScAs,7,1305,,01,10.6,,,,
146,2025-11-27 15:00,8.6,.7,4.9,270,77,8.5,4.7,1008.2,1015.6,.4,.92,,,10,3,ScAs,8,1963,,01,9.4,,,,
146,2025-11-27 16:00,8.4,,5.8,270,74,8.1,4,1008.8,1016.2,0,.28,,,10,2,ScAs,9,2119,,01,8.3,,,,
146,2025-11-27 17:00,8.2,,3.1,290,77,8.3,4.3,1009.3,1016.7,0,.15,,,8,2,ScAs,13,1711,,01,7.5,,,,
146,2025-11-27 18:00,7,0,3.3,290,76,7.6,3,1010.1,1017.5,0,0,,,3,3,Sc,10,1940,,,6,,,,
146,2025-11-27 19:00,6.5,,4.3,290,78,7.5,2.9,1010.9,1018.4,,,,,9,4,ScAs,9,1859,,01,6.1,,,,
146,2025-11-27 20:00,6.6,,3.7,270,71,6.9,1.7,1011.7,1019.2,,,,,4,4,Sc,12,1741,,01,5,,,,
146,2025-11-27 21:00,6.4,0,3.7,270,62,6,-.3,1012.2,1019.7,,,,,8,8,Sc,13,3550,,,4.6,,,,
146,2025-11-27 22:00,5.4,,3.7,270,73,6.5,.9,1012.8,1020.3,,,,,2,2,Sc,12,3578,,01,3.8,,,,
146,2025-11-27 23:00,5.6,,2.9,270,65,5.9,-.4,1013.2,1020.7,,,,,3,3,Sc,14,3968,,01,4.3,,,,
146,2025-11-28 00:00,5.9,0,2.9,290,64,5.9,-.4,1013.4,1020.9,,,,,9,9,Sc,13,3755,,,4.3,,,,
146,2025-11-28 01:00,5.7,,3.8,320,59,5.4,-1.7,1013.4,1020.9,,,,,8,8,,13,4187,,,3.9,,,,
146,2025-11-28 02:00,5.4,,3.8,290,57,5.1,-2.4,1013.5,1021,,,,,8,8,,15,4664,,,3.4,,,,
146,2025-11-28 03:00,4.9,,2,320,62,5.4,-1.7,1013.6,1021.1,,,,,9,9,Sc,15,4302,,,3.6,,,,
146,2025-11-28 04:00,5,,3,320,61,5.3,-1.9,1013.3,1020.8,,,,,8,8,Sc,14,3916,,,3.1,,,,
146,2025-11-28 05:00,4.8,,2.6,320,61,5.3,-2,1013.3,1020.8,,,,,8,8,Sc,14,4347,,,3.5,,,,
146,2025-11-28 06:00,4.2,,2.2,360,68,5.6,-1.1,1013.5,1021,,,,,8,8,Sc,14,4059,,,3.5,,,,
146,2025-11-28 07:00,3.4,,1.3,70,71,5.6,-1.3,1014.2,1021.8,,,,,9,9,Sc,14,3850,,,3.2,,,,
146,2025-11-28 08:00,3.4,,1.9,50,69,5.4,-1.7,1014.5,1022.1,0,.05,,,8,8,Sc,13,3877,,,2.9,,,,
146,2025-11-28 09:00,4.7,,1.7,20,64,5.5,-1.5,1015.4,1022.9,1,.55,,,4,4,Sc,14,3584,,,3.2,,,,
146,2025-11-28 10:00,5.4,,2.5,340,58,5.2,-2.2,1015.9,1023.4,.9,1.07,,,2,2,Sc,10,3817,,,4.2,,,,
146,2025-11-28 11:00,5.8,,2.9,20,51,4.7,-3.5,1015.4,1022.9,1,1.63,,,0,0,,,4231,,,7.8,,,,
146,2025-11-28 12:00,7.1,,1.8,360,44,4.4,-4.3,1014.7,1022.2,1,1.98,,,0,0,,,4463,,,11,,,,
146,2025-11-28 13:00,8.1,,2.5,360,36,3.9,-6.1,1014.2,1021.6,1,2.05,,,0,0,,,4656,,,12.2,,,,
146,2025-11-28 14:00,8.9,,3.3,290,28,3.2,-8.6,1013.9,1021.3,1,1.91,,,0,0,,,4670,,,12,,,,
146,2025-11-28 15:00,8.3,,3.5,320,28,3.1,-9.1,1014,1021.4,1,1.57,,,0,0,,,4686,,,10.3,,,,
146,2025-11-28 16:00,8.2,,2.1,340,33,3.6,-7.1,1013.8,1021.2,1,1,,,0,0,,,4885,,,8.6,,,,
146,2025-11-28 17:00,6.7,,1.7,340,35,3.4,-7.7,1014,1021.5,1,.4,,,0,0,,,4947,,,5.6,,,,
146,2025-11-28 18:00,5.2,,.6,320,40,3.5,-7.3,1014.2,1021.7,.2,.01,,,0,0,,,4846,,,4,,,,
146,2025-11-28 19:00,4.6,,.7,180,46,3.9,-6,1014.9,1022.4,,,,,0,0,,,4816,,,3.1,,,,
146,2025-11-28 20:00,3.4,,1.9,140,55,4.3,-4.8,1015.1,1022.7,,,,,0,0,,,4103,,,2.2,,,,
146,2025-11-28 21:00,2.4,,1.7,140,59,4.3,-4.8,1014.7,1022.3,,,,,0,0,,,4403,,,1.5,,,,
146,2025-11-28 22:00,1.9,,1.5,110,62,4.3,-4.6,1014.5,1022.1,,,,,0,0,,,4660,,,.9,,,,
146,2025-11-28 23:00,1.1,,1.8,140,64,4.2,-4.9,1014,1021.6,,,,,0,0,,,4426,,,.4,,,,
146,2025-11-29 00:00,1,,2,110,65,4.3,-4.8,1014,1021.6,,,,,0,0,,,4503,,,.2,,,,
146,2025-11-29 01:00,.1,,1,160,68,4.2,-5.1,1013.5,1021.2,,,,,0,0,,,4409,,,.4,,,,
146,2025-11-29 02:00,-.2,,1.7,140,70,4.2,-5,1013.7,1021.4,,,,,0,0,,,4118,,,.3,,,,
146,2025-11-29 03:00,.2,,2,110,68,4.2,-5,1013.5,1021.2,,,,,0,0,,,4506,,,.3,,,,
146,2025-11-29 04:00,.1,,1.6,110,69,4.2,-4.9,1013.2,1020.9,,,,,0,0,,,4422,,,.2,,,,
146,2025-11-29 05:00,-.3,,1.8,140,71,4.2,-4.9,1012.6,1020.3,,,,,0,0,,,4647,,,0,,,,
146,2025-11-29 06:00,-.2,,2,110,70,4.2,-5,1012.3,1020,,,,,0,0,,,4681,,,-.1,,,,
146,2025-11-29 07:00,.2,,1.5,110,70,4.3,-4.6,1012.5,1020.2,,,,,0,0,,,4799,,,-.2,,,,
146,2025-11-29 08:00,1.1,,1.7,140,69,4.6,-3.9,1012.2,1019.8,0,.05,,,0,0,,,4714,,,-.1,,,,
146,2025-11-29 09:00,5.8,,2.5,140,57,5.3,-2,1011.8,1019.3,1,.52,,,0,0,,,4207,,,.2,,,,
146,2025-11-29 10:00,9.6,,1.3,140,47,5.6,-1.1,1011.9,1019.3,1,1.13,,,0,0,,,4197,,,.6,,,,
146,2025-11-29 11:00,12.2,,1.8,140,43,6.1,0,1011.5,1018.8,1,1.6,,,0,0,,,4664,,,6.2,,,,
146,2025-11-29 12:00,13.2,,2.4,140,43,6.5,.8,1010.5,1017.8,1,1.88,,,0,0,,,4776,,,11.8,,,,
146,2025-11-29 13:00,15,,2.9,160,44,7.5,2.8,1009.2,1016.4,1,1.97,,,0,0,,,4679,,,14.2,,,,
146,2025-11-29 14:00,15.8,,2.9,160,43,7.7,3.2,1008.5,1015.7,1,1.82,,,0,0,,,4255,,,15.5,,,,
146,2025-11-29 15:00,16.2,,2.9,160,45,8.2,4.2,1008.1,1015.3,1,1.46,,,0,0,,,4211,,,14.9,,,,
146,2025-11-29 16:00,15.5,,3.2,180,45,7.9,3.6,1008.2,1015.4,1,.91,,,0,0,,,4571,,,13.1,,,,
146,2025-11-29 17:00,14.1,,1.6,160,49,7.8,3.5,1008.7,1015.9,1,.34,,,0,0,,,4544,,,10.1,,,,
146,2025-11-29 18:00,12.8,,1.7,200,58,8.5,4.7,1009.2,1016.5,0,.01,,,0,0,,,3903,,,8.5,,,,
146,2025-11-29 19:00,11.5,,1.9,160,66,8.9,5.3,1009.3,1016.6,,,,,0,0,,,3558,,,7.4,,,,
146,2025-11-29 20:00,9.8,,1.8,140,73,8.8,5.1,1009.7,1017.1,,,,,0,0,,,3115,,,6.6,,,,
146,2025-11-29 21:00,9.7,,2.5,140,75,9,5.4,1009.7,1017.1,,,,,0,0,,,3454,,,6.1,,,,
146,2025-11-29 22:00,10.1,,2.3,140,76,9.3,6,1010,1017.4,,,,,0,0,,,3762,,,6,,,,
146,2025-11-29 23:00,10.6,,2.3,140,76,9.7,6.5,1009.9,1017.2,,,,,0,0,,,3744,,,7.2,,,,
146,2025-11-30 00:00,10.4,,2.2,140,78,9.8,6.7,1009.9,1017.2,,,,,6,6,,,3668,,,7.3,,,,
146,2025-11-30 01:00,10.3,,2.5,140,79,9.9,6.8,1009.7,1017,,,,,0,0,,,3433,,,7.2,,,,
146,2025-11-30 02:00,9.8,,1.4,140,81,9.7,6.6,1009.8,1017.2,,,,,0,0,,,3284,,,6.3,,,,
146,2025-11-30 03:00,9,,2.2,140,84,9.6,6.4,1009.7,1017.1,,,,,3,3,Sc,10,3067,,,6.2,,,,
146,2025-11-30 04:00,8.1,,2.1,140,87,9.3,6,1009.3,1016.7,,,,,2,2,Sc,10,2796,,,5.6,,,,
146,2025-11-30 05:00,7.8,,1.5,140,88,9.3,5.9,1009.4,1016.8,,,,,1,1,Sc,10,2613,,,5.2,,,,
146,2025-11-30 06:00,7.7,,2.2,110,88,9.2,5.8,1009.8,1017.2,,,,,3,3,Sc,10,2566,,,5.1,,,,
146,2025-11-30 07:00,7.5,,2.3,140,89,9.2,5.7,1009.9,1017.3,,,,,0,0,,,2367,,,4.9,,,,
146,2025-11-30 08:00,7.5,,1.4,140,90,9.3,5.9,1010.4,1017.8,0,.04,,,4,4,Sc,10,2072,,,5.3,,,,
146,2025-11-30 09:00,10.7,,1,110,83,10.6,7.9,1010.5,1017.8,.5,.4,,,3,3,Sc,10,2408,,,7.4,,,,
146,2025-11-30 10:00,13.7,,2.6,160,75,11.7,9.3,1010.2,1017.5,1,.94,,,1,1,Sc,10,2772,,,9.7,,,,
146,2025-11-30 11:00,16.3,,2.4,160,63,11.6,9.2,1009.6,1016.8,1,1.48,,,0,0,,,2348,,,13.4,,,,
146,2025-11-30 12:00,17.8,,2.5,160,56,11.3,8.8,1008.6,1015.7,1,1.77,,,0,0,,,2069,,,16.6,,,,
146,2025-11-30 13:00,18.9,,3,160,51,11.1,8.5,1007.8,1014.9,1,1.86,,,1,1,Sc,10,2155,,,17.8,,,,
146,2025-11-30 14:00,19.5,,2.8,270,39,8.8,5.1,1007.3,1014.4,1,1.65,,,1,1,Sc,10,2139,,,17.8,,,,
146,2025-11-30 15:00,19.3,,4.5,230,35,7.8,3.4,1007.3,1014.4,1,1.37,,,0,0,,,2280,,,15.7,,,,
146,2025-11-30 16:00,18.4,,4.9,250,44,9.3,5.9,1007.7,1014.8,1,.84,,,0,0,,,2366,,,14,,,,
146,2025-11-30 17:00,17,,2.4,250,46,8.8,5.2,1007.7,1014.8,.7,.29,,,0,0,,,1929,,,12,,,,
146,2025-11-30 18:00,15.4,,2,230,54,9.4,6.1,1008,1015.2,0,.01,,,0,0,,,2055,,,10.5,,,,
146,2025-11-30 19:00,15,,2.1,230,64,10.9,8.2,1008.2,1015.4,,,,,0,0,,,2612,,,9.8,,,,
146,2025-11-30 20:00,14.2,,2.1,180,67,10.8,8.1,1008.6,1015.8,,,,,0,0,,,2937,,,9,,,,
146,2025-11-30 21:00,14.3,,2.2,230,69,11.2,8.6,1009.2,1016.4,,,,,0,0,,,3011,,,8.8,,,,
146,2025-11-30 22:00,13.9,,2,200,71,11.2,8.7,1009.2,1016.4,,,,,0,0,,,3184,,,8.5,,,,
146,2025-11-30 23:00,13,,1.6,270,74,11,8.4,1009.3,1016.6,,,,,0,0,,,3083,,,7.9,,,,
146,2025-12-01 00:00,12.3,,2,230,76,10.8,8.1,1009.7,1017,,,,,0,0,,,2517,,,7.7,,,,
146,2025-12-01 01:00,12.7,,2.4,230,79,11.6,9.1,1009.8,1017.1,,,,,7,7,,7,1682,,,8.9,,,,
146,2025-12-01 02:00,12.8,,3.4,250,83,12.2,9.9,1010.2,1017.5,,,,,0,0,,,893,,19,9.4,,,,
146,2025-12-01 03:00,11.8,,4.1,270,85,11.7,9.3,1010.5,1017.8,,,,,8,8,Sc,6,331,,19,10.1,,,,
146,2025-12-01 04:00,10.4,,2.8,270,84,10.6,7.8,1011.1,1018.5,,,,,5,5,Sc,6,186,,19,8.7,,,,
146,2025-12-01 05:00,10,,2.5,290,83,10.2,7.2,1011.6,1019,,,,,3,3,Sc,10,209,,19,8.5,,,,
146,2025-12-01 06:00,8.9,,2.6,290,83,9.4,6.1,1012.5,1019.9,,,,,2,2,Sc,10,273,,19,7.4,,,,
146,2025-12-01 07:00,7.6,,3.8,360,57,6,-.3,1013.4,1020.8,,,,,2,2,Sc,7,1443,,19,5.7,,,,
146,2025-12-01 08:00,6.5,,1.7,180,58,5.6,-1.1,1013.7,1021.2,0,.02,,,3,0,Ci,,2361,,,4.6,,,,
146,2025-12-01 09:00,8.1,,.7,320,53,5.7,-.9,1014.2,1021.6,1,.47,,,1,0,Ci,,2116,,,5,,,,
146,2025-12-01 10:00,9.7,,2.6,320,44,5.3,-1.9,1014.3,1021.7,1,1.15,,,0,0,,,2331,,,6.5,,,,
146,2025-12-01 11:00,10.7,,2.5,320,45,5.8,-.7,1013.9,1021.3,1,1.65,,,0,0,,,3212,,,9.8,,,,
146,2025-12-01 12:00,11.2,,2.6,320,38,5,-2.6,1013.4,1020.7,1,1.89,,,0,0,,,3940,,,12.8,,,,
146,2025-12-01 13:00,12.2,,2.8,320,37,5.3,-2,1013,1020.3,1,2,,,0,0,,,4270,,,13.8,,,,
146,2025-12-01 14:00,12.3,,2.6,340,31,4.4,-4.3,1012.3,1019.6,1,1.86,,,0,0,,,3758,,,13.9,,,,
146,2025-12-01 15:00,12.5,,3.3,290,38,5.5,-1.4,1012.3,1019.6,1,1.49,,,0,0,,,4552,,,13.2,,,,
146,2025-12-01 16:00,11.2,,2.8,270,44,5.8,-.6,1012.5,1019.8,1,.94,,,0,0,,,3444,,,11,,,,
146,2025-12-01 17:00,9.5,,2.7,270,53,6.2,.3,1012.6,1020,1,.35,,,2,0,Ci,,3618,,,8.2,,,,
146,2025-12-01 18:00,8.1,,2.5,270,57,6.1,0,1012.5,1019.9,.1,.02,,,0,0,,,3345,,,6.5,,,,
146,2025-12-01 19:00,7.2,,2.6,270,58,5.9,-.5,1013.1,1020.6,,,,,0,0,,,3217,,,5.4,,,,
146,2025-12-01 20:00,6.3,,2.9,270,56,5.4,-1.8,1013.4,1020.9,,,,,0,0,,,3002,,,4.4,,,,
146,2025-12-01 21:00,5.4,,1.9,320,58,5.2,-2.2,1013.8,1021.3,,,,,0,0,,,3165,,,3.5,,,,
146,2025-12-01 22:00,4,,1.8,340,63,5.1,-2.4,1013.7,1021.3,,,,,2,0,,,2416,,,2.8,,,,
146,2025-12-01 23:00,3.4,,1.3,320,64,5,-2.7,1014.4,1022,,,,,4,0,,,3078,,,2.2,,,,
146,2025-12-02 00:00,3.5,,.6,290,62,4.9,-3.1,1014.5,1022.1,,,,,6,6,Sc,10,3437,,,1.8,,,,
146,2025-12-02 01:00,3.7,,.9,290,60,4.8,-3.3,1014.8,1022.4,,,,,3,0,,,4062,,,1.4,,,,
146,2025-12-02 02:00,2.4,,1.9,320,71,5.2,-2.3,1015.2,1022.8,,,,,4,0,,,3107,,,1.2,,,,
146,2025-12-02 03:00,2.6,,2.7,320,71,5.2,-2.1,1015.4,1023,,,,,5,0,Ci,,3124,,,1.5,,,,
146,2025-12-02 04:00,2.2,,1.7,340,72,5.2,-2.3,1015.4,1023,,,,,9,0,Ci,,2524,,,2,,,,
146,2025-12-02 05:00,2.4,,1.3,50,69,5,-2.7,1015.3,1022.9,,,,,8,0,Ci,,3504,,,2.4,,,,
146,2025-12-02 06:00,2.1,,1.4,50,70,5,-2.8,1014.9,1022.5,,,,,7,0,Ci,,3523,,,2.5,,,,
146,2025-12-02 07:00,2.2,,1.1,50,71,5.1,-2.5,1015,1022.6,,,,,7,5,AcCi,41,3320,,,2.6,,,,
146,2025-12-02 08:00,2.5,,2.1,20,60,4.4,-4.4,1015.1,1022.7,0,.01,,,0,0,,,4283,,,1.6,,,,
146,2025-12-02 09:00,4.3,,2.5,340,54,4.5,-4.2,1015.5,1023.1,.7,.4,,,0,0,,,3808,,,2.5,,,,
146,2025-12-02 10:00,5.6,,2.9,110,45,4.1,-5.4,1016.7,1024.2,1,1.02,,,0,0,,,4387,,,4,,,,
146,2025-12-02 11:00,6.9,,3.1,20,37,3.7,-6.8,1016.3,1023.8,1,1.46,,,0,0,,,4060,,,7.2,,,,
146,2025-12-02 12:00,7.2,,4.3,340,36,3.6,-6.9,1016.2,1023.7,1,1.76,,,0,0,,,4377,,,9,,,,
146,2025-12-02 13:00,7.3,,4.5,340,31,3.2,-8.7,1015.6,1023.1,1,1.84,,,0,0,,,3975,,,9.6,,,,
146,2025-12-02 14:00,7.6,,3.6,320,32,3.3,-8,1015.3,1022.8,1,1.72,,,0,0,,,4153,,,10.1,,,,
146,2025-12-02 15:00,6.9,,4.3,320,30,3,-9.5,1015.2,1022.7,1,1.38,,,6,0,Ci,,4085,,,8.9,,,,
146,2025-12-02 16:00,6.1,,3.7,320,32,3,-9.3,1015.5,1023,1,.87,,,4,0,Ci,,4299,,,6.8,,,,
146,2025-12-02 17:00,4,,4,320,37,3,-9.4,1016.5,1024.1,.5,.26,,,4,0,Ci,,4351,,,3.5,,,,
146,2025-12-02 18:00,2.3,,5.1,340,42,3,-9.3,1017.1,1024.7,0,0,,,4,0,Ci,,4318,,,1.8,,,,
146,2025-12-02 19:00,1.6,,4.3,320,48,3.3,-8.2,1017.6,1025.2,,,,,6,0,,,4365,,,.9,,,,
146,2025-12-02 20:00,.7,,3.1,270,53,3.4,-7.8,1018,1025.7,,,,,6,0,,,4315,,,.4,,,,
146,2025-12-02 21:00,1,,3,340,53,3.5,-7.5,1018.3,1026,,,,,9,9,Sc,14,3960,,,1.1,,,,
146,2025-12-02 22:00,.6,,2.7,320,56,3.6,-7.1,1018.4,1026.1,,,,,10,2,,15,4148,,,1.2,,,,
146,2025-12-02 23:00,.7,,2.2,340,58,3.7,-6.6,1018.5,1026.2,,,,,10,2,,12,4234,,,1.5,,,,
146,2025-12-03 00:00,.4,,2.2,340,59,3.7,-6.6,1018.3,1026,,,,,9,9,,,4221,,,1.3,,,,
146,2025-12-03 01:00,-.1,,3.6,320,61,3.7,-6.7,1017.9,1025.6,,,,,9,9,Sc,12,4592,,05,.9,,,,
146,2025-12-03 02:00,-.6,,2.9,340,64,3.8,-6.5,1018,1025.7,,,,,10,9,StNs,10,4016,,05,.8,,,,
146,2025-12-03 03:00,-1.1,0,4,340,65,3.7,-6.8,1018.1,1025.8,,,,,9,9,Sc,10,4625,,05,.6,,,,
146,2025-12-03 04:00,-1.5,,3.3,340,68,3.7,-6.6,1017.9,1025.6,,,,,10,9,StNs,10,4521,,05,.5,,,,
146,2025-12-03 05:00,-2.1,,3.4,270,71,3.7,-6.6,1017.9,1025.7,,,,,10,9,StNs,7,3165,,05,.4,,,,
146,2025-12-03 06:00,-3.4,0,5,290,65,3.1,-9,1018.5,1026.3,,,,,10,8,StNs,8,4527,,05,-.1,,,,
146,2025-12-03 07:00,-4.2,,2.7,50,64,2.9,-10,1018.6,1026.4,,,,,0,0,,,4671,,05,-.6,,,,
146,2025-12-03 08:00,-4.7,,1.8,50,46,2,-14.5,1018.5,1026.3,0,.02,,,0,0,,,4962,,,-1,,,,
146,2025-12-03 09:00,-2.3,0,1.4,340,44,2.3,-12.9,1018.4,1026.2,1,.54,,,0,0,,,4886,,,-.8,,,,
146,2025-12-03 10:00,-.4,,1,340,39,2.3,-12.6,1017.9,1025.6,1,1.14,,,0,0,,,4781,,,-.4,,,,
146,2025-12-03 11:00,.1,,1.4,320,38,2.3,-12.5,1017.6,1025.3,1,1.64,,,0,0,,,4687,,,.7,,,,
146,2025-12-03 12:00,.9,,2.6,290,40,2.6,-11.2,1017,1024.7,1,1.93,,,4,4,Sc,10,4440,,,4.7,,,,
146,2025-12-03 13:00,.7,,4.8,320,40,2.6,-11.3,1017.4,1025.1,.8,1.81,,,3,3,Sc,10,4633,,,6.6,,,,
146,2025-12-03 14:00,.5,,4.5,320,41,2.6,-11.2,1017.6,1025.3,.8,1.68,,,2,2,Sc,13,4370,,,6,,,,
146,2025-12-03 15:00,1,,4,340,40,2.6,-11.1,1017.4,1025.1,1,1.51,,,2,2,Sc,10,4820,,,6.1,,,,
146,2025-12-03 16:00,.5,,5.5,320,42,2.7,-10.9,1017.7,1025.4,.7,.78,,,3,3,Sc,10,4181,,,3.8,,,,
146,2025-12-03 17:00,-1,,4.7,320,49,2.8,-10.3,1018.6,1026.3,.3,.24,,,1,1,Sc,10,4617,,,.7,,,,
146,2025-12-03 18:00,-2.2,,3.4,290,55,2.9,-10,1019.3,1027.1,0,.01,,,3,3,Sc,10,4918,,,0,,,,
146,2025-12-03 19:00,-2.3,,2.6,320,57,3,-9.6,1020.2,1028,,,,,8,7,,11,4544,,,0,,,,
146,2025-12-03 20:00,-2.7,,3,70,59,3,-9.6,1020.5,1028.3,,,,,6,6,,10,4488,,,-.3,,,,
146,2025-12-03 21:00,-2.8,,1.1,340,62,3.1,-9,1020.6,1028.4,,,,,8,8,Sc,11,4417,,,-.1,,,,
146,2025-12-03 22:00,-2.5,,1.4,50,64,3.3,-8.3,1020.7,1028.5,,,,,9,9,Sc,9,3848,,05,-.1,,,,
146,2025-12-03 23:00,-2.8,,2.4,50,68,3.4,-7.8,1020.9,1028.7,,,,,10,9,ScAs,10,2863,,05,0,,,,
146,2025-12-04 00:00,-3,0,2.1,50,72,3.5,-7.3,1020.7,1028.5,,,,,9,9,Sc,11,3853,,05,-.2,,,,
146,2025-12-04 01:00,-3.2,,2,340,74,3.6,-7.1,1020.6,1028.4,,,,,9,9,Sc,10,4186,,05,-.3,,,,
146,2025-12-04 02:00,-3.1,,1.3,50,69,3.4,-7.9,1020.8,1028.6,,,,,9,2,,12,4154,,,-.4,,,,
146,2025-12-04 03:00,-3,0,1.9,70,68,3.3,-8,1020.9,1028.7,,,,,9,9,Sc,14,4354,,,-.2,,,,
146,2025-12-04 04:00,-2.9,,2.1,50,67,3.3,-8.1,1020.6,1028.4,,,,,9,9,Sc,12,4864,,,-.3,,,,
146,2025-12-04 05:00,-3.2,,1.2,70,67,3.2,-8.4,1020.3,1028.1,,,,,6,6,Sc,13,4614,,,-.6,,,,
146,2025-12-04 06:00,-3.4,,.8,140,68,3.2,-8.4,1020.1,1027.9,,,,,7,7,Sc,12,4253,,,-.8,,,,
146,2025-12-04 07:00,-3.1,,1.4,50,70,3.4,-7.8,1020.5,1028.3,,,,,9,9,Sc,10,4298,,,-.5,,,,
146,2025-12-04 08:00,-2.8,,1.3,70,69,3.4,-7.7,1020.5,1028.3,0,.02,,,9,9,Sc,9,4023,,,-.3,,,,
146,2025-12-04 09:00,-1.7,,.6,230,64,3.5,-7.6,1020.8,1028.6,.1,.21,,,8,8,Sc,9,4779,,,0,,,,
146,2025-12-04 10:00,.6,,1.6,90,57,3.6,-6.9,1021,1028.7,.4,.73,,,0,0,,,4397,,,.1,,,,
146,2025-12-04 11:00,1.3,,2.2,360,52,3.5,-7.4,1021.1,1028.8,1,1.61,,,0,0,,,4559,,,1.3,,,,
146,2025-12-04 12:00,2.6,,1.8,340,50,3.7,-6.8,1020.4,1028,1,1.86,,,2,2,Sc,10,4952,,,5.2,,,,
146,2025-12-04 13:00,4.2,,2.6,320,53,4.4,-4.5,1019.5,1027.1,.8,1.73,,,3,3,Sc,10,3993,,,9,,,,
146,2025-12-04 14:00,3.3,,3.5,20,56,4.3,-4.6,1018.9,1026.5,.5,1.46,,,4,4,Sc,10,4468,,,8.8,,,,
146,2025-12-04 15:00,4.1,,1.7,70,50,4.1,-5.4,1018.1,1025.7,.9,1.39,,,1,1,Sc,10,4003,,,9,,,,
146,2025-12-04 16:00,4.1,,1.4,340,53,4.3,-4.6,1017.7,1025.3,1,.99,,,0,0,,,4018,,,6.9,,,,
146,2025-12-04 17:00,3.4,,1.8,250,55,4.3,-4.8,1017.7,1025.3,1,.35,,,1,1,Sc,10,4485,,,3.5,,,,
146,2025-12-04 18:00,2.2,,1.8,200,61,4.4,-4.5,1017.5,1025.1,.1,.02,,,0,0,,,4327,,,1.6,,,,
146,2025-12-04 19:00,1.1,,1.8,140,67,4.4,-4.3,1017.1,1024.8,,,,,0,0,,,3792,,,.6,,,,
146,2025-12-04 20:00,2.1,,2.4,140,65,4.6,-3.8,1016.6,1024.2,,,,,10,3,StNs,10,4187,,05,1.7,,,,
146,2025-12-04 21:00,2.3,0,3.7,230,80,5.8,-.8,1016.8,1024.4,,,,,9,3,StNs,8,1323,,05,1.8,,,,
146,2025-12-04 22:00,2.9,,4.2,270,78,5.9,-.5,1017.6,1025.2,,,,,10,3,StNs,8,2367,,060501,2.2,,,,
146,2025-12-04 23:00,2.9,,1.1,290,79,6,-.3,1018,1025.6,,,,,9,9,Sc,8,2432,,0601,2.6,,,,
146,2025-12-05 00:00,2.4,.7,2.5,320,76,5.5,-1.4,1018.4,1026,,,,,0,0,,,2506,,,.8,,,,
146,2025-12-05 01:00,1.2,,5.7,270,71,4.8,-3.4,1019.8,1027.5,,,,,8,4,,11,3165,,,.9,,,,
146,2025-12-05 02:00,.1,,3.6,340,66,4.1,-5.5,1020.6,1028.3,,,,,3,3,,13,3569,,,.3,,,,
146,2025-12-05 03:00,-1.2,,2.3,340,67,3.8,-6.5,1021.1,1028.9,,,,,3,3,Sc,10,3394,,,-.2,,,,
146,2025-12-05 04:00,-1.4,,1.8,50,68,3.8,-6.5,1021.4,1029.2,,,,,0,0,,,3083,,,-.5,,,,
146,2025-12-05 05:00,-1.7,,2.9,50,67,3.6,-7,1021.8,1029.6,,,,,0,0,,,2938,,,-.8,,,,
146,2025-12-05 06:00,-2.5,,2.6,70,69,3.5,-7.4,1022.4,1030.2,,,,,0,0,,,2791,,,-1.1,,,,
146,2025-12-05 07:00,-3.2,,1.1,70,68,3.3,-8.2,1022.1,1029.9,,,,,0,0,,,2958,,,-1.3,,,,
146,2025-12-05 08:00,-2.8,,1.4,90,66,3.3,-8.2,1022.5,1030.3,0,.02,,,0,0,,,3189,,,-1.4,,,,
146,2025-12-05 09:00,-.8,,2.1,50,61,3.5,-7.3,1023,1030.8,1,.5,,,0,0,,,3621,,,-1,,,,
146,2025-12-05 10:00,.2,,1.8,360,57,3.5,-7.3,1023.2,1030.9,1,1.12,,,0,0,,,3709,,,-.5,,,,
146,2025-12-05 11:00,1.2,,3.1,360,56,3.7,-6.6,1023.2,1030.9,1,1.61,,,0,0,,,3452,,,.4,,,,
146,2025-12-05 12:00,2.4,,3.6,360,49,3.6,-7.2,1022.6,1030.3,1,1.93,,,0,0,,,4698,,,3.7,,,,
146,2025-12-05 13:00,3.2,,3.3,320,44,3.4,-7.9,1021.7,1029.3,1,2,,,0,0,,,3877,,,6.7,,,,
146,2025-12-05 14:00,4.3,,1.5,270,39,3.2,-8.4,1020.7,1028.3,1,1.87,,,0,0,,,4242,,,8.4,,,,
146,2025-12-05 15:00,4.4,,1.4,70,40,3.3,-8,1020.2,1027.8,1,1.49,,,0,0,,,4538,,,8.4,,,,
146,2025-12-05 16:00,3.8,,1.7,20,39,3.1,-8.9,1019.8,1027.4,1,.96,,,0,0,,,4226,,,5.9,,,,
146,2025-12-05 17:00,2.6,,2.3,320,41,3,-9.3,1019.6,1027.2,1,.37,,,0,0,,,4650,,,2.1,,,,
146,2025-12-05 18:00,1.2,,1.7,340,45,3,-9.4,1019.8,1027.5,.1,.01,,,0,0,,,4629,,,.3,,,,
146,2025-12-05 19:00,.5,,1.3,50,46,2.9,-9.8,1019.7,1027.4,,,,,0,0,,,4247,,,.3,,,,
146,2025-12-05 20:00,.1,,1.3,140,56,3.5,-7.6,1019.8,1027.5,,,,,0,0,,,3797,,,-.1,,,,
146,2025-12-05 21:00,-1,,1.8,110,61,3.5,-7.5,1019.3,1027,,,,,0,0,,,3671,,,-.5,,,,
146,2025-12-05 22:00,-1.8,,1.5,140,63,3.4,-7.9,1018.8,1026.6,,,,,0,0,,,3906,,,-.8,,,,
146,2025-12-05 23:00,-2.1,,2.2,140,65,3.4,-7.8,1018.6,1026.4,,,,,0,0,,,4162,,,-1,,,,
146,2025-12-06 00:00,-2.4,,1,140,65,3.3,-8,1018.5,1026.3,,,,,0,0,,,4329,,,-1.2,,,,
146,2025-12-06 01:00,-2.9,,1.7,140,65,3.2,-8.5,1018.4,1026.2,,,,,0,0,,,4671,,,-1.4,,,,
146,2025-12-06 02:00,-3.4,,1.9,140,69,3.3,-8.2,1018.4,1026.2,,,,,0,0,,,4388,,,-1.6,,,,
146,2025-12-06 03:00,-3.6,,1.7,110,68,3.2,-8.6,1018,1025.8,,,,,0,0,,,4538,,,-1.8,,,,
146,2025-12-06 04:00,-4.2,,1.5,140,72,3.2,-8.5,1017.5,1025.3,,,,,0,0,,,4652,,,-2,,,,
146,2025-12-06 05:00,-4,,2,110,70,3.2,-8.6,1017.3,1025.1,,,,,0,0,,,4784,,,-2.2,,,,
146,2025-12-06 06:00,-4,,1.9,110,70,3.2,-8.6,1017.2,1025,,,,,0,0,,,4659,,,-2.4,,,,
146,2025-12-06 07:00,-3.9,,2.2,140,70,3.2,-8.5,1017.2,1025,,,,,0,0,,,4716,,,-2.5,,,,
146,2025-12-06 08:00,-3.6,,1.8,140,71,3.3,-8.1,1017.4,1025.2,0,.02,,,0,0,,,4508,,,-2.3,,,,
146,2025-12-06 09:00,.3,,2.1,140,65,4.1,-5.5,1017.1,1024.8,.9,.5,,,0,0,,,4581,,,-1.6,,,,
146,2025-12-06 10:00,3.8,,2.9,140,55,4.4,-4.4,1016.5,1024.1,1,1.09,,,0,0,,,4592,,,-.5,,,,
146,2025-12-06 11:00,7.5,,2.1,160,48,5,-2.8,1015.7,1023.2,1,1.57,,,0,0,,,4608,,,1.1,,,,
146,2025-12-06 12:00,9.4,,2.1,140,41,4.8,-3.2,1014.6,1022,1,1.85,,,0,0,,,4391,,,4.8,,,,
146,2025-12-06 13:00,10.9,,1.9,180,41,5.4,-1.8,1013.7,1021.1,.8,1.8,,,6,6,Sc,18,4552,,,7.1,,,,
146,2025-12-06 14:00,10.4,,2.1,180,45,5.7,-1,1012.6,1020,.2,.95,,,7,7,Sc,14,4645,,,7.8,,,,
146,2025-12-06 15:00,9.5,,2.2,160,47,5.6,-1.2,1012.7,1020.1,0,.27,,,9,9,Sc,11,4544,,,6.7,,,,
146,2025-12-06 16:00,9.7,,2.6,160,48,5.8,-.8,1012.6,1020,0,.28,,,8,8,Sc,11,4862,,,7.2,,,,
146,2025-12-06 17:00,9.7,,2.5,180,52,6.2,.3,1012.8,1020.2,.2,.17,,,7,7,Sc,10,4627,,,6.8,,,,
146,2025-12-06 18:00,8.3,,2,160,60,6.5,.9,1012.8,1020.2,0,.02,,,5,5,Sc,10,4483,,,4.6,,,,
146,2025-12-06 19:00,8.5,,1.4,160,66,7.3,2.5,1013.1,1020.5,,,,,0,0,,,3597,,,4.5,,,,
146,2025-12-06 20:00,8,,1.2,140,68,7.3,2.4,1012.9,1020.3,,,,,7,7,,10,3525,,,4.3,,,,
146,2025-12-06 21:00,8.4,,1.4,160,68,7.5,2.8,1012.9,1020.3,,,,,8,8,Sc,9,3227,,,5,,,,
146,2025-12-06 22:00,9,,1.3,180,71,8.1,4,1013.5,1020.9,,,,,6,6,,9,2768,,,5.5,,,,
146,2025-12-06 23:00,9.5,,2.1,200,74,8.7,5,1013.5,1020.9,,,,,4,4,,9,2200,,,4.9,,,,
146,2025-12-07 00:00,9.7,,1.4,200,75,9,5.4,1013.9,1021.3,,,,,8,8,,,1701,,,5.4,,,,
146,2025-12-07 01:00,9.9,,1.9,200,75,9.1,5.6,1014,1021.4,,,,,9,9,,10,1313,,,5.7,,,,
146,2025-12-07 02:00,9.5,,1.9,200,76,9,5.4,1014.1,1021.5,,,,,6,2,,7,1169,,,5,,,,
146,2025-12-07 03:00,9,,1.6,160,77,8.8,5.1,1014.2,1021.6,,,,,7,7,Sc,7,1033,,,5.3,,,,
146,2025-12-07 04:00,8.4,,1.8,160,78,8.5,4.7,1013.9,1021.3,,,,,8,8,Sc,10,1032,,,5.3,,,,
146,2025-12-07 05:00,6.7,,1.9,140,83,8.1,4,1013.8,1021.3,,,,,7,7,Sc,10,1094,,,3.9,,,,
146,2025-12-07 06:00,5.9,,1.7,140,85,7.8,3.5,1014.3,1021.8,,,,,8,8,Sc,6,1058,,,3.4,,,,
146,2025-12-07 07:00,5.7,,1.5,160,87,7.9,3.6,1014.5,1022,,,,,4,4,Sc,10,843,,19,2.7,,,,
146,2025-12-07 08:00,5.5,,1.5,140,88,7.9,3.6,1014.8,1022.3,0,.02,,,0,0,,,689,,19,2.6,,,,
146,2025-12-07 09:00,7,,1.7,140,85,8.5,4.6,1014.9,1022.4,.1,.3,,,0,0,,,816,,19,4.4,,,,
146,2025-12-07 10:00,10.2,,1.6,160,76,9.4,6.1,1015.2,1022.6,1,.78,,,0,0,,,943,,19,7.3,,,,
146,2025-12-07 11:00,12.9,,2,160,65,9.6,6.4,1014.5,1021.8,1,1.22,,,0,0,,,975,,4019,10.5,,,,
146,2025-12-07 12:00,13.4,,3.1,230,62,9.5,6.2,1014,1021.3,.8,1.47,,,5,5,Sc,15,827,,40,12.2,,,,
146,2025-12-07 13:00,14.5,,4.2,230,60,9.9,6.8,1013.5,1020.8,.9,1.63,,,7,7,Sc,12,697,,40,15,,,,
146,2025-12-07 14:00,13.8,,4.2,250,62,9.7,6.6,1012.9,1020.2,.6,1.18,,,5,5,Sc,10,717,,40,13.4,,,,
146,2025-12-07 15:00,14,,4.5,230,62,9.9,6.8,1013,1020.3,.9,1.07,,,3,3,Sc,10,880,,40,13.2,,,,
146,2025-12-07 16:00,13.7,,3.4,230,63,9.8,6.7,1013,1020.3,.5,.66,,,8,1,ScCi,10,878,,40,12.2,,,,
146,2025-12-07 17:00,12.9,,1.3,250,65,9.6,6.4,1013.1,1020.4,0,.16,,,6,0,Ci,,822,,40,10.2,,,,
146,2025-12-07 18:00,11.9,,1.2,250,69,9.5,6.3,1013.2,1020.5,0,.01,,,6,1,ScCi,10,623,,40,8.6,,,,
146,2025-12-07 19:00,11.5,,1.8,250,67,9,5.5,1013.4,1020.7,,,,,7,2,,64,723,,40,7.6,,,,
146,2025-12-07 20:00,12,,2.7,230,66,9.2,5.8,1013.6,1020.9,,,,,8,4,,9,823,,40,8.1,,,,
146,2025-12-07 21:00,11.9,,2.9,230,71,9.8,6.7,1013.7,1021,,,,,8,2,ScCi,11,785,,40,8.3,,,,
146,2025-12-07 22:00,11.6,,3,250,76,10.4,7.5,1013.9,1021.2,,,,,8,1,,8,645,,40,8.3,,,,
146,2025-12-07 23:00,10.9,,3.7,270,80,10.4,7.5,1014.6,1022,,,,,9,2,,9,417,,40,8.5,,,,
146,2025-12-08 00:00,9.8,,3.7,290,73,8.8,5.1,1015.4,1022.8,,,,,8,4,,,458,,40,7.3,,,,
146,2025-12-08 01:00,9.3,,1.8,290,73,8.5,4.6,1015.5,1022.9,,,,,10,9,,51,508,,40,6.8,,,,
146,2025-12-08 02:00,8.8,,2.8,270,69,7.8,3.4,1016,1023.4,,,,,9,7,,54,839,,40,6.3,,,,
146,2025-12-08 03:00,8.8,,2.9,290,64,7.2,2.3,1016.6,1024,,,,,8,3,ScCi,12,1539,,40,5.8,,,,
146,2025-12-08 04:00,7.3,,2.3,320,68,6.9,1.7,1017.3,1024.8,,,,,7,0,Ci,,1533,,,5,,,,
146,2025-12-08 05:00,6.2,,3.7,320,54,5.1,-2.4,1018.1,1025.6,,,,,4,0,Ci,,1864,,,3.8,,,,
146,2025-12-08 06:00,4.8,,3.3,340,51,4.4,-4.5,1018.7,1026.3,,,,,0,0,,,2140,,,2.4,,,,
146,2025-12-08 07:00,3.7,,2.3,320,50,4,-5.7,1019.3,1026.9,,,,,0,0,,,2457,,,1.3,,,,
146,2025-12-08 08:00,3.5,,1.4,320,49,3.8,-6.2,1020,1027.6,0,.02,,,0,0,,,2204,,,.7,,,,
146,2025-12-08 09:00,5.7,,.6,320,41,3.8,-6.5,1020.2,1027.8,.9,.42,,,0,0,,,2334,,,1.4,,,,
146,2025-12-08 10:00,7.4,,3.1,340,35,3.6,-7,1020.5,1028,1,1.07,,,0,0,,,2553,,,3.2,,,,
146,2025-12-08 11:00,8,,4,320,32,3.4,-7.7,1020.6,1028.1,1,1.55,,,0,0,,,3797,,,6.6,,,,
146,2025-12-08 12:00,8.5,,4,320,27,3,-9.4,1020,1027.5,1,1.89,,,0,0,,,3917,,,10,,,,
146,2025-12-08 13:00,9,,3.4,290,27,3.1,-9,1019.9,1027.4,1,1.97,,,0,0,,,3681,,,11.6,,,,
146,2025-12-08 14:00,9.2,,3.1,320,22,2.6,-11.4,1019.6,1027,1,1.84,,,0,0,,,4301,,,12.2,,,,
146,2025-12-08 15:00,9.2,,3.3,340,23,2.7,-10.9,1019.6,1027,1,1.51,,,0,0,,,4175,,,11.4,,,,
146,2025-12-08 16:00,9.1,,2.7,320,23,2.7,-10.9,1020,1027.5,1,.96,,,0,0,,,4681,,,8.8,,,,
146,2025-12-08 17:00,7.1,,3.8,270,39,3.9,-5.9,1020.3,1027.8,1,.38,,,0,0,,,4790,,,5.4,,,,
146,2025-12-08 18:00,5.6,,4,290,42,3.8,-6.3,1020.6,1028.2,.2,.01,,,0,0,,,4852,,,3.6,,,,
146,2025-12-08 19:00,4.6,,3.1,320,42,3.6,-7.2,1020.9,1028.5,,,,,0,0,,,4343,,,2.3,,,,
146,2025-12-08 20:00,3.2,,2.3,340,39,3,-9.4,1021.4,1029,,,,,0,0,,,3931,,,1,,,,
146,2025-12-08 21:00,2.8,,2.3,320,37,2.8,-10.4,1021.7,1029.3,,,,,0,0,,,4261,,,.1,,,,
146,2025-12-08 22:00,2.1,,1.7,340,40,2.8,-10.1,1021.8,1029.5,,,,,0,0,,,4168,,,-.1,,,,
146,2025-12-08 23:00,1.4,,1.4,110,47,3.2,-8.7,1022,1029.7,,,,,0,0,,,4572,,,-.2,,,,
146,2025-12-09 00:00,.3,,2.1,140,57,3.6,-7.2,1021.9,1029.6,,,,,0,0,,,4311,,,-.4,,,,
146,2025-12-09 01:00,-.3,,1.4,140,63,3.8,-6.5,1021.8,1029.5,,,,,0,0,,,3817,,,-.5,,,,
146,2025-12-09 02:00,-.6,,1.6,110,63,3.7,-6.7,1022,1029.7,,,,,0,0,,,4386,,,-.7,,,,
146,2025-12-09 03:00,-.9,,2.3,140,63,3.6,-7,1021.6,1029.4,,,,,0,0,,,4843,,,-.8,,,,
146,2025-12-09 04:00,-1.3,,1.6,110,67,3.7,-6.6,1021.4,1029.2,,,,,0,0,,,4780,,,-.9,,,,
146,2025-12-09 05:00,-1.7,,1.5,140,68,3.7,-6.8,1021.8,1029.6,,,,,0,0,,,4890,,,-1.1,,,,
146,2025-12-09 06:00,-1.6,,1.7,110,69,3.8,-6.5,1021.8,1029.6,,,,,0,0,,,4769,,,-1.2,,,,
146,2025-12-09 07:00,-2.2,,2.2,140,73,3.8,-6.3,1021.6,1029.4,,,,,0,0,,,4616,,,-1.4,,,,
146,2025-12-09 08:00,-1.9,,1.1,160,74,3.9,-5.9,1021.8,1029.6,0,.02,,,0,0,,,4448,,,-1.3,,,,
146,2025-12-09 09:00,1.7,,.9,90,65,4.5,-4.1,1022.1,1029.8,.9,.45,,,0,0,,,3701,,,-.8,,,,
146,2025-12-09 10:00,4.7,,1.2,140,56,4.8,-3.3,1022,1029.6,1,1.05,,,0,0,,,4318,,,-.2,,,,
146,2025-12-09 11:00,6.9,,1.1,50,48,4.8,-3.3,1021.5,1029,1,1.52,,,0,0,,,4380,,,1.4,,,,
146,2025-12-09 12:00,7.2,,2.7,20,47,4.8,-3.3,1020.9,1028.4,1,1.83,,,1,1,Sc,10,4040,,,6.6,,,,
146,2025-12-09 13:00,8.3,,2.3,20,44,4.8,-3.2,1020,1027.5,1,1.92,,,1,1,Sc,10,4420,,,9.9,,,,
146,2025-12-09 14:00,8.7,,3.2,340,41,4.6,-3.8,1019.7,1027.2,1,1.73,,,1,1,Sc,10,4398,,,11.1,,,,
146,2025-12-09 15:00,8.8,,3.7,340,42,4.8,-3.4,1019.7,1027.2,1,1.47,,,1,1,Sc,10,3814,,,10.5,,,,
146,2025-12-09 16:00,8.2,,2.9,340,44,4.8,-3.3,1019.9,1027.4,1,.93,,,0,0,,,3545,,,8.3,,,,
146,2025-12-09 17:00,6.5,,2.3,340,50,4.9,-3.1,1020,1027.5,1,.34,,,0,0,,,3840,,,4.9,,,,
146,2025-12-09 18:00,5.3,,1.2,20,54,4.8,-3.2,1020.3,1027.9,.1,.01,,,0,0,,,3517,,,3,,,,
146,2025-12-09 19:00,4.3,,.7,270,59,4.9,-3,1020.6,1028.2,,,,,0,0,,,2973,,,1.9,,,,
146,2025-12-09 20:00,3.6,,1.4,140,65,5.2,-2.3,1020.8,1028.4,,,,,0,0,,,2557,,,1,,,,
146,2025-12-09 21:00,2.5,,2,110,69,5,-2.6,1020.9,1028.5,,,,,0,0,,,2527,,,.4,,,,
146,2025-12-09 22:00,1.6,,1.5,140,73,5,-2.7,1021.3,1029,,,,,0,0,,,2423,,,.2,,,,
146,2025-12-09 23:00,1.3,,1.5,140,74,5,-2.8,1021,1028.7,,,,,6,0,,,2622,,,0,,,,
146,2025-12-10 00:00,.8,,2.2,140,75,4.9,-3.1,1020.9,1028.6,,,,,3,3,Sc,10,2417,,,-.1,,,,
146,2025-12-10 01:00,.5,,2.2,140,76,4.8,-3.2,1020.8,1028.5,,,,,4,0,,,2461,,,-.3,,,,
146,2025-12-10 02:00,.3,,2.2,140,79,4.9,-2.9,1021,1028.7,,,,,7,0,,,2226,,,-.3,,,,
146,2025-12-10 03:00,.6,,1.9,140,77,4.9,-2.9,1020.7,1028.4,,,,,6,6,Sc,13,2325,,,-.1,,,,
146,2025-12-10 04:00,.6,,2.1,140,78,5,-2.8,1020.3,1028,,,,,4,4,Sc,10,2536,,,-.3,,,,
146,2025-12-10 05:00,1.3,,1.7,140,75,5,-2.6,1020.2,1027.9,,,,,8,3,ScCi,10,2616,,,-.2,,,,
146,2025-12-10 06:00,1.3,,1.7,140,74,5,-2.8,1020.3,1028,,,,,8,1,ScCi,11,2575,,,-.2,,,,
146,2025-12-10 07:00,1.3,,2.4,140,74,5,-2.8,1020,1027.7,,,,,7,5,ScCi,10,2530,,,-.3,,,,
146,2025-12-10 08:00,1.5,,2,140,75,5.1,-2.4,1019.9,1027.6,0,.02,,,7,1,ScCi,10,2546,,,-.1,,,,
146,2025-12-10 09:00,3,,1.8,110,70,5.3,-1.9,1019.6,1027.2,0,.27,,,8,0,Ci,,2584,,,.2,,,,
146,2025-12-10 10:00,6.3,,.6,230,61,5.8,-.6,1019.9,1027.4,.7,.75,,,5,0,Ci,,2229,,,1.5,,,,
146,2025-12-10 11:00,8.3,,1.1,270,59,6.4,.7,1019.8,1027.3,1,1.26,,,6,0,Ci,,2251,,,5.8,,,,
146,2025-12-10 12:00,9.4,,1.5,340,55,6.4,.7,1018.7,1026.1,1,1.41,,,5,0,Ci,,1790,,,9.6,,,,
146,2025-12-10 13:00,11.3,,1.6,290,49,6.5,.9,1017.3,1024.7,1,1.61,,,6,0,Ci,,2069,,,10.9,,,,
146,2025-12-10 14:00,12.8,,1.9,290,47,6.9,1.7,1016.7,1024,1,1.42,,,5,0,Ci,,1682,,,12.8,,,,
146,2025-12-10 15:00,12,,1.8,360,47,6.6,1,1016.4,1023.7,1,1.28,,,6,0,Ci,,2146,,,12.4,,,,
146,2025-12-10 16:00,10.9,,1.8,340,51,6.6,1.1,1016,1023.4,.3,.54,,,7,0,Ci,,2061,,,9.7,,,,
146,2025-12-10 17:00,9.9,,1.5,340,54,6.6,1,1016,1023.4,0,.21,,,6,0,Ci,,2053,,,7.8,,,,
146,2025-12-10 18:00,9.2,,1.6,250,57,6.6,1.1,1016.2,1023.6,0,0,,,5,0,Ci,,1941,,,6.2,,,,
146,2025-12-10 19:00,8.1,,1.5,140,64,6.9,1.6,1016.1,1023.6,,,,,8,4,,66,1819,,,5.1,,,,
146,2025-12-10 20:00,7.2,,2,140,66,6.7,1.2,1015.2,1022.7,,,,,9,6,,56,1785,,,4.9,,,,
146,2025-12-10 21:00,7,,2.4,140,62,6.2,.2,1014.4,1021.9,,,,,9,0,Ci,,2007,,,4.7,,,,
146,2025-12-10 22:00,7.7,,1.8,140,57,6,-.2,1014.3,1021.8,,,,,10,5,,34,2078,,,4.9,,,,
146,2025-12-10 23:00,8.4,,2.4,140,53,5.8,-.6,1014,1021.4,,,,,10,4,,32,2081,,,5,,,,
146,2025-12-11 00:00,8.7,,2.7,140,49,5.5,-1.4,1013.2,1020.6,,,,,10,10,,,2108,,,5.1,,,,
146,2025-12-11 01:00,8.7,,2.6,140,48,5.4,-1.7,1012.3,1019.7,,,,,9,4,,27,2250,,,5.1,,,,
146,2025-12-11 02:00,8.7,,2.8,110,45,5.1,-2.5,1011.8,1019.2,,,,,9,9,,31,2116,,,5,,,,
146,2025-12-11 03:00,8.7,0,1.7,160,47,5.3,-2,1011.9,1019.3,,,,,10,5,ScAs,10,2240,,01,5.5,,,,
146,2025-12-11 04:00,9,,2.9,160,71,8.1,4,1010.7,1018.1,,,,,10,4,ScAs,13,2394,,01,6.2,,,,
146,2025-12-11 05:00,8.5,,2.2,140,76,8.4,4.5,1009.8,1017.2,,,,,7,7,Sc,15,1945,,01,6.4,,,,
146,2025-12-11 06:00,8.9,.2,3.3,160,81,9.2,5.8,1009.4,1016.8,,,,,10,4,ScAs,10,2155,,01,7,,,,
146,2025-12-11 07:00,9.4,,2.1,200,82,9.6,6.4,1009.9,1017.3,,,,,10,6,ScAs,10,1356,,01,7.5,,,,
146,2025-12-11 08:00,9.6,,1.2,180,84,10,7,1010.3,1017.7,0,0,,,10,9,ScAs,10,1925,,01,7.9,,,,
146,2025-12-11 09:00,10.1,.2,1,180,84,10.4,7.5,1010.7,1018.1,0,.09,,,9,9,Sc,10,1539,,01,8.6,,,,
146,2025-12-11 10:00,11.7,,1.2,290,82,11.2,8.7,1011.2,1018.5,0,.3,,,8,8,Sc,10,1652,,01,10.7,,,,
146,2025-12-11 11:00,12.3,,4.8,270,82,11.7,9.3,1011.7,1019,0,.53,,,9,9,Sc,9,1790,,,11.8,,,,
146,2025-12-11 12:00,11.5,0,4.9,320,80,10.8,8.1,1012,1019.3,0,.43,,,10,9,ScAs,8,2031,,,11.1,,,,
146,2025-12-11 13:00,11,,4.4,320,75,9.8,6.7,1012.2,1019.5,0,.27,,,8,8,Sc,10,1966,,,10.7,,,,
146,2025-12-11 14:00,11.6,,3.3,320,68,9.2,5.8,1012.4,1019.7,.1,.59,,,7,7,Sc,10,1512,,,11.6,,,,
146,2025-12-11 15:00,11.5,,4.8,290,69,9.3,6,1012.9,1020.2,.2,.63,,,6,6,Sc,10,966,,40,11.6,,,,
146,2025-12-11 16:00,9.6,,4.8,270,73,8.7,4.9,1014.3,1021.7,.8,.72,,,2,2,Sc,10,603,,40,9.5,,,,
146,2025-12-11 17:00,8.7,,3.8,320,48,5.4,-1.7,1015.7,1023.1,.1,.24,,,0,0,,,1396,,40,7,,,,
146,2025-12-11 18:00,7.1,,2.6,290,61,6.1,0,1017,1024.5,0,.02,,,0,0,,,1250,,,4.7,,,,
146,2025-12-11 19:00,5.8,,3.8,290,68,6.2,.3,1017.9,1025.4,,,,,0,0,,,1052,,,3.7,,,,
146,2025-12-11 20:00,4.2,,3.8,320,69,5.7,-.9,1019.3,1026.9,,,,,0,0,,,1419,,,2.7,,,,
146,2025-12-11 21:00,2.8,,3.5,340,72,5.4,-1.7,1020.4,1028,,,,,0,0,,,1662,,,1.6,,,,
146,2025-12-11 22:00,1.5,,2.4,320,70,4.8,-3.3,1020.9,1028.6,,,,,0,0,,,2315,,,.5,,,,
146,2025-12-11 23:00,.9,,2.9,340,54,3.5,-7.3,1021.1,1028.8,,,,,0,0,,,4633,,,0,,,,
146,2025-12-12 00:00,0,,2.7,320,57,3.5,-7.5,1021.8,1029.5,,,,,0,0,,,4529,,,-.4,,,,
146,2025-12-12 01:00,-.8,,1.9,320,63,3.6,-6.9,1021.8,1029.6,,,,,0,0,,,3628,,,-.7,,,,
146,2025-12-12 02:00,-1.3,,1.3,320,67,3.7,-6.6,1022.3,1030.1,,,,,0,0,,,3364,,,-.9,,,,
146,2025-12-12 03:00,-2.3,,1.7,90,72,3.7,-6.6,1022.3,1030.1,,,,,0,0,,,3900,,,-1.1,,,,
146,2025-12-12 04:00,-2.2,,1,270,69,3.6,-7.1,1021.7,1029.5,,,,,0,0,,,3919,,,-1.3,,,,
146,2025-12-12 05:00,-2.7,,2,290,74,3.7,-6.6,1022,1029.8,,,,,0,0,,,3609,,,-1.5,,,,
146,2025-12-12 06:00,-3.4,,1.5,320,78,3.7,-6.6,1022.8,1030.6,,,,,3,0,Ci,,3395,,,-1.7,,,,
146,2025-12-12 07:00,-3.3,,1.4,340,76,3.6,-6.9,1023.6,1031.4,,,,,3,0,Ci,,2373,,,-1.8,,,,
146,2025-12-12 08:00,-2.7,,.9,110,75,3.8,-6.5,1023.7,1031.5,0,.03,,,6,0,Ci,,2818,,,-1.5,,,,
146,2025-12-12 09:00,-.9,,.7,320,70,4,-5.6,1024,1031.8,.8,.37,,,0,0,,,3120,,,-1.2,,,,
146,2025-12-12 10:00,1,,.8,320,67,4.4,-4.4,1024.3,1032,1,.99,,,0,0,,,2519,,,-.5,,,,
146,2025-12-12 11:00,3.8,,1.1,250,55,4.4,-4.4,1023.8,1031.4,1,1.47,,,0,0,,,2801,,,.6,,,,
146,2025-12-12 12:00,4.2,,1.8,320,54,4.4,-4.3,1023.1,1030.7,1,1.79,,,0,0,,,2354,,,4.7,,,,
146,2025-12-12 13:00,6.1,,1.6,320,47,4.4,-4.3,1022,1029.6,1,1.9,,,0,0,,,3253,,,8.2,,,,
146,2025-12-12 14:00,7.9,,1.9,320,45,4.8,-3.3,1021.3,1028.8,1,1.8,,,0,0,,,3002,,,10.5,,,,
146,2025-12-12 15:00,9.1,,1.8,290,45,5.2,-2.2,1020.6,1028.1,1,1.45,,,1,0,Ci,,2635,,,10.8,,,,
146,2025-12-12 16:00,8.4,,1.6,340,46,5.1,-2.5,1020.4,1027.9,1,.93,,,1,0,Ci,,2341,,,8.6,,,,
146,2025-12-12 17:00,8.2,,1.6,290,47,5.1,-2.4,1020.7,1028.2,1,.36,,,2,0,Ci,,2595,,,5.3,,,,
146,2025-12-12 18:00,6.5,,1.1,290,54,5.2,-2.1,1021.2,1028.7,.1,.02,,,0,0,,,2462,,,3.4,,,,
146,2025-12-12 19:00,5.7,,.9,180,60,5.5,-1.4,1021.6,1029.2,,,,,2,0,,,2020,,,2.3,,,,
146,2025-12-12 20:00,4,,1.8,140,67,5.5,-1.5,1021.6,1029.2,,,,,2,1,,16,1908,,,1.5,,,,
146,2025-12-12 21:00,3.3,,1.3,140,69,5.4,-1.8,1021.7,1029.3,,,,,3,0,Ci,,1865,,,1,,,,
146,2025-12-12 22:00,3.3,,2,110,70,5.4,-1.6,1021.7,1029.3,,,,,9,1,,,1977,,,1.1,,,,
146,2025-12-12 23:00,2.9,,1.6,110,72,5.4,-1.6,1022,1029.6,,,,,5,1,,,1942,,,.3,,,,
146,2025-12-13 00:00,2.5,,2.1,110,75,5.5,-1.4,1021.3,1029,,,,,1,1,Sc,18,2428,,,0,,,,
146,2025-12-13 01:00,2.6,,1,90,75,5.6,-1.3,1020.8,1028.4,,,,,2,1,,19,2865,,,.1,,,,
146,2025-12-13 02:00,2.7,,1.8,110,76,5.6,-1.1,1020.6,1028.2,,,,,6,6,,18,3399,,,.3,,,,
146,2025-12-13 03:00,3.3,,.7,140,73,5.7,-1,1020.6,1028.2,,,,,8,8,Sc,15,3667,,,1.2,,,,
146,2025-12-13 04:00,2.9,,.3,0,75,5.6,-1.1,1020,1027.6,,,,,7,7,Sc,13,3549,,,1.1,,,,
146,2025-12-13 05:00,2.8,,.7,50,75,5.6,-1.1,1019.6,1027.2,,,,,7,2,ScAc,17,4299,,,1,,,,
146,2025-12-13 06:00,3,,1.7,110,77,5.8,-.6,1018.5,1026.1,,,,,5,5,Sc,15,3781,,,.7,,,,
146,2025-12-13 07:00,3.2,,1.3,90,76,5.8,-.6,1017.8,1025.4,,,,,8,8,Sc,15,4625,,,1.8,,,,
146,2025-12-13 08:00,3.8,,1.5,110,76,6.1,0,1017.6,1025.2,0,.01,,,10,8,ScAs,13,4198,,,2.8,,,,
146,2025-12-13 09:00,5.4,,1.5,160,70,6.2,.3,1017.2,1024.7,0,.15,,,10,9,ScAs,15,4368,,,4.6,,,,
146,2025-12-13 10:00,7.8,,1.2,160,63,6.6,1.1,1016.7,1024.2,0,.43,,,10,8,ScAs,15,4645,,01,7.4,,,,
146,2025-12-13 11:00,8.5,,.8,250,61,6.7,1.3,1015.8,1023.2,0,.45,,,10,7,ScAs,12,4610,,01,8,,,,
146,2025-12-13 12:00,6.8,0,2.5,290,74,7.3,2.4,1014.8,1022.3,0,.43,,,10,8,StNs,8,1995,,01,8.6,,,,
146,2025-12-13 13:00,6.2,,1.8,270,79,7.5,2.8,1013.6,1021.1,0,.52,,,10,8,StNs,9,1211,,01,8.4,,,,
146,2025-12-13 14:00,5.1,,2.1,290,88,7.7,3.2,1013.1,1020.6,0,.23,,,10,5,StNs,8,617,,01,7,,,,
146,2025-12-13 15:00,5.3,2.4,.6,70,88,7.8,3.4,1012.2,1019.7,0,.14,,,10,5,StNs,8,449,,01,7,,,,
146,2025-12-13 16:00,5.1,,.5,160,91,8,3.7,1012.2,1019.7,0,.12,,,10,5,StNs,8,447,,01,6.6,,,,
146,2025-12-13 17:00,4.6,,2.8,270,93,7.8,3.5,1012.3,1019.8,0,.04,,,10,5,StNs,8,693,,01,5.9,,,,
146,2025-12-13 18:00,2.6,6,4,320,91,6.7,1.2,1013.1,1020.7,0,0,,,10,5,StNs,8,1199,,01,4.2,,,,
146,2025-12-13 19:00,2,,2.5,290,92,6.5,.8,1013.3,1020.9,,,,,10,9,StNs,8,1083,,01,3.9,,,,
146,2025-12-13 20:00,2,,.9,270,92,6.5,.8,1013.2,1020.8,,,,,10,9,StNs,1,871,,01,3.8,,,,
146,2025-12-13 21:00,1.8,2.3,2,140,93,6.4,.7,1012,1019.6,,,,,10,8,StNs,1,751,,01,3.8,,,,
146,2025-12-13 22:00,1.9,,1.5,270,94,6.6,1,1012,1019.6,,,,,10,8,ScAs,12,646,,1901,3.7,,,,
146,2025-12-13 23:00,1.9,,1.5,20,94,6.6,1,1011.8,1019.4,,,,,9,9,,,295,,19,3.7,,,,
146,2025-12-14 00:00,1.9,0,1.7,340,94,6.6,1,1011.5,1019.1,,,,,10,7,,,279,,1901,3.7,,,,
146,2025-12-14 01:00,1.7,,2.7,340,94,6.5,.8,1011.7,1019.3,,,,,10,7,ScAs,12,500,,1901,3.4,,,,
146,2025-12-14 02:00,1.6,,1.4,340,92,6.3,.4,1011.5,1019.1,,,,,10,6,ScAs,12,816,,1901,3.1,,,,
146,2025-12-14 03:00,1.1,0,2,340,92,6.1,0,1011.8,1019.4,,,,,7,7,Sc,10,1006,,19,2.4,,,,
146,2025-12-14 04:00,1,,.1,0,84,5.5,-1.4,1011.1,1018.7,,,,,8,8,Sc,11,2544,,,2.1,,,,
146,2025-12-14 05:00,1,,.9,290,87,5.7,-.9,1011.4,1019,,,,,10,7,ScAs,6,1770,,05,2.5,,,,
146,2025-12-14 06:00,1.1,0,.7,230,89,5.9,-.5,1011.3,1018.9,,,,,10,6,ScAs,4,1212,,0501,2.6,,,,
146,2025-12-14 07:00,1.1,,1.6,290,92,6.1,0,1012,1019.6,,,,,10,5,ScAs,4,644,,1901,2.6,,,,
146,2025-12-14 08:00,1.2,,.2,0,92,6.1,0,1012.8,1020.4,0,.01,,,9,9,Sc,9,581,,1901,2.8,,,,
146,2025-12-14 09:00,2,0,1.2,340,92,6.5,.8,1013.5,1021.1,.2,.25,,,9,9,Sc,12,775,,1901,3.6,,,,
146,2025-12-14 10:00,2.5,,1.7,360,86,6.2,.3,1013.9,1021.5,.1,.49,,,9,9,Sc,9,1806,,19,4.7,,,,
146,2025-12-14 11:00,2.5,,1.9,360,83,6.1,-.1,1014.2,1021.8,0,.44,,,9,9,Sc,9,1402,,,5,,,,
146,2025-12-14 12:00,3,0,.7,320,83,6.2,.3,1013.9,1021.5,0,.36,,,9,9,Sc,8,1475,,01,6.2,,,,
146,2025-12-14 13:00,3,,1.6,290,80,6.1,-.1,1013.6,1021.2,0,.35,,,9,9,Sc,5,1677,,,5.9,,,,
146,2025-12-14 14:00,3.1,,2.1,250,82,6.2,.3,1013.6,1021.2,0,.33,,,10,6,ScAs,10,1780,,01,5.5,,,,
146,2025-12-14 15:00,3.3,0,2.2,270,79,6.1,0,1013.8,1021.4,0,.34,,,10,4,ScAs,6,2004,,01,5.7,,,,
146,2025-12-14 16:00,3.4,,1.8,270,80,6.2,.2,1014,1021.6,0,.27,,,10,4,ScAs,8,1942,,,5.2,,,,
146,2025-12-14 17:00,2.7,,1.6,290,84,6.2,.2,1014.5,1022.1,0,.1,,,9,9,Sc,9,1862,,01,4.2,,,,
146,2025-12-14 18:00,2.9,0,1.9,290,79,6,-.3,1014.9,1022.5,0,0,,,9,9,Sc,12,1957,,,3.7,,,,
146,2025-12-14 19:00,2.2,,2.2,20,77,5.5,-1.4,1015,1022.6,,,,,4,4,,16,2219,,,1.9,,,,
146,2025-12-14 20:00,1.6,,.9,20,77,5.3,-2,1015.5,1023.1,,,,,5,2,,14,2459,,,1.2,,,,
146,2025-12-14 21:00,2.1,,.6,160,77,5.5,-1.5,1015.6,1023.2,,,,,8,8,Sc,10,2109,,,2.1,,,,
146,2025-12-14 22:00,2.2,,1,200,83,6,-.3,1016.1,1023.7,,,,,10,5,StNs,8,1626,,01,2.5,,,,
146,2025-12-14 23:00,2,,.5,180,81,5.7,-.9,1016.4,1024,,,,,10,7,StNs,8,1385,,0601,2.4,,,,
146,2025-12-15 00:00,1.7,0,1.2,290,87,6,-.2,1016.9,1024.5,,,,,10,7,,,1153,,0601,2.7,,,,
146,2025-12-15 01:00,.9,,.8,200,87,5.7,-1,1017,1024.7,,,,,8,8,Sc,10,1716,,01,2,,,,
146,2025-12-15 02:00,1.3,,.6,110,87,5.8,-.6,1017.6,1025.3,,,,,9,9,Sc,10,1742,,0601,2.3,,,,
146,2025-12-15 03:00,.5,0,1.6,140,90,5.7,-.9,1017.6,1025.3,,,,,0,0,,,1324,,,.6,,,,
146,2025-12-15 04:00,.7,,2,140,89,5.7,-.9,1017.6,1025.3,,,,,8,8,Sc,10,1435,,,1.1,,,,
146,2025-12-15 05:00,.8,,1.8,140,87,5.6,-1.1,1017.3,1025,,,,,8,8,Sc,10,1761,,,1.1,,,,
146,2025-12-15 06:00,.7,,1.5,140,88,5.7,-1,1017.7,1025.4,,,,,9,9,Sc,10,1853,,,1.2,,,,
146,2025-12-15 07:00,1,,1.7,140,87,5.7,-.9,1018.3,1026,,,,,9,9,Sc,10,1945,,,1.6,,,,
146,2025-12-15 08:00,1.5,,2.1,140,85,5.8,-.7,1018.5,1026.2,0,0,,,9,9,Sc,13,2167,,,2,,,,
146,2025-12-15 09:00,2.2,,1.6,140,82,5.9,-.5,1019.2,1026.8,0,.14,,,9,9,Sc,13,2097,,,3.1,,,,
146,2025-12-15 10:00,3.3,,.3,0,76,5.9,-.5,1019.6,1027.2,0,.33,,,9,9,Sc,13,2589,,,4.7,,,,
146,2025-12-15 11:00,4,,.7,70,75,6.1,0,1019.3,1026.9,0,.37,,,9,9,Sc,12,2661,,,5.9,,,,
146,2025-12-15 12:00,4.8,,.2,0,72,6.2,.1,1018.9,1026.5,0,.47,,,9,9,Sc,12,2584,,,7.1,,,,
146,2025-12-15 13:00,6.7,,.6,140,65,6.3,.5,1018.2,1025.7,.1,1.02,,,7,7,Sc,12,2501,,,10.4,,,,
146,2025-12-15 14:00,7.8,,1.4,250,62,6.5,.9,1017.5,1025,.7,1.46,,,5,5,Sc,9,2265,,,11,,,,
146,2025-12-15 15:00,8.6,,1.6,320,59,6.6,1,1017,1024.4,.5,.98,,,7,7,Sc,9,2487,,,11.3,,,,
146,2025-12-15 16:00,7.5,,1.3,70,64,6.6,1.1,1016.8,1024.3,.6,.69,,,6,6,Sc,10,2240,,,9.7,,,,
146,2025-12-15 17:00,6.4,,0,0,67,6.4,.7,1016.8,1024.3,.2,.25,,,7,3,ScCi,12,2180,,,7.3,,,,
146,2025-12-15 18:00,5.5,,.3,0,69,6.2,.2,1017,1024.5,0,.01,,,6,3,ScCi,11,2220,,,5.1,,,,
146,2025-12-15 19:00,5.3,,.7,290,71,6.3,.4,1017.3,1024.8,,,,,7,7,,11,2028,,,4.8,,,,
146,2025-12-15 20:00,4.7,,1.3,140,77,6.6,1,1017.9,1025.5,,,,,5,5,,11,1576,,,3.9,,,,
146,2025-12-15 21:00,3.5,,1.7,140,83,6.5,.8,1017.8,1025.4,,,,,0,0,,,1491,,,2.4,,,,
146,2025-12-15 22:00,2,,1.9,140,87,6.1,0,1017.6,1025.2,,,,,0,0,,,1187,,,1.4,,,,
146,2025-12-15 23:00,1.7,,2.1,140,86,6,-.3,1017.6,1025.2,,,,,0,0,,,1396,,,.9,,,,
146,2025-12-16 00:00,1.8,,1.9,140,86,6,-.2,1017.4,1025,,,,,7,7,Sc,12,1356,,,1.4,,,,
146,2025-12-16 01:00,2.1,,2,140,85,6.1,-.1,1017.4,1025,,,,,9,9,,12,1352,,,1.7,,,,
146,2025-12-16 02:00,2.6,,2.2,140,83,6.1,0,1017.1,1024.7,,,,,9,9,,12,1578,,,2.3,,,,
146,2025-12-16 03:00,3.1,,1.4,160,82,6.2,.3,1017,1024.6,,,,,9,9,Sc,12,1748,,,2.7,,,,
146,2025-12-16 04:00,3.8,,2.3,180,79,6.3,.4,1016.6,1024.2,,,,,9,9,Sc,13,1916,,,2.8,,,,
146,2025-12-16 05:00,3.8,,1.9,160,81,6.5,.8,1016.4,1024,,,,,9,9,Sc,13,1839,,,3,,,,
146,2025-12-16 06:00,3.9,,1.5,160,79,6.3,.5,1016,1023.6,,,,,9,9,Sc,13,1956,,,3.1,,,,
146,2025-12-16 07:00,3.9,,2.1,140,79,6.3,.5,1016.3,1023.9,,,,,9,9,Sc,15,1916,,,2.8,,,,
146,2025-12-16 08:00,4.7,,2.8,140,76,6.5,.8,1016.2,1023.8,0,.01,,,9,9,Sc,15,1981,,,3.4,,,,
146,2025-12-16 09:00,5.6,,2.7,140,74,6.7,1.3,1016.6,1024.1,0,.1,,,9,9,Sc,15,2047,,,4.5,,,,
146,2025-12-16 10:00,6.8,,2.5,140,70,6.9,1.7,1016.8,1024.3,0,.32,,,9,9,Sc,17,2084,,,6.4,,,,
146,2025-12-16 11:00,9,,2.7,140,64,7.3,2.5,1016.4,1023.8,.1,.74,,,7,7,Sc,18,2467,,,9.4,,,,
146,2025-12-16 12:00,9.8,,2.4,160,63,7.6,3,1015.6,1023,.1,.87,,,8,8,Sc,12,2533,,,10.6,,,,
146,2025-12-16 13:00,9.4,,1.5,160,66,7.7,3.3,1015,1022.4,0,.34,,,9,9,Sc,11,2530,,,9.1,,,,
146,2025-12-16 14:00,9.2,,1.3,200,68,7.8,3.5,1014.7,1022.1,0,.16,,,10,5,ScAs,9,2556,,,8.4,,,,
146,2025-12-16 15:00,9.6,,1,140,69,8.2,4.1,1014.4,1021.8,0,.24,,,10,6,ScAs,16,2153,,,8.9,,,,
146,2025-12-16 16:00,9.5,,1.7,140,69,8.1,4,1014.2,1021.6,0,.15,,,10,6,ScAs,12,2329,,,8.5,,,,
146,2025-12-16 17:00,9.1,,1.3,140,72,8.3,4.3,1014.3,1021.7,0,.06,,,10,7,ScAs,11,2184,,,8,,,,
146,2025-12-16 18:00,9,,1.3,160,73,8.4,4.4,1014.3,1021.7,0,0,,,9,9,Sc,11,2156,,,7.6,,,,
146,2025-12-16 19:00,8.9,,2,140,74,8.4,4.5,1014,1021.4,,,,,7,7,,11,2157,,,7.2,,,,
146,2025-12-16 20:00,8.8,,1.6,160,75,8.5,4.6,1014.1,1021.5,,,,,9,7,,10,2049,,,7.1,,,,
146,2025-12-16 21:00,9.2,,1.8,160,74,8.5,4.7,1014,1021.4,,,,,10,8,ScAs,12,2195,,,7.2,,,,
146,2025-12-16 22:00,9,,.3,0,76,8.7,4.9,1013.9,1021.3,,,,,9,9,Sc,9,1865,,01,7.1,,,,
146,2025-12-16 23:00,8.3,,.8,360,82,9,5.4,1014.1,1021.5,,,,,10,8,ScAs,8,1360,,01,7.3,,,,
146,2025-12-17 00:00,7.8,.8,1.2,110,87,9.2,5.7,1013.8,1021.2,,,,,10,9,ScAs,7,1005,,01,7.3,,,,
146,2025-12-17 01:00,7.7,,.7,160,87,9.1,5.6,1013.7,1021.1,,,,,10,9,StAs,6,497,,1901,7.4,,,,
146,2025-12-17 02:00,7.2,,1.4,110,91,9.2,5.8,1013.6,1021.1,,,,,10,9,ScAs,8,377,,1901,7.2,,,,
146,2025-12-17 03:00,7.3,.2,1.6,140,91,9.3,5.9,1013.5,1021,,,,,9,9,Sc,8,630,,19,7.1,,,,
146,2025-12-17 04:00,7.6,,1.3,290,92,9.5,6.3,1013.3,1020.7,,,,,9,9,Sc,8,635,,19,7.1,,,,
146,2025-12-17 05:00,7.5,,2.3,320,91,9.4,6.1,1013.2,1020.6,,,,,9,9,Sc,7,487,,19,7.1,,,,
146,2025-12-17 06:00,6.7,,2.3,320,90,8.8,5.1,1013.8,1021.3,,,,,9,9,Sc,9,501,,19,6.7,,,,
146,2025-12-17 07:00,6.5,,3.5,270,84,8.1,3.9,1014.2,1021.7,,,,,8,8,Sc,11,814,,19,6.1,,,,
146,2025-12-17 08:00,5.5,,3.5,290,78,7,1.9,1015.1,1022.6,0,0,,,9,9,Sc,7,920,,19,5.5,,,,
146,2025-12-17 09:00,5.3,,3.2,320,72,6.4,.6,1016.3,1023.8,.4,.23,,,0,0,,,1093,,19,4.5,,,,
146,2025-12-17 10:00,6.2,,3.1,320,69,6.5,.9,1017,1024.5,1,.82,,,0,0,,,1004,,,5.6,,,,
146,2025-12-17 11:00,7.2,,3.9,340,65,6.6,1,1017.2,1024.7,1,1.22,,,0,0,,,1045,,,8.1,,,,
146,2025-12-17 12:00,7.2,,3.1,320,64,6.5,.8,1016.9,1024.4,.1,.83,,,9,9,Sc,9,1019,,,8.7,,,,
146,2025-12-17 13:00,8.4,,3.6,270,57,6.2,.3,1016.1,1023.5,.5,1.24,,,6,6,Sc,11,1186,,,10,,,,
146,2025-12-17 14:00,8.5,,3,320,54,6,-.2,1016,1023.4,.8,1.41,,,6,6,Sc,13,1258,,,9.8,,,,
146,2025-12-17 15:00,9.3,,3.2,270,47,5.5,-1.4,1016.1,1023.5,.9,1.33,,,5,5,Sc,13,1285,,,10.5,,,,
146,2025-12-17 16:00,8.1,,4.9,270,54,5.8,-.6,1016.6,1024.1,1,.83,,,2,2,Sc,14,1249,,,7.7,,,,
146,2025-12-17 17:00,6.7,,4.7,270,63,6.2,.1,1017,1024.5,.9,.31,,,0,0,,,1464,,,5.4,,,,
146,2025-12-17 18:00,5.4,,3.4,270,67,6,-.2,1017.9,1025.4,0,.01,,,0,0,,,1670,,,3.8,,,,
146,2025-12-17 19:00,4.7,,2.3,270,69,5.9,-.5,1018.8,1026.4,,,,,0,0,,,1591,,,2.9,,,,
146,2025-12-17 20:00,3.7,,1.5,250,71,5.7,-1,1019.4,1027,,,,,0,0,,,1556,,,2.1,,,,
146,2025-12-17 21:00,3.4,,1,250,73,5.7,-.9,1020.1,1027.7,,,,,0,0,,,1577,,,1.3,,,,
146,2025-12-17 22:00,2.6,,1.3,110,79,5.8,-.6,1020.2,1027.8,,,,,0,0,,,1224,,,.8,,,,
146,2025-12-17 23:00,1.8,,.6,160,81,5.6,-1.1,1020.4,1028.1,,,,,0,0,,,1110,,,.3,,,,
146,2025-12-18 00:00,1.1,,1.5,140,85,5.6,-1.1,1020.3,1028,,,,,0,0,,,1023,,,.4,,,,
146,2025-12-18 01:00,.3,,1.8,140,87,5.4,-1.6,1019.7,1027.4,,,,,0,0,,,926,,19,.3,,,,
146,2025-12-18 02:00,0,,1.8,140,87,5.3,-1.9,1019.9,1027.6,,,,,0,0,,,900,,19,.3,,,,
146,2025-12-18 03:00,-.7,,1.6,140,88,5.1,-2.4,1020.3,1028,,,,,0,0,,,797,,19,.2,,,,
146,2025-12-18 04:00,-.8,,1.8,140,89,5.2,-2.3,1020.1,1027.8,,,,,0,0,,,824,,19,.1,,,,
146,2025-12-18 05:00,-1,,1.7,140,88,5,-2.7,1020.2,1027.9,,,,,0,0,,,854,,19,-.1,,,,
146,2025-12-18 06:00,-1.3,,1.8,140,88,4.9,-3,1020.3,1028.1,,,,,0,0,,,824,,19,-.4,,,,
146,2025-12-18 07:00,-1.8,,0,0,88,4.7,-3.5,1021,1028.8,,,,,0,0,,,821,,19,-.6,,,,
146,2025-12-18 08:00,-1.4,,2.3,140,88,4.9,-3.1,1021.3,1029.1,0,.01,,,0,0,,,861,,19,-.8,,,,
146,2025-12-18 09:00,1.6,,.6,140,81,5.6,-1.3,1021.5,1029.2,.9,.38,,,0,0,,,957,,19,-.3,,,,
146,2025-12-18 10:00,3.2,,.6,320,76,5.8,-.6,1021.8,1029.4,1,.97,,,0,0,,,998,,19,.1,,,,
146,2025-12-18 11:00,5.4,,1.2,360,67,6,-.2,1021.3,1028.9,1,1.48,,,0,0,,,1325,,19,.9,,,,
146,2025-12-18 12:00,7.2,,1.1,290,55,5.6,-1.2,1020.4,1027.9,1,1.82,,,0,0,,,2169,,,5.4,,,,
146,2025-12-18 13:00,8.5,,1.8,340,48,5.3,-1.9,1019.1,1026.6,1,1.94,,,0,0,,,2189,,,8.9,,,,
146,2025-12-18 14:00,9.1,,2.3,320,39,4.5,-4.1,1018.5,1025.9,1,1.81,,,0,0,,,3582,,,10.1,,,,
146,2025-12-18 15:00,8.8,,2.5,20,41,4.6,-3.7,1018,1025.4,1,1.48,,,0,0,,,3046,,,10.3,,,,
146,2025-12-18 16:00,9.1,,1.9,320,42,4.9,-3.1,1017.6,1025,1,.96,,,0,0,,,2092,,,8.5,,,,
146,2025-12-18 17:00,8.1,,1.2,270,48,5.2,-2.2,1017.8,1025.3,1,.36,,,0,0,,,1964,,,5.6,,,,
146,2025-12-18 18:00,5.8,,1.5,340,50,4.6,-3.8,1018,1025.5,.2,.02,,,0,0,,,2917,,,3.7,,,,
146,2025-12-18 19:00,4.5,,.9,360,51,4.3,-4.7,1018,1025.6,,,,,0,0,,,2927,,,2.5,,,,
146,2025-12-18 20:00,3.8,,1.4,180,65,5.2,-2.1,1017.9,1025.5,,,,,0,0,,,1955,,,1.6,,,,
146,2025-12-18 21:00,2.6,,2,140,69,5.1,-2.5,1017.4,1025,,,,,0,0,,,2010,,,.9,,,,
146,2025-12-18 22:00,1.8,,2.1,140,73,5.1,-2.5,1017.1,1024.7,,,,,4,0,,,1847,,,.4,,,,
146,2025-12-18 23:00,1.8,,1.5,110,73,5.1,-2.5,1017.4,1025,,,,,3,0,,,1822,,,.8,,,,
146,2025-12-19 00:00,1.2,,1.2,140,74,4.9,-2.9,1017.5,1025.2,,,,,0,0,,,1780,,,.6,,,,
146,2025-12-19 01:00,.9,,2.5,110,77,5,-2.6,1017.2,1024.9,,,,,0,0,,,1798,,,.3,,,,
146,2025-12-19 02:00,.8,,1.8,110,75,4.9,-3.1,1016.9,1024.6,,,,,0,0,,,2121,,,.1,,,,
146,2025-12-19 03:00,1.5,,1.7,140,70,4.8,-3.3,1017,1024.6,,,,,0,0,,,2592,,,-.1,,,,
146,2025-12-19 04:00,2.2,,2.3,140,65,4.6,-3.7,1016.6,1024.2,,,,,0,0,,,3114,,,-.3,,,,
146,2025-12-19 05:00,1.9,,2.1,140,65,4.6,-3.9,1016.4,1024,,,,,4,4,Sc,10,3331,,,-.5,,,,
146,2025-12-19 06:00,3.5,,1.9,140,59,4.6,-3.7,1016.5,1024.1,,,,,8,8,Sc,10,3784,,,.2,,,,
146,2025-12-19 07:00,5.4,,3.2,140,51,4.6,-3.9,1016.2,1023.7,,,,,9,9,Sc,10,4397,,,.3,,,,
146,2025-12-19 08:00,7,,3.7,160,55,5.5,-1.4,1015.8,1023.3,0,.01,,,9,9,Sc,12,4488,,,.9,,,,
146,2025-12-19 09:00,8.2,,3.8,160,61,6.6,1.1,1015.5,1022.9,0,.11,,,9,9,Sc,13,4397,,,2.1,,,,
146,2025-12-19 10:00,9.9,,2.6,160,61,7.4,2.7,1015.7,1023.1,0,.41,,,9,9,Sc,15,3455,,,5.9,,,,
146,2025-12-19 11:00,12.5,,2.1,140,57,8.2,4.1,1015.1,1022.4,.1,.68,,,7,7,Sc,15,2994,,,8.6,,,,
146,2025-12-19 12:00,16,,3.2,160,48,8.7,4.9,1013.7,1020.9,1,1.78,,,0,0,,,3961,,,12.4,,,,
146,2025-12-19 13:00,17.8,,2.9,160,45,9.1,5.6,1012.8,1020,.8,1.9,,,0,0,,,4418,,,15.7,,,,
146,2025-12-19 14:00,16.7,,2.3,270,50,9.5,6.2,1012.2,1019.4,.4,1.3,,,2,2,Sc,15,4128,,,14.4,,,,
146,2025-12-19 15:00,16.2,,3.1,250,54,9.9,6.8,1012.3,1019.5,.3,.94,,,2,2,Sc,15,2807,,,13.8,,,,
146,2025-12-19 16:00,16.6,,3.6,250,54,10.2,7.2,1012.3,1019.5,.9,.86,,,2,2,Sc,13,3385,,,12.9,,,,
146,2025-12-19 17:00,15.2,,2.4,270,59,10.2,7.2,1012.3,1019.5,1,.37,,,0,0,,,3764,,,10.6,,,,
146,2025-12-19 18:00,12.4,,1.1,90,69,9.9,6.8,1012.2,1019.5,.1,.02,,,0,0,,,1949,,,8.7,,,,
146,2025-12-19 19:00,11.2,,1.8,140,73,9.7,6.5,1012.2,1019.5,,,,,0,0,,,1696,,,7.5,,,,
146,2025-12-19 20:00,10.2,,1.7,140,76,9.4,6.1,1012.7,1020.1,,,,,0,0,,,2297,,,6.6,,,,
146,2025-12-19 21:00,9,,2.1,140,78,8.9,5.3,1012.6,1020,,,,,4,4,Ac,28,2050,,,5.9,,,,
146,2025-12-19 22:00,9.5,,2.1,140,77,9.1,5.6,1012.6,1020,,,,,6,6,,25,2346,,,6.3,,,,
146,2025-12-19 23:00,9,,1.9,140,80,9.2,5.7,1012.9,1020.3,,,,,0,0,,,2156,,,5.4,,,,
146,2025-12-20 00:00,9.1,,2,160,80,9.2,5.8,1013.1,1020.5,,,,,6,6,,,2249,,,5.5,,,,
146,2025-12-20 01:00,8.4,,1.9,140,83,9.1,5.6,1012.8,1020.2,,,,,0,0,,,1858,,,4.9,,,,
146,2025-12-20 02:00,8.2,,1.8,140,84,9.1,5.6,1012.7,1020.1,,,,,0,0,,,2045,,,4.7,,,,
146,2025-12-20 03:00,9,,1.5,140,82,9.3,6,1012.6,1020,,,,,8,8,Sc,10,2107,,,6.1,,,,
146,2025-12-20 04:00,9.5,,1.1,140,82,9.7,6.5,1012.1,1019.5,,,,,9,9,Sc,10,2089,,,6.9,,,,
146,2025-12-20 05:00,9.6,,1.4,180,81,9.6,6.4,1011.4,1018.8,,,,,7,7,Sc,10,2126,,,6.8,,,,
146,2025-12-20 06:00,11.1,,2.9,140,82,10.8,8.1,1010.9,1018.2,,,,,9,9,Sc,9,2758,,,7.4,,,,
146,2025-12-20 07:00,11.6,,2.7,140,82,11.2,8.6,1011.1,1018.4,,,,,9,9,Sc,8,2534,,,8.1,,,,
146,2025-12-20 08:00,12.4,,2,160,80,11.5,9,1011.2,1018.5,0,.01,,,9,9,Sc,7,2631,,,8.5,,,,
146,2025-12-20 09:00,12.9,0,2,160,80,11.9,9.5,1011.3,1018.6,0,.07,,,10,8,ScAs,6,2463,,01,9.4,,,,
146,2025-12-20 10:00,13.8,,1,180,78,12.3,10,1011.6,1018.9,0,.2,,,10,7,ScAs,6,2428,,01,10.7,,,,
146,2025-12-20 11:00,15,,1.7,180,77,13,10.9,1011.5,1018.7,0,.32,,,10,6,ScAs,5,1868,,,12.4,,,,
146,2025-12-20 12:00,16.4,0,3.7,250,80,14.9,12.9,1010.8,1018,0,.59,,,9,9,Sc,5,1582,,,14.1,,,,
146,2025-12-20 13:00,14.6,,3.5,290,87,14.4,12.4,1010.3,1017.5,0,.45,,,10,8,ScAs,4,648,,1901,13.6,,,,
146,2025-12-20 14:00,13.2,,3.7,290,91,13.7,11.7,1010.1,1017.4,0,.21,,,10,10,St,5,387,,19,13.1,,,,
146,2025-12-20 15:00,12.7,0,2.4,270,91,13.3,11.2,1010.1,1017.4,0,.11,,,10,10,St,5,367,,1901,12.5,,,,
146,2025-12-20 16:00,11.6,,2.9,270,90,12.3,10,1011.2,1018.5,0,.04,,,10,10,St,5,343,,1901,11.6,,,,
146,2025-12-20 17:00,10.4,,2.8,230,87,10.9,8.3,1012,1019.4,0,.03,,,10,10,St,2,352,,1901,10.7,,,,
146,2025-12-20 18:00,10,0,3,250,87,10.6,7.9,1012.9,1020.3,0,0,,,10,10,St,4,298,,1901,10,,,,
146,2025-12-20 19:00,9.7,,3.5,230,84,10.1,7.1,1013.7,1021.1,,,,,9,9,,6,345,,19,9.5,,,,
146,2025-12-20 20:00,9,,2.3,270,83,9.5,6.2,1014.2,1021.6,,,,,9,4,,6,401,,19,8.9,,,,
146,2025-12-20 21:00,8.5,,4.1,270,78,8.6,4.8,1014.6,1022,,,,,10,10,St,6,539,,19,8.3,,,,
146,2025-12-20 22:00,7.6,,4.1,290,73,7.6,3,1015.7,1023.2,,,,,7,7,,7,984,,19,7.3,,,,
146,2025-12-20 23:00,6.4,,2.6,270,65,6.2,.2,1016.3,1023.8,,,,,9,1,,11,3239,,19,6.1,,,,
146,2025-12-21 00:00,5.4,,2.1,290,68,6.1,0,1017.2,1024.7,,,,,6,6,,,3633,,,5,,,,
146,2025-12-21 01:00,4.8,,5.2,290,61,5.3,-2,1017.7,1025.3,,,,,9,2,,49,4334,,,3.8,,,,
146,2025-12-21 02:00,3.7,,3.2,290,64,5.1,-2.4,1018.4,1026,,,,,8,0,,,4303,,,3,,,,
146,2025-12-21 03:00,2.5,,2.6,340,66,4.8,-3.2,1019.1,1026.7,,,,,7,0,Ci,,3414,,,2.2,,,,
146,2025-12-21 04:00,2,,3.3,340,66,4.7,-3.6,1019.6,1027.3,,,,,5,1,ScCi,12,3997,,,1.4,,,,
146,2025-12-21 05:00,1.2,,3.1,340,67,4.5,-4.2,1019.3,1027,,,,,6,0,Ci,,3402,,,.7,,,,
146,2025-12-21 06:00,.7,,3.6,180,68,4.4,-4.5,1019.9,1027.6,,,,,5,0,Ci,,3838,,,.2,,,,
146,2025-12-21 07:00,.2,,4.5,70,59,3.7,-6.8,1020.7,1028.4,,,,,3,0,Ci,,3151,,,.7,,,,
146,2025-12-21 08:00,-.5,,2.9,290,57,3.4,-7.9,1021.4,1029.1,0,0,,,6,0,Ci,,3782,,,-.1,,,,
146,2025-12-21 09:00,-.2,,3.2,20,51,3.1,-9.1,1022,1029.7,0,.18,,,7,0,Ci,,4384,,,-.1,,,,
146,2025-12-21 10:00,.6,,3.9,340,46,2.9,-9.7,1022.7,1030.4,.3,.59,,,8,0,Ci,,4167,,,1.1,,,,
146,2025-12-21 11:00,1.1,,4.1,320,46,3,-9.2,1023,1030.7,.1,.74,,,9,0,Ci,,4539,,,1.4,,,,
146,2025-12-21 12:00,2,,3.7,340,41,2.9,-9.9,1022.2,1029.9,0,1.03,,,9,0,Ci,,4515,,,3.9,,,,
146,2025-12-21 13:00,3.1,,4.3,340,38,2.9,-9.8,1021.8,1029.4,.9,1.4,,,8,0,Ci,,4568,,,5.7,,,,
146,2025-12-21 14:00,3.5,,3.8,320,36,2.8,-10.2,1021.3,1028.9,1,1.66,,,7,0,Ci,,4334,,,6.5,,,,
146,2025-12-21 15:00,4,,3.2,320,34,2.8,-10.4,1021.5,1029.1,1,1.55,,,3,0,Ci,,4485,,,6.8,,,,
146,2025-12-21 16:00,3.6,,3.8,340,34,2.7,-10.8,1021.6,1029.2,1,1.03,,,1,0,Ci,,4430,,,5.1,,,,
146,2025-12-21 17:00,2.3,,2.5,340,35,2.5,-11.6,1021.9,1029.6,1,.42,,,0,0,,,4759,,,2.2,,,,
146,2025-12-21 18:00,1,,2.7,340,36,2.4,-12.4,1022.7,1030.4,.2,.02,,,0,0,,,4950,,,1,,,,
146,2025-12-21 19:00,.3,,3.3,360,38,2.4,-12.3,1023.5,1031.2,,,,,0,0,,,4643,,,.7,,,,
146,2025-12-21 20:00,-.6,,3,320,39,2.3,-12.8,1023.7,1031.5,,,,,0,0,,,4833,,,-.5,,,,
146,2025-12-21 21:00,-1.5,,2.4,320,44,2.4,-12.1,1023.8,1031.6,,,,,0,0,,,4951,,,-1.5,,,,
146,2025-12-21 22:00,-2.2,,1.6,20,48,2.5,-11.7,1023.8,1031.6,,,,,0,0,,,4790,,,-2.2,,,,
146,2025-12-21 23:00,-2.5,,.8,50,51,2.6,-11.2,1024.1,1031.9,,,,,0,0,,,4826,,,-2.6,,,,
146,2025-12-22 00:00,-2.6,,1.5,320,55,2.8,-10.4,1024.4,1032.2,,,,,0,0,,,4418,,,-2.9,,,,
146,2025-12-22 01:00,-3.6,,.8,340,61,2.9,-10,1024.5,1032.4,,,,,0,0,,,4345,,,-3.2,,,,
146,2025-12-22 02:00,-3.5,,1.1,110,64,3,-9.3,1023.9,1031.7,,,,,0,0,,,4528,,,-3.4,,,,
146,2025-12-22 03:00,-4.3,,.2,0,66,2.9,-9.7,1024.1,1032,,,,,0,0,,,4246,,,-3.7,,,,
146,2025-12-22 04:00,-4.7,,.9,70,69,3,-9.5,1024.2,1032.1,,,,,0,0,,,4243,,,-3.8,,,,
146,2025-12-22 05:00,-5.2,,1.4,20,71,3,-9.6,1023.9,1031.8,,,,,0,0,,,4353,,,-4.1,,,,
146,2025-12-22 06:00,-5,,1.1,180,73,3.1,-9,1023.4,1031.3,,,,,0,0,,,4014,,,-4.2,,,,
146,2025-12-22 07:00,-5.6,,1.2,70,75,3,-9.3,1024.4,1032.3,,,,,0,0,,,3827,,,-4.4,,,,
146,2025-12-22 08:00,-5.5,,1.7,110,74,3,-9.4,1024.5,1032.4,.1,.01,,,0,0,,,3895,,,-4.3,,,,
146,2025-12-22 09:00,-3,,.5,50,63,3.1,-9,1024.2,1032,1,.39,,,0,0,,,4360,,,-3.1,,,,
146,2025-12-22 10:00,-.3,,1,20,52,3.1,-8.9,1024,1031.8,1,1,,,0,0,,,4045,,,-1.2,,,,
146,2025-12-22 11:00,1.6,,1.7,250,41,2.8,-10.2,1024.4,1032.1,1,1.51,,,0,0,,,4261,,,.4,,,,
146,2025-12-22 12:00,2.7,,2.2,320,40,3,-9.5,1023.7,1031.4,1,1.84,,,0,0,,,3536,,,1,,,,
146,2025-12-22 13:00,4.2,,1.5,340,35,2.9,-9.9,1022.2,1029.8,1,1.97,,,1,0,Ci,,3354,,,2.3,,,,
146,2025-12-22 14:00,6.5,,1.1,230,31,3,-9.4,1021.1,1028.6,1,1.84,,,2,0,Ci,,4332,,,4.6,,,,
146,2025-12-22 15:00,6.3,,1.9,320,33,3.1,-8.8,1020.9,1028.4,.7,1.2,,,6,6,Ac,36,3423,,,4.4,,,,
146,2025-12-22 16:00,6.8,,2.6,340,31,3.1,-9.1,1021.3,1028.8,.9,.96,,,5,5,Ac,36,4233,,,4.3,,,,
146,2025-12-22 17:00,5,,1.4,320,37,3.2,-8.5,1021.5,1029.1,.7,.32,,,4,0,Ci,,3831,,,1.7,,,,
146,2025-12-22 18:00,3.2,,1,20,42,3.2,-8.5,1021.1,1028.7,.1,.01,,,3,0,Ci,,3021,,,1.1,,,,
146,2025-12-22 19:00,2.7,,.2,0,47,3.5,-7.5,1021.6,1029.2,,,,,8,1,,,3007,,,1,,,,
146,2025-12-22 20:00,1.9,,1.9,140,49,3.4,-7.7,1021.5,1029.2,,,,,4,0,,,3050,,,.7,,,,
146,2025-12-22 21:00,1,,2.2,140,54,3.6,-7.2,1021.4,1029.1,,,,,5,0,Ci,,3264,,,.5,,,,
146,2025-12-22 22:00,.8,,1.4,140,54,3.5,-7.4,1022.1,1029.8,,,,,0,0,,,3386,,,-.4,,,,
146,2025-12-22 23:00,-.4,,1.1,140,60,3.6,-7.2,1022.3,1030,,,,,0,0,,,3434,,,-1,,,,
146,2025-12-23 00:00,-.1,,2,110,59,3.6,-7.1,1022.2,1029.9,,,,,0,0,,,3682,,,-1.4,,,,
146,2025-12-23 01:00,-.4,,1.8,140,63,3.8,-6.5,1022.1,1029.8,,,,,4,4,,31,3522,,,-1.3,,,,
146,2025-12-23 02:00,-.5,,1.6,160,64,3.8,-6.4,1020.5,1028.2,,,,,0,0,,,4032,,,-1.9,,,,
146,2025-12-23 03:00,.6,,2.2,140,60,3.8,-6.2,1020,1027.7,,,,,0,0,,,4907,,,-2.1,,,,
146,2025-12-23 04:00,1.5,,1.1,50,57,3.9,-6.1,1019.9,1027.6,,,,,4,0,Ci,,4934,,,-2,,,,
146,2025-12-23 05:00,.4,,2.6,110,66,4.2,-5.2,1018.6,1026.3,,,,,3,0,Ci,,4675,,,-2.2,,,,
146,2025-12-23 06:00,1.3,,2.3,110,63,4.2,-4.9,1018.1,1025.8,,,,,3,0,Ci,,5000,,,-2.1,,,,
146,2025-12-23 07:00,1.5,,2,160,61,4.2,-5.2,1017.8,1025.5,,,,,7,0,Ci,,4820,,,-1.9,,,,
146,2025-12-23 08:00,2.6,,2.3,140,58,4.3,-4.8,1017.7,1025.3,0,0,,,9,0,Ci,,4548,,,-.3,,,,
146,2025-12-23 09:00,3.5,,1.9,140,57,4.5,-4.2,1017.1,1024.7,0,.15,,,9,4,AcCi,28,4899,,,.2,,,,
146,2025-12-23 10:00,7.5,,1.6,160,47,4.9,-3.1,1017.2,1024.7,0,.54,,,9,8,AcCi,28,4627,,,.9,,,,
146,2025-12-23 11:00,8.8,,1.1,140,44,5,-2.8,1016.5,1023.9,0,.65,,,9,5,AcCi,28,4490,,,2.8,,,,
146,2025-12-23 12:00,9.9,,1.9,200,47,5.7,-.9,1015.7,1023.1,0,.55,,,10,1,ScAs,11,4943,,,5,,,,
146,2025-12-23 13:00,10,,2.4,140,48,5.9,-.5,1013.5,1020.9,0,.41,,,10,2,ScAs,11,4963,,,6.2,,,,
146,2025-12-23 14:00,11.4,,3.5,160,57,7.6,3.1,1012.5,1019.8,0,.36,,,10,3,ScAs,11,4965,,,7.6,,,,
146,2025-12-23 15:00,10.9,0,3.6,160,64,8.3,4.3,1011.7,1019,0,.27,,,10,5,StNs,10,4208,,01,7.3,,,,
146,2025-12-23 16:00,10,,2.9,160,75,9.2,5.7,1011.3,1018.7,0,.07,,,10,3,StNs,10,3282,,01,7.2,,,,
146,2025-12-23 17:00,9.2,,2.5,160,83,9.6,6.4,1011.4,1018.8,0,.02,,,10,5,StNs,10,1162,,01,7.2,,,,
146,2025-12-23 18:00,8.9,2,1.5,180,87,9.9,6.8,1011.5,1018.9,0,.01,,,10,5,StNs,9,776,,1901,7.2,,,,
146,2025-12-23 19:00,8.5,,1.5,110,90,9.9,6.9,1011.2,1018.6,,,,,10,6,StNs,7,841,,1901,7.1,,,,
146,2025-12-23 20:00,9,,1.8,160,90,10.3,7.4,1010.9,1018.3,,,,,10,7,StNs,5,1847,,1901,7.2,,,,
146,2025-12-23 21:00,9.1,1.8,.9,140,89,10.2,7.3,1010.6,1018,,,,,10,8,StNs,5,418,,1901,7.4,,,,
146,2025-12-23 22:00,6.5,,2.7,320,94,9,5.5,1010.8,1018.3,,,,,10,9,StNs,5,49,,1901,7,,,,
146,2025-12-23 23:00,6.2,,1.6,340,95,9,5.4,1010.9,1018.4,,,,,10,8,StNs,5,211,,1901,6.7,,,,
146,2025-12-24 00:00,6.7,7.6,.8,340,93,9.1,5.6,1010.4,1017.9,,,,,10,7,StNs,4,668,,1901,6.7,,,,
146,2025-12-24 01:00,6.3,,2.4,340,94,8.9,5.3,1010.1,1017.6,,,,,10,6,StNs,5,599,,1901,6.6,,,,
146,2025-12-24 02:00,6.4,,3.2,320,95,9.1,5.6,1010.3,1017.8,,,,,10,5,StNs,1,625,,1901,6.5,,,,
146,2025-12-24 03:00,6.3,2.5,1.4,290,95,9,5.5,1010.6,1018.1,,,,,10,4,StNs,1,648,,1901,6.4,,,,
146,2025-12-24 04:00,5.2,,2,320,95,8.4,4.4,1010.8,1018.3,,,,,10,3,StNs,5,150,,1901,6.1,,,,
146,2025-12-24 05:00,4.9,,1.7,320,95,8.2,4.1,1010.2,1017.7,,,,,10,4,StNs,5,245,,1901,5.9,,,,
146,2025-12-24 06:00,4.7,1.1,3.1,320,95,8.1,3.9,1010.2,1017.7,,,,,10,10,St,5,289,,1901,5.6,,,,
146,2025-12-24 07:00,4.5,,3.3,320,95,8,3.7,1010.6,1018.1,,,,,10,10,St,1,338,,1901,5.4,,,,
146,2025-12-24 08:00,4.4,,2.9,320,95,7.9,3.6,1010.7,1018.2,0,.01,,,10,10,St,1,262,,19,5.3,,,,
146,2025-12-24 09:00,4.3,,3.4,320,94,7.8,3.4,1011.3,1018.8,0,.02,,,10,10,St,1,319,,19,5.2,,,,
146,2025-12-24 10:00,4.2,,4.3,320,92,7.6,3,1011.9,1019.4,0,.09,,,10,10,St,2,545,,19,5.3,,,,
146,2025-12-24 11:00,4.1,,4.6,290,89,7.3,2.4,1011.7,1019.2,0,.2,,,10,10,St,3,1047,,19,5.7,,,,
146,2025-12-24 12:00,4.3,,3.7,320,88,7.3,2.4,1010.8,1018.3,0,.37,,,10,9,ScAs,9,1462,,,6.3,,,,
146,2025-12-24 13:00,4.3,,2.7,290,86,7.1,2.1,1010.1,1017.6,0,.32,,,10,9,ScAs,9,1398,,,6.3,,,,
146,2025-12-24 14:00,4.2,,3.7,320,83,6.8,1.5,1010,1017.5,0,.32,,,10,9,ScAs,9,1828,,,6,,,,
146,2025-12-24 15:00,4.2,,3.5,320,79,6.5,.8,1010.1,1017.6,0,.29,,,10,9,ScAs,9,2178,,,5.8,,,,
146,2025-12-24 16:00,4.3,,3.1,340,77,6.4,.6,1010.2,1017.7,0,.28,,,10,8,ScAs,9,2425,,,5.6,,,,
146,2025-12-24 17:00,3.9,,3,320,77,6.2,.2,1010.5,1018,0,.22,,,9,8,ScAs,9,2267,,,4.6,,,,
146,2025-12-24 18:00,3.5,,2.2,320,79,6.2,.1,1010.9,1018.4,0,.01,,,8,8,Sc,9,2062,,,3.9,,,,
146,2025-12-24 19:00,3,,2.2,340,81,6.1,0,1011.2,1018.8,,,,,10,3,,59,1395,,,3.1,,,,
146,2025-12-24 20:00,2.6,,1.8,320,83,6.1,0,1011.6,1019.2,,,,,10,1,,7,1071,,,2.9,,,,
146,2025-12-24 21:00,2.2,,2.3,340,83,6,-.3,1012.1,1019.7,,,,,9,0,Ci,,1026,,,2.4,,,,
146,2025-12-24 22:00,1.6,,2.6,340,85,5.8,-.6,1012.1,1019.7,,,,,8,1,,8,798,,19,1.5,,,,
146,2025-12-24 23:00,1.4,,2.8,320,85,5.8,-.8,1011.4,1019,,,,,8,8,,7,793,,19,1.5,,,,
146,2025-12-25 00:00,.8,,1.9,320,86,5.6,-1.2,1011.6,1019.2,,,,,6,0,,,657,,19,.6,,,,
146,2025-12-25 01:00,.6,,1.9,320,87,5.6,-1.3,1011.6,1019.2,,,,,8,8,,7,553,,19,.8,,,,
146,2025-12-25 02:00,0,,1.4,340,89,5.4,-1.6,1012.1,1019.8,,,,,8,3,,,504,,19,.1,,,,
146,2025-12-25 03:00,0,,1.7,340,88,5.4,-1.7,1012.8,1020.5,,,,,7,0,Ci,,745,,19,.4,,,,
146,2025-12-25 04:00,-.2,,2.4,320,85,5.1,-2.4,1012.6,1020.3,,,,,6,0,Ci,,974,,19,.4,,,,
146,2025-12-25 05:00,-1.2,,2,320,89,5,-2.7,1012.6,1020.3,,,,,3,0,Ci,,590,,19,.4,,,,
146,2025-12-25 06:00,-1.6,,1.7,340,87,4.8,-3.4,1013,1020.7,,,,,6,0,Ci,,880,,19,.3,,,,
146,2025-12-25 07:00,-2.2,,1,320,86,4.5,-4.2,1013.4,1021.1,,,,,0,0,,,1117,,19,0,,,,
146,2025-12-25 08:00,-2,,1.7,320,86,4.5,-4,1013.8,1021.5,0,0,,,0,0,,,1107,,,-.3,,,,
146,2025-12-25 09:00,-.7,,2.2,340,80,4.6,-3.7,1014.2,1021.9,.7,.38,,,0,0,,,1377,,,-.2,,,,
146,2025-12-25 10:00,.7,,3.4,320,70,4.5,-4.1,1014.7,1022.4,1,1.06,,,0,0,,,2191,,,0,,,,
146,2025-12-25 11:00,2.3,,3.3,340,58,4.2,-5.1,1014.3,1021.9,1,1.47,,,1,1,Sc,10,3473,,,.3,,,,
146,2025-12-25 12:00,2.1,,3.9,320,56,4,-5.7,1013.4,1021,.8,1.52,,,8,8,Sc,10,4054,,,1.5,,,,
146,2025-12-25 13:00,2.9,,4.7,290,69,5.2,-2.2,1012.7,1020.3,.3,.93,,,6,6,Sc,10,2898,,05,3.9,,,,
146,2025-12-25 14:00,3.1,,5.7,320,47,3.6,-7.1,1012.5,1020.1,.4,1.17,,,5,5,Sc,10,4414,,05,4.4,,,,
146,2025-12-25 15:00,1.8,0,6,320,51,3.6,-7.2,1013,1020.6,.8,1.35,,,6,6,Sc,10,4571,,,3.6,,,,
146,2025-12-25 16:00,.4,,7,320,56,3.5,-7.3,1013.7,1021.4,.4,.62,,,4,4,Sc,10,4392,,,1.4,,,,
146,2025-12-25 17:00,-1.1,,6.2,290,66,3.7,-6.6,1014.3,1022,.1,.16,,,4,4,Sc,10,3901,,,.5,,,,
146,2025-12-25 18:00,-2.3,0,4,320,76,3.9,-5.9,1014.9,1022.6,0,.01,,,5,5,Sc,10,3736,,05,-.2,,,,
146,2025-12-25 19:00,-2,,4.7,290,65,3.4,-7.7,1015.5,1023.2,,,,,9,9,Sc,10,3968,,05,-.9,,,,
146,2025-12-25 20:00,-3.2,,4.5,340,66,3.2,-8.6,1016,1023.8,,,,,5,5,Sc,13,4232,,05,-2,,,,
146,2025-12-25 21:00,-3.3,0,5.5,320,48,2.3,-12.7,1016.3,1024.1,,,,,6,6,Sc,13,4816,,,-2.4,,,,
146,2025-12-25 22:00,-4.2,,3.1,320,54,2.4,-12.1,1016.5,1024.3,,,,,6,6,,12,4845,,,-3,,,,
146,2025-12-25 23:00,-4.6,,4.5,320,64,2.8,-10.3,1017.2,1025,,,,,6,6,,10,4038,,,-3.4,,,,
146,2025-12-26 00:00,-5,,3.9,320,60,2.5,-11.5,1017.3,1025.1,,,,,3,3,,,4244,,,-4,,,,
146,2025-12-26 01:00,-5.3,,4.6,320,54,2.2,-13.1,1017.5,1025.4,,,,,0,0,,,4662,,,-4.6,,,,
146,2025-12-26 02:00,-5.9,,4.4,320,57,2.3,-13,1018.3,1026.2,,,,,0,0,,,4535,,,-5,,,,
146,2025-12-26 03:00,-6.8,,4.1,340,68,2.5,-11.7,1019.1,1027,,,,,1,1,Sc,10,4026,,,-5.3,,,,
146,2025-12-26 04:00,-7.3,,4.2,340,66,2.3,-12.5,1019.3,1027.2,,,,,0,0,,,3076,,,-5.7,,,,
146,2025-12-26 05:00,-7.8,,3.3,340,67,2.3,-12.8,1019.9,1027.8,,,,,0,0,,,4127,,,-5.9,,,,
146,2025-12-26 06:00,-8,,2.7,70,68,2.3,-12.8,1020.2,1028.2,,,,,0,0,,,4026,,,-6.1,,,,
146,2025-12-26 07:00,-8.3,,3.8,340,69,2.3,-12.9,1020.7,1028.7,,,,,0,0,,,3760,,,-6.5,,,,
146,2025-12-26 08:00,-8.5,,3,360,63,2,-14.2,1021.3,1029.3,.1,.01,,,0,0,,,4738,,,-6.4,,,,
146,2025-12-26 09:00,-7.3,,3.1,340,58,2.1,-14.1,1021.6,1029.5,1,.37,,,0,0,,,3917,,,-5.5,,,,
146,2025-12-26 10:00,-6.2,,5.2,340,47,1.8,-15.7,1022.1,1030,1,1.01,,,0,0,,,4493,,,-3.8,,,,
146,2025-12-26 11:00,-5.1,,4.5,340,41,1.7,-16.3,1021.8,1029.7,1,1.53,,,0,0,,,4762,,,-.7,,,,
146,2025-12-26 12:00,-3.9,,4.3,320,37,1.7,-16.4,1021.2,1029,1,1.88,,,0,0,,,4875,,,.2,,,,
146,2025-12-26 13:00,-3.1,,3.4,290,37,1.8,-15.7,1020.7,1028.5,1,2.01,,,0,0,,,4729,,,.3,,,,
146,2025-12-26 14:00,-2,,2.4,340,35,1.8,-15.4,1019.9,1027.7,1,1.89,,,0,0,,,4377,,,.4,,,,
146,2025-12-26 15:00,-1.5,,3.1,290,33,1.8,-15.7,1019.8,1027.6,1,1.56,,,0,0,,,4763,,,.3,,,,
146,2025-12-26 16:00,-1.2,,3.1,290,30,1.7,-16.6,1019.8,1027.5,1,1.06,,,0,0,,,4595,,,.3,,,,
146,2025-12-26 17:00,-2.2,,2.5,320,32,1.7,-16.7,1020.3,1028.1,1,.46,,,0,0,,,4889,,,-.4,,,,
146,2025-12-26 18:00,-3.8,,2.8,340,35,1.6,-17,1020.5,1028.3,.3,.03,,,0,0,,,5000,,,-1.4,,,,
146,2025-12-26 19:00,-4.2,,2.8,320,34,1.5,-17.7,1020.7,1028.5,,,,,0,0,,,4828,,,-2.3,,,,
146,2025-12-26 20:00,-5,,2.1,340,37,1.6,-17.4,1021.3,1029.2,,,,,0,0,,,4719,,,-2.7,,,,
146,2025-12-26 21:00,-5.5,,1.8,320,39,1.6,-17.2,1021.6,1029.5,,,,,0,0,,,4942,,,-2.9,,,,
146,2025-12-26 22:00,-5.4,,1.2,110,40,1.6,-16.9,1022,1029.9,,,,,0,0,,,4953,,,-2.9,,,,
146,2025-12-26 23:00,-6.1,,1.7,90,53,2.1,-14.1,1021.6,1029.5,,,,,0,0,,,4816,,,-3,,,,
146,2025-12-27 00:00,-6.5,,1.5,110,50,1.9,-15.2,1021,1028.9,,,,,0,0,,,4694,,,-3.2,,,,
146,2025-12-27 01:00,-6.7,,1.6,140,56,2.1,-14,1020.8,1028.7,,,,,0,0,,,4324,,,-3.3,,,,
146,2025-12-27 02:00,-6.6,,1.1,110,59,2.2,-13.2,1020.6,1028.5,,,,,4,0,,,4507,,,-3.3,,,,
146,2025-12-27 03:00,-6.8,,1.8,110,64,2.4,-12.4,1020.7,1028.6,,,,,0,0,,,4521,,,-3.5,,,,
146,2025-12-27 04:00,-6.9,,1.3,140,64,2.3,-12.5,1020.6,1028.5,,,,,1,1,Sc,14,4219,,,-3.5,,,,
146,2025-12-27 05:00,-6.3,,1.5,110,66,2.5,-11.6,1020.5,1028.4,,,,,5,5,Sc,14,4369,,,-3.1,,,,
146,2025-12-27 06:00,-6,,1.6,140,64,2.5,-11.7,1020.1,1028,,,,,6,6,Sc,15,3965,,,-2.9,,,,
146,2025-12-27 07:00,-6.2,,1.2,160,66,2.5,-11.5,1020.1,1028,,,,,2,0,Ci,,3642,,,-3.5,,,,
146,2025-12-27 08:00,-6.1,,2.5,140,69,2.7,-10.8,1020,1027.9,0,.01,,,3,0,Ci,,3378,,,-3.6,,,,
146,2025-12-27 09:00,-2.9,,1.3,140,60,3,-9.5,1020.3,1028.1,.8,.31,,,1,0,Ci,,2780,,,-2.9,,,,
146,2025-12-27 10:00,-.7,,2.4,140,52,3,-9.3,1020.4,1028.1,1,.89,,,0,0,,,2726,,,-1.8,,,,
146,2025-12-27 11:00,2.2,,1.1,140,46,3.3,-8.2,1020.3,1028,1,1.39,,,0,0,,,2644,,,-.4,,,,
146,2025-12-27 12:00,4.6,,1.5,160,44,3.7,-6.6,1019.1,1026.7,1,1.73,,,0,0,,,3111,,,.2,,,,
146,2025-12-27 13:00,6.8,,.7,200,43,4.2,-4.9,1018.1,1025.6,1,1.95,,,7,7,Sc,15,3509,,,.7,,,,
146,2025-12-27 14:00,4.2,,2.4,270,53,4.4,-4.5,1017.3,1024.9,.1,.97,,,9,9,Sc,13,3587,,,.8,,,,
146,2025-12-27 15:00,3.7,,2.5,270,58,4.6,-3.8,1017.2,1024.8,0,.45,,,9,9,Sc,12,3483,,,.6,,,,
146,2025-12-27 16:00,3.7,,2.2,250,62,4.9,-2.9,1017.1,1024.7,0,.23,,,9,9,Sc,12,3821,,,.5,,,,
146,2025-12-27 17:00,3.7,,1.3,230,63,5,-2.7,1017.2,1024.8,0,.06,,,9,9,Sc,10,3589,,,.4,,,,
146,2025-12-27 18:00,3.4,0,1.2,200,66,5.2,-2.3,1017.7,1025.3,0,0,,,9,9,Sc,8,2150,,01,.4,,,,
146,2025-12-27 19:00,2.9,,1,180,71,5.4,-1.8,1018,1025.6,,,,,9,9,Sc,8,2777,,01,.3,,,,
146,2025-12-27 20:00,2,,2.2,110,80,5.7,-1,1018.4,1026,,,,,9,9,Sc,8,1603,,01,.3,,,,
146,2025-12-27 21:00,1.9,.2,1.7,140,82,5.8,-.8,1018.7,1026.3,,,,,10,8,ScAs,7,1064,,01,.3,,,,
146,2025-12-27 22:00,1.8,,1.9,110,86,6,-.2,1018.5,1026.2,,,,,10,4,ScAs,7,1266,,01,.3,,,,
146,2025-12-27 23:00,1.8,,1.9,140,85,5.9,-.4,1018.3,1025.9,,,,,10,8,ScAs,7,1417,,01,.3,,,,
146,2025-12-28 00:00,1.8,.3,1.2,110,86,6,-.2,1018.1,1025.7,,,,,10,6,,,986,,01,.3,,,,
146,2025-12-28 01:00,1.5,,1.7,90,88,6,-.2,1017.9,1025.6,,,,,10,5,ScAs,7,639,,01,.3,,,,
146,2025-12-28 02:00,1.1,,2,90,91,6,-.2,1017.8,1025.5,,,,,10,5,ScAs,12,386,,01,.3,,,,
146,2025-12-28 03:00,1.2,.9,1,110,90,6,-.2,1017.9,1025.6,,,,,10,9,ScAs,6,633,,01,.3,,,,
146,2025-12-28 04:00,1.2,,1.5,110,90,6,-.2,1017.4,1025.1,,,,,10,6,ScAs,15,692,,01,.3,,,,
146,2025-12-28 05:00,1.4,,1.4,110,90,6.1,0,1017,1024.7,,,,,10,6,StNs,8,700,,01,.3,,,,
146,2025-12-28 06:00,1.5,.3,1.5,90,90,6.1,0,1017,1024.6,,,,,10,6,StNs,6,579,,01,.3,,,,
146,2025-12-28 07:00,1.5,,1.9,140,90,6.1,0,1016.9,1024.5,,,,,10,8,ScAs,6,672,,01,.4,,,,
146,2025-12-28 08:00,1.9,,1.3,110,87,6.1,0,1017,1024.6,0,0,,,10,8,ScAs,7,1379,,01,.4,,,,
146,2025-12-28 09:00,2.5,0,1.4,90,87,6.3,.5,1017.5,1025.1,0,.07,,,9,9,Sc,8,1252,,01,.6,,,,
146,2025-12-28 10:00,4,,.7,140,82,6.6,1.1,1017.6,1025.2,0,.31,,,7,7,Sc,14,1865,,01,1.1,,,,
146,2025-12-28 11:00,5.7,,1.8,140,70,6.4,.6,1017.1,1024.6,.6,1.12,,,6,6,Sc,15,3229,,,1.6,,,,
146,2025-12-28 12:00,6.7,0,1.6,160,66,6.4,.7,1016.1,1023.6,0,.8,,,7,7,Sc,10,3621,,,2.2,,,,
146,2025-12-28 13:00,9,,2.5,110,60,6.9,1.6,1014.4,1021.8,.4,1.32,,,1,1,Sc,11,4288,,,5.5,,,,
146,2025-12-28 14:00,8.9,,1.1,180,53,6.1,-.1,1013.6,1021,.5,1.24,,,8,8,Sc,17,4277,,,6.3,,,,
146,2025-12-28 15:00,9.5,,1.9,270,50,5.9,-.4,1013.3,1020.7,.1,.67,,,8,8,Sc,17,4301,,,7.8,,,,
146,2025-12-28 16:00,8.7,,2.7,250,53,6,-.3,1013.3,1020.7,.2,.56,,,9,9,Sc,16,4126,,,6.5,,,,
146,2025-12-28 17:00,8.2,,.8,270,55,6,-.3,1013,1020.4,.1,.24,,,7,7,Sc,15,4027,,,5.5,,,,
146,2025-12-28 18:00,7.3,,.9,200,59,6.1,-.1,1013,1020.5,0,.02,,,5,5,Sc,15,3969,,,4,,,,
146,2025-12-28 19:00,6.6,,1.6,140,64,6.2,.2,1013.1,1020.6,,,,,9,4,,13,3367,,,4.3,,,,
146,2025-12-28 20:00,6.1,,1.7,140,66,6.2,.2,1013.1,1020.6,,,,,9,2,,15,3152,,,4.1,,,,
146,2025-12-28 21:00,6,0,1.8,160,62,5.8,-.7,1013,1020.5,,,,,4,4,Sc,10,3803,,01,3,,,,
146,2025-12-28 22:00,5.8,,2,140,63,5.8,-.7,1013,1020.5,,,,,9,4,,13,3815,,,3.4,,,,
146,2025-12-28 23:00,6.1,,1.6,160,62,5.8,-.6,1012.8,1020.3,,,,,7,7,,10,4006,,,3.3,,,,
146,2025-12-29 00:00,6.6,,1.3,180,60,5.8,-.6,1012.5,1020,,,,,5,5,,,4188,,,3.4,,,,
146,2025-12-29 01:00,5.5,,1.2,140,65,5.9,-.5,1012,1019.5,,,,,0,0,,,4265,,,1.7,,,,
146,2025-12-29 02:00,5.2,,1.9,110,69,6.1,0,1012,1019.5,,,,,0,0,,,4219,,,1.1,,,,
146,2025-12-29 03:00,4.1,,2.4,140,72,5.9,-.5,1012,1019.5,,,,,0,0,,,4065,,,.5,,,,
146,2025-12-29 04:00,3.3,,2,110,76,5.9,-.5,1011.5,1019.1,,,,,0,0,,,3653,,,0,,,,
146,2025-12-29 05:00,3.3,,2,110,77,6,-.3,1011.1,1018.7,,,,,6,6,Sc,15,3591,,,.5,,,,
146,2025-12-29 06:00,3.4,,1.8,110,79,6.1,0,1011.3,1018.9,,,,,6,6,Sc,15,3025,,,.5,,,,
146,2025-12-29 07:00,3.1,,2.2,110,81,6.2,.1,1011.4,1019,,,,,7,7,Ac,25,2986,,,.6,,,,
146,2025-12-29 08:00,3.3,,2.4,140,83,6.4,.6,1011.5,1019.1,0,0,,,7,7,Sc,12,2328,,,.9,,,,
146,2025-12-29 09:00,4.1,,1.8,140,82,6.7,1.2,1011.9,1019.4,0,.14,,,6,6,Sc,14,2003,,,1.7,,,,
146,2025-12-29 10:00,6.4,,2,160,80,7.6,3.1,1012.2,1019.7,0,.22,,,9,9,Sc,8,1764,,,4,,,,
146,2025-12-29 11:00,9.2,,1.2,200,75,8.7,4.9,1011.9,1019.3,.2,.58,,,9,9,Sc,10,1358,,,6.9,,,,
146,2025-12-29 12:00,10.5,,3.9,230,71,9,5.4,1011,1018.3,0,.57,,,8,8,Sc,14,945,,40,8.5,,,,
146,2025-12-29 13:00,12,,4.7,250,67,9.3,6,1010.1,1017.4,.6,1.36,,,7,7,Ac,28,790,,40,11.9,,,,
146,2025-12-29 14:00,11.5,,4.5,250,66,8.9,5.3,1009.6,1016.9,.6,1.3,,,8,8,Ac,30,769,,40,10.4,,,,
146,2025-12-29 15:00,11.8,,3.8,250,63,8.7,4.9,1009.9,1017.2,.4,.68,,,7,7,Sc,15,685,,40,10.6,,,,
146,2025-12-29 16:00,11.6,,3.4,270,68,9.2,5.8,1010.4,1017.7,.8,.75,,,4,4,Sc,16,610,,40,10.1,,,,
146,2025-12-29 17:00,9.5,,3.2,270,79,9.3,6,1011,1018.4,0,.2,,,0,0,,,482,,40,7.7,,,,
146,2025-12-29 18:00,8.2,,4,270,81,8.8,5.1,1011.8,1019.2,0,.01,,,2,2,Sc,15,384,,4019,6.2,,,,
146,2025-12-29 19:00,7,,3,270,83,8.3,4.3,1012.8,1020.3,,,,,2,1,,76,304,,19,5.1,,,,
146,2025-12-29 20:00,6.3,,2.6,250,84,8,3.7,1013.6,1021.1,,,,,3,3,,7,284,,19,4.3,,,,
146,2025-12-29 21:00,5.9,,1.6,290,80,7.4,2.7,1014.2,1021.7,,,,,6,6,Sc,7,313,,19,4.1,,,,
146,2025-12-29 22:00,4.8,,1.8,270,83,7.1,2.1,1014.5,1022,,,,,0,0,,,290,,19,2.8,,,,
146,2025-12-29 23:00,4.2,,1.2,270,83,6.8,1.5,1014.8,1022.4,,,,,0,0,,,313,,19,1.9,,,,
146,2025-12-30 00:00,3.3,,1.6,230,85,6.6,1,1014.8,1022.4,,,,,0,0,,,318,,19,.9,,,,
146,2025-12-30 01:00,2.7,,1.5,250,84,6.2,.2,1014.8,1022.4,,,,,0,0,,,346,,19,.3,,,,
146,2025-12-30 02:00,1.7,,.8,340,86,6,-.3,1015.2,1022.8,,,,,0,0,,,371,,19,.5,,,,
146,2025-12-30 03:00,.2,,2.5,320,90,5.6,-1.2,1015.9,1023.6,,,,,0,0,,,191,,19,.5,,,,
146,2025-12-30 04:00,-1.3,,1.6,340,91,5.1,-2.5,1016.1,1023.8,,,,,0,0,,,248,,19,.3,,,,
146,2025-12-30 05:00,-1.8,,1.8,340,91,4.9,-3,1016.3,1024,,,,,0,0,,,214,,19,.2,,,,
146,2025-12-30 06:00,-1.8,,2.2,340,89,4.8,-3.3,1016.7,1024.4,,,,,0,0,,,625,,19,-.3,,,,
146,2025-12-30 07:00,-1.8,,2.5,320,84,4.5,-4.1,1017.4,1025.1,,,,,0,0,,,938,,19,-.7,,,,
146,2025-12-30 08:00,-2.5,,2.5,340,81,4.1,-5.3,1018.2,1026,0,0,,,0,0,,,1321,,19,-1,,,,
146,2025-12-30 09:00,-.7,,1.2,320,76,4.4,-4.4,1019,1026.7,.8,.35,,,0,0,,,1564,,,-.6,,,,
146,2025-12-30 10:00,1.2,,2.1,340,65,4.3,-4.6,1019.7,1027.4,1,.96,,,0,0,,,2128,,,-.1,,,,
146,2025-12-30 11:00,2.6,,3.3,340,48,3.5,-7.3,1019.4,1027,1,1.51,,,0,0,,,4251,,,.9,,,,
146,2025-12-30 12:00,4,,4,50,28,2.3,-12.9,1018.1,1025.7,1,1.89,,,0,0,,,4686,,,2.2,,,,
146,2025-12-30 13:00,4.9,,4.4,360,27,2.3,-12.5,1017.2,1024.8,1,2.02,,,0,0,,,4754,,,5.5,,,,
146,2025-12-30 14:00,5.4,,3.8,20,27,2.4,-12.1,1016.6,1024.1,1,1.92,,,0,0,,,4768,,,7.2,,,,
146,2025-12-30 15:00,6.2,,3.3,320,27,2.6,-11.4,1016.7,1024.2,1,1.58,,,0,0,,,4746,,,7.4,,,,
146,2025-12-30 16:00,5.5,,3.1,290,28,2.5,-11.6,1016.7,1024.2,1,1.08,,,0,0,,,4449,,,5.3,,,,
146,2025-12-30 17:00,4.1,,2.9,340,30,2.5,-11.9,1017.4,1025,1,.46,,,0,0,,,4947,,,2,,,,
146,2025-12-30 18:00,2.4,,2.9,320,36,2.6,-11.1,1018.1,1025.7,.3,.04,,,0,0,,,4882,,,.6,,,,
146,2025-12-30 19:00,.8,,2.3,340,44,2.9,-10,1018.4,1026.1,,,,,0,0,,,3929,,,.5,,,,
146,2025-12-30 20:00,.2,,1.8,340,43,2.7,-10.9,1018.5,1026.2,,,,,0,0,,,4473,,,.5,,,,
146,2025-12-30 21:00,-.1,,1.1,290,46,2.8,-10.3,1018.8,1026.5,,,,,0,0,,,4027,,,.3,,,,
146,2025-12-30 22:00,-.9,,1.8,340,50,2.9,-10,1019.4,1027.1,,,,,0,0,,,4115,,,-.7,,,,
146,2025-12-30 23:00,-1.4,,1.2,140,55,3,-9.2,1019.4,1027.2,,,,,0,0,,,3774,,,-1.3,,,,
146,2025-12-31 00:00,-1.9,,1.8,140,60,3.2,-8.6,1018.5,1026.3,,,,,0,0,,,3406,,,-1.8,,,,
146,2025-12-31 01:00,-2.1,,.1,0,61,3.2,-8.6,1018.7,1026.5,,,,,3,2,,14,3431,,,-1.9,,,,
146,2025-12-31 02:00,-2.4,,1.3,340,67,3.4,-7.7,1018.9,1026.7,,,,,7,3,,11,3303,,,-1.5,,,,
146,2025-12-31 03:00,-1.7,,.9,110,63,3.4,-7.8,1019.2,1027,,,,,9,9,Sc,14,3191,,,-.8,,,,
146,2025-12-31 04:00,-1.3,,0,0,56,3.1,-8.9,1019.1,1026.8,,,,,8,8,Sc,12,3568,,,-.6,,,,
146,2025-12-31 05:00,-1.1,,4.8,320,67,3.8,-6.4,1019.2,1026.9,,,,,9,9,Sc,10,2829,,,-1.4,,,,
146,2025-12-31 06:00,-1.6,,2.7,360,71,3.9,-6.1,1019.6,1027.4,,,,,8,8,Sc,10,2687,,,-1.4,,,,
146,2025-12-31 07:00,-2.4,,3.4,320,74,3.8,-6.4,1020.4,1028.2,,,,,2,2,Sc,10,2333,,,-2.9,,,,
146,2025-12-31 08:00,-3.1,,2.8,290,74,3.6,-7,1020.7,1028.5,0,0,,,5,0,Ci,,2993,,,-3.2,,,,
146,2025-12-31 09:00,-2.4,,4.4,50,55,2.8,-10.2,1021.7,1029.5,.7,.32,,,0,0,,,4543,,,-2.8,,,,
146,2025-12-31 10:00,-2.1,,5.2,320,46,2.4,-12.1,1022.6,1030.4,1,.95,,,4,0,Ci,,4644,,,-1.8,,,,
146,2025-12-31 11:00,-1.4,,4.3,320,35,1.9,-14.9,1022.7,1030.5,1,1.45,,,3,0,Ci,,4678,,,.4,,,,
146,2025-12-31 12:00,-.8,,4.2,290,30,1.7,-16.2,1021.7,1029.5,1,1.77,,,1,0,Ci,,4487,,,.3,,,,
146,2025-12-31 13:00,-.3,,4.7,320,26,1.6,-17.5,1020.1,1027.8,1,2.04,,,2,0,Ci,,4690,,,.3,,,,
146,2025-12-31 14:00,-.1,,5.1,320,24,1.5,-18.3,1019.5,1027.2,1,1.92,,,5,0,Ci,,4880,,,.5,,,,
146,2025-12-31 15:00,.3,,3.4,320,27,1.7,-16.5,1019.2,1026.9,1,1.5,,,6,0,Ci,,4474,,,.5,,,,
146,2025-12-31 16:00,-.6,,4.2,320,30,1.8,-16,1019.6,1027.3,1,.94,,,3,0,Ci,,4648,,,.1,,,,
146,2025-12-31 17:00,-1.3,,3.7,320,32,1.8,-15.9,1019.6,1027.3,1,.45,,,5,0,Ci,,4929,,,-.3,,,,
146,2025-12-31 18:00,-2.6,,3.7,320,40,2,-14.3,1020.2,1028,.3,.04,,,0,0,,,5000,,,-.8,,,,
146,2025-12-31 19:00,-3.5,,4.1,320,43,2,-14.3,1021,1028.8,,,,,3,0,,,4955,,,-1.3,,,,
146,2025-12-31 20:00,-4.6,,2.6,340,48,2.1,-13.9,1021.8,1029.7,,,,,0,0,,,4663,,,-1.5,,,,
146,2025-12-31 21:00,-4.6,,2.9,360,47,2,-14.2,1021.6,1029.5,,,,,0,0,,,4810,,,-1.7,,,,
146,2025-12-31 22:00,-5.4,,1.6,50,48,2,-14.7,1021.8,1029.7,,,,,0,0,,,4659,,,-1.7,,,,
146,2025-12-31 23:00,-6.1,,1.5,50,50,1.9,-14.8,1021.7,1029.6,,,,,0,0,,,4771,,,-1.9,,,,
