지점,일시,기온(°C),풍향(deg),풍속(m/s),강수량(mm),현지기압(hPa),해면기압(hPa),습도(%),일사(MJ/m^2),일조(hr)
763,2022-01-01 00:00,-8,0,.1,0,1028.5,1033.5,77.3,0,0
763,2022-01-01 01:00,-8.6,0,.2,0,1028.8,1033.8,79.7,0,0
763,2022-01-01 02:00,-9.4,0,.1,0,1029.1,1034.2,84.7,0,0
763,2022-01-01 03:00,-9.1,0,.2,0,1028.6,1033.7,84.6,0,0
763,2022-01-01 04:00,-10.3,0,0,0,1028.2,1033.3,89.7,0,0
763,2022-01-01 05:00,-10.4,0,.1,0,1027.7,1032.8,90,0,0
763,2022-01-01 06:00,-10.4,0,.4,0,1027.7,1032.8,89.9,0,0
763,2022-01-01 07:00,-10.5,0,.2,0,1028.3,1033.4,91.6,0,0
763,2022-01-01 08:00,-10.7,0,.1,0,1028,1033.1,91,0,0
763,2022-01-01 09:00,-7.9,0,.2,0,1028.4,1033.4,76.5,0,0
763,2022-01-01 10:00,-6.4,72.1,.6,0,1028.8,1033.8,67.1,0,0
763,2022-01-01 11:00,,,,0,,,,0,0
763,2022-01-02 11:00,-.7,,,0,,1028.3,66.7,0,0
763,2022-01-02 12:00,2.7,0,.3,0,1022.8,1027.6,59.5,0,0
763,2022-01-02 13:00,5,291.3,2.2,0,1022.1,1026.9,62.8,0,0
763,2022-01-02 14:00,6,328.8,1.4,0,1021.5,1026.2,58,0,0
763,2022-01-02 15:00,5.8,296.3,.9,0,1021.1,1025.8,54.1,0,0
763,2022-01-02 16:00,5.7,264.5,1.5,0,1021.1,1025.8,51.2,0,0
763,2022-01-02 17:00,4.8,315.7,1.1,0,1021.4,1026.2,46.9,0,0
763,2022-01-02 18:00,1.1,0,.1,0,1021.9,1026.7,63.8,0,0
763,2022-01-02 19:00,-1,0,.2,0,1022.5,1027.4,74.3,0,0
763,2022-01-02 20:00,-2.9,0,0,0,1023,1027.9,85.1,0,0
763,2022-01-02 21:00,-4,0,.3,0,1023.3,1028.2,87.4,0,0
763,2022-01-02 22:00,-5,0,0,0,1023.3,1028.3,86.4,0,0
763,2022-01-02 23:00,-5.2,0,0,0,1023.3,1028.2,87.1,0,0
763,2022-01-03 00:00,-6.7,0,0,0,1023.2,1028.2,89.5,0,0
763,2022-01-03 01:00,-5.9,0,.1,0,1022.9,1027.9,88.7,0,0
763,2022-01-03 02:00,-6.7,0,0,0,1023.1,1028.1,90.7,0,0
763,2022-01-03 03:00,-8.3,0,0,0,1023,1028,89.6,0,0
763,2022-01-03 04:00,-7.8,0,0,0,1022.6,1027.6,93.6,0,0
763,2022-01-03 05:00,-8.1,0,0,0,1022.7,1027.7,90.6,0,0
763,2022-01-03 06:00,-8.3,0,0,0,1023.2,1028.2,91.1,0,0
763,2022-01-03 07:00,-8.7,0,.2,0,1023,1028,93.3,0,0
763,2022-01-03 08:00,-9.1,0,0,0,1022.9,1027.9,93,0,0
763,2022-01-03 09:00,-6.7,0,0,0,1023.1,1028.1,91.6,0,8.8
763,2022-01-03 10:00,-4.1,0,.3,0,1023.9,1028.8,85.5,0,-8.8
763,2022-01-03 11:00,-1.4,27.7,.6,0,1023.4,1028.3,69.2,0,8.8
763,2022-01-03 12:00,1.1,32.4,.6,0,1023,1027.8,47,0,-8.8
763,2022-01-03 13:00,2.1,35.1,1,0,1021.8,1026.6,47.7,0,8.8
763,2022-01-03 14:00,2.5,310,1,0,1021.1,1025.9,49.1,0,-8.8
763,2022-01-03 15:00,2.8,43.8,1.2,0,1020.6,1025.4,49.5,0,8.8
763,2022-01-03 16:00,3,167.2,.7,0,1020.7,1025.5,49.1,0,-8.8
763,2022-01-03 17:00,2.2,0,.2,0,1020.6,1025.4,52.2,0,8.8
763,2022-01-03 18:00,-.9,0,0,0,1020.9,1025.8,67.4,0,-8.8
763,2022-01-03 19:00,-2.1,0,0,0,1021.2,1026.1,72.6,0,8.8
763,2022-01-03 20:00,-2.5,0,.3,0,1021,1025.9,79.6,0,-8.8
763,2022-01-03 21:00,-2.6,0,.4,0,1021.1,1026,83.3,0,8.8
763,2022-01-03 22:00,-1.4,112.7,.6,0,1021,1025.9,81.7,0,-8.8
763,2022-01-03 23:00,1.4,152.3,1,0,1020.6,1025.4,68.9,0,8.8
763,2022-01-04 00:00,1.8,0,.4,0,1020.6,1025.4,68.6,0,-8.8
763,2022-01-04 01:00,1.2,0,.2,0,1020.2,1025,71.2,0,0
763,2022-01-04 02:00,-1.4,68.3,.6,0,1021,1025.9,83.3,0,0
763,2022-01-04 03:00,-2.1,0,.4,0,1021.2,1026.1,87.5,0,0
763,2022-01-04 04:00,-.5,14.4,.5,0,1021,1025.9,85.5,0,0
763,2022-01-04 05:00,-1.1,113,.5,0,1022.1,1027,88.2,0,0
763,2022-01-04 06:00,-1.2,0,0,0,1022.5,1027.4,88.1,0,0
763,2022-01-04 07:00,-3.3,0,.1,0,1023.2,1028.1,92.9,0,0
763,2022-01-04 08:00,-3.5,301.5,.5,0,1023.6,1028.5,93,0,0
763,2022-01-04 09:00,-.3,356.7,1.5,0,1024.1,1029,71.1,0,0
763,2022-01-04 10:00,.9,10.3,1.9,0,1024.7,1029.5,58,0,0
763,2022-01-04 11:00,1.6,355.7,1.7,0,1024.3,1029.1,54.3,0,0
763,2022-01-04 12:00,2.1,52.6,1.6,0,1023.5,1028.3,51.5,0,0
763,2022-01-04 13:00,3.2,314,2.1,0,1022.8,1027.6,38.6,0,0
763,2022-01-04 14:00,3.7,281.7,1.6,0,1022.4,1027.2,34.3,0,0
763,2022-01-04 15:00,4.2,302.9,2,0,1022.1,1026.9,32.9,0,0
763,2022-01-04 16:00,4.4,35.1,1,0,1022.5,1027.3,33.2,0,0
763,2022-01-04 17:00,3.3,0,.3,0,1022.8,1027.6,43.9,0,0
763,2022-01-04 18:00,0,337.9,.9,0,1022.9,1027.8,47.3,0,0
763,2022-01-04 19:00,-1.8,0,.2,0,1023.4,1028.3,56.5,0,0
763,2022-01-04 20:00,-3,0,.2,0,1023.7,1028.6,62.6,0,0
763,2022-01-04 21:00,-4.2,0,0,0,1024.1,1029,64.1,0,0
763,2022-01-04 22:00,-5.4,0,0,0,1024.1,1029.1,67,0,0
763,2022-01-04 23:00,-5.5,0,0,0,1024.5,1029.5,69.4,0,0
763,2022-01-05 00:00,-6,0,0,0,1024.2,1029.2,71.7,0,0
763,2022-01-05 01:00,-5.8,0,.1,0,1024.2,1029.2,72.3,0,0
763,2022-01-05 02:00,-5.5,0,.1,0,1024.1,1029.1,75.2,0,0
763,2022-01-05 03:00,-5.3,0,.4,0,1023.7,1028.7,73.4,0,0
763,2022-01-05 04:00,-5.7,0,0,0,1023.4,1028.4,75.6,0,0
763,2022-01-05 05:00,-5.8,0,.1,0,1022.8,1027.8,75.6,0,0
763,2022-01-05 06:00,-5.4,0,.2,0,1023,1028,74.8,0,0
763,2022-01-05 07:00,-5,269.3,.6,0,1023.4,1028.4,73.1,0,0
763,2022-01-05 08:00,-4.9,0,.1,0,1023.2,1028.2,72.5,0,0
763,2022-01-05 09:00,-4.2,0,.4,0,1023.2,1028.1,69.9,0,0
763,2022-01-05 10:00,-3.2,87.3,.6,0,1023.5,1028.4,66.6,0,0
763,2022-01-05 11:00,-1.4,45.4,.7,0,1023.2,1028.1,59.6,0,0
763,2022-01-05 12:00,.4,40.7,.8,0,1022.4,1027.2,51.3,0,0
763,2022-01-05 13:00,1.3,13.5,1,0,1021.3,1026.1,45.9,0,0
763,2022-01-05 14:00,2.5,27.5,1.1,0,1020.2,1025,40.8,0,0
763,2022-01-05 15:00,2.8,352.5,1.4,0,1020.2,1025,40.6,0,0
763,2022-01-05 16:00,2.6,321.9,.9,0,1020.6,1025.4,42.2,0,0
763,2022-01-05 17:00,2.2,0,.4,0,1021.1,1025.9,43.8,0,0
763,2022-01-05 18:00,.9,0,0,0,1021.3,1026.1,54.4,0,0
763,2022-01-05 19:00,.7,0,0,0,1021.7,1026.5,58.1,0,0
763,2022-01-05 20:00,.5,0,0,0,1021.8,1026.6,56.4,0,0
763,2022-01-05 21:00,-.2,0,.1,0,1021.8,1026.6,59.7,0,0
763,2022-01-05 22:00,-.8,0,.1,0,1022.2,1027.1,63.2,0,0
763,2022-01-05 23:00,-.8,0,.1,0,1022,1026.9,67.7,0,0
763,2022-01-06 00:00,-1.5,0,0,0,1021.6,1026.5,65.2,0,0
763,2022-01-06 01:00,-3,0,0,0,1021.6,1026.5,75.1,0,0
763,2022-01-06 02:00,-4.5,0,0,0,1021.7,1026.6,79.6,0,0
763,2022-01-06 03:00,-4.9,0,0,0,1022.1,1027,80.2,0,0
763,2022-01-06 04:00,-6.1,0,.1,0,1022.2,1027.2,84.9,0,0
763,2022-01-06 05:00,-6.6,0,0,0,1022.4,1027.4,84.4,0,0
763,2022-01-06 06:00,-6.9,0,0,0,1023,1028,85.2,0,0
763,2022-01-06 07:00,-6.7,0,0,0,1023.9,1028.9,85.7,0,0
763,2022-01-06 08:00,-7.1,0,0,0,1024.3,1029.3,86.9,0,0
763,2022-01-06 09:00,-4.4,0,.1,0,1024.9,1029.8,79.2,0,0
763,2022-01-06 10:00,-.5,69.2,.6,0,1025.6,1030.5,59.1,0,0
763,2022-01-06 11:00,1,12.2,1.2,0,1025.5,1030.3,49.5,0,0
763,2022-01-06 12:00,2.7,25.4,1.6,0,1024.7,1029.5,36.3,0,0
763,2022-01-06 13:00,3,27.3,1.6,0,1023.7,1028.5,37.2,0,0
763,2022-01-06 14:00,4.4,91.6,.9,0,1023.2,1028,36,0,0
763,2022-01-06 15:00,4.9,14.9,2.2,0,1022.8,1027.6,31.9,0,0
763,2022-01-06 16:00,5,345.2,1,0,1023.2,1028,32.7,0,0
763,2022-01-06 17:00,3.6,352.4,.7,0,1023.2,1028,37.6,0,0
763,2022-01-06 18:00,-.6,0,.1,0,1023.7,1028.6,56.3,0,0
763,2022-01-06 19:00,-2.6,0,.3,0,1024.5,1029.4,64.1,0,0
763,2022-01-06 20:00,-3.2,0,0,0,1025.4,1030.3,68.3,0,0
763,2022-01-06 21:00,-5.2,0,0,0,1025.8,1030.8,78.6,0,0
763,2022-01-06 22:00,-4.6,0,.1,0,1025.8,1030.8,77.2,0,0
763,2022-01-06 23:00,-5.3,0,0,0,1025.7,1030.7,79.9,0,0
763,2022-01-07 00:00,-5.5,0,0,0,1025.7,1030.7,79.5,0,0
763,2022-01-07 01:00,-6.2,0,.1,0,1025.6,1030.6,82.4,0,0
763,2022-01-07 02:00,-7.4,0,0,0,1025.9,1030.9,85.5,0,0
763,2022-01-07 03:00,-7.4,0,0,0,1026.2,1031.2,87,0,0
763,2022-01-07 04:00,-8.5,0,0,0,1026.2,1031.2,87.9,0,0
763,2022-01-07 05:00,-9,0,0,0,1026.1,1031.1,89.4,0,0
763,2022-01-07 06:00,-9,0,0,0,1026.4,1031.4,88,0,0
763,2022-01-07 07:00,-9.1,0,0,0,1026.7,1031.7,89.8,0,8.8
763,2022-01-07 08:00,-9.3,0,0,0,1026.9,1032,89.4,0,-8.8
763,2022-01-07 09:00,-6.5,0,.3,0,1026.9,1031.9,86.9,0,8.8
763,2022-01-07 10:00,-3.7,51.1,.6,0,1027,1031.9,73.2,0,-8.8
763,2022-01-07 11:00,-1,31.1,.6,0,1026.6,1031.5,62.7,0,8.8
763,2022-01-07 12:00,1.3,40,1.4,0,1025.6,1030.4,49.1,0,-8.8
763,2022-01-07 13:00,2.6,356,1.5,0,1024.8,1029.6,32.5,0,8.8
763,2022-01-07 14:00,3.5,342.9,1.3,0,1024.3,1029.1,35.4,0,-8.8
763,2022-01-07 15:00,4.4,304.1,.9,0,1023.8,1028.6,29.6,0,8.8
763,2022-01-07 16:00,4.5,274.3,.9,0,1023.7,1028.5,26.4,0,-8.8
763,2022-01-07 17:00,3.6,272.8,.5,0,1023.5,1028.3,29.3,0,8.8
763,2022-01-07 18:00,1,245.4,.6,0,1023.6,1028.4,51.3,0,-8.8
763,2022-01-07 19:00,-.4,0,.4,0,1024,1028.9,59,0,8.8
763,2022-01-07 20:00,-3.7,0,.3,0,1024.3,1029.2,67.5,0,-8.8
763,2022-01-07 21:00,-4,0,0,0,1024.2,1029.1,71,0,8.8
763,2022-01-07 22:00,-5,0,.1,0,1024.2,1029.2,78.3,0,-8.8
763,2022-01-07 23:00,-5.4,0,0,0,1023.8,1028.8,82.4,0,8.8
763,2022-01-08 00:00,-6,0,0,0,1023.7,1028.7,82.3,0,-8.8
763,2022-01-08 01:00,-6.3,0,0,0,1023.3,1028.3,87.7,0,0
763,2022-01-08 02:00,-6.9,0,0,0,1023.4,1028.4,90,0,0
763,2022-01-08 03:00,-7.1,0,0,0,1023.2,1028.2,91.4,0,0
763,2022-01-08 04:00,-7.3,0,.1,0,1022.7,1027.7,92.6,0,0
763,2022-01-08 05:00,-8.1,0,0,0,1022.2,1027.2,91.7,0,0
763,2022-01-08 06:00,-8.3,0,0,0,1022.2,1027.2,91.4,0,0
763,2022-01-08 07:00,-8.4,0,.1,0,1022.4,1027.4,93.9,0,0
763,2022-01-08 08:00,-8.2,0,0,0,1022.3,1027.3,94.2,0,0
763,2022-01-08 09:00,-5.9,0,.2,0,1022.6,1027.6,91.6,0,0
763,2022-01-08 10:00,-2.7,0,.1,0,1022.3,1027.2,84.8,0,0
763,2022-01-08 11:00,1.3,0,.1,0,1021.8,1026.6,63.6,0,0
763,2022-01-08 12:00,3.8,212.4,.5,0,1020.8,1025.6,51.7,0,0
763,2022-01-08 13:00,5.1,38.4,1.6,0,1019.7,1024.4,47.5,0,0
763,2022-01-08 14:00,5.8,47.9,1.3,0,1019.1,1023.8,51.4,0,0
763,2022-01-08 15:00,5.7,14.4,.9,0,1018.8,1023.5,50.3,0,0
763,2022-01-08 16:00,5.6,259.6,2,0,1018.8,1023.5,53.4,0,0
763,2022-01-08 17:00,5.1,269.9,2.2,0,1019,1023.7,59.2,0,0
763,2022-01-08 18:00,4.2,252.2,.9,0,1019.2,1024,63.7,0,0
763,2022-01-08 19:00,4.2,245.8,.8,0,1019.5,1024.3,65.6,0,0
763,2022-01-08 20:00,3,0,.3,0,1019.4,1024.2,71,0,0
763,2022-01-08 21:00,3,0,.2,0,1019.1,1023.9,71.3,0,0
763,2022-01-08 22:00,3.5,0,.2,0,1019,1023.8,68,0,0
763,2022-01-08 23:00,2.8,0,.4,0,1018.8,1023.6,71.5,0,0
763,2022-01-09 00:00,3.4,117.6,.9,0,1018.3,1023.1,67.2,0,0
763,2022-01-09 01:00,3.3,137,.8,0,1017.8,1022.6,67.3,0,0
763,2022-01-09 02:00,2.7,124.7,1,0,1017.7,1022.5,70.9,0,0
763,2022-01-09 03:00,2.3,129.9,.7,0,1017.6,1022.4,73.9,0,0
763,2022-01-09 04:00,3.5,140.6,.5,0,1017.3,1022.1,73.2,0,0
763,2022-01-09 05:00,3.8,144.7,.5,0,1017.3,1022.1,71.1,0,0
763,2022-01-09 06:00,1.1,12.2,.8,0,1017.6,1022.4,80.5,0,0
763,2022-01-09 07:00,0,0,0,0,1017.9,1022.7,86.4,0,0
763,2022-01-09 08:00,0,0,.1,0,1018,1022.8,87.2,0,0
763,2022-01-09 09:00,1.2,0,.3,0,1018.2,1023,83.2,0,0
763,2022-01-09 10:00,3.2,0,.4,0,1018.6,1023.4,73.6,0,0
763,2022-01-09 11:00,4.3,0,.1,0,1018.5,1023.2,72.9,0,0
763,2022-01-09 12:00,5.7,300.7,.7,0,1017.9,1022.6,62.9,0,0
763,2022-01-09 13:00,5.9,277.7,2.4,0,1017.4,1022.1,60.5,0,0
763,2022-01-09 14:00,5.8,225.8,.7,0,1016.7,1021.4,60.7,0,0
763,2022-01-09 15:00,6,280.6,1.1,0,1016.5,1021.2,58.8,0,0
763,2022-01-09 16:00,5.6,258.3,1.8,0,1016.6,1021.3,60.4,0,0
763,2022-01-09 17:00,4.6,245.9,.7,0,1016.9,1021.6,63.4,0,0
763,2022-01-09 18:00,1.4,0,.2,0,1017.2,1022,73,0,0
763,2022-01-09 19:00,-.9,0,.2,0,1017.6,1022.4,85.8,0,0
763,2022-01-09 20:00,-1.7,0,.1,0,1018.2,1023.1,91.5,0,0
763,2022-01-09 21:00,-2.5,0,.1,0,1018.3,1023.2,92,0,0
763,2022-01-09 22:00,-3.1,0,0,0,1018.6,1023.5,95.1,0,0
763,2022-01-09 23:00,-3.6,0,0,0,1018.4,1023.3,96.4,0,0
763,2022-01-10 00:00,-4.4,0,0,0,1018.2,1023.1,94.7,0,0
763,2022-01-10 01:00,-4.9,0,0,0,1018.2,1023.1,95.5,0,0
763,2022-01-10 02:00,-4.9,0,0,0,1018.2,1023.1,97.3,0,0
763,2022-01-10 03:00,-5.6,0,0,0,1018.3,1023.2,94.4,0,0
763,2022-01-10 04:00,-6.1,0,0,0,1018.4,1023.3,94.3,0,0
763,2022-01-10 05:00,-5.7,0,.3,0,1018.2,1023.1,97.4,0,0
763,2022-01-10 06:00,-5.9,0,0,0,1017.6,1022.5,96.6,0,0
763,2022-01-10 07:00,-6.2,0,.1,0,1018.2,1023.1,96.7,0,0
763,2022-01-10 08:00,-5.9,0,.2,0,1018,1022.9,95.7,0,0
763,2022-01-10 09:00,-3.6,0,0,0,1018.2,1023.1,98.1,0,0
763,2022-01-10 10:00,-1.7,0,.4,0,1018.7,1023.6,93,0,0
763,2022-01-10 11:00,.5,29.3,.8,0,1018,1022.8,76.3,0,0
763,2022-01-10 12:00,3.4,64.6,1,0,1016.7,1021.5,64.4,0,0
763,2022-01-10 13:00,5.7,25,1.3,0,1015.4,1020.1,51.8,0,0
763,2022-01-10 14:00,6.2,313.2,2,0,1014.8,1019.5,43.3,0,0
763,2022-01-10 15:00,6.1,314.4,1.8,0,1014.9,1019.6,34.5,0,0
763,2022-01-10 16:00,5.9,7.4,.8,0,1014.5,1019.2,39.3,0,0
763,2022-01-10 17:00,5.1,268.8,.8,0,1014.1,1018.8,54.6,0,0
763,2022-01-10 18:00,4,250.5,.6,0,1014,1018.7,60.8,0,0
763,2022-01-10 19:00,3.6,253.3,1,0,1014.2,1018.9,64.4,0,0
763,2022-01-10 20:00,2.4,0,0,0,1013.8,1018.6,69.2,0,0
763,2022-01-10 21:00,1.6,0,0,0,1013.6,1018.4,73.4,0,0
763,2022-01-10 22:00,1.7,276.1,.5,0,1013.9,1018.7,75.3,0,0
763,2022-01-10 23:00,2.3,325.3,1.1,0,1013.9,1018.7,65.2,0,0
763,2022-01-11 00:00,.5,0,.3,0,1013.2,1018,90.2,0,0
763,2022-01-11 01:00,.2,0,.1,0,1012.4,1017.2,94.6,0,0
763,2022-01-11 02:00,-.1,289.7,.5,0,1012.3,1017.1,98.9,0,0
763,2022-01-11 03:00,.2,324.3,2.2,0,1012.7,1017.5,90.1,0,0
763,2022-01-11 04:00,0,328.5,1.3,0,1012.3,1017.1,76,0,0
763,2022-01-11 05:00,-.6,312,2.4,0,1012.4,1017.2,68.5,0,0
763,2022-01-11 06:00,-2.2,303.1,2.7,0,1013.3,1018.1,63.3,0,0
763,2022-01-11 07:00,-3,308.7,3.1,0,1014.5,1019.4,56.5,0,0
763,2022-01-11 08:00,-4.1,303.6,2.7,0,1014.9,1019.8,54.5,0,0
763,2022-01-11 09:00,-3.8,299.5,2.4,0,1015.8,1020.7,55.6,0,0
763,2022-01-11 10:00,-3.3,331.9,2,0,1016.4,1021.3,54.9,0,0
763,2022-01-11 11:00,-2.2,321.5,3.2,0,1016.8,1021.7,44.5,0,0
763,2022-01-11 12:00,-1.7,298.6,3.3,0,1016.3,1021.2,40.9,0,0
763,2022-01-11 13:00,-1.3,304.7,3.8,0,1015.8,1020.6,40.7,0,0
763,2022-01-11 14:00,-.8,302.9,3.8,0,1015.5,1020.3,39.4,0,0
763,2022-01-11 15:00,-.9,309.2,3.7,0,1015.5,1020.3,40,0,0
763,2022-01-11 16:00,-1.6,290.3,3.7,0,1015.9,1020.7,41.7,0,0
763,2022-01-11 17:00,-2.8,332.1,2.4,0,1017.1,1022,45.5,0,0
763,2022-01-11 18:00,-4.1,297.1,2,0,1017.8,1022.7,55.5,0,0
763,2022-01-11 19:00,-5,317.9,.8,0,1018.8,1023.7,59.4,0,0
763,2022-01-11 20:00,-7.1,354.1,.7,0,1019.2,1024.2,71.9,0,0
763,2022-01-11 21:00,-5.6,344.9,.7,0,1019.4,1024.3,62.8,0,0
763,2022-01-11 22:00,-6.5,302.9,1,0,1019.5,1024.5,69.8,0,0
763,2022-01-11 23:00,-6.3,338.6,1.2,0,1019.8,1024.8,69.5,0,0
763,2022-01-12 00:00,-6.1,340.4,1.2,0,1019.8,1024.8,67.5,0,0
763,2022-01-12 01:00,-6.1,334.9,1.7,0,1019.8,1024.8,65.9,0,0
763,2022-01-12 02:00,-6.8,299.9,.9,0,1020,1025,73,0,0
763,2022-01-12 03:00,-7.7,0,.2,0,1020,1025,78,0,0
763,2022-01-12 04:00,-9.6,0,0,0,1019.9,1024.9,85.6,0,0
763,2022-01-12 05:00,-9.7,0,0,0,1019.6,1024.6,87.7,0,0
763,2022-01-12 06:00,-7.8,51.7,.6,0,1019.5,1024.5,80.4,0,0
763,2022-01-12 07:00,-9,0,0,0,1019.6,1024.6,84.9,0,0
763,2022-01-12 08:00,-9.5,0,.1,0,1019.8,1024.8,88.2,0,0
763,2022-01-12 09:00,-7.2,0,0,0,1019.8,1024.8,78.9,0,0
763,2022-01-12 10:00,-5.4,27.1,.6,0,1020.2,1025.1,66.3,0,0
763,2022-01-12 11:00,-3.5,39.5,1.4,0,1019.6,1024.5,62.3,0,0
763,2022-01-12 12:00,-2.9,77.4,1.4,0,1018.7,1023.6,58.9,0,0
763,2022-01-12 13:00,-2.2,32.6,.8,0,1017.5,1022.4,56.6,0,0
763,2022-01-12 14:00,-.3,347.8,.9,0,1016.8,1021.6,52.5,0,0
763,2022-01-12 15:00,.3,285.2,.9,0,1016.7,1021.5,48.2,0,0
763,2022-01-12 16:00,.3,275.5,2.7,0,1016.8,1021.6,43.3,0,0
763,2022-01-12 17:00,-.5,277.3,2.9,0,1017.2,1022,43.6,0,0
763,2022-01-12 18:00,-2,285.1,2,0,1017.3,1022.2,48.8,0,0
763,2022-01-12 19:00,-3.2,296,1.5,0,1018.5,1023.4,56.4,0,0
763,2022-01-12 20:00,-4.8,283.6,.6,0,1018.6,1023.5,65.3,0,0
763,2022-01-12 21:00,-5.6,0,.2,0,1018.5,1023.4,72.7,0,0
763,2022-01-12 22:00,-6.1,0,.2,0,1018,1022.9,73.6,0,0
763,2022-01-12 23:00,-6.8,0,0,0,1017.6,1022.6,72.4,0,0
763,2022-01-13 00:00,-5.9,0,0,0,1017.3,1022.2,70.4,0,0
763,2022-01-13 01:00,-5.7,0,0,0,1015.9,1020.8,66.4,0,0
763,2022-01-13 02:00,-5.9,0,0,0,1015.9,1020.8,74.2,0,0
763,2022-01-13 03:00,-7.9,0,0,0,1015.6,1020.6,79.9,0,0
763,2022-01-13 04:00,-8.1,0,0,0,1015,1020,83.2,0,0
763,2022-01-13 05:00,-8.9,0,.2,0,1014.5,1019.5,85,0,0
763,2022-01-13 06:00,-8.4,0,.1,0,1014.1,1019.1,85,0,0
763,2022-01-13 07:00,-7,334.3,1.3,0,1015.7,1020.6,85.4,0,0
763,2022-01-13 08:00,-5.9,342.4,.5,0,1016.6,1021.5,87.2,0,0
763,2022-01-13 09:00,-5.1,17.9,.8,0,1017.4,1022.3,86.9,0,0
763,2022-01-13 10:00,-4.4,335.6,.9,0,1018.1,1023,78.7,0,0
763,2022-01-13 11:00,-2.7,319.8,2.3,0,1018.2,1023.1,59.3,0,0
763,2022-01-13 12:00,-1.4,324,3.6,0,1017.9,1022.8,50.3,0,0
763,2022-01-13 13:00,-1.1,343.5,2,0,1017.3,1022.1,48.7,0,0
763,2022-01-13 14:00,.2,314.1,4,0,1016.9,1021.7,37.6,0,0
763,2022-01-13 15:00,-.2,312.2,5,0,1017.3,1022.1,38.8,0,0
763,2022-01-13 16:00,-1.2,297.8,4.1,0,1017.8,1022.7,43.4,0,0
763,2022-01-13 17:00,-2.1,303.8,4,0,1018.4,1023.3,44.6,0,0
763,2022-01-13 18:00,-3,300,1.8,0,1018.8,1023.7,52.7,0,0
763,2022-01-13 19:00,-5.8,321.2,.6,0,1019.2,1024.1,66,0,0
763,2022-01-13 20:00,-4.2,316.6,1.7,0,1019.5,1024.4,58.5,0,0
763,2022-01-13 21:00,-4.4,318.4,1,0,1019.8,1024.7,59.7,0,0
763,2022-01-13 22:00,-6.6,295.1,.9,0,1020.3,1025.3,73.2,0,0
763,2022-01-13 23:00,-6.4,322.1,1.2,0,1020.7,1025.7,71.2,0,0
763,2022-01-14 00:00,-5.9,332.2,.9,0,1020.8,1025.8,65.9,0,0
763,2022-01-14 01:00,-8.8,0,.1,0,1021.2,1026.2,80.4,0,0
763,2022-01-14 02:00,-9.7,0,.1,0,1021.5,1026.5,85.2,0,13.4
763,2022-01-14 03:00,-9.5,0,.2,0,1021.9,1026.9,82.9,0,-13.4
763,2022-01-14 04:00,-9.5,0,.3,0,1021.7,1026.7,81.9,0,13.4
763,2022-01-14 05:00,-9.9,0,.1,0,1021.5,1026.5,84,0,-13.4
763,2022-01-14 06:00,-10.6,0,.2,0,1021.8,1026.8,86,0,13.4
763,2022-01-14 07:00,-10.4,0,.2,0,1022.5,1027.5,85.2,0,-13.4
763,2022-01-14 08:00,-11.2,0,.1,0,1022.5,1027.6,87.5,0,13.4
763,2022-01-14 09:00,-8.3,0,.1,0,1023.1,1028.1,78.7,0,-13.4
763,2022-01-14 10:00,-5.2,0,.1,0,1023.4,1028.3,65,0,13.4
763,2022-01-14 11:00,-2.5,30.4,1.5,0,1023.4,1028.3,54,0,-13.4
763,2022-01-14 12:00,-1.4,58.5,1.8,0,1022.9,1027.8,49.2,0,13.4
763,2022-01-14 13:00,-.7,15.2,1.9,0,1022,1026.9,44,0,-13.4
763,2022-01-14 14:00,-.3,39.9,1.3,0,1021.3,1026.1,39.5,0,13.4
763,2022-01-14 15:00,1.2,63.6,1.3,0,1020.2,1025,35.8,0,-13.4
763,2022-01-14 16:00,1.1,15.5,.7,0,1020,1024.8,32.1,0,13.4
763,2022-01-14 17:00,1,0,.4,0,1019.4,1024.2,31.7,0,-13.4
763,2022-01-14 18:00,-2.8,0,0,0,1019.8,1024.7,47.9,0,13.4
763,2022-01-14 19:00,-3.6,0,.3,0,1019.8,1024.7,51.4,0,-13.4
763,2022-01-14 20:00,-5.8,0,0,0,1020,1024.9,66.3,0,13.4
763,2022-01-14 21:00,-5,0,.2,0,1020.5,1025.4,60.2,0,-13.4
763,2022-01-14 22:00,-4.1,0,.1,0,1020.7,1025.6,53.4,0,13.4
763,2022-01-14 23:00,-4,0,.1,0,1020.6,1025.5,56,0,-13.4
763,2022-01-15 00:00,-4.4,18.1,.6,0,1020.7,1025.6,61.1,0,13.4
763,2022-01-15 01:00,-5.2,356.1,.5,0,1020,1024.9,68.3,0,0
763,2022-01-15 02:00,-5.4,0,0,0,1019.7,1024.6,73.8,0,0
763,2022-01-15 03:00,-5.2,0,.4,0,1019.9,1024.8,73.9,0,0
763,2022-01-15 04:00,-5.6,0,.2,0,1019.8,1024.7,79.7,0,0
763,2022-01-15 05:00,-6.1,0,.1,0,1019.4,1024.3,79.8,0,0
763,2022-01-15 06:00,-6.1,0,0,0,1019.7,1024.7,80.2,0,0
763,2022-01-15 07:00,-6.9,0,0,0,1019.6,1024.6,77.8,0,0
763,2022-01-15 08:00,-6,0,0,0,1019.8,1024.7,71.1,0,0
763,2022-01-15 09:00,-4.2,0,.3,0,1020.1,1025,67.4,0,0
763,2022-01-15 10:00,-2,0,.3,0,1019.8,1024.7,53.1,0,0
763,2022-01-15 11:00,.5,0,.3,0,1019.3,1024.1,47.7,0,0
763,2022-01-15 12:00,3.5,288.8,2.5,0,1018.3,1023.1,35.7,0,0
763,2022-01-15 13:00,4.3,287.1,1.6,0,1017.7,1022.4,35.5,0,0
763,2022-01-15 14:00,5,305.5,1.3,0,1017.5,1022.2,33.5,0,0
763,2022-01-15 15:00,5.6,0,.2,0,1017.2,1021.9,31.6,0,0
763,2022-01-15 16:00,5.4,0,.4,0,1017.2,1021.9,33.2,0,0
763,2022-01-15 17:00,5.3,0,.3,0,1017.2,1021.9,42,0,0
763,2022-01-15 18:00,4.4,0,.2,0,1017.3,1022,43.7,0,0
763,2022-01-15 19:00,4.3,0,.4,0,1017.5,1022.2,47.2,0,0
763,2022-01-15 20:00,2.4,355.9,.5,0,1017.7,1022.5,55.6,0,0
763,2022-01-15 21:00,1.9,0,.3,0,1018,1022.8,59,0,0
763,2022-01-15 22:00,2.6,0,.2,0,1017.8,1022.6,57.2,0,0
763,2022-01-15 23:00,4.8,195.4,.8,0,1017.7,1022.4,62.5,0,0
763,2022-01-16 00:00,5.3,193,.8,0,1017.9,1022.6,64.6,0,0
763,2022-01-16 01:00,5.3,222.9,.9,0,1017.9,1022.6,70.7,0,0
763,2022-01-16 02:00,4.9,239.6,1,0,1017.7,1022.4,76.9,0,0
763,2022-01-16 03:00,4.6,246.6,1.6,0,1018.1,1022.8,82.2,0,0
763,2022-01-16 04:00,3.3,305.1,.5,0,1017.9,1022.7,94.2,0,0
763,2022-01-16 05:00,1.8,0,.1,0,1017.7,1022.5,95.8,0,0
763,2022-01-16 06:00,-.3,0,.2,0,1017.9,1022.7,99.8,0,0
763,2022-01-16 07:00,.8,287.4,.9,0,1018.8,1023.6,99.7,0,0
763,2022-01-16 08:00,.7,0,.4,0,1019.8,1024.6,88.6,0,0
763,2022-01-16 09:00,1.3,304.8,1.3,0,1020.5,1025.3,72,0,0
763,2022-01-16 10:00,1.8,320.9,2.8,0,1020.9,1025.7,47.7,0,0
763,2022-01-16 11:00,2.6,284.3,3.6,0,1021.8,1026.6,52.6,0,0
763,2022-01-16 12:00,2.3,275.6,3.5,0,1021.6,1026.4,49.4,0,0
763,2022-01-16 13:00,2.3,280.3,3.9,0,1021.2,1026,50.1,0,0
763,2022-01-16 14:00,2.1,277.8,4.6,0,1021.4,1026.2,45.8,0,0
763,2022-01-16 15:00,2,283.4,4.2,0,1021.3,1026.1,47.2,0,0
763,2022-01-16 16:00,1.4,287,3.6,0,1021.8,1026.6,49,0,0
763,2022-01-16 17:00,.2,290.8,3.6,0,1021.9,1026.7,51.5,0,0
763,2022-01-16 18:00,-1.4,307.4,1.7,0,1022.1,1027,58.1,0,0
763,2022-01-16 19:00,-2.2,300.4,1.3,0,1022.8,1027.7,60.4,0,0
763,2022-01-16 20:00,-3.5,0,.2,0,1023.1,1028,66.1,0,0
763,2022-01-16 21:00,-4.7,0,.1,0,1023.2,1028.1,72.3,0,0
763,2022-01-16 22:00,-6.1,0,.1,0,1023.5,1028.5,78.3,0,0
763,2022-01-16 23:00,-6.5,0,.1,0,1023.3,1028.3,80.6,0,0
763,2022-01-17 00:00,-7.2,0,.2,0,1023.8,1028.8,85.7,0,0
763,2022-01-17 01:00,-7.4,0,.2,0,1023.5,1028.5,85.3,0,0
763,2022-01-17 02:00,-7.3,0,.1,0,1023.8,1028.8,84.2,0,0
763,2022-01-17 03:00,-7.6,0,.1,0,1023.9,1028.9,86.8,0,0
763,2022-01-17 04:00,-8.4,0,0,0,1024,1029,88.7,0,0
763,2022-01-17 05:00,-7.9,0,0,0,1023.6,1028.6,89.1,0,0
763,2022-01-17 06:00,-7.8,0,.1,0,1023.5,1028.5,88.2,0,0
763,2022-01-17 07:00,-7.4,0,.2,0,1023.7,1028.7,84.8,0,0
763,2022-01-17 08:00,-7.2,0,0,0,1023.9,1028.9,86.1,0,0
763,2022-01-17 09:00,-5.6,0,.4,0,1024.2,1029.2,82.2,0,0
763,2022-01-17 10:00,-4.2,0,.4,0,1024.8,1029.7,79,0,0
763,2022-01-17 11:00,-1.3,288.7,.6,0,1024.3,1029.2,61.8,0,0
763,2022-01-17 12:00,.2,269,1.9,0,1023.2,1028.1,61,0,0
763,2022-01-17 13:00,.8,301.2,1.8,0,1022.3,1027.1,58.9,0,0
763,2022-01-17 14:00,.8,235.8,2,0,1021.9,1026.7,67.8,0,0
763,2022-01-17 15:00,1.6,244.2,1.4,0,1021.3,1026.1,66.2,0,0
763,2022-01-17 16:00,1.6,206.7,1.3,0,1021.2,1026,73.1,0,0
763,2022-01-17 17:00,.8,239.7,1.1,0,1020.9,1025.7,89.4,0,0
763,2022-01-17 18:00,.2,267,1.7,0,1020.9,1025.7,94.5,0,0
763,2022-01-17 19:00,-.8,0,.3,0,1022,1026.9,94.4,0,0
763,2022-01-17 20:00,-.5,334.1,2,0,1022.8,1027.7,71.7,0,0
763,2022-01-17 21:00,-1.4,337.7,1.9,0,1023.6,1028.5,65.4,0,0
763,2022-01-17 22:00,-2.5,320.6,2.2,0,1024,1028.9,60.5,0,0
763,2022-01-17 23:00,-3.6,320.1,1.4,0,1024.1,1029,57.4,0,0
763,2022-01-18 00:00,-5.8,323,.9,0,1024.3,1029.3,73.2,0,0
763,2022-01-18 01:00,-6.7,0,0,0,1024.5,1029.5,74.6,0,0
763,2022-01-18 02:00,-7.6,0,.4,0,1024.5,1029.5,78.7,0,0
763,2022-01-18 03:00,-7.7,0,.1,0,1024.7,1029.7,72.6,0,0
763,2022-01-18 04:00,-8.8,0,0,0,1024.7,1029.7,80.6,0,0
763,2022-01-18 05:00,-10.1,0,0,0,1024.4,1029.4,83.4,0,0
763,2022-01-18 06:00,-10.3,0,0,0,1024.5,1029.6,85,0,0
763,2022-01-18 07:00,-10.2,0,.1,0,1024.8,1029.9,82.8,0,0
763,2022-01-18 08:00,-10.8,0,.1,0,1025,1030.1,83,0,0
763,2022-01-18 09:00,-7.6,0,0,0,1025.7,1030.7,76,0,0
763,2022-01-18 10:00,-4.8,110.7,.7,0,1026.2,1031.2,50.4,0,0
763,2022-01-18 11:00,-3.2,28.6,1.6,0,1026.1,1031,51.9,0,0
763,2022-01-18 12:00,-2.4,17,1.7,0,1025.5,1030.4,44.8,0,0
763,2022-01-18 13:00,-1.2,.2,2.5,0,1024.5,1029.4,39.3,0,0
763,2022-01-18 14:00,-.6,24.2,1.5,0,1023.3,1028.2,37.3,0,0
763,2022-01-18 15:00,.1,0,.4,0,1022.5,1027.4,34.2,0,0
763,2022-01-18 16:00,1.2,357.8,1.1,0,1022.1,1026.9,29.4,0,0
763,2022-01-18 17:00,.8,336.7,.7,0,1021.9,1026.7,30,0,0
763,2022-01-18 18:00,-2.8,0,0,0,1022.1,1027,48.2,0,0
763,2022-01-18 19:00,-3.8,0,.2,0,1022.6,1027.5,53.7,0,0
763,2022-01-18 20:00,-5.2,0,.1,0,1023.1,1028,64.3,0,0
763,2022-01-18 21:00,-7.2,0,0,0,1023.2,1028.2,74.7,0,0
763,2022-01-18 22:00,-6.7,0,0,0,1023.2,1028.2,73.5,0,0
763,2022-01-18 23:00,-8.2,0,0,0,1023.2,1028.2,75.2,0,0
763,2022-01-19 00:00,-8.5,0,0,0,1023.3,1028.3,72.4,0,0
763,2022-01-19 01:00,-8.2,0,0,0,1023.3,1028.3,72.6,0,13.4
763,2022-01-19 02:00,-9.1,0,0,0,1022.9,1027.9,72.3,0,-4.6
763,2022-01-19 03:00,-9.4,0,0,0,1022.9,1027.9,75.1,0,4.6
763,2022-01-19 04:00,-10,0,0,0,1022.6,1027.6,77.6,0,-4.6
763,2022-01-19 05:00,-10,0,0,0,1022.6,1027.6,79.3,0,4.6
763,2022-01-19 06:00,-10.4,0,0,0,1022.3,1027.3,78.7,0,8.8
763,2022-01-19 07:00,-9.9,0,.2,0,1022,1027,76,0,-8.8
763,2022-01-19 08:00,-10.1,0,.1,0,1021.4,1026.4,79.2,0,17.6
763,2022-01-19 09:00,-8.3,22.2,.9,0,1021.9,1026.9,75.9,0,-17.6
763,2022-01-19 10:00,-5.5,0,.4,0,1021.6,1026.5,67.5,0,17.6
763,2022-01-19 11:00,-1.8,0,.1,0,1020.9,1025.8,56,0,-17.6
763,2022-01-19 12:00,2.4,237,.8,0,1019.6,1024.4,39.3,0,17.6
763,2022-01-19 13:00,3.8,191.2,1.4,0,1018.4,1023.2,37.6,0,-17.6
763,2022-01-19 14:00,5.1,210.5,2.1,0,1017.6,1022.3,43,0,17.6
763,2022-01-19 15:00,3,285.8,4.3,0,1017.8,1022.6,61.7,0,-17.6
763,2022-01-19 16:00,0,309.6,1.7,0,1018.3,1023.1,97.5,0,17.6
763,2022-01-19 17:00,.1,0,.1,0,1017.8,1022.6,98.9,0,-17.6
763,2022-01-19 18:00,.5,261.8,1.6,0,1018.1,1022.9,89.9,0,17.6
763,2022-01-19 19:00,-.9,305.6,1.3,0,1018.8,1023.6,86.3,0,-17.6
763,2022-01-19 20:00,-1.5,337.5,1.6,0,1019.4,1024.3,74.3,0,17.6
763,2022-01-19 21:00,-1.9,301.9,1.2,0,1019.5,1024.4,75,0,-17.6
763,2022-01-19 22:00,-2.3,318.9,1,0,1019.7,1024.6,74.1,0,17.6
763,2022-01-19 23:00,-2.8,322.8,2.6,0,1020.3,1025.2,71.9,0,-17.6
763,2022-01-20 00:00,-4.6,354.3,1.6,0,1020.8,1025.7,74.9,0,17.6
763,2022-01-20 01:00,-5.5,324.2,1,0,1021.2,1026.1,71.4,0,0
763,2022-01-20 02:00,-7.3,3.6,.6,0,1021.7,1026.7,79.3,0,0
763,2022-01-20 03:00,-8.6,0,0,0,1022.1,1027.1,87.9,0,0
763,2022-01-20 04:00,-9.6,0,.1,0,1022,1027,92,0,0
763,2022-01-20 05:00,-10.5,0,.1,0,1022,1027,90.8,0,0
763,2022-01-20 06:00,-10.5,0,0,0,1022.4,1027.4,91.8,0,0
763,2022-01-20 07:00,-10.6,0,0,0,1023,1028.1,92.7,0,0
763,2022-01-20 08:00,-10.9,0,0,0,1023.8,1028.9,91.3,0,0
763,2022-01-20 09:00,-8.6,0,.3,0,1024.7,1029.7,90,0,0
763,2022-01-20 10:00,-6.5,21.8,1.5,0,1025.1,1030.1,78.5,0,0
763,2022-01-20 11:00,-4.2,29.5,1.3,0,1025,1029.9,68.2,0,0
763,2022-01-20 12:00,-1.9,18.2,1.3,0,1024.4,1029.3,62.6,0,0
763,2022-01-20 13:00,-.9,355.2,1.8,0,1023.7,1028.6,58,0,0
763,2022-01-20 14:00,.7,348.1,1.6,0,1023.2,1028,52,0,0
763,2022-01-20 15:00,2.1,345.2,1.9,0,1022.9,1027.7,44.4,0,0
763,2022-01-20 16:00,2.4,355.8,2,0,1023,1027.8,38.3,0,0
763,2022-01-20 17:00,1.6,346.4,1.4,0,1023.1,1027.9,38.1,0,0
763,2022-01-20 18:00,-2,0,.2,0,1023.5,1028.4,52.4,0,0
763,2022-01-20 19:00,-3.9,0,0,0,1024.1,1029,63.7,0,0
763,2022-01-20 20:00,-5,0,0,0,1024.7,1029.7,69.4,0,0
763,2022-01-20 21:00,-5.9,0,0,0,1025,1030,75.3,0,0
763,2022-01-20 22:00,-6.2,0,.1,0,1025.1,1030.1,80.2,0,0
763,2022-01-20 23:00,-7.1,0,0,0,1025.4,1030.4,83.7,0,0
763,2022-01-21 00:00,-8,0,0,0,1025.5,1030.5,84.4,0,0
763,2022-01-21 01:00,-7.8,0,0,0,1025.4,1030.4,86.4,0,0
763,2022-01-21 02:00,-8.5,0,0,0,1025.4,1030.4,86.3,0,0
763,2022-01-21 03:00,-9.1,0,0,0,1025.6,1030.6,88,0,0
763,2022-01-21 04:00,-9.5,0,0,0,1025.4,1030.4,89.5,0,0
763,2022-01-21 05:00,-9.5,0,.1,0,1025.5,1030.5,88.6,0,0
763,2022-01-21 06:00,-9.7,0,0,0,1025.5,1030.6,91.9,0,8.8
763,2022-01-21 07:00,-10.2,0,.2,0,1026,1031.1,89.9,0,-8.8
763,2022-01-21 08:00,-10.3,0,0,0,1026.6,1031.7,90.6,0,8.8
763,2022-01-21 09:00,-7.4,0,.4,0,1027,1032,87.7,0,-8.8
763,2022-01-21 10:00,-5.5,67.5,1,0,1027,1032,74.1,0,8.8
763,2022-01-21 11:00,-2.4,0,.3,0,1027.1,1032,63.4,0,-8.8
763,2022-01-21 12:00,1.6,317.5,.7,0,1026.3,1031.1,51.9,0,8.8
763,2022-01-21 13:00,3,55,.6,0,1025.1,1029.9,42,0,-8.8
763,2022-01-21 14:00,4.6,287.7,2.1,0,1024.4,1029.2,40,0,8.8
763,2022-01-21 15:00,5.3,284.6,1.7,0,1023.9,1028.7,36.2,0,-8.8
763,2022-01-21 16:00,5.1,318.1,1.1,0,1023.8,1028.6,34.9,0,8.8
763,2022-01-21 17:00,4.2,346.9,.6,0,1023.6,1028.4,37,0,-8.8
763,2022-01-21 18:00,-.3,0,0,0,1023.7,1028.6,56.5,0,8.8
763,2022-01-21 19:00,-1.9,0,.2,0,1024.1,1029,60.2,0,-8.8
763,2022-01-21 20:00,-3.2,0,.1,0,1024.1,1029,64.6,0,8.8
763,2022-01-21 21:00,-3.3,0,0,0,1024,1028.9,69.5,0,-8.8
763,2022-01-21 22:00,-3.6,0,.1,0,1023.9,1028.8,73,0,8.8
763,2022-01-21 23:00,-2.3,0,0,0,1023.2,1028.1,68.6,0,-8.8
763,2022-01-22 00:00,-2.5,294.9,.6,0,1023.1,1028,71.8,0,8.8
763,2022-01-22 01:00,-2.5,0,.2,0,1023.2,1028.1,70.8,0,0
763,2022-01-22 02:00,-2.7,0,.4,0,1022.9,1027.8,74.6,0,0
763,2022-01-22 03:00,-2,286.5,.5,0,1022.9,1027.8,68.6,0,0
763,2022-01-22 04:00,-2.1,0,.3,0,1022.5,1027.4,70.2,0,0
763,2022-01-22 05:00,-2,0,.3,0,1022.4,1027.3,72.8,0,0
763,2022-01-22 06:00,-1.9,0,.1,0,1022.3,1027.2,74.7,0,0
763,2022-01-22 07:00,-1.6,16.2,.7,0,1022.5,1027.4,71.4,0,0
763,2022-01-22 08:00,-1.4,0,0,0,1022.6,1027.5,65.2,0,0
763,2022-01-22 09:00,-.5,0,.1,0,1022.9,1027.8,63.8,0,0
763,2022-01-22 10:00,1.5,40.9,.9,0,1022.9,1027.7,58.4,0,0
763,2022-01-22 11:00,4,77.4,.6,0,1022.4,1027.2,53.3,0,0
763,2022-01-22 12:00,5.7,335,.6,0,1021.7,1026.4,46,0,0
763,2022-01-22 13:00,7.1,0,.2,0,1020.3,1025,43.2,0,0
763,2022-01-22 14:00,7.4,284.5,1,0,1019.6,1024.3,47,0,0
763,2022-01-22 15:00,7.6,306.1,1,0,1019.4,1024.1,49.4,0,0
763,2022-01-22 16:00,7.7,354.3,.5,0,1019.3,1024,50.6,0,0
763,2022-01-22 17:00,7,0,.4,0,1019.6,1024.3,53.2,0,0
763,2022-01-22 18:00,5.1,0,.1,0,1019.3,1024,64.7,0,0
763,2022-01-22 19:00,4.8,0,0,0,1019.4,1024.1,67.6,0,0
763,2022-01-22 20:00,4.4,0,0,0,1019.3,1024,76.3,0,0
763,2022-01-22 21:00,3.3,0,.1,0,1018.9,1023.7,84.5,0,0
763,2022-01-22 22:00,2.9,0,.1,0,1019.3,1024.1,86.4,0,0
763,2022-01-22 23:00,3,0,0,0,1019,1023.8,87,0,0
763,2022-01-23 00:00,3.1,0,0,0,1019.2,1024,84.4,0,0
763,2022-01-23 01:00,2.9,0,0,0,1018.9,1023.7,84.3,0,0
763,2022-01-23 02:00,2.4,0,.1,0,1018.5,1023.3,84.6,0,0
763,2022-01-23 03:00,3.1,0,.2,0,1018.4,1023.2,70.6,0,0
763,2022-01-23 04:00,1,0,0,0,1017.7,1022.5,82.1,0,0
763,2022-01-23 05:00,.4,270.3,.6,0,1017.9,1022.7,82.2,0,0
763,2022-01-23 06:00,.2,0,.1,0,1017.4,1022.2,82,0,0
763,2022-01-23 07:00,1,0,.1,0,1017.1,1021.9,79.4,0,0
763,2022-01-23 08:00,2.1,0,.1,0,1017.6,1022.4,67.9,0,0
763,2022-01-23 09:00,2.7,265.2,.6,0,1017.6,1022.4,65.8,0,0
763,2022-01-23 10:00,4.4,13.3,.6,0,1018,1022.7,57.4,0,0
763,2022-01-23 11:00,5.3,339.8,1,0,1017.7,1022.4,54.2,0,0
763,2022-01-23 12:00,6.7,11,1,0,1016.7,1021.4,50.2,0,0
763,2022-01-23 13:00,7.8,336,1.5,0,1016,1020.7,49.4,0,0
763,2022-01-23 14:00,8.8,355.9,2,0,1015.4,1020,43.3,0,0
763,2022-01-23 15:00,9.2,344.8,1.7,0,1014.6,1019.2,42.6,0,0
763,2022-01-23 16:00,9.2,350.4,1.2,0,1014.5,1019.1,42.9,0,0
763,2022-01-23 17:00,8.6,310,.8,0,1014.2,1018.8,43.2,0,0
763,2022-01-23 18:00,4.6,0,.2,0,1014.7,1019.4,54.9,0,0
763,2022-01-23 19:00,1.9,0,0,0,1015.1,1019.9,66.8,0,0
763,2022-01-23 20:00,.3,0,0,0,1015.5,1020.3,73.2,0,0
763,2022-01-23 21:00,-.7,0,.3,0,1015.4,1020.2,77.8,0,0
763,2022-01-23 22:00,-1.4,0,.3,0,1015.6,1020.4,79.8,0,0
763,2022-01-23 23:00,-1.3,0,.2,0,1015.6,1020.4,81.5,0,0
763,2022-01-24 00:00,-2.1,0,.1,0,1015.6,1020.5,84.3,0,0
763,2022-01-24 01:00,-2.7,0,.2,0,1015.6,1020.5,87.5,0,0
763,2022-01-24 02:00,-3.4,0,0,0,1015.3,1020.2,90.8,0,0
763,2022-01-24 03:00,-3.5,0,0,0,1015.3,1020.2,88.7,0,0
763,2022-01-24 04:00,-3.8,0,0,0,1015.2,1020.1,90.6,0,0
763,2022-01-24 05:00,-3.9,0,0,0,1015.4,1020.3,90.5,0,0
763,2022-01-24 06:00,-2.4,0,0,0,1015.3,1020.2,88.5,0,0
763,2022-01-24 07:00,-1.2,0,.2,0,1015.5,1020.3,87.2,0,0
763,2022-01-24 08:00,-1.9,0,0,0,1016.1,1021,91.7,0,0
763,2022-01-24 09:00,-.2,0,.1,0,1016.8,1021.6,89.5,0,0
763,2022-01-24 10:00,4.7,0,.1,0,1016.8,1021.5,69.1,0,0
763,2022-01-24 11:00,7.3,0,.4,0,1016.9,1021.6,58.5,0,0
763,2022-01-24 12:00,8.7,46.9,1.6,0,1016.5,1021.2,52.3,0,0
763,2022-01-24 13:00,9.1,40,2.4,0,1015.6,1020.2,50.4,0,0
763,2022-01-24 14:00,9.6,23.6,1.3,0,1015.2,1019.8,48.1,0,0
763,2022-01-24 15:00,9.1,68.7,1.6,0,1015.1,1019.7,48.6,0,0
763,2022-01-24 16:00,9,73.2,1.4,0,1015.2,1019.8,48.9,0,0
763,2022-01-24 17:00,8.3,78.6,.9,0,1015.7,1020.4,51.1,0,0
763,2022-01-24 18:00,7.5,48.2,.6,0,1016.2,1020.9,53.3,0,0
763,2022-01-24 19:00,6.3,0,.2,0,1015.9,1020.6,58,0,0
763,2022-01-24 20:00,5.2,0,.2,0,1016,1020.7,64.4,0,0
763,2022-01-24 21:00,4.9,0,.1,0,1016.3,1021,65.3,0,0
763,2022-01-24 22:00,4.6,0,.2,0,1016.6,1021.3,66.4,0,0
763,2022-01-24 23:00,4,0,.1,0,1016.8,1021.5,70.3,0,0
763,2022-01-25 00:00,4.4,0,.2,0,1016.9,1021.6,67.1,0,0
763,2022-01-25 01:00,4.2,0,.1,0,1016.3,1021,67.8,0,0
763,2022-01-25 02:00,5.5,160,.7,0,1016.6,1021.3,60,0,0
763,2022-01-25 03:00,4.2,0,.1,0,1016.5,1021.2,67.7,0,0
763,2022-01-25 04:00,4.9,264.8,.9,0,1016.1,1020.8,61.9,0,0
763,2022-01-25 05:00,5.5,0,.3,0,1015.8,1020.5,70.2,0,0
763,2022-01-25 06:00,4.5,0,.1,0,1015.7,1020.4,74.7,0,0
763,2022-01-25 07:00,3.6,0,.1,0,1016.2,1021,90.9,0,0
763,2022-01-25 08:00,4.3,191.1,.5,0,1016.8,1021.5,89,0,0
763,2022-01-25 09:00,3.9,177.7,1.8,0,1017.3,1022.1,88.5,0,0
763,2022-01-25 10:00,3.9,163.2,1.8,0,1017.4,1022.2,89.4,0,0
763,2022-01-25 11:00,4,158.8,2,0,1017.1,1021.8,87.8,0,0
763,2022-01-25 12:00,4.4,163.3,1.7,0,1016.9,1021.6,86,0,0
763,2022-01-25 13:00,4.8,177.5,1.2,.5,1016.3,1021,86.5,0,0
763,2022-01-25 14:00,4.7,0,.3,0,1016,1020.7,93.2,0,0
763,2022-01-25 15:00,4.8,220.2,.7,0,1015.6,1020.3,95.6,0,0
763,2022-01-25 16:00,5,236.1,.7,0,1015.7,1020.4,93.6,0,0
763,2022-01-25 17:00,5,233.4,.5,0,1015.9,1020.6,92.8,0,0
763,2022-01-25 18:00,4.9,248.5,1.1,0,1016.5,1021.2,89.4,0,0
763,2022-01-25 19:00,2.5,0,0,0,1016.8,1021.6,99.5,0,0
763,2022-01-25 20:00,.7,0,0,0,1017.1,1021.9,99.9,0,0
763,2022-01-25 21:00,1.4,0,.1,0,1017.6,1022.4,99.9,0,0
763,2022-01-25 22:00,.2,0,0,0,1017.9,1022.7,99.9,0,0
763,2022-01-25 23:00,-1.4,0,.3,0,1018.1,1023,99.9,0,0
763,2022-01-26 00:00,-.8,34.3,.6,0,1018.4,1023.2,99.9,0,0
763,2022-01-26 01:00,-1.1,0,0,0,1018.5,1023.4,99.9,0,0
763,2022-01-26 02:00,-2.2,0,0,0,1019,1023.9,99.9,0,0
763,2022-01-26 03:00,-1.3,0,0,0,1019.2,1024.1,99.9,0,0
763,2022-01-26 04:00,-.8,0,.1,0,1019.3,1024.1,99.9,0,0
763,2022-01-26 05:00,-.4,0,.1,0,1019.5,1024.3,99.9,0,0
763,2022-01-26 06:00,-1,0,.1,0,1019.7,1024.6,99.9,0,0
763,2022-01-26 07:00,-1.3,0,.1,0,1020.2,1025.1,99.9,0,0
763,2022-01-26 08:00,-1.4,0,0,0,1021,1025.9,99.9,0,0
763,2022-01-26 09:00,0,97.3,.8,0,1020.8,1025.6,98.8,0,0
763,2022-01-26 10:00,3,145.7,.6,0,1020.8,1025.6,72.4,0,0
763,2022-01-26 11:00,4,344.9,.5,0,1021.2,1026,61.8,0,0
763,2022-01-26 12:00,4.7,272.6,1.7,0,1021.1,1025.9,62,0,0
763,2022-01-26 13:00,5.7,297.3,.9,0,1020.5,1025.2,59.5,0,0
763,2022-01-26 14:00,6.1,291.1,3,0,1020,1024.7,58.2,0,0
763,2022-01-26 15:00,6,322.2,.6,0,1019.5,1024.2,58.7,0,0
763,2022-01-26 16:00,5.9,286.1,1.8,0,1019,1023.7,59.1,0,0
763,2022-01-26 17:00,5.2,266,1.7,0,1019.4,1024.1,64.9,0,0
763,2022-01-26 18:00,3.8,222,.5,0,1019.6,1024.4,70.2,0,0
763,2022-01-26 19:00,2.5,232.2,.7,0,1019.7,1024.5,72.8,0,0
763,2022-01-26 20:00,.8,0,.3,0,1020.3,1025.1,79.2,0,0
763,2022-01-26 21:00,-1,0,0,0,1020.4,1025.3,88.7,0,0
763,2022-01-26 22:00,1.2,301.5,.5,0,1021.2,1026,61.4,0,0
763,2022-01-26 23:00,-.7,0,0,0,1021,1025.9,75.5,0,0
763,2022-01-27 00:00,-1.8,0,0,0,1020.9,1025.8,81.1,0,0
763,2022-01-27 01:00,-2,0,.1,0,1020.8,1025.7,80.4,0,0
763,2022-01-27 02:00,-2.5,0,0,0,1020.9,1025.8,86,0,0
763,2022-01-27 03:00,-1.9,0,.1,0,1021.1,1026,79.9,0,0
763,2022-01-27 04:00,-2.6,0,0,0,1020.9,1025.8,84.1,0,0
763,2022-01-27 05:00,-4,0,.1,0,1020.7,1025.6,90.3,0,0
763,2022-01-27 06:00,-3.6,0,.1,0,1020.8,1025.7,88.6,0,0
763,2022-01-27 07:00,-4.9,0,0,0,1021,1025.9,91.6,0,0
763,2022-01-27 08:00,-4.8,0,0,0,1021.1,1026,92.8,0,0
763,2022-01-27 09:00,-2.2,0,0,0,1021.7,1026.6,82,0,0
763,2022-01-27 10:00,-.1,.1,1.3,0,1021.5,1026.3,62.7,0,0
763,2022-01-27 11:00,.9,23.3,1.3,0,1021.1,1025.9,62.6,0,0
763,2022-01-27 12:00,2.2,286.4,1.8,0,1020.8,1025.6,54.1,0,0
763,2022-01-27 13:00,3.8,323.1,1.2,0,1019.8,1024.6,41.5,0,0
763,2022-01-27 14:00,4.3,2.1,1.6,0,1018.7,1023.4,40,0,0
763,2022-01-27 15:00,4.6,356.7,.9,0,1018.1,1022.8,35,0,0
763,2022-01-27 16:00,5.2,47.9,1,0,1018.2,1022.9,34.7,0,0
763,2022-01-27 17:00,4.4,250.2,2,0,1018.8,1023.5,49.8,0,0
763,2022-01-27 18:00,2.9,257.1,1.5,0,1019.7,1024.5,60.6,0,0
763,2022-01-27 19:00,.2,0,.2,0,1019.5,1024.3,70.5,0,0
763,2022-01-27 20:00,-2.4,0,0,0,1019.9,1024.8,77.9,0,0
763,2022-01-27 21:00,-3,0,0,0,1020,1024.9,77.3,0,0
763,2022-01-27 22:00,-2.9,0,.2,0,1020.5,1025.4,74.9,0,0
763,2022-01-27 23:00,-4.3,0,0,0,1020.9,1025.8,82.1,0,0
763,2022-01-28 00:00,-4.6,0,0,0,1021.1,1026,85.8,0,0
763,2022-01-28 01:00,-4.6,0,.1,0,1021.2,1026.1,82.7,0,0
763,2022-01-28 02:00,-5,0,0,0,1021.3,1026.2,86.2,0,0
763,2022-01-28 03:00,-6,0,0,0,1021.4,1026.4,86.4,0,0
763,2022-01-28 04:00,-6.3,0,0,0,1021.1,1026.1,89.7,0,0
763,2022-01-28 05:00,-6.4,0,0,0,1021,1026,91.1,0,0
763,2022-01-28 06:00,-6.8,0,.2,0,1021.3,1026.3,91.6,0,0
763,2022-01-28 07:00,-6.9,0,.1,0,1021.7,1026.7,92.5,0,0
763,2022-01-28 08:00,-7,0,0,0,1021.9,1026.9,91.6,0,0
763,2022-01-28 09:00,-3.4,119.1,.5,0,1022.3,1027.2,76.3,0,0
763,2022-01-28 10:00,-1,305.1,.5,0,1022.3,1027.2,63,0,0
763,2022-01-28 11:00,-.3,330.6,1.5,0,1021.8,1026.7,54.2,0,0
763,2022-01-28 12:00,1,3.4,1,0,1020.9,1025.7,49.4,0,0
763,2022-01-28 13:00,1.9,303.4,1.6,0,1020,1024.8,44,0,0
763,2022-01-28 14:00,3.5,318,1.7,0,1019.5,1024.3,40.5,0,0
763,2022-01-28 15:00,3.5,279,1.6,0,1019.2,1024,40.5,0,0
763,2022-01-28 16:00,3.8,278,1.9,0,1019.2,1024,41.7,0,0
763,2022-01-28 17:00,3,264.1,1.6,0,1018.9,1023.7,49.5,0,0
763,2022-01-28 18:00,1.7,293.2,1.7,0,1018.3,1023.1,50.9,0,0
763,2022-01-28 19:00,-1.3,0,0,0,1018.5,1023.4,63.4,0,0
763,2022-01-28 20:00,-2.7,0,.2,0,1019.6,1024.5,70.2,0,0
763,2022-01-28 21:00,-1.6,343.6,.8,0,1019.3,1024.2,59.2,0,0
763,2022-01-28 22:00,-3.9,0,0,0,1020,1024.9,75.3,0,0
763,2022-01-28 23:00,-3.9,0,.4,0,1019.9,1024.8,77.8,0,0
763,2022-01-29 00:00,-3.6,0,.2,0,1019.6,1024.5,75.5,0,0
763,2022-01-29 01:00,-3.8,0,.4,0,1019.9,1024.8,76.7,0,0
763,2022-01-29 02:00,-3.4,0,.3,0,1019.2,1024.1,77.2,0,0
763,2022-01-29 03:00,-4.7,0,.1,0,1019.1,1024,82.8,0,0
763,2022-01-29 04:00,-4.5,0,.1,0,1019,1023.9,83.2,0,0
763,2022-01-29 05:00,-5.3,0,0,0,1018.5,1023.4,89,0,0
763,2022-01-29 06:00,-5.8,0,0,0,1018.6,1023.5,89.9,0,0
763,2022-01-29 07:00,-6.6,0,0,0,1018.8,1023.8,90.1,0,0
763,2022-01-29 08:00,-7.1,0,.2,0,1019.2,1024.2,92.6,0,0
763,2022-01-29 09:00,-5.3,0,.3,0,1019.1,1024,84.3,0,0
763,2022-01-29 10:00,-2.5,88.1,1,0,1019.1,1024,50.1,0,0
763,2022-01-29 11:00,-.7,10.1,2,0,1018.7,1023.5,51.2,0,0
763,2022-01-29 12:00,.3,354.1,.8,0,1018.7,1023.5,47.6,0,0
763,2022-01-29 13:00,1.5,333.6,1.1,0,1017.5,1022.3,41.4,0,0
763,2022-01-29 14:00,2.2,65.6,1.6,0,1016.5,1021.3,39.6,0,0
763,2022-01-29 15:00,3.3,20.3,1.7,0,1015.5,1020.3,31.6,0,0
763,2022-01-29 16:00,3.5,341.7,2.3,0,1015.8,1020.6,30.6,0,0
763,2022-01-29 17:00,2.8,355.5,2.2,0,1015.8,1020.6,27.8,0,0
763,2022-01-29 18:00,.6,338.5,.8,0,1016.3,1021.1,32.9,0,0
763,2022-01-29 19:00,-.7,0,.4,0,1016.6,1021.4,43,0,0
763,2022-01-29 20:00,-1.8,340.5,.8,0,1017,1021.9,50.5,0,0
763,2022-01-29 21:00,-2.5,106.8,.5,0,1017.5,1022.4,54.3,0,0
763,2022-01-29 22:00,-3.5,0,0,0,1017.5,1022.4,62.3,0,0
763,2022-01-29 23:00,-4,0,0,0,1017.6,1022.5,65.9,0,0
763,2022-01-30 00:00,-3.4,0,.1,0,1017.8,1022.7,56.6,0,0
763,2022-01-30 01:00,-4,0,0,0,1017.4,1022.3,66,0,0
763,2022-01-30 02:00,-4.9,0,0,0,1017.3,1022.2,74,0,0
763,2022-01-30 03:00,-5.3,0,.1,0,1017.2,1022.1,72.6,0,0
763,2022-01-30 04:00,-6,0,0,0,1017.2,1022.1,79.7,0,0
763,2022-01-30 05:00,-6.9,0,0,0,1016.8,1021.8,84.8,0,0
763,2022-01-30 06:00,-7.6,0,0,0,1016.5,1021.5,84.7,0,0
763,2022-01-30 07:00,-8,0,.1,0,1016.9,1021.9,86.2,0,0
763,2022-01-30 08:00,-8.4,0,0,0,1017.6,1022.6,87.5,0,0
763,2022-01-30 09:00,-4.6,13,.5,0,1018.1,1023,74,0,0
763,2022-01-30 10:00,-3.3,29.9,1.3,0,1018.3,1023.2,68.5,0,0
763,2022-01-30 11:00,-.7,8.2,.8,0,1018.4,1023.2,54.4,0,0
763,2022-01-30 12:00,.1,.9,1.9,0,1018.1,1022.9,39.3,0,0
763,2022-01-30 13:00,1.2,286.3,1.4,0,1017.2,1022,38.8,0,0
763,2022-01-30 14:00,2.6,292,2.4,0,1016.4,1021.2,29.8,0,0
763,2022-01-30 15:00,3.5,288,1.4,0,1016,1020.8,27.8,0,0
763,2022-01-30 16:00,3.8,292,1.5,0,1016.2,1020.9,30.5,0,0
763,2022-01-30 17:00,3,276.4,2.2,0,1016.5,1021.3,39.3,0,0
763,2022-01-30 18:00,1.1,0,.3,0,1017.1,1021.9,48.1,0,0
763,2022-01-30 19:00,-.1,321.6,1.2,0,1018.2,1023,43.6,0,0
763,2022-01-30 20:00,-2.9,0,0,0,1018.9,1023.8,51.5,0,0
763,2022-01-30 21:00,-4.8,0,0,0,1019.1,1024,66.3,0,0
763,2022-01-30 22:00,-5.1,0,0,0,1019.4,1024.3,67.1,0,0
763,2022-01-30 23:00,-5.2,0,0,0,1019.6,1024.5,67,0,0
763,2022-01-31 00:00,-5.9,0,.2,0,1019.9,1024.8,69.6,0,0
763,2022-01-31 01:00,-5.8,0,0,0,1019.8,1024.7,70.1,0,0
763,2022-01-31 02:00,-6.5,0,.2,0,1020,1025,75.8,0,0
763,2022-01-31 03:00,-7.9,0,.2,0,1020.3,1025.3,82.5,0,0
763,2022-01-31 04:00,-8.5,0,0,0,1020.2,1025.2,84.2,0,0
763,2022-01-31 05:00,-8.5,0,0,0,1020.1,1025.1,87.6,0,0
763,2022-01-31 06:00,-8.9,0,.2,0,1020.4,1025.4,87.5,0,0
763,2022-01-31 07:00,-9.2,0,.3,0,1021,1026,87.2,0,0
763,2022-01-31 08:00,-8.8,0,.1,0,1021.2,1026.2,91.1,0,0
763,2022-01-31 09:00,-5.8,0,0,0,1022.2,1027.2,79.3,0,0
763,2022-01-31 10:00,-.3,128.9,1.5,0,1021.7,1026.6,56.3,0,0
763,2022-01-31 11:00,1.7,192.4,.7,0,1021.6,1026.4,36.6,0,0
763,2022-01-31 12:00,3.3,349.8,1,0,1020.8,1025.6,40.7,0,0
763,2022-01-31 13:00,3.8,304.3,1.3,0,1020,1024.8,43.5,0,0
763,2022-01-31 14:00,4.5,316.2,2.2,0,1019.5,1024.2,41.4,0,0
763,2022-01-31 15:00,5.2,288.1,1.6,0,1019.4,1024.1,41.2,0,0
763,2022-01-31 16:00,5.1,235.5,1.4,0,1019.2,1023.9,44.1,0,0
763,2022-01-31 17:00,4.3,239.1,1.2,0,1019.1,1023.9,46.9,0,0
763,2022-01-31 18:00,3,252.7,1.9,0,1019.3,1024.1,57.1,0,0
763,2022-01-31 19:00,1.6,0,.4,0,1019.4,1024.2,63.2,0,0
763,2022-01-31 20:00,-1.6,0,.3,0,1019.5,1024.4,78.2,0,0
763,2022-01-31 21:00,-.2,119,.5,0,1018.8,1023.6,71.1,0,0
763,2022-01-31 22:00,2.5,165.5,2.4,0,1018.4,1023.2,60.9,0,0
763,2022-01-31 23:00,1.5,253.5,1.5,0,1019.3,1024.1,77.6,0,0
763,2022-02-01 00:00,.9,223.6,1.6,0,1019.4,1024.2,95.1,0,0
763,2022-02-01 01:00,1.2,244,1.4,0,1019.6,1024.4,96.3,0,0
763,2022-02-01 02:00,-.3,0,.1,0,1019.3,1024.1,99.9,0,0
763,2022-02-01 03:00,-.6,0,.2,0,1019.4,1024.2,99.9,0,0
763,2022-02-01 04:00,-.7,0,.2,0,1018.9,1023.7,98,0,0
763,2022-02-01 05:00,-.1,249.6,1,0,1019.2,1024,88.5,0,0
763,2022-02-01 06:00,.8,253.1,2.4,0,1019.6,1024.4,62.4,0,0
763,2022-02-01 07:00,.9,259.3,2.2,0,1019.7,1024.5,61.5,0,0
763,2022-02-01 08:00,1.2,267.1,4.3,0,1019.9,1024.7,54,0,0
763,2022-02-01 09:00,1.3,278.7,2.6,0,1020.3,1025.1,63.1,0,0
763,2022-02-01 10:00,.2,251.2,1.2,0,1021,1025.8,89.5,0,0
763,2022-02-01 11:00,.3,275.6,1.6,0,1021.5,1026.3,91.4,0,0
763,2022-02-01 12:00,1.2,265.6,2,0,1021.5,1026.3,82.8,0,0
763,2022-02-01 13:00,2,283.5,2.5,0,1021.2,1026,68.5,0,0
763,2022-02-01 14:00,1.9,290.7,3.6,0,1021.2,1026,74.6,0,0
763,2022-02-01 15:00,2.1,307.6,2.6,0,1021.5,1026.3,65.8,0,0
763,2022-02-01 16:00,1.9,308.2,2.1,0,1021.8,1026.6,66.6,0,0
763,2022-02-01 17:00,2.1,300.3,1.6,0,1022,1026.8,61.9,0,0
763,2022-02-01 18:00,1.3,321.5,1.6,0,1022.6,1027.4,62.5,0,0
763,2022-02-01 19:00,-.3,282.8,.5,0,1023.3,1028.2,73.9,0,0
763,2022-02-01 20:00,-1.1,0,.4,0,1023.8,1028.7,75.6,0,0
763,2022-02-01 21:00,-1.1,0,.4,0,1023.9,1028.8,79.5,0,0
763,2022-02-01 22:00,-1,0,.2,0,1024,1028.9,77.5,0,0
763,2022-02-01 23:00,-.7,0,.3,0,1024.8,1029.7,77.4,0,0
763,2022-02-02 00:00,-.7,0,.1,0,1024.4,1029.3,76,0,0
763,2022-02-02 01:00,-.7,0,0,0,1024.2,1029.1,81,0,0
763,2022-02-02 02:00,-.4,0,.2,0,1023.9,1028.8,76.5,0,0
763,2022-02-02 03:00,-.8,0,0,0,1023.7,1028.6,82.2,0,0
763,2022-02-02 04:00,-1.1,0,.1,0,1023.6,1028.5,83.5,0,0
763,2022-02-02 05:00,-1,0,.1,0,1023.7,1028.6,83.5,0,0
763,2022-02-02 06:00,-.8,0,.1,0,1024.1,1029,79.1,0,0
763,2022-02-02 07:00,-1,0,.3,0,1024.3,1029.2,77.1,0,0
763,2022-02-02 08:00,-1.5,0,0,0,1024.4,1029.3,79.7,0,0
763,2022-02-02 09:00,-.1,125.6,.5,0,1024.6,1029.5,74,0,0
763,2022-02-02 10:00,1,286.2,2.1,0,1025,1029.8,61.6,0,0
763,2022-02-02 11:00,2.1,313.6,2.1,0,1025.2,1030,57.5,0,0
763,2022-02-02 12:00,2.3,314.5,1.8,0,1024.6,1029.4,54.5,0,0
763,2022-02-02 13:00,2.7,280.6,3.1,0,1023.8,1028.6,43.5,0,0
763,2022-02-02 14:00,3.5,299.9,2.9,0,1023.2,1028,37.3,0,0
763,2022-02-02 15:00,3.4,306.1,2.9,0,1022.8,1027.6,37,0,0
763,2022-02-02 16:00,3.5,359.6,2.8,0,1022.5,1027.3,36.3,0,0
763,2022-02-02 17:00,1.8,341.7,2.8,0,1022.7,1027.5,32.7,0,0
763,2022-02-02 18:00,.1,320.2,2,0,1023.1,1028,41.9,0,0
763,2022-02-02 19:00,-1.7,0,.4,0,1023.6,1028.5,51.4,0,0
763,2022-02-02 20:00,-4.2,0,.2,0,1023.6,1028.5,66.5,0,0
763,2022-02-02 21:00,-4.5,0,.1,0,1024,1028.9,70.9,0,0
763,2022-02-02 22:00,-4.4,0,.2,0,1024.3,1029.2,71.8,0,0
763,2022-02-02 23:00,-3.7,142.1,.6,0,1023.5,1028.4,62.3,0,0
763,2022-02-03 00:00,-3.9,0,.3,0,1022.9,1027.8,69.4,0,0
763,2022-02-03 01:00,-4.9,0,0,0,1022.5,1027.4,73.8,0,0
763,2022-02-03 02:00,-5.5,0,0,0,1022.6,1027.6,76,0,0
763,2022-02-03 03:00,-6,0,.3,0,1022.6,1027.6,81.8,0,0
763,2022-02-03 04:00,-5.7,0,.3,0,1022.4,1027.4,82.3,0,0
763,2022-02-03 05:00,-6.6,31.7,.7,0,1022.7,1027.7,81.9,0,0
763,2022-02-03 06:00,-6.9,0,.3,0,1023.2,1028.2,84.2,0,0
763,2022-02-03 07:00,-8.1,0,0,0,1023.4,1028.4,90.1,0,0
763,2022-02-03 08:00,-7.3,0,.2,0,1023.5,1028.5,89,0,0
763,2022-02-03 09:00,-3.1,0,0,0,1023.6,1028.5,73.2,0,0
763,2022-02-03 10:00,-.2,33.9,1,0,1023.8,1028.7,56.8,0,0
763,2022-02-03 11:00,1.4,26.1,1.1,0,1023.9,1028.7,53.5,0,0
763,2022-02-03 12:00,1.7,354.5,2.1,0,1023.6,1028.4,44.8,0,0
763,2022-02-03 13:00,2.6,357.7,2.7,0,1022.4,1027.2,37.1,0,0
763,2022-02-03 14:00,3.1,23.8,2.3,0,1021.5,1026.3,36.2,0,0
763,2022-02-03 15:00,3.5,330.4,3,0,1020.7,1025.5,29.4,0,0
763,2022-02-03 16:00,3.6,.2,1.9,0,1020.9,1025.7,31,0,0
763,2022-02-03 17:00,2.5,350.8,2.6,0,1021.1,1025.9,34.1,0,0
763,2022-02-03 18:00,.6,336.2,1.9,0,1021.4,1026.2,33.2,0,0
763,2022-02-03 19:00,-.9,341.2,1.9,0,1021.8,1026.7,33.2,0,0
763,2022-02-03 20:00,-1.9,344.5,1.6,0,1022.4,1027.3,37.6,0,0
763,2022-02-03 21:00,-3.1,.3,1.3,0,1022.7,1027.6,43.5,0,0
763,2022-02-03 22:00,-3.5,340.8,.7,0,1023,1027.9,46.4,0,0
763,2022-02-03 23:00,-4.7,0,0,0,1022.6,1027.5,62.5,0,0
763,2022-02-04 00:00,-4.9,0,0,0,1022.7,1027.6,62,0,0
763,2022-02-04 01:00,,0,.3,,,,59.6,0,0
763,2022-02-04 02:00,,0,.3,,,,63.8,0,0
763,2022-02-04 03:00,,0,0,,,,67.3,0,0
763,2022-02-04 04:00,,0,0,,,,67,0,0
763,2022-02-04 05:00,,0,0,,,,71.2,0,0
763,2022-02-04 06:00,,329.1,.6,,,,72.6,0,0
763,2022-02-04 07:00,,11.2,.8,,,,76,0,0
763,2022-02-04 08:00,,0,.1,,,,78.6,0,0
763,2022-02-04 09:00,,0,.4,,,,83.4,0,0
763,2022-02-04 10:00,,97.4,.7,,,,76.4,0,0
763,2022-02-04 11:00,,234.4,1,,,,67.6,0,0
763,2022-02-04 12:00,,286.7,1.9,,,,75.7,0,0
763,2022-02-04 13:00,,266.5,1.9,,,,58.9,0,0
763,2022-02-04 14:00,,270.7,2.4,,,,53.1,0,0
763,2022-02-04 15:00,2.1,279.6,4.5,0,1019.2,1024,42.5,0,0
763,2022-02-04 16:00,.8,296.9,4.2,0,1019.6,1024.4,45.9,0,0
763,2022-02-04 17:00,.1,284.2,4.8,0,1019.9,1024.7,52.3,0,0
763,2022-02-04 18:00,,308.4,2.8,,,,61.7,0,0
763,2022-02-04 19:00,,335.1,.9,,,,68.6,0,0
763,2022-02-04 20:00,,333.7,.6,,,,71,0,0
763,2022-02-04 21:00,-3,333.1,1.4,0,1020.9,1025.8,71.3,0,0
763,2022-02-04 22:00,-3.4,332.6,1.2,0,1021.3,1026.2,80.3,0,0
763,2022-02-04 23:00,-4.2,0,0,0,1021.3,1026.2,92.6,0,0
763,2022-02-05 00:00,-5.9,0,0,0,1021.1,1026.1,94.2,0,0
763,2022-02-05 01:00,-6.9,0,0,0,1020.8,1025.8,95.8,0,0
763,2022-02-05 02:00,-7.6,0,0,0,1020.5,1025.5,96,0,0
763,2022-02-05 03:00,-8.3,0,.1,0,1020.8,1025.8,94.3,0,0
763,2022-02-05 04:00,-8.7,0,.1,0,1021.7,1026.7,93.3,0,0
763,2022-02-05 05:00,-9.1,0,.1,0,1021.7,1026.7,92,0,0
763,2022-02-05 06:00,-9.2,0,0,0,1021.7,1026.7,93.1,0,0
763,2022-02-05 07:00,-8.7,0,.1,0,1022,1027,92.3,0,0
763,2022-02-05 08:00,-8.9,0,.1,0,1023,1028,91,0,0
763,2022-02-05 09:00,-5.9,0,.2,0,1023.7,1028.7,77.9,0,0
763,2022-02-05 10:00,-4.8,52.2,1.6,0,1023.9,1028.9,57.1,0,0
763,2022-02-05 11:00,-2.9,339.3,2.4,0,1023.5,1028.4,48,0,0
763,2022-02-05 12:00,-2.4,292.3,2.7,0,1022.8,1027.7,44.8,0,0
763,2022-02-05 13:00,-.6,318.4,2.6,0,1022.2,1027.1,42.4,0,0
763,2022-02-05 14:00,-.3,302.5,3,0,1021.2,1026,44.1,0,0
763,2022-02-05 15:00,.2,301.9,3.8,0,1021.1,1025.9,46.5,0,0
763,2022-02-05 16:00,.5,282,4.6,0,1021.2,1026,52,0,0
763,2022-02-05 17:00,-1.5,287.1,4.4,0,1021.8,1026.7,68.8,0,0
763,2022-02-05 18:00,-2.1,294.9,2.8,0,1022,1026.9,69.1,0,0
763,2022-02-05 19:00,-2.9,350.8,1.8,0,1023,1027.9,77.1,0,0
763,2022-02-05 20:00,-3.4,314.4,.7,0,1023.6,1028.5,72.9,0,0
763,2022-02-05 21:00,-3.5,0,.4,0,1023.4,1028.3,73.2,0,0
763,2022-02-05 22:00,-5.5,0,.2,0,1023.1,1028.1,81.6,0,0
763,2022-02-05 23:00,-6.7,0,0,0,1023.4,1028.4,85.9,0,0
763,2022-02-06 00:00,-7,0,.1,0,1023.8,1028.8,86.6,0,0
763,2022-02-06 01:00,-7.5,0,0,0,1023.8,1028.8,90,0,0
763,2022-02-06 02:00,-7.3,0,.2,0,1024.1,1029.1,90.2,0,0
763,2022-02-06 03:00,-8.4,0,0,0,1024.6,1029.6,92.8,0,0
763,2022-02-06 04:00,-8.6,0,0,0,1024.6,1029.6,90.7,0,0
763,2022-02-06 05:00,-8.5,0,.1,0,1024.6,1029.6,92.3,0,0
763,2022-02-06 06:00,-8.7,0,.1,0,1024.6,1029.6,91.2,0,0
763,2022-02-06 07:00,-8.9,0,.2,0,1024.6,1029.6,90.5,0,0
763,2022-02-06 08:00,-8.3,0,.3,0,1024.8,1029.8,90.7,0,0
763,2022-02-06 09:00,-4.5,0,.2,0,1024.9,1029.9,85.3,0,0
763,2022-02-06 10:00,-2.4,212,.6,0,1025.2,1030.1,65.8,0,0
763,2022-02-06 11:00,-1.1,219.9,1,0,1025,1029.9,53.3,0,0
763,2022-02-06 12:00,-.1,182.6,.7,0,1024.9,1029.8,55.6,0,0
763,2022-02-06 13:00,1.2,233.6,1.7,0,1024,1028.8,56.2,0,0
763,2022-02-06 14:00,1.7,280.7,3.2,0,1022.9,1027.7,59,0,0
763,2022-02-06 15:00,2,284.6,3.3,0,1022.7,1027.5,60,0,0
763,2022-02-06 16:00,2.4,287,3.7,0,1022.2,1027,48.4,0,0
763,2022-02-06 17:00,1.7,291.7,4.1,0,1022.2,1027,49.6,0,0
763,2022-02-06 18:00,.2,286.4,1.9,0,1022.2,1027.1,56.5,0,0
763,2022-02-06 19:00,-.7,290.8,1.3,0,1023.7,1028.6,61.4,0,0
763,2022-02-06 20:00,-1.9,0,.4,0,1023.4,1028.3,67.3,0,0
763,2022-02-06 21:00,-4.6,312.1,1.1,0,1024,1028.9,77.3,0,0
763,2022-02-06 22:00,-4,0,.3,0,1024.3,1029.2,74.7,0,0
763,2022-02-06 23:00,-5.4,0,.2,0,1024.9,1029.9,78.6,0,0
763,2022-02-07 00:00,-6,0,.1,0,1024.9,1029.9,81,0,0
763,2022-02-07 01:00,-6.8,0,.1,0,1024.7,1029.7,84.4,0,0
763,2022-02-07 02:00,-7.6,0,.1,0,1025.1,1030.1,87.9,0,0
763,2022-02-07 03:00,-7.6,0,0,0,1025.5,1030.5,86.3,0,0
763,2022-02-07 04:00,-7.3,0,.1,0,1024.9,1029.9,87.6,0,0
763,2022-02-07 05:00,-7.5,0,.1,0,1025.1,1030.1,88.5,0,0
763,2022-02-07 06:00,-8.1,0,.1,0,1025,1030,89.9,0,0
763,2022-02-07 07:00,-8.2,0,.4,0,1024.6,1029.6,91.5,0,13.4
763,2022-02-07 08:00,-9,0,.4,0,1024.7,1029.7,93,0,-13.4
763,2022-02-07 09:00,-5.6,0,0,0,1025,1030,79.1,0,13.4
763,2022-02-07 10:00,-4.1,32.6,1.4,0,1025.2,1030.1,79.4,0,-13.4
763,2022-02-07 11:00,-2,21.9,.7,0,1025.1,1030,67.3,0,13.4
763,2022-02-07 12:00,.3,347.8,1.8,0,1024.7,1029.6,42.3,0,-13.4
763,2022-02-07 13:00,.6,10.3,2.4,0,1023.4,1028.2,39.9,0,13.4
763,2022-02-07 14:00,1.5,32.2,1.3,0,1022.8,1027.6,35.8,0,-13.4
763,2022-02-07 15:00,2.3,355.9,1.6,0,1021.5,1026.3,30.9,0,13.4
763,2022-02-07 16:00,2.2,319.8,1.4,0,1023.1,1027.9,30.7,0,-13.4
763,2022-02-07 17:00,1.8,281.2,1.7,0,1023,1027.8,41.4,0,13.4
763,2022-02-07 18:00,1,322.3,.9,0,1021.4,1026.2,43,0,-13.4
763,2022-02-07 19:00,.3,321.2,.5,0,1022.5,1027.3,39.4,0,13.4
763,2022-02-07 20:00,.1,1.6,.5,0,1023.5,1028.4,38.7,0,-13.4
763,2022-02-07 21:00,-.8,310.9,.5,0,1023.9,1028.8,47.2,0,13.4
763,2022-02-07 22:00,-.7,0,.4,0,1023.5,1028.4,46.3,0,-13.4
763,2022-02-07 23:00,-2,0,.1,0,1023.5,1028.4,56.6,0,13.4
763,2022-02-08 00:00,-4,0,0,0,1022.9,1027.8,65.5,0,-13.4
763,2022-02-08 01:00,-4.8,0,0,0,1022.9,1027.8,67.3,0,0
763,2022-02-08 02:00,-5.4,0,.2,0,1022.9,1027.9,69.9,0,0
763,2022-02-08 03:00,-5.7,0,.4,0,1022.7,1027.7,71.3,0,0
763,2022-02-08 04:00,-5.4,0,.3,0,1022.5,1027.4,70,0,0
763,2022-02-08 05:00,-6.9,0,.1,0,1022.3,1027.3,79.7,0,0
763,2022-02-08 06:00,-7.7,0,.1,0,1022.5,1027.5,80.4,0,0
763,2022-02-08 07:00,-6.7,0,.1,0,1022.8,1027.8,77.8,0,0
763,2022-02-08 08:00,-5.9,0,0,0,1022.9,1027.9,76.6,0,0
763,2022-02-08 09:00,-3.3,305.6,.5,0,1023.7,1028.6,69.2,0,0
763,2022-02-08 10:00,-1.8,0,.1,0,1023.7,1028.6,67.5,0,0
763,2022-02-08 11:00,1.6,0,.3,0,1023.7,1028.5,50.4,0,0
763,2022-02-08 12:00,4,12.9,.8,0,1023.7,1028.5,55,0,0
763,2022-02-08 13:00,4.7,311.9,1.7,0,1022.9,1027.7,50.4,0,0
763,2022-02-08 14:00,4.7,335.9,1.9,0,1022.4,1027.2,47.5,0,0
763,2022-02-08 15:00,5.3,20.3,1.8,0,1021.9,1026.7,46.7,0,0
763,2022-02-08 16:00,5.2,284.3,2,0,1021.9,1026.7,41.9,0,0
763,2022-02-08 17:00,5.3,20.3,1.4,0,1021.7,1026.5,42.3,0,0
763,2022-02-08 18:00,2.2,0,.1,0,1022.3,1027.1,51.5,0,0
763,2022-02-08 19:00,2.2,265.5,1,0,1022.9,1027.7,64.3,0,0
763,2022-02-08 20:00,-1.6,0,.2,0,1023,1027.9,78.4,0,0
763,2022-02-08 21:00,-2.5,0,.2,0,1023.6,1028.5,82.5,0,0
763,2022-02-08 22:00,-3.6,0,0,0,1023.7,1028.6,83.8,0,0
763,2022-02-08 23:00,-3.8,0,0,0,1023.9,1028.8,85.1,0,0
763,2022-02-09 00:00,-4.4,0,.2,0,1023.4,1028.3,84,0,0
763,2022-02-09 01:00,-4.4,0,.1,0,1022.7,1027.6,79.4,0,0
763,2022-02-09 02:00,-5.5,0,0,0,1022.7,1027.7,86.4,0,0
763,2022-02-09 03:00,-6.1,0,.3,0,1022.8,1027.8,87.8,0,0
763,2022-02-09 04:00,-7,0,0,0,1022.4,1027.4,86.8,0,0
763,2022-02-09 05:00,-6.6,0,0,0,1022.5,1027.5,90.6,0,0
763,2022-02-09 06:00,-7,0,0,0,1022.7,1027.7,88.1,0,0
763,2022-02-09 07:00,-7.4,0,.1,0,1022.8,1027.8,91.5,0,0
763,2022-02-09 08:00,-7.6,0,0,0,1023.3,1028.3,92.1,0,8.8
763,2022-02-09 09:00,-3.8,0,.1,0,1023.7,1028.6,80.8,0,-8.8
763,2022-02-09 10:00,-1,7.6,.7,0,1023.3,1028.2,64,0,8.8
763,2022-02-09 11:00,1.4,64.4,.9,0,1022.9,1027.7,56.1,0,-8.8
763,2022-02-09 12:00,4.3,84.7,.7,0,1021.7,1026.5,39.8,0,8.8
763,2022-02-09 13:00,5.6,58.4,1.5,0,1020.3,1025,38.6,0,-8.8
763,2022-02-09 14:00,7,300.3,2,0,1019.4,1024.1,34.1,0,8.8
763,2022-02-09 15:00,7.2,291.9,2.4,0,1018.8,1023.5,30.9,0,-8.8
763,2022-02-09 16:00,7.1,307.2,1.9,0,1018.3,1023,27.6,0,8.8
763,2022-02-09 17:00,6.7,292.6,1,0,1017.9,1022.6,26.4,0,-8.8
763,2022-02-09 18:00,5.1,274.3,.9,0,1018,1022.7,41.7,0,8.8
763,2022-02-09 19:00,2.6,0,0,0,1018.3,1023.1,52.1,0,-8.8
763,2022-02-09 20:00,1.4,0,.2,0,1018.3,1023.1,60,0,8.8
763,2022-02-09 21:00,1.1,0,.3,0,1018.2,1023,58.7,0,-8.8
763,2022-02-09 22:00,.4,0,0,0,1018.1,1022.9,62.6,0,8.8
763,2022-02-09 23:00,0,0,0,0,1018.1,1022.9,66.7,0,-8.8
763,2022-02-10 00:00,-.1,0,0,0,1018.2,1023,67.5,0,8.8
763,2022-02-10 01:00,,0,.1,,,,70.5,0,0
763,2022-02-10 02:00,,0,0,,,,75.1,0,0
763,2022-02-10 03:00,,0,0,,,,77.3,0,0
763,2022-02-10 04:00,,0,0,,,,78,0,0
763,2022-02-10 05:00,,0,0,,,,77.2,0,0
763,2022-02-10 06:00,,0,0,,,,72.7,0,0
763,2022-02-10 07:00,,0,0,,,,72.4,0,0
763,2022-02-10 08:00,,0,0,,,,76.5,0,0
763,2022-02-10 09:00,,0,.2,,,,63.4,0,0
763,2022-02-10 10:00,,0,.3,,,,52.8,0,0
763,2022-02-10 11:00,,57.3,1.6,,,,38,0,0
763,2022-02-10 12:00,,287.4,2.7,,,,38.5,0,0
763,2022-02-10 13:00,,256.2,1.4,,,,37.9,0,0
763,2022-02-10 14:00,,301.4,2.2,,,,32,0,0
763,2022-02-10 15:00,,357.5,3.1,,,,30.6,0,0
763,2022-02-10 16:00,,346.8,3.1,,,,29.9,0,0
763,2022-02-10 17:00,,338.2,1.9,,,,31.8,0,0
763,2022-02-10 18:00,,331.8,1.7,,,,35,0,0
763,2022-02-10 19:00,,316.6,1.4,,,,37.4,0,0
763,2022-02-10 20:00,,0,0,,,,54.2,0,0
763,2022-02-10 21:00,-1.9,0,.1,0,1019.7,1024.6,65.4,0,0
763,2022-02-10 22:00,-2.5,0,.1,0,1020.1,1025,66.4,0,0
763,2022-02-10 23:00,-2.5,0,.2,0,1020.3,1025.2,65.3,0,0
763,2022-02-11 00:00,-2.6,0,.1,0,1020.1,1025,64,0,0
763,2022-02-11 01:00,-4.1,0,0,0,1020,1024.9,70.5,0,0
763,2022-02-11 02:00,-5,0,.1,0,1020.1,1025,76.6,0,0
763,2022-02-11 03:00,-5.5,0,0,0,1020.5,1025.4,79.5,0,0
763,2022-02-11 04:00,-6.1,0,0,0,1020.4,1025.4,80.6,0,0
763,2022-02-11 05:00,-6,0,.1,0,1020.8,1025.8,83.8,0,0
763,2022-02-11 06:00,-6.8,0,0,0,1021.4,1026.4,86.4,0,0
763,2022-02-11 07:00,-7.1,0,0,0,1022.2,1027.2,86.5,0,0
763,2022-02-11 08:00,-6.3,0,.1,0,1022.8,1027.8,86.9,0,0
763,2022-02-11 09:00,-2.5,0,0,0,1023.5,1028.4,75.5,0,0
763,2022-02-11 10:00,1.7,0,.3,0,1023.6,1028.4,63.3,0,0
763,2022-02-11 11:00,4.3,68.7,.9,0,1023.3,1028.1,53.5,0,0
763,2022-02-11 12:00,6.6,10.1,1.2,0,1022.8,1027.5,42.9,0,0
763,2022-02-11 13:00,8.3,15.8,1.4,0,1021.7,1026.4,31.2,0,0
763,2022-02-11 14:00,8.8,11,1.4,0,1020.8,1025.5,27.1,0,0
763,2022-02-11 15:00,9.8,7,2.8,0,1020.5,1025.2,25.8,0,0
763,2022-02-11 16:00,9.9,329.2,2,0,1019.9,1024.5,24.6,0,0
763,2022-02-11 17:00,9.6,334.4,1.7,0,1020,1024.7,25.9,0,0
763,2022-02-11 18:00,6.8,281.7,.8,0,1020.5,1025.2,51.1,0,0
763,2022-02-11 19:00,2.5,0,.3,0,1021.2,1026,66.9,0,0
763,2022-02-11 20:00,.9,0,.2,0,1020.7,1025.5,72,0,0
763,2022-02-11 21:00,-.6,0,.1,0,1020.6,1025.5,76.8,0,0
763,2022-02-11 22:00,-.9,0,0,0,1021.1,1026,72.1,0,0
763,2022-02-11 23:00,-1.7,0,0,0,1021.5,1026.4,74.1,0,0
763,2022-02-12 00:00,-1.2,0,.1,0,1021.7,1026.6,71.8,0,0
763,2022-02-12 01:00,-1.5,0,.1,0,1021.8,1026.7,71.8,0,0
763,2022-02-12 02:00,-1.6,0,0,0,1021.8,1026.7,75.1,0,0
763,2022-02-12 03:00,-1.3,0,.2,0,1021.5,1026.4,74.2,0,0
763,2022-02-12 04:00,-.8,0,.4,0,1021,1025.9,72,0,0
763,2022-02-12 05:00,-1.5,0,.1,0,1021,1025.9,74,0,0
763,2022-02-12 06:00,-2.7,0,0,0,1021.2,1026.1,75.8,0,0
763,2022-02-12 07:00,-3.4,0,0,0,1021.4,1026.3,82.4,0,0
763,2022-02-12 08:00,-4,0,.1,0,1021.7,1026.6,84.1,0,0
763,2022-02-12 09:00,-.4,0,0,0,1022.1,1027,72.4,0,0
763,2022-02-12 10:00,3.1,27.5,1.1,0,1021.8,1026.6,63.9,0,0
763,2022-02-12 11:00,6.5,340.8,1.3,0,1021.5,1026.2,56.7,0,0
763,2022-02-12 12:00,9.1,356.2,2.3,0,1020.6,1025.3,42.3,0,0
763,2022-02-12 13:00,10.3,1.1,2.5,0,1019.2,1023.9,30.8,0,0
763,2022-02-12 14:00,11.2,27.8,1.9,0,1018.4,1023,29.9,0,0
763,2022-02-12 15:00,12,2.3,2.1,0,1017.7,1022.3,22.1,0,0
763,2022-02-12 16:00,11.6,340.3,1.9,0,1017.3,1021.9,21.3,0,0
763,2022-02-12 17:00,10.9,344.1,1.8,0,1017.3,1021.9,22.4,0,0
763,2022-02-12 18:00,7.5,301.3,.6,0,1017.5,1022.2,32.3,0,0
763,2022-02-12 19:00,3.5,0,.2,0,1017.8,1022.6,53.2,0,0
763,2022-02-12 20:00,1.4,0,.2,0,1018.1,1022.9,61.4,0,0
763,2022-02-12 21:00,.4,0,0,0,1018.3,1023.1,60.7,0,0
763,2022-02-12 22:00,-.8,0,.1,0,1018.4,1023.2,64.3,0,0
763,2022-02-12 23:00,-1.6,0,.2,0,1018.2,1023.1,67.3,0,0
763,2022-02-13 00:00,-1.8,0,.1,0,1017.9,1022.8,70.4,0,0
763,2022-02-13 01:00,-2,0,0,0,1018,1022.9,73.4,0,0
763,2022-02-13 02:00,-1.8,0,0,0,1017.9,1022.8,77.3,0,0
763,2022-02-13 03:00,-1.8,0,.2,0,1017.7,1022.6,79.3,0,0
763,2022-02-13 04:00,-1.9,0,0,0,1017.2,1022.1,78.5,0,0
763,2022-02-13 05:00,-1,0,0,0,1016.9,1021.7,76.9,0,0
763,2022-02-13 06:00,-.9,0,0,0,1017,1021.8,75.2,0,0
763,2022-02-13 07:00,-2.3,0,.1,0,1017.3,1022.2,79.7,0,0
763,2022-02-13 08:00,-1.5,0,0,0,1017.5,1022.4,78.4,0,0
763,2022-02-13 09:00,1.1,0,.1,0,1017.2,1022,71.7,0,0
763,2022-02-13 10:00,3.8,12.4,1,0,1016.9,1021.7,58.6,0,0
763,2022-02-13 11:00,6.8,48.2,1.2,0,1017.1,1021.8,57.5,0,0
763,2022-02-13 12:00,9.2,43.3,1.2,0,1016.7,1021.3,45.8,0,0
763,2022-02-13 13:00,11.3,8.4,1.8,0,1015.4,1020,33.9,0,0
763,2022-02-13 14:00,11.4,333,1.7,0,1015,1019.6,27.1,0,0
763,2022-02-13 15:00,11.6,326.5,2.2,0,1014.8,1019.4,30.7,0,0
763,2022-02-13 16:00,11.2,.3,2.3,0,1014.7,1019.3,35.7,0,0
763,2022-02-13 17:00,10.5,349.5,1.9,0,1014.8,1019.4,34.6,0,0
763,2022-02-13 18:00,9,0,.2,0,1014.6,1019.2,37.9,0,0
763,2022-02-13 19:00,3.9,0,0,0,1015.2,1019.9,54.5,0,0
763,2022-02-13 20:00,1.9,0,0,0,1015.6,1020.4,62.5,0,0
763,2022-02-13 21:00,1.1,0,0,0,1016.1,1020.9,67.5,0,0
763,2022-02-13 22:00,.1,0,0,0,1016.3,1021.1,74.6,0,0
763,2022-02-13 23:00,-.8,0,0,0,1015.8,1020.6,73.6,0,0
763,2022-02-14 00:00,-1.1,0,.1,0,1016.2,1021,75.6,0,0
763,2022-02-14 01:00,-1.5,0,.1,0,1016.3,1021.1,76.7,0,0
763,2022-02-14 02:00,-2,0,0,0,1016.3,1021.2,81.2,0,0
763,2022-02-14 03:00,-2.6,0,0,0,1016.6,1021.5,82,0,0
763,2022-02-14 04:00,-2.5,0,.1,0,1016.2,1021.1,82.4,0,0
763,2022-02-14 05:00,-3.7,0,0,0,1016.2,1021.1,86.3,0,0
763,2022-02-14 06:00,-3.5,0,0,0,1015.7,1020.6,83.7,0,0
763,2022-02-14 07:00,-3.8,0,.1,0,1015.9,1020.8,88,0,0
763,2022-02-14 08:00,-3.8,0,.3,0,1016.6,1021.5,87.9,0,0
763,2022-02-14 09:00,.9,136.7,.7,0,1016.9,1021.7,72.6,0,0
763,2022-02-14 10:00,4.8,0,.2,0,1016.5,1021.2,61.3,0,0
763,2022-02-14 11:00,8,303.6,.6,0,1016.5,1021.2,52.7,0,0
763,2022-02-14 12:00,9.6,280.1,1.3,0,1016.4,1021,46.1,0,0
763,2022-02-14 13:00,10.1,266.3,1.9,0,1015.3,1019.9,34.5,0,0
763,2022-02-14 14:00,10.8,262,2.8,0,1014.6,1019.2,26.4,0,0
763,2022-02-14 15:00,10.3,280.9,3.8,0,1014.1,1018.7,29.5,0,0
763,2022-02-14 16:00,9.3,263.4,3.7,0,1014.7,1019.3,35.6,0,0
763,2022-02-14 17:00,8.2,281.4,4.1,0,1014.8,1019.5,44.4,0,0
763,2022-02-14 18:00,6.9,262.6,3.3,0,1014.9,1019.6,50.2,0,0
763,2022-02-14 19:00,5.3,257.9,2.3,0,1015.5,1020.2,86.3,0,0
763,2022-02-14 20:00,3.5,273.4,3.4,0,1016.3,1021.1,89.8,0,0
763,2022-02-14 21:00,3,286.7,3,0,1016.7,1021.5,87.2,0,0
763,2022-02-14 22:00,2.2,282.4,3.5,0,1017.5,1022.3,72.5,0,0
763,2022-02-14 23:00,1.6,283.9,3,0,1017.7,1022.5,67.3,0,0
763,2022-02-15 00:00,1.2,288.7,2.2,0,1017.8,1022.6,67.1,0,0
763,2022-02-15 01:00,1,270.5,2,0,1017.7,1022.5,65.9,0,0
763,2022-02-15 02:00,.5,287.4,3.3,0,1017.7,1022.5,66.5,0,0
763,2022-02-15 03:00,.3,273.8,1.9,0,1017.4,1022.2,67.2,0,0
763,2022-02-15 04:00,-.2,270.8,3.2,0,1017.2,1022,71.9,0,0
763,2022-02-15 05:00,-.2,257,1.7,0,1017.1,1021.9,70.2,0,0
763,2022-02-15 06:00,-.7,277.8,2.2,0,1017.5,1022.3,75.5,0,0
763,2022-02-15 07:00,-1.3,290.5,2.2,0,1018,1022.9,73,0,0
763,2022-02-15 08:00,-1.7,291.5,1.3,0,1018.2,1023.1,72.1,0,0
763,2022-02-15 09:00,-1.6,283.3,3.1,0,1018.7,1023.6,66.7,0,0
763,2022-02-15 10:00,-.6,284.3,3.7,0,1018.8,1023.6,64.3,0,0
763,2022-02-15 11:00,-1.3,302.4,3.3,0,1019,1023.9,73.7,0,0
763,2022-02-15 12:00,.1,280.9,4.2,0,1018.3,1023.1,55.3,0,0
763,2022-02-15 13:00,.1,317.8,3.3,0,1017.6,1022.4,51.3,0,0
763,2022-02-15 14:00,.2,308.2,3.1,0,1016.8,1021.6,49.2,0,0
763,2022-02-15 15:00,.1,289.1,4.4,0,1016.9,1021.7,54.4,0,0
763,2022-02-15 16:00,-.6,280.2,5.6,0,1017.4,1022.2,51.5,0,0
763,2022-02-15 17:00,-1.6,302,3.2,0,1018,1022.9,55.4,0,0
763,2022-02-15 18:00,-2.5,307.4,2.9,0,1018.3,1023.2,52.8,0,0
763,2022-02-15 19:00,-3.7,334.9,2.1,0,1018.9,1023.8,59.7,0,0
763,2022-02-15 20:00,-4.3,312,1.3,0,1019.2,1024.1,59.9,0,0
763,2022-02-15 21:00,-5.1,0,.3,0,1019.5,1024.4,65.2,0,0
763,2022-02-15 22:00,-6.2,0,0,0,1019.6,1024.6,72,0,0
763,2022-02-15 23:00,-6.7,0,0,0,1019.4,1024.4,74.5,0,0
763,2022-02-16 00:00,-7.3,0,0,0,1019.1,1024.1,77.8,0,0
763,2022-02-16 01:00,-7.6,0,.1,0,1019.1,1024.1,81,0,0
763,2022-02-16 02:00,-7.5,0,.4,0,1019.3,1024.3,78.4,0,0
763,2022-02-16 03:00,-7.9,0,0,0,1019.3,1024.3,83.4,0,0
763,2022-02-16 04:00,-8.5,0,.2,0,1019.1,1024.1,86.1,0,0
763,2022-02-16 05:00,-8.2,0,.3,0,1018.9,1023.9,85.5,0,0
763,2022-02-16 06:00,-7.2,0,.1,0,1019.1,1024.1,89.8,0,0
763,2022-02-16 07:00,-6.8,0,.1,0,1019.3,1024.3,92.9,0,0
763,2022-02-16 08:00,-7.3,0,0,0,1019.5,1024.5,95.5,0,0
763,2022-02-16 09:00,-4.8,33.9,.8,0,1020,1024.9,80,0,0
763,2022-02-16 10:00,-4.3,323,2.6,0,1020.3,1025.2,75.6,0,0
763,2022-02-16 11:00,-2.6,298.8,3.7,0,1020.5,1025.4,58.4,0,0
763,2022-02-16 12:00,-2.6,329.3,3.1,0,1020.3,1025.2,54.3,0,0
763,2022-02-16 13:00,-1.7,297,4,0,1019.3,1024.2,44,0,0
763,2022-02-16 14:00,-2.2,323.2,3.1,0,1018.9,1023.8,51.1,0,0
763,2022-02-16 15:00,-2.5,304.2,3.6,0,1018.6,1023.5,44.7,0,0
763,2022-02-16 16:00,-2.6,323.4,3.6,0,1018.6,1023.5,43.6,0,0
763,2022-02-16 17:00,-3.1,329.2,3.4,0,1018.7,1023.6,45,0,0
763,2022-02-16 18:00,-3.9,319.6,2.2,0,1019.1,1024,49.2,0,0
763,2022-02-16 19:00,-4.9,320.9,1.6,0,1019.4,1024.3,56,0,0
763,2022-02-16 20:00,-5.8,327.6,.9,0,1019.6,1024.5,61.9,0,0
763,2022-02-16 21:00,-5.9,305.5,.8,0,1019.6,1024.5,70.6,0,0
763,2022-02-16 22:00,-5.4,300.2,1.5,0,1020.2,1025.1,69.8,0,0
763,2022-02-16 23:00,-6.1,313.8,1.4,0,1020.8,1025.8,64.9,0,0
763,2022-02-17 00:00,-6.7,347.8,1.7,0,1021.5,1026.5,56,0,0
763,2022-02-17 01:00,-7.8,300.9,1.1,0,1021.9,1026.9,62.3,0,0
763,2022-02-17 02:00,-8.3,356.6,.6,0,1022,1027,63.2,0,0
763,2022-02-17 03:00,-9.8,0,.1,0,1022.4,1027.4,75.3,0,0
763,2022-02-17 04:00,-10.1,0,.3,0,1022.7,1027.7,77.3,0,0
763,2022-02-17 05:00,-11.2,0,0,0,1022.7,1027.8,82.8,0,0
763,2022-02-17 06:00,-11.3,0,0,0,1022.9,1028,84.4,0,0
763,2022-02-17 07:00,-11.4,0,0,0,1023.2,1028.3,86.2,0,0
763,2022-02-17 08:00,-10.3,0,.2,0,1023.9,1029,85.2,0,0
763,2022-02-17 09:00,-6.1,312.8,1.1,0,1024.3,1029.3,57.1,0,0
763,2022-02-17 10:00,-5.2,18.7,2.2,0,1024.2,1029.2,53.9,0,0
763,2022-02-17 11:00,-4.2,25.8,2.1,0,1024,1028.9,49,0,0
763,2022-02-17 12:00,-2.8,348.5,2,0,1023.5,1028.4,43.5,0,0
763,2022-02-17 13:00,-1.3,348.4,1.3,0,1022.6,1027.5,37.1,0,0
763,2022-02-17 14:00,-1,303.5,2.2,0,1022,1026.9,31.5,0,0
763,2022-02-17 15:00,-.2,343,2.1,0,1022.3,1027.2,27.9,0,0
763,2022-02-17 16:00,.5,349.1,1.9,0,1022.4,1027.2,27.4,0,0
763,2022-02-17 17:00,-.2,353.9,1.4,0,1022.8,1027.7,29.5,0,0
763,2022-02-17 18:00,-1.3,0,.4,0,1023,1027.9,31.9,0,0
763,2022-02-17 19:00,-2.8,0,.4,0,1023.9,1028.8,38.9,0,0
763,2022-02-17 20:00,-5.6,0,.3,0,1024.6,1029.6,57.7,0,0
763,2022-02-17 21:00,-6.7,0,0,0,1025,1030,60,0,0
763,2022-02-17 22:00,-8,0,.1,0,1025.7,1030.7,68.2,0,0
763,2022-02-17 23:00,-8,0,0,0,1025.9,1030.9,62.3,0,0
763,2022-02-18 00:00,-9.3,0,.1,0,1025.6,1030.6,74.4,0,0
763,2022-02-18 01:00,-9.8,0,0,0,1025.4,1030.5,74.7,0,0
763,2022-02-18 02:00,-9.2,0,.1,0,1025.8,1030.8,74,0,0
763,2022-02-18 03:00,-10.1,0,0,0,1025.9,1031,74.1,0,0
763,2022-02-18 04:00,-10.8,0,.2,0,1025.9,1031,78.3,0,0
763,2022-02-18 05:00,-10.4,0,0,0,1026.7,1031.8,78.9,0,0
763,2022-02-18 06:00,-10.6,0,0,0,1027.4,1032.5,78.8,0,0
763,2022-02-18 07:00,-10.1,0,0,0,1027.3,1032.4,76.1,0,13.4
763,2022-02-18 08:00,-9.9,0,.1,0,1027.8,1032.9,77.7,0,-13.4
763,2022-02-18 09:00,-7.2,37.2,.7,0,1028,1033,70.9,0,13.4
763,2022-02-18 10:00,-3.9,20.2,.6,0,1027.8,1032.8,59.3,0,-13.4
763,2022-02-18 11:00,.1,56.1,.8,0,1027,1031.9,40,0,13.4
763,2022-02-18 12:00,3.5,39.2,1.6,0,1026.2,1031,26.3,0,-13.4
763,2022-02-18 13:00,5.2,358.9,1.4,0,1024.7,1029.5,26,0,13.4
763,2022-02-18 14:00,5.6,297.7,1.5,0,1024,1028.8,28.4,0,-13.4
763,2022-02-18 15:00,5.7,279.4,1.9,0,1023.4,1028.2,28.7,0,13.4
763,2022-02-18 16:00,6.7,284.7,1.6,0,1023,1027.7,29.2,0,-13.4
763,2022-02-18 17:00,5.7,285.4,2.5,0,1023.3,1028.1,28.9,0,13.4
763,2022-02-18 18:00,4.2,336.4,1.1,0,1022.2,1027,37.8,0,-13.4
763,2022-02-18 19:00,.2,0,0,0,1022.6,1027.5,53.1,0,13.4
763,2022-02-18 20:00,.2,0,0,0,1022.5,1027.4,54.4,0,-13.4
763,2022-02-18 21:00,-.8,0,.2,0,1022.6,1027.5,62,0,13.4
763,2022-02-18 22:00,-1.1,0,0,0,1022.2,1027.1,65.2,0,-13.4
763,2022-02-18 23:00,-.6,0,.4,0,1021.3,1026.2,64.1,0,13.4
763,2022-02-19 00:00,-.5,0,0,0,1021.7,1026.6,65.4,0,-13.4
763,2022-02-19 01:00,-.5,0,.1,0,1021.4,1026.3,67,0,0
763,2022-02-19 02:00,-.8,2.9,.5,0,1021,1025.9,67.6,0,0
763,2022-02-19 03:00,-.9,0,0,0,1020.7,1025.6,70,0,0
763,2022-02-19 04:00,-.6,0,.2,0,1020.6,1025.5,70.3,0,0
763,2022-02-19 05:00,-.7,0,0,0,1020.5,1025.4,67.1,0,0
763,2022-02-19 06:00,-1.4,0,.1,0,1020,1024.9,68,0,0
763,2022-02-19 07:00,-3.2,0,.1,0,1019.6,1024.5,71.8,0,0
763,2022-02-19 08:00,-3.4,0,.2,0,1019.2,1024.1,70.2,0,0
763,2022-02-19 09:00,-.3,290.1,1.7,0,1020.9,1025.7,56.6,0,0
763,2022-02-19 10:00,.7,298.1,1.3,0,1021.6,1026.4,54.6,0,0
763,2022-02-19 11:00,2.6,356.8,1.7,0,1020.9,1025.7,47.1,0,0
763,2022-02-19 12:00,3.2,1.5,.9,0,1020,1024.8,47.4,0,0
763,2022-02-19 13:00,4,348,1.4,0,1018.9,1023.7,47.3,0,0
763,2022-02-19 14:00,4,287,2,0,1018.2,1023,52.1,0,0
763,2022-02-19 15:00,3.8,302.5,2.4,0,1017.8,1022.6,55.6,0,0
763,2022-02-19 16:00,4.4,315.6,2.1,0,1017.3,1022,52.2,0,0
763,2022-02-19 17:00,3.9,322,2,0,1017.1,1021.8,50.2,0,0
763,2022-02-19 18:00,2.5,332.5,1.2,0,1016.9,1021.7,50.8,0,0
763,2022-02-19 19:00,1.1,308.3,1.3,0,1017.2,1022,58.4,0,0
763,2022-02-19 20:00,.8,327.9,2.3,0,1017.7,1022.5,62,0,0
763,2022-02-19 21:00,-1,316.5,2.8,0,1018.2,1023,60.6,0,0
763,2022-02-19 22:00,-1.5,321.7,2.6,0,1019.4,1024.3,56,0,0
763,2022-02-19 23:00,-2.2,309.7,2.6,0,1020.2,1025.1,57.9,0,0
763,2022-02-20 00:00,-3.1,327.2,1.5,0,1020.5,1025.4,57.6,0,0
763,2022-02-20 01:00,-4,338.3,1,0,1020.7,1025.6,62.7,0,0
763,2022-02-20 02:00,-4.4,338.9,1.1,0,1020.5,1025.4,63.7,0,0
763,2022-02-20 03:00,-4.7,325.6,1.5,0,1020.2,1025.1,68,0,0
763,2022-02-20 04:00,-6,306.5,1,0,1019.8,1024.7,78.5,0,0
763,2022-02-20 05:00,-5.9,331.3,1.1,0,1020.2,1025.1,79.3,0,0
763,2022-02-20 06:00,-5.5,323.4,1.4,0,1020.6,1025.5,65.3,0,0
763,2022-02-20 07:00,-5.7,321.9,1.9,0,1021.3,1026.2,60.9,0,0
763,2022-02-20 08:00,-5.5,344.6,1.4,0,1022.3,1027.3,56.3,0,8.8
763,2022-02-20 09:00,-3.8,347,2.2,0,1023.1,1028,47.6,0,-8.8
763,2022-02-20 10:00,-3,307.3,2.8,0,1023.5,1028.4,39.3,0,8.8
763,2022-02-20 11:00,-1.8,322.5,2.8,0,1023.9,1028.8,32.8,0,-8.8
763,2022-02-20 12:00,-.2,342.7,3.2,0,1023.6,1028.5,24.9,0,8.8
763,2022-02-20 13:00,.2,324.8,3.6,0,1022.7,1027.6,22.9,0,-8.8
763,2022-02-20 14:00,.7,312.5,3.9,0,1022.1,1026.9,22.9,0,8.8
763,2022-02-20 15:00,1.2,356.7,2.4,0,1021.8,1026.6,25.3,0,-8.8
763,2022-02-20 16:00,.6,294,2.6,0,1022,1026.8,29.3,0,8.8
763,2022-02-20 17:00,0,284.9,3.2,0,1022.1,1027,31.4,0,-8.8
763,2022-02-20 18:00,-1.6,278.1,3.6,0,1022.7,1027.6,41.9,0,8.8
763,2022-02-20 19:00,-2.6,277.9,2,0,1023,1027.9,52.4,0,-8.8
763,2022-02-20 20:00,-3.4,289.7,1.1,0,1023.8,1028.7,55.7,0,8.8
763,2022-02-20 21:00,-5.7,0,.1,0,1024.3,1029.3,65,0,-8.8
763,2022-02-20 22:00,-5.1,0,.2,0,1025,1030,63.8,0,8.8
763,2022-02-20 23:00,-5.6,0,.2,0,1025.1,1030.1,70.9,0,-8.8
763,2022-02-21 00:00,-6.7,0,0,0,1024.7,1029.7,77.3,0,8.8
763,2022-02-21 01:00,-7,0,.1,0,1024.5,1029.5,79.6,0,0
763,2022-02-21 02:00,-6.6,0,0,0,1024.5,1029.5,82.9,0,0
763,2022-02-21 03:00,-7.7,0,.3,0,1024.3,1029.3,85.8,0,0
763,2022-02-21 04:00,-7.9,0,0,0,1023.7,1028.7,87.1,0,0
763,2022-02-21 05:00,-8.2,12.8,.5,0,1024.2,1029.2,89.9,0,0
763,2022-02-21 06:00,-9.1,0,0,0,1024.2,1029.2,90.6,0,0
763,2022-02-21 07:00,-9.5,0,0,0,1024.6,1029.6,90.8,0,0
763,2022-02-21 08:00,-8.7,0,0,0,1025.4,1030.4,90.5,0,0
763,2022-02-21 09:00,-3.8,357.9,.6,0,1025.6,1030.5,79.9,0,0
763,2022-02-21 10:00,.8,0,.4,0,1025.2,1030.1,57.9,0,13.4
763,2022-02-21 11:00,2.9,209.4,1.1,0,1024.8,1029.6,45.9,0,-13.4
763,2022-02-21 12:00,4.2,203.6,1.7,0,1024.1,1028.9,41.4,0,13.4
763,2022-02-21 13:00,4.4,263,3.4,0,1023.4,1028.2,42.9,0,-13.4
763,2022-02-21 14:00,5.4,283.1,4.9,0,1022.7,1027.5,36.3,0,13.4
763,2022-02-21 15:00,5.1,283,5,0,1022.3,1027.1,37.6,0,-13.4
763,2022-02-21 16:00,4.7,266.6,4,0,1022.6,1027.4,39.7,0,13.4
763,2022-02-21 17:00,4.3,277.2,3.8,0,1022.6,1027.4,47.7,0,-13.4
763,2022-02-21 18:00,3.3,266.5,3.4,0,1023.1,1027.9,55.2,0,13.4
763,2022-02-21 19:00,1.6,265.3,2.1,0,1023.8,1028.6,61.2,0,-13.4
763,2022-02-21 20:00,-.6,285.6,1,0,1024.6,1029.5,66.3,0,13.4
763,2022-02-21 21:00,-3.1,3.3,.7,0,1025,1029.9,71.8,0,-13.4
763,2022-02-21 22:00,-4.6,0,.1,0,1025.6,1030.6,76.9,0,13.4
763,2022-02-21 23:00,-5.3,0,.1,0,1026.4,1031.4,78.5,0,-13.4
763,2022-02-22 00:00,-6.3,0,0,0,1026.6,1031.6,81.4,0,13.4
763,2022-02-22 01:00,-6.1,0,.1,0,1026.6,1031.6,79.4,0,0
763,2022-02-22 02:00,-6.7,0,0,0,1026.6,1031.6,82.4,0,0
763,2022-02-22 03:00,-7.1,0,0,0,1026.9,1031.9,84,0,0
763,2022-02-22 04:00,-6.1,282.5,.7,0,1026.7,1031.7,81.6,0,0
763,2022-02-22 05:00,-7.9,0,0,0,1027.1,1032.1,84.4,0,0
763,2022-02-22 06:00,-8.5,0,.1,0,1027.8,1032.8,87.3,0,0
763,2022-02-22 07:00,-8.8,0,0,0,1027.9,1032.9,88.7,0,0
763,2022-02-22 08:00,-7.9,0,0,0,1028.5,1033.5,82.3,0,0
763,2022-02-22 09:00,-2.8,20.3,1.5,0,1029.1,1034,46.3,0,0
763,2022-02-22 10:00,-1.7,73.4,1.8,0,1028.7,1033.6,40.5,0,0
763,2022-02-22 11:00,-.8,53.7,1.5,0,1028.7,1033.6,36.2,0,0
763,2022-02-22 12:00,.5,23.2,1.6,0,1028.2,1033.1,34.6,0,0
763,2022-02-22 13:00,1.2,266.9,1.2,0,1027.4,1032.3,35.1,0,0
763,2022-02-22 14:00,2,310.3,3.1,0,1026.6,1031.4,32.8,0,0
763,2022-02-22 15:00,2.4,276.7,5.4,0,1026.6,1031.4,34.6,0,0
763,2022-02-22 16:00,1.8,283.5,4.2,0,1026.5,1031.3,41.6,0,0
763,2022-02-22 17:00,1.1,283,3.8,0,1026.3,1031.2,45.4,0,0
763,2022-02-22 18:00,-.1,286.9,3.2,0,1026.1,1031,51.7,0,0
763,2022-02-22 19:00,-1.6,297.1,1.4,0,1026.6,1031.5,60.4,0,0
763,2022-02-22 20:00,-2.6,289.6,.7,0,1027.2,1032.1,68.7,0,0
763,2022-02-22 21:00,-2.2,314.5,.9,0,1027.7,1032.6,77.3,0,0
763,2022-02-22 22:00,-3.1,335.2,1.9,0,1027.9,1032.8,64.3,0,0
763,2022-02-22 23:00,-3.3,324.1,1.4,0,1028.7,1033.6,65.5,0,0
763,2022-02-23 00:00,-3.9,0,.3,0,1028.4,1033.4,70.6,0,0
763,2022-02-23 01:00,-4.6,330.8,1.8,0,1029.4,1034.4,59.9,0,0
763,2022-02-23 02:00,-5.4,351.2,2.6,0,1029.3,1034.3,52.4,0,0
763,2022-02-23 03:00,-6.4,330.3,.8,0,1029.5,1034.5,52.8,0,0
763,2022-02-23 04:00,-7.3,0,.2,0,1029.4,1034.4,57.7,0,0
763,2022-02-23 05:00,-8,0,.2,0,1029.4,1034.4,64.3,0,0
763,2022-02-23 06:00,-8.4,0,0,0,1029.4,1034.4,68.3,0,0
763,2022-02-23 07:00,-8.9,0,0,0,1029.7,1034.8,70.8,0,0
763,2022-02-23 08:00,-8.6,0,0,0,1030.1,1035.2,69.9,0,0
763,2022-02-23 09:00,-6,0,.2,0,1030.7,1035.7,53,0,0
763,2022-02-23 10:00,-4.8,12.6,.8,0,1030.4,1035.4,42.8,0,0
763,2022-02-23 11:00,-3.3,13.2,1.3,0,1030.3,1035.3,46.2,0,0
763,2022-02-23 12:00,-2,348.5,1.9,0,1029.7,1034.6,40.7,0,0
763,2022-02-23 13:00,.3,339.3,2.2,0,1028.4,1033.3,34,0,0
763,2022-02-23 14:00,.8,95.8,1.6,0,1027.1,1032,31.1,9.46,5.2
763,2022-02-23 15:00,1,309.7,1.5,0,1026.2,1031.1,28.2,-9.46,-5.2
763,2022-02-23 16:00,2.4,325.4,2.8,0,1026,1030.8,24,9.46,5.2
763,2022-02-23 17:00,1.5,311.7,2.8,0,1025.9,1030.7,24.3,-9.46,-5.2
763,2022-02-23 18:00,-.3,317.6,2.6,0,1026.5,1031.4,29.4,9.46,5.2
763,2022-02-23 19:00,-2.3,336.7,1.9,0,1027.7,1032.6,36.1,-9.46,-5.2
763,2022-02-23 20:00,-3.3,316.7,2,0,1028.4,1033.3,38.8,9.46,5.2
763,2022-02-23 21:00,-5.6,0,0,0,1028.6,1033.6,48.8,-9.46,-5.2
763,2022-02-23 22:00,-7.4,0,.1,0,1028.6,1033.6,59.6,9.46,5.2
763,2022-02-23 23:00,-7.1,0,.2,0,1028.6,1033.6,56.3,-9.46,-5.2
763,2022-02-24 00:00,-7.8,0,.4,0,1028.2,1033.2,61.7,9.46,5.2
763,2022-02-24 01:00,-8,97.4,.5,0,1028,1033,62.8,0,0
763,2022-02-24 02:00,-8,0,.2,0,1028.4,1033.4,65.1,0,0
763,2022-02-24 03:00,-8.4,0,.3,0,1028.2,1033.2,67.9,0,0
763,2022-02-24 04:00,-9,0,.3,0,1027.9,1033,71.3,0,0
763,2022-02-24 05:00,-9.3,0,0,0,1027.9,1033,76.1,0,0
763,2022-02-24 06:00,-8,268,.6,0,1028,1033,72.8,0,0
763,2022-02-24 07:00,-7.7,0,.4,0,1028.2,1033.2,75.1,0,0
763,2022-02-24 08:00,-8.1,11.8,.5,0,1028.3,1033.3,80,0,0
763,2022-02-24 09:00,-4.3,18.3,.6,0,1028.7,1033.7,62.2,0,0
763,2022-02-24 10:00,-1.4,0,.4,0,1028.7,1033.6,34.7,0,0
763,2022-02-24 11:00,.8,25.4,1.1,0,1028.5,1033.4,30.9,0,0
763,2022-02-24 12:00,2,310.1,1.9,0,1028.1,1032.9,34,0,0
763,2022-02-24 13:00,3.3,104.4,1,0,1027,1031.8,35,0,0
763,2022-02-24 14:00,4.1,17.4,1.7,0,1025.7,1030.5,37,0,0
763,2022-02-24 15:00,4.8,271.2,3.7,0,1024.9,1029.7,27,0,0
763,2022-02-24 16:00,4.8,290.1,3,0,1024.4,1029.2,34.2,0,0
763,2022-02-24 17:00,4,318.8,3.5,0,1024.6,1029.4,38.3,0,0
763,2022-02-24 18:00,2.6,301.9,2.9,0,1024.9,1029.7,45.8,0,0
763,2022-02-24 19:00,.6,290.9,1.6,0,1025,1029.9,58.2,0,0
763,2022-02-24 20:00,-.3,291.5,1.3,0,1025.4,1030.3,62.4,0,0
763,2022-02-24 21:00,-3.1,0,.1,0,1025.3,1030.2,73,0,0
763,2022-02-24 22:00,-2.3,0,.4,0,1025.3,1030.2,75,0,0
763,2022-02-24 23:00,-4.4,0,.4,0,1025.3,1030.3,77.7,0,0
763,2022-02-25 00:00,-5.3,0,0,0,1024.8,1029.8,80.6,0,0
763,2022-02-25 01:00,-5.6,0,.3,0,1024.6,1029.6,83.5,0,0
763,2022-02-25 02:00,-6,0,0,0,1024.7,1029.7,87.5,0,0
763,2022-02-25 03:00,-7.1,0,0,0,1024.6,1029.6,87.3,0,0
763,2022-02-25 04:00,-6.9,0,.1,0,1024.4,1029.4,92.1,0,0
763,2022-02-25 05:00,-7.4,0,0,0,1024.6,1029.6,91.3,0,0
763,2022-02-25 06:00,-7.3,0,0,0,1024.7,1029.7,92,0,0
763,2022-02-25 07:00,-7.5,0,0,0,1025.1,1030.1,91.6,0,0
763,2022-02-25 08:00,-6.3,0,0,0,1025.2,1030.2,91,0,0
763,2022-02-25 09:00,-2.8,0,.2,0,1025.7,1030.6,86.6,0,0
763,2022-02-25 10:00,1.7,0,.4,0,1025.7,1030.5,73.3,0,0
763,2022-02-25 11:00,6,168.2,.8,0,1025.2,1030,57.9,0,0
763,2022-02-25 12:00,7.8,239.8,1.8,0,1024.5,1029.2,53.2,0,0
763,2022-02-25 13:00,8.6,242.7,1.6,0,1023.4,1028.1,49.7,0,0
763,2022-02-25 14:00,8.8,259.8,3.2,0,1022.5,1027.2,49,0,0
763,2022-02-25 15:00,8.9,276.3,2.6,0,1021.6,1026.3,48.8,0,0
763,2022-02-25 16:00,8.9,276.7,3,0,1021.5,1026.2,53.8,0,0
763,2022-02-25 17:00,7.9,283.1,3.1,0,1021.3,1026,60,0,0
763,2022-02-25 18:00,7,268,1.3,0,1021.2,1025.9,64.6,0,0
763,2022-02-25 19:00,5.2,0,.4,0,1021.3,1026.1,72.9,0,0
763,2022-02-25 20:00,4.8,246.6,.8,0,1021.5,1026.3,76.4,0,0
763,2022-02-25 21:00,4.8,231.4,.6,0,1021.6,1026.4,78,0,0
763,2022-02-25 22:00,4.4,221.6,.5,0,1021.8,1026.6,80.1,0,0
763,2022-02-25 23:00,4.9,181.9,.7,0,1021.3,1026,81,0,0
763,2022-02-26 00:00,4.5,196.8,.6,0,1020.7,1025.5,83.1,0,0
763,2022-02-26 01:00,4.6,163.7,1.2,0,1020.3,1025,82.4,0,0
763,2022-02-26 02:00,4.6,163.5,1.3,0,1019.8,1024.5,83.8,0,0
763,2022-02-26 03:00,4.2,167.5,.9,0,1019.3,1024.1,85.3,0,0
763,2022-02-26 04:00,4.6,168.9,1.2,0,1018.9,1023.6,83.5,0,0
763,2022-02-26 05:00,4.3,157.2,1.4,0,1018.7,1023.4,83.6,0,0
763,2022-02-26 06:00,3.8,159.1,1.3,0,1018.6,1023.4,81.7,0,0
763,2022-02-26 07:00,4.1,182.9,1.8,0,1018.9,1023.7,76,0,0
763,2022-02-26 08:00,4.7,175.6,2,0,1018.6,1023.3,76.4,0,0
763,2022-02-26 09:00,5.4,168.6,2.1,0,1018.3,1023,67.8,0,0
763,2022-02-26 10:00,7,186,2.3,0,1018,1022.7,59.4,0,0
763,2022-02-26 11:00,9.1,201.8,1.9,0,1017.3,1022,51.1,0,0
763,2022-02-26 12:00,10.7,209.4,1.4,0,1016.4,1021,46.9,0,0
763,2022-02-26 13:00,11.3,256.1,4.8,0,1015,1019.6,33.2,0,0
763,2022-02-26 14:00,11.8,257.1,4.1,0,1013.8,1018.4,36,0,0
763,2022-02-26 15:00,10.9,246.4,4.5,0,1012.8,1017.4,40,0,0
763,2022-02-26 16:00,10.2,247.2,4.6,0,1011.9,1016.5,54,0,0
763,2022-02-26 17:00,10.2,250.4,2.9,0,1011.5,1016.1,52.7,0,0
763,2022-02-26 18:00,9,250.3,3,0,1011.1,1015.7,60,0,0
763,2022-02-26 19:00,8.6,218.9,2.6,0,1011.4,1016,63.2,0,0
763,2022-02-26 20:00,8.6,194.5,2.3,0,1011,1015.6,65.5,0,0
763,2022-02-26 21:00,7.8,243.2,4.1,0,1011,1015.7,82.4,0,0
763,2022-02-26 22:00,5.2,270.3,5.5,0,1012.7,1017.4,82.5,0,0
763,2022-02-26 23:00,3,314.2,1.2,0,1014.5,1019.3,73.4,0,0
763,2022-02-27 00:00,-.2,0,.3,0,1014.8,1019.6,92.4,0,0
763,2022-02-27 01:00,-.4,0,.3,0,1015.5,1020.3,86.5,0,0
763,2022-02-27 02:00,-1.2,0,.2,0,1016.1,1020.9,87.8,0,0
763,2022-02-27 03:00,-1.1,113.3,.7,0,1016.5,1021.3,85.8,0,0
763,2022-02-27 04:00,-2.6,0,.1,0,1016.8,1021.7,92.6,0,0
763,2022-02-27 05:00,-2.2,0,.1,0,1017.2,1022.1,91.6,0,0
763,2022-02-27 06:00,-2.8,0,0,0,1018,1022.9,92.2,0,0
763,2022-02-27 07:00,-3.7,0,.3,0,1018.5,1023.4,95.8,0,0
763,2022-02-27 08:00,-2.1,0,.3,0,1018.9,1023.8,91.3,0,0
763,2022-02-27 09:00,2.5,124.8,.8,0,1019.7,1024.5,67.8,0,0
763,2022-02-27 10:00,5,234,.8,0,1020,1024.8,40,0,0
763,2022-02-27 11:00,6.5,23.3,.6,0,1019.6,1024.3,30.3,0,0
763,2022-02-27 12:00,7.8,256.9,1.5,0,1019.6,1024.3,29.2,0,0
763,2022-02-27 13:00,9.6,233.2,1.6,0,1019.1,1023.7,29,0,0
763,2022-02-27 14:00,9.3,275.5,2.6,0,1018.4,1023.1,23.8,0,0
763,2022-02-27 15:00,9.8,283.9,3.7,0,1017.9,1022.5,23.8,0,0
763,2022-02-27 16:00,9,277.2,4.3,0,1017.6,1022.3,27.4,0,0
763,2022-02-27 17:00,8.3,274.1,3.8,0,1017.8,1022.5,32.7,0,0
763,2022-02-27 18:00,6.6,255.4,2.9,0,1018.1,1022.8,44.7,0,0
763,2022-02-27 19:00,4.7,247.8,1.3,0,1018.3,1023,59.5,0,0
763,2022-02-27 20:00,3.8,203.6,.5,0,1019.1,1023.9,67.2,0,0
763,2022-02-27 21:00,2.9,148.4,.7,0,1019.3,1024.1,70.8,0,0
763,2022-02-27 22:00,3.6,174.2,1.2,0,1019.6,1024.4,70.3,0,0
763,2022-02-27 23:00,3.9,160.2,1,0,1019.7,1024.5,66.8,0,0
763,2022-02-28 00:00,4.3,156.4,1.9,0,1019.3,1024.1,62,0,0
763,2022-02-28 01:00,3.7,174.3,.6,0,1019.4,1024.2,64.5,0,0
763,2022-02-28 02:00,1.2,0,.4,0,1019.8,1024.6,71.9,0,0
763,2022-02-28 03:00,0,124.7,.5,0,1019.2,1024,77.4,0,0
763,2022-02-28 04:00,-1.7,307,.6,0,1019.1,1024,86.1,0,0
763,2022-02-28 05:00,-2.9,0,0,0,1019,1023.9,90.2,0,0
763,2022-02-28 06:00,-4,0,.4,0,1019.7,1024.6,93.6,0,0
763,2022-02-28 07:00,-4,0,0,0,1019.6,1024.5,94.2,0,0
763,2022-02-28 08:00,-1.5,0,0,0,1020,1024.9,89,0,0
763,2022-02-28 09:00,2.3,0,.2,0,1019.9,1024.7,75.1,0,0
763,2022-02-28 10:00,5.4,51.6,1,0,1019.4,1024.1,59.7,0,0
763,2022-02-28 11:00,9.2,33.4,1,0,1018.6,1023.3,43.7,0,0
763,2022-02-28 12:00,12.2,337.4,1.1,0,1017.8,1022.4,37,0,0
763,2022-02-28 13:00,13.4,315.9,1.4,0,1016.4,1021,20.1,0,0
763,2022-02-28 14:00,13.7,333.1,1.1,0,1015.2,1019.8,17.9,0,0
763,2022-02-28 15:00,13.9,347.8,1.6,0,1014.5,1019.1,16.8,0,0
763,2022-02-28 16:00,13.4,31.2,1.6,0,1013.8,1018.4,19.1,0,0
763,2022-02-28 17:00,13.1,9.3,1.1,0,1013.3,1017.9,20.2,0,0
763,2022-02-28 18:00,12,271.1,1.8,0,1013.3,1017.9,26.5,0,0
763,2022-02-28 19:00,9.9,316.8,1.4,0,1013.9,1018.5,29.7,0,0
763,2022-02-28 20:00,7.9,249.5,.6,0,1014.3,1019,42.8,0,0
763,2022-02-28 21:00,6.2,0,.4,0,1013.4,1018.1,45.8,0,0
763,2022-02-28 22:00,3.9,0,.4,0,1013.2,1017.9,58.7,0,0
763,2022-02-28 23:00,3.2,0,.2,0,1012.8,1017.5,61.9,0,0
763,2022-03-01 00:00,6,180.1,.9,0,1011.9,1016.6,50.8,0,0
763,2022-03-01 01:00,9.4,158.6,1.5,0,1011.7,1016.3,34.2,0,0
763,2022-03-01 02:00,5.7,147.5,.7,0,1011.3,1016,56.8,0,0
763,2022-03-01 03:00,4.9,0,.3,0,1010.3,1015,59.2,0,0
763,2022-03-01 04:00,4.1,10.9,.9,0,1009.4,1014.1,82.3,0,0
763,2022-03-01 05:00,3.1,0,.4,0,1009.8,1014.5,94.7,0,0
763,2022-03-01 06:00,3.5,0,.4,1,1009.1,1013.8,98.3,0,0
763,2022-03-01 07:00,3.8,276.7,.9,0,1009.3,1014,99.9,0,0
763,2022-03-01 08:00,4.3,0,.4,.5,1009.9,1014.6,99.9,0,0
763,2022-03-01 09:00,5.1,0,.3,0,1010.4,1015.1,99.9,0,0
763,2022-03-01 10:00,7.3,0,.1,0,1010.3,1015,99.9,0,0
763,2022-03-01 11:00,8.9,195.6,.8,0,1009.8,1014.4,95.4,0,0
763,2022-03-01 12:00,9.7,238.5,1.4,0,1010,1014.6,87.2,0,0
763,2022-03-01 13:00,9.8,249.5,2,0,1009.2,1013.8,88.9,0,0
763,2022-03-01 14:00,9.5,234.1,1.9,0,1008.9,1013.5,81.1,0,0
763,2022-03-01 15:00,9.6,212.8,1.3,0,1008.9,1013.5,78.3,0,0
763,2022-03-01 16:00,9.1,239.3,1.9,0,1009.6,1014.2,80.3,0,0
763,2022-03-01 17:00,7.3,243.5,2.2,0,1010.3,1015,80.9,0,0
763,2022-03-01 18:00,6.5,227,1.2,0,1011,1015.7,78.8,0,0
763,2022-03-01 19:00,4.6,204.7,.5,0,1011.7,1016.4,87.1,0,0
763,2022-03-01 20:00,3.7,173.9,.5,0,1012.7,1017.4,85.7,0,0
763,2022-03-01 21:00,1.7,110.8,.5,0,1013.7,1018.5,95.2,0,0
763,2022-03-01 22:00,1.3,0,.3,0,1014.4,1019.2,91.3,0,0
763,2022-03-01 23:00,0,134.3,.6,0,1014.6,1019.4,97.4,0,0
763,2022-03-02 00:00,-1.2,0,.2,0,1014.9,1019.7,94.2,0,0
763,2022-03-02 01:00,-2.1,0,.2,0,1014.7,1019.6,96.6,0,0
763,2022-03-02 02:00,-2.4,0,.3,0,1015,1019.9,95.5,0,0
763,2022-03-02 03:00,-3.1,0,0,0,1015.1,1020,96.1,0,0
763,2022-03-02 04:00,-3.4,0,.1,0,1014.5,1019.4,94.2,0,0
763,2022-03-02 05:00,-3.7,0,.1,0,1014.6,1019.5,90.7,0,0
763,2022-03-02 06:00,-3.7,0,.3,0,1014.4,1019.3,91.8,0,0
763,2022-03-02 07:00,-5.3,0,.1,0,1014.6,1019.5,95.9,0,0
763,2022-03-02 08:00,-4,0,0,0,1015.3,1020.2,94.5,0,0
763,2022-03-02 09:00,-.3,0,.2,0,1015.7,1020.5,82.5,0,0
763,2022-03-02 10:00,3.1,0,.3,0,1015.8,1020.6,64.1,0,0
763,2022-03-02 11:00,5.3,323.8,1.3,0,1015.6,1020.3,39,0,0
763,2022-03-02 12:00,6.2,283.2,1.7,0,1015.2,1019.9,43.3,0,0
763,2022-03-02 13:00,7.4,212.4,1.7,0,1014.4,1019.1,38.9,0,0
763,2022-03-02 14:00,8.3,247.2,1.9,0,1013.5,1018.2,41,0,0
763,2022-03-02 15:00,8.3,239.8,2.5,0,1012.9,1017.5,38.8,0,0
763,2022-03-02 16:00,7.7,261.5,4,0,1012.8,1017.5,41.5,0,0
763,2022-03-02 17:00,6.7,256.2,4.6,0,1013,1017.7,48.9,0,0
763,2022-03-02 18:00,5.5,270,4,0,1013.5,1018.2,56.7,0,0
763,2022-03-02 19:00,4.6,257.1,1.9,0,1013.8,1018.5,60.6,0,0
763,2022-03-02 20:00,2.7,0,.2,0,1014.3,1019.1,68.6,0,0
763,2022-03-02 21:00,3.6,216.3,.6,0,1014.2,1018.9,70.1,0,0
763,2022-03-02 22:00,2.3,157.8,.7,0,1014.6,1019.4,75.9,0,0
763,2022-03-02 23:00,1.7,149.7,.7,0,1014.5,1019.3,77.7,0,0
763,2022-03-03 00:00,2.7,190.8,.6,0,1014.5,1019.3,71.7,0,0
763,2022-03-03 01:00,2.5,161.7,.5,0,1014.3,1019.1,74,0,0
763,2022-03-03 02:00,2.4,161.9,.7,0,1014.6,1019.4,74.4,0,0
763,2022-03-03 03:00,2.1,149.5,.6,0,1014.1,1018.9,77.4,0,0
763,2022-03-03 04:00,-.7,102.9,.6,0,1013.6,1018.4,89.4,0,0
763,2022-03-03 05:00,-2,38.9,.6,0,1013.9,1018.7,93.5,0,0
763,2022-03-03 06:00,-2,0,.4,0,1014.2,1019,94.4,0,0
763,2022-03-03 07:00,-.9,0,.4,0,1014.3,1019.1,95.8,0,0
763,2022-03-03 08:00,-.5,0,.3,0,1015.1,1019.9,94.2,0,0
763,2022-03-03 09:00,5.9,186.1,1.1,0,1015.6,1020.3,78.4,0,0
763,2022-03-03 10:00,7.3,207.4,1,0,1015.6,1020.3,69.8,0,0
763,2022-03-03 11:00,8.3,198.4,1.5,0,1015.5,1020.2,61.2,0,0
763,2022-03-03 12:00,10.6,172.5,1.4,0,1014.9,1019.5,46.8,0,0
763,2022-03-03 13:00,11.8,212.2,1.9,0,1014.2,1018.8,41.2,0,0
763,2022-03-03 14:00,12.5,229.6,2.3,0,1013.4,1018,34,0,0
763,2022-03-03 15:00,13.1,274.6,2.6,0,1012.9,1017.5,27.2,0,0
763,2022-03-03 16:00,12.7,293.1,3.4,0,1013,1017.6,22.3,0,0
763,2022-03-03 17:00,11.9,273.7,2.5,0,1012.9,1017.5,24.3,0,0
763,2022-03-03 18:00,10.3,273,1.8,0,1012.6,1017.2,29.5,0,0
763,2022-03-03 19:00,6.3,0,0,0,1013,1017.7,44.3,0,0
763,2022-03-03 20:00,4.2,0,.2,0,1013.5,1018.2,65.5,0,0
763,2022-03-03 21:00,2.7,0,0,0,1013.7,1018.5,69.3,0,0
763,2022-03-03 22:00,.4,0,0,0,1014,1018.8,74.3,0,0
763,2022-03-03 23:00,.1,0,0,0,1013.7,1018.5,75,0,0
763,2022-03-04 00:00,.9,0,.2,0,1013.2,1018,81.4,0,0
763,2022-03-04 01:00,-.1,0,.1,0,1013.2,1018,87.8,0,0
763,2022-03-04 02:00,-.9,0,.2,0,1013.3,1018.1,93.5,0,0
763,2022-03-04 03:00,-.8,0,.1,0,1012.8,1017.6,89.8,0,0
763,2022-03-04 04:00,-2.5,0,.1,0,1012.5,1017.4,93.5,0,0
763,2022-03-04 05:00,-1.8,0,.2,0,1012.9,1017.7,93.1,0,0
763,2022-03-04 06:00,-1.1,0,.3,0,1012.7,1017.5,93.3,0,0
763,2022-03-04 07:00,.3,358.9,.6,0,1012.3,1017.1,90.6,0,0
763,2022-03-04 08:00,5.3,112.3,1.7,0,1012.1,1016.8,79,0,0
763,2022-03-04 09:00,8.2,149.4,1.4,0,1011.6,1016.2,68.9,0,0
763,2022-03-04 10:00,10.1,156.4,1.9,0,1010.7,1015.3,58.4,0,0
763,2022-03-04 11:00,12,177.8,2.1,0,1009.5,1014.1,45.8,0,0
763,2022-03-04 12:00,13.7,189.4,2.1,0,1008.6,1013.1,38.1,0,0
763,2022-03-04 13:00,15.3,207.9,2.7,0,1007.7,1012.2,30.4,0,0
763,2022-03-04 14:00,16,224.2,2.8,0,1006.5,1011,30.4,0,0
763,2022-03-04 15:00,16.5,199.3,2.7,0,1005.5,1010,33.6,0,0
763,2022-03-04 16:00,15.7,237.5,2.6,0,1005.1,1009.6,32.8,0,0
763,2022-03-04 17:00,14.8,204.8,3.4,0,1004.5,1009,34.2,0,0
763,2022-03-04 18:00,13.7,227,3,0,1004.8,1009.3,41.5,0,0
763,2022-03-04 19:00,12.4,198,2.9,0,1005,1009.5,47.8,0,0
763,2022-03-04 20:00,11.9,240.6,3.2,0,1006.3,1010.9,44.2,0,0
763,2022-03-04 21:00,10.5,231.8,3.2,0,1006.9,1011.5,63.7,0,0
763,2022-03-04 22:00,9.9,233.9,3,0,1007.6,1012.2,82.9,0,0
763,2022-03-04 23:00,9.4,231,2.3,0,1007.3,1011.9,83.9,0,0
763,2022-03-05 00:00,8.6,229.1,2.9,0,1007.5,1012.1,87.1,0,0
763,2022-03-05 01:00,7.5,231.7,1.7,0,1007.6,1012.2,82.4,0,0
763,2022-03-05 02:00,6.7,245.2,2.1,0,1008.1,1012.8,75.9,0,0
763,2022-03-05 03:00,5.8,258.4,2.4,0,1008.5,1013.2,75.5,0,0
763,2022-03-05 04:00,3.3,0,.4,0,1008.4,1013.1,85.4,0,0
763,2022-03-05 05:00,1.9,0,.4,0,1009.5,1014.3,84.6,0,0
763,2022-03-05 06:00,2.5,324.4,.8,0,1010.5,1015.2,67,0,0
763,2022-03-05 07:00,-.7,0,.1,0,1010.9,1015.7,84.4,0,0
763,2022-03-05 08:00,3.2,267,4,0,1012,1016.7,56.8,0,0
763,2022-03-05 09:00,3.8,318.3,3.2,0,1013.3,1018,23.1,0,0
763,2022-03-05 10:00,4.3,303.2,3,0,1013.6,1018.3,25.8,0,0
763,2022-03-05 11:00,5.3,289.2,4.7,0,1013,1017.7,30.5,0,0
763,2022-03-05 12:00,6.2,295.2,5.4,0,1013,1017.7,28.4,0,0
763,2022-03-05 13:00,6.3,285.1,4.6,0,1012.8,1017.5,26.7,0,0
763,2022-03-05 14:00,6.7,287.7,6.2,0,1012.6,1017.3,26.8,0,0
763,2022-03-05 15:00,6.6,279.9,6.8,0,1012.8,1017.5,25.3,0,0
763,2022-03-05 16:00,6.6,305.5,4.9,0,1013.2,1017.9,25.1,0,0
763,2022-03-05 17:00,5.8,288.3,5.4,0,1013.5,1018.2,27.1,0,0
763,2022-03-05 18:00,4.4,288.4,3.9,0,1013.8,1018.5,32.9,0,0
763,2022-03-05 19:00,2.6,301.5,2.2,0,1014.7,1019.5,39.6,0,0
763,2022-03-05 20:00,1.5,303.7,1.6,0,1014.9,1019.7,42.8,0,0
763,2022-03-05 21:00,.4,289.4,.7,0,1015.5,1020.3,49.1,0,0
763,2022-03-05 22:00,-.7,0,.2,0,1015.9,1020.7,55.9,0,0
763,2022-03-05 23:00,-2.3,0,.2,0,1016.3,1021.2,63.1,0,0
763,2022-03-06 00:00,-3.8,0,.3,0,1016.1,1021,70,0,0
763,2022-03-06 01:00,-3.8,0,.1,0,1016.3,1021.2,72.7,0,0
763,2022-03-06 02:00,-4.8,0,.3,0,1016.7,1021.6,77.4,0,0
763,2022-03-06 03:00,-4.6,0,.1,0,1016.6,1021.5,76.8,0,0
763,2022-03-06 04:00,-4.2,0,.3,0,1017,1021.9,75.8,0,0
763,2022-03-06 05:00,-4.3,0,.2,0,1017.4,1022.3,72.7,0,0
763,2022-03-06 06:00,-4.7,0,.3,0,1018.1,1023,73.1,0,0
763,2022-03-06 07:00,-5.6,0,.2,0,1018.6,1023.5,76.4,0,0
763,2022-03-06 08:00,-2.6,0,.3,0,1019,1023.9,67.9,0,0
763,2022-03-06 09:00,1.2,268.4,1.1,0,1019.6,1024.4,47.1,0,0
763,2022-03-06 10:00,3.4,333.4,2.5,0,1019.7,1024.5,31.8,0,0
763,2022-03-06 11:00,3.9,46.4,2.1,0,1019.3,1024.1,28.9,0,0
763,2022-03-06 12:00,4.7,295.7,1.6,0,1018.8,1023.5,24.9,0,0
763,2022-03-06 13:00,7.3,285,2.7,0,1018,1022.7,21.1,0,0
763,2022-03-06 14:00,7.8,280.1,1.6,0,1016.7,1021.4,21.2,0,0
763,2022-03-06 15:00,7.5,215.4,2,0,1015.8,1020.5,27.4,0,0
763,2022-03-06 16:00,7.2,237.3,2.5,0,1015.7,1020.4,30.2,0,0
763,2022-03-06 17:00,6,231.4,2.8,0,1015.8,1020.5,33.9,0,0
763,2022-03-06 18:00,4.6,257.2,2.7,0,1016.6,1021.3,36.8,0,0
763,2022-03-06 19:00,3,260.9,1.8,0,1017.4,1022.2,41.1,0,0
763,2022-03-06 20:00,.2,0,.1,0,1017.7,1022.5,51.8,0,0
763,2022-03-06 21:00,-1.4,0,0,0,1018.1,1023,61,0,0
763,2022-03-06 22:00,-2.6,0,0,0,1018.2,1023.1,66.1,0,0
763,2022-03-06 23:00,-3,0,.2,0,1018.2,1023.1,68.9,0,0
763,2022-03-07 00:00,-3.5,0,0,0,1017.9,1022.8,71.5,0,0
763,2022-03-07 01:00,-4.6,0,0,0,1017.7,1022.6,74.9,0,0
763,2022-03-07 02:00,-4.6,0,0,0,1017.8,1022.7,77.2,0,0
763,2022-03-07 03:00,-4.5,0,.2,0,1017.3,1022.2,75.8,0,0
763,2022-03-07 04:00,-4.4,0,.2,0,1017.1,1022,76.4,0,0
763,2022-03-07 05:00,-4.2,0,0,0,1016.9,1021.8,75.4,0,0
763,2022-03-07 06:00,-4.7,0,0,0,1017.3,1022.2,78.1,0,0
763,2022-03-07 07:00,-4.7,0,0,0,1017.5,1022.4,79.6,0,0
763,2022-03-07 08:00,-3.1,0,0,0,1018,1022.9,74.1,0,0
763,2022-03-07 09:00,-.5,66.9,.9,0,1018.2,1023,60,0,0
763,2022-03-07 10:00,2.5,0,.3,0,1017.6,1022.4,47,0,0
763,2022-03-07 11:00,4.8,274.7,1.2,0,1017.1,1021.8,41.8,0,0
763,2022-03-07 12:00,6.4,297.6,1.5,0,1016.6,1021.3,32.3,0,0
763,2022-03-07 13:00,8.2,289.2,1.1,0,1015.9,1020.6,25.3,0,0
763,2022-03-07 14:00,8.9,191.7,1.6,0,1014.8,1019.4,19.4,0,0
763,2022-03-07 15:00,9.9,272.2,1.8,0,1014.3,1018.9,17.7,0,0
763,2022-03-07 16:00,9.9,274.6,2.4,0,1014,1018.6,26.1,0,0
763,2022-03-07 17:00,8.9,275.7,2.5,0,1014.2,1018.8,28.9,0,0
763,2022-03-07 18:00,6.6,268.4,2.1,0,1014.8,1019.5,46.5,0,0
763,2022-03-07 19:00,5.6,215.9,.5,0,1015.6,1020.3,45.4,0,0
763,2022-03-07 20:00,4.2,153.5,.9,0,1015.3,1020,50.1,0,0
763,2022-03-07 21:00,3.3,194.1,.5,0,1015.6,1020.4,57.5,0,0
763,2022-03-07 22:00,1,0,.3,0,1015.6,1020.4,66.3,0,0
763,2022-03-07 23:00,-.9,24.4,.5,0,1015.7,1020.5,76.5,0,0
763,2022-03-08 00:00,-1.1,0,.2,0,1015.6,1020.4,79.6,0,0
763,2022-03-08 01:00,-1.5,0,0,0,1015.7,1020.5,83.3,0,0
763,2022-03-08 02:00,-1.9,0,.1,0,1015.9,1020.8,84.8,0,0
763,2022-03-08 03:00,-2.8,0,.3,0,1015.5,1020.4,91.8,0,0
763,2022-03-08 04:00,-3.2,0,.2,0,1015.2,1020.1,92.9,0,0
763,2022-03-08 05:00,-4,0,0,0,1015.3,1020.2,92.8,0,0
763,2022-03-08 06:00,-4.2,0,.1,0,1015.3,1020.2,93.9,0,0
763,2022-03-08 07:00,-4.1,0,0,0,1015.5,1020.4,97.1,0,0
763,2022-03-08 08:00,-1.9,0,.2,0,1015.7,1020.6,94.7,0,0
763,2022-03-08 09:00,2.1,0,.2,0,1015.7,1020.5,76,0,0
763,2022-03-08 10:00,5.2,55.1,.8,0,1015.8,1020.5,58.8,0,0
763,2022-03-08 11:00,7.6,69.1,1.1,0,1015.7,1020.4,53.6,0,0
763,2022-03-08 12:00,10.2,2.8,1.2,0,1015.3,1019.9,45.2,0,0
763,2022-03-08 13:00,10.3,287.7,1.7,0,1014.7,1019.3,40.8,0,0
763,2022-03-08 14:00,12.2,313.1,1.8,0,1013.9,1018.5,37.2,0,0
763,2022-03-08 15:00,12.3,287.7,3,0,1013.6,1018.2,35,0,0
763,2022-03-08 16:00,12.9,272.9,2.2,0,1013.2,1017.8,38.1,0,0
763,2022-03-08 17:00,12.3,282.1,2.2,0,1013.1,1017.7,40.2,0,0
763,2022-03-08 18:00,10.2,280.3,2.2,0,1013.5,1018.1,42.9,0,0
763,2022-03-08 19:00,8,0,.3,0,1014,1018.7,55.4,0,0
763,2022-03-08 20:00,6.8,270.8,.7,0,1014.4,1019.1,55.4,0,0
763,2022-03-08 21:00,4.5,0,.3,0,1014.8,1019.5,63.2,0,0
763,2022-03-08 22:00,3.1,0,.2,0,1015.2,1020,69.2,0,0
763,2022-03-08 23:00,1.6,0,0,0,1015.1,1019.9,74,0,0
763,2022-03-09 00:00,.4,0,.2,0,1014.8,1019.6,82.4,0,0
763,2022-03-09 01:00,-.6,0,.1,0,1015.4,1020.2,86.4,0,0
763,2022-03-09 02:00,-.8,0,0,0,1015.8,1020.6,90.4,0,0
763,2022-03-09 03:00,-1.2,0,.1,0,1015.8,1020.6,93.6,0,0
763,2022-03-09 04:00,-1.4,0,.1,0,1015.8,1020.6,94.4,0,0
763,2022-03-09 05:00,-2,0,0,0,1015.9,1020.8,94.1,0,0
763,2022-03-09 06:00,-2.4,0,0,0,1016.9,1021.8,97.7,0,0
763,2022-03-09 07:00,-2.8,0,.2,0,1017.3,1022.2,97.1,0,0
763,2022-03-09 08:00,-.8,0,.1,0,1018,1022.8,94.8,0,0
763,2022-03-09 09:00,2.1,26.8,1.2,0,1019.2,1024,80.4,0,0
763,2022-03-09 10:00,6.1,12.2,.7,0,1018.4,1023.1,66.4,0,0
763,2022-03-09 11:00,10.3,38.3,1.2,0,1018.6,1023.3,54.9,0,0
763,2022-03-09 12:00,12.1,56.4,2,0,1018.4,1023,43.5,0,0
763,2022-03-09 13:00,13.2,319,1.9,0,1017.5,1022.1,38.3,0,0
763,2022-03-09 14:00,14.2,283.9,1.7,0,1017.3,1021.9,29,0,0
763,2022-03-09 15:00,14.7,266.4,1.9,0,1016.6,1021.1,20.5,0,0
763,2022-03-09 16:00,15.4,273.6,1.3,0,1016.2,1020.7,22.4,0,0
763,2022-03-09 17:00,14.7,270,2.3,0,1016.1,1020.6,34.4,0,0
763,2022-03-09 18:00,12.8,273.6,1.6,0,1016.4,1021,35.8,0,0
763,2022-03-09 19:00,10.9,234.1,1.5,0,1016.8,1021.4,40.2,0,0
763,2022-03-09 20:00,6.4,0,.1,0,1017,1021.7,50.6,0,0
763,2022-03-09 21:00,4.6,0,.2,0,1017.3,1022,60,0,0
763,2022-03-09 22:00,2.5,0,.1,0,1017.9,1022.7,69.3,0,0
763,2022-03-09 23:00,1.1,0,.1,0,1017.6,1022.4,74.5,0,0
763,2022-03-10 00:00,.1,0,.1,0,1017.9,1022.7,80.5,0,0
763,2022-03-10 01:00,-.6,359.4,.5,0,1018.1,1022.9,89.7,0,0
763,2022-03-10 02:00,-.7,0,0,0,1017.6,1022.4,88.9,0,0
763,2022-03-10 03:00,-1.9,0,0,0,1017.3,1022.2,88.1,0,0
763,2022-03-10 04:00,-2.1,0,0,0,1017.2,1022.1,96.2,0,0
763,2022-03-10 05:00,-1.4,9.1,.9,0,1017.1,1022,96,0,0
763,2022-03-10 06:00,-2.1,0,0,0,1017.2,1022.1,93.8,0,0
763,2022-03-10 07:00,-1,0,.2,0,1017.6,1022.4,90,0,0
763,2022-03-10 08:00,.7,0,.3,0,1017.6,1022.4,85.1,0,0
763,2022-03-10 09:00,4.4,53.8,.6,0,1018.1,1022.8,59.1,0,0
763,2022-03-10 10:00,8,296,1.7,0,1018,1022.7,51.5,0,0
763,2022-03-10 11:00,12.9,14.7,1.4,0,1018.1,1022.7,40.9,0,0
763,2022-03-10 12:00,14.5,50.8,.9,0,1017.6,1022.2,33,0,0
763,2022-03-10 13:00,15.3,253.2,1.1,0,1016.5,1021.1,23.7,0,0
763,2022-03-10 14:00,16.1,264.5,2.2,0,1015.9,1020.4,20.6,0,0
763,2022-03-10 15:00,15.5,287.6,2.7,0,1015.6,1020.1,27,0,0
763,2022-03-10 16:00,15.3,282.2,2.5,0,1015.2,1019.7,29.9,0,0
763,2022-03-10 17:00,14.8,276.5,2.6,0,1014.7,1019.2,34.9,0,0
763,2022-03-10 18:00,12.6,339.2,.8,0,1014.7,1019.3,45,0,0
763,2022-03-10 19:00,9.5,0,0,0,1015,1019.6,56.5,0,0
763,2022-03-10 20:00,7.8,0,0,0,1015.2,1019.9,63,0,0
763,2022-03-10 21:00,6.6,0,.3,0,1015.3,1020,69.3,0,0
763,2022-03-10 22:00,5.3,0,0,0,1014.9,1019.6,71.7,0,0
763,2022-03-10 23:00,4.5,0,0,0,1014.7,1019.4,77.2,0,0
763,2022-03-11 00:00,3.8,0,.3,0,1014.6,1019.3,80.6,0,0
763,2022-03-11 01:00,3.2,0,.3,0,1014.3,1019.1,84.2,0,0
763,2022-03-11 02:00,2.2,0,0,0,1014.3,1019.1,85.5,0,0
763,2022-03-11 03:00,2.4,0,.3,0,1014.1,1018.9,86.9,0,0
763,2022-03-11 04:00,2.3,52.9,.6,0,1014.3,1019.1,85.1,0,0
763,2022-03-11 05:00,1.5,0,0,0,1014,1018.8,90,0,0
763,2022-03-11 06:00,1.6,0,.2,0,1014,1018.8,90.4,0,0
763,2022-03-11 07:00,3.6,0,.1,0,1014.3,1019,85.6,0,0
763,2022-03-11 08:00,5.2,4.6,.5,0,1014.4,1019.1,78.2,0,0
763,2022-03-11 09:00,7.3,47.1,.5,0,1014.7,1019.4,66.6,0,0
763,2022-03-11 10:00,9.4,0,.4,0,1014.8,1019.4,58.4,0,0
763,2022-03-11 11:00,12.1,295.7,.5,0,1014.5,1019.1,52,0,0
763,2022-03-11 12:00,14.7,22.9,.8,0,1014.4,1018.9,44.7,0,0
763,2022-03-11 13:00,16.9,43.8,1.5,0,1013.6,1018.1,45.4,0,0
763,2022-03-11 14:00,16.7,347.2,1.6,0,1012.6,1017.1,49.8,0,0
763,2022-03-11 15:00,17.7,28.5,1.2,0,1011.8,1016.3,48.8,0,0
763,2022-03-11 16:00,17.5,293.6,1.2,0,1011.4,1015.9,51.3,0,0
763,2022-03-11 17:00,17.4,347.6,.9,0,1011.5,1016,53.3,0,0
763,2022-03-11 18:00,16.5,.9,.9,0,1011.8,1016.3,57.9,0,0
763,2022-03-11 19:00,14.5,318,.6,0,1012,1016.5,65,0,0
763,2022-03-11 20:00,11.3,0,0,0,1012.2,1016.8,77.7,0,0
763,2022-03-11 21:00,12,0,0,0,1012.7,1017.3,76.3,0,0
763,2022-03-11 22:00,11.9,0,.1,0,1013.2,1017.8,77.4,0,0
763,2022-03-11 23:00,12.1,0,.2,0,1013.3,1017.9,77.9,0,0
763,2022-03-12 00:00,11.5,0,.3,0,1013.2,1017.8,80.6,0,0
763,2022-03-12 01:00,9,0,.1,0,1013.2,1017.8,89.6,0,0
763,2022-03-12 02:00,8.2,0,.1,0,1013.1,1017.8,93.6,0,0
763,2022-03-12 03:00,7.3,0,.2,0,1013,1017.7,99.7,0,0
763,2022-03-12 04:00,6.9,101.7,.5,0,1012.7,1017.4,99.5,0,0
763,2022-03-12 05:00,5.9,0,.1,0,1012.5,1017.2,99.9,0,0
763,2022-03-12 06:00,8.2,0,.4,0,1012.3,1016.9,99.9,0,0
763,2022-03-12 07:00,8,14.4,1.3,0,1012.8,1017.5,99.7,0,0
763,2022-03-12 08:00,9,284.5,.7,0,1013.4,1018,96,0,0
763,2022-03-12 09:00,11.6,0,.1,0,1013.5,1018.1,87.6,0,0
763,2022-03-12 10:00,16.3,212.2,.6,0,1012.9,1017.4,70.6,0,0
763,2022-03-12 11:00,17.1,237.3,1.4,0,1012.4,1016.9,68.1,0,0
763,2022-03-12 12:00,19,200.2,2,0,1011.6,1016,60.8,0,0
763,2022-03-12 13:00,20.1,211.3,1.9,0,1011.1,1015.5,61,0,0
763,2022-03-12 14:00,20,221.8,1.7,0,1010.3,1014.7,62.6,0,0
763,2022-03-12 15:00,20.6,228.9,2.1,0,1009.8,1014.2,59.6,0,0
763,2022-03-12 16:00,20.1,241.3,2.4,0,1009.4,1013.8,61.2,0,0
763,2022-03-12 17:00,19.4,250.5,2.9,0,1009.5,1013.9,62.9,0,0
763,2022-03-12 18:00,18.4,261.7,1.4,0,1009.6,1014,65.1,0,0
763,2022-03-12 19:00,17.1,249.1,1.6,0,1008.6,1013.1,66,0,0
763,2022-03-12 20:00,17.5,171.6,1.5,0,1008.2,1012.7,53.9,0,0
763,2022-03-12 21:00,17.2,210.4,.7,0,1008.6,1013.1,55.9,0,0
763,2022-03-12 22:00,17.7,196.6,1.8,0,1008.2,1012.7,54,0,0
763,2022-03-12 23:00,17.4,182.1,1.8,0,1007.5,1012,57.6,0,0
763,2022-03-13 00:00,16.2,190.9,.5,0,1007.8,1012.3,63.1,0,0
763,2022-03-13 01:00,16.8,188.9,1,0,1007.6,1012.1,61,0,0
763,2022-03-13 02:00,17.2,186.2,2.9,0,1007.2,1011.7,67.7,0,0
763,2022-03-13 03:00,17.1,182.5,3.2,0,1006.6,1011.1,73.3,0,0
763,2022-03-13 04:00,17.2,185.3,2.2,0,1006.4,1010.9,73.8,0,0
763,2022-03-13 05:00,17.5,211.2,2.1,0,1006.2,1010.6,74.7,0,0
763,2022-03-13 06:00,16.6,196.6,3,0,1006,1010.5,82.9,0,0
763,2022-03-13 07:00,16,175.4,3,0,1005.4,1009.9,88.4,0,0
763,2022-03-13 08:00,14.9,256.7,2.4,2,1006.3,1010.8,96.9,0,0
763,2022-03-13 09:00,15,236.4,2.3,5.5,1006.3,1010.8,96.8,0,0
763,2022-03-13 10:00,13.9,248.1,.9,1,1006.4,1010.9,99.9,0,0
763,2022-03-13 11:00,14.7,197,1.6,.5,1006.1,1010.6,99.8,0,0
763,2022-03-13 12:00,15,209.3,1.3,.5,1005.6,1010.1,99.8,0,0
763,2022-03-13 13:00,14.6,238.2,1.2,3.5,1005.5,1010,99.8,0,0
763,2022-03-13 14:00,14.2,241.9,2,2.5,1005.1,1009.6,99.9,0,0
763,2022-03-13 15:00,14.5,250.4,1.1,0,1005.2,1009.7,99.8,0,0
763,2022-03-13 16:00,14.2,260.8,1.8,1,1005.2,1009.7,99.9,0,0
763,2022-03-13 17:00,14.2,247.8,1.9,0,1005.5,1010,99.3,0,0
763,2022-03-13 18:00,13.1,300.4,1.6,0,1006.4,1010.9,99.9,0,0
763,2022-03-13 19:00,12.9,259.2,1.9,0,1007.3,1011.8,99.9,0,0
763,2022-03-13 20:00,12.4,196.8,.5,0,1007.8,1012.4,99.9,0,0
763,2022-03-13 21:00,12.7,0,.3,0,1008,1012.5,99.9,0,0
763,2022-03-13 22:00,12.6,0,.3,0,1008.1,1012.7,99.9,0,0
763,2022-03-13 23:00,12.3,312.9,.6,0,1008.6,1013.2,99.9,0,0
763,2022-03-14 00:00,12,276.5,.6,0,1008.7,1013.3,99.9,0,0
763,2022-03-14 01:00,12,0,0,0,1008.6,1013.2,99.9,0,0
763,2022-03-14 02:00,12.1,0,.2,0,1008.4,1013,99.9,0,0
763,2022-03-14 03:00,11.9,0,.4,0,1007.9,1012.5,99.9,0,0
763,2022-03-14 04:00,11.3,0,.2,0,1007.9,1012.5,99.9,0,0
763,2022-03-14 05:00,11.4,0,.1,0,1007.9,1012.5,99.9,0,0
763,2022-03-14 06:00,11.4,0,.1,.5,1007.9,1012.5,99.9,0,0
763,2022-03-14 07:00,11.4,0,.1,0,1007.4,1012,99.9,0,0
763,2022-03-14 08:00,12,245.3,.6,0,1006.8,1011.4,99.9,0,0
763,2022-03-14 09:00,12,280.6,.5,0,1007.9,1012.5,99.9,0,0
763,2022-03-14 10:00,13.3,246.3,1.2,0,1008.1,1012.6,99.9,0,0
763,2022-03-14 11:00,14.6,245.1,1.7,0,1007,1011.5,91.6,0,0
763,2022-03-14 12:00,16.1,181.5,1.5,0,1005.5,1010,83.9,0,0
763,2022-03-14 13:00,14.1,276.4,4.1,0,1006.1,1010.6,95.8,0,0
763,2022-03-14 14:00,10.5,253.6,2.7,1.5,1006,1010.6,99.9,0,0
763,2022-03-14 15:00,11.3,255,3.4,.5,1005.5,1010.1,99.9,0,0
763,2022-03-14 16:00,9.5,267.9,3.4,1.5,1007.4,1012,99.9,0,0
763,2022-03-14 17:00,8.9,278,3.3,.5,1007.3,1011.9,99.9,0,0
763,2022-03-14 18:00,8.6,258.9,2.8,0,1007.6,1012.2,97.4,0,0
763,2022-03-14 19:00,8.3,249.7,1.5,0,1007.9,1012.5,94.4,0,0
763,2022-03-14 20:00,7.6,262.7,1.8,0,1008.5,1013.1,94.1,0,0
763,2022-03-14 21:00,6.8,224.6,1,0,1009.4,1014.1,94.9,0,0
763,2022-03-14 22:00,6,250.3,1.4,0,1009.6,1014.3,93,0,0
763,2022-03-14 23:00,5.4,253,2.2,0,1010.6,1015.3,88,0,0
763,2022-03-15 00:00,5.3,258.1,1.1,0,1010.2,1014.9,90.7,0,0
763,2022-03-15 01:00,4.7,260.5,1,0,1011,1015.7,91.6,0,0
763,2022-03-15 02:00,4.1,0,.4,0,1011.3,1016,94,0,0
763,2022-03-15 03:00,3.4,0,.3,0,1010.7,1015.4,97,0,0
763,2022-03-15 04:00,1.9,0,.2,0,1010.4,1015.2,99.9,0,0
763,2022-03-15 05:00,1.6,0,.1,0,1010.8,1015.6,99.9,0,0
763,2022-03-15 06:00,1.7,0,.1,0,1011.2,1016,99.9,0,0
763,2022-03-15 07:00,2.8,0,.2,0,1011.3,1016,99.9,0,0
763,2022-03-15 08:00,4.1,278.9,.7,0,1012,1016.7,99.2,0,0
763,2022-03-15 09:00,6,135,.9,0,1012.1,1016.8,81,0,0
763,2022-03-15 10:00,6.8,115.4,1.3,0,1011.9,1016.6,77.7,0,0
763,2022-03-15 11:00,9.1,352.7,1,0,1011.2,1015.8,69.6,0,0
763,2022-03-15 12:00,10.7,32.5,1.7,0,1010.3,1014.9,67.7,0,0
763,2022-03-15 13:00,12,336.4,1.5,0,1009.5,1014.1,66.5,0,0
763,2022-03-15 14:00,12.8,314.4,2,0,1008.7,1013.3,62.8,0,0
763,2022-03-15 15:00,13.7,314.2,2.3,0,1008.5,1013,52.5,0,0
763,2022-03-15 16:00,14.4,260.1,.9,0,1008.3,1012.8,49.9,0,0
763,2022-03-15 17:00,14.7,338.9,.9,0,1007.8,1012.3,50.7,0,0
763,2022-03-15 18:00,13.2,252.8,.6,0,1007.7,1012.2,63.3,0,0
763,2022-03-15 19:00,11.7,228.6,1.2,0,1008.3,1012.9,63.9,0,0
763,2022-03-15 20:00,9.6,216.5,1.2,0,1008.5,1013.1,69,0,0
763,2022-03-15 21:00,7.9,220.7,.5,0,1009.3,1013.9,75,0,0
763,2022-03-15 22:00,6.3,0,.2,0,1009,1013.7,89.9,0,0
763,2022-03-15 23:00,5.7,293.4,1.2,0,1009.9,1014.6,89,0,0
763,2022-03-16 00:00,3.8,0,.3,0,1010.2,1014.9,98.7,0,0
763,2022-03-16 01:00,3,0,0,0,1010,1014.7,99.9,0,0
763,2022-03-16 02:00,2.7,0,0,0,1010,1014.7,99.9,0,0
763,2022-03-16 03:00,2.2,0,.1,0,1009.8,1014.5,99.9,0,0
763,2022-03-16 04:00,1.7,0,0,0,1009.1,1013.9,99.9,0,0
763,2022-03-16 05:00,1.2,0,.1,0,1010,1014.8,99.9,0,0
763,2022-03-16 06:00,1.2,0,.1,0,1010.6,1015.4,99.9,0,0
763,2022-03-16 07:00,.8,0,.3,0,1011.1,1015.9,99.9,0,0
763,2022-03-16 08:00,2.6,0,.1,0,1011.4,1016.1,99.9,0,0
763,2022-03-16 09:00,5.7,25,1.1,0,1012,1016.7,99.9,0,0
763,2022-03-16 10:00,7.9,15.9,1.4,0,1012.5,1017.2,83.4,0,0
763,2022-03-16 11:00,12,19.3,1.6,0,1012.8,1017.4,54.1,0,0
763,2022-03-16 12:00,15.2,14.8,1.2,0,1011.4,1015.9,36.4,0,0
763,2022-03-16 13:00,16.6,293.5,1.6,0,1010.8,1015.3,37,0,0
763,2022-03-16 14:00,17.3,278.7,2.1,0,1010.7,1015.2,36.1,0,0
763,2022-03-16 15:00,18.9,1.3,1.8,0,1009.8,1014.2,33.4,0,0
763,2022-03-16 16:00,18.6,302.5,1.6,0,1010,1014.4,30.1,0,0
763,2022-03-16 17:00,18.5,352.5,1.1,0,1010.4,1014.8,29.2,0,0
763,2022-03-16 18:00,16.3,0,.2,0,1010.8,1015.3,44.1,0,0
763,2022-03-16 19:00,14.6,296.7,1.1,0,1011.4,1015.9,50.7,0,0
763,2022-03-16 20:00,12.1,269.5,.6,0,1012.3,1016.9,64.8,0,0
763,2022-03-16 21:00,11.9,0,0,0,1013.4,1018,64.6,0,0
763,2022-03-16 22:00,10.4,0,.2,0,1014.1,1018.7,71.8,0,0
763,2022-03-16 23:00,9,0,.1,0,1013.7,1018.3,77,0,0
763,2022-03-17 00:00,8.4,0,.2,0,1013.7,1018.4,80.4,0,0
763,2022-03-17 01:00,9,0,.2,0,1014.2,1018.8,73.8,0,0
763,2022-03-17 02:00,9.1,0,.1,0,1015.3,1019.9,75.6,0,0
763,2022-03-17 03:00,9.1,0,.2,0,1014.8,1019.4,82.7,0,0
763,2022-03-17 04:00,9.6,34,.7,0,1012.8,1017.4,72.4,0,0
763,2022-03-17 05:00,9.5,0,.2,0,1013.9,1018.5,76.5,0,0
763,2022-03-17 06:00,9.6,0,.3,0,1014.2,1018.8,74.8,0,0
763,2022-03-17 07:00,10,0,.4,0,1014.4,1019,72.1,0,0
763,2022-03-17 08:00,10.6,347.3,.9,0,1014.9,1019.5,68.7,0,0
763,2022-03-17 09:00,10.8,0,.2,0,1015.1,1019.7,71.2,0,0
763,2022-03-17 10:00,10.5,17.9,1.7,0,1015.2,1019.8,77.1,0,0
763,2022-03-17 11:00,9.5,11.2,1.6,0,1015,1019.6,91.9,0,0
763,2022-03-17 12:00,9.9,309.9,.7,0,1014.7,1019.3,94.3,0,0
763,2022-03-17 13:00,9.9,4.5,1.3,0,1014.3,1018.9,95.7,0,0
763,2022-03-17 14:00,9.8,22.2,2.3,0,1013.4,1018,93.1,0,0
763,2022-03-17 15:00,9.8,27.8,.9,.5,1013.1,1017.7,96.7,0,0
763,2022-03-17 16:00,9.5,27.6,1.9,1,1012.6,1017.2,99.8,0,0
763,2022-03-17 17:00,9.9,61.4,1.1,0,1012.2,1016.8,97.6,0,0
763,2022-03-17 18:00,10.3,80,3,0,1012,1016.6,83.7,0,0
763,2022-03-17 19:00,9.9,84.5,3.5,0,1011.7,1016.3,84.5,0,0
763,2022-03-17 20:00,9.5,71.6,2.8,.5,1011.1,1015.7,82.7,0,0
763,2022-03-17 21:00,9,73.1,2.2,0,1010.9,1015.5,84.4,0,0
763,2022-03-17 22:00,8.8,82.6,2.3,0,1010.8,1015.4,80.9,0,0
763,2022-03-17 23:00,8.1,38.8,1.8,.5,1010.8,1015.4,87.1,0,0
763,2022-03-18 00:00,7.3,28,2.2,.5,1009.9,1014.6,93.6,0,0
763,2022-03-18 01:00,6.9,21.8,1.6,.5,1008.8,1013.5,96,0,0
763,2022-03-18 02:00,6.8,36.8,1.3,.5,1007.8,1012.5,94.8,0,0
763,2022-03-18 03:00,6.5,352.5,1.4,0,1007.1,1011.8,97,0,0
763,2022-03-18 04:00,6.5,25,2.3,.5,1006.2,1010.9,93.5,0,0
763,2022-03-18 05:00,6.7,10.8,1.9,0,1005.7,1010.4,92.5,0,0
763,2022-03-18 06:00,6.6,16.8,1.6,0,1005.6,1010.3,92.8,0,0
763,2022-03-18 07:00,6.5,10.5,1.6,0,1005.4,1010.1,92.3,0,0
763,2022-03-18 08:00,6.8,22.9,1.7,0,1005.7,1010.3,87.4,0,0
763,2022-03-18 09:00,7.1,356.6,1.2,0,1006,1010.6,85.4,0,0
763,2022-03-18 10:00,7.6,23,1.5,0,1006.2,1010.8,82.6,0,0
763,2022-03-18 11:00,8.4,75.8,1.6,0,1005.1,1009.7,74.1,0,0
763,2022-03-18 12:00,9,49.9,1.9,0,1004.6,1009.2,73.2,0,0
763,2022-03-18 13:00,9.1,59.6,1.9,0,1004.6,1009.2,70.2,0,0
763,2022-03-18 14:00,9.1,76,2.3,0,1004.3,1008.9,66.4,0,0
763,2022-03-18 15:00,9,72.4,2.5,0,1003.7,1008.3,70.2,0,0
763,2022-03-18 16:00,9.1,67.3,1.4,0,1003.3,1007.9,70.3,0,0
763,2022-03-18 17:00,8.6,81.4,1.6,0,1003.4,1008,72.9,0,0
763,2022-03-18 18:00,7.3,79.4,2.2,1,1003.6,1008.2,86.4,0,0
763,2022-03-18 19:00,6.5,2.5,.9,0,1003.1,1007.7,94.9,0,0
763,2022-03-18 20:00,6.4,52.3,1,0,1003.4,1008,90.6,0,0
763,2022-03-18 21:00,6.2,10.8,1,0,1003.4,1008.1,91.8,0,0
763,2022-03-18 22:00,6.3,28.2,1.2,0,1003.9,1008.6,89.4,0,0
763,2022-03-18 23:00,6.5,85.8,.7,0,1003.2,1007.8,84.4,0,0
763,2022-03-19 00:00,6.3,73.7,1.1,0,1002.6,1007.2,83,0,0
763,2022-03-19 01:00,5.4,0,.4,0,1002.3,1007,98.4,0,0
763,2022-03-19 02:00,5,0,.3,2,1002.6,1007.3,99.9,0,0
763,2022-03-19 03:00,4.8,0,.2,2.5,1002.1,1006.8,99.9,0,0
763,2022-03-19 04:00,5.8,170.2,.7,2,1001.2,1005.8,99.9,0,0
763,2022-03-19 05:00,6.4,218.4,2.2,1,1000.9,1005.5,97.6,0,0
763,2022-03-19 06:00,6.2,233.5,1.5,2.5,1000.6,1005.2,99.8,0,0
763,2022-03-19 07:00,6.1,241.1,3.4,2,1001,1005.6,97.3,0,0
763,2022-03-19 08:00,4.9,261.6,2.6,1,1001.2,1005.9,96.1,0,0
763,2022-03-19 09:00,4.6,273.3,3.3,.5,1002.1,1006.8,95,0,0
763,2022-03-19 10:00,4.4,255,1.9,.5,1002.4,1007.1,97.3,0,0
763,2022-03-19 11:00,3.9,252.3,2.8,1,1002.9,1007.6,94.8,0,0
763,2022-03-19 12:00,4.3,276.6,3.9,0,1003.8,1008.5,90.7,0,0
763,2022-03-19 13:00,4.4,262.9,3.3,0,1004.8,1009.5,87.8,0,0
763,2022-03-19 14:00,4.9,269.3,4,0,1005.1,1009.8,83.8,0,0
763,2022-03-19 15:00,5.8,292.4,2.9,0,1005.2,1009.9,73,0,0
763,2022-03-19 16:00,5.1,289.4,3.4,0,1006.4,1011.1,76.7,0,0
763,2022-03-19 17:00,5.1,279.5,2.5,0,1007.1,1011.8,75.1,0,0
763,2022-03-19 18:00,5.1,0,.4,0,1007.6,1012.3,77.7,0,0
763,2022-03-19 19:00,4.7,109.9,.5,0,1007.6,1012.3,87.6,0,0
763,2022-03-19 20:00,4.3,0,.3,0,1008.2,1012.9,87.9,0,0
763,2022-03-19 21:00,4.4,0,0,0,1008.9,1013.6,88.5,0,0
763,2022-03-19 22:00,4.3,0,.2,0,1009.6,1014.3,87,0,0
763,2022-03-19 23:00,4.3,195,.5,0,1010.2,1014.9,84.4,0,0
763,2022-03-20 00:00,2.5,224.5,.5,0,1011.4,1016.2,96.3,0,0
763,2022-03-20 01:00,1.2,0,.1,0,1012.1,1016.9,99.9,0,0
763,2022-03-20 02:00,1.1,0,.1,0,1012.6,1017.4,99.9,0,0
763,2022-03-20 03:00,2,121.2,.6,0,1012.7,1017.5,99.9,0,0
763,2022-03-20 04:00,2.3,0,.1,0,1012.6,1017.4,99.9,0,0
763,2022-03-20 05:00,3.4,115.2,.8,0,1012.6,1017.3,94.8,0,0
763,2022-03-20 06:00,3.9,0,.4,0,1012.8,1017.5,88.1,0,0
763,2022-03-20 07:00,3.9,189.2,.6,0,1014.2,1018.9,87,0,0
763,2022-03-20 08:00,4.2,132.5,.6,0,1015.1,1019.8,88.8,0,0
763,2022-03-20 09:00,4.8,0,.4,0,1016,1020.7,87.2,0,0
763,2022-03-20 10:00,5.8,231.7,.8,0,1016,1020.7,81.7,0,0
763,2022-03-20 11:00,6.8,265.2,1.2,0,1015.5,1020.2,76.1,0,0
763,2022-03-20 12:00,7,296.9,2.4,0,1014.6,1019.3,68.3,0,0
763,2022-03-20 13:00,8.6,265.5,1.9,0,1014,1018.6,59.7,0,0
763,2022-03-20 14:00,8.3,249.1,1.7,0,1013.8,1018.5,59,0,0
763,2022-03-20 15:00,7.7,272.4,3.8,0,1014.2,1018.9,59.8,0,0
763,2022-03-20 16:00,7.8,262.2,2.6,0,1013.8,1018.5,60.8,0,0
763,2022-03-20 17:00,7.3,273,3,0,1014,1018.7,61.7,0,0
763,2022-03-20 18:00,6,263.4,3.2,0,1015.1,1019.8,64.8,0,0
763,2022-03-20 19:00,4.8,248.7,1.5,0,1015.9,1020.6,70.6,0,0
763,2022-03-20 20:00,4.1,263.6,1.5,0,1016.9,1021.6,74,0,0
763,2022-03-20 21:00,3.5,255.5,.6,0,1017.5,1022.3,75.5,0,0
763,2022-03-20 22:00,2,0,.4,0,1018,1022.8,86.1,0,0
763,2022-03-20 23:00,1.3,0,.2,0,1018.2,1023,88.6,0,0
763,2022-03-21 00:00,.3,0,.1,0,1018.6,1023.4,93.9,0,0
763,2022-03-21 01:00,.3,0,.1,0,1019.2,1024,91.5,0,0
763,2022-03-21 02:00,-.2,0,0,0,1019.6,1024.4,96.2,0,0
763,2022-03-21 03:00,-.8,0,0,0,1019.6,1024.5,98.4,0,0
763,2022-03-21 04:00,-1.3,0,.1,0,1019.6,1024.5,99.9,0,0
763,2022-03-21 05:00,-1.1,0,.1,0,1019.4,1024.3,99.9,0,0
763,2022-03-21 06:00,-1.5,0,.1,0,1019.9,1024.8,99.9,0,0
763,2022-03-21 07:00,-1.9,0,0,0,1020.9,1025.8,99.9,0,0
763,2022-03-21 08:00,.3,0,.1,0,1021.2,1026,97.2,0,0
763,2022-03-21 09:00,2.9,51.4,1,0,1020.5,1025.3,73.9,0,0
763,2022-03-21 10:00,5.8,354.8,.9,0,1020.8,1025.5,61.8,0,0
763,2022-03-21 11:00,7.8,4.3,1.4,0,1021.3,1026,52.8,0,0
763,2022-03-21 12:00,8.8,18.3,1.8,0,1019.9,1024.6,47.9,0,0
763,2022-03-21 13:00,10.5,4.1,1.8,0,1018.6,1023.2,41.6,0,0
763,2022-03-21 14:00,11.2,14.5,1.9,0,1017.7,1022.3,37,0,0
763,2022-03-21 15:00,11.6,316.7,1.8,0,1017.2,1021.8,29.2,0,0
763,2022-03-21 16:00,11.3,284.1,2.6,0,1017.3,1021.9,30.5,0,0
763,2022-03-21 17:00,10.9,280.2,1.6,0,1016.9,1021.5,28.6,0,0
763,2022-03-21 18:00,9.9,272.6,1.1,0,1016.4,1021,54.4,0,0
763,2022-03-21 19:00,8.8,299.5,1.6,0,1017,1021.7,56.4,0,0
763,2022-03-21 20:00,7.6,286.9,.7,0,1017.6,1022.3,61,0,0
763,2022-03-21 21:00,6.7,8.2,1.2,0,1018,1022.7,46.3,0,0
763,2022-03-21 22:00,6.3,350.1,1.2,0,1018.2,1022.9,46.8,0,0
763,2022-03-21 23:00,5.6,298.6,.5,0,1018.6,1023.3,53.5,0,0
763,2022-03-22 00:00,4.8,296.1,.5,0,1018.1,1022.8,53.5,0,0
763,2022-03-22 01:00,2.9,0,.1,0,1017.7,1022.5,68.2,0,0
763,2022-03-22 02:00,2.4,0,0,0,1018,1022.8,69.6,0,0
763,2022-03-22 03:00,1.4,0,0,0,1017.9,1022.7,72.8,0,0
763,2022-03-22 04:00,-.2,0,0,0,1017.9,1022.7,79.4,0,0
763,2022-03-22 05:00,-.3,0,.1,0,1018,1022.8,81.6,0,0
763,2022-03-22 06:00,-.6,0,0,0,1018.3,1023.1,82.2,0,0
763,2022-03-22 07:00,-.5,0,0,0,1018.5,1023.3,82,0,0
763,2022-03-22 08:00,3.2,0,.1,0,1018.7,1023.5,65.5,0,0
763,2022-03-22 09:00,5.2,30.7,1.7,0,1019.6,1024.3,58.6,0,0
763,2022-03-22 10:00,6.4,1.6,1.1,0,1019.1,1023.8,56.7,0,0
763,2022-03-22 11:00,9.2,6.5,2.4,0,1019.1,1023.8,39.2,0,0
763,2022-03-22 12:00,10.4,12,2.5,0,1018.9,1023.6,39.4,0,0
763,2022-03-22 13:00,11.5,18.2,2.8,0,1017.5,1022.1,31.6,0,0
763,2022-03-22 14:00,12.2,41.9,2.5,0,1016.2,1020.8,31.2,0,0
763,2022-03-22 15:00,12,1.6,1.6,0,1015.7,1020.3,28.5,0,0
763,2022-03-22 16:00,12.8,353.5,2.7,0,1015.5,1020.1,28.5,0,0
763,2022-03-22 17:00,12.3,13.3,1.7,0,1014.4,1019,25.8,0,0
763,2022-03-22 18:00,11.8,15.5,.6,0,1014,1018.6,28.5,0,0
763,2022-03-22 19:00,8.3,274.4,1.2,0,1015,1019.7,49,0,0
763,2022-03-22 20:00,7.3,134.2,.7,0,1015.8,1020.5,64.4,0,0
763,2022-03-22 21:00,5.3,113.8,1,0,1016.4,1021.1,82.9,0,0
763,2022-03-22 22:00,3.9,0,.3,0,1015.9,1020.6,88.2,0,0
763,2022-03-22 23:00,2.6,0,.2,0,1016.4,1021.2,95.6,0,0
763,2022-03-23 00:00,4,125.4,1.2,0,1016.4,1021.1,90.9,0,0
763,2022-03-23 01:00,3.6,107.7,1,0,1016.2,1021,93.1,0,0
763,2022-03-23 02:00,2.6,0,.4,0,1016.2,1021,96.6,0,0
763,2022-03-23 03:00,3,115.1,.7,0,1015.6,1020.4,95.8,0,0
763,2022-03-23 04:00,2.5,0,.1,0,1015,1019.8,97.9,0,0
763,2022-03-23 05:00,2.3,0,0,0,1014.8,1019.6,99.6,0,0
763,2022-03-23 06:00,2.5,0,.4,0,1015.2,1020,99.4,0,0
763,2022-03-23 07:00,2.9,0,.4,0,1015.1,1019.9,98.9,0,0
763,2022-03-23 08:00,3,294.3,.5,0,1014.8,1019.6,98.7,0,0
763,2022-03-23 09:00,4.1,0,.4,0,1014.8,1019.5,92.1,0,0
763,2022-03-23 10:00,5.1,296.8,1.7,0,1015.3,1020,88.9,0,0
763,2022-03-23 11:00,7.1,147.9,.6,0,1014.8,1019.5,65.5,0,0
763,2022-03-23 12:00,8.6,213.4,.9,0,1014.3,1018.9,62,0,0
763,2022-03-23 13:00,9,265.2,1.9,0,1013.8,1018.4,52.6,0,0
763,2022-03-23 14:00,10.2,273.1,2.1,0,1013.1,1017.7,37.7,0,0
763,2022-03-23 15:00,9.3,279,2.6,0,1013,1017.6,40.6,0,0
763,2022-03-23 16:00,9.3,237.9,1.4,0,1012.7,1017.3,48.9,0,0
763,2022-03-23 17:00,9.3,248.3,1.5,0,1012.6,1017.2,48.6,0,0
763,2022-03-23 18:00,8.3,268.4,1.3,0,1012.5,1017.1,54.8,0,0
763,2022-03-23 19:00,6.9,260.6,.8,0,1012.7,1017.4,61.9,0,0
763,2022-03-23 20:00,5,0,.4,0,1013,1017.7,71.2,0,0
763,2022-03-23 21:00,3.4,0,.3,0,1012.9,1017.6,77.3,0,0
763,2022-03-23 22:00,2.4,0,.2,0,1013.7,1018.5,80.8,0,0
763,2022-03-23 23:00,2.2,0,.1,0,1014.2,1019,82.5,0,0
763,2022-03-24 00:00,1.9,0,.4,0,1014.4,1019.2,82.4,0,0
763,2022-03-24 01:00,1.7,0,.4,0,1014.6,1019.4,88.5,0,0
763,2022-03-24 02:00,1.1,0,.2,0,1015.3,1020.1,95.3,0,0
763,2022-03-24 03:00,.9,0,.4,0,1014.3,1019.1,95,0,0
763,2022-03-24 04:00,.6,0,.1,0,1014,1018.8,97.3,0,0
763,2022-03-24 05:00,.9,281,.6,0,1013.9,1018.7,97.6,0,0
763,2022-03-24 06:00,0,0,.3,0,1014.8,1019.6,98.8,0,0
763,2022-03-24 07:00,1.4,353,.6,0,1015.4,1020.2,96.3,0,0
763,2022-03-24 08:00,3.6,210.2,.6,0,1015.3,1020,88.3,0,0
763,2022-03-24 09:00,8.4,150.2,1.6,0,1015.3,1020,56.4,0,0
763,2022-03-24 10:00,11,205.1,.9,0,1015.8,1020.4,47.2,0,0
763,2022-03-24 11:00,12.1,210.1,1.3,0,1016,1020.6,46.8,0,0
763,2022-03-24 12:00,13,225,1.9,0,1016.2,1020.8,46.4,0,0
763,2022-03-24 13:00,13.6,288.9,3.2,0,1016.2,1020.8,50.5,0,0
763,2022-03-24 14:00,14.5,255.4,1.1,0,1016,1020.5,49.6,0,0
763,2022-03-24 15:00,15,244.4,1.6,0,1015.4,1020,47.2,0,0
763,2022-03-24 16:00,14.9,253.8,2.1,0,1014.9,1019.4,47.3,0,0
763,2022-03-24 17:00,14.3,223.2,1,0,1014,1018.5,51.1,0,0
763,2022-03-24 18:00,13.9,273,1.1,0,1013.9,1018.4,52.5,0,0
763,2022-03-24 19:00,11.6,279.1,1,0,1015,1019.6,64.2,0,0
763,2022-03-24 20:00,9.4,0,.3,0,1015.8,1020.4,70.9,0,0
763,2022-03-24 21:00,7.2,0,.1,0,1016.8,1021.5,84.9,0,0
763,2022-03-24 22:00,7,0,.2,0,1017.3,1022,81.4,0,0
763,2022-03-24 23:00,6.4,0,.1,0,1016.9,1021.6,84.9,0,0
763,2022-03-25 00:00,5.9,0,.4,0,1016.5,1021.2,84.8,0,0
763,2022-03-25 01:00,6,0,.4,0,1015.5,1020.2,85.9,0,0
763,2022-03-25 02:00,5.9,284.1,1.4,0,1017.1,1021.8,85.6,0,0
763,2022-03-25 03:00,6,0,.1,0,1016.1,1020.8,85,0,0
763,2022-03-25 04:00,4.5,0,.1,0,1015.1,1019.8,93.6,0,0
763,2022-03-25 05:00,4.5,0,.2,0,1014.8,1019.5,93.4,0,0
763,2022-03-25 06:00,4.3,0,.2,0,1014.9,1019.6,96.5,0,0
763,2022-03-25 07:00,3.7,267.2,.5,0,1015.4,1020.1,97.5,0,0
763,2022-03-25 08:00,7,51,.7,0,1015.2,1019.9,87.8,0,0
763,2022-03-25 09:00,9.6,14.7,1.7,0,1015.2,1019.8,77.1,0,0
763,2022-03-25 10:00,15.3,113.2,1.6,0,1014.6,1019.1,52.6,0,0
763,2022-03-25 11:00,16.8,152.6,1.9,0,1013.9,1018.4,47,0,0
763,2022-03-25 12:00,17.7,164.3,1.9,0,1013.3,1017.8,44.8,0,0
763,2022-03-25 13:00,17.6,160,2.2,0,1013,1017.5,46.2,0,0
763,2022-03-25 14:00,18.3,158.1,2.3,0,1011.3,1015.8,52.7,0,0
763,2022-03-25 15:00,18.2,147.9,3,0,1010.4,1014.9,56.5,0,0
763,2022-03-25 16:00,18,150.8,2.6,0,1008.9,1013.3,58.2,0,0
763,2022-03-25 17:00,18.1,153.8,3.5,0,1007.3,1011.7,58,0,0
763,2022-03-25 18:00,18.2,158.5,2.5,0,1006.9,1011.3,57.2,0,0
763,2022-03-25 19:00,17.9,150.9,2.4,0,1006.1,1010.5,59.9,0,0
763,2022-03-25 20:00,15.3,141.2,1.2,.5,1004.5,1009,82.7,0,0
763,2022-03-25 21:00,13.2,0,.3,4,1003.7,1008.2,99.9,0,0
763,2022-03-25 22:00,12.9,0,.3,4,1001.8,1006.3,99.9,0,0
763,2022-03-25 23:00,14.3,135.9,1.8,3,999.8,1004.3,95.9,0,0
763,2022-03-26 00:00,14.9,144.8,1.5,2.5,998.3,1002.8,93.9,0,0
763,2022-03-26 01:00,15.4,162.7,2.8,5,996.9,1001.4,94.3,0,0
763,2022-03-26 02:00,15.6,163.6,2.8,4,995.3,999.8,94.1,0,0
763,2022-03-26 03:00,15.6,174.2,2.9,3.5,994.4,998.8,96.3,0,0
763,2022-03-26 04:00,15.5,177.6,1.7,6,993.5,997.9,98.4,0,0
763,2022-03-26 05:00,15.4,221.9,2.5,2.5,993.3,997.7,99.8,0,0
763,2022-03-26 06:00,14.7,194,2.5,1,993.1,997.5,99.2,0,0
763,2022-03-26 07:00,11.1,240.9,4,0,994.1,998.6,99.3,0,0
763,2022-03-26 08:00,10.5,250.1,4.2,0,995.1,999.6,96.7,0,0
763,2022-03-26 09:00,10.3,228.3,2.3,0,994.6,999.1,97.8,0,0
763,2022-03-26 10:00,9.3,245.5,5.1,1.5,997.7,1002.3,99.8,0,0
763,2022-03-26 11:00,9.3,219,2.2,1,996.6,1001.2,99.1,0,0
763,2022-03-26 12:00,9.3,230.3,2.2,0,997.8,1002.4,99.9,0,0
763,2022-03-26 13:00,9.5,232.6,2.3,0,998.4,1003,98.7,0,0
763,2022-03-26 14:00,9.9,257.1,2.1,0,999.1,1003.7,96.3,0,0
763,2022-03-26 15:00,10.3,260.8,1.7,0,1000.1,1004.7,93.9,0,0
763,2022-03-26 16:00,10.8,254.8,1.8,0,1001.1,1005.7,90.9,0,0
763,2022-03-26 17:00,10.4,249.5,1.4,0,1001.6,1006.2,89.2,0,0
763,2022-03-26 18:00,10.8,0,.4,0,1002.9,1007.5,89.5,0,0
763,2022-03-26 19:00,10.4,164.5,.9,0,1003.9,1008.5,87.8,0,0
763,2022-03-26 20:00,9.1,169.9,1.3,0,1005.1,1009.7,87.8,0,0
763,2022-03-26 21:00,8.2,136.7,.9,0,1006.6,1011.2,87.5,0,0
763,2022-03-26 22:00,7.2,0,.4,0,1007.4,1012,90.6,0,0
763,2022-03-26 23:00,6.8,152.8,1.1,0,1008.9,1013.6,83.8,0,0
763,2022-03-27 00:00,6.3,156.4,1.1,0,1009.4,1014.1,85.9,0,0
763,2022-03-27 01:00,5.5,0,.4,0,1010,1014.7,90.9,0,0
763,2022-03-27 02:00,4.3,0,.1,0,1010.3,1015,97.6,0,0
763,2022-03-27 03:00,5.4,139.3,.6,0,1010.2,1014.9,88.4,0,0
763,2022-03-27 04:00,2.7,0,.2,0,1009.8,1014.5,99.9,0,0
763,2022-03-27 05:00,2.3,278,.7,0,1010.3,1015.1,99.9,0,0
763,2022-03-27 06:00,1.8,0,.1,0,1010.5,1015.3,99.9,0,0
763,2022-03-27 07:00,2.4,0,.1,0,1011,1015.8,99.9,0,0
763,2022-03-27 08:00,6.3,134.9,1.1,0,1011,1015.7,85.2,0,0
763,2022-03-27 09:00,8.5,214.4,.9,0,1011,1015.6,71.3,0,0
763,2022-03-27 10:00,10.4,229.9,1.3,0,1011.1,1015.7,59,0,0
763,2022-03-27 11:00,13.1,184.5,1.2,0,1010.5,1015.1,53.6,0,0
763,2022-03-27 12:00,13.4,247.8,2,0,1010.5,1015,46.6,0,0
763,2022-03-27 13:00,14.7,236.9,2.6,0,1010.4,1014.9,46.6,0,0
763,2022-03-27 14:00,12.4,274.3,3.6,0,1010.1,1014.7,42.5,0,0
763,2022-03-27 15:00,11.8,291.4,3.9,0,1010.3,1014.9,62.8,0,0
763,2022-03-27 16:00,12.5,272.8,3.2,0,1010.5,1015.1,62.2,0,0
763,2022-03-27 17:00,13,337.8,2.7,0,1010.8,1015.4,37.2,0,0
763,2022-03-27 18:00,11.4,317.8,2.5,0,1011.8,1016.4,40,0,0
763,2022-03-27 19:00,9.1,298.3,2.8,0,1013.3,1017.9,42.5,0,0
763,2022-03-27 20:00,7.3,306.9,2.1,0,1015.1,1019.8,40.2,0,0
763,2022-03-27 21:00,6.1,324.9,1.8,0,1016.5,1021.2,42.2,0,0
763,2022-03-27 22:00,5.7,328.8,1.6,0,1017.1,1021.8,40.7,0,0
763,2022-03-27 23:00,3.3,0,.2,0,1017.4,1022.2,61.4,0,0
763,2022-03-28 00:00,1.8,0,.3,0,1018,1022.8,69.5,0,0
763,2022-03-28 01:00,.8,96.8,.5,0,1018.5,1023.3,70.2,0,0
763,2022-03-28 02:00,.3,0,.2,0,1018.8,1023.6,76.8,0,0
763,2022-03-28 03:00,-.6,0,.1,0,1019.4,1024.2,82,0,0
763,2022-03-28 04:00,-1.1,0,.1,0,1019.3,1024.2,87,0,0
763,2022-03-28 05:00,-2.1,0,.1,0,1019.5,1024.4,92.3,0,0
763,2022-03-28 06:00,-1.3,0,.1,0,1020.7,1025.6,88.9,0,0
763,2022-03-28 07:00,-.7,0,.1,0,1021.5,1026.4,88.8,0,0
763,2022-03-28 08:00,1,8.2,.8,0,1022.1,1026.9,76.1,0,0
763,2022-03-28 09:00,4.3,23.7,.9,0,1022.4,1027.2,63,0,0
763,2022-03-28 10:00,7.7,14.7,1.2,0,1022.5,1027.2,50,0,0
763,2022-03-28 11:00,10.1,342.1,2.1,0,1022.1,1026.8,39.6,0,0
763,2022-03-28 12:00,11.3,26.9,1.4,0,1021.8,1026.4,32.1,0,0
763,2022-03-28 13:00,12.4,112,1.9,0,1020.9,1025.5,31.6,0,0
763,2022-03-28 14:00,13.5,302.4,2.6,0,1020.4,1025,34.4,0,0
763,2022-03-28 15:00,13.7,276.3,3.6,0,1019.9,1024.5,30.8,0,0
763,2022-03-28 16:00,13.6,281.2,3.3,0,1019.7,1024.3,30.5,0,0
763,2022-03-28 17:00,13.8,311.4,1.8,0,1019.8,1024.4,29.8,0,0
763,2022-03-28 18:00,12,275.1,3.4,0,1020.2,1024.8,37.6,0,0
763,2022-03-28 19:00,10.4,254.9,1.3,0,1020.8,1025.5,44.6,0,0
763,2022-03-28 20:00,8.3,113.5,.5,0,1021.3,1026,53.2,0,0
763,2022-03-28 21:00,6.2,0,.1,0,1022.2,1026.9,62.6,0,0
763,2022-03-28 22:00,5.5,0,0,0,1022.2,1027,68.1,0,0
763,2022-03-28 23:00,3.6,0,.1,0,1022.7,1027.5,75.4,0,0
763,2022-03-29 00:00,3.2,0,0,0,1022.7,1027.5,76.1,0,0
763,2022-03-29 01:00,2.5,0,.2,0,1022.7,1027.5,80.9,0,0
763,2022-03-29 02:00,1.6,0,0,0,1022.7,1027.5,86.5,0,0
763,2022-03-29 03:00,1.8,0,.1,0,1022.5,1027.3,83.5,0,0
763,2022-03-29 04:00,.8,0,.2,0,1022.2,1027,87.4,0,0
763,2022-03-29 05:00,.4,0,.2,0,1021.7,1026.5,89.8,0,0
763,2022-03-29 06:00,.3,0,.1,0,1021.4,1026.2,93.5,0,0
763,2022-03-29 07:00,.3,0,.4,0,1021.5,1026.3,93.2,0,0
763,2022-03-29 08:00,2.9,293.4,.9,0,1022.3,1027.1,89.3,0,0
763,2022-03-29 09:00,5.8,0,.4,0,1022.8,1027.5,75.5,0,0
763,2022-03-29 10:00,10.1,49.1,1.1,0,1022.5,1027.2,53.7,0,0
763,2022-03-29 11:00,13.5,4.4,1.4,0,1021.9,1026.5,46.4,0,0
763,2022-03-29 12:00,14.3,282.8,1.8,0,1021.2,1025.8,45.8,0,0
763,2022-03-29 13:00,15.7,289.5,2.4,0,1020.2,1024.8,40.6,0,0
763,2022-03-29 14:00,15.8,272.4,3,0,1019.3,1023.9,36.5,0,0
763,2022-03-29 15:00,16.3,280.1,2.7,0,1018.5,1023,33.1,0,0
763,2022-03-29 16:00,16.6,282.7,1.9,0,1018.1,1022.6,32.1,0,0
763,2022-03-29 17:00,16.6,314.3,1.7,0,1017.5,1022,37.4,0,0
763,2022-03-29 18:00,16.4,324.8,1.3,0,1017.5,1022,33.7,0,0
763,2022-03-29 19:00,13.8,262.8,1.1,0,1018,1022.6,55.3,0,0
763,2022-03-29 20:00,11.6,0,0,0,1017.9,1022.5,64,0,0
763,2022-03-29 21:00,9.2,129.5,.5,0,1017.5,1022.2,76.1,0,0
763,2022-03-29 22:00,7.6,356,.5,0,1017.7,1022.4,81.8,0,0
763,2022-03-29 23:00,7.3,0,.2,0,1018,1022.7,83,0,0
763,2022-03-30 00:00,5.7,0,.1,0,1018.2,1022.9,91.4,0,0
763,2022-03-30 01:00,4.9,0,.1,0,1017.6,1022.3,95,0,0
763,2022-03-30 02:00,4.6,0,.1,0,1017.8,1022.5,93.3,0,0
763,2022-03-30 03:00,3.7,0,.1,0,1017.5,1022.3,96.9,0,0
763,2022-03-30 04:00,3.1,97.7,.5,0,1017.9,1022.7,99.3,0,0
763,2022-03-30 05:00,2.9,0,0,0,1017.8,1022.6,99.9,0,0
763,2022-03-30 06:00,3.4,0,.1,0,1017.8,1022.6,99.9,0,0
763,2022-03-30 07:00,4.5,0,.4,0,1017.8,1022.5,99.3,0,0
763,2022-03-30 08:00,6.4,17.5,1.3,0,1017.6,1022.3,88.4,0,0
763,2022-03-30 09:00,9,0,.4,0,1017,1021.7,81.5,0,0
763,2022-03-30 10:00,10.1,6.9,1.6,0,1017.4,1022.1,79.4,0,0
763,2022-03-30 11:00,11,14,.5,0,1017.5,1022.1,71.9,0,0
763,2022-03-30 12:00,13.5,40.4,.8,0,1016.5,1021.1,63.2,0,0
763,2022-03-30 13:00,17.4,36.5,.7,0,1015.3,1019.8,58,0,0
763,2022-03-30 14:00,17.7,299.4,2,0,1014.4,1018.9,62.4,0,0
763,2022-03-30 15:00,17.5,309.7,1.5,0,1014.1,1018.6,65,0,0
763,2022-03-30 16:00,17.1,0,.1,0,1013.6,1018.1,69.3,0,0
763,2022-03-30 17:00,16.7,271.8,.8,0,1013.4,1017.9,75.6,0,0
763,2022-03-30 18:00,16.3,166.7,.6,0,1013.2,1017.7,79.9,0,0
763,2022-03-30 19:00,14.7,265.6,1.8,0,1014.1,1018.6,92.7,0,0
763,2022-03-30 20:00,13.9,249.9,.6,0,1014.1,1018.7,99.3,0,0
763,2022-03-30 21:00,14.2,254,1.5,0,1014.8,1019.3,96.4,0,0
763,2022-03-30 22:00,12.7,228.5,.9,0,1015.7,1020.3,99.3,0,0
763,2022-03-30 23:00,12.7,0,.3,0,1015.6,1020.2,96.7,0,0
763,2022-03-31 00:00,12,0,.4,0,1016.4,1021,97.5,0,0
763,2022-03-31 01:00,10.9,252.9,1.4,0,1016.9,1021.5,98.2,0,0
763,2022-03-31 02:00,10.5,245.2,1.1,0,1016.4,1021,98.7,0,0
763,2022-03-31 03:00,10,260,.8,0,1016.4,1021,99.8,0,0
763,2022-03-31 04:00,9.2,266,.9,0,1016.9,1021.5,99.9,0,0
763,2022-03-31 05:00,9,0,.1,0,1017.1,1021.8,99.5,0,0
763,2022-03-31 06:00,9.2,0,.4,0,1017.5,1022.2,98.4,0,0
763,2022-03-31 07:00,9.2,0,.3,0,1018.6,1023.3,98.4,0,0
763,2022-03-31 08:00,9.7,0,.3,0,1019.5,1024.1,95.8,0,0
763,2022-03-31 09:00,10.3,317.4,.9,0,1019.7,1024.4,89.4,0,0
763,2022-03-31 10:00,10.9,299.6,1.2,0,1019.9,1024.5,81.9,0,0
763,2022-03-31 11:00,11.6,90.5,.7,0,1019.8,1024.4,78.9,0,0
763,2022-03-31 12:00,12.3,273.4,1.4,0,1019,1023.6,71,0,0
763,2022-03-31 13:00,13,300.3,1.2,0,1018.9,1023.5,65.4,0,0
763,2022-03-31 14:00,13.4,286.5,1.6,0,1018.4,1023,64.6,0,0
763,2022-03-31 15:00,13.2,278.7,3.1,0,1018.3,1022.9,68,0,0
763,2022-03-31 16:00,13.1,283.3,2.9,0,1018.2,1022.8,67.2,0,0
763,2022-03-31 17:00,12.8,257.7,2.3,0,1018.5,1023.1,68.2,0,0
763,2022-03-31 18:00,12.1,256.4,1.7,0,1018.7,1023.3,72,0,0
763,2022-03-31 19:00,11.3,320.8,1.4,0,1019,1023.6,70.5,0,0
763,2022-03-31 20:00,10.2,314.6,.8,0,1020,1024.7,71.8,0,0
763,2022-03-31 21:00,9.5,310.5,.8,0,1020.9,1025.6,77,0,0
763,2022-03-31 22:00,8.3,0,.1,0,1021.6,1026.3,86.3,0,0
763,2022-03-31 23:00,7.3,113.2,1,0,1021.8,1026.5,93.1,0,0
763,2022-04-01 00:00,7.2,0,.1,0,1022.1,1026.8,93.7,0,0
763,2022-04-01 01:00,5.9,0,0,0,1022.5,1027.2,97.8,0,0
763,2022-04-01 02:00,5.6,0,.4,0,1022.6,1027.4,99.8,0,0
763,2022-04-01 03:00,4.2,0,0,0,1022.8,1027.6,99.9,0,0
763,2022-04-01 04:00,3.2,0,.1,0,1022.8,1027.6,99.9,0,0
763,2022-04-01 05:00,2.9,0,0,0,1023.1,1027.9,99.9,0,0
763,2022-04-01 06:00,1.8,0,0,0,1023.6,1028.4,99.9,0,0
763,2022-04-01 07:00,2.4,0,0,0,1024.3,1029.1,99.9,0,0
763,2022-04-01 08:00,5.8,15,1,0,1024.9,1029.7,85,0,0
763,2022-04-01 09:00,8.7,12.4,1.3,0,1025.5,1030.2,65.9,0,0
763,2022-04-01 10:00,10.5,71.9,1.1,0,1025.4,1030.1,58.3,0,0
763,2022-04-01 11:00,12.3,355.6,1.5,0,1025.3,1029.9,49.2,0,0
763,2022-04-01 12:00,13.5,26,1.9,0,1024.7,1029.3,43.5,0,0
763,2022-04-01 13:00,14.4,3.5,2.4,0,1024.1,1028.7,40.3,0,0
763,2022-04-01 14:00,15.3,334.2,2.9,0,1023.3,1027.9,24.6,0,0
763,2022-04-01 15:00,14.9,352.5,3.1,0,1022.9,1027.5,31.5,0,0
763,2022-04-01 16:00,14.7,21.2,1.7,0,1022.4,1027,28.6,0,0
763,2022-04-01 17:00,13.8,280.1,3.7,0,1022,1026.6,44.6,0,0
763,2022-04-01 18:00,13.1,284.7,3.7,0,1022,1026.6,49.5,0,0
763,2022-04-01 19:00,11.4,266.9,1.9,0,1022.6,1027.2,55.3,0,0
763,2022-04-01 20:00,8.7,296.2,.7,0,1023.4,1028.1,64.6,0,0
763,2022-04-01 21:00,7.4,0,.2,0,1023.6,1028.3,68.8,0,0
763,2022-04-01 22:00,5.4,0,.1,0,1024.2,1029,76.2,0,0
763,2022-04-01 23:00,4.9,0,.1,0,1024.3,1029.1,72.9,0,0
763,2022-04-02 00:00,3.8,0,.4,0,1024.3,1029.1,81.5,0,0
763,2022-04-02 01:00,2.4,0,.3,0,1024.7,1029.5,88.4,0,0
763,2022-04-02 02:00,2.5,0,.3,0,1024.5,1029.3,96.2,0,0
763,2022-04-02 03:00,1.8,0,0,0,1024.4,1029.2,95.2,0,0
763,2022-04-02 04:00,1.2,0,.1,0,1024.1,1028.9,98.9,0,0
763,2022-04-02 05:00,.4,0,.1,0,1024,1028.9,99.5,0,0
763,2022-04-02 06:00,.2,0,0,0,1023.8,1028.7,99.9,0,0
763,2022-04-02 07:00,2,253.8,.5,0,1024.3,1029.1,99.8,0,0
763,2022-04-02 08:00,5.7,200.9,.7,0,1024.5,1029.3,75.5,0,0
763,2022-04-02 09:00,7.3,236.8,1.3,0,1024.7,1029.4,63.7,0,0
763,2022-04-02 10:00,8.9,214.6,1,0,1024.8,1029.5,51,0,0
763,2022-04-02 11:00,10.7,260.6,1.7,0,1024.6,1029.3,38.5,0,0
763,2022-04-02 12:00,11.2,252.7,2.3,0,1023.8,1028.5,32.9,0,0
763,2022-04-02 13:00,12,283.2,3.9,0,1023,1027.6,27.6,0,0
763,2022-04-02 14:00,12.9,266.7,1.7,0,1022.2,1026.8,27.7,0,0
763,2022-04-02 15:00,12.7,284.9,3.6,0,1021.6,1026.2,27.1,0,0
763,2022-04-02 16:00,11.8,247.7,3,0,1021.5,1026.1,34.3,0,0
763,2022-04-02 17:00,10.3,248.1,2.2,0,1021.6,1026.3,46.7,0,0
763,2022-04-02 18:00,9.8,239.8,1.4,0,1021.8,1026.5,49.8,0,0
763,2022-04-02 19:00,8,227.8,.9,0,1021.8,1026.5,59.5,0,0
763,2022-04-02 20:00,6.6,0,.4,0,1022.3,1027,64.7,0,0
763,2022-04-02 21:00,5.2,125.6,.8,0,1023.2,1028,71.9,0,0
763,2022-04-02 22:00,4,116.7,.7,0,1023.5,1028.3,76.5,0,0
763,2022-04-02 23:00,2.8,0,.3,0,1023.7,1028.5,85.8,0,0
763,2022-04-03 00:00,2.4,0,.1,0,1023.9,1028.7,88.8,0,0
763,2022-04-03 01:00,2.1,0,0,0,1023.8,1028.6,92.1,0,0
763,2022-04-03 02:00,1.4,0,.2,0,1023.5,1028.3,97.8,0,0
763,2022-04-03 03:00,.1,0,0,0,1023.4,1028.3,99.8,0,0
763,2022-04-03 04:00,-.3,0,.1,0,1023.4,1028.3,99.5,0,0
763,2022-04-03 05:00,-.5,0,0,0,1023.4,1028.3,99.6,0,0
763,2022-04-03 06:00,-1,0,0,0,1023.7,1028.6,99.9,0,0
763,2022-04-03 07:00,-.5,0,0,0,1024.2,1029.1,99.9,0,0
763,2022-04-03 08:00,3.3,0,.4,0,1024.5,1029.3,87.6,0,0
763,2022-04-03 09:00,6.1,43.1,.9,0,1024.7,1029.5,71.8,0,0
763,2022-04-03 10:00,9,46.2,1.5,0,1024.7,1029.4,54.7,0,0
763,2022-04-03 11:00,10.8,54.8,1.6,0,1024.6,1029.3,49.7,0,0
763,2022-04-03 12:00,13.2,27.3,2.6,0,1024.1,1028.7,37,0,0
763,2022-04-03 13:00,14.6,315.1,2.1,0,1023.5,1028.1,27.7,0,0
763,2022-04-03 14:00,15.4,43.4,2.5,0,1022.8,1027.4,23.4,0,0
763,2022-04-03 15:00,15.7,349.4,1.7,0,1021.9,1026.5,21.9,0,0
763,2022-04-03 16:00,15.8,287.4,3.4,0,1021.4,1026,35.7,0,0
763,2022-04-03 17:00,15,277.9,2.9,0,1021.5,1026.1,37.2,0,0
763,2022-04-03 18:00,14.2,277.9,2.6,0,1021.6,1026.2,38.2,0,0
763,2022-04-03 19:00,12.5,262,1.9,0,1021.9,1026.5,42.9,0,0
763,2022-04-03 20:00,9.5,0,.1,0,1022.6,1027.3,60.4,0,0
763,2022-04-03 21:00,7.7,106.1,.6,0,1023.6,1028.3,69.2,0,0
763,2022-04-03 22:00,6,0,.3,0,1024.1,1028.9,76.5,0,0
763,2022-04-03 23:00,5.4,0,.2,0,1024.1,1028.9,78,0,0
763,2022-04-04 00:00,3.6,0,.3,0,1024.4,1029.2,88.1,0,0
763,2022-04-04 01:00,3.6,0,0,0,1024.6,1029.4,92.3,0,0
763,2022-04-04 02:00,3.3,0,.1,0,1024.4,1029.2,92,0,0
763,2022-04-04 03:00,2.5,0,.2,0,1024.3,1029.1,97.1,0,0
763,2022-04-04 04:00,1.5,0,0,0,1024.5,1029.3,98.9,0,0
763,2022-04-04 05:00,1,0,.1,0,1024.7,1029.5,99.6,0,0
763,2022-04-04 06:00,1.1,0,0,0,1024.8,1029.6,98.3,0,0
763,2022-04-04 07:00,.9,0,.2,0,1025.3,1030.2,99.7,0,0
763,2022-04-04 08:00,5,0,0,0,1025.2,1030,86,0,0
763,2022-04-04 09:00,8.6,19.7,.5,0,1025.2,1029.9,73.8,0,0
763,2022-04-04 10:00,11.7,33.1,1.7,0,1025.2,1029.8,35.7,0,0
763,2022-04-04 11:00,14,25.9,1.5,0,1024.9,1029.5,43.7,0,0
763,2022-04-04 12:00,15.5,325.6,1.4,0,1024.2,1028.8,27.5,0,0
763,2022-04-04 13:00,15.9,288,2.7,0,1023.7,1028.3,23.8,0,0
763,2022-04-04 14:00,16.5,274.6,2.1,0,1023.2,1027.8,22.9,0,0
763,2022-04-04 15:00,17.2,279.2,2.3,0,1022.5,1027,28.5,0,0
763,2022-04-04 16:00,16.6,267.1,1.8,0,1021.8,1026.3,28.3,0,0
763,2022-04-04 17:00,16.1,270.9,2.5,0,1021.3,1025.9,29.5,0,0
763,2022-04-04 18:00,14.8,259.9,3,0,1021.4,1026,32.4,0,0
763,2022-04-04 19:00,12.6,252.4,1.1,0,1021.3,1025.9,38,0,0
763,2022-04-04 20:00,9.2,0,.2,0,1021.5,1026.2,52.3,0,0
763,2022-04-04 21:00,6.5,0,.3,0,1021.7,1026.4,65,0,0
763,2022-04-04 22:00,5.5,0,.1,0,1021.6,1026.3,70.8,0,0
763,2022-04-04 23:00,4.4,0,0,0,1022.1,1026.9,72.6,0,0
763,2022-04-05 00:00,3.3,0,0,0,1021.9,1026.7,80.6,0,0
763,2022-04-05 01:00,2.5,0,0,0,1021.9,1026.7,84.6,0,0
763,2022-04-05 02:00,2.2,0,0,0,1021.3,1026.1,87.2,0,0
763,2022-04-05 03:00,1.3,0,0,0,1020.5,1025.3,91.8,0,0
763,2022-04-05 04:00,.7,0,.1,0,1020.3,1025.1,93.8,0,0
763,2022-04-05 05:00,.6,0,0,0,1020.2,1025,93.8,0,0
763,2022-04-05 06:00,.3,0,0,0,1020.1,1024.9,96,0,0
763,2022-04-05 07:00,.9,0,.1,0,1020.5,1025.3,96.1,0,0
763,2022-04-05 08:00,4.6,0,0,0,1020.7,1025.5,74,0,0
763,2022-04-05 09:00,8.1,17.6,.6,0,1020.1,1024.8,64,0,0
763,2022-04-05 10:00,10.6,246.2,.7,0,1019.7,1024.3,55.9,0,0
763,2022-04-05 11:00,13.4,16.4,.7,0,1019.2,1023.8,40.5,0,0
763,2022-04-05 12:00,15,153.4,.6,0,1018.4,1023,24.5,0,0
763,2022-04-05 13:00,15.2,271.4,2.2,0,1017.8,1022.4,27.6,0,0
763,2022-04-05 14:00,16,247.1,2.2,0,1017.3,1021.8,31.8,0,0
763,2022-04-05 15:00,16.9,244.2,1.9,0,1016.2,1020.7,26.4,0,0
763,2022-04-05 16:00,16,282,3.2,0,1015.8,1020.3,26.7,0,0
763,2022-04-05 17:00,14.8,287.8,2.9,0,1016.2,1020.7,24.8,0,0
763,2022-04-05 18:00,13.6,251.2,1.7,0,1016.1,1020.7,22.7,0,0
763,2022-04-05 19:00,11.6,265.7,2,0,1016.3,1020.9,23.1,0,0
763,2022-04-05 20:00,9.1,0,.2,0,1016.6,1021.2,33.4,0,0
763,2022-04-05 21:00,7.5,0,.3,0,1017.1,1021.8,49.7,0,0
763,2022-04-05 22:00,6.8,0,.1,0,1017.5,1022.2,49,0,0
763,2022-04-05 23:00,6.5,0,.2,0,1017.8,1022.5,52.4,0,0
763,2022-04-06 00:00,5.2,0,0,0,1018.1,1022.8,63.6,0,0
763,2022-04-06 01:00,4.6,0,.1,0,1018.2,1022.9,68.5,0,0
763,2022-04-06 02:00,4.1,0,.3,0,1017.8,1022.5,72.9,0,0
763,2022-04-06 03:00,3.9,0,0,0,1018,1022.8,78.8,0,0
763,2022-04-06 04:00,4.1,0,.3,0,1017.9,1022.6,86.2,0,0
763,2022-04-06 05:00,4,0,.1,0,1018,1022.8,91.9,0,0
763,2022-04-06 06:00,3.8,0,0,0,1018,1022.8,95.2,0,0
763,2022-04-06 07:00,4.9,0,.1,0,1018.3,1023,96.3,0,0
763,2022-04-06 08:00,6.8,11.6,.5,0,1018.3,1023,85.3,0,0
763,2022-04-06 09:00,8.7,42.3,1.3,0,1018.5,1023.2,70.5,0,0
763,2022-04-06 10:00,11.4,24.2,1.2,0,1018.6,1023.2,69.7,0,0
763,2022-04-06 11:00,13.5,308.1,1.6,0,1018.5,1023.1,59.6,0,0
763,2022-04-06 12:00,15.2,317.8,1.1,0,1018.2,1022.8,44,0,0
763,2022-04-06 13:00,16.1,8.5,2.1,0,1017.2,1021.7,39.7,0,0
763,2022-04-06 14:00,18,308.1,1.8,0,1016.5,1021,35.8,0,0
763,2022-04-06 15:00,19,290.7,2.2,0,1015.5,1020,32.9,0,0
763,2022-04-06 16:00,19.3,280,1.6,0,1014.4,1018.8,34.6,0,0
763,2022-04-06 17:00,17.1,262.3,2.7,0,1014,1018.5,56.2,0,0
763,2022-04-06 18:00,16,266.2,1.5,0,1014,1018.5,60,0,0
763,2022-04-06 19:00,13.5,206.6,.7,0,1014.2,1018.8,67.7,0,0
763,2022-04-06 20:00,10.4,0,.2,0,1014.8,1019.4,77.2,0,0
763,2022-04-06 21:00,9.5,0,.1,0,1015.4,1020,83.4,0,0
763,2022-04-06 22:00,8.4,0,.2,0,1015.5,1020.2,87.7,0,0
763,2022-04-06 23:00,8.3,0,.3,0,1015.3,1020,81.5,0,0
763,2022-04-07 00:00,7.6,128.1,1.2,0,1015.2,1019.9,83.9,0,0
763,2022-04-07 01:00,6.4,0,.4,0,1015,1019.7,87.7,0,0
763,2022-04-07 02:00,7.1,0,.4,0,1014.2,1018.9,81.1,0,0
763,2022-04-07 03:00,7.3,328.5,1.1,0,1015.1,1019.8,82.4,0,0
763,2022-04-07 04:00,6.8,77.4,.7,.5,1014.2,1018.9,97,0,0
763,2022-04-07 05:00,6.6,307.8,1,1.5,1014.1,1018.8,99.9,0,0
763,2022-04-07 06:00,6.6,111.8,1,0,1013.4,1018.1,99.9,0,0
763,2022-04-07 07:00,6.9,0,.4,0,1014.1,1018.8,99.9,0,0
763,2022-04-07 08:00,7.2,0,.2,0,1014.5,1019.2,99.9,0,0
763,2022-04-07 09:00,8.4,356.1,.5,0,1014.7,1019.4,96.2,0,0
763,2022-04-07 10:00,9.9,253.8,1.1,0,1015,1019.6,83.5,0,0
763,2022-04-07 11:00,12.6,272.9,1.1,0,1014.6,1019.2,66.4,0,0
763,2022-04-07 12:00,13.5,251.5,1.8,0,1014,1018.6,52.7,0,0
763,2022-04-07 13:00,15.1,233.8,1.8,0,1013.2,1017.7,45.4,0,0
763,2022-04-07 14:00,16,243.5,2,0,1013,1017.5,36.5,0,0
763,2022-04-07 15:00,16,258.7,2.5,0,1012.5,1017,36.5,0,0
763,2022-04-07 16:00,15.8,246.1,2.2,0,1012.4,1016.9,34.8,0,0
763,2022-04-07 17:00,15,263.3,3.2,0,1012.8,1017.3,34.4,0,0
763,2022-04-07 18:00,13.1,254.4,2.4,0,1013.3,1017.9,33.8,0,0
763,2022-04-07 19:00,11.1,264.8,2.7,0,1014.3,1018.9,34,0,0
763,2022-04-07 20:00,9.2,262.7,.5,0,1015.1,1019.7,41.4,0,0
763,2022-04-07 21:00,7.3,0,.2,0,1015.7,1020.4,52.3,0,0
763,2022-04-07 22:00,6.2,119.9,.7,0,1016.2,1020.9,56.1,0,0
763,2022-04-07 23:00,4.7,95,.5,0,1016.2,1020.9,66.5,0,0
763,2022-04-08 00:00,4.6,0,.2,0,1016.4,1021.1,71.3,0,0
763,2022-04-08 01:00,4.4,0,.3,0,1016.5,1021.2,72.3,0,0
763,2022-04-08 02:00,3.8,0,.3,0,1016.4,1021.1,77.9,0,0
763,2022-04-08 03:00,2.4,0,0,0,1016.4,1021.2,79.9,0,0
763,2022-04-08 04:00,2.2,0,0,0,1016.4,1021.2,88,0,0
763,2022-04-08 05:00,2.1,0,0,0,1016.2,1021,86.3,0,0
763,2022-04-08 06:00,1.1,0,.1,0,1017,1021.8,91.1,0,0
763,2022-04-08 07:00,2,0,.1,0,1017.3,1022.1,90.3,0,0
763,2022-04-08 08:00,6.5,19.1,.9,0,1017.3,1022,64,0,0
763,2022-04-08 09:00,10.1,26.9,1.1,0,1017.6,1022.3,55.6,0,0
763,2022-04-08 10:00,12.7,42.3,.6,0,1017.6,1022.2,47.3,0,0
763,2022-04-08 11:00,15.6,276,.9,0,1017.4,1021.9,38.7,0,0
763,2022-04-08 12:00,17.3,352.8,1.3,0,1016.5,1021,31.2,0,0
763,2022-04-08 13:00,19.1,263.8,2,0,1015.5,1019.9,27.4,0,0
763,2022-04-08 14:00,20.3,231,1.5,0,1014.6,1019.1,28.2,0,0
763,2022-04-08 15:00,20.7,290,2.4,0,1013.6,1018,27.1,0,0
763,2022-04-08 16:00,21.5,246.6,1.9,0,1012.8,1017.2,26.7,0,0
763,2022-04-08 17:00,20.8,280,3,0,1012.5,1016.9,27.2,0,0
763,2022-04-08 18:00,19.3,286.6,3,0,1012.4,1016.8,31.7,0,0
763,2022-04-08 19:00,16.9,0,.1,0,1012.2,1016.7,39,0,0
763,2022-04-08 20:00,15.5,212,.5,0,1012.4,1016.9,43.4,0,0
763,2022-04-08 21:00,11.8,0,.1,0,1013.1,1017.7,60.4,0,0
763,2022-04-08 22:00,10.3,90,.7,0,1013,1017.6,61,0,0
763,2022-04-08 23:00,10.2,0,.2,0,1012.4,1017,62,0,0
763,2022-04-09 00:00,9.4,335.6,.5,0,1012.2,1016.8,66.5,0,0
763,2022-04-09 01:00,8.9,0,.4,0,1012,1016.6,68.5,0,0
763,2022-04-09 02:00,8.6,51,.5,0,1011.7,1016.3,73.6,0,0
763,2022-04-09 03:00,7.8,29.7,.5,0,1011.6,1016.3,75.3,0,0
763,2022-04-09 04:00,8.5,59.9,.5,0,1011.5,1016.1,72.3,0,0
763,2022-04-09 05:00,8.8,3.5,1.4,0,1011.4,1016,69.3,0,0
763,2022-04-09 06:00,7.3,0,.4,0,1011.8,1016.5,80.5,0,0
763,2022-04-09 07:00,9.1,145,.5,0,1012,1016.6,74.2,0,0
763,2022-04-09 08:00,17.1,144.2,1.6,0,1011.8,1016.3,32.1,0,0
763,2022-04-09 09:00,18.7,162.8,1.9,0,1011.7,1016.1,30.7,0,0
763,2022-04-09 10:00,20.4,194.1,2,0,1011.6,1016,33.1,0,0
763,2022-04-09 11:00,22,195.6,2.1,0,1011.4,1015.8,35.4,0,0
763,2022-04-09 12:00,23,260.4,2.6,0,1011,1015.4,36.3,0,0
763,2022-04-09 13:00,24.1,245.6,2.5,0,1010.6,1014.9,34.5,0,0
763,2022-04-09 14:00,24.2,259.6,2.8,0,1010.2,1014.5,34.4,0,0
763,2022-04-09 15:00,24.9,247.2,2.3,0,1009.7,1014,32.9,0,0
763,2022-04-09 16:00,24.6,252.5,1.9,0,1009.3,1013.6,32.3,0,0
763,2022-04-09 17:00,23.3,269.5,3.1,0,1009.1,1013.5,32,0,0
763,2022-04-09 18:00,22,271.7,1.8,0,1009.6,1014,37,0,0
763,2022-04-09 19:00,18.6,352.3,.9,0,1010,1014.4,50.5,0,0
763,2022-04-09 20:00,17.1,90.2,.5,0,1010.8,1015.3,55,0,0
763,2022-04-09 21:00,15.4,78.3,.5,0,1011.6,1016.1,59.1,0,0
763,2022-04-09 22:00,14.1,115.7,.7,0,1011.9,1016.4,61.1,0,0
763,2022-04-09 23:00,13.7,167.1,.6,0,1011.8,1016.3,62.4,0,0
763,2022-04-10 00:00,14.6,0,.2,0,1012,1016.5,52.6,0,0
763,2022-04-10 01:00,11,0,.3,0,1011.9,1016.5,68.9,0,0
763,2022-04-10 02:00,9.3,0,.1,0,1011.7,1016.3,74,0,0
763,2022-04-10 03:00,9.2,0,.3,0,1011.2,1015.8,75.6,0,0
763,2022-04-10 04:00,8.7,253.6,.7,0,1011.9,1016.5,76.2,0,0
763,2022-04-10 05:00,11.8,175.6,1,0,1011.9,1016.5,58.8,0,0
763,2022-04-10 06:00,13.8,194.9,.5,0,1012.4,1016.9,49.5,0,0
763,2022-04-10 07:00,15,195.5,1.1,0,1013,1017.5,49.2,0,0
763,2022-04-10 08:00,16.3,140.8,1.3,0,1013.2,1017.7,45.3,0,0
763,2022-04-10 09:00,18.7,160.4,.9,0,1013.5,1018,41.7,0,0
763,2022-04-10 10:00,19.8,191,1.3,0,1013.7,1018.1,32.5,0,0
763,2022-04-10 11:00,21.3,264.4,1.7,0,1013.6,1018,29.7,0,0
763,2022-04-10 12:00,21.7,294.5,2.6,0,1012.6,1017,30.9,0,0
763,2022-04-10 13:00,22.8,289.6,2.6,0,1011.7,1016.1,31.6,0,0
763,2022-04-10 14:00,24,298.4,3.1,0,1011,1015.3,30.2,0,0
763,2022-04-10 15:00,24.1,250.7,2.4,0,1010.2,1014.5,28.8,0,0
763,2022-04-10 16:00,22.8,271.8,3.2,0,1010.1,1014.5,38,0,0
763,2022-04-10 17:00,20.7,258.4,3.5,0,1010.5,1014.9,47.4,0,0
763,2022-04-10 18:00,19.4,270.2,3.7,0,1011.1,1015.5,50.4,0,0
763,2022-04-10 19:00,17.7,284,.5,0,1011.6,1016.1,53.8,0,0
763,2022-04-10 20:00,15.4,0,.1,0,1012,1016.5,64.3,0,0
763,2022-04-10 21:00,15.1,0,.3,0,1012.2,1016.7,69.6,0,0
763,2022-04-10 22:00,14.5,0,0,0,1012.2,1016.7,72.5,0,0
763,2022-04-10 23:00,13.9,0,0,0,1011.9,1016.4,76.8,0,0
763,2022-04-11 00:00,13.7,0,0,0,1011.8,1016.3,80.1,0,0
763,2022-04-11 01:00,13.8,144.9,.6,0,1011.5,1016,73.5,0,0
763,2022-04-11 02:00,17,145,1.2,0,1011.1,1015.6,64.2,0,0
763,2022-04-11 03:00,17,166.3,1.3,0,1010.8,1015.3,67.1,0,0
763,2022-04-11 04:00,16.7,176.7,.9,0,1011,1015.5,70.3,0,0
763,2022-04-11 05:00,11.6,25.8,1.4,0,1010.9,1015.5,89.1,0,0
763,2022-04-11 06:00,10.6,21.3,.5,0,1010.7,1015.3,94.7,0,0
763,2022-04-11 07:00,11.9,14,1.1,0,1010.7,1015.3,90.7,0,0
763,2022-04-11 08:00,14.8,0,.1,0,1010.7,1015.2,76.8,0,0
763,2022-04-11 09:00,21.1,150.4,1.6,0,1010.3,1014.7,64.3,0,0
763,2022-04-11 10:00,22.2,209,.9,0,1010.3,1014.7,59.3,0,0
763,2022-04-11 11:00,22.8,214,1.9,0,1010,1014.4,53.1,0,0
763,2022-04-11 12:00,24.6,254.3,2.3,0,1008.8,1013.1,45.8,0,0
763,2022-04-11 13:00,25.5,210,1.9,0,1007.7,1012,44.2,0,0
763,2022-04-11 14:00,25.7,224.1,1.5,0,1006.8,1011.1,40.8,0,0
763,2022-04-11 15:00,26.2,273.8,2.2,0,1006.2,1010.5,39.1,0,0
763,2022-04-11 16:00,26.4,276.1,3.1,0,1005.9,1010.2,42.2,0,0
763,2022-04-11 17:00,25.3,277.8,2.7,0,1005.3,1009.6,49,0,0
763,2022-04-11 18:00,24,283.8,2.5,0,1005.3,1009.6,52.1,0,0
763,2022-04-11 19:00,22,275.2,1,0,1005.7,1010.1,61.4,0,0
763,2022-04-11 20:00,18.9,0,.1,0,1006.8,1011.2,75.3,0,0
763,2022-04-11 21:00,18.5,0,.3,0,1007.2,1011.6,79.5,0,0
763,2022-04-11 22:00,17.8,221.5,.5,0,1007.8,1012.2,84.2,0,0
763,2022-04-11 23:00,16.1,0,.2,0,1008,1012.5,92.1,0,0
763,2022-04-12 00:00,18.4,167.5,1,0,1007.7,1012.1,84.2,0,0
763,2022-04-12 01:00,15.1,102,.5,0,1007.1,1011.6,97.1,0,0
763,2022-04-12 02:00,18.3,165.3,1.2,0,1006.7,1011.1,79.5,0,0
763,2022-04-12 03:00,15.4,276.5,.6,0,1007.1,1011.6,88.1,0,0
763,2022-04-12 04:00,13.8,3.5,.6,0,1006.9,1011.4,99.8,0,0
763,2022-04-12 05:00,17.3,185.4,1,0,1007.3,1011.8,83.3,0,0
763,2022-04-12 06:00,12,4.6,.7,0,1007.3,1011.9,99.8,0,0
763,2022-04-12 07:00,13.1,26.8,1.6,0,1007.5,1012,99.9,0,0
763,2022-04-12 08:00,15.2,12.1,.5,0,1007,1011.5,97.8,0,0
763,2022-04-12 09:00,18.8,29,.7,0,1007.1,1011.5,78.5,0,0
763,2022-04-12 10:00,20.6,287.1,2.1,0,1007.2,1011.6,71,0,0
763,2022-04-12 11:00,21.5,277.8,2.7,0,1007.9,1012.3,64.2,0,0
763,2022-04-12 12:00,23.1,256,2.2,0,1006.9,1011.3,55.5,0,0
763,2022-04-12 13:00,23.7,297.5,2.4,0,1006.4,1010.7,57.4,0,0
763,2022-04-12 14:00,23.7,291.1,2.7,0,1005.6,1009.9,59,0,0
763,2022-04-12 15:00,24.5,290.8,2.5,0,1004.8,1009.1,57.3,0,0
763,2022-04-12 16:00,24.4,291,2.7,0,1004.5,1008.8,58.1,0,0
763,2022-04-12 17:00,23.5,279.2,2.8,0,1004.3,1008.6,61.1,0,0
763,2022-04-12 18:00,22.4,280.4,1.7,0,1004.5,1008.9,64.8,0,0
763,2022-04-12 19:00,19.2,271.7,3.8,0,1005.3,1009.7,81.7,0,0
763,2022-04-12 20:00,17.8,218.5,1.2,0,1006.3,1010.7,88.7,0,0
763,2022-04-12 21:00,16.6,266.5,1.6,0,1007.2,1011.7,96.3,0,0
763,2022-04-12 22:00,15.9,242.9,1,0,1007.1,1011.6,98,0,0
763,2022-04-12 23:00,15.5,270.8,.8,0,1006.9,1011.4,99.3,0,0
763,2022-04-13 00:00,14.9,208,.7,0,1007.2,1011.7,99.8,0,0
763,2022-04-13 01:00,15.8,0,.4,0,1007.1,1011.6,93.8,0,0
763,2022-04-13 02:00,15.6,258.9,1.5,0,1006.7,1011.2,93.6,0,0
763,2022-04-13 03:00,15.3,137.5,1.2,0,1006.6,1011.1,95.9,0,0
763,2022-04-13 04:00,15,192.6,.5,0,1006.9,1011.4,97.1,0,0
763,2022-04-13 05:00,14.9,166,.6,0,1006.6,1011.1,98.5,0,0
763,2022-04-13 06:00,14.4,281.1,.8,0,1006.7,1011.2,99.5,0,0
763,2022-04-13 07:00,14.2,0,.3,0,1007,1011.5,99.6,0,0
763,2022-04-13 08:00,14.5,0,.3,0,1007.2,1011.7,99.8,0,0
763,2022-04-13 09:00,15.8,127.8,1.9,0,1007.3,1011.8,94.6,0,0
763,2022-04-13 10:00,16.7,332.2,1.2,0,1008.1,1012.6,89.7,0,0
763,2022-04-13 11:00,16.7,10.8,1.3,0,1008.4,1012.9,87.9,0,0
763,2022-04-13 12:00,16.3,343,1,0,1008.6,1013.1,91.7,0,0
763,2022-04-13 13:00,16.7,345.4,1.3,0,1007.9,1012.4,92.8,0,0
763,2022-04-13 14:00,16,313.4,1.3,0,1007.4,1011.9,99.8,0,0
763,2022-04-13 15:00,16.2,0,.4,3,1006.5,1011,99.8,0,0
763,2022-04-13 16:00,14.9,8.5,1.9,.5,1006.2,1010.7,99.8,0,0
763,2022-04-13 17:00,14.5,19.3,2,13,1006.2,1010.7,99.8,0,0
763,2022-04-13 18:00,13.1,21.7,1.8,5,1007.6,1012.1,99.8,0,0
763,2022-04-13 19:00,13,74.7,1.2,8,1008.1,1012.6,99.4,0,0
763,2022-04-13 20:00,12.3,47.6,.9,5,1008.9,1013.5,98,0,0
763,2022-04-13 21:00,12,62.5,1.3,3,1009.7,1014.3,96.6,0,0
763,2022-04-13 22:00,11.5,4.5,1.2,1.5,1010.2,1014.8,99.9,0,0
763,2022-04-13 23:00,11.2,15.5,1.1,.5,1010.5,1015.1,99.9,0,0
763,2022-04-14 00:00,10.8,9,1.3,1,1010.7,1015.3,99.9,0,0
763,2022-04-14 01:00,10.4,24.4,2.3,.5,1010.5,1015.1,99.6,0,0
763,2022-04-14 02:00,10.1,25.2,1.8,0,1009.9,1014.5,98.2,0,0
763,2022-04-14 03:00,10.1,18.8,1.4,0,1009.7,1014.3,97.2,0,0
763,2022-04-14 04:00,10,12.9,1.7,0,1009.7,1014.3,94.3,0,0
763,2022-04-14 05:00,10,1.9,1.6,0,1010,1014.6,93.4,0,0
763,2022-04-14 06:00,10.1,15.2,1.6,0,1010.3,1014.9,90,0,0
763,2022-04-14 07:00,10.1,24.5,2.8,0,1011.2,1015.8,88.5,0,0
763,2022-04-14 08:00,10.3,24.8,2,0,1011.3,1015.9,88.6,0,0
763,2022-04-14 09:00,10.8,5,1.3,0,1012.1,1016.7,87.6,0,0
763,2022-04-14 10:00,10.2,24,2.8,0,1012.6,1017.2,92.3,0,0
763,2022-04-14 11:00,11.2,25.3,1.8,0,1012.4,1017,88.6,0,0
763,2022-04-14 12:00,12.1,19.1,3.2,0,1012.1,1016.7,80.5,0,0
763,2022-04-14 13:00,13.9,65.3,1.6,0,1011.1,1015.6,73.2,0,0
763,2022-04-14 14:00,14.8,62.9,2,0,1010.3,1014.8,67.8,0,0
763,2022-04-14 15:00,15.4,16.9,2.8,0,1010.1,1014.6,66.8,0,0
763,2022-04-14 16:00,15.5,18.7,3.1,0,1010.6,1015.1,62.7,0,0
763,2022-04-14 17:00,14.6,24.9,3.5,0,1011,1015.5,64.2,0,0
763,2022-04-14 18:00,14,25.5,3.9,0,1011.5,1016,63.5,0,0
763,2022-04-14 19:00,13.2,25.4,2.7,0,1012,1016.6,66,0,0
763,2022-04-14 20:00,12.7,25.9,2.5,0,1012.5,1017.1,67.8,0,0
763,2022-04-14 21:00,12.3,25.7,2.7,0,1013.2,1017.8,69.7,0,0
763,2022-04-14 22:00,12,27.5,2.5,0,1013.3,1017.9,70.8,0,0
763,2022-04-14 23:00,11.7,21.3,2.3,0,1013.5,1018.1,72,0,0
763,2022-04-15 00:00,10.9,17.1,1.9,0,1014.1,1018.7,75.2,0,0
763,2022-04-15 01:00,10.2,29.5,1.6,0,1013.9,1018.5,75.6,0,0
763,2022-04-15 02:00,9.4,30.3,1,0,1013.4,1018,77.3,0,0
763,2022-04-15 03:00,8.7,27.1,1.4,0,1012.9,1017.5,79.9,0,0
763,2022-04-15 04:00,7.7,319,.9,0,1012.7,1017.4,85.9,0,0
763,2022-04-15 05:00,6.7,317.4,.5,0,1013.2,1017.9,94.7,0,0
763,2022-04-15 06:00,5.7,0,.3,0,1013.5,1018.2,99,0,0
763,2022-04-15 07:00,7,0,.2,0,1013.8,1018.5,94.6,0,0
763,2022-04-15 08:00,9.5,3.6,1.3,0,1014.4,1019,81.3,0,0
763,2022-04-15 09:00,11.9,16.3,1.9,0,1014,1018.6,67.4,0,0
763,2022-04-15 10:00,13.2,338.6,2.5,0,1014.4,1019,63,0,0
763,2022-04-15 11:00,14.9,354.4,2.1,0,1013.9,1018.4,58,0,0
763,2022-04-15 12:00,15.7,358.5,2.2,0,1012.9,1017.4,52.9,0,0
763,2022-04-15 13:00,16.5,12.2,1.7,0,1012.7,1017.2,43.4,0,0
763,2022-04-15 14:00,17.6,312.1,2,0,1011.5,1016,42.1,0,0
763,2022-04-15 15:00,18.5,275.9,2.5,0,1010.3,1014.7,47.1,0,0
763,2022-04-15 16:00,17.8,289.9,1.9,0,1009.7,1014.2,44.6,0,0
763,2022-04-15 17:00,17.7,315.3,2.5,0,1009.7,1014.2,37.5,0,0
763,2022-04-15 18:00,16.4,326.5,2.9,0,1010,1014.5,31.9,0,0
763,2022-04-15 19:00,14.4,310.8,1.9,0,1010.5,1015,42.9,0,0
763,2022-04-15 20:00,12.3,289.3,1.3,0,1011.6,1016.2,59,0,0
763,2022-04-15 21:00,10.2,286.8,.7,0,1012.4,1017,68.8,0,0
763,2022-04-15 22:00,8.6,0,.3,0,1013,1017.6,77.4,0,0
763,2022-04-15 23:00,8,98.9,.7,0,1013.3,1018,84,0,0
763,2022-04-16 00:00,7.3,0,.2,0,1013.6,1018.3,88.9,0,0
763,2022-04-16 01:00,6.6,0,.3,0,1013.4,1018.1,95.1,0,0
763,2022-04-16 02:00,6.4,0,.1,0,1013.3,1018,97.9,0,0
763,2022-04-16 03:00,5.8,0,0,0,1013.3,1018,99.8,0,0
763,2022-04-16 04:00,5.2,0,0,0,1013.4,1018.1,99.9,0,0
763,2022-04-16 05:00,4.7,0,.2,0,1013.4,1018.1,99.9,0,0
763,2022-04-16 06:00,4.7,0,0,0,1013.8,1018.5,99.9,0,0
763,2022-04-16 07:00,5.8,0,.1,0,1014.6,1019.3,99.9,0,0
763,2022-04-16 08:00,8.9,0,.4,0,1015.1,1019.7,87,0,0
763,2022-04-16 09:00,11.7,43.2,.8,0,1015.3,1019.9,63.7,0,0
763,2022-04-16 10:00,13.5,44.5,.6,0,1015.2,1019.8,58.3,0,0
763,2022-04-16 11:00,14.9,47.2,.9,0,1014.6,1019.1,47.6,0,0
763,2022-04-16 12:00,16,282,1.6,0,1013.8,1018.3,40.6,0,0
763,2022-04-16 13:00,18.3,22.4,2.1,0,1013.2,1017.7,29.3,0,0
763,2022-04-16 14:00,18,286.6,2,0,1012.6,1017.1,43.4,0,0
763,2022-04-16 15:00,17.6,280.6,3.6,0,1012.2,1016.7,39.8,0,0
763,2022-04-16 16:00,17.3,274,4,0,1011.8,1016.3,33,0,0
763,2022-04-16 17:00,17,271.8,3.7,0,1011.5,1016,28.4,0,0
763,2022-04-16 18:00,16.4,271,2.8,0,1011.7,1016.2,30.8,0,0
763,2022-04-16 19:00,14.5,280.8,1.1,0,1012.3,1016.8,33.3,0,0
763,2022-04-16 20:00,9.9,0,.1,0,1012.8,1017.4,54.7,0,0
763,2022-04-16 21:00,9.4,0,.4,0,1013.7,1018.3,55.6,0,0
763,2022-04-16 22:00,8.7,0,.4,0,1014,1018.6,53.8,0,0
763,2022-04-16 23:00,7.2,0,.4,0,1014,1018.7,63.3,0,0
763,2022-04-17 00:00,6.6,0,.2,0,1014.2,1018.9,66,0,0
763,2022-04-17 01:00,6.2,0,.1,0,1014.3,1019,73.5,0,0
763,2022-04-17 02:00,5.4,0,.4,0,1014.4,1019.1,81.9,0,0
763,2022-04-17 03:00,5.1,0,.3,0,1014.3,1019,87.2,0,0
763,2022-04-17 04:00,4.2,0,.1,0,1014.4,1019.1,93.5,0,0
763,2022-04-17 05:00,3.9,0,.1,0,1014.1,1018.8,96,0,0
763,2022-04-17 06:00,3.5,0,.1,0,1014.7,1019.4,96.5,0,0
763,2022-04-17 07:00,4.7,0,.3,0,1014.8,1019.5,93.6,0,0
763,2022-04-17 08:00,8.4,295.6,1.3,0,1015.1,1019.8,76.7,0,0
763,2022-04-17 09:00,11.5,24.7,.5,0,1015.3,1019.9,66,0,0
763,2022-04-17 10:00,13.9,89.1,.5,0,1015.5,1020.1,51.3,0,0
763,2022-04-17 11:00,16.6,254.6,1.6,0,1015.5,1020,33.8,0,0
763,2022-04-17 12:00,16.5,277.4,2.1,0,1015.3,1019.8,33.2,0,0
763,2022-04-17 13:00,18.6,209.9,1,0,1014.5,1019,33.8,0,0
763,2022-04-17 14:00,19.1,274.4,3,0,1014.1,1018.5,29.8,0,0
763,2022-04-17 15:00,19.7,255.8,1.8,0,1013.5,1017.9,27.4,0,0
763,2022-04-17 16:00,19.3,238.6,1.7,0,1012.8,1017.2,29.1,0,0
763,2022-04-17 17:00,18.8,249.8,1.7,0,1012.8,1017.2,37.8,0,0
763,2022-04-17 18:00,18,243,1,0,1012.2,1016.7,40.5,0,0
763,2022-04-17 19:00,15.6,210.5,.7,0,1012.9,1017.4,46.7,0,0
763,2022-04-17 20:00,12.7,0,.2,0,1013.5,1018.1,58,0,0
763,2022-04-17 21:00,11.7,223.3,.6,0,1014.3,1018.9,70.2,0,0
763,2022-04-17 22:00,10.3,0,.3,0,1014.6,1019.2,81.1,0,0
763,2022-04-17 23:00,9.8,0,.2,0,1014.9,1019.5,86.3,0,0
763,2022-04-18 00:00,8.9,0,0,0,1015.4,1020,91.7,0,0
763,2022-04-18 01:00,9,112.4,1.4,0,1015.2,1019.8,92.2,0,0
763,2022-04-18 02:00,8.9,0,.2,0,1015.3,1019.9,90,0,0
763,2022-04-18 03:00,8.6,0,.1,0,1014.9,1019.6,93.2,0,0
763,2022-04-18 04:00,8,0,.1,0,1014.4,1019.1,92.9,0,0
763,2022-04-18 05:00,7.8,0,.3,0,1014.1,1018.8,92.9,0,0
763,2022-04-18 06:00,7.8,0,.2,0,1014.4,1019.1,91.8,0,0
763,2022-04-18 07:00,8.8,103.8,.5,0,1014.1,1018.7,81.9,0,0
763,2022-04-18 08:00,10.2,0,.4,0,1014.3,1018.9,80.5,0,0
763,2022-04-18 09:00,11.3,18.5,.6,0,1015.2,1019.8,76.7,0,0
763,2022-04-18 10:00,13.9,309.1,.9,0,1015.3,1019.9,62.6,0,0
763,2022-04-18 11:00,15.7,38.3,.7,0,1015,1019.5,58.3,0,0
763,2022-04-18 12:00,17.1,297.1,.8,0,1014.3,1018.8,37.8,0,0
763,2022-04-18 13:00,18.7,298.1,1.5,0,1013.5,1018,29.2,0,0
763,2022-04-18 14:00,20.4,289.4,1.3,0,1012.6,1017,20.3,0,0
763,2022-04-18 15:00,21,338.3,1.1,0,1012.2,1016.6,23.9,0,0
763,2022-04-18 16:00,21.1,282.7,2.7,0,1011.7,1016.1,26.5,0,0
763,2022-04-18 17:00,19.4,250.1,2.3,0,1011.8,1016.2,27.2,0,0
763,2022-04-18 18:00,18.1,277.1,3,0,1012.1,1016.6,22.7,0,0
763,2022-04-18 19:00,15.4,279.6,.6,0,1012.4,1016.9,32.5,0,0
763,2022-04-18 20:00,12.2,0,.2,0,1013.6,1018.2,52,0,0
763,2022-04-18 21:00,11.1,0,0,0,1014.2,1018.8,52.5,0,0
763,2022-04-18 22:00,9.8,0,.2,0,1014.3,1018.9,54.9,0,0
763,2022-04-18 23:00,8.4,0,.1,0,1014.5,1019.2,65.1,0,0
763,2022-04-19 00:00,8.2,0,.1,0,1014.7,1019.4,70.8,0,0
763,2022-04-19 01:00,7.2,0,.1,0,1014.6,1019.3,72.2,0,0
763,2022-04-19 02:00,6.9,0,.1,0,1014.2,1018.9,79.1,0,0
763,2022-04-19 03:00,6.5,0,.3,0,1013.8,1018.5,76.2,0,0
763,2022-04-19 04:00,5.3,0,0,0,1013.6,1018.3,83.8,0,0
763,2022-04-19 05:00,5.8,0,0,0,1013.5,1018.2,82.7,0,0
763,2022-04-19 06:00,5.7,0,.3,0,1013.6,1018.3,83.2,0,0
763,2022-04-19 07:00,6.4,0,.3,0,1013.9,1018.6,84.2,0,0
763,2022-04-19 08:00,9.9,21.8,.8,0,1014.2,1018.8,62.7,0,0
763,2022-04-19 09:00,11.6,0,.2,0,1014.5,1019.1,61.5,0,0
763,2022-04-19 10:00,16.4,82.8,.7,0,1014.3,1018.8,48.5,0,0
763,2022-04-19 11:00,17.6,289.7,1.5,0,1014.3,1018.8,42.7,0,0
763,2022-04-19 12:00,19.6,292.3,2.1,0,1013.8,1018.2,29.1,0,0
763,2022-04-19 13:00,20.9,258.4,1.1,0,1013.1,1017.5,29.1,0,0
763,2022-04-19 14:00,21.3,293,3.6,0,1012.6,1017,27.2,0,0
763,2022-04-19 15:00,20.3,282.8,3.6,0,1012.3,1016.7,27.8,0,0
763,2022-04-19 16:00,19.9,285.4,3.4,0,1012.1,1016.5,29.7,0,0
763,2022-04-19 17:00,19.7,246.7,1.7,0,1011.9,1016.3,30.2,0,0
763,2022-04-19 18:00,18.3,248.9,1.5,0,1012,1016.5,31.9,0,0
763,2022-04-19 19:00,15.9,220.5,.5,0,1012.2,1016.7,39.5,0,0
763,2022-04-19 20:00,14.1,0,.2,0,1012.9,1017.4,42.9,0,0
763,2022-04-19 21:00,11.4,0,.4,0,1013.4,1018,57.1,0,0
763,2022-04-19 22:00,9.4,0,.2,0,1013.8,1018.4,67.8,0,0
763,2022-04-19 23:00,7.9,0,0,0,1013.8,1018.5,76.4,0,0
763,2022-04-20 00:00,7.7,61,.6,0,1014.2,1018.9,84.7,0,0
763,2022-04-20 01:00,7.2,0,.2,0,1014,1018.7,93.3,0,0
763,2022-04-20 02:00,7,0,.3,0,1013.5,1018.2,93.4,0,0
763,2022-04-20 03:00,6.1,0,0,0,1013.2,1017.9,95.6,0,0
763,2022-04-20 04:00,5.1,0,0,0,1012.9,1017.6,98,0,0
763,2022-04-20 05:00,4.6,0,0,0,1013.1,1017.8,99.1,0,0
763,2022-04-20 06:00,4.3,0,0,0,1013.3,1018,99.9,0,0
763,2022-04-20 07:00,6.7,0,.2,0,1013.7,1018.4,96.4,0,0
763,2022-04-20 08:00,11.6,0,.1,0,1013.8,1018.4,69.6,0,0
763,2022-04-20 09:00,14.6,0,.4,0,1013.7,1018.2,57.2,0,0
763,2022-04-20 10:00,16.3,292.3,1.2,0,1013.9,1018.4,51.7,0,0
763,2022-04-20 11:00,18.6,293.9,1.7,0,1013.7,1018.2,32.4,0,0
763,2022-04-20 12:00,18.6,274,3,0,1013.1,1017.6,29.5,0,0
763,2022-04-20 13:00,20.6,226.8,1.2,0,1012.5,1016.9,30.5,0,0
763,2022-04-20 14:00,21.2,248.5,1.7,0,1011.4,1015.8,29.2,0,0
763,2022-04-20 15:00,20.7,284.5,3.5,0,1010.4,1014.8,29.3,0,0
763,2022-04-20 16:00,20.3,279.5,3.3,0,1009.9,1014.3,34.2,0,0
763,2022-04-20 17:00,19.3,268.1,2.7,0,1009.9,1014.3,32.2,0,0
763,2022-04-20 18:00,18.1,234.2,1.5,0,1010.1,1014.6,36,0,0
763,2022-04-20 19:00,15.9,276.3,1.1,0,1010.2,1014.7,44,0,0
763,2022-04-20 20:00,12.2,0,.1,0,1010.4,1015,63.4,0,0
763,2022-04-20 21:00,10.9,0,.2,0,1011.2,1015.8,68.2,0,0
763,2022-04-20 22:00,9.4,0,.2,0,1011.2,1015.8,73.6,0,0
763,2022-04-20 23:00,9.4,0,.3,0,1011.3,1015.9,72.6,0,0
763,2022-04-21 00:00,8.7,0,.1,0,1011.1,1015.7,73.9,0,0
763,2022-04-21 01:00,7,0,0,0,1010.7,1015.4,81.5,0,0
763,2022-04-21 02:00,6.2,0,0,0,1010.4,1015.1,85.1,0,0
763,2022-04-21 03:00,6.2,0,.1,0,1009.8,1014.5,84.7,0,0
763,2022-04-21 04:00,6.2,0,0,0,1009.4,1014.1,85.4,0,0
763,2022-04-21 05:00,5.7,0,0,0,1009,1013.7,92.2,0,0
763,2022-04-21 06:00,5.1,0,0,0,1008.9,1013.6,95,0,0
763,2022-04-21 07:00,7.1,0,.1,0,1009.1,1013.8,88.3,0,0
763,2022-04-21 08:00,9.1,0,.2,0,1009.1,1013.7,85.4,0,0
763,2022-04-21 09:00,11.3,0,.1,0,1009.4,1014,69.6,0,0
763,2022-04-21 10:00,15.1,0,.4,0,1009,1013.5,59.5,0,0
763,2022-04-21 11:00,18,111.3,.5,0,1009,1013.4,42.1,0,0
763,2022-04-21 12:00,18,214.1,1.1,0,1009.3,1013.8,36.2,0,0
763,2022-04-21 13:00,18.5,241.7,1.5,0,1008.3,1012.7,35.9,0,0
763,2022-04-21 14:00,19.9,204.9,1.3,0,1008.2,1012.6,33.9,0,0
763,2022-04-21 15:00,19.9,187.8,1.4,0,1007.4,1011.8,29.2,0,0
763,2022-04-21 16:00,20.3,205,1.1,0,1006.9,1011.3,27.9,0,0
763,2022-04-21 17:00,19.7,177.4,.8,0,1006.3,1010.7,30,0,0
763,2022-04-21 18:00,19.2,236.1,.5,0,1006.5,1010.9,35.6,0,0
763,2022-04-21 19:00,16.7,274.3,1.1,0,1006.8,1011.3,64.5,0,0
763,2022-04-21 20:00,14,0,.1,0,1006.9,1011.4,77.7,0,0
763,2022-04-21 21:00,12.1,0,.1,0,1007,1011.6,87.3,0,0
763,2022-04-21 22:00,11,0,.3,0,1007,1011.6,93,0,0
763,2022-04-21 23:00,10.9,0,.3,0,1007.3,1011.9,85.5,0,0
763,2022-04-22 00:00,10.2,0,.2,0,1007.9,1012.5,86.7,0,0
763,2022-04-22 01:00,10.5,0,.2,0,1007.7,1012.3,82.3,0,0
763,2022-04-22 02:00,12.7,223,.6,0,1008,1012.5,74.3,0,0
763,2022-04-22 03:00,13.4,150.7,.5,0,1007.8,1012.3,69.1,0,0
763,2022-04-22 04:00,11.1,331.7,.6,0,1007.5,1012.1,79.5,0,0
763,2022-04-22 05:00,9.6,0,.2,0,1007.4,1012,87.6,0,0
763,2022-04-22 06:00,9.6,0,.3,0,1007.7,1012.3,87,0,0
763,2022-04-22 07:00,13.5,146.4,.6,0,1007.9,1012.4,71.4,0,0
763,2022-04-22 08:00,15.9,164,1.1,0,1007.8,1012.3,59.8,0,0
763,2022-04-22 09:00,17,199.2,1.7,0,1007.6,1012.1,57.6,0,0
763,2022-04-22 10:00,19.4,209.8,1.5,0,1007.4,1011.8,53.4,0,0
763,2022-04-22 11:00,21.7,200.6,1.5,0,1006.9,1011.3,51.1,0,0
763,2022-04-22 12:00,23.3,188.3,1.7,0,1006.3,1010.6,48,0,0
763,2022-04-22 13:00,24.5,240.2,2.7,0,1005.5,1009.8,44.3,0,0
763,2022-04-22 14:00,22.2,265.8,4.2,0,1006,1010.4,50.9,0,0
763,2022-04-22 15:00,21.8,261.6,4.6,0,1005.9,1010.3,54.4,0,0
763,2022-04-22 16:00,20.8,248.8,3.4,0,1005.2,1009.6,57.9,0,0
763,2022-04-22 17:00,19,259.5,4,0,1005.4,1009.8,66.7,0,0
763,2022-04-22 18:00,17.6,272.6,2.8,0,1005.8,1010.2,74.6,0,0
763,2022-04-22 19:00,15.3,274,1.5,0,1006.6,1011.1,88.1,0,0
763,2022-04-22 20:00,14.5,263.9,2.2,0,1007.1,1011.6,92.5,0,0
763,2022-04-22 21:00,14.4,265.2,1.8,0,1008.2,1012.7,94.5,0,0
763,2022-04-22 22:00,14.3,250,1.5,0,1008.5,1013,95.3,0,0
763,2022-04-22 23:00,14.2,249.2,2,0,1008.5,1013,95.4,0,0
763,2022-04-23 00:00,14.1,246.1,1.1,0,1008.6,1013.1,96.5,0,0
763,2022-04-23 01:00,13.9,240.2,1,0,1008.6,1013.1,99.7,0,0
763,2022-04-23 02:00,13.7,253.2,.5,0,1008.7,1013.2,99.8,0,0
763,2022-04-23 03:00,13.8,0,.2,0,1008.3,1012.8,99.8,0,0
763,2022-04-23 04:00,13.2,314.7,.5,0,1008.3,1012.8,99.8,0,0
763,2022-04-23 05:00,12.9,0,.3,0,1008.5,1013,99.9,0,0
763,2022-04-23 06:00,13,0,.2,0,1008.9,1013.4,99.9,0,0
763,2022-04-23 07:00,13.4,318.2,.5,0,1009.6,1014.1,99.8,0,0
763,2022-04-23 08:00,14.3,31,.8,0,1009.7,1014.2,93.2,0,0
763,2022-04-23 09:00,16,2,.6,0,1009.6,1014.1,83.5,0,0
763,2022-04-23 10:00,17.3,28.7,.7,0,1009.4,1013.9,76.3,0,0
763,2022-04-23 11:00,19.9,355.3,.9,0,1008.6,1013,58.5,0,0
763,2022-04-23 12:00,21.6,23.8,.7,0,1007.9,1012.3,51,0,0
763,2022-04-23 13:00,23.1,215.8,.9,0,1007.1,1011.5,47.4,0,0
763,2022-04-23 14:00,23.5,7.4,1.4,0,1006,1010.3,41.5,0,0
763,2022-04-23 15:00,24.2,307.4,.9,0,1004.9,1009.2,26.2,0,0
763,2022-04-23 16:00,24.5,275.8,1.5,0,1004.4,1008.7,30.3,0,0
763,2022-04-23 17:00,24.5,307.5,1.1,0,1004.4,1008.7,29.7,0,0
763,2022-04-23 18:00,23.1,286.9,.6,0,1004.8,1009.1,39.1,0,0
763,2022-04-23 19:00,19.8,0,.1,0,1005.3,1009.7,57,0,0
763,2022-04-23 20:00,18.7,0,.4,0,1005.9,1010.3,52.8,0,0
763,2022-04-23 21:00,18.5,234.7,.6,0,1006.8,1011.2,59,0,0
763,2022-04-23 22:00,16.8,188.5,.5,0,1007.2,1011.7,70.7,0,0
763,2022-04-23 23:00,15.7,136.1,.7,0,1007.2,1011.7,80.8,0,0
763,2022-04-24 00:00,14.2,0,0,0,1007.2,1011.7,88.3,0,0
763,2022-04-24 01:00,12.5,0,.2,0,1006.8,1011.3,95.9,0,0
763,2022-04-24 02:00,12.2,0,.3,0,1006.7,1011.3,99.9,0,0
763,2022-04-24 03:00,11.4,0,0,0,1007.2,1011.8,99.9,0,0
763,2022-04-24 04:00,13.1,0,.4,0,1007.5,1012,99.9,0,0
763,2022-04-24 05:00,14,0,.3,0,1007.5,1012,96.1,0,0
763,2022-04-24 06:00,14.5,126.6,.7,0,1007.3,1011.8,94.8,0,0
763,2022-04-24 07:00,15.4,0,.2,0,1007.5,1012,92.7,0,0
763,2022-04-24 08:00,15.8,288.2,.7,0,1007.6,1012.1,88.8,0,0
763,2022-04-24 09:00,18.9,18,.8,0,1007.4,1011.8,74.2,0,0
763,2022-04-24 10:00,20.7,305.7,1.5,0,1007.2,1011.6,68.3,0,0
763,2022-04-24 11:00,23.2,350.4,1.7,0,1006.8,1011.2,59.8,0,0
763,2022-04-24 12:00,23.1,295.6,2.4,0,1006.7,1011.1,56.7,0,0
763,2022-04-24 13:00,23.7,275.8,1.9,0,1005.9,1010.2,55.7,0,0
763,2022-04-24 14:00,24.7,255.7,1.8,0,1005.4,1009.7,54.5,0,0
763,2022-04-24 15:00,24.2,277.3,2.9,0,1004.9,1009.2,54.7,0,0
763,2022-04-24 16:00,21.8,268.9,3.4,0,1005.2,1009.6,63.4,0,0
763,2022-04-24 17:00,19.8,265,2.6,0,1005.6,1010,68.6,0,0
763,2022-04-24 18:00,19.5,257.3,1.4,0,1006.2,1010.6,70.1,0,0
763,2022-04-24 19:00,18.3,254.8,1.1,0,1006.5,1010.9,79.7,0,0
763,2022-04-24 20:00,17.1,238.2,.6,0,1007.3,1011.8,86.9,0,0
763,2022-04-24 21:00,15.8,102.3,.7,0,1008,1012.5,93.7,0,0
763,2022-04-24 22:00,14.3,0,.4,0,1008.4,1012.9,99.1,0,0
763,2022-04-24 23:00,13.9,0,.1,0,1008.3,1012.8,99.8,0,0
763,2022-04-25 00:00,13.4,0,0,0,1008.1,1012.6,99.8,0,0
763,2022-04-25 01:00,13.4,0,0,0,1008.2,1012.7,99.8,0,0
763,2022-04-25 02:00,15.3,0,.1,0,1008.3,1012.8,99.3,0,0
763,2022-04-25 03:00,14.7,5.6,.7,0,1008.2,1012.7,99.8,0,0
763,2022-04-25 04:00,15.1,0,.3,0,1008.3,1012.8,98.8,0,0
763,2022-04-25 05:00,15.2,0,.1,0,1008.4,1012.9,98.6,0,0
763,2022-04-25 06:00,15.8,0,.3,0,1008.6,1013.1,96.8,0,0
763,2022-04-25 07:00,16.1,0,0,0,1009.1,1013.6,95.2,0,0
763,2022-04-25 08:00,17.9,63.4,1.7,0,1009.1,1013.6,77.1,0,0
763,2022-04-25 09:00,19.1,55.1,.8,0,1009,1013.4,73.4,0,0
763,2022-04-25 10:00,21,19.3,1.8,0,1008.7,1013.1,64.1,0,0
763,2022-04-25 11:00,22,2.4,1.5,0,1008.4,1012.8,61.9,0,0
763,2022-04-25 12:00,22.9,355,.7,0,1007.8,1012.2,60.1,0,0
763,2022-04-25 13:00,23.8,347.3,1,0,1006.9,1011.2,55.8,0,0
763,2022-04-25 14:00,24.7,1.9,.9,0,1005.7,1010,51.1,0,0
763,2022-04-25 15:00,24.8,330.7,.6,0,1005.1,1009.4,47.2,0,0
763,2022-04-25 16:00,23.7,0,0,0,1004.1,1008.4,57,0,0
763,2022-04-25 17:00,23.1,0,.1,0,1004.2,1008.5,58.9,0,0
763,2022-04-25 18:00,22.2,0,.1,0,1003.5,1007.9,62.6,0,0
763,2022-04-25 19:00,20.3,0,.1,0,1003.7,1008.1,64.6,0,0
763,2022-04-25 20:00,19.4,0,.4,0,1004.6,1009,66.5,0,0
763,2022-04-25 21:00,17.9,0,.1,0,1004,1008.4,85.3,0,0
763,2022-04-25 22:00,16.8,102.5,1,.5,1002.7,1007.2,96.9,0,0
763,2022-04-25 23:00,16.1,270.3,.5,6,1002.4,1006.9,99.8,0,0
763,2022-04-26 00:00,15.7,87.4,.7,7,1000.8,1005.3,99.8,0,0
763,2022-04-26 01:00,15.8,14.3,1,3,999.2,1003.7,99.2,0,0
763,2022-04-26 02:00,15.8,0,.2,0,997.8,1002.3,99.8,0,0
763,2022-04-26 03:00,15.6,0,0,1.5,996.9,1001.4,99.8,0,0
763,2022-04-26 04:00,15.7,0,.4,0,996.4,1000.9,99.8,0,0
763,2022-04-26 05:00,15.8,311.7,.5,.5,996.4,1000.9,99.8,0,0
763,2022-04-26 06:00,15.9,358.7,.8,1,996.2,1000.6,99.8,0,0
763,2022-04-26 07:00,16,287.6,.5,2,996.6,1001,99.8,0,0
763,2022-04-26 08:00,15.9,347.4,.9,2.5,996.8,1001.2,99.8,0,0
763,2022-04-26 09:00,16.1,349.2,.7,.5,996.9,1001.3,99.8,0,0
763,2022-04-26 10:00,16.8,0,.2,1,996.8,1001.2,99.8,0,0
763,2022-04-26 11:00,17.7,359,1.1,0,997,1001.4,99.8,0,0
763,2022-04-26 12:00,18.5,298,1.2,0,997.3,1001.7,94.6,0,0
763,2022-04-26 13:00,19.5,298.5,.8,0,997.6,1002,87.3,0,0
763,2022-04-26 14:00,21.1,89.3,.8,0,997.3,1001.7,81.7,0,0
763,2022-04-26 15:00,22.5,287.5,.8,0,997.1,1001.4,72,0,0
763,2022-04-26 16:00,21.8,211.4,.6,0,997.5,1001.8,81.3,0,0
763,2022-04-26 17:00,21.8,235.9,.9,0,998.1,1002.4,79.1,0,0
763,2022-04-26 18:00,20.7,0,.4,0,998.8,1003.2,83.5,0,0
763,2022-04-26 19:00,19.5,0,.2,,999.9,1004.3,85,,
763,2022-04-26 20:00,17.8,0,.4,,1001.1,1005.5,92.8,,
763,2022-04-26 21:00,16.7,0,.2,,1002.7,1007.2,94.8,,
763,2022-04-26 22:00,15.5,0,.3,,1003.5,1008,98.3,,
763,2022-04-26 23:00,14.8,32.1,.7,,1004,1008.5,99.8,,
763,2022-04-27 00:00,14.1,62.8,.9,,1005,1009.5,99,0,0
763,2022-04-27 01:00,13.2,0,.2,0,1005.6,1010.1,99.8,0,0
763,2022-04-27 02:00,12.3,0,.3,0,1006.4,1011,99.9,0,0
763,2022-04-27 03:00,10.7,0,.1,0,1007,1011.6,99.9,0,0
763,2022-04-27 04:00,10.4,115.7,.5,0,1007.6,1012.2,99.9,0,0
763,2022-04-27 05:00,9.2,0,.2,0,1008.3,1012.9,99.9,0,0
763,2022-04-27 06:00,10.3,304.7,1.9,0,1008.9,1013.5,73.6,0,0
763,2022-04-27 07:00,10.7,0,.4,0,1009.5,1014.1,73.8,0,0
763,2022-04-27 08:00,13.3,51.2,.6,0,1009.8,1014.3,53.9,0,0
763,2022-04-27 09:00,14.8,10.6,1.8,0,1010.4,1014.9,45.3,0,0
763,2022-04-27 10:00,16.5,358.4,1.6,0,1010.9,1015.4,37.2,0,0
763,2022-04-27 11:00,17.9,15.2,1.4,0,1010.9,1015.4,37.2,0,0
763,2022-04-27 12:00,18.9,337.9,2.2,0,1010.7,1015.1,34.2,0,0
763,2022-04-27 13:00,19.5,286.8,1.6,0,1010.3,1014.7,34.2,0,0
763,2022-04-27 14:00,21.2,323.2,1.5,0,1010.2,1014.6,30.6,0,0
763,2022-04-27 15:00,21.6,311.7,1.6,0,1009.9,1014.3,31.2,0,0
763,2022-04-27 16:00,21.5,228.2,1.2,0,1009.5,1013.9,36.9,0,0
763,2022-04-27 17:00,20.7,248.9,1.7,0,1009.4,1013.8,39.7,0,0
763,2022-04-27 18:00,18.6,240.7,1.3,0,1010,1014.4,45.9,0,0
763,2022-04-27 19:00,16.8,0,.3,0,1010.8,1015.3,50.8,0,0
763,2022-04-27 20:00,14.4,109.3,1.2,0,1011.6,1016.1,58.3,0,0
763,2022-04-27 21:00,13.2,74.1,.5,0,1012.7,1017.3,59.5,0,0
763,2022-04-27 22:00,12.5,88.7,.8,0,1013.4,1018,66.7,0,0
763,2022-04-27 23:00,12.3,0,.3,0,1013.5,1018.1,70.1,0,0
763,2022-04-28 00:00,11,98.1,.8,0,1013.5,1018.1,80,0,0
763,2022-04-28 01:00,10.5,0,.1,0,1013.3,1017.9,82.9,0,0
763,2022-04-28 02:00,9.4,0,.1,0,1013.2,1017.8,91.6,0,0
763,2022-04-28 03:00,9.1,0,.4,0,1013.3,1017.9,92.8,0,0
763,2022-04-28 04:00,8.4,0,0,0,1013.8,1018.5,96.6,0,0
763,2022-04-28 05:00,8.2,0,0,0,1013.4,1018.1,96,0,0
763,2022-04-28 06:00,7.9,0,0,0,1013.4,1018.1,99.5,0,0
763,2022-04-28 07:00,9.7,0,.1,0,1013.6,1018.2,93.5,0,0
763,2022-04-28 08:00,11.9,15.9,1,0,1014.6,1019.2,80.6,0,0
763,2022-04-28 09:00,14.9,0,.2,0,1013.1,1017.6,71.6,0,0
763,2022-04-28 10:00,18.1,36.3,1,0,1012.2,1016.7,58.2,0,0
763,2022-04-28 11:00,20.6,291.2,1.1,0,1011.2,1015.6,54.6,0,0
763,2022-04-28 12:00,21.3,297.2,1.8,,1010.5,1014.9,53.8,,
763,2022-04-28 13:00,22.2,287.4,2.8,,1010.1,1014.5,42.6,,
763,2022-04-28 14:00,20,259.3,3.9,,1010,1014.4,53,,
763,2022-04-28 15:00,18.8,264.5,3.8,,1010.3,1014.7,42.8,,
763,2022-04-28 16:00,18.5,235.5,1.2,,1010.5,1014.9,43.4,,
763,2022-04-28 17:00,18,218.8,.5,,1009.9,1014.4,43.8,,
763,2022-04-28 18:00,17.9,0,.2,,1009.9,1014.4,42.3,,
763,2022-04-28 19:00,16.7,0,.2,,1009.5,1014,51.5,,
763,2022-04-28 20:00,15.6,0,.3,,1010,1014.5,61.1,,
763,2022-04-28 21:00,15.4,0,.4,,1010.6,1015.1,63.3,,
763,2022-04-28 22:00,15.1,0,.1,,1010.1,1014.6,66.9,,
763,2022-04-28 23:00,14.4,0,.1,,1009,1013.5,74.1,,
763,2022-04-29 00:00,14.4,0,.4,0,1008.5,1013,74.9,0,0
763,2022-04-29 01:00,14.9,117.2,.6,0,1008.4,1012.9,74,0,0
763,2022-04-29 02:00,14.3,0,.2,0,1008.6,1013.1,79,0,0
763,2022-04-29 03:00,12.9,0,0,0,1008,1012.5,97.2,0,0
763,2022-04-29 04:00,12.1,4.4,.8,1.5,1008.1,1012.7,97.2,0,0
763,2022-04-29 05:00,11.5,16.4,1.2,2.5,1007.1,1011.7,99.9,0,0
763,2022-04-29 06:00,11.2,355.6,1.2,2,1007.5,1012.1,99.9,0,0
763,2022-04-29 07:00,11.1,5.5,1.5,2.5,1008,1012.6,99.9,0,0
763,2022-04-29 08:00,10.7,27.9,3.2,1,1008.8,1013.4,95.5,0,0
763,2022-04-29 09:00,10.5,35.6,2.4,.5,1009.2,1013.8,87.1,0,0
763,2022-04-29 10:00,11.8,36.7,2.9,0,1009.9,1014.5,78.4,0,0
763,2022-04-29 11:00,14.2,79.2,2.1,0,1010,1014.5,68.9,0,0
763,2022-04-29 12:00,15.5,18.1,3.1,0,1010.1,1014.6,61.8,0,0
763,2022-04-29 13:00,15.9,.3,3.1,.5,1010.2,1014.7,62.6,0,0
763,2022-04-29 14:00,16.6,30.6,2.5,0,1010.1,1014.6,55.7,0,0
763,2022-04-29 15:00,16.6,34,2,0,1010.4,1014.9,54.5,0,0
763,2022-04-29 16:00,16.5,17.1,2.5,0,1010.3,1014.8,55.6,0,0
763,2022-04-29 17:00,15.7,24.3,2.8,0,1011,1015.5,56.6,0,0
763,2022-04-29 18:00,15.2,15.2,1.6,0,1011.7,1016.2,61.5,0,0
763,2022-04-29 19:00,14.7,34.6,1.2,0,1011.9,1016.4,64.8,0,0
763,2022-04-29 20:00,14.2,84,1.5,0,1012.4,1016.9,62.6,0,0
763,2022-04-29 21:00,13.4,92.8,1.6,0,1013.7,1018.3,64,0,0
763,2022-04-29 22:00,12.8,108,1.3,0,1014.5,1019.1,66,0,0
763,2022-04-29 23:00,9.4,0,0,0,1014.7,1019.3,88.6,0,0
763,2022-04-30 00:00,8.7,0,.1,0,1015.1,1019.8,93.9,0,0
763,2022-04-30 01:00,8.4,0,.3,0,1014.8,1019.5,95.1,0,0
763,2022-04-30 02:00,8.7,0,.3,0,1014.7,1019.3,95.7,0,0
763,2022-04-30 03:00,7.6,0,0,0,1014.8,1019.5,99.9,0,0
763,2022-04-30 04:00,8.3,0,0,0,1015,1019.7,99.5,0,0
763,2022-04-30 05:00,9,0,.1,0,1015.1,1019.7,98.1,0,0
763,2022-04-30 06:00,9.6,0,0,0,1015.3,1019.9,93.2,0,0
763,2022-04-30 07:00,10.2,0,.3,0,1015.5,1020.1,89.1,0,0
763,2022-04-30 08:00,11.4,0,.2,0,1015,1019.6,88,0,0
763,2022-04-30 09:00,12.3,0,.3,0,1015.3,1019.9,84.4,0,0
763,2022-04-30 10:00,14,302.3,1.1,0,1015.1,1019.7,77.1,0,0
763,2022-04-30 11:00,14.5,283,1,0,1014.7,1019.2,73.4,0,0
763,2022-04-30 12:00,15.1,240.6,1.5,0,1014,1018.5,70.2,0,0
763,2022-04-30 13:00,16,264,1.8,0,1013.3,1017.8,66.2,0,0
763,2022-04-30 14:00,16.3,291.5,1.8,0,1012.6,1017.1,57.1,0,0
763,2022-04-30 15:00,16.8,283.3,3.8,0,1012,1016.5,61,0,0
763,2022-04-30 16:00,16.6,262.4,2.6,0,1011.8,1016.3,59.1,0,0
763,2022-04-30 17:00,15,272.1,3.6,0,1011.5,1016,70.6,0,0
763,2022-04-30 18:00,14,254.6,1.3,0,1011,1015.5,73.5,0,0
763,2022-04-30 19:00,12.8,235.7,.7,0,1011.3,1015.9,80.5,0,0
763,2022-04-30 20:00,11.7,0,.4,0,1011.9,1016.5,86.5,0,0
763,2022-04-30 21:00,11.2,0,.4,0,1012.5,1017.1,88.2,0,0
763,2022-04-30 22:00,10.7,0,.3,0,1012.8,1017.4,88.8,0,0
763,2022-04-30 23:00,9.8,0,.2,0,1012.6,1017.2,92.1,0,0
763,2022-05-01 00:00,9.7,0,.1,0,1012.5,1017.1,87,0,0
763,2022-05-01 01:00,9.1,0,0,0,1012.4,1017,92.8,0,0
763,2022-05-01 02:00,8.3,0,.1,0,1012.1,1016.7,97.6,0,0
763,2022-05-01 03:00,7.7,0,0,0,1011.6,1016.3,99.2,0,0
763,2022-05-01 04:00,7,0,.3,0,1011.4,1016.1,99.9,0,0
763,2022-05-01 05:00,6.1,0,.1,0,1011.2,1015.9,99.9,0,0
763,2022-05-01 06:00,5.6,0,.1,0,1010.9,1015.6,99.9,0,0
763,2022-05-01 07:00,8.8,0,.3,0,1010.9,1015.5,99.9,0,0
763,2022-05-01 08:00,11.4,0,.4,0,1011.1,1015.7,83.1,0,0
763,2022-05-01 09:00,12.6,230.6,.8,0,1011.2,1015.8,69.1,0,0
763,2022-05-01 10:00,14.3,281,1.1,0,1011.2,1015.7,54.9,0,0
763,2022-05-01 11:00,15.2,320.3,1.3,0,1011.2,1015.7,41.6,0,0
763,2022-05-01 12:00,16.8,83.5,1.1,0,1010.4,1014.9,44.1,0,0
763,2022-05-01 13:00,17.6,278.3,2.6,0,1009.6,1014.1,28.1,0,0
763,2022-05-01 14:00,17.9,265.3,3.5,0,1009.5,1014,27.1,0,0
763,2022-05-01 15:00,17.7,267.3,3.3,0,1009.4,1013.9,28.8,0,0
763,2022-05-01 16:00,16.9,279.5,3.3,0,1009.2,1013.7,29.8,0,0
763,2022-05-01 17:00,16.2,283.2,4.1,0,1009,1013.5,25.9,0,0
763,2022-05-01 18:00,15.6,268.1,2.3,0,1009.1,1013.6,31.1,0,0
763,2022-05-01 19:00,14.4,251.7,.9,0,1009,1013.5,44.7,0,0
763,2022-05-01 20:00,12.8,237.8,.7,0,1009.3,1013.9,57.2,0,0
763,2022-05-01 21:00,13,224.4,1.1,0,1009.5,1014,51.3,0,0
763,2022-05-01 22:00,12.6,223.9,1.1,0,1009.6,1014.2,55,0,0
763,2022-05-01 23:00,11.8,220.8,.7,0,1009.4,1014,63.4,0,0
763,2022-05-02 00:00,11.5,0,.4,0,1009.3,1013.9,64.3,0,0
763,2022-05-02 01:00,11.3,238.4,.9,0,1009.3,1013.9,67.6,0,0
763,2022-05-02 02:00,10.4,0,.3,0,1009.2,1013.8,75.2,0,0
763,2022-05-02 03:00,11.1,0,.3,0,1008.9,1013.5,76.6,0,0
763,2022-05-02 04:00,9.4,123.4,.8,0,1009,1013.6,80.3,0,0
763,2022-05-02 05:00,8.6,122.1,.5,0,1008.9,1013.5,88.5,0,0
763,2022-05-02 06:00,8.1,0,.3,0,1008.8,1013.4,90.1,0,0
763,2022-05-02 07:00,10.3,101.9,.8,0,1009,1013.6,85.8,0,0
763,2022-05-02 08:00,13.1,210.5,.5,0,1009.1,1013.6,77.6,0,0
763,2022-05-02 09:00,14.2,215.9,.5,0,1009.3,1013.8,68.2,0,0
763,2022-05-02 10:00,16.1,271.4,1,0,1009.2,1013.7,56,0,0
763,2022-05-02 11:00,17.7,297.3,1.5,0,1009.3,1013.8,46.6,0,0
763,2022-05-02 12:00,18.2,311.2,1,0,1009,1013.4,39.2,0,0
763,2022-05-02 13:00,18.7,298.2,1.2,0,1008.6,1013,42.4,0,0
763,2022-05-02 14:00,18.6,278.1,4.3,0,1008.5,1012.9,30.9,0,0
763,2022-05-02 15:00,18.4,275.9,3.4,0,1008.3,1012.7,32.8,0,0
763,2022-05-02 16:00,17.8,275.1,4.2,0,1008.1,1012.6,31.9,0,0
763,2022-05-02 17:00,16.9,268.8,3.4,0,1008.8,1013.3,35.6,0,0
763,2022-05-02 18:00,15.6,268.9,3.5,0,1009.3,1013.8,29.6,0,0
763,2022-05-02 19:00,14.5,272.6,1.8,0,1009.8,1014.3,38.9,0,0
763,2022-05-02 20:00,10.4,0,.2,0,1010.7,1015.3,62,0,0
763,2022-05-02 21:00,9.6,0,0,0,1011.9,1016.5,66.9,0,0
763,2022-05-02 22:00,8.2,0,.4,0,1012.5,1017.1,71.2,0,0
763,2022-05-02 23:00,7.6,0,.2,0,1013,1017.7,75.9,0,0
763,2022-05-03 00:00,7.4,112.7,.7,0,1013.4,1018.1,78.5,0,0
763,2022-05-03 01:00,7.4,103.9,.7,0,1013.8,1018.5,80.7,0,0
763,2022-05-03 02:00,6,0,.2,0,1014,1018.7,91.9,0,0
763,2022-05-03 03:00,6.1,0,.1,0,1014,1018.7,93.9,0,0
763,2022-05-03 04:00,4.6,0,.1,0,1014.3,1019,96.5,0,0
763,2022-05-03 05:00,4.3,0,.1,0,1014.7,1019.4,99.8,0,0
763,2022-05-03 06:00,4.1,0,0,0,1015.3,1020,99.9,0,0
763,2022-05-03 07:00,7.3,0,.1,0,1015.8,1020.5,93.7,0,0
763,2022-05-03 08:00,10.7,6.1,.5,0,1016.1,1020.7,76.1,0,0
763,2022-05-03 09:00,13.2,257.9,.7,0,1016.3,1020.9,65.2,0,0
763,2022-05-03 10:00,15.1,294.7,1.2,0,1016.4,1021,58.6,0,0
763,2022-05-03 11:00,16.5,295.3,2.6,0,1016.6,1021.1,43.9,0,0
763,2022-05-03 12:00,17.7,231.1,1.6,0,1016.3,1020.8,35.4,0,0
763,2022-05-03 13:00,18.7,243,1.5,0,1015.8,1020.3,40.1,0,0
763,2022-05-03 14:00,19.7,267.8,1.6,0,1015.4,1019.8,35.3,0,0
763,2022-05-03 15:00,20.2,251.1,1.7,0,1014.7,1019.2,33.3,0,0
763,2022-05-03 16:00,20.1,242.5,1.9,0,1014.4,1018.9,29.6,0,0
763,2022-05-03 17:00,19.6,242.1,2,0,1014.3,1018.7,29.9,0,0
763,2022-05-03 18:00,17.8,285.3,2.1,0,1014.4,1018.9,40.7,0,0
763,2022-05-03 19:00,16,265,1,0,1014.7,1019.2,43.4,0,0
763,2022-05-03 20:00,12.9,0,.1,0,1014.9,1019.5,55.2,0,0
763,2022-05-03 21:00,11.1,0,.1,0,1015.5,1020.1,62.9,0,0
763,2022-05-03 22:00,9.4,0,.2,0,1015.9,1020.5,74.5,0,0
763,2022-05-03 23:00,8.6,0,0,0,1015.8,1020.5,77.8,0,0
763,2022-05-04 00:00,8.4,0,.2,0,1015.8,1020.5,76.4,0,0
763,2022-05-04 01:00,8.1,0,0,0,1015.8,1020.5,81.6,0,0
763,2022-05-04 02:00,8.1,0,.2,0,1015.5,1020.2,84.9,0,0
763,2022-05-04 03:00,6.4,0,.1,0,1015.2,1019.9,94.8,0,0
763,2022-05-04 04:00,5.8,0,0,0,1015,1019.7,97.4,0,0
763,2022-05-04 05:00,5.4,0,0,0,1015.1,1019.8,99,0,0
763,2022-05-04 06:00,5.3,0,0,0,1015.5,1020.2,99.9,0,0
763,2022-05-04 07:00,8.9,0,0,0,1015.8,1020.4,89.9,0,0
763,2022-05-04 08:00,12,20.1,.7,0,1016.2,1020.8,70.3,0,0
763,2022-05-04 09:00,16.3,17.6,.5,0,1016,1020.5,52.9,0,0
763,2022-05-04 10:00,19.9,235.7,.7,0,1016.1,1020.5,33.4,0,0
763,2022-05-04 11:00,21.4,246,1.3,0,1016.1,1020.5,29.6,0,0
763,2022-05-04 12:00,21.9,265.7,2.2,0,1015.7,1020.1,30.3,0,0
763,2022-05-04 13:00,22.7,266.7,2,0,1015.4,1019.8,29.7,0,0
763,2022-05-04 14:00,23.6,264.9,2.6,0,1015,1019.4,25.2,0,0
763,2022-05-04 15:00,23.9,248.3,1.9,0,1014.3,1018.7,27.2,0,0
763,2022-05-04 16:00,22.8,291.3,3,0,1013.7,1018.1,31.7,0,0
763,2022-05-04 17:00,21.5,281,3,0,1013.9,1018.3,34,0,0
763,2022-05-04 18:00,20.5,278.5,2.1,0,1014.1,1018.5,31.5,0,0
763,2022-05-04 19:00,17.8,290.1,.6,0,1014.2,1018.7,43.4,0,0
763,2022-05-04 20:00,14.8,0,.1,0,1014.5,1019,52.9,0,0
763,2022-05-04 21:00,12.6,0,.1,0,1015.1,1019.7,63.7,0,0
763,2022-05-04 22:00,12,0,.1,0,1015.5,1020.1,63.4,0,0
763,2022-05-04 23:00,10.4,0,.1,0,1015.5,1020.1,70.5,0,0
763,2022-05-05 00:00,10.1,0,.1,0,1015.5,1020.1,68.8,0,0
763,2022-05-05 01:00,9,0,0,0,1015.3,1019.9,77.4,0,0
763,2022-05-05 02:00,8.4,0,0,0,1015.3,1020,81.5,0,0
763,2022-05-05 03:00,7.6,0,0,0,1015.1,1019.8,88.1,0,0
763,2022-05-05 04:00,7.1,0,0,0,1015.2,1019.9,91.2,0,0
763,2022-05-05 05:00,6.6,0,.1,0,1015.2,1019.9,94.6,0,0
763,2022-05-05 06:00,6.8,0,0,0,1015.2,1019.9,96.4,0,0
763,2022-05-05 07:00,10.1,0,.3,0,1015.8,1020.4,80.3,0,0
763,2022-05-05 08:00,13.6,0,.4,0,1016.3,1020.9,66.7,0,0
763,2022-05-05 09:00,16.8,52.1,.5,0,1016.4,1020.9,60.5,0,0
763,2022-05-05 10:00,19.5,69.3,.9,0,1016.3,1020.7,49.8,0,0
763,2022-05-05 11:00,20.5,255.1,1.6,0,1016.3,1020.8,43.1,0,0
763,2022-05-05 12:00,22.1,261.4,1.7,0,1015.7,1020.1,40.4,0,0
763,2022-05-05 13:00,23.4,258.6,1.2,0,1014.9,1019.3,37.5,0,0
763,2022-05-05 14:00,24.1,279.6,2,0,1014.1,1018.5,35.1,0,0
763,2022-05-05 15:00,25.1,230.8,1.2,0,1013.3,1017.7,31.9,0,0
763,2022-05-05 16:00,24.2,290.7,2.8,0,1012.6,1017,42.3,0,0
763,2022-05-05 17:00,23.4,279,2.5,0,1012,1016.4,46.2,0,0
763,2022-05-05 18:00,22.2,253.3,1.5,0,1011.9,1016.3,50.1,0,0
763,2022-05-05 19:00,20.5,267.9,1.2,0,1012.1,1016.5,55.5,0,0
763,2022-05-05 20:00,16.5,0,.1,0,1012.5,1017,73.2,0,0
763,2022-05-05 21:00,15.3,0,.1,0,1013,1017.5,76.8,0,0
763,2022-05-05 22:00,14.5,0,.1,0,1013.5,1018,80.5,0,0
763,2022-05-05 23:00,13.5,0,.1,0,1013.4,1018,88.2,0,0
763,2022-05-06 00:00,13.4,0,0,0,1013.5,1018.1,87.9,0,0
763,2022-05-06 01:00,13,0,0,0,1013.1,1017.7,91.2,0,0
763,2022-05-06 02:00,11.4,0,.1,0,1012.9,1017.5,96.9,0,0
763,2022-05-06 03:00,10.9,0,.1,0,1012.9,1017.5,99.6,0,0
763,2022-05-06 04:00,10.4,0,0,0,1012.6,1017.2,99.9,0,0
763,2022-05-06 05:00,10.4,0,.1,0,1012.4,1017,99.9,0,0
763,2022-05-06 06:00,9.9,0,0,0,1012.6,1017.2,99.9,0,0
763,2022-05-06 07:00,13.3,0,.1,0,1012.9,1017.5,93.7,0,0
763,2022-05-06 08:00,16.6,0,.4,0,1012.9,1017.4,78,0,0
763,2022-05-06 09:00,19.3,43.2,.7,0,1012.9,1017.3,68.5,0,0
763,2022-05-06 10:00,22.4,330.2,.6,0,1012.6,1017,56,0,0
763,2022-05-06 11:00,22.9,293.9,1.9,0,1012.6,1017,49.5,0,0
763,2022-05-06 12:00,24.1,293.7,1.7,0,1012.1,1016.5,46.1,0,0
763,2022-05-06 13:00,24.4,274.2,2.1,0,1011.6,1015.9,46,0,0
763,2022-05-06 14:00,24.5,300.6,1.8,0,1011.1,1015.4,42.1,0,0
763,2022-05-06 15:00,25.3,278.7,2.4,0,1010.6,1015,40.8,0,0
763,2022-05-06 16:00,24.8,280.8,2.2,0,1010.2,1014.5,39.6,0,0
763,2022-05-06 17:00,24.5,272.2,2.1,0,1010,1014.3,41.8,0,0
763,2022-05-06 18:00,23.9,277,1.8,0,1010,1014.3,43.8,0,0
763,2022-05-06 19:00,22.3,255.2,1.2,0,1010.2,1014.6,50.1,0,0
763,2022-05-06 20:00,18.1,0,0,0,1010.8,1015.3,70.3,0,0
763,2022-05-06 21:00,16.7,0,0,0,1011.4,1015.9,76.6,0,0
763,2022-05-06 22:00,15,0,0,0,1011.8,1016.3,85.4,0,0
763,2022-05-06 23:00,14.5,0,.2,0,1011.8,1016.3,87.6,0,0
763,2022-05-07 00:00,13.6,0,.1,0,1012.2,1016.7,93.2,0,0
763,2022-05-07 01:00,13.4,0,.1,0,1012.4,1017,95.4,0,0
763,2022-05-07 02:00,13.4,0,0,0,1012.1,1016.7,98.2,0,0
763,2022-05-07 03:00,12.9,0,.1,0,1011.8,1016.4,99.9,0,0
763,2022-05-07 04:00,12.5,0,0,0,1011.9,1016.5,99.9,0,0
763,2022-05-07 05:00,13.7,0,.1,0,1012.1,1016.6,99.8,0,0
763,2022-05-07 06:00,14.5,0,.3,0,1012.8,1017.3,99.8,0,0
763,2022-05-07 07:00,15.4,104.1,.7,0,1013.2,1017.7,98.3,0,0
763,2022-05-07 08:00,17.5,273,.6,0,1013.4,1017.9,90.3,0,0
763,2022-05-07 09:00,18.6,268.6,.9,0,1013.5,1018,80.3,0,0
763,2022-05-07 10:00,20.4,235.8,1,0,1013.3,1017.7,71.9,0,0
763,2022-05-07 11:00,20.4,265.1,1.9,0,1013.3,1017.7,68.8,0,0
763,2022-05-07 12:00,21.4,280.8,2.1,0,1012.9,1017.3,65.4,0,0
763,2022-05-07 13:00,21.9,282.9,2.4,0,1012.4,1016.8,57.1,0,0
763,2022-05-07 14:00,21.7,287.3,2.4,0,1012.2,1016.6,54.2,0,0
763,2022-05-07 15:00,22.6,278.1,2.4,0,1011.8,1016.2,42.7,0,0
763,2022-05-07 16:00,22.8,286.2,2.2,0,1011.6,1016,29.5,0,0
763,2022-05-07 17:00,22.1,277.4,2,0,1011.7,1016.1,45.4,0,0
763,2022-05-07 18:00,20.7,272.1,2.6,0,1011.8,1016.2,42.1,0,0
763,2022-05-07 19:00,18.6,299.4,1.3,0,1012.4,1016.8,48,0,0
763,2022-05-07 20:00,16.4,324.4,.9,0,1013.1,1017.6,47.2,0,0
763,2022-05-07 21:00,15.1,307.5,1.1,0,1014.1,1018.6,53,0,0
763,2022-05-07 22:00,11.9,117.1,.7,0,1014.3,1018.9,70.4,0,0
763,2022-05-07 23:00,10.3,0,0,0,1014.8,1019.4,75.5,0,0
763,2022-05-08 00:00,10.2,0,.2,0,1014.3,1018.9,74.3,0,0
763,2022-05-08 01:00,8.4,0,0,0,1014.3,1019,86.5,0,0
763,2022-05-08 02:00,8,0,0,0,1014.2,1018.9,89.3,0,0
763,2022-05-08 03:00,8.3,0,.1,0,1013.6,1018.3,89.4,0,0
763,2022-05-08 04:00,9.3,0,.2,0,1013.6,1018.2,85.8,0,0
763,2022-05-08 05:00,9,0,.1,0,1014.2,1018.8,87.3,0,0
763,2022-05-08 06:00,9.1,0,.3,0,1014.6,1019.2,87.7,0,0
763,2022-05-08 07:00,11.3,98.2,.5,0,1015.3,1019.9,76.2,0,0
763,2022-05-08 08:00,14,6.3,.5,0,1015.8,1020.4,64.8,0,0
763,2022-05-08 09:00,16.9,15,.7,0,1015.2,1019.7,59.9,0,0
763,2022-05-08 10:00,18.9,21.6,1,0,1014.8,1019.3,49.3,0,0
763,2022-05-08 11:00,20,197.5,.8,0,1014.3,1018.8,44.2,0,0
763,2022-05-08 12:00,21.4,115.9,1.1,0,1013.7,1018.1,42,0,0
763,2022-05-08 13:00,21.6,248.6,1.5,0,1013,1017.4,44.8,0,0
763,2022-05-08 14:00,21.4,316.7,1,0,1012.4,1016.8,42.6,0,0
763,2022-05-08 15:00,22.2,328.3,.9,0,1011.6,1016,42.8,0,0
763,2022-05-08 16:00,21.8,291.1,2.5,0,1011,1015.4,43.7,0,0
763,2022-05-08 17:00,20.4,272,3.3,0,1011,1015.4,53.6,0,0
763,2022-05-08 18:00,19.3,287.4,2.2,0,1011.2,1015.6,55.5,0,0
763,2022-05-08 19:00,18.3,281.9,1.2,0,1011.5,1016,61.6,0,0
763,2022-05-08 20:00,17.1,256.3,1.3,0,1011.6,1016.1,65.5,0,0
763,2022-05-08 21:00,16.5,256.3,1,0,1012.3,1016.8,69,0,0
763,2022-05-08 22:00,16,0,.3,0,1012.5,1017,70.6,0,0
763,2022-05-08 23:00,15.6,0,.2,0,1012.6,1017.1,74.1,0,0
763,2022-05-09 00:00,14.5,0,.1,0,1012.8,1017.3,84.6,0,0
763,2022-05-09 01:00,13.2,20.6,1.8,0,1013.1,1017.7,71.4,0,0
763,2022-05-09 02:00,11.5,19.9,2.3,0,1013.2,1017.8,91.9,0,0
763,2022-05-09 03:00,11.1,6.3,.9,0,1013.2,1017.8,96.7,0,0
763,2022-05-09 04:00,11.2,22.1,.9,0,1012.8,1017.4,97.7,0,0
763,2022-05-09 05:00,11.8,6.1,.9,0,1012.9,1017.5,94.6,0,0
763,2022-05-09 06:00,12,22.9,2.4,0,1013.3,1017.9,85.6,0,0
763,2022-05-09 07:00,12.4,45.6,1.4,0,1013.6,1018.2,84.8,0,0
763,2022-05-09 08:00,13.5,0,.4,0,1013.7,1018.3,76.2,0,0
763,2022-05-09 09:00,14.6,328.7,.7,0,1013.9,1018.4,72.7,0,0
763,2022-05-09 10:00,16.6,8,1.3,0,1014,1018.5,59.1,0,0
763,2022-05-09 11:00,18.8,16.8,2,0,1013.7,1018.1,53.5,0,0
763,2022-05-09 12:00,20.5,94.7,2,0,1013.1,1017.5,47.4,0,0
763,2022-05-09 13:00,20.8,74.4,3.1,0,1012.3,1016.7,44.4,0,0
763,2022-05-09 14:00,22.6,69.5,2,0,1011.8,1016.2,42.2,0,0
763,2022-05-09 15:00,22.2,70.7,2.5,0,1011.2,1015.6,42.6,0,0
763,2022-05-09 16:00,23,110.9,1.1,0,1010.9,1015.3,42.1,0,0
763,2022-05-09 17:00,21.8,222.4,.8,0,1010.9,1015.3,46,0,0
763,2022-05-09 18:00,20.8,248.7,1.2,0,1011.3,1015.7,56.5,0,0
763,2022-05-09 19:00,18.9,257,.7,0,1011.6,1016,61,0,0
763,2022-05-09 20:00,16.6,0,.1,0,1012.4,1016.9,71,0,0
763,2022-05-09 21:00,15.1,0,0,0,1013,1017.5,77.9,0,0
763,2022-05-09 22:00,14.1,0,.3,0,1013.4,1017.9,84,0,0
763,2022-05-09 23:00,13.2,22.8,.5,0,1013.4,1018,87.6,0,0
763,2022-05-10 00:00,13.1,285.8,.6,0,1013.2,1017.8,89.5,0,0
763,2022-05-10 01:00,12.6,0,.1,0,1013.1,1017.7,92.6,0,0
763,2022-05-10 02:00,12.3,0,.1,0,1012.8,1017.4,81.5,0,0
763,2022-05-10 03:00,11,0,.3,0,1012.9,1017.5,88.2,0,0
763,2022-05-10 04:00,11.1,0,.1,0,1012.9,1017.5,80.9,0,0
763,2022-05-10 05:00,11,0,.4,0,1012.6,1017.2,92.5,0,0
763,2022-05-10 06:00,10.5,0,.1,0,1012.9,1017.5,94.7,0,0
763,2022-05-10 07:00,11.9,0,.3,0,1013.3,1017.9,92.5,0,0
763,2022-05-10 08:00,13.9,62.7,.8,0,1013.1,1017.6,80.7,0,0
763,2022-05-10 09:00,17.5,357.4,.9,0,1012.9,1017.4,46.9,0,0
763,2022-05-10 10:00,19.9,293.8,.7,0,1012.6,1017,30.4,0,0
763,2022-05-10 11:00,21.4,59.2,1.3,0,1011.9,1016.3,24,0,0
763,2022-05-10 12:00,23.9,222.8,1,0,1011.3,1015.7,21.8,0,0
763,2022-05-10 13:00,24.2,278.4,2.1,0,1010.4,1014.7,23.1,0,0
763,2022-05-10 14:00,24.4,298.3,2.5,0,1009.7,1014,22.7,0,0
763,2022-05-10 15:00,25.3,274.2,1.8,0,1008.9,1013.2,24.8,0,0
763,2022-05-10 16:00,25.5,251.3,1.3,0,1008.6,1012.9,23.2,0,0
763,2022-05-10 17:00,22.3,271.1,3.3,0,1008.9,1013.3,32.8,0,0
763,2022-05-10 18:00,21.4,254.9,2.1,0,1009.2,1013.6,36.6,0,0
763,2022-05-10 19:00,19.5,207.2,.7,0,1009.9,1014.3,37,0,0
763,2022-05-10 20:00,18.1,0,.3,0,1010.5,1015,42.6,0,0
763,2022-05-10 21:00,17,0,.3,0,1011.4,1015.9,49.4,0,0
763,2022-05-10 22:00,16.2,101.3,.7,0,1011.6,1016.1,54.4,0,0
763,2022-05-10 23:00,15.6,0,0,0,1011.3,1015.8,62.3,0,0
763,2022-05-11 00:00,15.3,0,.3,0,1011.2,1015.7,60.6,0,0
763,2022-05-11 01:00,15.8,0,.2,0,1010.8,1015.3,60,0,0
763,2022-05-11 02:00,15.2,0,.3,0,1011,1015.5,67,0,0
763,2022-05-11 03:00,15.1,0,0,0,1010.9,1015.4,71.1,0,0
763,2022-05-11 04:00,14.2,0,0,0,1010.9,1015.4,76.9,0,0
763,2022-05-11 05:00,14.3,0,.3,0,1010.7,1015.2,75.3,0,0
763,2022-05-11 06:00,14.4,0,.3,0,1011.1,1015.6,78.6,0,0
763,2022-05-11 07:00,15.5,0,0,0,1011.3,1015.8,70.2,0,0
763,2022-05-11 08:00,16.5,12.3,.6,0,1011.4,1015.9,66.6,0,0
763,2022-05-11 09:00,18.1,73.4,1.3,0,1011.3,1015.8,54.1,0,0
763,2022-05-11 10:00,20.6,14.5,.9,0,1011.7,1016.1,45.7,0,0
763,2022-05-11 11:00,22.1,1.9,1.5,0,1011.4,1015.8,45.9,0,0
763,2022-05-11 12:00,22.7,300.1,1.4,0,1011.2,1015.6,43.8,0,0
763,2022-05-11 13:00,22.7,310.9,1.3,0,1010.5,1014.9,43.8,0,0
763,2022-05-11 14:00,23.6,12.2,1.4,0,1010,1014.4,39.9,0,0
763,2022-05-11 15:00,23.8,90.9,.7,0,1009.6,1013.9,41.7,0,0
763,2022-05-11 16:00,23.8,283.3,1.3,0,1009.2,1013.5,42.6,0,0
763,2022-05-11 17:00,21.7,272.3,2.3,0,1009.2,1013.6,50.6,0,0
763,2022-05-11 18:00,20.6,263,2,0,1009.3,1013.7,55.1,0,0
763,2022-05-11 19:00,20,260.8,.7,0,1009.7,1014.1,55.4,0,0
763,2022-05-11 20:00,17.8,0,.2,0,1009.8,1014.3,69.1,0,0
763,2022-05-11 21:00,16.7,0,0,0,1010.1,1014.6,73.4,0,0
763,2022-05-11 22:00,15.9,0,.1,0,1010.2,1014.7,74.1,0,0
763,2022-05-11 23:00,15.9,0,.1,0,1010.5,1015,74,0,0
763,2022-05-12 00:00,16.2,0,.1,0,1010.3,1014.8,72.4,0,0
763,2022-05-12 01:00,15.9,92.7,.5,0,1010.1,1014.6,75.7,0,0
763,2022-05-12 02:00,15.7,0,.2,0,1009.3,1013.8,75.3,0,0
763,2022-05-12 03:00,15,0,.1,0,1008.8,1013.3,82.4,0,0
763,2022-05-12 04:00,15.3,0,0,0,1008.5,1013,80.5,0,0
763,2022-05-12 05:00,14.5,0,.1,0,1008.4,1012.9,86.9,0,0
763,2022-05-12 06:00,14.5,0,.2,0,1008.6,1013.1,84.7,0,0
763,2022-05-12 07:00,15.4,0,.1,0,1008.4,1012.9,84,0,0
763,2022-05-12 08:00,16.5,7.2,.8,0,1008,1012.5,70.8,0,0
763,2022-05-12 09:00,19.2,3.8,1,0,1007.7,1012.1,58.2,0,0
763,2022-05-12 10:00,20,311.3,1.5,0,1007.4,1011.8,56.7,0,0
763,2022-05-12 11:00,21.4,288.5,.8,0,1007.2,1011.6,56,0,0
763,2022-05-12 12:00,23.2,327,1,0,1006.2,1010.5,52.8,0,0
763,2022-05-12 13:00,23.4,300.9,1.3,0,1005.5,1009.8,51.5,0,0
763,2022-05-12 14:00,24.8,299.2,1.1,0,1005,1009.3,50.1,0,0
763,2022-05-12 15:00,26.1,227.1,.5,0,1004.6,1008.9,46.1,0,0
763,2022-05-12 16:00,25.4,269.1,2.3,0,1004.4,1008.7,48.4,0,0
763,2022-05-12 17:00,23.6,256.4,2.2,0,1004.4,1008.7,51.2,0,0
763,2022-05-12 18:00,22.7,259.6,1.7,0,1004.1,1008.5,51.8,0,0
763,2022-05-12 19:00,21.1,0,.2,0,1004.5,1008.9,57,0,0
763,2022-05-12 20:00,20.3,0,.3,0,1004.9,1009.3,57.2,0,0
763,2022-05-12 21:00,19.9,0,.4,0,1005.5,1009.9,57.9,0,0
763,2022-05-12 22:00,19,95.9,.5,0,1005.6,1010,62.7,0,0
763,2022-05-12 23:00,17.6,121.3,.6,0,1005.2,1009.6,67.6,0,0
763,2022-05-13 00:00,16.1,0,.2,0,1005,1009.5,75.8,0,0
763,2022-05-13 01:00,16.8,287.6,.5,0,1005.1,1009.6,74.1,0,0
763,2022-05-13 02:00,16.7,0,.2,0,1004.7,1009.2,73.5,0,0
763,2022-05-13 03:00,16.3,0,.4,0,1004.6,1009.1,73.4,0,0
763,2022-05-13 04:00,15.6,123.3,.5,0,1004.4,1008.9,80.1,0,0
763,2022-05-13 05:00,14.8,282.3,.5,0,1004.2,1008.7,83.6,0,0
763,2022-05-13 06:00,15.4,120.5,.5,0,1004,1008.5,76.9,0,0
763,2022-05-13 07:00,15.8,302.2,.8,0,1004.1,1008.6,80.4,0,0
763,2022-05-13 08:00,16.6,284.9,.8,0,1004.1,1008.6,73,0,0
763,2022-05-13 09:00,17.2,0,.3,0,1004.1,1008.5,71.8,0,0
763,2022-05-13 10:00,17.9,89.5,.5,0,1003.6,1008,71.1,0,0
763,2022-05-13 11:00,18.6,225.3,.5,0,1003.7,1008.1,66.1,0,0
763,2022-05-13 12:00,19.2,239,.8,0,1002.9,1007.3,63.5,0,0
763,2022-05-13 13:00,19.6,276.1,1.3,0,1002.8,1007.2,60.3,0,0
763,2022-05-13 14:00,19.7,231.9,.5,0,1002.6,1007,56.3,0,0
763,2022-05-13 15:00,20.2,234,.6,0,1002.3,1006.7,55.4,0,0
763,2022-05-13 16:00,20.7,235.2,1.2,0,1002,1006.4,54.5,0,0
763,2022-05-13 17:00,19.7,0,.3,0,1001.9,1006.3,54.3,0,0
763,2022-05-13 18:00,19.7,240.2,.7,0,1002,1006.4,59.7,0,0
763,2022-05-13 19:00,18.4,111.1,.8,0,1002.2,1006.6,61.2,0,0
763,2022-05-13 20:00,16,0,.4,0,1003,1007.5,69.3,0,0
763,2022-05-13 21:00,14.4,113.1,.7,0,1003.8,1008.3,75,0,0
763,2022-05-13 22:00,13,0,.2,0,1004.8,1009.3,84.2,0,0
763,2022-05-13 23:00,12.5,0,.2,0,1005.2,1009.7,86.6,0,0
763,2022-05-14 00:00,11.2,0,.2,0,1005.9,1010.5,91.7,0,0
763,2022-05-14 01:00,10.4,0,.2,0,1005.7,1010.3,92.5,0,0
763,2022-05-14 02:00,9.6,0,.3,0,1005.9,1010.5,85.7,0,0
763,2022-05-14 03:00,8.3,0,.3,0,1006.1,1010.7,89.8,0,0
763,2022-05-14 04:00,8.2,0,.1,0,1006.5,1011.1,90.7,0,0
763,2022-05-14 05:00,8.1,0,.1,0,1006.5,1011.1,90.7,0,0
763,2022-05-14 06:00,7.3,0,0,0,1007.3,1011.9,93.7,0,0
763,2022-05-14 07:00,12,0,.2,0,1007.8,1012.4,85.7,0,0
763,2022-05-14 08:00,14.4,145.5,.5,0,1008.4,1012.9,70.8,0,0
763,2022-05-14 09:00,16.1,226.6,.9,0,1009.1,1013.6,53.5,0,0
763,2022-05-14 10:00,18.4,236.8,.6,0,1009.2,1013.6,42.9,0,0
763,2022-05-14 11:00,19.6,213.9,1,0,1009.3,1013.7,35.8,0,0
763,2022-05-14 12:00,19.3,263.1,3.1,0,1009,1013.4,31.2,0,0
763,2022-05-14 13:00,19.7,265.6,3,0,1008.6,1013,39.4,0,0
763,2022-05-14 14:00,19.2,270.4,3,0,1008.5,1012.9,42.6,0,0
763,2022-05-14 15:00,18.9,269.8,3.8,0,1008.3,1012.7,41.3,0,0
763,2022-05-14 16:00,18.5,278.1,3.2,0,1008.4,1012.8,33.9,0,0
763,2022-05-14 17:00,17.8,275.4,3.3,0,1009.1,1013.6,27,0,0
763,2022-05-14 18:00,17,285.5,3.7,0,1009.5,1014,22.1,0,0
763,2022-05-14 19:00,15.8,285.7,2.7,0,1009.8,1014.3,29.2,0,0
763,2022-05-14 20:00,14.5,264.6,1.6,0,1010.9,1015.4,36.1,0,0
763,2022-05-14 21:00,12.2,0,.3,0,1011.4,1016,54,0,0
763,2022-05-14 22:00,11.8,314.2,.7,0,1012,1016.6,45.2,0,0
763,2022-05-14 23:00,10.2,0,.3,0,1011.9,1016.5,60,0,0
763,2022-05-15 00:00,9.1,0,.1,0,1012.3,1016.9,65.4,0,0
763,2022-05-15 01:00,9.9,0,.3,0,1011.9,1016.5,60.2,0,0
763,2022-05-15 02:00,8.9,0,.1,0,1011.3,1015.9,68.4,0,0
763,2022-05-15 03:00,8.5,0,.1,0,1011.1,1015.7,71.7,0,0
763,2022-05-15 04:00,7.9,0,.1,0,1011.1,1015.7,73.5,0,0
763,2022-05-15 05:00,7.4,0,.1,0,1011.2,1015.9,76.2,0,0
763,2022-05-15 06:00,7.5,0,.2,0,1011.5,1016.2,79.4,0,0
763,2022-05-15 07:00,9.4,0,.3,0,1011.9,1016.5,74.6,0,0
763,2022-05-15 08:00,12.5,0,.2,0,1011.9,1016.5,62.3,0,0
763,2022-05-15 09:00,14.7,270.1,.9,0,1011.9,1016.4,53.4,0,0
763,2022-05-15 10:00,16.6,33,2.1,0,1012,1016.5,41.3,0,0
763,2022-05-15 11:00,18.2,347.3,2.6,0,1011.5,1016,37.9,0,0
763,2022-05-15 12:00,19.3,354.4,1.4,0,1010.6,1015,36.2,0,0
763,2022-05-15 13:00,19.6,359.3,1.8,0,1010.3,1014.7,31.1,0,0
763,2022-05-15 14:00,21.2,318.7,1.7,0,1009.2,1013.6,24.2,0,0
763,2022-05-15 15:00,21.2,329.5,1.7,0,1008.2,1012.6,24.1,0,0
763,2022-05-15 16:00,19.9,274.3,4,0,1007.7,1012.1,31.1,0,0
763,2022-05-15 17:00,19.4,298.5,3.3,0,1007.9,1012.3,29.3,0,0
763,2022-05-15 18:00,18.2,303.9,3.3,0,1007.7,1012.1,28.5,0,0
763,2022-05-15 19:00,16.7,293.9,2,0,1007.9,1012.4,32.4,0,0
763,2022-05-15 20:00,14.4,0,.1,0,1008.5,1013,38.9,0,0
763,2022-05-15 21:00,11.7,0,.4,0,1009.3,1013.9,54.4,0,0
763,2022-05-15 22:00,9.9,0,0,0,1009.8,1014.4,58.4,0,0
763,2022-05-15 23:00,9.2,0,.3,0,1009.7,1014.3,57.1,0,0
763,2022-05-16 00:00,9,0,.2,0,1010,1014.6,56.5,0,0
763,2022-05-16 01:00,8.1,0,.4,0,1009.9,1014.5,62.5,0,0
763,2022-05-16 02:00,7.7,0,.2,0,1009.7,1014.3,69.9,0,0
763,2022-05-16 03:00,7.7,0,.2,0,1009.4,1014,70.9,0,0
763,2022-05-16 04:00,6.8,0,.2,0,1009.2,1013.9,74.5,0,0
763,2022-05-16 05:00,5.9,0,.1,0,1009.1,1013.8,82.8,0,0
763,2022-05-16 06:00,5.9,0,.1,0,1009.1,1013.8,84.6,0,0
763,2022-05-16 07:00,10.3,0,.3,0,1009.4,1014,68.3,0,0
763,2022-05-16 08:00,13.5,0,.3,0,1009.4,1013.9,58.1,0,0
763,2022-05-16 09:00,17.6,237.7,.8,0,1009.4,1013.9,40.2,0,0
763,2022-05-16 10:00,17.9,198.5,.6,0,1009.2,1013.7,32,0,0
763,2022-05-16 11:00,20.2,265.5,1.2,0,1008.9,1013.3,30.7,0,0
763,2022-05-16 12:00,21.3,260.2,1.8,0,1008.5,1012.9,28.8,0,0
763,2022-05-16 13:00,21.8,242.3,1.7,0,1007.7,1012.1,28.2,0,0
763,2022-05-16 14:00,22.5,248.9,1.9,0,1007,1011.4,24.1,0,0
763,2022-05-16 15:00,23.3,239.9,1.6,0,1006.5,1010.8,26.2,0,0
763,2022-05-16 16:00,22.4,249.5,1.9,0,1006.4,1010.8,29.3,0,0
763,2022-05-16 17:00,21.2,276.1,2.9,0,1006.4,1010.8,27.4,0,0
763,2022-05-16 18:00,20.2,241.7,1.7,0,1006.6,1011,27,0,0
763,2022-05-16 19:00,18.5,278.5,2.7,0,1006.9,1011.3,29.1,0,0
763,2022-05-16 20:00,17.3,252.8,1.3,0,1007.4,1011.9,35.6,0,0
763,2022-05-16 21:00,15.6,0,.3,0,1008.3,1012.8,42.7,0,0
763,2022-05-16 22:00,13.8,0,.3,0,1008.7,1013.2,54.1,0,0
763,2022-05-16 23:00,11.8,0,.2,0,1008.8,1013.4,65.4,0,0
763,2022-05-17 00:00,11.2,0,.2,0,1008.9,1013.5,66.5,0,0
763,2022-05-17 01:00,11.6,282.2,.7,0,1008.9,1013.5,64.6,0,0
763,2022-05-17 02:00,11.3,0,.1,0,1009.1,1013.7,64.5,0,0
763,2022-05-17 03:00,10.4,0,.1,0,1008.8,1013.4,70.2,0,0
763,2022-05-17 04:00,10.3,0,.2,0,1008.6,1013.2,70,0,0
763,2022-05-17 05:00,9.4,0,.4,0,1008.6,1013.2,77.8,0,0
763,2022-05-17 06:00,8.3,0,0,0,1009.1,1013.7,84.6,0,0
763,2022-05-17 07:00,12.3,0,.3,0,1009.6,1014.2,73.7,0,0
763,2022-05-17 08:00,16.7,3.8,.5,0,1009.6,1014.1,59.9,0,0
763,2022-05-17 09:00,21.2,198.8,.6,0,1009.7,1014.1,42,0,0
763,2022-05-17 10:00,22.3,229,.8,0,1009.7,1014.1,38.4,0,0
763,2022-05-17 11:00,23.9,212.9,.8,0,1009.5,1013.8,35,0,0
763,2022-05-17 12:00,25.7,213.7,.9,0,1009.1,1013.4,32.6,0,0
763,2022-05-17 13:00,26.4,210.4,.9,0,1008.8,1013.1,32.6,0,0
763,2022-05-17 14:00,26.2,261.5,2.8,0,1008.4,1012.7,30.5,0,0
763,2022-05-17 15:00,27,255.5,2,0,1008.1,1012.4,32,0,0
763,2022-05-17 16:00,25.9,256.1,2,0,1008.2,1012.5,37.6,0,0
763,2022-05-17 17:00,25.3,245.9,1.5,0,1008.4,1012.7,36.4,0,0
763,2022-05-17 18:00,23.8,235.9,1.8,0,1008.7,1013,40.1,0,0
763,2022-05-17 19:00,21.9,253.7,2.1,0,1008.9,1013.3,45.8,0,0
763,2022-05-17 20:00,20.4,251.2,1.6,0,1009.5,1013.9,52.2,0,0
763,2022-05-17 21:00,17.6,0,.1,0,1010.4,1014.9,63.4,0,0
763,2022-05-17 22:00,20,0,.4,0,1010.7,1015.1,54.7,0,0
763,2022-05-17 23:00,20.9,162,.6,0,1010.9,1015.3,46.2,0,0
763,2022-05-18 00:00,20.5,132.1,.8,0,1011.2,1015.6,44.9,0,0
763,2022-05-18 01:00,20,140.9,.7,0,1011.5,1016,46.7,0,0
763,2022-05-18 02:00,19.7,115.6,.8,0,1011.7,1016.1,48.6,0,0
763,2022-05-18 03:00,19.5,131.6,.5,0,1012,1016.4,48.2,0,0
763,2022-05-18 04:00,19.4,127.1,.7,0,1011.9,1016.3,47,0,0
763,2022-05-18 05:00,18.7,0,.4,0,1012.2,1016.6,48.2,0,0
763,2022-05-18 06:00,19,124.8,.7,0,1012.4,1016.8,46.6,0,0
763,2022-05-18 07:00,19.7,125.8,1.1,0,1012.7,1017.1,45.9,0,0
763,2022-05-18 08:00,21.1,169,.9,0,1013,1017.4,40.8,0,0
763,2022-05-18 09:00,22.2,179.1,1.1,0,1013.3,1017.7,37.6,0,0
763,2022-05-18 10:00,24,202.6,1.2,0,1013.5,1017.9,33.1,0,0
763,2022-05-18 11:00,25.3,236.2,1.6,0,1013.4,1017.8,31.1,0,0
763,2022-05-18 12:00,26.4,233.7,2.1,0,1013,1017.3,26.4,0,0
763,2022-05-18 13:00,26.7,254.5,3.2,0,1012.5,1016.8,24.5,0,0
763,2022-05-18 14:00,27,252.2,3,0,1012.1,1016.4,24.8,0,0
763,2022-05-18 15:00,27.6,244.7,2.6,0,1011.5,1015.8,22.9,0,0
763,2022-05-18 16:00,27.5,242.6,2.7,0,1011,1015.3,23.6,0,0
763,2022-05-18 17:00,26.3,243.4,3.6,0,1011.5,1015.8,24.5,0,0
763,2022-05-18 18:00,25.2,230.3,2.4,0,1011.6,1016,25.9,0,0
763,2022-05-18 19:00,24.3,205.4,1.2,0,1011.5,1015.8,27.9,0,0
763,2022-05-18 20:00,23.4,210.7,1.5,0,1012.1,1016.5,28.4,0,0
763,2022-05-18 21:00,22.2,226.2,1.5,0,1013,1017.4,31.8,0,0
763,2022-05-18 22:00,20.6,219.7,1,0,1013.7,1018.1,39.3,0,0
763,2022-05-18 23:00,20.3,199.2,1,0,1013.7,1018.2,36.5,0,0
763,2022-05-19 00:00,20.2,228.4,1.1,0,1013.5,1018,32.6,0,0
763,2022-05-19 01:00,19.7,218.2,.8,0,1013.4,1017.8,32.9,0,0
763,2022-05-19 02:00,20.3,204,1.3,0,1012.9,1017.3,29.3,0,0
763,2022-05-19 03:00,20,175.8,.9,0,1012.8,1017.3,28.9,0,0
763,2022-05-19 04:00,18.3,223.9,.6,0,1013.2,1017.7,34.7,0,0
763,2022-05-19 05:00,15,0,.4,0,1013.1,1017.6,49.7,0,0
763,2022-05-19 06:00,15.5,0,.4,0,1013.3,1017.8,48.2,0,0
763,2022-05-19 07:00,18.1,0,.4,0,1013.3,1017.8,43.5,0,0
763,2022-05-19 08:00,20.7,161.7,1,0,1013.6,1018,30.1,0,0
763,2022-05-19 09:00,21.1,185,.8,0,1013.7,1018.1,31.5,0,0
763,2022-05-19 10:00,22.3,213.2,1.3,0,1014,1018.4,28.9,0,0
763,2022-05-19 11:00,22.7,194.1,.9,0,1014.1,1018.5,29.5,0,0
763,2022-05-19 12:00,24,239.9,1.5,0,1014,1018.4,27.4,0,0
763,2022-05-19 13:00,24.8,250.6,2.9,0,1013.5,1017.8,21.5,0,0
763,2022-05-19 14:00,24.3,256.8,2.8,0,1013.1,1017.5,23.6,0,0
763,2022-05-19 15:00,24.1,264.6,2.7,0,1012.7,1017.1,23.3,0,0
763,2022-05-19 16:00,24,264.5,2.6,0,1012.3,1016.7,24.3,0,0
763,2022-05-19 17:00,23.7,255.9,1.9,0,1012.3,1016.7,25.7,0,0
763,2022-05-19 18:00,22,263.6,2.3,0,1012,1016.4,32.3,0,0
763,2022-05-19 19:00,20.3,237.1,.5,0,1012,1016.4,39,0,0
763,2022-05-19 20:00,19.4,0,.4,0,1012.2,1016.6,38.4,0,0
763,2022-05-19 21:00,16.7,0,.4,0,1012.8,1017.3,53,0,0
763,2022-05-19 22:00,16.4,0,.2,0,1012.7,1017.2,53.2,0,0
763,2022-05-19 23:00,14.9,0,.1,0,1012.3,1016.8,63,0,0
763,2022-05-20 00:00,14,0,.1,0,1012.2,1016.7,68.9,0,0
763,2022-05-20 01:00,13.9,0,0,0,1011.7,1016.2,68.3,0,0
763,2022-05-20 02:00,13,0,0,0,1011.4,1016,75.7,0,0
763,2022-05-20 03:00,12.9,0,.1,0,1011.5,1016.1,75.6,0,0
763,2022-05-20 04:00,13.1,0,.2,0,1011.3,1015.9,75.7,0,0
763,2022-05-20 05:00,13.7,0,.1,0,1011.3,1015.8,70.2,0,0
763,2022-05-20 06:00,13.8,0,.3,0,1011.1,1015.6,68.8,0,0
763,2022-05-20 07:00,14.6,17.2,1,0,1011.2,1015.7,72,0,0
763,2022-05-20 08:00,17.2,0,.4,0,1011.2,1015.7,62.2,0,0
763,2022-05-20 09:00,19.5,269.9,1,0,1011.2,1015.6,57.4,0,0
763,2022-05-20 10:00,20.6,0,.3,0,1011,1015.4,57.2,0,0
763,2022-05-20 11:00,23,247.9,1.3,0,1010.5,1014.9,45.8,0,0
763,2022-05-20 12:00,23.9,238.8,1.2,0,1009.8,1014.1,43.8,0,0
763,2022-05-20 13:00,24.4,310.9,2,0,1008.9,1013.2,42.3,0,0
763,2022-05-20 14:00,24.7,297.3,2.1,0,1008.2,1012.5,41.6,0,0
763,2022-05-20 15:00,25,283.8,2.5,0,1007.6,1012,44.7,0,0
763,2022-05-20 16:00,24.8,273.5,2.4,0,1007.2,1011.5,46.7,0,0
763,2022-05-20 17:00,24.6,277.4,2.3,0,1007.1,1011.4,47.6,0,0
763,2022-05-20 18:00,23,261.6,2.6,0,1006.9,1011.3,54.9,0,0
763,2022-05-20 19:00,21.4,268.3,2,0,1007.1,1011.5,63.9,0,0
763,2022-05-20 20:00,19.8,258.8,.7,0,1007.7,1012.1,65.7,0,0
763,2022-05-20 21:00,17.4,0,.1,0,1008.2,1012.7,77,0,0
763,2022-05-20 22:00,16.1,0,.1,0,1008.5,1013,86,0,0
763,2022-05-20 23:00,15.5,0,0,0,1008.2,1012.7,91.5,0,0
763,2022-05-21 00:00,15.2,0,0,0,1007.8,1012.3,94.3,0,0
763,2022-05-21 01:00,14.9,0,0,0,1007.4,1011.9,96.6,0,0
763,2022-05-21 02:00,14.4,0,.3,0,1006.8,1011.3,99.8,0,0
763,2022-05-21 03:00,13.7,8.6,.6,0,1006.7,1011.2,99.8,0,0
763,2022-05-21 04:00,12.7,0,0,0,1006.6,1011.1,99.8,0,0
763,2022-05-21 05:00,12.8,0,.1,0,1006.7,1011.2,99.8,0,0
763,2022-05-21 06:00,12.3,0,0,0,1007,1011.6,99.9,0,0
763,2022-05-21 07:00,15.5,0,.2,0,1007.2,1011.7,97.9,0,0
763,2022-05-21 08:00,18.3,0,.4,0,1007.3,1011.7,83.7,0,0
763,2022-05-21 09:00,20.3,348.7,.6,0,1007.3,1011.7,71.8,0,0
763,2022-05-21 10:00,21.9,248.6,.9,0,1007,1011.4,63.4,0,0
763,2022-05-21 11:00,21.2,284.8,1.6,0,1006.9,1011.3,62.7,0,0
763,2022-05-21 12:00,23.1,260,1.2,0,1006.3,1010.7,57.7,0,0
763,2022-05-21 13:00,24.6,275.1,1.7,0,1005.7,1010,51.9,0,0
763,2022-05-21 14:00,24.6,229.3,1.1,0,1004.9,1009.2,53.5,0,0
763,2022-05-21 15:00,24.7,270.1,2.9,0,1004.1,1008.4,55,0,0
763,2022-05-21 16:00,24.2,257.4,2.1,0,1003.9,1008.2,57.2,0,0
763,2022-05-21 17:00,23.4,250.4,1.9,0,1003.8,1008.1,60,0,0
763,2022-05-21 18:00,22.2,250.3,1.3,0,1003.6,1008,62.3,0,0
763,2022-05-21 19:00,20,263.3,2.4,0,1003.8,1008.2,69.4,0,0
763,2022-05-21 20:00,18.6,263.5,1.6,0,1004.2,1008.6,81.6,0,0
763,2022-05-21 21:00,17.7,0,.3,0,1004.9,1009.3,86.6,0,0
763,2022-05-21 22:00,16.3,0,.2,0,1005.5,1010,92.6,0,0
763,2022-05-21 23:00,16,0,.3,0,1005.1,1009.6,94,0,0
763,2022-05-22 00:00,16.2,0,.1,0,1005.1,1009.6,94,0,0
763,2022-05-22 01:00,16.6,241,.5,0,1004.8,1009.3,90.1,0,0
763,2022-05-22 02:00,16.4,222.9,.5,0,1004.5,1009,90.7,0,0
763,2022-05-22 03:00,15.9,0,.4,0,1004.4,1008.9,90.7,0,0
763,2022-05-22 04:00,15.7,231.1,.8,0,1004.3,1008.8,89.9,0,0
763,2022-05-22 05:00,14.8,0,.4,0,1004.5,1009,96.4,0,0
763,2022-05-22 06:00,14.3,0,.1,0,1004.8,1009.3,99.8,0,0
763,2022-05-22 07:00,16.7,239.8,.5,0,1004.9,1009.4,87.5,0,0
763,2022-05-22 08:00,18.4,70.7,.9,0,1004.7,1009.1,77.1,0,0
763,2022-05-22 09:00,20.3,116.9,.6,0,1004.8,1009.2,64.1,0,0
763,2022-05-22 10:00,22.4,253,1.5,0,1005.2,1009.6,53.7,0,0
763,2022-05-22 11:00,23.2,254.4,1.3,0,1005,1009.3,54.9,0,0
763,2022-05-22 12:00,24.6,241.9,1.3,0,1004.6,1008.9,52.6,0,0
763,2022-05-22 13:00,25.6,236.8,1.6,0,1004,1008.3,50.9,0,0
763,2022-05-22 14:00,25.2,250.7,2.3,0,1003.6,1007.9,51.5,0,0
763,2022-05-22 15:00,25,244.8,1.6,0,1003.4,1007.7,54.1,0,0
763,2022-05-22 16:00,25.1,250.7,2.1,0,1003.1,1007.4,56.5,0,0
763,2022-05-22 17:00,23.8,267.6,2.1,0,1003.2,1007.5,62.1,0,0
763,2022-05-22 18:00,23,225.3,1.4,0,1003.1,1007.4,65,0,0
763,2022-05-22 19:00,21.3,227.5,.7,0,1003.4,1007.8,72.3,0,0
763,2022-05-22 20:00,19.5,227.4,.6,0,1003.8,1008.2,81.6,0,0
763,2022-05-22 21:00,18.5,0,.2,0,1004.5,1008.9,87.7,0,0
763,2022-05-22 22:00,18.3,0,.2,0,1005.5,1009.9,89,0,0
763,2022-05-22 23:00,17.9,0,.2,0,1005.8,1010.2,90.5,0,0
763,2022-05-23 00:00,16.7,0,.1,0,1005.8,1010.3,97,0,0
763,2022-05-23 01:00,15.4,0,0,0,1005.7,1010.2,99.8,0,0
763,2022-05-23 02:00,14.8,0,0,0,1005.7,1010.2,99.8,0,0
763,2022-05-23 03:00,14.9,0,.1,0,1005.8,1010.3,99.8,0,0
763,2022-05-23 04:00,15,0,.4,0,1006.1,1010.6,99.8,0,0
763,2022-05-23 05:00,15.2,0,.3,0,1006.5,1011,99.8,0,0
763,2022-05-23 06:00,14.6,0,0,0,1007.1,1011.6,99.8,0,0
763,2022-05-23 07:00,16.7,0,.1,0,1007.4,1011.9,99.8,0,0
763,2022-05-23 08:00,19.6,0,.4,0,1007.9,1012.3,83.8,0,0
763,2022-05-23 09:00,21.5,164.1,.5,0,1008.1,1012.5,70.3,0,0
763,2022-05-23 10:00,23.7,163.3,.7,0,1008.1,1012.4,63.8,0,0
763,2022-05-23 11:00,24.3,258.9,1.1,0,1008.2,1012.5,55.7,0,0
763,2022-05-23 12:00,26.2,299.9,1.3,0,1008,1012.3,49.6,0,0
763,2022-05-23 13:00,27.2,251.9,1.2,0,1007.9,1012.2,46.9,0,0
763,2022-05-23 14:00,27.8,243.9,1.4,0,1007.8,1012.1,43.5,0,0
763,2022-05-23 15:00,27.7,252.9,1.4,0,1007.6,1011.9,42.4,0,0
763,2022-05-23 16:00,27.2,250.4,1.5,0,1007.5,1011.8,43.7,0,0
763,2022-05-23 17:00,24.7,252.9,1.7,0,1007.7,1012,56.9,0,0
763,2022-05-23 18:00,22.7,267.2,1.5,0,1008,1012.4,58.7,0,0
763,2022-05-23 19:00,22.3,262.8,1.5,0,1008.4,1012.8,59.5,0,0
763,2022-05-23 20:00,20.5,0,.3,0,1009.2,1013.6,63.8,0,0
763,2022-05-23 21:00,19.4,0,.3,0,1009.9,1014.3,71.9,0,0
763,2022-05-23 22:00,18.1,0,.2,0,1010.8,1015.3,80.9,0,0
763,2022-05-23 23:00,17.9,0,.2,0,1011.2,1015.7,82.2,0,0
763,2022-05-24 00:00,17.1,0,.3,0,1010.9,1015.4,89.8,0,0
763,2022-05-24 01:00,15.1,0,0,0,1010.9,1015.4,98.2,0,0
763,2022-05-24 02:00,14.9,0,.1,0,1011,1015.5,99,0,0
763,2022-05-24 03:00,13.8,0,0,0,1010.9,1015.4,99.6,0,0
763,2022-05-24 04:00,13.6,0,.1,0,1011.1,1015.6,99.8,0,0
763,2022-05-24 05:00,12.8,0,.1,0,1011.1,1015.7,99.8,0,0
763,2022-05-24 06:00,12.7,0,0,0,1011.5,1016.1,99.8,0,0
763,2022-05-24 07:00,15.9,0,.1,0,1011.6,1016.1,89.3,0,0
763,2022-05-24 08:00,18.3,22.4,1.2,0,1012,1016.5,79,0,0
763,2022-05-24 09:00,20.4,17.7,.9,0,1012,1016.4,65.5,0,0
763,2022-05-24 10:00,22.9,24.7,.8,0,1011.5,1015.9,55.8,0,0
763,2022-05-24 11:00,25,.9,1.7,0,1010.9,1015.3,47,0,0
763,2022-05-24 12:00,26.5,342.4,2,0,1010.2,1014.5,40.7,0,0
763,2022-05-24 13:00,28.4,7.6,1.4,0,1009.2,1013.5,34.9,0,0
763,2022-05-24 14:00,29.2,342.7,2,0,1008.3,1012.6,33.6,0,0
763,2022-05-24 15:00,29.6,348,1.6,0,1007.6,1011.9,32.6,0,0
763,2022-05-24 16:00,30.1,13.4,1.5,0,1006.9,1011.2,29.4,0,0
763,2022-05-24 17:00,28,275.5,2.9,0,1006.6,1010.9,46.6,0,0
763,2022-05-24 18:00,26.9,255.7,1.6,0,1006.7,1011,49.9,0,0
763,2022-05-24 19:00,25.1,227.9,.6,0,1007.1,1011.4,54.4,0,0
763,2022-05-24 20:00,21.6,134.2,.6,0,1007.6,1012,66,0,0
763,2022-05-24 21:00,20.3,113.3,.6,0,1008,1012.4,65.6,0,0
763,2022-05-24 22:00,18.9,110.4,.8,0,1008.1,1012.5,70.4,0,0
763,2022-05-24 23:00,17,0,.2,0,1008.3,1012.8,83.2,0,0
763,2022-05-25 00:00,16,0,.1,0,1008.2,1012.7,90.4,0,0
763,2022-05-25 01:00,16.3,0,.2,0,1007.8,1012.3,89.3,0,0
763,2022-05-25 02:00,15.4,0,.3,0,1007.3,1011.8,92.8,0,0
763,2022-05-25 03:00,14.9,0,.1,0,1007.1,1011.6,94.7,0,0
763,2022-05-25 04:00,14.4,0,.2,0,1007,1011.5,97.7,0,0
763,2022-05-25 05:00,13.8,0,.1,0,1006.9,1011.4,98.1,0,0
763,2022-05-25 06:00,13.9,0,0,0,1007.2,1011.7,99.3,0,0
763,2022-05-25 07:00,16.5,0,.4,0,1007.7,1012.2,88.8,0,0
763,2022-05-25 08:00,19.3,0,.2,0,1007.5,1011.9,77.8,0,0
763,2022-05-25 09:00,21.3,87.5,.5,0,1007.4,1011.8,62.7,0,0
763,2022-05-25 10:00,23.6,333,1,0,1006.5,1010.8,49.4,0,0
763,2022-05-25 11:00,25,309.3,2.2,0,1006,1010.3,40.2,0,0
763,2022-05-25 12:00,25.8,311.1,1.7,0,1005.2,1009.5,42.3,0,0
763,2022-05-25 13:00,26.4,275.4,1.3,0,1004.1,1008.4,40.9,0,0
763,2022-05-25 14:00,26.5,284.1,2.3,0,1003.3,1007.6,43.1,0,0
763,2022-05-25 15:00,27.1,238.6,1.5,0,1002.7,1007,42.6,0,0
763,2022-05-25 16:00,25.4,261.7,2.3,0,1002.4,1006.7,49.6,0,0
763,2022-05-25 17:00,23.9,253.9,1.8,0,1002.3,1006.6,54.3,0,0
763,2022-05-25 18:00,22,263.8,1.9,0,1002.9,1007.3,60.9,0,0
763,2022-05-25 19:00,20.8,283,1.4,0,1003.2,1007.6,63.4,0,0
763,2022-05-25 20:00,20,245.6,.8,0,1003.5,1007.9,66,0,0
763,2022-05-25 21:00,19.5,241,.5,0,1003.5,1007.9,69.2,0,0
763,2022-05-25 22:00,19.3,244.3,1.1,0,1003.6,1008,66.9,0,0
763,2022-05-25 23:00,19.2,224.1,.9,0,1003.3,1007.7,71.4,0,0
763,2022-05-26 00:00,19.1,213.3,.9,0,1002.4,1006.8,77.5,0,0
763,2022-05-26 01:00,16.7,283,2.9,1.5,1002.3,1006.8,99.8,0,0
763,2022-05-26 02:00,16,283.2,2.1,2.5,1002.3,1006.8,99.8,0,0
763,2022-05-26 03:00,15.2,279.6,1.6,.5,1002.5,1007,95.6,0,0
763,2022-05-26 04:00,14.1,0,.4,0,1002.6,1007.1,99.7,0,0
763,2022-05-26 05:00,13.2,0,.1,0,1002.4,1006.9,99.8,0,0
763,2022-05-26 06:00,12.6,0,.4,0,1002.7,1007.2,99.8,0,0
763,2022-05-26 07:00,15.1,0,.4,0,1002.9,1007.4,95.2,0,0
763,2022-05-26 08:00,16.5,0,.4,0,1003,1007.5,81.6,0,0
763,2022-05-26 09:00,18.1,275.6,.7,0,1003.1,1007.5,67.5,0,0
763,2022-05-26 10:00,19,269.6,1.4,0,1002.8,1007.2,55.6,0,0
763,2022-05-26 11:00,21.4,296.5,1,0,1002.6,1007,47.9,0,0
763,2022-05-26 12:00,22.9,311.8,1.4,0,1001.9,1006.2,40.3,0,0
763,2022-05-26 13:00,23.2,275.2,2.1,0,1001.3,1005.6,38.6,0,0
763,2022-05-26 14:00,23.4,274.8,2.4,0,1000.5,1004.8,41.7,0,0
763,2022-05-26 15:00,23.3,287,3.2,0,1000.1,1004.4,41.1,0,0
763,2022-05-26 16:00,23.1,288.1,3.5,0,999.9,1004.2,36.6,0,0
763,2022-05-26 17:00,22.6,254.3,1.8,0,999.1,1003.4,34.6,0,0
763,2022-05-26 18:00,21.6,266.1,2.9,0,999,1003.4,37.5,0,0
763,2022-05-26 19:00,20.2,272.9,2.5,0,999.5,1003.9,51.4,0,0
763,2022-05-26 20:00,18.3,257.7,1.1,0,999.6,1004,61.1,0,0
763,2022-05-26 21:00,17.3,252.6,1.3,0,1000.3,1004.7,69.9,0,0
763,2022-05-26 22:00,16.9,0,.4,0,1000.4,1004.8,65.7,0,0
763,2022-05-26 23:00,15.8,0,.2,0,999.8,1004.3,80.2,0,0
763,2022-05-27 00:00,16.3,157.2,.6,0,999.1,1003.5,77.2,0,0
763,2022-05-27 01:00,16,0,.4,0,998.4,1002.9,70.1,0,0
763,2022-05-27 02:00,16.7,203.3,.8,0,997.6,1002,64.8,0,0
763,2022-05-27 03:00,16.4,185.8,1,0,997.5,1001.9,62.3,0,0
763,2022-05-27 04:00,16.5,214.1,1.5,0,997.4,1001.8,64.4,0,0
763,2022-05-27 05:00,16,224.2,.9,0,997.7,1002.2,69.7,0,0
763,2022-05-27 06:00,16.5,221.4,1.1,0,997.9,1002.3,71.9,0,0
763,2022-05-27 07:00,17.9,216.8,.8,0,998.2,1002.6,69.9,0,0
763,2022-05-27 08:00,19.6,242.3,1.5,0,998,1002.4,65.8,0,0
763,2022-05-27 09:00,19.9,268.1,3.8,0,998,1002.4,68,0,0
763,2022-05-27 10:00,21.1,271.7,3.1,0,997.9,1002.3,61.8,0,0
763,2022-05-27 11:00,22.2,257.9,2.7,0,998.2,1002.5,57.6,0,0
763,2022-05-27 12:00,23.3,257.5,2.6,0,998,1002.3,52.4,0,0
763,2022-05-27 13:00,23.3,265.8,3.1,0,997.7,1002,51.3,0,0
763,2022-05-27 14:00,24.5,260.7,2.7,0,997.4,1001.7,46,0,0
763,2022-05-27 15:00,25,250.6,2.4,0,997.3,1001.6,43,0,0
763,2022-05-27 16:00,24,270.5,3.4,0,997.6,1001.9,42.4,0,0
763,2022-05-27 17:00,23.7,257.7,2.6,0,997.6,1001.9,42.7,0,0
763,2022-05-27 18:00,23.2,275.4,2.3,0,997.7,1002,45.6,0,0
763,2022-05-27 19:00,21.7,272.5,1.8,0,998.1,1002.4,52.3,0,0
763,2022-05-27 20:00,19.8,258.1,1,0,998.9,1003.3,69.5,0,0
763,2022-05-27 21:00,17.5,0,.3,0,999.5,1003.9,82.9,0,0
763,2022-05-27 22:00,16.7,93,.8,0,1000.8,1005.2,84.6,0,0
763,2022-05-27 23:00,17.3,121,.6,0,1001,1005.4,87.4,0,0
763,2022-05-28 00:00,16.6,0,.2,0,1000.5,1004.9,92.1,0,0
763,2022-05-28 01:00,15.3,0,.1,0,1000,1004.5,99,0,0
763,2022-05-28 02:00,15,0,.1,0,999.7,1004.2,97,0,0
763,2022-05-28 03:00,17.5,235,1.2,0,1000.1,1004.5,74.9,0,0
763,2022-05-28 04:00,17.8,203.8,.6,0,1000.3,1004.7,72.6,0,0
763,2022-05-28 05:00,18.3,230.4,.5,0,1000.9,1005.3,64.9,0,0
763,2022-05-28 06:00,17.5,0,.2,0,1001.2,1005.6,66,0,0
763,2022-05-28 07:00,20,0,.4,0,1001.6,1006,55.1,0,0
763,2022-05-28 08:00,21.5,131.3,.5,0,1002,1006.4,48.2,0,0
763,2022-05-28 09:00,22.9,190.2,.6,0,1002.3,1006.6,42.1,0,0
763,2022-05-28 10:00,24.5,183.6,.9,0,1002.5,1006.8,39.8,0,0
763,2022-05-28 11:00,26.8,277.6,1,0,1002.6,1006.9,36.8,0,0
763,2022-05-28 12:00,26.9,265.2,2.2,0,1002.5,1006.8,31.3,0,0
763,2022-05-28 13:00,28.1,233.2,2.1,0,1002.3,1006.6,26.1,0,0
763,2022-05-28 14:00,27.6,225.9,1.6,0,1001.9,1006.2,24,0,0
763,2022-05-28 15:00,27.7,242.4,2.4,0,1001.8,1006.1,21,0,0
763,2022-05-28 16:00,27.5,271.7,1.9,0,1001.5,1005.8,25.4,0,0
763,2022-05-28 17:00,26.9,280.6,2.2,0,1001.3,1005.6,24.8,0,0
763,2022-05-28 18:00,26.8,281.4,1.8,0,1001.1,1005.4,25.6,0,0
763,2022-05-28 19:00,25.4,256.2,1.2,0,1001.2,1005.5,26.4,0,0
763,2022-05-28 20:00,23.5,257.7,2.1,0,1001.8,1006.1,36.2,0,0
763,2022-05-28 21:00,19.7,113.6,.7,0,1002.4,1006.8,46.9,0,0
763,2022-05-28 22:00,18.7,107,1.2,0,1003.1,1007.5,60.2,0,0
763,2022-05-28 23:00,18.4,0,.3,0,1003.4,1007.8,63.8,0,0
763,2022-05-29 00:00,20.3,229.8,.6,0,1003.5,1007.9,66,0,0
763,2022-05-29 01:00,18.9,0,.2,0,1002.9,1007.3,71.3,0,0
763,2022-05-29 02:00,17.8,0,.3,0,1002.9,1007.3,78.4,0,0
763,2022-05-29 03:00,18.1,0,.4,0,1002.8,1007.2,80.6,0,0
763,2022-05-29 04:00,15.1,0,.3,0,1002.9,1007.4,90.7,0,0
763,2022-05-29 05:00,14.4,0,.4,0,1002.5,1007,99.8,0,0
763,2022-05-29 06:00,13.5,0,.1,0,1002.5,1007,99.8,0,0
763,2022-05-29 07:00,18.2,0,.2,0,1002.5,1006.9,86,0,0
763,2022-05-29 08:00,20.3,351.3,.7,0,1002.9,1007.3,74.2,0,0
763,2022-05-29 09:00,21.3,31.6,.9,0,1002.6,1007,66.1,0,0
763,2022-05-29 10:00,22.8,70.7,1.4,0,1002,1006.3,59.1,0,0
763,2022-05-29 11:00,24.6,285.1,1.4,0,1001.3,1005.6,53.3,0,0
763,2022-05-29 12:00,25.5,277.7,1,0,1000.5,1004.8,47.3,0,0
763,2022-05-29 13:00,26.2,331.7,1.7,0,999.8,1004.1,42.9,0,0
763,2022-05-29 14:00,28.1,311.5,2.2,0,999.2,1003.5,39.8,0,0
763,2022-05-29 15:00,27.7,.4,2.1,0,998.5,1002.8,40.6,0,0
763,2022-05-29 16:00,28.1,347.4,1.8,0,997.9,1002.1,37.9,0,0
763,2022-05-29 17:00,27.7,41.3,1.1,0,997.8,1002.1,37.7,0,0
763,2022-05-29 18:00,26.5,263,2.1,0,997.9,1002.2,50.4,0,0
763,2022-05-29 19:00,23.9,246.8,1.4,0,998.4,1002.7,55.9,0,0
763,2022-05-29 20:00,22.8,242,1.1,0,999.1,1003.4,60.7,0,0
763,2022-05-29 21:00,21.7,0,.2,0,999.5,1003.9,65.8,0,0
763,2022-05-29 22:00,20.7,0,0,0,999.8,1004.2,72.8,0,0
763,2022-05-29 23:00,20.2,0,.2,0,999.2,1003.6,73.8,0,0
763,2022-05-30 00:00,19.8,0,.4,0,999,1003.4,77.9,0,0
763,2022-05-30 01:00,19.6,95.6,.5,0,998.5,1002.9,79.5,0,0
763,2022-05-30 02:00,19.2,0,.2,0,998.2,1002.6,83.2,0,0
763,2022-05-30 03:00,19.5,0,0,0,998,1002.4,83.3,0,0
763,2022-05-30 04:00,18.4,0,.1,0,997.8,1002.2,95.2,0,0
763,2022-05-30 05:00,17.9,0,0,0,997.7,1002.1,96.7,0,0
763,2022-05-30 06:00,17.4,0,.4,0,997.9,1002.3,99.8,0,0
763,2022-05-30 07:00,17.8,0,.1,0,997.9,1002.3,99.8,0,0
763,2022-05-30 08:00,18.7,75.1,.8,.5,997.6,1002,90.4,0,0
763,2022-05-30 09:00,19.4,321.1,.6,0,997.7,1002.1,87.4,0,0
763,2022-05-30 10:00,20.7,359.8,.7,0,997.5,1001.9,80.7,0,0
763,2022-05-30 11:00,21.2,281.8,1.4,0,997.7,1002.1,77.1,0,0
763,2022-05-30 12:00,21.8,316.2,1.2,0,997.5,1001.8,74.7,0,0
763,2022-05-30 13:00,22.5,160.6,.5,0,996.9,1001.2,70.2,0,0
763,2022-05-30 14:00,23.6,260.1,1,0,996.6,1000.9,62.8,0,0
763,2022-05-30 15:00,22.7,278.5,2.4,0,996.4,1000.7,74.4,0,0
763,2022-05-30 16:00,22.1,269,2.2,0,996.7,1001,74,0,0
763,2022-05-30 17:00,21.7,279,2.2,0,996.8,1001.1,74.8,0,0
763,2022-05-30 18:00,21.3,267.2,1.7,.5,997.3,1001.7,77,0,0
763,2022-05-30 19:00,20.6,276.7,2.8,0,997.7,1002.1,77.9,0,0
763,2022-05-30 20:00,20,271.5,1.6,0,998.8,1003.2,80.9,0,0
763,2022-05-30 21:00,19.5,272.7,2.2,0,1000,1004.4,85,0,0
763,2022-05-30 22:00,18.9,263.2,.9,0,1000.4,1004.8,88.4,0,0
763,2022-05-30 23:00,18.4,285.9,1.5,0,1000.9,1005.3,91.2,0,0
763,2022-05-31 00:00,16,0,.2,0,1001.3,1005.8,99,0,0
763,2022-05-31 01:00,14.5,0,.1,0,1001.8,1006.3,99.8,0,0
763,2022-05-31 02:00,13.1,0,.3,0,1002.2,1006.7,99.8,0,0
763,2022-05-31 03:00,12.7,0,0,0,1002.1,1006.6,99.8,0,0
763,2022-05-31 04:00,12.1,0,.1,0,1002.1,1006.6,99.8,0,0
763,2022-05-31 05:00,11.5,0,.3,0,1002.4,1007,99.9,0,0
763,2022-05-31 06:00,11.2,0,.2,0,1002.9,1007.5,99.9,0,0
763,2022-05-31 07:00,14.7,287.3,.5,0,1003.6,1008.1,86.3,0,0
763,2022-05-31 08:00,18.5,0,.4,0,1004.6,1009,70.4,0,0
763,2022-05-31 09:00,20.2,297.2,.6,0,1005,1009.4,60.6,0,0
763,2022-05-31 10:00,22.5,106.2,1.1,0,1004.8,1009.2,49.6,0,0
763,2022-05-31 11:00,23.5,275.6,1.2,0,1005.3,1009.6,39.9,0,0
763,2022-05-31 12:00,25.6,243.1,1.1,0,1005.1,1009.4,30.9,0,0
763,2022-05-31 13:00,25.8,272.9,1.2,0,1004.4,1008.7,32.3,0,0
763,2022-05-31 14:00,26.9,255.3,1.7,0,1003.8,1008.1,30,0,0
763,2022-05-31 15:00,27.4,245.7,1.6,0,1003.7,1008,30.2,0,0
763,2022-05-31 16:00,25.3,270.6,2.7,0,1003.5,1007.8,36.2,0,0
763,2022-05-31 17:00,24.2,278.9,2.7,0,1003.5,1007.8,32.3,0,0
763,2022-05-31 18:00,23.5,275.5,2.4,0,1003.8,1008.1,30.6,0,0
763,2022-05-31 19:00,21.2,243.4,.8,0,1004.2,1008.6,41.3,0,0
763,2022-05-31 20:00,18,0,.1,0,1004.3,1008.7,57.4,0,0
763,2022-05-31 21:00,16.7,0,.1,0,1004.4,1008.9,63,0,0
763,2022-05-31 22:00,15.9,0,0,0,1004.8,1009.3,63.7,0,0
763,2022-05-31 23:00,15.3,0,.1,0,1004.8,1009.3,69.6,0,0
763,2022-06-01 00:00,14.2,0,0,0,1005,1009.5,74.3,0,0
763,2022-06-01 01:00,14.2,0,0,0,1004.6,1009.1,74.9,0,0
763,2022-06-01 02:00,13.8,0,.2,0,1004.2,1008.7,79.3,0,0
763,2022-06-01 03:00,14.1,0,.1,0,1003.6,1008.1,77,0,0
763,2022-06-01 04:00,14.5,0,.1,0,1003.7,1008.2,74.6,0,0
763,2022-06-01 05:00,13.7,0,.2,0,1003.5,1008,78.2,0,0
763,2022-06-01 06:00,14.3,0,.2,0,1003.8,1008.3,80.7,0,0
763,2022-06-01 07:00,15.6,0,.4,0,1004.7,1009.2,82.4,0,0
763,2022-06-01 08:00,19.2,0,.4,0,1003.8,1008.2,54.8,0,0
763,2022-06-01 09:00,22.5,90.1,.5,0,1003.5,1007.9,47.2,0,0
763,2022-06-01 10:00,25.2,75.6,.7,0,1002.9,1007.2,31.6,0,0
763,2022-06-01 11:00,26.6,5.6,1.6,0,1002.3,1006.6,30.2,0,0
763,2022-06-01 12:00,27.6,54.9,1.3,0,1001.6,1005.9,28.1,0,0
763,2022-06-01 13:00,28.8,318.2,1.7,0,1000.7,1004.9,23.9,0,0
763,2022-06-01 14:00,29.4,279.8,3,0,999.8,1004,23.2,0,0
763,2022-06-01 15:00,29.8,263.3,1.9,0,999.3,1003.5,23.9,0,0
763,2022-06-01 16:00,28.4,287.2,3.2,0,999,1003.2,28.3,0,0
763,2022-06-01 17:00,26.8,274.7,3.2,0,999,1003.3,31.7,0,0
763,2022-06-01 18:00,25.1,259.7,2.4,0,999.6,1003.9,31.9,0,0
763,2022-06-01 19:00,23.2,249.9,1.2,0,1000.1,1004.4,35.3,0,0
763,2022-06-01 20:00,21.2,221.7,.9,0,1000.7,1005.1,42.1,0,0
763,2022-06-01 21:00,19.3,0,.3,0,1001.3,1005.7,51.3,0,0
763,2022-06-01 22:00,17.6,234.9,.5,0,1001.6,1006,64.3,0,0
763,2022-06-01 23:00,16.8,0,.3,0,1001.8,1006.2,73.1,0,0
763,2022-06-02 00:00,14.8,0,.2,0,1002,1006.5,82.5,0,0
763,2022-06-02 01:00,14.1,0,0,0,1002.4,1006.9,88.2,0,0
763,2022-06-02 02:00,13.2,0,.1,0,1002.5,1007,93.2,0,0
763,2022-06-02 03:00,13.6,0,.3,0,1002.5,1007,92.9,0,0
763,2022-06-02 04:00,12.9,0,.1,0,1002.9,1007.4,95.5,0,0
763,2022-06-02 05:00,14.1,0,.4,0,1003.3,1007.8,92.7,0,0
763,2022-06-02 06:00,13.6,0,0,0,1003.6,1008.1,92.8,0,0
763,2022-06-02 07:00,17.4,0,.4,0,1003.5,1007.9,78.2,0,0
763,2022-06-02 08:00,19.6,212.9,.7,0,1003.7,1008.1,68.4,0,0
763,2022-06-02 09:00,20.8,233.8,1.1,0,1003.7,1008.1,64.4,0,0
763,2022-06-02 10:00,22.5,263.3,1,0,1003.8,1008.2,55.1,0,0
763,2022-06-02 11:00,23.9,241.8,1.6,0,1003.5,1007.8,54.3,0,0
763,2022-06-02 12:00,24.8,263.3,2.1,0,1003.5,1007.8,51.1,0,0
763,2022-06-02 13:00,25.3,283,2.7,0,1003.2,1007.5,57.4,0,0
763,2022-06-02 14:00,25.8,272,2.5,0,1002.7,1007,53.7,0,0
763,2022-06-02 15:00,26.8,257.5,1.9,0,1002.6,1006.9,50.3,0,0
763,2022-06-02 16:00,26.2,284.3,2.6,0,1002.5,1006.8,56.3,0,0
763,2022-06-02 17:00,25.4,285.8,2.4,0,1002.5,1006.8,57,0,0
763,2022-06-02 18:00,24.4,275.7,2.5,0,1002.3,1006.6,62.2,0,0
763,2022-06-02 19:00,22.9,274,1.9,0,1002.8,1007.1,71.6,0,0
763,2022-06-02 20:00,21.2,260,.8,0,1003.5,1007.9,81,0,0
763,2022-06-02 21:00,20.1,247.3,.7,0,1004.1,1008.5,86.2,0,0
763,2022-06-02 22:00,19.9,0,.3,0,1004.6,1009,87.6,0,0
763,2022-06-02 23:00,20.2,0,.2,0,1004.7,1009.1,85.9,0,0
763,2022-06-03 00:00,20.4,0,.2,0,1005,1009.4,83.3,0,0
763,2022-06-03 01:00,20.4,0,.4,0,1005,1009.4,83.2,0,0
763,2022-06-03 02:00,18.3,0,0,0,1004.8,1009.2,95.5,0,0
763,2022-06-03 03:00,17.7,0,0,0,1004.6,1009,96.2,0,0
763,2022-06-03 04:00,18.4,41.2,.5,0,1004.7,1009.1,93.8,0,0
763,2022-06-03 05:00,18.3,0,.1,0,1004.9,1009.3,94.8,0,0
763,2022-06-03 06:00,17.9,0,.1,0,1005,1009.4,97.1,0,0
763,2022-06-03 07:00,19.6,28.9,.8,0,1005.6,1010,84.4,0,0
763,2022-06-03 08:00,20.4,42.2,1.1,0,1006,1010.4,74.9,0,0
763,2022-06-03 09:00,22.1,41.1,1.3,0,1005.8,1010.2,68,0,0
763,2022-06-03 10:00,23.8,10.4,1.1,0,1005.7,1010,64.3,0,0
763,2022-06-03 11:00,24.6,43.9,1.1,0,1005.4,1009.7,60.9,0,0
763,2022-06-03 12:00,26.6,298.6,1.4,0,1005.2,1009.5,55.4,0,0
763,2022-06-03 13:00,27.2,274.6,2.3,0,1004.8,1009.1,53.1,0,0
763,2022-06-03 14:00,28.9,289.3,2,0,1003.9,1008.2,46.2,0,0
763,2022-06-03 15:00,30.2,287.3,2,0,1003.5,1007.8,40,0,0
763,2022-06-03 16:00,30.7,295.8,1.9,0,1003.4,1007.6,38.4,0,0
763,2022-06-03 17:00,30.1,274.5,1.4,0,1003.2,1007.5,40.3,0,0
763,2022-06-03 18:00,27.5,268.4,2.9,0,1003.6,1007.9,50.9,0,0
763,2022-06-03 19:00,25.5,268.2,1.2,0,1004.1,1008.4,58.6,0,0
763,2022-06-03 20:00,22.8,244.5,.9,0,1004.9,1009.3,72.3,0,0
763,2022-06-03 21:00,21.2,236.5,.7,0,1005.9,1010.3,84.6,0,0
763,2022-06-03 22:00,20.2,266.7,.5,0,1006.4,1010.8,90.9,0,0
763,2022-06-03 23:00,19.9,0,.4,0,1006.5,1010.9,94.5,0,0
763,2022-06-04 00:00,18.7,0,0,0,1006.6,1011,98.8,0,0
763,2022-06-04 01:00,19.2,0,.1,0,1007,1011.4,99.1,0,0
763,2022-06-04 02:00,19.6,0,.1,0,1007.2,1011.6,97.5,0,0
763,2022-06-04 03:00,19.8,0,.2,0,1007.5,1011.9,97.6,0,0
763,2022-06-04 04:00,19.9,0,0,0,1007.3,1011.7,97.5,0,0
763,2022-06-04 05:00,19.2,0,0,0,1007.3,1011.7,99.8,0,0
763,2022-06-04 06:00,19.6,0,.4,0,1007.1,1011.5,98.3,0,0
763,2022-06-04 07:00,20.4,0,.1,0,1006.7,1011.1,90.7,0,0
763,2022-06-04 08:00,21.9,337.6,.7,0,1007.2,1011.6,79.8,0,0
763,2022-06-04 09:00,23,59.9,1,0,1007.1,1011.5,72.1,0,0
763,2022-06-04 10:00,25.1,49.3,.9,0,1006.6,1010.9,60.4,0,0
763,2022-06-04 11:00,25.2,290.4,1.4,0,1006.2,1010.5,58.2,0,0
763,2022-06-04 12:00,27.1,64.4,1.1,0,1005.6,1009.9,53.4,0,0
763,2022-06-04 13:00,27.7,354.5,.9,0,1005,1009.3,50.8,0,0
763,2022-06-04 14:00,29.7,24.7,1.9,0,1004.2,1008.4,46.4,0,0
763,2022-06-04 15:00,29.5,119.1,.9,0,1003.7,1007.9,41.3,0,0
763,2022-06-04 16:00,30,76.6,1.5,0,1003,1007.3,37.9,0,0
763,2022-06-04 17:00,30.1,209.7,.6,0,1002,1006.2,30,0,0
763,2022-06-04 18:00,30.1,186.7,.7,0,1002,1006.2,29.4,0,0
763,2022-06-04 19:00,28.9,0,.2,0,1002.3,1006.6,33.2,0,0
763,2022-06-04 20:00,27.3,247.3,.5,0,1002.3,1006.6,39.6,0,0
763,2022-06-04 21:00,24.4,0,.3,0,1002.7,1007,53.2,0,0
763,2022-06-04 22:00,25.9,0,.3,0,1002.6,1006.9,43.6,0,0
763,2022-06-04 23:00,22.8,0,.1,0,1002.8,1007.1,57,0,0
763,2022-06-05 00:00,24.6,0,.3,0,1002.3,1006.6,42.2,0,0
763,2022-06-05 01:00,23,112.8,.8,0,1001.6,1005.9,49.1,0,0
763,2022-06-05 02:00,21.6,0,.1,0,1001.1,1005.5,59.1,0,0
763,2022-06-05 03:00,22.5,116.8,.5,0,1001,1005.3,45.8,0,0
763,2022-06-05 04:00,20.4,0,.4,0,1000.7,1005.1,59.9,0,0
763,2022-06-05 05:00,20.1,70.2,1.3,0,1000.3,1004.7,59.6,0,0
763,2022-06-05 06:00,18,0,.2,0,1000.4,1004.8,83.9,0,0
763,2022-06-05 07:00,18.3,118.9,.6,0,999.9,1004.3,82.6,0,0
763,2022-06-05 08:00,18.8,0,.2,0,999.7,1004.1,84.2,0,0
763,2022-06-05 09:00,19.3,111.6,.8,0,998.6,1003,82,0,0
763,2022-06-05 10:00,20.5,337.3,.8,0,998.4,1002.8,69.7,0,0
763,2022-06-05 11:00,20.8,27.5,1.2,0,998.3,1002.7,67.2,0,0
763,2022-06-05 12:00,20.7,236.6,.7,0,998.2,1002.6,68.1,0,0
763,2022-06-05 13:00,19.9,229.7,.6,0,997.8,1002.2,84.6,0,0
763,2022-06-05 14:00,18.7,291.2,.5,.5,997.7,1002.1,97.1,0,0
763,2022-06-05 15:00,18.1,51,1.6,1.5,996.7,1001.1,94.4,0,0
763,2022-06-05 16:00,18,30.1,1.7,1.5,996.2,1000.6,97.8,0,0
763,2022-06-05 17:00,17.7,14.5,.9,1,995.8,1000.2,99.8,0,0
763,2022-06-05 18:00,17.7,359.7,.5,1.5,994.9,999.3,99.8,0,0
763,2022-06-05 19:00,17.5,50.5,1.6,.5,993.9,998.3,99.8,0,0
763,2022-06-05 20:00,17.4,350.1,1.7,.5,994.3,998.7,98.8,0,0
763,2022-06-05 21:00,17.1,291.2,.8,0,995.1,999.5,99.8,0,0
763,2022-06-05 22:00,16.7,0,.4,0,995.3,999.7,99.8,0,0
763,2022-06-05 23:00,16,0,.4,0,995.2,999.6,99.8,0,0
763,2022-06-06 00:00,15.6,291.7,.5,0,995,999.4,99.8,0,0
763,2022-06-06 01:00,15.9,0,0,0,994.8,999.2,99.8,0,0
763,2022-06-06 02:00,16.1,0,.3,0,994.8,999.2,99.8,0,0
763,2022-06-06 03:00,16.3,0,.3,0,994.3,998.7,99.8,0,0
763,2022-06-06 04:00,16.4,0,.2,1,994.4,998.8,99.8,0,0
763,2022-06-06 05:00,16.5,0,.3,5.5,994.5,998.9,99.8,0,0
763,2022-06-06 06:00,16.5,327.3,.6,0,994.2,998.6,99.8,0,0
763,2022-06-06 07:00,17,0,.4,0,994.7,999.1,99.8,0,0
763,2022-06-06 08:00,17.3,0,.3,0,995.2,999.6,99.8,0,0
763,2022-06-06 09:00,17.5,3.3,.6,0,995.3,999.7,99.8,0,0
763,2022-06-06 10:00,18,9.3,1.1,0,995.1,999.5,99.8,0,0
763,2022-06-06 11:00,18.3,307.5,1.2,0,995.7,1000.1,97.1,0,0
763,2022-06-06 12:00,19.7,12.2,1.7,0,995.5,999.8,86,0,0
763,2022-06-06 13:00,21.1,70.9,1.8,0,995.3,999.7,78.2,0,0
763,2022-06-06 14:00,21.8,359,1.1,0,995.6,999.9,73.7,0,0
763,2022-06-06 15:00,22.9,27.8,.8,0,995.6,999.9,68.5,0,0
763,2022-06-06 16:00,24.1,324,.6,0,995.5,999.8,63.1,0,0
763,2022-06-06 17:00,24.4,359.1,1.5,0,995.8,1000.1,59.1,0,0
763,2022-06-06 18:00,24,24.1,1.7,0,995.6,999.9,60.6,0,0
763,2022-06-06 19:00,21.9,25.5,1.7,0,996.4,1000.7,68,0,0
763,2022-06-06 20:00,20.5,0,.4,0,997.3,1001.7,73.4,0,0
763,2022-06-06 21:00,20.1,9,.6,0,998.3,1002.7,73.3,0,0
763,2022-06-06 22:00,19.5,61.5,.8,0,999.2,1003.6,76.8,0,0
763,2022-06-06 23:00,17.8,39.2,.5,0,999.6,1004,89.7,0,0
763,2022-06-07 00:00,17.5,0,.2,0,999.7,1004.1,89.6,0,0
763,2022-06-07 01:00,15.9,0,.1,0,999.9,1004.4,98.8,0,0
763,2022-06-07 02:00,15.8,0,0,0,1000.1,1004.6,99.8,0,0
763,2022-06-07 03:00,16.3,0,.2,0,999.8,1004.3,95.5,0,0
763,2022-06-07 04:00,16.3,0,.1,0,1000.1,1004.6,95.5,0,0
763,2022-06-07 05:00,16.6,0,.2,0,1000.5,1004.9,89.3,0,0
763,2022-06-07 06:00,16.7,26.9,1,0,1000.8,1005.2,84,0,0
763,2022-06-07 07:00,15.5,0,0,8,1001.4,1005.9,99.8,0,0
763,2022-06-07 08:00,16,0,.1,.5,1001.9,1006.4,99.8,0,0
763,2022-06-07 09:00,16.3,0,.3,2,1002.2,1006.7,99.8,0,0
763,2022-06-07 10:00,16.3,338.2,.7,.5,1002.4,1006.9,99.8,0,0
763,2022-06-07 11:00,16.8,315.7,.6,0,1002.5,1007,99.8,0,0
763,2022-06-07 12:00,18.5,354.8,1,0,1002.5,1006.9,93.5,0,0
763,2022-06-07 13:00,18.3,354.6,1.3,0,1002.6,1007,92.6,0,0
763,2022-06-07 14:00,18.7,45.7,.9,0,1002.7,1007.1,91.1,0,0
763,2022-06-07 15:00,18.2,0,.3,.5,1002.7,1007.1,93.3,0,0
763,2022-06-07 16:00,18.2,98.5,.6,.5,1002.8,1007.2,95.9,0,0
763,2022-06-07 17:00,19,23.5,.6,0,1002.7,1007.1,87.7,0,0
763,2022-06-07 18:00,19,0,.2,0,1002.8,1007.2,90,0,0
763,2022-06-07 19:00,18.6,0,.1,0,1003.1,1007.5,94.5,0,0
763,2022-06-07 20:00,17.6,0,.1,0,1003.5,1007.9,97.1,0,0
763,2022-06-07 21:00,17.4,0,.1,0,1004.1,1008.5,98.3,0,0
763,2022-06-07 22:00,17,0,0,0,1004.9,1009.4,98.8,0,0
763,2022-06-07 23:00,17.1,0,.1,0,1005.4,1009.9,99.8,0,0
763,2022-06-08 00:00,17,0,.2,0,1005.3,1009.8,99.8,0,0
763,2022-06-08 01:00,16.8,0,.3,0,1005.4,1009.9,99.8,0,0
763,2022-06-08 02:00,16.8,0,.1,0,1005.4,1009.9,99.8,0,0
763,2022-06-08 03:00,16.7,0,.2,0,1005.6,1010.1,99.8,0,0
763,2022-06-08 04:00,16.6,0,.4,0,1005.5,1010,99.8,0,0
763,2022-06-08 05:00,16.6,0,.4,0,1005.8,1010.3,99.8,0,0
763,2022-06-08 06:00,16.4,0,.4,0,1006.8,1011.3,99.8,0,0
763,2022-06-08 07:00,17.7,88.4,.8,0,1007,1011.4,96.4,0,0
763,2022-06-08 08:00,19.1,0,.4,0,1007.3,1011.7,84.2,0,0
763,2022-06-08 09:00,20.2,87.8,.8,0,1007.6,1012,71,0,0
763,2022-06-08 10:00,19.8,342,1.4,0,1007.6,1012,82.7,0,0
763,2022-06-08 11:00,21.4,21.5,1.5,0,1007,1011.4,70.4,0,0
763,2022-06-08 12:00,21.6,20.8,1.7,0,1006.8,1011.2,64.3,0,0
763,2022-06-08 13:00,22.4,33.4,1,0,1006.5,1010.9,61.8,0,0
763,2022-06-08 14:00,23.7,34.4,1.1,0,1005.9,1010.2,56.2,0,0
763,2022-06-08 15:00,23.9,72.4,1,0,1005.5,1009.8,54.4,0,0
763,2022-06-08 16:00,24.7,138.4,.7,0,1005.2,1009.5,51.3,0,0
763,2022-06-08 17:00,23.1,266.3,1.8,0,1005.3,1009.6,66.5,0,0
763,2022-06-08 18:00,22.8,277.4,2.5,0,1005.7,1010.1,65.5,0,0
763,2022-06-08 19:00,21.6,263.4,2.2,0,1006.2,1010.6,68.5,0,0
763,2022-06-08 20:00,20.6,273.6,.9,0,1006.6,1011,76,0,0
763,2022-06-08 21:00,18.3,0,0,0,1007.4,1011.8,89,0,0
763,2022-06-08 22:00,18.6,0,0,0,1008.3,1012.7,86.9,0,0
763,2022-06-08 23:00,19.2,0,.1,0,1008.8,1013.2,86,0,0
763,2022-06-09 00:00,18.6,0,.2,0,1008.2,1012.6,93.3,0,0
763,2022-06-09 01:00,18.7,0,.2,0,1007.8,1012.2,92.1,0,0
763,2022-06-09 02:00,18.4,0,.2,0,1007.8,1012.2,94.3,0,0
763,2022-06-09 03:00,18.8,0,.1,0,1008.1,1012.5,90.5,0,0
763,2022-06-09 04:00,18.3,95.2,.5,0,1008,1012.4,93.5,0,0
763,2022-06-09 05:00,17.6,0,.4,0,1008.1,1012.6,98.7,0,0
763,2022-06-09 06:00,17.4,93.3,.5,0,1008.4,1012.9,99.8,0,0
763,2022-06-09 07:00,18.5,0,0,0,1008.8,1013.2,93.9,0,0
763,2022-06-09 08:00,20.5,12,.7,0,1009.3,1013.7,82.3,0,0
763,2022-06-09 09:00,21.8,348.1,.6,0,1009.6,1014,72.5,0,0
763,2022-06-09 10:00,23.4,339.5,1.5,0,1009.3,1013.7,66,0,0
763,2022-06-09 11:00,24,19.2,1.2,0,1009,1013.3,61.9,0,0
763,2022-06-09 12:00,25.4,7.1,1.3,0,1008.6,1012.9,57.6,0,0
763,2022-06-09 13:00,26.2,271,1.6,0,1008.1,1012.4,54.7,0,0
763,2022-06-09 14:00,27,250.3,1,0,1007.4,1011.7,53.3,0,0
763,2022-06-09 15:00,26.4,259.1,1.4,0,1007,1011.3,52.1,0,0
763,2022-06-09 16:00,25.8,267.9,2.7,0,1006.6,1010.9,57.8,0,0
763,2022-06-09 17:00,25.8,261.3,2,0,1006.9,1011.2,58.2,0,0
763,2022-06-09 18:00,24.2,265.6,2.4,0,1007.4,1011.7,64.1,0,0
763,2022-06-09 19:00,22.7,262.1,1.3,0,1007.7,1012.1,68.6,0,0
763,2022-06-09 20:00,21.4,0,.4,0,1008.5,1012.9,73.8,0,0
763,2022-06-09 21:00,20.3,0,.1,0,1009.1,1013.5,81.8,0,0
763,2022-06-09 22:00,19.5,0,.3,0,1009.4,1013.8,85.5,0,0
763,2022-06-09 23:00,20.1,0,.3,0,1009.1,1013.5,82.9,0,0
763,2022-06-10 00:00,18.3,0,.2,0,1009,1013.4,94,0,0
763,2022-06-10 01:00,17.6,0,.2,0,1008.8,1013.3,99.8,0,0
763,2022-06-10 02:00,16.9,0,.1,0,1008.8,1013.3,98.7,0,0
763,2022-06-10 03:00,17.4,110.9,.6,0,1008.7,1013.2,98.4,0,0
763,2022-06-10 04:00,17.2,0,.1,0,1009.1,1013.6,99.8,0,0
763,2022-06-10 05:00,16.8,0,0,0,1009.2,1013.7,99.8,0,0
763,2022-06-10 06:00,16.7,0,0,0,1009.3,1013.8,99.8,0,0
763,2022-06-10 07:00,19,0,.3,0,1009.2,1013.6,90.5,0,0
763,2022-06-10 08:00,20.7,0,.3,0,1008.9,1013.3,82.9,0,0
763,2022-06-10 09:00,22.8,232.4,.6,0,1009,1013.4,72.5,0,0
763,2022-06-10 10:00,23.5,259.1,1,0,1008.7,1013.1,69.6,0,0
763,2022-06-10 11:00,26,109.5,1.4,0,1008.2,1012.5,61.9,0,0
763,2022-06-10 12:00,27.1,260.7,1.1,0,1008.6,1012.9,52,0,0
763,2022-06-10 13:00,27.9,61.5,1.2,0,1008.2,1012.5,47.3,0,0
763,2022-06-10 14:00,27.3,316.1,1.4,0,1008.3,1012.6,53.2,0,0
763,2022-06-10 15:00,27.6,330.6,1,0,1008.4,1012.7,51.5,0,0
763,2022-06-10 16:00,27.2,279.8,1.1,0,1008.1,1012.4,53.7,0,0
763,2022-06-10 17:00,26.3,262.1,2.2,0,1007.8,1012.1,62,0,0
763,2022-06-10 18:00,25.2,274.9,2,0,1007.6,1011.9,63.8,0,0
763,2022-06-10 19:00,24.6,228.1,.8,0,1008.1,1012.4,66.4,0,0
763,2022-06-10 20:00,23.2,0,.3,0,1008.7,1013.1,68.9,0,0
763,2022-06-10 21:00,22.8,0,.2,0,1009.2,1013.6,73.5,0,0
763,2022-06-10 22:00,21.8,0,.4,0,1009.6,1014,76.2,0,0
763,2022-06-10 23:00,21,0,.2,0,1009.4,1013.8,79.4,0,0
763,2022-06-11 00:00,20.2,0,.3,0,1009.3,1013.7,83.9,0,0
763,2022-06-11 01:00,20.2,12.1,.8,0,1008.7,1013.1,85.3,0,0
763,2022-06-11 02:00,19.1,0,.2,0,1008.4,1012.8,91.5,0,0
763,2022-06-11 03:00,17.8,0,0,0,1008.1,1012.6,98.8,0,0
763,2022-06-11 04:00,18.6,309.6,.9,0,1007.8,1012.2,92,0,0
763,2022-06-11 05:00,18.3,0,.1,0,1008.1,1012.5,93.9,0,0
763,2022-06-11 06:00,18.4,0,.2,0,1008.2,1012.6,93,0,0
763,2022-06-11 07:00,19.7,0,.1,0,1008.1,1012.5,85.1,0,0
763,2022-06-11 08:00,21.5,28.2,.6,0,1008.2,1012.6,74.5,0,0
763,2022-06-11 09:00,23.4,359.7,1.3,0,1008.2,1012.6,67.9,0,0
763,2022-06-11 10:00,25.2,14,2,0,1007.6,1011.9,58.7,0,0
763,2022-06-11 11:00,26.8,25.1,2,0,1007.4,1011.7,56,0,0
763,2022-06-11 12:00,28.3,26.7,1.9,0,1007,1011.3,49.1,0,0
763,2022-06-11 13:00,28.7,19.6,2.1,0,1006.2,1010.5,46.4,0,0
763,2022-06-11 14:00,29.4,353.4,2.4,0,1005.5,1009.8,40.7,0,0
763,2022-06-11 15:00,30.3,346.6,2.4,0,1004.9,1009.2,38.4,0,0
763,2022-06-11 16:00,30.4,341.4,1.7,0,1004.4,1008.7,37.2,0,0
763,2022-06-11 17:00,26.7,116.1,1.3,0,1004.8,1009.1,55.4,0,0
763,2022-06-11 18:00,27.1,92.2,1.3,0,1004.6,1008.9,55.7,0,0
763,2022-06-11 19:00,25.6,185,.5,0,1005.2,1009.5,56,0,0
763,2022-06-11 20:00,24.1,0,.4,0,1005.8,1010.1,63.2,0,0
763,2022-06-11 21:00,22.1,0,.4,0,1006.1,1010.5,72.8,0,0
763,2022-06-11 22:00,21.2,0,.3,0,1006.9,1011.3,78.9,0,0
763,2022-06-11 23:00,20.2,0,.4,0,1007.4,1011.8,85.1,0,0
763,2022-06-12 00:00,19.3,0,.1,0,1007.6,1012,91.3,0,0
763,2022-06-12 01:00,18.8,0,.1,0,1007.6,1012,95.8,0,0
763,2022-06-12 02:00,18.2,0,0,0,1007.5,1011.9,98.7,0,0
763,2022-06-12 03:00,18.2,0,.1,0,1007.6,1012,97.4,0,0
763,2022-06-12 04:00,17.5,0,.4,0,1007.7,1012.2,99.4,0,0
763,2022-06-12 05:00,17.5,0,0,0,1008.5,1013,99.8,0,0
763,2022-06-12 06:00,17.9,0,.1,0,1008.5,1012.9,99.8,0,0
763,2022-06-12 07:00,20.1,6.6,.8,0,1008.6,1013,90.4,0,0
763,2022-06-12 08:00,22.4,352.8,.9,0,1008.8,1013.2,76,0,0
763,2022-06-12 09:00,24.3,35.7,1.2,0,1008.7,1013,67.9,0,0
763,2022-06-12 10:00,25.5,301.1,1.1,0,1008.6,1012.9,63.6,0,0
763,2022-06-12 11:00,26,0,.4,0,1008.5,1012.8,58.5,0,0
763,2022-06-12 12:00,26.3,281.8,1.3,0,1007.9,1012.2,57.8,0,0
763,2022-06-12 13:00,26.7,293.7,.7,0,1007.2,1011.5,57.7,0,0
763,2022-06-12 14:00,27.2,146,1.1,0,1006.4,1010.7,56.2,0,0
763,2022-06-12 15:00,26.9,277.6,2.2,0,1006.5,1010.8,56.9,0,0
763,2022-06-12 16:00,25.1,267.3,2.9,0,1006.6,1010.9,65.3,0,0
763,2022-06-12 17:00,24.7,257.6,1.3,0,1006.1,1010.4,66.4,0,0
763,2022-06-12 18:00,23.4,227,.5,0,1006.7,1011,71.2,0,0
763,2022-06-12 19:00,22.9,257.5,1,0,1007,1011.4,73.6,0,0
763,2022-06-12 20:00,21.7,222.9,.6,0,1007.6,1012,78,0,0
763,2022-06-12 21:00,21,245,.9,0,1007.7,1012.1,82.8,0,0
763,2022-06-12 22:00,20.8,224.3,.5,0,1008.1,1012.5,85.1,0,0
763,2022-06-12 23:00,20.5,267.1,.9,0,1008,1012.4,86.7,0,0
763,2022-06-13 00:00,19.9,0,.3,0,1007.5,1011.9,91.1,0,0
763,2022-06-13 01:00,19.9,0,.1,0,1006.9,1011.3,91.1,0,0
763,2022-06-13 02:00,19.2,0,.2,0,1006.1,1010.5,95.2,0,0
763,2022-06-13 03:00,19,0,.1,0,1005.8,1010.2,98.5,0,0
763,2022-06-13 04:00,18.6,0,.1,0,1005.3,1009.7,99.8,0,0
763,2022-06-13 05:00,18.6,0,.2,0,1005,1009.4,99.2,0,0
763,2022-06-13 06:00,18.8,0,.2,0,1004.9,1009.3,99.5,0,0
763,2022-06-13 07:00,20.4,357.9,.9,0,1005.1,1009.5,86.6,0,0
763,2022-06-13 08:00,21.7,44,1.2,0,1004.9,1009.3,74,0,0
763,2022-06-13 09:00,22.6,0,.4,0,1005.2,1009.6,68.1,0,0
763,2022-06-13 10:00,24.1,95.5,1.8,0,1005.1,1009.4,60,0,0
763,2022-06-13 11:00,25.2,89.4,1.2,0,1004.6,1008.9,57.8,0,0
763,2022-06-13 12:00,25.9,118.6,1,0,1003.9,1008.2,55,0,0
763,2022-06-13 13:00,26.8,61.8,2.1,0,1003.3,1007.6,48.7,0,0
763,2022-06-13 14:00,26.4,82.2,1.9,0,1002.8,1007.1,49.6,0,0
763,2022-06-13 15:00,27,86.3,2.9,0,1001.7,1006,46.6,0,0
763,2022-06-13 16:00,27.7,84,1.9,0,1001.5,1005.8,45.8,0,0
763,2022-06-13 17:00,27.1,112.2,1.3,0,1001.6,1005.9,47.8,0,0
763,2022-06-13 18:00,25.9,89.7,2.1,0,1001.5,1005.8,50.4,0,0
763,2022-06-13 19:00,25.1,96.5,1.3,0,1001.7,1006,47.5,0,0
763,2022-06-13 20:00,24.3,104.9,1.6,0,1002.3,1006.6,43.1,0,0
763,2022-06-13 21:00,23.2,113.4,1.3,0,1003.2,1007.5,48.6,0,0
763,2022-06-13 22:00,22.1,98.7,1.6,0,1004.1,1008.5,55.4,0,0
763,2022-06-13 23:00,21.3,226.9,.5,0,1003.8,1008.2,58.6,0,0
763,2022-06-14 00:00,20.8,81,1.4,0,1003.9,1008.3,60.6,0,0
763,2022-06-14 01:00,20.1,87,2.3,0,1004,1008.4,62.6,0,0
763,2022-06-14 02:00,19.7,95.7,1.3,0,1003.3,1007.7,62.5,0,0
763,2022-06-14 03:00,19.3,75.4,1.5,0,1003.2,1007.6,64.7,0,0
763,2022-06-14 04:00,18.9,49.2,1.6,0,1002.9,1007.3,65.7,0,0
763,2022-06-14 05:00,19,33.7,1.1,0,1002.9,1007.3,65.6,0,0
763,2022-06-14 06:00,18.9,84.4,2,0,1003.4,1007.8,66.2,0,0
763,2022-06-14 07:00,18.7,81.9,2.5,0,1003.6,1008,69.8,0,0
763,2022-06-14 08:00,18.3,47.4,1.7,0,1004,1008.4,72.1,0,0
763,2022-06-14 09:00,18,47,1.6,0,1004.1,1008.5,78.7,0,0
763,2022-06-14 10:00,19.3,63.8,2,0,1004,1008.4,70.9,0,0
763,2022-06-14 11:00,19.5,71.8,2.6,0,1004.2,1008.6,69.8,0,0
763,2022-06-14 12:00,17.5,74.9,1.9,.5,1004.3,1008.7,87.2,0,0
763,2022-06-14 13:00,18,87.6,1.4,.5,1004,1008.4,85.7,0,0
763,2022-06-14 14:00,18.2,80.9,1.9,.5,1003.6,1008,89.4,0,0
763,2022-06-14 15:00,18.1,67.1,1.8,.5,1003.4,1007.8,86.4,0,0
763,2022-06-14 16:00,18.6,19.6,2.5,0,1002.9,1007.3,84.4,0,0
763,2022-06-14 17:00,18.8,39.9,2,0,1002.6,1007,80.1,0,0
763,2022-06-14 18:00,18.2,20,2.6,0,1002.6,1007,81.1,0,0
763,2022-06-14 19:00,17.3,30.4,1.5,.5,1002.7,1007.1,88.2,0,0
763,2022-06-14 20:00,16.5,23.2,.8,0,1002.7,1007.2,96.6,0,0
763,2022-06-14 21:00,16.5,26.9,1,0,1002.8,1007.3,96.1,0,0
763,2022-06-14 22:00,16.6,352.4,.5,0,1002.8,1007.3,96.2,0,0
763,2022-06-14 23:00,16.7,25.1,1,.5,1002.6,1007.1,93.5,0,0
763,2022-06-15 00:00,16.2,9.7,.7,.5,1002.2,1006.7,97.6,0,0
763,2022-06-15 01:00,16.1,0,.3,0,1001.9,1006.4,99.8,0,0
763,2022-06-15 02:00,16,288.8,.6,1,1001.8,1006.3,99.8,0,0
763,2022-06-15 03:00,15.6,5.1,.5,6,1001.7,1006.2,99.8,0,0
763,2022-06-15 04:00,15.6,0,.4,0,1001.5,1006,99.8,0,0
763,2022-06-15 05:00,15.8,0,.3,.5,1001.4,1005.9,99.8,0,0
763,2022-06-15 06:00,15.8,9,1,.5,1001.7,1006.2,99.8,0,0
763,2022-06-15 07:00,16.1,0,.3,4,1001.7,1006.2,99.8,0,0
763,2022-06-15 08:00,17.7,5.4,.5,0,1001.7,1006.1,99.8,0,0
763,2022-06-15 09:00,17.1,319.7,1.6,3.5,1003,1007.4,99.8,0,0
763,2022-06-15 10:00,16.7,111.5,.6,18,1002.6,1007.1,99.8,0,0
763,2022-06-15 11:00,19.6,103.4,1.3,0,1002.5,1006.9,86.2,0,0
763,2022-06-15 12:00,22.4,0,.4,0,1002.2,1006.5,83.5,0,0
763,2022-06-15 13:00,23.3,219.1,.7,.5,1001.9,1006.2,89.8,0,0
763,2022-06-15 14:00,23,247.7,2,0,1001.4,1005.7,76.9,0,0
763,2022-06-15 15:00,24.3,239.5,2,.5,1001.3,1005.6,72,0,0
763,2022-06-15 16:00,24,245.1,2.1,0,1001.4,1005.7,68.6,0,0
763,2022-06-15 17:00,23.2,232.2,1.8,0,1001.7,1006,72.7,0,0
763,2022-06-15 18:00,22.4,250.8,2.1,0,1001.5,1005.8,70.8,0,0
763,2022-06-15 19:00,21.9,242.8,1.4,0,1001.7,1006.1,74.1,0,0
763,2022-06-15 20:00,21.4,249.8,1.1,0,1002,1006.4,80.4,0,0
763,2022-06-15 21:00,21.2,237.5,1.4,0,1002.4,1006.8,72.4,0,0
763,2022-06-15 22:00,21.1,216.6,1.1,0,1002.7,1007.1,73.6,0,0
763,2022-06-15 23:00,20.9,213.7,1.1,0,1002.8,1007.2,80.4,0,0
763,2022-06-16 00:00,20.6,213.2,1.3,0,1002.9,1007.3,82.7,0,0
763,2022-06-16 01:00,19.6,241.2,1.2,0,1003.1,1007.5,87.2,0,0
763,2022-06-16 02:00,19.4,246.2,1.5,0,1003,1007.4,89,0,0
763,2022-06-16 03:00,18.8,265.8,1.9,0,1003.2,1007.6,87.9,0,0
763,2022-06-16 04:00,18.5,262.8,1.5,0,1003.4,1007.8,86,0,0
763,2022-06-16 05:00,18.3,260.5,.8,0,1003.7,1008.1,85.4,0,0
763,2022-06-16 06:00,17.9,239.2,.5,0,1004.1,1008.5,87.4,0,0
763,2022-06-16 07:00,18.2,0,.4,0,1004.6,1009,84,0,0
763,2022-06-16 08:00,19,0,.4,0,1004.8,1009.2,77.2,0,0
763,2022-06-16 09:00,19.9,270.2,1,0,1004.7,1009.1,72.3,0,0
763,2022-06-16 10:00,20.6,284.1,1.5,0,1005,1009.4,68.5,0,0
763,2022-06-16 11:00,22.8,256.8,1.4,0,1005.3,1009.7,59.8,0,0
763,2022-06-16 12:00,23.7,252.5,1.8,0,1005.1,1009.4,57.3,0,0
763,2022-06-16 13:00,24.1,255.8,1.8,0,1004.6,1008.9,55,0,0
763,2022-06-16 14:00,24.8,218.7,.9,0,1004,1008.3,53.9,0,0
763,2022-06-16 15:00,24.7,254.9,1,0,1003.6,1007.9,56,0,0
763,2022-06-16 16:00,24.9,293,1.7,0,1003.2,1007.5,59.2,0,0
763,2022-06-16 17:00,24.6,274.6,2.2,0,1002.9,1007.2,55.2,0,0
763,2022-06-16 18:00,24.8,268.2,1.1,0,1002.8,1007.1,55.3,0,0
763,2022-06-16 19:00,23.9,251.3,.7,0,1002.8,1007.1,59.6,0,0
763,2022-06-16 20:00,22.2,0,.3,0,1003.2,1007.6,69.6,0,0
763,2022-06-16 21:00,20.2,0,0,0,1003.8,1008.2,77.2,0,0
763,2022-06-16 22:00,18.5,0,.1,0,1004.1,1008.5,90.3,0,0
763,2022-06-16 23:00,17.9,0,.3,0,1004.3,1008.7,92.9,0,0
763,2022-06-17 00:00,18,0,0,0,1004,1008.4,94.3,0,0
763,2022-06-17 01:00,17.7,0,0,0,1004.1,1008.5,96.5,0,0
763,2022-06-17 02:00,17.1,0,0,0,1004,1008.5,99.6,0,0
763,2022-06-17 03:00,16.9,0,.1,0,1003.3,1007.8,99.8,0,0
763,2022-06-17 04:00,16.4,0,.1,0,1003.7,1008.2,99.8,0,0
763,2022-06-17 05:00,17.2,0,.1,0,1003.9,1008.3,99.6,0,0
763,2022-06-17 06:00,17.5,0,.1,0,1004.6,1009,99.6,0,0
763,2022-06-17 07:00,19.2,0,.4,0,1004.4,1008.8,88.5,0,0
763,2022-06-17 08:00,21.7,123.3,.6,0,1004.7,1009.1,77.4,0,0
763,2022-06-17 09:00,21.9,,,0,1005,1009.4,77,0,0
763,2022-06-17 10:00,22.8,128.6,.5,0,1005.1,1009.5,74.3,0,0
763,2022-06-17 11:00,23.5,133.4,.6,0,1004.6,1008.9,70.4,0,0
763,2022-06-17 12:00,24.7,175.5,.6,0,1004,1008.3,69.6,0,0
763,2022-06-17 13:00,26.3,185.4,.8,0,1003.6,1007.9,63.2,0,0
763,2022-06-17 14:00,27.4,259.8,.7,0,1002.7,1007,58.7,0,0
763,2022-06-17 15:00,27.3,261.2,1.4,0,1002.1,1006.4,60.7,0,0
763,2022-06-17 16:00,26.4,260.1,1.4,0,1002,1006.3,66.3,0,0
763,2022-06-17 17:00,26.3,252.6,.9,0,1001.5,1005.8,67.8,0,0
763,2022-06-17 18:00,25.4,270.2,1.4,0,1001.9,1006.2,73.6,0,0
763,2022-06-17 19:00,24.2,269.1,1.3,0,1002.4,1006.7,82,0,0
763,2022-06-17 20:00,22.9,259.5,1.5,0,1003.3,1007.6,84.2,0,0
763,2022-06-17 21:00,22.5,271.9,1.1,0,1003.9,1008.3,85.5,0,0
763,2022-06-17 22:00,21.9,0,0,0,1004.4,1008.8,92.1,0,0
763,2022-06-17 23:00,22,0,.1,0,1004.1,1008.5,93.2,0,0
763,2022-06-18 00:00,21.9,106.8,.6,0,1004,1008.4,93.5,0,0
763,2022-06-18 01:00,21.6,0,.1,0,1003.7,1008.1,96.7,0,0
763,2022-06-18 02:00,21.7,0,0,0,1003.8,1008.2,96.5,0,0
763,2022-06-18 03:00,21.4,0,.2,0,1003,1007.4,97,0,0
763,2022-06-18 04:00,20.1,0,.3,0,1002.7,1007.1,99.8,0,0
763,2022-06-18 05:00,19.7,0,.1,0,1002.6,1007,99.8,0,0
763,2022-06-18 06:00,20,0,.1,0,1003.1,1007.5,99.8,0,0
763,2022-06-18 07:00,21.6,0,0,0,1003.2,1007.6,97.5,0,0
763,2022-06-18 08:00,23.4,83.9,.6,0,1003.5,1007.8,85.4,0,0
763,2022-06-18 09:00,24.7,243.1,1.1,0,1003.3,1007.6,75.7,0,0
763,2022-06-18 10:00,24.6,192.6,.6,0,1002.8,1007.1,70.8,0,0
763,2022-06-18 11:00,26,259.9,1.3,0,1002.9,1007.2,67.6,0,0
763,2022-06-18 12:00,27.4,228.3,1.1,0,1003,1007.3,59.5,0,0
763,2022-06-18 13:00,28.3,263.3,1.8,0,1002.6,1006.9,59.4,0,0
763,2022-06-18 14:00,26.5,275.3,1.9,0,1002.6,1006.9,68.2,0,0
763,2022-06-18 15:00,25.8,286,2.1,0,1002.1,1006.4,71.4,0,0
763,2022-06-18 16:00,26.9,293.3,1.3,0,1002,1006.3,67,0,0
763,2022-06-18 17:00,26.9,249.3,1.1,0,1001.7,1006,67.5,0,0
763,2022-06-18 18:00,25.5,284.5,1.9,0,1001.9,1006.2,71.6,0,0
763,2022-06-18 19:00,24.3,297.5,1.9,0,1002.6,1006.9,77.1,0,0
763,2022-06-18 20:00,23.2,269.4,2.2,0,1003.9,1008.2,81.7,0,0
763,2022-06-18 21:00,22.8,0,.3,0,1004,1008.3,85.5,0,0
763,2022-06-18 22:00,23,242.3,1.2,0,1004.8,1009.1,84,0,0
763,2022-06-18 23:00,22.5,0,.2,0,1004.2,1008.6,85.6,0,0
763,2022-06-19 00:00,21,284.3,.6,0,1004.2,1008.6,95.4,0,0
763,2022-06-19 01:00,21.5,0,.1,0,1004.3,1008.7,95.7,0,0
763,2022-06-19 02:00,21,0,.3,0,1004.3,1008.7,98,0,0
763,2022-06-19 03:00,19.8,0,0,0,1004.2,1008.6,99.8,0,0
763,2022-06-19 04:00,20.6,0,.1,0,1004.2,1008.6,99.8,0,0
763,2022-06-19 05:00,20.4,0,.1,0,1004.1,1008.5,99.8,0,0
763,2022-06-19 06:00,21,0,0,0,1004.2,1008.6,99.8,0,0
763,2022-06-19 07:00,21.7,14,.5,0,1004.2,1008.6,97,0,0
763,2022-06-19 08:00,23.3,0,.4,0,1004.1,1008.4,83.8,0,0
763,2022-06-19 09:00,24.2,109.1,.7,0,1003.9,1008.2,78.3,0,0
763,2022-06-19 10:00,25.3,206.8,.6,0,1003.8,1008.1,73.2,0,0
763,2022-06-19 11:00,26,247.3,.9,0,1003.9,1008.2,69,0,0
763,2022-06-19 12:00,26.4,229.7,.9,0,1003.7,1008,69.6,0,0
763,2022-06-19 13:00,26.6,230.7,.7,0,1003,1007.3,71.6,0,0
763,2022-06-19 14:00,27.9,277.9,.7,0,1002.6,1006.9,67.3,0,0
763,2022-06-19 15:00,26.4,293.4,2.1,0,1002.1,1006.4,74.6,0,0
763,2022-06-19 16:00,27.5,287.9,1.7,0,1001.7,1006,71,0,0
763,2022-06-19 17:00,27.4,274.9,2.2,0,1001.6,1005.9,70.4,0,0
763,2022-06-19 18:00,26.7,272.4,1.5,0,1001.6,1005.9,71.7,0,0
763,2022-06-19 19:00,25.6,284.3,1.9,0,1001.8,1006.1,77.1,0,0
763,2022-06-19 20:00,23.8,0,.4,0,1002,1006.3,85.1,0,0
763,2022-06-19 21:00,22.6,0,0,0,1002.4,1006.7,92.2,0,0
763,2022-06-19 22:00,22,0,.2,0,1002.8,1007.2,94.5,0,0
763,2022-06-19 23:00,21.7,0,.1,0,1002.8,1007.2,97.8,0,0
763,2022-06-20 00:00,22.1,0,0,0,1002.6,1007,95.5,0,0
763,2022-06-20 01:00,22.1,0,0,0,1002.3,1006.7,96.6,0,0
763,2022-06-20 02:00,21.2,0,0,0,1001.7,1006.1,99.8,0,0
763,2022-06-20 03:00,20.4,0,0,0,1001.5,1005.9,99.8,0,0
763,2022-06-20 04:00,20.3,0,0,0,1001.4,1005.8,99.8,0,0
763,2022-06-20 05:00,19.7,0,0,0,1001.2,1005.6,99.8,0,0
763,2022-06-20 06:00,19.9,0,.1,0,1001.3,1005.7,99.8,0,0
763,2022-06-20 07:00,21.8,0,.2,0,1001.3,1005.7,98.5,0,0
763,2022-06-20 08:00,23.8,0,.3,0,1001.3,1005.6,88.1,0,0
763,2022-06-20 09:00,26.1,7.9,1.8,0,1001,1005.3,73.3,0,0
763,2022-06-20 10:00,26.9,7.9,1.6,0,1000.8,1005.1,68.3,0,0
763,2022-06-20 11:00,28.3,37.5,1.2,0,1000.8,1005.1,63.7,0,0
763,2022-06-20 12:00,29,124.3,1.1,0,1000.2,1004.4,59.1,0,0
763,2022-06-20 13:00,30.2,302.8,1.3,0,999.6,1003.8,57,0,0
763,2022-06-20 14:00,30.7,304.4,1.8,0,999.1,1003.3,56.3,0,0
763,2022-06-20 15:00,30.8,352.1,1.4,0,998.5,1002.7,52.9,0,0
763,2022-06-20 16:00,31.2,303.8,1.4,0,998.1,1002.3,52.4,0,0
763,2022-06-20 17:00,29.8,272.7,2.7,0,997.7,1001.9,63.4,0,0
763,2022-06-20 18:00,29.3,282.4,2,0,997.6,1001.8,64.9,0,0
763,2022-06-20 19:00,28.2,261,1.4,0,998.1,1002.3,67.8,0,0
763,2022-06-20 20:00,26.8,249.7,.6,0,998.4,1002.7,70.1,0,0
763,2022-06-20 21:00,24.9,0,.1,0,998.9,1003.2,81,0,0
763,2022-06-20 22:00,23.9,120.8,.6,0,999.2,1003.5,87,0,0
763,2022-06-20 23:00,23.2,0,.3,0,999.4,1003.7,87.5,0,0
763,2022-06-21 00:00,22.9,0,.2,0,999,1003.3,90.3,0,0
763,2022-06-21 01:00,21.7,356.2,.6,0,998.7,1003.1,96.6,0,0
763,2022-06-21 02:00,21.4,0,.1,0,998.5,1002.9,99.5,0,0
763,2022-06-21 03:00,21.6,0,.2,0,998.6,1003,98.7,0,0
763,2022-06-21 04:00,21.1,0,0,0,998.6,1003,99.8,0,0
763,2022-06-21 05:00,21,0,.1,0,998.9,1003.3,99.8,0,0
763,2022-06-21 06:00,20.7,0,0,0,998.9,1003.3,99.8,0,0
763,2022-06-21 07:00,22.5,0,.2,0,999.1,1003.4,96.5,0,0
763,2022-06-21 08:00,24.3,30.8,1.1,0,999.3,1003.6,86.6,0,0
763,2022-06-21 09:00,26,32.4,1.2,0,999.6,1003.9,79.2,0,0
763,2022-06-21 10:00,27.2,1.5,1,0,998.9,1003.2,73.7,0,0
763,2022-06-21 11:00,29.4,344.2,1.2,0,998.9,1003.1,64.2,0,0
763,2022-06-21 12:00,30.7,345,1.6,0,998.5,1002.7,61.6,0,0
763,2022-06-21 13:00,32.2,325.6,1.3,0,997.9,1002.1,56.5,0,0
763,2022-06-21 14:00,32.3,313,1.6,0,997.4,1001.6,54.4,0,0
763,2022-06-21 15:00,32.8,287.7,2.3,0,997.2,1001.4,54.5,0,0
763,2022-06-21 16:00,31.8,279,2.4,0,997.4,1001.6,60.1,0,0
763,2022-06-21 17:00,30.8,264.9,2.3,0,997.5,1001.7,60,0,0
763,2022-06-21 18:00,30,233.1,1.1,0,998,1002.2,61.7,0,0
763,2022-06-21 19:00,27.8,227.3,.6,0,998.6,1002.9,66.6,0,0
763,2022-06-21 20:00,25.2,0,.4,0,999.3,1003.6,75.7,0,0
763,2022-06-21 21:00,23.8,0,.3,0,1000.8,1005.1,81.7,0,0
763,2022-06-21 22:00,22.8,154.9,.5,0,1001.7,1006,87.4,0,0
763,2022-06-21 23:00,22.5,0,.4,0,1002.3,1006.6,89.1,0,0
763,2022-06-22 00:00,22.4,0,.2,0,1002.5,1006.9,90,0,0
763,2022-06-22 01:00,21.8,0,.2,0,1002.4,1006.8,93.1,0,0
763,2022-06-22 02:00,21.7,0,.2,0,1002.4,1006.8,94.5,0,0
763,2022-06-22 03:00,21.8,0,.2,0,1002.5,1006.9,92,0,0
763,2022-06-22 04:00,21.9,0,.2,0,1002.5,1006.9,88.7,0,0
763,2022-06-22 05:00,21.6,0,0,0,1002.7,1007.1,89.3,0,0
763,2022-06-22 06:00,21.8,248.3,.6,0,1003.5,1007.9,87.8,0,0
763,2022-06-22 07:00,22,0,.3,0,1003.9,1008.3,85.2,0,0
763,2022-06-22 08:00,23.3,97.7,.9,0,1003.9,1008.2,78.8,0,0
763,2022-06-22 09:00,24.9,40.2,.9,0,1004,1008.3,73.7,0,0
763,2022-06-22 10:00,27.1,41.1,.6,0,1003.5,1007.8,65.7,0,0
763,2022-06-22 11:00,28.6,286.7,1,0,1003.4,1007.7,60.9,0,0
763,2022-06-22 12:00,30.2,306,1.1,0,1003,1007.3,50.7,0,0
763,2022-06-22 13:00,31.4,243.7,1.7,0,1002.7,1006.9,45.7,0,0
763,2022-06-22 14:00,31.4,251.4,1.7,0,1002.6,1006.8,46.1,0,0
763,2022-06-22 15:00,30,280,3.5,0,1002.7,1007,57,0,0
763,2022-06-22 16:00,30.3,288.3,2.4,0,1002.3,1006.5,53.6,0,0
763,2022-06-22 17:00,29.9,253.1,2,0,1002,1006.2,57.2,0,0
763,2022-06-22 18:00,28.3,287.1,2.1,0,1002.2,1006.5,62.5,0,0
763,2022-06-22 19:00,27.5,260.7,1.2,0,1002.2,1006.5,66.9,0,0
763,2022-06-22 20:00,25.7,284.1,.9,0,1002.6,1006.9,75,0,0
763,2022-06-22 21:00,24,0,.1,0,1002.9,1007.2,85.1,0,0
763,2022-06-22 22:00,23.3,0,.2,0,1003,1007.3,89.2,0,0
763,2022-06-22 23:00,22.4,0,.1,0,1002.5,1006.9,93.7,0,0
763,2022-06-23 00:00,21.9,0,.1,0,1002.4,1006.8,96.5,0,0
763,2022-06-23 01:00,22.2,0,.1,0,1001.7,1006.1,94.8,0,0
763,2022-06-23 02:00,23.2,240.2,.5,0,1001.9,1006.2,93.2,0,0
763,2022-06-23 03:00,21.9,0,.1,0,1001.4,1005.8,99.3,0,0
763,2022-06-23 04:00,21.7,304.1,.8,0,1001,1005.4,99.8,0,0
763,2022-06-23 05:00,22.3,79.9,.7,0,1000.4,1004.7,98.5,0,0
763,2022-06-23 06:00,24,113.7,.9,0,999.9,1004.2,84,0,0
763,2022-06-23 07:00,25.1,156.3,.8,0,999.7,1004,79.5,0,0
763,2022-06-23 08:00,26,152.5,.7,0,999.7,1004,77.6,0,0
763,2022-06-23 09:00,27.6,155.5,.7,0,999,1003.3,71,0,0
763,2022-06-23 10:00,28.5,173.4,.6,0,998.5,1002.7,71,0,0
763,2022-06-23 11:00,26.2,0,.4,1,997.4,1001.7,92.6,0,0
763,2022-06-23 12:00,25.3,164.4,.7,2.5,997.6,1001.9,93.2,0,0
763,2022-06-23 13:00,24.7,186.6,.7,9,997.2,1001.5,99.1,0,0
763,2022-06-23 14:00,26,191.7,.6,2,996.2,1000.5,94.5,0,0
763,2022-06-23 15:00,26.4,203.5,1.1,0,996,1000.3,90.6,0,0
763,2022-06-23 16:00,25.6,220.2,1.8,.5,995.5,999.8,94,0,0
763,2022-06-23 17:00,25.8,213.7,1.3,.5,995,999.3,92,0,0
763,2022-06-23 18:00,25.8,185.6,1,0,994.4,998.7,91.1,0,0
763,2022-06-23 19:00,26.1,185.6,1.5,0,993.9,998.2,86.3,0,0
763,2022-06-23 20:00,24.6,201.6,1.7,4,994.5,998.8,97.2,0,0
763,2022-06-23 21:00,24.1,205.5,1.1,12,994.3,998.6,99.8,0,0
763,2022-06-23 22:00,24.3,198.4,1.1,2,994.3,998.6,99.1,0,0
763,2022-06-23 23:00,24.1,193.9,1.4,5,993.9,998.2,99.8,0,0
763,2022-06-24 00:00,23.9,197.1,1.5,4,993,997.3,99.8,0,0
763,2022-06-24 01:00,23.8,176.7,1.6,5,991.9,996.2,99.6,0,0
763,2022-06-24 02:00,23.6,191,1.5,6.5,991.3,995.6,99.8,0,0
763,2022-06-24 03:00,23.5,211.1,.8,6.5,990.6,994.9,99.8,0,0
763,2022-06-24 04:00,23.6,241.1,2.8,5.5,990.9,995.2,99.8,0,0
763,2022-06-24 05:00,23.1,237.2,2.1,1.5,991.9,996.2,99.8,0,0
763,2022-06-24 06:00,22.9,224.6,1,0,992.8,997.1,99.8,0,0
763,2022-06-24 07:00,22.8,260.3,2.2,0,993.9,998.2,99.8,0,0
763,2022-06-24 08:00,22.2,235.8,.7,0,994.7,999,99.3,0,0
763,2022-06-24 09:00,22.9,226.5,.6,0,994.9,999.2,95.7,0,0
763,2022-06-24 10:00,23.6,239,.9,.5,995.2,999.5,91.1,0,0
763,2022-06-24 11:00,24.6,237.8,.6,0,995.7,1000,86.9,0,0
763,2022-06-24 12:00,25.2,239.2,1,0,995.8,1000.1,81,0,0
763,2022-06-24 13:00,25.8,242.1,1.2,0,995.2,999.5,80.6,0,0
763,2022-06-24 14:00,26.2,252.6,1.4,0,995.1,999.4,78.9,0,0
763,2022-06-24 15:00,26,233.2,1.4,0,995,999.3,76.5,0,0
763,2022-06-24 16:00,26.9,234.4,1.4,0,995,999.3,75.6,0,0
763,2022-06-24 17:00,25.8,249.5,1.9,0,995.5,999.8,79.4,0,0
763,2022-06-24 18:00,25.2,256.8,2.3,0,996,1000.3,79.5,0,0
763,2022-06-24 19:00,24.7,251.6,2.3,0,996.9,1001.2,79.7,0,0
763,2022-06-24 20:00,23.7,253.8,1.7,0,997.3,1001.6,88.2,0,0
763,2022-06-24 21:00,23.1,248.6,1.2,0,997.6,1001.9,92.9,0,0
763,2022-06-24 22:00,22.9,269.9,2.6,0,998.7,1003,93.8,0,0
763,2022-06-24 23:00,23.3,223.6,1,0,998.7,1003,88.5,0,0
763,2022-06-25 00:00,23.5,240.6,.6,0,998.6,1002.9,91.5,0,0
763,2022-06-25 01:00,23.1,178.4,.5,0,998.2,1002.5,94.6,0,0
763,2022-06-25 02:00,23.2,0,.4,0,998.8,1003.1,95.1,0,0
763,2022-06-25 03:00,23.3,0,.3,0,998.6,1002.9,95.3,0,0
763,2022-06-25 04:00,23.4,180.5,.9,0,998.7,1003,92.8,0,0
763,2022-06-25 05:00,23.5,165.9,.7,0,999.1,1003.4,88.1,0,0
763,2022-06-25 06:00,23.4,126.2,.7,0,999.2,1003.5,87.2,0,0
763,2022-06-25 07:00,24.3,113.9,.7,0,999.5,1003.8,82.1,0,0
763,2022-06-25 08:00,25.1,133.9,.8,0,1000.4,1004.7,80.4,0,0
763,2022-06-25 09:00,26.9,145,1.1,0,1000.6,1004.9,76,0,0
763,2022-06-25 10:00,28.3,210.7,.9,0,1000.4,1004.7,71.2,0,0
763,2022-06-25 11:00,29.2,213.1,.9,0,1000.2,1004.4,69.9,0,0
763,2022-06-25 12:00,30,219,1,0,999.9,1004.1,63.9,0,0
763,2022-06-25 13:00,29.7,253.7,2.4,0,999.9,1004.1,69.4,0,0
763,2022-06-25 14:00,31.7,224.7,1.4,0,999.7,1003.9,58.5,0,0
763,2022-06-25 15:00,31.3,246.6,1.4,0,999.3,1003.5,58.5,0,0
763,2022-06-25 16:00,31,245.7,2.1,0,999.9,1004.1,63.5,0,0
763,2022-06-25 17:00,30.2,257.5,2.6,0,1000,1004.2,65.7,0,0
763,2022-06-25 18:00,30,238.7,1.6,0,1000,1004.2,67,0,0
763,2022-06-25 19:00,29.3,229.3,1.3,0,1000.8,1005,66.6,0,0
763,2022-06-25 20:00,28.4,207.8,1,0,1001.7,1006,68.5,0,0
763,2022-06-25 21:00,27.4,0,.3,0,1002.2,1006.5,74.4,0,0
763,2022-06-25 22:00,27,154.8,.8,0,1002.6,1006.9,75.4,0,0
763,2022-06-25 23:00,26.3,171.1,.8,0,1003,1007.3,74.6,0,0
763,2022-06-26 00:00,25.7,228,.8,0,1003.5,1007.8,77.3,0,0
763,2022-06-26 01:00,25.4,0,.3,0,1003.4,1007.7,79.9,0,0
763,2022-06-26 02:00,25.5,132,.9,0,1002.4,1006.7,78.1,0,0
763,2022-06-26 03:00,25.5,195.4,.7,0,1002,1006.3,77.6,0,0
763,2022-06-26 04:00,25.3,216.3,.6,0,1002.6,1006.9,80.4,0,0
763,2022-06-26 05:00,25.3,129.8,.5,0,1003,1007.3,81.1,0,0
763,2022-06-26 06:00,25.5,204,.9,0,1002.8,1007.1,80.5,0,0
763,2022-06-26 07:00,25.8,156.4,.6,0,1003.6,1007.9,81.1,0,0
763,2022-06-26 08:00,26.3,168.1,.5,0,1004.3,1008.6,79.6,0,0
763,2022-06-26 09:00,27.4,216.6,.7,0,1004.9,1009.2,77.8,0,0
763,2022-06-26 10:00,28.1,209,.9,0,1005.1,1009.4,74.5,0,0
763,2022-06-26 11:00,28.2,212.4,1,0,1005.4,1009.7,74.4,0,0
763,2022-06-26 12:00,28,221.6,1.1,0,1005.7,1010,75.7,0,0
763,2022-06-26 13:00,27.6,231.8,.6,0,1005.3,1009.6,84.1,0,0
763,2022-06-26 14:00,29.1,232.5,1.9,0,1005.3,1009.6,72.4,0,0
763,2022-06-26 15:00,29.7,215.8,1.1,0,1005.3,1009.5,69,0,0
763,2022-06-26 16:00,30.2,189.8,1,0,1004.5,1008.8,65.4,0,0
763,2022-06-26 17:00,31.1,224.6,1.3,0,1003.7,1007.9,62,0,0
763,2022-06-26 18:00,29.8,191.1,1,0,1003.7,1007.9,65.2,0,0
763,2022-06-26 19:00,29.3,223.8,.8,0,1004.1,1008.3,68.2,0,0
763,2022-06-26 20:00,28.5,219.2,1.2,0,1004.5,1008.8,71.6,0,0
763,2022-06-26 21:00,28,0,.4,0,1005.4,1009.7,74.5,0,0
763,2022-06-26 22:00,27.5,0,.1,0,1006.5,1010.8,77.5,0,0
763,2022-06-26 23:00,27.5,254.7,.7,0,1007.1,1011.4,75.9,0,0
763,2022-06-27 00:00,27.6,210.9,.5,0,1006.3,1010.6,71,0,0
763,2022-06-27 01:00,26.7,156.8,.5,0,1006.2,1010.5,78.4,0,0
763,2022-06-27 02:00,26.5,0,.4,0,1006,1010.3,78.3,0,0
763,2022-06-27 03:00,26.2,0,.4,0,1005.4,1009.7,81.1,0,0
763,2022-06-27 04:00,26.6,181.4,.7,0,1005,1009.3,79.2,0,0
763,2022-06-27 05:00,26.8,149.7,.6,0,1005.2,1009.5,78.7,0,0
763,2022-06-27 06:00,26.6,128.1,.6,0,1005.4,1009.7,81.6,0,0
763,2022-06-27 07:00,25.8,136.5,.5,0,1005.3,1009.6,90,0,0
763,2022-06-27 08:00,27.1,174.5,.7,0,1004.9,1009.2,82.9,0,0
763,2022-06-27 09:00,28.3,152.7,.6,.5,1004.7,1009,77.8,0,0
763,2022-06-27 10:00,29.9,153,1,0,1004.5,1008.7,72,0,0
763,2022-06-27 11:00,29.1,191.7,1.5,0,1004.6,1008.9,71.7,0,0
763,2022-06-27 12:00,29.4,213.3,1.2,0,1004.1,1008.3,70.8,0,0
763,2022-06-27 13:00,28.5,221.4,1.8,0,1003.5,1007.8,77.6,0,0
763,2022-06-27 14:00,28.5,206.7,.9,0,1002.9,1007.2,77.6,0,0
763,2022-06-27 15:00,28.4,186,1,0,1002.3,1006.6,78.4,0,0
763,2022-06-27 16:00,28.6,208.5,.7,0,1002.3,1006.6,75.9,0,0
763,2022-06-27 17:00,28.6,174.5,.8,0,1002,1006.3,74,0,0
763,2022-06-27 18:00,28.7,206.3,.7,0,1001.6,1005.9,73.4,0,0
763,2022-06-27 19:00,28.5,172.5,.6,0,1001.6,1005.9,72.8,0,0
763,2022-06-27 20:00,28.4,134.7,.8,0,1001.5,1005.8,71,0,0
763,2022-06-27 21:00,28.2,168.8,1.3,0,1001.4,1005.7,69.3,0,0
763,2022-06-27 22:00,28.1,173.2,1.1,0,1002,1006.3,69.3,0,0
763,2022-06-27 23:00,27.9,185.3,.6,0,1002.1,1006.4,68.8,0,0
763,2022-06-28 00:00,27.6,161.1,1.1,0,1001.8,1006.1,71.1,0,0
763,2022-06-28 01:00,27.6,174.2,1.1,0,1001.6,1005.9,70.6,0,0
763,2022-06-28 02:00,27.5,197.4,.9,0,1001,1005.3,69.8,0,0
763,2022-06-28 03:00,27.7,191.8,1.3,0,1001,1005.3,69.1,0,0
763,2022-06-28 04:00,27.8,209.8,1.1,0,1000.9,1005.2,68.9,0,0
763,2022-06-28 05:00,27.6,195,.8,0,1000.7,1005,70,0,0
763,2022-06-28 06:00,27.5,217.7,.6,0,1000.6,1004.9,70.7,0,0
763,2022-06-28 07:00,27.6,216.6,.8,0,1000.8,1005.1,72.2,0,0
763,2022-06-28 08:00,28.4,210.4,1.4,0,1000.8,1005.1,70.4,0,0
763,2022-06-28 09:00,28.3,225.6,1.3,0,1000.9,1005.2,70.6,0,0
763,2022-06-28 10:00,29.1,200.3,1.5,0,1000.6,1004.8,67.2,0,0
763,2022-06-28 11:00,29.7,211.4,2.1,0,1000.5,1004.7,66.4,0,0
763,2022-06-28 12:00,31.1,205.7,2.7,0,1000.3,1004.5,61.1,0,0
763,2022-06-28 13:00,31.3,208,2.9,0,999.8,1004,59.9,0,0
763,2022-06-28 14:00,31,212.6,2.8,0,999.6,1003.8,61.1,0,0
763,2022-06-28 15:00,31.2,205.3,2.3,0,999.1,1003.3,60.9,0,0
763,2022-06-28 16:00,31.3,210.9,2.5,0,998.8,1003,58.3,0,0
763,2022-06-28 17:00,30.7,163.3,.9,0,998.4,1002.6,62.9,0,0
763,2022-06-28 18:00,30,209.6,1.3,0,998.9,1003.1,63.7,0,0
763,2022-06-28 19:00,29.1,176.1,.7,0,999.2,1003.4,66.6,0,0
763,2022-06-28 20:00,28.7,155.8,1,0,999,1003.2,67.1,0,0
763,2022-06-28 21:00,28.5,156.3,1,0,999.4,1003.6,67.4,0,0
763,2022-06-28 22:00,28.3,190.9,.5,0,999.9,1004.2,68.3,0,0
763,2022-06-28 23:00,28.2,181.8,.8,0,999.9,1004.2,67.2,0,0
763,2022-06-29 00:00,28,195.7,1.1,0,1000.1,1004.4,67.8,0,0
763,2022-06-29 01:00,28,191.4,1.2,0,999.7,1004,67.9,0,0
763,2022-06-29 02:00,27.9,201.6,1.1,0,999.4,1003.7,68.2,0,0
763,2022-06-29 03:00,27.5,200.5,1.2,0,999.2,1003.5,70.8,0,0
763,2022-06-29 04:00,27.1,194.8,1.2,0,999.3,1003.6,74.6,0,0
763,2022-06-29 05:00,25.2,196.7,1.3,.5,999.5,1003.8,89.8,0,0
763,2022-06-29 06:00,25,188.4,.8,3.5,999.8,1004.1,93.3,0,0
763,2022-06-29 07:00,24.7,199.4,.5,8,1000.2,1004.5,97.4,0,0
763,2022-06-29 08:00,24.9,204.6,.9,2.5,1000.9,1005.2,97.8,0,0
763,2022-06-29 09:00,26.6,199,.9,.5,1001.1,1005.4,88.5,0,0
763,2022-06-29 10:00,27.6,189.1,1.1,0,1001.3,1005.6,81,0,0
763,2022-06-29 11:00,27.6,213.7,1.2,0,1001.6,1005.9,80,0,0
763,2022-06-29 12:00,28.6,222.5,1.2,0,1001.7,1006,77.1,0,0
763,2022-06-29 13:00,29.2,190.6,1.6,0,1001.6,1005.8,71.3,0,0
763,2022-06-29 14:00,29.1,216.5,1.6,0,1001.5,1005.7,71.4,0,0
763,2022-06-29 15:00,28.8,233.7,1.7,0,1001.6,1005.8,74,0,0
763,2022-06-29 16:00,28.7,222.2,1.3,0,1001.4,1005.7,74,0,0
763,2022-06-29 17:00,28.2,227.5,1.1,0,1001.6,1005.9,76.4,0,0
763,2022-06-29 18:00,27.8,0,.3,0,1001,1005.3,79.7,0,0
763,2022-06-29 19:00,27.9,218.6,1,0,1001.8,1006.1,77.8,0,0
763,2022-06-29 20:00,27.7,172.4,.6,0,1002.1,1006.4,78.5,0,0
763,2022-06-29 21:00,27.7,171.2,.8,0,1002.5,1006.8,78.1,0,0
763,2022-06-29 22:00,27,190.6,.7,0,1003.5,1007.8,83.2,0,0
763,2022-06-29 23:00,27,171.2,.6,0,1003.7,1008,83.1,0,0
763,2022-06-30 00:00,26.2,0,.3,0,1004.2,1008.5,89,0,0
763,2022-06-30 01:00,25.3,0,.4,1,1004.6,1008.9,96.2,0,0
763,2022-06-30 02:00,25.3,188.6,.6,2,1004.7,1009,96.7,0,0
763,2022-06-30 03:00,25.2,180.5,.9,0,1004.5,1008.8,96.1,0,0
763,2022-06-30 04:00,25.4,200.7,.9,0,1004.5,1008.8,93.9,0,0
763,2022-06-30 05:00,25.7,189.4,.8,0,1004.7,1009,91.3,0,0
763,2022-06-30 06:00,25.7,169.2,.6,0,1005,1009.3,91,0,0
763,2022-06-30 07:00,25.7,203,.5,0,1005.1,1009.4,90.8,0,0
763,2022-06-30 08:00,26.6,206.6,.7,0,1005.7,1010,85.4,0,0
763,2022-06-30 09:00,27,190.2,.6,0,1006.1,1010.4,84.5,0,0
763,2022-06-30 10:00,27.2,197,.9,0,1006.1,1010.4,83.4,0,0
763,2022-06-30 11:00,28.4,215.4,1,0,1006.3,1010.6,75.1,0,0
763,2022-06-30 12:00,28.2,219.7,1,0,1006.4,1010.7,77.2,0,0
763,2022-06-30 13:00,30.4,236.4,.9,0,1006.3,1010.6,68.4,0,0
763,2022-06-30 14:00,29.7,213.3,.9,0,1006.2,1010.5,73.8,0,0
763,2022-06-30 15:00,30.1,205.1,1.3,0,1006.1,1010.4,67.7,0,0
763,2022-06-30 16:00,30.7,225.1,1.3,0,1006,1010.3,65.9,0,0
763,2022-06-30 17:00,27.3,195.9,.6,3.5,1006,1010.3,86.7,0,0
763,2022-06-30 18:00,28.1,194.3,.6,0,1006.3,1010.6,78.9,0,0
763,2022-06-30 19:00,28.2,209.5,.6,0,1006.7,1011,76.7,0,0
763,2022-06-30 20:00,28,0,.4,0,1007.2,1011.5,74.4,0,0
763,2022-06-30 21:00,27.2,0,.2,0,1008.1,1012.4,72.2,0,0
763,2022-06-30 22:00,26.8,0,.2,0,1008.8,1013.1,73.8,0,0
763,2022-06-30 23:00,26.3,0,.3,.5,1008.8,1013.1,77.7,0,0
763,2022-07-01 00:00,25.6,0,.1,,1008.7,1013,86.6,0,0
763,2022-07-01 01:00,25.7,122,.5,0,1008.7,1013,83.6,0,0
763,2022-07-01 02:00,25.4,0,.2,0,1009.1,1013.4,84.7,0,0
763,2022-07-01 03:00,25.1,0,.2,0,1009.3,1013.7,87,0,0
763,2022-07-01 04:00,23.1,24.2,.5,0,1009.4,1013.8,99.8,0,0
763,2022-07-01 05:00,22.5,0,.2,0,1009.6,1014,99.8,0,0
763,2022-07-01 06:00,24.5,124.4,.5,0,1009.6,1013.9,90,0,0
763,2022-07-01 07:00,26.2,116.5,.8,0,1009.7,1014,79.2,0,0
763,2022-07-01 08:00,27.5,126.6,.7,0,1010.1,1014.4,74.2,0,0
763,2022-07-01 09:00,28.4,175.8,.5,0,1010.3,1014.6,68.6,0,0
763,2022-07-01 10:00,29.5,110.3,1.5,0,1010.1,1014.4,65.3,0,0
763,2022-07-01 11:00,30.5,256.7,.8,0,1010.2,1014.5,62.7,0,0
763,2022-07-01 12:00,32.3,224.7,.8,0,1010.5,1014.8,57.8,0,0
763,2022-07-01 13:00,31.7,200.2,.5,0,1010.1,1014.4,57,0,0
763,2022-07-01 14:00,32,191.2,.8,0,1009.6,1013.9,56.7,0,0
763,2022-07-01 15:00,26.8,277,3.2,0,1009.3,1013.6,74.8,0,0
763,2022-07-01 16:00,30.3,251.3,1.2,0,1009.1,1013.4,73.4,0,0
763,2022-07-01 17:00,30.8,270.6,2,0,1008.8,1013.1,65,0,0
763,2022-07-01 18:00,30.3,284.2,1.8,0,1008.6,1012.9,69.6,0,0
763,2022-07-01 19:00,29.2,283.6,1.3,0,1008.7,1013,74.3,0,0
763,2022-07-01 20:00,27.2,286.4,.6,0,1009,1013.3,83.4,0,0
763,2022-07-01 21:00,25.6,0,0,0,1009.4,1013.7,95.1,0,0
763,2022-07-01 22:00,25.6,0,.1,0,1009.9,1014.2,95.1,0,0
763,2022-07-01 23:00,24.5,0,.1,0,1009.9,1014.2,99.8,0,0
763,2022-07-02 00:00,24.4,0,.3,0,1010.2,1014.5,99.8,0,0
763,2022-07-02 01:00,23.8,0,0,0,1009.8,1014.1,99.8,0,0
763,2022-07-02 02:00,23.2,0,.2,0,1009.9,1014.3,99.8,0,0
763,2022-07-02 03:00,22.9,0,.3,0,1009.6,1014,99.8,0,0
763,2022-07-02 04:00,22.3,0,0,0,1009.5,1013.9,99.8,0,0
763,2022-07-02 05:00,22.2,0,0,0,1009.4,1013.8,99.8,0,0
763,2022-07-02 06:00,22.6,0,.4,0,1009.5,1013.9,99.8,0,0
763,2022-07-02 07:00,24.3,32.9,.8,0,1009.7,1014,98.5,0,0
763,2022-07-02 08:00,26.3,12.2,.7,0,1009.5,1013.8,88.7,0,0
763,2022-07-02 09:00,27.7,337.7,1,0,1009.2,1013.5,79.6,0,0
763,2022-07-02 10:00,29.2,253,.8,0,1009.2,1013.5,74.9,0,0
763,2022-07-02 11:00,30.6,321.4,.9,0,1009.1,1013.4,71.1,0,0
763,2022-07-02 12:00,31.9,306.9,1.6,0,1008.9,1013.2,64,0,0
763,2022-07-02 13:00,32.2,283.1,1.5,0,1008.3,1012.5,56.6,0,0
763,2022-07-02 14:00,32.5,294.3,1.6,0,1007.5,1011.7,49.4,0,0
763,2022-07-02 15:00,33.2,347.4,.6,0,1006.8,1011,50.1,0,0
763,2022-07-02 16:00,33.3,300.8,1.1,0,1006.1,1010.3,53.4,0,0
763,2022-07-02 17:00,32.8,308.3,1.1,0,1005.8,1010,50.4,0,0
763,2022-07-02 18:00,31.8,284.3,1.8,0,1005.6,1009.8,62.4,0,0
763,2022-07-02 19:00,30.8,264.2,1.1,0,1005.5,1009.8,65.6,0,0
763,2022-07-02 20:00,28.1,0,0,0,1005.5,1009.8,79.7,0,0
763,2022-07-02 21:00,27.3,0,0,0,1005.9,1010.2,83.9,0,0
763,2022-07-02 22:00,26.5,0,.2,0,1006.1,1010.4,85.9,0,0
763,2022-07-02 23:00,25.6,0,.2,0,1006.2,1010.5,90,0,0
763,2022-07-03 00:00,25.6,48.9,.5,0,1006.6,1010.9,88,0,0
763,2022-07-03 01:00,24.9,0,0,0,1006.3,1010.6,95.6,0,0
763,2022-07-03 02:00,24.7,0,0,0,1006.3,1010.6,94.7,0,0
763,2022-07-03 03:00,24.9,105.8,.8,0,1006.2,1010.5,90.1,0,0
763,2022-07-03 04:00,24.8,0,.2,0,1006.1,1010.4,90.9,0,0
763,2022-07-03 05:00,24,0,0,0,1005.7,1010,95.5,0,0
763,2022-07-03 06:00,23.2,0,.1,0,1005.9,1010.2,99.8,0,0
763,2022-07-03 07:00,25.4,93.4,.5,0,1005.6,1009.9,84.4,0,0
763,2022-07-03 08:00,27.3,6.6,1.2,0,1005.6,1009.9,77.3,0,0
763,2022-07-03 09:00,28.7,339.1,.8,0,1005.3,1009.6,72.5,0,0
763,2022-07-03 10:00,29.9,285.2,1,0,1005,1009.2,66.1,0,0
763,2022-07-03 11:00,30.8,37.3,1,0,1004.7,1008.9,67.2,0,0
763,2022-07-03 12:00,31.8,282.7,.9,0,1004.1,1008.3,56.6,0,0
763,2022-07-03 13:00,33.3,268.8,.8,0,1003.7,1007.9,51.6,0,0
763,2022-07-03 14:00,31.9,270.4,1.2,0,1003.3,1007.5,58.5,0,0
763,2022-07-03 15:00,32.7,294.1,1.3,0,1003,1007.2,53.9,0,0
763,2022-07-03 16:00,32.6,306,1.5,0,1002.5,1006.7,57.2,0,0
763,2022-07-03 17:00,31.4,286.3,.9,0,1002.3,1006.5,62.2,0,0
763,2022-07-03 18:00,25.6,98.8,.8,.5,1002.7,1007,93.1,0,0
763,2022-07-03 19:00,26.8,43.1,.5,0,1002.6,1006.9,84.9,0,0
763,2022-07-03 20:00,26.1,91.8,.6,.5,1003,1007.3,93.9,0,0
763,2022-07-03 21:00,25.3,0,.1,0,1003.1,1007.4,98.9,0,0
763,2022-07-03 22:00,25.2,104.3,.6,0,1003,1007.3,99.8,0,0
763,2022-07-03 23:00,24.7,0,.3,0,1002.9,1007.2,99.8,0,0
763,2022-07-04 00:00,24.3,0,.1,0,1002.9,1007.2,99.8,0,0
763,2022-07-04 01:00,24.1,0,.2,0,1003.2,1007.5,99.8,0,0
763,2022-07-04 02:00,24,0,0,0,1002.8,1007.1,99.8,0,0
763,2022-07-04 03:00,23.8,0,0,0,1002.5,1006.8,99.8,0,0
763,2022-07-04 04:00,23.3,0,0,0,1002,1006.3,99.8,0,0
763,2022-07-04 05:00,23.5,0,0,0,1001.6,1005.9,99.8,0,0
763,2022-07-04 06:00,23.6,0,,0,1001.7,1006,99.8,0,0
763,2022-07-04 07:00,23.9,0,0,0,1001.9,1006.2,99.8,0,0
763,2022-07-04 08:00,26.2,0,0,0,1001.8,1006.1,90.3,0,0
763,2022-07-04 09:00,28.6,0,0,0,1001.5,1005.8,74.1,0,0
763,2022-07-04 10:00,28.7,0,0,0,1001.3,1005.5,72.7,0,0
763,2022-07-04 11:00,28.9,0,0,0,1001.2,1005.4,70.9,0,0
763,2022-07-04 12:00,29.9,296.4,.9,0,1001,1005.2,69.3,0,0
763,2022-07-04 13:00,30.7,279,1.2,0,1000.6,1004.8,64.6,0,0
763,2022-07-04 14:00,31.1,276.3,1,0,1000.1,1004.3,61.8,0,0
763,2022-07-04 15:00,30.7,287.8,.8,0,999.8,1004,66,0,0
763,2022-07-04 16:00,30.8,247.1,1.3,0,999.6,1003.8,68.7,0,0
763,2022-07-04 17:00,30.7,284.1,2,0,999.2,1003.4,68.2,0,0
763,2022-07-04 18:00,29.7,297.2,1.4,0,999.1,1003.3,73.2,0,0
763,2022-07-04 19:00,28.4,347.9,.9,0,999.6,1003.8,83.2,0,0
763,2022-07-04 20:00,28,71.2,.7,0,999.9,1004.2,81,0,0
763,2022-07-04 21:00,26.6,0,.1,0,1000.1,1004.4,91.9,0,0
763,2022-07-04 22:00,26.1,0,0,0,1000.5,1004.8,94.4,0,0
763,2022-07-04 23:00,25.5,0,0,0,1000.5,1004.8,96.3,0,0
763,2022-07-05 00:00,25.3,0,.3,0,1000.6,1004.9,96.2,0,0
763,2022-07-05 01:00,25,0,.1,0,1000.6,1004.9,97.5,0,0
763,2022-07-05 02:00,24.9,0,.2,0,1000.1,1004.4,97,0,0
763,2022-07-05 03:00,24.5,0,.1,0,1000.2,1004.5,99.8,0,0
763,2022-07-05 04:00,24.5,0,.1,0,1000.3,1004.6,99.8,0,0
763,2022-07-05 05:00,24.2,96.9,.5,0,1000.3,1004.6,99.8,0,0
763,2022-07-05 06:00,24.3,0,.2,0,1000.5,1004.8,99.8,0,0
763,2022-07-05 07:00,25,0,.2,0,1000.6,1004.9,97.2,0,0
763,2022-07-05 08:00,26.7,32.9,.5,0,1000.7,1005,87,0,0
763,2022-07-05 09:00,26.7,226.3,.6,0,1001.2,1005.5,88.9,0,0
763,2022-07-05 10:00,29.4,121,.6,0,1001,1005.2,79.8,0,0
763,2022-07-05 11:00,28.9,246.9,1,0,1001,1005.2,77.7,0,0
763,2022-07-05 12:00,29.1,258.9,.9,0,1000.9,1005.1,77,0,0
763,2022-07-05 13:00,29.9,283.1,1.1,0,1000.5,1004.7,72.3,0,0
763,2022-07-05 14:00,28.2,255.3,1.1,0,1000.2,1004.5,85.7,0,0
763,2022-07-05 15:00,29.2,235.5,.7,0,1000,1004.2,75.5,0,0
763,2022-07-05 16:00,29,0,.4,0,1000.2,1004.4,77.4,0,0
763,2022-07-05 17:00,29.1,213.2,.5,0,999.9,1004.1,76.9,0,0
763,2022-07-05 18:00,29.1,230.1,.7,0,999.9,1004.1,75.5,0,0
763,2022-07-05 19:00,28.7,0,.3,0,1000.5,1004.7,79.2,0,0
763,2022-07-05 20:00,27.1,0,.2,0,1000.9,1005.2,82.7,0,0
763,2022-07-05 21:00,25.9,0,0,0,1001.5,1005.8,88.5,0,0
763,2022-07-05 22:00,25.1,0,0,0,1002.3,1006.6,89.6,0,0
763,2022-07-05 23:00,24.7,0,0,0,1002.7,1007,88.9,0,0
763,2022-07-06 00:00,24.8,0,.1,0,1002.7,1007,90.1,0,0
763,2022-07-06 01:00,24.4,0,.1,0,1002.1,1006.4,94.6,0,0
763,2022-07-06 02:00,24.1,0,.1,0,1002.1,1006.4,95.8,0,0
763,2022-07-06 03:00,24.2,0,.2,0,1002.2,1006.5,96.2,0,0
763,2022-07-06 04:00,24.2,0,0,0,1002.5,1006.8,95.8,0,0
763,2022-07-06 05:00,23.9,0,0,0,1002.8,1007.1,98.2,0,0
763,2022-07-06 06:00,23.9,0,.2,0,1002.7,1007,99.8,0,0
763,2022-07-06 07:00,27.1,0,.2,0,1003.2,1007.5,86.2,0,0
763,2022-07-06 08:00,28.2,0,.4,0,1003.6,1007.9,78.5,0,0
763,2022-07-06 09:00,28.9,149.4,.6,0,1003.5,1007.8,73.7,0,0
763,2022-07-06 10:00,29.9,114.2,1.2,0,1003.3,1007.5,70.6,0,0
763,2022-07-06 11:00,31.1,239.4,.5,0,1003.5,1007.7,67.3,0,0
763,2022-07-06 12:00,31.5,138.7,.9,0,1003.4,1007.6,65.3,0,0
763,2022-07-06 13:00,32.6,198.2,.6,0,1002.8,1007,60,0,0
763,2022-07-06 14:00,33.6,95.4,2,0,1002.1,1006.3,58.3,0,0
763,2022-07-06 15:00,34.1,117.3,1.2,0,1001.4,1005.6,55.6,0,0
763,2022-07-06 16:00,34.7,122.1,1.1,0,1001.1,1005.3,55.1,0,0
763,2022-07-06 17:00,33.5,145.7,.6,0,1000.9,1005.1,56.5,0,0
763,2022-07-06 18:00,33.3,0,.3,0,1001,1005.2,55.7,0,0
763,2022-07-06 19:00,32.4,0,.4,0,1001.3,1005.5,58.4,0,0
763,2022-07-06 20:00,31.4,0,.3,0,1002.2,1006.4,60.2,0,0
763,2022-07-06 21:00,30.4,197.9,.5,0,1002.9,1007.1,65,0,0
763,2022-07-06 22:00,29.5,140.7,.5,0,1003.2,1007.4,66.1,0,0
763,2022-07-06 23:00,29.1,130.9,1,0,1003,1007.2,67.9,0,0
763,2022-07-07 00:00,28.9,167.5,.7,0,1002.9,1007.2,69.2,0,0
763,2022-07-07 01:00,28.6,152.6,.8,0,1003.1,1007.4,71.5,0,0
763,2022-07-07 02:00,28.2,137.2,.6,0,1003.3,1007.6,73.4,0,0
763,2022-07-07 03:00,28,140.1,.7,0,1003.1,1007.4,74,0,0
763,2022-07-07 04:00,27.6,123.4,.9,0,1002.6,1006.9,74.7,0,0
763,2022-07-07 05:00,27.8,145.9,1.2,0,1002.6,1006.9,74.3,0,0
763,2022-07-07 06:00,27.7,148.4,1.1,0,1002.7,1007,75.4,0,0
763,2022-07-07 07:00,28.4,143.6,.8,0,1002.9,1007.2,72.9,0,0
763,2022-07-07 08:00,29.1,139.3,1.1,0,1002.9,1007.1,69.6,0,0
763,2022-07-07 09:00,30.3,140.5,.8,0,1002.4,1006.6,68.1,0,0
763,2022-07-07 10:00,31.1,189,.9,0,1002.1,1006.3,61.6,0,0
763,2022-07-07 11:00,32.3,219.6,1.3,0,1001.6,1005.8,58.7,0,0
763,2022-07-07 12:00,32.1,194.5,.9,0,1001.4,1005.6,59.7,0,0
763,2022-07-07 13:00,32.6,186.8,.8,0,1000.9,1005.1,58,0,0
763,2022-07-07 14:00,32.8,195.2,.7,0,1000.8,1005,58.7,0,0
763,2022-07-07 15:00,33.1,201.5,1.6,0,1000.5,1004.7,55.1,0,0
763,2022-07-07 16:00,32.1,194.6,1.1,0,1000.2,1004.4,58.8,0,0
763,2022-07-07 17:00,31.2,192.3,.6,0,1000,1004.2,64.3,0,0
763,2022-07-07 18:00,26.7,236.1,1,1.5,1000.6,1004.9,99.2,0,0
763,2022-07-07 19:00,27.3,0,.1,.5,1000.4,1004.7,92.7,0,0
763,2022-07-07 20:00,27.7,0,.4,0,1000.1,1004.4,88,0,0
763,2022-07-07 21:00,27.5,230.3,.5,0,1000.5,1004.8,91.1,0,0
763,2022-07-07 22:00,27.5,0,.4,0,1000.8,1005.1,89.3,0,0
763,2022-07-07 23:00,27.1,214.5,.7,0,1000.8,1005.1,93.5,0,0
763,2022-07-08 00:00,26.8,217.9,.9,0,1000.5,1004.8,95.8,0,0
763,2022-07-08 01:00,27.3,233.3,1.4,0,1000.4,1004.7,91.3,0,0
763,2022-07-08 02:00,26.8,222.1,.9,0,1000,1004.3,92.4,0,0
763,2022-07-08 03:00,26.7,223.8,.6,0,999.8,1004.1,93.1,0,0
763,2022-07-08 04:00,26.8,214.3,1.3,0,999.5,1003.8,92.1,0,0
763,2022-07-08 05:00,26.7,237.3,1.1,0,999.7,1004,93.3,0,0
763,2022-07-08 06:00,26.3,262.7,1.4,.5,999.8,1004.1,95.8,0,0
763,2022-07-08 07:00,26.1,263.6,1.4,0,999.9,1004.2,94.3,0,0
763,2022-07-08 08:00,26.1,240.6,.7,0,1000.1,1004.4,93.5,0,0
763,2022-07-08 09:00,25.3,272.1,1.5,0,1000.2,1004.5,98,0,0
763,2022-07-08 10:00,26.1,242.6,.7,0,1000.1,1004.4,93.5,0,0
763,2022-07-08 11:00,27.5,273.3,1.3,0,999.8,1004.1,82.4,0,0
763,2022-07-08 12:00,28.7,267,1,0,999.3,1003.5,71.1,0,0
763,2022-07-08 13:00,28.5,276.6,1.6,0,998.9,1003.1,69.2,0,0
763,2022-07-08 14:00,29.9,242,1.1,0,998.3,1002.5,70.1,0,0
763,2022-07-08 15:00,29.6,275.6,2.9,0,998,1002.2,62.3,0,0
763,2022-07-08 16:00,29.7,267.8,2.4,0,997.7,1001.9,61.5,0,0
763,2022-07-08 17:00,29.4,256.3,1.4,0,997.4,1001.6,66.6,0,0
763,2022-07-08 18:00,28.4,285.1,2.1,0,997.2,1001.4,73.2,0,0
763,2022-07-08 19:00,27.5,265.6,1.2,0,997.6,1001.9,76.2,0,0
763,2022-07-08 20:00,26.2,256.9,1.3,0,997.9,1002.2,80.2,0,0
763,2022-07-08 21:00,25.2,200.1,.6,0,998.3,1002.6,87.9,0,0
763,2022-07-08 22:00,23.8,0,.1,0,998.4,1002.7,97.7,0,0
763,2022-07-08 23:00,24.3,280.3,1,0,998.4,1002.7,92.6,0,0
763,2022-07-09 00:00,23,0,.1,0,998.2,1002.5,99.8,0,0
763,2022-07-09 01:00,22.8,0,.1,0,998.2,1002.5,99.5,0,0
763,2022-07-09 02:00,23,0,.1,0,997.9,1002.2,96.3,0,0
763,2022-07-09 03:00,22,0,.3,0,997.6,1001.9,99.8,0,0
763,2022-07-09 04:00,22.6,0,.3,0,997.8,1002.1,98.7,0,0
763,2022-07-09 05:00,22.6,0,0,0,998,1002.3,98.1,0,0
763,2022-07-09 06:00,22.7,0,.3,0,998.5,1002.8,99,0,0
763,2022-07-09 07:00,23.6,0,.1,0,998.9,1003.2,94.7,0,0
763,2022-07-09 08:00,24.2,0,.3,0,999.1,1003.4,89.5,,
763,2022-07-09 09:00,26.4,129.7,.7,0,998.9,1003.2,74.4,,
763,2022-07-09 10:00,26.2,335.9,.6,0,998.9,1003.2,76.5,,
763,2022-07-09 11:00,26.8,108.1,1,0,999,1003.3,74.2,,
763,2022-07-09 12:00,26.7,0,.4,0,998.9,1003.2,76.9,,
763,2022-07-09 13:00,28.6,124.2,.8,0,998.5,1002.7,70.8,,
763,2022-07-09 14:00,29.2,25.6,.6,0,998.1,1002.3,67.1,,
763,2022-07-09 15:00,29.5,11.4,.7,0,998,1002.2,66.7,,
763,2022-07-09 16:00,29.1,0,.4,0,998,1002.2,68.2,,
763,2022-07-09 17:00,29.4,227,.5,0,997.9,1002.1,68,,
763,2022-07-09 18:00,29.6,111.2,.9,0,997.4,1001.6,67.6,,
763,2022-07-09 19:00,28.5,266.9,.9,0,997.7,1001.9,77.9,,
763,2022-07-09 20:00,26.8,286.8,.7,0,998.2,1002.5,87.8,,
763,2022-07-09 21:00,26.5,0,.3,0,999.3,1003.6,88.6,,
763,2022-07-09 22:00,25.9,0,.1,0,999.9,1004.2,91.1,,
763,2022-07-09 23:00,25.6,0,0,0,1000.1,1004.4,94.8,,
763,2022-07-10 00:00,24.8,0,.1,0,1000.2,1004.5,97.8,0,0
763,2022-07-10 01:00,24.4,0,.1,0,999.9,1004.2,99.2,0,0
763,2022-07-10 02:00,24.3,94.4,.5,0,999.7,1004,98.8,0,0
763,2022-07-10 03:00,23.3,0,.1,0,999.9,1004.2,99.8,0,0
763,2022-07-10 04:00,23.9,0,.1,0,1000,1004.3,99.8,0,0
763,2022-07-10 05:00,23.1,0,.2,0,1000.1,1004.4,99.8,0,0
763,2022-07-10 06:00,23.3,0,.4,0,1000.3,1004.6,99.8,0,0
763,2022-07-10 07:00,24.8,119.8,.5,0,1000.5,1004.8,98,0,0
763,2022-07-10 08:00,25.3,75.7,.5,0,1001.4,1005.7,92.3,0,0
763,2022-07-10 09:00,26,45.4,.9,0,1001.7,1006,90.1,0,0
763,2022-07-10 10:00,27.4,22.1,.9,0,1001.7,1006,81.3,0,0
763,2022-07-10 11:00,29.2,335.7,1.2,0,1001.7,1005.9,76.5,0,0
763,2022-07-10 12:00,30.9,11.8,1,0,1001.8,1006,68.3,0,0
763,2022-07-10 13:00,31.1,126.7,.9,0,1000.9,1005.1,69.3,0,0
763,2022-07-10 14:00,32,95.5,.8,0,1000,1004.2,62,0,0
763,2022-07-10 15:00,33.4,258.9,1.3,0,999.7,1003.9,57,0,0
763,2022-07-10 16:00,33.1,232.4,.6,0,999.4,1003.6,58,0,0
763,2022-07-10 17:00,32.5,263.7,1,0,998.8,1003,59.9,0,0
763,2022-07-10 18:00,31.3,284.9,1.1,0,998.8,1003,68.9,0,0
763,2022-07-10 19:00,30.1,278.7,1.3,0,999.3,1003.5,74.9,0,0
763,2022-07-10 20:00,29.4,255.6,2,0,999.5,1003.7,67.6,0,0
763,2022-07-10 21:00,28,223.9,.8,0,1000.7,1005,72.4,0,0
763,2022-07-10 22:00,27.3,207.9,.7,0,1001,1005.3,75.6,0,0
763,2022-07-10 23:00,27,0,.4,0,1000.8,1005.1,73.2,0,0
763,2022-07-11 00:00,24.6,0,.4,0,1001,1005.3,96.1,0,0
763,2022-07-11 01:00,24.7,0,.2,0,1001.1,1005.4,97.1,0,0
763,2022-07-11 02:00,24.6,115.1,.5,0,1000.6,1004.9,98.7,0,0
763,2022-07-11 03:00,24.4,0,.1,0,1000,1004.3,98,0,0
763,2022-07-11 04:00,24,0,.4,0,1000.2,1004.5,99.6,0,0
763,2022-07-11 05:00,24.2,0,.2,0,1000.5,1004.8,99.8,0,0
763,2022-07-11 06:00,24.2,0,.2,0,1000.9,1005.2,99.8,0,0
763,2022-07-11 07:00,24,0,.2,5.5,1000.9,1005.2,99.8,0,0
763,2022-07-11 08:00,24.3,77.5,.5,1,1001,1005.3,99.8,0,0
763,2022-07-11 09:00,24.8,354.8,.8,0,1001.1,1005.4,99.8,0,0
763,2022-07-11 10:00,25.1,100.6,.6,0,1001,1005.3,98.5,0,0
763,2022-07-11 11:00,25.3,316.7,.5,.5,1001.3,1005.6,96.6,0,0
763,2022-07-11 12:00,27.1,89.3,.9,0,1000.9,1005.2,84.7,0,0
763,2022-07-11 13:00,27.7,114.5,.8,0,1000.9,1005.2,75.9,0,0
763,2022-07-11 14:00,28.7,1.1,1.1,0,1000.4,1004.6,76.2,0,0
763,2022-07-11 15:00,28.3,357.7,1.1,0,1000.5,1004.8,78.6,0,0
763,2022-07-11 16:00,28.5,1.1,1.1,0,1000.5,1004.8,77.9,0,0
763,2022-07-11 17:00,28,330.4,1.1,0,1000.8,1005.1,79,0,0
763,2022-07-11 18:00,25.5,287.6,1.2,3,1001.1,1005.4,99.8,0,0
763,2022-07-11 19:00,25.7,0,.3,1,1001.1,1005.4,99.8,0,0
763,2022-07-11 20:00,25.3,0,.1,0,1001.6,1005.9,99.8,0,0
763,2022-07-11 21:00,24.7,0,0,0,1002.3,1006.6,99.8,0,0
763,2022-07-11 22:00,24.5,0,0,0,1003.1,1007.4,99.8,0,0
763,2022-07-11 23:00,24.5,0,.1,0,1003,1007.3,99.8,0,0
763,2022-07-12 00:00,24.6,0,0,0,1003.2,1007.5,99.8,0,0
763,2022-07-12 01:00,24.7,0,0,0,1002.8,1007.1,99.8,0,0
763,2022-07-12 02:00,24.4,0,0,0,1002.8,1007.1,99.8,0,0
763,2022-07-12 03:00,24.5,73.8,.5,0,1002.5,1006.8,99.8,0,0
763,2022-07-12 04:00,24.3,0,.3,0,1002.2,1006.5,99.8,0,0
763,2022-07-12 05:00,24.3,0,.4,0,1002.7,1007,99.8,0,0
763,2022-07-12 06:00,24,22,.8,0,1002.8,1007.1,99.8,0,0
763,2022-07-12 07:00,24.2,21.4,.8,0,1002.8,1007.1,99.8,0,0
763,2022-07-12 08:00,25.1,0,.4,0,1002.7,1007,99.8,0,0
763,2022-07-12 09:00,26.5,293.7,1,0,1003.2,1007.5,92.8,0,0
763,2022-07-12 10:00,27.3,301.7,1,0,1003.5,1007.8,89.2,0,0
763,2022-07-12 11:00,27.9,355.4,.9,0,1004.1,1008.4,85.8,0,0
763,2022-07-12 12:00,29.1,5.1,.9,0,1003.6,1007.9,77.2,0,0
763,2022-07-12 13:00,29.3,26.3,.9,0,1003.3,1007.5,74.9,0,0
763,2022-07-12 14:00,28.5,339.7,1.2,0,1003,1007.3,83.1,0,0
763,2022-07-12 15:00,29.2,337.9,.5,0,1002.8,1007,78.2,0,0
763,2022-07-12 16:00,29.3,0,.4,0,1002.5,1006.7,77.7,0,0
763,2022-07-12 17:00,28.7,2.8,.6,0,1002,1006.3,80.5,0,0
763,2022-07-12 18:00,28.2,0,.4,0,1002.2,1006.5,86.4,0,0
763,2022-07-12 19:00,27.7,342,.6,0,1002.3,1006.6,88.3,0,0
763,2022-07-12 20:00,26.9,0,.3,0,1002.5,1006.8,94.6,0,0
763,2022-07-12 21:00,26.3,0,.1,0,1002.9,1007.2,95.5,0,0
763,2022-07-12 22:00,25.9,0,0,0,1003.2,1007.5,98.1,0,0
763,2022-07-12 23:00,25.9,0,.2,0,1001.8,1006.1,98.8,0,0
763,2022-07-13 00:00,26.7,233.6,.5,0,1002.5,1006.8,87.8,0,0
763,2022-07-13 01:00,26.5,0,.4,0,1001.7,1006,81.3,0,0
763,2022-07-13 02:00,25.9,0,.3,0,1002.2,1006.5,83.7,0,0
763,2022-07-13 03:00,25.9,0,.3,0,1002.4,1006.7,81.2,0,0
763,2022-07-13 04:00,25.4,114.2,.7,0,1001.4,1005.7,83.7,0,0
763,2022-07-13 05:00,24.8,0,.1,0,1001.3,1005.6,87.4,0,0
763,2022-07-13 06:00,24.5,91.7,.5,0,1001.9,1006.2,88.8,0,0
763,2022-07-13 07:00,25.3,160.6,.7,0,1001.9,1006.2,81.9,0,0
763,2022-07-13 08:00,25.9,163.7,.9,0,1002.1,1006.4,79.7,0,0
763,2022-07-13 09:00,25.9,140.9,1,0,1001.2,1005.5,79.7,0,0
763,2022-07-13 10:00,26.5,125.2,.9,0,1000.8,1005.1,77.5,0,0
763,2022-07-13 11:00,25.9,141.6,.6,0,1000.7,1005,83.9,0,0
763,2022-07-13 12:00,26.5,137.3,1.1,0,999.3,1003.6,83.4,0,0
763,2022-07-13 13:00,26.9,184.2,.8,0,999,1003.3,80.4,0,0
763,2022-07-13 14:00,25.4,139.9,1,1,998.3,1002.6,91.6,0,0
763,2022-07-13 15:00,26,205,1.2,1,996.9,1001.2,88,0,0
763,2022-07-13 16:00,26.3,161.1,1.5,0,996.3,1000.6,84.1,0,0
763,2022-07-13 17:00,26.6,150.9,1.9,0,995.6,999.9,80.1,0,0
763,2022-07-13 18:00,26.9,168.3,1.3,0,995.3,999.6,76.7,0,0
763,2022-07-13 19:00,26.5,186.3,.9,0,995.7,1000,78.3,0,0
763,2022-07-13 20:00,25.5,0,.4,0,996.1,1000.4,84.9,0,0
763,2022-07-13 21:00,26.1,203.5,.6,0,996.2,1000.5,78.6,0,0
763,2022-07-13 22:00,26.7,208,1,0,996.3,1000.6,74.8,0,0
763,2022-07-13 23:00,26.4,0,.4,0,996.3,1000.6,77.5,0,0
763,2022-07-14 00:00,26,149.6,1.2,0,995.6,999.9,81.3,0,0
763,2022-07-14 01:00,26.5,132.2,1.3,0,995.2,999.5,80.8,0,0
763,2022-07-14 02:00,25.5,233.8,.7,0,995.4,999.7,91.2,0,0
763,2022-07-14 03:00,25.5,236.2,.9,1.5,995.2,999.5,99.8,0,0
763,2022-07-14 04:00,25.1,260.5,1.9,0,994.8,999.1,99.8,0,0
763,2022-07-14 05:00,24.3,0,.3,0,995.3,999.6,99.8,0,0
763,2022-07-14 06:00,24,254.7,1.1,0,995.9,1000.2,97.3,0,0
763,2022-07-14 07:00,24.3,213.8,.7,0,995.8,1000.1,95.5,0,0
763,2022-07-14 08:00,24.2,260.7,1.3,0,996.5,1000.8,96.4,0,0
763,2022-07-14 09:00,24.7,262.3,1.1,0,996.4,1000.7,93.2,0,0
763,2022-07-14 10:00,25.3,257.2,1.4,0,996.6,1000.9,88.7,0,0
763,2022-07-14 11:00,26.6,224.2,1.2,0,996.5,1000.8,84.4,0,0
763,2022-07-14 12:00,26.5,258.6,1.5,0,996.6,1000.9,81.9,0,0
763,2022-07-14 13:00,26.7,288.2,2.2,0,996.8,1001.1,84.3,0,0
763,2022-07-14 14:00,26.5,279.9,2.4,0,997.1,1001.4,81.9,0,0
763,2022-07-14 15:00,26.9,249.2,1.2,0,997.1,1001.4,80.2,0,0
763,2022-07-14 16:00,28.2,234.1,1.5,0,997,1001.2,72.9,0,0
763,2022-07-14 17:00,27.3,243.8,1.8,0,996.8,1001.1,77.2,0,0
763,2022-07-14 18:00,26.1,254.9,1.8,0,996.5,1000.8,81.1,0,0
763,2022-07-14 19:00,25.8,238.8,.9,0,996.5,1000.8,83,0,0
763,2022-07-14 20:00,24.7,253.3,.8,0,996.8,1001.1,89,0,0
763,2022-07-14 21:00,24,0,.4,0,997.2,1001.5,93,0,0
763,2022-07-14 22:00,23.8,241.3,.6,0,997.7,1002,93,0,0
763,2022-07-14 23:00,23.4,0,.2,0,997.6,1001.9,93.9,0,0
763,2022-07-15 00:00,23.1,0,.2,0,997.4,1001.7,94.9,0,0
763,2022-07-15 01:00,22.8,0,.4,0,997.4,1001.7,95.4,0,0
763,2022-07-15 02:00,22.8,0,.1,0,997.5,1001.8,96.3,0,0
763,2022-07-15 03:00,22.8,0,0,0,997.3,1001.6,96.5,0,0
763,2022-07-15 04:00,21.7,0,.3,0,996.8,1001.1,99.8,0,0
763,2022-07-15 05:00,20.6,0,.1,0,997,1001.4,99.8,0,0
763,2022-07-15 06:00,20.5,0,.1,0,997.3,1001.7,99.8,0,0
763,2022-07-15 07:00,21.9,79.5,.5,0,997.4,1001.7,99.8,0,0
763,2022-07-15 08:00,24.5,3.7,.5,0,997.4,1001.7,82.4,0,0
763,2022-07-15 09:00,24.2,334.4,.6,0,996.8,1001.1,87.3,0,0
763,2022-07-15 10:00,25.2,306.7,1.7,0,997,1001.3,75.1,0,0
763,2022-07-15 11:00,27.3,278.2,1.2,0,997,1001.3,68.3,0,0
763,2022-07-15 12:00,27.4,288.8,.9,0,996.8,1001.1,64.1,0,0
763,2022-07-15 13:00,28.8,84.3,1.1,0,996.3,1000.5,59,0,0
763,2022-07-15 14:00,29.3,353.6,.8,0,995.6,999.8,60.6,0,0
763,2022-07-15 15:00,29.9,284.7,1.1,0,994.9,999.1,56.5,0,0
763,2022-07-15 16:00,29.7,320.3,1.2,0,994.7,998.9,56.8,0,0
763,2022-07-15 17:00,29.7,0,.4,0,994,998.2,57.5,0,0
763,2022-07-15 18:00,29.8,321.7,.5,0,993.7,997.9,57.4,0,0
763,2022-07-15 19:00,28.4,272.1,1.2,0,993.9,998.1,68.2,0,0
763,2022-07-15 20:00,26.5,255.8,.9,0,994.1,998.4,75.6,0,0
763,2022-07-15 21:00,24.5,0,.2,0,994.6,998.9,87.5,0,0
763,2022-07-15 22:00,23.5,0,.4,0,995.1,999.4,94.2,0,0
763,2022-07-15 23:00,22.9,0,.2,0,995.1,999.4,96.9,0,0
763,2022-07-16 00:00,22,0,0,0,994.9,999.2,99.8,0,0
763,2022-07-16 01:00,22,108.1,.5,0,994.3,998.6,99.8,0,0
763,2022-07-16 02:00,21.8,0,.3,0,994,998.3,99.8,0,0
763,2022-07-16 03:00,22.7,0,.1,0,994,998.3,98.7,0,0
763,2022-07-16 04:00,21.8,0,.3,0,994.1,998.4,99.8,0,0
763,2022-07-16 05:00,22.8,0,.2,0,994.3,998.6,99.8,0,0
763,2022-07-16 06:00,22.7,120.3,.5,0,994.4,998.7,99.8,0,0
763,2022-07-16 07:00,24.5,0,.3,0,994.6,998.9,92,0,0
763,2022-07-16 08:00,25,0,.4,0,994.9,999.2,86.5,0,0
763,2022-07-16 09:00,25.6,220.2,.8,0,995,999.3,82.2,0,0
763,2022-07-16 10:00,26.6,238.5,.9,0,994.9,999.2,77.8,0,0
763,2022-07-16 11:00,28,250,1,0,994.6,998.8,63.5,0,0
763,2022-07-16 12:00,29.6,237.8,1.4,0,994.4,998.6,65.7,0,0
763,2022-07-16 13:00,29.3,234.2,1.2,0,994.3,998.5,62.5,0,0
763,2022-07-16 14:00,29.6,258.9,2.2,0,994.2,998.4,60.6,0,0
763,2022-07-16 15:00,29.5,255.3,2.1,0,993.9,998.1,62.5,0,0
763,2022-07-16 16:00,28.4,282.6,3,0,994.2,998.4,65.9,0,0
763,2022-07-16 17:00,28,278.6,3.3,0,994.4,998.6,61.1,0,0
763,2022-07-16 18:00,27.7,260.5,2,0,994.7,998.9,64.3,0,0
763,2022-07-16 19:00,26.4,259,1.7,0,995.2,999.5,70,0,0
763,2022-07-16 20:00,25.2,263.2,.8,0,995.5,999.8,75.9,0,0
763,2022-07-16 21:00,23.7,0,.3,0,996.2,1000.5,84.6,0,0
763,2022-07-16 22:00,23.1,0,0,0,996.2,1000.5,88.2,0,0
763,2022-07-16 23:00,22.2,0,.2,0,996,1000.3,93.7,0,0
763,2022-07-17 00:00,21.9,0,.1,0,996.2,1000.5,95.2,0,0
763,2022-07-17 01:00,21.8,0,.1,0,996.1,1000.4,96.7,0,0
763,2022-07-17 02:00,22.1,0,.1,0,996,1000.3,96.6,0,0
763,2022-07-17 03:00,21.8,0,.1,0,995.8,1000.1,99.8,0,0
763,2022-07-17 04:00,21.8,0,.1,0,996,1000.3,99.8,0,0
763,2022-07-17 05:00,21.5,0,0,0,996.2,1000.5,99.8,0,0
763,2022-07-17 06:00,21.9,0,.2,0,996.8,1001.1,99.8,0,0
763,2022-07-17 07:00,23.4,0,.4,0,997.1,1001.4,96.6,0,0
763,2022-07-17 08:00,24.8,0,.4,0,997.3,1001.6,84.9,0,0
763,2022-07-17 09:00,26.6,252.4,.8,0,997.4,1001.7,78.7,0,0
763,2022-07-17 10:00,26.8,244.1,1.2,0,997.2,1001.5,72,0,0
763,2022-07-17 11:00,28,251.5,1.3,0,997.1,1001.3,69.1,0,0
763,2022-07-17 12:00,29.1,238.7,.8,0,996.9,1001.1,60.6,0,0
763,2022-07-17 13:00,29.2,270.7,2.1,0,996.6,1000.8,61.3,0,0
763,2022-07-17 14:00,29.1,262.5,1.5,0,996.4,1000.6,62.3,0,0
763,2022-07-17 15:00,28.2,263.2,1.9,0,996.3,1000.5,67.3,0,0
763,2022-07-17 16:00,28.9,254.2,1.4,0,996.3,1000.5,66.9,0,0
763,2022-07-17 17:00,27.9,254,1.3,0,996,1000.2,67.7,0,0
763,2022-07-17 18:00,27.2,253.2,.9,0,995.8,1000.1,73,0,0
763,2022-07-17 19:00,26.8,0,.2,0,995.9,1000.2,74.3,0,0
763,2022-07-17 20:00,26.1,0,.2,0,996.6,1000.9,79.4,0,0
763,2022-07-17 21:00,25.4,0,.1,0,997.2,1001.5,86.2,0,0
763,2022-07-17 22:00,25.5,0,0,0,998,1002.3,88.2,0,0
763,2022-07-17 23:00,25,115.6,.5,0,997.7,1002,90.6,0,0
763,2022-07-18 00:00,23.9,0,.2,0,997.3,1001.6,97.9,0,0
763,2022-07-18 01:00,23.9,0,.1,0,997.3,1001.6,98.6,0,0
763,2022-07-18 02:00,24.1,39.7,.8,0,996.3,1000.6,97.6,0,0
763,2022-07-18 03:00,24.1,0,.4,0,996.2,1000.5,96.4,0,0
763,2022-07-18 04:00,24.6,194.7,.9,0,996.8,1001.1,89.9,0,0
763,2022-07-18 05:00,21.9,0,.4,1.5,997.2,1001.5,96.5,0,0
763,2022-07-18 06:00,21.6,69.1,1.2,8,996.2,1000.5,99.8,0,0
763,2022-07-18 07:00,21.3,22.6,1.1,8,995.8,1000.1,99.8,0,0
763,2022-07-18 08:00,21.7,0,.3,6,995.1,999.4,99.8,0,0
763,2022-07-18 09:00,21.9,82.6,1.3,6,994.7,999,99.8,0,0
763,2022-07-18 10:00,22.2,0,.4,11,994.5,998.8,99.8,0,0
763,2022-07-18 11:00,22.6,187.3,.6,9,994,998.3,99.8,0,0
763,2022-07-18 12:00,23,356,1,1.5,994,998.3,99.8,0,0
763,2022-07-18 13:00,22.8,16.4,1.2,4,993.4,997.7,99.8,0,0
763,2022-07-18 14:00,23.4,359.7,.8,0,992.8,997.1,99.8,0,0
763,2022-07-18 15:00,22.9,23.7,1.7,4,992.7,997,99.8,0,0
763,2022-07-18 16:00,22.9,7,1.4,1.5,992.3,996.6,99.8,0,0
763,2022-07-18 17:00,22.4,12.8,1.8,3,992.3,996.6,99.8,0,0
763,2022-07-18 18:00,22.2,23.7,2,1,992.4,996.7,99.8,0,0
763,2022-07-18 19:00,22,12.7,1.6,1,992.9,997.2,99.8,0,0
763,2022-07-18 20:00,21.8,26,1.6,.5,993.3,997.6,99.8,0,0
763,2022-07-18 21:00,22,0,.3,0,993.7,998,99.8,0,0
763,2022-07-18 22:00,21.9,6.4,1,1.5,994.2,998.5,99.8,0,0
763,2022-07-18 23:00,21.9,0,.4,0,994.4,998.7,99.8,0,0
763,2022-07-19 00:00,21.8,312.9,.7,0,994.8,999.1,99.8,0,0
763,2022-07-19 01:00,21.8,349.4,.7,0,995,999.3,99.8,0,0
763,2022-07-19 02:00,21.6,0,.4,0,995.1,999.4,99.8,0,0
763,2022-07-19 03:00,21.5,327.4,.6,0,995.4,999.7,99.8,0,0
763,2022-07-19 04:00,21.5,338.8,.5,0,995.6,999.9,99.8,0,0
763,2022-07-19 05:00,21.3,0,0,0,996.1,1000.5,99.8,0,0
763,2022-07-19 06:00,21.3,0,0,0,996.4,1000.8,99.8,0,0
763,2022-07-19 07:00,21.9,0,.4,0,997.1,1001.4,99.8,0,0
763,2022-07-19 08:00,22.8,0,.4,0,997.4,1001.7,99.3,0,0
763,2022-07-19 09:00,23.8,0,.2,0,998.3,1002.6,93.6,,
763,2022-07-19 10:00,25.3,0,.3,0,998.3,1002.6,87.2,,
763,2022-07-19 11:00,25.9,0,.3,0,998.6,1002.9,84.2,,
763,2022-07-19 12:00,26.8,224.1,.5,0,998.5,1002.8,80.5,,
763,2022-07-19 13:00,29.2,233.3,1.1,0,998.2,1002.4,72.8,,
763,2022-07-19 14:00,28.7,270,1.7,0,998.3,1002.5,67.1,,
763,2022-07-19 15:00,28.9,266.3,2.3,0,998.6,1002.8,67.5,,
763,2022-07-19 16:00,28.1,280.4,3.2,0,999,1003.3,69.9,,
763,2022-07-19 17:00,27.6,282.1,2.4,0,999.2,1003.5,77,,
763,2022-07-19 18:00,26.6,262.8,2.5,0,999.9,1004.2,76.4,,
763,2022-07-19 19:00,25.7,282.2,1.5,0,1000.5,1004.8,82.6,,
763,2022-07-19 20:00,25,0,.4,0,1001,1005.3,88.6,,
763,2022-07-19 21:00,24.3,0,.2,0,1001.5,1005.8,94.5,,
763,2022-07-19 22:00,23.3,0,0,0,1002,1006.3,99.8,,
763,2022-07-19 23:00,23.6,0,0,0,1002.3,1006.6,98.7,,
763,2022-07-20 00:00,23.6,114.3,.8,0,1002.1,1006.4,99.8,0,0
763,2022-07-20 01:00,23.4,0,0,0,1002,1006.3,99.8,0,0
763,2022-07-20 02:00,23.5,0,.3,0,1002,1006.3,99.8,0,0
763,2022-07-20 03:00,23.2,0,0,0,1002.3,1006.6,99.8,0,0
763,2022-07-20 04:00,23,0,.3,0,1002.5,1006.8,99.8,0,0
763,2022-07-20 05:00,22.9,0,.4,0,1002.6,1006.9,99.8,0,0
763,2022-07-20 06:00,22.8,0,.1,0,1002.9,1007.2,99.8,0,0
763,2022-07-20 07:00,24.4,0,.1,0,1003.4,1007.7,92.8,0,0
763,2022-07-20 08:00,25.3,0,.2,0,1003.6,1007.9,86.2,0,0
763,2022-07-20 09:00,26.8,102.3,.7,0,1003.5,1007.8,77.4,0,0
763,2022-07-20 10:00,26.8,309.3,.9,0,1003.4,1007.7,77.1,0,0
763,2022-07-20 11:00,28.3,316.4,.8,0,1003.1,1007.4,71.9,0,0
763,2022-07-20 12:00,29,10.1,1.4,0,1002.6,1006.8,66.6,0,0
763,2022-07-20 13:00,30.3,8.7,1.4,0,1002.1,1006.3,65.9,0,0
763,2022-07-20 14:00,30.7,338,1.3,0,1001.8,1006,62,0,0
763,2022-07-20 15:00,31,13,1.1,0,1001.4,1005.6,52.9,0,0
763,2022-07-20 16:00,31.6,329.8,1.1,0,1001.1,1005.3,49.8,0,0
763,2022-07-20 17:00,31.2,308.3,.5,0,1001,1005.2,53,0,0
763,2022-07-20 18:00,30,272.4,1.2,0,1000.7,1004.9,63.1,0,0
763,2022-07-20 19:00,28.2,271.1,1.1,0,1000.7,1005,78.3,0,0
763,2022-07-20 20:00,27,0,.2,0,1000.2,1004.5,85.7,0,0
763,2022-07-20 21:00,26.6,0,.3,0,1001.1,1005.4,90,0,0
763,2022-07-20 22:00,26,124.1,.5,0,1000.3,1004.6,95.7,0,0
763,2022-07-20 23:00,25.4,116.4,.7,0,999.6,1003.9,97.1,0,0
763,2022-07-21 00:00,25.2,206.2,.5,1,999.9,1004.2,99,0,0
763,2022-07-21 01:00,24.1,0,.3,3,999,1003.3,97.6,0,0
763,2022-07-21 02:00,23.6,0,.3,3.5,997.8,1002.1,99.8,0,0
763,2022-07-21 03:00,23.7,152.8,1.1,2,996.3,1000.6,95.1,0,0
763,2022-07-21 04:00,24.2,144.4,1.2,0,995.6,999.9,91.2,0,0
763,2022-07-21 05:00,24.6,142.4,1,0,995.1,999.4,89,0,0
763,2022-07-21 06:00,25.3,132.9,1.1,0,994.8,999.1,88.3,0,0
763,2022-07-21 07:00,26.2,177.5,1.1,0,994.4,998.7,85.4,0,0
763,2022-07-21 08:00,25.8,209.9,1.1,0,994.4,998.7,90,0,0
763,2022-07-21 09:00,25.2,203.6,1.5,0,994.3,998.6,93,0,0
763,2022-07-21 10:00,24.7,191.9,1.3,0,994.7,999,98.2,0,0
763,2022-07-21 11:00,26,207.7,1,.5,994.9,999.2,93.2,0,0
763,2022-07-21 12:00,25.4,247.9,1.7,0,995.3,999.6,97.2,0,0
763,2022-07-21 13:00,24.4,337.1,1.3,0,996.8,1001.1,94.5,0,0
763,2022-07-21 14:00,23.8,286.6,3.2,0,997.9,1002.2,86,0,0
763,2022-07-21 15:00,24.3,269.3,1.8,0,998.5,1002.8,82.6,0,0
763,2022-07-21 16:00,24.5,252.1,1.6,0,998.7,1003,80.5,0,0
763,2022-07-21 17:00,23.3,256.8,1,0,999,1003.3,89.7,0,0
763,2022-07-21 18:00,23.8,251.8,.7,0,999.1,1003.4,87.6,0,0
763,2022-07-21 19:00,24.7,249.7,.9,0,999.1,1003.4,82.6,0,0
763,2022-07-21 20:00,24,250.6,1.8,0,999.9,1004.2,84.5,0,0
763,2022-07-21 21:00,23.4,254.6,1.3,0,1000.6,1004.9,85.9,0,0
763,2022-07-21 22:00,23,240.5,.8,0,1001.2,1005.5,87.8,0,0
763,2022-07-21 23:00,22.6,0,.3,0,1001.4,1005.7,90.6,0,0
763,2022-07-22 00:00,22.8,253.2,1.1,0,1001.6,1005.9,89.6,0,0
763,2022-07-22 01:00,22.7,238.6,.8,0,1001.6,1005.9,90.5,0,0
763,2022-07-22 02:00,22.6,259.4,1.7,0,1001.7,1006,89.8,0,0
763,2022-07-22 03:00,22.6,0,.4,0,1001.6,1005.9,89.5,0,0
763,2022-07-22 04:00,22.3,0,.3,0,1002.1,1006.5,91.4,0,0
763,2022-07-22 05:00,21.8,0,.2,0,1001.8,1006.2,95.2,0,0
763,2022-07-22 06:00,21.3,103.8,.6,0,1002.2,1006.6,99.3,0,0
763,2022-07-22 07:00,22.6,0,0,0,1002.6,1006.9,94.1,0,0
763,2022-07-22 08:00,23.6,278.8,.5,0,1002.7,1007,86.7,0,0
763,2022-07-22 09:00,25.4,286.3,1.1,0,1002.5,1006.8,72.4,0,0
763,2022-07-22 10:00,25.3,337.1,1.2,0,1002.2,1006.5,71.3,0,0
763,2022-07-22 11:00,25.9,292.6,.6,0,1002.2,1006.5,71.4,0,0
763,2022-07-22 12:00,26.3,258.6,1.2,0,1002,1006.3,71.9,0,0
763,2022-07-22 13:00,27.6,256.5,.7,0,1001.4,1005.7,66.9,0,0
763,2022-07-22 14:00,27.1,273.8,.6,0,1001.3,1005.6,69.5,0,0
763,2022-07-22 15:00,28.5,261,2.6,0,1001.1,1005.4,59.8,0,0
763,2022-07-22 16:00,27.7,273.7,2.9,0,1001.2,1005.5,60.5,0,0
763,2022-07-22 17:00,27.5,269.2,2.1,0,1001.3,1005.6,63.9,0,0
763,2022-07-22 18:00,27,259.8,1.6,0,1001.2,1005.5,65.9,0,0
763,2022-07-22 19:00,26,268.3,1.4,0,1001.4,1005.7,73.8,0,0
763,2022-07-22 20:00,24.3,0,.4,0,1001.7,1006,85.1,0,0
763,2022-07-22 21:00,22.9,0,.2,0,1002,1006.3,93.9,0,0
763,2022-07-22 22:00,22.3,0,.1,0,1002.6,1007,95.9,0,0
763,2022-07-22 23:00,21.5,0,.4,0,1002.4,1006.8,98.4,0,0
763,2022-07-23 00:00,21.4,0,0,0,1002.3,1006.7,99.6,0,0
763,2022-07-23 01:00,21,0,0,0,1002.3,1006.7,99.8,0,0
763,2022-07-23 02:00,21.1,0,.1,0,1002.4,1006.8,99.8,0,0
763,2022-07-23 03:00,20.9,0,0,0,1002.1,1006.5,99.8,0,0
763,2022-07-23 04:00,20.4,0,.1,0,1001.9,1006.3,99.8,0,0
763,2022-07-23 05:00,20.1,0,0,0,1001.4,1005.8,99.8,0,0
763,2022-07-23 06:00,20,0,0,0,1002,1006.4,99.8,0,0
763,2022-07-23 07:00,21.8,0,.3,0,1002,1006.4,99.8,0,0
763,2022-07-23 08:00,23.5,9.1,.6,0,1002,1006.3,91.2,0,0
763,2022-07-23 09:00,25.8,130.7,.7,0,1001.8,1006.1,75.9,0,0
763,2022-07-23 10:00,26,224.4,.5,0,1001.9,1006.2,77.3,0,0
763,2022-07-23 11:00,26.4,222.5,.7,0,1002.3,1006.6,71.3,0,0
763,2022-07-23 12:00,27.1,143.3,.6,0,1001.7,1006,69.7,0,0
763,2022-07-23 13:00,27.4,225.9,.5,0,1001.4,1005.7,69.3,0,0
763,2022-07-23 14:00,27.4,100.7,.8,0,1000.7,1005,72.4,0,0
763,2022-07-23 15:00,27.5,114.9,.7,0,1000.2,1004.5,72.2,0,0
763,2022-07-23 16:00,27.3,0,.3,0,999.7,1004,72.6,0,0
763,2022-07-23 17:00,26.7,120.3,.6,0,998.9,1003.2,77.3,0,0
763,2022-07-23 18:00,26.3,124.7,.6,0,997.9,1002.2,78.3,0,0
763,2022-07-23 19:00,25,0,.4,0,998.2,1002.5,85,0,0
763,2022-07-23 20:00,23.6,176.7,1.2,2.5,997.7,1002,92.5,0,0
763,2022-07-23 21:00,24.6,128.7,1,0,997.5,1001.8,82,0,0
763,2022-07-23 22:00,24.9,144.7,1.6,0,996.8,1001.1,76.7,0,0
763,2022-07-23 23:00,22.6,241.6,1,3,998,1002.3,93.3,0,0
763,2022-07-24 00:00,22.3,120.3,.8,.5,997.5,1001.8,99.2,0,0
763,2022-07-24 01:00,22.6,0,.4,1.5,997,1001.3,98.6,0,0
763,2022-07-24 02:00,23.2,131.3,.8,0,996.2,1000.5,94.3,0,0
763,2022-07-24 03:00,23.9,195,.8,0,996.1,1000.4,91.4,0,0
763,2022-07-24 04:00,24,132.9,.6,0,996.1,1000.4,92,0,0
763,2022-07-24 05:00,24.1,154.6,.6,0,996,1000.3,93.5,0,0
763,2022-07-24 06:00,24.4,179.9,.5,0,996.2,1000.5,92.1,0,0
763,2022-07-24 07:00,24.4,0,.4,0,996.3,1000.6,91.2,0,0
763,2022-07-24 08:00,24.6,160.7,.5,0,996.8,1001.1,90.2,0,0
763,2022-07-24 09:00,24.1,121.2,.6,.5,997,1001.3,98.2,0,0
763,2022-07-24 10:00,24.3,206.1,.6,.5,997.4,1001.7,96.8,0,0
763,2022-07-24 11:00,25.6,217.8,.9,0,997.4,1001.7,90.3,0,0
763,2022-07-24 12:00,25.6,205.4,.8,0,997.5,1001.8,88.5,0,0
763,2022-07-24 13:00,24.5,217.5,.7,.5,997.5,1001.8,98.1,0,0
763,2022-07-24 14:00,24.7,191.1,.7,.5,997.5,1001.8,99.8,0,0
763,2022-07-24 15:00,24.9,160.5,.6,.5,997.4,1001.7,98.7,0,0
763,2022-07-24 16:00,25.5,0,.4,0,997.6,1001.9,99.5,0,0
763,2022-07-24 17:00,25.6,228.1,1,.5,998,1002.3,97.8,0,0
763,2022-07-24 18:00,25.5,242.5,1.1,0,998.3,1002.6,97.8,0,0
763,2022-07-24 19:00,24.9,244.8,1.2,0,998.9,1003.2,99.2,0,0
763,2022-07-24 20:00,24.4,241.6,.9,1,999.6,1003.9,99.8,0,0
763,2022-07-24 21:00,24.1,219.1,.7,0,1000.4,1004.7,99.8,0,0
763,2022-07-24 22:00,23.9,0,.4,0,1001.3,1005.6,99.4,0,0
763,2022-07-24 23:00,23.9,0,.3,0,1001.5,1005.8,99.8,0,0
763,2022-07-25 00:00,23.9,0,.4,0,1001.9,1006.2,99.8,0,0
763,2022-07-25 01:00,23.9,0,.4,0,1002.3,1006.6,99.7,0,0
763,2022-07-25 02:00,23.7,0,.2,0,1002.3,1006.6,99.8,0,0
763,2022-07-25 03:00,23.7,0,.4,0,1002.5,1006.8,99.6,0,0
763,2022-07-25 04:00,23.6,0,.1,0,1003,1007.3,99.8,0,0
763,2022-07-25 05:00,23.4,0,.2,0,1003.4,1007.7,99.8,0,0
763,2022-07-25 06:00,23.5,0,.2,0,1004,1008.3,99.8,0,0
763,2022-07-25 07:00,24.8,0,.2,0,1003.9,1008.2,93.6,0,0
763,2022-07-25 08:00,24.6,0,.3,0,1004.7,1009,93.1,0,0
763,2022-07-25 09:00,25.5,0,.3,0,1005.2,1009.5,91,0,0
763,2022-07-25 10:00,25.8,266.5,.8,0,1005.2,1009.5,84.7,0,0
763,2022-07-25 11:00,27.2,215.4,.8,0,1005.5,1009.8,80.3,0,0
763,2022-07-25 12:00,28.6,272,.6,0,1005.2,1009.5,67.8,0,0
763,2022-07-25 13:00,30,215.4,.8,0,1004.7,1009,64.7,0,0
763,2022-07-25 14:00,30.7,323.4,.9,0,1004.6,1008.9,64.7,0,0
763,2022-07-25 15:00,30.7,252.7,1.6,0,1004.4,1008.6,64.7,0,0
763,2022-07-25 16:00,29.7,279.3,2.3,0,1004.2,1008.4,69.4,0,0
763,2022-07-25 17:00,29.3,279.2,2.3,0,1004.1,1008.3,69.6,0,0
763,2022-07-25 18:00,29.2,265.8,1.4,0,1003.6,1007.8,72.7,0,0
763,2022-07-25 19:00,28.4,287,.8,0,1003.6,1007.9,78.8,0,0
763,2022-07-25 20:00,25.9,0,0,0,1003.8,1008.1,96.8,0,0
763,2022-07-25 21:00,25,0,.2,0,1004.4,1008.7,98.8,0,0
763,2022-07-25 22:00,24.5,0,.3,0,1005,1009.3,99.7,0,0
763,2022-07-25 23:00,24,0,.2,0,1005.3,1009.6,99.8,0,0
763,2022-07-26 00:00,23.4,0,.4,0,1005.5,1009.8,99.8,0,0
763,2022-07-26 01:00,23.4,0,.1,0,1005.6,1009.9,99.8,0,0
763,2022-07-26 02:00,23.2,0,.1,0,1005.3,1009.6,99.8,0,0
763,2022-07-26 03:00,22.7,0,.1,0,1005.1,1009.5,99.8,0,0
763,2022-07-26 04:00,22.4,0,.2,0,1005,1009.4,99.8,0,0
763,2022-07-26 05:00,22.1,0,0,0,1005.4,1009.8,99.8,0,0
763,2022-07-26 06:00,22.1,0,.1,0,1005.7,1010.1,99.8,0,0
763,2022-07-26 07:00,23.5,0,.4,0,1005.6,1009.9,99.8,0,0
763,2022-07-26 08:00,25.6,346.5,.6,0,1005.7,1010,92.8,0,0
763,2022-07-26 09:00,27.4,312.1,1.1,0,1005.7,1010,85.1,0,0
763,2022-07-26 10:00,28.9,.8,1.2,0,1005.6,1009.9,78,0,0
763,2022-07-26 11:00,30.3,38.6,1,0,1005.2,1009.5,72.5,0,0
763,2022-07-26 12:00,31,293.1,1.5,0,1004.8,1009,65.1,0,0
763,2022-07-26 13:00,31.8,255.5,1.4,0,1004.4,1008.6,61.3,0,0
763,2022-07-26 14:00,30.5,273,2.6,0,1004.2,1008.5,69.7,0,0
763,2022-07-26 15:00,30.9,275.4,2.3,0,1003.6,1007.8,70.2,0,0
763,2022-07-26 16:00,30.8,279.6,2.2,0,1003.5,1007.7,71.1,0,0
763,2022-07-26 17:00,30.1,268.7,2.1,0,1003.7,1008,73.7,0,0
763,2022-07-26 18:00,29.4,272.5,1.3,0,1003.5,1007.7,78.9,0,0
763,2022-07-26 19:00,28,239.5,.9,0,1003.9,1008.2,82.2,0,0
763,2022-07-26 20:00,27,248.5,1.2,0,1004.1,1008.4,85.7,0,0
763,2022-07-26 21:00,26.6,0,.1,0,1004.7,1009,87.6,0,0
763,2022-07-26 22:00,26.4,0,.3,0,1005.4,1009.7,86.5,0,0
763,2022-07-26 23:00,26,105.1,.7,0,1005.5,1009.8,89.7,0,0
763,2022-07-27 00:00,26,0,.2,0,1005.4,1009.7,89.6,0,0
763,2022-07-27 01:00,25.2,0,.2,0,1005.1,1009.4,95.8,0,0
763,2022-07-27 02:00,25,0,.1,0,1005,1009.3,97.5,0,0
763,2022-07-27 03:00,24.3,0,.1,0,1004.5,1008.8,99.6,0,0
763,2022-07-27 04:00,24.2,105.8,.5,0,1004.5,1008.8,99.8,0,0
763,2022-07-27 05:00,23.5,0,.2,0,1004.7,1009,99.8,0,0
763,2022-07-27 06:00,23,0,.2,0,1004.9,1009.2,99.8,0,0
763,2022-07-27 07:00,24.4,0,.1,0,1005.1,1009.4,99.7,0,0
763,2022-07-27 08:00,26.3,0,0,0,1005.4,1009.7,88.9,0,0
763,2022-07-27 09:00,26.9,102.1,.7,0,1005.4,1009.7,81.2,0,0
763,2022-07-27 10:00,27.5,296.2,.5,0,1005.5,1009.8,75.6,0,0
763,2022-07-27 11:00,29,64.8,1.3,0,1005.6,1009.9,62.8,0,0
763,2022-07-27 12:00,29.5,0,.4,0,1005.2,1009.5,64.9,0,0
763,2022-07-27 13:00,30.2,74.6,1.3,0,1004.6,1008.9,60.5,0,0
763,2022-07-27 14:00,31.1,106.1,.9,0,1004.4,1008.6,56.2,0,0
763,2022-07-27 15:00,31.4,106,1.1,0,1004,1008.2,55.9,0,0
763,2022-07-27 16:00,31.4,280.3,.7,0,1003.9,1008.1,55.6,0,0
763,2022-07-27 17:00,31.2,275.8,1.2,0,1003.7,1007.9,56.6,0,0
763,2022-07-27 18:00,31.4,274.9,.7,0,1003.6,1007.8,52.8,0,0
763,2022-07-27 19:00,29,0,.2,0,1003.7,1008,71.3,0,0
763,2022-07-27 20:00,26.7,0,0,0,1004.1,1008.4,79.3,0,0
763,2022-07-27 21:00,25.5,0,.1,0,1004.7,1009,84.4,0,0
763,2022-07-27 22:00,24.9,0,.1,0,1005.2,1009.5,90.8,0,0
763,2022-07-27 23:00,24.7,0,.3,0,1005.6,1009.9,89.5,0,0
763,2022-07-28 00:00,24,7.3,.5,0,1005.7,1010,93.7,0,0
763,2022-07-28 01:00,23.4,0,.1,0,1005.5,1009.8,97.2,0,0
763,2022-07-28 02:00,22.9,0,.3,0,1005.6,1010,95.6,0,0
763,2022-07-28 03:00,22.2,0,.2,0,1005.7,1010.1,99.1,0,0
763,2022-07-28 04:00,21.6,0,.1,0,1005.6,1010,99.8,0,0
763,2022-07-28 05:00,21.5,0,.1,0,1005.6,1010,99.8,0,0
763,2022-07-28 06:00,21.3,0,0,0,1005.9,1010.3,99.8,0,0
763,2022-07-28 07:00,23.4,350.7,.5,0,1006.3,1010.6,92.3,0,0
763,2022-07-28 08:00,25.6,14.1,.5,0,1006.4,1010.7,79.1,0,0
763,2022-07-28 09:00,27.7,42.8,.7,0,1006.1,1010.4,70.9,0,0
763,2022-07-28 10:00,29.3,89.5,.5,0,1006,1010.3,67.6,0,0
763,2022-07-28 11:00,30.9,119.8,.7,0,1006.1,1010.4,63.2,0,0
763,2022-07-28 12:00,31.5,219.3,.8,0,1005.7,1009.9,61.4,0,0
763,2022-07-28 13:00,32.9,79.1,1,0,1005.3,1009.5,56,0,0
763,2022-07-28 14:00,33.5,232.4,.8,0,1005.1,1009.3,55.7,0,0
763,2022-07-28 15:00,32.3,112.5,.5,0,1004.9,1009.1,60.7,0,0
763,2022-07-28 16:00,34.2,230.2,.9,0,1004.9,1009.1,50.9,0,0
763,2022-07-28 17:00,33.4,216.4,.6,0,1004.8,1009,51.1,0,0
763,2022-07-28 18:00,31.1,270.9,2,0,1004.9,1009.1,65.1,0,0
763,2022-07-28 19:00,30.3,261.5,1,0,1005.3,1009.6,67.3,0,0
763,2022-07-28 20:00,28.3,0,.3,0,1005.8,1010.1,82.1,0,0
763,2022-07-28 21:00,27.1,0,0,0,1006.4,1010.7,85.4,0,0
763,2022-07-28 22:00,26.2,0,.2,0,1007,1011.3,90.7,0,0
763,2022-07-28 23:00,25.9,0,.2,0,1007.3,1011.6,90.7,0,0
763,2022-07-29 00:00,25.4,0,.3,0,1007.4,1011.7,95.5,0,0
763,2022-07-29 01:00,24.9,0,.4,0,1007.6,1011.9,98.2,0,0
763,2022-07-29 02:00,24.6,0,.1,0,1007.4,1011.7,99.1,0,0
763,2022-07-29 03:00,24.5,0,0,0,1007.4,1011.7,99.7,0,0
763,2022-07-29 04:00,24.1,0,0,0,1007.4,1011.7,99.8,0,0
763,2022-07-29 05:00,23.7,0,0,0,1007.8,1012.1,99.8,0,0
763,2022-07-29 06:00,23.8,0,.2,0,1007.9,1012.2,99.8,0,0
763,2022-07-29 07:00,25.8,353.1,.5,0,1008.1,1012.4,92.7,0,0
763,2022-07-29 08:00,27.9,19.2,.7,0,1008.1,1012.4,80.3,0,0
763,2022-07-29 09:00,29.6,11.7,.9,0,1008.2,1012.5,73.3,0,0
763,2022-07-29 10:00,30.8,12.5,1.4,0,1008,1012.3,67.1,0,0
763,2022-07-29 11:00,32.7,5.4,1.3,0,1007.6,1011.8,60.1,0,0
763,2022-07-29 12:00,33.9,84.6,.8,0,1007.4,1011.6,58.3,0,0
763,2022-07-29 13:00,34,49.9,1.7,0,1007,1011.2,53.2,0,0
763,2022-07-29 14:00,34.2,94.1,.7,0,1006.3,1010.5,51.3,0,0
763,2022-07-29 15:00,34.6,31.5,2.5,0,1005.8,1010,52.8,0,0
763,2022-07-29 16:00,34.1,38.6,1.9,0,1005.2,1009.4,55.8,0,0
763,2022-07-29 17:00,34.5,51.7,2,0,1005,1009.2,55.7,0,0
763,2022-07-29 18:00,33.7,59,1.7,0,1004.7,1008.9,57.4,0,0
763,2022-07-29 19:00,32.1,76.4,1.5,0,1004.9,1009.1,64.5,0,0
763,2022-07-29 20:00,29.9,0,.3,0,1005.5,1009.7,77.4,0,0
763,2022-07-29 21:00,28.4,0,.1,0,1006,1010.3,84.6,0,0
763,2022-07-29 22:00,27.6,0,0,0,1006.6,1010.9,88.3,0,0
763,2022-07-29 23:00,27.1,0,0,0,1006.3,1010.6,86.9,0,0
763,2022-07-30 00:00,26.3,0,.1,0,1006.4,1010.7,90,0,0
763,2022-07-30 01:00,26,0,0,0,1006.1,1010.4,91.5,0,0
763,2022-07-30 02:00,25.3,0,0,0,1005.7,1010,95.2,0,0
763,2022-07-30 03:00,24.8,0,0,0,1005.8,1010.1,96.8,0,0
763,2022-07-30 04:00,24.8,0,.1,0,1005.3,1009.6,96.8,0,0
763,2022-07-30 05:00,24.3,276.4,.7,0,1004.7,1009,96.6,0,0
763,2022-07-30 06:00,23.9,0,.2,0,1005,1009.3,98,0,0
763,2022-07-30 07:00,27.2,25.4,.7,0,1004.9,1009.2,79.9,0,0
763,2022-07-30 08:00,28.5,69.7,1.3,0,1005.1,1009.4,71.3,0,0
763,2022-07-30 09:00,30.5,32.5,1.8,0,1005.1,1009.4,67.9,0,0
763,2022-07-30 10:00,31.5,81.1,2.3,0,1005.1,1009.3,61,0,0
763,2022-07-30 11:00,31.8,99.3,1.8,0,1004.9,1009.1,60.9,0,0
763,2022-07-30 12:00,32.4,80.2,2.5,0,1004.3,1008.5,61.1,0,0
763,2022-07-30 13:00,31.1,76.1,2.3,0,1004.3,1008.5,62.1,0,0
763,2022-07-30 14:00,31,92.2,1.3,0,1003.8,1008,65,0,0
763,2022-07-30 15:00,30.4,98.4,1.8,0,1003.7,1008,66.7,0,0
763,2022-07-30 16:00,29,81.2,1.7,0,1003.5,1007.8,72.9,0,0
763,2022-07-30 17:00,29.1,78.5,1.8,0,1003.2,1007.5,73.2,0,0
763,2022-07-30 18:00,29.1,58.2,1.3,0,1002.5,1006.7,72.9,0,0
763,2022-07-30 19:00,29,80.5,1.7,0,1002.6,1006.8,73.1,0,0
763,2022-07-30 20:00,28.4,64,1.1,0,1002.6,1006.9,77.8,0,0
763,2022-07-30 21:00,27.3,27.1,.7,0,1003.1,1007.4,86.1,0,0
763,2022-07-30 22:00,26.8,0,.3,0,1002.9,1007.2,89,0,0
763,2022-07-30 23:00,26.9,78.3,.8,0,1002.8,1007.1,85.2,0,0
763,2022-07-31 00:00,26.2,46.8,.7,0,1002.3,1006.6,89.8,0,0
763,2022-07-31 01:00,25.6,0,.4,0,1002.6,1006.9,93.5,0,0
763,2022-07-31 02:00,26.3,41.7,.6,0,1002.4,1006.7,86,0,0
763,2022-07-31 03:00,25.1,0,.1,0,1002,1006.3,94.8,0,0
763,2022-07-31 04:00,24.8,29,.9,0,1001.5,1005.8,99.8,0,0
763,2022-07-31 05:00,24.7,0,.1,0,1000.9,1005.2,99.8,0,0
763,2022-07-31 06:00,24.7,43.5,.6,0,1001.1,1005.4,99.8,0,0
763,2022-07-31 07:00,25.4,78.7,.8,0,1001.2,1005.5,96.9,0,0
763,2022-07-31 08:00,25.9,345.3,.6,.5,1001.3,1005.6,98.2,0,0
763,2022-07-31 09:00,26.4,19.1,1.8,0,1001.2,1005.5,96.7,0,0
763,2022-07-31 10:00,26.2,18.1,.9,1.5,1001.3,1005.6,99.7,0,0
763,2022-07-31 11:00,27.4,29,1.5,.5,1001,1005.3,92.6,0,0
763,2022-07-31 12:00,27.6,53.7,1.2,0,1000.8,1005.1,91.9,0,0
763,2022-07-31 13:00,25.9,83.6,1,5,1000.9,1005.2,99.8,0,0
763,2022-07-31 14:00,25.9,28.4,.5,5,1000.2,1004.5,99.8,0,0
763,2022-07-31 15:00,26.8,0,.3,1,999.9,1004.2,99.8,0,0
763,2022-07-31 16:00,26.9,125.2,.5,0,1000.2,1004.5,94,0,0
763,2022-07-31 17:00,26.9,0,.3,0,1000,1004.3,94.1,0,0
763,2022-07-31 18:00,26.8,31.5,.9,0,999.5,1003.8,96.4,0,0
763,2022-07-31 19:00,26,0,.1,.5,999.8,1004.1,99.8,0,0
763,2022-07-31 20:00,26,0,.3,0,999.6,1003.9,99.8,0,0
763,2022-07-31 21:00,25.5,0,.3,0,1000.4,1004.7,99.8,0,0
763,2022-07-31 22:00,25.2,74.8,.7,.5,1000.6,1004.9,99.8,0,0
763,2022-07-31 23:00,25.1,0,.3,0,1000.4,1004.7,99.8,0,0
763,2022-08-01 00:00,25.3,0,.2,1,1000.3,1004.6,99.8,0,0
763,2022-08-01 01:00,25.6,0,.4,.5,1000.5,1004.8,99.3,0,0
763,2022-08-01 02:00,24.8,0,.3,1.5,1000.1,1004.4,99.8,0,0
763,2022-08-01 03:00,24.8,0,.2,0,1000.3,1004.6,99.8,0,0
763,2022-08-01 04:00,26.2,137.4,.6,.5,1000.4,1004.7,99,0,0
763,2022-08-01 05:00,26.6,143.7,.6,0,1000.7,1005,91.4,0,0
763,2022-08-01 06:00,26.1,0,.4,0,1001,1005.3,93.2,0,0
763,2022-08-01 07:00,26,0,.4,.5,1001.3,1005.6,95.1,0,0
763,2022-08-01 08:00,26.5,115.8,.6,0,1001.3,1005.6,93.4,0,0
763,2022-08-01 09:00,27.5,116.2,.5,0,1001.7,1006,86.3,0,0
763,2022-08-01 10:00,29.8,129.9,1.2,0,1001.4,1005.6,75.2,0,0
763,2022-08-01 11:00,31.2,123.3,1.9,0,1001.1,1005.3,70.8,0,0
763,2022-08-01 12:00,31.7,105.5,1.3,0,1000.7,1004.9,69.5,0,0
763,2022-08-01 13:00,31.8,132.7,.9,0,999.8,1004,66.9,0,0
763,2022-08-01 14:00,32,109.7,1.6,0,999.4,1003.6,66.2,0,0
763,2022-08-01 15:00,31.5,92.1,2.3,0,998.9,1003.1,65.7,0,0
763,2022-08-01 16:00,32.1,91.2,1.4,0,998.4,1002.6,67.3,0,0
763,2022-08-01 17:00,30.2,75.6,2.5,0,998.3,1002.5,71.1,0,0
763,2022-08-01 18:00,29.6,84.6,1.3,0,998.1,1002.3,73.2,0,0
763,2022-08-01 19:00,28.4,102.4,.7,0,998.6,1002.8,82.5,0,0
763,2022-08-01 20:00,29.3,146.1,1.4,0,999.2,1003.4,77,0,0
763,2022-08-01 21:00,28.9,135.9,1,0,1000.2,1004.4,80.6,0,0
763,2022-08-01 22:00,28.5,185.4,.5,0,1001.2,1005.5,82.9,0,0
763,2022-08-01 23:00,28.5,129.8,.6,0,1001.7,1006,79.6,0,0
763,2022-08-02 00:00,27.9,156,.5,0,1001.8,1006.1,81.4,0,0
763,2022-08-02 01:00,27.4,0,.4,0,1002.3,1006.6,84.1,0,0
763,2022-08-02 02:00,26.5,0,.3,0,1002.8,1007.1,90.5,0,0
763,2022-08-02 03:00,26.2,230.6,.5,0,1003.1,1007.4,93.4,0,0
763,2022-08-02 04:00,26.3,202.6,.5,0,1003.6,1007.9,92.4,0,0
763,2022-08-02 05:00,26.4,122.5,.6,0,1003.5,1007.8,92.7,0,0
763,2022-08-02 06:00,26.2,0,.4,.5,1004,1008.3,94.3,0,0
763,2022-08-02 07:00,26.8,146.1,.8,0,1004.2,1008.5,90.3,0,0
763,2022-08-02 08:00,26.1,149.9,.6,0,1004.7,1009,94.9,0,0
763,2022-08-02 09:00,27,0,.4,.5,1005.1,1009.4,90.3,0,0
763,2022-08-02 10:00,28.8,172.1,1,0,1005.4,1009.7,79.7,0,0
763,2022-08-02 11:00,30.4,213.8,1.8,0,1005.1,1009.4,68.2,0,0
763,2022-08-02 12:00,29.2,247.9,2.6,0,1005.1,1009.4,74.7,0,0
763,2022-08-02 13:00,29.8,243.4,2,0,1005.1,1009.3,74,0,0
763,2022-08-02 14:00,30.6,251.4,2.3,0,1004.7,1009,71.2,0,0
763,2022-08-02 15:00,29.6,246.6,1.9,0,1004.7,1008.9,75.1,0,0
763,2022-08-02 16:00,30.2,241.9,1.9,0,1004.9,1009.2,74,0,0
763,2022-08-02 17:00,29.5,238.2,2,0,1005.1,1009.4,76,0,0
763,2022-08-02 18:00,28.9,245.5,1.5,0,1005.3,1009.6,78.7,0,0
763,2022-08-02 19:00,28.5,240.8,.7,0,1005.7,1010,81.1,0,0
763,2022-08-02 20:00,28,242.8,.5,0,1005.9,1010.2,84.1,0,0
763,2022-08-02 21:00,27.9,256,.8,0,1006.2,1010.5,86.3,0,0
763,2022-08-02 22:00,28,213.4,.8,0,1006.7,1011,81.9,0,0
763,2022-08-02 23:00,27.5,0,.4,0,1006.7,1011,84.2,0,0
763,2022-08-03 00:00,27.1,0,.3,0,1006.8,1011.1,86.1,0,0
763,2022-08-03 01:00,27.1,220.3,1.1,0,1006.8,1011.1,88.4,0,0
763,2022-08-03 02:00,26.5,0,.1,0,1006.7,1011,89.1,0,0
763,2022-08-03 03:00,26.4,201.2,.5,0,1006.6,1010.9,90.9,0,0
763,2022-08-03 04:00,26.6,0,.4,0,1006.7,1011,89.1,0,0
763,2022-08-03 05:00,26.5,0,.3,0,1006.6,1010.9,91.4,0,0
763,2022-08-03 06:00,26.7,0,.3,0,1007,1011.3,88.7,0,0
763,2022-08-03 07:00,27.2,0,.4,0,1007.2,1011.5,89.1,0,0
763,2022-08-03 08:00,27.7,0,.3,0,1007.7,1012,87.1,0,0
763,2022-08-03 09:00,28.4,215.4,.7,0,1007.6,1011.9,85.1,0,0
763,2022-08-03 10:00,29.2,212.7,.9,0,1007.6,1011.9,77.6,0,0
763,2022-08-03 11:00,31.2,237.5,1.4,0,1007.1,1011.4,71.1,0,0
763,2022-08-03 12:00,30.2,280.3,2.6,0,1006.9,1011.2,72.2,0,0
763,2022-08-03 13:00,31.3,290.7,3,0,1006.5,1010.7,71.1,0,0
763,2022-08-03 14:00,31.5,268.1,2.4,0,1006,1010.2,66,0,0
763,2022-08-03 15:00,31,292.2,3,0,1005.6,1009.9,70.8,0,0
763,2022-08-03 16:00,31.2,278.4,2.4,0,1005.6,1009.8,69.4,0,0
763,2022-08-03 17:00,30.5,293.5,2.5,0,1005.5,1009.8,74,0,0
763,2022-08-03 18:00,29.8,285.1,2.3,0,1005.2,1009.4,77.5,0,0
763,2022-08-03 19:00,28.8,283.5,1.9,0,1005.3,1009.6,82.7,0,0
763,2022-08-03 20:00,27.9,257.4,.5,0,1005.6,1009.9,87.9,0,0
763,2022-08-03 21:00,27.1,273.9,.9,0,1005.9,1010.2,92.2,0,0
763,2022-08-03 22:00,26.4,0,0,0,1006.4,1010.7,97.3,0,0
763,2022-08-03 23:00,25.9,0,.4,0,1006.4,1010.7,99.8,0,0
763,2022-08-04 00:00,25.5,0,.2,0,1006.4,1010.7,99.8,0,0
763,2022-08-04 01:00,25.4,0,.1,0,1006.3,1010.6,99.8,0,0
763,2022-08-04 02:00,25.3,0,.2,0,1006.2,1010.5,99.8,0,0
763,2022-08-04 03:00,26,0,0,0,1006.1,1010.4,99.8,0,0
763,2022-08-04 04:00,26.7,250.9,1.5,0,1006.3,1010.6,95.8,0,0
763,2022-08-04 05:00,26.6,261.8,1,0,1006.6,1010.9,97.2,0,0
763,2022-08-04 06:00,25.9,0,0,0,1006.8,1011.1,99,0,0
763,2022-08-04 07:00,27.3,250.7,1,0,1007,1011.3,94.3,0,0
763,2022-08-04 08:00,27.5,246.3,.9,0,1007.3,1011.6,90.8,0,0
763,2022-08-04 09:00,28.8,232.3,.7,0,1006.9,1011.2,85,0,0
763,2022-08-04 10:00,29.5,257.9,1.2,0,1006.8,1011.1,78.9,0,0
763,2022-08-04 11:00,29.3,287.5,1.9,0,1006.7,1011,80.2,0,0
763,2022-08-04 12:00,30.9,277.2,2.3,0,1006.3,1010.6,71.7,0,0
763,2022-08-04 13:00,31.6,277.5,2.2,0,1005.6,1009.8,68.4,0,0
763,2022-08-04 14:00,31.8,267.7,2.5,0,1005.1,1009.3,63.1,0,0
763,2022-08-04 15:00,31.9,284.5,2.8,0,1004.7,1008.9,66.2,0,0
763,2022-08-04 16:00,31.8,280.2,2.5,0,1004.6,1008.8,66.8,0,0
763,2022-08-04 17:00,31.3,276.9,2.2,0,1004.4,1008.6,67.2,0,0
763,2022-08-04 18:00,30.3,278.5,2.1,0,1004.1,1008.4,72.6,0,0
763,2022-08-04 19:00,29.1,268.4,1.8,0,1004.1,1008.4,79.3,0,0
763,2022-08-04 20:00,27.6,0,.3,0,1004.2,1008.5,88.3,0,0
763,2022-08-04 21:00,26.6,0,.2,0,1004.6,1008.9,96,0,0
763,2022-08-04 22:00,26.4,0,0,0,1004.7,1009,97,0,0
763,2022-08-04 23:00,26.1,0,.1,0,1004.4,1008.7,98.9,0,0
763,2022-08-05 00:00,25.6,0,0,0,1004.2,1008.5,99.8,0,0
763,2022-08-05 01:00,26.2,0,.2,0,1004,1008.3,99.8,0,0
763,2022-08-05 02:00,26.7,0,.2,0,1004,1008.3,96.8,0,0
763,2022-08-05 03:00,26.7,0,.3,0,1003.8,1008.1,95.1,0,0
763,2022-08-05 04:00,26.7,0,.1,0,1003.9,1008.2,94.3,0,0
763,2022-08-05 05:00,26.9,0,.4,0,1003.6,1007.9,90.8,0,0
763,2022-08-05 06:00,26.4,0,.2,0,1003.7,1008,96.5,0,0
763,2022-08-05 07:00,26.5,119.2,.7,0,1003.6,1007.9,94.8,0,0
763,2022-08-05 08:00,27,0,.3,0,1003.5,1007.8,95.5,0,0
763,2022-08-05 09:00,27.4,0,.4,0,1003.4,1007.7,93.5,0,0
763,2022-08-05 10:00,29.2,209.5,.9,0,1003.3,1007.5,82.8,0,0
763,2022-08-05 11:00,28.9,229.6,1.2,.5,1003.1,1007.4,85.4,0,0
763,2022-08-05 12:00,30.5,241.5,1.8,0,1002.5,1006.7,77.1,0,0
763,2022-08-05 13:00,31.2,247.1,1.9,0,1002.2,1006.4,71.5,0,0
763,2022-08-05 14:00,30.3,244.9,1.6,0,1001.8,1006,76.5,0,0
763,2022-08-05 15:00,30.7,259.6,2.4,0,1000.9,1005.1,75,0,0
763,2022-08-05 16:00,31.9,232.7,1.5,0,1000.7,1004.9,71.9,0,0
763,2022-08-05 17:00,31.4,237.3,1.5,0,1000.4,1004.6,71.2,0,0
763,2022-08-05 18:00,30.1,262.3,1.4,0,1000.4,1004.6,76.5,0,0
763,2022-08-05 19:00,29.1,274.5,1.5,0,1000.9,1005.1,85.5,0,0
763,2022-08-05 20:00,28,276.6,.5,0,1001.5,1005.8,90.4,0,0
763,2022-08-05 21:00,27.4,0,.1,0,1001.7,1006,94.1,0,0
763,2022-08-05 22:00,27.4,212.7,.5,0,1001.8,1006.1,94.2,0,0
763,2022-08-05 23:00,27.6,264.6,.8,0,1001.9,1006.2,94.2,0,0
763,2022-08-06 00:00,27.4,288.4,.6,0,1002.3,1006.6,95.6,0,0
763,2022-08-06 01:00,27.3,251.5,1,0,1002.2,1006.5,94.3,0,0
763,2022-08-06 02:00,27.3,240.4,.7,0,1002.1,1006.4,91.7,0,0
763,2022-08-06 03:00,27.1,0,.3,0,1001.9,1006.2,93.3,0,0
763,2022-08-06 04:00,26.8,0,0,0,1001.6,1005.9,96.1,0,0
763,2022-08-06 05:00,26.7,0,.1,0,1001.9,1006.2,95.4,0,0
763,2022-08-06 06:00,26.8,0,.3,0,1002.4,1006.7,93.5,0,0
763,2022-08-06 07:00,27,0,.1,0,1002.7,1007,92.2,0,0
763,2022-08-06 08:00,28.2,0,.4,0,1002.6,1006.9,86.3,0,0
763,2022-08-06 09:00,29.2,0,.4,0,1002.7,1006.9,81.5,0,0
763,2022-08-06 10:00,30,250.2,1,0,1002.6,1006.9,77.4,0,0
763,2022-08-06 11:00,31.2,156.7,.5,0,1002.2,1006.4,66.7,0,0
763,2022-08-06 12:00,31.9,238.4,.5,0,1002,1006.2,66.7,0,0
763,2022-08-06 13:00,32.2,299.4,2,0,1001.9,1006.1,67.6,0,0
763,2022-08-06 14:00,32.3,287.9,1.4,0,1001.5,1005.7,65.6,0,0
763,2022-08-06 15:00,33,276,1.5,0,1001.1,1005.3,65.6,0,0
763,2022-08-06 16:00,32.8,270.7,1.4,0,1001.2,1005.4,65.2,0,0
763,2022-08-06 17:00,32.4,283.2,1.5,0,1000.9,1005.1,69.8,0,0
763,2022-08-06 18:00,32,0,.4,0,1000.4,1004.6,70.4,0,0
763,2022-08-06 19:00,30.8,251.5,1,0,1000.7,1004.9,76.9,0,0
763,2022-08-06 20:00,29.5,220.4,.6,0,1001.1,1005.3,82.8,0,0
763,2022-08-06 21:00,28.6,268.4,.8,0,1002.1,1006.4,85.7,0,0
763,2022-08-06 22:00,27.3,0,.3,0,1002.7,1007,93.9,0,0
763,2022-08-06 23:00,27,0,0,0,1002.7,1007,96.7,0,0
763,2022-08-07 00:00,27.4,0,.4,0,1003,1007.3,93.9,0,0
763,2022-08-07 01:00,26.9,0,.2,0,1003.2,1007.5,97.3,0,0
763,2022-08-07 02:00,26.7,0,0,0,1003.2,1007.5,99.1,0,0
763,2022-08-07 03:00,26.6,0,.1,0,1002.7,1007,99.8,0,0
763,2022-08-07 04:00,27.3,0,.2,0,1002.6,1006.9,96.1,0,0
763,2022-08-07 05:00,26.8,0,.3,0,1002.7,1007,97.8,0,0
763,2022-08-07 06:00,27.3,0,.1,0,1003.1,1007.4,96,0,0
763,2022-08-07 07:00,27.9,137.2,.6,0,1003.2,1007.5,89.6,0,0
763,2022-08-07 08:00,28.8,0,.3,0,1003,1007.3,84.5,0,0
763,2022-08-07 09:00,29.9,191.3,.5,0,1003,1007.2,77.5,0,0
763,2022-08-07 10:00,30.5,226.1,.8,0,1003,1007.2,71.9,0,0
763,2022-08-07 11:00,31.6,258.5,1.1,0,1002.9,1007.1,69.9,0,0
763,2022-08-07 12:00,31.9,253.5,1.2,0,1002.8,1007,69.7,0,0
763,2022-08-07 13:00,31.8,260.7,1.9,0,1002.4,1006.6,69.2,0,0
763,2022-08-07 14:00,33.4,239.2,1,0,1001.8,1006,63.5,0,0
763,2022-08-07 15:00,33.2,242.9,1.6,0,1001.8,1006,65.8,0,0
763,2022-08-07 16:00,31.7,282.4,1.9,0,1001.7,1005.9,74.3,0,0
763,2022-08-07 17:00,31,253.2,1.5,0,1002.1,1006.3,75.8,0,0
763,2022-08-07 18:00,30.1,250.1,1.5,0,1001.7,1005.9,79.1,0,0
763,2022-08-07 19:00,29.6,225,.5,0,1002,1006.2,82.9,0,0
763,2022-08-07 20:00,29,0,.1,0,1002.2,1006.4,84.9,0,0
763,2022-08-07 21:00,28.3,0,0,0,1002.6,1006.9,87,0,0
763,2022-08-07 22:00,28,0,.2,0,1002.8,1007.1,87.4,0,0
763,2022-08-07 23:00,27.9,0,.3,0,1003.3,1007.6,85.6,0,0
763,2022-08-08 00:00,28,189.2,.7,0,1003.2,1007.5,82,0,0
763,2022-08-08 01:00,27.6,0,.4,0,1003.1,1007.4,84.9,0,0
763,2022-08-08 02:00,27.7,0,.4,0,1002.8,1007.1,84.1,0,0
763,2022-08-08 03:00,27.6,221.2,.8,0,1002.7,1007,84,0,0
763,2022-08-08 04:00,27.3,208.7,.6,0,1002.9,1007.2,84.9,0,0
763,2022-08-08 05:00,27.6,209.1,.9,0,1003.1,1007.4,82.6,0,0
763,2022-08-08 06:00,28,205.7,.6,0,1003.5,1007.8,78.1,0,0
763,2022-08-08 07:00,28,206.2,.9,0,1004,1008.3,77.9,0,0
763,2022-08-08 08:00,27.9,219.2,.9,0,1003.8,1008.1,79.4,0,0
763,2022-08-08 09:00,28.2,181.2,.8,0,1004.1,1008.4,77.2,0,0
763,2022-08-08 10:00,29,183,1,0,1003.7,1008,75.4,0,0
763,2022-08-08 11:00,29.4,220.2,.9,0,1004.1,1008.3,74.2,0,0
763,2022-08-08 12:00,29.9,201,1.1,0,1003.6,1007.8,70.8,0,0
763,2022-08-08 13:00,30.3,228.6,1.1,0,1003.6,1007.9,70.4,0,0
763,2022-08-08 14:00,30,221.5,1.6,0,1003.2,1007.5,71.9,0,0
763,2022-08-08 15:00,29.8,220.5,1.1,0,1003.1,1007.3,73.2,0,0
763,2022-08-08 16:00,29.7,216.1,1.4,0,1003.2,1007.4,73,0,0
763,2022-08-08 17:00,29.4,222.4,1.1,0,1003.1,1007.3,74.3,0,0
763,2022-08-08 18:00,29.1,207.7,.9,0,1002.6,1006.8,76.7,0,0
763,2022-08-08 19:00,28.7,207.4,.9,0,1002.9,1007.2,77.7,0,0
763,2022-08-08 20:00,28.4,226.3,.7,0,1003.6,1007.9,79.6,0,0
763,2022-08-08 21:00,28.1,203.3,.5,0,1003.9,1008.2,80.6,0,0
763,2022-08-08 22:00,27.9,227.2,.6,0,1004.1,1008.4,79.5,0,0
763,2022-08-08 23:00,27.7,222.8,.9,0,1003.6,1007.9,80.3,0,0
763,2022-08-09 00:00,27.5,203.9,.6,0,1003.5,1007.8,82,0,0
763,2022-08-09 01:00,27.3,211.2,.6,0,1003.9,1008.2,82.3,0,0
763,2022-08-09 02:00,27.2,213.8,.7,0,1003.8,1008.1,81.7,0,0
763,2022-08-09 03:00,26.8,204.2,.8,0,1003.5,1007.8,84,0,0
763,2022-08-09 04:00,26.8,214.4,.5,0,1004.2,1008.5,84,0,0
763,2022-08-09 05:00,26.4,188.2,.5,0,1004.2,1008.5,88.7,0,0
763,2022-08-09 06:00,26.3,177.4,.8,0,1003.8,1008.1,89.6,0,0
763,2022-08-09 07:00,26.9,187.8,.9,0,1004.1,1008.4,84.6,0,0
763,2022-08-09 08:00,27.3,200.2,.7,0,1004.2,1008.5,82.7,0,0
763,2022-08-09 09:00,27.6,161.3,.9,0,1004.1,1008.4,82.5,0,0
763,2022-08-09 10:00,28.5,212.7,.8,0,1004.2,1008.5,79.7,0,0
763,2022-08-09 11:00,29.3,208.6,.7,0,1004,1008.2,76,0,0
763,2022-08-09 12:00,30.4,226.4,1.5,0,1003.7,1008,72.2,0,0
763,2022-08-09 13:00,30.3,210.6,1.1,0,1003.3,1007.6,72.6,0,0
763,2022-08-09 14:00,30.2,235.1,.9,0,1002.6,1006.8,73.7,0,0
763,2022-08-09 15:00,30.1,243.4,1.2,0,1002.2,1006.4,71.6,0,0
763,2022-08-09 16:00,30.3,219.9,1.2,0,1002,1006.2,70.5,0,0
763,2022-08-09 17:00,30.6,216.7,1.3,0,1001.8,1006,68.5,0,0
763,2022-08-09 18:00,29.5,228.8,1.1,0,1001.9,1006.1,72.7,0,0
763,2022-08-09 19:00,28.8,204.8,.5,0,1002.2,1006.5,77.6,0,0
763,2022-08-09 20:00,28.5,219,1.2,0,1002.5,1006.8,77.1,0,0
763,2022-08-09 21:00,28.2,202.1,1.1,0,1002.6,1006.9,77.4,0,0
763,2022-08-09 22:00,27.9,216.7,1.1,0,1002.8,1007.1,80,0,0
763,2022-08-09 23:00,27.6,208.3,.8,0,1002.6,1006.9,81.5,0,0
763,2022-08-10 00:00,27.4,190.8,.8,0,1002.1,1006.4,81.4,0,0
763,2022-08-10 01:00,27.2,216.7,.7,0,1001.9,1006.2,82.6,0,0
763,2022-08-10 02:00,27.2,213,1.1,0,1001.8,1006.1,83.3,0,0
763,2022-08-10 03:00,27.5,217.3,1.5,0,1001.7,1006,82.2,0,0
763,2022-08-10 04:00,26.8,184.7,.9,0,1001.2,1005.5,87.6,0,0
763,2022-08-10 05:00,26,195.4,1,1,1001.3,1005.6,94.8,0,0
763,2022-08-10 06:00,25.9,178.6,.9,2.5,1001.4,1005.7,97.3,0,0
763,2022-08-10 07:00,26,185.2,.8,1.5,1001.4,1005.7,95.4,0,0
763,2022-08-10 08:00,26.2,176.2,1.1,.5,1001.7,1006,93.6,0,0
763,2022-08-10 09:00,25.4,244.7,1.1,8.5,1002.5,1006.8,99.5,0,0
763,2022-08-10 10:00,25.2,300.5,1,5.5,1002.8,1007.1,99.8,0,0
763,2022-08-10 11:00,25.7,0,.4,30.5,1002.9,1007.2,99.8,0,0
763,2022-08-10 12:00,26.6,215,.6,.5,1002.6,1006.9,98.3,0,0
763,2022-08-10 13:00,26.7,202.1,1,3.5,1002.1,1006.4,98.4,0,0
763,2022-08-10 14:00,27.6,200.1,.8,.5,1001.7,1006,94.3,0,0
763,2022-08-10 15:00,27.6,212.9,.8,0,1001.7,1006,93.4,0,0
763,2022-08-10 16:00,27.7,0,.4,0,1001.6,1005.9,96.4,0,0
763,2022-08-10 17:00,28,0,.4,.5,1001.1,1005.4,92.3,0,0
763,2022-08-10 18:00,27.9,0,.2,0,1001.1,1005.4,95.5,0,0
763,2022-08-10 19:00,27.1,0,.1,0,1001.1,1005.4,94.2,0,0
763,2022-08-10 20:00,26.3,229.7,.5,1,1002.1,1006.4,98.1,0,0
763,2022-08-10 21:00,26,0,.4,5.5,1002.8,1007.1,99.8,0,0
763,2022-08-10 22:00,23.7,236.3,1.8,11,1003.3,1007.6,99.7,0,0
763,2022-08-10 23:00,25.2,220.9,.8,4,1002.7,1007,99.8,0,0
763,2022-08-11 00:00,25.3,0,.4,0,1002.2,1006.5,99.8,0,0
763,2022-08-11 01:00,26,136.2,.6,0,1001.9,1006.2,94.5,0,0
763,2022-08-11 02:00,26.1,212.6,.6,0,1001.7,1006,90.8,0,0
763,2022-08-11 03:00,26.4,150.6,1.2,0,1000.6,1004.9,89.3,0,0
763,2022-08-11 04:00,26.4,199.8,1.1,0,1000.6,1004.9,87.9,0,0
763,2022-08-11 05:00,25.9,203.8,1.2,0,1000.5,1004.8,93.4,0,0
763,2022-08-11 06:00,26.3,186,2,0,1000.1,1004.4,91.4,0,0
763,2022-08-11 07:00,25.7,198,1.3,.5,1000.3,1004.6,93.9,0,0
763,2022-08-11 08:00,25.3,172,1.2,2,1000.3,1004.6,95.4,0,0
763,2022-08-11 09:00,25.1,162.9,1,3,1001,1005.3,96.3,0,0
763,2022-08-11 10:00,24.3,239.8,1.8,10.5,1002.2,1006.5,99.8,0,0
763,2022-08-11 11:00,24.1,198.2,.6,14,1002.2,1006.5,99.8,0,0
763,2022-08-11 12:00,24.7,236.8,.7,5,1001.9,1006.2,99.8,0,0
763,2022-08-11 13:00,25.1,242.9,1,1.5,1001.7,1006,99.8,0,0
763,2022-08-11 14:00,24.7,230.9,.9,6,1001.7,1006,99.8,0,0
763,2022-08-11 15:00,25,196.4,.6,4.5,1000.6,1004.9,98.5,0,0
763,2022-08-11 16:00,25.2,204.8,.6,0,1000.6,1004.9,97,0,0
763,2022-08-11 17:00,24.9,207,.5,4.5,1000.4,1004.7,99.8,0,0
763,2022-08-11 18:00,25.5,168.8,.9,.5,999.9,1004.2,96.6,0,0
763,2022-08-11 19:00,25.8,132,.8,0,999.9,1004.2,92.9,0,0
763,2022-08-11 20:00,25.7,151.5,.6,0,1000.1,1004.4,92.8,0,0
763,2022-08-11 21:00,26.4,166.4,.8,0,1000.4,1004.7,90,0,0
763,2022-08-11 22:00,26.1,0,.4,0,1000.8,1005.1,93.6,0,0
763,2022-08-11 23:00,26.2,0,.4,0,1000.7,1005,95.7,0,0
763,2022-08-12 00:00,26.2,250,1.6,.5,1000.7,1005,99.4,0,0
763,2022-08-12 01:00,25.8,260.4,1.3,0,1001,1005.3,99.8,0,0
763,2022-08-12 02:00,25.4,0,.2,0,1000.7,1005,99.8,0,0
763,2022-08-12 03:00,25,0,.3,0,1001.3,1005.6,99.8,0,0
763,2022-08-12 04:00,24.7,0,.2,0,1001.3,1005.6,99.8,0,0
763,2022-08-12 05:00,24.6,0,.2,0,1001.5,1005.8,99.8,0,0
763,2022-08-12 06:00,24.5,357,.5,0,1001.8,1006.1,99.8,0,0
763,2022-08-12 07:00,24.8,0,.2,0,1001.7,1006,99.8,0,0
763,2022-08-12 08:00,26,11.6,1.1,0,1002.3,1006.6,86.7,0,0
763,2022-08-12 09:00,26.6,347.1,1,0,1002.8,1007.1,81.1,0,0
763,2022-08-12 10:00,28.1,274.3,.9,0,1003,1007.3,76.5,0,0
763,2022-08-12 11:00,28.1,259.4,.5,0,1002.8,1007.1,74.5,0,0
763,2022-08-12 12:00,29.2,291.1,1.8,0,1002.9,1007.1,71.9,0,0
763,2022-08-12 13:00,29.7,303.3,1,0,1002.5,1006.7,68,0,0
763,2022-08-12 14:00,30.9,324.9,1.2,0,1001.9,1006.1,65.2,0,0
763,2022-08-12 15:00,31.4,233.3,1.2,0,1001.3,1005.5,66.3,0,0
763,2022-08-12 16:00,30.3,262.8,.7,0,1000.4,1004.6,70.4,0,0
763,2022-08-12 17:00,30.1,257.6,1.1,0,1000.5,1004.7,69.3,0,0
763,2022-08-12 18:00,29.4,276.8,1.4,0,1001.2,1005.4,73.2,0,0
763,2022-08-12 19:00,27.9,264.4,1,0,1001.1,1005.4,78.5,0,0
763,2022-08-12 20:00,26.2,235.1,.7,0,1001.4,1005.7,81,0,0
763,2022-08-12 21:00,24.6,0,.4,0,1002,1006.3,92.6,0,0
763,2022-08-12 22:00,24.3,0,0,0,1002.5,1006.8,99.8,0,0
763,2022-08-12 23:00,24.3,0,0,0,1002.6,1006.9,97.2,0,0
763,2022-08-13 00:00,25.2,0,.4,0,1002.7,1007,89.9,0,0
763,2022-08-13 01:00,24.4,0,.2,0,1002.6,1006.9,89.8,0,0
763,2022-08-13 02:00,24.1,0,.3,0,1002.4,1006.7,92.7,0,0
763,2022-08-13 03:00,24,0,.3,0,1001.9,1006.2,90.6,0,0
763,2022-08-13 04:00,23.8,0,.4,0,1001.6,1005.9,92.9,0,0
763,2022-08-13 05:00,23.5,0,.1,0,1001.3,1005.6,98.3,0,0
763,2022-08-13 06:00,23.4,0,.4,0,1001.4,1005.7,99.7,0,0
763,2022-08-13 07:00,23.7,0,.4,0,1002.3,1006.6,99.8,0,0
763,2022-08-13 08:00,24.5,54.8,.5,0,1002.6,1006.9,94.9,0,0
763,2022-08-13 09:00,27.6,114.8,.6,0,1001.1,1005.4,82.3,0,0
763,2022-08-13 10:00,28.7,0,.3,0,1002.2,1006.5,77.3,0,0
763,2022-08-13 11:00,28.7,216.6,.5,0,1002.5,1006.8,75.9,0,0
763,2022-08-13 12:00,28,286.3,1,0,1002,1006.3,84.7,0,0
763,2022-08-13 13:00,27.3,0,.3,1,1001.6,1005.9,98.3,0,0
763,2022-08-13 14:00,26.7,0,.2,.5,1001.2,1005.5,98.3,0,0
763,2022-08-13 15:00,27.2,317.7,1.2,0,1001.7,1006,99.7,0,0
763,2022-08-13 16:00,25.1,0,.4,2.5,1001.4,1005.7,95.3,0,0
763,2022-08-13 17:00,25.7,134.5,.7,1,1000.8,1005.1,94.6,0,0
763,2022-08-13 18:00,25.7,0,.4,0,1000.6,1004.9,95.4,0,0
763,2022-08-13 19:00,25.9,0,.2,0,1001.1,1005.4,96.5,0,0
763,2022-08-13 20:00,25.3,0,.1,0,1001.2,1005.5,99.8,0,0
763,2022-08-13 21:00,25,0,.1,0,1001.6,1005.9,99.8,0,0
763,2022-08-13 22:00,25.2,0,.3,0,1001.6,1005.9,99.8,0,0
763,2022-08-13 23:00,25,0,0,0,1001.9,1006.2,99.8,0,0
763,2022-08-14 00:00,25,0,.2,0,1001.8,1006.1,99.8,0,0
763,2022-08-14 01:00,26,0,.2,0,1001.2,1005.5,99.8,0,0
763,2022-08-14 02:00,26.9,158.5,.8,0,1001.2,1005.5,87.7,0,0
763,2022-08-14 03:00,26.1,286.6,1.8,0,1001.7,1006,93.4,0,0
763,2022-08-14 04:00,24.3,90.6,2.5,1.5,1001.7,1006,99.8,0,0
763,2022-08-14 05:00,26.3,148.6,.5,0,1001.2,1005.5,93,0,0
763,2022-08-14 06:00,26.1,210.1,.7,.5,1001.2,1005.5,94.2,0,0
763,2022-08-14 07:00,26.3,240,.6,0,1001.7,1006,92.9,0,0
763,2022-08-14 08:00,27,214.3,.8,0,1001.8,1006.1,90.5,0,0
763,2022-08-14 09:00,27.8,198.6,.9,0,1002,1006.3,88.1,0,0
763,2022-08-14 10:00,28.1,186.7,.7,0,1002.4,1006.7,88.1,0,0
763,2022-08-14 11:00,29.2,223.9,.8,0,1002.5,1006.7,80.2,0,0
763,2022-08-14 12:00,30.8,232.9,1.2,0,1002.1,1006.3,71.2,0,0
763,2022-08-14 13:00,30.2,251.7,1.5,0,1001.9,1006.1,77.2,0,0
763,2022-08-14 14:00,30.3,249.1,1.7,0,1001.9,1006.1,78,0,0
763,2022-08-14 15:00,30.5,279.9,1.9,0,1001.7,1005.9,78.3,0,0
763,2022-08-14 16:00,30.7,249.4,1.4,0,1001.7,1005.9,78.3,0,0
763,2022-08-14 17:00,29.6,259.2,2,0,1001.6,1005.8,82.2,0,0
763,2022-08-14 18:00,28.9,251,.6,0,1001.5,1005.7,85.5,0,0
763,2022-08-14 19:00,28.5,257.6,.8,0,1001.6,1005.9,86.8,0,0
763,2022-08-14 20:00,28.2,0,.3,0,1001.5,1005.8,82.5,0,0
763,2022-08-14 21:00,27.7,0,.3,0,1001.9,1006.2,83.9,0,0
763,2022-08-14 22:00,27.6,0,.4,0,1002,1006.3,81.7,0,0
763,2022-08-14 23:00,27.4,0,.4,0,1001.9,1006.2,83.1,0,0
763,2022-08-15 00:00,27.7,0,.3,0,1001.7,1006,78.5,0,0
763,2022-08-15 01:00,27.6,154.1,.6,0,1001.4,1005.7,76.8,0,0
763,2022-08-15 02:00,27,0,.4,0,1001.2,1005.5,81.3,0,0
763,2022-08-15 03:00,27.1,0,.4,0,1001.3,1005.6,81.2,0,0
763,2022-08-15 04:00,27.4,0,.4,0,1001.2,1005.5,80.2,0,0
763,2022-08-15 05:00,27.6,206.3,.7,0,1000.7,1005,79.4,0,0
763,2022-08-15 06:00,27.6,210.8,1,0,1000.2,1004.5,79.8,0,0
763,2022-08-15 07:00,27.6,223.5,.7,0,1000.3,1004.6,80.8,0,0
763,2022-08-15 08:00,28,199.1,.8,0,999.8,1004.1,80.9,0,0
763,2022-08-15 09:00,28.6,206.4,.8,0,999.9,1004.1,79.3,0,0
763,2022-08-15 10:00,29.6,214.4,1.2,0,999.9,1004.1,75.2,0,0
763,2022-08-15 11:00,30.3,212.7,1.4,0,999.6,1003.8,72,0,0
763,2022-08-15 12:00,30.7,209.6,1.6,0,999.1,1003.3,67.3,0,0
763,2022-08-15 13:00,30.7,202.5,1.7,0,998.8,1003,66.3,0,0
763,2022-08-15 14:00,30.7,212.7,1.9,0,998.2,1002.4,66.1,0,0
763,2022-08-15 15:00,31,215,2.1,0,997.4,1001.6,66.3,0,0
763,2022-08-15 16:00,30.5,217.8,1.5,0,996.9,1001.1,67.4,0,0
763,2022-08-15 17:00,29.3,218.2,1.4,0,996.7,1000.9,74.6,0,0
763,2022-08-15 18:00,28.9,213.3,2.1,0,996.1,1000.3,75.8,0,0
763,2022-08-15 19:00,28.7,221.9,1.6,0,996.4,1000.6,76.8,0,0
763,2022-08-15 20:00,28.7,212.3,1.8,0,996.7,1000.9,75.9,0,0
763,2022-08-15 21:00,28.4,217.3,1.9,0,997.4,1001.6,77.2,0,0
763,2022-08-15 22:00,28.1,222.1,1.9,0,997.6,1001.8,79.6,0,0
763,2022-08-15 23:00,28.1,213.7,1.5,0,997.4,1001.6,80.9,0,0
763,2022-08-16 00:00,27.4,212,1.8,0,997.3,1001.6,87.8,0,0
763,2022-08-16 01:00,26.5,197.7,1,2.5,996.4,1000.7,95.3,0,0
763,2022-08-16 02:00,26,226.9,1.4,21.5,996.8,1001.1,99.8,0,0
763,2022-08-16 03:00,26.3,233.1,1.5,0,997.3,1001.6,99.8,0,0
763,2022-08-16 04:00,25.1,227.5,1.3,2,998,1002.3,99.2,0,0
763,2022-08-16 05:00,24.4,0,.4,6,998.3,1002.6,99.8,0,0
763,2022-08-16 06:00,24.3,210.2,.5,4,998.7,1003,99.8,0,0
763,2022-08-16 07:00,23.8,0,.1,.5,999.1,1003.4,99.8,0,0
763,2022-08-16 08:00,23.1,0,.3,0,1000.1,1004.4,98.3,0,0
763,2022-08-16 09:00,24.3,109.1,.6,.5,999.7,1004,97.6,0,0
763,2022-08-16 10:00,24.7,212.1,.7,0,1000.5,1004.8,93.8,0,0
763,2022-08-16 11:00,25.2,104.7,.6,0,1000.1,1004.4,96.8,0,0
763,2022-08-16 12:00,25.2,0,.3,0,1000.3,1004.6,97.7,0,0
763,2022-08-16 13:00,26,0,.4,.5,1000.1,1004.4,96.1,0,0
763,2022-08-16 14:00,26.7,0,.2,0,999.8,1004.1,98.2,0,0
763,2022-08-16 15:00,26.8,217.4,.6,.5,999.9,1004.2,90.4,0,0
763,2022-08-16 16:00,27.3,119.2,.5,0,999.8,1004.1,89.9,0,0
763,2022-08-16 17:00,27.2,0,.3,0,1000,1004.3,90.9,0,0
763,2022-08-16 18:00,27.4,240.7,.6,0,1000,1004.3,89.3,0,0
763,2022-08-16 19:00,26.8,0,0,0,1000.1,1004.4,91.5,0,0
763,2022-08-16 20:00,25.9,0,0,0,1000.7,1005,96,0,0
763,2022-08-16 21:00,25.4,0,0,0,1001.1,1005.4,99.8,0,0
763,2022-08-16 22:00,25.4,0,0,0,1001.2,1005.5,99.8,0,0
763,2022-08-16 23:00,25.2,0,.3,0,1001.2,1005.5,99.8,0,0
763,2022-08-17 00:00,25.1,0,0,4.5,1001.1,1005.4,99.8,0,0
763,2022-08-17 01:00,25.1,0,.2,0,1001,1005.3,99.8,0,0
763,2022-08-17 02:00,25,0,0,0,1001.1,1005.4,99.8,0,0
763,2022-08-17 03:00,24.6,0,0,.5,1000.9,1005.2,99.8,0,0
763,2022-08-17 04:00,24.5,0,.4,0,1000.9,1005.2,99.8,0,0
763,2022-08-17 05:00,24.4,0,.1,0,1001.5,1005.8,99.8,0,0
763,2022-08-17 06:00,24.2,0,.1,0,1001.6,1005.9,99.8,0,0
763,2022-08-17 07:00,24.2,0,.2,0,1001.9,1006.2,99.8,0,0
763,2022-08-17 08:00,24.5,309.9,1,0,1002.2,1006.5,99.8,0,0
763,2022-08-17 09:00,24.2,0,.4,0,1002.3,1006.6,99.8,0,0
763,2022-08-17 10:00,25.5,10.5,.9,0,1001.9,1006.2,99.8,0,0
763,2022-08-17 11:00,26.7,289.3,.9,0,1001.8,1006.1,90.2,0,0
763,2022-08-17 12:00,28.1,234.7,.5,0,1001.4,1005.7,76.8,0,0
763,2022-08-17 13:00,29.8,228.5,.9,0,1001.3,1005.5,69.6,0,0
763,2022-08-17 14:00,28.8,268.7,1.4,0,1000.8,1005,73.7,0,0
763,2022-08-17 15:00,29.2,266.8,2.2,0,1000.5,1004.7,66.9,0,0
763,2022-08-17 16:00,28.7,285.4,3,0,1000.3,1004.5,64,0,0
763,2022-08-17 17:00,28.5,257.5,2,0,1000.5,1004.8,58.6,0,0
763,2022-08-17 18:00,27.7,256.5,1.6,0,1000.9,1005.2,65.9,0,0
763,2022-08-17 19:00,25.9,270.8,1.6,0,1001.2,1005.5,72.1,0,0
763,2022-08-17 20:00,24.6,250.3,.6,0,1002,1006.3,76.5,0,0
763,2022-08-17 21:00,22.8,0,.1,0,1002.8,1007.1,92.7,0,0
763,2022-08-17 22:00,22.3,0,.1,0,1003.4,1007.8,95.4,0,0
763,2022-08-17 23:00,21.6,0,0,0,1003.5,1007.9,97.4,0,0
763,2022-08-18 00:00,21.4,0,.4,0,1003.3,1007.7,98.1,0,0
763,2022-08-18 01:00,20.8,0,.1,0,1003.5,1007.9,99.8,0,0
763,2022-08-18 02:00,20.7,0,.1,0,1003.1,1007.5,99.8,0,0
763,2022-08-18 03:00,20.7,0,.2,0,1003,1007.4,99.8,0,0
763,2022-08-18 04:00,20.7,0,0,0,1003.1,1007.5,99.8,0,0
763,2022-08-18 05:00,20.3,0,.1,0,1003.3,1007.7,99.8,0,0
763,2022-08-18 06:00,20,0,0,0,1003.7,1008.1,99.8,0,0
763,2022-08-18 07:00,20.9,0,.2,0,1004.1,1008.5,99.8,0,0
763,2022-08-18 08:00,22.7,0,.2,0,1004.2,1008.6,93.2,0,0
763,2022-08-18 09:00,24.6,357.9,.5,0,1004.3,1008.6,87.8,0,0
763,2022-08-18 10:00,27.6,352.2,.5,0,1004.2,1008.5,71.9,0,0
763,2022-08-18 11:00,27.7,273.6,.9,0,1004,1008.3,69.2,0,0
763,2022-08-18 12:00,29.1,350.6,.8,0,1003.6,1007.9,59.4,0,0
763,2022-08-18 13:00,29.7,308.6,1.5,0,1003.4,1007.6,54.5,0,0
763,2022-08-18 14:00,29.4,283.5,1.8,0,1003.3,1007.5,56.7,0,0
763,2022-08-18 15:00,29.1,282.4,1,0,1003.1,1007.3,61.8,0,0
763,2022-08-18 16:00,28.7,278.2,2.4,0,1003,1007.3,65.3,0,0
763,2022-08-18 17:00,27.9,287,2,0,1003.1,1007.4,65.2,0,0
763,2022-08-18 18:00,27.3,266.1,1.2,0,1003,1007.3,64.9,0,0
763,2022-08-18 19:00,26.5,0,.3,0,1002.8,1007.1,73.5,0,0
763,2022-08-18 20:00,24.6,0,0,0,1003.3,1007.6,84.8,0,0
763,2022-08-18 21:00,23,0,.2,0,1003.4,1007.7,90.8,0,0
763,2022-08-18 22:00,22.4,0,.1,0,1003.2,1007.6,95.4,0,0
763,2022-08-18 23:00,22.9,0,.2,0,1003.3,1007.6,94.2,0,0
763,2022-08-19 00:00,22.1,0,.1,0,1002.9,1007.3,96.9,0,0
763,2022-08-19 01:00,21.8,0,0,0,1002.5,1006.9,98.3,0,0
763,2022-08-19 02:00,21.4,0,.3,0,1001.9,1006.3,99.8,0,0
763,2022-08-19 03:00,20.9,0,0,0,1001.8,1006.2,99.8,0,0
763,2022-08-19 04:00,20.7,0,0,0,1001,1005.4,99.8,0,0
763,2022-08-19 05:00,22,172.7,.5,0,1001.2,1005.6,94.2,0,0
763,2022-08-19 06:00,23.5,132.4,.8,0,1001.3,1005.6,85.2,0,0
763,2022-08-19 07:00,24,0,.4,0,1000.9,1005.2,82.6,0,0
763,2022-08-19 08:00,25.2,125.5,1,0,1000.8,1005.1,78,0,0
763,2022-08-19 09:00,25.9,121,.8,0,1000.8,1005.1,78.4,0,0
763,2022-08-19 10:00,27.3,199.4,.7,0,1000.4,1004.7,76.7,0,0
763,2022-08-19 11:00,28.5,212.5,.8,0,1000.3,1004.5,77.4,0,0
763,2022-08-19 12:00,29.1,219.7,1.1,0,999.9,1004.1,76.2,0,0
763,2022-08-19 13:00,29.9,211.7,.7,0,999.1,1003.3,76.2,0,0
763,2022-08-19 14:00,30.3,222,1.2,0,998.5,1002.7,74.1,0,0
763,2022-08-19 15:00,30.1,226.2,.8,0,997.9,1002.1,77.1,0,0
763,2022-08-19 16:00,30.3,231.3,1.1,0,997.6,1001.8,74.7,0,0
763,2022-08-19 17:00,29.8,222.9,1.1,0,997.4,1001.6,77.6,0,0
763,2022-08-19 18:00,29.6,233.4,1.5,0,997.3,1001.5,76.6,0,0
763,2022-08-19 19:00,29.1,228.5,1.8,0,997.2,1001.4,78,0,0
763,2022-08-19 20:00,28.6,235.4,1.6,0,998.1,1002.3,80.6,0,0
763,2022-08-19 21:00,28.1,228.9,1.6,0,998.2,1002.4,82.9,0,0
763,2022-08-19 22:00,27.9,238.5,1.3,0,998.8,1003.1,84.3,0,0
763,2022-08-19 23:00,27.4,227.8,1.4,0,998.3,1002.6,88,0,0
763,2022-08-20 00:00,27.3,200.7,.9,0,997.9,1002.2,89.5,0,0
763,2022-08-20 01:00,27.1,190.5,1,0,997.1,1001.4,89.2,0,0
763,2022-08-20 02:00,27,220.5,.7,0,996.7,1001,88.8,0,0
763,2022-08-20 03:00,27.3,206.3,1.2,0,996.8,1001.1,87.4,0,0
763,2022-08-20 04:00,26.7,172.3,.8,0,996.5,1000.8,93.8,0,0
763,2022-08-20 05:00,26.3,187.9,.7,1,996.3,1000.6,99.7,0,0
763,2022-08-20 06:00,24.9,233.3,3.1,18.5,997.6,1001.9,99.8,0,0
763,2022-08-20 07:00,24.2,208.7,1.1,4,998.4,1002.7,96.2,0,0
763,2022-08-20 08:00,25.1,111.8,.6,.5,998.1,1002.4,99.8,0,0
763,2022-08-20 09:00,25.5,0,.4,.5,998.6,1002.9,99.8,0,0
763,2022-08-20 10:00,25.2,0,.2,5,998.8,1003.1,99.8,0,0
763,2022-08-20 11:00,25.8,0,.2,0,998.4,1002.7,99.8,0,0
763,2022-08-20 12:00,26.2,245.9,1,0,998.6,1002.9,98,0,0
763,2022-08-20 13:00,27.8,218.4,.9,0,998.3,1002.6,89.1,0,0
763,2022-08-20 14:00,29.2,252.7,.9,0,998.1,1002.3,78.4,0,0
763,2022-08-20 15:00,28.8,244,.9,0,997.8,1002,77.1,0,0
763,2022-08-20 16:00,29.1,222.1,.7,0,997.5,1001.7,76.3,0,0
763,2022-08-20 17:00,29.3,247.6,1.2,0,997.6,1001.8,74.8,0,0
763,2022-08-20 18:00,28.2,268.4,1.6,0,997.6,1001.8,74,0,0
763,2022-08-20 19:00,26.5,263.5,1.8,0,998.2,1002.5,80.9,0,0
763,2022-08-20 20:00,25.5,0,.4,0,998.8,1003.1,82.6,0,0
763,2022-08-20 21:00,23.9,0,.2,0,999.4,1003.7,94,0,0
763,2022-08-20 22:00,23,0,.1,0,999.6,1003.9,99.4,0,0
763,2022-08-20 23:00,23.2,0,.3,0,999.8,1004.1,99.8,0,0
763,2022-08-21 00:00,22.5,0,.1,0,999.7,1004,99.8,0,0
763,2022-08-21 01:00,22.3,0,0,0,999.3,1003.6,99.8,0,0
763,2022-08-21 02:00,22.6,102.3,.7,0,999.4,1003.7,99.8,0,0
763,2022-08-21 03:00,22.2,0,.1,0,999.5,1003.8,99.8,0,0
763,2022-08-21 04:00,22,0,.2,0,999.8,1004.1,99.8,0,0
763,2022-08-21 05:00,21.6,0,0,0,999.8,1004.2,99.8,0,0
763,2022-08-21 06:00,21.4,0,0,0,1000.2,1004.6,99.8,0,0
763,2022-08-21 07:00,22.2,0,0,0,1000.8,1005.1,99.8,0,0
763,2022-08-21 08:00,24,0,.3,0,1001.3,1005.6,99.1,0,0
763,2022-08-21 09:00,25.6,0,.3,0,1001.4,1005.7,89.7,0,0
763,2022-08-21 10:00,27,293,1.3,0,1001.5,1005.8,82.9,0,0
763,2022-08-21 11:00,27.8,279.7,1.2,0,1001.7,1006,79.4,0,0
763,2022-08-21 12:00,28.7,284,1.4,0,1001.2,1005.4,77.5,0,0
763,2022-08-21 13:00,29.4,252,1,0,1000.6,1004.8,68.4,0,0
763,2022-08-21 14:00,29.9,302.6,1.6,0,1000.4,1004.6,66,0,0
763,2022-08-21 15:00,31.5,310,1.2,0,999.9,1004.1,61.2,0,0
763,2022-08-21 16:00,31.5,343.5,1,0,999.6,1003.8,58.2,0,0
763,2022-08-21 17:00,29.8,276.5,2.4,0,999.6,1003.8,69.8,0,0
763,2022-08-21 18:00,28.6,267.2,1.9,0,999.7,1003.9,73.4,0,0
763,2022-08-21 19:00,27.4,256.4,1.2,0,1000.1,1004.4,78.7,0,0
763,2022-08-21 20:00,25.5,0,.2,0,1000.7,1005,91.1,0,0
763,2022-08-21 21:00,25,0,0,0,1001.2,1005.5,93.8,0,0
763,2022-08-21 22:00,25,0,.2,0,1001.4,1005.7,95,0,0
763,2022-08-21 23:00,25,0,.4,0,1001.2,1005.5,93.9,0,0
763,2022-08-22 00:00,24.8,113.5,.9,0,1001,1005.3,94.9,0,0
763,2022-08-22 01:00,24.5,89.2,.5,0,1000.9,1005.2,97.3,0,0
763,2022-08-22 02:00,24.4,0,0,0,1000.7,1005,97.7,0,0
763,2022-08-22 03:00,23.6,0,.2,0,1000.5,1004.8,99.8,0,0
763,2022-08-22 04:00,23.2,0,.1,0,1000.3,1004.6,99.8,0,0
763,2022-08-22 05:00,23.3,0,.1,0,1000,1004.3,99.8,0,0
763,2022-08-22 06:00,23.2,0,.3,0,1000.3,1004.6,99.8,0,0
763,2022-08-22 07:00,24,0,.1,0,1000.9,1005.2,99.8,0,0
763,2022-08-22 08:00,25.4,0,.4,0,1001.3,1005.6,95.7,0,0
763,2022-08-22 09:00,26.3,246.3,.6,0,1001.4,1005.7,86.5,0,0
763,2022-08-22 10:00,28.4,236.3,.6,0,1001.1,1005.4,68.9,0,0
763,2022-08-22 11:00,29.4,286.8,.9,0,1000.6,1004.8,69.3,0,0
763,2022-08-22 12:00,30.2,234.1,.6,0,999.8,1004,62.4,0,0
763,2022-08-22 13:00,30.5,230.4,.9,0,999.6,1003.8,61.1,0,0
763,2022-08-22 14:00,31,280,1.6,0,999.4,1003.6,59.6,0,0
763,2022-08-22 15:00,30.7,257.6,.6,0,999.2,1003.4,60.5,0,0
763,2022-08-22 16:00,29.3,280.7,2.8,0,999.2,1003.4,73.7,0,0
763,2022-08-22 17:00,29.1,272.6,2,0,999.4,1003.6,69.9,0,0
763,2022-08-22 18:00,27.9,292.1,1.7,0,999.6,1003.9,73.8,0,0
763,2022-08-22 19:00,26.9,0,.3,0,999.7,1004,80.9,0,0
763,2022-08-22 20:00,26.5,0,.2,0,1000,1004.3,78.9,0,0
763,2022-08-22 21:00,25.8,0,.2,0,1000.7,1005,84.5,0,0
763,2022-08-22 22:00,25,102.9,.6,0,1000.6,1004.9,91.6,0,0
763,2022-08-22 23:00,25.1,0,0,0,1000.8,1005.1,91.8,0,0
763,2022-08-23 00:00,25,0,0,0,1000.9,1005.2,94.8,0,0
763,2022-08-23 01:00,24.7,0,.2,0,1000.6,1004.9,96.5,0,0
763,2022-08-23 02:00,25.1,0,0,0,1000.4,1004.7,96.6,0,0
763,2022-08-23 03:00,25.1,0,.1,0,1000.3,1004.6,97.5,0,0
763,2022-08-23 04:00,25.7,0,.1,0,1000.3,1004.6,91,0,0
763,2022-08-23 05:00,25.9,0,.2,0,1000.3,1004.6,83.3,0,0
763,2022-08-23 06:00,25.8,0,.3,0,1000.3,1004.6,84.4,0,0
763,2022-08-23 07:00,25.9,119.6,.5,0,1000.7,1005,86.5,0,0
763,2022-08-23 08:00,26.1,121.2,.6,0,1000.7,1005,82,0,0
763,2022-08-23 09:00,24.2,0,.1,.5,1001.6,1005.9,97.3,0,0
763,2022-08-23 10:00,23.6,0,.2,8.5,1001.7,1006,99.8,0,0
763,2022-08-23 11:00,23.3,113.2,.7,1,1001.6,1005.9,97.5,0,0
763,2022-08-23 12:00,23.7,96.8,1.2,4,1001.1,1005.4,99.7,0,0
763,2022-08-23 13:00,24.9,0,.4,0,1000.7,1005,99.8,0,0
763,2022-08-23 14:00,23.7,17.7,1.4,0,1000.9,1005.2,99.8,0,0
763,2022-08-23 15:00,23.8,48.8,.6,0,1000.6,1004.9,99.8,0,0
763,2022-08-23 16:00,23.6,0,.3,0,1001,1005.3,99.8,0,0
763,2022-08-23 17:00,24,0,.3,.5,1001.3,1005.6,99.8,0,0
763,2022-08-23 18:00,24.3,0,.1,0,1001.4,1005.7,99.8,0,0
763,2022-08-23 19:00,24.1,0,.4,0,1001.5,1005.8,99.8,0,0
763,2022-08-23 20:00,24.1,0,.2,0,1001.7,1006,99.8,0,0
763,2022-08-23 21:00,24.1,0,.2,0,1002.6,1006.9,99.8,0,0
763,2022-08-23 22:00,24.2,0,.2,0,1002.7,1007,99.8,0,0
763,2022-08-23 23:00,23.4,310.6,1.2,0,1002.8,1007.1,99.8,0,0
763,2022-08-24 00:00,22.3,0,.4,0,1002.5,1006.9,98.8,0,0
763,2022-08-24 01:00,22.3,0,.1,0,1002.4,1006.8,99.8,0,0
763,2022-08-24 02:00,22.1,0,.1,0,1002.2,1006.6,99.8,0,0
763,2022-08-24 03:00,22.1,291.1,.5,0,1002.2,1006.6,99.8,0,0
763,2022-08-24 04:00,22.2,279.5,.5,0,1001.8,1006.2,99.8,0,0
763,2022-08-24 05:00,22.1,0,.1,0,1001.9,1006.3,99.8,0,0
763,2022-08-24 06:00,22.2,322.1,.5,0,1002.2,1006.6,99.8,0,0
763,2022-08-24 07:00,22.6,0,.1,0,1002.4,1006.7,99.8,0,0
763,2022-08-24 08:00,22.9,0,0,0,1002.9,1007.2,99.8,0,0
763,2022-08-24 09:00,22.6,52.6,1.1,0,1003.9,1008.3,99.8,0,0
763,2022-08-24 10:00,23.7,79.8,1.4,.5,1004,1008.3,96,0,0
763,2022-08-24 11:00,24,8.1,1,0,1004.2,1008.5,89,0,0
763,2022-08-24 12:00,25.9,83.5,1.3,0,1003.3,1007.6,75.6,0,0
763,2022-08-24 13:00,25.2,15,1.2,0,1003.2,1007.5,78.8,0,0
763,2022-08-24 14:00,25.5,75,1.4,0,1002.9,1007.2,75.9,0,0
763,2022-08-24 15:00,25.8,35.7,1.5,0,1002.5,1006.8,74.5,0,0
763,2022-08-24 16:00,26.6,27.3,2.3,0,1002.2,1006.5,74.3,0,0
763,2022-08-24 17:00,25.2,22.1,2.2,0,1002.3,1006.6,75.1,0,0
763,2022-08-24 18:00,24.2,17.9,1.4,0,1002,1006.3,80.3,0,0
763,2022-08-24 19:00,23.1,350.5,.7,0,1002.1,1006.4,85.7,0,0
763,2022-08-24 20:00,21.6,0,.4,0,1002.6,1007,97.7,0,0
763,2022-08-24 21:00,20.9,0,.1,0,1003.1,1007.5,99.8,0,0
763,2022-08-24 22:00,20.5,0,0,0,1003.3,1007.7,99.8,0,0
763,2022-08-24 23:00,20.3,0,.1,0,1003.2,1007.6,99.8,0,0
763,2022-08-25 00:00,20.1,0,.1,0,1003.4,1007.8,99.8,0,0
763,2022-08-25 01:00,20,0,0,0,1003.2,1007.6,99.8,0,0
763,2022-08-25 02:00,19.9,0,0,0,1002.9,1007.3,99.8,0,0
763,2022-08-25 03:00,20.3,0,.3,0,1002.7,1007.1,99.8,0,0
763,2022-08-25 04:00,20.2,25.7,.6,0,1002.9,1007.3,99.8,0,0
763,2022-08-25 05:00,20,0,0,0,1003,1007.4,99.8,0,0
763,2022-08-25 06:00,20,0,.2,0,1003.1,1007.5,99.8,0,0
763,2022-08-25 07:00,20.1,0,.1,0,1003.5,1007.9,99.8,0,0
763,2022-08-25 08:00,21.6,0,.1,0,1003.9,1008.3,99.8,0,0
763,2022-08-25 09:00,24.1,0,.4,0,1003.7,1008,78.8,0,0
763,2022-08-25 10:00,25.5,226.6,.6,0,1003.9,1008.2,74.5,0,0
763,2022-08-25 11:00,26.5,225,.5,0,1003.8,1008.1,73,0,0
763,2022-08-25 12:00,27.4,242.3,1.1,0,1003.3,1007.6,67.8,0,0
763,2022-08-25 13:00,27.7,250.6,1.2,0,1002.6,1006.9,63.9,0,0
763,2022-08-25 14:00,27.3,273,2.1,0,1002.1,1006.4,68.8,0,0
763,2022-08-25 15:00,26.8,287.6,1.8,0,1001.9,1006.2,69.7,0,0
763,2022-08-25 16:00,26.4,279.5,2.4,0,1002.1,1006.4,67.1,0,0
763,2022-08-25 17:00,24.9,344.2,1.1,0,1002.8,1007.1,69.9,0,0
763,2022-08-25 18:00,23.1,347.5,1.1,0,1003.1,1007.4,61.3,0,0
763,2022-08-25 19:00,22.1,322.1,.7,0,1003.6,1008,63.5,0,0
763,2022-08-25 20:00,20.3,0,.4,0,1003.9,1008.3,82.9,0,0
763,2022-08-25 21:00,19.8,0,.2,0,1004.4,1008.8,87.7,0,0
763,2022-08-25 22:00,19.6,0,.2,0,1004.9,1009.3,87.3,0,0
763,2022-08-25 23:00,19.6,0,.2,0,1004.6,1009,83.9,0,0
763,2022-08-26 00:00,19.1,0,.2,0,1004.2,1008.6,87.3,0,0
763,2022-08-26 01:00,18.2,0,.1,0,1004.1,1008.5,93.9,0,0
763,2022-08-26 02:00,17.9,0,.2,0,1003.9,1008.3,91,0,0
763,2022-08-26 03:00,17.6,0,0,0,1003.7,1008.1,93.5,0,0
763,2022-08-26 04:00,16.9,0,.1,0,1002.8,1007.3,95.5,0,0
763,2022-08-26 05:00,16.5,0,.2,0,1004.4,1008.9,99.8,0,0
763,2022-08-26 06:00,16,0,0,0,1003.4,1007.9,99.8,0,0
763,2022-08-26 07:00,17.8,0,.2,0,1004.2,1008.6,97,0,0
763,2022-08-26 08:00,19.8,0,.3,0,1004.3,1008.7,84.9,0,0
763,2022-08-26 09:00,22.2,34.9,.8,0,1004.4,1008.8,75,0,0
763,2022-08-26 10:00,24.2,16.3,1.1,0,1004.3,1008.6,63.2,0,0
763,2022-08-26 11:00,25.6,7.5,1.5,0,1004.3,1008.6,57.9,0,0
763,2022-08-26 12:00,26.7,26.5,1.4,0,1003.4,1007.7,56.5,0,0
763,2022-08-26 13:00,27.1,31.9,2.4,0,1003.3,1007.6,59.1,0,0
763,2022-08-26 14:00,27.5,11.4,1.3,0,1002.6,1006.9,56.9,0,0
763,2022-08-26 15:00,27,71.6,1,0,1001.9,1006.2,58.9,0,0
763,2022-08-26 16:00,27.1,258.9,1.5,0,1001.9,1006.2,61.3,0,0
763,2022-08-26 17:00,26.2,255.3,1.8,0,1002.1,1006.4,67.4,0,0
763,2022-08-26 18:00,25.5,253,1.4,0,1002.2,1006.5,69.9,0,0
763,2022-08-26 19:00,24.2,266.1,2.2,0,1002.5,1006.8,73.6,0,0
763,2022-08-26 20:00,22.2,0,.4,0,1003.3,1007.7,87.9,0,0
763,2022-08-26 21:00,21.1,0,.1,0,1003.9,1008.3,96.3,0,0
763,2022-08-26 22:00,21,0,.2,0,1004.1,1008.5,95.2,0,0
763,2022-08-26 23:00,20.2,0,.2,0,1004.7,1009.1,98,0,0
763,2022-08-27 00:00,20.2,0,.2,0,1004.5,1008.9,98.2,0,0
763,2022-08-27 01:00,19.7,0,.2,0,1004.4,1008.8,99.1,0,0
763,2022-08-27 02:00,19.6,0,0,0,1004.1,1008.5,99.8,0,0
763,2022-08-27 03:00,19.9,0,.3,0,1003.8,1008.2,99.8,0,0
763,2022-08-27 04:00,20.1,0,.1,0,1004.1,1008.5,99.8,0,0
763,2022-08-27 05:00,20.4,0,.2,0,1004.5,1008.9,99.2,0,0
763,2022-08-27 06:00,21,0,.1,0,1004.5,1008.9,94.2,0,0
763,2022-08-27 07:00,20.8,349,1.5,0,1005,1009.4,96.9,0,0
763,2022-08-27 08:00,21.1,348.8,1.4,0,1005.7,1010.1,87.2,0,0
763,2022-08-27 09:00,21.5,356.3,2.1,0,1006.2,1010.6,70.3,0,0
763,2022-08-27 10:00,21.6,350.2,1.9,0,1006.6,1011,60.9,0,0
763,2022-08-27 11:00,23.8,342.1,1.9,0,1006.7,1011,45.1,0,0
763,2022-08-27 12:00,24.5,358.6,2.2,0,1006,1010.3,41.9,0,0
763,2022-08-27 13:00,25.5,14.6,2,0,1006,1010.3,42.8,0,0
763,2022-08-27 14:00,25.7,335.7,2,0,1005.7,1010,38.3,0,0
763,2022-08-27 15:00,25.6,308.9,1.6,0,1005.3,1009.6,38.8,0,0
763,2022-08-27 16:00,25.9,348.3,1.7,0,1005.3,1009.6,37.9,0,0
763,2022-08-27 17:00,25.5,358.2,1.3,0,1005.4,1009.7,44.3,0,0
763,2022-08-27 18:00,24.1,333.6,.9,0,1005.7,1010,48.6,0,0
763,2022-08-27 19:00,21.9,320.7,.8,0,1006.2,1010.6,63,0,0
763,2022-08-27 20:00,19.4,0,.2,0,1007.3,1011.7,75.4,0,0
763,2022-08-27 21:00,17.8,0,0,0,1008.1,1012.6,83.7,0,0
763,2022-08-27 22:00,16.6,0,.1,0,1008.7,1013.2,90.2,0,0
763,2022-08-27 23:00,15.9,0,.1,0,1008.6,1013.1,95,0,0
763,2022-08-28 00:00,15.8,0,.3,0,1008.8,1013.3,91.2,0,0
763,2022-08-28 01:00,15.4,0,.2,0,1008.6,1013.1,93.9,0,0
763,2022-08-28 02:00,14.8,6.3,.7,0,1009,1013.5,99.2,0,0
763,2022-08-28 03:00,14.9,0,0,0,1009.1,1013.6,99.5,0,0
763,2022-08-28 04:00,15,0,.1,0,1009.3,1013.8,99.8,0,0
763,2022-08-28 05:00,14.7,0,.1,0,1009.5,1014,99.8,0,0
763,2022-08-28 06:00,14.6,0,0,0,1009.8,1014.3,99.8,0,0
763,2022-08-28 07:00,15.3,0,.2,0,1010.3,1014.8,99.8,0,0
763,2022-08-28 08:00,18.1,0,.4,0,1010.9,1015.4,85.2,0,0
763,2022-08-28 09:00,20.8,24,1.1,0,1010.7,1015.1,72,0,0
763,2022-08-28 10:00,22.6,47.5,.8,0,1010.9,1015.3,62.9,0,0
763,2022-08-28 11:00,24.1,52.1,1,0,1010.7,1015,56.5,0,0
763,2022-08-28 12:00,25.9,133.9,.8,0,1010.3,1014.6,51.8,0,0
763,2022-08-28 13:00,26.8,241.6,1.4,0,1010,1014.3,47.5,0,0
763,2022-08-28 14:00,27.4,140.3,.9,0,1009.5,1013.8,46.7,0,0
763,2022-08-28 15:00,27.8,257.4,1.1,0,1009.1,1013.4,45.1,0,0
763,2022-08-28 16:00,27.7,218.9,.7,0,1008.9,1013.2,41.1,0,0
763,2022-08-28 17:00,27.5,254,.5,0,1008.8,1013.1,38.4,0,0
763,2022-08-28 18:00,25.7,317,.9,0,1009,1013.3,52.2,0,0
763,2022-08-28 19:00,22.2,0,0,0,1009.1,1013.5,73,0,0
763,2022-08-28 20:00,20.6,0,.1,0,1010.1,1014.5,79.2,0,0
763,2022-08-28 21:00,20.3,0,.2,0,1010.3,1014.7,76.9,0,0
763,2022-08-28 22:00,20.1,0,.1,0,1010.3,1014.7,76.9,0,0
763,2022-08-28 23:00,20,0,.4,0,1010.4,1014.8,79.1,0,0
763,2022-08-29 00:00,19.6,0,0,0,1010.2,1014.6,88,0,0
763,2022-08-29 01:00,19.7,52.1,.6,0,1010.2,1014.6,85.6,0,0
763,2022-08-29 02:00,19.2,0,0,0,1010.2,1014.6,90.4,0,0
763,2022-08-29 03:00,19.2,0,.1,0,1010,1014.4,91.4,0,0
763,2022-08-29 04:00,18.3,0,0,0,1010.1,1014.5,97.5,0,0
763,2022-08-29 05:00,18.7,102.7,.5,0,1010,1014.4,91.9,0,0
763,2022-08-29 06:00,18.5,0,.3,0,1009.9,1014.3,94.6,0,0
763,2022-08-29 07:00,18.7,0,0,0,1010.2,1014.6,96,0,0
763,2022-08-29 08:00,19.6,0,.3,0,1010.3,1014.7,88.3,0,0
763,2022-08-29 09:00,20.1,303.8,.6,0,1010.4,1014.8,85.7,0,0
763,2022-08-29 10:00,20.7,291.4,.8,0,1011.1,1015.5,78.8,0,0
763,2022-08-29 11:00,20.5,295.9,.5,0,1012,1016.4,85.6,0,0
763,2022-08-29 12:00,20.7,91.7,1.4,0,1011.8,1016.2,85,0,0
763,2022-08-29 13:00,20.8,23.1,1.9,0,1011.5,1015.9,87.6,0,0
763,2022-08-29 14:00,20.5,12.3,.9,0,1011.2,1015.6,90.7,0,0
763,2022-08-29 15:00,20.2,12.4,1,0,1010.6,1015,96.7,0,0
763,2022-08-29 16:00,20.8,17.3,1.3,0,1010.1,1014.5,92.6,0,0
763,2022-08-29 17:00,20.7,345,1.3,0,1010,1014.4,93,0,0
763,2022-08-29 18:00,20.3,11.8,.8,0,1009.8,1014.2,95.1,0,0
763,2022-08-29 19:00,19.9,8.6,.8,0,1009.8,1014.2,96.2,0,0
763,2022-08-29 20:00,19.7,0,.4,0,1010.1,1014.5,97,0,0
763,2022-08-29 21:00,19.7,357.4,.5,0,1011,1015.4,96.1,0,0
763,2022-08-29 22:00,19.7,13.3,1.3,0,1010.5,1014.9,92.9,0,0
763,2022-08-29 23:00,19.7,353.3,.6,0,1010,1014.4,92.4,0,0
763,2022-08-30 00:00,19.7,354.5,.6,0,1010.1,1014.5,92.2,0,0
763,2022-08-30 01:00,19.7,0,.4,0,1009.4,1013.8,91.6,0,0
763,2022-08-30 02:00,19.5,0,.3,0,1008.6,1013,90.6,0,0
763,2022-08-30 03:00,19.4,26.9,.6,0,1008.2,1012.6,91.7,0,0
763,2022-08-30 04:00,19.2,315.7,.6,0,1007.8,1012.2,93.7,0,0
763,2022-08-30 05:00,18.9,305.5,.9,0,1007.3,1011.7,95.8,0,0
763,2022-08-30 06:00,18.3,0,.4,0,1007.6,1012,98.1,0,0
763,2022-08-30 07:00,18.5,331,1.1,0,1007.5,1011.9,97.9,0,0
763,2022-08-30 08:00,18.7,353.3,.9,.5,1007.5,1011.9,98.3,0,0
763,2022-08-30 09:00,18.8,354.1,1.3,0,1007.2,1011.6,98.4,0,0
763,2022-08-30 10:00,20.2,325.2,.9,.5,1006.9,1011.3,97.5,0,0
763,2022-08-30 11:00,20.5,23.9,1.6,0,1006.6,1011,99.3,0,0
763,2022-08-30 12:00,20.9,338.9,1,0,1006,1010.4,97.5,0,0
763,2022-08-30 13:00,21,16.1,1.4,0,1005.2,1009.6,95.8,0,0
763,2022-08-30 14:00,20.2,338.5,1.2,1,1004.9,1009.3,99.8,0,0
763,2022-08-30 15:00,20.3,346.7,1,1.5,1004.6,1009,99.8,0,0
763,2022-08-30 16:00,20.5,329.5,.7,1,1003.8,1008.2,99.8,0,0
763,2022-08-30 17:00,20.6,8.9,.5,2.5,1003.3,1007.7,99.8,0,0
763,2022-08-30 18:00,20.8,345.7,.5,0,1002.9,1007.3,99.8,0,0
763,2022-08-30 19:00,20.7,294.8,.9,0,1002.9,1007.3,99.8,0,0
763,2022-08-30 20:00,20.2,18.6,1.3,1,1003.4,1007.8,99.8,0,0
763,2022-08-30 21:00,20.2,0,.3,3.5,1003.5,1007.9,99.8,0,0
763,2022-08-30 22:00,20.3,0,.2,1,1003.2,1007.6,99.8,0,0
763,2022-08-30 23:00,20.3,328.7,.7,0,1003.1,1007.5,99.8,0,0
763,2022-08-31 00:00,20.3,0,.3,1,1002.7,1007.1,99.8,0,0
763,2022-08-31 01:00,20.4,0,.4,.5,1002.7,1007.1,99.8,0,0
763,2022-08-31 02:00,20.2,0,.3,.5,1002.3,1006.7,99.8,0,0
763,2022-08-31 03:00,20.1,310.1,.9,.5,1002.5,1006.9,99.8,0,0
763,2022-08-31 04:00,20,0,.1,0,1002.4,1006.8,99.8,0,0
763,2022-08-31 05:00,20,0,0,1,1002.5,1006.9,99.8,0,0
763,2022-08-31 06:00,20,0,.4,1,1002.9,1007.3,99.8,0,0
763,2022-08-31 07:00,20.1,0,.2,1,1003.4,1007.8,99.8,0,0
763,2022-08-31 08:00,20.2,0,.3,0,1003.7,1008.1,99.8,0,0
763,2022-08-31 09:00,20.5,292.1,1,0,1004.2,1008.6,99.8,0,0
763,2022-08-31 10:00,20.8,291,.8,0,1004.3,1008.7,99.8,0,0
763,2022-08-31 11:00,21.6,305.3,1.1,0,1004.4,1008.8,97.5,0,0
763,2022-08-31 12:00,22.7,352.2,1.3,0,1004,1008.4,88.9,0,0
763,2022-08-31 13:00,22.9,289.8,1.1,0,1003.8,1008.1,83.6,0,0
763,2022-08-31 14:00,23.2,329.2,1,0,1003.7,1008,82.9,0,0
763,2022-08-31 15:00,23.5,311.4,.7,0,1003.5,1007.8,79.2,0,0
763,2022-08-31 16:00,23.9,55.3,.7,0,1003.3,1007.6,77.2,0,0
763,2022-08-31 17:00,23.8,359.5,.9,0,1003.5,1007.8,78.8,0,0
763,2022-08-31 18:00,23.4,5.4,.5,0,1003.7,1008,85.2,0,0
763,2022-08-31 19:00,22.4,0,.1,0,1004.1,1008.5,90.5,0,0
763,2022-08-31 20:00,21.2,0,0,0,1004.7,1009.1,99.8,0,0
763,2022-08-31 21:00,20.7,0,0,0,1005.3,1009.7,99.8,0,0
763,2022-08-31 22:00,20,0,.1,0,1005.4,1009.8,99.8,0,0
763,2022-08-31 23:00,19.8,0,.1,0,1006.2,1010.6,99.8,0,0
763,2022-09-01 00:00,19.6,0,.1,0,1006.4,1010.8,99.8,0,0
763,2022-09-01 01:00,19.1,0,.1,0,1006.3,1010.7,99.8,0,0
763,2022-09-01 02:00,19.8,0,.1,0,1006.4,1010.8,99.8,0,0
763,2022-09-01 03:00,19.4,0,0,0,1006.6,1011,99.8,0,0
763,2022-09-01 04:00,19.3,23.2,.7,0,1007.2,1011.6,99.8,0,0
763,2022-09-01 05:00,19,0,.2,0,1007.5,1011.9,99.8,0,0
763,2022-09-01 06:00,19,0,.3,0,1007.8,1012.2,99.8,0,0
763,2022-09-01 07:00,19.4,0,.3,0,1008.3,1012.7,99.8,0,0
763,2022-09-01 08:00,19.7,354.5,.5,0,1008.3,1012.7,99.8,0,0
763,2022-09-01 09:00,21,330.2,.6,0,1008.9,1013.3,99.8,0,0
763,2022-09-01 10:00,21.9,9.4,.9,0,1009.8,1014.2,93.7,0,0
763,2022-09-01 11:00,23.1,358.7,1.4,0,1009.6,1014,86.1,0,0
763,2022-09-01 12:00,25.5,27.4,1.5,0,1009.4,1013.7,72.1,0,0
763,2022-09-01 13:00,26.2,14.3,1.4,0,1009.2,1013.5,68.4,0,0
763,2022-09-01 14:00,26.1,357.2,1.7,0,1008.7,1013,66.8,0,0
763,2022-09-01 15:00,26.9,72.1,2,0,1008.2,1012.5,62,0,0
763,2022-09-01 16:00,26.4,83.7,1.9,0,1008.3,1012.6,62.3,0,0
763,2022-09-01 17:00,26.1,95.5,1.5,0,1008.2,1012.5,64.8,0,0
763,2022-09-01 18:00,25.5,106.1,1.2,0,1008.9,1013.2,64.2,0,0
763,2022-09-01 19:00,22.8,122.6,.5,0,1008.9,1013.3,84.8,0,0
763,2022-09-01 20:00,20.7,0,.2,0,1009.1,1013.5,92.1,0,0
763,2022-09-01 21:00,19.6,0,0,0,1009.9,1014.3,97.7,0,0
763,2022-09-01 22:00,19,0,.2,0,1010,1014.4,98.4,0,0
763,2022-09-01 23:00,17.8,0,.3,0,1010.4,1014.9,99.8,0,0
763,2022-09-02 00:00,17.5,0,.2,0,1010.6,1015.1,99.8,0,0
763,2022-09-02 01:00,17.3,0,.2,0,1011,1015.5,99.8,0,0
763,2022-09-02 02:00,17.3,0,0,0,1010.7,1015.2,99.8,0,0
763,2022-09-02 03:00,17.1,0,0,0,1010.3,1014.8,99.8,0,0
763,2022-09-02 04:00,18.1,24,.8,0,1010.3,1014.8,99.8,0,0
763,2022-09-02 05:00,17.2,0,.2,0,1010.1,1014.6,99.8,0,0
763,2022-09-02 06:00,18,45.2,.8,0,1010.4,1014.9,99.8,0,0
763,2022-09-02 07:00,18.2,0,0,0,1010.8,1015.3,99.8,0,0
763,2022-09-02 08:00,19.7,326.5,.9,0,1010.7,1015.1,92.6,0,0
763,2022-09-02 09:00,21.5,26.4,1.7,0,1011.1,1015.5,81.3,0,0
763,2022-09-02 10:00,23.9,17.5,2.5,0,1010.6,1014.9,73.3,0,0
763,2022-09-02 11:00,25.7,86.1,3.4,0,1010.4,1014.7,63.5,0,0
763,2022-09-02 12:00,27.2,91.2,2.7,0,1010,1014.3,60.7,0,0
763,2022-09-02 13:00,26.9,69.9,3.1,0,1009.6,1013.9,61.4,0,0
763,2022-09-02 14:00,26.9,86.7,2,0,1009.3,1013.6,61.4,0,0
763,2022-09-02 15:00,27.3,85.4,2.4,0,1009,1013.3,59.8,0,0
763,2022-09-02 16:00,26.9,95.1,2.4,0,1009.3,1013.6,61.1,0,0
763,2022-09-02 17:00,25.9,84.1,2.6,0,1009.9,1014.2,63.6,0,0
763,2022-09-02 18:00,24.8,90,1.8,0,1010.1,1014.4,65.9,0,0
763,2022-09-02 19:00,23.9,79.6,1.2,0,1010.2,1014.5,70.7,0,0
763,2022-09-02 20:00,23.6,84.5,1.8,0,1010.8,1015.2,69.9,0,0
763,2022-09-02 21:00,23.5,72.6,1.6,0,1010.8,1015.2,70.3,0,0
763,2022-09-02 22:00,22.7,60.1,1.5,0,1010.3,1014.7,74.1,0,0
763,2022-09-02 23:00,21.9,55.6,1,0,1010.2,1014.6,77.9,0,0
763,2022-09-03 00:00,20.7,67.2,.6,0,1009.9,1014.3,86,0,0
763,2022-09-03 01:00,21.3,24.1,1,0,1009.4,1013.8,81.5,0,0
763,2022-09-03 02:00,20.8,19.9,.8,0,1009,1013.4,84.6,0,0
763,2022-09-03 03:00,21.2,47,.6,0,1008.7,1013.1,83.4,0,0
763,2022-09-03 04:00,21.4,27.2,.8,0,1008.4,1012.8,83.7,0,0
763,2022-09-03 05:00,21.1,0,.1,0,1008.3,1012.7,88,0,0
763,2022-09-03 06:00,21.4,25.8,.7,0,1008.4,1012.8,84.9,0,0
763,2022-09-03 07:00,22.5,31.8,.6,0,1008.9,1013.3,79.8,0,0
763,2022-09-03 08:00,24,51.6,1.9,0,1009.2,1013.5,70.8,0,0
763,2022-09-03 09:00,25.3,24.4,1.9,0,1008.9,1013.2,67.7,0,0
763,2022-09-03 10:00,26.6,59.4,1.7,0,1008.9,1013.2,63.2,0,0
763,2022-09-03 11:00,27.4,55.1,2.1,0,1008.4,1012.7,63.2,0,0
763,2022-09-03 12:00,27.8,73.1,3.1,0,1008,1012.3,62.2,0,0
763,2022-09-03 13:00,28.4,75,2.6,0,1007.7,1012,61.1,0,0
763,2022-09-03 14:00,29,84.3,2.4,0,1007.6,1011.9,59.1,0,0
763,2022-09-03 15:00,29.7,103.5,2,0,1007.1,1011.4,59,0,0
763,2022-09-03 16:00,29,72.6,2.1,0,1006.9,1011.2,57.9,0,0
763,2022-09-03 17:00,28.2,60.3,2.7,0,1007.2,1011.5,62.3,0,0
763,2022-09-03 18:00,26.4,65.9,1.7,0,1007.3,1011.6,68.4,0,0
763,2022-09-03 19:00,25,63.5,1,0,1007.6,1012,73.5,0,0
763,2022-09-03 20:00,24,313.4,.7,0,1008.5,1012.8,77.3,0,0
763,2022-09-03 21:00,23.4,75.9,2.5,0,1008.7,1013.1,79.5,0,0
763,2022-09-03 22:00,23.5,72,1.7,0,1008.4,1012.7,77.9,0,0
763,2022-09-03 23:00,23.6,80.4,2,0,1008.4,1012.7,75.8,0,0
763,2022-09-04 00:00,22.5,36.5,.9,0,1008.1,1012.5,83.1,0,0
763,2022-09-04 01:00,21.9,55.6,1,0,1007.7,1012.1,85.9,0,0
763,2022-09-04 02:00,21.7,13.1,1.1,0,1007.1,1011.5,87.3,0,0
763,2022-09-04 03:00,21.5,0,.3,0,1006.6,1011,89.1,0,0
763,2022-09-04 04:00,21.5,15.6,1.3,0,1006.2,1010.6,88,0,0
763,2022-09-04 05:00,21.5,23.6,1.6,0,1005.9,1010.3,88,0,0
763,2022-09-04 06:00,21.6,327.1,.8,0,1006.2,1010.6,88.3,0,0
763,2022-09-04 07:00,21.5,0,.2,0,1005.8,1010.2,92.8,0,0
763,2022-09-04 08:00,22,268.7,.6,0,1005.3,1009.7,94.6,0,0
763,2022-09-04 09:00,23.5,0,0,0,1005.5,1009.8,89.8,0,0
763,2022-09-04 10:00,24.2,285.9,1.3,0,1005.8,1010.1,87,0,0
763,2022-09-04 11:00,25.9,20,.8,0,1004.7,1009,75.8,0,0
763,2022-09-04 12:00,26.3,0,.3,0,1004.2,1008.5,77,0,0
763,2022-09-04 13:00,27.3,276.7,.8,0,1003.9,1008.2,76.1,0,0
763,2022-09-04 14:00,30,170.2,.7,0,1002.8,1007.1,62.4,0,0
763,2022-09-04 15:00,30,184.7,.6,0,1002.4,1006.7,61.8,0,0
763,2022-09-04 16:00,29.6,170.2,.6,0,1002.4,1006.6,64.6,0,0
763,2022-09-04 17:00,29.2,0,.4,0,1002.7,1006.9,66.7,0,0
763,2022-09-04 18:00,27.3,0,.3,0,1002.9,1007.2,81.2,0,0
763,2022-09-04 19:00,25.9,199.6,.5,.5,1003.4,1007.7,90.8,0,0
763,2022-09-04 20:00,25.7,0,.3,0,1004.1,1008.4,82.9,0,0
763,2022-09-04 21:00,25.1,252.3,1.9,0,1004.5,1008.8,81.5,0,0
763,2022-09-04 22:00,24.3,113.1,.5,0,1004.4,1008.7,87.8,0,0
763,2022-09-04 23:00,23.4,0,0,0,1004.3,1008.6,96.4,0,0
763,2022-09-05 00:00,22.9,0,0,0,1004.1,1008.4,99.8,0,0
763,2022-09-05 01:00,22.7,0,.1,.5,1003.5,1007.8,99.8,0,0
763,2022-09-05 02:00,22.6,0,0,.5,1003.1,1007.4,99.8,0,0
763,2022-09-05 03:00,22.5,0,0,0,1003.1,1007.5,99.8,0,0
763,2022-09-05 04:00,22.6,333.1,.7,0,1002.5,1006.8,99.8,0,0
763,2022-09-05 05:00,22.6,335.6,.6,0,1002,1006.3,99.8,0,0
763,2022-09-05 06:00,22.7,332.6,1.1,0,1001.9,1006.2,99.8,0,0
763,2022-09-05 07:00,22.7,0,.2,0,1002.1,1006.4,99.8,0,0
763,2022-09-05 08:00,22.8,0,.3,1.5,1001.4,1005.7,99.8,0,0
763,2022-09-05 09:00,23.3,0,.3,0,1001.2,1005.5,99.8,0,0
763,2022-09-05 10:00,23.8,0,.4,.5,1001.2,1005.5,99.8,0,0
763,2022-09-05 11:00,24.6,346.3,.7,0,1001.1,1005.4,99.8,0,0
763,2022-09-05 12:00,25.1,6.6,.7,0,1000,1004.3,97.5,0,0
763,2022-09-05 13:00,25.3,31.4,.7,.5,999.4,1003.7,99.4,0,0
763,2022-09-05 14:00,25.1,13.2,1,1.5,998.9,1003.2,99.8,0,0
763,2022-09-05 15:00,24.6,12.3,1.5,2.5,998.2,1002.5,99.8,0,0
763,2022-09-05 16:00,24.3,7.8,1,2,997.7,1002,99.8,0,0
763,2022-09-05 17:00,24.1,23.2,2,2,997.5,1001.8,99.8,0,0
763,2022-09-05 18:00,23.7,12,1.3,1.5,997.5,1001.8,99.8,0,0
763,2022-09-05 19:00,20.7,349.3,2,6,997.3,1001.7,99.8,0,0
763,2022-09-05 20:00,19.2,26.7,1.8,6,997.2,1001.6,99.8,0,0
763,2022-09-05 21:00,18.9,348.3,1.9,2.5,996.2,1000.6,99.8,0,0
763,2022-09-05 22:00,19,5.3,2.6,4,995,999.4,99.8,0,0
763,2022-09-05 23:00,18.8,344.7,3,6.5,993.6,998,99.8,0,0
763,2022-09-06 00:00,18.4,357,2.8,3,992.1,996.5,99.8,0,0
763,2022-09-06 01:00,18.5,355.1,3,2,990.7,995.1,99.8,0,0
763,2022-09-06 02:00,18.9,352.4,2.5,3.5,989.1,993.4,99.8,0,0
763,2022-09-06 03:00,18.6,15.7,3.1,10,988.4,992.7,99.8,0,0
763,2022-09-06 04:00,18,345.5,3.1,18.5,988.1,992.5,99.8,0,0
763,2022-09-06 05:00,17.6,350.3,4.6,7.5,989.3,993.7,99.8,0,0
763,2022-09-06 06:00,17.4,340.7,2.4,5,991.3,995.7,99.8,0,0
763,2022-09-06 07:00,18,343.6,1.9,.5,993,997.4,99.8,0,0
763,2022-09-06 08:00,18.3,80.3,1.9,0,994,998.4,99.4,0,0
763,2022-09-06 09:00,18.9,303.5,2.3,.5,997.1,1001.5,97.3,0,0
763,2022-09-06 10:00,19.9,325.2,1.9,0,998.9,1003.3,91.4,0,0
763,2022-09-06 11:00,21.1,307.8,1.1,0,1000.1,1004.5,81.7,0,0
763,2022-09-06 12:00,22.8,278.9,1.9,0,1001,1005.3,73,0,0
763,2022-09-06 13:00,24.3,328.4,1.7,0,1002,1006.3,63.7,0,0
763,2022-09-06 14:00,25.8,295.8,2.1,0,1002.7,1007,59.9,0,0
763,2022-09-06 15:00,24.5,283.1,2.3,0,1003.2,1007.5,67.3,0,0
763,2022-09-06 16:00,24.8,286.5,2.9,0,1003.9,1008.2,66.3,0,0
763,2022-09-06 17:00,24.2,268,2.3,0,1005.4,1009.7,64.7,0,0
763,2022-09-06 18:00,23.2,270.5,1.8,0,1006.5,1010.8,70.5,0,0
763,2022-09-06 19:00,20.3,0,.3,0,1007.2,1011.6,87.6,0,0
763,2022-09-06 20:00,20.1,0,.3,0,1008,1012.4,90.8,0,0
763,2022-09-06 21:00,17.9,0,0,0,1008.9,1013.4,99.8,0,0
763,2022-09-06 22:00,17.5,0,.1,0,1009.2,1013.7,99.8,0,0
763,2022-09-06 23:00,17.4,0,.2,0,1009.4,1013.9,99.8,0,0
763,2022-09-07 00:00,17.7,0,.2,0,1009.8,1014.3,99.8,0,0
763,2022-09-07 01:00,17.9,0,.2,0,1010.3,1014.8,99.8,0,0
763,2022-09-07 02:00,17.7,0,.1,0,1010.7,1015.2,99.8,0,0
763,2022-09-07 03:00,18,116.5,.5,0,1010.7,1015.2,99.8,0,0
763,2022-09-07 04:00,16.9,0,.1,0,1010.7,1015.2,99.8,0,0
763,2022-09-07 05:00,17.1,278.4,.5,0,1011.1,1015.6,99.8,0,0
763,2022-09-07 06:00,17.7,85.1,.5,0,1011.9,1016.4,99.8,0,0
763,2022-09-07 07:00,17.8,0,.3,0,1012.6,1017.1,99.8,0,0
763,2022-09-07 08:00,18.3,0,.1,0,1013.2,1017.7,99.8,0,0
763,2022-09-07 09:00,20.5,0,.4,0,1013.4,1017.8,98.8,0,0
763,2022-09-07 10:00,21.5,323.5,.6,0,1014,1018.4,80.5,0,0
763,2022-09-07 11:00,24.2,2.2,.9,0,1014,1018.4,70.3,0,0
763,2022-09-07 12:00,24.4,343.2,1.1,0,1013.6,1017.9,67.5,0,0
763,2022-09-07 13:00,25.8,18.3,1.4,0,1013.1,1017.5,62.5,0,0
763,2022-09-07 14:00,26.8,341.3,1.9,0,1012.9,1017.2,59.7,0,0
763,2022-09-07 15:00,26.8,351.7,1.8,0,1012.4,1016.7,51.9,0,0
763,2022-09-07 16:00,27.6,7,1.6,0,1012.3,1016.6,40.7,0,0
763,2022-09-07 17:00,26.8,336.1,1.1,0,1012.5,1016.8,46.3,0,0
763,2022-09-07 18:00,24.7,277.9,1.5,0,1012.8,1017.1,70.7,0,0
763,2022-09-07 19:00,22.5,283.9,.6,0,1012.8,1017.2,87.2,0,0
763,2022-09-07 20:00,20.3,0,0,0,1013.4,1017.9,98.7,0,0
763,2022-09-07 21:00,19.6,0,0,0,1013.9,1018.3,99.8,0,0
763,2022-09-07 22:00,19.1,0,0,0,1014,1018.4,99.8,0,0
763,2022-09-07 23:00,17.9,0,.1,0,1014.1,1018.6,99.3,0,0
763,2022-09-08 00:00,16.6,0,.2,0,1013.8,1018.3,99.8,0,0
763,2022-09-08 01:00,15.8,0,.1,0,1014.2,1018.7,99.8,0,0
763,2022-09-08 02:00,15.1,0,.2,0,1014.3,1018.8,99.8,0,0
763,2022-09-08 03:00,14.4,0,0,0,1014,1018.5,99.8,0,0
763,2022-09-08 04:00,14.1,0,0,0,1014.2,1018.7,99.8,0,0
763,2022-09-08 05:00,13.7,0,0,0,1013.8,1018.4,99.8,0,0
763,2022-09-08 06:00,13.6,0,0,0,1014.2,1018.8,99.8,0,0
763,2022-09-08 07:00,14.7,0,0,0,1014.4,1018.9,99.8,0,0
763,2022-09-08 08:00,17.7,355.5,.6,0,1014.8,1019.3,83.6,0,0
763,2022-09-08 09:00,19.9,7.8,.9,0,1014.8,1019.2,78.7,0,0
763,2022-09-08 10:00,22.7,18.2,1.2,0,1014.8,1019.2,67.7,0,0
763,2022-09-08 11:00,25.5,21.8,2.1,0,1014.4,1018.8,56.3,0,0
763,2022-09-08 12:00,26.2,30.8,1.5,0,1013.6,1018,51.3,0,0
763,2022-09-08 13:00,27.4,214.8,.6,0,1013,1017.3,47.5,0,0
763,2022-09-08 14:00,28.4,13.7,1.3,0,1012.4,1016.7,42.2,0,0
763,2022-09-08 15:00,28.1,327.5,1.1,0,1011.8,1016.1,40.5,0,0
763,2022-09-08 16:00,27.5,297.5,.9,0,1011.5,1015.8,45.2,0,0
763,2022-09-08 17:00,26.9,302.1,.9,0,1011.5,1015.8,51.9,0,0
763,2022-09-08 18:00,25.3,262.8,1.2,0,1011.6,1016,70,0,0
763,2022-09-08 19:00,22.7,0,.4,0,1011.5,1015.9,84.8,0,0
763,2022-09-08 20:00,21.2,0,0,0,1012.3,1016.7,92.1,0,0
763,2022-09-08 21:00,20.5,0,.2,0,1012.7,1017.1,97,0,0
763,2022-09-08 22:00,19.6,0,.2,0,1013,1017.4,99.4,0,0
763,2022-09-08 23:00,18.8,0,.1,0,1012.7,1017.1,99.8,0,0
763,2022-09-09 00:00,18.4,0,.1,0,1012.7,1017.2,99.8,0,0
763,2022-09-09 01:00,17.9,0,0,0,1012.6,1017.1,99.8,0,0
763,2022-09-09 02:00,17.6,0,0,0,1012.4,1016.9,99.8,0,0
763,2022-09-09 03:00,17.2,0,0,0,1012.2,1016.7,99.8,0,0
763,2022-09-09 04:00,17,0,0,0,1012.4,1016.9,99.8,0,0
763,2022-09-09 05:00,16.8,0,.1,0,1012.7,1017.2,99.8,0,0
763,2022-09-09 06:00,16.3,0,.1,0,1012.6,1017.1,99.8,0,0
763,2022-09-09 07:00,16.7,0,0,0,1013.2,1017.7,99.8,0,0
763,2022-09-09 08:00,18.5,0,0,0,1013.3,1017.8,95.2,0,0
763,2022-09-09 09:00,21.5,27.3,.9,0,1013.3,1017.7,79.9,0,0
763,2022-09-09 10:00,23.4,.6,.9,0,1013.5,1017.9,63.5,0,0
763,2022-09-09 11:00,25.8,23.2,1.9,0,1013.4,1017.8,49.9,0,0
763,2022-09-09 12:00,27.3,25.4,1.9,0,1012.7,1017,43.5,0,0
763,2022-09-09 13:00,27.5,32.8,2.4,0,1012.1,1016.4,40.5,0,0
763,2022-09-09 14:00,28.7,53.9,2.2,0,1011.6,1015.9,41.3,0,0
763,2022-09-09 15:00,29.5,11.5,1.7,0,1011.2,1015.5,39.8,0,0
763,2022-09-09 16:00,28.8,19.5,2.8,0,1010.8,1015.1,41.1,0,0
763,2022-09-09 17:00,28.4,24.5,2.5,0,1010.6,1014.9,44.3,0,0
763,2022-09-09 18:00,26.2,16.4,1.3,0,1010.7,1015,52.1,0,0
763,2022-09-09 19:00,21.8,0,0,0,1011.1,1015.5,74.5,0,0
763,2022-09-09 20:00,20.9,0,.1,0,1011.4,1015.8,83.5,0,0
763,2022-09-09 21:00,20.4,0,.2,0,1012.1,1016.5,86.4,0,0
763,2022-09-09 22:00,20.3,0,.4,0,1012.5,1016.9,84.7,0,0
763,2022-09-09 23:00,19.4,0,.1,0,1012.6,1017,92.3,0,0
763,2022-09-10 00:00,23.3,76.4,3.2,0,1013,1017.4,63.6,0,0
763,2022-09-10 01:00,20.9,54,1.2,0,1013,1017.4,74.3,0,0
763,2022-09-10 02:00,20,39.9,1,0,1012.9,1017.4,75.7,0,0
763,2022-09-10 03:00,18.4,0,.2,0,1013,1017.5,85.8,0,0
763,2022-09-10 04:00,17.6,0,.1,0,1012.7,1017.2,91,0,0
763,2022-09-10 05:00,17,0,.1,0,1013,1017.5,96.1,0,0
763,2022-09-10 06:00,17.3,0,.2,0,1013.1,1017.6,94.6,0,0
763,2022-09-10 07:00,17.5,0,.1,0,1013.4,1017.9,93.5,0,0
763,2022-09-10 08:00,18.5,261,.7,0,1013.5,1018,90.5,0,0
763,2022-09-10 09:00,20.5,297.4,.5,0,1013.4,1017.8,79.8,0,0
763,2022-09-10 10:00,21.6,21,.8,0,1013.4,1017.8,69.8,0,0
763,2022-09-10 11:00,22.3,292.8,.5,0,1013.1,1017.5,72.8,0,0
763,2022-09-10 12:00,24.5,127.4,.6,0,1012.8,1017.1,60.5,0,0
763,2022-09-10 13:00,25.8,48.4,.9,0,1012.2,1016.6,56.3,0,0
763,2022-09-10 14:00,26,120.6,.7,0,1011.8,1016.1,57.2,0,0
763,2022-09-10 15:00,25.2,0,.4,0,1011.4,1015.8,60.7,0,0
763,2022-09-10 16:00,25.7,40.6,1.4,0,1010.9,1015.3,58.6,0,0
763,2022-09-10 17:00,25,90.6,1.4,0,1011.1,1015.5,60.3,0,0
763,2022-09-10 18:00,23.8,29.7,1.4,0,1011.3,1015.7,66.4,0,0
763,2022-09-10 19:00,21.7,0,.3,0,1011.3,1015.7,79.7,0,0
763,2022-09-10 20:00,21.8,85.6,.6,0,1011.5,1015.9,73.7,0,0
763,2022-09-10 21:00,20.1,0,0,0,1011.9,1016.4,90.7,0,0
763,2022-09-10 22:00,19.2,0,0,0,1011.8,1016.2,93.9,0,0
763,2022-09-10 23:00,19,0,0,0,1012.1,1016.5,94.6,0,0
763,2022-09-11 00:00,19.2,0,.1,0,1012.1,1016.5,92.2,0,0
763,2022-09-11 01:00,18.9,0,.1,0,1011.7,1016.1,96.5,0,0
763,2022-09-11 02:00,19.1,0,0,0,1011,1015.4,92.5,0,0
763,2022-09-11 03:00,18.7,0,.2,0,1010.7,1015.1,97.5,0,0
763,2022-09-11 04:00,18.4,0,0,0,1010.9,1015.3,98.6,0,0
763,2022-09-11 05:00,18.4,0,.2,0,1011,1015.4,98.5,0,0
763,2022-09-11 06:00,17.2,0,0,0,1010.9,1015.4,99.8,0,0
763,2022-09-11 07:00,17.8,0,.2,0,1011.1,1015.6,97,0,0
763,2022-09-11 08:00,19.4,0,0,0,1011.4,1015.8,87.7,0,0
763,2022-09-11 09:00,23,16.7,.5,0,1011,1015.4,66.5,0,0
763,2022-09-11 10:00,24.1,284.8,1.3,0,1011.1,1015.4,64.8,0,0
763,2022-09-11 11:00,25.9,39.3,.9,0,1010.6,1014.9,53.8,0,0
763,2022-09-11 12:00,27,26.1,.8,0,1010.2,1014.5,55.1,0,0
763,2022-09-11 13:00,26.8,282.2,1.8,0,1009.8,1014.1,56.8,0,0
763,2022-09-11 14:00,27.7,323.7,1.2,0,1009.1,1013.4,54.3,0,0
763,2022-09-11 15:00,27.4,268.4,1.9,0,1008.8,1013.1,56.2,0,0
763,2022-09-11 16:00,27.9,282.6,1.7,0,1008.5,1012.8,55.4,0,0
763,2022-09-11 17:00,26.8,301.9,1.4,0,1008.8,1013.1,59.8,0,0
763,2022-09-11 18:00,25.9,318.7,.6,0,1008.6,1012.9,67.6,0,0
763,2022-09-11 19:00,24.3,0,.1,0,1008.4,1012.7,75.9,0,0
763,2022-09-11 20:00,23,273.8,.9,0,1009,1013.4,87.6,0,0
763,2022-09-11 21:00,23.1,0,.4,0,1009.4,1013.8,85.3,0,0
763,2022-09-11 22:00,22.1,283.5,.7,0,1009.4,1013.8,93.5,0,0
763,2022-09-11 23:00,22.3,0,0,0,1009.6,1014,92.5,0,0
763,2022-09-12 00:00,21.6,0,.2,0,1009.4,1013.8,97.6,0,0
763,2022-09-12 01:00,21.1,0,.2,0,1009.2,1013.6,99.8,0,0
763,2022-09-12 02:00,20.9,0,.1,0,1009.5,1013.9,99.8,0,0
763,2022-09-12 03:00,21,0,.2,1,1009.8,1014.2,99.8,0,0
763,2022-09-12 04:00,20.8,0,.2,0,1009.2,1013.6,99.8,0,0
763,2022-09-12 05:00,20.8,0,.4,0,1009.4,1013.8,99.8,0,0
763,2022-09-12 06:00,20.8,0,.1,0,1009.4,1013.8,99.8,0,0
763,2022-09-12 07:00,20.9,0,.1,.5,1009.5,1013.9,99.8,0,0
763,2022-09-12 08:00,21.2,0,.4,0,1009.8,1014.2,99.8,0,0
763,2022-09-12 09:00,21.7,72.4,.6,0,1009.6,1014,99.8,0,0
763,2022-09-12 10:00,22.7,353.5,.5,0,1009.9,1014.3,94,0,0
763,2022-09-12 11:00,24,1.1,.9,0,1009.7,1014,85.9,0,0
763,2022-09-12 12:00,24.8,18.3,.9,0,1009.5,1013.8,84.9,0,0
763,2022-09-12 13:00,25.1,351.7,.7,0,1009.7,1014.1,82.7,0,0
763,2022-09-12 14:00,25.1,0,.1,0,1009.7,1014.1,84.1,0,0
763,2022-09-12 15:00,24.9,317.5,.7,0,1009.1,1013.4,87.8,0,0
763,2022-09-12 16:00,24.9,293.2,1.3,0,1008.8,1013.1,87.9,0,0
763,2022-09-12 17:00,24.8,329.9,.5,0,1009.1,1013.4,89.3,0,0
763,2022-09-12 18:00,23.9,325.4,.7,0,1009.1,1013.4,98.6,0,0
763,2022-09-12 19:00,23.1,0,.4,0,1008.7,1013.1,99.8,0,0
763,2022-09-12 20:00,22.6,0,.3,0,1008.9,1013.3,99.8,0,0
763,2022-09-12 21:00,21.9,0,.3,0,1009.5,1013.9,99.8,0,0
763,2022-09-12 22:00,21.9,0,.1,0,1009.5,1013.9,99.8,0,0
763,2022-09-12 23:00,21.7,0,0,0,1009.5,1013.9,99.8,0,0
763,2022-09-13 00:00,21.8,0,.1,0,1009.5,1013.9,99.8,0,0
763,2022-09-13 01:00,22.1,336.6,.5,0,1009.2,1013.6,99.7,0,0
763,2022-09-13 02:00,21.7,0,.4,0,1009,1013.4,99.8,0,0
763,2022-09-13 03:00,22,9,.9,0,1008.8,1013.2,95.9,0,0
763,2022-09-13 04:00,21.8,11.4,.7,0,1009,1013.4,94.9,0,0
763,2022-09-13 05:00,21.6,17.1,1,0,1008.9,1013.3,92.4,0,0
763,2022-09-13 06:00,21.5,50,.8,0,1009.2,1013.6,91.5,0,0
763,2022-09-13 07:00,21.6,0,.4,0,1009.6,1014,90.4,0,0
763,2022-09-13 08:00,22,291,.5,0,1009.7,1014.1,91.7,0,0
763,2022-09-13 09:00,23.2,24.8,1.3,0,1009.9,1014.3,84.7,0,0
763,2022-09-13 10:00,24.6,9.4,1.5,0,1010.1,1014.4,78.9,0,0
763,2022-09-13 11:00,25.4,28.8,2.7,0,1010.2,1014.6,74,0,0
763,2022-09-13 12:00,26.5,19.6,2,0,1010,1014.3,69.4,0,0
763,2022-09-13 13:00,27.3,22,2,0,1009.7,1014,66.9,0,0
763,2022-09-13 14:00,27.2,13.8,1.2,0,1009.9,1014.2,65.9,0,0
763,2022-09-13 15:00,26.7,346.3,.9,0,1009.9,1014.2,71.2,0,0
763,2022-09-13 16:00,26.2,351.2,.6,0,1009.6,1013.9,75.7,0,0
763,2022-09-13 17:00,25.6,88.3,.5,0,1009.9,1014.2,78.2,0,0
763,2022-09-13 18:00,25.2,84,.5,0,1010.2,1014.6,78.9,0,0
763,2022-09-13 19:00,24.8,56.1,1.5,0,1010.2,1014.5,79,0,0
763,2022-09-13 20:00,24.8,67,2,0,1010.5,1014.8,73.3,0,0
763,2022-09-13 21:00,24.5,35,1.5,0,1010.8,1015.1,70.6,0,0
763,2022-09-13 22:00,24.4,51.7,1.2,0,1010.6,1014.9,67.8,0,0
763,2022-09-13 23:00,24.4,85.2,1.3,0,1010.2,1014.5,63.6,0,0
763,2022-09-14 00:00,20.1,83.8,.8,1,1010.6,1015,87.5,0,0
763,2022-09-14 01:00,20.7,78.2,1.1,0,1010.3,1014.7,83.4,0,0
763,2022-09-14 02:00,20.1,77.5,.7,0,1010,1014.4,83.4,0,0
763,2022-09-14 03:00,22.4,61.5,1.5,.5,1009.9,1014.3,56.6,0,0
763,2022-09-14 04:00,22.5,57.1,1.8,0,1009.6,1014,53.8,0,0
763,2022-09-14 05:00,22.6,53.5,1.6,0,1009.7,1014.1,55.1,0,0
763,2022-09-14 06:00,22.6,55,1.7,0,1009.9,1014.3,53.3,0,0
763,2022-09-14 07:00,22.2,52.8,1.2,0,1010.3,1014.7,53.7,0,0
763,2022-09-14 08:00,23.5,57.2,1.5,0,1010.4,1014.8,51.3,0,0
763,2022-09-14 09:00,24.7,74.8,2.6,0,1010.4,1014.7,48.5,0,0
763,2022-09-14 10:00,26.2,73.8,2.7,0,1010.8,1015.1,43.3,0,0
763,2022-09-14 11:00,26.4,64.1,3.3,0,1010.7,1015,43.3,0,0
763,2022-09-14 12:00,26.6,78.8,2.9,0,1010.2,1014.5,45,0,0
763,2022-09-14 13:00,27.3,81.4,3,0,1009.8,1014.1,47.5,0,0
763,2022-09-14 14:00,27.3,76.3,2.3,0,1009.2,1013.5,49.7,0,0
763,2022-09-14 15:00,27.5,81,2.7,0,1008.4,1012.7,50.5,0,0
763,2022-09-14 16:00,27.3,79,2.8,0,1007.8,1012.1,52.6,0,0
763,2022-09-14 17:00,26.7,66.8,1.3,0,1008,1012.3,52.9,0,0
763,2022-09-14 18:00,26.2,78.6,1.9,0,1008.1,1012.4,50.7,0,0
763,2022-09-14 19:00,25.9,69.4,2.6,0,1008.4,1012.7,48.2,0,0
763,2022-09-14 20:00,25.3,62,1.9,0,1009.1,1013.5,49.8,0,0
763,2022-09-14 21:00,25,73.4,3.3,0,1009.3,1013.7,50.4,0,0
763,2022-09-14 22:00,24.4,77.7,3.1,0,1009,1013.3,53.4,0,0
763,2022-09-14 23:00,23.5,55.6,1.8,0,1009,1013.4,58.9,0,0
763,2022-09-15 00:00,21.9,37.3,1.1,0,1008.9,1013.3,66.7,0,0
763,2022-09-15 01:00,21,14.5,1.1,0,1008.7,1013.1,72.6,0,0
763,2022-09-15 02:00,21.1,48.1,1.4,0,1008.1,1012.5,73.9,0,0
763,2022-09-15 03:00,21.1,21,1.7,0,1007.8,1012.2,74.5,0,0
763,2022-09-15 04:00,21.1,28,1.5,0,1007.5,1011.9,75.1,0,0
763,2022-09-15 05:00,20.6,353.9,1,0,1007.4,1011.8,79.6,0,0
763,2022-09-15 06:00,21.2,23.6,1.9,0,1007.2,1011.6,77.2,0,0
763,2022-09-15 07:00,21.4,7.2,.8,0,1007.5,1011.9,78.1,0,0
763,2022-09-15 08:00,23.4,19,1.7,0,1007.3,1011.6,70.3,0,0
763,2022-09-15 09:00,25.9,57.1,1.8,0,1007,1011.3,62.5,0,0
763,2022-09-15 10:00,26.2,53.5,1.4,0,1007.3,1011.6,62.9,0,0
763,2022-09-15 11:00,28.6,44.6,2.2,0,1007,1011.3,57.4,0,0
763,2022-09-15 12:00,30.5,104.9,1.4,0,1006,1010.3,56.4,0,0
763,2022-09-15 13:00,30.7,103.5,1.9,0,1004.9,1009.2,56,0,0
763,2022-09-15 14:00,31.4,129.2,.7,0,1004.2,1008.4,55.9,0,0
763,2022-09-15 15:00,30.6,133.3,.7,0,1003.7,1007.9,55.8,0,0
763,2022-09-15 16:00,30.2,125.6,.9,0,1003.8,1008.1,58.9,0,0
763,2022-09-15 17:00,29.1,119.5,1.1,0,1003.7,1008,63.2,0,0
763,2022-09-15 18:00,27.5,0,0,0,1003.9,1008.2,71,0,0
763,2022-09-15 19:00,25.3,0,0,0,1004,1008.3,87.4,0,0
763,2022-09-15 20:00,24.7,109.6,.6,0,1003.8,1008.1,85.1,0,0
763,2022-09-15 21:00,24.1,0,0,0,1004.1,1008.4,91.1,0,0
763,2022-09-15 22:00,23.8,0,.1,0,1004.1,1008.4,90.3,0,0
763,2022-09-15 23:00,22.8,0,.1,0,1003.9,1008.2,95.9,0,0
763,2022-09-16 00:00,22.2,0,0,0,1003.6,1008,97.8,0,0
763,2022-09-16 01:00,21.7,0,0,0,1003.4,1007.8,99,0,0
763,2022-09-16 02:00,21.3,0,.2,0,1003.1,1007.5,99.8,0,0
763,2022-09-16 03:00,21.9,0,0,0,1003.3,1007.7,98.3,0,0
763,2022-09-16 04:00,22,0,.4,0,1003.4,1007.8,94.5,0,0
763,2022-09-16 05:00,21.9,0,.2,0,1002.7,1007.1,94.5,0,0
763,2022-09-16 06:00,21.1,0,.1,0,1002.9,1007.3,97.9,0,0
763,2022-09-16 07:00,21.6,0,.1,0,1003.6,1008,94.7,0,0
763,2022-09-16 08:00,23.5,67.4,.8,0,1003.7,1008,84.5,0,0
763,2022-09-16 09:00,25.3,31.1,1.1,0,1004.2,1008.5,78.2,0,0
763,2022-09-16 10:00,28.2,120.1,1.3,0,1003.9,1008.2,68.6,0,0
763,2022-09-16 11:00,29.2,141.5,1,0,1003.6,1007.8,65.1,0,0
763,2022-09-16 12:00,30.2,138.1,.7,0,1002.7,1006.9,62.6,0,0
763,2022-09-16 13:00,30.8,202.7,.9,0,1002,1006.2,58.3,0,0
763,2022-09-16 14:00,30.8,196.3,.7,0,1002,1006.2,56.9,0,0
763,2022-09-16 15:00,31.4,217.7,.7,0,1001.9,1006.1,55.3,0,0
763,2022-09-16 16:00,30,0,.2,0,1002.1,1006.4,60.7,0,0
763,2022-09-16 17:00,29.3,0,.4,0,1002.4,1006.6,64,0,0
763,2022-09-16 18:00,28.7,0,.2,0,1002.8,1007.1,67.7,0,0
763,2022-09-16 19:00,27.9,0,.1,0,1003,1007.3,72.9,0,0
763,2022-09-16 20:00,26.9,0,.2,0,1003.6,1007.9,78.2,0,0
763,2022-09-16 21:00,26.9,0,.4,0,1004.1,1008.4,78.5,0,0
763,2022-09-16 22:00,24.5,10.4,.5,0,1004,1008.3,97.2,0,0
763,2022-09-16 23:00,24.3,0,.1,0,1004,1008.3,99.8,0,0
763,2022-09-17 00:00,24.1,0,.3,0,1003.9,1008.2,99.8,0,0
763,2022-09-17 01:00,24,0,0,0,1003.7,1008,99.8,0,0
763,2022-09-17 02:00,23.3,0,.2,0,1003.7,1008,99.8,0,0
763,2022-09-17 03:00,23.6,0,.1,0,1003.7,1008,99.8,0,0
763,2022-09-17 04:00,23.6,0,.1,0,1003.8,1008.1,99.8,0,0
763,2022-09-17 05:00,23.4,0,.1,0,1003.8,1008.1,99.8,0,0
763,2022-09-17 06:00,23.1,0,0,0,1004.1,1008.4,99.8,0,0
763,2022-09-17 07:00,22.9,0,.1,0,1004.7,1009,99.8,0,0
763,2022-09-17 08:00,24.6,0,.1,0,1004.8,1009.1,97.5,0,0
763,2022-09-17 09:00,26.5,49.9,1,0,1004.9,1009.2,84.4,0,0
763,2022-09-17 10:00,28.4,20,.8,0,1004.7,1009,73.1,0,0
763,2022-09-17 11:00,29.3,341.3,1.2,0,1004.5,1008.8,71.2,0,0
763,2022-09-17 12:00,30.2,340.7,1,0,1003.8,1008.1,62.7,0,0
763,2022-09-17 13:00,31,52.7,.7,0,1003.2,1007.4,60.6,0,0
763,2022-09-17 14:00,31.4,318.8,1.5,0,1002.4,1006.6,57.4,0,0
763,2022-09-17 15:00,32.1,336.1,1.6,0,1001.5,1005.7,54.7,0,0
763,2022-09-17 16:00,31.9,325.5,1.5,0,1001.2,1005.4,54.7,0,0
763,2022-09-17 17:00,30.8,16.3,.8,0,1001.2,1005.4,60.2,0,0
763,2022-09-17 18:00,29,312.7,1.5,0,1001.4,1005.6,74.4,0,0
763,2022-09-17 19:00,27.6,351.1,1.3,0,1001.9,1006.2,82,0,0
763,2022-09-17 20:00,26.1,345.9,.7,0,1002.3,1006.6,85.9,0,0
763,2022-09-17 21:00,25.6,0,.4,0,1002.6,1006.9,89.7,0,0
763,2022-09-17 22:00,25.2,0,.4,0,1002.5,1006.8,90.6,0,0
763,2022-09-17 23:00,24.8,348.2,.5,0,1002.5,1006.8,92.8,0,0
763,2022-09-18 00:00,24.3,269.3,.6,0,1002.3,1006.6,96.4,0,0
763,2022-09-18 01:00,23.9,0,.2,0,1001.7,1006,97.8,0,0
763,2022-09-18 02:00,23.5,0,.1,0,1001.1,1005.4,99.6,0,0
763,2022-09-18 03:00,23.3,0,.2,0,1000.8,1005.1,99.8,0,0
763,2022-09-18 04:00,23.4,0,.1,0,1000.5,1004.8,99.1,0,0
763,2022-09-18 05:00,23.5,0,.1,0,1000.4,1004.7,98.6,0,0
763,2022-09-18 06:00,23.7,275.4,.5,0,1000.5,1004.8,98.5,0,0
763,2022-09-18 07:00,23.8,36.3,1,0,1000.6,1004.9,96.7,0,0
763,2022-09-18 08:00,24.7,16.1,.6,0,1000.5,1004.8,93.3,0,0
763,2022-09-18 09:00,26,344.7,1.3,0,1000.3,1004.6,87.3,0,0
763,2022-09-18 10:00,27.2,4.8,2,0,1000.2,1004.5,80.6,0,0
763,2022-09-18 11:00,28.8,23.4,2.6,0,999.1,1003.3,69.7,0,0
763,2022-09-18 12:00,30.1,20.7,3.4,0,998.3,1002.5,64.1,0,0
763,2022-09-18 13:00,30.7,29.9,3,0,997.2,1001.4,64.1,0,0
763,2022-09-18 14:00,31.3,21.3,2.4,0,996.2,1000.4,62.1,0,0
763,2022-09-18 15:00,31.9,31,3.1,0,995.5,999.7,59.8,0,0
763,2022-09-18 16:00,31.8,67.4,3.3,0,994.8,999,58.1,0,0
763,2022-09-18 17:00,31,77.1,2.3,0,994.6,998.8,61.4,0,0
763,2022-09-18 18:00,30.2,57.3,2.3,0,994.7,998.9,62.7,0,0
763,2022-09-18 19:00,28.8,28.7,2.1,0,994.3,998.5,66.6,0,0
763,2022-09-18 20:00,27.5,355.4,.8,0,994.3,998.5,70.9,0,0
763,2022-09-18 21:00,26.6,16.4,1.4,0,994.3,998.6,84.4,0,0
763,2022-09-18 22:00,26,334.2,1.6,0,993.8,998.1,79.7,0,0
763,2022-09-18 23:00,25.9,1.1,1.4,0,993,997.3,74.4,0,0
763,2022-09-19 00:00,25.4,330.6,1.1,0,992.7,997,75.8,0,0
763,2022-09-19 01:00,24.8,347.6,1.8,0,992.4,996.6,81.2,0,0
763,2022-09-19 02:00,24.6,344.2,2.3,0,992.2,996.5,79.7,0,0
763,2022-09-19 03:00,24.4,343.8,2.3,0,991.6,995.9,79,0,0
763,2022-09-19 04:00,24.4,349.2,2.5,0,991.4,995.7,77.6,0,0
763,2022-09-19 05:00,24.2,344.3,1.2,0,991.7,996,78.2,0,0
763,2022-09-19 06:00,24.2,340.8,1.8,0,991.8,996.1,78.6,0,0
763,2022-09-19 07:00,23.9,320.9,1.6,0,992.4,996.7,81.3,0,0
763,2022-09-19 08:00,26,329.4,2,0,992.7,997,75.2,0,0
763,2022-09-19 09:00,27.2,357.5,3.5,0,993,997.2,69.5,0,0
763,2022-09-19 10:00,27.4,353.2,3.9,0,993.6,997.8,66.5,0,0
763,2022-09-19 11:00,27.8,346.2,2.8,0,993.7,997.9,65.6,0,0
763,2022-09-19 12:00,26.9,340.2,2.9,0,994,998.3,68.4,0,0
763,2022-09-19 13:00,28.6,4.1,3.6,0,994.3,998.5,62.1,0,0
763,2022-09-19 14:00,28.9,343.6,3.5,0,994.1,998.3,59.8,0,0
763,2022-09-19 15:00,30.3,346.7,3.3,0,993.9,998.1,56.6,0,0
763,2022-09-19 16:00,28.5,347.4,2.5,0,994.2,998.4,64.2,0,0
763,2022-09-19 17:00,27.6,344,2.5,0,995.3,999.5,62.2,0,0
763,2022-09-19 18:00,25.1,332,2.6,0,996.5,1000.8,63.5,0,0
763,2022-09-19 19:00,23.3,332.3,1.8,0,998.1,1002.4,66.1,0,0
763,2022-09-19 20:00,21.8,339.6,1,0,999.6,1004,69.8,0,0
763,2022-09-19 21:00,20.8,330.7,1.2,0,1001.2,1005.6,71,0,0
763,2022-09-19 22:00,19.7,0,.2,0,1002.1,1006.5,74,0,0
763,2022-09-19 23:00,19.2,0,.4,0,1002.5,1006.9,70.7,0,0
763,2022-09-20 00:00,18.2,301.4,.8,0,1003,1007.4,72.6,0,0
763,2022-09-20 01:00,17,314.1,.6,0,1003.6,1008.1,82.8,0,0
763,2022-09-20 02:00,16.1,0,.1,0,1004.4,1008.9,85.5,0,0
763,2022-09-20 03:00,15.1,0,.2,0,1004.7,1009.2,93.6,0,0
763,2022-09-20 04:00,14.3,0,.1,0,1005.4,1009.9,97.1,0,0
763,2022-09-20 05:00,13.9,0,0,0,1006.1,1010.6,97.9,0,0
763,2022-09-20 06:00,13.9,0,.4,0,1007,1011.5,98.8,0,0
763,2022-09-20 07:00,14.9,0,.4,0,1007.7,1012.2,93.9,0,0
763,2022-09-20 08:00,17.9,22.8,1.6,0,1008,1012.4,76.7,0,0
763,2022-09-20 09:00,20,18.3,2.2,0,1008.3,1012.7,63.9,0,0
763,2022-09-20 10:00,21.6,90.6,2.4,0,1008.5,1012.9,52.5,0,0
763,2022-09-20 11:00,22.8,64.3,2.5,0,1009,1013.4,48.3,0,0
763,2022-09-20 12:00,22.9,58.3,1.7,0,1008.6,1013,48.7,0,0
763,2022-09-20 13:00,23.7,69.4,1.5,0,1008.2,1012.5,45.6,0,0
763,2022-09-20 14:00,24.4,319.9,1.1,0,1007.7,1012,41.3,0,0
763,2022-09-20 15:00,24.2,351.6,2.4,0,1007.6,1011.9,43.3,0,0
763,2022-09-20 16:00,23.2,341.9,2,0,1007.7,1012.1,47.1,0,0
763,2022-09-20 17:00,22.4,347.4,1.2,0,1007.8,1012.2,49.6,0,0
763,2022-09-20 18:00,21.1,328.7,.9,0,1008.3,1012.7,57.8,0,0
763,2022-09-20 19:00,20,0,.3,0,1008.9,1013.3,65.3,0,0
763,2022-09-20 20:00,17.9,0,.2,0,1009.9,1014.4,80.6,0,0
763,2022-09-20 21:00,16.2,0,0,0,1010.6,1015.1,89.5,0,0
763,2022-09-20 22:00,15.2,0,0,0,1010.9,1015.4,92.5,0,0
763,2022-09-20 23:00,14.6,0,.1,0,1011,1015.5,96.2,0,0
763,2022-09-21 00:00,13.9,0,0,0,1011,1015.5,98.4,0,0
763,2022-09-21 01:00,13.4,0,0,0,1011.1,1015.6,99.8,0,0
763,2022-09-21 02:00,13.1,0,0,0,1011.4,1016,99.8,0,0
763,2022-09-21 03:00,12.5,0,0,0,1011.5,1016.1,99.8,0,0
763,2022-09-21 04:00,12.2,0,0,0,1011.6,1016.2,99.8,0,0
763,2022-09-21 05:00,11.6,0,0,0,1012,1016.6,99.8,0,0
763,2022-09-21 06:00,11.6,0,0,0,1012.6,1017.2,99.8,0,0
763,2022-09-21 07:00,12,0,0,0,1013,1017.6,99.8,0,0
763,2022-09-21 08:00,15,4.9,.7,0,1013.5,1018,87.9,0,0
763,2022-09-21 09:00,17.5,48.6,.7,0,1013.7,1018.2,77.8,0,0
763,2022-09-21 10:00,20.2,63.2,1.3,0,1013.9,1018.4,64.8,0,0
763,2022-09-21 11:00,22,47.8,1.3,0,1013.5,1017.9,51.7,0,0
763,2022-09-21 12:00,22.8,158.4,.5,0,1012.8,1017.2,47.1,0,0
763,2022-09-21 13:00,24.5,16.1,1.8,0,1012,1016.3,44.3,0,0
763,2022-09-21 14:00,24.6,20.3,1.6,0,1011.5,1015.8,39.4,0,0
763,2022-09-21 15:00,25,355.1,1.3,0,1011.1,1015.5,39.2,0,0
763,2022-09-21 16:00,24.6,63.2,1.4,0,1011,1015.3,39.9,0,0
763,2022-09-21 17:00,24.1,342.7,1.4,0,1011,1015.3,45.5,0,0
763,2022-09-21 18:00,22,5.4,1.2,0,1011,1015.4,52.1,0,0
763,2022-09-21 19:00,18.3,0,.1,0,1011.2,1015.7,72.8,0,0
763,2022-09-21 20:00,16.6,0,0,0,1011.8,1016.3,81.6,0,0
763,2022-09-21 21:00,15.9,0,.2,0,1012.1,1016.6,85.1,0,0
763,2022-09-21 22:00,15.8,0,.2,0,1012.5,1017,87,0,0
763,2022-09-21 23:00,15.6,0,.4,0,1012.6,1017.1,88.2,0,0
763,2022-09-22 00:00,14.5,0,.1,0,1012.6,1017.1,92.4,0,0
763,2022-09-22 01:00,13.9,0,.1,0,1012.7,1017.2,96.9,0,0
763,2022-09-22 02:00,13.2,0,.1,0,1012.7,1017.3,97.2,0,0
763,2022-09-22 03:00,12.6,0,.1,0,1012.6,1017.2,99.7,0,0
763,2022-09-22 04:00,11.8,0,.1,0,1012.4,1017,99.8,0,0
763,2022-09-22 05:00,10.9,0,0,0,1012.2,1016.8,99.8,0,0
763,2022-09-22 06:00,10.4,0,0,0,1012.6,1017.2,99.8,0,0
763,2022-09-22 07:00,11,0,.1,0,1012.7,1017.3,98,0,0
763,2022-09-22 08:00,13.7,100.2,.6,0,1012.8,1017.3,79.4,0,0
763,2022-09-22 09:00,16,27.8,.8,0,1012.9,1017.4,69.4,0,0
763,2022-09-22 10:00,19,66.5,1,0,1012.6,1017,58.5,0,0
763,2022-09-22 11:00,21,351.6,.6,0,1011.8,1016.2,49.5,0,0
763,2022-09-22 12:00,22.8,301.7,.8,0,1011.1,1015.5,45.2,0,0
763,2022-09-22 13:00,23.3,318.9,1.2,0,1010,1014.4,42.1,0,0
763,2022-09-22 14:00,22.7,330.6,.8,0,1009.5,1013.9,41.6,0,0
763,2022-09-22 15:00,22.9,335.4,1.6,0,1009.2,1013.6,43,0,0
763,2022-09-22 16:00,23.4,358.1,1.3,0,1008.9,1013.3,42.7,0,0
763,2022-09-22 17:00,22.6,343.4,.9,0,1008.8,1013.2,43.8,0,0
763,2022-09-22 18:00,20.1,0,0,0,1009.1,1013.5,65,0,0
763,2022-09-22 19:00,17.9,0,.1,0,1009.4,1013.9,71.8,0,0
763,2022-09-22 20:00,16.8,0,.1,0,1009.6,1014.1,78.7,0,0
763,2022-09-22 21:00,16.9,0,.1,0,1009.8,1014.3,76.1,0,0
763,2022-09-22 22:00,16.8,0,.3,0,1009.6,1014.1,78,0,0
763,2022-09-22 23:00,16.3,0,.1,0,1009.8,1014.3,82,0,0
763,2022-09-23 00:00,15.7,0,0,0,1009.4,1013.9,89.3,0,0
763,2022-09-23 01:00,15.1,0,.1,0,1009,1013.5,88.8,0,0
763,2022-09-23 02:00,13.9,0,0,0,1008.5,1013,95.3,0,0
763,2022-09-23 03:00,13.4,0,0,0,1008.7,1013.2,98.6,0,0
763,2022-09-23 04:00,13.1,0,0,0,1008.6,1013.1,98.3,0,0
763,2022-09-23 05:00,12.8,0,.3,0,1008.8,1013.4,99.7,0,0
763,2022-09-23 06:00,12.9,0,0,0,1008.7,1013.2,99.8,0,0
763,2022-09-23 07:00,13.1,0,.1,0,1008.5,1013,99.8,0,0
763,2022-09-23 08:00,15.6,44.7,.5,0,1008.9,1013.4,89.2,0,0
763,2022-09-23 09:00,19.7,0,.3,0,1008.7,1013.1,75.7,0,0
763,2022-09-23 10:00,21.1,255.2,1.4,0,1009.1,1013.5,63.1,0,0
763,2022-09-23 11:00,22.5,254.5,1.8,0,1009.4,1013.8,62.4,0,0
763,2022-09-23 12:00,22.2,234.8,1.4,0,1008.4,1012.8,63.8,0,0
763,2022-09-23 13:00,21.9,221.2,1.1,0,1007.8,1012.2,70.5,0,0
763,2022-09-23 14:00,22,291.3,3.5,0,1008.1,1012.5,64.6,0,0
763,2022-09-23 15:00,22,297.9,2.3,0,1008.4,1012.8,50.6,0,0
763,2022-09-23 16:00,20.9,309.5,2,0,1008.8,1013.2,53.6,0,0
763,2022-09-23 17:00,19.9,320.3,1.9,0,1008.9,1013.3,53.2,0,0
763,2022-09-23 18:00,18.3,317.1,1.9,0,1009.7,1014.1,55.1,0,0
763,2022-09-23 19:00,16.1,337.6,.9,0,1010.8,1015.3,64.1,0,0
763,2022-09-23 20:00,13.8,0,.2,0,1011.4,1015.9,81.2,0,0
763,2022-09-23 21:00,13,0,.2,0,1012,1016.6,85.4,0,0
763,2022-09-23 22:00,12.3,0,.2,0,1012,1016.6,88.6,0,0
763,2022-09-23 23:00,11.8,0,.1,0,1011.9,1016.5,90,0,0
763,2022-09-24 00:00,11.5,0,.2,0,1012.2,1016.8,92.6,0,0
763,2022-09-24 01:00,11.1,0,0,0,1012.4,1017,96.6,0,0
763,2022-09-24 02:00,11.1,0,.2,0,1012.2,1016.8,95.6,0,0
763,2022-09-24 03:00,10.9,0,.1,0,1012.2,1016.8,98.4,0,0
763,2022-09-24 04:00,11.1,0,.2,0,1012.2,1016.8,97.1,0,0
763,2022-09-24 05:00,11.1,0,.2,0,1012.4,1017,98.1,0,0
763,2022-09-24 06:00,10.7,0,.2,0,1013,1017.6,99.8,0,0
763,2022-09-24 07:00,10.3,0,0,0,1013.5,1018.1,99.8,0,0
763,2022-09-24 08:00,13.2,0,.2,0,1014.1,1018.7,89.2,0,0
763,2022-09-24 09:00,16.7,24.4,1,0,1014.4,1018.9,72.4,0,0
763,2022-09-24 10:00,18.3,350,1.3,0,1014.6,1019.1,61.2,0,0
763,2022-09-24 11:00,20.2,353.3,2.1,0,1014.6,1019.1,52.1,0,0
763,2022-09-24 12:00,22.1,12.4,1.8,0,1014.2,1018.6,47.9,0,0
763,2022-09-24 13:00,22.1,342.6,1.5,0,1013,1017.4,46,0,0
763,2022-09-24 14:00,23.6,24,2.8,0,1012.4,1016.8,40,0,0
763,2022-09-24 15:00,23.7,352.7,1.9,0,1011.9,1016.3,37.9,0,0
763,2022-09-24 16:00,22.6,352.2,2,0,1011.5,1015.9,38.7,0,0
763,2022-09-24 17:00,21.8,342.7,1.4,0,1011.7,1016.1,39.8,0,0
763,2022-09-24 18:00,19.9,309.7,.8,0,1011.7,1016.1,50.6,0,0
763,2022-09-24 19:00,17.3,0,.3,0,1011.8,1016.3,67.9,0,0
763,2022-09-24 20:00,16.9,0,.3,0,1012.5,1017,71.3,0,0
763,2022-09-24 21:00,16.7,0,.2,0,1012.8,1017.3,75.3,0,0
763,2022-09-24 22:00,15.9,0,.1,0,1012.7,1017.2,89.6,0,0
763,2022-09-24 23:00,16.3,0,.2,0,1012.8,1017.3,93.5,0,0
763,2022-09-25 00:00,15.9,0,.1,0,1012.6,1017.1,93.8,0,0
763,2022-09-25 01:00,15.4,0,.4,0,1012,1016.5,90.6,0,0
763,2022-09-25 02:00,14.9,0,0,0,1011.7,1016.2,96.3,0,0
763,2022-09-25 03:00,14.8,0,.2,0,1011.5,1016,95.6,0,0
763,2022-09-25 04:00,14.4,35.7,.5,0,1011.1,1015.6,96.5,0,0
763,2022-09-25 05:00,14.4,0,.3,0,1011.2,1015.7,94.9,0,0
763,2022-09-25 06:00,14.3,0,.2,0,1011.8,1016.3,92.8,0,0
763,2022-09-25 07:00,14.5,0,.4,0,1012.6,1017.1,91.9,0,0
763,2022-09-25 08:00,15.6,0,.2,0,1012.8,1017.3,87,0,0
763,2022-09-25 09:00,17.2,294,.5,0,1013.1,1017.6,77.6,0,0
763,2022-09-25 10:00,18.2,55.4,.8,0,1013.7,1018.2,76.3,0,0
763,2022-09-25 11:00,20.6,8.8,1,0,1012.8,1017.2,64.1,0,0
763,2022-09-25 12:00,21.8,297.3,.7,0,1012.3,1016.7,54.8,0,0
763,2022-09-25 13:00,22.4,124.1,.7,0,1011.6,1016,53,0,0
763,2022-09-25 14:00,23,289.4,1,0,1011.1,1015.5,53.2,0,0
763,2022-09-25 15:00,23.3,1.2,.9,0,1011.1,1015.5,48.1,0,0
763,2022-09-25 16:00,22.1,277.8,.8,0,1010.9,1015.3,52.9,0,0
763,2022-09-25 17:00,21.5,0,.3,0,1011.1,1015.5,62.2,0,0
763,2022-09-25 18:00,20.3,267.6,.8,0,1011.4,1015.8,72.5,0,0
763,2022-09-25 19:00,18.3,0,.3,0,1011.4,1015.9,81.2,0,0
763,2022-09-25 20:00,17.4,0,0,0,1012.1,1016.6,86.7,0,0
763,2022-09-25 21:00,16.6,0,0,0,1012.5,1017,91.3,0,0
763,2022-09-25 22:00,16.3,0,.1,0,1012.3,1016.8,93.8,0,0
763,2022-09-25 23:00,15.9,0,.1,0,1011.9,1016.4,98.4,0,0
763,2022-09-26 00:00,15.4,0,.1,0,1012.3,1016.8,99.4,0,0
763,2022-09-26 01:00,15.3,0,.1,0,1012.4,1016.9,99.8,0,0
763,2022-09-26 02:00,15,0,0,0,1012.1,1016.6,99.8,0,0
763,2022-09-26 03:00,15,0,0,0,1012,1016.5,99.8,0,0
763,2022-09-26 04:00,14.8,0,.1,0,1011.9,1016.4,99.8,0,0
763,2022-09-26 05:00,14.9,0,.1,0,1011.9,1016.4,99.8,0,0
763,2022-09-26 06:00,14.8,0,0,0,1012.3,1016.8,99.8,0,0
763,2022-09-26 07:00,15.2,0,.2,0,1012.7,1017.2,99.3,0,0
763,2022-09-26 08:00,16.2,0,.4,0,1013.4,1017.9,92.9,0,0
763,2022-09-26 09:00,16.5,1.4,.5,0,1013.4,1017.9,90.9,0,0
763,2022-09-26 10:00,18.2,1.6,.7,0,1013.4,1017.9,84.4,0,0
763,2022-09-26 11:00,20.8,352.2,.7,0,1013.3,1017.7,69.9,0,0
763,2022-09-26 12:00,21.9,20.9,1.4,0,1012.9,1017.3,57.3,0,0
763,2022-09-26 13:00,22.2,341.7,1.1,0,1012.1,1016.5,60.7,0,0
763,2022-09-26 14:00,24.1,10.7,1.7,0,1011.7,1016,50.4,0,0
763,2022-09-26 15:00,23.8,336.9,.9,0,1011.4,1015.8,48.7,0,0
763,2022-09-26 16:00,23.6,42.5,.5,0,1011.2,1015.6,53,0,0
763,2022-09-26 17:00,23,100,.8,0,1011.1,1015.5,54.8,0,0
763,2022-09-26 18:00,20.2,0,.2,0,1011.3,1015.7,75.4,0,0
763,2022-09-26 19:00,18.1,0,.1,0,1011.5,1016,81.9,0,0
763,2022-09-26 20:00,17.1,0,.3,0,1012.2,1016.7,86.1,0,0
763,2022-09-26 21:00,16.7,0,0,0,1012.2,1016.7,86.3,0,0
763,2022-09-26 22:00,15.8,0,.1,0,1012.5,1017,93.3,0,0
763,2022-09-26 23:00,15.2,0,0,0,1012.4,1016.9,96,0,0
763,2022-09-27 00:00,14.5,0,0,0,1012.1,1016.6,99.3,0,0
763,2022-09-27 01:00,14.7,0,0,0,1012.5,1017,99.8,0,0
763,2022-09-27 02:00,14.2,0,.1,0,1012.2,1016.7,99.8,0,0
763,2022-09-27 03:00,13.1,0,0,0,1012.4,1017,99.8,0,0
763,2022-09-27 04:00,12.5,0,0,0,1012.2,1016.8,99.8,0,0
763,2022-09-27 05:00,11.8,0,.1,0,1012.1,1016.7,99.8,0,0
763,2022-09-27 06:00,11.7,0,0,0,1012.1,1016.7,99.8,0,0
763,2022-09-27 07:00,11.6,0,0,0,1012,1016.6,99.8,0,0
763,2022-09-27 08:00,14.7,19.9,.5,0,1012.1,1016.6,98.8,0,0
763,2022-09-27 09:00,16.3,0,.4,0,1012.5,1017,87.8,0,0
763,2022-09-27 10:00,19.7,359.9,.7,0,1012.5,1016.9,75.9,0,0
763,2022-09-27 11:00,22.9,344.8,1.3,0,1012.1,1016.5,62.4,0,0
763,2022-09-27 12:00,24.2,25.2,1.9,0,1011.4,1015.7,55.3,0,0
763,2022-09-27 13:00,25.2,42.2,1.8,0,1010.4,1014.8,47.6,0,0
763,2022-09-27 14:00,27,347.3,1.6,0,1009.8,1014.1,47.2,0,0
763,2022-09-27 15:00,26.8,342.1,1.8,0,1009.1,1013.4,45,0,0
763,2022-09-27 16:00,27.1,334.4,1.4,0,1008.8,1013.1,44.9,0,0
763,2022-09-27 17:00,26.2,338.1,1.2,0,1008.8,1013.1,42.9,0,0
763,2022-09-27 18:00,23.2,278.7,.9,0,1008.9,1013.3,59.9,0,0
763,2022-09-27 19:00,19.7,0,.1,0,1009.2,1013.6,82.8,0,0
763,2022-09-27 20:00,17.9,0,.4,0,1009.6,1014.1,87.9,0,0
763,2022-09-27 21:00,17.4,0,.3,0,1010.1,1014.6,94.1,0,0
763,2022-09-27 22:00,16.2,0,0,0,1010.4,1014.9,98.4,0,0
763,2022-09-27 23:00,15.7,0,.1,0,1010.4,1014.9,99.8,0,0
763,2022-09-28 00:00,15.6,0,.1,0,1010.4,1014.9,99.8,0,0
763,2022-09-28 01:00,15.3,0,0,0,1010.5,1015,99.8,0,0
763,2022-09-28 02:00,14.7,0,0,0,1010.3,1014.8,99.8,0,0
763,2022-09-28 03:00,14.4,0,0,0,1010.2,1014.7,99.8,0,0
763,2022-09-28 04:00,14.7,0,0,0,1009.7,1014.2,99.8,0,0
763,2022-09-28 05:00,14.2,0,.4,0,1009.8,1014.3,99.8,0,0
763,2022-09-28 06:00,14.1,0,0,0,1009.9,1014.4,99.8,0,0
763,2022-09-28 07:00,13.9,0,.1,0,1009.9,1014.4,99.8,0,0
763,2022-09-28 08:00,15.9,0,.2,0,1010.2,1014.7,97.7,0,0
763,2022-09-28 09:00,17.8,14.7,.5,0,1010.2,1014.7,87,0,0
763,2022-09-28 10:00,20.1,67.9,1,0,1010,1014.4,77.2,0,0
763,2022-09-28 11:00,22.3,272.3,.5,0,1010.2,1014.6,70.7,0,0
763,2022-09-28 12:00,22.9,17.9,1.2,0,1009.6,1014,69,0,0
763,2022-09-28 13:00,24,1.4,.5,0,1009.4,1013.7,61.8,0,0
763,2022-09-28 14:00,23.4,264,.9,0,1008.9,1013.3,61.4,0,0
763,2022-09-28 15:00,24,335.9,.9,0,1008.7,1013,58.9,0,0
763,2022-09-28 16:00,24.3,256.5,.7,0,1008.5,1012.8,62,0,0
763,2022-09-28 17:00,23.1,0,.2,0,1008.3,1012.7,65.2,0,0
763,2022-09-28 18:00,21.3,0,.2,0,1008.3,1012.7,83.3,0,0
763,2022-09-28 19:00,18.9,0,.1,0,1008.7,1013.1,93.6,0,0
763,2022-09-28 20:00,17.7,0,0,0,1009.3,1013.8,96.1,0,0
763,2022-09-28 21:00,17,0,.2,0,1009.5,1014,99.3,0,0
763,2022-09-28 22:00,16.5,0,.1,0,1009.7,1014.2,99.8,0,0
763,2022-09-28 23:00,15.8,0,0,0,1009.8,1014.3,99.8,0,0
763,2022-09-29 00:00,15.2,0,.1,0,1009.8,1014.3,99.8,0,0
763,2022-09-29 01:00,14.6,0,0,0,1009.9,1014.4,99.8,0,0
763,2022-09-29 02:00,14.3,0,0,0,1009.8,1014.3,99.8,0,0
763,2022-09-29 03:00,13.4,0,0,0,1009.8,1014.3,99.8,0,0
763,2022-09-29 04:00,13.2,0,0,0,1009.8,1014.3,99.8,0,0
763,2022-09-29 05:00,13.2,0,0,0,1010,1014.5,99.8,0,0
763,2022-09-29 06:00,13.8,0,0,0,1010.7,1015.2,99.8,0,0
763,2022-09-29 07:00,14.3,0,.2,0,1010.9,1015.4,99.8,0,0
763,2022-09-29 08:00,14.3,83.7,.6,0,1011.1,1015.6,99.8,0,0
763,2022-09-29 09:00,15.2,330,.5,0,1011.4,1015.9,99.8,0,0
763,2022-09-29 10:00,15.9,76.4,.7,0,1011.3,1015.8,99.8,0,0
763,2022-09-29 11:00,17,28.3,.7,0,1011.1,1015.6,99.8,0,0
763,2022-09-29 12:00,20.8,336.7,.8,0,1010.8,1015.2,83.7,0,0
763,2022-09-29 13:00,23.1,333.4,1.2,0,1010,1014.4,67.3,0,0
763,2022-09-29 14:00,23.9,299.6,1.2,0,1009.4,1013.7,62,0,0
763,2022-09-29 15:00,24.9,275.2,1.1,0,1009.1,1013.4,57,0,0
763,2022-09-29 16:00,25,314.8,1,0,1009,1013.4,52.5,0,0
763,2022-09-29 17:00,24.4,262.9,.8,0,1009.3,1013.6,54.4,0,0
763,2022-09-29 18:00,21.6,265.4,1.3,0,1009.7,1014.1,64.8,0,0
763,2022-09-29 19:00,19.8,0,.3,0,1010.1,1014.5,67.8,0,0
763,2022-09-29 20:00,16.5,0,0,0,1010.7,1015.2,90.8,0,0
763,2022-09-29 21:00,15.8,0,.1,0,1011.3,1015.8,94,0,0
763,2022-09-29 22:00,14.7,0,0,0,1011.4,1015.9,94.2,0,0
763,2022-09-29 23:00,14.1,0,.1,0,1011.5,1016,98.2,0,0
763,2022-09-30 00:00,13.5,0,0,0,1011.7,1016.2,99.4,0,0
763,2022-09-30 01:00,13.3,0,0,0,1011.8,1016.4,99.8,0,0
763,2022-09-30 02:00,13,0,.1,0,1011.8,1016.4,99.8,0,0
763,2022-09-30 03:00,13.2,0,.3,0,1011.7,1016.3,99.8,0,0
763,2022-09-30 04:00,12.7,0,.1,0,1011.9,1016.5,99.8,0,0
763,2022-09-30 05:00,11.9,0,0,0,1012,1016.6,99.8,0,0
763,2022-09-30 06:00,11.8,0,0,0,1012.3,1016.9,99.8,0,0
763,2022-09-30 07:00,12,15.4,.6,0,1012.6,1017.2,99.8,0,0
763,2022-09-30 08:00,13.8,0,.1,0,1012.9,1017.4,99.8,0,0
763,2022-09-30 09:00,17,358.1,.7,0,1012.9,1017.4,90.9,0,0
763,2022-09-30 10:00,19.3,25.2,1.2,0,1012.7,1017.1,81,0,0
763,2022-09-30 11:00,22.5,52.1,1,0,1012.1,1016.5,70.8,0,0
763,2022-09-30 12:00,25.1,310.5,.9,0,1011.7,1016.1,56.6,0,0
763,2022-09-30 13:00,27,339.7,1.5,0,1011,1015.3,50,0,0
763,2022-09-30 14:00,27.2,283.6,1.2,0,1010.4,1014.7,48.8,0,0
763,2022-09-30 15:00,27.7,320.2,1.4,0,1010.3,1014.6,42.5,0,0
763,2022-09-30 16:00,27.3,303.1,1.1,0,1010.1,1014.4,38.7,0,0
763,2022-09-30 17:00,26,282.6,.8,0,1010.1,1014.4,39.1,0,0
763,2022-09-30 18:00,23.2,255.4,.9,0,1010.5,1014.9,63.2,0,0
763,2022-09-30 19:00,22,0,.4,0,1011.1,1015.5,62.1,0,0
763,2022-09-30 20:00,18.6,0,.1,0,1011.6,1016,84.1,0,0
763,2022-09-30 21:00,17,0,.3,0,1012,1016.5,83.7,0,0
763,2022-09-30 22:00,16,0,0,0,1012.1,1016.6,92.6,0,0
763,2022-09-30 23:00,15.6,0,0,0,1012.2,1016.7,96.9,0,0
763,2022-10-01 00:00,14.9,0,0,0,1012.2,1016.7,99.8,0,0
763,2022-10-01 01:00,14.1,0,0,0,1012.3,1016.8,99.8,0,0
763,2022-10-01 02:00,13.9,0,0,0,1012.3,1016.8,99.8,0,0
763,2022-10-01 03:00,13.5,,,0,1012.5,1017.1,99.8,0,0
763,2022-10-01 04:00,12.8,,,0,1012.7,1017.3,99.8,0,0
763,2022-10-01 05:00,12.5,,,0,1012.9,1017.5,99.8,0,0
763,2022-10-01 06:00,12.3,,,0,1013,1017.6,99.8,0,0
763,2022-10-01 07:00,12,,,0,1013.5,1018.1,99.8,0,0
763,2022-10-01 08:00,13.4,,,0,1014.4,1019,99.8,0,0
763,2022-10-01 09:00,16.9,,,0,1014.8,1019.3,91.2,0,0
763,2022-10-01 10:00,20.7,,,0,1015.1,1019.5,75.4,0,0
763,2022-10-01 11:00,23.2,,,0,1014.7,1019.1,62.5,0,0
763,2022-10-01 12:00,25.1,0,0,0,1013.8,1018.2,48.7,0,0
763,2022-10-01 13:00,26.5,0,0,0,1013.3,1017.6,50,0,0
763,2022-10-01 14:00,27.7,0,0,0,1012.5,1016.8,45.4,0,0
763,2022-10-01 15:00,27.7,0,0,0,1012.2,1016.5,43.5,0,0
763,2022-10-01 16:00,26.7,0,0,0,1012,1016.3,47.7,0,0
763,2022-10-01 17:00,25.3,0,0,0,1011.9,1016.3,53.3,0,0
763,2022-10-01 18:00,22.8,0,0,0,1012.4,1016.8,74.7,0,0
763,2022-10-01 19:00,20.7,0,0,0,1012.7,1017.1,77,0,0
763,2022-10-01 20:00,20.6,0,0,0,1012.9,1017.3,78.1,0,0
763,2022-10-01 21:00,19.9,,,0,1013,1017.4,87.3,0,0
763,2022-10-01 22:00,19.4,,,0,1013.2,1017.6,89.1,0,0
763,2022-10-01 23:00,18,,,0,1013.2,1017.7,90.1,0,0
763,2022-10-02 00:00,18.3,,,0,1013.1,1017.6,89,0,0
763,2022-10-02 01:00,18.3,,,0,1012.6,1017.1,87.6,0,0
763,2022-10-02 02:00,17.6,,,0,1012.7,1017.2,93.3,0,0
763,2022-10-02 03:00,17.6,,,0,1012.5,1017,94.7,0,0
763,2022-10-02 04:00,17.4,,,0,1012.2,1016.7,96.5,0,0
763,2022-10-02 05:00,16.6,,,0,1012.6,1017.1,99.6,0,0
763,2022-10-02 06:00,16.4,,,0,1013.2,1017.7,99.8,0,0
763,2022-10-02 07:00,16.7,,,0,1013.7,1018.2,99.5,0,0
763,2022-10-02 08:00,18,,,0,1013.8,1018.3,92.4,0,0
763,2022-10-02 09:00,19.6,,,0,1014,1018.4,84.3,0,0
763,2022-10-02 10:00,23,,,0,1013.6,1018,70.1,0,0
763,2022-10-02 11:00,25,,,0,1012.7,1017.1,62.8,,
763,2022-10-02 12:00,27.4,,,0,1011.9,1016.2,44.8,,
763,2022-10-02 13:00,27.5,,,0,1011.7,1016,40,,
763,2022-10-02 14:00,28.6,,,0,1010.9,1015.2,31.3,,
763,2022-10-02 15:00,27.7,,,0,1010,1014.3,32.5,,
763,2022-10-02 16:00,27.3,,,0,1009.3,1013.6,39,,
763,2022-10-02 17:00,26.7,,,0,1009.1,1013.4,41.8,,
763,2022-10-02 18:00,26.6,,,0,1009.5,1013.8,41.9,,
763,2022-10-02 19:00,26.3,,,0,1009.5,1013.8,44.1,,
763,2022-10-02 20:00,25.3,,,0,1010.3,1014.7,50.6,,
763,2022-10-02 21:00,24.7,,,0,1011.3,1015.6,57.5,,
763,2022-10-02 22:00,24,,,0,1010.3,1014.6,62.2,,
763,2022-10-02 23:00,23.8,,,0,1010.5,1014.9,67.1,,
763,2022-10-03 00:00,23.5,,,0,1010.1,1014.5,70.6,0,0
763,2022-10-03 01:00,23.6,0,.3,0,1010.4,1014.8,73,0,0
763,2022-10-03 02:00,23.5,0,.4,0,1010.4,1014.8,74.6,0,0
763,2022-10-03 03:00,23,148.1,.5,0,1010.2,1014.6,80.4,0,0
763,2022-10-03 04:00,21.8,0,.2,2.5,1010.2,1014.6,93.6,0,0
763,2022-10-03 05:00,21.8,197.2,.6,4.5,1010,1014.4,95.3,0,0
763,2022-10-03 06:00,21.9,151.7,.5,2.5,1010.4,1014.8,96.9,0,0
763,2022-10-03 07:00,22.3,136.3,1,.5,1010.7,1015.1,94.8,0,0
763,2022-10-03 08:00,22.3,144.6,.6,2,1011.6,1016,96.4,0,0
763,2022-10-03 09:00,22.6,150.7,.6,2,1011.6,1016,95.9,0,0
763,2022-10-03 10:00,22.8,150,.7,3,1011.1,1015.5,97.4,0,0
763,2022-10-03 11:00,24.1,145.6,.9,0,1010.4,1014.7,89.2,0,0
763,2022-10-03 12:00,25.1,142.5,.8,0,1010.1,1014.5,84.2,0,0
763,2022-10-03 13:00,25.6,233.7,.7,0,1009.1,1013.4,81.2,0,0
763,2022-10-03 14:00,26.4,180.3,.6,0,1008.6,1012.9,76.9,0,0
763,2022-10-03 15:00,27,225.7,.7,0,1008.1,1012.4,73.5,0,0
763,2022-10-03 16:00,26.9,239.2,1,0,1008.1,1012.4,75.1,0,0
763,2022-10-03 17:00,26.3,218.7,.9,0,1007,1011.3,74.7,0,0
763,2022-10-03 18:00,25.9,205.4,.6,0,1007.2,1011.5,78.1,0,0
763,2022-10-03 19:00,26,219.9,1.3,0,1007.6,1011.9,73.4,0,0
763,2022-10-03 20:00,25,212.1,1.2,0,1007,1011.3,80.5,0,0
763,2022-10-03 21:00,25.7,221.5,1.5,0,1008.1,1012.4,76.4,0,0
763,2022-10-03 22:00,23.3,189,.5,1.5,1008.2,1012.6,95.3,0,0
763,2022-10-03 23:00,23.3,166,.5,3,1007.5,1011.9,95.5,0,0
763,2022-10-04 00:00,23.2,213.4,.8,2.5,1006.6,1010.9,93.7,0,0
763,2022-10-04 01:00,23.4,171.4,.9,0,1005.6,1009.9,90.9,0,0
763,2022-10-04 02:00,24.3,195.9,1.2,0,1004.9,1009.2,82.5,0,0
763,2022-10-04 03:00,24.5,179.2,1.4,.5,1004.3,1008.6,82.9,0,0
763,2022-10-04 04:00,23.6,221,1.2,1,1003.6,1007.9,90.2,0,0
763,2022-10-04 05:00,22.3,264.3,3.5,15.5,1004.5,1008.9,99.8,0,0
763,2022-10-04 06:00,21.3,266.6,1.6,6.5,1005,1009.4,99.8,0,0
763,2022-10-04 07:00,20,255.4,1.6,5.5,1006.2,1010.6,99.8,0,0
763,2022-10-04 08:00,19.4,259.8,1,.5,1007.2,1011.6,99.8,0,0
763,2022-10-04 09:00,18.8,254.3,1.7,2,1008.4,1012.8,99.8,0,0
763,2022-10-04 10:00,18.9,274.7,1.1,.5,1008,1012.4,99.8,.41,0
763,2022-10-04 11:00,19.9,294.6,1.7,0,1008.5,1012.9,93.9,-.41,0
763,2022-10-04 12:00,20.2,268.7,1,0,1008.9,1013.3,90.5,.41,0
763,2022-10-04 13:00,19.5,260.3,2.4,0,1008.9,1013.3,88.5,-.41,0
763,2022-10-04 14:00,19.7,256.7,1.7,0,1009.3,1013.7,84.9,.41,0
763,2022-10-04 15:00,20.5,243.3,.9,0,1008.9,1013.3,79.4,-.41,0
763,2022-10-04 16:00,19.3,262.1,2.2,0,1009.8,1014.2,77.9,.41,0
763,2022-10-04 17:00,18.5,271.2,2.2,0,1010.4,1014.8,77.7,-.41,0
763,2022-10-04 18:00,17.4,253.3,1.1,0,1011,1015.5,81.8,.41,0
763,2022-10-04 19:00,16.9,255.9,.8,0,1012,1016.5,83.7,-.41,0
763,2022-10-04 20:00,16.5,266.4,.8,0,1012.6,1017.1,85.6,.41,0
763,2022-10-04 21:00,16.4,0,.2,,1012.7,1017.2,86.6,,
763,2022-10-04 22:00,16.2,0,.3,,1013.2,1017.7,90.9,,
763,2022-10-04 23:00,15.9,331,.5,,1013.3,1017.8,84.5,,
763,2022-10-05 00:00,15.5,305,.6,,1013.9,1018.4,84.8,0,0
763,2022-10-05 01:00,15.3,335.2,.7,0,1013.9,1018.4,80.7,0,0
763,2022-10-05 02:00,14.9,316.5,.9,0,1014.3,1018.8,76.3,0,0
763,2022-10-05 03:00,14.6,318.5,.7,0,1013.9,1018.4,73.3,0,0
763,2022-10-05 04:00,14.4,0,.2,0,1014.1,1018.6,75.7,0,0
763,2022-10-05 05:00,14.2,0,.2,0,1014.3,1018.8,82.6,0,0
763,2022-10-05 06:00,13.9,0,.4,0,1014.9,1019.5,87,0,0
763,2022-10-05 07:00,13.5,0,.1,0,1015.5,1020.1,90.5,0,0
763,2022-10-05 08:00,14.6,344.9,.5,0,1016.3,1020.8,73.9,0,0
763,2022-10-05 09:00,15.3,0,.4,0,1016.6,1021.2,67.1,0,0
763,2022-10-05 10:00,16.3,0,0,0,1017,1021.5,65.1,0,0
763,2022-10-05 11:00,17,187.2,.9,0,1016.6,1021.1,61.5,0,0
763,2022-10-05 12:00,18.5,67.6,1,0,1016.1,1020.6,63.3,,
763,2022-10-05 13:00,18.9,269.3,1.1,0,1014.9,1019.4,57.2,,
763,2022-10-05 14:00,19.1,282.4,.9,0,1014,1018.4,54,,
763,2022-10-05 15:00,19.8,239.7,.8,0,1013.7,1018.1,50.7,,
763,2022-10-05 16:00,19.5,255,1.5,0,1013.4,1017.8,53.6,,
763,2022-10-05 17:00,18.2,268.5,2,0,1014.1,1018.6,58.7,,
763,2022-10-05 18:00,16.2,257.4,1.4,0,1014.7,1019.2,72.2,,
763,2022-10-05 19:00,14,0,.3,0,1015.6,1020.2,89.2,,
763,2022-10-05 20:00,13.9,0,.4,0,1015.6,1020.2,90.1,,
763,2022-10-05 21:00,13.7,0,.3,0,1016.6,1021.2,92.9,,
763,2022-10-05 22:00,13.7,0,.3,0,1015.8,1020.4,92.6,,
763,2022-10-05 23:00,13.7,0,.1,0,1016.6,1021.2,92.7,,
763,2022-10-06 00:00,13.6,0,0,0,1016.8,1021.4,93.8,0,0
763,2022-10-06 01:00,13.6,0,0,0,1016.5,1021.1,97.2,0,0
763,2022-10-06 02:00,13.8,0,.1,0,1015.9,1020.5,94.7,0,0
763,2022-10-06 03:00,13.5,0,.1,0,1015.5,1020.1,95.5,0,0
763,2022-10-06 04:00,13.5,285.7,.5,0,1015.6,1020.2,97.1,0,0
763,2022-10-06 05:00,13.6,0,.3,0,1015.9,1020.5,99.8,0,0
763,2022-10-06 06:00,13.6,0,0,0,1016,1020.6,99.8,0,0
763,2022-10-06 07:00,13.5,0,.2,0,1015.8,1020.4,99.8,0,0
763,2022-10-06 08:00,14.8,0,.2,0,1015.9,1020.4,91.1,0,0
763,2022-10-06 09:00,15.6,279.7,1.4,0,1016.3,1020.8,85.3,0,0
763,2022-10-06 10:00,16.4,317.3,1.4,0,1016.1,1020.6,81,0,0
763,2022-10-06 11:00,16.8,1.7,1.4,0,1015.9,1020.4,79,3.47,.3
763,2022-10-06 12:00,18.9,56.5,.8,0,1014.9,1019.4,64.3,-3.47,-.3
763,2022-10-06 13:00,19.1,275.3,.6,0,1014.1,1018.5,57.4,3.47,.3
763,2022-10-06 14:00,19.7,306.6,1.6,0,1013.4,1017.8,55.2,2.77,-.3
763,2022-10-06 15:00,19.6,274.7,1.7,0,1013,1017.4,51.6,-2.77,.3
763,2022-10-06 16:00,18.6,271.9,2.1,0,1013.3,1017.8,64.9,2.77,-.3
763,2022-10-06 17:00,17.7,266.5,1.5,0,1012.8,1017.3,72.6,-2.77,.3
763,2022-10-06 18:00,16.8,252.6,1.2,0,1013,1017.5,79.7,2.77,-.3
763,2022-10-06 19:00,16.2,238.5,.5,0,1013.8,1018.3,83.3,-2.77,.3
763,2022-10-06 20:00,15.6,0,.2,0,1014.1,1018.6,86.2,2.77,-.3
763,2022-10-06 21:00,15.1,0,.1,0,1014.5,1019,92.2,-2.77,.3
763,2022-10-06 22:00,14.9,0,.2,0,1014.8,1019.3,94.3,2.77,-.3
763,2022-10-06 23:00,14.7,0,.1,0,1014.6,1019.1,95.3,-2.77,.3
763,2022-10-07 00:00,14.8,0,.1,0,1014,1018.5,95.4,2.77,-.3
763,2022-10-07 01:00,15,0,.3,0,1013.9,1018.4,89.2,0,0
763,2022-10-07 02:00,14.9,0,.1,0,1014.1,1018.6,88.9,0,0
763,2022-10-07 03:00,15.1,0,.1,0,1013.9,1018.4,83.7,0,0
763,2022-10-07 04:00,14.3,0,.2,0,1013.7,1018.2,92.1,0,0
763,2022-10-07 05:00,14.2,0,.3,0,1013.6,1018.1,93.2,0,0
763,2022-10-07 06:00,14.2,0,.3,0,1013.9,1018.4,93.6,0,0
763,2022-10-07 07:00,13.6,0,.4,0,1014.4,1019,97,0,0
763,2022-10-07 08:00,15,312,1.2,0,1014.9,1019.5,85.9,0,0
763,2022-10-07 09:00,15.2,359.8,1.9,0,1015.3,1019.9,76.2,0,0
763,2022-10-07 10:00,16.4,321.1,1.6,0,1015.5,1020,69.9,0,0
763,2022-10-07 11:00,17.8,10.6,3.1,0,1015.1,1019.6,56.1,0,0
763,2022-10-07 12:00,18.8,359.8,2.7,0,1015,1019.5,49.8,0,0
763,2022-10-07 13:00,18.6,346.4,2.2,0,1014.4,1018.9,50.4,0,0
763,2022-10-07 14:00,19.1,325.1,2.4,0,1014,1018.4,44.8,0,0
763,2022-10-07 15:00,18.8,341.7,2.2,0,1013.6,1018,43,0,0
763,2022-10-07 16:00,18.9,348,2.2,0,1013.9,1018.3,49.6,0,0
763,2022-10-07 17:00,17.5,335.4,2.1,0,1014.4,1018.9,54.9,0,0
763,2022-10-07 18:00,15.9,325.8,1.1,0,1015.1,1019.6,62.9,0,0
763,2022-10-07 19:00,13.1,0,0,0,1015.9,1020.5,81.6,0,0
763,2022-10-07 20:00,12.2,0,.1,0,1017.4,1022,90.4,0,0
763,2022-10-07 21:00,11.6,0,0,0,1017.9,1022.5,94.8,0,0
763,2022-10-07 22:00,11.1,0,0,0,1018.2,1022.8,94.9,0,0
763,2022-10-07 23:00,10.3,0,0,0,1018.6,1023.3,95.5,0,0
763,2022-10-08 00:00,9.7,0,.3,0,1018.6,1023.2,98.8,0,0
763,2022-10-08 01:00,9.4,0,.1,0,1018.6,1023.3,98.8,0,0
763,2022-10-08 02:00,8.9,0,0,0,1018.6,1023.3,99.9,0,0
763,2022-10-08 03:00,8.6,0,0,0,1019.1,1023.8,99.9,0,0
763,2022-10-08 04:00,8.2,0,0,0,1019.1,1023.8,99.9,0,0
763,2022-10-08 05:00,8,0,.1,0,1019,1023.7,99.9,0,0
763,2022-10-08 06:00,7.7,0,0,0,1019.2,1023.9,99.9,0,0
763,2022-10-08 07:00,8,0,0,0,1019.4,1024.1,99.9,0,0
763,2022-10-08 08:00,10.9,0,.2,0,1019.7,1024.3,92.4,0,0
763,2022-10-08 09:00,13.8,0,.3,0,1020.1,1024.7,80.4,0,0
763,2022-10-08 10:00,17,52.3,.8,0,1020,1024.5,61.8,0,0
763,2022-10-08 11:00,19.3,30.9,.8,0,1019.5,1024,51,0,0
763,2022-10-08 12:00,20.3,98.2,.8,0,1018.7,1023.2,51.8,0,0
763,2022-10-08 13:00,21.2,39.8,2.1,0,1018.2,1022.6,45.1,0,0
763,2022-10-08 14:00,21.2,83.8,2.1,0,1017.4,1021.8,42.4,0,0
763,2022-10-08 15:00,21.2,113,1,0,1016.9,1021.3,45.3,0,0
763,2022-10-08 16:00,20.8,90.3,.8,0,1016.9,1021.4,46.5,0,0
763,2022-10-08 17:00,20.4,31.4,1.4,0,1016.6,1021.1,51.8,0,0
763,2022-10-08 18:00,17.7,0,.2,0,1016.5,1021,73.1,0,0
763,2022-10-08 19:00,16.7,100.4,1.1,0,1017.3,1021.8,72.3,0,0
763,2022-10-08 20:00,17.3,0,.3,0,1017.9,1022.4,72.6,0,0
763,2022-10-08 21:00,15.5,101.1,.6,0,1018.5,1023.1,83.9,0,0
763,2022-10-08 22:00,15.7,114.3,.8,0,1018.7,1023.3,83.7,0,0
763,2022-10-08 23:00,15.2,0,.2,0,1019.1,1023.7,86.8,0,0
763,2022-10-09 00:00,15,0,.1,0,1018.7,1023.3,84.8,0,0
763,2022-10-09 01:00,13.7,0,.1,0,1018.9,1023.5,85.9,0,0
763,2022-10-09 02:00,13.2,0,0,0,1018,1022.6,87.5,0,0
763,2022-10-09 03:00,13.2,0,.3,0,1017.5,1022.1,89.7,0,0
763,2022-10-09 04:00,12.9,0,.4,0,1017,1021.6,92.1,0,0
763,2022-10-09 05:00,13,0,.2,0,1016.8,1021.4,93.4,0,0
763,2022-10-09 06:00,12.9,0,.1,0,1016.9,1021.5,93.9,0,0
763,2022-10-09 07:00,12.6,0,.2,0,1016.7,1021.3,98.7,0,0
763,2022-10-09 08:00,12.8,3.6,.6,.5,1016.2,1020.8,96.4,0,0
763,2022-10-09 09:00,12.9,292.2,.7,1,1016.4,1021,99.5,0,0
763,2022-10-09 10:00,12.8,44.6,.7,1,1016.1,1020.7,98.4,0,0
763,2022-10-09 11:00,13.5,21.9,.8,.5,1015.4,1020,96.9,0,0
763,2022-10-09 12:00,14.2,0,.2,0,1014.5,1019,93.2,0,0
763,2022-10-09 13:00,14.3,331.6,.8,.5,1013.6,1018.1,97.3,0,0
763,2022-10-09 14:00,14.2,352.3,.8,1,1012.4,1016.9,99.8,0,0
763,2022-10-09 15:00,13.8,328.1,.7,.5,1011.7,1016.2,99.8,0,0
763,2022-10-09 16:00,14,3.8,.8,.5,1010.8,1015.3,99.8,0,0
763,2022-10-09 17:00,13.7,317.1,.8,.5,1010.3,1014.8,99.8,0,0
763,2022-10-09 18:00,13.7,312.8,.8,1,1010.3,1014.8,99.8,0,0
763,2022-10-09 19:00,13.4,281.5,.6,2.5,1010.1,1014.6,99.8,0,0
763,2022-10-09 20:00,13.5,259.6,1.5,2.5,1010.6,1015.1,99.8,0,0
763,2022-10-09 21:00,12.5,305.8,1.6,1,1011.6,1016.2,97.8,0,0
763,2022-10-09 22:00,12,0,.1,.5,1011.8,1016.4,99.8,0,0
763,2022-10-09 23:00,11.4,0,.1,0,1011.8,1016.4,99.8,0,0
763,2022-10-10 00:00,11.3,0,.1,0,1011.5,1016.1,99.8,0,0
763,2022-10-10 01:00,11.3,0,.4,0,1011.2,1015.8,99.8,0,0
763,2022-10-10 02:00,11.5,0,.1,0,1011,1015.6,99.8,0,0
763,2022-10-10 03:00,11,251,.5,0,1010.9,1015.5,96.7,0,0
763,2022-10-10 04:00,11.5,266.3,1.5,0,1010.8,1015.4,87.6,0,0
763,2022-10-10 05:00,11.3,264,.9,0,1011.2,1015.8,79,0,0
763,2022-10-10 06:00,10.9,263.7,1.4,0,1011.8,1016.4,77.5,0,0
763,2022-10-10 07:00,9.6,274.1,.6,0,1012,1016.6,87.8,0,0
763,2022-10-10 08:00,11.7,268.9,2,0,1012.4,1017,66.3,0,0
763,2022-10-10 09:00,12.4,273.7,2.6,0,1012.8,1017.4,64.6,0,0
763,2022-10-10 10:00,12.7,284.4,3.7,0,1012.8,1017.4,54.9,0,0
763,2022-10-10 11:00,13.6,302.2,3,0,1012.5,1017,48.2,0,0
763,2022-10-10 12:00,13.6,269.4,4.8,0,1011.9,1016.4,50.6,0,0
763,2022-10-10 13:00,12.8,276.3,2.7,0,1011.5,1016.1,57.4,0,0
763,2022-10-10 14:00,10.9,216.6,.8,.5,1011,1015.6,81.5,0,0
763,2022-10-10 15:00,11.7,266,1.8,.5,1010.4,1015,81.4,0,0
763,2022-10-10 16:00,12.6,268.3,2.6,0,1010.2,1014.8,69.1,0,0
763,2022-10-10 17:00,10.7,303.2,1.7,3,1010.7,1015.3,86.5,0,0
763,2022-10-10 18:00,10.3,268.7,1.8,0,1011.2,1015.8,84.5,0,0
763,2022-10-10 19:00,9.8,261,1.4,.5,1011.6,1016.2,90.7,11.28,4.8
763,2022-10-10 20:00,9.9,244.2,1,0,1011.9,1016.5,91.7,-11.28,-4.8
763,2022-10-10 21:00,9.8,261.2,.9,0,1012.3,1016.9,91,11.28,4.8
763,2022-10-10 22:00,9.8,249.1,1.2,.5,1013.1,1017.7,93.2,-11.28,2.1
763,2022-10-10 23:00,9.9,225.4,.6,0,1013.5,1018.1,94,11.28,4.8
763,2022-10-11 00:00,10,253.3,1.6,0,1013.8,1018.4,89.3,-11.28,-4.8
763,2022-10-11 01:00,9.9,264.4,.9,0,1014.4,1019,90.1,0,0
763,2022-10-11 02:00,10.1,0,.3,0,1014.7,1019.3,90,0,0
763,2022-10-11 03:00,10.2,0,.3,0,1014.6,1019.2,91.4,0,0
763,2022-10-11 04:00,10.5,0,.4,0,1014.8,1019.4,88.9,0,0
763,2022-10-11 05:00,9.3,0,.3,0,1015.2,1019.8,99.6,0,0
763,2022-10-11 06:00,9.3,259,.5,0,1015.9,1020.5,99.9,0,0
763,2022-10-11 07:00,8.1,0,0,0,1016.6,1021.3,99.9,0,0
763,2022-10-11 08:00,10.2,0,.2,0,1017.3,1021.9,99.9,0,0
763,2022-10-11 09:00,12.4,330,1.8,0,1017.9,1022.5,74.5,1.03,.5
763,2022-10-11 10:00,13.8,356.2,2.2,0,1018.1,1022.7,67.3,.88,.2
763,2022-10-11 11:00,15.1,334.8,2.1,0,1018,1022.6,59.2,-.88,-.2
763,2022-10-11 12:00,16.3,350.6,2,0,1017.7,1022.2,54.1,.88,.2
763,2022-10-11 13:00,16.8,318.4,1.4,0,1017.3,1021.8,52.5,-.88,-.2
763,2022-10-11 14:00,17.4,329.6,1.8,0,1016.7,1021.2,51.1,.88,.2
763,2022-10-11 15:00,17.7,4.2,1.7,0,1016.6,1021.1,47.8,-.88,-.2
763,2022-10-11 16:00,18.1,332.3,1.3,0,1016.8,1021.3,51.8,.88,.2
763,2022-10-11 17:00,16.8,346.2,1.1,0,1017.1,1021.6,54,-.88,-.2
763,2022-10-11 18:00,14.1,326.2,.5,0,1017.5,1022.1,75.4,.88,.2
763,2022-10-11 19:00,11.4,0,.1,0,1018.4,1023,88.5,-.88,-.2
763,2022-10-11 20:00,10.1,0,.1,0,1019.3,1024,97.4,.88,.2
763,2022-10-11 21:00,9.6,0,0,0,1019.8,1024.5,98.5,-.88,-.2
763,2022-10-11 22:00,8.8,0,.1,0,1020.1,1024.8,99.9,.88,.2
763,2022-10-11 23:00,8.5,0,.1,0,1020.4,1025.1,99.8,-.88,-.2
763,2022-10-12 00:00,8,0,0,0,1020.5,1025.2,99.9,.88,.2
763,2022-10-12 01:00,7.5,0,.3,0,1020.6,1025.3,99.9,0,0
763,2022-10-12 02:00,6.6,0,.1,0,1020.8,1025.5,99.9,0,0
763,2022-10-12 03:00,6.1,0,.1,0,1020.9,1025.6,99.9,0,0
763,2022-10-12 04:00,5.5,0,0,0,1020.8,1025.5,99.9,0,0
763,2022-10-12 05:00,5.1,0,0,0,1020.9,1025.7,99.9,0,0
763,2022-10-12 06:00,4.6,0,0,0,1021.2,1026,99.9,0,0
763,2022-10-12 07:00,4.6,0,0,0,1021.3,1026.1,99.9,0,0
763,2022-10-12 08:00,5.9,0,.3,0,1022.3,1027,99.9,0,0
763,2022-10-12 09:00,8.7,10.2,.7,0,1022.4,1027.1,99,0,0
763,2022-10-12 10:00,11.8,32,1,0,1022.4,1027,84.6,1.69,1.3
763,2022-10-12 11:00,14.6,24,1.2,0,1022.3,1026.9,70,2.67,1.1
763,2022-10-12 12:00,16.1,25,.8,0,1022.1,1026.7,61.2,3.53,2
763,2022-10-12 13:00,17.8,342,1,0,1021.5,1026,55.6,6.64,2.5
763,2022-10-12 14:00,18.9,8.4,.8,0,1020.9,1025.4,54.6,6.27,3
763,2022-10-12 15:00,19.4,1.5,1.2,0,1020.8,1025.3,50,8.77,3.4
763,2022-10-12 16:00,19.9,343,.9,0,1020.7,1025.2,51.8,-8.77,-3.4
763,2022-10-12 17:00,18.9,349.9,.7,0,1020.9,1025.4,56.9,24.74,11.6
763,2022-10-12 18:00,15,0,.1,0,1021.1,1025.7,84.1,-24.74,-11.6
763,2022-10-12 19:00,12.9,0,0,0,1021.2,1025.8,88.1,24.74,11.6
763,2022-10-12 20:00,11.9,0,.1,0,1021.6,1026.2,93.3,-24.74,-11.6
763,2022-10-12 21:00,11.2,0,0,0,1021.9,1026.5,98.1,24.74,11.6
763,2022-10-12 22:00,10.9,108.9,.5,0,1022.3,1027,99.6,-24.74,-11.6
763,2022-10-12 23:00,10,0,.1,0,1022.3,1027,99.9,24.74,11.6
763,2022-10-13 00:00,9.3,0,0,0,1022.8,1027.5,99.9,-24.74,-11.6
763,2022-10-13 01:00,9.2,0,.1,0,1022.4,1027.1,99.9,0,0
763,2022-10-13 02:00,8.6,0,.1,0,1022.1,1026.8,99.9,0,0
763,2022-10-13 03:00,8.1,0,0,0,1022.2,1026.9,99.9,0,0
763,2022-10-13 04:00,8.2,0,.2,0,1021.8,1026.5,99.9,0,0
763,2022-10-13 05:00,7.6,0,0,0,1021.2,1025.9,99.9,0,0
763,2022-10-13 06:00,7.6,0,.2,0,1021.6,1026.3,99.9,0,0
763,2022-10-13 07:00,8,0,.3,0,1022,1026.7,99.9,0,0
763,2022-10-13 08:00,10.3,0,.2,0,1022.2,1026.9,99.9,0,0
763,2022-10-13 09:00,13.3,25.8,.8,0,1022.3,1026.9,86.6,0,0
763,2022-10-13 10:00,16,62.5,.5,0,1022.1,1026.7,78.3,1.01,0
763,2022-10-13 11:00,18.4,23.2,.8,0,1021.8,1026.3,60.7,-1.01,0
763,2022-10-13 12:00,19.5,344.3,.7,0,1020.9,1025.4,56.9,1.01,0
763,2022-10-13 13:00,20.8,295.3,1.4,0,1020.1,1024.6,56.4,9.7,6.2
763,2022-10-13 14:00,21.4,55,1,0,1018.8,1023.2,53.5,-.2,-3.6
763,2022-10-13 15:00,22,11.5,1.7,0,1018,1022.4,52.8,.2,3.6
763,2022-10-13 16:00,22.1,12.4,1.7,0,1017.5,1021.9,51.7,-.2,-3.6
763,2022-10-13 17:00,20.8,.3,1.4,0,1017.5,1022,54.4,.2,3.6
763,2022-10-13 18:00,17.6,0,.3,0,1017.2,1021.7,70.4,-.2,-3.6
763,2022-10-13 19:00,14.3,0,0,0,1017.4,1022,89.5,.2,3.6
763,2022-10-13 20:00,13.1,0,0,0,1017.5,1022.1,95.8,-.2,-3.6
763,2022-10-13 21:00,12.4,0,.1,0,1017.6,1022.2,98.4,.2,3.6
763,2022-10-13 22:00,11.6,0,0,0,1017.7,1022.3,99.8,-.2,-3.6
763,2022-10-13 23:00,11.5,0,.1,0,1017.8,1022.4,99.8,.2,3.6
763,2022-10-14 00:00,10.8,0,0,0,1017.5,1022.1,99.9,-.2,-3.6
763,2022-10-14 01:00,10.2,0,.2,0,1017.4,1022,99.9,0,0
763,2022-10-14 02:00,9.8,0,0,0,1017.3,1021.9,99.9,0,0
763,2022-10-14 03:00,9.9,0,0,0,1017,1021.6,99.9,0,0
763,2022-10-14 04:00,10,0,0,0,1016.4,1021,99.9,0,0
763,2022-10-14 05:00,10.3,0,.1,0,1016.5,1021.1,99.9,0,0
763,2022-10-14 06:00,9.8,0,0,0,1016.8,1021.4,99.9,0,0
763,2022-10-14 07:00,10,0,.3,0,1016.9,1021.6,99.9,0,0
763,2022-10-14 08:00,11.4,282.6,.7,0,1017.1,1021.7,99.9,0,0
763,2022-10-14 09:00,13,314.7,.7,0,1016.8,1021.4,95.3,0,0
763,2022-10-14 10:00,14.9,59.4,.6,0,1017.1,1021.6,86.4,0,0
763,2022-10-14 11:00,17,84,.8,0,1016.6,1021.1,70.7,0,0
763,2022-10-14 12:00,20.5,15.2,.9,0,1015.6,1020.1,59.3,5.17,1.4
763,2022-10-14 13:00,20.7,31.7,1.1,0,1014.6,1019,58.5,4.64,1.3
763,2022-10-14 14:00,21.6,346.2,1,0,1013.5,1017.9,52.6,7.57,2.2
763,2022-10-14 15:00,22.7,318.2,.8,0,1013.7,1018.1,48.8,7.56,2
763,2022-10-14 16:00,22.8,351.4,1.1,0,1013.6,1018,44.4,-7.56,-2
763,2022-10-14 17:00,20.9,337.5,1.6,0,1013.9,1018.3,61.4,7.56,2
763,2022-10-14 18:00,18.6,0,.2,0,1013.5,1018,69,10.36,3
763,2022-10-14 19:00,16.1,0,0,0,1013.7,1018.2,88.7,7.62,2
763,2022-10-14 20:00,15.6,0,.1,0,1013.7,1018.2,91.3,-7.62,-2
763,2022-10-14 21:00,15,0,.1,0,1013.8,1018.3,93.6,7.62,2
763,2022-10-14 22:00,14.7,0,.1,0,1014,1018.5,94.8,10.36,3
763,2022-10-14 23:00,13.9,0,0,0,1014.6,1019.2,99,7.62,2
763,2022-10-15 00:00,14.1,0,0,0,1014.3,1018.8,97.7,10.36,-2
763,2022-10-15 01:00,13.9,0,.1,0,1014.3,1018.9,99,0,0
763,2022-10-15 02:00,13.8,0,0,0,1014.6,1019.2,99.8,0,0
763,2022-10-15 03:00,13,0,0,0,1014.5,1019.1,99.8,0,0
763,2022-10-15 04:00,13.2,0,.2,0,1014.2,1018.8,99.8,0,0
763,2022-10-15 05:00,11.7,0,0,0,1014.5,1019.1,99.8,0,0
763,2022-10-15 06:00,10.9,0,.1,0,1014.7,1019.3,99.9,0,0
763,2022-10-15 07:00,12,0,0,0,1015.2,1019.8,99.8,0,0
763,2022-10-15 08:00,13.2,0,.1,0,1015.4,1020,99.8,.21,.6
763,2022-10-15 09:00,14.9,0,.2,0,1015.8,1020.3,91.9,-.21,-.6
763,2022-10-15 10:00,17.7,43.8,.9,0,1015.8,1020.3,78.3,.21,.6
763,2022-10-15 11:00,20.1,31.8,.5,0,1015.2,1019.7,67.5,-.21,2.6
763,2022-10-15 12:00,21.2,348.5,1.3,0,1014.6,1019,63.8,.21,1.5
763,2022-10-15 13:00,21.9,341.1,1,0,1013.7,1018.1,62,-.21,3.4
763,2022-10-15 14:00,23.3,356.9,1.3,0,1012.9,1017.3,55.7,13.92,3.1
763,2022-10-15 15:00,23.6,351.8,.6,0,1012.8,1017.2,50.6,.26,4.8
763,2022-10-15 16:00,24.5,322.3,.6,0,1012.7,1017,43.9,16.56,3.2
763,2022-10-15 17:00,22.8,340.8,1.6,0,1012.7,1017.1,58.4,-16.56,-3.2
763,2022-10-15 18:00,20.7,0,.2,0,1012.9,1017.3,65.4,34.54,12.9
763,2022-10-15 19:00,17.9,0,0,0,1013.4,1017.9,84.9,-16.54,-3.2
763,2022-10-15 20:00,16.4,0,.3,0,1013.9,1018.4,90,34.54,12.9
763,2022-10-15 21:00,15.5,0,0,0,1014.3,1018.8,96.5,-16.54,-3.2
763,2022-10-15 22:00,15.7,0,.3,0,1014.7,1019.2,98,34.54,11
763,2022-10-15 23:00,15.3,0,.1,0,1014.7,1019.2,99.6,-16.54,-1.3
763,2022-10-16 00:00,15.9,32.6,.5,0,1014.4,1018.9,98.3,34.54,11
763,2022-10-16 01:00,15.4,0,.2,0,1014.3,1018.8,99.6,0,0
763,2022-10-16 02:00,14.9,0,.1,0,1014.1,1018.6,99.8,0,0
763,2022-10-16 03:00,14.6,229.9,.6,0,1013.9,1018.4,99.8,0,0
763,2022-10-16 04:00,15,0,.2,0,1013.9,1018.4,99.8,0,0
763,2022-10-16 05:00,13.8,0,.1,0,1014.1,1018.7,99.8,0,0
763,2022-10-16 06:00,13.7,0,.2,0,1014.6,1019.2,99.8,0,0
763,2022-10-16 07:00,13.2,0,.1,0,1014.5,1019.1,99.8,0,0
763,2022-10-16 08:00,15.8,0,.3,0,1014.8,1019.3,99.8,0,0
763,2022-10-16 09:00,17.2,0,.3,0,1015,1019.5,90.6,0,0
763,2022-10-16 10:00,18.5,278.3,.5,0,1014.8,1019.3,83.8,0,0
763,2022-10-16 11:00,19.8,274,1.6,0,1014.7,1019.1,77.2,0,0
763,2022-10-16 12:00,22,296.3,1.3,0,1013.8,1018.2,68.6,5.04,1
763,2022-10-16 13:00,21.9,277.1,1.7,0,1013.5,1017.9,63.3,-5.04,-1
763,2022-10-16 14:00,21.8,295.5,1.9,0,1013.1,1017.5,64.6,16.52,7.6
763,2022-10-16 15:00,20.8,271.6,2.7,0,1013.4,1017.8,64.1,-1.04,-6.3
763,2022-10-16 16:00,20.6,277.3,.8,0,1012.9,1017.3,63.1,1.04,6.3
763,2022-10-16 17:00,19.8,304,.6,0,1012.8,1017.2,67.2,16.56,-4.6
763,2022-10-16 18:00,18.4,0,.2,0,1012.8,1017.3,78.3,1.08,13.4
763,2022-10-16 19:00,18.1,262.3,1.1,0,1013.6,1018.1,73.4,15.5,-4.6
763,2022-10-16 20:00,16.9,0,.3,0,1013.6,1018.1,82.9,2.28,13.4
763,2022-10-16 21:00,16,0,.1,0,1013.8,1018.3,88.2,15.5,-4.6
763,2022-10-16 22:00,15.5,0,.1,0,1014.2,1018.7,94.4,2.28,13.4
763,2022-10-16 23:00,15.2,0,.1,0,1014.1,1018.6,97,15.12,-12
763,2022-10-17 00:00,15,0,.1,0,1013.5,1018,97.6,-15.12,12
763,2022-10-17 01:00,14.2,0,.1,0,1013.7,1018.2,98.3,0,0
763,2022-10-17 02:00,13.7,0,.3,0,1014,1018.6,99,0,0
763,2022-10-17 03:00,14.2,0,.4,0,1013.9,1018.4,95.9,0,0
763,2022-10-17 04:00,14.4,0,.2,0,1014.1,1018.6,95.3,0,0
763,2022-10-17 05:00,15,315.4,1.1,0,1014.5,1019.1,91.7,0,0
763,2022-10-17 06:00,14.5,319.1,1.3,0,1014.9,1019.4,87.7,0,0
763,2022-10-17 07:00,13.1,336.1,1.3,0,1015.1,1019.7,75.2,0,0
763,2022-10-17 08:00,13.2,324.4,2.2,0,1015.6,1020.2,67.9,0,0
763,2022-10-17 09:00,13.4,334.8,1.6,0,1016.1,1020.7,64.7,0,0
763,2022-10-17 10:00,14.6,351.1,2.2,0,1016,1020.5,44.9,0,0
763,2022-10-17 11:00,15,303.2,3.2,0,1015.9,1020.5,38,0,0
763,2022-10-17 12:00,16.1,354.5,3.3,0,1015.6,1020.1,25.6,0,0
763,2022-10-17 13:00,16.2,5.3,3.4,0,1015.2,1019.7,29.7,0,0
763,2022-10-17 14:00,16.2,327.4,3,0,1014.9,1019.4,25.5,0,0
763,2022-10-17 15:00,15.4,324.7,3,0,1015,1019.5,29.2,0,0
763,2022-10-17 16:00,14.5,321.2,3.2,0,1015.3,1019.8,34.2,0,0
763,2022-10-17 17:00,13.4,323.2,2.6,0,1015.6,1020.2,42.1,0,0
763,2022-10-17 18:00,11.6,300.8,2.2,0,1015.7,1020.3,43.8,0,0
763,2022-10-17 19:00,10.3,310.6,.9,0,1016.5,1021.1,52.2,0,0
763,2022-10-17 20:00,7.6,0,0,0,1016.9,1021.6,71.8,0,0
763,2022-10-17 21:00,7.3,0,.4,0,1017,1021.7,72.4,0,0
763,2022-10-17 22:00,6.9,0,.1,0,1017.4,1022.1,73.9,0,0
763,2022-10-17 23:00,5.4,0,.1,0,1017.6,1022.3,86.8,0,0
763,2022-10-18 00:00,4.9,0,.1,0,1017.7,1022.4,92.5,0,0
763,2022-10-18 01:00,4.4,0,.1,0,1017.9,1022.6,94.1,0,0
763,2022-10-18 02:00,4.3,0,.2,0,1018,1022.7,93.4,0,0
763,2022-10-18 03:00,3.9,0,.2,0,1018.2,1023,95.9,0,0
763,2022-10-18 04:00,3.7,0,.3,0,1018.1,1022.9,95.4,0,0
763,2022-10-18 05:00,2.9,0,0,0,1018.5,1023.3,97.9,0,0
763,2022-10-18 06:00,2.3,0,.1,0,1018.6,1023.4,99.9,0,0
763,2022-10-18 07:00,2.1,0,.1,0,1018.6,1023.4,99.9,0,0
763,2022-10-18 08:00,4.7,0,.1,0,1019.1,1023.8,93.3,0,0
763,2022-10-18 09:00,8.2,276.3,.8,0,1020,1024.7,68.2,0,0
763,2022-10-18 10:00,10,35.8,1.3,0,1020.1,1024.8,53.4,0,0
763,2022-10-18 11:00,10.9,44.8,1.3,0,1019.9,1024.5,50.3,0,0
763,2022-10-18 12:00,13.1,335.8,1.6,0,1019.4,1024,40.1,0,0
763,2022-10-18 13:00,13.8,320.1,2.1,0,1018.7,1023.3,34.2,0,0
763,2022-10-18 14:00,14.3,326.8,1.5,0,1018,1022.6,35.9,0,0
763,2022-10-18 15:00,14.4,303.6,2.5,0,1017.7,1022.3,32.9,0,0
763,2022-10-18 16:00,14.5,336.4,1.9,0,1017.7,1022.3,33.8,0,0
763,2022-10-18 17:00,13.1,339,1.5,0,1017.8,1022.4,40.7,0,0
763,2022-10-18 18:00,11.1,321.3,1.1,0,1018.3,1022.9,47.9,0,0
763,2022-10-18 19:00,8.8,0,.4,0,1019.2,1023.9,61.6,0,0
763,2022-10-18 20:00,6.3,0,.3,0,1019.7,1024.4,77.2,0,0
763,2022-10-18 21:00,5.7,0,.1,0,1019.6,1024.3,81.8,0,0
763,2022-10-18 22:00,5.1,0,.2,0,1019.8,1024.6,84.7,0,0
763,2022-10-18 23:00,4.7,0,.1,0,1019.8,1024.5,86.9,0,0
763,2022-10-19 00:00,3.8,0,0,0,1019.8,1024.6,92.7,0,0
763,2022-10-19 01:00,3.1,0,.2,0,1020,1024.8,96.5,0,0
763,2022-10-19 02:00,2.7,0,0,0,1020.4,1025.2,98.9,0,0
763,2022-10-19 03:00,2.5,0,.2,0,1020.7,1025.5,99.9,0,0
763,2022-10-19 04:00,2.1,0,0,0,1020.6,1025.4,99.9,0,0
763,2022-10-19 05:00,1.6,0,.1,0,1021,1025.8,99.9,0,0
763,2022-10-19 06:00,1.6,0,.1,0,1021.2,1026,99.9,0,0
763,2022-10-19 07:00,1.2,0,0,0,1021.4,1026.2,99.9,0,0
763,2022-10-19 08:00,3.5,0,.1,0,1022.2,1027,99.9,0,0
763,2022-10-19 09:00,7,14.9,.5,0,1022.7,1027.4,83.7,0,0
763,2022-10-19 10:00,10.9,18.3,.6,0,1022.9,1027.6,52.2,0,0
763,2022-10-19 11:00,13,358.3,1.4,0,1022.7,1027.3,36.7,0,0
763,2022-10-19 12:00,14.9,8.1,2,0,1022.5,1027.1,39.2,0,0
763,2022-10-19 13:00,15.2,29.1,2.5,0,1021.8,1026.4,42.8,0,0
763,2022-10-19 14:00,15.5,6.4,1.8,0,1021.3,1025.9,42.7,0,0
763,2022-10-19 15:00,16.4,316.2,1.7,0,1020.8,1025.3,41.4,0,0
763,2022-10-19 16:00,16.5,338.2,1.5,0,1020.8,1025.3,40.5,0,0
763,2022-10-19 17:00,15.6,338.7,.9,0,1021,1025.6,42.4,0,0
763,2022-10-19 18:00,11.2,0,0,0,1021.5,1026.1,66.9,0,0
763,2022-10-19 19:00,9.4,0,.1,0,1022.2,1026.9,79.2,0,0
763,2022-10-19 20:00,8.3,0,.1,0,1022.7,1027.4,81.3,0,0
763,2022-10-19 21:00,7.3,0,0,0,1022.8,1027.5,96.6,0,0
763,2022-10-19 22:00,6.2,0,.1,0,1022.8,1027.5,96.8,0,0
763,2022-10-19 23:00,5.2,0,0,0,1023.2,1028,98.3,0,0
763,2022-10-20 00:00,4.5,0,0,0,1023.3,1028.1,99.3,0,0
763,2022-10-20 01:00,3.8,0,0,0,1023.6,1028.4,99.9,0,0
763,2022-10-20 02:00,3.9,0,.3,0,1024,1028.8,99.9,0,0
763,2022-10-20 03:00,3,0,0,0,1024,1028.8,99.9,0,0
763,2022-10-20 04:00,2.5,0,0,0,1024,1028.8,99.9,0,0
763,2022-10-20 05:00,2.2,0,0,0,1024.4,1029.2,99.9,0,0
763,2022-10-20 06:00,2,0,0,0,1024.7,1029.5,99.9,0,0
763,2022-10-20 07:00,1.9,0,0,0,1024.8,1029.6,99.9,0,0
763,2022-10-20 08:00,4.5,0,.2,0,1025.2,1030,99.9,0,0
763,2022-10-20 09:00,7.3,31.3,.7,0,1025.3,1030,84.6,0,0
763,2022-10-20 10:00,10.9,17.9,1.3,0,1024.9,1029.6,76.5,0,0
763,2022-10-20 11:00,15.7,27.9,1.8,0,1024.5,1029.1,50.1,0,0
763,2022-10-20 12:00,17.3,9.6,2,0,1024,1028.5,39.4,0,0
763,2022-10-20 13:00,18.2,11.1,2.1,0,1023.2,1027.7,37,0,0
763,2022-10-20 14:00,18.6,18.3,1.8,0,1022.3,1026.8,38.9,13.11,7.3
763,2022-10-20 15:00,19.1,346.4,1.6,0,1021.4,1025.9,35.7,3.06,.6
763,2022-10-20 16:00,19.3,17,1.1,0,1021.4,1025.9,35.6,14.51,8.2
763,2022-10-20 17:00,18.1,331.3,.8,0,1021.4,1025.9,38.8,-14.51,-8.2
763,2022-10-20 18:00,12.8,0,0,0,1021.4,1026,66.4,14.51,8.2
763,2022-10-20 19:00,10.1,0,.4,0,1021.8,1026.5,76.7,-14.51,-8.2
763,2022-10-20 20:00,10.7,0,.1,0,1022.3,1027,72.2,14.51,8.2
763,2022-10-20 21:00,10.8,0,.1,0,1022.2,1026.9,75.9,3.02,1.8
763,2022-10-20 22:00,9.4,0,0,0,1022.2,1026.9,86.7,14.51,8.2
763,2022-10-20 23:00,8.9,0,0,0,1022.2,1026.9,92,3.02,1.8
763,2022-10-21 00:00,8,0,.1,0,1022.1,1026.8,95.1,14.51,8.2
763,2022-10-21 01:00,7.7,0,.1,0,1021.8,1026.5,97.7,0,0
763,2022-10-21 02:00,7.4,0,0,0,1022.2,1026.9,99.7,0,0
763,2022-10-21 03:00,7.3,0,0,0,1022.1,1026.8,99.9,0,0
763,2022-10-21 04:00,6.5,0,.1,0,1021.7,1026.4,99.9,0,0
763,2022-10-21 05:00,6.5,0,.4,0,1021.5,1026.2,99.9,0,0
763,2022-10-21 06:00,6.2,0,.4,0,1021.8,1026.5,99.9,0,0
763,2022-10-21 07:00,5.1,0,.1,0,1021.6,1026.4,99.9,0,0
763,2022-10-21 08:00,7,0,.1,0,1021.8,1026.5,99.9,.07,.6
763,2022-10-21 09:00,10.2,14.6,.5,0,1021.9,1026.6,86.8,.62,.9
763,2022-10-21 10:00,13.1,15.4,.8,0,1021.8,1026.4,74.6,-.62,-.9
763,2022-10-21 11:00,14.7,0,.4,0,1021.4,1026,70.3,.62,.9
763,2022-10-21 12:00,16.7,12.5,.7,0,1021.1,1025.6,66.5,-.62,-.9
763,2022-10-21 13:00,16.6,331.3,1.1,0,1020.6,1025.1,65.1,.62,.9
763,2022-10-21 14:00,16.2,10.2,.6,0,1019.7,1024.2,62.9,-.62,-.9
763,2022-10-21 15:00,17.2,288.1,.5,0,1019.3,1023.8,62.3,.62,.9
763,2022-10-21 16:00,17.3,266.2,.8,0,1019.3,1023.8,55.9,-.62,-.9
763,2022-10-21 17:00,16.1,0,.1,0,1019,1023.5,58.1,.62,.9
763,2022-10-21 18:00,13.9,0,0,0,1018.8,1023.4,76,-.62,-.9
763,2022-10-21 19:00,12.5,0,.4,0,1019.2,1023.8,85.1,.62,.9
763,2022-10-21 20:00,12,0,.2,0,1019.3,1023.9,86.4,-.62,-.9
763,2022-10-21 21:00,12.1,0,0,0,1019,1023.6,86.8,.62,.9
763,2022-10-21 22:00,11.6,0,.2,0,1018.9,1023.5,92.4,-.62,-.9
763,2022-10-21 23:00,11.4,0,.2,0,1019.5,1024.1,94.4,.62,.9
763,2022-10-22 00:00,11.1,83.3,.5,0,1019,1023.6,95.2,-.62,-.9
763,2022-10-22 01:00,11.4,0,.1,0,1018.9,1023.5,95.5,0,0
763,2022-10-22 02:00,10,0,.1,0,1018.6,1023.3,99.8,0,0
763,2022-10-22 03:00,10.1,0,.2,0,1018.7,1023.4,99.9,0,0
763,2022-10-22 04:00,10.9,0,.1,0,1018.5,1023.1,97.9,0,0
763,2022-10-22 05:00,9.6,0,.1,0,1018.5,1023.1,99.9,0,0
763,2022-10-22 06:00,8.7,0,.3,0,1018.4,1023.1,99.9,0,0
763,2022-10-22 07:00,8.6,0,0,0,1018.2,1022.9,99.9,0,0
763,2022-10-22 08:00,9.9,0,.2,0,1018.4,1023,99.9,0,0
763,2022-10-22 09:00,12.4,50.5,1.1,0,1018.8,1023.4,90,0,0
763,2022-10-22 10:00,16.5,0,.4,0,1018.4,1022.9,72.1,0,0
763,2022-10-22 11:00,18.1,349.3,1.3,0,1017.9,1022.4,64.4,0,0
763,2022-10-22 12:00,18.7,.2,1.3,0,1017.2,1021.7,61.7,0,0
763,2022-10-22 13:00,19.7,23.2,1.5,0,1016.3,1020.7,55.2,0,0
763,2022-10-22 14:00,20.1,326.7,1.4,0,1015.4,1019.9,47.9,0,0
763,2022-10-22 15:00,20.2,.8,1.2,0,1014.9,1019.4,49.6,0,0
763,2022-10-22 16:00,20.7,357.7,1.2,0,1014.8,1019.2,50.5,0,0
763,2022-10-22 17:00,19.6,267,1,0,1014.6,1019,57.7,0,0
763,2022-10-22 18:00,17.4,251.4,.8,0,1014.6,1019.1,74.9,0,0
763,2022-10-22 19:00,14.9,0,.2,0,1015.3,1019.8,87.7,0,0
763,2022-10-22 20:00,13.2,0,.1,0,1016.1,1020.7,97.4,0,0
763,2022-10-22 21:00,12.3,0,0,0,1016.3,1020.9,99.8,0,0
763,2022-10-22 22:00,12,0,0,0,1016.3,1020.9,99.8,0,0
763,2022-10-22 23:00,11.8,0,0,0,1016.1,1020.7,99.8,0,0
763,2022-10-23 00:00,10.9,0,.1,0,1015.7,1020.3,99.9,0,0
763,2022-10-23 01:00,10.7,0,0,0,1015.5,1020.1,99.9,0,0
763,2022-10-23 02:00,11.8,0,.1,0,1015,1019.6,99.9,0,0
763,2022-10-23 03:00,12,0,0,0,1014.7,1019.3,99.8,0,0
763,2022-10-23 04:00,11.5,0,.3,0,1014.1,1018.7,99.9,0,0
763,2022-10-23 05:00,11.1,0,.2,0,1014.2,1018.8,99.9,0,0
763,2022-10-23 06:00,11.3,0,.1,0,1014.7,1019.3,99.9,0,0
763,2022-10-23 07:00,11.3,0,.1,0,1014.8,1019.4,99.9,0,0
763,2022-10-23 08:00,11.9,23.3,.5,0,1015.2,1019.8,99.8,0,0
763,2022-10-23 09:00,12.4,85.8,.5,0,1015.6,1020.2,99.8,0,0
763,2022-10-23 10:00,14.6,23.1,1.1,0,1015.6,1020.1,87.6,0,0
763,2022-10-23 11:00,15.7,323.4,1.7,0,1015.3,1019.8,72.4,0,0
763,2022-10-23 12:00,17.4,25.1,1.3,0,1014.8,1019.3,62.7,0,0
763,2022-10-23 13:00,18.2,353.7,1.7,0,1014,1018.5,52,0,0
763,2022-10-23 14:00,18.7,6.7,2.1,0,1013.2,1017.6,45.9,0,0
763,2022-10-23 15:00,19,343,1.9,0,1013.1,1017.5,45.2,0,0
763,2022-10-23 16:00,18.3,305.1,1.9,0,1013,1017.5,46.3,0,0
763,2022-10-23 17:00,16.3,338.5,2.1,0,1013.4,1017.9,51.2,0,0
763,2022-10-23 18:00,14.2,328.8,1.6,0,1013.7,1018.2,50.1,0,0
763,2022-10-23 19:00,10.8,0,.1,0,1014.6,1019.2,68.7,0,0
763,2022-10-23 20:00,9,0,.2,0,1015.4,1020,79.4,0,0
763,2022-10-23 21:00,8.4,0,.1,0,1015.7,1020.4,82.6,0,0
763,2022-10-23 22:00,7.4,0,0,0,1016.3,1021,83.8,0,0
763,2022-10-23 23:00,6.9,0,0,0,1016.6,1021.3,84.1,0,0
763,2022-10-24 00:00,6.5,0,.3,0,1016.4,1021.1,84.7,0,0
763,2022-10-24 01:00,6,0,.1,0,1016.1,1020.8,85.9,0,0
763,2022-10-24 02:00,5.6,0,.3,0,1015.8,1020.5,88.4,0,0
763,2022-10-24 03:00,6.7,0,.1,0,1015.9,1020.6,85,0,0
763,2022-10-24 04:00,6.2,0,.3,0,1015.5,1020.2,89,0,0
763,2022-10-24 05:00,6.1,0,.4,0,1015.4,1020.1,91.7,0,0
763,2022-10-24 06:00,5.4,0,.1,0,1015.8,1020.5,93.8,0,0
763,2022-10-24 07:00,4.7,0,0,0,1015.9,1020.6,98.9,0,0
763,2022-10-24 08:00,6.2,21.9,.7,0,1016.9,1021.6,95,0,0
763,2022-10-24 09:00,9,0,.3,0,1017.6,1022.3,86.2,0,0
763,2022-10-24 10:00,12.1,316.2,2.4,0,1017.5,1022.1,64.2,0,0
763,2022-10-24 11:00,13.5,339.8,2,0,1017.3,1021.9,47.5,0,0
763,2022-10-24 12:00,13.9,338.3,2.2,0,1017.1,1021.7,46.1,0,0
763,2022-10-24 13:00,15,328.4,2.6,0,1016.5,1021.1,38.3,0,0
763,2022-10-24 14:00,15.1,314,2.4,0,1016,1020.6,32.2,0,0
763,2022-10-24 15:00,14.9,323.5,2.5,0,1016.1,1020.6,33,0,0
763,2022-10-24 16:00,14.4,353.4,2.7,0,1016.3,1020.8,29.7,0,0
763,2022-10-24 17:00,13,318.3,2.5,0,1016.6,1021.2,38.8,0,0
763,2022-10-24 18:00,10.9,318,1.5,0,1017.3,1021.9,46.7,0,0
763,2022-10-24 19:00,8,0,.3,0,1018.1,1022.8,62,0,0
763,2022-10-24 20:00,5.8,0,.2,0,1018.8,1023.5,75.4,0,0
763,2022-10-24 21:00,4.7,0,0,0,1019,1023.7,83.1,0,0
763,2022-10-24 22:00,4,0,0,0,1019.4,1024.2,85.9,0,0
763,2022-10-24 23:00,3.7,0,0,0,1020,1024.8,86.1,0,0
763,2022-10-25 00:00,3.6,0,.2,0,1020.1,1024.9,87.6,0,0
763,2022-10-25 01:00,3,0,.2,0,1020.4,1025.2,91.8,0,0
763,2022-10-25 02:00,2.5,0,0,0,1021.2,1026,94.6,0,0
763,2022-10-25 03:00,2,0,0,0,1021.4,1026.2,97.5,0,0
763,2022-10-25 04:00,1.7,0,0,0,1021.4,1026.2,97.3,0,0
763,2022-10-25 05:00,1.3,0,.3,0,1022.1,1026.9,98.6,0,0
763,2022-10-25 06:00,1.1,0,.1,0,1022.6,1027.4,98.9,0,0
763,2022-10-25 07:00,1,0,.1,0,1023.4,1028.2,98.7,0,0
763,2022-10-25 08:00,3.6,0,.3,0,1024.2,1029,93,0,0
763,2022-10-25 09:00,6.6,35.9,.7,0,1024.9,1029.6,76,0,0
763,2022-10-25 10:00,10.3,9.1,1.6,0,1024.9,1029.6,64.7,0,0
763,2022-10-25 11:00,13.2,17.4,2.2,0,1024.3,1028.9,53.7,0,0
763,2022-10-25 12:00,14.9,44.8,2.1,0,1023.4,1028,43.9,0,0
763,2022-10-25 13:00,16.2,36.8,2.2,0,1022.7,1027.3,38.7,0,0
763,2022-10-25 14:00,16.4,41.1,1.9,0,1022,1026.5,37.3,0,0
763,2022-10-25 15:00,16.6,352,1.9,0,1021.6,1026.1,37.8,0,0
763,2022-10-25 16:00,16.6,56.7,1.9,0,1021.5,1026,38.1,0,0
763,2022-10-25 17:00,15.9,71.7,1.1,0,1021.9,1026.5,40.3,0,0
763,2022-10-25 18:00,11.3,0,.2,0,1022,1026.6,65.6,0,0
763,2022-10-25 19:00,8.9,0,.2,0,1022.6,1027.3,77.4,0,0
763,2022-10-25 20:00,8.8,0,.3,0,1023.1,1027.8,75.1,0,0
763,2022-10-25 21:00,7.5,0,.3,0,1023.4,1028.1,82.6,0,0
763,2022-10-25 22:00,6.3,0,.1,0,1023.6,1028.3,89,0,0
763,2022-10-25 23:00,5.4,0,0,0,1023.8,1028.6,93.6,0,0
763,2022-10-26 00:00,4.9,0,0,0,1024.1,1028.9,95.4,0,0
763,2022-10-26 01:00,4.3,0,.1,0,1024,1028.8,98.1,0,0
763,2022-10-26 02:00,4.2,0,0,0,1024.2,1029,99.1,0,0
763,2022-10-26 03:00,3.8,0,0,0,1024.2,1029,99.9,0,0
763,2022-10-26 04:00,3.5,0,0,0,1024.2,1029,99.9,0,0
763,2022-10-26 05:00,3.1,0,0,0,1024.1,1028.9,99.9,0,0
763,2022-10-26 06:00,2.8,0,0,0,1024.1,1028.9,99.9,0,0
763,2022-10-26 07:00,2.4,0,.1,0,1024.1,1028.9,99.9,0,0
763,2022-10-26 08:00,4.5,0,0,0,1024.6,1029.4,99.9,0,0
763,2022-10-26 09:00,8.4,2.2,.7,0,1024.9,1029.6,78,0,0
763,2022-10-26 10:00,11.1,52.2,.7,0,1024.7,1029.4,70.9,0,0
763,2022-10-26 11:00,14.8,54.5,.5,0,1023.9,1028.5,58.3,0,0
763,2022-10-26 12:00,16.6,76.7,.7,0,1023.4,1027.9,45.3,0,0
763,2022-10-26 13:00,18.1,2,1,0,1022.6,1027.1,39.4,0,0
763,2022-10-26 14:00,18.3,350.2,1.3,0,1022,1026.5,38.3,0,0
763,2022-10-26 15:00,17.5,341.3,1.4,0,1021.6,1026.1,38.6,0,0
763,2022-10-26 16:00,17.3,351,.9,0,1021.4,1025.9,40.4,0,0
763,2022-10-26 17:00,16,324.5,.6,0,1021.1,1025.7,48.4,0,0
763,2022-10-26 18:00,12.8,0,0,0,1021.2,1025.8,69.4,0,0
763,2022-10-26 19:00,10.9,0,.1,0,1021.3,1025.9,79,0,0
763,2022-10-26 20:00,10.4,0,.1,0,1021.5,1026.2,77.5,0,0
763,2022-10-26 21:00,9.7,0,0,0,1021.2,1025.9,86.1,0,0
763,2022-10-26 22:00,9.6,0,.3,0,1021.6,1026.3,86.8,0,0
763,2022-10-26 23:00,9.3,0,.1,0,1022.3,1027,89.3,0,0
763,2022-10-27 00:00,9,0,0,0,1021.5,1026.2,92.1,0,0
763,2022-10-27 01:00,8.8,0,0,0,1021.9,1026.6,94,0,0
763,2022-10-27 02:00,8.4,0,0,0,1021.5,1026.2,95.2,0,0
763,2022-10-27 03:00,8.1,0,.1,0,1021.2,1025.9,94.5,0,0
763,2022-10-27 04:00,7.2,0,.4,0,1021.1,1025.8,97.7,0,0
763,2022-10-27 05:00,6.7,0,0,0,1021.1,1025.8,99.6,0,0
763,2022-10-27 06:00,5.8,0,0,0,1021.6,1026.3,99.9,0,0
763,2022-10-27 07:00,5.4,0,0,0,1021.6,1026.4,99.9,0,0
763,2022-10-27 08:00,6.9,0,.1,0,1021.8,1026.5,99.9,0,0
763,2022-10-27 09:00,10.7,,,0,1022.1,1026.8,80.4,1.05,.6
763,2022-10-27 10:00,13.2,29.7,1.1,0,1022.4,1027,69,-1.05,-.6
763,2022-10-27 11:00,15.5,16.2,1.5,0,1021.7,1026.3,53.6,1.05,.6
763,2022-10-27 12:00,17.1,81.9,.8,0,1021,1025.5,37.7,-1.05,-.6
763,2022-10-27 13:00,19.1,329.4,1.5,0,1020.6,1025.1,40,1.05,.6
763,2022-10-27 14:00,19.4,350,1.9,0,1019.8,1024.3,40.9,-1.05,-.6
763,2022-10-27 15:00,19.6,3.8,1.6,0,1019.4,1023.9,40.8,1.05,.6
763,2022-10-27 16:00,19.6,350.9,1.3,0,1019.4,1023.9,41.5,-1.05,-.6
763,2022-10-27 17:00,18.4,329,1.2,0,1019.6,1024.1,46.2,1.05,.6
763,2022-10-27 18:00,16.5,322.3,1,0,1020,1024.5,53.6,-1.05,-.6
763,2022-10-27 19:00,11.9,0,0,0,1020.6,1025.2,78.4,1.05,.6
763,2022-10-27 20:00,10.4,0,0,0,1021,1025.7,86,-1.05,-.6
763,2022-10-27 21:00,9.5,0,0,0,1021.3,1026,91.9,1.05,.6
763,2022-10-27 22:00,8.7,0,0,0,1021.8,1026.5,96.1,-1.05,-.6
763,2022-10-27 23:00,8.3,0,0,0,1021.7,1026.4,99,1.05,.6
763,2022-10-28 00:00,7.7,0,0,0,1021.8,1026.5,99.9,-1.05,-.6
763,2022-10-28 01:00,7.9,0,0,0,1021.5,1026.2,99.9,0,0
763,2022-10-28 02:00,7.1,0,0,0,1021.5,1026.2,99.9,0,0
763,2022-10-28 03:00,6.4,0,0,0,1021.4,1026.1,99.9,0,0
763,2022-10-28 04:00,6.1,0,0,0,1021.2,1025.9,99.9,0,0
763,2022-10-28 05:00,5.6,0,0,0,1021.2,1025.9,99.9,0,0
763,2022-10-28 06:00,5.8,0,0,0,1021.5,1026.2,99.9,0,0
763,2022-10-28 07:00,6,265.4,.6,0,1022.1,1026.8,99.9,0,0
763,2022-10-28 08:00,7.4,0,.2,0,1022.2,1026.9,99.9,0,0
763,2022-10-28 09:00,9.6,16.7,.9,0,1022.4,1027.1,99.7,0,0
763,2022-10-28 10:00,11.7,21.2,1,0,1022.5,1027.1,87,0,0
763,2022-10-28 11:00,14.6,351.8,1.5,0,1022.3,1026.9,75.9,0,0
763,2022-10-28 12:00,16.1,310.8,1.3,0,1021.8,1026.4,69.8,0,0
763,2022-10-28 13:00,17.6,34.5,1,0,1020.9,1025.4,59.2,0,0
763,2022-10-28 14:00,18.4,292.1,1,0,1020.3,1024.8,51.5,0,0
763,2022-10-28 15:00,18.8,299,1,0,1019.9,1024.4,45.8,0,0
763,2022-10-28 16:00,18.7,32.3,.5,0,1019.7,1024.2,42.2,0,0
763,2022-10-28 17:00,17.4,277.9,.5,0,1019.5,1024,54.5,0,0
763,2022-10-28 18:00,12.9,0,0,0,1019.7,1024.3,79.6,0,0
763,2022-10-28 19:00,11.7,0,.4,0,1020.1,1024.7,86.9,0,0
763,2022-10-28 20:00,10.1,0,0,0,1020.6,1025.3,93.2,0,0
763,2022-10-28 21:00,10.1,0,.1,0,1021.3,1026,95.9,0,0
763,2022-10-28 22:00,9,0,.1,0,1021.7,1026.4,99.1,0,0
763,2022-10-28 23:00,8.3,0,0,0,1022,1026.7,99.9,0,0
763,2022-10-29 00:00,8.4,0,.1,0,1021.9,1026.6,99.9,0,0
763,2022-10-29 01:00,7.4,0,0,0,1021.8,1026.5,99.9,0,0
763,2022-10-29 02:00,6.9,0,.1,0,1021.9,1026.6,99.9,0,0
763,2022-10-29 03:00,6.8,0,0,0,1021.9,1026.6,99.9,0,0
763,2022-10-29 04:00,6.6,0,0,0,1021.7,1026.4,99.9,0,0
763,2022-10-29 05:00,6.1,0,0,0,1021.7,1026.4,99.9,0,0
763,2022-10-29 06:00,5.8,0,0,0,1021.8,1026.5,99.9,0,0
763,2022-10-29 07:00,5.8,0,0,0,1022.1,1026.8,99.9,0,0
763,2022-10-29 08:00,6.7,0,0,0,1022.5,1027.2,99.9,0,0
763,2022-10-29 09:00,9.4,0,.1,0,1023,1027.7,99.9,0,0
763,2022-10-29 10:00,12.7,31.1,.7,0,1022.9,1027.5,84.6,0,0
763,2022-10-29 11:00,15.7,12.1,.7,0,1022.5,1027.1,70.7,0,0
763,2022-10-29 12:00,17.9,85.3,.8,0,1021.9,1026.4,59,0,0
763,2022-10-29 13:00,18.8,271.7,1,0,1021.1,1025.6,56.5,0,0
763,2022-10-29 14:00,19.2,263.7,1.2,0,1020.3,1024.8,45.6,0,0
763,2022-10-29 15:00,19.3,273,1.3,0,1020.1,1024.6,45.8,0,0
763,2022-10-29 16:00,19.2,298,.8,0,1019.9,1024.4,44.5,0,0
763,2022-10-29 17:00,16.1,0,.1,0,1020,1024.5,67,0,0
763,2022-10-29 18:00,15.2,0,.3,0,1020.1,1024.7,72.2,0,0
763,2022-10-29 19:00,12.7,0,.1,0,1020.4,1025,85.3,0,0
763,2022-10-29 20:00,11.7,0,.1,0,1020.7,1025.3,91.4,0,8.7
763,2022-10-29 21:00,11.6,0,.2,0,1020.6,1025.2,92,0,-8.7
763,2022-10-29 22:00,10.1,0,0,0,1020.9,1025.6,97.8,0,8.7
763,2022-10-29 23:00,9.5,0,0,0,1021.1,1025.8,99.9,0,-8.7
763,2022-10-30 00:00,8.6,0,.1,0,1021.1,1025.8,99.9,0,8.7
763,2022-10-30 01:00,8.3,0,.1,0,1021,1025.7,99.9,0,0
763,2022-10-30 02:00,8.1,0,.1,0,1021,1025.7,99.9,0,0
763,2022-10-30 03:00,7.2,0,0,0,1020.9,1025.6,99.9,0,0
763,2022-10-30 04:00,7.1,0,.2,0,1021,1025.7,99.9,0,0
763,2022-10-30 05:00,6.9,0,0,0,1021.2,1025.9,99.9,0,0
763,2022-10-30 06:00,6.8,0,.1,0,1021.3,1026,99.9,0,0
763,2022-10-30 07:00,6.5,0,0,0,1021.4,1026.1,99.9,0,0
763,2022-10-30 08:00,7.6,0,0,0,1022,1026.7,99.9,.11,0
763,2022-10-30 09:00,10.2,0,.3,0,1022.1,1026.8,99.9,.41,0
763,2022-10-30 10:00,12.6,0,.4,0,1021.7,1026.3,83.4,-.41,0
763,2022-10-30 11:00,16,49.6,1,0,1021.1,1025.7,69.7,3.89,0
763,2022-10-30 12:00,18.5,350,1.2,0,1020.4,1024.9,57.7,-3.89,0
763,2022-10-30 13:00,19.5,24.2,1.3,0,1019.6,1024.1,47.2,3.89,0
763,2022-10-30 14:00,20,358,1.5,0,1019,1023.5,43.8,1.82,.5
763,2022-10-30 15:00,20.3,351.4,1.5,0,1018.7,1023.2,42.7,5.74,.7
763,2022-10-30 16:00,19.9,17.2,1.7,0,1018.6,1023,44.6,-5.74,-.7
763,2022-10-30 17:00,18.8,327.9,.6,0,1018.8,1023.3,47.5,5.74,.7
763,2022-10-30 18:00,13.6,0,0,0,1019.1,1023.7,72.9,-5.74,-.7
763,2022-10-30 19:00,11.8,0,0,0,1019.5,1024.1,81,5.74,.7
763,2022-10-30 20:00,10.6,0,0,0,1019.6,1024.2,88.4,-5.74,-.7
763,2022-10-30 21:00,10,0,0,0,1019.8,1024.5,90.5,5.74,.7
763,2022-10-30 22:00,9.3,0,0,0,1020.3,1025,92.3,3.07,-.7
763,2022-10-30 23:00,9.1,0,.1,0,1020.7,1025.4,93.5,-3.07,.7
763,2022-10-31 00:00,8.8,0,0,0,1020.7,1025.4,95.5,11.88,-.7
763,2022-10-31 01:00,8.3,0,.1,0,1020.4,1025.1,96.8,0,0
763,2022-10-31 02:00,8,0,0,0,1020.6,1025.3,98.9,0,0
763,2022-10-31 03:00,8.3,0,0,0,1020.5,1025.2,99.9,0,0
763,2022-10-31 04:00,8.6,0,0,0,1020.3,1025,99.7,0,0
763,2022-10-31 05:00,7.9,0,0,0,1020.4,1025.1,99.9,0,0
763,2022-10-31 06:00,7.8,0,0,0,1020.7,1025.4,99.9,0,0
763,2022-10-31 07:00,7.8,0,.2,0,1020.7,1025.4,99.9,0,0
763,2022-10-31 08:00,8.6,0,0,0,1021,1025.7,99.9,0,0
763,2022-10-31 09:00,11,0,0,0,1020.9,1025.5,90.1,.31,0
763,2022-10-31 10:00,13.3,280,.9,0,1020.9,1025.5,79.1,-.31,0
763,2022-10-31 11:00,15.8,259,.9,0,1020.5,1025.1,62.9,3.18,1.8
763,2022-10-31 12:00,17.4,274,.9,0,1019.9,1024.4,54.1,3.19,1.6
763,2022-10-31 13:00,18.5,73.2,.7,0,1018.9,1023.4,50.7,5.6,2.6
763,2022-10-31 14:00,19.4,5.1,1.5,0,1018.1,1022.6,45.3,1.89,-.4
763,2022-10-31 15:00,19.6,331.4,1.3,0,1017.9,1022.3,43.5,-1.89,.4
763,2022-10-31 16:00,19.1,312.6,1.2,0,1017.8,1022.3,45,1.89,-.4
763,2022-10-31 17:00,17.5,282.4,2.4,0,1018,1022.5,60.1,-1.89,.4
763,2022-10-31 18:00,14.9,0,.2,0,1018.1,1022.6,72.8,1.89,-.4
763,2022-10-31 19:00,12.4,0,.1,0,1018.7,1023.3,87.5,-1.89,.4
763,2022-10-31 20:00,11.5,0,.2,0,1018.5,1023.1,92.7,1.89,-.4
763,2022-10-31 21:00,10.7,0,.3,0,1018.5,1023.1,98.2,-1.89,.4
763,2022-10-31 22:00,10,0,0,0,1018.7,1023.4,99,1.89,-.4
763,2022-10-31 23:00,9.8,0,0,0,1019.1,1023.7,99.9,-1.89,.4
763,2022-11-01 00:00,8.9,0,0,0,1019,1023.7,99.9,1.89,-.4
763,2022-11-01 01:00,8.8,0,.2,0,1018.9,1023.6,99.9,0,0
763,2022-11-01 02:00,8.5,0,.1,0,1019,1023.7,99.9,0,0
763,2022-11-01 03:00,7.8,0,.1,0,1018.4,1023.1,99.9,0,0
763,2022-11-01 04:00,7.2,0,0,0,1018.1,1022.8,99.9,0,0
763,2022-11-01 05:00,8.4,100.1,.5,0,1018.4,1023.1,99.9,0,0
763,2022-11-01 06:00,8.9,119.8,.7,0,1018.3,1023,99.9,0,0
763,2022-11-01 07:00,8.6,0,0,0,1018.4,1023.1,99.9,0,0
763,2022-11-01 08:00,9.6,0,.2,0,1018.7,1023.3,99.9,.17,0
763,2022-11-01 09:00,10.1,288.5,.7,0,1019.2,1023.9,99.9,1.01,.9
763,2022-11-01 10:00,10.2,0,.4,0,1019,1023.7,99.9,-1.01,-.9
763,2022-11-01 11:00,13.9,84.4,.5,0,1018.3,1022.9,91.6,3.49,3.4
763,2022-11-01 12:00,16.5,1,1.3,0,1017.7,1022.2,65.2,1.05,-1.4
763,2022-11-01 13:00,17.8,348.3,2,0,1016.8,1021.3,62.9,-1.05,1.4
763,2022-11-01 14:00,18.4,353.3,1.9,0,1016.5,1021,59.5,10.08,4
763,2022-11-01 15:00,18.2,327.2,1.1,0,1016.2,1020.7,62.3,2.02,2.7
763,2022-11-01 16:00,18.2,255.6,1.5,0,1016,1020.5,66.7,-2.02,-2.7
763,2022-11-01 17:00,17.1,258.4,1.4,0,1016.1,1020.6,74.2,2.02,2.7
763,2022-11-01 18:00,15.9,259,1.7,0,1016.6,1021.1,78.6,12.18,6.8
763,2022-11-01 19:00,13,0,.4,0,1017.2,1021.8,90.2,2.11,.7
763,2022-11-01 20:00,12.7,0,0,0,1017.4,1022,94.6,-2.11,-.7
763,2022-11-01 21:00,12.6,0,.4,0,1017.2,1021.8,95.6,2.11,.7
763,2022-11-01 22:00,10.6,0,0,0,1017.5,1022.1,96.1,-2.11,-.7
763,2022-11-01 23:00,9.3,0,0,0,1017.6,1022.2,99.9,2.11,.7
763,2022-11-02 00:00,8.1,0,.1,0,1017.4,1022.1,99.9,-2.11,-.7
763,2022-11-02 01:00,7.2,0,.1,0,1017.5,1022.2,99.9,0,0
763,2022-11-02 02:00,6.5,0,0,0,1017.7,1022.4,99.9,0,0
763,2022-11-02 03:00,6.3,0,0,0,1017.2,1021.9,99.9,0,0
763,2022-11-02 04:00,5.3,0,0,0,1017.1,1021.8,99.9,0,0
763,2022-11-02 05:00,6.5,0,.3,0,1017.4,1022.1,99.9,0,0
763,2022-11-02 06:00,5.5,0,.1,0,1017.5,1022.2,99.9,0,0
763,2022-11-02 07:00,5.1,0,.2,0,1017.7,1022.4,99.9,0,0
763,2022-11-02 08:00,5,288.1,1.2,0,1018.4,1023.1,99.9,0,0
763,2022-11-02 09:00,6.1,0,.2,0,1018.8,1023.5,99.9,0,0
763,2022-11-02 10:00,7.8,24.5,.6,0,1018.3,1023,99.9,0,0
763,2022-11-02 11:00,8.9,37.5,.8,0,1017.8,1022.5,99.9,0,0
763,2022-11-02 12:00,14.9,359.6,1.5,0,1016.8,1021.3,57.1,0,0
763,2022-11-02 13:00,17,1.6,1.3,0,1015.8,1020.3,41.6,0,0
763,2022-11-02 14:00,17.8,345.9,1.6,0,1015.3,1019.8,30.8,0,0
763,2022-11-02 15:00,17.8,305.3,1.2,0,1015.2,1019.7,32.4,0,0
763,2022-11-02 16:00,17.2,277.7,2.2,0,1015,1019.5,43,0,0
763,2022-11-02 17:00,15.8,267.3,1.6,0,1015.1,1019.6,52.4,13.49,6.8
763,2022-11-02 18:00,13.3,243.7,.7,0,1015.3,1019.9,62.8,-13.49,-6.8
763,2022-11-02 19:00,9.6,0,.1,0,1015.9,1020.5,77.9,13.49,6.8
763,2022-11-02 20:00,8.3,0,.1,0,1016,1020.7,87,-13.49,-6.8
763,2022-11-02 21:00,7.1,0,.1,0,1015.9,1020.6,94.3,13.49,6.8
763,2022-11-02 22:00,6,0,.3,0,1015.8,1020.5,98,-13.49,-6.8
763,2022-11-02 23:00,5.4,0,.1,0,1015.4,1020.1,99.2,13.49,6.8
763,2022-11-03 00:00,4.3,0,0,0,1014.9,1019.6,99.9,-13.49,-6.8
763,2022-11-03 01:00,3.9,0,.1,0,1015,1019.7,99.9,0,0
763,2022-11-03 02:00,3.2,0,.2,0,1015.2,1020,99.9,0,0
763,2022-11-03 03:00,4.1,101.2,.5,0,1015.1,1019.8,99.9,0,0
763,2022-11-03 04:00,2.9,0,.1,0,1014.5,1019.3,99.9,0,0
763,2022-11-03 05:00,2.4,0,.2,0,1014.8,1019.6,99.9,0,0
763,2022-11-03 06:00,2.1,0,.1,0,1015.4,1020.2,99.9,0,0
763,2022-11-03 07:00,2.8,0,.1,0,1015.3,1020.1,99.9,0,0
763,2022-11-03 08:00,4.8,0,.1,0,1016,1020.7,96.2,0,0
763,2022-11-03 09:00,7.6,280,.6,0,1015.8,1020.5,81.6,.31,0
763,2022-11-03 10:00,10,0,.4,0,1016.2,1020.8,70.9,-.31,0
763,2022-11-03 11:00,12,304.3,1.1,0,1015.7,1020.3,64,.31,0
763,2022-11-03 12:00,13.9,21,.9,0,1015.1,1019.7,51.9,-.31,0
763,2022-11-03 13:00,15.8,355.2,1.2,0,1014.4,1018.9,40.5,.31,0
763,2022-11-03 14:00,16.7,353.7,1.4,0,1014.5,1019,33.6,-.31,0
763,2022-11-03 15:00,16.7,325.6,1.9,0,1014.2,1018.7,34.2,.31,0
763,2022-11-03 16:00,16.1,340.1,1,0,1014.2,1018.7,39.7,-.31,0
763,2022-11-03 17:00,14.6,338.3,1.4,0,1014.1,1018.6,47.5,9.95,3.6
763,2022-11-03 18:00,13.5,320.5,1.4,0,1014.5,1019.1,52.7,-9.95,-3.6
763,2022-11-03 19:00,11.8,347.4,.6,0,1015,1019.6,59.1,9.95,3.6
763,2022-11-03 20:00,9.5,277.1,.6,0,1015.8,1020.4,72,-9.95,-3.6
763,2022-11-03 21:00,8.3,0,.1,0,1015.9,1020.6,80.2,9.95,3.6
763,2022-11-03 22:00,8.4,0,.1,0,1016.5,1021.2,80.8,-9.95,-3.6
763,2022-11-03 23:00,9.1,326.9,.6,0,1016.9,1021.6,77.6,9.95,3.6
763,2022-11-04 00:00,9,325.9,1.7,0,1016.8,1021.5,60.5,-9.95,-3.6
763,2022-11-04 01:00,8.3,334.2,1.4,0,1017.1,1021.8,58.5,0,0
763,2022-11-04 02:00,7.2,319.5,1.3,0,1017.1,1021.8,63.9,0,0
763,2022-11-04 03:00,4,273.4,.7,0,1017.3,1022,83.6,0,0
763,2022-11-04 04:00,3.5,0,.2,0,1017.4,1022.2,90,0,0
763,2022-11-04 05:00,2.1,0,.1,0,1017.9,1022.7,94.9,0,0
763,2022-11-04 06:00,1.4,0,.1,0,1018.5,1023.3,96.7,0,0
763,2022-11-04 07:00,1,0,0,0,1018.7,1023.5,97.2,0,0
763,2022-11-04 08:00,2.6,0,.1,0,1019.3,1024.1,94.7,0,0
763,2022-11-04 09:00,6.4,319.7,1.2,0,1019.9,1024.6,65,0,0
763,2022-11-04 10:00,7.8,349.7,2.1,0,1020,1024.7,53.9,0,0
763,2022-11-04 11:00,8.1,303.8,2.3,0,1019.8,1024.5,46.7,0,0
763,2022-11-04 12:00,9.9,315.4,2.6,0,1019.3,1023.9,35.8,0,0
763,2022-11-04 13:00,10.2,318.9,2.9,0,1018.7,1023.4,31.3,0,0
763,2022-11-04 14:00,10.7,341,2.7,0,1018.4,1023,24.9,0,0
763,2022-11-04 15:00,11.1,343.5,2.2,0,1018.5,1023.1,25.1,0,0
763,2022-11-04 16:00,10.1,336.5,2.7,0,1018.5,1023.2,25.8,0,0
763,2022-11-04 17:00,9.1,352.5,2.1,0,1018.7,1023.4,31.4,0,0
763,2022-11-04 18:00,7.2,330.7,1.1,0,1019.1,1023.8,41.7,0,0
763,2022-11-04 19:00,4.1,0,.2,0,1019.9,1024.7,58.9,0,0
763,2022-11-04 20:00,2.6,0,.3,0,1020.4,1025.2,67.4,0,0
763,2022-11-04 21:00,2.7,0,.1,0,1020.4,1025.2,67.3,0,0
763,2022-11-04 22:00,2,0,.1,0,1020.6,1025.4,71.3,0,0
763,2022-11-04 23:00,1.6,0,.1,0,1020.8,1025.6,74.9,0,0
763,2022-11-05 00:00,.4,0,.2,0,1020.9,1025.7,82.2,0,0
763,2022-11-05 01:00,-.5,0,.1,0,1021,1025.9,89.2,0,0
763,2022-11-05 02:00,-.9,0,.2,0,1021.1,1026,92.8,0,0
763,2022-11-05 03:00,-.7,0,.1,0,1021.3,1026.2,89.6,0,0
763,2022-11-05 04:00,-.7,0,.2,0,1021.2,1026.1,86.7,0,0
763,2022-11-05 05:00,-1.8,0,0,0,1021.4,1026.3,92.2,0,0
763,2022-11-05 06:00,-2.1,0,.1,0,1021.6,1026.5,95.4,0,0
763,2022-11-05 07:00,-2.4,0,0,0,1021.8,1026.7,95.8,0,0
763,2022-11-05 08:00,-.8,0,.1,0,1022.3,1027.2,89.5,0,0
763,2022-11-05 09:00,3.3,0,.3,0,1022.8,1027.6,67.7,0,0
763,2022-11-05 10:00,7.1,15.5,.6,0,1022.7,1027.4,55.5,0,0
763,2022-11-05 11:00,9.5,49.3,1,0,1022.5,1027.2,42.7,0,0
763,2022-11-05 12:00,11.6,14.5,1.9,0,1021.9,1026.5,43.1,0,0
763,2022-11-05 13:00,12.6,335.2,1.9,0,1021,1025.6,42.4,0,0
763,2022-11-05 14:00,12.6,32.8,1.5,0,1020.2,1024.8,42.6,0,0
763,2022-11-05 15:00,12.9,177.8,.6,0,1019.8,1024.4,41.9,0,0
763,2022-11-05 16:00,13,283.5,1.2,0,1019.8,1024.4,40.9,0,0
763,2022-11-05 17:00,12.1,254.1,1.5,0,1019.9,1024.5,50,0,0
763,2022-11-05 18:00,10.3,235.1,.8,0,1020.1,1024.8,61.2,0,0
763,2022-11-05 19:00,8,0,.1,0,1021,1025.7,71.8,0,0
763,2022-11-05 20:00,5.6,0,.3,0,1021.3,1026,84.6,0,0
763,2022-11-05 21:00,4.6,0,.2,0,1021.3,1026.1,88.8,0,0
763,2022-11-05 22:00,3.7,0,.3,0,1021.3,1026.1,89.3,0,0
763,2022-11-05 23:00,3.2,0,.2,0,1021.5,1026.3,93.2,0,0
763,2022-11-06 00:00,2,0,0,0,1021.4,1026.2,97.4,0,0
763,2022-11-06 01:00,1.6,0,0,0,1021.2,1026,99.4,0,0
763,2022-11-06 02:00,1.2,0,0,0,1021.3,1026.1,99.4,0,0
763,2022-11-06 03:00,1.4,0,.3,0,1021.3,1026.1,99.3,0,0
763,2022-11-06 04:00,3.2,0,.3,0,1021,1025.8,96.1,0,0
763,2022-11-06 05:00,1.4,0,0,0,1020.9,1025.7,98.7,0,0
763,2022-11-06 06:00,.9,0,0,0,1021.1,1025.9,99.8,0,0
763,2022-11-06 07:00,.4,0,0,0,1021.3,1026.1,99.9,.01,0
763,2022-11-06 08:00,2.7,0,.2,0,1021.8,1026.6,98.4,.02,0
763,2022-11-06 09:00,5.4,0,.2,0,1022.3,1027.1,84.6,.37,.8
763,2022-11-06 10:00,8.7,0,.3,0,1022.2,1026.9,73.8,.96,.9
763,2022-11-06 11:00,11.7,3,.7,0,1021.9,1026.5,62.6,-.96,-.9
763,2022-11-06 12:00,14.2,260.1,1.4,0,1021.3,1025.9,52.3,.96,.9
763,2022-11-06 13:00,14.4,341.3,1.6,0,1020.4,1025,48.2,-.96,-.9
763,2022-11-06 14:00,15.3,253.3,1.3,0,1019.7,1024.3,46.7,.96,.9
763,2022-11-06 15:00,15.2,274.4,2.2,0,1019.2,1023.8,46.1,-.96,-.9
763,2022-11-06 16:00,14.9,238.3,.7,0,1018.7,1023.2,48.6,.96,.9
763,2022-11-06 17:00,13.7,0,.3,0,1018.2,1022.8,54.4,-.96,-.9
763,2022-11-06 18:00,10.6,0,.4,0,1018.7,1023.3,70.9,.96,.9
763,2022-11-06 19:00,8.8,0,.3,0,1018.9,1023.6,78.1,-.96,-.9
763,2022-11-06 20:00,7.5,0,.3,0,1019,1023.7,83,.96,.9
763,2022-11-06 21:00,6.2,0,.2,0,1019.1,1023.8,88.9,-.96,-.9
763,2022-11-06 22:00,6,0,0,0,1019.9,1024.6,93.4,.96,.9
763,2022-11-06 23:00,5.5,0,.4,0,1020.3,1025,95.9,-.96,-.9
763,2022-11-07 00:00,4.9,0,0,0,1020.1,1024.8,98.2,.96,.9
763,2022-11-07 01:00,4.2,0,.2,0,1019.7,1024.5,99,0,0
763,2022-11-07 02:00,3.4,0,.3,0,1019.8,1024.6,97.9,0,0
763,2022-11-07 03:00,2.5,0,.2,0,1019.6,1024.4,99.9,0,0
763,2022-11-07 04:00,3.2,0,.1,0,1019.1,1023.9,99.9,0,0
763,2022-11-07 05:00,2.6,269.7,.6,0,1019.3,1024.1,99.9,0,0
763,2022-11-07 06:00,1.8,0,0,0,1019.4,1024.2,99.9,0,0
763,2022-11-07 07:00,1.4,0,.3,0,1019.5,1024.3,99.9,0,0
763,2022-11-07 08:00,2.7,0,0,0,1020,1024.8,99.9,0,0
763,2022-11-07 09:00,6.3,0,.2,0,1020.3,1025,93.8,.19,1
763,2022-11-07 10:00,9.2,38.4,1.6,0,1020.6,1025.3,76.5,-.19,-1
763,2022-11-07 11:00,11.2,94.5,.6,0,1020.1,1024.7,59.1,.19,1
763,2022-11-07 12:00,14.4,4.6,1,0,1019,1023.6,50.3,-.19,-1
763,2022-11-07 13:00,15.8,16,1.6,0,1018,1022.5,48.4,.19,1
763,2022-11-07 14:00,16.5,39.4,1.3,0,1017,1021.5,43.3,-.19,-1
763,2022-11-07 15:00,16.7,283.1,1.6,0,1016.8,1021.3,41,.19,1
763,2022-11-07 16:00,16.4,276.9,2.1,0,1017.1,1021.6,35.3,-.19,-1
763,2022-11-07 17:00,14.2,0,.1,0,1017.3,1021.9,45.8,.19,1
763,2022-11-07 18:00,12.7,226.7,.7,0,1017.8,1022.4,56.8,-.19,-1
763,2022-11-07 19:00,11.9,0,.4,0,1018.4,1023,62.2,.19,1
763,2022-11-07 20:00,11.1,0,.2,0,1018.9,1023.5,69.1,-.19,-1
763,2022-11-07 21:00,10.1,0,.1,0,1019.2,1023.9,70.8,.19,1
763,2022-11-07 22:00,8.3,0,.1,0,1019.4,1024.1,80.5,-.19,-1
763,2022-11-07 23:00,8.1,0,.1,0,1019.8,1024.5,81.2,.19,1
763,2022-11-08 00:00,8.8,0,.4,0,1019.7,1024.4,79.2,-.19,-1
763,2022-11-08 01:00,6.7,0,.3,0,1019.6,1024.3,88.5,0,0
763,2022-11-08 02:00,6.8,0,.1,0,1019.9,1024.6,90,0,0
763,2022-11-08 03:00,6.1,0,.1,0,1019.9,1024.6,92.3,0,0
763,2022-11-08 04:00,6.5,0,.2,0,1019.7,1024.4,94,0,0
763,2022-11-08 05:00,6.7,290.1,.5,0,1019.6,1024.3,92.2,0,0
763,2022-11-08 06:00,5.6,0,.1,0,1020.2,1024.9,94.5,0,0
763,2022-11-08 07:00,7.3,29.5,.5,0,1020.3,1025,91.1,0,0
763,2022-11-08 08:00,7.9,0,.1,0,1021,1025.7,89,0,0
763,2022-11-08 09:00,9.3,282.9,.6,0,1021.5,1026.2,84,0,0
763,2022-11-08 10:00,12.1,360,.5,0,1021.7,1026.3,72.9,0,0
763,2022-11-08 11:00,13.8,55.2,1.3,0,1021.7,1026.3,64.1,0,0
763,2022-11-08 12:00,16.2,143.6,.9,0,1021.1,1025.6,60.9,5.89,4
763,2022-11-08 13:00,17.2,332.6,1.5,0,1020.5,1025,55.6,3.51,1.9
763,2022-11-08 14:00,17.1,75.6,.8,0,1019.7,1024.2,50,5.65,4.1
763,2022-11-08 15:00,17.6,296.9,1.2,0,1019.4,1023.9,49.6,-5.65,-4.1
763,2022-11-08 16:00,17.2,277.5,1,0,1019.6,1024.1,47.9,5.65,4.1
763,2022-11-08 17:00,15.8,264.9,1.8,0,1019.8,1024.4,62.9,-5.65,-4.1
763,2022-11-08 18:00,13.2,0,.4,0,1020,1024.6,81.9,5.65,4.1
763,2022-11-08 19:00,10.8,0,.4,0,1020.4,1025,91,-5.65,-4.1
763,2022-11-08 20:00,9.2,0,.1,0,1020.5,1025.2,95.1,5.65,4.1
763,2022-11-08 21:00,8.6,0,.1,0,1020.7,1025.4,98.8,-5.65,-4.1
763,2022-11-08 22:00,7.7,0,.1,0,1021,1025.7,99.9,5.65,4.1
763,2022-11-08 23:00,7.3,0,0,0,1021.3,1026,99.9,-5.65,-4.1
763,2022-11-09 00:00,7.9,0,.1,0,1021.3,1026,99.9,5.65,4.1
763,2022-11-09 01:00,8.4,0,0,0,1021.5,1026.2,99.9,0,0
763,2022-11-09 02:00,8.6,0,.1,0,1021.7,1026.4,99.9,0,0
763,2022-11-09 03:00,9,0,0,0,1021.7,1026.4,99.9,0,0
763,2022-11-09 04:00,9.8,0,.1,0,1021.5,1026.2,99.9,0,0
763,2022-11-09 05:00,10.3,0,.4,0,1021.8,1026.5,99.9,0,0
763,2022-11-09 06:00,10.1,0,0,0,1022.1,1026.8,99.8,0,0
763,2022-11-09 07:00,10,0,.2,0,1022.3,1027,99.9,0,0
763,2022-11-09 08:00,10,25.1,.8,0,1022.3,1027,98.8,0,0
763,2022-11-09 09:00,10.5,89.4,1,0,1022.7,1027.4,90.9,0,0
763,2022-11-09 10:00,10.9,33.3,.9,0,1022.6,1027.3,86.5,0,0
763,2022-11-09 11:00,12.6,41.1,1.3,0,1022.2,1026.8,77.9,0,0
763,2022-11-09 12:00,14.2,360,1.2,0,1021.7,1026.3,68,0,0
763,2022-11-09 13:00,15.3,358.3,1.2,0,1020.9,1025.5,50.6,0,0
763,2022-11-09 14:00,16.2,21.7,1.5,0,1020.2,1024.7,46.3,0,0
763,2022-11-09 15:00,16.1,336.9,1.1,0,1019.8,1024.3,47.2,0,0
763,2022-11-09 16:00,15.8,330.8,.8,0,1019.7,1024.3,50,0,0
763,2022-11-09 17:00,14.1,0,.1,0,1019.7,1024.3,62.6,0,0
763,2022-11-09 18:00,11.6,0,.1,0,1020.1,1024.7,71,0,0
763,2022-11-09 19:00,10.2,0,0,0,1020.6,1025.3,77.4,0,0
763,2022-11-09 20:00,8.9,0,0,0,1020.7,1025.4,83.7,0,0
763,2022-11-09 21:00,7.5,0,.2,0,1020.8,1025.5,91.2,0,0
763,2022-11-09 22:00,7.2,0,0,0,1020.7,1025.4,93.9,0,0
763,2022-11-09 23:00,6.8,0,0,0,1020.6,1025.3,95.5,0,0
763,2022-11-10 00:00,6.4,0,0,0,1020.4,1025.1,96.8,0,0
763,2022-11-10 01:00,5.7,0,0,0,1020.4,1025.1,99.8,0,0
763,2022-11-10 02:00,5.3,0,0,0,1020,1024.7,99.8,0,0
763,2022-11-10 03:00,4.9,0,.2,0,1019.9,1024.6,99.9,0,0
763,2022-11-10 04:00,4.5,0,.1,0,1019.8,1024.5,99.9,0,0
763,2022-11-10 05:00,4.7,0,0,0,1019.7,1024.4,99.9,0,0
763,2022-11-10 06:00,3.8,0,.1,0,1019.9,1024.7,99.9,0,0
763,2022-11-10 07:00,3.7,0,.3,0,1020.1,1024.9,99.9,0,0
763,2022-11-10 08:00,5,0,.1,0,1020.9,1025.7,99.9,0,0
763,2022-11-10 09:00,7.7,0,.2,0,1021.2,1025.9,92.6,0,0
763,2022-11-10 10:00,10.2,71,.7,0,1020.9,1025.6,75.7,0,0
763,2022-11-10 11:00,14.3,75.8,.6,0,1020.9,1025.5,61.7,0,0
763,2022-11-10 12:00,18.7,354.4,1.6,0,1020.1,1024.6,37.9,0,0
763,2022-11-10 13:00,19.4,9.7,1.9,0,1019.2,1023.7,38,0,0
763,2022-11-10 14:00,20.1,21.5,2.1,0,1018.4,1022.9,33.4,0,0
763,2022-11-10 15:00,19.8,8.4,2.4,0,1018.4,1022.8,41.3,0,0
763,2022-11-10 16:00,18.9,9.8,1.1,0,1018.5,1023,44.4,0,0
763,2022-11-10 17:00,17.7,326.8,.5,0,1018.9,1023.4,50.5,0,0
763,2022-11-10 18:00,12.8,0,0,0,1019.3,1023.9,71.1,0,0
763,2022-11-10 19:00,11,0,0,0,1019.6,1024.2,78.3,0,0
763,2022-11-10 20:00,10.9,0,.1,0,1019.8,1024.4,78.8,0,0
763,2022-11-10 21:00,9.7,0,0,0,1020.1,1024.8,83.9,0,0
763,2022-11-10 22:00,10.1,0,.2,0,1020.4,1025.1,80.5,0,0
763,2022-11-10 23:00,8.3,0,0,0,1020.7,1025.4,89.8,0,0
763,2022-11-11 00:00,8,0,0,0,1020.6,1025.3,92.3,0,0
763,2022-11-11 01:00,7.4,0,.1,0,1020.3,1025,92.9,0,0
763,2022-11-11 02:00,7,0,0,0,1020.6,1025.3,95.5,0,0
763,2022-11-11 03:00,6.3,0,.1,0,1020.7,1025.4,97.7,0,0
763,2022-11-11 04:00,6.7,0,0,0,1020.4,1025.1,98.6,0,0
763,2022-11-11 05:00,6.4,0,.1,0,1020.5,1025.2,98.5,0,0
763,2022-11-11 06:00,5.9,0,0,0,1020.8,1025.5,99.9,0,0
763,2022-11-11 07:00,5.5,0,0,0,1021.2,1025.9,99.9,0,0
763,2022-11-11 08:00,6.6,0,0,0,1021.6,1026.3,99.9,0,0
763,2022-11-11 09:00,10.5,26.8,.6,0,1022.2,1026.9,79.1,0,0
763,2022-11-11 10:00,13.9,4.5,.5,0,1022.1,1026.7,67.5,0,0
763,2022-11-11 11:00,16.9,356.8,1,0,1021.8,1026.3,51.4,0,0
763,2022-11-11 12:00,19.2,34.6,.9,0,1021.2,1025.7,44.1,0,0
763,2022-11-11 13:00,20.9,0,.4,0,1020.2,1024.7,40.7,0,0
763,2022-11-11 14:00,21.8,315.1,.7,0,1019.6,1024,40.4,0,0
763,2022-11-11 15:00,21.8,303.2,1.2,0,1019.1,1023.5,37.6,0,0
763,2022-11-11 16:00,21.4,299.2,.7,0,1019.1,1023.5,39.2,0,0
763,2022-11-11 17:00,18.6,0,.2,0,1019.3,1023.8,52.5,0,0
763,2022-11-11 18:00,14.9,0,0,0,1019.4,1024,67.6,0,0
763,2022-11-11 19:00,13.9,0,0,0,1019.6,1024.2,69.9,0,0
763,2022-11-11 20:00,13,0,.1,0,1019.6,1024.2,73.8,0,0
763,2022-11-11 21:00,12,0,.1,0,1019.6,1024.2,78,0,0
763,2022-11-11 22:00,11.2,0,0,0,1019.6,1024.2,80.8,0,0
763,2022-11-11 23:00,10,0,0,0,1019.4,1024.1,88.5,0,0
763,2022-11-12 00:00,9.4,0,0,0,1019.1,1023.8,90,0,0
763,2022-11-12 01:00,9.2,0,0,0,1019.1,1023.8,90.3,0,0
763,2022-11-12 02:00,8.6,0,0,0,1018.6,1023.3,92.4,0,0
763,2022-11-12 03:00,8.6,0,.1,0,1017.8,1022.5,95.9,0,0
763,2022-11-12 04:00,8.2,265,.5,0,1017.6,1022.3,97.8,0,0
763,2022-11-12 05:00,8.3,0,.2,0,1017.3,1022,99.5,0,0
763,2022-11-12 06:00,8.6,0,.1,0,1017.1,1021.8,97.7,0,0
763,2022-11-12 07:00,9.8,0,.3,0,1016.7,1021.3,94.2,0,0
763,2022-11-12 08:00,10.9,23.7,.7,0,1016.5,1021.1,87.9,0,0
763,2022-11-12 09:00,13.2,10.3,1,0,1016,1020.6,77.6,.24,.6
763,2022-11-12 10:00,16,4.1,1,0,1015.9,1020.4,69.6,-.24,-.6
763,2022-11-12 11:00,21.5,215.7,.9,0,1014.4,1018.8,55,.24,.6
763,2022-11-12 12:00,22.5,139.5,2.1,0,1013.1,1017.5,52.5,-.24,-.6
763,2022-11-12 13:00,23.3,172.9,.8,0,1011.8,1016.2,53.7,.24,.6
763,2022-11-12 14:00,24.2,195.4,1.1,0,1010.5,1014.8,51.4,-.24,-.6
763,2022-11-12 15:00,23.7,213.9,1.5,0,1010,1014.4,54.7,.24,.6
763,2022-11-12 16:00,22.5,163.2,1.2,0,1009.8,1014.2,62.7,-.24,-.6
763,2022-11-12 17:00,22.2,180.2,1.6,0,1009.3,1013.7,63.8,.24,.6
763,2022-11-12 18:00,20.3,159.7,1.2,1,1008.6,1013,73.9,-.24,-.6
763,2022-11-12 19:00,20.5,152.3,1.7,0,1008.3,1012.7,71.3,.24,.6
763,2022-11-12 20:00,19.9,166.7,2,0,1007.5,1011.9,78.1,-.24,-.6
763,2022-11-12 21:00,20,158.7,1.9,0,1006.6,1011,78.9,.24,.6
763,2022-11-12 22:00,20.6,168.3,1.3,0,1006.3,1010.7,77.1,-.24,-.6
763,2022-11-12 23:00,20,186.8,1.8,0,1005.8,1010.2,85.5,.24,.6
763,2022-11-13 00:00,19,201.3,1.6,10.5,1005.4,1009.8,99.8,-.24,-.6
763,2022-11-13 01:00,18.3,245.1,3.3,.5,1006.1,1010.5,98,0,0
763,2022-11-13 02:00,16.9,250.1,1.8,0,1006.4,1010.9,99.7,0,0
763,2022-11-13 03:00,14.6,254,3.5,0,1007.5,1012,96.3,0,0
763,2022-11-13 04:00,13.2,258.5,2.7,.5,1008,1012.5,96.3,0,0
763,2022-11-13 05:00,12.1,268.1,2.5,0,1008.7,1013.3,91.1,0,0
763,2022-11-13 06:00,11.4,266.3,2.6,0,1009,1013.6,92,0,0
763,2022-11-13 07:00,10.9,265.5,2.6,0,1009.4,1014,87.8,0,0
763,2022-11-13 08:00,10.8,262.3,2,0,1010.4,1015,85.4,0,0
763,2022-11-13 09:00,10.8,267.1,2.3,0,1011,1015.6,82.3,0,0
763,2022-11-13 10:00,11,270.4,2.7,0,1011.3,1015.9,77.8,0,0
763,2022-11-13 11:00,11.3,256.5,2,0,1011.6,1016.2,76.8,0,0
763,2022-11-13 12:00,11.5,269.3,1.8,0,1011.7,1016.3,72.9,0,0
763,2022-11-13 13:00,12,290.3,2.4,0,1011.6,1016.2,67.4,0,0
763,2022-11-13 14:00,11.8,269.5,1.7,0,1011.4,1016,68.1,0,0
763,2022-11-13 15:00,11.8,290.7,1.6,0,1011.2,1015.8,69.6,0,0
763,2022-11-13 16:00,11.7,267.7,1.3,0,1011.8,1016.4,70.8,0,0
763,2022-11-13 17:00,11.2,268.6,1.9,0,1013.1,1017.7,73.4,0,0
763,2022-11-13 18:00,10.9,267.3,1.1,0,1013.7,1018.3,75,0,0
763,2022-11-13 19:00,10.6,0,.1,0,1014.3,1018.9,76.7,0,0
763,2022-11-13 20:00,10.4,0,.4,0,1014.6,1019.2,82.2,0,0
763,2022-11-13 21:00,10.4,336.7,.6,0,1014.8,1019.4,82.2,0,0
763,2022-11-13 22:00,9.8,346.1,.9,0,1015.3,1019.9,83.6,0,0
763,2022-11-13 23:00,9.2,0,.1,0,1015.6,1020.2,89.1,0,0
763,2022-11-14 00:00,8.8,0,.1,0,1015.3,1019.9,93,0,0
763,2022-11-14 01:00,9.1,0,.1,0,1015.1,1019.7,92.1,0,0
763,2022-11-14 02:00,9,0,.4,0,1015.4,1020,93.5,0,0
763,2022-11-14 03:00,9.1,290,.7,0,1015.7,1020.3,93.5,0,0
763,2022-11-14 04:00,9,0,0,0,1015.5,1020.1,91.2,0,0
763,2022-11-14 05:00,9.1,0,.1,0,1015.3,1019.9,92.2,0,0
763,2022-11-14 06:00,9.1,0,.1,0,1015,1019.6,93.6,0,0
763,2022-11-14 07:00,9.3,0,.3,0,1014.6,1019.2,90.7,0,0
763,2022-11-14 08:00,9.3,0,.4,0,1015,1019.6,91,0,0
763,2022-11-14 09:00,9.9,0,0,0,1015.6,1020.2,89.5,0,0
763,2022-11-14 10:00,10.7,0,.4,0,1015.7,1020.3,81.8,0,0
763,2022-11-14 11:00,11.5,262.6,.6,0,1015.1,1019.7,77.1,0,0
763,2022-11-14 12:00,12,237.7,.9,0,1013.8,1018.4,75.8,0,0
763,2022-11-14 13:00,13.9,218.3,.9,0,1013.7,1018.2,65.6,2.86,.1
763,2022-11-14 14:00,13.1,258.9,2.2,0,1013,1017.6,65,-2.86,-.1
763,2022-11-14 15:00,13.4,252.8,2.6,0,1012.5,1017.1,61.1,12.15,1
763,2022-11-14 16:00,11.5,259.5,4.1,0,1012.9,1017.5,65.5,-2.13,.4
763,2022-11-14 17:00,10.5,274.7,2.6,0,1013.4,1018,66.6,2.13,-.4
763,2022-11-14 18:00,9.2,251.8,.8,0,1013.7,1018.3,71.5,-2.13,.4
763,2022-11-14 19:00,8,0,.4,0,1013.9,1018.6,79.2,10.82,.9
763,2022-11-14 20:00,6.3,0,.1,0,1014,1018.7,88.7,-.35,.3
763,2022-11-14 21:00,8.6,250.4,.8,0,1014.4,1019,71.9,10.41,.2
763,2022-11-14 22:00,7.4,0,.1,0,1014.3,1019,83.5,-10.41,-.2
763,2022-11-14 23:00,6.9,0,.1,0,1014.4,1019.1,87.2,10.41,.2
763,2022-11-15 00:00,6,0,.1,0,1014.5,1019.2,90,-1.72,1.1
763,2022-11-15 01:00,5.3,0,.1,0,1014.2,1018.9,90,0,0
763,2022-11-15 02:00,3.8,0,.2,0,1013.9,1018.6,93.4,0,0
763,2022-11-15 03:00,3.4,0,0,0,1013.7,1018.4,93.9,0,0
763,2022-11-15 04:00,2.5,0,.1,0,1013.6,1018.4,99.7,0,0
763,2022-11-15 05:00,2.3,0,.1,0,1013.7,1018.5,99.1,0,0
763,2022-11-15 06:00,1.7,0,.1,0,1013.6,1018.4,99.9,0,0
763,2022-11-15 07:00,2.4,0,.2,0,1013.5,1018.3,99.9,0,0
763,2022-11-15 08:00,3.4,0,.4,0,1014.1,1018.8,99.9,.01,0
763,2022-11-15 09:00,5.5,270.7,.8,0,1014.1,1018.8,94.2,-.01,0
763,2022-11-15 10:00,8.5,280,.9,0,1014.1,1018.8,81.1,.01,0
763,2022-11-15 11:00,11,267.9,.9,0,1014.3,1018.9,65.4,2.45,3.5
763,2022-11-15 12:00,12.3,245,1.5,0,1013.8,1018.4,61.2,-2.45,-3.5
763,2022-11-15 13:00,12.8,283.4,2.8,0,1012.9,1017.5,59.5,2.45,3.5
763,2022-11-15 14:00,13.4,265.9,2.4,0,1012.2,1016.8,53.2,7.86,2.4
763,2022-11-15 15:00,13.4,284.4,3.5,0,1012.3,1016.9,52,-7.86,-2.4
763,2022-11-15 16:00,12.8,255,3.1,0,1012.6,1017.2,50.3,7.86,2.4
763,2022-11-15 17:00,12,258.5,2.1,0,1013,1017.6,57.6,-7.86,-2.4
763,2022-11-15 18:00,9.6,0,.2,0,1013.4,1018,71,7.86,2.4
763,2022-11-15 19:00,7.5,0,.2,0,1013.9,1018.6,85.1,-7.86,-2.4
763,2022-11-15 20:00,7.1,0,.3,0,1014,1018.7,84.2,7.86,2.4
763,2022-11-15 21:00,7.4,0,.2,0,1014,1018.7,82,-7.86,-2.4
763,2022-11-15 22:00,10.2,173.6,.7,0,1014,1018.6,69,21.09,10.5
763,2022-11-15 23:00,10.7,180.8,.9,0,1013.8,1018.4,66,-21.09,-10.5
763,2022-11-16 00:00,10.7,210.7,1,0,1013.8,1018.4,66.1,21.09,10.5
763,2022-11-16 01:00,9.4,58.9,.6,0,1013.7,1018.3,75.6,0,0
763,2022-11-16 02:00,9.1,352,.6,0,1013.7,1018.3,78.9,0,0
763,2022-11-16 03:00,8.3,250.7,.5,0,1014.3,1019,94.9,0,0
763,2022-11-16 04:00,8.3,0,.3,.5,1014.1,1018.8,99.1,0,0
763,2022-11-16 05:00,6.8,0,.1,0,1014.1,1018.8,99.9,0,0
763,2022-11-16 06:00,5.9,0,0,0,1014.6,1019.3,99.9,0,0
763,2022-11-16 07:00,4.9,0,0,0,1014.9,1019.6,99.9,0,0
763,2022-11-16 08:00,5.2,0,0,0,1015.5,1020.2,99.9,0,0
763,2022-11-16 09:00,5.6,0,.4,0,1016.5,1021.2,99.9,0,0
763,2022-11-16 10:00,10.4,0,.2,0,1017,1021.6,95.1,0,0
763,2022-11-16 11:00,12.6,304.4,1.2,0,1017.1,1021.7,67,0,0
763,2022-11-16 12:00,13.5,42.9,1.2,0,1016.8,1021.4,57.4,0,0
763,2022-11-16 13:00,13.6,343.1,1.3,0,1016.5,1021.1,60.5,0,0
763,2022-11-16 14:00,13.2,323.7,1.5,0,1016.2,1020.8,55.6,0,0
763,2022-11-16 15:00,13.8,6.7,1.2,0,1015.9,1020.5,52.3,0,0
763,2022-11-16 16:00,13.7,16.2,1.7,0,1015.9,1020.5,55,0,0
763,2022-11-16 17:00,11.3,0,.1,0,1016.3,1020.9,68.2,0,0
763,2022-11-16 18:00,8.7,0,0,0,1016.5,1021.2,76.7,0,0
763,2022-11-16 19:00,7.2,0,.2,0,1017.2,1021.9,85.1,0,0
763,2022-11-16 20:00,6.6,0,.3,0,1017.9,1022.6,88.2,0,0
763,2022-11-16 21:00,5.5,0,.3,0,1018.1,1022.8,92.7,0,6.2
763,2022-11-16 22:00,5.1,0,0,0,1018.1,1022.8,94.8,0,2
763,2022-11-16 23:00,5.6,0,0,0,1018.2,1022.9,95.1,0,-2
763,2022-11-17 00:00,5.4,0,.1,0,1018.3,1023,95.5,0,2
763,2022-11-17 01:00,4.5,0,.1,0,1018,1022.7,99,0,0
763,2022-11-17 02:00,4.8,0,.1,0,1018,1022.7,99.5,0,0
763,2022-11-17 03:00,4,0,0,0,1018.4,1023.2,99.9,0,0
763,2022-11-17 04:00,4.5,0,.3,0,1018.6,1023.3,99.9,0,0
763,2022-11-17 05:00,4.1,0,.4,0,1018.9,1023.7,99.9,0,0
763,2022-11-17 06:00,3.6,0,.2,0,1019,1023.8,99.9,0,0
763,2022-11-17 07:00,2.9,0,0,0,1018.8,1023.6,99.9,0,0
763,2022-11-17 08:00,3,0,0,0,1019.4,1024.2,99.9,0,0
763,2022-11-17 09:00,5.6,0,.2,0,1020,1024.7,88.6,0,0
763,2022-11-17 10:00,7.6,16.8,.9,0,1020.4,1025.1,76,0,0
763,2022-11-17 11:00,10.5,0,.4,0,1020.3,1025,61.9,0,0
763,2022-11-17 12:00,14.1,21.6,1.4,0,1019.3,1023.9,52.1,0,0
763,2022-11-17 13:00,15.3,15.5,2.2,0,1018.3,1022.9,44.9,0,0
763,2022-11-17 14:00,16,21.2,2.5,0,1018,1022.5,42.7,0,0
763,2022-11-17 15:00,16.2,13.6,2.4,0,1017.8,1022.3,40.4,11.07,6.8
763,2022-11-17 16:00,15.6,351.3,1.4,0,1018,1022.6,42.9,-11.07,-6.8
763,2022-11-17 17:00,14.5,21.1,1,0,1018.5,1023.1,46.3,11.07,6.8
763,2022-11-17 18:00,9.5,0,0,0,1018.8,1023.5,70.7,-11.07,-6.8
763,2022-11-17 19:00,7.5,0,.1,0,1019.6,1024.3,81.5,22.19,13.1
763,2022-11-17 20:00,6.5,0,.1,0,1020,1024.7,84.5,-22.19,-13.1
763,2022-11-17 21:00,5.7,0,0,0,1020.2,1024.9,86.7,22.19,13.1
763,2022-11-17 22:00,5.7,0,.1,0,1020.6,1025.3,85.3,-22.19,-13.1
763,2022-11-17 23:00,4.7,0,0,0,1020.7,1025.4,89,22.19,13.1
763,2022-11-18 00:00,3.9,0,0,0,1020.8,1025.6,92.3,-22.19,-13.1
763,2022-11-18 01:00,3.4,0,.2,0,1020.5,1025.3,95.1,0,0
763,2022-11-18 02:00,2.9,0,0,0,1020.8,1025.6,97.2,0,0
763,2022-11-18 03:00,2.6,0,0,0,1021.4,1026.2,99.4,0,0
763,2022-11-18 04:00,1.9,0,0,0,1021.4,1026.2,99.6,0,0
763,2022-11-18 05:00,1.7,0,0,0,1021,1025.8,99.9,0,0
763,2022-11-18 06:00,1.3,0,0,0,1021.5,1026.3,99.9,0,0
763,2022-11-18 07:00,1.4,0,.3,0,1021.8,1026.6,99.9,0,0
763,2022-11-18 08:00,2.1,0,0,0,1022.4,1027.2,99.9,0,0
763,2022-11-18 09:00,6.1,0,.1,0,1022.8,1027.5,80.5,0,0
763,2022-11-18 10:00,8.6,0,.3,0,1022.6,1027.3,76.5,0,0
763,2022-11-18 11:00,14.1,11.3,2.2,0,1022.2,1026.8,50,0,0
763,2022-11-18 12:00,16.5,25.8,3,0,1021.7,1026.2,36.4,0,0
763,2022-11-18 13:00,17.7,26.5,3.8,0,1020.6,1025.1,25.9,0,0
763,2022-11-18 14:00,18.2,15.3,3.2,0,1019.9,1024.4,25.3,0,0
763,2022-11-18 15:00,18.3,25.3,2.7,0,1019.2,1023.7,28.5,0,0
763,2022-11-18 16:00,17.8,359,1.8,0,1019.4,1023.9,31.5,0,0
763,2022-11-18 17:00,16.1,312.2,.7,0,1019.6,1024.1,36.7,0,0
763,2022-11-18 18:00,10.8,0,.2,0,1019.8,1024.4,59.1,0,0
763,2022-11-18 19:00,7.7,0,.1,0,1020.4,1025.1,73.7,12.5,9
763,2022-11-18 20:00,7.1,0,.2,0,1020.6,1025.3,75.5,0,0
763,2022-11-18 21:00,7.6,0,.1,0,1020.5,1025.2,67.6,0,0
763,2022-11-18 22:00,5.1,0,.2,0,1020.2,1025,83.4,0,0
763,2022-11-18 23:00,5.3,0,.1,0,1019.9,1024.6,77.8,0,0
763,2022-11-19 00:00,4.1,0,0,0,1020.1,1024.9,84.6,0,0
763,2022-11-19 01:00,3.7,0,0,0,1019.7,1024.5,85.3,0,0
763,2022-11-19 02:00,3.2,0,0,0,1019.8,1024.6,88.5,0,0
763,2022-11-19 03:00,2.9,0,0,0,1020,1024.8,90.4,0,0
763,2022-11-19 04:00,2.2,0,.1,0,1019.5,1024.3,94.5,0,0
763,2022-11-19 05:00,1.7,0,.2,0,1019,1023.8,94.6,0,0
763,2022-11-19 06:00,1.6,0,0,0,1018.9,1023.7,94.2,0,0
763,2022-11-19 07:00,1.9,0,.1,0,1018.9,1023.7,94.1,0,0
763,2022-11-19 08:00,3.7,0,.1,0,1019.6,1024.4,90.2,0,0
763,2022-11-19 09:00,7.3,0,0,0,1019.7,1024.4,75.4,0,0
763,2022-11-19 10:00,11.5,0,.2,0,1019.8,1024.4,62.9,0,0
763,2022-11-19 11:00,14.2,265,.5,0,1019.3,1023.9,56.2,0,0
763,2022-11-19 12:00,16.9,28.2,.8,0,1018.1,1022.6,47.8,0,0
763,2022-11-19 13:00,17.9,12.7,1,0,1016.7,1021.2,37.3,0,0
763,2022-11-19 14:00,19.1,4.1,1.1,0,1015.6,1020,36.6,0,0
763,2022-11-19 15:00,19.2,339.4,1.5,0,1014.6,1019,30.3,0,0
763,2022-11-19 16:00,18.8,338.5,1.8,0,1014.7,1019.2,33.6,0,0
763,2022-11-19 17:00,17.4,326.6,1,0,1015.1,1019.6,43,0,0
763,2022-11-19 18:00,12.1,0,.1,0,1015.4,1020,64.2,0,0
763,2022-11-19 19:00,9.6,0,0,0,1015.6,1020.2,78,0,0
763,2022-11-19 20:00,10.3,0,.1,0,1015.6,1020.2,75.4,10.28,5
763,2022-11-19 21:00,9.3,0,0,0,1015.7,1020.3,77.9,-10.28,-5
763,2022-11-19 22:00,7.9,0,0,0,1016,1020.7,84.1,10.28,5
763,2022-11-19 23:00,7.3,0,0,0,1016.1,1020.8,87.4,-10.28,-5
763,2022-11-20 00:00,7.8,0,.1,0,1015.9,1020.6,84.4,10.28,5
763,2022-11-20 01:00,8.8,0,.4,0,1015.7,1020.4,79.9,0,0
763,2022-11-20 02:00,8.3,0,.3,0,1015.4,1020.1,84.2,0,0
763,2022-11-20 03:00,8.7,0,0,0,1015.6,1020.3,82.9,0,0
763,2022-11-20 04:00,8.3,0,.1,0,1015.2,1019.9,87.4,0,0
763,2022-11-20 05:00,8.5,0,.1,0,1015.1,1019.8,88.5,0,0
763,2022-11-20 06:00,8.5,0,.1,0,1015.2,1019.9,88.8,0,0
763,2022-11-20 07:00,8.4,0,0,0,1015.2,1019.9,90.8,0,0
763,2022-11-20 08:00,9.1,0,0,0,1015.6,1020.2,89,0,0
763,2022-11-20 09:00,11.8,340.2,.6,0,1016.2,1020.8,77.7,.03,0
763,2022-11-20 10:00,12.3,57.3,.9,0,1016.3,1020.9,72.4,-.03,0
763,2022-11-20 11:00,15.3,34.4,1.1,0,1015.8,1020.4,61.6,.03,0
763,2022-11-20 12:00,16.6,293.9,1.5,0,1015.1,1019.6,59.2,-.03,0
763,2022-11-20 13:00,17.7,313.5,1,0,1014.2,1018.7,50.8,.03,0
763,2022-11-20 14:00,18,315.4,.8,0,1013.6,1018.1,49.4,-.03,0
763,2022-11-20 15:00,18.2,268.8,1.1,0,1013.4,1017.9,45.5,.03,0
763,2022-11-20 16:00,18.6,336.8,.7,0,1013.6,1018.1,37.3,-.03,0
763,2022-11-20 17:00,16.3,0,.2,0,1014.2,1018.7,49.7,.03,0
763,2022-11-20 18:00,12.1,0,0,0,1014.2,1018.8,66.9,-.03,0
763,2022-11-20 19:00,10.9,0,0,0,1014.8,1019.4,69.1,.03,0
763,2022-11-20 20:00,9.6,0,.1,0,1015,1019.6,75.4,-.03,0
763,2022-11-20 21:00,8.9,0,.2,0,1015.2,1019.8,75.2,.03,0
763,2022-11-20 22:00,8.3,0,0,0,1015.3,1020,77.6,-.03,0
763,2022-11-20 23:00,7,0,0,0,1015.7,1020.4,86,.03,0
763,2022-11-21 00:00,6.5,0,.1,0,1016.2,1020.9,89.6,-.03,0
763,2022-11-21 01:00,6.4,0,0,0,1016.6,1021.3,90.6,0,0
763,2022-11-21 02:00,6.3,0,.1,0,1016.8,1021.5,92.3,0,0
763,2022-11-21 03:00,5.6,0,0,0,1016.3,1021,93.8,0,0
763,2022-11-21 04:00,5.1,0,.3,0,1015.7,1020.4,96.1,0,0
763,2022-11-21 05:00,4.3,0,0,0,1016,1020.7,98,0,0
763,2022-11-21 06:00,4.4,0,0,0,1016.9,1021.6,99.8,0,0
763,2022-11-21 07:00,4.3,0,0,0,1017.2,1021.9,99.9,0,0
763,2022-11-21 08:00,4.7,0,.1,0,1017.8,1022.5,99.9,0,0
763,2022-11-21 09:00,7.9,0,.1,0,1018.3,1023,92.8,0,0
763,2022-11-21 10:00,10,273.3,.9,0,1018.5,1023.2,83.1,0,0
763,2022-11-21 11:00,12.9,0,.4,0,1017.6,1022.2,69.5,0,0
763,2022-11-21 12:00,14.9,0,.4,0,1016.7,1021.2,65,0,0
763,2022-11-21 13:00,17.1,303.7,1.6,0,1016.2,1020.7,57.2,0,0
763,2022-11-21 14:00,17.6,264.2,1.5,0,1015.6,1020.1,33.7,0,0
763,2022-11-21 15:00,18.2,278.2,1,0,1015.5,1020,36.6,0,0
763,2022-11-21 16:00,17.8,284.7,3,0,1015.8,1020.3,45.7,0,0
763,2022-11-21 17:00,15.9,242.4,.5,0,1016.1,1020.6,53.4,0,0
763,2022-11-21 18:00,12.3,0,.1,0,1016.6,1021.2,68.6,0,0
763,2022-11-21 19:00,11,0,0,0,1016.9,1021.5,73.6,0,0
763,2022-11-21 20:00,10.4,0,.4,0,1017.4,1022,76.8,0,0
763,2022-11-21 21:00,8.9,0,.1,0,1017.3,1022,83.1,0,0
763,2022-11-21 22:00,8.2,0,.1,0,1018,1022.7,87.4,0,0
763,2022-11-21 23:00,7.7,0,0,0,1018.4,1023.1,90.1,0,0
763,2022-11-22 00:00,7.9,0,0,0,1018.3,1023,89.3,0,0
763,2022-11-22 01:00,7.4,0,0,0,1018.3,1023,91.7,0,0
763,2022-11-22 02:00,7.8,0,0,0,1018.2,1022.9,91.4,0,0
763,2022-11-22 03:00,7.9,0,0,0,1018.1,1022.8,92.9,0,0
763,2022-11-22 04:00,7.8,0,0,0,1017.6,1022.3,93.1,0,0
763,2022-11-22 05:00,8.2,0,.2,0,1017.4,1022.1,90.1,0,0
763,2022-11-22 06:00,8,0,.2,0,1017.1,1021.8,94.2,0,0
763,2022-11-22 07:00,8.3,0,.2,0,1017,1021.7,92.9,0,0
763,2022-11-22 08:00,8.7,285.4,.5,0,1017.1,1021.8,93.4,0,0
763,2022-11-22 09:00,10.6,0,.1,0,1017.2,1021.8,85,0,0
763,2022-11-22 10:00,12,0,.1,0,1016.6,1021.2,82,.69,.1
763,2022-11-22 11:00,14.3,344.5,.8,0,1016.2,1020.8,67.7,-.69,-.1
763,2022-11-22 12:00,15.1,336.9,.8,0,1015.4,1020,59.9,.69,.1
763,2022-11-22 13:00,15.2,359.7,1.3,0,1014.7,1019.2,58.7,-.69,-.1
763,2022-11-22 14:00,15.5,3.7,1.1,0,1014.2,1018.7,59.1,.69,.1
763,2022-11-22 15:00,14.7,319.3,1.3,0,1014.6,1019.1,64.6,-.69,-.1
763,2022-11-22 16:00,12.9,290.9,.7,0,1015.1,1019.7,82.3,.69,.1
763,2022-11-22 17:00,12.1,0,.2,0,1015.5,1020.1,96,-.69,-.1
763,2022-11-22 18:00,11.1,0,0,0,1015.2,1019.8,99.9,.69,.1
763,2022-11-22 19:00,10.5,0,0,0,1014.8,1019.4,99.9,-.69,-.1
763,2022-11-22 20:00,10,0,0,0,1014.1,1018.7,99.9,.69,.1
763,2022-11-22 21:00,9.8,0,.1,0,1014.3,1018.9,99.9,-.69,-.1
763,2022-11-22 22:00,9.8,0,0,0,1013.8,1018.4,99.9,.69,.1
763,2022-11-22 23:00,9.1,0,0,0,1012.8,1017.4,99.9,-.69,-.1
763,2022-11-23 00:00,9,0,.2,0,1012.5,1017.1,99.9,.69,.1
763,2022-11-23 01:00,9.9,0,0,0,1012.4,1017,99.9,0,0
763,2022-11-23 02:00,9.7,0,.4,0,1012.5,1017.1,99.9,0,0
763,2022-11-23 03:00,10.2,0,.1,0,1012.4,1017,98.3,0,0
763,2022-11-23 04:00,9.2,0,.1,0,1012.1,1016.7,99.9,0,0
763,2022-11-23 05:00,8.2,0,0,0,1012,1016.6,99.9,0,0
763,2022-11-23 06:00,7.2,0,0,0,1012.4,1017.1,99.9,0,0
763,2022-11-23 07:00,7.3,0,0,0,1012.7,1017.4,99.9,0,0
763,2022-11-23 08:00,7.4,0,.3,0,1013.1,1017.8,99.9,0,0
763,2022-11-23 09:00,9.5,0,0,0,1013.4,1018,99.9,0,0
763,2022-11-23 10:00,11.2,74.6,.8,0,1013.1,1017.7,83.4,0,0
763,2022-11-23 11:00,13.2,338.7,1.4,0,1013.5,1018.1,68.7,0,0
763,2022-11-23 12:00,14.7,335,1.4,0,1013.2,1017.7,62,0,0
763,2022-11-23 13:00,15.6,344.7,2.2,0,1012.6,1017.1,58.9,0,0
763,2022-11-23 14:00,16.1,318.4,2.2,0,1012.4,1016.9,53.6,0,0
763,2022-11-23 15:00,16.1,350.7,2.3,0,1012.6,1017.1,53,0,0
763,2022-11-23 16:00,15.2,342.7,1.5,0,1012.8,1017.3,55.3,0,0
763,2022-11-23 17:00,14,333.2,1.1,0,1013.2,1017.7,40.1,0,0
763,2022-11-23 18:00,12.2,319.6,1.3,0,1013.2,1017.8,38.2,0,0
763,2022-11-23 19:00,7.7,0,.1,0,1013.6,1018.3,66.4,0,0
763,2022-11-23 20:00,5.8,0,0,0,1014.2,1018.9,74,0,0
763,2022-11-23 21:00,5.5,0,.3,0,1014.4,1019.1,74.8,0,0
763,2022-11-23 22:00,4.6,0,.1,0,1014.9,1019.6,74.6,0,0
763,2022-11-23 23:00,4,0,.1,0,1015.5,1020.2,79,0,0
763,2022-11-24 00:00,3.3,0,.2,0,1015.7,1020.5,82.4,0,0
763,2022-11-24 01:00,3.4,0,0,0,1015.8,1020.6,85.2,0,0
763,2022-11-24 02:00,3.2,0,.1,0,1016.4,1021.2,88.8,0,0
763,2022-11-24 03:00,3.8,122.5,.5,0,1017,1021.8,86.6,0,0
763,2022-11-24 04:00,3.5,0,0,0,1017.3,1022.1,86.8,0,0
763,2022-11-24 05:00,3.6,0,.2,0,1016.9,1021.7,89.1,0,0
763,2022-11-24 06:00,3.5,0,0,0,1016.3,1021.1,91,0,0
763,2022-11-24 07:00,2.9,0,.3,0,1016.8,1021.6,93.6,0,0
763,2022-11-24 08:00,3.7,0,.1,0,1017,1021.8,93.5,0,0
763,2022-11-24 09:00,5.4,0,.3,0,1017.9,1022.6,88.5,0,0
763,2022-11-24 10:00,6.9,0,.4,0,1017.9,1022.6,79.7,0,0
763,2022-11-24 11:00,8.8,19.3,.5,0,1017.6,1022.3,71.4,0,0
763,2022-11-24 12:00,10.1,181.6,.5,0,1016.4,1021,66.4,0,0
763,2022-11-24 13:00,12.2,108.3,.7,0,1016,1020.6,52.7,0,0
763,2022-11-24 14:00,13.3,12.2,.7,0,1015.5,1020.1,47.7,0,0
763,2022-11-24 15:00,14.2,351.7,.7,0,1015.2,1019.7,45,0,0
763,2022-11-24 16:00,14,325.9,.7,0,1015.6,1020.2,46.3,0,0
763,2022-11-24 17:00,12,0,.1,0,1016,1020.6,59,0,0
763,2022-11-24 18:00,8.8,0,0,0,1016.5,1021.2,72.1,0,0
763,2022-11-24 19:00,6.8,0,.2,0,1017.1,1021.8,82,0,0
763,2022-11-24 20:00,6.7,0,.1,0,1017.5,1022.2,79,0,0
763,2022-11-24 21:00,5.1,0,0,0,1017.5,1022.2,87.1,0,0
763,2022-11-24 22:00,4.6,0,0,0,1017.6,1022.3,90.5,0,0
763,2022-11-24 23:00,4.2,0,0,0,1017.9,1022.6,94.9,0,0
763,2022-11-25 00:00,2.9,0,0,0,1018.3,1023.1,96.8,0,0
763,2022-11-25 01:00,2.8,0,0,0,1018,1022.8,99.8,0,0
763,2022-11-25 02:00,2.7,0,0,0,1017.7,1022.5,99.9,0,0
763,2022-11-25 03:00,2.3,0,0,0,1017.6,1022.4,99.9,0,0
763,2022-11-25 04:00,1.5,0,0,0,1017.3,1022.1,99.9,0,0
763,2022-11-25 05:00,1,0,0,0,1016.9,1021.7,99.9,0,0
763,2022-11-25 06:00,.9,0,.1,0,1016.5,1021.3,99.9,0,0
763,2022-11-25 07:00,.7,0,0,0,1016.4,1021.2,99.9,0,0
763,2022-11-25 08:00,1.8,0,0,0,1016.6,1021.4,99.9,0,0
763,2022-11-25 09:00,4.3,0,0,0,1016.4,1021.1,99.9,0,0
763,2022-11-25 10:00,7.9,22.7,.9,0,1016.3,1021,80.1,0,0
763,2022-11-25 11:00,9.3,26.7,1.4,0,1015.7,1020.3,73.8,0,0
763,2022-11-25 12:00,12.8,0,.4,0,1014.5,1019.1,64.5,0,0
763,2022-11-25 13:00,16.6,250,1.3,0,1013.3,1017.8,36.6,0,0
763,2022-11-25 14:00,17.3,213.6,1.3,0,1012.4,1016.9,33.8,0,0
763,2022-11-25 15:00,17.4,249.4,2,0,1011.7,1016.2,30,0,0
763,2022-11-25 16:00,17.1,224.9,1.2,0,1011.3,1015.8,31.2,0,0
763,2022-11-25 17:00,15.5,211.8,.6,0,1011.3,1015.8,38.3,0,0
763,2022-11-25 18:00,14.7,181.9,.5,0,1011.6,1016.1,46,0,0
763,2022-11-25 19:00,12.9,0,.3,0,1012.1,1016.7,53.4,0,0
763,2022-11-25 20:00,10.7,0,.3,0,1012.3,1016.9,66.5,0,0
763,2022-11-25 21:00,14.4,180.1,.7,0,1012.2,1016.7,53,0,0
763,2022-11-25 22:00,14.8,224.6,1.4,0,1012.4,1016.9,61.9,0,0
763,2022-11-25 23:00,13.6,241.6,.7,0,1012.5,1017,73.4,0,0
763,2022-11-26 00:00,12.5,204.2,.5,0,1012,1016.6,74.9,0,0
763,2022-11-26 01:00,10.3,132.2,.5,0,1011.2,1015.8,80.5,0,0
763,2022-11-26 02:00,12.6,175.5,.5,0,1010.9,1015.5,84.9,0,0
763,2022-11-26 03:00,13.4,195,.6,0,1010.7,1015.2,82.3,0,0
763,2022-11-26 04:00,12.4,28.4,.7,0,1010.5,1015.1,81.2,0,0
763,2022-11-26 05:00,9.5,23.2,.8,0,1010.7,1015.3,88.3,0,0
763,2022-11-26 06:00,7.6,0,.2,0,1011.3,1016,96.5,0,0
763,2022-11-26 07:00,6.2,0,0,0,1012.4,1017.1,99.9,0,0
763,2022-11-26 08:00,6.1,0,0,0,1013.3,1018,99.9,0,0
763,2022-11-26 09:00,9.2,0,0,0,1014,1018.6,97.4,0,0
763,2022-11-26 10:00,12.6,3.5,1.1,0,1014.5,1019.1,60.4,0,0
763,2022-11-26 11:00,13.4,342.5,2.3,0,1014.4,1019,47.5,0,0
763,2022-11-26 12:00,14.3,355.9,2,0,1013.9,1018.4,40.4,0,0
763,2022-11-26 13:00,15.1,344.1,3.4,0,1013.5,1018,35.7,0,0
763,2022-11-26 14:00,14.5,305.7,2.8,0,1013.6,1018.1,32.7,0,0
763,2022-11-26 15:00,14.4,350.9,2.7,0,1013.7,1018.2,32.4,0,0
763,2022-11-26 16:00,12.8,358.9,2.1,0,1014,1018.6,33.7,0,0
763,2022-11-26 17:00,11.1,344.1,1.1,0,1014.1,1018.7,38,0,0
763,2022-11-26 18:00,9.6,331.6,1.3,0,1014.6,1019.2,42.4,0,0
763,2022-11-26 19:00,6.2,0,.4,0,1015.4,1020.1,57.1,0,0
763,2022-11-26 20:00,4.2,0,.3,0,1015.8,1020.5,62.7,0,0
763,2022-11-26 21:00,4.6,0,.3,0,1016.5,1021.2,55.8,0,0
763,2022-11-26 22:00,3.4,0,.3,0,1016.5,1021.3,60.3,0,0
763,2022-11-26 23:00,.9,0,.2,0,1016.9,1021.7,76.5,0,0
763,2022-11-27 00:00,.2,0,0,0,1016.9,1021.7,78.2,0,0
763,2022-11-27 01:00,-.5,0,0,0,1017.2,1022,79.4,0,0
763,2022-11-27 02:00,-.3,0,.1,0,1017.6,1022.4,80.2,0,0
763,2022-11-27 03:00,-1.4,89.3,.5,0,1017.3,1022.2,87.7,0,0
763,2022-11-27 04:00,-1.7,0,.1,0,1017.3,1022.2,88.4,0,0
763,2022-11-27 05:00,-2.2,0,0,0,1017,1021.9,89.9,0,0
763,2022-11-27 06:00,-2.5,17.8,.5,0,1016.9,1021.8,92.4,0,0
763,2022-11-27 07:00,-2.5,0,.1,0,1016.6,1021.5,93.2,0,0
763,2022-11-27 08:00,-2.1,0,.1,0,1017.5,1022.4,91.5,0,0
763,2022-11-27 09:00,.8,0,.1,0,1017.2,1022,75.6,0,0
763,2022-11-27 10:00,3.3,30.7,.7,0,1016.8,1021.6,67.1,0,0
763,2022-11-27 11:00,6.4,46.8,1.1,0,1016.9,1021.6,59.1,0,0
763,2022-11-27 12:00,9.8,328.2,.6,0,1016.2,1020.8,42.5,0,0
763,2022-11-27 13:00,13.1,311.2,.6,0,1014.8,1019.4,32.5,0,0
763,2022-11-27 14:00,14.7,54.1,1,0,1013.9,1018.4,29.9,0,0
763,2022-11-27 15:00,14.9,347,1.1,0,1013.8,1018.3,29.4,0,0
763,2022-11-27 16:00,14.2,346.9,.8,0,1014,1018.5,30.9,0,0
763,2022-11-27 17:00,11.5,0,.2,0,1014.6,1019.2,43.3,0,0
763,2022-11-27 18:00,9,0,.2,0,1014.6,1019.2,51.2,0,0
763,2022-11-27 19:00,6.8,0,.1,0,1015.1,1019.8,62.3,11.04,7.1
763,2022-11-27 20:00,5.6,0,0,0,1015.4,1020.1,63.9,-11.04,-7.1
763,2022-11-27 21:00,4.6,0,.1,0,1015.3,1020,65.1,11.04,7.1
763,2022-11-27 22:00,3.7,0,0,0,1015.9,1020.6,68.1,-11.04,-7.1
763,2022-11-27 23:00,3.7,0,.1,0,1015.5,1020.2,65.4,11.04,7.1
763,2022-11-28 00:00,2.3,0,.1,0,1015.2,1020,76.3,-11.04,-7.1
763,2022-11-28 01:00,1.9,0,.1,0,1015.1,1019.9,79.8,0,0
763,2022-11-28 02:00,1.6,0,0,0,1014.8,1019.6,79.3,0,0
763,2022-11-28 03:00,1.7,0,.1,0,1015,1019.8,79.1,0,0
763,2022-11-28 04:00,2.5,0,.4,0,1014.5,1019.3,78.2,0,0
763,2022-11-28 05:00,3.6,107.7,.7,0,1013.8,1018.5,79.6,0,0
763,2022-11-28 06:00,3.7,0,.2,0,1012.7,1017.4,72.8,0,0
763,2022-11-28 07:00,3,0,.1,0,1013.7,1018.5,80.2,0,0
763,2022-11-28 08:00,4,354.8,.6,0,1013.6,1018.3,75.5,0,0
763,2022-11-28 09:00,6.7,0,.2,0,1013.1,1017.8,68.9,0,0
763,2022-11-28 10:00,9.2,11.9,1.4,0,1012.1,1016.7,65,0,0
763,2022-11-28 11:00,9.8,78.6,.7,0,1012,1016.6,71.1,0,0
763,2022-11-28 12:00,10.5,0,.2,0,1011.1,1015.7,69.7,0,0
763,2022-11-28 13:00,10.8,0,.4,0,1010.8,1015.4,77.4,0,0
763,2022-11-28 14:00,16.1,156.9,1.6,.5,1009.5,1014,99.8,0,0
763,2022-11-28 15:00,17.6,147.2,1.8,0,1008.7,1013.2,84.5,0,0
763,2022-11-28 16:00,14.7,282.5,1.3,0,1008.7,1013.2,78.9,0,0
763,2022-11-28 17:00,13.3,18,.9,0,1008.9,1013.4,86.6,0,0
763,2022-11-28 18:00,17.9,159.3,1.7,0,1007.9,1012.3,82.7,0,0
763,2022-11-28 19:00,18.8,158.8,1.8,0,1007.2,1011.6,78.2,0,0
763,2022-11-28 20:00,12.3,0,.4,0,1007.4,1012,99.1,0,0
763,2022-11-28 21:00,12,0,.3,5.5,1006.4,1011,99.9,0,0
763,2022-11-28 22:00,12.4,0,.4,4.5,1005.3,1009.8,99.9,0,0
763,2022-11-28 23:00,12.4,249.4,.7,9.5,1005.5,1010,99.9,0,0
763,2022-11-29 00:00,12.8,0,.1,10.5,1004.7,1009.2,99.8,0,0
763,2022-11-29 01:00,13,49.4,.6,2.5,1004,1008.5,99.8,0,0
763,2022-11-29 02:00,13.2,0,.2,1.5,1003.9,1008.4,99.8,0,0
763,2022-11-29 03:00,12.8,13,.6,0,1004.4,1008.9,99.8,0,0
763,2022-11-29 04:00,13,337.1,1,0,1005.1,1009.6,99.8,0,0
763,2022-11-29 05:00,13,346.7,1.1,2.5,1005.6,1010.1,99.8,0,0
763,2022-11-29 06:00,13.1,333.7,2.3,0,1006.2,1010.7,99.8,0,0
763,2022-11-29 07:00,12.5,299.9,1,1,1007.3,1011.9,99.8,0,0
763,2022-11-29 08:00,12.1,304.3,1.3,1,1008,1012.6,99.9,0,0
763,2022-11-29 09:00,12,308.1,2.2,0,1009.4,1014,98.3,0,0
763,2022-11-29 10:00,12.1,331.3,2.6,0,1010.4,1015,91.7,0,0
763,2022-11-29 11:00,10.9,347,2.5,0,1012,1016.6,78.2,0,0
763,2022-11-29 12:00,11.1,16.1,2.5,0,1011.6,1016.2,62.1,0,0
763,2022-11-29 13:00,11.1,358.2,2.2,0,1011.4,1016,56.5,0,0
763,2022-11-29 14:00,10.9,339.1,2.1,0,1012.7,1017.3,50.6,0,0
763,2022-11-29 15:00,10.3,349.5,3.1,0,1013,1017.6,38.1,0,0
763,2022-11-29 16:00,8.8,343.2,2.8,0,1014.6,1019.2,41.6,0,0
763,2022-11-29 17:00,7.5,350.3,2.4,0,1015.3,1020,41.3,0,0
763,2022-11-29 18:00,6.5,332.6,1.8,0,1016.4,1021.1,46.8,0,0
763,2022-11-29 19:00,6,352.4,1.7,0,1017,1021.7,51.4,2.86,0
763,2022-11-29 20:00,5.7,331.1,2.5,0,1018.9,1023.6,42.4,-2.86,0
763,2022-11-29 21:00,5,338.7,2,0,1020.2,1025,48.5,2.86,0
763,2022-11-29 22:00,4.6,321.7,2.5,0,1020.6,1025.4,56.9,-2.86,0
763,2022-11-29 23:00,3.2,316.5,2.7,0,1021.7,1026.5,53.7,2.86,0
763,2022-11-30 00:00,2.6,326.8,2.2,0,1022.6,1027.4,56.9,-2.86,0
763,2022-11-30 01:00,1.8,337.1,2.8,0,1022.8,1027.6,63.6,0,0
763,2022-11-30 02:00,1.6,338.9,2.6,0,1023,1027.8,65.6,0,0
763,2022-11-30 03:00,.4,344.4,3.7,0,1024.3,1029.2,63.9,0,0
763,2022-11-30 04:00,-.5,347.8,3.3,0,1024.7,1029.6,58.3,0,0
763,2022-11-30 05:00,-1.2,347.9,2.6,0,1025.5,1030.4,56.1,0,0
763,2022-11-30 06:00,-1.7,343.3,2.2,0,1026.2,1031.1,56.1,0,0
763,2022-11-30 07:00,-2.1,329.4,1.6,0,1027.1,1032,55.8,0,0
763,2022-11-30 08:00,-2.3,353.7,2.2,0,1027.4,1032.3,60.5,0,0
763,2022-11-30 09:00,-2.4,8.2,2.8,0,1028.1,1033,60.1,0,0
763,2022-11-30 10:00,-2,3.5,3,0,1028.1,1033,61.6,0,0
763,2022-11-30 11:00,-1.3,3.7,3,0,1027.9,1032.8,59,2.53,.6
763,2022-11-30 12:00,-.6,9.9,3.1,0,1027.3,1032.2,58,-2.53,-.6
763,2022-11-30 13:00,.4,337.8,2.7,0,1027.2,1032.1,51.8,2.53,.6
763,2022-11-30 14:00,-.1,339.4,3.6,0,1026.3,1031.2,49.6,-2.53,-.6
763,2022-11-30 15:00,0,339,3.1,0,1026.5,1031.4,50.3,2.53,.6
763,2022-11-30 16:00,-.6,342.5,2.4,0,1027.5,1032.4,53.9,-2.53,-.6
763,2022-11-30 17:00,-1.8,328.6,1.5,0,1028,1032.9,56.3,2.53,.6
763,2022-11-30 18:00,-2.6,341.8,1.1,0,1028.2,1033.1,59.4,-2.53,-.6
763,2022-11-30 19:00,-3,333.9,.9,0,1028.7,1033.6,64.1,2.53,.6
763,2022-11-30 20:00,-3.5,346.7,.9,0,1029.1,1034.1,66,-2.53,-.6
763,2022-11-30 21:00,-4.4,12.4,.8,0,1029.3,1034.3,75.7,2.53,.6
763,2022-11-30 22:00,-3.9,72.8,.8,0,1029.2,1034.2,66.9,-2.53,-.6
763,2022-11-30 23:00,-3.7,7.5,1,0,1029,1034,67.5,2.53,.6
763,2022-12-01 00:00,-3.5,20.2,.9,0,1029,1033.9,69.2,-2.53,-.6
763,2022-12-01 01:00,-3.3,28.6,1.4,0,1028.8,1033.7,70.1,0,0
763,2022-12-01 02:00,-3.2,36.6,1.3,0,1028.8,1033.7,69,0,0
763,2022-12-01 03:00,-3.5,25.6,2.5,0,1028.7,1033.6,71.2,0,0
763,2022-12-01 04:00,-3.9,14.2,1.6,0,1028.1,1033.1,67.6,0,0
763,2022-12-01 05:00,-4.5,11.6,4.1,0,1028.2,1033.2,32.6,0,0
763,2022-12-01 06:00,-5.1,.8,1.8,0,1027.9,1032.9,34.3,0,0
763,2022-12-01 07:00,-5.4,16,1.2,0,1028,1033,41.6,0,0
763,2022-12-01 08:00,-5.1,25.3,2.9,0,1028.8,1033.8,35.4,0,0
763,2022-12-01 09:00,-4.6,51.3,2.1,0,1029,1034,31.7,0,0
763,2022-12-01 10:00,-3.6,87.4,1.5,0,1028.8,1033.8,30.3,0,0
763,2022-12-01 11:00,-2,17.5,1.1,0,1028.4,1033.3,30,0,0
763,2022-12-01 12:00,0,34.7,2.2,0,1027.8,1032.7,35,0,0
763,2022-12-01 13:00,.3,37,1.8,0,1026.3,1031.2,33.8,0,0
763,2022-12-01 14:00,.8,356.7,1.9,0,1025.7,1030.6,37.1,0,0
763,2022-12-01 15:00,.5,316.9,.8,0,1025.1,1030,37.3,0,0
763,2022-12-01 16:00,.7,55.1,1.1,0,1024.9,1029.8,40.8,0,0
763,2022-12-01 17:00,-.2,344.1,.6,0,1025.3,1030.2,47.3,0,0
763,2022-12-01 18:00,-2.1,0,.1,0,1025.2,1030.1,59,0,0
763,2022-12-01 19:00,-3.2,0,.1,0,1026,1030.9,75.2,0,0
763,2022-12-01 20:00,-2.4,0,.1,0,1026.3,1031.2,66.6,0,0
763,2022-12-01 21:00,-1.6,38.6,.5,0,1026.7,1031.6,67.6,0,0
763,2022-12-01 22:00,-1.5,345.4,1.8,0,1027,1031.9,67.4,0,0
763,2022-12-01 23:00,-2.6,0,.1,0,1027.2,1032.1,74,0,0
763,2022-12-02 00:00,-3.6,0,.3,0,1027.1,1032,80,0,0
763,2022-12-02 01:00,-4.5,0,0,0,1027,1032,85.4,0,0
763,2022-12-02 02:00,-4.7,0,0,0,1026.8,1031.8,82.6,0,0
763,2022-12-02 03:00,-5.1,0,.3,0,1026.9,1031.9,87.2,0,0
763,2022-12-02 04:00,-5.7,0,.1,0,1026.9,1031.9,89.7,0,0
763,2022-12-02 05:00,-5.4,0,.3,0,1026.8,1031.8,89.6,0,0
763,2022-12-02 06:00,-6.2,0,.2,0,1027,1032,92.4,0,0
763,2022-12-02 07:00,-6.4,0,.1,0,1027.4,1032.4,92.6,0,0
763,2022-12-02 08:00,-6.3,0,.1,0,1027.7,1032.7,92.3,0,0
763,2022-12-02 09:00,-3.6,13.2,1.1,0,1027.9,1032.8,73.6,.49,1.2
763,2022-12-02 10:00,-1,2.4,1.4,0,1028.1,1033,60.6,.49,.1
763,2022-12-02 11:00,1.4,17.9,2,0,1027.5,1032.4,48,-.49,-.1
763,2022-12-02 12:00,2.6,7.8,3,0,1026.7,1031.5,43.6,.49,.1
763,2022-12-02 13:00,3.6,10.4,2.6,0,1025.7,1030.5,44.5,-.49,-.1
763,2022-12-02 14:00,4.3,5.2,2,0,1024.8,1029.6,44.7,.49,.1
763,2022-12-02 15:00,4.2,15.5,1.5,0,1024.1,1028.9,43.6,-.49,-.1
763,2022-12-02 16:00,3.8,335.1,1.3,0,1024.2,1029,44.2,.49,.1
763,2022-12-02 17:00,2.8,326.1,.8,0,1023.3,1028.1,49.9,-.49,-.1
763,2022-12-02 18:00,-.7,0,.2,0,1023.5,1028.4,69.3,.49,.1
763,2022-12-02 19:00,-1.7,0,.1,0,1023.4,1028.3,75.3,-.49,-.1
763,2022-12-02 20:00,-2.2,0,0,0,1023.1,1028,74.7,.49,.1
763,2022-12-02 21:00,-2.9,0,0,0,1023.2,1028.1,80.1,-.49,-.1
763,2022-12-02 22:00,-3.2,0,0,0,1023.5,1028.4,80.9,.49,.1
763,2022-12-02 23:00,-2.4,126,1.1,0,1023.1,1028,78.1,-.49,-.1
763,2022-12-03 00:00,1.9,154.8,.8,0,1022.2,1027,58.1,.49,.1
763,2022-12-03 01:00,-1.6,310.6,.6,0,1022.1,1027,80.2,0,0
763,2022-12-03 02:00,-1.4,0,.2,0,1022.5,1027.4,80.8,0,0
763,2022-12-03 03:00,-.6,312.3,.8,0,1022.2,1027.1,78.9,0,0
763,2022-12-03 04:00,-.3,0,.2,0,1022.4,1027.3,74.1,0,0
763,2022-12-03 05:00,.1,0,.4,0,1022,1026.9,75.7,0,0
763,2022-12-03 06:00,4.3,153.9,1.7,0,1020.9,1025.7,60.2,0,0
763,2022-12-03 07:00,5.4,179.2,1.2,0,1020,1024.7,61.5,0,0
763,2022-12-03 08:00,5.7,162.8,1.7,0,1020.2,1024.9,62,0,0
763,2022-12-03 09:00,6.4,335.2,.8,0,1020.3,1025,62.3,0,0
763,2022-12-03 10:00,3,21.1,1.5,0,1021.8,1026.6,73.5,0,0
763,2022-12-03 11:00,5.6,107,1.1,0,1020.8,1025.5,66.9,0,0
763,2022-12-03 12:00,7.8,193.3,.7,0,1020.2,1024.9,67.7,0,0
763,2022-12-03 13:00,5.1,0,.3,0,1020.5,1025.3,91.7,0,0
763,2022-12-03 14:00,5.7,83.5,.5,0,1019.8,1024.5,91.5,0,0
763,2022-12-03 15:00,7.5,0,.4,0,1019.3,1024,88.5,0,0
763,2022-12-03 16:00,8.2,0,.2,0,1019.7,1024.4,73.4,0,0
763,2022-12-03 17:00,7,0,.1,0,1020.4,1025.1,84.5,0,0
763,2022-12-03 18:00,4,0,.2,0,1020.3,1025.1,95.3,0,0
763,2022-12-03 19:00,3.6,0,.1,0,1020.5,1025.3,99.9,0,0
763,2022-12-03 20:00,2.4,0,.1,0,1021.6,1026.4,99.9,0,0
763,2022-12-03 21:00,3,0,.1,0,1022.2,1027,99.9,0,0
763,2022-12-03 22:00,3.3,0,0,0,1022.3,1027.1,99.9,0,0
763,2022-12-03 23:00,3.3,0,.1,0,1022.3,1027.1,99.9,0,0
763,2022-12-04 00:00,3.2,0,.1,0,1023.3,1028.1,99.9,0,0
763,2022-12-04 01:00,3.7,347.2,.9,0,1023.5,1028.3,92.4,0,0
763,2022-12-04 02:00,2.7,348.5,2.3,0,1024.8,1029.6,73.5,0,0
763,2022-12-04 03:00,2.1,8.1,2.2,0,1025.3,1030.1,69.2,0,0
763,2022-12-04 04:00,1.3,358.4,1.9,0,1024.8,1029.6,69.8,0,0
763,2022-12-04 05:00,.5,351.9,2,0,1025.7,1030.6,69.3,0,0
763,2022-12-04 06:00,-.3,344.8,2,0,1025.6,1030.5,68.4,0,0
763,2022-12-04 07:00,-1,338.6,2,0,1026.1,1031,66.7,0,0
763,2022-12-04 08:00,-1.3,342.6,2.1,0,1026.8,1031.7,55.5,0,0
763,2022-12-04 09:00,-1,343.1,2.6,0,1027.3,1032.2,41.6,0,0
763,2022-12-04 10:00,-.5,350.2,2.8,0,1028.3,1033.2,33.7,0,0
763,2022-12-04 11:00,0,355.9,2.6,0,1028,1032.9,30.5,0,0
763,2022-12-04 12:00,.7,9.6,3.4,0,1026.6,1031.5,27.1,0,0
763,2022-12-04 13:00,.5,343,2.5,0,1026,1030.9,32.2,0,0
763,2022-12-04 14:00,.6,350.4,2.3,0,1025.4,1030.3,27.9,0,0
763,2022-12-04 15:00,.7,347.6,1.9,0,1025.7,1030.6,29.3,0,0
763,2022-12-04 16:00,.4,313.1,1.5,0,1026,1030.9,28.8,0,0
763,2022-12-04 17:00,.1,275.4,1.6,0,1027.1,1032,33.4,0,0
763,2022-12-04 18:00,-.6,274.8,.7,0,1027.6,1032.5,37.2,0,0
763,2022-12-04 19:00,-1.8,0,.3,0,1027.8,1032.7,52.2,0,0
763,2022-12-04 20:00,-1.6,0,.4,0,1027.7,1032.6,42.2,0,0
763,2022-12-04 21:00,-2.1,0,.1,0,1028.2,1033.1,55.2,0,0
763,2022-12-04 22:00,-2.3,357.8,.5,0,1027.9,1032.8,57.9,0,0
763,2022-12-04 23:00,-2.2,352.1,.8,0,1027.8,1032.7,51.9,0,0
763,2022-12-05 00:00,-2.3,0,.3,0,1027.4,1032.3,65.7,0,0
763,2022-12-05 01:00,-2.2,0,.4,0,1027.4,1032.3,56.2,0,0
763,2022-12-05 02:00,-2.6,303.8,.6,0,1027.2,1032.1,57.2,0,0
763,2022-12-05 03:00,-2,22.8,2,0,1026.8,1031.7,58.8,0,0
763,2022-12-05 04:00,-2.2,12.5,2,0,1026.7,1031.6,62.1,0,0
763,2022-12-05 05:00,-2.3,23.5,1.8,0,1026.7,1031.6,57.7,0,0
763,2022-12-05 06:00,-2.7,20.8,2.5,0,1026.6,1031.5,56.6,0,0
763,2022-12-05 07:00,-2.9,19.2,1.4,0,1026.3,1031.2,55.8,0,0
763,2022-12-05 08:00,-3,350.1,1.3,0,1026.3,1031.2,53.4,0,0
763,2022-12-05 09:00,-2.6,359.8,1.6,0,1026.8,1031.7,47.1,0,0
763,2022-12-05 10:00,-1.9,3.8,2,0,1027.2,1032.1,42.9,0,0
763,2022-12-05 11:00,-1.4,340.5,1.3,0,1026.8,1031.7,35.4,0,0
763,2022-12-05 12:00,-.3,356.9,1.5,0,1025.9,1030.8,31.6,0,0
763,2022-12-05 13:00,1.2,356.5,2.3,0,1024.8,1029.6,26.9,0,0
763,2022-12-05 14:00,1.5,23.7,1.8,0,1023.9,1028.7,28.1,0,0
763,2022-12-05 15:00,2.1,32.7,1.2,0,1023.1,1027.9,27.7,0,0
763,2022-12-05 16:00,2.8,347.6,2.3,0,1023.2,1028,24.4,0,0
763,2022-12-05 17:00,1.3,334.3,2.1,0,1023.4,1028.2,26.5,0,0
763,2022-12-05 18:00,.5,319.9,1.9,0,1023.6,1028.5,27.1,0,0
763,2022-12-05 19:00,-.2,326.2,1.7,0,1024,1028.9,30.8,0,0
763,2022-12-05 20:00,-2.6,0,.2,0,1024.2,1029.1,47.1,0,0
763,2022-12-05 21:00,-4,0,0,0,1024.3,1029.2,55.9,0,0
763,2022-12-05 22:00,-4.1,0,.1,0,1023.8,1028.7,51.1,0,0
763,2022-12-05 23:00,-4.4,99.1,.5,0,1023.6,1028.5,56.8,0,0
763,2022-12-06 00:00,-5.3,0,0,0,1023.5,1028.5,67.7,0,0
763,2022-12-06 01:00,-5.7,0,.3,0,1022.9,1027.9,69.2,0,0
763,2022-12-06 02:00,-6,0,.2,0,1022.8,1027.8,74.2,0,0
763,2022-12-06 03:00,-4.3,265.2,.5,0,1022.3,1027.2,66.8,0,0
763,2022-12-06 04:00,-3.1,0,.3,0,1021.3,1026.2,66,0,0
763,2022-12-06 05:00,-3.3,0,.4,0,1021,1025.9,70.7,0,0
763,2022-12-06 06:00,-4.7,0,.1,0,1020.8,1025.7,81.4,0,0
763,2022-12-06 07:00,-5.6,0,.2,0,1020.4,1025.3,86.1,0,0
763,2022-12-06 08:00,-4.8,0,.1,0,1020.7,1025.6,81.6,0,0
763,2022-12-06 09:00,-1.1,0,.4,0,1020.4,1025.3,68.3,0,0
763,2022-12-06 10:00,4.6,184.5,1.2,0,1020,1024.7,62.1,0,0
763,2022-12-06 11:00,5,241.9,1.5,0,1020,1024.8,54.3,0,0
763,2022-12-06 12:00,6.8,273.7,2.7,0,1019.3,1024,47.5,0,0
763,2022-12-06 13:00,6.7,276.2,5.2,0,1018.5,1023.2,48.7,0,0
763,2022-12-06 14:00,4.3,332.2,1.5,0,1019,1023.7,70.7,0,0
763,2022-12-06 15:00,4.6,0,.2,0,1018.8,1023.5,75.9,0,0
763,2022-12-06 16:00,3.5,243.1,1.2,.5,1019.1,1023.9,93.6,0,0
763,2022-12-06 17:00,3.3,238.6,1.1,0,1018.9,1023.7,86.7,0,0
763,2022-12-06 18:00,1.6,0,0,0,1019.2,1024,96.8,0,0
763,2022-12-06 19:00,1.3,95,.9,0,1019.1,1023.9,97.5,0,0
763,2022-12-06 20:00,.2,0,.4,0,1018.8,1023.6,98.7,0,0
763,2022-12-06 21:00,.4,0,.2,0,1018.7,1023.5,99.9,0,0
763,2022-12-06 22:00,3.8,258.2,1.1,0,1018.9,1023.7,80.1,0,0
763,2022-12-06 23:00,4.4,214.3,.8,0,1019.3,1024,73.3,0,0
763,2022-12-07 00:00,5,246.5,1.9,0,1019.5,1024.3,59.4,0,0
763,2022-12-07 01:00,5,243.3,1.2,0,1019.3,1024.1,55.9,0,0
763,2022-12-07 02:00,1.2,0,.1,0,1018.8,1023.6,80.4,0,0
763,2022-12-07 03:00,1.6,0,.4,0,1018.7,1023.5,80.1,0,0
763,2022-12-07 04:00,.9,95.2,.5,0,1018.5,1023.3,83.3,0,0
763,2022-12-07 05:00,2.1,108.8,.5,0,1018.6,1023.4,77.6,0,0
763,2022-12-07 06:00,1.9,0,.1,0,1019,1023.8,79.9,0,0
763,2022-12-07 07:00,-.1,0,.3,0,1019,1023.8,87.9,0,0
763,2022-12-07 08:00,4.3,207,.7,0,1019.5,1024.3,63,0,0
763,2022-12-07 09:00,5.9,212.5,.7,0,1020,1024.7,58.2,0,0
763,2022-12-07 10:00,6.5,215.9,.7,0,1020.4,1025.1,59.6,0,0
763,2022-12-07 11:00,7.5,259.3,1.5,0,1020.6,1025.3,61.5,0,0
763,2022-12-07 12:00,8.6,263.2,1.9,0,1020.2,1024.9,59.7,0,0
763,2022-12-07 13:00,9,262.1,3.8,0,1019.7,1024.4,50.5,0,0
763,2022-12-07 14:00,8.8,275.9,4.4,0,1019.7,1024.4,52,0,0
763,2022-12-07 15:00,9,274.5,4.1,0,1019.9,1024.6,47.4,0,0
763,2022-12-07 16:00,8.8,268.4,3.8,0,1020.3,1025,48.4,0,0
763,2022-12-07 17:00,8.2,255.9,1.9,0,1020.7,1025.4,55.7,0,0
763,2022-12-07 18:00,6.8,221.3,.5,0,1020.7,1025.4,61.2,0,0
763,2022-12-07 19:00,5.7,0,.4,0,1020.7,1025.4,63.6,0,0
763,2022-12-07 20:00,2.8,0,.3,0,1020.7,1025.5,77.1,0,0
763,2022-12-07 21:00,1.9,0,.1,0,1021,1025.8,81.6,0,0
763,2022-12-07 22:00,1.3,0,.4,0,1021.3,1026.1,85.6,0,0
763,2022-12-07 23:00,1.6,139,.5,0,1021.6,1026.4,88.4,0,0
763,2022-12-08 00:00,1.7,0,.3,0,1021.8,1026.6,87.8,0,0
763,2022-12-08 01:00,.5,0,.3,0,1021.8,1026.6,92.8,0,0
763,2022-12-08 02:00,-1,0,0,0,1022,1026.9,96.6,0,0
763,2022-12-08 03:00,-1.6,0,0,0,1021.8,1026.7,99.2,0,0
763,2022-12-08 04:00,-1.9,0,.1,0,1021.8,1026.7,99.4,0,0
763,2022-12-08 05:00,-2.4,0,0,0,1021.9,1026.8,99.7,0,0
763,2022-12-08 06:00,-2.5,0,.2,0,1021.9,1026.8,99.8,0,0
763,2022-12-08 07:00,-2.4,0,.3,0,1022.5,1027.4,99.3,0,0
763,2022-12-08 08:00,-2.1,0,.3,0,1022.9,1027.8,99.9,0,0
763,2022-12-08 09:00,-.8,0,.4,0,1023.2,1028.1,98.9,0,0
763,2022-12-08 10:00,2.7,0,.1,0,1023.4,1028.2,86.5,0,0
763,2022-12-08 11:00,6.3,0,.3,0,1023.2,1027.9,71.7,0,0
763,2022-12-08 12:00,8,12.2,1.3,0,1022,1026.7,56,0,0
763,2022-12-08 13:00,9.2,15.9,2,0,1021,1025.7,50.5,0,0
763,2022-12-08 14:00,9.4,276.5,1.4,0,1020.7,1025.4,43.6,0,0
763,2022-12-08 15:00,9.8,314.4,1.6,0,1020.7,1025.4,41.4,0,0
763,2022-12-08 16:00,9.5,339.9,.6,0,1020.4,1025.1,37.5,0,0
763,2022-12-08 17:00,8.2,284.8,.5,0,1020.4,1025.1,52.1,0,0
763,2022-12-08 18:00,4.8,0,.1,0,1020.7,1025.4,69.4,0,0
763,2022-12-08 19:00,2.8,0,.1,0,1021,1025.8,76.9,0,0
763,2022-12-08 20:00,2.3,0,.2,0,1020.8,1025.6,81.7,0,0
763,2022-12-08 21:00,1.1,0,.1,0,1020.9,1025.7,87.6,0,0
763,2022-12-08 22:00,.3,0,.1,0,1020.6,1025.4,92,0,0
763,2022-12-08 23:00,-.1,0,0,0,1020.6,1025.4,92,0,0
763,2022-12-09 00:00,-1.1,0,.1,0,1020.7,1025.6,96.7,0,0
763,2022-12-09 01:00,-1.6,0,.1,0,1020.7,1025.6,98.2,0,0
763,2022-12-09 02:00,-1.6,0,0,0,1020,1024.9,98.2,0,0
763,2022-12-09 03:00,-.9,266.5,.6,0,1019.9,1024.8,96.1,0,0
763,2022-12-09 04:00,-.4,0,.2,0,1019.5,1024.3,96.4,0,0
763,2022-12-09 05:00,-.5,0,.1,0,1019.1,1023.9,93.8,0,0
763,2022-12-09 06:00,-1.2,8.6,.5,0,1018.8,1023.7,97.9,0,0
763,2022-12-09 07:00,-1.4,0,.1,0,1018.8,1023.7,98.6,0,0
763,2022-12-09 08:00,-1.5,0,.4,0,1019.1,1024,98.9,0,0
763,2022-12-09 09:00,.3,18.9,.7,0,1019.4,1024.2,93.8,0,0
763,2022-12-09 10:00,3.1,0,.3,0,1019.6,1024.4,80.2,0,0
763,2022-12-09 11:00,5.4,38,.8,0,1019.4,1024.1,68.7,0,0
763,2022-12-09 12:00,8.6,281.8,1.1,0,1018.6,1023.3,60.9,0,0
763,2022-12-09 13:00,11,263,.6,0,1017.7,1022.3,56.2,0,0
763,2022-12-09 14:00,11.5,281.1,1,0,1017.1,1021.7,55.9,0,0
763,2022-12-09 15:00,12,223.8,1.4,0,1016.7,1021.3,55.5,0,0
763,2022-12-09 16:00,11.1,273.3,2.2,0,1017,1021.6,58.5,0,0
763,2022-12-09 17:00,9.5,250.3,1.4,0,1016.9,1021.5,65.1,0,0
763,2022-12-09 18:00,6.9,0,.2,0,1017.2,1021.9,77.3,0,0
763,2022-12-09 19:00,4.3,0,.1,0,1017.2,1021.9,90.3,0,0
763,2022-12-09 20:00,2.6,0,0,0,1017.8,1022.6,97.2,0,0
763,2022-12-09 21:00,1.9,0,0,0,1017.6,1022.4,98.9,0,0
763,2022-12-09 22:00,1.6,0,0,0,1017.9,1022.7,99.9,0,0
763,2022-12-09 23:00,.6,0,0,0,1017.9,1022.7,99.9,0,0
763,2022-12-10 00:00,.5,0,.1,0,1017.3,1022.1,99.9,0,0
763,2022-12-10 01:00,-.4,16.5,.7,0,1017.8,1022.6,99.9,0,0
763,2022-12-10 02:00,-1.2,0,0,0,1017.8,1022.7,99.9,0,0
763,2022-12-10 03:00,-1.6,0,.2,0,1017.7,1022.6,99.9,0,0
763,2022-12-10 04:00,-2.1,0,.1,0,1017.5,1022.4,99.9,0,0
763,2022-12-10 05:00,-2.3,0,.1,0,1016.9,1021.8,99.9,0,0
763,2022-12-10 06:00,-2.4,0,0,0,1017.1,1022,99.9,0,0
763,2022-12-10 07:00,-1.3,0,0,0,1017.3,1022.1,99.9,0,0
763,2022-12-10 08:00,-2.3,0,.3,0,1017.2,1022.1,99.9,0,0
763,2022-12-10 09:00,-.7,0,.3,0,1016.5,1021.3,99.9,0,0
763,2022-12-10 10:00,-.9,101.3,.8,0,1017.1,1021.9,99.9,0,0
763,2022-12-10 11:00,1.2,0,.4,0,1017.2,1022,99.9,0,0
763,2022-12-10 12:00,4,204,.6,0,1015.3,1020,90.6,0,0
763,2022-12-10 13:00,4.8,292.7,1.6,0,1014.8,1019.5,80.5,0,0
763,2022-12-10 14:00,5.8,357.8,.9,0,1014.5,1019.2,64.1,0,0
763,2022-12-10 15:00,5.8,39,.8,0,1014.2,1018.9,59.3,0,0
763,2022-12-10 16:00,5.9,328.6,.5,0,1014.5,1019.2,59.5,0,0
763,2022-12-10 17:00,5.5,0,.2,0,1014.3,1019,61.3,0,0
763,2022-12-10 18:00,4.7,0,.1,0,1015,1019.7,69.4,0,0
763,2022-12-10 19:00,3.8,0,.1,0,1014.9,1019.6,75,0,0
763,2022-12-10 20:00,2.6,262.8,.5,0,1015.1,1019.9,79.6,0,0
763,2022-12-10 21:00,1.2,0,.2,0,1015.7,1020.5,84.3,0,0
763,2022-12-10 22:00,.3,0,.1,0,1015.7,1020.5,82.2,0,0
763,2022-12-10 23:00,.3,0,.2,0,1016,1020.8,86.4,0,0
763,2022-12-11 00:00,.8,0,0,0,1016.4,1021.2,83.4,0,0
763,2022-12-11 01:00,.9,0,.3,0,1016.4,1021.2,85.1,0,0
763,2022-12-11 02:00,.7,0,.1,0,1017.1,1021.9,80.8,0,0
763,2022-12-11 03:00,-.2,0,.2,0,1017,1021.8,86.9,0,0
763,2022-12-11 04:00,-1.9,0,.1,0,1017,1021.9,91.7,0,0
763,2022-12-11 05:00,-2.8,0,0,0,1017.3,1022.2,95,0,0
763,2022-12-11 06:00,-3.2,0,0,0,1017.5,1022.4,95.7,0,0
763,2022-12-11 07:00,-3.6,0,.1,0,1018.3,1023.2,96.5,0,0
763,2022-12-11 08:00,-3.5,0,0,0,1018.8,1023.7,94.5,0,0
763,2022-12-11 09:00,-1,0,0,0,1019.4,1024.3,80.2,0,0
763,2022-12-11 10:00,2.3,48.3,1.1,0,1019.8,1024.6,54.8,0,0
763,2022-12-11 11:00,4.1,350.1,.9,0,1019.9,1024.7,52.7,0,0
763,2022-12-11 12:00,5.1,356.9,1.4,0,1019.4,1024.1,42.1,0,0
763,2022-12-11 13:00,6.1,31.8,1.6,0,1018.7,1023.4,40,0,0
763,2022-12-11 14:00,7.2,45.5,1.4,0,1018.2,1022.9,37.4,0,0
763,2022-12-11 15:00,8.4,347,1.6,0,1018,1022.7,33.3,0,0
763,2022-12-11 16:00,7.9,.4,1.5,0,1018.2,1022.9,33.6,0,0
763,2022-12-11 17:00,5.9,314,.5,0,1018.8,1023.5,45.3,0,0
763,2022-12-11 18:00,2.1,0,.1,0,1019.2,1024,60.5,0,0
763,2022-12-11 19:00,.3,0,0,0,1019.4,1024.2,68.8,0,0
763,2022-12-11 20:00,-1.2,0,.3,0,1019.6,1024.5,74.8,0,0
763,2022-12-11 21:00,-1.7,0,0,0,1019.3,1024.2,75.9,0,0
763,2022-12-11 22:00,-2.3,0,.3,0,1019.6,1024.5,77.7,0,0
763,2022-12-11 23:00,-2.9,0,.2,0,1020.5,1025.4,80.6,0,0
763,2022-12-12 00:00,-3.5,0,0,0,1020.4,1025.3,82.6,0,0
763,2022-12-12 01:00,-3.7,0,.2,0,1020.2,1025.1,82.1,0,0
763,2022-12-12 02:00,-4.3,0,.3,0,1020.1,1025,87.2,0,0
763,2022-12-12 03:00,-4.6,0,0,0,1020.3,1025.2,84.8,0,0
763,2022-12-12 04:00,-4.6,0,0,0,1020.2,1025.1,85.2,0,0
763,2022-12-12 05:00,-4.7,0,.1,0,1019.8,1024.7,86.6,0,0
763,2022-12-12 06:00,-3.5,106.7,.6,0,1019.3,1024.2,81.8,0,0
763,2022-12-12 07:00,-3.7,264.9,.7,0,1018.6,1023.5,85.3,0,0
763,2022-12-12 08:00,-4.2,4.5,.5,0,1018.4,1023.3,89.7,0,0
763,2022-12-12 09:00,-2.3,297.7,.7,0,1018.6,1023.5,80.6,0,0
763,2022-12-12 10:00,-1,125.9,.6,0,1018.5,1023.3,73.9,0,0
763,2022-12-12 11:00,3.1,0,.4,0,1017.9,1022.7,49.7,0,0
763,2022-12-12 12:00,5.5,84,.5,0,1016.8,1021.5,42.1,0,0
763,2022-12-12 13:00,5.8,224.6,1.4,0,1016.2,1020.9,41.7,0,0
763,2022-12-12 14:00,6.2,228.6,1.4,0,1015.5,1020.2,57,0,0
763,2022-12-12 15:00,6.1,247.9,1.1,0,1015.1,1019.8,61.6,0,0
763,2022-12-12 16:00,5.8,155.9,.7,0,1014.6,1019.3,65.4,0,0
763,2022-12-12 17:00,5.4,174,1.1,0,1014.2,1018.9,66.2,0,0
763,2022-12-12 18:00,4.8,145.6,.8,0,1013.9,1018.6,69.9,0,0
763,2022-12-12 19:00,5.5,148.6,1.6,0,1013.3,1018,66.6,0,0
763,2022-12-12 20:00,4.8,211.6,.7,0,1013.6,1018.3,78.6,0,0
763,2022-12-12 21:00,4.2,198.7,.7,1,1013.5,1018.2,94.6,0,0
763,2022-12-12 22:00,4.1,148.1,.6,0,1013.1,1017.8,95.2,0,0
763,2022-12-12 23:00,4.6,164.9,.6,0,1013.6,1018.3,95,0,0
763,2022-12-13 00:00,3.4,0,.3,0,1014,1018.7,99.9,0,0
763,2022-12-13 01:00,2.4,0,.3,0,1014.2,1019,99.9,0,0
763,2022-12-13 02:00,2.2,165.3,.5,0,1014.2,1019,99.9,0,0
763,2022-12-13 03:00,4.8,223.7,1,0,1014.1,1018.8,72,0,0
763,2022-12-13 04:00,5.1,266.7,3,0,1014.2,1018.9,66.1,0,0
763,2022-12-13 05:00,5.4,244.2,1.9,0,1013.7,1018.4,59.2,0,0
763,2022-12-13 06:00,4.9,245.6,1.8,0,1014,1018.7,65.2,0,0
763,2022-12-13 07:00,5.1,256.3,2.8,0,1014.4,1019.1,59,0,0
763,2022-12-13 08:00,4.6,233.4,1.2,0,1014.8,1019.5,62.4,0,0
763,2022-12-13 09:00,5.4,253.7,2.8,0,1015.6,1020.3,58.1,0,0
763,2022-12-13 10:00,4,281.7,3.1,0,1016.1,1020.8,75.5,0,0
763,2022-12-13 11:00,5.6,297.5,1,0,1015.5,1020.2,67.6,0,0
763,2022-12-13 12:00,6.4,299.6,3.8,0,1014.8,1019.5,62.2,0,0
763,2022-12-13 13:00,7.1,280.2,6.7,0,1014.1,1018.8,45.4,0,0
763,2022-12-13 14:00,6.3,265.7,5.4,0,1013.9,1018.6,46.2,0,0
763,2022-12-13 15:00,6.4,268.1,4.7,0,1014,1018.7,45.7,0,0
763,2022-12-13 16:00,6.3,272.2,5,0,1013.6,1018.3,43.3,0,0
763,2022-12-13 17:00,6,276.2,5.5,0,1014,1018.7,43.3,0,0
763,2022-12-13 18:00,5.6,271.4,5.5,0,1014.4,1019.1,46.7,0,0
763,2022-12-13 19:00,3.3,286.5,4.6,0,1015.8,1020.6,72.6,0,0
763,2022-12-13 20:00,1.3,270.3,4.7,0,1016.3,1021.1,89,0,0
763,2022-12-13 21:00,2.7,279.6,4,0,1015.9,1020.7,58.3,0,0
763,2022-12-13 22:00,1.8,289.3,4.1,0,1016.7,1021.5,68.3,0,0
763,2022-12-13 23:00,-.3,293.4,1.9,0,1018,1022.8,97.1,0,0
763,2022-12-14 00:00,-.8,329.8,1.4,.5,1018.9,1023.7,91.7,0,0
763,2022-12-14 01:00,-1.7,319.5,2.4,0,1019.4,1024.3,84,0,0
763,2022-12-14 02:00,-2.8,334.9,2.8,0,1020.3,1025.2,78.3,0,0
763,2022-12-14 03:00,-3.3,336.9,1.3,0,1021.3,1026.2,78.9,0,0
763,2022-12-14 04:00,-4.6,.2,1.8,0,1022.1,1027,86.8,0,0
763,2022-12-14 05:00,-5.7,1.3,2.4,0,1022.4,1027.4,76.5,0,0
763,2022-12-14 06:00,-6.5,24,2.4,0,1023.2,1028.2,77.7,0,0
763,2022-12-14 07:00,-7.6,9.1,1.3,0,1024.4,1029.4,74.7,0,0
763,2022-12-14 08:00,-8.3,21.3,.5,0,1025.1,1030.1,72.8,0,0
763,2022-12-14 09:00,-7.4,23.9,2.5,0,1025,1030,65.5,.66,1.1
763,2022-12-14 10:00,-6.6,24.9,2.7,0,1025.3,1030.3,62.6,-.66,-1.1
763,2022-12-14 11:00,-5.6,37.5,2.5,0,1026,1031,63.5,.66,1.1
763,2022-12-14 12:00,-5.1,23.2,2.3,0,1025.2,1030.2,60.5,-.66,-1.1
763,2022-12-14 13:00,-4.7,21.6,2.1,0,1024.8,1029.8,60.7,.66,1.1
763,2022-12-14 14:00,-4.3,39.1,2.3,0,1023.9,1028.8,59.9,-.66,-1.1
763,2022-12-14 15:00,-3.5,14.7,2.3,0,1023.1,1028,61.7,.66,1.1
763,2022-12-14 16:00,-2.9,22.1,2.5,0,1023,1027.9,60.3,-.66,-1.1
763,2022-12-14 17:00,-4,11.1,1.6,0,1023,1027.9,63.9,.66,1.1
763,2022-12-14 18:00,-5.2,341.8,.8,0,1023.2,1028.1,68.2,-.66,-1.1
763,2022-12-14 19:00,-6.2,0,.2,0,1023.2,1028.2,76.2,.66,1.1
763,2022-12-14 20:00,-7,0,0,0,1023.4,1028.4,82,-.66,-1.1
763,2022-12-14 21:00,-7.5,0,0,0,1023.7,1028.7,85.9,.66,1.1
763,2022-12-14 22:00,-7.7,112.9,.5,0,1023.5,1028.5,82.2,-.66,-1.1
763,2022-12-14 23:00,-8.4,0,.2,0,1022.9,1027.9,88.3,.66,1.1
763,2022-12-15 00:00,-8.4,0,.3,0,1022.7,1027.7,88.1,-.66,-1.1
763,2022-12-15 01:00,-8.9,0,0,0,1022.7,1027.7,90.7,0,0
763,2022-12-15 02:00,-9.1,0,.1,0,1022.8,1027.8,91.9,0,0
763,2022-12-15 03:00,-9.1,0,.4,0,1022.6,1027.6,91.3,0,0
763,2022-12-15 04:00,-9.2,0,.2,0,1022.1,1027.1,91.5,0,0
763,2022-12-15 05:00,-9.1,0,.1,0,1022.2,1027.2,91.9,0,0
763,2022-12-15 06:00,-8.5,0,.2,0,1022.1,1027.1,92.2,0,8.8
763,2022-12-15 07:00,-7.9,0,.3,0,1022.3,1027.3,87.8,0,-8.8
763,2022-12-15 08:00,-8.5,311.4,.6,0,1022,1027,91,0,8.8
763,2022-12-15 09:00,-6.8,45.9,.5,0,1022.2,1027.2,88.7,0,4.6
763,2022-12-15 10:00,-3,8.2,.6,0,1022.2,1027.1,81.7,0,-4.6
763,2022-12-15 11:00,1.2,229.4,.8,0,1022.1,1026.9,68.3,0,4.6
763,2022-12-15 12:00,3.3,186.9,1.5,0,1020.4,1025.2,60.9,0,-4.6
763,2022-12-15 13:00,4.1,194.1,1.8,0,1019.3,1024.1,58.8,0,4.6
763,2022-12-15 14:00,5.3,183.9,2.2,0,1018.4,1023.1,56.8,0,-4.6
763,2022-12-15 15:00,5.2,192.3,1.7,0,1017.8,1022.5,55.8,0,4.6
763,2022-12-15 16:00,5.1,178.7,2.5,0,1017.5,1022.2,57.5,0,-4.6
763,2022-12-15 17:00,4.9,180.3,2.6,0,1017.6,1022.3,59.4,0,4.6
763,2022-12-15 18:00,3.8,211.8,1.4,0,1018.3,1023.1,73.6,0,-4.6
763,2022-12-15 19:00,2.6,225.2,1.3,.5,1019.1,1023.9,89.7,0,4.6
763,2022-12-15 20:00,2.3,202.8,.5,1,1019.2,1024,95.1,0,-4.6
763,2022-12-15 21:00,2.1,51.3,.5,0,1019.6,1024.4,99.8,0,4.6
763,2022-12-15 22:00,1.7,342.5,1.3,0,1020.4,1025.2,99.9,0,-4.6
763,2022-12-15 23:00,.7,347.4,2.3,0,1022.1,1026.9,83,0,4.6
763,2022-12-16 00:00,.3,38.4,1.2,0,1022.5,1027.3,82.1,0,-4.6
763,2022-12-16 01:00,-.6,10.1,1.7,0,1023.7,1028.6,77.9,0,0
763,2022-12-16 02:00,-1.7,344.2,.8,0,1024,1028.9,80,0,0
763,2022-12-16 03:00,-2.4,0,.3,0,1024,1028.9,82.1,0,0
763,2022-12-16 04:00,-2.9,0,.2,0,1023.7,1028.6,79.6,0,0
763,2022-12-16 05:00,-3.6,344,1.1,0,1024.1,1029,78.6,0,0
763,2022-12-16 06:00,-4.2,351.5,1.1,0,1023.9,1028.8,81.3,0,0
763,2022-12-16 07:00,-4.5,338.4,1.6,0,1025.5,1030.5,76,0,0
763,2022-12-16 08:00,-4.9,346.3,1.6,0,1026.8,1031.8,66.8,0,0
763,2022-12-16 09:00,-4.5,8.9,1.5,0,1027.5,1032.5,56.6,0,0
763,2022-12-16 10:00,-4.1,337.7,2,0,1027.8,1032.8,57,0,0
763,2022-12-16 11:00,-3.6,346.1,1.4,0,1028.1,1033,56.1,0,0
763,2022-12-16 12:00,-2.6,2.2,1.3,0,1026.5,1031.4,53.2,0,0
763,2022-12-16 13:00,-2.3,5,1.5,0,1025.3,1030.2,51,0,0
763,2022-12-16 14:00,-1.5,4.9,1.4,0,1025.3,1030.2,43.4,0,0
763,2022-12-16 15:00,-1.5,352.2,1.9,0,1025,1029.9,44.6,0,0
763,2022-12-16 16:00,-1.4,348.6,2,0,1024.9,1029.8,40.3,0,0
763,2022-12-16 17:00,-1.8,345.9,.9,0,1025.6,1030.5,48.1,0,0
763,2022-12-16 18:00,-2.2,349,.5,0,1025.8,1030.7,54.6,0,0
763,2022-12-16 19:00,-2.6,354.7,1,0,1025.4,1030.3,54.9,0,0
763,2022-12-16 20:00,-2.8,348.9,1.1,0,1026.7,1031.6,46.9,0,0
763,2022-12-16 21:00,-3.1,345.3,1,0,1026.6,1031.5,51.9,0,0
763,2022-12-16 22:00,-3.3,17.2,1.3,0,1026.8,1031.7,53.4,0,0
763,2022-12-16 23:00,-3.5,0,.3,0,1026.7,1031.6,58,0,0
763,2022-12-17 00:00,-3.8,0,.2,0,1026.4,1031.3,63,0,0
763,2022-12-17 01:00,-3.7,0,.4,0,1025.6,1030.5,58.2,0,0
763,2022-12-17 02:00,-4.3,0,.1,0,1024.8,1029.7,73.2,0,0
763,2022-12-17 03:00,-4.6,0,.1,0,1024,1028.9,73.2,0,0
763,2022-12-17 04:00,-4.9,0,.2,0,1023.4,1028.4,69.2,0,0
763,2022-12-17 05:00,-5.5,0,.1,0,1022.4,1027.4,78.6,0,0
763,2022-12-17 06:00,-5.9,0,.2,0,1021.3,1026.3,77.6,0,0
763,2022-12-17 07:00,-3.7,148.4,.8,0,1021.4,1026.3,59,0,0
763,2022-12-17 08:00,-4.3,175.8,.8,0,1021.1,1026,77.7,0,0
763,2022-12-17 09:00,-3.5,173.1,1.6,0,1020.1,1025,78.8,0,0
763,2022-12-17 10:00,-2.3,200.8,1.6,0,1019.9,1024.8,83.8,0,0
763,2022-12-17 11:00,-4.1,22.8,2.7,0,1021.8,1026.7,86.1,0,0
763,2022-12-17 12:00,-1.9,15.9,1.3,0,1020.7,1025.6,67.2,0,0
763,2022-12-17 13:00,-2.5,276.2,1.8,0,1020,1024.9,65.2,0,0
763,2022-12-17 14:00,-3.5,354.1,.6,0,1019.6,1024.5,86.2,0,0
763,2022-12-17 15:00,-3.7,359.1,.7,.5,1018.9,1023.8,85.6,0,0
763,2022-12-17 16:00,-4.2,7.9,1.8,1,1019.1,1024,94,0,0
763,2022-12-17 17:00,-4.6,348.1,1.3,0,1019.4,1024.3,78.3,0,0
763,2022-12-17 18:00,-6.6,313.1,.8,0,1019.7,1024.7,92,0,0
763,2022-12-17 19:00,-7.6,0,.1,0,1020,1025,80.3,0,0
763,2022-12-17 20:00,-10,0,0,0,1020.6,1025.6,93.3,0,0
763,2022-12-17 21:00,-9.9,0,.3,0,1020.6,1025.6,94.2,0,0
763,2022-12-17 22:00,-10.2,0,.1,0,1020.3,1025.3,92.5,0,0
763,2022-12-17 23:00,-9,0,.2,0,1020,1025,91.7,0,0
763,2022-12-18 00:00,-9.2,2.8,.6,0,1020.1,1025.1,91.2,0,0
763,2022-12-18 01:00,-9.5,0,.2,0,1019.2,1024.2,91.2,0,0
763,2022-12-18 02:00,-9.1,0,.2,0,1019.6,1024.6,92.2,0,0
763,2022-12-18 03:00,-8.7,0,.4,0,1018.9,1023.9,90,0,0
763,2022-12-18 04:00,-9.2,345.5,.7,0,1019.2,1024.2,88.4,0,0
763,2022-12-18 05:00,-8.7,0,.4,0,1019.1,1024.1,75.2,0,0
763,2022-12-18 06:00,-8.5,65.6,.9,0,1019.1,1024.1,62.1,0,0
763,2022-12-18 07:00,-9.2,0,.2,0,1019.6,1024.6,66.8,0,0
763,2022-12-18 08:00,-10.7,0,.1,0,1019.8,1024.8,80.2,0,0
763,2022-12-18 09:00,-9.1,0,.1,0,1019.6,1024.6,72,0,0
763,2022-12-18 10:00,-8,357.7,1.6,0,1020.1,1025.1,58.9,0,0
763,2022-12-18 11:00,-6.7,9.6,1.4,0,1019.6,1024.6,48.7,0,0
763,2022-12-18 12:00,-5.9,22,2.7,0,1019.1,1024,47.2,0,0
763,2022-12-18 13:00,-5.3,14.1,1.6,0,1018.5,1023.4,47.3,0,0
763,2022-12-18 14:00,-4.6,14.2,2.5,0,1017.9,1022.8,46.3,0,0
763,2022-12-18 15:00,-4.5,1.6,1.7,0,1017.8,1022.7,45.4,0,0
763,2022-12-18 16:00,-4.5,44.2,1.2,0,1017.8,1022.7,46.5,0,0
763,2022-12-18 17:00,-5.1,342.7,1.1,0,1018,1022.9,50.9,0,0
763,2022-12-18 18:00,-6.8,0,0,0,1018.7,1023.7,62.1,0,0
763,2022-12-18 19:00,-8.3,0,.2,0,1019.4,1024.4,72.6,0,0
763,2022-12-18 20:00,-8.2,0,.2,0,1019.8,1024.8,70.3,0,0
763,2022-12-18 21:00,-9,0,.1,0,1019.9,1024.9,75.1,0,0
763,2022-12-18 22:00,-8.9,0,.1,0,1019.9,1024.9,74.5,0,8.8
763,2022-12-18 23:00,-8.9,0,.2,0,1020.1,1025.1,75.9,0,-8.8
763,2022-12-19 00:00,-9.2,0,.2,0,1020.5,1025.5,79.4,0,8.8
763,2022-12-19 01:00,-10,0,.2,0,1020.2,1025.2,86.2,0,0
763,2022-12-19 02:00,-10.7,0,.2,0,1020.1,1025.1,86.6,0,0
763,2022-12-19 03:00,-11,0,0,0,1020.7,1025.7,88.4,0,0
763,2022-12-19 04:00,-11.6,0,0,0,1021.1,1026.2,90.1,0,8.8
763,2022-12-19 05:00,-11.6,0,.3,0,1021.3,1026.4,89.7,0,-8.8
763,2022-12-19 06:00,-11.9,0,.1,0,1022,1027.1,90.7,0,8.8
763,2022-12-19 07:00,-11.6,0,.2,0,1021.9,1027,89.6,0,0
763,2022-12-19 08:00,-11.2,278.3,.5,0,1022.9,1028,90.7,0,0
763,2022-12-19 09:00,-9.4,0,.4,0,1023.2,1028.2,86.9,0,0
763,2022-12-19 10:00,-7.2,53.7,.7,0,1023.5,1028.5,80.5,0,0
763,2022-12-19 11:00,-4.1,277.9,.5,0,1023.2,1028.1,61.6,0,0
763,2022-12-19 12:00,-2.4,315.5,.7,0,1022.6,1027.5,56.8,0,0
763,2022-12-19 13:00,-1.2,357.8,1.2,0,1021.9,1026.8,51.4,0,0
763,2022-12-19 14:00,-.2,52,.6,0,1021.3,1026.1,49.3,0,0
763,2022-12-19 15:00,.2,282.7,.8,0,1021.2,1026,51.9,0,0
763,2022-12-19 16:00,.3,5.9,.9,0,1021.3,1026.1,53.2,0,0
763,2022-12-19 17:00,-1.1,0,.3,0,1021.4,1026.3,62.2,0,0
763,2022-12-19 18:00,-2.7,0,0,0,1022,1026.9,72.8,0,0
763,2022-12-19 19:00,-3.6,0,.2,0,1022.3,1027.2,79.6,0,0
763,2022-12-19 20:00,-2.9,0,0,0,1022.6,1027.5,77.7,0,0
763,2022-12-19 21:00,-3.2,0,.4,0,1022.9,1027.8,77.3,0,0
763,2022-12-19 22:00,-4,0,.3,0,1023.2,1028.1,80.4,0,0
763,2022-12-19 23:00,-3.3,0,.4,0,1023.5,1028.4,77.3,0,0
763,2022-12-20 00:00,-3.1,301.3,.6,0,1023.8,1028.7,74.2,0,0
763,2022-12-20 01:00,-3.7,298.9,.6,0,1024,1028.9,74.8,0,0
763,2022-12-20 02:00,-5.4,0,.4,0,1024,1029,85.2,0,0
763,2022-12-20 03:00,-6.8,0,0,0,1024.3,1029.3,89.9,0,0
763,2022-12-20 04:00,-7.6,0,0,0,1024.4,1029.4,92.6,0,0
763,2022-12-20 05:00,-7.9,0,.1,0,1024.2,1029.2,93.8,0,0
763,2022-12-20 06:00,-8.4,0,0,0,1023.9,1028.9,94.2,0,0
763,2022-12-20 07:00,-8.7,0,0,0,1024.5,1029.5,93.8,0,0
763,2022-12-20 08:00,-8.7,0,.1,0,1024.8,1029.8,93,0,0
763,2022-12-20 09:00,-6.7,79.5,.5,0,1025.7,1030.7,86.9,0,0
763,2022-12-20 10:00,-4.2,66,.8,0,1026.1,1031,79.7,0,0
763,2022-12-20 11:00,-1.3,60.5,.7,0,1025.1,1030,68,0,0
763,2022-12-20 12:00,1.9,21.8,1.4,0,1023.8,1028.6,51.3,0,0
763,2022-12-20 13:00,3,17.2,1.4,0,1022.8,1027.6,51.3,0,0
763,2022-12-20 14:00,4.3,337.9,1.2,0,1021.8,1026.6,51.4,0,0
763,2022-12-20 15:00,4.3,15.2,1.7,0,1021,1025.8,52,0,0
763,2022-12-20 16:00,3.8,359.3,1.3,0,1020.5,1025.3,55.1,0,0
763,2022-12-20 17:00,2.2,,,0,1019.5,1024.3,61.8,11.98,8
763,2022-12-20 18:00,.6,,,,1019.5,1024.3,68.1,-2.94,-1.2
763,2022-12-20 19:00,-1.1,0,.1,0,1018.6,1023.5,81.7,2.94,1.2
763,2022-12-20 20:00,-1.9,0,.1,0,1018.1,1023,86.2,-2.94,-1.2
763,2022-12-20 21:00,-1.7,0,0,0,1017,1021.9,83.4,2.94,1.2
763,2022-12-20 22:00,-2,0,0,0,1017.8,1022.7,85.7,-2.94,-1.2
763,2022-12-20 23:00,-2.3,0,.1,0,1017.4,1022.3,89.1,2.94,1.2
763,2022-12-21 00:00,-1.7,0,0,0,1016.7,1021.6,86.1,-2.94,-1.2
763,2022-12-21 01:00,-.9,0,.1,0,1015.2,1020,81.9,0,0
763,2022-12-21 02:00,-.9,0,.2,0,1014,1018.8,82.2,,
763,2022-12-21 03:00,-1,0,.3,0,1013.1,1017.9,83.2,,
763,2022-12-21 04:00,-.9,8.8,.5,0,1011.8,1016.6,90,,
763,2022-12-21 05:00,-.7,290.1,1.3,0,1010.8,1015.6,92.7,,
763,2022-12-21 06:00,-.5,32.2,.5,0,1009.8,1014.6,95.6,,
763,2022-12-21 07:00,-.2,96.7,.5,.5,1009.4,1014.2,99.9,,
763,2022-12-21 08:00,-.1,39.4,.9,1,1009.1,1013.9,99.9,,
763,2022-12-21 09:00,.2,79.7,1,1.5,1008.6,1013.4,99.9,,
763,2022-12-21 10:00,.2,285.7,1.5,.5,1008.6,1013.4,99.9,,
763,2022-12-21 11:00,1.8,289.2,.5,.5,1007.5,1012.2,99.9,,
763,2022-12-21 12:00,5.1,179.5,.8,.5,1006.5,1011.2,99.9,,
763,2022-12-21 13:00,5.2,215.4,1,0,1005.8,1010.5,96.3,,
763,2022-12-21 14:00,5.3,207.4,.8,0,1005.2,1009.9,96.6,,
763,2022-12-21 15:00,4,14.8,1.2,0,1004.9,1009.6,99.9,,
763,2022-12-21 16:00,2.6,53.3,.8,1,1005.6,1010.3,99.9,,
763,2022-12-21 17:00,2.7,0,.3,0,1005.7,1010.4,99.9,,
763,2022-12-21 18:00,2.6,0,.1,0,1005.9,1010.6,99.9,,
763,2022-12-21 19:00,.9,0,.1,0,1006.2,1011,99.9,,
763,2022-12-21 20:00,.2,0,.2,0,1006.2,1011,99.9,,
763,2022-12-21 21:00,.2,0,.4,0,1006.1,1010.9,99.9,,
763,2022-12-21 22:00,.1,.3,2.1,0,1006.6,1011.4,99.9,,
763,2022-12-21 23:00,-.4,0,0,0,1006.8,1011.6,99.9,,
763,2022-12-22 00:00,-.6,0,0,0,1006.7,1011.5,99.9,,
763,2022-12-22 01:00,-1.4,0,0,0,1006.8,1011.6,99.9,,
763,2022-12-22 02:00,-1.7,0,0,0,1006.7,1011.5,99.9,,
763,2022-12-22 03:00,-2.3,,,0,1006.9,1011.7,99.9,,
763,2022-12-22 04:00,-1.7,,,0,1006.5,1011.3,99.9,,
763,2022-12-22 05:00,-2.1,,,0,1005.9,1010.7,99.9,,
763,2022-12-22 06:00,-2.1,,,0,1005.9,1010.7,98.9,,
763,2022-12-22 07:00,-2.3,,,0,1006.4,1011.2,90.2,,
763,2022-12-22 08:00,-2.8,,,0,1006.6,1011.4,85.8,,
763,2022-12-22 09:00,-3.1,,,0,1006.7,1011.5,88.5,,
763,2022-12-22 10:00,-3.2,,,0,1006.7,1011.5,89.9,,
763,2022-12-22 11:00,-2.2,,,0,1006.3,1011.1,76.8,,
763,2022-12-22 12:00,-2.4,,,0,1005.6,1010.4,73.3,,
763,2022-12-22 13:00,-2.4,,,0,1005,1009.8,68,,
763,2022-12-22 14:00,-2.1,,,0,1004.6,1009.4,61.7,,
763,2022-12-22 15:00,-2.4,,,0,1005.2,1010,60.9,,
763,2022-12-22 16:00,-3.7,53.4,3.1,0,1005.7,1010.5,67.1,,
763,2022-12-22 17:00,-4.6,53.4,3,0,1006.2,1011.1,74.4,,
763,2022-12-22 18:00,-5.5,53.4,2.1,0,1006.5,1011.4,91.6,,
763,2022-12-22 19:00,-5.8,,1.6,0,1006.8,1011.7,91.6,,
763,2022-12-22 20:00,-5.9,,.7,1,1006.7,1011.6,94.5,,
763,2022-12-22 21:00,-6,,.8,.5,1006.7,1011.6,94.9,,
763,2022-12-22 22:00,-6.5,,1.1,.5,1007.1,1012,90.3,,
763,2022-12-22 23:00,-7.2,,.6,0,1007.7,1012.6,88.5,,
763,2022-12-23 00:00,-8.5,0,.4,0,1007.6,1012.5,88.5,,
763,2022-12-23 01:00,-9.9,0,0,0,1007.6,1012.6,90.7,,
763,2022-12-23 02:00,-10.3,0,0,0,1007.9,1012.9,91.5,,
763,2022-12-23 03:00,-10.5,0,.1,0,1007.9,1012.9,92.9,,
763,2022-12-23 04:00,-9.2,0,.1,0,1007.9,1012.9,92.2,,
763,2022-12-23 05:00,-7.9,,1.3,0,1008.1,1013,81.7,,
763,2022-12-23 06:00,-9.1,,.8,0,1008.5,1013.5,82.2,,
763,2022-12-23 07:00,-8.6,,.7,0,1008.8,1013.7,80.4,,
763,2022-12-23 08:00,-9.4,0,0,0,1009.3,1014.3,89.3,,
763,2022-12-23 09:00,-7.8,,.9,0,1009.7,1014.6,79.8,,
763,2022-12-23 10:00,-7,,1.4,0,1010.1,1015,73,,
763,2022-12-23 11:00,-6.5,,1.8,0,1010,1014.9,71,,
763,2022-12-23 12:00,-5.8,,1.9,0,1009.5,1014.4,71.6,,
763,2022-12-23 13:00,-4.6,,1.5,0,1009,1013.9,66.6,,
763,2022-12-23 14:00,-4.3,,3,0,1009,1013.9,66,,
763,2022-12-23 15:00,-4.8,,3.2,0,1009.3,1014.2,63.5,,
763,2022-12-23 16:00,-4.5,,2.1,0,1009.3,1014.2,67.4,,
763,2022-12-23 17:00,-4.8,,2.4,0,1009.9,1014.8,74.5,,
763,2022-12-23 18:00,-5.7,,1.2,0,1010.5,1015.4,72.2,,
763,2022-12-23 19:00,-5.8,0,0,0,1011,1015.9,74.6,,
763,2022-12-23 20:00,-5.8,0,.4,0,1011.4,1016.3,85.1,,
763,2022-12-23 21:00,-5.6,,1.4,0,1011.9,1016.8,77.5,,
763,2022-12-23 22:00,-5.9,,1.7,0,1012.2,1017.1,74.7,,
763,2022-12-23 23:00,-6.4,,1.4,0,1012.2,1017.1,76.7,,
763,2022-12-24 00:00,-7.4,,2.4,0,1012.6,1017.5,82.7,,
763,2022-12-24 01:00,-8.6,13.9,1.4,0,1012.8,1017.8,78.3,,
763,2022-12-24 02:00,-10.1,22.2,.7,0,1013.3,1018.3,85.2,,
763,2022-12-24 03:00,-8.7,21.4,1.8,0,1013.8,1018.8,77.1,,
763,2022-12-24 04:00,-8.9,13.2,1.8,0,1014,1019,75.5,,
763,2022-12-24 05:00,-9.1,344.1,.9,0,1014.6,1019.6,76.3,,
763,2022-12-24 06:00,-9.9,.4,.8,0,1014.9,1019.9,74.3,,
763,2022-12-24 07:00,-11.2,7.7,.7,0,1015.5,1020.5,75.5,,
763,2022-12-24 08:00,-10.9,34,.8,0,1015.8,1020.8,73.2,,
763,2022-12-24 09:00,-10.3,11.2,1.2,0,1016.6,1021.6,70.4,,
763,2022-12-24 10:00,-8.5,20.2,1.1,0,1016.8,1021.8,63.1,,
763,2022-12-24 11:00,-7.6,5.2,1.2,0,1017,1022,59.5,,
763,2022-12-24 12:00,-6.7,343,1.1,0,1016.3,1021.2,60.3,,
763,2022-12-24 13:00,-6.1,7.7,1.5,0,1015.8,1020.7,57.8,,
763,2022-12-24 14:00,-4.9,11.6,1,0,1015.6,1020.5,53.9,,
763,2022-12-24 15:00,-4.1,46.4,1.3,0,1015.7,1020.6,52.2,,
763,2022-12-24 16:00,-3.8,35.6,1.1,0,1015.9,1020.8,51.5,,
763,2022-12-24 17:00,-4.1,319.5,.5,0,1016.1,1021,52.5,,
763,2022-12-24 18:00,-6.5,0,.1,0,1016.6,1021.5,73.5,,
763,2022-12-24 19:00,-7.3,0,.2,0,1017.3,1022.3,76.5,,
763,2022-12-24 20:00,-8.8,0,0,0,1017.6,1022.6,81.1,,
763,2022-12-24 21:00,-9,0,.3,0,1018,1023,84.9,,
763,2022-12-24 22:00,-9.7,0,.1,0,1018,1023,88.4,,
763,2022-12-24 23:00,-10.3,0,0,0,1018.6,1023.6,91.8,,
763,2022-12-25 00:00,-10,0,.1,0,1018.4,1023.4,91.1,,
763,2022-12-25 01:00,-10.9,0,.1,0,1018.8,1023.8,90.7,,
763,2022-12-25 02:00,-11,0,.2,0,1018.6,1023.6,90.9,,
763,2022-12-25 03:00,-11.3,0,.4,0,1019,1024,90.5,,
763,2022-12-25 04:00,-10.6,270.2,1.1,0,1018.6,1023.6,90.7,,
763,2022-12-25 05:00,-11.6,0,.2,0,1018.6,1023.7,92,,
763,2022-12-25 06:00,-12,0,0,0,1019,1024.1,91.7,,
763,2022-12-25 07:00,-11.8,0,.1,0,1019.2,1024.3,91.3,,
763,2022-12-25 08:00,-11.5,0,0,0,1019.2,1024.3,91.1,,
763,2022-12-25 09:00,-9.3,0,.1,0,1019,1024,89.9,,
763,2022-12-25 10:00,-7.2,0,.1,0,1019.6,1024.6,79.8,,
763,2022-12-25 11:00,-4.2,20.9,.9,0,1019.9,1024.8,74.8,,
763,2022-12-25 12:00,-1.3,286.2,.7,0,1019.3,1024.2,68.6,,
763,2022-12-25 13:00,.4,281.4,1,0,1018.6,1023.4,66.3,,
763,2022-12-25 14:00,1.1,281.1,1.9,0,1019.1,1023.9,62.8,,
763,2022-12-25 15:00,1.4,255.4,1.5,0,1019.3,1024.1,67.7,,
763,2022-12-25 16:00,1.7,230.3,1,0,1019.4,1024.2,69.1,,
763,2022-12-25 17:00,.8,0,.4,0,1019.3,1024.1,75.2,,
763,2022-12-25 18:00,-1.2,118.8,1,0,1019.3,1024.2,87.4,,
763,2022-12-25 19:00,-3.4,0,.1,0,1019.5,1024.4,92.5,,
763,2022-12-25 20:00,-4.4,0,.2,0,1020.2,1025.1,95,,
763,2022-12-25 21:00,-4.5,0,0,0,1020.5,1025.4,95.7,,
763,2022-12-25 22:00,-5.1,0,.2,0,1020.4,1025.3,96.7,,
763,2022-12-25 23:00,-6.3,0,.3,0,1020.9,1025.9,93.4,,
763,2022-12-26 00:00,-5.8,0,.1,0,1021.2,1026.2,94.7,,
763,2022-12-26 01:00,-7,0,.2,0,1021,1026,95,,
763,2022-12-26 02:00,-7.4,0,0,0,1020.6,1025.6,95.3,,
763,2022-12-26 03:00,-7.9,0,0,0,1021.1,1026.1,95.7,,
763,2022-12-26 04:00,-8.1,0,.1,0,1021.2,1026.2,95,,
763,2022-12-26 05:00,-8.4,0,0,0,1020.9,1025.9,95.2,,
763,2022-12-26 06:00,-8.8,0,.3,0,1021.6,1026.6,94.6,,
763,2022-12-26 07:00,-7.6,0,.2,0,1022,1027,97.1,,
763,2022-12-26 08:00,-8.1,0,.1,0,1022.2,1027.2,95.6,,
763,2022-12-26 09:00,-6.6,0,0,0,1022.6,1027.6,97.3,,
763,2022-12-26 10:00,-3.7,0,.1,0,1022.5,1027.4,99.5,,
763,2022-12-26 11:00,-1.2,0,.4,0,1022.3,1027.2,83.1,,
763,2022-12-26 12:00,.5,263.4,.5,0,1021.5,1026.3,67.8,,
763,2022-12-26 13:00,1,332.9,.9,0,1021.2,1026,63.6,,
763,2022-12-26 14:00,1.7,23.6,1.1,0,1020.8,1025.6,60.7,,
763,2022-12-26 15:00,1.7,337.1,1.4,0,1020.9,1025.7,61.4,,
763,2022-12-26 16:00,1.7,0,.1,0,1021.1,1025.9,59.7,,
763,2022-12-26 17:00,.7,291.2,.7,0,1021.4,1026.2,68.7,,
763,2022-12-26 18:00,-1.8,0,.1,0,1021.9,1026.8,80.1,,
763,2022-12-26 19:00,-3.2,0,.2,0,1022.4,1027.3,85.9,,
763,2022-12-26 20:00,-3.8,0,.2,0,1022.7,1027.6,89.4,,
763,2022-12-26 21:00,-4.3,0,0,0,1022.9,1027.8,92.4,,
763,2022-12-26 22:00,-5,0,0,0,1022.9,1027.9,95.3,,
763,2022-12-26 23:00,-5.8,0,0,0,1023.3,1028.3,95.8,,
763,2022-12-27 00:00,-6.1,0,0,0,1023.4,1028.4,96.9,,
763,2022-12-27 01:00,-6.5,0,0,0,1023.5,1028.5,97.3,,
763,2022-12-27 02:00,-7,0,0,0,1023.8,1028.8,96.3,,
763,2022-12-27 03:00,-7.3,0,0,0,1024.1,1029.1,96.1,,
763,2022-12-27 04:00,-7.7,0,.1,0,1024,1029,95.8,,
763,2022-12-27 05:00,-8.1,0,.1,0,1024.3,1029.3,95.5,,
763,2022-12-27 06:00,-8.3,0,0,0,1024.7,1029.7,95,,
763,2022-12-27 07:00,-8.9,0,.1,0,1025.5,1030.5,93.7,,
763,2022-12-27 08:00,-8.7,0,0,0,1025.7,1030.7,94.2,,
763,2022-12-27 09:00,-6.8,0,0,0,1025.8,1030.8,95.5,,
763,2022-12-27 10:00,-4,0,.4,0,1026.3,1031.2,94.2,,
763,2022-12-27 11:00,-1.7,32.5,.6,0,1026.1,1031,85.4,,
763,2022-12-27 12:00,1.3,20.8,1,0,1025.4,1030.2,67.2,,
763,2022-12-27 13:00,2.7,64.6,1.4,0,1024.2,1029,45.6,,
763,2022-12-27 14:00,3.7,14.8,1.3,0,1023.6,1028.4,47.7,,
763,2022-12-27 15:00,3.7,26.6,1.1,0,1023.7,1028.5,50.6,,
763,2022-12-27 16:00,3.9,316.5,1,0,1023.8,1028.6,51,,
763,2022-12-27 17:00,2.7,269.6,.5,0,1023.6,1028.4,60.1,,
763,2022-12-27 18:00,-.1,0,.1,0,1024.3,1029.2,73,,
763,2022-12-27 19:00,-1.7,0,.1,0,1024.7,1029.6,79.4,,
763,2022-12-27 20:00,-2.8,0,.2,0,1025.1,1030,82.9,,
763,2022-12-27 21:00,-2.6,0,.1,0,1025,1029.9,85.9,,
763,2022-12-27 22:00,-2.7,0,.2,0,1025.2,1030.1,86.7,,
763,2022-12-27 23:00,-3,0,0,0,1025.1,1030,87.1,,
763,2022-12-28 00:00,-3,0,.1,0,1024.8,1029.7,92,,
763,2022-12-28 01:00,-3.2,0,.1,0,1024.3,1029.2,91.9,,
763,2022-12-28 02:00,-4.6,0,0,0,1024.6,1029.6,95.8,,
763,2022-12-28 03:00,-4.1,0,.2,0,1025.2,1030.1,92.2,,
763,2022-12-28 04:00,-4.8,0,0,0,1024.8,1029.8,96.4,,
763,2022-12-28 05:00,-5.1,0,.1,0,1024.6,1029.6,95.7,,
763,2022-12-28 06:00,-5.2,0,0,0,1024.3,1029.3,93.9,,
763,2022-12-28 07:00,-4.3,28,1.9,0,1024.6,1029.5,94.2,,
763,2022-12-28 08:00,-3.8,295.9,.6,0,1025.6,1030.5,95.8,,
763,2022-12-28 09:00,-2.9,0,.3,0,1025.6,1030.5,93,,
763,2022-12-28 10:00,-1.5,36.2,.6,0,1026.2,1031.1,88.8,,
763,2022-12-28 11:00,.4,3,1.5,0,1026.4,1031.3,79.4,,
763,2022-12-28 12:00,1.4,16.1,2.6,0,1025.8,1030.6,68.4,,
763,2022-12-28 13:00,2.1,21.3,2.3,0,1025.3,1030.1,61.6,,
763,2022-12-28 14:00,2.3,19.8,1.5,0,1024.8,1029.6,57.3,,
763,2022-12-28 15:00,2.3,0,.4,0,1024.7,1029.5,57.2,,
763,2022-12-28 16:00,2.1,300.1,.9,0,1025,1029.8,56.2,,
763,2022-12-28 17:00,1.3,328.4,1.1,0,1025.7,1030.5,55.5,,
763,2022-12-28 18:00,-1.4,0,.1,0,1026.2,1031.1,72.1,,
763,2022-12-28 19:00,-3,292.3,.5,0,1026.9,1031.8,80.4,,
763,2022-12-28 20:00,-3.7,0,.2,0,1027.4,1032.3,81.7,,
763,2022-12-28 21:00,-4,0,.2,0,1028.1,1033.1,85.3,,
763,2022-12-28 22:00,-5.2,0,.1,0,1028.5,1033.5,89.2,,
763,2022-12-28 23:00,-5.5,0,.1,0,1028.8,1033.8,89.5,,
763,2022-12-29 00:00,-5.8,0,.1,0,1028.8,1033.8,89.6,,
763,2022-12-29 01:00,-6,0,.2,0,1028.9,1033.9,89.5,,
763,2022-12-29 02:00,-6.2,0,0,0,1029,1034,90,,
763,2022-12-29 03:00,-6.6,0,0,0,1028.9,1033.9,90.2,,
763,2022-12-29 04:00,-6.5,0,.2,0,1028.8,1033.8,91.4,,
763,2022-12-29 05:00,-7.9,0,.1,0,1028.4,1033.4,94.2,,
763,2022-12-29 06:00,-8,0,.3,0,1028.3,1033.3,94.8,,
763,2022-12-29 07:00,-8.3,0,.1,0,1028.6,1033.6,94.1,,
763,2022-12-29 08:00,-7.5,0,.2,0,1028.6,1033.6,94.7,,
763,2022-12-29 09:00,-6,356.6,.7,0,1028.9,1033.9,94.3,,
763,2022-12-29 10:00,-3.8,9.6,.8,0,1029.1,1034.1,85,,
763,2022-12-29 11:00,-1.6,275.8,.7,0,1028.8,1033.7,77.4,,
763,2022-12-29 12:00,.3,8,1,0,1028.4,1033.3,60.6,,
763,2022-12-29 13:00,1.2,13.9,1.2,0,1027.6,1032.5,56.8,,
763,2022-12-29 14:00,1.9,17.1,2.1,0,1027,1031.8,52.4,,
763,2022-12-29 15:00,2,350.1,1.7,0,1027.3,1032.1,54.2,,
763,2022-12-29 16:00,1.7,4.9,1.8,0,1027.5,1032.3,58.1,,
763,2022-12-29 17:00,.3,345.1,.6,0,1027.7,1032.6,62.5,,
763,2022-12-29 18:00,-2.2,0,0,0,1027.7,1032.6,74.9,,
763,2022-12-29 19:00,-2.9,0,.4,0,1028.3,1033.2,77.6,,
763,2022-12-29 20:00,-3.6,0,.1,0,1028.7,1033.7,82.7,,
763,2022-12-29 21:00,-4.1,0,.3,0,1028.5,1033.5,83,,
763,2022-12-29 22:00,-4,0,.3,0,1028.9,1033.9,83.8,,
763,2022-12-29 23:00,-3.3,0,.2,0,1028.9,1033.8,86.5,,
763,2022-12-30 00:00,-4.6,347.4,.8,0,1028.8,1033.8,89.7,,
763,2022-12-30 01:00,-4.6,0,.3,0,1028.3,1033.3,88,,
763,2022-12-30 02:00,-2.9,0,.4,0,1028.3,1033.2,85.7,,
763,2022-12-30 03:00,-2.8,0,.2,0,1028.5,1033.4,90.7,,
763,2022-12-30 04:00,-3.7,0,.3,0,1027.9,1032.8,93.1,,
763,2022-12-30 05:00,-2.9,354.2,.5,0,1027.9,1032.8,92.7,,
763,2022-12-30 06:00,-3.7,0,.2,0,1027.5,1032.4,94.1,,
763,2022-12-30 07:00,-4.1,0,0,0,1028,1033,96.4,,
763,2022-12-30 08:00,-4.7,0,.1,0,1028.3,1033.3,96.6,,
763,2022-12-30 09:00,-3.6,0,.3,0,1028.1,1033,97.1,,
763,2022-12-30 10:00,-1.6,30.7,1,0,1028.4,1033.3,86.5,,
763,2022-12-30 11:00,.8,35.9,1.2,0,1028.1,1033,78.1,,
763,2022-12-30 12:00,2.4,327.8,1.4,0,1027.6,1032.4,70.7,,
763,2022-12-30 13:00,2.7,21.5,1,0,1027,1031.8,68.1,,
763,2022-12-30 14:00,2.8,28.2,1.5,0,1026.2,1031,65.6,,
763,2022-12-30 15:00,2.9,3.3,1.6,0,1026.1,1030.9,63.6,,
763,2022-12-30 16:00,2.6,348.9,1.1,0,1026.3,1031.1,63.7,,
763,2022-12-30 17:00,2,0,.4,0,1026.7,1031.5,70.7,,
763,2022-12-30 18:00,1.4,0,.3,0,1027.1,1031.9,75.2,,
763,2022-12-30 19:00,-.9,0,0,0,1027.4,1032.3,87.4,,
763,2022-12-30 20:00,-1.3,311.6,.8,0,1027.5,1032.4,89.8,,
763,2022-12-30 21:00,-1.2,0,.1,0,1027.4,1032.3,91.2,,
763,2022-12-30 22:00,-.6,0,.2,0,1027.7,1032.6,83.2,,
763,2022-12-30 23:00,-1,0,.2,0,1027.8,1032.7,88.2,,
763,2022-12-31 00:00,-1,0,.1,0,1027.9,1032.8,85,,
763,2022-12-31 01:00,-.5,64,.5,0,1027.7,1032.6,70.4,,
763,2022-12-31 02:00,-.7,0,.2,0,1027.5,1032.4,68.9,,
763,2022-12-31 03:00,-1.5,0,0,0,1027.3,1032.2,79.7,,
763,2022-12-31 04:00,-2.2,0,.1,0,1027,1031.9,77.2,,
763,2022-12-31 05:00,-2.5,0,0,0,1027.3,1032.2,79.3,,
763,2022-12-31 06:00,-2.4,78.1,.5,0,1027.2,1032.1,83.8,,
763,2022-12-31 07:00,-2.2,0,.2,0,1027.4,1032.3,85,,
763,2022-12-31 08:00,-2.1,0,.2,0,1027.9,1032.8,82,,
763,2022-12-31 09:00,-1.5,0,.2,0,1028.2,1033.1,79.8,,
763,2022-12-31 10:00,.3,0,.4,0,1028.2,1033.1,67.4,,
763,2022-12-31 11:00,2.4,196.2,.7,0,1028.3,1033.1,58.9,,
763,2022-12-31 12:00,4.2,231.1,1.3,0,1027.6,1032.4,57.8,,
763,2022-12-31 13:00,4.4,228.6,1.5,0,1026.9,1031.7,53.4,,
763,2022-12-31 14:00,4.1,267.9,2,0,1026.2,1031,54.7,,
763,2022-12-31 15:00,4.1,232.3,1,0,1025.9,1030.7,57.2,,
763,2022-12-31 16:00,4.8,269.1,2.1,0,1025.9,1030.7,51.3,,
763,2022-12-31 17:00,4,271.2,2.4,0,1025.9,1030.7,50.5,,
763,2022-12-31 18:00,.4,0,.2,0,1025.8,1030.7,65.9,,
763,2022-12-31 19:00,-1.3,0,.1,0,1025.9,1030.8,78.2,,
763,2022-12-31 20:00,-1.8,0,0,0,1025.7,1030.6,77.3,,
763,2022-12-31 21:00,-2.5,0,.2,0,1025.8,1030.7,82.7,,
763,2022-12-31 22:00,-1.4,0,.4,0,1025.8,1030.7,79.3,,
763,2022-12-31 23:00,-1.7,0,.3,0,1026.2,1031.1,80.9,,
