지점,일시,기온(°C),풍향(deg),풍속(m/s),강수량(mm),현지기압(hPa),해면기압(hPa),습도(%),일사(MJ/m^2),일조(hr)
702,2023-01-01 00:00,-1.9,21.3,1,0,,,81.4,,3
702,2023-01-01 01:00,-2.6,62,1.2,0,,,79.9,,0
702,2023-01-01 02:00,-3,32.2,1,0,,,85.1,,0
702,2023-01-01 03:00,-2.9,19.5,.9,0,,,81.3,,0
702,2023-01-01 04:00,-3.3,50.7,1.3,0,,,81.5,,0
702,2023-01-01 05:00,-3.6,110.3,.9,0,,,84.1,,0
702,2023-01-01 06:00,-4.6,0,.2,0,,,87.1,,0
702,2023-01-01 07:00,-4.1,38,.9,0,,,87.6,,0
702,2023-01-01 08:00,-3.7,29.2,.6,0,,,87.2,,0
702,2023-01-01 09:00,-2.2,16.7,1,0,,,83.9,,0
702,2023-01-01 10:00,-.5,0,.3,0,,,76.2,,.4
702,2023-01-01 11:00,2.3,13.9,.5,0,,,65.9,,.9
702,2023-01-01 12:00,4,257.3,1.1,,,,59,,1.5
702,2023-01-01 13:00,4.7,341.1,2.2,,,,47.9,,1.9
702,2023-01-01 14:00,5.8,299.3,1.6,,,,45.6,,2.5
702,2023-01-01 15:00,5.4,279.9,1.8,,,,43.3,,2.8
702,2023-01-01 16:00,5.5,338,1.6,,,,39.2,,3.5
702,2023-01-01 17:00,4.7,359.5,2.3,,,,26.6,,3.8
702,2023-01-01 18:00,3.2,3.3,3.8,,,,31,,3.5
702,2023-01-01 19:00,2.3,327.6,1.8,,,,33.3,,3.8
702,2023-01-01 20:00,1,2.8,1.4,,,,38.8,,3.5
702,2023-01-01 21:00,.7,.7,1.9,,,,39,,3.8
702,2023-01-01 22:00,-.6,314.8,1.3,,,,49.1,,3.5
702,2023-01-01 23:00,-2.2,288.3,.9,,,,66.5,,3.8
702,2023-01-02 00:00,-3.5,83.2,1,,,,74.1,,3.5
702,2023-01-02 01:00,-3.7,0,.2,0,,,79.5,,0
702,2023-01-02 02:00,-4,0,.3,0,,,78.3,,0
702,2023-01-02 03:00,-1.9,348.1,3.1,0,,,51.7,,0
702,2023-01-02 04:00,-2.3,1.3,2.2,0,,,49.1,,0
702,2023-01-02 05:00,-2.7,358.1,1.8,0,,,45.8,,0
702,2023-01-02 06:00,-3.7,37.2,1.3,0,,,57.4,,0
702,2023-01-02 07:00,-3.8,13.7,1,0,,,46,,0
702,2023-01-02 08:00,-5.3,0,.3,0,,,68.6,,.1
702,2023-01-02 09:00,-2.5,0,.3,0,,,54.2,,1
702,2023-01-02 10:00,-1.2,97.8,1.5,0,,,45.8,,1.1
702,2023-01-02 11:00,-.9,310.2,1.7,0,,,36.9,,2
702,2023-01-02 12:00,0,327.2,1.4,0,,,33.8,,2.1
702,2023-01-02 13:00,1.1,186.9,1.3,0,,,32,,3
702,2023-01-02 14:00,1.3,92.7,1.9,0,,,30.1,,3.1
702,2023-01-02 15:00,1.3,239.2,4.2,0,,,46.4,,4
702,2023-01-02 16:00,1.2,249.5,3.9,0,,,44,,4.1
702,2023-01-02 17:00,.3,240.8,4.5,0,,,52.3,,5
702,2023-01-02 18:00,-.5,268.3,2.9,0,,,51.5,,4.3
702,2023-01-02 19:00,-1,287.5,3.9,0,,,48.5,,5
702,2023-01-02 20:00,-1.5,271.7,2.7,0,,,52.6,,4.3
702,2023-01-02 21:00,-2.7,24.7,1.2,0,,,59.8,,5
702,2023-01-02 22:00,-4,0,.1,0,,,73.2,,4.3
702,2023-01-02 23:00,-4.7,48.9,1.4,0,,,72.7,,5
702,2023-01-03 00:00,-5.8,17,.8,0,,,79.1,,4.3
702,2023-01-03 01:00,-6.1,63.2,.9,0,,,85.9,,0
702,2023-01-03 02:00,-6.3,19.9,.7,0,,,85.8,,0
702,2023-01-03 03:00,-6.4,124,.5,0,,,82.5,,0
702,2023-01-03 04:00,-7.3,0,.1,0,,,84.5,,0
702,2023-01-03 05:00,-7.3,0,.3,0,,,85.7,,0
702,2023-01-03 06:00,-7.5,43.3,1.2,0,,,84.3,,0
702,2023-01-03 07:00,-7.8,69,.5,0,,,84.1,,0
702,2023-01-03 08:00,-7.4,31.5,.8,0,,,81.9,,.2
702,2023-01-03 09:00,-4.7,0,.3,0,,,71.8,,1
702,2023-01-03 10:00,-2,107.6,.6,0,,,69.1,,1.2
702,2023-01-03 11:00,-.9,211.1,1.1,0,,,59.1,,2
702,2023-01-03 12:00,.5,170.4,1.5,0,,,45.7,,2.2
702,2023-01-03 13:00,1.1,331.9,2.7,0,,,42.8,,3
702,2023-01-03 14:00,1.9,4.5,2.5,0,,,45.7,,3.2
702,2023-01-03 15:00,2.7,305.6,1.8,0,,,44.2,,4
702,2023-01-03 16:00,2.2,229.9,4,0,,,51.4,,4.2
702,2023-01-03 17:00,1.2,243.7,3.1,0,,,60.6,,5
702,2023-01-03 18:00,.5,265.2,2.4,0,,,58.8,,4.4
702,2023-01-03 19:00,.1,290.5,3,0,,,61.7,,5
702,2023-01-03 20:00,-.4,293.9,2.9,0,,,63.3,,4.4
702,2023-01-03 21:00,-1.3,337.7,1.9,0,,,60.6,,5
702,2023-01-03 22:00,-1.9,345.1,1.7,0,,,53.8,,4.4
702,2023-01-03 23:00,-2.5,357.5,1.9,0,,,51.9,,5
702,2023-01-04 00:00,-4.8,109.1,1.4,0,,,72.9,,4.4
702,2023-01-04 01:00,-5.4,0,.2,0,,,78.2,,0
702,2023-01-04 02:00,-6,102.5,1,0,,,83.3,,0
702,2023-01-04 03:00,-6.3,42.2,.9,0,,,83.6,,0
702,2023-01-04 04:00,-5.9,41.6,.8,0,,,78,,0
702,2023-01-04 05:00,-5,55.8,1,0,,,71.1,,0
702,2023-01-04 06:00,-4.1,65,1.2,0,,,66,,0
702,2023-01-04 07:00,-3.7,51.4,.9,0,,,67,,0
702,2023-01-04 08:00,-3,44.9,1.1,0,,,64,,0
702,2023-01-04 09:00,-1.6,56.6,1.2,0,,,64.8,,.5
702,2023-01-04 10:00,.3,78.5,.5,0,,,52,,1
702,2023-01-04 11:00,2.7,121.4,.7,0,,,49.4,,1.5
702,2023-01-04 12:00,3.3,207.4,1.2,0,,,50.3,,2
702,2023-01-04 13:00,4.8,244.4,2.6,0,,,52.6,,2.5
702,2023-01-04 14:00,5.1,234.4,2.5,0,,,49.7,,3
702,2023-01-04 15:00,5.5,235.4,2.5,0,,,53.6,,3.5
702,2023-01-04 16:00,4.4,235.4,3.5,0,,,61,,4
702,2023-01-04 17:00,3.1,249.3,3.4,0,,,63.5,,4.1
702,2023-01-04 18:00,1.2,238.9,2.1,0,,,75.1,,4
702,2023-01-04 19:00,.4,251.4,2,0,,,76.3,,4.1
702,2023-01-04 20:00,-1.4,62.8,1.7,0,,,84.2,,4
702,2023-01-04 21:00,-2.2,0,.4,0,,,89.2,,4.1
702,2023-01-04 22:00,-3.2,0,.3,0,,,90.1,,4
702,2023-01-04 23:00,-2.6,25.4,.6,0,,,88.5,,4.1
702,2023-01-05 00:00,-3,48.5,1.8,0,,,87.2,,4
702,2023-01-05 01:00,-3.8,29.6,.7,0,,,88.9,,0
702,2023-01-05 02:00,-3.7,31,1,0,,,90,,0
702,2023-01-05 03:00,-3.6,0,.2,0,,,89.2,,0
702,2023-01-05 04:00,-3.2,56.6,1.5,0,,,84.4,,0
702,2023-01-05 05:00,-2.5,40.4,1.3,0,,,83.1,,0
702,2023-01-05 06:00,-2,0,.4,0,,,83.5,,0
702,2023-01-05 07:00,-1.8,223.6,.6,0,,,85.7,,0
702,2023-01-05 08:00,-1.4,356,.7,0,,,79.8,,0
702,2023-01-05 09:00,-1,2.1,.9,0,,,78.1,,0
702,2023-01-05 10:00,.3,7.8,.8,0,,,72.7,,0
702,2023-01-05 11:00,2.4,126.7,1.3,0,,,57.1,,.9
702,2023-01-05 12:00,4.6,146.5,1.1,0,,,49.1,,1
702,2023-01-05 13:00,6.4,309.1,1.1,0,,,50.1,,1.9
702,2023-01-05 14:00,6.7,335.6,1.2,0,,,52.9,,2
702,2023-01-05 15:00,6.4,330.8,1.8,0,,,55.4,,2.9
702,2023-01-05 16:00,6.2,300,1.4,0,,,54.9,,3
702,2023-01-05 17:00,4.5,196.4,1.3,0,,,67.1,,3.1
702,2023-01-05 18:00,2.5,306.6,.9,0,,,69.5,,3
702,2023-01-05 19:00,2.1,318.9,1,0,,,74.5,,3.1
702,2023-01-05 20:00,1,9.4,.6,0,,,75.3,,3
702,2023-01-05 21:00,-.6,0,.2,0,,,87.8,,3.1
702,2023-01-05 22:00,.6,326.6,.8,0,,,76.5,,3
702,2023-01-05 23:00,-.5,82.1,1.6,0,,,87.7,,3.1
702,2023-01-06 00:00,-.1,0,.2,0,,,81.9,,3
702,2023-01-06 01:00,-1,7.9,.5,0,,,89.3,,0
702,2023-01-06 02:00,-1.4,29.2,1,0,,,89.5,,0
702,2023-01-06 03:00,-1.5,311.2,.5,0,,,88.3,,0
702,2023-01-06 04:00,-2.5,139.3,.6,0,,,90,,0
702,2023-01-06 05:00,-2.8,0,.3,0,,,90.2,,0
702,2023-01-06 06:00,-3.2,353.7,.9,0,,,90.4,,0
702,2023-01-06 07:00,-2.7,0,.4,0,,,90.6,,0
702,2023-01-06 08:00,-3.3,0,.4,0,,,89.7,,0
702,2023-01-06 09:00,-2.2,10.5,.5,0,,,91,,0
702,2023-01-06 10:00,-.1,0,.4,0,,,83,,.6
702,2023-01-06 11:00,2.1,130.8,.6,0,,,73.7,,.9
702,2023-01-06 12:00,3.2,187.2,.8,0,,,71.7,,.7
702,2023-01-06 13:00,5.2,115.9,1.3,0,,,70.6,,1.5
702,2023-01-06 14:00,6.8,132,1.9,0,,,59.2,,1.6
702,2023-01-06 15:00,7.1,110.6,1.7,0,,,59.3,,2.5
702,2023-01-06 16:00,7.4,0,.3,0,,,57.7,,2.2
702,2023-01-06 17:00,5.7,165.9,1.3,0,,,70.1,,2.5
702,2023-01-06 18:00,3.4,90.8,2.7,0,,,75.1,,2.2
702,2023-01-06 19:00,2.9,118.3,.9,0,,,76.7,,2.5
702,2023-01-06 20:00,2.4,107.8,2,0,,,79,,2.2
702,2023-01-06 21:00,2.7,168.9,1.1,.2,,,83.8,,2.5
702,2023-01-06 22:00,3.5,133.6,2.8,.2,,,87.6,,2.2
702,2023-01-06 23:00,3.4,253.7,1.1,1.1,,,91.6,,2.5
702,2023-01-07 00:00,4.1,250,2.9,1.8,,,90.8,,2.2
702,2023-01-07 01:00,4.4,256.2,5.3,0,,,75.2,,0
702,2023-01-07 02:00,3.4,246.1,3.1,0,,,73,,0
702,2023-01-07 03:00,2.3,225.3,2.6,0,,,75.3,,0
702,2023-01-07 04:00,3,251.4,2.5,0,,,78.4,,0
702,2023-01-07 05:00,4.4,257.8,4.8,0,,,68.7,,0
702,2023-01-07 06:00,4.2,261.6,3.3,0,,,65.2,,0
702,2023-01-07 07:00,4.3,264.8,3.2,0,,,67.4,,0
702,2023-01-07 08:00,3.7,256.3,3.1,0,,,67.1,,0
702,2023-01-07 09:00,4.1,271.4,2.8,0,,,59.4,,0
702,2023-01-07 10:00,5.4,276.3,3.6,0,,,53.1,,.9
702,2023-01-07 11:00,6.1,283.9,4.9,0,,,49.1,,1
702,2023-01-07 12:00,6.5,274.2,6.1,0,,,45.9,,1.9
702,2023-01-07 13:00,6.6,267.4,7.3,0,,,45.8,,2
702,2023-01-07 14:00,6.2,268.5,7.3,0,,,44.2,,2.9
702,2023-01-07 15:00,6.1,267.8,6.8,0,,,40.8,,3
702,2023-01-07 16:00,5.6,269.6,6.4,0,,,46.9,,3.9
702,2023-01-07 17:00,5,262.3,4.1,0,,,44.7,,3.8
702,2023-01-07 18:00,3.9,263.3,2.8,0,,,46.9,,3.9
702,2023-01-07 19:00,3.5,283.6,3.7,0,,,49.1,,3.8
702,2023-01-07 20:00,2.9,299.1,1.5,0,,,51.8,,3.9
702,2023-01-07 21:00,.1,253.6,1.4,0,,,73.4,,3.8
702,2023-01-07 22:00,-.9,285.7,.6,0,,,81.3,,3.9
702,2023-01-07 23:00,-2.1,62.5,1.3,0,,,83,,3.8
702,2023-01-08 00:00,-2.6,111.7,1,0,,,89.5,,3.9
702,2023-01-08 01:00,-2.8,0,.2,0,,,88.4,,0
702,2023-01-08 02:00,-2.7,59.1,1.2,0,,,87.7,,0
702,2023-01-08 03:00,-2.7,29.8,1,0,,,87.9,,0
702,2023-01-08 04:00,-2.9,62.2,1.1,0,,,84.4,,0
702,2023-01-08 05:00,-3.2,47.1,1.3,0,,,87.1,,0
702,2023-01-08 06:00,-3,50.8,2.1,0,,,85.4,,0
702,2023-01-08 07:00,-2.8,4.7,1,0,,,82.2,,0
702,2023-01-08 08:00,-2.5,344.8,1.5,0,,,84.9,,0
702,2023-01-08 09:00,-1.7,113,1.7,0,,,83.1,,.8
702,2023-01-08 10:00,1,66.3,1.1,0,,,73.2,,1
702,2023-01-08 11:00,3,119.8,1.9,0,,,66.9,,1.8
702,2023-01-08 12:00,5.6,99.3,1.3,0,,,57.6,,2
702,2023-01-08 13:00,6.2,79.1,1,0,,,46.6,,2.8
702,2023-01-08 14:00,7.2,170.3,1,0,,,44.7,,3
702,2023-01-08 15:00,8.2,216,.6,0,,,41.2,,3.8
702,2023-01-08 16:00,8,171.2,.9,0,,,39,,4
702,2023-01-08 17:00,6.5,0,.3,0,,,56.1,,4.1
702,2023-01-08 18:00,3.6,333.7,.5,0,,,58.7,,4
702,2023-01-08 19:00,1.8,0,.3,0,,,70.8,,4.1
702,2023-01-08 20:00,1.7,47.1,1.1,0,,,70,,4
702,2023-01-08 21:00,1.9,43.4,1.2,0,,,63.3,,4.1
702,2023-01-08 22:00,1.3,33.3,1.2,0,,,65.8,,4
702,2023-01-08 23:00,.7,30,1.2,0,,,66.2,,4.1
702,2023-01-09 00:00,.5,31.3,1,0,,,68.8,,4
702,2023-01-09 01:00,.3,18,1.4,0,,,71.5,,0
702,2023-01-09 02:00,-.2,19.8,1.2,0,,,75.6,,0
702,2023-01-09 03:00,.1,28,.8,0,,,76.2,,0
702,2023-01-09 04:00,.1,0,.3,0,,,86.6,,0
702,2023-01-09 05:00,2.1,36.4,.8,0,,,72.5,,0
702,2023-01-09 06:00,2.5,0,.4,0,,,73.2,,0
702,2023-01-09 07:00,3.5,43.8,.9,0,,,69.9,,0
702,2023-01-09 08:00,5,335.5,1.2,0,,,66.9,,0
702,2023-01-09 09:00,4.2,320.6,1.3,0,,,69,,0
702,2023-01-09 10:00,5.5,74.2,.6,0,,,69.5,,0
702,2023-01-09 11:00,6.3,0,.3,0,,,72.5,,0
702,2023-01-09 12:00,6.2,349,3.5,0,,,67.8,,0
702,2023-01-09 13:00,8.4,310.4,1.4,0,,,60.3,,.2
702,2023-01-09 14:00,8.2,297.6,2.7,0,,,60.7,,.5
702,2023-01-09 15:00,9.1,210.7,3.8,0,,,66.9,,1
702,2023-01-09 16:00,8.4,258.8,4.4,0,,,64.2,,1.4
702,2023-01-09 17:00,7,259.3,3.2,0,,,63.3,,1.6
702,2023-01-09 18:00,5.1,275.9,2.6,0,,,61.1,,1.4
702,2023-01-09 19:00,4.1,304.7,2,0,,,56.9,,1.6
702,2023-01-09 20:00,2,19.6,1.4,0,,,65,,1.4
702,2023-01-09 21:00,2,349,2.1,0,,,55.2,,1.6
702,2023-01-09 22:00,1.1,333.9,1.4,0,,,54.6,,1.4
702,2023-01-09 23:00,-.2,17.9,.8,0,,,68.2,,1.6
702,2023-01-10 00:00,.1,330.7,1.7,0,,,57.3,,1.4
702,2023-01-10 01:00,.4,329.3,2.9,0,,,56.2,,0
702,2023-01-10 02:00,-.4,342.1,2.5,0,,,59.2,,0
702,2023-01-10 03:00,-1.7,21.8,1.2,0,,,66.6,,0
702,2023-01-10 04:00,-2.7,92.5,.8,0,,,74.1,,0
702,2023-01-10 05:00,-4,137.8,.5,0,,,85.1,,0
702,2023-01-10 06:00,-4.4,0,.1,0,,,86.6,,0
702,2023-01-10 07:00,-5,0,.3,0,,,87.9,,0
702,2023-01-10 08:00,-5.2,135.1,.5,0,,,88.8,,.2
702,2023-01-10 09:00,-3.2,60,.5,0,,,83.6,,1
702,2023-01-10 10:00,-.3,121.5,1.1,0,,,73.8,,1.2
702,2023-01-10 11:00,1,115.5,1.2,0,,,65.5,,2
702,2023-01-10 12:00,3.2,113.9,1.4,0,,,60.5,,2.2
702,2023-01-10 13:00,5.7,274.5,1.3,0,,,45.2,,3
702,2023-01-10 14:00,7.2,309.4,1.7,0,,,35.8,,3.2
702,2023-01-10 15:00,7.4,240.9,2.9,0,,,33.7,,4
702,2023-01-10 16:00,8.2,249.9,1.4,0,,,38.2,,4.2
702,2023-01-10 17:00,5.4,210.1,1.4,0,,,55.4,,4.4
702,2023-01-10 18:00,3.3,233.3,2.1,0,,,65.6,,4.2
702,2023-01-10 19:00,2.5,253.1,2.1,0,,,67.2,,4.4
702,2023-01-10 20:00,.1,106.5,1.1,0,,,84,,4.2
702,2023-01-10 21:00,-.5,0,.3,0,,,83.8,,4.4
702,2023-01-10 22:00,-.6,47.1,1.2,0,,,84,,4.2
702,2023-01-10 23:00,-.2,13.2,.5,0,,,76,,4.4
702,2023-01-11 00:00,-1,336.6,.5,0,,,85.6,,4.2
702,2023-01-11 01:00,-1.5,343.9,.8,0,,,85.8,,0
702,2023-01-11 02:00,-2.3,118.6,.8,0,,,89.2,,0
702,2023-01-11 03:00,-3,25.9,.9,0,,,88,,0
702,2023-01-11 04:00,-2.8,265.6,.6,0,,,88.6,,0
702,2023-01-11 05:00,-3.4,0,0,0,,,90.8,,0
702,2023-01-11 06:00,-3.8,0,.1,0,,,90.6,,0
702,2023-01-11 07:00,-3.9,0,.1,0,,,92.6,,0
702,2023-01-11 08:00,-4.2,0,.3,0,,,91.7,,0
702,2023-01-11 09:00,-1.4,114.5,.5,0,,,84.1,,.9
702,2023-01-11 10:00,2.5,0,.1,0,,,72,,1
702,2023-01-11 11:00,5.3,0,.4,,,,56.2,,1.9
702,2023-01-11 12:00,5.6,308.7,1.5,,,,53.2,,2
702,2023-01-11 13:00,7.8,172.5,1,,,,46.2,,2.9
702,2023-01-11 14:00,10,112.9,.8,,,,38.7,,3
702,2023-01-11 15:00,10.2,223.8,2,,,,34.8,,3.9
702,2023-01-11 16:00,10,194,1.3,,,,27.3,,4
702,2023-01-11 17:00,9,305.2,1.3,,,,24.8,,4.9
702,2023-01-11 18:00,4.9,323.6,.5,,,,36.3,,4.1
702,2023-01-11 19:00,2.4,349.7,.5,,,,51.2,,4.9
702,2023-01-11 20:00,1.5,0,.4,,,,58.8,,4.1
702,2023-01-11 21:00,-.3,0,.2,,,,74,,4.9
702,2023-01-11 22:00,-1.4,0,.2,,,,83,,4.1
702,2023-01-11 23:00,-1.6,23.1,.8,,,,78.2,,4.9
702,2023-01-12 00:00,-1.2,13.9,.5,,,,76.1,,4.1
702,2023-01-12 01:00,-2,349.9,.6,0,,,82.4,,0
702,2023-01-12 02:00,-2.4,0,.1,0,,,86.7,,0
702,2023-01-12 03:00,-2.7,355.9,.6,0,,,82.6,,0
702,2023-01-12 04:00,-2.6,357.4,.7,0,,,81.2,,0
702,2023-01-12 05:00,-2.7,343.6,1,0,,,84.2,,0
702,2023-01-12 06:00,-3.1,53.8,1.1,0,,,83.6,,0
702,2023-01-12 07:00,-2.6,0,.2,0,,,83.1,,0
702,2023-01-12 08:00,-2.5,337.1,.6,0,,,83.5,,.2
702,2023-01-12 09:00,1.8,325,.9,0,,,60.5,,1
702,2023-01-12 10:00,3.1,314.5,1.3,0,,,55.1,,1.2
702,2023-01-12 11:00,6.2,339.7,1.6,0,,,51.6,,2
702,2023-01-12 12:00,8.7,334.3,3,0,,,47.1,,2.2
702,2023-01-12 13:00,11.1,307.5,2.7,0,,,46.7,,3
702,2023-01-12 14:00,13.8,306.6,1.5,0,,,32.7,,3.2
702,2023-01-12 15:00,15.6,244.6,1.4,0,,,27.2,,4
702,2023-01-12 16:00,16.1,128.2,.6,0,,,22.5,,4.2
702,2023-01-12 17:00,13,6,1.1,0,,,40.4,,4.2
702,2023-01-12 18:00,11.7,8.1,1.3,0,,,37.9,,4.2
702,2023-01-12 19:00,10.1,2.2,.5,0,,,47.9,,4.2
702,2023-01-12 20:00,11,59.2,1.2,0,,,43.4,,4.2
702,2023-01-12 21:00,11.7,93.1,.8,0,,,46.3,,4.2
702,2023-01-12 22:00,10.9,46.5,1.6,.3,,,65.6,,4.2
702,2023-01-12 23:00,10.7,51.8,2.7,0,,,66.3,,4.2
702,2023-01-13 00:00,10.8,73.5,2.5,.4,,,73.6,,4.2
702,2023-01-13 01:00,11.2,101.4,2.5,.1,,,83,,0
702,2023-01-13 02:00,11.9,87.9,2.2,0,,,84.2,,0
702,2023-01-13 03:00,12.3,94,3.4,1.3,,,89,,0
702,2023-01-13 04:00,12.7,80,2.8,1.6,,,92.9,,0
702,2023-01-13 05:00,13.4,100.3,3.4,2.1,,,88.9,,0
702,2023-01-13 06:00,13.8,116.1,3,3.9,,,94.2,,0
702,2023-01-13 07:00,13.4,208.4,1.3,3.9,,,95.9,,0
702,2023-01-13 08:00,13.3,128.7,.8,2.4,,,93.8,,0
702,2023-01-13 09:00,13.4,134.1,1.4,6,,,95.9,,0
702,2023-01-13 10:00,13.9,0,.3,4.1,,,95.9,,0
702,2023-01-13 11:00,13.5,246.7,5.6,3.3,,,95.3,,0
702,2023-01-13 12:00,12.9,240.5,2.5,0,,,95.2,,0
702,2023-01-13 13:00,13,216.7,2.8,0,,,95.2,,0
702,2023-01-13 14:00,13,250.3,3.2,0,,,95.3,,0
702,2023-01-13 15:00,11.9,246.1,4.1,0,,,95,,0
702,2023-01-13 16:00,11.2,239,3.9,0,,,95.1,,0
702,2023-01-13 17:00,10.4,245.3,3.6,0,,,95.1,,0
702,2023-01-13 18:00,9.7,243.1,3.3,0,,,94.7,,0
702,2023-01-13 19:00,9.3,248.5,1.9,0,,,95.1,,0
702,2023-01-13 20:00,8.9,225.2,1.9,0,,,95.4,,0
702,2023-01-13 21:00,8.5,231.2,3.1,0,,,95.3,,0
702,2023-01-13 22:00,8.4,228.5,1.7,0,,,95.5,,0
702,2023-01-13 23:00,8.3,262.5,1.8,0,,,95.5,,0
702,2023-01-14 00:00,8.3,248.1,2.7,0,,,95.5,,0
702,2023-01-14 01:00,8,199.1,1.2,0,,,95.4,,0
702,2023-01-14 02:00,7.9,221.6,2.2,0,,,95.6,,0
702,2023-01-14 03:00,7.8,137.5,1.2,0,,,95.6,,0
702,2023-01-14 04:00,7.7,237.1,.7,0,,,95.5,,0
702,2023-01-14 05:00,7.7,228,2.3,0,,,95.6,,0
702,2023-01-14 06:00,7.4,221.2,1.7,.1,,,95.7,,0
702,2023-01-14 07:00,7.3,249.6,2.7,0,,,95.6,,0
702,2023-01-14 08:00,7.3,213.2,.6,.1,,,95.6,,0
702,2023-01-14 09:00,7.4,198.3,1.8,0,,,95.6,,0
702,2023-01-14 10:00,7.6,267.3,2.3,0,,,95.5,,0
702,2023-01-14 11:00,7.6,227.8,2,0,,,95.6,,0
702,2023-01-14 12:00,7.5,212.4,2.3,0,,,95.4,,0
702,2023-01-14 13:00,7.6,189.2,1.6,0,,,95.4,,0
702,2023-01-14 14:00,8,160.1,1.7,0,,,95.1,,0
702,2023-01-14 15:00,8.2,187.1,1.8,0,,,94.4,,0
702,2023-01-14 16:00,7.8,215.9,2.6,0,,,94.9,,0
702,2023-01-14 17:00,6.3,249.1,4.9,0,,,95.1,,0
702,2023-01-14 18:00,5.9,230.4,2.4,0,,,94.4,,0
702,2023-01-14 19:00,5.5,202.1,3.7,0,,,93.2,,0
702,2023-01-14 20:00,5,226.8,4.7,0,,,95.9,,0
702,2023-01-14 21:00,4.7,220.6,2.7,0,,,94.7,,0
702,2023-01-14 22:00,4.6,182.9,2.1,.1,,,95.9,,0
702,2023-01-14 23:00,4.5,182.7,3,.1,,,94.8,,0
702,2023-01-15 00:00,4.5,209.8,3.3,0,,,94.4,,0
702,2023-01-15 01:00,4.4,213.6,3.3,.1,,,95.9,,0
702,2023-01-15 02:00,4.5,224.8,3.1,.1,,,95.9,,0
702,2023-01-15 03:00,4.2,243,5.8,.1,,,94.7,,0
702,2023-01-15 04:00,3.6,250.1,4.1,0,,,91.4,,0
702,2023-01-15 05:00,3.2,250.1,3.5,0,,,90.3,,0
702,2023-01-15 06:00,2.5,246,4.5,0,,,91,,0
702,2023-01-15 07:00,2.1,267.2,5.2,0,,,86,,0
702,2023-01-15 08:00,1.7,255.6,4.3,0,,,84.6,,0
702,2023-01-15 09:00,1.4,253.3,5.1,0,,,81.8,,0
702,2023-01-15 10:00,1.2,269.4,4.6,0,,,79.9,,0
702,2023-01-15 11:00,1.1,259.6,4.1,0,,,76,,0
702,2023-01-15 12:00,1.2,255.3,4.7,0,,,72.7,,0
702,2023-01-15 13:00,1.1,256.2,5.3,0,,,70.4,,0
702,2023-01-15 14:00,1.2,264.7,4.5,0,,,68.4,,.1
702,2023-01-15 15:00,1,270.5,4.7,0,,,66.7,,0
702,2023-01-15 16:00,.9,273.9,4.4,0,,,63.5,,.5
702,2023-01-15 17:00,.1,278.1,4.2,0,,,60.4,,.1
702,2023-01-15 18:00,-.4,279.8,5,0,,,59.7,,.4
702,2023-01-15 19:00,-.8,282.3,3,0,,,59.8,,.1
702,2023-01-15 20:00,-1,306.2,3.5,0,,,60.4,,.4
702,2023-01-15 21:00,-1.3,291,3.8,0,,,58.7,,.1
702,2023-01-15 22:00,-1.4,321.5,1.9,0,,,60.8,,.4
702,2023-01-15 23:00,-1.7,338.7,1.2,0,,,61.9,,.1
702,2023-01-16 00:00,-1.6,322.7,2.1,0,,,60.7,,.4
702,2023-01-16 01:00,-2,321.7,3.1,0,,,57,,0
702,2023-01-16 02:00,-2.3,341.1,1.5,0,,,56.6,,0
702,2023-01-16 03:00,-2.4,321.9,1.7,0,,,59.9,,0
702,2023-01-16 04:00,-2.4,292.6,1.8,0,,,60.7,,0
702,2023-01-16 05:00,-2.9,280.1,2.7,0,,,59.6,,0
702,2023-01-16 06:00,-3.2,296.1,3.4,0,,,62.6,,0
702,2023-01-16 07:00,-3.7,308.9,2.2,0,,,65.6,,0
702,2023-01-16 08:00,-3.8,320.7,2.2,0,,,61.9,,0
702,2023-01-16 09:00,-3.2,335.3,2.8,0,,,54.2,,1
702,2023-01-16 10:00,-2.7,320.1,3.1,0,,,53.2,,1
702,2023-01-16 11:00,-2,311.2,2.3,0,,,49.7,,2
702,2023-01-16 12:00,-.5,18.5,1.3,0,,,51,,2
702,2023-01-16 13:00,.3,285,2.2,0,,,46.1,,3
702,2023-01-16 14:00,.8,257.8,2.8,0,,,49.5,,3
702,2023-01-16 15:00,.5,314.5,1.5,0,,,36,,4
702,2023-01-16 16:00,.9,285.3,2.8,0,,,32.5,,4
702,2023-01-16 17:00,.6,284,3,0,,,41.2,,5
702,2023-01-16 18:00,-.9,260.9,3.6,0,,,53.7,,4.3
702,2023-01-16 19:00,-1.5,287.6,3.7,0,,,48.1,,5
702,2023-01-16 20:00,-2,299.8,3.4,0,,,47.6,,4.3
702,2023-01-16 21:00,-2.5,336.9,2.2,0,,,46.6,,5
702,2023-01-16 22:00,-3,342.4,1.8,0,,,50.1,,4.3
702,2023-01-16 23:00,-3.4,347.3,2.1,0,,,54.7,,5
702,2023-01-17 00:00,-3.8,348,2.1,0,,,59.9,,4.3
702,2023-01-17 01:00,-3.9,358.3,2.5,0,,,62.4,,0
702,2023-01-17 02:00,-4,350.6,1.9,0,,,57.3,,0
702,2023-01-17 03:00,-4.1,343,1.1,0,,,56.2,,0
702,2023-01-17 04:00,-4.5,82.1,1.2,0,,,65.6,,0
702,2023-01-17 05:00,-4.9,60.4,2.6,0,,,76.4,,0
702,2023-01-17 06:00,-5,56.8,2.1,0,,,76.7,,0
702,2023-01-17 07:00,-4.9,64.8,.5,0,,,70.1,,0
702,2023-01-17 08:00,-4.6,0,.3,0,,,74.8,,0
702,2023-01-17 09:00,-3.2,58.3,2.7,0,,,61.9,,1
702,2023-01-17 10:00,-2.1,333.3,1.7,0,,,55.4,,.8
702,2023-01-17 11:00,-1.3,322.6,2.3,0,,,42.6,,2
702,2023-01-17 12:00,0,12.1,1.1,0,,,39.6,,1.5
702,2023-01-17 13:00,1,313.9,2.2,0,,,42.2,,3
702,2023-01-17 14:00,1.6,304.7,3,0,,,39.8,,2.5
702,2023-01-17 15:00,2.5,321.1,2.7,0,,,42,,4
702,2023-01-17 16:00,2.4,334.1,2,0,,,39,,3.5
702,2023-01-17 17:00,1.9,214.3,2.3,0,,,48.5,,4.8
702,2023-01-17 18:00,1.1,287.3,2,0,,,54.2,,3.5
702,2023-01-17 19:00,.7,279.4,1.7,0,,,57,,4.8
702,2023-01-17 20:00,-.3,264.3,.5,0,,,70.2,,3.5
702,2023-01-17 21:00,-1.4,274.2,.7,0,,,80.1,,4.8
702,2023-01-17 22:00,-2.2,115.3,.6,0,,,88.2,,3.5
702,2023-01-17 23:00,-2.1,0,.3,0,,,88.4,,4.8
702,2023-01-18 00:00,-2.9,56.3,1.1,0,,,87.5,,3.5
702,2023-01-18 01:00,-3.1,33.6,.9,0,,,89.4,,0
702,2023-01-18 02:00,-2.7,65.8,1.1,0,,,80.4,,0
702,2023-01-18 03:00,-2.7,46.3,1.1,0,,,81.7,,0
702,2023-01-18 04:00,-2.4,66.4,1.1,0,,,80.5,,0
702,2023-01-18 05:00,-2.2,60.2,1.5,0,,,79.6,,0
702,2023-01-18 06:00,-1.7,83.4,.8,0,,,80,,0
702,2023-01-18 07:00,-2.1,49,1.1,0,,,83.2,,0
702,2023-01-18 08:00,-1.7,77,1.2,0,,,84.5,,0
702,2023-01-18 09:00,-1.1,324.7,1.2,0,,,79.4,,0
702,2023-01-18 10:00,.3,136.4,1,0,,,75.3,,1
702,2023-01-18 11:00,.8,124,1.6,0,,,70.7,,.6
702,2023-01-18 12:00,2.1,181.8,1.2,0,,,63.9,,2
702,2023-01-18 13:00,2.8,314.7,1.3,0,,,46.5,,1.4
702,2023-01-18 14:00,4.3,292.5,1.3,0,,,47,,2.8
702,2023-01-18 15:00,3.9,322.8,2.7,0,,,49.4,,1.9
702,2023-01-18 16:00,4.3,353.3,.9,0,,,50.7,,3.5
702,2023-01-18 17:00,2.9,33.4,2.2,0,,,62.6,,2.9
702,2023-01-18 18:00,2,358.6,3.1,0,,,61.6,,3.5
702,2023-01-18 19:00,.8,43.7,.6,0,,,68.9,,3
702,2023-01-18 20:00,1.4,349.1,2.4,0,,,54.8,,3.5
702,2023-01-18 21:00,-.6,2.8,.5,0,,,70.2,,3
702,2023-01-18 22:00,-1.5,142.8,.8,0,,,84.9,,3.5
702,2023-01-18 23:00,-2.6,0,.2,0,,,86.5,,3
702,2023-01-19 00:00,-2.9,77.5,.8,0,,,87,,3.5
702,2023-01-19 01:00,-3.1,0,0,0,,,89.8,,0
702,2023-01-19 02:00,-3.2,31.7,.9,0,,,88.8,,0
702,2023-01-19 03:00,-3.3,60.5,.9,0,,,84.2,,0
702,2023-01-19 04:00,-3.6,23.7,.7,0,,,84.8,,0
702,2023-01-19 05:00,-4,100.5,1.2,0,,,87.7,,0
702,2023-01-19 06:00,-4,7.7,.7,0,,,87.2,,0
702,2023-01-19 07:00,-4.1,62.9,1,0,,,88,,0
702,2023-01-19 08:00,-3.5,259.6,1.2,0,,,86.7,,0
702,2023-01-19 09:00,-2,55.2,1.3,0,,,79.6,,.9
702,2023-01-19 10:00,-.6,124.8,1.7,0,,,77.5,,1
702,2023-01-19 11:00,1.8,128.5,1.1,0,,,67.2,,1.9
702,2023-01-19 12:00,3.6,180.1,2.1,0,,,50.5,,2
702,2023-01-19 13:00,4.9,206,3.1,0,,,52.6,,2.9
702,2023-01-19 14:00,5.1,218.9,4.1,0,,,48,,2.9
702,2023-01-19 15:00,5.9,213.9,3.2,0,,,41.5,,3.9
702,2023-01-19 16:00,5.7,225.8,3.4,0,,,44.1,,3.9
702,2023-01-19 17:00,5,222.5,3.3,0,,,43.8,,4.7
702,2023-01-19 18:00,3.3,179.8,1.6,0,,,64.4,,3.9
702,2023-01-19 19:00,2.3,157,.9,0,,,67.9,,4.7
702,2023-01-19 20:00,1.4,108.3,.7,0,,,76.7,,3.9
702,2023-01-19 21:00,1.9,0,.1,0,,,67.4,,4.7
702,2023-01-19 22:00,1.5,0,.1,0,,,68.3,,3.9
702,2023-01-19 23:00,1.7,224.6,1.6,0,,,69.2,,4.7
702,2023-01-20 00:00,2.3,181.3,1.6,0,,,64.2,,3.9
702,2023-01-20 01:00,1.8,180,1.5,0,,,70.8,,0
702,2023-01-20 02:00,3,210.6,3,0,,,67.5,,0
702,2023-01-20 03:00,2.5,253.1,2.1,0,,,73.5,,0
702,2023-01-20 04:00,3.8,281.6,3.3,0,,,58.7,,0
702,2023-01-20 05:00,3.7,287.2,3.1,0,,,48.8,,0
702,2023-01-20 06:00,2.8,271.9,2,0,,,51.1,,0
702,2023-01-20 07:00,3.2,287.2,3.6,0,,,45.2,,0
702,2023-01-20 08:00,2.7,287.3,3.4,0,,,46.8,,0
702,2023-01-20 09:00,2.4,291.8,4.6,0,,,49.6,,.5
702,2023-01-20 10:00,1.8,296.9,5.8,0,,,51.6,,.7
702,2023-01-20 11:00,1.1,296.3,6.2,0,,,47.4,,1.2
702,2023-01-20 12:00,.8,321.4,5.6,0,,,32.9,,1.6
702,2023-01-20 13:00,.8,340.2,5.5,0,,,30.2,,2.1
702,2023-01-20 14:00,1.3,335.3,3.5,0,,,32,,2.6
702,2023-01-20 15:00,1.3,287.1,3.7,0,,,28.9,,3.1
702,2023-01-20 16:00,1.1,307.4,2.7,0,,,33.1,,3.6
702,2023-01-20 17:00,.1,278.6,4,0,,,36.6,,4.1
702,2023-01-20 18:00,-1.2,290,3.9,0,,,37.9,,4
702,2023-01-20 19:00,-1.7,300.3,2.5,0,,,45.8,,4.1
702,2023-01-20 20:00,-2.2,281.9,3.1,0,,,46.8,,4
702,2023-01-20 21:00,-2.5,274.1,2.2,0,,,46.9,,4.1
702,2023-01-20 22:00,-3,335.9,1.6,0,,,46,,4
702,2023-01-20 23:00,-3.3,329.6,1.5,0,,,44.1,,4.1
702,2023-01-21 00:00,-3.6,312.5,1.1,0,,,50.9,,4
702,2023-01-21 01:00,-5.6,115.1,1.4,0,,,73.5,,0
702,2023-01-21 02:00,-5.5,7.2,1,0,,,59.7,,0
702,2023-01-21 03:00,-6.6,87.7,1,0,,,72.8,,0
702,2023-01-21 04:00,-6.6,41.9,1.9,0,,,68.3,,0
702,2023-01-21 05:00,-7.1,33,1.1,0,,,73.6,,0
702,2023-01-21 06:00,-7.2,0,.4,0,,,73.2,,0
702,2023-01-21 07:00,-7.2,351.9,.6,0,,,70.8,,0
702,2023-01-21 08:00,-7.1,30.9,1,0,,,76.9,,.3
702,2023-01-21 09:00,-4.5,325,1,0,,,61.5,,1
702,2023-01-21 10:00,-2.3,169.2,1,0,,,52.7,,1.3
702,2023-01-21 11:00,-1.1,30.4,.9,0,,,45,,2
702,2023-01-21 12:00,.4,164.2,1.4,0,,,42.6,,2.3
702,2023-01-21 13:00,1.2,332.6,2.5,0,,,36.9,,3
702,2023-01-21 14:00,2,304.1,2.1,0,,,35.8,,3.3
702,2023-01-21 15:00,1.9,19.6,2.6,0,,,35.3,,4
702,2023-01-21 16:00,2.1,.7,2.6,0,,,35.3,,4.3
702,2023-01-21 17:00,1.8,321.3,2.4,0,,,34.5,,5
702,2023-01-21 18:00,.9,342.9,1.7,0,,,37.7,,4.5
702,2023-01-21 19:00,.5,347.2,1.7,0,,,39.7,,5
702,2023-01-21 20:00,0,2,2.2,0,,,40.4,,4.5
702,2023-01-21 21:00,-1.7,241.4,1,0,,,65.4,,5
702,2023-01-21 22:00,-2.1,59.9,1.1,0,,,63.6,,4.5
702,2023-01-21 23:00,-2,0,.3,0,,,63.3,,5
702,2023-01-22 00:00,-1.9,355.8,1.2,0,,,54.1,,4.5
702,2023-01-22 01:00,-2.1,353,1.2,0,,,57,,0
702,2023-01-22 02:00,-1.8,326.9,2,0,,,54.6,,0
702,2023-01-22 03:00,-2.1,9.8,2.4,0,,,58.2,,0
702,2023-01-22 04:00,-2.6,65.1,.8,0,,,59.7,,0
702,2023-01-22 05:00,-2.2,296.7,.6,0,,,62.9,,0
702,2023-01-22 06:00,-2.4,102.7,2,0,,,68.6,,0
702,2023-01-22 07:00,-1.8,18,1.6,0,,,57,,0
702,2023-01-22 08:00,-1.5,347.9,1.4,0,,,55.6,,0
702,2023-01-22 09:00,-1.1,14,.5,0,,,55,,0
702,2023-01-22 10:00,-.2,31.1,1.5,0,,,54.6,,0
702,2023-01-22 11:00,1,45.8,.6,0,,,44.1,,0
702,2023-01-22 12:00,1.9,26,1.9,0,,,48.4,,0
702,2023-01-22 13:00,3.4,40.6,1.4,0,,,49.1,,0
702,2023-01-22 14:00,4.6,66,1.6,0,,,51,,0
702,2023-01-22 15:00,4.7,5.4,1.7,0,,,56.1,,0
702,2023-01-22 16:00,4.5,344.8,1.6,0,,,58.8,,0
702,2023-01-22 17:00,4.5,345.9,1.9,0,,,59,,0
702,2023-01-22 18:00,3.7,340.7,1.3,0,,,62.3,,0
702,2023-01-22 19:00,3.3,336.9,2.1,0,,,64.4,,0
702,2023-01-22 20:00,2.8,348.3,1.8,0,,,66.5,,0
702,2023-01-22 21:00,2.2,350.5,3.1,0,,,61.4,,0
702,2023-01-22 22:00,1.6,4.9,3.2,0,,,66.7,,0
702,2023-01-22 23:00,-.4,93.2,1.1,0,,,84.1,,0
702,2023-01-23 00:00,-.2,348.6,1.1,0,,,83.3,,0
702,2023-01-23 01:00,-.2,307.2,.6,0,,,81.1,,0
702,2023-01-23 02:00,.5,325.8,2.8,0,,,67.4,,0
702,2023-01-23 03:00,.9,30,2.3,0,,,61.7,,0
702,2023-01-23 04:00,-1.5,113.4,.7,0,,,87.5,,0
702,2023-01-23 05:00,-2.3,29.3,.8,0,,,86.3,,0
702,2023-01-23 06:00,-2.2,126,1.6,0,,,88.1,,0
702,2023-01-23 07:00,-.8,314.4,2.7,0,,,80.5,,0
702,2023-01-23 08:00,-1.6,0,.4,0,,,80.4,,0
702,2023-01-23 09:00,-.7,140.3,1.1,0,,,81.6,,.7
702,2023-01-23 10:00,1.1,181.2,1,0,,,73.5,,1
702,2023-01-23 11:00,3.5,129,1.1,0,,,63.8,,1.7
702,2023-01-23 12:00,5.7,225.8,1.2,0,,,57.2,,2
702,2023-01-23 13:00,6.7,288.1,2.3,0,,,49.7,,2.7
702,2023-01-23 14:00,6.9,332.5,2.5,0,,,48.7,,3
702,2023-01-23 15:00,6.6,243.2,2.7,0,,,53.3,,3.2
702,2023-01-23 16:00,5.5,261,5,0,,,62.9,,3
702,2023-01-23 17:00,4.2,275.3,3.9,0,,,65.4,,3.2
702,2023-01-23 18:00,2.8,289.8,5.6,0,,,65.6,,3
702,2023-01-23 19:00,2,294.9,5.1,0,,,54,,3.2
702,2023-01-23 20:00,1.3,268.6,3.2,0,,,63.7,,3
702,2023-01-23 21:00,1.1,281.5,4.1,0,,,63.5,,3.2
702,2023-01-23 22:00,.5,287.4,5.2,0,,,53.7,,3
702,2023-01-23 23:00,-.4,275.9,5.2,0,,,56.3,,3.2
702,2023-01-24 00:00,-1.3,278,5.1,0,,,53.5,,3
702,2023-01-24 01:00,-2.1,298.2,5.8,0,,,42.6,,0
702,2023-01-24 02:00,-3.3,311.6,4.6,0,,,40.5,,0
702,2023-01-24 03:00,-4.5,300.5,7.7,0,,,53.2,,0
702,2023-01-24 04:00,-5.8,306.3,7.9,.1,,,65.6,,0
702,2023-01-24 05:00,-6.7,290.8,7.5,0,,,70.7,,0
702,2023-01-24 06:00,-8.3,304.9,5.9,0,,,70.2,,0
702,2023-01-24 07:00,-9.3,317.3,7,0,,,48.5,,0
702,2023-01-24 08:00,-9.9,337.6,4.1,0,,,45.5,,.4
702,2023-01-24 09:00,-9.6,330.5,5.8,0,,,37.3,,1
702,2023-01-24 10:00,-9,330.3,5.7,0,,,40.9,,1.4
702,2023-01-24 11:00,-9,332.9,5.3,0,,,37.1,,2
702,2023-01-24 12:00,-8.9,354.7,6.5,0,,,40.3,,2.4
702,2023-01-24 13:00,-8.8,2.3,6.1,0,,,43.8,,2.9
702,2023-01-24 14:00,-9,341.2,6.2,0,,,41.8,,3.4
702,2023-01-24 15:00,-8,318.8,5.9,0,,,36.6,,3.7
702,2023-01-24 16:00,-8.6,323.5,6.7,0,,,38.2,,4.4
702,2023-01-24 17:00,-9,320.4,4.7,0,,,43.6,,4.7
702,2023-01-24 18:00,-9.6,345.2,4.6,0,,,47.3,,4.6
702,2023-01-24 19:00,-10.1,337.4,4,0,,,51,,4.7
702,2023-01-24 20:00,-9.9,322.7,3.5,0,,,51.7,,4.6
702,2023-01-24 21:00,-10.3,315.3,4,0,,,48.5,,4.7
702,2023-01-24 22:00,-11,336.8,2.8,0,,,53,,4.6
702,2023-01-24 23:00,-11.2,329.4,3.5,0,,,54.6,,4.7
702,2023-01-25 00:00,-11.5,347.2,3.1,0,,,51.2,,4.6
702,2023-01-25 01:00,-11.9,347.4,2.9,0,,,54.9,,0
702,2023-01-25 02:00,-12.5,7.3,3.5,0,,,64.6,,0
702,2023-01-25 03:00,-13,8.4,2.5,0,,,65.4,,0
702,2023-01-25 04:00,-13.6,27.7,1.8,0,,,64.8,,0
702,2023-01-25 05:00,-13.9,18,1.7,0,,,62,,0
702,2023-01-25 06:00,-14.2,4.1,1.5,0,,,60.8,,0
702,2023-01-25 07:00,-14.6,108.1,.6,0,,,65.2,,0
702,2023-01-25 08:00,-14.2,61.7,1.1,0,,,61.9,,.4
702,2023-01-25 09:00,-12.2,84.8,1.3,0,,,51.6,,1
702,2023-01-25 10:00,-11.1,63.9,2.1,0,,,46.7,,1.4
702,2023-01-25 11:00,-10.2,91.8,1.8,0,,,39.2,,2
702,2023-01-25 12:00,-8.5,301.2,2.2,0,,,34.9,,2.4
702,2023-01-25 13:00,-7.3,333.2,1.4,0,,,24.3,,3
702,2023-01-25 14:00,-6.3,84.3,2.4,0,,,21.6,,3.4
702,2023-01-25 15:00,-4.9,6.2,3.1,0,,,23.4,,4
702,2023-01-25 16:00,-4.9,347.6,2.7,0,,,26.8,,4.4
702,2023-01-25 17:00,-4.8,333.5,2,0,,,26.8,,5
702,2023-01-25 18:00,-5.6,352.5,.9,0,,,29.1,,4.9
702,2023-01-25 19:00,-6.2,295.4,.7,0,,,35.8,,5
702,2023-01-25 20:00,-7.1,333.8,.6,0,,,48,,4.9
702,2023-01-25 21:00,-8.5,63.2,1.1,0,,,66.6,,5
702,2023-01-25 22:00,-8.3,35.1,1.7,0,,,52.8,,4.9
702,2023-01-25 23:00,-9.1,191,.6,0,,,61.7,,5
702,2023-01-26 00:00,-9.7,188.1,1,0,,,65.4,,4.9
702,2023-01-26 01:00,-9.9,63.5,.6,0,,,59.1,,0
702,2023-01-26 02:00,-9.6,34.7,1.4,0,,,61.9,,0
702,2023-01-26 03:00,-8.8,59.4,2.1,0,,,57.2,,0
702,2023-01-26 04:00,-7.1,74.4,1.3,0,,,56.2,,0
702,2023-01-26 05:00,-5.9,95.2,1.5,0,,,54.8,,0
702,2023-01-26 06:00,-5,76.8,1.9,0,,,51,,0
702,2023-01-26 07:00,-4,65.1,1,0,,,49.8,,0
702,2023-01-26 08:00,-3.8,27.5,1.4,0,,,62.9,,0
702,2023-01-26 09:00,-2.4,99.4,1.7,0,,,61.4,,0
702,2023-01-26 10:00,-1.4,128.8,3.3,0,,,61.7,,0
702,2023-01-26 11:00,-.1,161.7,2.1,0,,,71.4,,0
702,2023-01-26 12:00,1.5,194.5,2,0,,,70.8,,0
702,2023-01-26 13:00,1.4,196.5,3,.1,,,74.9,,0
702,2023-01-26 14:00,1,214.9,3.2,.2,,,79.4,,0
702,2023-01-26 15:00,.9,246.5,1.2,.1,,,79,,0
702,2023-01-26 16:00,.7,273.8,1.7,.1,,,83.1,,0
702,2023-01-26 17:00,-1.8,338.7,4.2,.1,,,86.4,,0
702,2023-01-26 18:00,-.8,346.9,.6,0,,,84.5,,0
702,2023-01-26 19:00,-1.4,305.3,2.3,0,,,84.6,,0
702,2023-01-26 20:00,-1.7,341.2,2.3,0,,,81.2,,0
702,2023-01-26 21:00,-2,12.2,2.3,0,,,78.9,,0
702,2023-01-26 22:00,-2.1,333.7,1.5,0,,,78.2,,0
702,2023-01-26 23:00,-2.2,348,2.3,0,,,76.1,,0
702,2023-01-27 00:00,-2.3,347.5,1.8,0,,,78.6,,0
702,2023-01-27 01:00,-2.7,355.7,2.8,0,,,76.7,,0
702,2023-01-27 02:00,-3.4,335.9,2,0,,,80.1,,0
702,2023-01-27 03:00,-3.7,350.5,2.4,0,,,75.5,,0
702,2023-01-27 04:00,-4.3,340.7,1.7,0,,,72,,0
702,2023-01-27 05:00,-4.7,334.5,2.3,0,,,78.7,,0
702,2023-01-27 06:00,-5.9,326.9,1.1,0,,,77.2,,0
702,2023-01-27 07:00,-6.3,222.4,.5,0,,,87.5,,0
702,2023-01-27 08:00,-4.9,341.8,1.7,0,,,68.8,,0
702,2023-01-27 09:00,-4.1,3.4,2.6,0,,,63.5,,.6
702,2023-01-27 10:00,-3.1,305.2,3.9,0,,,58.9,,1
702,2023-01-27 11:00,-2.4,316.2,5.5,0,,,34.7,,1.6
702,2023-01-27 12:00,-2.1,313.1,5.3,0,,,31.6,,2
702,2023-01-27 13:00,-2,311.2,6.6,0,,,30.5,,2.6
702,2023-01-27 14:00,-1.3,313.6,5.3,0,,,29.6,,3
702,2023-01-27 15:00,-1.2,297.9,6.7,0,,,29.5,,3.6
702,2023-01-27 16:00,-2,323.5,4.8,0,,,32.2,,4
702,2023-01-27 17:00,-2.4,303.1,6.8,0,,,34.3,,4.6
702,2023-01-27 18:00,-3.5,305.3,4.7,0,,,41.1,,4.4
702,2023-01-27 19:00,-4.3,286.8,3.8,0,,,45,,4.6
702,2023-01-27 20:00,-4.6,326,2.4,0,,,43.9,,4.4
702,2023-01-27 21:00,-4.9,318.5,2.7,0,,,50.6,,4.6
702,2023-01-27 22:00,-5.4,352.9,1.7,0,,,46.5,,4.4
702,2023-01-27 23:00,-5.8,342.5,2.7,0,,,48.9,,4.6
702,2023-01-28 00:00,-6.2,353.3,1.9,0,,,49.2,,4.4
702,2023-01-28 01:00,-6.7,347.7,2,0,,,51.2,,0
702,2023-01-28 02:00,-7,2.2,1.6,0,,,54,,0
702,2023-01-28 03:00,-8.5,49.2,1.2,0,,,63.1,,0
702,2023-01-28 04:00,-10.4,25.3,.8,0,,,71.8,,0
702,2023-01-28 05:00,-11.3,0,.3,0,,,83.1,,0
702,2023-01-28 06:00,-11.2,0,.1,0,,,82,,0
702,2023-01-28 07:00,-12,69.7,.7,0,,,83.2,,0
702,2023-01-28 08:00,-10.9,32.6,1.1,0,,,79.7,,.4
702,2023-01-28 09:00,-7.7,59.6,.5,0,,,70.7,,1
702,2023-01-28 10:00,-5.7,166.3,1.7,0,,,60.6,,1.4
702,2023-01-28 11:00,-4.1,184.1,1.1,0,,,35.6,,1.7
702,2023-01-28 12:00,-2.7,117.2,1.6,0,,,29.5,,1.9
702,2023-01-28 13:00,-2.3,314.9,2,0,,,40.2,,1.8
702,2023-01-28 14:00,-2.6,27.2,1.2,0,,,55.5,,2.1
702,2023-01-28 15:00,-3.2,107.9,1.5,.1,,,70.7,,1.8
702,2023-01-28 16:00,-2.7,105.7,1.3,0,,,71.3,,2.5
702,2023-01-28 17:00,-2.6,124.3,1.7,0,,,73,,2.5
702,2023-01-28 18:00,-3.4,125.7,1.6,0,,,77.2,,2.7
702,2023-01-28 19:00,-3,56.1,1.1,0,,,78.9,,2.5
702,2023-01-28 20:00,-3.9,39.2,.6,0,,,84,,2.7
702,2023-01-28 21:00,-5.6,10.2,.6,0,,,87.2,,2.5
702,2023-01-28 22:00,-6.2,42,1.2,0,,,87.7,,2.7
702,2023-01-28 23:00,-6.6,0,.3,0,,,90.3,,2.5
702,2023-01-29 00:00,-6.6,0,0,0,,,89.2,,2.7
702,2023-01-29 01:00,-7.4,0,.4,0,,,88.2,,0
702,2023-01-29 02:00,-7.7,0,.3,0,,,88.8,,0
702,2023-01-29 03:00,-8.8,0,.1,0,,,88.6,,0
702,2023-01-29 04:00,-9,0,0,0,,,88.7,,0
702,2023-01-29 05:00,-8.2,63.7,1.3,0,,,87.8,,0
702,2023-01-29 06:00,-9.2,0,0,0,,,87.9,,0
702,2023-01-29 07:00,-8.6,26.2,.5,0,,,87.1,,0
702,2023-01-29 08:00,-6.5,57,1.5,0,,,85.8,,0
702,2023-01-29 09:00,-4.3,83.7,1.7,0,,,77,,1
702,2023-01-29 10:00,-1.3,111.5,1.9,0,,,71.1,,1
702,2023-01-29 11:00,1.1,183.7,1.5,0,,,64.2,,2
702,2023-01-29 12:00,3.3,214.3,2.9,0,,,54,,2
702,2023-01-29 13:00,4,233.8,4.5,0,,,41.2,,3
702,2023-01-29 14:00,5.2,245.3,5.8,0,,,40.2,,2.9
702,2023-01-29 15:00,4.8,224.8,6.4,0,,,43.6,,3.8
702,2023-01-29 16:00,4.4,198.3,5,0,,,45.7,,3.3
702,2023-01-29 17:00,4.4,197.8,5.7,0,,,49.8,,4.1
702,2023-01-29 18:00,3.5,177.8,2.8,0,,,55.8,,3.3
702,2023-01-29 19:00,2.6,181.6,2,0,,,59.4,,4.1
702,2023-01-29 20:00,1.9,213.9,1.1,0,,,63.6,,3.3
702,2023-01-29 21:00,3.5,277.5,3.7,0,,,56.9,,4.1
702,2023-01-29 22:00,3.2,275.3,3.7,0,,,59.3,,3.3
702,2023-01-29 23:00,2.2,279.7,3,0,,,57.7,,4.1
702,2023-01-30 00:00,1.2,290.2,2.9,0,,,56.5,,3.3
702,2023-01-30 01:00,.4,277.9,2.5,0,,,51.5,,0
702,2023-01-30 02:00,-.3,294.6,.9,0,,,49.3,,0
702,2023-01-30 03:00,-3.4,0,.2,0,,,70.4,,0
702,2023-01-30 04:00,-5.7,0,0,0,,,82.3,,0
702,2023-01-30 05:00,-5.8,28.4,.5,0,,,79.6,,0
702,2023-01-30 06:00,-6.9,8.5,.8,0,,,84.2,,0
702,2023-01-30 07:00,-7.3,0,.4,0,,,81.8,,0
702,2023-01-30 08:00,-6.9,0,0,0,,,86.2,,.3
702,2023-01-30 09:00,-2.5,118.5,.6,0,,,70.5,,1
702,2023-01-30 10:00,.1,168.7,.9,0,,,62.7,,1.3
702,2023-01-30 11:00,2.4,337.3,3,0,,,31.4,,2
702,2023-01-30 12:00,2.9,354.2,3.1,0,,,22.4,,2.3
702,2023-01-30 13:00,3.9,280.3,2.7,0,,,21.2,,3
702,2023-01-30 14:00,4.5,257.2,2.1,0,,,20.6,,3.3
702,2023-01-30 15:00,5.2,354.2,2.7,0,,,18.4,,4
702,2023-01-30 16:00,5.3,289.5,3.4,0,,,18.8,,4.3
702,2023-01-30 17:00,3.9,265.5,4.8,0,,,33.9,,5
702,2023-01-30 18:00,2.5,266.4,2.9,0,,,37.6,,4.9
702,2023-01-30 19:00,1.5,276.1,2.5,0,,,42.3,,5
702,2023-01-30 20:00,.1,272.8,1.9,0,,,50.3,,4.9
702,2023-01-30 21:00,-3.1,105.4,1.4,0,,,73.4,,5
702,2023-01-30 22:00,-4,72.9,.9,0,,,73.3,,4.9
702,2023-01-30 23:00,-3.8,9.1,.7,0,,,72.6,,5
702,2023-01-31 00:00,-3.5,49.1,1.2,0,,,68,,4.9
702,2023-01-31 01:00,-4.9,42.9,1.1,0,,,78.6,,0
702,2023-01-31 02:00,-4.1,40.6,1.6,0,,,66.1,,0
702,2023-01-31 03:00,-4,53.3,1.9,0,,,65.8,,0
702,2023-01-31 04:00,-4.1,39.7,1.7,0,,,64.9,,0
702,2023-01-31 05:00,-4.1,29.1,1.5,0,,,65.6,,0
702,2023-01-31 06:00,-4.2,36.6,2,0,,,64.8,,0
702,2023-01-31 07:00,-4,43.5,.7,0,,,60.8,,0
702,2023-01-31 08:00,-5.9,0,.3,0,,,76,,.3
702,2023-01-31 09:00,-1.3,0,.4,0,,,62.4,,1
702,2023-01-31 10:00,.3,103.9,1.8,0,,,53.3,,1.3
702,2023-01-31 11:00,4.3,109.1,2.5,0,,,35.3,,2
702,2023-01-31 12:00,7.3,175.5,4.5,0,,,33.1,,2.3
702,2023-01-31 13:00,9,179.1,5.4,0,,,40.4,,2.9
702,2023-01-31 14:00,9.3,215.4,6.2,0,,,42.2,,3.3
702,2023-01-31 15:00,9.8,189.6,6.1,0,,,42.2,,3.9
702,2023-01-31 16:00,9.5,205,5.4,0,,,41.4,,4.3
702,2023-01-31 17:00,8.9,200.8,3.4,0,,,45.8,,4.9
702,2023-01-31 18:00,5.3,205.9,2.1,0,,,58.4,,4.5
702,2023-01-31 19:00,5.4,221.2,2.5,0,,,60.4,,4.9
702,2023-01-31 20:00,2.3,97.6,1.4,0,,,76,,4.5
702,2023-01-31 21:00,1.2,0,0,0,,,75.8,,4.9
702,2023-01-31 22:00,-.4,0,0,0,,,83.2,,4.5
702,2023-01-31 23:00,-.4,35.1,.8,0,,,83.2,,4.9
702,2023-02-01 00:00,.6,19.5,1.4,0,,,82.1,,4.5
702,2023-02-01 01:00,.7,15.3,.9,0,,,81.6,,0
702,2023-02-01 02:00,.9,3.3,.6,0,,,81.7,,0
702,2023-02-01 03:00,2.9,0,0,0,,,79.2,,0
702,2023-02-01 04:00,2,0,.2,0,,,83.4,,0
702,2023-02-01 05:00,1.2,0,.3,0,,,88.4,,0
702,2023-02-01 06:00,1.3,0,.3,0,,,88.2,,0
702,2023-02-01 07:00,.4,114.9,1.2,0,,,89.4,,0
702,2023-02-01 08:00,1.3,23.1,.6,0,,,84.4,,0
702,2023-02-01 09:00,3.1,261,1.1,0,,,85.3,,0
702,2023-02-01 10:00,5.2,253.9,3.8,0,,,87.9,,.4
702,2023-02-01 11:00,7.1,237.9,3.6,0,,,71.2,,1
702,2023-02-01 12:00,8.3,262.9,4.2,0,,,35.6,,1.4
702,2023-02-01 13:00,8.5,282.5,5.5,0,,,28.9,,2
702,2023-02-01 14:00,8.1,290.7,5,0,,,28.9,,2.3
702,2023-02-01 15:00,7.5,288.6,6.1,0,,,29.9,,3
702,2023-02-01 16:00,5.8,267.7,6.1,0,,,31.7,,3.3
702,2023-02-01 17:00,3.8,257.6,6.4,0,,,46.9,,4
702,2023-02-01 18:00,2.3,283.7,5.4,0,,,52.3,,3.7
702,2023-02-01 19:00,1.5,298.5,5.8,0,,,54.9,,4
702,2023-02-01 20:00,.8,301.1,4.2,0,,,47.7,,3.7
702,2023-02-01 21:00,.2,326.4,4,0,,,43.2,,4
702,2023-02-01 22:00,-.2,320.3,3.3,0,,,43.6,,3.7
702,2023-02-01 23:00,-1,5.4,2.4,0,,,49.7,,4
702,2023-02-02 00:00,-1.4,358.7,2.3,0,,,52,,3.7
702,2023-02-02 01:00,-1.5,358.8,2.8,0,,,50,,0
702,2023-02-02 02:00,-1.7,351.9,2.3,0,,,50.7,,0
702,2023-02-02 03:00,-1.8,350.4,2.4,0,,,49.2,,0
702,2023-02-02 04:00,-2.2,343.3,1.5,0,,,53.6,,0
702,2023-02-02 05:00,-2.7,9.8,1.3,0,,,54.6,,0
702,2023-02-02 06:00,-2.9,343.2,1.3,0,,,54.8,,0
702,2023-02-02 07:00,-3.8,336.5,.7,0,,,62.4,,0
702,2023-02-02 08:00,-4.6,22,.6,0,,,73.4,,.1
702,2023-02-02 09:00,-2,335.2,2.2,0,,,49.4,,.6
702,2023-02-02 10:00,-1.4,331.9,3,0,,,49.4,,1.1
702,2023-02-02 11:00,-.4,1.5,2.7,0,,,44.1,,1.6
702,2023-02-02 12:00,.7,306.3,2.7,0,,,38.3,,2.1
702,2023-02-02 13:00,1.6,331.6,2.6,0,,,33.4,,2.6
702,2023-02-02 14:00,3.1,331.6,2.2,0,,,27.7,,3.1
702,2023-02-02 15:00,2.8,312,2.9,0,,,24.3,,3.3
702,2023-02-02 16:00,3.2,320.8,3.4,0,,,23,,4
702,2023-02-02 17:00,3,326.6,2.5,0,,,24.2,,4.1
702,2023-02-02 18:00,.7,234.4,1.4,0,,,53,,4.1
702,2023-02-02 19:00,.4,264.1,1.8,0,,,49.1,,4.1
702,2023-02-02 20:00,.2,318.4,1.5,0,,,42.2,,4.1
702,2023-02-02 21:00,-.3,331,2.2,0,,,35.9,,4.1
702,2023-02-02 22:00,-1.4,21.1,1.2,0,,,37.1,,4.1
702,2023-02-02 23:00,-1.6,357.5,1.8,0,,,38,,4.1
702,2023-02-03 00:00,-1.8,352,1,0,,,34.9,,4.1
702,2023-02-03 01:00,-2.2,338,2,0,,,41.7,,0
702,2023-02-03 02:00,-2.4,350.5,2.3,0,,,45.8,,0
702,2023-02-03 03:00,-2.3,353.6,1.8,0,,,43.7,,0
702,2023-02-03 04:00,-2.1,6.2,1.5,0,,,44.9,,0
702,2023-02-03 05:00,-2.3,1.4,.5,0,,,47.5,,0
702,2023-02-03 06:00,-3.1,0,.4,0,,,69.1,,0
702,2023-02-03 07:00,-3.2,85.5,.5,0,,,76.7,,0
702,2023-02-03 08:00,-2.2,318.3,2.2,0,,,51.9,,0
702,2023-02-03 09:00,-1.5,338.1,.7,0,,,46.5,,0
702,2023-02-03 10:00,-.4,160.9,1.3,0,,,48.7,,.8
702,2023-02-03 11:00,1.2,230.3,1.6,0,,,40.4,,.9
702,2023-02-03 12:00,1.7,246.8,2.6,0,,,29.5,,1.4
702,2023-02-03 13:00,2.4,241,4.3,0,,,39.6,,1.9
702,2023-02-03 14:00,3.1,252.9,3.8,0,,,46.3,,2.4
702,2023-02-03 15:00,3,246.8,3.6,0,,,37.7,,2.9
702,2023-02-03 16:00,2.8,240.4,3.7,0,,,33.7,,3.4
702,2023-02-03 17:00,2.4,251.9,4.5,0,,,29.7,,3.9
702,2023-02-03 18:00,.4,237.7,2.4,0,,,37.8,,4
702,2023-02-03 19:00,.3,270.6,2.2,0,,,32.9,,3.9
702,2023-02-03 20:00,-2.7,117.3,.7,0,,,57.9,,4
702,2023-02-03 21:00,-3.8,21.5,1.2,0,,,65.5,,3.9
702,2023-02-03 22:00,-4,84.8,.7,0,,,69.6,,4
702,2023-02-03 23:00,-4.4,323.2,.5,0,,,70.7,,3.9
702,2023-02-04 00:00,-5.1,0,.3,0,,,76.5,,4
702,2023-02-04 01:00,-6.2,93.9,.6,0,,,80.4,,0
702,2023-02-04 02:00,-6.5,0,.3,0,,,84.6,,0
702,2023-02-04 03:00,-6.3,0,.4,0,,,80.6,,0
702,2023-02-04 04:00,-6.1,54.1,.8,0,,,74.7,,0
702,2023-02-04 05:00,-6.7,0,.1,0,,,80.4,,0
702,2023-02-04 06:00,-7.2,0,.3,0,,,83.4,,0
702,2023-02-04 07:00,-7.9,0,.1,0,,,86.1,,0
702,2023-02-04 08:00,-7.3,0,.2,0,,,86.4,,.3
702,2023-02-04 09:00,-3.8,79.1,1,0,,,70,,.9
702,2023-02-04 10:00,-1.4,130.9,1.1,0,,,66.4,,1.4
702,2023-02-04 11:00,1.2,159.8,1.4,0,,,50.2,,1.9
702,2023-02-04 12:00,3.5,170.9,.6,0,,,36.9,,2.3
702,2023-02-04 13:00,4.4,190.5,1.4,0,,,36.4,,3
702,2023-02-04 14:00,5.5,220.7,2.5,0,,,38.6,,3.3
702,2023-02-04 15:00,5.6,251.1,2.9,0,,,37.6,,4
702,2023-02-04 16:00,5.7,238.5,5,0,,,40.6,,4.3
702,2023-02-04 17:00,4.6,237.6,4.5,0,,,42.6,,4.9
702,2023-02-04 18:00,2.9,255.9,2.6,0,,,49,,4.8
702,2023-02-04 19:00,.3,238.9,2.1,0,,,63.8,,4.9
702,2023-02-04 20:00,-1.3,218.4,1.4,0,,,73.4,,4.8
702,2023-02-04 21:00,-2.2,56.8,1.2,0,,,76.7,,4.9
702,2023-02-04 22:00,-3.1,3.8,.7,0,,,83.7,,4.8
702,2023-02-04 23:00,-3.8,44.3,.8,0,,,83.5,,4.9
702,2023-02-05 00:00,-3.9,21,.7,0,,,84,,4.8
702,2023-02-05 01:00,-5.1,0,0,0,,,88.5,,0
702,2023-02-05 02:00,-5.1,41.2,1.7,0,,,83.2,,0
702,2023-02-05 03:00,-6.1,168,.7,0,,,85.8,,0
702,2023-02-05 04:00,-6.3,18.2,.7,0,,,88,,0
702,2023-02-05 05:00,-6,14.5,1.4,0,,,85.1,,0
702,2023-02-05 06:00,-6.4,0,.2,0,,,86.2,,0
702,2023-02-05 07:00,-7.7,106.7,1.6,0,,,89,,0
702,2023-02-05 08:00,-5.7,43.2,1.4,0,,,83.5,,.3
702,2023-02-05 09:00,-3,67.8,2.1,0,,,78.6,,1
702,2023-02-05 10:00,.4,94.5,.9,0,,,67.8,,1.3
702,2023-02-05 11:00,2.5,269.2,1.2,0,,,58.8,,2
702,2023-02-05 12:00,4.8,274.8,.9,0,,,43.8,,2.3
702,2023-02-05 13:00,7,194.2,.9,0,,,31.7,,3
702,2023-02-05 14:00,7.1,6.3,1.3,0,,,28,,3.3
702,2023-02-05 15:00,7.6,313.8,1.9,0,,,25.2,,4
702,2023-02-05 16:00,8,292.3,2,0,,,30.5,,4.3
702,2023-02-05 17:00,7.3,300.7,1.8,0,,,30,,5
702,2023-02-05 18:00,5,268.3,2.5,0,,,43.8,,4.8
702,2023-02-05 19:00,1.9,264.1,1.6,0,,,58,,5
702,2023-02-05 20:00,-.5,0,.2,0,,,72.5,,4.8
702,2023-02-05 21:00,-1.6,71.5,1.5,0,,,74.4,,5
702,2023-02-05 22:00,-2.3,348.5,.5,0,,,80.8,,4.8
702,2023-02-05 23:00,-2.2,0,.2,0,,,78.9,,5
702,2023-02-06 00:00,-3.9,24.1,.5,0,,,87,,4.8
702,2023-02-06 01:00,-3.6,11.5,1,0,,,79.2,,0
702,2023-02-06 02:00,-3.9,11.7,.9,0,,,80.6,,0
702,2023-02-06 03:00,-5.3,0,.1,0,,,86.1,,0
702,2023-02-06 04:00,-5.9,0,.3,0,,,87,,0
702,2023-02-06 05:00,-6,0,.3,0,,,85.9,,0
702,2023-02-06 06:00,-6.4,.8,1,0,,,86.3,,0
702,2023-02-06 07:00,-7.3,70.9,.7,0,,,87.4,,0
702,2023-02-06 08:00,-4.6,32.5,1.3,0,,,82,,.4
702,2023-02-06 09:00,-1.1,336.6,.8,0,,,73.9,,.6
702,2023-02-06 10:00,.9,219,2.2,0,,,71.8,,1.2
702,2023-02-06 11:00,3.8,306.7,1.5,,,,52.2,,1.6
702,2023-02-06 12:00,6.2,313.9,2.1,,,,42.8,,2.2
702,2023-02-06 13:00,8.2,296.1,2.2,,,,33.7,,2.4
702,2023-02-06 14:00,10.7,311.1,1.7,,,,22.7,,3.2
702,2023-02-06 15:00,11,336.1,2.4,,,,17.2,,3.4
702,2023-02-06 16:00,10.8,314.8,2.1,,,,15.9,,3.4
702,2023-02-06 17:00,9.7,329.5,3.2,,,,18.1,,3.4
702,2023-02-06 18:00,8.8,324,2.4,,,,26.1,,3.4
702,2023-02-06 19:00,8.1,334.9,1.9,,,,23.8,,3.4
702,2023-02-06 20:00,7.4,339,2.6,,,,22.9,,3.4
702,2023-02-06 21:00,5.9,328,2.3,,,,29.1,,3.4
702,2023-02-06 22:00,1.3,81,.6,,,,54.6,,3.4
702,2023-02-06 23:00,.9,6.8,.7,,,,57.1,,3.4
702,2023-02-07 00:00,-1.6,0,.2,,,,70.6,,3.4
702,2023-02-07 01:00,-2.1,268,.9,0,,,80.3,,0
702,2023-02-07 02:00,-2.8,116.8,1.3,0,,,79.8,,0
702,2023-02-07 03:00,-3.5,241.8,1.2,0,,,86.5,,0
702,2023-02-07 04:00,-2.6,0,.2,0,,,78.4,,0
702,2023-02-07 05:00,-3.8,0,.3,0,,,83.8,,0
702,2023-02-07 06:00,-2.8,15,.5,0,,,79.5,,0
702,2023-02-07 07:00,-2.8,33.2,.9,0,,,78.9,,0
702,2023-02-07 08:00,-3.1,0,.2,0,,,84.9,,0
702,2023-02-07 09:00,-.2,103.3,.8,0,,,69.9,,.5
702,2023-02-07 10:00,2.1,0,.3,0,,,63.9,,.4
702,2023-02-07 11:00,6,332.2,2.2,0,,,44.1,,1.5
702,2023-02-07 12:00,7.6,319.6,2.7,0,,,35.5,,1.4
702,2023-02-07 13:00,9.1,334.9,3.5,0,,,28.3,,2.5
702,2023-02-07 14:00,10.6,317.7,3.2,0,,,22.3,,2.4
702,2023-02-07 15:00,11.5,356.3,2.1,0,,,18.9,,3.4
702,2023-02-07 16:00,9.9,233.3,3.5,0,,,38.4,,2.9
702,2023-02-07 17:00,8.9,247.5,2.9,0,,,49.2,,3.7
702,2023-02-07 18:00,5.3,226,3,0,,,67.5,,2.9
702,2023-02-07 19:00,4.2,202,2.5,0,,,75.9,,3.7
702,2023-02-07 20:00,1.4,189.9,.7,0,,,85.4,,2.9
702,2023-02-07 21:00,.4,88.2,.9,0,,,87.5,,3.7
702,2023-02-07 22:00,-.4,0,.3,0,,,90.2,,2.9
702,2023-02-07 23:00,-.7,105.7,.6,0,,,91.3,,3.7
702,2023-02-08 00:00,-2.4,101.3,.5,0,,,92.3,,2.9
702,2023-02-08 01:00,-3.3,0,.1,0,,,93,,0
702,2023-02-08 02:00,-3.9,0,.2,0,,,92.6,,0
702,2023-02-08 03:00,-3.6,0,.4,0,,,93.5,,0
702,2023-02-08 04:00,-4.7,0,.1,0,,,92.6,,0
702,2023-02-08 05:00,-4.6,0,.2,0,,,92.6,,0
702,2023-02-08 06:00,-4.2,0,.4,0,,,92.7,,0
702,2023-02-08 07:00,-4.5,0,.1,0,,,92.7,,0
702,2023-02-08 08:00,-2.7,0,.3,0,,,93.6,,0
702,2023-02-08 09:00,-1.1,139.6,1,0,,,93.9,,0
702,2023-02-08 10:00,-1,183.1,.6,0,,,94.3,,0
702,2023-02-08 11:00,-.3,0,.4,0,,,94.3,,0
702,2023-02-08 12:00,1.6,182,1.3,,,,94.1,,.6
702,2023-02-08 13:00,5.1,214.4,2.3,,,,51.5,,1
702,2023-02-08 14:00,6.8,236.9,3.4,,,,34.9,,1.6
702,2023-02-08 15:00,7.2,231.7,4.2,,,,37.6,,2
702,2023-02-08 16:00,7.5,259.1,2.3,,,,34.2,,2.6
702,2023-02-08 17:00,6.9,228.9,2.4,,,,42,,3
702,2023-02-08 18:00,3.7,238.7,4,,,,58.7,,2.9
702,2023-02-08 19:00,2.8,263.2,3.6,,,,63.2,,3
702,2023-02-08 20:00,.2,77.6,1.4,,,,78.2,,2.9
702,2023-02-08 21:00,-.1,18.5,.8,,,,79.2,,3
702,2023-02-08 22:00,-1.9,0,.3,,,,84,,2.9
702,2023-02-08 23:00,-1.6,0,.4,,,,82.8,,3
702,2023-02-09 00:00,-2.9,116.3,2.3,,,,85.6,,2.9
702,2023-02-09 01:00,-2.6,318.6,.5,0,,,87,,0
702,2023-02-09 02:00,-3.5,51.9,1,0,,,90.3,,0
702,2023-02-09 03:00,-3.1,44.7,.9,0,,,78.4,,0
702,2023-02-09 04:00,-4.9,0,.1,0,,,86,,0
702,2023-02-09 05:00,-4.8,53.1,1.4,0,,,89.5,,0
702,2023-02-09 06:00,-5.3,0,.4,0,,,89,,0
702,2023-02-09 07:00,-5.8,181.7,.7,0,,,86.7,,0
702,2023-02-09 08:00,-5.4,0,.2,0,,,87.6,,.3
702,2023-02-09 09:00,-1.3,135.3,.6,0,,,80.3,,1
702,2023-02-09 10:00,1.6,99.9,.8,0,,,62.6,,1.3
702,2023-02-09 11:00,3.8,334,1.4,0,,,43.6,,1.8
702,2023-02-09 12:00,7.4,299.7,1.7,0,,,29.2,,2.3
702,2023-02-09 13:00,9.2,335.7,1.6,0,,,22.3,,2.5
702,2023-02-09 14:00,11.3,349.8,1.3,0,,,21.6,,2.4
702,2023-02-09 15:00,11.9,233.7,1.1,0,,,11.2,,2.8
702,2023-02-09 16:00,11.1,333.3,2.2,0,,,15.9,,2.4
702,2023-02-09 17:00,10.5,329.8,1.7,0,,,16.3,,2.8
702,2023-02-09 18:00,8.9,88.9,2.1,0,,,28.2,,2.4
702,2023-02-09 19:00,8.1,93.4,2.9,0,,,36.6,,2.8
702,2023-02-09 20:00,7.8,67,1.5,0,,,34.7,,2.4
702,2023-02-09 21:00,7.9,56.5,3,0,,,35.5,,2.8
702,2023-02-09 22:00,7.7,57.5,3.8,0,,,48.3,,2.4
702,2023-02-09 23:00,5.7,80.6,5.2,.2,,,75.2,,2.8
702,2023-02-10 00:00,4.9,45.9,3.3,.1,,,82,,2.4
702,2023-02-10 01:00,4.5,28.6,3.1,.3,,,83.7,,0
702,2023-02-10 02:00,4.2,31.6,2.6,.5,,,84,,0
702,2023-02-10 03:00,3.8,16.2,2.6,1.2,,,86.9,,0
702,2023-02-10 04:00,3,341.7,2.1,.2,,,89.8,,0
702,2023-02-10 05:00,2.8,345.9,2.4,0,,,88.5,,0
702,2023-02-10 06:00,2.8,2.5,2.5,0,,,87.1,,0
702,2023-02-10 07:00,2.8,337.7,2.3,0,,,88.2,,0
702,2023-02-10 08:00,2.9,339.7,2,0,,,89.1,,0
702,2023-02-10 09:00,3.4,318.9,2.3,0,,,88.1,,0
702,2023-02-10 10:00,4.6,23.6,1.5,0,,,81.5,,.6
702,2023-02-10 11:00,6.2,304.4,2.2,0,,,77.4,,.5
702,2023-02-10 12:00,6.3,320.7,2.8,0,,,72.1,,.7
702,2023-02-10 13:00,7.5,17.7,1.8,0,,,64.6,,.9
702,2023-02-10 14:00,7.2,345,1.3,0,,,64.8,,.8
702,2023-02-10 15:00,7.8,317.2,1.4,0,,,62.4,,.8
702,2023-02-10 16:00,8.3,230.2,.6,0,,,59.5,,1
702,2023-02-10 17:00,8.2,269.7,.5,0,,,59,,1.1
702,2023-02-10 18:00,6,256,2.8,0,,,77.6,,1.3
702,2023-02-10 19:00,3.2,215.7,1.9,0,,,87.3,,1.1
702,2023-02-10 20:00,1.5,185.1,1.5,0,,,92.3,,1.3
702,2023-02-10 21:00,1.4,210,1.8,0,,,92.9,,1.1
702,2023-02-10 22:00,.4,0,.3,0,,,94.6,,1.3
702,2023-02-10 23:00,-.1,21.7,1.2,0,,,94.1,,1.1
702,2023-02-11 00:00,.4,57.6,2.5,0,,,94.8,,1.3
702,2023-02-11 01:00,.2,0,.4,0,,,94.6,,0
702,2023-02-11 02:00,.2,0,.2,0,,,95,,0
702,2023-02-11 03:00,-.4,159,1.4,0,,,95.2,,0
702,2023-02-11 04:00,-1,73.9,2.5,0,,,95.3,,0
702,2023-02-11 05:00,-.8,346.9,2.6,0,,,95.2,,0
702,2023-02-11 06:00,-1.4,22.6,1.2,0,,,95.5,,0
702,2023-02-11 07:00,-1.4,280.9,1.2,0,,,95.6,,0
702,2023-02-11 08:00,-1.6,126.5,1.3,0,,,95.2,,0
702,2023-02-11 09:00,-1.5,0,.3,0,,,94.9,,0
702,2023-02-11 10:00,-1.2,116.5,1.8,0,,,95.2,,0
702,2023-02-11 11:00,-.3,63.3,1.6,0,,,94.8,,0
702,2023-02-11 12:00,2,63.8,1.2,0,,,94.9,,.3
702,2023-02-11 13:00,5.7,359.2,1.2,0,,,77.1,,.9
702,2023-02-11 14:00,6.8,296.8,2.2,0,,,63.5,,.7
702,2023-02-11 15:00,6.8,304.6,2.3,0,,,62.6,,.9
702,2023-02-11 16:00,7.9,6.1,.6,0,,,53.6,,.7
702,2023-02-11 17:00,8.5,254.8,.5,0,,,49.7,,1.3
702,2023-02-11 18:00,6.5,241.1,.9,0,,,63.2,,1.3
702,2023-02-11 19:00,5.1,3.9,2,0,,,69.9,,1.3
702,2023-02-11 20:00,1.6,290.2,.7,0,,,84.3,,1.3
702,2023-02-11 21:00,1.1,78.5,.9,0,,,89.2,,1.3
702,2023-02-11 22:00,-.3,139.5,1.1,0,,,89.5,,1.3
702,2023-02-11 23:00,-.6,73.1,.5,0,,,92.5,,1.3
702,2023-02-12 00:00,-.8,350.2,.5,0,,,92.8,,1.3
702,2023-02-12 01:00,-1.5,319.7,.8,0,,,93,,0
702,2023-02-12 02:00,-2.5,92,.9,0,,,88.9,,0
702,2023-02-12 03:00,-2.2,0,.4,0,,,92.8,,0
702,2023-02-12 04:00,-2.5,55.9,.5,0,,,93.7,,0
702,2023-02-12 05:00,-3.6,0,.3,0,,,94.2,,0
702,2023-02-12 06:00,-2.9,0,.3,0,,,94,,0
702,2023-02-12 07:00,-2.6,338.3,.9,0,,,92.8,,0
702,2023-02-12 08:00,-.9,358,2,0,,,93.7,,0
702,2023-02-12 09:00,-.3,74.5,1.2,0,,,92.2,,.1
702,2023-02-12 10:00,.8,175,1.7,0,,,92,,0
702,2023-02-12 11:00,1.8,215.8,1.4,0,,,85.8,,0
702,2023-02-12 12:00,4,9.2,3.7,0,,,75,,0
702,2023-02-12 13:00,5.6,273.6,2.4,0,,,69.8,,0
702,2023-02-12 14:00,6,324,2.1,0,,,64.2,,0
702,2023-02-12 15:00,6.6,345.6,1.8,0,,,56.3,,0
702,2023-02-12 16:00,6.9,21.3,1.4,0,,,56.2,,0
702,2023-02-12 17:00,6.7,59.1,1.7,0,,,64.8,,0
702,2023-02-12 18:00,6.9,338.7,3.4,0,,,51.9,,0
702,2023-02-12 19:00,6.7,357.7,2.8,0,,,44.4,,0
702,2023-02-12 20:00,6.4,352.3,2.7,0,,,48.1,,0
702,2023-02-12 21:00,5.9,353.9,1.8,0,,,51.3,,0
702,2023-02-12 22:00,5.6,342.5,3,0,,,56.4,,0
702,2023-02-12 23:00,5.1,0,.3,0,,,58.8,,0
702,2023-02-13 00:00,5,19.9,1,0,,,60.1,,0
702,2023-02-13 01:00,4.2,32.5,.8,0,,,70.5,,0
702,2023-02-13 02:00,5.2,304.4,3.1,0,,,59.4,,0
702,2023-02-13 03:00,6.1,,,0,,,57.9,,0
702,2023-02-13 04:00,5.6,18.8,1.7,0,,,60.1,,0
702,2023-02-13 05:00,3.4,104.7,1.2,0,,,79.5,,0
702,2023-02-13 06:00,3.8,123.8,.8,0,,,74.7,,0
702,2023-02-13 07:00,2.8,231.1,1.5,0,,,79.6,,0
702,2023-02-13 08:00,4.6,.4,.9,0,,,70.6,,0
702,2023-02-13 09:00,6.5,355.1,2.2,0,,,65.2,,0
702,2023-02-13 10:00,7.2,331.1,2.9,0,,,64.2,,0
702,2023-02-13 11:00,8,335.3,3.6,0,,,62.3,,0
702,2023-02-13 12:00,9.1,324.6,3.7,0,,,58.1,,0
702,2023-02-13 13:00,9.6,330,3,0,,,55.9,,.1
702,2023-02-13 14:00,10.8,328.8,2.8,0,,,51.9,,.9
702,2023-02-13 15:00,10.9,324.3,3.6,0,,,49.4,,1.1
702,2023-02-13 16:00,10.5,340.5,2.6,0,,,49.3,,1.3
702,2023-02-13 17:00,10.3,340.2,3.2,0,,,46.2,,1.1
702,2023-02-13 18:00,9,315.9,2.5,0,,,60.2,,1.3
702,2023-02-13 19:00,8.4,308.8,2.9,0,,,57,,1.1
702,2023-02-13 20:00,5.7,210.3,1.5,0,,,71.3,,1.3
702,2023-02-13 21:00,3.5,186.3,.6,0,,,84.4,,1.1
702,2023-02-13 22:00,3.9,233.7,2.1,0,,,77.6,,1.3
702,2023-02-13 23:00,3,190.4,1.5,0,,,84.4,,1.1
702,2023-02-14 00:00,1.5,153.6,.9,0,,,91.4,,1.3
702,2023-02-14 01:00,1,177,.7,0,,,90.7,,0
702,2023-02-14 02:00,1.8,247.4,1.8,0,,,87.4,,0
702,2023-02-14 03:00,1.1,212.2,1.6,0,,,85.3,,0
702,2023-02-14 04:00,1.1,304.8,.5,0,,,91,,0
702,2023-02-14 05:00,.6,187.8,.6,0,,,84.1,,0
702,2023-02-14 06:00,.1,0,.4,0,,,90.6,,0
702,2023-02-14 07:00,-.7,229.5,.7,0,,,92.2,,0
702,2023-02-14 08:00,-1.3,351.4,.6,0,,,92.6,,0
702,2023-02-14 09:00,1.4,349.8,1.3,0,,,65.3,,.8
702,2023-02-14 10:00,3.1,164.7,.9,0,,,54.8,,.9
702,2023-02-14 11:00,3.5,224.3,2.9,0,,,57.6,,1.9
702,2023-02-14 12:00,4.7,222.5,2.8,0,,,42.8,,1.9
702,2023-02-14 13:00,5.3,210.2,2.9,0,,,55.1,,2.7
702,2023-02-14 14:00,5.7,220.5,3.6,0,,,37.2,,2.9
702,2023-02-14 15:00,6.3,218.3,4.3,0,,,35.6,,3.7
702,2023-02-14 16:00,5.5,236.6,5.1,0,,,44.7,,3.9
702,2023-02-14 17:00,4.9,240.6,3.8,0,,,48.3,,4.7
702,2023-02-14 18:00,3.4,221.3,2.4,0,,,50.2,,4.3
702,2023-02-14 19:00,2.4,266.3,2.4,0,,,54.5,,4.7
702,2023-02-14 20:00,-.5,85.2,.9,0,,,75.7,,4.3
702,2023-02-14 21:00,-.9,54,.5,0,,,71.9,,4.7
702,2023-02-14 22:00,.3,.5,1.1,0,,,50.3,,4.3
702,2023-02-14 23:00,.2,348.6,2.1,0,,,51.6,,4.7
702,2023-02-15 00:00,.1,.7,2.1,0,,,51.7,,4.3
702,2023-02-15 01:00,-2.1,95.9,1.4,0,,,71.2,,0
702,2023-02-15 02:00,-2.6,115.3,.9,0,,,81.2,,0
702,2023-02-15 03:00,-2.9,0,.4,0,,,84.9,,0
702,2023-02-15 04:00,-3.3,0,0,0,,,89.4,,0
702,2023-02-15 05:00,-3.4,96.2,.9,0,,,87.7,,0
702,2023-02-15 06:00,-3.5,0,0,0,,,90.8,,0
702,2023-02-15 07:00,-2.9,0,.4,0,,,89,,0
702,2023-02-15 08:00,-2.7,86.9,1,0,,,88.8,,0
702,2023-02-15 09:00,-.8,80.9,.6,0,,,70.9,,.2
702,2023-02-15 10:00,1.2,0,.3,0,,,65.1,,.7
702,2023-02-15 11:00,4.2,66.4,.7,0,,,56.5,,.7
702,2023-02-15 12:00,6.1,82.8,.7,0,,,43.4,,1.5
702,2023-02-15 13:00,6.9,321.4,1.2,0,,,43.3,,1.2
702,2023-02-15 14:00,7.6,210.4,1.9,0,,,41.7,,2.1
702,2023-02-15 15:00,7.5,247.5,2.7,0,,,45.3,,1.7
702,2023-02-15 16:00,7.4,245.9,3.5,0,,,47.4,,2.2
702,2023-02-15 17:00,6.3,243.5,4.3,0,,,57.8,,1.7
702,2023-02-15 18:00,5,254.6,4.5,0,,,60,,2.2
702,2023-02-15 19:00,4.4,235.2,2.8,0,,,61.2,,1.7
702,2023-02-15 20:00,3.7,210.9,2.5,0,,,64.4,,2.2
702,2023-02-15 21:00,2.8,174.2,1.8,0,,,73.7,,1.7
702,2023-02-15 22:00,2.2,188.3,1.5,0,,,76.2,,2.2
702,2023-02-15 23:00,1.6,0,.3,0,,,80,,1.7
702,2023-02-16 00:00,1.8,0,0,0,,,80,,2.2
702,2023-02-16 01:00,,,,0,,,,,0
702,2023-02-16 03:00,2.3,148.4,.9,0,,,79.5,,0
702,2023-02-16 04:00,1.7,0,.1,0,,,82.9,,0
702,2023-02-16 05:00,2.1,0,.2,0,,,79,,0
702,2023-02-16 06:00,2.2,0,0,0,,,77.1,,0
702,2023-02-16 07:00,1.8,107.4,.7,0,,,84,,0
702,2023-02-16 08:00,2,0,.4,0,,,85.4,,0
702,2023-02-16 09:00,3,171,1.3,0,,,73.4,,0
702,2023-02-16 10:00,4.1,172.6,1.2,0,,,69.7,,0
702,2023-02-16 11:00,4.9,198.8,2.4,0,,,63.3,,.2
702,2023-02-16 12:00,5.3,233.9,2.1,0,,,63.9,,0
702,2023-02-16 13:00,5.4,249.8,4.1,0,,,58.8,,.2
702,2023-02-16 14:00,5.7,258.2,4.2,0,,,57.3,,.2
702,2023-02-16 15:00,6.3,256,4.6,0,,,51.5,,.8
702,2023-02-16 16:00,5.5,286.3,3.4,0,,,50.6,,.4
702,2023-02-16 17:00,5.5,263.9,3.9,0,,,51.1,,1.7
702,2023-02-16 18:00,3.7,256.5,2.8,0,,,56.9,,1
702,2023-02-16 19:00,2.7,263,1.8,0,,,59.5,,1.8
702,2023-02-16 20:00,2.7,283.5,2.3,0,,,59.3,,1
702,2023-02-16 21:00,1.9,289.9,2,0,,,61.8,,1.8
702,2023-02-16 22:00,-2.2,97.2,1.8,0,,,85.2,,1
702,2023-02-16 23:00,-1.8,0,.1,0,,,85.1,,1.8
702,2023-02-17 00:00,-2.3,42.8,.8,0,,,86.7,,1
702,2023-02-17 01:00,-2.6,0,0,0,,,88.6,,0
702,2023-02-17 02:00,-2.7,0,0,0,,,90.4,,0
702,2023-02-17 03:00,-2.3,0,0,0,,,91.4,,0
702,2023-02-17 04:00,-1.5,35.4,1.1,0,,,83.8,,0
702,2023-02-17 05:00,-1.1,0,.2,0,,,82.5,,0
702,2023-02-17 06:00,-1.4,340.8,.5,0,,,84.6,,0
702,2023-02-17 07:00,-1.5,55.5,1.5,0,,,87.8,,0
702,2023-02-17 08:00,-.9,104.1,.7,0,,,84.2,,0
702,2023-02-17 09:00,.9,3,.6,0,,,75.7,,.2
702,2023-02-17 10:00,1.6,356.9,2.1,0,,,70.8,,.1
702,2023-02-17 11:00,3.2,350.6,2,0,,,61.7,,.2
702,2023-02-17 12:00,5,343.8,2.1,0,,,51.9,,.1
702,2023-02-17 13:00,6.2,149.6,1.6,0,,,48.8,,.5
702,2023-02-17 14:00,7,87.6,.8,0,,,38.4,,.1
702,2023-02-17 15:00,7.2,182.3,1.8,0,,,35.4,,.5
702,2023-02-17 16:00,7.2,220.5,.6,0,,,32.7,,.1
702,2023-02-17 17:00,6.8,175.7,1.2,0,,,42.5,,.5
702,2023-02-17 18:00,6.2,195,1.1,0,,,47.5,,.1
702,2023-02-17 19:00,5.8,0,.4,0,,,48.2,,.5
702,2023-02-17 20:00,4.2,77.1,.8,0,,,66.8,,.1
702,2023-02-17 21:00,4.3,0,.1,0,,,61.9,,.5
702,2023-02-17 22:00,4.7,47.8,1.8,0,,,53.3,,.1
702,2023-02-17 23:00,5.4,335.2,1.2,0,,,48.3,,.5
702,2023-02-18 00:00,3.2,68.8,1.1,0,,,74.3,,.1
702,2023-02-18 01:00,3.7,0,.1,0,,,75.7,,0
702,2023-02-18 02:00,5.7,355,1,0,,,44.6,,0
702,2023-02-18 03:00,4.6,128.5,1.3,0,,,67.4,,0
702,2023-02-18 04:00,4.9,0,0,0,,,57.6,,0
702,2023-02-18 05:00,5.9,347.6,1.2,0,,,47.3,,0
702,2023-02-18 06:00,5.8,321.9,.5,0,,,46.7,,0
702,2023-02-18 07:00,5.2,0,.3,0,,,68.9,,0
702,2023-02-18 08:00,5.3,0,.1,0,,,67.7,,0
702,2023-02-18 09:00,6.1,224.2,.5,0,,,61.5,,0
702,2023-02-18 10:00,6.6,326.8,3.2,0,,,47.8,,0
702,2023-02-18 11:00,7.3,316.3,1.5,0,,,43.8,,0
702,2023-02-18 12:00,7.6,128.8,1.3,0,,,48,,0
702,2023-02-18 13:00,8,0,.2,0,,,47.2,,0
702,2023-02-18 14:00,8.2,119.4,1.1,0,,,49.7,,0
702,2023-02-18 15:00,8.8,192.8,1.3,0,,,50.1,,0
702,2023-02-18 16:00,8.9,125.8,.5,0,,,47.7,,0
702,2023-02-18 17:00,8.6,0,.2,0,,,51.5,,0
702,2023-02-18 18:00,7.9,0,.3,0,,,62.1,,0
702,2023-02-18 19:00,7.2,0,.3,0,,,68.8,,0
702,2023-02-18 20:00,6.2,206.5,.9,.6,,,84,,0
702,2023-02-18 21:00,5.4,0,.1,.1,,,87.4,,0
702,2023-02-18 22:00,5.3,0,0,0,,,88.4,,0
702,2023-02-18 23:00,5.3,275.4,1.2,.3,,,92.8,,0
702,2023-02-19 00:00,4.8,238.9,.9,.2,,,94.8,,0
702,2023-02-19 01:00,4.5,207.1,1.5,.4,,,95.9,,0
702,2023-02-19 02:00,4.2,260.8,2.1,.5,,,95.9,,0
702,2023-02-19 03:00,3.8,257.5,3.8,.5,,,95.7,,0
702,2023-02-19 04:00,3.3,233.7,2.5,.2,,,92.6,,0
702,2023-02-19 05:00,3.6,222.1,1.4,0,,,89.2,,0
702,2023-02-19 06:00,3.5,161.5,1.6,0,,,93.8,,0
702,2023-02-19 07:00,3.6,184.3,1.2,0,,,92.8,,0
702,2023-02-19 08:00,3.9,166,1.4,0,,,93.7,,0
702,2023-02-19 09:00,5.6,276.9,5,0,,,83.5,,0
702,2023-02-19 10:00,5.4,277.5,4.8,0,,,74.9,,.1
702,2023-02-19 11:00,4.9,270.2,5.3,0,,,73.5,,0
702,2023-02-19 12:00,5.5,269.4,5.5,0,,,63.5,,.6
702,2023-02-19 13:00,6.1,264.9,5.7,0,,,55.8,,1
702,2023-02-19 14:00,6.2,257.5,5.8,0,,,51.4,,1.6
702,2023-02-19 15:00,6.1,268.5,6.1,0,,,41.2,,2
702,2023-02-19 16:00,6.5,258.9,4.7,0,,,38.3,,2.7
702,2023-02-19 17:00,5.1,247.6,6.2,0,,,44.4,,3
702,2023-02-19 18:00,3.3,269.4,3.5,0,,,46.6,,3.5
702,2023-02-19 19:00,2.1,274.1,3.4,0,,,51.1,,3
702,2023-02-19 20:00,1.4,288.5,3.4,0,,,55.4,,3.5
702,2023-02-19 21:00,1.1,289.4,3.2,0,,,52.5,,3
702,2023-02-19 22:00,1,314.6,2.5,0,,,50.8,,3.5
702,2023-02-19 23:00,-1.4,0,.4,0,,,66.4,,3
702,2023-02-20 00:00,-2.8,0,.2,0,,,82.6,,3.5
702,2023-02-20 01:00,-3.4,87.9,.5,0,,,84.6,,0
702,2023-02-20 02:00,-4.4,56.6,.8,0,,,90.1,,0
702,2023-02-20 03:00,-3.6,32.3,1.2,0,,,83.3,,0
702,2023-02-20 04:00,-4.2,0,0,0,,,86.9,,0
702,2023-02-20 05:00,-3.8,49.8,1.4,0,,,81.8,,0
702,2023-02-20 06:00,-4.2,64.4,.8,0,,,84.3,,0
702,2023-02-20 07:00,-4.2,53,1.3,0,,,84.5,,0
702,2023-02-20 08:00,-3.5,0,.3,0,,,83.3,,.4
702,2023-02-20 09:00,-1.3,70.1,.7,0,,,75.9,,.7
702,2023-02-20 10:00,1.6,151.2,1,0,,,64.4,,1.4
702,2023-02-20 11:00,4.2,240,3.3,0,,,58.6,,1.4
702,2023-02-20 12:00,5.2,316,3.5,0,,,50.8,,2.4
702,2023-02-20 13:00,5.3,287.7,7,0,,,29.3,,2.4
702,2023-02-20 14:00,4.6,262.7,8.6,0,,,21.8,,3.4
702,2023-02-20 15:00,3.8,291.5,6.9,0,,,31.3,,3.4
702,2023-02-20 16:00,3.1,271.6,6.7,0,,,33.2,,4.4
702,2023-02-20 17:00,2,267.7,6.9,0,,,37.9,,4.4
702,2023-02-20 18:00,.9,273.2,5.9,0,,,41.9,,5.2
702,2023-02-20 19:00,-.1,277.9,4.3,0,,,43.3,,4.4
702,2023-02-20 20:00,-.7,279.1,3.7,0,,,45.7,,5.2
702,2023-02-20 21:00,-1.1,314.2,3.5,0,,,46.5,,4.4
702,2023-02-20 22:00,-1.7,321.1,1.5,0,,,47.3,,5.2
702,2023-02-20 23:00,-1.8,333.7,2.3,0,,,47.5,,4.4
702,2023-02-21 00:00,-2.4,353.1,1.9,0,,,45.8,,5.2
702,2023-02-21 01:00,-2.4,329.9,3,0,,,45.2,,0
702,2023-02-21 02:00,-2.7,315,2.8,0,,,46.4,,0
702,2023-02-21 03:00,-2.9,324.6,2.3,0,,,46.6,,0
702,2023-02-21 04:00,-3.2,316.2,2,0,,,48.1,,0
702,2023-02-21 05:00,-5.5,82.9,2,0,,,63.5,,0
702,2023-02-21 06:00,-6.7,292.1,.5,0,,,76.7,,0
702,2023-02-21 07:00,-8.2,231.8,.7,0,,,81.2,,0
702,2023-02-21 08:00,-6.6,124.7,.7,0,,,79.8,,.7
702,2023-02-21 09:00,-3.6,164.3,.7,0,,,64.6,,1
702,2023-02-21 10:00,-1.4,336.5,2,0,,,38.5,,1.7
702,2023-02-21 11:00,-.2,8.8,1.9,0,,,34.5,,2
702,2023-02-21 12:00,.7,279.2,2.4,0,,,28.7,,2.7
702,2023-02-21 13:00,2.3,302.4,2.9,0,,,25.7,,3
702,2023-02-21 14:00,3,297.5,3.1,0,,,17.8,,3.7
702,2023-02-21 15:00,3.6,353.9,2.9,0,,,18.9,,4
702,2023-02-21 16:00,4.3,337.4,2.4,0,,,14.9,,4.7
702,2023-02-21 17:00,4.2,.1,1.9,0,,,17.2,,5
702,2023-02-21 18:00,2.4,251.7,4.1,0,,,42.3,,5.4
702,2023-02-21 19:00,.7,259.2,2.9,0,,,51.5,,5
702,2023-02-21 20:00,-1.7,184.5,2.5,0,,,69.8,,5.4
702,2023-02-21 21:00,-2.5,108,.6,0,,,72.7,,5
702,2023-02-21 22:00,-3.5,0,.1,0,,,80.5,,5.4
702,2023-02-21 23:00,-3.7,62.3,.6,0,,,80.3,,5
702,2023-02-22 00:00,-4.5,29.7,.6,0,,,82.5,,5.4
702,2023-02-22 01:00,-4.4,48.6,1.1,0,,,82.8,,0
702,2023-02-22 02:00,-5.3,147.1,.8,0,,,85.2,,0
702,2023-02-22 03:00,-6,25.5,.6,0,,,85.9,,0
702,2023-02-22 04:00,-6,0,.4,0,,,87.7,,0
702,2023-02-22 05:00,-6.3,89.5,1.1,0,,,87.3,,0
702,2023-02-22 06:00,-6.3,0,.4,0,,,89.6,,0
702,2023-02-22 07:00,-6.6,96.3,.5,0,,,88.6,,0
702,2023-02-22 08:00,-5.1,0,.3,0,,,89.6,,.6
702,2023-02-22 09:00,-.7,355.9,.5,0,,,67.7,,1
702,2023-02-22 10:00,.8,288.9,1.9,0,,,49.6,,1.6
702,2023-02-22 11:00,3.8,299.8,1.2,0,,,32.3,,2
702,2023-02-22 12:00,6,15,1.4,0,,,26.8,,2.6
702,2023-02-22 13:00,7.2,266.3,2.2,0,,,29.5,,3
702,2023-02-22 14:00,8.1,252,3.5,0,,,33.2,,3.5
702,2023-02-22 15:00,8.9,230.9,2.8,0,,,33.2,,4
702,2023-02-22 16:00,8,247.6,3.9,0,,,37.7,,4
702,2023-02-22 17:00,6.4,240.4,4.7,0,,,41.8,,4
702,2023-02-22 18:00,5.2,246.7,3.1,0,,,44.7,,4
702,2023-02-22 19:00,4.1,255,3.2,0,,,45.3,,4
702,2023-02-22 20:00,3.1,218.7,2.8,0,,,52.6,,4
702,2023-02-22 21:00,2.6,219.5,2.8,0,,,62.6,,4
702,2023-02-22 22:00,2.4,236.8,2.9,0,,,64.8,,4
702,2023-02-22 23:00,2.2,256.8,3.9,0,,,66.1,,4
702,2023-02-23 00:00,1.9,273.6,2.9,0,,,65.9,,4
702,2023-02-23 01:00,.8,205.1,2.1,0,,,79.6,,0
702,2023-02-23 02:00,.4,158.6,1.4,0,,,82.3,,0
702,2023-02-23 03:00,-.1,165.7,.5,0,,,91.5,,0
702,2023-02-23 04:00,.1,0,0,0,,,91.4,,0
702,2023-02-23 05:00,-.7,35.2,1.2,0,,,91.6,,0
702,2023-02-23 06:00,-1.9,321.1,.6,0,,,94.2,,0
702,2023-02-23 07:00,-3,77.8,.5,0,,,93.4,,0
702,2023-02-23 08:00,-2.7,0,.3,0,,,93,,.7
702,2023-02-23 09:00,1,0,.4,0,,,84.4,,1
702,2023-02-23 10:00,3,119.8,1.5,0,,,57.6,,1.7
702,2023-02-23 11:00,4.1,343.9,2.6,0,,,41.1,,2
702,2023-02-23 12:00,6.3,353.3,2,0,,,29.1,,2.7
702,2023-02-23 13:00,7.2,336.8,3.5,0,,,29.8,,3
702,2023-02-23 14:00,8.2,329.1,4.1,0,,,25.6,,3.7
702,2023-02-23 15:00,9.3,327.7,3.3,0,,,25.7,,4
702,2023-02-23 16:00,9.3,327.8,2.9,0,,,27.5,,4.7
702,2023-02-23 17:00,7.7,267.5,4.3,0,,,47.1,,4.9
702,2023-02-23 18:00,5.5,290.3,4.4,0,,,60.7,,4.7
702,2023-02-23 19:00,4.5,300.3,3.1,0,,,65,,4.9
702,2023-02-23 20:00,1.6,127.3,1.4,0,,,76.4,,4.7
702,2023-02-23 21:00,1.5,0,.3,0,,,81.6,,4.9
702,2023-02-23 22:00,2.3,214.5,2.3,0,,,78.9,,4.7
702,2023-02-23 23:00,.2,113.1,.9,0,,,86.2,,4.9
702,2023-02-24 00:00,.7,54.4,1.1,0,,,84.6,,4.7
702,2023-02-24 01:00,.6,4.7,1.3,0,,,84.1,,0
702,2023-02-24 02:00,-.6,106.4,.6,0,,,89.6,,0
702,2023-02-24 03:00,-1.7,0,.3,0,,,92.4,,0
702,2023-02-24 04:00,-2,0,.4,0,,,92.9,,0
702,2023-02-24 05:00,-2.1,76.4,.6,0,,,94.1,,0
702,2023-02-24 06:00,-2.1,0,.2,0,,,92.8,,0
702,2023-02-24 07:00,-2.5,26.3,.7,0,,,93.7,,0
702,2023-02-24 08:00,-2.3,0,.2,0,,,91.4,,0
702,2023-02-24 09:00,1.4,0,.4,0,,,85.2,,.9
702,2023-02-24 10:00,3.9,335.9,2.7,0,,,66,,1
702,2023-02-24 11:00,5.1,357,3.7,0,,,59.1,,1.9
702,2023-02-24 12:00,6.6,328.1,3.4,0,,,47.4,,2
702,2023-02-24 13:00,8.6,342.5,3.4,0,,,40,,2.9
702,2023-02-24 14:00,10.6,351.1,3.7,0,,,28.2,,3
702,2023-02-24 15:00,10.1,330.9,4.9,0,,,20.5,,3.9
702,2023-02-24 16:00,10,331,4,0,,,20.3,,4
702,2023-02-24 17:00,9.5,296.2,6.1,0,,,18.8,,4.9
702,2023-02-24 18:00,6.8,275.1,5,0,,,31.8,,4.7
702,2023-02-24 19:00,4.1,258.4,3.9,0,,,35.3,,4.9
702,2023-02-24 20:00,2.6,258.1,4.8,0,,,47.4,,4.7
702,2023-02-24 21:00,1.6,277.9,3.4,0,,,56.6,,4.9
702,2023-02-24 22:00,.5,266.9,2.1,0,,,55.9,,4.7
702,2023-02-24 23:00,.6,270.6,2.1,0,,,53.5,,4.9
702,2023-02-25 00:00,.2,276.7,2,0,,,55.2,,4.7
702,2023-02-25 01:00,.1,283.6,1.6,0,,,56.6,,0
702,2023-02-25 02:00,-4.4,139.6,.9,0,,,76.8,,0
702,2023-02-25 03:00,-5.6,80.2,.5,0,,,85.1,,0
702,2023-02-25 04:00,-5.3,0,.1,0,,,89.5,,0
702,2023-02-25 05:00,-5.9,0,.2,0,,,88.9,,0
702,2023-02-25 06:00,-6.2,45.7,.6,0,,,90,,0
702,2023-02-25 07:00,-6.6,0,0,0,,,89.1,,0
702,2023-02-25 08:00,-5.4,81.5,.5,0,,,90,,.8
702,2023-02-25 09:00,-.7,161.3,.5,0,,,75.3,,.9
702,2023-02-25 10:00,1.5,308,1.9,0,,,48.7,,1.9
702,2023-02-25 11:00,2.6,236.5,2.1,0,,,38.7,,1.9
702,2023-02-25 12:00,4.4,324.6,2.3,0,,,34.3,,2.8
702,2023-02-25 13:00,5.3,320,2.8,0,,,28.2,,3
702,2023-02-25 14:00,6.2,260,4.3,0,,,25.2,,3.8
702,2023-02-25 15:00,5.8,251.7,6.4,0,,,33.6,,4
702,2023-02-25 16:00,5.6,258.8,6.2,0,,,32.7,,4.8
702,2023-02-25 17:00,4.6,267.4,6.3,0,,,29.5,,4.9
702,2023-02-25 18:00,3,275.1,4.5,0,,,25.6,,5.8
702,2023-02-25 19:00,1.6,283.5,3.6,0,,,27.6,,4.9
702,2023-02-25 20:00,1.2,311.6,3.3,0,,,31.6,,5.8
702,2023-02-25 21:00,1.1,315,3,0,,,31.1,,4.9
702,2023-02-25 22:00,-3.7,116.2,1.8,0,,,53.7,,5.8
702,2023-02-25 23:00,-2.7,0,.3,0,,,56.1,,4.9
702,2023-02-26 00:00,-4.8,13.2,.6,0,,,67,,5.8
702,2023-02-26 01:00,-4.7,0,.4,0,,,62.9,,0
702,2023-02-26 02:00,-6.5,0,0,0,,,76.1,,0
702,2023-02-26 03:00,-7.1,0,.4,0,,,80.8,,0
702,2023-02-26 04:00,-7.3,0,.2,0,,,82.7,,0
702,2023-02-26 05:00,-7.3,39.7,.5,0,,,83.4,,0
702,2023-02-26 06:00,-7.3,49.7,1,0,,,82.6,,0
702,2023-02-26 07:00,-8.2,0,.2,0,,,86.5,,0
702,2023-02-26 08:00,-5,48.4,.8,0,,,73.7,,.8
702,2023-02-26 09:00,-1.8,112,1.1,0,,,56.6,,1
702,2023-02-26 10:00,.8,164.9,.9,0,,,43.8,,1.8
702,2023-02-26 11:00,4.3,252.7,.8,0,,,29.7,,2
702,2023-02-26 12:00,6,299.4,3.1,0,,,21.7,,2.8
702,2023-02-26 13:00,6.2,331,2,0,,,18.1,,3
702,2023-02-26 14:00,7.7,284.9,1.1,0,,,19.2,,3.8
702,2023-02-26 15:00,8.7,243.2,3.2,0,,,25,,4
702,2023-02-26 16:00,8,240.9,3.1,0,,,27.2,,4.8
702,2023-02-26 17:00,7.2,244.7,4.2,0,,,37.8,,5
702,2023-02-26 18:00,4.9,259.7,4,0,,,41.7,,5.7
702,2023-02-26 19:00,2.9,246.2,1.6,0,,,44.9,,5
702,2023-02-26 20:00,.2,0,.4,0,,,54.3,,5.7
702,2023-02-26 21:00,-.5,0,.3,0,,,62.4,,5
702,2023-02-26 22:00,-1.4,57.6,.7,0,,,66.5,,5.7
702,2023-02-26 23:00,-3.4,0,.3,0,,,77,,5
702,2023-02-27 00:00,-4.4,47.2,.6,0,,,83.8,,5.7
702,2023-02-27 01:00,-4,67.4,.5,0,,,82.6,,0
702,2023-02-27 02:00,-4.4,0,.4,0,,,88.5,,0
702,2023-02-27 03:00,-6,0,.1,0,,,89.1,,0
702,2023-02-27 04:00,-5.2,54.6,.6,0,,,88.2,,0
702,2023-02-27 05:00,-5.6,0,.2,0,,,90.7,,0
702,2023-02-27 06:00,-5.9,20.2,.5,0,,,87.2,,0
702,2023-02-27 07:00,-6.2,0,.2,0,,,86.2,,0
702,2023-02-27 08:00,-4.7,40.7,.5,0,,,88.4,,.8
702,2023-02-27 09:00,.3,100.1,.7,0,,,66.8,,1
702,2023-02-27 10:00,3.9,93.7,.7,0,,,52.1,,1.8
702,2023-02-27 11:00,6,224.2,1,0,,,38.5,,2
702,2023-02-27 12:00,8,318.9,1.7,0,,,24.4,,2.8
702,2023-02-27 13:00,9.9,281.1,2.3,0,,,19.9,,3
702,2023-02-27 14:00,11.3,241.3,3,0,,,15.6,,3.8
702,2023-02-27 15:00,12.4,240.5,2.9,0,,,13.8,,4
702,2023-02-27 16:00,11.9,247.8,5.4,0,,,25,,4.8
702,2023-02-27 17:00,10.9,270.1,3.1,0,,,24.6,,5
702,2023-02-27 18:00,7.5,229.7,3.2,0,,,33.6,,5.8
702,2023-02-27 19:00,4.3,237.3,2.4,0,,,45.3,,4.9
702,2023-02-27 20:00,.4,185.5,1.8,0,,,66.9,,5.8
702,2023-02-27 21:00,.8,211.8,.5,0,,,78.2,,4.9
702,2023-02-27 22:00,.2,248.9,.7,0,,,80.5,,5.8
702,2023-02-27 23:00,-1.9,101.1,1.2,0,,,89.8,,4.9
702,2023-02-28 00:00,-2.3,37.8,.6,0,,,87.8,,5.8
702,2023-02-28 01:00,-4,0,.1,0,,,92.1,,0
702,2023-02-28 02:00,-4.6,0,0,0,,,93.8,,0
702,2023-02-28 03:00,-5.3,0,0,0,,,93.1,,0
702,2023-02-28 04:00,-4.2,49.4,.5,0,,,93.5,,0
702,2023-02-28 05:00,-4.6,0,.1,0,,,92.3,,0
702,2023-02-28 06:00,-5.5,0,.2,0,,,91.3,,0
702,2023-02-28 07:00,-5.9,0,.3,0,,,91.3,,0
702,2023-02-28 08:00,-4.4,0,.2,0,,,92.1,,.9
702,2023-02-28 09:00,.3,101.4,.7,0,,,76.8,,1
702,2023-02-28 10:00,5.1,109.7,1.3,,,,53.1,,1.9
702,2023-02-28 11:00,8.7,214.9,2,,,,39.8,,2
702,2023-02-28 12:00,11.1,230,4,,,,43.4,,2.8
702,2023-02-28 13:00,12.2,221.2,3.4,,,,37.7,,3
702,2023-02-28 14:00,13.2,235.7,3.1,,,,40.6,,3.8
702,2023-02-28 15:00,13.5,242.7,5.6,,,,43.8,,3.9
702,2023-02-28 16:00,12.8,255.5,6.3,,,,43.2,,4.8
702,2023-02-28 17:00,12.4,248.6,4.8,,,,44.5,,4.9
702,2023-02-28 18:00,10.5,257.4,4.6,,,,52.8,,5.6
702,2023-02-28 19:00,9.2,292.8,2.5,,,,60.4,,4.9
702,2023-02-28 20:00,6.2,92.6,.5,,,,69.6,,5.6
702,2023-02-28 21:00,4.7,0,.2,,,,75.9,,4.9
702,2023-02-28 22:00,6,0,.2,,,,73.6,,5.6
702,2023-02-28 23:00,5.3,244,.6,,,,76.3,,4.9
702,2023-03-01 00:00,6.1,39.6,.5,,,,74.7,,5.6
702,2023-03-01 01:00,6.7,352.2,1,0,,,74.1,,0
702,2023-03-01 02:00,,,,0,,,,,0
702,2023-03-01 04:00,6.2,0,.4,0,,,74.7,,0
702,2023-03-01 05:00,7.2,311.3,2.6,0,,,70.8,,0
702,2023-03-01 06:00,6.7,332.2,1.2,0,,,73.7,,0
702,2023-03-01 07:00,6,219.5,1.6,0,,,77.1,,0
702,2023-03-01 08:00,6.1,141.4,1.2,0,,,79.5,,0
702,2023-03-01 09:00,7.1,212.9,1.1,0,,,73.5,,0
702,2023-03-01 10:00,8.3,272.9,1,0,,,70.3,,0
702,2023-03-01 11:00,9.3,271.9,1.4,0,,,59.3,,.1
702,2023-03-01 12:00,10.5,263.4,2.6,0,,,48.5,,.8
702,2023-03-01 13:00,11.1,247.4,6,0,,,43.5,,1
702,2023-03-01 14:00,10.6,246.6,6.6,0,,,46.6,,1.3
702,2023-03-01 15:00,9.9,259.7,6.8,0,,,49.3,,1.3
702,2023-03-01 16:00,8.9,274,5.7,0,,,56.8,,1.3
702,2023-03-01 17:00,8.5,264.5,6.1,0,,,52.1,,2
702,2023-03-01 18:00,7.4,258,4.6,0,,,54,,1.9
702,2023-03-01 19:00,6.2,278.2,3.8,0,,,57.1,,2
702,2023-03-01 20:00,5.4,289.9,2.9,0,,,46.8,,1.9
702,2023-03-01 21:00,3.9,264.4,2.5,0,,,48.3,,2
702,2023-03-01 22:00,4.3,284.7,2.2,0,,,39.9,,1.9
702,2023-03-01 23:00,3.8,281,2.7,0,,,37.5,,2
702,2023-03-02 00:00,3.5,285.3,3,0,,,36.6,,1.9
702,2023-03-02 01:00,3.4,285.9,2.9,0,,,43.6,,0
702,2023-03-02 02:00,2.7,282.5,2.9,0,,,51.6,,0
702,2023-03-02 03:00,2.2,307.5,3.1,0,,,47.4,,0
702,2023-03-02 04:00,2,313.5,3.9,0,,,36,,0
702,2023-03-02 05:00,1.4,303.1,3,0,,,33.7,,0
702,2023-03-02 06:00,1.2,298.1,3.4,0,,,29.1,,0
702,2023-03-02 07:00,.5,304.2,1.8,0,,,30.1,,0
702,2023-03-02 08:00,1.4,302.5,3,0,,,28.6,,.8
702,2023-03-02 09:00,2.6,311.9,3.3,0,,,25.4,,1
702,2023-03-02 10:00,3.4,330,4,0,,,20.4,,1.8
702,2023-03-02 11:00,4.2,340.8,3.6,0,,,17.8,,2
702,2023-03-02 12:00,5.4,321,2.3,0,,,16.8,,2.8
702,2023-03-02 13:00,6.6,257.7,4,0,,,14.7,,3
702,2023-03-02 14:00,7.1,256.8,6.3,0,,,21.8,,3.8
702,2023-03-02 15:00,6.5,256.1,6.8,0,,,24.1,,4
702,2023-03-02 16:00,6.4,266.3,5.8,0,,,21.6,,4.8
702,2023-03-02 17:00,5.7,264.6,5.5,0,,,25.2,,5
702,2023-03-02 18:00,3.4,283.9,4.4,0,,,32.7,,5.7
702,2023-03-02 19:00,2.3,289.1,4.1,0,,,36,,5
702,2023-03-02 20:00,.9,214,.9,0,,,39.6,,5.7
702,2023-03-02 21:00,-2.2,114.8,.5,0,,,53.3,,5
702,2023-03-02 22:00,-2.4,48.6,.9,0,,,58.6,,5.7
702,2023-03-02 23:00,-2.9,250.6,.6,0,,,62.8,,5
702,2023-03-03 00:00,-4.4,91.8,.7,0,,,70.1,,5.7
702,2023-03-03 01:00,-4.4,58,1.3,0,,,71.8,,0
702,2023-03-03 02:00,-5.3,25.1,.7,0,,,75.6,,0
702,2023-03-03 03:00,-5.7,249.6,.5,0,,,80.8,,0
702,2023-03-03 04:00,-6.3,141.2,.7,0,,,77.1,,0
702,2023-03-03 05:00,-6.5,0,.1,0,,,84.8,,0
702,2023-03-03 06:00,-4.9,51.7,1.5,0,,,70,,0
702,2023-03-03 07:00,-5,60.2,1.2,0,,,69.6,,0
702,2023-03-03 08:00,-3.5,47.3,.7,0,,,69.7,,.8
702,2023-03-03 09:00,.2,82,1.4,0,,,49.9,,1
702,2023-03-03 10:00,3.7,114.8,2.1,0,,,37.3,,1.8
702,2023-03-03 11:00,7,192,1.7,0,,,34.2,,2
702,2023-03-03 12:00,7.7,240.1,2.8,0,,,23.8,,2.8
702,2023-03-03 13:00,9.6,273.3,1.5,0,,,21.2,,3
702,2023-03-03 14:00,10.7,253.2,3.7,0,,,20.7,,3.8
702,2023-03-03 15:00,11.8,234,4.1,0,,,22.4,,4
702,2023-03-03 16:00,10.8,260.6,4.9,0,,,26.2,,4.8
702,2023-03-03 17:00,9.5,228.2,4.5,0,,,35.7,,5
702,2023-03-03 18:00,7.3,231.7,3.6,0,,,47.1,,5.2
702,2023-03-03 19:00,4.8,236.3,2.1,0,,,59.2,,5
702,2023-03-03 20:00,3.5,206.7,2.5,0,,,67.1,,5.2
702,2023-03-03 21:00,2.5,0,.3,0,,,72,,5
702,2023-03-03 22:00,1.5,25.2,.6,0,,,79,,5.2
702,2023-03-03 23:00,-1.1,171.2,.5,0,,,81.7,,5
702,2023-03-04 00:00,2,47.9,1.9,0,,,74.1,,5.2
702,2023-03-04 01:00,-.7,0,.4,0,,,85,,0
702,2023-03-04 02:00,-1,21.2,1,0,,,81.6,,0
702,2023-03-04 03:00,-2,70.6,.5,0,,,84.1,,0
702,2023-03-04 04:00,-1,356.9,1.1,0,,,86.5,,0
702,2023-03-04 05:00,-3,119,1.1,0,,,89.7,,0
702,2023-03-04 06:00,-2.3,0,.2,0,,,90.5,,0
702,2023-03-04 07:00,-1.8,27,.6,0,,,86.6,,0
702,2023-03-04 08:00,-.3,297.9,.5,0,,,85,,0
702,2023-03-04 09:00,3.2,0,.4,0,,,73.3,,.5
702,2023-03-04 10:00,6.8,278.4,.8,0,,,62.5,,1
702,2023-03-04 11:00,9.1,328.2,1.5,0,,,48.5,,1.5
702,2023-03-04 12:00,11.7,333.2,2.1,0,,,35.9,,2
702,2023-03-04 13:00,13.2,317.2,4.5,0,,,28.2,,2.5
702,2023-03-04 14:00,14.1,342,3,0,,,19.2,,3
702,2023-03-04 15:00,14.7,331,3.8,0,,,18.5,,3.5
702,2023-03-04 16:00,14.7,266.6,3,0,,,27.4,,4
702,2023-03-04 17:00,13.3,255.3,5.1,0,,,28.6,,4.5
702,2023-03-04 18:00,11.8,255.1,3.3,0,,,41.9,,4.3
702,2023-03-04 19:00,8.3,255.7,2.3,0,,,55.3,,4.5
702,2023-03-04 20:00,5,227.1,1.3,0,,,67.2,,4.3
702,2023-03-04 21:00,3.8,207,1.9,0,,,67.8,,4.5
702,2023-03-04 22:00,1.8,88.8,1.2,0,,,75.6,,4.3
702,2023-03-04 23:00,1.1,46,.9,0,,,86.3,,4.5
702,2023-03-05 00:00,.5,28.9,.6,0,,,83.4,,4.3
702,2023-03-05 01:00,-2.6,0,.3,0,,,87.5,,0
702,2023-03-05 02:00,-.8,5.8,.7,0,,,91.1,,0
702,2023-03-05 03:00,-1.4,0,.4,0,,,92,,0
702,2023-03-05 04:00,-1.6,0,.1,0,,,93.5,,0
702,2023-03-05 05:00,-2.1,0,.4,0,,,91.8,,0
702,2023-03-05 06:00,-2.8,0,.1,0,,,90.7,,0
702,2023-03-05 07:00,-2.6,0,0,0,,,92.1,,0
702,2023-03-05 08:00,-1.8,203,.5,0,,,91.7,,.2
702,2023-03-05 09:00,3.1,112.2,.7,0,,,70,,1
702,2023-03-05 10:00,7,140.4,.7,0,,,53.6,,1.2
702,2023-03-05 11:00,10.8,292.3,.9,0,,,37.4,,2
702,2023-03-05 12:00,13.5,249.7,1.4,0,,,27.6,,2.2
702,2023-03-05 13:00,14.6,208,1.5,0,,,21.8,,3
702,2023-03-05 14:00,15.7,250.5,2.1,0,,,19.5,,3.2
702,2023-03-05 15:00,16.1,250.5,3.1,0,,,15.6,,4
702,2023-03-05 16:00,14.9,261.8,6.2,0,,,26.8,,4.2
702,2023-03-05 17:00,13.3,265.7,4.7,0,,,27.7,,4.9
702,2023-03-05 18:00,11.8,268.4,4.1,0,,,30.8,,4.4
702,2023-03-05 19:00,7.8,192.7,1.3,0,,,38.9,,4.9
702,2023-03-05 20:00,5.9,0,.2,0,,,40.5,,4.4
702,2023-03-05 21:00,4.3,212.1,1.2,0,,,49.6,,4.9
702,2023-03-05 22:00,3.6,0,.2,0,,,57.1,,4.4
702,2023-03-05 23:00,1.5,47,.6,0,,,71.6,,4.9
702,2023-03-06 00:00,.7,7.1,.9,0,,,71,,4.4
702,2023-03-06 01:00,-1.5,0,.4,0,,,79.2,,0
702,2023-03-06 02:00,-1.8,25.4,.5,0,,,81.2,,0
702,2023-03-06 03:00,.7,22.5,.7,0,,,72.2,,0
702,2023-03-06 04:00,-2.6,0,.3,0,,,85.1,,0
702,2023-03-06 05:00,-2.9,0,.2,0,,,86.8,,0
702,2023-03-06 06:00,-3.8,0,.3,0,,,86.2,,0
702,2023-03-06 07:00,-4.1,0,.2,0,,,91.2,,0
702,2023-03-06 08:00,-.6,55.9,1.1,0,,,76.7,,.7
702,2023-03-06 09:00,5.2,59.5,1.1,0,,,56.1,,1
702,2023-03-06 10:00,9.2,73.6,.8,0,,,38.9,,1.7
702,2023-03-06 11:00,12.6,191.4,1.7,0,,,21.3,,2
702,2023-03-06 12:00,14.4,198.2,2.8,0,,,20.9,,2.7
702,2023-03-06 13:00,16.5,271.2,3.3,0,,,17.7,,3
702,2023-03-06 14:00,16,243.8,4.6,0,,,13.1,,3.7
702,2023-03-06 15:00,15.8,262.1,5.6,0,,,17.8,,4
702,2023-03-06 16:00,14.8,254.5,5.8,0,,,29.4,,4.7
702,2023-03-06 17:00,14.1,248.9,5.1,0,,,29.8,,5
702,2023-03-06 18:00,12.2,248.8,3.8,0,,,29.6,,5.3
702,2023-03-06 19:00,11.3,286.4,2.2,0,,,36.8,,5
702,2023-03-06 20:00,4.7,0,.3,0,,,54,,5.3
702,2023-03-06 21:00,4.3,0,.2,0,,,58.6,,5
702,2023-03-06 22:00,2,236.3,.8,0,,,65.7,,5.3
702,2023-03-06 23:00,3.4,354.1,.8,0,,,66.1,,5
702,2023-03-07 00:00,1,0,.3,0,,,72.9,,5.3
702,2023-03-07 01:00,0,0,.4,0,,,77.1,,0
702,2023-03-07 02:00,.5,46,.9,0,,,79.1,,0
702,2023-03-07 03:00,2,82.8,.8,0,,,70.2,,0
702,2023-03-07 04:00,1.6,0,.4,0,,,73.3,,0
702,2023-03-07 05:00,1.6,0,.1,0,,,74.2,,0
702,2023-03-07 06:00,1.6,6.9,.6,0,,,74.5,,0
702,2023-03-07 07:00,2.7,8.7,.5,0,,,75.5,,0
702,2023-03-07 08:00,3.2,231.5,.5,0,,,71.6,,0
702,2023-03-07 09:00,9.9,129.9,.6,0,,,55.4,,.8
702,2023-03-07 10:00,14.6,133.4,2.9,0,,,34.9,,.9
702,2023-03-07 11:00,16.7,179.7,5.1,0,,,32.5,,1.9
702,2023-03-07 12:00,18.4,182.1,6.1,0,,,29,,1.9
702,2023-03-07 13:00,20.4,196.2,5.6,0,,,25,,2.8
702,2023-03-07 14:00,20.8,218.7,7.1,0,,,14.4,,2.7
702,2023-03-07 15:00,20.2,228.1,7.6,0,,,15.6,,2.9
702,2023-03-07 16:00,20.2,217.4,7.2,0,,,13.6,,3.2
702,2023-03-07 17:00,19.4,212.9,7.1,0,,,12.8,,3.9
702,2023-03-07 18:00,17.2,219.8,5.5,0,,,18.2,,3.3
702,2023-03-07 19:00,14.3,217.5,3.6,0,,,25.6,,3.9
702,2023-03-07 20:00,11.2,0,.2,0,,,34.5,,3.3
702,2023-03-07 21:00,9.8,202.1,.9,0,,,43.9,,3.9
702,2023-03-07 22:00,9.6,194.5,.7,0,,,43.6,,3.3
702,2023-03-07 23:00,7.1,0,.3,0,,,55,,3.9
702,2023-03-08 00:00,4.9,0,.2,0,,,65.5,,3.3
702,2023-03-08 01:00,3.9,0,.2,0,,,66.8,,0
702,2023-03-08 02:00,4.1,0,.3,0,,,67.1,,0
702,2023-03-08 03:00,3.3,0,.3,0,,,71.3,,0
702,2023-03-08 04:00,3.7,0,.4,0,,,68.3,,0
702,2023-03-08 05:00,2.7,0,.3,0,,,74.1,,0
702,2023-03-08 06:00,2.2,0,.3,0,,,74.1,,0
702,2023-03-08 07:00,2.1,290.3,.6,0,,,77.5,,0
702,2023-03-08 08:00,5,0,.1,0,,,67.5,,.3
702,2023-03-08 09:00,11.1,0,.4,0,,,46.3,,1
702,2023-03-08 10:00,15.3,132.7,2.3,0,,,30.3,,1.3
702,2023-03-08 11:00,17.9,181.5,5.2,0,,,22.6,,2
702,2023-03-08 12:00,19,214.7,7.1,0,,,19.2,,2.3
702,2023-03-08 13:00,19.3,205.3,5,0,,,18.9,,3
702,2023-03-08 14:00,19.8,192.2,4.9,0,,,19.4,,3.3
702,2023-03-08 15:00,20.8,225,6.9,0,,,19,,4
702,2023-03-08 16:00,20.8,181.1,5.6,0,,,21,,4.3
702,2023-03-08 17:00,20,195.9,5,0,,,21.9,,5
702,2023-03-08 18:00,18.3,217.5,4.8,0,,,28.2,,4.9
702,2023-03-08 19:00,15.2,206.6,1.7,0,,,42.2,,5
702,2023-03-08 20:00,13.8,195.3,.8,0,,,50.1,,4.9
702,2023-03-08 21:00,13,110.2,2,0,,,54.5,,5
702,2023-03-08 22:00,13.9,217.4,.9,0,,,56.6,,4.9
702,2023-03-08 23:00,14.4,136.8,3.6,0,,,56.6,,5
702,2023-03-09 00:00,12.8,126.9,3.8,0,,,62.1,,4.9
702,2023-03-09 01:00,11.9,107.2,2.1,0,,,66.3,,0
702,2023-03-09 02:00,10.9,104.8,1.6,0,,,67.8,,0
702,2023-03-09 03:00,9.9,141.4,1.5,0,,,73.1,,0
702,2023-03-09 04:00,10.8,119.5,.6,0,,,71.9,,0
702,2023-03-09 05:00,11,0,0,0,,,73.2,,0
702,2023-03-09 06:00,13.2,306.7,2,0,,,66.2,,0
702,2023-03-09 07:00,10.9,176.4,1.4,0,,,74.1,,0
702,2023-03-09 08:00,11.1,161.6,.6,0,,,76.2,,0
702,2023-03-09 09:00,14.1,277.7,2.7,0,,,68.3,,0
702,2023-03-09 10:00,15.7,219.4,2.4,0,,,65.5,,.3
702,2023-03-09 11:00,16.2,265.2,4,0,,,63.2,,.1
702,2023-03-09 12:00,16.2,249.6,4.7,0,,,63,,1.2
702,2023-03-09 13:00,16.7,245.4,4.7,0,,,59.8,,1.1
702,2023-03-09 14:00,16.8,263.1,3.4,0,,,58,,2.2
702,2023-03-09 15:00,17.6,258.2,5.4,0,,,55.3,,2.1
702,2023-03-09 16:00,14.1,255.1,5.5,0,,,63.5,,3.2
702,2023-03-09 17:00,12.2,242.5,3.7,0,,,70.5,,3
702,2023-03-09 18:00,10.4,235.9,3.2,0,,,77.9,,3.2
702,2023-03-09 19:00,8.3,213.4,3,0,,,86.3,,3
702,2023-03-09 20:00,6.8,207.5,2.6,0,,,93.1,,3.2
702,2023-03-09 21:00,6.2,206.2,1.9,0,,,95.3,,3
702,2023-03-09 22:00,5.5,227.2,2.1,0,,,95.7,,3.2
702,2023-03-09 23:00,5.5,227.3,1.1,0,,,95.8,,3
702,2023-03-10 00:00,5.8,154.8,.9,0,,,95.9,,3.2
702,2023-03-10 01:00,5.7,224.5,.5,0,,,95.9,,0
702,2023-03-10 02:00,5.7,77.6,1.3,0,,,95.9,,0
702,2023-03-10 03:00,5.3,117.4,.7,0,,,95.9,,0
702,2023-03-10 04:00,5,338,1.1,0,,,95.9,,0
702,2023-03-10 05:00,4.6,0,.3,0,,,95.9,,0
702,2023-03-10 06:00,4.5,0,.4,0,,,95.9,,0
702,2023-03-10 07:00,3.6,133.3,1.1,0,,,95.9,,0
702,2023-03-10 08:00,4.3,0,.2,0,,,95.9,,0
702,2023-03-10 09:00,5.7,21.7,1.3,0,,,95.9,,.8
702,2023-03-10 10:00,9.7,307,1.6,0,,,71.4,,1
702,2023-03-10 11:00,15.8,95.1,1.6,0,,,41.1,,1.8
702,2023-03-10 12:00,19.9,184.1,2,0,,,20.9,,2
702,2023-03-10 13:00,22.6,196,3.1,0,,,12.3,,2.8
702,2023-03-10 14:00,23,208.5,3.4,0,,,17.7,,3
702,2023-03-10 15:00,23.7,251.6,2.9,0,,,17.1,,3.8
702,2023-03-10 16:00,22.3,249.1,6.2,0,,,14.8,,4
702,2023-03-10 17:00,20.5,261.1,4.6,0,,,23.8,,4.7
702,2023-03-10 18:00,18.5,260.8,4.9,0,,,32.3,,4
702,2023-03-10 19:00,15.5,238,.8,0,,,37.5,,4.7
702,2023-03-10 20:00,13.4,101.1,.8,0,,,48.8,,4
702,2023-03-10 21:00,10.3,0,.1,0,,,59.5,,4.7
702,2023-03-10 22:00,9.4,0,.1,0,,,65.9,,4
702,2023-03-10 23:00,7.8,85.6,.7,0,,,69,,4.7
702,2023-03-11 00:00,7.8,248.1,.6,0,,,70,,4
702,2023-03-11 01:00,7.6,0,.4,0,,,74,,0
702,2023-03-11 02:00,6.7,0,.4,0,,,69.4,,0
702,2023-03-11 03:00,7.2,32.7,.5,0,,,72.2,,0
702,2023-03-11 04:00,4.5,0,0,0,,,81.5,,0
702,2023-03-11 05:00,5.7,0,.4,0,,,82,,0
702,2023-03-11 06:00,4.7,24.3,.5,0,,,74.7,,0
702,2023-03-11 07:00,3.7,0,.3,0,,,83.6,,0
702,2023-03-11 08:00,7.6,40.3,1.1,0,,,72.4,,.6
702,2023-03-11 09:00,13.5,87.8,.7,0,,,48.5,,.9
702,2023-03-11 10:00,18.5,120.1,1.3,0,,,27.6,,1.6
702,2023-03-11 11:00,21.4,192.4,3.4,0,,,13.8,,1.9
702,2023-03-11 12:00,23.6,193.1,2.8,0,,,10.8,,2.7
702,2023-03-11 13:00,24,210.9,5.8,0,,,5.9,,2.8
702,2023-03-11 14:00,24,233.4,3.7,0,,,7,,3.4
702,2023-03-11 15:00,24.3,245.3,4.5,0,,,8.3,,3.7
702,2023-03-11 16:00,22.6,248.3,6.2,0,,,11.8,,4
702,2023-03-11 17:00,21.5,250.5,4.9,0,,,14.4,,3.8
702,2023-03-11 18:00,19.4,259.8,5,0,,,18.3,,4
702,2023-03-11 19:00,17,241.8,2.2,0,,,28.1,,3.8
702,2023-03-11 20:00,13.3,213.8,1.2,0,,,41.8,,4
702,2023-03-11 21:00,13,252.3,2.1,0,,,44.9,,3.8
702,2023-03-11 22:00,13.6,306.4,1.6,0,,,45.9,,4
702,2023-03-11 23:00,10.8,197.4,1.3,0,,,55.3,,3.8
702,2023-03-12 00:00,8.7,163.7,1.1,0,,,70.4,,4
702,2023-03-12 01:00,8.7,133.6,1.4,0,,,71.5,,0
702,2023-03-12 02:00,7.3,113,1.8,0,,,77.7,,0
702,2023-03-12 03:00,8.7,0,.4,0,,,73.1,,0
702,2023-03-12 04:00,9.2,311.7,1.3,0,,,74.7,,0
702,2023-03-12 05:00,7.2,73.6,.9,0,,,77.8,,0
702,2023-03-12 06:00,9.6,28.5,.7,0,,,67,,0
702,2023-03-12 07:00,9.8,148.9,.5,0,,,67.4,,0
702,2023-03-12 08:00,11.5,267,4.1,0,,,64.5,,0
702,2023-03-12 09:00,9.7,251.9,4.1,3,,,95.7,,0
702,2023-03-12 10:00,8.4,256.8,4.3,1.6,,,93.4,,0
702,2023-03-12 11:00,7.8,224.8,3.7,1.2,,,95.9,,0
702,2023-03-12 12:00,7.6,247.1,4.9,.3,,,92.5,,0
702,2023-03-12 13:00,7.2,272.9,4,2.1,,,92.8,,0
702,2023-03-12 14:00,6.8,255,3.5,1.3,,,87.7,,0
702,2023-03-12 15:00,6.4,263.9,5.7,0,,,84.2,,0
702,2023-03-12 16:00,6.4,269.1,4.7,0,,,75.9,,0
702,2023-03-12 17:00,5.9,266.9,5.8,0,,,68.4,,0
702,2023-03-12 18:00,5,267.1,6.9,0,,,53.9,,.5
702,2023-03-12 19:00,3.5,269.8,5.7,0,,,51.4,,0
702,2023-03-12 20:00,2.9,289.8,6.7,0,,,46.6,,.5
702,2023-03-12 21:00,2.8,275.2,5.6,0,,,44.8,,0
702,2023-03-12 22:00,2.4,291.4,5.7,0,,,42.7,,.5
702,2023-03-12 23:00,2.2,291.7,4.6,0,,,39.7,,0
702,2023-03-13 00:00,2,287.6,4,0,,,35.6,,.5
702,2023-03-13 01:00,1.9,303.2,4.9,0,,,35.4,,0
702,2023-03-13 02:00,1.5,302.4,4.8,0,,,31.7,,0
702,2023-03-13 03:00,.3,309.8,1.4,0,,,38.5,,0
702,2023-03-13 04:00,.4,278.3,2.2,0,,,34.3,,0
702,2023-03-13 05:00,.2,296.2,1.7,0,,,35.7,,0
702,2023-03-13 06:00,0,339.3,1.7,0,,,31.4,,0
702,2023-03-13 07:00,-3.7,47.1,.9,0,,,69.3,,.2
702,2023-03-13 08:00,-1.1,126.3,2,0,,,52.3,,.9
702,2023-03-13 09:00,1.9,104.9,1.5,0,,,34.1,,1.3
702,2023-03-13 10:00,3.3,29.7,1.7,0,,,26.7,,1.9
702,2023-03-13 11:00,4.5,339.6,1.3,0,,,23.6,,2.3
702,2023-03-13 12:00,6.2,294.7,1.5,0,,,31.3,,2.9
702,2023-03-13 13:00,6.5,251.1,2.5,0,,,27.3,,3.3
702,2023-03-13 14:00,7.5,226.2,3.2,0,,,30.7,,3.9
702,2023-03-13 15:00,7.8,251.1,3.7,0,,,23.3,,4.3
702,2023-03-13 16:00,7.8,231.5,4.8,0,,,27.4,,4.8
702,2023-03-13 17:00,7.1,243,4,0,,,32.1,,5.3
702,2023-03-13 18:00,6,209.5,2.2,0,,,31.8,,5.6
702,2023-03-13 19:00,4,254.8,.8,0,,,46.9,,5.3
702,2023-03-13 20:00,4.1,267.3,2.5,0,,,41.2,,5.6
702,2023-03-13 21:00,1.9,255.9,.8,0,,,57.1,,5.3
702,2023-03-13 22:00,-1.1,0,.2,0,,,77.7,,5.6
702,2023-03-13 23:00,-.8,0,.2,0,,,79.6,,5.3
702,2023-03-14 00:00,.3,0,0,0,,,78,,5.6
702,2023-03-14 01:00,-.1,99.9,1.2,0,,,80.6,,0
702,2023-03-14 02:00,.9,34.7,1.2,0,,,66.5,,0
702,2023-03-14 03:00,.6,0,.3,0,,,64.8,,0
702,2023-03-14 04:00,-1.1,0,0,0,,,75.9,,0
702,2023-03-14 05:00,-.8,0,.4,0,,,72.6,,0
702,2023-03-14 06:00,-1.8,0,.2,0,,,77.1,,0
702,2023-03-14 07:00,-2,26.7,.7,0,,,75.6,,0
702,2023-03-14 08:00,2.2,46.8,1,0,,,62.3,,.9
702,2023-03-14 09:00,6.4,99.7,3.1,0,,,36.5,,1
702,2023-03-14 10:00,10.4,122.3,2.1,0,,,19.3,,1.9
702,2023-03-14 11:00,13.2,178.8,4.7,0,,,17.5,,2
702,2023-03-14 12:00,14.6,170,5.6,0,,,13.3,,2.9
702,2023-03-14 13:00,15.8,199.7,6,0,,,11.8,,3
702,2023-03-14 14:00,16.9,225.2,5.2,0,,,14,,3.9
702,2023-03-14 15:00,17.3,229.2,5.8,0,,,17.4,,4
702,2023-03-14 16:00,17.6,217,5.3,0,,,18.3,,4.9
702,2023-03-14 17:00,15.6,269.2,3.8,0,,,34.1,,5
702,2023-03-14 18:00,13.8,269.9,4.4,0,,,44.8,,5.8
702,2023-03-14 19:00,11.9,273.2,2,0,,,51.5,,5.1
702,2023-03-14 20:00,9.7,270,1.1,0,,,59,,5.8
702,2023-03-14 21:00,7.4,306.3,.5,0,,,72.4,,5.1
702,2023-03-14 22:00,7.3,0,.2,0,,,63,,5.8
702,2023-03-14 23:00,5.2,135.8,2.2,0,,,69.6,,5.1
702,2023-03-15 00:00,5.7,121.5,2.8,0,,,73.1,,5.8
702,2023-03-15 01:00,5.8,118.4,1.6,0,,,71.3,,0
702,2023-03-15 02:00,5.4,122.6,1.7,0,,,72.9,,0
702,2023-03-15 03:00,4.3,110.5,1.9,0,,,79.9,,0
702,2023-03-15 04:00,4.5,299,.6,0,,,81.8,,0
702,2023-03-15 05:00,3.2,44,.6,0,,,84.5,,0
702,2023-03-15 06:00,2.4,41.4,.8,0,,,90.5,,0
702,2023-03-15 07:00,4.5,67.5,1.2,0,,,82.4,,.2
702,2023-03-15 08:00,8.6,99.8,1.2,0,,,72,,.8
702,2023-03-15 09:00,13.6,113.7,3.7,0,,,58.8,,1.1
702,2023-03-15 10:00,16.5,176.8,5.3,0,,,47.8,,1.9
702,2023-03-15 11:00,17.9,186.2,7.6,0,,,38.8,,2
702,2023-03-15 12:00,19.1,204,7.4,0,,,33.2,,3
702,2023-03-15 13:00,19.5,217,6.6,0,,,32.5,,2.5
702,2023-03-15 14:00,18.7,240.9,8.3,0,,,38,,3.3
702,2023-03-15 15:00,19.3,240.3,8.5,0,,,35,,3.3
702,2023-03-15 16:00,16.5,251.4,8.2,0,,,55.4,,4.1
702,2023-03-15 17:00,14.1,272.5,6.6,0,,,65.9,,4.3
702,2023-03-15 18:00,12,234,4.1,0,,,73.3,,4.4
702,2023-03-15 19:00,10.1,206.2,3.7,0,,,77.6,,4.3
702,2023-03-15 20:00,9.3,228.3,5.2,0,,,70.6,,4.4
702,2023-03-15 21:00,7.5,215.6,4.8,0,,,68.1,,4.3
702,2023-03-15 22:00,7.3,232.8,2.6,0,,,63.3,,4.4
702,2023-03-15 23:00,7.2,176.9,2.6,0,,,65.3,,4.3
702,2023-03-16 00:00,7.3,217.7,3,0,,,56,,4.4
702,2023-03-16 01:00,6.5,299.8,2.8,0,,,45.5,,0
702,2023-03-16 02:00,5.6,351.2,3.4,0,,,44.1,,0
702,2023-03-16 03:00,4.8,326.9,3.3,0,,,45.3,,0
702,2023-03-16 04:00,4,340.3,3.3,0,,,35.5,,0
702,2023-03-16 05:00,3.5,358.9,2.8,0,,,34,,0
702,2023-03-16 06:00,2.9,338.6,2.7,0,,,39.6,,0
702,2023-03-16 07:00,2.5,350.9,2.2,0,,,42.7,,0
702,2023-03-16 08:00,3.2,351,2.3,0,,,39.3,,.9
702,2023-03-16 09:00,4.9,347,2.2,0,,,29.8,,1
702,2023-03-16 10:00,6.8,350.5,3.3,0,,,18.5,,1.9
702,2023-03-16 11:00,8.8,351.8,4.3,0,,,14.6,,2
702,2023-03-16 12:00,9.7,351.2,5.2,0,,,9.6,,2.8
702,2023-03-16 13:00,10.7,339,4.6,0,,,7.7,,3
702,2023-03-16 14:00,11.1,343.1,2.9,0,,,8.4,,3.3
702,2023-03-16 15:00,12.1,328.6,4,0,,,7.7,,3
702,2023-03-16 16:00,11.4,339.2,4.4,0,,,6.9,,3.3
702,2023-03-16 17:00,10.3,312.2,4.4,0,,,9.4,,3
702,2023-03-16 18:00,9.6,319.8,3.9,0,,,11.1,,3.3
702,2023-03-16 19:00,8.6,329.1,4.8,0,,,13.7,,3
702,2023-03-16 20:00,7.3,331.5,4.3,0,,,14,,3.3
702,2023-03-16 21:00,6.7,342.1,2.8,0,,,17.9,,3
702,2023-03-16 22:00,6.3,338.1,2.5,0,,,19.1,,3.3
702,2023-03-16 23:00,5.8,340.1,2.6,0,,,21.9,,3
702,2023-03-17 00:00,5.4,357.7,3.2,0,,,22.1,,3.3
702,2023-03-17 01:00,4.9,351.9,3.1,0,,,28.2,,0
702,2023-03-17 02:00,4.8,350.4,3.5,0,,,31.4,,0
702,2023-03-17 03:00,4.4,348.8,3.2,0,,,34.2,,0
702,2023-03-17 04:00,3.6,344.8,1.9,0,,,36,,0
702,2023-03-17 05:00,3.6,353.9,2.7,0,,,38.9,,0
702,2023-03-17 06:00,4.1,.2,2.4,0,,,38.2,,0
702,2023-03-17 07:00,4.2,332.1,3,0,,,41.6,,0
702,2023-03-17 08:00,4.4,346.3,2.9,0,,,42.3,,0
702,2023-03-17 09:00,5.2,327.3,4.7,0,,,40.9,,0
702,2023-03-17 10:00,6.2,348.1,4.1,0,,,36.2,,0
702,2023-03-17 11:00,7.6,327.8,2.9,0,,,33.2,,0
702,2023-03-17 12:00,9.1,324.4,2.1,0,,,27.6,,0
702,2023-03-17 13:00,10.1,303.4,2,0,,,23.5,,0
702,2023-03-17 14:00,10.8,332,2.3,0,,,21.4,,0
702,2023-03-17 15:00,11.6,329.9,2.5,0,,,20.3,,0
702,2023-03-17 16:00,11.5,338.6,2.7,0,,,19.8,,0
702,2023-03-17 17:00,11.3,303.9,2.8,0,,,23.3,,0
702,2023-03-17 18:00,10.4,220.6,2.5,0,,,31.6,,0
702,2023-03-17 19:00,9,242,2.3,0,,,39.2,,0
702,2023-03-17 20:00,8.4,239.5,1.5,0,,,43,,0
702,2023-03-17 21:00,7.5,246.5,1,0,,,50.5,,0
702,2023-03-17 22:00,6.6,161.7,1.3,0,,,56.6,,0
702,2023-03-17 23:00,6.1,161.7,1,0,,,62.2,,0
702,2023-03-18 00:00,5.5,154.8,1,0,,,65.8,,0
702,2023-03-18 01:00,6,137.5,.9,0,,,67.4,,0
702,2023-03-18 02:00,5.5,210.2,.7,0,,,72,,0
702,2023-03-18 03:00,5,0,.2,0,,,78.7,,0
702,2023-03-18 04:00,4.7,118.1,.6,0,,,82.5,,0
702,2023-03-18 05:00,4.6,0,0,0,,,85,,0
702,2023-03-18 06:00,4.8,0,.3,0,,,83.4,,0
702,2023-03-18 07:00,4.1,59,.6,0,,,86.2,,0
702,2023-03-18 08:00,6.2,148.7,.8,0,,,79.5,,.7
702,2023-03-18 09:00,7.6,321.3,2.3,0,,,37.9,,.2
702,2023-03-18 10:00,8.6,293.6,1.7,0,,,33.9,,.7
702,2023-03-18 11:00,9.8,351.1,1.2,0,,,27.7,,.3
702,2023-03-18 12:00,11.7,267.8,2.1,0,,,23.1,,1.6
702,2023-03-18 13:00,13.4,316.7,2.4,0,,,17,,1.3
702,2023-03-18 14:00,13.8,255.8,5,0,,,24.7,,2.6
702,2023-03-18 15:00,13.8,247.7,5.8,0,,,27.2,,2.3
702,2023-03-18 16:00,13.9,254.4,4.9,0,,,19,,3.6
702,2023-03-18 17:00,13.4,258,5.6,0,,,23.9,,3.3
702,2023-03-18 18:00,10.7,280.4,4.2,0,,,29.9,,4.1
702,2023-03-18 19:00,9,285.8,5.2,0,,,37.2,,3.3
702,2023-03-18 20:00,7.9,287.8,4.9,0,,,36.2,,4.1
702,2023-03-18 21:00,7.1,277.8,2.9,0,,,34.6,,3.3
702,2023-03-18 22:00,4.8,227.5,2.6,0,,,53.8,,4.1
702,2023-03-18 23:00,4.5,234.7,1.7,0,,,55.4,,3.3
702,2023-03-19 00:00,1.9,90.1,1.5,0,,,70.8,,4.1
702,2023-03-19 01:00,.4,147.3,1.6,0,,,72.8,,0
702,2023-03-19 02:00,.3,41.6,.7,0,,,78,,0
702,2023-03-19 03:00,1.1,13.9,1,0,,,77,,0
702,2023-03-19 04:00,-1.7,0,.3,0,,,85.1,,0
702,2023-03-19 05:00,-1.4,0,.3,0,,,88.4,,0
702,2023-03-19 06:00,-1.7,0,.2,0,,,91.3,,0
702,2023-03-19 07:00,-1.5,0,.3,0,,,92.2,,0
702,2023-03-19 08:00,1.8,111.8,.7,0,,,74.2,,.9
702,2023-03-19 09:00,4.8,127.1,1.4,0,,,65.2,,1.1
702,2023-03-19 10:00,7.6,221.7,1.4,0,,,59.2,,1.9
702,2023-03-19 11:00,9.6,217,1.6,0,,,44.1,,2
702,2023-03-19 12:00,11.6,212.9,1.4,0,,,31.5,,3
702,2023-03-19 13:00,13.1,292.9,2.6,0,,,25.4,,3
702,2023-03-19 14:00,14.8,303.7,3.2,0,,,16.6,,4
702,2023-03-19 15:00,16.4,334.4,2.5,0,,,11.6,,4
702,2023-03-19 16:00,15.9,25.4,2.3,0,,,9.7,,4.9
702,2023-03-19 17:00,14.5,252,4.9,0,,,29.4,,5
702,2023-03-19 18:00,12.8,247.8,4.4,0,,,33.1,,5.8
702,2023-03-19 19:00,9.1,249.9,3.5,0,,,51.6,,5
702,2023-03-19 20:00,5.9,186.1,3.1,0,,,64.6,,5.8
702,2023-03-19 21:00,4.6,178.7,1.2,0,,,72.1,,5
702,2023-03-19 22:00,3.2,162.1,.5,0,,,84.5,,5.8
702,2023-03-19 23:00,3.2,89.3,.6,0,,,88.6,,5
702,2023-03-20 00:00,2.9,21.8,.7,0,,,87.4,,5.8
702,2023-03-20 01:00,1.5,5.6,.5,0,,,90.8,,0
702,2023-03-20 02:00,.6,0,.1,0,,,93.3,,0
702,2023-03-20 03:00,-.3,0,.4,0,,,94.3,,0
702,2023-03-20 04:00,.2,62.3,.6,0,,,94.8,,0
702,2023-03-20 05:00,-.2,17.1,.5,0,,,95.2,,0
702,2023-03-20 06:00,-2.1,0,.4,0,,,94,,0
702,2023-03-20 07:00,-1.3,0,.2,0,,,94.5,,0
702,2023-03-20 08:00,3,58.1,1.1,0,,,84.3,,.7
702,2023-03-20 09:00,6.4,74.1,.9,0,,,65,,1
702,2023-03-20 10:00,10.6,115.6,.9,0,,,48.4,,1.7
702,2023-03-20 11:00,14,198.9,1.1,0,,,30.5,,2
702,2023-03-20 12:00,15.7,210.6,2.9,0,,,25.2,,2.7
702,2023-03-20 13:00,17.2,216.5,3.1,0,,,20,,3
702,2023-03-20 14:00,17.6,222.7,3.6,0,,,16.2,,3.7
702,2023-03-20 15:00,16,265.7,6.9,0,,,27.1,,3.8
702,2023-03-20 16:00,15,257,6.1,0,,,25.7,,4.7
702,2023-03-20 17:00,13.5,269.3,3.9,0,,,29.2,,4.3
702,2023-03-20 18:00,11.9,268.3,2.9,0,,,26,,4.7
702,2023-03-20 19:00,9.6,203.8,1.9,0,,,34.2,,4.3
702,2023-03-20 20:00,8.2,229.8,1,0,,,41.8,,4.7
702,2023-03-20 21:00,7.2,197.2,1.5,0,,,47.2,,4.3
702,2023-03-20 22:00,5.3,129.5,1.1,0,,,57.4,,4.7
702,2023-03-20 23:00,5.8,0,.1,0,,,59.1,,4.3
702,2023-03-21 00:00,5,335.7,.7,0,,,61.7,,4.7
702,2023-03-21 01:00,4.5,0,.3,0,,,65.3,,0
702,2023-03-21 02:00,4.3,0,.2,0,,,67.1,,0
702,2023-03-21 03:00,4.4,123.7,.6,0,,,66.1,,0
702,2023-03-21 04:00,3.4,0,.2,0,,,70.2,,0
702,2023-03-21 05:00,4,0,.3,0,,,69.4,,0
702,2023-03-21 06:00,3.7,30.8,.9,0,,,67.7,,0
702,2023-03-21 07:00,2.5,347.1,1,0,,,74.8,,0
702,2023-03-21 08:00,6.8,358,2.2,0,,,49,,.9
702,2023-03-21 09:00,10.2,292.9,1.9,0,,,43.6,,1
702,2023-03-21 10:00,14.2,295.1,1.3,0,,,30.6,,1.9
702,2023-03-21 11:00,16.8,303.4,1.8,0,,,21,,2
702,2023-03-21 12:00,19.1,307.9,2.5,0,,,15.6,,2.8
702,2023-03-21 13:00,21.1,250,2.2,0,,,13.7,,3
702,2023-03-21 14:00,21.8,11.9,2,0,,,13.4,,3.8
702,2023-03-21 15:00,23,340.4,1.4,0,,,14,,4.1
702,2023-03-21 16:00,23.4,323.8,1.9,0,,,13.5,,4.8
702,2023-03-21 17:00,22,263,4.6,0,,,16.7,,5
702,2023-03-21 18:00,20.1,263.9,3.8,0,,,20.2,,5.4
702,2023-03-21 19:00,14.8,200.6,3.9,0,,,31.6,,5
702,2023-03-21 20:00,11.9,186.2,2.3,0,,,39.7,,5.4
702,2023-03-21 21:00,9.8,200.7,1.7,0,,,48,,5
702,2023-03-21 22:00,8.5,104.5,1.6,0,,,52.5,,5.4
702,2023-03-21 23:00,7.8,32.9,.8,0,,,56.8,,5
702,2023-03-22 00:00,6.7,11.5,.9,0,,,60.9,,5.4
702,2023-03-22 01:00,6.6,0,.3,0,,,63,,0
702,2023-03-22 02:00,7.5,59.3,1.2,0,,,57.5,,0
702,2023-03-22 03:00,4.8,88.2,1,0,,,65.9,,0
702,2023-03-22 04:00,6.8,6.5,1.2,0,,,61.6,,0
702,2023-03-22 05:00,5.1,103.1,1.1,0,,,66.4,,0
702,2023-03-22 06:00,5.2,267.7,.8,0,,,68.7,,0
702,2023-03-22 07:00,5.4,0,.4,0,,,73.4,,.1
702,2023-03-22 08:00,9.3,139.9,.9,0,,,60.3,,1
702,2023-03-22 09:00,12.8,0,.4,0,,,46.3,,1.1
702,2023-03-22 10:00,17.4,147.1,1,0,,,36.4,,2
702,2023-03-22 11:00,20.3,220.8,1.5,0,,,31.4,,2.1
702,2023-03-22 12:00,22.1,289.9,1.4,0,,,26.6,,3
702,2023-03-22 13:00,23.7,213.9,1.7,0,,,25.4,,3.1
702,2023-03-22 14:00,24.5,145.3,2,0,,,25.5,,4
702,2023-03-22 15:00,23.1,263.5,4.9,0,,,27.7,,3.7
702,2023-03-22 16:00,20.6,233.3,3.1,0,,,32.3,,4
702,2023-03-22 17:00,18.9,243.1,4,0,,,33.3,,3.7
702,2023-03-22 18:00,17.6,224.2,.5,0,,,35.8,,4
702,2023-03-22 19:00,16.8,160.2,1.1,0,,,40.6,,3.7
702,2023-03-22 20:00,16.2,204.4,1.7,0,,,43.1,,4
702,2023-03-22 21:00,15.5,226.7,2.2,0,,,46.9,,3.7
702,2023-03-22 22:00,15,220.6,1.3,0,,,53.2,,4
702,2023-03-22 23:00,12.9,185.5,1.8,0,,,78.7,,3.7
702,2023-03-23 00:00,12.3,0,.3,0,,,91.3,,4
702,2023-03-23 01:00,12.3,177.3,.6,.1,,,94.8,,0
702,2023-03-23 02:00,12.8,327.9,1.1,1.3,,,95.9,,0
702,2023-03-23 03:00,12.9,0,0,.3,,,93.8,,0
702,2023-03-23 04:00,12.7,330.2,2.5,.4,,,85.9,,0
702,2023-03-23 05:00,12.1,342.1,2.5,.4,,,94.4,,0
702,2023-03-23 06:00,12.2,352.8,1.6,2.3,,,95.9,,0
702,2023-03-23 07:00,12.4,0,.4,2.8,,,95.9,,0
702,2023-03-23 08:00,12.7,335,.9,.9,,,95.9,,0
702,2023-03-23 09:00,13.1,0,.4,.7,,,95.3,,0
702,2023-03-23 10:00,13.8,310.9,1.8,.1,,,94.8,,0
702,2023-03-23 11:00,14.5,324.6,1.7,0,,,93.9,,0
702,2023-03-23 12:00,15.5,308.1,1.8,0,,,89.1,,0
702,2023-03-23 13:00,17,330.3,2.3,0,,,80.4,,0
702,2023-03-23 14:00,18.4,312.8,2.7,0,,,72.7,,.1
702,2023-03-23 15:00,19.4,321.6,1,0,,,62.9,,0
702,2023-03-23 16:00,16.8,215.3,3.8,0,,,69.3,,.1
702,2023-03-23 17:00,15,194.6,4.8,0,,,71,,0
702,2023-03-23 18:00,12.9,205,3.9,0,,,71,,.1
702,2023-03-23 19:00,10.9,181.1,3.3,0,,,75,,0
702,2023-03-23 20:00,9.3,188.9,2.8,0,,,76.8,,.1
702,2023-03-23 21:00,8.4,166.8,2.6,0,,,76.3,,0
702,2023-03-23 22:00,7.6,168.9,1.9,0,,,79.8,,.1
702,2023-03-23 23:00,8,177.4,1.1,0,,,73.6,,0
702,2023-03-24 00:00,7.8,164.7,1.4,0,,,77.9,,.1
702,2023-03-24 01:00,7.4,121.8,1.8,0,,,83.5,,0
702,2023-03-24 02:00,7.1,131.4,1.3,0,,,83.5,,0
702,2023-03-24 03:00,7.1,133.6,1.2,0,,,81.1,,0
702,2023-03-24 04:00,7,0,.4,0,,,78.9,,0
702,2023-03-24 05:00,6.1,0,.3,0,,,84.7,,0
702,2023-03-24 06:00,5,155.6,.9,0,,,86.9,,0
702,2023-03-24 07:00,4.8,0,.4,0,,,90.1,,0
702,2023-03-24 08:00,7.2,229.8,1.4,0,,,77.7,,.3
702,2023-03-24 09:00,9,116.7,1.2,0,,,74.2,,.8
702,2023-03-24 10:00,10.3,133,1.6,0,,,66.4,,1.3
702,2023-03-24 11:00,12.2,174.7,1.6,0,,,58.4,,1.7
702,2023-03-24 12:00,13.4,108,2.1,0,,,53.2,,2.3
702,2023-03-24 13:00,14.9,176.9,2.3,0,,,46.8,,2.7
702,2023-03-24 14:00,16.6,234.7,3.5,0,,,38,,3.3
702,2023-03-24 15:00,14,239.8,5.9,0,,,49.3,,3.1
702,2023-03-24 16:00,13.4,234,4.8,0,,,43.7,,3.5
702,2023-03-24 17:00,10.8,230.3,5.4,0,,,49.1,,3.1
702,2023-03-24 18:00,9.9,220.3,3.6,0,,,51.9,,3.5
702,2023-03-24 19:00,9,219.4,2.8,0,,,56.9,,3.1
702,2023-03-24 20:00,8,219.2,3,0,,,59.9,,3.5
702,2023-03-24 21:00,7.7,187.7,2.4,0,,,63.4,,3.1
702,2023-03-24 22:00,7.6,207.5,3.2,0,,,65.6,,3.5
702,2023-03-24 23:00,7.2,205.8,1.8,0,,,70.9,,3.1
702,2023-03-25 00:00,6.9,169.3,1.5,0,,,74.3,,3.5
702,2023-03-25 01:00,6.2,177.6,1.7,0,,,80.1,,0
702,2023-03-25 02:00,5.8,142.7,.6,0,,,82.5,,0
702,2023-03-25 03:00,6.7,268,3.3,0,,,75.1,,0
702,2023-03-25 04:00,6.5,257.8,1.5,0,,,76.6,,0
702,2023-03-25 05:00,5.9,106.2,1.1,0,,,88.6,,0
702,2023-03-25 06:00,6.5,154.3,1,0,,,82.3,,0
702,2023-03-25 07:00,6,106.9,1.7,0,,,85,,0
702,2023-03-25 08:00,7.5,212.2,.5,0,,,71.5,,0
702,2023-03-25 09:00,9.7,0,.4,0,,,60.4,,.2
702,2023-03-25 10:00,10,116.3,1.4,0,,,61.8,,0
702,2023-03-25 11:00,10.3,193.9,1.2,0,,,64.5,,.2
702,2023-03-25 12:00,11.8,180.4,1.3,0,,,62.3,,0
702,2023-03-25 13:00,12.5,176.6,1.2,0,,,62.5,,.2
702,2023-03-25 14:00,13,53.9,.8,0,,,60.3,,0
702,2023-03-25 15:00,13.8,113.8,1.8,0,,,59.5,,.2
702,2023-03-25 16:00,13.4,151.1,1.1,0,,,63.9,,0
702,2023-03-25 17:00,12.8,245.3,3.4,0,,,57.7,,.2
702,2023-03-25 18:00,11.8,238.6,3.6,0,,,58.6,,0
702,2023-03-25 19:00,10.9,248,3.1,0,,,57.4,,.2
702,2023-03-25 20:00,9.6,249.4,2.6,0,,,59.8,,0
702,2023-03-25 21:00,9,185.6,1,0,,,62.5,,.2
702,2023-03-25 22:00,8.4,196.3,2.2,0,,,66.8,,0
702,2023-03-25 23:00,8.3,188.6,1.6,0,,,66.6,,.2
702,2023-03-26 00:00,8.3,203.1,1.5,0,,,66,,0
702,2023-03-26 01:00,7.9,172.8,1.4,0,,,73.6,,0
702,2023-03-26 02:00,7.9,210.7,1.7,0,,,70.9,,0
702,2023-03-26 03:00,7.2,227.4,1.9,0,,,76.3,,0
702,2023-03-26 04:00,6.8,218.2,1.6,0,,,77.6,,0
702,2023-03-26 05:00,6.1,238,2.1,0,,,85.1,,0
702,2023-03-26 06:00,5.7,231.8,1.5,0,,,82.9,,0
702,2023-03-26 07:00,4,0,.3,0,,,91.6,,0
702,2023-03-26 08:00,6,0,.4,0,,,91.3,,.2
702,2023-03-26 09:00,8.1,89.2,.7,0,,,74.6,,.9
702,2023-03-26 10:00,9.8,95.6,1.3,0,,,61.8,,1.2
702,2023-03-26 11:00,11.8,319.8,2.3,0,,,45.7,,1.9
702,2023-03-26 12:00,13.7,291.5,3.2,0,,,30.5,,2.2
702,2023-03-26 13:00,15.3,280.4,4.6,0,,,20.2,,2.9
702,2023-03-26 14:00,15.7,233.5,1.5,0,,,22.2,,3.2
702,2023-03-26 15:00,16.6,259.9,4,0,,,15.4,,3.9
702,2023-03-26 16:00,15.6,338.5,4.9,0,,,7.7,,4.2
702,2023-03-26 17:00,13.9,282.4,6.6,0,,,14,,4.9
702,2023-03-26 18:00,11.1,276.2,5.7,0,,,26.9,,5.1
702,2023-03-26 19:00,9,292.5,4.6,0,,,33.4,,5.2
702,2023-03-26 20:00,7.5,281.8,3.3,0,,,36.1,,5.1
702,2023-03-26 21:00,6.1,265,1.7,0,,,41.4,,5.2
702,2023-03-26 22:00,3.7,188.7,2.3,0,,,56,,5.1
702,2023-03-26 23:00,2.5,136.2,1,0,,,64.6,,5.2
702,2023-03-27 00:00,1.5,178.6,.5,0,,,71.6,,5.1
702,2023-03-27 01:00,.7,0,.1,0,,,73.7,,0
702,2023-03-27 02:00,-.1,40.7,.6,0,,,76.9,,0
702,2023-03-27 03:00,-2,0,.3,0,,,84.5,,0
702,2023-03-27 04:00,-1.6,101.1,.9,0,,,86.3,,0
702,2023-03-27 05:00,-2.4,0,.2,0,,,91.8,,0
702,2023-03-27 06:00,-3.2,251.7,.8,0,,,91.7,,0
702,2023-03-27 07:00,-1.8,0,.2,0,,,87.7,,.4
702,2023-03-27 08:00,1.7,94.5,.7,0,,,77,,1
702,2023-03-27 09:00,3.9,194.4,.9,0,,,61.3,,1.4
702,2023-03-27 10:00,6.8,161.7,1.7,0,,,45.4,,2
702,2023-03-27 11:00,9.3,337.6,2.7,0,,,24.2,,2.4
702,2023-03-27 12:00,10.6,338.4,2.7,0,,,13.8,,3
702,2023-03-27 13:00,11.8,277.9,2,0,,,18.4,,3.4
702,2023-03-27 14:00,12.6,356,2.2,0,,,18.4,,4
702,2023-03-27 15:00,13.6,218.8,2.3,0,,,15.2,,4.4
702,2023-03-27 16:00,13,232.7,5.6,0,,,21.4,,5
702,2023-03-27 17:00,11.4,252.6,4.9,0,,,23.1,,5.4
702,2023-03-27 18:00,9.3,258.5,5.6,0,,,38.2,,5.6
702,2023-03-27 19:00,7.6,254.8,4.8,0,,,48.2,,5.4
702,2023-03-27 20:00,6.5,232.2,2.8,0,,,56.5,,5.6
702,2023-03-27 21:00,2.9,113.8,.9,0,,,69.8,,5.4
702,2023-03-27 22:00,3.2,104.8,.7,0,,,75.8,,5.6
702,2023-03-27 23:00,3,58.7,.6,0,,,77.4,,5.4
702,2023-03-28 00:00,2.1,40.8,1.1,0,,,81.2,,5.6
702,2023-03-28 01:00,1,0,.3,0,,,86,,0
702,2023-03-28 02:00,.2,34.7,1,0,,,91.1,,0
702,2023-03-28 03:00,.8,44.7,1.6,0,,,80.3,,0
702,2023-03-28 04:00,-2.2,115.4,.9,0,,,84.2,,0
702,2023-03-28 05:00,-2.1,0,.2,0,,,90.7,,0
702,2023-03-28 06:00,.4,21.9,.8,0,,,83.7,,0
702,2023-03-28 07:00,1,1.9,1.1,0,,,79.7,,0
702,2023-03-28 08:00,2.8,114.1,.9,0,,,79.4,,.6
702,2023-03-28 09:00,6.4,221.7,.5,0,,,64,,1
702,2023-03-28 10:00,8.5,200,1.9,0,,,47.5,,1.6
702,2023-03-28 11:00,10.8,255.2,2.4,0,,,34.2,,1.8
702,2023-03-28 12:00,13.5,241.8,2.9,0,,,29.2,,2.3
702,2023-03-28 13:00,14.2,233,2.5,0,,,25.3,,2.6
702,2023-03-28 14:00,15,213.8,2.5,0,,,27.3,,2.6
702,2023-03-28 15:00,15.2,260.5,3.8,0,,,29.9,,2.6
702,2023-03-28 16:00,15.2,267.1,4.2,0,,,19.7,,2.9
702,2023-03-28 17:00,14.2,263.9,5.2,0,,,21.4,,3.3
702,2023-03-28 18:00,12.7,250.7,4.7,0,,,29.9,,3.4
702,2023-03-28 19:00,10.9,291.9,2,0,,,42.8,,3.3
702,2023-03-28 20:00,6.5,226.5,2.4,0,,,59,,3.4
702,2023-03-28 21:00,6.4,239.2,1.1,0,,,69.1,,3.3
702,2023-03-28 22:00,3.4,104.4,1.6,0,,,76.9,,3.4
702,2023-03-28 23:00,3.8,341.6,.6,0,,,78.3,,3.3
702,2023-03-29 00:00,1.6,0,.4,0,,,81.9,,3.4
702,2023-03-29 01:00,1.2,0,.1,0,,,87,,0
702,2023-03-29 02:00,1.3,56.9,.7,0,,,88.1,,0
702,2023-03-29 03:00,1.4,0,.3,0,,,90.7,,0
702,2023-03-29 04:00,-.1,81.2,.8,0,,,88.1,,0
702,2023-03-29 05:00,1,3.7,.8,0,,,89,,0
702,2023-03-29 06:00,-1.1,255.3,.5,0,,,93,,0
702,2023-03-29 07:00,-.2,78.1,.5,0,,,92.9,,.2
702,2023-03-29 08:00,4.3,0,.4,0,,,78.8,,1
702,2023-03-29 09:00,8,325.7,1.6,0,,,62.4,,1.2
702,2023-03-29 10:00,10.2,304.2,1.9,0,,,51.1,,2
702,2023-03-29 11:00,12.9,301.5,1.8,0,,,39.8,,2.2
702,2023-03-29 12:00,16,236.7,1.9,0,,,29.5,,3
702,2023-03-29 13:00,18.8,316.5,2,0,,,14.5,,3.2
702,2023-03-29 14:00,20.1,294.9,2.1,0,,,11.5,,4
702,2023-03-29 15:00,20.7,266.2,1.7,0,,,7.1,,4.2
702,2023-03-29 16:00,20.7,322.5,2.5,0,,,5.9,,5
702,2023-03-29 17:00,19.1,261.2,5.2,0,,,24.8,,5.2
702,2023-03-29 18:00,17.3,265.4,4.1,0,,,22.3,,5.9
702,2023-03-29 19:00,15.6,279.1,3.1,0,,,19,,5.2
702,2023-03-29 20:00,10.2,177.4,1.2,0,,,44.1,,5.9
702,2023-03-29 21:00,8.4,201,.6,0,,,51.9,,5.2
702,2023-03-29 22:00,7.7,207.2,1.4,0,,,70.1,,5.9
702,2023-03-29 23:00,5.9,0,.4,0,,,79.8,,5.2
702,2023-03-30 00:00,5.6,52.7,.8,0,,,87.7,,5.9
702,2023-03-30 01:00,4.6,359.2,1,0,,,90.7,,0
702,2023-03-30 02:00,3.8,0,.3,0,,,87.6,,0
702,2023-03-30 03:00,3.8,0,.1,0,,,86.5,,0
702,2023-03-30 04:00,3.5,42.5,.5,0,,,88.9,,0
702,2023-03-30 05:00,2.6,0,.1,0,,,93.2,,0
702,2023-03-30 06:00,1,0,.2,0,,,92.6,,0
702,2023-03-30 07:00,2,0,.4,0,,,93.3,,.1
702,2023-03-30 08:00,6.5,72.3,.6,0,,,71.7,,1
702,2023-03-30 09:00,11.1,269.6,.7,0,,,55.1,,1.1
702,2023-03-30 10:00,14.2,305,1.9,0,,,38.4,,2
702,2023-03-30 11:00,18.3,312.2,2.7,0,,,21.6,,2.1
702,2023-03-30 12:00,20.5,305.7,3,0,,,8.9,,3
702,2023-03-30 13:00,21.5,331.7,3,0,,,6.8,,3.1
702,2023-03-30 14:00,22.6,319.9,3.7,0,,,8.7,,4
702,2023-03-30 15:00,22.8,347.1,2.8,0,,,9.1,,3.9
702,2023-03-30 16:00,22,255.6,5.4,0,,,13.9,,5
702,2023-03-30 17:00,21.2,265.2,4.4,0,,,15,,4.5
702,2023-03-30 18:00,18.4,240.3,3.9,0,,,26.3,,5
702,2023-03-30 19:00,14.4,226.7,3.6,0,,,30.2,,4.5
702,2023-03-30 20:00,12,205.1,2.6,0,,,40.7,,5
702,2023-03-30 21:00,9.6,111.8,1.5,0,,,47.8,,4.5
702,2023-03-30 22:00,9.7,231.3,1.1,0,,,44.3,,5
702,2023-03-30 23:00,8.7,64.1,1,0,,,49.3,,4.5
702,2023-03-31 00:00,7.4,0,.2,0,,,57.2,,5
702,2023-03-31 01:00,6,233.8,.5,0,,,65.6,,0
702,2023-03-31 02:00,5.5,60.8,.9,0,,,65,,0
702,2023-03-31 03:00,3.8,0,.4,0,,,72.9,,0
702,2023-03-31 04:00,1.6,42.9,1.3,0,,,77.5,,0
702,2023-03-31 05:00,1.4,140.1,.5,0,,,82.2,,0
702,2023-03-31 06:00,1.9,0,.1,0,,,81.1,,0
702,2023-03-31 07:00,2.1,0,.2,0,,,76.3,,.5
702,2023-03-31 08:00,8.4,94.1,.8,0,,,55.8,,1
702,2023-03-31 09:00,12.3,344.3,1.6,0,,,33.9,,1.5
702,2023-03-31 10:00,15.6,304,1.8,0,,,23.4,,2
702,2023-03-31 11:00,19,303.7,2.6,0,,,13.6,,2.5
702,2023-03-31 12:00,21.2,310.6,3.5,0,,,10.4,,3
702,2023-03-31 13:00,21.8,312.9,3.9,0,,,10.2,,3.5
702,2023-03-31 14:00,22.4,2.4,3.6,0,,,8.4,,4
702,2023-03-31 15:00,23.2,302.6,2.6,0,,,8.2,,4.5
702,2023-03-31 16:00,22.7,244.3,5.8,0,,,13.7,,5
702,2023-03-31 17:00,21,275.7,4.9,0,,,14.8,,5.5
702,2023-03-31 18:00,19.5,292.7,4.2,0,,,16.8,,5.9
702,2023-03-31 19:00,13.9,214.8,4,0,,,33.8,,5.6
702,2023-03-31 20:00,10.6,179.1,1.4,0,,,41.4,,5.9
702,2023-03-31 21:00,8.9,183.3,1.6,0,,,53.7,,5.6
702,2023-03-31 22:00,7.6,78.5,1,0,,,59.6,,5.9
702,2023-03-31 23:00,6.7,0,.1,0,,,61.6,,5.6
702,2023-04-01 00:00,6.4,29.6,1.5,0,,,65.9,,5.9
702,2023-04-01 01:00,5.3,0,.3,0,,,70.4,,0
702,2023-04-01 02:00,4.1,0,.3,0,,,75,,0
702,2023-04-01 03:00,4.8,341.8,.8,0,,,73.1,,0
702,2023-04-01 04:00,2.7,109.2,.6,0,,,75.2,,0
702,2023-04-01 05:00,2.9,0,.2,0,,,79,,0
702,2023-04-01 06:00,3.2,352.4,.6,0,,,79.1,,0
702,2023-04-01 07:00,3.9,0,.3,0,,,75.4,,.1
702,2023-04-01 08:00,8.7,61.8,.9,0,,,61.1,,1
702,2023-04-01 09:00,11.9,197.9,.5,0,,,45.3,,1.1
702,2023-04-01 10:00,16.9,315.5,1.1,0,,,28.5,,2
702,2023-04-01 11:00,20.1,306.4,1.2,0,,,20.4,,2.1
702,2023-04-01 12:00,22.5,297.2,1.8,0,,,10.6,,3
702,2023-04-01 13:00,24.1,320.9,2.2,0,,,9.9,,3.1
702,2023-04-01 14:00,25.1,306.5,2.9,0,,,7.5,,4
702,2023-04-01 15:00,25.6,327.2,2.8,0,,,7.5,,4.1
702,2023-04-01 16:00,24.5,265.5,5.6,0,,,11.9,,5
702,2023-04-01 17:00,22.8,255,5.4,0,,,17.5,,5
702,2023-04-01 18:00,21.2,266.9,4,0,,,17.2,,5.5
702,2023-04-01 19:00,16.5,182.7,3.4,0,,,30.7,,5
702,2023-04-01 20:00,14.4,211.1,2.4,0,,,36.1,,5.5
702,2023-04-01 21:00,11.9,208.5,1.2,0,,,47.7,,5
702,2023-04-01 22:00,10.1,0,.4,0,,,54.9,,5.5
702,2023-04-01 23:00,8.9,65.6,.8,0,,,59.7,,5
702,2023-04-02 00:00,7.8,0,.4,0,,,65.1,,5.5
702,2023-04-02 01:00,6.9,291.3,.5,0,,,65.8,,0
702,2023-04-02 02:00,5.3,137.1,1.1,0,,,73,,0
702,2023-04-02 03:00,6.4,350,.9,0,,,73.2,,0
702,2023-04-02 04:00,5.7,0,.3,0,,,75.6,,0
702,2023-04-02 05:00,3.2,0,.2,0,,,80.5,,0
702,2023-04-02 06:00,3.5,0,.2,0,,,82.8,,0
702,2023-04-02 07:00,3.9,0,.4,0,,,78.8,,.4
702,2023-04-02 08:00,9.6,0,.1,0,,,63.9,,1
702,2023-04-02 09:00,15.8,343,2,0,,,29.7,,1.4
702,2023-04-02 10:00,19.1,43.6,5.1,0,,,13.7,,2
702,2023-04-02 11:00,21.3,61.3,5.4,0,,,8.8,,2.4
702,2023-04-02 12:00,21.9,37.5,4.2,0,,,8.1,,3
702,2023-04-02 13:00,23.1,28.8,2.6,0,,,6.1,,3.4
702,2023-04-02 14:00,24.4,29.9,3,0,,,4.3,,4
702,2023-04-02 15:00,23.9,52.4,3.6,0,,,5.9,,4.4
702,2023-04-02 16:00,24.2,47.9,5.4,0,,,7.6,,5
702,2023-04-02 17:00,23.5,51.5,5.2,0,,,10.4,,5.3
702,2023-04-02 18:00,22.5,50.9,4.5,0,,,12.1,,6
702,2023-04-02 19:00,19.6,58.8,3.1,0,,,16.1,,5.7
702,2023-04-02 20:00,18.2,63.9,3.4,0,,,18.2,,6
702,2023-04-02 21:00,16.7,74.4,3.8,0,,,20.5,,5.7
702,2023-04-02 22:00,14.6,78.3,3.4,0,,,26.1,,6
702,2023-04-02 23:00,14.5,80.1,1.5,0,,,23.7,,5.7
702,2023-04-03 00:00,9.2,109.4,1.4,0,,,39,,6
702,2023-04-03 01:00,9.4,339.6,.6,0,,,41.3,,0
702,2023-04-03 02:00,8,0,.3,0,,,45.4,,0
702,2023-04-03 03:00,8,224.2,1.6,0,,,46.8,,0
702,2023-04-03 04:00,5.5,0,.4,0,,,56.2,,0
702,2023-04-03 05:00,4.5,45.6,1.2,0,,,58.4,,0
702,2023-04-03 06:00,5.6,30.6,.7,0,,,56.7,,0
702,2023-04-03 07:00,5.2,0,.2,0,,,61.6,,.4
702,2023-04-03 08:00,10,233.7,1,0,,,41.5,,1
702,2023-04-03 09:00,15.2,102.1,1.3,0,,,28.1,,1.4
702,2023-04-03 10:00,18,88.3,1.6,0,,,21.1,,2
702,2023-04-03 11:00,20.9,94.4,3.2,0,,,15.2,,2.4
702,2023-04-03 12:00,23.7,102.9,6.6,0,,,9.5,,3
702,2023-04-03 13:00,24.3,76.6,4.3,0,,,7.8,,3.4
702,2023-04-03 14:00,25.2,125.2,5.6,0,,,8.2,,4
702,2023-04-03 15:00,25.3,123.9,6.7,0,,,8.1,,4.4
702,2023-04-03 16:00,25.5,127.4,5.1,0,,,8.6,,5
702,2023-04-03 17:00,25.2,106.9,3.8,0,,,9.1,,5.3
702,2023-04-03 18:00,23.4,137,3.6,0,,,14,,5.8
702,2023-04-03 19:00,21.1,59.7,1.8,0,,,15,,5.3
702,2023-04-03 20:00,15.5,194.1,3.5,0,,,37.2,,5.8
702,2023-04-03 21:00,13.3,183.8,2,0,,,46.2,,5.3
702,2023-04-03 22:00,13,276.5,1,0,,,45.2,,5.8
702,2023-04-03 23:00,12.5,14.2,.8,0,,,45.7,,5.3
702,2023-04-04 00:00,12.1,12.3,.6,0,,,47,,5.8
702,2023-04-04 01:00,9.9,130.5,.5,0,,,55.6,,0
702,2023-04-04 02:00,10.2,0,.1,0,,,59.4,,0
702,2023-04-04 03:00,10.4,0,.3,0,,,58.8,,0
702,2023-04-04 04:00,10.5,71.4,2.9,0,,,57,,0
702,2023-04-04 05:00,9.8,34.5,1.5,0,,,61.5,,0
702,2023-04-04 06:00,8.6,141.7,.6,0,,,52.6,,0
702,2023-04-04 07:00,9.4,43.8,1.9,0,,,51,,.1
702,2023-04-04 08:00,13.6,56.2,2,0,,,29.4,,.1
702,2023-04-04 09:00,17.5,87.2,2.2,0,,,24.3,,.7
702,2023-04-04 10:00,19.8,115.8,4.9,0,,,26.7,,.9
702,2023-04-04 11:00,20.4,134.4,2.9,0,,,29.1,,1.1
702,2023-04-04 12:00,21.9,136.5,6.5,0,,,30.6,,1.4
702,2023-04-04 13:00,21.9,133.9,6.9,0,,,34.8,,1.1
702,2023-04-04 14:00,21.5,149.8,6.5,0,,,33.6,,1.5
702,2023-04-04 15:00,20.8,137.9,7.6,0,,,34.7,,1.3
702,2023-04-04 16:00,20,139,7.3,0,,,40.3,,1.5
702,2023-04-04 17:00,17.7,136.5,6.6,0,,,55.8,,1.3
702,2023-04-04 18:00,15.3,143.8,3.6,.4,,,72.9,,1.5
702,2023-04-04 19:00,13.8,57.3,2.9,1.4,,,86.2,,1.3
702,2023-04-04 20:00,13.6,49.6,3.8,2.7,,,91.6,,1.5
702,2023-04-04 21:00,13.4,55.4,3.5,1.7,,,91.5,,1.3
702,2023-04-04 22:00,13.5,76.9,3.1,.9,,,85,,1.5
702,2023-04-04 23:00,13.7,101.6,4.2,1.1,,,85.1,,1.3
702,2023-04-05 00:00,15.1,129.7,5.9,1.3,,,81.7,,1.5
702,2023-04-05 01:00,15,124.1,4.4,.7,,,80.3,,0
702,2023-04-05 02:00,15.8,135.8,7.7,.1,,,68.9,,0
702,2023-04-05 03:00,16.1,137.4,8.6,.1,,,70.8,,0
702,2023-04-05 04:00,15.6,132,4.5,.4,,,77.7,,0
702,2023-04-05 05:00,15.2,127.2,4.4,.6,,,83.9,,0
702,2023-04-05 06:00,15.7,133.4,5.8,1.7,,,83.2,,0
702,2023-04-05 07:00,16,136.9,5.7,1.1,,,81.9,,0
702,2023-04-05 08:00,15.9,132.3,5,1,,,84.2,,0
702,2023-04-05 09:00,15.9,133.2,3.7,2.1,,,87.8,,0
702,2023-04-05 10:00,16.1,147.6,1.7,1.3,,,90.2,,0
702,2023-04-05 11:00,16.9,156.7,1.9,1.2,,,87.2,,0
702,2023-04-05 12:00,17.2,169,4.7,.9,,,84.6,,0
702,2023-04-05 13:00,16.5,213.4,2.9,3.1,,,93.9,,0
702,2023-04-05 14:00,14.2,246.5,5.3,5,,,92.8,,0
702,2023-04-05 15:00,13.1,248.1,5.4,.1,,,94,,0
702,2023-04-05 16:00,11.5,255,8.1,0,,,93.6,,0
702,2023-04-05 17:00,11,249.8,7.9,0,,,88.2,,0
702,2023-04-05 18:00,10.7,244.8,7,0,,,86.3,,0
702,2023-04-05 19:00,10.2,228,4.1,0,,,88.5,,0
702,2023-04-05 20:00,9.9,220.6,2.7,0,,,88,,0
702,2023-04-05 21:00,10.4,208.6,4.5,0,,,79,,0
702,2023-04-05 22:00,9.9,234,5.9,0,,,80.6,,0
702,2023-04-05 23:00,9.3,233.3,5.5,0,,,81.6,,0
702,2023-04-06 00:00,9.3,206.4,3.3,0,,,81.7,,0
702,2023-04-06 01:00,9,176.9,3.5,0,,,85.3,,0
702,2023-04-06 02:00,8.8,178.7,4,0,,,88.2,,0
702,2023-04-06 03:00,8.6,175.7,3.6,0,,,92.3,,0
702,2023-04-06 04:00,8.6,166,3.9,.1,,,91.7,,0
702,2023-04-06 05:00,8.6,182.4,3.1,.1,,,95.7,,0
702,2023-04-06 06:00,8.8,174.6,2.7,.2,,,94.2,,0
702,2023-04-06 07:00,9,180,2,.2,,,95.9,,0
702,2023-04-06 08:00,9,226.6,4.3,.7,,,95.6,,0
702,2023-04-06 09:00,9.4,224.5,4.7,.4,,,93,,0
702,2023-04-06 10:00,9.4,207.3,3.2,0,,,93.7,,0
702,2023-04-06 11:00,9.5,219.4,3.8,0,,,95.2,,0
702,2023-04-06 12:00,9.5,214.9,3.2,.5,,,94.3,,0
702,2023-04-06 13:00,10.3,246.6,3.2,.1,,,90.2,,0
702,2023-04-06 14:00,10.6,233.3,3.5,0,,,83.8,,0
702,2023-04-06 15:00,10.5,235.7,3.2,0,,,82.8,,0
702,2023-04-06 16:00,10,235,4.2,0,,,88,,0
702,2023-04-06 17:00,9.8,241.7,3.4,0,,,89.3,,0
702,2023-04-06 18:00,9.8,236.1,3.8,0,,,82.9,,0
702,2023-04-06 19:00,9.6,246.1,2.6,0,,,81.6,,0
702,2023-04-06 20:00,9.3,249.2,2.9,0,,,80.8,,0
702,2023-04-06 21:00,8.6,147.5,1.7,1.3,,,92.8,,0
702,2023-04-06 22:00,8.6,239.2,2.5,1,,,93.4,,0
702,2023-04-06 23:00,8,262.7,2.7,2,,,88.4,,0
702,2023-04-07 00:00,7.6,233,2.1,1.9,,,93.4,,0
702,2023-04-07 01:00,7.4,226.2,1.9,.3,,,92.1,,0
702,2023-04-07 02:00,7.3,218.8,1.3,0,,,91.4,,0
702,2023-04-07 03:00,7.1,182.9,1.6,0,,,93.3,,0
702,2023-04-07 04:00,6.6,132.9,1.6,0,,,94.7,,0
702,2023-04-07 05:00,5.3,109,1.2,0,,,94.8,,0
702,2023-04-07 06:00,4.6,124.3,.8,0,,,95.3,,0
702,2023-04-07 07:00,5,104.5,.5,0,,,95.5,,0
702,2023-04-07 08:00,6.1,162.5,1,0,,,95.6,,0
702,2023-04-07 09:00,8.3,222.7,2.1,0,,,95.7,,.2
702,2023-04-07 10:00,10.3,192.5,2.8,0,,,82,,0
702,2023-04-07 11:00,11.3,229.3,3.7,0,,,71.6,,.3
702,2023-04-07 12:00,11.4,231.8,4.7,0,,,68.8,,.1
702,2023-04-07 13:00,11.2,242.7,5,0,,,71.5,,.3
702,2023-04-07 14:00,12.1,236.4,4.3,0,,,62.9,,.4
702,2023-04-07 15:00,12.4,240.9,6,0,,,67.9,,1
702,2023-04-07 16:00,11.8,260.2,5.8,0,,,62.7,,1
702,2023-04-07 17:00,10.4,259,6.6,0,,,62.4,,1.3
702,2023-04-07 18:00,9.3,253.4,6.5,0,,,59.5,,1.2
702,2023-04-07 19:00,7.9,261.4,5.1,0,,,64.1,,1.3
702,2023-04-07 20:00,6.5,256.9,4.6,0,,,55.8,,1.2
702,2023-04-07 21:00,5.5,262.4,4.3,0,,,55.5,,1.3
702,2023-04-07 22:00,4.7,260.4,4,0,,,59.4,,1.2
702,2023-04-07 23:00,4.4,265.8,2.1,0,,,55.8,,1.3
702,2023-04-08 00:00,2.1,182.9,1,0,,,70.6,,1.2
702,2023-04-08 01:00,.8,128.7,.8,0,,,81.4,,0
702,2023-04-08 02:00,.5,91.2,1.1,0,,,85.1,,0
702,2023-04-08 03:00,.1,27.9,.5,0,,,90,,0
702,2023-04-08 04:00,.3,50.7,1.2,0,,,88.1,,0
702,2023-04-08 05:00,-.1,67.4,1.5,0,,,87.1,,0
702,2023-04-08 06:00,-.3,57,1.3,0,,,88.6,,0
702,2023-04-08 07:00,.9,0,.3,0,,,81.1,,.6
702,2023-04-08 08:00,3,0,.2,0,,,79.3,,1
702,2023-04-08 09:00,6.5,115.9,1.9,0,,,71.4,,1.6
702,2023-04-08 10:00,10.7,245.6,3.7,0,,,58.6,,1.9
702,2023-04-08 11:00,11.6,249.3,5,0,,,53.8,,2.4
702,2023-04-08 12:00,12.3,251.1,5.5,0,,,49.9,,2.9
702,2023-04-08 13:00,13.4,258.9,4.9,0,,,41.7,,3.4
702,2023-04-08 14:00,14.2,254.1,6.3,0,,,31.8,,3.9
702,2023-04-08 15:00,14.2,265.2,6.3,0,,,21.8,,4.4
702,2023-04-08 16:00,13.6,281.4,5.7,0,,,25.3,,4.9
702,2023-04-08 17:00,12.6,260.9,4.2,0,,,41.6,,5.2
702,2023-04-08 18:00,11.2,243.3,5.6,0,,,46.4,,5.9
702,2023-04-08 19:00,9.6,261.8,4.8,0,,,56.5,,5.4
702,2023-04-08 20:00,8.6,260,3.8,0,,,65.2,,5.9
702,2023-04-08 21:00,5,124.9,2.7,0,,,84.7,,5.4
702,2023-04-08 22:00,4.8,114.2,1,0,,,88.2,,5.9
702,2023-04-08 23:00,4.6,0,.4,0,,,90.5,,5.4
702,2023-04-09 00:00,4.9,0,.2,0,,,90.6,,5.9
702,2023-04-09 01:00,3.3,0,.3,0,,,93.8,,0
702,2023-04-09 02:00,3.1,26.7,.7,0,,,94.6,,0
702,2023-04-09 03:00,3.4,30.4,.7,0,,,91.6,,0
702,2023-04-09 04:00,2,67,.8,0,,,94,,0
702,2023-04-09 05:00,2.2,0,.4,0,,,94.6,,0
702,2023-04-09 06:00,2.4,50,1.2,0,,,92.1,,0
702,2023-04-09 07:00,2.8,49.3,1,0,,,88.6,,.6
702,2023-04-09 08:00,5.4,68.7,1.4,0,,,75,,1
702,2023-04-09 09:00,9.1,110,1.1,0,,,68.2,,1.6
702,2023-04-09 10:00,11.9,171.5,1.5,0,,,53.3,,2
702,2023-04-09 11:00,14.1,247.9,3.3,0,,,36.8,,2.6
702,2023-04-09 12:00,15,234.4,3.6,0,,,34.1,,3
702,2023-04-09 13:00,15.8,248.4,4.2,0,,,34.5,,3.6
702,2023-04-09 14:00,16.2,259.3,4.1,0,,,21.9,,4
702,2023-04-09 15:00,16.2,249.3,5.4,0,,,25.8,,4.6
702,2023-04-09 16:00,15.8,247,6.1,0,,,22.9,,5
702,2023-04-09 17:00,14.5,256.9,5.4,0,,,27.1,,5.4
702,2023-04-09 18:00,13.6,256.7,4.9,0,,,33.2,,6
702,2023-04-09 19:00,10.8,220.8,3.1,0,,,42.9,,5.7
702,2023-04-09 20:00,7.9,216.8,1.4,0,,,59.2,,6
702,2023-04-09 21:00,7.8,0,.4,0,,,61.1,,5.7
702,2023-04-09 22:00,5.8,0,.3,0,,,74.5,,6
702,2023-04-09 23:00,4.8,58.3,1,0,,,76.3,,5.7
702,2023-04-10 00:00,3.7,27.6,.8,0,,,77.5,,6
702,2023-04-10 01:00,2.4,0,.3,0,,,88.6,,0
702,2023-04-10 02:00,2.4,.3,.9,0,,,78.1,,0
702,2023-04-10 03:00,.7,100.8,.9,0,,,87.6,,0
702,2023-04-10 04:00,2.6,56.6,1.2,0,,,69.3,,0
702,2023-04-10 05:00,1.5,34.9,1.2,0,,,76.9,,0
702,2023-04-10 06:00,1.5,21.5,.9,0,,,78.7,,0
702,2023-04-10 07:00,4.1,41.2,1.1,0,,,61.8,,.2
702,2023-04-10 08:00,7.9,79.4,.8,0,,,55.9,,1
702,2023-04-10 09:00,12.2,121.3,2.7,0,,,44,,1.2
702,2023-04-10 10:00,14.6,173.1,4.7,0,,,44.5,,1.9
702,2023-04-10 11:00,16.6,154,3.7,0,,,39.1,,2.2
702,2023-04-10 12:00,17.5,211.9,4.3,0,,,26.3,,2.9
702,2023-04-10 13:00,19.1,200.6,5.1,0,,,24.1,,3.2
702,2023-04-10 14:00,20.2,224.3,4.5,0,,,29.4,,3.9
702,2023-04-10 15:00,19.4,251,4.7,0,,,37.9,,4.2
702,2023-04-10 16:00,20.1,258.2,3.3,0,,,34.6,,4.9
702,2023-04-10 17:00,20.4,218.5,4.7,0,,,26.8,,4.8
702,2023-04-10 18:00,17.5,270.6,4.1,0,,,45.7,,5.3
702,2023-04-10 19:00,15.4,266.7,4.1,0,,,54,,4.8
702,2023-04-10 20:00,13.8,234.2,2,0,,,54,,5.3
702,2023-04-10 21:00,11.4,220.6,2.1,0,,,57.3,,4.8
702,2023-04-10 22:00,10.8,99.6,1.3,0,,,56.7,,5.3
702,2023-04-10 23:00,9.5,113.3,.5,0,,,65.8,,4.8
702,2023-04-11 00:00,8.7,122.7,.5,0,,,71.5,,5.3
702,2023-04-11 01:00,7.3,0,.1,0,,,77.3,,0
702,2023-04-11 02:00,6,101.3,1.4,0,,,84,,0
702,2023-04-11 03:00,8.9,118.8,1.4,0,,,64.6,,0
702,2023-04-11 04:00,9.2,111.4,1.7,0,,,71.3,,0
702,2023-04-11 05:00,8.9,105,2.1,0,,,80.8,,0
702,2023-04-11 06:00,9.3,109.2,2.5,0,,,82.5,,0
702,2023-04-11 07:00,12.6,128.6,3.2,0,,,76.2,,0
702,2023-04-11 08:00,15.7,139,4.1,0,,,66,,.4
702,2023-04-11 09:00,18.7,175.2,5.9,0,,,56.4,,1
702,2023-04-11 10:00,19.6,182.4,8.4,0,,,53.4,,1.1
702,2023-04-11 11:00,20.7,192.6,9.2,0,,,51.4,,1.7
702,2023-04-11 12:00,20.7,188.8,7.6,0,,,52.7,,1.2
702,2023-04-11 13:00,20.7,189.5,7.2,0,,,55,,1.7
702,2023-04-11 14:00,20.2,221.7,9.5,0,,,57.3,,1.2
702,2023-04-11 15:00,16.9,221.5,5,.4,,,85.6,,1.7
702,2023-04-11 16:00,17.5,219,7.7,0,,,76.6,,1.2
702,2023-04-11 17:00,14.7,255.3,8.4,0,,,84.6,,1.7
702,2023-04-11 18:00,13.3,235.4,4.4,0,,,87.5,,1.2
702,2023-04-11 19:00,12.6,257.7,4.2,0,,,86.4,,1.7
702,2023-04-11 20:00,12.1,235.5,3,0,,,88.2,,1.2
702,2023-04-11 21:00,11.8,239.7,2.1,0,,,89.2,,1.7
702,2023-04-11 22:00,11.1,216,1.4,0,,,91.6,,1.2
702,2023-04-11 23:00,10.4,212.3,1.7,0,,,93.2,,1.7
702,2023-04-12 00:00,9.8,216.5,2.6,0,,,92.7,,1.2
702,2023-04-12 01:00,8.7,172.6,1.1,0,,,94.3,,0
702,2023-04-12 02:00,6.9,208.1,.6,0,,,95.3,,0
702,2023-04-12 03:00,6.4,74.8,1.3,0,,,95.8,,0
702,2023-04-12 04:00,6.6,0,.4,0,,,95.9,,0
702,2023-04-12 05:00,5.7,83,1.1,0,,,95.9,,0
702,2023-04-12 06:00,6,0,.3,0,,,95.9,,0
702,2023-04-12 07:00,6.6,254.7,.9,0,,,95.9,,0
702,2023-04-12 08:00,6.8,174.7,.8,0,,,95.9,,0
702,2023-04-12 09:00,8.3,138.1,1.3,0,,,95.9,,.7
702,2023-04-12 10:00,11,201.4,1.2,0,,,62.4,,1
702,2023-04-12 11:00,14,186.5,1.8,0,,,38.9,,1.7
702,2023-04-12 12:00,15.2,228,2.8,0,,,17.2,,2
702,2023-04-12 13:00,15.5,261.6,6.8,0,,,15.7,,2.7
702,2023-04-12 14:00,15.8,264.3,5.5,0,,,12.9,,3
702,2023-04-12 15:00,16.1,261.2,4.9,0,,,12.3,,3.7
702,2023-04-12 16:00,15.6,254.3,5.7,0,,,10.5,,4
702,2023-04-12 17:00,15,263.1,4.5,0,,,8.8,,4.5
702,2023-04-12 18:00,13.6,245.5,5.5,0,,,17.5,,4.6
702,2023-04-12 19:00,11.4,254.3,1.9,0,,,16,,4.5
702,2023-04-12 20:00,10.3,265.3,2.9,0,,,16.2,,4.6
702,2023-04-12 21:00,5.4,107.7,2.5,0,,,51.7,,4.5
702,2023-04-12 22:00,4.9,0,.1,0,,,54.6,,4.6
702,2023-04-12 23:00,5.2,0,.4,0,,,53,,4.5
702,2023-04-13 00:00,3.3,80.9,.5,0,,,69.6,,4.6
702,2023-04-13 01:00,3,67.2,.8,0,,,68.8,,0
702,2023-04-13 02:00,2,0,.3,0,,,71.4,,0
702,2023-04-13 03:00,3.5,45.7,2.1,0,,,55.9,,0
702,2023-04-13 04:00,3.9,40.6,1.6,0,,,52.5,,0
702,2023-04-13 05:00,3.9,42.2,1,0,,,53.4,,0
702,2023-04-13 06:00,2,66.5,1.8,0,,,67.2,,0
702,2023-04-13 07:00,3.8,74.1,1.3,0,,,62.7,,0
702,2023-04-13 08:00,7.6,49.6,.9,0,,,50.7,,.6
702,2023-04-13 09:00,10.9,300.7,1.6,0,,,34.1,,1
702,2023-04-13 10:00,13.1,314.2,2.5,0,,,29.6,,1.6
702,2023-04-13 11:00,16.1,309.4,1.7,0,,,16.9,,2
702,2023-04-13 12:00,18.5,156.6,2,0,,,12.7,,2.6
702,2023-04-13 13:00,20.4,295,1.7,0,,,9.6,,3
702,2023-04-13 14:00,21.6,220.2,1.7,0,,,8.5,,3.6
702,2023-04-13 15:00,22.1,245.7,3.5,0,,,10.5,,4
702,2023-04-13 16:00,21.9,236.4,4.2,0,,,11.4,,4.6
702,2023-04-13 17:00,20.8,268.4,4.4,0,,,16.5,,4.9
702,2023-04-13 18:00,18.4,259.2,3.4,0,,,16.8,,5.1
702,2023-04-13 19:00,17,330.6,1.4,0,,,15.4,,4.9
702,2023-04-13 20:00,13.2,89,.9,0,,,37.3,,5.1
702,2023-04-13 21:00,10.5,218.5,1.3,0,,,51.9,,4.9
702,2023-04-13 22:00,9.5,112.7,.5,0,,,57.1,,5.1
702,2023-04-13 23:00,8.4,68,1.1,0,,,62.2,,4.9
702,2023-04-14 00:00,8.2,21.7,.7,0,,,61.4,,5.1
702,2023-04-14 01:00,7.1,0,.4,0,,,69.8,,0
702,2023-04-14 02:00,6.3,11.7,.9,0,,,68.8,,0
702,2023-04-14 03:00,6.1,347.7,.5,0,,,70.7,,0
702,2023-04-14 04:00,8.2,344.8,1.8,0,,,55.6,,0
702,2023-04-14 05:00,4.5,105,1.4,0,,,73.3,,0
702,2023-04-14 06:00,3.9,15.9,1,0,,,77.7,,0
702,2023-04-14 07:00,6.7,33.8,1.3,0,,,63.5,,.6
702,2023-04-14 08:00,8.9,117.6,1.2,0,,,60.8,,.5
702,2023-04-14 09:00,10.1,0,.1,0,,,59.1,,.6
702,2023-04-14 10:00,13,317.3,.9,0,,,47.1,,.5
702,2023-04-14 11:00,14,322.7,1.7,0,,,40.3,,.6
702,2023-04-14 12:00,15.5,8.2,1.5,0,,,38.8,,.5
702,2023-04-14 13:00,18,354.3,1,0,,,27.3,,.6
702,2023-04-14 14:00,19.9,74.3,3,0,,,24.7,,.5
702,2023-04-14 15:00,20.3,31.4,2.5,0,,,20,,.6
702,2023-04-14 16:00,21,68.1,1.7,0,,,23.9,,1.5
702,2023-04-14 17:00,20.1,191.7,1.8,0,,,32.3,,.6
702,2023-04-14 18:00,18.5,170.4,2.4,0,,,48.4,,1.5
702,2023-04-14 19:00,18.2,270,1.7,0,,,50.8,,.6
702,2023-04-14 20:00,15.8,205.5,1.1,0,,,65.1,,1.5
702,2023-04-14 21:00,16.2,208.5,2,0,,,63.8,,.6
702,2023-04-14 22:00,16.4,270.4,2.8,0,,,64.1,,1.5
702,2023-04-14 23:00,14.1,175.6,.5,0,,,79.7,,.6
702,2023-04-15 00:00,13.1,106.1,1.9,.6,,,93.7,,1.5
702,2023-04-15 01:00,13.8,353.2,.7,.3,,,88.2,,0
702,2023-04-15 02:00,12.7,0,.2,0,,,93.7,,0
702,2023-04-15 03:00,12,118.9,.8,0,,,94.4,,0
702,2023-04-15 04:00,11.8,251,.9,0,,,95.4,,0
702,2023-04-15 05:00,11.1,146.5,.7,0,,,95.4,,0
702,2023-04-15 06:00,11.1,248.5,.9,0,,,95.5,,0
702,2023-04-15 07:00,11.5,0,.4,0,,,94.9,,0
702,2023-04-15 08:00,13.5,320.6,1.2,0,,,84.8,,0
702,2023-04-15 09:00,14.8,72.6,.7,0,,,65.9,,0
702,2023-04-15 10:00,15.4,305.2,2.6,0,,,65.5,,.1
702,2023-04-15 11:00,15.9,304.3,2.5,0,,,68.9,,0
702,2023-04-15 12:00,14.1,254.4,4.7,0,,,85.9,,.1
702,2023-04-15 13:00,13.1,317,3.1,3.5,,,93.4,,0
702,2023-04-15 14:00,13.8,30.6,2.7,1,,,80,,.1
702,2023-04-15 15:00,15.4,95.2,2,0,,,64,,.9
702,2023-04-15 16:00,15.9,134.6,1.8,0,,,68.7,,.6
702,2023-04-15 17:00,15.8,255.1,5.6,0,,,63.1,,1.6
702,2023-04-15 18:00,14.7,256.1,5.2,0,,,61.5,,1.4
702,2023-04-15 19:00,10.5,242.3,5.4,0,,,89.3,,1.7
702,2023-04-15 20:00,9.6,233.6,4.8,0,,,90.5,,1.4
702,2023-04-15 21:00,9,170,2.5,0,,,90.7,,1.7
702,2023-04-15 22:00,9,182.2,2.1,0,,,90.5,,1.4
702,2023-04-15 23:00,9.1,215.7,2.4,0,,,91.8,,1.7
702,2023-04-16 00:00,9.1,211.9,1.2,0,,,90.1,,1.4
702,2023-04-16 01:00,9.1,237.5,2.7,0,,,89.8,,0
702,2023-04-16 02:00,8.8,210.9,2.4,0,,,88.7,,0
702,2023-04-16 03:00,8.7,210,2.2,0,,,91.5,,0
702,2023-04-16 04:00,8.7,0,.1,0,,,90.9,,0
702,2023-04-16 05:00,8.7,116.4,2.5,0,,,93.1,,0
702,2023-04-16 06:00,8.4,97,1.8,0,,,93.1,,0
702,2023-04-16 07:00,8.9,53,1.8,0,,,90.4,,0
702,2023-04-16 08:00,9.9,71.9,1.5,0,,,80,,0
702,2023-04-16 09:00,11.4,38.1,1.8,0,,,69.4,,.3
702,2023-04-16 10:00,12.8,135,1.8,0,,,63.2,,.9
702,2023-04-16 11:00,14.7,268.7,1.4,0,,,56.9,,1.4
702,2023-04-16 12:00,15.6,297.6,2.9,0,,,49.8,,1.1
702,2023-04-16 13:00,16.4,322,3,0,,,40.6,,2.3
702,2023-04-16 14:00,17.1,260,5.2,0,,,45.6,,2
702,2023-04-16 15:00,15.7,255.3,7.3,0,,,51.9,,3.3
702,2023-04-16 16:00,14.9,269.7,4.6,0,,,59.5,,2.9
702,2023-04-16 17:00,12.5,138.2,4.3,0,,,55.2,,3.3
702,2023-04-16 18:00,12.5,120.3,2.8,0,,,56.5,,3.7
702,2023-04-16 19:00,11.2,97.3,1.9,0,,,69.5,,3.3
702,2023-04-16 20:00,10.1,106,.5,0,,,76.5,,3.7
702,2023-04-16 21:00,8.5,184.3,.8,0,,,82.5,,3.3
702,2023-04-16 22:00,8.2,174.2,2.3,0,,,89.9,,3.7
702,2023-04-16 23:00,6,130.5,1.8,0,,,92.9,,3.3
702,2023-04-17 00:00,6.4,104.9,1,0,,,94.4,,3.7
702,2023-04-17 01:00,6.1,0,.1,0,,,93.8,,0
702,2023-04-17 02:00,5.8,42.6,.8,0,,,95.3,,0
702,2023-04-17 03:00,5.4,55.7,.6,0,,,94.9,,0
702,2023-04-17 04:00,4.4,0,.2,0,,,95.4,,0
702,2023-04-17 05:00,4,37.4,1.1,0,,,95.8,,0
702,2023-04-17 06:00,2.4,164.2,1,0,,,95.3,,0
702,2023-04-17 07:00,4.6,0,.1,0,,,95.8,,.3
702,2023-04-17 08:00,8,94.7,1.3,0,,,90.2,,1
702,2023-04-17 09:00,11.4,107.9,2.1,0,,,69.8,,1.4
702,2023-04-17 10:00,14,152.6,1.6,0,,,47.6,,2
702,2023-04-17 11:00,15.5,116.7,1.6,0,,,39.8,,2.3
702,2023-04-17 12:00,16.5,220.5,1.4,0,,,34.2,,3
702,2023-04-17 13:00,17.4,61.9,2.6,0,,,32.3,,3.3
702,2023-04-17 14:00,18.7,161.3,2.1,0,,,23.8,,4.1
702,2023-04-17 15:00,19.6,220.2,1.5,0,,,22.7,,4.3
702,2023-04-17 16:00,21.2,200.9,2.9,0,,,18.5,,5
702,2023-04-17 17:00,21.1,287.4,2.3,0,,,18.5,,5.3
702,2023-04-17 18:00,20.4,329.1,1.9,0,,,22.4,,5.8
702,2023-04-17 19:00,19.1,292.1,2.5,0,,,26.3,,5.3
702,2023-04-17 20:00,18.3,356.4,1.1,0,,,28.5,,5.8
702,2023-04-17 21:00,14.9,191.1,2.7,0,,,53.7,,5.3
702,2023-04-17 22:00,14.7,193.3,1.3,0,,,54.5,,5.8
702,2023-04-17 23:00,15.8,135.7,3.1,0,,,40.8,,5.3
702,2023-04-18 00:00,15.4,123.5,4.6,0,,,36.1,,5.8
702,2023-04-18 01:00,15.2,108.5,3,0,,,39.1,,0
702,2023-04-18 02:00,15.7,129.9,3.9,0,,,40.8,,0
702,2023-04-18 03:00,15.2,106.4,4,0,,,46.1,,0
702,2023-04-18 04:00,15,,,0,,,50.6,,0
702,2023-04-18 05:00,14.8,108.9,2.8,0,,,58.9,,0
702,2023-04-18 06:00,15.7,123.8,3.4,.1,,,70.3,,0
702,2023-04-18 07:00,16.2,126.6,3.7,.1,,,71.3,,0
702,2023-04-18 08:00,16.6,125.1,3.6,0,,,74.6,,0
702,2023-04-18 09:00,18,166,1.7,0,,,71.6,,0
702,2023-04-18 10:00,18.2,61.9,1.4,0,,,74.2,,0
702,2023-04-18 11:00,17.8,31.6,1.2,.1,,,80.2,,0
702,2023-04-18 12:00,18.8,116.4,1.4,0,,,79.8,,0
702,2023-04-18 13:00,18.3,260.5,3.2,0,,,82.5,,0
702,2023-04-18 14:00,18.5,290.1,2.7,0,,,80.3,,0
702,2023-04-18 15:00,18,258.8,3.5,0,,,83.5,,0
702,2023-04-18 16:00,16.5,279.9,3.7,0,,,92.7,,0
702,2023-04-18 17:00,16.3,307.9,1.7,0,,,92.5,,0
702,2023-04-18 18:00,15.9,328.3,1,0,,,94.1,,0
702,2023-04-18 19:00,15.8,6.4,1,0,,,94.8,,0
702,2023-04-18 20:00,15.7,348.3,1.4,0,,,94.7,,0
702,2023-04-18 21:00,15.8,321,1.5,0,,,94.5,,0
702,2023-04-18 22:00,15.6,339.2,3.4,0,,,94.1,,0
702,2023-04-18 23:00,15.3,335.5,1.7,0,,,92.4,,0
702,2023-04-19 00:00,15.3,332.4,1.2,0,,,92.2,,0
702,2023-04-19 01:00,15.2,314.8,1.2,0,,,91.8,,0
702,2023-04-19 02:00,14.2,333.2,2,0,,,94.4,,0
702,2023-04-19 03:00,13.9,355.1,2.7,0,,,95.2,,0
702,2023-04-19 04:00,14,342.4,1.5,0,,,94.4,,0
702,2023-04-19 05:00,13.9,3.5,2.7,0,,,93.6,,0
702,2023-04-19 06:00,13,0,.2,0,,,94.9,,0
702,2023-04-19 07:00,14.1,342.4,1.5,0,,,92.6,,.1
702,2023-04-19 08:00,16.2,46.2,2.8,0,,,78.4,,1
702,2023-04-19 09:00,18.6,61.1,2.1,0,,,65.9,,1.1
702,2023-04-19 10:00,19.9,68.2,1.7,0,,,62.7,,2
702,2023-04-19 11:00,21.8,96.8,1.2,0,,,53.8,,2.1
702,2023-04-19 12:00,23.8,147.7,2.1,0,,,50.9,,3
702,2023-04-19 13:00,25.6,206.9,2.9,0,,,51.4,,3
702,2023-04-19 14:00,25.6,231.7,2.4,0,,,52.5,,3.9
702,2023-04-19 15:00,26.7,163,4.5,0,,,47.8,,4
702,2023-04-19 16:00,25.9,193.9,5.8,0,,,52.2,,4.5
702,2023-04-19 17:00,24.1,194.9,5.7,0,,,58.1,,4
702,2023-04-19 18:00,23.2,183.6,4.3,0,,,61.8,,4.5
702,2023-04-19 19:00,21.1,240.4,2.2,0,,,69.8,,4
702,2023-04-19 20:00,19.6,216.6,2.3,0,,,75.9,,4.5
702,2023-04-19 21:00,18.4,266.6,2.5,0,,,79.2,,4
702,2023-04-19 22:00,16.7,194.7,1.7,0,,,86.5,,4.5
702,2023-04-19 23:00,16.6,0,.3,0,,,91.7,,4
702,2023-04-20 00:00,17.1,264.3,2.4,0,,,82.1,,4.5
702,2023-04-20 01:00,16.3,227.5,1.3,0,,,82.5,,0
702,2023-04-20 02:00,15.7,129.8,1.2,0,,,89.3,,0
702,2023-04-20 03:00,14.8,0,.1,0,,,92.2,,0
702,2023-04-20 04:00,14.2,0,.3,0,,,94.3,,0
702,2023-04-20 05:00,15,254.6,.8,0,,,92.5,,0
702,2023-04-20 06:00,13.9,109.5,.6,0,,,93.1,,0
702,2023-04-20 07:00,15.1,0,0,0,,,91.6,,.1
702,2023-04-20 08:00,17.9,184.1,1.1,0,,,78.9,,1
702,2023-04-20 09:00,20.1,219.8,1.8,0,,,70.4,,.9
702,2023-04-20 10:00,20.8,219.2,2.8,0,,,68.3,,1.6
702,2023-04-20 11:00,22,254.8,1.6,0,,,62.2,,1.4
702,2023-04-20 12:00,22.4,309.9,2.6,0,,,59.7,,2
702,2023-04-20 13:00,23.3,342.2,1.9,0,,,56,,2.4
702,2023-04-20 14:00,24.2,222.3,3.1,0,,,49.6,,3
702,2023-04-20 15:00,25.4,233.5,3.7,0,,,44.2,,3.4
702,2023-04-20 16:00,25.4,255.3,4.9,0,,,46.5,,4
702,2023-04-20 17:00,23.2,267.3,4.6,0,,,53.4,,4.3
702,2023-04-20 18:00,20.8,264.3,4.3,0,,,60.5,,5
702,2023-04-20 19:00,18.6,225.2,3.2,0,,,70.2,,4.6
702,2023-04-20 20:00,16.6,231.5,3.8,0,,,79.4,,5
702,2023-04-20 21:00,15.1,226.3,3.4,0,,,84.7,,4.6
702,2023-04-20 22:00,13.8,210.5,2.3,0,,,92,,5
702,2023-04-20 23:00,13.6,220,2.3,0,,,93.5,,4.6
702,2023-04-21 00:00,13.5,189.8,1.7,0,,,95.1,,5
702,2023-04-21 01:00,13.4,156.2,1.3,0,,,95.7,,0
702,2023-04-21 02:00,13.3,143.9,1.4,0,,,95.9,,0
702,2023-04-21 03:00,13.1,175.2,1,0,,,95.9,,0
702,2023-04-21 04:00,13.3,0,.4,0,,,95.9,,0
702,2023-04-21 05:00,13.6,193.4,.7,0,,,95.9,,0
702,2023-04-21 06:00,14.2,328.8,1.5,0,,,95.9,,0
702,2023-04-21 07:00,14.1,338.8,3.4,.1,,,95.9,,0
702,2023-04-21 08:00,14.7,330.4,3.5,0,,,86.9,,0
702,2023-04-21 09:00,16.5,323.9,4.4,0,,,74.3,,.3
702,2023-04-21 10:00,18.9,352.4,4,0,,,61.2,,.9
702,2023-04-21 11:00,20.3,349.8,2.7,0,,,54.6,,1.3
702,2023-04-21 12:00,21.3,317.7,2.7,0,,,49,,1.9
702,2023-04-21 13:00,22.7,309.3,3.3,0,,,46.7,,2.3
702,2023-04-21 14:00,24,302.9,2.1,0,,,42.1,,2.9
702,2023-04-21 15:00,23.4,249.5,6.4,0,,,39.1,,3.3
702,2023-04-21 16:00,23.2,237.2,5.8,0,,,39.9,,3.9
702,2023-04-21 17:00,23,233.8,5.3,0,,,37.3,,4.2
702,2023-04-21 18:00,20.1,213.8,4.6,0,,,41.4,,4.8
702,2023-04-21 19:00,18.5,213.6,2.7,0,,,44,,4.2
702,2023-04-21 20:00,15.5,136.8,1.5,0,,,52.3,,4.8
702,2023-04-21 21:00,13.6,170,1,0,,,59.5,,4.2
702,2023-04-21 22:00,12.9,135.6,1.5,0,,,62.1,,4.8
702,2023-04-21 23:00,13.3,118.5,.9,0,,,58,,4.2
702,2023-04-22 00:00,13.1,106.3,1.3,0,,,58.1,,4.8
702,2023-04-22 01:00,12.7,73.2,1.2,0,,,59.5,,0
702,2023-04-22 02:00,13.7,14.4,.5,0,,,52.4,,0
702,2023-04-22 03:00,13.8,69.2,1.6,0,,,56.6,,0
702,2023-04-22 04:00,14.5,46.8,2.1,0,,,44.2,,0
702,2023-04-22 05:00,14.5,352.1,.9,0,,,34.9,,0
702,2023-04-22 06:00,14.4,11.4,1.4,0,,,25.4,,0
702,2023-04-22 07:00,14.2,326.9,2,0,,,27.3,,.2
702,2023-04-22 08:00,14.8,340.8,2.7,0,,,25.9,,.8
702,2023-04-22 09:00,17.9,40.8,2.8,0,,,13.7,,1.2
702,2023-04-22 10:00,18.7,60.3,3.8,0,,,7.8,,1.8
702,2023-04-22 11:00,19.8,28.9,1.6,0,,,6.5,,2.2
702,2023-04-22 12:00,20.9,105.4,2.4,0,,,4.6,,2.8
702,2023-04-22 13:00,22.8,235.8,3.3,0,,,5.8,,3.2
702,2023-04-22 14:00,23.1,138.8,2.5,0,,,7.8,,3.8
702,2023-04-22 15:00,23.5,185.2,2.6,0,,,6.6,,4.2
702,2023-04-22 16:00,23.3,211,3.7,0,,,13.3,,4.5
702,2023-04-22 17:00,22.3,5.8,4.4,0,,,13.2,,4.7
702,2023-04-22 18:00,21.5,357.5,3.8,0,,,15,,4.5
702,2023-04-22 19:00,17.6,171.3,3.2,0,,,29.4,,4.7
702,2023-04-22 20:00,16.2,169,2.1,0,,,36.5,,4.5
702,2023-04-22 21:00,15,80.2,1.2,0,,,36.4,,4.7
702,2023-04-22 22:00,13.9,239.8,.7,0,,,42,,4.5
702,2023-04-22 23:00,13.4,355.6,1.2,0,,,41.6,,4.7
702,2023-04-23 00:00,9.5,0,.4,0,,,62.7,,4.5
702,2023-04-23 01:00,9.8,93.9,.6,0,,,66.9,,0
702,2023-04-23 02:00,11.3,37.8,.9,0,,,59.6,,0
702,2023-04-23 03:00,13,22.4,1.1,0,,,35.5,,0
702,2023-04-23 04:00,13,2.5,1,0,,,36.9,,0
702,2023-04-23 05:00,13.5,349.2,1.6,0,,,33.1,,0
702,2023-04-23 06:00,13.3,345.7,1.5,0,,,34.5,,0
702,2023-04-23 07:00,13.1,0,.4,0,,,42.3,,0
702,2023-04-23 08:00,14.8,334.6,1.1,0,,,33.1,,0
702,2023-04-23 09:00,15.9,55.4,1.4,0,,,28.1,,.5
702,2023-04-23 10:00,16.8,316,.7,0,,,25.4,,0
702,2023-04-23 11:00,18.1,294.4,1.8,0,,,23.2,,.6
702,2023-04-23 12:00,19.8,335.4,1.5,0,,,21.4,,.4
702,2023-04-23 13:00,20.9,348.1,1.3,0,,,15.1,,1.4
702,2023-04-23 14:00,21.2,295,2.8,0,,,15.2,,.4
702,2023-04-23 15:00,20.6,339.3,3.1,0,,,16.9,,1.4
702,2023-04-23 16:00,20.6,337.5,3.1,0,,,14.1,,.4
702,2023-04-23 17:00,20.6,330,2.9,0,,,15.1,,1.4
702,2023-04-23 18:00,18.6,297.2,3.2,0,,,23.5,,.4
702,2023-04-23 19:00,17.7,284,3.4,0,,,26.3,,1.4
702,2023-04-23 20:00,15.5,173,2.3,0,,,39.5,,.4
702,2023-04-23 21:00,14.3,145.5,1.1,0,,,44.2,,1.4
702,2023-04-23 22:00,13.9,0,.3,0,,,45,,.4
702,2023-04-23 23:00,13.7,0,.4,0,,,51.3,,1.4
702,2023-04-24 00:00,12.7,105.6,1.8,0,,,58.3,,.4
702,2023-04-24 01:00,13.3,5.8,.5,0,,,54.3,,0
702,2023-04-24 02:00,12.4,145.3,.9,0,,,60.2,,0
702,2023-04-24 03:00,11.8,0,.3,0,,,67.3,,0
702,2023-04-24 04:00,11.2,158.5,.8,0,,,67.6,,0
702,2023-04-24 05:00,11.2,114.2,1.1,0,,,69.2,,0
702,2023-04-24 06:00,11.3,0,0,0,,,71.5,,0
702,2023-04-24 07:00,11.6,142.2,1,0,,,72.5,,0
702,2023-04-24 08:00,13.1,239,.9,0,,,58.2,,0
702,2023-04-24 09:00,15.2,218.7,1.9,0,,,53.4,,.4
702,2023-04-24 10:00,17.1,214.1,4.1,0,,,38.7,,.1
702,2023-04-24 11:00,17.3,216.8,3.6,0,,,35.3,,.4
702,2023-04-24 12:00,18.2,220.8,2.1,0,,,31.6,,.9
702,2023-04-24 13:00,19.4,225.4,1.1,0,,,25.1,,1.2
702,2023-04-24 14:00,19.8,263.2,3.7,0,,,32.2,,1.7
702,2023-04-24 15:00,18.1,259.3,3,0,,,33.6,,1.2
702,2023-04-24 16:00,18.6,247.6,5,0,,,34.7,,2.1
702,2023-04-24 17:00,16.7,263.6,5,0,,,37.4,,1.2
702,2023-04-24 18:00,15.8,274.9,3.3,0,,,40.5,,2.1
702,2023-04-24 19:00,14.8,247.6,3.5,0,,,39.2,,1.2
702,2023-04-24 20:00,14,242.7,1.9,0,,,42.5,,2.1
702,2023-04-24 21:00,12.9,223.7,1.3,0,,,49,,1.2
702,2023-04-24 22:00,12.2,216.1,1.8,0,,,54,,2.1
702,2023-04-24 23:00,11.4,182.1,2,0,,,59.5,,1.2
702,2023-04-25 00:00,9.4,102.6,1.4,0,,,70.2,,2.1
702,2023-04-25 01:00,10.3,25.3,.7,0,,,66.7,,0
702,2023-04-25 02:00,9.3,156,.9,0,,,73.6,,0
702,2023-04-25 03:00,9.6,122.4,.6,0,,,73.9,,0
702,2023-04-25 04:00,10.7,0,.3,0,,,64.8,,0
702,2023-04-25 05:00,9.8,0,.3,0,,,74,,0
702,2023-04-25 06:00,10.7,81.8,1.9,0,,,63.8,,0
702,2023-04-25 07:00,10.6,94.7,.7,0,,,69.2,,0
702,2023-04-25 08:00,12,122.5,.8,0,,,45.4,,0
702,2023-04-25 09:00,11.8,47.5,4.6,0,,,41,,0
702,2023-04-25 10:00,11.4,42.3,4.2,0,,,44.8,,0
702,2023-04-25 11:00,11.5,5.9,3.1,0,,,50.8,,0
702,2023-04-25 12:00,11.3,359,3.3,0,,,58.2,,0
702,2023-04-25 13:00,10.9,29.1,2.7,0,,,65.7,,0
702,2023-04-25 14:00,10.4,337.7,2.4,.1,,,78.8,,0
702,2023-04-25 15:00,10.5,357.2,2.1,.3,,,80.9,,0
702,2023-04-25 16:00,10.2,339.8,1.6,.3,,,81.9,,0
702,2023-04-25 17:00,10,344.1,1.5,.5,,,84.8,,0
702,2023-04-25 18:00,10.1,345.6,1,.2,,,85.2,,0
702,2023-04-25 19:00,,,,.1,,,,,0
702,2023-04-25 20:00,9.9,341.5,1.5,0,,,82,,0
702,2023-04-25 21:00,9.8,347.5,.6,0,,,82.6,,0
702,2023-04-25 22:00,9.5,278.8,2.2,0,,,85.6,,0
702,2023-04-25 23:00,7.9,232.8,.6,0,,,92.8,,0
702,2023-04-26 00:00,6.7,0,.3,0,,,95.1,,0
702,2023-04-26 01:00,6.2,268.5,.6,0,,,95.7,,0
702,2023-04-26 02:00,5.4,0,.3,0,,,95.8,,0
702,2023-04-26 03:00,5.6,131.9,1.1,0,,,95.9,,0
702,2023-04-26 04:00,5.2,0,.1,0,,,95.9,,0
702,2023-04-26 05:00,5.5,130.4,.7,0,,,95.9,,0
702,2023-04-26 06:00,5.5,168,.5,0,,,95.9,,0
702,2023-04-26 07:00,6.3,128.6,.8,0,,,95.9,,.1
702,2023-04-26 08:00,8.7,192.2,2.6,0,,,95.9,,0
702,2023-04-26 09:00,9.3,207.4,2.7,0,,,90.9,,.2
702,2023-04-26 10:00,11.7,254,2.9,0,,,78.1,,.3
702,2023-04-26 11:00,12,249,7.5,0,,,54.8,,1.2
702,2023-04-26 12:00,12.8,248.5,7.6,0,,,50,,1.3
702,2023-04-26 13:00,12.3,259.4,5.1,0,,,52.6,,2.2
702,2023-04-26 14:00,12.3,262.2,6.2,0,,,47.6,,2.3
702,2023-04-26 15:00,12.3,258.2,6.5,0,,,45.9,,3.2
702,2023-04-26 16:00,12,248.2,6.8,0,,,48.2,,3.3
702,2023-04-26 17:00,11.2,259.7,6.3,0,,,48.4,,4.2
702,2023-04-26 18:00,10.2,250.7,6,0,,,53.4,,4.3
702,2023-04-26 19:00,9,267.7,3.9,0,,,57.6,,4.8
702,2023-04-26 20:00,8.2,279.8,3.1,0,,,60.1,,4.3
702,2023-04-26 21:00,7.4,279.3,.9,0,,,65,,4.8
702,2023-04-26 22:00,4.6,243.1,.7,0,,,78.3,,4.3
702,2023-04-26 23:00,3.5,95.7,1.1,0,,,84.2,,4.8
702,2023-04-27 00:00,3.9,0,.4,0,,,89.9,,4.3
702,2023-04-27 01:00,2,86.8,1.9,0,,,89,,0
702,2023-04-27 02:00,2.8,51.8,.8,0,,,94.1,,0
702,2023-04-27 03:00,2.9,64.3,1.3,0,,,93.9,,0
702,2023-04-27 04:00,3,36.5,1.2,0,,,94.8,,0
702,2023-04-27 05:00,1.7,214.2,.5,0,,,95.5,,0
702,2023-04-27 06:00,1.4,0,.3,0,,,95.9,,0
702,2023-04-27 07:00,3.7,69.5,.8,0,,,95.2,,.6
702,2023-04-27 08:00,6.6,117.1,1,0,,,78.1,,1
702,2023-04-27 09:00,8.6,307.1,.8,0,,,67.6,,1.6
702,2023-04-27 10:00,11.3,178.6,1,0,,,54.4,,2
702,2023-04-27 11:00,14.1,210.4,1.9,0,,,45.8,,2.7
702,2023-04-27 12:00,17.8,276.6,1.5,0,,,31.2,,3
702,2023-04-27 13:00,19.4,224.3,1.5,0,,,28.3,,3.7
702,2023-04-27 14:00,21.6,216.1,2.9,0,,,24.4,,4
702,2023-04-27 15:00,20.9,258,4.4,0,,,29.1,,4.7
702,2023-04-27 16:00,19.4,263.3,4.6,0,,,33.6,,4.9
702,2023-04-27 17:00,17.9,271.2,5.2,0,,,33.5,,5.7
702,2023-04-27 18:00,16.6,254.7,4,0,,,43.8,,5.9
702,2023-04-27 19:00,14.8,234,2.9,0,,,42.7,,6.2
702,2023-04-27 20:00,12.9,278.5,1,0,,,48.2,,5.9
702,2023-04-27 21:00,10.6,0,0,0,,,60.4,,6.2
702,2023-04-27 22:00,9.9,60.5,.6,0,,,66.8,,5.9
702,2023-04-27 23:00,8.6,0,.4,0,,,75.6,,6.2
702,2023-04-28 00:00,7.9,41.2,1.2,0,,,77.4,,5.9
702,2023-04-28 01:00,7.5,242.6,.9,0,,,82.6,,0
702,2023-04-28 02:00,7.1,19.4,.6,0,,,84.4,,0
702,2023-04-28 03:00,6,17.2,.7,0,,,85.6,,0
702,2023-04-28 04:00,4.4,216.8,.5,0,,,92.3,,0
702,2023-04-28 05:00,3.5,76.3,.6,0,,,94.1,,0
702,2023-04-28 06:00,5.2,31.6,.9,0,,,93.4,,.1
702,2023-04-28 07:00,8.8,31.4,1.3,0,,,81.4,,1
702,2023-04-28 08:00,12.3,98.7,1.5,0,,,65.7,,1.1
702,2023-04-28 09:00,14.6,153.3,1.8,0,,,48,,2
702,2023-04-28 10:00,17.7,163.4,2.7,0,,,34.3,,2.1
702,2023-04-28 11:00,20.6,207.1,3.5,0,,,22,,3
702,2023-04-28 12:00,21.4,219.8,3.2,0,,,31.3,,3.1
702,2023-04-28 13:00,21.9,227.3,1.7,0,,,33.4,,3.8
702,2023-04-28 14:00,22.2,207.9,3.7,0,,,36.7,,3.4
702,2023-04-28 15:00,22.2,240.5,3.5,0,,,40.1,,3.9
702,2023-04-28 16:00,22.6,213.4,3.9,0,,,40.3,,4
702,2023-04-28 17:00,22.4,220.6,4.8,0,,,45.3,,4.3
702,2023-04-28 18:00,21.2,214.1,4.4,0,,,48.2,,4
702,2023-04-28 19:00,20.3,177,2.5,0,,,51,,4.3
702,2023-04-28 20:00,19.6,141,2.4,0,,,54.4,,4
702,2023-04-28 21:00,18.9,134.4,3.9,0,,,57,,4.3
702,2023-04-28 22:00,16.6,114.4,.5,0,,,66.1,,4
702,2023-04-28 23:00,17.4,95.3,.8,0,,,63.5,,4.3
702,2023-04-29 00:00,17,170.7,1.2,0,,,66.1,,4
702,2023-04-29 01:00,17.1,0,.2,0,,,67.1,,0
702,2023-04-29 02:00,17.6,79,.9,0,,,68.8,,0
702,2023-04-29 03:00,17.1,123.2,1,0,,,71.6,,0
702,2023-04-29 04:00,16.7,344,.7,.2,,,90.2,,0
702,2023-04-29 05:00,15.9,0,.3,2.1,,,95.1,,0
702,2023-04-29 06:00,15.9,105.2,1.2,.1,,,95.9,,0
702,2023-04-29 07:00,16.3,0,.4,0,,,95.7,,0
702,2023-04-29 08:00,16.8,135.1,1.7,0,,,95.8,,0
702,2023-04-29 09:00,17.5,213.1,2,0,,,94.6,,0
702,2023-04-29 10:00,19.3,194,4.6,0,,,84.6,,0
702,2023-04-29 11:00,15.9,249.4,8,0,,,93.5,,0
702,2023-04-29 12:00,14.3,247.4,6.7,.2,,,95.8,,0
702,2023-04-29 13:00,13.8,246.1,2.9,1.1,,,95,,0
702,2023-04-29 14:00,14,215.4,3.5,.6,,,93.2,,0
702,2023-04-29 15:00,12.6,264.1,4,.1,,,92.9,,0
702,2023-04-29 16:00,12.9,250.3,5.2,0,,,84.1,,0
702,2023-04-29 17:00,13.4,274.1,2.9,0,,,71.7,,0
702,2023-04-29 18:00,13,269.8,3.6,0,,,68.3,,0
702,2023-04-29 19:00,12.1,257.7,3.9,0,,,74.3,,0
702,2023-04-29 20:00,11.9,232.3,3.9,0,,,80,,0
702,2023-04-29 21:00,10.3,269.1,5.8,0,,,69.2,,0
702,2023-04-29 22:00,10.2,262.2,2.7,0,,,67.1,,0
702,2023-04-29 23:00,10,272.1,2.9,0,,,67.9,,0
702,2023-04-30 00:00,9.9,254.5,2.7,0,,,70,,0
702,2023-04-30 01:00,9.6,250.9,3.1,0,,,73,,0
702,2023-04-30 02:00,9.7,259,3,0,,,70.7,,0
702,2023-04-30 03:00,8,195.6,1.3,0,,,78.8,,0
702,2023-04-30 04:00,5.8,0,.3,0,,,90.1,,0
702,2023-04-30 05:00,5.9,248.5,.8,0,,,93.2,,0
702,2023-04-30 06:00,5.2,0,.2,0,,,94.8,,0
702,2023-04-30 07:00,7.3,90,.8,0,,,92,,.8
702,2023-04-30 08:00,9.9,143.1,1.5,0,,,79.3,,1
702,2023-04-30 09:00,11.8,186.5,3.1,0,,,68.8,,1.8
702,2023-04-30 10:00,13.9,200.7,2.2,0,,,60.9,,2
702,2023-04-30 11:00,15.3,205.2,2.8,0,,,51.3,,2.8
702,2023-04-30 12:00,16.9,225.9,2.5,0,,,37,,3
702,2023-04-30 13:00,18.9,227.6,3,0,,,29.5,,3.8
702,2023-04-30 14:00,19.6,230.8,6.7,0,,,25,,4
702,2023-04-30 15:00,19,246.6,6.6,0,,,31.5,,4.8
702,2023-04-30 16:00,19,247.9,7.4,0,,,29.1,,5
702,2023-04-30 17:00,18.4,229.9,7.6,0,,,33.5,,5.7
702,2023-04-30 18:00,17.6,235.7,5.5,0,,,37,,6
702,2023-04-30 19:00,15.3,183.1,1.8,0,,,47.4,,5.9
702,2023-04-30 20:00,13.7,222.6,1.7,0,,,57.6,,6
702,2023-04-30 21:00,13,233.2,2.4,0,,,58.1,,5.9
702,2023-04-30 22:00,12.4,222.1,2.1,0,,,65,,6
702,2023-04-30 23:00,10.8,159.6,1.1,0,,,74.1,,5.9
702,2023-05-01 00:00,11.8,224.3,2.1,0,,,69.8,,6
702,2023-05-01 01:00,12.4,226,3.6,0,,,74.6,,0
702,2023-05-01 02:00,11.7,233.7,3.1,0,,,80.5,,0
702,2023-05-01 03:00,10.3,203.6,2,0,,,87.6,,0
702,2023-05-01 04:00,10.5,211.2,2,0,,,88.6,,0
702,2023-05-01 05:00,7.3,121.2,1.7,0,,,94.8,,0
702,2023-05-01 06:00,7.5,0,.1,0,,,95.7,,0
702,2023-05-01 07:00,9.5,248.1,.6,0,,,95.9,,0
702,2023-05-01 08:00,11.6,190.9,1.2,0,,,87.2,,.6
702,2023-05-01 09:00,13.9,176.4,1.8,0,,,66.9,,1
702,2023-05-01 10:00,15.8,229.3,2.5,0,,,42.8,,1.6
702,2023-05-01 11:00,17.5,265.1,2.4,0,,,31.6,,2
702,2023-05-01 12:00,18.7,287.7,3,0,,,24.4,,2.6
702,2023-05-01 13:00,19.1,310.5,2.3,0,,,25.2,,3
702,2023-05-01 14:00,19.8,30.8,3.2,0,,,22.2,,3.3
702,2023-05-01 15:00,21,16.6,1.9,0,,,18.4,,4
702,2023-05-01 16:00,21.6,327.4,2.1,0,,,18.8,,4.3
702,2023-05-01 17:00,21.5,322.9,2.5,0,,,18.4,,5
702,2023-05-01 18:00,20.8,250.7,3.2,0,,,30.9,,5.3
702,2023-05-01 19:00,18.3,266.7,3.9,0,,,40.1,,5.6
702,2023-05-01 20:00,16.4,267.1,2.8,0,,,39.2,,5.3
702,2023-05-01 21:00,11.7,131.1,1.9,0,,,67,,5.6
702,2023-05-01 22:00,11.9,89.4,.8,0,,,71.7,,5.3
702,2023-05-01 23:00,12,57.4,2,0,,,67.9,,5.6
702,2023-05-02 00:00,10.6,56.9,.8,0,,,71.4,,5.3
702,2023-05-02 01:00,9.8,24.3,.9,0,,,73.7,,0
702,2023-05-02 02:00,8.2,63.8,.9,0,,,81.6,,0
702,2023-05-02 03:00,5.9,0,.1,0,,,89.1,,0
702,2023-05-02 04:00,6.9,34.6,1.4,0,,,85.6,,0
702,2023-05-02 05:00,8.9,45.7,1.5,0,,,72.8,,0
702,2023-05-02 06:00,8.9,41.3,1.6,0,,,72,,0
702,2023-05-02 07:00,11.1,32.8,1.3,0,,,65.6,,0
702,2023-05-02 08:00,14.3,31.5,1.7,0,,,48.8,,.6
702,2023-05-02 09:00,18,72.5,1.6,0,,,37.3,,1
702,2023-05-02 10:00,21.2,113.9,.9,0,,,24.2,,1.6
702,2023-05-02 11:00,22.3,234.9,2.6,0,,,16.6,,2
702,2023-05-02 12:00,22.7,295.2,2.5,0,,,20.2,,2.6
702,2023-05-02 13:00,24,128,1.9,0,,,18.4,,3
702,2023-05-02 14:00,25.5,31,1.2,0,,,16.1,,3.6
702,2023-05-02 15:00,25.5,308.4,2.1,0,,,18.7,,4
702,2023-05-02 16:00,25.4,323.6,1.9,0,,,14.9,,4.4
702,2023-05-02 17:00,24.9,277,2.2,0,,,18.2,,4.6
702,2023-05-02 18:00,23.5,276.8,4.1,0,,,24,,4.6
702,2023-05-02 19:00,20.9,272.5,4.6,0,,,27.7,,4.6
702,2023-05-02 20:00,19.3,297.9,1.9,0,,,35.1,,4.6
702,2023-05-02 21:00,14.8,114.8,2.4,0,,,54.3,,4.6
702,2023-05-02 22:00,15.2,0,0,0,,,59.7,,4.6
702,2023-05-02 23:00,13.5,0,.4,0,,,68.1,,4.6
702,2023-05-03 00:00,11.9,0,.3,0,,,68.4,,4.6
702,2023-05-03 01:00,12.8,0,.1,0,,,67.6,,0
702,2023-05-03 02:00,14.4,30.6,1.3,0,,,52.1,,0
702,2023-05-03 03:00,10.8,277.4,1.1,0,,,68.6,,0
702,2023-05-03 04:00,10.6,110.2,2.2,0,,,76.4,,0
702,2023-05-03 05:00,11.1,100.3,.8,0,,,70.1,,0
702,2023-05-03 06:00,10.9,0,.1,0,,,73.8,,0
702,2023-05-03 07:00,13.1,66.6,1.4,0,,,65.7,,.1
702,2023-05-03 08:00,15.8,111,2,0,,,54.3,,.4
702,2023-05-03 09:00,18.7,97.5,3.3,0,,,37,,1.1
702,2023-05-03 10:00,21.1,140.5,3,0,,,26.3,,1.4
702,2023-05-03 11:00,21.9,132.7,3.7,0,,,30.9,,2
702,2023-05-03 12:00,23.6,183.7,3.1,0,,,29.8,,2.1
702,2023-05-03 13:00,23.9,180.3,1.5,0,,,33.2,,2.7
702,2023-05-03 14:00,24,181,3.5,0,,,38,,2.5
702,2023-05-03 15:00,24.2,183.4,3.6,0,,,39.6,,2.7
702,2023-05-03 16:00,23.3,184.3,4.2,0,,,42.7,,2.5
702,2023-05-03 17:00,22.9,157.5,3,0,,,44.6,,2.7
702,2023-05-03 18:00,21.8,139.7,2.7,0,,,49.9,,2.5
702,2023-05-03 19:00,20.5,152.6,2.2,0,,,55.8,,2.7
702,2023-05-03 20:00,19.6,143.5,2.3,0,,,60.5,,2.5
702,2023-05-03 21:00,18.3,152.2,1.5,0,,,63,,2.7
702,2023-05-03 22:00,17.2,121.5,2.7,0,,,67.5,,2.5
702,2023-05-03 23:00,17.4,119.9,4,0,,,63,,2.7
702,2023-05-04 00:00,16.3,108.9,2,0,,,68.1,,2.5
702,2023-05-04 01:00,16.7,127,2.6,0,,,64.6,,0
702,2023-05-04 02:00,17.7,127.8,3.3,0,,,61.6,,0
702,2023-05-04 03:00,17.4,102,2.2,0,,,62.7,,0
702,2023-05-04 04:00,17.5,95.5,1.6,0,,,61,,0
702,2023-05-04 05:00,17.2,74.3,2.2,0,,,61.4,,0
702,2023-05-04 06:00,17.4,94.6,2.9,0,,,63.1,,0
702,2023-05-04 07:00,18.3,103.3,3.4,0,,,61.1,,0
702,2023-05-04 08:00,19.7,103.3,3.5,0,,,58,,.2
702,2023-05-04 09:00,21.5,122.8,5.4,0,,,51.8,,.9
702,2023-05-04 10:00,22.5,139.2,6.8,0,,,48.6,,1.2
702,2023-05-04 11:00,23.6,124.7,7.2,0,,,44.8,,1.9
702,2023-05-04 12:00,24.2,134.3,4.9,0,,,45.1,,1.7
702,2023-05-04 13:00,24,130.6,7.2,0,,,43.7,,2.9
702,2023-05-04 14:00,23.9,128.2,6.8,0,,,43.5,,2.5
702,2023-05-04 15:00,22.3,144.2,5.6,0,,,50.7,,3.1
702,2023-05-04 16:00,22.5,133.5,6.5,0,,,50.5,,2.8
702,2023-05-04 17:00,21.9,146.7,6.1,0,,,53.4,,3.1
702,2023-05-04 18:00,20.8,137.2,8.5,0,,,57.4,,2.8
702,2023-05-04 19:00,20.3,135.6,6.6,0,,,61.3,,3.1
702,2023-05-04 20:00,19.4,114,4.5,0,,,66.8,,2.8
702,2023-05-04 21:00,19.4,126,7.9,0,,,72.3,,3.1
702,2023-05-04 22:00,18,99.7,5.2,1.2,,,84.4,,2.8
702,2023-05-04 23:00,19.4,127,7.7,0,,,74.5,,3.1
702,2023-05-05 00:00,18.9,121.3,7.2,2.2,,,81.3,,2.8
702,2023-05-05 01:00,19.6,125.8,6.5,.1,,,77.2,,0
702,2023-05-05 02:00,20,125.3,7.5,0,,,75.2,,0
702,2023-05-05 03:00,19.4,137.1,6.3,3.7,,,82,,0
702,2023-05-05 04:00,20,129.2,6.7,0,,,75.4,,0
702,2023-05-05 05:00,20.1,127,7,0,,,75.5,,0
702,2023-05-05 06:00,18.8,134.3,6.2,9.5,,,91.9,,0
702,2023-05-05 07:00,18.7,100.8,4,4.8,,,94.2,,0
702,2023-05-05 08:00,20.4,130.8,4.6,.2,,,78.9,,0
702,2023-05-05 09:00,20.7,141.6,3.2,0,,,79.2,,0
702,2023-05-05 10:00,20.9,127.8,4.3,.1,,,81.9,,0
702,2023-05-05 11:00,20.4,134.2,3,2.1,,,94.2,,0
702,2023-05-05 12:00,21.1,164.1,3.1,2.6,,,95.9,,0
702,2023-05-05 13:00,20.8,139.6,2.9,11.3,,,95.9,,0
702,2023-05-05 14:00,20.9,192.9,2,14.4,,,95.9,,0
702,2023-05-05 15:00,21,122.5,2.2,15.1,,,95.9,,0
702,2023-05-05 16:00,20.9,87.1,2,6.1,,,95.9,,0
702,2023-05-05 17:00,21.1,135.1,2,3.4,,,95.9,,0
702,2023-05-05 18:00,21,166.9,3,4.9,,,95.9,,0
702,2023-05-05 19:00,20.5,187.7,3.3,17.1,,,95.9,,0
702,2023-05-05 20:00,20.3,102.4,1.8,14.5,,,95.9,,0
702,2023-05-05 21:00,20.2,49.5,2.1,14.5,,,95.9,,0
702,2023-05-05 22:00,20.3,59.8,2.6,1,,,95.7,,0
702,2023-05-05 23:00,20.4,90.5,2.2,0,,,94.8,,0
702,2023-05-06 00:00,20.3,119,1.7,.4,,,95.9,,0
702,2023-05-06 01:00,20.3,56.7,1.3,.9,,,95.9,,0
702,2023-05-06 02:00,20.2,101.9,1.4,.2,,,95.8,,0
702,2023-05-06 03:00,20.2,180.2,.8,.1,,,95.6,,0
702,2023-05-06 04:00,20.2,170.7,1.3,1.6,,,95.9,,0
702,2023-05-06 05:00,20.1,104.8,1.5,.2,,,95.9,,0
702,2023-05-06 06:00,20,257.2,.8,.2,,,95.9,,0
702,2023-05-06 07:00,18.6,227.4,5.7,1.6,,,95.9,,0
702,2023-05-06 08:00,17.1,230.4,5.5,.7,,,93.5,,0
702,2023-05-06 09:00,16.8,224.4,5.5,0,,,87.4,,0
702,2023-05-06 10:00,16.1,215.7,5.3,0,,,91.9,,0
702,2023-05-06 11:00,15.9,248.3,3.4,0,,,94.2,,0
702,2023-05-06 12:00,15.8,226.1,2.4,1.4,,,94.5,,0
702,2023-05-06 13:00,15.7,350.1,2,9.3,,,95.9,,0
702,2023-05-06 14:00,16,319.7,2.3,3.5,,,95.5,,0
702,2023-05-06 15:00,16,337.9,2.7,.3,,,94.4,,0
702,2023-05-06 16:00,15.7,17.1,2.2,.2,,,93,,0
702,2023-05-06 17:00,15.3,33.4,4.7,1,,,89,,0
702,2023-05-06 18:00,15.3,23.2,3.3,.1,,,86.3,,0
702,2023-05-06 19:00,15.3,38.2,4.6,0,,,79.1,,0
702,2023-05-06 20:00,15.2,39.7,5,0,,,75.3,,0
702,2023-05-06 21:00,15.1,38.2,4.3,0,,,75.5,,0
702,2023-05-06 22:00,15.1,38.3,4.4,0,,,72.2,,0
702,2023-05-06 23:00,14.8,23.6,2.8,0,,,71.5,,0
702,2023-05-07 00:00,14.2,352.8,3.1,0,,,77.5,,0
702,2023-05-07 01:00,13,9.4,3.6,.1,,,91,,0
702,2023-05-07 02:00,12.7,17.6,3,.8,,,92.7,,0
702,2023-05-07 03:00,12.5,357.1,2.1,.3,,,93.8,,0
702,2023-05-07 04:00,12.3,355.4,2.6,.3,,,94.2,,0
702,2023-05-07 05:00,12.5,336.2,2.6,.1,,,83,,0
702,2023-05-07 06:00,12.9,13.2,2.3,0,,,78.2,,0
702,2023-05-07 07:00,13.3,2.5,2.8,0,,,72.4,,0
702,2023-05-07 08:00,14.2,33.2,3.3,0,,,65.2,,0
702,2023-05-07 09:00,14.3,5.3,3.5,0,,,57.3,,0
702,2023-05-07 10:00,14.2,29.9,3.5,0,,,56.4,,0
702,2023-05-07 11:00,14.4,28.8,3.6,0,,,49.7,,0
702,2023-05-07 12:00,14.8,36.2,4.2,0,,,47.4,,0
702,2023-05-07 13:00,14.3,76.6,6.7,0,,,51.1,,0
702,2023-05-07 14:00,15.1,93.9,4.8,0,,,59.5,,0
702,2023-05-07 15:00,16,214.6,.9,0,,,56.7,,0
702,2023-05-07 16:00,15.8,58,6.7,0,,,44.4,,0
702,2023-05-07 17:00,15.2,40.4,5.8,0,,,45.6,,0
702,2023-05-07 18:00,15,27.6,4.5,0,,,41.5,,0
702,2023-05-07 19:00,14.4,35.2,4,0,,,41.8,,.4
702,2023-05-07 20:00,13.2,11.3,1.7,0,,,49.7,,0
702,2023-05-07 21:00,12,35.2,1.2,0,,,57.5,,.4
702,2023-05-07 22:00,11.7,344.4,1.4,0,,,62.2,,0
702,2023-05-07 23:00,10.7,355.3,1.7,0,,,65.2,,.4
702,2023-05-08 00:00,8.6,72.6,.6,0,,,87,,0
702,2023-05-08 01:00,8.3,247.9,.5,0,,,89.2,,0
702,2023-05-08 02:00,8.1,111.1,1.7,0,,,86.5,,0
702,2023-05-08 03:00,7.1,0,0,0,,,91.9,,0
702,2023-05-08 04:00,6.6,343.4,.6,0,,,94.4,,0
702,2023-05-08 05:00,6.4,56.9,1.6,0,,,90.9,,0
702,2023-05-08 06:00,6.7,33.4,1.3,0,,,91.2,,.2
702,2023-05-08 07:00,7.7,224.2,1.1,0,,,89,,1
702,2023-05-08 08:00,9.8,164.5,1.1,0,,,79.4,,1.2
702,2023-05-08 09:00,14.1,228.4,.5,0,,,58.3,,2
702,2023-05-08 10:00,16.2,299.1,1.9,0,,,45.4,,2.2
702,2023-05-08 11:00,17.9,302.8,1.9,0,,,42.7,,3
702,2023-05-08 12:00,19.3,328.4,1.9,0,,,28.3,,3.2
702,2023-05-08 13:00,20.3,297.4,3.9,0,,,26.3,,4
702,2023-05-08 14:00,20.7,297.4,3.6,0,,,23.5,,4.2
702,2023-05-08 15:00,20.2,259.3,5.5,0,,,39.1,,5
702,2023-05-08 16:00,20.2,255.5,6,0,,,40.6,,5.2
702,2023-05-08 17:00,19,265.4,5.3,0,,,41,,6
702,2023-05-08 18:00,18.5,275.6,4,0,,,35,,6.2
702,2023-05-08 19:00,16,215.7,2.8,0,,,52.8,,6.2
702,2023-05-08 20:00,14.3,198.6,1.8,0,,,58.3,,6.2
702,2023-05-08 21:00,13.2,179,.7,0,,,70.7,,6.2
702,2023-05-08 22:00,11.9,0,.4,0,,,76.4,,6.2
702,2023-05-08 23:00,11.1,0,.1,0,,,81.3,,6.2
702,2023-05-09 00:00,10.2,0,0,0,,,80.9,,6.2
702,2023-05-09 01:00,9.4,115.1,1.1,0,,,92,,0
702,2023-05-09 02:00,9,35.6,1.2,0,,,90.2,,0
702,2023-05-09 03:00,8.8,51.8,1.3,0,,,88,,0
702,2023-05-09 04:00,7.5,132.2,.9,0,,,94.5,,0
702,2023-05-09 05:00,7.4,37.7,.8,0,,,93.7,,0
702,2023-05-09 06:00,7.5,0,.2,0,,,92.5,,.2
702,2023-05-09 07:00,8.5,164.5,.7,0,,,85.9,,1
702,2023-05-09 08:00,10.8,132.5,1.4,0,,,73.4,,1.2
702,2023-05-09 09:00,13.7,214.6,1.2,0,,,67.6,,2
702,2023-05-09 10:00,16.2,189.2,1.9,0,,,59,,2.2
702,2023-05-09 11:00,18.3,218.3,2.8,0,,,44.1,,3
702,2023-05-09 12:00,20.1,218.3,3,0,,,44.3,,3.2
702,2023-05-09 13:00,22,229.7,3.6,0,,,32.6,,4
702,2023-05-09 14:00,22,223.7,4.4,0,,,35.6,,4.2
702,2023-05-09 15:00,20.3,237.8,5.8,0,,,38.9,,4.8
702,2023-05-09 16:00,20,250.1,5.1,0,,,35.9,,5.1
702,2023-05-09 17:00,19.8,259.4,5.6,0,,,35.4,,5.8
702,2023-05-09 18:00,18.8,245.3,4.5,0,,,38.1,,6.1
702,2023-05-09 19:00,17.3,217.2,2.7,0,,,50.4,,6.5
702,2023-05-09 20:00,15.3,222,2.4,0,,,60.7,,6.1
702,2023-05-09 21:00,13.9,184.4,1.9,0,,,68.4,,6.5
702,2023-05-09 22:00,12.9,43.4,.5,0,,,81.7,,6.1
702,2023-05-09 23:00,11.5,148.9,.8,0,,,90.9,,6.5
702,2023-05-10 00:00,11,95.9,1.1,0,,,91.2,,6.1
702,2023-05-10 01:00,10.4,0,.4,0,,,92.2,,0
702,2023-05-10 02:00,10.7,0,.4,0,,,88.7,,0
702,2023-05-10 03:00,10.2,0,.2,0,,,90.7,,0
702,2023-05-10 04:00,10.1,60.3,1.1,0,,,92.5,,0
702,2023-05-10 05:00,9.8,0,.1,0,,,92.6,,0
702,2023-05-10 06:00,9.4,55.3,.6,0,,,91.9,,0
702,2023-05-10 07:00,11.2,66.2,.8,0,,,78.3,,.8
702,2023-05-10 08:00,12.6,0,.1,0,,,75.4,,.6
702,2023-05-10 09:00,15.1,104.6,1.4,0,,,66.2,,1.1
702,2023-05-10 10:00,16.8,116.6,1.1,0,,,58.3,,1
702,2023-05-10 11:00,18.8,233.2,1.6,0,,,51.7,,1.9
702,2023-05-10 12:00,21.2,315,.7,0,,,38.1,,2
702,2023-05-10 13:00,21.9,330.5,2.6,0,,,30.1,,2.8
702,2023-05-10 14:00,23.1,274.2,3.1,0,,,27.7,,3
702,2023-05-10 15:00,24.3,295.8,2.8,0,,,27.5,,3.8
702,2023-05-10 16:00,25,326.2,2.4,0,,,18.3,,4.1
702,2023-05-10 17:00,22.7,293.3,4.6,0,,,35.4,,4.8
702,2023-05-10 18:00,21.7,268.5,3.5,0,,,44.1,,5
702,2023-05-10 19:00,19.3,223.4,2.4,0,,,51.3,,4.9
702,2023-05-10 20:00,16.9,202.9,2.5,0,,,57,,5
702,2023-05-10 21:00,15.1,187.1,1,0,,,65.7,,4.9
702,2023-05-10 22:00,14.1,0,.4,0,,,76.6,,5
702,2023-05-10 23:00,13.6,88.5,1.2,0,,,78.4,,4.9
702,2023-05-11 00:00,13,30,.6,0,,,83,,5
702,2023-05-11 01:00,11.8,0,.3,0,,,90.7,,0
702,2023-05-11 02:00,11.7,0,0,0,,,90.9,,0
702,2023-05-11 03:00,11,60.5,.7,0,,,91.8,,0
702,2023-05-11 04:00,10.5,0,0,0,,,94.7,,0
702,2023-05-11 05:00,10.4,35.1,1.2,0,,,90.7,,0
702,2023-05-11 06:00,10.2,0,.3,0,,,90.7,,0
702,2023-05-11 07:00,11.8,82.2,1.1,0,,,79.5,,.9
702,2023-05-11 08:00,15.3,0,.4,0,,,69.2,,1.1
702,2023-05-11 09:00,17.6,342,1.5,0,,,57.4,,1.9
702,2023-05-11 10:00,19.8,309.8,1.7,0,,,46.2,,2
702,2023-05-11 11:00,22.2,300.7,1.7,0,,,31.1,,3
702,2023-05-11 12:00,25,358,.9,0,,,27.1,,3
702,2023-05-11 13:00,26.1,236.2,2.2,0,,,21.4,,4
702,2023-05-11 14:00,25.9,219,3.5,0,,,19.3,,4
702,2023-05-11 15:00,25.7,287.8,2.8,0,,,18.9,,4.8
702,2023-05-11 16:00,24.8,262.6,5.1,0,,,21.1,,4.7
702,2023-05-11 17:00,23.7,254.9,4.6,0,,,29.1,,5.5
702,2023-05-11 18:00,22.2,250.4,4.8,0,,,28.7,,5.7
702,2023-05-11 19:00,19.4,215.6,3.4,0,,,40.2,,6.3
702,2023-05-11 20:00,16.5,221.1,3.8,0,,,59.3,,5.6
702,2023-05-11 21:00,15.9,226.6,2.8,0,,,53.3,,6.3
702,2023-05-11 22:00,15,120.2,.6,0,,,67.8,,5.6
702,2023-05-11 23:00,14.5,114.8,.8,0,,,65.4,,6.3
702,2023-05-12 00:00,13.3,0,.3,0,,,76.8,,5.6
702,2023-05-12 01:00,12.5,0,0,0,,,81,,0
702,2023-05-12 02:00,11.8,90.3,.7,0,,,85,,0
702,2023-05-12 03:00,11.5,26.6,.6,0,,,90.6,,0
702,2023-05-12 04:00,11.1,70.1,1,0,,,92.2,,0
702,2023-05-12 05:00,11.7,71.3,1.3,0,,,77.7,,0
702,2023-05-12 06:00,11.9,0,.3,0,,,76.4,,0
702,2023-05-12 07:00,12.5,62.2,.5,0,,,79,,0
702,2023-05-12 08:00,16.2,45.4,.5,0,,,64.4,,.2
702,2023-05-12 09:00,17.8,0,.3,0,,,53.3,,.4
702,2023-05-12 10:00,20.8,295.3,.5,0,,,42,,.4
702,2023-05-12 11:00,22.3,345.4,1.1,0,,,28.3,,.6
702,2023-05-12 12:00,22.2,307.9,2.4,0,,,29.4,,.5
702,2023-05-12 13:00,22.9,321.1,3,0,,,25.3,,1.4
702,2023-05-12 14:00,23.6,297,2.5,0,,,26.7,,.9
702,2023-05-12 15:00,24.1,262.6,3,0,,,27.3,,2.2
702,2023-05-12 16:00,22.2,257.1,5.3,0,,,28.5,,1.1
702,2023-05-12 17:00,19.1,250.2,6.9,0,,,47.4,,2.3
702,2023-05-12 18:00,18.1,254.5,4.5,0,,,46.6,,1.1
702,2023-05-12 19:00,17.7,229.4,2.7,0,,,57.9,,2.3
702,2023-05-12 20:00,17.5,255.3,2.9,0,,,53.5,,1.1
702,2023-05-12 21:00,17,245.4,2.4,0,,,66.3,,2.3
702,2023-05-12 22:00,16.4,206.3,1.2,0,,,73.8,,1.1
702,2023-05-12 23:00,16,105.5,.7,0,,,81,,2.3
702,2023-05-13 00:00,15.6,192.6,1,0,,,84.1,,1.1
702,2023-05-13 01:00,15.8,234.4,.7,0,,,83.2,,0
702,2023-05-13 02:00,15.3,65.5,1.1,0,,,88.9,,0
702,2023-05-13 03:00,15,54.9,1.3,0,,,78.8,,0
702,2023-05-13 04:00,14.3,52.7,.9,0,,,79.6,,0
702,2023-05-13 05:00,13.9,16.6,.6,0,,,81.8,,0
702,2023-05-13 06:00,12.9,97.7,.5,0,,,90,,0
702,2023-05-13 07:00,14.6,80.2,.8,0,,,83.2,,.8
702,2023-05-13 08:00,16.3,170,.9,0,,,78.2,,1
702,2023-05-13 09:00,18.3,154.9,.8,0,,,63.8,,1.8
702,2023-05-13 10:00,19.4,147.7,1.4,0,,,50.7,,2
702,2023-05-13 11:00,20.5,348,2.4,0,,,46.2,,2.8
702,2023-05-13 12:00,21,289,2.6,0,,,48.2,,3
702,2023-05-13 13:00,21.9,301.8,2.2,0,,,41.4,,3.8
702,2023-05-13 14:00,22.2,318.4,3.5,0,,,43,,3.9
702,2023-05-13 15:00,22.1,249.4,5.8,0,,,55.7,,4.8
702,2023-05-13 16:00,21.6,271.5,5.5,0,,,52,,4.9
702,2023-05-13 17:00,21,259.6,6.1,0,,,50.9,,5.8
702,2023-05-13 18:00,18.9,256.4,5.8,0,,,56,,5.9
702,2023-05-13 19:00,18.3,251.1,3.4,0,,,57.1,,6.3
702,2023-05-13 20:00,16.7,212.3,3.5,0,,,64.6,,5.9
702,2023-05-13 21:00,15.6,225.3,3.6,0,,,67,,6.3
702,2023-05-13 22:00,14.1,172.1,1.8,0,,,75.2,,5.9
702,2023-05-13 23:00,13.2,107.3,1.1,0,,,85,,6.3
702,2023-05-14 00:00,13,116.4,.9,0,,,87.9,,5.9
702,2023-05-14 01:00,12.6,49.9,1.1,0,,,88.9,,0
702,2023-05-14 02:00,11.8,96.1,.6,0,,,92.7,,0
702,2023-05-14 03:00,11.4,59.9,.5,0,,,92.1,,0
702,2023-05-14 04:00,11.5,0,.2,0,,,92.5,,0
702,2023-05-14 05:00,10.8,0,.2,0,,,95,,0
702,2023-05-14 06:00,10.3,62.1,1.8,0,,,95.6,,.1
702,2023-05-14 07:00,12.6,73.6,.9,0,,,88,,1
702,2023-05-14 08:00,15.1,84.2,.5,0,,,72.9,,1.1
702,2023-05-14 09:00,17.3,0,.4,0,,,58.6,,2
702,2023-05-14 10:00,19.6,96.3,1.2,0,,,53.2,,2.1
702,2023-05-14 11:00,21.7,189.2,1.1,0,,,39.7,,3
702,2023-05-14 12:00,23.5,143.7,1.2,0,,,22.2,,3.1
702,2023-05-14 13:00,23.9,326.8,2.3,0,,,20.3,,4
702,2023-05-14 14:00,24.1,230.3,2.2,0,,,20.5,,4.1
702,2023-05-14 15:00,24.3,242.5,4.2,0,,,32.5,,5
702,2023-05-14 16:00,23.9,254.2,4.7,0,,,30,,5.1
702,2023-05-14 17:00,23.3,256.7,4.2,0,,,27.3,,6
702,2023-05-14 18:00,22.1,241.8,3.6,0,,,28.5,,6.1
702,2023-05-14 19:00,20.9,253.3,3.2,0,,,30.8,,6.9
702,2023-05-14 20:00,18.8,249.6,2.7,0,,,43.3,,6.1
702,2023-05-14 21:00,16.2,176.8,2.4,0,,,68.3,,6.9
702,2023-05-14 22:00,15,207.9,.7,0,,,78.9,,6.1
702,2023-05-14 23:00,14.3,0,.1,0,,,81.5,,6.9
702,2023-05-15 00:00,13.8,0,.1,0,,,84.2,,6.1
702,2023-05-15 01:00,13.5,35.6,.9,0,,,77.6,,0
702,2023-05-15 02:00,12.4,0,0,0,,,86.9,,0
702,2023-05-15 03:00,12.1,48.8,.9,0,,,75.5,,0
702,2023-05-15 04:00,11.5,70.6,.9,0,,,80.8,,0
702,2023-05-15 05:00,11,45.3,1.5,0,,,77.8,,0
702,2023-05-15 06:00,11.6,61.8,1.7,0,,,73.5,,.3
702,2023-05-15 07:00,13.8,0,.2,0,,,69.2,,.7
702,2023-05-15 08:00,16.4,67,2.7,0,,,56.5,,1.3
702,2023-05-15 09:00,19.1,268.2,1.1,0,,,47.3,,1.7
702,2023-05-15 10:00,21.2,207.6,1.2,0,,,44.3,,2.3
702,2023-05-15 11:00,23,219.7,2,0,,,36.4,,2.7
702,2023-05-15 12:00,24.6,192.8,1.9,0,,,38.6,,3.3
702,2023-05-15 13:00,25.7,91,2.1,0,,,32.9,,3.7
702,2023-05-15 14:00,26.5,106.8,2.7,0,,,32,,4.3
702,2023-05-15 15:00,27.8,177,2.2,0,,,28.8,,4.7
702,2023-05-15 16:00,28.1,208,3.1,0,,,29.8,,5.3
702,2023-05-15 17:00,27.5,252.4,4.5,0,,,34.8,,5.7
702,2023-05-15 18:00,24.5,248.3,5.9,0,,,47.3,,6.3
702,2023-05-15 19:00,23.9,266.4,5,0,,,41.3,,6.4
702,2023-05-15 20:00,22.6,258.3,2.6,0,,,44.7,,6.3
702,2023-05-15 21:00,21.6,259.7,1.2,0,,,51.4,,6.4
702,2023-05-15 22:00,20.3,272.8,.9,0,,,63.1,,6.3
702,2023-05-15 23:00,17.6,109.1,2.2,0,,,78.8,,6.4
702,2023-05-16 00:00,17.2,42.1,1,0,,,80.5,,6.3
702,2023-05-16 01:00,17.3,52.5,1,0,,,74.4,,0
702,2023-05-16 02:00,16.1,0,.2,0,,,91.2,,0
702,2023-05-16 03:00,15.5,0,0,0,,,94,,0
702,2023-05-16 04:00,15.7,38.9,1,0,,,82.3,,0
702,2023-05-16 05:00,15.1,38.6,.8,0,,,86,,0
702,2023-05-16 06:00,15.5,40.2,1.4,0,,,81.2,,0
702,2023-05-16 07:00,17,51.7,1.3,0,,,73.8,,.2
702,2023-05-16 08:00,20.4,101.1,2.9,0,,,62.5,,1
702,2023-05-16 09:00,23.7,111.9,2.9,0,,,52.4,,1.2
702,2023-05-16 10:00,26,185,3.8,0,,,35.1,,2
702,2023-05-16 11:00,27.9,190.6,3.7,0,,,31.7,,2.2
702,2023-05-16 12:00,29,226.4,4.3,0,,,28.4,,3
702,2023-05-16 13:00,30.2,193.1,2.7,0,,,28.4,,3.2
702,2023-05-16 14:00,30.7,206.4,2.7,0,,,24.8,,4
702,2023-05-16 15:00,30.4,258.3,4.8,0,,,24.7,,4.2
702,2023-05-16 16:00,30.1,254.5,6,0,,,23.7,,5
702,2023-05-16 17:00,29.8,257.4,6.1,0,,,16.6,,5.2
702,2023-05-16 18:00,28.8,255.8,3.6,0,,,23.1,,6
702,2023-05-16 19:00,26.5,258.2,3.5,0,,,29.8,,6
702,2023-05-16 20:00,24.6,267.8,2.1,0,,,37.6,,6
702,2023-05-16 21:00,20.8,198.4,1.4,0,,,63.4,,6
702,2023-05-16 22:00,19.4,0,.4,0,,,64.4,,6
702,2023-05-16 23:00,18,0,.1,0,,,70.5,,6
702,2023-05-17 00:00,16.8,0,.3,0,,,79.1,,6
702,2023-05-17 01:00,16.2,0,0,0,,,84.5,,0
702,2023-05-17 02:00,15.6,0,.3,0,,,89.6,,0
702,2023-05-17 03:00,15,0,.2,0,,,81,,0
702,2023-05-17 04:00,14.4,0,.2,0,,,82.3,,0
702,2023-05-17 05:00,14.2,0,.1,0,,,89.5,,0
702,2023-05-17 06:00,13.9,0,.2,0,,,90.3,,0
702,2023-05-17 07:00,17.6,47.7,1.1,0,,,60.8,,.8
702,2023-05-17 08:00,20.7,110.6,1.9,0,,,56.1,,1
702,2023-05-17 09:00,24.5,134,3.6,0,,,38.3,,1.8
702,2023-05-17 10:00,26.4,164.7,3.6,0,,,37.6,,2
702,2023-05-17 11:00,27.6,171.8,3.6,0,,,27.5,,2.8
702,2023-05-17 12:00,28.7,193.6,3.4,0,,,24.6,,3
702,2023-05-17 13:00,29.4,204.1,6.1,0,,,27.1,,3.8
702,2023-05-17 14:00,29.6,218.5,6.6,0,,,26.7,,4
702,2023-05-17 15:00,28.3,266.8,5.7,0,,,34.2,,4.8
702,2023-05-17 16:00,26.9,250.5,7.5,0,,,44.2,,5
702,2023-05-17 17:00,26.5,259,5.7,0,,,47.9,,5.8
702,2023-05-17 18:00,25.6,251.7,6.1,0,,,50.8,,6
702,2023-05-17 19:00,23.8,260.4,6.7,0,,,58.3,,5.9
702,2023-05-17 20:00,23.4,280.1,2.8,0,,,59.3,,6
702,2023-05-17 21:00,22.2,218.8,2.2,0,,,68.8,,5.9
702,2023-05-17 22:00,22,276,1.9,0,,,70.8,,6
702,2023-05-17 23:00,21.4,0,0,0,,,72.3,,5.9
702,2023-05-18 00:00,19.6,60.7,.5,0,,,77.5,,6
702,2023-05-18 01:00,19.7,39.2,1,0,,,74.8,,0
702,2023-05-18 02:00,19.7,49.7,1.1,0,,,73.9,,0
702,2023-05-18 03:00,19.6,39.7,1.6,0,,,77.7,,0
702,2023-05-18 04:00,19.1,2,.6,0,,,81.8,,0
702,2023-05-18 05:00,19.3,0,.4,0,,,78,,0
702,2023-05-18 06:00,19.3,0,.2,0,,,77.9,,0
702,2023-05-18 07:00,19.8,122.3,2.6,0,,,74.4,,0
702,2023-05-18 08:00,20.1,60.3,2,0,,,72.4,,0
702,2023-05-18 09:00,20.6,97.7,2.8,0,,,71.3,,0
702,2023-05-18 10:00,21.5,94.1,4.2,0,,,47.5,,0
702,2023-05-18 11:00,19.4,116.3,4.7,0,,,65.6,,0
702,2023-05-18 12:00,18.5,52.4,4.8,0,,,69.7,,0
702,2023-05-18 13:00,18.1,15.1,3.6,.9,,,77.7,,0
702,2023-05-18 14:00,19.1,29.3,3.7,0,,,77.3,,0
702,2023-05-18 15:00,19.6,33.1,3.7,0,,,73.5,,0
702,2023-05-18 16:00,19.7,30.2,3.9,0,,,71.2,,0
702,2023-05-18 17:00,19.5,8.5,4.3,0,,,76.2,,0
702,2023-05-18 18:00,19.1,5.4,4.1,0,,,74.6,,0
702,2023-05-18 19:00,18.8,18.3,3.6,0,,,73.3,,0
702,2023-05-18 20:00,18.7,41.5,5.6,0,,,68.9,,0
702,2023-05-18 21:00,18.8,18.6,2.6,0,,,67.9,,0
702,2023-05-18 22:00,18.2,3.6,2.1,0,,,71.5,,0
702,2023-05-18 23:00,17.8,2.1,2.7,0,,,73.5,,0
702,2023-05-19 00:00,17.2,343.5,2.2,0,,,74.7,,0
702,2023-05-19 01:00,16.7,5.8,2.5,0,,,77.7,,0
702,2023-05-19 02:00,16.6,347.6,1.8,0,,,77.6,,0
702,2023-05-19 03:00,16.6,7.5,2.9,0,,,76.5,,0
702,2023-05-19 04:00,16.6,347.6,3.4,0,,,75.1,,0
702,2023-05-19 05:00,16.4,359.1,2.1,0,,,75.2,,0
702,2023-05-19 06:00,16.8,349.6,2.9,0,,,75.1,,.3
702,2023-05-19 07:00,18.3,357.6,3.2,0,,,68.5,,1
702,2023-05-19 08:00,19.7,357.9,3.7,0,,,62.4,,1.3
702,2023-05-19 09:00,20.8,29.7,3.5,0,,,59.2,,1.9
702,2023-05-19 10:00,21.7,48.9,4.1,0,,,54.2,,1.6
702,2023-05-19 11:00,22.9,114.9,2.8,0,,,50.4,,2.2
702,2023-05-19 12:00,24,63.1,3.3,0,,,45.7,,2
702,2023-05-19 13:00,24.8,62.3,3.8,0,,,42.7,,2.5
702,2023-05-19 14:00,24.5,52.7,3.4,0,,,44,,2.5
702,2023-05-19 15:00,25,355.5,3.8,0,,,45,,2.6
702,2023-05-19 16:00,25.2,54.6,4.3,0,,,41,,3.3
702,2023-05-19 17:00,25.5,44.8,5.3,0,,,41.8,,3.5
702,2023-05-19 18:00,25.2,49.1,3.5,0,,,45,,4.3
702,2023-05-19 19:00,24.3,57.2,3.2,0,,,45.3,,4.4
702,2023-05-19 20:00,23,23.8,1.7,0,,,50.8,,4.3
702,2023-05-19 21:00,21,48.2,2.6,0,,,62,,4.4
702,2023-05-19 22:00,19.3,258.9,.5,0,,,75.2,,4.3
702,2023-05-19 23:00,19.6,53.4,.9,0,,,67.8,,4.4
702,2023-05-20 00:00,17.1,138.1,1.2,0,,,83,,4.3
702,2023-05-20 01:00,16.7,208.7,1.4,0,,,84.1,,0
702,2023-05-20 02:00,15.8,20,1.1,0,,,87.2,,0
702,2023-05-20 03:00,15.7,0,.4,0,,,86.6,,0
702,2023-05-20 04:00,14.9,0,.2,0,,,92.5,,0
702,2023-05-20 05:00,15.1,41.2,.6,0,,,88.8,,0
702,2023-05-20 06:00,14.7,0,.4,0,,,92.1,,.1
702,2023-05-20 07:00,16.8,102.7,.8,0,,,77.8,,1
702,2023-05-20 08:00,18.6,121.5,1.5,0,,,76.9,,1.1
702,2023-05-20 09:00,20.7,172.5,1.3,0,,,71.6,,2
702,2023-05-20 10:00,22.3,192.2,2.7,0,,,62.7,,2.1
702,2023-05-20 11:00,23.6,166.4,2.6,0,,,54.2,,3
702,2023-05-20 12:00,25,206.5,2.4,0,,,51.5,,3.1
702,2023-05-20 13:00,25.9,188.4,2,0,,,42.1,,3.9
702,2023-05-20 14:00,24.6,270.7,6.2,0,,,55.3,,3.8
702,2023-05-20 15:00,23.7,258.1,6.3,0,,,58.1,,4.9
702,2023-05-20 16:00,22.1,272.3,5.8,0,,,62.4,,4.7
702,2023-05-20 17:00,21.9,243.8,5.9,0,,,63.8,,5.9
702,2023-05-20 18:00,19.9,234.9,5.4,0,,,70,,5.6
702,2023-05-20 19:00,18.1,239,4.9,0,,,77.5,,6.3
702,2023-05-20 20:00,16.9,247.3,4.3,0,,,83.6,,5.6
702,2023-05-20 21:00,16.6,246.5,3.2,0,,,82.4,,6.3
702,2023-05-20 22:00,16.8,255,4,0,,,83.4,,5.6
702,2023-05-20 23:00,16.6,219.7,3.2,0,,,82.9,,6.3
702,2023-05-21 00:00,16.4,207.7,2.4,0,,,84,,5.6
702,2023-05-21 01:00,16.4,228.2,2.5,0,,,85.1,,0
702,2023-05-21 02:00,16.4,232.6,2,0,,,85.5,,0
702,2023-05-21 03:00,16.5,239.2,1.3,0,,,85.1,,0
702,2023-05-21 04:00,16.6,230.2,2.4,0,,,83.4,,0
702,2023-05-21 05:00,16.2,238.8,2.7,0,,,82.6,,0
702,2023-05-21 06:00,16.1,244.5,3.2,0,,,82.1,,0
702,2023-05-21 07:00,16,224.4,2.5,0,,,81.3,,0
702,2023-05-21 08:00,15.9,214,3.2,0,,,81.2,,0
702,2023-05-21 09:00,16.1,221.5,2.6,0,,,80.6,,0
702,2023-05-21 10:00,18,232.6,3.6,0,,,73.5,,.1
702,2023-05-21 11:00,18.5,249.6,1.8,0,,,64.7,,.1
702,2023-05-21 12:00,19.8,238.7,2.8,0,,,65.3,,.6
702,2023-05-21 13:00,21.2,244.2,4.4,0,,,58.3,,.7
702,2023-05-21 14:00,20.8,249.9,5.5,0,,,58.4,,1.5
702,2023-05-21 15:00,20.6,250.6,5.6,0,,,64.9,,1.4
702,2023-05-21 16:00,19,296.8,4.5,0,,,72.2,,2
702,2023-05-21 17:00,18.9,250.9,4.5,0,,,66.8,,1.9
702,2023-05-21 18:00,19,253.5,3.9,0,,,64.5,,2.9
702,2023-05-21 19:00,18.1,235.2,2.8,0,,,65.4,,2.1
702,2023-05-21 20:00,17.2,236,1.6,0,,,72.5,,2.9
702,2023-05-21 21:00,16.4,242.5,1.8,0,,,77.6,,2.1
702,2023-05-21 22:00,15.9,225.7,1.9,0,,,82.7,,2.9
702,2023-05-21 23:00,16.1,273.4,2.7,0,,,78.8,,2.1
702,2023-05-22 00:00,16,275.7,.8,0,,,79,,2.9
702,2023-05-22 01:00,15.7,222.1,1.7,0,,,84,,0
702,2023-05-22 02:00,15.5,106.8,.9,0,,,87.2,,0
702,2023-05-22 03:00,15.1,0,.3,0,,,89.3,,0
702,2023-05-22 04:00,15,171.8,1.3,0,,,90.8,,0
702,2023-05-22 05:00,15.2,198.4,1.6,0,,,89.9,,0
702,2023-05-22 06:00,15.7,240.5,2.3,0,,,84.4,,0
702,2023-05-22 07:00,15.6,356.3,2.7,0,,,84.8,,0
702,2023-05-22 08:00,15.6,152.7,1.1,.5,,,88.1,,0
702,2023-05-22 09:00,16,103.4,2.1,0,,,84.8,,0
702,2023-05-22 10:00,16.4,0,.4,0,,,78.3,,0
702,2023-05-22 11:00,16.5,175.8,1.4,0,,,79,,0
702,2023-05-22 12:00,17.1,145.1,1.7,.1,,,77.1,,0
702,2023-05-22 13:00,17.9,303.3,1.6,0,,,75.1,,0
702,2023-05-22 14:00,20.1,190.8,1.2,0,,,56.9,,.2
702,2023-05-22 15:00,20.4,334.1,1.4,0,,,55.3,,.6
702,2023-05-22 16:00,21.8,305.5,1.7,0,,,39.9,,.9
702,2023-05-22 17:00,21.5,287.9,1.7,0,,,49.9,,1.2
702,2023-05-22 18:00,19.7,229.8,6.5,0,,,58.1,,1.7
702,2023-05-22 19:00,18.5,243.2,4.7,0,,,62,,1.5
702,2023-05-22 20:00,17.3,267.5,3.3,0,,,60.6,,1.7
702,2023-05-22 21:00,16.5,245.3,2,0,,,63,,1.5
702,2023-05-22 22:00,14.7,169.2,1.9,0,,,81.2,,1.7
702,2023-05-22 23:00,14.2,131.7,.5,0,,,86,,1.5
702,2023-05-23 00:00,14.1,13.6,.7,0,,,89.2,,1.7
702,2023-05-23 01:00,14.1,173.1,1.1,0,,,88.3,,0
702,2023-05-23 02:00,13.8,0,.4,0,,,91.9,,0
702,2023-05-23 03:00,13.3,278.9,.8,0,,,94.2,,0
702,2023-05-23 04:00,12.7,0,.1,0,,,94.3,,0
702,2023-05-23 05:00,12.2,0,.3,0,,,94.6,,0
702,2023-05-23 06:00,12.1,36.8,1.1,0,,,93.4,,0
702,2023-05-23 07:00,13.6,112.2,.9,0,,,84.8,,.8
702,2023-05-23 08:00,15.2,118.5,1.7,0,,,76.5,,1
702,2023-05-23 09:00,17.3,173.1,.8,0,,,63.1,,1.8
702,2023-05-23 10:00,19.7,140.9,1.4,0,,,54.7,,2
702,2023-05-23 11:00,20.8,313.3,1.8,0,,,51.5,,2.8
702,2023-05-23 12:00,23.1,244.3,1.8,0,,,45.6,,3
702,2023-05-23 13:00,23.7,309.3,2.5,0,,,33,,3.8
702,2023-05-23 14:00,23.6,306.8,2,0,,,34.9,,3.6
702,2023-05-23 15:00,23.9,245.7,4,0,,,33.4,,4.3
702,2023-05-23 16:00,22.5,277.8,5.3,0,,,46.6,,4.3
702,2023-05-23 17:00,23.5,248.4,4,0,,,46.6,,5.3
702,2023-05-23 18:00,22.1,257.4,4.2,0,,,48.2,,5.3
702,2023-05-23 19:00,20.3,216,4.4,0,,,58.4,,5.9
702,2023-05-23 20:00,18.4,211.9,4.1,0,,,63.6,,5.3
702,2023-05-23 21:00,17.1,183,1.4,0,,,70.2,,5.9
702,2023-05-23 22:00,16.2,149.9,1.5,0,,,77.1,,5.3
702,2023-05-23 23:00,15.8,208.6,.7,0,,,79.4,,5.9
702,2023-05-24 00:00,15,122.9,.6,0,,,85.1,,5.3
702,2023-05-24 01:00,14.6,33.3,.7,0,,,83.2,,0
702,2023-05-24 02:00,14.6,58.9,1.2,0,,,81.7,,0
702,2023-05-24 03:00,13.8,73.5,1.1,0,,,87.6,,0
702,2023-05-24 04:00,13,37.6,1.6,0,,,91.3,,0
702,2023-05-24 05:00,13.3,0,.2,0,,,89,,0
702,2023-05-24 06:00,13.7,54.9,1.4,0,,,83.4,,0
702,2023-05-24 07:00,14.7,73.8,.9,0,,,78.7,,0
702,2023-05-24 08:00,16.1,60.7,1.2,0,,,71.8,,.2
702,2023-05-24 09:00,18.7,197.6,1.2,0,,,61.7,,1
702,2023-05-24 10:00,20.5,199.7,1.2,0,,,52.2,,1.1
702,2023-05-24 11:00,21.4,207.2,1.7,0,,,52.1,,1
702,2023-05-24 12:00,23.2,0,.3,0,,,39,,1.2
702,2023-05-24 13:00,24,173.5,1.3,0,,,38.7,,1.5
702,2023-05-24 14:00,25.8,249.4,1.3,0,,,21.9,,2.1
702,2023-05-24 15:00,25.2,228.2,2.2,0,,,33.3,,1.9
702,2023-05-24 16:00,24.6,235.2,3.8,0,,,37.9,,2.1
702,2023-05-24 17:00,23.7,260,4.4,0,,,41.3,,2.1
702,2023-05-24 18:00,22.5,291.7,3.9,0,,,47.4,,2.3
702,2023-05-24 19:00,21.4,293.4,3,0,,,49.1,,2.1
702,2023-05-24 20:00,20.3,264.5,2.5,0,,,53.9,,2.3
702,2023-05-24 21:00,19.4,269.1,1.2,0,,,62.4,,2.1
702,2023-05-24 22:00,19,290.7,1.6,0,,,63.9,,2.3
702,2023-05-24 23:00,18.7,269.2,1.7,0,,,61,,2.1
702,2023-05-25 00:00,18.2,246.5,1.8,0,,,65.5,,2.3
702,2023-05-25 01:00,17.5,55.8,1.7,0,,,71.9,,0
702,2023-05-25 02:00,16.9,79.7,2.3,0,,,80.4,,0
702,2023-05-25 03:00,16.5,84.5,1.2,0,,,83.8,,0
702,2023-05-25 04:00,16.3,66.5,1,0,,,82.7,,0
702,2023-05-25 05:00,15.8,48.7,1.1,0,,,82.8,,0
702,2023-05-25 06:00,16.6,32.7,1.8,0,,,76.7,,0
702,2023-05-25 07:00,17.2,41.9,1.9,0,,,67.7,,0
702,2023-05-25 08:00,18.3,119.5,1,0,,,62,,0
702,2023-05-25 09:00,21.3,80,2.1,0,,,45.9,,.9
702,2023-05-25 10:00,22.8,66.9,3,0,,,30.6,,1
702,2023-05-25 11:00,24.7,86.6,1.2,0,,,21.5,,1.9
702,2023-05-25 12:00,25,66.6,1.7,0,,,26.8,,2
702,2023-05-25 13:00,26.1,228.6,2.1,0,,,25.8,,2.9
702,2023-05-25 14:00,26.7,220.8,1.6,0,,,23.9,,3
702,2023-05-25 15:00,27.2,242.8,1.4,0,,,21.8,,3.9
702,2023-05-25 16:00,24.1,268.5,7,0,,,28,,3.4
702,2023-05-25 17:00,22.7,266.7,6.1,0,,,34.5,,4.2
702,2023-05-25 18:00,21.6,273.7,4.4,0,,,32.5,,3.5
702,2023-05-25 19:00,20.9,255.4,4.2,0,,,38.9,,4.2
702,2023-05-25 20:00,20.1,226.1,2.5,0,,,49.6,,3.5
702,2023-05-25 21:00,18.9,141.8,1.5,0,,,59.7,,4.2
702,2023-05-25 22:00,18.4,217.2,1.1,0,,,64.4,,3.5
702,2023-05-25 23:00,17.6,134.6,1.2,0,,,75.4,,4.2
702,2023-05-26 00:00,17.2,311.8,1.2,0,,,72.7,,3.5
702,2023-05-26 01:00,16.8,30.8,.8,0,,,71.5,,0
702,2023-05-26 02:00,16.4,93.9,1.2,0,,,74.9,,0
702,2023-05-26 03:00,16.5,0,.3,0,,,72.9,,0
702,2023-05-26 04:00,16.3,114.7,.9,0,,,75.6,,0
702,2023-05-26 05:00,16.3,59.5,1.3,0,,,62.7,,0
702,2023-05-26 06:00,16.9,36.9,1.3,0,,,59.1,,0
702,2023-05-26 07:00,17.2,110.5,1.8,0,,,64.1,,0
702,2023-05-26 08:00,19.2,68.4,1.2,0,,,48.8,,.1
702,2023-05-26 09:00,20.1,82.4,1.5,0,,,48.5,,0
702,2023-05-26 10:00,21.4,117.1,1.7,0,,,48,,.7
702,2023-05-26 11:00,23.1,178.9,1.5,0,,,47.9,,1
702,2023-05-26 12:00,24.3,186.4,1.5,0,,,42,,1.7
702,2023-05-26 13:00,25,180.2,1.7,0,,,39.1,,2
702,2023-05-26 14:00,25.2,210.1,2.4,0,,,40.4,,2.3
702,2023-05-26 15:00,25.6,224.2,3.6,0,,,40.6,,2.6
702,2023-05-26 16:00,25.7,205.7,2.9,0,,,42.8,,3.2
702,2023-05-26 17:00,26.1,211.7,2.8,0,,,44,,3.3
702,2023-05-26 18:00,25.6,173.5,1.9,0,,,45.3,,3.7
702,2023-05-26 19:00,24.3,246,3.1,0,,,50.5,,3.3
702,2023-05-26 20:00,23.3,266.1,2.3,0,,,55.6,,3.7
702,2023-05-26 21:00,22.6,197.3,1.7,0,,,61.8,,3.3
702,2023-05-26 22:00,21.5,87.7,1,0,,,72.3,,3.7
702,2023-05-26 23:00,21.3,344.8,.5,0,,,73.8,,3.3
702,2023-05-27 00:00,21.5,44.6,.8,0,,,70.1,,3.7
702,2023-05-27 01:00,20.8,74,1.1,0,,,75.9,,0
702,2023-05-27 02:00,20.9,81,1.5,0,,,73,,0
702,2023-05-27 03:00,21.1,79.7,1.7,0,,,71.2,,0
702,2023-05-27 04:00,21.1,85,1.7,0,,,72.4,,0
702,2023-05-27 05:00,21.1,61.4,2,0,,,72.8,,0
702,2023-05-27 06:00,21,78.1,2.5,0,,,72.9,,0
702,2023-05-27 07:00,21,74.1,1.7,0,,,75,,0
702,2023-05-27 08:00,21.6,59,1.1,0,,,72.4,,0
702,2023-05-27 09:00,22.4,106.3,1.7,0,,,69.1,,0
702,2023-05-27 10:00,22.9,141.1,1.3,0,,,68.4,,0
702,2023-05-27 11:00,22.6,88.6,1.3,0,,,68.7,,0
702,2023-05-27 12:00,22.7,130.6,1.9,.1,,,70.9,,0
702,2023-05-27 13:00,24,127.7,1.6,0,,,63.9,,.1
702,2023-05-27 14:00,26,149.2,5.1,0,,,50,,.2
702,2023-05-27 15:00,26.2,180.2,5,0,,,48.2,,.1
702,2023-05-27 16:00,26.1,154.2,4.4,0,,,49.5,,.3
702,2023-05-27 17:00,26.4,173.9,3.8,0,,,49.3,,.2
702,2023-05-27 18:00,25.8,157.6,3.8,0,,,50.3,,.4
702,2023-05-27 19:00,24.5,169.2,4.1,0,,,51.8,,.2
702,2023-05-27 20:00,23.7,164.2,3.5,0,,,56.6,,.4
702,2023-05-27 21:00,23.2,176,4.3,0,,,58.3,,.2
702,2023-05-27 22:00,22.6,146.8,2.3,0,,,62.9,,.4
702,2023-05-27 23:00,22.4,149,2,0,,,62.5,,.2
702,2023-05-28 00:00,21.6,149.6,.8,0,,,70.8,,.4
702,2023-05-28 01:00,22.2,154.4,2.4,0,,,64.3,,0
702,2023-05-28 02:00,20.2,149.6,1.2,.9,,,82.7,,0
702,2023-05-28 03:00,19.7,160.3,1.2,1.5,,,93.2,,0
702,2023-05-28 04:00,19.5,132.2,1.2,.9,,,94.3,,0
702,2023-05-28 05:00,19.3,74.8,1.9,4.7,,,95.7,,0
702,2023-05-28 06:00,19.4,100.6,3.1,.9,,,95.5,,0
702,2023-05-28 07:00,19.8,,,.3,,,92.7,,0
702,2023-05-28 08:00,20.3,129,1.6,0,,,91.8,,0
702,2023-05-28 09:00,20.6,121,.5,.4,,,94.1,,0
702,2023-05-28 10:00,20.7,109.1,1.5,.7,,,95.9,,0
702,2023-05-28 11:00,21.2,145.7,1.2,.4,,,92.6,,0
702,2023-05-28 12:00,21.8,174.3,3,0,,,94.2,,0
702,2023-05-28 13:00,22.5,191.7,2.5,.1,,,84.8,,0
702,2023-05-28 14:00,22.2,161.1,1.7,.2,,,92.7,,0
702,2023-05-28 15:00,22.3,122.7,1.9,.1,,,93,,0
702,2023-05-28 16:00,22.3,117.6,2.1,0,,,92.5,,0
702,2023-05-28 17:00,22.5,122.2,2.9,0,,,93,,0
702,2023-05-28 18:00,22.6,120.9,1.8,0,,,91.8,,0
702,2023-05-28 19:00,22.3,2.8,1.2,3,,,93.7,,0
702,2023-05-28 20:00,22,0,.3,2,,,95.4,,0
702,2023-05-28 21:00,21.7,42.7,1.2,1.9,,,95.9,,0
702,2023-05-28 22:00,21.6,90.2,1.7,2.9,,,95.9,,0
702,2023-05-28 23:00,21.5,97,.7,3.6,,,95.9,,0
702,2023-05-29 00:00,21.5,100.8,1.7,11.3,,,95.9,,0
702,2023-05-29 01:00,21.4,89.4,1.3,10.7,,,95.9,,0
702,2023-05-29 02:00,21.4,62.2,1.2,14.8,,,95.9,,0
702,2023-05-29 03:00,21.5,285.4,1.7,21.7,,,95.9,,0
702,2023-05-29 04:00,21.1,275.7,3,22.3,,,95.9,,0
702,2023-05-29 05:00,20.4,257.8,4,13.2,,,95.9,,0
702,2023-05-29 06:00,20,252,5.7,2.1,,,95.1,,0
702,2023-05-29 07:00,19.6,245.5,3.8,10.9,,,95.9,,0
702,2023-05-29 08:00,19.2,223.1,3.8,10.3,,,95.9,,0
702,2023-05-29 09:00,19,229,3.9,8.5,,,95.9,,0
702,2023-05-29 10:00,18.8,239.3,2.1,20.8,,,95.9,,0
702,2023-05-29 11:00,19.1,220.5,1.6,3.8,,,95.9,,0
702,2023-05-29 12:00,19.5,228.9,1.4,2.9,,,94.9,,0
702,2023-05-29 13:00,19.7,65.1,.6,0,,,92.4,,0
702,2023-05-29 14:00,19.6,312.1,1.1,1.2,,,95.9,,0
702,2023-05-29 15:00,20.1,42.3,.6,2.8,,,94.1,,0
702,2023-05-29 16:00,20.5,114.2,.5,1.2,,,94.4,,0
702,2023-05-29 17:00,20.8,85.5,.5,.2,,,91.3,,0
702,2023-05-29 18:00,21.3,322.8,1.3,0,,,90.6,,0
702,2023-05-29 19:00,21.6,352.9,.7,0,,,88.3,,0
702,2023-05-29 20:00,21.3,0,.3,0,,,91.5,,0
702,2023-05-29 21:00,20.8,45.5,.7,0,,,94.3,,0
702,2023-05-29 22:00,20.2,42.1,.6,0,,,95.6,,0
702,2023-05-29 23:00,20.5,0,0,0,,,95.9,,0
702,2023-05-30 00:00,20.6,0,0,0,,,95.9,,0
702,2023-05-30 01:00,20.6,0,0,0,,,95.9,,0
702,2023-05-30 02:00,20.6,321.8,1.4,0,,,95.5,,0
702,2023-05-30 03:00,20.3,340.7,.8,0,,,93.2,,0
702,2023-05-30 04:00,20.1,0,0,0,,,94.1,,0
702,2023-05-30 05:00,20.1,342.8,.6,0,,,94.9,,0
702,2023-05-30 06:00,19.7,358.7,2.5,0,,,92.8,,.4
702,2023-05-30 07:00,20.7,352.5,1.3,0,,,85.1,,1
702,2023-05-30 08:00,22,212.1,.5,0,,,77.2,,1.4
702,2023-05-30 09:00,23.3,64.3,2.7,0,,,70.8,,2
702,2023-05-30 10:00,24.9,53.7,1.9,0,,,62.2,,2.4
702,2023-05-30 11:00,26.2,100.7,2.1,0,,,57.2,,3
702,2023-05-30 12:00,27,107.8,1,0,,,55.8,,3.1
702,2023-05-30 13:00,27.9,246.4,1,0,,,51.4,,3.9
702,2023-05-30 14:00,28.4,224.3,1.7,0,,,55.9,,3.2
702,2023-05-30 15:00,27.5,317.7,2.9,0,,,54.1,,4.1
702,2023-05-30 16:00,27,336.3,4.3,0,,,55.9,,3.2
702,2023-05-30 17:00,26.1,341.5,1.6,0,,,60.4,,4.1
702,2023-05-30 18:00,25.5,332.6,2.1,0,,,59.4,,3.2
702,2023-05-30 19:00,25.1,2.2,1.8,0,,,60.7,,4.1
702,2023-05-30 20:00,24.4,332.7,.6,0,,,64.6,,3.2
702,2023-05-30 21:00,23.6,68.6,3.8,0,,,70.9,,4.1
702,2023-05-30 22:00,22.1,209.6,2.2,0,,,83.2,,3.2
702,2023-05-30 23:00,22,175,1.5,0,,,82.4,,4.1
702,2023-05-31 00:00,22,188,1.8,0,,,84.1,,3.2
702,2023-05-31 01:00,21.7,185.9,1.5,0,,,81,,0
702,2023-05-31 02:00,21.3,113.8,1.2,0,,,83.3,,0
702,2023-05-31 03:00,21.3,170.7,.6,0,,,76.9,,0
702,2023-05-31 04:00,20.9,42.1,2.3,0,,,70.8,,0
702,2023-05-31 05:00,20.8,36.1,1.4,0,,,70.2,,0
702,2023-05-31 06:00,20.1,63.2,2.1,0,,,70.9,,0
702,2023-05-31 07:00,20.2,66.5,2.2,0,,,67.9,,0
702,2023-05-31 08:00,20.6,47,1,0,,,68,,0
702,2023-05-31 09:00,20.8,335.1,1.9,0,,,66.9,,.1
702,2023-05-31 10:00,22.2,285.5,1.9,0,,,60.1,,.4
702,2023-05-31 11:00,24.1,288,1.7,0,,,55.2,,.9
702,2023-05-31 12:00,25.6,338,2,0,,,50.6,,1.4
702,2023-05-31 13:00,26.4,127.3,1.7,0,,,40.2,,1.9
702,2023-05-31 14:00,27.2,197.1,2,0,,,38.2,,2.4
702,2023-05-31 15:00,27.7,308.6,1.7,0,,,39,,2.9
702,2023-05-31 16:00,27.9,298.3,2.1,0,,,43.1,,3.4
702,2023-05-31 17:00,27.6,346.3,2.5,0,,,40.1,,3.9
702,2023-05-31 18:00,27.4,316.4,2.1,0,,,40.7,,4.4
702,2023-05-31 19:00,27.1,333,1.9,0,,,40.1,,4.9
702,2023-05-31 20:00,25.6,292.3,1.6,0,,,61.9,,4.4
702,2023-05-31 21:00,22.5,213.7,3.8,0,,,76.7,,4.9
702,2023-05-31 22:00,21.1,213.7,3.5,0,,,83,,4.4
702,2023-05-31 23:00,20.7,208.8,2.2,0,,,80.6,,4.9
702,2023-06-01 00:00,20.1,154,2,0,,,84.8,,4.4
702,2023-06-01 01:00,19.6,167.4,1.9,0,,,87.6,,0
702,2023-06-01 02:00,19.9,199.9,2.4,0,,,82.6,,0
702,2023-06-01 03:00,19.3,0,.2,0,,,87.9,,0
702,2023-06-01 04:00,18.9,0,.4,0,,,90.6,,0
702,2023-06-01 05:00,19.2,352.5,1.6,0,,,88.4,,0
702,2023-06-01 06:00,19.3,9.3,1,0,,,90.3,,0
702,2023-06-01 07:00,19.4,60.2,.5,0,,,89.9,,0
702,2023-06-01 08:00,19.8,126.3,1.8,0,,,87.5,,.1
702,2023-06-01 09:00,21.3,151.2,1.8,0,,,71.9,,.3
702,2023-06-01 10:00,22.5,172.5,2.1,0,,,63,,.2
702,2023-06-01 11:00,24.2,87.5,.7,0,,,50.1,,.8
702,2023-06-01 12:00,24.8,181.3,1.4,0,,,50.5,,.5
702,2023-06-01 13:00,24.2,147.7,3.3,0,,,48.8,,.9
702,2023-06-01 14:00,24.3,206.9,2.6,0,,,47.8,,.6
702,2023-06-01 15:00,23.8,181.4,2.9,0,,,55.8,,.9
702,2023-06-01 16:00,23.6,175.7,2.4,0,,,58.1,,.6
702,2023-06-01 17:00,23.6,199.3,2.2,0,,,54.8,,.9
702,2023-06-01 18:00,23.4,191.5,2.3,0,,,57.4,,.6
702,2023-06-01 19:00,,,,0,,,,,.9
702,2023-06-01 20:00,22.2,200.3,1.7,0,,,72.9,,.6
702,2023-06-01 21:00,21.8,223.2,1.9,0,,,73,,.9
702,2023-06-01 22:00,21.7,264.7,3,0,,,73.5,,.6
702,2023-06-01 23:00,21.2,262.7,2.6,0,,,75,,.9
702,2023-06-02 00:00,20.1,293.4,1.9,0,,,84.3,,.6
702,2023-06-02 01:00,20,303.9,1.6,0,,,86.5,,0
702,2023-06-02 02:00,19.9,312.4,1.4,0,,,84.8,,0
702,2023-06-02 03:00,19.9,271.4,2,0,,,82.5,,0
702,2023-06-02 04:00,19.8,0,.4,0,,,81.8,,0
702,2023-06-02 05:00,19.2,0,0,0,,,85.8,,0
702,2023-06-02 06:00,19,221.4,.5,0,,,92.3,,0
702,2023-06-02 07:00,19.9,221.4,.9,0,,,83.5,,.3
702,2023-06-02 08:00,20.8,84.2,.7,0,,,72.1,,.5
702,2023-06-02 09:00,22,19,1.7,0,,,67.4,,.6
702,2023-06-02 10:00,22.1,162.2,1.7,0,,,66.4,,1.2
702,2023-06-02 11:00,23.2,201.1,2.8,0,,,68.9,,1.3
702,2023-06-02 12:00,24.3,251.2,2.7,0,,,59.8,,1.8
702,2023-06-02 13:00,24.2,234.9,5,0,,,66.7,,2.2
702,2023-06-02 14:00,24.6,233.3,3.4,0,,,59.4,,2.8
702,2023-06-02 15:00,25.7,235.9,5.1,0,,,61.7,,3.2
702,2023-06-02 16:00,25,241.7,5.5,0,,,64.4,,3.8
702,2023-06-02 17:00,23,255.6,5.9,0,,,68.6,,4.1
702,2023-06-02 18:00,22.5,249.7,4.3,0,,,65.8,,4.3
702,2023-06-02 19:00,20.2,262,6.4,0,,,74.3,,4.1
702,2023-06-02 20:00,19.5,245.5,3.2,0,,,78.5,,4.3
702,2023-06-02 21:00,18.7,209.6,3.5,0,,,82.5,,4.1
702,2023-06-02 22:00,18.4,220.8,2.6,0,,,84.6,,4.3
702,2023-06-02 23:00,18.1,186.7,1.7,0,,,86.4,,4.1
702,2023-06-03 00:00,17.7,138.4,1.9,0,,,91.6,,4.3
702,2023-06-03 01:00,17.3,170.3,2.2,0,,,91.8,,0
702,2023-06-03 02:00,16.8,172.6,1.1,0,,,92.4,,0
702,2023-06-03 03:00,16.6,195.1,1.2,0,,,92.2,,0
702,2023-06-03 04:00,16.2,126.9,1.1,0,,,94.3,,0
702,2023-06-03 05:00,16.2,199.7,.7,0,,,94.9,,0
702,2023-06-03 06:00,16.5,207.7,1.5,0,,,92.1,,0
702,2023-06-03 07:00,17.1,186.1,1.9,0,,,89.2,,0
702,2023-06-03 08:00,18,212.2,.9,0,,,80,,.1
702,2023-06-03 09:00,19.6,171.2,1.2,0,,,71.5,,.9
702,2023-06-03 10:00,21.2,163.8,1.5,0,,,66.5,,1.1
702,2023-06-03 11:00,23,299.8,3.2,0,,,61,,1.9
702,2023-06-03 12:00,24.5,316.4,2.7,0,,,48.5,,2.2
702,2023-06-03 13:00,26,1.2,3.8,0,,,33.5,,2.8
702,2023-06-03 14:00,26.6,281.5,3.6,0,,,34.4,,3.1
702,2023-06-03 15:00,27.6,321.5,3.1,0,,,24,,3.8
702,2023-06-03 16:00,28.1,360,4,0,,,21.9,,4.1
702,2023-06-03 17:00,27.7,321.5,4,0,,,21,,4.8
702,2023-06-03 18:00,26.6,288.4,4.8,0,,,22.4,,5.1
702,2023-06-03 19:00,25.2,293.1,4,0,,,24.6,,5.7
702,2023-06-03 20:00,23.8,261.1,2.6,0,,,29.7,,5.1
702,2023-06-03 21:00,21.3,226.8,3.1,0,,,52.2,,5.7
702,2023-06-03 22:00,19.1,223.4,3.1,0,,,72.4,,5.1
702,2023-06-03 23:00,18.7,216.8,2.1,0,,,78.1,,5.7
702,2023-06-04 00:00,18.3,205.7,2.2,0,,,79.6,,5.1
702,2023-06-04 01:00,17.7,121.1,1.5,0,,,82.7,,0
702,2023-06-04 02:00,17.6,198.1,1,0,,,77.3,,0
702,2023-06-04 03:00,16.8,109.2,.6,0,,,85.2,,0
702,2023-06-04 04:00,16.4,119.7,.9,0,,,82.5,,0
702,2023-06-04 05:00,16.1,0,.1,0,,,85.7,,0
702,2023-06-04 06:00,15.6,59.4,.7,0,,,78.8,,0
702,2023-06-04 07:00,16.6,108,1,0,,,77.6,,.4
702,2023-06-04 08:00,18.7,148.1,1.3,0,,,68.3,,1
702,2023-06-04 09:00,21,199.9,2.5,0,,,59.1,,1.4
702,2023-06-04 10:00,22.1,230.5,2.6,0,,,49.1,,2
702,2023-06-04 11:00,23.6,211.3,2.4,0,,,52.9,,2.4
702,2023-06-04 12:00,24.9,246,3.8,0,,,41.9,,3
702,2023-06-04 13:00,25.6,235.5,4.6,0,,,45.5,,3.4
702,2023-06-04 14:00,26.3,257.4,3.7,0,,,41.3,,4
702,2023-06-04 15:00,26.5,261.4,3.1,0,,,42.3,,4.4
702,2023-06-04 16:00,25.2,219.8,4.4,0,,,43.6,,4.9
702,2023-06-04 17:00,25.2,230.2,4,0,,,39.8,,5.3
702,2023-06-04 18:00,24.9,230.2,3.6,0,,,43.4,,5.9
702,2023-06-04 19:00,23.9,256.7,3,0,,,44.7,,5.3
702,2023-06-04 20:00,22.9,239.7,3,0,,,49.4,,5.9
702,2023-06-04 21:00,20.8,254.3,3.4,0,,,67.4,,5.3
702,2023-06-04 22:00,20.1,241.8,3,0,,,72.4,,5.9
702,2023-06-04 23:00,19.5,152.2,1.4,0,,,79,,5.3
702,2023-06-05 00:00,18.9,139.8,1.9,0,,,82.2,,5.9
702,2023-06-05 01:00,18.8,107.6,.7,0,,,86.4,,0
702,2023-06-05 02:00,18.7,195.7,1.3,0,,,81.2,,0
702,2023-06-05 03:00,18.4,78.2,.8,0,,,86.3,,0
702,2023-06-05 04:00,18,102.6,.6,0,,,86.9,,0
702,2023-06-05 05:00,18.2,162.5,1.2,0,,,89.5,,0
702,2023-06-05 06:00,18.1,118.6,1.2,0,,,89.4,,0
702,2023-06-05 07:00,18.7,167,1.6,0,,,78.6,,.2
702,2023-06-05 08:00,19.6,184.7,2.2,0,,,78,,0
702,2023-06-05 09:00,21.1,225.4,3.9,0,,,72.8,,.8
702,2023-06-05 10:00,21.6,235.1,3.8,0,,,61.2,,0
702,2023-06-05 11:00,22.3,222.8,2.8,0,,,55.8,,.9
702,2023-06-05 12:00,22.7,224,2.9,0,,,55.4,,.2
702,2023-06-05 13:00,23.9,220.6,3.4,0,,,52.5,,1.8
702,2023-06-05 14:00,23.8,239.5,4.3,0,,,47.7,,1.2
702,2023-06-05 15:00,24.6,226.1,4.7,0,,,47.9,,2.7
702,2023-06-05 16:00,24.4,265.6,3.4,0,,,43.6,,2.2
702,2023-06-05 17:00,23.5,268.1,4.2,0,,,46.4,,3.7
702,2023-06-05 18:00,22.8,271.1,4.3,0,,,49.5,,3.2
702,2023-06-05 19:00,22,269.1,3.9,0,,,47.7,,4.6
702,2023-06-05 20:00,21.2,295.4,2.8,0,,,53.7,,3.2
702,2023-06-05 21:00,20.9,285.2,2.6,0,,,53.8,,4.6
702,2023-06-05 22:00,20,279.4,.8,0,,,65.8,,3.2
702,2023-06-05 23:00,18.9,43.6,.5,0,,,75.8,,4.6
702,2023-06-06 00:00,19,149.8,.9,0,,,79.5,,3.2
702,2023-06-06 01:00,18.2,72.3,1.8,0,,,81.8,,0
702,2023-06-06 02:00,17.8,69.3,1.4,0,,,81.3,,0
702,2023-06-06 03:00,17.2,0,.4,0,,,78.5,,0
702,2023-06-06 04:00,17.2,44.7,.7,0,,,83.3,,0
702,2023-06-06 05:00,16.6,104.6,.7,0,,,86.1,,0
702,2023-06-06 06:00,16.6,188.1,1.3,0,,,89.7,,0
702,2023-06-06 07:00,17.7,192.2,1.1,0,,,80.3,,.6
702,2023-06-06 08:00,19.5,270.9,.6,0,,,75.3,,.9
702,2023-06-06 09:00,20.4,295.2,2.1,0,,,65.3,,1.6
702,2023-06-06 10:00,21.6,325.1,3,0,,,49.7,,1.9
702,2023-06-06 11:00,22.7,1.8,2,0,,,46.4,,2.5
702,2023-06-06 12:00,24,322,1.7,0,,,47.7,,3
702,2023-06-06 13:00,24.4,283.8,1.7,0,,,40.8,,3.5
702,2023-06-06 14:00,25.4,179,2.4,0,,,42.2,,4
702,2023-06-06 15:00,26.1,252,3.9,0,,,53.5,,4.4
702,2023-06-06 16:00,24.1,264.9,6,0,,,47.6,,5
702,2023-06-06 17:00,23.7,244.9,5.8,0,,,52.2,,5.4
702,2023-06-06 18:00,22.7,252.9,6,0,,,53.6,,6
702,2023-06-06 19:00,21.3,271.4,5.1,0,,,55.5,,6.4
702,2023-06-06 20:00,20.1,247.9,4.5,0,,,68.1,,6.2
702,2023-06-06 21:00,19.3,220.7,2.7,0,,,77.1,,6.4
702,2023-06-06 22:00,18.9,210.8,2.4,0,,,80.1,,6.2
702,2023-06-06 23:00,18.6,188.8,1.9,0,,,83.8,,6.4
702,2023-06-07 00:00,17.9,166.6,1.2,0,,,91.1,,6.2
702,2023-06-07 01:00,18,175.2,1.8,0,,,90.5,,0
702,2023-06-07 02:00,17.7,238,1.3,0,,,91.4,,0
702,2023-06-07 03:00,17.6,154,1.2,0,,,90.7,,0
702,2023-06-07 04:00,17.3,119.6,1,0,,,90.8,,0
702,2023-06-07 05:00,17.1,63.5,.9,0,,,85.2,,0
702,2023-06-07 06:00,17.2,152.9,1.2,0,,,88.6,,0
702,2023-06-07 07:00,17.9,85.2,.6,0,,,83.1,,0
702,2023-06-07 08:00,19.2,120.5,1.4,0,,,76.9,,.4
702,2023-06-07 09:00,20.1,179.7,1.7,0,,,68.2,,.6
702,2023-06-07 10:00,21.3,190.5,2.4,0,,,63.2,,1.4
702,2023-06-07 11:00,22.5,186.7,2.5,0,,,57.4,,1.4
702,2023-06-07 12:00,24.1,213.1,2.4,0,,,56.2,,2.3
702,2023-06-07 13:00,24.7,185.9,1.9,0,,,51.1,,1.8
702,2023-06-07 14:00,26.6,246.3,1.6,0,,,47.1,,3
702,2023-06-07 15:00,26.2,250.9,4,0,,,55.3,,2.7
702,2023-06-07 16:00,25.9,249.6,2.6,0,,,55.2,,3.5
702,2023-06-07 17:00,25.4,254.6,3.6,0,,,62.7,,2.9
702,2023-06-07 18:00,24.8,254.4,3.7,0,,,65.1,,4.2
702,2023-06-07 19:00,23.4,253.9,4.4,0,,,70.7,,3.1
702,2023-06-07 20:00,20.6,250.6,4.4,0,,,80,,4.2
702,2023-06-07 21:00,20.1,259.4,2.1,0,,,80.8,,3.1
702,2023-06-07 22:00,20,242.7,2.9,0,,,82.4,,4.2
702,2023-06-07 23:00,19.7,262,2.2,0,,,84.3,,3.1
702,2023-06-08 00:00,19.4,207.6,1.1,0,,,86.6,,4.2
702,2023-06-08 01:00,19.6,257.6,.8,0,,,84.6,,0
702,2023-06-08 02:00,19.6,298,.9,0,,,84.4,,0
702,2023-06-08 03:00,19,129.2,1.6,0,,,92.8,,0
702,2023-06-08 04:00,19.1,234,.7,0,,,92.5,,0
702,2023-06-08 05:00,19.3,241.2,2.4,0,,,81.4,,0
702,2023-06-08 06:00,18.6,156.1,1.5,0,,,83.1,,0
702,2023-06-08 07:00,19.6,282.3,2.3,0,,,76.6,,0
702,2023-06-08 08:00,20,186.5,1.9,0,,,74.4,,.2
702,2023-06-08 09:00,20.8,164.7,2.1,0,,,72.4,,.4
702,2023-06-08 10:00,21.1,176.8,4,0,,,65.5,,.3
702,2023-06-08 11:00,23.3,355.8,1,0,,,57.2,,1.3
702,2023-06-08 12:00,25,217.4,1.5,0,,,51.9,,1.3
702,2023-06-08 13:00,26.1,248.6,1.9,0,,,49.1,,2.2
702,2023-06-08 14:00,27.4,165.3,3.6,0,,,41.6,,2.3
702,2023-06-08 15:00,28.3,229.9,6.8,0,,,44.6,,3
702,2023-06-08 16:00,22.9,266.4,7.1,0,,,65.8,,2.5
702,2023-06-08 17:00,22.5,176,2.2,0,,,68.8,,3
702,2023-06-08 18:00,23,213.2,4.3,0,,,69.2,,2.9
702,2023-06-08 19:00,22.6,208.1,5.1,0,,,63.3,,3.5
702,2023-06-08 20:00,21.8,181,1.7,0,,,68.7,,2.9
702,2023-06-08 21:00,21.5,332.3,.6,0,,,72.6,,3.5
702,2023-06-08 22:00,20.8,151.8,.6,0,,,84.5,,2.9
702,2023-06-08 23:00,21.6,301.9,2.2,0,,,73.7,,3.5
702,2023-06-09 00:00,20.3,159.3,1.5,0,,,84.7,,2.9
702,2023-06-09 01:00,20.5,216.3,1.3,0,,,84,,0
702,2023-06-09 02:00,20.9,191.1,3.6,0,,,74.6,,0
702,2023-06-09 03:00,20.6,221.1,4.1,0,,,78.6,,0
702,2023-06-09 04:00,19.8,219.3,4.4,.3,,,88.4,,0
702,2023-06-09 05:00,19.7,239.4,4.2,0,,,88.5,,0
702,2023-06-09 06:00,19.6,236.7,3.5,0,,,90.8,,0
702,2023-06-09 07:00,20.1,235.1,2.6,0,,,86.8,,.1
702,2023-06-09 08:00,20.5,243.9,2.5,0,,,80.3,,0
702,2023-06-09 09:00,21.9,248.8,.9,0,,,71,,.4
702,2023-06-09 10:00,23.5,169.6,1.5,0,,,60.1,,1
702,2023-06-09 11:00,24.6,110.1,1.6,0,,,51.4,,1.4
702,2023-06-09 12:00,26.1,91.7,1.5,0,,,44.3,,2
702,2023-06-09 13:00,27.2,318.2,2.6,0,,,30.4,,2.4
702,2023-06-09 14:00,28.4,338,2,0,,,27.5,,3
702,2023-06-09 15:00,28.8,353.2,1.7,0,,,21.5,,3.4
702,2023-06-09 16:00,29,151.6,1.9,0,,,20.6,,4
702,2023-06-09 17:00,29,88.6,1.2,0,,,18.6,,4.3
702,2023-06-09 18:00,29.3,124.1,1.2,0,,,17.1,,5
702,2023-06-09 19:00,27.8,162.3,2.6,0,,,35.2,,4.8
702,2023-06-09 20:00,26.5,139.2,1.7,0,,,36.4,,5
702,2023-06-09 21:00,24.4,80.3,1.2,0,,,48,,4.8
702,2023-06-09 22:00,23.7,180.4,2.4,0,,,55.4,,5
702,2023-06-09 23:00,22.5,117.2,.7,0,,,76.6,,4.8
702,2023-06-10 00:00,22.2,199.4,2,0,,,84.1,,5
702,2023-06-10 01:00,22.8,264.5,4.3,0,,,72.3,,0
702,2023-06-10 02:00,22.7,203.1,3.1,0,,,67.5,,0
702,2023-06-10 03:00,21.8,218.9,1.3,0,,,71.9,,0
702,2023-06-10 04:00,21.3,101.1,1.6,0,,,73.6,,0
702,2023-06-10 05:00,21.6,132,2.2,0,,,69.8,,0
702,2023-06-10 06:00,21.1,143.9,1,0,,,76.6,,0
702,2023-06-10 07:00,22.1,108.4,1.5,0,,,74.1,,.2
702,2023-06-10 08:00,23.5,116.9,3.6,0,,,60.8,,.2
702,2023-06-10 09:00,24.1,102.3,3.8,0,,,56.9,,.5
702,2023-06-10 10:00,25.3,116.2,3,0,,,49.2,,.7
702,2023-06-10 11:00,26.9,98,3.6,0,,,45,,1.5
702,2023-06-10 12:00,28.6,124.9,3.1,0,,,34.4,,1.7
702,2023-06-10 13:00,30.7,220.5,1.3,0,,,24.9,,2.5
702,2023-06-10 14:00,31,246,3.8,0,,,33.5,,2.5
702,2023-06-10 15:00,30.9,236.3,2.6,0,,,31.6,,3.1
702,2023-06-10 16:00,29.2,277.3,6.7,0,,,27.8,,3.4
702,2023-06-10 17:00,22.7,237.8,7.2,0,,,70,,3.1
702,2023-06-10 18:00,22.1,180.2,4.1,0,,,69.7,,3.6
702,2023-06-10 19:00,21.8,171.2,3.4,0,,,78.5,,3.2
702,2023-06-10 20:00,21.8,122.7,3.9,0,,,77.4,,3.6
702,2023-06-10 21:00,21,105.7,3.5,0,,,79.4,,3.2
702,2023-06-10 22:00,20.5,37.7,1.7,0,,,78.6,,3.6
702,2023-06-10 23:00,20.2,65.4,.8,0,,,78.7,,3.2
702,2023-06-11 00:00,19.7,60,.8,0,,,81.9,,3.6
702,2023-06-11 01:00,19.2,85.1,.8,0,,,84.4,,0
702,2023-06-11 02:00,19.5,74.6,.8,0,,,82.8,,0
702,2023-06-11 03:00,19.3,90.8,1.4,0,,,83.3,,0
702,2023-06-11 04:00,19,48.5,1,0,,,82.8,,0
702,2023-06-11 05:00,18.6,70,1.9,0,,,84.9,,0
702,2023-06-11 06:00,18.9,47.8,1.6,0,,,82.8,,.2
702,2023-06-11 07:00,20.6,44.3,1.3,0,,,76,,1
702,2023-06-11 08:00,21.8,104,2,0,,,71.9,,1.2
702,2023-06-11 09:00,24,102.4,1.8,0,,,62.2,,1.9
702,2023-06-11 10:00,25.2,210.1,1.4,0,,,57.7,,2.2
702,2023-06-11 11:00,26.3,177.3,2.5,0,,,52.9,,2.8
702,2023-06-11 12:00,27.3,182.3,1.2,0,,,50.2,,2.9
702,2023-06-11 13:00,26.9,275.3,3.7,0,,,60.9,,3.3
702,2023-06-11 14:00,26.3,260.7,4.6,0,,,59.9,,3.7
702,2023-06-11 15:00,26.8,262.2,3.8,0,,,64.5,,4.2
702,2023-06-11 16:00,26.3,230.6,5.1,0,,,58.2,,4.7
702,2023-06-11 17:00,26.2,251.9,4.2,0,,,60.8,,4.9
702,2023-06-11 18:00,25.2,257,4.8,0,,,57.7,,5
702,2023-06-11 19:00,24.8,229.4,3.5,0,,,61.2,,4.9
702,2023-06-11 20:00,24,232.4,3.4,0,,,65.3,,5
702,2023-06-11 21:00,22.8,218.5,4.3,0,,,74.9,,4.9
702,2023-06-11 22:00,22,267.5,2.4,0,,,75.8,,5
702,2023-06-11 23:00,21.5,208.3,1.8,0,,,73.8,,4.9
702,2023-06-12 00:00,20.5,182.6,2,0,,,80.8,,5
702,2023-06-12 01:00,20.2,199.5,1.7,0,,,81.5,,0
702,2023-06-12 02:00,19.7,141.1,.5,0,,,85.3,,0
702,2023-06-12 03:00,19.2,0,0,0,,,88.1,,0
702,2023-06-12 04:00,19.4,0,.3,0,,,91.5,,0
702,2023-06-12 05:00,19.3,110.5,.6,0,,,91.7,,0
702,2023-06-12 06:00,19.8,334,1.9,0,,,82.7,,0
702,2023-06-12 07:00,20.3,173.4,.5,0,,,79.7,,0
702,2023-06-12 08:00,20.6,179.5,1.7,0,,,79.8,,0
702,2023-06-12 09:00,22.4,115.1,1.6,0,,,67.2,,1
702,2023-06-12 10:00,23.2,148.9,1.3,0,,,62.3,,1
702,2023-06-12 11:00,24.1,168.6,1.6,0,,,58.9,,2
702,2023-06-12 12:00,25.8,216.5,1.4,0,,,51.5,,2
702,2023-06-12 13:00,26.2,218.7,1.1,0,,,48.4,,2.8
702,2023-06-12 14:00,27.7,274.8,2.3,0,,,40.6,,2.9
702,2023-06-12 15:00,27.9,265.1,2.3,0,,,35.5,,3.7
702,2023-06-12 16:00,26.6,258.6,5.3,0,,,55.5,,3.8
702,2023-06-12 17:00,25.7,243,4.1,0,,,54.7,,4.6
702,2023-06-12 18:00,25.1,270.4,4.1,0,,,58,,4.5
702,2023-06-12 19:00,24.8,282.1,2.7,0,,,59.4,,4.6
702,2023-06-12 20:00,23.4,208.1,2.9,0,,,69.2,,4.5
702,2023-06-12 21:00,22.6,209.7,2.8,0,,,69.9,,4.6
702,2023-06-12 22:00,22.1,239.4,4.4,0,,,68.1,,4.5
702,2023-06-12 23:00,21,211.2,4.1,0,,,73,,4.6
702,2023-06-13 00:00,20.1,216.7,3.1,0,,,78,,4.5
702,2023-06-13 01:00,19.7,217.1,3,0,,,80.8,,0
702,2023-06-13 02:00,19.2,216,2.4,0,,,84.4,,0
702,2023-06-13 03:00,18.8,204.9,1.3,0,,,85.9,,0
702,2023-06-13 04:00,18.5,189.4,1,0,,,92.1,,0
702,2023-06-13 05:00,18.2,234.9,.5,0,,,93.8,,0
702,2023-06-13 06:00,18.2,166.6,1,0,,,94.2,,.3
702,2023-06-13 07:00,19.3,164.7,1.7,0,,,85.7,,.9
702,2023-06-13 08:00,20.9,202.6,.7,0,,,70.2,,1.4
702,2023-06-13 09:00,22.3,99.1,1.4,0,,,64.3,,1.9
702,2023-06-13 10:00,23.2,165.8,1.2,0,,,54.1,,2.3
702,2023-06-13 11:00,24.8,175,1.6,0,,,50.3,,2.9
702,2023-06-13 12:00,26.1,206.2,2,0,,,42.6,,3.3
702,2023-06-13 13:00,26.6,210.6,3.2,0,,,40.3,,3.9
702,2023-06-13 14:00,27.2,245,3.1,0,,,37.4,,4.3
702,2023-06-13 15:00,26.6,265.2,4.9,0,,,54,,4.9
702,2023-06-13 16:00,26.5,251.2,4.9,0,,,48.8,,5.3
702,2023-06-13 17:00,25.1,264.2,4.7,0,,,53.1,,5.9
702,2023-06-13 18:00,24.1,255.3,5.6,0,,,56.8,,6.3
702,2023-06-13 19:00,23.6,266.1,3.7,0,,,58.4,,6.9
702,2023-06-13 20:00,22.2,257.6,3.4,0,,,63.5,,6.4
702,2023-06-13 21:00,21.3,206.2,2.1,0,,,70.4,,6.9
702,2023-06-13 22:00,20.7,220.3,2.2,0,,,73.9,,6.4
702,2023-06-13 23:00,20.1,210.8,1.8,0,,,82.3,,6.9
702,2023-06-14 00:00,19.7,181.1,1.5,0,,,85.7,,6.4
702,2023-06-14 01:00,19.4,184.2,1.7,0,,,89.1,,0
702,2023-06-14 02:00,19,177,1.1,0,,,92.7,,0
702,2023-06-14 03:00,18.4,0,.4,0,,,93.6,,0
702,2023-06-14 04:00,18.2,89.1,1.1,0,,,94.4,,0
702,2023-06-14 05:00,17.9,0,.1,0,,,94,,0
702,2023-06-14 06:00,18.3,114.6,.8,0,,,90.3,,0
702,2023-06-14 07:00,18.9,99.6,1.4,0,,,85.9,,0
702,2023-06-14 08:00,19.6,139.1,1.4,0,,,80.7,,0
702,2023-06-14 09:00,21,128.5,1.6,0,,,68.8,,.8
702,2023-06-14 10:00,22.7,164.9,1,0,,,60.4,,1
702,2023-06-14 11:00,24,201.7,2.6,0,,,49.5,,1.8
702,2023-06-14 12:00,24.9,258.8,3,0,,,48,,2
702,2023-06-14 13:00,25.8,224.4,3,0,,,47.3,,2.6
702,2023-06-14 14:00,26.3,231,4.4,0,,,40.4,,2.8
702,2023-06-14 15:00,26.4,234.9,4.6,0,,,39,,3.6
702,2023-06-14 16:00,26.1,275.1,3.7,0,,,44.5,,3.8
702,2023-06-14 17:00,25.2,265.7,4.8,0,,,42.8,,4.6
702,2023-06-14 18:00,24.5,,,0,,,47.6,,4.8
702,2023-06-14 19:00,,,,0,,,,,5.1
702,2023-06-14 22:00,20.3,,,0,,,74.1,,10.6
702,2023-06-14 23:00,19.4,,,0,,,80.5,,0
702,2023-06-15 00:00,18.8,180,1.2,0,,,86.3,,10.6
702,2023-06-15 01:00,18.4,141.9,.8,0,,,89.4,,0
702,2023-06-15 02:00,18.3,181,1.9,0,,,92.2,,0
702,2023-06-15 03:00,18.2,176.6,1.2,0,,,91.5,,0
702,2023-06-15 04:00,17.9,0,.2,0,,,93.1,,0
702,2023-06-15 05:00,17.2,95.4,1.3,0,,,92,,0
702,2023-06-15 06:00,17.1,142.4,.7,0,,,88.9,,0
702,2023-06-15 07:00,18,74.1,.8,0,,,80.4,,.3
702,2023-06-15 08:00,20.3,120,.6,0,,,70.2,,.6
702,2023-06-15 09:00,20.4,112.4,2,0,,,72,,1.3
702,2023-06-15 10:00,22.2,209.5,1.5,0,,,63.5,,1.5
702,2023-06-15 11:00,23.5,220.9,1,0,,,56.5,,2.2
702,2023-06-15 12:00,25.3,283.4,1.5,0,,,44.5,,2.5
702,2023-06-15 13:00,25.5,232.3,2.4,0,,,51.8,,2.8
702,2023-06-15 14:00,25.2,237,3.9,0,,,48.5,,3.2
702,2023-06-15 15:00,26.3,287.4,3,0,,,45.4,,3.8
702,2023-06-15 16:00,26.3,243.6,4.7,0,,,46,,4.2
702,2023-06-15 17:00,25.1,270.4,4.3,0,,,51.5,,4.8
702,2023-06-15 18:00,24.3,254.4,4.7,0,,,60.8,,5.2
702,2023-06-15 19:00,23.6,262.8,3.6,0,,,57.7,,5.8
702,2023-06-15 20:00,22.1,240.5,2,0,,,70,,5.2
702,2023-06-15 21:00,21.3,259.7,2.4,0,,,65.7,,5.8
702,2023-06-15 22:00,20.6,209.9,2.5,0,,,71.3,,5.2
702,2023-06-15 23:00,20,192.8,1.9,0,,,79.1,,5.8
702,2023-06-16 00:00,19.6,216.5,1.2,0,,,85.1,,5.2
702,2023-06-16 01:00,19.2,150.8,1.6,0,,,85.8,,0
702,2023-06-16 02:00,18.6,89.3,1.4,0,,,91.7,,0
702,2023-06-16 03:00,18.3,48.1,1.2,0,,,91.1,,0
702,2023-06-16 04:00,18,115.6,.6,0,,,92.8,,0
702,2023-06-16 05:00,17.6,148,.8,0,,,93.5,,0
702,2023-06-16 06:00,17.7,58.4,1.5,0,,,91,,0
702,2023-06-16 07:00,18.4,118.6,1.6,0,,,86.6,,0
702,2023-06-16 08:00,20.5,0,.2,0,,,72.9,,.4
702,2023-06-16 09:00,21.2,172.5,1.1,0,,,69.6,,1
702,2023-06-16 10:00,23.7,143.9,1.1,0,,,63.4,,1.4
702,2023-06-16 11:00,25.2,195.3,1.3,0,,,57.3,,2
702,2023-06-16 12:00,27.1,296.7,2.2,0,,,49.2,,2.4
702,2023-06-16 13:00,27.9,307.9,2,0,,,44.1,,3
702,2023-06-16 14:00,28.5,294.6,2.2,0,,,40.5,,3.4
702,2023-06-16 15:00,29.3,332.8,2.2,0,,,39.4,,4
702,2023-06-16 16:00,29.4,274.5,2.1,0,,,46.8,,4.4
702,2023-06-16 17:00,28.8,262.2,3.7,0,,,48.9,,5
702,2023-06-16 18:00,28.4,260.9,3.9,0,,,51.4,,5.4
702,2023-06-16 19:00,26.8,243.8,3.6,0,,,52.1,,5.8
702,2023-06-16 20:00,24.5,214.5,4,0,,,67.3,,5.4
702,2023-06-16 21:00,23.2,211.9,3.1,0,,,70.9,,5.8
702,2023-06-16 22:00,22.3,216.5,2.4,0,,,72.8,,5.4
702,2023-06-16 23:00,21.8,216.5,2.1,0,,,77,,5.8
702,2023-06-17 00:00,21.3,156.2,1,0,,,82.5,,5.4
702,2023-06-17 01:00,21,158.7,1.3,0,,,84.9,,0
702,2023-06-17 02:00,20.7,148.5,.8,0,,,88.4,,0
702,2023-06-17 03:00,20.3,143,.6,0,,,92.4,,0
702,2023-06-17 04:00,19.9,132.8,.8,0,,,94.3,,0
702,2023-06-17 05:00,19.2,90,.7,0,,,94.6,,0
702,2023-06-17 06:00,19.3,0,0,0,,,92.4,,.2
702,2023-06-17 07:00,20.6,109,1.2,0,,,79.6,,.9
702,2023-06-17 08:00,21.7,120.5,1.2,0,,,72.1,,1
702,2023-06-17 09:00,23.5,175.9,1,0,,,62.9,,1.9
702,2023-06-17 10:00,25.4,129.7,1.7,0,,,58.9,,2
702,2023-06-17 11:00,27,171.4,1.3,0,,,52.1,,2.9
702,2023-06-17 12:00,28.5,161.9,1.5,0,,,49.3,,3
702,2023-06-17 13:00,29.9,329.6,2.3,0,,,41.8,,3.9
702,2023-06-17 14:00,29.5,254.7,4.8,0,,,57.1,,3.8
702,2023-06-17 15:00,27.8,269.4,5,0,,,54.6,,4.6
702,2023-06-17 16:00,27.6,250.9,5.2,0,,,47.5,,4.3
702,2023-06-17 17:00,25.9,256.6,4,0,,,49,,4.8
702,2023-06-17 18:00,25,233.8,4.3,0,,,49.8,,4.3
702,2023-06-17 19:00,23.6,217.6,3.1,0,,,59,,4.8
702,2023-06-17 20:00,22.6,209.8,2.8,0,,,66.4,,4.3
702,2023-06-17 21:00,22.4,210.5,2.3,0,,,66.5,,4.8
702,2023-06-17 22:00,22.2,193.7,2.3,0,,,69.2,,4.3
702,2023-06-17 23:00,21.8,205.8,1.9,0,,,72.9,,4.8
702,2023-06-18 00:00,21.5,0,.4,0,,,74.5,,4.3
702,2023-06-18 01:00,21.2,127.9,1,0,,,81.9,,0
702,2023-06-18 02:00,21.3,184,1,0,,,84.1,,0
702,2023-06-18 03:00,21,187.5,.6,0,,,84.2,,0
702,2023-06-18 04:00,20.7,228.1,.9,0,,,85.7,,0
702,2023-06-18 05:00,20.2,124.5,1.6,0,,,87.6,,0
702,2023-06-18 06:00,20,64.6,.9,0,,,87,,0
702,2023-06-18 07:00,20.2,111.4,.8,0,,,85.5,,0
702,2023-06-18 08:00,20.9,,,0,,,75.7,,0
702,2023-06-18 09:00,22.3,148.9,.6,0,,,73,,.1
702,2023-06-18 10:00,24.3,128.4,1.3,0,,,61.1,,.9
702,2023-06-18 11:00,25.6,179.5,2.1,0,,,54.4,,1.1
702,2023-06-18 12:00,27.3,294.2,2.5,0,,,40.9,,1.9
702,2023-06-18 13:00,28.3,326.7,2.2,0,,,39.2,,2.1
702,2023-06-18 14:00,29.6,296.2,2.6,0,,,40.2,,2.9
702,2023-06-18 15:00,29.6,290.1,2.1,0,,,42.6,,3.1
702,2023-06-18 16:00,28.3,256.6,5,0,,,44.1,,3.9
702,2023-06-18 17:00,27.8,263.6,4.7,0,,,47.1,,4.1
702,2023-06-18 18:00,27.3,222.5,2.7,0,,,47.2,,4.9
702,2023-06-18 19:00,25.9,212.3,3.4,0,,,46.4,,5.1
702,2023-06-18 20:00,24,219.3,3.8,0,,,49.6,,5.1
702,2023-06-18 21:00,22.5,201.6,2.6,0,,,60.3,,5.1
702,2023-06-18 22:00,21.7,174.3,2.3,0,,,73,,5.1
702,2023-06-18 23:00,21.1,167.5,1.4,0,,,81.1,,5.1
702,2023-06-19 00:00,20.8,189.1,1.1,0,,,83.4,,5.1
702,2023-06-19 01:00,20.5,224.1,1.3,0,,,86,,0
702,2023-06-19 02:00,20.1,140.8,.8,0,,,92.7,,0
702,2023-06-19 03:00,19.7,105.7,1.9,0,,,93.4,,0
702,2023-06-19 04:00,19.3,104.3,1.5,0,,,93,,0
702,2023-06-19 05:00,19.1,7.6,1.1,0,,,85.5,,0
702,2023-06-19 06:00,19.3,0,.3,0,,,91.1,,.2
702,2023-06-19 07:00,21.7,6.3,2.4,0,,,73.3,,1
702,2023-06-19 08:00,23.9,91.6,.6,0,,,63,,1.2
702,2023-06-19 09:00,24.6,146.9,1.1,0,,,62.2,,2
702,2023-06-19 10:00,27.6,106,1.1,0,,,53,,2.2
702,2023-06-19 11:00,29.1,211.2,1.4,0,,,46.6,,3
702,2023-06-19 12:00,31.4,104.3,1.5,0,,,44.7,,3.2
702,2023-06-19 13:00,31.7,181.4,1.5,0,,,39.6,,4
702,2023-06-19 14:00,32.7,202.7,1.6,0,,,39.5,,4
702,2023-06-19 15:00,32.3,296.1,2.1,0,,,44.6,,4.7
702,2023-06-19 16:00,30,261.8,5.4,0,,,50.9,,4.6
702,2023-06-19 17:00,29,239.7,5,0,,,54.4,,5.3
702,2023-06-19 18:00,27,246.4,6.6,0,,,55.6,,4.8
702,2023-06-19 19:00,25.4,256.6,4.9,0,,,58.6,,5.3
702,2023-06-19 20:00,24.3,241.1,3,0,,,65.7,,4.8
702,2023-06-19 21:00,23.4,173,1.6,0,,,72.2,,5.3
702,2023-06-19 22:00,23.1,94.6,3.3,0,,,75,,4.8
702,2023-06-19 23:00,23.5,11.9,1.5,0,,,67.6,,5.3
702,2023-06-20 00:00,23.3,5.5,.6,0,,,70.5,,4.8
702,2023-06-20 01:00,22.7,19.9,.9,0,,,76.4,,0
702,2023-06-20 02:00,21.9,76.8,.6,0,,,83.5,,0
702,2023-06-20 03:00,21.5,255.4,.9,0,,,83.3,,0
702,2023-06-20 04:00,21.1,238.5,1.4,0,,,89,,0
702,2023-06-20 05:00,20.8,1.9,.8,0,,,84.9,,0
702,2023-06-20 06:00,20.6,135.4,1.5,0,,,92.9,,0
702,2023-06-20 07:00,22,125.4,.6,0,,,81.5,,.6
702,2023-06-20 08:00,23.8,91.4,2.4,0,,,75.5,,1
702,2023-06-20 09:00,25.2,90.6,3,0,,,59.7,,1.5
702,2023-06-20 10:00,27.1,163.6,1.5,0,,,42.9,,1.7
702,2023-06-20 11:00,28.1,229.7,1.2,0,,,36.9,,1.7
702,2023-06-20 12:00,27.1,20.2,.9,0,,,45.4,,1.7
702,2023-06-20 13:00,26.6,342.5,2.1,0,,,50.9,,1.7
702,2023-06-20 14:00,26.9,48.1,1.9,0,,,50.6,,1.7
702,2023-06-20 15:00,28,0,.4,0,,,46.7,,1.7
702,2023-06-20 16:00,27.6,83.6,2.8,0,,,40.9,,1.7
702,2023-06-20 17:00,27.5,116.1,3.3,0,,,45.9,,1.7
702,2023-06-20 18:00,25.8,161.8,3.4,0,,,57.1,,1.7
702,2023-06-20 19:00,25.3,87.5,1.6,0,,,54.6,,1.7
702,2023-06-20 20:00,24.3,349.8,1.5,.2,,,69,,1.7
702,2023-06-20 21:00,23,76.4,.5,.1,,,75.8,,1.7
702,2023-06-20 22:00,21.8,0,.1,.4,,,82.1,,1.7
702,2023-06-20 23:00,21.2,0,.2,.4,,,86,,1.7
702,2023-06-21 00:00,21.6,47.2,3.1,.1,,,83.7,,1.7
702,2023-06-21 01:00,21.2,54.3,2.7,.3,,,94.3,,0
702,2023-06-21 02:00,21.1,37.7,2.6,.3,,,89.6,,0
702,2023-06-21 03:00,21.3,43.8,1.6,.5,,,88.3,,0
702,2023-06-21 04:00,21.5,27.5,1,0,,,89.6,,0
702,2023-06-21 05:00,21.8,60.1,1.7,0,,,84.9,,0
702,2023-06-21 06:00,21.8,53,2.3,0,,,89.7,,0
702,2023-06-21 07:00,22.3,76,.7,0,,,85.4,,0
702,2023-06-21 08:00,23,0,.3,0,,,81.4,,0
702,2023-06-21 09:00,23.3,242.2,.5,0,,,78.7,,0
702,2023-06-21 10:00,23.7,170.7,1.3,0,,,78.3,,0
702,2023-06-21 11:00,22.7,230,2.6,0,,,90.8,,0
702,2023-06-21 12:00,22.7,213.4,2.8,.4,,,94.6,,0
702,2023-06-21 13:00,22.8,238.3,3.3,0,,,94.6,,0
702,2023-06-21 14:00,22.5,246.8,3.9,.5,,,94,,0
702,2023-06-21 15:00,22.7,250,3.6,0,,,84,,0
702,2023-06-21 16:00,23.1,243.8,4.7,0,,,80.7,,.1
702,2023-06-21 17:00,22.9,249.5,5.5,0,,,81.4,,.7
702,2023-06-21 18:00,22.2,243.3,4.2,0,,,83.1,,.3
702,2023-06-21 19:00,21.9,254.1,3.1,0,,,83.8,,.8
702,2023-06-21 20:00,21.6,261.2,2.3,0,,,81.6,,.3
702,2023-06-21 21:00,21.4,242.4,3.1,0,,,83.8,,.8
702,2023-06-21 22:00,20.8,247.1,2.7,0,,,83.1,,.3
702,2023-06-21 23:00,20.1,234.4,2.2,0,,,85.3,,.8
702,2023-06-22 00:00,19.8,196.2,1.8,0,,,93.1,,.3
702,2023-06-22 01:00,20,237.5,1.9,0,,,91.8,,0
702,2023-06-22 02:00,,,,0,,,,,0
702,2023-06-22 03:00,20.1,248.1,2.1,0,,,89.5,,0
702,2023-06-22 04:00,20.1,261.8,2.7,0,,,82.6,,0
702,2023-06-22 05:00,20,234.6,2.8,0,,,86.6,,0
702,2023-06-22 06:00,20,237,1.7,0,,,83.9,,0
702,2023-06-22 07:00,20.2,245.8,3.5,0,,,80.2,,0
702,2023-06-22 08:00,21,259.7,2,0,,,78,,0
702,2023-06-22 09:00,21.5,301,3.7,0,,,71.4,,.2
702,2023-06-22 10:00,23,258.3,3.2,0,,,68.7,,.5
702,2023-06-22 11:00,23.4,250,3.5,0,,,69,,.7
702,2023-06-22 12:00,23.8,226.2,5.2,0,,,70.9,,1.1
702,2023-06-22 13:00,24.6,249.2,6,0,,,62.9,,1.6
702,2023-06-22 14:00,24.7,246.4,5.6,0,,,63.2,,1.9
702,2023-06-22 15:00,25.4,269.2,4.5,0,,,63.4,,2.5
702,2023-06-22 16:00,25.3,238,5.6,0,,,61.7,,2.9
702,2023-06-22 17:00,24.9,253.2,5.1,0,,,62.3,,3.5
702,2023-06-22 18:00,24.2,255.6,5,0,,,66.2,,3.9
702,2023-06-22 19:00,23.3,263.2,5.6,0,,,66.7,,4.5
702,2023-06-22 20:00,22.7,253.2,4.3,0,,,74.3,,4.1
702,2023-06-22 21:00,22.2,235.8,3.9,0,,,80.3,,4.5
702,2023-06-22 22:00,21.8,217.6,2.3,0,,,84.4,,4.1
702,2023-06-22 23:00,21.6,213.1,2.5,0,,,86.2,,4.5
702,2023-06-23 00:00,21.1,228.3,1.8,0,,,90,,4.1
702,2023-06-23 01:00,20.8,177.1,.9,0,,,91,,0
702,2023-06-23 02:00,20.3,0,.2,0,,,93.9,,0
702,2023-06-23 03:00,20.4,0,.4,0,,,93,,0
702,2023-06-23 04:00,20.4,118.2,.8,0,,,93.7,,0
702,2023-06-23 05:00,20.3,132.9,1.2,0,,,93.5,,0
702,2023-06-23 06:00,20.5,0,0,0,,,91.6,,0
702,2023-06-23 07:00,21,217.1,1.8,0,,,89.5,,0
702,2023-06-23 08:00,22.1,145.4,.9,0,,,81.4,,.5
702,2023-06-23 09:00,23.3,154.6,1.2,0,,,68.9,,1
702,2023-06-23 10:00,24.6,159.6,1.4,0,,,61.2,,1.4
702,2023-06-23 11:00,25.6,189.8,1.6,0,,,59,,2
702,2023-06-23 12:00,27.2,207.2,1.5,0,,,51.4,,2.4
702,2023-06-23 13:00,28.6,259.9,2.1,0,,,49.2,,3
702,2023-06-23 14:00,29,312,2.5,0,,,40.9,,3.4
702,2023-06-23 15:00,30.2,333.4,2.3,0,,,35.1,,4
702,2023-06-23 16:00,30.4,287.6,3,0,,,39.6,,4.4
702,2023-06-23 17:00,30.4,248.4,2,0,,,45.3,,5
702,2023-06-23 18:00,28.7,280.9,3.6,0,,,46.4,,5.1
702,2023-06-23 19:00,28.2,265.4,3.3,0,,,44.6,,5.4
702,2023-06-23 20:00,26.2,237.4,2.3,0,,,60.2,,5.1
702,2023-06-23 21:00,24.6,202.9,2.8,0,,,72.2,,5.4
702,2023-06-23 22:00,24,200,3.4,0,,,77.8,,5.1
702,2023-06-23 23:00,23.3,227.8,2,0,,,83.4,,5.4
702,2023-06-24 00:00,23,163.1,1.5,0,,,86,,5.1
702,2023-06-24 01:00,22.6,246.9,1.6,0,,,92.2,,0
702,2023-06-24 02:00,22.6,166.6,.5,0,,,86.5,,0
702,2023-06-24 03:00,22.2,202.5,.7,0,,,92.8,,0
702,2023-06-24 04:00,22.1,110,1.4,0,,,94.5,,0
702,2023-06-24 05:00,21.8,108.7,.6,0,,,95,,0
702,2023-06-24 06:00,21.5,59.4,1,0,,,91.7,,0
702,2023-06-24 07:00,22.7,45.8,1.8,0,,,84.4,,.5
702,2023-06-24 08:00,24.5,82,1.8,0,,,68.3,,1
702,2023-06-24 09:00,26.3,93.5,1.4,0,,,63.2,,1.5
702,2023-06-24 10:00,27.7,89.3,1.2,0,,,55.8,,2
702,2023-06-24 11:00,28.4,135,1.6,0,,,54.5,,2.5
702,2023-06-24 12:00,30.4,224.6,1,0,,,50.2,,3
702,2023-06-24 13:00,30.6,296.8,.9,0,,,39,,3.5
702,2023-06-24 14:00,30.8,5,2.2,0,,,46.4,,3.8
702,2023-06-24 15:00,31.2,349.9,1.5,0,,,42,,3.9
702,2023-06-24 16:00,30.3,240,2.3,0,,,55.3,,4.2
702,2023-06-24 17:00,28.6,271,4.5,0,,,60.1,,4.4
702,2023-06-24 18:00,27.1,247.3,5.4,0,,,65.2,,4.3
702,2023-06-24 19:00,25.5,258.8,4.1,0,,,67.5,,4.4
702,2023-06-24 20:00,25,248.8,2.2,0,,,66.9,,4.3
702,2023-06-24 21:00,24.5,181,2.4,0,,,71.9,,4.4
702,2023-06-24 22:00,24.6,195.5,1.9,0,,,73.8,,4.3
702,2023-06-24 23:00,24.3,205.5,1.3,0,,,74.9,,4.4
702,2023-06-25 00:00,23.5,193.8,1.4,0,,,83,,4.3
702,2023-06-25 01:00,23.3,196.8,1.3,0,,,84.3,,0
702,2023-06-25 02:00,22.7,357.8,1.2,0,,,87.1,,0
702,2023-06-25 03:00,21.9,99.8,.6,0,,,94.1,,0
702,2023-06-25 04:00,21.6,47.6,1.3,0,,,94.1,,0
702,2023-06-25 05:00,21,45.1,.9,0,,,94.5,,0
702,2023-06-25 06:00,21.4,0,.3,0,,,92.3,,.1
702,2023-06-25 07:00,22.2,58.6,1.4,0,,,81.9,,.2
702,2023-06-25 08:00,23.4,82.8,1.4,0,,,77.8,,.2
702,2023-06-25 09:00,25.8,94.7,1.1,0,,,64.3,,1.2
702,2023-06-25 10:00,26.7,213.3,1,0,,,61.8,,1.2
702,2023-06-25 11:00,27.6,132.5,1.7,0,,,59,,2
702,2023-06-25 12:00,29.1,135.1,1.2,0,,,44.9,,1.9
702,2023-06-25 13:00,30.2,136.1,3.6,0,,,34.9,,2.5
702,2023-06-25 14:00,30.5,211.3,2.4,0,,,43.9,,2.7
702,2023-06-25 15:00,30.6,145,3,0,,,40.2,,3.2
702,2023-06-25 16:00,29.6,145.4,2.9,0,,,43.4,,2.7
702,2023-06-25 17:00,28,154.9,3.6,0,,,50.7,,3.2
702,2023-06-25 18:00,27.2,162.2,2.8,0,,,58.8,,2.7
702,2023-06-25 19:00,27,121.1,4.1,0,,,56.5,,3.2
702,2023-06-25 20:00,23.5,163.2,2.2,0,,,84.3,,2.7
702,2023-06-25 21:00,23.4,134.4,3.1,0,,,82.9,,3.2
702,2023-06-25 22:00,22.7,94.2,3.3,.2,,,85.4,,2.7
702,2023-06-25 23:00,22.6,76.3,1.7,.1,,,88.7,,3.2
702,2023-06-26 00:00,22.7,131.1,3.8,.5,,,88,,2.7
702,2023-06-26 01:00,22.6,91,2.3,0,,,91.8,,0
702,2023-06-26 02:00,22.7,151.7,1.9,.2,,,93.7,,0
702,2023-06-26 03:00,22.1,100.4,3.6,3.1,,,95.9,,0
702,2023-06-26 04:00,21.9,105.5,4.2,8.7,,,95.9,,0
702,2023-06-26 05:00,22.1,125.6,2.7,5.9,,,95.9,,0
702,2023-06-26 06:00,22.4,119.9,2,.5,,,95.4,,0
702,2023-06-26 07:00,22.9,131.5,1.4,0,,,94.3,,0
702,2023-06-26 08:00,23.4,96.2,.9,0,,,93.4,,0
702,2023-06-26 09:00,24.2,160.2,1.4,0,,,91.9,,0
702,2023-06-26 10:00,23.8,99.2,2.2,.7,,,94.6,,0
702,2023-06-26 11:00,24.6,156.5,1.4,1.6,,,94.8,,0
702,2023-06-26 12:00,25.5,208.4,1.9,0,,,90.4,,0
702,2023-06-26 13:00,25.4,214.8,4.4,3,,,93.3,,0
702,2023-06-26 14:00,25.6,204.8,4.4,1.6,,,93.5,,0
702,2023-06-26 15:00,26.4,200.5,4.6,0,,,81.5,,0
702,2023-06-26 16:00,27.3,183,4.1,0,,,74.9,,0
702,2023-06-26 17:00,27.4,181.5,4.3,0,,,77.1,,0
702,2023-06-26 18:00,26.9,179.1,3.8,0,,,78.7,,0
702,2023-06-26 19:00,26.4,170,3,0,,,83.2,,0
702,2023-06-26 20:00,26.1,197.6,2.5,0,,,84.7,,0
702,2023-06-26 21:00,25.6,196.6,4.9,.1,,,87.4,,0
702,2023-06-26 22:00,25.2,206.3,3.1,0,,,92.1,,0
702,2023-06-26 23:00,25.3,196.1,4.4,0,,,90.4,,0
702,2023-06-27 00:00,25.2,202.1,5.6,0,,,91,,0
702,2023-06-27 01:00,25,197.5,5.8,.1,,,91.5,,0
702,2023-06-27 02:00,24.9,213.7,4.1,0,,,90.8,,0
702,2023-06-27 03:00,24.1,241.9,6.4,0,,,89.2,,0
702,2023-06-27 04:00,23.4,241.3,7,0,,,87.8,,0
702,2023-06-27 05:00,23.1,236.8,5.7,0,,,87.3,,0
702,2023-06-27 06:00,22.7,215.4,3.5,0,,,90.3,,0
702,2023-06-27 07:00,23.3,229.9,2,0,,,84.7,,.6
702,2023-06-27 08:00,24.4,212.5,2.9,0,,,76.5,,.9
702,2023-06-27 09:00,25.1,245.6,1.9,0,,,67.9,,1.6
702,2023-06-27 10:00,26.2,225.3,2.6,0,,,66.3,,1.9
702,2023-06-27 11:00,26.7,195.7,2,0,,,63.4,,2.5
702,2023-06-27 12:00,27.7,195.3,1.9,0,,,60.7,,2.9
702,2023-06-27 13:00,28.4,213.1,1.9,0,,,59.2,,3.4
702,2023-06-27 14:00,29.9,236.2,2.4,0,,,60,,3.9
702,2023-06-27 15:00,30.2,228.1,2.9,0,,,59.7,,4.3
702,2023-06-27 16:00,29.1,227.1,4.4,0,,,64.9,,4.6
702,2023-06-27 17:00,29.4,229.6,3.4,0,,,67.4,,5.3
702,2023-06-27 18:00,28.8,248.8,3.1,0,,,69.2,,5.2
702,2023-06-27 19:00,27.9,260.1,3.2,0,,,73.7,,6
702,2023-06-27 20:00,26.6,258.3,3.3,0,,,81,,5.2
702,2023-06-27 21:00,26.1,272.3,2.2,0,,,81.2,,6
702,2023-06-27 22:00,25.7,155.4,1.4,0,,,87.3,,5.2
702,2023-06-27 23:00,25.5,177.2,2.8,.6,,,93,,6
702,2023-06-28 00:00,24,196,4.1,.1,,,87.1,,5.2
702,2023-06-28 01:00,21.7,102.3,4.7,22.5,,,95.9,,0
702,2023-06-28 02:00,21.4,125.3,5.2,8,,,95.9,,0
702,2023-06-28 03:00,20.6,92.3,4,16.5,,,95.9,,0
702,2023-06-28 04:00,20.6,113.7,3,3.2,,,95.9,,0
702,2023-06-28 05:00,20.8,100.7,3,1.1,,,95.6,,0
702,2023-06-28 06:00,20.8,,,0,,,95.2,,0
702,2023-06-28 07:00,21.2,179.1,4.1,0,,,94.4,,.3
702,2023-06-28 08:00,21.9,112.7,4.3,0,,,91.1,,.2
702,2023-06-28 09:00,22.1,39,1,.1,,,86.4,,.3
702,2023-06-28 10:00,21.6,137,2.3,2.4,,,91.1,,.2
702,2023-06-28 11:00,22.2,113.5,3.7,0,,,89.3,,.3
702,2023-06-28 12:00,24.9,154,2.9,0,,,73.4,,.7
702,2023-06-28 13:00,26.2,179.7,3.9,0,,,73.8,,.3
702,2023-06-28 14:00,26.8,190.2,3.4,0,,,76.5,,.7
702,2023-06-28 15:00,26.9,216.2,4.6,0,,,77.3,,.3
702,2023-06-28 16:00,26.9,198.8,4.1,0,,,76.8,,.7
702,2023-06-28 17:00,27.1,208.4,4,0,,,76.1,,.3
702,2023-06-28 18:00,26.9,217.2,3.4,0,,,78.4,,.7
702,2023-06-28 19:00,26.3,201.5,2.7,0,,,80.3,,.3
702,2023-06-28 20:00,25.8,191.2,1.4,0,,,87.4,,.7
702,2023-06-28 21:00,25.6,193,1.8,0,,,88.4,,.3
702,2023-06-28 22:00,25.3,146.8,1.5,0,,,91.2,,.7
702,2023-06-28 23:00,24.8,199.9,1.7,0,,,92.9,,.3
702,2023-06-29 00:00,24.5,125.7,.5,0,,,94.1,,.7
702,2023-06-29 01:00,24.2,,,0,,,95.2,,0
702,2023-06-29 02:00,24,0,.2,0,,,95,,0
702,2023-06-29 03:00,24.2,177.3,.9,0,,,95.2,,0
702,2023-06-29 04:00,24.1,206.7,1,0,,,95.3,,0
702,2023-06-29 05:00,23.9,98.9,1,0,,,95.5,,0
702,2023-06-29 06:00,24.1,92.3,.8,0,,,95.1,,0
702,2023-06-29 07:00,25,,,0,,,89.8,,0
702,2023-06-29 08:00,25.9,137.2,2.5,0,,,82.5,,0
702,2023-06-29 09:00,26.2,136.4,2.3,0,,,80,,0
702,2023-06-29 10:00,26.3,114.6,1.6,0,,,85.2,,0
702,2023-06-29 11:00,25.9,177.1,1.4,.2,,,87.4,,0
702,2023-06-29 12:00,24.8,9.9,1.2,5.8,,,95.9,,0
702,2023-06-29 13:00,24.2,112.8,5.1,16.5,,,95.9,,0
702,2023-06-29 14:00,24.6,110,3.3,3.5,,,94.9,,0
702,2023-06-29 15:00,25,189,4.2,6.3,,,95.4,,0
702,2023-06-29 16:00,25.1,194.4,4.1,4.7,,,95.4,,0
702,2023-06-29 17:00,25.9,189.1,5.4,0,,,91.5,,0
702,2023-06-29 18:00,25.8,207.5,4.9,5.7,,,93.1,,0
702,2023-06-29 19:00,25.6,220.9,3.9,0,,,92.5,,0
702,2023-06-29 20:00,25.8,188.8,4.6,0,,,91.8,,0
702,2023-06-29 21:00,25.8,194.9,5,0,,,87.1,,0
702,2023-06-29 22:00,25.6,208.2,4.8,1.1,,,91.4,,0
702,2023-06-29 23:00,24.8,216.6,4.2,6.5,,,95.9,,0
702,2023-06-30 00:00,24.5,206.8,4.1,2,,,93.5,,0
702,2023-06-30 01:00,24.4,182.7,3,0,,,94.1,,0
702,2023-06-30 02:00,24.1,216.4,1.5,.1,,,95.9,,0
702,2023-06-30 03:00,23.9,174.7,2.5,2,,,95.9,,0
702,2023-06-30 04:00,23.5,186.2,3.6,7.3,,,95.9,,0
702,2023-06-30 05:00,23.4,154.3,1.8,2.4,,,95.9,,0
702,2023-06-30 06:00,23.4,148.4,1.2,1.5,,,95.9,,0
702,2023-06-30 07:00,23.5,143.4,2.1,1,,,95.9,,0
702,2023-06-30 08:00,23.6,183.5,2.1,.6,,,95.9,,0
702,2023-06-30 09:00,23.7,207.4,2.6,.8,,,95.9,,0
702,2023-06-30 10:00,24,196.7,2.3,.2,,,95.9,,0
702,2023-06-30 11:00,25.1,204.8,4.1,0,,,88.3,,0
702,2023-06-30 12:00,24.8,197.9,3.3,0,,,90.2,,0
702,2023-06-30 13:00,25.2,225.6,3.3,0,,,89.3,,0
702,2023-06-30 14:00,24.6,255.1,2.4,.2,,,93.9,,0
702,2023-06-30 15:00,25.3,246,2.2,0,,,91.5,,0
702,2023-06-30 16:00,25.5,265,2.5,0,,,90.2,,0
702,2023-06-30 17:00,25.8,251.3,2,0,,,85.6,,0
702,2023-06-30 18:00,25.5,267.7,2.2,0,,,84.6,,0
702,2023-06-30 19:00,25.1,315.3,1.5,0,,,91,,.1
702,2023-06-30 20:00,24.9,358.3,.7,0,,,91.2,,0
702,2023-06-30 21:00,24.5,347.6,1.6,0,,,94.7,,.1
702,2023-06-30 22:00,24.4,352.9,1.4,0,,,93.6,,0
702,2023-06-30 23:00,24.2,0,.4,0,,,93.4,,.1
702,2023-07-01 00:00,24.2,39,.7,0,,,95,,0
702,2023-07-01 01:00,24,,,0,,,95.6,,0
702,2023-07-01 02:00,24.1,0,0,0,,,95,,0
702,2023-07-01 03:00,23.8,43.7,.5,0,,,95.9,,0
702,2023-07-01 04:00,23.8,0,0,0,,,95.9,,0
702,2023-07-01 05:00,23.6,0,0,0,,,95.9,,0
702,2023-07-01 06:00,23.6,359.6,1,0,,,95.9,,0
702,2023-07-01 07:00,23.6,2,.5,0,,,95.9,,0
702,2023-07-01 08:00,24.4,0,0,0,,,94.8,,.1
702,2023-07-01 09:00,26.2,185.2,.9,0,,,82,,.4
702,2023-07-01 10:00,27.6,167.2,1.1,0,,,74.4,,.8
702,2023-07-01 11:00,28.5,249.2,1.7,0,,,73.6,,.9
702,2023-07-01 12:00,28.3,247.6,3,0,,,76.1,,1.4
702,2023-07-01 13:00,28.2,222,3.9,0,,,77.3,,1.2
702,2023-07-01 14:00,29.4,217.5,2.9,0,,,70.7,,2.4
702,2023-07-01 15:00,29.8,245.7,2.5,0,,,67.3,,2
702,2023-07-01 16:00,30.1,235,3.1,0,,,71.6,,3.1
702,2023-07-01 17:00,29.8,231.5,3.9,0,,,73.3,,2.9
702,2023-07-01 18:00,29.2,248.4,3.9,0,,,73.6,,4.1
702,2023-07-01 19:00,28.2,270.7,3.1,0,,,75,,3.9
702,2023-07-01 20:00,26.5,271.2,3,0,,,79.7,,4.2
702,2023-07-01 21:00,25.5,231,1.2,0,,,87.3,,3.9
702,2023-07-01 22:00,24.9,249.8,2.2,0,,,91.9,,4.2
702,2023-07-01 23:00,24.5,223.6,1.9,0,,,93.7,,3.9
702,2023-07-02 00:00,24.5,229.3,2.3,0,,,88.3,,4.2
702,2023-07-02 01:00,24.4,229.2,1.1,0,,,91.5,,0
702,2023-07-02 02:00,24.2,218.7,.9,0,,,92.9,,0
702,2023-07-02 03:00,24.2,274.8,1.2,0,,,91.8,,0
702,2023-07-02 04:00,24.3,320.2,.7,0,,,87.2,,0
702,2023-07-02 05:00,24.1,0,0,0,,,91.7,,0
702,2023-07-02 06:00,23.8,63.7,.7,0,,,95.1,,0
702,2023-07-02 07:00,25,0,.2,0,,,88.3,,.1
702,2023-07-02 08:00,25.5,297,1.2,0,,,81.5,,.3
702,2023-07-02 09:00,26.7,260.2,1.9,0,,,79.7,,.3
702,2023-07-02 10:00,27.4,220.1,1.9,0,,,71.2,,.9
702,2023-07-02 11:00,28.7,227.1,1,0,,,65.7,,1.2
702,2023-07-02 12:00,29.5,293.1,1.7,0,,,61.9,,1.9
702,2023-07-02 13:00,30.1,329,2.6,0,,,61.2,,2.2
702,2023-07-02 14:00,31,348,2.1,0,,,59.2,,2.6
702,2023-07-02 15:00,31.1,352.6,3.5,0,,,56.7,,2.9
702,2023-07-02 16:00,31.2,359.2,3.3,0,,,55.1,,3
702,2023-07-02 17:00,31.1,313.9,2,0,,,56.2,,3
702,2023-07-02 18:00,29.3,277.6,3.4,0,,,66.6,,3.5
702,2023-07-02 19:00,27.7,244.7,3.5,0,,,73.6,,3
702,2023-07-02 20:00,26.9,212,1.8,0,,,79,,3.5
702,2023-07-02 21:00,26.4,188.4,2.4,0,,,84.4,,3
702,2023-07-02 22:00,26.2,211.5,1.9,0,,,84.2,,3.5
702,2023-07-02 23:00,25.5,222.6,2,0,,,90.5,,3
702,2023-07-03 00:00,25.3,197.6,.7,0,,,93.4,,3.5
702,2023-07-03 01:00,24.8,0,0,0,,,94.7,,0
702,2023-07-03 02:00,24.2,49.2,1.2,0,,,95.3,,0
702,2023-07-03 03:00,24.2,87.6,.7,0,,,94.8,,0
702,2023-07-03 04:00,23.9,11.9,.7,0,,,94.9,,0
702,2023-07-03 05:00,23.7,18.8,.5,0,,,95.7,,0
702,2023-07-03 06:00,23.7,78.3,1.5,0,,,95.9,,0
702,2023-07-03 07:00,24.6,66.7,1.6,0,,,94.1,,0
702,2023-07-03 08:00,27,88.1,1.1,0,,,79.8,,.8
702,2023-07-03 09:00,28.2,115.6,1.7,0,,,71.4,,1
702,2023-07-03 10:00,29,82.5,1.2,0,,,65.1,,1.6
702,2023-07-03 11:00,30.4,47.3,.6,0,,,64.6,,1.5
702,2023-07-03 12:00,31,204.3,1.8,0,,,59.6,,2.5
702,2023-07-03 13:00,31.3,226.7,2.7,0,,,60.5,,2.4
702,2023-07-03 14:00,32.1,55,.7,0,,,54.8,,3.1
702,2023-07-03 15:00,31.5,177.6,1.8,0,,,55.4,,2.8
702,2023-07-03 16:00,31.9,234.9,1.1,0,,,58.5,,3.3
702,2023-07-03 17:00,30.9,237.1,4.1,0,,,67.2,,3.2
702,2023-07-03 18:00,29.1,273.4,4.2,0,,,71,,3.3
702,2023-07-03 19:00,28.3,258.7,3.4,0,,,75.4,,3.3
702,2023-07-03 20:00,27.3,273.9,2,0,,,77.7,,3.3
702,2023-07-03 21:00,26.5,0,.2,0,,,83.4,,3.3
702,2023-07-03 22:00,25.9,121.6,1.1,0,,,92.8,,3.3
702,2023-07-03 23:00,25.9,220,1.4,0,,,92.8,,3.3
702,2023-07-04 00:00,26,221.4,1.3,0,,,92.7,,3.3
702,2023-07-04 01:00,25.9,263.5,.7,0,,,90.9,,0
702,2023-07-04 02:00,25.6,62.8,.9,0,,,93.3,,0
702,2023-07-04 03:00,25.6,94.7,.8,0,,,95.7,,0
702,2023-07-04 04:00,25.3,67.5,1.5,0,,,94.9,,0
702,2023-07-04 05:00,25.4,0,0,0,,,94.3,,0
702,2023-07-04 06:00,25.6,0,0,0,,,94,,0
702,2023-07-04 07:00,25.4,155.3,1,.2,,,90,,0
702,2023-07-04 08:00,25.3,129.7,.9,.1,,,91.6,,0
702,2023-07-04 09:00,25.1,137.6,2.1,0,,,93.5,,0
702,2023-07-04 10:00,25.3,125.4,2.4,.1,,,93.2,,0
702,2023-07-04 11:00,25,197.9,1.9,1,,,95.9,,0
702,2023-07-04 12:00,24.4,168.5,2.8,4.9,,,95.9,,0
702,2023-07-04 13:00,23.8,118.5,3.7,10.3,,,95.9,,0
702,2023-07-04 14:00,23.8,115.4,3.9,7.8,,,95.9,,0
702,2023-07-04 15:00,23.9,107.2,4.5,17.6,,,95.9,,0
702,2023-07-04 16:00,24.6,115.9,4.1,.1,,,94.5,,0
702,2023-07-04 17:00,25.3,111.1,3.2,0,,,90.4,,0
702,2023-07-04 18:00,25.6,130.4,3.7,0,,,79.9,,0
702,2023-07-04 19:00,25.7,129.2,2.9,0,,,79.5,,0
702,2023-07-04 20:00,25.4,131.5,2.1,0,,,83.6,,0
702,2023-07-04 21:00,25.1,241.7,1,.3,,,88.3,,0
702,2023-07-04 22:00,24.5,99.9,2.1,.3,,,94.5,,0
702,2023-07-04 23:00,25.1,133.2,3.5,0,,,89.4,,0
702,2023-07-05 00:00,25.1,134,1.8,.2,,,90.8,,0
702,2023-07-05 01:00,25.2,139.6,2.8,.3,,,95.6,,0
702,2023-07-05 02:00,24.8,170.8,4.1,19.2,,,95.9,,0
702,2023-07-05 03:00,25.1,216.2,5.1,5.6,,,95.9,,0
702,2023-07-05 04:00,24.6,227.6,5.9,3,,,95.9,,0
702,2023-07-05 05:00,24.2,232.9,4.8,.5,,,94.7,,0
702,2023-07-05 06:00,23.9,237.3,4.6,.2,,,95.9,,0
702,2023-07-05 07:00,23.6,262.6,4.3,.2,,,85.4,,0
702,2023-07-05 08:00,23.3,266.4,4.6,0,,,84.5,,0
702,2023-07-05 09:00,24,267.6,4.4,0,,,75.6,,0
702,2023-07-05 10:00,24.5,268.7,3.8,0,,,76.8,,.1
702,2023-07-05 11:00,24.8,265.2,5,0,,,71.5,,.3
702,2023-07-05 12:00,25.3,245.9,3.7,0,,,73,,.1
702,2023-07-05 13:00,26.3,236.7,4.6,0,,,66.9,,.9
702,2023-07-05 14:00,27.3,261.9,4,0,,,56.5,,1
702,2023-07-05 15:00,26.7,232.1,5.2,0,,,64.1,,1.8
702,2023-07-05 16:00,26.6,235.3,5.6,0,,,70.6,,1.6
702,2023-07-05 17:00,26,237.7,4.9,0,,,67.4,,2.1
702,2023-07-05 18:00,26.2,258,4.3,0,,,67,,2.5
702,2023-07-05 19:00,25.3,246,3.1,0,,,75.4,,3.1
702,2023-07-05 20:00,24,237.3,1.9,0,,,81.3,,2.6
702,2023-07-05 21:00,23.1,223.9,2.2,0,,,85,,3.1
702,2023-07-05 22:00,22.5,137.3,2,0,,,88.9,,2.6
702,2023-07-05 23:00,22.2,145,1.4,0,,,95.1,,3.1
702,2023-07-06 00:00,21.7,110.5,.9,0,,,94,,2.6
702,2023-07-06 01:00,21.6,124.6,1,0,,,95.2,,0
702,2023-07-06 02:00,21.2,96.1,.5,0,,,95.5,,0
702,2023-07-06 03:00,21.3,0,0,0,,,95.2,,0
702,2023-07-06 04:00,21,98.5,.7,0,,,95.3,,0
702,2023-07-06 05:00,21.1,0,.1,0,,,92.5,,0
702,2023-07-06 06:00,20.4,0,.1,0,,,95.1,,.1
702,2023-07-06 07:00,23.5,127.6,.5,0,,,78.1,,1
702,2023-07-06 08:00,24.5,122.6,1.5,0,,,74.9,,1.1
702,2023-07-06 09:00,26.8,126,2.2,0,,,67.9,,2
702,2023-07-06 10:00,28.1,172.7,3.7,0,,,52.2,,1.8
702,2023-07-06 11:00,29.2,198.8,3.8,0,,,45.5,,2.9
702,2023-07-06 12:00,30.1,196.6,3.6,0,,,40.7,,2.5
702,2023-07-06 13:00,31,200.9,2.7,0,,,35.7,,3.7
702,2023-07-06 14:00,31.3,212.6,2.7,0,,,38.3,,3.5
702,2023-07-06 15:00,30.8,192.7,3.1,0,,,45.1,,4.6
702,2023-07-06 16:00,30.5,210.6,2,0,,,46.9,,3.6
702,2023-07-06 17:00,30,242.8,2.2,0,,,57.8,,4.6
702,2023-07-06 18:00,30.2,228.8,1.7,0,,,52.8,,4
702,2023-07-06 19:00,29.2,0,.1,0,,,64.3,,4.6
702,2023-07-06 20:00,28.2,274.1,1.6,0,,,58.2,,4
702,2023-07-06 21:00,26.3,243,2.1,0,,,77.6,,4.6
702,2023-07-06 22:00,25.5,257.8,2.4,0,,,79.7,,4
702,2023-07-06 23:00,24.7,166.3,1.3,0,,,91.1,,4.6
702,2023-07-07 00:00,24.2,73.4,1.5,0,,,94.5,,4
702,2023-07-07 01:00,24.4,0,0,0,,,93.2,,0
702,2023-07-07 02:00,24.1,264,1.5,0,,,94.1,,0
702,2023-07-07 03:00,24,0,.1,0,,,94.4,,0
702,2023-07-07 04:00,23.6,113.8,1.4,0,,,95.9,,0
702,2023-07-07 05:00,23.5,48.4,1.7,0,,,95.9,,0
702,2023-07-07 06:00,23.4,87.9,1.5,0,,,92.3,,0
702,2023-07-07 07:00,23.7,221.4,.9,0,,,92.9,,0
702,2023-07-07 08:00,24.8,20.3,.6,0,,,77.5,,0
702,2023-07-07 09:00,25.1,115.5,1.4,0,,,80.9,,0
702,2023-07-07 10:00,25,102.5,2,0,,,80.5,,0
702,2023-07-07 11:00,24.2,126.6,.5,1.6,,,94.4,,0
702,2023-07-07 12:00,22.6,158.9,4.4,3.1,,,85.9,,0
702,2023-07-07 13:00,21.4,55,3.3,7,,,95.9,,0
702,2023-07-07 14:00,20.3,6.2,3.5,15.5,,,95.9,,0
702,2023-07-07 15:00,20.5,17.7,2.9,2.6,,,95.3,,0
702,2023-07-07 16:00,21.6,17.3,2.4,.6,,,92.8,,0
702,2023-07-07 17:00,21.2,359.8,3.8,.4,,,93.6,,0
702,2023-07-07 18:00,21.2,.1,2.5,.2,,,94.6,,0
702,2023-07-07 19:00,21.4,12.8,1.7,.5,,,94.6,,0
702,2023-07-07 20:00,21.5,339.4,2,0,,,94.2,,0
702,2023-07-07 21:00,21.6,19.7,.9,0,,,94.3,,0
702,2023-07-07 22:00,21.9,322.6,2,0,,,93.5,,0
702,2023-07-07 23:00,21.8,329.7,1.4,0,,,93.9,,0
702,2023-07-08 00:00,22.3,330.4,1.6,0,,,94,,0
702,2023-07-08 01:00,21.5,348.6,1.5,0,,,94.5,,0
702,2023-07-08 02:00,21.5,322.1,1,.1,,,95.9,,0
702,2023-07-08 03:00,21.5,6.1,.5,2.8,,,95.9,,0
702,2023-07-08 04:00,21.8,0,0,.1,,,95.9,,0
702,2023-07-08 05:00,22.1,69.3,.7,0,,,95.9,,0
702,2023-07-08 06:00,22.6,337.3,.5,0,,,95.9,,0
702,2023-07-08 07:00,23,152.1,.5,0,,,95.9,,0
702,2023-07-08 08:00,22.9,345.3,.8,2.4,,,95.9,,0
702,2023-07-08 09:00,23.6,336,1.2,0,,,95.9,,0
702,2023-07-08 10:00,25.5,307.5,1.3,0,,,88.9,,.1
702,2023-07-08 11:00,26.1,317.1,2.5,0,,,84.6,,0
702,2023-07-08 12:00,27.2,306.3,2.5,0,,,76.3,,.8
702,2023-07-08 13:00,27.8,329.3,1.8,0,,,76.4,,.3
702,2023-07-08 14:00,28.9,299.3,1.4,0,,,68.7,,1.7
702,2023-07-08 15:00,30.4,284.6,1.6,0,,,67.6,,1
702,2023-07-08 16:00,30,224.9,3.3,0,,,70.6,,2.5
702,2023-07-08 17:00,29,267.1,3.5,0,,,75,,1.8
702,2023-07-08 18:00,27.5,244.1,5,0,,,80.1,,3
702,2023-07-08 19:00,26.3,263,4.4,0,,,80.5,,1.9
702,2023-07-08 20:00,26.1,277.6,1.8,0,,,82.1,,3
702,2023-07-08 21:00,25.3,202.1,1.7,0,,,92.5,,1.9
702,2023-07-08 22:00,25,133.8,1.4,0,,,93.4,,3
702,2023-07-08 23:00,24.4,66.5,.5,0,,,95.3,,1.9
702,2023-07-09 00:00,24.3,30.8,1.2,0,,,95.1,,3
702,2023-07-09 01:00,24,66.9,.7,0,,,95.9,,0
702,2023-07-09 02:00,24.2,80,1.3,0,,,95.5,,0
702,2023-07-09 03:00,24.6,40.9,.5,0,,,94.9,,0
702,2023-07-09 04:00,24.7,0,.1,0,,,94.8,,0
702,2023-07-09 05:00,24.9,0,.2,0,,,94.9,,0
702,2023-07-09 06:00,25,0,.1,0,,,94.5,,0
702,2023-07-09 07:00,25.6,96.6,.9,0,,,91.4,,0
702,2023-07-09 08:00,26.2,134.5,1.4,0,,,88.9,,0
702,2023-07-09 09:00,28.2,146.7,4.3,0,,,80.4,,.3
702,2023-07-09 10:00,28.3,174.3,6,0,,,80.5,,.2
702,2023-07-09 11:00,28.4,192.8,5.8,0,,,78.7,,.4
702,2023-07-09 12:00,28.8,178.9,3.1,0,,,78.8,,.3
702,2023-07-09 13:00,28.7,200.7,4.3,0,,,79,,.6
702,2023-07-09 14:00,29,202.4,5.4,0,,,77.9,,.5
702,2023-07-09 15:00,29.8,189.5,4,0,,,79.6,,1.1
702,2023-07-09 16:00,29.5,192.7,4.5,0,,,78.3,,.7
702,2023-07-09 17:00,29.5,258.4,3.3,0,,,72.8,,1.4
702,2023-07-09 18:00,28.8,259.5,5.1,0,,,75.4,,1.1
702,2023-07-09 19:00,27.8,242.9,2.6,0,,,82.7,,1.4
702,2023-07-09 20:00,26.5,261.8,3.2,0,,,91,,1.1
702,2023-07-09 21:00,26.2,268.9,2.2,0,,,93.3,,1.4
702,2023-07-09 22:00,25.8,267.7,1.9,0,,,94.1,,1.1
702,2023-07-09 23:00,25.1,126.9,1.9,0,,,95.9,,1.4
702,2023-07-10 00:00,25.5,0,.4,0,,,95.9,,1.1
702,2023-07-10 01:00,26.2,159.1,1.7,0,,,94.5,,0
702,2023-07-10 02:00,26.5,208.7,3.4,0,,,91,,0
702,2023-07-10 03:00,26.2,164.8,1.5,0,,,93.8,,0
702,2023-07-10 04:00,26.4,148.7,2.3,0,,,91.2,,0
702,2023-07-10 05:00,26.8,162,4.5,0,,,81.6,,0
702,2023-07-10 06:00,26.8,228.6,1.5,0,,,77.2,,0
702,2023-07-10 07:00,26.6,0,.2,0,,,80,,0
702,2023-07-10 08:00,27,336.1,1.4,0,,,78,,0
702,2023-07-10 09:00,26.9,314.3,3.4,0,,,79.9,,.3
702,2023-07-10 10:00,29.5,170.6,.8,0,,,72.1,,.9
702,2023-07-10 11:00,29,177.3,1.5,0,,,70.6,,.6
702,2023-07-10 12:00,29.9,184.6,3.3,0,,,60.8,,1.7
702,2023-07-10 13:00,30,195.2,3.8,0,,,61.4,,1.4
702,2023-07-10 14:00,31,203.5,2.5,0,,,52.4,,2.7
702,2023-07-10 15:00,30.7,227.5,5.2,0,,,51.2,,2.4
702,2023-07-10 16:00,30.6,230.6,6.1,0,,,52.7,,3.7
702,2023-07-10 17:00,29.6,256.2,5.8,0,,,55.4,,3.4
702,2023-07-10 18:00,29.4,264.5,4.4,0,,,53,,4.7
702,2023-07-10 19:00,28.5,246,4.4,0,,,62.1,,4.3
702,2023-07-10 20:00,27.2,241.8,3.2,0,,,71.4,,4.7
702,2023-07-10 21:00,26.2,0,.3,0,,,80.8,,4.3
702,2023-07-10 22:00,24.8,102.8,1.3,0,,,93.8,,4.7
702,2023-07-10 23:00,25.3,103,1.1,0,,,93.4,,4.3
702,2023-07-11 00:00,25,44.4,1.4,0,,,89.4,,4.7
702,2023-07-11 01:00,24.8,0,0,0,,,92.2,,0
702,2023-07-11 02:00,24.4,60.7,.5,0,,,93.6,,0
702,2023-07-11 03:00,24.4,0,.2,0,,,95.1,,0
702,2023-07-11 04:00,24.5,.8,.7,0,,,94.5,,0
702,2023-07-11 05:00,24.2,.7,.6,0,,,95.7,,0
702,2023-07-11 06:00,24.8,0,.2,0,,,93.8,,0
702,2023-07-11 07:00,25.7,233.5,.6,0,,,92.4,,0
702,2023-07-11 08:00,25.4,227.5,1.4,1.7,,,95.9,,0
702,2023-07-11 09:00,26.9,219.8,1.1,.2,,,85.5,,0
702,2023-07-11 10:00,27.7,162,1.5,0,,,79.5,,0
702,2023-07-11 11:00,27.6,209.6,3.4,0,,,81.2,,0
702,2023-07-11 12:00,25.5,223.4,2.6,12.8,,,93.5,,0
702,2023-07-11 13:00,25.4,189.4,2.3,.1,,,95.9,,0
702,2023-07-11 14:00,25.3,178.2,6,.3,,,94,,0
702,2023-07-11 15:00,24.8,140.6,4.2,2,,,85.6,,0
702,2023-07-11 16:00,26,250.3,1.2,0,,,75.4,,0
702,2023-07-11 17:00,24.4,169.1,2.5,1,,,87.8,,0
702,2023-07-11 18:00,23.4,129.2,2.8,1.5,,,93.4,,0
702,2023-07-11 19:00,24.2,125.6,1.6,0,,,94.4,,0
702,2023-07-11 20:00,24.2,113.8,.8,0,,,94.6,,0
702,2023-07-11 21:00,24,95.2,1.3,0,,,93.8,,0
702,2023-07-11 22:00,24.3,215.4,.7,0,,,94.5,,0
702,2023-07-11 23:00,24.3,123.8,2.1,0,,,95.9,,0
702,2023-07-12 00:00,24.4,233.9,.6,0,,,95.7,,0
702,2023-07-12 01:00,,,,0,,,,,0
702,2023-07-12 02:00,,156.3,.7,,,,95.8,,0
702,2023-07-12 03:00,24.4,0,.2,0,,,95.8,,0
702,2023-07-12 04:00,24.3,133.4,.6,0,,,95.9,,0
702,2023-07-12 05:00,24.1,174.7,.8,0,,,95.9,,0
702,2023-07-12 06:00,23.9,70.1,.8,0,,,95.9,,0
702,2023-07-12 07:00,24.5,88.8,.8,0,,,95.7,,0
702,2023-07-12 08:00,26,202.8,.8,0,,,86.9,,.2
702,2023-07-12 09:00,26.4,183.5,1.8,0,,,84.5,,0
702,2023-07-12 10:00,27,190.4,1.6,0,,,81.1,,.2
702,2023-07-12 11:00,27.6,203.1,3.1,0,,,82.2,,0
702,2023-07-12 12:00,28.9,223.1,3.2,0,,,75.6,,.4
702,2023-07-12 13:00,29.1,257,3,0,,,75.5,,.4
702,2023-07-12 14:00,29.7,231.1,3,0,,,71.2,,1.1
702,2023-07-12 15:00,29.2,233.6,4.6,0,,,78.3,,1
702,2023-07-12 16:00,29,217.1,2.9,0,,,79.7,,1.5
702,2023-07-12 17:00,29.1,217.4,3.8,0,,,72.9,,1.8
702,2023-07-12 18:00,28.8,253.2,2.6,0,,,77.6,,2
702,2023-07-12 19:00,27.9,261,2.4,0,,,81.6,,1.9
702,2023-07-12 20:00,26.9,292.1,1.5,0,,,89,,2
702,2023-07-12 21:00,26.8,322.7,1.1,0,,,87.9,,1.9
702,2023-07-12 22:00,26.5,105.3,.9,0,,,94.2,,2
702,2023-07-12 23:00,26.2,0,.4,0,,,95,,1.9
702,2023-07-13 00:00,26.2,186.4,1,0,,,93.5,,2
702,2023-07-13 01:00,25.9,119.9,.5,0,,,95.5,,0
702,2023-07-13 02:00,25.9,0,.1,0,,,95.9,,0
702,2023-07-13 03:00,25.9,0,0,0,,,95.9,,0
702,2023-07-13 04:00,25.8,0,.1,0,,,95.9,,0
702,2023-07-13 05:00,25.8,0,0,0,,,95.9,,0
702,2023-07-13 06:00,24.6,204.9,2.3,10.3,,,95.9,,0
702,2023-07-13 07:00,24.5,292.6,1.5,3.1,,,95.9,,0
702,2023-07-13 08:00,24.9,62.9,2.2,2.6,,,95.9,,0
702,2023-07-13 09:00,25.7,121.9,1.8,.7,,,95.9,,0
702,2023-07-13 10:00,25.4,151,2.8,3.7,,,95.9,,0
702,2023-07-13 11:00,25.5,142.9,1.8,4.3,,,95.9,,0
702,2023-07-13 12:00,25.9,126.8,1.9,.2,,,94.1,,0
702,2023-07-13 13:00,26.4,125.3,2.6,.1,,,93.7,,0
702,2023-07-13 14:00,26.4,136,2.9,.7,,,90.7,,0
702,2023-07-13 15:00,26.2,111.3,2,.4,,,95.9,,0
702,2023-07-13 16:00,26.2,119.8,2.2,1,,,93.6,,0
702,2023-07-13 17:00,26.7,112.1,3.1,.2,,,90.8,,0
702,2023-07-13 18:00,26.8,131.8,3.3,0,,,83.4,,0
702,2023-07-13 19:00,26.5,138.2,2,.2,,,92,,0
702,2023-07-13 20:00,25.9,170.6,1.5,.6,,,95.9,,0
702,2023-07-13 21:00,25.6,192.1,1.7,.8,,,95.1,,0
702,2023-07-13 22:00,25.8,145.8,3,.2,,,93.1,,0
702,2023-07-13 23:00,25.9,140.7,3.5,0,,,92.7,,0
702,2023-07-14 00:00,26.3,178,2.9,0,,,92.1,,0
702,2023-07-14 01:00,25.9,172.2,2.9,.2,,,95.9,,0
702,2023-07-14 02:00,25.4,162.9,3.6,3.7,,,95.9,,0
702,2023-07-14 03:00,25.2,199.9,6.3,14.9,,,95.9,,0
702,2023-07-14 04:00,25,168.5,6.3,22.6,,,95.9,,0
702,2023-07-14 05:00,25,174.5,5.6,10.4,,,95.9,,0
702,2023-07-14 06:00,24.7,188,5.7,28,,,95.9,,0
702,2023-07-14 07:00,24.6,195.1,3.5,30.3,,,95.9,,0
702,2023-07-14 08:00,24.7,186.1,4.9,9.9,,,95.9,,0
702,2023-07-14 09:00,,,,19.6,,,,,0
702,2023-07-14 10:00,24.6,164.3,4.6,4.9,,,95.9,,0
702,2023-07-14 11:00,24.8,161.8,4.4,13.5,,,95.9,,0
702,2023-07-14 12:00,25.3,186,6.3,5.3,,,95.9,,0
702,2023-07-14 13:00,25.1,198.2,5.8,27.6,,,95.9,,0
702,2023-07-14 14:00,25.2,206.4,4,11.9,,,95.9,,0
702,2023-07-14 15:00,25.7,184.4,4.9,2.2,,,95.9,,0
702,2023-07-14 16:00,26,208.8,5,4.2,,,93.2,,0
702,2023-07-14 17:00,24.5,226.2,6.9,23.3,,,95.9,,0
702,2023-07-14 18:00,25.1,183.7,4.1,2.2,,,95,,0
702,2023-07-14 19:00,25.5,187.4,3.4,.4,,,94.8,,0
702,2023-07-14 20:00,25.5,197.6,3.1,0,,,95.1,,0
702,2023-07-14 21:00,25.4,212.6,5.3,8.1,,,95.8,,0
702,2023-07-14 22:00,25.3,205,4.7,4.4,,,95.9,,0
702,2023-07-14 23:00,25.4,191,6.1,1.7,,,95.9,,0
702,2023-07-15 00:00,25.5,191.7,5.4,.3,,,95.9,,0
702,2023-07-15 01:00,25.3,184.9,5.1,.4,,,95.9,,0
702,2023-07-15 02:00,25.5,191.5,7.3,1.2,,,95.9,,0
702,2023-07-15 03:00,24.8,174.7,5.3,4.6,,,95.9,,0
702,2023-07-15 04:00,24.9,179,5.1,3.8,,,95.9,,0
702,2023-07-15 05:00,25.6,190.4,7,1.3,,,95.9,,0
702,2023-07-15 06:00,26,184.8,6.4,.4,,,90.2,,0
702,2023-07-15 07:00,26.2,184.7,6.1,0,,,88.7,,0
702,2023-07-15 08:00,25.5,204.4,4.6,2.4,,,95.9,,0
702,2023-07-15 09:00,25.4,186,5.6,6.2,,,95.1,,0
702,2023-07-15 10:00,26.1,199.8,3.7,0,,,92.1,,0
702,2023-07-15 11:00,26.4,201.4,6.2,0,,,83.6,,0
702,2023-07-15 12:00,26.4,182,5.8,0,,,86.4,,0
702,2023-07-15 13:00,25.9,198.8,4.8,1,,,95.9,,0
702,2023-07-15 14:00,25.9,196.9,3.7,.3,,,95.9,,0
702,2023-07-15 15:00,25.2,231.2,3.8,2.3,,,95.9,,0
702,2023-07-15 16:00,24.3,244.5,4,3.9,,,95.7,,0
702,2023-07-15 17:00,23.4,277.7,3.4,8.2,,,95.9,,0
702,2023-07-15 18:00,23.5,251.9,2.3,2.2,,,95.8,,0
702,2023-07-15 19:00,23.8,137,4,0,,,95.4,,0
702,2023-07-15 20:00,23.9,120.3,1.9,0,,,95.9,,0
702,2023-07-15 21:00,23.6,102.5,1,0,,,95.9,,0
702,2023-07-15 22:00,23.4,117.4,1.5,0,,,95.2,,0
702,2023-07-15 23:00,23.5,126.7,1.4,0,,,94.4,,0
702,2023-07-16 00:00,23.6,74.7,.6,0,,,95.9,,0
702,2023-07-16 01:00,23.9,232.3,.8,0,,,95.9,,0
702,2023-07-16 02:00,24.2,159.4,.9,0,,,95,,0
702,2023-07-16 03:00,24,135,1,.2,,,95.5,,0
702,2023-07-16 04:00,23.9,108.7,1.2,0,,,95.9,,0
702,2023-07-16 05:00,23.8,0,0,0,,,95.6,,0
702,2023-07-16 06:00,23.7,99.6,1.3,0,,,95.1,,0
702,2023-07-16 07:00,23.9,89.5,1.3,0,,,94.3,,0
702,2023-07-16 08:00,24.4,110,1.9,0,,,92.7,,0
702,2023-07-16 09:00,25,110.9,1.6,0,,,92.7,,0
702,2023-07-16 10:00,25.5,139,1.7,0,,,85.1,,0
702,2023-07-16 11:00,24.6,132,3.4,0,,,87.3,,0
702,2023-07-16 12:00,24.2,169,1.7,1,,,95.1,,0
702,2023-07-16 13:00,24.8,190.5,.9,.5,,,89.8,,0
702,2023-07-16 14:00,25.8,158,1.8,.2,,,79.1,,.1
702,2023-07-16 15:00,26.6,194.4,2.1,0,,,77.8,,.1
702,2023-07-16 16:00,27.3,202.8,1.8,0,,,73.7,,.5
702,2023-07-16 17:00,27.8,213.1,2.1,0,,,76,,.8
702,2023-07-16 18:00,27.4,234.9,2.2,0,,,80.8,,.9
702,2023-07-16 19:00,26.8,207.7,1.1,0,,,81.9,,.8
702,2023-07-16 20:00,25.9,267.9,1.8,0,,,89,,.9
702,2023-07-16 21:00,25.7,306.8,3,0,,,85.7,,.8
702,2023-07-16 22:00,25.3,78.4,.6,0,,,93.4,,.9
702,2023-07-16 23:00,25.3,139.2,1.3,0,,,94.8,,.8
702,2023-07-17 00:00,25,183.9,1.5,.3,,,95.9,,.9
702,2023-07-17 01:00,24.8,179,.8,.8,,,95.8,,0
702,2023-07-17 02:00,24.6,0,.2,.3,,,95.9,,0
702,2023-07-17 03:00,24.3,186.3,.9,.2,,,95.9,,0
702,2023-07-17 04:00,24,150.6,.5,.4,,,95.9,,0
702,2023-07-17 05:00,23.9,61.1,1.1,0,,,95.9,,0
702,2023-07-17 06:00,23.8,128,1.8,2.8,,,95.9,,0
702,2023-07-17 07:00,23.9,101.1,1.6,3.7,,,95.9,,0
702,2023-07-17 08:00,24.3,139.2,.8,1.5,,,95.3,,0
702,2023-07-17 09:00,25.4,195,2.2,0,,,93.3,,.1
702,2023-07-17 10:00,26.6,170.2,2.4,.3,,,81.9,,.7
702,2023-07-17 11:00,28.6,230,1.8,0,,,74.1,,1.1
702,2023-07-17 12:00,29.5,221.2,3.8,0,,,72.4,,1.6
702,2023-07-17 13:00,29.3,256.4,3.9,0,,,73.3,,1.6
702,2023-07-17 14:00,30.4,226.5,2.9,0,,,70.7,,2.5
702,2023-07-17 15:00,28.7,251.3,4.3,0,,,77.9,,1.7
702,2023-07-17 16:00,27.5,282.9,4.5,4.2,,,89.8,,2.6
702,2023-07-17 17:00,24.9,182.5,5.3,4.8,,,95.2,,2
702,2023-07-17 18:00,25.7,204.5,2.8,31,,,95.9,,2.6
702,2023-07-17 19:00,24.8,88.5,2.2,2,,,95.9,,2
702,2023-07-17 20:00,25.1,130.7,3.2,.5,,,95.9,,2.6
702,2023-07-17 21:00,24.8,140.7,1.9,0,,,94.8,,2
702,2023-07-17 22:00,24.7,131.9,.8,0,,,95.5,,2.6
702,2023-07-17 23:00,24.6,52.1,.6,0,,,95.9,,2
702,2023-07-18 00:00,24.5,0,.4,0,,,95.9,,2.6
702,2023-07-18 01:00,24.4,55.5,1.2,0,,,95.5,,0
702,2023-07-18 02:00,24.2,64.8,1.9,0,,,95.6,,0
702,2023-07-18 03:00,24.3,64.3,.8,0,,,95.5,,0
702,2023-07-18 04:00,24.2,24.8,.9,0,,,95.9,,0
702,2023-07-18 05:00,24,52.7,1.3,.3,,,95.9,,0
702,2023-07-18 06:00,23.9,65.7,1.2,1.2,,,95.9,,0
702,2023-07-18 07:00,24.1,357.3,.9,3,,,95.9,,0
702,2023-07-18 08:00,24.1,27.2,1.2,4.2,,,95.9,,0
702,2023-07-18 09:00,23.8,352.8,2.4,6.4,,,95.9,,0
702,2023-07-18 10:00,23.9,18.5,.9,4.2,,,95.9,,0
702,2023-07-18 11:00,23.7,14.7,2.8,7.4,,,95.9,,0
702,2023-07-18 12:00,24.1,7.8,2.3,.8,,,94.2,,0
702,2023-07-18 13:00,24.1,346.2,2.9,2.5,,,95.9,,0
702,2023-07-18 14:00,23.4,339.7,4.2,12.9,,,95.9,,0
702,2023-07-18 15:00,23.5,8.7,3.8,6.7,,,95.9,,0
702,2023-07-18 16:00,24,32.3,1.8,5.8,,,95.9,,0
702,2023-07-18 17:00,24.2,64.6,4.3,1.8,,,95.9,,0
702,2023-07-18 18:00,23.6,37,2.9,5.6,,,95.9,,0
702,2023-07-18 19:00,23.5,42,2.5,3.2,,,95.9,,0
702,2023-07-18 20:00,23.4,63.6,1.5,.2,,,95.8,,0
702,2023-07-18 21:00,22.9,74.1,1.3,0,,,95.8,,0
702,2023-07-18 22:00,23.2,339.1,2.4,0,,,93.9,,0
702,2023-07-18 23:00,23.3,351.2,2.1,0,,,94.3,,0
702,2023-07-19 00:00,23.2,344,2.3,0,,,94.7,,0
702,2023-07-19 01:00,23.4,351.9,1.8,0,,,94.1,,0
702,2023-07-19 02:00,23.2,337,1.9,0,,,94.8,,0
702,2023-07-19 03:00,23.3,348.6,1,0,,,94.2,,0
702,2023-07-19 04:00,23.1,359,1.7,0,,,95.1,,0
702,2023-07-19 05:00,22.7,352.6,2.5,0,,,95.3,,0
702,2023-07-19 06:00,22.7,353.9,1.8,0,,,95.7,,.5
702,2023-07-19 07:00,24.2,9.2,2.2,0,,,87.5,,.9
702,2023-07-19 08:00,24.7,350.1,2.3,0,,,86,,1.4
702,2023-07-19 09:00,25.9,355.3,2.9,0,,,79.1,,1.8
702,2023-07-19 10:00,26.8,302.4,2.1,0,,,73.9,,2.4
702,2023-07-19 11:00,27.8,339.7,2.2,0,,,71.2,,2.7
702,2023-07-19 12:00,29.4,316,2,0,,,65.7,,3.3
702,2023-07-19 13:00,29.8,308.8,2.7,0,,,63.4,,3.6
702,2023-07-19 14:00,30.3,307.1,3,0,,,61.1,,4.3
702,2023-07-19 15:00,31.2,290.9,3.1,0,,,56.1,,4.6
702,2023-07-19 16:00,30.2,266.3,4.2,0,,,66.9,,5.1
702,2023-07-19 17:00,29.8,284.2,3.8,0,,,64.8,,5.6
702,2023-07-19 18:00,29.3,282.1,2.9,0,,,68.6,,6.1
702,2023-07-19 19:00,28.3,288.7,2.3,0,,,70.5,,6.6
702,2023-07-19 20:00,25.5,209.8,2.8,0,,,84.4,,6.1
702,2023-07-19 21:00,24.6,207,2.3,0,,,89,,6.6
702,2023-07-19 22:00,24,185.3,1.2,0,,,94,,6.1
702,2023-07-19 23:00,23.5,0,.1,0,,,95.2,,6.6
702,2023-07-20 00:00,23.2,118.3,1.5,0,,,95.9,,6.1
702,2023-07-20 01:00,22.9,0,.2,0,,,95.9,,0
702,2023-07-20 02:00,22.4,0,.2,0,,,95.9,,0
702,2023-07-20 03:00,22.2,110.2,1,0,,,95.9,,0
702,2023-07-20 04:00,22.5,0,0,0,,,95.9,,0
702,2023-07-20 05:00,22.2,0,.4,0,,,95.9,,0
702,2023-07-20 06:00,22.2,170.9,.5,0,,,95.9,,0
702,2023-07-20 07:00,23,159.9,.6,0,,,95.9,,.6
702,2023-07-20 08:00,25.3,0,.3,0,,,80,,1
702,2023-07-20 09:00,25.9,166.4,1.1,0,,,79,,1.6
702,2023-07-20 10:00,27.2,162.6,1.3,0,,,76.1,,2
702,2023-07-20 11:00,28.8,194.8,1.2,0,,,71.9,,2.6
702,2023-07-20 12:00,29.9,1.1,1.6,0,,,60.1,,3
702,2023-07-20 13:00,29.6,300.3,2.4,0,,,63.7,,3.5
702,2023-07-20 14:00,30,342,2.5,0,,,65,,3.4
702,2023-07-20 15:00,30.1,314.6,2.7,0,,,53.3,,4.2
702,2023-07-20 16:00,29.9,315.6,2.7,0,,,56.6,,3.4
702,2023-07-20 17:00,30.8,302.4,1.2,0,,,58.4,,4.8
702,2023-07-20 18:00,28.9,237.3,3.8,0,,,70,,4.4
702,2023-07-20 19:00,27.8,244.4,3.3,0,,,75.6,,5.7
702,2023-07-20 20:00,26.3,241.4,2.4,0,,,83,,4.4
702,2023-07-20 21:00,25.2,190.3,2.6,0,,,95.4,,5.7
702,2023-07-20 22:00,24.6,191.4,1.1,0,,,95.9,,4.4
702,2023-07-20 23:00,24.2,0,.2,0,,,95.9,,5.7
702,2023-07-21 00:00,23.9,147.9,1.2,0,,,95.9,,4.4
702,2023-07-21 01:00,23.6,0,.3,0,,,95.9,,0
702,2023-07-21 02:00,23.3,207.8,.5,0,,,95.9,,0
702,2023-07-21 03:00,23.2,59.7,.5,0,,,95.9,,0
702,2023-07-21 04:00,22.9,0,.2,0,,,95.9,,0
702,2023-07-21 05:00,23.1,54,1.2,0,,,95.9,,0
702,2023-07-21 06:00,23.1,49.5,.6,0,,,95.9,,0
702,2023-07-21 07:00,24.1,81.4,1.3,0,,,95.9,,.6
702,2023-07-21 08:00,26.2,0,.3,0,,,87.9,,.9
702,2023-07-21 09:00,28.1,248.7,.7,0,,,79.7,,1.6
702,2023-07-21 10:00,29.8,0,.4,0,,,66.9,,1.9
702,2023-07-21 11:00,30.2,219.3,.9,0,,,62.4,,2.7
702,2023-07-21 12:00,32.1,140.4,1,0,,,61,,2.8
702,2023-07-21 13:00,32.8,36.5,1.1,0,,,53.3,,3.8
702,2023-07-21 14:00,33.3,251.7,2,0,,,48.8,,3.8
702,2023-07-21 15:00,33.5,243.2,2.8,0,,,52.6,,4.8
702,2023-07-21 16:00,33.6,213.4,2.1,0,,,45.6,,4.7
702,2023-07-21 17:00,32.4,260.8,3.5,0,,,63,,5.8
702,2023-07-21 18:00,27.7,68.5,5.1,0,,,79.4,,5
702,2023-07-21 19:00,25,327.9,4,13.5,,,95.9,,5.8
702,2023-07-21 20:00,24.6,111.8,3,.5,,,95.9,,5
702,2023-07-21 21:00,24.7,72.5,1.5,0,,,95.9,,5.8
702,2023-07-21 22:00,25.1,40.2,1.1,0,,,95.9,,5
702,2023-07-21 23:00,24.5,55.9,1,0,,,95.9,,5.8
702,2023-07-22 00:00,24.3,49.9,1.2,0,,,95.9,,5
702,2023-07-22 01:00,23.9,0,.4,0,,,95.9,,0
702,2023-07-22 02:00,23.5,64.9,1.3,0,,,95.9,,0
702,2023-07-22 03:00,23.4,77.4,2.6,0,,,95.9,,0
702,2023-07-22 04:00,22.8,70.1,2.3,0,,,92.9,,0
702,2023-07-22 05:00,22,77.2,1.4,0,,,95.1,,0
702,2023-07-22 06:00,22.4,33.1,1.2,0,,,92.6,,.2
702,2023-07-22 07:00,23.9,41.2,2.1,0,,,80.7,,1
702,2023-07-22 08:00,25.6,41.1,1.8,0,,,71.4,,.9
702,2023-07-22 09:00,27.7,94.1,2.9,0,,,67.8,,1.7
702,2023-07-22 10:00,27.8,132,4.2,0,,,69.6,,1.7
702,2023-07-22 11:00,26.3,126.7,5.8,0,,,76.4,,1.7
702,2023-07-22 12:00,26.5,129.4,4.7,0,,,76.7,,1.7
702,2023-07-22 13:00,26.4,134.2,6.9,0,,,76.5,,1.7
702,2023-07-22 14:00,25.1,132.7,3.7,0,,,88.7,,1.7
702,2023-07-22 15:00,24.4,125,3.6,.6,,,93.2,,1.7
702,2023-07-22 16:00,24.4,97.5,2.5,1.1,,,93,,1.7
702,2023-07-22 17:00,25.5,132.8,5,0,,,83.5,,1.7
702,2023-07-22 18:00,25.3,128.8,1.8,0,,,87.3,,1.7
702,2023-07-22 19:00,24.7,174.1,1.1,.6,,,95.9,,1.7
702,2023-07-22 20:00,24.3,94.8,3.7,2.7,,,95.9,,1.7
702,2023-07-22 21:00,24.7,118.4,2.8,0,,,95.7,,1.7
702,2023-07-22 22:00,25.2,116.8,2.6,0,,,89.6,,1.7
702,2023-07-22 23:00,25,112.3,2,0,,,93.4,,1.7
702,2023-07-23 00:00,25.1,119.3,2.5,0,,,92.3,,1.7
702,2023-07-23 01:00,25.3,115.3,2.7,0,,,93.1,,0
702,2023-07-23 02:00,25.4,121.2,2.2,0,,,92.2,,0
702,2023-07-23 03:00,25,123.6,2,0,,,94.3,,0
702,2023-07-23 04:00,25.1,123.6,2.6,0,,,93.9,,0
702,2023-07-23 05:00,25.7,137.7,2.5,0,,,88.1,,0
702,2023-07-23 06:00,25.8,132.1,2.5,0,,,88.4,,0
702,2023-07-23 07:00,26.5,167.4,3.6,0,,,82.1,,0
702,2023-07-23 08:00,26.3,159.9,2.4,0,,,82.5,,0
702,2023-07-23 09:00,27.2,151.9,2.4,0,,,78.5,,0
702,2023-07-23 10:00,27.2,162.7,2.2,.2,,,83.7,,0
702,2023-07-23 11:00,26,179.9,3,1.3,,,95.9,,0
702,2023-07-23 12:00,25.3,166.4,1.7,4.6,,,95.9,,0
702,2023-07-23 13:00,25.2,92.5,1.3,7.3,,,95.9,,0
702,2023-07-23 14:00,25.1,114.4,2.2,16,,,95.9,,0
702,2023-07-23 15:00,25.5,129.1,1.8,11.4,,,95.9,,0
702,2023-07-23 16:00,25.6,183.7,3.1,1.8,,,95.9,,0
702,2023-07-23 17:00,25.3,177.1,3.2,3.5,,,95.9,,0
702,2023-07-23 18:00,25,146.1,1.4,6.1,,,95.9,,0
702,2023-07-23 19:00,25.2,138,2.7,.6,,,95.9,,0
702,2023-07-23 20:00,24.4,157.1,2,20,,,95.9,,0
702,2023-07-23 21:00,24.6,76.6,.8,1.3,,,95.9,,0
702,2023-07-23 22:00,24.6,161.9,2.7,.1,,,95.9,,0
702,2023-07-23 23:00,24.6,119.2,1.7,.1,,,95.9,,0
702,2023-07-24 00:00,24.7,138.6,.8,0,,,95.9,,0
702,2023-07-24 01:00,24.7,110.4,1.2,0,,,95.9,,0
702,2023-07-24 02:00,24.8,114,1.9,.1,,,95.9,,0
702,2023-07-24 03:00,24.8,157.3,1.9,.5,,,95.9,,0
702,2023-07-24 04:00,24.6,128.8,1.2,4.7,,,95.9,,0
702,2023-07-24 05:00,24.4,106.1,1.7,5,,,95.9,,0
702,2023-07-24 06:00,24.4,126.9,1.4,2.5,,,95.9,,0
702,2023-07-24 07:00,24.3,189.6,1.9,1.4,,,95.9,,0
702,2023-07-24 08:00,24.4,130.5,2.3,.3,,,95.9,,0
702,2023-07-24 09:00,23.3,109.3,2.7,1.3,,,95.9,,0
702,2023-07-24 10:00,24.5,112.4,2.5,.6,,,94.8,,0
702,2023-07-24 11:00,25.3,108.9,1.5,0,,,87.9,,0
702,2023-07-24 12:00,27,112,.8,0,,,77.2,,.2
702,2023-07-24 13:00,27.7,123.1,1.8,0,,,75.1,,.8
702,2023-07-24 14:00,29.3,101.7,1.4,0,,,71.9,,1.2
702,2023-07-24 15:00,29.5,99.3,1,0,,,61.9,,1
702,2023-07-24 16:00,30.4,0,.4,0,,,62.8,,1.9
702,2023-07-24 17:00,29.8,94,1,0,,,69.8,,1.2
702,2023-07-24 18:00,29.4,198.3,1.1,0,,,75.3,,2.6
702,2023-07-24 19:00,28.2,218.2,2.5,0,,,80,,1.7
702,2023-07-24 20:00,26.7,241.6,2,0,,,87.2,,2.5
702,2023-07-24 21:00,25.9,188.8,1.7,0,,,95.9,,1.8
702,2023-07-24 22:00,25.7,128.7,.7,0,,,95.9,,2.5
702,2023-07-24 23:00,25.9,123.6,1.5,0,,,95.9,,1.8
702,2023-07-25 00:00,25.7,242.5,.5,0,,,95.9,,2.5
702,2023-07-25 01:00,25.8,0,.2,0,,,95.9,,0
702,2023-07-25 02:00,25.9,0,.1,0,,,95.9,,0
702,2023-07-25 03:00,25.8,222.1,1.5,0,,,95.9,,0
702,2023-07-25 04:00,25.7,207.5,1.6,0,,,95.7,,0
702,2023-07-25 05:00,25.5,217.4,.8,0,,,95.9,,0
702,2023-07-25 06:00,25.2,,,0,,,95.9,,0
702,2023-07-25 07:00,25.7,199.2,1.2,0,,,95.9,,0
702,2023-07-25 08:00,25.1,185,2.8,0,,,95.4,,0
702,2023-07-25 09:00,24.7,137.2,.9,.3,,,95.9,,0
702,2023-07-25 10:00,24.5,273.3,3.2,4.5,,,95.9,,0
702,2023-07-25 11:00,26.2,4.5,.8,.7,,,93.1,,0
702,2023-07-25 12:00,28.6,359.6,.7,0,,,77.7,,.5
702,2023-07-25 13:00,25.9,143.7,3.9,0,,,82.2,,.1
702,2023-07-25 14:00,29,0,.4,0,,,75.5,,.8
702,2023-07-25 15:00,27.4,107.2,4,0,,,83.1,,.5
702,2023-07-25 16:00,25.3,207,2.8,5.6,,,88.4,,1.1
702,2023-07-25 17:00,28.7,92,2.3,1.2,,,80.4,,.8
702,2023-07-25 18:00,26.9,309.6,2.5,0,,,87,,1.1
702,2023-07-25 19:00,25.7,346,1.3,0,,,88.3,,.8
702,2023-07-25 20:00,25.1,20.5,.9,0,,,95,,1.1
702,2023-07-25 21:00,25,65.4,.5,0,,,95.8,,.8
702,2023-07-25 22:00,25.2,36.6,.7,0,,,95.5,,1.1
702,2023-07-25 23:00,25,41.2,1.3,0,,,93.4,,.8
702,2023-07-26 00:00,25.1,44.6,.9,0,,,94.3,,1.1
702,2023-07-26 01:00,24.6,0,.4,0,,,95.9,,0
702,2023-07-26 02:00,24.4,55.9,.8,0,,,95.9,,0
702,2023-07-26 03:00,24.6,0,.1,0,,,95.4,,0
702,2023-07-26 04:00,24.4,8.1,.7,0,,,95.9,,0
702,2023-07-26 05:00,24.1,41.6,1.7,0,,,95.9,,0
702,2023-07-26 06:00,24.9,14.9,1.2,0,,,93.4,,0
702,2023-07-26 07:00,26.2,93.6,1.4,0,,,85,,.4
702,2023-07-26 08:00,27.1,97.7,1.7,0,,,85.5,,.3
702,2023-07-26 09:00,28.1,118.6,1.9,0,,,80.3,,1.2
702,2023-07-26 10:00,29.2,113.4,1.5,0,,,75.6,,1.1
702,2023-07-26 11:00,29.4,115.6,2.4,0,,,73.5,,1.7
702,2023-07-26 12:00,30.3,178.1,2.7,0,,,69.3,,2
702,2023-07-26 13:00,31.6,110.8,1.7,0,,,65,,2.6
702,2023-07-26 14:00,30.4,295.4,1.7,.5,,,77.5,,2.6
702,2023-07-26 15:00,26.1,69.3,3.4,4,,,82.8,,2.7
702,2023-07-26 16:00,26.2,86,4.1,0,,,91.6,,2.7
702,2023-07-26 17:00,24.3,280,2.6,12.9,,,95.8,,2.7
702,2023-07-26 18:00,24.7,93.5,1.4,0,,,95.7,,2.7
702,2023-07-26 19:00,24.6,88.4,1.4,0,,,95.7,,2.7
702,2023-07-26 20:00,24.8,18.8,1.5,.2,,,95.9,,2.7
702,2023-07-26 21:00,24.6,180.6,1.2,0,,,95.9,,2.7
702,2023-07-26 22:00,24.5,83.5,1.4,.1,,,95.9,,2.7
702,2023-07-26 23:00,24.3,57.7,2.2,0,,,95.9,,2.7
702,2023-07-27 00:00,24.1,43.6,1.4,0,,,95.9,,2.7
702,2023-07-27 01:00,23.9,346.4,1,0,,,95.9,,0
702,2023-07-27 02:00,23.5,63.4,.6,0,,,95.9,,0
702,2023-07-27 03:00,23.3,21.9,.9,0,,,95.9,,0
702,2023-07-27 04:00,23.1,57,1.6,0,,,95.9,,0
702,2023-07-27 05:00,22.5,142.6,.7,0,,,95.9,,0
702,2023-07-27 06:00,23.1,44.4,1.8,0,,,95.9,,0
702,2023-07-27 07:00,25.3,41.1,1.3,0,,,93.3,,.9
702,2023-07-27 08:00,26.2,356.5,1.5,0,,,83.1,,.9
702,2023-07-27 09:00,28.3,326,1.4,0,,,76.3,,1.9
702,2023-07-27 10:00,29.1,157.8,1.4,0,,,71.3,,1.8
702,2023-07-27 11:00,31,145.4,1,0,,,63.8,,2.9
702,2023-07-27 12:00,31.5,120.8,1.2,0,,,62.7,,2.8
702,2023-07-27 13:00,31.8,351.2,.9,0,,,59,,3.8
702,2023-07-27 14:00,33,83.9,1.1,0,,,58.8,,3.7
702,2023-07-27 15:00,33.2,191.9,.8,0,,,59.3,,4.6
702,2023-07-27 16:00,31.8,13.5,1.3,0,,,61.1,,3.7
702,2023-07-27 17:00,32,305.9,1,0,,,65,,4.7
702,2023-07-27 18:00,25.7,247.5,5.9,1.7,,,95.9,,3.8
702,2023-07-27 19:00,27.4,215,.7,.7,,,82.7,,5.2
702,2023-07-27 20:00,26.7,69.2,.6,0,,,92.9,,3.8
702,2023-07-27 21:00,26.4,35.1,.6,0,,,94.2,,5.2
702,2023-07-27 22:00,25.9,53,.9,0,,,95.2,,3.8
702,2023-07-27 23:00,25.3,0,.3,0,,,95.9,,5.2
702,2023-07-28 00:00,25.4,21.2,.9,0,,,95.9,,3.8
702,2023-07-28 01:00,24.7,113,1,0,,,95.9,,0
702,2023-07-28 02:00,24.5,0,.1,0,,,95.9,,0
702,2023-07-28 03:00,24.3,53.2,1.4,0,,,95.9,,0
702,2023-07-28 04:00,24.7,30,.6,0,,,95.9,,0
702,2023-07-28 05:00,24.1,0,.2,0,,,95.9,,0
702,2023-07-28 06:00,24.1,63.3,2.1,0,,,95.9,,.1
702,2023-07-28 07:00,25.4,104.6,1.3,0,,,95.4,,.8
702,2023-07-28 08:00,27.4,66.2,1.2,0,,,82.6,,.9
702,2023-07-28 09:00,29.3,0,.2,0,,,73.3,,1.4
702,2023-07-28 10:00,30.5,116.9,.5,0,,,63.1,,1.9
702,2023-07-28 11:00,31.4,234.6,1,0,,,63.3,,2.4
702,2023-07-28 12:00,31.8,63.6,1.2,0,,,58.6,,2.9
702,2023-07-28 13:00,32.4,186.1,2.3,0,,,58.2,,3.3
702,2023-07-28 14:00,33.1,192.8,2,0,,,58.2,,3.8
702,2023-07-28 15:00,32.7,180.7,3.1,0,,,54.7,,4.2
702,2023-07-28 16:00,32.4,183.3,3.6,0,,,59.6,,4.6
702,2023-07-28 17:00,32.3,191.8,2.7,0,,,63.4,,5.2
702,2023-07-28 18:00,31.7,194.2,3.2,0,,,64.4,,5.6
702,2023-07-28 19:00,30.5,196.1,2,0,,,67.2,,6.2
702,2023-07-28 20:00,28.9,235.5,3.8,0,,,77.8,,5.6
702,2023-07-28 21:00,27.7,241.6,1.7,0,,,87.6,,6.2
702,2023-07-28 22:00,27,258.9,2,0,,,89,,5.6
702,2023-07-28 23:00,25.8,98.5,1.1,0,,,95.9,,6.2
702,2023-07-29 00:00,25.6,205.5,.7,0,,,95.9,,5.6
702,2023-07-29 01:00,25.3,115.1,.5,0,,,95.9,,0
702,2023-07-29 02:00,25.3,95,.6,0,,,95.9,,0
702,2023-07-29 03:00,25.3,63.1,.9,0,,,95.9,,0
702,2023-07-29 04:00,24.9,0,.4,0,,,95.9,,0
702,2023-07-29 05:00,25,50.2,1.6,0,,,95.9,,0
702,2023-07-29 06:00,25.2,44.7,1.6,0,,,95.9,,0
702,2023-07-29 07:00,26.8,66.9,1.6,0,,,90.3,,.9
702,2023-07-29 08:00,28,112.4,1.8,0,,,86.4,,1
702,2023-07-29 09:00,29.7,105.4,1.6,0,,,77.3,,1.9
702,2023-07-29 10:00,31.1,106.5,.9,0,,,62.4,,2
702,2023-07-29 11:00,32,302.5,.5,0,,,54,,2.9
702,2023-07-29 12:00,32.3,184.4,1.7,0,,,55.9,,3
702,2023-07-29 13:00,33.3,117.6,1,0,,,47.6,,3.9
702,2023-07-29 14:00,34.3,172.2,.8,0,,,43.7,,4
702,2023-07-29 15:00,33.4,223.9,2.8,0,,,52.3,,4.9
702,2023-07-29 16:00,33,274.8,2.7,0,,,54.1,,5
702,2023-07-29 17:00,32.6,309.5,3.2,0,,,54.9,,5.9
702,2023-07-29 18:00,32.2,309.2,3.9,0,,,47.5,,6
702,2023-07-29 19:00,31.1,306.8,2.5,0,,,54.7,,6.8
702,2023-07-29 20:00,29.8,307.2,2.6,0,,,59,,6
702,2023-07-29 21:00,27.5,92.1,1.3,0,,,83.8,,6.8
702,2023-07-29 22:00,27.7,160.6,2.4,0,,,74.9,,6
702,2023-07-29 23:00,27,131.4,.7,0,,,81.6,,6.8
702,2023-07-30 00:00,26.1,107,1.1,0,,,90.4,,6
702,2023-07-30 01:00,,,,0,,,,,0
702,2023-07-30 02:00,25.9,43.6,.7,0,,,92.4,,0
702,2023-07-30 03:00,25.7,59.3,.5,0,,,94.2,,0
702,2023-07-30 04:00,25,70.9,1.4,0,,,95.5,,0
702,2023-07-30 05:00,24.8,45.5,1.6,0,,,95.1,,0
702,2023-07-30 06:00,24.6,86.3,1.1,0,,,95.2,,0
702,2023-07-30 07:00,26.1,87.1,1,0,,,88.4,,.9
702,2023-07-30 08:00,27.9,110.3,1.2,0,,,75.6,,1
702,2023-07-30 09:00,28.9,101.5,1.4,0,,,73.4,,1.9
702,2023-07-30 10:00,30.6,222,1.1,0,,,67.4,,2
702,2023-07-30 11:00,31.7,190.3,1,0,,,57.8,,2.9
702,2023-07-30 12:00,32.1,192.3,2.2,0,,,49.7,,3
702,2023-07-30 13:00,32.5,241.9,2.6,0,,,55.8,,3.9
702,2023-07-30 14:00,32.6,235.9,3,0,,,53.6,,3.9
702,2023-07-30 15:00,33,232,2.1,0,,,51.6,,4.9
702,2023-07-30 16:00,31.9,271.4,4.2,0,,,56.4,,4.8
702,2023-07-30 17:00,31.8,293.4,3.7,0,,,54.3,,5.9
702,2023-07-30 18:00,30.7,295.4,2.9,0,,,51.6,,5.2
702,2023-07-30 19:00,26.9,268.9,1.2,.3,,,75.4,,5.9
702,2023-07-30 20:00,26.3,262,3.1,0,,,84.9,,5.2
702,2023-07-30 21:00,25.6,317.9,2,.2,,,91.1,,5.9
702,2023-07-30 22:00,25.3,86.9,.9,0,,,94.1,,5.2
702,2023-07-30 23:00,24.9,73.2,2.2,0,,,94.1,,5.9
702,2023-07-31 00:00,25.2,0,.2,0,,,94.2,,5.2
702,2023-07-31 01:00,25.1,81.5,1.7,0,,,94.5,,0
702,2023-07-31 02:00,25,39.8,.9,0,,,94.9,,0
702,2023-07-31 03:00,24.9,52.7,.5,0,,,95.7,,0
702,2023-07-31 04:00,24.4,52.4,1.2,0,,,95.9,,0
702,2023-07-31 05:00,23.7,0,.2,0,,,95.9,,0
702,2023-07-31 06:00,23.7,80.1,.8,0,,,95.9,,.1
702,2023-07-31 07:00,25.3,53.3,.5,0,,,91.9,,1
702,2023-07-31 08:00,27.2,77.2,1.7,0,,,78.6,,1.1
702,2023-07-31 09:00,28.1,316.6,1.7,0,,,75.1,,2
702,2023-07-31 10:00,29.3,353.1,2.8,0,,,67.8,,2.1
702,2023-07-31 11:00,30.3,343.7,2.7,0,,,61.9,,2.8
702,2023-07-31 12:00,31.3,341.2,2.2,0,,,56.4,,3
702,2023-07-31 13:00,31.5,325.1,2.6,0,,,57.6,,3.7
702,2023-07-31 14:00,31.7,352.6,2.6,0,,,56.3,,4
702,2023-07-31 15:00,32.6,35.3,1.9,0,,,58.1,,4.6
702,2023-07-31 16:00,31.6,330.9,3.7,0,,,55.2,,4.8
702,2023-07-31 17:00,31.9,328.9,3.4,0,,,56.6,,5.6
702,2023-07-31 18:00,31.6,342.6,2.7,0,,,57.5,,5.3
702,2023-07-31 19:00,30.8,327.3,1.9,0,,,64.1,,5.6
702,2023-07-31 20:00,30,358.3,2.4,0,,,67.3,,5.3
702,2023-07-31 21:00,29.5,334.3,2.3,0,,,67.1,,5.6
702,2023-07-31 22:00,29.1,349.8,1.6,0,,,72.9,,5.3
702,2023-07-31 23:00,28,.1,1.3,0,,,79.3,,5.6
702,2023-08-01 00:00,26.4,0,.3,0,,,94.6,,5.3
702,2023-08-01 01:00,25.7,109.4,1.4,0,,,95.9,,0
702,2023-08-01 02:00,25.5,110.4,1.5,0,,,95.9,,0
702,2023-08-01 03:00,25.5,67.6,.8,0,,,95.9,,0
702,2023-08-01 04:00,24.9,79.4,1,0,,,95.9,,0
702,2023-08-01 05:00,24.9,66.2,.5,0,,,95.9,,0
702,2023-08-01 06:00,25.2,349,1.2,0,,,95.9,,0
702,2023-08-01 07:00,26,81.9,.9,0,,,95.7,,.4
702,2023-08-01 08:00,28.2,105.9,.7,0,,,80.8,,1
702,2023-08-01 09:00,29.8,106.9,1.5,0,,,71.2,,1.4
702,2023-08-01 10:00,31,189.4,1,0,,,67.5,,2
702,2023-08-01 11:00,32,218.4,1.1,0,,,59.2,,2.4
702,2023-08-01 12:00,33.3,175.9,1.4,0,,,54,,3
702,2023-08-01 13:00,34.2,317,1.5,0,,,55.7,,3.3
702,2023-08-01 14:00,34.4,333,1.4,0,,,51.7,,3.9
702,2023-08-01 15:00,34.3,317.3,1.2,0,,,56.5,,4
702,2023-08-01 16:00,34.9,188.6,.9,0,,,51.4,,4.8
702,2023-08-01 17:00,33.6,328.2,1.2,0,,,56.1,,4.2
702,2023-08-01 18:00,32.2,291.6,3.6,0,,,60.2,,5.4
702,2023-08-01 19:00,31.6,293.6,2.5,0,,,65.9,,4.8
702,2023-08-01 20:00,30.2,283.4,2.5,0,,,68.5,,5.3
702,2023-08-01 21:00,28.4,186.2,2.2,0,,,79.9,,4.8
702,2023-08-01 22:00,28.1,202.1,1.5,0,,,81.1,,5.3
702,2023-08-01 23:00,27.4,164.4,.6,0,,,89.8,,4.8
702,2023-08-02 00:00,26.8,155.4,1.2,0,,,93.9,,5.3
702,2023-08-02 01:00,26.6,154.2,1.2,0,,,94.4,,0
702,2023-08-02 02:00,26.4,0,.1,0,,,93.2,,0
702,2023-08-02 03:00,26.1,55.5,.6,0,,,94.8,,0
702,2023-08-02 04:00,25.9,0,.1,0,,,95.4,,0
702,2023-08-02 05:00,25.6,0,0,0,,,95.3,,0
702,2023-08-02 06:00,25.5,0,.3,0,,,95.9,,0
702,2023-08-02 07:00,26.8,0,.4,0,,,93.9,,0
702,2023-08-02 08:00,28.2,92.9,.7,0,,,85,,.8
702,2023-08-02 09:00,29,165,.8,0,,,76,,.6
702,2023-08-02 10:00,30,179.8,1.1,0,,,70.8,,1.4
702,2023-08-02 11:00,31,210,1.7,0,,,66.7,,1.5
702,2023-08-02 12:00,32.7,308.5,1.3,0,,,57.3,,2.1
702,2023-08-02 13:00,32.8,231.1,1,0,,,56.6,,2.3
702,2023-08-02 14:00,33.3,210,1.7,0,,,55.5,,2.6
702,2023-08-02 15:00,33.2,234.1,2.8,0,,,55.7,,3.1
702,2023-08-02 16:00,33,263.3,4,0,,,59.1,,3.3
702,2023-08-02 17:00,32.9,252,3.6,0,,,50.4,,4.1
702,2023-08-02 18:00,31.8,273,2.6,0,,,54.1,,4.3
702,2023-08-02 19:00,30.7,292.6,3.7,0,,,55.2,,4.5
702,2023-08-02 20:00,29.6,279.8,2.3,0,,,58.3,,4.3
702,2023-08-02 21:00,26.7,212.6,.7,0,,,84.6,,4.5
702,2023-08-02 22:00,26.1,155,.6,0,,,91,,4.3
702,2023-08-02 23:00,25.9,178,1,0,,,89.9,,4.5
702,2023-08-03 00:00,25.6,94.8,1,0,,,94.5,,4.3
702,2023-08-03 01:00,25.2,108.2,1.3,0,,,95,,0
702,2023-08-03 02:00,25.7,0,0,0,,,93.9,,0
702,2023-08-03 03:00,25.2,0,.1,0,,,93,,0
702,2023-08-03 04:00,24.9,0,0,0,,,94.8,,0
702,2023-08-03 05:00,24.9,0,.4,0,,,95.9,,0
702,2023-08-03 06:00,24.8,29,.8,0,,,95.5,,.1
702,2023-08-03 07:00,26.7,58.3,.7,0,,,84.7,,1
702,2023-08-03 08:00,28.4,75.6,1.3,0,,,74.8,,1.1
702,2023-08-03 09:00,29.9,135.9,.9,0,,,70.2,,2
702,2023-08-03 10:00,31.1,155.8,1.3,0,,,63.4,,2.1
702,2023-08-03 11:00,32.5,213.9,.9,0,,,55.1,,3
702,2023-08-03 12:00,33.6,230.2,1.1,0,,,53.4,,3.1
702,2023-08-03 13:00,34.2,0,.4,0,,,47.8,,4
702,2023-08-03 14:00,33.6,295.4,2,0,,,49.4,,4.1
702,2023-08-03 15:00,34.5,324.7,1.6,0,,,40.1,,5
702,2023-08-03 16:00,34.9,253.3,1.1,0,,,44.8,,4.9
702,2023-08-03 17:00,34.5,208.7,.9,0,,,40.4,,6
702,2023-08-03 18:00,32.4,295.5,3.9,0,,,52.2,,5.8
702,2023-08-03 19:00,31.5,286.6,3,0,,,54.9,,6.5
702,2023-08-03 20:00,30.5,286.8,1.6,0,,,59.9,,5.8
702,2023-08-03 21:00,28.8,189.1,.9,0,,,75.5,,6.5
702,2023-08-03 22:00,28.6,246.6,.8,0,,,75.5,,5.8
702,2023-08-03 23:00,28.3,0,0,0,,,76.5,,6.5
702,2023-08-04 00:00,27.1,102.1,1,0,,,89.5,,5.8
702,2023-08-04 01:00,26.8,0,.2,0,,,91.4,,0
702,2023-08-04 02:00,26.4,61.9,1,0,,,92,,0
702,2023-08-04 03:00,26.2,120.5,.5,0,,,92.9,,0
702,2023-08-04 04:00,25.9,77.2,.6,0,,,94.5,,0
702,2023-08-04 05:00,25.6,40.6,1.2,0,,,94.2,,0
702,2023-08-04 06:00,25.6,50.4,1,0,,,93,,0
702,2023-08-04 07:00,27.4,0,.1,0,,,79.8,,.8
702,2023-08-04 08:00,28.8,73.3,1.4,0,,,70.7,,1
702,2023-08-04 09:00,30.1,140.9,1.8,0,,,70.4,,1.8
702,2023-08-04 10:00,31.2,115,1.6,0,,,60.5,,2
702,2023-08-04 11:00,32.4,139,2,0,,,61.1,,2.8
702,2023-08-04 12:00,33.7,107.3,.7,0,,,44.7,,3
702,2023-08-04 13:00,34.3,82.5,1.3,0,,,50,,3.8
702,2023-08-04 14:00,34.1,275.3,1.5,0,,,51.5,,4
702,2023-08-04 15:00,32.8,275.9,2.5,0,,,56.1,,4.5
702,2023-08-04 16:00,34.3,264.6,2.1,0,,,48.2,,4.9
702,2023-08-04 17:00,33.1,9.7,1.1,0,,,54.7,,4.8
702,2023-08-04 18:00,32.7,283.6,3.7,0,,,57.3,,5.4
702,2023-08-04 19:00,31.7,291.4,2.7,0,,,59.3,,5.7
702,2023-08-04 20:00,30.8,301.9,1.3,0,,,63.4,,5.4
702,2023-08-04 21:00,29.3,212.3,2.6,0,,,75.6,,5.7
702,2023-08-04 22:00,27.9,167.2,1.1,0,,,81.5,,5.4
702,2023-08-04 23:00,27.6,169.4,1.5,0,,,86,,5.7
702,2023-08-05 00:00,27,0,.4,0,,,92.4,,5.4
702,2023-08-05 01:00,26.8,156,.6,0,,,92.3,,0
702,2023-08-05 02:00,26.7,160.3,1.5,0,,,92.1,,0
702,2023-08-05 03:00,26.3,0,0,0,,,94.6,,0
702,2023-08-05 04:00,26.1,107.1,.6,0,,,94.2,,0
702,2023-08-05 05:00,25.8,0,.4,0,,,94.7,,0
702,2023-08-05 06:00,25.6,0,.2,0,,,94.9,,0
702,2023-08-05 07:00,26.5,0,.3,0,,,92.4,,.5
702,2023-08-05 08:00,27.9,117.6,.8,0,,,81.3,,.5
702,2023-08-05 09:00,29.5,170,.8,0,,,71.3,,1.4
702,2023-08-05 10:00,31.1,126.9,1.5,0,,,68.2,,1.5
702,2023-08-05 11:00,31.2,320.8,2,0,,,61.9,,1.8
702,2023-08-05 12:00,33,338.8,1.3,0,,,56.4,,2
702,2023-08-05 13:00,32.4,41.1,2.1,0,,,56.4,,2.2
702,2023-08-05 14:00,32.6,348.5,2.6,0,,,54,,2.3
702,2023-08-05 15:00,33.8,330.6,3.1,0,,,53.8,,3.2
702,2023-08-05 16:00,34.2,318.4,2.3,0,,,47.2,,3.3
702,2023-08-05 17:00,32.9,288.1,4.3,0,,,58.3,,4.1
702,2023-08-05 18:00,32.1,292.1,3.8,0,,,63.1,,4.3
702,2023-08-05 19:00,30.9,283.2,3.9,0,,,62.4,,5
702,2023-08-05 20:00,29.9,282.5,2.2,0,,,67.9,,4.3
702,2023-08-05 21:00,27.3,178.2,.8,0,,,87.7,,5
702,2023-08-05 22:00,27.4,199.4,1.7,0,,,81.6,,4.3
702,2023-08-05 23:00,26.6,0,.3,0,,,91.8,,5
702,2023-08-06 00:00,26.5,41,.6,0,,,89.1,,4.3
702,2023-08-06 01:00,27.7,358.1,3.1,0,,,69.6,,0
702,2023-08-06 02:00,27.4,350,2.1,0,,,68.7,,0
702,2023-08-06 03:00,25.6,0,.3,0,,,93,,0
702,2023-08-06 04:00,25.3,0,.3,0,,,91.6,,0
702,2023-08-06 05:00,26.2,332.8,1.5,0,,,76.1,,0
702,2023-08-06 06:00,25.6,12.8,1.8,0,,,81,,0
702,2023-08-06 07:00,26.6,82.5,.5,0,,,80,,.6
702,2023-08-06 08:00,28.3,82.2,.5,0,,,71.4,,1
702,2023-08-06 09:00,29.7,302,1.1,0,,,64.8,,1.6
702,2023-08-06 10:00,30.5,156.9,1.4,0,,,65.2,,2
702,2023-08-06 11:00,31.7,105.7,1.8,0,,,63.3,,2.6
702,2023-08-06 12:00,32.8,186,1.9,0,,,59.6,,3
702,2023-08-06 13:00,34.3,325.9,1.9,0,,,54.9,,3.6
702,2023-08-06 14:00,34.1,14.2,2.2,0,,,59.6,,3.8
702,2023-08-06 15:00,34.2,352.1,2.2,0,,,53.9,,4
702,2023-08-06 16:00,34.7,327.7,2.8,0,,,51.5,,4.3
702,2023-08-06 17:00,33.3,218.8,3.7,0,,,65,,4.4
702,2023-08-06 18:00,32.1,214.3,3.7,0,,,67.6,,4.9
702,2023-08-06 19:00,30.6,133.8,2.6,0,,,73.9,,4.7
702,2023-08-06 20:00,27.2,22.5,3.2,1.8,,,78.3,,4.9
702,2023-08-06 21:00,25.5,356.6,2.5,14.2,,,92.2,,4.7
702,2023-08-06 22:00,25.1,69.6,.6,.1,,,93.7,,4.9
702,2023-08-06 23:00,25.3,48.9,2,0,,,93.6,,4.7
702,2023-08-07 00:00,25.4,290,1,0,,,95.4,,4.9
702,2023-08-07 01:00,25.8,0,.4,0,,,94.1,,0
702,2023-08-07 02:00,25.7,0,.4,0,,,95,,0
702,2023-08-07 03:00,25.5,35.1,.6,0,,,95.9,,0
702,2023-08-07 04:00,25.5,347,.9,0,,,95.9,,0
702,2023-08-07 05:00,25.7,356.3,1.3,0,,,94,,0
702,2023-08-07 06:00,25.4,256.7,.8,0,,,95.7,,0
702,2023-08-07 07:00,26.3,334.5,1.3,0,,,94,,.1
702,2023-08-07 08:00,28.4,0,.3,0,,,78.5,,.6
702,2023-08-07 09:00,29.3,174.9,1,0,,,76.5,,1.1
702,2023-08-07 10:00,32,174.2,.6,0,,,67,,1.5
702,2023-08-07 11:00,31.4,294.2,1.1,0,,,69.1,,2
702,2023-08-07 12:00,32.1,293.2,1.4,0,,,66,,2.3
702,2023-08-07 13:00,33,296.4,3.4,0,,,62.3,,2.9
702,2023-08-07 14:00,33.8,344,2.9,0,,,53.6,,3.3
702,2023-08-07 15:00,34.2,356.7,3.2,0,,,52,,3.9
702,2023-08-07 16:00,34.8,332.6,2.7,0,,,49.4,,4.2
702,2023-08-07 17:00,29.3,187.1,5.6,0,,,70.2,,4.6
702,2023-08-07 18:00,30,253.3,3.9,0,,,67.5,,4.3
702,2023-08-07 19:00,28.5,199.1,2.2,0,,,76.1,,5.5
702,2023-08-07 20:00,27.4,146.1,1.3,0,,,91,,4.3
702,2023-08-07 21:00,26.4,116.1,1.3,0,,,93.2,,5.5
702,2023-08-07 22:00,26.5,162.4,.6,0,,,92.2,,4.3
702,2023-08-07 23:00,26.4,0,.4,0,,,93.8,,5.5
702,2023-08-08 00:00,26.9,0,.3,0,,,89,,4.3
702,2023-08-08 01:00,26,61.5,.6,0,,,94.6,,0
702,2023-08-08 02:00,26.5,52.7,1.7,0,,,93.5,,0
702,2023-08-08 03:00,25.9,59.5,1,0,,,94.7,,0
702,2023-08-08 04:00,25.8,48.3,.5,0,,,95.5,,0
702,2023-08-08 05:00,25.4,105.5,1,0,,,95.1,,0
702,2023-08-08 06:00,25.2,0,.1,0,,,95.9,,.2
702,2023-08-08 07:00,27,0,.4,0,,,85.6,,.9
702,2023-08-08 08:00,28.1,112.6,1.5,0,,,78.6,,1.3
702,2023-08-08 09:00,29.8,105.1,1.9,0,,,69.7,,1.9
702,2023-08-08 10:00,31.1,140,1.7,0,,,64.1,,2.3
702,2023-08-08 11:00,32.8,2,1.1,0,,,57.7,,2.9
702,2023-08-08 12:00,32.7,321.2,2.6,0,,,56.4,,3.2
702,2023-08-08 13:00,32.9,338.1,2.5,0,,,55.6,,3.6
702,2023-08-08 14:00,34.5,341,2.7,0,,,53.3,,4
702,2023-08-08 15:00,34.3,342.5,3.6,0,,,51.1,,4.6
702,2023-08-08 16:00,34.2,357.6,4.3,0,,,51.8,,4.5
702,2023-08-08 17:00,32.5,241.5,2.8,4.9,,,61.1,,4.6
702,2023-08-08 18:00,33.1,346.8,1.5,0,,,60.5,,4.5
702,2023-08-08 19:00,32.6,51.4,4,0,,,58.4,,4.9
702,2023-08-08 20:00,29.4,0,.4,0,,,88.4,,4.5
702,2023-08-08 21:00,29.3,157.7,.6,0,,,88.3,,4.9
702,2023-08-08 22:00,28.9,65.4,1.8,0,,,77.4,,4.5
702,2023-08-08 23:00,28,60.5,2,0,,,79.5,,4.9
702,2023-08-09 00:00,27.3,73.4,1.6,0,,,80.5,,4.5
702,2023-08-09 01:00,27.4,64,.7,0,,,79.7,,0
702,2023-08-09 02:00,27.5,.5,1.9,0,,,72.8,,0
702,2023-08-09 03:00,27.8,358.3,2.8,0,,,69.1,,0
702,2023-08-09 04:00,27.1,357.4,3,0,,,73,,0
702,2023-08-09 05:00,26.7,352.2,2.4,0,,,74.3,,0
702,2023-08-09 06:00,26.5,20,2.1,0,,,75.8,,0
702,2023-08-09 07:00,27.3,5.9,3.1,0,,,70.5,,.1
702,2023-08-09 08:00,28.6,6.9,3.1,0,,,65.9,,.7
702,2023-08-09 09:00,28.8,43.8,5.1,0,,,67.1,,.6
702,2023-08-09 10:00,29.3,52.2,6.5,0,,,65.8,,1.3
702,2023-08-09 11:00,30,43.4,5.1,0,,,65.7,,1.1
702,2023-08-09 12:00,29.4,53.7,5.6,0,,,65.4,,1.3
702,2023-08-09 13:00,29.3,45.8,5.8,0,,,65.3,,1.1
702,2023-08-09 14:00,29.5,26.3,4.6,0,,,63.8,,1.3
702,2023-08-09 15:00,29.5,9.7,4.4,0,,,65.1,,1.1
702,2023-08-09 16:00,28.8,27.3,3.7,0,,,66.8,,1.3
702,2023-08-09 17:00,28.1,35.7,4.6,0,,,69,,1.1
702,2023-08-09 18:00,26.2,27.3,3,1.4,,,82.9,,1.3
702,2023-08-09 19:00,25.7,28.1,3.5,.5,,,80.2,,1.1
702,2023-08-09 20:00,24.9,22,3.1,3.6,,,91.1,,1.3
702,2023-08-09 21:00,24.8,36.7,3.9,6.2,,,92,,1.1
702,2023-08-09 22:00,24.4,352.8,3.7,8.5,,,95.3,,1.3
702,2023-08-09 23:00,24.2,344.3,4.2,4.8,,,93.3,,1.1
702,2023-08-10 00:00,24.2,346.4,4,2.1,,,95.2,,1.3
702,2023-08-10 01:00,24.1,358.4,4.7,2.2,,,94.6,,0
702,2023-08-10 02:00,24,347.2,5.4,.9,,,94.6,,0
702,2023-08-10 03:00,24,10.3,5.4,1.4,,,90.4,,0
702,2023-08-10 04:00,23.6,16.7,6.6,4,,,93.4,,0
702,2023-08-10 05:00,23.6,352.6,5.4,7.2,,,93.7,,0
702,2023-08-10 06:00,22.9,350.1,4.9,6.4,,,95.9,,0
702,2023-08-10 07:00,22.3,353.2,8.1,11.4,,,95.9,,0
702,2023-08-10 08:00,22,345.1,7.6,9.3,,,95.3,,0
702,2023-08-10 09:00,21.9,345.5,7.6,7.9,,,95.9,,0
702,2023-08-10 10:00,21.6,339.8,6.4,13,,,95.9,,0
702,2023-08-10 11:00,21.6,331,6.8,12.9,,,95.9,,0
702,2023-08-10 12:00,21.7,340.4,6,15.1,,,95.9,,0
702,2023-08-10 13:00,21.7,348.8,5.8,7.9,,,95.4,,0
702,2023-08-10 14:00,22,299.4,4.4,4.8,,,95.9,,0
702,2023-08-10 15:00,22.5,253.1,5,1.7,,,95.9,,0
702,2023-08-10 16:00,23.4,257.8,4.4,1,,,91.6,,0
702,2023-08-10 17:00,22.9,255,6,1.8,,,95,,0
702,2023-08-10 18:00,22.6,262,6,1.5,,,91.4,,0
702,2023-08-10 19:00,22.9,261.5,5.2,.2,,,94.3,,0
702,2023-08-10 20:00,23.1,256.5,4.6,.2,,,86.7,,0
702,2023-08-10 21:00,23.1,240,3.3,0,,,84.9,,0
702,2023-08-10 22:00,23.2,235,2.3,0,,,91.5,,0
702,2023-08-10 23:00,23.1,220.5,1.9,0,,,93.7,,0
702,2023-08-11 00:00,23.4,205.7,2.3,.1,,,95.9,,0
702,2023-08-11 01:00,23,188.9,2.5,.5,,,95.7,,0
702,2023-08-11 02:00,23.1,191.7,3.1,0,,,95.2,,0
702,2023-08-11 03:00,,,,0,,,,,0
702,2023-08-11 06:00,,50.8,.7,,,,94.2,,0
702,2023-08-11 07:00,23.9,138.3,2,0,,,93.4,,0
702,2023-08-11 08:00,24.8,164.9,1.9,0,,,92.1,,0
702,2023-08-11 09:00,25.7,176.1,3.9,0,,,84.9,,0
702,2023-08-11 10:00,27,182.4,4.1,.5,,,84.1,,.3
702,2023-08-11 11:00,27.8,184.4,3.9,0,,,78.4,,.6
702,2023-08-11 12:00,27.9,210.5,3.7,0,,,67.9,,1.1
702,2023-08-11 13:00,28.4,229.8,4.7,0,,,65.6,,1.2
702,2023-08-11 14:00,28.8,244.5,5.2,0,,,63.4,,2
702,2023-08-11 15:00,28.7,247.5,4.9,0,,,66.6,,2
702,2023-08-11 16:00,27.7,250.3,6.1,0,,,68,,2
702,2023-08-11 17:00,27.4,239.8,5.7,0,,,70.2,,2
702,2023-08-11 18:00,26.4,187,2,0,,,76.9,,2
702,2023-08-11 19:00,25.8,247.9,1.6,0,,,81.6,,2
702,2023-08-11 20:00,25,233,1.7,0,,,83.8,,2
702,2023-08-11 21:00,24.7,187.1,1.2,0,,,90.4,,2
702,2023-08-11 22:00,24.7,215.9,1.7,0,,,84.5,,2
702,2023-08-11 23:00,24.2,101.3,1.2,0,,,93.5,,2
702,2023-08-12 00:00,24.1,111.9,1,0,,,94.3,,2
702,2023-08-12 01:00,24.1,68,.5,0,,,93.9,,0
702,2023-08-12 02:00,24.1,151.8,.7,0,,,93.5,,0
702,2023-08-12 03:00,23.8,0,0,0,,,94.9,,0
702,2023-08-12 04:00,23.8,0,.3,0,,,95.2,,0
702,2023-08-12 05:00,23.7,128.4,.5,.5,,,95.9,,0
702,2023-08-12 06:00,23.1,79.4,1.2,1.9,,,95.1,,0
702,2023-08-12 07:00,22.9,61,2.5,.2,,,92.6,,0
702,2023-08-12 08:00,22.9,286.8,1.8,0,,,91.4,,0
702,2023-08-12 09:00,24.6,102.1,1.8,0,,,90.6,,.1
702,2023-08-12 10:00,25.2,105.3,2,0,,,81.5,,.2
702,2023-08-12 11:00,28,103.2,1.9,0,,,76.2,,1.1
702,2023-08-12 12:00,28.6,178.4,2,0,,,64.3,,.8
702,2023-08-12 13:00,28.3,218.3,2.2,0,,,67.9,,1.2
702,2023-08-12 14:00,28.7,218.1,1.2,0,,,69.7,,.8
702,2023-08-12 15:00,28,263.5,4,2.1,,,75.4,,1.2
702,2023-08-12 16:00,27.9,250.5,4,0,,,71.7,,1.1
702,2023-08-12 17:00,27.1,250.4,3.2,0,,,76.3,,1.2
702,2023-08-12 18:00,26.1,0,.4,0,,,80,,1.1
702,2023-08-12 19:00,26.2,0,.4,0,,,78.3,,1.2
702,2023-08-12 20:00,25.3,0,.2,0,,,91.2,,1.1
702,2023-08-12 21:00,25,81,1.3,0,,,94,,1.2
702,2023-08-12 22:00,24.6,0,.2,.1,,,95.7,,1.1
702,2023-08-12 23:00,24.5,60.4,.9,0,,,95.2,,1.2
702,2023-08-13 00:00,23.9,0,0,0,,,95.8,,1.1
702,2023-08-13 01:00,24,50.8,1.2,0,,,95.9,,0
702,2023-08-13 02:00,23.4,52.1,1.6,0,,,95.9,,0
702,2023-08-13 03:00,23.3,23.1,.8,0,,,95.3,,0
702,2023-08-13 04:00,23.4,41.3,1.1,0,,,94.1,,0
702,2023-08-13 05:00,23.1,52.8,1,0,,,95.1,,0
702,2023-08-13 06:00,22.9,0,.3,0,,,95.4,,0
702,2023-08-13 07:00,23.6,34.5,1.3,0,,,93.7,,0
702,2023-08-13 08:00,24.5,80.9,1.6,0,,,85.8,,0
702,2023-08-13 09:00,26,96.1,1.2,0,,,78.7,,.4
702,2023-08-13 10:00,27.6,119.5,1.6,0,,,71.1,,1
702,2023-08-13 11:00,29.9,118,1.2,0,,,56.1,,1.4
702,2023-08-13 12:00,30.5,104.1,.8,0,,,55.5,,1.7
702,2023-08-13 13:00,30.4,166.9,1.8,0,,,59.5,,2
702,2023-08-13 14:00,32.1,81.7,.5,0,,,52.7,,2
702,2023-08-13 15:00,31.5,215.8,2.2,0,,,51.8,,2.8
702,2023-08-13 16:00,31.3,254.2,.9,0,,,57.7,,2.3
702,2023-08-13 17:00,30.9,287.2,3.1,0,,,60.2,,3.1
702,2023-08-13 18:00,29.9,292.7,3.4,0,,,61.6,,3.3
702,2023-08-13 19:00,28.5,297,2.7,0,,,67.5,,3.3
702,2023-08-13 20:00,27.8,291.3,2.6,0,,,69.4,,3.3
702,2023-08-13 21:00,27.1,285.7,2,0,,,68.9,,3.3
702,2023-08-13 22:00,25.1,101.9,.7,0,,,94.6,,3.3
702,2023-08-13 23:00,24.9,107.1,.5,0,,,94.4,,3.3
702,2023-08-14 00:00,24.7,0,.4,0,,,95.2,,3.3
702,2023-08-14 01:00,24.5,68.2,.8,0,,,95.6,,0
702,2023-08-14 02:00,24.4,80.9,1.3,0,,,95.9,,0
702,2023-08-14 03:00,24.3,0,.1,0,,,95.7,,0
702,2023-08-14 04:00,24.1,53,.7,0,,,95.9,,0
702,2023-08-14 05:00,24.3,0,0,0,,,95.9,,0
702,2023-08-14 06:00,24.4,56.3,1.3,0,,,95.8,,0
702,2023-08-14 07:00,25,0,.4,0,,,94.5,,0
702,2023-08-14 08:00,26.2,121.2,.9,0,,,89.2,,.8
702,2023-08-14 09:00,28,128.4,1.1,0,,,75.4,,1
702,2023-08-14 10:00,29.2,144.1,1,0,,,72.3,,1.8
702,2023-08-14 11:00,31.6,303.5,.5,0,,,61.9,,2
702,2023-08-14 12:00,30.7,321.2,1.1,0,,,64.6,,2.4
702,2023-08-14 13:00,31.3,356,1.3,0,,,61,,2.3
702,2023-08-14 14:00,33.3,269.9,1.1,0,,,55.4,,3.2
702,2023-08-14 15:00,31.9,341.5,.9,0,,,57.8,,2.6
702,2023-08-14 16:00,33,315.6,2.6,0,,,56.4,,3.9
702,2023-08-14 17:00,31.7,280.7,3.7,0,,,62,,3.4
702,2023-08-14 18:00,30.3,287.3,4.9,0,,,68.6,,4.9
702,2023-08-14 19:00,29.1,309.9,3.3,0,,,73.9,,3.9
702,2023-08-14 20:00,28.9,341.3,2,0,,,74.5,,4.9
702,2023-08-14 21:00,28.2,329.7,3.1,0,,,69.9,,3.9
702,2023-08-14 22:00,27,331.3,.6,0,,,79.2,,4.9
702,2023-08-14 23:00,26.4,6.5,1,0,,,81,,3.9
702,2023-08-15 00:00,24.9,0,.4,0,,,95.3,,4.9
702,2023-08-15 01:00,24.8,0,.3,0,,,95.3,,0
702,2023-08-15 02:00,24.4,68.6,1.2,0,,,95.9,,0
702,2023-08-15 03:00,24.3,0,.1,0,,,95.9,,0
702,2023-08-15 04:00,24.4,359.7,.5,0,,,95.9,,0
702,2023-08-15 05:00,23.9,86.4,1.8,0,,,95.9,,0
702,2023-08-15 06:00,23.9,298.7,.7,0,,,95.9,,0
702,2023-08-15 07:00,24.6,350.9,1.4,0,,,95.9,,0
702,2023-08-15 08:00,25.9,320.2,1.2,0,,,85.9,,0
702,2023-08-15 09:00,27.9,130.8,1,0,,,75.8,,.9
702,2023-08-15 10:00,28.7,117.7,1.2,0,,,72.1,,1
702,2023-08-15 11:00,29.7,216.2,1.1,0,,,66.5,,1.7
702,2023-08-15 12:00,31.6,294.2,1.4,0,,,62.5,,2
702,2023-08-15 13:00,31.5,315.6,3.7,0,,,60.5,,2.7
702,2023-08-15 14:00,29.6,286.8,5,0,,,71.3,,2.4
702,2023-08-15 15:00,30.4,269.4,3.7,0,,,63.8,,3.5
702,2023-08-15 16:00,31.5,260.5,3.8,0,,,65.9,,3.4
702,2023-08-15 17:00,31.4,285.6,3.4,0,,,63.6,,4.4
702,2023-08-15 18:00,29.5,45,1.9,0,,,65.3,,3.8
702,2023-08-15 19:00,28.8,277,2.4,0,,,72.5,,4.4
702,2023-08-15 20:00,28.2,293.5,2.6,0,,,73.4,,3.8
702,2023-08-15 21:00,26.6,196.3,2.8,0,,,81.9,,4.4
702,2023-08-15 22:00,25.7,185.7,1.8,0,,,90.9,,3.8
702,2023-08-15 23:00,25.3,236.1,.6,0,,,93,,4.4
702,2023-08-16 00:00,25,88,1.5,0,,,94.7,,3.8
702,2023-08-16 01:00,25.1,167.8,.9,0,,,95.4,,0
702,2023-08-16 02:00,25.1,136.3,.7,0,,,94.8,,0
702,2023-08-16 03:00,24.6,125.3,1.1,0,,,95.5,,0
702,2023-08-16 04:00,24.3,0,.1,0,,,95.8,,0
702,2023-08-16 05:00,23.8,87.4,.9,0,,,95.9,,0
702,2023-08-16 06:00,24.1,85.8,.8,0,,,95.9,,0
702,2023-08-16 07:00,24.8,230.2,.9,0,,,95.9,,0
702,2023-08-16 08:00,25.7,176.8,1.2,0,,,92.5,,.4
702,2023-08-16 09:00,26.6,151.1,1.7,0,,,81.9,,.8
702,2023-08-16 10:00,28.1,121.4,1.8,0,,,77,,1.3
702,2023-08-16 11:00,29.7,160.5,1.3,0,,,63.3,,1.8
702,2023-08-16 12:00,29.8,191,1.6,0,,,61.8,,2
702,2023-08-16 13:00,31,210,2.6,0,,,55,,2.8
702,2023-08-16 14:00,30.4,241.8,4.7,0,,,64,,3
702,2023-08-16 15:00,30.1,274.4,4.8,0,,,59.7,,3.7
702,2023-08-16 16:00,30.4,258.1,3.3,0,,,57.7,,4
702,2023-08-16 17:00,29.8,253.9,3.4,0,,,61.7,,4.6
702,2023-08-16 18:00,28.8,271.8,3.4,0,,,62.3,,5
702,2023-08-16 19:00,27.4,300.6,3.6,0,,,68.8,,5.5
702,2023-08-16 20:00,26.4,286.4,2.1,0,,,78.4,,5
702,2023-08-16 21:00,26.3,291.6,1.8,0,,,79.4,,5.5
702,2023-08-16 22:00,25.8,284.4,1.7,0,,,82.1,,5
702,2023-08-16 23:00,24.4,104.3,2.2,0,,,92.4,,5.5
702,2023-08-17 00:00,24.4,42.9,1,0,,,93.9,,5
702,2023-08-17 01:00,24.5,0,.1,0,,,95,,0
702,2023-08-17 02:00,23.9,0,.4,0,,,95.6,,0
702,2023-08-17 03:00,23.3,0,0,0,,,95.9,,0
702,2023-08-17 04:00,22.8,0,.4,0,,,95.9,,0
702,2023-08-17 05:00,22.7,67.9,.7,0,,,95.9,,0
702,2023-08-17 06:00,22.5,236.6,1,0,,,95.9,,0
702,2023-08-17 07:00,23.6,318.2,.8,0,,,95.9,,0
702,2023-08-17 08:00,24.6,345.3,1.2,0,,,92.4,,0
702,2023-08-17 09:00,25.4,352,1.5,0,,,83.8,,0
702,2023-08-17 10:00,27.5,303.9,1,0,,,70.3,,.8
702,2023-08-17 11:00,28.5,101.2,1.3,0,,,65.2,,.9
702,2023-08-17 12:00,29.3,197.9,1.2,0,,,54.2,,1.7
702,2023-08-17 13:00,30.6,181.8,1.3,0,,,49.6,,1.9
702,2023-08-17 14:00,31.3,204.4,1.5,0,,,47.2,,2.7
702,2023-08-17 15:00,31.5,221.9,1,0,,,44.1,,2.9
702,2023-08-17 16:00,31.4,197.7,1.8,0,,,48.6,,3.7
702,2023-08-17 17:00,31.6,224.4,1.9,0,,,53.8,,3.8
702,2023-08-17 18:00,30.1,269.4,2.8,0,,,61.5,,4.6
702,2023-08-17 19:00,28.3,302.9,3.1,0,,,67.2,,4.5
702,2023-08-17 20:00,27.4,278.1,2.5,0,,,65.4,,4.6
702,2023-08-17 21:00,26.1,0,.4,0,,,87.1,,4.5
702,2023-08-17 22:00,26,204.2,1.8,0,,,88.4,,4.6
702,2023-08-17 23:00,25.8,197.5,1.5,0,,,91.5,,4.5
702,2023-08-18 00:00,25.7,192.6,1,0,,,92.3,,4.6
702,2023-08-18 01:00,25.1,222.9,.9,0,,,94.6,,0
702,2023-08-18 02:00,24.8,109.3,1.1,0,,,94.4,,0
702,2023-08-18 03:00,24.8,0,.4,0,,,95.4,,0
702,2023-08-18 04:00,24.5,0,.1,0,,,95.8,,0
702,2023-08-18 05:00,24.1,0,.2,0,,,95.7,,0
702,2023-08-18 06:00,23.9,0,.1,0,,,95.9,,0
702,2023-08-18 07:00,24.9,0,.4,0,,,95.3,,.1
702,2023-08-18 08:00,26.1,115.8,2,0,,,90.6,,.9
702,2023-08-18 09:00,27.9,148.9,1.2,0,,,75.3,,1
702,2023-08-18 10:00,29,114.8,1.1,0,,,69.2,,1.9
702,2023-08-18 11:00,29.8,14.5,1.2,0,,,63.9,,1.6
702,2023-08-18 12:00,30.9,144,.9,0,,,55,,2.5
702,2023-08-18 13:00,31.7,201.2,1.2,0,,,55.8,,2.5
702,2023-08-18 14:00,31.5,291.5,1.1,0,,,57.9,,2.9
702,2023-08-18 15:00,32.3,242.1,1.9,0,,,52.6,,2.8
702,2023-08-18 16:00,31.4,280.9,3.6,0,,,63.1,,3.3
702,2023-08-18 17:00,30.9,257.9,3.7,0,,,60,,3.8
702,2023-08-18 18:00,28.5,191.6,2.4,.4,,,74.8,,3.5
702,2023-08-18 19:00,27.1,169.4,1.1,0,,,81.2,,3.8
702,2023-08-18 20:00,26.3,213.8,1.6,.3,,,88.6,,3.5
702,2023-08-18 21:00,25.7,191.3,1,0,,,83.4,,3.8
702,2023-08-18 22:00,25.6,108.7,1.7,0,,,93.7,,3.5
702,2023-08-18 23:00,25.5,174.2,1.5,0,,,90.3,,3.8
702,2023-08-19 00:00,25.5,25.4,.7,0,,,89.7,,3.5
702,2023-08-19 01:00,25.3,114.8,.9,0,,,92.8,,0
702,2023-08-19 02:00,25.7,112.2,.7,0,,,90.5,,0
702,2023-08-19 03:00,25.6,49.1,.5,0,,,93.3,,0
702,2023-08-19 04:00,25.7,0,0,0,,,94.7,,0
702,2023-08-19 05:00,25.6,351.8,1.6,0,,,92.7,,0
702,2023-08-19 06:00,25.6,359,.9,0,,,91.3,,0
702,2023-08-19 07:00,26.4,33.1,.8,0,,,84,,.4
702,2023-08-19 08:00,27.5,0,.3,0,,,76.5,,.7
702,2023-08-19 09:00,27.9,143.3,.9,0,,,75.7,,.8
702,2023-08-19 10:00,29.8,230.7,.6,0,,,63.2,,1.5
702,2023-08-19 11:00,30.8,30.2,.5,0,,,62.8,,1.4
702,2023-08-19 12:00,31.6,228.8,1.4,0,,,60.6,,2.1
702,2023-08-19 13:00,32.4,214.1,1.1,0,,,59.4,,2.2
702,2023-08-19 14:00,31.6,246.9,2.6,0,,,62.4,,2.8
702,2023-08-19 15:00,31.7,280.1,1,0,,,63.1,,2.2
702,2023-08-19 16:00,32,268,3.3,0,,,60.6,,3.3
702,2023-08-19 17:00,31.2,246,3.7,0,,,62.8,,3.1
702,2023-08-19 18:00,29.8,223.9,3.5,0,,,68.4,,4.3
702,2023-08-19 19:00,28.4,249.4,2.5,0,,,70.7,,3.3
702,2023-08-19 20:00,26.7,194.6,2.8,0,,,77.2,,4.3
702,2023-08-19 21:00,26.3,176.8,1.7,0,,,84.4,,3.3
702,2023-08-19 22:00,26,164.3,1.7,0,,,84.6,,4.3
702,2023-08-19 23:00,26.1,0,0,.2,,,88,,3.3
702,2023-08-20 00:00,25.8,153.9,1.3,0,,,89.1,,4.3
702,2023-08-20 01:00,25.7,0,.3,0,,,93.1,,0
702,2023-08-20 02:00,25.3,101.7,.8,0,,,94.5,,0
702,2023-08-20 03:00,25.2,94.9,.8,0,,,94.5,,0
702,2023-08-20 04:00,24.9,108,1.1,0,,,94.8,,0
702,2023-08-20 05:00,24.7,82.6,.9,0,,,95.7,,0
702,2023-08-20 06:00,25.3,0,0,,,,94.3,,0
702,2023-08-20 07:00,25.7,80,.9,0,,,93.6,,0
702,2023-08-20 08:00,26.8,158,.8,0,,,78.6,,.3
702,2023-08-20 09:00,27.6,154.1,.9,0,,,72.8,,1
702,2023-08-20 10:00,29,186.9,.9,0,,,62.8,,1.3
702,2023-08-20 11:00,30.6,157.4,.7,0,,,59.6,,2
702,2023-08-20 12:00,31.6,187.5,2.4,0,,,62.5,,2.3
702,2023-08-20 13:00,32.1,202.3,2.4,0,,,55,,3
702,2023-08-20 14:00,33,197.4,2.4,0,,,57.7,,3.3
702,2023-08-20 15:00,33,232.6,2.6,0,,,50.6,,4
702,2023-08-20 16:00,32.2,245.6,3.8,0,,,59,,4.2
702,2023-08-20 17:00,31.5,252.8,4.1,0,,,59.9,,4.9
702,2023-08-20 18:00,30.5,249.1,4,0,,,52.6,,5.2
702,2023-08-20 19:00,29,246.7,2.2,0,,,61,,5.6
702,2023-08-20 20:00,27.1,215.4,2.1,0,,,78.7,,5.2
702,2023-08-20 21:00,26.1,122.7,1.6,0,,,88.8,,5.6
702,2023-08-20 22:00,26.1,150.4,1.1,0,,,86.7,,-5.6
702,2023-08-20 23:00,26.4,169,.6,0,,,85.7,,5.6
702,2023-08-21 00:00,25.8,0,.4,0,,,86.5,,-5.6
702,2023-08-21 01:00,26.2,0,.3,0,,,84.5,,0
702,2023-08-21 02:00,25.6,127.4,.8,0,,,91.4,,0
702,2023-08-21 03:00,25,141.8,.5,0,,,94.8,,0
702,2023-08-21 04:00,25.1,0,0,0,,,94.8,,0
702,2023-08-21 05:00,24.9,39.9,.5,0,,,94.6,,0
702,2023-08-21 06:00,25.1,50.6,1.2,0,,,90,,0
702,2023-08-21 07:00,25.6,64.1,1.5,0,,,90.2,,.2
702,2023-08-21 08:00,27.5,67.1,1.8,0,,,78.8,,1
702,2023-08-21 09:00,29.2,128.2,2.6,0,,,70.3,,1.2
702,2023-08-21 10:00,30.1,122.1,3.2,0,,,64.7,,2
702,2023-08-21 11:00,30.9,175.6,2.6,0,,,64.5,,2.1
702,2023-08-21 12:00,31.6,195,3.3,0,,,59.9,,2.9
702,2023-08-21 13:00,31.5,163.6,2.6,0,,,60.2,,2.9
702,2023-08-21 14:00,32.2,147.1,1.8,0,,,57.6,,3.5
702,2023-08-21 15:00,33,194.6,4.8,0,,,51.5,,3.9
702,2023-08-21 16:00,32.3,233.5,3.1,0,,,60,,4.1
702,2023-08-21 17:00,32.7,236,1.8,0,,,59,,4.4
702,2023-08-21 18:00,31,185.5,1.8,0,,,70.7,,4.4
702,2023-08-21 19:00,29.3,193.4,1.6,0,,,71.4,,4.4
702,2023-08-21 20:00,27.1,107.5,1.1,0,,,81.2,,4.4
702,2023-08-21 21:00,27.5,143.4,1.9,0,,,75,,4.4
702,2023-08-21 22:00,26.3,137,1.1,0,,,85.7,,4.4
702,2023-08-21 23:00,25.8,102,1.4,0,,,88.4,,4.4
702,2023-08-22 00:00,25.2,120.7,1.9,0,,,89.4,,4.4
702,2023-08-22 01:00,25,0,.1,0,,,91.3,,0
702,2023-08-22 02:00,24.9,77,.9,0,,,88.1,,0
702,2023-08-22 03:00,25.6,137.8,1.7,0,,,83.4,,0
702,2023-08-22 04:00,25.1,111.2,.9,0,,,89.1,,0
702,2023-08-22 05:00,25,21.6,.8,0,,,87.4,,0
702,2023-08-22 06:00,24.1,114.1,1.8,0,,,93.8,,0
702,2023-08-22 07:00,26.1,121.8,2.3,0,,,88.7,,.7
702,2023-08-22 08:00,27.7,119.4,2,0,,,79.5,,1
702,2023-08-22 09:00,28.4,165.3,3.8,0,,,70.4,,.9
702,2023-08-22 10:00,28.9,170.1,2.8,0,,,70.9,,1.2
702,2023-08-22 11:00,30.9,160.7,3.6,0,,,62.8,,1.6
702,2023-08-22 12:00,31.2,183.3,4.4,0,,,59,,2.1
702,2023-08-22 13:00,31.8,156.4,4.3,0,,,60.8,,2.4
702,2023-08-22 14:00,32.3,155.9,4.2,0,,,55.5,,2.9
702,2023-08-22 15:00,27.5,270.7,5.2,4.8,,,94.3,,2.7
702,2023-08-22 16:00,27.8,321.3,2,7.9,,,91.2,,3.4
702,2023-08-22 17:00,27.9,314,1.6,0,,,89.6,,2.8
702,2023-08-22 18:00,27.2,325.5,1.5,0,,,85.5,,3.4
702,2023-08-22 19:00,26.2,256.9,3.6,4.6,,,95.9,,2.8
702,2023-08-22 20:00,25.7,118.6,1.6,.1,,,94,,3.4
702,2023-08-22 21:00,25.7,72.1,.7,0,,,95.7,,2.8
702,2023-08-22 22:00,26.3,135.3,2.2,0,,,91.1,,3.4
702,2023-08-22 23:00,25.7,0,.2,0,,,94.3,,2.8
702,2023-08-23 00:00,25.5,0,.2,0,,,95.8,,3.4
702,2023-08-23 01:00,25.6,131.6,1.6,0,,,95.4,,0
702,2023-08-23 02:00,25,201,1,.1,,,94.7,,0
702,2023-08-23 03:00,24.6,50.1,.5,1.3,,,95.9,,0
702,2023-08-23 04:00,24.7,0,0,0,,,95.8,,0
702,2023-08-23 05:00,24.9,0,.1,0,,,95.9,,0
702,2023-08-23 06:00,24.9,0,.3,0,,,95.9,,0
702,2023-08-23 07:00,25.7,57.3,1.2,0,,,95.3,,0
702,2023-08-23 08:00,26.9,98.9,2.5,0,,,89,,.1
702,2023-08-23 09:00,27.3,122.7,3.2,0,,,80.7,,-.1
702,2023-08-23 10:00,28.3,127.5,2.9,0,,,79.6,,.3
702,2023-08-23 11:00,29.2,142.5,4.1,0,,,70.4,,0
702,2023-08-23 12:00,30,165.9,2.7,0,,,68.5,,.3
702,2023-08-23 13:00,30,181.9,2.8,0,,,71.5,,0
702,2023-08-23 14:00,29.5,172.4,2.9,0,,,76.8,,.3
702,2023-08-23 15:00,27.6,186.4,2.9,.8,,,86.8,,0
702,2023-08-23 16:00,25.3,260,3.8,3,,,95,,.3
702,2023-08-23 17:00,25,304.2,2.3,.1,,,95.4,,0
702,2023-08-23 18:00,24.7,108,1,4.4,,,95.9,,.3
702,2023-08-23 19:00,24.4,45.7,1,8.2,,,95.9,,0
702,2023-08-23 20:00,24.7,25.9,1.6,3.7,,,95.9,,.3
702,2023-08-23 21:00,25,338.7,1.6,.3,,,95.4,,0
702,2023-08-23 22:00,24.8,260.8,1.1,0,,,95.3,,.3
702,2023-08-23 23:00,24.7,353.7,1.2,1.3,,,95.9,,0
702,2023-08-24 00:00,24.5,0,.1,0,,,95.9,,.3
702,2023-08-24 01:00,24.4,134.2,.7,0,,,95.9,,0
702,2023-08-24 02:00,24.4,0,.2,0,,,95.9,,0
702,2023-08-24 03:00,24.6,259.2,.5,0,,,95.9,,0
702,2023-08-24 04:00,24.6,0,.4,0,,,95.9,,0
702,2023-08-24 05:00,24.6,0,.2,2.6,,,95.9,,0
702,2023-08-24 06:00,24.7,92.1,.6,.6,,,95.9,,0
702,2023-08-24 07:00,24.7,,,0,,,95.9,,0
702,2023-08-24 08:00,25,206,1.3,0,,,95.9,,0
702,2023-08-24 09:00,25.6,269.5,1.1,0,,,92.4,,0
702,2023-08-24 10:00,26.8,339.7,1,0,,,85.1,,.3
702,2023-08-24 11:00,28,133.7,1.1,0,,,73.1,,0
702,2023-08-24 12:00,29.9,237.9,1,0,,,65,,.9
702,2023-08-24 13:00,29.3,202.3,1.8,0,,,70.8,,.3
702,2023-08-24 14:00,26.6,97.8,3.6,0,,,86.1,,.9
702,2023-08-24 15:00,25.8,122,1.8,3.4,,,95.9,,.3
702,2023-08-24 16:00,26.1,118.9,1.1,.5,,,95.4,,.9
702,2023-08-24 17:00,26.3,211.4,2.5,0,,,92.4,,.3
702,2023-08-24 18:00,24.8,264.7,2,.3,,,94.7,,.9
702,2023-08-24 19:00,25.3,0,.2,0,,,94.8,,.3
702,2023-08-24 20:00,25.2,156.5,1.1,0,,,95.9,,.9
702,2023-08-24 21:00,25.1,179.1,.8,0,,,95.9,,.3
702,2023-08-24 22:00,25.3,242.8,2.2,0,,,95.9,,.9
702,2023-08-24 23:00,24.8,230.7,2.2,0,,,94.5,,.3
702,2023-08-25 00:00,24.2,212.3,2.3,0,,,95.9,,.9
702,2023-08-25 01:00,24.1,206.9,2.1,0,,,95.9,,0
702,2023-08-25 02:00,23.9,181.6,.8,0,,,95.9,,0
702,2023-08-25 03:00,23.9,202.4,1.4,0,,,95.9,,0
702,2023-08-25 04:00,23.9,173.7,.7,0,,,95.9,,0
702,2023-08-25 05:00,23.7,148.4,.5,0,,,95.9,,0
702,2023-08-25 06:00,23.7,0,.4,0,,,95.9,,0
702,2023-08-25 07:00,24,0,0,0,,,95.9,,.3
702,2023-08-25 08:00,25.3,210.7,1.5,0,,,94,,.3
702,2023-08-25 09:00,26.5,230.5,2.3,0,,,81.4,,1.1
702,2023-08-25 10:00,26.6,248.1,2.9,0,,,78.5,,.8
702,2023-08-25 11:00,28.8,259.1,2.7,0,,,67.5,,1.9
702,2023-08-25 12:00,29.1,269.7,3.7,0,,,61.6,,1.6
702,2023-08-25 13:00,29.4,239.5,4.4,0,,,55.8,,2.6
702,2023-08-25 14:00,29.5,266,4.6,0,,,51.6,,2.6
702,2023-08-25 15:00,29.3,269.9,4.6,0,,,57.9,,3.6
702,2023-08-25 16:00,29,265.7,4.9,0,,,58.5,,3.5
702,2023-08-25 17:00,28.7,263.7,4.7,0,,,57.5,,4.6
702,2023-08-25 18:00,27.8,265.5,3.7,0,,,61.9,,4.3
702,2023-08-25 19:00,26.6,274.5,2.9,0,,,61.6,,5.4
702,2023-08-25 20:00,25,258.3,2.3,0,,,73,,4.3
702,2023-08-25 21:00,23.3,151.6,1.4,0,,,89.7,,5.4
702,2023-08-25 22:00,22.4,0,.4,0,,,93.2,,4.3
702,2023-08-25 23:00,21.4,97.9,1.2,0,,,95.9,,5.4
702,2023-08-26 00:00,21.3,84.8,.5,0,,,95.9,,4.3
702,2023-08-26 01:00,21.2,70.9,.6,0,,,95.9,,0
702,2023-08-26 02:00,21.1,52,.9,0,,,95.7,,0
702,2023-08-26 03:00,21,75.7,.8,0,,,95.9,,0
702,2023-08-26 04:00,20.2,0,.1,0,,,95.9,,0
702,2023-08-26 05:00,20.3,52.6,.9,0,,,95.9,,0
702,2023-08-26 06:00,19.8,76.4,1.3,0,,,95.9,,0
702,2023-08-26 07:00,21,61.5,.9,0,,,95.9,,.6
702,2023-08-26 08:00,22.5,119,1.4,0,,,94.1,,1
702,2023-08-26 09:00,25.1,24.9,1,0,,,78.2,,1.6
702,2023-08-26 10:00,26.1,335.1,1.6,0,,,70.8,,2
702,2023-08-26 11:00,27.9,298.6,1.2,0,,,65.3,,2.6
702,2023-08-26 12:00,28.4,322.9,1.8,0,,,59.6,,2.9
702,2023-08-26 13:00,29.2,320.8,3,0,,,53.7,,3.4
702,2023-08-26 14:00,29.4,303.5,2.1,0,,,53.6,,3.9
702,2023-08-26 15:00,29.6,312.1,3.2,0,,,53.5,,4.4
702,2023-08-26 16:00,29.9,300.2,3,0,,,55.9,,4.9
702,2023-08-26 17:00,29.1,287.7,3.3,0,,,57.1,,5.3
702,2023-08-26 18:00,27.6,292,4,0,,,66.6,,5.8
702,2023-08-26 19:00,26.8,302.1,3.7,0,,,72.2,,5.6
702,2023-08-26 20:00,25.9,306.6,1.2,0,,,78.3,,5.8
702,2023-08-26 21:00,23.6,0,.2,0,,,95.5,,5.6
702,2023-08-26 22:00,23.2,0,.1,0,,,95.9,,5.8
702,2023-08-26 23:00,22.5,134.9,.7,0,,,95.9,,5.6
702,2023-08-27 00:00,22.3,111.3,.7,0,,,95.9,,5.8
702,2023-08-27 01:00,22.2,101.7,1,0,,,95.9,,0
702,2023-08-27 02:00,21.8,73.6,.6,0,,,95.9,,0
702,2023-08-27 03:00,21.7,0,.3,0,,,95.9,,0
702,2023-08-27 04:00,22.5,340.3,.8,0,,,93,,0
702,2023-08-27 05:00,21.6,95.3,1.4,0,,,95.9,,0
702,2023-08-27 06:00,21.3,0,.1,0,,,95.9,,0
702,2023-08-27 07:00,22.8,0,.4,0,,,93.5,,0
702,2023-08-27 08:00,23.6,66,1,0,,,92,,.1
702,2023-08-27 09:00,25.7,120.5,.6,0,,,75.5,,.8
702,2023-08-27 10:00,27.9,146.3,.9,0,,,65.4,,1.1
702,2023-08-27 11:00,28.6,107.4,1.4,0,,,65,,1.7
702,2023-08-27 12:00,29.3,214.2,1.1,0,,,58.9,,2
702,2023-08-27 13:00,30.5,181.2,1.2,0,,,52.7,,2.5
702,2023-08-27 14:00,31.1,315.9,2,0,,,53.9,,2.7
702,2023-08-27 15:00,31.9,299.2,.5,0,,,45.4,,3.3
702,2023-08-27 16:00,29.9,320.1,2.5,0,,,61.3,,2.7
702,2023-08-27 17:00,29.5,312.1,3.9,0,,,60.3,,3.4
702,2023-08-27 18:00,29.3,352.4,2.4,0,,,58.2,,2.7
702,2023-08-27 19:00,27.4,300.5,1.1,0,,,73.7,,3.4
702,2023-08-27 20:00,27.8,342.3,3.1,0,,,73.7,,2.7
702,2023-08-27 21:00,27.3,350.7,2.5,0,,,75.2,,3.4
702,2023-08-27 22:00,25.2,109.3,1.6,0,,,91.2,,2.7
702,2023-08-27 23:00,24.8,104.1,1.1,0,,,95.5,,3.4
702,2023-08-28 00:00,24.7,101.2,.7,0,,,95,,2.7
702,2023-08-28 01:00,24.9,0,0,0,,,92.6,,0
702,2023-08-28 02:00,24.6,70.2,1,0,,,91.3,,0
702,2023-08-28 03:00,24.4,44.3,2.4,0,,,88.4,,0
702,2023-08-28 04:00,24.3,46,2.9,0,,,87,,0
702,2023-08-28 05:00,24.2,24.8,1.4,0,,,88,,0
702,2023-08-28 06:00,24.6,5,.8,0,,,83,,0
702,2023-08-28 07:00,25,353.2,1.3,0,,,80.4,,0
702,2023-08-28 08:00,25.5,19.8,1.6,0,,,79.1,,0
702,2023-08-28 09:00,25.4,45.4,2.7,0,,,76.6,,0
702,2023-08-28 10:00,25.8,241.9,.7,0,,,83.7,,0
702,2023-08-28 11:00,26.2,339.7,2.2,0,,,80.1,,0
702,2023-08-28 12:00,28.6,69.8,2.2,0,,,71.4,,.3
702,2023-08-28 13:00,29,101.5,2.8,0,,,67.1,,.1
702,2023-08-28 14:00,30.1,102.2,3.2,0,,,66.4,,1
702,2023-08-28 15:00,30.7,130.5,5,0,,,57.9,,.8
702,2023-08-28 16:00,30.2,144.1,5.2,0,,,61.3,,1.9
702,2023-08-28 17:00,29.1,150.9,3.6,0,,,66.8,,1.2
702,2023-08-28 18:00,28.4,127.9,2.7,0,,,71,,1.9
702,2023-08-28 19:00,27.1,162.5,2.6,0,,,78.3,,1.2
702,2023-08-28 20:00,26.9,147.9,1.9,0,,,77,,1.9
702,2023-08-28 21:00,26.8,142.6,2.6,0,,,77.4,,1.2
702,2023-08-28 22:00,26.4,162.8,1.8,0,,,76.7,,1.9
702,2023-08-28 23:00,25.7,111.8,3.1,0,,,81.2,,1.2
702,2023-08-29 00:00,26.8,127.6,4.1,0,,,69.8,,1.9
702,2023-08-29 01:00,27.2,138.1,4.6,0,,,68.1,,0
702,2023-08-29 02:00,25.7,185.4,2.3,0,,,79.8,,0
702,2023-08-29 03:00,25.5,181.5,2.7,0,,,81.1,,0
702,2023-08-29 04:00,25.1,143.4,1.7,0,,,88.7,,0
702,2023-08-29 05:00,24.9,84.5,2.8,.1,,,91.1,,0
702,2023-08-29 06:00,24.6,107.1,2.9,0,,,94.3,,0
702,2023-08-29 07:00,25.3,115.9,3,0,,,92.2,,0
702,2023-08-29 08:00,26,107.2,1.5,0,,,93.4,,0
702,2023-08-29 09:00,27.9,137.5,3.7,0,,,78.1,,.3
702,2023-08-29 10:00,29,141.2,4.1,0,,,73.3,,.5
702,2023-08-29 11:00,27.5,198.1,3,.2,,,84.9,,.3
702,2023-08-29 12:00,27.1,189.6,2,.1,,,90.9,,.5
702,2023-08-29 13:00,26.7,173.1,2.6,.7,,,94.6,,.3
702,2023-08-29 14:00,26.8,216,2.4,.2,,,94.2,,.5
702,2023-08-29 15:00,26.3,235.6,2.4,3.5,,,95.9,,.3
702,2023-08-29 16:00,25.9,249.4,4.6,0,,,93.2,,.5
702,2023-08-29 17:00,25.3,266.3,3,0,,,90.8,,.3
702,2023-08-29 18:00,24.8,265.4,3.1,0,,,83.6,,.5
702,2023-08-29 19:00,23.6,262.2,2.9,0,,,83,,.3
702,2023-08-29 20:00,23.1,191.7,2.1,0,,,94.2,,.5
702,2023-08-29 21:00,23.1,204.5,1.4,0,,,94.9,,.3
702,2023-08-29 22:00,23,203.6,1.7,0,,,92.7,,.5
702,2023-08-29 23:00,23.1,0,.2,0,,,95.6,,.3
702,2023-08-30 00:00,23,95.7,1,0,,,95.9,,.5
702,2023-08-30 01:00,23,119.4,.5,0,,,95.9,,0
702,2023-08-30 02:00,23,0,.4,0,,,95.9,,0
702,2023-08-30 03:00,22.8,163.5,.5,0,,,95.9,,0
702,2023-08-30 04:00,22.6,107.1,1.1,0,,,95.9,,0
702,2023-08-30 05:00,22.6,0,.1,.4,,,95.9,,0
702,2023-08-30 06:00,22.6,0,.3,2.3,,,95.9,,0
702,2023-08-30 07:00,22.3,0,.3,1.4,,,95.9,,0
702,2023-08-30 08:00,22.1,352.5,1.3,2.1,,,95.9,,0
702,2023-08-30 09:00,22.7,37.2,.7,1.8,,,95.4,,0
702,2023-08-30 10:00,22.9,286.1,1.6,0,,,91.4,,0
702,2023-08-30 11:00,22.6,281.1,2.5,.3,,,94.6,,0
702,2023-08-30 12:00,22.8,280.2,1.7,.1,,,94.3,,0
702,2023-08-30 13:00,23.3,23.2,1.4,0,,,88.6,,0
702,2023-08-30 14:00,22.7,308.1,.6,1.7,,,95.9,,0
702,2023-08-30 15:00,21.8,308.9,2.1,6.2,,,95.7,,0
702,2023-08-30 16:00,21.5,324.1,1.7,2.6,,,95.9,,0
702,2023-08-30 17:00,21.8,282.7,1.3,1,,,95.6,,0
702,2023-08-30 18:00,20.8,304.9,2.7,9.2,,,95.9,,0
702,2023-08-30 19:00,21,95.3,1.8,1.1,,,95.8,,0
702,2023-08-30 20:00,20.9,132,.6,.3,,,95.9,,0
702,2023-08-30 21:00,21.1,176.9,.9,0,,,95.9,,0
702,2023-08-30 22:00,21.2,217.8,1,0,,,95.9,,0
702,2023-08-30 23:00,21,254.8,.6,0,,,95.9,,0
702,2023-08-31 00:00,20.3,285.2,.8,0,,,95.9,,0
702,2023-08-31 01:00,20.3,160.7,.9,0,,,95.9,,0
702,2023-08-31 02:00,20.2,92.9,1,0,,,95.9,,0
702,2023-08-31 03:00,20.1,94.7,.5,0,,,95.9,,0
702,2023-08-31 04:00,20.1,105.8,.7,0,,,95.9,,0
702,2023-08-31 05:00,20.1,0,.1,0,,,95.9,,0
702,2023-08-31 06:00,20.3,0,.1,0,,,95.9,,0
702,2023-08-31 07:00,20.5,86.3,.6,0,,,95.9,,0
702,2023-08-31 08:00,20.8,0,.3,0,,,95.9,,0
702,2023-08-31 09:00,22.6,230.8,.6,0,,,89.7,,0
702,2023-08-31 10:00,23.6,316.7,1.8,0,,,80.2,,.2
702,2023-08-31 11:00,24.6,324.1,1.6,0,,,68,,.3
702,2023-08-31 12:00,25.4,296.9,1.8,0,,,65.7,,.6
702,2023-08-31 13:00,25.5,345,2.1,0,,,62.3,,.9
702,2023-08-31 14:00,26.1,310.8,2.5,0,,,58.5,,1.4
702,2023-08-31 15:00,26.3,338.2,2,0,,,59,,1.4
702,2023-08-31 16:00,27.2,326.7,2.3,0,,,51.7,,2.4
702,2023-08-31 17:00,27.3,350.4,2.6,0,,,49.3,,2.3
702,2023-08-31 18:00,26.6,345.9,2.8,0,,,54.2,,3.4
702,2023-08-31 19:00,24.9,342.4,1.5,0,,,63.9,,2.8
702,2023-08-31 20:00,23.6,287.4,2.1,0,,,82.4,,3.5
702,2023-08-31 21:00,21.7,112.7,1,0,,,94,,2.8
702,2023-08-31 22:00,21.1,0,.2,0,,,95.8,,3.5
702,2023-08-31 23:00,22.1,348.8,2.5,0,,,92,,2.8
702,2023-09-01 00:00,21.5,359.7,2,0,,,86.5,,3.5
702,2023-09-01 01:00,20.5,14.2,1.1,0,,,93.8,,0
702,2023-09-01 02:00,18.6,83.4,.7,0,,,95.9,,0
702,2023-09-01 03:00,18.5,263.9,.5,0,,,95.9,,0
702,2023-09-01 04:00,19,352.1,.7,0,,,95.9,,0
702,2023-09-01 05:00,19.3,8.6,1.9,0,,,95.7,,0
702,2023-09-01 06:00,17.8,0,.3,0,,,95.9,,0
702,2023-09-01 07:00,17.6,0,.3,0,,,95.9,,0
702,2023-09-01 08:00,18.5,0,0,0,,,95.9,,0
702,2023-09-01 09:00,22.4,0,.3,0,,,95.9,,1
702,2023-09-01 10:00,25,356.5,1.9,0,,,71.8,,1
702,2023-09-01 11:00,26.2,324.8,3.3,0,,,64,,2
702,2023-09-01 12:00,27.7,18,4.3,0,,,50.5,,2
702,2023-09-01 13:00,28.1,9.2,3.2,0,,,47.5,,3
702,2023-09-01 14:00,28.9,2.4,4,0,,,46.5,,3
702,2023-09-01 15:00,29.7,2.5,3.2,0,,,37.6,,4
702,2023-09-01 16:00,29.6,349.5,3.9,0,,,32.6,,4
702,2023-09-01 17:00,29.2,351.9,3,0,,,38.9,,4.9
702,2023-09-01 18:00,28.4,352.1,3.4,0,,,46.5,,5
702,2023-09-01 19:00,26.6,352.9,2.3,0,,,55,,5.4
702,2023-09-01 20:00,23.4,63.2,1.5,0,,,72.7,,5
702,2023-09-01 21:00,22,62.6,.8,0,,,83.7,,5.4
702,2023-09-01 22:00,23.9,355,2.5,0,,,66.5,,5
702,2023-09-01 23:00,23.9,343.9,3.7,0,,,63.3,,5.4
702,2023-09-02 00:00,20.3,127.9,2.4,0,,,90.7,,5
702,2023-09-02 01:00,19.3,144.6,.5,0,,,95.3,,0
702,2023-09-02 02:00,19,13.5,.9,0,,,95.9,,0
702,2023-09-02 03:00,18.5,2.5,1,0,,,94.4,,0
702,2023-09-02 04:00,18.3,0,.3,0,,,95.9,,0
702,2023-09-02 05:00,18.2,36.2,.6,0,,,95.9,,0
702,2023-09-02 06:00,19.1,349.5,1.8,0,,,92.5,,0
702,2023-09-02 07:00,19,113.3,1.5,0,,,94.2,,.5
702,2023-09-02 08:00,22,320.8,.7,0,,,84.2,,1
702,2023-09-02 09:00,23.8,6.6,2.4,0,,,68.8,,1.5
702,2023-09-02 10:00,26.2,181.7,1.3,0,,,62.6,,2
702,2023-09-02 11:00,28.2,305.3,1.6,0,,,55,,2.5
702,2023-09-02 12:00,29.8,283.5,1.7,0,,,51.8,,3
702,2023-09-02 13:00,29.8,163.1,2.2,0,,,51.9,,3.5
702,2023-09-02 14:00,29.8,190.2,1.1,0,,,52,,3.3
702,2023-09-02 15:00,28.5,183.1,1.7,0,,,62.6,,3.5
702,2023-09-02 16:00,26.7,104.6,3.8,0,,,75.1,,3.4
702,2023-09-02 17:00,27.2,118.1,.8,0,,,72.3,,3.5
702,2023-09-02 18:00,25.9,171.9,1.1,0,,,82.8,,3.4
702,2023-09-02 19:00,24.8,0,.3,.4,,,93.7,,3.5
702,2023-09-02 20:00,24.6,26.5,.8,0,,,94.6,,3.4
702,2023-09-02 21:00,24.6,54.7,1.3,0,,,86.2,,3.5
702,2023-09-02 22:00,24.5,39.9,1.2,0,,,91.2,,3.4
702,2023-09-02 23:00,24.4,44.1,.7,0,,,90.5,,3.5
702,2023-09-03 00:00,23.9,72.9,.7,0,,,95,,3.4
702,2023-09-03 01:00,24.1,44.6,1,0,,,93.4,,0
702,2023-09-03 02:00,23.9,34.8,1,0,,,93,,0
702,2023-09-03 03:00,23.6,38.3,1.1,0,,,92.2,,0
702,2023-09-03 04:00,23,41.9,1.8,0,,,93.2,,0
702,2023-09-03 05:00,22.4,110.4,.5,0,,,95,,0
702,2023-09-03 06:00,23,47.3,1.5,0,,,94.7,,0
702,2023-09-03 07:00,23.6,54.9,2,0,,,94.3,,.1
702,2023-09-03 08:00,24.9,45.2,1.6,0,,,82,,0
702,2023-09-03 09:00,26.3,65.9,1.8,0,,,74.8,,.2
702,2023-09-03 10:00,28,117.3,1.7,0,,,66.3,,.7
702,2023-09-03 11:00,30.4,82.3,1,0,,,58.2,,1.2
702,2023-09-03 12:00,30.9,241.7,.9,0,,,53.7,,1.7
702,2023-09-03 13:00,31.7,266.9,1.5,0,,,49.1,,2.2
702,2023-09-03 14:00,32,158.7,1.1,0,,,47.1,,2.3
702,2023-09-03 15:00,31.2,189.5,1,0,,,54.6,,2.3
702,2023-09-03 16:00,31.1,323.6,1.6,0,,,59.9,,2.5
702,2023-09-03 17:00,30.3,289.4,2.9,0,,,61.4,,2.4
702,2023-09-03 18:00,29.1,283.1,3.7,0,,,62.5,,2.9
702,2023-09-03 19:00,25.3,194.8,2.6,1.9,,,95.9,,2.4
702,2023-09-03 20:00,24.7,38.3,1.4,.6,,,95.3,,2.9
702,2023-09-03 21:00,23.9,65.6,1.5,0,,,95.9,,2.4
702,2023-09-03 22:00,23.8,0,.2,0,,,95.2,,2.9
702,2023-09-03 23:00,23.8,0,.4,0,,,95.1,,2.4
702,2023-09-04 00:00,23.8,16.4,.6,0,,,95.9,,2.9
702,2023-09-04 01:00,23.9,57.5,1.2,0,,,95.3,,0
702,2023-09-04 02:00,23.6,,,0,,,95.9,,0
702,2023-09-04 03:00,23.5,0,.3,0,,,95.9,,0
702,2023-09-04 04:00,23.2,0,.4,0,,,95.9,,0
702,2023-09-04 05:00,23,85.3,.5,0,,,95.9,,0
702,2023-09-04 06:00,22.6,0,.2,0,,,95.9,,0
702,2023-09-04 07:00,23.1,0,0,0,,,95.9,,.1
702,2023-09-04 08:00,25,73.1,1.1,0,,,95.1,,.3
702,2023-09-04 09:00,27.8,0,.4,0,,,76.2,,.8
702,2023-09-04 10:00,27.5,329,2.5,0,,,75.7,,.2
702,2023-09-04 11:00,28.9,328.1,2.1,0,,,71.6,,1
702,2023-09-04 12:00,30.5,340.2,2.1,0,,,68.8,,.7
702,2023-09-04 13:00,31.1,339.7,2.5,0,,,58.6,,1.9
702,2023-09-04 14:00,30.6,17.1,2.6,0,,,61.9,,1.4
702,2023-09-04 15:00,31.5,354.5,2.9,0,,,60.7,,2.9
702,2023-09-04 16:00,31.1,312.3,4,0,,,60.9,,2.2
702,2023-09-04 17:00,30,327.1,3.3,0,,,68,,3.3
702,2023-09-04 18:00,29.9,339.3,2.5,0,,,65.2,,2.3
702,2023-09-04 19:00,29,331.6,2.3,0,,,70.7,,3.3
702,2023-09-04 20:00,27.4,247.1,.8,0,,,82.7,,2.3
702,2023-09-04 21:00,25.2,135.2,1.3,0,,,93.7,,3.3
702,2023-09-04 22:00,24.5,105.9,1.4,0,,,95.5,,2.3
702,2023-09-04 23:00,25,0,.1,0,,,92.7,,3.3
702,2023-09-05 00:00,24.8,0,0,0,,,94.7,,2.3
702,2023-09-05 01:00,24.5,0,.4,0,,,94.7,,0
702,2023-09-05 02:00,24.1,0,0,0,,,95.9,,0
702,2023-09-05 03:00,23.7,92.6,1.1,0,,,95.9,,0
702,2023-09-05 04:00,23.5,227.3,.6,0,,,95.9,,0
702,2023-09-05 05:00,23.8,0,.3,0,,,95.9,,0
702,2023-09-05 06:00,23.9,0,.3,0,,,95.3,,0
702,2023-09-05 07:00,24.5,56.5,1.4,0,,,94.5,,0
702,2023-09-05 08:00,25.6,,,0,,,74.6,,0
702,2023-09-05 09:00,27.6,3.8,2.9,0,,,66.1,,1
702,2023-09-05 10:00,28.6,36.8,2.3,0,,,60,,.9
702,2023-09-05 11:00,29.2,58.1,2.9,0,,,51.4,,1.9
702,2023-09-05 12:00,30,357.9,2.1,0,,,54,,1.1
702,2023-09-05 13:00,29.1,2.4,4,0,,,53.6,,2
702,2023-09-05 14:00,29.7,21.6,3.7,0,,,47.5,,1.9
702,2023-09-05 15:00,30.7,25.4,2.7,0,,,41.3,,3
702,2023-09-05 16:00,31,343.2,2.8,0,,,43.1,,2.8
702,2023-09-05 17:00,30.2,352.1,3.4,0,,,46.9,,3.4
702,2023-09-05 18:00,29.2,17.1,2.3,0,,,53.9,,3.1
702,2023-09-05 19:00,27.9,28.4,2.4,0,,,57.1,,3.7
702,2023-09-05 20:00,26.5,51.6,2.5,0,,,62.6,,3
702,2023-09-05 21:00,26.7,25.4,2.1,0,,,59.7,,3.8
702,2023-09-05 22:00,24.3,12.4,1.2,0,,,76.6,,3
702,2023-09-05 23:00,23,108.7,.5,0,,,91,,3.8
702,2023-09-06 00:00,23,79.5,.5,0,,,87.5,,3
702,2023-09-06 01:00,22.7,326.3,.7,0,,,88.7,,0
702,2023-09-06 02:00,21.6,126.9,1,0,,,93.1,,0
702,2023-09-06 03:00,21.3,0,.2,0,,,95.9,,0
702,2023-09-06 04:00,21.2,0,.1,0,,,95.4,,0
702,2023-09-06 05:00,21.8,352.6,1.7,0,,,83.4,,0
702,2023-09-06 06:00,20.9,0,.4,0,,,94.1,,0
702,2023-09-06 07:00,22.2,55.5,.9,0,,,85.5,,.7
702,2023-09-06 08:00,24.3,0,.4,0,,,78,,1
702,2023-09-06 09:00,26.8,130.8,.8,0,,,65.6,,1.7
702,2023-09-06 10:00,27.8,301.8,2.2,0,,,60.1,,2
702,2023-09-06 11:00,29.5,321.6,1.8,0,,,52.9,,2.7
702,2023-09-06 12:00,29.8,357.3,2.6,0,,,51.3,,3
702,2023-09-06 13:00,30.6,338.3,3.1,0,,,52.2,,3.7
702,2023-09-06 14:00,30.5,357.7,3.2,0,,,49.2,,4
702,2023-09-06 15:00,31.1,32.6,3,0,,,45.5,,4.5
702,2023-09-06 16:00,31.6,341.6,3.2,0,,,45.5,,4.9
702,2023-09-06 17:00,31.2,348.7,2.8,0,,,45.8,,5.4
702,2023-09-06 18:00,29.3,48.4,4.1,0,,,49.9,,5.9
702,2023-09-06 19:00,27,39.8,2.5,0,,,58.3,,5.8
702,2023-09-06 20:00,25.9,42.1,2,0,,,65,,5.9
702,2023-09-06 21:00,25,43.1,3.3,0,,,66.8,,5.8
702,2023-09-06 22:00,22.7,107.1,3,0,,,82.7,,5.9
702,2023-09-06 23:00,22.4,0,.2,0,,,89.3,,5.8
702,2023-09-07 00:00,22.6,15.1,.8,0,,,83.5,,5.9
702,2023-09-07 01:00,21.8,191.3,1.3,0,,,90,,0
702,2023-09-07 02:00,21.7,15,.8,0,,,87.4,,0
702,2023-09-07 03:00,20.7,0,0,0,,,94.1,,0
702,2023-09-07 04:00,20.4,124.4,.5,0,,,94.6,,0
702,2023-09-07 05:00,19.2,103.9,1.1,0,,,95.3,,0
702,2023-09-07 06:00,18.5,122.3,.6,0,,,95.9,,0
702,2023-09-07 07:00,20,96.2,1.2,0,,,92.4,,.8
702,2023-09-07 08:00,23.7,329.3,2.2,0,,,66.5,,1
702,2023-09-07 09:00,25.2,33.6,3.8,0,,,46.6,,1.8
702,2023-09-07 10:00,26.5,53.3,4.2,0,,,38.8,,2
702,2023-09-07 11:00,27.4,52.7,4.7,0,,,35.5,,2.8
702,2023-09-07 12:00,28.6,51.3,2.8,0,,,30.8,,3
702,2023-09-07 13:00,28.9,63.6,2.3,0,,,32.7,,3.8
702,2023-09-07 14:00,29.5,62.1,2.7,0,,,33.1,,4
702,2023-09-07 15:00,29.7,65.6,3.5,0,,,31.8,,4.8
702,2023-09-07 16:00,29.7,54.4,3.6,0,,,35.6,,5
702,2023-09-07 17:00,29,47.9,4.7,0,,,34.6,,5.8
702,2023-09-07 18:00,27.9,45.2,5.4,0,,,42,,5.9
702,2023-09-07 19:00,25.6,35.6,3,0,,,52.1,,6.3
702,2023-09-07 20:00,24.4,49.4,2.9,0,,,56.8,,5.9
702,2023-09-07 21:00,24.3,32.5,2.1,0,,,58.7,,6.3
702,2023-09-07 22:00,21,105.1,1.4,0,,,78.9,,5.9
702,2023-09-07 23:00,20.1,0,.2,0,,,91.9,,6.3
702,2023-09-08 00:00,20,56.6,2,0,,,82.6,,5.9
702,2023-09-08 01:00,19.9,44.2,3,0,,,80.6,,0
702,2023-09-08 02:00,19.1,154.5,1.6,0,,,81.1,,0
702,2023-09-08 03:00,19.2,325.7,.6,0,,,82,,0
702,2023-09-08 04:00,17.3,115.5,2.1,0,,,91.4,,0
702,2023-09-08 05:00,17,52.2,.5,0,,,93,,0
702,2023-09-08 06:00,16.5,0,.4,0,,,95.3,,0
702,2023-09-08 07:00,19.1,42.3,1.1,0,,,78.3,,.7
702,2023-09-08 08:00,21.3,108.7,.8,0,,,72.9,,1
702,2023-09-08 09:00,23.1,118.6,1.5,0,,,62.8,,1.7
702,2023-09-08 10:00,25.6,130.8,1.1,0,,,46.9,,2
702,2023-09-08 11:00,26.3,154.7,1.2,0,,,45.6,,2.7
702,2023-09-08 12:00,27.7,177.7,1.6,0,,,43.1,,3
702,2023-09-08 13:00,28,238.6,2.2,0,,,43,,3.7
702,2023-09-08 14:00,28.4,355.5,2.2,0,,,40.5,,4
702,2023-09-08 15:00,28.7,298.1,2.5,0,,,42,,4.7
702,2023-09-08 16:00,28.6,324.4,3.6,0,,,35.6,,5
702,2023-09-08 17:00,28.4,310.5,3.1,0,,,39.6,,5.7
702,2023-09-08 18:00,27.7,318.3,2.6,0,,,40,,6
702,2023-09-08 19:00,24.9,280.3,3,0,,,62,,6.1
702,2023-09-08 20:00,23.9,281.7,1.8,0,,,67.6,,6
702,2023-09-08 21:00,20.3,105.5,2.4,0,,,92.9,,6.1
702,2023-09-08 22:00,20.4,112.7,1,0,,,94.5,,6
702,2023-09-08 23:00,19.4,104.5,1.8,0,,,95.2,,6.1
702,2023-09-09 00:00,19.4,73.2,.9,0,,,95.6,,6
702,2023-09-09 01:00,18.8,0,.3,0,,,95.8,,0
702,2023-09-09 02:00,19,46.4,1.2,0,,,90.2,,0
702,2023-09-09 03:00,18.7,0,.1,0,,,91.7,,0
702,2023-09-09 04:00,17.5,0,.4,0,,,95.7,,0
702,2023-09-09 05:00,18.1,28.9,1.1,0,,,93.7,,0
702,2023-09-09 06:00,17.5,0,.3,0,,,94.8,,0
702,2023-09-09 07:00,18.3,106.8,1.4,0,,,94.2,,.7
702,2023-09-09 08:00,21,121.1,1.1,0,,,84.5,,1
702,2023-09-09 09:00,23.8,100,1.3,0,,,68.5,,1.7
702,2023-09-09 10:00,25.7,119,.9,0,,,58.1,,2
702,2023-09-09 11:00,26.8,173.1,1,0,,,56.4,,2.7
702,2023-09-09 12:00,28.3,181.7,1.6,0,,,49.5,,3
702,2023-09-09 13:00,29.4,281.1,1.3,0,,,47.2,,3.7
702,2023-09-09 14:00,29.8,31.7,1.2,0,,,40,,4
702,2023-09-09 15:00,31.1,210,.6,0,,,39.7,,4.7
702,2023-09-09 16:00,29,226.8,3.7,0,,,53.3,,5
702,2023-09-09 17:00,27.6,251.7,4,0,,,57,,5.4
702,2023-09-09 18:00,26.4,260.4,3.5,0,,,61.4,,5.5
702,2023-09-09 19:00,24.4,242.7,2.7,0,,,76,,5.4
702,2023-09-09 20:00,22.8,146.9,1.1,0,,,88.6,,5.5
702,2023-09-09 21:00,22.4,201.3,.6,0,,,92.9,,5.4
702,2023-09-09 22:00,21.4,95.7,1.1,0,,,95.4,,5.5
702,2023-09-09 23:00,21.5,0,.3,0,,,95.5,,5.4
702,2023-09-10 00:00,21.8,58.3,.6,0,,,94.5,,5.5
702,2023-09-10 01:00,21.5,,,0,,,93.5,,0
702,2023-09-10 02:00,20.9,97.9,.6,0,,,95.4,,0
702,2023-09-10 03:00,20.9,54.4,.5,0,,,95.7,,0
702,2023-09-10 04:00,20.7,77.1,1.2,0,,,95.7,,0
702,2023-09-10 05:00,20.7,31.4,.8,0,,,95.9,,0
702,2023-09-10 06:00,20.6,0,.4,0,,,95.2,,0
702,2023-09-10 07:00,20.4,54.9,1,0,,,95.9,,0
702,2023-09-10 08:00,21,0,.2,0,,,95.9,,0
702,2023-09-10 09:00,24.6,99,1.2,0,,,77.4,,1
702,2023-09-10 10:00,26,137.4,1,0,,,65.8,,1
702,2023-09-10 11:00,27.3,166.2,1.2,0,,,61.4,,2
702,2023-09-10 12:00,28.6,164.9,1,0,,,51.5,,2
702,2023-09-10 13:00,29.4,216.3,2,0,,,51.3,,3
702,2023-09-10 14:00,31.1,175.2,1.1,0,,,44.6,,2.9
702,2023-09-10 15:00,28.1,272.5,4.4,0,,,59.1,,3.6
702,2023-09-10 16:00,28.5,263.2,3.2,0,,,59.6,,3.6
702,2023-09-10 17:00,28.4,253.4,3.4,0,,,56.3,,4.1
702,2023-09-10 18:00,26.7,242,2.6,0,,,64.1,,3.8
702,2023-09-10 19:00,24.8,234.9,2.5,0,,,68.5,,4.1
702,2023-09-10 20:00,23.8,203.3,2.1,0,,,75,,3.8
702,2023-09-10 21:00,23.1,203.6,2.2,0,,,79,,4.1
702,2023-09-10 22:00,22.6,164.6,1.1,0,,,88.3,,3.8
702,2023-09-10 23:00,22.1,0,.2,0,,,90.3,,4.1
702,2023-09-11 00:00,22.1,0,0,0,,,87.8,,3.8
702,2023-09-11 01:00,21.4,0,.4,0,,,94.4,,0
702,2023-09-11 02:00,21.1,0,.3,0,,,94,,0
702,2023-09-11 03:00,20.2,0,.4,0,,,94.3,,0
702,2023-09-11 04:00,20.5,137.1,.7,0,,,95.7,,0
702,2023-09-11 05:00,19.9,0,.4,0,,,95.9,,0
702,2023-09-11 06:00,20.1,0,.1,0,,,95.9,,0
702,2023-09-11 07:00,20.4,0,.1,0,,,95.9,,0
702,2023-09-11 08:00,22.4,0,.2,0,,,87.2,,1
702,2023-09-11 09:00,24.7,110.6,.8,0,,,73.4,,1
702,2023-09-11 10:00,26.7,124.2,1.1,0,,,63.9,,2
702,2023-09-11 11:00,27.4,132.9,1.5,0,,,56.7,,2
702,2023-09-11 12:00,28.7,206.5,1.5,0,,,52.5,,3
702,2023-09-11 13:00,29.4,129,1.1,0,,,48.7,,2.9
702,2023-09-11 14:00,30.1,2.8,1.1,0,,,46.1,,4
702,2023-09-11 15:00,29.9,232.1,2.4,0,,,41.5,,3.9
702,2023-09-11 16:00,29.4,252.6,3,0,,,47.3,,5
702,2023-09-11 17:00,28.2,255.1,3.6,0,,,50.5,,4.7
702,2023-09-11 18:00,26.4,267.5,3.1,0,,,51.1,,5.3
702,2023-09-11 19:00,24.9,285.1,2.1,0,,,60.2,,4.7
702,2023-09-11 20:00,22.9,207.4,1.4,0,,,74.9,,5.3
702,2023-09-11 21:00,22,0,.2,0,,,84.5,,4.7
702,2023-09-11 22:00,21.9,0,.1,0,,,89.3,,5.3
702,2023-09-11 23:00,21.8,202.4,1.4,0,,,91.2,,4.7
702,2023-09-12 00:00,20.7,118.4,1.6,0,,,94.2,,5.3
702,2023-09-12 01:00,20.8,96.3,1.3,0,,,94.5,,0
702,2023-09-12 02:00,20.4,40.8,1.3,0,,,94.5,,0
702,2023-09-12 03:00,20.6,240.2,.8,0,,,94.8,,0
702,2023-09-12 04:00,20.5,110.2,.5,0,,,93.2,,0
702,2023-09-12 05:00,20,75.8,1.4,0,,,95.8,,0
702,2023-09-12 06:00,20.3,0,.1,0,,,95,,0
702,2023-09-12 07:00,20.5,0,.2,0,,,95.4,,0
702,2023-09-12 08:00,21.7,84.3,1.5,0,,,92.2,,.1
702,2023-09-12 09:00,23.6,109.3,1.5,0,,,77.1,,.4
702,2023-09-12 10:00,25.1,152.6,.9,0,,,69.4,,1.1
702,2023-09-12 11:00,27.2,117.7,.8,0,,,62.2,,1.3
702,2023-09-12 12:00,27.9,200.9,1.1,0,,,51.3,,2.1
702,2023-09-12 13:00,27.6,170.5,1.9,0,,,50.8,,1.8
702,2023-09-12 14:00,28.4,208.6,2.1,0,,,51,,2.4
702,2023-09-12 15:00,28.2,210.5,1.8,0,,,49.1,,2.6
702,2023-09-12 16:00,28.8,259.6,2.4,0,,,45.6,,3.2
702,2023-09-12 17:00,27.3,236.7,2.6,0,,,49.5,,3.2
702,2023-09-12 18:00,26.1,266.4,1.9,0,,,65.2,,3.3
702,2023-09-12 19:00,24.7,261.5,2.4,0,,,71.9,,3.2
702,2023-09-12 20:00,23.9,294.2,1.5,0,,,76.8,,3.3
702,2023-09-12 21:00,22.3,114.8,1.9,0,,,90.2,,3.2
702,2023-09-12 22:00,22.5,0,.3,0,,,92.9,,3.3
702,2023-09-12 23:00,22.2,0,.4,0,,,94.4,,3.2
702,2023-09-13 00:00,22.1,117.4,1.4,0,,,95.1,,3.3
702,2023-09-13 01:00,22.2,120.2,.7,0,,,94.7,,0
702,2023-09-13 02:00,22.1,0,.1,0,,,94.7,,0
702,2023-09-13 03:00,22.2,67.7,.8,0,,,91.8,,0
702,2023-09-13 04:00,22.1,148.5,.6,0,,,94.1,,0
702,2023-09-13 05:00,22.5,305.2,1.2,.7,,,95.9,,0
702,2023-09-13 06:00,22.2,0,0,.8,,,95.6,,0
702,2023-09-13 07:00,21.8,51,.5,1,,,95.9,,0
702,2023-09-13 08:00,21.3,33,.7,1.3,,,94.4,,0
702,2023-09-13 09:00,21.1,353.6,2,.2,,,76.2,,0
702,2023-09-13 10:00,21.4,16.7,1.9,0,,,74.3,,0
702,2023-09-13 11:00,21.9,332.5,2.3,0,,,82.2,,0
702,2023-09-13 12:00,21.5,327.9,3.3,0,,,82.9,,0
702,2023-09-13 13:00,21.6,341.9,2.6,.1,,,91.9,,0
702,2023-09-13 14:00,21.4,335.6,2.9,.2,,,93.3,,0
702,2023-09-13 15:00,21.5,327.6,3.4,0,,,91.2,,0
702,2023-09-13 16:00,21.3,329,3.7,.1,,,94.4,,0
702,2023-09-13 17:00,20.5,273.8,3.1,5.3,,,95.9,,0
702,2023-09-13 18:00,20.2,356.8,4.4,2,,,94.4,,0
702,2023-09-13 19:00,20.1,1.7,2.5,.8,,,95.2,,0
702,2023-09-13 20:00,20.1,348.5,2,3.2,,,95.9,,0
702,2023-09-13 21:00,20.1,20.2,.9,1.6,,,95.9,,0
702,2023-09-13 22:00,20.1,71.3,1,1.9,,,95.9,,0
702,2023-09-13 23:00,20.3,312,1.6,1.8,,,95.9,,0
702,2023-09-14 00:00,20.2,342.5,1.5,1,,,95.8,,0
702,2023-09-14 01:00,20.2,322.9,1.7,.8,,,95.8,,0
702,2023-09-14 02:00,20.2,334.9,1.8,.4,,,95.4,,0
702,2023-09-14 03:00,20.1,310.7,2.9,1.2,,,95.9,,0
702,2023-09-14 04:00,20,33.6,.8,.9,,,95.9,,0
702,2023-09-14 05:00,20.1,354.6,2.1,.6,,,95.9,,0
702,2023-09-14 06:00,20.1,310.7,1.7,0,,,95.9,,0
702,2023-09-14 07:00,20.2,338.4,1.2,0,,,95.9,,0
702,2023-09-14 08:00,21,309,2,0,,,95.2,,0
702,2023-09-14 09:00,21.4,342.4,2.4,0,,,93.9,,0
702,2023-09-14 10:00,22.6,356.1,1.6,0,,,84,,0
702,2023-09-14 11:00,23.4,308.6,1.3,0,,,82.7,,0
702,2023-09-14 12:00,25.2,322.3,2.5,0,,,72.2,,.3
702,2023-09-14 13:00,25.9,334.2,2.2,0,,,70,,.1
702,2023-09-14 14:00,25.6,336.6,1.4,0,,,74.1,,.3
702,2023-09-14 15:00,26.1,351,1.3,0,,,71.9,,.1
702,2023-09-14 16:00,25.4,57.2,2,0,,,74.3,,.3
702,2023-09-14 17:00,24.8,50.3,3.3,0,,,78,,.1
702,2023-09-14 18:00,23.8,65.2,1.5,0,,,84,,.3
702,2023-09-14 19:00,22.8,40.5,2,4.4,,,95.7,,.1
702,2023-09-14 20:00,22.6,63.8,1.6,0,,,95.7,,.3
702,2023-09-14 21:00,22.6,0,.2,1.2,,,95.9,,.1
702,2023-09-14 22:00,22.7,78.9,1.9,.5,,,95.8,,.3
702,2023-09-14 23:00,22.6,41.9,1.7,0,,,95.8,,.1
702,2023-09-15 00:00,22.8,358.7,.9,.1,,,95.8,,.3
702,2023-09-15 01:00,22.4,5.7,1.1,.3,,,95.9,,0
702,2023-09-15 02:00,22.4,352.3,1.7,.1,,,95.9,,0
702,2023-09-15 03:00,22.3,344.6,1.3,.8,,,95.8,,0
702,2023-09-15 04:00,22,357.1,.6,.8,,,95.9,,0
702,2023-09-15 05:00,21.8,50.3,1.8,1,,,95.9,,0
702,2023-09-15 06:00,21.7,37.1,1.4,.4,,,95.9,,0
702,2023-09-15 07:00,21.9,347.1,1.1,1.2,,,95.9,,0
702,2023-09-15 08:00,21.9,358,1.7,2.6,,,95.9,,0
702,2023-09-15 09:00,22.2,4.3,1.4,4.9,,,95.9,,0
702,2023-09-15 10:00,22.6,324.4,1,1.4,,,95.9,,0
702,2023-09-15 11:00,22.9,8,1.5,1.8,,,95.9,,0
702,2023-09-15 12:00,23.6,71.5,2.3,.3,,,93.8,,0
702,2023-09-15 13:00,24.4,67.2,2.3,0,,,88.5,,0
702,2023-09-15 14:00,23.8,116.6,2.3,0,,,93.4,,0
702,2023-09-15 15:00,24.8,3.3,1.4,0,,,85,,0
702,2023-09-15 16:00,25,339.9,1.8,0,,,86.3,,0
702,2023-09-15 17:00,24.7,346.1,1.9,0,,,86.4,,0
702,2023-09-15 18:00,23.8,342.6,1,.8,,,95.9,,0
702,2023-09-15 19:00,23.4,0,.2,.6,,,95.9,,0
702,2023-09-15 20:00,23.4,344.2,1.4,0,,,95.9,,0
702,2023-09-15 21:00,23.1,3.2,.6,.1,,,95.9,,0
702,2023-09-15 22:00,23,0,.1,.1,,,95.9,,0
702,2023-09-15 23:00,23,330.9,.9,0,,,95.9,,0
702,2023-09-16 00:00,23,343.8,1.4,0,,,95.9,,0
702,2023-09-16 01:00,22.3,,,0,,,95.9,,0
702,2023-09-16 02:00,22.8,1.5,1.6,0,,,95.9,,0
702,2023-09-16 03:00,23,1.3,1.5,0,,,95.9,,0
702,2023-09-16 04:00,22.7,84.3,1.1,0,,,95.9,,0
702,2023-09-16 05:00,22.7,94.8,1.1,0,,,95.9,,0
702,2023-09-16 06:00,23.4,76.1,2.5,.1,,,95.9,,0
702,2023-09-16 07:00,23.8,260.3,3.3,0,,,94.7,,0
702,2023-09-16 08:00,23.3,283.1,1.1,4.8,,,95.9,,0
702,2023-09-16 09:00,23.6,114.4,1,1.5,,,95.9,,0
702,2023-09-16 10:00,24.8,104.7,1,.2,,,90.8,,.4
702,2023-09-16 11:00,27.9,96.9,1.2,0,,,76.2,,.9
702,2023-09-16 12:00,27.4,186.2,1.4,0,,,71.1,,.6
702,2023-09-16 13:00,27.3,279.5,1.2,0,,,76.3,,.9
702,2023-09-16 14:00,26.9,87.2,.9,.3,,,81.1,,.6
702,2023-09-16 15:00,24.8,311.8,2.5,5,,,95.9,,.9
702,2023-09-16 16:00,22.5,190.6,.6,60.1,,,95.9,,.6
702,2023-09-16 17:00,22.7,47,1.7,3.1,,,95.9,,.9
702,2023-09-16 18:00,22.6,85.9,3.3,7.8,,,95.9,,.6
702,2023-09-16 19:00,22.7,0,.4,0,,,95.9,,.9
702,2023-09-16 20:00,22.6,295.7,1.4,0,,,95.9,,.6
702,2023-09-16 21:00,22.8,356.7,1.1,0,,,95.9,,.9
702,2023-09-16 22:00,22.8,83.8,.8,0,,,95.9,,.6
702,2023-09-16 23:00,22.7,62.5,1.1,.3,,,95.9,,.9
702,2023-09-17 00:00,22.6,99.7,.7,0,,,95.9,,.6
702,2023-09-17 01:00,22.6,0,.3,0,,,95.9,,0
702,2023-09-17 02:00,22.5,92.5,.5,0,,,95.9,,0
702,2023-09-17 03:00,22.3,80,1.3,.1,,,95.9,,0
702,2023-09-17 04:00,22.6,9,1,0,,,95.9,,0
702,2023-09-17 05:00,22.4,347.6,.6,0,,,95.9,,0
702,2023-09-17 06:00,21.6,117.9,1.8,0,,,95.9,,0
702,2023-09-17 07:00,22.2,0,.3,0,,,95.9,,0
702,2023-09-17 08:00,23.8,35.7,.6,0,,,95.9,,.6
702,2023-09-17 09:00,25.5,113.8,.9,0,,,87.6,,.5
702,2023-09-17 10:00,25.8,227.9,1.2,0,,,81.2,,.8
702,2023-09-17 11:00,26.7,269.3,1,0,,,72,,1
702,2023-09-17 12:00,27.3,234.2,1.8,0,,,70.8,,1.3
702,2023-09-17 13:00,27.6,211.2,2.4,0,,,67.9,,1.3
702,2023-09-17 14:00,27.8,225.4,2.5,0,,,65.7,,1.3
702,2023-09-17 15:00,28,205.8,1.7,0,,,63.8,,1.8
702,2023-09-17 16:00,28.1,232.1,2.3,0,,,70,,1.5
702,2023-09-17 17:00,27.5,224.2,2.7,0,,,72.5,,2.4
702,2023-09-17 18:00,26.3,249.8,3.6,0,,,74,,2.1
702,2023-09-17 19:00,25.1,260.8,2.1,0,,,81.7,,2.4
702,2023-09-17 20:00,24.1,259.1,1.7,0,,,87.3,,2.1
702,2023-09-17 21:00,23.4,197.3,2.2,0,,,95.4,,2.4
702,2023-09-17 22:00,23.4,181.9,1.4,0,,,95.6,,2.1
702,2023-09-17 23:00,23.3,141.5,.7,0,,,95.9,,2.4
702,2023-09-18 00:00,23.3,110.8,1.4,0,,,95.9,,2.1
702,2023-09-18 01:00,23.2,0,.3,0,,,95.9,,0
702,2023-09-18 02:00,22,65,1.4,0,,,95.9,,0
702,2023-09-18 03:00,22.3,37.6,.8,0,,,95.9,,0
702,2023-09-18 04:00,21.6,0,.2,0,,,95.9,,0
702,2023-09-18 05:00,21.7,119.4,.8,0,,,95.9,,0
702,2023-09-18 06:00,21.5,99.7,1,0,,,95.9,,0
702,2023-09-18 07:00,21.7,177.6,.6,0,,,95.9,,0
702,2023-09-18 08:00,22.8,163.1,1,0,,,95.9,,0
702,2023-09-18 09:00,23.9,127.7,1.6,0,,,95.3,,.2
702,2023-09-18 10:00,25.4,248.2,1.3,0,,,77.7,,.6
702,2023-09-18 11:00,27.1,238.5,2.1,0,,,67.7,,1.2
702,2023-09-18 12:00,28.2,214.1,2,0,,,59.9,,1.5
702,2023-09-18 13:00,28.6,219.7,3.1,0,,,61.5,,2.2
702,2023-09-18 14:00,29,245.9,3.1,0,,,55.5,,2.5
702,2023-09-18 15:00,28.8,240.8,4.5,0,,,59.6,,3.2
702,2023-09-18 16:00,28.1,288.8,3.5,0,,,64.7,,3.4
702,2023-09-18 17:00,27.8,253.7,3.1,0,,,65.7,,4.2
702,2023-09-18 18:00,26,284.6,3.9,0,,,72.7,,4.3
702,2023-09-18 19:00,24.3,247.5,2.3,0,,,79.3,,4.4
702,2023-09-18 20:00,23.5,179.1,1.5,0,,,94.6,,4.3
702,2023-09-18 21:00,22.3,200.3,.7,0,,,95.9,,4.4
702,2023-09-18 22:00,22.2,205.8,1.4,0,,,95.9,,4.3
702,2023-09-18 23:00,21.1,137.6,.9,0,,,95.9,,4.4
702,2023-09-19 00:00,20.8,116,.8,0,,,95.9,,4.3
702,2023-09-19 01:00,22.1,0,.3,0,,,95.9,,0
702,2023-09-19 02:00,21.9,0,.1,0,,,95.9,,0
702,2023-09-19 03:00,20.7,113.9,1.5,0,,,95.9,,0
702,2023-09-19 04:00,21.2,0,.1,0,,,95.9,,0
702,2023-09-19 05:00,21.4,0,.3,0,,,95.9,,0
702,2023-09-19 06:00,20.5,0,.1,0,,,95.9,,0
702,2023-09-19 07:00,21.2,70.8,.6,0,,,95.9,,0
702,2023-09-19 08:00,22.2,121.1,1.4,0,,,95.9,,.1
702,2023-09-19 09:00,23.7,146.5,1,0,,,89.5,,.8
702,2023-09-19 10:00,25,188.6,1.7,0,,,77.4,,.8
702,2023-09-19 11:00,25.6,173.9,1.6,0,,,67.9,,1.7
702,2023-09-19 12:00,26.9,167.1,1.4,0,,,57.7,,1.7
702,2023-09-19 13:00,26.5,121.1,.9,0,,,63.4,,1.8
702,2023-09-19 14:00,27.8,186.9,1.4,0,,,57.7,,2
702,2023-09-19 15:00,28.7,262.4,1.4,0,,,55.4,,2.7
702,2023-09-19 16:00,28.1,312.8,1.7,0,,,53.6,,2.9
702,2023-09-19 17:00,27.3,325.6,2.5,0,,,53.9,,3.3
702,2023-09-19 18:00,25.8,295.9,3.3,0,,,70.7,,2.9
702,2023-09-19 19:00,24.5,282.7,2,0,,,76.3,,3.3
702,2023-09-19 20:00,24.2,295.5,1.7,0,,,80.8,,2.9
702,2023-09-19 21:00,22.1,107.7,1.2,0,,,95.7,,3.3
702,2023-09-19 22:00,22.1,103.8,.7,0,,,95.9,,2.9
702,2023-09-19 23:00,22.1,0,.4,0,,,95.9,,3.3
702,2023-09-20 00:00,21.8,87.9,1.6,0,,,95.9,,2.9
702,2023-09-20 01:00,22.1,316.2,.7,0,,,95.9,,0
702,2023-09-20 02:00,22.5,0,0,0,,,94.5,,0
702,2023-09-20 03:00,21.8,0,.2,0,,,95.9,,0
702,2023-09-20 04:00,22.1,22.9,1.4,0,,,95.8,,0
702,2023-09-20 05:00,21.9,88.7,1.7,0,,,95.9,,0
702,2023-09-20 06:00,21.5,0,.2,0,,,95.9,,0
702,2023-09-20 07:00,21.7,72.6,2.5,0,,,94.8,,0
702,2023-09-20 08:00,22.2,41,1.2,0,,,93.4,,0
702,2023-09-20 09:00,23.1,89.4,1.9,0,,,91.9,,0
702,2023-09-20 10:00,23.2,231.3,1.4,0,,,87,,0
702,2023-09-20 11:00,22.2,348.1,.6,3.7,,,94.3,,0
702,2023-09-20 12:00,20.9,30.8,3.5,5.8,,,85.1,,0
702,2023-09-20 13:00,21.2,44.4,3,1,,,95.9,,0
702,2023-09-20 14:00,21.3,79.5,3.5,7.6,,,95.9,,0
702,2023-09-20 15:00,21.4,108.5,2.6,7.2,,,95.9,,0
702,2023-09-20 16:00,21.7,108.9,3.8,8.4,,,95.9,,0
702,2023-09-20 17:00,22,88,4.8,8.5,,,95.9,,0
702,2023-09-20 18:00,22.7,76.3,1.7,13.1,,,95.9,,0
702,2023-09-20 19:00,23.6,217.1,1.2,15.5,,,95.9,,0
702,2023-09-20 20:00,21.2,16,2.8,14.6,,,95.9,,0
702,2023-09-20 21:00,21.1,339.8,2.8,34.6,,,95.9,,0
702,2023-09-20 22:00,20.8,333.7,4,.4,,,95.9,,0
702,2023-09-20 23:00,20.8,3.8,1.7,.1,,,95.9,,0
702,2023-09-21 00:00,20.7,343.9,2.4,0,,,95.7,,0
702,2023-09-21 01:00,21.1,359,3.1,0,,,95.3,,0
702,2023-09-21 02:00,20.7,340.2,3.4,.1,,,95.7,,0
702,2023-09-21 03:00,20.3,344.7,4,0,,,95.6,,0
702,2023-09-21 04:00,19.8,342.7,4.8,0,,,95.2,,0
702,2023-09-21 05:00,19.3,341.9,5.1,0,,,94.5,,0
702,2023-09-21 06:00,18.8,344.9,5.4,0,,,92.7,,0
702,2023-09-21 07:00,18,348.2,5.6,.1,,,93.8,,0
702,2023-09-21 08:00,18.3,350.2,4.5,0,,,94.8,,0
702,2023-09-21 09:00,18.9,349.6,4.4,0,,,88.8,,0
702,2023-09-21 10:00,19.7,350.7,4.7,0,,,83.5,,0
702,2023-09-21 11:00,20.4,353.4,4.2,0,,,77.3,,0
702,2023-09-21 12:00,21.7,330.5,3.7,0,,,72.6,,0
702,2023-09-21 13:00,21.9,341.5,3.3,0,,,73.1,,0
702,2023-09-21 14:00,22.6,332.6,3.5,0,,,69.8,,.1
702,2023-09-21 15:00,22.5,321.7,3.5,0,,,69.5,,0
702,2023-09-21 16:00,22.4,312.9,2.7,0,,,69.6,,.1
702,2023-09-21 17:00,21.9,333.7,2.2,0,,,71,,0
702,2023-09-21 18:00,21.3,336.2,1.2,0,,,73.7,,.1
702,2023-09-21 19:00,20.9,322.2,2.8,0,,,72.7,,0
702,2023-09-21 20:00,20,324,1,0,,,76.8,,.1
702,2023-09-21 21:00,19.8,321,2,0,,,79.4,,0
702,2023-09-21 22:00,19.4,356.1,1.1,0,,,77.6,,.1
702,2023-09-21 23:00,19.1,333,2.8,0,,,78.2,,0
702,2023-09-22 00:00,18.1,357.5,1.8,0,,,82.9,,.1
702,2023-09-22 01:00,17.7,353,1.6,0,,,86.9,,0
702,2023-09-22 02:00,15.7,316.7,.8,0,,,95.9,,0
702,2023-09-22 03:00,15.6,145.7,.5,0,,,95.9,,0
702,2023-09-22 04:00,15,0,.3,0,,,95.9,,0
702,2023-09-22 05:00,14.4,0,0,0,,,95.9,,0
702,2023-09-22 06:00,15,0,.1,0,,,95.9,,0
702,2023-09-22 07:00,15.6,0,.4,0,,,95.9,,0
702,2023-09-22 08:00,16.8,298.9,.5,0,,,95.9,,.5
702,2023-09-22 09:00,19.1,343.4,1.3,0,,,91.1,,1
702,2023-09-22 10:00,21.1,318.2,1.8,0,,,75.5,,1.5
702,2023-09-22 11:00,21.7,318,2.8,0,,,70.2,,1.5
702,2023-09-22 12:00,22.7,324.3,2.5,0,,,58.2,,2.2
702,2023-09-22 13:00,23.4,357.2,3,0,,,50.8,,2.5
702,2023-09-22 14:00,24.6,334.1,2.9,0,,,46,,3.2
702,2023-09-22 15:00,25.1,356.1,2.5,0,,,44.7,,3.5
702,2023-09-22 16:00,24.5,348.5,2.7,0,,,34.6,,4.2
702,2023-09-22 17:00,24.4,335,2.9,0,,,39.8,,4.5
702,2023-09-22 18:00,23.4,344.4,1.9,0,,,44.5,,5.2
702,2023-09-22 19:00,21.4,339.4,1.5,0,,,55.9,,4.6
702,2023-09-22 20:00,20.2,346.5,1.6,0,,,61.5,,5.2
702,2023-09-22 21:00,16.3,129.5,1.3,0,,,92,,4.6
702,2023-09-22 22:00,16.1,0,.2,0,,,95,,5.2
702,2023-09-22 23:00,15.4,0,0,0,,,95.2,,4.6
702,2023-09-23 00:00,15.2,0,0,0,,,95.9,,5.2
702,2023-09-23 01:00,14.1,141.2,.5,0,,,95.9,,0
702,2023-09-23 02:00,14.9,42.9,.5,0,,,95.9,,0
702,2023-09-23 03:00,15.1,38.8,.7,0,,,94.9,,0
702,2023-09-23 04:00,14.1,176,.5,0,,,95.8,,0
702,2023-09-23 05:00,13.4,0,.2,0,,,95.9,,0
702,2023-09-23 06:00,14.1,0,0,0,,,95.9,,0
702,2023-09-23 07:00,15.2,358.8,1.6,0,,,95.9,,0
702,2023-09-23 08:00,16.2,129.6,1.8,0,,,94.9,,.4
702,2023-09-23 09:00,18.4,178.7,1.2,0,,,81.4,,1
702,2023-09-23 10:00,22.4,50.8,.7,0,,,69.5,,1.4
702,2023-09-23 11:00,23.5,47,1.9,0,,,53.5,,1.3
702,2023-09-23 12:00,25.1,321.4,1.6,0,,,43.3,,2
702,2023-09-23 13:00,24.6,50,2.8,0,,,47.1,,1.6
702,2023-09-23 14:00,25.3,54.7,2.9,0,,,42.7,,2.6
702,2023-09-23 15:00,24.5,47.6,3.1,0,,,42.1,,1.6
702,2023-09-23 16:00,25.4,33.7,3.4,0,,,45.5,,3.4
702,2023-09-23 17:00,23.6,46.4,3.7,0,,,51.3,,1.6
702,2023-09-23 18:00,22.7,46.5,3,0,,,57.4,,3.5
702,2023-09-23 19:00,20,92.3,1.6,0,,,71.5,,1.7
702,2023-09-23 20:00,19.3,29.1,1,0,,,77.2,,3.5
702,2023-09-23 21:00,17.5,78.3,1.9,0,,,85.5,,1.7
702,2023-09-23 22:00,18.3,38.5,2.3,0,,,76.6,,3.5
702,2023-09-23 23:00,16.4,157.2,1.6,0,,,89.8,,1.7
702,2023-09-24 00:00,16.1,18.2,1,0,,,91.4,,3.5
702,2023-09-24 01:00,15.6,357,.8,0,,,92.2,,0
702,2023-09-24 02:00,15.1,0,.2,0,,,95.5,,0
702,2023-09-24 03:00,15.3,96.2,1.4,0,,,91.9,,0
702,2023-09-24 04:00,17.6,3.1,2.4,0,,,74.1,,0
702,2023-09-24 05:00,17.3,2.4,2.2,0,,,74.6,,0
702,2023-09-24 06:00,14.3,191.9,1.5,0,,,94.8,,0
702,2023-09-24 07:00,14.8,147.3,.5,0,,,93.6,,.6
702,2023-09-24 08:00,19.8,0,.3,0,,,74.8,,1
702,2023-09-24 09:00,21.7,338.9,1.8,0,,,60.1,,1.6
702,2023-09-24 10:00,22.9,52.7,2.8,0,,,48.9,,2
702,2023-09-24 11:00,24.4,42.5,2.2,0,,,42.7,,2.6
702,2023-09-24 12:00,25.4,63.8,2.2,0,,,44.3,,3
702,2023-09-24 13:00,26.3,41.6,2.4,0,,,46.5,,3.6
702,2023-09-24 14:00,26.4,33,2.2,0,,,38.4,,4
702,2023-09-24 15:00,25.3,65.7,4.2,0,,,43.4,,4.3
702,2023-09-24 16:00,25.5,39.8,3.7,0,,,46.6,,4.6
702,2023-09-24 17:00,24,40.9,4.8,0,,,44.9,,4.6
702,2023-09-24 18:00,21.9,62.3,3,0,,,55.8,,4.6
702,2023-09-24 19:00,20.7,68.3,3.1,0,,,60.6,,4.6
702,2023-09-24 20:00,19.4,61.8,1.7,0,,,69.2,,4.6
702,2023-09-24 21:00,20.5,44.6,1.9,0,,,60.5,,4.6
702,2023-09-24 22:00,19,25,.9,0,,,73.8,,4.6
702,2023-09-24 23:00,19.2,36.6,1.6,0,,,69.9,,4.6
702,2023-09-25 00:00,19.5,40.3,1.4,0,,,66.7,,4.6
702,2023-09-25 01:00,19.1,348.3,.6,0,,,81.4,,0
702,2023-09-25 02:00,19.4,332.6,1.9,0,,,68,,0
702,2023-09-25 03:00,19.4,341.1,1.5,0,,,67.8,,0
702,2023-09-25 04:00,18.7,5.3,1.7,0,,,73.7,,0
702,2023-09-25 05:00,19,38.6,1.4,0,,,73.7,,0
702,2023-09-25 06:00,19.3,357.6,1.5,0,,,71.9,,0
702,2023-09-25 07:00,19.1,37.3,1.5,0,,,75.9,,0
702,2023-09-25 08:00,19.9,48,2,0,,,71.4,,0
702,2023-09-25 09:00,20.7,347.9,2,0,,,71,,0
702,2023-09-25 10:00,22.5,350.7,1.4,0,,,67,,0
702,2023-09-25 11:00,23.6,331.2,1.8,0,,,60.7,,0
702,2023-09-25 12:00,25.9,242.3,1.1,0,,,53.4,,.6
702,2023-09-25 13:00,25.6,320.5,1.9,0,,,52.4,,.2
702,2023-09-25 14:00,26.1,316,1.9,0,,,49.8,,.7
702,2023-09-25 15:00,26.3,352.4,1.2,0,,,51.3,,.2
702,2023-09-25 16:00,25.6,340.9,2.2,0,,,50.1,,.7
702,2023-09-25 17:00,25.2,328.8,2.3,0,,,53.7,,.2
702,2023-09-25 18:00,24.4,344.8,2.2,0,,,57.9,,.7
702,2023-09-25 19:00,23.7,327.3,1.6,0,,,64.4,,.2
702,2023-09-25 20:00,23,305.4,1.6,0,,,70,,.7
702,2023-09-25 21:00,21.2,10.3,1.8,1,,,85.7,,.2
702,2023-09-25 22:00,20.9,0,.3,1.6,,,94.6,,.7
702,2023-09-25 23:00,20.8,313.6,1.3,0,,,95.5,,.2
702,2023-09-26 00:00,20.7,332.3,2.4,.1,,,95.9,,.7
702,2023-09-26 01:00,20.6,38.9,1.6,0,,,95.9,,0
702,2023-09-26 02:00,20.6,52.8,1.6,.2,,,95.9,,0
702,2023-09-26 03:00,20.7,34.8,1.6,1.2,,,95.7,,0
702,2023-09-26 04:00,20.7,7.4,1.5,1,,,95.9,,0
702,2023-09-26 05:00,20.5,45,2.1,3.1,,,95.9,,0
702,2023-09-26 06:00,20.4,48.1,.9,1.8,,,95.9,,0
702,2023-09-26 07:00,20.5,12.1,1.6,1.2,,,95.9,,0
702,2023-09-26 08:00,20.8,71.9,1.4,.2,,,95.9,,0
702,2023-09-26 09:00,21,94.7,2.2,1.3,,,95.9,,0
702,2023-09-26 10:00,21.5,122.6,2.1,.3,,,95.9,,0
702,2023-09-26 11:00,22.1,128.8,1.1,.7,,,95.9,,0
702,2023-09-26 12:00,22.8,140.8,1.5,0,,,95.9,,0
702,2023-09-26 13:00,23.5,137.1,1.8,.1,,,94.6,,0
702,2023-09-26 14:00,23.9,195.5,2.4,0,,,85.5,,0
702,2023-09-26 15:00,24.4,164.6,2.9,0,,,78.2,,.1
702,2023-09-26 16:00,23.4,252.3,2.5,0,,,90.8,,0
702,2023-09-26 17:00,23.5,176.4,2.2,.4,,,88,,.1
702,2023-09-26 18:00,23.3,231.2,2.1,0,,,83.1,,.1
702,2023-09-26 19:00,22.7,196.5,.8,0,,,90,,.1
702,2023-09-26 20:00,22.4,197.5,3.6,0,,,90.4,,.1
702,2023-09-26 21:00,21.6,162.4,2.3,0,,,95.4,,.1
702,2023-09-26 22:00,21.8,147.6,2.3,0,,,94.4,,.1
702,2023-09-26 23:00,21.5,143.4,1.3,0,,,94.7,,.1
702,2023-09-27 00:00,21.6,141.5,1.3,0,,,95.1,,.1
702,2023-09-27 01:00,21.2,154.9,1.6,1.2,,,95.9,,0
702,2023-09-27 02:00,21.6,257.5,1.1,.7,,,95.9,,0
702,2023-09-27 03:00,22,236.2,2.8,.8,,,95.9,,0
702,2023-09-27 04:00,21.7,219.9,3.2,2.4,,,95.9,,0
702,2023-09-27 05:00,21.5,212.6,2.6,0,,,95.9,,0
702,2023-09-27 06:00,21.2,215.4,2.6,.8,,,95.9,,0
702,2023-09-27 07:00,21.3,215.7,2.8,.8,,,95.9,,0
702,2023-09-27 08:00,21.8,216.4,2.9,0,,,95.6,,0
702,2023-09-27 09:00,22.5,223.6,2.2,0,,,92.8,,0
702,2023-09-27 10:00,23.1,231.4,2.5,0,,,82.7,,0
702,2023-09-27 11:00,22.6,239.5,4.3,0,,,90.9,,0
702,2023-09-27 12:00,23.1,220.6,2.3,0,,,88,,0
702,2023-09-27 13:00,24.3,217.7,3,0,,,76.1,,.5
702,2023-09-27 14:00,22.9,270.6,4.8,0,,,77.4,,0
702,2023-09-27 15:00,23.4,270,2.7,0,,,78.3,,.5
702,2023-09-27 16:00,23.4,238.8,3.5,0,,,77,,0
702,2023-09-27 17:00,22.9,246,3,0,,,78.2,,.7
702,2023-09-27 18:00,22.6,238.8,2.6,0,,,80.7,,0
702,2023-09-27 19:00,22.2,239.7,2.4,0,,,88.5,,.7
702,2023-09-27 20:00,22,237.1,2.1,0,,,90.7,,0
702,2023-09-27 21:00,21.8,209.8,1.8,0,,,94.4,,.7
702,2023-09-27 22:00,21.3,174.5,1.7,0,,,95.8,,0
702,2023-09-27 23:00,21.1,180,.5,0,,,95.9,,.7
702,2023-09-28 00:00,20.7,136.7,1.2,0,,,95.9,,0
702,2023-09-28 01:00,19.4,214.4,.9,0,,,95.9,,0
702,2023-09-28 02:00,19.3,246.3,.6,0,,,95.9,,0
702,2023-09-28 03:00,20,0,.1,0,,,95.9,,0
702,2023-09-28 04:00,19.8,167.6,.5,0,,,95.9,,0
702,2023-09-28 05:00,19.9,0,.3,0,,,95.9,,0
702,2023-09-28 06:00,20.2,0,0,0,,,95.9,,0
702,2023-09-28 07:00,20.4,0,.4,.1,,,95.9,,0
702,2023-09-28 08:00,20.9,0,.4,0,,,95.9,,.1
702,2023-09-28 09:00,22.5,129.8,1.2,0,,,89.4,,.5
702,2023-09-28 10:00,23.7,237.5,.6,0,,,74.6,,.5
702,2023-09-28 11:00,26,246,1,0,,,55.2,,1.4
702,2023-09-28 12:00,25.9,276.6,1.4,0,,,53.3,,1.1
702,2023-09-28 13:00,25.9,310.6,1.8,0,,,52.4,,1.9
702,2023-09-28 14:00,26.3,301,1.7,0,,,55.7,,1.6
702,2023-09-28 15:00,26.2,259.7,3.9,0,,,56.4,,2.8
702,2023-09-28 16:00,25.4,268.2,4.2,0,,,61.3,,2.6
702,2023-09-28 17:00,24.5,254.2,3.2,0,,,66.6,,3.8
702,2023-09-28 18:00,23.1,261.4,2.7,0,,,72,,2.8
702,2023-09-28 19:00,21.4,225.3,1.6,0,,,83.5,,3.8
702,2023-09-28 20:00,20.5,241.3,1.4,0,,,93.2,,2.8
702,2023-09-28 21:00,19.4,0,.2,0,,,95.6,,3.8
702,2023-09-28 22:00,19.3,0,.4,0,,,95.9,,2.8
702,2023-09-28 23:00,18.2,0,.1,0,,,95.9,,3.8
702,2023-09-29 00:00,17.2,0,.3,0,,,95.9,,2.8
702,2023-09-29 01:00,17.5,0,.4,0,,,95.9,,0
702,2023-09-29 02:00,17.4,0,.4,0,,,95.9,,0
702,2023-09-29 03:00,18.1,38.5,1.2,0,,,95.9,,0
702,2023-09-29 04:00,18.5,101,1.4,0,,,95.9,,0
702,2023-09-29 05:00,18.3,84.4,1,0,,,95.9,,0
702,2023-09-29 06:00,18.2,97,.9,0,,,95.9,,0
702,2023-09-29 07:00,18.1,173.3,.8,0,,,95.9,,0
702,2023-09-29 08:00,18.6,74,1.3,0,,,95.9,,0
702,2023-09-29 09:00,19.7,102.9,2,0,,,94.5,,.1
702,2023-09-29 10:00,21.3,245.2,.7,0,,,76.5,,.2
702,2023-09-29 11:00,22.5,312.9,1.4,0,,,70.2,,.1
702,2023-09-29 12:00,22.2,308.2,3.1,0,,,75,,.2
702,2023-09-29 13:00,22.5,337,2.3,0,,,68.4,,.1
702,2023-09-29 14:00,24.2,327.5,1.8,0,,,59.6,,.5
702,2023-09-29 15:00,24.6,317.9,1.1,0,,,51.3,,.3
702,2023-09-29 16:00,24.2,296,1.6,0,,,46.9,,.8
702,2023-09-29 17:00,23.1,318.6,2.3,0,,,52.3,,.4
702,2023-09-29 18:00,21.9,289.7,2.2,0,,,61.4,,.8
702,2023-09-29 19:00,20.1,280.2,1.9,0,,,64.2,,.4
702,2023-09-29 20:00,19.6,300.1,1.3,0,,,74.5,,.8
702,2023-09-29 21:00,18.3,106.4,2.1,0,,,90.9,,.4
702,2023-09-29 22:00,18.3,0,.1,0,,,94.8,,.8
702,2023-09-29 23:00,18.2,30.2,.5,0,,,93.4,,.4
702,2023-09-30 00:00,17.9,0,.2,0,,,95.6,,.8
702,2023-09-30 01:00,18.3,257.7,1.5,0,,,94.2,,0
702,2023-09-30 02:00,18.7,297,1.3,0,,,85.5,,0
702,2023-09-30 03:00,18.1,.3,1.6,.6,,,89.3,,0
702,2023-09-30 04:00,16.8,6.9,3.4,.9,,,80.5,,0
702,2023-09-30 05:00,15.4,39.8,2.2,1.3,,,86.8,,0
702,2023-09-30 06:00,15.1,72.8,1.5,2.1,,,95.9,,0
702,2023-09-30 07:00,15,101.1,2.1,.1,,,94.6,,0
702,2023-09-30 08:00,16.1,22,1.1,0,,,92.9,,0
702,2023-09-30 09:00,17,129.9,1.5,0,,,88.8,,0
702,2023-09-30 10:00,18.7,124.4,1.6,0,,,72.8,,.8
702,2023-09-30 11:00,21.4,295.5,.8,0,,,63.7,,1
702,2023-09-30 12:00,21.7,297.1,1.8,0,,,58.1,,1.8
702,2023-09-30 13:00,22.5,282.9,1.6,0,,,55,,1.8
702,2023-09-30 14:00,23.1,271,1.8,0,,,46.7,,2.5
702,2023-09-30 15:00,23,276.6,3.7,0,,,48.9,,2.6
702,2023-09-30 16:00,22.8,292.1,3.6,0,,,54.4,,3.5
702,2023-09-30 17:00,21.4,269.5,4.4,0,,,64.3,,3.4
702,2023-09-30 18:00,20,257.8,3.3,0,,,74.4,,3.5
702,2023-09-30 19:00,19.2,225.2,2.5,0,,,83.8,,3.4
702,2023-09-30 20:00,18.3,180.2,1.2,0,,,92.4,,3.5
702,2023-09-30 21:00,18.4,108.2,1.1,0,,,95,,3.4
702,2023-09-30 22:00,18.4,108.8,1.6,0,,,93.9,,3.5
702,2023-09-30 23:00,17.6,202.7,.7,0,,,95.2,,3.4
702,2023-10-01 00:00,17.7,252.3,1,1.3,,,95.6,,3.5
702,2023-10-01 01:00,17.1,0,.2,0,,,95.9,,0
702,2023-10-01 02:00,17,0,.1,0,,,95.9,,0
702,2023-10-01 03:00,17.2,298.2,.8,0,,,89.1,,0
702,2023-10-01 04:00,15.5,7.4,.7,0,,,95.3,,0
702,2023-10-01 05:00,13.8,0,.1,0,,,95.9,,0
702,2023-10-01 06:00,13.8,0,.4,0,,,95.9,,0
702,2023-10-01 07:00,14,31,.8,0,,,95.9,,.1
702,2023-10-01 08:00,16.1,81.4,1,0,,,95.9,,.9
702,2023-10-01 09:00,19.1,147.7,.9,0,,,83.7,,1.1
702,2023-10-01 10:00,20.7,336.2,2.6,0,,,55.6,,1.9
702,2023-10-01 11:00,21.7,339.1,4.4,0,,,38.1,,2.1
702,2023-10-01 12:00,22.7,334.7,4.1,0,,,27.3,,2.9
702,2023-10-01 13:00,23.1,332,4.8,0,,,23.7,,3.1
702,2023-10-01 14:00,23.5,353.5,5,0,,,21.7,,3.9
702,2023-10-01 15:00,23.3,332.3,5,0,,,22.1,,4.1
702,2023-10-01 16:00,23.3,343,4.3,0,,,22.5,,4.9
702,2023-10-01 17:00,22.5,334.8,3.7,0,,,23.7,,5.1
702,2023-10-01 18:00,21,324.7,2.9,0,,,26.5,,5.6
702,2023-10-01 19:00,19.5,329.7,2.5,0,,,33.8,,5.1
702,2023-10-01 20:00,18.3,347.1,2.2,0,,,40.3,,5.6
702,2023-10-01 21:00,15.9,336.3,1.3,0,,,59.7,,5.1
702,2023-10-01 22:00,13.2,97.1,.6,0,,,79.2,,5.6
702,2023-10-01 23:00,12.5,116.4,.6,0,,,84.7,,5.1
702,2023-10-02 00:00,13,44.3,1.7,0,,,80.3,,5.6
702,2023-10-02 01:00,12.2,47.6,1.3,0,,,88,,0
702,2023-10-02 02:00,11.1,0,.2,0,,,93.4,,0
702,2023-10-02 03:00,11,32.2,.9,0,,,94.9,,0
702,2023-10-02 04:00,11.6,18.3,.7,0,,,94,,0
702,2023-10-02 05:00,11,49.5,.7,0,,,95.6,,0
702,2023-10-02 06:00,10.6,0,.4,0,,,95.9,,0
702,2023-10-02 07:00,10.2,0,.2,0,,,95.9,,0
702,2023-10-02 08:00,14.7,108.8,1.1,0,,,85,,1
702,2023-10-02 09:00,16.7,139,1.4,0,,,75.1,,1
702,2023-10-02 10:00,20,325.4,1.7,0,,,53.2,,2
702,2023-10-02 11:00,21.4,289.6,1.9,0,,,42.1,,2
702,2023-10-02 12:00,23.1,337.8,3.2,0,,,30.3,,3
702,2023-10-02 13:00,23.1,11.5,3.3,0,,,25.6,,3
702,2023-10-02 14:00,23.4,335,3.1,0,,,34.2,,4
702,2023-10-02 15:00,24,357.6,3.7,0,,,28.6,,4
702,2023-10-02 16:00,23.6,351.3,3.6,0,,,24.8,,5
702,2023-10-02 17:00,23.1,340.5,2.9,0,,,27.9,,5
702,2023-10-02 18:00,21.4,345.7,2.5,0,,,30.6,,5.7
702,2023-10-02 19:00,18.2,15.9,2.5,0,,,52.1,,5
702,2023-10-02 20:00,18.5,13.1,1.5,0,,,49.1,,5.7
702,2023-10-02 21:00,14,69.7,2.6,0,,,76.6,,5
702,2023-10-02 22:00,13.3,0,0,0,,,85.4,,5.7
702,2023-10-02 23:00,12.9,98.6,.6,0,,,87.9,,5
702,2023-10-03 00:00,13.9,35.6,1,0,,,71.6,,5.7
702,2023-10-03 01:00,13.4,52,1.5,0,,,77.5,,0
702,2023-10-03 02:00,12.9,17.9,1.5,0,,,80.7,,0
702,2023-10-03 03:00,11.8,29,.8,0,,,88.8,,0
702,2023-10-03 04:00,11.4,42.2,.6,0,,,94.2,,0
702,2023-10-03 05:00,11.8,25.3,.7,0,,,92.4,,0
702,2023-10-03 06:00,12.7,30.4,1.3,0,,,88.2,,0
702,2023-10-03 07:00,13.6,26,1.2,0,,,79.5,,0
702,2023-10-03 08:00,14.7,346.1,2,0,,,73.8,,0
702,2023-10-03 09:00,16.8,28.1,.6,0,,,65.6,,.1
702,2023-10-03 10:00,20,65.9,.6,0,,,49.6,,.2
702,2023-10-03 11:00,20.5,0,.4,0,,,50.8,,.1
702,2023-10-03 12:00,18.7,345.7,1.3,0,,,61.6,,.2
702,2023-10-03 13:00,19.5,49.9,1.3,0,,,73.6,,.1
702,2023-10-03 14:00,19.3,46.7,1.3,0,,,59.9,,.2
702,2023-10-03 15:00,19.5,127.6,1.3,0,,,69.3,,.1
702,2023-10-03 16:00,20.2,338.8,.6,0,,,56.8,,.2
702,2023-10-03 17:00,20.6,345.9,2.6,0,,,55,,.5
702,2023-10-03 18:00,19.4,333.6,2.5,0,,,64.6,,.8
702,2023-10-03 19:00,15.9,83.2,.8,0,,,81.2,,.5
702,2023-10-03 20:00,14.7,0,.3,0,,,92.7,,.8
702,2023-10-03 21:00,13.8,0,.2,0,,,95.5,,.5
702,2023-10-03 22:00,14,45,1.5,0,,,91.1,,.8
702,2023-10-03 23:00,12.6,0,.1,0,,,95.3,,.5
702,2023-10-04 00:00,11.6,181.2,.5,0,,,95.9,,.8
702,2023-10-04 01:00,11.5,77.3,.6,0,,,95.9,,0
702,2023-10-04 02:00,11.1,23.3,1,0,,,95.9,,0
702,2023-10-04 03:00,11.9,49,1,0,,,95.9,,0
702,2023-10-04 04:00,10.6,92,.9,0,,,95.9,,0
702,2023-10-04 05:00,10.8,173.3,1,0,,,95.9,,0
702,2023-10-04 06:00,11.2,0,.4,0,,,95.9,,0
702,2023-10-04 07:00,10.3,99.4,.5,0,,,95.9,,0
702,2023-10-04 08:00,13.7,46.7,1.4,0,,,95.9,,.5
702,2023-10-04 09:00,15.9,119.3,1.8,0,,,79.5,,1
702,2023-10-04 10:00,19.6,96.3,.7,0,,,62.1,,1.5
702,2023-10-04 11:00,21.5,336,1.6,0,,,53,,2
702,2023-10-04 12:00,22.7,296.2,3.2,0,,,51.5,,2.5
702,2023-10-04 13:00,22.8,340.3,2.5,0,,,48.4,,2.9
702,2023-10-04 14:00,23.7,354.9,3,0,,,44.4,,3.5
702,2023-10-04 15:00,24.3,267.4,1.9,0,,,43.2,,3.7
702,2023-10-04 16:00,23.7,253,3.6,0,,,52.9,,4.5
702,2023-10-04 17:00,21.7,253,4.4,0,,,49.7,,4.3
702,2023-10-04 18:00,20.6,270,3.6,0,,,62.7,,4.5
702,2023-10-04 19:00,19.4,236.1,2.7,0,,,71.8,,4.3
702,2023-10-04 20:00,18.3,208.9,1.5,0,,,83,,4.5
702,2023-10-04 21:00,17.8,189.1,1.2,0,,,89.9,,4.3
702,2023-10-04 22:00,18.6,254.4,2.5,.7,,,88,,4.5
702,2023-10-04 23:00,18.8,281.2,3.1,0,,,81.5,,4.3
702,2023-10-05 00:00,18.4,302.6,2.8,0,,,67.7,,4.5
702,2023-10-05 01:00,17.2,303.9,2,0,,,60.7,,0
702,2023-10-05 02:00,17.1,324.3,3.7,0,,,48.2,,0
702,2023-10-05 03:00,15.4,329.9,3.6,0,,,38,,0
702,2023-10-05 04:00,14.8,340,2.6,0,,,38.9,,0
702,2023-10-05 05:00,14.4,327.9,2.5,0,,,36.8,,0
702,2023-10-05 06:00,13.9,347.1,2.3,0,,,37.6,,0
702,2023-10-05 07:00,12,22.4,1.1,0,,,54.4,,0
702,2023-10-05 08:00,13.5,5.5,1.5,0,,,41.1,,0
702,2023-10-05 09:00,15.3,344.3,2.8,0,,,33.3,,1
702,2023-10-05 10:00,16.2,9.4,3.5,0,,,29,,1
702,2023-10-05 11:00,17.3,340.9,2.5,0,,,28.8,,2
702,2023-10-05 12:00,17.8,307.1,3.3,0,,,27.8,,2
702,2023-10-05 13:00,19,321.1,3.3,0,,,27.3,,3
702,2023-10-05 14:00,19.6,274.7,3.4,0,,,27.4,,3
702,2023-10-05 15:00,20,304.8,2.6,0,,,26.9,,4
702,2023-10-05 16:00,20,302.7,3.6,0,,,26.4,,4
702,2023-10-05 17:00,18.7,269.5,3.9,0,,,31.7,,5
702,2023-10-05 18:00,17,288.7,3.5,0,,,37.5,,4.7
702,2023-10-05 19:00,14.6,305.8,2.3,0,,,49.4,,5
702,2023-10-05 20:00,14.8,334.4,2.1,0,,,40.6,,4.7
702,2023-10-05 21:00,13.1,356.3,.9,0,,,60.4,,5
702,2023-10-05 22:00,11.9,253.9,1,0,,,75,,4.7
702,2023-10-05 23:00,11.1,19.9,.9,0,,,83.6,,5
702,2023-10-06 00:00,10.9,0,.3,0,,,87.9,,4.7
702,2023-10-06 01:00,11.1,0,0,0,,,84.8,,0
702,2023-10-06 02:00,10.7,119.8,.7,0,,,93.5,,0
702,2023-10-06 03:00,10.7,0,.4,0,,,95,,0
702,2023-10-06 04:00,10.6,108.2,.5,0,,,95.3,,0
702,2023-10-06 05:00,10.7,0,.4,0,,,94.8,,0
702,2023-10-06 06:00,10.4,46.1,1.1,0,,,92.7,,0
702,2023-10-06 07:00,10.6,51.7,2.1,0,,,86,,0
702,2023-10-06 08:00,12.6,105.2,.7,0,,,75.4,,.9
702,2023-10-06 09:00,15.9,0,.4,0,,,60.7,,.7
702,2023-10-06 10:00,17,14,2.4,0,,,35,,1.9
702,2023-10-06 11:00,18.2,350.5,2.5,0,,,31.1,,1.7
702,2023-10-06 12:00,19.1,296,2.5,0,,,29.3,,2.9
702,2023-10-06 13:00,20.4,317.5,2.6,0,,,29.1,,2.7
702,2023-10-06 14:00,21.1,336.2,1.6,0,,,29.7,,3.9
702,2023-10-06 15:00,21.6,340.1,2.2,0,,,25.6,,3.6
702,2023-10-06 16:00,20.6,342.1,3.4,0,,,24,,4.5
702,2023-10-06 17:00,20.1,349.9,2,0,,,27.1,,3.7
702,2023-10-06 18:00,19,336.2,2.3,0,,,30.6,,4.5
702,2023-10-06 19:00,17.7,334.6,3.6,0,,,37.3,,3.7
702,2023-10-06 20:00,17,318.7,2.8,0,,,41.9,,4.5
702,2023-10-06 21:00,16.8,339.1,1.8,0,,,43.8,,3.7
702,2023-10-06 22:00,14.2,0,.1,0,,,72.9,,4.5
702,2023-10-06 23:00,14.4,0,.3,0,,,72.2,,3.7
702,2023-10-07 00:00,13.9,49.1,.7,0,,,77,,4.5
702,2023-10-07 01:00,12.9,0,.1,0,,,92.2,,0
702,2023-10-07 02:00,13.3,42,1.2,0,,,78.2,,0
702,2023-10-07 03:00,12.4,33.8,.8,0,,,79.4,,0
702,2023-10-07 04:00,10.5,112.9,.8,0,,,94.2,,0
702,2023-10-07 05:00,10.4,87.9,1.2,0,,,93.4,,0
702,2023-10-07 06:00,10.5,36,1,0,,,94.8,,0
702,2023-10-07 07:00,11,0,.4,0,,,93.2,,0
702,2023-10-07 08:00,12.4,139.4,.7,0,,,90.4,,.1
702,2023-10-07 09:00,14.1,102.6,.7,0,,,79.1,,.2
702,2023-10-07 10:00,17.2,0,.4,0,,,56.5,,.8
702,2023-10-07 11:00,19.5,88.7,1.5,0,,,42.3,,1.1
702,2023-10-07 12:00,20.9,0,.4,0,,,32.9,,1.3
702,2023-10-07 13:00,20.8,148.9,.6,0,,,31,,1.3
702,2023-10-07 14:00,21.5,256.5,.8,0,,,34.2,,1.3
702,2023-10-07 15:00,20.6,3.9,2,0,,,38.5,,1.3
702,2023-10-07 16:00,20.8,355.2,1.8,0,,,41.7,,1.3
702,2023-10-07 17:00,19.9,320.5,1.3,0,,,48.3,,1.3
702,2023-10-07 18:00,18.8,332,.7,0,,,60.8,,1.3
702,2023-10-07 19:00,17.4,12.9,1.1,0,,,70.4,,1.3
702,2023-10-07 20:00,17.2,45.7,2.4,0,,,71.6,,1.3
702,2023-10-07 21:00,17.1,94.8,.9,0,,,71.6,,1.3
702,2023-10-07 22:00,15.8,0,.2,0,,,83.8,,1.3
702,2023-10-07 23:00,15.3,0,.3,0,,,89.7,,1.3
702,2023-10-08 00:00,15.6,65.5,.9,0,,,84.5,,1.3
702,2023-10-08 01:00,15.3,0,.3,0,,,89.7,,0
702,2023-10-08 02:00,15.3,249.6,.8,0,,,91,,0
702,2023-10-08 03:00,15.7,347.7,.8,0,,,86.8,,0
702,2023-10-08 04:00,15.8,38.5,.8,0,,,83.3,,0
702,2023-10-08 05:00,15,30,1.1,0,,,94.1,,0
702,2023-10-08 06:00,15.9,324.1,1.9,0,,,82.4,,0
702,2023-10-08 07:00,15.8,350.9,1.2,0,,,81.1,,0
702,2023-10-08 08:00,16.7,352.8,1.3,0,,,71.2,,0
702,2023-10-08 09:00,17.7,18.3,1.2,0,,,74.1,,0
702,2023-10-08 10:00,18.8,336.2,2.2,0,,,61.1,,0
702,2023-10-08 11:00,19.1,331.7,2.4,0,,,61.2,,0
702,2023-10-08 12:00,19.9,353.1,2.7,0,,,56.1,,0
702,2023-10-08 13:00,20.6,32.1,2.9,0,,,50.9,,0
702,2023-10-08 14:00,21.4,46,3,0,,,46.6,,0
702,2023-10-08 15:00,22,32.4,3.3,0,,,44,,.1
702,2023-10-08 16:00,21.6,47.6,3.3,0,,,42.9,,.1
702,2023-10-08 17:00,21.3,40.2,3.4,0,,,41.3,,.6
702,2023-10-08 18:00,19.7,41.6,3.2,0,,,48.4,,.1
702,2023-10-08 19:00,19.2,35.1,3.2,0,,,50.6,,.6
702,2023-10-08 20:00,18.5,33,2.6,0,,,51.6,,.1
702,2023-10-08 21:00,17.7,46,3.6,0,,,54.3,,.6
702,2023-10-08 22:00,17.3,15.4,2,0,,,56.3,,.1
702,2023-10-08 23:00,16.4,41.9,2.2,0,,,62.5,,.6
702,2023-10-09 00:00,15.8,11.8,.8,0,,,68.2,,.1
702,2023-10-09 01:00,14.4,39.1,.7,0,,,81.6,,0
702,2023-10-09 02:00,14.3,0,0,0,,,84.5,,0
702,2023-10-09 03:00,13.9,233.4,1,0,,,90.6,,0
702,2023-10-09 04:00,13.8,0,.4,0,,,92.9,,0
702,2023-10-09 05:00,13.8,0,.2,0,,,94.1,,0
702,2023-10-09 06:00,14.3,14.4,1.3,0,,,82.4,,0
702,2023-10-09 07:00,13.9,86.5,1.2,0,,,92.7,,0
702,2023-10-09 08:00,16.1,11.6,.9,0,,,72.7,,0
702,2023-10-09 09:00,17.1,333.9,1.3,0,,,67.1,,0
702,2023-10-09 10:00,19.3,298.7,1.4,0,,,56.1,,.5
702,2023-10-09 11:00,20.7,255.9,.7,0,,,51.6,,.1
702,2023-10-09 12:00,22.2,295.6,1.1,0,,,47.9,,.9
702,2023-10-09 13:00,22,282.2,2.5,0,,,44.7,,.6
702,2023-10-09 14:00,21.9,230,1.9,0,,,46.2,,1.1
702,2023-10-09 15:00,22.2,254.2,2.5,0,,,41.2,,1.1
702,2023-10-09 16:00,22.2,277.6,2.2,0,,,46.1,,2
702,2023-10-09 17:00,21,262.3,3.5,0,,,47.6,,2.1
702,2023-10-09 18:00,18.8,252,2.7,0,,,63.9,,2.3
702,2023-10-09 19:00,18.3,258.4,2.3,0,,,71.4,,2.1
702,2023-10-09 20:00,17.7,253.4,2.5,0,,,75.5,,2.3
702,2023-10-09 21:00,17,210.7,.7,0,,,78.9,,2.1
702,2023-10-09 22:00,14.8,152.1,.8,0,,,92.8,,2.3
702,2023-10-09 23:00,13.7,95.9,1.2,0,,,94.2,,2.1
702,2023-10-10 00:00,13.6,0,0,0,,,95.9,,2.3
702,2023-10-10 01:00,11.8,119.2,1,0,,,95.9,,0
702,2023-10-10 02:00,12.8,51.3,1.1,0,,,95.9,,0
702,2023-10-10 03:00,12.4,0,0,0,,,95.9,,0
702,2023-10-10 04:00,10.6,75,.6,0,,,95.9,,0
702,2023-10-10 05:00,10.1,0,.3,0,,,95.9,,0
702,2023-10-10 06:00,12.5,0,.2,0,,,95.9,,0
702,2023-10-10 07:00,12.2,0,.3,0,,,95.9,,0
702,2023-10-10 08:00,13.9,176.4,1.1,0,,,95.9,,.9
702,2023-10-10 09:00,15.5,328.1,1.2,0,,,95.9,,.7
702,2023-10-10 10:00,17.6,327.6,3.3,0,,,69,,1.9
702,2023-10-10 11:00,19.6,324,2.7,0,,,56.1,,1.7
702,2023-10-10 12:00,20.3,353.7,2.8,0,,,48.4,,2.9
702,2023-10-10 13:00,21.3,335.6,2.4,0,,,44.5,,2.7
702,2023-10-10 14:00,22.6,359,1.4,0,,,40.8,,3.9
702,2023-10-10 15:00,21.9,346.8,2.5,0,,,39.3,,3.7
702,2023-10-10 16:00,21.5,304.5,2.6,0,,,41.6,,4.7
702,2023-10-10 17:00,20.4,274.1,3.2,0,,,55,,4.3
702,2023-10-10 18:00,19.3,288.7,2.3,0,,,62.3,,4.7
702,2023-10-10 19:00,18.2,278.6,2.8,0,,,67.5,,4.3
702,2023-10-10 20:00,15.8,141.9,.7,0,,,81.2,,4.7
702,2023-10-10 21:00,14.7,0,.3,0,,,93.7,,4.3
702,2023-10-10 22:00,15,0,.1,0,,,89.5,,4.7
702,2023-10-10 23:00,13.3,57.1,.9,0,,,94.3,,4.3
702,2023-10-11 00:00,11.9,0,.2,0,,,95.3,,4.7
702,2023-10-11 01:00,11.9,0,0,0,,,95.9,,0
702,2023-10-11 02:00,12.1,24.3,.8,0,,,95.9,,0
702,2023-10-11 03:00,12.9,33.2,.9,0,,,93.4,,0
702,2023-10-11 04:00,11,33.7,.8,0,,,95.7,,0
702,2023-10-11 05:00,11.8,67.3,1.8,0,,,95.9,,0
702,2023-10-11 06:00,12.5,36.6,1.2,0,,,94.7,,0
702,2023-10-11 07:00,11,47.1,.8,0,,,95.9,,0
702,2023-10-11 08:00,14.5,11.3,.9,0,,,87.2,,.9
702,2023-10-11 09:00,17.7,54.9,1,0,,,67.1,,1
702,2023-10-11 10:00,20.6,114.1,.9,0,,,37.5,,1.9
702,2023-10-11 11:00,22.4,77.1,2,0,,,34.6,,2
702,2023-10-11 12:00,23.1,113.3,1.3,0,,,28,,2.9
702,2023-10-11 13:00,23.4,14.8,1.9,0,,,29.3,,3
702,2023-10-11 14:00,24.4,80.6,2,0,,,29.1,,3.9
702,2023-10-11 15:00,23.9,315.1,1.8,0,,,26.5,,3.3
702,2023-10-11 16:00,24,331.3,2.7,0,,,23.6,,4.8
702,2023-10-11 17:00,23.1,354.8,2.2,0,,,27.6,,4.3
702,2023-10-11 18:00,20.1,302.5,2.1,0,,,45.7,,5.4
702,2023-10-11 19:00,18.9,302.9,2.6,0,,,56.3,,4.3
702,2023-10-11 20:00,18.2,349.3,1.5,0,,,55.2,,5.4
702,2023-10-11 21:00,12.6,127.7,1.6,0,,,83.9,,4.3
702,2023-10-11 22:00,11.9,109.6,.5,0,,,85.6,,5.4
702,2023-10-11 23:00,11.6,0,.1,0,,,93.1,,4.3
702,2023-10-12 00:00,11.6,49.6,1.7,0,,,88.1,,5.4
702,2023-10-12 01:00,12.2,41.5,1.2,0,,,81.5,,0
702,2023-10-12 02:00,11.4,36.8,1.1,0,,,83.7,,0
702,2023-10-12 03:00,10,60.6,1.2,0,,,94,,0
702,2023-10-12 04:00,9.9,56.2,.7,0,,,94.6,,0
702,2023-10-12 05:00,10.4,11.1,1,0,,,93.6,,0
702,2023-10-12 06:00,8.4,86.6,.7,0,,,95.5,,0
702,2023-10-12 07:00,9.6,49.4,1.1,0,,,95.9,,.3
702,2023-10-12 08:00,13.2,0,.4,0,,,83.5,,.9
702,2023-10-12 09:00,15.9,180.5,.7,0,,,70,,1.4
702,2023-10-12 10:00,19.1,246.6,.8,0,,,50.4,,1.9
702,2023-10-12 11:00,21.1,308.6,1.5,0,,,40.2,,2.3
702,2023-10-12 12:00,23.2,352.6,1.8,0,,,32.5,,3
702,2023-10-12 13:00,23.8,36.5,1.7,0,,,26.7,,3.2
702,2023-10-12 14:00,23.8,353.7,2.5,0,,,23,,3.8
702,2023-10-12 15:00,23.8,13.7,3.2,0,,,22.3,,4.3
702,2023-10-12 16:00,23.8,355.1,2.9,0,,,23.9,,4.8
702,2023-10-12 17:00,22.9,335.5,3.1,0,,,23.6,,5.3
702,2023-10-12 18:00,20.7,347.1,2.1,0,,,31.2,,4.8
702,2023-10-12 19:00,18.7,288.8,3.1,0,,,44.4,,5.3
702,2023-10-12 20:00,18.8,326.6,2.3,0,,,44.5,,4.8
702,2023-10-12 21:00,14,130.6,.8,0,,,72.9,,5.3
702,2023-10-12 22:00,15,0,.4,0,,,66.4,,4.8
702,2023-10-12 23:00,13.8,36.2,.7,0,,,80.2,,5.3
702,2023-10-13 00:00,12.8,0,.4,0,,,86.1,,4.8
702,2023-10-13 01:00,12.4,0,.1,0,,,92.3,,0
702,2023-10-13 02:00,13.1,28.3,1.5,0,,,81.3,,0
702,2023-10-13 03:00,12.1,0,.1,0,,,93.2,,0
702,2023-10-13 04:00,11.5,151.1,.9,0,,,93.2,,0
702,2023-10-13 05:00,12,18.6,1.1,0,,,85.2,,0
702,2023-10-13 06:00,11.5,25.2,.5,0,,,93.2,,0
702,2023-10-13 07:00,10.9,0,.2,0,,,94.5,,.1
702,2023-10-13 08:00,13.7,0,.2,0,,,89.3,,0
702,2023-10-13 09:00,17.5,0,.3,0,,,63.7,,.7
702,2023-10-13 10:00,19.1,161.2,.8,0,,,48.6,,.3
702,2023-10-13 11:00,20.5,231.6,.7,0,,,43.5,,1.2
702,2023-10-13 12:00,22.1,194.6,1.5,0,,,37.7,,1.3
702,2023-10-13 13:00,22.2,254.3,2.3,0,,,33.8,,1.2
702,2023-10-13 14:00,22.1,242,2.5,0,,,38,,1.4
702,2023-10-13 15:00,22.1,269.4,1.9,0,,,35.7,,1.3
702,2023-10-13 16:00,21.4,290.9,2.9,0,,,37.3,,1.4
702,2023-10-13 17:00,20.2,294.9,2.6,0,,,46.5,,1.3
702,2023-10-13 18:00,18.8,298,1.5,0,,,55.8,,1.4
702,2023-10-13 19:00,15.9,93.7,.5,0,,,79.2,,1.3
702,2023-10-13 20:00,15.5,0,.4,0,,,81.7,,1.4
702,2023-10-13 21:00,15.5,74.8,.8,0,,,82.2,,1.3
702,2023-10-13 22:00,14.1,0,.3,0,,,92.1,,1.4
702,2023-10-13 23:00,12.5,37.1,.8,0,,,93.1,,1.3
702,2023-10-14 00:00,11.7,0,.4,0,,,95.9,,1.4
702,2023-10-14 01:00,10.8,0,.2,0,,,95.9,,0
702,2023-10-14 02:00,10.1,107.2,.6,0,,,95.9,,0
702,2023-10-14 03:00,11.6,55.9,1.3,0,,,95.4,,0
702,2023-10-14 04:00,11.7,0,0,0,,,92.1,,0
702,2023-10-14 05:00,12.1,29.3,.9,0,,,85.3,,0
702,2023-10-14 06:00,11.9,0,.3,0,,,88.5,,0
702,2023-10-14 07:00,11.9,47.5,1,0,,,94.8,,0
702,2023-10-14 08:00,13.2,63.3,1.3,0,,,83.9,,.1
702,2023-10-14 09:00,13.9,104.1,2.9,.2,,,92.7,,0
702,2023-10-14 10:00,16,113.1,1,0,,,76.8,,.2
702,2023-10-14 11:00,18.7,175.5,2.7,0,,,58.5,,.3
702,2023-10-14 12:00,20,189.6,4.1,0,,,51.7,,1.1
702,2023-10-14 13:00,21.8,239.9,4.5,0,,,47.4,,.9
702,2023-10-14 14:00,21.4,240.1,5.6,0,,,43.5,,2.1
702,2023-10-14 15:00,21.2,246.1,5.5,0,,,47.3,,1.8
702,2023-10-14 16:00,19.9,233.1,4.7,0,,,51.5,,2.6
702,2023-10-14 17:00,17.3,228.6,3.7,.9,,,68.5,,1.9
702,2023-10-14 18:00,15.8,200.7,.8,0,,,76.1,,2.9
702,2023-10-14 19:00,14.2,0,.3,0,,,87.9,,1.9
702,2023-10-14 20:00,14.3,207.3,1.6,0,,,85.3,,2.9
702,2023-10-14 21:00,13.8,217.5,3.1,0,,,91,,1.9
702,2023-10-14 22:00,13.5,222.4,2.7,0,,,94.5,,2.9
702,2023-10-14 23:00,11.3,191.7,1,0,,,95.6,,1.9
702,2023-10-15 00:00,10.6,0,.3,0,,,95.9,,2.9
702,2023-10-15 01:00,10.7,53.4,1.5,0,,,95.9,,0
702,2023-10-15 02:00,9.8,0,0,0,,,95.9,,0
702,2023-10-15 03:00,9.3,34.5,.7,0,,,95.9,,0
702,2023-10-15 04:00,8.9,0,.1,0,,,95.9,,0
702,2023-10-15 05:00,8.2,0,.1,0,,,95.9,,0
702,2023-10-15 06:00,8.1,0,.2,0,,,95.9,,0
702,2023-10-15 07:00,8.6,53.5,.8,0,,,95.9,,.1
702,2023-10-15 08:00,11.8,73.6,1.1,0,,,95.9,,.9
702,2023-10-15 09:00,13.8,95.3,.7,0,,,95.9,,.4
702,2023-10-15 10:00,16.8,160.6,1,0,,,77.5,,1.8
702,2023-10-15 11:00,19,241.8,1.2,0,,,60.7,,1.2
702,2023-10-15 12:00,20.3,305.6,3.1,0,,,53.9,,2.5
702,2023-10-15 13:00,21.1,274.2,3,0,,,49.5,,1.7
702,2023-10-15 14:00,21.6,276.5,3.8,0,,,44.5,,3.4
702,2023-10-15 15:00,21.7,266.6,5.2,0,,,44,,2.7
702,2023-10-15 16:00,20.7,273.2,4.8,0,,,47.8,,4.4
702,2023-10-15 17:00,19.9,278.2,5,0,,,53.3,,3.7
702,2023-10-15 18:00,18.2,269,3.5,0,,,61.4,,4.8
702,2023-10-15 19:00,16.7,263.8,2.4,0,,,67.2,,3.7
702,2023-10-15 20:00,16.2,246.6,.9,0,,,70.5,,4.8
702,2023-10-15 21:00,13,0,.4,0,,,87,,3.7
702,2023-10-15 22:00,12.6,0,.3,0,,,95.1,,4.8
702,2023-10-15 23:00,11.6,30.2,.7,0,,,95.1,,3.7
702,2023-10-16 00:00,11.5,43.7,.9,0,,,95.3,,4.8
702,2023-10-16 01:00,11,0,.2,0,,,95.9,,0
702,2023-10-16 02:00,11.3,31.4,1,0,,,95.6,,0
702,2023-10-16 03:00,10.1,20.3,.6,0,,,95.9,,0
702,2023-10-16 04:00,8.9,0,.4,0,,,95.9,,0
702,2023-10-16 05:00,8.9,0,0,0,,,95.9,,0
702,2023-10-16 06:00,8.8,34.7,.7,0,,,95.9,,0
702,2023-10-16 07:00,6.8,0,.4,0,,,95.9,,.1
702,2023-10-16 08:00,11,0,.2,0,,,95.9,,1
702,2023-10-16 09:00,15.2,119.2,1,0,,,82.5,,1.1
702,2023-10-16 10:00,17.8,298.4,2.7,0,,,47.7,,1.9
702,2023-10-16 11:00,17.9,276.6,2.6,0,,,41.1,,1.8
702,2023-10-16 12:00,20.6,283.1,3.2,0,,,37.1,,2.8
702,2023-10-16 13:00,19.9,265.4,4.9,0,,,36.3,,2.7
702,2023-10-16 14:00,19.7,241.7,5.3,0,,,35,,3.8
702,2023-10-16 15:00,19,255.2,5.8,0,,,31.8,,3.7
702,2023-10-16 16:00,18.5,251.1,4.8,0,,,32.1,,4.8
702,2023-10-16 17:00,17.3,270.3,3.9,0,,,33.2,,4.7
702,2023-10-16 18:00,15.1,266,2.9,0,,,44.8,,5.3
702,2023-10-16 19:00,14.1,266.2,1.8,0,,,53,,4.7
702,2023-10-16 20:00,10.4,0,.3,0,,,78.7,,5.3
702,2023-10-16 21:00,9.4,89.1,1.1,0,,,85.6,,4.7
702,2023-10-16 22:00,8.8,0,.4,0,,,89,,5.3
702,2023-10-16 23:00,8.5,48.9,1.4,0,,,91.1,,4.7
702,2023-10-17 00:00,7.2,92.3,.5,0,,,94.5,,5.3
702,2023-10-17 01:00,6.2,0,0,0,,,95.1,,0
702,2023-10-17 02:00,7.2,43.7,.6,0,,,95.9,,0
702,2023-10-17 03:00,7,0,0,0,,,95.9,,0
702,2023-10-17 04:00,5.2,0,.2,0,,,95.7,,0
702,2023-10-17 05:00,5.5,0,.3,0,,,95.9,,0
702,2023-10-17 06:00,6.5,41.6,1.1,0,,,95.9,,0
702,2023-10-17 07:00,6.6,24.2,.6,0,,,95.9,,.3
702,2023-10-17 08:00,9.1,78.5,1.1,0,,,87.2,,1
702,2023-10-17 09:00,12,119.7,1.5,0,,,73.5,,1.3
702,2023-10-17 10:00,15.8,110.3,1.1,0,,,53.7,,2
702,2023-10-17 11:00,18,256.4,1,0,,,41.2,,2.3
702,2023-10-17 12:00,18.8,311.9,2.2,0,,,29.9,,3
702,2023-10-17 13:00,20,331.6,2,0,,,27.6,,3.3
702,2023-10-17 14:00,20.5,272.2,1.6,0,,,28.2,,4
702,2023-10-17 15:00,21.2,249.1,1.7,0,,,26.7,,4.3
702,2023-10-17 16:00,20.1,210.8,3.1,0,,,38.9,,5
702,2023-10-17 17:00,18.7,255.6,3.6,0,,,45.9,,5.3
702,2023-10-17 18:00,16.1,256.8,2.5,0,,,56.6,,5.5
702,2023-10-17 19:00,15.5,288.8,1.6,0,,,59,,5.3
702,2023-10-17 20:00,10.7,114.9,1.9,0,,,84.4,,5.5
702,2023-10-17 21:00,10.5,80.1,1.4,0,,,87.3,,5.3
702,2023-10-17 22:00,9.3,0,0,0,,,94.4,,5.5
702,2023-10-17 23:00,9.5,54.1,1,0,,,95.7,,5.3
702,2023-10-18 00:00,8.5,0,0,0,,,95,,5.5
702,2023-10-18 01:00,7.5,40.1,.7,0,,,95.9,,0
702,2023-10-18 02:00,8.8,43.5,.7,0,,,95.1,,0
702,2023-10-18 03:00,6.9,74.1,.7,0,,,95.9,,0
702,2023-10-18 04:00,6.1,73.9,1.3,0,,,95.9,,0
702,2023-10-18 05:00,7.9,52.4,1.5,0,,,95.9,,0
702,2023-10-18 06:00,7,53.5,.5,0,,,95.9,,0
702,2023-10-18 07:00,6.8,60.5,1.1,0,,,95.9,,.2
702,2023-10-18 08:00,10.6,38.7,.9,0,,,91.3,,.9
702,2023-10-18 09:00,14,28.3,1.2,0,,,70.8,,1.3
702,2023-10-18 10:00,15.9,55.8,.7,0,,,61.2,,1.9
702,2023-10-18 11:00,18.8,64.5,.9,0,,,53,,2.3
702,2023-10-18 12:00,20.8,223.9,1.2,0,,,41,,2.9
702,2023-10-18 13:00,21.5,178.3,1.9,0,,,33.6,,3.3
702,2023-10-18 14:00,23.1,192.6,3.1,0,,,28.7,,3.9
702,2023-10-18 15:00,23.4,222.4,3.4,0,,,22.1,,4.3
702,2023-10-18 16:00,22.7,251.1,5,0,,,39.2,,4.8
702,2023-10-18 17:00,20.5,268.7,4,0,,,44.5,,5.3
702,2023-10-18 18:00,17.5,255.5,1.8,0,,,67.7,,5.2
702,2023-10-18 19:00,15.2,249,1.4,0,,,75.6,,5.3
702,2023-10-18 20:00,12.9,68.4,.8,0,,,88.2,,5.2
702,2023-10-18 21:00,11.8,0,0,0,,,93.3,,5.3
702,2023-10-18 22:00,11,0,0,0,,,94.6,,5.2
702,2023-10-18 23:00,11.3,0,.1,0,,,95.9,,5.3
702,2023-10-19 00:00,11.2,0,0,0,,,95.9,,5.2
702,2023-10-19 01:00,,,,0,,,,,0
702,2023-10-19 02:00,9.3,193.2,.5,0,,,95.9,,0
702,2023-10-19 03:00,10.5,258.5,.7,0,,,95.9,,0
702,2023-10-19 04:00,11,0,.1,0,,,95.9,,0
702,2023-10-19 05:00,11.2,341.1,1,0,,,95.9,,0
702,2023-10-19 06:00,11.6,47.4,.9,0,,,95.9,,0
702,2023-10-19 07:00,11.4,0,.1,0,,,95.9,,0
702,2023-10-19 08:00,14,88.3,2,0,,,83,,0
702,2023-10-19 09:00,15,99,2.2,0,,,85.4,,0
702,2023-10-19 10:00,17.5,117.8,2.2,0,,,76.4,,.1
702,2023-10-19 11:00,20.5,126.8,2.7,0,,,65.5,,.2
702,2023-10-19 12:00,22.1,202.8,4.6,0,,,59.9,,.6
702,2023-10-19 13:00,22.5,230,5.5,0,,,56.8,,.3
702,2023-10-19 14:00,21.2,229.3,7.1,0,,,66.7,,.6
702,2023-10-19 15:00,20.3,232.3,4.7,0,,,75.8,,.3
702,2023-10-19 16:00,17.7,245.8,4.5,7.4,,,94.8,,.6
702,2023-10-19 17:00,17.3,269,2.9,.5,,,92.1,,.3
702,2023-10-19 18:00,16.6,237.3,1.4,1.1,,,95.9,,.6
702,2023-10-19 19:00,16.4,132.1,.8,.1,,,95.9,,.3
702,2023-10-19 20:00,16.4,358.5,.9,0,,,95.9,,.6
702,2023-10-19 21:00,16.1,199.5,1.3,.1,,,95.9,,.3
702,2023-10-19 22:00,14.8,224.9,2,.7,,,94.7,,.6
702,2023-10-19 23:00,14.3,217.1,1.8,.5,,,95.9,,.3
702,2023-10-20 00:00,13.9,248.3,.9,.2,,,95.2,,.6
702,2023-10-20 01:00,13.5,161.6,1.1,.5,,,95.9,,0
702,2023-10-20 02:00,13.4,244.5,1.2,1.2,,,95.9,,0
702,2023-10-20 03:00,12.6,231.3,3.7,1,,,94.8,,0
702,2023-10-20 04:00,12.7,263.4,2,.6,,,95.9,,0
702,2023-10-20 05:00,12.3,305.2,3.5,.8,,,79.1,,0
702,2023-10-20 06:00,11.1,348.3,.9,.6,,,85.9,,0
702,2023-10-20 07:00,10.9,224.8,.5,.1,,,91.4,,0
702,2023-10-20 08:00,10.6,231.6,1.4,0,,,94.5,,.2
702,2023-10-20 09:00,13.6,251.5,1.6,0,,,65.3,,1
702,2023-10-20 10:00,15.3,304.7,2.6,0,,,52,,1.2
702,2023-10-20 11:00,16.4,299.4,4.1,0,,,39.4,,2
702,2023-10-20 12:00,16.7,284.5,7,0,,,30.4,,2.2
702,2023-10-20 13:00,16,293.5,6.5,0,,,27.9,,2.9
702,2023-10-20 14:00,16.4,274.3,6.1,0,,,31.3,,3.2
702,2023-10-20 15:00,16.1,292.4,5.8,0,,,31.3,,3.9
702,2023-10-20 16:00,15.4,284.6,6.3,0,,,38.2,,4.2
702,2023-10-20 17:00,14,271.7,5.8,0,,,39.6,,4.9
702,2023-10-20 18:00,12.5,275.8,4.3,0,,,44.8,,4.4
702,2023-10-20 19:00,11.5,279.6,3.4,0,,,46,,4.9
702,2023-10-20 20:00,11.2,280.6,2.8,0,,,47.5,,4.4
702,2023-10-20 21:00,10.4,300.6,1.5,0,,,49.8,,4.9
702,2023-10-20 22:00,8.3,0,.3,0,,,66.1,,4.4
702,2023-10-20 23:00,6.4,91.6,1.5,0,,,83,,4.9
702,2023-10-21 00:00,6.8,0,.2,0,,,86,,4.4
702,2023-10-21 01:00,7.4,112,1.4,0,,,92.2,,0
702,2023-10-21 02:00,6.7,43.1,1.5,0,,,79.3,,0
702,2023-10-21 03:00,4.9,0,.4,0,,,95.6,,0
702,2023-10-21 04:00,4.3,44.1,1.2,0,,,95.1,,0
702,2023-10-21 05:00,3.9,77.4,1,0,,,95.2,,0
702,2023-10-21 06:00,3.6,0,0,0,,,94.7,,0
702,2023-10-21 07:00,3.4,0,.3,0,,,95.9,,.2
702,2023-10-21 08:00,6.3,114.1,1,0,,,84.7,,1
702,2023-10-21 09:00,9.5,114.9,2.2,0,,,73.8,,1.2
702,2023-10-21 10:00,12.9,182.2,3.4,0,,,52.5,,1.6
702,2023-10-21 11:00,11.6,228.8,2.4,.5,,,79.2,,1.2
702,2023-10-21 12:00,12.1,170.6,2.7,1.7,,,78,,1.9
702,2023-10-21 13:00,14.2,183.5,3,0,,,70,,2
702,2023-10-21 14:00,17.9,263,5.5,0,,,38.3,,2.8
702,2023-10-21 15:00,17.6,269.7,7.2,0,,,31.3,,3
702,2023-10-21 16:00,17.1,291.9,5.1,0,,,36.4,,3.8
702,2023-10-21 17:00,15.7,263.3,5.1,0,,,35.4,,4.1
702,2023-10-21 18:00,13.3,261.6,3.7,0,,,45.9,,4.2
702,2023-10-21 19:00,11.7,251.6,2.1,0,,,52.2,,4.1
702,2023-10-21 20:00,12.2,273.2,1.8,0,,,48,,4.2
702,2023-10-21 21:00,7.9,0,.3,0,,,75.3,,4.1
702,2023-10-21 22:00,6.5,46.4,1.2,0,,,87.1,,4.2
702,2023-10-21 23:00,6,62.5,.7,0,,,92.7,,4.1
702,2023-10-22 00:00,5.2,36.2,.6,0,,,95.6,,4.2
702,2023-10-22 01:00,4,0,0,0,,,95.9,,0
702,2023-10-22 02:00,5.2,45,.7,0,,,95.9,,0
702,2023-10-22 03:00,5.4,58.4,1,0,,,95.3,,0
702,2023-10-22 04:00,4.3,0,.1,0,,,95.8,,0
702,2023-10-22 05:00,4.7,49.9,1.2,0,,,93.4,,0
702,2023-10-22 06:00,4.9,43.5,1.2,0,,,93.8,,0
702,2023-10-22 07:00,5.2,47.4,1.2,0,,,92.5,,.2
702,2023-10-22 08:00,7.6,63,1.7,0,,,84.7,,1
702,2023-10-22 09:00,11.4,115.4,.7,0,,,69,,1.2
702,2023-10-22 10:00,13.6,108.1,1.5,0,,,59.2,,2
702,2023-10-22 11:00,16.4,113.4,.9,0,,,42.3,,2.2
702,2023-10-22 12:00,16.4,177.6,.9,0,,,29.5,,3
702,2023-10-22 13:00,17.5,187.7,1.9,0,,,34.8,,3
702,2023-10-22 14:00,17.5,217.2,1.8,0,,,38.9,,3.3
702,2023-10-22 15:00,17.2,220.7,2.9,0,,,44.3,,3.2
702,2023-10-22 16:00,17.7,246.8,2.5,0,,,47.1,,3.5
702,2023-10-22 17:00,16.1,228.9,1.6,0,,,58.2,,3.5
702,2023-10-22 18:00,14.7,264,.6,0,,,66,,3.5
702,2023-10-22 19:00,13,50.5,.7,0,,,81,,3.5
702,2023-10-22 20:00,12.3,63.9,.7,0,,,86.8,,3.5
702,2023-10-22 21:00,12.6,62.1,1.1,0,,,78.4,,3.5
702,2023-10-22 22:00,11.7,47.7,1.4,0,,,80.2,,3.5
702,2023-10-22 23:00,11.7,37.2,1,0,,,80.5,,3.5
702,2023-10-23 00:00,12.2,61,.7,0,,,78.9,,3.5
702,2023-10-23 01:00,10.6,53.8,.9,0,,,90.2,,0
702,2023-10-23 02:00,9.8,35.4,1.2,0,,,90.8,,0
702,2023-10-23 03:00,9.4,44.5,.6,0,,,94.7,,0
702,2023-10-23 04:00,9.6,43.1,1.4,0,,,95.4,,0
702,2023-10-23 05:00,9.3,0,.3,0,,,94.4,,0
702,2023-10-23 06:00,8.5,16.9,.7,0,,,95.9,,0
702,2023-10-23 07:00,9.2,27.3,.6,0,,,95.9,,0
702,2023-10-23 08:00,11.2,55,1.1,0,,,95.2,,.8
702,2023-10-23 09:00,14.5,91.4,1.1,0,,,77.5,,.8
702,2023-10-23 10:00,17.2,108,1.6,0,,,66,,1.8
702,2023-10-23 11:00,18.7,205.9,1.6,0,,,55.7,,1.8
702,2023-10-23 12:00,19.8,246,2,0,,,45.6,,2.6
702,2023-10-23 13:00,20.5,260.7,3.2,0,,,44.6,,2.6
702,2023-10-23 14:00,20.9,211.3,2.4,0,,,35.3,,3.6
702,2023-10-23 15:00,21.1,233.2,3,0,,,32.9,,3.6
702,2023-10-23 16:00,20.3,236.1,3.4,0,,,38.7,,4.6
702,2023-10-23 17:00,18.8,232.9,3.9,0,,,44.5,,4.6
702,2023-10-23 18:00,17.3,295.2,2.7,0,,,55,,5
702,2023-10-23 19:00,14.5,249.5,.7,0,,,70.6,,4.6
702,2023-10-23 20:00,12.5,86,.7,0,,,78.6,,5
702,2023-10-23 21:00,11.3,28.3,.7,0,,,94.6,,4.6
702,2023-10-23 22:00,9.7,0,.4,0,,,94.5,,5
702,2023-10-23 23:00,10.5,44.3,.9,0,,,95.6,,4.6
702,2023-10-24 00:00,10,41.4,.7,0,,,95.5,,5
702,2023-10-24 01:00,10,46.4,1.3,0,,,93.8,,0
702,2023-10-24 02:00,8.9,47.2,.8,0,,,95.9,,0
702,2023-10-24 03:00,9.3,45.7,1.4,0,,,95.5,,0
702,2023-10-24 04:00,9.4,48,1.3,0,,,94.5,,0
702,2023-10-24 05:00,9.5,35.4,1,0,,,95.2,,0
702,2023-10-24 06:00,9.8,32.3,1.8,0,,,93.8,,0
702,2023-10-24 07:00,9.6,50.5,1.4,0,,,94.4,,0
702,2023-10-24 08:00,10.5,74.8,1.4,0,,,94.2,,.3
702,2023-10-24 09:00,14.1,88.4,2.1,0,,,78.4,,1
702,2023-10-24 10:00,16.5,101.1,1.3,0,,,62.8,,1.3
702,2023-10-24 11:00,18.9,133.3,1.8,0,,,48.5,,2
702,2023-10-24 12:00,20.2,112.1,1.4,0,,,41.8,,2.3
702,2023-10-24 13:00,21.4,159.7,1.3,0,,,32.5,,2.9
702,2023-10-24 14:00,20.2,162.3,1.8,0,,,39.7,,3.1
702,2023-10-24 15:00,20.5,261.7,2.5,0,,,39.1,,3.6
702,2023-10-24 16:00,21.3,227.8,2.3,0,,,40,,4.1
702,2023-10-24 17:00,20,279.3,3,0,,,43.8,,4.6
702,2023-10-24 18:00,17.8,274,1.5,0,,,54.3,,4.3
702,2023-10-24 19:00,15,0,.3,0,,,71.3,,4.6
702,2023-10-24 20:00,13.3,74,1,0,,,81,,4.3
702,2023-10-24 21:00,12.7,0,.2,0,,,91.9,,4.6
702,2023-10-24 22:00,12.5,0,.2,0,,,90.6,,4.3
702,2023-10-24 23:00,13.1,35.3,1.4,0,,,83.1,,4.6
702,2023-10-25 00:00,12.5,0,0,0,,,86,,4.3
702,2023-10-25 01:00,10.8,0,.3,0,,,95.5,,0
702,2023-10-25 02:00,11.1,37.6,1.4,0,,,94.7,,0
702,2023-10-25 03:00,10.2,0,.4,0,,,93.6,,0
702,2023-10-25 04:00,10,30.3,1,0,,,95.9,,0
702,2023-10-25 05:00,10.4,31.9,1.3,0,,,94.7,,0
702,2023-10-25 06:00,8.7,94.9,1,0,,,95.6,,0
702,2023-10-25 07:00,10.1,12,.5,0,,,95.9,,0
702,2023-10-25 08:00,12.5,0,.4,0,,,90.7,,.9
702,2023-10-25 09:00,15,93.7,.6,0,,,71.7,,.9
702,2023-10-25 10:00,17.7,73.7,1,0,,,63.6,,1.5
702,2023-10-25 11:00,20.1,209.1,.8,0,,,49.6,,1.9
702,2023-10-25 12:00,21.8,59.4,.8,0,,,47.3,,2.5
702,2023-10-25 13:00,21.3,197.1,2.4,0,,,47.6,,2.9
702,2023-10-25 14:00,21.9,225.8,2.8,0,,,45.3,,3.5
702,2023-10-25 15:00,22.4,240.4,2,0,,,40.3,,3.9
702,2023-10-25 16:00,22.4,231.6,2.3,0,,,42.3,,4.5
702,2023-10-25 17:00,20.7,234,3.2,0,,,54.6,,4.9
702,2023-10-25 18:00,18.2,282.3,1.6,0,,,67.6,,4.6
702,2023-10-25 19:00,17.7,286.5,1.7,0,,,76.6,,4.9
702,2023-10-25 20:00,13.2,112.2,1.4,0,,,93.6,,4.6
702,2023-10-25 21:00,13.8,98.9,1.5,0,,,95.3,,4.9
702,2023-10-25 22:00,12.4,0,.4,0,,,95.9,,4.6
702,2023-10-25 23:00,11.8,65.6,1.2,0,,,95.9,,4.9
702,2023-10-26 00:00,12.6,354.4,.6,0,,,95.8,,4.6
702,2023-10-26 01:00,,,,0,,,,,0
702,2023-10-26 02:00,11.6,47.4,.8,0,,,95.9,,0
702,2023-10-26 03:00,12.5,0,.2,0,,,95.9,,0
702,2023-10-26 04:00,10.8,0,.4,0,,,95.9,,0
702,2023-10-26 05:00,11.2,22,1.4,0,,,95.9,,0
702,2023-10-26 06:00,13,3.6,1.1,0,,,95.9,,0
702,2023-10-26 07:00,11.6,129,1.6,0,,,95.4,,0
702,2023-10-26 08:00,12.6,99.1,.7,0,,,95.9,,.2
702,2023-10-26 09:00,15.7,26.9,.7,0,,,84,,.9
702,2023-10-26 10:00,18.4,89.6,.7,0,,,73.6,,1.2
702,2023-10-26 11:00,19.7,198,1.5,0,,,65.4,,1.9
702,2023-10-26 12:00,20.6,188.3,1.7,0,,,56.7,,2.2
702,2023-10-26 13:00,21,201.6,2.9,0,,,53.6,,2.8
702,2023-10-26 14:00,22.2,217.2,2.8,0,,,50,,3.2
702,2023-10-26 15:00,22.1,194.8,3,0,,,50.4,,3.7
702,2023-10-26 16:00,22,252.1,4,0,,,58.6,,4.2
702,2023-10-26 17:00,19.5,249.9,5.1,0,,,67.7,,4.1
702,2023-10-26 18:00,18.1,253.8,2.8,0,,,80.9,,4.2
702,2023-10-26 19:00,17,208.5,1.9,0,,,92.9,,4.1
702,2023-10-26 20:00,16.7,118.3,1.2,0,,,94.7,,4.2
702,2023-10-26 21:00,17.5,191.1,2.2,0,,,89.8,,4.1
702,2023-10-26 22:00,17.3,292.4,2.8,0,,,80.6,,4.2
702,2023-10-26 23:00,15.2,233.9,2.2,0,,,88.2,,4.1
702,2023-10-27 00:00,14.4,206.7,2.5,0,,,92.9,,4.2
702,2023-10-27 01:00,14.8,234.5,2.8,0,,,93.3,,0
702,2023-10-27 02:00,14.3,247.9,2.5,0,,,90.9,,0
702,2023-10-27 03:00,12.5,175,1.2,0,,,93.6,,0
702,2023-10-27 04:00,11.1,280.3,.8,0,,,94.2,,0
702,2023-10-27 05:00,10.4,149.3,.5,0,,,83.3,,0
702,2023-10-27 06:00,9.9,231.3,.9,0,,,86.4,,0
702,2023-10-27 07:00,9.6,0,.4,0,,,79.9,,0
702,2023-10-27 08:00,11.8,48.2,.8,0,,,81.3,,.8
702,2023-10-27 09:00,13.6,144.1,1.2,0,,,69.9,,1
702,2023-10-27 10:00,16.4,295.9,3.2,0,,,44.7,,1.8
702,2023-10-27 11:00,17.6,263.9,2,0,,,40,,2
702,2023-10-27 12:00,18.5,334.9,1.4,0,,,32.2,,2.8
702,2023-10-27 13:00,18.9,222.9,1.4,0,,,30.4,,3
702,2023-10-27 14:00,20.1,311.9,1.9,0,,,30.1,,3.8
702,2023-10-27 15:00,19.8,334.2,2.2,0,,,31.2,,4
702,2023-10-27 16:00,19.6,353.2,2.3,0,,,33.9,,4.8
702,2023-10-27 17:00,18,248.7,4.3,0,,,48.1,,4.9
702,2023-10-27 18:00,15.8,257.1,2,0,,,58.7,,4.8
702,2023-10-27 19:00,15.5,274.3,2,0,,,60.5,,4.9
702,2023-10-27 20:00,12.8,199.1,.9,0,,,79.8,,4.8
702,2023-10-27 21:00,11.9,146.2,1.2,0,,,86,,4.9
702,2023-10-27 22:00,10.9,88.8,1.1,0,,,91,,4.8
702,2023-10-27 23:00,10.2,0,.1,0,,,93.2,,4.9
702,2023-10-28 00:00,9.7,0,0,0,,,94.9,,4.8
702,2023-10-28 01:00,9.3,57.2,.7,0,,,95.8,,0
702,2023-10-28 02:00,9.5,0,.1,0,,,95.9,,0
702,2023-10-28 03:00,8,0,0,0,,,95.9,,0
702,2023-10-28 04:00,7.4,0,0,0,,,95.9,,0
702,2023-10-28 05:00,8.5,58.4,1.2,0,,,95.9,,0
702,2023-10-28 06:00,8.2,0,0,0,,,95.9,,0
702,2023-10-28 07:00,6.4,0,.3,0,,,95.9,,0
702,2023-10-28 08:00,9.7,54.4,.8,0,,,95.9,,.9
702,2023-10-28 09:00,12.3,136.6,1.1,0,,,83.7,,1
702,2023-10-28 10:00,15,161.5,1.1,0,,,73.7,,1.9
702,2023-10-28 11:00,17.5,195.4,1,0,,,51,,2
702,2023-10-28 12:00,18.3,329,2.2,0,,,49.7,,2.9
702,2023-10-28 13:00,19.7,289.7,3.1,0,,,43.3,,2.9
702,2023-10-28 14:00,19.7,237.3,3.1,0,,,41.6,,3.7
702,2023-10-28 15:00,19.6,248.5,3.3,0,,,43.8,,3.5
702,2023-10-28 16:00,20.5,244.6,3.3,0,,,44.2,,4.7
702,2023-10-28 17:00,19,255.2,3.8,0,,,50.7,,4.5
702,2023-10-28 18:00,16.9,268,2.2,0,,,62.9,,4.9
702,2023-10-28 19:00,15.6,258.2,2.1,0,,,70.9,,4.5
702,2023-10-28 20:00,12.9,73.8,.6,0,,,90.5,,4.9
702,2023-10-28 21:00,12.8,43.4,.6,0,,,92.1,,4.5
702,2023-10-28 22:00,11.7,0,.4,0,,,94.6,,4.9
702,2023-10-28 23:00,11.7,37.1,1.3,0,,,95.8,,4.5
702,2023-10-29 00:00,11.6,35.4,.6,0,,,92.5,,4.9
702,2023-10-29 01:00,10.4,44.6,.7,0,,,95.9,,0
702,2023-10-29 02:00,10.3,31.7,.8,0,,,95.9,,0
702,2023-10-29 03:00,9.2,0,0,0,,,95.9,,0
702,2023-10-29 04:00,8.6,34.1,.5,0,,,95.9,,0
702,2023-10-29 05:00,8.3,0,.3,0,,,95.9,,0
702,2023-10-29 06:00,8.7,41.7,1.4,0,,,95.9,,0
702,2023-10-29 07:00,6.4,0,.4,0,,,95.9,,0
702,2023-10-29 08:00,10.1,22.8,.7,0,,,95.9,,.8
702,2023-10-29 09:00,13.7,28,.7,0,,,70.6,,1
702,2023-10-29 10:00,16.3,67.4,1.2,0,,,55.7,,1.8
702,2023-10-29 11:00,18.7,156,1.1,0,,,45.7,,2
702,2023-10-29 12:00,19.8,119.3,1.3,0,,,41.4,,2.8
702,2023-10-29 13:00,20.7,268.4,1.1,0,,,36.2,,3
702,2023-10-29 14:00,20.8,318.7,1.4,0,,,36.1,,3.8
702,2023-10-29 15:00,21.6,201.2,1.4,0,,,31.9,,4
702,2023-10-29 16:00,21.3,315.9,1.7,0,,,32.7,,4.8
702,2023-10-29 17:00,19.9,278.4,1.7,0,,,40.3,,5
702,2023-10-29 18:00,17.4,273.7,3.1,0,,,59.8,,4.8
702,2023-10-29 19:00,16.1,283.7,2.3,0,,,56.7,,5
702,2023-10-29 20:00,12.3,92.9,.9,0,,,87.2,,4.8
702,2023-10-29 21:00,12.4,0,.2,0,,,85.7,,5
702,2023-10-29 22:00,10.8,0,.2,0,,,92.9,,4.8
702,2023-10-29 23:00,9.9,0,0,0,,,95.5,,5
702,2023-10-30 00:00,10.1,0,.4,0,,,95.9,,4.8
702,2023-10-30 01:00,10.7,42.3,.8,0,,,93.1,,0
702,2023-10-30 02:00,10.2,68.6,.7,0,,,93.7,,0
702,2023-10-30 03:00,10.4,24.6,.9,0,,,90.7,,0
702,2023-10-30 04:00,10.3,41.3,1.5,0,,,89.2,,0
702,2023-10-30 05:00,9.8,41.3,.9,0,,,91.8,,0
702,2023-10-30 06:00,9.3,37.1,.8,0,,,95.2,,0
702,2023-10-30 07:00,8.2,31.2,.5,0,,,95.9,,0
702,2023-10-30 08:00,11.2,0,.1,0,,,95.5,,.8
702,2023-10-30 09:00,15,0,.4,0,,,70.9,,.8
702,2023-10-30 10:00,16,131.6,1.4,0,,,66.8,,1.9
702,2023-10-30 11:00,18.4,252.3,1,0,,,61.2,,1.8
702,2023-10-30 12:00,20.2,200.5,1.1,0,,,54.7,,2.9
702,2023-10-30 13:00,20.3,236.7,1.8,0,,,44.9,,2.8
702,2023-10-30 14:00,21,263.5,1.6,0,,,39.6,,3.9
702,2023-10-30 15:00,22,345.5,1.1,0,,,37.8,,3.8
702,2023-10-30 16:00,21.4,294.8,1.8,0,,,41.6,,4.8
702,2023-10-30 17:00,19.3,279.2,2.6,0,,,59.5,,4.8
702,2023-10-30 18:00,17,266.2,2.3,0,,,69.6,,4.8
702,2023-10-30 19:00,16,276.8,1.6,0,,,77.7,,4.8
702,2023-10-30 20:00,12.6,114.8,2.5,0,,,93.8,,4.8
702,2023-10-30 21:00,12.5,0,.1,0,,,95.9,,4.8
702,2023-10-30 22:00,11.4,0,.2,0,,,95.9,,4.8
702,2023-10-30 23:00,12.1,75,.5,0,,,95.9,,4.8
702,2023-10-31 00:00,12.7,0,.1,0,,,95.9,,4.8
702,2023-10-31 01:00,11.7,0,.3,0,,,94.8,,0
702,2023-10-31 02:00,11.6,45.8,1,0,,,94.4,,0
702,2023-10-31 03:00,11.2,50.8,.6,0,,,95.1,,0
702,2023-10-31 04:00,10.2,0,0,0,,,95.9,,0
702,2023-10-31 05:00,9.6,22.8,1,0,,,95.9,,0
702,2023-10-31 06:00,8.9,51.4,.5,0,,,95.9,,0
702,2023-10-31 07:00,9,60.9,1,0,,,95.9,,0
702,2023-10-31 08:00,9.9,108.6,1.7,0,,,95.9,,0
702,2023-10-31 09:00,11.4,0,.2,0,,,95.9,,0
702,2023-10-31 10:00,13.1,69.4,.7,0,,,93.9,,.2
702,2023-10-31 11:00,17.6,314.2,.9,0,,,63,,1
702,2023-10-31 12:00,19.6,226.5,1.2,0,,,49.9,,1.2
702,2023-10-31 13:00,20.5,234.4,1.4,0,,,30.8,,2
702,2023-10-31 14:00,22,233.1,2.4,0,,,20.6,,2.2
702,2023-10-31 15:00,21.6,271,4.2,0,,,27.5,,3
702,2023-10-31 16:00,20.3,245.7,4.2,0,,,35,,3.2
702,2023-10-31 17:00,18.4,253.3,4.1,0,,,61.8,,4
702,2023-10-31 18:00,16.3,176.2,1.8,0,,,76.8,,3.2
702,2023-10-31 19:00,13.2,144.3,1.4,0,,,93.2,,4
702,2023-10-31 20:00,12.7,111.2,1.5,0,,,93.7,,3.2
702,2023-10-31 21:00,12,0,.1,0,,,95.9,,4
702,2023-10-31 22:00,11,90.3,.7,0,,,94.5,,3.2
702,2023-10-31 23:00,11.3,0,.3,0,,,94.5,,4
702,2023-11-01 00:00,9.7,197.7,.7,0,,,95.9,,3.2
702,2023-11-01 01:00,9.7,0,.1,0,,,95.9,,0
702,2023-11-01 02:00,8.9,22.9,.8,0,,,95,,0
702,2023-11-01 03:00,9.3,54.4,1.3,0,,,95.3,,0
702,2023-11-01 04:00,10.7,0,.4,0,,,91.4,,0
702,2023-11-01 05:00,11.6,129.4,1,0,,,83.8,,0
702,2023-11-01 06:00,13.3,104.2,2.3,0,,,84.3,,0
702,2023-11-01 07:00,13.8,97.7,2.5,0,,,83.9,,0
702,2023-11-01 08:00,14.6,105.9,2.5,0,,,82.7,,.3
702,2023-11-01 09:00,16.9,108.4,3.3,0,,,74.2,,1
702,2023-11-01 10:00,19.8,133.5,3.3,0,,,63.8,,1.3
702,2023-11-01 11:00,21.7,182.1,4.7,0,,,59,,2
702,2023-11-01 12:00,23.2,201.5,4.7,0,,,52.6,,2.3
702,2023-11-01 13:00,24.1,209.8,5.9,0,,,48.3,,3
702,2023-11-01 14:00,24.5,203.4,5.7,0,,,47.9,,3.3
702,2023-11-01 15:00,24.5,222.1,7,0,,,42.2,,4
702,2023-11-01 16:00,24,220.2,6.5,0,,,43.9,,4.3
702,2023-11-01 17:00,22.5,227,4.8,0,,,47.9,,4.8
702,2023-11-01 18:00,19.8,225.9,2.6,0,,,60.1,,4.3
702,2023-11-01 19:00,20,206.5,3.7,0,,,66.8,,4.8
702,2023-11-01 20:00,17.4,179.8,1.7,0,,,74.7,,4.3
702,2023-11-01 21:00,16.2,138.6,1.3,0,,,81.5,,4.8
702,2023-11-01 22:00,17.2,148.8,1.7,0,,,73.2,,4.3
702,2023-11-01 23:00,14.7,177.3,.5,0,,,88.2,,4.8
702,2023-11-02 00:00,13.4,0,.1,0,,,94.8,,4.3
702,2023-11-02 01:00,12.3,0,.3,0,,,95.9,,0
702,2023-11-02 02:00,12.4,41.2,.5,0,,,95.6,,0
702,2023-11-02 03:00,12.9,0,.2,0,,,95.9,,0
702,2023-11-02 04:00,12.8,0,.2,0,,,95.9,,0
702,2023-11-02 05:00,12.8,60.7,.6,0,,,95.9,,0
702,2023-11-02 06:00,13.3,46.9,.7,0,,,95.9,,0
702,2023-11-02 07:00,12.5,36.2,1.1,0,,,95.9,,0
702,2023-11-02 08:00,14.5,101.9,1.2,0,,,95.9,,.9
702,2023-11-02 09:00,18.6,113.8,1.8,0,,,72.7,,1
702,2023-11-02 10:00,21.1,165.1,2.5,0,,,51.3,,1.9
702,2023-11-02 11:00,23,190.7,3.7,0,,,44.7,,2
702,2023-11-02 12:00,23.9,177.4,3.2,0,,,37.3,,2.8
702,2023-11-02 13:00,25.5,205.6,3.5,0,,,30.2,,3
702,2023-11-02 14:00,26.7,202.3,2.4,0,,,26.8,,3.8
702,2023-11-02 15:00,26.8,198.1,3.8,0,,,24.8,,4.1
702,2023-11-02 16:00,25.9,254.5,3,0,,,37.9,,4.8
702,2023-11-02 17:00,23.2,259.1,3,0,,,52.8,,5
702,2023-11-02 18:00,19.8,257.6,2.9,0,,,67.3,,5
702,2023-11-02 19:00,18.1,180.6,1.7,0,,,73.8,,5
702,2023-11-02 20:00,15.1,184.2,.8,0,,,91.4,,5
702,2023-11-02 21:00,14.4,219.7,1,0,,,84.1,,5
702,2023-11-02 22:00,13.9,179.1,1.3,0,,,74.6,,5
702,2023-11-02 23:00,14.3,217.1,2.1,0,,,76.8,,5
702,2023-11-03 00:00,12.8,105.4,.6,0,,,85.1,,5
702,2023-11-03 01:00,12,330.8,1,0,,,87.2,,0
702,2023-11-03 02:00,10.9,111.4,1.2,0,,,93.5,,0
702,2023-11-03 03:00,11.2,0,.4,0,,,92.4,,0
702,2023-11-03 04:00,11.7,23.1,.8,0,,,93.9,,0
702,2023-11-03 05:00,13.5,20.7,1.3,0,,,68.8,,0
702,2023-11-03 06:00,12.1,0,.3,0,,,76.6,,0
702,2023-11-03 07:00,11.4,138.8,1.1,0,,,82,,0
702,2023-11-03 08:00,15.3,56.2,.5,0,,,76.2,,.9
702,2023-11-03 09:00,19.4,106.2,1.9,0,,,67.1,,1
702,2023-11-03 10:00,22.2,196.2,4.5,0,,,58.1,,1.8
702,2023-11-03 11:00,23.4,207.4,5.3,0,,,56.2,,1.8
702,2023-11-03 12:00,23.6,217.5,5,0,,,52.9,,2.6
702,2023-11-03 13:00,24.8,206.4,4.7,0,,,45.2,,2.8
702,2023-11-03 14:00,24.4,245.7,3.9,0,,,44.9,,3.3
702,2023-11-03 15:00,23.4,250.3,6,0,,,62,,3.1
702,2023-11-03 16:00,23,250,6.4,0,,,61.9,,4.3
702,2023-11-03 17:00,21.7,248.3,5,0,,,73,,3.6
702,2023-11-03 18:00,20.6,253.7,2.7,0,,,81.1,,4.3
702,2023-11-03 19:00,19.2,196,1.8,0,,,85.5,,3.6
702,2023-11-03 20:00,17.7,274.3,.5,0,,,93.8,,4.3
702,2023-11-03 21:00,17,114.8,.8,0,,,95.1,,3.6
702,2023-11-03 22:00,15.7,107.7,1.5,0,,,95.9,,4.3
702,2023-11-03 23:00,16.4,0,.1,0,,,95.9,,3.6
702,2023-11-04 00:00,18.1,312.3,2.3,0,,,95.9,,4.3
702,2023-11-04 01:00,16.9,0,.1,0,,,95.8,,0
702,2023-11-04 02:00,16.3,0,.1,0,,,95.9,,0
702,2023-11-04 03:00,16.7,103.2,1.3,0,,,95.9,,0
702,2023-11-04 04:00,16.8,0,.2,0,,,95.9,,0
702,2023-11-04 05:00,17,0,.2,0,,,95.9,,0
702,2023-11-04 06:00,16.3,0,.2,0,,,95.9,,0
702,2023-11-04 07:00,16.8,329.4,1,0,,,95.9,,0
702,2023-11-04 08:00,17.4,0,.4,0,,,95.9,,0
702,2023-11-04 09:00,18.4,111.5,1.9,0,,,94.1,,0
702,2023-11-04 10:00,19.7,107.7,2.7,0,,,86.4,,.2
702,2023-11-04 11:00,21,188.7,1.3,0,,,74.7,,.1
702,2023-11-04 12:00,21.5,309.2,.6,0,,,78.6,,.2
702,2023-11-04 13:00,21.8,23.1,1.4,.3,,,70.6,,.1
702,2023-11-04 14:00,21.6,315.5,1.8,.1,,,73,,.2
702,2023-11-04 15:00,22,328.7,3.1,0,,,70.1,,.2
702,2023-11-04 16:00,21.7,337.1,3.4,0,,,71.8,,.2
702,2023-11-04 17:00,21.3,359.8,2.7,0,,,72.8,,.2
702,2023-11-04 18:00,20.3,338.6,2.1,0,,,75.5,,.2
702,2023-11-04 19:00,19.1,62.5,1.4,0,,,80.1,,.2
702,2023-11-04 20:00,18.1,0,.4,0,,,90.8,,.2
702,2023-11-04 21:00,17.3,55.7,1.4,0,,,86.9,,.2
702,2023-11-04 22:00,16.7,0,.4,0,,,91.4,,.2
702,2023-11-04 23:00,18.3,50.5,3,0,,,80.6,,.2
702,2023-11-05 00:00,18.1,44.7,2.3,0,,,78.3,,.2
702,2023-11-05 01:00,17.2,29.4,1.6,0,,,83.7,,0
702,2023-11-05 02:00,17.3,4.6,1.2,0,,,83.9,,0
702,2023-11-05 03:00,16.2,94.4,1,0,,,93.5,,0
702,2023-11-05 04:00,16.5,86,1.5,0,,,90.6,,0
702,2023-11-05 05:00,17,17,.9,0,,,90.9,,0
702,2023-11-05 06:00,17.2,7.2,2.2,.3,,,91.4,,0
702,2023-11-05 07:00,16.5,67.4,1.4,0,,,93.1,,0
702,2023-11-05 08:00,17.8,300.5,.6,0,,,91.4,,0
702,2023-11-05 09:00,19.4,28.1,.8,0,,,86.3,,0
702,2023-11-05 10:00,21.6,85.1,3.2,0,,,65.6,,.5
702,2023-11-05 11:00,23.1,137.2,5.3,0,,,53.3,,.6
702,2023-11-05 12:00,24.7,123.3,6.7,0,,,45.2,,1.4
702,2023-11-05 13:00,24.5,138.3,7.8,0,,,45.3,,1.1
702,2023-11-05 14:00,24,147.8,7.8,0,,,44.7,,1.4
702,2023-11-05 15:00,22.8,146,6.3,0,,,53,,1.1
702,2023-11-05 16:00,20.9,144.3,4.1,.3,,,68.2,,1.4
702,2023-11-05 17:00,19,120.7,3.6,.6,,,79.9,,1.1
702,2023-11-05 18:00,17.8,104.4,1.9,4.4,,,95.9,,1.4
702,2023-11-05 19:00,17.9,102.3,3,3.6,,,94.4,,1.1
702,2023-11-05 20:00,18.9,110.7,5.4,0,,,84.9,,1.4
702,2023-11-05 21:00,18.9,108.4,4,0,,,88.1,,1.1
702,2023-11-05 22:00,20.2,113,5.7,0,,,81,,1.4
702,2023-11-05 23:00,20.5,127.8,4.8,0,,,80.9,,1.1
702,2023-11-06 00:00,22.1,139.7,3.7,0,,,72.8,,1.4
702,2023-11-06 01:00,22.5,158.5,5.9,0,,,71.2,,0
702,2023-11-06 02:00,21,178.8,4.7,3,,,86,,0
702,2023-11-06 03:00,21.1,150.4,5.9,2.5,,,86,,0
702,2023-11-06 04:00,20.8,157.5,5.9,2.1,,,86.5,,0
702,2023-11-06 05:00,20.1,214.2,6.5,4.7,,,95.9,,0
702,2023-11-06 06:00,20.3,200.4,4.9,.4,,,88.8,,0
702,2023-11-06 07:00,20.2,206.7,4.9,0,,,84,,0
702,2023-11-06 08:00,18.4,235.7,10,2.6,,,93.9,,0
702,2023-11-06 09:00,17.3,254,6.4,1,,,82.8,,0
702,2023-11-06 10:00,17.1,238.4,6.3,0,,,73.5,,0
702,2023-11-06 11:00,17.3,236,5.4,0,,,74.9,,0
702,2023-11-06 12:00,17.7,234.8,6.2,0,,,68.1,,.2
702,2023-11-06 13:00,17,243.2,9.6,0,,,55.2,,.7
702,2023-11-06 14:00,17,241,9.1,0,,,53.4,,1
702,2023-11-06 15:00,16.1,242.6,10.9,0,,,50.2,,1.2
702,2023-11-06 16:00,15,244.6,7.9,0,,,50.7,,1.8
702,2023-11-06 17:00,13.9,240.7,6.7,0,,,48.1,,1.7
702,2023-11-06 18:00,13.2,245.2,6.3,0,,,48.8,,1.8
702,2023-11-06 19:00,12.7,239.4,4.4,0,,,53.9,,1.7
702,2023-11-06 20:00,12.7,245.6,6.5,0,,,49.8,,1.8
702,2023-11-06 21:00,12.4,251.6,6.9,0,,,44.8,,1.7
702,2023-11-06 22:00,12.1,253,6.1,0,,,41.5,,1.8
702,2023-11-06 23:00,11.9,258,7.7,0,,,37.9,,1.7
702,2023-11-07 00:00,10.9,250.4,5.7,0,,,41.6,,1.8
702,2023-11-07 01:00,10.7,254,4.9,0,,,41.4,,0
702,2023-11-07 02:00,10.7,249.7,5,0,,,43.4,,0
702,2023-11-07 03:00,11.2,249.4,4.9,0,,,50.4,,0
702,2023-11-07 04:00,10.2,282.8,4.2,.2,,,71.2,,0
702,2023-11-07 05:00,9.2,306,3.6,0,,,78.3,,0
702,2023-11-07 06:00,8.7,.9,1,0,,,79.7,,0
702,2023-11-07 07:00,8.9,3,1.8,0,,,71.8,,0
702,2023-11-07 08:00,9,13.7,2,0,,,69.4,,0
702,2023-11-07 09:00,9.7,358.8,2.6,0,,,62.6,,.3
702,2023-11-07 10:00,10.7,334.3,2.7,0,,,52.5,,.9
702,2023-11-07 11:00,11.8,300.1,4.8,0,,,47.2,,1.1
702,2023-11-07 12:00,12,301.1,4.7,0,,,43.3,,1.9
702,2023-11-07 13:00,12.7,312,3.2,0,,,39.1,,2.1
702,2023-11-07 14:00,12.8,323.1,3.7,0,,,33.5,,2.9
702,2023-11-07 15:00,13.2,263.4,4.5,0,,,29,,3.1
702,2023-11-07 16:00,13,289.7,3.9,0,,,33.7,,3.9
702,2023-11-07 17:00,11.6,274.7,4,0,,,37.3,,4.1
702,2023-11-07 18:00,10.7,287.5,3.7,0,,,31.3,,4.1
702,2023-11-07 19:00,9.4,297.5,3.7,0,,,38.7,,4.1
702,2023-11-07 20:00,8.9,319.8,2.6,0,,,39,,4.1
702,2023-11-07 21:00,5.5,0,.2,0,,,69.3,,4.1
702,2023-11-07 22:00,4.9,0,.4,0,,,74.5,,4.1
702,2023-11-07 23:00,4.4,0,.3,0,,,76.6,,4.1
702,2023-11-08 00:00,2.9,59,.5,0,,,87.1,,4.1
702,2023-11-08 01:00,2.9,0,.3,0,,,87.2,,0
702,2023-11-08 02:00,2.6,0,.4,0,,,90.5,,0
702,2023-11-08 03:00,2.4,38.1,.8,0,,,89,,0
702,2023-11-08 04:00,1.7,0,.1,0,,,93.7,,0
702,2023-11-08 05:00,1.8,49.3,1.1,0,,,93.9,,0
702,2023-11-08 06:00,1.9,0,.4,0,,,89.6,,0
702,2023-11-08 07:00,.9,72.5,1.4,0,,,94.1,,0
702,2023-11-08 08:00,2.9,44.1,1.9,0,,,85.3,,1
702,2023-11-08 09:00,6.7,84.1,.9,0,,,63.5,,1
702,2023-11-08 10:00,8,179.3,1.4,0,,,62,,2
702,2023-11-08 11:00,9.9,115.2,.8,0,,,47.9,,2
702,2023-11-08 12:00,12.4,90.1,1.2,0,,,29.1,,2.8
702,2023-11-08 13:00,15.9,353,.5,0,,,26.2,,2.9
702,2023-11-08 14:00,15.9,300,2.5,0,,,31,,3.8
702,2023-11-08 15:00,16.5,248.5,3.8,0,,,25.9,,3.9
702,2023-11-08 16:00,16.2,241.8,3.5,0,,,26.1,,4.8
702,2023-11-08 17:00,14.5,303.7,2,0,,,31,,4.5
702,2023-11-08 18:00,11.8,0,.1,0,,,48.7,,4.8
702,2023-11-08 19:00,9.5,0,.4,0,,,64.2,,4.5
702,2023-11-08 20:00,8.6,52.6,1.1,0,,,64.6,,4.8
702,2023-11-08 21:00,8.2,260.2,.6,0,,,69.9,,4.5
702,2023-11-08 22:00,7.9,27.8,1,0,,,67.2,,4.8
702,2023-11-08 23:00,5.8,145.3,.9,0,,,86.1,,4.5
702,2023-11-09 00:00,5.1,0,.4,0,,,91,,4.8
702,2023-11-09 01:00,5.3,0,.4,0,,,90.9,,0
702,2023-11-09 02:00,4.8,4,1.1,0,,,87.7,,0
702,2023-11-09 03:00,5.4,9.7,.8,0,,,81.6,,0
702,2023-11-09 04:00,4.6,45.1,.6,0,,,90.3,,0
702,2023-11-09 05:00,4.8,28.9,.6,0,,,90.9,,0
702,2023-11-09 06:00,7.5,34.8,1.3,0,,,74.3,,0
702,2023-11-09 07:00,7.5,15,1.2,0,,,78.8,,0
702,2023-11-09 08:00,10.5,357.8,.6,0,,,70.4,,.3
702,2023-11-09 09:00,12.7,49.5,1.4,0,,,70,,.5
702,2023-11-09 10:00,15.4,83.6,.6,0,,,60.5,,.6
702,2023-11-09 11:00,17.1,98.1,1,0,,,59.3,,.5
702,2023-11-09 12:00,17.6,103.6,1,0,,,61.5,,.7
702,2023-11-09 13:00,18.7,111.7,2.3,0,,,56.9,,.5
702,2023-11-09 14:00,19.7,139.9,1.9,0,,,54.6,,.7
702,2023-11-09 15:00,20,135.4,1.1,0,,,57,,.5
702,2023-11-09 16:00,19.3,131.6,1.1,0,,,64.9,,.7
702,2023-11-09 17:00,17.6,276.5,.5,.2,,,80.5,,.5
702,2023-11-09 18:00,17.3,354.9,1.4,0,,,84.1,,.7
702,2023-11-09 19:00,15.8,69.9,.6,3.4,,,94.3,,.5
702,2023-11-09 20:00,16,359,.7,.5,,,95.9,,.7
702,2023-11-09 21:00,15.5,1.8,2.2,12.3,,,95.9,,.5
702,2023-11-09 22:00,14.7,336.1,4.3,3.6,,,95.9,,.7
702,2023-11-09 23:00,13.6,328.1,4.6,7.5,,,95.9,,.5
702,2023-11-10 00:00,11.8,347.7,5.2,1.9,,,79.3,,.7
702,2023-11-10 01:00,11.6,20,2.6,.7,,,74.6,,0
702,2023-11-10 02:00,11.4,343.2,1.1,.1,,,81.6,,0
702,2023-11-10 03:00,11.8,297.8,1.9,0,,,80.2,,0
702,2023-11-10 04:00,10.6,328.7,3,0,,,69.7,,0
702,2023-11-10 05:00,9.4,331.1,3.5,0,,,72.5,,0
702,2023-11-10 06:00,8,347.5,4.2,0,,,69.3,,0
702,2023-11-10 07:00,6.5,332.7,3.9,0,,,65.5,,0
702,2023-11-10 08:00,5.9,348.8,3.4,0,,,66.2,,.2
702,2023-11-10 09:00,6.2,358.1,4.5,0,,,56.3,,.8
702,2023-11-10 10:00,6.9,355.6,4.6,0,,,49.7,,1.2
702,2023-11-10 11:00,7.7,344.9,5.7,0,,,32.6,,1.8
702,2023-11-10 12:00,8.8,340.7,3.6,0,,,32.6,,2.2
702,2023-11-10 13:00,8.9,336.3,4,0,,,31.2,,2.8
702,2023-11-10 14:00,9.6,344.9,4,0,,,24,,3.2
702,2023-11-10 15:00,9.8,318.3,4.9,0,,,25.5,,3.8
702,2023-11-10 16:00,8.9,320.8,4.9,0,,,24.4,,4.2
702,2023-11-10 17:00,8,337.1,3.2,0,,,25.3,,4.8
702,2023-11-10 18:00,6.7,336.7,4.4,0,,,30.2,,4.3
702,2023-11-10 19:00,5.6,336,3.7,0,,,35.6,,4.8
702,2023-11-10 20:00,5,342.4,2.8,0,,,38.6,,4.3
702,2023-11-10 21:00,4,334.5,1.5,0,,,47.4,,4.8
702,2023-11-10 22:00,,,,0,,,,,4.3
702,2023-11-10 23:00,2.6,12.1,1.4,0,,,56.1,,4.8
702,2023-11-11 00:00,2.8,4.9,1.4,0,,,52.5,,4.3
702,2023-11-11 01:00,2.8,5.8,2.5,0,,,53.6,,0
702,2023-11-11 02:00,2.6,325.6,3.6,0,,,53.6,,0
702,2023-11-11 03:00,2.3,325.1,3.9,0,,,54,,0
702,2023-11-11 04:00,1.7,348.4,2.8,0,,,53.2,,0
702,2023-11-11 05:00,1.1,349.2,3.1,0,,,59.1,,0
702,2023-11-11 06:00,.7,39.3,2.4,0,,,58.6,,0
702,2023-11-11 07:00,.7,325.9,1.5,0,,,55.3,,0
702,2023-11-11 08:00,1.1,305.2,3.9,0,,,59.5,,.9
702,2023-11-11 09:00,2.2,337.6,2.3,0,,,53.2,,1
702,2023-11-11 10:00,3.5,312.5,3.1,0,,,46.5,,1.6
702,2023-11-11 11:00,4,328.6,1.1,0,,,40.9,,1
702,2023-11-11 12:00,4.4,15.9,1.4,0,,,40.8,,1.6
702,2023-11-11 13:00,4.6,301.1,2,0,,,40.5,,1
702,2023-11-11 14:00,5.1,248.3,.9,0,,,34.3,,1.6
702,2023-11-11 15:00,5.8,338.4,2.4,0,,,32.4,,1
702,2023-11-11 16:00,5.9,309.3,2.6,0,,,30.5,,2.7
702,2023-11-11 17:00,5.3,286.9,.5,0,,,34.3,,1.1
702,2023-11-11 18:00,4.2,42.3,1.1,0,,,50,,2.7
702,2023-11-11 19:00,3.8,22.8,1,0,,,54.1,,1.1
702,2023-11-11 20:00,3.3,0,.4,0,,,64.8,,2.7
702,2023-11-11 21:00,4.3,345.1,1.6,0,,,51.3,,1.1
702,2023-11-11 22:00,3.4,3.3,1.7,0,,,57.8,,2.7
702,2023-11-11 23:00,.9,37.4,1.1,0,,,78,,1.1
702,2023-11-12 00:00,.2,79.7,1,0,,,84.9,,2.7
702,2023-11-12 01:00,.1,195.2,.6,0,,,92.2,,0
702,2023-11-12 02:00,-.3,16.9,1.1,0,,,87.1,,0
702,2023-11-12 03:00,1.1,115.1,1.5,0,,,81.5,,0
702,2023-11-12 04:00,1.4,207.4,1.1,0,,,88.7,,0
702,2023-11-12 05:00,1.6,78.1,.9,0,,,87.3,,0
702,2023-11-12 06:00,1.7,49.2,.7,0,,,73,,0
702,2023-11-12 07:00,.4,21.8,.7,0,,,80.7,,0
702,2023-11-12 08:00,2.4,359.2,1.1,0,,,67.6,,.6
702,2023-11-12 09:00,3.7,352.8,1.3,0,,,56.2,,.4
702,2023-11-12 10:00,4.2,2.6,1.5,0,,,48.9,,1.5
702,2023-11-12 11:00,4.7,345.9,1.2,0,,,49.8,,.6
702,2023-11-12 12:00,5.6,27.2,2.2,0,,,47,,2.1
702,2023-11-12 13:00,5.7,5.6,3.5,0,,,47.7,,1.3
702,2023-11-12 14:00,5.6,318.6,3.8,0,,,57.2,,2.5
702,2023-11-12 15:00,5.9,302.3,5,0,,,50.9,,1.3
702,2023-11-12 16:00,5.7,326.6,2.1,0,,,51.3,,2.6
702,2023-11-12 17:00,6,325.8,2.7,0,,,50.5,,1.8
702,2023-11-12 18:00,5.4,313,3.3,0,,,56.2,,2.6
702,2023-11-12 19:00,5,273.4,2.2,0,,,56.5,,1.8
702,2023-11-12 20:00,3.4,276.6,1.3,0,,,66.4,,2.6
702,2023-11-12 21:00,3.2,0,.2,0,,,75.2,,1.8
702,2023-11-12 22:00,1.8,60.6,1,0,,,84.2,,2.6
702,2023-11-12 23:00,2.3,42,1,0,,,80.1,,1.8
702,2023-11-13 00:00,2.3,18.1,1.6,0,,,77.8,,2.6
702,2023-11-13 01:00,2.6,339.8,1.1,0,,,72.9,,0
702,2023-11-13 02:00,1.7,344.8,1.4,0,,,78.3,,0
702,2023-11-13 03:00,.7,14.4,.9,0,,,85.1,,0
702,2023-11-13 04:00,.6,345.9,1.7,0,,,81.2,,0
702,2023-11-13 05:00,-.1,7.1,1.3,0,,,79.1,,0
702,2023-11-13 06:00,-1,55.8,1.1,0,,,84.6,,0
702,2023-11-13 07:00,-2.1,92.4,.7,0,,,93,,0
702,2023-11-13 08:00,-.4,0,.4,0,,,94.6,,.9
702,2023-11-13 09:00,1.9,110.3,1.8,0,,,78.8,,1
702,2023-11-13 10:00,4.1,140.2,1.7,0,,,55.8,,1.9
702,2023-11-13 11:00,6.7,357,1.5,0,,,42.1,,2
702,2023-11-13 12:00,6.6,346.1,2.1,0,,,35.7,,2.9
702,2023-11-13 13:00,7.4,25.7,2.9,0,,,40.4,,2.9
702,2023-11-13 14:00,8.6,154,1.4,0,,,34.1,,3.9
702,2023-11-13 15:00,9.7,75.8,.8,0,,,38.8,,3.9
702,2023-11-13 16:00,9,219.1,2.3,0,,,37.8,,4.9
702,2023-11-13 17:00,7.8,258.9,4.1,0,,,46.9,,4.9
702,2023-11-13 18:00,6.5,283.3,2.8,0,,,49.9,,5
702,2023-11-13 19:00,6,296.9,3.2,0,,,53.6,,4.9
702,2023-11-13 20:00,5.5,329,1.9,0,,,57,,5
702,2023-11-13 21:00,2.6,98.6,1.1,0,,,76.8,,4.9
702,2023-11-13 22:00,1.9,52.5,1,0,,,80.1,,5
702,2023-11-13 23:00,1.3,0,.2,0,,,92.1,,4.9
702,2023-11-14 00:00,.9,32.6,.7,0,,,85.1,,5
702,2023-11-14 01:00,.5,60.3,.8,0,,,88.7,,0
702,2023-11-14 02:00,1.3,43.2,.8,0,,,80.4,,0
702,2023-11-14 03:00,1.7,60.6,.7,0,,,81.4,,0
702,2023-11-14 04:00,2.5,61.9,.5,0,,,78.1,,0
702,2023-11-14 05:00,2.6,56.9,1.7,0,,,80.4,,0
702,2023-11-14 06:00,2.3,0,.3,0,,,86.4,,0
702,2023-11-14 07:00,2.1,207.5,.7,0,,,91.2,,0
702,2023-11-14 08:00,2.8,98.8,.6,0,,,89.9,,.3
702,2023-11-14 09:00,6.6,0,.3,0,,,63.9,,.9
702,2023-11-14 10:00,8.7,134.1,1.5,0,,,55,,1.4
702,2023-11-14 11:00,10.7,73.7,1.3,0,,,49.8,,1.9
702,2023-11-14 12:00,11.5,332.8,1.1,0,,,44.2,,2.3
702,2023-11-14 13:00,11.7,260.5,1.6,0,,,42,,3
702,2023-11-14 14:00,11.5,304.1,2.5,0,,,43.7,,3.3
702,2023-11-14 15:00,11.4,301,3.9,0,,,46.8,,3.9
702,2023-11-14 16:00,11.1,286.4,1.8,0,,,45.5,,3.3
702,2023-11-14 17:00,10.7,269,2.8,0,,,57.5,,4
702,2023-11-14 18:00,10,276.4,2.3,0,,,59.9,,3.3
702,2023-11-14 19:00,9.7,283.5,2.1,0,,,63.4,,4
702,2023-11-14 20:00,9.3,267.1,2,0,,,66.9,,3.3
702,2023-11-14 21:00,7.9,339,.9,0,,,69,,4
702,2023-11-14 22:00,6.7,84.9,.6,0,,,88.4,,3.3
702,2023-11-14 23:00,5.3,0,.2,0,,,91.7,,4
702,2023-11-15 00:00,4.7,0,.1,0,,,94.4,,3.3
702,2023-11-15 01:00,3.8,0,.2,0,,,95.5,,0
702,2023-11-15 02:00,4.7,0,.4,0,,,95.9,,0
702,2023-11-15 03:00,5.4,0,0,0,,,95.4,,0
702,2023-11-15 04:00,6,94.1,.8,0,,,93.1,,0
702,2023-11-15 05:00,5.5,0,0,0,,,92.5,,0
702,2023-11-15 06:00,5.5,0,.1,0,,,91.6,,0
702,2023-11-15 07:00,5.7,32.4,.7,0,,,89.7,,0
702,2023-11-15 08:00,6,4.4,.6,0,,,88,,.5
702,2023-11-15 09:00,8.1,219.1,.9,0,,,77.2,,.5
702,2023-11-15 10:00,9.3,186.4,1.1,0,,,71.6,,1.2
702,2023-11-15 11:00,11.2,136.7,1.2,0,,,57.8,,1.5
702,2023-11-15 12:00,12.9,304.6,1.7,0,,,36.2,,2.2
702,2023-11-15 13:00,13.1,315.6,2.9,0,,,35.2,,2.5
702,2023-11-15 14:00,13.6,328.1,1.7,0,,,36.9,,3.2
702,2023-11-15 15:00,13.2,276.3,3.4,0,,,38.8,,3.5
702,2023-11-15 16:00,13.3,292.4,2,0,,,37.9,,4.2
702,2023-11-15 17:00,11.9,24.7,.8,0,,,42.9,,4.1
702,2023-11-15 18:00,10.9,292.8,1.8,0,,,53.3,,4.2
702,2023-11-15 19:00,10.4,276.9,2.2,0,,,55.3,,4.1
702,2023-11-15 20:00,9.9,318.8,2.5,0,,,56.9,,4.2
702,2023-11-15 21:00,5.7,93.4,1.1,0,,,86.2,,4.1
702,2023-11-15 22:00,6,35.4,.8,0,,,77.5,,4.2
702,2023-11-15 23:00,4.6,0,.3,0,,,87.8,,4.1
702,2023-11-16 00:00,3.3,0,.3,0,,,94.1,,4.2
702,2023-11-16 01:00,3.5,45.9,1.1,0,,,91.4,,0
702,2023-11-16 02:00,3.7,106.2,1.9,0,,,93.3,,0
702,2023-11-16 03:00,4.3,54.5,1.2,0,,,93.1,,0
702,2023-11-16 04:00,4.2,0,.2,0,,,90.3,,0
702,2023-11-16 05:00,4.2,0,.3,0,,,92.6,,0
702,2023-11-16 06:00,4.7,72.1,1.8,0,,,86.5,,0
702,2023-11-16 07:00,5.5,30.9,.5,0,,,78,,0
702,2023-11-16 08:00,6.5,31.5,1.6,0,,,76.2,,0
702,2023-11-16 09:00,7.7,76.9,1.8,0,,,67.8,,0
702,2023-11-16 10:00,8.7,68.8,1.6,0,,,66.9,,0
702,2023-11-16 11:00,8.7,135.3,.9,.2,,,73.8,,0
702,2023-11-16 12:00,8.8,71.6,.5,1,,,81.4,,0
702,2023-11-16 13:00,8.4,153.6,.9,2.1,,,87.3,,0
702,2023-11-16 14:00,8.3,200.6,1.1,4.1,,,95.9,,0
702,2023-11-16 15:00,8.4,194.6,2.4,3.5,,,95.9,,0
702,2023-11-16 16:00,8.1,281.2,4.9,3.1,,,89.3,,0
702,2023-11-16 17:00,7.9,0,.3,.5,,,86.7,,0
702,2023-11-16 18:00,6.9,61.9,1.1,0,,,94.1,,0
702,2023-11-16 19:00,7,186,2.4,.2,,,94.8,,0
702,2023-11-16 20:00,7.2,348.3,3.2,.6,,,95.8,,0
702,2023-11-16 21:00,6.4,153.3,.8,.8,,,95.8,,0
702,2023-11-16 22:00,5.1,68.4,.6,0,,,95.9,,0
702,2023-11-16 23:00,6.3,83.6,.5,1.4,,,95.9,,0
702,2023-11-17 00:00,6.4,278.7,1.8,1.1,,,95.9,,0
702,2023-11-17 01:00,,,,.7,,,,,0
702,2023-11-17 02:00,6.3,265.5,1.7,1,,,95.9,,0
702,2023-11-17 03:00,6.4,215.8,1.8,.7,,,92.3,,0
702,2023-11-17 04:00,6.4,353.3,2.4,0,,,74.9,,0
702,2023-11-17 05:00,5.6,324,2.3,0,,,69.3,,0
702,2023-11-17 06:00,5,341.1,2.7,0,,,56.3,,0
702,2023-11-17 07:00,3,169.8,.7,0,,,76.1,,0
702,2023-11-17 08:00,3.2,71.5,.5,0,,,91.8,,.8
702,2023-11-17 09:00,5.8,103.1,1.9,0,,,62.1,,1
702,2023-11-17 10:00,7,133,2.5,0,,,35.8,,1.8
702,2023-11-17 11:00,5.7,247.3,4,0,,,46.6,,1.2
702,2023-11-17 12:00,3.4,309.6,3.7,0,,,83.3,,1.8
702,2023-11-17 13:00,3,109.3,2.6,1.7,,,92.5,,1.3
702,2023-11-17 14:00,4,196.7,2.3,.5,,,87.2,,1.9
702,2023-11-17 15:00,2.7,257.5,2.7,3.6,,,91.8,,1.3
702,2023-11-17 16:00,4.1,205.3,2.4,.1,,,86.4,,2.3
702,2023-11-17 17:00,4.1,279.3,3.1,0,,,72.5,,1.3
702,2023-11-17 18:00,3.2,303.3,3,0,,,74.2,,2.3
702,2023-11-17 19:00,2.4,300.5,3.3,0,,,81.2,,1.3
702,2023-11-17 20:00,2.5,312.4,2.2,0,,,75,,2.3
702,2023-11-17 21:00,2.1,348.5,1.3,0,,,81.4,,1.3
702,2023-11-17 22:00,1.4,317.4,2.5,.3,,,88.6,,2.3
702,2023-11-17 23:00,.5,310.9,2.6,.6,,,95.2,,1.3
702,2023-11-18 00:00,.5,262.3,1.7,.6,,,95.9,,2.3
702,2023-11-18 01:00,.1,296.9,1.9,.9,,,95.9,,0
702,2023-11-18 02:00,.2,319.5,2.5,.3,,,95.8,,0
702,2023-11-18 03:00,-.8,328,3.5,.4,,,93.1,,0
702,2023-11-18 04:00,-.6,306.1,3.4,0,,,74.9,,0
702,2023-11-18 05:00,-.8,307.7,2.9,0,,,66.3,,0
702,2023-11-18 06:00,-1,278.1,1.6,0,,,65,,0
702,2023-11-18 07:00,-1.2,305.4,.7,0,,,72,,0
702,2023-11-18 08:00,-1.5,97,.6,0,,,82.5,,.7
702,2023-11-18 09:00,.7,119.2,.6,0,,,73.3,,.7
702,2023-11-18 10:00,1.7,101.3,1.5,0,,,69.5,,1.6
702,2023-11-18 11:00,2.8,164.5,1.3,,,,54.3,,1.7
702,2023-11-18 12:00,4.7,183,1.8,,,,65.6,,2.5
702,2023-11-18 13:00,6.9,300.9,4.1,,,,53.2,,2.6
702,2023-11-18 14:00,8.1,282.1,4.8,,,,54.4,,3.5
702,2023-11-18 15:00,8.1,302.6,4.5,,,,51,,3.5
702,2023-11-18 16:00,8.1,275,4.7,,,,54.2,,4
702,2023-11-18 17:00,7.3,280,4.4,,,,55.2,,3.5
702,2023-11-18 18:00,7,292,3.9,,,,56.5,,4
702,2023-11-18 19:00,6.9,291.3,1.9,,,,56,,3.5
702,2023-11-18 20:00,6.6,279.1,1.6,,,,56.3,,4
702,2023-11-18 21:00,6.1,216.4,1.2,,,,60.5,,3.5
702,2023-11-18 22:00,4.9,260.6,2,,,,66.1,,4
702,2023-11-18 23:00,2.5,25.4,.6,,,,81.8,,3.5
702,2023-11-19 00:00,1.6,39.2,1,,,,87,,4
702,2023-11-19 01:00,1.5,27,1.1,0,,,92.8,,0
702,2023-11-19 02:00,1.4,153.8,.6,0,,,90.7,,0
702,2023-11-19 03:00,1.2,25.5,.6,0,,,90.6,,0
702,2023-11-19 04:00,1.7,53.7,1.4,0,,,90.4,,0
702,2023-11-19 05:00,1.9,89.1,.8,0,,,87.9,,0
702,2023-11-19 06:00,1.8,34.5,.8,0,,,86.1,,0
702,2023-11-19 07:00,1.4,199.1,.5,0,,,91.4,,0
702,2023-11-19 08:00,1.7,78.3,1,0,,,94.1,,.5
702,2023-11-19 09:00,5.1,76.1,1.6,0,,,78.4,,1
702,2023-11-19 10:00,7.2,103.7,2,0,,,71.8,,1
702,2023-11-19 11:00,10.7,165.6,2.8,0,,,60.8,,1.8
702,2023-11-19 12:00,12.1,199.6,3.8,0,,,60.2,,1.8
702,2023-11-19 13:00,13.4,220.3,4.7,0,,,60,,2.3
702,2023-11-19 14:00,13.5,225,5.8,0,,,59.3,,2
702,2023-11-19 15:00,13.3,222.6,4.8,0,,,64.3,,2.3
702,2023-11-19 16:00,13.7,227.1,5.1,0,,,61.2,,2.2
702,2023-11-19 17:00,12.9,225.8,4.4,0,,,67.2,,2.3
702,2023-11-19 18:00,11.9,219.6,2.7,0,,,74.9,,2.2
702,2023-11-19 19:00,11.5,254.2,2.9,0,,,74.4,,2.3
702,2023-11-19 20:00,11,264.6,2.2,0,,,64.4,,2.2
702,2023-11-19 21:00,10.7,272.9,2,0,,,62.9,,2.3
702,2023-11-19 22:00,9.8,266,2.4,0,,,71.1,,2.2
702,2023-11-19 23:00,9.4,296.7,1.6,0,,,66.7,,2.3
702,2023-11-20 00:00,8.4,328.3,2.5,0,,,71.2,,2.2
702,2023-11-20 01:00,7.4,349.5,2.9,0,,,59.8,,0
702,2023-11-20 02:00,7,328,2.9,0,,,58.1,,0
702,2023-11-20 03:00,3.1,112.7,.7,0,,,84,,0
702,2023-11-20 04:00,2.1,0,.1,0,,,92.5,,0
702,2023-11-20 05:00,2.4,9.7,1.2,0,,,92.8,,0
702,2023-11-20 06:00,.6,79,.6,0,,,94.1,,0
702,2023-11-20 07:00,.3,0,.3,0,,,95.2,,0
702,2023-11-20 08:00,1.1,0,.3,0,,,95,,.7
702,2023-11-20 09:00,4.5,63.8,1,0,,,79.7,,1
702,2023-11-20 10:00,7.9,102.2,.6,0,,,58.3,,1.7
702,2023-11-20 11:00,9.8,135.1,.7,0,,,42.6,,2
702,2023-11-20 12:00,10.4,13.2,2.1,0,,,33.5,,2.7
702,2023-11-20 13:00,11.1,329.8,2.4,0,,,35.1,,3
702,2023-11-20 14:00,11.9,2.8,2.2,0,,,38.2,,3.7
702,2023-11-20 15:00,12.2,328.6,2.3,0,,,31.2,,4
702,2023-11-20 16:00,12.6,310.4,2.6,0,,,34.8,,4.7
702,2023-11-20 17:00,11.8,286.7,1.9,0,,,36.8,,5
702,2023-11-20 18:00,8.6,249.4,1.8,0,,,59.5,,4.7
702,2023-11-20 19:00,7.6,279.5,1.4,0,,,62.2,,5
702,2023-11-20 20:00,4.8,87.5,1.6,0,,,86.6,,4.7
702,2023-11-20 21:00,4,0,.4,0,,,92.8,,5
702,2023-11-20 22:00,3.9,0,0,0,,,90.5,,4.7
702,2023-11-20 23:00,2.3,33.7,1.1,0,,,90.5,,5
702,2023-11-21 00:00,2.1,0,.1,0,,,92.3,,4.7
702,2023-11-21 01:00,2,18,1,0,,,90.6,,0
702,2023-11-21 02:00,1.4,345.4,.6,0,,,90.4,,0
702,2023-11-21 03:00,.4,0,.3,0,,,94.1,,0
702,2023-11-21 04:00,.2,0,0,0,,,95.3,,0
702,2023-11-21 05:00,-.1,0,0,0,,,95.8,,0
702,2023-11-21 06:00,-.4,328.9,1,0,,,95.4,,0
702,2023-11-21 07:00,-.8,86.3,.6,0,,,95.7,,0
702,2023-11-21 08:00,.2,0,0,0,,,95.9,,.7
702,2023-11-21 09:00,4.2,0,0,0,,,86.1,,1
702,2023-11-21 10:00,6.5,167.7,1,0,,,69.2,,1.7
702,2023-11-21 11:00,9.2,189,.6,0,,,55.9,,2
702,2023-11-21 12:00,12.7,198.6,1.1,0,,,40.9,,2.7
702,2023-11-21 13:00,13.1,195.8,2.1,0,,,36.8,,3
702,2023-11-21 14:00,14.1,251.3,2.3,0,,,41.5,,3.7
702,2023-11-21 15:00,15.4,259,1.1,0,,,29.8,,4
702,2023-11-21 16:00,14,246.3,2.7,0,,,27.6,,4.7
702,2023-11-21 17:00,12,239.9,1.8,0,,,54.5,,5
702,2023-11-21 18:00,9.5,261.2,.6,0,,,56.7,,4.7
702,2023-11-21 19:00,7.4,0,.2,0,,,70.3,,5
702,2023-11-21 20:00,6,0,.3,0,,,89,,4.7
702,2023-11-21 21:00,5,36.4,.7,0,,,83.7,,5
702,2023-11-21 22:00,4,0,.2,0,,,94,,4.7
702,2023-11-21 23:00,3.5,0,0,0,,,94.2,,5
702,2023-11-22 00:00,2.6,0,0,0,,,95.1,,4.7
702,2023-11-22 01:00,2.3,26.3,.6,0,,,95.1,,0
702,2023-11-22 02:00,2.7,10.5,.6,0,,,93.7,,0
702,2023-11-22 03:00,2.1,0,0,0,,,94.3,,0
702,2023-11-22 04:00,1.4,47.7,.7,0,,,94.8,,0
702,2023-11-22 05:00,.9,0,0,0,,,95.3,,0
702,2023-11-22 06:00,.6,0,.4,0,,,95.7,,0
702,2023-11-22 07:00,.2,0,0,0,,,95.8,,0
702,2023-11-22 08:00,2.5,0,.3,0,,,94.2,,.6
702,2023-11-22 09:00,5.6,334.2,1.4,0,,,74.6,,1
702,2023-11-22 10:00,8.3,119.2,1.7,0,,,68.3,,1.6
702,2023-11-22 11:00,10.5,188.8,.6,0,,,62.6,,2
702,2023-11-22 12:00,12.8,0,.4,0,,,53.8,,2.3
702,2023-11-22 13:00,15.5,222.2,1,0,,,50,,3
702,2023-11-22 14:00,15.6,210.1,.9,0,,,54,,3.3
702,2023-11-22 15:00,15.8,96.4,1.6,0,,,55.6,,4
702,2023-11-22 16:00,16.2,84,.9,0,,,53.9,,4.3
702,2023-11-22 17:00,14.9,101.2,.7,0,,,65.1,,4.8
702,2023-11-22 18:00,11.7,0,.1,0,,,77.6,,4.3
702,2023-11-22 19:00,10.1,0,.2,0,,,91.6,,4.8
702,2023-11-22 20:00,10.6,307.4,.5,0,,,87.9,,4.3
702,2023-11-22 21:00,11.2,63,.8,0,,,77.4,,4.8
702,2023-11-22 22:00,11,105,2.8,0,,,79.8,,4.3
702,2023-11-22 23:00,11,118.5,1.4,0,,,80.1,,4.8
702,2023-11-23 00:00,10.9,131.9,.9,0,,,81.2,,4.3
702,2023-11-23 01:00,12.1,108.4,1,0,,,75.1,,0
702,2023-11-23 02:00,,,,0,,,,,0
702,2023-11-23 03:00,13,42.7,.6,0,,,75.8,,0
702,2023-11-23 04:00,12.5,224.4,1.5,0,,,83.4,,0
702,2023-11-23 05:00,13.4,204.7,2.5,0,,,90.4,,0
702,2023-11-23 06:00,13.2,240.7,2.8,0,,,93,,0
702,2023-11-23 07:00,11.9,0,0,0,,,95.8,,0
702,2023-11-23 08:00,12.5,263.2,1.4,0,,,95.9,,0
702,2023-11-23 09:00,12.9,232.8,1.8,0,,,95.9,,0
702,2023-11-23 10:00,13.8,193.1,2.2,0,,,77.7,,1
702,2023-11-23 11:00,15.1,193.9,2.9,0,,,62.4,,1
702,2023-11-23 12:00,16.6,217.1,3.3,0,,,42.5,,2
702,2023-11-23 13:00,16.3,250.8,4,0,,,46.4,,2
702,2023-11-23 14:00,15.5,261.5,4.8,0,,,45.6,,3
702,2023-11-23 15:00,14.6,256,5.7,0,,,46.1,,3
702,2023-11-23 16:00,13.8,261.5,5.5,0,,,54.7,,3.8
702,2023-11-23 17:00,12.7,241.4,3.1,0,,,65.7,,3
702,2023-11-23 18:00,11.9,215.3,2.5,0,,,73.2,,3.8
702,2023-11-23 19:00,11.9,277.6,6.3,0,,,63.5,,3
702,2023-11-23 20:00,10.1,305.1,5.7,0,,,61.7,,3.8
702,2023-11-23 21:00,8.9,294.5,4.3,0,,,62.5,,3
702,2023-11-23 22:00,7.6,289,3.6,0,,,68.6,,3.8
702,2023-11-23 23:00,7.7,297.7,3.1,0,,,65.4,,3
702,2023-11-24 00:00,7.4,307.8,5.4,0,,,53.3,,3.8
702,2023-11-24 01:00,6,330.8,3.3,0,,,53.1,,0
702,2023-11-24 02:00,5.3,321.6,4.1,0,,,48.6,,0
702,2023-11-24 03:00,4.7,321.8,4.1,0,,,51.7,,0
702,2023-11-24 04:00,4.3,289.3,4.4,0,,,44.7,,0
702,2023-11-24 05:00,3.8,303,4.2,0,,,46.1,,0
702,2023-11-24 06:00,3.3,323.7,4.1,0,,,44,,0
702,2023-11-24 07:00,2.8,332.4,3.5,0,,,43.6,,0
702,2023-11-24 08:00,2.6,340.4,3.3,0,,,39.1,,.6
702,2023-11-24 09:00,3,337.6,4,0,,,40,,1
702,2023-11-24 10:00,3.2,336.2,3.6,0,,,43.9,,.9
702,2023-11-24 11:00,4.4,293.5,4.7,0,,,45.5,,1.6
702,2023-11-24 12:00,4.5,293,5.2,0,,,47.4,,1.7
702,2023-11-24 13:00,4.7,291.7,4.5,0,,,43.2,,2
702,2023-11-24 14:00,4.5,309.7,5.2,0,,,43.7,,2.5
702,2023-11-24 15:00,4.3,305.2,5,0,,,40.4,,2.5
702,2023-11-24 16:00,4.3,314,4.8,0,,,37.5,,3.5
702,2023-11-24 17:00,3.1,327.6,4.6,0,,,40.1,,3.1
702,2023-11-24 18:00,2.2,325.2,3.4,0,,,43.2,,3.5
702,2023-11-24 19:00,1.7,300.2,3.5,0,,,49,,3.1
702,2023-11-24 20:00,1.2,327.5,2.8,0,,,44.6,,3.5
702,2023-11-24 21:00,.7,302.1,2.3,0,,,49.2,,3.1
702,2023-11-24 22:00,.4,315.8,2.4,0,,,51,,3.5
702,2023-11-24 23:00,-.1,303.2,1.5,0,,,54.6,,3.1
702,2023-11-25 00:00,-.9,4.9,1.9,0,,,57.3,,3.5
702,2023-11-25 01:00,-1.2,359.4,2.9,0,,,59.2,,0
702,2023-11-25 02:00,-1.2,355.7,2.2,0,,,56.6,,0
702,2023-11-25 03:00,-1.8,336.3,1.1,0,,,59.8,,0
702,2023-11-25 04:00,-2.7,68.1,1.9,0,,,65.7,,0
702,2023-11-25 05:00,-2.8,21.8,1.6,0,,,59.6,,0
702,2023-11-25 06:00,-2.9,16.5,1.4,0,,,59.5,,0
702,2023-11-25 07:00,-3.3,359.2,1.2,0,,,59.5,,0
702,2023-11-25 08:00,-2.4,347.4,2,0,,,55.3,,.7
702,2023-11-25 09:00,-1.5,350,2.3,0,,,47.4,,1
702,2023-11-25 10:00,-.8,349.8,3.4,0,,,41.7,,1.7
702,2023-11-25 11:00,.5,318.3,2.9,0,,,30.5,,2
702,2023-11-25 12:00,1.7,316.5,3.8,0,,,30,,2.7
702,2023-11-25 13:00,2.5,311.6,4.4,0,,,20.5,,3
702,2023-11-25 14:00,3.7,342.9,3.1,0,,,19.3,,3.7
702,2023-11-25 15:00,3.9,290.3,3.4,0,,,18.1,,4
702,2023-11-25 16:00,5,311,1.8,0,,,19.8,,4.7
702,2023-11-25 17:00,3.8,332.6,2.2,0,,,18.9,,5
702,2023-11-25 18:00,2.5,286.6,2,0,,,34.2,,4.7
702,2023-11-25 19:00,.4,272.3,1.3,0,,,51,,5
702,2023-11-25 20:00,-1.2,93.3,1.4,0,,,66.4,,4.7
702,2023-11-25 21:00,-1.2,18.7,.6,0,,,65.8,,5
702,2023-11-25 22:00,-1.6,78.1,1.1,0,,,68.4,,4.7
702,2023-11-25 23:00,-1.4,0,.2,0,,,57.7,,5
702,2023-11-26 00:00,-1.7,71.3,.5,0,,,74,,4.7
702,2023-11-26 01:00,-2.4,0,.1,0,,,77.4,,0
702,2023-11-26 02:00,-.8,4.6,1.8,0,,,46.5,,0
702,2023-11-26 03:00,-1.9,109.3,1,0,,,71.9,,0
702,2023-11-26 04:00,-.9,353.9,.9,0,,,61.4,,0
702,2023-11-26 05:00,-1.6,0,.4,0,,,74.6,,0
702,2023-11-26 06:00,-1.3,111.3,1.2,0,,,63.5,,0
702,2023-11-26 07:00,-.8,0,0,0,,,60.9,,0
702,2023-11-26 08:00,-.6,94.4,.9,0,,,68.1,,0
702,2023-11-26 09:00,1.7,121.9,.6,0,,,45.3,,1
702,2023-11-26 10:00,3.2,173.4,.6,0,,,39.1,,1
702,2023-11-26 11:00,5.6,274.4,1,0,,,29.1,,1.9
702,2023-11-26 12:00,6.2,265.6,.7,0,,,28.4,,1
702,2023-11-26 13:00,7,0,.3,0,,,31,,2
702,2023-11-26 14:00,7,180.6,1.2,0,,,36,,1
702,2023-11-26 15:00,7.6,0,.4,0,,,37.9,,2
702,2023-11-26 16:00,7.8,0,.2,0,,,39.9,,1
702,2023-11-26 17:00,7,356.6,.6,.1,,,53.5,,2
702,2023-11-26 18:00,5.8,135,.9,.4,,,73.7,,1
702,2023-11-26 19:00,5.7,21.1,.7,0,,,78.6,,2
702,2023-11-26 20:00,6,53.3,1.3,0,,,71.3,,1
702,2023-11-26 21:00,5.5,0,.1,.1,,,82.9,,2
702,2023-11-26 22:00,5.4,0,.4,.4,,,86.9,,1
702,2023-11-26 23:00,5.9,17.7,.9,.1,,,89.3,,2
702,2023-11-27 00:00,6.3,28,1.1,.1,,,83.4,,1
702,2023-11-27 01:00,5.7,98,1.1,.3,,,94.5,,0
702,2023-11-27 02:00,5.7,86.7,1.3,0,,,87.1,,0
702,2023-11-27 03:00,5.8,308.9,.9,0,,,84.8,,0
702,2023-11-27 04:00,5.7,63.6,.5,0,,,86.4,,0
702,2023-11-27 05:00,5.5,0,0,0,,,88.8,,0
702,2023-11-27 06:00,5.5,112.1,1.3,.2,,,95.9,,0
702,2023-11-27 07:00,5.7,48,.7,.2,,,89.4,,0
702,2023-11-27 08:00,6.2,0,.4,.1,,,78,,0
702,2023-11-27 09:00,6.9,0,.4,0,,,80.8,,0
702,2023-11-27 10:00,7.3,118.9,1.7,0,,,83.2,,0
702,2023-11-27 11:00,8,103.3,2.3,.3,,,90,,0
702,2023-11-27 12:00,8.7,114.1,1,.1,,,89.7,,0
702,2023-11-27 13:00,11,217.8,2.4,0,,,84.2,,0
702,2023-11-27 14:00,12.9,262.1,2.8,0,,,73.3,,.3
702,2023-11-27 15:00,11.9,265.7,4.6,0,,,68.9,,.2
702,2023-11-27 16:00,11.5,256.8,3.1,0,,,72.5,,.5
702,2023-11-27 17:00,11,255.9,2.7,0,,,71.3,,.2
702,2023-11-27 18:00,9.5,256.8,1.5,0,,,77,,.5
702,2023-11-27 19:00,8.1,259.9,1.3,0,,,80.4,,.2
702,2023-11-27 20:00,6.9,240.7,1.5,0,,,86.8,,.5
702,2023-11-27 21:00,6.9,235,1.3,0,,,95,,.2
702,2023-11-27 22:00,5.8,230.6,2.3,0,,,88.2,,.5
702,2023-11-27 23:00,7.4,306.4,1,.3,,,79.4,,.2
702,2023-11-28 00:00,7.1,278.3,2,0,,,76.4,,.5
702,2023-11-28 01:00,6.1,266.9,.9,0,,,81.5,,0
702,2023-11-28 02:00,6.7,267.4,1.9,0,,,68.2,,0
702,2023-11-28 03:00,6.5,260.6,2.3,0,,,64.7,,0
702,2023-11-28 04:00,6.9,285.9,3.5,0,,,62.3,,0
702,2023-11-28 05:00,6.3,269.9,2.8,0,,,57,,0
702,2023-11-28 06:00,5.9,307,1.9,0,,,60.1,,0
702,2023-11-28 07:00,4.9,337.4,3.5,0,,,60.6,,0
702,2023-11-28 08:00,4.1,314.9,3,0,,,58.3,,.3
702,2023-11-28 09:00,4.9,330,2.7,0,,,48.6,,1
702,2023-11-28 10:00,5.7,315.5,2.2,0,,,43.4,,1.3
702,2023-11-28 11:00,6.1,318.1,3.3,0,,,45,,2
702,2023-11-28 12:00,6.9,265.7,4.1,0,,,39.1,,1.9
702,2023-11-28 13:00,6.8,270.4,4.2,0,,,37.3,,3
702,2023-11-28 14:00,7.2,280.8,4.9,0,,,37.1,,2.8
702,2023-11-28 15:00,7,249.7,4.9,0,,,45.4,,3.8
702,2023-11-28 16:00,5.7,289.8,3,0,,,50.1,,2.8
702,2023-11-28 17:00,4.8,304,1.1,0,,,58.4,,3.8
702,2023-11-28 18:00,4.4,321.8,1.2,0,,,61.1,,2.8
702,2023-11-28 19:00,2.2,98.4,.6,0,,,79.9,,3.8
702,2023-11-28 20:00,1.7,17.2,1.9,0,,,82.3,,2.8
702,2023-11-28 21:00,2.8,354.8,2.1,0,,,72.1,,3.8
702,2023-11-28 22:00,.6,42,.6,0,,,88.9,,2.8
702,2023-11-28 23:00,1.1,0,.3,0,,,88.1,,3.8
702,2023-11-29 00:00,1.3,45.8,1.1,0,,,87.3,,2.8
702,2023-11-29 01:00,2.2,77.5,.6,0,,,79,,0
702,2023-11-29 02:00,2.3,66.2,1,0,,,80.9,,0
702,2023-11-29 03:00,2.5,0,.2,0,,,81.9,,0
702,2023-11-29 04:00,3.1,1.9,2.5,0,,,70.9,,0
702,2023-11-29 05:00,3,348.6,1.4,0,,,70.1,,0
702,2023-11-29 06:00,1.7,353.1,2,0,,,79.4,,0
702,2023-11-29 07:00,1.3,340.3,1.7,0,,,83.4,,0
702,2023-11-29 08:00,1.3,347.3,2.7,0,,,79.7,,0
702,2023-11-29 09:00,2.2,330.7,1,0,,,72.6,,0
702,2023-11-29 10:00,4.1,68.2,1.8,0,,,67.1,,.8
702,2023-11-29 11:00,6,95.4,.8,0,,,56.2,,.7
702,2023-11-29 12:00,6,180.7,2,0,,,58.3,,.8
702,2023-11-29 13:00,6.6,171.6,2.3,0,,,55.6,,.9
702,2023-11-29 14:00,7.4,198.5,3.8,0,,,54.9,,1.2
702,2023-11-29 15:00,7.2,227.7,3.8,0,,,58.4,,.9
702,2023-11-29 16:00,6.5,272.7,2.5,0,,,63.3,,1.2
702,2023-11-29 17:00,6.9,217.4,2.7,0,,,66.2,,.9
702,2023-11-29 18:00,6.9,240.8,2.5,0,,,60.4,,1.2
702,2023-11-29 19:00,7,281.9,4,0,,,62.8,,.9
702,2023-11-29 20:00,5,293.6,5.7,0,,,60.4,,1.2
702,2023-11-29 21:00,3.8,329.7,3.2,0,,,57.8,,.9
702,2023-11-29 22:00,3.2,344.6,2.8,0,,,56.5,,1.2
702,2023-11-29 23:00,2.8,345.9,2.1,0,,,57.1,,.9
702,2023-11-30 00:00,2.1,357.9,3.3,0,,,61.5,,1.2
702,2023-11-30 01:00,1.3,355.8,4.8,0,,,66,,0
702,2023-11-30 02:00,.9,357.7,4.3,0,,,57.8,,0
702,2023-11-30 03:00,.2,1.5,3.5,0,,,57.7,,0
702,2023-11-30 04:00,-.7,.1,4.2,0,,,60,,0
702,2023-11-30 05:00,-1.3,357,4.3,0,,,53.7,,0
702,2023-11-30 06:00,-2.2,351.2,4.3,0,,,43.4,,0
702,2023-11-30 07:00,-2.7,338.9,3.4,0,,,45.4,,0
702,2023-11-30 08:00,-2.7,354.4,3.8,0,,,45.9,,.6
702,2023-11-30 09:00,-2.3,17.9,3.4,0,,,47.8,,1
702,2023-11-30 10:00,-1.4,17.1,3.3,0,,,43.3,,1.6
702,2023-11-30 11:00,-.8,357.9,3.3,0,,,41.2,,2
702,2023-11-30 12:00,.4,352.8,2.9,0,,,40.3,,2.6
702,2023-11-30 13:00,1.3,308.2,2.2,0,,,35.9,,3
702,2023-11-30 14:00,1.8,8,3.8,0,,,37.5,,3.3
702,2023-11-30 15:00,2.6,359.8,3,0,,,38.6,,3.5
702,2023-11-30 16:00,2.2,278.3,3.7,0,,,41.5,,4
702,2023-11-30 17:00,1.7,312.2,3.6,0,,,43.6,,3.5
702,2023-11-30 18:00,.8,340.6,2.8,0,,,45.5,,4
702,2023-11-30 19:00,.4,358.7,2.2,0,,,50.5,,3.5
702,2023-11-30 20:00,0,39,2.7,0,,,51.7,,4
702,2023-11-30 21:00,-.9,102.5,.6,0,,,60.7,,3.5
702,2023-11-30 22:00,-.4,55.2,1,0,,,58.5,,4
702,2023-11-30 23:00,0,0,.2,0,,,57.7,,3.5
702,2023-12-01 00:00,0,85.3,.9,0,,,62.4,,4
702,2023-12-01 01:00,-.5,77.3,1.4,0,,,64.6,,0
702,2023-12-01 02:00,-.1,37.1,1.2,0,,,63,,0
702,2023-12-01 03:00,-.3,352.3,2,0,,,64,,0
702,2023-12-01 04:00,-.7,.1,2.4,0,,,68.1,,0
702,2023-12-01 05:00,-1.3,33.9,2.6,0,,,67.2,,0
702,2023-12-01 06:00,-1.2,356,1.6,0,,,60.4,,0
702,2023-12-01 07:00,-1.9,59.6,.9,0,,,65.3,,0
702,2023-12-01 08:00,-1.6,338.3,1.9,0,,,67.6,,.2
702,2023-12-01 09:00,-1.3,328.6,1.8,0,,,64.3,,.3
702,2023-12-01 10:00,0,3.4,1.7,0,,,51.4,,.2
702,2023-12-01 11:00,.5,346.2,2.7,0,,,46.3,,.3
702,2023-12-01 12:00,2.1,309.9,2.5,0,,,44.1,,1.1
702,2023-12-01 13:00,2.5,340.3,3.1,0,,,44.2,,.8
702,2023-12-01 14:00,3.1,316.4,4.2,0,,,44.1,,1.4
702,2023-12-01 15:00,3,297.3,4.5,0,,,44.1,,1.1
702,2023-12-01 16:00,3.3,273.4,4.8,0,,,42.7,,2.3
702,2023-12-01 17:00,2.3,308,4.2,0,,,42.9,,1.8
702,2023-12-01 18:00,1.5,345.5,2.8,0,,,44.3,,2.3
702,2023-12-01 19:00,.9,8.1,1.2,0,,,51.6,,1.8
702,2023-12-01 20:00,.2,71.8,1.5,0,,,52.9,,2.3
702,2023-12-01 21:00,-1.1,0,.3,0,,,71.2,,1.8
702,2023-12-01 22:00,-1.9,60.5,.6,0,,,74.6,,2.3
702,2023-12-01 23:00,-.9,0,.3,0,,,64.7,,1.8
702,2023-12-02 00:00,-1.5,0,.4,0,,,80.3,,2.3
702,2023-12-02 01:00,-1.2,0,.1,0,,,75.4,,0
702,2023-12-02 02:00,-.6,25.6,1,0,,,69.3,,0
702,2023-12-02 03:00,-.4,66.2,1.6,0,,,69.3,,0
702,2023-12-02 04:00,-.3,89.6,.8,0,,,70.6,,0
702,2023-12-02 05:00,-.6,0,.3,0,,,73.2,,0
702,2023-12-02 06:00,-.6,48.7,1.3,0,,,77,,0
702,2023-12-02 07:00,.2,29,1.1,0,,,69,,0
702,2023-12-02 08:00,-.4,350.3,1.7,0,,,71.5,,0
702,2023-12-02 09:00,.9,61.2,.8,0,,,69.3,,.1
702,2023-12-02 10:00,1.8,0,.4,0,,,71.9,,-.1
702,2023-12-02 11:00,3.6,107.6,1.3,0,,,62,,.2
702,2023-12-02 12:00,5.5,170,1.4,0,,,58.8,,-.2
702,2023-12-02 13:00,6.4,206.2,3.2,0,,,55.4,,.3
702,2023-12-02 14:00,7,207.1,2.9,0,,,56.2,,-.3
702,2023-12-02 15:00,7.4,186.2,2.6,0,,,54.6,,.6
702,2023-12-02 16:00,7.3,170.9,2.6,0,,,56.3,,-.3
702,2023-12-02 17:00,6.6,188.6,2.7,0,,,62,,.6
702,2023-12-02 18:00,6.2,182.1,2.4,0,,,65.5,,-.3
702,2023-12-02 19:00,6,174.7,1.7,0,,,65.6,,.6
702,2023-12-02 20:00,6.2,222,2.4,0,,,65.7,,-.3
702,2023-12-02 21:00,5.6,237.4,.6,0,,,68.7,,.6
702,2023-12-02 22:00,4.6,0,.1,0,,,76.4,,-.3
702,2023-12-02 23:00,3.8,299.6,1,0,,,80.5,,.6
702,2023-12-03 00:00,1,117.3,.7,0,,,86.8,,-.3
702,2023-12-03 01:00,.2,0,.1,0,,,94.4,,0
702,2023-12-03 02:00,-.2,79.3,.9,0,,,93,,0
702,2023-12-03 03:00,2.6,.3,1.7,0,,,81.2,,0
702,2023-12-03 04:00,3.8,347.1,3.1,0,,,63.3,,0
702,2023-12-03 05:00,2.8,355.7,2.7,0,,,53,,0
702,2023-12-03 06:00,1.1,16.8,.9,0,,,58.5,,0
702,2023-12-03 07:00,-1.1,3.9,.6,0,,,74.1,,0
702,2023-12-03 08:00,-1.2,324.7,.9,0,,,79.4,,.4
702,2023-12-03 09:00,3.4,355.3,1.4,0,,,48,,1
702,2023-12-03 10:00,4.3,349.9,2,0,,,46.3,,1.4
702,2023-12-03 11:00,5.1,269.2,2.5,0,,,46.8,,2
702,2023-12-03 12:00,5.6,337.8,1.9,0,,,40.1,,2.4
702,2023-12-03 13:00,6.9,253.3,2.2,0,,,39.7,,3
702,2023-12-03 14:00,7.5,269.7,1.9,0,,,38.9,,3.4
702,2023-12-03 15:00,7.5,248.6,2.8,0,,,40.1,,4
702,2023-12-03 16:00,7.2,264.3,2.1,0,,,46.1,,4.4
702,2023-12-03 17:00,5.8,265.1,2.5,0,,,48.4,,4.9
702,2023-12-03 18:00,3.8,250.6,1.9,0,,,56,,4.4
702,2023-12-03 19:00,1.4,180.1,1.1,0,,,70.4,,4.9
702,2023-12-03 20:00,.4,111,1.1,0,,,75.6,,4.4
702,2023-12-03 21:00,-.5,31.3,.8,0,,,81.1,,4.9
702,2023-12-03 22:00,-1.3,30.3,.5,0,,,83.2,,4.4
702,2023-12-03 23:00,-1.7,0,.3,0,,,91.1,,4.9
702,2023-12-04 00:00,-2.4,219.6,.5,0,,,87.5,,4.4
702,2023-12-04 01:00,-2.5,0,.2,0,,,92.2,,0
702,2023-12-04 02:00,-2.9,0,.3,0,,,94.2,,0
702,2023-12-04 03:00,-3.8,0,.3,0,,,94.2,,0
702,2023-12-04 04:00,-3.6,0,0,0,,,94.7,,0
702,2023-12-04 05:00,-3.8,7.6,.7,0,,,93.2,,0
702,2023-12-04 06:00,-4.2,0,.4,0,,,93.5,,0
702,2023-12-04 07:00,-4.7,0,.2,0,,,94.3,,0
702,2023-12-04 08:00,-3.1,9.6,.7,0,,,94.2,,.4
702,2023-12-04 09:00,-.5,120,.8,0,,,81.5,,1
702,2023-12-04 10:00,3,99.5,.8,0,,,67.7,,1.4
702,2023-12-04 11:00,4.2,203,.7,,,,54.7,,2
702,2023-12-04 12:00,6.5,197.8,1.5,,,,43.9,,2.4
702,2023-12-04 13:00,7.7,294.2,1.6,,,,39,,3
702,2023-12-04 14:00,9.2,0,.4,,,,28.7,,3.4
702,2023-12-04 15:00,9.5,163.3,1,,,,28.3,,4
702,2023-12-04 16:00,8.2,304.3,1.3,,,,29.4,,3.9
702,2023-12-04 17:00,7.4,306.4,1.5,,,,35.7,,4
702,2023-12-04 18:00,5.1,0,.3,,,,50.1,,3.9
702,2023-12-04 19:00,4.3,0,.4,,,,58.9,,4
702,2023-12-04 20:00,3.5,0,0,,,,69.9,,3.9
702,2023-12-04 21:00,3,0,0,,,,75.7,,4
702,2023-12-04 22:00,1.9,26.6,.6,,,,78.5,,3.9
702,2023-12-04 23:00,1.3,0,0,,,,76.6,,4
702,2023-12-05 00:00,.3,0,.1,,,,78.5,,3.9
702,2023-12-05 01:00,-.3,26.9,.7,,,,76.1,,0
702,2023-12-05 02:00,-1.4,155.4,.7,0,,,77.8,,0
702,2023-12-05 03:00,-1.2,318.1,.5,0,,,84,,0
702,2023-12-05 04:00,.3,354.3,1.7,0,,,73.2,,0
702,2023-12-05 05:00,-2.2,6.5,.7,0,,,87.7,,0
702,2023-12-05 06:00,-2.2,0,.3,0,,,87.2,,0
702,2023-12-05 07:00,-.6,45.5,2.4,0,,,75.2,,0
702,2023-12-05 08:00,.6,83.4,.6,0,,,66.7,,0
702,2023-12-05 09:00,.9,0,.3,0,,,76.4,,.1
702,2023-12-05 10:00,5,253.6,.5,0,,,55.1,,.5
702,2023-12-05 11:00,7.7,0,.4,0,,,43.6,,.7
702,2023-12-05 12:00,9.6,198.9,1.1,0,,,37.3,,1.5
702,2023-12-05 13:00,10,312.1,2.2,0,,,40.5,,1.6
702,2023-12-05 14:00,12,308.4,2.1,0,,,37.2,,2.5
702,2023-12-05 15:00,12.6,330.7,1.8,0,,,36.1,,2.4
702,2023-12-05 16:00,12.8,326.4,2,0,,,35.7,,3.5
702,2023-12-05 17:00,11.1,322.4,1.4,0,,,42,,3
702,2023-12-05 18:00,8.3,320,1.8,0,,,56.5,,3.5
702,2023-12-05 19:00,4.8,53,.5,0,,,70,,3
702,2023-12-05 20:00,2.7,298.1,.8,0,,,78.6,,3.5
702,2023-12-05 21:00,2.8,0,.4,0,,,80.5,,3
702,2023-12-05 22:00,2.4,27.5,.5,0,,,80.8,,3.5
702,2023-12-05 23:00,1.3,263.5,.5,0,,,86.1,,3
702,2023-12-06 00:00,1.1,0,.2,0,,,86.1,,3.5
702,2023-12-06 01:00,.1,0,.2,0,,,92.2,,0
702,2023-12-06 02:00,.1,.8,.5,0,,,93.7,,0
702,2023-12-06 03:00,2.1,53,1.3,0,,,83.7,,0
702,2023-12-06 04:00,1.3,54.5,.6,0,,,87.7,,0
702,2023-12-06 05:00,2.8,357.6,.8,0,,,83,,0
702,2023-12-06 06:00,3.1,37.4,1.2,0,,,81.1,,0
702,2023-12-06 07:00,2.6,13.4,.9,0,,,84.2,,0
702,2023-12-06 08:00,4.3,30.5,.5,0,,,77.1,,0
702,2023-12-06 09:00,6.4,88.5,.6,0,,,70.6,,0
702,2023-12-06 10:00,9.1,112.2,3.7,0,,,70.7,,0
702,2023-12-06 11:00,11.8,135,3.1,0,,,59.2,,0
702,2023-12-06 12:00,12.6,191.7,3.5,0,,,57.2,,0
702,2023-12-06 13:00,13,174.3,5.2,0,,,55.8,,0
702,2023-12-06 14:00,13.7,188.3,4.9,0,,,55.6,,0
702,2023-12-06 15:00,13.4,176,4.9,0,,,57.8,,0
702,2023-12-06 16:00,13.3,183,5,0,,,63.2,,0
702,2023-12-06 17:00,12.2,216.4,4.1,.2,,,73.6,,0
702,2023-12-06 18:00,11.6,257.6,6.7,0,,,77.4,,0
702,2023-12-06 19:00,10.5,265.3,5.9,0,,,72.5,,0
702,2023-12-06 20:00,9.9,264.8,4.7,0,,,67.3,,0
702,2023-12-06 21:00,9.3,260.3,3.6,0,,,64.9,,0
702,2023-12-06 22:00,8.2,241.5,3.1,0,,,66.9,,0
702,2023-12-06 23:00,8.5,261.9,5,0,,,57.2,,0
702,2023-12-07 00:00,7.8,273.6,4.4,0,,,49.1,,0
702,2023-12-07 01:00,7.4,263.4,2.9,0,,,52,,0
702,2023-12-07 02:00,7,262.2,3.8,0,,,46.8,,0
702,2023-12-07 03:00,6.8,268.5,3.3,0,,,47.8,,0
702,2023-12-07 04:00,5.6,265.9,2.6,0,,,48.6,,0
702,2023-12-07 05:00,4.7,270.9,1.6,0,,,48.8,,0
702,2023-12-07 06:00,.6,105,3,0,,,74.8,,0
702,2023-12-07 07:00,.8,0,.4,0,,,77.7,,0
702,2023-12-07 08:00,-.3,75.6,.7,0,,,81.2,,0
702,2023-12-07 09:00,3.5,81.2,.8,0,,,68.8,,.9
702,2023-12-07 10:00,6.3,148.8,1.3,0,,,60.2,,1.1
702,2023-12-07 11:00,9.2,159.4,2,0,,,36.4,,1.9
702,2023-12-07 12:00,10.4,193.5,2.9,0,,,39.2,,2
702,2023-12-07 13:00,10.9,192.7,4,0,,,39.8,,2.8
702,2023-12-07 14:00,11.8,225.2,4.8,0,,,37.2,,3
702,2023-12-07 15:00,11.9,220.8,4.9,0,,,37.6,,3.8
702,2023-12-07 16:00,11.6,199.9,4.4,0,,,37.3,,4
702,2023-12-07 17:00,10.1,206.6,2.4,0,,,46.4,,4.2
702,2023-12-07 18:00,7.7,215.8,1.5,0,,,55.3,,4
702,2023-12-07 19:00,6.2,79.3,.7,0,,,64,,4.2
702,2023-12-07 20:00,4.9,126,.5,0,,,68.8,,4
702,2023-12-07 21:00,3.2,0,.3,0,,,80.5,,4.2
702,2023-12-07 22:00,5.2,81.8,1.7,0,,,61.8,,4
702,2023-12-07 23:00,4,100,2.1,0,,,67.1,,4.2
702,2023-12-08 00:00,4.6,97.4,1.8,0,,,64.3,,4
702,2023-12-08 01:00,4.6,95.3,1.8,0,,,64.2,,0
702,2023-12-08 02:00,4.8,108.1,1.2,0,,,63.8,,0
702,2023-12-08 03:00,5.1,0,.4,0,,,64.5,,0
702,2023-12-08 04:00,5,96,1.2,0,,,67.5,,0
702,2023-12-08 05:00,4.5,105.3,2.2,0,,,72.9,,0
702,2023-12-08 06:00,6.5,97.1,3.5,0,,,69.1,,0
702,2023-12-08 07:00,6,106.2,2.6,0,,,71.9,,0
702,2023-12-08 08:00,6.2,107.1,2,0,,,75.1,,0
702,2023-12-08 09:00,10.4,113.2,2.7,0,,,68.6,,.6
702,2023-12-08 10:00,13.7,121.1,3.9,0,,,55.7,,1
702,2023-12-08 11:00,16.3,171.3,5.3,0,,,47.6,,1.6
702,2023-12-08 12:00,17.6,171.4,6.4,0,,,46.5,,2
702,2023-12-08 13:00,18.7,194.3,7.4,0,,,42.2,,2.6
702,2023-12-08 14:00,19.3,179.5,5.7,0,,,40.7,,3
702,2023-12-08 15:00,19.3,196.6,6.6,0,,,44,,3.6
702,2023-12-08 16:00,18.5,195.5,6,0,,,48,,4
702,2023-12-08 17:00,17.1,199,4.7,0,,,54.4,,3.7
702,2023-12-08 18:00,13.8,176.8,3.4,0,,,65.9,,4
702,2023-12-08 19:00,13,178.2,3.1,0,,,71.2,,3.7
702,2023-12-08 20:00,11.1,214.7,1.5,0,,,78.6,,4
702,2023-12-08 21:00,10.8,185.5,2.6,0,,,78.2,,3.7
702,2023-12-08 22:00,12.4,188.8,2.8,0,,,74.9,,4
702,2023-12-08 23:00,9.6,0,.2,0,,,81.6,,3.7
702,2023-12-09 00:00,8.1,0,.4,0,,,87.9,,4
702,2023-12-09 01:00,7.6,131.7,.8,0,,,90.7,,0
702,2023-12-09 02:00,7,6.9,.9,0,,,87,,0
702,2023-12-09 03:00,7.3,0,.4,0,,,93.7,,0
702,2023-12-09 04:00,4.6,0,.1,0,,,95.9,,0
702,2023-12-09 05:00,5.6,0,.1,0,,,95.9,,0
702,2023-12-09 06:00,5.6,0,0,0,,,95.9,,0
702,2023-12-09 07:00,5.8,0,.3,0,,,95.9,,0
702,2023-12-09 08:00,7.3,0,.3,0,,,95.9,,0
702,2023-12-09 09:00,10.5,0,.1,0,,,95.9,,.8
702,2023-12-09 10:00,15.9,103.8,.9,0,,,66.4,,1
702,2023-12-09 11:00,16.9,171.5,2.3,0,,,62.2,,1.7
702,2023-12-09 12:00,18.3,188.4,4.1,0,,,59.3,,1.6
702,2023-12-09 13:00,18.7,193.8,4.9,0,,,52.5,,2.5
702,2023-12-09 14:00,19.1,208.8,4.7,0,,,51,,2.6
702,2023-12-09 15:00,19.1,203.7,4.7,0,,,48.6,,3.5
702,2023-12-09 16:00,18.8,224.6,4,0,,,54,,3.6
702,2023-12-09 17:00,16.4,259,2.4,0,,,68.4,,3.8
702,2023-12-09 18:00,16.4,280.4,2.2,0,,,70.1,,3.6
702,2023-12-09 19:00,14.8,248.9,1.1,0,,,82.5,,3.8
702,2023-12-09 20:00,11.3,55.3,.6,0,,,95.7,,3.6
702,2023-12-09 21:00,9.9,0,0,0,,,95.9,,3.8
702,2023-12-09 22:00,9.3,275.6,.5,0,,,95.9,,3.6
702,2023-12-09 23:00,9.2,155.7,.6,0,,,95.9,,3.8
702,2023-12-10 00:00,9.6,40.7,1,0,,,95.9,,3.6
702,2023-12-10 01:00,10,154.3,.9,0,,,95.9,,0
702,2023-12-10 02:00,10.1,0,0,0,,,95.9,,0
702,2023-12-10 03:00,10.1,161.1,.5,0,,,95.9,,0
702,2023-12-10 04:00,10.4,75.9,1.1,0,,,95.9,,0
702,2023-12-10 05:00,10.7,0,.1,0,,,95.9,,0
702,2023-12-10 06:00,10.5,67.6,.5,0,,,95.9,,0
702,2023-12-10 07:00,10.1,108.2,2.5,0,,,95.9,,0
702,2023-12-10 08:00,9.9,0,.4,0,,,95.9,,0
702,2023-12-10 09:00,11.2,143.7,.9,0,,,95.9,,0
702,2023-12-10 10:00,12.7,235,.6,0,,,95.1,,0
702,2023-12-10 11:00,15.1,337.2,2.3,0,,,75.7,,.5
702,2023-12-10 12:00,16.4,328.9,2.2,0,,,69.6,,0
702,2023-12-10 13:00,17.8,323.9,1.9,0,,,61.6,,1.1
702,2023-12-10 14:00,18.9,101.6,1.2,0,,,57.8,,.7
702,2023-12-10 15:00,19,299.5,1.8,0,,,55.1,,1.1
702,2023-12-10 16:00,18.4,340.7,2.5,0,,,58.2,,.7
702,2023-12-10 17:00,17.7,349.6,1.9,0,,,59.7,,1.1
702,2023-12-10 18:00,17.3,344.9,2.3,0,,,62.1,,.7
702,2023-12-10 19:00,16.3,300.6,1.2,0,,,65.2,,1.1
702,2023-12-10 20:00,15.3,12.4,1.4,0,,,70.3,,.7
702,2023-12-10 21:00,13.8,0,0,0,,,80.7,,1.1
702,2023-12-10 22:00,13.6,63.4,1.6,0,,,83.4,,.7
702,2023-12-10 23:00,13,303.9,.9,0,,,81.6,,1.1
702,2023-12-11 00:00,13.4,243.2,2.1,0,,,84.4,,.7
702,2023-12-11 01:00,11.8,200.1,1.7,.1,,,93.6,,0
702,2023-12-11 02:00,11.1,0,.3,0,,,95.7,,0
702,2023-12-11 03:00,11.1,,,0,,,95.9,,0
702,2023-12-11 04:00,11,6.5,1.1,0,,,95.9,,0
702,2023-12-11 05:00,10.4,2.4,.8,0,,,95.9,,0
702,2023-12-11 06:00,11.1,17.1,1.3,0,,,95.6,,0
702,2023-12-11 07:00,13.1,14.8,2.4,0,,,67.7,,0
702,2023-12-11 08:00,13.4,33.5,2.2,0,,,65.1,,0
702,2023-12-11 09:00,13.8,52.4,2.4,.1,,,66.1,,0
702,2023-12-11 10:00,12.5,348.1,1.9,.6,,,83.4,,0
702,2023-12-11 11:00,12.3,344.8,1.7,2.2,,,95.9,,0
702,2023-12-11 12:00,12.8,11.8,2.2,3.4,,,95.9,,0
702,2023-12-11 13:00,12.8,6.3,2.2,4.8,,,95.9,,0
702,2023-12-11 14:00,13.1,5.1,2,3.2,,,95.9,,0
702,2023-12-11 15:00,13.3,29.4,3.1,1.5,,,95.9,,0
702,2023-12-11 16:00,13,1,2.4,4.4,,,95.9,,0
702,2023-12-11 17:00,12.6,357.7,3.3,11.7,,,95.9,,0
702,2023-12-11 18:00,12.6,350.8,3,4.6,,,95.9,,0
702,2023-12-11 19:00,12.7,350.4,2.1,2,,,95.9,,0
702,2023-12-11 20:00,12.5,5.9,2.4,1.3,,,95.9,,0
702,2023-12-11 21:00,12.2,335.4,3.2,.3,,,95.9,,0
702,2023-12-11 22:00,11.9,336.3,3.5,.1,,,95.9,,0
702,2023-12-11 23:00,11.9,351.9,3.1,0,,,95.9,,0
702,2023-12-12 00:00,11.7,343.6,4.1,.1,,,95.5,,0
702,2023-12-12 01:00,10.9,349.1,4.5,0,,,95.3,,0
702,2023-12-12 02:00,10.5,327.3,4.4,0,,,95.2,,0
702,2023-12-12 03:00,9.9,338.9,3.2,0,,,94.6,,0
702,2023-12-12 04:00,8.8,328.3,5.8,0,,,93.9,,0
702,2023-12-12 05:00,8.2,328.2,4.5,.5,,,95.2,,0
702,2023-12-12 06:00,7.5,319.4,4.7,0,,,94.4,,0
702,2023-12-12 07:00,6.9,343,4.4,.1,,,91.9,,0
702,2023-12-12 08:00,7.2,336.8,4.9,0,,,82.1,,0
702,2023-12-12 09:00,7.2,347.4,4.6,0,,,82.6,,0
702,2023-12-12 10:00,7.6,346.6,4.8,0,,,81.9,,0
702,2023-12-12 11:00,8,340,4,0,,,80.9,,0
702,2023-12-12 12:00,8.5,345.7,3.6,0,,,80.3,,0
702,2023-12-12 13:00,8.9,358.2,2.7,0,,,83.5,,0
702,2023-12-12 14:00,9.8,62.9,2.8,0,,,78.2,,0
702,2023-12-12 15:00,10.4,55,1.6,0,,,75.6,,0
702,2023-12-12 16:00,10.2,293.3,1.7,0,,,73.3,,0
702,2023-12-12 17:00,9.9,14.7,1.9,0,,,70.3,,0
702,2023-12-12 18:00,9.9,8.3,1.8,0,,,68.8,,0
702,2023-12-12 19:00,9.2,0,.1,0,,,90.9,,0
702,2023-12-12 20:00,9.2,221.8,.8,0,,,93.1,,0
702,2023-12-12 21:00,9.2,348.7,1.6,0,,,70.5,,0
702,2023-12-12 22:00,8.8,351.9,.7,0,,,74,,0
702,2023-12-12 23:00,8.7,0,.3,0,,,75.6,,0
702,2023-12-13 00:00,8.7,0,0,0,,,82.8,,0
702,2023-12-13 01:00,8.8,191.8,.7,0,,,92.4,,0
702,2023-12-13 02:00,8.7,179.6,.7,0,,,95.7,,0
702,2023-12-13 03:00,8.6,205.5,1,0,,,95.9,,0
702,2023-12-13 04:00,8.6,172,.5,0,,,95.5,,0
702,2023-12-13 05:00,8.5,0,0,0,,,95.9,,0
702,2023-12-13 06:00,8.5,35,.6,0,,,95.9,,0
702,2023-12-13 07:00,7.7,0,.1,0,,,94.6,,0
702,2023-12-13 08:00,6.3,0,.2,0,,,95.9,,.3
702,2023-12-13 09:00,10,0,0,0,,,93.9,,1
702,2023-12-13 10:00,11.3,108.6,1,0,,,71.3,,1.3
702,2023-12-13 11:00,11.7,186.7,1.2,0,,,68,,2
702,2023-12-13 12:00,12.5,226.3,1.5,0,,,64.6,,1.7
702,2023-12-13 13:00,13.5,117.8,1.5,0,,,58.8,,2.5
702,2023-12-13 14:00,13.4,251.3,1.4,0,,,58,,1.7
702,2023-12-13 15:00,13.9,45.2,1.1,0,,,52.4,,2.7
702,2023-12-13 16:00,13.6,61.7,3,0,,,52.8,,1.7
702,2023-12-13 17:00,13,90.2,1.6,0,,,59,,2.7
702,2023-12-13 18:00,11.7,9.2,1.9,0,,,64.2,,1.7
702,2023-12-13 19:00,10.3,60.2,1.3,0,,,74,,2.7
702,2023-12-13 20:00,10,0,.2,0,,,74.7,,1.7
702,2023-12-13 21:00,10.5,24.6,1.6,0,,,68.4,,2.7
702,2023-12-13 22:00,10.1,50.7,1.7,0,,,69.8,,1.7
702,2023-12-13 23:00,9.3,99.3,1.3,0,,,83.2,,2.7
702,2023-12-14 00:00,10.1,39.2,1.3,0,,,71.2,,1.7
702,2023-12-14 01:00,9.9,57.4,2.1,0,,,75.5,,0
702,2023-12-14 02:00,10.4,60.2,2.3,0,,,70.1,,0
702,2023-12-14 03:00,10.1,60.1,.6,0,,,71.4,,0
702,2023-12-14 04:00,10.2,46.6,2.8,0,,,71.9,,0
702,2023-12-14 05:00,10.2,44.3,3.1,0,,,71.4,,0
702,2023-12-14 06:00,10.5,49.5,3.5,0,,,68.5,,0
702,2023-12-14 07:00,10.2,66.2,1.3,0,,,70.5,,0
702,2023-12-14 08:00,10.3,356.5,1.3,0,,,70.9,,0
702,2023-12-14 09:00,10.4,16.2,1.4,0,,,73,,0
702,2023-12-14 10:00,11.7,7.1,1.4,0,,,64.2,,0
702,2023-12-14 11:00,11.1,7.1,1,0,,,76.5,,0
702,2023-12-14 12:00,12.1,49.3,1.7,.2,,,66.9,,0
702,2023-12-14 13:00,11.7,38.8,2.2,.2,,,75.4,,0
702,2023-12-14 14:00,11.4,43.8,2.2,.7,,,81.9,,0
702,2023-12-14 15:00,10.7,351.7,1.8,2.1,,,93.7,,0
702,2023-12-14 16:00,10.7,10.9,1.5,2.3,,,95.9,,0
702,2023-12-14 17:00,10.7,356.9,2,2.8,,,95.9,,0
702,2023-12-14 18:00,10.5,340.4,1.9,4.3,,,95.9,,0
702,2023-12-14 19:00,10.6,46.1,1.7,3.6,,,95.9,,0
702,2023-12-14 20:00,11,29.1,1.5,1,,,95.9,,0
702,2023-12-14 21:00,10.8,326.3,1.8,.3,,,95.9,,0
702,2023-12-14 22:00,11.2,62.6,1.9,.9,,,95.9,,0
702,2023-12-14 23:00,11.5,39,2.3,1.3,,,95.9,,0
702,2023-12-15 00:00,11.8,22.7,1.5,1.4,,,95.9,,0
702,2023-12-15 01:00,11.9,84.6,1.9,2.8,,,95.9,,0
702,2023-12-15 02:00,12,100.9,2.2,4,,,95.9,,0
702,2023-12-15 03:00,12.3,103.9,2.5,2.7,,,95.9,,0
702,2023-12-15 04:00,12.9,77.5,1.8,1.2,,,95.9,,0
702,2023-12-15 05:00,13.1,135.2,1.3,9.6,,,95.9,,0
702,2023-12-15 06:00,13.4,102.4,2.4,8.4,,,95.9,,0
702,2023-12-15 07:00,13.5,224.6,1.6,12.3,,,95.9,,0
702,2023-12-15 08:00,13.1,198.5,2.5,8.1,,,95.9,,0
702,2023-12-15 09:00,12.9,229.7,2.3,2.2,,,95.9,,0
702,2023-12-15 10:00,13,224,4.2,1.6,,,95.9,,0
702,2023-12-15 11:00,12.6,215.6,5.1,3.2,,,95.9,,0
702,2023-12-15 12:00,11.7,218.2,5.8,3.1,,,95.9,,0
702,2023-12-15 13:00,10.9,234.9,6.6,1.4,,,95.7,,0
702,2023-12-15 14:00,9.3,256.3,4.8,0,,,95.2,,0
702,2023-12-15 15:00,9.1,241.9,3.8,0,,,94.6,,0
702,2023-12-15 16:00,9.1,223.9,3.6,0,,,90.9,,0
702,2023-12-15 17:00,8.6,262.7,5.7,0,,,86.1,,0
702,2023-12-15 18:00,8.2,272.5,4.7,0,,,83.1,,0
702,2023-12-15 19:00,8.1,267.3,5.5,0,,,83.2,,0
702,2023-12-15 20:00,7.8,268.7,3.6,0,,,84.9,,0
702,2023-12-15 21:00,7.6,258.8,2.7,0,,,86.9,,0
702,2023-12-15 22:00,7.3,234.2,2.9,0,,,94.9,,0
702,2023-12-15 23:00,6.9,258.2,5.5,.3,,,94.3,,0
702,2023-12-16 00:00,6.1,254.7,2.8,.2,,,93,,0
702,2023-12-16 01:00,5.9,259.2,4.7,.2,,,92.1,,0
702,2023-12-16 02:00,5.3,272.7,5.4,.1,,,91.1,,0
702,2023-12-16 03:00,4.6,262.6,6,.4,,,91.3,,0
702,2023-12-16 04:00,4.1,264.9,5.5,0,,,77,,0
702,2023-12-16 05:00,1.9,255.9,6.7,.8,,,95.9,,0
702,2023-12-16 06:00,2.3,253.6,3.4,.6,,,90.9,,0
702,2023-12-16 07:00,2.1,253.8,4.4,.1,,,82.6,,0
702,2023-12-16 08:00,1.4,275.5,4.6,0,,,83.9,,0
702,2023-12-16 09:00,.8,282.1,4.6,0,,,84.6,,0
702,2023-12-16 10:00,1.1,272.7,4.6,0,,,78.8,,0
702,2023-12-16 11:00,.9,275.5,7.3,0,,,71.2,,0
702,2023-12-16 12:00,.3,273.9,7.8,.1,,,75.7,,.2
702,2023-12-16 13:00,.4,298.3,7.3,0,,,61.8,,.1
702,2023-12-16 14:00,-.9,323.5,6.7,.1,,,75.7,,.4
702,2023-12-16 15:00,-.8,307.2,4,0,,,76.4,,.1
702,2023-12-16 16:00,-.7,316.9,3.3,0,,,69.2,,.4
702,2023-12-16 17:00,-1.8,319.8,5,.1,,,81.8,,.1
702,2023-12-16 18:00,-2.2,312.3,4.9,.2,,,79,,.4
702,2023-12-16 19:00,-2.6,323.7,5,0,,,82.1,,.1
702,2023-12-16 20:00,-3.1,294.2,4.7,.2,,,89.3,,.4
702,2023-12-16 21:00,-3.2,306.5,3.8,.2,,,86.1,,.1
702,2023-12-16 22:00,-3.1,316.1,4.2,0,,,78.7,,.4
702,2023-12-16 23:00,-3.9,2,2.7,0,,,87.2,,.1
702,2023-12-17 00:00,-4.1,327.7,2.2,.8,,,91.7,,.4
702,2023-12-17 01:00,-5.2,356.2,3.3,1,,,88.7,,0
702,2023-12-17 02:00,-5.4,351.3,3.4,0,,,81.9,,0
702,2023-12-17 03:00,-6,331,3.8,.1,,,79.8,,0
702,2023-12-17 04:00,-6.7,5.5,4.1,0,,,74.2,,0
702,2023-12-17 05:00,-7.5,12.7,3.8,0,,,72.1,,0
702,2023-12-17 06:00,-7.8,23.9,3.1,0,,,70.8,,0
702,2023-12-17 07:00,-8.3,10,2.8,0,,,68.6,,0
702,2023-12-17 08:00,-8.1,6.1,2.9,0,,,64.6,,0
702,2023-12-17 09:00,-7.9,7.5,2.3,0,,,65.3,,.6
702,2023-12-17 10:00,-7.5,9.2,2.8,0,,,62.2,,1
702,2023-12-17 11:00,-6.7,350,4,0,,,59.7,,1.6
702,2023-12-17 12:00,-6.5,355,5.6,0,,,55.5,,2
702,2023-12-17 13:00,-5.5,7.4,4.6,0,,,59.1,,2.7
702,2023-12-17 14:00,-5.2,356,5,0,,,54.1,,3
702,2023-12-17 15:00,-4.5,6.9,4.6,0,,,54,,3.7
702,2023-12-17 16:00,-4.5,5.6,4.3,0,,,53.2,,4
702,2023-12-17 17:00,-4.9,.1,3.9,0,,,53.8,,4.3
702,2023-12-17 18:00,-5.6,13.3,3.3,0,,,60.8,,4
702,2023-12-17 19:00,-5.9,8.6,2.6,0,,,60.9,,4.3
702,2023-12-17 20:00,-6.5,20.4,1.7,0,,,65.9,,4
702,2023-12-17 21:00,-6.7,64.9,1.3,0,,,70.2,,4.3
702,2023-12-17 22:00,-6.9,57.7,1.8,0,,,63.1,,4
702,2023-12-17 23:00,-7,49.7,2,0,,,62.3,,4.3
702,2023-12-18 00:00,-7.2,9.2,1,0,,,63.6,,4
702,2023-12-18 01:00,-7.2,342.3,1.5,0,,,69,,0
702,2023-12-18 02:00,-7.2,354.9,1.7,0,,,66.8,,0
702,2023-12-18 03:00,-7.3,16.3,.9,0,,,65.2,,0
702,2023-12-18 04:00,-7.2,0,.4,0,,,66.4,,0
702,2023-12-18 05:00,-7.2,12.5,1.4,0,,,62.3,,0
702,2023-12-18 06:00,-7.4,18,1,0,,,66.1,,0
702,2023-12-18 07:00,-6.8,29.7,2.1,0,,,61.8,,0
702,2023-12-18 08:00,-6.4,351.7,1.9,0,,,58.1,,.1
702,2023-12-18 09:00,-5.1,343,1.9,0,,,51.9,,.9
702,2023-12-18 10:00,-4.3,56,3.9,0,,,52.2,,.2
702,2023-12-18 11:00,-3,45.8,3.7,0,,,45.8,,1.1
702,2023-12-18 12:00,-2.1,46.2,2.2,0,,,46,,.9
702,2023-12-18 13:00,-1.2,7.7,4.3,0,,,45.4,,2
702,2023-12-18 14:00,-1.4,353.4,3.4,0,,,44.3,,1
702,2023-12-18 15:00,-1.1,345.9,2.9,0,,,43.2,,2
702,2023-12-18 16:00,-1.7,345.1,3.1,0,,,50.1,,1
702,2023-12-18 17:00,-2,350.6,3.2,0,,,48.2,,2
702,2023-12-18 18:00,-2.2,3.3,3.5,0,,,52.8,,1
702,2023-12-18 19:00,-2.2,352.7,2.9,0,,,48.5,,2
702,2023-12-18 20:00,-2.3,333.4,2.1,0,,,51.5,,1
702,2023-12-18 21:00,-2.5,337.3,2.7,0,,,48.5,,2
702,2023-12-18 22:00,-2.7,352.1,2.3,0,,,53.8,,1
702,2023-12-18 23:00,-2.4,332,1.8,0,,,52,,2
702,2023-12-19 00:00,-2.7,309.6,2.8,0,,,57.2,,1
702,2023-12-19 01:00,-3.1,1,2.2,0,,,60.1,,0
702,2023-12-19 02:00,-3.1,5.9,2.4,0,,,59.8,,0
702,2023-12-19 03:00,-3.1,354.3,2.5,0,,,58,,0
702,2023-12-19 04:00,-3.1,342.9,2.2,0,,,58.5,,0
702,2023-12-19 05:00,-3.4,337.7,2,0,,,60.9,,0
702,2023-12-19 06:00,-3.7,356.9,3.4,0,,,62.1,,0
702,2023-12-19 07:00,-4.2,356.7,1.7,0,,,61.6,,0
702,2023-12-19 08:00,-4.1,340.8,2.1,0,,,65.5,,.2
702,2023-12-19 09:00,-3.3,1,1.5,0,,,61.7,,.1
702,2023-12-19 10:00,-2.8,345.4,1.7,0,,,59.7,,.2
702,2023-12-19 11:00,-2,350.9,1.9,0,,,54.7,,.1
702,2023-12-19 12:00,-1.1,300.9,1.4,0,,,54.1,,.2
702,2023-12-19 13:00,-.6,291.5,1.3,0,,,54.2,,.1
702,2023-12-19 14:00,.1,6.4,.6,0,,,54.4,,.2
702,2023-12-19 15:00,.2,298.9,.7,0,,,53.7,,.1
702,2023-12-19 16:00,.7,316.5,.6,0,,,55.3,,.2
702,2023-12-19 17:00,-.1,126.4,1,0,,,63.9,,.1
702,2023-12-19 18:00,-.3,0,.2,0,,,72.8,,.2
702,2023-12-19 19:00,-.2,0,.3,0,,,68.6,,.1
702,2023-12-19 20:00,-.1,0,.4,0,,,64.4,,.2
702,2023-12-19 21:00,-.2,68.1,.5,0,,,69,,.1
702,2023-12-19 22:00,-.6,140.9,.9,0,,,77.6,,.2
702,2023-12-19 23:00,-.2,39.6,1,0,,,77.4,,.1
702,2023-12-20 00:00,-.5,0,.1,0,,,79.1,,.2
702,2023-12-20 01:00,-.7,322.1,1.4,.1,,,86.4,,0
702,2023-12-20 02:00,-.7,298.8,2,0,,,88.1,,0
702,2023-12-20 03:00,-.6,317.2,1.7,.1,,,90.4,,0
702,2023-12-20 04:00,-.7,317.4,2.3,.1,,,87,,0
702,2023-12-20 05:00,-1.1,287.1,1.9,.3,,,91.1,,0
702,2023-12-20 06:00,-1.8,31.7,.8,.2,,,90.5,,0
702,2023-12-20 07:00,-1.8,353.2,2.1,.2,,,95.9,,0
702,2023-12-20 08:00,-2.1,338.2,2.5,.1,,,83.5,,0
702,2023-12-20 09:00,-2.8,350.8,3,0,,,81.4,,0
702,2023-12-20 10:00,-3.2,1.3,2.5,.2,,,82.8,,0
702,2023-12-20 11:00,-2.8,351.7,1.9,.2,,,82.6,,0
702,2023-12-20 12:00,-2.4,286.2,2.7,0,,,72.2,,.1
702,2023-12-20 13:00,-1.8,276.8,5,0,,,58.4,,.2
702,2023-12-20 14:00,-1.3,293.2,4.6,.1,,,57.8,,1
702,2023-12-20 15:00,-2,326.5,4.5,0,,,54.6,,1
702,2023-12-20 16:00,-2.9,336.5,3.9,0,,,51.4,,2
702,2023-12-20 17:00,-3.8,331.4,4.2,0,,,52.9,,1.3
702,2023-12-20 18:00,-4.5,345.8,3.4,0,,,55.5,,2
702,2023-12-20 19:00,-5.2,350.7,4.1,0,,,58.9,,1.3
702,2023-12-20 20:00,-5.9,359.5,2.2,0,,,64.9,,2
702,2023-12-20 21:00,-6.3,5.9,2.3,0,,,65.6,,1.3
702,2023-12-20 22:00,-6.3,23.6,2.5,0,,,64.2,,2
702,2023-12-20 23:00,-6.9,1.2,2.5,0,,,74.8,,1.3
702,2023-12-21 00:00,-7,18.6,2.7,0,,,64.6,,2
702,2023-12-21 01:00,-7.2,29.1,2.2,0,,,63.5,,0
702,2023-12-21 02:00,-7.4,3,2.5,0,,,70.7,,0
702,2023-12-21 03:00,-7.6,40.8,1.2,0,,,74.3,,0
702,2023-12-21 04:00,-7.8,1.8,2.2,0,,,80,,0
702,2023-12-21 05:00,-9,13.9,2.4,.1,,,69.8,,0
702,2023-12-21 06:00,-9.7,73.5,2.5,0,,,77.8,,0
702,2023-12-21 07:00,-9,56.3,2.7,0,,,67.3,,0
702,2023-12-21 08:00,-9.1,40.1,3.7,0,,,72,,0
702,2023-12-21 09:00,-9.1,58.9,2.4,0,,,73.4,,0
702,2023-12-21 10:00,-8.9,41.1,2.6,.2,,,72.4,,0
702,2023-12-21 11:00,-8.2,299.1,1.3,0,,,69.1,,.1
702,2023-12-21 12:00,-7,346.2,2.2,0,,,62.7,,.9
702,2023-12-21 13:00,-6.7,294.2,2.8,0,,,57.8,,1.1
702,2023-12-21 14:00,-5.3,240.3,2.3,0,,,57.3,,1.9
702,2023-12-21 15:00,-5.7,207.8,2.4,0,,,64.1,,2.1
702,2023-12-21 16:00,-4.9,9.3,1.9,0,,,51.2,,2.9
702,2023-12-21 17:00,-5.5,3.5,3.5,0,,,53.8,,3
702,2023-12-21 18:00,-6.2,348.3,3.8,0,,,53,,2.9
702,2023-12-21 19:00,-6.7,359,3.1,0,,,56.4,,3
702,2023-12-21 20:00,-7.2,8.6,2.3,0,,,55.9,,2.9
702,2023-12-21 21:00,-8.4,66.6,1.1,0,,,62.8,,3
702,2023-12-21 22:00,-7.8,6.9,1.2,0,,,69.7,,2.9
702,2023-12-21 23:00,-8.4,168.1,1,0,,,81.1,,3
702,2023-12-22 00:00,-8.3,129.2,1.6,0,,,84.5,,2.9
702,2023-12-22 01:00,-8.2,0,.3,0,,,80.9,,0
702,2023-12-22 02:00,-8.2,1,1.6,0,,,76.4,,0
702,2023-12-22 03:00,-9,6.7,3.6,0,,,79.4,,0
702,2023-12-22 04:00,-9.9,13.6,3.3,0,,,70,,0
702,2023-12-22 05:00,-10.2,14,2.7,0,,,66.1,,0
702,2023-12-22 06:00,-11,29.4,1.6,0,,,67.7,,0
702,2023-12-22 07:00,-11.4,77.9,1.3,0,,,71.2,,0
702,2023-12-22 08:00,-10.9,64.6,1.7,0,,,66.3,,.3
702,2023-12-22 09:00,-9.2,63.9,2.6,0,,,60.8,,.8
702,2023-12-22 10:00,-8.7,4.2,3.1,0,,,57.7,,1.3
702,2023-12-22 11:00,-7.6,2.1,3.1,0,,,56.3,,1.8
702,2023-12-22 12:00,-7.3,356.9,4.4,0,,,53.1,,2.3
702,2023-12-22 13:00,-6.3,346,3.3,0,,,50.2,,2.8
702,2023-12-22 14:00,-5.7,10.8,3.2,0,,,52,,3.3
702,2023-12-22 15:00,-4.8,359.7,3.6,0,,,50.1,,3.8
702,2023-12-22 16:00,-4.4,352.6,3.6,0,,,48.6,,4.3
702,2023-12-22 17:00,-4.7,9.2,3.5,0,,,51,,4.7
702,2023-12-22 18:00,-5.5,8,3.1,0,,,54.7,,4.3
702,2023-12-22 19:00,-6.3,23.8,1.3,0,,,59.2,,4.7
702,2023-12-22 20:00,-6.8,6.2,1,0,,,61.3,,4.3
702,2023-12-22 21:00,-7.6,47.9,1.6,0,,,63.2,,4.7
702,2023-12-22 22:00,-7.1,49.6,1.3,0,,,61,,4.3
702,2023-12-22 23:00,-7,54.4,2,0,,,64.8,,4.7
702,2023-12-23 00:00,-7.8,30.6,1,0,,,69.4,,4.3
702,2023-12-23 01:00,-7.1,8.7,1.2,0,,,63.4,,0
702,2023-12-23 02:00,-7.8,349,1.5,0,,,68.4,,0
702,2023-12-23 03:00,-8.6,354.8,1.8,0,,,74.4,,0
702,2023-12-23 04:00,-9,1.1,1.5,0,,,75.1,,0
702,2023-12-23 05:00,-9.2,357.7,1.6,0,,,76.6,,0
702,2023-12-23 06:00,-10.2,352.9,.7,0,,,85.5,,0
702,2023-12-23 07:00,-10.7,103.8,.6,0,,,87,,0
702,2023-12-23 08:00,-10.1,208,1,0,,,87.1,,0
702,2023-12-23 09:00,-7.6,24.4,1.1,0,,,76.1,,.9
702,2023-12-23 10:00,-4.6,74.1,1.2,0,,,60.2,,1
702,2023-12-23 11:00,-2.8,105.3,1.3,0,,,49.7,,1.9
702,2023-12-23 12:00,-2.2,281.8,1.6,0,,,50.8,,2
702,2023-12-23 13:00,-1.2,351.3,2.2,0,,,46.3,,2.8
702,2023-12-23 14:00,.1,15,3.1,0,,,43.7,,3
702,2023-12-23 15:00,.7,20.9,2.6,0,,,38.8,,3.8
702,2023-12-23 16:00,.5,347.4,3,0,,,42.5,,4.1
702,2023-12-23 17:00,0,351.7,1.7,0,,,45.4,,4.4
702,2023-12-23 18:00,-1,349.7,1.5,0,,,48.9,,4.1
702,2023-12-23 19:00,-4.1,0,.2,0,,,76.6,,4.4
702,2023-12-23 20:00,-2.5,341.9,1.3,0,,,60.5,,4.1
702,2023-12-23 21:00,-3.9,15.9,.7,0,,,73.7,,4.4
702,2023-12-23 22:00,-4.5,246.3,.6,0,,,81.6,,4.1
702,2023-12-23 23:00,-4.8,46.5,.9,0,,,81.7,,4.4
702,2023-12-24 00:00,-4.5,38.5,1.3,0,,,80.1,,4.1
702,2023-12-24 01:00,-4.1,338.4,.8,0,,,79.8,,0
702,2023-12-24 02:00,-2.9,1.6,1.7,0,,,65.6,,0
702,2023-12-24 03:00,-2.6,250.4,.7,0,,,73.7,,0
702,2023-12-24 04:00,-3.1,7.6,.8,0,,,82.2,,0
702,2023-12-24 05:00,-3.2,75.5,.8,.2,,,87.6,,0
702,2023-12-24 06:00,-2.7,352.5,.5,.5,,,95.9,,0
702,2023-12-24 07:00,-3.2,312.8,2.2,.7,,,94.6,,0
702,2023-12-24 08:00,-3.3,19.2,.6,.3,,,95.9,,0
702,2023-12-24 09:00,-3,0,.4,0,,,92.8,,0
702,2023-12-24 10:00,-2,0,.3,0,,,84.6,,.1
702,2023-12-24 11:00,1.4,0,.3,0,,,75.4,,.9
702,2023-12-24 12:00,.9,62.3,.9,0,,,79.2,,1.1
702,2023-12-24 13:00,1.3,310.1,2.6,0,,,77.8,,1.6
702,2023-12-24 14:00,2.6,219.1,.6,0,,,68.4,,1.7
702,2023-12-24 15:00,1.5,341.9,2.3,0,,,71.2,,1.8
702,2023-12-24 16:00,1.4,354.2,2.1,0,,,67.3,,2.1
702,2023-12-24 17:00,.8,350.9,1.1,0,,,68,,2.4
702,2023-12-24 18:00,-1,0,0,0,,,80.5,,2.1
702,2023-12-24 19:00,-2.8,0,.1,0,,,91,,2.4
702,2023-12-24 20:00,-1.3,133.3,.6,0,,,86.3,,2.1
702,2023-12-24 21:00,-1.2,0,.3,0,,,88.3,,2.4
702,2023-12-24 22:00,-.9,0,.4,0,,,86.1,,2.1
702,2023-12-24 23:00,-.9,0,.2,0,,,87.2,,2.4
702,2023-12-25 00:00,-.6,268.3,.9,0,,,87.1,,2.1
702,2023-12-25 01:00,-.8,,,0,,,88.2,,0
702,2023-12-25 02:00,-1.7,92.9,1,0,,,90.3,,0
702,2023-12-25 03:00,-2.3,32.7,.8,0,,,95.5,,0
702,2023-12-25 04:00,-1.6,0,0,0,,,95.9,,0
702,2023-12-25 05:00,-2.3,21.6,.8,0,,,95.8,,0
702,2023-12-25 06:00,-2.1,33.4,.6,0,,,95.9,,0
702,2023-12-25 07:00,-1.6,0,.3,.1,,,95.9,,0
702,2023-12-25 08:00,-2.6,0,.2,.1,,,95.9,,0
702,2023-12-25 09:00,-2.8,44.1,.6,0,,,95.9,,0
702,2023-12-25 10:00,-.9,111.8,1.3,0,,,95.9,,0
702,2023-12-25 11:00,1.5,109.9,1.2,.1,,,94.2,,.3
702,2023-12-25 12:00,2.7,128.3,2.1,0,,,67.6,,.9
702,2023-12-25 13:00,3.2,237.5,3.6,0,,,53.4,,1.3
702,2023-12-25 14:00,3.3,229.7,2.9,0,,,53.1,,1.1
702,2023-12-25 15:00,3,234.1,2,0,,,61,,1.3
702,2023-12-25 16:00,2.4,293.3,1,0,,,69.8,,1.1
702,2023-12-25 17:00,1.8,188.6,1.5,0,,,78.8,,1.3
702,2023-12-25 18:00,.4,160.1,1.3,0,,,86.3,,1.1
702,2023-12-25 19:00,-.3,0,.1,0,,,91.3,,1.3
702,2023-12-25 20:00,.3,214.2,.5,0,,,89.7,,1.1
702,2023-12-25 21:00,.3,0,0,0,,,90.1,,1.3
702,2023-12-25 22:00,0,24.1,1.2,0,,,93.5,,1.1
702,2023-12-25 23:00,.2,51.4,1,0,,,84.8,,1.3
702,2023-12-26 00:00,.4,52.1,1,0,,,82.3,,1.1
702,2023-12-26 01:00,.3,0,.3,0,,,84.6,,0
702,2023-12-26 02:00,.2,0,.3,0,,,87.4,,0
702,2023-12-26 03:00,.5,21.9,.7,0,,,85.8,,0
702,2023-12-26 04:00,.3,91.1,1.1,0,,,87.4,,0
702,2023-12-26 05:00,.5,59.8,.9,0,,,83.9,,0
702,2023-12-26 06:00,.1,30.5,.8,0,,,84.3,,0
702,2023-12-26 07:00,-.7,0,.3,0,,,89.2,,0
702,2023-12-26 08:00,-1.1,96,.5,0,,,92.8,,0
702,2023-12-26 09:00,.6,43.4,.5,0,,,91.2,,.5
702,2023-12-26 10:00,3.6,73,.6,0,,,66.4,,.9
702,2023-12-26 11:00,6.6,110.3,.7,0,,,60.5,,1.5
702,2023-12-26 12:00,6.4,170.9,2,0,,,57.9,,1.9
702,2023-12-26 13:00,7.1,228.6,3.1,0,,,58.5,,2.5
702,2023-12-26 14:00,6.7,233.7,3.8,0,,,56.2,,2.5
702,2023-12-26 15:00,7.3,260.4,2.8,0,,,52.7,,3.2
702,2023-12-26 16:00,7.3,243.6,2.7,0,,,58.7,,3.5
702,2023-12-26 17:00,5.6,243.5,2.5,0,,,67,,3.6
702,2023-12-26 18:00,5.2,247.6,1,0,,,66.7,,3.5
702,2023-12-26 19:00,3.4,94.6,.8,0,,,79,,3.6
702,2023-12-26 20:00,3.5,36.8,.5,0,,,81.6,,3.5
702,2023-12-26 21:00,1.9,27.5,.7,0,,,82,,3.6
702,2023-12-26 22:00,1,0,.1,0,,,89.1,,3.5
702,2023-12-26 23:00,.8,0,.3,0,,,94.9,,3.6
702,2023-12-27 00:00,1.8,50.4,.5,0,,,85,,3.5
702,2023-12-27 01:00,.5,65.2,.9,0,,,92.6,,0
702,2023-12-27 02:00,.5,0,.4,0,,,95.3,,0
702,2023-12-27 03:00,.9,34.9,.8,0,,,90,,0
702,2023-12-27 04:00,.7,40.9,.9,0,,,89.4,,0
702,2023-12-27 05:00,1.1,54.5,1,0,,,87.1,,0
702,2023-12-27 06:00,.3,59.1,.6,0,,,89.9,,0
702,2023-12-27 07:00,-.2,357.4,1.4,0,,,91.9,,0
702,2023-12-27 08:00,-.7,0,.2,0,,,93.8,,0
702,2023-12-27 09:00,.6,21.4,.8,0,,,94.9,,.6
702,2023-12-27 10:00,4.2,0,.2,0,,,74.6,,1
702,2023-12-27 11:00,6.3,218.9,.8,0,,,68.6,,1.6
702,2023-12-27 12:00,7.6,303.2,1,0,,,57.8,,2
702,2023-12-27 13:00,8.9,287,1.2,0,,,55.7,,2.6
702,2023-12-27 14:00,7.8,325.3,1.7,0,,,53,,3
702,2023-12-27 15:00,8.5,242.3,2,0,,,51.6,,3.6
702,2023-12-27 16:00,7.8,309.5,2.1,0,,,58.4,,3.8
702,2023-12-27 17:00,7.1,275.6,1.4,0,,,60.6,,3.8
702,2023-12-27 18:00,4.9,293.4,1,0,,,73.3,,3.8
702,2023-12-27 19:00,3.9,255.3,1.2,0,,,77,,3.8
702,2023-12-27 20:00,2.1,351.6,.5,0,,,85.7,,3.8
702,2023-12-27 21:00,1,0,.3,0,,,92.9,,3.8
702,2023-12-27 22:00,.8,0,.1,0,,,95.5,,3.8
702,2023-12-27 23:00,.1,46.5,1.1,0,,,95.2,,3.8
702,2023-12-28 00:00,-.3,0,0,0,,,95.9,,3.8
702,2023-12-28 01:00,-.9,0,.4,0,,,95.9,,0
702,2023-12-28 02:00,-1.6,12.9,.8,0,,,95.9,,0
702,2023-12-28 03:00,-1.5,0,0,0,,,95.9,,0
702,2023-12-28 04:00,-1.7,0,.4,0,,,95.9,,0
702,2023-12-28 05:00,-2.1,0,0,0,,,95.9,,0
702,2023-12-28 06:00,-1.7,0,0,0,,,95.9,,0
702,2023-12-28 07:00,-2.6,33.5,.6,0,,,95.9,,0
702,2023-12-28 08:00,-2.2,82.3,.5,0,,,95.9,,0
702,2023-12-28 09:00,-.8,40.3,.5,0,,,95.9,,0
702,2023-12-28 10:00,1.1,0,.3,0,,,94.5,,.1
702,2023-12-28 11:00,2.5,338,1.4,,,,78.6,,.9
702,2023-12-28 12:00,5.1,278.7,.7,,,,75.1,,1.1
702,2023-12-28 13:00,5.3,313,2.1,,,,68.5,,1.9
702,2023-12-28 14:00,5.4,306.8,2.5,,,,55,,2.1
702,2023-12-28 15:00,6.3,317.1,2.1,,,,53.7,,2.9
702,2023-12-28 16:00,5.6,328.9,1.9,,,,61.1,,2.5
702,2023-12-28 17:00,5.4,3.8,2.1,,,,62.4,,2.9
702,2023-12-28 18:00,4.7,358.5,1.2,,,,64.6,,2.5
702,2023-12-28 19:00,3.5,323.7,.8,,,,75.4,,2.9
702,2023-12-28 20:00,3.9,31.6,.7,,,,70.8,,2.5
702,2023-12-28 21:00,3.9,29.4,1.4,,,,71.5,,2.9
702,2023-12-28 22:00,1.7,0,.2,,,,87,,2.5
702,2023-12-28 23:00,.2,0,.4,,,,87.2,,2.9
702,2023-12-29 00:00,-.8,0,.3,,,,92.8,,2.5
702,2023-12-29 01:00,-.9,0,.3,0,,,93.9,,0
702,2023-12-29 02:00,-1.2,91.9,.6,0,,,95.9,,0
702,2023-12-29 03:00,-1.5,119.8,.7,0,,,95.9,,0
702,2023-12-29 04:00,-1.4,0,.2,0,,,95.9,,0
702,2023-12-29 05:00,-1.5,23.7,.9,0,,,95.6,,0
702,2023-12-29 06:00,-1.6,2.2,1,0,,,91.4,,0
702,2023-12-29 07:00,-2.1,37.1,.6,0,,,94.4,,0
702,2023-12-29 08:00,-2,50.4,.9,0,,,95.1,,0
702,2023-12-29 09:00,-.2,343.7,.5,0,,,93.6,,0
702,2023-12-29 10:00,1.8,78.2,1.5,0,,,81.3,,.4
702,2023-12-29 11:00,2.9,193.4,.7,0,,,74.3,,0
702,2023-12-29 12:00,5.3,140,1.4,0,,,62.1,,.9
702,2023-12-29 13:00,6.6,188.8,1.6,0,,,57.9,,.4
702,2023-12-29 14:00,6.7,322,2.2,0,,,58.9,,.9
702,2023-12-29 15:00,6.4,250.8,2.1,0,,,61.2,,.4
702,2023-12-29 16:00,6.1,222.1,1.9,0,,,58.6,,.9
702,2023-12-29 17:00,5.7,292.7,.9,0,,,58.3,,.4
702,2023-12-29 18:00,4.9,321.1,1.1,0,,,62.7,,.9
702,2023-12-29 19:00,2.8,356.5,.7,0,,,76.7,,.4
702,2023-12-29 20:00,1.6,0,0,0,,,88.5,,.9
702,2023-12-29 21:00,.7,353.2,.5,0,,,88.9,,.4
702,2023-12-29 22:00,.2,0,.1,0,,,90.8,,.9
702,2023-12-29 23:00,-.5,34,.7,0,,,93.5,,.4
702,2023-12-30 00:00,-.9,21.6,.9,0,,,91.2,,.9
702,2023-12-30 01:00,-1.4,108.2,1.5,0,,,94.7,,0
702,2023-12-30 02:00,-1.9,0,.4,0,,,95.9,,0
702,2023-12-30 03:00,-2.1,0,.4,0,,,95.9,,0
702,2023-12-30 04:00,-2.1,82.8,.9,0,,,95.9,,0
702,2023-12-30 05:00,-2.3,305,.7,0,,,95.9,,0
702,2023-12-30 06:00,-2,33.4,1.2,0,,,95.9,,0
702,2023-12-30 07:00,-1.5,0,.3,0,,,95.9,,0
702,2023-12-30 08:00,-.5,328.4,2,0,,,90.7,,0
702,2023-12-30 09:00,-.7,94.4,1.2,0,,,94.7,,0
702,2023-12-30 10:00,-.1,314.6,.5,0,,,93,,0
702,2023-12-30 11:00,2,15,1.5,0,,,78.6,,.2
702,2023-12-30 12:00,3.4,84.6,1.6,,,,73.2,,0
702,2023-12-30 13:00,3.6,237,.7,,,,77.1,,.2
702,2023-12-30 14:00,4.4,351.4,1.4,,,,72.5,,0
702,2023-12-30 15:00,3.7,12.5,1,,,,87.4,,.2
702,2023-12-30 16:00,4.4,59.7,1.9,,,,86.1,,0
702,2023-12-30 17:00,3.9,337.3,2.8,,,,87.8,,.2
702,2023-12-30 18:00,4,13.2,1,,,,84.5,,0
702,2023-12-30 19:00,4.1,68.6,1.1,,,,88.5,,.2
702,2023-12-30 20:00,5,22.5,1.2,,,,80.6,,0
702,2023-12-30 21:00,6,40.2,1.9,,,,69.8,,.2
702,2023-12-30 22:00,7,84.1,2.4,,,,61.8,,0
702,2023-12-30 23:00,6.2,155.5,.5,,,,77.4,,.2
702,2023-12-31 00:00,6,329.8,1,,,,90.8,,0
702,2023-12-31 01:00,5.9,257.9,1.6,0,,,95.5,,0
702,2023-12-31 02:00,6.2,215.6,1.9,.3,,,95.9,,0
702,2023-12-31 03:00,7.3,241.7,3,.7,,,95.9,,0
702,2023-12-31 04:00,7.4,232.7,2.8,0,,,89.5,,0
702,2023-12-31 05:00,7,232.1,3.4,0,,,78.5,,0
702,2023-12-31 06:00,6.4,231.5,5.4,.6,,,87.1,,0
702,2023-12-31 07:00,6.8,237.5,4.5,0,,,85.3,,0
702,2023-12-31 08:00,6.2,272.5,5,.4,,,79.4,,0
702,2023-12-31 09:00,5.7,271.5,1.7,0,,,86.8,,0
702,2023-12-31 10:00,5.7,274.4,6.4,0,,,77.9,,0
702,2023-12-31 11:00,5.9,286.4,3.6,0,,,76.2,,0
702,2023-12-31 12:00,6.3,290,5.3,0,,,72.8,,0
702,2023-12-31 13:00,6.2,287,5.2,0,,,70.4,,.1
702,2023-12-31 14:00,6,307.1,4.5,0,,,67.5,,0
702,2023-12-31 15:00,6,285.8,1.9,0,,,67.3,,.1
702,2023-12-31 16:00,6,264.1,4.1,0,,,65.2,,0
702,2023-12-31 17:00,5.6,266.4,3.4,0,,,67.8,,.1
702,2023-12-31 18:00,5.2,280.9,2.4,0,,,73.4,,0
702,2023-12-31 19:00,5,300.3,1.8,0,,,73.1,,.1
702,2023-12-31 20:00,4.9,359.5,2.1,0,,,73.2,,0
702,2023-12-31 21:00,4.7,351.3,2.1,0,,,68.9,,.1
702,2023-12-31 22:00,4.6,349.1,2.3,0,,,70.5,,0
702,2023-12-31 23:00,4.7,329,2.9,0,,,69.1,,.1
