지점,일시,기온(°C),풍향(deg),풍속(m/s),강수량(mm),현지기압(hPa),해면기압(hPa),습도(%),일사(MJ/m^2),일조(hr)
763,2020-01-01 00:00,-8,104.7,.5,0,1031,1036,81.5,,
763,2020-01-01 01:00,-7.4,121.7,1.1,0,1030.1,1035.1,74.5,,
763,2020-01-01 02:00,-6.8,0,.2,0,1029.6,1034.6,83.4,,
763,2020-01-01 03:00,-5.1,0,.4,0,1029.3,1034.3,79.4,,
763,2020-01-01 04:00,-4.9,0,.3,0,1029.1,1034.1,76.9,,
763,2020-01-01 05:00,-4.8,37.1,.5,0,1029.2,1034.2,76.3,,
763,2020-01-01 06:00,-4.9,24.5,.9,0,1029.2,1034.2,80.4,,
763,2020-01-01 07:00,-4.9,36.9,.5,0,1029.5,1034.5,79.8,,
763,2020-01-01 08:00,-4.6,0,.4,0,1029.4,1034.4,81.8,,
763,2020-01-01 09:00,-4.1,18.6,.6,0,1029.8,1034.8,79.9,,
763,2020-01-01 10:00,-2.7,24.1,.8,0,1030.1,1035,75.7,,
763,2020-01-01 11:00,-1.1,0,.2,0,1029.8,1034.7,71.7,,
763,2020-01-01 12:00,.6,32.5,.9,0,1028.9,1033.8,68.6,,
763,2020-01-01 13:00,2.5,10.2,.6,0,1028.4,1033.2,62.7,,
763,2020-01-01 14:00,3.2,67.4,.9,0,1027.5,1032.3,59.4,,
763,2020-01-01 15:00,3.5,301.1,1.2,0,1027.7,1032.5,56.5,,
763,2020-01-01 16:00,3.5,272.1,1.7,0,1028.2,1033,57.4,,
763,2020-01-01 17:00,2.7,0,.4,0,1028.2,1033,61.6,,
763,2020-01-01 18:00,.8,0,.2,0,1028.1,1033,71,,
763,2020-01-01 19:00,-.9,0,.3,0,1028,1032.9,80.2,,
763,2020-01-01 20:00,-1.3,0,.2,0,1027.5,1032.4,81.3,,
763,2020-01-01 21:00,-1.8,0,.1,0,1027.6,1032.5,84.8,,
763,2020-01-01 22:00,-2.5,0,.3,0,1027.8,1032.7,87.1,,
763,2020-01-01 23:00,-3.3,0,0,0,1028,1032.9,91.9,,
763,2020-01-02 00:00,-4,0,0,0,1027.5,1032.5,93.9,,
763,2020-01-02 01:00,-4.5,0,0,0,1026.8,1031.8,94.8,,
763,2020-01-02 02:00,-4.3,0,0,0,1026.6,1031.6,95.3,,
763,2020-01-02 03:00,-3.5,0,0,0,1026.7,1031.6,94.7,,
763,2020-01-02 04:00,-3.1,0,0,0,1026.6,1031.5,93.8,,
763,2020-01-02 05:00,-4.1,0,.2,0,1026.4,1031.3,95.6,,
763,2020-01-02 06:00,-4.9,0,0,0,1026.5,1031.5,95.6,,
763,2020-01-02 07:00,-4.5,0,0,0,1027,1032,96.5,,
763,2020-01-02 08:00,-3.3,0,.2,0,1027.3,1032.2,95.6,,
763,2020-01-02 09:00,-2.1,0,.3,0,1027.5,1032.4,95.5,,
763,2020-01-02 10:00,-.5,291.4,.5,0,1027.5,1032.4,90.3,,
763,2020-01-02 11:00,.5,0,.3,0,1027.6,1032.5,84.6,,
763,2020-01-02 12:00,3.1,0,.4,0,1026.4,1031.2,75.3,,
763,2020-01-02 13:00,4.9,27.5,1,0,1025.3,1030.1,69.5,,
763,2020-01-02 14:00,5.1,315.7,1.2,0,1025.4,1030.2,63.8,,
763,2020-01-02 15:00,5.6,255.6,1.4,0,1025.5,1030.3,60.3,,
763,2020-01-02 16:00,5.2,230.4,1.1,0,1025.6,1030.4,62.6,,
763,2020-01-02 17:00,4.6,224.2,.6,0,1025.2,1030,67.2,,
763,2020-01-02 18:00,.8,0,0,0,1024.9,1029.8,83.9,,
763,2020-01-02 19:00,-.5,0,.2,0,1025.1,1030,89.9,,
763,2020-01-02 20:00,-1.1,0,.3,0,1025.3,1030.2,92.8,,
763,2020-01-02 21:00,-1,0,.1,0,1025.6,1030.5,93.3,,
763,2020-01-02 22:00,-.9,0,.1,0,1025.9,1030.8,93.9,,
763,2020-01-02 23:00,-.9,0,0,0,1025.6,1030.5,92.9,,
763,2020-01-03 00:00,-.7,0,0,0,1024.8,1029.7,94.6,,
763,2020-01-03 01:00,-1.9,0,0,0,1024.5,1029.4,96.8,,
763,2020-01-03 02:00,-2,0,0,0,1024.6,1029.5,97.8,,
763,2020-01-03 03:00,-1.1,19.2,.5,0,1024.4,1029.3,96.8,,
763,2020-01-03 04:00,-.9,0,.2,0,1024.6,1029.5,96.4,,
763,2020-01-03 05:00,-1.5,0,.1,0,1024.1,1029,97.1,,
763,2020-01-03 06:00,-1.3,0,0,0,1023.6,1028.5,96.4,,
763,2020-01-03 07:00,-1.4,0,0,0,1024,1028.9,97.4,,
763,2020-01-03 08:00,-1.4,0,0,0,1024.2,1029.1,97.2,,
763,2020-01-03 09:00,-.7,0,0,0,1024.5,1029.4,97.2,,
763,2020-01-03 10:00,2.1,0,.3,0,1025.1,1029.9,86.6,,
763,2020-01-03 11:00,4.6,89.9,.7,0,1024.7,1029.5,67.1,,
763,2020-01-03 12:00,5.4,18.2,1.8,0,1023.9,1028.7,63.3,,
763,2020-01-03 13:00,5.6,353,1.7,0,1023.2,1028,62,,
763,2020-01-03 14:00,6.3,26.6,.9,0,1022.3,1027,61.2,,
763,2020-01-03 15:00,6.3,248.7,.7,0,1021.8,1026.5,59.4,,
763,2020-01-03 16:00,6.2,274.6,1.7,0,1022.1,1026.8,61.5,,
763,2020-01-03 17:00,5.3,0,.3,0,1022,1026.8,66.8,,
763,2020-01-03 18:00,1.7,0,0,0,1022.7,1027.5,84.1,,
763,2020-01-03 19:00,1.7,0,.4,0,1023.1,1027.9,83.1,,
763,2020-01-03 20:00,-.5,0,0,0,1023.3,1028.2,91.9,,
763,2020-01-03 21:00,-1.2,0,.1,0,1023,1027.9,95.3,,
763,2020-01-03 22:00,-1.7,0,0,0,1023,1027.9,94.6,,
763,2020-01-03 23:00,-2.2,0,0,0,1022.8,1027.7,96.1,,
763,2020-01-04 00:00,-3.3,0,.1,0,1022.5,1027.4,94.9,,
763,2020-01-04 01:00,-3.6,0,.3,0,1022,1026.9,95,,
763,2020-01-04 02:00,-4.1,0,0,0,1022.2,1027.1,95.4,,
763,2020-01-04 03:00,-4,0,0,0,1022.5,1027.4,97,,
763,2020-01-04 04:00,-5,0,.2,0,1022.3,1027.2,95.7,,
763,2020-01-04 05:00,-4.7,0,0,0,1021.7,1026.6,95.7,,
763,2020-01-04 06:00,-4.6,0,.4,0,1021.7,1026.6,96.3,,
763,2020-01-04 07:00,-4.6,289.9,.6,0,1021.8,1026.7,95.8,,
763,2020-01-04 08:00,-3.7,0,.4,0,1022.1,1027,96.5,,
763,2020-01-04 09:00,-2.3,0,.1,0,1022.6,1027.5,94.8,,
763,2020-01-04 10:00,.1,139,.7,0,1022.7,1027.6,87.1,,
763,2020-01-04 11:00,2.4,23.1,1.2,0,1022.6,1027.4,83,,
763,2020-01-04 12:00,2.6,287.4,1.3,0,1022.4,1027.2,82.2,,
763,2020-01-04 13:00,4.9,81.9,.7,0,1021.5,1026.2,73.7,,
763,2020-01-04 14:00,6.6,269.8,1.6,0,1021.3,1026,64.4,,
763,2020-01-04 15:00,7,256.7,1,0,1021.3,1026,64.2,,
763,2020-01-04 16:00,6.7,247,1,0,1021.5,1026.2,66.6,,
763,2020-01-04 17:00,5.3,0,.1,0,1021.7,1026.5,72.7,,
763,2020-01-04 18:00,1.9,0,.1,0,1022,1026.8,87.5,,
763,2020-01-04 19:00,.5,116.6,.5,0,1022.6,1027.4,91.6,,
763,2020-01-04 20:00,-.9,0,0,0,1023.2,1028.1,95.8,,
763,2020-01-04 21:00,-1.8,0,.1,0,1023.6,1028.5,97.2,,
763,2020-01-04 22:00,-2.1,0,0,0,1024.3,1029.2,98.2,,
763,2020-01-04 23:00,-3,0,.1,0,1024.4,1029.3,97.8,,
763,2020-01-05 00:00,-3.3,0,0,0,1024.4,1029.3,97.6,,
763,2020-01-05 01:00,-3.8,0,0,0,1024.5,1029.4,96.2,,
763,2020-01-05 02:00,-3.8,0,0,0,1024.9,1029.8,96.3,,
763,2020-01-05 03:00,-4.5,0,0,0,1025.6,1030.6,95.5,,
763,2020-01-05 04:00,-5.2,0,0,0,1025.8,1030.8,96,,
763,2020-01-05 05:00,-5,0,.1,0,1025.9,1030.9,96.4,,
763,2020-01-05 06:00,-5.7,0,0,0,1026.1,1031.1,95.4,,
763,2020-01-05 07:00,-6.1,0,.4,0,1027,1032,94.8,,
763,2020-01-05 08:00,-6.4,0,0,0,1027.2,1032.2,95.2,,
763,2020-01-05 09:00,-4.4,0,0,0,1027.8,1032.8,94.5,,
763,2020-01-05 10:00,-1.5,0,.2,0,1028.2,1033.1,89.7,,
763,2020-01-05 11:00,.7,41.2,1,0,1027.9,1032.8,76.7,,
763,2020-01-05 12:00,3.7,49.6,1.2,0,1026.9,1031.7,57.2,,
763,2020-01-05 13:00,6.2,15.7,1.7,0,1026.2,1031,50.9,,
763,2020-01-05 14:00,7.3,333.8,1.9,0,1025.6,1030.3,41,,
763,2020-01-05 15:00,7.2,335,1.7,0,1025.6,1030.3,41.3,,
763,2020-01-05 16:00,7.2,346.1,1.7,0,1025.8,1030.5,39.5,,
763,2020-01-05 17:00,5.8,0,.1,0,1025.9,1030.7,46.8,,
763,2020-01-05 18:00,2.4,0,0,0,1026.4,1031.2,65.7,,
763,2020-01-05 19:00,1.6,0,.2,0,1026.5,1031.3,64,,
763,2020-01-05 20:00,.2,0,0,0,1026.2,1031.1,70.8,,
763,2020-01-05 21:00,.3,0,0,0,1025.9,1030.8,68.4,,
763,2020-01-05 22:00,-1.1,0,0,0,1025.8,1030.7,77.8,,
763,2020-01-05 23:00,-1.5,0,0,0,1025.7,1030.6,83.2,,
763,2020-01-06 00:00,-1.2,0,.4,0,1025.1,1030,73.6,,
763,2020-01-06 01:00,-1,0,0,0,1025.3,1030.2,80.1,,
763,2020-01-06 02:00,0,0,.2,0,1025,1029.9,75.5,,
763,2020-01-06 03:00,.4,0,0,0,1024.9,1029.8,75,,
763,2020-01-06 04:00,.5,274.3,.7,0,1025.4,1030.3,75.2,,
763,2020-01-06 05:00,.9,0,.1,0,1025.2,1030,71.5,,
763,2020-01-06 06:00,.6,0,.4,0,1025.1,1030,84.9,,
763,2020-01-06 07:00,.4,258,.5,.5,1025,1029.9,93.4,,
763,2020-01-06 08:00,.6,0,.4,.5,1024.2,1029.1,96.6,,
763,2020-01-06 09:00,1,0,.4,0,1024.3,1029.1,96,,
763,2020-01-06 10:00,1.3,0,.1,.5,1024,1028.8,96.9,,
763,2020-01-06 11:00,2.6,0,.4,.5,1023,1027.8,98.3,,
763,2020-01-06 12:00,3.8,304.6,.6,0,1022.6,1027.4,98.6,,
763,2020-01-06 13:00,4.4,0,.4,0,1021,1025.8,97.1,,
763,2020-01-06 14:00,4.7,0,0,0,1020,1024.7,97.7,,
763,2020-01-06 15:00,5,0,.2,.5,1019.3,1024.1,98.4,,
763,2020-01-06 16:00,5.1,312.8,.6,0,1018.8,1023.5,97.7,,
763,2020-01-06 17:00,5,302.9,.5,.5,1018.3,1023,99,,
763,2020-01-06 18:00,5,283,.5,.5,1017.8,1022.5,99.6,,
763,2020-01-06 19:00,5.2,0,.3,3,1017.6,1022.3,99.9,,
763,2020-01-06 20:00,5.3,309.3,.6,2,1017.3,1022,99.9,,
763,2020-01-06 21:00,5.4,4,.8,.5,1016.7,1021.4,99.9,,
763,2020-01-06 22:00,5.4,348.8,1.8,1,1016.3,1021,99.9,,
763,2020-01-06 23:00,5.5,0,0,1,1015.6,1020.3,99.5,,
763,2020-01-07 00:00,5.5,0,.4,2,1014.7,1019.4,99.7,,
763,2020-01-07 01:00,5.6,326.3,.7,2.5,1014.4,1019.1,99.8,,
763,2020-01-07 02:00,5.7,0,.4,3.5,1013.2,1017.9,99.9,,
763,2020-01-07 03:00,5.8,295.4,.7,1.5,1012.6,1017.3,99.9,,
763,2020-01-07 04:00,6,302.3,1.1,1,1012,1016.7,99.9,,
763,2020-01-07 05:00,6,19,.5,3.5,1011.5,1016.2,99.9,,
763,2020-01-07 06:00,6,0,0,3,1011.4,1016.1,99.9,,
763,2020-01-07 07:00,6.2,295.6,.8,1.5,1011.7,1016.4,99.9,,
763,2020-01-07 08:00,6.2,0,0,2.5,1011.3,1016,99.9,,
763,2020-01-07 09:00,6.3,0,.2,2,1011.3,1016,99.9,,
763,2020-01-07 10:00,6.5,0,.1,.5,1011,1015.7,99.9,,
763,2020-01-07 11:00,6.9,0,.3,.5,1010,1014.7,99.9,,
763,2020-01-07 12:00,7.2,9.5,.6,1,1008.7,1013.4,99.9,,
763,2020-01-07 13:00,7.5,0,.4,1,1007.2,1011.8,99.9,,
763,2020-01-07 14:00,7.8,0,.4,2,1005.8,1010.4,99.9,,
763,2020-01-07 15:00,8.1,0,.3,4.5,1004.7,1009.3,99.9,,
763,2020-01-07 16:00,8.9,0,.3,4.5,1003.9,1008.5,99.9,,
763,2020-01-07 17:00,15.1,158.1,1.9,1.5,1002.3,1006.8,99.9,,
763,2020-01-07 18:00,15.7,160.5,2,2.5,1000.9,1005.4,97.5,,
763,2020-01-07 19:00,15.8,154.9,1.7,6,999.4,1003.9,97.8,,
763,2020-01-07 20:00,16,190.4,2.2,4.5,998.9,1003.4,97.8,,
763,2020-01-07 21:00,14.8,177.4,2.7,1.5,999,1003.5,91.4,,
763,2020-01-07 22:00,14.1,190.3,2.2,4.5,998.8,1003.3,95.1,,
763,2020-01-07 23:00,11.5,240.6,4.8,1.5,998.5,1003,96.2,,
763,2020-01-08 00:00,10.3,240.7,5.7,1,999.2,1003.8,94.3,,
763,2020-01-08 01:00,8,234.8,3.4,0,1000.9,1005.5,94.2,,
763,2020-01-08 02:00,7.6,268.9,3.4,.5,1001.3,1005.9,95.5,,
763,2020-01-08 03:00,6.6,266.5,6.1,.5,1003,1007.6,91.6,,
763,2020-01-08 04:00,5.6,260.6,7,.5,1004.4,1009.1,91,,
763,2020-01-08 05:00,5.2,264.6,4,.5,1005.3,1010,93.6,,
763,2020-01-08 06:00,5.2,267.2,6.4,.5,1006.2,1010.9,93,,
763,2020-01-08 07:00,5.1,266.1,4.4,0,1007.5,1012.2,92.1,,
763,2020-01-08 08:00,4.9,276.4,4.6,0,1008.9,1013.6,89.5,,
763,2020-01-08 09:00,4.7,265.5,4.8,0,1010.4,1015.1,90.5,,
763,2020-01-08 10:00,4.7,276.2,4.6,0,1011.9,1016.6,88,,
763,2020-01-08 11:00,4.7,273.8,3.9,0,1012.9,1017.6,86.9,,
763,2020-01-08 12:00,4.5,278.9,3.5,0,1013.2,1017.9,87.5,,
763,2020-01-08 13:00,4.5,267,3.8,0,1013.5,1018.2,90.1,,
763,2020-01-08 14:00,4.5,279.2,2.2,0,1013.8,1018.5,90.2,,
763,2020-01-08 15:00,4.3,266.7,2.4,0,1014.3,1019,89.5,,
763,2020-01-08 16:00,4.4,274.2,2.2,0,1015,1019.7,88.4,,
763,2020-01-08 17:00,3.9,272,2.7,0,1016.2,1020.9,91.2,,
763,2020-01-08 18:00,3.8,269.8,2.1,0,1017,1021.8,92.2,,
763,2020-01-08 19:00,3.8,274.8,2.7,0,1017.9,1022.7,90.3,,
763,2020-01-08 20:00,3.6,276.6,2.6,0,1018.6,1023.4,91.1,,
763,2020-01-08 21:00,3.6,285.8,2.4,0,1019.1,1023.9,84.5,,
763,2020-01-08 22:00,3.5,291.4,1.9,0,1019.5,1024.3,78.8,,
763,2020-01-08 23:00,3.1,333.9,.5,0,1019.7,1024.5,82,,
763,2020-01-09 00:00,3.1,0,.4,0,1019.8,1024.6,79.7,,
763,2020-01-09 01:00,2.2,0,0,0,1019.6,1024.4,92,,
763,2020-01-09 02:00,2.4,337.1,1.1,0,1019.6,1024.4,77,,
763,2020-01-09 03:00,1.7,350.6,.7,0,1019.6,1024.4,83,,
763,2020-01-09 04:00,1.9,324,.8,0,1019.5,1024.3,73.2,,
763,2020-01-09 05:00,1.5,0,.1,0,1019.7,1024.5,84.1,,
763,2020-01-09 06:00,.5,0,0,0,1020.1,1024.9,88.6,,
763,2020-01-09 07:00,-.8,0,0,0,1020.5,1025.4,95.5,,
763,2020-01-09 08:00,-1.5,0,.3,0,1020.7,1025.6,95.9,,
763,2020-01-09 09:00,-.3,0,0,0,1020.9,1025.7,93.6,,
763,2020-01-09 10:00,1.9,311.3,1.8,0,1021.6,1026.4,69.7,,
763,2020-01-09 11:00,2.3,297.2,2.2,0,1021.5,1026.3,68.1,,
763,2020-01-09 12:00,3.5,301.6,.8,0,1020.4,1025.2,67.5,,
763,2020-01-09 13:00,3.8,282,1.5,0,1019.7,1024.5,61.2,,
763,2020-01-09 14:00,4.3,347.3,1.8,0,1019.1,1023.9,57.8,,
763,2020-01-09 15:00,4.9,278,1.6,0,1019.2,1023.9,56.4,,
763,2020-01-09 16:00,4.5,288.8,.7,0,1019.3,1024,56.2,,
763,2020-01-09 17:00,4.1,273.8,1.8,0,1019.5,1024.3,63.9,,
763,2020-01-09 18:00,2.7,269.8,1.7,0,1020,1024.8,68.9,,
763,2020-01-09 19:00,.4,0,.2,0,1020.6,1025.4,84.7,,
763,2020-01-09 20:00,-.7,0,0,0,1020.9,1025.8,90.7,,
763,2020-01-09 21:00,-1.6,0,0,0,1021.3,1026.2,95.2,,
763,2020-01-09 22:00,-2.5,0,0,0,1021.6,1026.5,96.6,,
763,2020-01-09 23:00,-2.4,0,0,0,1021.7,1026.6,97.3,,
763,2020-01-10 00:00,-2.9,0,0,0,1021.4,1026.3,96.3,,
763,2020-01-10 01:00,-3.1,0,0,0,1021.4,1026.3,97.1,,
763,2020-01-10 02:00,-3.6,0,0,0,1021.2,1026.1,97.1,,
763,2020-01-10 03:00,-3.9,0,0,0,1021.5,1026.4,97.1,,
763,2020-01-10 04:00,-4.4,0,0,0,1021.1,1026,96.9,,
763,2020-01-10 05:00,-4.2,0,0,0,1020.6,1025.5,97.1,,
763,2020-01-10 06:00,-4.6,0,0,0,1020.3,1025.2,97.2,,
763,2020-01-10 07:00,-4.7,0,0,0,1020.9,1025.8,96.6,,
763,2020-01-10 08:00,-4.5,0,0,0,1021.1,1026,96.9,,
763,2020-01-10 09:00,-3.6,0,0,0,1022,1026.9,96.4,,
763,2020-01-10 10:00,-1.5,0,.2,0,1022.2,1027.1,91.6,,
763,2020-01-10 11:00,-.4,26.2,.9,0,1021.5,1026.4,84.4,,
763,2020-01-10 12:00,1.5,32.1,1.3,0,1019.7,1024.5,73,,
763,2020-01-10 13:00,3.5,19.5,1.5,0,1018.6,1023.4,63.9,,
763,2020-01-10 14:00,4.8,359.3,2.5,0,1018.4,1023.1,57,,
763,2020-01-10 15:00,5.1,323.1,1.6,0,1018.4,1023.1,43.2,,
763,2020-01-10 16:00,5.5,306.5,.8,0,1018.3,1023,45.7,,
763,2020-01-10 17:00,4.7,263.1,1.8,0,1018.7,1023.4,57.5,,
763,2020-01-10 18:00,2.6,260.1,1,0,1018.9,1023.7,69.7,,
763,2020-01-10 19:00,.4,0,.3,0,1018.6,1023.4,80.2,,
763,2020-01-10 20:00,-1,0,0,0,1018.6,1023.5,87.8,,
763,2020-01-10 21:00,-1.5,0,.2,0,1018.8,1023.7,91.8,,
763,2020-01-10 22:00,-2.2,0,0,0,1018.3,1023.2,94.8,,
763,2020-01-10 23:00,-2.6,0,0,0,1018.8,1023.7,95.4,,
763,2020-01-11 00:00,-2.5,0,0,0,1018.7,1023.6,93.5,,
763,2020-01-11 01:00,-2.7,0,0,0,1018.4,1023.3,92.9,,
763,2020-01-11 02:00,-2.6,0,0,0,1018.2,1023.1,94.3,,
763,2020-01-11 03:00,-3.2,0,0,0,1018,1022.9,94.5,,
763,2020-01-11 04:00,-3.4,0,0,0,1017.7,1022.6,95.3,,
763,2020-01-11 05:00,-3.8,0,0,0,1017.5,1022.4,95.9,,
763,2020-01-11 06:00,-2.3,0,.1,0,1017.8,1022.7,91.7,,
763,2020-01-11 07:00,-1.7,0,0,0,1017.7,1022.6,92,,
763,2020-01-11 08:00,-1.7,0,.3,0,1017.4,1022.3,91.5,,
763,2020-01-11 09:00,-1.5,274,.5,0,1017.8,1022.7,92.8,,
763,2020-01-11 10:00,0,33.9,.6,0,1018.3,1023.1,84.6,,
763,2020-01-11 11:00,2.4,25.4,1,0,1018,1022.8,75.9,,
763,2020-01-11 12:00,4.6,27.1,.8,0,1017.1,1021.8,65.9,,
763,2020-01-11 13:00,5.6,35.9,1.9,0,1015.9,1020.6,55.3,,
763,2020-01-11 14:00,5.7,358,1.4,0,1015,1019.7,58,,
763,2020-01-11 15:00,6.4,18,1.3,0,1014.5,1019.2,55.7,,
763,2020-01-11 16:00,6,0,.4,0,1014.4,1019.1,58,,
763,2020-01-11 17:00,5.7,252.2,.6,0,1014.1,1018.8,59.6,,
763,2020-01-11 18:00,4.9,331.8,1.3,0,1014.3,1019,55.6,,
763,2020-01-11 19:00,3.9,326.6,1.4,0,1014.8,1019.5,56.1,,
763,2020-01-11 20:00,2.7,336.9,1.7,0,1015.3,1020.1,52.5,,
763,2020-01-11 21:00,1.7,342.8,1.2,0,1015.6,1020.4,55.5,,
763,2020-01-11 22:00,.9,315.4,.7,0,1015.7,1020.5,64.8,,
763,2020-01-11 23:00,.4,0,0,0,1015.7,1020.5,73.2,,
763,2020-01-12 00:00,.4,0,.1,0,1015.2,1020,71.9,,
763,2020-01-12 01:00,.1,0,.1,0,1014.6,1019.4,80.9,,
763,2020-01-12 02:00,.3,0,0,0,1014.8,1019.6,75.9,,
763,2020-01-12 03:00,.1,0,0,0,1014.7,1019.5,78.2,,
763,2020-01-12 04:00,.1,0,.2,0,1014,1018.8,77.9,,
763,2020-01-12 05:00,-1.2,0,.1,0,1013.7,1018.5,87.1,,
763,2020-01-12 06:00,-1.9,0,0,0,1013.8,1018.6,91.9,,
763,2020-01-12 07:00,-1.9,0,0,0,1014.5,1019.3,91.8,,
763,2020-01-12 08:00,-1.2,0,.1,0,1014.9,1019.7,90.2,,
763,2020-01-12 09:00,0,0,0,0,1014.8,1019.6,87.1,,
763,2020-01-12 10:00,1.3,0,.2,0,1015.4,1020.2,68.2,,
763,2020-01-12 11:00,2.5,3.8,.5,0,1015.6,1020.4,63.5,,
763,2020-01-12 12:00,3.1,238.6,1.1,0,1014.8,1019.6,63.4,,
763,2020-01-12 13:00,3.7,275.1,3.9,0,1014,1018.7,63.3,,
763,2020-01-12 14:00,4,266.9,3.2,0,1013.7,1018.4,58.7,,
763,2020-01-12 15:00,4.2,272.4,4.2,0,1013.7,1018.4,54.7,,
763,2020-01-12 16:00,3.6,276.9,3.8,0,1014,1018.7,59.8,,
763,2020-01-12 17:00,2.9,300,2.4,0,1014.5,1019.3,58.9,,
763,2020-01-12 18:00,2.8,302.6,1.4,0,1014.9,1019.7,62.1,,
763,2020-01-12 19:00,2.4,292.1,.6,0,1015.4,1020.2,66.7,,
763,2020-01-12 20:00,2.5,269.1,.8,0,1015.8,1020.6,64.7,,
763,2020-01-12 21:00,2.5,279.3,2.6,0,1016.3,1021.1,67.1,,
763,2020-01-12 22:00,1.8,12.8,.8,0,1016.9,1021.7,70.7,,
763,2020-01-12 23:00,1.6,0,0,0,1017.1,1021.9,72.4,,
763,2020-01-13 00:00,1.3,0,0,0,1017,1021.8,75.9,,
763,2020-01-13 01:00,1.2,0,.1,0,1016.5,1021.3,77.7,,
763,2020-01-13 02:00,.9,0,0,0,1016.9,1021.7,79.8,,
763,2020-01-13 03:00,1.1,0,.4,0,1017.1,1021.9,80.4,,
763,2020-01-13 04:00,1.4,0,.4,0,1016.9,1021.7,75,,
763,2020-01-13 05:00,1.4,0,.3,0,1017,1021.8,76.2,,
763,2020-01-13 06:00,1.9,270.7,1.4,0,1017.3,1022.1,69.2,,
763,2020-01-13 07:00,1.8,293.5,2.7,0,1018.2,1023,72.1,,
763,2020-01-13 08:00,.9,0,.2,0,1018.2,1023,85.6,,
763,2020-01-13 09:00,2,278,2.4,0,1018.6,1023.4,75.7,,
763,2020-01-13 10:00,1.1,5.1,.9,0,1019.7,1024.5,87.8,,
763,2020-01-13 11:00,2.1,303.5,1.8,0,1020.1,1024.9,70.8,,
763,2020-01-13 12:00,2.8,311.5,2.7,0,1019.7,1024.5,60.8,,
763,2020-01-13 13:00,2.9,284.4,4.4,0,1019,1023.8,56.6,,
763,2020-01-13 14:00,2.7,319.3,2.6,0,1019.5,1024.3,52.6,,
763,2020-01-13 15:00,3,276.6,3.2,0,1019.1,1023.9,50.9,,
763,2020-01-13 16:00,2.9,339.2,1.8,0,1019.2,1024,48.1,,
763,2020-01-13 17:00,1.9,340.9,1.3,0,1019.5,1024.3,49.1,,
763,2020-01-13 18:00,.1,336.7,.8,0,1019.8,1024.6,58.6,,
763,2020-01-13 19:00,-1.7,0,.1,0,1020.9,1025.8,71.2,,
763,2020-01-13 20:00,-2.9,95.3,.6,0,1021.2,1026.1,76,,
763,2020-01-13 21:00,-3.4,0,.1,0,1021.5,1026.4,81.5,,
763,2020-01-13 22:00,-2.7,0,0,0,1021.8,1026.7,70.4,,
763,2020-01-13 23:00,-3.7,0,.1,0,1022.2,1027.1,82.8,,
763,2020-01-14 00:00,-2.1,135.5,.5,0,1021.7,1026.6,69.3,,
763,2020-01-14 01:00,-2.3,0,0,0,1021.6,1026.5,81.7,,
763,2020-01-14 02:00,-1.3,0,.2,0,1021.6,1026.5,71,,
763,2020-01-14 03:00,-1.6,0,.2,0,1021.3,1026.2,76.4,,
763,2020-01-14 04:00,-1.7,0,0,0,1021,1025.9,78.1,,
763,2020-01-14 05:00,-2.2,0,.2,0,1020.8,1025.7,85.2,,
763,2020-01-14 06:00,-2.6,0,.3,0,1021.1,1026,87.2,,
763,2020-01-14 07:00,-2.5,0,.2,0,1021.2,1026.1,85.1,,
763,2020-01-14 08:00,-3.4,274.3,.5,0,1021.2,1026.1,90.4,,
763,2020-01-14 09:00,-2,259.6,.5,0,1021.6,1026.5,84.2,,
763,2020-01-14 10:00,-.8,88.6,1,0,1021.8,1026.7,73.1,,
763,2020-01-14 11:00,1.3,285.8,.9,0,1021.8,1026.6,64,,
763,2020-01-14 12:00,2.8,4.9,2,0,1020.9,1025.7,55.1,,
763,2020-01-14 13:00,3.5,359.8,2.1,0,1020.2,1025,49.4,,
763,2020-01-14 14:00,4.2,341,1.9,0,1019.9,1024.7,47.7,,
763,2020-01-14 15:00,4.4,7.7,1.9,0,1020.1,1024.9,48.7,,
763,2020-01-14 16:00,3.9,345,.7,0,1020.3,1025.1,50.2,,
763,2020-01-14 17:00,3.2,284.2,1.6,0,1020.7,1025.5,58.2,,
763,2020-01-14 18:00,1.4,0,.4,0,1021.4,1026.2,70.1,,
763,2020-01-14 19:00,.8,0,0,0,1022.1,1026.9,73.2,,
763,2020-01-14 20:00,1.3,347.9,.7,0,1022.7,1027.5,69.2,,
763,2020-01-14 21:00,.5,0,.3,0,1023.2,1028,74,,
763,2020-01-14 22:00,.2,345.3,.9,0,1023.7,1028.6,70.3,,
763,2020-01-14 23:00,-2,0,.4,0,1024,1028.9,82.6,,
763,2020-01-15 00:00,-2.5,0,.3,0,1023.8,1028.7,87.2,,
763,2020-01-15 01:00,-2.5,0,.2,0,1024.2,1029.1,86.5,,
763,2020-01-15 02:00,-3.7,0,.1,0,1024,1028.9,88.6,,
763,2020-01-15 03:00,-4.1,0,.2,0,1023.9,1028.8,88.5,,
763,2020-01-15 04:00,-4.3,0,0,0,1023.8,1028.7,89.9,,
763,2020-01-15 05:00,-3.8,0,.2,0,1023.7,1028.6,89.9,,
763,2020-01-15 06:00,-3.1,0,.2,0,1024.4,1029.3,89.3,,
763,2020-01-15 07:00,-2.7,0,0,0,1024.9,1029.8,87.8,,
763,2020-01-15 08:00,-4.1,0,0,0,1025.1,1030,94.3,,
763,2020-01-15 09:00,-2.2,0,0,0,1025.5,1030.4,88.7,,
763,2020-01-15 10:00,-.1,37.6,1.1,0,1025.9,1030.8,67.6,,
763,2020-01-15 11:00,.6,23.5,2.1,0,1026.1,1031,62,,
763,2020-01-15 12:00,1.5,2.1,1.7,0,1025.4,1030.2,59.3,,
763,2020-01-15 13:00,2,359.1,1.3,0,1024.3,1029.1,56.5,,
763,2020-01-15 14:00,3.1,352.3,1.9,0,1023.8,1028.6,52.9,,
763,2020-01-15 15:00,2.6,3.2,1.5,0,1023.6,1028.4,49.7,,
763,2020-01-15 16:00,3.5,357.2,1.2,0,1023.5,1028.3,46.8,,
763,2020-01-15 17:00,2.5,350,1.4,0,1023.9,1028.7,51.3,,
763,2020-01-15 18:00,.9,331,1,0,1024.4,1029.2,58.3,,
763,2020-01-15 19:00,-.6,325.5,1.2,0,1024.8,1029.7,68.5,,
763,2020-01-15 20:00,-2.6,0,.1,0,1025.2,1030.1,80.7,,
763,2020-01-15 21:00,-2.6,0,0,0,1025,1029.9,81.3,,
763,2020-01-15 22:00,-3,0,0,0,1024.7,1029.6,82.8,,
763,2020-01-15 23:00,-3.3,0,0,0,1024.5,1029.4,85.9,,
763,2020-01-16 00:00,-4.1,0,0,0,1023.6,1028.5,88.4,,
763,2020-01-16 01:00,-4.2,0,.1,0,1023.8,1028.7,88,,
763,2020-01-16 02:00,-5,0,0,0,1024.3,1029.3,90.3,,
763,2020-01-16 03:00,-5.1,0,0,0,1024.7,1029.7,91.2,,
763,2020-01-16 04:00,-4.7,0,0,0,1025.1,1030.1,91,,
763,2020-01-16 05:00,-4.5,0,0,0,1024.6,1029.5,89.5,,
763,2020-01-16 06:00,-4.7,0,0,0,1024.7,1029.7,91.7,,
763,2020-01-16 07:00,-5,0,0,0,1024.8,1029.8,93.7,,
763,2020-01-16 08:00,-4.3,0,.2,0,1024.2,1029.1,90.2,,
763,2020-01-16 09:00,-2.9,0,.1,0,1024.3,1029.2,83.6,,
763,2020-01-16 10:00,-1.8,10.6,.7,0,1024.4,1029.3,80,,
763,2020-01-16 11:00,1.1,17.2,1.4,0,1024.3,1029.1,60.6,,
763,2020-01-16 12:00,2.2,1.7,2.2,0,1023.7,1028.5,51.3,,
763,2020-01-16 13:00,2.3,342.2,1.7,0,1022.6,1027.4,44.6,,
763,2020-01-16 14:00,3.5,359.6,2.4,0,1021.7,1026.5,37.9,,
763,2020-01-16 15:00,4.2,7.8,2.5,0,1021.3,1026.1,32.5,,
763,2020-01-16 16:00,4.3,351.7,1.7,0,1021.1,1025.9,31.8,,
763,2020-01-16 17:00,3.7,329.4,1.2,0,1021.1,1025.9,35.7,,
763,2020-01-16 18:00,.7,0,0,0,1021.5,1026.3,53,,
763,2020-01-16 19:00,.7,95.2,.8,0,1021.8,1026.6,49.3,,
763,2020-01-16 20:00,-.2,0,.2,0,1021.9,1026.8,56.4,,
763,2020-01-16 21:00,-.4,0,.1,0,1022.1,1027,51.2,,
763,2020-01-16 22:00,-.7,318.6,.7,0,1021.7,1026.6,54.6,,
763,2020-01-16 23:00,-1.4,0,.1,0,1021.9,1026.8,58.8,,
763,2020-01-17 00:00,-1.5,0,.4,0,1021.5,1026.4,61.4,,
763,2020-01-17 01:00,-2.9,0,0,0,1021.1,1026,78.9,,
763,2020-01-17 02:00,-2.9,0,.1,0,1021,1025.9,77.9,,
763,2020-01-17 03:00,-2.4,0,0,0,1020.9,1025.8,75.1,,
763,2020-01-17 04:00,-2.4,0,0,0,1020.7,1025.6,73.9,,
763,2020-01-17 05:00,-2.7,0,0,0,1020.1,1025,76.6,,
763,2020-01-17 06:00,-3.4,0,0,0,1020,1024.9,80.2,,
763,2020-01-17 07:00,-3.2,0,0,0,1020.3,1025.2,81.1,,
763,2020-01-17 08:00,-3.4,0,0,0,1020.2,1025.1,82.6,,
763,2020-01-17 09:00,-2.2,0,0,0,1020.2,1025.1,80.2,,
763,2020-01-17 10:00,-.6,334.6,.7,0,1020.5,1025.4,66.3,,
763,2020-01-17 11:00,1.1,8.6,.9,0,1020.8,1025.6,57.3,,
763,2020-01-17 12:00,2.4,35.2,1.2,0,1020.1,1024.9,47.8,,
763,2020-01-17 13:00,3.3,18.1,1.7,0,1018.8,1023.6,42,,
763,2020-01-17 14:00,4.5,21,1.3,0,1017.9,1022.6,39.4,,
763,2020-01-17 15:00,4.5,337.7,1.5,0,1017.6,1022.3,36,,
763,2020-01-17 16:00,4.8,309.4,1.2,0,1017.5,1022.2,33.9,,
763,2020-01-17 17:00,4.2,0,.3,0,1017.4,1022.1,37.3,,
763,2020-01-17 18:00,.7,0,.1,0,1017.8,1022.6,53.4,,
763,2020-01-17 19:00,-1.3,0,0,0,1017.9,1022.8,65.2,,
763,2020-01-17 20:00,-2.5,0,.1,0,1018.2,1023.1,70.1,,
763,2020-01-17 21:00,-2.7,0,.1,0,1018.3,1023.2,78.2,,
763,2020-01-17 22:00,-3.4,0,0,0,1018.7,1023.6,82.2,,
763,2020-01-17 23:00,-4.3,0,.2,0,1018.7,1023.6,85.6,,
763,2020-01-18 00:00,-4.5,0,.3,0,1018.9,1023.8,88.6,,
763,2020-01-18 01:00,-4.7,0,.1,0,1018.8,1023.7,84.8,,
763,2020-01-18 02:00,-4.6,0,.3,0,1018.6,1023.5,86.9,,
763,2020-01-18 03:00,-5.5,0,.2,0,1018.3,1023.2,87.6,,
763,2020-01-18 04:00,-5.6,0,0,0,1018.1,1023,89.1,,
763,2020-01-18 05:00,-5.9,0,0,0,1018,1022.9,90.8,,
763,2020-01-18 06:00,-5.6,0,.1,0,1018,1022.9,92.4,,
763,2020-01-18 07:00,-5.5,0,0,0,1018.6,1023.5,90,,
763,2020-01-18 08:00,-6.4,0,.2,0,1018.9,1023.9,92.7,,
763,2020-01-18 09:00,-4.3,0,0,0,1019,1023.9,89.3,,
763,2020-01-18 10:00,-1.2,0,.4,0,1019.2,1024.1,75.1,,
763,2020-01-18 11:00,1.7,18.1,.7,0,1019.3,1024.1,65.4,,
763,2020-01-18 12:00,3.3,333,1.3,0,1018.9,1023.7,49.6,,
763,2020-01-18 13:00,4.4,20.4,1.2,0,1017.7,1022.4,44,,
763,2020-01-18 14:00,5.1,253.3,1.3,0,1017.1,1021.8,42,,
763,2020-01-18 15:00,5.7,263.5,1.5,0,1016.9,1021.6,35.8,,
763,2020-01-18 16:00,6.2,224.6,1.2,0,1016.5,1021.2,36.6,,
763,2020-01-18 17:00,5.5,237.1,1.6,0,1017.4,1022.1,48.7,,
763,2020-01-18 18:00,3.7,233.9,1.2,0,1017.9,1022.7,60.3,,
763,2020-01-18 19:00,2.2,258.1,.6,0,1018.1,1022.9,64.9,,
763,2020-01-18 20:00,-.9,0,0,0,1018.1,1022.9,79.6,,
763,2020-01-18 21:00,-2,0,.2,0,1018,1022.9,85.7,,
763,2020-01-18 22:00,-1.8,0,.4,0,1018.3,1023.2,81.7,,
763,2020-01-18 23:00,-2.2,0,.3,0,1018,1022.9,84.4,,
763,2020-01-19 00:00,-2.4,0,.2,0,1017.4,1022.3,85.7,,
763,2020-01-19 01:00,-3,0,0,0,1017.1,1022,90.2,,
763,2020-01-19 02:00,-3.2,0,.1,0,1016.9,1021.8,92.9,,
763,2020-01-19 03:00,-2.6,0,0,0,1017.7,1022.6,91.4,,
763,2020-01-19 04:00,-2,0,.2,0,1017,1021.9,89.8,,
763,2020-01-19 05:00,-1.3,4.4,.7,0,1016.2,1021,90.5,,
763,2020-01-19 06:00,-1.3,0,.2,0,1016,1020.8,90.9,,
763,2020-01-19 07:00,-1.1,0,.1,0,1016.1,1020.9,93,,
763,2020-01-19 08:00,2.5,167.1,1.3,0,1016,1020.8,71.8,,
763,2020-01-19 09:00,-.1,12.9,1.4,0,1016.3,1021.1,89.2,,
763,2020-01-19 10:00,4.1,214,1.1,0,1016.5,1021.2,68,,
763,2020-01-19 11:00,5.7,204.4,.9,0,1016.6,1021.3,62.7,,
763,2020-01-19 12:00,5.6,199.6,1,0,1016.1,1020.8,64.1,,
763,2020-01-19 13:00,7.5,228.9,1.7,0,1014.9,1019.6,57.7,,
763,2020-01-19 14:00,8,262.4,4.3,0,1014.3,1019,53.9,,
763,2020-01-19 15:00,7.3,272.5,5,0,1014.5,1019.2,56.7,,
763,2020-01-19 16:00,6.9,273.9,4.5,0,1014.7,1019.4,54.7,,
763,2020-01-19 17:00,6,269.5,2.8,0,1015,1019.7,59.1,,
763,2020-01-19 18:00,4.8,267,1.8,0,1015.5,1020.2,63.2,,
763,2020-01-19 19:00,4,242.5,1.2,0,1016.1,1020.8,67.7,,
763,2020-01-19 20:00,3.1,220.2,.6,0,1016.4,1021.2,69.8,,
763,2020-01-19 21:00,3.2,221.8,.9,0,1016.4,1021.2,66.3,,
763,2020-01-19 22:00,2.7,0,.2,0,1016.6,1021.4,68.5,,
763,2020-01-19 23:00,.5,0,.2,0,1016.9,1021.7,79.2,,
763,2020-01-20 00:00,.2,0,.3,0,1017.1,1021.9,83,,
763,2020-01-20 01:00,1.2,0,.4,0,1017.2,1022,80.8,,
763,2020-01-20 02:00,1.3,0,.1,0,1017.1,1021.9,80.1,,
763,2020-01-20 03:00,1.4,0,.3,0,1017.1,1021.9,79.5,,
763,2020-01-20 04:00,-.8,0,.3,0,1017.2,1022,87.2,,
763,2020-01-20 05:00,-.5,0,.1,0,1017.1,1021.9,85,,
763,2020-01-20 06:00,.5,0,.1,0,1017.2,1022,81.7,,
763,2020-01-20 07:00,.1,0,.2,0,1018,1022.8,83.5,,
763,2020-01-20 08:00,-.9,0,0,0,1018,1022.8,88.9,,
763,2020-01-20 09:00,1.1,286.4,1.5,0,1018.9,1023.7,84.3,,
763,2020-01-20 10:00,2.1,0,.1,0,1019.5,1024.3,80,,
763,2020-01-20 11:00,5.7,305.8,1.7,0,1019.6,1024.3,55.1,,
763,2020-01-20 12:00,5.8,288.1,2.9,0,1019.6,1024.3,46.9,,
763,2020-01-20 13:00,6.7,292.3,3.6,0,1018.7,1023.4,37.5,,
763,2020-01-20 14:00,6.5,284.2,5.3,0,1018.5,1023.2,41.2,,
763,2020-01-20 15:00,6.8,286.1,5.1,0,1018.6,1023.3,44.1,,
763,2020-01-20 16:00,6.4,286.8,3.8,0,1019.1,1023.8,48.5,,
763,2020-01-20 17:00,5,276,3.3,0,1019.6,1024.4,63,,
763,2020-01-20 18:00,4.7,279.5,3.1,0,1020,1024.7,66,,
763,2020-01-20 19:00,3.7,295.5,1.1,0,1020.8,1025.6,73.8,,
763,2020-01-20 20:00,1.4,293.5,.6,0,1021.3,1026.1,81.9,,
763,2020-01-20 21:00,-1.1,295.3,.7,0,1022.3,1027.2,89,,
763,2020-01-20 22:00,-2.2,0,.3,0,1023.1,1028,88.7,,
763,2020-01-20 23:00,-1.8,0,.3,0,1023.8,1028.7,80.8,,
763,2020-01-21 00:00,-.1,332.3,1.6,0,1024.5,1029.4,59.8,,
763,2020-01-21 01:00,-2.8,17,.8,0,1024.9,1029.8,73.5,,
763,2020-01-21 02:00,-3.9,0,.1,0,1025,1029.9,79.5,,
763,2020-01-21 03:00,-4.8,0,0,0,1025.3,1030.3,87.1,,
763,2020-01-21 04:00,-5.5,0,.1,0,1025.4,1030.4,88.6,,
763,2020-01-21 05:00,-5.3,0,0,0,1025.6,1030.6,83.6,,
763,2020-01-21 06:00,-6.5,0,0,0,1026.3,1031.3,89.3,,
763,2020-01-21 07:00,-6.7,0,.1,0,1027.4,1032.4,87.5,,
763,2020-01-21 08:00,-7,0,.2,0,1027.7,1032.7,86.2,,
763,2020-01-21 09:00,-3.8,0,.1,0,1028,1033,73.9,,
763,2020-01-21 10:00,-1.4,24.6,.8,0,1028.2,1033.1,59.8,,
763,2020-01-21 11:00,.9,20.4,1.2,0,1028.2,1033.1,44.9,,
763,2020-01-21 12:00,2.5,359.5,1.6,0,1026.9,1031.7,35.9,,
763,2020-01-21 13:00,3.9,332.8,1.9,0,1025.4,1030.2,34.5,,
763,2020-01-21 14:00,5.5,349.5,2,0,1024.3,1029.1,30.8,,
763,2020-01-21 15:00,6.1,339.7,1.6,0,1023.9,1028.6,29.6,,
763,2020-01-21 16:00,6.4,333,1.9,0,1023.4,1028.1,28.9,,
763,2020-01-21 17:00,5.8,311.8,1.2,0,1024,1028.8,32.3,,
763,2020-01-21 18:00,1.7,0,0,0,1024.4,1029.2,51.8,,
763,2020-01-21 19:00,-.5,0,0,0,1025.1,1030,61.7,,
763,2020-01-21 20:00,-.5,0,.2,0,1025.4,1030.3,53.2,,
763,2020-01-21 21:00,-.8,0,0,0,1025.3,1030.2,65.3,,
763,2020-01-21 22:00,-1.6,0,.1,0,1024.9,1029.8,68.5,,
763,2020-01-21 23:00,-1.7,0,0,0,1025.2,1030.1,68.2,,
763,2020-01-22 00:00,-2.2,0,0,0,1024.6,1029.5,71.4,,
763,2020-01-22 01:00,-1.3,0,0,0,1024.2,1029.1,70,,
763,2020-01-22 02:00,-.5,0,.4,0,1023.8,1028.7,72.5,,
763,2020-01-22 03:00,-.6,0,.1,0,1023.4,1028.3,71.7,,
763,2020-01-22 04:00,-.3,0,0,0,1023.1,1028,71,,
763,2020-01-22 05:00,.1,0,0,0,1022.4,1027.3,69.7,,
763,2020-01-22 06:00,.5,0,.1,0,1021.8,1026.6,63.7,,
763,2020-01-22 07:00,.5,0,.3,0,1021.6,1026.4,64.1,,
763,2020-01-22 08:00,.8,0,.1,0,1021.9,1026.7,65.6,,
763,2020-01-22 09:00,1.3,0,.2,0,1022,1026.8,64.3,,
763,2020-01-22 10:00,1.9,0,.1,0,1022.1,1026.9,62.9,,
763,2020-01-22 11:00,2.1,342.6,.5,0,1022,1026.8,69.1,,
763,2020-01-22 12:00,2.6,0,0,0,1021.6,1026.4,67.9,,
763,2020-01-22 13:00,2.5,308.3,.5,0,1021.2,1026,80.9,,
763,2020-01-22 14:00,2.5,355,1.1,0,1020.4,1025.2,85.4,,
763,2020-01-22 15:00,3,353.4,1.2,0,1019.2,1024,86.3,,
763,2020-01-22 16:00,3.7,357.7,1.3,0,1018.8,1023.6,84.2,,
763,2020-01-22 17:00,3.7,6.9,1.7,0,1019,1023.8,80.4,,
763,2020-01-22 18:00,3.6,.9,1.3,0,1019.3,1024.1,78.4,,
763,2020-01-22 19:00,3.6,357.5,2,0,1019.4,1024.2,78.6,,
763,2020-01-22 20:00,3.7,23.6,2.2,0,1019,1023.8,77.6,,
763,2020-01-22 21:00,3.9,11.9,1.8,0,1018.9,1023.7,76.7,,
763,2020-01-22 22:00,4.1,310.3,.5,0,1018.4,1023.2,76.1,,
763,2020-01-22 23:00,4.1,324.5,1,0,1017.4,1022.1,76.1,,
763,2020-01-23 00:00,3.8,345.8,1.1,0,1017,1021.8,82.7,0,0
763,2020-01-23 01:00,3.9,347.5,1.2,.5,1016.4,1021.1,82.8,,
763,2020-01-23 02:00,3.7,21.5,1.5,0,1016.4,1021.1,86.5,,
763,2020-01-23 03:00,3.5,33.2,1.2,0,1017.2,1022,80.1,,
763,2020-01-23 04:00,3.5,288.5,2,0,1016.9,1021.7,83.7,,
763,2020-01-23 05:00,3.6,95.2,.9,0,1016.8,1021.6,85.1,,
763,2020-01-23 06:00,3.6,305.2,.9,0,1017.4,1022.2,81,,
763,2020-01-23 07:00,3.4,0,.4,0,1018.1,1022.9,77.7,,
763,2020-01-23 08:00,4.3,15.2,1,0,1018.3,1023,74.1,,
763,2020-01-23 09:00,4.6,3.3,.7,0,1019.2,1023.9,72.1,,
763,2020-01-23 10:00,5.4,11.6,.8,0,1019.4,1024.1,67.3,,
763,2020-01-23 11:00,7.3,348,2,0,1019.7,1024.4,62,,
763,2020-01-23 12:00,8.6,354.1,1.8,0,1019.1,1023.8,56.6,,
763,2020-01-23 13:00,10.1,356.7,1.7,0,1018.4,1023.1,54.4,,
763,2020-01-23 14:00,11.4,4.8,2.2,0,1018.2,1022.8,40.1,,
763,2020-01-23 15:00,12.4,22.2,2.4,0,1018.1,1022.7,35.5,,
763,2020-01-23 16:00,12.4,2.8,2.1,0,1018.4,1023,33.2,,
763,2020-01-23 17:00,10.8,328.3,2,0,1018.7,1023.3,36,,
763,2020-01-23 18:00,8.9,339.6,1.5,0,1019.6,1024.3,44.7,,
763,2020-01-23 19:00,5.3,0,.2,0,1020.8,1025.6,65.9,,
763,2020-01-23 20:00,4.3,0,.1,0,1021.8,1026.6,70.4,,
763,2020-01-23 21:00,5.5,0,.4,0,1022.4,1027.2,63.4,,
763,2020-01-23 22:00,3,0,0,0,1022.5,1027.3,77.6,,
763,2020-01-23 23:00,1.8,0,0,0,1022.8,1027.6,85,,
763,2020-01-24 00:00,1.2,0,0,0,1023.2,1028,85.4,,
763,2020-01-24 01:00,.5,0,0,0,1023.3,1028.1,90.4,,
763,2020-01-24 02:00,1.2,0,0,0,1024.2,1029,87.9,,
763,2020-01-24 03:00,-.1,0,0,0,1024.4,1029.3,91.4,,
763,2020-01-24 04:00,-.5,0,0,0,1024.5,1029.4,94.3,,
763,2020-01-24 05:00,-1.4,0,0,0,1024.9,1029.8,94.2,,
763,2020-01-24 06:00,-.9,0,0,0,1025.2,1030.1,95.7,,
763,2020-01-24 07:00,-1.8,0,0,0,1025.6,1030.5,96.5,,
763,2020-01-24 08:00,-2.6,0,0,0,1026.1,1031,97,,
763,2020-01-24 09:00,-.3,0,0,0,1026.9,1031.8,96.4,,
763,2020-01-24 10:00,2.5,28.3,.9,0,1027.3,1032.1,81.2,,
763,2020-01-24 11:00,5,357.4,1.7,0,1027,1031.8,70.5,,
763,2020-01-24 12:00,6.9,334.6,1.9,0,1026.2,1030.9,61.5,,
763,2020-01-24 13:00,7.7,345,1.6,0,1025.8,1030.5,51.8,,
763,2020-01-24 14:00,9.3,3.2,2.1,0,1025,1029.7,46.3,,
763,2020-01-24 15:00,10,355,1.9,0,1024.4,1029.1,37.8,,
763,2020-01-24 16:00,9.9,348.9,1.6,0,1024.3,1029,39.3,,
763,2020-01-24 17:00,9.6,341.1,1.4,0,1024.5,1029.2,36.3,,
763,2020-01-24 18:00,5.1,0,0,0,1024.9,1029.7,57.5,,
763,2020-01-24 19:00,3.8,0,.1,0,1025.3,1030.1,62.3,,
763,2020-01-24 20:00,2.1,0,0,0,1026.1,1030.9,69.5,,
763,2020-01-24 21:00,1.9,0,0,0,1026.1,1030.9,69.9,,
763,2020-01-24 22:00,1.5,0,0,0,1026.1,1030.9,73.5,,
763,2020-01-24 23:00,1,0,0,0,1026.1,1031,77.1,,
763,2020-01-25 00:00,.4,0,0,0,1026.1,1031,81.9,,
763,2020-01-25 01:00,-.1,0,0,0,1026,1030.9,84.8,,
763,2020-01-25 02:00,-.7,0,0,0,1026.1,1031,87.8,,
763,2020-01-25 03:00,-1.4,0,0,0,1026,1030.9,92.5,,
763,2020-01-25 04:00,-1.6,0,0,0,1025.4,1030.3,92,,
763,2020-01-25 05:00,-1.3,0,0,0,1025.6,1030.5,93.3,,
763,2020-01-25 06:00,-.5,0,0,0,1026.1,1031,91.6,,
763,2020-01-25 07:00,0,0,0,0,1025.8,1030.7,90.1,,
763,2020-01-25 08:00,-.1,0,.1,0,1025.7,1030.6,91.5,,
763,2020-01-25 09:00,.6,0,0,0,1025.8,1030.7,88.5,,
763,2020-01-25 10:00,2.6,0,.1,0,1026,1030.8,79.2,,
763,2020-01-25 11:00,4.5,21.6,.6,0,1026.1,1030.9,76.5,,
763,2020-01-25 12:00,6.2,39.5,.6,0,1025.3,1030.1,72.3,,
763,2020-01-25 13:00,7.5,80.3,.5,0,1024.8,1029.5,67.8,,
763,2020-01-25 14:00,9.1,291,.8,0,1024,1028.7,65.8,,
763,2020-01-25 15:00,9.1,324.8,.6,0,1023.6,1028.3,64.1,,
763,2020-01-25 16:00,9.1,0,.3,0,1023.3,1028,62.7,,
763,2020-01-25 17:00,8.7,287.9,.6,0,1023.7,1028.4,67.4,,
763,2020-01-25 18:00,5.9,0,0,0,1023.8,1028.6,79.3,,
763,2020-01-25 19:00,4.3,0,0,0,1023.8,1028.6,85.6,,
763,2020-01-25 20:00,2.7,0,0,0,1023.9,1028.7,91.5,,
763,2020-01-25 21:00,2.6,0,0,0,1024.2,1029,92.4,,
763,2020-01-25 22:00,2.1,0,0,0,1024.6,1029.4,94,,
763,2020-01-25 23:00,1.8,0,0,0,1024.4,1029.2,96.2,,
763,2020-01-26 00:00,.9,0,0,0,1024,1028.8,96.7,,
763,2020-01-26 01:00,.2,0,0,0,1024.1,1029,98.2,,
763,2020-01-26 02:00,-.3,0,0,0,1023.9,1028.8,98.2,,
763,2020-01-26 03:00,-.1,0,.1,0,1024.2,1029.1,98.7,,
763,2020-01-26 04:00,-.5,0,0,0,1023.6,1028.5,98.9,,
763,2020-01-26 05:00,-.3,0,0,0,1022.8,1027.7,99.2,,
763,2020-01-26 06:00,-.7,0,0,0,1023,1027.9,99,,
763,2020-01-26 07:00,-.8,0,.3,0,1023.4,1028.3,99,,
763,2020-01-26 08:00,-.7,0,0,0,1023.2,1028.1,99,,
763,2020-01-26 09:00,.9,349.3,.7,0,1023.5,1028.3,99.8,,
763,2020-01-26 10:00,3.4,29.7,.5,0,1023.1,1027.9,92.6,,
763,2020-01-26 11:00,7.1,22.7,1.8,0,1022.4,1027.1,75.5,,
763,2020-01-26 12:00,9.5,9.5,2.3,0,1022.4,1027.1,63.5,,
763,2020-01-26 13:00,10.4,345.9,2.6,0,1021.5,1026.2,59,,
763,2020-01-26 14:00,11.4,358.5,2.3,0,1020.3,1024.9,54.7,,
763,2020-01-26 15:00,11.7,102.8,2.3,0,1019.8,1024.4,50,,
763,2020-01-26 16:00,11.5,88.3,3.2,0,1019.6,1024.2,50.2,,
763,2020-01-26 17:00,10.9,85,3.4,0,1020.2,1024.8,51.3,,
763,2020-01-26 18:00,10,66.3,1.8,0,1020.3,1025,54.8,,
763,2020-01-26 19:00,9.2,72.8,1.1,0,1019.8,1024.5,57.2,,
763,2020-01-26 20:00,10,85.9,3,0,1018.8,1023.5,50.1,,
763,2020-01-26 21:00,9.7,84.8,3.7,0,1019.3,1023.9,53.2,,
763,2020-01-26 22:00,9.2,78.5,3.6,0,1018.8,1023.5,55.7,,
763,2020-01-26 23:00,8.8,67.8,2,0,1018.3,1023,58.2,,
763,2020-01-27 00:00,8.6,73.3,1.9,0,1018.6,1023.3,61.3,,
763,2020-01-27 01:00,8.6,72.7,2.3,0,1018,1022.7,63.2,,
763,2020-01-27 02:00,8.5,69.3,2.3,0,1017.7,1022.4,65.1,,
763,2020-01-27 03:00,8.1,27.5,3,0,1017.1,1021.8,66.9,,
763,2020-01-27 04:00,7.9,27.8,1.5,0,1015.7,1020.4,67.2,,
763,2020-01-27 05:00,7.9,22.4,2.8,0,1015.5,1020.2,67.9,,
763,2020-01-27 06:00,7.6,53.2,3.3,0,1015,1019.7,69.9,,
763,2020-01-27 07:00,6.4,31.1,2.9,0,1015,1019.7,79.4,,
763,2020-01-27 08:00,5.9,21.2,1.9,0,1014.9,1019.6,82.6,,
763,2020-01-27 09:00,6.4,35.1,2.7,0,1014.4,1019.1,81.1,,
763,2020-01-27 10:00,6.8,30.5,3.5,0,1013.7,1018.4,77.9,,
763,2020-01-27 11:00,7.6,56.3,3.5,0,1013.4,1018.1,67.5,,
763,2020-01-27 12:00,7.3,50.3,3.4,0,1012.9,1017.6,68.1,,
763,2020-01-27 13:00,7.2,42.2,2.9,0,1012.1,1016.8,67.2,,
763,2020-01-27 14:00,7.2,36.9,3.2,0,1011.5,1016.2,68,,
763,2020-01-27 15:00,6.2,37.7,3.5,0,1011.5,1016.2,78.2,,
763,2020-01-27 16:00,5.4,22.1,2.5,.5,1012.2,1016.9,88.9,,
763,2020-01-27 17:00,5.1,15.9,2.3,.5,1012.5,1017.2,89.8,,
763,2020-01-27 18:00,4.5,346.3,.9,1,1013.2,1017.9,96.2,,
763,2020-01-27 19:00,3.9,352.2,1.6,.5,1013.7,1018.4,97.1,,
763,2020-01-27 20:00,4,336.5,.9,.5,1014,1018.7,98.2,,
763,2020-01-27 21:00,4,330.8,1,.5,1014.2,1018.9,97.8,,
763,2020-01-27 22:00,3.9,340.8,1,0,1014,1018.7,97.1,,
763,2020-01-27 23:00,3.8,2.8,1.4,0,1013.9,1018.6,96.9,,
763,2020-01-28 00:00,3.7,346.3,.7,0,1013.7,1018.4,96.5,,
763,2020-01-28 01:00,3.4,348.6,1.4,0,1013.5,1018.2,97,,
763,2020-01-28 02:00,3.5,343.3,1.5,0,1013.3,1018,95.8,,
763,2020-01-28 03:00,3.4,317.8,1.1,0,1013.3,1018,95.9,,
763,2020-01-28 04:00,3.3,310,1,0,1013.4,1018.1,96.5,,
763,2020-01-28 05:00,3.4,300.3,.6,0,1013.1,1017.8,94.7,,
763,2020-01-28 06:00,3.1,0,.2,0,1013.1,1017.8,96.2,,
763,2020-01-28 07:00,2.8,239.9,.5,0,1013.3,1018.1,98.9,,
763,2020-01-28 08:00,2.6,0,0,0,1013.7,1018.5,99,,
763,2020-01-28 09:00,3.6,0,0,0,1014,1018.7,96.9,,
763,2020-01-28 10:00,4.9,327.7,.5,0,1014.2,1018.9,90.2,,
763,2020-01-28 11:00,5.9,343.9,1.5,0,1014.2,1018.9,84.7,,
763,2020-01-28 12:00,7.4,1.8,1.9,0,1013.7,1018.4,77.7,,
763,2020-01-28 13:00,8.2,349.6,1.2,0,1013.1,1017.8,73.2,,
763,2020-01-28 14:00,9.5,48.3,2.1,0,1012.5,1017.1,68.2,,
763,2020-01-28 15:00,10.4,34.5,2,0,1012.3,1016.9,60.6,,
763,2020-01-28 16:00,10.5,18.2,2.6,0,1012.2,1016.8,60.8,,
763,2020-01-28 17:00,9.7,26.9,1.7,0,1012.4,1017,63.1,,
763,2020-01-28 18:00,9.1,42,.9,0,1012.6,1017.2,65.2,,
763,2020-01-28 19:00,7.4,0,0,0,1013.1,1017.8,79.5,,
763,2020-01-28 20:00,7,0,0,0,1013.3,1018,86.3,,
763,2020-01-28 21:00,6.1,0,0,0,1013.3,1018,88,,
763,2020-01-28 22:00,5.8,0,0,0,1013.5,1018.2,89.5,,
763,2020-01-28 23:00,6.1,0,0,0,1013.5,1018.2,87.6,,
763,2020-01-29 00:00,6,0,0,0,1013.5,1018.2,88.4,,
763,2020-01-29 01:00,5.9,0,.3,0,1013.2,1017.9,91.9,,
763,2020-01-29 02:00,5.3,0,0,0,1013,1017.7,95.5,,
763,2020-01-29 03:00,4.7,0,.1,0,1012.8,1017.5,97,,
763,2020-01-29 04:00,4.6,0,.1,0,1012.4,1017.1,94.2,,
763,2020-01-29 05:00,4.6,0,.1,0,1012.2,1016.9,89.4,,
763,2020-01-29 06:00,4.5,0,.1,0,1012.2,1016.9,87.6,,
763,2020-01-29 07:00,4,0,.1,0,1012.3,1017,89.2,,
763,2020-01-29 08:00,3.6,0,.3,0,1012.3,1017,89.4,,
763,2020-01-29 09:00,5.1,0,.1,0,1012.6,1017.3,77.4,,
763,2020-01-29 10:00,6,12.8,.7,0,1012.4,1017.1,72.3,,
763,2020-01-29 11:00,7.5,354.7,1.3,0,1012.2,1016.9,66.1,,
763,2020-01-29 12:00,8.8,2.3,1.4,0,1011.3,1015.9,60.1,,
763,2020-01-29 13:00,8.9,345.8,1.4,0,1010.8,1015.4,59.9,,
763,2020-01-29 14:00,9.3,351.5,1,0,1010.2,1014.8,59.5,,
763,2020-01-29 15:00,8.4,27.2,.7,0,1009.9,1014.5,61.6,,
763,2020-01-29 16:00,9.2,308.3,.5,0,1009.8,1014.4,55.8,,
763,2020-01-29 17:00,8.7,264.4,1.5,0,1009.8,1014.4,61.9,,
763,2020-01-29 18:00,7.3,247,1.4,0,1010.2,1014.9,69.7,,
763,2020-01-29 19:00,6.4,0,.4,0,1010.4,1015.1,73.3,,
763,2020-01-29 20:00,5.8,210.4,.5,0,1010.5,1015.2,73.1,,
763,2020-01-29 21:00,4.4,0,.3,0,1010.7,1015.4,81.8,,
763,2020-01-29 22:00,4.6,0,.1,0,1010.9,1015.6,81.1,,
763,2020-01-29 23:00,4,0,0,0,1010.4,1015.1,86.1,,
763,2020-01-30 00:00,2.7,0,0,0,1010.4,1015.1,92.4,,
763,2020-01-30 01:00,1.3,0,0,0,1010.3,1015.1,94,,
763,2020-01-30 02:00,.2,0,.3,0,1010.3,1015.1,95.1,,
763,2020-01-30 03:00,-.2,0,.2,0,1010.2,1015,97.7,,
763,2020-01-30 04:00,.7,0,0,0,1009.7,1014.5,97.2,,
763,2020-01-30 05:00,1.3,0,0,0,1009.7,1014.5,95,,
763,2020-01-30 06:00,.9,0,.1,0,1009.8,1014.6,96.4,,
763,2020-01-30 07:00,.7,0,0,0,1010.1,1014.9,97.7,,
763,2020-01-30 08:00,.9,0,0,0,1010.4,1015.2,98.5,,
763,2020-01-30 09:00,2.6,0,.1,0,1010.9,1015.6,95,,
763,2020-01-30 10:00,4.4,0,.3,0,1011.1,1015.8,85.1,,
763,2020-01-30 11:00,6.1,54.5,.5,0,1011.2,1015.9,69.9,,
763,2020-01-30 12:00,7.7,3.9,.8,0,1010.7,1015.4,62.5,,
763,2020-01-30 13:00,8.5,217.5,.9,0,1010,1014.6,55.6,,
763,2020-01-30 14:00,8.7,181.9,.6,0,1009.7,1014.3,42.9,,
763,2020-01-30 15:00,7.9,263.7,3,0,1009.8,1014.4,61.1,,
763,2020-01-30 16:00,7.7,247.4,2,0,1010,1014.6,63.2,,
763,2020-01-30 17:00,8.3,257.7,2.1,0,1010.2,1014.8,65.3,,
763,2020-01-30 18:00,7.1,244,1.7,0,1010.9,1015.6,72.2,,
763,2020-01-30 19:00,6.4,251.9,1.8,0,1011.6,1016.3,72.8,,
763,2020-01-30 20:00,5.9,0,.4,0,1012,1016.7,76,,
763,2020-01-30 21:00,5.6,237,.7,0,1012.6,1017.3,76.8,,
763,2020-01-30 22:00,4.6,0,.1,0,1013,1017.7,82,,
763,2020-01-30 23:00,4.2,0,.3,0,1013.3,1018,85.6,,
763,2020-01-31 00:00,4,0,.3,0,1013.4,1018.1,87,,
763,2020-01-31 01:00,3.7,0,.4,0,1013.3,1018,89.1,,
763,2020-01-31 02:00,.9,0,0,0,1013.7,1018.5,96.7,,
763,2020-01-31 03:00,.8,0,.2,0,1014.1,1018.9,98.6,,
763,2020-01-31 04:00,1.6,0,.4,0,1014.1,1018.9,98,,
763,2020-01-31 05:00,1.6,0,.2,0,1014.2,1019,97.6,,
763,2020-01-31 06:00,1.6,0,0,0,1014.3,1019.1,97,,
763,2020-01-31 07:00,.9,0,.3,0,1014.7,1019.5,97.8,,
763,2020-01-31 08:00,-.2,0,0,0,1015.4,1020.2,98.8,,
763,2020-01-31 09:00,2,0,.1,0,1016,1020.8,98.3,,
763,2020-01-31 10:00,4.7,3.5,.9,0,1016.6,1021.3,80.1,,
763,2020-01-31 11:00,4.8,100.3,.5,0,1016.9,1021.6,77.2,,
763,2020-01-31 12:00,5.9,312.9,1.7,0,1016.7,1021.4,62.1,,
763,2020-01-31 13:00,6.4,252.2,2.5,0,1016.1,1020.8,57.3,,
763,2020-01-31 14:00,6.5,261.1,2.2,0,1015.9,1020.6,53.7,,
763,2020-01-31 15:00,6.3,241.1,2.9,0,1015.9,1020.6,54.8,,
763,2020-01-31 16:00,5.9,272.9,3,0,1016.2,1020.9,56.3,,
763,2020-01-31 17:00,5.3,277.5,3.5,0,1016.6,1021.3,55.3,,
763,2020-01-31 18:00,4.1,260.8,2.3,0,1017.2,1021.9,60.7,,
763,2020-01-31 19:00,3.1,256,1.9,0,1017.7,1022.5,63.9,,
763,2020-01-31 20:00,.7,0,.4,0,1018.4,1023.2,75,,
763,2020-01-31 21:00,-.6,0,.1,0,1019,1023.8,82.2,,
763,2020-01-31 22:00,-1.5,0,0,0,1019.1,1024,86.1,,
763,2020-01-31 23:00,-1.9,0,.1,0,1019.4,1024.3,88.7,,
763,2020-02-01 00:00,-2.1,0,.1,0,1019.4,1024.3,88.7,,
763,2020-02-01 01:00,-2.3,0,.3,0,1019.3,1024.2,92,,
763,2020-02-01 02:00,-3.1,0,.2,0,1019.6,1024.5,94.2,,
763,2020-02-01 03:00,-3.7,0,.1,0,1019.9,1024.8,95.8,,
763,2020-02-01 04:00,-4.3,0,0,0,1020.1,1025,95.8,,
763,2020-02-01 05:00,-4.1,0,0,0,1020.2,1025.1,96.7,,
763,2020-02-01 06:00,-4.7,0,0,0,1020.5,1025.4,95.6,,
763,2020-02-01 07:00,-4.8,0,0,0,1020.9,1025.8,95.1,,
763,2020-02-01 08:00,-3.2,0,.3,0,1021.7,1026.6,96.7,,
763,2020-02-01 09:00,-1.1,0,.3,0,1021.9,1026.8,93.7,,
763,2020-02-01 10:00,0,0,.2,0,1022.1,1027,95.3,,
763,2020-02-01 11:00,1.6,27.5,1.1,0,1022.5,1027.3,87.9,,
763,2020-02-01 12:00,5.1,118.1,.7,0,1021.8,1026.6,70.5,,
763,2020-02-01 13:00,6.1,230.1,1,0,1021.1,1025.8,63,,
763,2020-02-01 14:00,7.4,253.5,1.5,0,1020.3,1025,62.9,,
763,2020-02-01 15:00,7.4,275.3,1.5,0,1020,1024.7,64.6,,
763,2020-02-01 16:00,7.9,226.6,.8,0,1019.9,1024.6,63.5,,
763,2020-02-01 17:00,7.8,252.6,.8,0,1020,1024.7,62.9,,
763,2020-02-01 18:00,6.7,255,2.3,0,1020.5,1025.2,67.4,,
763,2020-02-01 19:00,5.3,259.2,1.4,0,1020.9,1025.7,74.8,,
763,2020-02-01 20:00,2.3,0,.3,0,1021.3,1026.1,88.4,,
763,2020-02-01 21:00,1.2,0,.1,0,1021.6,1026.4,92.6,,
763,2020-02-01 22:00,-.5,0,.1,0,1021.8,1026.7,95.7,,
763,2020-02-01 23:00,-.5,0,.1,0,1022.1,1027,97.7,,
763,2020-02-02 00:00,-1.4,0,0,0,1022.4,1027.3,98.4,,
763,2020-02-02 01:00,-1.8,0,.3,0,1022.2,1027.1,98.6,,
763,2020-02-02 02:00,-1.7,0,.3,0,1022.3,1027.2,98.3,,
763,2020-02-02 03:00,-2.4,0,.1,0,1022.6,1027.5,98,,
763,2020-02-02 04:00,-2.6,0,.1,0,1022.5,1027.4,97.8,,
763,2020-02-02 05:00,-3.2,0,.1,0,1022.3,1027.2,97.6,,
763,2020-02-02 06:00,-2.8,0,.3,0,1022.5,1027.4,97.1,,
763,2020-02-02 07:00,-5.1,0,.3,0,1022.9,1027.8,97.5,,
763,2020-02-02 08:00,-4.4,0,0,0,1023.2,1028.1,96.6,,
763,2020-02-02 09:00,-3.1,5.5,.6,0,1023.2,1028.1,97.7,,
763,2020-02-02 10:00,-1.2,0,0,0,1023.5,1028.4,97.1,,
763,2020-02-02 11:00,1.1,15.7,.5,0,1023.8,1028.6,89.4,,
763,2020-02-02 12:00,3.6,243.9,1.6,0,1023.4,1028.2,66.9,,
763,2020-02-02 13:00,4.6,248.8,1.4,0,1022.4,1027.2,52.3,,
763,2020-02-02 14:00,5.7,338.7,1.9,0,1021.5,1026.2,42.9,,
763,2020-02-02 15:00,6.4,42,1.1,0,1020.8,1025.5,39.9,,
763,2020-02-02 16:00,6.4,288.4,2.2,0,1020.5,1025.2,44.8,,
763,2020-02-02 17:00,6.1,256.3,1.9,0,1020.6,1025.3,47.3,,
763,2020-02-02 18:00,4.5,261.7,2.2,0,1020.7,1025.5,56.2,,
763,2020-02-02 19:00,3,0,.4,0,1020.9,1025.7,61.8,,
763,2020-02-02 20:00,1.3,0,.2,0,1021.2,1026,70.7,,
763,2020-02-02 21:00,-.6,0,.2,0,1021.4,1026.3,78.9,,
763,2020-02-02 22:00,-1.7,0,.3,0,1021.8,1026.7,82.2,,
763,2020-02-02 23:00,-1.4,0,.1,0,1021.9,1026.8,85.5,,
763,2020-02-03 00:00,-1.3,0,0,0,1021.6,1026.5,85.9,,
763,2020-02-03 01:00,-1.3,0,.2,0,1021.6,1026.5,87.1,,
763,2020-02-03 02:00,-.3,0,.2,0,1021.3,1026.1,84.6,,
763,2020-02-03 03:00,-.2,283.4,.8,0,1021.2,1026,88.3,,
763,2020-02-03 04:00,-.2,8.1,.7,0,1020.8,1025.6,88.3,,
763,2020-02-03 05:00,-.1,20.7,.8,0,1021.1,1025.9,88.6,,
763,2020-02-03 06:00,-.1,0,.3,0,1021.6,1026.4,92.7,,
763,2020-02-03 07:00,-.2,0,.2,0,1022.3,1027.2,93.1,,
763,2020-02-03 08:00,0,0,.1,0,1023.3,1028.2,93,,
763,2020-02-03 09:00,1.4,11.7,1.3,0,1023.9,1028.7,79.7,,
763,2020-02-03 10:00,2.4,359,2.5,0,1024,1028.8,65.3,,
763,2020-02-03 11:00,3.1,345.1,1.4,0,1024,1028.8,56.4,,
763,2020-02-03 12:00,4.4,348.7,2.3,0,1023.7,1028.5,49.3,,
763,2020-02-03 13:00,5.5,319.4,2.8,0,1023.2,1028,42.1,,
763,2020-02-03 14:00,5.2,353.8,2.4,0,1022.7,1027.5,42.3,,
763,2020-02-03 15:00,5.8,7.6,2.3,0,1022.5,1027.2,41.1,,
763,2020-02-03 16:00,5.1,303,2.1,0,1022.7,1027.5,39.9,,
763,2020-02-03 17:00,4.6,324.4,1.2,0,1022.9,1027.7,41.7,,
763,2020-02-03 18:00,2.5,293.9,1.5,0,1023.5,1028.3,49.3,,
763,2020-02-03 19:00,.6,291.9,.6,0,1024.1,1029,60.1,,
763,2020-02-03 20:00,-1.7,0,.2,0,1024.2,1029.1,72.2,,
763,2020-02-03 21:00,-2.7,0,.1,0,1024.6,1029.5,78.9,,
763,2020-02-03 22:00,-3.7,0,.3,0,1024.9,1029.8,85.1,,
763,2020-02-03 23:00,-3.8,0,.1,0,1025.2,1030.1,81.6,,
763,2020-02-04 00:00,-4.7,0,.3,0,1025.4,1030.4,87.1,,
763,2020-02-04 01:00,-5.1,0,.2,0,1025,1030,87.4,,
763,2020-02-04 02:00,-5.3,0,.1,0,1025,1030,87.9,,
763,2020-02-04 03:00,-5.7,0,0,0,1024.8,1029.8,88.9,,
763,2020-02-04 04:00,-6.4,0,0,0,1024.7,1029.7,88.3,,
763,2020-02-04 05:00,-6.9,13.6,.9,0,1024.6,1029.6,91.4,,
763,2020-02-04 06:00,-7.2,0,0,0,1024.4,1029.4,89.4,,
763,2020-02-04 07:00,-7.1,0,.1,0,1024.7,1029.7,93.3,,
763,2020-02-04 08:00,-7.1,0,.2,0,1025,1030,90.9,,
763,2020-02-04 09:00,-3.9,18.2,1.1,0,1025.2,1030.1,83.8,,
763,2020-02-04 10:00,-1.3,41.6,1.1,0,1025.1,1030,73,,
763,2020-02-04 11:00,1.2,1.6,1.4,0,1024.9,1029.7,60.5,,
763,2020-02-04 12:00,2.2,342.7,1.3,0,1024.4,1029.2,48,,
763,2020-02-04 13:00,3.3,345,1.7,0,1022.6,1027.4,35.8,,
763,2020-02-04 14:00,4.5,269,1.2,0,1021.5,1026.3,27.1,,
763,2020-02-04 15:00,4.4,275,2.2,0,1021.1,1025.9,35.7,,
763,2020-02-04 16:00,4.8,296.4,1.1,0,1020.7,1025.4,37.7,,
763,2020-02-04 17:00,4.7,230.3,1.1,0,1020.8,1025.5,40.7,,
763,2020-02-04 18:00,3.2,261.2,2,0,1021.1,1025.9,49.4,,
763,2020-02-04 19:00,1.7,254.2,1.2,0,1021.5,1026.3,52.5,,
763,2020-02-04 20:00,.8,129.8,.7,0,1021.6,1026.4,56,,
763,2020-02-04 21:00,1.4,238.2,1,0,1021.8,1026.6,59.5,,
763,2020-02-04 22:00,2.4,239.3,1.1,0,1021.9,1026.7,64.8,,
763,2020-02-04 23:00,.8,217,.9,0,1022.2,1027,91.8,,
763,2020-02-05 00:00,.7,333.3,1,0,1022.9,1027.7,97,,
763,2020-02-05 01:00,.3,318.8,2.4,0,1023.4,1028.3,90.9,,
763,2020-02-05 02:00,-1.1,342.1,2.5,0,1024.1,1029,75.7,,
763,2020-02-05 03:00,-2.2,339.9,3.1,0,1024.8,1029.7,67.5,,
763,2020-02-05 04:00,-3.4,334.8,1.8,0,1024.9,1029.8,68.9,,
763,2020-02-05 05:00,-4.6,329.5,2.5,0,1025.5,1030.5,54.5,,
763,2020-02-05 06:00,-5.4,337.5,1.9,0,1025.9,1030.9,57.8,,
763,2020-02-05 07:00,-6.2,316.5,1.1,0,1026.6,1031.6,62.6,,
763,2020-02-05 08:00,-7.1,0,.4,0,1027.4,1032.4,73.2,,
763,2020-02-05 09:00,-5.5,353,2.9,0,1028.1,1033.1,59.1,,
763,2020-02-05 10:00,-5,353.4,2.1,0,1028.4,1033.4,50.4,,
763,2020-02-05 11:00,-3.7,351.7,2.7,0,1028.4,1033.4,47.3,,
763,2020-02-05 12:00,-2.7,6,2.6,0,1028,1032.9,44.7,,
763,2020-02-05 13:00,-1.6,325.7,2.4,0,1027.3,1032.2,43.6,,
763,2020-02-05 14:00,-1.2,46.3,2.4,0,1026.5,1031.4,39.3,,
763,2020-02-05 15:00,-.6,335.2,2.9,0,1026.1,1031,29.4,,
763,2020-02-05 16:00,-.2,353.3,3.2,0,1026.4,1031.3,31,,
763,2020-02-05 17:00,-1.3,348.4,2,0,1026.7,1031.6,36.1,,
763,2020-02-05 18:00,-3,354.6,1.7,0,1027.6,1032.5,40.3,,
763,2020-02-05 19:00,-4.4,358.7,1.8,0,1028.8,1033.8,50.6,,
763,2020-02-05 20:00,-5.3,349.6,1.4,0,1029.5,1034.5,55.8,,
763,2020-02-05 21:00,-6,343.2,.8,0,1030.2,1035.2,54.7,,
763,2020-02-05 22:00,-7.9,0,0,0,1030.4,1035.4,67.3,,
763,2020-02-05 23:00,-8.8,0,0,0,1030.3,1035.4,76.5,,
763,2020-02-06 00:00,-8.7,0,0,0,1030.4,1035.5,77.8,,
763,2020-02-06 01:00,-8.8,0,.4,0,1030.1,1035.2,76,,
763,2020-02-06 02:00,-9.9,0,0,0,1030.2,1035.3,84.1,,
763,2020-02-06 03:00,-10.1,0,0,0,1030.3,1035.4,85.5,,
763,2020-02-06 04:00,-10,0,0,0,1030.8,1035.9,84.1,,
763,2020-02-06 05:00,-10,0,.2,0,1030.5,1035.6,81.5,,
763,2020-02-06 06:00,-9.6,0,.2,0,1030.8,1035.9,78.9,,
763,2020-02-06 07:00,-10.6,0,.1,0,1030.7,1035.8,83.8,,
763,2020-02-06 08:00,-10.5,0,.2,0,1031.4,1036.5,85.7,,
763,2020-02-06 09:00,-8.2,0,.3,0,1031.9,1037,74.1,,
763,2020-02-06 10:00,-6.2,40.4,1.3,0,1032,1037,61.4,,
763,2020-02-06 11:00,-4.4,14.9,1.6,0,1031.6,1036.6,42.2,,
763,2020-02-06 12:00,-3.3,4.2,1.7,0,1030.8,1035.8,37.3,,
763,2020-02-06 13:00,-2.1,25.4,1.6,0,1030,1034.9,33.2,,
763,2020-02-06 14:00,-.9,11.5,1.2,0,1029.1,1034,29.8,,
763,2020-02-06 15:00,-.4,.4,1.4,0,1028.5,1033.4,29.4,,
763,2020-02-06 16:00,0,16,1.5,0,1028.1,1033,26.3,,
763,2020-02-06 17:00,-.3,339.5,.7,0,1028,1032.9,27.3,,
763,2020-02-06 18:00,-1.1,0,.1,0,1028,1032.9,30,,
763,2020-02-06 19:00,-2.2,0,0,0,1028.2,1033.1,44,,
763,2020-02-06 20:00,-2.8,0,.2,0,1028.5,1033.4,42,,
763,2020-02-06 21:00,-4.1,0,0,0,1028.4,1033.4,57.6,,
763,2020-02-06 22:00,-5.1,0,0,0,1028.5,1033.5,67.2,,
763,2020-02-06 23:00,-6.4,0,0,0,1027.7,1032.7,68.9,,
763,2020-02-07 00:00,-6.6,0,.2,0,1027.9,1032.9,73.9,,
763,2020-02-07 01:00,-7,0,.1,0,1028,1033,72.6,,
763,2020-02-07 02:00,-7.2,0,0,0,1028.1,1033.1,73.1,,
763,2020-02-07 03:00,-7.6,0,.1,0,1027.9,1032.9,79.7,,
763,2020-02-07 04:00,-7.9,0,0,0,1027.3,1032.3,80.9,,
763,2020-02-07 05:00,-8.3,0,0,0,1027.3,1032.3,75.4,,
763,2020-02-07 06:00,-8.8,0,.1,0,1027.5,1032.5,81.8,,
763,2020-02-07 07:00,-8.2,0,.1,0,1027.4,1032.4,77,,
763,2020-02-07 08:00,-7.7,0,.3,0,1027.5,1032.5,80.5,,
763,2020-02-07 09:00,-5.5,285,1.1,0,1027.7,1032.7,73.7,,
763,2020-02-07 10:00,-2.5,0,.2,0,1027.6,1032.5,54.4,,
763,2020-02-07 11:00,-.3,19.6,1.3,0,1027.4,1032.3,49.2,,
763,2020-02-07 12:00,1.1,.8,2,0,1026.5,1031.4,45.1,,
763,2020-02-07 13:00,2.1,33.1,1.8,0,1025.6,1030.4,44.1,,
763,2020-02-07 14:00,3.4,38,2.4,0,1024.7,1029.5,42.5,,
763,2020-02-07 15:00,3.7,82.3,1.3,0,1024,1028.8,43.3,,
763,2020-02-07 16:00,4.2,333.8,1.3,0,1023.7,1028.5,44.5,,
763,2020-02-07 17:00,3.8,310.3,1,0,1023.5,1028.3,45.8,,
763,2020-02-07 18:00,3.2,335.1,.7,0,1023.5,1028.3,50.7,,
763,2020-02-07 19:00,2.3,0,.4,0,1023.8,1028.6,56.9,,
763,2020-02-07 20:00,.7,332.3,.9,0,1024.2,1029,65.7,,
763,2020-02-07 21:00,-1.8,0,.4,0,1024.4,1029.3,79.3,,
763,2020-02-07 22:00,-1.2,0,.3,0,1024.4,1029.3,78.3,,
763,2020-02-07 23:00,0,129.9,.5,0,1023.9,1028.8,73.7,,
763,2020-02-08 00:00,-.1,0,0,0,1024,1028.9,76.1,,
763,2020-02-08 01:00,-.1,0,.4,0,1023.7,1028.6,74.9,,
763,2020-02-08 02:00,0,0,.4,0,1023.4,1028.3,77,,
763,2020-02-08 03:00,0,0,.2,0,1023.4,1028.3,77.8,,
763,2020-02-08 04:00,-.5,0,.2,0,1023,1027.9,83.3,,
763,2020-02-08 05:00,-.3,0,0,0,1023,1027.9,82,,
763,2020-02-08 06:00,-.3,0,0,0,1023,1027.9,84.6,,
763,2020-02-08 07:00,-.2,280.8,.5,0,1023.4,1028.3,84,,
763,2020-02-08 08:00,-.1,0,.1,0,1023.7,1028.6,84.5,,
763,2020-02-08 09:00,1,0,.1,0,1024.4,1029.2,78.9,,
763,2020-02-08 10:00,2.5,349.4,1.8,0,1024.6,1029.4,63.8,,
763,2020-02-08 11:00,2.6,343.8,1.4,0,1024.6,1029.4,58.3,,
763,2020-02-08 12:00,4.2,315.8,3.2,0,1023.9,1028.7,46.4,,
763,2020-02-08 13:00,5.4,351.2,3.3,0,1022.9,1027.7,42.3,,
763,2020-02-08 14:00,6.3,329.5,3.3,0,1022.2,1026.9,35.3,,
763,2020-02-08 15:00,6.1,335.5,2.9,0,1021.9,1026.6,35.8,,
763,2020-02-08 16:00,5.9,340.5,3.4,0,1022.2,1026.9,30.8,,
763,2020-02-08 17:00,4.7,346.1,3.5,0,1022.7,1027.5,33.5,,
763,2020-02-08 18:00,2.9,344.5,1.7,0,1023.4,1028.2,41.3,,
763,2020-02-08 19:00,1.9,327.1,1.9,0,1024.2,1029,45.1,,
763,2020-02-08 20:00,.3,336.1,1.3,0,1024.5,1029.4,48.5,,
763,2020-02-08 21:00,-2,0,.1,0,1024.9,1029.8,63.2,,
763,2020-02-08 22:00,-2.9,0,.2,0,1025,1029.9,68.9,,
763,2020-02-08 23:00,-3.4,0,.3,0,1024.9,1029.8,68.3,,
763,2020-02-09 00:00,-3.3,0,.3,0,1025.2,1030.1,67.8,,
763,2020-02-09 01:00,-4.9,0,.2,0,1025.2,1030.2,78.3,,
763,2020-02-09 02:00,-4.9,0,.3,0,1024.9,1029.9,79.6,,
763,2020-02-09 03:00,-5.9,0,0,0,1025.1,1030.1,84.8,,
763,2020-02-09 04:00,-6.4,0,0,0,1024.5,1029.5,86.7,,
763,2020-02-09 05:00,-6.6,0,0,0,1024.5,1029.5,88.3,,
763,2020-02-09 06:00,-6.9,0,0,0,1024.4,1029.4,89.1,,
763,2020-02-09 07:00,-7.3,0,.1,0,1024.4,1029.4,91,,
763,2020-02-09 08:00,-7.5,0,0,0,1024.6,1029.6,92.3,,
763,2020-02-09 09:00,-3.3,0,0,0,1024.6,1029.5,81.7,,
763,2020-02-09 10:00,0,0,.4,0,1024.5,1029.4,61,,
763,2020-02-09 11:00,1.6,301.4,1.7,0,1024.3,1029.1,51.5,,
763,2020-02-09 12:00,3.2,278.9,1.6,0,1023.6,1028.4,44.6,,
763,2020-02-09 13:00,3.5,254.8,1.6,0,1022.2,1027,44.6,,
763,2020-02-09 14:00,4.9,297.4,1.4,0,1021.2,1025.9,44.3,,
763,2020-02-09 15:00,4.8,223.9,1.5,0,1020.9,1025.6,45.1,,
763,2020-02-09 16:00,5.3,239,1.7,0,1020.5,1025.2,44.9,,
763,2020-02-09 17:00,4,255.5,2.3,0,1020.3,1025.1,49.3,,
763,2020-02-09 18:00,3,264,2.1,0,1020.4,1025.2,55.2,,
763,2020-02-09 19:00,2.1,251.4,1.6,0,1020.2,1025,62,,
763,2020-02-09 20:00,-.3,0,.3,0,1020.1,1024.9,71.8,,
763,2020-02-09 21:00,-1.3,0,.2,0,1019.6,1024.5,75.8,,
763,2020-02-09 22:00,-2.2,0,.2,0,1019.6,1024.5,82.8,,
763,2020-02-09 23:00,-1.8,0,.1,0,1019.6,1024.5,82.7,,
763,2020-02-10 00:00,-1.1,0,.2,0,1019.7,1024.6,80.2,,
763,2020-02-10 01:00,-2.7,0,0,0,1019.6,1024.5,85.9,,
763,2020-02-10 02:00,-2.2,134,.5,0,1019.2,1024.1,85.2,,
763,2020-02-10 03:00,-.4,0,.2,0,1018.8,1023.6,83,,
763,2020-02-10 04:00,-.8,0,.2,0,1018.4,1023.2,85.1,,
763,2020-02-10 05:00,-.6,296.1,.7,0,1018.5,1023.3,84.9,,
763,2020-02-10 06:00,-.8,0,.3,0,1019,1023.8,85,,
763,2020-02-10 07:00,-2.1,6.3,.8,0,1019,1023.9,88.6,,
763,2020-02-10 08:00,-2.6,0,0,0,1019.5,1024.4,91.8,,
763,2020-02-10 09:00,-.3,0,0,0,1020.3,1025.1,85.3,,
763,2020-02-10 10:00,2.2,30.4,.6,0,1020.6,1025.4,73.6,,
763,2020-02-10 11:00,6.1,0,.2,0,1020.7,1025.4,66.6,,
763,2020-02-10 12:00,8.3,97,.9,0,1020.5,1025.2,56.9,,
763,2020-02-10 13:00,9.5,329,1.5,0,1020.1,1024.8,42.3,,
763,2020-02-10 14:00,9.9,316.9,1.5,0,1019.9,1024.5,35.7,,
763,2020-02-10 15:00,10.8,69.5,1.4,0,1019.5,1024.1,35.9,,
763,2020-02-10 16:00,10.8,282.6,2.2,0,1019.5,1024.1,36.1,,
763,2020-02-10 17:00,10.6,286,1.5,0,1019.6,1024.2,39.5,,
763,2020-02-10 18:00,8.2,288.8,.8,0,1019.9,1024.6,52.5,,
763,2020-02-10 19:00,5.3,0,.2,0,1020.7,1025.5,65.5,,
763,2020-02-10 20:00,3.1,0,.2,0,1021.2,1026,69.8,,
763,2020-02-10 21:00,1.6,0,0,0,1022.1,1026.9,73.7,,
763,2020-02-10 22:00,.1,0,.1,0,1022.7,1027.6,77.5,,
763,2020-02-10 23:00,-.2,0,0,0,1023.1,1028,80.7,,
763,2020-02-11 00:00,-1.3,0,0,0,1023.5,1028.4,84.2,,
763,2020-02-11 01:00,-1.7,0,.1,0,1023.5,1028.4,87.8,,
763,2020-02-11 02:00,-2.7,0,0,0,1023.7,1028.6,90.2,,
763,2020-02-11 03:00,-3.1,0,0,0,1023.9,1028.8,91,,
763,2020-02-11 04:00,-3.1,0,0,0,1023.7,1028.6,92.2,,
763,2020-02-11 05:00,-3.6,0,0,0,1023.5,1028.4,91.4,,
763,2020-02-11 06:00,-3.8,0,0,0,1023.6,1028.5,93.3,,
763,2020-02-11 07:00,-4,0,.1,0,1023.7,1028.6,95.3,,
763,2020-02-11 08:00,-3.7,0,0,0,1024.2,1029.1,93.9,,
763,2020-02-11 09:00,-.4,43.6,.5,0,1024.8,1029.7,80.4,,
763,2020-02-11 10:00,2.4,262.3,1.4,0,1024.8,1029.6,70.4,,
763,2020-02-11 11:00,6.9,39.4,.8,0,1025.1,1029.8,56.6,,
763,2020-02-11 12:00,10.4,350,.5,0,1024.7,1029.4,45.8,,
763,2020-02-11 13:00,12.7,332.2,1,0,1023.8,1028.4,31.5,,
763,2020-02-11 14:00,13.6,243.4,1.5,0,1023,1027.6,24.6,,
763,2020-02-11 15:00,13.9,243.9,1.3,0,1022.1,1026.7,28.2,,
763,2020-02-11 16:00,13.4,273.5,2.2,0,1021.8,1026.4,29.4,,
763,2020-02-11 17:00,13.1,230.1,.9,0,1021.8,1026.4,31.4,,
763,2020-02-11 18:00,11.6,241.2,.5,0,1021.6,1026.2,38.2,,
763,2020-02-11 19:00,8.2,0,0,0,1022.1,1026.8,55.9,,
763,2020-02-11 20:00,8,0,.2,0,1022.3,1027,51.8,,
763,2020-02-11 21:00,7,0,.1,0,1022.4,1027.1,59,,
763,2020-02-11 22:00,6.5,0,.1,0,1021.9,1026.6,63.8,,
763,2020-02-11 23:00,10.4,159.2,1.2,0,1021.2,1025.9,56.1,,
763,2020-02-12 00:00,9.6,108.5,.5,0,1020.2,1024.9,60.8,,
763,2020-02-12 01:00,7.1,276.6,1.1,0,1019.7,1024.4,71.1,,
763,2020-02-12 02:00,6.2,0,0,0,1019.1,1023.8,84.8,,
763,2020-02-12 03:00,5.6,0,0,0,1018.4,1023.1,92.6,,
763,2020-02-12 04:00,5.5,0,0,0,1017.3,1022,92.8,,
763,2020-02-12 05:00,5.5,0,0,.5,1016.7,1021.4,97.7,,
763,2020-02-12 06:00,5.7,0,.2,0,1015.9,1020.6,98.7,,
763,2020-02-12 07:00,6.1,0,.3,1,1015,1019.7,99.6,,
763,2020-02-12 08:00,6.1,4.1,.8,1,1014.6,1019.3,99.4,,
763,2020-02-12 09:00,6.1,0,.3,.5,1013.7,1018.4,99.3,,
763,2020-02-12 10:00,6.3,314.9,.6,3,1013.1,1017.8,99.5,,
763,2020-02-12 11:00,6.8,330.4,.5,2.5,1012.3,1017,99.7,,
763,2020-02-12 12:00,7.2,0,.4,1.5,1011.7,1016.4,99.4,,
763,2020-02-12 13:00,7.8,0,.3,.5,1010.1,1014.7,99.4,,
763,2020-02-12 14:00,8.7,0,.3,0,1009.4,1014,99.4,,
763,2020-02-12 15:00,8.8,0,0,0,1008.7,1013.3,98.2,,
763,2020-02-12 16:00,8.4,0,.4,0,1009.5,1014.1,99.4,,
763,2020-02-12 17:00,9.6,249.3,2.1,0,1009.3,1013.9,99.9,,
763,2020-02-12 18:00,10.1,241.7,3.2,0,1009.8,1014.4,96.1,,
763,2020-02-12 19:00,9.5,217.3,1.7,0,1010.3,1014.9,97.4,,
763,2020-02-12 20:00,9.2,198.6,1.3,.5,1010.7,1015.3,97.7,,
763,2020-02-12 21:00,9,199.9,1.9,0,1011.2,1015.8,97.5,,
763,2020-02-12 22:00,8.8,187.4,1.4,0,1011.5,1016.1,98.4,,
763,2020-02-12 23:00,8.6,239.1,2,0,1011.7,1016.3,98.2,,
763,2020-02-13 00:00,8.2,224.1,1.1,.5,1011.9,1016.5,98.8,,
763,2020-02-13 01:00,7.8,231.4,1.1,0,1012.2,1016.9,99.6,,
763,2020-02-13 02:00,7.7,186.7,.6,0,1012.5,1017.2,99.9,,
763,2020-02-13 03:00,7.3,228.8,1,0,1012.7,1017.4,99.9,,
763,2020-02-13 04:00,6.9,241.8,1.5,0,1013.2,1017.9,99.9,,
763,2020-02-13 05:00,6.9,255,1.2,0,1014.1,1018.8,99.9,,
763,2020-02-13 06:00,6.9,164.5,.7,0,1014.6,1019.3,99.9,,
763,2020-02-13 07:00,6.9,0,.3,0,1015.1,1019.8,97.8,,
763,2020-02-13 08:00,6.9,0,.1,0,1015.8,1020.5,98.3,,
763,2020-02-13 09:00,7.4,0,.3,0,1016.5,1021.2,96.2,,
763,2020-02-13 10:00,8,194.1,.6,0,1017,1021.7,92.3,,
763,2020-02-13 11:00,8.1,249.2,1.3,0,1016.9,1021.6,85.7,,
763,2020-02-13 12:00,8.6,260.8,1.4,0,1016.6,1021.3,84.4,,
763,2020-02-13 13:00,8.6,285.1,1.2,0,1015.8,1020.5,86,,
763,2020-02-13 14:00,8.6,273.6,2.1,0,1015.9,1020.6,86.5,,
763,2020-02-13 15:00,8.8,279.6,1.4,0,1015.6,1020.3,85.6,,
763,2020-02-13 16:00,8.5,296.4,1.4,0,1015.7,1020.4,87.1,,
763,2020-02-13 17:00,8.2,276.6,1,0,1015.4,1020.1,89.5,,
763,2020-02-13 18:00,7.9,294.8,.9,0,1015.8,1020.5,91.3,,
763,2020-02-13 19:00,7.6,86.5,.5,0,1016.1,1020.8,93.2,,
763,2020-02-13 20:00,5.9,0,.2,0,1016.4,1021.1,97.1,,
763,2020-02-13 21:00,4.2,0,.1,0,1016.7,1021.4,99.8,,
763,2020-02-13 22:00,2.4,0,0,0,1016.8,1021.6,99.9,,
763,2020-02-13 23:00,1.6,0,0,0,1016.7,1021.5,99.9,,
763,2020-02-14 00:00,2.1,0,0,0,1016.8,1021.6,99.9,,
763,2020-02-14 01:00,2.8,0,0,0,1016.5,1021.3,99.9,,
763,2020-02-14 02:00,2.1,37.7,.5,0,1016.2,1021,99.9,,
763,2020-02-14 03:00,2.5,0,0,0,1016.5,1021.3,99.9,,
763,2020-02-14 04:00,2.1,0,0,0,1016.3,1021.1,99.9,,
763,2020-02-14 05:00,2.5,0,0,0,1016.2,1021,99.9,,
763,2020-02-14 06:00,2.5,0,.1,0,1016.2,1021,99.9,,
763,2020-02-14 07:00,2.2,0,0,0,1016.5,1021.3,99.9,,
763,2020-02-14 08:00,2.2,0,.3,0,1016.7,1021.5,99.9,,
763,2020-02-14 09:00,4.1,7,.5,0,1016.7,1021.4,99.9,,
763,2020-02-14 10:00,6.1,24.9,2.1,0,1016.6,1021.3,99.9,,
763,2020-02-14 11:00,8.2,15.6,2.1,0,1016.8,1021.5,82.4,,
763,2020-02-14 12:00,9.9,354.5,2.2,0,1016.7,1021.3,74.5,,
763,2020-02-14 13:00,12.3,337.2,1.8,0,1015.7,1020.3,65.7,,
763,2020-02-14 14:00,13.5,329.5,2,0,1015.6,1020.2,63,,
763,2020-02-14 15:00,13.8,.8,2.2,0,1015.4,1020,59.7,,
763,2020-02-14 16:00,14.9,347.2,1.9,0,1014.9,1019.4,54.6,,
763,2020-02-14 17:00,14.5,3.6,1.4,0,1014.6,1019.1,57.2,,
763,2020-02-14 18:00,11.7,0,.2,0,1015.4,1020,71,,
763,2020-02-14 19:00,7.8,0,0,0,1015.6,1020.3,89.1,,
763,2020-02-14 20:00,6,0,0,0,1016.4,1021.1,94,,
763,2020-02-14 21:00,5.9,0,.3,0,1017.7,1022.4,88.2,,
763,2020-02-14 22:00,5.3,0,.1,0,1018.2,1022.9,90.7,,
763,2020-02-14 23:00,5.3,0,0,0,1018.2,1022.9,90.3,,
763,2020-02-15 00:00,4.7,0,0,0,1018.3,1023,94.3,,
763,2020-02-15 01:00,3.7,0,0,0,1017.3,1022.1,95.4,,
763,2020-02-15 02:00,3,0,0,0,1017,1021.8,97.8,,
763,2020-02-15 03:00,2.6,0,0,0,1016.9,1021.7,98.7,,
763,2020-02-15 04:00,2.9,0,.1,0,1016.1,1020.9,98.8,,
763,2020-02-15 05:00,3,0,.1,0,1016.1,1020.9,97.8,,
763,2020-02-15 06:00,1.8,0,.1,0,1016.7,1021.5,98.8,,
763,2020-02-15 07:00,2.1,0,.1,0,1017.1,1021.9,98.7,,
763,2020-02-15 08:00,1.9,0,.4,0,1017.2,1022,99.6,,
763,2020-02-15 09:00,5.6,0,.1,0,1017.2,1021.9,91.5,,
763,2020-02-15 10:00,8.4,0,.4,0,1016.1,1020.8,75.1,,
763,2020-02-15 11:00,13.1,296.4,2.1,0,1015.6,1020.2,58.2,,
763,2020-02-15 12:00,15.4,18.7,1.7,0,1014.5,1019,47.7,,
763,2020-02-15 13:00,16.7,48.4,1.3,0,1013.3,1017.8,41.6,,
763,2020-02-15 14:00,15.7,341.4,.6,0,1012.5,1017,48,,
763,2020-02-15 15:00,14.2,253.1,.7,0,1012.9,1017.4,63.6,,
763,2020-02-15 16:00,13.6,131.5,.8,0,1012.2,1016.7,67,,
763,2020-02-15 17:00,11.8,0,.4,.5,1011.6,1016.2,88.2,,
763,2020-02-15 18:00,11.2,0,.4,0,1010.5,1015.1,90.5,,
763,2020-02-15 19:00,11.6,0,.1,0,1010.6,1015.2,81,,
763,2020-02-15 20:00,11.4,244.6,.5,0,1010.5,1015.1,80.7,,
763,2020-02-15 21:00,10.6,254.9,1.3,0,1010.5,1015.1,90.8,,
763,2020-02-15 22:00,8.2,268.1,1.2,1.5,1011.2,1015.8,96.7,,
763,2020-02-15 23:00,8.2,180.6,.5,1.5,1009.8,1014.4,99.2,,
763,2020-02-16 00:00,7.3,197.4,.8,0,1009,1013.7,99.3,,
763,2020-02-16 01:00,6.7,238,1,1,1008.8,1013.5,99.2,,
763,2020-02-16 02:00,4.8,268.6,3.4,2,1009,1013.7,97,,
763,2020-02-16 03:00,3.8,249.2,1,3,1009.5,1014.2,96.8,,
763,2020-02-16 04:00,3.4,261.4,2.4,1.5,1009.2,1013.9,95.9,,
763,2020-02-16 05:00,2.6,271.3,3.9,1,1009.9,1014.6,92.6,,
763,2020-02-16 06:00,1.9,264.2,2.4,.5,1010.4,1015.2,94.1,,
763,2020-02-16 07:00,1.7,248.3,1.8,0,1010.8,1015.6,95.8,,
763,2020-02-16 08:00,1.4,266.9,3.2,0,1010.5,1015.3,93.4,,
763,2020-02-16 09:00,1.4,269.5,3.5,0,1011.2,1016,87.1,,
763,2020-02-16 10:00,1.1,271.6,3.1,0,1011.8,1016.6,85,,
763,2020-02-16 11:00,1.3,275.6,4.3,0,1011.7,1016.5,75,,
763,2020-02-16 12:00,1.1,274.1,3.6,0,1011.8,1016.6,81.5,,
763,2020-02-16 13:00,.7,286.3,4.8,0,1011.5,1016.3,83.1,,
763,2020-02-16 14:00,1.6,283.2,5,0,1011,1015.8,78.4,,
763,2020-02-16 15:00,1.1,291.4,4.7,.5,1010.6,1015.4,78.5,,
763,2020-02-16 16:00,.2,265.6,4.3,0,1010.7,1015.5,87,,
763,2020-02-16 17:00,-.2,276,4.1,0,1011.4,1016.2,82.4,,
763,2020-02-16 18:00,-.5,277.5,5.3,0,1012.2,1017,79,,
763,2020-02-16 19:00,-1.1,261.1,1.5,0,1012.9,1017.7,88.4,,
763,2020-02-16 20:00,-.8,270.6,4.9,0,1013.2,1018,76.4,,
763,2020-02-16 21:00,-.7,268.9,2.6,0,1013.1,1017.9,76.8,,
763,2020-02-16 22:00,-1.6,249.3,1.5,0,1013.2,1018,91.7,,
763,2020-02-16 23:00,-1.6,266.2,1.8,0,1013.4,1018.2,91.7,,
763,2020-02-17 00:00,-1.9,274.6,1.2,0,1013.6,1018.4,94.2,,
763,2020-02-17 01:00,-2,264.1,1.1,0,1013.6,1018.4,92.7,,
763,2020-02-17 02:00,-1.9,256.1,1.7,0,1013.7,1018.5,92.9,,
763,2020-02-17 03:00,-2,276.5,2.2,0,1013.9,1018.7,93.4,,
763,2020-02-17 04:00,-2.2,268.5,1.8,.5,1013.8,1018.7,92.1,,
763,2020-02-17 05:00,-2.2,270.7,1.5,0,1013.8,1018.7,87.7,,
763,2020-02-17 06:00,-2.7,259.5,.9,0,1013.7,1018.6,89.6,,
763,2020-02-17 07:00,-3,265.2,2.1,0,1013.6,1018.5,90.3,,
763,2020-02-17 08:00,-3.3,277.9,1.7,0,1013.7,1018.6,94.9,,
763,2020-02-17 09:00,-3,267.6,1.9,.5,1014,1018.9,89.8,,
763,2020-02-17 10:00,-3.1,276.3,2.7,0,1014,1018.9,90.2,,
763,2020-02-17 11:00,-2.6,276.5,2.3,0,1014.4,1019.3,85.3,,
763,2020-02-17 12:00,-1.9,278.5,3.9,0,1014.1,1018.9,80.4,,
763,2020-02-17 13:00,-1.8,294.1,2.8,0,1013.7,1018.5,80.8,,
763,2020-02-17 14:00,-1.7,275.9,4.5,0,1013.3,1018.1,77.6,,
763,2020-02-17 15:00,-1.9,335.2,2.6,0,1013.2,1018,80.4,,
763,2020-02-17 16:00,-2.1,340.1,3,0,1013.9,1018.7,77.8,,
763,2020-02-17 17:00,-2.1,311.1,3.8,0,1014.8,1019.7,61.9,,
763,2020-02-17 18:00,-3.1,294.7,3.9,0,1015.7,1020.6,70.2,,
763,2020-02-17 19:00,-3.4,328.9,1.9,0,1016.8,1021.7,70.3,,
763,2020-02-17 20:00,-4.3,329,1.3,0,1017.9,1022.8,84.6,,
763,2020-02-17 21:00,-4.2,0,.4,0,1018.4,1023.3,85,,
763,2020-02-17 22:00,-4.1,0,.4,0,1019.1,1024,85.4,,
763,2020-02-17 23:00,-3.9,339.2,.7,0,1019.6,1024.5,83.6,,
763,2020-02-18 00:00,-3.9,355.7,1.8,0,1020.3,1025.2,76.8,,
763,2020-02-18 01:00,-4.2,0,.2,0,1020.5,1025.4,74.6,,
763,2020-02-18 02:00,-4.1,0,.2,0,1020.8,1025.7,72.7,,
763,2020-02-18 03:00,-4.7,0,.3,0,1021,1025.9,79.4,,
763,2020-02-18 04:00,-4.6,0,.3,0,1021.4,1026.3,78,,
763,2020-02-18 05:00,-4.7,115.4,.8,0,1021.8,1026.7,79.5,,
763,2020-02-18 06:00,-5.8,0,.2,0,1022.1,1027.1,85.1,,
763,2020-02-18 07:00,-6.7,0,.2,0,1022.9,1027.9,89.7,,
763,2020-02-18 08:00,-6.1,0,.1,0,1023.4,1028.4,89.4,,
763,2020-02-18 09:00,-3.2,174.9,.5,0,1024.4,1029.3,70.8,,
763,2020-02-18 10:00,-2.1,341.1,1.2,0,1025.1,1030,60.9,,
763,2020-02-18 11:00,-1.5,291.2,1.6,0,1025.3,1030.2,56.9,,
763,2020-02-18 12:00,0,326.8,1.3,0,1025.2,1030.1,54.8,,
763,2020-02-18 13:00,1.4,237.8,.9,0,1024.4,1029.2,51.3,,
763,2020-02-18 14:00,1.8,261.9,1.7,0,1023.9,1028.7,52.6,,
763,2020-02-18 15:00,2.4,269.9,1.7,0,1023.7,1028.5,50.9,,
763,2020-02-18 16:00,3.2,231.5,1.4,0,1023.5,1028.3,47.2,,
763,2020-02-18 17:00,2.5,269.2,2.6,0,1023.8,1028.6,51.8,,
763,2020-02-18 18:00,1.8,236.6,1.2,0,1024.2,1029,58.6,,
763,2020-02-18 19:00,0,0,.4,0,1024.5,1029.4,69.5,,
763,2020-02-18 20:00,-.3,234.2,.8,0,1025,1029.9,68.1,,
763,2020-02-18 21:00,-1.4,0,.4,0,1025.6,1030.5,75.8,,
763,2020-02-18 22:00,-2.5,0,.1,0,1026,1030.9,81.1,,
763,2020-02-18 23:00,-3.1,0,.2,0,1026.2,1031.1,85.9,,
763,2020-02-19 00:00,-3.2,0,.1,0,1026.1,1031,83.9,,
763,2020-02-19 01:00,-4,0,.4,0,1026.3,1031.2,89.6,,
763,2020-02-19 02:00,-3.9,0,.2,0,1026.5,1031.4,89.5,,
763,2020-02-19 03:00,-4.3,0,.1,0,1026.2,1031.2,91.4,,
763,2020-02-19 04:00,-4.8,0,0,0,1025.9,1030.9,94.1,,
763,2020-02-19 05:00,-5,0,0,0,1025.9,1030.9,93.3,,
763,2020-02-19 06:00,-5.3,0,.3,0,1026.2,1031.2,94.2,,
763,2020-02-19 07:00,-5.2,0,0,0,1026.1,1031.1,94.8,,
763,2020-02-19 08:00,-4.9,0,0,0,1026.4,1031.4,95.2,,
763,2020-02-19 09:00,-2.5,15.3,.8,0,1026.8,1031.7,87,,
763,2020-02-19 10:00,.1,27.4,.6,0,1026.8,1031.7,72.2,,
763,2020-02-19 11:00,3.1,16,.9,0,1026.8,1031.6,59.5,,
763,2020-02-19 12:00,5.8,25,1,0,1026.5,1031.3,53.6,,
763,2020-02-19 13:00,7.7,339.1,1.3,0,1025.6,1030.3,56.2,,
763,2020-02-19 14:00,8.1,323.1,2.3,0,1024.8,1029.5,54.6,,
763,2020-02-19 15:00,8.1,288.6,2.9,0,1025.1,1029.8,50.9,,
763,2020-02-19 16:00,9.2,302.9,.8,0,1025,1029.7,50.9,,
763,2020-02-19 17:00,8.2,274.1,1.5,0,1025,1029.7,54.1,,
763,2020-02-19 18:00,7.1,266.7,2.1,0,1025.1,1029.8,67.3,,
763,2020-02-19 19:00,5.5,229.5,.6,0,1025.3,1030.1,74.9,,
763,2020-02-19 20:00,5.2,244.4,.6,0,1025.6,1030.4,78.2,,
763,2020-02-19 21:00,2.5,111.6,.5,0,1025.8,1030.6,89.1,,
763,2020-02-19 22:00,1.4,104.6,.5,0,1026.4,1031.2,94.2,,
763,2020-02-19 23:00,1,0,0,0,1026.5,1031.4,96.8,,
763,2020-02-20 00:00,.8,0,0,0,1026.3,1031.2,95.7,,
763,2020-02-20 01:00,-.3,0,.2,0,1026.6,1031.5,98.1,,
763,2020-02-20 02:00,-.2,0,.1,0,1027,1031.9,99,,
763,2020-02-20 03:00,-1.1,0,0,0,1027.2,1032.1,98.9,,
763,2020-02-20 04:00,-1,0,0,0,1027.5,1032.4,99.4,,
763,2020-02-20 05:00,-1.4,0,0,0,1027.8,1032.7,99.5,,
763,2020-02-20 06:00,-1.9,0,0,0,1028,1032.9,99.5,,
763,2020-02-20 07:00,-2.1,0,0,0,1028.6,1033.5,98.7,,
763,2020-02-20 08:00,-1.8,0,0,0,1029.2,1034.1,98.9,,
763,2020-02-20 09:00,.8,0,.4,0,1030,1034.9,98.8,,
763,2020-02-20 10:00,3.7,0,.3,0,1030.2,1035,88.4,,
763,2020-02-20 11:00,6.4,29.1,1.2,0,1030.3,1035.1,71.5,,
763,2020-02-20 12:00,9,343.9,2,0,1030.2,1034.9,63,,
763,2020-02-20 13:00,10.3,355.5,1.7,0,1029.3,1034,54.3,,
763,2020-02-20 14:00,11.2,354.5,2,0,1028.7,1033.4,49.5,,
763,2020-02-20 15:00,11.7,349.6,1.7,0,1028.5,1033.2,44.6,,
763,2020-02-20 16:00,12.1,2,1.6,0,1028.2,1032.9,42.3,,
763,2020-02-20 17:00,11.6,334.7,1.1,0,1028.6,1033.3,44.7,,
763,2020-02-20 18:00,9.5,0,.4,0,1028.8,1033.5,55.3,,
763,2020-02-20 19:00,6.1,0,.3,0,1029.5,1034.3,77,,
763,2020-02-20 20:00,5.1,159.1,.6,0,1030.4,1035.2,85.5,,
763,2020-02-20 21:00,4.3,0,.4,0,1030.8,1035.6,88.8,,
763,2020-02-20 22:00,3,0,.3,0,1030.8,1035.6,91.7,,
763,2020-02-20 23:00,1.5,0,0,0,1030.6,1035.5,97.4,,
763,2020-02-21 00:00,1.8,0,0,0,1030.4,1035.3,97.3,,
763,2020-02-21 01:00,1.9,0,.3,0,1030.4,1035.3,98,,
763,2020-02-21 02:00,1.7,0,.3,0,1030.3,1035.2,98.7,,
763,2020-02-21 03:00,1,0,.1,0,1030.9,1035.8,99.1,,
763,2020-02-21 04:00,-.1,0,0,0,1029.8,1034.7,99.3,,
763,2020-02-21 05:00,.3,0,.2,0,1029,1033.9,99.5,,
763,2020-02-21 06:00,-.9,0,.1,0,1029.3,1034.2,99.2,,
763,2020-02-21 07:00,-.6,0,.4,0,1029.6,1034.5,99.8,,
763,2020-02-21 08:00,-.7,0,.2,0,1029.7,1034.6,99.7,,
763,2020-02-21 09:00,.7,138.4,1,0,1030,1034.9,99.9,,
763,2020-02-21 10:00,3,8.1,.9,0,1029.1,1033.9,94.4,,
763,2020-02-21 11:00,5,19.2,.9,0,1029.3,1034.1,83.8,,
763,2020-02-21 12:00,11.7,79.5,1.3,0,1027.7,1032.4,52.3,,
763,2020-02-21 13:00,13.4,236.3,2,0,1026.4,1031,41.5,,
763,2020-02-21 14:00,14.2,181.5,1.9,0,1025.1,1029.7,40.6,,
763,2020-02-21 15:00,14.4,207.4,1.6,0,1024,1028.6,37.9,,
763,2020-02-21 16:00,14.7,259.4,2.4,0,1023.6,1028.2,38.9,,
763,2020-02-21 17:00,13.7,270.6,1.2,0,1022.9,1027.5,45.1,,
763,2020-02-21 18:00,12.2,266.5,1.7,0,1022.2,1026.8,54.8,,
763,2020-02-21 19:00,11.8,248.3,1,0,1022.2,1026.8,59.3,,
763,2020-02-21 20:00,8.9,258.4,.6,0,1022.2,1026.9,89.9,,
763,2020-02-21 21:00,8.2,0,0,1,1021.9,1026.6,97.1,,
763,2020-02-21 22:00,8.6,175.5,.6,.5,1021.2,1025.9,94.6,,
763,2020-02-21 23:00,9,174.8,1.6,1,1020.3,1025,86.5,,
763,2020-02-22 00:00,8.8,180.8,1.5,.5,1019.5,1024.2,91.3,,
763,2020-02-22 01:00,8.7,187.9,.6,.5,1019.2,1023.9,93.8,,
763,2020-02-22 02:00,8.6,261,1.6,1,1019.2,1023.9,95.7,,
763,2020-02-22 03:00,8.4,270.8,4.2,.5,1019.4,1024.1,90.2,,
763,2020-02-22 04:00,7.7,272.2,3.6,0,1019.4,1024.1,87.1,,
763,2020-02-22 05:00,6.7,267,2.9,0,1020.4,1025.1,82.6,,
763,2020-02-22 06:00,5.4,252.8,1.4,0,1021,1025.7,82.4,,
763,2020-02-22 07:00,5,254.5,2.2,0,1021.3,1026.1,83.4,,
763,2020-02-22 08:00,4.7,242.2,1.5,0,1022,1026.8,89,,
763,2020-02-22 09:00,5.7,253.8,2.2,0,1022.7,1027.5,82.1,,
763,2020-02-22 10:00,6.9,239.5,1.8,0,1022.8,1027.5,82.4,,
763,2020-02-22 11:00,7.9,271.4,3.3,0,1023,1027.7,68.3,,
763,2020-02-22 12:00,9.2,266.8,4.4,0,1022.8,1027.5,54.3,,
763,2020-02-22 13:00,9.5,281.4,5.8,0,1022.5,1027.2,46.3,,
763,2020-02-22 14:00,9.5,282.9,6.3,,1022.1,1026.8,34.5,,
763,2020-02-22 15:00,9.1,273.9,5.4,,1021.9,1026.6,40.6,,
763,2020-02-22 16:00,7.9,284.4,6.4,,1022.2,1026.9,40.4,,
763,2020-02-22 17:00,7.4,290.2,5.4,,1022.8,1027.5,45.6,,
763,2020-02-22 18:00,6,282.6,3.6,,1023.5,1028.2,60,,
763,2020-02-22 19:00,4.9,270,4.1,,1024.1,1028.9,54.8,,
763,2020-02-22 20:00,3.1,297.9,.9,,1025.5,1030.3,62.3,,
763,2020-02-22 21:00,2.3,289.5,1.5,,1026,1030.8,64.9,,
763,2020-02-22 22:00,-.2,0,.2,,1026.7,1031.6,78,,
763,2020-02-22 23:00,-1.1,0,.1,,1026.9,1031.8,84.8,,
763,2020-02-23 00:00,-1,0,.2,,1026.9,1031.8,79.8,,
763,2020-02-23 01:00,-1.6,0,.4,0,1027.1,1032,83.9,,
763,2020-02-23 02:00,-1.9,0,.1,0,1027,1031.9,86,,
763,2020-02-23 03:00,-2.8,0,0,0,1026.8,1031.7,90.9,,
763,2020-02-23 04:00,-2.1,0,.2,0,1026.8,1031.7,86.4,,
763,2020-02-23 05:00,-2.3,0,.3,0,1026.7,1031.6,86.8,,
763,2020-02-23 06:00,-3,0,.2,0,1027,1031.9,90.1,,
763,2020-02-23 07:00,-3.1,0,0,0,1027,1031.9,90,,
763,2020-02-23 08:00,-2.5,0,.2,0,1027.3,1032.2,89,,
763,2020-02-23 09:00,1.8,0,0,0,1027.8,1032.6,76.4,,
763,2020-02-23 10:00,3.7,28.1,1.2,0,1028.4,1033.2,48.2,,
763,2020-02-23 11:00,4.4,321.3,1.5,0,1028,1032.8,41.5,,
763,2020-02-23 12:00,5.4,277,2.3,0,1027.6,1032.4,40.1,,
763,2020-02-23 13:00,6.5,303.4,1.9,0,1026.5,1031.3,34.6,,
763,2020-02-23 14:00,7.2,306.4,1.6,0,1025.3,1030,35.6,,
763,2020-02-23 15:00,7.5,298.9,1.6,0,1024.8,1029.5,35.8,,
763,2020-02-23 16:00,8.1,253.2,2,0,1024.3,1029,39.6,,
763,2020-02-23 17:00,7,270.6,2.4,0,1024,1028.7,43.3,,
763,2020-02-23 18:00,5.7,266.8,1.8,0,1023.8,1028.6,47.4,,
763,2020-02-23 19:00,4.4,231.5,1.1,0,1024,1028.8,48.2,,
763,2020-02-23 20:00,3.2,0,.3,0,1024.4,1029.2,54.6,,
763,2020-02-23 21:00,.7,0,0,0,1024.6,1029.5,68.4,,
763,2020-02-23 22:00,-.3,0,.1,0,1024.6,1029.5,75.7,,
763,2020-02-23 23:00,-.6,0,.1,0,1024.3,1029.2,79.2,,
763,2020-02-24 00:00,-.8,0,.4,0,1023.9,1028.8,83,,
763,2020-02-24 01:00,-1.6,0,.1,0,1023.5,1028.4,83,,
763,2020-02-24 02:00,-2.1,0,.1,0,1023.3,1028.2,84.2,,
763,2020-02-24 03:00,-2.9,0,.1,0,1023,1027.9,88.7,,
763,2020-02-24 04:00,-3.2,0,0,0,1022.7,1027.6,91.1,,
763,2020-02-24 05:00,-3.8,0,.1,0,1022.8,1027.7,92.2,,
763,2020-02-24 06:00,-3.2,0,.2,0,1022.7,1027.6,90.6,,
763,2020-02-24 07:00,-4.1,0,0,0,1022.6,1027.5,92.9,,
763,2020-02-24 08:00,-3.1,0,0,0,1022.9,1027.8,94.1,,
763,2020-02-24 09:00,.4,0,.2,0,1023.1,1028,78,,
763,2020-02-24 10:00,3.8,25.2,1.3,0,1022.8,1027.6,71.7,,
763,2020-02-24 11:00,8.7,36.9,.5,0,1022.2,1026.9,58.8,,
763,2020-02-24 12:00,12.7,188.4,1.3,0,1021.3,1025.9,47.9,,
763,2020-02-24 13:00,13.3,264.6,2.4,0,1020.4,1025,38.3,,
763,2020-02-24 14:00,14,260,1.7,0,1019.6,1024.2,35,,
763,2020-02-24 15:00,14.1,257.3,2.4,0,1018.9,1023.5,32,,
763,2020-02-24 16:00,13.9,241.9,1.1,0,1018.6,1023.2,37.3,,
763,2020-02-24 17:00,13.5,292.1,2.4,0,1018.5,1023.1,38.6,,
763,2020-02-24 18:00,12.5,313.4,.6,0,1017.9,1022.5,46.9,,
763,2020-02-24 19:00,8.9,0,.1,0,1018,1022.7,67.3,,
763,2020-02-24 20:00,8.4,0,0,0,1018.4,1023.1,69.7,,
763,2020-02-24 21:00,8.7,0,.4,0,1018,1022.7,65.6,,
763,2020-02-24 22:00,8.8,0,0,0,1017.7,1022.4,63.1,,
763,2020-02-24 23:00,8.7,0,.3,0,1018,1022.7,57,,
763,2020-02-25 00:00,6.3,0,.1,2,1017.8,1022.5,97.6,,
763,2020-02-25 01:00,6.3,0,.2,1.5,1017,1021.7,97.8,,
763,2020-02-25 02:00,6.5,299.2,.6,3.5,1015.8,1020.5,99.5,,
763,2020-02-25 03:00,6.8,0,.1,3.5,1013.9,1018.6,99.9,,
763,2020-02-25 04:00,6.9,17.2,1.7,2.5,1013.3,1018,99.9,,
763,2020-02-25 05:00,6.9,336.9,.9,1,1012.2,1016.9,99.9,,
763,2020-02-25 06:00,6.9,10.8,1.8,4,1011.8,1016.5,99.8,,
763,2020-02-25 07:00,6.8,21,1.3,4,1011.2,1015.9,99.4,,
763,2020-02-25 08:00,7.1,301.1,.7,1,1010.7,1015.4,99.9,,
763,2020-02-25 09:00,7.3,328.4,.7,.5,1010.8,1015.5,99.9,,
763,2020-02-25 10:00,7,290.4,.9,2,1010.7,1015.4,99.9,,
763,2020-02-25 11:00,7,26.9,.8,4,1010.6,1015.3,99.9,,
763,2020-02-25 12:00,7.3,0,.4,3,1009.1,1013.8,99.6,,
763,2020-02-25 13:00,7.4,355.6,.7,1,1008.7,1013.3,99.4,,
763,2020-02-25 14:00,6.8,9.3,1,1,1008.2,1012.9,99.4,,
763,2020-02-25 15:00,7,315,1.5,2.5,1008.9,1013.6,99.7,,
763,2020-02-25 16:00,7.4,17.6,1.8,.5,1009,1013.7,99.6,,
763,2020-02-25 17:00,7.4,47.2,1.9,.5,1009.3,1014,99.1,,
763,2020-02-25 18:00,7.6,356.2,1.3,.5,1009.8,1014.4,98.4,,
763,2020-02-25 19:00,7.4,26.6,2,0,1010.6,1015.3,99,,
763,2020-02-25 20:00,7.6,1.7,1.2,0,1011.6,1016.3,97.1,,
763,2020-02-25 21:00,7.8,26.8,2.5,0,1012.3,1017,93.5,,
763,2020-02-25 22:00,7.9,331.2,1,0,1013.2,1017.9,91.8,,
763,2020-02-25 23:00,8,21.6,1.2,0,1013.5,1018.2,88.3,,
763,2020-02-26 00:00,8.1,23.9,.6,0,1013.8,1018.5,85,,
763,2020-02-26 01:00,7.9,349.2,1.1,0,1014.8,1019.5,83.8,,
763,2020-02-26 02:00,7.7,10.9,1.4,0,1015.1,1019.8,84.1,,
763,2020-02-26 03:00,7.3,22.4,1.5,0,1015.3,1020,83.4,,
763,2020-02-26 04:00,5.5,0,.2,0,1015.5,1020.2,94.7,,
763,2020-02-26 05:00,3.6,0,0,0,1015.7,1020.4,98.2,,
763,2020-02-26 06:00,2.7,0,.1,0,1016.7,1021.5,99.7,,
763,2020-02-26 07:00,2.6,0,.2,0,1017.7,1022.5,99.9,,
763,2020-02-26 08:00,2.9,0,.1,0,1018.5,1023.3,99.9,,
763,2020-02-26 09:00,5.3,0,.3,0,1019.5,1024.2,98.3,,
763,2020-02-26 10:00,7.7,4.9,.8,0,1019.7,1024.4,84,,
763,2020-02-26 11:00,10,0,.4,0,1019.3,1024,76.7,,
763,2020-02-26 12:00,11.4,274.1,1.7,0,1019.2,1023.8,71,,
763,2020-02-26 13:00,12.2,279.8,2.5,0,1018.4,1023,63.1,,
763,2020-02-26 14:00,13,274.7,2.6,0,1017.5,1022.1,62.8,,
763,2020-02-26 15:00,13.6,262,2,0,1017.2,1021.8,60.6,,
763,2020-02-26 16:00,13.4,240.6,2.4,0,1017.6,1022.2,57.6,,
763,2020-02-26 17:00,12,249.8,2.6,0,1018.3,1022.9,62.2,,
763,2020-02-26 18:00,9.5,265.1,3.6,0,1019.1,1023.8,68.8,,
763,2020-02-26 19:00,7.9,263.4,2.2,0,1019.8,1024.5,72.2,,
763,2020-02-26 20:00,6.1,242.8,.7,0,1020.6,1025.3,82.3,,
763,2020-02-26 21:00,4.2,0,.2,0,1021,1025.8,91.9,,
763,2020-02-26 22:00,3.3,122.4,.9,0,1021.7,1026.5,96,,
763,2020-02-26 23:00,2,0,.3,0,1022,1026.8,96.7,,
763,2020-02-27 00:00,1.4,0,.1,0,1022.2,1027,98.6,,
763,2020-02-27 01:00,1.1,0,.2,0,1022.4,1027.2,98.7,,
763,2020-02-27 02:00,.4,0,0,0,1022.8,1027.6,98.7,,
763,2020-02-27 03:00,.4,0,0,0,1022.9,1027.7,98.3,,
763,2020-02-27 04:00,-.1,0,0,0,1023.1,1028,99,,
763,2020-02-27 05:00,-.6,0,0,0,1023.1,1028,99.3,,
763,2020-02-27 06:00,-.8,0,0,0,1023.8,1028.7,99.5,,
763,2020-02-27 07:00,-.6,0,0,0,1024.3,1029.2,99.5,,
763,2020-02-27 08:00,-.3,0,0,0,1024.8,1029.7,99.6,,
763,2020-02-27 09:00,2.4,0,.1,0,1025.1,1029.9,97.3,,
763,2020-02-27 10:00,5.3,1.8,1.4,0,1025.1,1029.9,80.2,,
763,2020-02-27 11:00,7.1,23.8,1.1,0,1025,1029.7,77.3,,
763,2020-02-27 12:00,9,346.9,1,0,1024.8,1029.5,67,,
763,2020-02-27 13:00,10.5,359.2,2,0,1024.1,1028.8,55.4,,
763,2020-02-27 14:00,11.1,349.1,1.6,0,1023.1,1027.8,50.4,,
763,2020-02-27 15:00,10.2,272.7,.8,0,1022.8,1027.5,49.3,,
763,2020-02-27 16:00,11.2,313,1.4,0,1022.6,1027.2,43.5,,
763,2020-02-27 17:00,11,295.1,1.9,0,1022.5,1027.2,43.5,,
763,2020-02-27 18:00,9.4,279.9,1.8,0,1022.8,1027.5,64.1,,
763,2020-02-27 19:00,6.4,265,.7,0,1022.8,1027.5,77.8,,
763,2020-02-27 20:00,4.9,0,.4,0,1023.4,1028.2,85.7,,
763,2020-02-27 21:00,4.3,0,.2,0,1023.7,1028.5,87.3,,
763,2020-02-27 22:00,3.8,0,.2,0,1024.4,1029.2,89.3,,
763,2020-02-27 23:00,2.8,96.1,.6,0,1024,1028.8,94.9,,
763,2020-02-28 00:00,4.5,0,.2,0,1023.3,1028.1,89.8,,
763,2020-02-28 01:00,5.2,123.9,1.5,0,1022.6,1027.4,84.9,,
763,2020-02-28 02:00,3.4,0,.1,0,1022.7,1027.5,92.6,,
763,2020-02-28 03:00,2.9,0,0,0,1022.1,1026.9,95.4,,
763,2020-02-28 04:00,2.7,0,0,0,1021.5,1026.3,97.8,,
763,2020-02-28 05:00,2.6,0,.3,0,1020.5,1025.3,96.8,,
763,2020-02-28 06:00,3.1,0,.3,0,1020.7,1025.5,96.7,,
763,2020-02-28 07:00,3.3,8.8,.7,0,1020.3,1025.1,96.8,,
763,2020-02-28 08:00,3.7,0,.4,0,1020.2,1025,95.1,,
763,2020-02-28 09:00,4.4,0,.2,0,1020.8,1025.6,93.2,,
763,2020-02-28 10:00,4.5,0,.2,1,1020.6,1025.4,97.3,,
763,2020-02-28 11:00,5.9,90.3,1,.5,1019.8,1024.5,94.8,,
763,2020-02-28 12:00,6.6,156.7,1.3,0,1019.8,1024.5,89.2,,
763,2020-02-28 13:00,6.3,158.6,1.4,1,1019.2,1023.9,91.3,,
763,2020-02-28 14:00,6,157.5,1.3,0,1018.4,1023.1,91,,
763,2020-02-28 15:00,6.1,150.4,1.1,.5,1017.5,1022.2,90.1,,
763,2020-02-28 16:00,6.7,127.4,.9,0,1017,1021.7,87.9,,
763,2020-02-28 17:00,6.9,78.8,.8,0,1016.7,1021.4,89.2,,
763,2020-02-28 18:00,6.7,98.6,.9,0,1016.1,1020.8,88.1,,
763,2020-02-28 19:00,5.3,55.7,.5,0,1016.2,1020.9,96.6,,
763,2020-02-28 20:00,4.8,0,0,0,1016.1,1020.8,98.5,,
763,2020-02-28 21:00,4.1,0,0,0,1015.9,1020.6,99.9,,
763,2020-02-28 22:00,3.5,0,.2,0,1015.4,1020.1,99.9,,
763,2020-02-28 23:00,3.5,0,0,0,1015.1,1019.8,99.9,,
763,2020-02-29 00:00,3.6,0,0,0,1015.2,1019.9,99.9,,
763,2020-02-29 01:00,3.9,0,.1,0,1014.8,1019.5,99.9,,
763,2020-02-29 02:00,2.7,0,0,0,1014.4,1019.2,99.9,,
763,2020-02-29 03:00,1.9,0,0,0,1014.3,1019.1,99.9,,
763,2020-02-29 04:00,1.2,0,0,0,1013.9,1018.7,99.9,,
763,2020-02-29 05:00,1.2,0,.1,0,1013.8,1018.6,99.9,,
763,2020-02-29 06:00,1.2,0,0,0,1013.9,1018.7,99.9,,
763,2020-02-29 07:00,1.7,0,.1,0,1014,1018.8,99.9,,
763,2020-02-29 08:00,2.7,269.1,.5,0,1013.5,1018.3,99.9,,
763,2020-02-29 09:00,5.7,301.4,.7,0,1014.8,1019.5,97.6,,
763,2020-02-29 10:00,7.7,342.3,1.4,0,1015,1019.7,83.2,,
763,2020-02-29 11:00,9.4,351.2,1.4,0,1014.4,1019,78.1,,
763,2020-02-29 12:00,10.3,32.1,2,0,1014.2,1018.8,64.9,,
763,2020-02-29 13:00,11.1,12.1,2.3,0,1013.7,1018.3,58.9,,
763,2020-02-29 14:00,12.4,358.3,2.6,0,1012.7,1017.3,58.4,,
763,2020-02-29 15:00,12.5,6.1,2.8,0,1012.2,1016.8,56.7,,
763,2020-02-29 16:00,12.7,351.4,1.9,0,1012.3,1016.9,56.3,,
763,2020-02-29 17:00,12.3,314.8,1.9,0,1012.3,1016.9,58.6,,
763,2020-02-29 18:00,11.2,347.4,.9,0,1012.5,1017.1,63.1,,
763,2020-02-29 19:00,7.4,0,0,0,1013,1017.7,85.4,,
763,2020-02-29 20:00,6,0,0,0,1013.8,1018.5,91.7,,
763,2020-02-29 21:00,5.1,0,0,0,1013.9,1018.6,94.8,,
763,2020-02-29 22:00,3.9,0,.2,0,1014.5,1019.2,96.9,,
763,2020-02-29 23:00,3.4,0,0,0,1014.8,1019.5,98,,
763,2020-03-01 00:00,2.6,0,0,0,1014.6,1019.4,98.8,,
763,2020-03-01 01:00,2.2,0,0,0,1014.4,1019.2,99.3,,
763,2020-03-01 02:00,2.2,0,0,0,1014.8,1019.6,99.9,,
763,2020-03-01 03:00,1.7,0,0,0,1015,1019.8,99.8,,
763,2020-03-01 04:00,1.1,0,0,0,1015.1,1019.9,99.9,,
763,2020-03-01 05:00,1.3,0,.2,0,1014.7,1019.5,99.9,,
763,2020-03-01 06:00,4.4,140.3,1.2,0,1014.9,1019.6,99.9,,
763,2020-03-01 07:00,4.6,201.8,.5,0,1015.6,1020.3,99.4,,
763,2020-03-01 08:00,4.9,0,.3,0,1015.9,1020.6,97.7,,
763,2020-03-01 09:00,5.5,174.2,1.1,0,1016.1,1020.8,94,,
763,2020-03-01 10:00,6.1,162.3,.7,0,1016,1020.7,90.3,,
763,2020-03-01 11:00,7.3,126.4,.9,0,1015.7,1020.4,85.6,,
763,2020-03-01 12:00,7.2,233.8,1,0,1015.1,1019.8,84.7,,
763,2020-03-01 13:00,8.2,216.4,1.3,0,1014.9,1019.6,80,,
763,2020-03-01 14:00,7.5,251.2,2.3,0,1014,1018.7,82.5,,
763,2020-03-01 15:00,7.8,236.9,1.6,0,1013.6,1018.3,76.3,,
763,2020-03-01 16:00,8.4,230.2,1.8,0,1014,1018.7,68.8,,
763,2020-03-01 17:00,7.1,270.4,2.3,0,1014.3,1019,75.1,,
763,2020-03-01 18:00,6.5,264.6,2,0,1014.6,1019.3,77,,
763,2020-03-01 19:00,6.1,261,2.6,0,1015.4,1020.1,77.3,,
763,2020-03-01 20:00,5.3,263.2,1.8,0,1016.1,1020.8,76.3,,
763,2020-03-01 21:00,4.7,250.1,1.3,0,1016.8,1021.5,78.3,,
763,2020-03-01 22:00,5,220,.9,0,1017.3,1022,77.2,,
763,2020-03-01 23:00,5.1,0,.4,0,1017.4,1022.1,76.6,,
763,2020-03-02 00:00,5.2,239.6,.8,0,1017.3,1022,77.4,,
763,2020-03-02 01:00,4.7,258.6,1.7,0,1017.7,1022.4,78.8,,
763,2020-03-02 02:00,4.5,281.9,1.1,0,1018.1,1022.8,78.2,,
763,2020-03-02 03:00,2.9,300.1,.5,0,1018,1022.8,82.9,,
763,2020-03-02 04:00,1.5,0,0,0,1017.9,1022.7,92.1,,
763,2020-03-02 05:00,.8,0,0,0,1018.1,1022.9,95.2,,
763,2020-03-02 06:00,-.3,0,0,0,1018.7,1023.5,96.5,,
763,2020-03-02 07:00,-.9,0,.1,0,1019.2,1024.1,96.9,,
763,2020-03-02 08:00,0,0,.1,0,1019.9,1024.7,94.3,,
763,2020-03-02 09:00,3.6,15.1,1.1,0,1020.7,1025.5,68.8,,
763,2020-03-02 10:00,4.9,339.7,2.3,0,1021.1,1025.8,57.2,,
763,2020-03-02 11:00,5.6,314.4,1.9,0,1021.3,1026,47,,
763,2020-03-02 12:00,7.5,338.3,1.9,0,1021,1025.7,39.2,,
763,2020-03-02 13:00,7.8,329.1,2.2,0,1020,1024.7,36.2,,
763,2020-03-02 14:00,8.9,306.5,1.6,0,1019.2,1023.9,39.5,,
763,2020-03-02 15:00,8.9,11.1,1.8,0,1019,1023.7,38.4,,
763,2020-03-02 16:00,9,319.4,.9,0,1019.3,1024,37.5,,
763,2020-03-02 17:00,8.6,252.2,1.7,0,1019.4,1024.1,49.3,,
763,2020-03-02 18:00,6.9,248.4,2.1,0,1019.8,1024.5,58.8,,
763,2020-03-02 19:00,5.4,0,.4,0,1020.6,1025.3,63.3,,
763,2020-03-02 20:00,4,34.2,.7,0,1021.1,1025.9,71.5,,
763,2020-03-02 21:00,3.5,47,.5,0,1021.5,1026.3,70,,
763,2020-03-02 22:00,3.2,0,.4,0,1022,1026.8,70.2,,
763,2020-03-02 23:00,2.1,0,.3,0,1022.2,1027,72.3,,
763,2020-03-03 00:00,2.3,0,.2,0,1022.2,1027,74.2,0,0
763,2020-03-03 01:00,2.1,0,.2,0,1021.9,1026.7,73.8,0,0
763,2020-03-03 02:00,.8,0,.1,0,1022,1026.8,81.5,0,0
763,2020-03-03 03:00,-.6,272.7,.5,0,1021.4,1026.3,88.8,0,0
763,2020-03-03 04:00,-1.2,0,.1,0,1021,1025.9,90.9,0,0
763,2020-03-03 05:00,-1.5,0,0,0,1021.1,1026,93.5,0,0
763,2020-03-03 06:00,-.5,0,0,0,1021.3,1026.2,88.6,0,0
763,2020-03-03 07:00,-1.1,0,0,0,1021.6,1026.5,94,0,0
763,2020-03-03 08:00,0,0,0,0,1021.8,1026.7,88.3,0,0
763,2020-03-03 09:00,2.9,0,.3,0,1021.8,1026.6,77.4,0,0
763,2020-03-03 10:00,5.5,45.8,.9,0,1021,1025.7,65.3,0,0
763,2020-03-03 11:00,9.2,337.2,.5,0,1020.7,1025.4,54.9,0,0
763,2020-03-03 12:00,11.2,288.8,1.3,0,1020.3,1024.9,49.7,0,0
763,2020-03-03 13:00,13.4,153.6,1.6,0,1019.1,1023.7,45,0,0
763,2020-03-03 14:00,13,181.5,1.1,0,1018.1,1022.7,47.3,0,0
763,2020-03-03 15:00,13.2,265.5,3.5,0,1017.9,1022.5,49.1,0,0
763,2020-03-03 16:00,12.6,270.6,3.5,0,1018.1,1022.7,54.8,0,0
763,2020-03-03 17:00,10.1,269.8,2.7,0,1017.7,1022.4,62.1,0,0
763,2020-03-03 18:00,8.7,281.4,1.4,0,1018.7,1023.4,61.6,0,0
763,2020-03-03 19:00,7.3,240.6,1.1,0,1019.1,1023.8,69.3,0,0
763,2020-03-03 20:00,6.5,230.3,.9,0,1019.1,1023.8,76.1,0,0
763,2020-03-03 21:00,6.1,212.1,.7,0,1019.3,1024,78.2,0,0
763,2020-03-03 22:00,5.8,206.9,1,0,1019.4,1024.1,76.2,0,0
763,2020-03-03 23:00,5.5,195.4,.9,0,1019.4,1024.1,75.3,0,0
763,2020-03-04 00:00,5.2,267.3,1,0,1019.3,1024,76.3,0,0
763,2020-03-04 01:00,5.1,269.1,1.7,0,1019.4,1024.1,75.2,0,0
763,2020-03-04 02:00,4.1,0,0,0,1019.3,1024.1,78.8,0,0
763,2020-03-04 03:00,2.5,0,.1,0,1018.9,1023.7,87.6,0,0
763,2020-03-04 04:00,2,0,.2,0,1018.6,1023.4,87.6,0,0
763,2020-03-04 05:00,3.4,0,.3,0,1018.7,1023.5,84.3,0,0
763,2020-03-04 06:00,4.3,245,.7,0,1018.8,1023.5,84.4,0,0
763,2020-03-04 07:00,3.6,234.8,1.1,0,1019.2,1024,90.5,0,0
763,2020-03-04 08:00,3.7,261.2,1.6,0,1020,1024.8,85,0,0
763,2020-03-04 09:00,5.1,275.2,2.3,0,1020.4,1025.2,72.3,0,0
763,2020-03-04 10:00,5.7,292,3.7,0,1020.7,1025.4,58.5,0,0
763,2020-03-04 11:00,6.7,276,4.7,0,1020.4,1025.1,53.8,0,0
763,2020-03-04 12:00,7.1,278.6,4.9,0,1019.8,1024.5,37.7,0,0
763,2020-03-04 13:00,6.9,281.1,6,0,1019.7,1024.4,44.6,0,0
763,2020-03-04 14:00,6.2,279,6.5,0,1019.2,1023.9,46,0,0
763,2020-03-04 15:00,5.8,275.3,6,0,1018.8,1023.5,45,0,0
763,2020-03-04 16:00,5,292.3,5.7,0,1018.9,1023.6,46.8,0,0
763,2020-03-04 17:00,3.4,291,5.4,0,1018.6,1023.4,48.8,0,0
763,2020-03-04 18:00,2.6,288.5,4.3,0,1018.8,1023.6,51.9,0,0
763,2020-03-04 19:00,1.4,294.3,4,0,1019.6,1024.4,64,0,0
763,2020-03-04 20:00,1.1,302.1,2.8,0,1020.4,1025.2,66.3,0,0
763,2020-03-04 21:00,-.2,293.8,1.9,0,1021.2,1026,85.1,0,0
763,2020-03-04 22:00,-.1,272.7,1.2,0,1021.3,1026.1,81.9,0,0
763,2020-03-04 23:00,.4,278.1,1.3,0,1021.6,1026.4,76.4,0,0
763,2020-03-05 00:00,.7,325.7,1.4,0,1021.4,1026.2,66.2,0,0
763,2020-03-05 01:00,.8,338.2,2.2,0,1021.4,1026.2,59,,
763,2020-03-05 02:00,.3,323,1.3,0,1021.7,1026.5,62.3,,
763,2020-03-05 03:00,-1.7,0,.3,0,1021.7,1026.6,77,,
763,2020-03-05 04:00,-2.8,0,0,0,1021.6,1026.5,83,,
763,2020-03-05 05:00,-3.5,0,.4,0,1021.6,1026.5,87.1,,
763,2020-03-05 06:00,-3.4,0,.1,0,1022.3,1027.2,86.8,,
763,2020-03-05 07:00,-3.1,0,.1,0,1023,1027.9,84.8,,
763,2020-03-05 08:00,-2,0,.3,0,1023.4,1028.3,80.8,,
763,2020-03-05 09:00,.7,265.7,1.4,0,1024,1028.8,63,,
763,2020-03-05 10:00,1.7,278.2,1.9,0,1024.3,1029.1,59.2,,
763,2020-03-05 11:00,3,288,2.3,0,1024,1028.8,51.7,,
763,2020-03-05 12:00,4.1,276.8,1.7,0,1023.3,1028.1,49.6,,
763,2020-03-05 13:00,5,270.3,2.4,0,1022.7,1027.5,43.4,,
763,2020-03-05 14:00,6.4,293.9,1.8,0,1021.6,1026.3,41.9,,
763,2020-03-05 15:00,7.2,346.5,1.2,0,1020.8,1025.5,39.6,,
763,2020-03-05 16:00,7.1,290.2,2.8,0,1020.5,1025.2,47.1,,
763,2020-03-05 17:00,6.5,255.7,2.5,0,1020.2,1024.9,51,,
763,2020-03-05 18:00,5.5,243.8,1.4,0,1020.2,1024.9,56.3,,
763,2020-03-05 19:00,4,247.5,1.2,0,1020.4,1025.2,60.3,,
763,2020-03-05 20:00,2.1,0,.3,0,1020.7,1025.5,67,,
763,2020-03-05 21:00,.7,0,.4,0,1020.9,1025.7,75.9,,
763,2020-03-05 22:00,-1,0,.2,0,1021.1,1026,84.2,,
763,2020-03-05 23:00,-1.7,0,.3,0,1021.2,1026.1,89.1,,
763,2020-03-06 00:00,-2.5,0,.2,0,1021.2,1026.1,91.5,,
763,2020-03-06 01:00,-2.6,0,.2,0,1021.1,1026,89.7,,
763,2020-03-06 02:00,-3,0,.1,0,1021.1,1026,90.7,,
763,2020-03-06 03:00,-3.5,0,.1,0,1021,1025.9,94.2,,
763,2020-03-06 04:00,-4.2,0,.1,0,1020.9,1025.8,94.3,,
763,2020-03-06 05:00,-4.5,0,0,0,1020.8,1025.7,95.6,,
763,2020-03-06 06:00,-5,0,0,0,1020.6,1025.5,95.9,,
763,2020-03-06 07:00,-5.3,0,0,0,1020.7,1025.6,95.6,,
763,2020-03-06 08:00,-3.1,0,0,0,1020.8,1025.7,95.2,,
763,2020-03-06 09:00,-1.1,10.7,1,0,1020.8,1025.7,87.3,,
763,2020-03-06 10:00,1.8,347.1,.6,0,1020.8,1025.6,71.1,,
763,2020-03-06 11:00,5.4,354.2,.6,0,1020.1,1024.8,51.6,,
763,2020-03-06 12:00,7.4,320.8,1.7,0,1019.5,1024.2,42.4,,
763,2020-03-06 13:00,9.6,355.7,1.4,0,1018.8,1023.4,36.7,,
763,2020-03-06 14:00,9.4,300.5,1.6,0,1017.5,1022.1,26,,
763,2020-03-06 15:00,10.5,276.6,1.7,0,1016.8,1021.4,19.3,,
763,2020-03-06 16:00,10.7,250.8,1.3,0,1015.9,1020.5,16.6,,
763,2020-03-06 17:00,10.9,275.8,1.3,0,1015.4,1020,16.2,,
763,2020-03-06 18:00,10,311,.6,0,1015.2,1019.8,21,,
763,2020-03-06 19:00,4.9,0,.2,0,1016,1020.7,49.9,,
763,2020-03-06 20:00,5.1,0,.1,0,1016.5,1021.2,47.7,,
763,2020-03-06 21:00,3.8,0,0,0,1016.1,1020.8,53.2,,
763,2020-03-06 22:00,3.6,94.1,1,0,1016.9,1021.7,57.7,,
763,2020-03-06 23:00,3.3,114.4,.6,0,1017.2,1022,63.8,,
763,2020-03-07 00:00,3.7,120.1,1.1,0,1016.4,1021.1,65.9,,
763,2020-03-07 01:00,2.7,116.2,.5,0,1016,1020.8,69.2,,
763,2020-03-07 02:00,.7,0,.1,0,1016,1020.8,80.2,,
763,2020-03-07 03:00,.7,0,0,0,1015.5,1020.3,81,,
763,2020-03-07 04:00,1.4,0,0,0,1015.1,1019.9,70.2,,
763,2020-03-07 05:00,.8,354.6,.6,0,1014.6,1019.4,76.8,,
763,2020-03-07 06:00,1.7,0,0,0,1014.7,1019.5,74.9,,
763,2020-03-07 07:00,2.4,0,0,0,1014.7,1019.5,70.6,,
763,2020-03-07 08:00,2.8,0,0,0,1015.4,1020.2,74,,
763,2020-03-07 09:00,3.8,0,.1,0,1015.5,1020.2,68,,
763,2020-03-07 10:00,5.8,0,.4,0,1015.2,1019.9,62.3,,
763,2020-03-07 11:00,6.4,22,.9,0,1014.8,1019.5,65,,
763,2020-03-07 12:00,7.4,338.5,.6,0,1014.3,1019,64.8,,
763,2020-03-07 13:00,9.6,13.1,1.7,0,1013.4,1018,58.8,,
763,2020-03-07 14:00,11.2,23.1,1.5,0,1012,1016.6,53.8,,
763,2020-03-07 15:00,11.5,333.2,2.3,0,1011.9,1016.5,54.5,,
763,2020-03-07 16:00,10.9,358.4,2.1,0,1012.2,1016.8,57.7,,
763,2020-03-07 17:00,11.1,53.6,.9,0,1012.4,1017,57.7,,
763,2020-03-07 18:00,10.6,8,1.1,0,1012.5,1017.1,59.3,,
763,2020-03-07 19:00,7.1,0,0,0,1012.5,1017.2,74.7,,
763,2020-03-07 20:00,4.8,0,.1,0,1013,1017.7,86.6,,
763,2020-03-07 21:00,4.1,0,.1,0,1013.3,1018,89.8,,
763,2020-03-07 22:00,2.3,0,.1,0,1014,1018.8,92.8,,
763,2020-03-07 23:00,1.7,0,.2,0,1014.7,1019.5,95,,
763,2020-03-08 00:00,1.3,0,.1,0,1014.5,1019.3,95.6,,
763,2020-03-08 01:00,.9,0,.4,0,1014.4,1019.2,98,,
763,2020-03-08 02:00,.3,0,.1,0,1014.5,1019.3,98.3,,
763,2020-03-08 03:00,-.1,0,.2,0,1014.6,1019.4,98.8,,
763,2020-03-08 04:00,-.5,0,.2,0,1014.7,1019.5,99.3,,
763,2020-03-08 05:00,-1.1,0,0,0,1015,1019.8,98.9,,
763,2020-03-08 06:00,-1.1,0,0,0,1015.9,1020.7,99,,
763,2020-03-08 07:00,-1.6,0,.3,0,1016.1,1020.9,98.9,,
763,2020-03-08 08:00,.7,0,.1,0,1016.8,1021.6,99.4,,
763,2020-03-08 09:00,3.3,9.5,.6,0,1017.1,1021.9,94.4,,
763,2020-03-08 10:00,6.9,93.1,.6,0,1017,1021.7,73.9,,
763,2020-03-08 11:00,10.6,10.9,1.7,0,1016.2,1020.8,62.3,,
763,2020-03-08 12:00,13.8,4.4,1.7,0,1015.2,1019.8,39.9,,
763,2020-03-08 13:00,15.6,321.9,1.2,0,1014,1018.5,35.2,,
763,2020-03-08 14:00,16.6,312.7,2,0,1013.3,1017.8,33.2,,
763,2020-03-08 15:00,17.3,299.8,1.6,0,1012.8,1017.3,35.5,,
763,2020-03-08 16:00,17.2,264.1,1.9,0,1012.7,1017.2,34.5,,
763,2020-03-08 17:00,16.8,304.8,1.9,0,1012.6,1017.1,33.9,,
763,2020-03-08 18:00,14,277.8,2.1,0,1012.8,1017.3,46.9,,
763,2020-03-08 19:00,12.3,235.4,.9,0,1013.3,1017.9,46.6,,
763,2020-03-08 20:00,8.4,99.7,.7,0,1014.2,1018.9,64.8,,
763,2020-03-08 21:00,7.9,0,.2,0,1014.2,1018.9,68.7,,
763,2020-03-08 22:00,5,0,0,0,1014.3,1019,80.8,,
763,2020-03-08 23:00,4.9,6.2,.7,0,1014.2,1018.9,82.4,,
763,2020-03-09 00:00,3.5,0,0,0,1014.7,1019.4,89.2,,
763,2020-03-09 01:00,2.6,0,.1,0,1014.9,1019.7,90.5,,
763,2020-03-09 02:00,2.2,0,.1,0,1014.4,1019.2,92.3,,
763,2020-03-09 03:00,2.2,0,.2,0,1013.8,1018.6,94.4,,
763,2020-03-09 04:00,2,0,.1,0,1013.4,1018.2,95.6,,
763,2020-03-09 05:00,1.5,0,0,0,1012.7,1017.5,96.7,,
763,2020-03-09 06:00,1,28.3,.5,0,1012,1016.8,97.9,,
763,2020-03-09 07:00,.6,0,0,0,1011.8,1016.6,97.3,,
763,2020-03-09 08:00,1.9,0,0,0,1012.3,1017.1,95.7,,
763,2020-03-09 09:00,5.5,0,0,0,1012.6,1017.3,81.9,,
763,2020-03-09 10:00,8.1,2.3,.5,0,1012.5,1017.2,69.4,,
763,2020-03-09 11:00,10.9,29.9,1.1,0,1011.9,1016.5,63.2,,
763,2020-03-09 12:00,13.4,258,.8,0,1011.1,1015.6,55.9,,
763,2020-03-09 13:00,14.4,218.3,.8,0,1009.7,1014.2,48.7,,
763,2020-03-09 14:00,15.2,329.6,1.1,0,1008.4,1012.9,43.8,,
763,2020-03-09 15:00,15.4,311.6,1,0,1007.1,1011.6,39.3,,
763,2020-03-09 16:00,14.5,239.1,1.1,0,1007.1,1011.6,49.9,,
763,2020-03-09 17:00,12.8,249.1,1.4,0,1007.3,1011.8,57,,
763,2020-03-09 18:00,11.8,0,.4,0,1007.2,1011.8,61.1,,
763,2020-03-09 19:00,10.8,102.6,.7,0,1007.7,1012.3,69.3,,
763,2020-03-09 20:00,9,0,.2,.5,1007.3,1011.9,96.4,,
763,2020-03-09 21:00,8.8,0,.1,.5,1007.1,1011.7,98.4,,
763,2020-03-09 22:00,8.9,0,.2,.5,1006.3,1010.9,98.5,,
763,2020-03-09 23:00,8.7,290.1,.7,0,1005.6,1010.2,95.1,,
763,2020-03-10 00:00,8.6,345.8,1.1,0,1005,1009.6,94,,
763,2020-03-10 01:00,8.4,340.1,1.5,.5,1004.1,1008.7,94.3,,
763,2020-03-10 02:00,7.9,342.6,1.6,0,1003.5,1008.1,96.1,,
763,2020-03-10 03:00,7.7,340.8,1.7,0,1003.2,1007.8,96.4,,
763,2020-03-10 04:00,7.7,333.9,1,.5,1002.6,1007.2,96.4,,
763,2020-03-10 05:00,7.6,319.5,.9,0,1002.2,1006.8,96.7,,
763,2020-03-10 06:00,7.6,333.8,1.2,0,1001.9,1006.5,96.2,,
763,2020-03-10 07:00,7.4,327.4,1.6,0,1002.3,1006.9,92.3,,
763,2020-03-10 08:00,7,319.5,.8,.5,1002.7,1007.3,95.8,,
763,2020-03-10 09:00,6.7,316.3,1.9,1,1003.1,1007.7,96.3,,
763,2020-03-10 10:00,6.7,300.3,1.5,1.5,1003.7,1008.3,98,,
763,2020-03-10 11:00,7,291.4,1.6,2,1003.8,1008.4,97.7,,
763,2020-03-10 12:00,7.3,282.9,1.1,1.5,1003.2,1007.8,96.4,,
763,2020-03-10 13:00,7.7,286,1.8,0,1002.9,1007.5,93.6,,
763,2020-03-10 14:00,7.3,278.1,2.8,0,1002.8,1007.4,93.3,,
763,2020-03-10 15:00,7.2,264.6,2.8,0,1003.4,1008,89,,
763,2020-03-10 16:00,7.4,259.1,3.2,0,1004.5,1009.1,84.6,,
763,2020-03-10 17:00,6.8,271.1,3.4,0,1005.3,1009.9,83.9,,
763,2020-03-10 18:00,6.3,277.2,4.1,0,1006,1010.7,85.6,,
763,2020-03-10 19:00,5.6,275.5,2.4,0,1007,1011.7,79.3,,
763,2020-03-10 20:00,4.9,275.3,2.6,0,1007.9,1012.6,74.1,,
763,2020-03-10 21:00,3.4,137.8,.5,0,1008.5,1013.2,81,,
763,2020-03-10 22:00,1.5,0,.4,0,1009,1013.8,92.5,,
763,2020-03-10 23:00,.8,0,.2,0,1009.4,1014.2,93.4,,
763,2020-03-11 00:00,.7,0,.2,0,1009.9,1014.7,93.5,,
763,2020-03-11 01:00,.8,0,.2,0,1010.7,1015.5,85.9,,
763,2020-03-11 02:00,.1,0,.1,0,1011.5,1016.3,84.1,,
763,2020-03-11 03:00,.7,95.6,.5,0,1011.7,1016.5,79.6,,
763,2020-03-11 04:00,-.5,0,.1,0,1011.5,1016.3,89,,
763,2020-03-11 05:00,-1,0,.2,0,1011.9,1016.7,93.4,,
763,2020-03-11 06:00,-1.4,0,.4,0,1012.9,1017.7,93.3,,
763,2020-03-11 07:00,-1.8,0,.1,0,1013.8,1018.6,92.8,,
763,2020-03-11 08:00,.4,0,.3,0,1014.6,1019.4,83.5,,
763,2020-03-11 09:00,3.6,282,1.3,0,1015.2,1019.9,55.4,,
763,2020-03-11 10:00,4.8,285.6,1,0,1015.8,1020.5,43.3,,
763,2020-03-11 11:00,6.3,325.3,2.2,0,1015.8,1020.5,35.6,,
763,2020-03-11 12:00,7.9,339.9,3,0,1015.7,1020.4,32.8,,
763,2020-03-11 13:00,8.5,296.8,3,0,1015.4,1020.1,34,,
763,2020-03-11 14:00,9.1,320.6,3.2,0,1015,1019.6,27.7,,
763,2020-03-11 15:00,8.6,283.9,3.8,0,1015.1,1019.8,33.4,,
763,2020-03-11 16:00,8.9,272.9,4,0,1015.6,1020.2,33.3,,
763,2020-03-11 17:00,7.9,271,4.4,0,1016.3,1021,39.7,,
763,2020-03-11 18:00,7,290.4,4,0,1016.6,1021.3,44.1,,
763,2020-03-11 19:00,4.7,295.2,1.2,0,1016.7,1021.4,55.9,,
763,2020-03-11 20:00,2.9,0,.4,0,1017.2,1022,65.9,,
763,2020-03-11 21:00,1.5,0,.3,0,1017.8,1022.6,69.9,,
763,2020-03-11 22:00,.6,0,.4,0,1018.7,1023.5,73.7,,
763,2020-03-11 23:00,-.2,93.5,.5,0,1019.5,1024.3,79.3,,
763,2020-03-12 00:00,-.3,0,0,0,1019.7,1024.5,78.4,,
763,2020-03-12 01:00,0,127.4,.5,0,1020,1024.8,79.3,,
763,2020-03-12 02:00,1.6,136.6,.9,0,1020,1024.8,69.6,,
763,2020-03-12 03:00,-.4,0,.2,0,1019.5,1024.3,81.6,,
763,2020-03-12 04:00,-2.1,0,0,0,1019.2,1024.1,90.9,,
763,2020-03-12 05:00,-2.6,0,0,0,1019.1,1024,94.3,,
763,2020-03-12 06:00,-3.1,0,.1,0,1019.7,1024.6,94.8,,
763,2020-03-12 07:00,-2.8,0,0,0,1019.5,1024.4,95.8,,
763,2020-03-12 08:00,-.6,0,.1,0,1019.5,1024.3,89,,
763,2020-03-12 09:00,2.8,42.9,.6,0,1019.5,1024.3,67.7,,
763,2020-03-12 10:00,6,0,.3,0,1019.8,1024.5,58.6,,
763,2020-03-12 11:00,8.8,237.8,.8,0,1019.6,1024.3,40.7,,
763,2020-03-12 12:00,11.8,212.1,1.5,0,1018.9,1023.5,21.5,,
763,2020-03-12 13:00,13.4,191.1,1.6,0,1017.9,1022.5,23,,
763,2020-03-12 14:00,14.7,267.3,2,0,1016.9,1021.4,21.2,,
763,2020-03-12 15:00,14.7,263.5,2.8,0,1015.7,1020.2,25.5,,
763,2020-03-12 16:00,14.6,252.1,2.3,0,1015.7,1020.2,26.7,,
763,2020-03-12 17:00,12,282.5,4,0,1016.1,1020.7,37.5,,
763,2020-03-12 18:00,9.9,276.8,3,0,1016.8,1021.4,44.9,,
763,2020-03-12 19:00,7.6,0,.1,0,1017.2,1021.9,55.7,,
763,2020-03-12 20:00,5,0,.1,0,1018,1022.7,72.6,,
763,2020-03-12 21:00,3.9,0,.1,0,1018.5,1023.3,75.7,,
763,2020-03-12 22:00,3.8,0,.3,0,1018.7,1023.5,73.8,,
763,2020-03-12 23:00,3.2,0,.2,0,1018.7,1023.5,77.9,,
763,2020-03-13 00:00,2.7,0,.2,0,1018.5,1023.3,86.8,,
763,2020-03-13 01:00,2.2,0,0,0,1018.9,1023.7,88.6,,
763,2020-03-13 02:00,1.7,0,.3,0,1019.1,1023.9,90.4,,
763,2020-03-13 03:00,2,0,.2,0,1019.3,1024.1,92.8,,
763,2020-03-13 04:00,1.9,113.4,.9,0,1017.8,1022.6,94.3,,
763,2020-03-13 05:00,1.5,0,.1,0,1017.4,1022.2,92.7,,
763,2020-03-13 06:00,2,0,.3,0,1017.8,1022.6,91.2,,
763,2020-03-13 07:00,3.4,0,.4,0,1018.3,1023.1,88.4,,
763,2020-03-13 08:00,3.8,7.9,1.7,0,1019.5,1024.3,86.3,,
763,2020-03-13 09:00,5.7,140.1,.9,0,1019.7,1024.4,79.1,,
763,2020-03-13 10:00,8.8,343.7,2.8,0,1020.1,1024.8,72.3,,
763,2020-03-13 11:00,9.5,30,1,0,1019.8,1024.5,61.9,,
763,2020-03-13 12:00,11.4,344.8,2.2,0,1018.7,1023.3,39.1,,
763,2020-03-13 13:00,11.7,336.5,3.1,0,1017.7,1022.3,22.4,,
763,2020-03-13 14:00,12.2,332,2.6,0,1016.9,1021.5,25.5,,
763,2020-03-13 15:00,12.1,320.5,2.6,0,1016.1,1020.7,19.6,,
763,2020-03-13 16:00,11.8,331.8,2.5,0,1016.2,1020.8,21.2,,
763,2020-03-13 17:00,10.9,306.9,2.5,0,1015.6,1020.2,18.6,,
763,2020-03-13 18:00,9.3,310.1,2.4,0,1015.8,1020.4,26.9,,
763,2020-03-13 19:00,6.4,312.2,1.6,0,1016.2,1020.9,46.8,,
763,2020-03-13 20:00,4.9,333.9,.9,0,1017,1021.7,41.1,,
763,2020-03-13 21:00,3.8,312,1.5,0,1017.5,1022.3,40.1,,
763,2020-03-13 22:00,2.4,321.5,.7,0,1017.9,1022.7,47.5,,
763,2020-03-13 23:00,.6,0,.3,0,1017.6,1022.4,60.6,,
763,2020-03-14 00:00,-1,0,0,0,1017.7,1022.5,73.1,,
763,2020-03-14 01:00,-.8,0,.1,0,1017.5,1022.3,65.1,,
763,2020-03-14 02:00,-1.6,0,.1,0,1017.1,1022,73.8,,
763,2020-03-14 03:00,-2.6,0,0,0,1016.7,1021.6,79.1,,
763,2020-03-14 04:00,-2.9,0,0,0,1016.5,1021.4,81.2,,
763,2020-03-14 05:00,-3.1,0,0,0,1016.2,1021.1,82.9,,
763,2020-03-14 06:00,-3.5,0,.3,0,1016.1,1021,84.3,,
763,2020-03-14 07:00,-3.6,0,.3,0,1016.1,1021,83.3,,
763,2020-03-14 08:00,-.8,126.1,1,0,1016.2,1021,66.8,,
763,2020-03-14 09:00,2.4,112.7,1,0,1016,1020.8,47.3,,
763,2020-03-14 10:00,4.5,294.3,1.5,0,1016.1,1020.8,46.8,,
763,2020-03-14 11:00,5.7,268,1.5,0,1015.3,1020,41.4,,
763,2020-03-14 12:00,7.9,195,1.4,0,1013.9,1018.6,39.3,,
763,2020-03-14 13:00,9,237.3,2.1,0,1013,1017.6,34.7,,
763,2020-03-14 14:00,9.1,273.7,3.9,0,1012,1016.6,39.2,,
763,2020-03-14 15:00,8.9,253.6,4.2,0,1011.4,1016,37.7,,
763,2020-03-14 16:00,8.4,278.7,4.2,0,1011.3,1015.9,40.1,,
763,2020-03-14 17:00,8.3,281.6,3.8,0,1011,1015.6,43.7,,
763,2020-03-14 18:00,7.5,242.5,2.3,0,1010.8,1015.5,53.5,,
763,2020-03-14 19:00,6.5,229.1,1.4,0,1010.5,1015.2,62.8,,
763,2020-03-14 20:00,6.7,223.9,1.7,0,1010.8,1015.5,66.2,,
763,2020-03-14 21:00,6.6,184.4,1.4,0,1010.5,1015.2,66,,
763,2020-03-14 22:00,6.4,223.1,1.3,0,1010.4,1015.1,70.2,,
763,2020-03-14 23:00,6.6,248.4,2.3,0,1010.2,1014.9,77.4,,
763,2020-03-15 00:00,6,261.8,2.1,0,1010.1,1014.8,76.4,,
763,2020-03-15 01:00,5.5,258.9,2.3,0,1010.1,1014.8,72.6,,
763,2020-03-15 02:00,4.5,242.4,.8,0,1009.7,1014.4,78,,
763,2020-03-15 03:00,2.9,260.7,.8,0,1009.3,1014,86.1,,
763,2020-03-15 04:00,4.3,237.5,1,0,1008.9,1013.6,78.3,,
763,2020-03-15 05:00,.7,0,0,0,1009,1013.8,90.6,,
763,2020-03-15 06:00,1,0,.4,0,1008.8,1013.6,87.7,,
763,2020-03-15 07:00,1.7,131.8,.6,0,1008.6,1013.4,87.9,,
763,2020-03-15 08:00,5.8,209.4,.9,0,1008.6,1013.3,73.5,,
763,2020-03-15 09:00,7.3,190.4,1.2,0,1008.5,1013.2,64.8,,
763,2020-03-15 10:00,9,200.6,1.4,0,1008.2,1012.8,55,,
763,2020-03-15 11:00,9.5,280,3.4,0,1007.5,1012.1,58.4,,
763,2020-03-15 12:00,11.1,290,4.4,0,1006.9,1011.5,46,,
763,2020-03-15 13:00,12.2,306,4.4,0,1006.7,1011.3,32.2,,
763,2020-03-15 14:00,11.6,286.7,6.8,0,1006.5,1011.1,26.2,,
763,2020-03-15 15:00,10.1,309,6.1,0,1007.5,1012.1,29.4,,
763,2020-03-15 16:00,9,296.6,6.5,0,1007.6,1012.2,34.9,,
763,2020-03-15 17:00,7.7,299.7,4.9,0,1008,1012.6,36.9,,
763,2020-03-15 18:00,6.2,293.7,4.8,0,1008.9,1013.6,39.4,,
763,2020-03-15 19:00,4.9,298,3.5,0,1009.6,1014.3,49,,
763,2020-03-15 20:00,3.8,309,4.7,0,1010.6,1015.3,51.2,,
763,2020-03-15 21:00,2.9,327.5,3,0,1011.6,1016.3,45.2,,
763,2020-03-15 22:00,2.4,320.6,2.6,0,1012.6,1017.4,43.2,,
763,2020-03-15 23:00,1.6,295.9,1.4,0,1013.4,1018.2,46.5,,
763,2020-03-16 00:00,.1,0,.2,0,1014.6,1019.4,56.2,,
763,2020-03-16 01:00,-1.2,277.7,.6,0,1015.1,1019.9,69.7,,
763,2020-03-16 02:00,-2,245,.6,0,1016.4,1021.3,74.1,,
763,2020-03-16 03:00,-1.6,0,.2,0,1017.3,1022.2,73.2,,
763,2020-03-16 04:00,-2,0,.3,0,1018,1022.9,74.6,,
763,2020-03-16 05:00,-3,0,0,0,1018.3,1023.2,81.4,,
763,2020-03-16 06:00,-3.7,0,.2,0,1019.2,1024.1,85.8,,
763,2020-03-16 07:00,-3.5,0,0,0,1019.4,1024.3,85.6,,
763,2020-03-16 08:00,.2,0,.2,0,1020.2,1025,72.2,,
763,2020-03-16 09:00,2.2,288.6,1.3,0,1021.1,1025.9,59.1,,
763,2020-03-16 10:00,4.1,248.7,1.2,0,1021.2,1026,51.9,,
763,2020-03-16 11:00,5.3,264.7,.8,0,1020.7,1025.5,46.5,,
763,2020-03-16 12:00,7.3,266.1,2.3,0,1020,1024.7,41.7,,
763,2020-03-16 13:00,8.2,280.7,2.6,0,1019.2,1023.9,36.1,,
763,2020-03-16 14:00,8.6,290.9,3.1,0,1018.8,1023.5,28.2,,
763,2020-03-16 15:00,9,283.4,2.6,0,1017.6,1022.3,39.9,,
763,2020-03-16 16:00,9.3,249.9,3.1,0,1017.6,1022.2,27.8,,
763,2020-03-16 17:00,8.1,288.9,3.9,0,1018,1022.7,41.7,,
763,2020-03-16 18:00,6.3,271.7,2.7,0,1018.4,1023.1,43.4,,
763,2020-03-16 19:00,4.9,266.9,1.8,0,1019.1,1023.8,54.2,,
763,2020-03-16 20:00,3.3,0,.2,0,1018.7,1023.5,66.5,,
763,2020-03-16 21:00,2.4,153,.6,0,1018.8,1023.6,72.6,,
763,2020-03-16 22:00,3.3,191.3,.6,0,1018.3,1023.1,69.1,,
763,2020-03-16 23:00,3.3,166.3,1,0,1017.9,1022.7,69.2,,
763,2020-03-17 00:00,3.1,203.7,.9,0,1017.6,1022.4,69.2,,
763,2020-03-17 01:00,3.2,174.4,1.3,0,1017.4,1022.2,67.6,,
763,2020-03-17 02:00,3,158.9,1.3,0,1016.9,1021.7,67.5,,
763,2020-03-17 03:00,3.5,168.5,1.9,0,1016.2,1021,65.2,,
763,2020-03-17 04:00,3.5,141.4,2.2,0,1015.8,1020.6,59,,
763,2020-03-17 05:00,3.3,153.2,1.8,0,1015.5,1020.3,60.2,,
763,2020-03-17 06:00,3.7,145.6,1.6,0,1014.8,1019.5,57.8,,
763,2020-03-17 07:00,4.2,150.4,1.3,0,1014.7,1019.4,58.4,,
763,2020-03-17 08:00,6.3,167.6,1,0,1014.4,1019.1,60.2,,
763,2020-03-17 09:00,8.4,183.9,1.7,0,1013.9,1018.6,54.1,,
763,2020-03-17 10:00,10.1,188.2,1.8,0,1013.4,1018,54.4,,
763,2020-03-17 11:00,13.1,227.2,2,0,1012.9,1017.5,53,,
763,2020-03-17 12:00,13.2,247.7,4.3,0,1012.5,1017.1,55.5,,
763,2020-03-17 13:00,12.7,257,2.7,0,1012.1,1016.7,61,,
763,2020-03-17 14:00,12.5,263.7,3.1,0,1011.5,1016.1,62.6,,
763,2020-03-17 15:00,12.6,266.9,4,0,1011,1015.6,63.3,,
763,2020-03-17 16:00,12.3,259.4,2.3,0,1011,1015.6,66.8,,
763,2020-03-17 17:00,11.4,245.7,2.1,0,1011.1,1015.7,70.6,,
763,2020-03-17 18:00,10.6,239.6,2.5,0,1011.3,1015.9,76.4,,
763,2020-03-17 19:00,9.5,248,2.2,0,1011.8,1016.4,84,,
763,2020-03-17 20:00,8.7,246.3,1.3,0,1012.4,1017,89.4,,
763,2020-03-17 21:00,6.7,83.6,.8,0,1012.9,1017.6,95,,
763,2020-03-17 22:00,5.6,0,.1,0,1013.1,1017.8,97.4,,
763,2020-03-17 23:00,4.4,0,0,0,1013.2,1017.9,98.8,,
763,2020-03-18 00:00,2.9,0,0,0,1012.9,1017.7,98.8,,
763,2020-03-18 01:00,3.6,113.1,.9,0,1012.8,1017.5,99.6,,
763,2020-03-18 02:00,2,0,.3,0,1012.9,1017.7,98.9,,
763,2020-03-18 03:00,2.1,26.5,1,0,1012.8,1017.6,99.9,,
763,2020-03-18 04:00,1.6,0,0,0,1012.5,1017.3,99.9,,
763,2020-03-18 05:00,3,0,.4,0,1012.5,1017.2,99.9,,
763,2020-03-18 06:00,3.3,0,.3,0,1012.5,1017.2,99.9,,
763,2020-03-18 07:00,3.7,0,0,0,1012.8,1017.5,99.9,,
763,2020-03-18 08:00,4.7,0,.1,0,1013.5,1018.2,99.9,,
763,2020-03-18 09:00,5.2,49.6,.6,0,1014,1018.7,99.9,,
763,2020-03-18 10:00,7.4,0,.4,0,1013.9,1018.6,86.7,,
763,2020-03-18 11:00,12.6,12.8,.8,0,1013.3,1017.9,60.7,,
763,2020-03-18 12:00,15.6,160.5,.9,0,1012.2,1016.7,32.6,,
763,2020-03-18 13:00,16.4,229,1.2,0,1011.1,1015.6,27,,
763,2020-03-18 14:00,16.9,246.1,2.1,0,1009.9,1014.4,23,,
763,2020-03-18 15:00,18,219.3,1.6,0,1008.9,1013.3,19.4,,
763,2020-03-18 16:00,18.7,229.5,.9,0,1008.3,1012.7,17.9,,
763,2020-03-18 17:00,18.2,272,2.3,0,1007.8,1012.2,19.3,,
763,2020-03-18 18:00,17.4,255.6,1.7,0,1007.4,1011.9,23.1,,
763,2020-03-18 19:00,14.8,214.4,.6,0,1007.4,1011.9,32,,
763,2020-03-18 20:00,9.5,0,0,0,1007.4,1012,51.6,,
763,2020-03-18 21:00,13.2,217.8,.8,0,1007,1011.5,35.5,,
763,2020-03-18 22:00,12.7,214.5,.9,0,1006.8,1011.3,38.6,,
763,2020-03-18 23:00,14.3,161.6,2.2,0,1006.5,1011,30.8,,
763,2020-03-19 00:00,13.6,162.3,2.5,0,1006.3,1010.8,37.1,,
763,2020-03-19 01:00,13.1,156.5,2.4,0,1006,1010.5,44.6,,
763,2020-03-19 02:00,13.1,163,2.7,0,1005.5,1010,52.2,,
763,2020-03-19 03:00,13,156.9,3.1,0,1004.3,1008.8,56.4,,
763,2020-03-19 04:00,13,157.6,3.2,0,1003.3,1007.8,59.4,,
763,2020-03-19 05:00,13.4,166,3.7,0,1002.5,1007,58.3,,
763,2020-03-19 06:00,13.6,168.9,3.4,0,1001.9,1006.4,56.5,,
763,2020-03-19 07:00,13.8,168.5,3.8,0,1000.8,1005.3,57.1,,
763,2020-03-19 08:00,14.4,201,3.5,0,1002.2,1006.7,61.7,,
763,2020-03-19 09:00,13,241.4,5.9,0,1002.8,1007.3,68.5,,
763,2020-03-19 10:00,9.7,259.2,5.4,0,1004.2,1008.8,72.9,,
763,2020-03-19 11:00,10.3,240.2,2.8,0,1004.9,1009.5,65.6,,
763,2020-03-19 12:00,10.9,267.5,5.2,0,1005.1,1009.7,51.6,,
763,2020-03-19 13:00,10.5,263,5.4,0,1005.5,1010.1,55.4,,
763,2020-03-19 14:00,11,278.3,5.9,0,1005.7,1010.3,38.9,,
763,2020-03-19 15:00,10.3,281.3,7,0,1005.8,1010.4,36.2,,
763,2020-03-19 16:00,10,273.5,6.1,0,1005.9,1010.5,43.7,,
763,2020-03-19 17:00,9.5,285.3,7.2,0,1006.4,1011,39,,
763,2020-03-19 18:00,8.5,275.1,6.7,0,1007.1,1011.7,46.3,,
763,2020-03-19 19:00,7.3,284.5,4.6,0,1007.8,1012.4,47.9,,
763,2020-03-19 20:00,6.8,278.2,3.2,0,1008.9,1013.6,53.2,,
763,2020-03-19 21:00,7,269.5,4.1,0,1009.8,1014.5,51.1,,
763,2020-03-19 22:00,7.1,266.2,4.6,0,1010.6,1015.3,52,,
763,2020-03-19 23:00,6.7,277.5,3.3,0,1011.1,1015.8,56.5,,
763,2020-03-20 00:00,5.7,276.1,.8,0,1011.6,1016.3,56.9,,
763,2020-03-20 01:00,4.8,0,.2,0,1012.1,1016.8,63.4,,
763,2020-03-20 02:00,2.8,0,0,0,1012.4,1017.1,72.2,,
763,2020-03-20 03:00,3.5,251.8,.7,0,1012.3,1017,71.7,,
763,2020-03-20 04:00,3.7,0,.2,0,1012.1,1016.8,73.9,,
763,2020-03-20 05:00,2.2,0,.3,0,1012.1,1016.9,81.6,,
763,2020-03-20 06:00,1.7,0,0,0,1012.3,1017.1,84.6,,
763,2020-03-20 07:00,1.8,0,.1,0,1012.5,1017.3,86.7,,
763,2020-03-20 08:00,5.4,140.6,.6,0,1012.4,1017.1,74,,
763,2020-03-20 09:00,8.9,189.7,1,0,1012.7,1017.3,54.7,,
763,2020-03-20 10:00,10.4,164.2,1.3,0,1013.1,1017.7,46.7,,
763,2020-03-20 11:00,12.1,226.9,1.7,0,1013,1017.6,36,,
763,2020-03-20 12:00,12.8,248.7,2.9,0,1012.5,1017.1,32.4,,
763,2020-03-20 13:00,14.5,222.8,2.3,0,1011.9,1016.4,24.5,,
763,2020-03-20 14:00,14.6,280.4,3.6,0,1011.3,1015.8,21.1,,
763,2020-03-20 15:00,14.2,245.4,2.6,0,1011.1,1015.6,26.9,,
763,2020-03-20 16:00,13.2,254.2,3.5,0,1010.7,1015.3,28.3,,
763,2020-03-20 17:00,12.6,266.2,3.2,0,1010.3,1014.9,29.9,,
763,2020-03-20 18:00,11.9,253.8,1.8,0,1009.8,1014.4,27.5,,
763,2020-03-20 19:00,9.5,0,.3,0,1009.7,1014.3,37.5,,
763,2020-03-20 20:00,6.4,0,.2,0,1009.6,1014.3,53.9,,
763,2020-03-20 21:00,5.7,0,.4,0,1009.5,1014.2,58.2,,
763,2020-03-20 22:00,9.2,158.1,1.2,0,1009.8,1014.4,43.7,,
763,2020-03-20 23:00,9.1,179.8,1.1,0,1010.5,1015.1,42,,
763,2020-03-21 00:00,8.6,0,.3,0,1010.4,1015,42.7,,
763,2020-03-21 01:00,7.3,220.6,.9,0,1010.4,1015.1,48.6,,
763,2020-03-21 02:00,8.4,229.2,.8,0,1010.3,1014.9,43.9,,
763,2020-03-21 03:00,10.2,146.7,1.9,0,1009.8,1014.4,38.8,,
763,2020-03-21 04:00,11.3,158.6,2.6,0,1009.4,1014,39.7,,
763,2020-03-21 05:00,11.2,166.5,1.9,0,1009.6,1014.2,40.7,,
763,2020-03-21 06:00,11.5,145.7,2.2,0,1009.7,1014.3,43.3,,
763,2020-03-21 07:00,4.6,5.1,1,0,1010.3,1015,66.1,,
763,2020-03-21 08:00,6.7,0,.4,0,1010.6,1015.3,59.2,,
763,2020-03-21 09:00,11.2,33.8,1,0,1010.7,1015.3,53,,
763,2020-03-21 10:00,15.3,187.2,1.8,0,1010.6,1015.1,50,,
763,2020-03-21 11:00,17,173.4,1.6,0,1010.2,1014.7,50.6,,
763,2020-03-21 12:00,18.4,240.6,2.3,0,1009.5,1013.9,49.3,,
763,2020-03-21 13:00,19.6,184.2,2,0,1008.3,1012.7,46.7,,
763,2020-03-21 14:00,21.2,201.9,1.6,0,1006.8,1011.2,45.2,,
763,2020-03-21 15:00,21.2,259.4,2.7,0,1006,1010.4,46.6,,
763,2020-03-21 16:00,21.2,260.7,2.5,0,1005.3,1009.7,48.4,,
763,2020-03-21 17:00,19.3,268.7,3,0,1005.3,1009.7,54.4,,
763,2020-03-21 18:00,17.7,264.5,1.7,0,1005.4,1009.8,61.1,,
763,2020-03-21 19:00,16,256.8,.5,0,1005.6,1010.1,68.2,,
763,2020-03-21 20:00,14.2,162.7,.7,0,1005.4,1009.9,76.3,,
763,2020-03-21 21:00,14.1,250,.8,0,1006.6,1011.1,76.4,,
763,2020-03-21 22:00,14.9,252.5,2.2,0,1007.8,1012.3,70.3,,
763,2020-03-21 23:00,15.6,228.8,3,0,1007.9,1012.4,65.8,,
763,2020-03-22 00:00,14.7,216.7,2.2,0,1007.3,1011.8,70.4,,
763,2020-03-22 01:00,13.4,271.5,2.9,0,1008.3,1012.8,79.5,,
763,2020-03-22 02:00,12.6,240.2,1.3,0,1008.1,1012.7,87.6,,
763,2020-03-22 03:00,11.6,287.7,2,0,1008.4,1013,88.9,,
763,2020-03-22 04:00,11,0,.4,0,1008.6,1013.2,91.3,,
763,2020-03-22 05:00,10.5,0,.3,0,1008.8,1013.4,93,,
763,2020-03-22 06:00,10.1,304.1,.7,0,1009,1013.6,95.3,,
763,2020-03-22 07:00,8.4,0,.2,0,1009.6,1014.2,97.7,,
763,2020-03-22 08:00,10.4,0,0,0,1010,1014.6,95.2,,
763,2020-03-22 09:00,11.7,289.1,1.9,0,1010.3,1014.9,80.9,,
763,2020-03-22 10:00,13.4,347,1.6,0,1010.8,1015.3,59.5,,
763,2020-03-22 11:00,15,5.1,2,0,1010.5,1015,44.7,,
763,2020-03-22 12:00,16.6,351.1,1.6,0,1010.1,1014.6,36.2,,
763,2020-03-22 13:00,18,27.5,1.9,0,1009.4,1013.9,21.7,,
763,2020-03-22 14:00,18.7,306.4,2.9,0,1008.5,1012.9,17,,
763,2020-03-22 15:00,19.8,305.7,2.1,0,1008.2,1012.6,18.3,,
763,2020-03-22 16:00,19,316.8,3,0,1008.6,1013,16.5,,
763,2020-03-22 17:00,17.7,341.4,3.2,0,1008.9,1013.4,20.9,,
763,2020-03-22 18:00,15.6,328,2.9,0,1009.8,1014.3,25.7,,
763,2020-03-22 19:00,12.5,319.3,2.1,0,1011,1015.6,29.2,,
763,2020-03-22 20:00,10.9,324.6,1.5,0,1011.8,1016.4,30.6,,
763,2020-03-22 21:00,8.5,0,.4,0,1012.7,1017.3,46.3,,
763,2020-03-22 22:00,5.5,0,.1,0,1013.5,1018.2,60.5,,
763,2020-03-22 23:00,5.2,0,.2,0,1014,1018.7,60.9,,
763,2020-03-23 00:00,3.8,0,0,0,1014.3,1019,68.8,,
763,2020-03-23 01:00,3.5,0,.4,0,1014.4,1019.1,64.1,,
763,2020-03-23 02:00,3.1,0,.1,0,1014.5,1019.3,67,,
763,2020-03-23 03:00,1.9,0,0,0,1014.5,1019.3,75.9,,
763,2020-03-23 04:00,2.1,0,.2,0,1014.6,1019.4,69.7,,
763,2020-03-23 05:00,1.2,0,0,0,1014.5,1019.3,74.5,,
763,2020-03-23 06:00,.5,0,0,0,1014.3,1019.1,78.8,,
763,2020-03-23 07:00,.3,0,0,0,1014.9,1019.7,82.4,,
763,2020-03-23 08:00,4.3,73.3,.5,0,1015.6,1020.3,70.1,,
763,2020-03-23 09:00,8.2,299.1,.7,0,1015.8,1020.5,53.5,,
763,2020-03-23 10:00,10.7,253,1.2,0,1016,1020.6,38.1,,
763,2020-03-23 11:00,12.6,243.8,2.2,0,1016,1020.6,41.2,,
763,2020-03-23 12:00,13.7,261.2,3.2,0,1015.5,1020.1,31.5,,
763,2020-03-23 13:00,15.7,245.2,2.8,0,1014.7,1019.2,26.8,,
763,2020-03-23 14:00,14.9,270.3,3.7,0,1013.9,1018.4,38.9,,
763,2020-03-23 15:00,15.2,238.9,2.4,0,1013.3,1017.8,43.5,,
763,2020-03-23 16:00,14.4,255,3.7,0,1012.9,1017.4,46.4,,
763,2020-03-23 17:00,13.8,242.6,2.7,0,1012.9,1017.4,52.6,,
763,2020-03-23 18:00,12.2,251.9,3.4,0,1013,1017.6,60.3,,
763,2020-03-23 19:00,10.3,269.4,3.3,0,1013.6,1018.2,66.7,,
763,2020-03-23 20:00,9.1,190.2,1,0,1014.1,1018.7,70.2,,
763,2020-03-23 21:00,6.6,0,.4,0,1014.5,1019.2,81.5,,
763,2020-03-23 22:00,5.8,0,.4,0,1014.8,1019.5,86.4,,
763,2020-03-23 23:00,4.6,0,0,0,1015.2,1019.9,93.3,,
763,2020-03-24 00:00,5.6,127.1,1.1,0,1015.2,1019.9,96.3,,
763,2020-03-24 01:00,5.6,175.1,.5,0,1015.5,1020.2,97.6,,
763,2020-03-24 02:00,3.4,0,.4,0,1015.7,1020.5,97.2,,
763,2020-03-24 03:00,3.1,0,0,0,1015.7,1020.5,98.7,,
763,2020-03-24 04:00,2.2,0,0,0,1015.7,1020.5,99.1,,
763,2020-03-24 05:00,.9,0,.1,0,1016.1,1020.9,99.9,,
763,2020-03-24 06:00,.9,0,.1,0,1016.6,1021.4,99.9,,
763,2020-03-24 07:00,.5,22.3,.7,0,1017.2,1022,99.9,,
763,2020-03-24 08:00,1.5,0,.3,0,1017.9,1022.7,99.9,,
763,2020-03-24 09:00,3.2,269.2,.9,0,1018.5,1023.3,99.9,,
763,2020-03-24 10:00,5.8,349.8,.9,0,1018.7,1023.4,99.9,,
763,2020-03-24 11:00,9.5,39.4,1.7,0,1018.6,1023.2,79.9,,
763,2020-03-24 12:00,12.3,36.9,1.7,0,1017.8,1022.4,64,,
763,2020-03-24 13:00,15.3,24.8,1.5,0,1016.9,1021.5,48.8,,
763,2020-03-24 14:00,16.5,278.5,1.2,0,1015.7,1020.2,35.2,,
763,2020-03-24 15:00,17.3,312,2.4,0,1015.3,1019.8,26.2,,
763,2020-03-24 16:00,17.6,300.4,2.5,0,1015.1,1019.6,18,,
763,2020-03-24 17:00,16,281.2,3.8,0,1015.2,1019.7,36.2,,
763,2020-03-24 18:00,15.4,261.4,1.9,0,1015.2,1019.7,33.3,,
763,2020-03-24 19:00,11.7,0,0,0,1015.5,1020.1,46.3,,
763,2020-03-24 20:00,9.7,0,.2,0,1016,1020.6,56.3,,
763,2020-03-24 21:00,7.3,0,.1,0,1016.6,1021.3,65.6,,
763,2020-03-24 22:00,6,0,.3,0,1017.1,1021.8,73.4,,
763,2020-03-24 23:00,4.6,0,.1,0,1017.7,1022.4,78.2,,
763,2020-03-25 00:00,4.5,0,.3,0,1017.8,1022.5,82,,
763,2020-03-25 01:00,4.1,0,.1,0,1017.7,1022.4,87,,
763,2020-03-25 02:00,3.7,0,.1,0,1017.8,1022.6,85.4,,
763,2020-03-25 03:00,2.6,0,.1,0,1017.4,1022.2,90.5,,
763,2020-03-25 04:00,2.1,0,0,0,1016.7,1021.5,94.2,,
763,2020-03-25 05:00,1.7,0,0,0,1017,1021.8,94.6,,
763,2020-03-25 06:00,1.3,0,0,0,1017.6,1022.4,94.8,,
763,2020-03-25 07:00,1.6,0,0,0,1017.8,1022.6,97.1,,
763,2020-03-25 08:00,5.8,0,0,0,1018,1022.7,80.5,,
763,2020-03-25 09:00,9.2,31.3,.8,0,1018.4,1023.1,67,,
763,2020-03-25 10:00,13.3,31.8,1.4,0,1018.6,1023.2,56.7,,
763,2020-03-25 11:00,16.8,119.9,1.3,0,1018.1,1022.6,46.4,,
763,2020-03-25 12:00,18.3,243,1.8,0,1017.1,1021.6,37.4,,
763,2020-03-25 13:00,19.8,171,1.5,0,1016.2,1020.6,31.6,,
763,2020-03-25 14:00,21.2,103.2,1.3,0,1014.8,1019.2,29.5,,
763,2020-03-25 15:00,21.2,142.7,1.8,0,1013.8,1018.2,28.4,,
763,2020-03-25 16:00,20.9,105.1,1.2,0,1013.5,1017.9,31.7,,
763,2020-03-25 17:00,20.7,314.9,2,0,1013.5,1017.9,34.6,,
763,2020-03-25 18:00,18.4,268.9,1.9,0,1013.9,1018.4,42.4,,
763,2020-03-25 19:00,16.8,249.5,1,0,1013.6,1018.1,45.7,,
763,2020-03-25 20:00,15.7,0,.3,0,1014.5,1019,49.6,,
763,2020-03-25 21:00,14.9,0,.4,0,1015,1019.5,53,,
763,2020-03-25 22:00,12.1,0,.2,0,1015.7,1020.3,63.9,,
763,2020-03-25 23:00,11.1,131.1,.7,0,1015.3,1019.9,66.1,,
763,2020-03-26 00:00,10.2,0,.2,0,1015.1,1019.7,70.1,,
763,2020-03-26 01:00,10.2,4.6,.5,0,1015.2,1019.8,70.1,,
763,2020-03-26 02:00,9.5,0,.4,0,1015.1,1019.7,73,,
763,2020-03-26 03:00,10.8,27.5,1.5,0,1014.6,1019.2,64.5,,
763,2020-03-26 04:00,10.4,354.2,.7,0,1014.6,1019.2,70,,
763,2020-03-26 05:00,10,0,.1,0,1014.9,1019.5,76.5,,
763,2020-03-26 06:00,9.9,89.2,.5,0,1014.3,1018.9,77.3,,
763,2020-03-26 07:00,14.3,161.4,2,0,1014.4,1018.9,60.2,,
763,2020-03-26 08:00,12.6,0,.4,0,1014.2,1018.8,72.7,,
763,2020-03-26 09:00,15.1,130.4,1.7,0,1013.7,1018.2,66.5,,
763,2020-03-26 10:00,16.3,129.6,2.1,0,1013.5,1018,62.5,,
763,2020-03-26 11:00,17.5,150.5,1.5,0,1012.9,1017.4,60.1,,
763,2020-03-26 12:00,17.4,161.3,2,0,1012.2,1016.7,62,,
763,2020-03-26 13:00,16.4,162,1.7,0,1011.4,1015.9,74.6,,
763,2020-03-26 14:00,15,343.7,.6,.5,1010.4,1014.9,96.1,,
763,2020-03-26 15:00,14.6,23.6,1.9,1,1009.7,1014.2,98.9,,
763,2020-03-26 16:00,14.5,20.7,1.3,.5,1008.9,1013.4,99.1,,
763,2020-03-26 17:00,14.6,358.9,1.2,0,1008.4,1012.9,99.7,,
763,2020-03-26 18:00,14.4,18.2,1.6,0,1008,1012.5,99.1,,
763,2020-03-26 19:00,14.1,0,.3,0,1007.6,1012.1,98.6,,
763,2020-03-26 20:00,14,3.3,.6,0,1007.7,1012.2,98.1,,
763,2020-03-26 21:00,14,0,.1,0,1007.7,1012.2,97.8,,
763,2020-03-26 22:00,13.9,0,.1,0,1007.5,1012,99.2,,
763,2020-03-26 23:00,13.7,308,.5,0,1007.5,1012,99.2,,
763,2020-03-27 00:00,13.5,0,0,.5,1007.2,1011.7,99.7,,
763,2020-03-27 01:00,13.4,0,0,.5,1006.8,1011.3,99.9,,
763,2020-03-27 02:00,13.3,0,0,1.5,1006.7,1011.2,99.9,,
763,2020-03-27 03:00,13.2,0,.1,1.5,1006,1010.5,99.9,,
763,2020-03-27 04:00,13.2,0,.3,.5,1005.7,1010.2,99.9,,
763,2020-03-27 05:00,13.2,0,0,1,1005.2,1009.7,99.9,,
763,2020-03-27 06:00,13.2,0,0,.5,1005.4,1009.9,99.9,,
763,2020-03-27 07:00,13.2,354.3,.7,2,1005.5,1010,99.9,,
763,2020-03-27 08:00,13.3,290.7,1.1,0,1006.6,1011.1,99.9,,
763,2020-03-27 09:00,13.5,304.8,1.8,0,1007.2,1011.7,99.9,,
763,2020-03-27 10:00,12.7,314.6,2.1,0,1008.2,1012.7,94.9,,
763,2020-03-27 11:00,12.8,327.4,1.2,0,1008.8,1013.4,93,,
763,2020-03-27 12:00,13,292.7,1.5,0,1009.4,1013.9,89.2,,
763,2020-03-27 13:00,11.8,229.2,1,.5,1009.5,1014.1,98.4,,
763,2020-03-27 14:00,11.4,200.5,1.2,0,1009.7,1014.3,92.9,,
763,2020-03-27 15:00,12.2,204.9,1.1,0,1010.3,1014.9,84.9,,
763,2020-03-27 16:00,12,243,2.5,0,1011.1,1015.7,68,,
763,2020-03-27 17:00,11.6,242.9,2.2,0,1011.6,1016.2,63.7,,
763,2020-03-27 18:00,10,244.9,1.7,0,1011.9,1016.5,63.1,,
763,2020-03-27 19:00,7.7,222.8,1,0,1012.7,1017.4,74.7,,
763,2020-03-27 20:00,6.5,160.2,.6,0,1014.2,1018.9,74.9,,
763,2020-03-27 21:00,6.2,0,.2,0,1015.5,1020.2,80,,
763,2020-03-27 22:00,4.7,0,.2,0,1016.5,1021.2,86.3,,
763,2020-03-27 23:00,4,0,.2,0,1016.9,1021.6,91.6,,
763,2020-03-28 00:00,4.3,0,.3,0,1017,1021.7,89.5,,
763,2020-03-28 01:00,3.9,0,0,0,1017.2,1021.9,92.6,,
763,2020-03-28 02:00,4,0,0,0,1017.2,1021.9,86.7,,
763,2020-03-28 03:00,3.8,0,.1,0,1017.6,1022.4,86.7,,
763,2020-03-28 04:00,3.9,0,0,0,1017.5,1022.3,86,,
763,2020-03-28 05:00,3,0,.2,0,1017.6,1022.4,88.3,,
763,2020-03-28 06:00,2.1,0,.1,0,1017.7,1022.5,93.9,,
763,2020-03-28 07:00,3.3,0,.1,0,1018.7,1023.5,86.2,,
763,2020-03-28 08:00,5.8,343.9,1.1,0,1018.9,1023.6,57.1,,
763,2020-03-28 09:00,6.5,7.7,1.8,0,1018.7,1023.4,53.4,,
763,2020-03-28 10:00,7.6,353.4,3.2,0,1018.3,1023,30.9,,
763,2020-03-28 11:00,8.3,348.7,2.7,0,1018,1022.7,30.7,,
763,2020-03-28 12:00,9,353,2.3,0,1017.6,1022.3,33.3,,
763,2020-03-28 13:00,9.5,345.8,2,0,1016.6,1021.2,28.5,,
763,2020-03-28 14:00,10.7,9,2.2,0,1015.6,1020.2,29.9,,
763,2020-03-28 15:00,10.9,25.8,1.6,0,1015.3,1019.9,28.7,,
763,2020-03-28 16:00,11.4,348.3,1.9,0,1015,1019.6,28.6,,
763,2020-03-28 17:00,11.1,302.3,1.7,0,1015.3,1019.9,28.9,,
763,2020-03-28 18:00,10.5,312.3,1.9,0,1015.8,1020.4,32.4,,
763,2020-03-28 19:00,8.9,321.8,1.4,0,1016,1020.7,35.6,,
763,2020-03-28 20:00,6.4,0,.2,0,1016.7,1021.4,51.6,,
763,2020-03-28 21:00,4.8,0,0,0,1017.2,1021.9,66.3,,
763,2020-03-28 22:00,3.9,0,.1,0,1017.4,1022.2,72.8,,
763,2020-03-28 23:00,2.6,0,0,0,1017.8,1022.6,76.4,,
763,2020-03-29 00:00,1.3,0,0,0,1018.3,1023.1,75.5,,
763,2020-03-29 01:00,.7,0,0,0,1018.5,1023.3,77.4,,
763,2020-03-29 02:00,.3,0,0,0,1018.8,1023.6,73.6,,
763,2020-03-29 03:00,.4,0,0,0,1018.7,1023.5,70.3,,
763,2020-03-29 04:00,-1.1,0,0,0,1018.8,1023.7,84.7,,
763,2020-03-29 05:00,-1.4,0,0,0,1019.1,1024,88.5,,
763,2020-03-29 06:00,-1.6,0,.1,0,1019.2,1024.1,89.5,,
763,2020-03-29 07:00,-1.8,0,0,0,1019.2,1024.1,89.8,,
763,2020-03-29 08:00,2.2,0,.1,0,1018.9,1023.7,66.7,,
763,2020-03-29 09:00,5,45.7,1.3,0,1018.8,1023.5,63.2,,
763,2020-03-29 10:00,7.5,265.7,1.4,0,1019.1,1023.8,53.2,,
763,2020-03-29 11:00,10.7,290,1.7,0,1018.5,1023.1,47.7,,
763,2020-03-29 12:00,12.1,283.5,1.8,0,1017.6,1022.2,42.1,,
763,2020-03-29 13:00,13.2,295.6,2.1,0,1016.8,1021.4,38.9,,
763,2020-03-29 14:00,14.3,323.8,2.2,0,1015.8,1020.3,34.1,,
763,2020-03-29 15:00,14.7,303.8,2.5,0,1015.6,1020.1,32.9,,
763,2020-03-29 16:00,12.9,277.5,4.6,0,1015.4,1020,39.6,,
763,2020-03-29 17:00,11.6,260.9,3.5,0,1016,1020.6,44.4,,
763,2020-03-29 18:00,10.4,244.3,2.3,0,1016.4,1021,42.5,,
763,2020-03-29 19:00,9.7,226,.9,0,1016.6,1021.2,43.8,,
763,2020-03-29 20:00,8.8,136.8,.7,0,1016.8,1021.5,49.2,,
763,2020-03-29 21:00,8.2,0,.1,0,1017.3,1022,55.9,,
763,2020-03-29 22:00,7.2,0,.1,0,1017.2,1021.9,69.3,,
763,2020-03-29 23:00,6.1,0,0,0,1017.5,1022.2,70.3,,
763,2020-03-30 00:00,6.2,0,.1,0,1017.2,1021.9,70.6,,
763,2020-03-30 01:00,6.5,0,.1,0,1017.2,1021.9,70,,
763,2020-03-30 02:00,6.2,0,0,0,1017.1,1021.8,77.4,,
763,2020-03-30 03:00,5.9,0,0,0,1017,1021.7,77.3,,
763,2020-03-30 04:00,5.5,0,0,0,1016.4,1021.1,79.1,,
763,2020-03-30 05:00,4.7,0,0,0,1017,1021.7,84,,
763,2020-03-30 06:00,4.9,0,0,0,1017.2,1021.9,85.7,,
763,2020-03-30 07:00,4.5,1.7,.9,0,1017.6,1022.3,86.6,,
763,2020-03-30 08:00,7,0,.1,0,1017.9,1022.6,74.4,,
763,2020-03-30 09:00,8.3,0,.3,0,1017.9,1022.6,64.7,,
763,2020-03-30 10:00,11.9,0,.3,0,1018,1022.6,55.5,,
763,2020-03-30 11:00,13.5,302,1.5,0,1018,1022.6,49.9,,
763,2020-03-30 12:00,14.6,238.6,1.8,0,1017.3,1021.8,46.9,,
763,2020-03-30 13:00,14.6,291.7,3.3,0,1016.7,1021.2,44.6,,
763,2020-03-30 14:00,15.3,295.8,1.7,0,1015.7,1020.2,40.9,,
763,2020-03-30 15:00,16.1,271.3,1.9,0,1014.8,1019.3,41,,
763,2020-03-30 16:00,15.9,289.8,2,0,1014.3,1018.8,41.1,,
763,2020-03-30 17:00,15.3,276.9,3.4,0,1014.3,1018.8,45,,
763,2020-03-30 18:00,13.4,285.5,2.2,0,1014.6,1019.2,47.6,,
763,2020-03-30 19:00,11.7,264.6,1.6,0,1015.3,1019.9,49.9,,
763,2020-03-30 20:00,9.1,0,.2,0,1015.8,1020.4,56.5,,
763,2020-03-30 21:00,7.3,34.5,.5,0,1016.4,1021.1,65.6,,
763,2020-03-30 22:00,5.8,0,.3,0,1016.7,1021.4,74.2,,
763,2020-03-30 23:00,5.3,0,.4,0,1016.9,1021.6,69,,
763,2020-03-31 00:00,4.7,0,.1,0,1017,1021.7,73.7,,
763,2020-03-31 01:00,4,0,.2,0,1016.9,1021.6,77.9,,
763,2020-03-31 02:00,2.8,0,.1,0,1016.9,1021.7,82.7,,
763,2020-03-31 03:00,2.6,0,.2,0,1016.7,1021.5,81.6,,
763,2020-03-31 04:00,2,0,0,0,1016.4,1021.2,83.4,,
763,2020-03-31 05:00,2.1,101.5,.6,0,1016.1,1020.9,87.7,,
763,2020-03-31 06:00,1.3,0,0,0,1015.2,1020,89.3,,
763,2020-03-31 07:00,1.8,0,.2,0,1015.5,1020.3,89.3,,
763,2020-03-31 08:00,5.4,9.1,.5,0,1016,1020.7,74.6,,
763,2020-03-31 09:00,8,30.4,1.3,0,1016.3,1021,68,,
763,2020-03-31 10:00,10.4,75.2,1.1,0,1016.1,1020.7,56.5,,
763,2020-03-31 11:00,13.9,86.6,1,0,1015.4,1020,45.7,,
763,2020-03-31 12:00,15.4,277.9,1.8,0,1014.2,1018.7,38.5,,
763,2020-03-31 13:00,16.9,299.4,2,0,1013.3,1017.8,35.5,,
763,2020-03-31 14:00,17.7,272.5,2.5,0,1011.9,1016.4,36.3,,
763,2020-03-31 15:00,18.2,283.6,2.5,0,1010.8,1015.3,35.3,,
763,2020-03-31 16:00,18.3,267.3,2.6,0,1010.5,1014.9,32.4,,
763,2020-03-31 17:00,17.7,266.6,2.3,0,1010.1,1014.6,32.5,,
763,2020-03-31 18:00,15.9,271.8,2.4,0,1010.3,1014.8,28,,
763,2020-03-31 19:00,14,223.4,.6,0,1010.2,1014.7,28.3,,
763,2020-03-31 20:00,11.6,121.9,.8,0,1010.9,1015.5,43.4,,
763,2020-03-31 21:00,10,0,.3,0,1011.4,1016,51.8,,
763,2020-03-31 22:00,8.6,0,.1,0,1011.7,1016.3,62.6,,
763,2020-03-31 23:00,8.6,8.2,.6,0,1011.4,1016,66,,
763,2020-04-01 00:00,8,0,.1,0,1011.3,1015.9,74.3,,
763,2020-04-01 01:00,7.8,0,0,0,1010.8,1015.4,75.3,,
763,2020-04-01 02:00,7.6,0,0,0,1011,1015.7,78.8,,
763,2020-04-01 03:00,8,0,.2,0,1010.7,1015.3,74.3,,
763,2020-04-01 04:00,7.6,0,0,0,1010.3,1015,79.6,,
763,2020-04-01 05:00,7.5,0,.1,0,1009.7,1014.4,81.5,,
763,2020-04-01 06:00,7.2,0,0,0,1010.2,1014.9,85.5,,
763,2020-04-01 07:00,7.5,0,0,0,1010.6,1015.3,83.8,,
763,2020-04-01 08:00,8.9,0,.1,0,1011,1015.6,75.5,,
763,2020-04-01 09:00,10.2,250.8,.6,0,1011.5,1016.1,68.4,,
763,2020-04-01 10:00,11.3,227.6,.8,0,1011.7,1016.3,58.6,,
763,2020-04-01 11:00,13.5,212.3,.7,0,1011.1,1015.6,43,,
763,2020-04-01 12:00,14.8,256,1.8,0,1010.3,1014.8,42.6,,
763,2020-04-01 13:00,17.5,272.7,1.8,0,1009.7,1014.2,38.6,,
763,2020-04-01 14:00,17.3,239.4,2.9,0,1010,1014.5,45,,
763,2020-04-01 15:00,16.7,273.8,4.8,0,1009.7,1014.2,42,,
763,2020-04-01 16:00,15.5,269.6,4.4,0,1010.1,1014.6,37.5,,
763,2020-04-01 17:00,12.9,269.9,6,0,1010.5,1015.1,28.6,,
763,2020-04-01 18:00,10.6,270.6,5.3,0,1011.6,1016.2,29.7,,
763,2020-04-01 19:00,8.4,275.1,3.6,0,1012.8,1017.4,36.5,,
763,2020-04-01 20:00,7.3,266.2,1.7,0,1014.1,1018.8,44.6,,
763,2020-04-01 21:00,6.6,239.3,1.2,0,1014.8,1019.5,55.2,,
763,2020-04-01 22:00,5.9,124.1,.7,0,1015.7,1020.4,63.1,,
763,2020-04-01 23:00,5,120.8,1.5,0,1015.8,1020.5,69.5,,
763,2020-04-02 00:00,3.6,0,.4,0,1015.8,1020.5,78.1,,
763,2020-04-02 01:00,3,99.5,.5,0,1015.7,1020.5,82.2,,
763,2020-04-02 02:00,2.1,0,.4,0,1016.2,1021,87.9,,
763,2020-04-02 03:00,1.5,0,0,0,1016.8,1021.6,91.9,,
763,2020-04-02 04:00,1.2,0,.2,0,1017.2,1022,91.9,,
763,2020-04-02 05:00,.5,0,0,0,1018.1,1022.9,94.8,,
763,2020-04-02 06:00,.8,0,.3,0,1018.7,1023.5,95.5,,
763,2020-04-02 07:00,.7,0,0,0,1019.3,1024.1,95.9,,
763,2020-04-02 08:00,5.3,0,0,0,1019.8,1024.5,84.9,,
763,2020-04-02 09:00,8,14.9,.9,0,1019.8,1024.5,67.3,,
763,2020-04-02 10:00,10.5,28.5,1.5,0,1020.3,1025,55.8,,
763,2020-04-02 11:00,12.2,11.5,1.3,0,1020,1024.6,44.9,,
763,2020-04-02 12:00,13.5,36.1,1.4,0,1019.6,1024.2,38.6,,
763,2020-04-02 13:00,14.5,287.6,2.2,0,1019.3,1023.9,25.3,,
763,2020-04-02 14:00,15.7,305.9,1.8,0,1018.3,1022.9,23.3,,
763,2020-04-02 15:00,15.9,281.7,3.1,0,1017.5,1022,28.1,,
763,2020-04-02 16:00,15.2,278.6,3,0,1017.4,1022,30.3,,
763,2020-04-02 17:00,14.5,277.3,2.8,0,1017.3,1021.9,36.8,,
763,2020-04-02 18:00,13.3,275,2.1,0,1017.6,1022.2,36.9,,
763,2020-04-02 19:00,11.7,267.9,2,0,1018.3,1022.9,34.8,,
763,2020-04-02 20:00,9.9,234.6,1.1,0,1019,1023.6,51.2,,
763,2020-04-02 21:00,7.8,0,.3,0,1019.5,1024.2,57,,
763,2020-04-02 22:00,6,0,.3,0,1019,1023.7,69.7,,
763,2020-04-02 23:00,3.7,0,0,0,1018.9,1023.7,80.6,,
763,2020-04-03 00:00,3.3,0,0,0,1019.2,1024,80.2,,
763,2020-04-03 01:00,3.2,0,.2,0,1019.7,1024.5,81.6,,
763,2020-04-03 02:00,3.5,0,.3,0,1020,1024.8,90.9,,
763,2020-04-03 03:00,2.7,0,.4,0,1019.9,1024.7,94,,
763,2020-04-03 04:00,2.2,0,.1,0,1019.7,1024.5,96.4,,
763,2020-04-03 05:00,1.8,0,.1,0,1019.3,1024.1,97.4,,
763,2020-04-03 06:00,.9,0,0,0,1019.5,1024.3,98,,
763,2020-04-03 07:00,1.2,0,.1,0,1019.8,1024.6,98.5,,
763,2020-04-03 08:00,4.2,287.7,.7,0,1020.4,1025.2,93,,
763,2020-04-03 09:00,7.9,0,.2,0,1020.3,1025,77.2,,
763,2020-04-03 10:00,10.2,233.7,.8,0,1020.1,1024.8,56.1,,
763,2020-04-03 11:00,12.6,7.3,2.3,0,1019.4,1024,40.4,,
763,2020-04-03 12:00,14,29.5,1.7,0,1018.6,1023.2,39,,
763,2020-04-03 13:00,15.3,263.6,2.1,0,1017.4,1022,36.6,,
763,2020-04-03 14:00,15.8,301.3,1.5,0,1016.3,1020.8,37.3,,
763,2020-04-03 15:00,16.5,283.8,3.1,0,1015.4,1019.9,34.1,,
763,2020-04-03 16:00,15.9,263,4.2,0,1015.5,1020,35.1,,
763,2020-04-03 17:00,14.8,256.1,3.2,0,1015.6,1020.1,38.6,,
763,2020-04-03 18:00,13.2,261.8,3.4,0,1016,1020.6,36.5,,
763,2020-04-03 19:00,10.6,234.9,1.8,0,1016.7,1021.3,43,,
763,2020-04-03 20:00,9.1,236.2,.9,0,1017.3,1022,36.9,,
763,2020-04-03 21:00,7.5,0,.4,0,1017.7,1022.4,46,,
763,2020-04-03 22:00,5.3,0,.3,0,1017.6,1022.3,60.7,,
763,2020-04-03 23:00,5.4,123.7,.6,0,1017.2,1021.9,70.8,,
763,2020-04-04 00:00,5,0,.1,0,1017.2,1021.9,75.2,,
763,2020-04-04 01:00,7,169.9,.6,0,1017.1,1021.8,73.6,,
763,2020-04-04 02:00,6.7,189.6,.5,0,1016.9,1021.6,62.4,,
763,2020-04-04 03:00,6.2,211.2,.5,0,1016.6,1021.3,61.4,,
763,2020-04-04 04:00,6.4,207.2,.7,0,1016.5,1021.2,64.1,,
763,2020-04-04 05:00,6.9,178.6,1.3,0,1016,1020.7,65.7,,
763,2020-04-04 06:00,7,166.4,1.8,0,1015.6,1020.3,71.6,,
763,2020-04-04 07:00,7.5,183,1.7,0,1015.5,1020.2,70.9,,
763,2020-04-04 08:00,8.8,200.9,1.8,0,1016.2,1020.9,64.5,,
763,2020-04-04 09:00,9.3,193.4,1.3,0,1016.2,1020.8,69.1,,
763,2020-04-04 10:00,11.5,177.9,2,0,1015.9,1020.5,67.6,,
763,2020-04-04 11:00,12.2,249,3,0,1015.7,1020.3,67.6,,
763,2020-04-04 12:00,14.2,246.7,2,0,1014.9,1019.4,52.8,,
763,2020-04-04 13:00,15.6,234.8,2.3,0,1014.3,1018.8,39.2,,
763,2020-04-04 14:00,15.2,262.5,4.2,0,1014.1,1018.6,34.2,,
763,2020-04-04 15:00,14.4,278.6,4.7,0,1014.3,1018.8,31,,
763,2020-04-04 16:00,13.5,272.1,4.6,0,1014.6,1019.2,25.8,,
763,2020-04-04 17:00,13,298.8,3.9,0,1014.7,1019.3,23.4,,
763,2020-04-04 18:00,10.8,336.7,3.5,0,1015.6,1020.2,22.6,,
763,2020-04-04 19:00,8.7,329.2,2.3,0,1016.3,1021,24.1,,
763,2020-04-04 20:00,7.5,321.6,2.3,0,1017.4,1022.1,38,,
763,2020-04-04 21:00,6.6,325.1,1.9,0,1018.3,1023,41,,
763,2020-04-04 22:00,5.1,295.8,1.1,0,1018.7,1023.4,47.8,,
763,2020-04-04 23:00,3.6,0,.1,0,1019,1023.8,54,,
763,2020-04-05 00:00,1.2,0,.2,0,1019.1,1023.9,66.3,,
763,2020-04-05 01:00,1.5,0,.1,0,1019.2,1024,60,,
763,2020-04-05 02:00,.3,0,.3,0,1019,1023.8,67.8,,
763,2020-04-05 03:00,.3,0,.4,0,1018.8,1023.6,64.7,,
763,2020-04-05 04:00,-.2,0,.2,0,1018.8,1023.6,69.4,,
763,2020-04-05 05:00,-.5,0,.3,0,1019,1023.8,72.9,,
763,2020-04-05 06:00,-1.1,0,.3,0,1019.1,1024,75.7,,
763,2020-04-05 07:00,-.1,0,.2,0,1019.7,1024.5,71,,
763,2020-04-05 08:00,4.5,284.4,1.3,0,1020.2,1025,47.1,,
763,2020-04-05 09:00,6.5,28.3,1.4,0,1020.4,1025.1,34.7,,
763,2020-04-05 10:00,7.8,22.1,1.5,0,1020.6,1025.3,27,,
763,2020-04-05 11:00,9.3,314.3,1.5,0,1020.4,1025.1,24.3,,
763,2020-04-05 12:00,11.4,277,1.7,0,1019.7,1024.3,24.7,,
763,2020-04-05 13:00,12.7,231.6,1.9,0,1019.1,1023.7,23,,
763,2020-04-05 14:00,13,265.6,3.3,0,1018.5,1023.1,28.4,,
763,2020-04-05 15:00,11.1,265.6,4.7,0,1018.2,1022.8,36,,
763,2020-04-05 16:00,11.2,266.4,3.5,0,1017.8,1022.4,36.2,,
763,2020-04-05 17:00,11.3,277.2,3.2,0,1017.6,1022.2,31.8,,
763,2020-04-05 18:00,10.4,256.6,2.3,0,1017.7,1022.3,36.7,,
763,2020-04-05 19:00,8.4,239.7,.7,0,1018,1022.7,42.7,,
763,2020-04-05 20:00,5.8,107.6,.5,0,1018.7,1023.4,57.5,,
763,2020-04-05 21:00,4.4,0,.2,0,1019.4,1024.1,65.7,,
763,2020-04-05 22:00,3.2,146.1,.5,0,1019.7,1024.5,75.2,,
763,2020-04-05 23:00,2.1,0,0,0,1019.6,1024.4,80.8,,
763,2020-04-06 00:00,1.2,0,0,0,1019.8,1024.6,87.4,,
763,2020-04-06 01:00,2.4,191.4,.6,0,1019.9,1024.7,82.6,,
763,2020-04-06 02:00,2.1,0,.3,0,1019.7,1024.5,88.6,,
763,2020-04-06 03:00,1.4,0,.4,0,1019.6,1024.4,87.8,,
763,2020-04-06 04:00,.3,0,0,0,1019,1023.8,92.4,,
763,2020-04-06 05:00,-1.1,0,0,0,1019.2,1024.1,95.3,,
763,2020-04-06 06:00,-1.4,0,0,0,1019.3,1024.2,96.6,,
763,2020-04-06 07:00,-.5,0,0,0,1019.4,1024.2,95.6,,
763,2020-04-06 08:00,3.5,0,.2,0,1019.6,1024.4,83.7,,
763,2020-04-06 09:00,6,296.6,.7,0,1019.5,1024.2,73.7,,
763,2020-04-06 10:00,9.5,29.5,.8,0,1019.2,1023.9,47.4,,
763,2020-04-06 11:00,12.4,36.2,1.1,0,1018.8,1023.4,28.4,,
763,2020-04-06 12:00,13.5,347.7,2.3,0,1018.1,1022.7,25.2,,
763,2020-04-06 13:00,15.2,2.5,2.5,0,1017.4,1022,19.2,,
763,2020-04-06 14:00,16.1,16.1,1.9,0,1016.4,1020.9,21.9,,
763,2020-04-06 15:00,15.9,273.5,2.7,0,1015.3,1019.8,30,,
763,2020-04-06 16:00,14.9,285,4.3,0,1014.6,1019.1,33.9,,
763,2020-04-06 17:00,13.6,260.5,2.5,0,1014.1,1018.7,35.9,,
763,2020-04-06 18:00,12.7,269.7,2.5,0,1014.2,1018.8,34.1,,
763,2020-04-06 19:00,11.6,265.2,1.4,0,1014.7,1019.3,32.2,,
763,2020-04-06 20:00,10,0,.4,0,1015.5,1020.1,37.7,,
763,2020-04-06 21:00,9.3,246.9,.8,0,1016.4,1021,42.7,,
763,2020-04-06 22:00,7.5,117,.9,0,1016.7,1021.4,50.3,,
763,2020-04-06 23:00,6.9,0,.3,0,1016,1020.7,57.8,,
763,2020-04-07 00:00,5.5,0,0,0,1015.6,1020.3,63.6,,
763,2020-04-07 01:00,4.9,0,.2,0,1015.2,1019.9,66.3,,
763,2020-04-07 02:00,3.7,0,.4,0,1014.8,1019.5,72.7,,
763,2020-04-07 03:00,3.7,0,0,0,1014.7,1019.4,70.9,,
763,2020-04-07 04:00,4,0,0,0,1014.6,1019.3,75.2,,
763,2020-04-07 05:00,4.3,122,.6,0,1014.2,1018.9,73.2,,
763,2020-04-07 06:00,2.7,76.4,.5,0,1014.4,1019.2,81.6,,
763,2020-04-07 07:00,4.3,0,0,0,1014.4,1019.1,76.7,,
763,2020-04-07 08:00,8.8,154.5,.9,0,1014.4,1019,56.8,,
763,2020-04-07 09:00,10.5,237.1,1.1,0,1014.4,1019,60.1,,
763,2020-04-07 10:00,11.4,204.1,1.2,0,1013.9,1018.5,55.9,,
763,2020-04-07 11:00,13.4,180.8,1.3,0,1013.8,1018.4,49.9,,
763,2020-04-07 12:00,16.2,209.6,1.2,0,1013.1,1017.6,39.8,,
763,2020-04-07 13:00,17.1,235.7,2.5,0,1012.6,1017.1,41.5,,
763,2020-04-07 14:00,17.2,240.1,2.4,0,1012.4,1016.9,43.6,,
763,2020-04-07 15:00,16.8,246.4,2.5,0,1011.7,1016.2,46.7,,
763,2020-04-07 16:00,15.4,264.5,3.8,0,1011.3,1015.8,49.6,,
763,2020-04-07 17:00,15.1,247.5,2.1,0,1011.2,1015.7,52.7,,
763,2020-04-07 18:00,13.4,254,2.3,0,1011.3,1015.8,63.1,,
763,2020-04-07 19:00,11.6,235.6,1,0,1011.5,1016.1,71.8,,
763,2020-04-07 20:00,10.5,182.6,.6,0,1012,1016.6,76.6,,
763,2020-04-07 21:00,9.8,218.1,.9,0,1012.8,1017.4,84.7,,
763,2020-04-07 22:00,9.1,199.6,.9,0,1013.2,1017.8,89.4,,
763,2020-04-07 23:00,8.9,191.9,.9,0,1013.2,1017.8,90.5,,
763,2020-04-08 00:00,8.6,238,1.5,0,1013.1,1017.7,91.9,,
763,2020-04-08 01:00,8,203.3,.8,0,1013.3,1018,90.6,,
763,2020-04-08 02:00,6.3,0,.3,0,1013.2,1017.9,94.1,,
763,2020-04-08 03:00,4.6,0,.1,0,1013.4,1018.1,95.4,,
763,2020-04-08 04:00,3.4,0,0,0,1013.4,1018.1,95.5,,
763,2020-04-08 05:00,2.9,0,.3,0,1013.4,1018.2,90.1,,
763,2020-04-08 06:00,2.1,112.2,.9,0,1013.8,1018.6,95.5,,
763,2020-04-08 07:00,3.3,0,.1,0,1014.2,1018.9,87.3,,
763,2020-04-08 08:00,8,0,.4,0,1014.4,1019.1,74.4,,
763,2020-04-08 09:00,10,6.7,.5,0,1015.2,1019.8,59.3,,
763,2020-04-08 10:00,11.2,317,1.7,0,1015.6,1020.2,39.4,,
763,2020-04-08 11:00,13,355.3,2,0,1015.5,1020.1,30.1,,
763,2020-04-08 12:00,14.2,346.6,2.5,0,1014.9,1019.4,24.2,,
763,2020-04-08 13:00,16.1,355,2.9,0,1014.5,1019,16.1,,
763,2020-04-08 14:00,16.1,341.3,2.6,0,1014.3,1018.8,16.6,,
763,2020-04-08 15:00,16,311.6,4.2,0,1014.3,1018.8,14.4,,
763,2020-04-08 16:00,15.3,310.3,3.4,0,1014.4,1018.9,16.2,,
763,2020-04-08 17:00,13.9,273.2,5,0,1014.7,1019.3,29.3,,
763,2020-04-08 18:00,12.2,287.4,4.8,0,1015.4,1020,33.5,,
763,2020-04-08 19:00,10.3,270.5,3.3,0,1016.1,1020.7,34.8,,
763,2020-04-08 20:00,8.3,275.4,1.1,0,1016.9,1021.6,37.9,,
763,2020-04-08 21:00,6.8,0,.2,0,1017.7,1022.4,46.1,,
763,2020-04-08 22:00,4.9,0,.1,0,1018.1,1022.8,54,,
763,2020-04-08 23:00,3.5,0,.1,0,1018.3,1023.1,61.3,,
763,2020-04-09 00:00,2.6,0,.4,0,1018.3,1023.1,69.3,,
763,2020-04-09 01:00,2.5,0,.1,0,1018.4,1023.2,69.1,,
763,2020-04-09 02:00,2,0,.2,0,1018,1022.8,75,,
763,2020-04-09 03:00,1.4,0,.2,0,1017.9,1022.7,80,,
763,2020-04-09 04:00,.7,0,.4,0,1018,1022.8,84.7,,
763,2020-04-09 05:00,.5,0,0,0,1018.3,1023.1,87.6,,
763,2020-04-09 06:00,.2,0,.2,0,1018.7,1023.5,90,,
763,2020-04-09 07:00,1.2,0,.1,0,1019.1,1023.9,88.5,,
763,2020-04-09 08:00,6,0,.3,0,1019.2,1023.9,66.8,,
763,2020-04-09 09:00,9.1,234,1.3,0,1019,1023.7,49.6,,
763,2020-04-09 10:00,10,250.2,1.6,0,1019.5,1024.2,42.3,,
763,2020-04-09 11:00,11.5,186.1,1.1,0,1019.2,1023.8,45.1,,
763,2020-04-09 12:00,13.2,338.6,1.6,0,1018.4,1023,40,,
763,2020-04-09 13:00,14.1,264.1,2.1,0,1017.8,1022.4,33.4,,
763,2020-04-09 14:00,14.4,333.6,2.3,0,1017.6,1022.2,41.2,,
763,2020-04-09 15:00,14.7,238.5,2.5,0,1017.5,1022,41.7,,
763,2020-04-09 16:00,14.7,238.2,2.7,0,1017.1,1021.6,36.1,,
763,2020-04-09 17:00,13,237.1,2.4,0,1017.2,1021.8,41.3,,
763,2020-04-09 18:00,11.7,263.5,2.6,0,1017.5,1022.1,45.1,,
763,2020-04-09 19:00,10.7,255.1,1.1,0,1018.2,1022.8,48.1,,
763,2020-04-09 20:00,8.4,258.7,.8,0,1019,1023.7,59.2,,
763,2020-04-09 21:00,6.9,0,.1,0,1019.9,1024.6,64,,
763,2020-04-09 22:00,6.8,0,0,0,1020.7,1025.4,66.7,,
763,2020-04-09 23:00,7.2,140.5,.5,0,1021.2,1025.9,63.8,,
763,2020-04-10 00:00,6.8,107,.9,0,1021.4,1026.1,67.5,,
763,2020-04-10 01:00,7,125.7,1.1,0,1021.2,1025.9,71.3,,
763,2020-04-10 02:00,7.3,161.7,.6,0,1020.9,1025.6,69.5,,
763,2020-04-10 03:00,6.7,100.2,.7,0,1021,1025.7,74.7,,
763,2020-04-10 04:00,6.9,144.2,1,0,1020.8,1025.5,73.8,,
763,2020-04-10 05:00,5.9,122,1,0,1021.1,1025.8,79.4,,
763,2020-04-10 06:00,3.7,0,.1,0,1021.3,1026.1,88.7,,
763,2020-04-10 07:00,4.6,0,.3,0,1021.9,1026.7,86.9,,
763,2020-04-10 08:00,8,0,.4,0,1022,1026.7,72.7,,
763,2020-04-10 09:00,9.9,199,1.4,0,1022.2,1026.9,62.2,,
763,2020-04-10 10:00,11.5,242.3,1.3,0,1022.5,1027.1,53.5,,
763,2020-04-10 11:00,13,197.6,1.8,0,1021.8,1026.4,50,,
763,2020-04-10 12:00,14.2,263.3,2.2,0,1021.3,1025.9,44.2,,
763,2020-04-10 13:00,14.8,263.9,2.6,0,1020.3,1024.9,38.5,,
763,2020-04-10 14:00,15,250,1.9,0,1019.8,1024.4,36.8,,
763,2020-04-10 15:00,15.4,241.8,2.1,0,1019.4,1024,41,,
763,2020-04-10 16:00,14.2,276.6,3.6,0,1019.4,1024,40.7,,
763,2020-04-10 17:00,12.8,271.1,3.7,0,1019.4,1024,37.8,,
763,2020-04-10 18:00,11.6,251.6,2.1,0,1019.6,1024.2,38.5,,
763,2020-04-10 19:00,10.1,246,1.4,0,1020.2,1024.9,53.5,,
763,2020-04-10 20:00,8.7,235.1,1.1,0,1021,1025.7,65.9,,
763,2020-04-10 21:00,8,117.4,.8,0,1021.2,1025.9,66.9,,
763,2020-04-10 22:00,7,0,.3,0,1021.6,1026.3,74.3,,
763,2020-04-10 23:00,6.2,0,.3,0,1021.5,1026.2,83.8,,
763,2020-04-11 00:00,5.8,0,.3,0,1021.1,1025.8,84.7,,
763,2020-04-11 01:00,4.5,0,.3,0,1020.6,1025.4,93,,
763,2020-04-11 02:00,4.1,0,.3,0,1020.3,1025.1,95.4,,
763,2020-04-11 03:00,4,0,.1,0,1019.8,1024.6,95.8,,
763,2020-04-11 04:00,3.4,0,.1,0,1019.2,1024,97.1,,
763,2020-04-11 05:00,2.4,0,.3,0,1019,1023.8,96.8,,
763,2020-04-11 06:00,2.4,0,0,0,1019.1,1023.9,98.3,,
763,2020-04-11 07:00,3.3,0,.3,0,1019.1,1023.9,98.9,,
763,2020-04-11 08:00,5.7,0,.3,0,1018.9,1023.6,96.5,,
763,2020-04-11 09:00,7.7,0,.2,0,1018.8,1023.5,80.5,,
763,2020-04-11 10:00,9.2,290.1,.8,0,1018.6,1023.3,71.9,,
763,2020-04-11 11:00,11.1,249.5,.8,0,1018,1022.6,53.6,,
763,2020-04-11 12:00,11.3,278.7,2.1,0,1017.5,1022.1,43,,
763,2020-04-11 13:00,11.2,246.6,1.7,0,1016.4,1021,43,,
763,2020-04-11 14:00,12,259.1,1.9,0,1015.6,1020.2,44,,
763,2020-04-11 15:00,11.9,254,2,0,1015.1,1019.7,40.4,,
763,2020-04-11 16:00,10.9,246.5,2.1,0,1014.8,1019.4,41.9,,
763,2020-04-11 17:00,9.9,269,2.7,0,1014.4,1019,48.6,,
763,2020-04-11 18:00,9.2,267.2,1.6,0,1014.4,1019,50.8,,
763,2020-04-11 19:00,8.6,244.2,1.3,0,1014.2,1018.8,52.1,,
763,2020-04-11 20:00,8,0,.3,0,1014.2,1018.9,64.1,,
763,2020-04-11 21:00,7.6,0,.3,0,1014.4,1019.1,68.7,,
763,2020-04-11 22:00,6.5,0,.2,0,1014.2,1018.9,77.2,,
763,2020-04-11 23:00,5.3,0,.1,0,1013.7,1018.4,85.3,,
763,2020-04-12 00:00,3.8,0,.1,0,1012.9,1017.6,90.5,,
763,2020-04-12 01:00,3.1,0,.2,0,1012.4,1017.1,94.4,,
763,2020-04-12 02:00,2,0,.4,0,1011.9,1016.7,96.2,,
763,2020-04-12 03:00,1,0,0,0,1011.5,1016.3,96.1,,
763,2020-04-12 04:00,1.1,0,0,0,1010.9,1015.7,97.5,,
763,2020-04-12 05:00,.2,0,0,0,1010.6,1015.4,97.9,,
763,2020-04-12 06:00,.2,0,0,0,1010.2,1015,98.4,,
763,2020-04-12 07:00,1.4,11.1,.5,0,1010.3,1015.1,99.5,,
763,2020-04-12 08:00,3.9,.1,.5,0,1010.3,1015,92.3,,
763,2020-04-12 09:00,7.3,30.6,1.3,0,1010.1,1014.8,76.6,,
763,2020-04-12 10:00,10.2,39.9,1.9,0,1009.9,1014.5,58,,
763,2020-04-12 11:00,12.7,352.8,2.3,0,1008.9,1013.5,50.1,,
763,2020-04-12 12:00,15.7,35.7,2.9,0,1008.1,1012.6,41.1,,
763,2020-04-12 13:00,14.2,84.4,4.3,0,1007.9,1012.4,43.1,,
763,2020-04-12 14:00,13.6,94.9,2.4,0,1007.6,1012.1,43,,
763,2020-04-12 15:00,14.6,29,2.1,0,1007,1011.5,42.6,,
763,2020-04-12 16:00,11.4,305.8,1.1,0,1007.3,1011.9,60.9,,
763,2020-04-12 17:00,13.1,38.7,2.5,0,1007.4,1011.9,51.1,,
763,2020-04-12 18:00,10.5,25.7,3.1,0,1008,1012.6,67,,
763,2020-04-12 19:00,9.3,289.5,.7,0,1008.4,1013,74.8,,
763,2020-04-12 20:00,8.9,0,.3,0,1009,1013.6,80.5,,
763,2020-04-12 21:00,8.7,0,.3,0,1009.7,1014.3,82.2,,
763,2020-04-12 22:00,8.2,0,.4,0,1009.9,1014.5,86,,
763,2020-04-12 23:00,6.2,0,.1,0,1009.8,1014.5,94.2,,
763,2020-04-13 00:00,4.8,0,.2,0,1009.5,1014.2,94.2,,
763,2020-04-13 01:00,3.5,0,0,0,1009.1,1013.8,94.5,,
763,2020-04-13 02:00,3.1,313,.6,0,1009.1,1013.8,94.6,,
763,2020-04-13 03:00,2.9,0,.3,0,1008.9,1013.6,92.3,,
763,2020-04-13 04:00,3.7,332.7,.7,0,1008.3,1013,82.2,,
763,2020-04-13 05:00,2.1,0,0,0,1008.7,1013.4,89.2,,
763,2020-04-13 06:00,1,0,0,0,1009.1,1013.9,92.2,,
763,2020-04-13 07:00,1.1,0,.1,0,1009.4,1014.2,92.4,,
763,2020-04-13 08:00,5.1,0,.2,0,1010.1,1014.8,69.5,,
763,2020-04-13 09:00,7.6,10.6,1.3,0,1010.8,1015.5,60.2,,
763,2020-04-13 10:00,9.9,11.4,3.4,0,1010.7,1015.3,44.7,,
763,2020-04-13 11:00,11.3,355,2.9,0,1010.5,1015.1,38.9,,
763,2020-04-13 12:00,12.8,20.1,2.8,0,1009.9,1014.5,34.1,,
763,2020-04-13 13:00,14.2,26.2,2.5,0,1009.3,1013.8,28.3,,
763,2020-04-13 14:00,15.7,341.6,3,0,1009.2,1013.7,25.1,,
763,2020-04-13 15:00,16.1,349.6,2.9,0,1008.9,1013.4,24.5,,
763,2020-04-13 16:00,17.1,332.5,2.2,0,1008.7,1013.2,23.6,,
763,2020-04-13 17:00,16.6,353.6,3,0,1009,1013.5,22.8,,
763,2020-04-13 18:00,16.3,343.3,2.2,0,1009.1,1013.6,25.1,,
763,2020-04-13 19:00,14.7,308.9,1.3,0,1009.6,1014.1,29.8,,
763,2020-04-13 20:00,12.2,267.6,1.5,0,1011,1015.6,46.1,,
763,2020-04-13 21:00,8.5,0,.2,0,1012,1016.6,62.3,,
763,2020-04-13 22:00,7,0,.3,0,1012.6,1017.3,66.9,,
763,2020-04-13 23:00,6.9,0,.4,0,1013,1017.7,66.2,,
763,2020-04-14 00:00,6.4,0,.1,0,1013.1,1017.8,74.1,,
763,2020-04-14 01:00,5.3,108.4,.6,0,1013.2,1017.9,82.2,,
763,2020-04-14 02:00,5.2,0,.2,0,1013.1,1017.8,83.4,,
763,2020-04-14 03:00,7.4,133,.9,0,1013.3,1018,75.3,,
763,2020-04-14 04:00,5,0,.3,0,1013.6,1018.3,83.6,,
763,2020-04-14 05:00,3.3,0,.2,0,1013.8,1018.5,88.4,,
763,2020-04-14 06:00,2.7,0,.1,0,1014.2,1019,91.3,,
763,2020-04-14 07:00,4.2,0,.1,0,1014.9,1019.6,88.7,,
763,2020-04-14 08:00,9.3,0,0,0,1015.2,1019.8,69.7,,
763,2020-04-14 09:00,11.9,253.9,.9,0,1015.3,1019.9,54.8,,
763,2020-04-14 10:00,13.4,192.5,.9,0,1015.6,1020.2,50.8,,
763,2020-04-14 11:00,16,221.2,.9,0,1014.9,1019.4,34.5,,
763,2020-04-14 12:00,17.1,252.9,1.6,0,1014,1018.5,28,,
763,2020-04-14 13:00,17.9,250.9,1.9,0,1013.6,1018.1,29.8,,
763,2020-04-14 14:00,19.8,257.4,2.9,0,1013.2,1017.6,13.9,,
763,2020-04-14 15:00,19,280.4,3.2,0,1012.6,1017,13.2,,
763,2020-04-14 16:00,18.2,259.9,3.5,0,1012.1,1016.6,15.9,,
763,2020-04-14 17:00,17.7,250.9,2.2,0,1011.7,1016.2,18.1,,
763,2020-04-14 18:00,16,267.6,2.6,0,1011.8,1016.3,25.9,,
763,2020-04-14 19:00,13.5,245.4,1.1,0,1011.9,1016.4,34.3,,
763,2020-04-14 20:00,11.2,0,.3,0,1012.7,1017.3,41.1,,
763,2020-04-14 21:00,8.8,118.1,.5,0,1013.4,1018,47.9,,
763,2020-04-14 22:00,6.4,0,.4,0,1013.6,1018.3,57.7,,
763,2020-04-14 23:00,5.6,117,.5,0,1013.7,1018.4,58.1,,
763,2020-04-15 00:00,5.1,0,0,0,1013.3,1018,66.5,,
763,2020-04-15 01:00,4.4,0,.4,0,1013,1017.7,73.1,,
763,2020-04-15 02:00,3.4,0,0,0,1012.5,1017.2,76.8,,
763,2020-04-15 03:00,2.2,0,0,0,1012.3,1017.1,83,,
763,2020-04-15 04:00,1.4,0,0,0,1012.2,1017,86.7,,
763,2020-04-15 05:00,2.1,0,0,0,1011.9,1016.7,82.6,,
763,2020-04-15 06:00,2,0,.3,0,1011.9,1016.7,84.2,,
763,2020-04-15 07:00,3.3,0,.1,0,1012.2,1016.9,81.6,,
763,2020-04-15 08:00,5.8,0,.1,0,1012.5,1017.2,65.3,,
763,2020-04-15 09:00,9.2,28.2,.8,0,1012.4,1017,52.9,,
763,2020-04-15 10:00,13,24.2,1.5,0,1011.9,1016.5,38.8,,
763,2020-04-15 11:00,15.4,346.9,1.5,0,1011.6,1016.1,33.4,,
763,2020-04-15 12:00,17.1,340.6,2.5,0,1010.9,1015.4,23.7,,
763,2020-04-15 13:00,17.9,349,2.2,0,1010,1014.5,24.2,,
763,2020-04-15 14:00,19.6,52.8,1.4,0,1009.5,1013.9,22.5,,
763,2020-04-15 15:00,20,296.4,2.5,0,1009.1,1013.5,22,,
763,2020-04-15 16:00,18.9,270.7,3,0,1009,1013.4,25.7,,
763,2020-04-15 17:00,17,262.2,2.7,0,1009.3,1013.8,29.4,,
763,2020-04-15 18:00,16.4,261,1.4,0,1009.5,1014,31.7,,
763,2020-04-15 19:00,14.4,237.7,.5,0,1009.9,1014.4,40.3,,
763,2020-04-15 20:00,11.8,0,.2,0,1010.4,1015,50.8,,
763,2020-04-15 21:00,9.6,90.8,.5,0,1011.1,1015.7,59.8,,
763,2020-04-15 22:00,7.8,0,0,0,1011.8,1016.5,67.3,,
763,2020-04-15 23:00,7.8,0,.4,0,1012.1,1016.8,65.7,,
763,2020-04-16 00:00,6.2,0,0,0,1012.4,1017.1,72.3,,
763,2020-04-16 01:00,6.3,0,.3,0,1012.7,1017.4,77.2,,
763,2020-04-16 02:00,5.1,0,0,0,1012.6,1017.3,82.8,,
763,2020-04-16 03:00,4.3,0,0,0,1012.5,1017.2,86,,
763,2020-04-16 04:00,3.7,0,.1,0,1012.5,1017.2,89.3,,
763,2020-04-16 05:00,3.6,0,.2,0,1012.2,1016.9,92.2,,
763,2020-04-16 06:00,2.5,0,.4,0,1012.8,1017.6,93.7,,
763,2020-04-16 07:00,4.2,0,.1,0,1013.6,1018.3,91,,
763,2020-04-16 08:00,8.6,0,0,0,1014.1,1018.7,70,,
763,2020-04-16 09:00,12.3,25.3,1.4,0,1014.6,1019.2,53.6,,
763,2020-04-16 10:00,16.2,326.9,.8,0,1014.7,1019.2,40.6,,
763,2020-04-16 11:00,18.8,292.6,1.7,0,1014.3,1018.8,33.5,,
763,2020-04-16 12:00,20.4,89.8,1.8,0,1013.5,1017.9,30.9,,
763,2020-04-16 13:00,22.5,204.6,1.8,0,1012.5,1016.9,22.5,,
763,2020-04-16 14:00,23.2,214.4,1.9,0,1011.8,1016.2,19.7,,
763,2020-04-16 15:00,24.1,224.2,1.9,0,1010.9,1015.2,16.6,,
763,2020-04-16 16:00,23.4,218.8,1.7,0,1010,1014.4,18.6,,
763,2020-04-16 17:00,23.7,200.4,1.4,0,1009.6,1013.9,19.4,,
763,2020-04-16 18:00,20,261.6,2.4,0,1010.2,1014.6,38.1,,
763,2020-04-16 19:00,18.4,252.2,1.3,0,1010.8,1015.2,42.6,,
763,2020-04-16 20:00,15.1,0,.2,0,1011.8,1016.3,55.7,,
763,2020-04-16 21:00,14.6,122.6,.8,0,1012.3,1016.8,57.9,,
763,2020-04-16 22:00,13.1,0,.3,0,1012.5,1017.1,66.5,,
763,2020-04-16 23:00,13.5,0,.3,0,1012.3,1016.9,64.8,,
763,2020-04-17 00:00,14.7,0,.3,0,1012.1,1016.6,62.2,,
763,2020-04-17 01:00,14.7,153.3,.8,0,1012.6,1017.1,62,,
763,2020-04-17 02:00,14.3,2.6,1.2,0,1011,1015.5,62.8,,
763,2020-04-17 03:00,12.9,0,.4,0,1010.6,1015.2,69.7,,
763,2020-04-17 04:00,12.9,235.5,.7,0,1011.1,1015.7,69.9,,
763,2020-04-17 05:00,13.4,195.6,1.3,0,1011.6,1016.1,63.9,,
763,2020-04-17 06:00,10.7,156,1.1,3,1011.6,1016.2,88.7,,
763,2020-04-17 07:00,10.8,193.9,1.4,2.5,1011.6,1016.2,88.6,,
763,2020-04-17 08:00,10.5,29.9,.9,.5,1011.1,1015.7,94.4,,
763,2020-04-17 09:00,12.3,131.3,1.7,0,1010.3,1014.9,83.1,,
763,2020-04-17 10:00,15.2,145.1,1.6,0,1009.7,1014.2,74.7,,
763,2020-04-17 11:00,16.5,155.1,2.3,0,1009.2,1013.7,68,,
763,2020-04-17 12:00,17.9,149.9,3.1,0,1008.3,1012.7,61.7,,
763,2020-04-17 13:00,19.3,182.7,1.7,0,1007.6,1012,53.9,,
763,2020-04-17 14:00,19,188,1.8,0,1006.9,1011.3,54.2,,
763,2020-04-17 15:00,19.6,242.9,2.9,0,1006.4,1010.8,52.6,,
763,2020-04-17 16:00,18.9,282.3,5,0,1006.2,1010.6,62.2,,
763,2020-04-17 17:00,17.9,280.4,5.4,0,1006.3,1010.7,62,,
763,2020-04-17 18:00,15.6,271.8,4.9,0,1006.7,1011.2,74.4,,
763,2020-04-17 19:00,14.3,255.1,1.4,0,1006.8,1011.3,82.7,,
763,2020-04-17 20:00,13.2,226,.5,0,1006.7,1011.2,88.6,,
763,2020-04-17 21:00,12.4,261.1,2.2,0,1007.7,1012.3,88.3,,
763,2020-04-17 22:00,11.6,238.6,1,0,1008.1,1012.7,84,,
763,2020-04-17 23:00,11.1,242.5,.8,0,1008.1,1012.7,89.6,,
763,2020-04-18 00:00,10.5,249.9,.9,0,1008.3,1012.9,89.4,,
763,2020-04-18 01:00,10.7,245.4,2.1,0,1008.5,1013.1,89.8,,
763,2020-04-18 02:00,10,269.5,2.2,1,1009,1013.6,94.7,,
763,2020-04-18 03:00,9.4,258.1,1.3,1.5,1009.4,1014,96.7,,
763,2020-04-18 04:00,9.4,268.5,2.1,0,1010.1,1014.7,94.2,,
763,2020-04-18 05:00,9.3,255.1,1.4,0,1010.3,1014.9,94.2,,
763,2020-04-18 06:00,8.8,262.3,1.9,0,1011.4,1016,90.3,,
763,2020-04-18 07:00,9,264.3,1.4,0,1012.4,1017,88.9,,
763,2020-04-18 08:00,9.8,261.3,1.6,0,1012.8,1017.4,86.6,,
763,2020-04-18 09:00,10.8,291.5,1.1,0,1013.4,1018,82.3,,
763,2020-04-18 10:00,12.4,42.6,.9,0,1013.6,1018.2,71.4,,
763,2020-04-18 11:00,13.4,142.1,1,0,1013.5,1018.1,68.3,,
763,2020-04-18 12:00,15.6,338.2,1.2,0,1013.2,1017.7,63.2,,
763,2020-04-18 13:00,16.5,227.2,1.1,0,1012.7,1017.2,54.4,,
763,2020-04-18 14:00,16.5,268,3.6,0,1012.8,1017.3,63.7,,
763,2020-04-18 15:00,15.1,242.4,3.4,0,1012.9,1017.4,67.1,,
763,2020-04-18 16:00,15,230.2,2.4,0,1013.1,1017.6,67.9,,
763,2020-04-18 17:00,15,253.8,1.9,0,1013,1017.5,65.6,,
763,2020-04-18 18:00,14.4,263.4,2,0,1013.2,1017.7,67.3,,
763,2020-04-18 19:00,12.8,228.8,.8,0,1013.5,1018.1,74.9,,
763,2020-04-18 20:00,10.6,263.3,.9,0,1014.1,1018.7,86.4,,
763,2020-04-18 21:00,9.4,0,.3,0,1015.1,1019.7,92.6,,
763,2020-04-18 22:00,8.9,0,.1,0,1015.5,1020.1,95.7,,
763,2020-04-18 23:00,8.3,49.1,.8,0,1015.3,1020,98.3,,
763,2020-04-19 00:00,7.5,280.8,.5,0,1015.2,1019.9,98.8,0,0
763,2020-04-19 01:00,7.7,0,.4,0,1014.8,1019.5,99.6,,
763,2020-04-19 02:00,7.9,93.8,.6,0,1014.2,1018.9,99.9,,
763,2020-04-19 03:00,8,43.1,.6,0,1013.6,1018.3,99.9,,
763,2020-04-19 04:00,8.1,0,.2,0,1013.5,1018.2,99.9,,
763,2020-04-19 05:00,8.1,99.9,.8,0,1013.1,1017.8,99.9,,
763,2020-04-19 06:00,8,290.6,.5,0,1013.3,1018,99.9,,
763,2020-04-19 07:00,8.3,65.7,.5,0,1013,1017.6,99.9,,
763,2020-04-19 08:00,9.5,0,.1,0,1013.5,1018.1,99.9,,
763,2020-04-19 09:00,10.5,354.6,.5,0,1013.5,1018.1,93.1,,
763,2020-04-19 10:00,11.6,0,.3,0,1012.8,1017.4,87.5,,
763,2020-04-19 11:00,13.4,275.7,.7,0,1012,1016.6,78.5,,
763,2020-04-19 12:00,14.5,12.1,1.1,0,1010.3,1014.8,68.9,,
763,2020-04-19 13:00,14.8,296.6,.5,0,1008.9,1013.4,70.7,,
763,2020-04-19 14:00,13.6,267.1,.5,.5,1007.5,1012,83.8,,
763,2020-04-19 15:00,12.3,324.7,1.1,1.5,1007.3,1011.9,89.1,,
763,2020-04-19 16:00,11.4,323.4,.8,2.5,1007.2,1011.8,95.7,,
763,2020-04-19 17:00,11.3,14.3,.7,2.5,1006.6,1011.2,97,,
763,2020-04-19 18:00,10.9,27.7,1.8,3,1005.6,1010.2,97.1,,
763,2020-04-19 19:00,10.7,54,1.1,1.5,1005.5,1010.1,96.3,,
763,2020-04-19 20:00,10.5,41.9,1.4,1.5,1005.4,1010,96.3,,
763,2020-04-19 21:00,10.1,29.7,1.9,0,1004.9,1009.5,96,,
763,2020-04-19 22:00,9.8,355.5,1.3,0,1004.5,1009.1,94.7,,
763,2020-04-19 23:00,9.6,319.7,1.2,0,1004.6,1009.2,94.8,,
763,2020-04-20 00:00,9.5,0,.4,0,1004.8,1009.4,94.3,,
763,2020-04-20 01:00,9.3,112.5,.5,0,1005.2,1009.8,96.1,,
763,2020-04-20 02:00,8.1,0,0,0,1005,1009.6,99.9,,
763,2020-04-20 03:00,7.4,0,.1,0,1005.3,1009.9,99.9,,
763,2020-04-20 04:00,6.6,0,0,0,1005.6,1010.3,99.9,,
763,2020-04-20 05:00,7.8,0,.1,0,1006.2,1010.8,99.9,,
763,2020-04-20 06:00,7.9,125.3,.6,0,1006.7,1011.3,99.7,,
763,2020-04-20 07:00,8.6,133.4,.9,0,1007,1011.6,99.7,,
763,2020-04-20 08:00,10.8,276.1,.7,0,1008.1,1012.7,87.2,,
763,2020-04-20 09:00,11.8,199.9,1.1,0,1008.2,1012.8,87.2,,
763,2020-04-20 10:00,12.3,262.9,2.3,0,1009.3,1013.9,77.1,,
763,2020-04-20 11:00,13.4,229.6,1.8,0,1008.9,1013.4,73.5,,
763,2020-04-20 12:00,14,251.4,2.5,0,1008.8,1013.3,71.9,,
763,2020-04-20 13:00,14.3,245.2,3,0,1008.3,1012.8,67.7,,
763,2020-04-20 14:00,13.3,226,2,0,1008.6,1013.1,72.8,,
763,2020-04-20 15:00,12.9,251.7,2.8,0,1008.1,1012.6,74.2,,
763,2020-04-20 16:00,12.4,246.4,2.2,0,1008,1012.6,74.5,,
763,2020-04-20 17:00,10.9,235,1.7,0,1008.4,1013,94.6,,
763,2020-04-20 18:00,11.7,267.9,3.6,.5,1008.6,1013.2,85.3,,
763,2020-04-20 19:00,10.8,274.8,2.8,0,1009.1,1013.7,75.2,,
763,2020-04-20 20:00,8.9,284.7,1,0,1010.2,1014.8,75.7,,
763,2020-04-20 21:00,7.6,0,.3,0,1011,1015.7,76.8,,
763,2020-04-20 22:00,6.6,0,.3,0,1011.6,1016.3,85.8,,
763,2020-04-20 23:00,6.6,0,0,0,1011.6,1016.3,84.2,,
763,2020-04-21 00:00,7.3,0,.4,0,1011.9,1016.6,80.2,,
763,2020-04-21 01:00,7.4,0,.4,0,1011.8,1016.5,82.1,,
763,2020-04-21 02:00,6.1,0,0,0,1011.2,1015.9,89.1,,
763,2020-04-21 03:00,6.1,0,.4,0,1011.2,1015.9,90.2,,
763,2020-04-21 04:00,6.3,0,.4,0,1011.1,1015.8,90.5,,
763,2020-04-21 05:00,7.8,212.5,.8,0,1011.2,1015.9,80.9,,
763,2020-04-21 06:00,7.6,219.7,1.1,0,1011.2,1015.9,79.9,,
763,2020-04-21 07:00,9,232.7,.9,0,1011.7,1016.3,74.9,,
763,2020-04-21 08:00,10.6,242.1,1.9,0,1012,1016.6,73.7,,
763,2020-04-21 09:00,11.4,261.1,3.9,0,1012.2,1016.8,58.7,,
763,2020-04-21 10:00,11.9,276.5,5.7,0,1012.4,1017,42.5,,
763,2020-04-21 11:00,12.2,272.3,5.5,0,1012.6,1017.2,48.4,,
763,2020-04-21 12:00,12,277.1,6.6,0,1012.7,1017.3,31.4,,
763,2020-04-21 13:00,12.1,281.7,6.2,0,1012.3,1016.9,36.1,,
763,2020-04-21 14:00,12,280.4,5.5,0,1012.4,1017,32.1,,
763,2020-04-21 15:00,11.3,284.1,5.9,0,1012.4,1017,30.4,,
763,2020-04-21 16:00,10.2,288.5,5.3,0,1012.1,1016.7,37.6,,
763,2020-04-21 17:00,9.4,270.8,4.8,0,1012.6,1017.2,37.7,,
763,2020-04-21 18:00,8.4,277.2,4.7,0,1013,1017.6,45,,
763,2020-04-21 19:00,7.5,271.6,5.4,0,1013.9,1018.6,44.9,,
763,2020-04-21 20:00,6.9,270.8,4.3,0,1014.4,1019.1,49.3,,
763,2020-04-21 21:00,6.3,277.1,2.7,0,1015.1,1019.8,49,,
763,2020-04-21 22:00,6.3,273.1,3,0,1015.4,1020.1,49.3,,
763,2020-04-21 23:00,5.4,285.4,1.8,0,1015.5,1020.2,52.7,,
763,2020-04-22 00:00,4.1,287.8,.5,0,1015.4,1020.1,58.5,,
763,2020-04-22 01:00,2.8,0,.1,0,1015.2,1020,66.5,,
763,2020-04-22 02:00,3.8,256.8,.9,0,1014.4,1019.1,57.9,,
763,2020-04-22 03:00,5.5,247.9,1.7,0,1013.8,1018.5,48.2,,
763,2020-04-22 04:00,5.9,253.2,1.7,0,1013.3,1018,48.6,,
763,2020-04-22 05:00,6.3,250.4,1.8,0,1013.5,1018.2,42.3,,
763,2020-04-22 06:00,6.3,255.2,1.7,0,1013.7,1018.4,44.7,,
763,2020-04-22 07:00,7.5,266.7,2.6,0,1014.3,1019,44.7,,
763,2020-04-22 08:00,8.5,273.1,3.8,0,1014.1,1018.8,45.5,,
763,2020-04-22 09:00,9.3,283.1,5.2,0,1014.2,1018.8,35.2,,
763,2020-04-22 10:00,10,287.3,6.6,0,1014.3,1018.9,30.4,,
763,2020-04-22 11:00,10.3,282.4,6.7,0,1014.4,1019,30.8,,
763,2020-04-22 12:00,10.8,291,6.3,0,1014.1,1018.7,29.2,,
763,2020-04-22 13:00,11.1,284.1,5.3,0,1013.7,1018.3,33.9,,
763,2020-04-22 14:00,10.4,283.6,7,0,1013.8,1018.4,32.6,,
763,2020-04-22 15:00,9.9,287.2,6.6,0,1013.4,1018,35.9,,
763,2020-04-22 16:00,9.9,282,7.1,0,1013.2,1017.8,32.6,,
763,2020-04-22 17:00,9.2,315.3,4.2,0,1013.4,1018,36.6,,
763,2020-04-22 18:00,8.1,294.5,5,0,1013.7,1018.4,40.5,,
763,2020-04-22 19:00,7,304.5,4.1,0,1014.1,1018.8,45.6,,
763,2020-04-22 20:00,6.3,285.7,2.9,0,1014.7,1019.4,52.5,,
763,2020-04-22 21:00,5.3,306.7,.5,0,1015.4,1020.1,59.6,,
763,2020-04-22 22:00,4.8,0,.1,0,1015.7,1020.4,62.4,,
763,2020-04-22 23:00,4.7,0,0,0,1015.3,1020,64.1,,
763,2020-04-23 00:00,3.1,0,0,0,1015.2,1020,72.3,,
763,2020-04-23 01:00,4,0,.1,0,1014.9,1019.6,68.7,,
763,2020-04-23 02:00,3.5,0,.4,0,1014.3,1019,74.6,,
763,2020-04-23 03:00,2.4,0,0,0,1014,1018.8,78.2,,
763,2020-04-23 04:00,2.2,0,.1,0,1014.1,1018.9,78.9,,
763,2020-04-23 05:00,1.7,0,.2,0,1014.2,1019,83.7,,
763,2020-04-23 06:00,1.8,0,0,0,1014.6,1019.4,86.9,,
763,2020-04-23 07:00,4.3,0,.1,0,1015.2,1019.9,78.8,,
763,2020-04-23 08:00,7.9,273.7,2.6,0,1015.4,1020.1,60.7,,
763,2020-04-23 09:00,9.4,319.8,2.3,0,1015.2,1019.8,49.1,,
763,2020-04-23 10:00,10.9,294.2,4.4,0,1014.9,1019.5,40.9,,
763,2020-04-23 11:00,11.2,284.1,5.1,0,1014.4,1019,37,,
763,2020-04-23 12:00,12.7,280.2,6.1,0,1013.8,1018.4,29.9,,
763,2020-04-23 13:00,13,277.9,4.8,0,1013.4,1018,32.6,,
763,2020-04-23 14:00,12.6,258,4.5,0,1013.1,1017.7,36.7,,
763,2020-04-23 15:00,12.6,263.8,4.5,0,1013,1017.6,35.7,,
763,2020-04-23 16:00,12.4,280.4,4.6,0,1012.8,1017.4,40.2,,
763,2020-04-23 17:00,11.9,274.5,4.2,0,1012.6,1017.2,43.7,,
763,2020-04-23 18:00,11.1,262.6,3.8,0,1012.6,1017.2,46,,
763,2020-04-23 19:00,9.9,263,3.6,0,1012.9,1017.5,55.7,,
763,2020-04-23 20:00,8.7,264.5,2.3,0,1013.5,1018.1,53.2,,
763,2020-04-23 21:00,7.6,273.7,1.8,0,1014.3,1019,52.9,,
763,2020-04-23 22:00,6.3,253.8,1,0,1014.5,1019.2,59.9,,
763,2020-04-23 23:00,5.3,242.5,.6,0,1014.4,1019.1,63,,
763,2020-04-24 00:00,3.6,0,.4,0,1014.5,1019.2,71.9,,
763,2020-04-24 01:00,3.6,0,.3,0,1014.1,1018.8,74.6,,
763,2020-04-24 02:00,3.8,126.9,.6,0,1013.6,1018.3,72.2,,
763,2020-04-24 03:00,3.5,118.2,.8,0,1013.7,1018.4,74.4,,
763,2020-04-24 04:00,3,121.2,.7,0,1013.6,1018.4,77.7,,
763,2020-04-24 05:00,1.9,0,.3,0,1013.3,1018.1,84,,
763,2020-04-24 06:00,1.8,0,.1,0,1013.1,1017.9,86.1,,
763,2020-04-24 07:00,4.8,0,.3,0,1013.4,1018.1,74,,
763,2020-04-24 08:00,8.3,166.8,1.3,0,1013.6,1018.3,60.8,,
763,2020-04-24 09:00,10.4,200.9,1.3,0,1013.3,1017.9,54.4,,
763,2020-04-24 10:00,12.1,224.6,2.2,0,1013,1017.6,47.4,,
763,2020-04-24 11:00,13.6,239.4,3.8,0,1013.1,1017.7,24.6,,
763,2020-04-24 12:00,14.5,253.6,4.9,0,1012.6,1017.1,20.6,,
763,2020-04-24 13:00,14.9,241.5,4.5,0,1012.5,1017,20.3,,
763,2020-04-24 14:00,15.5,237.3,4.3,0,1012.2,1016.7,21.7,,
763,2020-04-24 15:00,14.6,252.4,4.9,0,1011.7,1016.2,25.6,,
763,2020-04-24 16:00,14.8,242.4,3.8,0,1011,1015.5,32.2,,
763,2020-04-24 17:00,14.4,241.1,3,0,1010.8,1015.3,32.6,,
763,2020-04-24 18:00,13.6,235.5,3.3,0,1010.8,1015.3,33.6,,
763,2020-04-24 19:00,12.5,236.2,3.3,0,1010.9,1015.5,36.1,,
763,2020-04-24 20:00,11.4,184.9,1.1,0,1010.9,1015.5,42.6,,
763,2020-04-24 21:00,11.2,183.4,1.1,0,1011.3,1015.9,38.6,,
763,2020-04-24 22:00,10.8,177.8,1.2,0,1011.3,1015.9,41.6,,
763,2020-04-24 23:00,11.1,179.2,2.5,0,1010.8,1015.4,38.4,,
763,2020-04-25 00:00,11.1,157.8,2.4,0,1010.5,1015.1,32.7,,
763,2020-04-25 01:00,10.9,166.5,2,0,1010.2,1014.8,37.5,,
763,2020-04-25 02:00,11.2,163.2,2.3,0,1009.7,1014.3,38.8,,
763,2020-04-25 03:00,11.1,163.9,2.6,0,1009,1013.6,39.5,,
763,2020-04-25 04:00,11.2,163.8,2.8,0,1008.2,1012.8,38,,
763,2020-04-25 05:00,11.8,154.4,2.7,0,1007.5,1012.1,36.7,,
763,2020-04-25 06:00,12.9,175.1,2.9,0,1007.1,1011.6,36.5,,
763,2020-04-25 07:00,13.4,178.2,2.6,0,1007.5,1012,37.1,,
763,2020-04-25 08:00,14.8,182.2,2.9,0,1007.4,1011.9,36.4,,
763,2020-04-25 09:00,16.3,188.9,2.9,0,1007.4,1011.9,38.5,,
763,2020-04-25 10:00,17.7,195.4,3,0,1007.2,1011.6,40,,
763,2020-04-25 11:00,19.4,191.8,2.8,0,1006.8,1011.2,38.3,,
763,2020-04-25 12:00,21.2,204.2,3.5,0,1006.1,1010.5,34.8,,
763,2020-04-25 13:00,22.1,202.8,3.4,0,1005.3,1009.7,27.7,,
763,2020-04-25 14:00,20.2,265.4,7.3,0,1005.4,1009.8,33.6,,
763,2020-04-25 15:00,19.2,247.2,4.4,0,1005.2,1009.6,42.9,,
763,2020-04-25 16:00,17.4,263.3,4.8,0,1005.7,1010.2,54,,
763,2020-04-25 17:00,17,236.7,3.4,0,1005.7,1010.2,52.2,,
763,2020-04-25 18:00,15.1,252.4,3.8,0,1006.3,1010.8,66.8,,
763,2020-04-25 19:00,13.4,258,2.3,0,1007.3,1011.8,74.6,,
763,2020-04-25 20:00,12.6,244,1.5,0,1008.6,1013.2,77.6,,
763,2020-04-25 21:00,11,219.8,1.3,0,1009.6,1014.2,84.7,,
763,2020-04-25 22:00,9.4,245,.7,0,1010.5,1015.1,81.3,,
763,2020-04-25 23:00,8.8,207.9,.6,0,1011.3,1015.9,78.4,,
763,2020-04-26 00:00,8.2,209.5,.5,0,1012,1016.6,81.5,0,0
763,2020-04-26 01:00,7.1,132.1,.5,0,1012.1,1016.8,88.2,,
763,2020-04-26 02:00,6.2,0,.4,0,1012,1016.7,93.3,,
763,2020-04-26 03:00,5.4,0,.2,0,1012.3,1017,96.5,,
763,2020-04-26 04:00,5.5,0,.3,0,1012.3,1017,96.6,,
763,2020-04-26 05:00,5.7,0,.3,0,1012.4,1017.1,97.6,,
763,2020-04-26 06:00,6.1,105.6,.9,0,1012.6,1017.3,94.7,,
763,2020-04-26 07:00,7.7,0,.3,0,1013.5,1018.2,91.7,,
763,2020-04-26 08:00,10.6,0,.4,0,1014.2,1018.8,72.8,,
763,2020-04-26 09:00,12,124.5,1,0,1014.9,1019.5,67.6,,
763,2020-04-26 10:00,13.8,300.3,1.7,0,1015,1019.6,37.5,,
763,2020-04-26 11:00,15.2,292,2.1,0,1014.8,1019.3,38.2,,
763,2020-04-26 12:00,17.2,358.2,3,0,1014.5,1019,28.4,,
763,2020-04-26 13:00,16.9,4.1,2.3,0,1013.9,1018.4,22.6,,
763,2020-04-26 14:00,17.9,309.1,2.8,0,1013.3,1017.8,17.9,,
763,2020-04-26 15:00,19.2,2.8,2.4,0,1012.7,1017.1,17.5,,
763,2020-04-26 16:00,18.6,301.5,3.5,0,1012.6,1017,18.8,,
763,2020-04-26 17:00,18.1,311,2.6,0,1012.7,1017.2,20,,
763,2020-04-26 18:00,17,319.4,2,0,1013.1,1017.6,21.6,,
763,2020-04-26 19:00,15.7,323.6,.9,0,1013.7,1018.2,22.9,,
763,2020-04-26 20:00,13.5,291.7,1.2,0,1014.7,1019.3,37.3,,
763,2020-04-26 21:00,11.8,0,.4,0,1015.9,1020.5,42,,
763,2020-04-26 22:00,10.5,319.5,.9,0,1016.5,1021.1,43.2,,
763,2020-04-26 23:00,8,0,0,0,1017,1021.7,52.9,,
763,2020-04-27 00:00,7.5,0,0,0,1017.2,1021.9,53.8,,
763,2020-04-27 01:00,6.3,0,.2,0,1016.9,1021.6,57.2,,
763,2020-04-27 02:00,5,0,0,0,1016.7,1021.4,68.2,,
763,2020-04-27 03:00,4.9,0,.1,0,1016.4,1021.1,68,,
763,2020-04-27 04:00,4.5,0,.1,0,1016.4,1021.1,71.5,,
763,2020-04-27 05:00,3.6,0,0,0,1016.2,1021,80.9,,
763,2020-04-27 06:00,2.8,0,0,0,1016.7,1021.5,85,,
763,2020-04-27 07:00,5.9,0,.2,0,1017.1,1021.8,74.4,,
763,2020-04-27 08:00,8.6,0,.3,0,1017.6,1022.3,59,,
763,2020-04-27 09:00,13.1,0,.4,0,1017.9,1022.5,47.4,,
763,2020-04-27 10:00,14.5,301.5,1.6,0,1018.1,1022.7,37.6,,
763,2020-04-27 11:00,15.9,255.3,2.6,0,1017.7,1022.2,32.5,,
763,2020-04-27 12:00,17.4,223.5,2.1,0,1016.8,1021.3,27.6,,
763,2020-04-27 13:00,17.5,281.1,4.6,0,1016.5,1021,27.6,,
763,2020-04-27 14:00,17.3,279.6,4.9,0,1016,1020.5,33.3,,
763,2020-04-27 15:00,16.5,275.1,5.2,0,1015.6,1020.1,39.1,,
763,2020-04-27 16:00,16.6,271,3.7,0,1015.3,1019.8,43,,
763,2020-04-27 17:00,15.9,262.1,3.6,0,1015.4,1019.9,45.5,,
763,2020-04-27 18:00,15.5,271.4,3.3,0,1015.3,1019.8,35.5,,
763,2020-04-27 19:00,13.4,256.2,2.3,0,1015.7,1020.3,55.8,,
763,2020-04-27 20:00,11.3,252.8,.9,0,1016.5,1021.1,65.9,,
763,2020-04-27 21:00,9.6,0,0,0,1017.2,1021.8,67.1,,
763,2020-04-27 22:00,7.8,0,0,0,1017.8,1022.5,72.6,,
763,2020-04-27 23:00,6.9,0,.1,0,1017.8,1022.5,78.7,,
763,2020-04-28 00:00,6.3,0,.1,0,1018.1,1022.8,88.7,,
763,2020-04-28 01:00,5.4,0,.2,0,1018.2,1022.9,93.8,,
763,2020-04-28 02:00,5.4,0,.2,0,1018.3,1023,94.5,,
763,2020-04-28 03:00,5,0,.1,0,1018.5,1023.2,96.6,,
763,2020-04-28 04:00,4.4,0,0,0,1018.3,1023,96.5,,
763,2020-04-28 05:00,3.5,0,0,0,1018.3,1023.1,95.8,,
763,2020-04-28 06:00,3.5,0,.2,0,1018.6,1023.4,96.6,,
763,2020-04-28 07:00,6,0,.1,0,1019,1023.7,93.4,,
763,2020-04-28 08:00,11.1,0,.3,0,1019,1023.6,66.8,,
763,2020-04-28 09:00,13.2,185.9,.8,0,1019.7,1024.3,53.8,,
763,2020-04-28 10:00,15.3,147.8,1,0,1019.7,1024.3,38,,
763,2020-04-28 11:00,16.6,134.3,1.3,0,1019,1023.5,34.3,,
763,2020-04-28 12:00,18.4,235.1,2,0,1018.2,1022.7,26.9,,
763,2020-04-28 13:00,19.4,228.1,2.4,0,1017.2,1021.6,22,,
763,2020-04-28 14:00,19.4,239.5,2.8,0,1016.4,1020.8,36.5,,
763,2020-04-28 15:00,19.2,239,2.8,0,1015.9,1020.3,37.8,,
763,2020-04-28 16:00,18.7,238.6,2.2,0,1015.6,1020.1,41,,
763,2020-04-28 17:00,17.9,244.4,2,0,1015.6,1020.1,48.2,,
763,2020-04-28 18:00,16.3,247.3,1.9,0,1015.6,1020.1,55.6,,
763,2020-04-28 19:00,14.2,225.7,.9,0,1015.7,1020.3,67,,
763,2020-04-28 20:00,12.9,174.3,.8,0,1015.9,1020.5,73.8,,
763,2020-04-28 21:00,12,186.2,.7,0,1016.6,1021.2,77.5,,
763,2020-04-28 22:00,11.6,175.4,.5,0,1016.8,1021.4,79.9,,
763,2020-04-28 23:00,11.4,179.6,.5,0,1016.8,1021.4,76.6,,
763,2020-04-29 00:00,11.1,199.3,.5,0,1016.5,1021.1,76.5,,
763,2020-04-29 01:00,10.4,226.3,.5,0,1016.2,1020.8,78,,
763,2020-04-29 02:00,11.2,159.3,1.1,0,1015.7,1020.3,73.5,,
763,2020-04-29 03:00,9,0,.3,0,1016,1020.6,81.7,,
763,2020-04-29 04:00,7.8,0,.2,0,1015.9,1020.6,84.7,,
763,2020-04-29 05:00,7,25.3,.7,0,1016.1,1020.8,90,,
763,2020-04-29 06:00,5.5,0,0,0,1016.6,1021.3,94.5,,
763,2020-04-29 07:00,8.4,0,.1,0,1017.7,1022.4,86.4,,
763,2020-04-29 08:00,12,0,.4,0,1017.8,1022.4,73.5,,
763,2020-04-29 09:00,15.9,197.2,.9,0,1017.9,1022.4,35.4,,
763,2020-04-29 10:00,17.6,181.8,.7,0,1017.8,1022.3,32.9,,
763,2020-04-29 11:00,19,222.2,1.4,0,1017.5,1022,30.1,,
763,2020-04-29 12:00,20.1,261.9,2.4,0,1016.9,1021.4,27.3,,
763,2020-04-29 13:00,20.6,275.4,2.9,0,1016.2,1020.7,29,,
763,2020-04-29 14:00,21.3,285.5,5.1,0,1015.6,1020,24.8,,
763,2020-04-29 15:00,21,290.6,3.5,0,1014.9,1019.3,24.2,,
763,2020-04-29 16:00,20.5,280.8,3.5,0,1014.7,1019.2,23.6,,
763,2020-04-29 17:00,19.7,286.4,3.5,0,1014.6,1019,23.5,,
763,2020-04-29 18:00,18.4,272,2.8,0,1014.5,1019,24.5,,
763,2020-04-29 19:00,16.7,265.5,1.8,0,1014.8,1019.3,25.6,,
763,2020-04-29 20:00,13.3,123.7,.5,0,1014.9,1019.5,37.6,,
763,2020-04-29 21:00,11.2,0,0,0,1015.1,1019.7,44.4,,
763,2020-04-29 22:00,9.6,0,.1,0,1015.4,1020,53.1,,
763,2020-04-29 23:00,8.9,0,0,0,1015.3,1019.9,54.4,,
763,2020-04-30 00:00,8.1,0,.1,0,1015.1,1019.8,56.1,,
763,2020-04-30 01:00,6.7,0,.4,0,1014.8,1019.5,67.3,,
763,2020-04-30 02:00,6.1,0,.2,0,1015.1,1019.8,70.5,,
763,2020-04-30 03:00,5.4,0,.1,0,1015.4,1020.1,72.2,,
763,2020-04-30 04:00,5.1,0,0,0,1015.3,1020,77.1,,
763,2020-04-30 05:00,4.6,0,.1,0,1015,1019.7,83.6,,
763,2020-04-30 06:00,4.1,306.2,.5,0,1014.7,1019.4,85.8,,
763,2020-04-30 07:00,6.7,27.1,1.5,0,1014.9,1019.6,77.7,,
763,2020-04-30 08:00,12.2,286.8,.6,0,1014.5,1019.1,60.1,,
763,2020-04-30 09:00,18.4,147.4,1,0,1014.3,1018.8,49.6,,
763,2020-04-30 10:00,19.5,187.4,1.3,0,1013.9,1018.3,51.5,,
763,2020-04-30 11:00,21.7,188.4,1.5,0,1013.6,1018,50.5,,
763,2020-04-30 12:00,22.9,184,1.1,0,1012.8,1017.2,44.4,,
763,2020-04-30 13:00,24.3,234,1.6,0,1011.9,1016.2,42.7,,
763,2020-04-30 14:00,25.5,220.8,1.2,0,1011,1015.4,40.2,,
763,2020-04-30 15:00,25.9,257,2.9,0,1010.2,1014.5,33.6,,
763,2020-04-30 16:00,24.8,277.9,4,0,1009.8,1014.1,48.9,,
763,2020-04-30 17:00,23.6,289,3.9,0,1009.5,1013.9,57.7,,
763,2020-04-30 18:00,22.9,277.6,2.7,0,1009.3,1013.7,60.2,,
763,2020-04-30 19:00,20.6,263,3.4,0,1009.4,1013.8,70.6,,
763,2020-04-30 20:00,19.4,254.6,1,0,1010.2,1014.6,76.8,,
763,2020-04-30 21:00,18.7,0,.4,0,1010.3,1014.7,79,,
763,2020-04-30 22:00,18.6,0,.4,0,1010.6,1015,80.7,,
763,2020-04-30 23:00,18.5,131.3,.7,0,1011,1015.4,80.5,,
763,2020-05-01 00:00,18.1,156.3,.5,0,1010.8,1015.3,81.8,0,0
763,2020-05-01 01:00,17.8,141.4,.6,0,1010.8,1015.3,83,,
763,2020-05-01 02:00,17.7,160.5,.9,0,1010.5,1015,83.3,,
763,2020-05-01 03:00,17.5,176.2,.6,0,1010.3,1014.8,84.5,,
763,2020-05-01 04:00,17.7,202.7,.7,0,1010.2,1014.7,84.5,,
763,2020-05-01 05:00,17.7,187.9,.5,0,1010.2,1014.7,84.5,,
763,2020-05-01 06:00,17,0,.2,0,1010.4,1014.9,85,,
763,2020-05-01 07:00,18.1,0,.1,0,1010.7,1015.2,83.1,,
763,2020-05-01 08:00,20.1,211.1,.9,0,1011.1,1015.5,73.3,,
763,2020-05-01 09:00,21.2,175.9,1.2,0,1011.1,1015.5,69.2,,
763,2020-05-01 10:00,23,219.1,1.3,0,1011,1015.4,62.6,,
763,2020-05-01 11:00,24.8,193.5,1.3,0,1010.8,1015.1,56,,
763,2020-05-01 12:00,26.2,197.7,1.3,0,1010.2,1014.5,49.9,,
763,2020-05-01 13:00,27.2,198.6,1.5,0,1009.6,1013.9,45.7,,
763,2020-05-01 14:00,27.1,259.5,3,0,1009,1013.3,48.5,,
763,2020-05-01 15:00,28,239.7,2.6,0,1008.4,1012.7,46.4,,
763,2020-05-01 16:00,27.9,229.1,2.2,0,1008,1012.3,42.6,,
763,2020-05-01 17:00,27.1,245.3,3.7,0,1007.8,1012.1,41.1,,
763,2020-05-01 18:00,24.6,274.4,3.6,0,1007.8,1012.1,63.3,,
763,2020-05-01 19:00,23.1,261.9,1.8,0,1008,1012.4,67.5,,
763,2020-05-01 20:00,21.8,229,.5,0,1008.5,1012.9,72.7,,
763,2020-05-01 21:00,21.3,189.4,.9,0,1009.4,1013.8,75.7,,
763,2020-05-01 22:00,20.4,116.5,.5,0,1009.8,1014.2,78.6,,
763,2020-05-01 23:00,20.2,134.9,.7,0,1010,1014.4,79.4,,
763,2020-05-02 00:00,19.7,0,.4,0,1010,1014.4,80.8,,
763,2020-05-02 01:00,20.7,181.5,1.2,0,1009.9,1014.3,75.3,,
763,2020-05-02 02:00,20.4,178.2,.9,0,1009.9,1014.3,77.9,,
763,2020-05-02 03:00,20.3,170.2,.7,0,1009.7,1014.1,78.7,,
763,2020-05-02 04:00,19.9,0,.2,0,1009.7,1014.1,79.7,,
763,2020-05-02 05:00,19.7,0,.4,0,1009.6,1014,82.5,,
763,2020-05-02 06:00,20,183.4,.6,0,1009.4,1013.8,81.1,,
763,2020-05-02 07:00,20.2,174.8,.5,0,1009.9,1014.3,79.9,,
763,2020-05-02 08:00,20.8,158.7,.9,0,1009.8,1014.2,75.8,,
763,2020-05-02 09:00,21.7,171.5,1.2,0,1009.6,1014,69.7,,
763,2020-05-02 10:00,22.3,212.8,.7,0,1009.7,1014.1,67.1,,
763,2020-05-02 11:00,24,208.7,1,0,1009.1,1013.4,60,,
763,2020-05-02 12:00,24.5,220.9,1,0,1008.5,1012.8,55.8,,
763,2020-05-02 13:00,25.3,244.8,1.3,0,1007.9,1012.2,47.2,,
763,2020-05-02 14:00,25.2,254.3,2,0,1007.3,1011.6,44.1,,
763,2020-05-02 15:00,24.9,255.5,1.6,0,1006.9,1011.2,48.5,,
763,2020-05-02 16:00,24.6,281.3,1.1,0,1006.1,1010.4,49.6,,
763,2020-05-02 17:00,23.9,0,.3,0,1005.8,1010.1,52.8,,
763,2020-05-02 18:00,22.2,0,.2,0,1005.9,1010.3,64.2,,
763,2020-05-02 19:00,19.1,0,.4,0,1005.7,1010.1,92.3,,
763,2020-05-02 20:00,18.4,0,.2,0,1005.6,1010,94.4,,
763,2020-05-02 21:00,18.3,109.6,1.1,0,1005.8,1010.2,88.7,,
763,2020-05-02 22:00,19.8,153.6,1.1,0,1005.5,1009.9,73.6,,
763,2020-05-02 23:00,19.2,146.4,.6,0,1005.1,1009.5,72.4,,
763,2020-05-03 00:00,19.2,143.3,.8,0,1004.7,1009.1,70.3,,
763,2020-05-03 01:00,20,189.1,.9,0,1004.2,1008.6,68.9,,
763,2020-05-03 02:00,17.4,0,.2,.5,1003.7,1008.1,89.9,,
763,2020-05-03 03:00,16.8,0,.4,0,1003,1007.5,94.5,,
763,2020-05-03 04:00,17,29.2,.6,0,1002.7,1007.1,92,,
763,2020-05-03 05:00,16.6,0,0,0,1002.3,1006.8,96,,
763,2020-05-03 06:00,16.6,0,.4,0,1002.6,1007.1,95.6,,
763,2020-05-03 07:00,16.1,0,0,1.5,1002.8,1007.3,99.1,,
763,2020-05-03 08:00,16.1,70.6,.7,6,1002.9,1007.4,99.6,,
763,2020-05-03 09:00,16.1,0,.1,4,1002.5,1007,99.5,,
763,2020-05-03 10:00,16.9,299.7,.6,2.5,1001.9,1006.3,99.4,,
763,2020-05-03 11:00,18.7,0,.2,0,1001.8,1006.2,93.7,,
763,2020-05-03 12:00,22.3,310.4,.9,0,1000.9,1005.2,81.5,,
763,2020-05-03 13:00,23,297.3,2.2,0,1000.4,1004.7,72.3,,
763,2020-05-03 14:00,22.5,295.3,1.4,0,1000.2,1004.5,73.8,,
763,2020-05-03 15:00,24,192.3,.7,0,999.6,1003.9,66.4,,
763,2020-05-03 16:00,22,330.9,1.7,0,999.4,1003.7,79.9,,
763,2020-05-03 17:00,21.2,288.3,1,0,999.6,1004,84.6,,
763,2020-05-03 18:00,21.1,276.3,1.2,0,1000.1,1004.5,87.2,,
763,2020-05-03 19:00,20.9,0,.3,0,1000.6,1005,88.6,,
763,2020-05-03 20:00,20.3,0,.2,0,1001.1,1005.5,88.3,,
763,2020-05-03 21:00,20.1,296.5,.6,0,1001.7,1006.1,85.9,,
763,2020-05-03 22:00,18.1,0,0,0,1001.6,1006,96,,
763,2020-05-03 23:00,18.2,0,.1,0,1002.2,1006.6,96.7,,
763,2020-05-04 00:00,18.3,0,0,0,1002.1,1006.5,95.9,,
763,2020-05-04 01:00,18.1,321.5,.8,0,1002,1006.4,97.1,,
763,2020-05-04 02:00,18,23.6,.6,0,1002.1,1006.5,97.1,,
763,2020-05-04 03:00,17.9,0,0,0,1002.4,1006.8,97.8,,
763,2020-05-04 04:00,17.9,276.7,.8,0,1003.1,1007.5,97.2,,
763,2020-05-04 05:00,17.8,0,.1,0,1003.1,1007.5,97.3,,
763,2020-05-04 06:00,17.8,0,0,0,1004,1008.4,98.1,,
763,2020-05-04 07:00,18.4,0,0,0,1004.5,1008.9,94.3,,
763,2020-05-04 08:00,19,0,.3,0,1005.2,1009.6,90.9,,
763,2020-05-04 09:00,21.2,244.1,.5,0,1005.1,1009.5,78.6,,
763,2020-05-04 10:00,22.4,236.1,1,0,1005.2,1009.6,69.9,,
763,2020-05-04 11:00,23,256.7,1.8,0,1005,1009.3,69.2,,
763,2020-05-04 12:00,24.8,231,1.2,0,1004.1,1008.4,58.4,,
763,2020-05-04 13:00,23.7,230.5,1.9,0,1004.2,1008.5,63.4,,
763,2020-05-04 14:00,23.4,267.2,3,0,1004.6,1008.9,61.3,,
763,2020-05-04 15:00,24.3,242.5,1.9,0,1004.5,1008.8,57.7,,
763,2020-05-04 16:00,23,236.5,2.3,0,1004.3,1008.6,61.9,,
763,2020-05-04 17:00,20.6,218.7,1.3,0,1004.4,1008.8,62.2,,
763,2020-05-04 18:00,18.5,237.6,1.1,0,1005.8,1010.2,63.1,,
763,2020-05-04 19:00,15.9,215.3,.6,0,1006.1,1010.6,67.1,,
763,2020-05-04 20:00,14.1,216.4,.6,0,1006.9,1011.4,77.1,,
763,2020-05-04 21:00,12.9,187.9,.5,0,1007.5,1012,81.8,,
763,2020-05-04 22:00,12.2,229.8,.9,0,1007.7,1012.3,87,,
763,2020-05-04 23:00,10.9,0,.4,0,1007.6,1012.2,94,,
763,2020-05-05 00:00,9.9,0,.1,0,1007.8,1012.4,97.5,,
763,2020-05-05 01:00,9.4,0,.3,0,1007.7,1012.3,98.6,,
763,2020-05-05 02:00,9,85.1,.7,0,1007.3,1011.9,99.2,,
763,2020-05-05 03:00,8.7,0,0,0,1007.2,1011.8,99.2,,
763,2020-05-05 04:00,8.7,0,.4,0,1007,1011.6,99.1,,
763,2020-05-05 05:00,8.3,0,0,0,1006.8,1011.4,99.1,,
763,2020-05-05 06:00,8.9,0,0,0,1007.3,1011.9,99.9,,
763,2020-05-05 07:00,9.5,317.1,.5,0,1007.6,1012.2,99.8,,
763,2020-05-05 08:00,10.6,358.4,.5,0,1007.5,1012.1,99.9,,
763,2020-05-05 09:00,13,8.3,1.1,0,1007.3,1011.8,89.9,,
763,2020-05-05 10:00,16.8,24.7,1.1,0,1007.2,1011.7,78.7,,
763,2020-05-05 11:00,18.9,303.5,1.2,0,1007.1,1011.5,75.4,,
763,2020-05-05 12:00,17,0,.3,0,1009.1,1013.6,81.2,,
763,2020-05-05 13:00,16,257.2,.6,1,1009.7,1014.2,94.7,,
763,2020-05-05 14:00,16.6,0,.3,.5,1008.4,1012.9,94.7,,
763,2020-05-05 15:00,16.2,335.5,1,0,1009.8,1014.3,95.4,,
763,2020-05-05 16:00,16.2,93.4,1.7,.5,1008.1,1012.6,97,,
763,2020-05-05 17:00,16.8,56.1,.9,0,1007.5,1012,94.8,,
763,2020-05-05 18:00,16.7,243.7,.5,0,1006.7,1011.2,94.8,,
763,2020-05-05 19:00,16.5,247.9,.7,0,1006.6,1011.1,95.5,,
763,2020-05-05 20:00,15.5,0,.1,0,1006.5,1011,97.6,,
763,2020-05-05 21:00,15.1,0,.1,0,1007.1,1011.6,98.9,,
763,2020-05-05 22:00,15.2,0,.3,0,1007.8,1012.3,97.8,,
763,2020-05-05 23:00,14.9,0,.2,0,1008.4,1012.9,93.4,,
763,2020-05-06 00:00,14.4,0,.1,0,1008.3,1012.8,96.8,,
763,2020-05-06 01:00,13.2,0,.1,0,1008,1012.5,99.5,,
763,2020-05-06 02:00,11.8,0,0,0,1007.6,1012.2,99.8,,
763,2020-05-06 03:00,11.8,0,.4,0,1007.9,1012.5,99.9,,
763,2020-05-06 04:00,12.5,14.1,.9,0,1009,1013.6,99.9,,
763,2020-05-06 05:00,12.7,0,.2,0,1009.4,1014,99.9,,
763,2020-05-06 06:00,12.3,0,.2,0,1009.9,1014.5,99.9,,
763,2020-05-06 07:00,13.6,344.3,.7,0,1010.1,1014.6,99.5,,
763,2020-05-06 08:00,15.6,.8,1.7,0,1010.5,1015,90.6,,
763,2020-05-06 09:00,18,3.7,2.1,0,1010.7,1015.2,74.5,,
763,2020-05-06 10:00,19.6,47.3,2.6,0,1010.4,1014.8,67.6,,
763,2020-05-06 11:00,21.6,31.2,3.3,0,1010.2,1014.6,57,,
763,2020-05-06 12:00,23,353.6,2.1,0,1009.6,1014,55.1,,
763,2020-05-06 13:00,25.2,355.9,2.6,0,1008.7,1013.1,46.5,,
763,2020-05-06 14:00,27,6.6,2.7,0,1008.1,1012.4,34.4,,
763,2020-05-06 15:00,27.6,12,3,0,1007.4,1011.7,29.7,,
763,2020-05-06 16:00,27.3,31.3,1.9,0,1006.8,1011.1,32,,
763,2020-05-06 17:00,27.3,349.2,2.3,0,1006.8,1011.1,26.9,,
763,2020-05-06 18:00,26.4,3.9,1.4,0,1007.1,1011.4,29.6,,
763,2020-05-06 19:00,24.3,327.8,1.4,0,1007.4,1011.7,31.3,,
763,2020-05-06 20:00,21.4,3.2,1,0,1008.2,1012.6,41.5,,
763,2020-05-06 21:00,16.9,0,0,0,1009.5,1014,67.4,,
763,2020-05-06 22:00,16.2,0,.4,0,1010.2,1014.7,70.8,,
763,2020-05-06 23:00,15.3,255.5,.5,0,1010.6,1015.1,77.4,,
763,2020-05-07 00:00,14.6,0,0,0,1010.9,1015.4,77.3,,
763,2020-05-07 01:00,15,0,.3,0,1011,1015.5,71.4,,
763,2020-05-07 02:00,12.9,0,.2,0,1011.6,1016.2,84,,
763,2020-05-07 03:00,12,0,0,0,1012.3,1016.9,87.7,,
763,2020-05-07 04:00,11.2,0,0,0,1012.8,1017.4,91.1,,
763,2020-05-07 05:00,9.9,0,0,0,1013.4,1018,92.6,,
763,2020-05-07 06:00,10.5,0,0,0,1014,1018.6,89.9,,
763,2020-05-07 07:00,13.9,0,.1,0,1014.2,1018.8,64.9,,
763,2020-05-07 08:00,16.8,0,.3,0,1014,1018.5,49.9,,
763,2020-05-07 09:00,20.2,69.4,.5,0,1013.9,1018.4,30.5,,
763,2020-05-07 10:00,22.3,80.2,2.1,0,1013.4,1017.8,24.7,,
763,2020-05-07 11:00,23.5,142,1,0,1013.1,1017.5,21.7,,
763,2020-05-07 12:00,24.2,121.2,.8,0,1012.7,1017.1,24.7,,
763,2020-05-07 13:00,25.3,10.2,1.9,0,1012.2,1016.6,20.4,,
763,2020-05-07 14:00,25.6,355.8,2.1,0,1011.7,1016.1,20.5,,
763,2020-05-07 15:00,26.9,286.3,2.5,0,1011.5,1015.8,21.8,,
763,2020-05-07 16:00,26.5,1.7,2.7,0,1011.1,1015.4,22,,
763,2020-05-07 17:00,25.8,350.4,2.6,0,1011.4,1015.8,29.1,,
763,2020-05-07 18:00,24.8,19.2,2,0,1011.4,1015.7,28.4,,
763,2020-05-07 19:00,23.2,55.7,1.3,0,1011.7,1016.1,31.2,,
763,2020-05-07 20:00,22,71.5,1.8,0,1012,1016.4,30.8,,
763,2020-05-07 21:00,19.2,0,0,0,1012.7,1017.1,39.9,,
763,2020-05-07 22:00,16.1,0,0,0,1012.7,1017.2,59.1,,
763,2020-05-07 23:00,15.4,91.5,.6,0,1013.2,1017.7,59.1,,
763,2020-05-08 00:00,14.2,0,0,0,1012.9,1017.4,66.3,,
763,2020-05-08 01:00,12.2,0,0,0,1012.6,1017.2,77.8,,
763,2020-05-08 02:00,10.9,0,0,0,1012.6,1017.2,81.8,,
763,2020-05-08 03:00,9.8,0,0,0,1012.4,1017,82.6,,
763,2020-05-08 04:00,9.3,0,.2,0,1012.3,1016.9,82.7,,
763,2020-05-08 05:00,8,0,0,0,1012.5,1017.2,86.5,,
763,2020-05-08 06:00,7.5,0,.1,0,1012.5,1017.2,83,,
763,2020-05-08 07:00,12,0,0,0,1012.6,1017.2,57.2,,
763,2020-05-08 08:00,14.4,10.3,.6,0,1012.4,1016.9,48.3,,
763,2020-05-08 09:00,17.7,329.3,1.2,0,1012.5,1017,35.3,,
763,2020-05-08 10:00,19.2,11.2,1,0,1012.3,1016.7,31.9,,
763,2020-05-08 11:00,21.9,158,1,0,1011.3,1015.7,28,,
763,2020-05-08 12:00,23.9,199.4,.8,0,1010.6,1014.9,28.7,,
763,2020-05-08 13:00,24,248.1,.9,0,1009.8,1014.1,30.9,,
763,2020-05-08 14:00,24.7,188,1.3,0,1009.2,1013.5,39,,
763,2020-05-08 15:00,25,184.2,.8,0,1008.5,1012.9,39.8,,
763,2020-05-08 16:00,24.1,176.8,.6,0,1007.8,1012.1,46.1,,
763,2020-05-08 17:00,22.9,144.3,1.6,0,1007.6,1012,52,,
763,2020-05-08 18:00,22.2,169.8,.9,0,1008.3,1012.7,53.5,,
763,2020-05-08 19:00,21.7,181.3,1,0,1008.7,1013.1,46.5,,
763,2020-05-08 20:00,20.2,181.2,1.3,0,1009.1,1013.5,58.2,,
763,2020-05-08 21:00,19.5,184.1,1.3,0,1009.8,1014.2,65.1,,
763,2020-05-08 22:00,16.3,143.1,.7,2,1009.1,1013.6,93.3,,
763,2020-05-08 23:00,16.1,66.1,1.6,2.5,1009,1013.5,92.8,,
763,2020-05-09 00:00,15.4,76.3,1.3,6.5,1008,1012.5,98.2,,
763,2020-05-09 01:00,15.5,0,.2,4,1007.5,1012,98,,
763,2020-05-09 02:00,15.3,59.4,.6,2,1005.9,1010.4,98,,
763,2020-05-09 03:00,15.4,0,.2,2,1005,1009.5,99.1,,
763,2020-05-09 04:00,16.4,125.9,1.1,.5,1003.7,1008.2,96.6,,
763,2020-05-09 05:00,15.6,0,.3,.5,1002.9,1007.4,99.1,,
763,2020-05-09 06:00,17.2,129.3,.7,.5,1001.7,1006.1,92.1,,
763,2020-05-09 07:00,18.5,155.3,1.3,0,1000.6,1005,85.1,,
763,2020-05-09 08:00,19.5,160.6,1.8,0,1000.2,1004.6,80.1,,
763,2020-05-09 09:00,19.3,171,2.1,.5,1000,1004.4,83.6,,
763,2020-05-09 10:00,19.5,159,2.1,0,999.5,1003.9,84.9,,
763,2020-05-09 11:00,19.6,161,1.8,.5,999.3,1003.7,87.8,,
763,2020-05-09 12:00,20.7,166.9,1.7,0,998.9,1003.3,81.2,,
763,2020-05-09 13:00,20.7,164.4,1.2,0,998.7,1003.1,80.9,,
763,2020-05-09 14:00,20.2,193.8,.6,0,998.6,1003,87.3,,
763,2020-05-09 15:00,16.4,259.7,2.1,1,999.3,1003.7,97.7,,
763,2020-05-09 16:00,15,249,2.2,.5,999.7,1004.2,98.8,,
763,2020-05-09 17:00,15.2,255.5,1.2,0,1000.1,1004.6,97.9,,
763,2020-05-09 18:00,15,252.3,2.2,0,1000.2,1004.7,95.7,,
763,2020-05-09 19:00,14.6,259.8,3,0,1000,1004.5,95,,
763,2020-05-09 20:00,14.2,247.4,2.2,0,1000.8,1005.3,92.3,,
763,2020-05-09 21:00,13.5,245.2,2.5,0,1001.5,1006,93.7,,
763,2020-05-09 22:00,13.3,250.7,1.6,0,1002,1006.5,97,,
763,2020-05-09 23:00,13.7,231.4,1.2,0,1002.4,1006.9,90.4,,
763,2020-05-10 00:00,13.5,213.4,1.6,0,1002,1006.5,90.6,,
763,2020-05-10 01:00,13.1,192.1,1.2,0,1001.8,1006.3,95.5,,
763,2020-05-10 02:00,13,192.1,.9,.5,1001.9,1006.4,97.5,,
763,2020-05-10 03:00,13.1,182.6,1.1,0,1002,1006.5,98.3,,
763,2020-05-10 04:00,13.2,181,.8,.5,1001.7,1006.2,98.4,,
763,2020-05-10 05:00,13.2,228.9,1,1,1001.9,1006.4,99.3,,
763,2020-05-10 06:00,13,234.7,1.3,0,1002.6,1007.1,98.4,,
763,2020-05-10 07:00,12.8,231.9,.8,0,1002.9,1007.4,99.5,,
763,2020-05-10 08:00,12.8,223.9,.6,0,1003.6,1008.1,99.8,,
763,2020-05-10 09:00,13,239.3,.8,0,1004.4,1008.9,98.9,,
763,2020-05-10 10:00,13.5,222.7,.7,0,1004.5,1009,97,,
763,2020-05-10 11:00,14.4,244.3,1.3,0,1004.6,1009.1,93.7,,
763,2020-05-10 12:00,15.2,243.7,1.3,0,1004.8,1009.3,91.1,,
763,2020-05-10 13:00,15.3,245,1.6,0,1004.7,1009.2,89,,
763,2020-05-10 14:00,15.8,243.3,1.3,0,1004.7,1009.2,87.8,,
763,2020-05-10 15:00,15.5,213.4,.7,0,1004.7,1009.2,91.6,,
763,2020-05-10 16:00,16,235.9,1.5,0,1004.9,1009.4,89,,
763,2020-05-10 17:00,16.1,236.2,.9,0,1005.2,1009.7,88.2,,
763,2020-05-10 18:00,15.8,212.3,.7,0,1005.6,1010.1,84.1,,
763,2020-05-10 19:00,15.4,231.8,.8,0,1005.7,1010.2,86.6,,
763,2020-05-10 20:00,14.2,0,.1,0,1006.2,1010.7,91.7,,
763,2020-05-10 21:00,13,0,0,0,1007,1011.5,98.2,,
763,2020-05-10 22:00,12,0,.1,0,1007.4,1012,99,,
763,2020-05-10 23:00,12.8,0,.4,0,1007.6,1012.1,99.6,,
763,2020-05-11 00:00,13.5,245.2,.7,0,1008,1012.5,97.9,,
763,2020-05-11 01:00,14.1,183.3,.5,0,1008.1,1012.6,94.1,,
763,2020-05-11 02:00,13.8,185,.7,0,1007.9,1012.4,95.8,,
763,2020-05-11 03:00,14,0,.3,0,1007.9,1012.4,96.1,,
763,2020-05-11 04:00,14,0,.3,0,1007.6,1012.1,95.5,,
763,2020-05-11 05:00,13.4,0,.3,0,1006.9,1011.4,96,,
763,2020-05-11 06:00,14.1,285.8,1.3,0,1007.3,1011.8,92.9,,
763,2020-05-11 07:00,14.7,193.4,.9,0,1007.3,1011.8,91.1,,
763,2020-05-11 08:00,15.3,184.4,.8,0,1007.6,1012.1,87.4,,
763,2020-05-11 09:00,17,205.8,.8,0,1007.7,1012.2,79.2,,
763,2020-05-11 10:00,18.7,227.7,.8,0,1007.3,1011.7,71.2,,
763,2020-05-11 11:00,20.3,216.5,.9,0,1006.9,1011.3,62.9,,
763,2020-05-11 12:00,21.6,242.2,1.7,0,1006.2,1010.6,57.4,,
763,2020-05-11 13:00,23,246.2,1.9,0,1005.7,1010.1,49.9,,
763,2020-05-11 14:00,22.3,261.9,2.6,0,1005.2,1009.6,38.9,,
763,2020-05-11 15:00,22.5,258.7,1.8,0,1004.2,1008.6,51.4,,
763,2020-05-11 16:00,21.5,254.2,2,0,1003.7,1008.1,49,,
763,2020-05-11 17:00,21.3,258.9,1,0,1003.1,1007.5,49.3,,
763,2020-05-11 18:00,20.6,255.9,.9,0,1002.8,1007.2,55.7,,
763,2020-05-11 19:00,19,272.4,1.1,0,1002.8,1007.2,69.1,,
763,2020-05-11 20:00,17.9,212.2,.5,0,1002.7,1007.1,73.9,,
763,2020-05-11 21:00,17.4,0,.4,0,1003.1,1007.5,55.4,,
763,2020-05-11 22:00,16.6,0,.3,0,1002.8,1007.3,66.4,,
763,2020-05-11 23:00,15.6,324.8,.9,0,1003.2,1007.7,80.3,,
763,2020-05-12 00:00,15.2,302.9,1.1,0,1002.6,1007.1,83.7,,
763,2020-05-12 01:00,15,249.4,1.3,0,1001.9,1006.4,89.5,,
763,2020-05-12 02:00,15.2,193.2,1.1,0,1001.3,1005.8,94.7,,
763,2020-05-12 03:00,14.9,245.1,2.1,0,1001.7,1006.2,89.8,,
763,2020-05-12 04:00,14.5,237,1.6,0,1002.4,1006.9,87.4,,
763,2020-05-12 05:00,13.6,242.5,1.5,0,1002.6,1007.1,86.4,,
763,2020-05-12 06:00,13.2,236,1,0,1002.7,1007.2,88,,
763,2020-05-12 07:00,14.1,184.1,.7,0,1002,1006.5,75.6,,
763,2020-05-12 08:00,15.2,209.4,.9,0,1002.7,1007.2,73.1,,
763,2020-05-12 09:00,16.5,205.3,1.2,0,1001.5,1006,65,,
763,2020-05-12 10:00,18.6,210.3,1.5,0,1001.2,1005.6,51.3,,
763,2020-05-12 11:00,20.2,201.5,1.4,0,1001,1005.4,49.6,,
763,2020-05-12 12:00,19.7,234.3,3.4,0,1001.5,1005.9,52.9,,
763,2020-05-12 13:00,18.7,242.5,3,0,1001.4,1005.8,59.2,,
763,2020-05-12 14:00,18.7,243.7,2.5,0,1001.1,1005.5,63.1,,
763,2020-05-12 15:00,18.9,253,1.9,0,1001.3,1005.7,63,,
763,2020-05-12 16:00,19,235,2,0,1001.5,1005.9,63.8,,
763,2020-05-12 17:00,18.2,263.8,2.9,0,1002,1006.4,59.3,,
763,2020-05-12 18:00,16.9,256.7,3.4,0,1003.2,1007.7,65.8,,
763,2020-05-12 19:00,15,271.7,3,0,1004.1,1008.6,62.4,,
763,2020-05-12 20:00,13.7,255.7,2.6,0,1005.1,1009.6,68.1,,
763,2020-05-12 21:00,13.1,253.4,2.6,0,1006.3,1010.8,70.4,,
763,2020-05-12 22:00,12.3,250.9,1.1,0,1007.3,1011.9,80.3,,
763,2020-05-12 23:00,10.9,0,.2,0,1008,1012.6,87.9,,
763,2020-05-13 00:00,9.8,105.8,.7,0,1008.8,1013.4,93.1,,
763,2020-05-13 01:00,9.2,0,.3,0,1009.2,1013.8,94.3,,
763,2020-05-13 02:00,8.7,0,.1,0,1009.7,1014.3,96.4,,
763,2020-05-13 03:00,8.4,0,0,0,1009.5,1014.1,97.1,,
763,2020-05-13 04:00,7.7,0,0,0,1010,1014.6,98.6,,
763,2020-05-13 05:00,7.8,0,0,0,1010.6,1015.2,99.1,,
763,2020-05-13 06:00,8.1,0,.2,0,1011.2,1015.8,99.4,,
763,2020-05-13 07:00,12.4,176.9,.5,0,1011.9,1016.5,85.1,,
763,2020-05-13 08:00,14.1,189,.7,0,1012.6,1017.1,70.8,,
763,2020-05-13 09:00,16.2,217.8,.8,0,1012.9,1017.4,62.8,,
763,2020-05-13 10:00,18,221,.8,0,1013.7,1018.2,54.1,,
763,2020-05-13 11:00,18.7,238,2,0,1014.4,1018.9,49.2,,
763,2020-05-13 12:00,19.8,289.2,3.6,0,1014.4,1018.8,33.9,,
763,2020-05-13 13:00,20.6,291.9,3.6,0,1014.1,1018.5,29.9,,
763,2020-05-13 14:00,21.7,245.7,2.3,0,1013.6,1018,29.7,,
763,2020-05-13 15:00,22.2,253,2.3,0,1013,1017.4,27.1,,
763,2020-05-13 16:00,21.1,249.6,2.2,0,1012.9,1017.3,28.5,,
763,2020-05-13 17:00,20.6,264.7,2.7,0,1013,1017.4,27.2,,
763,2020-05-13 18:00,20.1,226.2,1,0,1012.9,1017.4,30.8,,
763,2020-05-13 19:00,18.2,261.5,.9,0,1013.1,1017.6,36,,
763,2020-05-13 20:00,14.7,0,.1,0,1013.4,1017.9,52.2,,
763,2020-05-13 21:00,13.1,0,.4,0,1014.1,1018.7,54.1,,
763,2020-05-13 22:00,12.4,102.6,.9,0,1015,1019.6,60,,
763,2020-05-13 23:00,12.2,0,.1,0,1015.1,1019.7,59.3,,
763,2020-05-14 00:00,12.1,0,.4,0,1014.7,1019.3,68,,
763,2020-05-14 01:00,12.3,0,.3,0,1014,1018.6,65.6,,
763,2020-05-14 02:00,11.2,0,0,0,1013.9,1018.5,74.6,,
763,2020-05-14 03:00,10.2,0,.4,0,1013.8,1018.4,83.3,,
763,2020-05-14 04:00,10.1,0,0,0,1013.8,1018.4,86.1,,
763,2020-05-14 05:00,9.8,0,0,0,1014,1018.6,86.3,,
763,2020-05-14 06:00,9.9,0,.1,0,1014.6,1019.2,87.1,,
763,2020-05-14 07:00,11.3,0,.2,0,1014.9,1019.5,84.8,,
763,2020-05-14 08:00,14.4,24.6,.8,0,1015.1,1019.6,65.1,,
763,2020-05-14 09:00,17.6,0,.2,0,1014.7,1019.2,55,,
763,2020-05-14 10:00,21.5,4.9,.5,0,1014.3,1018.7,44.8,,
763,2020-05-14 11:00,23.6,264.3,.9,0,1013.8,1018.2,26.5,,
763,2020-05-14 12:00,25.2,123.6,.9,0,1012.9,1017.3,21.3,,
763,2020-05-14 13:00,25.8,191.9,.6,0,1012.1,1016.5,23.6,,
763,2020-05-14 14:00,27.1,221,.9,0,1011.4,1015.7,25.1,,
763,2020-05-14 15:00,27.4,330,1.3,0,1010.7,1015,25.8,,
763,2020-05-14 16:00,26.9,9.7,1.9,0,1010,1014.3,27,,
763,2020-05-14 17:00,25.7,4.7,1,0,1009.9,1014.2,30,,
763,2020-05-14 18:00,25,0,.4,0,1009.9,1014.3,33.8,,
763,2020-05-14 19:00,22.5,0,0,0,1009.8,1014.2,48,,
763,2020-05-14 20:00,21.1,0,0,0,1009.8,1014.2,52.3,,
763,2020-05-14 21:00,20.3,0,.1,0,1009.7,1014.1,56.4,,
763,2020-05-14 22:00,22.2,145.9,.6,0,1009.7,1014.1,34.5,,
763,2020-05-14 23:00,22,143.3,.9,0,1009.5,1013.9,30.9,,
763,2020-05-15 00:00,21.3,139.4,.6,0,1009.6,1014,34.7,,
763,2020-05-15 01:00,21.6,149.3,.9,0,1009.5,1013.9,33.2,,
763,2020-05-15 02:00,20.7,171.8,.9,0,1009.2,1013.6,51.9,,
763,2020-05-15 03:00,20,131.7,.6,0,1008,1012.4,54.4,,
763,2020-05-15 04:00,20.1,145,.9,0,1007,1011.4,63.8,,
763,2020-05-15 05:00,19.5,133.5,.8,0,1006.4,1010.8,72,,
763,2020-05-15 06:00,18.5,0,.3,0,1006.7,1011.1,78.7,,
763,2020-05-15 07:00,16.6,96.7,.6,1.5,1006,1010.5,95.5,,
763,2020-05-15 08:00,16.3,0,.3,2,1005.7,1010.2,97.2,,
763,2020-05-15 09:00,15.8,359.5,1.4,4.5,1004.9,1009.4,98.5,,
763,2020-05-15 10:00,15.1,352.4,.9,5.5,1004.4,1008.9,99.4,,
763,2020-05-15 11:00,15.2,21.8,1.6,2.5,1004,1008.5,99.6,,
763,2020-05-15 12:00,15.7,101.6,1.2,.5,1002.6,1007.1,99.2,,
763,2020-05-15 13:00,16.5,6.3,1.2,0,1002,1006.5,98,,
763,2020-05-15 14:00,16.5,303.7,1.8,1,1002.5,1007,98.1,,
763,2020-05-15 15:00,16.6,91.2,.7,4.5,1002,1006.5,99.4,,
763,2020-05-15 16:00,17.6,126.2,.5,.5,1001.6,1006,96.8,,
763,2020-05-15 17:00,17.8,152.8,.5,0,1001.7,1006.1,96.1,,
763,2020-05-15 18:00,18.2,165.6,.5,0,1001.8,1006.2,93.2,,
763,2020-05-15 19:00,18.5,141.6,.8,0,1002.1,1006.5,90.8,,
763,2020-05-15 20:00,18.3,143.3,1,0,1002.3,1006.7,93.9,,
763,2020-05-15 21:00,18.2,141.8,.5,0,1002.8,1007.2,94.6,,
763,2020-05-15 22:00,18.4,157.8,.6,0,1003.5,1007.9,92.6,,
763,2020-05-15 23:00,18.5,0,.4,0,1003.4,1007.8,91.7,,
763,2020-05-16 00:00,17.9,262.2,1.2,0,1003.2,1007.6,95.4,,
763,2020-05-16 01:00,17.6,273,1.2,0,1003.5,1007.9,98.7,,
763,2020-05-16 02:00,17.5,0,.4,0,1003.5,1007.9,99.6,,
763,2020-05-16 03:00,17.6,0,.2,0,1003.2,1007.6,99.4,,
763,2020-05-16 04:00,16.5,285.5,1.6,0,1003,1007.5,99.9,,
763,2020-05-16 05:00,16.1,289.3,.5,0,1002.7,1007.2,99.9,,
763,2020-05-16 06:00,16.1,0,.2,0,1002.7,1007.2,99.9,,
763,2020-05-16 07:00,15.8,228.3,.7,0,1003,1007.5,99.9,,
763,2020-05-16 08:00,16,247.4,1.1,0,1003.6,1008.1,98.6,,
763,2020-05-16 09:00,16.1,0,.4,0,1004.2,1008.7,97.8,,
763,2020-05-16 10:00,15.6,275.1,1.4,0,1004.6,1009.1,97.2,,
763,2020-05-16 11:00,17,239.8,1,0,1004.4,1008.9,91.2,,
763,2020-05-16 12:00,16.7,259.9,1.6,0,1004.3,1008.8,90.2,,
763,2020-05-16 13:00,17.3,242.2,1.1,0,1003.4,1007.8,87.8,,
763,2020-05-16 14:00,18.8,265.2,.6,0,1002.1,1006.5,80.6,,
763,2020-05-16 15:00,18.3,259.1,1.6,0,1002.2,1006.6,82.4,,
763,2020-05-16 16:00,17.8,277.4,1.8,0,1002,1006.4,84.3,,
763,2020-05-16 17:00,17.6,276.4,1.6,0,1001.9,1006.3,86.9,,
763,2020-05-16 18:00,17.3,250.7,1,0,1002.1,1006.5,84.9,,
763,2020-05-16 19:00,17,0,.3,0,1002.3,1006.7,86.2,,
763,2020-05-16 20:00,16.8,234.7,.6,0,1003.3,1007.8,86.7,,
763,2020-05-16 21:00,16.5,151.9,.5,0,1003,1007.5,88.4,,
763,2020-05-16 22:00,16.2,0,.1,0,1002.9,1007.4,90.1,,
763,2020-05-16 23:00,16.1,0,.2,0,1002.8,1007.3,91.4,,
763,2020-05-17 00:00,15.8,273,.5,0,1003,1007.5,92.9,,
763,2020-05-17 01:00,15.5,281.5,.5,0,1002.6,1007.1,95.2,,
763,2020-05-17 02:00,15.8,229.4,.6,0,1002.4,1006.9,93.8,,
763,2020-05-17 03:00,15.5,0,.2,0,1002.5,1007,95.4,,
763,2020-05-17 04:00,15.3,286.7,.6,0,1002.5,1007,96.2,,
763,2020-05-17 05:00,15.3,0,.2,0,1002.5,1007,96.5,,
763,2020-05-17 06:00,14.7,294.6,2.4,0,1004.3,1008.8,98.7,,
763,2020-05-17 07:00,15.1,0,.2,0,1003.6,1008.1,99.1,,
763,2020-05-17 08:00,16.1,215.8,.6,0,1003.4,1007.9,94.2,,
763,2020-05-17 09:00,17,0,.4,0,1003.2,1007.6,90.2,,
763,2020-05-17 10:00,18.2,29.7,1.4,0,1003.2,1007.6,85,,
763,2020-05-17 11:00,19.6,263.8,1,0,1002.9,1007.3,78.2,,
763,2020-05-17 12:00,22.7,345.1,.9,0,1001.8,1006.1,68.3,,
763,2020-05-17 13:00,23.1,281.1,1.6,0,1001.3,1005.6,68.4,,
763,2020-05-17 14:00,23.9,289.7,1.5,0,1000.7,1005,66.4,,
763,2020-05-17 15:00,25.6,282.7,1.1,0,999.6,1003.9,59.3,,
763,2020-05-17 16:00,26.8,261.4,.7,0,998.6,1002.9,54.1,,
763,2020-05-17 17:00,27,242.9,.8,0,998.7,1003,51.8,,
763,2020-05-17 18:00,25.4,268.1,1.6,0,999,1003.3,62.1,,
763,2020-05-17 19:00,22.7,266.7,2.2,0,1000.1,1004.4,69.9,,
763,2020-05-17 20:00,20.6,227,.5,0,1000.8,1005.2,68.9,,
763,2020-05-17 21:00,19.7,0,.2,0,1001.3,1005.7,70.9,,
763,2020-05-17 22:00,18.4,0,.4,0,1001.3,1005.7,80.3,,
763,2020-05-17 23:00,17.9,0,0,0,1000.9,1005.3,86.5,,
763,2020-05-18 00:00,16.7,0,0,0,999.7,1004.1,93.8,,
763,2020-05-18 01:00,15.4,0,0,0,999.3,1003.8,98,,
763,2020-05-18 02:00,15.1,0,0,0,999,1003.5,98.5,,
763,2020-05-18 03:00,14.5,,,0,998.9,1003.4,99.2,,
763,2020-05-18 04:00,13.9,0,.4,0,999,1003.5,98.5,,
763,2020-05-18 05:00,16.1,172.6,.6,0,998.1,1002.5,99.7,,
763,2020-05-18 06:00,18,212.3,.5,0,997.3,1001.7,80.7,,
763,2020-05-18 07:00,18.3,121.1,.7,0,998.9,1003.3,82.3,,
763,2020-05-18 08:00,19.8,138.6,.5,0,998.1,1002.5,74.8,,
763,2020-05-18 09:00,22.3,119.2,1.1,0,997.1,1001.4,68.9,,
763,2020-05-18 10:00,23.4,149.1,.9,0,996.8,1001.1,66.1,,
763,2020-05-18 11:00,26.2,146.3,.6,0,996.2,1000.5,63.2,,
763,2020-05-18 12:00,26.2,157.3,1,0,994.4,998.7,60.5,,
763,2020-05-18 13:00,27.2,148.6,1.6,0,992.6,996.8,55.6,,
763,2020-05-18 14:00,28.3,147.7,1.4,0,991,995.2,52.8,,
763,2020-05-18 15:00,28.3,166.2,1.8,0,989,993.2,52.5,,
763,2020-05-18 16:00,26.4,179.4,1.3,0,990.5,994.7,56.2,,
763,2020-05-18 17:00,24.7,205.2,1.7,0,991.1,995.3,61.8,,
763,2020-05-18 18:00,16.8,259.8,3.5,14.5,993.1,997.5,97.3,,
763,2020-05-18 19:00,16.2,245.5,1.9,0,993.3,997.7,93.5,,
763,2020-05-18 20:00,14.8,205.4,.5,.5,994.9,999.3,96,,
763,2020-05-18 21:00,14.4,256.8,1.5,.5,995.8,1000.3,93.7,,
763,2020-05-18 22:00,13.8,259.4,1.5,0,996.5,1001,93.5,,
763,2020-05-18 23:00,13.5,0,.4,0,996.5,1001,94.3,,
763,2020-05-19 00:00,13.2,171.2,.8,0,996.3,1000.8,92.4,,
763,2020-05-19 01:00,13.1,168,.8,0,995.8,1000.3,92.1,,
763,2020-05-19 02:00,13.5,197.8,.9,0,995.2,999.7,84.5,,
763,2020-05-19 03:00,13.1,259.7,3.4,0,995.2,999.7,83.1,,
763,2020-05-19 04:00,12.3,219.4,.9,0,994.9,999.4,82.6,,
763,2020-05-19 05:00,12.5,202,.9,0,994.6,999.1,88.1,,
763,2020-05-19 06:00,12.2,159.3,1,0,994.3,998.8,90.4,,
763,2020-05-19 07:00,12,172.5,1.3,1.5,994.3,998.8,95,,
763,2020-05-19 08:00,12.5,179,.9,0,993.9,998.4,93.8,,
763,2020-05-19 09:00,12.9,181.9,1.4,2,993.5,998,91.8,,
763,2020-05-19 10:00,13.6,184.9,1.3,2.5,993.5,998,93.3,,
763,2020-05-19 11:00,14.5,247.3,2.3,0,993.6,998,77.3,,
763,2020-05-19 12:00,13.8,251.4,2,0,993.7,998.2,79.5,,
763,2020-05-19 13:00,12.3,213.6,1.7,.5,993.8,998.3,96.2,,
763,2020-05-19 14:00,12.9,247.7,1.5,.5,994,998.5,93.7,,
763,2020-05-19 15:00,14.1,250.2,1.3,0,995.1,999.6,89.6,,
763,2020-05-19 16:00,15.6,267.8,1.8,0,995.8,1000.3,81.4,,
763,2020-05-19 17:00,16.5,49,.6,0,996.7,1001.1,74.3,,
763,2020-05-19 18:00,16.3,0,.1,0,997.6,1002,73.6,,
763,2020-05-19 19:00,15.6,343.9,1.2,0,998.4,1002.9,78.2,,
763,2020-05-19 20:00,14.6,0,0,0,999.6,1004.1,91.1,,
763,2020-05-19 21:00,14.1,0,.3,0,1000.8,1005.3,93.1,,
763,2020-05-19 22:00,13.3,0,0,0,1002.1,1006.6,96.9,,
763,2020-05-19 23:00,11.9,0,0,0,1002.8,1007.3,98.2,,
763,2020-05-20 00:00,12,0,0,0,1003.5,1008,99,,
763,2020-05-20 01:00,11.7,0,0,0,1003.3,1007.9,99.2,,
763,2020-05-20 02:00,10.4,0,0,0,1003.4,1008,99.7,,
763,2020-05-20 03:00,9.5,0,0,0,1004,1008.6,99.9,,
763,2020-05-20 04:00,9.1,0,0,0,1004.4,1009,99.9,,
763,2020-05-20 05:00,8.4,0,0,0,1005,1009.6,99.9,,
763,2020-05-20 06:00,8.7,0,0,0,1005.9,1010.5,99.9,,
763,2020-05-20 07:00,10.2,270.3,,0,1006.6,1011.2,98.7,,
763,2020-05-20 08:00,11.2,0,.1,0,1007.4,1012,87.7,,
763,2020-05-20 09:00,12.5,53.4,1.2,0,1007.8,1012.4,66.3,,
763,2020-05-20 10:00,14.4,23.9,1.4,0,1007.8,1012.3,58.6,,
763,2020-05-20 11:00,16.3,33.2,1.3,0,1007.9,1012.4,47.7,,
763,2020-05-20 12:00,17.8,315.2,1.1,0,1007.6,1012,45.8,,
763,2020-05-20 13:00,17.9,18.2,2.1,0,1007.4,1011.8,48.3,,
763,2020-05-20 14:00,18.9,43.7,2,0,1007.3,1011.7,47.2,,
763,2020-05-20 15:00,19.8,308.3,1.9,0,1007.3,1011.7,48.8,,
763,2020-05-20 16:00,19.6,287.9,1.4,0,1007,1011.4,50.9,,
763,2020-05-20 17:00,19.4,217.4,.6,0,1007.1,1011.5,53,,
763,2020-05-20 18:00,20.1,351.9,1.2,0,1007.4,1011.8,51.6,,
763,2020-05-20 19:00,17.9,254.9,2.2,0,1008.1,1012.5,59.5,,
763,2020-05-20 20:00,16.1,0,.4,0,1008.7,1013.2,69.1,,
763,2020-05-20 21:00,14.3,0,0,0,1009.3,1013.8,81.9,,
763,2020-05-20 22:00,13.1,0,.3,0,1009.9,1014.4,88.8,,
763,2020-05-20 23:00,12.1,0,.1,0,1010,1014.6,94,,
763,2020-05-21 00:00,11.5,0,.3,0,1010,1014.6,96.2,,
763,2020-05-21 01:00,11.1,0,.3,0,1009.6,1014.2,97.4,,
763,2020-05-21 02:00,10.6,0,0,0,1009.6,1014.2,98.4,,
763,2020-05-21 03:00,10.2,0,0,0,1009.7,1014.3,99.2,,
763,2020-05-21 04:00,9.7,0,0,0,1009.7,1014.3,99.6,,
763,2020-05-21 05:00,9.6,0,.1,0,1010.3,1014.9,99.8,,
763,2020-05-21 06:00,9.7,0,0,0,1010.7,1015.3,99.9,,
763,2020-05-21 07:00,12.4,0,0,0,1011.2,1015.8,94.8,,
763,2020-05-21 08:00,14.8,16.1,.5,0,1011.8,1016.3,81.5,,
763,2020-05-21 09:00,16.7,293.8,.9,0,1011.9,1016.4,75.4,,
763,2020-05-21 10:00,18.3,295.5,1.3,0,1011.9,1016.4,69.6,,
763,2020-05-21 11:00,19.8,25.1,1.2,0,1011.8,1016.2,63.5,,
763,2020-05-21 12:00,20.3,275.7,1.5,0,1011.6,1016,58.2,,
763,2020-05-21 13:00,21.2,296.2,1,0,1011,1015.4,51.8,,
763,2020-05-21 14:00,21.9,19.1,2.1,0,1010.3,1014.7,52.8,,
763,2020-05-21 15:00,22.7,36.3,1.7,0,1009.6,1014,49.8,,
763,2020-05-21 16:00,22.9,318.8,1.5,0,1009,1013.4,50.6,,
763,2020-05-21 17:00,22.9,323.8,1,0,1008.9,1013.3,49.7,,
763,2020-05-21 18:00,22.2,273.8,.9,0,1009.1,1013.5,50.7,,
763,2020-05-21 19:00,20.3,0,0,0,1009.5,1013.9,69.7,,
763,2020-05-21 20:00,19.4,0,.4,0,1009.6,1014,69.1,,
763,2020-05-21 21:00,18.3,235.8,.9,0,1010.1,1014.5,74.4,,
763,2020-05-21 22:00,17.8,178.9,.6,0,1011,1015.5,74.1,,
763,2020-05-21 23:00,16,0,.2,0,1011.1,1015.6,82.2,,
763,2020-05-22 00:00,14.4,0,.1,0,1011.4,1015.9,91.7,,
763,2020-05-22 01:00,14.1,0,0,0,1011.1,1015.6,93.6,,
763,2020-05-22 02:00,15.1,0,.3,0,1010.4,1014.9,89.9,,
763,2020-05-22 03:00,14.6,117.8,.5,0,1010.4,1014.9,92.4,,
763,2020-05-22 04:00,13.4,0,0,0,1010.1,1014.6,98.1,,
763,2020-05-22 05:00,14.1,0,0,0,1010.2,1014.7,97.6,,
763,2020-05-22 06:00,14.5,60.4,.5,0,1009.8,1014.3,95.9,,
763,2020-05-22 07:00,15.6,0,.1,0,1009.6,1014.1,90.1,,
763,2020-05-22 08:00,17.3,0,.3,0,1009.4,1013.9,83,,
763,2020-05-22 09:00,18.2,292.3,1,0,1009.6,1014,75.9,,
763,2020-05-22 10:00,19.5,320.5,.5,0,1009.4,1013.8,73.4,,
763,2020-05-22 11:00,21.4,231.1,1.3,0,1009.5,1013.9,60,,
763,2020-05-22 12:00,22.8,156.4,.8,0,1009,1013.4,57.1,,
763,2020-05-22 13:00,24.1,147.9,.8,0,1008.4,1012.7,52,,
763,2020-05-22 14:00,24.3,276,.9,0,1007.8,1012.1,51.2,,
763,2020-05-22 15:00,25.6,165.2,.8,0,1007.4,1011.7,48.3,,
763,2020-05-22 16:00,24.8,33.7,.8,0,1007.4,1011.7,50.3,,
763,2020-05-22 17:00,24.7,354.6,1.1,0,1007.1,1011.4,54,,
763,2020-05-22 18:00,23.9,320.7,1.1,0,1007.2,1011.5,55.3,,
763,2020-05-22 19:00,22.5,315.2,1.4,0,1006.8,1011.2,65.6,,
763,2020-05-22 20:00,20.8,128.9,.5,0,1006.6,1011,73.7,,
763,2020-05-22 21:00,18.9,119.6,.8,0,1006.9,1011.3,72.4,,
763,2020-05-22 22:00,18.1,82.1,.5,0,1007.7,1012.1,73.1,,
763,2020-05-22 23:00,15.9,0,.2,0,1007.9,1012.4,86.7,,
763,2020-05-23 00:00,15.6,0,0,0,1008.2,1012.7,87.6,,
763,2020-05-23 01:00,14.7,10.7,.7,0,1008.1,1012.6,90.4,,
763,2020-05-23 02:00,14.4,0,.4,0,1008.4,1012.9,90.8,,
763,2020-05-23 03:00,13.6,0,0,0,1008.2,1012.7,95.3,,
763,2020-05-23 04:00,13.1,0,.3,0,1008.5,1013,98,,
763,2020-05-23 05:00,12.9,0,0,0,1008.2,1012.7,97.7,,
763,2020-05-23 06:00,13.3,0,.2,0,1008.3,1012.8,97.3,,
763,2020-05-23 07:00,15.8,0,.4,0,1008.7,1013.2,83.6,,
763,2020-05-23 08:00,18.5,14.8,.6,0,1008.6,1013,69.7,,
763,2020-05-23 09:00,19.7,28.9,.9,0,1008.4,1012.8,68.4,,
763,2020-05-23 10:00,21.8,262.1,.9,0,1008.2,1012.6,50.4,,
763,2020-05-23 11:00,23.4,226.4,1,0,1008.2,1012.6,46.9,,
763,2020-05-23 12:00,23.9,185.7,1,0,1007.8,1012.1,46.9,,
763,2020-05-23 13:00,24.4,268.6,1.9,0,1007.5,1011.8,47.8,,
763,2020-05-23 14:00,24.7,269.9,1.9,0,1006.9,1011.2,48.2,,
763,2020-05-23 15:00,25.1,269.5,2,0,1006.1,1010.4,51.9,,
763,2020-05-23 16:00,25.2,230.7,1.2,0,1005.6,1009.9,53.4,,
763,2020-05-23 17:00,23.6,282.6,3,0,1005.8,1010.1,60.3,,
763,2020-05-23 18:00,22.5,274.4,3.1,0,1006.2,1010.6,62.6,,
763,2020-05-23 19:00,21.2,262.7,1.6,0,1005.8,1010.2,69.7,,
763,2020-05-23 20:00,20,0,.1,0,1006.3,1010.7,76.4,,
763,2020-05-23 21:00,18,0,0,0,1006.7,1011.1,88.9,,
763,2020-05-23 22:00,17.3,0,.3,0,1006.9,1011.4,93.3,,
763,2020-05-23 23:00,17.1,0,.2,0,1007,1011.5,93.7,,
763,2020-05-24 00:00,16.8,0,.2,0,1007.1,1011.6,95.6,,
763,2020-05-24 01:00,16.6,0,.1,0,1007.4,1011.9,97.6,,
763,2020-05-24 02:00,16.8,0,.1,0,1006.7,1011.2,97.1,,
763,2020-05-24 03:00,17,104.4,.9,0,1006.5,1011,95.8,,
763,2020-05-24 04:00,17,0,0,0,1005.9,1010.4,96.3,,
763,2020-05-24 05:00,18.5,0,.4,0,1005.6,1010,86,,
763,2020-05-24 06:00,19.1,163.9,.6,0,1005.1,1009.5,80.2,,
763,2020-05-24 07:00,19.3,207.2,.8,0,1005.2,1009.6,79.4,,
763,2020-05-24 08:00,20.1,176.1,1,0,1005.4,1009.8,74.5,,
763,2020-05-24 09:00,20.1,194.9,.8,0,1005.9,1010.3,76.7,,
763,2020-05-24 10:00,18.2,245.9,1.9,5.5,1006.4,1010.8,96.6,,
763,2020-05-24 11:00,18.1,267.9,1.2,1,1006.8,1011.2,97,,
763,2020-05-24 12:00,17.8,259.1,3,0,1006.9,1011.3,95.8,,
763,2020-05-24 13:00,17.7,270,1.5,0,1006.7,1011.1,94.3,,
763,2020-05-24 14:00,19.3,242.2,1.2,0,1006.7,1011.1,85.5,,
763,2020-05-24 15:00,21.8,190.2,.7,0,1006.3,1010.7,71.8,,
763,2020-05-24 16:00,22.2,238.5,1.4,0,1006.3,1010.7,69.1,,
763,2020-05-24 17:00,21.5,229.8,1.2,0,1006.2,1010.6,67,,
763,2020-05-24 18:00,20.9,235.5,1.2,0,1006.2,1010.6,68.1,,
763,2020-05-24 19:00,18.8,245.6,.7,0,1006.5,1010.9,79.8,,
763,2020-05-24 20:00,16.7,253.6,1.1,0,1007.4,1011.9,85.9,,
763,2020-05-24 21:00,15.5,246.3,.6,0,1008.1,1012.6,89.5,,
763,2020-05-24 22:00,14.6,0,.3,0,1008.8,1013.3,92.7,,
763,2020-05-24 23:00,13.5,0,.4,0,1009.1,1013.6,97.4,,
763,2020-05-25 00:00,13.7,0,0,0,1009,1013.5,99,,
763,2020-05-25 01:00,13.9,0,.4,0,1008.8,1013.3,94.7,,
763,2020-05-25 02:00,14.2,0,0,0,1008.7,1013.2,95.5,,
763,2020-05-25 03:00,14.1,0,.4,0,1008.8,1013.3,95.2,,
763,2020-05-25 04:00,14,0,.1,0,1008.9,1013.4,94.2,,
763,2020-05-25 05:00,13.8,294.2,.9,0,1009.3,1013.8,96.1,,
763,2020-05-25 06:00,13.8,0,.4,0,1009.3,1013.8,96,,
763,2020-05-25 07:00,14.1,0,.2,0,1009.4,1013.9,93.8,,
763,2020-05-25 08:00,14.3,0,.2,0,1009.8,1014.3,94.3,,
763,2020-05-25 09:00,14.9,0,.2,0,1009.5,1014,88.8,,
763,2020-05-25 10:00,15.3,323,.6,0,1009.4,1013.9,87.1,,
763,2020-05-25 11:00,16.1,290,1.3,0,1009.6,1014.1,85.7,,
763,2020-05-25 12:00,16.6,308.1,.8,0,1009.3,1013.8,79.2,,
763,2020-05-25 13:00,19,204.5,.6,0,1008.5,1012.9,70.9,,
763,2020-05-25 14:00,19.7,308.5,1.8,0,1008.4,1012.8,68.5,,
763,2020-05-25 15:00,20.7,290.2,1.3,0,1008.1,1012.5,63.8,,
763,2020-05-25 16:00,21.2,309.8,1.1,0,1007.6,1012,66.7,,
763,2020-05-25 17:00,21.1,43.8,.5,0,1007.1,1011.5,64.1,,
763,2020-05-25 18:00,21.1,0,.4,0,1006.8,1011.2,65.1,,
763,2020-05-25 19:00,18.9,276.2,1.2,0,1007.4,1011.8,80,,
763,2020-05-25 20:00,17.7,0,.3,0,1007.7,1012.2,86.5,,
763,2020-05-25 21:00,16.3,0,0,0,1008,1012.5,94.9,,
763,2020-05-25 22:00,15.4,0,.3,0,1008.3,1012.8,98.2,,
763,2020-05-25 23:00,15,14.8,.5,0,1008.2,1012.7,97.8,,
763,2020-05-26 00:00,14.7,0,0,0,1008,1012.5,98.3,,
763,2020-05-26 01:00,14.1,0,0,0,1007.6,1012.1,99.1,,
763,2020-05-26 02:00,14.2,0,0,0,1007,1011.5,99,,
763,2020-05-26 03:00,14.5,0,.2,0,1007.1,1011.6,98.5,,
763,2020-05-26 04:00,14.7,0,0,0,1007.2,1011.7,99.3,,
763,2020-05-26 05:00,14.7,81.9,.7,0,1006.5,1011,99.9,,
763,2020-05-26 06:00,14.9,0,.4,0,1006.8,1011.3,99.8,,
763,2020-05-26 07:00,15.3,4.8,.6,0,1006.6,1011.1,99.5,,
763,2020-05-26 08:00,16.2,28.8,1,0,1006.9,1011.4,92.6,,
763,2020-05-26 09:00,17.2,258.6,.7,0,1006.9,1011.4,86.3,,
763,2020-05-26 10:00,18.2,270,.8,0,1006.6,1011,79,,
763,2020-05-26 11:00,18.7,283.1,1.8,0,1006.7,1011.1,80.3,,
763,2020-05-26 12:00,20.2,287.6,1.3,0,1006.3,1010.7,72.3,,
763,2020-05-26 13:00,21.6,276.8,1.5,0,1005.8,1010.2,62.3,,
763,2020-05-26 14:00,23.3,227.6,1.6,0,1005.1,1009.4,58.7,,
763,2020-05-26 15:00,23.6,263.6,2.4,0,1004.3,1008.6,49.6,,
763,2020-05-26 16:00,24.1,229.4,1.3,0,1003.7,1008,40.5,,
763,2020-05-26 17:00,21.7,278,5,0,1003.6,1008,57.5,,
763,2020-05-26 18:00,19.8,271.8,3.3,0,1004,1008.4,59.5,,
763,2020-05-26 19:00,19.3,263.3,2,0,1004.3,1008.7,63.6,,
763,2020-05-26 20:00,18.5,263.5,1.3,0,1004.9,1009.3,66.9,,
763,2020-05-26 21:00,18.2,238,.7,0,1005.2,1009.6,69.2,,
763,2020-05-26 22:00,17.8,268.4,.8,0,1005.5,1009.9,80,,
763,2020-05-26 23:00,17.4,257.2,.9,0,1005.3,1009.7,89.2,,
763,2020-05-27 00:00,16.8,271,2,0,1004.9,1009.4,96.4,,
763,2020-05-27 01:00,16.9,275.6,1.6,0,1005.1,1009.6,95.3,,
763,2020-05-27 02:00,16.6,333.6,1.1,0,1005.1,1009.6,96.5,,
763,2020-05-27 03:00,15.8,347.1,1.1,0,1005.4,1009.9,90.3,,
763,2020-05-27 04:00,14.9,33.7,.8,0,1005.7,1010.2,86.6,,
763,2020-05-27 05:00,13.3,327.2,.6,0,1005.9,1010.4,93.3,,
763,2020-05-27 06:00,12.9,0,0,0,1006,1010.5,96,,
763,2020-05-27 07:00,15.4,19.4,.9,0,1006.5,1011,82.4,,
763,2020-05-27 08:00,16.5,356.3,1.5,0,1006.5,1011,73.3,,
763,2020-05-27 09:00,17.5,12.4,1.3,0,1006.9,1011.4,65.8,,
763,2020-05-27 10:00,19.4,25.1,1.6,0,1006.7,1011.1,56.7,,
763,2020-05-27 11:00,20,334.4,1.4,0,1006.7,1011.1,53.8,,
763,2020-05-27 12:00,20.9,8.2,1.5,0,1006.5,1010.9,49.1,,
763,2020-05-27 13:00,22.7,12,.9,0,1005.7,1010.1,42.5,,
763,2020-05-27 14:00,23.2,180.9,.7,0,1005.2,1009.5,39.7,,
763,2020-05-27 15:00,24.5,246.2,1.3,0,1004.8,1009.1,49.1,,
763,2020-05-27 16:00,22.9,265.9,2.9,0,1004.7,1009,47.5,,
763,2020-05-27 17:00,21.9,278.4,3.4,0,1004.6,1009,54,,
763,2020-05-27 18:00,21.4,264.3,1.9,0,1004.6,1009,60.7,,
763,2020-05-27 19:00,20.1,275.1,2,0,1005,1009.4,64,,
763,2020-05-27 20:00,18.4,0,.3,0,1005.1,1009.5,71.3,,
763,2020-05-27 21:00,16.6,112.5,.6,0,1005.5,1010,83.1,,
763,2020-05-27 22:00,15.3,102.2,.6,0,1006,1010.5,89.9,,
763,2020-05-27 23:00,14.1,0,.1,0,1006.4,1010.9,95.2,,
763,2020-05-28 00:00,13.9,103.9,.5,0,1006.1,1010.6,96.7,,
763,2020-05-28 01:00,13.1,0,0,0,1006,1010.5,97.9,,
763,2020-05-28 02:00,13.3,0,.1,0,1005.8,1010.3,98.9,,
763,2020-05-28 03:00,12.9,0,0,0,1005.7,1010.2,98.8,,
763,2020-05-28 04:00,12.2,0,0,0,1005.5,1010,99.3,,
763,2020-05-28 05:00,11.6,0,0,0,1005.6,1010.2,99.8,,
763,2020-05-28 06:00,12.3,0,.4,0,1005.4,1009.9,99.8,,
763,2020-05-28 07:00,13.8,0,.4,0,1005.9,1010.4,96.4,,
763,2020-05-28 08:00,15.8,22.6,1,0,1006.2,1010.7,85.4,,
763,2020-05-28 09:00,17.5,0,.2,0,1006,1010.4,77.6,,
763,2020-05-28 10:00,19.6,78.9,1.1,0,1005.8,1010.2,69.4,,
763,2020-05-28 11:00,22.5,191.9,1.2,0,1005.4,1009.8,42.3,,
763,2020-05-28 12:00,22.8,240.5,1.5,0,1005.5,1009.9,43.4,,
763,2020-05-28 13:00,23.5,257.3,2.1,0,1005,1009.3,43.9,,
763,2020-05-28 14:00,23.9,243.1,2.2,0,1004.7,1009,46.2,,
763,2020-05-28 15:00,22.6,278.1,2.9,0,1004.6,1009,59.2,,
763,2020-05-28 16:00,21.8,270.6,2.9,0,1004.8,1009.2,62.6,,
763,2020-05-28 17:00,21.2,266,2.5,0,1005.1,1009.5,63.7,,
763,2020-05-28 18:00,20.7,250.8,1.4,0,1005.4,1009.8,67.8,,
763,2020-05-28 19:00,19.3,228.2,1.2,0,1006.3,1010.7,73.1,,
763,2020-05-28 20:00,17.3,235.1,.9,0,1006.8,1011.3,83.1,,
763,2020-05-28 21:00,16.4,222.8,.9,0,1008,1012.5,86.9,,
763,2020-05-28 22:00,16.1,0,.2,0,1008.6,1013.1,88.8,,
763,2020-05-28 23:00,16.3,219.1,.5,0,1008.8,1013.3,88.7,,
763,2020-05-29 00:00,16.4,0,.4,0,1008.8,1013.3,87.4,,
763,2020-05-29 01:00,16.4,219.3,.6,0,1009.3,1013.8,87.6,,
763,2020-05-29 02:00,15.3,0,.3,0,1009.4,1013.9,92.3,,
763,2020-05-29 03:00,14.8,0,.3,0,1009.6,1014.1,95.5,,
763,2020-05-29 04:00,15.4,0,0,0,1010.4,1014.9,93.6,,
763,2020-05-29 05:00,15.3,0,.2,0,1010.3,1014.8,94.4,,
763,2020-05-29 06:00,14.1,0,.3,0,1010.6,1015.1,97.6,,
763,2020-05-29 07:00,15.4,29.5,.6,0,1011,1015.5,94.6,,
763,2020-05-29 08:00,17,34.5,.9,0,1011.7,1016.2,83.9,,
763,2020-05-29 09:00,19.1,352.4,1.1,0,1011.6,1016,74.5,,
763,2020-05-29 10:00,21,345.4,1.2,0,1011.4,1015.8,67.2,,
763,2020-05-29 11:00,22.7,31.3,1.7,0,1011.6,1016,58.6,,
763,2020-05-29 12:00,23.7,25.6,1.9,0,1011.4,1015.8,53.8,,
763,2020-05-29 13:00,25.1,349.9,2.2,0,1011,1015.4,53,,
763,2020-05-29 14:00,26.3,330.4,1.9,0,1010.5,1014.8,48.6,,
763,2020-05-29 15:00,26.6,329.7,1.7,0,1010.3,1014.6,42,,
763,2020-05-29 16:00,26.5,347.1,1.1,0,1009.9,1014.2,40.3,,
763,2020-05-29 17:00,26.4,352,1.6,0,1010,1014.3,40.2,,
763,2020-05-29 18:00,26,339.8,.5,0,1009.8,1014.1,41.5,,
763,2020-05-29 19:00,24.2,0,0,0,1010.2,1014.5,52.1,,
763,2020-05-29 20:00,20.6,0,0,0,1011,1015.4,69,,
763,2020-05-29 21:00,20.1,0,.3,0,1011.9,1016.4,72.4,,
763,2020-05-29 22:00,18.7,0,.2,0,1012.5,1016.9,81.8,,
763,2020-05-29 23:00,19.6,131.1,.5,0,1012.9,1017.3,77,,
763,2020-05-30 00:00,19.6,0,.3,0,1013,1017.4,76.4,,
763,2020-05-30 01:00,17.5,0,.2,0,1013,1017.5,89.2,,
763,2020-05-30 02:00,16.8,0,.2,0,1013.2,1017.7,93.5,,
763,2020-05-30 03:00,15.8,0,0,0,1013.5,1018,96.6,,
763,2020-05-30 04:00,15.2,0,0,0,1013.4,1017.9,97.3,,
763,2020-05-30 05:00,14.9,0,0,0,1013.6,1018.1,98.1,,
763,2020-05-30 06:00,15.4,0,0,0,1014.1,1018.6,98.1,,
763,2020-05-30 07:00,17.9,0,.4,0,1014.4,1018.9,85.6,,
763,2020-05-30 08:00,19.4,0,.3,0,1014.4,1018.8,78.6,,
763,2020-05-30 09:00,22.5,13.9,.9,0,1014.1,1018.5,66.1,,
763,2020-05-30 10:00,24.1,241,.8,0,1013.9,1018.3,57.5,,
763,2020-05-30 11:00,25.6,339.2,1.3,0,1013.4,1017.8,55.4,,
763,2020-05-30 12:00,26.5,323.1,1.6,0,1012.5,1016.8,53.5,,
763,2020-05-30 13:00,26.9,295.6,1.5,0,1012.2,1016.5,48.7,,
763,2020-05-30 14:00,27,317.8,1.3,0,1011.4,1015.7,47.6,,
763,2020-05-30 15:00,27.5,287.5,.9,0,1010.8,1015.1,42.3,,
763,2020-05-30 16:00,26.9,286.8,.8,0,1010.5,1014.8,43.6,,
763,2020-05-30 17:00,26.3,262.5,2,0,1010.3,1014.6,51.2,,
763,2020-05-30 18:00,24,245,1.7,0,1010.8,1015.1,51.7,,
763,2020-05-30 19:00,22.8,0,.4,0,1010.9,1015.3,54.4,,
763,2020-05-30 20:00,21,110.2,.6,0,1010.7,1015.1,66.7,,
763,2020-05-30 21:00,19.2,0,.1,0,1010.9,1015.3,75,,
763,2020-05-30 22:00,17.7,0,.1,0,1011.4,1015.9,81.5,,
763,2020-05-30 23:00,17.2,0,0,0,1011.2,1015.7,85.7,,
763,2020-05-31 00:00,16.5,0,0,0,1011.5,1016,87.6,,
763,2020-05-31 01:00,15.7,0,0,0,1011.3,1015.8,91.6,,
763,2020-05-31 02:00,14.6,0,0,0,1011,1015.5,95.1,,
763,2020-05-31 03:00,14.7,0,0,0,1010.8,1015.3,94.9,,
763,2020-05-31 04:00,15.6,0,.1,0,1010.6,1015.1,91.8,,
763,2020-05-31 05:00,15.6,0,.1,0,1010.2,1014.7,92.9,,
763,2020-05-31 06:00,16.1,0,0,0,1009.8,1014.3,91.5,,
763,2020-05-31 07:00,17.1,18.2,1.5,0,1009.5,1014,87.4,,
763,2020-05-31 08:00,18.7,27.6,.6,0,1009.5,1013.9,78.7,,
763,2020-05-31 09:00,21.8,35.9,.8,0,1009.1,1013.5,62.3,,
763,2020-05-31 10:00,23.7,304,1,0,1009.1,1013.4,55.2,,
763,2020-05-31 11:00,24,35.8,1.5,0,1008.1,1012.4,47.2,,
763,2020-05-31 12:00,24.8,334.5,1.2,0,1007.9,1012.2,47.6,,
763,2020-05-31 13:00,25,266.7,1,0,1007,1011.3,50,,
763,2020-05-31 14:00,25.7,278.4,1.1,0,1006.2,1010.5,47.6,,
763,2020-05-31 15:00,25.8,232.1,.8,0,1006,1010.3,46.4,,
763,2020-05-31 16:00,24.3,247.3,2.2,0,1005.5,1009.8,55.4,,
763,2020-05-31 17:00,22.5,261.5,2.5,0,1005.8,1010.2,61.5,,
763,2020-05-31 18:00,21.7,252.1,.8,0,1005.6,1010,63.1,,
763,2020-05-31 19:00,21.2,251.4,.8,0,1006,1010.4,67.4,,
763,2020-05-31 20:00,20.6,264.2,.6,0,1006.4,1010.8,73,,
763,2020-05-31 21:00,20.1,262.3,1.2,0,1006.7,1011.1,75.2,,
763,2020-05-31 22:00,19.8,258.7,1.2,0,1007.4,1011.8,79.8,,
763,2020-05-31 23:00,19.3,0,.1,0,1007.1,1011.5,85.1,,
763,2020-06-01 00:00,19.2,258.3,1,0,1007.3,1011.7,85.9,,
763,2020-06-01 01:00,18.2,264.9,1.4,0,1007.2,1011.6,94.8,,
763,2020-06-01 02:00,17.8,270.3,.9,.5,1007.3,1011.7,98.3,,
763,2020-06-01 03:00,17.7,270.2,1.6,.5,1006.9,1011.3,98.8,,
763,2020-06-01 04:00,17.7,258,1.4,0,1007,1011.4,98.2,,
763,2020-06-01 05:00,17.5,0,.1,0,1006.5,1011,97.6,,
763,2020-06-01 06:00,17.4,261.6,1.8,0,1007.5,1012,96.4,,
763,2020-06-01 07:00,17.6,260.9,.7,0,1007.4,1011.9,93.6,,
763,2020-06-01 08:00,17.9,257.5,.9,0,1007.9,1012.3,92.1,,
763,2020-06-01 09:00,19,278.3,1.4,0,1008,1012.4,79.8,,
763,2020-06-01 10:00,20.6,281.2,1.4,0,1007.7,1012.1,66.5,,
763,2020-06-01 11:00,21.9,278,2.1,0,1007.4,1011.8,58.8,,
763,2020-06-01 12:00,23.4,288.2,1.6,0,1007.4,1011.7,51.9,,
763,2020-06-01 13:00,23.9,266.9,2.1,0,1007.3,1011.6,49.5,,
763,2020-06-01 14:00,24.1,280.1,3.4,0,1006.6,1010.9,51.4,,
763,2020-06-01 15:00,24.3,261.4,3.4,0,1006.7,1011,51.6,,
763,2020-06-01 16:00,23.6,276.5,3.8,0,1006.3,1010.6,52,,
763,2020-06-01 17:00,22.3,273.2,3,0,1006.1,1010.5,54.1,,
763,2020-06-01 18:00,21.6,286.9,4.4,0,1006.4,1010.8,45,,
763,2020-06-01 19:00,20.8,274.1,2.2,0,1006.2,1010.6,53.8,,
763,2020-06-01 20:00,18.3,275.2,1.1,0,1007.1,1011.5,71.3,,
763,2020-06-01 21:00,16.5,0,.1,0,1007,1011.5,77.7,,
763,2020-06-01 22:00,14.8,0,.4,0,1007.2,1011.7,85.6,,
763,2020-06-01 23:00,13.4,0,0,0,1007.2,1011.7,92.7,,
763,2020-06-02 00:00,13.9,0,.3,0,1007.2,1011.7,92.2,,
763,2020-06-02 01:00,15.1,0,.2,0,1006.9,1011.4,96.4,,
763,2020-06-02 02:00,14.6,287.7,.5,0,1006.7,1011.2,97.6,,
763,2020-06-02 03:00,14.8,0,.4,0,1005.8,1010.3,98.6,,
763,2020-06-02 04:00,14.1,0,0,0,1005.6,1010.1,98.8,,
763,2020-06-02 05:00,13,0,0,0,1005.5,1010,99.8,,
763,2020-06-02 06:00,13.5,0,0,0,1006.4,1010.9,99.1,,
763,2020-06-02 07:00,14.9,0,.1,0,1006.6,1011.1,92.8,,
763,2020-06-02 08:00,16.1,21.9,.7,0,1006.3,1010.8,81.2,,
763,2020-06-02 09:00,18.2,357,.6,0,1006.3,1010.7,72.8,,
763,2020-06-02 10:00,21,79.4,.8,0,1005.3,1009.7,56.5,,
763,2020-06-02 11:00,21.4,325.4,1.4,0,1006,1010.4,49.1,,
763,2020-06-02 12:00,22.9,6.5,1.7,0,1005.4,1009.8,45.7,,
763,2020-06-02 13:00,21.7,337.7,1.4,0,1005.9,1010.3,52,,
763,2020-06-02 14:00,19.7,0,.3,0,1004.5,1008.9,62.8,,
763,2020-06-02 15:00,20.8,345.1,.7,0,1001.9,1006.3,62.7,,
763,2020-06-02 16:00,22.2,283.4,1.3,0,1001.6,1006,60,,
763,2020-06-02 17:00,22.5,300.6,1.5,0,1001.3,1005.6,58.1,,
763,2020-06-02 18:00,22.2,0,0,0,1001.2,1005.6,62.5,,
763,2020-06-02 19:00,22,271.5,.6,0,1001.8,1006.2,58.4,,
763,2020-06-02 20:00,20.3,302.7,.5,0,1002,1006.4,67.5,,
763,2020-06-02 21:00,21.2,264,1.1,0,1002.6,1007,62.4,,
763,2020-06-02 22:00,20.4,0,.1,0,1002.8,1007.2,71.9,,
763,2020-06-02 23:00,19.8,0,.1,0,1002.6,1007,85.9,,
763,2020-06-03 00:00,20,0,.4,0,1002.2,1006.6,79.7,,
763,2020-06-03 01:00,20.9,156.1,.9,0,1001.8,1006.2,71.9,,
763,2020-06-03 02:00,20.8,215.7,.5,0,1001.8,1006.2,72,,
763,2020-06-03 03:00,20.1,227.3,.9,0,1001.6,1006,80,,
763,2020-06-03 04:00,19.3,115.3,.5,0,1001.6,1006,88.9,,
763,2020-06-03 05:00,18.6,0,0,.5,1001.1,1005.5,98.1,,
763,2020-06-03 06:00,18.9,0,.4,0,1000.9,1005.3,97.2,,
763,2020-06-03 07:00,19.4,0,.1,0,1001,1005.4,95.8,,
763,2020-06-03 08:00,19.9,0,.3,0,1001.3,1005.7,90.4,,
763,2020-06-03 09:00,20.5,129.7,.5,0,1001.4,1005.8,89.4,,
763,2020-06-03 10:00,21.9,278.3,.5,0,1001.2,1005.6,81,,
763,2020-06-03 11:00,22.2,299.1,1.2,0,1001.5,1005.9,79.1,,
763,2020-06-03 12:00,23.6,319.4,1.1,0,1001.2,1005.5,74.1,,
763,2020-06-03 13:00,24.4,283.3,1.5,0,1000.4,1004.7,65.6,,
763,2020-06-03 14:00,26.1,284.2,1.4,0,999.8,1004.1,58.7,,
763,2020-06-03 15:00,27,275.8,1,0,999,1003.3,54.1,,
763,2020-06-03 16:00,28.1,233.7,1.3,0,998.6,1002.8,49.8,,
763,2020-06-03 17:00,26.3,263.1,3.2,0,998.5,1002.8,67.1,,
763,2020-06-03 18:00,25.2,242.2,1.9,0,998.4,1002.7,70.2,,
763,2020-06-03 19:00,23.4,261.7,1.8,0,998.7,1003,78.4,,
763,2020-06-03 20:00,22.1,306.8,.5,0,999.3,1003.6,85.1,,
763,2020-06-03 21:00,20.6,0,.1,0,1000.2,1004.6,94.4,,
763,2020-06-03 22:00,20.3,0,.1,0,1000.5,1004.9,95.2,,
763,2020-06-03 23:00,20.9,0,.1,0,1000.2,1004.6,95.8,,
763,2020-06-04 00:00,22.4,0,.3,0,1000.2,1004.5,85.4,,
763,2020-06-04 01:00,21.9,224.6,.5,0,1000.2,1004.6,89,,
763,2020-06-04 02:00,22.2,212.1,.8,0,1000.2,1004.5,87.9,,
763,2020-06-04 03:00,22,0,.3,0,1000,1004.4,89.3,,
763,2020-06-04 04:00,21.6,261.8,.7,0,1000.2,1004.6,93.1,,
763,2020-06-04 05:00,21.3,0,.1,0,1000.1,1004.5,93.3,,
763,2020-06-04 06:00,21.1,0,0,0,1000.4,1004.8,95.2,,
763,2020-06-04 07:00,21.8,246,.5,0,1000.6,1005,91,,
763,2020-06-04 08:00,22.1,284.2,1.5,0,1001,1005.4,83.9,,
763,2020-06-04 09:00,22.6,262.9,1.2,0,1001.3,1005.6,78.8,,
763,2020-06-04 10:00,23.9,298,.8,0,1000.8,1005.1,75.2,,
763,2020-06-04 11:00,26.3,230.8,.9,0,1000.7,1005,63.4,,
763,2020-06-04 12:00,27.5,263.6,2.1,0,1000.4,1004.7,59.6,,
763,2020-06-04 13:00,28.1,253.2,1.9,0,1000.1,1004.4,57.5,,
763,2020-06-04 14:00,29.4,247.1,1.8,0,999.8,1004,54.6,,
763,2020-06-04 15:00,29.1,249.7,1.9,0,999.6,1003.8,54.6,,
763,2020-06-04 16:00,28.5,280.4,2.8,0,999.6,1003.8,61.1,,
763,2020-06-04 17:00,26.1,284.1,3.6,0,1000.1,1004.4,69.1,,
763,2020-06-04 18:00,24.6,277.8,2.2,0,1000.3,1004.6,79.1,,
763,2020-06-04 19:00,23,286.3,2.1,0,1000.9,1005.2,85.8,,
763,2020-06-04 20:00,22.4,0,.4,0,1001.3,1005.6,86.5,,
763,2020-06-04 21:00,22.3,0,.3,0,1001.8,1006.2,86.7,,
763,2020-06-04 22:00,22,256.4,1,0,1002.7,1007.1,86.4,,
763,2020-06-04 23:00,21.9,269.4,1,0,1003.2,1007.6,86.6,,
763,2020-06-05 00:00,21.7,247.1,1.2,0,1003.4,1007.8,89.1,,
763,2020-06-05 01:00,21.9,236.1,1,0,1003.2,1007.6,88.1,,
763,2020-06-05 02:00,21.7,240.9,.9,0,1003.4,1007.8,89.7,,
763,2020-06-05 03:00,21.6,0,.2,0,1002.9,1007.3,90.5,,
763,2020-06-05 04:00,21.7,0,.2,0,1002.7,1007.1,88.4,,
763,2020-06-05 05:00,21.5,0,.2,0,1003,1007.4,90.5,,
763,2020-06-05 06:00,21.6,237,.5,0,1003.3,1007.7,90.1,,
763,2020-06-05 07:00,21.8,0,.3,0,1003.4,1007.8,89.2,,
763,2020-06-05 08:00,22.2,226,.5,0,1003.8,1008.2,86.7,,
763,2020-06-05 09:00,23.2,0,.3,0,1004,1008.3,83.3,,
763,2020-06-05 10:00,23.5,291.8,.6,0,1003.8,1008.1,85.1,,
763,2020-06-05 11:00,24.4,281.3,1.4,0,1003.6,1007.9,76.3,,
763,2020-06-05 12:00,26.5,309.3,1.4,0,1003.1,1007.4,69.2,,
763,2020-06-05 13:00,27.1,276.4,1.8,0,1002.9,1007.2,67.3,,
763,2020-06-05 14:00,28.1,281.5,1.6,0,1002.5,1006.8,62.5,,
763,2020-06-05 15:00,28.2,267.6,2.3,0,1002.2,1006.5,61.4,,
763,2020-06-05 16:00,28.1,279.8,1.9,0,1001.8,1006.1,59.8,,
763,2020-06-05 17:00,27.2,254.4,1.6,0,1001.8,1006.1,67.1,,
763,2020-06-05 18:00,25.6,282.5,2,0,1002.4,1006.7,70.3,,
763,2020-06-05 19:00,24.1,250.2,1.3,0,1002.7,1007,76.4,,
763,2020-06-05 20:00,22.1,256,1.5,0,1003.7,1008.1,85.8,,
763,2020-06-05 21:00,21.1,217.9,.6,0,1004.3,1008.7,90.4,,
763,2020-06-05 22:00,20.7,0,.4,0,1005.2,1009.6,91.6,,
763,2020-06-05 23:00,20.1,0,.4,0,1004.9,1009.3,90.8,,
763,2020-06-06 00:00,20.1,0,0,0,1004.5,1008.9,92.7,,
763,2020-06-06 01:00,19.8,289.8,1,0,1004.9,1009.3,94.3,,
763,2020-06-06 02:00,19.8,0,.2,0,1004.6,1009,94.6,,
763,2020-06-06 03:00,19.7,0,.2,0,1004.4,1008.8,95,,
763,2020-06-06 04:00,19.6,332,.5,0,1004.2,1008.6,96.3,,
763,2020-06-06 05:00,19.7,0,.1,0,1004,1008.4,96.5,,
763,2020-06-06 06:00,19.7,0,.3,0,1004,1008.4,97.1,,
763,2020-06-06 07:00,20.1,351.6,.8,0,1003.9,1008.3,96.2,,
763,2020-06-06 08:00,21,344.9,.8,0,1004.2,1008.6,92.4,,
763,2020-06-06 09:00,23.1,34.4,.9,0,1004.1,1008.4,81.8,,
763,2020-06-06 10:00,25.5,23,1.3,0,1004.1,1008.4,71.7,,
763,2020-06-06 11:00,27.3,329.8,.9,0,1004,1008.3,68.4,,
763,2020-06-06 12:00,28.8,294.6,1.1,0,1003.5,1007.8,62.1,,
763,2020-06-06 13:00,29.1,276.2,1.7,0,1002.9,1007.1,59.7,,
763,2020-06-06 14:00,28.8,279.7,2.4,0,1002.8,1007.1,56.3,,
763,2020-06-06 15:00,28.6,279.9,3.5,0,1002.8,1007.1,60.1,,
763,2020-06-06 16:00,26.3,264.1,3.5,0,1002.9,1007.2,68.1,,
763,2020-06-06 17:00,25,225.4,1.9,0,1003.5,1007.8,67.2,,
763,2020-06-06 18:00,23.8,247.8,1.5,0,1004.1,1008.4,74.3,,
763,2020-06-06 19:00,21.4,220,.5,0,1004.9,1009.3,80.5,,
763,2020-06-06 20:00,20.6,0,.4,0,1005.8,1010.2,82.2,,
763,2020-06-06 21:00,20.7,183.3,.7,0,1006.3,1010.7,83.9,,
763,2020-06-06 22:00,20.8,0,.2,0,1007.1,1011.5,83.4,,
763,2020-06-06 23:00,20.6,0,.1,0,1006.8,1011.2,85.4,,
763,2020-06-07 00:00,20.3,313.9,.6,0,1007.3,1011.7,87.4,,
763,2020-06-07 01:00,20.1,293.5,.5,0,1007,1011.4,87.6,,
763,2020-06-07 02:00,19.7,18.4,.5,0,1007.1,1011.5,90.7,,
763,2020-06-07 03:00,19.6,0,0,0,1007.4,1011.8,90.9,,
763,2020-06-07 04:00,19.6,0,.4,0,1007.9,1012.3,91.5,,
763,2020-06-07 05:00,19.6,0,.1,0,1008.2,1012.6,91.1,,
763,2020-06-07 06:00,19.7,0,.3,0,1008.4,1012.8,90.8,,
763,2020-06-07 07:00,20,0,.2,0,1008.6,1013,89.3,,
763,2020-06-07 08:00,20.8,28.8,.9,0,1008.9,1013.3,85,,
763,2020-06-07 09:00,22.3,78,.7,0,1008.9,1013.3,78.8,,
763,2020-06-07 10:00,24.5,25.3,1.2,0,1008.7,1013,70.1,,
763,2020-06-07 11:00,25.5,338.2,1.1,0,1008.2,1012.5,66.1,,
763,2020-06-07 12:00,26.7,313.4,1.2,0,1007.7,1012,60.2,,
763,2020-06-07 13:00,27.6,279.8,1.5,0,1007.1,1011.4,55.6,,
763,2020-06-07 14:00,27.6,333.4,1,0,1007.1,1011.4,55.6,,
763,2020-06-07 15:00,29.3,299.5,1.1,0,1006.5,1010.8,50.8,,
763,2020-06-07 16:00,27.9,265.7,2.5,0,1006.6,1010.9,60.4,,
763,2020-06-07 17:00,25.8,279,3.2,0,1006.7,1011,61.9,,
763,2020-06-07 18:00,24.4,269.1,2.2,0,1007,1011.3,65.8,,
763,2020-06-07 19:00,23.5,234.3,.9,0,1007.3,1011.6,66.3,,
763,2020-06-07 20:00,22.2,222.1,.6,0,1007.7,1012.1,70.1,,
763,2020-06-07 21:00,21.4,0,.2,0,1008.5,1012.9,67.8,,
763,2020-06-07 22:00,19.5,0,0,0,1009.4,1013.8,82.6,,
763,2020-06-07 23:00,19,0,.1,0,1009.6,1014,83.7,,
763,2020-06-08 00:00,19,0,.1,0,1009.8,1014.2,80.3,,
763,2020-06-08 01:00,17.5,0,0,0,1010.1,1014.6,88.2,,
763,2020-06-08 02:00,17.1,0,0,0,1010.4,1014.9,88.6,,
763,2020-06-08 03:00,17,0,0,0,1010.5,1015,86.2,,
763,2020-06-08 04:00,16.5,0,0,0,1010.4,1014.9,91.8,,
763,2020-06-08 05:00,16.6,0,.1,0,1010.6,1015.1,90.4,,
763,2020-06-08 06:00,16.7,0,0,0,1010.8,1015.3,90.6,,
763,2020-06-08 07:00,19.2,0,0,0,1011.3,1015.7,77.6,,
763,2020-06-08 08:00,21.8,0,.4,0,1011.4,1015.8,68,,
763,2020-06-08 09:00,23.6,357,1.1,0,1011.4,1015.8,66.3,,
763,2020-06-08 10:00,26.4,28.1,1.2,0,1011.2,1015.5,56.8,,
763,2020-06-08 11:00,27.8,58.7,1.6,0,1010.8,1015.1,51.5,,
763,2020-06-08 12:00,29.5,11,1.2,0,1010.5,1014.8,48,,
763,2020-06-08 13:00,30.2,39.2,1.4,0,1010,1014.3,48.9,,
763,2020-06-08 14:00,31,296.2,1.8,0,1009.4,1013.7,44.7,,
763,2020-06-08 15:00,31.8,282.2,1.8,0,1009.3,1013.6,40.9,,
763,2020-06-08 16:00,32,340.7,1.3,0,1009.3,1013.6,42.2,,
763,2020-06-08 17:00,31.3,309.9,2,0,1009.3,1013.6,42.7,,
763,2020-06-08 18:00,30.4,281.1,1.9,0,1009.4,1013.7,46,,
763,2020-06-08 19:00,29,275.9,2.1,0,1009.7,1014,47.5,,
763,2020-06-08 20:00,26.1,0,.2,0,1010.2,1014.5,65.1,,
763,2020-06-08 21:00,24,0,.3,0,1010.9,1015.2,71.9,,
763,2020-06-08 22:00,22.6,0,.4,0,1011.6,1016,78.1,,
763,2020-06-08 23:00,22.2,0,0,0,1012.3,1016.7,79.5,,
763,2020-06-09 00:00,20.7,0,0,0,1012.6,1017,87.2,,
763,2020-06-09 01:00,20.4,0,0,0,1012,1016.4,87.1,,
763,2020-06-09 02:00,20,0,0,0,1011.6,1016.1,87.1,,
763,2020-06-09 03:00,18.7,0,0,0,1011.1,1015.5,93.6,,
763,2020-06-09 04:00,18,0,0,0,1011.1,1015.6,95.4,,
763,2020-06-09 05:00,17.7,0,0,0,1011.5,1016,95.5,,
763,2020-06-09 06:00,18.4,,,0,1011.9,1016.4,95.3,,
763,2020-06-09 07:00,20.7,112.4,.6,0,1011.9,1016.3,86.1,,
763,2020-06-09 08:00,23.6,282.6,1.1,0,1011.9,1016.3,75.5,,
763,2020-06-09 09:00,26.4,353,.6,0,1011.3,1015.6,62.4,,
763,2020-06-09 10:00,27.9,267.5,1.3,0,1011,1015.3,54.1,,
763,2020-06-09 11:00,30.1,340.7,1.4,0,1010.7,1015,45.1,,
763,2020-06-09 12:00,31.1,359.7,1.6,0,1010.6,1014.9,45.1,,
763,2020-06-09 13:00,31.7,85.5,1.8,0,1010,1014.3,41.5,,
763,2020-06-09 14:00,32.5,328,1.3,0,1009.1,1013.3,40.9,,
763,2020-06-09 15:00,33.5,306.3,1.6,0,1008.7,1012.9,37.8,,
763,2020-06-09 16:00,32.3,277.6,1.3,0,1008.3,1012.5,39.7,,
763,2020-06-09 17:00,31.3,271.7,3,0,1008.5,1012.8,45.7,,
763,2020-06-09 18:00,30.9,282.9,1.7,0,1008.2,1012.5,45.3,,
763,2020-06-09 19:00,29.6,281.4,1.4,0,1008.6,1012.9,51.6,,
763,2020-06-09 20:00,28.2,239.6,1,0,1009.2,1013.5,54.3,,
763,2020-06-09 21:00,26.4,0,.4,0,1010.3,1014.6,56.6,,
763,2020-06-09 22:00,25,127,.8,0,1010.7,1015.1,60.4,,
763,2020-06-09 23:00,24.6,105.2,.6,0,1010.6,1014.9,61,,
763,2020-06-10 00:00,23.6,0,.1,0,1010.5,1014.9,64.9,,
763,2020-06-10 01:00,21.7,0,0,0,1009.8,1014.2,73.5,,
763,2020-06-10 02:00,20.7,0,0,0,1009.2,1013.6,79.8,,
763,2020-06-10 03:00,20.1,0,0,0,1009.1,1013.5,82.8,,
763,2020-06-10 04:00,20.3,0,.4,0,1008.8,1013.2,80,,
763,2020-06-10 05:00,19.4,0,0,0,1008.6,1013,84.6,,
763,2020-06-10 06:00,19.8,0,0,0,1008.5,1012.9,87.5,,
763,2020-06-10 07:00,22.8,0,.3,0,1008.4,1012.8,69.7,,
763,2020-06-10 08:00,26.2,18.3,.8,0,1007.9,1012.2,60.3,,
763,2020-06-10 09:00,28,16.8,1,0,1007.3,1011.6,54.4,,
763,2020-06-10 10:00,29.6,6.9,1.2,0,1006.5,1010.8,52.3,,
763,2020-06-10 11:00,30.6,332.3,.6,0,1005.6,1009.9,50.7,,
763,2020-06-10 12:00,31.6,28.1,1.3,0,1004.9,1009.1,45.8,,
763,2020-06-10 13:00,31.7,347.4,1.4,0,1004.1,1008.3,49.8,,
763,2020-06-10 14:00,31.2,302.3,1.7,0,1003.1,1007.3,48.3,,
763,2020-06-10 15:00,33.5,217.6,.9,0,1002.2,1006.4,43.8,,
763,2020-06-10 16:00,30,268.1,3.3,0,1001.9,1006.1,56.4,,
763,2020-06-10 17:00,27.5,258.7,3,0,1002.2,1006.5,65.7,,
763,2020-06-10 18:00,26,268.5,1.4,0,1002.4,1006.7,70.3,,
763,2020-06-10 19:00,22.9,268.4,1.5,2,1003.1,1007.4,94.3,,
763,2020-06-10 20:00,22.3,0,.4,2,1003,1007.4,97.6,,
763,2020-06-10 21:00,22.1,127,1,2,1002.7,1007.1,96.6,,
763,2020-06-10 22:00,22,27.9,1.8,2,1002.1,1006.5,99.1,,
763,2020-06-10 23:00,21.8,27.4,1.6,10.5,1001.4,1005.8,99.4,,
763,2020-06-11 00:00,21.1,66.3,2,20.5,1001.7,1006.1,99.3,,
763,2020-06-11 01:00,20.8,114.5,.6,2,1001.3,1005.7,99.5,,
763,2020-06-11 02:00,21,0,0,0,1000.4,1004.8,99.6,,
763,2020-06-11 03:00,21,0,.4,.5,1000,1004.4,99.3,,
763,2020-06-11 04:00,20.9,13.9,.6,.5,999.8,1004.2,99.8,,
763,2020-06-11 05:00,20.6,105.8,.5,1.5,999.6,1004,99.9,,
763,2020-06-11 06:00,20.8,0,.2,1,999.7,1004.1,99.9,,
763,2020-06-11 07:00,21,0,.4,0,1000,1004.4,99.8,,
763,2020-06-11 08:00,21.9,44.7,.8,0,1000.1,1004.5,97.2,,
763,2020-06-11 09:00,23.1,24.5,2.2,0,1000.1,1004.4,89.2,,
763,2020-06-11 10:00,25.7,26.2,1.3,0,999.8,1004.1,78.7,,
763,2020-06-11 11:00,25.9,3.7,1.9,0,999.7,1004,76.1,,
763,2020-06-11 12:00,25.5,6.4,1.8,0,999.9,1004.2,79.3,,
763,2020-06-11 13:00,27.1,80.5,1.9,0,999.1,1003.4,71.9,,
763,2020-06-11 14:00,28.1,75.5,2.1,0,998.4,1002.6,62.7,,
763,2020-06-11 15:00,28.7,360,1.6,0,998.2,1002.4,61,,
763,2020-06-11 16:00,29.1,63.5,1.7,0,997.7,1001.9,59.5,,
763,2020-06-11 17:00,29.2,308.6,1.1,0,997.7,1001.9,60,,
763,2020-06-11 18:00,29.6,343.4,.8,0,997.8,1002,59.9,,
763,2020-06-11 19:00,28.3,281.2,1,0,998.3,1002.5,69.4,,
763,2020-06-11 20:00,26.6,267,.9,0,999.1,1003.4,78.4,,
763,2020-06-11 21:00,24.3,0,0,0,1000,1004.3,93.2,,
763,2020-06-11 22:00,24.6,0,0,0,1000.8,1005.1,91.4,,
763,2020-06-11 23:00,24.4,0,.3,0,1001,1005.3,93.5,,
763,2020-06-12 00:00,23.7,0,0,0,1000.9,1005.2,93.6,,
763,2020-06-12 01:00,23.1,0,.2,0,1000.7,1005,95.7,,
763,2020-06-12 02:00,23,0,.1,0,1000.9,1005.2,95.5,,
763,2020-06-12 03:00,22.4,0,.2,0,1000.4,1004.7,96.7,,
763,2020-06-12 04:00,22.2,0,0,0,1000.2,1004.5,96.9,,
763,2020-06-12 05:00,21.6,0,0,0,1000.3,1004.7,98.2,,
763,2020-06-12 06:00,21.8,0,.2,0,1001,1005.4,97.8,,
763,2020-06-12 07:00,22.6,0,.1,0,1001.3,1005.6,93.6,,
763,2020-06-12 08:00,23.8,0,.4,0,1001.8,1006.1,86.8,,
763,2020-06-12 09:00,24.5,266.7,.7,0,1002.1,1006.4,82.1,,
763,2020-06-12 10:00,24.1,263.6,1.7,0,1002.6,1006.9,84.1,,
763,2020-06-12 11:00,24.1,283.1,.7,0,1002.3,1006.6,85.7,,
763,2020-06-12 12:00,24,259,1.5,0,1002.6,1006.9,86.5,,
763,2020-06-12 13:00,23.7,0,.3,0,1001.5,1005.8,86,,
763,2020-06-12 14:00,23.8,0,.4,0,1001.1,1005.4,88,,
763,2020-06-12 15:00,23.9,297.7,1.1,0,1001.3,1005.6,85.3,,
763,2020-06-12 16:00,24.4,342.3,.6,0,1001,1005.3,82.4,,
763,2020-06-12 17:00,24.7,0,.3,0,1000.5,1004.8,79.9,,
763,2020-06-12 18:00,24.4,0,.4,0,1000.5,1004.8,84.7,,
763,2020-06-12 19:00,23.8,0,.3,0,1000.9,1005.2,90.4,,
763,2020-06-12 20:00,22.9,0,0,.5,1000.8,1005.1,97.7,,
763,2020-06-12 21:00,22.5,0,0,0,1001.3,1005.6,98.8,,
763,2020-06-12 22:00,22.5,114.2,.6,1,1000.9,1005.2,99.4,,
763,2020-06-12 23:00,22.4,0,0,1,1000.8,1005.1,99.8,,
763,2020-06-13 00:00,22.2,0,0,2,1000.7,1005,99.9,,
763,2020-06-13 01:00,21.9,0,0,2.5,1000.4,1004.8,99.9,,
763,2020-06-13 02:00,22.3,0,0,1.5,999.6,1003.9,99.9,,
763,2020-06-13 03:00,21.6,349.2,.6,1,999,1003.4,99.9,,
763,2020-06-13 04:00,21.6,0,.3,.5,999.7,1004.1,99.4,,
763,2020-06-13 05:00,21.2,44.2,1,1,1000.4,1004.8,99.6,,
763,2020-06-13 06:00,21.2,0,.3,0,1000.7,1005.1,99.8,,
763,2020-06-13 07:00,21.5,0,.2,0,1001.1,1005.5,99.7,,
763,2020-06-13 08:00,21.8,0,.2,0,1001.8,1006.2,98.7,,
763,2020-06-13 09:00,22.3,0,.1,0,1001.8,1006.2,96.9,,
763,2020-06-13 10:00,22.9,0,0,0,1001.7,1006,94.2,,
763,2020-06-13 11:00,25.7,28.1,1,0,1002,1006.3,81.7,,
763,2020-06-13 12:00,26.7,288.4,.8,0,1001.4,1005.7,77.7,,
763,2020-06-13 13:00,27.5,250.7,.9,0,1001.2,1005.5,73.2,,
763,2020-06-13 14:00,26.4,0,.2,0,1000.7,1005,82.2,,
763,2020-06-13 15:00,27.8,75.7,1.5,0,999.3,1003.6,72.3,,
763,2020-06-13 16:00,28.4,226.4,.8,0,999.5,1003.7,68.8,,
763,2020-06-13 17:00,26.9,212,.7,0,1000,1004.3,76.5,,
763,2020-06-13 18:00,24.7,0,.4,1,1000.3,1004.6,92.7,,
763,2020-06-13 19:00,24.5,0,0,1,1000.6,1004.9,95.2,,
763,2020-06-13 20:00,24.3,252.6,1.4,1.5,1000.9,1005.2,98.2,,
763,2020-06-13 21:00,23.9,251.1,1.4,0,1001,1005.3,98.1,,
763,2020-06-13 22:00,23.8,201.9,.8,1,1001,1005.3,98,,
763,2020-06-13 23:00,23.6,205.8,.7,0,1001.2,1005.5,98.6,,
763,2020-06-14 00:00,23.5,251.8,2.2,2,1000.8,1005.1,98.5,,
763,2020-06-14 01:00,23.2,243.3,1.1,2.5,1000.4,1004.7,99.2,,
763,2020-06-14 02:00,23,236.5,1.4,2,999.9,1004.2,99.2,,
763,2020-06-14 03:00,22.6,254.8,1.6,13,999.7,1004,99.4,,
763,2020-06-14 04:00,22.3,255.2,1.3,11,999.5,1003.8,99.2,,
763,2020-06-14 05:00,22.1,257.8,1.1,10,999.4,1003.7,99.3,,
763,2020-06-14 06:00,22.1,0,.1,12.5,999.4,1003.7,99.8,,
763,2020-06-14 07:00,21.8,0,.4,15,999.5,1003.9,99.9,,
763,2020-06-14 08:00,21.9,0,0,7.5,999.7,1004.1,99.9,,
763,2020-06-14 09:00,22.6,0,.1,1,999.5,1003.8,99.9,,
763,2020-06-14 10:00,23.4,270.4,1.3,0,1000,1004.3,95.4,,
763,2020-06-14 11:00,24,291.6,.9,0,1000.4,1004.7,91.4,,
763,2020-06-14 12:00,24.4,263.7,1.5,0,1000.8,1005.1,89.6,,
763,2020-06-14 13:00,25.5,261.3,2,0,1000.7,1005,82.7,,
763,2020-06-14 14:00,25.2,249,2.2,0,1000.8,1005.1,81.2,,
763,2020-06-14 15:00,25.6,248.8,2.3,0,1001.1,1005.4,60.9,,
763,2020-06-14 16:00,25.3,249.7,2.2,0,1001.7,1006,53.9,,
763,2020-06-14 17:00,24.3,246.7,1.9,0,1001.8,1006.1,60.7,,
763,2020-06-14 18:00,24.6,244.2,1,0,1002.4,1006.7,68.3,,
763,2020-06-14 19:00,23.1,239.7,1.4,0,1003,1007.3,74.9,,
763,2020-06-14 20:00,21.7,0,.3,0,1002.8,1007.2,87.5,,
763,2020-06-14 21:00,21.5,0,0,0,1003.5,1007.9,91.5,,
763,2020-06-14 22:00,21.5,274.6,2.8,0,1004.3,1008.7,91.9,,
763,2020-06-14 23:00,20.9,237.2,1,0,1004.8,1009.2,92,,
763,2020-06-15 00:00,20.4,0,.3,0,1004.8,1009.2,93.6,,
763,2020-06-15 01:00,20.2,0,.4,0,1004.8,1009.2,95.1,,
763,2020-06-15 02:00,19.3,0,0,0,1004.7,1009.1,94.8,,
763,2020-06-15 03:00,17.7,0,0,0,1004.7,1009.1,97.5,,
763,2020-06-15 04:00,16.8,0,0,0,1004.8,1009.3,99.6,,
763,2020-06-15 05:00,16.8,0,.1,0,1004.8,1009.3,99.9,,
763,2020-06-15 06:00,18.5,0,0,0,1004.8,1009.2,99.6,,
763,2020-06-15 07:00,19.5,0,.1,0,1005,1009.4,93.5,,
763,2020-06-15 08:00,20.9,0,.3,0,1005.1,1009.5,86.6,,
763,2020-06-15 09:00,21.9,206.6,.5,0,1005.1,1009.5,78.4,,
763,2020-06-15 10:00,22.8,230,.7,0,1004.5,1008.9,69,,
763,2020-06-15 11:00,24.4,161.2,.8,0,1004.2,1008.5,65.2,,
763,2020-06-15 12:00,26.2,222.7,1,0,1004,1008.3,57.4,,
763,2020-06-15 13:00,26.8,253.8,1.7,0,1003.4,1007.7,58.7,,
763,2020-06-15 14:00,27,231.3,1.5,0,1002.9,1007.2,55.7,,
763,2020-06-15 15:00,26.7,287.8,2.5,0,1002.5,1006.8,51.2,,
763,2020-06-15 16:00,26.8,261.9,1.8,0,1002.4,1006.7,52.4,,
763,2020-06-15 17:00,26,254.1,1.9,0,1002.3,1006.6,50.3,,
763,2020-06-15 18:00,24.8,243.8,1.6,0,1002.4,1006.7,54.4,,
763,2020-06-15 19:00,23.2,251.7,1.2,0,1002.9,1007.2,70.7,,
763,2020-06-15 20:00,21.3,0,.3,0,1002.9,1007.3,75.3,,
763,2020-06-15 21:00,19.9,0,0,0,1003.2,1007.6,84,,
763,2020-06-15 22:00,19.5,0,.1,0,1003.8,1008.2,87.3,,
763,2020-06-15 23:00,19,0,.4,0,1004,1008.4,91,,
763,2020-06-16 00:00,19,0,.2,0,1003.8,1008.2,93.6,,
763,2020-06-16 01:00,19.9,0,.1,0,1003.7,1008.1,87.6,,
763,2020-06-16 02:00,19.7,0,.1,0,1003.1,1007.5,86.7,,
763,2020-06-16 03:00,20.1,0,.1,0,1003.2,1007.6,81,,
763,2020-06-16 04:00,20.1,0,.1,0,1002.5,1006.9,79.5,,
763,2020-06-16 05:00,19.9,0,.2,0,1003,1007.4,83.3,,
763,2020-06-16 06:00,20,0,0,0,1003,1007.4,87.2,,
763,2020-06-16 07:00,20.4,0,.3,0,1003.4,1007.8,85.3,,
763,2020-06-16 08:00,21.9,0,.3,0,1003.7,1008.1,83.3,,
763,2020-06-16 09:00,22.3,209.6,.5,0,1003.3,1007.7,76.2,,
763,2020-06-16 10:00,24,208.7,.6,0,1003.2,1007.5,70.1,,
763,2020-06-16 11:00,25,291.5,1.5,0,1003.1,1007.4,62.2,,
763,2020-06-16 12:00,26,157.1,1.2,0,1002.6,1006.9,61.4,,
763,2020-06-16 13:00,27.1,236.3,1.1,0,1002.3,1006.6,55.5,,
763,2020-06-16 14:00,27.2,298,.8,0,1001.6,1005.9,54.5,,
763,2020-06-16 15:00,27.8,261.6,.9,0,1001.3,1005.6,55.1,,
763,2020-06-16 16:00,27.3,268.7,2,0,1001.3,1005.6,56,,
763,2020-06-16 17:00,26.8,257.3,1.8,0,1001,1005.3,59.8,,
763,2020-06-16 18:00,26.4,274.9,1.7,0,1001,1005.3,62.3,,
763,2020-06-16 19:00,25.2,249.8,1.2,0,1001.6,1005.9,64.3,,
763,2020-06-16 20:00,23.2,0,0,0,1001.7,1006,72.6,,
763,2020-06-16 21:00,22.1,0,.3,0,1002.5,1006.9,73.4,,
763,2020-06-16 22:00,22.1,0,.1,0,1002.7,1007.1,67.8,,
763,2020-06-16 23:00,20,0,0,0,1002.6,1007,83.6,,
763,2020-06-17 00:00,19.5,0,0,0,1002.4,1006.8,88.1,,
763,2020-06-17 01:00,19.2,0,0,0,1001.8,1006.2,93.3,,
763,2020-06-17 02:00,19,0,.2,0,1001.8,1006.2,94.6,,
763,2020-06-17 03:00,18.6,0,0,0,1002.1,1006.5,96.9,,
763,2020-06-17 04:00,18.6,0,.3,0,1002.1,1006.5,98.1,,
763,2020-06-17 05:00,18.2,0,0,0,1002.5,1006.9,98.7,,
763,2020-06-17 06:00,18.5,0,.1,0,1002.4,1006.8,98.8,,
763,2020-06-17 07:00,19.4,0,0,0,1002.6,1007,95.4,,
763,2020-06-17 08:00,21.1,98.4,.6,0,1002.5,1006.9,85.1,,
763,2020-06-17 09:00,23,0,.4,0,1001.9,1006.2,77.2,,
763,2020-06-17 10:00,24.1,0,.4,0,1002.2,1006.5,67.9,,
763,2020-06-17 11:00,24.6,112.2,.8,0,1002,1006.3,58.3,,
763,2020-06-17 12:00,24.8,0,.3,0,1002.1,1006.4,56.2,,
763,2020-06-17 13:00,25.4,272,.9,0,1001.6,1005.9,55.4,,
763,2020-06-17 14:00,24.8,283,1.4,0,1001.5,1005.8,59,,
763,2020-06-17 15:00,25.1,269.9,1.2,0,1001.3,1005.6,59.8,,
763,2020-06-17 16:00,24.4,283.8,2.4,0,1001.3,1005.6,65.5,,
763,2020-06-17 17:00,24,284.3,1.7,0,1001.3,1005.6,63.9,,
763,2020-06-17 18:00,22.9,285.9,1.8,0,1001.5,1005.8,67.5,,
763,2020-06-17 19:00,22.5,278.3,.5,0,1001.7,1006,70.9,,
763,2020-06-17 20:00,21.7,0,.2,0,1002.5,1006.9,76.7,,
763,2020-06-17 21:00,20.8,0,.1,0,1002.8,1007.2,80.7,,
763,2020-06-17 22:00,21.1,0,0,0,1002.8,1007.2,84.5,,
763,2020-06-17 23:00,20.7,224.6,.6,0,1002.2,1006.6,88.1,,
763,2020-06-18 00:00,20.3,0,.1,0,1002.1,1006.5,89.2,,
763,2020-06-18 01:00,19.5,0,.4,0,1001.6,1006,95.4,,
763,2020-06-18 02:00,19,0,.2,0,1001.1,1005.5,95.7,,
763,2020-06-18 03:00,19,0,.1,0,1000.5,1004.9,97.1,,
763,2020-06-18 04:00,18.9,0,.1,0,1000,1004.4,97.9,,
763,2020-06-18 05:00,18.9,0,.3,.5,999.5,1003.9,98.4,,
763,2020-06-18 06:00,18.8,0,.1,0,999.8,1004.2,99.5,,
763,2020-06-18 07:00,19.2,0,0,.5,999.6,1004,99.3,,
763,2020-06-18 08:00,19.5,0,.2,0,999.2,1003.6,99.1,,
763,2020-06-18 09:00,20.2,35.1,1.3,0,999.2,1003.6,97.4,,
763,2020-06-18 10:00,20.8,30,1.7,0,998.8,1003.2,90,,
763,2020-06-18 11:00,21.1,25.5,1.8,.5,999.9,1004.3,87.5,,
763,2020-06-18 12:00,21.1,84.1,1.3,0,999,1003.4,84.1,,
763,2020-06-18 13:00,20.8,83.6,1.2,.5,998.7,1003.1,90.2,,
763,2020-06-18 14:00,21.5,0,.2,.5,998.4,1002.8,82,,
763,2020-06-18 15:00,21.5,318.3,1,0,997.4,1001.8,81.9,,
763,2020-06-18 16:00,20.7,13.4,1.1,0,997,1001.4,87.8,,
763,2020-06-18 17:00,21,28.7,2.3,0,997.1,1001.5,81.4,,
763,2020-06-18 18:00,21,56.6,1.6,.5,996.9,1001.3,80.9,,
763,2020-06-18 19:00,20.9,81.6,1.5,0,998.2,1002.6,74.6,,
763,2020-06-18 20:00,20.6,109.2,1.3,0,998.1,1002.5,73.8,,
763,2020-06-18 21:00,19.8,325.2,.6,0,997.8,1002.2,80.4,,
763,2020-06-18 22:00,19.9,355.4,1.5,0,998.3,1002.7,77.6,,
763,2020-06-18 23:00,20.1,35.4,1.2,0,998.6,1003,76.1,,
763,2020-06-19 00:00,20,18,.8,0,998.6,1003,76.8,,
763,2020-06-19 01:00,19.9,38.4,1,0,998.7,1003.1,80.2,,
763,2020-06-19 02:00,20,19.8,1.6,0,998.8,1003.2,75.6,,
763,2020-06-19 03:00,19.8,73.6,.9,0,999,1003.4,75.5,,
763,2020-06-19 04:00,18.5,0,.1,0,999.4,1003.8,87.4,,
763,2020-06-19 05:00,18.6,0,0,0,1000,1004.4,85.6,,
763,2020-06-19 06:00,17.8,203.1,.6,0,1000.5,1004.9,95.2,,
763,2020-06-19 07:00,20.1,31.8,.8,0,1000.9,1005.3,82.1,,
763,2020-06-19 08:00,22.1,350.5,.8,0,1001.4,1005.8,72.2,,
763,2020-06-19 09:00,23.2,31.4,2.1,0,1001.9,1006.2,62.2,,
763,2020-06-19 10:00,24.5,75.1,1.6,0,1001.9,1006.2,60.5,,
763,2020-06-19 11:00,25.6,17.7,1.8,0,1002,1006.3,55,,
763,2020-06-19 12:00,25.4,330.9,1.9,0,1002.4,1006.7,57.9,,
763,2020-06-19 13:00,27.1,1.2,1.5,0,1002.5,1006.8,55.7,,
763,2020-06-19 14:00,27.2,123.1,.9,0,1002.5,1006.8,53.8,,
763,2020-06-19 15:00,28.7,347.7,1.6,0,1002.5,1006.8,49.5,,
763,2020-06-19 16:00,26.7,278.9,3.2,0,1002.6,1006.9,65.4,,
763,2020-06-19 17:00,25.5,263.6,3,0,1002.8,1007.1,64.6,,
763,2020-06-19 18:00,24.8,271.7,2.6,0,1003.2,1007.5,68.1,,
763,2020-06-19 19:00,24.2,240.5,.8,0,1004.3,1008.6,67.6,,
763,2020-06-19 20:00,22.5,0,.1,0,1004.8,1009.2,80.2,,
763,2020-06-19 21:00,21,0,0,0,1005.2,1009.6,90.6,,
763,2020-06-19 22:00,20.3,0,0,0,1005.7,1010.1,92.6,,
763,2020-06-19 23:00,20.2,0,.2,0,1005.8,1010.2,93.6,,
763,2020-06-20 00:00,19.7,0,.2,0,1006.2,1010.6,95.7,,
763,2020-06-20 01:00,20.4,0,.3,0,1006.3,1010.7,87.9,,
763,2020-06-20 02:00,19.1,0,.2,0,1006.6,1011,95.8,,
763,2020-06-20 03:00,18.8,0,0,0,1006.8,1011.2,98.8,,
763,2020-06-20 04:00,18.3,0,.3,0,1007,1011.4,99.3,,
763,2020-06-20 05:00,18,0,0,0,1007.2,1011.6,99.7,,
763,2020-06-20 06:00,18.6,0,0,0,1007.3,1011.7,99.8,,
763,2020-06-20 07:00,20.1,0,0,0,1007.7,1012.1,95.3,,
763,2020-06-20 08:00,21.4,0,.3,0,1007.9,1012.3,88.2,,
763,2020-06-20 09:00,22.7,297,.8,0,1008.1,1012.5,83.8,,
763,2020-06-20 10:00,23.4,237.5,1,0,1008.1,1012.5,75.2,,
763,2020-06-20 11:00,24.1,266.8,.9,0,1007.9,1012.2,71.2,,
763,2020-06-20 12:00,24.8,275.5,1.1,0,1007.3,1011.6,69.3,,
763,2020-06-20 13:00,26.6,272.3,1.5,0,1006.9,1011.2,62.9,,
763,2020-06-20 14:00,26.4,283.4,2,0,1006.3,1010.6,67.8,,
763,2020-06-20 15:00,26.5,261,2,0,1006.1,1010.4,65.4,,
763,2020-06-20 16:00,26.9,281.1,1.7,0,1005.7,1010,65.5,,
763,2020-06-20 17:00,26.7,280,1.8,0,1005.2,1009.5,64.7,,
763,2020-06-20 18:00,25.7,265.2,2.2,0,1005,1009.3,68.2,,
763,2020-06-20 19:00,24.7,253.8,1.3,0,1005.2,1009.5,69.1,,
763,2020-06-20 20:00,23.8,229.6,.7,0,1005.6,1009.9,71.4,,
763,2020-06-20 21:00,22.5,0,.3,0,1005.7,1010.1,79,,
763,2020-06-20 22:00,21.4,0,.1,0,1005.9,1010.3,84.5,,
763,2020-06-20 23:00,20.8,0,0,0,1006,1010.4,93.3,,
763,2020-06-21 00:00,21.1,0,0,0,1006.1,1010.5,85.8,,
763,2020-06-21 01:00,20.9,0,0,0,1006,1010.4,86.5,,
763,2020-06-21 02:00,20.5,0,.1,0,1005.7,1010.1,88,,
763,2020-06-21 03:00,19.8,0,0,0,1005.5,1009.9,91.6,,
763,2020-06-21 04:00,18.2,0,0,0,1005.5,1009.9,96.3,,
763,2020-06-21 05:00,19,0,0,0,1005.8,1010.2,91.5,,
763,2020-06-21 06:00,18.4,0,0,0,1006,1010.4,97,,
763,2020-06-21 07:00,19.7,0,0,0,1005.7,1010.1,93.5,,
763,2020-06-21 08:00,22.1,1.9,.8,0,1005.1,1009.5,81.7,,
763,2020-06-21 09:00,23.4,348.4,1.3,0,1004.6,1008.9,80.6,,
763,2020-06-21 10:00,26.5,18.3,2.3,0,1004.4,1008.7,65.2,,
763,2020-06-21 11:00,28.3,.6,2.3,0,1003.9,1008.2,60.5,,
763,2020-06-21 12:00,29.2,26.3,1.9,0,1003.4,1007.6,56.3,,
763,2020-06-21 13:00,30.7,1.1,1.4,0,1002.9,1007.1,55.9,,
763,2020-06-21 14:00,30.9,8.6,2.3,0,1002.2,1006.4,51.7,,
763,2020-06-21 15:00,31.3,13.2,1.8,0,1001.8,1006,48.5,,
763,2020-06-21 16:00,31.6,3.3,1.6,0,1001.3,1005.5,47.8,,
763,2020-06-21 17:00,30.7,33.2,1.5,0,1000.9,1005.1,47,,
763,2020-06-21 18:00,30.5,84.1,1.5,0,1001,1005.2,48.7,,
763,2020-06-21 19:00,28.6,0,.4,0,1001.4,1005.7,61,,
763,2020-06-21 20:00,25.2,118.1,.9,0,1003,1007.3,67.6,,
763,2020-06-21 21:00,23.4,127,.6,0,1003.9,1008.2,72.4,,
763,2020-06-21 22:00,22.6,0,.4,0,1004.5,1008.9,74,,
763,2020-06-21 23:00,22.3,0,.2,0,1004.7,1009.1,74.9,,
763,2020-06-22 00:00,20.9,0,.4,0,1004,1008.4,83.8,,
763,2020-06-22 01:00,20,0,.1,0,1003.7,1008.1,89.6,,
763,2020-06-22 02:00,19.1,0,.1,0,1003.7,1008.1,94,,
763,2020-06-22 03:00,18.9,0,.1,0,1004,1008.4,96.7,,
763,2020-06-22 04:00,18.2,0,0,0,1004.7,1009.1,97.8,,
763,2020-06-22 05:00,18.4,0,.3,0,1004.9,1009.3,98.5,,
763,2020-06-22 06:00,18.9,0,0,0,1004.6,1009,97.3,,
763,2020-06-22 07:00,20.9,0,0,0,1004.6,1009,86.9,,
763,2020-06-22 08:00,22.9,338.8,.5,0,1005.3,1009.7,75,,
763,2020-06-22 09:00,24.5,19.6,.9,0,1005.4,1009.7,70.8,,
763,2020-06-22 10:00,25.9,2.2,.6,0,1005,1009.3,69.8,,
763,2020-06-22 11:00,27.8,14.8,1,0,1004.7,1009,63.8,,
763,2020-06-22 12:00,29.3,9.6,1.4,0,1004.3,1008.6,60.1,,
763,2020-06-22 13:00,30.7,9.9,1.8,0,1003.7,1007.9,55.3,,
763,2020-06-22 14:00,31.9,318,1.8,0,1003,1007.2,52.7,,
763,2020-06-22 15:00,32.3,294.4,1.6,0,1002.8,1007,51.6,,
763,2020-06-22 16:00,30.6,259.8,2.9,0,1003,1007.2,57.9,,
763,2020-06-22 17:00,30.4,261.1,1.4,0,1003.1,1007.3,58.3,,
763,2020-06-22 18:00,29.3,259.5,1.4,0,1003.4,1007.6,63.9,,
763,2020-06-22 19:00,27.8,0,.2,0,1003.9,1008.2,64.6,,
763,2020-06-22 20:00,26.1,257.5,.6,0,1004.7,1009,71,,
763,2020-06-22 21:00,24.6,215.7,.5,0,1005.8,1010.1,72.1,,
763,2020-06-22 22:00,23.8,151.3,.5,0,1006.4,1010.7,71.3,,
763,2020-06-22 23:00,23.5,0,.4,0,1006.7,1011,76.5,,
763,2020-06-23 00:00,23.3,191.2,.5,0,1006.6,1010.9,81.4,,
763,2020-06-23 01:00,23.1,153.1,.5,0,1006.5,1010.9,83.8,,
763,2020-06-23 02:00,22.5,0,.2,0,1006.3,1010.7,89.9,,
763,2020-06-23 03:00,22.6,0,.2,0,1005.7,1010.1,88.9,,
763,2020-06-23 04:00,20.8,0,0,0,1005.5,1009.9,96.8,,
763,2020-06-23 05:00,20.2,0,0,0,1005.5,1009.9,97.5,,
763,2020-06-23 06:00,20.7,0,.1,0,1006,1010.4,95.6,,
763,2020-06-23 07:00,21.3,0,.4,0,1005.9,1010.3,94,,
763,2020-06-23 08:00,23.7,0,.4,0,1005.4,1009.7,77.1,,
763,2020-06-23 09:00,25.9,33.3,.9,0,1005,1009.3,68.8,,
763,2020-06-23 10:00,27.4,7.8,.8,0,1004.8,1009.1,62.9,,
763,2020-06-23 11:00,29,291.1,.7,0,1004.6,1008.9,60.1,,
763,2020-06-23 12:00,29.3,250.9,1.4,0,1004.5,1008.8,58.9,,
763,2020-06-23 13:00,29.1,247.2,1.3,0,1004.8,1009.1,60.2,,
763,2020-06-23 14:00,29.2,248.5,1.4,0,1004.9,1009.2,60.9,,
763,2020-06-23 15:00,29.8,268.7,1.3,0,1004.5,1008.7,53.5,,
763,2020-06-23 16:00,29.3,261.5,1.2,0,1004.5,1008.8,50.8,,
763,2020-06-23 17:00,27.5,253.9,1.9,0,1004.4,1008.7,66.4,,
763,2020-06-23 18:00,26.5,261.5,.7,0,1004.4,1008.7,69.5,,
763,2020-06-23 19:00,25.6,115.4,.6,0,1004,1008.3,76.7,,
763,2020-06-23 20:00,25.3,0,.3,0,1003.5,1007.8,75.7,,
763,2020-06-23 21:00,24,0,.1,0,1003.7,1008,83.7,,
763,2020-06-23 22:00,26.2,122.3,.8,0,1003.5,1007.8,58.9,,
763,2020-06-23 23:00,26.5,0,.2,0,1003.2,1007.5,51.9,,
763,2020-06-24 00:00,26.6,126.8,.5,0,1002.6,1006.9,49.3,,
763,2020-06-24 01:00,26.5,129.3,.8,0,1001.8,1006.1,48.3,,
763,2020-06-24 02:00,26.5,147.5,.9,0,1002,1006.3,48.3,,
763,2020-06-24 03:00,26,139.4,.6,0,1001.6,1005.9,50.3,,
763,2020-06-24 04:00,25.9,172.9,1,0,1001.5,1005.8,51.2,,
763,2020-06-24 05:00,25.4,141.3,.9,0,1001.1,1005.4,53.3,,
763,2020-06-24 06:00,25.2,151.5,.7,0,1001,1005.3,54.9,,
763,2020-06-24 07:00,24.8,181.6,1.4,0,1001.2,1005.5,58.8,,
763,2020-06-24 08:00,23.6,127.9,.8,0,1000.6,1004.9,67.4,,
763,2020-06-24 09:00,23.4,176.6,.8,0,1000.8,1005.1,67.5,,
763,2020-06-24 10:00,24.5,133.2,1.8,0,999.8,1004.1,65.4,,
763,2020-06-24 11:00,24.7,162.6,1.8,0,999,1003.3,65.8,,
763,2020-06-24 12:00,24.3,161.4,1.4,0,999.7,1004,73.7,,
763,2020-06-24 13:00,22.2,173.1,.8,3.5,999.3,1003.6,86.7,,
763,2020-06-24 14:00,22.2,142.4,2.1,.5,998.1,1002.4,85.7,,
763,2020-06-24 15:00,22.6,152.7,2.2,0,997.7,1002,78.3,,
763,2020-06-24 16:00,22.6,143.7,1.8,.5,997.2,1001.5,79.9,,
763,2020-06-24 17:00,23.2,142.1,1.7,0,996.9,1001.2,76.2,,
763,2020-06-24 18:00,22.1,155.7,1,0,996.9,1001.2,88.4,,
763,2020-06-24 19:00,22.4,171.5,.6,0,997.3,1001.6,91,,
763,2020-06-24 20:00,23,0,.4,0,997.6,1001.9,86,,
763,2020-06-24 21:00,23.4,166.2,.7,0,997.6,1001.9,85.7,,
763,2020-06-24 22:00,23.4,143.8,.7,0,997.5,1001.8,88,,
763,2020-06-24 23:00,23.6,143,.7,0,997.4,1001.7,86.9,,
763,2020-06-25 00:00,23.9,0,.4,0,997.4,1001.7,86.4,,
763,2020-06-25 01:00,23.6,0,.3,0,997.3,1001.6,89.6,,
763,2020-06-25 02:00,22.8,217.6,1.1,1,997.3,1001.6,96.8,,
763,2020-06-25 03:00,22.6,254,1.6,0,997.5,1001.8,96.7,,
763,2020-06-25 04:00,21.8,240.3,1.3,0,997.8,1002.1,94.9,,
763,2020-06-25 05:00,22,233.1,1.8,0,998,1002.3,89.7,,
763,2020-06-25 06:00,22,0,.1,0,998.1,1002.4,91.6,,
763,2020-06-25 07:00,22.4,222.6,.6,0,998,1002.3,87.8,,
763,2020-06-25 08:00,22.5,211.6,1,0,998.1,1002.4,86,,
763,2020-06-25 09:00,21.4,254.9,1.9,0,998.4,1002.8,95.2,,
763,2020-06-25 10:00,20.9,253.5,1.6,.5,998.6,1003,95.2,,
763,2020-06-25 11:00,21.1,230,.8,0,998.7,1003.1,94,,
763,2020-06-25 12:00,22.5,0,.3,0,998.6,1002.9,88.9,,
763,2020-06-25 13:00,22.5,233.6,1.4,0,998.6,1002.9,83.6,,
763,2020-06-25 14:00,21.8,249.2,1.9,1,998.4,1002.7,88.5,,
763,2020-06-25 15:00,22.3,226.6,.7,0,998.5,1002.8,86,,
763,2020-06-25 16:00,21.8,254.6,2.1,0,998.8,1003.2,86.6,,
763,2020-06-25 17:00,22,244.5,.6,0,998.6,1002.9,84.7,,
763,2020-06-25 18:00,21.8,246.4,2,0,998.8,1003.2,83.6,,
763,2020-06-25 19:00,20.7,236.1,1.5,0,999.5,1003.9,89.4,,
763,2020-06-25 20:00,20.9,229.2,1.2,0,999.8,1004.2,84.8,,
763,2020-06-25 21:00,20,213.6,.8,0,1000,1004.4,95.3,,
763,2020-06-25 22:00,20.1,218,.5,0,1000.6,1005,94.5,,
763,2020-06-25 23:00,20.2,0,.4,.5,1000.8,1005.2,94.2,,
763,2020-06-26 00:00,20.1,0,.3,0,1000.7,1005.1,94.8,,
763,2020-06-26 01:00,20.3,242.9,1.1,0,1001,1005.4,92.7,,
763,2020-06-26 02:00,20,255.5,1,0,1001.3,1005.7,94.2,,
763,2020-06-26 03:00,20,240.2,1.2,0,1002.1,1006.5,90.7,,
763,2020-06-26 04:00,19.6,0,.4,0,1002.6,1007,93.8,,
763,2020-06-26 05:00,19.9,231,.5,0,1002.9,1007.3,92.7,,
763,2020-06-26 06:00,20,232.6,.7,0,1003.3,1007.7,90.9,,
763,2020-06-26 07:00,20.3,0,.3,0,1003.6,1008,92.7,,
763,2020-06-26 08:00,20.9,239.8,.7,0,1003.8,1008.2,91,,
763,2020-06-26 09:00,21.7,242.8,.7,0,1004.2,1008.6,88,,
763,2020-06-26 10:00,22.6,234.8,1.5,0,1004.2,1008.6,81.6,,
763,2020-06-26 11:00,24.2,245.5,1.6,0,1004.3,1008.6,74.9,,
763,2020-06-26 12:00,24.3,263,1.2,0,1004.1,1008.4,70.4,,
763,2020-06-26 13:00,25.1,246.3,1.6,0,1004.1,1008.4,69.1,,
763,2020-06-26 14:00,25,264.5,2.3,0,1003.8,1008.1,66.9,,
763,2020-06-26 15:00,26.5,230.7,.8,0,1003,1007.3,62.8,,
763,2020-06-26 16:00,26.3,285.2,1.7,0,1003.2,1007.5,61.3,,
763,2020-06-26 17:00,25.8,285,1.7,0,1003,1007.3,63.9,,
763,2020-06-26 18:00,25.3,286.8,1.4,0,1003.1,1007.4,67.8,,
763,2020-06-26 19:00,23.9,265.7,1.5,0,1003.8,1008.1,74.8,,
763,2020-06-26 20:00,23,261.5,1.1,0,1004.2,1008.5,77.7,,
763,2020-06-26 21:00,20.7,0,0,0,1004.3,1008.7,92.4,,
763,2020-06-26 22:00,20.5,0,0,0,1004.5,1008.9,94.2,,
763,2020-06-26 23:00,19.8,0,0,0,1004.6,1009,96.2,,
763,2020-06-27 00:00,19.7,0,0,0,1004.4,1008.8,97.7,,
763,2020-06-27 01:00,19.2,0,.1,0,1003.7,1008.1,98.3,,
763,2020-06-27 02:00,19.6,0,0,0,1003.3,1007.7,98,,
763,2020-06-27 03:00,19,0,0,0,1003,1007.4,99.1,,
763,2020-06-27 04:00,18.7,0,0,0,1002.6,1007,99.5,,
763,2020-06-27 05:00,18.6,0,0,0,1001.9,1006.3,99.5,,
763,2020-06-27 06:00,19.1,0,.1,0,1002.1,1006.5,99.5,,
763,2020-06-27 07:00,20,0,0,0,1002.6,1007,97.7,,
763,2020-06-27 08:00,20.6,0,.1,0,1002.3,1006.7,95.1,,
763,2020-06-27 09:00,21.6,0,.2,0,1003,1007.4,91.5,,
763,2020-06-27 10:00,22.9,18.8,.6,0,1002.4,1006.7,84,,
763,2020-06-27 11:00,24.5,0,.3,0,1002.4,1006.7,76.6,,
763,2020-06-27 12:00,26.4,55.7,1,0,1002.2,1006.5,71.2,,
763,2020-06-27 13:00,28,47.3,.9,0,1001.2,1005.5,59.9,,
763,2020-06-27 14:00,28.9,287.8,1.1,0,1001.3,1005.5,45.7,,
763,2020-06-27 15:00,29.5,299.4,1,0,1000.8,1005,47.7,,
763,2020-06-27 16:00,29.3,316.7,1.1,0,1000.6,1004.8,49.7,,
763,2020-06-27 17:00,28.4,291.7,.5,0,999.9,1004.1,50.2,,
763,2020-06-27 18:00,28.2,0,.4,0,999.3,1003.6,55.4,,
763,2020-06-27 19:00,27.3,0,.2,0,999.4,1003.7,69.2,,
763,2020-06-27 20:00,25.2,0,0,0,999.5,1003.8,72.8,,
763,2020-06-27 21:00,23.6,0,0,0,1000.1,1004.4,84.9,,
763,2020-06-27 22:00,22.5,0,0,0,1000.3,1004.6,93.6,,
763,2020-06-27 23:00,21.8,0,0,0,1000.6,1005,97.3,,
763,2020-06-28 00:00,21.4,,,0,1000.7,1005.1,98,,
763,2020-06-28 01:00,20.9,,,0,1000.5,1004.9,98.9,,
763,2020-06-28 02:00,21.3,,,0,1000.3,1004.7,97.4,,
763,2020-06-28 03:00,20,,,0,1000.1,1004.5,98.8,,
763,2020-06-28 04:00,19.7,,,0,999.9,1004.3,99.6,,
763,2020-06-28 05:00,19,,,0,1000.3,1004.7,99.6,,
763,2020-06-28 06:00,19,,,0,1000.9,1005.3,99.9,,
763,2020-06-28 07:00,20.5,,,0,1001.5,1005.9,95.1,,
763,2020-06-28 08:00,22,0,0,0,1001.9,1006.3,85.3,,
763,2020-06-28 09:00,24,322.7,1.3,0,1002,1006.3,70.7,,
763,2020-06-28 10:00,24.2,19.2,1.6,0,1001.7,1006,69.1,,
763,2020-06-28 11:00,26,222.9,.9,0,1001.3,1005.6,65.8,,
763,2020-06-28 12:00,25.3,279.3,1.4,0,1001.4,1005.7,68.8,,
763,2020-06-28 13:00,26,270.4,1.5,0,1001,1005.3,63.8,,
763,2020-06-28 14:00,27.8,261.7,1.5,0,1000.7,1005,57.8,,
763,2020-06-28 15:00,28.7,347.4,.9,0,1000.4,1004.6,53.8,,
763,2020-06-28 16:00,27.8,276.8,.9,0,1000.4,1004.7,55.9,,
763,2020-06-28 17:00,28.5,232.3,.9,0,1000.3,1004.5,65.1,,
763,2020-06-28 18:00,26.5,268.1,2.3,0,1000.4,1004.7,69.4,,
763,2020-06-28 19:00,25.7,259.6,1.5,0,1000.8,1005.1,72.3,,
763,2020-06-28 20:00,23.4,0,.4,0,1001.6,1005.9,81.5,,
763,2020-06-28 21:00,21.7,0,.3,0,1002.4,1006.8,89,,
763,2020-06-28 22:00,20.9,0,.3,0,1003,1007.4,91,,
763,2020-06-28 23:00,20.5,0,0,0,1003,1007.4,93.2,,
763,2020-06-29 00:00,20.1,0,.1,0,1002.6,1007,93.9,,
763,2020-06-29 01:00,20.2,0,.4,0,1002.3,1006.7,93.4,,
763,2020-06-29 02:00,20.1,280.8,.5,0,1002.2,1006.6,94.1,,
763,2020-06-29 03:00,20,0,.2,0,1002.1,1006.5,94.5,,
763,2020-06-29 04:00,19.5,92.6,.7,0,1001.5,1005.9,96.1,,
763,2020-06-29 05:00,19.7,0,0,0,1001.8,1006.2,97.8,,
763,2020-06-29 06:00,19.8,0,.1,0,1001.9,1006.3,98.5,,
763,2020-06-29 07:00,20.1,85.7,.8,0,1001.1,1005.5,98.7,,
763,2020-06-29 08:00,21,289.5,.5,0,1001.3,1005.7,94.7,,
763,2020-06-29 09:00,21.7,0,.4,0,1001.6,1006,91.1,,
763,2020-06-29 10:00,22.7,0,.2,0,1000.7,1005,86.5,,
763,2020-06-29 11:00,23.8,24.9,.6,0,1000.5,1004.8,81.7,,
763,2020-06-29 12:00,24.9,356.2,.9,0,999.5,1003.8,77.1,,
763,2020-06-29 13:00,25.6,255.2,.7,0,999.1,1003.4,75.7,,
763,2020-06-29 14:00,24.1,116.7,.5,0,998.2,1002.5,84.5,,
763,2020-06-29 15:00,22.5,132.6,.5,3,997.3,1001.6,95.1,,
763,2020-06-29 16:00,21.1,0,.4,6,998.1,1002.5,98,,
763,2020-06-29 17:00,20.8,79.3,2,7,996.4,1000.8,98.1,,
763,2020-06-29 18:00,20.7,62.3,1.3,1.5,994.3,998.7,96.8,,
763,2020-06-29 19:00,20.9,100,2,3.5,992.4,996.7,91.7,,
763,2020-06-29 20:00,20.5,62.8,1.8,6,991,995.3,94,,
763,2020-06-29 21:00,21,82,1.6,4,989.3,993.6,90.9,,
763,2020-06-29 22:00,21.6,77.1,2.9,1.5,987.6,991.9,85.6,,
763,2020-06-29 23:00,21.3,107.8,.7,0,985.7,990,90,,
763,2020-06-30 00:00,21.9,50.5,.8,.5,984.2,988.5,85.7,,
763,2020-06-30 01:00,20.7,75.2,1.1,1.5,983.3,987.6,95.7,,
763,2020-06-30 02:00,20.4,0,.3,4.5,981.8,986.1,98.7,,
763,2020-06-30 03:00,20.4,9.6,.9,2.5,982.2,986.5,99.7,,
763,2020-06-30 04:00,20.7,16.6,.5,4.5,982.7,987,99.9,,
763,2020-06-30 05:00,21,0,.4,3,982.8,987.1,99.9,,
763,2020-06-30 06:00,20.3,244.6,2,1,984,988.3,99.3,,
763,2020-06-30 07:00,20.6,229.8,1.6,0,984.8,989.1,99,,
763,2020-06-30 08:00,21.2,235.6,2,0,985.6,989.9,98,,
763,2020-06-30 09:00,21.2,227.6,2.7,0,986.2,990.5,92.9,,
763,2020-06-30 10:00,20.6,234.4,2,0,986.8,991.1,93.7,,
763,2020-06-30 11:00,20.7,233.5,2.6,0,987.5,991.8,92.3,,
763,2020-06-30 12:00,20.8,232.8,1.7,0,988.4,992.7,88,,
763,2020-06-30 13:00,20.7,233.3,2.2,0,988.9,993.2,88.9,,
763,2020-06-30 14:00,21.4,230.1,1.7,0,989.3,993.6,86.6,,
763,2020-06-30 15:00,20.6,232.7,2.1,0,990.1,994.4,88.6,,
763,2020-06-30 16:00,20.5,231.1,1.4,0,990.5,994.8,88,,
763,2020-06-30 17:00,20.6,239.3,1.1,0,991.2,995.5,88.9,,
763,2020-06-30 18:00,20.5,230.5,.9,0,991.7,996.1,89.4,,
763,2020-06-30 19:00,19.3,252.7,.5,1.5,992.4,996.7,98.7,,
763,2020-06-30 20:00,19.2,318.9,2.4,2.5,993.1,997.4,99.2,,
763,2020-06-30 21:00,18.9,329.6,1.2,.5,994.4,998.8,98.9,,
763,2020-06-30 22:00,18.8,332.7,.8,.5,995.3,999.7,98.3,,
763,2020-06-30 23:00,18.6,323.1,.9,0,996,1000.4,94.9,,
763,2020-07-01 00:00,18.3,312.1,.7,0,996.5,1000.9,97.3,,
763,2020-07-01 01:00,18.3,305,.7,0,997.2,1001.6,98.4,,
763,2020-07-01 02:00,17.9,329.6,1,0,997.7,1002.1,96.1,,
763,2020-07-01 03:00,17.8,0,0,0,997.8,1002.2,98.1,,
763,2020-07-01 04:00,17.9,0,0,0,998.3,1002.7,99.4,,
763,2020-07-01 05:00,17.5,0,0,0,998.7,1003.1,99.7,,
763,2020-07-01 06:00,17.4,0,0,0,999.3,1003.7,99.5,,
763,2020-07-01 07:00,18.2,0,0,0,999.9,1004.3,96.9,,
763,2020-07-01 08:00,19.4,0,.1,0,1000.3,1004.7,90.4,,
763,2020-07-01 09:00,21.2,64.7,.9,0,1000.9,1005.3,78.2,,
763,2020-07-01 10:00,22.6,62.1,.9,0,1001.1,1005.4,70.3,,
763,2020-07-01 11:00,23.1,262.9,.6,0,1001,1005.3,68.4,,
763,2020-07-01 12:00,24.2,280.3,1.7,0,1001,1005.3,59.8,,
763,2020-07-01 13:00,24.5,281,1.4,0,1001,1005.3,60.6,,
763,2020-07-01 14:00,24.1,259.2,1.3,0,1001.2,1005.5,63,,
763,2020-07-01 15:00,24.7,263,1.1,0,1001.3,1005.6,65.5,,
763,2020-07-01 16:00,23.7,272.5,2.2,0,1001.8,1006.1,65.7,,
763,2020-07-01 17:00,22.8,263.3,2.4,0,1002.2,1006.5,67.4,,
763,2020-07-01 18:00,22.3,260.6,2.2,0,1002.7,1007.1,69.9,,
763,2020-07-01 19:00,22.2,0,0,0,1003.2,1007.6,75.2,,
763,2020-07-01 20:00,21.6,0,.2,0,1003.7,1008.1,78.1,,
763,2020-07-01 21:00,20.9,0,0,0,1004.2,1008.6,79.7,,
763,2020-07-01 22:00,20.3,0,0,0,1005.1,1009.5,87.3,,
763,2020-07-01 23:00,19.4,0,0,0,1005.3,1009.7,91,,
763,2020-07-02 00:00,19,0,0,0,1005.4,1009.8,91.1,,
763,2020-07-02 01:00,18.6,0,0,0,1005.3,1009.7,94.3,,
763,2020-07-02 02:00,18.1,0,0,0,1005.2,1009.6,96,,
763,2020-07-02 03:00,18.2,0,.1,0,1005.3,1009.7,98.1,,
763,2020-07-02 04:00,17.3,0,.1,0,1005.8,1010.3,99.1,,
763,2020-07-02 05:00,16.9,0,0,0,1005.8,1010.3,99.4,,
763,2020-07-02 06:00,17.1,0,0,0,1006.3,1010.8,99.8,,
763,2020-07-02 07:00,18.9,0,0,0,1006.8,1011.2,95.6,,
763,2020-07-02 08:00,21.3,20.1,.7,0,1007.2,1011.6,84,,
763,2020-07-02 09:00,22.9,18.2,.5,0,1007.5,1011.9,72.7,,
763,2020-07-02 10:00,24.9,61.1,.5,0,1007.4,1011.7,65.6,,
763,2020-07-02 11:00,26,173.5,.9,0,1007.5,1011.8,65.1,,
763,2020-07-02 12:00,26.9,3.4,1.2,0,1007.1,1011.4,61.1,,
763,2020-07-02 13:00,27.2,288.3,1.3,0,1006.8,1011.1,61.1,,
763,2020-07-02 14:00,27.4,319.7,.8,0,1006.3,1010.6,59.6,,
763,2020-07-02 15:00,27,261.4,1.4,0,1006.3,1010.6,62.4,,
763,2020-07-02 16:00,27.1,291.7,.7,0,1006,1010.3,62.7,,
763,2020-07-02 17:00,26.9,281.2,.7,0,1006,1010.3,62.9,,
763,2020-07-02 18:00,26.4,282.9,2.3,0,1006.1,1010.4,68.6,,
763,2020-07-02 19:00,24.7,252.6,1.3,0,1006.8,1011.1,73.2,,
763,2020-07-02 20:00,23.5,120.1,.6,0,1007.7,1012,78.9,,
763,2020-07-02 21:00,22.3,118.1,.8,0,1008.5,1012.9,90.5,,
763,2020-07-02 22:00,21.4,109.5,.7,0,1009,1013.4,97.2,,
763,2020-07-02 23:00,21.7,0,.3,.5,1008.9,1013.3,98.5,,
763,2020-07-03 00:00,21.5,112.3,1,0,1008.6,1013,96.4,,
763,2020-07-03 01:00,21.4,0,.1,0,1008.5,1012.9,96.8,,
763,2020-07-03 02:00,21,0,.2,0,1008.1,1012.5,98.3,,
763,2020-07-03 03:00,20.8,0,.3,0,1007.9,1012.3,98.9,,
763,2020-07-03 04:00,20.7,0,0,0,1008.1,1012.5,98.8,,
763,2020-07-03 05:00,20.4,0,.1,0,1007.5,1011.9,99.4,,
763,2020-07-03 06:00,20.2,0,0,0,1007.3,1011.7,99.6,,
763,2020-07-03 07:00,20.5,0,0,0,1007.2,1011.6,98.3,,
763,2020-07-03 08:00,21.4,0,.1,0,1007.5,1011.9,91.1,,
763,2020-07-03 09:00,22.6,346.3,.5,0,1007.2,1011.6,83,,
763,2020-07-03 10:00,23.4,19.3,1.2,0,1006.6,1010.9,74.9,,
763,2020-07-03 11:00,23.5,86.6,1.2,0,1006.5,1010.8,68.6,,
763,2020-07-03 12:00,23.7,89.8,.9,0,1005.9,1010.2,68.8,,
763,2020-07-03 13:00,24.5,78.4,1.9,0,1005.6,1009.9,64.3,,
763,2020-07-03 14:00,24.4,81.5,1.9,0,1005.3,1009.6,64.6,,
763,2020-07-03 15:00,24.3,86.9,1.3,0,1005,1009.3,63.6,,
763,2020-07-03 16:00,23.2,96.7,.8,0,1004.9,1009.2,66.8,,
763,2020-07-03 17:00,22.5,29,1.2,0,1005,1009.4,74.1,,
763,2020-07-03 18:00,20.5,0,.4,0,1005.4,1009.8,90.9,,
763,2020-07-03 19:00,19.5,0,.3,1,1004.8,1009.2,98.3,,
763,2020-07-03 20:00,19.4,0,0,1,1004.6,1009,98.1,,
763,2020-07-03 21:00,19.2,84.8,.6,.5,1005.5,1009.9,98.3,,
763,2020-07-03 22:00,18.9,85,.8,0,1005.7,1010.1,97.8,,
763,2020-07-03 23:00,18.9,324.9,.5,0,1005.7,1010.1,98.2,,
763,2020-07-04 00:00,18.8,88.1,.8,.5,1005.2,1009.6,96.8,,
763,2020-07-04 01:00,18.6,20,.6,0,1005,1009.4,95.3,,
763,2020-07-04 02:00,18,0,.1,0,1004,1008.4,98.7,,
763,2020-07-04 03:00,18.1,0,.1,0,1003.3,1007.7,97.6,,
763,2020-07-04 04:00,18.1,0,.3,0,1003.4,1007.8,96.9,,
763,2020-07-04 05:00,18.1,0,.4,0,1003.7,1008.1,96.9,,
763,2020-07-04 06:00,18.4,0,0,0,1003.6,1008,96,,
763,2020-07-04 07:00,18.9,37.9,.8,0,1003.6,1008,92.5,,
763,2020-07-04 08:00,19.1,29.2,1,0,1004.1,1008.5,89.7,,
763,2020-07-04 09:00,19.2,52.4,.5,0,1004.2,1008.6,88.7,,
763,2020-07-04 10:00,19.6,71.9,.5,0,1004.2,1008.6,86.4,,
763,2020-07-04 11:00,20.4,0,.2,0,1003.9,1008.3,82.8,,
763,2020-07-04 12:00,21.9,78.9,.8,0,1004,1008.4,77.6,,
763,2020-07-04 13:00,21.9,0,.2,0,1003.6,1008,78.9,,
763,2020-07-04 14:00,22.2,0,.2,0,1003.4,1007.8,76.2,,
763,2020-07-04 15:00,21.7,0,.2,0,1003.3,1007.7,80.3,,
763,2020-07-04 16:00,21.5,0,.1,0,1003.1,1007.5,83.2,,
763,2020-07-04 17:00,22,0,.1,0,1002.8,1007.2,82.7,,
763,2020-07-04 18:00,22.2,0,.1,0,1002.8,1007.2,80.8,,
763,2020-07-04 19:00,21.2,0,.2,0,1003,1007.4,87,,
763,2020-07-04 20:00,20.6,112.9,.5,0,1003.1,1007.5,91.9,,
763,2020-07-04 21:00,20.3,0,0,0,1003.5,1007.9,92.5,,
763,2020-07-04 22:00,20,0,0,0,1004,1008.4,94.5,,
763,2020-07-04 23:00,19.6,0,.1,0,1003.6,1008,96.7,,
763,2020-07-05 00:00,20,89.1,.6,0,1003.5,1007.9,95.4,,
763,2020-07-05 01:00,20,0,0,0,1003.5,1007.9,95.7,,
763,2020-07-05 02:00,19.8,0,0,0,1003.2,1007.6,97.5,,
763,2020-07-05 03:00,19.9,0,.1,0,1002.9,1007.3,97,,
763,2020-07-05 04:00,19.6,105,.5,0,1002.4,1006.8,97.4,,
763,2020-07-05 05:00,19.4,0,.3,0,1002.4,1006.8,97.6,,
763,2020-07-05 06:00,19.6,0,0,0,1002.7,1007.1,97.8,,
763,2020-07-05 07:00,19.9,0,.2,0,1002.7,1007.1,97.4,,
763,2020-07-05 08:00,20.5,0,0,0,1003,1007.4,93.6,,
763,2020-07-05 09:00,22,82.1,1.2,0,1002.5,1006.9,82.9,,
763,2020-07-05 10:00,22.3,288.9,1.2,0,1001.8,1006.2,83,,
763,2020-07-05 11:00,23.8,297.6,.5,0,1001.4,1005.7,73.3,,
763,2020-07-05 12:00,24.3,10.7,1.1,0,1000.9,1005.2,74.2,,
763,2020-07-05 13:00,24.8,306.1,1.1,0,1000.9,1005.2,73,,
763,2020-07-05 14:00,25.4,43.4,1.3,0,1000.2,1004.5,68.5,,
763,2020-07-05 15:00,25.6,346.7,.5,0,999.9,1004.2,70.3,,
763,2020-07-05 16:00,25.7,263.2,1.3,0,999.8,1004.1,69.5,,
763,2020-07-05 17:00,25.4,317.4,1,0,999.2,1003.5,71.7,,
763,2020-07-05 18:00,25.7,292.2,.6,0,998.4,1002.7,69.7,,
763,2020-07-05 19:00,25,288,.8,0,998.1,1002.4,73.9,,
763,2020-07-05 20:00,23.2,0,.1,0,998.5,1002.8,88,,
763,2020-07-05 21:00,22.2,0,0,0,998.5,1002.8,93.6,,
763,2020-07-05 22:00,21.9,0,0,0,998.8,1003.1,94,,
763,2020-07-05 23:00,22,0,.3,0,998.8,1003.1,92.7,,
763,2020-07-06 00:00,20.6,0,0,0,998.7,1003.1,98.9,,
763,2020-07-06 01:00,20,0,.1,0,998.5,1002.9,99.1,,
763,2020-07-06 02:00,19.6,0,0,0,998.4,1002.8,99.6,,
763,2020-07-06 03:00,19.4,0,0,0,997.9,1002.3,99.9,,
763,2020-07-06 04:00,19.6,0,0,0,997.3,1001.7,99.9,,
763,2020-07-06 05:00,19.2,0,0,0,997.3,1001.7,99.9,,
763,2020-07-06 06:00,19.8,0,0,0,997.5,1001.9,99.9,,
763,2020-07-06 07:00,20.3,0,0,0,997.7,1002.1,99.5,,
763,2020-07-06 08:00,20.6,0,.4,0,996.9,1001.3,98.8,,
763,2020-07-06 09:00,21.9,24.1,.8,0,996.6,1000.9,91.1,,
763,2020-07-06 10:00,23.3,294,1,0,997.3,1001.6,85.9,,
763,2020-07-06 11:00,25.2,28.3,1,0,997.6,1001.9,78.2,,
763,2020-07-06 12:00,27.1,215.8,.8,0,997.2,1001.5,68.4,,
763,2020-07-06 13:00,27.5,247.2,.6,0,996.8,1001.1,66.4,,
763,2020-07-06 14:00,27.7,108,1.4,0,996.2,1000.4,62.5,,
763,2020-07-06 15:00,28,184.2,.5,0,995.7,999.9,63.2,,
763,2020-07-06 16:00,26.7,0,0,0,996.1,1000.4,70.8,,
763,2020-07-06 17:00,23.2,253.8,1.2,1.5,996.6,1000.9,95.5,,
763,2020-07-06 18:00,23.3,0,.2,3,996.8,1001.1,97.6,,
763,2020-07-06 19:00,23,0,.1,0,997.5,1001.8,97.4,,
763,2020-07-06 20:00,23,256.6,1,0,997.8,1002.1,94.8,,
763,2020-07-06 21:00,22.3,0,.1,0,998.4,1002.7,98.3,,
763,2020-07-06 22:00,22,0,.3,0,998.8,1003.1,99.5,,
763,2020-07-06 23:00,21.9,0,.2,0,999,1003.3,99.8,,
763,2020-07-07 00:00,21.7,0,.3,0,999,1003.4,99.8,,
763,2020-07-07 01:00,21.7,0,.1,0,999.1,1003.5,99.9,,
763,2020-07-07 02:00,21.8,0,.4,0,999.2,1003.6,99.9,,
763,2020-07-07 03:00,21.9,0,.2,0,999.3,1003.6,99.9,,
763,2020-07-07 04:00,21.9,252.9,1,0,999.6,1004,99.7,,
763,2020-07-07 05:00,21.9,251.4,1.1,0,1000.1,1004.5,97.5,,
763,2020-07-07 06:00,21.6,0,.2,0,1000.2,1004.6,98.6,,
763,2020-07-07 07:00,22.3,0,.1,0,1000.4,1004.7,96.6,,
763,2020-07-07 08:00,22.1,300.4,1.2,0,1000.9,1005.3,96.1,,
763,2020-07-07 09:00,23.4,271.3,.9,0,1001.1,1005.4,90,,
763,2020-07-07 10:00,24.7,261.9,.7,0,1000.9,1005.2,80,,
763,2020-07-07 11:00,24.6,277.4,1.2,0,1001,1005.3,78.8,,
763,2020-07-07 12:00,25.5,279.9,1.5,0,1000.9,1005.2,76.7,,
763,2020-07-07 13:00,26.2,273.2,1.1,0,1000.9,1005.2,72.8,,
763,2020-07-07 14:00,26,274.4,1.7,0,1000.5,1004.8,76.8,,
763,2020-07-07 15:00,26.8,270.4,1.1,0,1000.2,1004.5,69.6,,
763,2020-07-07 16:00,27.4,274.9,1.2,0,999.9,1004.2,70.2,,
763,2020-07-07 17:00,26.6,285.1,2.2,0,999.7,1004,72.4,,
763,2020-07-07 18:00,26.5,294.4,1.6,0,999.5,1003.8,69.7,,
763,2020-07-07 19:00,25.6,259.9,1.2,0,999.8,1004.1,74.3,,
763,2020-07-07 20:00,24,266.8,.5,0,1000.3,1004.6,81.1,,
763,2020-07-07 21:00,22.6,0,.1,0,1000.9,1005.2,93,,
763,2020-07-07 22:00,22.4,0,.2,0,1001.4,1005.7,94.2,,
763,2020-07-07 23:00,22.1,0,0,0,1001.4,1005.8,93.9,,
763,2020-07-08 00:00,21.8,0,.1,0,1001.5,1005.9,97.2,,
763,2020-07-08 01:00,21.1,0,.4,0,1001.6,1006,98.7,,
763,2020-07-08 02:00,21.2,0,.1,0,1001.8,1006.2,98,,
763,2020-07-08 03:00,20.4,0,0,0,1001.8,1006.2,99.4,,
763,2020-07-08 04:00,19.7,0,0,0,1001.8,1006.2,99.9,,
763,2020-07-08 05:00,19.8,0,0,0,1001.9,1006.3,99.9,,
763,2020-07-08 06:00,19.7,15.8,.6,0,1001.9,1006.3,99.9,,
763,2020-07-08 07:00,21,0,.4,0,1002,1006.4,96.2,,
763,2020-07-08 08:00,23.4,0,.2,0,1002,1006.3,82.2,,
763,2020-07-08 09:00,23.1,276.6,1.5,0,1002.1,1006.4,83.8,,
763,2020-07-08 10:00,24.9,0,.2,0,1002.1,1006.4,74.3,,
763,2020-07-08 11:00,26.5,21.3,.9,0,1002,1006.3,68.6,,
763,2020-07-08 12:00,27.6,33.7,1.5,0,1001.5,1005.8,62.5,,
763,2020-07-08 13:00,27.5,20,1.5,0,1000.8,1005.1,59.5,,
763,2020-07-08 14:00,28.5,357.7,1.3,0,1000.4,1004.6,57.2,,
763,2020-07-08 15:00,27.6,271.3,3,0,1000.2,1004.5,72,,
763,2020-07-08 16:00,26.6,270.3,2.7,0,999.9,1004.2,71,,
763,2020-07-08 17:00,26,273.3,1.9,0,1000,1004.3,73,,
763,2020-07-08 18:00,25.3,235.4,.9,0,1000.2,1004.5,76,,
763,2020-07-08 19:00,24.2,255.9,.6,0,1000.5,1004.8,79.8,,
763,2020-07-08 20:00,23.1,0,.1,0,1000.7,1005,87.2,,
763,2020-07-08 21:00,22.4,0,.2,0,1000.8,1005.1,89,,
763,2020-07-08 22:00,21.5,0,0,0,1001,1005.4,93,,
763,2020-07-08 23:00,20.9,0,0,0,1001.2,1005.6,96.3,,
763,2020-07-09 00:00,21.1,0,0,0,1001.4,1005.8,95,,
763,2020-07-09 01:00,20.7,0,0,0,1001,1005.4,97.5,,
763,2020-07-09 02:00,20.1,0,0,0,1000.7,1005.1,99,,
763,2020-07-09 03:00,19.8,0,0,0,1000.4,1004.8,99.5,,
763,2020-07-09 04:00,19.5,0,0,0,1000.4,1004.8,99.7,,
763,2020-07-09 05:00,19.4,0,0,0,1000.6,1005,99.9,,
763,2020-07-09 06:00,20.4,0,.1,0,1000.3,1004.7,99.8,,
763,2020-07-09 07:00,20.6,0,0,0,1000.9,1005.3,99.9,,
763,2020-07-09 08:00,22.3,25.9,.5,0,1001.2,1005.5,96,,
763,2020-07-09 09:00,24.9,.2,1,0,1001,1005.3,83,,
763,2020-07-09 10:00,26.8,19.5,1.1,0,1000.5,1004.8,74.4,,
763,2020-07-09 11:00,28.6,29.7,1.1,0,1000.5,1004.7,67.9,,
763,2020-07-09 12:00,28.2,293.6,1.7,0,1000.2,1004.5,66.9,,
763,2020-07-09 13:00,29,330.5,1.3,0,999.4,1003.6,63,,
763,2020-07-09 14:00,29.9,348.6,.8,0,998.7,1002.9,58.2,,
763,2020-07-09 15:00,31.1,11.9,1.8,0,998.2,1002.4,54.4,,
763,2020-07-09 16:00,31,134.3,.6,0,998.2,1002.4,54.6,,
763,2020-07-09 17:00,30.8,138.9,.5,0,998.1,1002.3,56.7,,
763,2020-07-09 18:00,30.2,0,.4,0,998.3,1002.5,53.1,,
763,2020-07-09 19:00,28.9,0,.2,0,998.8,1003,58.7,,
763,2020-07-09 20:00,26.7,0,.4,0,999,1003.3,70.6,,
763,2020-07-09 21:00,26.8,213.8,.7,0,999.7,1004,72.5,,
763,2020-07-09 22:00,25,0,.2,0,1000,1004.3,87.1,,
763,2020-07-09 23:00,24.2,0,.2,0,999.7,1004,93.6,,
763,2020-07-10 00:00,24.1,0,.1,0,999.3,1003.6,94.4,,
763,2020-07-10 01:00,24.2,0,0,0,999,1003.3,94.6,,
763,2020-07-10 02:00,23.8,0,0,0,998,1002.3,95.3,,
763,2020-07-10 03:00,23.4,0,0,0,997.8,1002.1,96,,
763,2020-07-10 04:00,23.6,0,.4,0,997.8,1002.1,91.3,,
763,2020-07-10 05:00,22.6,76.4,2.1,3.5,997,1001.3,95.9,,
763,2020-07-10 06:00,22.7,262.9,2.5,3.5,995.8,1000.1,95.1,,
763,2020-07-10 07:00,22.2,0,.2,1,997.1,1001.4,99.3,,
763,2020-07-10 08:00,22.1,266.7,.7,1.5,996.9,1001.2,99.6,,
763,2020-07-10 09:00,23.7,5.2,1.2,0,996.5,1000.8,97.2,,
763,2020-07-10 10:00,25.9,32.3,.9,0,996.4,1000.7,80.2,,
763,2020-07-10 11:00,27.2,358.7,1.7,0,996.6,1000.9,74.3,,
763,2020-07-10 12:00,27.5,.7,1.9,0,996.6,1000.9,69.5,,
763,2020-07-10 13:00,28.6,358.4,1.9,0,996.4,1000.6,71.2,,
763,2020-07-10 14:00,29,21.1,2.4,0,996.1,1000.3,68.4,,
763,2020-07-10 15:00,29.2,11.4,2,0,995.8,1000,68,,
763,2020-07-10 16:00,29.1,23.8,1.9,0,995.9,1000.1,66.7,,
763,2020-07-10 17:00,28.6,18.4,.9,0,996,1000.2,68.1,,
763,2020-07-10 18:00,28,315,.7,0,996.2,1000.4,68.9,,
763,2020-07-10 19:00,27.1,0,0,0,996.6,1000.9,77.2,,
763,2020-07-10 20:00,26.5,0,.4,0,997.1,1001.4,84,,
763,2020-07-10 21:00,25.7,248.4,1.1,0,997.8,1002.1,88,,
763,2020-07-10 22:00,24.3,0,.4,9.5,998.5,1002.8,98.5,,
763,2020-07-10 23:00,23.2,0,.2,0,999,1003.3,98.7,,
763,2020-07-11 00:00,23.2,0,.1,0,999.5,1003.8,97.4,,
763,2020-07-11 01:00,23.2,212,.7,0,999.9,1004.2,95.8,,
763,2020-07-11 02:00,23.1,228.8,.8,0,999.9,1004.2,96.6,,
763,2020-07-11 03:00,22.7,224.7,1,0,1000.2,1004.5,95.6,,
763,2020-07-11 04:00,22.7,229.3,.5,0,1000.4,1004.7,96.5,,
763,2020-07-11 05:00,22.5,0,.4,0,1000.5,1004.8,95.5,,
763,2020-07-11 06:00,22.4,0,.1,0,1001.1,1005.4,95.3,,
763,2020-07-11 07:00,22.7,0,.1,0,1002.1,1006.4,92.9,,
763,2020-07-11 08:00,23.5,0,.1,0,1002.1,1006.4,85.6,,
763,2020-07-11 09:00,23.9,258,1.2,0,1003.1,1007.4,85.5,,
763,2020-07-11 10:00,26.2,35.3,1,0,1002.9,1007.2,72.5,,
763,2020-07-11 11:00,27,0,.4,0,1002.9,1007.2,71.6,,
763,2020-07-11 12:00,,,,0,,,,,
763,2020-07-11 15:00,28.1,289.7,.8,0,1002.8,1007.1,67.1,,
763,2020-07-11 16:00,27.9,270.6,.6,0,1002.7,1007,66,,
763,2020-07-11 17:00,26.6,280.5,.9,0,1002.7,1007,80.7,,
763,2020-07-11 18:00,26.1,275.7,1,0,1003.2,1007.5,81.1,,
763,2020-07-11 19:00,25.6,0,.1,0,1003.6,1007.9,82.7,,
763,2020-07-11 20:00,24.8,0,0,0,1004.2,1008.5,90,,
763,2020-07-11 21:00,24,0,.1,0,1004.2,1008.5,94,,
763,2020-07-11 22:00,23.4,0,.2,0,1005,1009.3,96,,
763,2020-07-11 23:00,23.3,0,.1,0,1005.1,1009.4,96.7,,
763,2020-07-12 00:00,23,0,.1,0,1005.7,1010.1,96.4,,
763,2020-07-12 01:00,22.8,0,.1,0,1005.6,1010,97.3,,
763,2020-07-12 02:00,22.9,0,.4,0,1005.4,1009.8,96.7,,
763,2020-07-12 03:00,23.1,0,0,0,1005.3,1009.6,95.7,,
763,2020-07-12 04:00,22.7,0,0,0,1005.2,1009.6,97.9,,
763,2020-07-12 05:00,22.5,0,0,0,1005.6,1010,98.5,,
763,2020-07-12 06:00,22.7,101.1,.7,0,1005.6,1010,97.4,,
763,2020-07-12 07:00,22.9,15.7,.8,0,1005.7,1010.1,97.6,,
763,2020-07-12 08:00,23.5,0,.3,0,1006.4,1010.7,96.8,,
763,2020-07-12 09:00,24,16.3,1.2,0,1006.6,1010.9,89.4,,
763,2020-07-12 10:00,23.7,6.1,.5,0,1006.5,1010.8,87.9,,
763,2020-07-12 11:00,23.7,5,.7,0,1006.4,1010.7,90.2,,
763,2020-07-12 12:00,23.7,.5,.5,.5,1006.2,1010.5,93.1,,
763,2020-07-12 13:00,23.6,0,.2,0,1005,1009.3,91,,
763,2020-07-12 14:00,24,0,.3,0,1004.8,1009.1,88.2,,
763,2020-07-12 15:00,23.3,85.2,1.1,0,1004.4,1008.7,91.6,,
763,2020-07-12 16:00,22.7,14.5,1,1,1004.3,1008.7,95.6,,
763,2020-07-12 17:00,22.3,49.1,.6,4.5,1003.8,1008.2,98.8,,
763,2020-07-12 18:00,21.5,41,.7,5.5,1002.7,1007.1,99.3,,
763,2020-07-12 19:00,20.6,11.3,2.5,9.5,1002.7,1007.1,99,,
763,2020-07-12 20:00,19.9,5.8,1.9,17,1003.4,1007.8,99.9,,
763,2020-07-12 21:00,20.1,94.1,2.4,11.5,1002.8,1007.2,98.1,,
763,2020-07-12 22:00,20.4,66.3,1.5,4,1003,1007.4,95.1,,
763,2020-07-12 23:00,19.8,82.5,2.1,7,1002.2,1006.6,96.3,,
763,2020-07-13 00:00,19.9,68.8,2,3,1000.9,1005.3,94.3,,
763,2020-07-13 01:00,19.3,67.9,1.5,5.5,999.7,1004.1,97.3,,
763,2020-07-13 02:00,19,285.2,.7,12.5,998.8,1003.2,99.7,,
763,2020-07-13 03:00,18.8,313.6,1,9,998.3,1002.7,99.9,,
763,2020-07-13 04:00,18.5,357.8,1.4,9,998.3,1002.7,99.9,,
763,2020-07-13 05:00,18.4,21.9,1.5,11,997.9,1002.3,99.9,,
763,2020-07-13 06:00,18.4,20.9,1.2,5.5,997.7,1002.1,99.9,,
763,2020-07-13 07:00,18.5,291.1,.7,11.5,997.3,1001.7,99.9,,
763,2020-07-13 08:00,18.7,331.3,1,17,997.3,1001.7,99.9,,
763,2020-07-13 09:00,18.9,24.8,1,10,997.1,1001.5,99.9,,
763,2020-07-13 10:00,19.4,33.3,.8,5,996.8,1001.2,99.9,,
763,2020-07-13 11:00,19.8,7,.8,1.5,997,1001.4,99.8,,
763,2020-07-13 12:00,19.8,356,.7,.5,996.8,1001.2,98.5,,
763,2020-07-13 13:00,20.6,0,.2,0,996.3,1000.7,98.5,,
763,2020-07-13 14:00,21.7,358.2,.5,0,995.7,1000,91.7,,
763,2020-07-13 15:00,21.7,0,0,0,995.7,1000,95.8,,
763,2020-07-13 16:00,22.2,0,.3,0,995.3,999.6,93.1,,
763,2020-07-13 17:00,22.2,0,.3,0,994.8,999.1,93.9,,
763,2020-07-13 18:00,21,0,.4,.5,995,999.4,98.7,,
763,2020-07-13 19:00,20.8,85,.7,1.5,995.4,999.8,99.7,,
763,2020-07-13 20:00,20.8,114.4,.5,1,995.7,1000.1,99.9,,
763,2020-07-13 21:00,20.5,0,.4,1,996.1,1000.5,99.9,,
763,2020-07-13 22:00,20.3,122.5,1,1.5,996.3,1000.7,99.9,,
763,2020-07-13 23:00,20.6,0,.1,1.5,996.6,1001,99.8,,
763,2020-07-14 00:00,20.6,0,.1,0,996.2,1000.6,99.5,,
763,2020-07-14 01:00,20.8,128.1,.9,0,995.7,1000.1,95.7,,
763,2020-07-14 02:00,20.2,0,.1,.5,995.7,1000.1,99.1,,
763,2020-07-14 03:00,20.1,0,.4,1,995.5,999.9,99.8,,
763,2020-07-14 04:00,19.9,115.8,.9,.5,995.5,999.8,99.5,,
763,2020-07-14 05:00,19.7,0,.3,1,995.6,999.9,99.8,,
763,2020-07-14 06:00,19.7,129.5,.5,1,996,1000.3,99.6,,
763,2020-07-14 07:00,19.8,122.9,.9,1,996.1,1000.4,98.9,,
763,2020-07-14 08:00,19.8,0,.4,0,996.5,1000.8,98,,
763,2020-07-14 09:00,19.9,122.8,1.1,.5,997.1,1001.4,99.2,,
763,2020-07-14 10:00,20,97.9,1,1,997.4,1001.8,99.4,,
763,2020-07-14 11:00,20.3,84.1,.9,1,997.7,1002.1,99.3,,
763,2020-07-14 12:00,21.3,110.3,.8,0,998.1,1002.5,98.3,,
763,2020-07-14 13:00,21,43.5,1.4,1,998.1,1002.5,98.4,,
763,2020-07-14 14:00,20.8,82.5,1.1,1.5,998.2,1002.6,97.9,,
763,2020-07-14 15:00,20.5,55.3,1.7,.5,998.4,1002.8,95.2,,
763,2020-07-14 16:00,20.6,28.5,1,.5,998.6,1003,98,,
763,2020-07-14 17:00,20.7,29.4,1.5,0,998.5,1002.9,95.4,,
763,2020-07-14 18:00,20.2,21.7,1.2,0,999.1,1003.5,97.6,,
763,2020-07-14 19:00,20,0,.4,0,999.5,1003.9,98.1,,
763,2020-07-14 20:00,19.5,347.8,.5,.5,1000.1,1004.5,99.3,,
763,2020-07-14 21:00,19.3,0,.4,.5,1000,1004.4,99.9,,
763,2020-07-14 22:00,19.1,335.9,.9,0,1000.8,1005.2,99.5,,
763,2020-07-14 23:00,19.1,4.7,.9,0,1001,1005.4,99.5,,
763,2020-07-15 00:00,19,0,.4,.5,1001,1005.4,99.9,,
763,2020-07-15 01:00,18.9,20.4,1.1,.5,1000.8,1005.2,99.9,,
763,2020-07-15 02:00,18.8,21.2,1.1,1.5,1000.5,1004.9,99.9,,
763,2020-07-15 03:00,18.9,44.8,.8,.5,1000.5,1004.9,99.9,,
763,2020-07-15 04:00,18.8,38.3,.8,.5,1000.5,1004.9,99.9,,
763,2020-07-15 05:00,18.7,26.8,.9,1,1000.7,1005.1,99.9,,
763,2020-07-15 06:00,18.7,21.2,.7,.5,1001,1005.4,99.9,,
763,2020-07-15 07:00,18.9,25.9,1.2,.5,1001.4,1005.8,99.9,,
763,2020-07-15 08:00,19.2,18.2,1.1,1,1001.8,1006.2,99.9,,
763,2020-07-15 09:00,19.3,25.2,1.4,0,1001.8,1006.2,99.9,,
763,2020-07-15 10:00,20,27.2,1.4,.5,1002,1006.4,99.9,,
763,2020-07-15 11:00,19.9,11.4,1.5,2.5,1001.9,1006.3,99.8,,
763,2020-07-15 12:00,20.6,22.6,1.6,1,1001.7,1006.1,98.8,,
763,2020-07-15 13:00,20.9,68.1,1.3,0,1001.5,1005.9,96.1,,
763,2020-07-15 14:00,22,87.4,1,0,1001.3,1005.7,89.3,,
763,2020-07-15 15:00,23,85.5,.5,0,1001,1005.3,81.4,,
763,2020-07-15 16:00,22.8,0,.4,0,1000.7,1005,82.6,,
763,2020-07-15 17:00,22.1,216.8,.6,0,1000.7,1005.1,90.4,,
763,2020-07-15 18:00,22,122.2,.5,0,1000.8,1005.2,91.7,,
763,2020-07-15 19:00,21.3,0,.3,0,1001.1,1005.5,93.9,,
763,2020-07-15 20:00,21,0,.1,0,1001.5,1005.9,95.7,,
763,2020-07-15 21:00,20.7,121.2,.5,0,1002.4,1006.8,96.6,,
763,2020-07-15 22:00,20.2,125.5,.8,0,1003,1007.4,97,,
763,2020-07-15 23:00,20.2,93,.5,0,1002.9,1007.3,96.6,,
763,2020-07-16 00:00,19.8,0,0,0,1002.9,1007.3,98.7,,
763,2020-07-16 01:00,19.5,0,.3,0,1003.3,1007.7,99.5,,
763,2020-07-16 02:00,18.9,0,0,0,1003.5,1007.9,99.9,,
763,2020-07-16 03:00,18.9,0,.1,0,1003.3,1007.7,99.9,,
763,2020-07-16 04:00,18.5,0,0,0,1003.4,1007.8,99.9,,
763,2020-07-16 05:00,19,0,.1,0,1003.4,1007.8,99.9,,
763,2020-07-16 06:00,19.2,0,0,0,1003.5,1007.9,99.9,,
763,2020-07-16 07:00,19.7,0,0,0,1003.7,1008.1,99.9,,
763,2020-07-16 08:00,20.7,39.8,.8,0,1004.1,1008.5,94.4,,
763,2020-07-16 09:00,22.7,16.8,1.8,0,1004,1008.4,81.7,,
763,2020-07-16 10:00,23.2,347.4,.7,0,1003.7,1008,76.1,,
763,2020-07-16 11:00,24.4,4.4,2,0,1003.4,1007.7,69.9,,
763,2020-07-16 12:00,25.6,13.2,2.2,0,1003.2,1007.5,65.6,,
763,2020-07-16 13:00,26.4,22.3,1.5,0,1002.8,1007.1,65.5,,
763,2020-07-16 14:00,26.6,24.8,2.7,0,1002.8,1007.1,66.9,,
763,2020-07-16 15:00,26.9,1.8,2.1,0,1002.6,1006.9,62.2,,
763,2020-07-16 16:00,27.4,351,1.5,0,1002.2,1006.5,58.1,,
763,2020-07-16 17:00,27.8,17.9,1.8,0,1001.8,1006.1,60.6,,
763,2020-07-16 18:00,27.4,350.4,1.2,0,1001.5,1005.8,60.8,,
763,2020-07-16 19:00,26.2,322.9,.5,0,1001.6,1005.9,65.1,,
763,2020-07-16 20:00,22.8,0,0,0,1002.1,1006.4,90.7,,
763,2020-07-16 21:00,21.7,0,.1,0,1003,1007.4,91.9,,
763,2020-07-16 22:00,21.4,0,.2,0,1003.8,1008.2,94.5,,
763,2020-07-16 23:00,21,99.1,.8,0,1004.3,1008.7,98.1,,
763,2020-07-17 00:00,20.7,0,.1,0,1004.5,1008.9,99.2,,
763,2020-07-17 01:00,20.4,0,0,0,1004.6,1009,98.5,,
763,2020-07-17 02:00,19.9,0,0,0,1004.6,1009,99.4,,
763,2020-07-17 03:00,19.7,0,0,0,1004.5,1008.9,99.7,,
763,2020-07-17 04:00,19.9,0,0,0,1004.3,1008.7,99.2,,
763,2020-07-17 05:00,20,0,0,0,1004.4,1008.8,99,,
763,2020-07-17 06:00,19.8,0,0,0,1004.7,1009.1,99.3,,
763,2020-07-17 07:00,20.2,0,.1,0,1005.3,1009.7,99.3,,
763,2020-07-17 08:00,21.1,0,.4,0,1005.8,1010.2,96.8,,
763,2020-07-17 09:00,23,0,.4,0,1005.9,1010.3,86.4,,
763,2020-07-17 10:00,23.2,275.8,1.1,0,1006.1,1010.4,84.2,,
763,2020-07-17 11:00,24.7,0,.1,0,1005.5,1009.8,79.2,,
763,2020-07-17 12:00,26.4,26.1,1.5,0,1004.6,1008.9,71.6,,
763,2020-07-17 13:00,27.4,7.3,1.1,0,1004.1,1008.4,67.5,,
763,2020-07-17 14:00,28.3,353.9,1.1,0,1004,1008.3,66.8,,
763,2020-07-17 15:00,29.1,321.9,1.5,0,1003.7,1008,60.2,,
763,2020-07-17 16:00,29.9,326.5,1.5,0,1003.5,1007.7,60.6,,
763,2020-07-17 17:00,28.6,289.6,2.1,0,1003.2,1007.5,67.6,,
763,2020-07-17 18:00,27.1,266.8,2.6,0,1003.5,1007.8,70.9,,
763,2020-07-17 19:00,26,256.9,1,0,1004,1008.3,74.2,,
763,2020-07-17 20:00,25,0,0,0,1004.6,1008.9,77.8,,
763,2020-07-17 21:00,23.2,0,.2,0,1004.9,1009.2,87.4,,
763,2020-07-17 22:00,22,0,0,0,1005.5,1009.9,92.7,,
763,2020-07-17 23:00,21.3,0,0,0,1005.3,1009.7,91.3,,
763,2020-07-18 00:00,20.9,0,.1,0,1005.4,1009.8,90.5,,
763,2020-07-18 01:00,21.3,0,.3,0,1005.3,1009.7,88.7,,
763,2020-07-18 02:00,21.2,0,.2,0,1004.8,1009.2,90.7,,
763,2020-07-18 03:00,20.5,325.4,.5,0,1004.3,1008.7,92.1,,
763,2020-07-18 04:00,19.9,0,0,0,1004.7,1009.1,96.5,,
763,2020-07-18 05:00,19.6,0,0,0,1004.9,1009.3,97.9,,
763,2020-07-18 06:00,19.8,0,0,0,1005.4,1009.8,98.3,,
763,2020-07-18 07:00,21.1,0,0,0,1005.7,1010.1,94.3,,
763,2020-07-18 08:00,22.3,95,1,0,1005.7,1010.1,89.1,,
763,2020-07-18 09:00,23.6,281.4,.6,0,1006,1010.3,82.1,,
763,2020-07-18 10:00,23.3,270.2,1.3,0,1006.1,1010.4,84.8,,
763,2020-07-18 11:00,25.7,12.4,.8,0,1006,1010.3,77.1,,
763,2020-07-18 12:00,25.5,105.7,1,0,1005.1,1009.4,73.1,,
763,2020-07-18 13:00,25.7,290.5,1.2,0,1005.1,1009.4,75.3,,
763,2020-07-18 14:00,27.3,28.9,1,0,1004.6,1008.9,65.8,,
763,2020-07-18 15:00,27.3,235.2,.7,0,1004,1008.3,68.1,,
763,2020-07-18 16:00,28.1,102.2,.7,0,1003.7,1008,64.8,,
763,2020-07-18 17:00,28.3,0,.4,0,1003.2,1007.5,60.5,,
763,2020-07-18 18:00,27.5,98.5,.7,0,1003,1007.3,67,,
763,2020-07-18 19:00,26.2,231.1,.6,0,1003.8,1008.1,64.3,,
763,2020-07-18 20:00,25.8,0,.4,0,1004.1,1008.4,67.3,,
763,2020-07-18 21:00,25.4,0,.4,0,1004.4,1008.7,65.9,,
763,2020-07-18 22:00,24.8,152,.6,0,1004.9,1009.2,68.3,,
763,2020-07-18 23:00,24,98.8,.5,0,1004.7,1009,72.3,,
763,2020-07-19 00:00,23.9,98.4,.7,0,1004.7,1009,72.7,,
763,2020-07-19 01:00,21.5,145.6,.6,1,1004.7,1009.1,88.5,,
763,2020-07-19 02:00,20.9,294.2,.5,.5,1003.8,1008.2,97.9,,
763,2020-07-19 03:00,20.6,340,.8,3.5,1003.3,1007.7,99.1,,
763,2020-07-19 04:00,20.6,0,.1,1.5,1002.6,1007,99,,
763,2020-07-19 05:00,20.7,0,.3,0,1002.6,1007,99.2,,
763,2020-07-19 06:00,20.8,0,.1,0,1002.3,1006.7,99.6,,
763,2020-07-19 07:00,21.6,20.2,.9,0,1001.9,1006.3,96.9,,
763,2020-07-19 08:00,22.9,0,.2,0,1001.8,1006.1,92.1,,
763,2020-07-19 09:00,24.7,31.3,1,0,1001.9,1006.2,84.3,,
763,2020-07-19 10:00,27.6,144.7,1.8,0,1001.7,1006,73.4,,
763,2020-07-19 11:00,28.1,148.4,1.3,0,1001.8,1006.1,73.5,,
763,2020-07-19 12:00,29.1,157.1,1.6,0,1001.3,1005.5,70.5,,
763,2020-07-19 13:00,29.5,151.6,1.2,0,1000.8,1005,70.5,,
763,2020-07-19 14:00,29.3,147.9,1.4,0,1000.4,1004.6,70.6,,
763,2020-07-19 15:00,29.1,165.7,1.1,0,1000,1004.2,70.7,,
763,2020-07-19 16:00,29.3,155.3,1,0,999.8,1004,69,,
763,2020-07-19 17:00,29.6,154,1.7,0,999.4,1003.6,69.9,,
763,2020-07-19 18:00,28.6,162.2,1.2,0,999.4,1003.6,72.3,,
763,2020-07-19 19:00,28.4,156.2,1.2,0,999.7,1003.9,72.7,,
763,2020-07-19 20:00,28.4,177.4,1.1,0,999.8,1004,71,,
763,2020-07-19 21:00,28.1,137.3,1.6,0,999.7,1004,74.4,,
763,2020-07-19 22:00,28.1,149.8,.9,0,1000.1,1004.4,75.3,,
763,2020-07-19 23:00,28,143,1.5,0,1000,1004.3,76.3,,
763,2020-07-20 00:00,28,170.6,1,0,999.8,1004.1,75.7,,
763,2020-07-20 01:00,28.1,147.5,.8,0,999,1003.3,74.7,,
763,2020-07-20 02:00,28.2,188.3,1.2,0,999.7,1004,74.7,,
763,2020-07-20 03:00,27.9,180,.9,0,999.5,1003.8,76.8,,
763,2020-07-20 04:00,27.1,201.5,1.3,0,999.9,1004.2,81.5,,
763,2020-07-20 05:00,26.1,223.2,.7,0,999.6,1003.9,87.3,,
763,2020-07-20 06:00,24.8,195.1,.8,8.5,1000,1004.3,97.6,,
763,2020-07-20 07:00,24.7,218.4,1.7,6,1001,1005.3,97.8,,
763,2020-07-20 08:00,24.4,202.6,2,1.5,1002.4,1006.7,94.5,,
763,2020-07-20 09:00,23.8,209.4,.8,1,1002.3,1006.6,96.4,,
763,2020-07-20 10:00,23.7,210.2,.9,0,1002.7,1007,95.1,,
763,2020-07-20 11:00,23.7,231.1,1.4,0,1003.3,1007.6,94.5,,
763,2020-07-20 12:00,23.7,211.2,1.2,0,1003.5,1007.8,93.3,,
763,2020-07-20 13:00,23.2,242,2,.5,1003.9,1008.2,97.5,,
763,2020-07-20 14:00,22.5,252.2,2.4,.5,1003.9,1008.3,98.5,,
763,2020-07-20 15:00,22.1,267.9,2.2,0,1004.3,1008.7,97.4,,
763,2020-07-20 16:00,22.5,258.3,2.1,0,1004.6,1009,93.5,,
763,2020-07-20 17:00,24,229.2,.8,0,1004.6,1008.9,87.3,,
763,2020-07-20 18:00,23.5,0,.4,0,1004.1,1008.4,90.4,,
763,2020-07-20 19:00,23.1,0,.2,0,1004.8,1009.1,91.3,,
763,2020-07-20 20:00,22.8,0,.1,0,1005.5,1009.9,93.7,,
763,2020-07-20 21:00,22.2,0,0,0,1006.4,1010.8,96.7,,
763,2020-07-20 22:00,22.3,0,0,0,1007.1,1011.5,97.2,,
763,2020-07-20 23:00,22.2,262.4,.9,0,1007.3,1011.7,94.5,,
763,2020-07-21 00:00,21.8,0,.2,0,1007.5,1011.9,98,,
763,2020-07-21 01:00,21.9,0,0,0,1007.2,1011.6,96.8,,
763,2020-07-21 02:00,21.8,0,0,0,1007.3,1011.7,96.4,,
763,2020-07-21 03:00,21.7,0,0,0,1007.4,1011.8,97.5,,
763,2020-07-21 04:00,21.6,0,.1,0,1007.7,1012.1,98,,
763,2020-07-21 05:00,21.6,0,0,0,1008.3,1012.7,98.7,,
763,2020-07-21 06:00,21.5,0,0,0,1008.7,1013.1,98.9,,
763,2020-07-21 07:00,22.9,0,.4,0,1008.5,1012.9,90.5,,
763,2020-07-21 08:00,23.2,283.1,.9,0,1008.7,1013.1,86.8,,
763,2020-07-21 09:00,23.6,324.5,.5,0,1009,1013.3,83.9,,
763,2020-07-21 10:00,25.5,310.6,.5,0,1009.1,1013.4,72,,
763,2020-07-21 11:00,26.3,279,.8,0,1008.6,1012.9,67.3,,
763,2020-07-21 12:00,28.1,90.2,1.2,0,1008.4,1012.7,60.2,,
763,2020-07-21 13:00,27.9,291.8,1.8,0,1008.2,1012.5,62.1,,
763,2020-07-21 14:00,28.3,278.9,1.6,0,1007.9,1012.2,59.1,,
763,2020-07-21 15:00,28.8,263.9,1.6,0,1007.3,1011.6,57.8,,
763,2020-07-21 16:00,28.7,267.7,1.8,0,1007.1,1011.4,58.4,,
763,2020-07-21 17:00,27.3,282.4,2,0,1007,1011.3,69.8,,
763,2020-07-21 18:00,27.3,292.3,1.7,0,1007.1,1011.4,71.3,,
763,2020-07-21 19:00,26.6,257.4,.6,0,1007.2,1011.5,72.7,,
763,2020-07-21 20:00,25.2,258.9,.6,0,1007.2,1011.5,79.6,,
763,2020-07-21 21:00,24.4,0,0,0,1007.7,1012,88.2,,
763,2020-07-21 22:00,24.1,0,.2,0,1007.8,1012.1,90.4,,
763,2020-07-21 23:00,23.8,0,.1,0,1007.5,1011.8,91,,
763,2020-07-22 00:00,23.8,0,.1,0,1007.5,1011.8,87.1,,
763,2020-07-22 01:00,23,0,.1,.5,1007.3,1011.7,94.9,,
763,2020-07-22 02:00,22.3,121.6,.5,1.5,1006.8,1011.2,99.2,,
763,2020-07-22 03:00,22.1,296.3,.8,.5,1006.4,1010.8,99.6,,
763,2020-07-22 04:00,21.6,267,.5,3,1006.1,1010.5,99.5,,
763,2020-07-22 05:00,21.5,0,.1,6.5,1006.3,1010.7,99.8,,
763,2020-07-22 06:00,21.7,0,0,1,1006.1,1010.5,99.9,,
763,2020-07-22 07:00,21.9,0,0,.5,1006.2,1010.6,99.6,,
763,2020-07-22 08:00,22.5,0,.1,.5,1006.2,1010.6,99.6,,
763,2020-07-22 09:00,22.9,0,.3,0,1006.2,1010.6,98.2,,
763,2020-07-22 10:00,23.3,0,0,0,1006.3,1010.6,96.1,,
763,2020-07-22 11:00,23.6,0,.3,0,1006.5,1010.8,96.2,,
763,2020-07-22 12:00,23.7,0,.1,0,1006.4,1010.7,98.3,,
763,2020-07-22 13:00,24.2,0,.3,.5,1006,1010.3,95.9,,
763,2020-07-22 14:00,23.6,248.4,1.2,0,1006,1010.3,95.6,,
763,2020-07-22 15:00,22.2,257.8,1.8,0,1006.1,1010.5,95.2,,
763,2020-07-22 16:00,22.1,238,1,0,1006.1,1010.5,95,,
763,2020-07-22 17:00,22.5,0,.3,0,1005.9,1010.3,93.3,,
763,2020-07-22 18:00,22.4,0,0,0,1006,1010.4,91.4,,
763,2020-07-22 19:00,22.1,0,.1,0,1006,1010.4,96.2,,
763,2020-07-22 20:00,21.6,119.4,.8,0,1006,1010.4,96.4,,
763,2020-07-22 21:00,21.3,0,.1,0,1006.6,1011,97.5,,
763,2020-07-22 22:00,21.2,0,.1,0,1006.5,1010.9,96.6,,
763,2020-07-22 23:00,21.3,0,.1,0,1006.2,1010.6,95,,
763,2020-07-23 00:00,20.9,0,.1,0,1006,1010.4,98.9,,
763,2020-07-23 01:00,21,0,0,0,1005.7,1010.1,96.8,,
763,2020-07-23 02:00,20.8,0,.4,.5,1005.8,1010.2,98.7,,
763,2020-07-23 03:00,20.8,0,.1,0,1006,1010.4,99.4,,
763,2020-07-23 04:00,20.8,0,0,0,1005.2,1009.6,99.9,,
763,2020-07-23 05:00,20.5,285.3,.6,0,1004.5,1008.9,99.9,,
763,2020-07-23 06:00,20.7,0,.3,.5,1006,1010.4,99.9,,
763,2020-07-23 07:00,20.8,0,0,.5,1006.1,1010.5,99.9,,
763,2020-07-23 08:00,20.9,105.9,.8,3,1005.8,1010.2,99.9,,
763,2020-07-23 09:00,21.8,0,.3,.5,1005.5,1009.9,99.4,,
763,2020-07-23 10:00,21.9,118.6,.9,1,1005,1009.4,98.2,,
763,2020-07-23 11:00,22.1,86.5,.5,1,1003,1007.4,95.5,,
763,2020-07-23 12:00,22.9,79.5,1.2,.5,1001,1005.3,90.6,,
763,2020-07-23 13:00,22.6,99.7,1.8,2,999.6,1003.9,93.8,,
763,2020-07-23 14:00,22,91.7,1.1,6,999,1003.3,97.7,,
763,2020-07-23 15:00,22.4,143.9,1,8,998.6,1002.9,97,,
763,2020-07-23 16:00,24.1,124.3,1.1,0,997.3,1001.6,90.2,,
763,2020-07-23 17:00,25.2,126.8,1.6,0,995.7,1000,79.7,,
763,2020-07-23 18:00,24.7,120.1,2.3,0,994.3,998.6,79.9,,
763,2020-07-23 19:00,23.8,126.6,1.4,1,993.2,997.5,83.5,,
763,2020-07-23 20:00,22.2,127.4,1.3,5,994,998.3,96.5,,
763,2020-07-23 21:00,21.7,271.1,1.8,7,994.6,998.9,99.6,,
763,2020-07-23 22:00,21.6,0,.4,1.5,994.2,998.5,99.7,,
763,2020-07-23 23:00,21.8,108.3,1.2,0,993.3,997.6,97.1,,
763,2020-07-24 00:00,21.3,0,.1,1.5,992.4,996.7,99.5,,
763,2020-07-24 01:00,21.5,0,0,0,991.8,996.1,98.6,,
763,2020-07-24 02:00,21.3,79.1,.7,2.5,991.7,996,99.8,,
763,2020-07-24 03:00,21.3,0,.2,1,991.4,995.7,99.8,,
763,2020-07-24 04:00,21.3,0,0,3,991.6,995.9,99.9,,
763,2020-07-24 05:00,21.2,91.6,.7,2.5,991.5,995.8,99.9,,
763,2020-07-24 06:00,21.1,26.4,.5,.5,991.8,996.1,99.9,,
763,2020-07-24 07:00,21.1,0,.4,0,992.4,996.7,99.8,,
763,2020-07-24 08:00,21,34.3,1.5,.5,992.9,997.2,97.8,,
763,2020-07-24 09:00,21,6,.8,0,992.9,997.2,97.8,,
763,2020-07-24 10:00,21.6,20.5,1,0,992.9,997.2,97.6,,
763,2020-07-24 11:00,21.9,17.4,.6,0,993,997.3,96.8,,
763,2020-07-24 12:00,21.3,77.7,.8,3,993.2,997.5,97.3,,
763,2020-07-24 13:00,20.8,19.3,.6,5,993,997.3,99.6,,
763,2020-07-24 14:00,20.9,352.8,.7,5.5,992.9,997.2,99.7,,
763,2020-07-24 15:00,21.4,341.9,1.1,1,993.1,997.4,98.7,,
763,2020-07-24 16:00,22.6,332.7,.6,0,992.8,997.1,96,,
763,2020-07-24 17:00,23.5,342.5,1.2,0,992.9,997.2,90.6,,
763,2020-07-24 18:00,23.3,5,1.5,.5,993.1,997.4,87.5,,
763,2020-07-24 19:00,22.2,322,1,0,993.6,997.9,95.7,,
763,2020-07-24 20:00,21.3,0,.2,3.5,994,998.3,99.5,,
763,2020-07-24 21:00,21,0,0,0,994.7,999.1,99.9,,
763,2020-07-24 22:00,21,0,.2,0,995,999.4,99.9,,
763,2020-07-24 23:00,21.1,0,.4,0,995.1,999.5,99.9,,
763,2020-07-25 00:00,20.9,0,0,0,995.2,999.6,99.5,,
763,2020-07-25 01:00,20.8,0,0,0,995.5,999.9,99.9,,
763,2020-07-25 02:00,20.9,0,0,0,995.6,1000,99.9,,
763,2020-07-25 03:00,20.9,0,.2,.5,995.8,1000.2,99.9,,
763,2020-07-25 04:00,20.8,0,.3,0,996.1,1000.5,99.9,,
763,2020-07-25 05:00,20.7,0,.2,0,996.3,1000.7,99.9,,
763,2020-07-25 06:00,20.6,0,.4,0,996.8,1001.2,99.9,,
763,2020-07-25 07:00,20.8,337.6,.9,0,997.1,1001.5,99.9,,
763,2020-07-25 08:00,21.2,321.4,.7,0,997.6,1002,99.4,,
763,2020-07-25 09:00,22,348.6,1.1,0,997.8,1002.1,96.4,,
763,2020-07-25 10:00,23,50,1.5,0,997.9,1002.2,86.9,,
763,2020-07-25 11:00,23.8,14.3,1.6,0,998.4,1002.7,84.5,,
763,2020-07-25 12:00,25.9,9.8,1.8,0,998.5,1002.8,73.8,,
763,2020-07-25 13:00,25.7,348.8,1.6,0,998.3,1002.6,75.7,,
763,2020-07-25 14:00,25.2,352.6,1.2,0,998.1,1002.4,77.9,,
763,2020-07-25 15:00,23.6,36.8,1.4,4,998.2,1002.5,89.3,,
763,2020-07-25 16:00,24.3,88.6,1.3,0,998.4,1002.7,87.7,,
763,2020-07-25 17:00,24.5,357.6,.5,0,998.6,1002.9,86.7,,
763,2020-07-25 18:00,25.5,24,.7,0,998.7,1003,82,,
763,2020-07-25 19:00,23.6,41.6,1.2,0,999.3,1003.6,92,,
763,2020-07-25 20:00,22.4,0,.4,0,999.9,1004.2,97.3,,
763,2020-07-25 21:00,21.9,0,0,0,1000.8,1005.2,99.6,,
763,2020-07-25 22:00,22.1,0,0,0,1001.4,1005.8,99.5,,
763,2020-07-25 23:00,21.9,0,0,0,1001.8,1006.2,99.6,,
763,2020-07-26 00:00,21.7,0,.4,0,1002.1,1006.5,99.9,,
763,2020-07-26 01:00,21.8,0,0,0,1001.8,1006.2,99.6,,
763,2020-07-26 02:00,21.9,0,0,0,1001.7,1006.1,99.3,,
763,2020-07-26 03:00,21.7,0,.1,0,1001.7,1006.1,99.7,,
763,2020-07-26 04:00,21.6,0,0,0,1002.1,1006.5,99.9,,
763,2020-07-26 05:00,21.6,0,.3,0,1002.4,1006.8,99.9,,
763,2020-07-26 06:00,21.6,0,0,0,1002.6,1007,99.4,,
763,2020-07-26 07:00,21.7,0,0,0,1003,1007.4,98.2,,
763,2020-07-26 08:00,21.8,0,.2,0,1003.7,1008.1,97,,
763,2020-07-26 09:00,21.6,217.9,.5,.5,1004.2,1008.6,98.7,,
763,2020-07-26 10:00,21.9,0,.1,.5,1004.2,1008.6,99.2,,
763,2020-07-26 11:00,23.9,241.1,.8,0,1003.8,1008.1,90.3,,
763,2020-07-26 12:00,25,203.2,.5,0,1003.6,1007.9,78.2,,
763,2020-07-26 13:00,25.1,281.7,1.5,0,1003.2,1007.5,80.6,,
763,2020-07-26 14:00,26.1,286.5,1.4,0,1002.9,1007.2,77.2,,
763,2020-07-26 15:00,26.5,284.4,2.7,0,1003.1,1007.4,74.4,,
763,2020-07-26 16:00,26.3,284.7,2,0,1003,1007.3,76.8,,
763,2020-07-26 17:00,26.6,.1,1.2,0,1002.8,1007.1,73.7,,
763,2020-07-26 18:00,25.4,355.5,.8,0,1003.1,1007.4,80.7,,
763,2020-07-26 19:00,24,286,1.1,0,1003.6,1007.9,83.7,,
763,2020-07-26 20:00,23.3,0,.4,0,1003.7,1008,85.9,,
763,2020-07-26 21:00,23,0,0,0,1003.9,1008.2,85.1,,
763,2020-07-26 22:00,22.8,0,.4,0,1004.4,1008.7,94,,
763,2020-07-26 23:00,22.3,0,.2,0,1004.4,1008.8,91.8,,
763,2020-07-27 00:00,22.5,0,0,0,1004.3,1008.7,91.9,,
763,2020-07-27 01:00,21.9,0,0,0,1004.4,1008.8,93.8,,
763,2020-07-27 02:00,21.4,44.5,.6,0,1004.2,1008.6,99.1,,
763,2020-07-27 03:00,21.3,0,0,0,1004.2,1008.6,98.7,,
763,2020-07-27 04:00,21.2,0,0,0,1004.4,1008.8,97.5,,
763,2020-07-27 05:00,21,0,.4,0,1004.2,1008.6,97.5,,
763,2020-07-27 06:00,20.9,290.3,.5,0,1004,1008.4,98.8,,
763,2020-07-27 07:00,21.6,286.8,.6,0,1005,1009.4,98.8,,
763,2020-07-27 08:00,22.7,0,0,0,1005.2,1009.6,94.9,,
763,2020-07-27 09:00,23.6,64.7,1,0,1004.9,1009.2,90.7,,
763,2020-07-27 10:00,24.3,3.6,.5,0,1004.9,1009.2,85.6,,
763,2020-07-27 11:00,25.2,43,1,0,1005,1009.3,79.9,,
763,2020-07-27 12:00,25.9,59.4,.6,0,1004.8,1009.1,74.5,,
763,2020-07-27 13:00,26.7,14.2,1.1,0,1004.4,1008.7,73.9,,
763,2020-07-27 14:00,26.7,14.6,.9,0,1004.4,1008.7,72.7,,
763,2020-07-27 15:00,26.7,2.4,1.2,0,1003.8,1008.1,75.4,,
763,2020-07-27 16:00,26.6,342.9,1.1,0,1003.7,1008,76.6,,
763,2020-07-27 17:00,25.6,0,.3,0,1003.2,1007.5,86.7,,
763,2020-07-27 18:00,25.8,7.9,.6,0,1002.9,1007.2,84.8,,
763,2020-07-27 19:00,25,0,.4,0,1003.2,1007.5,88.4,,
763,2020-07-27 20:00,24,0,0,.5,1003.5,1007.8,98.4,,
763,2020-07-27 21:00,22.7,0,.2,3.5,1004,1008.4,99.2,,
763,2020-07-27 22:00,21.8,333.3,.8,1.5,1004,1008.4,99.2,,
763,2020-07-27 23:00,21.8,0,.3,1,1003.9,1008.3,99.8,,
763,2020-07-28 00:00,21.8,11.3,1,1.5,1003.8,1008.2,99.9,,
763,2020-07-28 01:00,21.9,6.3,.8,.5,1003.9,1008.3,99.9,,
763,2020-07-28 02:00,21.9,346.3,.8,0,1004,1008.4,99.9,,
763,2020-07-28 03:00,21.9,28.7,.7,.5,1004.2,1008.6,99.9,,
763,2020-07-28 04:00,21.8,4.2,.6,0,1004.3,1008.7,99.9,,
763,2020-07-28 05:00,21.6,0,.2,0,1005.1,1009.5,99.9,,
763,2020-07-28 06:00,21.8,0,.2,0,1005.5,1009.9,99.9,,
763,2020-07-28 07:00,22,0,.1,0,1006,1010.4,99.9,,
763,2020-07-28 08:00,22.3,0,.1,0,1006.4,1010.8,99.1,,
763,2020-07-28 09:00,23,0,.3,0,1006.4,1010.8,98.4,,
763,2020-07-28 10:00,23.8,11.7,.7,0,1006.6,1010.9,95.9,,
763,2020-07-28 11:00,24.8,8.8,1.5,0,1006.7,1011,93,,
763,2020-07-28 12:00,25.6,19.5,1.1,0,1006.4,1010.7,87.1,,
763,2020-07-28 13:00,26.2,344.7,1,0,1006,1010.3,86.5,,
763,2020-07-28 14:00,25,0,.4,2,1006.2,1010.5,96.8,,
763,2020-07-28 15:00,26.3,32.7,.6,1,1005.9,1010.2,93.9,,
763,2020-07-28 16:00,25.9,0,.3,.5,1005.9,1010.2,93.8,,
763,2020-07-28 17:00,26.3,6.7,.5,0,1005.8,1010.1,90.8,,
763,2020-07-28 18:00,26.3,337.9,.9,0,1005.8,1010.1,91.6,,
763,2020-07-28 19:00,25.8,0,0,0,1006.1,1010.4,95.6,,
763,2020-07-28 20:00,25.2,0,0,0,1006.1,1010.4,98.6,,
763,2020-07-28 21:00,24.9,0,0,0,1006.6,1010.9,99.6,,
763,2020-07-28 22:00,24.9,0,0,0,1007,1011.3,99.6,,
763,2020-07-28 23:00,24.8,114.1,.5,1.5,1007.2,1011.5,95.4,,
763,2020-07-29 00:00,24.9,131.3,.7,0,1007.2,1011.5,93.4,,
763,2020-07-29 01:00,24.7,0,.2,0,1007.2,1011.5,96.5,,
763,2020-07-29 02:00,24.4,0,0,1,1007.1,1011.4,98.9,,
763,2020-07-29 03:00,24.6,0,.4,.5,1006.6,1010.9,97.4,,
763,2020-07-29 04:00,24.7,130.1,.6,.5,1006.5,1010.8,97.3,,
763,2020-07-29 05:00,24.7,0,.3,1,1007,1011.3,97.4,,
763,2020-07-29 06:00,24.3,0,.1,2,1007.3,1011.6,99.7,,
763,2020-07-29 07:00,24.3,0,.2,2,1007.5,1011.8,99.9,,
763,2020-07-29 08:00,24.3,0,0,3.5,1008.2,1012.5,99.9,,
763,2020-07-29 09:00,24.2,246.8,.5,5.5,1008.5,1012.8,99.9,,
763,2020-07-29 10:00,24.5,0,.4,3,1008.7,1013,98.7,,
763,2020-07-29 11:00,25.7,134.8,1,0,1008.7,1013,89.3,,
763,2020-07-29 12:00,26,115.3,.5,0,1008.8,1013.1,88.7,,
763,2020-07-29 13:00,24.7,0,.4,1.5,1008.6,1012.9,95.1,,
763,2020-07-29 14:00,26.5,136.6,.8,.5,1008.3,1012.6,91.7,,
763,2020-07-29 15:00,26,154.7,.5,0,1008.3,1012.6,90.4,,
763,2020-07-29 16:00,26,146.4,1,0,1007.9,1012.2,90.8,,
763,2020-07-29 17:00,25.6,145.3,.5,0,1008,1012.3,92.6,,
763,2020-07-29 18:00,25.6,0,.4,0,1008.1,1012.4,90.1,,
763,2020-07-29 19:00,25.3,0,.2,1,1007.8,1012.1,95,,
763,2020-07-29 20:00,25.4,0,.2,0,1008.2,1012.5,91.3,,
763,2020-07-29 21:00,25.6,147.7,.7,0,1008.6,1012.9,88.5,,
763,2020-07-29 22:00,25.6,128.4,1,0,1008.8,1013.1,89.1,,
763,2020-07-29 23:00,25.7,0,.2,0,1009,1013.3,89.2,,
763,2020-07-30 00:00,25.6,0,.4,0,1009,1013.3,89.5,,
763,2020-07-30 01:00,25.9,175.7,.5,0,1008.8,1013.1,89.7,,
763,2020-07-30 02:00,26,190.7,.7,0,1008.6,1012.9,89.5,,
763,2020-07-30 03:00,25.3,200.6,.6,.5,1008.3,1012.6,94,,
763,2020-07-30 04:00,24.9,181.1,.9,8.5,1008.2,1012.5,97.3,,
763,2020-07-30 05:00,25.1,187.1,1,3,1008.1,1012.5,97.5,,
763,2020-07-30 06:00,24.7,265.4,2.2,29,1009.1,1013.4,99,,
763,2020-07-30 07:00,24.4,282.9,.7,16,1009.6,1013.9,99.9,,
763,2020-07-30 08:00,24.3,246,1.7,3.5,1009.7,1014,98.8,,
763,2020-07-30 09:00,23.8,272.3,1.5,11,1010.5,1014.9,99.6,,
763,2020-07-30 10:00,23.7,0,.2,6.5,1010.9,1015.3,99.9,,
763,2020-07-30 11:00,23.9,0,.1,12.5,1011.1,1015.5,99.9,,
763,2020-07-30 12:00,25.2,0,.3,2,1010.8,1015.2,99.7,,
763,2020-07-30 13:00,25.3,194.5,.8,.5,1010.3,1014.7,97.4,,
763,2020-07-30 14:00,26.1,169.1,.8,0,1010.1,1014.4,89.5,,
763,2020-07-30 15:00,26.9,162.9,.5,0,1009.9,1014.2,86,,
763,2020-07-30 16:00,27.4,0,.3,0,1009.9,1014.2,85,,
763,2020-07-30 17:00,27,0,.2,0,1009.8,1014.1,84,,
763,2020-07-30 18:00,26.3,0,0,1,1009.6,1013.9,96.8,,
763,2020-07-30 19:00,25.8,245.6,.5,0,1009.7,1014,96.7,,
763,2020-07-30 20:00,25,0,.2,0,1009.7,1014.1,98.4,,
763,2020-07-30 21:00,24.5,0,.2,0,1010.4,1014.7,99.4,,
763,2020-07-30 22:00,24.1,0,0,0,1010.7,1015,99.6,,
763,2020-07-30 23:00,24.1,0,.3,0,1010.7,1015,99.9,,
763,2020-07-31 00:00,24.1,293,.5,.5,1010.5,1014.8,99.9,,
763,2020-07-31 01:00,24.1,54.7,.5,0,1010.4,1014.7,99.9,,
763,2020-07-31 02:00,24,9.9,.5,0,1010.7,1015,99.9,,
763,2020-07-31 03:00,24,0,.4,0,1010.8,1015.1,99.9,,
763,2020-07-31 04:00,24,0,.2,0,1010.6,1014.9,99.9,,
763,2020-07-31 05:00,24.1,0,0,0,1010.8,1015.1,99.9,,
763,2020-07-31 06:00,24.1,0,.3,0,1010.9,1015.2,99.9,,
763,2020-07-31 07:00,24.4,0,0,0,1011.4,1015.7,99.9,,
763,2020-07-31 08:00,25,0,.3,0,1011.6,1016,99.9,,
763,2020-07-31 09:00,24.5,183,.7,6,1011.9,1016.2,99.9,,
763,2020-07-31 10:00,25,96.5,.9,0,1011.9,1016.3,96.4,,
763,2020-07-31 11:00,27.3,282.4,.5,0,1011.5,1015.8,84.4,,
763,2020-07-31 12:00,28.9,0,.4,0,1011,1015.3,79.1,,
763,2020-07-31 13:00,29.1,281.1,.9,0,1010.6,1014.9,80.4,,
763,2020-07-31 14:00,28.5,291.2,1.6,0,1010.1,1014.4,81.9,,
763,2020-07-31 15:00,28.8,269.2,1.2,0,1009.9,1014.2,80.2,,
763,2020-07-31 16:00,28.9,0,.2,0,1009.3,1013.6,82.1,,
763,2020-07-31 17:00,28.6,281.3,2.2,0,1009.2,1013.5,83,,
763,2020-07-31 18:00,27.4,263.3,1.4,0,1009.1,1013.4,88.3,,
763,2020-07-31 19:00,26.8,266.2,.6,0,1009.6,1013.9,90.5,,
763,2020-07-31 20:00,26,261.1,.5,0,1009.6,1013.9,96.6,,
763,2020-07-31 21:00,25.6,250,.6,0,1009.3,1013.6,96.3,,
763,2020-07-31 22:00,25,0,0,0,1009.6,1014,98.9,,
763,2020-07-31 23:00,24.7,0,0,0,1009.8,1014.1,99.4,,
763,2020-08-01 00:00,24.4,0,0,0,1009.9,1014.2,99.6,,
763,2020-08-01 01:00,24.6,0,0,0,1009.7,1014,99.8,,
763,2020-08-01 02:00,24.3,0,0,0,1009.4,1013.7,99.6,,
763,2020-08-01 03:00,24.5,0,0,0,1009.2,1013.5,99.5,,
763,2020-08-01 04:00,24.3,0,.1,0,1008.8,1013.1,99.6,,
763,2020-08-01 05:00,23.9,0,0,0,1008.8,1013.1,99.8,,
763,2020-08-01 06:00,25.1,0,.2,0,1008.5,1012.9,96.5,,
763,2020-08-01 07:00,25.7,0,.4,0,1008.4,1012.7,88.8,,
763,2020-08-01 08:00,26.9,0,.4,0,1008.7,1013,82.4,,
763,2020-08-01 09:00,27.8,0,.4,0,1008.7,1013,80,,
763,2020-08-01 10:00,28.5,194.8,.6,0,1008.5,1012.8,74.4,,
763,2020-08-01 11:00,29.4,217.1,.8,0,1008.3,1012.6,69.3,,
763,2020-08-01 12:00,28.7,0,.4,0,1007.7,1012,71,,
763,2020-08-01 13:00,28.8,224.1,.5,0,1006.9,1011.2,71.5,,
763,2020-08-01 14:00,28,268.2,1.3,0,1007.3,1011.6,78.9,,
763,2020-08-01 15:00,27.5,200.9,.7,0,1006.8,1011.1,77.6,,
763,2020-08-01 16:00,25.2,0,.1,1,1006.6,1010.9,94.3,,
763,2020-08-01 17:00,25.1,176.9,.9,5.5,1005.9,1010.2,96.2,,
763,2020-08-01 18:00,24.9,152.4,.9,.5,1005.2,1009.5,89.7,,
763,2020-08-01 19:00,24.6,0,.3,0,1005.6,1009.9,89.3,,
763,2020-08-01 20:00,24.7,0,.3,0,1005.9,1010.2,87.7,,
763,2020-08-01 21:00,25.3,158.2,.8,0,1006.2,1010.5,87.2,,
763,2020-08-01 22:00,25.5,149.7,.8,0,1006.3,1010.6,87.4,,
763,2020-08-01 23:00,26,156.6,.7,0,1006.4,1010.7,84.6,,
763,2020-08-02 00:00,25.9,210.2,.9,0,1006.2,1010.5,85.5,,
763,2020-08-02 01:00,25.7,184.7,.8,0,1006.4,1010.7,88.8,,
763,2020-08-02 02:00,25.8,187.8,.6,0,1006,1010.3,90.6,,
763,2020-08-02 03:00,25.8,208.3,.6,0,1005.8,1010.1,91.3,,
763,2020-08-02 04:00,25.9,195,.7,0,1005.7,1010,90,,
763,2020-08-02 05:00,26.1,206.9,.7,0,1005.7,1010,87.8,,
763,2020-08-02 06:00,26.3,208.2,.8,0,1006,1010.3,86.3,,
763,2020-08-02 07:00,26.6,191.9,.7,0,1005.9,1010.2,85.7,,
763,2020-08-02 08:00,27.1,188.5,1,0,1006.2,1010.5,82.3,,
763,2020-08-02 09:00,27.6,176.6,.6,0,1006.3,1010.6,82.6,,
763,2020-08-02 10:00,28.8,179.7,.9,0,1006.2,1010.5,77.3,,
763,2020-08-02 11:00,30.3,205.6,1.3,0,1006.4,1010.7,72.4,,
763,2020-08-02 12:00,30.3,203.1,1.1,0,1005.6,1009.9,69.9,,
763,2020-08-02 13:00,29.8,214.6,1.4,0,1005.1,1009.3,70.2,,
763,2020-08-02 14:00,29.9,219,1.4,0,1004.9,1009.1,70.3,,
763,2020-08-02 15:00,29.4,219.1,1,0,1005.4,1009.7,73,,
763,2020-08-02 16:00,29.3,241,1.1,0,1004.6,1008.9,75.1,,
763,2020-08-02 17:00,29.1,224.7,.7,0,1004.4,1008.7,73.8,,
763,2020-08-02 18:00,28.8,225.2,1.3,0,1004.3,1008.6,72,,
763,2020-08-02 19:00,28.1,0,.3,0,1004.4,1008.7,78.8,,
763,2020-08-02 20:00,27.5,0,.2,0,1004.5,1008.8,82.9,,
763,2020-08-02 21:00,27.7,0,.4,0,1004.4,1008.7,79,,
763,2020-08-02 22:00,27.5,188.6,.8,0,1004.6,1008.9,75.5,,
763,2020-08-02 23:00,27.1,0,.4,0,1004.8,1009.1,78.2,,
763,2020-08-03 00:00,26.7,231.5,.7,0,1005.2,1009.5,81.2,,
763,2020-08-03 01:00,26.6,228.3,.5,0,1005.1,1009.4,81.1,,
763,2020-08-03 02:00,26.4,0,.4,0,1005.2,1009.5,81.2,,
763,2020-08-03 03:00,26.6,196.2,.6,0,1005.2,1009.5,80.8,,
763,2020-08-03 04:00,26.4,188.9,.6,0,1005,1009.3,81.1,,
763,2020-08-03 05:00,26.8,169.6,1,0,1004.7,1009,77.9,,
763,2020-08-03 06:00,26.5,0,.4,0,1004.9,1009.2,79.3,,
763,2020-08-03 07:00,26.6,136.5,.6,0,1005,1009.3,79.7,,
763,2020-08-03 08:00,26.9,130.2,.9,0,1005.5,1009.8,79.5,,
763,2020-08-03 09:00,27.8,145.7,.6,0,1005.6,1009.9,78.2,,
763,2020-08-03 10:00,29.2,192.7,1.3,0,1005.8,1010.1,74.2,,
763,2020-08-03 11:00,30.5,209.3,1.5,0,1005.6,1009.9,70,,
763,2020-08-03 12:00,30.7,199.6,1.4,0,1005.5,1009.8,67.4,,
763,2020-08-03 13:00,30.3,220.9,1.6,0,1005.5,1009.8,67.5,,
763,2020-08-03 14:00,30.5,227.8,2.1,0,1005.4,1009.7,66.8,,
763,2020-08-03 15:00,30,250.6,1.4,0,1006.1,1010.4,69.3,,
763,2020-08-03 16:00,29.5,231.9,1.1,0,1006.3,1010.6,72.9,,
763,2020-08-03 17:00,29.3,199.9,.9,0,1005.8,1010.1,73,,
763,2020-08-03 18:00,29,222.6,1.5,0,1005.5,1009.8,74,,
763,2020-08-03 19:00,28.3,207.6,.9,0,1005.5,1009.8,79.3,,
763,2020-08-03 20:00,27.8,208,.7,0,1005.6,1009.9,81.2,,
763,2020-08-03 21:00,27.3,0,0,0,1005.6,1009.9,84.4,,
763,2020-08-03 22:00,27.2,0,0,0,1005.7,1010,84.7,,
763,2020-08-03 23:00,27.3,0,.1,0,1006.2,1010.5,83.3,,
763,2020-08-04 00:00,27,0,.3,0,1006.8,1011.1,84.1,,
763,2020-08-04 01:00,26.3,0,0,0,1006.9,1011.2,87.7,,
763,2020-08-04 02:00,26.5,0,.2,0,1006.4,1010.7,85.6,,
763,2020-08-04 03:00,26,0,.2,0,1006.7,1011,90.2,,
763,2020-08-04 04:00,26.3,143.7,.5,0,1006.6,1010.9,86,,
763,2020-08-04 05:00,26.5,150.8,.7,0,1007,1011.3,83.6,,
763,2020-08-04 06:00,26.2,150.4,.8,0,1007.2,1011.5,84,,
763,2020-08-04 07:00,26.6,143.1,.7,0,1008,1012.3,81.7,,
763,2020-08-04 08:00,27.2,155.4,.6,0,1008.2,1012.5,81.1,,
763,2020-08-04 09:00,28.9,175,.7,0,1008.4,1012.7,76.7,,
763,2020-08-04 10:00,28.9,164,.6,0,1008.4,1012.7,74.9,,
763,2020-08-04 11:00,30.1,184.7,1.1,0,1008.2,1012.5,69.3,,
763,2020-08-04 12:00,30,171,.8,0,1008,1012.3,69.2,,
763,2020-08-04 13:00,31.6,224.2,1.2,0,1007.8,1012.1,66.8,,
763,2020-08-04 14:00,32.2,217.9,.9,0,1007.4,1011.6,63.4,,
763,2020-08-04 15:00,32,166,.6,0,1006.8,1011,64.4,,
763,2020-08-04 16:00,31.2,220.4,.5,0,1006.6,1010.9,67.9,,
763,2020-08-04 17:00,30.5,215.1,.5,0,1006.5,1010.8,73.3,,
763,2020-08-04 18:00,28.6,212.3,1.4,1.5,1006.7,1011,77.5,,
763,2020-08-04 19:00,29.2,0,.2,0,1007.1,1011.4,79.5,,
763,2020-08-04 20:00,28.6,0,.1,0,1007.5,1011.8,78.9,,
763,2020-08-04 21:00,28.3,0,0,0,1008.3,1012.6,78.3,,
763,2020-08-04 22:00,27.9,0,.1,0,1009.1,1013.4,80.5,,
763,2020-08-04 23:00,27.6,0,.3,0,1009.4,1013.7,79.9,,
763,2020-08-05 00:00,27.8,0,.4,0,1009.7,1014,78.9,,
763,2020-08-05 01:00,27.5,128.6,.5,0,1009,1013.3,80.6,,
763,2020-08-05 02:00,27.4,0,.4,0,1008.8,1013.1,81.5,,
763,2020-08-05 03:00,27.4,0,.4,0,1008.8,1013.1,80.8,,
763,2020-08-05 04:00,27.4,156.5,.7,0,1008.5,1012.8,79.7,,
763,2020-08-05 05:00,27.4,158.4,.8,0,1008.2,1012.5,77.5,,
763,2020-08-05 06:00,27.2,158.6,.7,0,1008.6,1012.9,78.7,,
763,2020-08-05 07:00,27.4,143.6,.8,0,1008.6,1012.9,79.4,,
763,2020-08-05 08:00,27.7,147.2,.5,0,1009,1013.3,79.5,,
763,2020-08-05 09:00,28.3,162,.5,0,1008.8,1013.1,78.7,,
763,2020-08-05 10:00,30.2,149.7,.8,0,1008.7,1013,71.7,,
763,2020-08-05 11:00,27.5,258.5,1.2,0,1008.7,1013,88.4,,
763,2020-08-05 12:00,25.9,146.1,.7,10,1008.9,1013.2,96.3,,
763,2020-08-05 13:00,25.9,0,.1,2.5,1008.7,1013,96.1,,
763,2020-08-05 14:00,25.6,0,.3,24.5,1008.6,1012.9,98.9,,
763,2020-08-05 15:00,27.8,135.8,1.2,1.5,1007.7,1012,87.2,,
763,2020-08-05 16:00,26.8,147.8,.9,2.5,1007.3,1011.6,90.5,,
763,2020-08-05 17:00,28.9,139.7,1.2,0,1006.4,1010.7,81.1,,
763,2020-08-05 18:00,29.2,155.5,.7,0,1006.5,1010.8,76.7,,
763,2020-08-05 19:00,28.1,145,1,0,1006,1010.3,80.8,,
763,2020-08-05 20:00,28,142,1,0,1005.5,1009.8,80,,
763,2020-08-05 21:00,27.8,140.6,.8,0,1005.7,1010,81.2,,
763,2020-08-05 22:00,27.8,144.5,.9,0,1005.3,1009.6,80.3,,
763,2020-08-05 23:00,27.9,142.1,1,0,1004.9,1009.2,78.4,,
763,2020-08-06 00:00,27.7,144.3,.9,0,1004.7,1009,79.3,,
763,2020-08-06 01:00,26.9,166.4,1,0,1004.1,1008.4,84.7,,
763,2020-08-06 02:00,26.7,150.1,1,1,1003.2,1007.5,86.5,,
763,2020-08-06 03:00,25.7,166.8,1,.5,1002.5,1006.8,90.7,,
763,2020-08-06 04:00,25.1,186.4,1.5,15,1002,1006.3,97.4,,
763,2020-08-06 05:00,24.9,222.6,2.7,22,1002.3,1006.6,97.6,,
763,2020-08-06 06:00,25.7,211.1,2.1,14,1002.2,1006.5,95.7,,
763,2020-08-06 07:00,25.5,233.6,1.8,4.5,1002.6,1006.9,97.8,,
763,2020-08-06 08:00,25.6,242.5,3.1,5,1003.2,1007.5,98.2,,
763,2020-08-06 09:00,25.9,230.2,3.1,1,1003.4,1007.7,97.1,,
763,2020-08-06 10:00,25.6,234.6,2.6,0,1003.9,1008.2,96.3,,
763,2020-08-06 11:00,25.8,228.1,2.4,0,1003.9,1008.2,94.9,,
763,2020-08-06 12:00,26.1,236.5,2.7,0,1003.9,1008.2,93.4,,
763,2020-08-06 13:00,26.1,242.1,2.3,0,1003.7,1008,94.9,,
763,2020-08-06 14:00,26.9,232,1.8,0,1003.3,1007.6,90.4,,
763,2020-08-06 15:00,27,236.8,2.1,0,1003.1,1007.4,90,,
763,2020-08-06 16:00,25.3,265.3,2.4,0,1003.4,1007.7,97.6,,
763,2020-08-06 17:00,24.2,272,2.9,0,1003.9,1008.2,98.1,,
763,2020-08-06 18:00,24,230.3,.7,0,1004.1,1008.4,97.3,,
763,2020-08-06 19:00,24,0,.2,0,1004.2,1008.5,96,,
763,2020-08-06 20:00,24,221.6,.6,0,1004.6,1008.9,95.7,,
763,2020-08-06 21:00,23.9,0,.4,0,1004.8,1009.1,95.3,,
763,2020-08-06 22:00,23.9,0,.2,0,1004.9,1009.2,97.3,,
763,2020-08-06 23:00,23.8,27.2,.5,0,1005,1009.3,98.1,,
763,2020-08-07 00:00,24.1,0,0,0,1005.3,1009.6,98.4,,
763,2020-08-07 01:00,24.4,0,0,0,1004.9,1009.2,98.1,,
763,2020-08-07 02:00,23.6,20.5,1,0,1004.8,1009.1,99.5,,
763,2020-08-07 03:00,23.4,17.5,.8,0,1004.7,1009,99.9,,
763,2020-08-07 04:00,23.2,0,.4,0,1004.4,1008.7,99.9,,
763,2020-08-07 05:00,23.1,32.8,.7,.5,1004.2,1008.5,99.9,,
763,2020-08-07 06:00,23.1,330.5,1.3,2.5,1003.8,1008.1,99.9,,
763,2020-08-07 07:00,23.2,13.8,.5,5.5,1003.7,1008,99.9,,
763,2020-08-07 08:00,23.4,0,0,0,1004.4,1008.7,99.9,,
763,2020-08-07 09:00,23.4,343.5,.8,4.5,1003.8,1008.1,99.9,,
763,2020-08-07 10:00,23.3,311,.6,4.5,1004.2,1008.5,99.9,,
763,2020-08-07 11:00,22.9,53.9,1.2,9.5,1003.6,1007.9,99.9,,
763,2020-08-07 12:00,23.3,332.8,.9,6,1002.4,1006.7,99.9,,
763,2020-08-07 13:00,22.8,87.4,.6,22,1002.5,1006.8,99.9,,
763,2020-08-07 14:00,22.9,95.8,1.4,14.5,1001.9,1006.2,99.9,,
763,2020-08-07 15:00,23.2,0,.3,1,1002,1006.3,99.9,,
763,2020-08-07 16:00,23.3,270.3,.9,1,1001.6,1005.9,99.6,,
763,2020-08-07 17:00,23.3,0,.1,.5,1001.2,1005.5,98.8,,
763,2020-08-07 18:00,23.5,0,.2,.5,1001.3,1005.6,99,,
763,2020-08-07 19:00,23.3,20.9,.9,.5,1001.2,1005.5,99.8,,
763,2020-08-07 20:00,23,34.3,.7,2,1001.1,1005.4,99.9,,
763,2020-08-07 21:00,23,0,.1,1,1001.2,1005.5,99.9,,
763,2020-08-07 22:00,22.8,47.6,.5,5.5,1000.9,1005.2,99.9,,
763,2020-08-07 23:00,22.7,296.3,.7,12,1000.8,1005.1,99.9,,
763,2020-08-08 00:00,22.7,0,.2,1,1000.8,1005.1,99.9,,
763,2020-08-08 01:00,23.1,0,.1,0,1000.7,1005,99.9,,
763,2020-08-08 02:00,23.4,0,.1,0,999.9,1004.2,99.9,,
763,2020-08-08 03:00,23.6,0,.3,3.5,999.1,1003.4,99.9,,
763,2020-08-08 04:00,23.7,0,0,3,998.9,1003.2,99.9,,
763,2020-08-08 05:00,23.8,0,.4,0,998.7,1003,99.9,,
763,2020-08-08 06:00,23.9,259.7,.7,0,999.2,1003.5,99.7,,
763,2020-08-08 07:00,24.2,0,.1,.5,999.1,1003.4,99.9,,
763,2020-08-08 08:00,24.1,0,.3,4.5,999,1003.3,99.9,,
763,2020-08-08 09:00,24.1,0,.2,5.5,998.8,1003.1,99.9,,
763,2020-08-08 10:00,24,144.3,.7,25.5,999.6,1003.9,99.5,,
763,2020-08-08 11:00,24.3,205.3,.7,12,999.3,1003.6,98.9,,
763,2020-08-08 12:00,24.3,158.1,.7,2.5,999.5,1003.8,99,,
763,2020-08-08 13:00,24.2,0,.4,3,999.2,1003.5,98.6,,
763,2020-08-08 14:00,24.1,136.6,.5,6,999.2,1003.5,99.1,,
763,2020-08-08 15:00,23.9,0,.2,8.5,999.2,1003.5,99,,
763,2020-08-08 16:00,23.9,0,.1,9.5,998.6,1002.9,99.7,,
763,2020-08-08 17:00,23.9,0,.3,2,998.6,1002.9,99.4,,
763,2020-08-08 18:00,24.1,254.4,.8,6,998.9,1003.2,99.2,,
763,2020-08-08 19:00,25.1,173.4,.6,1,998.4,1002.7,96,,
763,2020-08-08 20:00,25.7,161.8,1,0,998.4,1002.7,91.5,,
763,2020-08-08 21:00,26.1,147.9,.6,0,999.5,1003.8,89.1,,
763,2020-08-08 22:00,26.2,0,.4,0,1000.2,1004.5,87.7,,
763,2020-08-08 23:00,25.7,176.9,.8,0,1000.4,1004.7,91.9,,
763,2020-08-09 00:00,25,0,.2,4.5,1000.1,1004.4,97.3,,
763,2020-08-09 01:00,25.7,163.9,1,0,999.7,1004,91.9,,
763,2020-08-09 02:00,25.4,156.7,.9,0,999.1,1003.4,92.7,,
763,2020-08-09 03:00,24.7,167.2,1.1,6,999.4,1003.7,97.2,,
763,2020-08-09 04:00,24.6,151.9,.9,13.5,999.1,1003.4,97.5,,
763,2020-08-09 05:00,24.5,165,.8,2.5,999.5,1003.8,96.3,,
763,2020-08-09 06:00,25.1,159.3,1.2,1,999.6,1003.9,89.2,,
763,2020-08-09 07:00,24.7,163.3,1.2,1.5,1000,1004.3,90,,
763,2020-08-09 08:00,24.6,154.7,1.1,1,1000.3,1004.6,91.8,,
763,2020-08-09 09:00,25,150.2,1.2,.5,1000.5,1004.8,90.7,,
763,2020-08-09 10:00,25.9,143.3,1.1,0,1000.7,1005,88.4,,
763,2020-08-09 11:00,26.8,147.4,1.1,0,1000.5,1004.8,83.2,,
763,2020-08-09 12:00,28,189.7,.6,0,1000.3,1004.6,77.7,,
763,2020-08-09 13:00,28.9,180.4,.6,0,999.8,1004,75.3,,
763,2020-08-09 14:00,30.4,201,1,0,999.7,1003.9,70.1,,
763,2020-08-09 15:00,30.3,228.9,2.3,0,999.9,1004.1,64.3,,
763,2020-08-09 16:00,28.8,267.2,2,0,999.4,1003.6,76.4,,
763,2020-08-09 17:00,28.8,258.6,1.2,0,998.9,1003.1,79.9,,
763,2020-08-09 18:00,29.3,0,.3,0,998.8,1003,70.1,,
763,2020-08-09 19:00,28.7,0,.1,0,999.4,1003.6,76.9,,
763,2020-08-09 20:00,28.6,143.2,.8,0,999.7,1003.9,73.6,,
763,2020-08-09 21:00,27.6,155.2,.7,0,999.9,1004.2,77.9,,
763,2020-08-09 22:00,27.2,153.8,.9,0,1000.2,1004.5,79.3,,
763,2020-08-09 23:00,27,139.5,.9,0,999.9,1004.2,79.5,,
763,2020-08-10 00:00,26.9,160.5,.7,0,1000.7,1005,79.5,,
763,2020-08-10 01:00,26.3,0,.1,0,1000.7,1005,82.6,,
763,2020-08-10 02:00,26.8,0,.4,0,1000.8,1005.1,81.3,,
763,2020-08-10 03:00,25.8,0,.2,0,1000.6,1004.9,90.2,,
763,2020-08-10 04:00,26.2,0,.1,0,1000.8,1005.1,88.1,,
763,2020-08-10 05:00,25.4,0,.2,1,1000.5,1004.8,95.3,,
763,2020-08-10 06:00,25.1,117.8,.5,0,1000.5,1004.8,96.9,,
763,2020-08-10 07:00,25.3,135.1,.7,2,1000.9,1005.2,96.1,,
763,2020-08-10 08:00,25.6,0,.4,2.5,1000.9,1005.2,98.1,,
763,2020-08-10 09:00,27.5,0,.4,0,1000.7,1005,89.6,,
763,2020-08-10 10:00,28.6,137.8,.5,0,1000.5,1004.7,79,,
763,2020-08-10 11:00,29.5,155.8,.8,0,1000.2,1004.4,74.6,,
763,2020-08-10 12:00,29.3,0,.3,0,999.7,1003.9,75.6,,
763,2020-08-10 13:00,27.2,0,.4,1,999.4,1003.7,94.3,,
763,2020-08-10 14:00,27,0,.1,2,998.9,1003.2,96.1,,
763,2020-08-10 15:00,26.5,115.3,.6,1,998.7,1003,98,,
763,2020-08-10 16:00,26.6,0,.2,.5,998.6,1002.9,97.6,,
763,2020-08-10 17:00,26.6,287.6,.5,.5,998.8,1003.1,97.6,,
763,2020-08-10 18:00,25.9,0,.2,.5,999.5,1003.8,95.5,,
763,2020-08-10 19:00,26,0,.3,0,1000.3,1004.6,95.4,,
763,2020-08-10 20:00,26,0,.1,0,1000.5,1004.8,96,,
763,2020-08-10 21:00,25.3,187.1,1,2,1001,1005.3,95.9,,
763,2020-08-10 22:00,25.4,140.1,.5,2,1000.6,1004.9,98.6,,
763,2020-08-10 23:00,25.8,153.6,1.4,.5,1001.2,1005.5,94,,
763,2020-08-11 00:00,25.6,178.3,1.2,2.5,1001.6,1005.9,95.8,,
763,2020-08-11 01:00,25.6,181.8,1.3,6.5,1002,1006.3,97,,
763,2020-08-11 02:00,25.7,201.9,1,0,1002.1,1006.4,97.5,,
763,2020-08-11 03:00,25.9,209.4,.8,0,1002.5,1006.8,96,,
763,2020-08-11 04:00,26.2,220,1.2,0,1003,1007.3,89.6,,
763,2020-08-11 05:00,25.9,0,.3,0,1003.2,1007.5,95.8,,
763,2020-08-11 06:00,26,208.1,.5,0,1003.8,1008.1,95.1,,
763,2020-08-11 07:00,25.9,0,.3,.5,1004.3,1008.6,95.7,,
763,2020-08-11 08:00,26.5,214.8,1.3,0,1004.6,1008.9,91.7,,
763,2020-08-11 09:00,26,206.3,1.5,0,1005.5,1009.8,95.8,,
763,2020-08-11 10:00,26,234.5,1.3,1.5,1006.3,1010.6,96.7,,
763,2020-08-11 11:00,24.4,272.5,3.3,5,1006.6,1010.9,97.2,,
763,2020-08-11 12:00,25,290.1,1.1,0,1007,1011.3,91.4,,
763,2020-08-11 13:00,26.1,119.8,.9,0,1006.8,1011.1,86.2,,
763,2020-08-11 14:00,27.4,87,.6,0,1006.8,1011.1,82.9,,
763,2020-08-11 15:00,27.7,0,.2,0,1006.3,1010.6,85.1,,
763,2020-08-11 16:00,28.2,0,.4,0,1005.9,1010.2,82.7,,
763,2020-08-11 17:00,28.5,103.2,.7,0,1005.9,1010.2,85.4,,
763,2020-08-11 18:00,26.1,246,.8,12,1006.2,1010.5,98.2,,
763,2020-08-11 19:00,25.2,359,.6,0,1006.8,1011.1,97.9,,
763,2020-08-11 20:00,24.9,0,.2,1.5,1007.3,1011.6,99.6,,
763,2020-08-11 21:00,24.9,0,.1,0,1007.9,1012.2,99.9,,
763,2020-08-11 22:00,25.4,0,.1,0,1008.3,1012.6,99.9,,
763,2020-08-11 23:00,25.5,0,.2,0,1008.3,1012.6,99.9,,
763,2020-08-12 00:00,25.7,0,.2,0,1008.5,1012.8,99.9,,
763,2020-08-12 01:00,26.3,183.7,.5,0,1008.7,1013,98.3,,
763,2020-08-12 02:00,26.3,0,.3,0,1008.5,1012.8,97.4,,
763,2020-08-12 03:00,26.2,200.6,.6,0,1008.4,1012.7,97.3,,
763,2020-08-12 04:00,26.3,0,.3,0,1008.6,1012.9,95.4,,
763,2020-08-12 05:00,26.3,0,.1,0,1008.7,1013,94.4,,
763,2020-08-12 06:00,25.5,0,0,0,1009.3,1013.6,98.2,,
763,2020-08-12 07:00,26.4,275,.5,0,1009.7,1014,95.2,,
763,2020-08-12 08:00,27.9,0,.2,0,1009.5,1013.8,85,,
763,2020-08-12 09:00,28.1,135.4,.7,0,1009.2,1013.5,86.1,,
763,2020-08-12 10:00,28.6,149.6,.7,0,1009.3,1013.6,83.5,,
763,2020-08-12 11:00,28.9,0,.4,0,1009.2,1013.5,83.5,,
763,2020-08-12 12:00,29,0,.4,0,1008.8,1013.1,83.3,,
763,2020-08-12 13:00,30,114,.5,0,1008.9,1013.2,80.3,,
763,2020-08-12 14:00,29,0,.2,0,1009,1013.3,87.8,,
763,2020-08-12 15:00,29.3,263.5,.9,.5,1008.3,1012.6,88.9,,
763,2020-08-12 16:00,30,258.2,1.4,0,1008.3,1012.6,82.9,,
763,2020-08-12 17:00,29.6,261.2,1.9,0,1008.1,1012.4,83.2,,
763,2020-08-12 18:00,28.4,251.1,1.9,0,1008.5,1012.8,85.1,,
763,2020-08-12 19:00,28,214.4,.8,0,1008.3,1012.6,83.2,,
763,2020-08-12 20:00,27.5,0,.1,0,1008.5,1012.8,87.1,,
763,2020-08-12 21:00,27.2,0,.2,0,1008.7,1013,88.2,,
763,2020-08-12 22:00,26.9,0,.1,0,1008.8,1013.1,90.1,,
763,2020-08-12 23:00,27.2,0,0,0,1008.9,1013.2,86.1,,
763,2020-08-13 00:00,26.3,0,.1,0,1009.1,1013.4,93.6,,
763,2020-08-13 01:00,26.3,0,.2,0,1009.1,1013.4,91,,
763,2020-08-13 02:00,26.2,0,.2,0,1008.6,1012.9,93,,
763,2020-08-13 03:00,26.5,124.4,.5,0,1008.3,1012.6,87,,
763,2020-08-13 04:00,26.3,0,.1,0,1007.9,1012.2,86.3,,
763,2020-08-13 05:00,26.3,0,.1,0,1007.7,1012,85.9,,
763,2020-08-13 06:00,26.6,0,.4,0,1007.8,1012.1,84.1,,
763,2020-08-13 07:00,26.8,0,.4,0,1007.8,1012.1,83.5,,
763,2020-08-13 08:00,27.8,0,.4,0,1008,1012.3,80.7,,
763,2020-08-13 09:00,28,130.9,1,0,1007.8,1012.1,80.9,,
763,2020-08-13 10:00,29.6,138.3,.9,0,1007.5,1011.8,75.2,,
763,2020-08-13 11:00,30,217.2,1.1,0,1007.4,1011.7,72.8,,
763,2020-08-13 12:00,31.1,183,.9,0,1006.9,1011.2,71.1,,
763,2020-08-13 13:00,31.7,221.5,1.3,0,1006.3,1010.5,67.1,,
763,2020-08-13 14:00,31.7,222.1,1,0,1006,1010.2,71.2,,
763,2020-08-13 15:00,31.7,208.6,.8,0,1005.1,1009.3,67.2,,
763,2020-08-13 16:00,32,210.5,.8,0,1004.3,1008.5,68.1,,
763,2020-08-13 17:00,31.6,224.5,1.4,0,1004.2,1008.4,67.8,,
763,2020-08-13 18:00,31.2,217.5,.6,0,1003.7,1007.9,70.8,,
763,2020-08-13 19:00,30.2,197.6,.6,0,1003.5,1007.8,75.4,,
763,2020-08-13 20:00,29.3,0,.3,0,1003.9,1008.1,77.9,,
763,2020-08-13 21:00,28.6,0,.3,0,1004.6,1008.9,80.5,,
763,2020-08-13 22:00,27.9,0,.4,0,1004.5,1008.8,83.8,,
763,2020-08-13 23:00,27.3,0,.1,0,1004.5,1008.8,86.9,,
763,2020-08-14 00:00,27,0,.1,0,1004.2,1008.5,86.9,,
763,2020-08-14 01:00,26.7,0,0,0,1004.3,1008.6,88,,
763,2020-08-14 02:00,26.7,0,.3,0,1004.1,1008.4,87.4,,
763,2020-08-14 03:00,26.7,0,0,0,1003.9,1008.2,85.2,,
763,2020-08-14 04:00,26.7,134.2,.6,0,1003.1,1007.4,83.5,,
763,2020-08-14 05:00,26.8,143.9,.7,0,1002.5,1006.8,82.3,,
763,2020-08-14 06:00,26.6,235.6,.8,0,1003,1007.3,83.6,,
763,2020-08-14 07:00,27.4,177.8,.8,0,1003.2,1007.5,79,,
763,2020-08-14 08:00,27.6,203.4,.8,0,1003.1,1007.4,77.9,,
763,2020-08-14 09:00,28.6,214.6,1.4,0,1003.2,1007.5,75.2,,
763,2020-08-14 10:00,29.4,218.6,1.3,0,1003.5,1007.7,77,,
763,2020-08-14 11:00,29.6,218.9,1.2,0,1003.5,1007.7,77.7,,
763,2020-08-14 12:00,29.3,227.3,.7,0,1003.3,1007.5,80.9,,
763,2020-08-14 13:00,30.6,256.6,1.7,0,1003.4,1007.6,78.6,,
763,2020-08-14 14:00,31.1,244,2.5,0,1003.1,1007.3,71.8,,
763,2020-08-14 15:00,30.7,256.6,3.3,0,1002.5,1006.7,71.2,,
763,2020-08-14 16:00,31.3,232.6,1.6,0,1002,1006.2,70.8,,
763,2020-08-14 17:00,30.1,263.2,2.2,0,1002.3,1006.5,76.9,,
763,2020-08-14 18:00,29.9,238.5,1.1,0,1002.7,1006.9,78.6,,
763,2020-08-14 19:00,28.6,233,.8,0,1002.9,1007.2,81.9,,
763,2020-08-14 20:00,28,240,.8,0,1003.4,1007.7,84.4,,
763,2020-08-14 21:00,27.7,0,.4,0,1003.8,1008.1,85.2,,
763,2020-08-14 22:00,27.9,216.3,.9,0,1004,1008.3,83.8,,
763,2020-08-14 23:00,27.9,220,1.1,0,1004,1008.3,83,,
763,2020-08-15 00:00,27.5,203.5,.5,0,1004,1008.3,85.4,,
763,2020-08-15 01:00,27.5,211,1.1,0,1004,1008.3,83.7,,
763,2020-08-15 02:00,27.4,218.9,.8,0,1004.1,1008.4,82.8,,
763,2020-08-15 03:00,27.5,215.7,1,0,1003.8,1008.1,80.3,,
763,2020-08-15 04:00,27.4,207.2,.9,0,1003.7,1008,79.1,,
763,2020-08-15 05:00,27.1,0,.3,0,1003.9,1008.2,80.1,,
763,2020-08-15 06:00,27.3,226.1,.6,0,1004.9,1009.2,78.2,,
763,2020-08-15 07:00,27.6,0,.4,0,1005.1,1009.4,79.5,,
763,2020-08-15 08:00,27.9,210,.7,0,1005.7,1010,78.9,,
763,2020-08-15 09:00,28.6,188.7,.8,0,1005.8,1010.1,76.5,,
763,2020-08-15 10:00,28.7,208,1.2,0,1005.8,1010.1,77.7,,
763,2020-08-15 11:00,30.8,215.2,.8,0,1006,1010.3,70.5,,
763,2020-08-15 12:00,31.4,229.4,1.2,0,1005.6,1009.8,68.7,,
763,2020-08-15 13:00,32.3,242.9,1.8,0,1005.3,1009.5,65.9,,
763,2020-08-15 14:00,32.2,248.8,2.1,0,1005.3,1009.5,63.4,,
763,2020-08-15 15:00,31.5,253.3,2.1,0,1005.1,1009.3,65.2,,
763,2020-08-15 16:00,31.3,273.1,2.1,0,1005.1,1009.3,65.5,,
763,2020-08-15 17:00,30.8,269.6,2.3,0,1005.3,1009.6,65.8,,
763,2020-08-15 18:00,29.6,288.6,1.7,0,1005.3,1009.5,71.7,,
763,2020-08-15 19:00,28.6,265.2,1.6,0,1005.5,1009.8,74.9,,
763,2020-08-15 20:00,27.4,262.4,.6,0,1006.4,1010.7,82.2,,
763,2020-08-15 21:00,26.2,0,.2,0,1007,1011.3,87.8,,
763,2020-08-15 22:00,25.9,0,.2,0,1007.1,1011.4,86.4,,
763,2020-08-15 23:00,25.1,0,0,0,1006.8,1011.1,91.7,,
763,2020-08-16 00:00,25,0,.1,0,1006.9,1011.2,91.9,,
763,2020-08-16 01:00,25.2,0,.3,0,1007,1011.3,91.5,,
763,2020-08-16 02:00,25.2,0,0,0,1006.8,1011.1,89.8,,
763,2020-08-16 03:00,25.4,0,.3,0,1007.2,1011.5,86.8,,
763,2020-08-16 04:00,24,0,.2,0,1007.1,1011.4,93.7,,
763,2020-08-16 05:00,23.3,9.8,.6,0,1007.7,1012.1,97.9,,
763,2020-08-16 06:00,23.2,0,0,0,1008,1012.4,98.1,,
763,2020-08-16 07:00,26,0,.2,0,1008.1,1012.4,82,,
763,2020-08-16 08:00,27.7,0,.4,0,1008.2,1012.5,75,,
763,2020-08-16 09:00,27.8,169.4,.8,0,1008.2,1012.5,75.1,,
763,2020-08-16 10:00,28.8,191.8,1,0,1008.1,1012.4,72.9,,
763,2020-08-16 11:00,30.5,200.3,.9,0,1007.9,1012.2,66.3,,
763,2020-08-16 12:00,31.1,177.2,.8,0,1007.6,1011.9,65.1,,
763,2020-08-16 13:00,32.1,204.7,1,0,1007.4,1011.6,62.5,,
763,2020-08-16 14:00,32.2,250.6,1.8,0,1007,1011.2,61.4,,
763,2020-08-16 15:00,32.2,295.3,2.2,0,1006.7,1010.9,64.6,,
763,2020-08-16 16:00,31.8,285.8,3.2,0,1006.7,1010.9,64.3,,
763,2020-08-16 17:00,31,290.9,2.7,0,1007,1011.3,65.7,,
763,2020-08-16 18:00,30.1,276.3,2.2,0,1007.3,1011.6,71.6,,
763,2020-08-16 19:00,28.6,279.4,1.6,0,1007.5,1011.8,77.7,,
763,2020-08-16 20:00,26.8,0,.4,0,1007.9,1012.2,87.7,,
763,2020-08-16 21:00,25.8,0,.4,0,1008.4,1012.7,92.4,,
763,2020-08-16 22:00,25.6,0,.2,0,1008.8,1013.1,93.2,,
763,2020-08-16 23:00,26.5,0,0,0,1008.7,1013,92.1,,
763,2020-08-17 00:00,25,0,.1,0,1008.7,1013.1,96.9,,
763,2020-08-17 01:00,24.7,0,.1,0,1008.9,1013.2,98.9,,
763,2020-08-17 02:00,24.6,0,.1,0,1009,1013.3,98.7,,
763,2020-08-17 03:00,24.8,0,0,0,1009.5,1013.8,99.1,,
763,2020-08-17 04:00,25.1,0,0,0,1009.5,1013.9,99,,
763,2020-08-17 05:00,24.8,0,0,0,1009.6,1013.9,99.1,,
763,2020-08-17 06:00,25.3,0,.1,0,1009.9,1014.3,97,,
763,2020-08-17 07:00,25.7,0,0,0,1010.4,1014.7,94.6,,
763,2020-08-17 08:00,27.5,0,.3,0,1010.7,1015,83.4,,
763,2020-08-17 09:00,28,0,.2,0,1011,1015.3,77.3,,
763,2020-08-17 10:00,28.4,0,.4,0,1011.3,1015.6,74.1,,
763,2020-08-17 11:00,30.5,100.2,.8,0,1011,1015.3,65.2,,
763,2020-08-17 12:00,30.3,96.6,.9,0,1010.9,1015.2,66.6,,
763,2020-08-17 13:00,31.9,240,1,0,1010.4,1014.7,60.1,,
763,2020-08-17 14:00,32,339.7,1,0,1010.1,1014.4,59.6,,
763,2020-08-17 15:00,31.9,2.3,.6,0,1009.7,1014,57.9,,
763,2020-08-17 16:00,32.1,41.7,.8,0,1009.2,1013.4,56.9,,
763,2020-08-17 17:00,32,275.8,.8,0,1009.1,1013.3,58.7,,
763,2020-08-17 18:00,30.6,278.5,1.8,0,1008.9,1013.2,72.2,,
763,2020-08-17 19:00,28.9,276.9,1,0,1009,1013.3,80,,
763,2020-08-17 20:00,26.9,0,0,0,1009.5,1013.8,89.8,,
763,2020-08-17 21:00,26,0,0,0,1009.9,1014.2,92.1,,
763,2020-08-17 22:00,25.2,0,0,0,1010,1014.4,91.1,,
763,2020-08-17 23:00,24.4,0,0,0,1010,1014.3,96.1,,
763,2020-08-18 00:00,24.5,0,0,0,1010,1014.3,97.3,,
763,2020-08-18 01:00,24,,,0,1010,1014.3,98.8,,
763,2020-08-18 02:00,23.7,,,0,1010.1,1014.5,98.9,,
763,2020-08-18 03:00,23.9,,,0,1010.3,1014.6,99.3,,
763,2020-08-18 04:00,23.6,,,0,1010.3,1014.7,99.1,,
763,2020-08-18 05:00,23,,,0,1010.3,1014.7,99.7,,
763,2020-08-18 06:00,23.3,,,0,1010.7,1015.1,99.7,,
763,2020-08-18 07:00,23.8,,,0,1011.1,1015.5,99.8,,
763,2020-08-18 08:00,25.6,,,0,1011,1015.4,97.3,,
763,2020-08-18 09:00,27.6,118.1,.6,0,1011,1015.3,81.8,,
763,2020-08-18 10:00,28.2,306.7,1.1,0,1010.9,1015.2,78.7,,
763,2020-08-18 11:00,29.8,300.9,1,0,1010.5,1014.8,70.3,,
763,2020-08-18 12:00,29.7,305.8,1.3,0,1009.9,1014.2,68.1,,
763,2020-08-18 13:00,31.1,303.5,1.1,0,1009.4,1013.7,63.4,,
763,2020-08-18 14:00,32.1,14.2,1.4,0,1009.1,1013.3,60.5,,
763,2020-08-18 15:00,32.6,315.6,1.2,0,1008.4,1012.6,55.6,,
763,2020-08-18 16:00,33.4,296.3,.6,0,1007.8,1012,53.3,,
763,2020-08-18 17:00,32.3,295.4,.9,0,1007.3,1011.5,55.6,,
763,2020-08-18 18:00,31.6,280.7,1,0,1007.3,1011.5,58.3,,
763,2020-08-18 19:00,28.9,255.2,1,0,1007.5,1011.8,72.1,,
763,2020-08-18 20:00,26.4,0,.2,0,1007.8,1012.1,85.8,,
763,2020-08-18 21:00,25.3,0,.2,0,1008.5,1012.8,91,,
763,2020-08-18 22:00,24.8,113.7,.6,0,1008.4,1012.7,93.5,,
763,2020-08-18 23:00,24.2,0,0,0,1008.5,1012.8,95.8,,
763,2020-08-19 00:00,23.7,0,.1,0,1008.2,1012.5,97.5,,
763,2020-08-19 01:00,23.5,0,.1,0,1008.5,1012.9,98.1,,
763,2020-08-19 02:00,23.1,0,.1,0,1008.7,1013.1,99,,
763,2020-08-19 03:00,22.6,0,0,0,1008.9,1013.3,99.5,,
763,2020-08-19 04:00,22.6,0,0,0,1009.2,1013.6,99.4,,
763,2020-08-19 05:00,22.1,0,0,0,1009.1,1013.5,99.5,,
763,2020-08-19 06:00,21.9,0,0,0,1008.9,1013.3,99.8,,
763,2020-08-19 07:00,23.2,0,0,0,1008.8,1013.2,98.9,,
763,2020-08-19 08:00,24.9,28.7,1.1,0,1009.1,1013.4,93.9,,
763,2020-08-19 09:00,26.4,350.4,.5,0,1008.9,1013.2,83,,
763,2020-08-19 10:00,28.1,274,1.2,0,1008.8,1013.1,74.1,,
763,2020-08-19 11:00,29.7,110,1.2,0,1007.7,1012,68.9,,
763,2020-08-19 12:00,31.2,26.8,.7,0,1007.1,1011.4,58.7,,
763,2020-08-19 13:00,31.7,313.9,1.7,0,1007,1011.2,61.7,,
763,2020-08-19 14:00,31.4,265.2,1.3,0,1006.9,1011.1,59.2,,
763,2020-08-19 15:00,32.6,307,1.1,0,1006.6,1010.8,57.7,,
763,2020-08-19 16:00,32.3,275.4,1.3,0,1006,1010.2,57.1,,
763,2020-08-19 17:00,31.5,280.2,1.8,0,1006,1010.2,58.6,,
763,2020-08-19 18:00,29.7,261.5,1.6,0,1006,1010.3,69,,
763,2020-08-19 19:00,28.4,258,.8,0,1006.6,1010.9,71,,
763,2020-08-19 20:00,26.1,0,0,0,1007.4,1011.7,86.3,,
763,2020-08-19 21:00,25,0,.3,0,1007.9,1012.3,92.6,,
763,2020-08-19 22:00,24.3,0,0,0,1007.9,1012.2,95.1,,
763,2020-08-19 23:00,23.8,0,0,0,1008,1012.3,96.1,,
763,2020-08-20 00:00,23.4,0,0,0,1008.3,1012.7,98.3,,
763,2020-08-20 01:00,23.3,0,0,0,1007.7,1012.1,98.6,,
763,2020-08-20 02:00,24.9,0,.1,0,1007.9,1012.2,95.6,,
763,2020-08-20 03:00,23.9,0,.4,0,1008.2,1012.5,98.3,,
763,2020-08-20 04:00,23.5,0,0,0,1008.7,1013.1,98.6,,
763,2020-08-20 05:00,23.6,2,.5,0,1009,1013.3,99.2,,
763,2020-08-20 06:00,23.7,308.9,.5,0,1009.2,1013.5,99.2,,
763,2020-08-20 07:00,24.2,0,0,0,1009.5,1013.8,98.2,,
763,2020-08-20 08:00,25.8,0,.3,0,1009.9,1014.2,89.2,,
763,2020-08-20 09:00,27,57.4,1.2,0,1009.8,1014.1,77.6,,
763,2020-08-20 10:00,27.9,2.9,1.1,0,1009.7,1014,71.9,,
763,2020-08-20 11:00,29.1,71.3,1.1,0,1009.4,1013.7,64.3,,
763,2020-08-20 12:00,30.7,355.9,1.3,0,1008.5,1012.8,59,,
763,2020-08-20 13:00,31.4,107.3,.9,0,1008,1012.3,58.6,,
763,2020-08-20 14:00,32.4,76.3,1,0,1007.4,1011.6,54.1,,
763,2020-08-20 15:00,32.7,267.4,1,0,1006.9,1011.1,57.2,,
763,2020-08-20 16:00,32.2,287.6,2.5,0,1006.9,1011.1,58.8,,
763,2020-08-20 17:00,32.2,275,2.1,0,1006.8,1011,57.6,,
763,2020-08-20 18:00,30.6,276.6,1.8,0,1007.1,1011.4,68.8,,
763,2020-08-20 19:00,28.6,274.4,1.6,0,1007.5,1011.8,75.2,,
763,2020-08-20 20:00,27.2,233.4,.5,0,1008.1,1012.4,83.9,,
763,2020-08-20 21:00,26.8,0,.1,0,1009.1,1013.4,85.2,,
763,2020-08-20 22:00,25,0,0,0,1009.6,1014,93.1,,
763,2020-08-20 23:00,24.7,0,.4,0,1009.8,1014.1,94.3,,
763,2020-08-21 00:00,23.7,0,.2,0,1009.8,1014.2,97.3,,
763,2020-08-21 01:00,23.2,0,.3,0,1009.6,1014,98.5,,
763,2020-08-21 02:00,23,0,0,0,1009.5,1013.9,98.5,,
763,2020-08-21 03:00,23,0,0,0,1009.8,1014.2,99.5,,
763,2020-08-21 04:00,22.3,0,0,0,1009.7,1014.1,99.3,,
763,2020-08-21 05:00,22.3,0,0,0,1009.6,1014,99.7,,
763,2020-08-21 06:00,21.9,0,.1,0,1009.6,1014,99.9,,
763,2020-08-21 07:00,22.7,0,0,0,1010.4,1014.8,99.8,,
763,2020-08-21 08:00,24.8,0,.1,0,1010.8,1015.1,97.8,,
763,2020-08-21 09:00,25.2,350.2,.7,0,1011.3,1015.7,93.9,,
763,2020-08-21 10:00,27.5,271.3,.7,0,1011.3,1015.6,77,,
763,2020-08-21 11:00,29.1,20.3,.6,0,1011.1,1015.4,70,,
763,2020-08-21 12:00,30.6,269,.7,0,1010.6,1014.9,62.9,,
763,2020-08-21 13:00,31.4,269.8,1.2,0,1010.5,1014.8,61.5,,
763,2020-08-21 14:00,32.2,291.3,1.3,0,1009.9,1014.1,55.3,,
763,2020-08-21 15:00,32.7,68.2,.7,0,1009.3,1013.5,54.9,,
763,2020-08-21 16:00,32.9,0,.4,0,1008.9,1013.1,52.1,,
763,2020-08-21 17:00,31.6,281.4,1.8,0,1008.7,1013,66.2,,
763,2020-08-21 18:00,30.3,277.2,1.7,0,1008.7,1013,73.4,,
763,2020-08-21 19:00,28.7,273.8,.8,0,1008.6,1012.9,80.1,,
763,2020-08-21 20:00,26.9,0,0,0,1009.2,1013.5,91.6,,
763,2020-08-21 21:00,26.3,0,.2,0,1009.5,1013.8,94.1,,
763,2020-08-21 22:00,25.9,0,.1,0,1009.7,1014,95.3,,
763,2020-08-21 23:00,25.4,0,0,0,1009.6,1014,96.9,,
763,2020-08-22 00:00,25.4,0,.1,0,1009.9,1014.3,97.7,,
763,2020-08-22 01:00,25.3,112.1,.5,0,1009.5,1013.9,97.8,,
763,2020-08-22 02:00,26.1,0,.2,0,1009.4,1013.7,92.6,,
763,2020-08-22 03:00,25.4,0,.3,0,1009.4,1013.7,96.5,,
763,2020-08-22 04:00,26.1,0,0,0,1009.7,1014,92.6,,
763,2020-08-22 05:00,26.2,0,.2,0,1009.4,1013.7,91.7,,
763,2020-08-22 06:00,25.7,0,.3,0,1009.4,1013.7,93.8,,
763,2020-08-22 07:00,25.8,0,.1,0,1009.7,1014,93.1,,
763,2020-08-22 08:00,26.3,91.1,1.1,0,1009.6,1013.9,92.7,,
763,2020-08-22 09:00,27.6,128.1,.5,0,1009.5,1013.8,83.4,,
763,2020-08-22 10:00,27.9,296.5,1,0,1009.6,1013.9,80.9,,
763,2020-08-22 11:00,28.7,313.9,.5,0,1009.4,1013.7,75.9,,
763,2020-08-22 12:00,28.6,256.9,.9,0,1009,1013.3,77.9,,
763,2020-08-22 13:00,29.2,255.5,2,0,1008.2,1012.5,73.9,,
763,2020-08-22 14:00,29.4,286.7,3.5,0,1007.7,1012,72.3,,
763,2020-08-22 15:00,27,83.5,2.9,0,1007.5,1011.8,74.2,,
763,2020-08-22 16:00,25,110.6,1.9,0,1007,1011.3,80.6,,
763,2020-08-22 17:00,23.7,122,.9,3.5,1006.6,1010.9,94.4,,
763,2020-08-22 18:00,23.7,0,.4,0,1007.1,1011.4,95.3,,
763,2020-08-22 19:00,23.9,124.6,.7,0,1006.9,1011.2,93.8,,
763,2020-08-22 20:00,23.6,0,.2,0,1007.2,1011.5,97.4,,
763,2020-08-22 21:00,23.8,0,.1,0,1007.7,1012,97.9,,
763,2020-08-22 22:00,23.8,0,0,0,1007.4,1011.7,98.1,,
763,2020-08-22 23:00,23.6,0,.2,0,1007.1,1011.4,99.3,,
763,2020-08-23 00:00,23.8,0,.1,0,1007,1011.3,98.8,,
763,2020-08-23 01:00,23.9,0,0,0,1006.7,1011,98.7,,
763,2020-08-23 02:00,23.7,0,.2,0,1006.4,1010.7,99.5,,
763,2020-08-23 03:00,23.7,0,.3,0,1006.1,1010.4,99.7,,
763,2020-08-23 04:00,23.3,0,.2,0,1006.1,1010.4,99.9,,
763,2020-08-23 05:00,23.3,0,0,0,1006,1010.3,99.9,,
763,2020-08-23 06:00,22.7,0,0,0,1006.1,1010.5,99.9,,
763,2020-08-23 07:00,22.8,0,0,0,1006.3,1010.7,99.9,,
763,2020-08-23 08:00,24.8,315.8,.5,0,1006.2,1010.5,99.7,,
763,2020-08-23 09:00,25.9,351,.6,0,1005.9,1010.2,90.4,,
763,2020-08-23 10:00,26.8,331.5,.9,0,1005.9,1010.2,83,,
763,2020-08-23 11:00,28.2,333.1,1.2,0,1005.8,1010.1,70.7,,
763,2020-08-23 12:00,29.3,3.1,1.4,0,1005.1,1009.4,64.6,,
763,2020-08-23 13:00,30.3,7.4,1.2,0,1004.5,1008.8,59.7,,
763,2020-08-23 14:00,31,21.7,1.1,0,1003.7,1007.9,56.1,,
763,2020-08-23 15:00,31.1,350.5,1.4,0,1003.2,1007.4,55.1,,
763,2020-08-23 16:00,31.3,286.9,1.4,0,1002.9,1007.1,53.4,,
763,2020-08-23 17:00,31,295.2,1,0,1002.5,1006.7,55.1,,
763,2020-08-23 18:00,30,303.9,.9,0,1002.4,1006.7,64.1,,
763,2020-08-23 19:00,27.9,258.3,.7,0,1002.6,1006.9,70.4,,
763,2020-08-23 20:00,26,0,.1,0,1003.2,1007.5,79.7,,
763,2020-08-23 21:00,25.1,0,0,0,1003.8,1008.1,84.1,,
763,2020-08-23 22:00,24.4,0,.2,0,1003.8,1008.1,87.1,,
763,2020-08-23 23:00,24.1,0,.4,0,1003.9,1008.2,91.6,,
763,2020-08-24 00:00,23.5,0,0,0,1003.5,1007.8,95.6,,
763,2020-08-24 01:00,23.1,0,.1,0,1003.4,1007.7,97.5,,
763,2020-08-24 02:00,22.9,0,0,0,1003.5,1007.8,97.7,,
763,2020-08-24 03:00,22.7,0,.3,0,1002.9,1007.2,98.1,,
763,2020-08-24 04:00,22.6,86,.7,0,1002.8,1007.1,98.4,,
763,2020-08-24 05:00,22.2,0,0,0,1002.4,1006.8,98.9,,
763,2020-08-24 06:00,21.9,0,0,0,1002.3,1006.7,99.5,,
763,2020-08-24 07:00,22.9,0,0,0,1002.5,1006.8,98.4,,
763,2020-08-24 08:00,25.2,0,.3,0,1002.4,1006.7,86.5,,
763,2020-08-24 09:00,27.4,0,.4,0,1002.4,1006.7,76.7,,
763,2020-08-24 10:00,29.3,231.8,.8,0,1002.4,1006.6,67.5,,
763,2020-08-24 11:00,30.3,235.1,.6,0,1001.9,1006.1,65.4,,
763,2020-08-24 12:00,31.5,224,1.1,0,1001.4,1005.6,60.6,,
763,2020-08-24 13:00,31.8,232.3,1.1,0,1001,1005.2,62,,
763,2020-08-24 14:00,32.6,201.3,.8,0,1000.8,1005,60.2,,
763,2020-08-24 15:00,32.5,236.3,.9,0,1000.2,1004.4,57.5,,
763,2020-08-24 16:00,32.3,266.5,1.6,0,999.8,1004,58,,
763,2020-08-24 17:00,32.2,285.1,.9,0,999.6,1003.8,58.6,,
763,2020-08-24 18:00,31.3,280.7,1,0,999.6,1003.8,64.4,,
763,2020-08-24 19:00,29.4,280.1,.5,0,1000,1004.2,77.8,,
763,2020-08-24 20:00,28.7,255.3,1.2,0,1000.6,1004.8,74.3,,
763,2020-08-24 21:00,27.3,0,.1,0,1001.2,1005.5,83.2,,
763,2020-08-24 22:00,27,0,.3,0,1001.1,1005.4,87.1,,
763,2020-08-24 23:00,25.9,0,0,0,1001.3,1005.6,92.9,,
763,2020-08-25 00:00,25.8,0,.3,0,1001.2,1005.5,94.8,,
763,2020-08-25 01:00,24.7,0,0,0,1000.2,1004.5,97.8,,
763,2020-08-25 02:00,25.6,37.3,.7,0,1000.1,1004.4,91.4,,
763,2020-08-25 03:00,24.6,0,.3,0,1000.1,1004.4,97,,
763,2020-08-25 04:00,24.3,0,0,0,1000,1004.3,97.9,,
763,2020-08-25 05:00,23.4,0,0,0,1000.2,1004.5,98.9,,
763,2020-08-25 06:00,22.9,0,0,0,1001,1005.3,99.2,,
763,2020-08-25 07:00,24.2,0,.1,0,1001.5,1005.8,98.1,,
763,2020-08-25 08:00,26.9,0,.2,0,1001.6,1005.9,81.5,,
763,2020-08-25 09:00,29.8,0,.4,0,1001.7,1005.9,68.9,,
763,2020-08-25 10:00,31.9,230,.5,0,1001.5,1005.7,56.6,,
763,2020-08-25 11:00,32.6,107,1.6,0,1001.1,1005.3,50.7,,
763,2020-08-25 12:00,33.2,158.9,.8,0,1000.7,1004.9,48.6,,
763,2020-08-25 13:00,34.4,133.3,1.4,0,1000.7,1004.9,47.8,,
763,2020-08-25 14:00,34.5,188.1,.7,0,1000.5,1004.7,50.3,,
763,2020-08-25 15:00,33.2,137.9,1.3,0,1000.2,1004.4,54.5,,
763,2020-08-25 16:00,34.1,129.7,1.1,0,999.8,1004,56,,
763,2020-08-25 17:00,32.4,102.4,1.5,0,999.8,1004,60.7,,
763,2020-08-25 18:00,31.6,124.9,.6,0,999.9,1004.1,61.9,,
763,2020-08-25 19:00,29.1,85.2,.5,0,1000.1,1004.3,76.5,,
763,2020-08-25 20:00,27.4,0,0,0,1000.9,1005.2,86.2,,
763,2020-08-25 21:00,27.7,0,0,0,1001.6,1005.9,82.2,,
763,2020-08-25 22:00,26.4,0,0,0,1001.3,1005.6,90.3,,
763,2020-08-25 23:00,26.7,113.7,.5,0,1001.4,1005.7,86,,
763,2020-08-26 00:00,25.9,0,0,0,1001.3,1005.6,91.3,,
763,2020-08-26 01:00,25.2,0,.3,0,1000.9,1005.2,93,,
763,2020-08-26 02:00,24.9,0,0,0,1000.2,1004.5,95.7,,
763,2020-08-26 03:00,24.9,0,.4,0,1000.3,1004.6,93.1,,
763,2020-08-26 04:00,25.5,0,0,0,1000,1004.3,89,,
763,2020-08-26 05:00,26.8,24,.7,0,999.7,1004,81.1,,
763,2020-08-26 06:00,26.1,9.5,.9,0,999.3,1003.6,84.1,,
763,2020-08-26 07:00,28,27.3,.6,0,999.5,1003.8,78.1,,
763,2020-08-26 08:00,30.1,82,2.8,0,999.1,1003.3,67.1,,
763,2020-08-26 09:00,30.2,86,3.1,0,999,1003.2,66.6,,
763,2020-08-26 10:00,31.1,63.4,2,0,999.4,1003.6,68,,
763,2020-08-26 11:00,31.8,87.2,2.5,0,998.3,1002.5,63.9,,
763,2020-08-26 12:00,32.8,103.9,1.9,0,997.7,1001.9,58,,
763,2020-08-26 13:00,32.8,107.4,2.2,0,997.4,1001.6,56.9,,
763,2020-08-26 14:00,29.4,135.5,.7,0,996.4,1000.6,79.4,,
763,2020-08-26 15:00,30.9,91.1,3,0,995.3,999.5,60.6,,
763,2020-08-26 16:00,30.1,117.4,1.8,0,995,999.2,64.3,,
763,2020-08-26 17:00,29.9,95.7,2,0,994,998.2,62.3,,
763,2020-08-26 18:00,28.3,100.1,3,.5,993.8,998,69.4,,
763,2020-08-26 19:00,28.9,100.1,3.1,0,993.1,997.3,64.6,,
763,2020-08-26 20:00,29.7,110.1,3.2,0,992.3,996.5,60.4,,
763,2020-08-26 21:00,29.9,113.7,3.3,0,992.2,996.4,60.5,,
763,2020-08-26 22:00,25.8,136.6,1.2,1,993.1,997.4,87,,
763,2020-08-26 23:00,26.7,123.4,1.7,.5,992.3,996.6,83.3,,
763,2020-08-27 00:00,26.2,142.2,1.4,.5,992.3,996.6,87.9,,
763,2020-08-27 01:00,27.9,140,1.9,0,992.3,996.5,79.5,,
763,2020-08-27 02:00,28,137.7,2.2,0,992.4,996.6,78.6,,
763,2020-08-27 03:00,28.2,155.6,1.1,0,992.7,996.9,75.4,,
763,2020-08-27 04:00,28.1,146.7,1.6,0,993.1,997.3,73.8,,
763,2020-08-27 05:00,28.3,171.1,1.5,0,993.8,998,71.8,,
763,2020-08-27 06:00,28.4,152.7,1.7,0,995.1,999.3,70.6,,
763,2020-08-27 07:00,28.4,165.5,1.7,0,996.4,1000.6,71.6,,
763,2020-08-27 08:00,28,215.4,1,0,997.4,1001.6,74.6,,
763,2020-08-27 09:00,29.3,202.7,1,0,997.8,1002,71.3,,
763,2020-08-27 10:00,29.7,159.4,1,0,998.8,1003,69.1,,
763,2020-08-27 11:00,30.2,204.3,.9,0,998.7,1002.9,68.9,,
763,2020-08-27 12:00,31.3,192.2,1.4,0,998.7,1002.9,64.3,,
763,2020-08-27 13:00,31.5,201.8,1.5,0,998.9,1003.1,66.2,,
763,2020-08-27 14:00,31.4,205.4,1.2,0,998.8,1003,65.9,,
763,2020-08-27 15:00,31.4,164.3,.9,0,998.6,1002.8,66,,
763,2020-08-27 16:00,31.9,194,.8,0,998.7,1002.9,64.7,,
763,2020-08-27 17:00,31.9,226.7,.5,0,998.9,1003.1,64.1,,
763,2020-08-27 18:00,30.9,0,.4,0,999.2,1003.4,70.3,,
763,2020-08-27 19:00,30.2,170.3,.5,0,999.6,1003.8,70.7,,
763,2020-08-27 20:00,29.3,0,.1,0,1000.7,1004.9,75,,
763,2020-08-27 21:00,28.9,143.7,.5,0,1001.3,1005.5,77,,
763,2020-08-27 22:00,28.5,0,.3,0,1001.9,1006.2,80,,
763,2020-08-27 23:00,28.4,0,.4,0,1002.1,1006.4,79.6,,
763,2020-08-28 00:00,28.1,0,.3,0,1002.3,1006.6,81.2,,
763,2020-08-28 01:00,27.9,141.9,.6,0,1002.2,1006.5,80.8,,
763,2020-08-28 02:00,27.8,138.2,.5,0,1001.9,1006.2,81.2,,
763,2020-08-28 03:00,27.4,0,.3,0,1002.3,1006.6,83.5,,
763,2020-08-28 04:00,27.2,0,.4,0,1002.3,1006.6,83.6,,
763,2020-08-28 05:00,26.7,0,.4,0,1002.1,1006.4,84.4,,
763,2020-08-28 06:00,26.8,0,.2,0,1002.6,1006.9,81.9,,
763,2020-08-28 07:00,27.2,147.8,.5,0,1003,1007.3,78.6,,
763,2020-08-28 08:00,28.4,150.6,.5,0,1003.3,1007.6,75.6,,
763,2020-08-28 09:00,29.3,176.6,.6,0,1003.7,1007.9,72.1,,
763,2020-08-28 10:00,30.5,133.8,1.5,0,1003.9,1008.2,68.5,,
763,2020-08-28 11:00,30.8,167.2,.6,0,1003.6,1007.8,67.9,,
763,2020-08-28 12:00,32.4,146.7,1,0,1003.1,1007.3,58.8,,
763,2020-08-28 13:00,33,175.8,.5,0,1002.6,1006.8,60.3,,
763,2020-08-28 14:00,33.5,215,.7,0,1002.2,1006.4,56,,
763,2020-08-28 15:00,31.7,271.8,2.2,0,1001.9,1006.1,66.9,,
763,2020-08-28 16:00,31.8,290.6,1.9,0,1001.8,1006,65.6,,
763,2020-08-28 17:00,31.1,261.3,1.3,0,1001.9,1006.1,71.2,,
763,2020-08-28 18:00,27.1,253,1.6,0,1002.9,1007.2,89.8,,
763,2020-08-28 19:00,24.8,256,1.5,14.5,1003.8,1008.1,98.1,,
763,2020-08-28 20:00,24.8,0,.1,0,1004.5,1008.8,98.7,,
763,2020-08-28 21:00,24.9,0,.1,1.5,1005.9,1010.2,98.8,,
763,2020-08-28 22:00,24.6,0,0,8.5,1005.7,1010,99.5,,
763,2020-08-28 23:00,24.6,0,0,0,1005.6,1009.9,99.6,,
763,2020-08-29 00:00,24.4,0,0,0,1005.5,1009.8,99.8,,
763,2020-08-29 01:00,24.1,0,0,.5,1005.4,1009.7,99.9,,
763,2020-08-29 02:00,23.9,0,.2,0,1004.9,1009.2,99.9,,
763,2020-08-29 03:00,23.7,0,0,0,1004.8,1009.1,99.9,,
763,2020-08-29 04:00,23.6,0,0,0,1004.3,1008.6,99.9,,
763,2020-08-29 05:00,23.9,0,.3,0,1004.1,1008.4,99.9,,
763,2020-08-29 06:00,24,0,0,0,1004.2,1008.5,99.9,,
763,2020-08-29 07:00,24.5,0,.1,0,1004.7,1009,99.9,,
763,2020-08-29 08:00,27.1,141,.7,0,1004.9,1009.2,84.7,,
763,2020-08-29 09:00,28.6,124.8,.8,0,1005.4,1009.7,76.4,,
763,2020-08-29 10:00,29.6,141.2,.6,0,1005.6,1009.9,71.2,,
763,2020-08-29 11:00,29.9,122.8,.9,0,1005.5,1009.7,72.6,,
763,2020-08-29 12:00,30.3,0,.4,0,1005.1,1009.4,69.6,,
763,2020-08-29 13:00,29.8,140.4,1.2,0,1004.7,1008.9,73.2,,
763,2020-08-29 14:00,29.1,153.5,.8,0,1004.6,1008.9,76,,
763,2020-08-29 15:00,27.3,0,.4,8,1004.6,1008.9,88.2,,
763,2020-08-29 16:00,25.6,190.7,.6,2,1004.9,1009.2,96.5,,
763,2020-08-29 17:00,25.6,0,.3,0,1005.3,1009.6,97.6,,
763,2020-08-29 18:00,25.9,128.4,.5,0,1005.4,1009.7,96.9,,
763,2020-08-29 19:00,25.8,0,.1,.5,1005.7,1010,97.1,,
763,2020-08-29 20:00,26,244.5,1.9,2,1006.4,1010.7,97.2,,
763,2020-08-29 21:00,25.8,246.8,1.1,0,1007.2,1011.5,97,,
763,2020-08-29 22:00,25.5,252.6,1.2,0,1007.3,1011.6,97.4,,
763,2020-08-29 23:00,25.6,0,.1,0,1007.4,1011.7,97.6,,
763,2020-08-30 00:00,25.7,0,.1,0,1007.4,1011.7,96.8,,
763,2020-08-30 01:00,25.5,0,.2,0,1007.2,1011.5,98.2,,
763,2020-08-30 02:00,25.7,0,.1,0,1007,1011.3,97.5,,
763,2020-08-30 03:00,25.4,0,.1,0,1006.6,1010.9,97.9,,
763,2020-08-30 04:00,24.7,0,.2,0,1006.7,1011,99.5,,
763,2020-08-30 05:00,25.1,0,.1,0,1006.6,1010.9,98.9,,
763,2020-08-30 06:00,24.7,0,.2,0,1006.9,1011.2,99.5,,
763,2020-08-30 07:00,25.5,0,.1,0,1007.5,1011.8,98.6,,
763,2020-08-30 08:00,25.4,29.4,1,0,1007.9,1012.2,99.1,,
763,2020-08-30 09:00,26.7,0,.1,.5,1007.9,1012.2,96.6,,
763,2020-08-30 10:00,27.7,241.2,.8,0,1008.3,1012.6,86.4,,
763,2020-08-30 11:00,29.2,0,.4,0,1008.2,1012.5,79.7,,
763,2020-08-30 12:00,30.3,248.3,1.5,0,1007.5,1011.8,75.6,,
763,2020-08-30 13:00,29.5,287.5,2,0,1007.3,1011.6,73.7,,
763,2020-08-30 14:00,29.7,271.6,1.6,0,1007,1011.3,74.6,,
763,2020-08-30 15:00,31.1,282.6,2.3,0,1006.4,1010.7,68.9,,
763,2020-08-30 16:00,30.3,286.1,2.7,0,1006.4,1010.7,69.9,,
763,2020-08-30 17:00,30.2,269.6,1.8,0,1006.5,1010.8,69.5,,
763,2020-08-30 18:00,29.4,262,1,0,1006.8,1011.1,74.2,,
763,2020-08-30 19:00,28.1,252.3,.6,0,1007,1011.3,83.1,,
763,2020-08-30 20:00,26.9,0,.2,0,1007.7,1012,88.5,,
763,2020-08-30 21:00,25.6,0,.2,0,1008.4,1012.7,93.4,,
763,2020-08-30 22:00,25.1,0,0,0,1008.6,1013,96.1,,
763,2020-08-30 23:00,24.7,0,0,0,1008.8,1013.1,96.5,,
763,2020-08-31 00:00,24.6,0,0,0,1008.5,1012.8,98,,
763,2020-08-31 01:00,24.5,0,0,0,1008.3,1012.6,98.2,,
763,2020-08-31 02:00,24.3,0,0,0,1007.9,1012.2,98.7,,
763,2020-08-31 03:00,24.2,0,0,0,1007.6,1011.9,99,,
763,2020-08-31 04:00,23.9,0,0,0,1007.6,1011.9,99.7,,
763,2020-08-31 05:00,23.6,0,0,0,1007.6,1011.9,99.8,,
763,2020-08-31 06:00,23.9,0,.1,0,1008.3,1012.6,99.9,,
763,2020-08-31 07:00,24.6,0,0,0,1008.6,1012.9,99.2,,
763,2020-08-31 08:00,25.1,0,.1,0,1008.7,1013.1,97.7,,
763,2020-08-31 09:00,28,42.8,.8,0,1008.8,1013.1,82,,
763,2020-08-31 10:00,29.6,91.6,.7,0,1008.5,1012.8,73.9,,
763,2020-08-31 11:00,29.7,309.6,1.2,0,1008.5,1012.8,76.5,,
763,2020-08-31 12:00,31.2,16.8,1.4,0,1008,1012.3,68.2,,
763,2020-08-31 13:00,32.2,353.6,1.6,0,1007.4,1011.6,64.6,,
763,2020-08-31 14:00,32,342.6,1.8,0,1006.8,1011,63.9,,
763,2020-08-31 15:00,30.3,23.5,1.7,0,1006.5,1010.8,71.2,,
763,2020-08-31 16:00,29.7,95.9,1.1,0,1006.1,1010.4,75.9,,
763,2020-08-31 17:00,29.2,85,1.1,0,1006.3,1010.6,77.1,,
763,2020-08-31 18:00,28.6,71,.8,0,1006.4,1010.7,80,,
763,2020-08-31 19:00,27.4,0,.2,0,1006.5,1010.8,83.6,,
763,2020-08-31 20:00,26.9,0,.2,0,1006.8,1011.1,86.5,,
763,2020-08-31 21:00,26.4,0,.2,0,1007.5,1011.8,83.4,,
763,2020-08-31 22:00,26,93.8,.5,0,1007.7,1012,85.7,,
763,2020-08-31 23:00,25.7,78.2,.6,0,1007.8,1012.1,85.9,,
763,2020-09-01 00:00,25.3,0,.2,0,1007.5,1011.8,88.5,,
763,2020-09-01 01:00,24.7,0,.4,0,1007.2,1011.5,89.6,,
763,2020-09-01 02:00,24.5,1,.6,0,1006.8,1011.1,86,,
763,2020-09-01 03:00,23.7,0,.3,0,1006.7,1011,89.5,,
763,2020-09-01 04:00,22.9,13.6,.8,0,1006.1,1010.5,91.5,,
763,2020-09-01 05:00,22.5,0,.3,0,1005.5,1009.9,90.5,,
763,2020-09-01 06:00,22.5,0,0,0,1005.7,1010.1,91.4,,
763,2020-09-01 07:00,23.3,0,0,0,1006,1010.3,88.4,,
763,2020-09-01 08:00,23.6,0,.4,0,1006.3,1010.6,87.7,,
763,2020-09-01 09:00,25.1,0,.4,0,1006.6,1010.9,78.6,,
763,2020-09-01 10:00,26.6,359,1,0,1006.4,1010.7,72.4,,
763,2020-09-01 11:00,28.4,14.2,1.1,0,1005.9,1010.2,66.8,,
763,2020-09-01 12:00,29.9,9.1,1.3,0,1005,1009.2,66.3,,
763,2020-09-01 13:00,29.7,29.9,1,0,1004.5,1008.7,63.5,,
763,2020-09-01 14:00,30.4,15.7,1.8,0,1003.9,1008.2,64.9,,
763,2020-09-01 15:00,31.4,6.3,1.5,0,1003.5,1007.7,62.6,,
763,2020-09-01 16:00,30.4,341.7,1.3,0,1003.2,1007.4,66.1,,
763,2020-09-01 17:00,30.1,359.7,1.7,0,1003.2,1007.5,66.8,,
763,2020-09-01 18:00,28.7,324.9,.7,0,1003.4,1007.7,74.4,,
763,2020-09-01 19:00,27.4,0,.2,0,1003.1,1007.4,85.1,,
763,2020-09-01 20:00,26.6,0,.2,0,1003.6,1007.9,91.5,,
763,2020-09-01 21:00,27,0,.2,0,1004,1008.3,85.3,,
763,2020-09-01 22:00,27,0,0,0,1003.9,1008.2,84.2,,
763,2020-09-01 23:00,26.3,0,.2,0,1003.7,1008,87.4,,
763,2020-09-02 00:00,25.3,0,.1,0,1003.5,1007.8,96.5,,
763,2020-09-02 01:00,24.8,0,0,0,1003.2,1007.5,98.8,,
763,2020-09-02 02:00,24.6,334.1,.6,0,1002.3,1006.6,98.4,,
763,2020-09-02 03:00,24.3,0,.1,0,1001.9,1006.2,97.4,,
763,2020-09-02 04:00,24.3,0,.4,0,1001.4,1005.7,96.5,,
763,2020-09-02 05:00,24.3,0,.4,0,1001.7,1006,96.4,,
763,2020-09-02 06:00,24,21,.9,.5,1001.7,1006,98,,
763,2020-09-02 07:00,23.9,322.5,.7,0,1001.6,1005.9,98.7,,
763,2020-09-02 08:00,24.1,14.8,.8,1.5,1002,1006.3,99.1,,
763,2020-09-02 09:00,24.4,14.1,1.6,.5,1001.4,1005.7,98.3,,
763,2020-09-02 10:00,25.1,58.6,1.4,0,1001.4,1005.7,94.7,,
763,2020-09-02 11:00,24.5,18.9,2.1,1,1000.7,1005,96.7,,
763,2020-09-02 12:00,25.5,18.4,2.1,0,999.2,1003.5,92.1,,
763,2020-09-02 13:00,26.1,36.7,2.6,0,998.7,1003,86.9,,
763,2020-09-02 14:00,26.5,24.2,3.2,0,997.6,1001.9,84,,
763,2020-09-02 15:00,26.4,27.9,2.4,0,996.7,1001,82.8,,
763,2020-09-02 16:00,25.1,35.8,1.6,.5,995.6,999.9,92,,
763,2020-09-02 17:00,24.4,21.2,2.1,1.5,995.2,999.5,97.6,,
763,2020-09-02 18:00,24.2,352.6,.9,2,994.5,998.8,98.2,,
763,2020-09-02 19:00,23.8,339.6,1.6,.5,992.9,997.2,98.9,,
763,2020-09-02 20:00,23.7,340.5,1.7,.5,992,996.3,99,,
763,2020-09-02 21:00,23.5,3.2,2.5,1,990.8,995.1,99.1,,
763,2020-09-02 22:00,23.3,11.4,2.7,2,989.4,993.7,98.8,,
763,2020-09-02 23:00,23.1,353.4,3.6,2.5,986.9,991.2,98.4,,
763,2020-09-03 00:00,22.9,.3,3.4,4.5,985,989.3,98.6,,
763,2020-09-03 01:00,22.6,340.2,3.3,5.5,982.5,986.8,98,,
763,2020-09-03 02:00,22.4,335.9,3.2,4.5,981.2,985.5,98.1,,
763,2020-09-03 03:00,22,316.5,4.2,5.5,980.3,984.6,97.9,,
763,2020-09-03 04:00,22,303.3,4,4,980.5,984.8,96.5,,
763,2020-09-03 05:00,21.6,283.1,4.7,.5,982.7,987,96.1,,
763,2020-09-03 06:00,21.3,274,2.6,7.5,986.3,990.6,94.4,,
763,2020-09-03 07:00,21.5,249.6,3.1,1,989,993.3,91.8,,
763,2020-09-03 08:00,22.1,251.4,4,0,991.1,995.4,93.1,,
763,2020-09-03 09:00,22.4,252.3,3.9,0,993.6,997.9,89.7,,
763,2020-09-03 10:00,23.2,257.9,4,0,995.6,999.9,84.3,,
763,2020-09-03 11:00,23.9,264.8,4.1,0,996.9,1001.2,77.1,,
763,2020-09-03 12:00,24.6,247.9,2.1,0,997.9,1002.2,74.2,,
763,2020-09-03 13:00,25.2,258.1,2,0,998.5,1002.8,71.5,,
763,2020-09-03 14:00,25.2,259.5,2.1,0,998.9,1003.2,75.3,,
763,2020-09-03 15:00,25,265.8,4.4,0,999.7,1004,74.7,,
763,2020-09-03 16:00,24.4,263.5,3.8,0,1000.4,1004.7,74.9,,
763,2020-09-03 17:00,24.5,248.9,2.3,0,1001.7,1006,75.5,,
763,2020-09-03 18:00,24.2,227.5,1.6,0,1002.7,1007,78.3,,
763,2020-09-03 19:00,23.2,229.7,1.5,0,1003.6,1007.9,80.1,,
763,2020-09-03 20:00,23.1,213.1,1.4,0,1004.6,1008.9,79.3,,
763,2020-09-03 21:00,22.2,0,.4,0,1005.3,1009.7,86,,
763,2020-09-03 22:00,21.9,172.4,.6,0,1005.8,1010.2,85.3,,
763,2020-09-03 23:00,21.4,177,.6,0,1006,1010.4,88,,
763,2020-09-04 00:00,21.7,168.8,.6,0,1006.6,1011,84.2,,
763,2020-09-04 01:00,21.6,196.3,.8,0,1006.6,1011,82.2,,
763,2020-09-04 02:00,21.6,182.6,.6,0,1007,1011.4,80.2,,
763,2020-09-04 03:00,21.6,164,.5,0,1007.4,1011.8,80.3,,
763,2020-09-04 04:00,21.2,0,.4,0,1007.5,1011.9,81.4,,
763,2020-09-04 05:00,21.4,132.9,.8,0,1007.6,1012,80.5,,
763,2020-09-04 06:00,21.2,139.1,.8,0,1008,1012.4,80.7,,
763,2020-09-04 07:00,21.5,0,.1,0,1008.7,1013.1,79.4,,
763,2020-09-04 08:00,22.9,158.9,.8,0,1008.8,1013.2,73,,
763,2020-09-04 09:00,23.8,217.4,.9,0,1009.3,1013.6,72.2,,
763,2020-09-04 10:00,24.9,196.9,.9,0,1009.5,1013.8,70.5,,
763,2020-09-04 11:00,25.7,221.6,.7,0,1009.7,1014,65.8,,
763,2020-09-04 12:00,27.4,234.8,1.3,0,1009.6,1013.9,55.7,,
763,2020-09-04 13:00,27.9,263.2,2.1,0,1009.3,1013.6,52.4,,
763,2020-09-04 14:00,28.3,242,1.4,0,1009.1,1013.4,50.8,,
763,2020-09-04 15:00,26.9,289.1,1.9,0,1008.7,1013,56.2,,
763,2020-09-04 16:00,26.8,295.2,1.6,0,1008.7,1013,61.5,,
763,2020-09-04 17:00,26.2,274.7,2.2,0,1008.8,1013.1,67.8,,
763,2020-09-04 18:00,24.9,273.2,.7,0,1009.1,1013.4,73.4,,
763,2020-09-04 19:00,23.5,0,.1,0,1009.2,1013.6,85.1,,
763,2020-09-04 20:00,22.2,0,0,0,1009.7,1014.1,90.2,,
763,2020-09-04 21:00,21.7,0,0,0,1010.1,1014.5,92,,
763,2020-09-04 22:00,21.7,0,.1,0,1010.3,1014.7,91.7,,
763,2020-09-04 23:00,20.9,0,0,0,1010.2,1014.6,93.9,,
763,2020-09-05 00:00,20.8,0,0,0,1010.5,1014.9,96.1,,
763,2020-09-05 01:00,19.8,290.3,.5,0,1010.3,1014.7,97.9,,
763,2020-09-05 02:00,19.6,0,.3,0,1010,1014.4,98.8,,
763,2020-09-05 03:00,19,0,.1,0,1009.9,1014.3,99.3,,
763,2020-09-05 04:00,19.1,0,0,0,1009.8,1014.2,99.4,,
763,2020-09-05 05:00,18.9,0,.1,0,1009.5,1013.9,99.5,,
763,2020-09-05 06:00,18.9,0,0,0,1009.6,1014,99.6,,
763,2020-09-05 07:00,19.3,0,0,0,1010.3,1014.7,99.8,,
763,2020-09-05 08:00,20.1,350.7,.5,0,1010.5,1014.9,95.3,,
763,2020-09-05 09:00,20.7,0,.3,0,1010.8,1015.2,94,,
763,2020-09-05 10:00,21.5,0,.1,0,1010.8,1015.2,88.6,,
763,2020-09-05 11:00,22.2,0,.2,0,1010.7,1015.1,84.7,,
763,2020-09-05 12:00,22.7,298.6,.6,0,1010.3,1014.7,84.4,,
763,2020-09-05 13:00,24.1,353.1,1.4,0,1009.6,1013.9,75.5,,
763,2020-09-05 14:00,24.3,62.2,1.3,0,1008.7,1013,73.1,,
763,2020-09-05 15:00,24.6,47.9,1.2,0,1008.7,1013,71.5,,
763,2020-09-05 16:00,24.6,63.6,.8,0,1008.5,1012.8,76.1,,
763,2020-09-05 17:00,24,86.7,.7,0,1008.6,1012.9,79,,
763,2020-09-05 18:00,22.7,23.7,.9,0,1008.3,1012.7,80.2,,
763,2020-09-05 19:00,21.4,0,.1,0,1008.2,1012.6,89.8,,
763,2020-09-05 20:00,21,21.4,.8,0,1008.5,1012.9,88.7,,
763,2020-09-05 21:00,21.8,106.5,.9,0,1008.6,1013,70.3,,
763,2020-09-05 22:00,20.7,70.7,1.1,0,1008.3,1012.7,79.2,,
763,2020-09-05 23:00,19.9,0,.3,0,1008.6,1013,86.2,,
763,2020-09-06 00:00,19.8,122.5,.8,0,1008.4,1012.8,88.1,,
763,2020-09-06 01:00,19.6,0,.2,0,1008.9,1013.3,91.4,,
763,2020-09-06 02:00,19.2,90.8,1.2,0,1008,1012.4,93.1,,
763,2020-09-06 03:00,19.1,203.4,.5,0,1007.4,1011.8,90.8,,
763,2020-09-06 04:00,19,0,.2,0,1007.1,1011.5,92.4,,
763,2020-09-06 05:00,19.3,0,.4,0,1006.5,1010.9,88.7,,
763,2020-09-06 06:00,19,357.7,.7,0,1006.2,1010.6,90.4,,
763,2020-09-06 07:00,19.6,41.9,.5,0,1006,1010.4,87.1,,
763,2020-09-06 08:00,20.5,11.3,1.5,0,1006.7,1011.1,83.1,,
763,2020-09-06 09:00,20.7,25.9,2,0,1006.8,1011.2,80.8,,
763,2020-09-06 10:00,21,40.7,1.9,0,1006.4,1010.8,80.1,,
763,2020-09-06 11:00,22.6,22.4,2.7,0,1005.4,1009.8,75.2,,
763,2020-09-06 12:00,24.2,21.7,2.6,0,1004.4,1008.7,71.7,,
763,2020-09-06 13:00,25.3,26.8,2.1,0,1003.7,1008,69.7,,
763,2020-09-06 14:00,24.4,29.2,2.5,0,1003.1,1007.4,75.6,,
763,2020-09-06 15:00,23.6,30,1.8,0,1002.8,1007.1,79.9,,
763,2020-09-06 16:00,22.2,27.2,2.7,0,1002.4,1006.8,85.6,,
763,2020-09-06 17:00,21.3,49.6,2.1,1,1002.2,1006.6,93.5,,
763,2020-09-06 18:00,20.9,27.1,3,1.5,1001.6,1006,95.3,,
763,2020-09-06 19:00,20.7,25,2.8,1,1001,1005.4,95.6,,
763,2020-09-06 20:00,20.5,24.1,2.6,1,1000.7,1005.1,96.9,,
763,2020-09-06 21:00,20.2,3.5,1.2,3,999.7,1004.1,99.1,,
763,2020-09-06 22:00,19.6,18.1,1.7,2,998.7,1003.1,99.6,,
763,2020-09-06 23:00,19.3,358.3,1.6,3,997.6,1002,99,,
763,2020-09-07 00:00,18.1,356.4,2.4,4,996,1000.4,98.8,,
763,2020-09-07 01:00,18.1,7.8,1.9,1,994.5,998.9,98.7,,
763,2020-09-07 02:00,18.3,26.5,2.8,.5,992.3,996.7,96.8,,
763,2020-09-07 03:00,18.1,14.9,3,1.5,990.8,995.2,96.5,,
763,2020-09-07 04:00,17.4,6.8,2.9,2.5,988.7,993.1,97.2,,
763,2020-09-07 05:00,16.7,349.9,3,2,987.2,991.6,98.7,,
763,2020-09-07 06:00,16.4,344.3,3.7,3.5,986.2,990.6,98.4,,
763,2020-09-07 07:00,16.6,344.9,4,3,985.1,989.5,98.3,,
763,2020-09-07 08:00,17.1,347.8,4.3,1.5,984,988.4,97.1,,
763,2020-09-07 09:00,17.2,338.2,2.7,4,983.2,987.6,98.3,,
763,2020-09-07 10:00,17.7,323.6,2.3,2,982.9,987.2,97.7,,
763,2020-09-07 11:00,18,279.7,2.6,1.5,983.6,987.9,97.4,,
763,2020-09-07 12:00,18.3,253.7,3.5,3,984.7,989,98.6,,
763,2020-09-07 13:00,20,282.2,2.4,1,984.8,989.1,92.9,,
763,2020-09-07 14:00,20.2,236.4,1.3,0,986.2,990.5,96.2,,
763,2020-09-07 15:00,20.4,238.5,1.8,0,987.9,992.2,95.2,,
763,2020-09-07 16:00,20.6,254.5,2,1,989.4,993.7,98,,
763,2020-09-07 17:00,20.5,260.7,5.6,1.5,991.5,995.9,97.1,,
763,2020-09-07 18:00,20.1,262.4,3.7,.5,993.6,998,96.1,,
763,2020-09-07 19:00,21.2,247.7,2.8,0,995.4,999.8,90.7,,
763,2020-09-07 20:00,22,223.1,2.6,0,996.9,1001.2,87.4,,
763,2020-09-07 21:00,22.3,229.3,3,0,998.2,1002.5,88.8,,
763,2020-09-07 22:00,22,217.5,2.2,0,999.5,1003.8,91,,
763,2020-09-07 23:00,21.9,215.7,1.6,0,1000.5,1004.9,89.7,,
763,2020-09-08 00:00,22.1,203.3,1.6,0,1001.2,1005.6,88.4,,
763,2020-09-08 01:00,21.7,182,.9,0,1001.7,1006.1,90.4,,
763,2020-09-08 02:00,21.8,172.6,1.2,0,1002.3,1006.7,92.7,,
763,2020-09-08 03:00,22.2,217.3,1.6,0,1002.9,1007.3,90.8,,
763,2020-09-08 04:00,22.2,193.3,1.4,0,1003.7,1008.1,89.4,,
763,2020-09-08 05:00,21.9,219.8,1.9,0,1004.8,1009.2,91,,
763,2020-09-08 06:00,22,208.5,1.6,0,1005.7,1010.1,90.1,,
763,2020-09-08 07:00,22,216.8,.8,0,1006.4,1010.8,89.5,,
763,2020-09-08 08:00,22.4,223.8,.6,0,1006.7,1011.1,87,,
763,2020-09-08 09:00,23.7,220.6,.6,0,1007.3,1011.6,83.9,,
763,2020-09-08 10:00,24.2,231.1,.9,0,1007.7,1012,76.5,,
763,2020-09-08 11:00,25.1,262.4,2.4,0,1007.7,1012,72.8,,
763,2020-09-08 12:00,24.9,268.2,2.2,0,1007.6,1011.9,72.2,,
763,2020-09-08 13:00,26.8,230.5,1.7,0,1007.8,1012.1,67.6,,
763,2020-09-08 14:00,26.8,244.1,1.9,0,1007.6,1011.9,65.7,,
763,2020-09-08 15:00,26.9,255.3,1.7,0,1007.2,1011.5,61.7,,
763,2020-09-08 16:00,26.7,241.8,1.5,0,1007.6,1011.9,55.7,,
763,2020-09-08 17:00,25.8,255.7,2.3,0,1008,1012.3,63.2,,
763,2020-09-08 18:00,24.5,0,.3,0,1007.8,1012.1,71.6,,
763,2020-09-08 19:00,23.2,235,.6,0,1008,1012.4,81.9,,
763,2020-09-08 20:00,21.1,0,0,0,1008.4,1012.8,94.6,,
763,2020-09-08 21:00,20.5,0,0,0,1009.1,1013.5,97.5,,
763,2020-09-08 22:00,20.1,0,0,0,1009.2,1013.6,98.8,,
763,2020-09-08 23:00,20.6,0,0,0,1009,1013.4,97.6,,
763,2020-09-09 00:00,21,0,0,.5,1008.8,1013.2,97,,
763,2020-09-09 01:00,20.8,0,.1,0,1008.9,1013.3,99,,
763,2020-09-09 02:00,18.4,38,.5,8,1009.8,1014.2,98.8,,
763,2020-09-09 03:00,18.6,0,.2,.5,1009,1013.4,98.4,,
763,2020-09-09 04:00,18.8,0,.3,.5,1010.2,1014.6,98.5,,
763,2020-09-09 05:00,18.3,0,.4,12.5,1009.5,1013.9,99.3,,
763,2020-09-09 06:00,18.3,112.2,.8,2.5,1008.9,1013.3,97.9,,
763,2020-09-09 07:00,18.9,0,.2,0,1008.3,1012.7,94.8,,
763,2020-09-09 08:00,19.3,0,0,0,1008.6,1013,95.1,,
763,2020-09-09 09:00,21.2,298.1,.5,0,1008.4,1012.8,84.9,,
763,2020-09-09 10:00,21.4,202.2,1,0,1009.3,1013.7,81.4,,
763,2020-09-09 11:00,20,133.6,1.2,0,1007.4,1011.8,91.1,,
763,2020-09-09 12:00,23.4,236.9,1,0,1007.4,1011.7,71.5,,
763,2020-09-09 13:00,24.4,214.4,.9,0,1006.3,1010.6,66.7,,
763,2020-09-09 14:00,25.3,184.4,.9,0,1005.4,1009.7,62.2,,
763,2020-09-09 15:00,26.4,218.1,1,0,1004.6,1008.9,58.9,,
763,2020-09-09 16:00,26.1,208.5,.8,0,1004.3,1008.6,58.7,,
763,2020-09-09 17:00,25.2,259.5,1.1,0,1004.3,1008.6,65.8,,
763,2020-09-09 18:00,23.4,255,1.1,0,1004.5,1008.8,75,,
763,2020-09-09 19:00,22.7,277.5,.9,0,1004.4,1008.8,81.6,,
763,2020-09-09 20:00,22.3,0,.2,0,1005,1009.4,88.9,,
763,2020-09-09 21:00,22.6,256.4,1.4,0,1005.2,1009.6,87.5,,
763,2020-09-09 22:00,22.3,263.8,1.4,0,1005.2,1009.6,90.1,,
763,2020-09-09 23:00,22.2,261.1,.8,0,1005.2,1009.6,90.7,,
763,2020-09-10 00:00,22,242.8,.7,0,1005.1,1009.5,92.9,,
763,2020-09-10 01:00,21.7,0,.1,0,1005,1009.4,94.7,,
763,2020-09-10 02:00,21.8,0,.2,0,1005,1009.4,93.2,,
763,2020-09-10 03:00,21,0,.1,0,1004.8,1009.2,96.4,,
763,2020-09-10 04:00,21.1,0,.2,0,1004.5,1008.9,95.9,,
763,2020-09-10 05:00,20.9,0,0,0,1004.5,1008.9,97.5,,
763,2020-09-10 06:00,19.8,0,0,0,1004.9,1009.3,99.1,,
763,2020-09-10 07:00,20,0,0,0,1004.9,1009.3,99.3,,
763,2020-09-10 08:00,21.8,0,.3,0,1004.9,1009.3,91,,
763,2020-09-10 09:00,22.8,0,.2,0,1005.4,1009.8,81.4,,
763,2020-09-10 10:00,23.7,0,.2,0,1005.7,1010,79.7,,
763,2020-09-10 11:00,24,0,.3,0,1005.6,1009.9,75.4,,
763,2020-09-10 12:00,25.8,0,.4,0,1005.4,1009.7,67.6,,
763,2020-09-10 13:00,25.9,293.4,1.2,0,1005.2,1009.5,65,,
763,2020-09-10 14:00,26.9,261.3,.7,0,1005,1009.3,58.2,,
763,2020-09-10 15:00,26.2,0,.3,0,1004.8,1009.1,57.1,,
763,2020-09-10 16:00,27.5,0,.4,0,1004.8,1009.1,53,,
763,2020-09-10 17:00,26.9,0,.2,0,1005,1009.3,52.9,,
763,2020-09-10 18:00,25.1,282.5,.8,0,1005.1,1009.4,69.8,,
763,2020-09-10 19:00,22.7,0,.1,0,1005.5,1009.9,86.9,,
763,2020-09-10 20:00,22.3,0,0,0,1006,1010.4,89.4,,
763,2020-09-10 21:00,21.7,0,0,0,1006.3,1010.7,94.2,,
763,2020-09-10 22:00,21.2,0,.1,0,1006.6,1011,94,,
763,2020-09-10 23:00,20.7,0,.1,0,1007,1011.4,96.1,,
763,2020-09-11 00:00,20.7,0,0,0,1007.9,1012.3,95.6,,
763,2020-09-11 01:00,20.9,0,.1,0,1007.8,1012.2,94.7,,
763,2020-09-11 02:00,20.5,0,.3,0,1008.3,1012.7,97,,
763,2020-09-11 03:00,20.1,281.7,.5,0,1008,1012.4,98,,
763,2020-09-11 04:00,19.8,0,.1,0,1008,1012.4,99.3,,
763,2020-09-11 05:00,19.5,0,0,0,1007.8,1012.2,99.6,,
763,2020-09-11 06:00,19.6,0,0,0,1008,1012.4,99.6,,
763,2020-09-11 07:00,19.4,0,.1,0,1008.5,1012.9,99.4,,
763,2020-09-11 08:00,20.3,0,.1,0,1008.7,1013.1,96.2,,
763,2020-09-11 09:00,21.2,0,.1,0,1009.4,1013.8,87.8,,
763,2020-09-11 10:00,22,0,.1,0,1009.9,1014.3,86,,
763,2020-09-11 11:00,23.9,133.7,.8,0,1010.5,1014.8,72.5,,
763,2020-09-11 12:00,24.7,133.4,.8,0,1010.2,1014.5,69.6,,
763,2020-09-11 13:00,24.2,0,.2,0,1009.3,1013.6,69.9,,
763,2020-09-11 14:00,24.1,.1,.7,0,1009.5,1013.8,77.1,,
763,2020-09-11 15:00,23.5,39.1,.8,0,1009.8,1014.2,75.1,,
763,2020-09-11 16:00,22.5,16.5,.8,.5,1009.6,1014,91.8,,
763,2020-09-11 17:00,21.7,307,.5,.5,1009.7,1014.1,96.1,,
763,2020-09-11 18:00,21.3,0,.4,.5,1009.9,1014.3,97.1,,
763,2020-09-11 19:00,21,354.8,.5,0,1010,1014.4,95.3,,
763,2020-09-11 20:00,20.8,358.2,.6,0,1010.1,1014.5,96.3,,
763,2020-09-11 21:00,20.4,24.6,1,1.5,1010.6,1015,97.9,,
763,2020-09-11 22:00,19.4,6.7,1.7,2,1010.7,1015.1,97.6,,
763,2020-09-11 23:00,18.8,3.3,1.7,.5,1010.9,1015.3,97.6,,
763,2020-09-12 00:00,18.9,1.2,1.8,0,1010.7,1015.1,95.3,,
763,2020-09-12 01:00,18.8,47.5,1.1,0,1010.5,1014.9,91.3,,
763,2020-09-12 02:00,18.5,12.6,1.4,0,1010.6,1015,90.8,,
763,2020-09-12 03:00,18.4,20,2.2,0,1010.5,1014.9,90.4,,
763,2020-09-12 04:00,18,21.7,1.2,.5,1010.1,1014.6,94.2,,
763,2020-09-12 05:00,17.9,21.9,1.4,1,1009.9,1014.4,97,,
763,2020-09-12 06:00,17.8,349.1,1,.5,1010.2,1014.7,97.5,,
763,2020-09-12 07:00,17.9,16.1,1,0,1010.5,1015,98.3,,
763,2020-09-12 08:00,18.5,31.2,1.9,0,1010.9,1015.3,96,,
763,2020-09-12 09:00,19,27.4,2.5,0,1011,1015.4,91.5,,
763,2020-09-12 10:00,19.9,7.8,2.5,0,1011,1015.4,86.1,,
763,2020-09-12 11:00,20.7,10,2.7,0,1010.8,1015.2,82,,
763,2020-09-12 12:00,21.5,28.7,2.7,0,1010.5,1014.9,76.9,,
763,2020-09-12 13:00,22.2,.6,2.4,0,1010.2,1014.6,78.7,,
763,2020-09-12 14:00,21.4,339.9,1.9,0,1009.9,1014.3,80.1,,
763,2020-09-12 15:00,21.5,353.6,1.8,0,1010,1014.4,82.2,,
763,2020-09-12 16:00,21.3,16.2,2.4,0,1010.1,1014.5,85.7,,
763,2020-09-12 17:00,20.9,17.6,2.3,0,1010.4,1014.8,85.7,,
763,2020-09-12 18:00,20.4,23.3,1.6,0,1010.6,1015,89.9,,
763,2020-09-12 19:00,19.8,27.6,1.6,0,1011.2,1015.6,93.2,,
763,2020-09-12 20:00,19.4,356.3,1.2,0,1011.4,1015.8,97.7,,
763,2020-09-12 21:00,19.4,1.2,.6,0,1011.9,1016.3,98.6,,
763,2020-09-12 22:00,19.3,0,.3,0,1012,1016.4,98.8,,
763,2020-09-12 23:00,19.4,0,.2,0,1011.8,1016.2,98.1,,
763,2020-09-13 00:00,19.1,0,.1,0,1011.5,1015.9,98.9,,
763,2020-09-13 01:00,19.1,0,0,0,1011.5,1015.9,99.4,,
763,2020-09-13 02:00,19.1,0,0,0,1011.6,1016,99.5,,
763,2020-09-13 03:00,19.2,0,.3,0,1011.5,1015.9,99,,
763,2020-09-13 04:00,19.1,344.1,.5,0,1011.2,1015.6,98.5,,
763,2020-09-13 05:00,18.9,337.9,.7,0,1011.6,1016,98.7,,
763,2020-09-13 06:00,18.7,0,0,1,1011.9,1016.3,99.4,,
763,2020-09-13 07:00,18.5,0,0,0,1012.3,1016.8,99.9,,
763,2020-09-13 08:00,19,0,.3,0,1012.4,1016.8,98.9,,
763,2020-09-13 09:00,19.5,0,.4,0,1012.5,1016.9,96.2,,
763,2020-09-13 10:00,21.2,0,.3,0,1012.6,1017,84.6,,
763,2020-09-13 11:00,23.2,66.8,.8,0,1012.1,1016.5,72,,
763,2020-09-13 12:00,23.9,74.4,.6,0,1011.6,1016,68.9,,
763,2020-09-13 13:00,24.7,0,.3,0,1011.1,1015.4,64.8,,
763,2020-09-13 14:00,25.3,322.8,1.3,0,1010.7,1015.1,60.4,,
763,2020-09-13 15:00,25.7,297.8,1.2,0,1010.2,1014.5,57.7,,
763,2020-09-13 16:00,26,8.6,1.1,0,1009.9,1014.2,54.2,,
763,2020-09-13 17:00,25.9,336.9,1,0,1010.1,1014.4,56.7,,
763,2020-09-13 18:00,23.5,277.9,2.1,0,1010.4,1014.8,75.9,,
763,2020-09-13 19:00,21.5,0,.2,0,1010.6,1015,85.3,,
763,2020-09-13 20:00,20.4,0,0,0,1011.2,1015.6,92.2,,
763,2020-09-13 21:00,19.3,0,0,0,1011.7,1016.1,96.3,,
763,2020-09-13 22:00,18.7,0,0,0,1011.9,1016.3,97.4,,
763,2020-09-13 23:00,18.2,0,0,0,1011.8,1016.3,98.3,,
763,2020-09-14 00:00,17.7,,,0,1011.5,1016,99.2,,
763,2020-09-14 01:00,17.4,,,0,1011.6,1016.1,99.8,,
763,2020-09-14 02:00,16.9,,,0,1011.5,1016,99.9,,
763,2020-09-14 03:00,16.7,,,0,1011.2,1015.7,99.9,,
763,2020-09-14 04:00,16.5,,,0,1011.2,1015.7,99.9,,
763,2020-09-14 05:00,16.6,,,0,1011.4,1015.9,99.9,,
763,2020-09-14 06:00,16.4,,,0,1011.3,1015.8,99.9,,
763,2020-09-14 07:00,16.7,,,0,1011.8,1016.3,99.9,,
763,2020-09-14 08:00,16.8,,,0,1012.3,1016.8,99.9,,
763,2020-09-14 09:00,17.9,8.6,.5,0,1012.1,1016.6,99.9,,
763,2020-09-14 10:00,21.5,291,1,0,1012.1,1016.5,93.2,,
763,2020-09-14 11:00,22.5,285.5,1.4,0,1011.4,1015.8,77.9,,
763,2020-09-14 12:00,25.1,302.4,1.3,0,1011.3,1015.7,64.8,,
763,2020-09-14 13:00,26,3.7,1.4,0,1010.8,1015.1,57.3,,
763,2020-09-14 14:00,25.9,276.8,2.1,0,1010.3,1014.6,57.8,,
763,2020-09-14 15:00,25.6,236.3,.8,0,1009.7,1014,62.9,,
763,2020-09-14 16:00,24.7,277.2,1.2,0,1009.3,1013.6,68.2,,
763,2020-09-14 17:00,24.7,276.3,1.9,0,1009.4,1013.7,69.3,,
763,2020-09-14 18:00,23.5,276.3,1.6,0,1009.7,1014.1,72.8,,
763,2020-09-14 19:00,20.8,0,0,0,1010,1014.4,87.8,,
763,2020-09-14 20:00,19.3,0,0,0,1010.6,1015,93.6,,
763,2020-09-14 21:00,18.9,0,.2,0,1010.9,1015.3,92.8,,
763,2020-09-14 22:00,18.6,0,0,0,1011.1,1015.5,93.3,,
763,2020-09-14 23:00,18.2,0,0,0,1011.2,1015.7,95.6,,
763,2020-09-15 00:00,18.2,0,0,0,1011.1,1015.6,96.8,,
763,2020-09-15 01:00,18.2,0,.2,0,1010.3,1014.7,96.9,,
763,2020-09-15 02:00,17.9,0,.2,0,1010.1,1014.6,98.3,,
763,2020-09-15 03:00,17.9,0,0,0,1010.2,1014.7,98.9,,
763,2020-09-15 04:00,17.7,0,0,0,1010.2,1014.7,98.9,,
763,2020-09-15 05:00,17.2,0,0,0,1010,1014.5,99.9,,
763,2020-09-15 06:00,16.8,0,.3,0,1010.3,1014.8,99.9,,
763,2020-09-15 07:00,16.9,0,0,0,1010.4,1014.9,99.9,,
763,2020-09-15 08:00,18.9,0,.3,0,1010.7,1015.1,96.6,,
763,2020-09-15 09:00,21.1,4.1,.7,0,1010.6,1015,87.1,,
763,2020-09-15 10:00,22.9,22,.6,0,1010.1,1014.5,81.5,,
763,2020-09-15 11:00,25.6,113,.6,0,1009.5,1013.8,60.1,,
763,2020-09-15 12:00,26.4,254,1.6,0,1008.8,1013.1,56.5,,
763,2020-09-15 13:00,27.9,245.4,1.4,0,1008.3,1012.6,49,,
763,2020-09-15 14:00,27.4,262.7,1.5,0,1007.9,1012.2,57.7,,
763,2020-09-15 15:00,27.2,278,2.3,0,1007.5,1011.8,56.6,,
763,2020-09-15 16:00,27.1,285,1.8,0,1007.4,1011.7,55.8,,
763,2020-09-15 17:00,25.7,277.6,1.2,0,1007.4,1011.7,64.6,,
763,2020-09-15 18:00,24.4,257.1,1.1,0,1007.4,1011.7,67.1,,
763,2020-09-15 19:00,22.9,0,.1,0,1007.4,1011.8,70.9,,
763,2020-09-15 20:00,22.1,0,.2,0,1007.8,1012.2,74,,
763,2020-09-15 21:00,22,0,.1,0,1008.6,1013,78.7,,
763,2020-09-15 22:00,21.6,0,0,0,1008.5,1012.9,82.7,,
763,2020-09-15 23:00,21.5,0,.3,0,1008.3,1012.7,84.6,,
763,2020-09-16 00:00,21.5,81.6,.6,0,1007.8,1012.2,82.7,,
763,2020-09-16 01:00,20.3,20.7,.8,0,1007.8,1012.2,95.1,,
763,2020-09-16 02:00,20.2,0,0,0,1007.4,1011.8,96.7,,
763,2020-09-16 03:00,19.7,0,.1,.5,1007,1011.4,99,,
763,2020-09-16 04:00,19.5,0,0,0,1006.8,1011.2,99.7,,
763,2020-09-16 05:00,19.5,0,0,0,1006.8,1011.2,99.9,,
763,2020-09-16 06:00,19.4,0,0,.5,1006.6,1011,99.9,,
763,2020-09-16 07:00,19.6,0,0,0,1006.9,1011.3,99.9,,
763,2020-09-16 08:00,20.3,125.1,.5,0,1006.9,1011.3,97,,
763,2020-09-16 09:00,20.7,0,.2,0,1006.6,1011,93.6,,
763,2020-09-16 10:00,21.3,0,.4,.5,1006.5,1010.9,87.9,,
763,2020-09-16 11:00,21.9,24.3,1,0,1005.8,1010.2,85.1,,
763,2020-09-16 12:00,22.5,335,.6,0,1005.5,1009.9,83.7,,
763,2020-09-16 13:00,23.1,91.9,.8,0,1005.2,1009.5,77,,
763,2020-09-16 14:00,24,0,.2,0,1004.6,1008.9,77.4,,
763,2020-09-16 15:00,24,0,.1,0,1004.4,1008.7,77.7,,
763,2020-09-16 16:00,22.7,286,1,0,1004.4,1008.8,88.2,,
763,2020-09-16 17:00,22.3,324,.7,0,1004.4,1008.8,91.1,,
763,2020-09-16 18:00,21.7,0,.3,0,1005,1009.4,97.6,,
763,2020-09-16 19:00,21.2,72,.7,.5,1004.7,1009.1,99.2,,
763,2020-09-16 20:00,21.2,0,0,.5,1005.5,1009.9,99.8,,
763,2020-09-16 21:00,21.3,0,0,0,1006.4,1010.8,99.9,,
763,2020-09-16 22:00,21.3,0,0,0,1006.5,1010.9,99.9,,
763,2020-09-16 23:00,21.1,0,0,0,1006.3,1010.7,99.9,,
763,2020-09-17 00:00,21.1,0,0,0,1006,1010.4,99.9,,
763,2020-09-17 01:00,20.8,0,0,0,1006,1010.4,99.9,,
763,2020-09-17 02:00,20.9,,,0,1006.3,1010.7,99.9,,
763,2020-09-17 03:00,20.4,0,.1,0,1006.6,1011,99.9,,
763,2020-09-17 04:00,20.3,0,.1,0,1006.8,1011.2,99.9,,
763,2020-09-17 05:00,19.8,0,.3,0,1006.6,1011,99.9,,
763,2020-09-17 06:00,20,0,.1,0,1006.7,1011.1,99.9,,
763,2020-09-17 07:00,20.4,0,.1,0,1007.1,1011.5,99.9,,
763,2020-09-17 08:00,21.1,0,.3,0,1007,1011.4,98.9,,
763,2020-09-17 09:00,21.8,0,.1,0,1007.2,1011.6,92.3,,
763,2020-09-17 10:00,21.9,0,.1,0,1007.9,1012.3,90.9,,
763,2020-09-17 11:00,22.6,0,.4,0,1007.5,1011.9,88.9,,
763,2020-09-17 12:00,23.2,0,.1,0,1007,1011.4,83.2,,
763,2020-09-17 13:00,24.1,0,.3,0,1006.5,1010.8,80.8,,
763,2020-09-17 14:00,23.9,0,.3,0,1005.8,1010.1,75.7,,
763,2020-09-17 15:00,23.6,260.3,.7,0,1006,1010.3,79.6,,
763,2020-09-17 16:00,23.5,250.4,.5,0,1005.8,1010.1,83.3,,
763,2020-09-17 17:00,22.6,280.9,1.4,0,1005.8,1010.2,90.9,,
763,2020-09-17 18:00,22.2,261.8,.8,0,1006.5,1010.9,85.3,,
763,2020-09-17 19:00,21.5,235.5,.9,0,1006.6,1011,90,,
763,2020-09-17 20:00,21.2,230.5,1.3,.5,1006.9,1011.3,88.6,,
763,2020-09-17 21:00,20.1,270.5,2.1,0,1007.7,1012.1,96.7,,
763,2020-09-17 22:00,19.8,0,.4,.5,1008,1012.4,98.2,,
763,2020-09-17 23:00,19.3,0,.3,0,1007.6,1012,97.1,,
763,2020-09-18 00:00,19,0,0,0,1008.1,1012.5,99.1,,
763,2020-09-18 01:00,18.9,0,0,0,1008.2,1012.6,99.8,,
763,2020-09-18 02:00,18.6,0,0,0,1008.3,1012.7,99.9,,
763,2020-09-18 03:00,17.7,0,0,0,1008.3,1012.8,97.7,,
763,2020-09-18 04:00,17.9,0,0,0,1008.1,1012.5,98.7,,
763,2020-09-18 05:00,18.2,0,.1,0,1008.6,1013,99.2,,
763,2020-09-18 06:00,18.9,0,.1,0,1008.8,1013.2,93.7,,
763,2020-09-18 07:00,19.3,0,.1,0,1008.9,1013.3,91.3,,
763,2020-09-18 08:00,19.8,0,.2,0,1009.3,1013.7,87,,
763,2020-09-18 09:00,21.2,0,.4,0,1009.8,1014.2,82.5,,
763,2020-09-18 10:00,21.8,274.1,1.3,0,1010.6,1015,77,,
763,2020-09-18 11:00,22.6,277.6,2.2,0,1010.5,1014.9,69.2,,
763,2020-09-18 12:00,23.3,279.1,2.1,0,1010.3,1014.7,60.3,,
763,2020-09-18 13:00,23.9,268.3,2.2,0,1010.1,1014.4,57.8,,
763,2020-09-18 14:00,24.1,277.9,2.5,0,1010.1,1014.4,55.2,,
763,2020-09-18 15:00,23.2,271.9,2.3,0,1010.2,1014.6,55.4,,
763,2020-09-18 16:00,23,275.8,1.6,0,1010.2,1014.6,55.5,,
763,2020-09-18 17:00,23.1,255.9,1.4,0,1010.4,1014.8,56.1,,
763,2020-09-18 18:00,21.5,276.2,1.4,0,1011,1015.4,63.6,,
763,2020-09-18 19:00,18,0,.1,0,1011.6,1016.1,85.4,,
763,2020-09-18 20:00,17.2,0,0,0,1012,1016.5,87,,
763,2020-09-18 21:00,17.2,0,.4,0,1012.4,1016.9,91.5,,
763,2020-09-18 22:00,16.9,0,.2,0,1012.4,1016.9,89.2,,
763,2020-09-18 23:00,17.1,0,.4,0,1012.5,1017,89.6,,
763,2020-09-19 00:00,16.3,0,.1,0,1012.7,1017.2,94.8,,
763,2020-09-19 01:00,18.5,0,.4,0,1012.7,1017.2,85,,
763,2020-09-19 02:00,16.7,104.6,.7,0,1012.8,1017.3,94.2,,
763,2020-09-19 03:00,15.6,0,.1,0,1012.8,1017.3,98.2,,
763,2020-09-19 04:00,16.4,0,0,0,1012.7,1017.2,95.8,,
763,2020-09-19 05:00,15.9,0,.3,0,1012.8,1017.3,94,,
763,2020-09-19 06:00,18.4,0,.3,0,1012.9,1017.4,84.4,,
763,2020-09-19 07:00,18.5,0,.3,0,1013.1,1017.6,86.5,,
763,2020-09-19 08:00,19.9,178.8,.6,0,1013.4,1017.8,79.1,,
763,2020-09-19 09:00,20.9,187.5,.7,0,1013.3,1017.7,76.6,,
763,2020-09-19 10:00,22.2,223.7,.8,0,1013.5,1017.9,73.6,,
763,2020-09-19 11:00,23.6,259.5,1.9,0,1013.2,1017.6,68.7,,
763,2020-09-19 12:00,24.7,241,2.3,0,1012.5,1016.8,58.9,,
763,2020-09-19 13:00,25.6,238,2.1,0,1012.2,1016.6,57.8,,
763,2020-09-19 14:00,25.5,248.3,2.2,0,1011.8,1016.2,56.9,,
763,2020-09-19 15:00,25.2,240.7,2.3,0,1011.3,1015.7,59.5,,
763,2020-09-19 16:00,22.6,256.1,1.8,0,1011,1015.4,74.7,,
763,2020-09-19 17:00,21.7,243.5,1.6,3,1011.3,1015.7,84.1,,
763,2020-09-19 18:00,21.6,254,1.9,0,1011.6,1016,66.4,,
763,2020-09-19 19:00,18.7,0,.2,0,1012.1,1016.5,90,,
763,2020-09-19 20:00,17.6,0,.1,0,1012.6,1017.1,90.2,,
763,2020-09-19 21:00,16.3,0,.1,0,1013.1,1017.6,96.7,,
763,2020-09-19 22:00,15.6,0,0,0,1013.3,1017.8,98.9,,
763,2020-09-19 23:00,15.5,0,.1,0,1013.3,1017.8,99.5,,
763,2020-09-20 00:00,15.1,0,.4,0,1013.5,1018,99.7,,
763,2020-09-20 01:00,15,0,.2,0,1013.5,1018,99.9,,
763,2020-09-20 02:00,14.7,0,0,0,1013.4,1017.9,99.9,,
763,2020-09-20 03:00,13.7,0,0,0,1013,1017.5,99.9,,
763,2020-09-20 04:00,13.8,0,.1,0,1013,1017.5,99.9,,
763,2020-09-20 05:00,13.7,0,.4,,1013.4,1018,99.9,,
763,2020-09-20 06:00,13.2,0,0,,1013.8,1018.4,99.9,,
763,2020-09-20 07:00,13.4,0,.1,,1014,1018.6,99.9,,
763,2020-09-20 08:00,14.2,24.8,.5,,1014.4,1018.9,99.9,,
763,2020-09-20 09:00,15.2,0,0,,1014.6,1019.1,99.9,,
763,2020-09-20 10:00,17.2,0,.1,,1014.8,1019.3,99.9,,
763,2020-09-20 11:00,21,309.7,.7,,1014.6,1019,82.9,,
763,2020-09-20 12:00,22.2,266.6,1.6,,1014.3,1018.7,66.6,,
763,2020-09-20 13:00,23.9,283.3,.8,,1013.7,1018.1,57,,
763,2020-09-20 14:00,24.4,254.9,1.8,,1013.1,1017.4,50.8,,
763,2020-09-20 15:00,23.4,357.4,.6,,1012.6,1017,57.6,,
763,2020-09-20 16:00,23.9,260.5,1.9,,1012.6,1017,56.4,,
763,2020-09-20 17:00,23.4,270.4,1.4,,1012.7,1017.1,57.5,,
763,2020-09-20 18:00,21.8,263.6,1.4,,1012.9,1017.3,63.6,,
763,2020-09-20 19:00,18.4,0,.1,,1013,1017.5,80,,
763,2020-09-20 20:00,16.7,0,0,,1013.5,1018,89.8,,
763,2020-09-20 21:00,15.8,0,.2,,1014.1,1018.6,89,,
763,2020-09-20 22:00,14.7,0,0,,1014.7,1019.2,93.7,,
763,2020-09-20 23:00,14.6,0,.3,,1014.8,1019.3,95.2,,
763,2020-09-21 00:00,13.5,0,0,,1014.9,1019.5,97.5,,
763,2020-09-21 01:00,12.9,0,0,0,1014.5,1019.1,99.5,,
763,2020-09-21 02:00,12.2,0,0,0,1014.7,1019.3,99.5,,
763,2020-09-21 03:00,11.7,0,0,0,1014.4,1019,99.9,,
763,2020-09-21 04:00,11.7,0,0,0,1014.2,1018.8,99.9,,
763,2020-09-21 05:00,11.1,0,0,0,1014.4,1019,99.9,,
763,2020-09-21 06:00,10.7,,,0,1014.6,1019.2,99.9,,
763,2020-09-21 07:00,11.1,,,0,1015,1019.6,99.9,,
763,2020-09-21 08:00,14.4,,,0,1015.2,1019.7,95.9,,
763,2020-09-21 09:00,16.5,294.2,.7,0,1015.5,1020,89.2,,
763,2020-09-21 10:00,17.9,27.3,.7,0,1015.9,1020.4,79.1,,
763,2020-09-21 11:00,20.2,45,1.1,0,1015.7,1020.2,67.2,,
763,2020-09-21 12:00,21.9,12.2,1.2,0,1015.3,1019.7,51.8,,
763,2020-09-21 13:00,23.1,349.8,1.4,0,1013.9,1018.3,46.1,,
763,2020-09-21 14:00,23.7,22.9,1.5,0,1013.5,1017.9,40.6,,
763,2020-09-21 15:00,24.1,326.5,1.5,0,1013.3,1017.7,42.9,,
763,2020-09-21 16:00,23.6,37.2,1.6,0,1012.6,1017,41.1,,
763,2020-09-21 17:00,23.2,8.6,1.9,0,1012.8,1017.2,48.1,,
763,2020-09-21 18:00,20.6,20,.7,0,1012.6,1017,55.3,,
763,2020-09-21 19:00,16.4,0,0,0,1012.6,1017.1,81.3,,
763,2020-09-21 20:00,15.3,0,0,0,1013.1,1017.6,87.6,,
763,2020-09-21 21:00,14.6,0,.1,0,1013.8,1018.3,91.3,,
763,2020-09-21 22:00,14,0,0,0,1014,1018.5,92.1,,
763,2020-09-21 23:00,13.2,0,0,0,1014.4,1019,95.3,,
763,2020-09-22 00:00,13.2,0,0,0,1014.5,1019.1,95,,
763,2020-09-22 01:00,13.3,0,0,0,1014.4,1019,96.4,,
763,2020-09-22 02:00,13.3,0,0,0,1014.4,1019,96.6,,
763,2020-09-22 03:00,13,0,0,0,1014.4,1019,97.2,,
763,2020-09-22 04:00,13,0,0,0,1014.2,1018.8,98,,
763,2020-09-22 05:00,12.9,0,0,0,1014.2,1018.8,98.1,,
763,2020-09-22 06:00,13,0,0,0,1014.5,1019.1,98.2,,
763,2020-09-22 07:00,13.4,0,0,0,1014.9,1019.5,97.8,,
763,2020-09-22 08:00,15.4,18.8,.6,0,1015.2,1019.7,88.3,,
763,2020-09-22 09:00,16.8,0,.2,0,1015.5,1020,84.4,,
763,2020-09-22 10:00,18.3,26.6,2.3,0,1015.4,1019.9,74.6,,
763,2020-09-22 11:00,20,27.8,1.9,0,1015.3,1019.8,68.3,,
763,2020-09-22 12:00,22.1,69.1,2.4,0,1014.5,1018.9,55.5,,
763,2020-09-22 13:00,23,94.5,2.9,0,1013.4,1017.8,50.6,,
763,2020-09-22 14:00,23.7,77.8,2.2,0,1012.6,1017,50.8,,
763,2020-09-22 15:00,22.9,59.8,2,0,1012.2,1016.6,54.9,,
763,2020-09-22 16:00,22.6,64.9,2.2,0,1012.5,1016.9,52.2,,
763,2020-09-22 17:00,23.1,33.9,1.9,0,1012.6,1017,51.3,,
763,2020-09-22 18:00,21.3,53.5,.7,0,1012.8,1017.2,57.1,,
763,2020-09-22 19:00,17.8,0,.2,0,1012.9,1017.4,81.4,,
763,2020-09-22 20:00,20,112.3,1.2,0,1012.8,1017.3,63.5,,
763,2020-09-22 21:00,20,104.4,2.3,0,1013.2,1017.7,63,,
763,2020-09-22 22:00,18.8,82.6,1.1,0,1013.2,1017.6,68.6,,
763,2020-09-22 23:00,15.7,0,.3,0,1013.6,1018.1,85.2,,
763,2020-09-23 00:00,14.6,0,.3,0,1014.1,1018.6,88,,
763,2020-09-23 01:00,14.4,0,.3,0,1014,1018.5,88.4,,
763,2020-09-23 02:00,14.4,0,0,0,1013.8,1018.3,84.5,,
763,2020-09-23 03:00,13.4,0,.1,0,1013.2,1017.8,89.7,,
763,2020-09-23 04:00,13.4,0,.1,0,1013.2,1017.8,89.5,,
763,2020-09-23 05:00,13.2,0,0,0,1012.8,1017.4,91.2,,
763,2020-09-23 06:00,13.7,0,.3,0,1012.9,1017.4,87.5,,
763,2020-09-23 07:00,14.5,0,.1,0,1013.3,1017.8,82.8,,
763,2020-09-23 08:00,15.4,289.9,.6,0,1013.7,1018.2,82.3,,
763,2020-09-23 09:00,17.6,10,1,0,1013.9,1018.4,75.1,,
763,2020-09-23 10:00,20.6,349.2,1.8,0,1013.7,1018.1,63.1,,
763,2020-09-23 11:00,22,53.1,2.2,0,1013.1,1017.5,57.6,,
763,2020-09-23 12:00,22.5,88,2.9,0,1012.4,1016.8,55.9,,
763,2020-09-23 13:00,22.3,19.9,3.4,0,1012.1,1016.5,60.5,,
763,2020-09-23 14:00,23.8,57.4,2.1,0,1011.8,1016.2,57.7,,
763,2020-09-23 15:00,23,83.4,3.1,0,1011.6,1016,58.3,,
763,2020-09-23 16:00,22.7,85.4,1.9,0,1011.8,1016.2,60.6,,
763,2020-09-23 17:00,21.9,87,1.5,0,1011.8,1016.2,59.7,,
763,2020-09-23 18:00,21.2,53.7,.6,0,1012.2,1016.6,64.9,,
763,2020-09-23 19:00,20.1,16.9,.7,0,1012.1,1016.6,69.9,,
763,2020-09-23 20:00,20.2,0,.3,0,1012.6,1017.1,66.9,,
763,2020-09-23 21:00,19,351,.8,0,1012.7,1017.1,71.2,,
763,2020-09-23 22:00,19,15.1,.9,0,1012.6,1017,69.7,,
763,2020-09-23 23:00,19.3,24.9,1.9,0,1012.6,1017,67.1,,
763,2020-09-24 00:00,19.2,57,1.6,0,1012.3,1016.7,66.9,,
763,2020-09-24 01:00,17.2,0,.3,0,1012.1,1016.6,80.4,,
763,2020-09-24 02:00,16.1,0,.2,0,1011.8,1016.3,88,,
763,2020-09-24 03:00,16.5,0,0,0,1011.5,1016,85.5,,
763,2020-09-24 04:00,16,273.7,.7,0,1011.2,1015.7,86.9,,
763,2020-09-24 05:00,16.1,353.6,.8,0,1011.2,1015.7,82.7,,
763,2020-09-24 06:00,15.1,0,.4,0,1011.2,1015.7,87.3,,
763,2020-09-24 07:00,14.8,0,.1,0,1011.4,1015.9,93.4,,
763,2020-09-24 08:00,17.8,349,1,0,1011.5,1016,80.5,,
763,2020-09-24 09:00,20.6,21.9,1.8,0,1011.4,1015.8,63.5,,
763,2020-09-24 10:00,22.6,15.6,1.5,0,1011.4,1015.8,60.3,,
763,2020-09-24 11:00,23.8,80.6,1.2,0,1011.1,1015.5,56.3,,
763,2020-09-24 12:00,24.4,86.9,1.5,0,1010.3,1014.6,53.5,,
763,2020-09-24 13:00,25.4,1.8,1.5,0,1009.6,1014,52.2,,
763,2020-09-24 14:00,25.4,20.8,1.5,0,1008.8,1013.1,52,,
763,2020-09-24 15:00,24.7,88.8,1.9,0,1008.4,1012.7,54.1,,
763,2020-09-24 16:00,25.6,37.3,2.3,0,1008.2,1012.5,50.4,,
763,2020-09-24 17:00,25.2,59.5,1.4,0,1008.1,1012.4,51.7,,
763,2020-09-24 18:00,23.5,78.8,1.7,0,1008.2,1012.5,57,,
763,2020-09-24 19:00,20.1,0,.2,0,1008.3,1012.7,74.4,,
763,2020-09-24 20:00,18.6,41.4,.5,0,1008.7,1013.1,82.3,,
763,2020-09-24 21:00,17.9,0,.1,0,1009.1,1013.6,85.7,,
763,2020-09-24 22:00,16.6,0,.4,0,1009.2,1013.7,94.7,,
763,2020-09-24 23:00,15.8,0,0,0,1009.2,1013.7,94.1,,
763,2020-09-25 00:00,16.1,0,0,0,1009.1,1013.6,92.4,,
763,2020-09-25 01:00,15.2,0,0,0,1008.8,1013.3,96.1,,
763,2020-09-25 02:00,15.5,0,.2,0,1008.6,1013.1,93.9,,
763,2020-09-25 03:00,14.1,0,.3,0,1008.2,1012.7,98,,
763,2020-09-25 04:00,14.2,0,.1,0,1008.1,1012.6,97.7,,
763,2020-09-25 05:00,13.1,0,0,0,1008.3,1012.8,98.6,,
763,2020-09-25 06:00,13.1,0,0,0,1008.3,1012.8,99.2,,
763,2020-09-25 07:00,14.1,0,0,0,1008.7,1013.2,98.9,,
763,2020-09-25 08:00,17.1,24.5,.7,0,1008.8,1013.3,82.4,,
763,2020-09-25 09:00,18.2,338.9,1,0,1008.9,1013.3,77.3,,
763,2020-09-25 10:00,20.6,6,2,0,1008.9,1013.3,67.7,,
763,2020-09-25 11:00,22.5,4.6,1.5,0,1008.4,1012.8,63.7,,
763,2020-09-25 12:00,24.4,50.1,2.5,0,1008,1012.3,56.5,,
763,2020-09-25 13:00,25.1,47.1,2.3,0,1007.5,1011.8,54.8,,
763,2020-09-25 14:00,25,31.6,2.3,0,1007.2,1011.5,56.9,,
763,2020-09-25 15:00,25.1,30.1,2.5,0,1007,1011.3,55.9,,
763,2020-09-25 16:00,26,20.1,2.1,0,1006.8,1011.1,51.8,,
763,2020-09-25 17:00,24.3,23,.9,0,1007.3,1011.6,59.2,,
763,2020-09-25 18:00,23.6,59.1,.9,0,1007.6,1011.9,61.4,,
763,2020-09-25 19:00,20.3,0,.1,0,1008.1,1012.5,81.8,,
763,2020-09-25 20:00,19.4,0,.2,0,1008.9,1013.3,87.3,,
763,2020-09-25 21:00,18.6,0,0,0,1009.7,1014.1,90.3,,
763,2020-09-25 22:00,18,285.2,.5,0,1010.1,1014.6,89,,
763,2020-09-25 23:00,16.5,0,.2,0,1010,1014.5,92.1,,
763,2020-09-26 00:00,17.2,0,.4,0,1009.8,1014.3,81.1,,
763,2020-09-26 01:00,16.9,0,.4,0,1009.8,1014.3,76.2,,
763,2020-09-26 02:00,16.1,0,.4,0,1009.5,1014,78.7,,
763,2020-09-26 03:00,14.9,0,.1,0,1009.8,1014.3,87.5,,
763,2020-09-26 04:00,13.9,0,0,0,1009.7,1014.2,95.2,,
763,2020-09-26 05:00,13.4,0,0,0,1010,1014.5,96.4,,
763,2020-09-26 06:00,13.9,0,0,0,1010.9,1015.4,94.6,,
763,2020-09-26 07:00,14.5,0,.3,0,1011.4,1015.9,93.6,,
763,2020-09-26 08:00,15.7,0,.3,0,1011.8,1016.3,86.7,,
763,2020-09-26 09:00,17.1,17.2,1.8,0,1011.8,1016.3,76.3,,
763,2020-09-26 10:00,19.8,23.9,2,0,1012,1016.4,66.8,,
763,2020-09-26 11:00,22.4,55.8,1.9,0,1011.7,1016.1,55.9,,
763,2020-09-26 12:00,23.7,63.9,2.3,0,1011.2,1015.6,49.6,,
763,2020-09-26 13:00,24.3,58.1,2.7,0,1010.7,1015,50.1,,
763,2020-09-26 14:00,25,56,2.4,0,1010.3,1014.7,47.2,,
763,2020-09-26 15:00,25.3,23.3,3,0,1010.2,1014.6,47.7,,
763,2020-09-26 16:00,24.9,40,2.8,0,1010.2,1014.5,47.4,,
763,2020-09-26 17:00,24.1,36.3,2.3,0,1010.6,1014.9,50.6,,
763,2020-09-26 18:00,22.7,49.5,1.5,0,1011,1015.4,55.5,,
763,2020-09-26 19:00,18.1,0,0,0,1011.3,1015.8,81.8,,
763,2020-09-26 20:00,17,0,.2,0,1011.9,1016.4,87.2,,
763,2020-09-26 21:00,16.1,0,0,0,1012.5,1017,90.1,,
763,2020-09-26 22:00,15.8,0,.1,0,1012.7,1017.2,90.5,,
763,2020-09-26 23:00,14.8,0,0,0,1013,1017.5,91.4,,
763,2020-09-27 00:00,14.2,0,0,0,1013.4,1017.9,93.7,,
763,2020-09-27 01:00,13.5,0,0,0,1013.6,1018.2,96.9,,
763,2020-09-27 02:00,13.3,0,0,0,1013.8,1018.4,97.1,,
763,2020-09-27 03:00,12.9,0,0,0,1013.7,1018.3,97.9,,
763,2020-09-27 04:00,12.6,0,0,0,1013.8,1018.4,99,,
763,2020-09-27 05:00,12.5,0,0,0,1014.1,1018.7,98.9,,
763,2020-09-27 06:00,12.3,0,0,0,1014.7,1019.3,99.4,,
763,2020-09-27 07:00,12.4,0,0,0,1014.9,1019.5,99.6,,
763,2020-09-27 08:00,15.9,25.7,.6,0,1015.2,1019.7,86.2,,
763,2020-09-27 09:00,19,35.8,1.7,0,1015.4,1019.9,73.3,,
763,2020-09-27 10:00,21.5,10.3,1.1,0,1015.4,1019.8,62.6,,
763,2020-09-27 11:00,22.9,81.7,1.2,0,1015,1019.4,51.6,,
763,2020-09-27 12:00,24,65.3,2,0,1014.5,1018.9,50,,
763,2020-09-27 13:00,25.1,29.8,1.3,0,1013.8,1018.2,46.5,,
763,2020-09-27 14:00,25.6,74.1,1.7,0,1013.3,1017.7,45,,
763,2020-09-27 15:00,25.3,65.7,2.4,0,1013,1017.4,42.7,,
763,2020-09-27 16:00,25.6,17.2,1.9,0,1012.7,1017.1,43,,
763,2020-09-27 17:00,24.4,13.1,1,0,1012.7,1017,47,,
763,2020-09-27 18:00,21.6,0,.3,0,1012.8,1017.2,62.4,,
763,2020-09-27 19:00,18.2,0,0,0,1013.2,1017.7,81.9,,
763,2020-09-27 20:00,17.1,0,.1,0,1013.8,1018.3,83.4,,
763,2020-09-27 21:00,15.7,0,0,0,1014.1,1018.6,91.7,,
763,2020-09-27 22:00,14.9,0,0,0,1014.3,1018.8,94.5,,
763,2020-09-27 23:00,14.4,0,0,0,1014.5,1019,96.3,,
763,2020-09-28 00:00,14.2,0,0,0,1014.7,1019.2,97.4,,
763,2020-09-28 01:00,13.4,0,0,0,1014.5,1019.1,98.5,,
763,2020-09-28 02:00,12.8,,,0,1014.5,1019.1,98.9,,
763,2020-09-28 03:00,12.6,,,0,1014.4,1019,99.4,,
763,2020-09-28 04:00,12,,,0,1014.2,1018.8,99.5,,
763,2020-09-28 05:00,11.7,,,0,1014.4,1019,99.7,,
763,2020-09-28 06:00,11.4,0,0,0,1014.6,1019.2,99.8,,
763,2020-09-28 07:00,11.6,0,0,0,1014.7,1019.3,99.9,,
763,2020-09-28 08:00,14.9,0,.2,0,1015.1,1019.6,92.4,,
763,2020-09-28 09:00,17.1,46.5,.5,0,1015,1019.5,79.6,,
763,2020-09-28 10:00,19.5,66.7,.6,0,1014.9,1019.3,73.3,,
763,2020-09-28 11:00,22.2,53,1.3,0,1014.3,1018.7,62.1,,
763,2020-09-28 12:00,23.2,323.4,1.5,0,1013.7,1018.1,54.3,,
763,2020-09-28 13:00,24.5,337,1.6,0,1013.1,1017.4,52.1,,
763,2020-09-28 14:00,25,18.9,1.4,0,1012,1016.4,44.4,,
763,2020-09-28 15:00,25.1,18.3,1.9,0,1011.5,1015.9,41.5,,
763,2020-09-28 16:00,24.9,55.4,1.1,0,1011.2,1015.5,39.4,,
763,2020-09-28 17:00,24.7,35.6,1.6,0,1011,1015.3,36.8,,
763,2020-09-28 18:00,20.3,0,.2,0,1010.9,1015.3,66.1,,
763,2020-09-28 19:00,17.4,0,0,0,1010.9,1015.4,74.9,,
763,2020-09-28 20:00,16.5,0,.3,0,1010.8,1015.3,79.2,,
763,2020-09-28 21:00,14.7,0,0,0,1011.1,1015.6,90.8,,
763,2020-09-28 22:00,14.9,0,.1,0,1010.9,1015.4,87.3,,
763,2020-09-28 23:00,13.5,0,0,0,1011.3,1015.8,95.1,,
763,2020-09-29 00:00,13,0,0,0,1011.4,1016,96.8,,
763,2020-09-29 01:00,12.7,0,0,0,1011.2,1015.8,98,,
763,2020-09-29 02:00,12.3,0,0,0,1011.1,1015.7,99,,
763,2020-09-29 03:00,11.8,0,0,0,1010.9,1015.5,99.4,,
763,2020-09-29 04:00,11.4,0,0,0,1010.6,1015.2,99.3,,
763,2020-09-29 05:00,11.3,0,0,0,1010.3,1014.9,99.6,,
763,2020-09-29 06:00,11.2,0,0,0,1010.4,1015,99.9,,
763,2020-09-29 07:00,11.4,0,0,0,1010,1014.6,99.9,,
763,2020-09-29 08:00,14,0,.2,0,1009.8,1014.3,98.3,,
763,2020-09-29 09:00,16.1,0,.3,0,1009.7,1014.2,86.7,,
763,2020-09-29 10:00,17.9,2.5,.5,0,1009.7,1014.2,78.6,,
763,2020-09-29 11:00,21.4,1,1.1,0,1008.7,1013.1,62.5,,
763,2020-09-29 12:00,23.2,68.1,1.6,0,1007.5,1011.9,48.7,,
763,2020-09-29 13:00,23.4,14,1.8,0,1006.8,1011.1,50.6,,
763,2020-09-29 14:00,23.4,342.6,1.2,0,1006.1,1010.4,46.8,,
763,2020-09-29 15:00,24.6,335.2,1.5,0,1005.7,1010,44.7,,
763,2020-09-29 16:00,23.9,9.6,1.4,0,1005.5,1009.8,47.6,,
763,2020-09-29 17:00,22.7,320,.6,0,1005.8,1010.2,55.9,,
763,2020-09-29 18:00,20.4,0,.4,0,1005.5,1009.9,65.5,,
763,2020-09-29 19:00,17.8,0,.1,0,1006.1,1010.5,79.8,,
763,2020-09-29 20:00,16.3,0,0,0,1006.3,1010.8,86.8,,
763,2020-09-29 21:00,15.6,0,0,0,1006.6,1011.1,90.7,,
763,2020-09-29 22:00,14.7,0,0,0,1007,1011.5,93.8,,
763,2020-09-29 23:00,14.6,0,0,0,1006.9,1011.4,94.7,,
763,2020-09-30 00:00,14,0,0,0,1006.8,1011.3,96.9,,
763,2020-09-30 01:00,13.6,0,0,0,1006.7,1011.2,98.2,,
763,2020-09-30 02:00,13.3,0,0,0,1006.6,1011.1,98.9,,
763,2020-09-30 03:00,13.3,0,0,0,1006.4,1010.9,98.7,,
763,2020-09-30 04:00,12.8,0,0,0,1006.4,1010.9,99.1,,
763,2020-09-30 05:00,13.2,0,0,0,1006.4,1010.9,98.9,,
763,2020-09-30 06:00,13.1,0,0,0,1006.5,1011,99,,
763,2020-09-30 07:00,12.4,0,0,0,1006.9,1011.5,99.7,,
763,2020-09-30 08:00,15.6,0,.1,0,1007.4,1011.9,93.3,,
763,2020-09-30 09:00,18.1,0,.2,0,1007.6,1012,79,,
763,2020-09-30 10:00,20.1,31,.6,0,1007.7,1012.1,69.8,,
763,2020-09-30 11:00,21.7,358.1,1,0,1007.6,1012,66.1,,
763,2020-09-30 12:00,23.1,71.5,1.5,0,1006.9,1011.3,56.8,,
763,2020-09-30 13:00,23.7,286.9,1.6,0,1006.4,1010.7,52.1,,
763,2020-09-30 14:00,24.5,358.2,1.3,0,1005.9,1010.2,46.5,,
763,2020-09-30 15:00,24.3,272.3,1.1,0,1005.6,1009.9,47.3,,
763,2020-09-30 16:00,23.2,278.5,3.1,0,1005.8,1010.1,67.2,,
763,2020-09-30 17:00,21.5,286.2,2.4,0,1006,1010.4,75.6,,
763,2020-09-30 18:00,20.4,280.2,1.5,0,1006.4,1010.8,78.9,,
763,2020-09-30 19:00,18.5,0,0,0,1007,1011.4,90.3,,
763,2020-09-30 20:00,17.5,0,0,0,1007.2,1011.7,95.6,,
763,2020-09-30 21:00,17.2,0,.2,0,1007.9,1012.4,96.3,,
763,2020-09-30 22:00,16.3,0,.2,0,1008.1,1012.6,97.8,,
763,2020-09-30 23:00,17.4,0,.3,0,1008.6,1013.1,94.6,,
763,2020-10-01 00:00,17.1,0,.3,0,1008,1012.5,95.2,,
763,2020-10-01 01:00,15.7,0,.1,0,1008.5,1013,97.5,,
763,2020-10-01 02:00,16.5,0,0,0,1008.7,1013.2,97.6,,
763,2020-10-01 03:00,15.8,0,0,0,1008.8,1013.3,99.3,,
763,2020-10-01 04:00,15.6,0,.2,0,1008.6,1013.1,99.3,,
763,2020-10-01 05:00,14.7,0,0,0,1009,1013.5,99.9,,
763,2020-10-01 06:00,14.3,0,0,0,1009.2,1013.7,99.9,,
763,2020-10-01 07:00,13.9,0,0,0,1009.6,1014.1,99.9,,
763,2020-10-01 08:00,16,0,0,0,1010.5,1015,99.6,,
763,2020-10-01 09:00,18,283.4,.5,0,1011,1015.5,91.4,,
763,2020-10-01 10:00,19.7,124.3,.6,0,1011.3,1015.7,78.1,,
763,2020-10-01 11:00,21.4,204.8,.7,0,1011.1,1015.5,67.8,,
763,2020-10-01 12:00,21.8,263.3,1.3,0,1010.6,1015,68.9,,
763,2020-10-01 13:00,23.3,244.7,.9,0,1009.8,1014.2,57.9,,
763,2020-10-01 14:00,24,201.3,.7,0,1008.8,1013.1,57.2,,
763,2020-10-01 15:00,23.4,170.7,.6,0,1008.7,1013.1,58.1,,
763,2020-10-01 16:00,22.7,280.4,2.9,0,1008.6,1013,65.3,,
763,2020-10-01 17:00,21.2,265.8,2.7,0,1009.4,1013.8,69,,
763,2020-10-01 18:00,19.6,254.1,.8,0,1009.8,1014.2,72.8,,
763,2020-10-01 19:00,18.3,109.7,.6,0,1010.3,1014.7,80.3,,
763,2020-10-01 20:00,17.8,0,.2,0,1010.6,1015.1,83,,
763,2020-10-01 21:00,17.5,0,.1,0,1010.9,1015.4,85.2,,
763,2020-10-01 22:00,17.5,0,0,0,1010.9,1015.4,85.2,,
763,2020-10-01 23:00,17.6,0,.2,0,1011.3,1015.8,85.5,,
763,2020-10-02 00:00,16.8,0,0,0,1011.1,1015.6,92.2,0,0
763,2020-10-02 01:00,18.3,0,0,0,1010.9,1015.3,79.9,,
763,2020-10-02 02:00,16.3,297.4,.5,0,1011.5,1016,94.5,,
763,2020-10-02 03:00,16.7,0,.3,0,1011.4,1015.9,91.4,,
763,2020-10-02 04:00,16.1,0,.1,0,1011.2,1015.7,95.6,,
763,2020-10-02 05:00,15.7,0,0,0,1011.3,1015.8,97.3,,
763,2020-10-02 06:00,15.7,0,0,0,1011.5,1016,96.2,,
763,2020-10-02 07:00,15.8,0,.3,0,1011.7,1016.2,97.2,,
763,2020-10-02 08:00,19.3,0,.3,0,1012,1016.4,82.1,,
763,2020-10-02 09:00,20.3,210,.6,0,1012.2,1016.6,74,,
763,2020-10-02 10:00,21.1,201,1,0,1012,1016.4,71.8,,
763,2020-10-02 11:00,22.5,201.7,1,0,1012.1,1016.5,64.8,,
763,2020-10-02 12:00,23.3,254.6,2.4,0,1011.8,1016.2,55.7,,
763,2020-10-02 13:00,23.9,257.1,1.8,0,1011.4,1015.8,57.3,,
763,2020-10-02 14:00,23.8,241.4,1.8,0,1010.8,1015.2,54.1,,
763,2020-10-02 15:00,23.7,266.9,1.8,0,1010.9,1015.3,53.8,,
763,2020-10-02 16:00,22.5,283.5,2.5,0,1010.6,1015,59.9,,
763,2020-10-02 17:00,21.6,292.5,1.7,0,1011,1015.4,67,,
763,2020-10-02 18:00,20.3,0,.1,0,1011.8,1016.2,79.1,,
763,2020-10-02 19:00,19.4,0,0,0,1012,1016.4,84.4,,
763,2020-10-02 20:00,18.8,0,0,0,1012,1016.4,85.7,,
763,2020-10-02 21:00,18,101.6,.5,0,1011.9,1016.4,90.8,,
763,2020-10-02 22:00,18.2,0,0,0,1012.5,1017,90.3,,
763,2020-10-02 23:00,18.5,0,0,0,1012.3,1016.8,87.6,,
763,2020-10-03 00:00,17.9,0,0,0,1012.2,1016.7,93,,
763,2020-10-03 01:00,17.7,0,.2,0,1012.7,1017.2,95.6,,
763,2020-10-03 02:00,17.6,0,0,.5,1012.4,1016.9,98.3,,
763,2020-10-03 03:00,17.4,0,.1,1.5,1012.4,1016.9,99,,
763,2020-10-03 04:00,17.2,0,.3,0,1012.4,1016.9,97.4,,
763,2020-10-03 05:00,17.4,0,.1,0,1012.5,1017,95.9,,
763,2020-10-03 06:00,17.6,0,.1,0,1012.4,1016.9,90.9,,
763,2020-10-03 07:00,18.2,0,.2,0,1012.4,1016.9,85.3,,
763,2020-10-03 08:00,17.9,357.4,.5,0,1012.8,1017.3,95.5,,
763,2020-10-03 09:00,18.5,18.7,1.1,0,1013.4,1017.9,93.9,,
763,2020-10-03 10:00,19.1,0,.2,0,1013.1,1017.5,81.1,,
763,2020-10-03 11:00,20.4,82,.9,0,1012.9,1017.3,79.9,,
763,2020-10-03 12:00,21.6,1.1,.7,0,1012.1,1016.5,77.6,,
763,2020-10-03 13:00,21.9,0,.3,0,1011.1,1015.5,77.6,,
763,2020-10-03 14:00,23.3,0,.3,0,1009.9,1014.3,71.9,,
763,2020-10-03 15:00,22.7,275.4,.7,0,1010.3,1014.7,75.7,,
763,2020-10-03 16:00,22.3,0,.2,0,1010.3,1014.7,80.2,,
763,2020-10-03 17:00,22,261.9,.8,0,1010.5,1014.9,81,,
763,2020-10-03 18:00,21,258.3,1.5,0,1010.5,1014.9,84.8,,
763,2020-10-03 19:00,19.9,0,0,0,1010.3,1014.7,91.8,,
763,2020-10-03 20:00,19.3,0,0,0,1010.9,1015.3,94.7,,
763,2020-10-03 21:00,19.3,0,0,0,1010.8,1015.2,95.5,,
763,2020-10-03 22:00,18.7,0,0,0,1010.5,1014.9,97.5,,
763,2020-10-03 23:00,18.5,0,.1,0,1010.3,1014.7,98.4,,
763,2020-10-04 00:00,18.2,0,0,0,1010.9,1015.4,98.9,,
763,2020-10-04 01:00,18.2,0,0,0,1010.8,1015.3,99,,
763,2020-10-04 02:00,18.2,0,0,0,1010.7,1015.2,98.5,,
763,2020-10-04 03:00,18,0,0,0,1010.8,1015.3,99.2,,
763,2020-10-04 04:00,18.1,0,0,0,1010.2,1014.7,99.3,,
763,2020-10-04 05:00,17.8,0,0,.5,1009.9,1014.4,99.8,,
763,2020-10-04 06:00,17.8,0,0,0,1009.6,1014.1,99.9,,
763,2020-10-04 07:00,17.5,0,0,.5,1009.8,1014.3,99.9,,
763,2020-10-04 08:00,17.7,0,0,0,1009.9,1014.4,99.8,,
763,2020-10-04 09:00,18.5,0,0,0,1009.1,1013.5,97.8,,
763,2020-10-04 10:00,19.2,0,.2,0,1009.1,1013.5,91.1,,
763,2020-10-04 11:00,19.6,253.7,.8,0,1008.9,1013.3,85.5,,
763,2020-10-04 12:00,20.1,248.8,1,0,1008.8,1013.2,79.7,,
763,2020-10-04 13:00,20.1,231.2,.6,0,1008.1,1012.5,78.1,,
763,2020-10-04 14:00,19.7,245.9,1.1,0,1007.5,1011.9,78.9,,
763,2020-10-04 15:00,19.6,264.5,1.5,0,1007.4,1011.8,72.1,,
763,2020-10-04 16:00,20,270,2.1,0,1007.6,1012,71.5,,
763,2020-10-04 17:00,19.4,263.2,2.2,0,1007.6,1012,68.3,,
763,2020-10-04 18:00,18.5,235.5,.6,0,1007.6,1012,73.9,,
763,2020-10-04 19:00,18.2,282.3,1.5,0,1008,1012.4,77.3,,
763,2020-10-04 20:00,16.7,314,2.7,0,1009.2,1013.7,71.1,,
763,2020-10-04 21:00,15.3,331.2,1.9,0,1010.4,1014.9,65.9,,
763,2020-10-04 22:00,14.5,330.7,1.7,0,1011.3,1015.8,66.1,,
763,2020-10-04 23:00,13.7,331.4,1.6,0,1011.8,1016.3,66.1,,
763,2020-10-05 00:00,11.9,49.2,.5,0,1012.6,1017.2,78.8,,
763,2020-10-05 01:00,11.8,299.8,1.5,0,1012.7,1017.3,81.2,,
763,2020-10-05 02:00,11.5,332.3,.9,0,1013.1,1017.7,73.8,,
763,2020-10-05 03:00,8.9,0,.1,0,1013.5,1018.1,92.1,,
763,2020-10-05 04:00,7.7,0,0,0,1013.7,1018.4,97.7,,
763,2020-10-05 05:00,7.2,0,0,0,1014.2,1018.9,97.5,,
763,2020-10-05 06:00,6.8,0,.1,0,1014.5,1019.2,96.2,,
763,2020-10-05 07:00,6.7,0,.2,0,1015,1019.7,95.2,,
763,2020-10-05 08:00,9.9,0,.4,0,1015.6,1020.2,81.3,,
763,2020-10-05 09:00,13.2,0,.3,0,1015.6,1020.2,58.3,,
763,2020-10-05 10:00,15.6,0,.4,0,1015.7,1020.2,45.2,,
763,2020-10-05 11:00,16.6,66.5,1.1,0,1015.3,1019.8,46.5,,
763,2020-10-05 12:00,18.2,327,2,0,1015,1019.5,46.6,,
763,2020-10-05 13:00,18.5,292.2,2,0,1014.4,1018.9,48.9,,
763,2020-10-05 14:00,18.6,316.9,2.3,0,1013.4,1017.9,46.8,,
763,2020-10-05 15:00,19.3,318.2,2.4,0,1013.4,1017.8,42.8,,
763,2020-10-05 16:00,18.9,307,2.6,0,1013.5,1017.9,44.7,,
763,2020-10-05 17:00,17.7,334,2.1,0,1013.6,1018.1,50.3,,
763,2020-10-05 18:00,15.6,328,1.3,0,1014.3,1018.8,58.1,,
763,2020-10-05 19:00,14,301.3,.7,0,1014.6,1019.2,64.6,,
763,2020-10-05 20:00,12.4,0,.3,0,1015.3,1019.9,75.3,,
763,2020-10-05 21:00,12,100.4,.6,0,1015.6,1020.2,81.8,,
763,2020-10-05 22:00,11.5,0,.3,0,1016.4,1021,82.3,,
763,2020-10-05 23:00,11.5,0,.2,0,1016.7,1021.3,83.7,,
763,2020-10-06 00:00,11.4,0,0,0,1016.5,1021.1,85.7,,
763,2020-10-06 01:00,11.1,0,0,0,1016.9,1021.5,87.6,,
763,2020-10-06 02:00,10,0,0,0,1017.2,1021.9,96.5,,
763,2020-10-06 03:00,8.9,0,0,0,1017.1,1021.8,98.2,,
763,2020-10-06 04:00,7.9,0,0,0,1017.3,1022,99.3,,
763,2020-10-06 05:00,7.3,0,0,0,1017.4,1022.1,99.3,,
763,2020-10-06 06:00,7.5,0,0,0,1018,1022.7,99.7,,
763,2020-10-06 07:00,7.1,0,.1,0,1018.4,1023.1,99.9,,
763,2020-10-06 08:00,10.2,0,.1,0,1019,1023.7,96.8,,
763,2020-10-06 09:00,12.4,0,.1,0,1019.2,1023.8,79.2,,
763,2020-10-06 10:00,14.9,25.5,.8,0,1019.6,1024.2,63.8,,
763,2020-10-06 11:00,16.7,350.5,2,0,1019.4,1023.9,50.6,,
763,2020-10-06 12:00,17.7,19,1.9,0,1019,1023.5,48.9,,
763,2020-10-06 13:00,19,351.2,2.4,0,1018.4,1022.9,42.1,,
763,2020-10-06 14:00,19,351.2,1.5,0,1017.6,1022.1,43.2,,
763,2020-10-06 15:00,20.2,337.9,1.9,0,1016.9,1021.4,38.3,,
763,2020-10-06 16:00,19.7,6.2,1.9,0,1017.1,1021.5,39.4,,
763,2020-10-06 17:00,18.6,348.6,1.4,0,1017.2,1021.7,45.9,,
763,2020-10-06 18:00,15.5,0,.4,0,1017.6,1022.2,64.9,,
763,2020-10-06 19:00,14.2,0,.2,0,1018.1,1022.7,63.3,,
763,2020-10-06 20:00,11.6,0,.1,0,1019,1023.6,82.4,,
763,2020-10-06 21:00,11.3,0,.2,0,1019.8,1024.4,80.9,,
763,2020-10-06 22:00,11.2,0,.1,0,1019.7,1024.3,83.3,,
763,2020-10-06 23:00,11.1,0,.2,0,1020.5,1025.1,85.8,,
763,2020-10-07 00:00,11.1,0,0,0,1020.6,1025.2,86,,
763,2020-10-07 01:00,10.7,0,0,0,1020.8,1025.5,89.4,,
763,2020-10-07 02:00,10.8,0,0,0,1020.7,1025.3,90,,
763,2020-10-07 03:00,10.4,0,0,0,1020.9,1025.6,91.9,,
763,2020-10-07 04:00,10.6,0,.2,0,1020.9,1025.6,90.7,,
763,2020-10-07 05:00,10.5,0,.2,0,1021.1,1025.8,89.7,,
763,2020-10-07 06:00,9.8,0,0,0,1021.2,1025.9,95,,
763,2020-10-07 07:00,9.2,0,.3,0,1021.4,1026.1,95.8,,
763,2020-10-07 08:00,12.2,20.9,.7,0,1021.9,1026.5,78.7,,
763,2020-10-07 09:00,14.6,26.8,2.2,0,1021.9,1026.5,68.4,,
763,2020-10-07 10:00,17.1,19.4,2.1,0,1022,1026.5,58.4,,
763,2020-10-07 11:00,18.2,38.2,2.3,0,1021.5,1026,52,,
763,2020-10-07 12:00,20.8,29.1,2.1,0,1020.7,1025.2,40.2,,
763,2020-10-07 13:00,22.1,37.3,2.1,0,1019.8,1024.2,37.1,,
763,2020-10-07 14:00,22.3,59.3,2.5,0,1019.2,1023.6,33.5,,
763,2020-10-07 15:00,22.6,47.4,2.4,0,1018.5,1022.9,29.1,,
763,2020-10-07 16:00,21.8,72.3,2.5,0,1018.7,1023.1,31,,
763,2020-10-07 17:00,20.8,81.4,1.9,0,1019,1023.5,39.5,,
763,2020-10-07 18:00,19.3,22.3,.5,0,1019.6,1024.1,49.3,,
763,2020-10-07 19:00,16.3,0,.3,0,1020.2,1024.7,70.5,,
763,2020-10-07 20:00,15.7,0,0,0,1020.6,1025.2,74.3,,
763,2020-10-07 21:00,13.8,0,0,0,1020.8,1025.4,84.9,,
763,2020-10-07 22:00,13.2,0,0,0,1021.2,1025.8,89.1,,
763,2020-10-07 23:00,13.1,0,.1,0,1021.4,1026,92.9,,
763,2020-10-08 00:00,11.8,0,0,0,1021.3,1025.9,95.3,,
763,2020-10-08 01:00,12,0,0,0,1021.3,1025.9,97.6,,
763,2020-10-08 02:00,10.9,0,0,0,1021.5,1026.2,97.9,,
763,2020-10-08 03:00,10.7,0,0,0,1021.4,1026.1,99.1,,
763,2020-10-08 04:00,10.6,0,0,0,1021.5,1026.2,99.5,,
763,2020-10-08 05:00,9.9,0,0,0,1021.8,1026.5,99.6,,
763,2020-10-08 06:00,9.8,0,.1,0,1022,1026.7,99,,
763,2020-10-08 07:00,10.8,0,0,0,1022.1,1026.8,99.5,,
763,2020-10-08 08:00,14.1,0,.4,0,1022.4,1027,85.6,,
763,2020-10-08 09:00,17.2,26.3,2.5,0,1023,1027.5,65.8,,
763,2020-10-08 10:00,19.2,84.8,3.4,0,1022.8,1027.3,51.5,,
763,2020-10-08 11:00,20.1,87.7,3.5,0,1022,1026.5,49.2,,
763,2020-10-08 12:00,21.5,92.7,2.5,0,1021.2,1025.7,46.5,,
763,2020-10-08 13:00,21.8,90.8,3.6,0,1020.4,1024.8,43.7,,
763,2020-10-08 14:00,22.6,56.6,3,0,1019.7,1024.1,41.2,,
763,2020-10-08 15:00,22.5,74.5,3.2,0,1019.5,1023.9,39.8,,
763,2020-10-08 16:00,22.3,83.6,3.3,0,1019.4,1023.8,39.8,,
763,2020-10-08 17:00,21.4,77.5,2.7,0,1019.4,1023.8,40.1,,
763,2020-10-08 18:00,19.7,53.4,1.7,0,1019.9,1024.4,43.7,,
763,2020-10-08 19:00,18.7,77.6,2.4,0,1020.4,1024.9,42.5,,
763,2020-10-08 20:00,17.7,68.7,2,0,1020.7,1025.2,40.5,,
763,2020-10-08 21:00,17.1,68.9,1.5,0,1021,1025.5,41.3,,
763,2020-10-08 22:00,14.9,91.6,.6,0,1021.4,1026,53.8,,
763,2020-10-08 23:00,11.9,40,.7,0,1021.6,1026.2,69.3,,
763,2020-10-09 00:00,13.9,53.8,.8,0,1021.2,1025.8,61.5,,
763,2020-10-09 01:00,11.3,0,0,0,1020.4,1025,79.8,,
763,2020-10-09 02:00,10,0,.1,0,1020.2,1024.9,86,,
763,2020-10-09 03:00,9.6,0,0,0,1019.4,1024.1,89.8,,
763,2020-10-09 04:00,9.5,0,.2,0,1018.6,1023.2,91.8,,
763,2020-10-09 05:00,9.9,0,.2,0,1018.8,1023.4,86.2,,
763,2020-10-09 06:00,9,0,0,0,1019.3,1024,93.2,,
763,2020-10-09 07:00,9.2,0,0,0,1019.6,1024.3,95.4,,
763,2020-10-09 08:00,13.8,0,.4,0,1020.1,1024.7,79.7,,
763,2020-10-09 09:00,18,19.1,1.1,0,1020.1,1024.6,58.5,,
763,2020-10-09 10:00,19.6,96,2.1,0,1020.3,1024.8,50.1,,
763,2020-10-09 11:00,21,83.6,2.6,0,1019.3,1023.8,48.4,,
763,2020-10-09 12:00,21.5,77.7,3.2,0,1018.2,1022.6,45.1,,
763,2020-10-09 13:00,22.2,52.1,2.7,0,1017.4,1021.8,43.4,,
763,2020-10-09 14:00,22.5,96.5,2.6,0,1016.4,1020.8,43.8,,
763,2020-10-09 15:00,22.7,83.1,2.1,0,1015.7,1020.1,42.8,,
763,2020-10-09 16:00,22.9,74,2.8,0,1015.8,1020.2,43.4,,
763,2020-10-09 17:00,21.6,81.7,2.7,0,1015.6,1020,44.9,,
763,2020-10-09 18:00,19.8,67,1,0,1015.8,1020.2,52.5,,
763,2020-10-09 19:00,19.2,79.7,2.2,0,1016.2,1020.7,51.5,,
763,2020-10-09 20:00,15.2,290.4,.6,0,1016.5,1021.1,71.1,,
763,2020-10-09 21:00,17.7,80.1,1,0,1016.7,1021.2,55.6,,
763,2020-10-09 22:00,16.8,86.6,.9,0,1017,1021.5,58.9,,
763,2020-10-09 23:00,16.5,73.3,1.8,0,1017.2,1021.7,59.3,,
763,2020-10-10 00:00,12.7,0,.4,0,1017.2,1021.8,79.9,,
763,2020-10-10 01:00,11.5,0,0,0,1016.8,1021.4,87,,
763,2020-10-10 02:00,10.7,0,.2,0,1016.5,1021.1,91.5,,
763,2020-10-10 03:00,10.7,0,.2,0,1016,1020.6,91.8,,
763,2020-10-10 04:00,11.1,0,.2,0,1015.7,1020.3,89.3,,
763,2020-10-10 05:00,11,0,0,0,1016.1,1020.7,90.2,,
763,2020-10-10 06:00,9.9,0,0,0,1016.2,1020.8,94.6,,
763,2020-10-10 07:00,10.7,0,.1,0,1015.9,1020.5,91.3,,
763,2020-10-10 08:00,14.1,345.1,.8,0,1016.5,1021.1,77.7,,
763,2020-10-10 09:00,16.8,16.5,1.4,0,1016.7,1021.2,65.7,,
763,2020-10-10 10:00,19.4,17.3,2.3,0,1016.3,1020.7,55.5,,
763,2020-10-10 11:00,20.8,58.5,2.5,0,1015.7,1020.1,49.5,,
763,2020-10-10 12:00,22,58.9,2,0,1014.9,1019.3,47.8,,
763,2020-10-10 13:00,22.6,69.9,2.3,0,1014.4,1018.8,42.4,,
763,2020-10-10 14:00,23.1,15.7,2.1,0,1013.6,1018,45.2,,
763,2020-10-10 15:00,23.3,357.5,2.2,0,1013.3,1017.7,45.5,,
763,2020-10-10 16:00,23,36.3,2.2,0,1013,1017.4,44.2,,
763,2020-10-10 17:00,21.7,346.2,1.6,0,1012.9,1017.3,48.2,,
763,2020-10-10 18:00,18.9,0,.3,0,1012.7,1017.1,62.5,,
763,2020-10-10 19:00,15.8,0,.1,0,1012.7,1017.2,78.5,,
763,2020-10-10 20:00,15.9,0,.4,0,1013.6,1018.1,75.2,,
763,2020-10-10 21:00,15.7,0,.3,0,1013.8,1018.3,75.3,,
763,2020-10-10 22:00,13.8,0,0,0,1014.3,1018.9,87.4,,
763,2020-10-10 23:00,14.1,0,0,0,1014.4,1018.9,87.1,,
763,2020-10-11 00:00,13.9,0,.1,0,1013.6,1018.1,88.4,,
763,2020-10-11 01:00,13.5,0,0,0,1013.3,1017.9,89.5,,
763,2020-10-11 02:00,12,0,0,0,1013.2,1017.8,95.7,,
763,2020-10-11 03:00,11.4,0,0,0,1012.9,1017.5,97.3,,
763,2020-10-11 04:00,11,0,0,0,1012.9,1017.5,97.7,,
763,2020-10-11 05:00,10.7,0,0,0,1013,1017.6,99.2,,
763,2020-10-11 06:00,10.4,0,0,0,1013.3,1017.9,99.6,,
763,2020-10-11 07:00,10.2,0,0,0,1013.4,1018,99.4,,
763,2020-10-11 08:00,12.6,0,0,0,1014,1018.6,96.7,,
763,2020-10-11 09:00,15.8,0,.3,0,1013.9,1018.4,81.5,,
763,2020-10-11 10:00,17.1,275.6,1.4,0,1013.5,1018,76.8,,
763,2020-10-11 11:00,19.3,273.9,1,0,1013.3,1017.7,66.3,,
763,2020-10-11 12:00,20.5,247.9,.6,0,1012.3,1016.7,62.2,,
763,2020-10-11 13:00,21,256.4,.6,0,1011.4,1015.8,62,,
763,2020-10-11 14:00,20.9,290.8,.9,0,1010.7,1015.1,60.9,,
763,2020-10-11 15:00,21.2,290.2,1.2,0,1010.5,1014.9,56.5,,
763,2020-10-11 16:00,20.4,346.2,.8,0,1010.4,1014.8,63.8,,
763,2020-10-11 17:00,19.7,313.2,1,0,1010.6,1015,68.7,,
763,2020-10-11 18:00,18.5,8.8,.9,0,1010.7,1015.1,75.4,,
763,2020-10-11 19:00,16.9,0,0,0,1010.9,1015.4,84.8,,
763,2020-10-11 20:00,17,0,.1,0,1011.1,1015.6,81,,
763,2020-10-11 21:00,16.2,0,0,0,1011.1,1015.6,87.1,,
763,2020-10-11 22:00,15,0,0,0,1011.2,1015.7,94.4,,
763,2020-10-11 23:00,13.8,0,0,0,1011.2,1015.7,96.2,,
763,2020-10-12 00:00,13.4,0,0,0,1011.2,1015.7,98.5,0,0
763,2020-10-12 01:00,13.3,0,0,0,1011.1,1015.6,99.1,0,0
763,2020-10-12 02:00,13.5,0,.1,0,1011.1,1015.6,99,0,0
763,2020-10-12 03:00,13.4,0,.1,0,1011.2,1015.7,99.4,0,0
763,2020-10-12 04:00,13.7,0,0,0,1011.4,1015.9,99.1,0,0
763,2020-10-12 05:00,14,0,0,0,1011.5,1016,99.2,0,0
763,2020-10-12 06:00,14.4,0,.1,0,1011.9,1016.4,99.5,0,0
763,2020-10-12 07:00,14.3,0,.2,0,1011.7,1016.2,99.9,0,0
763,2020-10-12 08:00,14.9,0,0,0,1012.1,1016.6,99.7,0,0
763,2020-10-12 09:00,15.9,0,.4,0,1012.4,1016.9,95.4,0,0
763,2020-10-12 10:00,17.1,0,.2,0,1012.3,1016.8,87.3,0,0
763,2020-10-12 11:00,18.7,273.3,.9,0,1012.3,1016.7,74,0,0
763,2020-10-12 12:00,20,314.8,1,0,1012.5,1017,64.9,0,0
763,2020-10-12 13:00,21.3,312,1.6,0,1011.7,1016.1,55.1,0,0
763,2020-10-12 14:00,21.9,295.6,2,0,1011.1,1015.5,53.4,0,0
763,2020-10-12 15:00,21.9,248.2,.8,0,1010.1,1014.5,51.8,0,0
763,2020-10-12 16:00,21,268.6,3.2,0,1010.3,1014.7,61.9,0,0
763,2020-10-12 17:00,20.1,277.2,2.5,0,1010.7,1015.1,66.9,0,0
763,2020-10-12 18:00,18.1,268.6,2.8,0,1011.3,1015.8,75.5,0,0
763,2020-10-12 19:00,15.8,273.9,.5,0,1011.9,1016.4,85.4,0,0
763,2020-10-12 20:00,14.6,0,.1,0,1012.8,1017.3,91.5,0,0
763,2020-10-12 21:00,13.1,274.5,.6,0,1013.6,1018.2,90.7,0,0
763,2020-10-12 22:00,12.2,0,0,0,1014.1,1018.7,91,0,0
763,2020-10-12 23:00,11.2,0,.3,0,1014.5,1019.1,92.7,0,0
763,2020-10-13 00:00,10.6,0,.2,0,1014.7,1019.3,95.5,0,0
763,2020-10-13 01:00,9.8,0,.2,0,1014.8,1019.4,96.7,,
763,2020-10-13 02:00,8.9,0,0,0,1014.8,1019.4,97.8,,
763,2020-10-13 03:00,7.9,0,0,0,1015,1019.7,98.8,,
763,2020-10-13 04:00,8,0,0,0,1015.5,1020.2,99.4,,
763,2020-10-13 05:00,7.6,0,0,0,1015.9,1020.6,99.1,,
763,2020-10-13 06:00,7,0,0,0,1016.4,1021.1,99.4,,
763,2020-10-13 07:00,6.9,0,0,0,1017.2,1021.9,99.8,,
763,2020-10-13 08:00,9.9,99.7,.8,0,1017.2,1021.8,96.4,,
763,2020-10-13 09:00,11.4,34.8,1,0,1017.9,1022.5,89.7,,
763,2020-10-13 10:00,14.3,0,.2,0,1018,1022.6,79.6,,
763,2020-10-13 11:00,15.8,347.7,1,0,1017.9,1022.4,52.3,,
763,2020-10-13 12:00,17.2,342.9,1.5,0,1018.3,1022.8,45.9,,
763,2020-10-13 13:00,16.5,327.2,1.6,0,1017.5,1022,45.1,,
763,2020-10-13 14:00,16.5,287.7,1.1,0,1016.8,1021.3,40.7,,
763,2020-10-13 15:00,18,328.2,1.8,0,1016.7,1021.2,36.3,,
763,2020-10-13 16:00,16.9,334.9,1.3,0,1016.7,1021.2,40.8,,
763,2020-10-13 17:00,16.3,323.1,.9,0,1017.2,1021.7,41.8,,
763,2020-10-13 18:00,13.5,0,0,0,1017.4,1022,65.3,,
763,2020-10-13 19:00,11.6,0,0,0,1018.2,1022.8,73.8,,
763,2020-10-13 20:00,11.1,0,0,0,1019,1023.6,73.4,,
763,2020-10-13 21:00,9.7,0,0,0,1019.1,1023.7,79.7,,
763,2020-10-13 22:00,8.9,0,.1,0,1019.7,1024.4,85.5,,
763,2020-10-13 23:00,8.3,0,0,0,1019.6,1024.3,89,,
763,2020-10-14 00:00,7.7,0,0,0,1019.5,1024.2,93.8,,
763,2020-10-14 01:00,7.3,0,.2,0,1019.9,1024.6,94.1,,
763,2020-10-14 02:00,6.8,0,0,0,1019.9,1024.6,95.2,,
763,2020-10-14 03:00,6.9,0,0,0,1020.3,1025,95.6,,
763,2020-10-14 04:00,7.6,0,0,0,1020.6,1025.3,92.2,,
763,2020-10-14 05:00,8.2,0,0,0,1020.9,1025.6,93,,
763,2020-10-14 06:00,8.5,0,0,0,1021.6,1026.3,94.5,,
763,2020-10-14 07:00,8.7,0,.4,0,1021.3,1026,94.1,,
763,2020-10-14 08:00,10,0,.1,0,1021.2,1025.9,87.2,,
763,2020-10-14 09:00,10.5,330.4,.6,0,1022.3,1027,87.2,,
763,2020-10-14 10:00,11.3,0,.3,0,1022.2,1026.8,85.7,,
763,2020-10-14 11:00,13.2,0,.2,0,1022.3,1026.9,78.2,,
763,2020-10-14 12:00,15.2,0,.2,0,1022.4,1027,68.5,,
763,2020-10-14 13:00,15.8,0,.3,0,1021.7,1026.3,67.9,,
763,2020-10-14 14:00,17.2,269.4,.8,0,1020.6,1025.1,62.9,,
763,2020-10-14 15:00,18.3,355.7,1.2,0,1020.2,1024.7,59.1,,
763,2020-10-14 16:00,18.5,342.5,1.1,0,1020,1024.5,57.1,,
763,2020-10-14 17:00,17.2,0,.4,0,1019.6,1024.1,63.7,,
763,2020-10-14 18:00,15.8,331.8,1.7,0,1020.3,1024.9,55.9,,
763,2020-10-14 19:00,11.6,0,.1,0,1021.1,1025.7,76.3,,
763,2020-10-14 20:00,10,0,0,0,1021.8,1026.5,82.4,,
763,2020-10-14 21:00,8.7,0,.2,0,1022.1,1026.8,83.8,,
763,2020-10-14 22:00,7.9,0,0,0,1022.6,1027.3,84,,
763,2020-10-14 23:00,7.1,0,0,0,1022.4,1027.1,87.5,,
763,2020-10-15 00:00,6.4,0,0,0,1022.3,1027,91.6,,
763,2020-10-15 01:00,6,0,0,0,1022.1,1026.8,93.5,,
763,2020-10-15 02:00,5.7,0,0,0,1022.1,1026.8,94.3,,
763,2020-10-15 03:00,5.3,0,0,0,1022.3,1027.1,94.3,,
763,2020-10-15 04:00,4.9,0,0,0,1021.9,1026.7,96,,
763,2020-10-15 05:00,4.2,0,0,0,1022.2,1027,97.4,,
763,2020-10-15 06:00,3.6,0,0,0,1022.5,1027.3,98.3,,
763,2020-10-15 07:00,3.3,0,.1,0,1023,1027.8,98.8,,
763,2020-10-15 08:00,6.4,0,0,0,1023.3,1028,91.6,,
763,2020-10-15 09:00,8.5,6.6,.6,0,1023.5,1028.2,74.5,,
763,2020-10-15 10:00,11.7,351.2,1.3,0,1023.4,1028,58.3,,
763,2020-10-15 11:00,12.8,350.7,1.5,0,1023.2,1027.8,46.2,,
763,2020-10-15 12:00,14.6,343.4,1.8,0,1022.8,1027.4,38.1,,
763,2020-10-15 13:00,15.7,27.5,1.9,0,1021.8,1026.4,34.3,,
763,2020-10-15 14:00,17.4,349.8,1.9,0,1020.9,1025.4,32.6,,
763,2020-10-15 15:00,18.4,349.4,1.6,0,1020.3,1024.8,25.3,,
763,2020-10-15 16:00,18.1,337.2,1.7,0,1020.2,1024.7,24.6,,
763,2020-10-15 17:00,17.1,334.5,1.1,0,1020.1,1024.6,28.3,,
763,2020-10-15 18:00,13.4,0,.3,0,1020.6,1025.2,55.3,,
763,2020-10-15 19:00,11,0,0,0,1021,1025.6,70.1,,
763,2020-10-15 20:00,10.2,0,.1,0,1021.3,1026,73.9,,
763,2020-10-15 21:00,9.8,0,0,0,1021.6,1026.3,76.2,,
763,2020-10-15 22:00,9.2,0,0,0,1021.8,1026.5,77.5,,
763,2020-10-15 23:00,8.4,0,0,0,1021.7,1026.4,82.8,,
763,2020-10-16 00:00,7.8,0,0,0,1021,1025.7,84.6,,
763,2020-10-16 01:00,6.9,0,0,0,1021.2,1025.9,89.1,,
763,2020-10-16 02:00,6.2,0,0,0,1021.2,1025.9,91.4,,
763,2020-10-16 03:00,5.6,0,0,0,1021.3,1026,93.1,,
763,2020-10-16 04:00,4.9,0,0,0,1021,1025.7,95.8,,
763,2020-10-16 05:00,5.4,0,0,0,1020.6,1025.3,93.3,,
763,2020-10-16 06:00,6.2,0,0,0,1021,1025.7,91.5,,
763,2020-10-16 07:00,6.5,0,0,0,1020.6,1025.3,92,,
763,2020-10-16 08:00,8.3,0,.1,0,1021.4,1026.1,78.4,,
763,2020-10-16 09:00,9.9,0,.4,0,1021.4,1026.1,75.1,,
763,2020-10-16 10:00,11.9,0,.2,0,1021.3,1025.9,69.1,,
763,2020-10-16 11:00,13.4,58.7,.8,0,1020.6,1025.2,57.3,,
763,2020-10-16 12:00,15.2,351.5,1.1,0,1020.2,1024.8,52.6,,
763,2020-10-16 13:00,15.5,350.9,1.2,0,1019.5,1024.1,55.1,,
763,2020-10-16 14:00,15.8,354.2,.9,0,1018.5,1023,54.5,,
763,2020-10-16 15:00,15.5,334.5,.9,0,1018.5,1023.1,58.7,,
763,2020-10-16 16:00,15.4,322.7,1,0,1018.6,1023.2,59.7,,
763,2020-10-16 17:00,14.9,0,.2,0,1018.2,1022.7,67.6,,
763,2020-10-16 18:00,13.1,0,.1,0,1018.2,1022.8,79.7,,
763,2020-10-16 19:00,11.4,0,0,0,1018.3,1022.9,84.6,,
763,2020-10-16 20:00,10.8,0,0,0,1019.1,1023.7,89.8,,
763,2020-10-16 21:00,10.5,0,0,0,1019.2,1023.8,92,,
763,2020-10-16 22:00,9.3,0,0,0,1019.5,1024.2,96.5,,
763,2020-10-16 23:00,8.9,,,0,1019.6,1024.3,97.6,,
763,2020-10-17 00:00,8.1,,,0,1019.4,1024.1,98.3,,
763,2020-10-17 01:00,7.4,,,0,1019.4,1024.1,99.2,,
763,2020-10-17 02:00,6.7,,,0,1019.4,1024.1,99.4,,
763,2020-10-17 03:00,6.3,,,0,1019.3,1024,99.5,,
763,2020-10-17 04:00,6.2,,,0,1019.2,1023.9,99.8,,
763,2020-10-17 05:00,5.8,,,0,1019.3,1024,99.8,,
763,2020-10-17 06:00,6,,,0,1019.5,1024.2,99.9,,
763,2020-10-17 07:00,5.9,0,.2,0,1019.7,1024.4,99.9,,
763,2020-10-17 08:00,7.6,0,.2,0,1020.4,1025.1,99.9,,
763,2020-10-17 09:00,10.4,0,.2,0,1020.9,1025.6,89.8,,
763,2020-10-17 10:00,13.6,0,.3,0,1020.5,1025.1,72.4,,
763,2020-10-17 11:00,15.8,106.2,.8,0,1020.1,1024.7,65.7,,
763,2020-10-17 12:00,18.1,85.2,.8,0,1019.6,1024.1,56.4,,
763,2020-10-17 13:00,17.5,306.6,1.5,0,1019.1,1023.6,55.2,,
763,2020-10-17 14:00,18.8,342.8,1.9,0,1018.6,1023.1,51.2,,
763,2020-10-17 15:00,19.2,3.1,1.7,0,1018.2,1022.7,48.1,,
763,2020-10-17 16:00,18.6,288.7,1.8,0,1017.9,1022.4,51.5,,
763,2020-10-17 17:00,17.8,271.6,1.7,0,1018,1022.5,62.7,,
763,2020-10-17 18:00,15.3,277.2,.6,0,1018.3,1022.9,78,,
763,2020-10-17 19:00,12.6,0,0,0,1018.9,1023.5,89.8,,
763,2020-10-17 20:00,11.5,0,0,0,1019.5,1024.1,95.2,,
763,2020-10-17 21:00,9.7,0,0,0,1019.8,1024.5,97.8,,
763,2020-10-17 22:00,8.7,0,0,0,1020.6,1025.3,97,,
763,2020-10-17 23:00,7.6,0,0,0,1020.7,1025.4,97.7,,
763,2020-10-18 00:00,6.8,0,,0,1020.2,1024.9,97.1,,
763,2020-10-18 01:00,6.2,0,0,0,1020.4,1025.1,98,,
763,2020-10-18 02:00,5.5,0,0,0,1020.3,1025,98.9,,
763,2020-10-18 03:00,5.2,0,0,0,1020.4,1025.2,99.1,,
763,2020-10-18 04:00,4.8,0,0,0,1020.4,1025.1,99.4,,
763,2020-10-18 05:00,4.9,0,0,0,1020.4,1025.1,99.8,,
763,2020-10-18 06:00,4,0,0,0,1020.6,1025.4,99.9,,
763,2020-10-18 07:00,3.3,0,0,0,1020.5,1025.3,99.9,,
763,2020-10-18 08:00,5.6,0,0,0,1021.7,1026.4,99.9,,
763,2020-10-18 09:00,8.9,33.1,.7,0,1022.1,1026.8,87,,
763,2020-10-18 10:00,11.8,0,.1,0,1021.9,1026.5,72.9,,
763,2020-10-18 11:00,16.4,5.5,1.4,0,1021.5,1026,52.1,,
763,2020-10-18 12:00,18.1,17.5,1.9,0,1020.7,1025.2,42.3,,
763,2020-10-18 13:00,18.7,3.2,2.6,0,1019.7,1024.2,41.2,,
763,2020-10-18 14:00,19.5,358,2.6,0,1018.9,1023.4,33.2,,
763,2020-10-18 15:00,19.2,32.9,2,0,1018.7,1023.2,34.5,,
763,2020-10-18 16:00,19.7,16.2,2,0,1018.6,1023,41.9,,
763,2020-10-18 17:00,18.5,330,.7,0,1018.7,1023.2,45.6,,
763,2020-10-18 18:00,15.9,0,.4,0,1019,1023.5,49,,
763,2020-10-18 19:00,11.7,0,0,0,1019.9,1024.5,74.3,,
763,2020-10-18 20:00,10,0,0,0,1020.1,1024.8,82.4,,
763,2020-10-18 21:00,8.9,0,0,0,1019.7,1024.4,87.4,,
763,2020-10-18 22:00,8.3,0,0,0,1020.5,1025.2,90,,
763,2020-10-18 23:00,7.7,0,0,0,1021.1,1025.8,92.2,,
763,2020-10-19 00:00,8.1,0,0,0,1021.2,1025.9,93.5,,
763,2020-10-19 01:00,7.8,0,0,0,1020.9,1025.6,96.8,,
763,2020-10-19 02:00,6.8,0,0,0,1020.7,1025.4,96.1,,
763,2020-10-19 03:00,6.6,0,.2,0,1020.8,1025.5,98.5,,
763,2020-10-19 04:00,5.6,0,0,0,1021,1025.7,98.9,,
763,2020-10-19 05:00,5.2,0,0,0,1021.4,1026.2,99.4,,
763,2020-10-19 06:00,5.3,0,0,0,1021.6,1026.4,99.3,,
763,2020-10-19 07:00,5.6,0,.1,0,1021.8,1026.5,99.8,,
763,2020-10-19 08:00,7.3,0,.2,0,1021.7,1026.4,99.8,,
763,2020-10-19 09:00,10.2,11.8,.7,0,1021.8,1026.5,86.6,,
763,2020-10-19 10:00,12.7,0,.2,0,1021.9,1026.5,78.7,,
763,2020-10-19 11:00,17.7,344.7,1.2,0,1021.5,1026,57.6,,
763,2020-10-19 12:00,19.6,.8,2.2,0,1021,1025.5,45.5,,
763,2020-10-19 13:00,20.2,47.1,2.6,0,1020.1,1024.6,37.9,,
763,2020-10-19 14:00,20.7,10.8,1.7,0,1019.5,1024,40.7,,
763,2020-10-19 15:00,21.3,347.1,1.5,0,1019.1,1023.6,37.1,,
763,2020-10-19 16:00,20.8,338.8,1.8,0,1019.2,1023.7,35.3,,
763,2020-10-19 17:00,19.4,331.4,1.1,0,1019.4,1023.9,35.6,,
763,2020-10-19 18:00,14.6,0,0,0,1019.9,1024.5,60.3,,
763,2020-10-19 19:00,11.8,0,0,0,1020.5,1025.1,75.4,,
763,2020-10-19 20:00,10.7,0,0,0,1021.3,1026,81.6,,
763,2020-10-19 21:00,10.1,0,0,0,1021.8,1026.5,85.3,,
763,2020-10-19 22:00,9.2,0,0,0,1022.4,1027.1,90.4,,
763,2020-10-19 23:00,8.1,0,0,0,1022.9,1027.6,92.3,,
763,2020-10-20 00:00,7.8,0,0,0,1023,1027.7,96.8,,
763,2020-10-20 01:00,6.6,0,0,0,1023.1,1027.8,97.6,,
763,2020-10-20 02:00,6.3,0,0,0,1023.2,1027.9,98.2,,
763,2020-10-20 03:00,5.7,,,0,1023,1027.8,99,,
763,2020-10-20 04:00,5.8,,,0,1022.8,1027.5,99.8,,
763,2020-10-20 05:00,5.8,,,0,1022.8,1027.5,99.7,,
763,2020-10-20 06:00,5,,,0,1023.2,1028,99.5,,
763,2020-10-20 07:00,5.1,,,0,1023.7,1028.5,99.5,,
763,2020-10-20 08:00,7.3,0,0,0,1024.1,1028.8,99.8,,
763,2020-10-20 09:00,10.3,16.7,.6,0,1024.4,1029.1,89.3,,
763,2020-10-20 10:00,12.8,44.1,1,0,1024.1,1028.7,77,,
763,2020-10-20 11:00,17.1,0,.4,0,1023.3,1027.8,64.6,,
763,2020-10-20 12:00,20.3,21.4,2.2,0,1022.4,1026.9,41.8,,
763,2020-10-20 13:00,21.1,5.4,2.3,0,1021.9,1026.4,35.4,,
763,2020-10-20 14:00,21.5,19.2,1.2,0,1021.2,1025.7,34.4,,
763,2020-10-20 15:00,21.7,2,1.4,0,1020.4,1024.8,33.3,,
763,2020-10-20 16:00,21.6,20.3,1.3,0,1020.3,1024.7,31.7,,
763,2020-10-20 17:00,19.5,328.4,1,0,1020.5,1025,43.3,,
763,2020-10-20 18:00,14.5,0,0,0,1019.6,1024.2,68.7,,
763,2020-10-20 19:00,12.2,0,0,0,1019.8,1024.4,79.8,,
763,2020-10-20 20:00,10.8,0,0,0,1019.4,1024,84.6,,
763,2020-10-20 21:00,10,0,0,0,1019.3,1024,90.5,,
763,2020-10-20 22:00,9.2,0,0,0,1020,1024.7,92.4,,
763,2020-10-20 23:00,8.4,0,0,0,1019.9,1024.6,94.9,,
763,2020-10-21 00:00,9.3,0,0,0,1019.8,1024.5,92.1,,
763,2020-10-21 01:00,9.4,0,.4,0,1019.5,1024.2,92.9,,
763,2020-10-21 02:00,8.9,0,0,0,1019.2,1023.9,95.7,,
763,2020-10-21 03:00,9,0,0,0,1018.6,1023.3,96.2,,
763,2020-10-21 04:00,8.8,0,.1,0,1017.9,1022.6,96.6,,
763,2020-10-21 05:00,8.6,0,.3,0,1018,1022.7,97,,
763,2020-10-21 06:00,8.6,0,0,0,1017.6,1022.3,97.5,,
763,2020-10-21 07:00,9.1,0,.4,0,1017.8,1022.5,96.6,,
763,2020-10-21 08:00,10.2,0,0,0,1017.6,1022.2,92.1,,
763,2020-10-21 09:00,11.8,285.2,.6,0,1018.2,1022.8,85.8,,
763,2020-10-21 10:00,12.9,0,0,0,1017.3,1021.9,75.7,,
763,2020-10-21 11:00,14.7,0,.4,0,1017.2,1021.7,75.6,,
763,2020-10-21 12:00,16.4,357.7,.7,0,1016.5,1021,67.9,,
763,2020-10-21 13:00,16.3,0,.4,0,1015.6,1020.1,67.4,,
763,2020-10-21 14:00,16.7,0,0,0,1015.2,1019.7,67.1,,
763,2020-10-21 15:00,16.8,0,0,0,1013.8,1018.3,69.7,,
763,2020-10-21 16:00,16,0,.1,0,1013.2,1017.7,78,,
763,2020-10-21 17:00,14.8,101.7,.6,0,1012.9,1017.4,90,,
763,2020-10-21 18:00,15.3,289.9,1,0,1012.8,1017.3,81.9,,
763,2020-10-21 19:00,13.8,0,0,0,1013.1,1017.6,92.6,,
763,2020-10-21 20:00,13.4,0,0,0,1013.3,1017.9,93,,
763,2020-10-21 21:00,13.4,84.4,.6,0,1012.8,1017.4,93.4,,
763,2020-10-21 22:00,13.7,103.1,.5,0,1012.7,1017.2,93,,
763,2020-10-21 23:00,13.4,0,0,0,1012.7,1017.3,95.9,,
763,2020-10-22 00:00,13.2,0,.1,0,1012.7,1017.3,96.6,,
763,2020-10-22 01:00,13,0,0,0,1012.3,1016.9,96.8,,
763,2020-10-22 02:00,11.5,0,0,0,1012.2,1016.8,99,,
763,2020-10-22 03:00,10.7,0,.1,0,1011.8,1016.4,99.9,,
763,2020-10-22 04:00,9.9,0,0,0,1011.6,1016.2,99.9,,
763,2020-10-22 05:00,9.7,0,0,0,1011.8,1016.4,99.9,,
763,2020-10-22 06:00,10.6,0,.4,0,1011.4,1016,99.9,,
763,2020-10-22 07:00,10,0,0,0,1010.9,1015.5,99.9,,
763,2020-10-22 08:00,9.9,0,0,0,1011.2,1015.8,99.9,,
763,2020-10-22 09:00,11.3,72.5,.6,0,1011.2,1015.8,99.9,,
763,2020-10-22 10:00,13.6,0,.3,0,1011.1,1015.6,97.7,,
763,2020-10-22 11:00,14.9,0,.1,0,1011,1015.5,87.5,,
763,2020-10-22 12:00,17.5,0,.3,0,1010,1014.5,78.3,,
763,2020-10-22 13:00,18.5,257,1.2,0,1009,1013.4,68.4,,
763,2020-10-22 14:00,18.6,272.1,1.4,0,1008.4,1012.8,66.1,,
763,2020-10-22 15:00,18.2,273,3.7,0,1008.2,1012.6,59.3,,
763,2020-10-22 16:00,17.3,310.8,2.3,0,1009,1013.5,50.3,,
763,2020-10-22 17:00,16.5,298.9,3.2,0,1009.7,1014.2,44,,
763,2020-10-22 18:00,13.8,310.1,1.9,0,1010.2,1014.7,52.3,,
763,2020-10-22 19:00,9.7,0,.1,0,1011,1015.6,68.7,,
763,2020-10-22 20:00,7.9,0,0,0,1011.2,1015.8,81.3,,
763,2020-10-22 21:00,7.1,0,0,0,1011.7,1016.4,83.3,,
763,2020-10-22 22:00,6,0,0,0,1011.9,1016.6,88.1,,
763,2020-10-22 23:00,6,0,0,0,1012,1016.7,89.7,,
763,2020-10-23 00:00,5.6,0,0,0,1011.8,1016.5,90.8,,
763,2020-10-23 01:00,6,0,0,0,1011.5,1016.2,89.8,,
763,2020-10-23 02:00,5.1,0,0,0,1011.3,1016,92,,
763,2020-10-23 03:00,6.1,0,0,0,1010.9,1015.6,89.5,,
763,2020-10-23 04:00,7.4,0,0,0,1011.1,1015.8,84,,
763,2020-10-23 05:00,5.9,0,.2,0,1011.2,1015.9,92,,
763,2020-10-23 06:00,5,0,0,0,1011.4,1016.1,94.6,,
763,2020-10-23 07:00,4.5,0,0,0,1011.6,1016.3,95.7,,
763,2020-10-23 08:00,6.9,0,0,0,1012.2,1016.9,87.2,,
763,2020-10-23 09:00,10.8,358.6,1.5,0,1012.8,1017.4,60.8,,
763,2020-10-23 10:00,11.1,35.1,1.4,0,1012.8,1017.4,56.8,,
763,2020-10-23 11:00,12,313.8,1.5,0,1012.5,1017.1,51,,
763,2020-10-23 12:00,14.5,343.9,1.7,0,1011.8,1016.3,42.9,,
763,2020-10-23 13:00,14.8,323.7,2,0,1011,1015.5,38.5,,
763,2020-10-23 14:00,15.2,304.6,3.2,0,1010.6,1015.1,32.4,,
763,2020-10-23 15:00,15.2,318.6,2.7,0,1010.5,1015,28.8,,
763,2020-10-23 16:00,14.1,299.2,3.1,0,1010.8,1015.3,36.3,,
763,2020-10-23 17:00,12.7,312.1,2.4,0,1011.2,1015.8,40.8,,
763,2020-10-23 18:00,10.4,288.2,1.8,0,1011.6,1016.2,57.3,,
763,2020-10-23 19:00,9.2,282.5,1.2,0,1012.3,1016.9,62.9,,
763,2020-10-23 20:00,7.1,0,.3,0,1013,1017.7,73.2,,
763,2020-10-23 21:00,6.5,0,.1,0,1013.4,1018.1,76.1,,
763,2020-10-23 22:00,5,0,.4,0,1013.7,1018.4,84.4,,
763,2020-10-23 23:00,4.5,0,.2,0,1013.9,1018.6,86.6,,
763,2020-10-24 00:00,4.6,0,.1,0,1014,1018.7,87.4,,
763,2020-10-24 01:00,3.8,0,.1,0,1014.1,1018.8,91.3,,
763,2020-10-24 02:00,3.4,0,.2,0,1014,1018.7,91.6,,
763,2020-10-24 03:00,3.4,0,0,0,1014.2,1018.9,92.4,,
763,2020-10-24 04:00,3.8,0,.1,0,1014,1018.7,89.9,,
763,2020-10-24 05:00,2.2,0,.3,0,1014.6,1019.4,94.6,,
763,2020-10-24 06:00,2.1,0,.2,0,1015,1019.8,96.6,,
763,2020-10-24 07:00,1.8,0,.2,0,1015.5,1020.3,97.7,,
763,2020-10-24 08:00,4.6,0,0,0,1016.3,1021,94.3,,
763,2020-10-24 09:00,8.7,283.3,.8,0,1016.9,1021.6,64.4,,
763,2020-10-24 10:00,10.2,335.9,1.7,0,1017.1,1021.7,57.7,,
763,2020-10-24 11:00,11.9,307.9,1.7,0,1016.9,1021.5,46,,
763,2020-10-24 12:00,13.4,307,2,0,1016.6,1021.2,30.6,,
763,2020-10-24 13:00,14.5,309.7,2.8,0,1015.9,1020.4,27.8,,
763,2020-10-24 14:00,14.6,289.4,2.4,0,1015.4,1019.9,29.7,,
763,2020-10-24 15:00,14.7,320.7,3.1,0,1015.3,1019.8,27.1,,
763,2020-10-24 16:00,14.4,322.4,2.4,0,1015.6,1020.1,32.3,,
763,2020-10-24 17:00,13.3,326.1,1.4,0,1015.9,1020.5,35.9,,
763,2020-10-24 18:00,10,0,.2,0,1016.2,1020.8,53.1,,
763,2020-10-24 19:00,7.6,0,0,0,1016.6,1021.3,71.1,,
763,2020-10-24 20:00,7,0,.2,0,1016.8,1021.5,73.7,,
763,2020-10-24 21:00,6.4,0,.1,0,1017.1,1021.8,78.4,,
763,2020-10-24 22:00,6.3,0,0,0,1017.3,1022,80.9,,
763,2020-10-24 23:00,6.8,0,.2,0,1017.6,1022.3,81.9,,
763,2020-10-25 00:00,7.5,0,0,0,1017.4,1022.1,79.4,,
763,2020-10-25 01:00,5.6,0,.2,0,1017.4,1022.1,89.6,,
763,2020-10-25 02:00,5.1,0,0,0,1017.7,1022.4,91.1,,
763,2020-10-25 03:00,4.6,0,0,0,1017.6,1022.3,95.7,,
763,2020-10-25 04:00,3.8,0,0,0,1017.5,1022.3,96.9,,
763,2020-10-25 05:00,3.2,0,0,0,1017.2,1022,97.2,,
763,2020-10-25 06:00,2.8,0,0,0,1017.9,1022.7,98.2,,
763,2020-10-25 07:00,2.7,0,0,0,1017.5,1022.3,98.9,,
763,2020-10-25 08:00,4.8,0,0,0,1018.5,1023.2,98.7,,
763,2020-10-25 09:00,9.1,0,.4,0,1018.8,1023.5,83.6,,
763,2020-10-25 10:00,14.5,99.6,.9,0,1018.3,1022.9,62.8,,
763,2020-10-25 11:00,16.2,288.2,2.2,0,1018.2,1022.7,55.4,,
763,2020-10-25 12:00,17.5,294.5,1.5,0,1017.5,1022,52.2,,
763,2020-10-25 13:00,17.8,325,1.7,0,1016.7,1021.2,50.4,,
763,2020-10-25 14:00,17.7,274.2,1.6,0,1015.9,1020.4,51.8,,
763,2020-10-25 15:00,18.1,255.8,1.1,0,1015.3,1019.8,52.3,,
763,2020-10-25 16:00,17.6,240.7,1.2,0,1015.1,1019.6,58,,
763,2020-10-25 17:00,16.7,256.9,2.1,0,1015.3,1019.8,58,,
763,2020-10-25 18:00,14.7,254.3,1.2,0,1015.4,1019.9,56.3,,
763,2020-10-25 19:00,10.8,0,.1,0,1016.4,1021,70.9,,
763,2020-10-25 20:00,10,0,.1,0,1016.8,1021.4,79,,
763,2020-10-25 21:00,8.6,0,0,0,1016.9,1021.6,84.7,,
763,2020-10-25 22:00,7.6,0,0,0,1017.1,1021.8,90,,
763,2020-10-25 23:00,7,0,0,0,1017.1,1021.8,93.2,,
763,2020-10-26 00:00,6.3,0,.1,0,1017,1021.7,95.9,,
763,2020-10-26 01:00,5.2,0,0,0,1017.1,1021.8,97,,
763,2020-10-26 02:00,5.1,0,0,0,1017.2,1021.9,98.7,,
763,2020-10-26 03:00,4.5,0,0,0,1016.9,1021.6,98.9,,
763,2020-10-26 04:00,4.7,0,0,0,1016.7,1021.4,99.5,,
763,2020-10-26 05:00,4,,,0,1016.9,1021.6,99.3,,
763,2020-10-26 06:00,3.9,0,0,0,1017.2,1021.9,99.6,,
763,2020-10-26 07:00,3.7,0,0,0,1017.5,1022.3,99.4,,
763,2020-10-26 08:00,5.4,0,0,0,1018.1,1022.8,99,,
763,2020-10-26 09:00,8.6,0,0,0,1018.5,1023.2,89.9,,
763,2020-10-26 10:00,11.7,0,0,0,1017.9,1022.5,74,,
763,2020-10-26 11:00,14.4,7.1,1.1,0,1017.3,1021.9,68,,
763,2020-10-26 12:00,17.2,346.3,1.4,0,1016.3,1020.8,53.3,,
763,2020-10-26 13:00,18.2,318.9,1.8,0,1015.9,1020.4,46.6,,
763,2020-10-26 14:00,18.6,351.7,1.6,0,1015.2,1019.7,44.1,,
763,2020-10-26 15:00,18.9,328.4,1.6,0,1015.2,1019.7,44.4,,
763,2020-10-26 16:00,18.8,341.3,1.4,0,1014.9,1019.4,45.9,,
763,2020-10-26 17:00,17,267.4,1.9,0,1014.7,1019.2,67.3,,
763,2020-10-26 18:00,15,251.7,.8,0,1015,1019.6,75.6,,
763,2020-10-26 19:00,11.8,0,0,0,1015.4,1020,91.6,,
763,2020-10-26 20:00,10.9,0,0,0,1016,1020.6,96.1,,
763,2020-10-26 21:00,9.5,0,0,0,1016.3,1020.9,97.8,,
763,2020-10-26 22:00,8.9,0,.1,0,1016.5,1021.2,99.1,,
763,2020-10-26 23:00,8.9,0,0,0,1016.7,1021.4,99.8,,
763,2020-10-27 00:00,7.6,0,0,0,1016.3,1021,99.3,,
763,2020-10-27 01:00,7,0,0,0,1016.5,1021.2,99.9,,
763,2020-10-27 02:00,5.9,0,0,0,1016.5,1021.2,99.5,,
763,2020-10-27 03:00,6.2,0,0,0,1016.6,1021.3,99.9,,
763,2020-10-27 04:00,5.4,0,0,0,1016.4,1021.1,99.9,,
763,2020-10-27 05:00,4.6,0,.2,0,1016.9,1021.6,99.9,,
763,2020-10-27 06:00,4.6,0,0,0,1017.6,1022.3,99.9,,
763,2020-10-27 07:00,4.5,0,0,0,1018.1,1022.8,99.9,,
763,2020-10-27 08:00,6.3,0,0,0,1018.7,1023.4,99.9,,
763,2020-10-27 09:00,9.5,30.2,.6,0,1018.8,1023.5,97.2,,
763,2020-10-27 10:00,11.3,279,1.2,0,1018.5,1023.1,84.6,,
763,2020-10-27 11:00,14.5,259.2,.6,0,1018.1,1022.7,74.3,,
763,2020-10-27 12:00,17.2,291.2,1.5,0,1017.4,1021.9,61.6,,
763,2020-10-27 13:00,18.6,346.1,.9,0,1016.9,1021.4,52.1,,
763,2020-10-27 14:00,19.9,315.7,1.1,0,1016.3,1020.7,44.8,,
763,2020-10-27 15:00,20.1,335.2,1.7,0,1016.4,1020.9,40.3,,
763,2020-10-27 16:00,19.6,325.7,1.1,0,1016.7,1021.1,48,,
763,2020-10-27 17:00,17.7,267.8,1.6,0,1016.6,1021.1,65.9,,
763,2020-10-27 18:00,14.1,261.3,.5,0,1017,1021.6,81.7,,
763,2020-10-27 19:00,12.5,0,.1,0,1017.6,1022.2,90.2,,
763,2020-10-27 20:00,11.9,0,0,0,1017.8,1022.4,97.1,,
763,2020-10-27 21:00,10.5,0,0,0,1018.2,1022.8,97.8,,
763,2020-10-27 22:00,10.8,0,0,0,1018.7,1023.3,99.1,,
763,2020-10-27 23:00,11,0,0,0,1019,1023.6,99.3,,
763,2020-10-28 00:00,11.3,0,0,0,1018.7,1023.3,99.2,,
763,2020-10-28 01:00,11,0,0,0,1018.8,1023.4,99.4,,
763,2020-10-28 02:00,11.1,0,0,0,1019.1,1023.7,99.7,,
763,2020-10-28 03:00,11,0,.2,0,1018.9,1023.5,99.4,,
763,2020-10-28 04:00,11.1,0,0,0,1018.9,1023.5,99.7,,
763,2020-10-28 05:00,10.8,34.9,.8,0,1018.6,1023.2,99.8,,
763,2020-10-28 06:00,10.7,0,0,0,1018.8,1023.4,99.9,,
763,2020-10-28 07:00,10.6,0,0,0,1019,1023.6,99.9,,
763,2020-10-28 08:00,11.3,0,0,0,1019.5,1024.1,99.9,,
763,2020-10-28 09:00,12.3,0,0,0,1020,1024.6,98.3,,
763,2020-10-28 10:00,14.8,0,.1,0,1020.1,1024.7,87.2,,
763,2020-10-28 11:00,16.6,310.3,1.3,0,1019.5,1024,75.6,,
763,2020-10-28 12:00,17.6,52.7,1,0,1018.9,1023.4,67.5,,
763,2020-10-28 13:00,18,301.3,1,0,1018.2,1022.7,58.2,,
763,2020-10-28 14:00,18.8,358.5,.6,0,1017.7,1022.2,54.1,,
763,2020-10-28 15:00,19.8,360,1.5,0,1017.6,1022,46,,
763,2020-10-28 16:00,20.3,334.7,1.3,0,1017.6,1022.1,36.5,,
763,2020-10-28 17:00,18.6,317.3,2.3,0,1017.9,1022.4,32.7,,
763,2020-10-28 18:00,15,0,.3,0,1018.3,1022.9,43.1,,
763,2020-10-28 19:00,10.7,317.2,.5,0,1019.1,1023.7,64.1,,
763,2020-10-28 20:00,11.5,9.2,.7,0,1019.8,1024.4,51,,
763,2020-10-28 21:00,8.9,0,.2,0,1020.3,1025,62.8,,
763,2020-10-28 22:00,7.1,0,0,0,1020.8,1025.5,73.3,,
763,2020-10-28 23:00,6,0,0,0,1020.9,1025.6,79,,
763,2020-10-29 00:00,5,0,0,0,1021.4,1026.2,85.6,,
763,2020-10-29 01:00,4.3,0,0,0,1021.3,1026.1,90.3,,
763,2020-10-29 02:00,4.4,0,0,0,1021.4,1026.2,87.4,,
763,2020-10-29 03:00,3.9,0,0,0,1021.1,1025.9,92,,
763,2020-10-29 04:00,3.3,0,0,0,1021.1,1025.9,92.2,,
763,2020-10-29 05:00,2.8,0,0,0,1021.2,1026,92.5,,
763,2020-10-29 06:00,2.4,0,0,0,1021.6,1026.4,95.4,,
763,2020-10-29 07:00,1.5,0,0,0,1021.8,1026.6,96.5,,
763,2020-10-29 08:00,4.4,97.9,.5,0,1022.1,1026.9,89.3,,
763,2020-10-29 09:00,8.1,0,0,0,1022.2,1026.9,69.2,,
763,2020-10-29 10:00,11.3,283.1,.5,0,1021.9,1026.5,45.8,,
763,2020-10-29 11:00,13.9,14.8,.7,0,1021.5,1026.1,34.1,,
763,2020-10-29 12:00,15,.2,1.3,0,1020.7,1025.3,29.2,,
763,2020-10-29 13:00,15.5,6.2,1.3,0,1019.7,1024.3,26.5,,
763,2020-10-29 14:00,16.3,332.1,1.4,0,1019.3,1023.8,23.8,,
763,2020-10-29 15:00,16.2,7.2,1.9,0,1018.6,1023.1,24.8,,
763,2020-10-29 16:00,16.1,10.5,1.5,0,1018.5,1023,24.2,,
763,2020-10-29 17:00,15.1,328.9,.6,0,1018.5,1023.1,31.3,,
763,2020-10-29 18:00,9.8,0,0,0,1018.8,1023.4,58.2,,
763,2020-10-29 19:00,8.1,0,0,0,1019.4,1024.1,65.7,,
763,2020-10-29 20:00,7.1,0,.1,0,1019.8,1024.5,74.1,,
763,2020-10-29 21:00,6.1,0,0,0,1019.8,1024.5,82.4,,
763,2020-10-29 22:00,6.3,0,0,0,1019.8,1024.5,81.3,,
763,2020-10-29 23:00,5.8,0,0,0,1019.9,1024.6,82.8,,
763,2020-10-30 00:00,5.6,0,0,0,1019.8,1024.5,86,,
763,2020-10-30 01:00,3.8,0,0,0,1019.7,1024.5,91.6,,
763,2020-10-30 02:00,3.4,0,0,0,1019.8,1024.6,95.7,,
763,2020-10-30 03:00,3.6,0,.1,0,1020,1024.8,93.3,,
763,2020-10-30 04:00,2.8,0,0,0,1020,1024.8,94.3,,
763,2020-10-30 05:00,2.2,0,.1,0,1020.2,1025,96.5,,
763,2020-10-30 06:00,2.5,0,0,0,1020.5,1025.3,97.9,,
763,2020-10-30 07:00,1.5,0,0,0,1020.9,1025.7,98.1,,
763,2020-10-30 08:00,3.2,0,0,0,1021.3,1026.1,96.9,,
763,2020-10-30 09:00,6.1,39.5,.6,0,1022.2,1026.9,74.7,,
763,2020-10-30 10:00,8.9,101,.6,0,1022.2,1026.9,69.5,,
763,2020-10-30 11:00,13.5,16.4,1.2,0,1021.8,1026.4,47.3,,
763,2020-10-30 12:00,16.2,350.7,1.4,0,1021.3,1025.9,42.4,,
763,2020-10-30 13:00,17.6,335,1.7,0,1020.7,1025.2,38.9,,
763,2020-10-30 14:00,18.3,.1,1.9,0,1020.1,1024.6,36.1,,
763,2020-10-30 15:00,18.9,352.4,1.9,0,1019.9,1024.4,32,,
763,2020-10-30 16:00,18.5,15.8,2.1,0,1020.1,1024.6,33.8,,
763,2020-10-30 17:00,17.2,352.4,1.1,0,1020.5,1025,37.2,,
763,2020-10-30 18:00,13.6,9.7,.5,0,1020.8,1025.4,49.8,,
763,2020-10-30 19:00,9.5,0,0,0,1021.5,1026.2,71.2,,
763,2020-10-30 20:00,8.7,0,0,0,1021.6,1026.3,77.5,,
763,2020-10-30 21:00,6.9,0,0,0,1022.1,1026.8,84.2,,
763,2020-10-30 22:00,6.8,0,.1,0,1022.4,1027.1,86.6,,
763,2020-10-30 23:00,5.8,0,0,0,1022.4,1027.1,89,,
763,2020-10-31 00:00,5.5,0,0,0,1022.5,1027.3,93.6,,
763,2020-10-31 01:00,4.8,0,0,0,1022.7,1027.5,96.5,,
763,2020-10-31 02:00,4.9,0,0,0,1022.8,1027.6,95.5,,
763,2020-10-31 03:00,4.2,0,.1,0,1022.9,1027.7,96.2,,
763,2020-10-31 04:00,3.8,0,0,0,1022.8,1027.6,97.2,,
763,2020-10-31 05:00,3.9,0,0,0,1022.6,1027.4,97.9,,
763,2020-10-31 06:00,3.3,0,0,0,1023,1027.8,98.5,,
763,2020-10-31 07:00,3.1,0,0,0,1023.4,1028.2,98.8,,
763,2020-10-31 08:00,5.1,,,0,1023.3,1028.1,98.6,,
763,2020-10-31 09:00,8.5,283,.7,0,1023.6,1028.3,85.9,,
763,2020-10-31 14:00,18.6,275.7,1.4,0,1019.3,1023.8,38.5,,
763,2020-10-31 15:00,,,,0,,,,,
763,2020-11-01 16:00,13.1,162.3,1.1,1,1015.9,1020.5,93.1,,
763,2020-11-01 17:00,13,0,.3,0,1015.9,1020.5,93.7,,
763,2020-11-01 18:00,13,142.8,.5,.5,1015.7,1020.3,94.3,,
763,2020-11-01 19:00,13.3,0,.3,0,1016,1020.6,89.7,,
763,2020-11-01 20:00,13.2,0,0,0,1016.1,1020.7,90.3,,
763,2020-11-01 21:00,12.6,0,.2,0,1016.7,1021.3,95.9,,
763,2020-11-01 22:00,12.7,0,0,0,1016.9,1021.5,96,,
763,2020-11-01 23:00,12.3,0,.1,0,1017,1021.6,98.9,,
763,2020-11-02 00:00,12.1,0,0,0,1016.6,1021.2,98.7,,
763,2020-11-02 01:00,11.5,0,0,0,1016.5,1021.1,99.7,,
763,2020-11-02 02:00,10.9,0,.4,0,1016.8,1021.4,99.9,,
763,2020-11-02 03:00,9.9,0,0,0,1017.1,1021.7,99.9,,
763,2020-11-02 04:00,9.8,0,0,0,1017,1021.6,99.9,,
763,2020-11-02 05:00,9.1,0,0,0,1017.3,1022,99.9,,
763,2020-11-02 06:00,8.9,0,0,0,1017.3,1022,99.9,,
763,2020-11-02 07:00,9.7,0,0,0,1017.4,1022,99.9,,
763,2020-11-02 08:00,9.7,0,0,0,1017.5,1022.1,99.9,,
763,2020-11-02 09:00,10,0,0,0,1018.5,1023.2,99.9,,
763,2020-11-02 10:00,10.5,29.3,.9,0,1018.5,1023.1,99.9,,
763,2020-11-02 11:00,10.2,0,.1,0,1018.3,1023,99.9,,
763,2020-11-02 12:00,14.9,13.4,1.2,0,1017.7,1022.2,63.4,,
763,2020-11-02 13:00,15.5,13.5,1.4,0,1017.2,1021.8,58.3,,
763,2020-11-02 14:00,16.5,8,2.2,0,1016.3,1020.8,39.5,,
763,2020-11-02 15:00,16.6,3.3,2.4,0,1016.1,1020.6,25,,
763,2020-11-02 16:00,16,1.9,1.8,0,1016.1,1020.6,28.9,,
763,2020-11-02 17:00,14.6,342.9,1,0,1015.9,1020.4,30.8,,
763,2020-11-02 18:00,9.6,0,.1,0,1016.1,1020.7,65.7,,
763,2020-11-02 19:00,7.6,0,0,0,1016.6,1021.3,66.1,,
763,2020-11-02 20:00,6.3,0,0,0,1016.7,1021.4,71.8,,
763,2020-11-02 21:00,5.9,0,0,0,1016.5,1021.2,71.1,,
763,2020-11-02 22:00,4.5,0,.1,0,1016.4,1021.1,81.5,,
763,2020-11-02 23:00,4,0,.1,0,1016.2,1020.9,87.3,,
763,2020-11-03 00:00,3.6,0,.1,0,1016.2,1021,81.8,,
763,2020-11-03 01:00,4.2,0,0,0,1015.9,1020.6,83.7,,
763,2020-11-03 02:00,5,0,0,0,1016.3,1021,85.2,,
763,2020-11-03 03:00,5.7,295.8,1.2,0,1016.4,1021.1,85,,
763,2020-11-03 04:00,5.5,0,0,0,1017.1,1021.8,92,,
763,2020-11-03 05:00,3.9,0,0,0,1017.7,1022.5,98,,
763,2020-11-03 06:00,6.1,342.9,1.4,0,1018.5,1023.2,76.5,,
763,2020-11-03 07:00,5.7,315.7,1.6,0,1018.8,1023.5,64.7,,
763,2020-11-03 08:00,5.3,0,.4,0,1019.6,1024.3,68,,
763,2020-11-03 09:00,7.1,22.7,1.2,0,1019.7,1024.4,53.9,,
763,2020-11-03 10:00,8,5.6,2.8,0,1019.4,1024.1,45.9,,
763,2020-11-03 11:00,9.2,344.1,3.1,0,1019,1023.7,43.4,,
763,2020-11-03 12:00,11.1,323.1,2.9,0,1018.4,1023,42.9,,
763,2020-11-03 13:00,10.4,327.7,3.4,0,1017.9,1022.5,45.1,,
763,2020-11-03 14:00,9.7,305.8,4.1,0,1017.5,1022.1,41.4,,
763,2020-11-03 15:00,10.6,320.7,4,0,1017.6,1022.2,40.9,,
763,2020-11-03 16:00,9.5,309.6,4,0,1018.3,1022.9,43.1,,
763,2020-11-03 17:00,7.7,330.9,2.6,0,1019,1023.7,48.1,,
763,2020-11-03 18:00,6.5,326.3,1.5,0,1018.9,1023.6,52.6,,
763,2020-11-03 19:00,5.3,333.4,.5,0,1019.8,1024.5,65.6,,
763,2020-11-03 20:00,2.6,0,0,0,1019.9,1024.7,80.6,,
763,2020-11-03 21:00,2,0,.1,0,1019.8,1024.6,84.3,,
763,2020-11-03 22:00,1.3,0,.2,0,1020.3,1025.1,88.1,,
763,2020-11-03 23:00,.7,0,0,0,1020.2,1025,92.7,,
763,2020-11-04 00:00,.5,0,0,0,1020.3,1025.1,92.4,,
763,2020-11-04 01:00,.6,0,.1,0,1020.3,1025.1,92.4,,
763,2020-11-04 02:00,.4,0,0,0,1020.6,1025.4,91.7,,
763,2020-11-04 03:00,0,0,.1,0,1020.7,1025.5,93.6,,
763,2020-11-04 04:00,-.9,0,.1,0,1021.1,1026,96.4,,
763,2020-11-04 05:00,-1.4,0,0,0,1022,1026.9,97.5,,
763,2020-11-04 06:00,-1.1,0,.1,0,1022.3,1027.2,98.1,,
763,2020-11-04 07:00,-1.6,0,0,0,1023,1027.9,98.5,,
763,2020-11-04 08:00,-.4,0,0,0,1023.6,1028.5,98.6,,
763,2020-11-04 09:00,2.7,0,0,0,1024.2,1029,84.9,,
763,2020-11-04 10:00,6.1,39.4,1.8,0,1024.2,1028.9,46.5,,
763,2020-11-04 11:00,7,22.7,2.8,0,1024,1028.7,39.1,,
763,2020-11-04 12:00,8.7,342.2,2.5,0,1022.7,1027.4,37.5,,
763,2020-11-04 13:00,9.9,18,3.2,0,1021.8,1026.5,33.3,,
763,2020-11-04 14:00,10.7,21.6,2.6,0,1021.2,1025.9,29.7,,
763,2020-11-04 15:00,11.4,14.8,2.1,0,1021,1025.6,29.8,,
763,2020-11-04 16:00,11,340.1,2.2,0,1021.2,1025.8,29.6,,
763,2020-11-04 17:00,9.8,342,1.7,0,1021.3,1026,29.2,,
763,2020-11-04 18:00,6.3,0,0,0,1021.2,1025.9,46.4,,
763,2020-11-04 19:00,3.7,0,.4,0,1022.1,1026.9,66.9,,
763,2020-11-04 20:00,1.8,0,0,0,1021.9,1026.7,76.8,,
763,2020-11-04 21:00,1.6,0,0,0,1022.3,1027.1,71.7,,
763,2020-11-04 22:00,1.2,0,0,0,1022.5,1027.3,75.6,,
763,2020-11-04 23:00,.8,0,.2,0,1023.1,1027.9,77.7,,
763,2020-11-05 00:00,-.1,0,.1,0,1023.2,1028.1,84.8,,
763,2020-11-05 01:00,-.7,0,.3,0,1023.5,1028.4,88.5,,
763,2020-11-05 02:00,-1.1,0,0,0,1023.6,1028.5,93.4,,
763,2020-11-05 03:00,-1.8,0,0,0,1024.2,1029.1,95.1,,
763,2020-11-05 04:00,-2,0,0,0,1024,1028.9,96.8,,
763,2020-11-05 05:00,-2,0,0,0,1024,1028.9,97.1,,
763,2020-11-05 06:00,-1.8,0,0,0,1024.1,1029,97.4,,
763,2020-11-05 07:00,-1.8,0,0,0,1024.4,1029.3,97.1,,
763,2020-11-05 08:00,-.2,0,.1,0,1024.3,1029.2,95.6,,
763,2020-11-05 09:00,2.2,32.9,.5,0,1024.6,1029.4,79.8,,
763,2020-11-05 10:00,6.7,0,.2,0,1024.5,1029.2,68.1,,
763,2020-11-05 11:00,11.5,11.2,1,0,1024.5,1029.2,52.4,,
763,2020-11-05 12:00,14,10.2,1.5,0,1023.9,1028.5,45.4,,
763,2020-11-05 13:00,14.6,307.8,1.2,0,1023.1,1027.7,43.3,,
763,2020-11-05 14:00,15.7,336.3,1.5,0,1022.2,1026.8,38.2,,
763,2020-11-05 15:00,16.2,346.2,1.7,0,1021.7,1026.3,35.9,,
763,2020-11-05 16:00,15.3,357.3,.5,0,1021.3,1025.9,39.2,,
763,2020-11-05 17:00,14.6,0,.4,0,1021.4,1026,44.1,,
763,2020-11-05 18:00,10.1,0,0,0,1021.6,1026.3,69.8,,
763,2020-11-05 19:00,10,0,0,0,1022.5,1027.2,71,,
763,2020-11-05 20:00,10,0,0,0,1022.6,1027.3,72.5,,
763,2020-11-05 21:00,9.9,0,.4,0,1022.5,1027.2,69.3,,
763,2020-11-05 22:00,10,0,.4,0,1022.5,1027.2,71,,
763,2020-11-05 23:00,9.7,0,0,0,1022.7,1027.4,72.4,,
763,2020-11-06 00:00,8.9,0,0,0,1022.3,1027,78.4,,
763,2020-11-06 01:00,8.6,0,0,0,1022.1,1026.8,84.5,,
763,2020-11-06 02:00,8.3,0,0,0,1021.4,1026.1,84.4,,
763,2020-11-06 03:00,8,0,0,0,1021.1,1025.8,87.3,,
763,2020-11-06 04:00,8.5,109,.8,0,1020.5,1025.2,78.1,,
763,2020-11-06 05:00,8.3,0,.4,0,1020.6,1025.3,80.8,,
763,2020-11-06 06:00,7.9,0,.1,0,1020.2,1024.9,87.2,,
763,2020-11-06 07:00,8.6,0,.2,0,1020.1,1024.8,82.4,,
763,2020-11-06 08:00,8.7,0,.4,0,1020,1024.7,84.3,,
763,2020-11-06 09:00,9.9,0,0,0,1020,1024.6,77.5,,
763,2020-11-06 10:00,11.5,47.3,.5,0,1020,1024.6,70.4,,
763,2020-11-06 11:00,13,45.1,1,0,1019.2,1023.8,62.7,,
763,2020-11-06 12:00,14,307,1.1,0,1018.6,1023.2,61.3,,
763,2020-11-06 13:00,14.1,348.7,.7,0,1017.6,1022.2,67.7,,
763,2020-11-06 14:00,15.9,0,.3,0,1016.7,1021.2,62.2,,
763,2020-11-06 15:00,16.6,40.2,.9,0,1016.3,1020.8,59.3,,
763,2020-11-06 16:00,14.9,25,.8,0,1016.2,1020.7,63.1,,
763,2020-11-06 17:00,14.4,0,.1,0,1015.7,1020.2,67.1,,
763,2020-11-06 18:00,13,0,.1,0,1015.4,1020,80.2,,
763,2020-11-06 19:00,14,0,.3,0,1015.8,1020.4,81.7,,
763,2020-11-06 20:00,13,0,.2,0,1016.2,1020.8,76.6,,
763,2020-11-06 21:00,12.4,0,0,0,1015.9,1020.5,80.5,,
763,2020-11-06 22:00,11.6,286,.5,0,1016.1,1020.7,87.3,,
763,2020-11-06 23:00,11.5,0,.1,0,1016,1020.6,87.6,,
763,2020-11-07 00:00,10.2,0,.1,0,1016.1,1020.7,94.1,,
763,2020-11-07 01:00,11,0,.1,0,1015.7,1020.3,92.8,,
763,2020-11-07 02:00,10.1,0,0,0,1015.6,1020.2,96.7,,
763,2020-11-07 03:00,8.6,0,.1,0,1015.6,1020.3,99.2,,
763,2020-11-07 04:00,9.5,0,.1,0,1015.3,1019.9,99.4,,
763,2020-11-07 05:00,9.5,0,.2,0,1015.1,1019.7,99.1,,
763,2020-11-07 06:00,9.7,0,.2,0,1015.3,1019.9,99.2,,
763,2020-11-07 07:00,11,0,.3,0,1015,1019.6,98,,
763,2020-11-07 08:00,12.3,0,.1,0,1015.3,1019.9,97.3,,
763,2020-11-07 09:00,15.5,201.9,.6,0,1015.3,1019.8,88.3,,
763,2020-11-07 10:00,15.8,254.6,1.4,0,1015.3,1019.8,86.5,,
763,2020-11-07 11:00,17.1,245,1.3,0,1015,1019.5,74.4,,
763,2020-11-07 12:00,18.1,256.1,1.6,0,1014.4,1018.9,65.3,,
763,2020-11-07 13:00,19.2,256.2,1.7,0,1013.8,1018.2,59.6,,
763,2020-11-07 14:00,19,261.7,2.6,0,1013.8,1018.2,58.5,,
763,2020-11-07 15:00,18.3,261.8,2.5,0,1014.1,1018.6,44.5,,
763,2020-11-07 16:00,17.6,263,2.5,0,1014.2,1018.7,27.3,,
763,2020-11-07 17:00,16.4,268.2,3,0,1014.5,1019,31.2,,
763,2020-11-07 18:00,13.1,258.6,.5,0,1015,1019.6,50.1,,
763,2020-11-07 19:00,10.2,0,.4,0,1016,1020.6,67.6,,
763,2020-11-07 20:00,9,0,.1,0,1016.5,1021.2,75.2,,
763,2020-11-07 21:00,8.2,0,.3,0,1016.6,1021.3,80.2,,
763,2020-11-07 22:00,8.4,0,.3,0,1017,1021.7,84.3,,
763,2020-11-07 23:00,7.6,0,0,0,1016.9,1021.6,92.2,,
763,2020-11-08 00:00,8.7,120.9,.5,0,1016.7,1021.4,91.3,,
763,2020-11-08 01:00,7.1,0,0,0,1016.4,1021.1,94.7,,
763,2020-11-08 02:00,6.6,0,.1,0,1016.8,1021.5,97.3,,
763,2020-11-08 03:00,5.8,0,0,0,1016.9,1021.6,97.6,,
763,2020-11-08 04:00,5.5,0,.1,0,1016.7,1021.4,99.6,,
763,2020-11-08 05:00,4.8,0,.1,0,1016.8,1021.5,99.2,,
763,2020-11-08 06:00,4.5,0,0,0,1017.1,1021.8,99.9,,
763,2020-11-08 07:00,3,0,0,0,1017.6,1022.4,99.9,,
763,2020-11-08 08:00,4.7,0,.1,0,1017.8,1022.5,99.9,,
763,2020-11-08 09:00,8.1,344.5,1.4,0,1018.6,1023.3,99.6,,
763,2020-11-08 10:00,9.3,73,.9,0,1019.4,1024.1,87.3,,
763,2020-11-08 11:00,12.9,53.4,1.7,0,1019.2,1023.8,54.2,,
763,2020-11-08 12:00,14.7,298.3,3.1,0,1018.7,1023.3,28.1,,
763,2020-11-08 13:00,15.3,285.8,3.7,0,1018.2,1022.8,21,,
763,2020-11-08 14:00,15.4,339.4,3.3,0,1018,1022.6,21.1,,
763,2020-11-08 15:00,14,312.4,3.4,0,1018.4,1023,21.5,,
763,2020-11-08 16:00,13,313.2,3.1,0,1019.2,1023.8,16.4,,
763,2020-11-08 17:00,11.3,310.7,3,0,1019.7,1024.3,22.1,,
763,2020-11-08 18:00,8.5,308.8,1.4,0,1020.5,1025.2,43,,
763,2020-11-08 19:00,6,328.9,1,0,1021.3,1026,56,,
763,2020-11-08 20:00,4.6,318.6,.7,0,1021.6,1026.4,62.3,,
763,2020-11-08 21:00,3.3,0,0,0,1021.9,1026.7,69.7,,
763,2020-11-08 22:00,3.2,292.1,1,0,1022.2,1027,74.3,,
763,2020-11-08 23:00,3.3,0,.1,0,1022.5,1027.3,76.5,,
763,2020-11-09 00:00,4.1,0,.4,0,1022.7,1027.5,70.2,,
763,2020-11-09 01:00,1.6,0,.3,0,1022.6,1027.4,84.6,,
763,2020-11-09 02:00,.9,0,0,0,1022.6,1027.4,88.6,,
763,2020-11-09 03:00,.4,0,0,0,1022.7,1027.5,89.4,,
763,2020-11-09 04:00,.2,0,0,0,1022.4,1027.3,89.3,,
763,2020-11-09 05:00,-1,0,.2,0,1022.7,1027.6,93.3,,
763,2020-11-09 06:00,-1.6,0,0,0,1022.6,1027.5,96,,
763,2020-11-09 07:00,-1.8,0,0,0,1023,1027.9,94.9,,
763,2020-11-09 08:00,-.5,0,.2,0,1023.3,1028.2,93.7,,
763,2020-11-09 09:00,3.9,0,0,0,1023.9,1028.7,68.8,,
763,2020-11-09 10:00,7,53.6,.7,0,1024.2,1028.9,42.2,,
763,2020-11-09 11:00,8.4,34.7,1.4,0,1023.8,1028.5,38.8,,
763,2020-11-09 12:00,9.2,21.7,1.2,0,1023.3,1028,32.7,,
763,2020-11-09 13:00,10,43.4,1.7,0,1022.4,1027.1,30.4,,
763,2020-11-09 14:00,10.6,43.8,1.8,0,1021.5,1026.2,30.1,,
763,2020-11-09 15:00,11.7,353.5,.6,0,1020.9,1025.5,30.3,,
763,2020-11-09 16:00,11.1,244.5,.7,0,1021,1025.6,32.2,,
763,2020-11-09 17:00,10.3,218.7,.6,0,1020.8,1025.5,38.4,,
763,2020-11-09 18:00,9.7,233.4,1.3,0,1021.2,1025.9,47.7,,
763,2020-11-09 19:00,7.5,0,.1,0,1021.4,1026.1,60,,
763,2020-11-09 20:00,7,0,.1,0,1021.7,1026.4,63.1,,
763,2020-11-09 21:00,7.6,0,.3,0,1021.7,1026.4,62.6,,
763,2020-11-09 22:00,8.2,0,.4,0,1021.7,1026.4,55.5,,
763,2020-11-09 23:00,9.2,181,.9,0,1021.7,1026.4,51.9,,
763,2020-11-10 00:00,9.5,203.8,.6,0,1021.7,1026.4,56.7,,
763,2020-11-10 01:00,8.3,0,.1,0,1022,1026.7,63.1,,
763,2020-11-10 02:00,5.3,0,.3,0,1022.4,1027.2,79,,
763,2020-11-10 03:00,4.4,25.6,.5,0,1022.6,1027.4,85.6,,
763,2020-11-10 04:00,3.3,228.6,.5,0,1023.1,1027.9,88.9,,
763,2020-11-10 05:00,2,0,.2,0,1023.1,1027.9,91.7,,
763,2020-11-10 06:00,1.3,0,0,0,1023.4,1028.2,94.7,,
763,2020-11-10 07:00,1,0,0,0,1024,1028.8,95.4,,
763,2020-11-10 08:00,1.8,0,0,0,1024.7,1029.5,96.1,,
763,2020-11-10 09:00,6.4,0,.1,0,1025.3,1030,72.9,,
763,2020-11-10 10:00,9.9,20.6,.9,0,1025.6,1030.3,43.8,,
763,2020-11-10 11:00,11.2,347.4,1.7,0,1025.5,1030.2,37,,
763,2020-11-10 12:00,12,334.9,2.8,0,1025.2,1029.8,33.7,,
763,2020-11-10 13:00,12.9,313,2.6,0,1024.5,1029.1,30.1,,
763,2020-11-10 14:00,13.7,4.2,2.8,0,1024,1028.6,28.6,,
763,2020-11-10 15:00,13.7,357.1,2.9,0,1024.1,1028.7,31.2,,
763,2020-11-10 16:00,13.3,350.1,2.1,0,1024.4,1029,33.2,,
763,2020-11-10 17:00,12,345.3,1.7,0,1024.7,1029.3,37.2,,
763,2020-11-10 18:00,10.3,316.5,1.2,0,1025.2,1029.9,43.4,,
763,2020-11-10 19:00,7.3,136.2,.5,0,1026,1030.7,59.9,,
763,2020-11-10 20:00,4.5,0,.1,0,1026.4,1031.2,73.6,,
763,2020-11-10 21:00,4.2,0,.1,0,1026.4,1031.2,72.5,,
763,2020-11-10 22:00,3.5,0,0,0,1026.6,1031.4,76.8,,
763,2020-11-10 23:00,3.6,0,.4,0,1027,1031.8,74,,
763,2020-11-11 00:00,2.5,0,.1,0,1026.8,1031.6,80.2,,
763,2020-11-11 01:00,2.2,0,0,0,1026.8,1031.6,82.4,,
763,2020-11-11 02:00,1.7,0,.1,0,1027,1031.8,87.5,,
763,2020-11-11 03:00,.5,0,0,0,1027,1031.9,93,,
763,2020-11-11 04:00,.3,0,0,0,1027,1031.9,93.2,,
763,2020-11-11 05:00,.4,0,0,0,1026.9,1031.8,95.8,,
763,2020-11-11 06:00,-.1,0,0,0,1027.3,1032.2,97,,
763,2020-11-11 07:00,-.2,0,0,0,1027.9,1032.8,97.8,,
763,2020-11-11 08:00,.7,,,0,1028.8,1033.7,97.8,,
763,2020-11-11 09:00,4.5,0,.3,0,1029.2,1034,80.1,,
763,2020-11-11 10:00,8.4,23.8,.9,0,1029.4,1034.1,63.4,,
763,2020-11-11 11:00,10.8,37.3,1.5,0,1029.2,1033.9,58.6,,
763,2020-11-11 12:00,13.7,354.1,2.1,0,1028.6,1033.2,40.8,,
763,2020-11-11 13:00,15.1,349.8,2.2,0,1027.7,1032.3,37.1,,
763,2020-11-11 14:00,16,346.2,2,0,1027.2,1031.8,34.3,,
763,2020-11-11 15:00,16.1,336.1,1.7,0,1026.8,1031.4,33.9,,
763,2020-11-11 16:00,16,344.3,1.5,0,1027,1031.6,33,,
763,2020-11-11 17:00,14.7,325.1,.9,0,1027,1031.6,34.8,,
763,2020-11-11 18:00,9.3,0,0,0,1027.3,1032,59.9,,
763,2020-11-11 19:00,7.5,0,.1,0,1027.9,1032.6,69.4,,
763,2020-11-11 20:00,6.8,0,.3,0,1028.2,1033,69.1,,
763,2020-11-11 21:00,6,0,0,0,1028.3,1033.1,73.3,,
763,2020-11-11 22:00,4.4,0,0,0,1028.4,1033.2,83,,
763,2020-11-11 23:00,3.9,0,0,0,1028.6,1033.4,86.9,,
763,2020-11-12 00:00,3.5,0,0,0,1028.3,1033.1,91.5,,
763,2020-11-12 01:00,2.8,0,0,0,1028.4,1033.2,94.7,,
763,2020-11-12 02:00,2.2,0,0,0,1028.2,1033,96.9,,
763,2020-11-12 03:00,1.8,0,0,0,1028.5,1033.3,97.7,,
763,2020-11-12 04:00,1.6,0,0,0,1028.3,1033.1,99.1,,
763,2020-11-12 05:00,1.7,0,0,0,1028.2,1033,99.6,,
763,2020-11-12 06:00,1.3,0,0,0,1028,1032.9,99.8,,
763,2020-11-12 07:00,.4,0,0,0,1028.1,1033,99.6,,
763,2020-11-12 08:00,1.3,0,0,0,1028.3,1033.2,99.7,,
763,2020-11-12 09:00,4.7,0,.3,0,1028.6,1033.4,89.7,,
763,2020-11-12 10:00,8.6,43.4,.9,0,1028.2,1032.9,69.9,,
763,2020-11-12 11:00,12.1,74.5,.8,0,1027.7,1032.4,51.3,,
763,2020-11-12 12:00,15.6,44.1,.7,0,1026.9,1031.5,42.5,,
763,2020-11-12 13:00,16.3,304.9,1.6,0,1026.1,1030.7,37,,
763,2020-11-12 14:00,16.6,279.2,1.6,0,1025.3,1029.9,34.4,,
763,2020-11-12 15:00,17,290.9,.6,0,1024.9,1029.4,34.2,,
763,2020-11-12 16:00,17,289.2,.9,0,1024.7,1029.2,34.5,,
763,2020-11-12 17:00,14.2,0,.1,0,1024.4,1029,46.7,,
763,2020-11-12 18:00,9.5,0,0,0,1024.3,1029,65.6,,
763,2020-11-12 19:00,7.8,0,0,0,1024.6,1029.3,70.3,,
763,2020-11-12 20:00,6.6,0,.1,0,1025,1029.7,76.1,,
763,2020-11-12 21:00,5.9,0,0,0,1025.5,1030.3,79.4,,
763,2020-11-12 22:00,5,0,0,0,1025.9,1030.7,82,,
763,2020-11-12 23:00,4.4,0,.1,0,1025.8,1030.6,87,,
763,2020-11-13 00:00,4.4,0,0,0,1025.7,1030.5,88.8,,
763,2020-11-13 01:00,2.8,0,0,0,1025.4,1030.2,91.5,,
763,2020-11-13 02:00,2.4,0,0,0,1025.6,1030.4,94,,
763,2020-11-13 03:00,2.2,0,0,0,1025.2,1030,97.2,,
763,2020-11-13 04:00,1.8,0,0,0,1025.1,1029.9,97.4,,
763,2020-11-13 05:00,1.8,0,0,0,1025,1029.8,98.1,,
763,2020-11-13 06:00,1.9,,,0,1024.7,1029.5,98.2,,
763,2020-11-13 07:00,1.4,0,0,0,1025.1,1029.9,99.2,,
763,2020-11-13 08:00,2.3,0,0,0,1025.8,1030.6,99,,
763,2020-11-13 09:00,6.9,0,0,0,1026.1,1030.8,84,,
763,2020-11-13 10:00,10,30.5,.7,0,1026,1030.7,69.1,,
763,2020-11-13 11:00,12.7,26.2,1.7,0,1025.6,1030.2,61.1,,
763,2020-11-13 12:00,15.7,359.2,1.6,0,1025.1,1029.7,55.6,,
763,2020-11-13 13:00,16.7,12.5,2.6,0,1024.5,1029.1,52.8,,
763,2020-11-13 14:00,17.2,2.2,2.4,0,1023.9,1028.4,54.5,,
763,2020-11-13 15:00,17.1,352,2.3,0,1023.5,1028,54.9,,
763,2020-11-13 16:00,16.6,338.5,1.9,0,1023.5,1028,54.7,,
763,2020-11-13 17:00,15.5,331.2,.8,0,1023.6,1028.2,58.3,,
763,2020-11-13 18:00,10.8,0,0,0,1023.9,1028.6,77.8,,
763,2020-11-13 19:00,9.9,0,0,0,1024.4,1029.1,82.5,,
763,2020-11-13 20:00,9.9,0,.3,0,1024.7,1029.4,86.2,,
763,2020-11-13 21:00,8.5,0,0,0,1025,1029.7,90.3,,
763,2020-11-13 22:00,7.2,0,0,0,1025.2,1029.9,96.9,,
763,2020-11-13 23:00,6.1,0,0,0,1025.3,1030.1,97.8,,
763,2020-11-14 00:00,6.2,0,0,0,1025.2,1030,99.9,,
763,2020-11-14 01:00,4.8,0,0,0,1025.3,1030.1,99.4,,
763,2020-11-14 02:00,4.3,0,0,0,1025.1,1029.9,99.8,,
763,2020-11-14 03:00,4.1,0,0,0,1025.1,1029.9,99.9,,
763,2020-11-14 04:00,3.7,0,0,0,1025.1,1029.9,99.9,,
763,2020-11-14 05:00,2.9,0,0,0,1025.2,1030,99.9,,
763,2020-11-14 06:00,2.6,0,.4,0,1025.5,1030.3,99.9,,
763,2020-11-14 07:00,2.8,0,0,0,1026,1030.8,99.9,,
763,2020-11-14 08:00,2.9,0,.2,0,1026.7,1031.5,99.9,,
763,2020-11-14 09:00,4,278.9,.6,0,1027,1031.8,99.9,,
763,2020-11-14 10:00,4.9,0,.3,0,1027.1,1031.9,99.9,,
763,2020-11-14 11:00,8.9,0,.4,0,1026.7,1031.4,99.9,,
763,2020-11-14 12:00,13.7,39.7,1.2,0,1026.1,1030.7,70.8,,
763,2020-11-14 13:00,16,47.7,.9,0,1025,1029.6,56.5,,
763,2020-11-14 14:00,18,282,1.3,0,1024.5,1029,42.8,,
763,2020-11-14 15:00,18.1,0,.4,0,1024,1028.5,37.4,,
763,2020-11-14 16:00,17.8,338,.7,0,1024.1,1028.6,40.5,,
763,2020-11-14 17:00,15.6,0,.1,0,1024.2,1028.8,51.9,,
763,2020-11-14 18:00,11.4,0,.1,0,1024.1,1028.8,69.2,,
763,2020-11-14 19:00,9.4,0,0,0,1024.5,1029.2,75.6,,
763,2020-11-14 20:00,8.7,0,0,0,1024.6,1029.3,78,,
763,2020-11-14 21:00,7.7,0,.1,0,1024.9,1029.6,81.6,,
763,2020-11-14 22:00,6.7,0,0,0,1025,1029.7,84,,
763,2020-11-14 23:00,6.5,0,0,0,1025.1,1029.8,86.4,,
763,2020-11-15 00:00,5.5,0,0,0,1024.9,1029.7,91.5,,
763,2020-11-15 01:00,5.1,0,0,0,1024.7,1029.5,93.3,,
763,2020-11-15 02:00,4.4,0,0,0,1024.5,1029.3,95.8,,
763,2020-11-15 03:00,4.5,0,0,0,1024.1,1028.9,97.9,,
763,2020-11-15 04:00,3.8,0,0,0,1023.9,1028.7,97.4,,
763,2020-11-15 05:00,3.5,0,.1,0,1024.1,1028.9,98.7,,
763,2020-11-15 06:00,2.8,0,0,0,1024.4,1029.2,98.8,,
763,2020-11-15 07:00,2.7,0,0,0,1024.8,1029.6,98.9,,
763,2020-11-15 08:00,3.7,0,0,0,1025,1029.8,99.5,,
763,2020-11-15 09:00,7.4,0,.4,0,1025.3,1030,93.6,,
763,2020-11-15 10:00,11.6,0,.4,0,1025.1,1029.8,72.7,,
763,2020-11-15 11:00,13.4,285.2,1.2,0,1024.9,1029.5,64.9,,
763,2020-11-15 12:00,15.9,316.8,1.2,0,1024.1,1028.7,57.9,,
763,2020-11-15 13:00,17.6,245.5,1.9,0,1023.2,1027.7,51.2,,
763,2020-11-15 14:00,17.5,286.9,1.7,0,1022.6,1027.1,53.3,,
763,2020-11-15 15:00,17.7,301.7,2.9,0,1022.4,1026.9,47.4,,
763,2020-11-15 16:00,17.2,285.9,2.4,0,1022.5,1027,47.3,,
763,2020-11-15 17:00,15.7,273.5,1.5,0,1022.3,1026.9,49.6,,
763,2020-11-15 18:00,11.3,0,0,0,1022.5,1027.1,70,,
763,2020-11-15 19:00,9.9,0,0,0,1022.7,1027.4,76.3,,
763,2020-11-15 20:00,8.4,0,0,0,1022.9,1027.6,86.3,,
763,2020-11-15 21:00,7.8,0,0,0,1023.2,1027.9,92.3,,
763,2020-11-15 22:00,7.2,0,0,0,1023.4,1028.1,95.5,,
763,2020-11-15 23:00,7.1,0,0,0,1023,1027.7,96.5,,
763,2020-11-16 00:00,6.3,0,0,0,1022.7,1027.4,98.1,,
763,2020-11-16 01:00,5.2,0,.1,0,1022.9,1027.7,98.3,,
763,2020-11-16 02:00,4.8,0,0,0,1023.2,1028,99.4,,
763,2020-11-16 03:00,5.1,0,0,0,1023.1,1027.9,99.9,,
763,2020-11-16 04:00,4.8,0,.1,0,1022.9,1027.7,99.9,,
763,2020-11-16 05:00,5,0,0,0,1023,1027.8,99.9,,
763,2020-11-16 06:00,4.1,0,.3,0,1022.9,1027.7,99.9,,
763,2020-11-16 07:00,3.7,0,0,0,1023,1027.8,99.9,,
763,2020-11-16 08:00,4.6,0,0,0,1023.4,1028.2,99.9,,
763,2020-11-16 09:00,6.5,0,.3,0,1023.6,1028.3,99.6,,
763,2020-11-16 10:00,9.1,349.4,.5,0,1023.3,1028,90.3,,
763,2020-11-16 11:00,12.5,335,.7,0,1023.1,1027.7,76.2,,
763,2020-11-16 12:00,16,7.7,1.9,0,1022.3,1026.9,56,,
763,2020-11-16 13:00,17.5,10.5,2.4,0,1021.2,1025.7,48.7,,
763,2020-11-16 14:00,17.6,22.2,2.5,0,1020.5,1025,46.6,,
763,2020-11-16 15:00,18,1.8,1.9,0,1020.4,1024.9,47.8,,
763,2020-11-16 16:00,17.4,359.6,1.5,0,1020.4,1024.9,49.8,,
763,2020-11-16 17:00,15.5,0,.2,0,1020.1,1024.7,57.2,,
763,2020-11-16 18:00,11.6,0,0,0,1020.1,1024.7,74.5,,
763,2020-11-16 19:00,10.3,0,0,0,1020.3,1025,80.3,,
763,2020-11-16 20:00,8.9,0,0,0,1020.6,1025.3,84.3,,
763,2020-11-16 21:00,7.7,0,0,0,1020.8,1025.5,88,,
763,2020-11-16 22:00,7.5,,,0,1021.2,1025.9,89.3,,
763,2020-11-16 23:00,7.2,0,0,0,1021.3,1026,94.6,,
763,2020-11-17 00:00,6.8,0,0,0,1021.3,1026,94,,
763,2020-11-17 01:00,7.1,0,0,0,1021.2,1025.9,97.1,,
763,2020-11-17 02:00,8.3,0,.3,0,1021.4,1026.1,93,,
763,2020-11-17 03:00,9.2,0,0,0,1021.3,1026,89.1,,
763,2020-11-17 04:00,9.9,0,0,0,1021.1,1025.8,86.2,,
763,2020-11-17 05:00,9.3,0,.1,0,1020.9,1025.6,87.3,,
763,2020-11-17 06:00,7.9,0,0,0,1020.8,1025.5,92.3,,
763,2020-11-17 07:00,7.8,0,0,0,1020.8,1025.5,93.2,,
763,2020-11-17 08:00,8.6,0,0,0,1020.7,1025.4,90.4,,
763,2020-11-17 09:00,12,0,0,0,1021.2,1025.8,78.5,,
763,2020-11-17 10:00,14.2,0,.4,0,1021.1,1025.7,67.2,,
763,2020-11-17 11:00,17.1,13.5,.8,0,1020.4,1024.9,59.1,,
763,2020-11-17 12:00,18.8,0,.4,0,1019.8,1024.3,56.7,,
763,2020-11-17 13:00,16.1,146.5,1,.5,1019.5,1024,89.6,,
763,2020-11-17 14:00,15.7,299.9,.6,1.5,1019.1,1023.7,97.8,,
763,2020-11-17 15:00,16.3,70.6,1.1,2.5,1018.7,1023.2,96.8,,
763,2020-11-17 16:00,16.5,16.3,1.4,0,1018.5,1023,96.9,,
763,2020-11-17 17:00,16.2,0,0,0,1018.5,1023,98,,
763,2020-11-17 18:00,15.2,0,0,0,1018.7,1023.3,99.9,,
763,2020-11-17 19:00,13.5,0,0,0,1018.8,1023.4,99.9,,
763,2020-11-17 20:00,14.9,48.2,.8,1.5,1018.8,1023.3,99.9,,
763,2020-11-17 21:00,14.5,283.1,.5,.5,1018.6,1023.2,99.9,,
763,2020-11-17 22:00,14.1,0,.2,0,1018.5,1023.1,99.9,,
763,2020-11-17 23:00,16.9,162.4,.8,0,1018.5,1023,99.9,,
763,2020-11-18 00:00,18.3,159,1.5,0,1018,1022.5,82.5,,
763,2020-11-18 01:00,18.4,151.1,1.7,0,1017.1,1021.6,81.9,,
763,2020-11-18 02:00,18.6,164.9,1.2,0,1016.8,1021.3,80.3,,
763,2020-11-18 03:00,18.3,145.7,1.2,0,1017.2,1021.7,81.7,,
763,2020-11-18 04:00,17.9,147.9,1.2,0,1016.6,1021.1,84.4,,
763,2020-11-18 05:00,18.1,144.3,.9,0,1016.2,1020.7,83,,
763,2020-11-18 06:00,18.6,156.3,1.1,0,1015.9,1020.4,81.2,,
763,2020-11-18 07:00,18.6,146.7,1.3,0,1015.5,1020,81.8,,
763,2020-11-18 08:00,19.4,155,1.8,0,1015.4,1019.8,77.9,,
763,2020-11-18 09:00,19.8,162.4,1.6,0,1015.3,1019.7,76.6,,
763,2020-11-18 10:00,20.3,164.2,1.6,0,1015,1019.5,73.1,,
763,2020-11-18 11:00,20.9,169.4,1.3,0,1014.7,1019.1,70.9,,
763,2020-11-18 12:00,22.1,148,2.7,0,1012.7,1017.1,64,,
763,2020-11-18 13:00,22.6,169,1.7,0,1012.2,1016.6,62.5,,
763,2020-11-18 14:00,22.5,168.7,1.9,0,1012.4,1016.8,63.1,,
763,2020-11-18 15:00,21.6,158.9,1.7,0,1011.8,1016.2,68.2,,
763,2020-11-18 16:00,19.3,151.3,2.3,1.5,1010.9,1015.3,82.8,,
763,2020-11-18 17:00,20,160.1,1.6,.5,1010.4,1014.8,77.6,,
763,2020-11-18 18:00,20,153.7,1.9,0,1009.3,1013.7,76.4,,
763,2020-11-18 19:00,20.3,160.2,1.7,0,1009.4,1013.8,76.3,,
763,2020-11-18 20:00,20.5,162.4,1.5,0,1008.9,1013.3,77.2,,
763,2020-11-18 21:00,21,161.1,2.1,0,1008.5,1012.9,75.9,,
763,2020-11-18 22:00,21,155.1,1.5,0,1008.4,1012.8,76.6,,
763,2020-11-18 23:00,20.2,154,2.3,0,1007.8,1012.2,84.9,,
763,2020-11-19 00:00,20.1,157.2,2.5,1,1007.4,1011.8,88.3,,
763,2020-11-19 01:00,20.5,157,2.3,0,1006.6,1011,84,,
763,2020-11-19 02:00,20.9,155.1,2.5,0,1006,1010.4,81.7,,
763,2020-11-19 03:00,21.2,163.6,2.4,0,1005.5,1009.9,81.2,,
763,2020-11-19 04:00,20.9,187.6,.6,.5,1005.1,1009.5,84.5,,
763,2020-11-19 05:00,21.6,195.7,2.2,0,1004.9,1009.3,79.2,,
763,2020-11-19 06:00,20.4,186.2,1.9,0,1004.1,1008.5,87.8,,
763,2020-11-19 07:00,21,167.3,2.3,0,1003.1,1007.5,80.2,,
763,2020-11-19 08:00,21.6,176.4,2.7,0,1002.4,1006.8,75,,
763,2020-11-19 09:00,20.4,181.7,2,1.5,1002,1006.4,87.7,,
763,2020-11-19 10:00,20,178.3,1.9,6,1001.7,1006.1,96.1,,
763,2020-11-19 11:00,19.3,262.7,2.8,16,1002,1006.4,97.1,,
763,2020-11-19 12:00,18.2,274.2,3.4,1.5,1002.2,1006.6,94.3,,
763,2020-11-19 13:00,16.2,270.8,4.7,0,1003.6,1008.1,95.7,,
763,2020-11-19 14:00,15.6,260.8,2.2,0,1004.3,1008.8,92.2,,
763,2020-11-19 15:00,14.7,289.1,2.9,.5,1005.5,1010,90.6,,
763,2020-11-19 16:00,14.2,268.3,3,0,1006.4,1010.9,88.2,,
763,2020-11-19 17:00,13.1,263.1,3.5,0,1007.4,1011.9,89.1,,
763,2020-11-19 18:00,12.4,273.7,2.5,0,1007.8,1012.4,88.5,,
763,2020-11-19 19:00,12.2,299.4,1,0,1008.9,1013.5,89.1,,
763,2020-11-19 20:00,11.9,337.2,.7,0,1009.6,1014.2,83.3,,
763,2020-11-19 21:00,11.6,0,.2,0,1009.9,1014.5,87.8,,
763,2020-11-19 22:00,11.7,272.6,2.7,0,1010.8,1015.4,79.2,,
763,2020-11-19 23:00,11.4,265.2,1.8,0,1011.2,1015.8,80.8,,
763,2020-11-20 00:00,11.1,269.5,2.3,0,1010.9,1015.5,77.1,,
763,2020-11-20 01:00,10.8,266.7,1.8,0,1010.9,1015.5,78.6,,
763,2020-11-20 02:00,10.5,269.7,2.4,0,1010.9,1015.5,77.4,,
763,2020-11-20 03:00,9.9,277.2,3,0,1011.6,1016.2,77.1,,
763,2020-11-20 04:00,9.1,287.6,3.1,0,1012,1016.6,82.1,,
763,2020-11-20 05:00,8.7,280.1,3.2,0,1012.4,1017,78.1,,
763,2020-11-20 06:00,8,287.8,3.1,0,1013.1,1017.8,78.9,,
763,2020-11-20 07:00,7.6,300.2,2.5,0,1013.8,1018.5,78.8,,
763,2020-11-20 08:00,7.5,308.7,1.5,0,1014.1,1018.8,80.1,,
763,2020-11-20 09:00,7.4,351.3,1.2,0,1015,1019.7,79.9,,
763,2020-11-20 10:00,7.5,323.9,1.3,0,1015.3,1020,76,,
763,2020-11-20 11:00,7.4,343.8,1.9,0,1015.6,1020.3,75.5,,
763,2020-11-20 12:00,7.5,319.8,1.9,0,1015.3,1020,73.8,,
763,2020-11-20 13:00,7.5,315.7,1.3,0,1015.3,1020,73.2,,
763,2020-11-20 14:00,7.4,309.2,1.7,0,1015.2,1019.9,74.3,,
763,2020-11-20 15:00,7.2,327.5,2,0,1015.7,1020.4,75.7,,
763,2020-11-20 16:00,7.1,334.6,1.1,0,1016.4,1021.1,76.4,,
763,2020-11-20 17:00,6.7,353.1,1.1,0,1017,1021.7,78.1,,
763,2020-11-20 18:00,6.4,347.4,1.3,0,1017.7,1022.4,78,,
763,2020-11-20 19:00,6.1,331,1.5,0,1018.3,1023,75.1,,
763,2020-11-20 20:00,5.8,347,1,0,1018.3,1023,76.2,,
763,2020-11-20 21:00,5.8,332.6,1.2,0,1018.8,1023.5,70.6,,
763,2020-11-20 22:00,5.5,0,.4,0,1018.8,1023.5,78.1,,
763,2020-11-20 23:00,5.3,354.4,.9,0,1020.3,1025,75.1,,
763,2020-11-21 00:00,5.3,9.2,.7,0,1020.5,1025.2,75.6,,
763,2020-11-21 01:00,5.1,19.3,1.4,0,1020.3,1025.1,71.9,,
763,2020-11-21 02:00,4.5,58.2,2.1,0,1019.9,1024.6,72.8,,
763,2020-11-21 03:00,3.7,60,1,0,1019.3,1024.1,77.7,,
763,2020-11-21 04:00,1.7,18.2,.7,0,1018.7,1023.5,92.2,,
763,2020-11-21 05:00,2.2,332.5,1.1,0,1018.7,1023.5,84.7,,
763,2020-11-21 06:00,.8,291.1,.5,0,1019.5,1024.3,89.6,,
763,2020-11-21 07:00,-.6,0,.1,0,1020,1024.8,96.2,,
763,2020-11-21 08:00,-.1,0,0,0,1020.7,1025.5,97.6,,
763,2020-11-21 09:00,2.5,0,.1,0,1020.9,1025.7,84.7,,
763,2020-11-21 10:00,5.4,37,.7,0,1020.7,1025.4,75.1,,
763,2020-11-21 11:00,7.9,40.7,1.4,0,1020.3,1025,66.8,,
763,2020-11-21 12:00,9.2,26.4,1.4,0,1019.6,1024.3,54.7,,
763,2020-11-21 13:00,10.6,348.9,1,0,1018.4,1023,53.6,,
763,2020-11-21 14:00,11.8,286.2,2.5,0,1018.3,1022.9,53.2,,
763,2020-11-21 15:00,13.2,17.1,1.7,0,1018,1022.6,51.8,,
763,2020-11-21 16:00,13.2,352.8,1,0,1018.3,1022.9,49.5,,
763,2020-11-21 17:00,11.1,0,.2,0,1018.9,1023.5,63.5,,
763,2020-11-21 18:00,9.2,282.7,.7,0,1019.4,1024.1,74.8,,
763,2020-11-21 19:00,9.1,115.8,1.2,0,1018.2,1022.9,76.1,,
763,2020-11-21 20:00,9.6,124.1,1.2,0,1019.5,1024.2,74,,
763,2020-11-21 21:00,9.1,10.1,1.1,0,1019.2,1023.9,77.2,,
763,2020-11-21 22:00,9.1,105.4,.7,0,1018.3,1023,79,,
763,2020-11-21 23:00,8.9,0,.2,0,1018.1,1022.8,82.2,,
763,2020-11-22 00:00,9.1,0,0,0,1018.1,1022.8,80,,
763,2020-11-22 01:00,9.1,0,.4,0,1017.9,1022.6,83.3,,
763,2020-11-22 02:00,8.9,284.6,.6,0,1017.3,1022,84.5,,
763,2020-11-22 03:00,8.5,318.9,1,0,1017.6,1022.3,90.3,,
763,2020-11-22 04:00,7.9,20.8,.5,1,1017.9,1022.6,97.8,,
763,2020-11-22 05:00,7.7,0,.1,.5,1017.5,1022.2,99.3,,
763,2020-11-22 06:00,7.9,139,.6,.5,1017.7,1022.4,99.5,,
763,2020-11-22 07:00,8.1,0,.2,1,1018.2,1022.9,99.9,,
763,2020-11-22 08:00,8.3,356.8,.5,.5,1018.4,1023.1,99.9,,
763,2020-11-22 09:00,8.4,0,0,0,1018.3,1023,99.9,,
763,2020-11-22 10:00,8.7,0,.4,0,1018.5,1023.2,99.8,,
763,2020-11-22 11:00,9.6,308.7,1.1,0,1018.3,1022.9,83.2,,
763,2020-11-22 12:00,9.9,293.3,1,0,1018.3,1022.9,79.6,,
763,2020-11-22 13:00,9.7,335.5,1.4,0,1018,1022.6,82.1,,
763,2020-11-22 14:00,8.9,350.6,1.6,0,1017.6,1022.3,83.6,,
763,2020-11-22 15:00,9.2,335.3,1.3,0,1017.9,1022.6,73.2,,
763,2020-11-22 16:00,9.1,291,1.1,0,1018.6,1023.3,73.4,,
763,2020-11-22 17:00,8.9,308.8,1.4,0,1019.5,1024.2,75.5,,
763,2020-11-22 18:00,8.3,332.9,1.6,0,1019.9,1024.6,78.8,,
763,2020-11-22 19:00,8,339.2,1.1,0,1020.6,1025.3,80.7,,
763,2020-11-22 20:00,7.4,326.9,2.7,0,1021.1,1025.8,72.5,,
763,2020-11-22 21:00,6.9,331.6,2.7,0,1021.9,1026.6,66.9,,
763,2020-11-22 22:00,5.5,311,1.7,0,1022.1,1026.9,69.9,,
763,2020-11-22 23:00,5,329.4,1.6,0,1022.4,1027.2,67.6,,
763,2020-11-23 00:00,4.6,333.8,1.5,0,1022.7,1027.5,69.4,,
763,2020-11-23 01:00,4.6,15.6,.7,0,1022.5,1027.3,71.4,,
763,2020-11-23 02:00,4.6,346.8,1.6,0,1022.6,1027.4,69.8,,
763,2020-11-23 03:00,4.6,341.1,.9,0,1023.1,1027.9,69.5,,
763,2020-11-23 04:00,3.9,354.7,.8,0,1023.4,1028.2,71.3,,
763,2020-11-23 05:00,3.7,342.8,1.5,0,1023.7,1028.5,69.5,,
763,2020-11-23 06:00,3.3,0,.1,0,1023.7,1028.5,81.2,,
763,2020-11-23 07:00,3.5,27.3,1.8,0,1024,1028.8,69.6,,
763,2020-11-23 08:00,3.5,347.2,.8,0,1024.7,1029.5,69.1,,
763,2020-11-23 09:00,3.9,21.7,1,0,1025.3,1030.1,65.8,,
763,2020-11-23 10:00,4.6,51.2,1.1,0,1025.6,1030.4,61.3,,
763,2020-11-23 11:00,5.3,254.6,1.8,0,1025.4,1030.2,59.2,,
763,2020-11-23 12:00,6.6,355,1.3,0,1025,1029.7,56.2,,
763,2020-11-23 13:00,7.3,5.9,1.9,0,1024.1,1028.8,51.7,,
763,2020-11-23 14:00,7.7,300.7,1.6,0,1023.5,1028.2,49.6,,
763,2020-11-23 15:00,7.8,315.3,1.6,0,1023.3,1028,48.6,,
763,2020-11-23 16:00,7.3,71.1,1.2,0,1023.1,1027.8,49.7,,
763,2020-11-23 17:00,6.4,342.4,1.3,0,1023.1,1027.8,51.4,,
763,2020-11-23 18:00,5.5,329.4,1.5,0,1023.8,1028.6,54.6,,
763,2020-11-23 19:00,4.4,331.1,1.4,0,1024.3,1029.1,56.8,,
763,2020-11-23 20:00,2.1,0,.1,0,1024.6,1029.4,72.3,,
763,2020-11-23 21:00,1,0,0,0,1024.9,1029.7,82.5,,
763,2020-11-23 22:00,-.1,0,0,0,1025.1,1030,85.6,,
763,2020-11-23 23:00,-.2,0,0,0,1025.4,1030.3,87.2,,
763,2020-11-24 00:00,.7,0,.1,0,1025.2,1030.1,85.9,,
763,2020-11-24 01:00,1.3,16.2,.8,0,1024.6,1029.4,81.1,,
763,2020-11-24 02:00,1.3,0,.2,0,1024.5,1029.3,80.7,,
763,2020-11-24 03:00,1.9,309.3,.7,0,1024.6,1029.4,80.3,,
763,2020-11-24 04:00,2.3,21.5,.6,0,1024.6,1029.4,74.1,,
763,2020-11-24 05:00,2.2,0,.3,0,1024.8,1029.6,75.2,,
763,2020-11-24 06:00,2.3,0,.2,0,1025.4,1030.2,74.3,,
763,2020-11-24 07:00,2.2,5.7,.7,0,1024.9,1029.7,75.7,,
763,2020-11-24 08:00,2.5,308.4,1.1,0,1025.7,1030.5,71.8,,
763,2020-11-24 09:00,3.2,17.8,.7,0,1025.7,1030.5,66.2,,
763,2020-11-24 10:00,4.4,355.2,1.2,0,1025.4,1030.2,58.9,,
763,2020-11-24 11:00,6,351.6,1.7,0,1025.5,1030.3,43.3,,
763,2020-11-24 12:00,7.4,7.9,1.7,0,1024.4,1029.1,41.4,,
763,2020-11-24 13:00,8.6,350.9,1.9,0,1023.9,1028.6,34.3,,
763,2020-11-24 14:00,9.2,7.3,1.3,0,1023.4,1028.1,32.2,,
763,2020-11-24 15:00,9.6,11.5,1.8,0,1022.9,1027.6,28.9,,
763,2020-11-24 16:00,9.6,353.4,1.4,0,1022.6,1027.3,28.1,,
763,2020-11-24 17:00,8.4,291.5,.7,0,1023.3,1028,34.2,,
763,2020-11-24 18:00,4.9,0,0,0,1023.3,1028.1,57.9,,
763,2020-11-24 19:00,2.9,0,.1,0,1023.6,1028.4,68.9,,
763,2020-11-24 20:00,2.6,0,0,0,1023.8,1028.6,65.5,,
763,2020-11-24 21:00,1.1,0,0,0,1024.9,1029.7,79.4,,
763,2020-11-24 22:00,1,0,0,0,1024.4,1029.2,76.5,,
763,2020-11-24 23:00,.4,0,0,0,1024.5,1029.4,83.8,,
763,2020-11-25 00:00,1.2,0,.1,0,1024.4,1029.2,79.1,,
763,2020-11-25 01:00,.5,0,.1,0,1024.3,1029.2,84.3,,
763,2020-11-25 02:00,-.1,0,.1,0,1024.1,1029,86,,
763,2020-11-25 03:00,-.1,0,0,0,1023.9,1028.8,86.8,,
763,2020-11-25 04:00,-.7,0,0,0,1024.1,1029,89.2,,
763,2020-11-25 05:00,-1.4,0,0,0,1024.2,1029.1,89.8,,
763,2020-11-25 06:00,-1.6,0,0,0,1024.3,1029.2,92.6,,
763,2020-11-25 07:00,-1.9,0,.1,0,1024.7,1029.6,91.1,,
763,2020-11-25 08:00,-1.1,0,.3,0,1025.3,1030.2,86.1,,
763,2020-11-25 09:00,2.2,0,.3,0,1025.2,1030,72.5,,
763,2020-11-25 10:00,4.5,33.9,1.3,0,1025.1,1029.9,62.6,,
763,2020-11-25 11:00,7.1,17.6,1.4,0,1024.5,1029.2,55.6,,
763,2020-11-25 12:00,9.9,10.8,1.7,0,1024.1,1028.8,48.2,,
763,2020-11-25 13:00,10.3,45.6,1.6,0,1023.7,1028.4,46.2,,
763,2020-11-25 14:00,10.9,4.8,1.7,0,1023.4,1028.1,46.5,,
763,2020-11-25 15:00,11.2,1.6,1.9,0,1023,1027.7,45.7,,
763,2020-11-25 16:00,11.2,18.9,1.2,0,1022.2,1026.8,47.5,,
763,2020-11-25 17:00,9.8,354,.9,0,1022,1026.7,53.2,,
763,2020-11-25 18:00,8.3,357.5,.5,0,1021.9,1026.6,59.6,,
763,2020-11-25 19:00,5.1,0,0,0,1022.2,1027,75.1,,
763,2020-11-25 20:00,3.5,0,0,0,1022.8,1027.6,84.3,,
763,2020-11-25 21:00,2.9,0,0,0,1022.6,1027.4,87.2,,
763,2020-11-25 22:00,2.5,0,0,0,1023.2,1028,89.3,,
763,2020-11-25 23:00,1.5,0,.1,0,1023.6,1028.4,93,,
763,2020-11-26 00:00,2.2,0,.2,0,1023.6,1028.4,88.5,,
763,2020-11-26 01:00,2.4,0,.2,0,1023,1027.8,89.5,,
763,2020-11-26 02:00,2.9,0,0,0,1022.9,1027.7,88,,
763,2020-11-26 03:00,2.7,0,.1,0,1022.9,1027.7,91.3,,
763,2020-11-26 04:00,2.7,0,.4,0,1023,1027.8,88.6,,
763,2020-11-26 05:00,3.2,0,.1,0,1022.9,1027.7,87.8,,
763,2020-11-26 06:00,3,294.5,.5,0,1023.1,1027.9,91.8,,
763,2020-11-26 07:00,3,295.8,1.2,0,1023.8,1028.6,91.7,,
763,2020-11-26 08:00,2.7,0,.1,0,1023.7,1028.5,91.5,,
763,2020-11-26 09:00,4.8,0,.3,0,1023.6,1028.4,85.3,,
763,2020-11-26 10:00,6.5,35.1,.8,0,1024,1028.7,78.3,,
763,2020-11-26 11:00,8.9,6.8,1.7,0,1023.9,1028.6,59.2,,
763,2020-11-26 12:00,10,339,1.7,0,1023.3,1028,43.5,,
763,2020-11-26 13:00,10.6,329,1.6,0,1021.8,1026.5,37.3,,
763,2020-11-26 14:00,11.2,344.6,1.5,0,1020.8,1025.4,37,,
763,2020-11-26 15:00,11.7,344.6,1.6,0,1020.9,1025.5,34.7,,
763,2020-11-26 16:00,11.4,296.2,1.4,0,1021.4,1026,37.9,,
763,2020-11-26 17:00,10,263.1,1.1,0,1021.3,1026,57.2,,
763,2020-11-26 18:00,6.5,0,0,0,1021.7,1026.4,74.8,,
763,2020-11-26 19:00,5.3,0,0,0,1022.6,1027.4,78.9,,
763,2020-11-26 20:00,5.1,0,.1,0,1023,1027.8,71,,
763,2020-11-26 21:00,4.6,0,0,0,1023.3,1028.1,81.2,,
763,2020-11-26 22:00,5.2,0,0,0,1023,1027.8,72.1,,
763,2020-11-26 23:00,5,0,0,0,1022.8,1027.6,73.2,,
763,2020-11-27 00:00,5.1,0,0,0,1022.9,1027.7,78,,
763,2020-11-27 01:00,4.9,0,0,0,1022.9,1027.7,74.6,,
763,2020-11-27 02:00,4.4,0,0,0,1023,1027.8,81.5,,
763,2020-11-27 03:00,4.1,0,.2,0,1022.8,1027.6,84.2,,
763,2020-11-27 04:00,4.2,0,.2,0,1022.5,1027.3,80.1,,
763,2020-11-27 05:00,4.7,0,.1,0,1022.6,1027.4,77.8,,
763,2020-11-27 06:00,4.7,0,0,0,1023,1027.8,79.7,,
763,2020-11-27 07:00,4.9,0,.1,0,1022.3,1027.1,77.2,,
763,2020-11-27 08:00,5,0,0,0,1022.4,1027.2,79.2,,
763,2020-11-27 09:00,5.8,283,.5,0,1022.8,1027.5,79.7,,
763,2020-11-27 10:00,7.2,0,.2,0,1023,1027.7,69.1,,
763,2020-11-27 11:00,8.7,277.2,.9,0,1022.7,1027.4,63.4,,
763,2020-11-27 12:00,8.6,286.4,2,0,1022.5,1027.2,63.2,,
763,2020-11-27 13:00,9.1,284.2,2.4,0,1021.4,1026.1,57.6,,
763,2020-11-27 14:00,9,284.9,3.8,0,1020.8,1025.5,57.4,,
763,2020-11-27 15:00,8.5,286,6.1,0,1021.1,1025.8,48.9,,
763,2020-11-27 16:00,7.7,283.4,4.7,0,1021.5,1026.2,53.3,,
763,2020-11-27 17:00,6.6,289.8,3.6,0,1022.3,1027,53.5,,
763,2020-11-27 18:00,5.7,326.2,1.5,0,1022.8,1027.6,56.7,,
763,2020-11-27 19:00,4.4,341.3,1.5,0,1023.3,1028.1,60.5,,
763,2020-11-27 20:00,3.6,337.1,.8,0,1023.6,1028.4,62.3,,
763,2020-11-27 21:00,2.6,0,.1,0,1024,1028.8,67.6,,
763,2020-11-27 22:00,2.1,334.6,.7,0,1024.2,1029,69.6,,
763,2020-11-27 23:00,.3,0,.1,0,1024.6,1029.5,79.5,,
763,2020-11-28 00:00,.7,0,.4,0,1024.8,1029.7,78.3,,
763,2020-11-28 01:00,-.9,0,0,0,1024.7,1029.6,86.2,,
763,2020-11-28 02:00,.5,0,.2,0,1024.9,1029.8,83.8,,
763,2020-11-28 03:00,1.8,0,.4,0,1024.9,1029.7,78.7,,
763,2020-11-28 04:00,1.9,0,0,0,1025.3,1030.1,83.7,,
763,2020-11-28 05:00,2.2,0,.2,0,1024.9,1029.7,79.2,,
763,2020-11-28 06:00,2.1,0,0,0,1025,1029.8,81.9,,
763,2020-11-28 07:00,2.1,329.2,1.2,0,1025.3,1030.1,70.1,,
763,2020-11-28 08:00,1.5,306.4,1.5,0,1025.8,1030.6,65.9,,
763,2020-11-28 09:00,2.3,354.1,2,0,1026.1,1030.9,64.8,,
763,2020-11-28 10:00,3.4,352.2,2,0,1026.9,1031.7,56.2,,
763,2020-11-28 11:00,4.5,344.3,2.8,0,1026.9,1031.7,47.4,,
763,2020-11-28 12:00,5.2,352.1,2.8,0,1026.4,1031.2,38.5,,
763,2020-11-28 13:00,5.8,340.7,2.3,0,1025.5,1030.3,37.2,,
763,2020-11-28 14:00,5.9,8.6,2.8,0,1024.7,1029.5,35.1,,
763,2020-11-28 15:00,5.8,317.1,3.1,0,1023.9,1028.7,33.7,,
763,2020-11-28 16:00,4.9,321.2,2.7,0,1024.1,1028.9,35.2,,
763,2020-11-28 17:00,3.5,299.1,2.4,0,1024.4,1029.2,43,,
763,2020-11-28 18:00,2.7,349,1.2,0,1024.5,1029.3,53.8,,
763,2020-11-28 19:00,2.6,12.3,.6,0,1024.7,1029.5,56.1,,
763,2020-11-28 20:00,2.7,0,.3,0,1025.2,1030,59.2,,
763,2020-11-28 21:00,2.7,124.2,.5,0,1024.9,1029.7,60.9,,
763,2020-11-28 22:00,2.7,0,.1,0,1025.1,1029.9,64.9,,
763,2020-11-28 23:00,2.5,0,.3,0,1025,1029.8,66.5,,
763,2020-11-29 00:00,2.5,18.5,.7,0,1024.3,1029.1,67.9,,
763,2020-11-29 01:00,2.3,344.9,.5,0,1023.9,1028.7,66.7,,
763,2020-11-29 02:00,2.1,318.2,.5,0,1023.9,1028.7,64.7,,
763,2020-11-29 03:00,1.4,318.3,.5,0,1024.9,1029.7,74.9,,
763,2020-11-29 04:00,1.2,0,.1,0,1024.8,1029.6,72.6,,
763,2020-11-29 05:00,.6,0,0,0,1024.7,1029.6,78.6,,
763,2020-11-29 06:00,1,0,.1,0,1024.9,1029.7,78.8,,
763,2020-11-29 07:00,1.1,0,.3,0,1025.1,1029.9,75,,
763,2020-11-29 08:00,1.6,0,.2,0,1025.3,1030.1,73.2,,
763,2020-11-29 09:00,2.3,0,.4,0,1025.6,1030.4,62.9,,
763,2020-11-29 10:00,2.8,0,.3,0,1026.1,1030.9,60.4,,
763,2020-11-29 11:00,3.3,0,.3,0,1026.1,1030.9,61.3,,
763,2020-11-29 12:00,4,315,.7,0,1025.8,1030.6,61,,
763,2020-11-29 13:00,4,0,.4,0,1025.5,1030.3,62.2,,
763,2020-11-29 14:00,4.1,333.5,.6,0,1025,1029.8,63.3,,
763,2020-11-29 15:00,4.6,288.3,1.7,0,1025.7,1030.5,66.5,,
763,2020-11-29 16:00,4.5,327.9,1.9,0,1026.1,1030.9,69.4,,
763,2020-11-29 17:00,3,0,0,0,1026.3,1031.1,76.9,,
763,2020-11-29 18:00,1.4,0,.1,0,1026.6,1031.4,84.1,,
763,2020-11-29 19:00,.7,0,.1,0,1027,1031.9,87.9,,
763,2020-11-29 20:00,.4,0,0,0,1027.4,1032.3,90.2,,
763,2020-11-29 21:00,-.4,0,0,0,1027.8,1032.7,94,,
763,2020-11-29 22:00,-.9,0,0,0,1028.2,1033.1,94.3,,
763,2020-11-29 23:00,-.1,0,.1,0,1028.9,1033.8,92.4,,
763,2020-11-30 00:00,1.1,0,.1,0,1028.7,1033.6,85.9,,
763,2020-11-30 01:00,.9,0,0,0,1028.8,1033.7,88.8,,
763,2020-11-30 02:00,1.4,0,.2,0,1028.7,1033.6,79.4,,
763,2020-11-30 03:00,-.2,0,0,0,1028.8,1033.7,85.2,,
763,2020-11-30 04:00,0,0,0,0,1028.8,1033.7,83.9,,
763,2020-11-30 05:00,.3,0,.2,0,1028.9,1033.8,82.9,,
763,2020-11-30 06:00,-1.6,268.9,.6,0,1029.6,1034.5,91.2,,
763,2020-11-30 07:00,-2.4,0,.3,0,1030.2,1035.1,93.1,,
763,2020-11-30 08:00,-2.3,0,0,0,1030.5,1035.4,94.5,,
763,2020-11-30 09:00,.1,0,.4,0,1031.5,1036.4,84.3,,
763,2020-11-30 10:00,1.3,0,.4,0,1031.4,1036.3,77.1,,
763,2020-11-30 11:00,4,36.5,2,0,1031.1,1035.9,59.4,,
763,2020-11-30 12:00,5.5,26.1,1.6,0,1031.1,1035.9,55,,
763,2020-11-30 13:00,5.5,56.4,1.5,0,1030.3,1035.1,54.6,,
763,2020-11-30 14:00,7.1,351.1,2.2,0,1029.7,1034.5,48.1,,
763,2020-11-30 15:00,7,349.6,1.9,0,1029.2,1034,47.4,,
763,2020-11-30 16:00,6.6,345.2,1.9,0,1029.6,1034.4,48.1,,
763,2020-11-30 17:00,5.2,337.2,1.7,0,1030.1,1034.9,49.8,,
763,2020-11-30 18:00,4,329.1,1.6,0,1031.1,1035.9,57.1,,
763,2020-11-30 19:00,1.7,0,.1,0,1031.8,1036.7,67.4,,
763,2020-11-30 20:00,-.8,0,.2,0,1032.4,1037.3,81.1,,
763,2020-11-30 21:00,-1.4,0,0,0,1032.3,1037.2,82.9,,
763,2020-11-30 22:00,-2,0,0,0,1032.3,1037.2,86.2,,
763,2020-11-30 23:00,-2.3,0,0,0,1032.4,1037.3,86.7,,
763,2020-12-01 00:00,-2.8,0,0,0,1032.4,1037.4,89.5,,
763,2020-12-01 01:00,-3.5,0,0,0,1032.7,1037.7,92.1,,
763,2020-12-01 02:00,-3.9,0,.1,0,1032.6,1037.6,93.1,,
763,2020-12-01 03:00,-4.1,0,.1,0,1032.8,1037.8,93.6,,
763,2020-12-01 04:00,-4.5,0,0,0,1033,1038,94.2,,
763,2020-12-01 05:00,-4.8,0,.1,0,1033.1,1038.1,94.4,,
763,2020-12-01 06:00,-4.5,0,0,0,1032.7,1037.7,96.5,,
763,2020-12-01 07:00,-5.2,0,0,0,1032.5,1037.5,95.6,,
763,2020-12-01 08:00,-4.3,0,0,0,1032.9,1037.9,96.5,,
763,2020-12-01 09:00,-1.8,339.8,.7,0,1033.3,1038.2,82.1,,
763,2020-12-01 10:00,.1,22.1,1.2,0,1033.4,1038.3,77.9,,
763,2020-12-01 11:00,3.1,6.5,2.3,0,1032.9,1037.7,56.6,,
763,2020-12-01 12:00,4.7,8.1,1.9,0,1032.1,1036.9,41.7,,
763,2020-12-01 13:00,6.1,348.8,2.6,0,1031.1,1035.9,37.4,,
763,2020-12-01 14:00,7,7.7,2.7,0,1029.7,1034.5,28.7,,
763,2020-12-01 15:00,7.6,16.6,2.2,0,1029.6,1034.3,24.3,,
763,2020-12-01 16:00,7.1,349.2,1.7,0,1029.1,1033.8,24,,
763,2020-12-01 17:00,5.6,9.3,.7,0,1029.2,1034,28,,
763,2020-12-01 18:00,2,0,0,0,1028.9,1033.7,51.9,,
763,2020-12-01 19:00,1,0,0,0,1029.1,1034,60.7,,
763,2020-12-01 20:00,1.6,15.4,.7,0,1029.3,1034.2,45.2,,
763,2020-12-01 21:00,-.3,0,.1,0,1028.9,1033.8,55.6,,
763,2020-12-01 22:00,.4,0,.2,0,1029.4,1034.3,55.2,,
763,2020-12-01 23:00,-.4,0,.2,0,1029.2,1034.1,66.1,,
763,2020-12-02 00:00,-1.7,0,0,0,1029.5,1034.4,69.6,,
763,2020-12-02 01:00,-1.7,0,.1,0,1028.7,1033.6,71.9,,
763,2020-12-02 02:00,-2.1,0,0,0,1028.4,1033.3,73.1,,
763,2020-12-02 03:00,-1.8,0,0,0,1028.6,1033.5,77.2,,
763,2020-12-02 04:00,-1.9,0,0,0,1028,1032.9,73.1,,
763,2020-12-02 05:00,-2,0,0,0,1027.7,1032.6,78.6,,
763,2020-12-02 06:00,-1.5,0,.1,0,1027.4,1032.3,78.1,,
763,2020-12-02 07:00,-1.4,0,.2,0,1027.5,1032.4,75.4,,
763,2020-12-02 08:00,-.7,0,.1,0,1027.2,1032.1,70.3,,
763,2020-12-02 09:00,1.4,276.5,.7,0,1027.5,1032.4,59.1,,
763,2020-12-02 10:00,3.9,7.4,1.4,0,1027.6,1032.4,48.4,,
763,2020-12-02 11:00,4.5,349.4,1.8,0,1027,1031.8,40.2,,
763,2020-12-02 12:00,7,358.8,2.6,0,1026.3,1031,33.1,,
763,2020-12-02 13:00,7.5,16.8,2,0,1025.4,1030.1,33.2,,
763,2020-12-02 14:00,8.1,10,2,0,1024.7,1029.4,32.2,,
763,2020-12-02 15:00,8.8,7.5,1.5,0,1024.5,1029.2,31.7,,
763,2020-12-02 16:00,8.6,336.2,1.2,0,1024.5,1029.2,30.7,,
763,2020-12-02 17:00,7,333,1.8,0,1024.6,1029.3,39.8,,
763,2020-12-02 18:00,6,312.6,.8,0,1025.2,1030,38.9,,
763,2020-12-02 19:00,3.1,0,0,0,1025.4,1030.2,60.4,,
763,2020-12-02 20:00,2,0,.4,0,1025.7,1030.5,59.7,,
763,2020-12-02 21:00,.5,0,.1,0,1026.3,1031.2,65.4,,
763,2020-12-02 22:00,-.8,0,0,0,1026.7,1031.6,70.6,,
763,2020-12-02 23:00,-.9,0,0,0,1026.6,1031.5,73.7,,
763,2020-12-03 00:00,-1.4,0,0,0,1026.8,1031.7,75.4,,
763,2020-12-03 01:00,-1.1,0,.2,0,1025.8,1030.7,74.3,,
763,2020-12-03 02:00,-1.9,0,0,0,1025.2,1030.1,79.4,,
763,2020-12-03 03:00,-1.5,0,0,0,1024.8,1029.7,77.3,,
763,2020-12-03 04:00,-2,354,.5,0,1024.8,1029.7,82,,
763,2020-12-03 05:00,-3.2,0,0,0,1025,1029.9,88.3,,
763,2020-12-03 06:00,-2.6,0,0,0,1025.6,1030.5,87.9,,
763,2020-12-03 07:00,-2.5,0,.1,0,1026.1,1031,88.2,,
763,2020-12-03 08:00,-.4,0,.2,0,1026.3,1031.2,76.3,,
763,2020-12-03 09:00,1.4,0,0,0,1026.5,1031.3,68,,
763,2020-12-03 10:00,3.6,27.9,1.1,0,1026.5,1031.3,43.1,,
763,2020-12-03 11:00,4.7,35.6,2.5,0,1026.4,1031.2,49.9,,
763,2020-12-03 12:00,6,12.2,2.7,0,1026.3,1031.1,48.2,,
763,2020-12-03 13:00,6,307.7,3.5,0,1025.7,1030.5,48.1,,
763,2020-12-03 14:00,6.3,316.7,2.8,0,1025.1,1029.8,51.6,,
763,2020-12-03 15:00,6.4,303.1,3.2,0,1024.8,1029.5,42.8,,
763,2020-12-03 16:00,5.6,294.4,3.5,0,1025,1029.8,42.7,,
763,2020-12-03 17:00,4.1,305.7,2.5,0,1025.6,1030.4,47.4,,
763,2020-12-03 18:00,2.4,301.6,2,0,1026.4,1031.2,56.8,,
763,2020-12-03 19:00,1.6,0,.3,0,1026.5,1031.3,62.1,,
763,2020-12-03 20:00,-.4,0,.3,0,1026.8,1031.7,70.7,,
763,2020-12-03 21:00,-1.1,0,.2,0,1027,1031.9,74.6,,
763,2020-12-03 22:00,-2,0,0,0,1027,1031.9,78.5,,
763,2020-12-03 23:00,-2.7,0,.1,0,1027.1,1032,84.3,,
763,2020-12-04 00:00,-2.9,0,0,0,1027,1031.9,81.7,,
763,2020-12-04 01:00,-3.7,0,.1,0,1026.8,1031.7,88.1,,
763,2020-12-04 02:00,-4.1,0,.3,0,1026.8,1031.8,87.9,,
763,2020-12-04 03:00,-4.6,0,.1,0,1027.6,1032.6,91.7,,
763,2020-12-04 04:00,-4.8,0,0,0,1027,1032,91.1,,
763,2020-12-04 05:00,-5.1,0,0,0,1026.8,1031.8,92.5,,
763,2020-12-04 06:00,-5,0,0,0,1027,1032,94,,
763,2020-12-04 07:00,-5.7,0,0,0,1027.2,1032.2,94.6,,
763,2020-12-04 08:00,-5.2,0,.3,0,1027.5,1032.5,94.5,,
763,2020-12-04 09:00,-2.2,0,.1,0,1027.7,1032.6,87.5,,
763,2020-12-04 10:00,1.3,343.6,.7,0,1028,1032.9,45,,
763,2020-12-04 11:00,2.4,17.6,1.1,0,1027.3,1032.1,44.1,,
763,2020-12-04 12:00,3.5,25.7,2.2,0,1026.2,1031,52,,
763,2020-12-04 13:00,4.4,15.5,2,0,1025.5,1030.3,48.8,,
763,2020-12-04 14:00,5,35.4,2.1,0,1025.3,1030.1,46.8,,
763,2020-12-04 15:00,5.6,76.5,1.2,0,1025.4,1030.2,46,,
763,2020-12-04 16:00,5.6,216.5,.5,0,1025.2,1030,47.8,,
763,2020-12-04 17:00,5,348.1,1.8,0,1025.5,1030.3,50.2,,
763,2020-12-04 18:00,3.4,326.9,1.1,0,1025.5,1030.3,55.3,,
763,2020-12-04 19:00,1.2,0,.2,0,1026.1,1030.9,66.2,,
763,2020-12-04 20:00,-1.6,0,0,0,1026.6,1031.5,80.8,,
763,2020-12-04 21:00,-1.8,0,.1,0,1026.8,1031.7,82.3,,
763,2020-12-04 22:00,-1.9,0,.1,0,1026.7,1031.6,79.6,,
763,2020-12-04 23:00,-1.8,0,.1,0,1026.6,1031.5,81.6,,
763,2020-12-05 00:00,-2.5,0,.1,0,1026.5,1031.4,86.6,,
763,2020-12-05 01:00,-2.9,0,.1,0,1026.3,1031.2,88.1,,
763,2020-12-05 02:00,-3.6,0,.3,0,1026.1,1031,90.5,,
763,2020-12-05 03:00,-2.8,0,0,0,1026.4,1031.3,91,,
763,2020-12-05 04:00,-1.5,139.2,.7,0,1026,1030.9,84.2,,
763,2020-12-05 05:00,-2.9,0,.3,0,1025.9,1030.8,90.8,,
763,2020-12-05 06:00,-1.5,0,.4,0,1026,1030.9,87.8,,
763,2020-12-05 07:00,-2.6,0,.1,0,1026.5,1031.4,91.9,,
763,2020-12-05 08:00,-1.8,96.4,.5,0,1027.3,1032.2,91.2,,
763,2020-12-05 09:00,-.9,286.3,.6,0,1028,1032.9,88.9,,
763,2020-12-05 10:00,.7,106.7,.8,0,1027.8,1032.7,81.2,,
763,2020-12-05 11:00,5.2,289.7,.7,0,1027.5,1032.3,71.6,,
763,2020-12-05 12:00,6.9,313.5,1.3,0,1026.9,1031.6,65.4,,
763,2020-12-05 13:00,7.3,316.4,1.5,0,1026.2,1030.9,58.3,,
763,2020-12-05 14:00,7.7,327,1.3,0,1025.2,1029.9,55.1,,
763,2020-12-05 15:00,7.8,101.1,.5,0,1024.8,1029.5,53.7,,
763,2020-12-05 16:00,8,274.7,1.2,0,1024.7,1029.4,49.5,,
763,2020-12-05 17:00,7.1,338.6,.9,0,1025.3,1030,58.9,,
763,2020-12-05 18:00,4.5,0,.1,0,1025.4,1030.2,69.9,,
763,2020-12-05 19:00,2,0,0,0,1025.7,1030.5,82.4,,
763,2020-12-05 20:00,.6,0,0,0,1026,1030.9,87.4,,
763,2020-12-05 21:00,.7,0,0,0,1026,1030.9,90.1,,
763,2020-12-05 22:00,-.2,0,.2,0,1026,1030.9,93.8,,
763,2020-12-05 23:00,-1,0,.1,0,1025.9,1030.8,93.9,,
763,2020-12-06 00:00,-.7,0,.2,0,1026,1030.9,96.2,,
763,2020-12-06 01:00,.4,0,.1,0,1025.7,1030.6,93.3,,
763,2020-12-06 02:00,.5,0,.1,0,1025.7,1030.6,92.7,,
763,2020-12-06 03:00,-1.1,0,0,0,1025.7,1030.6,97.7,,
763,2020-12-06 04:00,-1.9,0,0,0,1025.4,1030.3,98,,
763,2020-12-06 05:00,-2.2,0,0,0,1025,1029.9,98.1,,
763,2020-12-06 06:00,-2.4,0,0,0,1025.3,1030.2,97.8,,
763,2020-12-06 07:00,-2.5,0,0,0,1025.4,1030.3,98.3,,
763,2020-12-06 08:00,-2.2,0,0,0,1025.8,1030.7,98.2,,
763,2020-12-06 09:00,-.4,0,.1,0,1026,1030.9,98,,
763,2020-12-06 10:00,2.5,0,0,0,1025.8,1030.6,87.3,,
763,2020-12-06 11:00,5.1,50.2,.9,0,1025.3,1030.1,78.3,,
763,2020-12-06 12:00,7.9,0,.4,0,1024.5,1029.2,65.1,,
763,2020-12-06 13:00,8.1,349.7,1.5,0,1024.2,1028.9,57.4,,
763,2020-12-06 14:00,8.5,242.1,1.1,0,1024.2,1028.9,55.8,,
763,2020-12-06 15:00,8.5,120.7,.6,0,1023.7,1028.4,56.3,,
763,2020-12-06 16:00,8.6,245,1,0,1023.7,1028.4,53.8,,
763,2020-12-06 17:00,7.3,0,.2,0,1023.3,1028,60.1,,
763,2020-12-06 18:00,3.9,0,.1,0,1023.1,1027.9,76.2,,
763,2020-12-06 19:00,2.8,0,0,0,1023.8,1028.6,79.9,,
763,2020-12-06 20:00,1.6,0,.2,0,1024.2,1029,85.3,,
763,2020-12-06 21:00,.5,0,.2,0,1024.6,1029.5,90.9,,
763,2020-12-06 22:00,.4,0,0,0,1024.8,1029.7,88.1,,
763,2020-12-06 23:00,-.1,0,.3,0,1025.1,1030,92,,
763,2020-12-07 00:00,-.5,0,0,0,1025,1029.9,94.5,,
763,2020-12-07 01:00,-1.3,0,0,0,1025.2,1030.1,96,,
763,2020-12-07 02:00,-1.5,0,.1,0,1024.7,1029.6,96.1,,
763,2020-12-07 03:00,-1.1,0,.1,0,1024.5,1029.4,97.5,,
763,2020-12-07 04:00,-.1,0,0,0,1024.5,1029.4,95.5,,
763,2020-12-07 05:00,.5,0,0,0,1023.9,1028.8,95.1,,
763,2020-12-07 06:00,.5,0,.1,0,1024,1028.9,94.8,,
763,2020-12-07 07:00,.2,0,.2,0,1024.1,1029,96.3,,
763,2020-12-07 08:00,.4,14.5,.5,0,1024.6,1029.5,95.6,,
763,2020-12-07 09:00,2.2,0,0,0,1024.6,1029.4,91.2,,
763,2020-12-07 10:00,4.2,22.6,.9,0,1024.6,1029.4,79.1,,
763,2020-12-07 11:00,5.5,0,.4,0,1023.9,1028.7,72.6,,
763,2020-12-07 12:00,7.2,307.8,1,0,1023.4,1028.1,66,,
763,2020-12-07 13:00,8.1,294.1,1.8,0,1022.9,1027.6,57.3,,
763,2020-12-07 14:00,7.8,302.7,1.1,0,1022.6,1027.3,61.5,,
763,2020-12-07 15:00,7.7,344.5,2,0,1022.9,1027.6,66.4,,
763,2020-12-07 16:00,7.4,32.5,.8,0,1023.3,1028,61.1,,
763,2020-12-07 17:00,6.7,0,.4,0,1023.4,1028.1,62.1,,
763,2020-12-07 18:00,5.4,338.1,1.1,0,1024,1028.8,70.7,,
763,2020-12-07 19:00,4.7,351.1,2.5,0,1024.6,1029.4,69.1,,
763,2020-12-07 20:00,3.4,347.8,1,0,1025.2,1030,72.2,,
763,2020-12-07 21:00,.7,0,0,0,1025.6,1030.5,83.6,,
763,2020-12-07 22:00,-.5,0,0,0,1025.6,1030.5,88,,
763,2020-12-07 23:00,-.2,0,0,0,1025.5,1030.4,88.2,,
763,2020-12-08 00:00,.1,0,0,0,1025.2,1030.1,88.4,,
763,2020-12-08 01:00,-1.5,0,.1,0,1024.8,1029.7,93.3,,
763,2020-12-08 02:00,-2.4,0,0,0,1024.9,1029.8,87.9,,
763,2020-12-08 03:00,-1.3,0,.3,0,1025.6,1030.5,88,,
763,2020-12-08 04:00,-1.3,0,0,0,1025.4,1030.3,89,,
763,2020-12-08 05:00,-1.9,0,.2,0,1025.3,1030.2,90.8,,
763,2020-12-08 06:00,-1.8,50.8,1,0,1025.6,1030.5,91.8,,
763,2020-12-08 07:00,-2.1,0,.1,0,1026.1,1031,92.3,,
763,2020-12-08 08:00,-2.3,0,.4,0,1026,1030.9,89.5,,
763,2020-12-08 09:00,-.9,275.6,.6,0,1026,1030.9,79.1,,
763,2020-12-08 10:00,1.3,22,1,0,1026.6,1031.4,68.5,,
763,2020-12-08 11:00,3.1,2.5,1.7,0,1025.9,1030.7,55.8,,
763,2020-12-08 12:00,4.1,354.8,2,0,1024.9,1029.7,52.9,,
763,2020-12-08 13:00,3.5,8.7,2,0,1024.2,1029,52.1,,
763,2020-12-08 14:00,4.1,282.3,1.9,0,1024,1028.8,51.6,,
763,2020-12-08 15:00,4.4,307.5,1.1,0,1023.8,1028.6,50,,
763,2020-12-08 16:00,4.3,277.8,1.8,0,1023.8,1028.6,52.6,,
763,2020-12-08 17:00,2.1,0,.2,0,1024.1,1028.9,63.8,,
763,2020-12-08 18:00,0,0,0,0,1024.6,1029.5,72.9,,
763,2020-12-08 19:00,-1.5,96,.5,0,1025.4,1030.3,79.6,,
763,2020-12-08 20:00,-1.8,0,.3,0,1025,1029.9,80.9,,
763,2020-12-08 21:00,-3.1,0,0,0,1025,1029.9,86.4,,
763,2020-12-08 22:00,-3.5,0,0,0,1025.3,1030.2,88.3,,
763,2020-12-08 23:00,-4,0,0,0,1025.2,1030.1,85.7,,
763,2020-12-09 00:00,-4.7,0,0,0,1024.9,1029.9,87.5,,
763,2020-12-09 01:00,-5.4,0,0,0,1025.3,1030.3,86.3,,
763,2020-12-09 02:00,-5.3,0,0,0,1025.8,1030.8,84.9,,
763,2020-12-09 03:00,-5.6,0,0,0,1025.3,1030.3,83.6,,
763,2020-12-09 04:00,-5.8,,,0,1024.5,1029.5,87.2,,
763,2020-12-09 05:00,-6.4,,,0,1024.8,1029.8,91.1,,
763,2020-12-09 06:00,-6.9,,,0,1024.9,1029.9,93.5,,
763,2020-12-09 07:00,-6.3,,,0,1024.7,1029.7,94.1,,
763,2020-12-09 08:00,-6.5,,,0,1024.7,1029.7,93.2,,
763,2020-12-09 09:00,-3.5,0,0,0,1024.9,1029.8,80.5,,
763,2020-12-09 10:00,-1.6,22,1,0,1025.2,1030.1,70.6,,
763,2020-12-09 11:00,1,56.2,1.1,0,1025.3,1030.1,67.1,,
763,2020-12-09 12:00,4.4,24,2.4,0,1023.5,1028.3,41,,
763,2020-12-09 13:00,6.3,16.6,2.9,0,1021.6,1026.3,26.8,,
763,2020-12-09 14:00,7.4,5.3,2.7,0,1021.5,1026.2,19,,
763,2020-12-09 15:00,7.7,1.1,2.3,0,1021.9,1026.6,22.6,,
763,2020-12-09 16:00,7,352,1.6,0,1021.1,1025.8,27.9,,
763,2020-12-09 17:00,6.3,355.1,.9,0,1020.8,1025.5,34.7,,
763,2020-12-09 18:00,3.4,0,.4,0,1020,1024.8,46.6,,
763,2020-12-09 19:00,2.7,0,0,0,1020.9,1025.7,53.7,,
763,2020-12-09 20:00,3.1,0,0,0,1020.7,1025.5,53.4,,
763,2020-12-09 21:00,2.2,0,.4,0,1021,1025.8,61,,
763,2020-12-09 22:00,3.1,108.6,.9,0,1020.4,1025.2,57.3,,
763,2020-12-09 23:00,2.9,0,.1,0,1021,1025.8,58.4,,
763,2020-12-10 00:00,2.5,286.5,.5,0,1020.9,1025.7,65.2,,
763,2020-12-10 01:00,2.4,0,.1,0,1019.9,1024.7,63.7,,
763,2020-12-10 02:00,2.7,0,0,0,1019.4,1024.2,63.3,,
763,2020-12-10 03:00,2.2,0,.4,0,1019.7,1024.5,67.1,,
763,2020-12-10 04:00,2.2,0,0,0,1019.8,1024.6,73.8,,
763,2020-12-10 05:00,2.2,0,.1,0,1019.7,1024.5,74.8,,
763,2020-12-10 06:00,2.4,0,0,0,1019.5,1024.3,67.9,,
763,2020-12-10 07:00,2.5,0,.3,0,1019.5,1024.3,70.8,,
763,2020-12-10 08:00,2.5,0,.3,0,1020.2,1025,74.5,,
763,2020-12-10 09:00,3.3,0,.3,0,1020.4,1025.2,70.1,,
763,2020-12-10 10:00,5.1,13.6,.7,0,1020.7,1025.5,55.2,,
763,2020-12-10 11:00,6.3,88.8,.7,0,1020.2,1024.9,45.7,,
763,2020-12-10 12:00,7.9,29.6,.9,0,1019.2,1023.9,48.6,,
763,2020-12-10 13:00,9.4,137.1,.7,0,1018.3,1023,57.2,,
763,2020-12-10 14:00,10.2,327.1,1.7,0,1017.7,1022.3,53.6,,
763,2020-12-10 15:00,10.3,325.7,1.3,0,1017.7,1022.3,53.7,,
763,2020-12-10 16:00,10,275,.6,0,1017.8,1022.5,55.5,,
763,2020-12-10 17:00,9.3,257.6,1.2,0,1017.8,1022.4,59.4,,
763,2020-12-10 18:00,7.9,118.1,.8,0,1017.9,1022.6,65.5,,
763,2020-12-10 19:00,7.6,141,.5,0,1018.2,1022.9,69.5,,
763,2020-12-10 20:00,5,0,.1,0,1018.4,1023.1,79.4,,
763,2020-12-10 21:00,4.5,0,.3,0,1018.7,1023.4,83.4,,
763,2020-12-10 22:00,2.6,0,0,0,1018.6,1023.4,90.8,,
763,2020-12-10 23:00,2.6,0,0,0,1018.7,1023.5,90,,
763,2020-12-11 00:00,2.2,0,0,0,1018.4,1023.2,92.7,,
763,2020-12-11 01:00,2.9,0,0,0,1017.9,1022.7,92.5,,
763,2020-12-11 02:00,3,0,.3,0,1017.9,1022.7,94.7,,
763,2020-12-11 03:00,3,0,.2,0,1018.2,1023,94.6,,
763,2020-12-11 04:00,3,27,1.6,0,1018.2,1023,94.7,,
763,2020-12-11 05:00,3,6.6,.6,0,1017.6,1022.4,95.9,,
763,2020-12-11 06:00,2.3,0,.4,0,1017,1021.8,96.1,,
763,2020-12-11 07:00,3,0,0,0,1016.7,1021.5,95.2,,
763,2020-12-11 08:00,2.9,101.7,.5,0,1016.6,1021.4,95.6,,
763,2020-12-11 09:00,4.1,0,0,0,1017.1,1021.8,93,,
763,2020-12-11 10:00,5.8,0,.3,0,1017.6,1022.3,83.6,,
763,2020-12-11 11:00,6.8,0,.3,0,1017,1021.7,81.2,,
763,2020-12-11 12:00,8.3,31.1,1.2,0,1016.6,1021.3,74,,
763,2020-12-11 13:00,10,30.5,.9,0,1015.5,1020.1,60.3,,
763,2020-12-11 14:00,10.1,273.3,1.4,0,1014.9,1019.5,55.3,,
763,2020-12-11 15:00,10.3,282.6,1.2,0,1014.6,1019.2,56.2,,
763,2020-12-11 16:00,9.8,0,.1,0,1014.6,1019.2,59,,
763,2020-12-11 17:00,9.1,0,.2,0,1014.7,1019.3,62.7,,
763,2020-12-11 18:00,8.3,250.4,1.2,0,1015,1019.7,66.3,,
763,2020-12-11 19:00,6,250.4,.5,0,1014.9,1019.6,76.4,,
763,2020-12-11 20:00,5.3,0,.1,0,1014.9,1019.6,81.1,,
763,2020-12-11 21:00,4.4,0,.1,0,1015,1019.7,84.5,,
763,2020-12-11 22:00,3.5,0,.3,0,1015.4,1020.1,88.2,,
763,2020-12-11 23:00,4.4,0,.2,0,1015.3,1020,81.5,,
763,2020-12-12 00:00,4.3,0,.2,0,1015.1,1019.8,83.4,,
763,2020-12-12 01:00,3.6,0,.2,0,1014.9,1019.6,88.3,,
763,2020-12-12 02:00,3.9,312.9,.9,0,1015.5,1020.2,87,,
763,2020-12-12 03:00,3.8,0,.2,0,1015.9,1020.6,90.6,,
763,2020-12-12 04:00,2.7,0,0,0,1015.8,1020.6,94.1,,
763,2020-12-12 05:00,4.2,327.4,.9,0,1015.8,1020.5,72.8,,
763,2020-12-12 06:00,2.6,0,.2,0,1015.9,1020.7,74.2,,
763,2020-12-12 07:00,.2,0,0,0,1015.9,1020.7,85.2,,
763,2020-12-12 08:00,-1,0,0,0,1016,1020.8,87.5,,
763,2020-12-12 09:00,1.9,0,0,0,1016.3,1021.1,74.9,,
763,2020-12-12 10:00,5.3,27.3,.8,0,1016.9,1021.6,55.5,,
763,2020-12-12 11:00,6.2,4.1,1.4,0,1016.8,1021.5,53.1,,
763,2020-12-12 12:00,7.4,2.9,2.5,0,1016.5,1021.2,41.6,,
763,2020-12-12 13:00,7.8,357.7,1.9,0,1015.7,1020.4,38.9,,
763,2020-12-12 14:00,9.2,359.5,2.4,0,1014.9,1019.5,29.9,,
763,2020-12-12 15:00,8.6,354.5,2.3,0,1014.9,1019.6,29.2,,
763,2020-12-12 16:00,7.9,5.7,2.2,0,1015,1019.7,32.2,,
763,2020-12-12 17:00,6.1,7.2,1.3,0,1014.8,1019.5,37.9,,
763,2020-12-12 18:00,3.2,0,.3,0,1014.8,1019.6,49.3,,
763,2020-12-12 19:00,.5,0,.1,0,1015.1,1019.9,62.2,,
763,2020-12-12 20:00,-.6,0,0,0,1015.3,1020.1,66,,
763,2020-12-12 21:00,-1.3,0,0,0,1015.6,1020.4,67.4,,
763,2020-12-12 22:00,-1.7,0,0,0,1015.5,1020.3,69.9,,
763,2020-12-12 23:00,-1.7,0,0,0,1015.1,1019.9,66.3,,
763,2020-12-13 00:00,-2.2,0,0,0,1015.2,1020.1,68.8,,
763,2020-12-13 01:00,-2.5,0,0,0,1015.8,1020.7,73.1,,
763,2020-12-13 02:00,-2.4,0,0,0,1016.2,1021.1,75.7,,
763,2020-12-13 03:00,-1.5,0,.1,0,1015.8,1020.6,68.1,,
763,2020-12-13 04:00,-1,0,.3,0,1015.2,1020,73.1,,
763,2020-12-13 05:00,-1.5,28.9,1,0,1014,1018.8,77.1,,
763,2020-12-13 06:00,-1,29.3,1.7,0,1013.9,1018.7,72.9,,
763,2020-12-13 07:00,3.3,176.8,1.3,0,1013.2,1017.9,53,,
763,2020-12-13 08:00,5,160.5,2.5,0,1012.5,1017.2,44,,
763,2020-12-13 09:00,5.7,160.8,2.3,0,1012.5,1017.2,43.8,,
763,2020-12-13 10:00,1.5,70.6,1,0,1013.5,1018.3,70.9,,
763,2020-12-13 11:00,5.5,183.3,1.8,0,1012,1016.7,79.8,,
763,2020-12-13 12:00,6.5,216.6,1.6,.5,1011.6,1016.3,77.5,,
763,2020-12-13 13:00,7.9,175.9,2.7,0,1010,1014.6,75.8,,
763,2020-12-13 14:00,7.2,245.8,1.1,1,1010.4,1015.1,92.4,,
763,2020-12-13 15:00,7.4,296.7,3.2,0,1011.5,1016.2,76,,
763,2020-12-13 16:00,4.7,328.4,3.4,0,1014.1,1018.8,74.8,,
763,2020-12-13 17:00,3.4,330.4,3.4,0,1015.5,1020.3,62.9,,
763,2020-12-13 18:00,2.2,322.1,2,0,1016.9,1021.7,65,,
763,2020-12-13 19:00,1.6,311.2,2.1,0,1018,1022.8,60.5,,
763,2020-12-13 20:00,.9,327.4,2.3,0,1018.9,1023.7,62,,
763,2020-12-13 21:00,-.4,339.9,2.3,0,1019.1,1023.9,55.1,,
763,2020-12-13 22:00,-1.5,305.4,1.4,0,1019.1,1024,65.2,,
763,2020-12-13 23:00,-1.6,339.3,1.8,0,1020.6,1025.5,58.4,,
763,2020-12-14 00:00,-1.7,348.9,2.1,0,1020.8,1025.7,56.2,,
763,2020-12-14 01:00,-1.9,340.6,3,0,1021.5,1026.4,56.6,,
763,2020-12-14 02:00,-2.1,332.3,3.1,0,1021.9,1026.8,53.8,,
763,2020-12-14 03:00,-2.4,325.1,2.8,0,1022.5,1027.4,50.1,,
763,2020-12-14 04:00,-2.7,331.6,2.8,0,1023,1027.9,54.4,,
763,2020-12-14 05:00,-2.9,339.1,2.4,0,1022.6,1027.5,54.7,,
763,2020-12-14 06:00,-3.6,342.9,2.4,0,1022.9,1027.8,59.7,,
763,2020-12-14 07:00,-4,321.6,3.1,0,1024.1,1029,51.8,,
763,2020-12-14 08:00,-4.5,333.8,2,0,1025,1030,58.6,,
763,2020-12-14 09:00,-4.6,21.7,1.8,0,1026.1,1031.1,77.3,,
763,2020-12-14 10:00,-3.8,2.4,2.5,0,1026.7,1031.6,65.9,,
763,2020-12-14 11:00,-2.8,18.6,2.8,0,1026.3,1031.2,48.4,,
763,2020-12-14 12:00,-1.5,353.3,2.7,0,1025.3,1030.2,43.6,,
763,2020-12-14 13:00,-1.3,3.8,3.4,0,1024.3,1029.2,41.2,,
763,2020-12-14 14:00,-1,353.7,3.3,0,1024.3,1029.2,38.4,,
763,2020-12-14 15:00,-1.6,358.9,3.1,0,1024,1028.9,38.7,,
763,2020-12-14 16:00,-1.9,351.2,3.3,0,1024.2,1029.1,36.8,,
763,2020-12-14 17:00,-3.2,348.5,2.1,0,1024.6,1029.5,40.8,,
763,2020-12-14 18:00,-4.4,346.4,1.4,0,1025.3,1030.3,50.5,,
763,2020-12-14 19:00,-5.2,328.3,.6,0,1025.8,1030.8,55.9,,
763,2020-12-14 20:00,-7.2,0,.2,0,1025.9,1030.9,72.9,,
763,2020-12-14 21:00,-7.6,0,0,0,1026.4,1031.4,76.9,,
763,2020-12-14 22:00,-7.5,0,0,0,1026.5,1031.5,74.6,,
763,2020-12-14 23:00,-7.8,0,.3,0,1026.5,1031.5,76.3,,
763,2020-12-15 00:00,-8.4,0,.3,0,1026.7,1031.7,82.7,,
763,2020-12-15 01:00,-7.8,0,0,0,1026.7,1031.7,82.5,,
763,2020-12-15 02:00,-8.1,0,.2,0,1026.6,1031.6,84.2,,
763,2020-12-15 03:00,-8,0,.2,0,1026.8,1031.8,81.7,,
763,2020-12-15 04:00,-7.7,25.1,1.5,0,1026.8,1031.8,73.5,,
763,2020-12-15 05:00,-7.8,24.7,1.8,0,1027.4,1032.4,62.3,,
763,2020-12-15 06:00,-7.9,28.8,2.3,0,1028,1033,54.9,,
763,2020-12-15 07:00,-8.2,35.9,2.2,0,1028.2,1033.2,48.6,,
763,2020-12-15 08:00,-8.3,61.9,1.2,0,1028.6,1033.6,47.5,,
763,2020-12-15 09:00,-7.3,39.2,2.3,0,1029,1034,42.4,,
763,2020-12-15 10:00,-5.8,23,2.3,0,1029.4,1034.4,45.3,,
763,2020-12-15 11:00,-4.5,25.7,2.8,0,1029.4,1034.4,46.3,,
763,2020-12-15 12:00,-3.3,15.1,2.3,0,1028.5,1033.4,43.7,,
763,2020-12-15 13:00,-2.6,351.9,2.3,0,1027.6,1032.5,44.9,,
763,2020-12-15 14:00,-1.9,356.5,2.6,0,1026.7,1031.6,42.8,,
763,2020-12-15 15:00,-1.3,4.3,2.2,0,1026.1,1031,42,,
763,2020-12-15 16:00,-1.5,352.6,1.2,0,1025.9,1030.8,42.7,,
763,2020-12-15 17:00,-2.4,6.5,.6,0,1025.9,1030.8,47.3,,
763,2020-12-15 18:00,-4.7,0,0,0,1026,1031,62.8,,
763,2020-12-15 19:00,-5.8,0,.4,0,1026.9,1031.9,66.8,,
763,2020-12-15 20:00,-5.9,0,.1,0,1027.3,1032.3,71.1,,
763,2020-12-15 21:00,-7.1,0,.1,0,1026.9,1031.9,78.8,,
763,2020-12-15 22:00,-6.9,0,.1,0,1026.4,1031.4,76.9,,
763,2020-12-15 23:00,-6.9,0,0,0,1026.3,1031.3,80.7,,
763,2020-12-16 00:00,-6.6,3.4,1,0,1026.2,1031.2,78.9,,
763,2020-12-16 01:00,-6.1,6.5,.5,0,1026.4,1031.4,76.5,,
763,2020-12-16 02:00,-7.5,0,.2,0,1026.5,1031.5,84.7,,
763,2020-12-16 03:00,-7.3,0,.3,0,1026.8,1031.8,79.2,,
763,2020-12-16 04:00,-8.9,0,0,0,1026.8,1031.8,86.2,,
763,2020-12-16 05:00,-9.3,0,.1,0,1026.7,1031.8,87.9,,
763,2020-12-16 06:00,-9.7,0,.2,0,1026.9,1032,88.6,,
763,2020-12-16 07:00,-10.1,0,0,0,1027.2,1032.3,88.9,,
763,2020-12-16 08:00,-8.9,0,.3,0,1027.8,1032.8,81.9,,
763,2020-12-16 09:00,-7.3,270.8,.7,0,1028.4,1033.4,65.8,,
763,2020-12-16 10:00,-5.2,47.2,1.9,0,1028.7,1033.7,56.9,,
763,2020-12-16 11:00,-3.9,.2,2.8,0,1028.8,1033.8,57.5,,
763,2020-12-16 12:00,-3.2,17.7,2.4,0,1028.7,1033.6,55.7,,
763,2020-12-16 13:00,-3,16.3,2.8,0,1028,1032.9,58,,
763,2020-12-16 14:00,-1.8,335.7,3.5,0,1027.5,1032.4,52.9,,
763,2020-12-16 15:00,-.9,338.2,2.5,0,1027.4,1032.3,53.3,,
763,2020-12-16 16:00,-1.6,4.9,1,0,1027.1,1032,53.6,,
763,2020-12-16 17:00,-1.7,331.2,1.8,0,1027.3,1032.2,50.8,,
763,2020-12-16 18:00,-2.7,335.5,1.9,0,1027.6,1032.5,54.9,,
763,2020-12-16 19:00,-3.9,352.5,.7,0,1027.7,1032.7,60.3,,
763,2020-12-16 20:00,-6.1,0,0,0,1027.6,1032.6,73.5,,
763,2020-12-16 21:00,-6.7,0,.3,0,1027.5,1032.5,80.4,,
763,2020-12-16 22:00,-7.5,0,0,0,1027.6,1032.6,84.8,,
763,2020-12-16 23:00,-8.2,0,0,0,1028,1033,85,,
763,2020-12-17 00:00,-8.6,0,0,0,1028.2,1033.2,85.8,,
763,2020-12-17 01:00,-8.9,0,0,0,1028.6,1033.7,86.9,,
763,2020-12-17 02:00,-9,0,0,0,1028.1,1033.2,88.8,,
763,2020-12-17 03:00,-8.7,0,.1,0,1028,1033,86.8,,
763,2020-12-17 04:00,-8.6,0,.1,0,1028.2,1033.2,88.1,,
763,2020-12-17 05:00,-9.1,0,0,0,1027.9,1033,87.2,,
763,2020-12-17 06:00,-9.1,0,.1,0,1027.5,1032.6,85.6,,
763,2020-12-17 07:00,-9.8,0,0,0,1027.8,1032.9,88.3,,
763,2020-12-17 08:00,-9.8,0,.4,0,1028.3,1033.4,89.4,,
763,2020-12-17 09:00,-7.3,0,.1,0,1028.2,1033.2,83.4,,
763,2020-12-17 10:00,-5,0,.3,0,1028.3,1033.3,74.8,,
763,2020-12-17 11:00,-1.2,19.6,1.9,0,1028.4,1033.3,62,,
763,2020-12-17 12:00,.6,.1,2.1,0,1028.1,1033,55.8,,
763,2020-12-17 13:00,.5,23.9,2.4,0,1027.5,1032.4,50.3,,
763,2020-12-17 14:00,1.7,34.1,1.8,0,1026.8,1031.6,43.7,,
763,2020-12-17 15:00,1.9,18.7,1.6,0,1026.6,1031.4,44.8,,
763,2020-12-17 16:00,1.6,349.3,.7,0,1026.2,1031,45.3,,
763,2020-12-17 17:00,.4,0,.2,0,1026.1,1031,50.5,,
763,2020-12-17 18:00,-2.8,0,.1,0,1026,1030.9,66,,
763,2020-12-17 19:00,-4.2,0,0,0,1025.8,1030.7,74.2,,
763,2020-12-17 20:00,-4.3,0,.2,0,1025.4,1030.3,72.5,,
763,2020-12-17 21:00,-4.7,0,0,0,1025.4,1030.4,76.5,,
763,2020-12-17 22:00,-5.3,0,.3,0,1026.1,1031.1,79.2,,
763,2020-12-17 23:00,-4.1,100.3,.7,0,1025.7,1030.6,73.2,,
763,2020-12-18 00:00,-3.6,0,.2,0,1025.7,1030.6,74,,
763,2020-12-18 01:00,-.6,145.1,1,0,1024.7,1029.6,58,,
763,2020-12-18 02:00,-2.4,284.5,1.5,0,1024.9,1029.8,71.7,,
763,2020-12-18 03:00,-1.8,0,0,0,1024.9,1029.8,71.1,,
763,2020-12-18 04:00,-2.1,15.9,.7,0,1024.5,1029.4,75.7,,
763,2020-12-18 05:00,-1.8,13.9,.6,0,1024.1,1029,77.1,,
763,2020-12-18 06:00,.1,0,.4,0,1024,1028.9,71.8,,
763,2020-12-18 07:00,1,212.4,.7,0,1023.9,1028.7,74.8,,
763,2020-12-18 08:00,1.3,177,.5,0,1023.9,1028.7,72.5,,
763,2020-12-18 09:00,2.3,191.9,.6,0,1024.4,1029.2,68.6,,
763,2020-12-18 10:00,3.6,185.6,1.1,0,1023.8,1028.6,64.6,,
763,2020-12-18 11:00,4.7,221,1.1,0,1023.4,1028.2,58.9,,
763,2020-12-18 12:00,2.1,303.8,.6,0,1023.7,1028.5,80.5,,
763,2020-12-18 13:00,3.7,231.1,.7,0,1023.6,1028.4,78.8,,
763,2020-12-18 14:00,3.2,23.3,1,0,1023.8,1028.6,80.8,,
763,2020-12-18 15:00,3.5,350.1,1.2,0,1024,1028.8,75,,
763,2020-12-18 16:00,3.4,338.5,1.9,0,1023.9,1028.7,59.3,,
763,2020-12-18 17:00,2.3,341.8,1.8,0,1024.5,1029.3,46.7,,
763,2020-12-18 18:00,1.3,337.9,2.4,0,1025.2,1030,41.2,,
763,2020-12-18 19:00,-2.2,332.8,.9,0,1025.8,1030.7,59.1,,
763,2020-12-18 20:00,-3.8,0,0,0,1026.1,1031,72.6,,
763,2020-12-18 21:00,-3.9,0,.4,0,1026.1,1031,74.8,,
763,2020-12-18 22:00,-5,292.3,1.4,0,1026.1,1031.1,81.5,,
763,2020-12-18 23:00,-2.8,291.7,1.4,0,1026.8,1031.7,71.1,,
763,2020-12-19 00:00,-2.7,70.9,1,0,1027.5,1032.4,67.6,,
763,2020-12-19 01:00,-5.3,0,.1,0,1028.1,1033.1,79.6,,
763,2020-12-19 02:00,-5.8,0,.3,0,1028.8,1033.8,82.4,,
763,2020-12-19 03:00,-5.1,25.7,1,0,1029.1,1034.1,73.3,,
763,2020-12-19 04:00,-6.6,0,.1,0,1029.4,1034.4,82.4,,
763,2020-12-19 05:00,-6.4,0,.3,0,1029.4,1034.4,67.4,,
763,2020-12-19 06:00,-8.2,0,0,0,1029.4,1034.4,78.5,,
763,2020-12-19 07:00,-9.3,0,0,0,1030.1,1035.2,83.7,,
763,2020-12-19 08:00,-9.5,0,0,0,1030.4,1035.5,83.4,,
763,2020-12-19 09:00,-6.6,0,.2,0,1030.9,1035.9,71.4,,
763,2020-12-19 10:00,-4,357,1.6,0,1031.3,1036.3,45,,
763,2020-12-19 11:00,-2.9,352.8,2,0,1031.4,1036.3,36.9,,
763,2020-12-19 12:00,-1.6,15.7,2.6,0,1030.8,1035.7,31.7,,
763,2020-12-19 13:00,-.6,343.5,2.2,0,1029.9,1034.8,26.8,,
763,2020-12-19 14:00,.7,355.4,3.6,0,1029.1,1034,19.1,,
763,2020-12-19 15:00,.8,349.3,2.6,0,1029,1033.9,22,,
763,2020-12-19 16:00,.3,359.2,3,0,1029.2,1034.1,23.7,,
763,2020-12-19 17:00,-.9,343.9,1.5,0,1029.3,1034.2,32.3,,
763,2020-12-19 18:00,-4.2,0,.2,0,1029.1,1034.1,54,,
763,2020-12-19 19:00,-4.4,0,.2,0,1028.8,1033.8,52.1,,
763,2020-12-19 20:00,-4.9,0,0,0,1029.3,1034.3,54,,
763,2020-12-19 21:00,-5,0,.1,0,1028.8,1033.8,62.8,,
763,2020-12-19 22:00,-3.8,0,0,0,1028.9,1033.9,56.5,,
763,2020-12-19 23:00,-3.5,0,.3,0,1028.8,1033.7,58.7,,
763,2020-12-20 00:00,-3.1,0,.4,0,1028.8,1033.7,61.3,,
763,2020-12-20 01:00,-3,310.6,.8,0,1029.2,1034.1,60.3,,
763,2020-12-20 02:00,-3.3,0,.4,0,1029.5,1034.4,65.9,,
763,2020-12-20 03:00,-4.9,0,.4,0,1029.9,1034.9,72.3,,
763,2020-12-20 04:00,-6.6,0,.2,0,1030,1035,80.4,,
763,2020-12-20 05:00,-6.3,0,.2,0,1029.8,1034.8,73.1,,
763,2020-12-20 06:00,-7.3,0,.1,0,1029.6,1034.6,78.3,,
763,2020-12-20 07:00,-7.8,0,.1,0,1029.4,1034.4,81.1,,
763,2020-12-20 08:00,-7.5,0,.2,0,1029.4,1034.4,82.4,,
763,2020-12-20 09:00,-4.9,0,.1,0,1029.7,1034.7,73,,
763,2020-12-20 10:00,-2.5,0,.3,0,1029.9,1034.8,64.5,,
763,2020-12-20 11:00,-.6,18.6,1.2,0,1030,1034.9,47.9,,
763,2020-12-20 12:00,.8,34.6,1.4,0,1029.1,1034,40.2,,
763,2020-12-20 13:00,1.6,325.3,1.3,0,1028.3,1033.1,33.9,,
763,2020-12-20 14:00,1.9,22.3,1.3,0,1027.9,1032.7,35,,
763,2020-12-20 15:00,2.8,355.9,1.6,0,1027.7,1032.5,35.4,,
763,2020-12-20 16:00,2,0,0,0,1027.6,1032.4,37,,
763,2020-12-20 17:00,1.1,284.1,1.1,0,1027.8,1032.7,42.6,,
763,2020-12-20 18:00,-2.8,0,.1,0,1028.1,1033,62.8,,
763,2020-12-20 19:00,-3.5,0,0,0,1028.5,1033.4,62.3,,
763,2020-12-20 20:00,-4.1,0,0,0,1028.6,1033.6,67.2,,
763,2020-12-20 21:00,-5.3,0,0,0,1028.6,1033.6,73.7,,
763,2020-12-20 22:00,-5.3,0,0,0,1028.5,1033.5,72.1,,
763,2020-12-20 23:00,-5.1,0,.2,0,1028.1,1033.1,74.5,,
763,2020-12-21 00:00,-6.3,0,0,0,1027.9,1032.9,80.2,,
763,2020-12-21 01:00,-6.5,0,.3,0,1027.9,1032.9,80.3,,
763,2020-12-21 02:00,-6.2,0,.1,0,1027.7,1032.7,82.8,,
763,2020-12-21 03:00,-4.4,0,0,0,1027.2,1032.2,74.1,,
763,2020-12-21 04:00,-3.7,0,.1,0,1026.8,1031.7,77.7,,
763,2020-12-21 05:00,-3.4,0,.3,0,1026.5,1031.4,76.5,,
763,2020-12-21 06:00,-3.6,341.1,.5,0,1026.1,1031,82.1,,
763,2020-12-21 07:00,-3.2,87.1,.5,0,1025.9,1030.8,77.5,,
763,2020-12-21 08:00,-3.3,0,0,0,1026.3,1031.2,84.2,,
763,2020-12-21 09:00,-2.4,0,.4,0,1026.1,1031,81.2,,
763,2020-12-21 10:00,-1.2,0,.2,0,1026.5,1031.4,75.2,,
763,2020-12-21 11:00,-.1,17,.8,0,1026.8,1031.7,71.6,,
763,2020-12-21 12:00,.7,3.3,.7,0,1026.2,1031.1,74.1,,
763,2020-12-21 13:00,1.9,12,1,0,1025.4,1030.2,71.9,,
763,2020-12-21 14:00,4.1,17.5,.6,0,1024.7,1029.5,65.8,,
763,2020-12-21 15:00,4.7,20.6,1.1,0,1024.3,1029.1,65.3,,
763,2020-12-21 16:00,4.4,14.6,1.3,0,1024.3,1029.1,66.5,,
763,2020-12-21 17:00,3.3,338.9,1.2,0,1024.4,1029.2,71.2,,
763,2020-12-21 18:00,1.6,0,0,0,1024.6,1029.4,78.3,,
763,2020-12-21 19:00,.2,0,0,0,1025,1029.9,83,,
763,2020-12-21 20:00,-.2,0,0,0,1024.9,1029.8,86.1,,
763,2020-12-21 21:00,-1.4,0,0,0,1024.7,1029.6,91.2,,
763,2020-12-21 22:00,-2.6,0,.1,0,1024.9,1029.8,93.4,,
763,2020-12-21 23:00,-1.3,0,0,0,1024.7,1029.6,93.9,,
763,2020-12-22 00:00,-1,0,.3,0,1024.5,1029.4,92.5,,
763,2020-12-22 01:00,-1.3,0,.2,0,1024.3,1029.2,95,,
763,2020-12-22 02:00,-.8,0,.2,0,1024.3,1029.2,93.8,,
763,2020-12-22 03:00,-1.4,0,0,0,1024.3,1029.2,93.5,,
763,2020-12-22 04:00,-3.7,0,0,0,1023.9,1028.8,96.5,,
763,2020-12-22 05:00,-4.3,0,0,0,1023.5,1028.4,97.3,,
763,2020-12-22 06:00,-4.5,0,.1,0,1023.2,1028.1,96.5,,
763,2020-12-22 07:00,-4.6,0,0,0,1023.3,1028.2,96.5,,
763,2020-12-22 08:00,-5.3,0,0,0,1023.5,1028.5,96.9,,
763,2020-12-22 09:00,-3.9,0,0,0,1023.5,1028.4,98.6,,
763,2020-12-22 10:00,-1.5,25.3,.5,0,1023.3,1028.2,98.7,,
763,2020-12-22 11:00,1.2,22.4,1.1,0,1023.2,1028,88.5,,
763,2020-12-22 12:00,3.7,23.3,1.2,0,1022.7,1027.5,79.1,,
763,2020-12-22 13:00,5.1,0,.4,0,1022.2,1027,73.3,,
763,2020-12-22 14:00,6.4,254.3,1.5,0,1021.7,1026.4,60.9,,
763,2020-12-22 15:00,6.2,239.8,1.4,0,1021.6,1026.3,62.9,,
763,2020-12-22 16:00,6.2,230,1,0,1021.7,1026.4,63,,
763,2020-12-22 17:00,5.6,235.1,1,0,1022.1,1026.9,60.8,,
763,2020-12-22 18:00,2.2,0,.1,0,1022.5,1027.3,74.4,,
763,2020-12-22 19:00,.6,0,.2,0,1022.8,1027.6,81.2,,
763,2020-12-22 20:00,-1.1,0,0,0,1022.8,1027.7,88.4,,
763,2020-12-22 21:00,-1.8,0,0,0,1022.8,1027.7,94.2,,
763,2020-12-22 22:00,-1.9,0,.1,0,1023,1027.9,94.4,,
763,2020-12-22 23:00,-.7,0,.3,0,1023.2,1028.1,90.2,,
763,2020-12-23 00:00,-.9,20.8,1,0,1023.1,1028,94.8,,
763,2020-12-23 01:00,-1.7,277.2,.5,0,1023.1,1028,96,,
763,2020-12-23 02:00,-2.2,0,0,0,1023,1027.9,95.8,,
763,2020-12-23 03:00,-3,0,.1,0,1022.4,1027.3,97.3,,
763,2020-12-23 04:00,-3.3,0,.2,0,1022.2,1027.1,97.8,,
763,2020-12-23 05:00,-2.4,0,.3,0,1021.9,1026.8,97.3,,
763,2020-12-23 06:00,-3.2,0,.3,0,1021.9,1026.8,96.5,,
763,2020-12-23 07:00,-2.8,0,.1,0,1022.8,1027.7,97.1,,
763,2020-12-23 08:00,-1.4,0,.1,0,1022.4,1027.3,95.9,,
763,2020-12-23 09:00,-.8,353.5,1,0,1022.1,1027,95.4,,
763,2020-12-23 10:00,.8,12.4,1.1,0,1021.9,1026.7,90.2,,
763,2020-12-23 11:00,2.9,29.2,.6,0,1021.8,1026.6,81.1,,
763,2020-12-23 12:00,8.1,177.8,.9,0,1019.8,1024.5,60.4,,
763,2020-12-23 13:00,8.7,189.5,1.6,0,1019,1023.7,58.3,,
763,2020-12-23 14:00,9.3,211,1.6,0,1018.2,1022.9,57,,
763,2020-12-23 15:00,9.5,188,1.3,0,1017.9,1022.5,57.3,,
763,2020-12-23 16:00,9.1,216.9,1.1,0,1018.3,1023,59.7,,
763,2020-12-23 17:00,8.3,210.6,.9,0,1018.1,1022.8,63.2,,
763,2020-12-23 18:00,7.7,165.8,1.1,0,1017.7,1022.4,65.5,,
763,2020-12-23 19:00,7.9,174,1.1,0,1017.4,1022.1,65.2,,
763,2020-12-23 20:00,7.6,167.2,1.1,0,1016.9,1021.6,66.6,,
763,2020-12-23 21:00,7.3,171.5,1.3,0,1016.4,1021.1,68.4,,
763,2020-12-23 22:00,7.7,175.8,1.5,0,1016.1,1020.8,69.6,,
763,2020-12-23 23:00,7.3,180.4,1.4,0,1016.1,1020.8,70.2,,
763,2020-12-24 00:00,6.6,184.8,1,0,1015.4,1020.1,71.5,0,0
763,2020-12-24 01:00,4.6,0,.3,0,1014.9,1019.6,78.8,,
763,2020-12-24 02:00,7.4,185.3,.5,0,1014.6,1019.3,73.3,,
763,2020-12-24 03:00,3.6,13.2,1.1,0,1014.8,1019.5,80.9,,
763,2020-12-24 04:00,3.1,0,.2,0,1014.2,1019,86.9,,
763,2020-12-24 05:00,3.1,135.3,.7,0,1013.5,1018.2,92.4,,
763,2020-12-24 06:00,6.7,216.5,1.2,0,1013.5,1018.2,78.5,,
763,2020-12-24 07:00,5.8,0,.3,0,1014.1,1018.8,83.1,,
763,2020-12-24 08:00,1.3,0,.4,0,1014.6,1019.4,94.4,,
763,2020-12-24 09:00,1.4,0,.2,0,1015.2,1020,97.4,,
763,2020-12-24 10:00,5.9,130.2,.5,0,1015.3,1020,79.3,,
763,2020-12-24 11:00,7.4,309.7,1.9,0,1015.3,1020,62.6,,
763,2020-12-24 12:00,8.1,299.9,2.5,0,1014.6,1019.3,55.4,,
763,2020-12-24 13:00,8.5,268.7,4.6,0,1014.1,1018.8,41.1,,
763,2020-12-24 14:00,8.4,275.2,5.2,0,1014.6,1019.3,37.5,,
763,2020-12-24 15:00,7.6,280.6,5.2,0,1015.2,1019.9,38.3,,
763,2020-12-24 16:00,6.3,281.6,4.6,0,1015.5,1020.2,46.4,,
763,2020-12-24 17:00,4.8,294,3.8,0,1015.5,1020.2,47.2,,
763,2020-12-24 18:00,3,284.9,1.8,0,1015.7,1020.5,54.2,,
763,2020-12-24 19:00,-.5,0,.3,0,1015.9,1020.7,68.9,,
763,2020-12-24 20:00,-1.5,0,0,0,1016.5,1021.3,74.9,,
763,2020-12-24 21:00,-2.3,0,.2,0,1017.2,1022.1,79.3,,
763,2020-12-24 22:00,-2.8,0,0,0,1017.3,1022.2,79.3,,
763,2020-12-24 23:00,-2.6,0,0,0,1017.5,1022.4,79.6,,
763,2020-12-25 00:00,-3.1,0,0,0,1017.6,1022.5,84,,
763,2020-12-25 01:00,-2.2,0,.3,0,1017.3,1022.2,80.8,,
763,2020-12-25 02:00,-2.9,0,.1,0,1017.4,1022.3,84.6,,
763,2020-12-25 03:00,-2.3,0,0,0,1017.7,1022.6,85.4,,
763,2020-12-25 04:00,-2.4,0,0,0,1017.8,1022.7,85.1,,
763,2020-12-25 05:00,-1.1,297,.6,0,1018.3,1023.2,80.4,,
763,2020-12-25 06:00,-3.3,0,.1,0,1018.8,1023.7,88.3,,
763,2020-12-25 07:00,-3.7,0,0,0,1019.8,1024.7,93.3,,
763,2020-12-25 08:00,-4.5,0,0,0,1020.4,1025.3,93.2,,
763,2020-12-25 09:00,-2.1,0,.1,0,1021,1025.9,90.6,,
763,2020-12-25 10:00,.8,19.9,1.2,0,1021.6,1026.4,75.1,,
763,2020-12-25 11:00,1.7,152.3,.8,0,1021.8,1026.6,58.8,,
763,2020-12-25 12:00,2.7,291.1,1.1,0,1021.6,1026.4,52.4,,
763,2020-12-25 13:00,3.9,285,1.8,0,1021.1,1025.9,51.5,,
763,2020-12-25 14:00,4.4,280.3,2.2,0,1020.3,1025.1,49.4,,
763,2020-12-25 15:00,4.5,301.7,2.2,0,1020.4,1025.2,46,,
763,2020-12-25 16:00,4.8,300.2,2.5,0,1020.5,1025.2,46.9,,
763,2020-12-25 17:00,3.6,297.5,1.8,0,1020.4,1025.2,51.8,,
763,2020-12-25 18:00,-.3,0,0,0,1020.6,1025.4,67.9,,
763,2020-12-25 19:00,-1.3,0,0,0,1020.8,1025.7,72.5,,
763,2020-12-25 20:00,-2,0,0,0,1021.1,1026,75.4,,
763,2020-12-25 21:00,-3,0,0,0,1021.5,1026.4,81.7,,
763,2020-12-25 22:00,-2.1,0,0,0,1022.1,1027,78.8,,
763,2020-12-25 23:00,-3,0,0,0,1022,1026.9,83.2,,
763,2020-12-26 00:00,-3.6,0,.1,0,1021.9,1026.8,88.1,,
763,2020-12-26 01:00,-4.3,0,.2,0,1022.1,1027,87.4,,
763,2020-12-26 02:00,-4.5,0,.2,0,1022.5,1027.4,88.9,,
763,2020-12-26 03:00,-4.5,0,.2,0,1022.6,1027.5,90.9,,
763,2020-12-26 04:00,-4.5,0,.1,0,1022.6,1027.5,91,,
763,2020-12-26 05:00,-5.2,0,.4,0,1022.4,1027.3,91.6,,
763,2020-12-26 06:00,-5.2,352.7,.5,0,1022.2,1027.1,93.4,,
763,2020-12-26 07:00,-4.7,298.9,.5,0,1022.6,1027.5,91.4,,
763,2020-12-26 08:00,-5,0,.4,0,1023,1028,92.2,,
763,2020-12-26 09:00,-2.3,0,.3,0,1023.3,1028.2,88.3,,
763,2020-12-26 10:00,1.4,291.9,1.2,0,1023.5,1028.3,74.8,,
763,2020-12-26 11:00,4.2,315.5,.8,0,1023.1,1027.9,65.2,,
763,2020-12-26 12:00,6.6,186.7,1.8,0,1022.4,1027.1,53.1,,
763,2020-12-26 13:00,6.6,185.9,1.1,0,1021.4,1026.1,55.2,,
763,2020-12-26 14:00,6.9,225.7,1.1,0,1020.6,1025.3,57,,
763,2020-12-26 15:00,7.3,220.1,.5,0,1020.3,1025,56.3,,
763,2020-12-26 16:00,7.1,242.3,1.9,0,1020.3,1025,60,,
763,2020-12-26 17:00,6.7,177.3,1,0,1020.6,1025.3,61,,
763,2020-12-26 18:00,4.2,0,.2,0,1020.5,1025.3,69.3,,
763,2020-12-26 19:00,1.1,0,0,0,1020.6,1025.4,82,,
763,2020-12-26 20:00,.7,106.5,.7,0,1020.2,1025,87.3,,
763,2020-12-26 21:00,.5,0,.2,0,1020,1024.8,88.1,,
763,2020-12-26 22:00,0,0,.4,0,1020.4,1025.2,90.9,,
763,2020-12-26 23:00,1.1,0,.2,0,1020.2,1025,83.4,,
763,2020-12-27 00:00,-.9,0,.2,0,1020.1,1025,91.8,,
763,2020-12-27 01:00,-1.7,0,.1,0,1020.1,1025,95.2,,
763,2020-12-27 02:00,-1.4,0,0,0,1020.1,1025,94.1,,
763,2020-12-27 03:00,-1.2,0,.1,0,1020.2,1025.1,96,,
763,2020-12-27 04:00,-2.5,0,0,0,1019.6,1024.5,96.6,,
763,2020-12-27 05:00,-2.4,0,.1,0,1019.3,1024.2,97.7,,
763,2020-12-27 06:00,-2.8,360,.5,0,1019.2,1024.1,98,,
763,2020-12-27 07:00,-3.1,0,0,0,1018.8,1023.7,97.4,,
763,2020-12-27 08:00,-3.1,0,0,0,1018.8,1023.7,97.7,,
763,2020-12-27 09:00,-1,0,.4,0,1018.9,1023.8,96.9,,
763,2020-12-27 10:00,1.4,0,.4,0,1018.7,1023.5,88.1,,
763,2020-12-27 11:00,2.9,18.3,.6,0,1018.3,1023.1,77.4,,
763,2020-12-27 12:00,4.4,0,0,0,1017.4,1022.1,73.2,,
763,2020-12-27 13:00,5.6,32.1,.9,0,1016.7,1021.4,70.5,,
763,2020-12-27 14:00,6.5,0,.4,0,1016.2,1020.9,67,,
763,2020-12-27 15:00,6.9,0,.1,0,1016.2,1020.9,66.8,,
763,2020-12-27 16:00,7.6,144.3,1.2,0,1015.9,1020.6,72.5,,
763,2020-12-27 17:00,7.2,126.7,1.1,0,1015.9,1020.6,78.6,,
763,2020-12-27 18:00,5.6,0,.2,0,1016.3,1021,83.9,,
763,2020-12-27 19:00,4.3,0,.2,0,1017.1,1021.8,90.5,,
763,2020-12-27 20:00,2.8,0,.2,0,1017.5,1022.3,94.9,,
763,2020-12-27 21:00,2.2,0,0,0,1017.6,1022.4,97.2,,
763,2020-12-27 22:00,1,0,0,0,1018,1022.8,98.7,,
763,2020-12-27 23:00,.8,0,0,0,1017.8,1022.6,99.7,,
763,2020-12-28 00:00,0,0,0,0,1017.9,1022.7,99.7,,
763,2020-12-28 01:00,-.6,0,.1,0,1018.3,1023.1,99.9,,
763,2020-12-28 02:00,-1.3,0,0,0,1018.4,1023.3,99.8,,
763,2020-12-28 03:00,-1.5,0,0,0,1019.2,1024.1,99.9,,
763,2020-12-28 04:00,-2.1,0,.2,0,1019.6,1024.5,99.9,,
763,2020-12-28 05:00,-2,0,.1,0,1019.5,1024.4,99.9,,
763,2020-12-28 06:00,-1.2,0,0,0,1019.6,1024.5,99.9,,
763,2020-12-28 07:00,-.5,0,.2,0,1019.9,1024.7,99.9,,
763,2020-12-28 08:00,-.9,0,.3,0,1020,1024.9,99.9,,
763,2020-12-28 09:00,.5,69.8,.9,0,1021,1025.8,99.9,,
763,2020-12-28 10:00,1.9,123.4,1,0,1020.9,1025.7,99.9,,
763,2020-12-28 11:00,4.9,282.2,1.2,0,1021.2,1025.9,93.3,,
763,2020-12-28 12:00,8.9,11.7,.8,0,1020.1,1024.8,72.7,,
763,2020-12-28 13:00,10.6,351,1.4,0,1019.6,1024.2,67.7,,
763,2020-12-28 14:00,11.5,39.8,1.2,0,1018.8,1023.4,63.2,,
763,2020-12-28 15:00,11.7,279.2,2.1,0,1018.3,1022.9,52.6,,
763,2020-12-28 16:00,11.9,309.8,1.4,0,1018.9,1023.5,45.2,,
763,2020-12-28 17:00,9.3,358.6,.5,0,1019.1,1023.8,50,,
763,2020-12-28 18:00,5.9,0,.1,0,1019.3,1024,67.2,,
763,2020-12-28 19:00,3.4,0,0,0,1019.4,1024.2,76.8,,
763,2020-12-28 20:00,3.2,0,.3,0,1018.8,1023.6,78.3,,
763,2020-12-28 21:00,1.9,0,0,0,1018.9,1023.7,86.7,,
763,2020-12-28 22:00,1.4,0,0,0,1018.9,1023.7,93.9,,
763,2020-12-28 23:00,.6,0,.2,0,1019.4,1024.2,96.8,,
763,2020-12-29 00:00,.9,0,.1,0,1019.6,1024.4,99.2,,
763,2020-12-29 01:00,2.1,0,.2,0,1019,1023.8,99.8,,
763,2020-12-29 02:00,1.5,275.4,1,0,1019,1023.8,99.9,,
763,2020-12-29 03:00,1.5,110.7,1,0,1020,1024.8,99.9,,
763,2020-12-29 04:00,1.8,119.5,1.2,0,1020.1,1024.9,99.9,,
763,2020-12-29 05:00,1.6,105.8,.6,0,1019.4,1024.2,99.9,,
763,2020-12-29 06:00,1.7,0,.1,0,1019.4,1024.2,99.9,,
763,2020-12-29 07:00,2.1,24.5,.9,0,1018.8,1023.6,99.9,,
763,2020-12-29 08:00,1.6,345.9,1,0,1019,1023.8,99.9,,
763,2020-12-29 09:00,1.9,345.2,.5,0,1017.6,1022.4,99.9,,
763,2020-12-29 10:00,2,340.8,.7,0,1017.9,1022.7,99.9,,
763,2020-12-29 11:00,2.3,10.7,1.1,0,1018.2,1023,99.9,,
763,2020-12-29 12:00,2.4,16.6,1,0,1016.8,1021.6,99.9,,
763,2020-12-29 13:00,5,9.8,1.1,0,1015.8,1020.5,99.9,,
763,2020-12-29 14:00,5.9,345.4,1.7,0,1014.9,1019.6,74.6,,
763,2020-12-29 15:00,4.7,346,3.5,0,1015.3,1020,63.4,,
763,2020-12-29 16:00,3.4,343.3,2.7,0,1016.2,1021,69.5,,
763,2020-12-29 17:00,1.1,341.8,2.7,0,1016.5,1021.3,94.5,,
763,2020-12-29 18:00,.4,335,1.7,0,1016.8,1021.6,97.9,,
763,2020-12-29 19:00,0,341.8,1.2,1,1018,1022.8,98.6,,
763,2020-12-29 20:00,-.1,319,1.2,.5,1017.5,1022.3,99.3,,
763,2020-12-29 21:00,-.7,312.5,.8,.5,1016.7,1021.5,98,,
763,2020-12-29 22:00,-.9,295.4,1.2,0,1016.7,1021.5,96,,
763,2020-12-29 23:00,-.9,275.2,1.4,0,1016.9,1021.7,89.1,,
763,2020-12-30 00:00,-2,323.5,1.1,0,1016.6,1021.5,87.3,,
763,2020-12-30 01:00,-2.5,309.9,1.2,0,1016.9,1021.8,85.4,,
763,2020-12-30 02:00,-3.5,303.2,2.2,0,1017.5,1022.4,78.7,,
763,2020-12-30 03:00,-4.3,323.3,2,0,1017.9,1022.8,81.8,,
763,2020-12-30 04:00,-5.1,347.6,1.6,0,1017.9,1022.8,87.8,,
763,2020-12-30 05:00,-5.5,322.6,2.3,0,1017.7,1022.6,78.8,,
763,2020-12-30 06:00,-6.4,335,1.9,0,1018,1022.9,71.1,,
763,2020-12-30 07:00,-6.9,338.4,2.4,0,1018.8,1023.8,74.3,,
763,2020-12-30 08:00,-7.6,333.8,1.8,0,1018.9,1023.9,74.6,,
763,2020-12-30 09:00,-7.4,356.6,1.4,0,1018.7,1023.7,74.9,,
763,2020-12-30 10:00,-6.2,329.1,2.4,0,1019.1,1024,62.9,,
763,2020-12-30 11:00,-6.1,344.8,2.7,0,1019.1,1024,64.4,,
763,2020-12-30 12:00,-5.7,2.3,3.5,0,1018.8,1023.7,60.4,,
763,2020-12-30 13:00,-5.5,307.7,4.5,0,1018.3,1023.2,55.9,,
763,2020-12-30 14:00,-5.3,350.7,3.5,0,1018,1022.9,60.3,,
763,2020-12-30 15:00,-5.2,346.8,3.6,0,1018.5,1023.4,56.5,,
763,2020-12-30 16:00,-5.8,2.3,3.6,0,1019.2,1024.1,63.2,,
763,2020-12-30 17:00,-6.6,336.5,2.8,0,1019.8,1024.8,62.9,,
763,2020-12-30 18:00,-7.5,331.1,2,0,1020.6,1025.6,64.3,,
763,2020-12-30 19:00,-7.8,333.6,2.2,0,1021.6,1026.6,61,,
763,2020-12-30 20:00,-8.6,348.1,1.2,0,1021.6,1026.6,66.5,,
763,2020-12-30 21:00,-8.3,345,1.6,0,1021.8,1026.8,67.2,,
763,2020-12-30 22:00,-8.7,93.2,1.1,0,1022,1027,71.7,,
763,2020-12-30 23:00,-8.2,334.4,2.2,0,1022.5,1027.5,73,,
763,2020-12-31 00:00,-9.6,48.9,.8,0,1023,1028,76.6,,
763,2020-12-31 01:00,-9.5,307.8,.8,0,1023.5,1028.5,77.5,,
763,2020-12-31 02:00,-9.9,74,.7,0,1023.8,1028.8,78.9,,
763,2020-12-31 03:00,-11.4,0,0,0,1024.2,1029.3,85.4,,
763,2020-12-31 04:00,-11.8,0,.1,0,1024,1029.1,87.7,,
763,2020-12-31 05:00,-11.5,0,.3,0,1023.7,1028.8,83.4,,
763,2020-12-31 06:00,-10.9,0,.4,0,1023.2,1028.3,79.8,,
763,2020-12-31 07:00,-11.9,0,.2,0,1023.5,1028.6,85.6,,
763,2020-12-31 08:00,-11.8,0,.2,0,1023.7,1028.8,83.7,,
763,2020-12-31 09:00,-10.1,0,.3,0,1023.9,1028.9,77.6,,
763,2020-12-31 10:00,-8.8,32.3,1.5,0,1024,1029,74,,
763,2020-12-31 11:00,-6.3,26,1.5,0,1024.2,1029.2,62.2,,
763,2020-12-31 12:00,-5.6,55,1.7,0,1023.1,1028.1,56.3,,
763,2020-12-31 13:00,-4.5,345.3,.6,0,1022.1,1027,58.3,,
763,2020-12-31 14:00,-3.2,206.3,.7,0,1021,1025.9,57.3,,
763,2020-12-31 15:00,-2.6,222.9,1,0,1020.9,1025.8,61,,
763,2020-12-31 16:00,-2.6,198.8,.8,0,1020.5,1025.4,64.6,,
763,2020-12-31 17:00,-3,207.3,.7,0,1020.1,1025,69.4,,
763,2020-12-31 18:00,-2.7,237.7,.6,0,1020.5,1025.4,74.9,,
763,2020-12-31 19:00,-4.1,10.3,1.5,0,1021.4,1026.3,92.6,,
763,2020-12-31 20:00,-4.5,348.7,1.1,0,1022.3,1027.2,95.2,,
763,2020-12-31 21:00,-6,20.3,.5,0,1023.1,1028.1,92.1,,
763,2020-12-31 22:00,-8.5,0,0,0,1023.6,1028.6,94.5,,
763,2020-12-31 23:00,-8.5,0,.1,0,1023.5,1028.5,94.4,,
