지점,일시,기온(°C),풍향(deg),풍속(m/s),강수량(mm),현지기압(hPa),해면기압(hPa),습도(%),일사(MJ/m^2),일조(hr)
763,2021-01-01 00:00,-9,0,0,0,1023.4,1028.4,94.1,,
763,2021-01-01 01:00,-8.3,0,.3,0,1023.8,1028.8,94.2,,
763,2021-01-01 02:00,-9.1,0,0,0,1023.7,1028.7,93.9,,
763,2021-01-01 03:00,-9.1,0,.4,0,1023.8,1028.8,93.8,,
763,2021-01-01 04:00,-9.1,0,.2,0,1023.9,1028.9,92.6,,
763,2021-01-01 05:00,-10.4,0,0,0,1023.5,1028.6,93.1,,
763,2021-01-01 06:00,-10.5,0,.1,0,1023.2,1028.3,93.3,,
763,2021-01-01 07:00,-10.4,0,.2,0,1023.5,1028.6,91.8,,
763,2021-01-01 08:00,-10.9,0,.1,0,1023.7,1028.8,91.5,,
763,2021-01-01 09:00,-8.6,303.7,.8,0,1023.3,1028.3,93.8,,
763,2021-01-01 10:00,-7.2,25.8,1.4,0,1023.6,1028.6,93.3,,
763,2021-01-01 11:00,-5.7,0,.3,0,1023.6,1028.6,92,,
763,2021-01-01 12:00,-4.6,5.4,.8,0,1022.6,1027.5,90,,
763,2021-01-01 13:00,-3.6,67,.6,0,1021.6,1026.5,90.1,,
763,2021-01-01 14:00,-.6,3.8,.6,0,1021.3,1026.2,86.9,,
763,2021-01-01 15:00,-.3,30,2,0,1021,1025.8,86.4,,
763,2021-01-01 16:00,-.5,20.2,1.7,0,1020.9,1025.8,86.4,,
763,2021-01-01 17:00,-1.5,0,.4,0,1020.8,1025.7,92.9,,
763,2021-01-01 18:00,-2.7,3.1,.7,0,1020.8,1025.7,96.2,,
763,2021-01-01 19:00,-3.3,0,.3,0,1021,1025.9,96.8,,
763,2021-01-01 20:00,-3.3,0,.3,0,1021.6,1026.5,98,,
763,2021-01-01 21:00,-5.3,0,0,0,1021.7,1026.6,97.3,,
763,2021-01-01 22:00,-5.4,0,0,0,1021.5,1026.4,97.7,,
763,2021-01-01 23:00,-3.7,0,.3,0,1021.6,1026.5,97.3,,
763,2021-01-02 00:00,-3.5,0,.4,0,1021.4,1026.3,96.4,,
763,2021-01-02 01:00,-3.8,0,.3,0,1021.6,1026.5,97.4,,
763,2021-01-02 02:00,-3.4,0,0,0,1022.1,1027,97.2,,
763,2021-01-02 03:00,-3.1,16.9,.5,0,1021.9,1026.8,96.9,,
763,2021-01-02 04:00,-3.6,0,.1,0,1022.1,1027,97.6,,
763,2021-01-02 05:00,-3.7,0,0,0,1022.3,1027.2,97.7,,
763,2021-01-02 06:00,-3.8,28.7,.8,0,1023.2,1028.1,97.5,,
763,2021-01-02 07:00,-3.9,0,0,0,1023.6,1028.5,97.7,,
763,2021-01-02 08:00,-3.9,0,.4,0,1024.3,1029.2,76,,
763,2021-01-02 09:00,-4.4,0,.1,0,1025.3,1030.3,73.3,,
763,2021-01-02 10:00,-3.4,69.1,.9,0,1025.9,1030.8,56.7,,
763,2021-01-02 11:00,-1.5,37.5,1.5,0,1026.3,1031.2,44.7,,
763,2021-01-02 12:00,-.6,352.2,2.2,0,1026.1,1031,41.8,,
763,2021-01-02 13:00,-.6,28.8,2.5,0,1025.7,1030.6,44.1,,
763,2021-01-02 14:00,.7,10.1,2.4,0,1025.6,1030.5,44.1,,
763,2021-01-02 15:00,.9,346.8,2.7,0,1025.3,1030.2,44.3,,
763,2021-01-02 16:00,.3,335.4,2.8,0,1025.7,1030.6,42.7,,
763,2021-01-02 17:00,-.4,324,1.3,0,1026.5,1031.4,46.5,,
763,2021-01-02 18:00,-1.6,331.8,1.2,0,1027.2,1032.1,46.5,,
763,2021-01-02 19:00,-4,0,.3,0,1027.6,1032.6,66.1,,
763,2021-01-02 20:00,-5.3,0,0,0,1028.2,1033.2,70.6,,
763,2021-01-02 21:00,-6.2,0,.3,0,1027.7,1032.7,78.3,,
763,2021-01-02 22:00,-6.3,109.3,.5,0,1027.5,1032.5,75.9,,
763,2021-01-02 23:00,-6.7,0,0,0,1027.7,1032.7,80.7,,
763,2021-01-03 00:00,-6.7,0,.1,0,1028.3,1033.3,81.1,,
763,2021-01-03 01:00,-7,0,0,0,1028.9,1033.9,83.1,,
763,2021-01-03 02:00,-7.5,0,.3,0,1029.7,1034.7,87.7,,
763,2021-01-03 03:00,-6.8,74.2,.6,0,1030.5,1035.5,84.7,,
763,2021-01-03 04:00,-6.5,0,.3,0,1030.3,1035.3,84.9,,
763,2021-01-03 05:00,-7.2,0,0,0,1030.5,1035.5,86,,
763,2021-01-03 06:00,-7.2,0,.2,0,1031.1,1036.1,82,,
763,2021-01-03 07:00,-8,0,0,0,1031.3,1036.3,85.9,,
763,2021-01-03 08:00,-8.3,26.5,.9,0,1031.1,1036.2,74.9,,
763,2021-01-03 09:00,-6.9,0,0,0,1031.3,1036.3,77.3,,
763,2021-01-03 10:00,-2.7,9.1,.6,0,1031.3,1036.2,56.4,,
763,2021-01-03 11:00,-1.3,30.1,.9,0,1031.3,1036.2,53,,
763,2021-01-03 12:00,-.7,352.7,1.2,0,1030.8,1035.7,51.3,,
763,2021-01-03 13:00,-.1,20.1,1.6,0,1029.8,1034.7,49.7,,
763,2021-01-03 14:00,0,17,1.9,0,1029.5,1034.4,49,,
763,2021-01-03 15:00,0,14.2,1.5,0,1029.6,1034.5,49.6,,
763,2021-01-03 16:00,-.3,23.3,1.5,0,1029.1,1034,51.7,,
763,2021-01-03 17:00,-.7,0,.3,0,1029.1,1034,56.9,,
763,2021-01-03 18:00,-1.5,0,0,0,1029.4,1034.3,60.7,,
763,2021-01-03 19:00,-2.1,0,.1,0,1029.5,1034.4,67.4,,
763,2021-01-03 20:00,-2.9,0,.1,0,1029.6,1034.5,75.6,,
763,2021-01-03 21:00,-3.7,0,.1,0,1029.7,1034.7,79.1,,
763,2021-01-03 22:00,-5.2,0,0,0,1029.9,1034.9,87.1,,
763,2021-01-03 23:00,-5.5,0,0,0,1029.8,1034.8,83.6,,
763,2021-01-04 00:00,-6.2,0,0,0,1029.9,1034.9,84.9,,
763,2021-01-04 01:00,-7.4,0,0,0,1030.2,1035.2,87.9,,
763,2021-01-04 02:00,-7.9,0,.1,0,1030.3,1035.3,88.4,,
763,2021-01-04 03:00,-8,0,0,0,1029.9,1034.9,89.5,,
763,2021-01-04 04:00,-8.5,0,0,0,1029.7,1034.7,91.6,,
763,2021-01-04 05:00,-8.9,0,.4,0,1029.4,1034.5,92,,
763,2021-01-04 06:00,-8.5,0,.2,0,1029.4,1034.4,92.7,,
763,2021-01-04 07:00,-8.2,0,.2,0,1029.1,1034.1,93.3,,
763,2021-01-04 08:00,-8.1,0,.2,0,1028.1,1033.1,91.6,,
763,2021-01-04 09:00,-6.8,0,.4,0,1028.7,1033.7,89.8,,
763,2021-01-04 10:00,-3.8,14,.8,0,1029.6,1034.6,77.7,,
763,2021-01-04 11:00,-1.7,69.2,.6,0,1029,1033.9,71.2,,
763,2021-01-04 12:00,1.2,269.7,.5,0,1027.6,1032.5,45.9,,
763,2021-01-04 13:00,2.3,8.9,1.5,0,1026.7,1031.5,47.7,,
763,2021-01-04 14:00,2.3,350.8,1.7,0,1026.1,1030.9,46.4,,
763,2021-01-04 15:00,2.4,347.6,.6,0,1026,1030.8,48.3,,
763,2021-01-04 16:00,2.7,27.2,1,0,1025,1029.8,46.5,,
763,2021-01-04 17:00,1.1,351.9,.8,0,1024.7,1029.5,56.8,,
763,2021-01-04 18:00,-1.6,0,0,0,1024.5,1029.4,70.5,,
763,2021-01-04 19:00,-1.7,0,0,0,1024.9,1029.8,73.4,,
763,2021-01-04 20:00,-1.3,115.5,.5,0,1024.7,1029.6,70.5,,
763,2021-01-04 21:00,-.9,0,.4,0,1024.9,1029.8,70.5,,
763,2021-01-04 22:00,-2.3,0,0,0,1024.8,1029.7,79.5,,
763,2021-01-04 23:00,-1.7,288.1,.5,0,1024.7,1029.6,76.3,,
763,2021-01-05 00:00,-.5,0,.1,0,1024.2,1029.1,76.3,,
763,2021-01-05 01:00,3,0,.4,0,1023.9,1028.7,74.4,,
763,2021-01-05 02:00,-.9,73.1,.8,0,1024,1028.9,90.8,,
763,2021-01-05 03:00,-.6,0,.1,0,1023.8,1028.7,96.4,,
763,2021-01-05 04:00,-.8,356.6,1.7,0,1023.9,1028.8,85.2,,
763,2021-01-05 05:00,-.7,0,.1,0,1024,1028.9,91.1,,
763,2021-01-05 06:00,-.9,0,.3,0,1024.8,1029.7,87,,
763,2021-01-05 07:00,-2.2,4.5,.8,0,1026,1030.9,87.6,,
763,2021-01-05 08:00,-2.7,321.1,1.1,0,1026.3,1031.2,79.6,,
763,2021-01-05 09:00,-2.2,346.6,2.5,0,1027.6,1032.5,77.6,,
763,2021-01-05 10:00,-1.4,2.4,2.3,0,1028.2,1033.1,72.4,,
763,2021-01-05 11:00,-.7,8.7,2.8,0,1028.2,1033.1,64.4,,
763,2021-01-05 12:00,-.8,353.5,2.5,0,1027.7,1032.6,62.4,,
763,2021-01-05 13:00,-.8,309.3,2.2,0,1027.4,1032.3,59.4,,
763,2021-01-05 14:00,-.4,357.7,3.5,0,1025.5,1030.4,50.1,,
763,2021-01-05 15:00,-.4,355.4,2.6,0,1025.4,1030.3,48.3,,
763,2021-01-05 16:00,-.5,339.4,2.6,0,1024.7,1029.6,42.7,,
763,2021-01-05 17:00,-1.6,340.7,2.1,0,1024.6,1029.5,47.8,,
763,2021-01-05 18:00,-3.1,327.4,2.3,0,1025.2,1030.1,55.4,,
763,2021-01-05 19:00,-3.9,327.7,2,0,1025.8,1030.7,57.9,,
763,2021-01-05 20:00,-5,331.1,.8,0,1026.5,1031.5,58.9,,
763,2021-01-05 21:00,-5.9,271.9,.5,0,1026.8,1031.8,63.1,,
763,2021-01-05 22:00,-7.2,124.7,.8,0,1025.9,1030.9,71.2,,
763,2021-01-05 23:00,-8.4,0,0,0,1026.4,1031.4,78.7,,
763,2021-01-06 00:00,-8.7,0,0,0,1026.1,1031.1,78.7,,
763,2021-01-06 01:00,-9.2,0,.3,0,1026.1,1031.1,81.6,,
763,2021-01-06 02:00,-9.9,0,.3,0,1026,1031.1,84.1,,
763,2021-01-06 03:00,-10.2,0,0,0,1025.1,1030.2,86.8,,
763,2021-01-06 04:00,-10.5,0,.1,0,1024.6,1029.7,86.3,,
763,2021-01-06 05:00,-10.5,0,.1,0,1023.8,1028.9,86.2,,
763,2021-01-06 06:00,-10.4,0,0,0,1024,1029.1,86.6,,
763,2021-01-06 07:00,-11.1,18.8,.5,0,1023.6,1028.7,88.5,,
763,2021-01-06 08:00,-11.5,0,.1,0,1023.9,1029,89.9,,
763,2021-01-06 09:00,-9.4,98.5,.5,0,1024.2,1029.2,85,,
763,2021-01-06 10:00,-5.9,17.4,.6,0,1024.2,1029.2,72.7,,
763,2021-01-06 11:00,-3.7,21.1,2,0,1022.9,1027.8,59.1,,
763,2021-01-06 12:00,-2.5,9,2.2,0,1022.2,1027.1,54.1,,
763,2021-01-06 13:00,-2.5,358.6,2.6,0,1020.2,1025.1,53.4,,
763,2021-01-06 14:00,-1.7,351.4,2.3,0,1019,1023.9,51.2,,
763,2021-01-06 15:00,-2,.6,1.3,0,1019.1,1024,51.8,,
763,2021-01-06 16:00,-1.9,4.2,1.1,0,1018.8,1023.7,50.3,,
763,2021-01-06 17:00,-2.5,275.4,.6,0,1018.5,1023.4,51.9,,
763,2021-01-06 18:00,-3.7,0,.4,0,1018.1,1023,60.5,,
763,2021-01-06 19:00,-3.2,201.4,.9,0,1017.8,1022.7,65.5,,
763,2021-01-06 20:00,-2.9,181.5,1.7,0,1016.9,1021.8,66.5,,
763,2021-01-06 21:00,-3.1,174.9,2.7,0,1016.2,1021.1,80.3,,
763,2021-01-06 22:00,-2.8,225.7,1.3,1,1015.8,1020.7,94.3,,
763,2021-01-06 23:00,-2.5,273.4,3.7,1.5,1015.6,1020.5,92.1,,
763,2021-01-07 00:00,-2.5,272.3,5.7,0,1016.2,1021.1,61.2,,
763,2021-01-07 01:00,-5.2,314.9,4.1,0,1017.7,1022.6,78.6,,
763,2021-01-07 02:00,-6.3,334.8,2.5,0,1018.5,1023.4,70.6,,
763,2021-01-07 03:00,-7.5,351.9,.9,.5,1018.9,1023.9,90.6,,
763,2021-01-07 04:00,-7.4,302.7,1.6,.5,1019.3,1024.3,92.8,,
763,2021-01-07 05:00,-9.5,4.2,2.3,0,1019.9,1024.9,89.5,,
763,2021-01-07 06:00,-10.1,350.7,1.5,.5,1021.2,1026.2,89,,
763,2021-01-07 07:00,-10.7,338.9,1.5,0,1022.1,1027.1,84.3,,
763,2021-01-07 08:00,-11.8,355.5,.7,.5,1022.7,1027.8,85.5,,
763,2021-01-07 09:00,-11.9,3.3,.5,0,1023.9,1029,76.6,,
763,2021-01-07 10:00,-10.7,20.3,2,0,1024.6,1029.7,68.5,,
763,2021-01-07 11:00,-10,7.2,2.6,0,1024.3,1029.4,63.1,,
763,2021-01-07 12:00,-8.9,358.7,3.5,0,1023.6,1028.6,54.6,,
763,2021-01-07 13:00,-8.5,344.4,3.2,0,1022.9,1027.9,54.1,,
763,2021-01-07 14:00,-8.2,354.1,3.4,0,1022.6,1027.6,46.7,,
763,2021-01-07 15:00,-8.6,359.4,3.3,0,1022.7,1027.7,44.8,,
763,2021-01-07 16:00,-9.1,358,3.2,0,1023,1028,41.2,,
763,2021-01-07 17:00,-10.4,349.3,1.7,0,1022.7,1027.7,47.8,,
763,2021-01-07 18:00,-11.4,333.7,1.4,0,1023,1028.1,52.6,,
763,2021-01-07 19:00,-12.8,302.7,.5,0,1023.2,1028.3,63,,
763,2021-01-07 20:00,-15.1,0,.1,0,1023.3,1028.4,74.8,,
763,2021-01-07 21:00,-15.7,0,.1,0,1023,1028.2,73.4,,
763,2021-01-07 22:00,-17,0,0,0,1022.8,1028,81.4,,
763,2021-01-07 23:00,-17.2,0,0,0,1022.4,1027.6,85,,
763,2021-01-08 00:00,-17.5,0,.1,0,1022.3,1027.5,81.4,,
763,2021-01-08 01:00,-16.7,356.9,.8,0,1022.6,1027.8,81.3,,
763,2021-01-08 02:00,-16.1,0,.1,0,1022.1,1027.3,79,,
763,2021-01-08 03:00,-16.9,1.8,.7,0,1022.9,1028.1,75.1,,
763,2021-01-08 04:00,-17.8,0,.2,0,1023,1028.2,83.1,,
763,2021-01-08 05:00,-19.1,0,0,0,1023,1028.2,83.8,,
763,2021-01-08 06:00,-19.2,0,.2,0,1023.1,1028.3,85.9,,
763,2021-01-08 07:00,-18.8,0,.2,0,1023.1,1028.3,83.6,,
763,2021-01-08 08:00,-18.8,0,0,0,1023,1028.2,85.2,,
763,2021-01-08 09:00,-15.7,0,.2,0,1023,1028.2,78.8,,
763,2021-01-08 10:00,-13.6,26.7,1,0,1023,1028.1,62.1,,
763,2021-01-08 11:00,-11.9,25.3,2.7,0,1022.5,1027.6,51.6,,
763,2021-01-08 12:00,-10.7,29.3,2.9,0,1021.1,1026.1,49.3,,
763,2021-01-08 13:00,-10.2,5.8,2.2,0,1020.4,1025.4,50.7,,
763,2021-01-08 14:00,-9.5,6.9,2.4,0,1019.8,1024.8,50,,
763,2021-01-08 15:00,-9.6,10.7,2,0,1019.7,1024.7,49.8,,
763,2021-01-08 16:00,-9.4,353.4,1.7,0,1019.7,1024.7,48.7,,
763,2021-01-08 17:00,-10.1,9.6,.7,0,1019.9,1024.9,52.7,,
763,2021-01-08 18:00,-12.1,0,0,0,1020.3,1025.4,65.1,,
763,2021-01-08 19:00,-13.7,0,.3,0,1020.7,1025.8,74.4,,
763,2021-01-08 20:00,-14.4,0,.1,0,1021.1,1026.2,74.3,,
763,2021-01-08 21:00,-14.9,0,.2,0,1021,1026.1,77.2,,
763,2021-01-08 22:00,-15.7,0,.1,0,1021.3,1026.4,84.2,,
763,2021-01-08 23:00,-15.7,0,.1,0,1021,1026.1,83,,
763,2021-01-09 00:00,-16.5,0,.2,0,1021.1,1026.3,81.8,,
763,2021-01-09 01:00,-16.6,0,.1,0,1021,1026.2,85,,
763,2021-01-09 02:00,-17.5,339.2,.5,0,1021.2,1026.4,85,,
763,2021-01-09 03:00,-18,.2,.5,0,1021.5,1026.7,86,,
763,2021-01-09 04:00,-18.5,0,.3,0,1020.9,1026.1,85.9,,
763,2021-01-09 05:00,-18.2,0,.1,0,1021.2,1026.4,85.8,,
763,2021-01-09 06:00,-18.2,0,0,0,1021.2,1026.4,84.4,,
763,2021-01-09 07:00,-17.6,0,.3,0,1021.5,1026.7,85.9,,
763,2021-01-09 08:00,-17.7,0,.1,0,1021.6,1026.8,83.8,,
763,2021-01-09 09:00,-15.9,279.6,.5,0,1022.1,1027.3,84.6,,
763,2021-01-09 10:00,-14,35.7,.6,0,1022.3,1027.4,76.2,,
763,2021-01-09 11:00,-11.8,57.2,.7,0,1022.1,1027.2,67.4,,
763,2021-01-09 12:00,-9.1,30.3,1.3,0,1020.9,1025.9,49.9,,
763,2021-01-09 13:00,-8.5,29.3,1.8,0,1020.1,1025.1,46.4,,
763,2021-01-09 14:00,-7.3,350.3,2.4,0,1019.9,1024.9,39.8,,
763,2021-01-09 15:00,-6.9,353.5,2.3,0,1019.9,1024.9,44.6,,
763,2021-01-09 16:00,-7.1,21.4,2.2,0,1020.3,1025.3,45.2,,
763,2021-01-09 17:00,-7.8,55.6,.9,0,1020.5,1025.5,48.9,,
763,2021-01-09 18:00,-10.5,0,.1,0,1021.3,1026.3,65.5,,
763,2021-01-09 19:00,-11.7,0,.1,0,1021.8,1026.9,73.5,,
763,2021-01-09 20:00,-10.6,0,0,0,1022.7,1027.8,70.5,,
763,2021-01-09 21:00,-10.9,111,.6,0,1022.9,1028,73.3,,
763,2021-01-09 22:00,-10.6,0,0,0,1023.1,1028.2,73.3,,
763,2021-01-09 23:00,-11.3,0,.3,0,1023.1,1028.2,80.6,,
763,2021-01-10 00:00,-12.8,0,.2,0,1023.6,1028.7,86.4,,
763,2021-01-10 01:00,-14.2,0,0,0,1023.6,1028.7,87.4,,
763,2021-01-10 02:00,-14.3,0,.1,0,1023.6,1028.7,88.9,,
763,2021-01-10 03:00,-14.4,0,.1,0,1024.4,1029.5,88.8,,
763,2021-01-10 04:00,-15.6,0,.1,0,1023.9,1029.1,86.8,,
763,2021-01-10 05:00,-15.4,0,0,0,1023.9,1029.1,87.6,,
763,2021-01-10 06:00,-15.7,0,0,0,1023.7,1028.9,87.4,,
763,2021-01-10 07:00,-16.1,0,0,0,1024.1,1029.3,87.3,,
763,2021-01-10 08:00,-16.1,0,.1,0,1025.1,1030.3,86.9,,
763,2021-01-10 09:00,-13.1,104.2,.6,0,1025.2,1030.3,87.6,,
763,2021-01-10 10:00,-10.5,282.4,1,0,1025.3,1030.4,83.3,,
763,2021-01-10 11:00,-8.2,31.7,1.4,0,1024.9,1029.9,71.1,,
763,2021-01-10 12:00,-5.7,46.1,1.4,0,1024.2,1029.2,49.4,,
763,2021-01-10 13:00,-4.1,29.4,1.3,0,1023.4,1028.3,44.4,,
763,2021-01-10 14:00,-2.7,49.6,1,0,1022.8,1027.7,46.4,,
763,2021-01-10 15:00,-2.2,37.1,1.3,0,1022.6,1027.5,44.3,,
763,2021-01-10 16:00,-2.1,350.7,.7,0,1022.4,1027.3,44.4,,
763,2021-01-10 17:00,-2.5,316,.7,0,1022.8,1027.7,45.9,,
763,2021-01-10 18:00,-3.8,0,.2,0,1023.1,1028,50.3,,
763,2021-01-10 19:00,-6.9,0,0,0,1023.6,1028.6,72.7,,
763,2021-01-10 20:00,-7.4,0,.3,0,1023.6,1028.6,72,,
763,2021-01-10 21:00,-7.6,0,.3,0,1023.9,1028.9,74.4,,
763,2021-01-10 22:00,-8.4,0,.1,0,1024,1029,82.3,,
763,2021-01-10 23:00,-8.7,0,.2,0,1024.7,1029.7,83.4,,
763,2021-01-11 00:00,-6.8,0,.1,0,1024.8,1029.8,72.1,,
763,2021-01-11 01:00,-5.8,0,.2,0,1024.7,1029.7,68.9,,
763,2021-01-11 02:00,-5.4,344.5,1.8,0,1025.3,1030.3,60.2,,
763,2021-01-11 03:00,-6.3,307.2,.7,0,1025.3,1030.3,64.6,,
763,2021-01-11 04:00,-7.7,0,.1,0,1025.8,1030.8,73.9,,
763,2021-01-11 05:00,-8.7,0,.2,0,1025.5,1030.5,77.7,,
763,2021-01-11 06:00,-9.2,0,.2,0,1025.3,1030.3,81,,
763,2021-01-11 07:00,-9.7,0,.2,0,1024.8,1029.8,85.4,,
763,2021-01-11 08:00,-10.3,0,.2,0,1024.7,1029.8,85.6,,
763,2021-01-11 09:00,-7.6,0,.4,0,1024.9,1029.9,77.3,,
763,2021-01-11 10:00,-6.2,288.9,.5,0,1026.3,1031.3,67.3,,
763,2021-01-11 11:00,-5.5,0,.1,0,1025.3,1030.3,63.3,,
763,2021-01-11 12:00,-4.5,0,.4,0,1024.1,1029,61.8,,
763,2021-01-11 13:00,-3.9,58.7,1,0,1022.7,1027.6,63.6,,
763,2021-01-11 14:00,-2.9,28.3,1.5,0,1021.1,1026,62.6,,
763,2021-01-11 15:00,-2.8,338.9,.8,0,1020.7,1025.6,63.1,,
763,2021-01-11 16:00,-2.6,27.9,.6,0,1020.5,1025.4,62.2,,
763,2021-01-11 17:00,-2.9,84.7,.6,0,1020.3,1025.2,62.3,,
763,2021-01-11 18:00,-3.8,0,.3,0,1019.8,1024.7,67.9,,
763,2021-01-11 19:00,-5,0,.3,0,1020,1024.9,76.4,,
763,2021-01-11 20:00,-6.7,0,0,0,1020.2,1025.2,84.5,,
763,2021-01-11 21:00,-6.3,0,0,0,1019.7,1024.7,82.3,,
763,2021-01-11 22:00,-7.8,0,0,0,1019.4,1024.4,86.6,,
763,2021-01-11 23:00,-7.9,0,0,0,1019.2,1024.2,90,,
763,2021-01-12 00:00,-8.2,0,0,0,1018.8,1023.8,91.1,,
763,2021-01-12 01:00,-7.5,118.4,.5,0,1018.3,1023.3,88.8,,
763,2021-01-12 02:00,-7.5,0,0,0,1017.8,1022.8,87.4,,
763,2021-01-12 03:00,-7.7,0,.1,0,1017.5,1022.5,88.2,,
763,2021-01-12 04:00,-7.2,0,.2,0,1017.1,1022.1,88,,
763,2021-01-12 05:00,-7.1,0,.2,0,1016.4,1021.4,88.5,,
763,2021-01-12 06:00,-6.7,90.2,.8,0,1016,1020.9,91.9,,
763,2021-01-12 07:00,-6.7,0,.3,0,1016,1020.9,93.5,,
763,2021-01-12 08:00,-6.4,289.7,.9,0,1016.7,1021.6,93.4,,
763,2021-01-12 09:00,-6.9,0,.4,0,1016.7,1021.7,93.2,,
763,2021-01-12 10:00,-4,0,0,0,1016.9,1021.8,86.3,,
763,2021-01-12 11:00,-.7,182.3,.7,0,1016.4,1021.2,76.6,,
763,2021-01-12 12:00,1.2,181.7,.8,0,1015.3,1020.1,63.4,,
763,2021-01-12 13:00,1.8,228.8,1.2,0,1014.3,1019.1,57.3,,
763,2021-01-12 14:00,2.6,185.6,1.5,0,1013.4,1018.2,54.4,,
763,2021-01-12 15:00,2.6,189.1,1.3,0,1012.8,1017.6,52.9,,
763,2021-01-12 16:00,2.2,204.5,1.7,0,1012.6,1017.4,56.4,,
763,2021-01-12 17:00,.7,236.4,1.9,0,1012.7,1017.5,81,,
763,2021-01-12 18:00,.3,193.7,1.8,0,1012.6,1017.4,89,,
763,2021-01-12 19:00,.7,184.2,1.9,0,1012.9,1017.7,84.9,,
763,2021-01-12 20:00,.6,207.3,1.5,0,1013.6,1018.4,88.7,,
763,2021-01-12 21:00,1.4,185,1.7,0,1013.5,1018.3,82.4,,
763,2021-01-12 22:00,1.6,200.8,.8,0,1013.8,1018.6,80.2,,
763,2021-01-12 23:00,1.7,162.2,1.2,0,1013.4,1018.2,76.3,,
763,2021-01-13 00:00,2.2,176.6,1.4,0,1013,1017.8,71.1,,
763,2021-01-13 01:00,2.4,178,1.8,0,1012.8,1017.6,66.8,,
763,2021-01-13 02:00,2.8,171.2,2.5,0,1012.6,1017.4,64.1,,
763,2021-01-13 03:00,2.9,174.9,2.1,0,1012.5,1017.2,64.5,,
763,2021-01-13 04:00,2.5,166.1,2.1,0,1012.2,1017,66,,
763,2021-01-13 05:00,2.5,169.7,1.6,0,1012.1,1016.9,64.7,,
763,2021-01-13 06:00,2.5,157.3,2.4,0,1012.1,1016.9,65.7,,
763,2021-01-13 07:00,2.8,156.9,2.5,0,1011.9,1016.6,65.3,,
763,2021-01-13 08:00,3.1,154.3,2.6,0,1011.9,1016.6,64.6,,
763,2021-01-13 09:00,3.7,156.4,2.4,0,1012.1,1016.8,62.5,,
763,2021-01-13 10:00,5,156.8,2.6,0,1012.2,1016.9,59.2,,
763,2021-01-13 11:00,6.9,175.5,2,0,1012.1,1016.8,54.4,,
763,2021-01-13 12:00,8,186.6,2.5,0,1011.4,1016,52.8,,
763,2021-01-13 13:00,9,189,2,0,1010.9,1015.5,52.9,,
763,2021-01-13 14:00,9.8,194.8,2.1,0,1010.3,1014.9,52.5,,
763,2021-01-13 15:00,9.8,193.5,2.1,0,1010.3,1014.9,55,,
763,2021-01-13 16:00,9.7,200.4,1.3,0,1010.8,1015.4,57.4,,
763,2021-01-13 17:00,9,214.7,1.8,0,1011.5,1016.1,61.3,,
763,2021-01-13 18:00,8.7,213.6,1.5,0,1012,1016.6,65,,
763,2021-01-13 19:00,8.5,202.7,1.7,0,1012.3,1016.9,69.8,,
763,2021-01-13 20:00,7.7,241.9,1.6,0,1013.3,1018,75.2,,
763,2021-01-13 21:00,7.3,256,1.5,0,1013.8,1018.5,80.3,,
763,2021-01-13 22:00,7.1,244.1,1.7,0,1014.6,1019.3,83,,
763,2021-01-13 23:00,5.8,241.2,.7,0,1015.3,1020,90.1,,
763,2021-01-14 00:00,2.4,0,.2,0,1015.4,1020.2,96.9,,
763,2021-01-14 01:00,.7,0,.4,0,1016.3,1021.1,99,,
763,2021-01-14 02:00,.1,0,.2,0,1017,1021.8,99.7,,
763,2021-01-14 03:00,.2,25.8,1.2,0,1017.8,1022.6,99.9,,
763,2021-01-14 04:00,-2.1,0,0,0,1017.8,1022.7,99.9,,
763,2021-01-14 05:00,-2.7,0,0,0,1017.7,1022.6,99.7,,
763,2021-01-14 06:00,-3.3,0,0,0,1018.7,1023.6,99.1,,
763,2021-01-14 07:00,-3.5,0,0,0,1019.1,1024,99.2,,
763,2021-01-14 08:00,-3.4,0,.1,0,1019.6,1024.5,99.3,,
763,2021-01-14 09:00,-1.6,0,.1,0,1019.8,1024.7,99.4,,
763,2021-01-14 10:00,.6,0,.2,0,1020.1,1024.9,75.9,,
763,2021-01-14 11:00,3.2,0,.3,0,1019.7,1024.5,64.2,,
763,2021-01-14 12:00,5.5,16.3,1.2,0,1018.8,1023.5,43.4,,
763,2021-01-14 13:00,7.2,6.2,1,0,1017.3,1022,35.8,,
763,2021-01-14 14:00,9.4,352.6,1.5,0,1016.5,1021.1,29.2,,
763,2021-01-14 15:00,10,347.1,1.1,0,1015.9,1020.5,28,,
763,2021-01-14 16:00,10.1,332.1,.5,0,1015.7,1020.3,28,,
763,2021-01-14 17:00,9,0,.4,0,1015.8,1020.4,30.3,,
763,2021-01-14 18:00,3.9,0,0,0,1016.6,1021.3,57.8,,
763,2021-01-14 19:00,2,0,.1,0,1016.7,1021.5,58.7,,
763,2021-01-14 20:00,.5,0,.1,0,1016.5,1021.3,68.8,,
763,2021-01-14 21:00,.9,0,.2,0,1016.5,1021.3,63.2,,
763,2021-01-14 22:00,-.1,0,.3,0,1016.3,1021.1,68.8,,
763,2021-01-14 23:00,-.7,20.5,.5,0,1016.1,1020.9,74.5,,
763,2021-01-15 00:00,-1.1,0,.2,0,1015.6,1020.4,81.5,,
763,2021-01-15 01:00,-1.3,323,.5,0,1015.6,1020.4,81.2,,
763,2021-01-15 02:00,-1.3,0,.3,0,1015.8,1020.6,81.3,,
763,2021-01-15 03:00,-.7,275.9,.9,0,1016.4,1021.2,80.7,,
763,2021-01-15 04:00,-.7,0,.3,0,1015.4,1020.2,83.4,,
763,2021-01-15 05:00,.2,287.1,.8,0,1014.9,1019.7,81.5,,
763,2021-01-15 06:00,.3,0,.4,0,1014,1018.8,81.7,,
763,2021-01-15 07:00,9.4,162.5,2.4,0,1013.2,1017.8,73.3,,
763,2021-01-15 08:00,9.5,155.8,1.8,0,1013.4,1018,73.9,,
763,2021-01-15 09:00,10.2,157.2,1.9,0,1013.3,1017.9,71.1,,
763,2021-01-15 10:00,11,165.2,2.5,0,1012.6,1017.2,69,,
763,2021-01-15 11:00,11.9,189,2.9,0,1012.7,1017.3,68.2,,
763,2021-01-15 12:00,12.4,177.1,2.9,0,1011.6,1016.2,68.4,,
763,2021-01-15 13:00,13.1,186.4,2.8,0,1010.6,1015.2,67.2,,
763,2021-01-15 14:00,13.2,190.3,2,0,1010.2,1014.7,68.9,,
763,2021-01-15 15:00,12.7,235.5,3.2,0,1010.4,1015,71.6,,
763,2021-01-15 16:00,11.1,254,2.6,0,1010.8,1015.4,80.5,,
763,2021-01-15 17:00,10.1,265.7,2.3,0,1011.2,1015.8,84.2,,
763,2021-01-15 18:00,8.5,274.8,3.3,0,1012.2,1016.8,88.7,,
763,2021-01-15 19:00,7.2,344.6,.7,0,1012.9,1017.6,81,,
763,2021-01-15 20:00,6.1,0,.3,0,1013.6,1018.3,81.9,,
763,2021-01-15 21:00,4.8,326.2,1.9,0,1015,1019.7,69.3,,
763,2021-01-15 22:00,3.4,0,.4,0,1015.7,1020.5,71.9,,
763,2021-01-15 23:00,2.9,288.5,.5,0,1015.5,1020.3,69.6,,
763,2021-01-16 00:00,2.6,258.1,.8,0,1015.4,1020.2,77,,
763,2021-01-16 01:00,1.8,297.3,1.4,0,1016.2,1021,78.6,,
763,2021-01-16 02:00,.9,270.6,1.2,0,1017.1,1021.9,78.9,,
763,2021-01-16 03:00,.3,266.3,1.6,0,1018,1022.8,79.7,,
763,2021-01-16 04:00,-2.1,0,.3,0,1018.1,1023,86.8,,
763,2021-01-16 05:00,-.5,272.5,2.1,0,1019.1,1023.9,78,,
763,2021-01-16 06:00,-1,298.6,.5,0,1019.3,1024.2,79.9,,
763,2021-01-16 07:00,-1.3,276.8,.9,0,1020.6,1025.5,75.5,,
763,2021-01-16 08:00,-2,7.5,1.1,0,1020.8,1025.7,77.9,,
763,2021-01-16 09:00,-1.4,0,.1,0,1021.7,1026.6,74.7,,
763,2021-01-16 10:00,-1,288.4,2.5,0,1022.9,1027.8,67.3,,
763,2021-01-16 11:00,-.7,320.6,1.5,0,1023.3,1028.2,62.1,,
763,2021-01-16 12:00,-.4,287.2,2.3,0,1022.2,1027.1,58.4,,
763,2021-01-16 13:00,.2,331.7,2.5,0,1021.4,1026.2,52.1,,
763,2021-01-16 14:00,1.6,316.6,2.6,0,1021.3,1026.1,46.2,,
763,2021-01-16 15:00,.9,288.9,2.2,0,1021.5,1026.3,46.9,,
763,2021-01-16 16:00,.6,309.6,2.9,0,1021.7,1026.5,48.2,,
763,2021-01-16 17:00,-.9,296.5,2.9,0,1022.3,1027.2,53.4,,
763,2021-01-16 18:00,-2.5,295,2.6,0,1023.4,1028.3,60.3,,
763,2021-01-16 19:00,-3.4,0,.4,0,1023.8,1028.7,65.1,,
763,2021-01-16 20:00,-3.8,304,1.8,0,1024.1,1029,66.4,,
763,2021-01-16 21:00,-4.2,318.1,1.3,0,1024.3,1029.2,67.2,,
763,2021-01-16 22:00,-4.5,322.1,1.5,0,1024.5,1029.4,64.6,,
763,2021-01-16 23:00,-4.5,0,.4,0,1025,1030,67.1,,
763,2021-01-17 00:00,-4.3,255.6,1.5,0,1025.8,1030.8,64.2,,
763,2021-01-17 01:00,-4.3,305.6,1.7,0,1026.1,1031.1,59.9,,
763,2021-01-17 02:00,-4.6,314,.6,0,1026.4,1031.4,60.1,,
763,2021-01-17 03:00,-5.2,0,.4,0,1026.7,1031.7,67.2,,
763,2021-01-17 04:00,-6.4,0,.2,0,1026.2,1031.2,74.3,,
763,2021-01-17 05:00,-7.7,0,.1,0,1025.8,1030.8,83.9,,
763,2021-01-17 06:00,-8.7,0,0,0,1026.3,1031.3,86,,
763,2021-01-17 07:00,-8.5,0,.1,0,1026.5,1031.5,85.1,,
763,2021-01-17 08:00,-9,0,0,0,1026.8,1031.8,87.9,,
763,2021-01-17 09:00,-5.8,67.4,1.1,0,1027.3,1032.3,69.6,,
763,2021-01-17 10:00,-4.2,17.5,1.8,0,1027.7,1032.7,64,,
763,2021-01-17 11:00,-2.9,5.7,2.7,0,1027.4,1032.3,55.3,,
763,2021-01-17 12:00,-1.8,359.1,1.8,0,1026.1,1031,47.7,,
763,2021-01-17 13:00,-1.6,46.1,2.1,0,1024.4,1029.3,44.7,,
763,2021-01-17 14:00,-.5,156.6,1.3,0,1023,1027.9,37.1,,
763,2021-01-17 15:00,1,281.5,3.4,0,1022.5,1027.3,37.6,,
763,2021-01-17 16:00,.1,264,3.4,0,1022.5,1027.4,46.9,,
763,2021-01-17 17:00,-.9,289.3,2.6,0,1022.4,1027.3,57.2,,
763,2021-01-17 18:00,-1.2,216.2,.8,0,1022.3,1027.2,59.5,,
763,2021-01-17 19:00,-1.3,201.5,.6,0,1022.3,1027.2,68.5,,
763,2021-01-17 20:00,-1.9,197.4,.7,0,1022.3,1027.2,83.7,,
763,2021-01-17 21:00,-1.9,169.4,.6,0,1022.2,1027.1,82,,
763,2021-01-17 22:00,-1.9,233.4,1,0,1022,1026.9,84.7,,
763,2021-01-17 23:00,-1.8,186,1.2,0,1021.4,1026.3,86.9,,
763,2021-01-18 00:00,-1.5,179,.9,0,1021.1,1026,87.4,,
763,2021-01-18 01:00,-2.1,118.8,1.1,0,1020.4,1025.3,91.9,,
763,2021-01-18 02:00,-1.6,178.6,1.2,0,1020,1024.9,88.3,,
763,2021-01-18 03:00,-2.7,126.9,.9,0,1019.4,1024.3,93,,
763,2021-01-18 04:00,-2,151.8,1.9,0,1018.4,1023.3,92.2,,
763,2021-01-18 05:00,-1.6,156.3,2.5,0,1017.7,1022.6,90.7,,
763,2021-01-18 06:00,-1.8,162.9,1.1,0,1017.4,1022.3,91.9,,
763,2021-01-18 07:00,-1.5,172.1,1.3,0,1016.6,1021.5,91.7,,
763,2021-01-18 08:00,-1.1,176.2,1.2,0,1016.3,1021.1,94.3,,
763,2021-01-18 09:00,-1.2,0,.2,.5,1016.2,1021,97.3,,
763,2021-01-18 10:00,-.8,218.2,.6,1,1016.4,1021.2,96.3,,
763,2021-01-18 11:00,.6,205.5,1.4,0,1016,1020.8,87.7,,
763,2021-01-18 12:00,1.9,231,1.8,0,1015.6,1020.4,84.2,,
763,2021-01-18 13:00,2.8,213.2,1.3,0,1014.9,1019.7,82.2,,
763,2021-01-18 14:00,5.2,271.3,5.7,0,1014.3,1019,48.6,,
763,2021-01-18 15:00,5.5,271.1,6,0,1014.4,1019.1,44.5,,
763,2021-01-18 16:00,4.6,287.3,6.9,0,1015.6,1020.3,47.1,,
763,2021-01-18 17:00,.4,300.3,1.9,0,1017.9,1022.7,94.4,,
763,2021-01-18 18:00,.3,316.5,2.4,0,1019.4,1024.2,61.9,,
763,2021-01-18 19:00,-.3,315.3,2.8,0,1020.8,1025.6,56.5,,
763,2021-01-18 20:00,-1,333.6,2.4,0,1021.8,1026.7,55.2,,
763,2021-01-18 21:00,-2,337.5,2,0,1022.8,1027.7,56.3,,
763,2021-01-18 22:00,-2.6,337,1.3,0,1023.5,1028.4,54.7,,
763,2021-01-18 23:00,-3.8,4.6,.8,0,1024,1028.9,62.3,,
763,2021-01-19 00:00,-5.6,254,.5,0,1024.2,1029.2,75.7,,
763,2021-01-19 01:00,-6.4,295.4,.8,0,1024.5,1029.5,77.8,,
763,2021-01-19 02:00,-5.4,309.8,.9,0,1025.1,1030.1,67.9,,
763,2021-01-19 03:00,-6.3,333.8,.8,0,1025.8,1030.8,74.6,,
763,2021-01-19 04:00,-7.2,16.8,1.4,0,1026.1,1031.1,75.2,,
763,2021-01-19 05:00,-8.4,0,.2,0,1026.3,1031.3,80.7,,
763,2021-01-19 06:00,-8.8,4,.7,0,1026.5,1031.5,77.3,,
763,2021-01-19 07:00,-9.6,0,.2,0,1027.4,1032.5,84,,
763,2021-01-19 08:00,-10.2,0,0,0,1028,1033.1,85.7,,
763,2021-01-19 09:00,-8,12.5,.5,0,1028.4,1033.4,64.4,,
763,2021-01-19 10:00,-6.6,40.4,.5,0,1029.2,1034.2,65.7,,
763,2021-01-19 11:00,-4.7,45,1.3,0,1029.6,1034.6,55.6,,
763,2021-01-19 12:00,-3.1,44.7,1.5,0,1029.1,1034,51.7,,
763,2021-01-19 13:00,-2,299.9,1.7,0,1028.6,1033.5,33.7,,
763,2021-01-19 14:00,-1,356.4,1.9,0,1028,1032.9,24.2,,
763,2021-01-19 15:00,-.4,30,1.7,0,1027.8,1032.7,25.4,,
763,2021-01-19 16:00,-.1,332.1,1.9,0,1027.5,1032.4,29.3,,
763,2021-01-19 17:00,-.4,324.1,1.2,0,1027.9,1032.8,30.3,,
763,2021-01-19 18:00,-2.8,0,.4,0,1028.1,1033,48.5,,
763,2021-01-19 19:00,-4.6,0,0,0,1028.2,1033.2,66,,
763,2021-01-19 20:00,-5.3,0,0,0,1028.4,1033.4,68.7,,
763,2021-01-19 21:00,-5.5,0,.2,0,1028.9,1033.9,64.7,,
763,2021-01-19 22:00,-6.2,0,0,0,1028.5,1033.5,72.1,,
763,2021-01-19 23:00,-6.5,0,0,0,1028.2,1033.2,73.6,,
763,2021-01-20 00:00,-7,0,.2,0,1027.9,1032.9,71.4,,
763,2021-01-20 01:00,-8,0,.1,0,1027.8,1032.8,80.7,,
763,2021-01-20 02:00,-8.2,0,0,0,1027.8,1032.8,76.3,,
763,2021-01-20 03:00,-8.4,0,0,0,1028.2,1033.2,82.9,,
763,2021-01-20 04:00,-8.6,0,0,0,1028.2,1033.2,82.8,,
763,2021-01-20 05:00,-8.6,0,0,0,1028,1033,78.6,,
763,2021-01-20 06:00,-8.8,,,0,1028.4,1033.4,78.5,,
763,2021-01-20 07:00,-9,,,0,1028.2,1033.3,80.7,,
763,2021-01-20 08:00,-8.7,,,0,1027.7,1032.7,81,,
763,2021-01-20 09:00,-6.3,276.1,.7,0,1027.6,1032.6,71.3,,
763,2021-01-20 10:00,-4.3,21.3,1,0,1027.8,1032.8,66.7,,
763,2021-01-20 11:00,-1.6,35,.8,0,1027.9,1032.8,58,,
763,2021-01-20 12:00,2.5,9.7,1.3,0,1026.7,1031.5,46.9,,
763,2021-01-20 13:00,5.2,337.3,.6,0,1025.3,1030.1,35.9,,
763,2021-01-20 14:00,7.4,310.4,.7,0,1024.4,1029.1,27.3,,
763,2021-01-20 15:00,8.2,278.2,1.7,0,1024.2,1028.9,25.9,,
763,2021-01-20 16:00,8.6,270.6,1.4,0,1024,1028.7,24.5,,
763,2021-01-20 17:00,7.5,0,.3,0,1023.9,1028.6,29.3,,
763,2021-01-20 18:00,2.4,0,.1,0,1023.9,1028.7,52.1,,
763,2021-01-20 19:00,.6,0,.4,0,1023.5,1028.3,56.8,,
763,2021-01-20 20:00,-.6,0,.3,0,1023.7,1028.6,64.4,,
763,2021-01-20 21:00,-1.2,0,0,0,1023.5,1028.4,63.9,,
763,2021-01-20 22:00,-.7,0,0,0,1023.3,1028.2,66.7,,
763,2021-01-20 23:00,-1.1,317.7,.5,0,1023.4,1028.3,71.1,,
763,2021-01-21 00:00,0,0,.2,0,1023.4,1028.3,68.5,,
763,2021-01-21 01:00,.3,10.8,.8,0,1023.4,1028.3,69.9,,
763,2021-01-21 02:00,.6,0,0,0,1022.9,1027.7,68.9,,
763,2021-01-21 03:00,.5,.2,.7,0,1023.1,1027.9,69.8,,
763,2021-01-21 04:00,.5,0,.2,0,1022.7,1027.5,68.8,,
763,2021-01-21 05:00,.6,0,.4,0,1022.3,1027.1,71.4,,
763,2021-01-21 06:00,.7,0,.1,0,1022.3,1027.1,69.8,,
763,2021-01-21 07:00,.3,0,.4,0,1022,1026.8,75.9,,
763,2021-01-21 08:00,-.5,0,.2,0,1021.7,1026.6,77.7,,
763,2021-01-21 09:00,1.8,285.8,.5,0,1021.4,1026.2,67.7,,
763,2021-01-21 10:00,3.4,0,.3,0,1021,1025.8,63,,
763,2021-01-21 11:00,5.8,66.5,.8,0,1020.7,1025.4,60.4,,
763,2021-01-21 12:00,7.2,0,.2,0,1019.3,1024,57.6,,
763,2021-01-21 13:00,8.2,0,.2,0,1018.4,1023.1,55.7,,
763,2021-01-21 14:00,7.9,0,.4,0,1017.5,1022.2,65.1,,
763,2021-01-21 15:00,7.7,41.1,.6,0,1017.1,1021.8,65.1,,
763,2021-01-21 16:00,6.6,0,0,0,1017.5,1022.2,85.8,,
763,2021-01-21 17:00,5.8,0,0,.5,1017.4,1022.1,94.7,,
763,2021-01-21 18:00,5.6,4,.8,1.5,1017.2,1021.9,99.4,,
763,2021-01-21 19:00,5.6,0,.1,1.5,1017.1,1021.8,99.9,,
763,2021-01-21 20:00,5.3,341.2,.5,1,1016.9,1021.6,99.9,,
763,2021-01-21 21:00,5.2,0,.4,1,1016.5,1021.2,99.9,,
763,2021-01-21 22:00,4.9,290.4,.8,0,1016.1,1020.8,99.9,,
763,2021-01-21 23:00,5,0,.2,.5,1015.8,1020.5,99.9,,
763,2021-01-22 00:00,5.2,0,.2,0,1015.8,1020.5,99.9,,
763,2021-01-22 01:00,4.9,0,.1,0,1015.2,1019.9,99.9,,
763,2021-01-22 02:00,4.8,0,0,0,1014.9,1019.6,99.9,,
763,2021-01-22 03:00,4.8,0,.1,.5,1014.4,1019.1,99.9,,
763,2021-01-22 04:00,5.1,0,0,0,1014.3,1019,99.9,,
763,2021-01-22 05:00,5.1,0,.4,.5,1014.6,1019.3,99.9,,
763,2021-01-22 06:00,5.2,0,0,.5,1014.7,1019.4,99.9,,
763,2021-01-22 07:00,5.1,0,0,0,1015,1019.7,99.9,,
763,2021-01-22 08:00,4.9,0,.1,0,1015.4,1020.1,99.9,,
763,2021-01-22 09:00,5.6,0,.1,0,1016,1020.7,99.9,,
763,2021-01-22 10:00,6.6,8.4,.8,0,1016.1,1020.8,99.9,,
763,2021-01-22 11:00,8,0,.1,0,1016.1,1020.8,99.9,,
763,2021-01-22 12:00,9.4,136.2,.5,0,1015.4,1020,96.7,,
763,2021-01-22 13:00,10.6,38.7,.8,0,1014.4,1019,86.3,,
763,2021-01-22 14:00,10.9,49,.5,0,1014,1018.6,84.2,,
763,2021-01-22 15:00,11,13.6,.7,0,1013.7,1018.3,83.3,,
763,2021-01-22 16:00,11.1,0,0,0,1013.6,1018.2,82.3,,
763,2021-01-22 17:00,10.3,0,0,0,1013.6,1018.2,88,,
763,2021-01-22 18:00,9.7,1.5,.6,0,1014.8,1019.4,89.3,,
763,2021-01-22 19:00,8.7,341.1,1.8,0,1015,1019.6,91.7,,
763,2021-01-22 20:00,7.7,345,.5,0,1015,1019.7,96.2,,
763,2021-01-22 21:00,7.6,327.1,1.3,0,1015.4,1020.1,96,,
763,2021-01-22 22:00,7.3,334.8,.8,0,1015.2,1019.9,95.4,,
763,2021-01-22 23:00,6.9,332.8,.6,0,1014.6,1019.3,95.7,,
763,2021-01-23 00:00,6.7,0,.4,0,1014.3,1019,97.2,,
763,2021-01-23 01:00,6.7,342,1.3,0,1014.6,1019.3,97.8,,
763,2021-01-23 02:00,6.5,0,.3,0,1014.5,1019.2,98.6,,
763,2021-01-23 03:00,6.2,0,.1,0,1014.3,1019,99.2,,
763,2021-01-23 04:00,5.2,0,0,0,1014,1018.7,99.9,,
763,2021-01-23 05:00,5.5,0,0,0,1013.7,1018.4,99.9,,
763,2021-01-23 06:00,6.1,0,0,0,1013.9,1018.6,99.9,,
763,2021-01-23 07:00,5,0,0,0,1013.9,1018.6,99.9,,
763,2021-01-23 08:00,5.3,0,0,0,1014.1,1018.8,99.9,,
763,2021-01-23 09:00,6.6,0,.1,0,1014.3,1019,99.9,,
763,2021-01-23 10:00,9.3,6.1,1.4,0,1014.4,1019,85.2,,
763,2021-01-23 11:00,11.4,270.8,.6,0,1014,1018.6,77.5,,
763,2021-01-23 12:00,12.7,63.8,1.2,0,1013.2,1017.8,68.3,,
763,2021-01-23 13:00,13.1,54,1.6,0,1012.4,1017,66.6,,
763,2021-01-23 14:00,13.3,52.3,2.5,0,1012,1016.6,64,,
763,2021-01-23 15:00,13.1,80.1,2.4,0,1012,1016.6,63.3,,
763,2021-01-23 16:00,12.5,79.9,3.3,0,1012.4,1017,63.8,,
763,2021-01-23 17:00,11.9,83.5,2.5,0,1012.9,1017.5,65.8,,
763,2021-01-23 18:00,11.1,80,1.9,0,1013.6,1018.2,67.9,,
763,2021-01-23 19:00,10.9,86.1,1.6,0,1014.6,1019.2,66.5,,
763,2021-01-23 20:00,10.7,79.1,3.2,0,1015.4,1020,65.4,,
763,2021-01-23 21:00,10,76.7,1.8,0,1015.7,1020.3,67.1,,
763,2021-01-23 22:00,9.2,45.5,1.2,0,1016.4,1021,70.2,,
763,2021-01-23 23:00,9,59.2,1.3,0,1017,1021.7,69.7,,
763,2021-01-24 00:00,8.5,54.2,1.5,0,1017.1,1021.8,70.7,,
763,2021-01-24 01:00,7.1,59.4,.7,0,1017.1,1021.8,77.2,,
763,2021-01-24 02:00,5.1,0,.1,0,1017.9,1022.6,84.8,,
763,2021-01-24 03:00,2.9,0,0,0,1018.3,1023.1,94.4,,
763,2021-01-24 04:00,2.2,0,0,0,1018.5,1023.3,97.3,,
763,2021-01-24 05:00,.7,0,0,0,1018.6,1023.4,96.9,,
763,2021-01-24 06:00,.9,0,0,0,1019.2,1024,99.4,,
763,2021-01-24 07:00,0,0,.1,0,1020.8,1025.6,98.9,,
763,2021-01-24 08:00,-.2,0,0,0,1021,1025.8,99.4,,
763,2021-01-24 09:00,3,27.6,.5,0,1021.9,1026.7,94.4,,
763,2021-01-24 10:00,5.8,0,.3,0,1022.3,1027,80.4,,
763,2021-01-24 11:00,10,0,.4,0,1022.1,1026.8,61.2,,
763,2021-01-24 12:00,12.2,93.5,1.2,0,1021.5,1026.1,49.2,,
763,2021-01-24 13:00,12.6,86,2.1,0,1020.9,1025.5,46.1,,
763,2021-01-24 14:00,12.8,49.7,2.5,0,1020,1024.6,43.4,,
763,2021-01-24 15:00,13.2,27,2.3,0,1019.4,1024,46.8,,
763,2021-01-24 16:00,13.3,62.3,1.5,0,1019,1023.6,42.8,,
763,2021-01-24 17:00,12.7,21.9,1.9,0,1020.4,1025,44,,
763,2021-01-24 18:00,8.7,0,0,0,1021.7,1026.4,60.4,,
763,2021-01-24 19:00,6.2,0,0,0,1021.5,1026.2,72.4,,
763,2021-01-24 20:00,4.9,0,.2,0,1021.5,1026.2,80.2,,
763,2021-01-24 21:00,4.6,0,.2,0,1021.6,1026.4,80.9,,
763,2021-01-24 22:00,3.4,0,.3,0,1021.6,1026.4,86,,
763,2021-01-24 23:00,3.1,0,0,0,1023,1027.8,89,,
763,2021-01-25 00:00,4.1,98.7,.6,0,1024.3,1029.1,83.1,,
763,2021-01-25 01:00,3.4,99,.9,0,1024.2,1029,86.9,,
763,2021-01-25 02:00,3.4,0,0,0,1023.8,1028.6,85.8,,
763,2021-01-25 03:00,2.3,0,0,0,1024.3,1029.1,90.7,,
763,2021-01-25 04:00,1.8,0,0,0,1023.7,1028.5,93.5,,
763,2021-01-25 05:00,2.6,0,0,0,1023.9,1028.7,93.9,,
763,2021-01-25 06:00,1.4,0,0,0,1023.9,1028.7,95,,
763,2021-01-25 07:00,.5,0,0,0,1023.5,1028.4,97.7,,
763,2021-01-25 08:00,.4,0,0,0,1023.5,1028.4,97.7,,
763,2021-01-25 09:00,3,0,0,0,1023.6,1028.4,91.2,,
763,2021-01-25 10:00,6.9,0,.3,0,1023.5,1028.2,73.1,,
763,2021-01-25 11:00,9.6,32.2,.8,0,1023.2,1027.9,60.1,,
763,2021-01-25 12:00,11,342.1,.8,0,1022.2,1026.9,53.4,,
763,2021-01-25 13:00,12.1,281.9,1.9,0,1021.3,1025.9,48.4,,
763,2021-01-25 14:00,13.7,13.6,1,0,1020.1,1024.7,42,,
763,2021-01-25 15:00,14.4,19,.8,0,1019.3,1023.9,38.5,,
763,2021-01-25 16:00,14.4,281.4,1.6,0,1018.5,1023.1,39.6,,
763,2021-01-25 17:00,13.4,270.6,1.8,0,1019,1023.6,42.4,,
763,2021-01-25 18:00,10,289.5,2.5,0,1019.5,1024.2,61.2,,
763,2021-01-25 19:00,8.9,236.8,1.1,0,1020.3,1025,65.3,,
763,2021-01-25 20:00,5.8,0,.1,0,1019.6,1024.3,77.8,,
763,2021-01-25 21:00,6.4,123.2,1.2,0,1018.7,1023.4,78.9,,
763,2021-01-25 22:00,3.9,0,0,0,1018.6,1023.4,90.9,,
763,2021-01-25 23:00,2.8,0,0,0,1018.5,1023.3,93.6,,
763,2021-01-26 00:00,2.9,0,.1,0,1018.6,1023.4,94.8,0,0
763,2021-01-26 01:00,3.2,81.1,.5,0,1018.3,1023.1,95,0,0
763,2021-01-26 02:00,3.1,0,.4,0,1018.2,1023,94.3,0,0
763,2021-01-26 03:00,3.7,76.4,.6,0,1017.4,1022.2,93.3,0,0
763,2021-01-26 04:00,3.5,0,0,0,1016.7,1021.5,93.9,0,0
763,2021-01-26 05:00,3.5,293.5,.7,0,1016.5,1021.3,94,0,0
763,2021-01-26 06:00,3.6,0,.3,0,1016.6,1021.4,94.7,0,0
763,2021-01-26 07:00,4,0,0,0,1016.4,1021.1,92.6,0,0
763,2021-01-26 08:00,4.3,127,1.9,0,1016.9,1021.6,94,0,0
763,2021-01-26 09:00,4.4,0,.2,0,1017.2,1021.9,97.9,0,0
763,2021-01-26 10:00,4.7,0,.3,1,1017.2,1021.9,99.2,0,0
763,2021-01-26 11:00,4.9,0,.2,2,1017.2,1021.9,99.8,0,0
763,2021-01-26 12:00,5,18.7,.8,.5,1016.3,1021,99.9,0,0
763,2021-01-26 13:00,5.3,18.1,1,.5,1015.5,1020.2,99.7,0,0
763,2021-01-26 14:00,6.4,21,.8,0,1014.5,1019.2,98.6,0,0
763,2021-01-26 15:00,7.2,324.5,.7,0,1014.4,1019.1,86.9,0,0
763,2021-01-26 16:00,7.2,0,.2,0,1014.3,1019,89.2,0,0
763,2021-01-26 17:00,7.1,254.9,1.3,0,1014.8,1019.5,92,0,0
763,2021-01-26 18:00,6.4,258.9,2.5,0,1015.6,1020.3,96,0,0
763,2021-01-26 19:00,5.9,278,2.1,0,1016.3,1021,94.8,0,0
763,2021-01-26 20:00,5.4,293.5,1.7,0,1016.7,1021.4,92.7,0,0
763,2021-01-26 21:00,4.9,332.9,1.8,0,1017.1,1021.8,88.6,0,0
763,2021-01-26 22:00,4.5,321.1,1,0,1017.5,1022.2,86.2,0,0
763,2021-01-26 23:00,4.4,315.1,.5,0,1017.9,1022.6,87.5,0,0
763,2021-01-27 00:00,3.9,279.6,.7,0,1018.4,1023.2,92.8,0,0
763,2021-01-27 01:00,2.8,306.3,1,0,1018.5,1023.3,99.2,0,0
763,2021-01-27 02:00,1.8,286.3,1.6,0,1019.8,1024.6,96.3,0,0
763,2021-01-27 03:00,1.1,298.9,1.3,0,1020.7,1025.5,97.4,0,0
763,2021-01-27 04:00,.3,0,0,0,1021.4,1026.2,98.6,0,0
763,2021-01-27 05:00,-.3,0,0,0,1021.1,1025.9,99.4,0,0
763,2021-01-27 06:00,-1.1,0,0,0,1021,1025.9,99.6,0,0
763,2021-01-27 07:00,-.2,0,0,0,1020.9,1025.7,98.6,0,0
763,2021-01-27 08:00,-1.8,,,0,1020.7,1025.6,99.1,0,0
763,2021-01-27 09:00,0,274.5,.7,0,1021.5,1026.4,97.6,0,0
763,2021-01-27 10:00,2.2,16.9,1,0,1021.3,1026.1,73.4,0,0
763,2021-01-27 11:00,4.8,355.7,2.5,0,1021.4,1026.2,45.2,0,0
763,2021-01-27 12:00,6.7,19.5,3.2,0,1020.3,1025,29.2,0,0
763,2021-01-27 13:00,7.2,18.7,3.6,0,1019.1,1023.8,24.7,0,0
763,2021-01-27 14:00,7.7,8.9,2.5,0,1018.8,1023.5,25.1,0,0
763,2021-01-27 15:00,7.4,346.2,3.2,0,1019.2,1023.9,24.2,0,0
763,2021-01-27 16:00,7.3,352.6,2.6,0,1019.4,1024.1,27.5,0,0
763,2021-01-27 17:00,6.2,355.6,1.9,0,1018.7,1023.4,31.6,0,0
763,2021-01-27 18:00,4.7,0,.3,0,1018,1022.7,38.8,0,0
763,2021-01-27 19:00,2.3,272.7,.6,0,1018.1,1022.9,50.5,0,0
763,2021-01-27 20:00,.7,0,.4,0,1018.5,1023.3,62.4,0,0
763,2021-01-27 21:00,-.2,0,.2,0,1018.2,1023,69.2,0,0
763,2021-01-27 22:00,-1.1,0,0,0,1018.2,1023.1,74.9,0,0
763,2021-01-27 23:00,-1.6,0,0,0,1017.9,1022.8,78.3,0,0
763,2021-01-28 00:00,-1.8,0,0,0,1017.4,1022.3,80.4,0,0
763,2021-01-28 01:00,-1.5,0,0,0,1016.9,1021.8,72.9,0,0
763,2021-01-28 02:00,-1.2,0,0,0,1015.8,1020.6,71.9,0,0
763,2021-01-28 03:00,-1.8,0,0,0,1014.9,1019.7,79.7,0,0
763,2021-01-28 04:00,-1.7,0,.1,0,1014.3,1019.1,74,0,0
763,2021-01-28 05:00,-1.9,0,0,0,1013.4,1018.2,77.4,0,0
763,2021-01-28 06:00,-1.1,134.3,.8,0,1012.5,1017.3,67.6,0,0
763,2021-01-28 07:00,-1.6,0,.3,0,1012.5,1017.3,73.7,0,0
763,2021-01-28 08:00,-3,0,.1,0,1013.2,1018.1,81.1,0,0
763,2021-01-28 09:00,.6,139.1,.9,0,1012.6,1017.4,66.1,0,0
763,2021-01-28 10:00,3.7,185.6,1.7,0,1012,1016.7,59.3,0,0
763,2021-01-28 11:00,4.6,181.3,1.7,0,1010.6,1015.3,52.5,0,0
763,2021-01-28 12:00,2.2,213.7,1.7,.5,1011.1,1015.9,92.2,0,0
763,2021-01-28 13:00,2.9,287.4,5.7,.5,1011.7,1016.4,83,0,0
763,2021-01-28 14:00,2.8,294.9,6.5,0,1012.1,1016.8,58.8,0,0
763,2021-01-28 15:00,2.5,292.9,6.1,0,1013.2,1018,51.1,0,0
763,2021-01-28 16:00,.7,307.1,4.8,0,1014.4,1019.2,48.4,0,0
763,2021-01-28 17:00,-.4,310.1,2.6,0,1014.8,1019.6,61,0,0
763,2021-01-28 18:00,-2.1,310.6,2.4,0,1016,1020.9,68.1,0,0
763,2021-01-28 19:00,-3.5,318,2.4,0,1017.4,1022.3,80.3,0,0
763,2021-01-28 20:00,-3.3,310.8,4.1,0,1018.2,1023.1,62.1,0,0
763,2021-01-28 21:00,-3.9,315.2,1.9,0,1018.8,1023.7,72.6,0,0
763,2021-01-28 22:00,-4.6,313.3,3.2,0,1019.7,1024.6,66.8,0,0
763,2021-01-28 23:00,-5.1,316.5,2.4,0,1020.7,1025.6,58.8,0,0
763,2021-01-29 00:00,-5.3,299.1,2.5,0,1021.1,1026,58.1,0,0
763,2021-01-29 01:00,-5.7,302.4,2.7,0,1021.4,1026.4,57.4,0,0
763,2021-01-29 02:00,-6.6,346.1,1.9,0,1021.8,1026.8,64.8,0,0
763,2021-01-29 03:00,-7,339.9,1,0,1022.4,1027.4,59.2,0,0
763,2021-01-29 04:00,-7.1,333.7,1.3,0,1022.3,1027.3,61.4,0,0
763,2021-01-29 05:00,-7.3,340.7,1.5,0,1022.6,1027.6,61.5,0,0
763,2021-01-29 06:00,-8,354.3,.9,0,1022.6,1027.6,70.3,0,0
763,2021-01-29 07:00,-9.3,0,.3,0,1023.2,1028.2,80.9,0,0
763,2021-01-29 08:00,-9.1,0,.1,0,1023.4,1028.4,80.7,0,0
763,2021-01-29 09:00,-7,25.6,1.6,0,1024.1,1029.1,62.2,0,0
763,2021-01-29 10:00,-6.2,28.9,2.3,0,1024,1029,57.6,0,0
763,2021-01-29 11:00,-5.2,47.2,2,0,1023.9,1028.9,55.1,0,0
763,2021-01-29 12:00,-3.6,304.2,2.3,0,1023.6,1028.5,54.4,0,0
763,2021-01-29 13:00,-2.9,32.2,1.5,0,1023.1,1028,50.1,0,0
763,2021-01-29 14:00,-1,20.7,2.6,0,1022.7,1027.6,44.1,0,0
763,2021-01-29 15:00,-.8,325.2,2.3,0,1022.8,1027.7,37.7,0,0
763,2021-01-29 16:00,-.5,316.7,2.4,0,1022.8,1027.7,35.1,0,0
763,2021-01-29 17:00,-1.2,326.7,2,0,1022.7,1027.6,37.2,0,0
763,2021-01-29 18:00,-2.6,346.6,1.5,0,1022.6,1027.5,42.1,0,0
763,2021-01-29 19:00,-3.9,21.6,1.2,0,1022.7,1027.6,54,0,0
763,2021-01-29 20:00,-5.4,0,.1,0,1023.1,1028.1,63.4,0,0
763,2021-01-29 21:00,-6.2,0,.1,0,1023.7,1028.7,70.8,0,0
763,2021-01-29 22:00,-6.3,120.6,.5,0,1024,1029,65.7,0,0
763,2021-01-29 23:00,-6.6,0,.3,0,1023.9,1028.9,70.6,0,0
763,2021-01-30 00:00,-6,81.9,.8,0,1023.3,1028.3,63.8,0,0
763,2021-01-30 01:00,-7.3,263.4,.6,0,1023.6,1028.6,72.5,0,0
763,2021-01-30 02:00,-6.8,102.3,.8,0,1023.5,1028.5,76.6,0,0
763,2021-01-30 03:00,-7,278.6,.7,0,1022.8,1027.8,78.9,0,0
763,2021-01-30 04:00,-7.1,284.8,.9,0,1022,1027,80.9,0,0
763,2021-01-30 05:00,-6.6,0,.3,0,1021.7,1026.7,82.4,0,0
763,2021-01-30 06:00,-5.9,8.8,1.7,0,1021.3,1026.3,79.6,0,0
763,2021-01-30 07:00,-4.9,330.7,.8,0,1021.5,1026.4,82.2,0,0
763,2021-01-30 08:00,0,174,1.2,0,1021.3,1026.2,70.2,0,0
763,2021-01-30 09:00,-2.9,2.8,.9,0,1021.7,1026.6,77.6,0,0
763,2021-01-30 10:00,2.5,173.3,2.3,0,1021.8,1026.6,75.5,0,0
763,2021-01-30 11:00,3.7,187.4,1.4,0,1021.9,1026.7,75.2,0,0
763,2021-01-30 12:00,6.1,196.9,1.4,0,1021.5,1026.2,67,0,0
763,2021-01-30 13:00,7.6,224.1,1.2,0,1020.8,1025.5,67.8,0,0
763,2021-01-30 14:00,8.1,249.7,2.4,0,1020.6,1025.3,68.7,0,0
763,2021-01-30 15:00,7.9,281.2,4.2,0,1021.1,1025.8,64,0,0
763,2021-01-30 16:00,8.3,275.5,3.2,0,1021.9,1026.6,54.1,0,0
763,2021-01-30 17:00,7.7,274.8,2,0,1022.4,1027.1,48.3,0,0
763,2021-01-30 18:00,3.9,255,.6,0,1022.7,1027.5,59.9,0,0
763,2021-01-30 19:00,2,0,.3,0,1023.1,1027.9,72.3,0,0
763,2021-01-30 20:00,-.7,0,.2,0,1023.5,1028.4,82.9,0,0
763,2021-01-30 21:00,-1.1,0,.2,0,1024,1028.9,80.3,0,0
763,2021-01-30 22:00,-2.2,0,.2,0,1024.5,1029.4,87,0,0
763,2021-01-30 23:00,-2.9,0,0,0,1024.9,1029.8,90.2,0,0
763,2021-01-31 00:00,-3.6,0,0,0,1025,1029.9,93,0,0
763,2021-01-31 01:00,-3.9,0,.1,0,1025.5,1030.4,93.5,0,0
763,2021-01-31 02:00,-3.6,0,.2,0,1025.7,1030.6,96.8,0,0
763,2021-01-31 03:00,-4.8,0,.1,0,1025.7,1030.7,94.8,0,0
763,2021-01-31 04:00,-4.6,0,.1,0,1025.6,1030.6,95.6,0,0
763,2021-01-31 05:00,-5.1,0,0,0,1025.6,1030.6,96.1,0,0
763,2021-01-31 06:00,-5.6,0,0,0,1025.7,1030.7,96.2,0,0
763,2021-01-31 07:00,-5.5,0,0,0,1025.6,1030.6,96.7,0,0
763,2021-01-31 08:00,-5.3,0,0,0,1025.8,1030.8,96.3,0,0
763,2021-01-31 09:00,-2.7,26.1,.5,0,1025.7,1030.6,95.3,0,0
763,2021-01-31 10:00,-.2,15,.5,0,1025.4,1030.3,83.1,0,0
763,2021-01-31 11:00,3.8,2.4,.8,0,1025.2,1030,69.1,0,0
763,2021-01-31 12:00,9.5,165.9,.5,0,1024,1028.7,52.9,0,0
763,2021-01-31 13:00,11.2,201.7,1.4,0,1022.7,1027.3,50.2,0,0
763,2021-01-31 14:00,11.1,190.7,2,0,1021.6,1026.2,52.2,0,0
763,2021-01-31 15:00,11.7,211.1,1.7,0,1020.8,1025.4,46.6,0,0
763,2021-01-31 16:00,12.1,211.3,1.4,0,1020.3,1024.9,44.2,0,0
763,2021-01-31 17:00,11.4,175.5,.9,0,1020.2,1024.8,49.2,0,0
763,2021-01-31 18:00,10.9,179.1,1.3,0,1020.2,1024.8,53.2,0,0
763,2021-01-31 19:00,10.1,154,1.6,0,1020.2,1024.9,58.2,0,0
763,2021-01-31 20:00,9.9,164.4,1.7,0,1019.9,1024.5,62.4,0,0
763,2021-01-31 21:00,9.7,155.8,2.2,0,1019.5,1024.1,65.5,0,0
763,2021-01-31 22:00,9.9,155.9,3.2,0,1018.5,1023.1,66.4,0,0
763,2021-01-31 23:00,10.3,158.5,2.8,0,1018.2,1022.8,65.6,0,0
763,2021-02-01 00:00,10,167.5,2.9,0,1017.2,1021.9,70.6,0,0
763,2021-02-01 01:00,9.5,153.9,3,0,1016.4,1021,79.1,0,0
763,2021-02-01 02:00,8.9,155.5,2.8,1.5,1015.3,1019.9,92.3,0,0
763,2021-02-01 03:00,9.1,166.6,2.4,3,1014.6,1019.2,95,0,0
763,2021-02-01 04:00,9.3,166.5,2.1,.5,1014,1018.6,95.5,0,0
763,2021-02-01 05:00,10.1,194.6,2.1,0,1013.6,1018.2,93.9,0,0
763,2021-02-01 06:00,9.8,220.9,1.3,.5,1013.5,1018.1,94.5,0,0
763,2021-02-01 07:00,9.5,211.8,1.2,0,1013,1017.6,93.9,0,0
763,2021-02-01 08:00,9.1,247,2,0,1013.3,1017.9,93.6,0,0
763,2021-02-01 09:00,8.9,245,1.7,0,1013.6,1018.2,91.8,0,0
763,2021-02-01 10:00,9.3,225.9,1.9,0,1013.4,1018,88.1,0,0
763,2021-02-01 11:00,9.5,251.2,2.4,0,1013.5,1018.1,83.3,0,0
763,2021-02-01 12:00,9.8,246.6,1.5,0,1012.6,1017.2,80.9,0,0
763,2021-02-01 13:00,10.5,220,1.6,0,1011.5,1016.1,74.6,0,0
763,2021-02-01 14:00,10.8,246.5,1.8,0,1011,1015.6,72.5,0,0
763,2021-02-01 15:00,10.6,252.1,3.2,0,1010.5,1015.1,75.4,0,0
763,2021-02-01 16:00,10.3,247.7,2.4,0,1010.7,1015.3,76.4,0,0
763,2021-02-01 17:00,9.2,252.6,2.3,0,1011.4,1016,80.3,0,0
763,2021-02-01 18:00,7.8,251.8,2.2,0,1012.1,1016.8,83,0,0
763,2021-02-01 19:00,6.8,248.7,1.9,0,1012.7,1017.4,86,0,0
763,2021-02-01 20:00,5.5,273.1,1.2,0,1013.8,1018.5,89.9,0,0
763,2021-02-01 21:00,4.5,250.8,.5,0,1014.8,1019.5,92.8,0,0
763,2021-02-01 22:00,4.3,275,1.3,0,1016.1,1020.8,89,0,0
763,2021-02-01 23:00,3,0,.4,0,1017.1,1021.9,87.7,0,0
763,2021-02-02 00:00,2.6,325.1,2.6,0,1018.5,1023.3,56.9,0,0
763,2021-02-02 01:00,1.3,339.7,1.6,0,1018.7,1023.5,63.3,0,0
763,2021-02-02 02:00,.2,314.9,3.5,0,1019.9,1024.7,59.4,0,0
763,2021-02-02 03:00,-1.1,314.9,2.6,0,1021.3,1026.2,57.9,0,0
763,2021-02-02 04:00,-2.2,292.2,1.2,0,1021.9,1026.8,54.4,0,0
763,2021-02-02 05:00,-2,327.3,1.7,0,1022,1026.9,41.7,0,0
763,2021-02-02 06:00,-2.5,325.3,1.9,0,1022.2,1027.1,38.7,0,0
763,2021-02-02 07:00,-3,326.9,3,0,1022.9,1027.8,32.7,0,0
763,2021-02-02 08:00,-3.5,310.3,2.7,0,1023.2,1028.1,38.1,0,0
763,2021-02-02 09:00,-3.1,311.4,3,0,1023.6,1028.5,39,0,0
763,2021-02-02 10:00,-2.7,296.4,3,0,1024,1028.9,37.4,0,0
763,2021-02-02 11:00,-1.8,314.7,2.5,0,1024.3,1029.2,37.4,0,0
763,2021-02-02 12:00,-1.3,307.8,3.4,0,1024.1,1029,32.2,0,0
763,2021-02-02 13:00,-.8,315.6,2.9,0,1023.2,1028.1,33.1,0,0
763,2021-02-02 14:00,-.7,295.5,4.1,0,1022.9,1027.8,32.2,0,0
763,2021-02-02 15:00,-1,305.7,3.4,0,1023,1027.9,34.2,0,0
763,2021-02-02 16:00,-.5,329.2,2.5,0,1022.9,1027.8,35.1,0,0
763,2021-02-02 17:00,-1.1,304.6,2.9,0,1022.5,1027.4,40.8,0,0
763,2021-02-02 18:00,-2.2,339.2,1.7,0,1022.6,1027.5,45.7,0,0
763,2021-02-02 19:00,-4.2,0,0,0,1022.7,1027.6,67.5,0,0
763,2021-02-02 20:00,-3.3,217.3,.8,0,1022.6,1027.5,57.9,0,0
763,2021-02-02 21:00,-2.7,221,.5,0,1022.8,1027.7,59.9,0,0
763,2021-02-02 22:00,-3.2,212.6,.8,0,1022.6,1027.5,66.5,0,0
763,2021-02-02 23:00,-3.1,202,1,0,1022.4,1027.3,73.1,0,0
763,2021-02-03 00:00,-4,229.2,.7,0,1023.2,1028.1,92.1,0,0
763,2021-02-03 01:00,-5.9,0,.3,0,1024.2,1029.2,95.1,0,0
763,2021-02-03 02:00,-7.4,0,.3,0,1024.8,1029.8,95.5,0,0
763,2021-02-03 03:00,-5.6,357.8,.7,0,1025.5,1030.5,93,0,0
763,2021-02-03 04:00,-6.4,0,.1,0,1025.6,1030.6,84.4,0,0
763,2021-02-03 05:00,-8.7,0,0,0,1025.4,1030.4,92.5,0,0
763,2021-02-03 06:00,-9,0,0,0,1025.2,1030.2,92.4,0,0
763,2021-02-03 07:00,-9.2,0,.4,0,1025.3,1030.3,92.2,0,0
763,2021-02-03 08:00,-8.8,0,.3,0,1025.5,1030.5,91.4,0,0
763,2021-02-03 09:00,-5.6,129.4,1.1,0,1025.1,1030.1,73.5,0,0
763,2021-02-03 10:00,-3.2,263.6,.9,0,1024.8,1029.7,47.3,0,0
763,2021-02-03 11:00,-1.7,307.1,.6,0,1024.8,1029.7,45.3,0,0
763,2021-02-03 12:00,0,195.3,.7,0,1024,1028.9,41.2,0,0
763,2021-02-03 13:00,.9,285.9,1.9,0,1023,1027.8,34.2,0,0
763,2021-02-03 14:00,1.9,272.2,2.5,0,1022.3,1027.1,31.4,0,0
763,2021-02-03 15:00,2.4,258.3,2.1,0,1021.4,1026.2,31.3,0,0
763,2021-02-03 16:00,2.6,268.2,2.2,0,1021.1,1025.9,34.8,0,0
763,2021-02-03 17:00,2.4,199.9,1.1,0,1020.7,1025.5,37,0,0
763,2021-02-03 18:00,1.3,0,.3,0,1020.7,1025.5,41.6,0,0
763,2021-02-03 19:00,.7,226.9,.8,0,1021.1,1025.9,58.3,0,0
763,2021-02-03 20:00,1.2,166,1.4,0,1019.6,1024.4,58.2,0,0
763,2021-02-03 21:00,1.5,163.8,2.1,0,1019.2,1024,44.6,0,0
763,2021-02-03 22:00,2.2,163.6,2.5,0,1018.3,1023.1,45.6,0,0
763,2021-02-03 23:00,2.9,161.8,1.7,0,1018.4,1023.2,49.1,0,0
763,2021-02-04 00:00,1.7,209.5,2.2,0,1018.8,1023.6,80.3,0,0
763,2021-02-04 01:00,.5,254.5,1.3,.5,1019.4,1024.2,97.2,0,0
763,2021-02-04 02:00,2,228.4,1.2,0,1019.2,1024,96.5,0,0
763,2021-02-04 03:00,2.9,250.3,1.6,0,1020,1024.8,91.3,0,0
763,2021-02-04 04:00,2,326,1.4,0,1021.1,1025.9,88.3,0,0
763,2021-02-04 05:00,.2,347.9,2,0,1022.4,1027.3,72.3,0,0
763,2021-02-04 06:00,-1.5,331.9,1,0,1023.3,1028.2,54.2,0,0
763,2021-02-04 07:00,-3,0,.4,0,1024.4,1029.3,60.5,0,0
763,2021-02-04 08:00,-3.5,359.7,.8,0,1025,1029.9,59.3,0,0
763,2021-02-04 09:00,-2.4,18.3,2,0,1025.5,1030.4,53.5,0,0
763,2021-02-04 10:00,-1.5,6,1.8,0,1025.9,1030.8,51.4,0,0
763,2021-02-04 11:00,-.8,1.6,1.8,0,1026.1,1031,47.7,0,0
763,2021-02-04 12:00,0,44.7,1.7,0,1025.8,1030.7,42.3,0,0
763,2021-02-04 13:00,1,46,1.9,0,1024.7,1029.5,39.1,0,0
763,2021-02-04 14:00,1.3,9.3,1.4,0,1024.4,1029.2,34,0,0
763,2021-02-04 15:00,2,284.8,2.2,0,1024.3,1029.1,32.3,0,0
763,2021-02-04 16:00,3.1,352.6,1.4,0,1024.1,1028.9,30.1,0,0
763,2021-02-04 17:00,2.4,347.7,1,0,1023.1,1027.9,33.3,0,0
763,2021-02-04 18:00,.7,0,.1,0,1022.9,1027.7,44.1,0,0
763,2021-02-04 19:00,-1.6,0,.2,0,1023.1,1028,60.5,0,0
763,2021-02-04 20:00,-2.6,0,.1,0,1023.3,1028.2,63.2,0,0
763,2021-02-04 21:00,-3.3,0,.1,0,1023.3,1028.2,74.2,0,0
763,2021-02-04 22:00,-4.4,0,0,0,1023.2,1028.1,79.1,0,0
763,2021-02-04 23:00,-4.7,0,0,0,1023.5,1028.4,82.9,0,0
763,2021-02-05 00:00,-4.2,0,.3,0,1023.7,1028.6,77.7,0,0
763,2021-02-05 01:00,-4.6,125.5,.5,0,1023.7,1028.6,80.5,0,0
763,2021-02-05 02:00,-5,0,.3,0,1023.2,1028.2,85.2,0,0
763,2021-02-05 03:00,-2.7,133.8,.8,0,1022.7,1027.6,70.2,0,0
763,2021-02-05 04:00,-4.7,0,0,0,1022.3,1027.2,83.7,0,0
763,2021-02-05 05:00,-5.7,0,.3,0,1021.9,1026.9,87,0,0
763,2021-02-05 06:00,-6.4,0,0,0,1021,1026,90.8,0,0
763,2021-02-05 07:00,-6.5,0,0,0,1021,1026,92,0,0
763,2021-02-05 08:00,-6.6,0,.2,0,1020.7,1025.7,92.7,0,0
763,2021-02-05 09:00,-3.6,0,.1,0,1020.3,1025.2,82.2,0,0
763,2021-02-05 10:00,-1.8,48.1,.6,0,1020.2,1025.1,79.4,0,0
763,2021-02-05 11:00,1,25.7,.5,0,1020.1,1024.9,69.8,0,0
763,2021-02-05 12:00,3.9,24.8,1.6,0,1019.4,1024.2,56.2,0,0
763,2021-02-05 13:00,6.7,170.5,.9,0,1018,1022.7,30.3,0,0
763,2021-02-05 14:00,7.2,247.4,2.1,0,1017.1,1021.8,32,0,0
763,2021-02-05 15:00,7,268.8,2.3,0,1016.7,1021.4,39.2,0,0
763,2021-02-05 16:00,7.5,239.5,1.8,0,1015.9,1020.6,31.3,0,0
763,2021-02-05 17:00,6.9,221,.6,0,1015.1,1019.8,40.4,0,0
763,2021-02-05 18:00,5.7,283.9,.7,0,1015,1019.7,45.4,0,0
763,2021-02-05 19:00,4.1,0,.1,0,1015,1019.7,52.9,0,0
763,2021-02-05 20:00,2.6,0,0,0,1015,1019.8,64.7,0,0
763,2021-02-05 21:00,2,0,.2,0,1015,1019.8,66.8,0,0
763,2021-02-05 22:00,1.5,0,.3,0,1014.8,1019.6,60.6,0,0
763,2021-02-05 23:00,-.7,0,.4,0,1014.9,1019.7,69.8,0,0
763,2021-02-06 00:00,-1,0,.2,0,1014.5,1019.3,68.6,0,0
763,2021-02-06 01:00,-1.5,0,.1,0,1014.4,1019.2,70.7,0,0
763,2021-02-06 02:00,4.9,163.7,1,0,1014.1,1018.8,36.8,0,0
763,2021-02-06 03:00,2.7,0,.2,0,1014.1,1018.9,54.1,0,0
763,2021-02-06 04:00,4.6,154.1,1.1,0,1013.4,1018.1,47.8,0,0
763,2021-02-06 05:00,4,134.9,1.1,0,1013,1017.7,59.8,0,0
763,2021-02-06 06:00,6,176,1,0,1012.9,1017.6,68.1,0,0
763,2021-02-06 07:00,5.6,143.2,.9,0,1013.1,1017.8,72.8,0,0
763,2021-02-06 08:00,6.5,164.5,.7,0,1013,1017.7,76.4,0,0
763,2021-02-06 09:00,7.1,175.8,1.1,0,1013.1,1017.8,76.8,0,0
763,2021-02-06 10:00,7.3,173.3,1.5,0,1013.4,1018.1,75.5,0,0
763,2021-02-06 11:00,7.5,187.8,1.1,0,1013.6,1018.3,77.7,0,0
763,2021-02-06 12:00,7.7,194.3,1.3,0,1013.7,1018.4,79,0,0
763,2021-02-06 13:00,8.2,177.8,1.7,0,1012.9,1017.6,78.5,0,0
763,2021-02-06 14:00,8.5,173.7,1.6,0,1012.4,1017,78.9,0,0
763,2021-02-06 15:00,9.3,183.1,1.5,0,1012.3,1016.9,75.6,0,0
763,2021-02-06 16:00,10,196.6,1.1,0,1012.4,1017,74.7,0,0
763,2021-02-06 17:00,9.8,209.1,1,0,1012.3,1016.9,76.1,0,0
763,2021-02-06 18:00,9.4,183.7,.9,0,1012.3,1016.9,79.3,0,0
763,2021-02-06 19:00,8.8,165.1,1.2,0,1012,1016.6,82.7,0,0
763,2021-02-06 20:00,8.1,258.6,2,0,1012.3,1017,87.2,0,0
763,2021-02-06 21:00,8,262,2.6,0,1012.4,1017.1,87,0,0
763,2021-02-06 22:00,7.8,250.2,1.7,0,1013.1,1017.8,87,0,0
763,2021-02-06 23:00,7.6,250.8,2.3,0,1013.9,1018.6,89.6,0,0
763,2021-02-07 00:00,7.7,201.4,1.7,0,1014.1,1018.8,89.4,0,0
763,2021-02-07 01:00,7.7,226.2,1.3,0,1014.2,1018.9,88.3,0,0
763,2021-02-07 02:00,6.6,257.6,1.1,0,1014.9,1019.6,90.8,0,0
763,2021-02-07 03:00,6.1,0,.4,0,1014.8,1019.5,87.6,0,0
763,2021-02-07 04:00,5.8,0,.1,0,1014.8,1019.5,91.8,0,0
763,2021-02-07 05:00,4.3,0,.3,0,1014.7,1019.4,96.5,0,0
763,2021-02-07 06:00,3.3,0,0,0,1015,1019.8,98.5,0,0
763,2021-02-07 07:00,3.8,0,0,0,1015.9,1020.6,99.1,0,0
763,2021-02-07 08:00,2.1,0,0,0,1016.6,1021.4,99.3,0,0
763,2021-02-07 09:00,3.4,0,0,0,1017.3,1022.1,99.9,0,0
763,2021-02-07 10:00,7,279.4,.6,0,1017.6,1022.3,85.8,0,0
763,2021-02-07 11:00,6.4,37.9,1.8,0,1017.7,1022.4,92.4,0,0
763,2021-02-07 12:00,7.9,24.8,1.8,0,1017.9,1022.6,83.6,0,0
763,2021-02-07 13:00,9,281.4,1.8,0,1017.1,1021.8,66.3,0,0
763,2021-02-07 14:00,9.9,317.8,2.3,0,1016.8,1021.4,54.9,0,0
763,2021-02-07 15:00,10.8,286.1,2.5,0,1016.8,1021.4,52.4,0,0
763,2021-02-07 16:00,10.4,309.8,1.9,0,1017.1,1021.7,48.8,0,0
763,2021-02-07 17:00,8.6,257,2,0,1017.5,1022.2,72.8,0,0
763,2021-02-07 18:00,7.3,269.1,1.8,0,1018.4,1023.1,73.5,0,0
763,2021-02-07 19:00,5.9,283.4,2.1,0,1019.3,1024,72.4,0,0
763,2021-02-07 20:00,4.3,336.9,1.6,0,1019.5,1024.3,57.9,0,0
763,2021-02-07 21:00,2.6,294.5,1.2,0,1019.9,1024.7,50.8,0,0
763,2021-02-07 22:00,-.9,270.3,.6,0,1020.3,1025.2,71.3,0,0
763,2021-02-07 23:00,-1.9,302.1,1,0,1021.1,1026,72.5,0,0
763,2021-02-08 00:00,-1.1,295.7,1.8,0,1021.7,1026.6,67.1,0,0
763,2021-02-08 01:00,-1.5,306.2,.9,0,1021.6,1026.5,71.8,0,0
763,2021-02-08 02:00,-2.4,315.2,1.2,0,1022,1026.9,75.4,0,0
763,2021-02-08 03:00,-3.3,0,.1,0,1022.2,1027.1,73.3,0,0
763,2021-02-08 04:00,-2.4,332.5,1.2,0,1022,1026.9,61.7,0,0
763,2021-02-08 05:00,-5.4,0,.1,0,1022.3,1027.2,81.7,0,0
763,2021-02-08 06:00,-6.2,0,.4,0,1022.7,1027.7,86.9,0,0
763,2021-02-08 07:00,-6.2,0,.2,0,1023.2,1028.2,86.9,0,0
763,2021-02-08 08:00,-6.2,0,0,0,1024.1,1029.1,87.9,0,0
763,2021-02-08 09:00,-2.5,301.7,1.4,0,1025.2,1030.1,68.1,0,0
763,2021-02-08 10:00,-.5,355.6,3.1,0,1025.5,1030.4,58.2,0,0
763,2021-02-08 11:00,.2,328.8,3.3,0,1026,1030.9,48.1,0,0
763,2021-02-08 12:00,1.4,351.7,3.4,0,1025.9,1030.7,35.3,0,0
763,2021-02-08 13:00,2,356.1,3.9,0,1025.2,1030,28.1,0,0
763,2021-02-08 14:00,2.7,343.1,3.8,0,1025,1029.8,26.1,0,0
763,2021-02-08 15:00,2.4,4,3.2,0,1025.1,1029.9,28.9,0,0
763,2021-02-08 16:00,1.9,353,3.1,0,1025.2,1030,28.9,0,0
763,2021-02-08 17:00,.7,340.3,2.2,0,1025.4,1030.3,32.7,0,0
763,2021-02-08 18:00,-.6,315.4,1.7,0,1025.8,1030.7,38,0,0
763,2021-02-08 19:00,-1.7,306.8,1.8,0,1026.1,1031,45.5,0,0
763,2021-02-08 20:00,-2.4,0,.3,0,1026.2,1031.1,49.1,0,0
763,2021-02-08 21:00,-4.2,0,.1,0,1026.5,1031.5,61.4,0,0
763,2021-02-08 22:00,-5.4,0,0,0,1026.7,1031.7,75.9,0,0
763,2021-02-08 23:00,-4.7,0,.3,0,1026.7,1031.7,64.7,0,0
763,2021-02-09 00:00,-5.4,0,.4,0,1027,1032,67.9,0,0
763,2021-02-09 01:00,-6.3,0,.1,0,1027.1,1032.1,77.6,0,0
763,2021-02-09 02:00,-6.3,0,0,0,1027,1032,76.4,0,0
763,2021-02-09 03:00,-7,0,.3,0,1027.2,1032.2,79.4,0,0
763,2021-02-09 04:00,-6.3,0,.4,0,1026.6,1031.6,78.2,0,0
763,2021-02-09 05:00,-6.7,0,0,0,1026.3,1031.3,81.8,0,0
763,2021-02-09 06:00,-6.8,0,.2,0,1026.3,1031.3,76.7,0,0
763,2021-02-09 07:00,-7.2,0,.1,0,1026.2,1031.2,81.8,0,0
763,2021-02-09 08:00,-7.6,0,.1,0,1026.4,1031.4,84.2,0,0
763,2021-02-09 09:00,-4.1,0,.1,0,1026.4,1031.3,69.7,0,0
763,2021-02-09 10:00,-1.5,55.6,1.2,0,1026.5,1031.4,69.5,0,0
763,2021-02-09 11:00,.7,39.8,1.6,0,1026.8,1031.7,52.9,0,0
763,2021-02-09 12:00,1.9,58.5,1.5,0,1026.5,1031.3,42.2,0,0
763,2021-02-09 13:00,3.3,25.3,1.1,0,1025.3,1030.1,33.8,0,0
763,2021-02-09 14:00,4.2,267.6,1.3,0,1024.5,1029.3,32.8,0,0
763,2021-02-09 15:00,4.6,276.2,2.2,0,1023.7,1028.5,37,0,0
763,2021-02-09 16:00,5.3,112.6,.7,0,1023.5,1028.3,38.5,0,0
763,2021-02-09 17:00,4.9,246.3,1.9,0,1023.3,1028.1,44.8,0,0
763,2021-02-09 18:00,3.2,245.6,1.6,0,1023.1,1027.9,52.8,0,0
763,2021-02-09 19:00,1.6,225.3,.6,0,1023.2,1028,57.7,0,0
763,2021-02-09 20:00,-1.2,0,.4,0,1023.8,1028.7,70.3,0,0
763,2021-02-09 21:00,-2,0,.3,0,1023.7,1028.6,72.8,0,0
763,2021-02-09 22:00,-2.3,0,.3,0,1024.3,1029.2,72.2,0,0
763,2021-02-09 23:00,-2.7,0,0,0,1024.2,1029.1,78.1,0,0
763,2021-02-10 00:00,-3.5,0,0,0,1023.8,1028.7,82.1,0,0
763,2021-02-10 01:00,-3.3,0,.2,0,1024.3,1029.2,85.1,0,0
763,2021-02-10 02:00,-4,0,0,0,1023.6,1028.5,83.5,0,0
763,2021-02-10 03:00,-4.8,0,0,0,1023.3,1028.2,90.4,0,0
763,2021-02-10 04:00,-5.5,0,0,0,1022.7,1027.7,92.5,0,0
763,2021-02-10 05:00,-5.7,0,.2,0,1022.1,1027.1,93.2,0,0
763,2021-02-10 06:00,-5.9,0,0,0,1022.1,1027.1,93.6,0,0
763,2021-02-10 07:00,-5.9,0,0,0,1022.3,1027.3,94.6,0,0
763,2021-02-10 08:00,-5.4,0,0,0,1022.8,1027.8,95.3,0,0
763,2021-02-10 09:00,-2.7,0,0,0,1023.1,1028,88.7,0,0
763,2021-02-10 10:00,.8,10.7,.7,0,1022.9,1027.7,73.9,0,0
763,2021-02-10 11:00,4.1,35.5,.6,0,1022.6,1027.4,65.8,0,0
763,2021-02-10 12:00,6.2,271.3,1.5,0,1022.6,1027.3,60.9,0,0
763,2021-02-10 13:00,6.8,289.5,2.9,0,1021.8,1026.5,59,0,0
763,2021-02-10 14:00,7.1,253.1,2.3,0,1020.7,1025.4,57.1,0,0
763,2021-02-10 15:00,8.1,285,2.4,0,1020.6,1025.3,55.1,0,0
763,2021-02-10 16:00,8.2,259.6,2.1,0,1020.6,1025.3,56,0,0
763,2021-02-10 17:00,7.7,263.2,2.4,0,1020.5,1025.2,59.1,0,0
763,2021-02-10 18:00,6.8,251.5,1.7,0,1020.9,1025.6,63.1,0,0
763,2021-02-10 19:00,3.2,0,.4,0,1021.5,1026.3,76.8,0,0
763,2021-02-10 20:00,1.7,0,.1,0,1021.9,1026.7,84.5,0,0
763,2021-02-10 21:00,1.4,0,.1,0,1021.6,1026.4,86.8,0,0
763,2021-02-10 22:00,.4,0,.2,0,1022,1026.8,92,0,0
763,2021-02-10 23:00,-.7,0,0,0,1022.8,1027.7,91.6,0,0
763,2021-02-11 00:00,-1,33.4,.5,0,1022.9,1027.8,95.6,0,0
763,2021-02-11 01:00,-.9,0,0,0,1022.8,1027.7,97.1,0,0
763,2021-02-11 02:00,-.7,0,0,0,1021.6,1026.5,97.3,0,0
763,2021-02-11 03:00,-1.4,0,.4,0,1021.8,1026.7,97.9,0,0
763,2021-02-11 04:00,-1.9,0,.2,0,1021.8,1026.7,98.5,0,0
763,2021-02-11 05:00,-1.3,0,0,0,1022.2,1027.1,98.7,0,0
763,2021-02-11 06:00,-.3,0,.1,0,1022.6,1027.5,98.1,0,0
763,2021-02-11 07:00,-1.3,0,.1,0,1022.3,1027.2,98,0,0
763,2021-02-11 08:00,-1.2,0,.2,0,1022.6,1027.5,99,0,0
763,2021-02-11 09:00,.5,0,.3,0,1022.6,1027.4,97.5,0,0
763,2021-02-11 10:00,2.9,23.8,.7,0,1023.4,1028.2,86.5,0,0
763,2021-02-11 11:00,5.6,15,1.6,0,1022.6,1027.4,75.3,0,0
763,2021-02-11 12:00,8.6,17.4,2.5,0,1021.6,1026.3,59.6,0,0
763,2021-02-11 13:00,10.5,27.6,2.1,0,1020.8,1025.5,48.2,0,0
763,2021-02-11 14:00,12.2,4,2.1,0,1019.7,1024.3,36.6,0,0
763,2021-02-11 15:00,12.1,.8,2,0,1019.2,1023.8,35.8,0,0
763,2021-02-11 16:00,12.1,351.8,1.4,0,1019.1,1023.7,39.1,0,0
763,2021-02-11 17:00,11.2,320.3,1,0,1019.2,1023.8,42.9,0,0
763,2021-02-11 18:00,8.8,0,0,0,1020.2,1024.9,51.1,0,0
763,2021-02-11 19:00,6.1,0,0,0,1019.7,1024.4,65.9,0,0
763,2021-02-11 20:00,5.4,0,.1,0,1020.2,1024.9,67,0,0
763,2021-02-11 21:00,4.5,0,.4,0,1020.6,1025.4,70.7,0,0
763,2021-02-11 22:00,3.2,0,.3,0,1020.6,1025.4,78.9,0,0
763,2021-02-11 23:00,1.8,0,0,0,1020.7,1025.5,86.1,0,0
763,2021-02-12 00:00,1.1,0,0,0,1020.8,1025.6,87.6,0,0
763,2021-02-12 01:00,.7,0,0,0,1020.8,1025.6,92.6,0,0
763,2021-02-12 02:00,.2,0,0,0,1021.1,1025.9,96,0,0
763,2021-02-12 03:00,0,0,0,0,1021,1025.8,97.5,0,0
763,2021-02-12 04:00,-.2,0,0,0,1020.9,1025.7,97.7,0,0
763,2021-02-12 05:00,.2,0,0,0,1020.4,1025.2,97.5,0,0
763,2021-02-12 06:00,.3,0,0,0,1020.4,1025.2,98.2,0,0
763,2021-02-12 07:00,-.5,0,0,0,1020.8,1025.7,98.5,0,0
763,2021-02-12 08:00,-.2,0,0,0,1021.1,1025.9,98.6,0,0
763,2021-02-12 09:00,1.4,0,0,0,1021.7,1026.5,96.3,0,0
763,2021-02-12 10:00,5.7,264.8,.9,0,1021.5,1026.2,74.1,0,0
763,2021-02-12 11:00,7.9,298,1.4,0,1021.9,1026.6,65,0,0
763,2021-02-12 12:00,10.9,244.5,.7,0,1021.3,1025.9,45.6,0,0
763,2021-02-12 13:00,12.9,286.7,1.4,0,1020.7,1025.3,33.3,0,0
763,2021-02-12 14:00,13.9,53.9,1.7,0,1020,1024.6,26.4,0,0
763,2021-02-12 15:00,14.5,352.3,1.7,0,1019.7,1024.3,18.9,0,0
763,2021-02-12 16:00,15.1,357.2,1.4,0,1019.4,1024,19.9,0,0
763,2021-02-12 17:00,14.2,333,.6,0,1019.4,1024,22.8,0,0
763,2021-02-12 18:00,11.7,260.7,1.9,0,1019.9,1024.5,37.2,0,0
763,2021-02-12 19:00,9.4,231.1,.9,0,1020.5,1025.2,40.6,0,0
763,2021-02-12 20:00,5.2,0,0,0,1020.8,1025.6,60.8,0,0
763,2021-02-12 21:00,4,0,.2,0,1020.9,1025.7,62.8,0,0
763,2021-02-12 22:00,2.4,0,.3,0,1021.2,1026,73.5,0,0
763,2021-02-12 23:00,1.6,0,0,0,1021.3,1026.1,75.7,0,0
763,2021-02-13 00:00,.5,0,.1,0,1021.7,1026.5,78.9,0,0
763,2021-02-13 01:00,-.1,0,0,0,1021.6,1026.4,81.7,0,0
763,2021-02-13 02:00,-.7,0,0,0,1021.8,1026.7,86.3,0,0
763,2021-02-13 03:00,-1.3,0,.1,0,1022,1026.9,89,0,0
763,2021-02-13 04:00,-1.4,0,.3,0,1021.8,1026.7,91.1,0,0
763,2021-02-13 05:00,-1.7,0,.3,0,1021.4,1026.3,89.9,0,0
763,2021-02-13 06:00,-2,0,0,0,1021.5,1026.4,92.5,0,0
763,2021-02-13 07:00,-2.4,0,0,0,1021.7,1026.6,93.2,0,0
763,2021-02-13 08:00,-2.5,0,0,0,1022.6,1027.5,93.6,0,0
763,2021-02-13 09:00,1.1,0,0,0,1023.1,1027.9,82.6,0,0
763,2021-02-13 10:00,6.2,0,0,0,1022.5,1027.2,59.4,0,0
763,2021-02-13 11:00,9.3,42.4,1,0,1022.2,1026.9,50.8,0,0
763,2021-02-13 12:00,11.7,41.9,1.6,0,1021.6,1026.2,44.3,0,0
763,2021-02-13 13:00,14.1,349.5,1.8,0,1020.5,1025.1,32.2,0,0
763,2021-02-13 14:00,15.3,354.1,1.4,0,1019.2,1023.8,25,0,0
763,2021-02-13 15:00,16.1,337.5,1.6,0,1018.5,1023,24.3,0,0
763,2021-02-13 16:00,16.5,351,1.7,0,1018.1,1022.6,21.9,0,0
763,2021-02-13 17:00,15.8,345.9,1.1,0,1017.7,1022.2,23.1,0,0
763,2021-02-13 18:00,12,0,0,0,1017.9,1022.5,35.9,0,0
763,2021-02-13 19:00,7.7,0,.1,0,1018,1022.7,52,0,0
763,2021-02-13 20:00,5.9,0,0,0,1018,1022.7,57.5,0,0
763,2021-02-13 21:00,5.2,0,.1,0,1018.2,1022.9,59.8,0,0
763,2021-02-13 22:00,4.5,0,0,0,1017.7,1022.4,64.3,0,0
763,2021-02-13 23:00,2.8,0,0,0,1017.5,1022.3,74,0,0
763,2021-02-14 00:00,2.1,0,0,0,1017.6,1022.4,78.8,0,0
763,2021-02-14 01:00,2.2,0,0,0,1016.5,1021.3,78.1,0,0
763,2021-02-14 02:00,1.1,0,0,0,1016.3,1021.1,82.2,0,0
763,2021-02-14 03:00,1.8,0,0,0,1016,1020.8,80.2,0,0
763,2021-02-14 04:00,3,0,.2,0,1015.3,1020.1,77.9,0,0
763,2021-02-14 05:00,3.8,0,.2,0,1014.8,1019.5,76.2,0,0
763,2021-02-14 06:00,4.2,0,.2,0,1014.6,1019.3,78.2,0,0
763,2021-02-14 07:00,3.7,0,.3,0,1014.7,1019.4,95.6,0,0
763,2021-02-14 08:00,4.2,288.8,.5,0,1014.4,1019.1,94,0,0
763,2021-02-14 09:00,5.1,271.2,.5,0,1014.7,1019.4,85.5,0,0
763,2021-02-14 10:00,6.9,315.3,.6,0,1014,1018.7,80.5,0,0
763,2021-02-14 11:00,9.2,25,1,0,1013.5,1018.1,71.3,0,0
763,2021-02-14 12:00,11.3,23.1,1.2,0,1012.2,1016.8,56.7,0,0
763,2021-02-14 13:00,14.1,333.9,1.2,0,1011.1,1015.6,52.9,0,0
763,2021-02-14 14:00,14,16.8,.7,0,1009.9,1014.4,51.3,0,0
763,2021-02-14 15:00,14.9,295.5,2.1,0,1009.3,1013.8,50.2,0,0
763,2021-02-14 16:00,15.6,305.5,1,0,1008.5,1013,46,0,0
763,2021-02-14 17:00,14.4,285.5,2,0,1008.4,1012.9,49.4,0,0
763,2021-02-14 18:00,11.9,322,1.1,0,1008.7,1013.3,52.2,0,0
763,2021-02-14 19:00,8.7,0,.2,0,1008.7,1013.3,86.2,0,0
763,2021-02-14 20:00,7.6,256.8,.5,.5,1008.3,1012.9,96.2,0,0
763,2021-02-14 21:00,7.3,0,.2,.5,1008.2,1012.8,95.5,0,0
763,2021-02-14 22:00,7.7,120.6,1.5,0,1007.9,1012.5,79.5,0,0
763,2021-02-14 23:00,7.1,227.3,.5,0,1007.4,1012,84.9,0,0
763,2021-02-15 00:00,7,0,.2,0,1007.3,1012,81,0,0
763,2021-02-15 01:00,7.8,251.1,.8,0,1007.2,1011.8,67.8,0,0
763,2021-02-15 02:00,7.6,208.9,.5,0,1006.9,1011.5,70.5,0,0
763,2021-02-15 03:00,7.6,173.3,.7,0,1006.3,1010.9,71.8,0,0
763,2021-02-15 04:00,6.7,179.4,.8,0,1006.2,1010.9,76.2,0,0
763,2021-02-15 05:00,6.5,0,.2,0,1006.3,1011,77.8,0,0
763,2021-02-15 06:00,5.7,125.4,.6,0,1006.2,1010.9,93,0,0
763,2021-02-15 07:00,5.8,0,.4,0,1006.1,1010.8,93.3,0,0
763,2021-02-15 08:00,6.3,242.9,1.7,0,1006.2,1010.9,92.4,0,0
763,2021-02-15 09:00,5.5,267.1,4.5,0,1007,1011.7,96,0,0
763,2021-02-15 10:00,4.3,277.7,5.6,0,1008,1012.7,88.1,0,0
763,2021-02-15 11:00,4.3,273,5.3,0,1008.9,1013.6,79.9,0,0
763,2021-02-15 12:00,3.6,277.5,5.8,0,1009.4,1014.1,68.5,0,0
763,2021-02-15 13:00,4.3,276.3,5.8,0,1009,1013.7,56,0,0
763,2021-02-15 14:00,4.2,282.7,6.2,0,1009.1,1013.8,50,0,0
763,2021-02-15 15:00,3.4,284.1,6.8,0,1009.5,1014.2,46.1,0,0
763,2021-02-15 16:00,1.4,284.4,5.5,0,1009.9,1014.7,53.4,0,0
763,2021-02-15 17:00,.7,282.7,5.6,0,1010.4,1015.2,53.5,0,0
763,2021-02-15 18:00,-.4,271.2,3.4,0,1011.3,1016.1,59.9,0,0
763,2021-02-15 19:00,-1.2,281.5,3.1,0,1012.6,1017.4,62.5,0,0
763,2021-02-15 20:00,-1.6,289.7,2.9,0,1012.5,1017.3,62.3,0,0
763,2021-02-15 21:00,-1.5,289.7,2,0,1013.5,1018.3,61.3,0,0
763,2021-02-15 22:00,-.9,291.9,2.7,0,1014.2,1019,59.9,0,0
763,2021-02-15 23:00,-1,308,1.9,0,1014.4,1019.2,57.6,0,0
763,2021-02-16 00:00,-1.2,312.9,1.8,0,1014.5,1019.3,58.5,0,0
763,2021-02-16 01:00,-1.6,325.2,1.1,0,1015.1,1019.9,60.6,0,0
763,2021-02-16 02:00,-2,326.6,1.1,0,1015.4,1020.3,60.1,0,0
763,2021-02-16 03:00,-3.8,336.5,.9,0,1015,1019.9,69.4,0,0
763,2021-02-16 04:00,-4.4,336.6,.6,0,1014.5,1019.4,73.9,0,0
763,2021-02-16 05:00,-5,0,.3,0,1013.9,1018.8,78.7,0,0
763,2021-02-16 06:00,-5.6,0,.3,0,1013.1,1018,81.7,0,0
763,2021-02-16 07:00,-5.7,0,.1,0,1012.9,1017.8,82.2,0,0
763,2021-02-16 08:00,-5.7,0,0,0,1013.6,1018.5,85.1,0,0
763,2021-02-16 09:00,-1.8,240.9,1.1,0,1014.9,1019.7,61.3,0,0
763,2021-02-16 10:00,-.3,233.8,1.9,0,1014.4,1019.2,43,0,0
763,2021-02-16 11:00,.9,227.9,1.7,0,1013.6,1018.4,37.9,0,0
763,2021-02-16 12:00,2,216.3,1.7,0,1012.4,1017.2,43,0,0
763,2021-02-16 13:00,1.4,198.9,1.3,0,1011.2,1016,54.1,0,0
763,2021-02-16 14:00,.7,218,.9,0,1009.8,1014.6,78.1,0,0
763,2021-02-16 15:00,-.3,0,.1,.5,1009.2,1014,97.6,0,0
763,2021-02-16 16:00,-.6,.8,2.7,2.5,1009.7,1014.5,97.7,0,0
763,2021-02-16 17:00,-2.6,2,2.7,0,1011.2,1016,88.8,0,0
763,2021-02-16 18:00,-3.3,351.7,2.1,0,1012.6,1017.5,81.7,0,0
763,2021-02-16 19:00,-4.9,280.7,.8,0,1013.6,1018.5,92.6,0,0
763,2021-02-16 20:00,-6.4,0,0,0,1014.3,1019.2,96.4,0,0
763,2021-02-16 21:00,-6,0,0,0,1014.4,1019.3,92.1,0,0
763,2021-02-16 22:00,-4.8,318.2,1.4,0,1015.3,1020.2,77.1,0,0
763,2021-02-16 23:00,-5.6,337.2,1.3,0,1015.4,1020.3,67.9,0,0
763,2021-02-17 00:00,-7.8,289.1,.6,0,1015.1,1020.1,86.1,0,0
763,2021-02-17 01:00,-6.3,285.1,.5,0,1015.2,1020.1,85.6,0,0
763,2021-02-17 02:00,-6.5,332.4,1.5,0,1015.8,1020.7,85,0,0
763,2021-02-17 03:00,-8.1,282.8,.6,0,1015.7,1020.7,84.9,0,0
763,2021-02-17 04:00,-10,0,0,0,1015.3,1020.3,93.4,0,0
763,2021-02-17 05:00,-10.8,0,.1,0,1015.2,1020.2,91.5,0,0
763,2021-02-17 06:00,-10.3,0,.3,0,1015.5,1020.5,88.2,0,0
763,2021-02-17 07:00,-8.2,324.7,.5,0,1015.6,1020.6,79.2,0,0
763,2021-02-17 08:00,-6.9,332.5,2,0,1015.8,1020.7,79.5,0,0
763,2021-02-17 09:00,-6.6,314.9,2.2,0,1016.1,1021,76.4,0,0
763,2021-02-17 10:00,-6.1,313.5,2.9,0,1016.1,1021,64.1,0,0
763,2021-02-17 11:00,-5.4,298.8,2.4,0,1016,1020.9,65.2,0,0
763,2021-02-17 12:00,-4.4,293.9,4.1,0,1015.8,1020.7,56.4,0,0
763,2021-02-17 13:00,-4.1,301.1,4.7,0,1015.5,1020.4,55.9,0,0
763,2021-02-17 14:00,-4.7,308.4,3.8,0,1015.1,1020,51.2,0,0
763,2021-02-17 15:00,-4.5,308.2,4.6,0,1015.4,1020.3,49.2,0,0
763,2021-02-17 16:00,-4.1,300.9,4.3,0,1015.8,1020.7,46.5,0,0
763,2021-02-17 17:00,-4.7,297.4,4.1,0,1016,1020.9,46.4,0,0
763,2021-02-17 18:00,-5.6,300.4,3.6,0,1016.6,1021.5,49.5,0,0
763,2021-02-17 19:00,-6.2,304.6,1.8,0,1017.1,1022,52.5,0,0
763,2021-02-17 20:00,-6.5,280.7,1.5,0,1017.1,1022,68.8,0,0
763,2021-02-17 21:00,-7,0,.2,0,1017.2,1022.2,84.9,0,0
763,2021-02-17 22:00,-6.7,289.2,1,0,1017.7,1022.7,85.4,0,0
763,2021-02-17 23:00,-6.8,329.4,1.8,0,1017.7,1022.7,71.5,0,0
763,2021-02-18 00:00,-6.9,344.6,1.9,0,1018,1023,64.7,0,0
763,2021-02-18 01:00,-7.8,3.2,1.5,0,1017.9,1022.9,75.9,0,0
763,2021-02-18 02:00,-9.1,0,.3,0,1017.9,1022.9,85.9,0,0
763,2021-02-18 03:00,-8,118.6,.5,0,1018,1023,79.5,0,0
763,2021-02-18 04:00,-9.5,0,0,0,1017.9,1022.9,87.6,0,0
763,2021-02-18 05:00,-10.1,0,0,0,1018.6,1023.6,90.1,0,0
763,2021-02-18 06:00,-9.9,0,.2,0,1018.6,1023.6,86.6,0,0
763,2021-02-18 07:00,-8.6,81.8,.9,0,1018.9,1023.9,75.3,0,0
763,2021-02-18 08:00,-8.5,13.2,.8,0,1019.6,1024.6,77.3,0,0
763,2021-02-18 09:00,-6.1,321.7,1.3,0,1020.1,1025.1,58.3,0,0
763,2021-02-18 10:00,-5.4,314.3,2,0,1020.3,1025.2,53.2,0,0
763,2021-02-18 11:00,-4.4,314.2,1.4,0,1020,1024.9,50.8,0,0
763,2021-02-18 12:00,-2.8,258.6,2,0,1019.5,1024.4,47.6,0,0
763,2021-02-18 13:00,-1.6,309.5,2.6,0,1018.8,1023.7,46.2,0,0
763,2021-02-18 14:00,-.3,313.3,3.1,0,1018.3,1023.1,43.2,0,0
763,2021-02-18 15:00,-.2,281.4,3.9,0,1018.4,1023.2,47,0,0
763,2021-02-18 16:00,-.1,290.8,3.6,0,1018.7,1023.5,45.7,0,0
763,2021-02-18 17:00,-.2,289.2,2.7,0,1018.9,1023.7,46.9,0,0
763,2021-02-18 18:00,-1.4,282.4,3,0,1019.2,1024.1,55.8,0,0
763,2021-02-18 19:00,-2,270.5,1.8,0,1019.9,1024.8,59.1,0,0
763,2021-02-18 20:00,-3.5,0,.2,0,1020.2,1025.1,69.2,0,0
763,2021-02-18 21:00,-4.4,0,.1,0,1020.1,1025,72.5,0,0
763,2021-02-18 22:00,-5.1,0,.1,0,1020.4,1025.3,78.1,0,0
763,2021-02-18 23:00,-5.4,0,.4,0,1020.4,1025.3,80.4,0,0
763,2021-02-19 00:00,-5.7,0,0,0,1020.5,1025.4,81.6,0,0
763,2021-02-19 01:00,-5.4,131.4,.6,0,1020.5,1025.4,82.5,0,0
763,2021-02-19 02:00,-5.3,132.5,.6,0,1020.4,1025.3,83,0,0
763,2021-02-19 03:00,-6.3,0,.3,0,1020.4,1025.4,86.8,0,0
763,2021-02-19 04:00,-6.5,0,.4,0,1020,1025,90.4,0,0
763,2021-02-19 05:00,-6.8,0,.2,0,1019.5,1024.5,91.4,0,0
763,2021-02-19 06:00,-7.3,263.4,.5,0,1019.2,1024.2,93.3,0,0
763,2021-02-19 07:00,-7.9,0,0,0,1018.8,1023.8,94,0,0
763,2021-02-19 08:00,-7.6,0,0,0,1018.8,1023.8,93.7,0,0
763,2021-02-19 09:00,-4,285.5,.8,0,1018.5,1023.4,89,0,8.8
763,2021-02-19 10:00,-.7,28.1,1.4,0,1017.8,1022.6,76,0,-8.8
763,2021-02-19 11:00,3.9,171.9,1.3,0,1017.1,1021.8,62.2,0,8.8
763,2021-02-19 12:00,6,159.3,1.7,0,1016.4,1021.1,56.4,0,-8.8
763,2021-02-19 13:00,7.5,227.9,1.7,0,1015.4,1020.1,54.3,0,8.8
763,2021-02-19 14:00,8.7,242.8,1.6,0,1014.3,1018.9,52,0,-8.8
763,2021-02-19 15:00,9.1,218.3,2.1,0,1013.4,1018,53.8,0,8.8
763,2021-02-19 16:00,9.4,255,3.6,0,1012.9,1017.5,49.6,0,-8.8
763,2021-02-19 17:00,9.2,237.4,1.8,0,1012.2,1016.8,51.1,0,8.8
763,2021-02-19 18:00,8.2,225.3,2,0,1011.7,1016.3,48.2,0,-8.8
763,2021-02-19 19:00,8,176.5,2.5,0,1011.2,1015.8,57.1,0,8.8
763,2021-02-19 20:00,7.7,190.4,2.4,0,1010.5,1015.2,55.5,0,-8.8
763,2021-02-19 21:00,8,181.3,3.1,0,1010.4,1015,50.5,0,8.8
763,2021-02-19 22:00,7.9,177.4,3.6,0,1010.6,1015.2,52.7,0,-8.8
763,2021-02-19 23:00,7.8,182.5,3,0,1010.2,1014.8,55.9,0,8.8
763,2021-02-20 00:00,7.8,175.7,3,0,1009.6,1014.2,59.3,0,-8.8
763,2021-02-20 01:00,7.9,181.8,3.2,0,1008.9,1013.5,62.8,0,0
763,2021-02-20 02:00,7.8,182.3,2.5,0,1008.4,1013,65.4,0,0
763,2021-02-20 03:00,8.1,179.8,2.2,0,1007.7,1012.3,67.2,0,0
763,2021-02-20 04:00,8.4,181.1,2,0,1006.8,1011.4,67.9,0,0
763,2021-02-20 05:00,8.5,182.9,1.7,0,1006.8,1011.4,67.2,0,0
763,2021-02-20 06:00,8.3,197,1.1,0,1006.8,1011.4,69.4,0,0
763,2021-02-20 07:00,9,195.1,1.7,0,1007.2,1011.8,68.8,0,0
763,2021-02-20 08:00,9.4,193.2,2.5,0,1007.5,1012.1,68.3,0,0
763,2021-02-20 09:00,10.1,190.1,2.1,0,1007.8,1012.4,69.7,0,0
763,2021-02-20 10:00,11.1,205.6,1.7,0,1008.3,1012.9,67.8,0,0
763,2021-02-20 11:00,11.8,232,2.6,0,1008.2,1012.8,68.1,0,0
763,2021-02-20 12:00,12.7,255.8,3.5,0,1008.6,1013.2,66.4,0,0
763,2021-02-20 13:00,13.4,258.6,3.4,0,1007.8,1012.3,63.3,0,0
763,2021-02-20 14:00,14.3,231.4,2.4,0,1007.1,1011.6,60.8,0,0
763,2021-02-20 15:00,14.7,257.6,3.2,0,1007.1,1011.6,53.7,0,0
763,2021-02-20 16:00,14.9,252,2.9,0,1007.1,1011.6,47.4,0,0
763,2021-02-20 17:00,14.1,235.2,1.7,0,1007.4,1011.9,48,0,0
763,2021-02-20 18:00,12.5,243.6,1.9,0,1007.2,1011.7,54.5,0,0
763,2021-02-20 19:00,9.2,122.9,.6,0,1007.3,1011.9,63,0,0
763,2021-02-20 20:00,6.1,0,.2,0,1007.6,1012.3,77.9,0,0
763,2021-02-20 21:00,10.6,175.7,1.4,0,1008.4,1013,78.5,0,0
763,2021-02-20 22:00,8.4,177.6,.6,0,1008.4,1013,91.1,0,0
763,2021-02-20 23:00,9.1,202.7,1.1,0,1008.7,1013.3,82.9,0,0
763,2021-02-21 00:00,7.6,118.7,1,0,1008.9,1013.5,85.2,0,0
763,2021-02-21 01:00,10.3,158.1,2.2,0,1008.5,1013.1,67.4,0,0
763,2021-02-21 02:00,10.9,140.1,1.4,0,1008.3,1012.9,63.7,0,0
763,2021-02-21 03:00,11.8,167.1,1.7,0,1008,1012.6,61.6,0,0
763,2021-02-21 04:00,12.4,171.2,2.4,0,1007.3,1011.9,60,0,0
763,2021-02-21 05:00,12.5,181.1,2.4,0,1007.2,1011.7,59.9,0,0
763,2021-02-21 06:00,12.8,183.9,2.3,0,1007.3,1011.8,59,0,0
763,2021-02-21 07:00,13.1,180.1,2.4,0,1007.2,1011.7,55.2,0,0
763,2021-02-21 08:00,13.3,178.1,1.8,0,1007.7,1012.2,53.3,0,0
763,2021-02-21 09:00,14.4,183.2,2.3,0,1008.1,1012.6,49.4,0,0
763,2021-02-21 10:00,15.9,182.2,2.5,0,1008.1,1012.6,47.2,0,0
763,2021-02-21 11:00,18,188.4,2.1,0,1008,1012.4,41.3,0,0
763,2021-02-21 12:00,19.6,222.6,2.5,0,1007.9,1012.3,37.9,0,0
763,2021-02-21 13:00,20.9,196.6,1.9,0,1006.9,1011.3,36.4,0,0
763,2021-02-21 14:00,21.2,254.4,4.7,0,1006.3,1010.7,31.3,0,0
763,2021-02-21 15:00,21.1,233.5,3.5,0,1006.6,1011,27.1,0,0
763,2021-02-21 16:00,20.5,249.4,4.4,0,1006.6,1011,25.7,0,0
763,2021-02-21 17:00,20.8,239.3,3.3,0,1006.7,1011.1,23.9,0,0
763,2021-02-21 18:00,19.6,217,2.8,0,1006.5,1010.9,26.6,0,0
763,2021-02-21 19:00,17.7,190.8,2,0,1006.7,1011.1,35.6,0,0
763,2021-02-21 20:00,16.4,179.5,2.5,0,1007.3,1011.8,40.3,0,0
763,2021-02-21 21:00,15.5,196.4,1.7,0,1007.7,1012.2,40.8,0,0
763,2021-02-21 22:00,15.8,185.3,2,0,1007.6,1012.1,36.7,0,0
763,2021-02-21 23:00,15.2,192.2,1.7,0,1007.8,1012.3,40.6,0,0
763,2021-02-22 00:00,15.2,180.1,2.1,0,1007.8,1012.3,40.3,0,0
763,2021-02-22 01:00,15.3,175.9,2.2,0,1007.8,1012.3,40.5,0,0
763,2021-02-22 02:00,14.8,175.6,2,0,1007.9,1012.4,43.1,0,0
763,2021-02-22 03:00,14.1,183.9,1.9,0,1007.6,1012.1,48.3,0,0
763,2021-02-22 04:00,14.5,176.1,2,0,1006.9,1011.4,48.4,0,0
763,2021-02-22 05:00,8.5,22.2,1.7,0,1006.5,1011.1,68.6,0,0
763,2021-02-22 06:00,7.3,25.5,1.1,0,1007.1,1011.7,74.8,0,0
763,2021-02-22 07:00,5.5,12.8,.9,0,1007.1,1011.8,83.3,0,0
763,2021-02-22 08:00,10.8,188,1.3,0,1007.3,1011.9,69.2,0,0
763,2021-02-22 09:00,14.7,179.5,2,0,1007.6,1012.1,56.3,0,0
763,2021-02-22 10:00,16,214.4,1.5,0,1007.7,1012.2,53.5,0,0
763,2021-02-22 11:00,15.6,273.7,4,0,1008.9,1013.4,55.7,0,0
763,2021-02-22 12:00,14.1,286.1,3.5,0,1009.8,1014.3,65.6,0,0
763,2021-02-22 13:00,15.8,276.9,2.8,0,1009.3,1013.8,58.7,0,0
763,2021-02-22 14:00,16.7,299.5,1.7,0,1008.8,1013.3,54.1,0,0
763,2021-02-22 15:00,17.3,258.1,2.9,0,1009.2,1013.7,53.9,0,0
763,2021-02-22 16:00,17.2,311.7,3.3,0,1010.3,1014.8,31.7,0,0
763,2021-02-22 17:00,15.4,338.7,2.7,0,1011.3,1015.8,33.4,0,0
763,2021-02-22 18:00,11.8,347.1,2.7,0,1012.8,1017.4,44.3,0,0
763,2021-02-22 19:00,9.4,308.4,1.8,0,1014.3,1018.9,61.3,0,0
763,2021-02-22 20:00,6.5,277.7,1.6,0,1015.5,1020.2,70.4,0,0
763,2021-02-22 21:00,4.7,269.6,2.6,0,1017.3,1022,69,0,0
763,2021-02-22 22:00,1.9,272,.8,0,1017.8,1022.6,76.7,0,0
763,2021-02-22 23:00,2.6,329.8,1.9,0,1018.8,1023.6,52.4,0,0
763,2021-02-23 00:00,1.3,17.8,1.6,0,1019.7,1024.5,56,0,0
763,2021-02-23 01:00,-.3,1.1,.6,0,1020.3,1025.1,54.9,0,0
763,2021-02-23 02:00,-2.4,314.7,.9,0,1021.4,1026.3,70.5,0,0
763,2021-02-23 03:00,-1.1,357.5,.5,0,1021.4,1026.3,54.7,0,0
763,2021-02-23 04:00,-3.2,0,.1,0,1021.8,1026.7,72.3,0,0
763,2021-02-23 05:00,-3.1,0,.2,0,1022.3,1027.2,69.3,0,0
763,2021-02-23 06:00,-3.8,0,.2,0,1022.6,1027.5,69.7,0,0
763,2021-02-23 07:00,-3.8,0,.4,0,1022,1026.9,70.2,0,0
763,2021-02-23 08:00,-3.4,0,0,0,1022.8,1027.7,73.7,0,0
763,2021-02-23 09:00,.4,13.1,2.2,0,1023.2,1028.1,51.1,0,0
763,2021-02-23 10:00,2,325.1,2.5,0,1024.1,1028.9,42.3,0,0
763,2021-02-23 11:00,2.4,291.5,1.5,0,1023.8,1028.6,39.8,0,0
763,2021-02-23 12:00,3.9,319.7,2,0,1022.9,1027.7,32.9,0,0
763,2021-02-23 13:00,5.3,279.8,1.8,0,1021.7,1026.5,29.8,0,0
763,2021-02-23 14:00,6.5,314.3,1.7,0,1020.8,1025.5,26.1,0,0
763,2021-02-23 15:00,7.3,3.5,2.1,0,1020.3,1025,24.3,0,0
763,2021-02-23 16:00,7.6,1.2,1.8,0,1020.2,1024.9,21.5,0,0
763,2021-02-23 17:00,6.9,339,1.7,0,1020,1024.7,21.8,0,0
763,2021-02-23 18:00,5.6,346.1,1.9,0,1020.2,1024.9,24.4,0,0
763,2021-02-23 19:00,3.7,334.6,1.2,0,1021.2,1026,29.1,0,0
763,2021-02-23 20:00,.7,0,.2,0,1021.9,1026.7,49.1,0,0
763,2021-02-23 21:00,.3,353.8,.7,0,1022.3,1027.1,40.5,0,0
763,2021-02-23 22:00,-1.6,0,.2,0,1022.4,1027.3,52,0,0
763,2021-02-23 23:00,-2.4,0,.1,0,1022.2,1027.1,58.7,0,0
763,2021-02-24 00:00,-3.2,0,0,0,1022,1026.9,60.7,0,0
763,2021-02-24 01:00,-2.8,0,0,0,1022.5,1027.4,65,0,0
763,2021-02-24 02:00,-2.5,0,0,0,1022.7,1027.6,68.2,0,0
763,2021-02-24 03:00,-1.4,0,.1,0,1022.8,1027.7,62.8,0,0
763,2021-02-24 04:00,-.9,0,0,0,1022.6,1027.5,63.1,0,0
763,2021-02-24 05:00,-.8,0,.1,0,1022,1026.9,55.3,0,0
763,2021-02-24 06:00,-1,337.7,.6,0,1022.2,1027.1,59.6,0,0
763,2021-02-24 07:00,-1.2,359.4,1,0,1022.1,1027,63.8,0,0
763,2021-02-24 08:00,-.8,0,.2,0,1022.7,1027.6,58.9,0,0
763,2021-02-24 09:00,.5,10.3,1,0,1022.9,1027.7,54.6,0,0
763,2021-02-24 10:00,2.4,20.2,1.3,0,1022.7,1027.5,43.3,0,0
763,2021-02-24 11:00,3.9,336.7,.9,0,1022.4,1027.2,37.4,0,0
763,2021-02-24 12:00,6.1,291.4,1.5,0,1021.6,1026.3,33,0,0
763,2021-02-24 13:00,7.4,284.3,1.2,0,1020.8,1025.5,27.9,0,0
763,2021-02-24 14:00,8.6,288.2,1.5,0,1020.1,1024.8,27.2,0,0
763,2021-02-24 15:00,10.1,30.4,1.3,0,1019.7,1024.4,21.2,0,0
763,2021-02-24 16:00,10.6,228.5,.7,0,1019.2,1023.8,21.3,0,0
763,2021-02-24 17:00,10.5,10.2,.8,0,1018.8,1023.4,21,0,0
763,2021-02-24 18:00,8.5,293.3,.5,0,1018.7,1023.4,29.7,0,0
763,2021-02-24 19:00,5,0,.1,0,1019.2,1023.9,41.5,0,0
763,2021-02-24 20:00,3.1,76.3,.5,0,1019.7,1024.5,53.2,0,0
763,2021-02-24 21:00,1.6,0,.1,0,1020.2,1025,59.5,0,0
763,2021-02-24 22:00,-.1,0,.1,0,1020.9,1025.7,68.2,0,0
763,2021-02-24 23:00,0,0,.1,0,1020.5,1025.3,69.4,0,0
763,2021-02-25 00:00,-1.4,0,.2,0,1020.1,1025,76.8,0,0
763,2021-02-25 01:00,-1.8,0,0,0,1020.2,1025.1,79.5,0,0
763,2021-02-25 02:00,-1.8,0,0,0,1020.5,1025.4,78.3,0,0
763,2021-02-25 03:00,-1.4,0,0,0,1020.7,1025.6,79,0,0
763,2021-02-25 04:00,-1,0,0,0,1020,1024.9,79.4,0,0
763,2021-02-25 05:00,-1.6,0,.4,0,1020.2,1025.1,82.4,0,0
763,2021-02-25 06:00,-1.9,24.4,.6,0,1020.3,1025.2,83.9,0,0
763,2021-02-25 07:00,-1.4,0,0,0,1019.5,1024.4,81.5,0,0
763,2021-02-25 08:00,-.2,0,0,0,1020.1,1024.9,76.1,0,0
763,2021-02-25 09:00,1.8,0,.3,0,1020.8,1025.6,63,0,0
763,2021-02-25 10:00,3.8,0,.1,0,1020.7,1025.5,58.9,0,0
763,2021-02-25 11:00,5.4,30,1.5,0,1020.7,1025.4,54.2,0,0
763,2021-02-25 12:00,6.5,315.6,1.7,0,1020.9,1025.6,46.9,0,0
763,2021-02-25 13:00,7.2,269.2,1.7,0,1020.5,1025.2,43.5,0,0
763,2021-02-25 14:00,7.8,266.3,.5,0,1019.9,1024.6,42.5,0,0
763,2021-02-25 15:00,8.1,73.3,1.1,0,1018.7,1023.4,43.1,0,0
763,2021-02-25 16:00,7.4,42.1,.7,0,1018.6,1023.3,55.8,0,0
763,2021-02-25 17:00,5.6,0,.4,0,1018.6,1023.3,87,0,0
763,2021-02-25 18:00,4.8,0,.1,1.5,1018.6,1023.3,96.6,0,0
763,2021-02-25 19:00,4.4,0,0,1,1018.3,1023,97.8,0,0
763,2021-02-25 20:00,4.5,0,.3,.5,1018.3,1023,99.2,0,0
763,2021-02-25 21:00,4.3,0,.1,0,1018.1,1022.8,99,0,0
763,2021-02-25 22:00,4.4,0,.2,0,1018,1022.7,99,0,0
763,2021-02-25 23:00,4.3,243.8,.5,0,1017.6,1022.3,99.5,0,0
763,2021-02-26 00:00,5.4,28.4,1.3,0,1017.3,1022,90.3,0,0
763,2021-02-26 01:00,5.5,0,.3,0,1016.8,1021.5,86.8,0,0
763,2021-02-26 02:00,5,289.5,.7,0,1016.9,1021.6,89.7,0,0
763,2021-02-26 03:00,4.2,284.7,.8,0,1016.9,1021.6,93.2,0,0
763,2021-02-26 04:00,3.4,0,.3,0,1016.6,1021.4,95.4,0,0
763,2021-02-26 05:00,4.4,23.5,.9,0,1017,1021.7,85.1,0,0
763,2021-02-26 06:00,3.3,0,.3,0,1017.5,1022.3,90.7,0,0
763,2021-02-26 07:00,4,8,.8,0,1017.9,1022.7,82.3,0,0
763,2021-02-26 08:00,5.1,46.4,2,0,1018.2,1022.9,74.9,0,0
763,2021-02-26 09:00,7.5,33.9,2.2,0,1018.9,1023.6,67.2,0,0
763,2021-02-26 10:00,8.4,11.7,2.2,0,1018.3,1023,66.5,0,0
763,2021-02-26 11:00,11.4,85.8,3.1,0,1018.4,1023,48.8,0,0
763,2021-02-26 12:00,12.3,65.9,2.8,0,1018.1,1022.7,41.4,0,0
763,2021-02-26 13:00,13.5,51.7,2.9,0,1017.6,1022.2,31.8,0,0
763,2021-02-26 14:00,14.3,75.7,3.6,0,1016.3,1020.9,27.9,0,0
763,2021-02-26 15:00,14.6,87.4,3.4,0,1015.6,1020.1,26,0,0
763,2021-02-26 16:00,14.7,66.9,3.9,0,1016,1020.5,27.3,0,0
763,2021-02-26 17:00,14.1,65.8,2.6,0,1016.8,1021.4,29.8,0,0
763,2021-02-26 18:00,13.1,69.9,1.4,0,1017.7,1022.3,32.4,0,0
763,2021-02-26 19:00,11.8,97.2,1.3,0,1018.7,1023.3,32.9,0,0
763,2021-02-26 20:00,11.3,104.4,1.4,0,1019.3,1023.9,37.2,0,0
763,2021-02-26 21:00,10.1,97.1,1.4,0,1019.9,1024.6,41.1,0,0
763,2021-02-26 22:00,10.1,82.6,1.9,0,1020.5,1025.2,36.5,0,0
763,2021-02-26 23:00,9.3,40.2,1.8,0,1020.8,1025.5,38.9,0,0
763,2021-02-27 00:00,8.1,49.9,1.3,0,1020.9,1025.6,43.9,0,0
763,2021-02-27 01:00,8.3,73,2.9,0,1020.9,1025.6,45.9,0,0
763,2021-02-27 02:00,7,57,2.3,0,1021.5,1026.2,53.4,0,0
763,2021-02-27 03:00,6.5,51,1.6,0,1022,1026.7,55.7,0,0
763,2021-02-27 04:00,6.6,78.2,1.9,0,1022.2,1026.9,55.8,0,0
763,2021-02-27 05:00,3.5,347.5,.5,0,1022.4,1027.2,69.8,0,0
763,2021-02-27 06:00,4,26.5,.9,0,1022.8,1027.6,68,0,0
763,2021-02-27 07:00,3.3,35.9,.9,0,1023.2,1028,72,0,0
763,2021-02-27 08:00,7,79,2.6,0,1023.6,1028.3,56.7,0,0
763,2021-02-27 09:00,8.6,87.7,3.5,0,1024.3,1029,52,0,0
763,2021-02-27 10:00,10,97.9,3.9,0,1024.5,1029.2,48.3,0,0
763,2021-02-27 11:00,11.7,99.1,2.9,0,1024.1,1028.7,42.7,0,0
763,2021-02-27 12:00,12.1,82.6,5.2,0,1024,1028.6,41,0,0
763,2021-02-27 13:00,13.4,86.8,3.7,0,1023.2,1027.8,38.9,0,0
763,2021-02-27 14:00,13.6,95.7,3.6,0,1022.4,1027,35.7,0,0
763,2021-02-27 15:00,13.9,108.9,3.3,0,1022,1026.6,33.3,0,0
763,2021-02-27 16:00,14,100.2,2.8,0,1021.9,1026.5,33.5,0,0
763,2021-02-27 17:00,13.1,81.8,3.2,0,1022.2,1026.8,35.2,0,0
763,2021-02-27 18:00,11.8,94.4,.9,0,1023,1027.6,37.6,0,0
763,2021-02-27 19:00,10.9,84.6,1.8,0,1023.6,1028.3,37.3,0,0
763,2021-02-27 20:00,8.8,0,.1,0,1024.2,1028.9,42.2,0,0
763,2021-02-27 21:00,7.9,75.3,1,0,1024.5,1029.2,46.4,0,0
763,2021-02-27 22:00,7.3,69.7,1.3,0,1024.5,1029.2,47.6,0,0
763,2021-02-27 23:00,6.5,60.2,1.3,0,1024.6,1029.3,54.6,0,0
763,2021-02-28 00:00,5,1.4,1.1,0,1024.4,1029.2,60.6,0,0
763,2021-02-28 01:00,3.8,26.2,1.4,0,1023.9,1028.7,65.1,0,0
763,2021-02-28 02:00,3.4,16.2,.9,0,1024,1028.8,67,0,0
763,2021-02-28 03:00,2.7,298.5,1.2,0,1024.2,1029,70.8,0,0
763,2021-02-28 04:00,1.1,271.4,.8,0,1024,1028.8,77.4,0,0
763,2021-02-28 05:00,-.2,0,0,0,1023.6,1028.5,84.5,0,0
763,2021-02-28 06:00,-.3,0,.1,0,1023.4,1028.3,87.9,0,0
763,2021-02-28 07:00,-.6,0,.4,0,1023.5,1028.4,88,0,0
763,2021-02-28 08:00,1.6,0,.1,0,1023.4,1028.2,81.3,0,0
763,2021-02-28 09:00,3.2,0,.1,0,1023.4,1028.2,73.5,0,0
763,2021-02-28 10:00,5.5,0,.3,0,1023.3,1028.1,65.5,0,0
763,2021-02-28 11:00,8.8,2,1,0,1023.3,1028,53.5,0,0
763,2021-02-28 12:00,10.1,16.5,1.2,0,1023.1,1027.8,47.8,0,0
763,2021-02-28 13:00,10.6,10.8,1.5,0,1022.1,1026.8,43.4,0,0
763,2021-02-28 14:00,10.7,12.5,1,0,1021.7,1026.4,46,0,0
763,2021-02-28 15:00,9,12.1,1.2,0,1022.3,1027,68.1,0,0
763,2021-02-28 16:00,8.4,145.8,1.3,0,1021.3,1026,88.6,0,0
763,2021-02-28 17:00,9.6,119.3,.9,0,1021,1025.7,78.6,0,0
763,2021-02-28 18:00,9.8,304.4,.5,0,1020.7,1025.4,77.6,0,0
763,2021-02-28 19:00,9.1,0,.1,0,1021,1025.7,82.1,0,0
763,2021-02-28 20:00,8.5,0,0,0,1021.2,1025.9,86.9,0,0
763,2021-02-28 21:00,7.9,0,.1,0,1020.6,1025.3,94.4,0,0
763,2021-02-28 22:00,8,122.4,.8,0,1019.4,1024.1,93.9,0,0
763,2021-02-28 23:00,8.4,301.9,.6,0,1018.7,1023.4,93,0,0
763,2021-03-01 00:00,8.1,0,.1,0,1017.6,1022.3,93.9,0,0
763,2021-03-01 01:00,8,0,0,0,1016.6,1021.3,95.1,0,0
763,2021-03-01 02:00,8,291.2,.7,0,1016.2,1020.9,95.8,0,0
763,2021-03-01 03:00,8.1,83.9,.5,0,1015.4,1020.1,95.4,0,0
763,2021-03-01 04:00,7.9,270.3,1.1,0,1014.4,1019.1,98.8,0,0
763,2021-03-01 05:00,8.2,274.9,1.4,0,1013.7,1018.4,96.6,0,0
763,2021-03-01 06:00,13.5,166.9,1.5,0,1013.5,1018.1,77.7,0,0
763,2021-03-01 07:00,13.6,159.3,2.6,.5,1012.5,1017,81.7,0,0
763,2021-03-01 08:00,13.5,160,3.2,1,1011.6,1016.1,88.7,0,0
763,2021-03-01 09:00,14,158.8,2.9,1,1011,1015.5,90.4,0,0
763,2021-03-01 10:00,14.6,159.9,3.2,.5,1009.7,1014.2,89.5,0,0
763,2021-03-01 11:00,15.4,157.1,3.1,.5,1008.8,1013.3,87.7,0,0
763,2021-03-01 12:00,15.9,157.2,2.8,0,1007.1,1011.6,86.1,0,0
763,2021-03-01 13:00,16,178.1,3.5,1,1005.8,1010.3,85.3,0,0
763,2021-03-01 14:00,12.7,296.6,1.9,15.5,1006.4,1010.9,98.5,0,0
763,2021-03-01 15:00,13.1,239.3,2.6,9,1004.7,1009.2,98.6,0,0
763,2021-03-01 16:00,12.6,243.7,2.7,10,1004.8,1009.3,98.3,0,0
763,2021-03-01 17:00,11,244.2,2.3,5,1005.1,1009.7,97,0,0
763,2021-03-01 18:00,9.5,170.3,1.2,2.5,1005,1009.6,97.7,0,0
763,2021-03-01 19:00,8.1,183.8,.7,1.5,1005.7,1010.3,98.7,0,0
763,2021-03-01 20:00,7.8,311,.8,2,1006.8,1011.4,98.9,0,0
763,2021-03-01 21:00,7.1,296.1,1.9,1,1007.6,1012.3,99.1,0,0
763,2021-03-01 22:00,6.5,343.6,1.9,1,1008.6,1013.3,98.5,0,0
763,2021-03-01 23:00,5.1,343.6,2.4,1,1009.2,1013.9,97,0,0
763,2021-03-02 00:00,4.1,334.1,1.8,0,1010.2,1014.9,96.9,0,0
763,2021-03-02 01:00,3.2,341.6,2.4,0,1011.1,1015.8,96.3,0,0
763,2021-03-02 02:00,2.7,336.5,1.8,0,1012.8,1017.6,94.2,0,0
763,2021-03-02 03:00,2.6,350.4,2,0,1013.6,1018.4,91.7,0,0
763,2021-03-02 04:00,2.3,340.3,2,0,1014.4,1019.2,91.5,0,0
763,2021-03-02 05:00,2.3,338.7,1.7,0,1015.5,1020.3,89.6,0,0
763,2021-03-02 06:00,2.3,335.8,1,0,1016.4,1021.2,91.6,0,0
763,2021-03-02 07:00,2.4,338.3,1.3,0,1017.4,1022.2,89.8,0,0
763,2021-03-02 08:00,2.4,316.9,1.6,0,1018.8,1023.6,90.7,0,0
763,2021-03-02 09:00,2.8,306.5,2.3,0,1019.9,1024.7,85.6,0,0
763,2021-03-02 10:00,3.5,308.8,2,0,1020.8,1025.6,80.1,0,0
763,2021-03-02 11:00,3.7,1.8,2.1,0,1021.3,1026.1,75.6,0,0
763,2021-03-02 12:00,4.9,357.9,2.1,0,1021.6,1026.3,65.7,0,0
763,2021-03-02 13:00,5.1,18.1,1.9,0,1021.4,1026.2,64.3,0,0
763,2021-03-02 14:00,5.6,339.5,2.5,0,1021.3,1026,62.6,0,0
763,2021-03-02 15:00,6.7,7.6,1.6,0,1021.8,1026.5,56.5,0,0
763,2021-03-02 16:00,7.3,28.3,2,0,1022.3,1027,55.3,0,0
763,2021-03-02 17:00,7,32.6,1.6,0,1022.4,1027.1,54,0,0
763,2021-03-02 18:00,6.1,31.8,.5,0,1022.7,1027.4,55.2,0,0
763,2021-03-02 19:00,3.4,0,.2,0,1023.7,1028.5,76.2,0,0
763,2021-03-02 20:00,1.5,0,.2,0,1024.2,1029,85.6,0,0
763,2021-03-02 21:00,1.2,0,.2,0,1024.7,1029.5,89.8,0,0
763,2021-03-02 22:00,.7,0,.2,0,1025,1029.9,89.3,0,0
763,2021-03-02 23:00,0,0,.2,0,1025.3,1030.2,96.1,0,0
763,2021-03-03 00:00,-.7,117,.5,0,1025.8,1030.7,97.7,0,0
763,2021-03-03 01:00,-.9,0,.4,0,1026,1030.9,98.5,0,0
763,2021-03-03 02:00,-1.3,0,0,0,1027.1,1032,98.9,0,0
763,2021-03-03 03:00,-1.7,0,0,0,1026.4,1031.3,99,0,0
763,2021-03-03 04:00,-1.9,0,0,0,1025.8,1030.7,99.4,0,0
763,2021-03-03 05:00,-2.6,0,0,0,1026.1,1031,98.7,0,0
763,2021-03-03 06:00,-2.2,0,.1,0,1026.8,1031.7,99.2,0,0
763,2021-03-03 07:00,-1.7,0,.2,0,1027,1031.9,99.9,0,0
763,2021-03-03 08:00,-1.7,0,.1,0,1027.6,1032.5,99.9,0,0
763,2021-03-03 09:00,.9,0,.4,0,1027.8,1032.7,99.9,0,0
763,2021-03-03 10:00,3,39,.9,0,1027.4,1032.2,89.2,0,0
763,2021-03-03 11:00,5.9,41.9,.7,0,1026.7,1031.5,72.1,0,0
763,2021-03-03 12:00,7.6,327,1.4,0,1026.3,1031,61.7,0,0
763,2021-03-03 13:00,8.9,351.4,1.1,0,1025.1,1029.8,54.3,0,0
763,2021-03-03 14:00,9.1,325,1.4,0,1024.1,1028.8,43.7,0,0
763,2021-03-03 15:00,9.5,244.8,1.3,0,1023.9,1028.6,37.2,0,0
763,2021-03-03 16:00,9.2,253.3,1.7,0,1023.8,1028.5,42,0,0
763,2021-03-03 17:00,9.4,293.2,1.9,0,1023.5,1028.2,37.5,0,0
763,2021-03-03 18:00,8.3,283.2,1.4,0,1023.6,1028.3,42.6,0,0
763,2021-03-03 19:00,6,0,0,0,1023.8,1028.5,63.5,0,0
763,2021-03-03 20:00,5.2,0,0,0,1024.2,1029,60.4,0,0
763,2021-03-03 21:00,4.5,0,.2,0,1024.3,1029.1,67.7,0,0
763,2021-03-03 22:00,4.3,0,.1,0,1024.4,1029.2,70.3,0,0
763,2021-03-03 23:00,3.3,0,.2,0,1023.9,1028.7,76,0,0
763,2021-03-04 00:00,1.6,0,0,0,1023.5,1028.3,87.5,0,0
763,2021-03-04 01:00,1,0,.2,0,1023.2,1028,90.2,0,0
763,2021-03-04 02:00,.9,0,0,0,1023.2,1028,93.2,0,0
763,2021-03-04 03:00,1.1,0,0,0,1023,1027.8,91.1,0,0
763,2021-03-04 04:00,1,0,0,0,1022.3,1027.1,92.7,0,0
763,2021-03-04 05:00,1.1,0,0,0,1022.3,1027.1,93.3,0,0
763,2021-03-04 06:00,.9,0,0,0,1022.2,1027,93.4,0,0
763,2021-03-04 07:00,1,0,0,0,1022,1026.8,94.5,0,0
763,2021-03-04 08:00,2,0,0,0,1022.7,1027.5,92.3,0,0
763,2021-03-04 09:00,3.8,36.7,.5,0,1022.9,1027.7,77.6,0,0
763,2021-03-04 10:00,6.1,31.2,1.7,0,1022.3,1027,72.6,0,0
763,2021-03-04 11:00,8.1,18.1,1.7,0,1021.7,1026.4,61.8,0,0
763,2021-03-04 12:00,9.5,23.9,.5,0,1021.1,1025.8,56.8,0,0
763,2021-03-04 13:00,10.2,24.7,1.7,0,1020.1,1024.8,55.8,0,0
763,2021-03-04 14:00,9.8,1.7,1.1,0,1018.8,1023.4,67.9,0,0
763,2021-03-04 15:00,8.8,292.3,.5,1,1018.7,1023.4,80.2,0,0
763,2021-03-04 16:00,8.1,0,0,1,1018.8,1023.5,91.8,0,0
763,2021-03-04 17:00,8,0,.3,1.5,1018.7,1023.4,95.3,0,0
763,2021-03-04 18:00,7.6,100.5,1.2,1,1018.2,1022.9,93.9,0,0
763,2021-03-04 19:00,7.1,43.8,.9,0,1018.5,1023.2,90.2,0,0
763,2021-03-04 20:00,6.6,0,0,0,1018.5,1023.2,97.3,0,0
763,2021-03-04 21:00,6,299.5,.5,0,1018.5,1023.2,99.1,0,0
763,2021-03-04 22:00,4.2,287.9,.7,0,1018.1,1022.8,98.7,0,0
763,2021-03-04 23:00,4.5,298.4,.6,0,1017.6,1022.3,99.8,0,0
763,2021-03-05 00:00,4.5,294.5,1,0,1017.6,1022.3,99.8,0,0
763,2021-03-05 01:00,3.7,275.3,.8,0,1016.9,1021.7,99.9,0,0
763,2021-03-05 02:00,3.6,328.9,.7,0,1016.3,1021.1,99.9,0,0
763,2021-03-05 03:00,2.4,277.5,.7,0,1015.8,1020.6,99.9,0,0
763,2021-03-05 04:00,1.8,0,.2,0,1016.4,1021.2,99.9,0,0
763,2021-03-05 05:00,.9,0,0,0,1016.2,1021,99.9,0,0
763,2021-03-05 06:00,.9,0,0,0,1017,1021.8,99.9,0,0
763,2021-03-05 07:00,.9,0,0,0,1017.4,1022.2,99.9,0,0
763,2021-03-05 08:00,2.5,0,0,0,1017.3,1022.1,99.9,0,0
763,2021-03-05 09:00,5.9,322.9,.9,0,1017.8,1022.5,99.9,0,0
763,2021-03-05 10:00,9,357.4,1.6,0,1017.8,1022.5,78.7,0,0
763,2021-03-05 11:00,11.4,357.7,2,0,1017.7,1022.3,65.5,0,0
763,2021-03-05 12:00,12.7,5.3,2.4,0,1017.1,1021.7,57,0,0
763,2021-03-05 13:00,13.9,5.1,2.4,0,1015.8,1020.4,56.5,0,0
763,2021-03-05 14:00,15,355.1,2,0,1015.4,1020,52.8,0,0
763,2021-03-05 15:00,15.9,10.4,2.5,0,1014.3,1018.8,45.3,0,0
763,2021-03-05 16:00,16.4,328.8,1.8,0,1014.4,1018.9,43.3,0,0
763,2021-03-05 17:00,16.4,349.7,1.5,0,1014.8,1019.3,47.3,0,0
763,2021-03-05 18:00,13.8,269.7,2.2,0,1015.4,1020,62.6,0,0
763,2021-03-05 19:00,11.5,307.7,.8,0,1016.2,1020.8,71.6,0,0
763,2021-03-05 20:00,8.9,0,0,0,1017.2,1021.9,85.1,0,0
763,2021-03-05 21:00,8.3,110.5,.7,0,1018,1022.7,84,0,0
763,2021-03-05 22:00,6.5,0,.2,0,1018.3,1023,91.5,0,0
763,2021-03-05 23:00,5,0,0,0,1019,1023.7,96.9,0,0
763,2021-03-06 00:00,4.9,0,.2,0,1019.1,1023.8,96,0,0
763,2021-03-06 01:00,3.8,0,0,0,1019.3,1024.1,97.7,0,0
763,2021-03-06 02:00,3.2,0,0,0,1019.4,1024.2,96.6,0,0
763,2021-03-06 03:00,3.1,0,0,0,1019.8,1024.6,97.7,0,0
763,2021-03-06 04:00,2.8,0,0,0,1019.9,1024.7,98.5,0,0
763,2021-03-06 05:00,2.2,0,.1,0,1020.3,1025.1,99.6,0,0
763,2021-03-06 06:00,1.5,0,0,0,1020.5,1025.3,99.6,0,0
763,2021-03-06 07:00,1.4,0,0,0,1020.8,1025.6,99.9,0,0
763,2021-03-06 08:00,2.1,0,0,0,1021.5,1026.3,99.9,0,0
763,2021-03-06 09:00,2.7,0,.2,0,1022.2,1027,99.9,0,0
763,2021-03-06 10:00,4.5,10.5,.9,0,1022.3,1027.1,99.9,0,0
763,2021-03-06 11:00,6.3,281.9,1.5,0,1021.9,1026.6,94,0,0
763,2021-03-06 12:00,10.1,43.7,1.6,0,1021.9,1026.6,74.8,0,0
763,2021-03-06 13:00,12.4,10.9,.8,0,1021.3,1025.9,66.5,0,0
763,2021-03-06 14:00,15,340.5,1.8,0,1020.4,1025,56,0,0
763,2021-03-06 15:00,16.1,347.9,3,0,1020,1024.5,52.6,0,0
763,2021-03-06 16:00,14.6,27.4,3,0,1020.5,1025.1,55,0,0
763,2021-03-06 17:00,12.9,30.7,2.7,0,1021,1025.6,59.6,0,0
763,2021-03-06 18:00,11.2,60.2,1.9,0,1021.7,1026.3,63.7,0,0
763,2021-03-06 19:00,9.5,73.7,2.6,0,1022,1026.7,65,0,0
763,2021-03-06 20:00,8.4,42.5,1.2,0,1022.9,1027.6,68.3,0,0
763,2021-03-06 21:00,8.2,51.9,1.3,0,1023.5,1028.2,66.8,0,0
763,2021-03-06 22:00,8.1,74.1,1.6,0,1024,1028.7,65.2,0,0
763,2021-03-06 23:00,7.9,53.1,1.5,0,1024.7,1029.4,65.6,0,0
763,2021-03-07 00:00,6.9,18.9,2.1,0,1024.6,1029.3,70.9,0,0
763,2021-03-07 01:00,6.4,6.8,1.3,0,1024.2,1028.9,71.6,0,0
763,2021-03-07 02:00,6.4,9.5,1.1,0,1024.4,1029.1,72.4,0,0
763,2021-03-07 03:00,6.2,358.3,.9,0,1024.4,1029.1,74.5,0,0
763,2021-03-07 04:00,5.9,20.4,1.2,0,1024,1028.8,72.4,0,0
763,2021-03-07 05:00,5.8,292.3,.5,0,1024,1028.8,72.9,0,0
763,2021-03-07 06:00,5.7,292.2,.7,0,1024.2,1029,75.5,0,0
763,2021-03-07 07:00,5.6,0,.4,0,1024.5,1029.3,75.4,0,0
763,2021-03-07 08:00,5.6,355.4,.8,0,1025.1,1029.9,74.8,0,0
763,2021-03-07 09:00,6.7,0,.4,0,1025.7,1030.4,70.8,0,0
763,2021-03-07 10:00,7.4,344.7,.6,0,1025.4,1030.1,67.8,0,0
763,2021-03-07 11:00,8.2,283.6,1.4,0,1025.1,1029.8,66.1,0,0
763,2021-03-07 12:00,8.7,290.3,.8,0,1024.8,1029.5,64.3,0,0
763,2021-03-07 13:00,9.7,293.6,2.1,0,1024.3,1029,63.5,0,0
763,2021-03-07 14:00,10.1,324.6,1.7,0,1023.3,1028,63.9,0,0
763,2021-03-07 15:00,11.4,264.1,1.5,0,1022.6,1027.2,56.6,0,0
763,2021-03-07 16:00,10.6,269.3,2.2,0,1022.2,1026.9,57.1,0,0
763,2021-03-07 17:00,10.7,285.2,1.4,0,1022.1,1026.8,56.8,0,0
763,2021-03-07 18:00,9.7,267,1.8,0,1022.1,1026.8,71,0,0
763,2021-03-07 19:00,8.2,300.3,1.4,0,1022.6,1027.3,79.8,0,0
763,2021-03-07 20:00,6.5,0,.3,0,1023.1,1027.8,87.5,0,0
763,2021-03-07 21:00,5.4,0,0,0,1023.5,1028.3,94.3,0,0
763,2021-03-07 22:00,3.8,0,.1,0,1023.8,1028.6,95.7,0,0
763,2021-03-07 23:00,3.6,0,0,0,1023.9,1028.7,98.2,0,0
763,2021-03-08 00:00,3.3,0,0,0,1023.9,1028.7,98,0,0
763,2021-03-08 01:00,2.9,0,0,0,1024,1028.8,99.3,0,0
763,2021-03-08 02:00,4.6,0,0,0,1024,1028.8,99.1,0,0
763,2021-03-08 03:00,5.1,0,.4,0,1023.6,1028.4,96.6,0,0
763,2021-03-08 04:00,5.3,239,.5,0,1023.4,1028.2,94.8,0,0
763,2021-03-08 05:00,4.5,6.2,.8,0,1023.4,1028.2,98.4,0,0
763,2021-03-08 06:00,4.5,15.3,1.1,0,1023.8,1028.6,98.1,0,0
763,2021-03-08 07:00,4.5,0,.4,0,1024,1028.8,98.3,0,0
763,2021-03-08 08:00,4.9,0,.3,0,1024.5,1029.3,96.8,0,0
763,2021-03-08 09:00,5.4,293.9,1.2,0,1025,1029.8,95.5,0,0
763,2021-03-08 10:00,6,316.6,1,0,1025.3,1030.1,85.3,0,0
763,2021-03-08 11:00,8.8,339.7,.7,0,1024.8,1029.5,76,0,0
763,2021-03-08 12:00,9.5,6,1.3,0,1024,1028.7,67.3,0,0
763,2021-03-08 13:00,10.9,360,1.5,0,1022.9,1027.6,59,0,0
763,2021-03-08 14:00,12.2,311.5,1.6,0,1021.6,1026.2,52.4,0,0
763,2021-03-08 15:00,13.2,290.8,1.9,0,1021.2,1025.8,36.8,0,0
763,2021-03-08 16:00,13.4,306.6,2.3,0,1021,1025.6,33.7,0,0
763,2021-03-08 17:00,12.1,276.8,3,0,1021.2,1025.8,53.1,0,0
763,2021-03-08 18:00,10,273.1,2.4,0,1021.3,1026,60.6,0,0
763,2021-03-08 19:00,8.2,263.4,.8,0,1021.7,1026.4,63.8,0,0
763,2021-03-08 20:00,5.1,0,.3,0,1022.4,1027.2,82.6,0,0
763,2021-03-08 21:00,4.9,120.4,.5,0,1022.4,1027.2,78.7,0,0
763,2021-03-08 22:00,3.1,0,0,0,1022.4,1027.2,89.5,0,0
763,2021-03-08 23:00,3.2,0,0,0,1022.8,1027.6,84,0,0
763,2021-03-09 00:00,2.3,0,.2,0,1022.7,1027.5,91,0,0
763,2021-03-09 01:00,2.5,18.2,.5,0,1022.5,1027.3,91.5,0,0
763,2021-03-09 02:00,2.1,0,0,0,1022.4,1027.2,94.7,0,0
763,2021-03-09 03:00,2,0,.1,0,1022.2,1027,95.5,0,0
763,2021-03-09 04:00,1.7,0,0,0,1021.7,1026.5,97.3,0,0
763,2021-03-09 05:00,1.8,0,0,0,1021.7,1026.5,97.8,0,0
763,2021-03-09 06:00,1.3,0,.3,0,1022.3,1027.1,98.1,0,0
763,2021-03-09 07:00,.9,0,0,0,1022.9,1027.7,99,0,0
763,2021-03-09 08:00,2.3,0,.3,0,1023.4,1028.2,99.1,0,0
763,2021-03-09 09:00,4.2,117.2,1,0,1023.1,1027.9,93.6,0,0
763,2021-03-09 10:00,5.6,304.1,1.2,0,1023.2,1028,85.2,0,0
763,2021-03-09 11:00,7,269.1,1.3,0,1023,1027.7,77.1,0,0
763,2021-03-09 12:00,9.7,35.4,1.6,0,1022.3,1027,54.3,0,0
763,2021-03-09 13:00,11,2.2,1.9,0,1021.4,1026,41.4,0,0
763,2021-03-09 14:00,11.8,344.3,1.8,0,1020.5,1025.1,37.8,0,0
763,2021-03-09 15:00,12,5.6,1.7,0,1020.1,1024.7,37.2,0,0
763,2021-03-09 16:00,11.9,287.7,2.2,0,1020.1,1024.7,45.6,0,0
763,2021-03-09 17:00,11.3,283.2,3,0,1020.4,1025,54.4,0,0
763,2021-03-09 18:00,10.5,275.9,2,0,1020.8,1025.5,52.2,0,0
763,2021-03-09 19:00,9.3,263.5,1.7,0,1021.6,1026.3,55.6,0,0
763,2021-03-09 20:00,6.5,0,.3,0,1022.3,1027,72.4,0,0
763,2021-03-09 21:00,5.1,0,.3,0,1023.1,1027.9,75.5,0,0
763,2021-03-09 22:00,3.9,0,0,0,1023.8,1028.6,83.8,0,0
763,2021-03-09 23:00,3.2,0,0,0,1024.1,1028.9,81.4,0,0
763,2021-03-10 00:00,2.9,0,.3,0,1023.9,1028.7,84.4,0,0
763,2021-03-10 01:00,2,105.3,.5,0,1023.9,1028.7,83.9,0,0
763,2021-03-10 02:00,1.5,0,.1,0,1024.1,1028.9,84,0,0
763,2021-03-10 03:00,.4,0,0,0,1024,1028.9,89.4,0,0
763,2021-03-10 04:00,-.3,0,.2,0,1023.9,1028.8,90.8,0,0
763,2021-03-10 05:00,-1.1,0,.1,0,1024,1028.9,94,0,0
763,2021-03-10 06:00,-1.6,0,0,0,1024.3,1029.2,95.4,0,0
763,2021-03-10 07:00,-1.6,0,0,0,1024.9,1029.8,94.3,0,0
763,2021-03-10 08:00,.4,0,.1,0,1025.5,1030.4,89.1,0,0
763,2021-03-10 09:00,3.1,350.7,.5,0,1026.1,1030.9,73.1,0,0
763,2021-03-10 10:00,6.6,42.1,1,0,1025.9,1030.6,65.9,0,0
763,2021-03-10 11:00,10.6,30.5,1.2,0,1025.4,1030.1,51.8,0,0
763,2021-03-10 12:00,13.2,351.7,1.4,0,1024.9,1029.5,44.8,0,0
763,2021-03-10 13:00,14.7,113,.9,0,1024.1,1028.7,37.2,0,0
763,2021-03-10 14:00,16.8,261,1.6,0,1023.3,1027.8,34.5,0,0
763,2021-03-10 15:00,16.8,289.8,2,0,1022.5,1027,27.2,0,0
763,2021-03-10 16:00,17.1,290.8,2.3,0,1022.4,1026.9,25.6,0,0
763,2021-03-10 17:00,16,282.4,4,0,1022.7,1027.3,25.5,0,0
763,2021-03-10 18:00,14.1,267.8,2.6,0,1023.1,1027.7,33.5,0,0
763,2021-03-10 19:00,10.9,0,.3,0,1023.5,1028.2,44.2,0,0
763,2021-03-10 20:00,8.8,150.7,.9,0,1024.4,1029.1,56.9,0,0
763,2021-03-10 21:00,7.7,0,.4,0,1025.2,1029.9,70.3,0,0
763,2021-03-10 22:00,6.7,0,.1,0,1025.8,1030.5,76.3,0,0
763,2021-03-10 23:00,3.8,13.1,.5,0,1025.2,1030,86.7,0,0
763,2021-03-11 00:00,3.6,0,.4,0,1024.8,1029.6,87.4,0,0
763,2021-03-11 01:00,1.8,0,0,0,1024.2,1029,91.2,0,0
763,2021-03-11 02:00,1.5,0,.2,0,1024.6,1029.4,95.8,0,0
763,2021-03-11 03:00,.8,0,0,0,1024.4,1029.2,95.7,0,0
763,2021-03-11 04:00,1.4,0,.1,0,1024.4,1029.2,97.4,0,0
763,2021-03-11 05:00,1.8,0,0,0,1024.9,1029.7,96.5,0,0
763,2021-03-11 06:00,1.4,0,0,0,1025.2,1030,97.6,0,0
763,2021-03-11 07:00,1,0,0,0,1025,1029.8,97.6,0,0
763,2021-03-11 08:00,1.9,0,.3,0,1025.4,1030.2,96.1,0,0
763,2021-03-11 09:00,3.7,352.7,.5,0,1025.5,1030.3,88.6,0,0
763,2021-03-11 10:00,7.8,0,.1,0,1025.4,1030.1,67.8,0,0
763,2021-03-11 11:00,11.3,63.5,1.2,0,1024.4,1029.1,59.5,0,0
763,2021-03-11 12:00,14.5,6.9,1.9,0,1023.3,1027.9,43.2,0,0
763,2021-03-11 13:00,15.8,7.6,1.4,0,1021.7,1026.3,38,0,0
763,2021-03-11 14:00,16.9,268.3,1.3,0,1020.5,1025,35.3,0,0
763,2021-03-11 15:00,17.1,267.1,3,0,1019.8,1024.3,32.5,0,0
763,2021-03-11 16:00,17.1,286.4,2.4,0,1019.2,1023.7,27.8,0,0
763,2021-03-11 17:00,16.7,296.7,1.5,0,1018.7,1023.2,31.9,0,0
763,2021-03-11 18:00,15.1,278.8,1.5,0,1018.9,1023.5,47.2,0,0
763,2021-03-11 19:00,12.1,0,0,0,1019.2,1023.8,57.2,0,0
763,2021-03-11 20:00,11.5,306.5,.7,0,1019.3,1023.9,61.5,0,0
763,2021-03-11 21:00,10.6,0,0,0,1019.2,1023.8,66.8,0,0
763,2021-03-11 22:00,10,0,.4,0,1018.7,1023.4,73.4,0,0
763,2021-03-11 23:00,9.7,354.3,.8,0,1018.6,1023.2,68.8,0,0
763,2021-03-12 00:00,9.9,305.7,.8,0,1018.7,1023.3,61.5,0,0
763,2021-03-12 01:00,9,0,.2,0,1018.7,1023.4,77.6,0,0
763,2021-03-12 02:00,8.4,0,.4,0,1018.1,1022.8,87.4,0,0
763,2021-03-12 03:00,8.1,41.6,.9,.5,1018.2,1022.9,95.8,0,0
763,2021-03-12 04:00,7.3,112.8,.6,1,1017.8,1022.5,95.5,0,0
763,2021-03-12 05:00,7,0,.3,2.5,1017.4,1022.1,99.1,0,0
763,2021-03-12 06:00,6.9,0,.2,2,1017.3,1022,98.7,0,0
763,2021-03-12 07:00,7.5,24.2,1.7,1,1017.1,1021.8,95.9,0,0
763,2021-03-12 08:00,7.6,22.2,1.5,1.5,1016.7,1021.4,95.5,0,0
763,2021-03-12 09:00,8.2,17.1,1.6,1,1016.6,1021.3,94.7,0,0
763,2021-03-12 10:00,8.5,21.5,1.9,1,1016.5,1021.2,93.9,0,0
763,2021-03-12 11:00,8.9,26.7,2.2,.5,1016.4,1021.1,91.8,0,0
763,2021-03-12 12:00,8.9,27.9,2.7,.5,1016.5,1021.2,91.1,0,0
763,2021-03-12 13:00,9.1,21.2,2.3,0,1016.2,1020.8,90.9,0,0
763,2021-03-12 14:00,9.4,25.9,2.2,0,1015.6,1020.2,89.2,0,0
763,2021-03-12 15:00,9.5,24.9,2.6,0,1015.3,1019.9,85.2,0,0
763,2021-03-12 16:00,9.5,27.4,3.2,0,1015.7,1020.3,82.5,0,0
763,2021-03-12 17:00,9.1,9,1.5,0,1015.9,1020.5,93.5,0,0
763,2021-03-12 18:00,9,41.2,1.8,0,1016.3,1020.9,88.1,0,0
763,2021-03-12 19:00,9.1,50.5,1.3,0,1016.9,1021.6,87.5,0,0
763,2021-03-12 20:00,8.6,79.5,1.2,0,1017.1,1021.8,87.7,0,0
763,2021-03-12 21:00,6.8,0,.1,0,1017.8,1022.5,95.2,0,0
763,2021-03-12 22:00,5,0,0,0,1018.2,1022.9,99.2,0,0
763,2021-03-12 23:00,4.8,0,0,0,1018.2,1022.9,99.9,0,0
763,2021-03-13 00:00,3.5,0,0,0,1018.4,1023.2,99.8,0,0
763,2021-03-13 01:00,4.6,0,0,0,1018.3,1023,99.9,0,0
763,2021-03-13 02:00,4.4,0,0,0,1018.3,1023,99.9,0,0
763,2021-03-13 03:00,3.5,0,0,0,1018.1,1022.9,99.9,0,0
763,2021-03-13 04:00,2.7,,,0,1017.9,1022.7,99.9,0,0
763,2021-03-13 05:00,1.3,0,.1,0,1018.4,1023.2,99.9,0,0
763,2021-03-13 06:00,1.9,0,0,0,1018.8,1023.6,99.9,0,0
763,2021-03-13 07:00,1.4,0,0,0,1019.1,1023.9,99.9,0,0
763,2021-03-13 08:00,2.8,0,0,0,1019.4,1024.2,99.9,0,0
763,2021-03-13 09:00,5,267.7,.8,0,1019.6,1024.4,99.9,0,0
763,2021-03-13 10:00,8,357.5,.7,0,1019.4,1024.1,99.9,0,0
763,2021-03-13 11:00,10.7,37.8,1.3,0,1019,1023.6,70.3,0,0
763,2021-03-13 12:00,12.4,297.6,1.3,0,1018.6,1023.2,61.1,0,0
763,2021-03-13 13:00,13.6,290.5,1.5,0,1018,1022.6,55,0,0
763,2021-03-13 14:00,14,262.9,2,0,1017.1,1021.7,46.8,0,0
763,2021-03-13 15:00,14.4,285.8,1.8,0,1016.2,1020.7,54.8,0,0
763,2021-03-13 16:00,13.6,287.6,3.3,0,1016.2,1020.8,56.4,0,0
763,2021-03-13 17:00,12.7,269.2,2.9,0,1016.1,1020.7,59.3,0,0
763,2021-03-13 18:00,11.2,234.7,1.5,0,1016.1,1020.7,64.6,0,0
763,2021-03-13 19:00,10,230.8,.6,0,1016.3,1020.9,69.1,0,0
763,2021-03-13 20:00,7.7,0,.2,0,1016.6,1021.3,84.6,0,0
763,2021-03-13 21:00,7.1,0,.1,0,1017.1,1021.8,86.7,0,0
763,2021-03-13 22:00,7.2,0,.2,0,1016.8,1021.5,87.6,0,0
763,2021-03-13 23:00,7,270.8,1.6,0,1017,1021.7,87.3,0,0
763,2021-03-14 00:00,5.3,0,.1,0,1016.7,1021.4,94.7,0,0
763,2021-03-14 01:00,3.9,0,.1,0,1016.3,1021,98.1,0,0
763,2021-03-14 02:00,4.1,0,.2,0,1016.6,1021.3,98.4,0,0
763,2021-03-14 03:00,4.3,113,.8,0,1016.5,1021.2,98.9,0,0
763,2021-03-14 04:00,4.6,108.3,1.2,0,1016.1,1020.8,98.3,0,0
763,2021-03-14 05:00,3.2,0,.1,0,1016.6,1021.4,99.3,0,0
763,2021-03-14 06:00,2.6,0,.1,0,1016.9,1021.7,99.8,0,0
763,2021-03-14 07:00,2.6,0,0,0,1017.6,1022.4,99.8,0,0
763,2021-03-14 08:00,4,0,0,0,1018.2,1023,99.9,0,0
763,2021-03-14 09:00,6.5,0,0,0,1018.7,1023.4,92.6,0,0
763,2021-03-14 10:00,8.4,0,.4,0,1019,1023.7,78.2,0,0
763,2021-03-14 11:00,10.5,9.4,1.2,0,1018.7,1023.3,72,0,0
763,2021-03-14 12:00,11.4,250.8,1.4,0,1018.3,1022.9,64.1,0,0
763,2021-03-14 13:00,12.3,297.7,1.8,0,1017.8,1022.4,60.6,0,0
763,2021-03-14 14:00,13.1,288.3,1.8,0,1016.8,1021.4,54.7,0,0
763,2021-03-14 15:00,13.5,306.4,1.5,0,1015.9,1020.5,58.8,0,0
763,2021-03-14 16:00,13.9,278.1,2.2,0,1015.8,1020.4,54.5,0,0
763,2021-03-14 17:00,13.7,259,1.4,0,1015.4,1020,56.2,0,0
763,2021-03-14 18:00,11.8,260.4,.8,0,1015.5,1020.1,66.3,0,0
763,2021-03-14 19:00,10.5,193.9,.6,0,1015.6,1020.2,68.3,0,0
763,2021-03-14 20:00,8.7,124.3,.6,0,1016.1,1020.8,77.6,0,0
763,2021-03-14 21:00,7.1,0,.3,0,1016.3,1021,86.7,0,0
763,2021-03-14 22:00,6.4,0,0,0,1016.1,1020.8,91.7,0,0
763,2021-03-14 23:00,5.8,0,.4,0,1016.4,1021.1,94.2,0,0
763,2021-03-15 00:00,4.9,0,0,0,1016.1,1020.8,96.8,0,0
763,2021-03-15 01:00,3.8,0,0,0,1015.9,1020.6,98.2,0,0
763,2021-03-15 02:00,3.6,0,0,0,1015.6,1020.3,99.4,0,0
763,2021-03-15 03:00,2.6,0,.3,0,1015.1,1019.9,99.6,0,0
763,2021-03-15 04:00,1.8,0,0,0,1015.1,1019.9,99.9,0,0
763,2021-03-15 05:00,2.2,0,0,0,1015.4,1020.2,99.9,0,0
763,2021-03-15 06:00,2,0,0,0,1015.6,1020.4,99.9,0,0
763,2021-03-15 07:00,1.4,0,0,0,1014.8,1019.6,99.9,0,0
763,2021-03-15 08:00,1.6,283.1,.9,0,1015.6,1020.4,99.9,0,0
763,2021-03-15 09:00,3.4,0,.2,0,1016.2,1021,99.9,0,0
763,2021-03-15 10:00,6,41.8,.8,0,1015.7,1020.4,99.9,0,0
763,2021-03-15 11:00,10.7,324.2,1.5,0,1014.9,1019.5,76.1,0,0
763,2021-03-15 12:00,14.8,269.1,1.1,0,1014.5,1019,56.7,0,0
763,2021-03-15 13:00,15.5,185.2,1.7,0,1013.5,1018,39.6,0,0
763,2021-03-15 14:00,16.9,165.8,1.8,0,1011.9,1016.4,38.8,0,0
763,2021-03-15 15:00,17.6,201.4,1.1,0,1011,1015.5,38.5,0,0
763,2021-03-15 16:00,17.6,228.1,1.2,0,1010,1014.5,36.7,0,0
763,2021-03-15 17:00,16.8,269.5,2.7,0,1010.3,1014.8,39.1,0,0
763,2021-03-15 18:00,14.5,262.2,3.6,0,1010.4,1014.9,50.9,0,0
763,2021-03-15 19:00,14.3,264.4,1.2,0,1011,1015.5,50.9,0,0
763,2021-03-15 20:00,13.8,242.1,1.5,0,1010.4,1014.9,62.1,0,0
763,2021-03-15 21:00,13.5,208.5,.6,0,1010.7,1015.2,66.8,0,0
763,2021-03-15 22:00,14.1,205.2,1.5,0,1010.4,1014.9,67.4,0,0
763,2021-03-15 23:00,13.6,190.4,.8,0,1010.4,1014.9,70.2,0,0
763,2021-03-16 00:00,12.8,0,.2,0,1010.4,1015,80.4,0,0
763,2021-03-16 01:00,11.5,210.6,.8,.5,1009.8,1014.4,96.7,0,0
763,2021-03-16 02:00,11.4,249,.5,.5,1009.8,1014.4,99.3,0,0
763,2021-03-16 03:00,11.6,268.8,1.5,.5,1009.6,1014.2,99.4,0,0
763,2021-03-16 04:00,11.5,277.4,2.5,0,1009,1013.6,98.7,0,0
763,2021-03-16 05:00,11.1,0,.2,0,1009.4,1014,98.6,0,0
763,2021-03-16 06:00,10.9,0,.2,0,1009.7,1014.3,97.7,0,0
763,2021-03-16 07:00,10.7,322.6,.8,0,1010.5,1015.1,98.3,0,0
763,2021-03-16 08:00,9.8,330.8,2.1,0,1011.9,1016.5,83,0,0
763,2021-03-16 09:00,10.3,3.2,2.2,0,1012.8,1017.4,51.9,0,0
763,2021-03-16 10:00,11,16,2.6,0,1013.5,1018.1,39.2,0,0
763,2021-03-16 11:00,11.7,23.5,2,0,1013.5,1018.1,36.5,0,0
763,2021-03-16 12:00,12.7,353.2,1.8,0,1013.2,1017.8,35.7,0,0
763,2021-03-16 13:00,14.2,356,2.1,0,1012.3,1016.8,29.1,0,0
763,2021-03-16 14:00,14.7,317,2.3,0,1011.7,1016.2,25.8,0,0
763,2021-03-16 15:00,15.3,270.8,2.2,0,1011.3,1015.8,23.8,0,0
763,2021-03-16 16:00,14.5,290.9,3.8,0,1011.5,1016,37.8,0,0
763,2021-03-16 17:00,13.6,272.6,3.6,0,1011.6,1016.1,35.3,0,0
763,2021-03-16 18:00,11.6,311.4,2.4,0,1012,1016.6,38.2,0,0
763,2021-03-16 19:00,9.2,305.2,1.4,0,1012.8,1017.4,47.6,0,0
763,2021-03-16 20:00,6.1,319.6,.5,0,1013.5,1018.2,65.7,0,0
763,2021-03-16 21:00,4.6,0,.1,0,1014.1,1018.8,76.8,0,0
763,2021-03-16 22:00,3,0,.3,0,1014.8,1019.6,79,0,0
763,2021-03-16 23:00,3.1,0,.1,0,1015.2,1020,79.4,0,0
763,2021-03-17 00:00,2.4,0,.3,0,1015,1019.8,83.7,0,0
763,2021-03-17 01:00,1.6,0,.3,0,1014.8,1019.6,87.1,0,0
763,2021-03-17 02:00,.4,0,0,0,1014.9,1019.7,92.4,0,0
763,2021-03-17 03:00,0,0,.1,0,1014.9,1019.7,94.6,0,0
763,2021-03-17 04:00,-.7,0,0,0,1015.3,1020.1,96,0,0
763,2021-03-17 05:00,-.5,0,0,0,1015.5,1020.3,96.7,0,0
763,2021-03-17 06:00,-1.3,0,0,0,1015.8,1020.6,97.7,0,0
763,2021-03-17 07:00,-1.4,0,.1,0,1015.8,1020.6,97.9,0,0
763,2021-03-17 08:00,1.1,0,.1,0,1016,1020.8,88.4,0,0
763,2021-03-17 09:00,3.8,27.3,.9,0,1016.1,1020.8,71.2,0,0
763,2021-03-17 10:00,6.9,41.5,1.4,0,1016.2,1020.9,63.3,0,0
763,2021-03-17 11:00,9.4,49.8,1.4,0,1015.7,1020.3,52.5,0,0
763,2021-03-17 12:00,12,4.5,1.5,0,1015.1,1019.7,45.2,0,0
763,2021-03-17 13:00,14.1,340.7,1.6,0,1014.7,1019.2,39.6,0,0
763,2021-03-17 14:00,15.3,286.1,1.8,0,1013.9,1018.4,32.8,0,0
763,2021-03-17 15:00,16.7,318.8,1.3,0,1013.4,1017.9,28.5,0,0
763,2021-03-17 16:00,16.9,294.9,1.6,0,1013.5,1018,25.6,0,0
763,2021-03-17 17:00,14.4,250.8,2.2,0,1013.7,1018.2,45.4,0,0
763,2021-03-17 18:00,12.5,227.1,1.5,0,1014,1018.6,48,0,0
763,2021-03-17 19:00,10.4,189.5,.8,0,1014.8,1019.4,51.2,0,0
763,2021-03-17 20:00,8.4,131.7,.8,0,1015.6,1020.3,63.6,0,0
763,2021-03-17 21:00,7,160.9,.8,0,1015.9,1020.6,64.9,0,0
763,2021-03-17 22:00,6.2,0,.3,0,1016.4,1021.1,67.1,0,0
763,2021-03-17 23:00,4.9,35.1,.5,0,1017,1021.7,74.2,0,0
763,2021-03-18 00:00,4.1,0,.1,0,1017.2,1021.9,82.2,0,0
763,2021-03-18 01:00,3,0,.2,0,1017.4,1022.2,86.6,0,0
763,2021-03-18 02:00,2.3,0,0,0,1017.1,1021.9,90.4,0,0
763,2021-03-18 03:00,2.3,0,0,0,1017,1021.8,92,0,0
763,2021-03-18 04:00,1.7,0,.1,0,1016.6,1021.4,91.9,0,0
763,2021-03-18 05:00,1,0,0,0,1016.2,1021,95.7,0,0
763,2021-03-18 06:00,.9,0,.1,0,1016.5,1021.3,95.4,0,0
763,2021-03-18 07:00,.8,0,0,0,1016.8,1021.6,96.7,0,0
763,2021-03-18 08:00,3.4,0,.4,0,1017.4,1022.2,89.9,0,0
763,2021-03-18 09:00,6.1,33.9,.7,0,1017.8,1022.5,77.2,0,0
763,2021-03-18 10:00,10.4,0,.4,0,1017.3,1021.9,64.1,0,0
763,2021-03-18 11:00,14.4,321.5,.7,0,1016.5,1021,48.2,0,0
763,2021-03-18 12:00,15.4,284.9,1.5,0,1015.4,1019.9,46.6,0,0
763,2021-03-18 13:00,17.3,302.3,1.4,0,1014.3,1018.8,41.7,0,0
763,2021-03-18 14:00,18.5,289.1,2.4,0,1013.2,1017.7,38.8,0,0
763,2021-03-18 15:00,19.1,294.2,3.3,0,1012.9,1017.3,32.7,0,0
763,2021-03-18 16:00,17.8,285.2,4.3,0,1013.2,1017.7,45.1,0,0
763,2021-03-18 17:00,15.6,271.2,2.9,0,1013.9,1018.4,49,0,0
763,2021-03-18 18:00,13.3,236.4,1.6,0,1014.6,1019.2,41.5,0,0
763,2021-03-18 19:00,12.3,151.1,1,0,1015.1,1019.7,44,0,0
763,2021-03-18 20:00,10.2,0,.4,0,1015.4,1020,54.6,0,0
763,2021-03-18 21:00,8.1,0,.1,0,1015.7,1020.4,53.5,0,0
763,2021-03-18 22:00,8.2,15.4,1.2,0,1016.1,1020.8,58.9,0,0
763,2021-03-18 23:00,8,19.9,1,0,1015.9,1020.6,61.2,0,0
763,2021-03-19 00:00,7.7,325.2,.5,0,1015.8,1020.5,66.6,0,0
763,2021-03-19 01:00,7.4,32.2,.9,0,1015.9,1020.6,71.4,0,0
763,2021-03-19 02:00,7.5,0,.4,0,1015.5,1020.2,70.6,0,0
763,2021-03-19 03:00,7.3,0,.1,0,1015.3,1020,74.2,0,0
763,2021-03-19 04:00,7.3,0,0,0,1015.4,1020.1,72.8,0,0
763,2021-03-19 05:00,7.3,0,.1,0,1015.9,1020.6,75.4,0,0
763,2021-03-19 06:00,7.4,0,.2,0,1015.8,1020.5,75.1,0,0
763,2021-03-19 07:00,7.5,0,0,0,1016.2,1020.9,75.5,0,0
763,2021-03-19 08:00,8.5,282.9,.6,0,1016.8,1021.5,68.2,0,0
763,2021-03-19 09:00,10.1,0,.1,0,1016.9,1021.5,66.2,0,0
763,2021-03-19 10:00,12.4,0,.3,0,1016.6,1021.2,59.5,0,0
763,2021-03-19 11:00,14.7,1,1.6,0,1015.9,1020.4,51.3,0,0
763,2021-03-19 12:00,15.8,52.8,1.2,0,1015.4,1019.9,47.4,0,0
763,2021-03-19 13:00,17.2,359.2,1.1,0,1014.1,1018.6,44.1,0,0
763,2021-03-19 14:00,18.3,301.9,2,0,1013.3,1017.8,43,0,0
763,2021-03-19 15:00,18.5,328.2,2.1,0,1012.7,1017.2,41.8,0,0
763,2021-03-19 16:00,19.1,353.6,1.6,0,1011.9,1016.3,39.9,0,0
763,2021-03-19 17:00,18.4,21.9,2.6,0,1011.4,1015.8,41.4,0,0
763,2021-03-19 18:00,17.1,347.4,1.5,0,1011.7,1016.2,46.3,0,0
763,2021-03-19 19:00,16.4,27.1,1.4,0,1011.9,1016.4,48.9,0,0
763,2021-03-19 20:00,15.7,53,1.3,0,1012.7,1017.2,52.6,0,0
763,2021-03-19 21:00,12.5,214.6,.7,0,1013.2,1017.8,63.6,0,0
763,2021-03-19 22:00,11.8,90.1,.9,0,1013.7,1018.3,66.3,0,0
763,2021-03-19 23:00,11.6,112.2,1.4,0,1013.4,1018,65,0,0
763,2021-03-20 00:00,10.1,239.9,.5,0,1012.7,1017.3,68.7,0,0
763,2021-03-20 01:00,7.8,0,.2,0,1011.6,1016.3,80.7,0,0
763,2021-03-20 02:00,6.5,0,0,0,1011.3,1016,87,0,0
763,2021-03-20 03:00,8.2,0,0,0,1011.3,1015.9,84.9,0,0
763,2021-03-20 04:00,9.3,0,0,0,1010.5,1015.1,78.2,0,0
763,2021-03-20 05:00,8.9,0,.1,0,1010,1014.6,84.8,0,0
763,2021-03-20 06:00,8.4,0,.2,.5,1010.1,1014.7,95.6,0,0
763,2021-03-20 07:00,8.1,287.3,.6,1,1010.5,1015.1,97.5,0,0
763,2021-03-20 08:00,8,346.6,.5,.5,1010.8,1015.4,98.5,0,0
763,2021-03-20 09:00,8.2,77,.5,1.5,1009.5,1014.1,99.4,0,0
763,2021-03-20 10:00,8.4,309.2,1.7,0,1010.6,1015.2,99,0,0
763,2021-03-20 11:00,8.5,359.6,1.2,1,1010,1014.6,99.9,0,0
763,2021-03-20 12:00,9.2,19.8,.9,0,1009.4,1014,98.1,0,0
763,2021-03-20 13:00,9.3,10,1.1,0,1009.2,1013.8,99.1,0,0
763,2021-03-20 14:00,9.4,342.7,1,.5,1008.3,1012.9,98.4,0,0
763,2021-03-20 15:00,9.3,347.1,1.1,0,1008.2,1012.8,99.3,0,0
763,2021-03-20 16:00,9.6,347.8,1.2,0,1008,1012.6,99.5,0,0
763,2021-03-20 17:00,9.9,342.1,.9,0,1007.9,1012.5,97,0,0
763,2021-03-20 18:00,9.9,329.8,.7,0,1007.8,1012.4,95.5,0,0
763,2021-03-20 19:00,8.9,0,.1,0,1008.2,1012.8,98.9,0,0
763,2021-03-20 20:00,8.6,0,.4,0,1008.9,1013.5,99.9,0,0
763,2021-03-20 21:00,8.5,323.1,1.7,0,1009.4,1014,89.7,0,0
763,2021-03-20 22:00,8,322.8,1.4,0,1010,1014.6,87.6,0,0
763,2021-03-20 23:00,7.5,326.6,1.1,0,1010.1,1014.8,86.3,0,0
763,2021-03-21 00:00,6.7,302.8,2.4,0,1010.5,1015.2,88.4,0,0
763,2021-03-21 01:00,6.1,299.4,1.1,0,1010.2,1014.9,91,0,0
763,2021-03-21 02:00,5.8,308.8,.9,0,1010.3,1015,91.3,0,0
763,2021-03-21 03:00,5.8,310.1,1.3,0,1010.9,1015.6,90.5,0,0
763,2021-03-21 04:00,5.7,344.4,.6,0,1010.5,1015.2,87.3,0,0
763,2021-03-21 05:00,5.5,0,.2,0,1010.2,1014.9,89.6,0,0
763,2021-03-21 06:00,5.5,256.5,.8,0,1010.9,1015.6,88.2,0,0
763,2021-03-21 07:00,4.5,0,.1,0,1010.2,1014.9,92.4,0,0
763,2021-03-21 08:00,5.8,235.6,1.1,0,1011.3,1016,85.4,0,0
763,2021-03-21 09:00,6.3,258.5,2,0,1011.9,1016.6,82.2,0,0
763,2021-03-21 10:00,6.8,259,2.2,0,1011.8,1016.5,77.9,0,0
763,2021-03-21 11:00,7.6,280.1,3.5,0,1011.9,1016.6,73.2,0,0
763,2021-03-21 12:00,8.6,283.9,5.1,0,1011.3,1015.9,63,0,0
763,2021-03-21 13:00,9.4,278.7,5.8,0,1011.6,1016.2,54.3,0,0
763,2021-03-21 14:00,9.3,286.8,6.3,0,1011.8,1016.4,48.6,0,0
763,2021-03-21 15:00,9.1,288.2,6.6,0,1012,1016.6,39.1,0,0
763,2021-03-21 16:00,7.6,287.3,6.7,0,1012.4,1017.1,49.7,0,0
763,2021-03-21 17:00,7,286.4,5.4,0,1012.9,1017.6,53.8,0,0
763,2021-03-21 18:00,6.1,315.6,2.7,0,1013.8,1018.5,55.5,0,0
763,2021-03-21 19:00,5,303.9,2.5,0,1014.5,1019.2,62.9,0,0
763,2021-03-21 20:00,4.2,308.3,1.5,0,1015.2,1019.9,66,0,0
763,2021-03-21 21:00,3.6,0,0,0,1016,1020.8,71.9,0,0
763,2021-03-21 22:00,4.2,0,.4,0,1016.8,1021.5,67.2,0,0
763,2021-03-21 23:00,4.3,287.8,.9,0,1017.4,1022.1,67.7,0,0
763,2021-03-22 00:00,4.2,321.6,1.3,0,1017.6,1022.3,61.3,0,0
763,2021-03-22 01:00,3.6,283.9,.5,0,1018.2,1023,65.4,0,0
763,2021-03-22 02:00,2.7,0,0,0,1018,1022.8,70.5,0,0
763,2021-03-22 03:00,.8,0,0,0,1017.9,1022.7,79.1,0,0
763,2021-03-22 04:00,-.5,0,0,0,1017.8,1022.6,89.7,0,0
763,2021-03-22 05:00,.8,0,.1,0,1017.8,1022.6,78.9,0,0
763,2021-03-22 06:00,0,0,.2,0,1018.3,1023.1,87.6,0,0
763,2021-03-22 07:00,0,0,.1,0,1018.7,1023.5,88,0,0
763,2021-03-22 08:00,3.8,139.4,.5,0,1019,1023.8,72.2,0,0
763,2021-03-22 09:00,6.1,290.4,2.4,0,1019.2,1023.9,52.4,0,0
763,2021-03-22 10:00,7.4,279.3,3.7,0,1019.3,1024,49,0,0
763,2021-03-22 11:00,8.8,282.1,4,0,1018.9,1023.6,42.4,0,0
763,2021-03-22 12:00,9.3,269.2,4.2,0,1019,1023.7,42.2,0,0
763,2021-03-22 13:00,10.1,265,3.9,0,1018.6,1023.3,46.2,0,0
763,2021-03-22 14:00,10.5,258.8,3,0,1017.6,1022.2,47.8,0,0
763,2021-03-22 15:00,10.5,258.6,3.9,0,1017.2,1021.8,40.8,0,0
763,2021-03-22 16:00,10.2,260.8,3.6,0,1017.4,1022,42.2,0,0
763,2021-03-22 17:00,9.6,255,3.4,0,1017.1,1021.7,46.9,0,0
763,2021-03-22 18:00,8.8,262.6,3.1,0,1017.2,1021.9,46.3,0,0
763,2021-03-22 19:00,7.4,264.1,3.4,0,1017.7,1022.4,59.4,0,0
763,2021-03-22 20:00,6.7,240.5,.8,0,1018.7,1023.4,71.3,0,0
763,2021-03-22 21:00,6.5,253.8,1.8,0,1018.9,1023.6,75.3,0,0
763,2021-03-22 22:00,6.1,235.9,1.3,0,1019.3,1024,75.3,0,0
763,2021-03-22 23:00,4.2,0,.3,0,1019.5,1024.3,86.6,0,0
763,2021-03-23 00:00,3.9,131.6,.9,0,1019.5,1024.3,91.4,0,0
763,2021-03-23 01:00,3.5,123.7,.6,0,1019.6,1024.4,94.4,0,0
763,2021-03-23 02:00,2.5,0,.4,0,1019.5,1024.3,94.8,0,0
763,2021-03-23 03:00,2.5,0,.4,0,1019.4,1024.2,95.3,0,0
763,2021-03-23 04:00,2.9,0,.4,0,1019,1023.8,92.9,0,0
763,2021-03-23 05:00,3.8,4.2,.5,0,1019,1023.8,86.2,0,0
763,2021-03-23 06:00,3.1,0,.2,0,1019.4,1024.2,88.2,0,0
763,2021-03-23 07:00,5,159.7,1.5,0,1019.1,1023.8,78.6,0,0
763,2021-03-23 08:00,6.7,147.3,1.6,0,1019.4,1024.1,70.7,0,0
763,2021-03-23 09:00,9.2,191.9,1.1,0,1019.7,1024.4,64.1,0,0
763,2021-03-23 10:00,10.9,188.9,1.3,0,1020.3,1024.9,60.9,0,0
763,2021-03-23 11:00,12.7,239.5,2.2,0,1019.7,1024.3,56.7,0,0
763,2021-03-23 12:00,14.1,236.3,2.5,0,1019.2,1023.8,55.5,0,0
763,2021-03-23 13:00,14.1,248.1,3.4,0,1018.7,1023.3,50.4,0,0
763,2021-03-23 14:00,15.2,244,3.4,0,1017.9,1022.5,40,0,0
763,2021-03-23 15:00,15.5,245.3,2.3,0,1017.5,1022.1,42.6,0,0
763,2021-03-23 16:00,14.9,238.5,2.8,0,1017.2,1021.7,46.7,0,0
763,2021-03-23 17:00,14,233.3,2.2,0,1017.2,1021.8,49.5,0,0
763,2021-03-23 18:00,12.5,238,2.1,0,1016.8,1021.4,45,0,0
763,2021-03-23 19:00,11,252.7,1.4,0,1016.7,1021.3,56.8,0,0
763,2021-03-23 20:00,9.8,246.1,.7,0,1016.8,1021.4,61.3,0,0
763,2021-03-23 21:00,9.5,260.2,1,0,1017.3,1021.9,64.8,0,0
763,2021-03-23 22:00,8.3,0,.4,0,1017.3,1022,69.3,0,0
763,2021-03-23 23:00,6.5,0,.1,0,1017.6,1022.3,77.7,0,0
763,2021-03-24 00:00,4.4,0,0,0,1017.7,1022.4,87.1,0,0
763,2021-03-24 01:00,8.4,176.4,1,0,1017.6,1022.3,74.1,0,0
763,2021-03-24 02:00,8.3,184.8,.8,0,1017.9,1022.6,67.1,0,0
763,2021-03-24 03:00,8,174.8,.7,0,1017.5,1022.2,65.2,0,0
763,2021-03-24 04:00,4,0,.1,0,1017.3,1022,83.3,0,0
763,2021-03-24 05:00,3.1,0,.2,0,1017.6,1022.4,87.6,0,0
763,2021-03-24 06:00,1.7,0,.2,0,1018,1022.8,92.3,0,0
763,2021-03-24 07:00,3,0,.1,0,1018.1,1022.9,86.7,0,0
763,2021-03-24 08:00,4.2,290,.8,0,1018.5,1023.2,90.8,0,0
763,2021-03-24 09:00,7.8,15.4,1.4,0,1018.9,1023.6,78.6,0,0
763,2021-03-24 10:00,12.1,203.5,1.3,0,1018.7,1023.3,40.6,0,0
763,2021-03-24 11:00,13.3,196.7,1.5,0,1018.1,1022.7,39.6,0,0
763,2021-03-24 12:00,15,206.4,1.1,0,1017.5,1022.1,30.2,0,0
763,2021-03-24 13:00,16.2,250.3,2.8,0,1016.7,1021.2,27.9,0,0
763,2021-03-24 14:00,16.4,270.5,2.3,0,1015.6,1020.1,29.1,0,0
763,2021-03-24 15:00,17.9,216.8,1.7,0,1015.1,1019.6,27.7,0,0
763,2021-03-24 16:00,17,270.7,2.4,0,1014.8,1019.3,31.6,0,0
763,2021-03-24 17:00,16.3,275.1,2.9,0,1014.6,1019.1,36,0,0
763,2021-03-24 18:00,15.3,267.5,1.6,0,1014.5,1019,32,0,0
763,2021-03-24 19:00,12.8,281.1,1.9,0,1015.5,1020.1,45.9,0,0
763,2021-03-24 20:00,10.2,288.9,.8,0,1016.5,1021.1,57.3,0,0
763,2021-03-24 21:00,8.7,115.5,.5,0,1017.3,1022,69.7,0,0
763,2021-03-24 22:00,7.9,0,.1,0,1017,1021.7,74.6,0,0
763,2021-03-24 23:00,6.8,0,.1,0,1017,1021.7,76.3,0,0
763,2021-03-25 00:00,6.8,0,0,0,1017.2,1021.9,79.6,0,0
763,2021-03-25 01:00,5.7,0,0,0,1016.9,1021.6,85.2,0,0
763,2021-03-25 02:00,4.7,0,0,0,1016.6,1021.3,87.6,0,0
763,2021-03-25 03:00,4.2,0,0,0,1016.3,1021,93.4,0,0
763,2021-03-25 04:00,3.8,0,0,0,1015.9,1020.6,96.6,0,0
763,2021-03-25 05:00,3.2,0,0,0,1016.4,1021.2,97.5,0,0
763,2021-03-25 06:00,2.4,0,0,0,1017.2,1022,97.6,0,0
763,2021-03-25 07:00,3,0,0,0,1017.8,1022.6,98.8,0,0
763,2021-03-25 08:00,6.3,0,0,0,1018.5,1023.2,91.7,0,0
763,2021-03-25 09:00,9.6,0,.2,0,1019.1,1023.7,75.2,0,0
763,2021-03-25 10:00,12.3,0,.4,0,1019.1,1023.7,69.9,0,0
763,2021-03-25 11:00,15.6,10.9,.9,0,1019,1023.6,58.7,0,0
763,2021-03-25 12:00,15.9,295.7,1.4,0,1018.6,1023.1,48.3,0,0
763,2021-03-25 13:00,17.2,277,2.2,0,1018.2,1022.7,42.9,0,0
763,2021-03-25 14:00,18.2,325.9,1.6,0,1017.3,1021.8,41.6,0,0
763,2021-03-25 15:00,19.3,283.9,1.6,0,1016.5,1020.9,37.5,0,0
763,2021-03-25 16:00,18.8,280.6,3.3,0,1016.1,1020.6,42.7,0,0
763,2021-03-25 17:00,17.4,264.7,3.6,0,1016.3,1020.8,38.2,0,0
763,2021-03-25 18:00,15.5,229.1,1.6,0,1016.8,1021.3,45.2,0,0
763,2021-03-25 19:00,13.4,232.8,2.4,0,1017.4,1022,57.5,0,0
763,2021-03-25 20:00,11.2,200.2,.6,0,1018.2,1022.8,67.7,0,0
763,2021-03-25 21:00,8.7,0,.4,0,1018.6,1023.3,83.8,0,0
763,2021-03-25 22:00,6.3,0,0,0,1018.3,1023,92.8,0,0
763,2021-03-25 23:00,5.6,0,.4,0,1018.6,1023.3,96.9,0,0
763,2021-03-26 00:00,4.9,0,0,0,1019,1023.7,99.8,0,0
763,2021-03-26 01:00,5.5,0,.3,0,1019,1023.7,99.9,0,0
763,2021-03-26 02:00,5.5,0,.3,0,1018.6,1023.3,99.9,0,0
763,2021-03-26 03:00,5.3,0,.4,0,1018.2,1022.9,99.9,0,0
763,2021-03-26 04:00,4.8,341.1,.5,0,1018.1,1022.8,99.9,0,0
763,2021-03-26 05:00,4.4,334.8,.6,0,1018.4,1023.1,99.9,0,0
763,2021-03-26 06:00,4.1,0,.3,0,1018.7,1023.5,99.9,0,0
763,2021-03-26 07:00,4,0,0,0,1019.2,1024,99.9,0,0
763,2021-03-26 08:00,4.3,358.6,1.2,0,1019.6,1024.4,99.9,0,0
763,2021-03-26 09:00,5,22.7,.5,0,1019.5,1024.3,99.9,0,0
763,2021-03-26 10:00,7.7,119.1,.6,0,1019.6,1024.3,99.9,0,0
763,2021-03-26 11:00,12.7,0,.4,0,1019.2,1023.8,68.2,0,0
763,2021-03-26 12:00,15.8,70.1,1,0,1018.1,1022.6,50.5,0,0
763,2021-03-26 13:00,18,291.7,1.1,0,1017.3,1021.8,40.9,0,0
763,2021-03-26 14:00,19.4,34.6,1.3,0,1016.3,1020.7,33.7,0,0
763,2021-03-26 15:00,20.7,0,.3,0,1014.9,1019.3,24,0,0
763,2021-03-26 16:00,21.7,15,1.2,0,1014.1,1018.5,24.5,0,0
763,2021-03-26 17:00,21.8,341.2,1.5,0,1013.7,1018.1,25.2,0,0
763,2021-03-26 18:00,20.1,0,.2,0,1013.7,1018.2,30.2,0,0
763,2021-03-26 19:00,17.5,255,1.4,0,1014.2,1018.7,36.1,0,0
763,2021-03-26 20:00,15.9,244.9,1.6,0,1015,1019.5,33.4,0,0
763,2021-03-26 21:00,14.4,0,.4,0,1015.5,1020,40.1,0,0
763,2021-03-26 22:00,11.1,0,.3,0,1015.6,1020.2,58.2,0,0
763,2021-03-26 23:00,9.1,0,.4,0,1015.7,1020.3,62.9,0,0
763,2021-03-27 00:00,8,0,.3,0,1015.2,1019.9,68,0,0
763,2021-03-27 01:00,7,0,0,0,1014.7,1019.4,74.3,0,0
763,2021-03-27 02:00,7.1,0,.1,0,1013.9,1018.6,73.6,0,0
763,2021-03-27 03:00,6.5,0,0,0,1013,1017.7,74.8,0,0
763,2021-03-27 04:00,5.3,0,.3,0,1012.7,1017.4,81.7,0,0
763,2021-03-27 05:00,5.8,0,.2,0,1012,1016.7,81.7,0,0
763,2021-03-27 06:00,5.2,0,0,0,1012,1016.7,84.5,0,0
763,2021-03-27 07:00,13.4,153.6,2.4,0,1010.9,1015.4,42.5,0,0
763,2021-03-27 08:00,14.4,160,1.5,0,1010.9,1015.4,47.2,0,0
763,2021-03-27 09:00,15.3,147.5,1.6,0,1011,1015.5,52.6,0,0
763,2021-03-27 10:00,16.2,152.6,2.8,0,1009.9,1014.4,53.4,0,0
763,2021-03-27 11:00,16.7,157.6,2.7,0,1009.2,1013.7,60.8,0,0
763,2021-03-27 12:00,16.3,172.7,2.3,0,1008.3,1012.8,67.2,0,0
763,2021-03-27 13:00,15,156.8,2.3,.5,1007.4,1011.9,84.6,0,0
763,2021-03-27 14:00,14.3,149,2,3,1005.8,1010.3,93.8,0,0
763,2021-03-27 15:00,14.9,142.5,1.7,2,1003.8,1008.3,92,0,0
763,2021-03-27 16:00,14.6,140.6,1.4,3,1002.6,1007.1,95.5,0,0
763,2021-03-27 17:00,14.7,148.8,2.1,4.5,1001.9,1006.4,94.3,0,0
763,2021-03-27 18:00,14.8,159,3.1,4.5,1001.4,1005.9,94.5,0,0
763,2021-03-27 19:00,14.8,169.5,1.5,2,1001,1005.5,96.8,0,0
763,2021-03-27 20:00,15.1,172.6,1.4,.5,1000.6,1005.1,96.9,0,0
763,2021-03-27 21:00,15.2,161.6,1,3,1000.8,1005.3,98.3,0,0
763,2021-03-27 22:00,15.4,189.9,1.7,2.5,1000.1,1004.6,98.7,0,0
763,2021-03-27 23:00,15.8,179.4,2.2,0,999.4,1003.9,97.1,0,0
763,2021-03-28 00:00,15.6,195.4,1.5,0,998.5,1003,97.2,0,0
763,2021-03-28 01:00,14.1,247.5,3.2,.5,998.8,1003.3,97.4,0,0
763,2021-03-28 02:00,12.1,235.6,2.5,0,999.4,1003.9,98,0,0
763,2021-03-28 03:00,10.5,238.6,4,0,999.7,1004.3,99.1,0,0
763,2021-03-28 04:00,9.4,252.7,3.4,0,1000.5,1005.1,99.8,0,0
763,2021-03-28 05:00,9.4,236.8,3,0,1000.2,1004.8,97.7,0,0
763,2021-03-28 06:00,9.4,241.1,3.4,0,1000.5,1005.1,97.4,0,0
763,2021-03-28 07:00,9.2,244.2,2.3,0,1001,1005.6,98,0,0
763,2021-03-28 08:00,9.1,241.6,3.1,.5,1001.2,1005.8,98.3,0,0
763,2021-03-28 09:00,9.1,235.2,2.5,0,1001.6,1006.2,98.7,0,0
763,2021-03-28 10:00,9,254.2,2.7,0,1002.3,1006.9,98.2,0,0
763,2021-03-28 11:00,9,254.5,2.6,0,1002.7,1007.3,97.4,0,0
763,2021-03-28 12:00,9,243.1,2.1,0,1002.8,1007.4,95.7,0,0
763,2021-03-28 13:00,9,234.5,1,0,1002.9,1007.5,98,0,0
763,2021-03-28 14:00,9.3,206.7,1.1,0,1002.8,1007.4,96.8,0,0
763,2021-03-28 15:00,9.9,229.3,1.1,0,1002.2,1006.8,92,0,0
763,2021-03-28 16:00,10,218.2,1,0,1002.3,1006.9,92.5,0,0
763,2021-03-28 17:00,10.5,215.2,.7,0,1002.1,1006.7,89.7,0,0
763,2021-03-28 18:00,10.7,215.5,.9,0,1002,1006.6,90.2,0,0
763,2021-03-28 19:00,9.8,0,.1,0,1002.1,1006.7,94.8,0,0
763,2021-03-28 20:00,8.8,0,.1,0,1002.6,1007.2,99.1,0,0
763,2021-03-28 21:00,8.4,284,.9,0,1002.8,1007.4,99.9,0,0
763,2021-03-28 22:00,9.5,0,.4,0,1002.7,1007.3,99.2,0,0
763,2021-03-28 23:00,12.1,206.7,1.8,0,1002.7,1007.2,83.7,0,0
763,2021-03-29 00:00,11,231.1,3,0,1003.3,1007.9,94.5,0,0
763,2021-03-29 01:00,10.9,247.4,2.9,0,1003.9,1008.5,98.7,0,0
763,2021-03-29 02:00,10.6,249.7,2,0,1004.1,1008.7,96.7,0,0
763,2021-03-29 03:00,10.3,251.1,2.7,0,1004.2,1008.8,93.8,0,0
763,2021-03-29 04:00,9.4,252,2,0,1004.2,1008.8,91.3,0,0
763,2021-03-29 05:00,9.1,258,1.5,0,1004.6,1009.2,91.4,0,0
763,2021-03-29 06:00,8.3,0,.1,0,1004.9,1009.5,93.3,0,0
763,2021-03-29 07:00,8.3,140.9,.5,0,1005.5,1010.1,93.5,0,0
763,2021-03-29 08:00,8.8,260.9,.9,0,1006.3,1010.9,85.7,0,0
763,2021-03-29 09:00,9.6,262.3,1,0,1006.7,1011.3,82,0,0
763,2021-03-29 10:00,11.5,79.9,.6,0,1006.8,1011.4,75.6,0,0
763,2021-03-29 11:00,12.5,270.1,.9,0,1006.5,1011,62,0,0
763,2021-03-29 12:00,14.3,251,1.6,0,1006.2,1010.7,48.4,0,0
763,2021-03-29 13:00,15.1,255.4,2,0,1005.9,1010.4,51.9,0,0
763,2021-03-29 14:00,16.4,227.2,1.1,0,1005.7,1010.2,48.2,0,0
763,2021-03-29 15:00,15.8,260.6,2.2,0,1004.8,1009.3,42.2,0,0
763,2021-03-29 16:00,15.3,269.4,3.6,0,1004.8,1009.3,33.5,0,0
763,2021-03-29 17:00,15,271,4.3,0,1005.4,1009.9,36.8,0,0
763,2021-03-29 18:00,13.5,256.7,2.4,0,1005.3,1009.8,49.4,0,0
763,2021-03-29 19:00,12.1,259.6,2.3,0,1005.1,1009.6,55.1,0,0
763,2021-03-29 20:00,10.7,0,.2,0,1005.5,1010.1,57.1,0,0
763,2021-03-29 21:00,8.6,0,.2,0,1006.3,1010.9,70.1,0,0
763,2021-03-29 22:00,7.8,0,.3,0,1006.8,1011.4,73.1,0,0
763,2021-03-29 23:00,7.8,0,.1,0,1007.3,1011.9,69.7,0,0
763,2021-03-30 00:00,7.3,0,.2,0,1007.5,1012.1,75.5,0,0
763,2021-03-30 01:00,7.3,0,.2,0,1007.9,1012.5,75.6,0,0
763,2021-03-30 02:00,7.4,0,.3,0,1007.5,1012.1,85.6,0,0
763,2021-03-30 03:00,7.6,0,.4,0,1007.8,1012.4,85,0,0
763,2021-03-30 04:00,6.7,0,.2,0,1007.5,1012.2,88.1,0,0
763,2021-03-30 05:00,5.8,0,0,0,1007.5,1012.2,93.5,0,0
763,2021-03-30 06:00,4.4,0,0,0,1007.8,1012.5,97.3,0,0
763,2021-03-30 07:00,4.4,0,0,0,1008.4,1013.1,98.6,0,0
763,2021-03-30 08:00,7.2,0,.3,0,1009.1,1013.8,82.4,0,0
763,2021-03-30 09:00,9.8,18.8,1,0,1009.6,1014.2,69.8,0,0
763,2021-03-30 10:00,12.1,31.6,1.5,0,1009.9,1014.5,47.8,0,0
763,2021-03-30 11:00,13.8,350.4,2.8,0,1009.9,1014.4,30.6,0,0
763,2021-03-30 12:00,15.4,32.2,1.8,0,1009.3,1013.8,29.1,0,0
763,2021-03-30 13:00,17.1,40.5,1.9,0,1008.5,1013,27,0,0
763,2021-03-30 14:00,18.3,22.2,3.1,0,1007.9,1012.3,21.5,0,0
763,2021-03-30 15:00,19.2,351.6,2.9,0,1008,1012.4,19.6,0,0
763,2021-03-30 16:00,18.5,291.3,2.2,0,1007.9,1012.3,18.9,0,0
763,2021-03-30 17:00,18.9,318.4,1.3,0,1007.6,1012,20.1,0,0
763,2021-03-30 18:00,17.5,337.9,1.4,0,1007.1,1011.6,22.6,0,0
763,2021-03-30 19:00,13.9,289.6,.9,0,1008.1,1012.6,40.9,0,0
763,2021-03-30 20:00,10.5,0,.1,0,1009.2,1013.8,56.8,0,0
763,2021-03-30 21:00,9.4,98.4,.6,0,1009.6,1014.2,66.3,0,0
763,2021-03-30 22:00,8,0,.1,0,1010.1,1014.7,64.9,0,0
763,2021-03-30 23:00,6.6,0,.2,0,1010.5,1015.2,69.1,0,0
763,2021-03-31 00:00,4.9,0,.1,0,1010.6,1015.3,76.3,0,0
763,2021-03-31 01:00,5.3,0,0,0,1010.5,1015.2,69.1,0,0
763,2021-03-31 02:00,3.5,0,.2,0,1010.2,1014.9,78.8,0,0
763,2021-03-31 03:00,3.8,0,0,0,1010.8,1015.5,77.7,0,0
763,2021-03-31 04:00,2.9,0,0,0,1010.7,1015.4,82.3,0,0
763,2021-03-31 05:00,3,0,.4,0,1010.2,1014.9,77.5,0,0
763,2021-03-31 06:00,2.8,0,0,0,1010.6,1015.3,77.3,0,0
763,2021-03-31 07:00,3.1,0,0,0,1010.9,1015.6,78.2,0,0
763,2021-03-31 08:00,7.3,7.5,.5,0,1011.2,1015.9,60.7,0,0
763,2021-03-31 09:00,9.2,1.8,1.1,0,1011.6,1016.2,54.3,0,0
763,2021-03-31 10:00,13.4,38.9,.8,0,1011.7,1016.3,40.4,0,0
763,2021-03-31 11:00,16.6,40.1,1.2,0,1011.3,1015.8,32,0,0
763,2021-03-31 12:00,18.6,3.3,.9,0,1010.4,1014.8,29.7,0,0
763,2021-03-31 13:00,20.8,31,1.4,0,1009.3,1013.7,27.4,0,0
763,2021-03-31 14:00,22.5,5.5,1.8,0,1008.8,1013.2,21,0,0
763,2021-03-31 15:00,22.5,290.4,2.5,0,1008.1,1012.5,18,0,0
763,2021-03-31 16:00,22.7,301.4,1.8,0,1008.1,1012.5,13,0,0
763,2021-03-31 17:00,22.2,284.6,2,0,1008.1,1012.5,15.2,0,0
763,2021-03-31 18:00,19.2,272.4,1.8,0,1008.5,1012.9,32.6,0,0
763,2021-03-31 19:00,15.3,0,.3,0,1008.9,1013.4,51.1,0,0
763,2021-03-31 20:00,13.1,95.2,.8,0,1009.8,1014.3,58.1,0,0
763,2021-03-31 21:00,11,0,0,0,1010.5,1015.1,68.2,0,0
763,2021-03-31 22:00,10,0,.2,0,1010.8,1015.4,71.8,0,0
763,2021-03-31 23:00,9.6,9.5,1,0,1011,1015.6,61.9,0,0
763,2021-04-01 00:00,8,76.7,.8,0,1011.2,1015.8,73.4,0,0
763,2021-04-01 01:00,7.6,0,0,0,1011.2,1015.9,74.9,0,0
763,2021-04-01 02:00,6.3,0,0,0,1011.4,1016.1,81.7,0,0
763,2021-04-01 03:00,6.2,0,0,0,1011.6,1016.3,85.6,0,0
763,2021-04-01 04:00,5.4,0,0,0,1011.8,1016.5,87.6,0,0
763,2021-04-01 05:00,5.1,0,0,0,1012.2,1016.9,90,0,0
763,2021-04-01 06:00,5.4,0,.1,0,1012.5,1017.2,88,0,0
763,2021-04-01 07:00,6.6,0,.3,0,1013.5,1018.2,84.2,0,0
763,2021-04-01 08:00,11.9,13.2,1.1,0,1013.8,1018.4,58.1,0,0
763,2021-04-01 09:00,15.9,78.8,2.6,0,1014.1,1018.6,33.3,0,0
763,2021-04-01 10:00,18.1,56,2.5,0,1014.1,1018.6,27.8,0,0
763,2021-04-01 11:00,19.3,84.5,2.4,0,1013.8,1018.2,26.7,0,0
763,2021-04-01 12:00,20.6,77.8,3.2,0,1013,1017.4,24.1,0,0
763,2021-04-01 13:00,21.3,89,3.5,0,1012.6,1017,25.5,0,0
763,2021-04-01 14:00,21.4,80.1,4.3,0,1012.5,1016.9,29.5,0,0
763,2021-04-01 15:00,22.3,84.6,3.8,0,1012.2,1016.6,26.5,0,0
763,2021-04-01 16:00,22,101.8,3.5,0,1012.8,1017.2,23.7,0,0
763,2021-04-01 17:00,20.5,83.3,3.5,0,1013,1017.4,24.9,0,0
763,2021-04-01 18:00,19.3,85.4,3.1,0,1013.4,1017.8,24.8,0,0
763,2021-04-01 19:00,18.2,78.8,2.6,0,1013.6,1018.1,24.5,0,0
763,2021-04-01 20:00,17.3,79.3,3.5,0,1014.1,1018.6,25.5,0,0
763,2021-04-01 21:00,16.8,74.8,3.6,0,1014.5,1019,24.3,0,0
763,2021-04-01 22:00,16.3,74.1,2.4,0,1014.2,1018.7,23.9,0,0
763,2021-04-01 23:00,15.9,52.5,1.8,0,1014.6,1019.1,25.8,0,0
763,2021-04-02 00:00,15.1,34.9,1.8,0,1014.8,1019.4,30.3,0,0
763,2021-04-02 01:00,14,37.8,1.6,0,1015.3,1019.9,37.4,0,0
763,2021-04-02 02:00,14.8,75.9,3.4,0,1015.1,1019.6,33.6,0,0
763,2021-04-02 03:00,14.3,82.3,2.7,0,1015,1019.5,37.1,0,0
763,2021-04-02 04:00,14.1,74.7,1.5,0,1015.1,1019.7,37.7,0,0
763,2021-04-02 05:00,13.7,28.8,1.1,0,1015.1,1019.7,40.3,0,0
763,2021-04-02 06:00,12.5,3.1,1.3,0,1014.9,1019.5,48.1,0,0
763,2021-04-02 07:00,12.2,19,.9,0,1015.1,1019.7,51.3,0,0
763,2021-04-02 08:00,14,42.7,2.1,0,1015.5,1020.1,47.6,0,0
763,2021-04-02 09:00,15.4,22.8,2.3,0,1016,1020.5,46.9,0,0
763,2021-04-02 10:00,17,19.3,3,0,1015.6,1020.1,46.7,0,0
763,2021-04-02 11:00,18.9,34,1.8,0,1014.8,1019.3,43.5,0,0
763,2021-04-02 12:00,19.7,342.7,2.8,0,1014.5,1018.9,43.4,0,0
763,2021-04-02 13:00,22.3,2.4,2.4,0,1013.6,1018,36.9,0,0
763,2021-04-02 14:00,22.3,357.2,2.8,0,1013.1,1017.5,38.9,0,0
763,2021-04-02 15:00,22.7,351.4,2,0,1012.8,1017.2,39.3,0,0
763,2021-04-02 16:00,22.7,354.3,2.8,0,1012.6,1017,39.2,0,0
763,2021-04-02 17:00,22.4,354.6,1.7,0,1012.6,1017,41.6,0,0
763,2021-04-02 18:00,21.5,4.3,1.1,0,1012.5,1016.9,44.5,0,0
763,2021-04-02 19:00,20.3,0,.4,0,1012.6,1017,50.7,0,0
763,2021-04-02 20:00,18.9,0,.1,0,1013.1,1017.5,55.4,0,0
763,2021-04-02 21:00,17.7,0,0,0,1013.6,1018.1,64.8,0,0
763,2021-04-02 22:00,17.1,0,0,0,1013.6,1018.1,67.5,0,0
763,2021-04-02 23:00,16.7,0,0,0,1012.9,1017.4,70.5,0,0
763,2021-04-03 00:00,15.5,0,0,0,1012.5,1017,75.5,0,0
763,2021-04-03 01:00,15.8,0,.2,0,1012.2,1016.7,72.8,0,0
763,2021-04-03 02:00,15.6,0,.1,0,1011.8,1016.3,74.8,0,0
763,2021-04-03 03:00,15.2,0,0,0,1011.6,1016.1,80.7,0,0
763,2021-04-03 04:00,15,0,0,0,1011.2,1015.7,80.9,0,0
763,2021-04-03 05:00,14.4,0,.4,0,1010.6,1015.1,83.1,0,0
763,2021-04-03 06:00,15.2,0,0,0,1010.4,1014.9,79.1,0,0
763,2021-04-03 07:00,15,0,0,0,1010.3,1014.8,82.7,0,0
763,2021-04-03 08:00,17.3,134.2,.8,0,1010.2,1014.7,70.7,0,0
763,2021-04-03 09:00,19,156.6,2,0,1009.9,1014.3,64,0,0
763,2021-04-03 10:00,19.7,156.4,2.3,0,1009.4,1013.8,64,0,0
763,2021-04-03 11:00,18,162.7,2.4,1,1008.8,1013.2,80.7,0,0
763,2021-04-03 12:00,17.6,159.8,2.8,0,1008,1012.5,89.7,0,0
763,2021-04-03 13:00,18.7,158.2,2.9,0,1007,1011.4,84.8,0,0
763,2021-04-03 14:00,17.7,163.6,2.9,1.5,1005.9,1010.3,90.7,0,0
763,2021-04-03 15:00,17.3,162.6,1.8,2.5,1005.7,1010.2,93.5,0,0
763,2021-04-03 16:00,17,166.3,2,1.5,1005.1,1009.6,95.2,0,0
763,2021-04-03 17:00,16.8,182.5,1.1,1.5,1004.8,1009.3,96.6,0,0
763,2021-04-03 18:00,16.7,189.2,.7,2.5,1004.5,1009,97.8,0,0
763,2021-04-03 19:00,16.5,210.1,1.1,.5,1004.8,1009.3,98.4,0,0
763,2021-04-03 20:00,14.4,249.6,2.3,.5,1005.4,1009.9,99.1,0,0
763,2021-04-03 21:00,13.7,0,.4,1.5,1005.5,1010,99.4,0,0
763,2021-04-03 22:00,13.4,0,.1,4,1005.5,1010,99.8,0,0
763,2021-04-03 23:00,12.7,117.2,.6,.5,1005.6,1010.1,99.1,0,0
763,2021-04-04 00:00,12.7,0,.4,0,1005.9,1010.4,99.1,0,0
763,2021-04-04 01:00,12.2,188.7,.5,.5,1005.9,1010.5,99.2,0,0
763,2021-04-04 02:00,12,181.3,1,0,1005.7,1010.3,99.4,0,0
763,2021-04-04 03:00,11.8,207.3,1,0,1005.7,1010.3,99.9,0,0
763,2021-04-04 04:00,11.2,149.9,.8,0,1005.5,1010.1,99.9,0,0
763,2021-04-04 05:00,10.6,207.7,.6,1,1005.7,1010.3,99.2,0,0
763,2021-04-04 06:00,10.4,0,0,1,1006.4,1011,99.9,0,0
763,2021-04-04 07:00,10.1,0,.2,.5,1007.2,1011.8,99.9,0,0
763,2021-04-04 08:00,10.1,0,.2,0,1008.3,1012.9,99.9,0,0
763,2021-04-04 09:00,10.4,0,.1,.5,1008.7,1013.3,99.9,0,0
763,2021-04-04 10:00,10.9,339.8,2.1,0,1009.4,1014,99.2,0,0
763,2021-04-04 11:00,11,359.3,1.7,0,1010,1014.6,96.2,0,0
763,2021-04-04 12:00,11.6,347.6,2.9,0,1010.2,1014.8,89.6,0,0
763,2021-04-04 13:00,11.8,344.2,2.9,0,1010.4,1015,84.7,0,0
763,2021-04-04 14:00,12.4,356.6,2.2,0,1010.3,1014.9,85.1,0,0
763,2021-04-04 15:00,13,63.6,2.4,0,1010.6,1015.2,77.7,0,0
763,2021-04-04 16:00,13.5,53.5,2.4,0,1010.9,1015.4,73.1,0,0
763,2021-04-04 17:00,13.2,13.6,2,0,1011.5,1016.1,75.4,0,0
763,2021-04-04 18:00,13,30.4,1.4,0,1011.9,1016.5,72.5,0,0
763,2021-04-04 19:00,11.7,80.1,.8,0,1012.1,1016.7,78.3,0,0
763,2021-04-04 20:00,9,0,0,0,1013.5,1018.1,96.8,0,0
763,2021-04-04 21:00,9.1,0,0,0,1014.5,1019.1,98.3,0,0
763,2021-04-04 22:00,8.8,0,0,0,1015.3,1019.9,98.7,0,0
763,2021-04-04 23:00,8.4,0,0,0,1015.8,1020.5,99,0,0
763,2021-04-05 00:00,7.4,0,0,0,1015.9,1020.6,99.9,0,0
763,2021-04-05 01:00,6.9,0,0,0,1016.2,1020.9,99.9,0,0
763,2021-04-05 02:00,5.9,0,0,0,1016.4,1021.1,99.9,0,0
763,2021-04-05 03:00,5,0,0,0,1016.8,1021.5,99.9,0,0
763,2021-04-05 04:00,5.2,0,0,0,1017.2,1021.9,99.9,0,0
763,2021-04-05 05:00,4.3,0,0,0,1017.7,1022.4,99.9,0,0
763,2021-04-05 06:00,3.9,0,0,0,1018.3,1023.1,99.9,0,0
763,2021-04-05 07:00,4.2,0,.2,0,1019.2,1024,99.9,0,0
763,2021-04-05 08:00,7.5,4.5,1.5,0,1019.7,1024.4,80.1,0,0
763,2021-04-05 09:00,9.5,26.2,2.7,0,1019.8,1024.5,69.2,0,0
763,2021-04-05 10:00,11.8,14.8,2.8,0,1019.9,1024.5,52.6,0,0
763,2021-04-05 11:00,13.9,24.4,3.8,0,1019.6,1024.2,34.1,0,0
763,2021-04-05 12:00,14.3,16.3,2.4,0,1019.2,1023.8,39.7,0,0
763,2021-04-05 13:00,16.3,21.9,3,0,1018.3,1022.8,32,0,0
763,2021-04-05 14:00,17.2,13.9,2.9,0,1017.3,1021.8,26.5,0,0
763,2021-04-05 15:00,17.6,9.9,2.4,0,1016.6,1021.1,27.8,0,0
763,2021-04-05 16:00,17.7,351.8,2.9,0,1016.2,1020.7,23.8,0,0
763,2021-04-05 17:00,17.6,350.8,2.5,0,1015.7,1020.2,24.7,0,0
763,2021-04-05 18:00,16.5,339.9,1.9,0,1015.8,1020.3,26.2,0,0
763,2021-04-05 19:00,13.7,281.6,1.6,0,1016,1020.6,52.3,0,0
763,2021-04-05 20:00,10.2,0,0,0,1016.9,1021.5,70.7,0,0
763,2021-04-05 21:00,9.3,102.7,.5,0,1017.6,1022.2,67,0,0
763,2021-04-05 22:00,7.5,98.4,.6,0,1017.7,1022.4,78.9,0,0
763,2021-04-05 23:00,6.7,107,.5,0,1017.5,1022.2,79,0,0
763,2021-04-06 00:00,6.1,0,0,0,1017.5,1022.2,85.3,0,0
763,2021-04-06 01:00,5.6,0,.2,0,1017.7,1022.4,86.7,0,0
763,2021-04-06 02:00,4.8,0,0,0,1017.3,1022,89.3,0,0
763,2021-04-06 03:00,4.2,0,0,0,1017,1021.7,94,0,0
763,2021-04-06 04:00,3.9,0,0,0,1017,1021.7,94.7,0,0
763,2021-04-06 05:00,3.6,0,0,0,1017.3,1022.1,95.9,0,0
763,2021-04-06 06:00,5.1,0,0,0,1017.7,1022.4,91.7,0,0
763,2021-04-06 07:00,6.1,0,0,0,1018,1022.7,86.9,0,0
763,2021-04-06 08:00,7.8,288.5,1,0,1018.4,1023.1,80.3,0,0
763,2021-04-06 09:00,9.8,28.4,.8,0,1018.5,1023.1,76,0,0
763,2021-04-06 10:00,12.4,0,.3,0,1018.2,1022.8,54.6,0,0
763,2021-04-06 11:00,14.7,267.8,1,0,1017.9,1022.4,43.6,0,0
763,2021-04-06 12:00,16.1,295.5,1.5,0,1017.3,1021.8,33.1,0,0
763,2021-04-06 13:00,17.7,171.9,1.3,0,1016.5,1021,36.4,0,0
763,2021-04-06 14:00,18.6,292.1,2.6,0,1015.7,1020.2,34.6,0,0
763,2021-04-06 15:00,18.3,262.6,3.4,0,1015.5,1020,31.4,0,0
763,2021-04-06 16:00,19.1,231.3,2.1,0,1014.9,1019.3,28.2,0,0
763,2021-04-06 17:00,18.6,314.6,4.1,0,1014.8,1019.3,28.9,0,0
763,2021-04-06 18:00,17.4,314.6,2.4,0,1015.1,1019.6,34.1,0,0
763,2021-04-06 19:00,14.6,283.1,1.2,0,1015.5,1020,45.7,0,0
763,2021-04-06 20:00,12.6,256.2,.7,0,1016.3,1020.9,55,0,0
763,2021-04-06 21:00,11,0,.4,0,1017.3,1021.9,62.3,0,0
763,2021-04-06 22:00,9,0,.1,0,1017.6,1022.3,74.5,0,0
763,2021-04-06 23:00,8.3,109.5,.5,0,1018.1,1022.8,82,0,0
763,2021-04-07 00:00,7.7,149.6,.7,0,1018.3,1023,84.4,0,0
763,2021-04-07 01:00,6.6,0,.4,0,1018.2,1022.9,92.9,0,0
763,2021-04-07 02:00,7.1,151.5,.6,0,1018,1022.7,89.8,0,0
763,2021-04-07 03:00,6.3,0,.1,0,1017.7,1022.4,89.2,0,0
763,2021-04-07 04:00,5,0,.1,0,1017.6,1022.3,95.4,0,0
763,2021-04-07 05:00,5,0,.1,0,1017.3,1022,96.5,0,0
763,2021-04-07 06:00,4.2,0,0,0,1017.2,1021.9,96.9,0,0
763,2021-04-07 07:00,4.8,0,0,0,1017.7,1022.4,98.5,0,0
763,2021-04-07 08:00,7.4,0,.1,0,1018.3,1023,86.5,0,0
763,2021-04-07 09:00,10.2,0,.4,0,1018.2,1022.9,76.1,0,0
763,2021-04-07 10:00,13,299.2,.5,0,1018.1,1022.7,66.2,0,0
763,2021-04-07 11:00,15.9,337.1,1.1,0,1017.6,1022.1,50.1,0,0
763,2021-04-07 12:00,17.7,310.1,1.3,0,1016.8,1021.3,39,0,0
763,2021-04-07 13:00,19,318.9,2,0,1015.9,1020.4,31.9,0,0
763,2021-04-07 14:00,20.1,13.5,1.7,0,1015,1019.5,28.9,0,0
763,2021-04-07 15:00,20.4,306.1,1.9,0,1014.3,1018.8,23,0,0
763,2021-04-07 16:00,19.9,280.4,3.7,0,1014.1,1018.5,35.9,0,0
763,2021-04-07 17:00,18.8,275.3,4.3,0,1013.9,1018.4,39.3,0,0
763,2021-04-07 18:00,18.1,267.3,3,0,1014,1018.5,37.5,0,0
763,2021-04-07 19:00,14.4,0,.3,0,1014.1,1018.6,52.7,0,0
763,2021-04-07 20:00,12,0,0,0,1014.9,1019.5,64.1,0,0
763,2021-04-07 21:00,11,0,.2,0,1015.5,1020.1,62.2,0,0
763,2021-04-07 22:00,10,0,.2,0,1015.5,1020.1,67.1,0,0
763,2021-04-07 23:00,8.9,0,.3,0,1015.3,1019.9,71.8,0,0
763,2021-04-08 00:00,8,0,.1,0,1015.1,1019.8,79.5,0,0
763,2021-04-08 01:00,7.8,0,.4,0,1014.9,1019.6,80,0,0
763,2021-04-08 02:00,7.2,0,.2,0,1014.6,1019.3,87,0,0
763,2021-04-08 03:00,7,0,.1,0,1014.9,1019.6,86.4,0,0
763,2021-04-08 04:00,6.8,0,0,0,1014.6,1019.3,91.3,0,0
763,2021-04-08 05:00,5.1,0,0,0,1014.9,1019.6,96.7,0,0
763,2021-04-08 06:00,4.7,0,0,0,1015.1,1019.8,98.7,0,0
763,2021-04-08 07:00,5.3,0,.2,0,1015.4,1020.1,98.3,0,0
763,2021-04-08 08:00,9.5,0,.4,0,1015.8,1020.4,82.9,0,0
763,2021-04-08 09:00,11.8,0,.3,0,1015.8,1020.4,68.8,0,0
763,2021-04-08 10:00,13.5,305.8,.7,0,1015.9,1020.5,52.9,0,0
763,2021-04-08 11:00,15.4,223.5,1.4,0,1015.7,1020.2,36.8,0,0
763,2021-04-08 12:00,16.3,279.3,2.5,0,1015.2,1019.7,28.9,0,0
763,2021-04-08 13:00,17,283.3,3.1,0,1014.5,1019,30.9,0,0
763,2021-04-08 14:00,18.4,234.5,1.5,0,1014.1,1018.6,28.4,0,0
763,2021-04-08 15:00,17.3,264.3,3.4,0,1013.6,1018.1,27.4,0,0
763,2021-04-08 16:00,17.2,256.7,3.1,0,1013.2,1017.7,32.9,0,0
763,2021-04-08 17:00,17.2,225.6,1.9,0,1013.2,1017.7,41.6,0,0
763,2021-04-08 18:00,16.5,303.1,2.7,0,1013.5,1018,28.6,0,0
763,2021-04-08 19:00,14.3,321.1,1.3,0,1014.2,1018.7,30.9,0,0
763,2021-04-08 20:00,11.7,315.2,.9,0,1015.2,1019.8,41.3,0,0
763,2021-04-08 21:00,9,0,0,0,1016.2,1020.8,54.6,0,0
763,2021-04-08 22:00,8.2,0,.3,0,1016.7,1021.4,56.4,0,0
763,2021-04-08 23:00,6.5,0,.3,0,1016.7,1021.4,73,0,0
763,2021-04-09 00:00,6,0,.4,0,1016.8,1021.5,74.8,0,0
763,2021-04-09 01:00,5.1,0,.1,0,1017.1,1021.8,79.8,0,0
763,2021-04-09 02:00,4.7,0,.1,0,1017,1021.7,77.7,0,0
763,2021-04-09 03:00,3.6,0,.2,0,1017.2,1022,84.4,0,0
763,2021-04-09 04:00,3,0,.2,0,1017.5,1022.3,86.6,0,0
763,2021-04-09 05:00,2,0,0,0,1018,1022.8,88.5,0,0
763,2021-04-09 06:00,2.2,0,.2,0,1018,1022.8,89.3,0,0
763,2021-04-09 07:00,3.1,0,0,0,1018.8,1023.6,87.3,0,0
763,2021-04-09 08:00,6.1,21.5,1.2,0,1019.7,1024.4,74.8,0,0
763,2021-04-09 09:00,9.5,12,1.1,0,1020.4,1025.1,58.4,0,0
763,2021-04-09 10:00,13.1,9.3,1.8,0,1020.4,1025,47.5,0,0
763,2021-04-09 11:00,16,358.1,1.5,0,1020.4,1025,36.3,0,0
763,2021-04-09 12:00,17.6,281.2,1.7,0,1020,1024.5,30.1,0,0
763,2021-04-09 13:00,19.7,304.3,2.2,0,1019.7,1024.2,25.7,0,0
763,2021-04-09 14:00,19.4,319.5,1.9,0,1019.3,1023.8,25.4,0,0
763,2021-04-09 15:00,19.6,301.2,2.3,0,1019.1,1023.6,26.9,0,0
763,2021-04-09 16:00,19.3,291.5,2.1,0,1018.8,1023.3,24.9,0,0
763,2021-04-09 17:00,18.4,274.6,3.9,0,1019.1,1023.6,27.8,0,0
763,2021-04-09 18:00,17.1,325.1,1.7,0,1019.9,1024.4,31.3,0,0
763,2021-04-09 19:00,15.3,322.4,1.2,0,1020.1,1024.7,35,0,0
763,2021-04-09 20:00,12.7,0,.1,0,1021.1,1025.7,54.2,0,0
763,2021-04-09 21:00,11.5,134.3,.5,0,1022.6,1027.2,66.1,0,0
763,2021-04-09 22:00,11.9,215.1,.6,0,1023.7,1028.3,54.8,0,0
763,2021-04-09 23:00,9.4,0,.4,0,1024,1028.7,68.2,0,0
763,2021-04-10 00:00,7.1,0,0,0,1024.3,1029,81.3,0,0
763,2021-04-10 01:00,6.2,0,0,0,1024.7,1029.4,87.1,0,0
763,2021-04-10 02:00,5.7,0,.1,0,1024.7,1029.5,90.3,0,0
763,2021-04-10 03:00,5.3,0,0,0,1025,1029.8,91.1,0,0
763,2021-04-10 04:00,4.5,0,0,0,1025.3,1030.1,94.4,0,0
763,2021-04-10 05:00,4.1,0,0,0,1025.8,1030.6,95.6,0,0
763,2021-04-10 06:00,3.7,0,0,0,1026.2,1031,97.3,0,0
763,2021-04-10 07:00,4.9,,,0,1027,1031.8,95.6,0,0
763,2021-04-10 08:00,8,0,.3,0,1027.5,1032.2,77.4,0,0
763,2021-04-10 09:00,10.9,60.6,.8,0,1028,1032.7,64,0,0
763,2021-04-10 10:00,13.5,73.7,1.2,0,1028.2,1032.8,57.3,0,0
763,2021-04-10 11:00,15.7,35.4,1.6,0,1027.9,1032.5,42.1,0,0
763,2021-04-10 12:00,16.7,37.9,1.6,0,1027.1,1031.7,41.4,0,0
763,2021-04-10 13:00,17.1,353.1,1.7,0,1026.2,1030.7,40.5,0,0
763,2021-04-10 14:00,18.3,304.5,2.3,0,1025.6,1030.1,33.8,0,0
763,2021-04-10 15:00,18.6,287,2.5,0,1025.2,1029.7,28.7,0,0
763,2021-04-10 16:00,18.4,294.5,2.2,0,1024.7,1029.2,30.6,0,0
763,2021-04-10 17:00,18.8,358.5,1.7,0,1024.5,1029,31.2,0,0
763,2021-04-10 18:00,17.1,269.9,2.8,0,1024.7,1029.2,49,0,0
763,2021-04-10 19:00,15.3,262.5,1.9,0,1024.7,1029.3,54.2,0,0
763,2021-04-10 20:00,12.1,0,.3,0,1025.5,1030.1,70.8,0,0
763,2021-04-10 21:00,10.8,0,.1,0,1026.3,1031,77.6,0,0
763,2021-04-10 22:00,9.4,0,0,0,1026.9,1031.6,84.7,0,0
763,2021-04-10 23:00,8.8,0,.2,0,1027.1,1031.8,84.5,0,0
763,2021-04-11 00:00,8.2,0,.2,0,1027.2,1031.9,88.1,0,0
763,2021-04-11 01:00,6.9,0,0,0,1027.5,1032.2,93.6,0,0
763,2021-04-11 02:00,6.4,0,.1,0,1027.6,1032.4,95.9,0,0
763,2021-04-11 03:00,5.7,0,.1,0,1027.2,1032,96.9,0,0
763,2021-04-11 04:00,5.7,0,0,0,1027.1,1031.9,98.6,0,0
763,2021-04-11 05:00,5.2,0,0,0,1026.8,1031.6,99.4,0,0
763,2021-04-11 06:00,5.1,0,0,0,1026.9,1031.7,99.4,0,0
763,2021-04-11 07:00,5.4,0,0,0,1027.4,1032.2,99.7,0,0
763,2021-04-11 08:00,8.3,0,.1,0,1028,1032.7,89.2,0,0
763,2021-04-11 09:00,11,0,.4,0,1028.2,1032.9,72.9,0,0
763,2021-04-11 10:00,14.6,53.7,1.2,0,1028.2,1032.8,60.8,0,0
763,2021-04-11 11:00,17,47.2,1.2,0,1027.4,1032,48.4,0,0
763,2021-04-11 12:00,18.8,38.4,1.7,0,1026.4,1030.9,42.5,0,0
763,2021-04-11 13:00,20.4,79.3,1.7,0,1025.2,1029.7,38,0,0
763,2021-04-11 14:00,21.2,303.3,1.6,0,1024.1,1028.6,36,0,0
763,2021-04-11 15:00,21.4,284.2,2.1,0,1023.4,1027.9,33.1,0,0
763,2021-04-11 16:00,22,4.5,1.3,0,1022.6,1027,32.5,0,0
763,2021-04-11 17:00,21.7,319.7,1,0,1021.9,1026.4,30.7,0,0
763,2021-04-11 18:00,21.2,11.8,.8,0,1021.6,1026.1,33.1,0,0
763,2021-04-11 19:00,17.5,258.4,.5,0,1021.8,1026.3,53.1,0,0
763,2021-04-11 20:00,15.6,0,.2,0,1022.2,1026.8,58,0,0
763,2021-04-11 21:00,13.6,0,.4,0,1023.1,1027.7,65.4,0,0
763,2021-04-11 22:00,13.1,0,.3,0,1023.7,1028.3,67.1,0,0
763,2021-04-11 23:00,13.9,112.7,1.2,0,1023.4,1028,60.4,0,0
763,2021-04-12 00:00,13.5,0,.2,0,1022.9,1027.5,60.3,0,0
763,2021-04-12 01:00,12.7,0,0,0,1022.8,1027.4,67.3,0,0
763,2021-04-12 02:00,12.3,0,0,0,1022,1026.6,67.7,0,0
763,2021-04-12 03:00,12.1,0,.1,0,1021.7,1026.3,68,0,0
763,2021-04-12 04:00,10.6,0,.4,0,1020.9,1025.6,78.4,0,0
763,2021-04-12 05:00,10.2,0,0,0,1020.1,1024.8,79.3,0,0
763,2021-04-12 06:00,10.7,0,.2,0,1019.4,1024,73.5,0,0
763,2021-04-12 07:00,11.1,0,.1,0,1018.9,1023.5,74.5,0,0
763,2021-04-12 08:00,12,0,.3,0,1019.4,1024,69.6,0,0
763,2021-04-12 09:00,12.8,109.5,.8,0,1019.4,1024,69.6,0,0
763,2021-04-12 10:00,14.6,0,.4,0,1018.6,1023.2,47.7,0,0
763,2021-04-12 11:00,15.5,104.4,1.3,0,1017.5,1022.1,58.2,0,0
763,2021-04-12 12:00,14.3,0,.4,0,1016.3,1020.9,77.2,0,0
763,2021-04-12 13:00,13.8,0,.3,1,1014.7,1019.3,86.3,0,0
763,2021-04-12 14:00,13.4,0,.4,1,1013.4,1018,92.2,0,0
763,2021-04-12 15:00,13.8,134.2,1.6,2.5,1011.8,1016.3,94.2,0,0
763,2021-04-12 16:00,14.3,155.8,1.7,2,1010.6,1015.1,90.7,0,0
763,2021-04-12 17:00,14.1,161.6,1.9,2,1009.7,1014.2,92.7,0,0
763,2021-04-12 18:00,14.2,167.6,1.7,3.5,1008.7,1013.2,92.4,0,0
763,2021-04-12 19:00,14.2,162.7,1.6,3.5,1007.7,1012.2,93.4,0,0
763,2021-04-12 20:00,14.2,154.2,1.5,2.5,1007.3,1011.8,95,0,0
763,2021-04-12 21:00,14.7,164.9,1.8,.5,1007.2,1011.7,92.4,0,0
763,2021-04-12 22:00,15.1,170.8,2.4,.5,1006.9,1011.4,92.3,0,0
763,2021-04-12 23:00,14.8,193.1,1.1,0,1006.8,1011.3,95.3,0,0
763,2021-04-13 00:00,14.7,191.3,1.2,2,1006.3,1010.8,98.3,0,0
763,2021-04-13 01:00,14.1,242.9,2.8,0,1005.9,1010.4,96,0,0
763,2021-04-13 02:00,11.6,256.9,3.8,0,1006.5,1011.1,99.4,0,0
763,2021-04-13 03:00,11,242.7,3.7,0,1006.8,1011.4,99.6,0,0
763,2021-04-13 04:00,10.9,226.6,1.8,.5,1007.1,1011.7,98.7,0,0
763,2021-04-13 05:00,10.6,239.7,1.7,.5,1007.3,1011.9,99.2,0,0
763,2021-04-13 06:00,10.2,239.3,1.6,0,1007.7,1012.3,99.3,0,0
763,2021-04-13 07:00,10.3,239.8,1.7,0,1008.5,1013.1,99.1,0,0
763,2021-04-13 08:00,10.4,248.4,1.6,0,1009.1,1013.7,99.7,0,0
763,2021-04-13 09:00,10.9,245.8,.8,0,1009.7,1014.3,99.9,0,0
763,2021-04-13 10:00,12.1,242.9,1.1,0,1010.4,1015,93.9,0,0
763,2021-04-13 11:00,13.8,263.3,1.7,0,1010.4,1014.9,78.1,0,0
763,2021-04-13 12:00,14.5,257.7,3.3,0,1010.8,1015.3,72,0,0
763,2021-04-13 13:00,13.5,273.2,4.4,0,1011.2,1015.7,67.8,0,0
763,2021-04-13 14:00,13.2,279.4,5.1,0,1011.5,1016.1,60.9,0,0
763,2021-04-13 15:00,12.5,281.3,4.2,0,1011.4,1016,53,0,0
763,2021-04-13 16:00,11.6,274.1,4.2,0,1011.4,1016,51.6,0,0
763,2021-04-13 17:00,10.4,276,4,0,1011.8,1016.4,51.1,0,0
763,2021-04-13 18:00,8.4,270.4,4.7,0,1012.1,1016.7,58.9,0,0
763,2021-04-13 19:00,6.9,273,2.3,0,1012.4,1017.1,66.7,0,0
763,2021-04-13 20:00,5.9,268.4,2.9,0,1013.7,1018.4,69.1,0,0
763,2021-04-13 21:00,5.1,261.1,1.2,0,1013.7,1018.4,73.1,0,0
763,2021-04-13 22:00,4.8,242,1,0,1014.9,1019.6,74.6,0,0
763,2021-04-13 23:00,4.2,0,.1,0,1015.4,1020.1,81.3,0,0
763,2021-04-14 00:00,3.8,0,0,0,1015.8,1020.5,86.9,0,0
763,2021-04-14 01:00,3.2,0,.1,0,1015.8,1020.6,88.8,0,0
763,2021-04-14 02:00,2.8,0,0,0,1015.6,1020.4,90.7,0,0
763,2021-04-14 03:00,2.5,0,.2,0,1015.4,1020.2,93.1,0,0
763,2021-04-14 04:00,2.3,0,.3,0,1015.4,1020.2,93.3,0,0
763,2021-04-14 05:00,1.8,109.3,.5,0,1015.2,1020,95.7,0,0
763,2021-04-14 06:00,1.1,0,.1,0,1015.4,1020.2,97.1,0,0
763,2021-04-14 07:00,2.4,0,.3,0,1015.8,1020.6,94.2,0,0
763,2021-04-14 08:00,6.3,0,.1,0,1016.5,1021.2,67.5,0,0
763,2021-04-14 09:00,7.9,50.1,1.7,0,1017,1021.7,58.5,0,0
763,2021-04-14 10:00,9.2,15,2.1,0,1017.4,1022.1,54.6,0,0
763,2021-04-14 11:00,10,80.3,1.3,0,1017.6,1022.3,50.2,0,0
763,2021-04-14 12:00,11.7,91.8,1.7,0,1017,1021.6,47.9,0,0
763,2021-04-14 13:00,13.6,276.5,1.4,0,1016,1020.6,38,0,0
763,2021-04-14 14:00,15,307.3,2.6,0,1015.3,1019.9,31.5,0,0
763,2021-04-14 15:00,14.9,291,3.1,0,1015,1019.5,28.3,0,0
763,2021-04-14 16:00,15.5,257.4,2,0,1015.1,1019.6,38.6,0,0
763,2021-04-14 17:00,13.5,279,4.1,0,1015.2,1019.8,38.9,0,0
763,2021-04-14 18:00,11.7,267.1,3.4,0,1015.3,1019.9,46.1,0,0
763,2021-04-14 19:00,9.8,255,1.9,0,1015.8,1020.4,48.9,0,0
763,2021-04-14 20:00,8.1,235.4,.5,0,1016.2,1020.9,51.5,0,0
763,2021-04-14 21:00,6.5,0,.3,0,1017,1021.7,60.3,0,0
763,2021-04-14 22:00,5.1,98.4,.5,0,1017.8,1022.5,68,0,0
763,2021-04-14 23:00,4.4,0,.2,0,1017.6,1022.3,72.4,0,0
763,2021-04-15 00:00,3.6,0,.2,0,1017.6,1022.4,83.5,0,0
763,2021-04-15 01:00,3.1,0,0,0,1017.3,1022.1,87,0,0
763,2021-04-15 02:00,2.2,0,.3,0,1016.9,1021.7,92.7,0,0
763,2021-04-15 03:00,1,0,.1,0,1016.9,1021.7,95.4,0,0
763,2021-04-15 04:00,.9,0,0,0,1016.8,1021.6,97.8,0,0
763,2021-04-15 05:00,1.2,0,0,0,1016.8,1021.6,97.5,0,0
763,2021-04-15 06:00,.5,0,0,0,1017,1021.8,98.1,0,0
763,2021-04-15 07:00,2.2,0,.2,0,1017.3,1022.1,96.5,0,0
763,2021-04-15 08:00,5.6,7.3,.6,0,1017.1,1021.8,80.1,0,0
763,2021-04-15 09:00,7.7,342.2,.7,0,1017.6,1022.3,71.3,0,0
763,2021-04-15 10:00,9.8,32.8,1.5,0,1017.5,1022.1,63.1,0,0
763,2021-04-15 11:00,12.4,47.7,.8,0,1017,1021.6,53.6,0,0
763,2021-04-15 12:00,14.1,316.3,1.4,0,1016.7,1021.3,47.2,0,0
763,2021-04-15 13:00,15.5,3.6,2,0,1015.5,1020,33.6,0,0
763,2021-04-15 14:00,16.3,294.8,2.1,0,1014.4,1018.9,28.2,0,0
763,2021-04-15 15:00,17.4,55.8,1.5,0,1013.4,1017.9,29,0,0
763,2021-04-15 16:00,18.3,244.6,1.3,0,1012.1,1016.6,27.1,0,0
763,2021-04-15 17:00,18.3,211.3,1,0,1011.9,1016.4,24,0,0
763,2021-04-15 18:00,17.3,257.4,1.4,0,1011.6,1016.1,26.6,0,0
763,2021-04-15 19:00,14.9,251.2,2.1,0,1012.2,1016.7,41.2,0,0
763,2021-04-15 20:00,12.5,220.7,.9,0,1012.8,1017.4,45.5,0,0
763,2021-04-15 21:00,10.8,0,.1,0,1014,1018.6,51.4,0,0
763,2021-04-15 22:00,9,0,.2,0,1013.9,1018.5,57.8,0,0
763,2021-04-15 23:00,7.3,0,.3,0,1013.7,1018.4,73.1,0,0
763,2021-04-16 00:00,6.8,0,.4,0,1013.5,1018.2,76.7,0,0
763,2021-04-16 01:00,7.4,117.3,.7,0,1013.7,1018.4,77.4,0,0
763,2021-04-16 02:00,9.5,145.5,.6,0,1013.2,1017.8,52.9,0,0
763,2021-04-16 03:00,11.2,164.5,1.2,0,1012.9,1017.5,41.3,0,0
763,2021-04-16 04:00,11.1,148,1.6,0,1012.5,1017.1,48.6,0,0
763,2021-04-16 05:00,11.2,155.5,1.6,0,1012.5,1017.1,56.9,0,0
763,2021-04-16 06:00,11.7,167.7,1,0,1012.8,1017.4,58.7,0,0
763,2021-04-16 07:00,11.7,160.8,1.3,0,1012.6,1017.2,63.8,0,0
763,2021-04-16 08:00,12.6,165,1.3,0,1012.3,1016.9,63.9,0,0
763,2021-04-16 09:00,14.2,157.1,1.9,0,1012,1016.5,59.8,0,0
763,2021-04-16 10:00,14.4,195,1.2,0,1012.9,1017.4,60.5,0,0
763,2021-04-16 11:00,14.9,195.3,1.3,0,1013.2,1017.7,60.3,0,0
763,2021-04-16 12:00,15.3,211.6,1.3,0,1013,1017.5,59.8,0,0
763,2021-04-16 13:00,14.6,233.4,2.6,0,1013,1017.5,61.3,0,0
763,2021-04-16 14:00,13.4,237.9,1.9,0,1013.3,1017.9,75.4,0,0
763,2021-04-16 15:00,12.1,251.1,2,0,1013.4,1018,92.9,0,0
763,2021-04-16 16:00,12.8,244.5,1.5,0,1012.7,1017.3,87.1,0,0
763,2021-04-16 17:00,12.9,242,1.5,0,1012.4,1017,84.8,0,0
763,2021-04-16 18:00,12.3,269.2,1.5,0,1012.4,1017,88.8,0,0
763,2021-04-16 19:00,11.4,0,0,0,1012.6,1017.2,92.2,0,0
763,2021-04-16 20:00,9.9,0,0,0,1013.3,1017.9,97.7,0,0
763,2021-04-16 21:00,8.8,0,0,0,1014.2,1018.8,99.3,0,0
763,2021-04-16 22:00,8.4,0,0,0,1014.2,1018.9,99.2,0,0
763,2021-04-16 23:00,8.3,0,0,0,1014.3,1019,99.6,0,0
763,2021-04-17 00:00,7.8,0,0,0,1014.2,1018.9,99.7,0,0
763,2021-04-17 01:00,8.2,0,.4,0,1013.5,1018.2,99.9,0,0
763,2021-04-17 02:00,6.4,0,0,0,1012.7,1017.4,99.9,0,0
763,2021-04-17 03:00,6.3,0,0,0,1012.3,1017,99.9,0,0
763,2021-04-17 04:00,6.8,0,.3,0,1012.5,1017.2,99.9,0,0
763,2021-04-17 05:00,6.7,0,.4,0,1011.8,1016.5,99.9,0,0
763,2021-04-17 06:00,6.1,315.6,.9,0,1011.6,1016.3,99.9,0,0
763,2021-04-17 07:00,6.5,12.6,.6,0,1011.8,1016.5,99.9,0,0
763,2021-04-17 08:00,6.4,294.5,1.4,0,1012.2,1016.9,99.9,0,0
763,2021-04-17 09:00,8.1,72.2,1,0,1013.1,1017.8,99.9,0,0
763,2021-04-17 10:00,11.4,115.1,1.1,0,1012.9,1017.5,54.6,0,0
763,2021-04-17 11:00,13.1,253,1.2,0,1013.1,1017.7,48,0,0
763,2021-04-17 12:00,14,296.2,1.7,0,1012.5,1017,28.9,0,0
763,2021-04-17 13:00,15.5,270.8,3,0,1011.3,1015.8,26.3,0,0
763,2021-04-17 14:00,14.3,273.2,5.9,0,1011.1,1015.6,36.2,0,0
763,2021-04-17 15:00,13.5,272.9,5,0,1010.7,1015.2,47.1,0,0
763,2021-04-17 16:00,13.2,274.9,5.7,0,1010.4,1014.9,38,0,0
763,2021-04-17 17:00,12.5,288.4,5.1,0,1011,1015.6,34,0,0
763,2021-04-17 18:00,11,286.8,5.1,0,1011.7,1016.3,37.6,0,0
763,2021-04-17 19:00,10,277.1,2.9,0,1011.9,1016.5,40.2,0,0
763,2021-04-17 20:00,8.6,256.4,2.5,0,1012.5,1017.1,53,0,0
763,2021-04-17 21:00,8,240.9,1.1,0,1013.1,1017.8,56.6,0,0
763,2021-04-17 22:00,7.8,231,.9,0,1013.3,1018,62.1,0,0
763,2021-04-17 23:00,8.2,253.1,2.6,0,1013.1,1017.8,63.4,0,0
763,2021-04-18 00:00,8.1,245.9,1.9,0,1013.3,1018,67.2,0,0
763,2021-04-18 01:00,7.9,252.4,1.9,0,1012.9,1017.6,69,0,0
763,2021-04-18 02:00,7.6,261.4,1.8,0,1012.8,1017.5,70.6,0,0
763,2021-04-18 03:00,7.6,256.2,1.7,0,1012.9,1017.6,71.3,0,0
763,2021-04-18 04:00,7,247.1,1,0,1012.8,1017.5,75.1,0,0
763,2021-04-18 05:00,6.4,237.4,.5,0,1013,1017.7,80.5,0,0
763,2021-04-18 06:00,6.9,229.5,.6,0,1013.5,1018.2,80.2,0,0
763,2021-04-18 07:00,7.5,238.5,.5,0,1014.4,1019.1,77.7,0,0
763,2021-04-18 08:00,8.5,243,.6,0,1014.8,1019.5,71.7,0,0
763,2021-04-18 09:00,10.3,307,2.3,0,1015.3,1019.9,58.3,0,0
763,2021-04-18 10:00,11,315.6,2,0,1015.3,1019.9,51.2,0,0
763,2021-04-18 11:00,12.3,281,1.8,0,1015.1,1019.7,46.5,0,0
763,2021-04-18 12:00,13.7,316.7,1.8,0,1014.3,1018.9,42.7,0,0
763,2021-04-18 13:00,15.1,261.8,2.7,0,1013.5,1018,37.7,0,0
763,2021-04-18 14:00,16.3,318.5,1.8,0,1012.5,1017,39.2,0,0
763,2021-04-18 15:00,16.1,241.7,1.9,0,1012.1,1016.6,38.1,0,0
763,2021-04-18 16:00,14.5,254.8,4.1,0,1012,1016.5,45.7,0,0
763,2021-04-18 17:00,13.7,265.4,3.4,0,1012.3,1016.8,51.2,0,0
763,2021-04-18 18:00,13.1,277.3,3.6,0,1012.6,1017.2,49.3,0,0
763,2021-04-18 19:00,10.7,240.5,1.4,0,1013.4,1018,63.1,0,0
763,2021-04-18 20:00,8.9,247.7,1.1,0,1014.3,1018.9,71.7,0,0
763,2021-04-18 21:00,7.8,0,.4,0,1015.3,1020,75.8,0,0
763,2021-04-18 22:00,7.3,128.6,.7,0,1015.7,1020.4,84.2,0,0
763,2021-04-18 23:00,5.5,0,.3,0,1015.4,1020.1,92.6,0,0
763,2021-04-19 00:00,5.8,0,.4,0,1015.5,1020.2,94.3,0,0
763,2021-04-19 01:00,4.8,0,.1,0,1015.3,1020,93.1,0,0
763,2021-04-19 02:00,4.6,0,0,0,1014.8,1019.5,95.4,0,0
763,2021-04-19 03:00,4.3,0,.1,0,1014.9,1019.6,96.5,0,0
763,2021-04-19 04:00,3.2,0,0,0,1015,1019.8,98.4,0,0
763,2021-04-19 05:00,2.9,0,.1,0,1014.8,1019.6,99,0,0
763,2021-04-19 06:00,2.6,279,.6,0,1014.8,1019.6,99.3,0,0
763,2021-04-19 07:00,4.1,0,.2,0,1015.2,1019.9,99.1,0,0
763,2021-04-19 08:00,7,14.1,.5,0,1015.2,1019.9,88.4,0,0
763,2021-04-19 09:00,11.2,15.4,.7,0,1015.7,1020.3,71.3,0,0
763,2021-04-19 10:00,14.3,269.8,1.3,0,1015.8,1020.3,43.4,0,0
763,2021-04-19 11:00,15.5,250.9,1.7,0,1015.9,1020.4,40.3,0,0
763,2021-04-19 12:00,16.7,263,2.5,0,1014.9,1019.4,40.4,0,0
763,2021-04-19 13:00,18.5,229.6,2.2,0,1014.2,1018.7,35.4,0,0
763,2021-04-19 14:00,18.7,256.8,3.6,0,1014,1018.5,29.4,0,0
763,2021-04-19 15:00,19.2,261.7,3.1,0,1013.6,1018,31.3,0,0
763,2021-04-19 16:00,18,265.7,3.5,0,1013.2,1017.7,37.9,0,0
763,2021-04-19 17:00,18.1,261.4,2.5,0,1013.1,1017.6,38.2,0,0
763,2021-04-19 18:00,16.7,260,2.7,0,1013.5,1018,43.9,0,0
763,2021-04-19 19:00,14.5,230.4,1.3,0,1013.9,1018.4,52.7,0,0
763,2021-04-19 20:00,12.6,166.5,.7,0,1014.8,1019.4,58.8,0,0
763,2021-04-19 21:00,10,0,.1,0,1015.5,1020.1,73.3,0,0
763,2021-04-19 22:00,8.3,0,.3,0,1015.7,1020.4,82.6,0,0
763,2021-04-19 23:00,7.5,0,0,0,1015.8,1020.5,88,0,0
763,2021-04-20 00:00,7.8,0,.3,0,1016.3,1021,88.9,0,0
763,2021-04-20 01:00,7,0,0,0,1016.3,1021,93.3,0,0
763,2021-04-20 02:00,6.2,0,.3,0,1016.1,1020.8,96.7,0,0
763,2021-04-20 03:00,5.3,0,0,0,1016.1,1020.8,98.2,0,0
763,2021-04-20 04:00,4.5,0,0,0,1016.5,1021.2,98.8,0,0
763,2021-04-20 05:00,4.3,0,0,0,1016.6,1021.3,99.3,0,0
763,2021-04-20 06:00,4.4,0,0,0,1016.9,1021.6,99.8,0,0
763,2021-04-20 07:00,5.7,0,.4,0,1017.8,1022.5,99.1,0,0
763,2021-04-20 08:00,9.1,10.3,.5,0,1018.2,1022.9,86.3,0,0
763,2021-04-20 09:00,12.5,39,1.1,0,1018.3,1022.9,68.5,0,0
763,2021-04-20 10:00,15.1,78.1,.8,0,1018.3,1022.9,55.3,0,0
763,2021-04-20 11:00,17.9,32.4,1.6,0,1018.1,1022.6,42.7,0,0
763,2021-04-20 12:00,20,7.7,1.4,0,1017.6,1022.1,34.4,0,0
763,2021-04-20 13:00,21.4,311.5,2.2,0,1016.8,1021.2,33,0,0
763,2021-04-20 14:00,22.2,329.4,1.9,0,1016.2,1020.6,31.8,0,0
763,2021-04-20 15:00,23.2,356.2,1.5,0,1015.4,1019.8,30.2,0,0
763,2021-04-20 16:00,23.5,36.1,1.5,0,1014.9,1019.3,27,0,0
763,2021-04-20 17:00,22.2,278.2,2.2,0,1015.1,1019.5,37.2,0,0
763,2021-04-20 18:00,20.1,262.4,2.2,0,1015.5,1020,38.6,0,0
763,2021-04-20 19:00,17.9,0,.4,0,1015.7,1020.2,50.2,0,0
763,2021-04-20 20:00,14.9,110,1,0,1017,1021.5,49.9,0,0
763,2021-04-20 21:00,13.9,0,0,0,1017.8,1022.4,56.7,0,0
763,2021-04-20 22:00,13,0,.1,0,1018.1,1022.7,56.8,0,0
763,2021-04-20 23:00,12,0,.2,0,1018.2,1022.8,60.9,0,0
763,2021-04-21 00:00,11.6,29.2,1,0,1018.5,1023.1,61.5,0,0
763,2021-04-21 01:00,11,0,.3,0,1018.6,1023.2,67.7,0,0
763,2021-04-21 02:00,10.1,0,0,0,1018.4,1023.1,74.6,0,0
763,2021-04-21 03:00,9.3,0,.3,0,1018.4,1023.1,79.8,0,0
763,2021-04-21 04:00,8.9,0,0,0,1018.1,1022.8,82.8,0,0
763,2021-04-21 05:00,8.2,0,0,0,1018.1,1022.8,86.9,0,0
763,2021-04-21 06:00,7.3,0,0,0,1018.3,1023,90.7,0,0
763,2021-04-21 07:00,9.7,0,.4,0,1019.1,1023.7,81.2,0,0
763,2021-04-21 08:00,13,0,.4,0,1019,1023.6,67.1,0,0
763,2021-04-21 09:00,15.7,245.3,.7,0,1019.1,1023.7,57.8,0,0
763,2021-04-21 10:00,19.3,39.3,1.1,0,1018.9,1023.4,52.5,0,0
763,2021-04-21 11:00,22.3,355.1,1.2,0,1018.3,1022.7,41.2,0,0
763,2021-04-21 12:00,24.5,44.9,1.1,0,1017.4,1021.8,36,0,0
763,2021-04-21 13:00,26,272.6,2,0,1016.5,1020.9,29.9,0,0
763,2021-04-21 14:00,27,291.5,2.1,0,1015.8,1020.1,29.2,0,0
763,2021-04-21 15:00,27,284.9,2.2,0,1015.2,1019.5,27,0,0
763,2021-04-21 16:00,27.5,245.8,1.9,0,1014.8,1019.1,28.6,0,0
763,2021-04-21 17:00,24.4,260.2,2.9,0,1015,1019.4,36.7,0,0
763,2021-04-21 18:00,20.9,243.7,2.2,0,1015.4,1019.8,34.3,0,0
763,2021-04-21 19:00,18.4,194.4,.5,0,1016.5,1021,35.4,0,0
763,2021-04-21 20:00,17.7,148.9,.5,0,1017.4,1021.9,40.9,0,0
763,2021-04-21 21:00,16.7,112.2,.8,0,1017.7,1022.2,48.9,0,0
763,2021-04-21 22:00,15.6,275.1,.6,0,1018.1,1022.7,56.6,0,0
763,2021-04-21 23:00,15.1,109.1,.6,0,1018,1022.6,58.6,0,0
763,2021-04-22 00:00,13.6,272.2,.7,0,1017.8,1022.4,67.6,0,0
763,2021-04-22 01:00,14,0,.3,0,1017.8,1022.4,64,0,0
763,2021-04-22 02:00,14,69.2,1.9,0,1016,1020.6,64.3,0,0
763,2021-04-22 03:00,14.9,82,1.2,0,1016.5,1021,55.3,0,0
763,2021-04-22 04:00,13.2,0,.3,0,1017.1,1021.7,66.6,0,0
763,2021-04-22 05:00,12.5,109.7,.5,0,1017.1,1021.7,74,0,0
763,2021-04-22 06:00,13.8,202.8,.9,0,1015.4,1020,62.8,0,0
763,2021-04-22 07:00,14.9,224.6,.5,0,1016.2,1020.7,57.9,0,0
763,2021-04-22 08:00,15.3,292.1,1.1,0,1016.2,1020.8,59.6,0,0
763,2021-04-22 09:00,17.5,0,.4,0,1016.2,1020.7,52.9,0,0
763,2021-04-22 10:00,19.4,0,.4,0,1016.1,1020.5,48.1,0,0
763,2021-04-22 11:00,21.1,0,.2,0,1015.6,1020,44.6,0,0
763,2021-04-22 12:00,23.1,20.2,.8,0,1014.8,1019.2,39.2,0,0
763,2021-04-22 13:00,25.6,81.8,1.1,0,1014.1,1018.5,29.2,0,0
763,2021-04-22 14:00,26.2,219.6,1.2,0,1013.4,1017.8,24.3,0,0
763,2021-04-22 15:00,26.7,162.8,.8,0,1012.4,1016.7,23.6,0,0
763,2021-04-22 16:00,25.4,214.6,1.8,0,1012.5,1016.9,22.7,0,0
763,2021-04-22 17:00,25.5,94.5,3,0,1012.2,1016.6,21.2,0,0
763,2021-04-22 18:00,24,0,.1,0,1012.8,1017.2,27.2,0,0
763,2021-04-22 19:00,23,0,.1,0,1013.4,1017.8,29.2,0,0
763,2021-04-22 20:00,23,186,1.3,0,1014.5,1018.9,26.2,0,0
763,2021-04-22 21:00,22.3,88.1,1.8,0,1014.7,1019.1,28.9,0,0
763,2021-04-22 22:00,20.9,0,0,0,1013.8,1018.2,36.4,0,0
763,2021-04-22 23:00,18.1,0,.2,0,1013.4,1017.9,45.5,0,0
763,2021-04-23 00:00,19.9,112,.5,0,1013,1017.4,39.6,0,0
763,2021-04-23 01:00,17.8,0,.4,0,1013.1,1017.6,47.8,0,0
763,2021-04-23 02:00,16.1,0,.1,0,1012.7,1017.2,60.5,0,0
763,2021-04-23 03:00,15.9,0,.3,0,1013.6,1018.1,61.6,0,0
763,2021-04-23 04:00,16.6,40.9,1.4,0,1014.2,1018.7,55.6,0,0
763,2021-04-23 05:00,17.3,105,3.1,0,1015.3,1019.8,52.2,0,0
763,2021-04-23 06:00,15.9,134.7,.5,0,1014.6,1019.1,65.6,0,0
763,2021-04-23 07:00,17.7,62.6,1.2,0,1014.4,1018.9,44.8,0,0
763,2021-04-23 08:00,19.6,91.8,4.9,0,1013.9,1018.3,32.5,0,0
763,2021-04-23 09:00,20.1,86.4,6.2,0,1013.4,1017.9,30.5,0,0
763,2021-04-23 10:00,21.7,90.6,3.5,0,1013.1,1017.5,28,0,0
763,2021-04-23 11:00,22.4,77.6,4.6,0,1013.1,1017.5,28.1,0,0
763,2021-04-23 12:00,23.2,78.6,3.3,0,1012.7,1017.1,28,0,0
763,2021-04-23 13:00,23.9,79.7,2.8,0,1012.3,1016.7,27.5,0,0
763,2021-04-23 14:00,24.4,77.6,2.5,0,1011.7,1016,28.5,0,0
763,2021-04-23 15:00,24.2,85.6,3.9,0,1011.7,1016,26.1,0,0
763,2021-04-23 16:00,23.1,82.1,2.7,0,1011.9,1016.3,30.3,0,0
763,2021-04-23 17:00,22,96.8,2.8,0,1012.5,1016.9,30.1,0,0
763,2021-04-23 18:00,21.5,119.3,2.3,0,1012.8,1017.2,26.2,0,0
763,2021-04-23 19:00,20.8,99.7,1.3,0,1013.5,1017.9,26.1,0,0
763,2021-04-23 20:00,20.5,71,.9,0,1014,1018.4,24.4,0,0
763,2021-04-23 21:00,19.4,88.5,1.2,0,1014.6,1019,31.4,0,0
763,2021-04-23 22:00,18.9,81.2,3.1,0,1014.9,1019.4,36.8,0,0
763,2021-04-23 23:00,16.8,0,.1,0,1015.2,1019.7,44.9,0,0
763,2021-04-24 00:00,16.7,20,.9,0,1015.2,1019.7,42,0,0
763,2021-04-24 01:00,16.2,52.7,1,0,1015.3,1019.8,33.8,0,0
763,2021-04-24 02:00,14.9,29.3,1.3,0,1015,1019.5,39.5,0,0
763,2021-04-24 03:00,13.6,53.7,1,0,1014.9,1019.5,43.3,0,0
763,2021-04-24 04:00,10.6,0,0,0,1015.1,1019.7,62,0,0
763,2021-04-24 05:00,11,0,.1,0,1015.1,1019.7,63,0,0
763,2021-04-24 06:00,11.5,0,0,0,1015.8,1020.4,60.5,0,0
763,2021-04-24 07:00,12,0,0,0,1016.2,1020.8,62.2,0,0
763,2021-04-24 08:00,15.3,4.6,.7,0,1016.7,1021.3,46.7,0,0
763,2021-04-24 09:00,16.3,0,.2,0,1016.7,1021.2,43,0,0
763,2021-04-24 10:00,19.1,8.2,.7,0,1016.9,1021.4,37.6,0,0
763,2021-04-24 11:00,21.2,319.2,1.4,0,1016.6,1021,30.7,0,0
763,2021-04-24 12:00,22.2,5.2,1.6,0,1016.1,1020.5,29.9,0,0
763,2021-04-24 13:00,23.1,291.6,2.3,0,1015.1,1019.5,29,0,0
763,2021-04-24 14:00,23.3,334.8,2.3,0,1014.9,1019.3,25.1,0,0
763,2021-04-24 15:00,23.8,307,1.2,0,1014.2,1018.6,24.8,0,0
763,2021-04-24 16:00,23.7,13.6,1.9,0,1014.1,1018.5,26.4,0,0
763,2021-04-24 17:00,23.1,333.7,.5,0,1013.8,1018.2,27.8,0,0
763,2021-04-24 18:00,21.1,314.3,2.4,0,1014.3,1018.7,31.4,0,0
763,2021-04-24 19:00,20,335.7,1.2,0,1014.3,1018.8,34.5,0,0
763,2021-04-24 20:00,18.9,348.6,.6,0,1014.8,1019.3,38.3,0,0
763,2021-04-24 21:00,18,0,.4,0,1015,1019.5,41.8,0,0
763,2021-04-24 22:00,14.4,0,0,0,1015,1019.5,56.4,0,0
763,2021-04-24 23:00,12.2,0,0,0,1015.2,1019.8,67.1,0,0
763,2021-04-25 00:00,11.4,0,0,0,1015.2,1019.8,70.8,0,0
763,2021-04-25 01:00,10.9,0,0,0,1015,1019.6,72,0,0
763,2021-04-25 02:00,9.9,0,0,0,1015.2,1019.8,75.8,0,0
763,2021-04-25 03:00,9.9,0,0,0,1014.9,1019.5,79.1,0,0
763,2021-04-25 04:00,8.8,0,.1,0,1014.6,1019.2,83.3,0,0
763,2021-04-25 05:00,8,0,0,0,1014.7,1019.4,88.4,0,0
763,2021-04-25 06:00,7.6,0,0,0,1015.2,1019.9,92.5,0,0
763,2021-04-25 07:00,10.5,0,0,0,1015.8,1020.4,83.7,0,0
763,2021-04-25 08:00,12.7,0,.4,0,1016.2,1020.8,68.4,0,0
763,2021-04-25 09:00,16.1,357.8,.7,0,1015.8,1020.3,57.2,0,0
763,2021-04-25 10:00,19.4,22.6,2.7,0,1015.7,1020.1,50.7,0,0
763,2021-04-25 11:00,21.2,347.5,1.4,0,1015.4,1019.8,46.1,0,0
763,2021-04-25 12:00,22.5,54.2,2.4,0,1014.7,1019.1,38.7,0,0
763,2021-04-25 13:00,23.5,6.2,2.4,0,1014,1018.4,35.9,0,0
763,2021-04-25 14:00,24.7,26.8,2.3,0,1013.3,1017.6,34,0,0
763,2021-04-25 15:00,24.8,351.5,1.8,0,1012.9,1017.2,34.1,0,0
763,2021-04-25 16:00,24.6,350.3,2.4,0,1012.6,1016.9,34.1,0,0
763,2021-04-25 17:00,24.2,343.6,2.2,0,1012.7,1017.1,33.3,0,0
763,2021-04-25 18:00,21.3,283.6,3.3,0,1013.2,1017.6,45.5,0,0
763,2021-04-25 19:00,19.4,259.8,.5,0,1013.8,1018.2,52.6,0,0
763,2021-04-25 20:00,16.9,0,.2,0,1014.4,1018.9,62.9,0,0
763,2021-04-25 21:00,16,200.2,1.1,0,1015.7,1020.2,66.9,0,0
763,2021-04-25 22:00,14.8,0,.3,0,1016.6,1021.1,72.8,0,0
763,2021-04-25 23:00,14.1,0,0,0,1017.2,1021.8,75.9,0,0
763,2021-04-26 00:00,13,0,0,0,1017.7,1022.3,83.7,0,0
763,2021-04-26 01:00,11.4,0,0,0,1017.8,1022.4,92,0,0
763,2021-04-26 02:00,10.7,0,0,0,1017.6,1022.2,93.3,0,0
763,2021-04-26 03:00,10.3,0,.2,0,1017.3,1021.9,97.7,0,0
763,2021-04-26 04:00,9.6,0,0,0,1016.9,1021.5,98,0,0
763,2021-04-26 05:00,9.9,0,0,0,1017,1021.6,96.5,0,0
763,2021-04-26 06:00,10.7,0,0,0,1017.5,1022.1,93.9,0,0
763,2021-04-26 07:00,11.7,0,.1,0,1018.1,1022.7,90,0,0
763,2021-04-26 08:00,13.8,0,.3,0,1018.6,1023.2,67,0,0
763,2021-04-26 09:00,15.9,3.5,1.1,0,1019,1023.5,60,0,0
763,2021-04-26 10:00,18,95.3,1.1,0,1018.9,1023.4,36.2,0,0
763,2021-04-26 11:00,19.2,105.6,1.1,0,1018.5,1023,33.6,0,0
763,2021-04-26 12:00,19.2,270.5,1.4,0,1017.7,1022.2,34.7,0,0
763,2021-04-26 13:00,21.4,17.5,.8,0,1016.9,1021.3,34,0,0
763,2021-04-26 14:00,21.8,47,1,0,1016.1,1020.5,27.4,0,0
763,2021-04-26 15:00,22,340.4,1.3,0,1015.5,1019.9,29.6,0,0
763,2021-04-26 16:00,22,277.9,2,0,1015.3,1019.7,27.5,0,0
763,2021-04-26 17:00,22.2,271.7,1.1,0,1015.1,1019.5,26.6,0,0
763,2021-04-26 18:00,19.8,255,1.9,0,1015.1,1019.5,45.7,0,0
763,2021-04-26 19:00,17.8,258.1,1.2,0,1015.6,1020.1,54.5,0,0
763,2021-04-26 20:00,15.4,0,0,0,1016.1,1020.6,64.6,0,0
763,2021-04-26 21:00,15.4,219,.6,0,1016.8,1021.4,60,0,0
763,2021-04-26 22:00,12.7,97,.5,0,1017.3,1021.9,72,0,0
763,2021-04-26 23:00,12.9,0,.4,0,1017.4,1022,61.5,0,0
763,2021-04-27 00:00,10.9,0,0,0,1017.7,1022.3,76.3,0,0
763,2021-04-27 01:00,10.5,0,0,0,1017.8,1022.4,80.3,0,0
763,2021-04-27 02:00,11,0,.4,0,1016.8,1021.4,75.4,0,0
763,2021-04-27 03:00,10.2,0,0,0,1016.4,1021,82.5,0,0
763,2021-04-27 04:00,10.8,0,0,0,1016.1,1020.7,82.4,0,0
763,2021-04-27 05:00,10.2,0,.4,0,1016.1,1020.7,86.1,0,0
763,2021-04-27 06:00,10.2,0,0,0,1016.3,1020.9,86.9,0,0
763,2021-04-27 07:00,11.5,0,0,0,1016.2,1020.8,78.2,0,0
763,2021-04-27 08:00,12.4,0,.3,0,1015.8,1020.4,75.2,0,0
763,2021-04-27 09:00,13.4,321.4,.7,0,1015.7,1020.3,70.3,0,0
763,2021-04-27 10:00,15.4,44.2,.7,0,1015.6,1020.1,58.2,0,0
763,2021-04-27 11:00,16.5,0,.4,0,1015.2,1019.7,55.3,0,0
763,2021-04-27 12:00,19.7,218.7,.5,0,1014.5,1018.9,39.5,0,0
763,2021-04-27 13:00,20.4,233.5,.5,0,1014.3,1018.8,36.4,0,0
763,2021-04-27 14:00,21,185.6,.8,0,1013.3,1017.7,33.6,0,0
763,2021-04-27 15:00,20.9,258.7,1.8,0,1012.2,1016.6,35.1,0,0
763,2021-04-27 16:00,20.6,258,2.3,0,1011.9,1016.3,43.8,0,0
763,2021-04-27 17:00,19.1,260.8,1.9,0,1012.3,1016.7,50.3,0,0
763,2021-04-27 18:00,17.6,267.6,1.7,0,1012.8,1017.3,51.8,0,0
763,2021-04-27 19:00,17.1,272.8,.6,0,1013.2,1017.7,53,0,0
763,2021-04-27 20:00,15.1,0,0,0,1013.5,1018,64.6,0,0
763,2021-04-27 21:00,15,0,.3,0,1013.7,1018.2,68.4,0,0
763,2021-04-27 22:00,13.6,0,0,0,1014.1,1018.7,76,0,0
763,2021-04-27 23:00,13.6,0,0,0,1014,1018.6,78.7,0,0
763,2021-04-28 00:00,16,222.7,1.3,0,1014.5,1019,66.7,0,0
763,2021-04-28 01:00,16,234.1,.9,0,1014.5,1019,69.1,0,0
763,2021-04-28 02:00,15.7,245,1.5,0,1014.3,1018.8,76.5,0,0
763,2021-04-28 03:00,15.3,247.4,1.7,0,1014.4,1018.9,86.2,0,0
763,2021-04-28 04:00,14.8,0,.4,0,1013.8,1018.3,90.4,0,0
763,2021-04-28 05:00,14.5,0,.3,0,1013.6,1018.1,92.8,0,0
763,2021-04-28 06:00,13.6,0,.3,0,1014.6,1019.2,96.3,0,0
763,2021-04-28 07:00,14.5,270.9,.5,0,1014.2,1018.7,89,0,0
763,2021-04-28 08:00,15.1,244.8,.8,0,1014.9,1019.5,82.9,0,0
763,2021-04-28 09:00,16.5,221.8,.5,0,1014.1,1018.6,72.7,0,0
763,2021-04-28 10:00,18,207.3,.5,0,1014.6,1019.1,60,0,0
763,2021-04-28 11:00,18.5,219.6,.5,0,1014,1018.5,53,0,0
763,2021-04-28 12:00,19.3,300.5,1.9,0,1014.1,1018.5,42.7,0,0
763,2021-04-28 13:00,19.7,258.8,1.2,0,1013.7,1018.1,36.4,0,0
763,2021-04-28 14:00,19.7,285.7,1.8,0,1012.9,1017.3,30.1,0,0
763,2021-04-28 15:00,19.2,277.3,2.1,0,1012.5,1016.9,37.8,0,0
763,2021-04-28 16:00,19.3,255.8,.7,0,1011.5,1015.9,39.4,0,0
763,2021-04-28 17:00,19,0,.4,0,1011.4,1015.8,41.2,0,0
763,2021-04-28 18:00,18.6,279.7,.5,0,1011,1015.4,43.7,0,0
763,2021-04-28 19:00,17.2,279.4,.8,0,1011,1015.5,50.8,0,0
763,2021-04-28 20:00,14.9,0,0,0,1011,1015.5,62.9,0,0
763,2021-04-28 21:00,13.7,0,0,0,1011.2,1015.7,66.3,0,0
763,2021-04-28 22:00,13.4,0,0,0,1011,1015.5,67.4,0,0
763,2021-04-28 23:00,12.3,0,0,0,1010.3,1014.9,77.2,0,0
763,2021-04-29 00:00,12.1,0,0,0,1009.8,1014.4,79,0,0
763,2021-04-29 01:00,11.9,0,0,0,1009,1013.6,82.4,0,0
763,2021-04-29 02:00,12.6,0,.1,0,1008.2,1012.8,79.7,0,0
763,2021-04-29 03:00,13.1,91.7,.8,0,1007.5,1012,71.4,0,0
763,2021-04-29 04:00,12.9,318.2,.6,0,1006.8,1011.3,74.3,0,0
763,2021-04-29 05:00,12,0,.1,0,1005.3,1009.9,78.4,0,0
763,2021-04-29 06:00,10.8,0,.4,0,1004.7,1009.3,84.8,0,0
763,2021-04-29 07:00,11,0,0,0,1004.6,1009.2,88.4,0,0
763,2021-04-29 08:00,14.1,0,.4,0,1004.2,1008.7,74.3,0,0
763,2021-04-29 09:00,15.8,204.9,1.1,0,1003.9,1008.4,57.2,0,0
763,2021-04-29 10:00,17,249.4,2.5,0,1004.1,1008.6,49.7,0,0
763,2021-04-29 11:00,16.5,248.1,2.7,0,1003.7,1008.2,65,0,0
763,2021-04-29 12:00,17.6,250.2,2.4,0,1003.3,1007.7,60,0,0
763,2021-04-29 13:00,18.3,218.5,1.8,0,1002.9,1007.3,54.4,0,0
763,2021-04-29 14:00,18,219.8,1.4,0,1002.2,1006.6,56.8,0,0
763,2021-04-29 15:00,18.5,260.6,2.4,0,1001.5,1005.9,48.9,0,0
763,2021-04-29 16:00,18.8,250.2,1.4,0,1000.8,1005.2,48.7,0,0
763,2021-04-29 17:00,18.6,237.9,.9,0,1000.5,1004.9,40.2,0,0
763,2021-04-29 18:00,17.8,256.1,1.3,0,1000.7,1005.1,44.1,0,0
763,2021-04-29 19:00,16.2,345.8,.9,0,999.9,1004.4,63.4,0,0
763,2021-04-29 20:00,15.1,0,.1,0,1000,1004.5,70.8,0,0
763,2021-04-29 21:00,14.9,108.2,.6,0,999.2,1003.7,72.1,0,0
763,2021-04-29 22:00,14.5,274.4,.7,0,1000.4,1004.9,74.6,0,0
763,2021-04-29 23:00,11.8,189.6,2.6,1,999.3,1003.8,81.7,0,0
763,2021-04-30 00:00,12.5,144.5,.9,.5,997,1001.5,73.4,0,0
763,2021-04-30 01:00,13.6,159.4,2.4,0,995.8,1000.3,66.3,0,0
763,2021-04-30 02:00,14.4,201.5,2.8,0,996.9,1001.4,75.6,0,0
763,2021-04-30 03:00,12,227.2,3.8,0,998.5,1003,79.2,0,0
763,2021-04-30 04:00,11.6,230.2,1.9,0,998.8,1003.3,83.3,0,0
763,2021-04-30 05:00,11.3,237.1,1.6,0,998.9,1003.4,87.3,0,0
763,2021-04-30 06:00,11.3,241.7,1.4,0,999.5,1004,87.1,0,0
763,2021-04-30 07:00,12.2,238.5,1.2,0,999.8,1004.3,83.3,0,0
763,2021-04-30 08:00,13.2,258.7,1.5,0,1000.1,1004.6,81.4,0,0
763,2021-04-30 09:00,12.9,255.2,3.8,0,1000.9,1005.4,74.3,0,0
763,2021-04-30 10:00,13.9,254.5,3.2,0,1001.8,1006.3,63.8,0,0
763,2021-04-30 11:00,14.8,240.3,2.4,0,1002.4,1006.9,55.4,0,0
763,2021-04-30 12:00,14.3,259.2,2.8,0,1003,1007.5,57.1,0,0
763,2021-04-30 13:00,14.1,269.1,3.1,0,1003.7,1008.2,55,0,0
763,2021-04-30 14:00,13.7,265,3.4,0,1003.9,1008.4,57.4,0,0
763,2021-04-30 15:00,13,263.2,3,0,1004.1,1008.6,66.9,0,0
763,2021-04-30 16:00,13,274.5,2.2,0,1003.8,1008.3,68.4,0,0
763,2021-04-30 17:00,12.7,303,1,0,1003.6,1008.1,68.5,0,0
763,2021-04-30 18:00,12.7,274.9,1.6,0,1004.3,1008.8,69.6,0,0
763,2021-04-30 19:00,11.8,260,.8,0,1004.6,1009.2,73.5,0,0
763,2021-04-30 20:00,11.5,0,.3,0,1005,1009.6,76.3,0,0
763,2021-04-30 21:00,10.8,0,0,0,1005.3,1009.9,81.8,0,0
763,2021-04-30 22:00,10.5,0,.1,0,1004.4,1009,85.1,0,0
763,2021-04-30 23:00,9.8,0,.2,0,1003.5,1008.1,90.4,0,0
763,2021-05-01 00:00,9.6,0,.3,0,1002.8,1007.4,92,0,0
763,2021-05-01 01:00,9.4,0,.2,0,1002.8,1007.4,93.8,0,0
763,2021-05-01 02:00,9.5,0,.1,0,1001.3,1005.9,95.2,0,0
763,2021-05-01 03:00,9.7,0,.3,0,1000.6,1005.2,94.2,0,0
763,2021-05-01 04:00,9.7,283.8,1.6,0,1001,1005.6,95.3,0,0
763,2021-05-01 05:00,9.1,299.5,.5,1,1000.3,1004.9,98.4,0,0
763,2021-05-01 06:00,9,0,.2,.5,1000.7,1005.3,99.1,0,0
763,2021-05-01 07:00,9.3,0,.2,0,1001.3,1005.9,98.3,0,0
763,2021-05-01 08:00,9.8,252.7,.8,0,1001.9,1006.5,90.8,0,0
763,2021-05-01 09:00,10.2,271,.7,0,1002.3,1006.9,86.2,0,0
763,2021-05-01 10:00,10.7,287.9,3.4,0,1002.5,1007.1,78.8,0,0
763,2021-05-01 11:00,9.9,269.3,2.5,0,1003.4,1008,75.7,0,0
763,2021-05-01 12:00,11.2,272,1.4,0,1003.2,1007.8,66.8,0,0
763,2021-05-01 13:00,12.3,267.2,2.7,0,1002.8,1007.3,59.6,0,0
763,2021-05-01 14:00,11.8,270.6,4.5,0,1003.2,1007.7,67.3,0,0
763,2021-05-01 15:00,11.7,274,4.5,0,1003.1,1007.6,66.3,0,0
763,2021-05-01 16:00,11.9,281.6,3.4,0,1003.2,1007.7,66.2,0,0
763,2021-05-01 17:00,12.1,274.5,4.2,0,1003.7,1008.2,63.5,0,0
763,2021-05-01 18:00,11.6,274.4,3.3,0,1004.3,1008.9,65.2,0,0
763,2021-05-01 19:00,11,271.3,3.2,0,1005.1,1009.7,67.9,0,0
763,2021-05-01 20:00,10,258,1.8,0,1005.8,1010.4,77.2,0,0
763,2021-05-01 21:00,9.7,251.6,1.5,0,1006.8,1011.4,80.3,0,0
763,2021-05-01 22:00,9.6,245.4,1.5,0,1007.1,1011.7,81.7,0,0
763,2021-05-01 23:00,9.7,248.2,2.2,0,1007.2,1011.8,83.4,0,0
763,2021-05-02 00:00,8.4,0,.3,0,1007.5,1012.1,91.4,0,0
763,2021-05-02 01:00,9.1,250,1,0,1007.6,1012.2,86,0,0
763,2021-05-02 02:00,8.1,0,.4,0,1007.9,1012.5,85.8,0,0
763,2021-05-02 03:00,7.7,0,.1,0,1008.2,1012.8,88.5,0,0
763,2021-05-02 04:00,8.6,237.3,.5,0,1008.6,1013.2,82.4,0,0
763,2021-05-02 05:00,8,0,.3,.5,1009.1,1013.7,93.3,0,0
763,2021-05-02 06:00,7.8,0,0,.5,1010,1014.6,97.4,0,0
763,2021-05-02 07:00,8.4,332.3,.5,.5,1011.1,1015.7,94.3,0,0
763,2021-05-02 08:00,8.8,0,.4,0,1012.2,1016.8,95,0,0
763,2021-05-02 09:00,9.7,284.2,1.3,0,1013.1,1017.7,85.5,0,0
763,2021-05-02 10:00,10.8,359,1.7,0,1014.2,1018.8,78.8,0,0
763,2021-05-02 11:00,13.4,21.6,1.1,0,1014,1018.6,63.2,0,0
763,2021-05-02 12:00,14.4,47.9,1.1,0,1014.1,1018.6,59.4,0,0
763,2021-05-02 13:00,15.1,81.1,1.7,0,1013.9,1018.4,51.5,0,0
763,2021-05-02 14:00,16.6,324.8,.9,0,1013.9,1018.4,43.6,0,0
763,2021-05-02 15:00,17.5,159.1,.7,0,1013.8,1018.3,44,0,0
763,2021-05-02 16:00,16.6,268.6,3.3,0,1014,1018.5,52.8,0,0
763,2021-05-02 17:00,16.3,271.6,2.7,0,1014,1018.5,53,0,0
763,2021-05-02 18:00,15.3,267.9,2.2,0,1014.1,1018.6,56,0,0
763,2021-05-02 19:00,13.9,237,.6,0,1014.2,1018.8,61,0,0
763,2021-05-02 20:00,11.5,0,.3,0,1015,1019.6,74.1,0,0
763,2021-05-02 21:00,10.1,0,.3,0,1016.2,1020.8,80,0,0
763,2021-05-02 22:00,10.5,0,.1,0,1016.7,1021.3,74.7,0,0
763,2021-05-02 23:00,9.1,0,0,0,1016.9,1021.6,87.5,0,0
763,2021-05-03 00:00,8.1,0,.1,0,1016.7,1021.4,94.2,0,0
763,2021-05-03 01:00,7.9,0,.4,0,1016,1020.7,93.9,0,0
763,2021-05-03 02:00,6.9,0,.1,0,1015.9,1020.6,98.3,0,0
763,2021-05-03 03:00,5.7,0,.3,0,1016.4,1021.1,98.8,0,0
763,2021-05-03 04:00,6.3,0,.2,0,1016.1,1020.8,99.1,0,0
763,2021-05-03 05:00,5.3,0,.2,0,1016.2,1020.9,99.7,0,0
763,2021-05-03 06:00,5.2,0,.2,0,1016.3,1021,99.4,0,0
763,2021-05-03 07:00,7.3,0,0,0,1016.7,1021.4,97.9,0,0
763,2021-05-03 08:00,9.8,0,.4,0,1017,1021.6,89,0,0
763,2021-05-03 09:00,13.4,0,.4,0,1016.9,1021.5,72.5,0,0
763,2021-05-03 10:00,16.4,10.4,.6,0,1016.6,1021.1,60.1,0,0
763,2021-05-03 11:00,18.1,210.8,.6,0,1016.1,1020.6,42.3,0,0
763,2021-05-03 12:00,18.9,271.8,1.6,0,1015.1,1019.6,39.2,0,0
763,2021-05-03 13:00,20.8,242.8,1,0,1014.5,1018.9,34.9,0,0
763,2021-05-03 14:00,21.2,154.7,.9,0,1013.4,1017.8,31.3,0,0
763,2021-05-03 15:00,21.9,274,1.5,0,1012.4,1016.8,29.5,0,0
763,2021-05-03 16:00,21.8,256.2,2.2,0,1012.4,1016.8,35.5,0,0
763,2021-05-03 17:00,19.1,280.8,3.1,0,1012.5,1016.9,48.9,0,0
763,2021-05-03 18:00,17.3,249.1,1.7,0,1012.4,1016.9,50.2,0,0
763,2021-05-03 19:00,15.5,269.8,1.1,0,1012.2,1016.7,56.2,0,0
763,2021-05-03 20:00,13.9,278.4,.7,0,1013.2,1017.7,67,0,0
763,2021-05-03 21:00,12.8,0,0,0,1013.6,1018.2,71.2,0,0
763,2021-05-03 22:00,11.9,0,.2,0,1013.8,1018.4,77.4,0,0
763,2021-05-03 23:00,11.6,0,.3,0,1013.8,1018.4,82.4,0,0
763,2021-05-04 00:00,11,0,.4,0,1013,1017.6,86.2,0,0
763,2021-05-04 01:00,10.3,0,0,0,1012.9,1017.5,90.4,0,0
763,2021-05-04 02:00,10.4,0,.3,0,1012.8,1017.4,89.6,0,0
763,2021-05-04 03:00,10.4,0,0,0,1012.7,1017.3,91.2,0,0
763,2021-05-04 04:00,11.3,30,.9,0,1012,1016.6,84.8,0,0
763,2021-05-04 05:00,13.6,0,.3,0,1010.7,1015.2,72.8,0,0
763,2021-05-04 06:00,16.2,139.1,1.1,0,1010.5,1015,62.2,0,0
763,2021-05-04 07:00,16.7,184.2,.6,0,1009.9,1014.4,62.8,0,0
763,2021-05-04 08:00,17.5,167.7,.6,0,1009.6,1014.1,60.9,0,0
763,2021-05-04 09:00,18.4,160.3,.9,0,1008.9,1013.3,59.8,0,0
763,2021-05-04 10:00,19.7,160.4,1.4,0,1008.1,1012.5,64,0,0
763,2021-05-04 11:00,20.2,136.4,1.6,0,1006.6,1011,66.1,0,0
763,2021-05-04 12:00,21.2,162.5,1.7,0,1007,1011.4,63.7,0,0
763,2021-05-04 13:00,22.1,172.2,1.5,0,1006.5,1010.9,60.1,0,0
763,2021-05-04 14:00,20.9,169.2,1.6,0,1005.8,1010.2,64.7,0,0
763,2021-05-04 15:00,21.1,149.9,1.6,0,1004.3,1008.7,64.1,0,0
763,2021-05-04 16:00,20.2,151.5,1.6,0,1003.2,1007.6,74.7,0,0
763,2021-05-04 17:00,18.9,148.3,1.3,.5,1002.1,1006.5,83,0,0
763,2021-05-04 18:00,18.2,145.8,.9,1,1000.7,1005.1,88.4,0,0
763,2021-05-04 19:00,17.8,162.5,1.2,2,1000,1004.4,90.3,0,0
763,2021-05-04 20:00,17.7,179.6,1.3,2,999.5,1003.9,91.5,0,0
763,2021-05-04 21:00,17.8,163.6,1,0,999.3,1003.7,90.3,0,0
763,2021-05-04 22:00,18.4,183.3,.8,0,999.2,1003.6,87.2,0,0
763,2021-05-04 23:00,16.8,240.9,2.8,3,1000.4,1004.8,98.1,0,0
763,2021-05-05 00:00,15.2,244.8,2,.5,1001.2,1005.7,98.2,0,0
763,2021-05-05 01:00,14.9,264.3,2,0,1002.5,1007,98.3,0,0
763,2021-05-05 02:00,14.5,294.3,.8,0,1003.4,1007.9,94.1,0,0
763,2021-05-05 03:00,12.7,250.6,1.3,0,1004.8,1009.3,97,0,0
763,2021-05-05 04:00,12.4,243.7,1,0,1005.6,1010.1,97.1,0,0
763,2021-05-05 05:00,11.3,245.6,1,0,1006.4,1011,98.1,0,0
763,2021-05-05 06:00,10.9,0,.2,0,1007.4,1012,98.3,0,0
763,2021-05-05 07:00,10.9,0,.4,0,1008.5,1013.1,94.5,0,0
763,2021-05-05 08:00,12.2,202.8,.5,0,1009.4,1014,87.1,0,0
763,2021-05-05 09:00,12.3,170.1,1.5,0,1008.5,1013.1,82.5,0,0
763,2021-05-05 10:00,14.8,254.2,2.1,0,1010.5,1015,74.7,0,0
763,2021-05-05 11:00,15.5,267.9,3.5,0,1011.1,1015.6,63.1,0,0
763,2021-05-05 12:00,16.8,256.1,2.2,0,1011.1,1015.6,59.6,0,0
763,2021-05-05 13:00,17.9,272,2.9,0,1010.8,1015.3,48.7,0,0
763,2021-05-05 14:00,18.5,282.1,3.2,0,1010.9,1015.3,32.9,0,0
763,2021-05-05 15:00,18.7,274.3,3.3,0,1011.1,1015.5,27.9,0,0
763,2021-05-05 16:00,18.1,262.9,2.9,0,1011.5,1016,36.2,0,0
763,2021-05-05 17:00,17,258.6,3.3,0,1012.3,1016.8,29.8,0,0
763,2021-05-05 18:00,16.3,268.5,3,0,1012.9,1017.4,29.4,0,0
763,2021-05-05 19:00,15,262.8,1.4,0,1013.3,1017.8,42,0,0
763,2021-05-05 20:00,10.5,0,0,0,1014.2,1018.8,67.3,0,0
763,2021-05-05 21:00,9.5,0,.1,0,1015.2,1019.8,79,0,0
763,2021-05-05 22:00,8.4,0,0,0,1015.5,1020.2,82.6,0,0
763,2021-05-05 23:00,7.5,0,.4,0,1015.2,1019.9,88.2,0,0
763,2021-05-06 00:00,7.5,0,.1,0,1015.4,1020.1,86.2,0,0
763,2021-05-06 01:00,6.5,0,0,0,1015.4,1020.1,88.3,0,0
763,2021-05-06 02:00,5.6,0,0,0,1015.2,1019.9,92,0,0
763,2021-05-06 03:00,4.9,0,0,0,1015.1,1019.8,96.6,0,0
763,2021-05-06 04:00,4.2,0,0,0,1015,1019.7,97.4,0,0
763,2021-05-06 05:00,4.1,0,0,0,1014.9,1019.6,96.8,0,0
763,2021-05-06 06:00,4.1,0,0,0,1015,1019.7,95.6,0,0
763,2021-05-06 07:00,7.7,0,.1,0,1015.3,1020,79,0,0
763,2021-05-06 08:00,10.8,0,.2,0,1015,1019.6,64,0,0
763,2021-05-06 09:00,13.8,323.4,.6,0,1014.9,1019.5,61.2,0,0
763,2021-05-06 10:00,17.3,0,.4,0,1014.4,1018.9,47.8,0,0
763,2021-05-06 11:00,19.9,161.4,.5,0,1014.1,1018.5,25.6,0,0
763,2021-05-06 12:00,20.7,259.9,1.4,0,1013.8,1018.2,27.8,0,0
763,2021-05-06 13:00,21.3,266.3,1.7,0,1013.1,1017.5,29.8,0,0
763,2021-05-06 14:00,22,269.9,1.7,0,1012.2,1016.6,30.5,0,0
763,2021-05-06 15:00,22.8,261.1,1.6,0,1011.3,1015.7,28.9,0,0
763,2021-05-06 16:00,21.9,262.5,1.7,0,1010.5,1014.9,30.1,0,0
763,2021-05-06 17:00,21.2,276.2,1.4,0,1010.5,1014.9,31.4,0,0
763,2021-05-06 18:00,19.7,289.6,1.4,0,1010.7,1015.1,37.8,0,0
763,2021-05-06 19:00,17.2,0,0,0,1010.5,1015,54.8,0,0
763,2021-05-06 20:00,15.3,0,.1,0,1010.5,1015,53.7,0,0
763,2021-05-06 21:00,13.1,0,0,0,1010.4,1015,66.3,0,0
763,2021-05-06 22:00,12,0,.1,0,1010.1,1014.7,71.7,0,0
763,2021-05-06 23:00,11.4,0,.1,0,1009.3,1013.9,76,0,0
763,2021-05-07 00:00,16.9,0,.3,0,1008.5,1013,41.8,0,0
763,2021-05-07 01:00,16.9,0,.4,0,1007.7,1012.2,35.3,0,0
763,2021-05-07 02:00,16.9,148.2,.8,0,1007.1,1011.6,31.1,0,0
763,2021-05-07 03:00,16.6,144.4,.7,0,1006.5,1011,30.9,0,0
763,2021-05-07 04:00,16.8,141.8,.9,0,1005.3,1009.8,28.7,0,0
763,2021-05-07 05:00,16.9,149.1,.6,0,1005.1,1009.6,30.9,0,0
763,2021-05-07 06:00,16.9,152.7,1.1,0,1004.5,1009,38.2,0,0
763,2021-05-07 07:00,16.7,147.2,1.2,0,1003.9,1008.4,44.9,0,0
763,2021-05-07 08:00,18,154,1.6,0,1003.3,1007.7,49.4,0,0
763,2021-05-07 09:00,19.9,194.1,1.2,0,1002.9,1007.3,53.4,0,0
763,2021-05-07 10:00,19.7,205,1.5,0,1002.9,1007.3,63.3,0,0
763,2021-05-07 11:00,18.4,235.4,3.8,0,1003.4,1007.8,74.3,0,0
763,2021-05-07 12:00,15.6,248,2.3,0,1003.3,1007.8,95.8,0,0
763,2021-05-07 13:00,14.7,267.4,2.9,2.5,1003.6,1008.1,86,0,0
763,2021-05-07 14:00,16.3,235.5,1.3,0,1003.5,1008,54.9,0,0
763,2021-05-07 15:00,17.2,249.7,1.8,0,1003.8,1008.2,44,0,0
763,2021-05-07 16:00,17,265.3,3.2,0,1003.9,1008.4,39.6,0,0
763,2021-05-07 17:00,16.7,259,1.6,0,1004,1008.5,41,0,0
763,2021-05-07 18:00,15.1,256.2,1.7,0,1004.8,1009.3,53,0,0
763,2021-05-07 19:00,13.5,231.2,1,0,1005.3,1009.8,56.6,0,0
763,2021-05-07 20:00,11.9,0,.3,0,1005.7,1010.3,61.3,0,0
763,2021-05-07 21:00,10.5,0,0,0,1006.2,1010.8,69.2,0,0
763,2021-05-07 22:00,10.5,0,0,0,1006.5,1011.1,70.2,0,0
763,2021-05-07 23:00,9.4,0,.1,0,1006,1010.6,76.9,0,0
763,2021-05-08 00:00,9,0,.3,0,1006.3,1010.9,78.6,0,0
763,2021-05-08 01:00,10.3,0,.1,0,1005.9,1010.5,67.9,0,0
763,2021-05-08 02:00,9.8,0,.1,0,1005.7,1010.3,67.4,0,0
763,2021-05-08 03:00,9.5,0,.3,0,1005.2,1009.8,68.6,0,0
763,2021-05-08 04:00,10,0,.3,0,1005.1,1009.7,65.8,0,0
763,2021-05-08 05:00,10.3,121.2,.9,0,1004.8,1009.4,63.4,0,0
763,2021-05-08 06:00,8.5,0,.3,0,1004.4,1009,74.2,0,0
763,2021-05-08 07:00,11.9,158.8,.6,0,1004.2,1008.7,53.6,0,0
763,2021-05-08 08:00,14.7,0,.3,0,1004,1008.5,50,0,0
763,2021-05-08 09:00,16.1,231.2,.7,0,1003.5,1008,44.2,0,0
763,2021-05-08 10:00,17.5,169.3,.8,0,1003,1007.4,44.4,0,0
763,2021-05-08 11:00,19.9,204.4,1.3,0,1002.3,1006.7,40.9,0,0
763,2021-05-08 12:00,21.7,212.4,1.9,0,1001.4,1005.8,34.1,0,0
763,2021-05-08 13:00,22.3,244.2,2.7,0,1000.4,1004.7,35.6,0,0
763,2021-05-08 14:00,22.2,254.9,3.1,0,999.9,1004.2,40.4,0,0
763,2021-05-08 15:00,23.2,241,3.3,0,998.9,1003.2,38.8,0,0
763,2021-05-08 16:00,22,241.6,2.1,0,998.3,1002.6,41.9,0,0
763,2021-05-08 17:00,21.6,249,3,0,997.7,1002.1,44.9,0,0
763,2021-05-08 18:00,20.8,244.9,3.7,0,998.4,1002.8,58.1,0,0
763,2021-05-08 19:00,18.4,262.9,3.5,0,999.8,1004.2,62.5,0,0
763,2021-05-08 20:00,16.8,267.8,3,0,1000.9,1005.3,69.9,0,0
763,2021-05-08 21:00,15.5,252.7,2.1,0,1001.6,1006.1,75.5,0,0
763,2021-05-08 22:00,14.1,252.3,1.5,0,1003,1007.5,83.5,0,0
763,2021-05-08 23:00,12.3,0,.2,0,1003.6,1008.1,90.5,0,0
763,2021-05-09 00:00,11.4,0,.2,0,1004.1,1008.7,95.9,0,0
763,2021-05-09 01:00,10,0,0,0,1004.3,1008.9,98.1,0,0
763,2021-05-09 02:00,9.3,0,.2,0,1004.2,1008.8,98.8,0,0
763,2021-05-09 03:00,8.1,0,0,0,1004.6,1009.2,99.8,0,0
763,2021-05-09 04:00,8.3,0,0,0,1004.9,1009.5,99.6,0,0
763,2021-05-09 05:00,7.8,0,0,0,1005.4,1010,99.9,0,0
763,2021-05-09 06:00,7.6,0,0,0,1006.1,1010.7,99.9,0,0
763,2021-05-09 07:00,12.3,0,.3,0,1006.8,1011.4,85.1,0,0
763,2021-05-09 08:00,14.3,0,.4,0,1007.2,1011.7,75.2,0,0
763,2021-05-09 09:00,16.2,229.9,1,0,1007.7,1012.2,60.2,0,0
763,2021-05-09 10:00,19,0,.4,0,1008.2,1012.6,41.9,0,0
763,2021-05-09 11:00,20.2,295.1,1.8,0,1008.4,1012.8,43.2,0,0
763,2021-05-09 12:00,20.9,310.3,1.4,0,1008,1012.4,37.3,0,0
763,2021-05-09 13:00,20.8,260.8,2.6,0,1007.9,1012.3,36.4,0,0
763,2021-05-09 14:00,21.5,254.8,2.3,0,1007.7,1012.1,34.3,0,0
763,2021-05-09 15:00,21.1,281.1,3.4,0,1007.5,1011.9,32.6,0,0
763,2021-05-09 16:00,21.6,268.7,2.4,0,1007,1011.4,31.4,0,0
763,2021-05-09 17:00,20.9,267.7,2.6,0,1006.8,1011.2,32.2,0,0
763,2021-05-09 18:00,19.9,269,2.1,0,1006.7,1011.1,34.2,0,0
763,2021-05-09 19:00,18.1,266.1,1.9,0,1006.8,1011.2,37.7,0,0
763,2021-05-09 20:00,14.7,0,.4,0,1007.3,1011.8,54.8,0,0
763,2021-05-09 21:00,12.7,0,.2,0,1007.8,1012.3,62.3,0,0
763,2021-05-09 22:00,11.8,0,.1,0,1008.1,1012.7,61.5,0,0
763,2021-05-09 23:00,10.5,0,.2,0,1008.2,1012.8,72.3,0,0
763,2021-05-10 00:00,10.2,0,0,0,1008.4,1013,74,0,0
763,2021-05-10 01:00,9.6,0,0,0,1008.3,1012.9,72.5,0,0
763,2021-05-10 02:00,9.1,0,.2,0,1008.3,1012.9,76.1,0,0
763,2021-05-10 03:00,10.8,0,.3,0,1007.7,1012.3,74.7,0,0
763,2021-05-10 04:00,11.1,0,.2,0,1008.2,1012.8,77,0,0
763,2021-05-10 05:00,11.1,0,.4,0,1009.6,1014.2,73.9,0,0
763,2021-05-10 06:00,10.9,0,.4,0,1011,1015.6,90,0,0
763,2021-05-10 07:00,11.3,22.6,1.8,0,1008.8,1013.4,87.9,0,0
763,2021-05-10 08:00,13.8,50.5,1.5,0,1009.4,1013.9,56,0,0
763,2021-05-10 09:00,12.4,22.7,1.5,0,1011.8,1016.4,73.1,0,0
763,2021-05-10 10:00,12.1,56.2,2,.5,1011,1015.6,74.9,0,0
763,2021-05-10 11:00,12.6,11.5,1.9,0,1011.6,1016.2,80.9,0,0
763,2021-05-10 12:00,12.2,61.5,1.1,1,1009.4,1014,93.8,0,0
763,2021-05-10 13:00,12.2,320.9,2,0,1011.6,1016.2,93.5,0,0
763,2021-05-10 14:00,12.6,42.9,1.2,1,1008.8,1013.4,90.9,0,0
763,2021-05-10 15:00,12.3,13.4,1.1,.5,1009.7,1014.3,96.4,0,0
763,2021-05-10 16:00,12.9,30.9,.8,.5,1008.2,1012.7,94.8,0,0
763,2021-05-10 17:00,13.8,35.2,1.3,0,1007.3,1011.8,91.5,0,0
763,2021-05-10 18:00,13.7,57.4,1.9,0,1007,1011.5,92.2,0,0
763,2021-05-10 19:00,13.4,7.5,1.4,0,1008.1,1012.6,90.8,0,0
763,2021-05-10 20:00,13.4,0,.4,0,1008.3,1012.8,91.3,0,0
763,2021-05-10 21:00,13.4,0,.4,0,1008.9,1013.4,93.7,0,0
763,2021-05-10 22:00,13.5,0,.3,0,1009.6,1014.1,91.6,0,0
763,2021-05-10 23:00,13.3,357.1,1.4,0,1010,1014.5,91.8,0,0
763,2021-05-11 00:00,13.2,358.4,.7,0,1009.8,1014.3,92.3,0,0
763,2021-05-11 01:00,13.3,0,.3,0,1009.2,1013.7,92,0,0
763,2021-05-11 02:00,13.4,9.9,.9,0,1009.1,1013.6,92.4,0,0
763,2021-05-11 03:00,13.1,39.2,1,2,1009.4,1013.9,98.1,0,0
763,2021-05-11 04:00,13.1,45.9,1.1,5,1008.7,1013.2,99.9,0,0
763,2021-05-11 05:00,13.3,44.4,.6,2,1008.3,1012.8,99.9,0,0
763,2021-05-11 06:00,13.2,106.3,1.4,4,1007.8,1012.3,99.9,0,0
763,2021-05-11 07:00,13.4,287.3,1.9,4,1008.8,1013.3,99.9,0,0
763,2021-05-11 08:00,13.2,26.2,.7,2,1009.2,1013.7,99.9,0,0
763,2021-05-11 09:00,14.3,284.4,.5,0,1009.6,1014.1,99.6,0,0
763,2021-05-11 10:00,14.7,0,0,.5,1009.5,1014,99.9,0,0
763,2021-05-11 11:00,14.9,13.1,1,1.5,1009.7,1014.2,99.6,0,0
763,2021-05-11 12:00,15.5,0,.4,.5,1009,1013.5,98.2,0,0
763,2021-05-11 13:00,16.6,0,.2,0,1008.2,1012.7,93.3,0,0
763,2021-05-11 14:00,18,42.8,1.1,0,1007.8,1012.2,85.4,0,0
763,2021-05-11 15:00,19.9,70.7,1.4,0,1007.5,1011.9,72.6,0,0
763,2021-05-11 16:00,19.2,74.4,2.5,0,1007.4,1011.8,67.5,0,0
763,2021-05-11 17:00,19.2,82,1.2,0,1007.6,1012,68,0,0
763,2021-05-11 18:00,18.9,70.8,1.8,0,1008,1012.4,64.4,0,0
763,2021-05-11 19:00,18.2,77.1,2.3,0,1008.3,1012.7,64.3,0,0
763,2021-05-11 20:00,17.3,73.6,1.4,0,1008.6,1013.1,67.4,0,0
763,2021-05-11 21:00,16.1,44.3,.8,0,1009,1013.5,72.9,0,0
763,2021-05-11 22:00,14.6,0,.3,0,1009.2,1013.7,82.2,0,0
763,2021-05-11 23:00,14.9,58,.7,0,1009.1,1013.6,68.5,0,0
763,2021-05-12 00:00,12.8,0,0,0,1009,1013.6,88.7,0,0
763,2021-05-12 01:00,12,0,0,0,1008.8,1013.4,91.8,0,0
763,2021-05-12 02:00,11.7,0,0,0,1008.7,1013.3,86.4,0,0
763,2021-05-12 03:00,10.8,0,0,0,1008.6,1013.2,93.2,0,0
763,2021-05-12 04:00,10.2,0,0,0,1008.6,1013.2,92.1,0,0
763,2021-05-12 05:00,9.5,0,0,0,1008.6,1013.2,95.3,0,0
763,2021-05-12 06:00,9.6,0,0,0,1008.6,1013.2,95.3,0,0
763,2021-05-12 07:00,14,0,0,0,1008.8,1013.3,73.3,0,0
763,2021-05-12 08:00,17.6,28.6,2,0,1008.8,1013.3,48.4,0,0
763,2021-05-12 09:00,19.6,12.4,2,0,1008.6,1013,46.6,0,0
763,2021-05-12 10:00,21.9,352.6,1.9,0,1008.6,1013,46.6,0,0
763,2021-05-12 11:00,23.6,359.8,1.5,0,1008.1,1012.4,43.4,0,0
763,2021-05-12 12:00,24.7,358.3,2.8,0,1007.6,1011.9,41.6,0,0
763,2021-05-12 13:00,25.7,7.5,2.7,0,1007.2,1011.5,42.7,0,0
763,2021-05-12 14:00,26.1,15.2,2.7,0,1006.5,1010.8,39.3,0,0
763,2021-05-12 15:00,27.4,.2,2.2,0,1005.6,1009.9,38.3,0,0
763,2021-05-12 16:00,27,348.6,2.6,0,1005.1,1009.4,40.1,0,0
763,2021-05-12 17:00,27.2,13.5,2.1,0,1004.7,1009,41.2,0,0
763,2021-05-12 18:00,26,6.1,1.6,0,1004.8,1009.1,45.8,0,0
763,2021-05-12 19:00,24,342.2,1.1,0,1005.1,1009.4,52.2,0,0
763,2021-05-12 20:00,21.4,0,.3,0,1006,1010.4,62.8,0,0
763,2021-05-12 21:00,18.1,0,0,0,1006.8,1011.2,81.6,0,0
763,2021-05-12 22:00,17.3,0,0,0,1007.7,1012.2,86.8,0,0
763,2021-05-12 23:00,16.5,0,0,0,1007.7,1012.2,88.4,0,0
763,2021-05-13 00:00,15.8,0,0,0,1007.7,1012.2,91.8,0,0
763,2021-05-13 01:00,15,0,0,0,1007.5,1012,94.7,0,0
763,2021-05-13 02:00,14.8,0,0,0,1007.4,1011.9,97.6,0,0
763,2021-05-13 03:00,14.7,0,0,0,1007.6,1012.1,97.1,0,0
763,2021-05-13 04:00,13.9,0,0,0,1007.5,1012,98.9,0,0
763,2021-05-13 05:00,13.2,,,0,1007.7,1012.2,99.6,0,0
763,2021-05-13 06:00,13.3,,,0,1007.8,1012.3,99.9,0,0
763,2021-05-13 07:00,16.3,,,0,1008.5,1013,88.9,0,0
763,2021-05-13 08:00,18.5,0,0,0,1009,1013.4,79.3,0,0
763,2021-05-13 09:00,21.4,22.1,.5,0,1008.9,1013.3,64.8,0,0
763,2021-05-13 10:00,23.2,3.7,.8,0,1008.5,1012.9,60.3,0,0
763,2021-05-13 11:00,24.1,274.3,1.7,0,1008.3,1012.6,58.4,0,0
763,2021-05-13 12:00,25.9,9.6,1.3,0,1007.9,1012.2,54.8,0,0
763,2021-05-13 13:00,26.3,337.4,1.3,0,1007.2,1011.5,48.6,0,0
763,2021-05-13 14:00,27.5,346.5,2.1,0,1006.8,1011.1,48.4,0,0
763,2021-05-13 15:00,28.4,357.3,1.6,0,1006.3,1010.6,46.3,0,0
763,2021-05-13 16:00,28.2,330.8,1,0,1005.9,1010.2,47,0,0
763,2021-05-13 17:00,27,259.2,1.1,0,1005.6,1009.9,53.3,0,0
763,2021-05-13 18:00,25.9,246.1,1.3,0,1005.6,1009.9,53.7,0,0
763,2021-05-13 19:00,24,306,1,0,1006,1010.3,58.2,0,0
763,2021-05-13 20:00,21.1,0,0,0,1006.6,1011,74.3,0,0
763,2021-05-13 21:00,19,0,0,0,1007.5,1011.9,82.3,0,0
763,2021-05-13 22:00,17.9,0,0,0,1007.9,1012.3,86.4,0,0
763,2021-05-13 23:00,17.1,0,.4,0,1008.3,1012.8,85.6,0,0
763,2021-05-14 00:00,17,0,0,0,1008.4,1012.9,85,0,0
763,2021-05-14 01:00,16.2,0,0,0,1008.4,1012.9,89,0,0
763,2021-05-14 02:00,15.6,0,0,0,1008.5,1013,92.8,0,0
763,2021-05-14 03:00,15.1,0,0,0,1009.1,1013.6,96.1,0,0
763,2021-05-14 04:00,14.8,0,0,0,1009,1013.5,96,0,0
763,2021-05-14 05:00,14.2,0,0,0,1009,1013.5,98.7,0,0
763,2021-05-14 06:00,14.5,0,0,0,1009.4,1013.9,97.8,0,0
763,2021-05-14 07:00,16.5,0,.1,0,1009.4,1013.9,90.2,0,0
763,2021-05-14 08:00,18.3,0,.4,0,1009.4,1013.8,81.5,0,0
763,2021-05-14 09:00,21.3,41.8,1.1,0,1009.2,1013.6,70.8,0,0
763,2021-05-14 10:00,23.4,347.5,1,0,1008.7,1013.1,64.4,0,0
763,2021-05-14 11:00,25.6,16.9,1.1,0,1007.9,1012.2,55.7,0,0
763,2021-05-14 12:00,28.2,352,1.7,0,1006.9,1011.2,51.2,0,0
763,2021-05-14 13:00,29,340.6,1.6,0,1006.2,1010.5,48.4,0,0
763,2021-05-14 14:00,29.9,35.5,1,0,1005.6,1009.8,44.8,0,0
763,2021-05-14 15:00,29.5,262.7,.6,0,1005.3,1009.6,47.4,0,0
763,2021-05-14 16:00,26.3,258.6,3,0,1005.5,1009.8,58.2,0,0
763,2021-05-14 17:00,22.8,246.2,1.6,0,1006,1010.4,65.7,0,0
763,2021-05-14 18:00,22.5,0,.2,0,1006.3,1010.7,69,0,0
763,2021-05-14 19:00,21.6,0,.1,0,1006.4,1010.8,71.7,0,0
763,2021-05-14 20:00,20.9,0,.2,0,1006.3,1010.7,76.7,0,0
763,2021-05-14 21:00,20.8,0,0,0,1006.3,1010.7,75.3,0,0
763,2021-05-14 22:00,20.3,121.1,.6,0,1006,1010.4,79.9,0,0
763,2021-05-14 23:00,20,0,.4,0,1005.9,1010.3,80.7,0,0
763,2021-05-15 00:00,19.1,0,.1,0,1006,1010.4,89.1,0,0
763,2021-05-15 01:00,18.8,0,.1,0,1005.8,1010.2,91.8,0,0
763,2021-05-15 02:00,19.2,0,.1,0,1005.5,1009.9,91.8,0,0
763,2021-05-15 03:00,18.5,0,.4,.5,1005.5,1009.9,99.2,0,0
763,2021-05-15 04:00,18.6,0,0,0,1005.4,1009.8,99.8,0,0
763,2021-05-15 05:00,18.6,0,0,0,1005,1009.4,99.8,0,0
763,2021-05-15 06:00,18.5,0,.4,.5,1004.6,1009,99.8,0,0
763,2021-05-15 07:00,18.6,17.2,.5,.5,1004.2,1008.6,99.8,0,0
763,2021-05-15 08:00,19.2,0,.3,.5,1004,1008.4,99.8,0,0
763,2021-05-15 09:00,20.9,25.7,1.1,0,1003.7,1008.1,94.1,0,0
763,2021-05-15 10:00,22.7,7.2,1,0,1003.3,1007.6,83.7,0,0
763,2021-05-15 11:00,24.3,25.2,.8,0,1002.6,1006.9,77.6,0,0
763,2021-05-15 12:00,26.7,0,.4,0,1002.2,1006.5,68.2,0,0
763,2021-05-15 13:00,26.8,221,.7,0,1002,1006.3,69.9,0,0
763,2021-05-15 14:00,26.8,0,.2,0,1001.2,1005.5,71.6,0,0
763,2021-05-15 15:00,25.4,245.1,1.1,0,1001.1,1005.4,78.3,0,0
763,2021-05-15 16:00,23.3,219.1,.5,0,1001.1,1005.4,91.2,0,0
763,2021-05-15 17:00,22.7,0,.1,.5,1000.8,1005.1,95.9,0,0
763,2021-05-15 18:00,22.9,0,.2,0,1000.5,1004.8,94.1,0,0
763,2021-05-15 19:00,23.1,0,.1,0,1000.6,1004.9,92,0,0
763,2021-05-15 20:00,23.1,0,.1,0,1000.8,1005.1,90.5,0,0
763,2021-05-15 21:00,23.1,0,.2,0,1001.5,1005.8,89.5,0,0
763,2021-05-15 22:00,23,0,.1,0,1001.4,1005.7,88,0,0
763,2021-05-15 23:00,23.2,120.7,.7,0,1001,1005.3,87.1,0,0
763,2021-05-16 00:00,22.2,32.3,.5,0,999.9,1004.2,93.4,0,0
763,2021-05-16 01:00,21.9,0,.1,3.5,1000.7,1005.1,97,0,0
763,2021-05-16 02:00,22,156.6,.6,4,998.7,1003,98.3,0,0
763,2021-05-16 03:00,22.6,160.3,.6,0,997.8,1002.1,92.2,0,0
763,2021-05-16 04:00,22.2,163.1,.7,3.5,998.1,1002.4,94.6,0,0
763,2021-05-16 05:00,21.8,143.3,.7,2,998,1002.3,96.9,0,0
763,2021-05-16 06:00,21.9,170.7,.5,1,997.7,1002,96,0,0
763,2021-05-16 07:00,22,164.9,.8,.5,997.4,1001.7,94.3,0,0
763,2021-05-16 08:00,22.2,0,.4,0,997.9,1002.2,92.6,0,0
763,2021-05-16 09:00,21.9,0,.2,0,998.3,1002.6,97.1,0,0
763,2021-05-16 10:00,21.8,0,.4,2,998.3,1002.6,98.7,0,0
763,2021-05-16 11:00,21.9,214.1,.8,1,998.2,1002.5,98.6,0,0
763,2021-05-16 12:00,22.2,198.5,.6,.5,997.5,1001.8,96.8,0,0
763,2021-05-16 13:00,22.2,0,.4,.5,996.8,1001.1,96.8,0,0
763,2021-05-16 14:00,22.2,202.1,.5,.5,996.2,1000.5,98.1,0,0
763,2021-05-16 15:00,22.3,200,1,1,995.5,999.8,97.4,0,0
763,2021-05-16 16:00,22.1,243.8,1.3,2.5,995.4,999.7,98.7,0,0
763,2021-05-16 17:00,21.4,246.4,2.3,6,995.5,999.8,98.9,0,0
763,2021-05-16 18:00,21.2,228.7,1.1,.5,995.5,999.9,98.6,0,0
763,2021-05-16 19:00,20.3,246.7,1.6,5,996,1000.4,99.8,0,0
763,2021-05-16 20:00,19.4,245.1,1.6,.5,996.8,1001.2,99.5,0,0
763,2021-05-16 21:00,18.2,238.1,1.8,0,997.6,1002,99.8,0,0
763,2021-05-16 22:00,17.5,253,2.4,0,998.5,1002.9,99.8,0,0
763,2021-05-16 23:00,16.9,245.4,.5,0,998.7,1003.1,99.8,0,0
763,2021-05-17 00:00,16.5,243.2,.6,.5,998.9,1003.3,99.8,0,0
763,2021-05-17 01:00,15.9,213.1,.6,0,999.5,1004,99.8,0,0
763,2021-05-17 02:00,15.9,0,.2,0,999.8,1004.3,99.8,0,0
763,2021-05-17 03:00,15.6,250.4,.9,0,999.8,1004.3,99.8,0,0
763,2021-05-17 04:00,15.2,212.8,.6,.5,1000.3,1004.8,99.8,0,0
763,2021-05-17 05:00,15.3,0,.2,0,1000.7,1005.2,99.8,0,0
763,2021-05-17 06:00,15.3,0,.2,1,1001,1005.5,99.8,0,0
763,2021-05-17 07:00,15.5,0,.3,0,1001.3,1005.8,99.8,0,0
763,2021-05-17 08:00,15.4,243.1,.7,0,1002.2,1006.7,99.8,0,0
763,2021-05-17 09:00,15.1,229.3,.5,0,1003,1007.5,99.8,0,0
763,2021-05-17 10:00,15.9,0,.3,0,1003.2,1007.7,99.4,0,0
763,2021-05-17 11:00,16,228.1,.8,0,1003.8,1008.3,98.7,0,0
763,2021-05-17 12:00,16,259.3,1.8,0,1003.9,1008.4,96,0,0
763,2021-05-17 13:00,15.3,246.4,1.4,0,1004.3,1008.8,97.1,0,0
763,2021-05-17 14:00,15.3,232,.6,1.5,1004.3,1008.8,98.8,0,0
763,2021-05-17 15:00,15.9,245.2,.5,.5,1003.8,1008.3,96.4,0,0
763,2021-05-17 16:00,16,250.3,.5,0,1004.2,1008.7,94.3,0,0
763,2021-05-17 17:00,16,252.3,1.3,0,1004.3,1008.8,91.3,0,0
763,2021-05-17 18:00,16.3,0,.3,0,1004.4,1008.9,90.3,0,0
763,2021-05-17 19:00,15.8,257.5,1,0,1004.9,1009.4,91.4,0,0
763,2021-05-17 20:00,15.7,241.7,.9,0,1006.1,1010.6,89.1,0,0
763,2021-05-17 21:00,15.1,253.4,1,0,1006.7,1011.2,93.9,0,0
763,2021-05-17 22:00,14.9,0,0,0,1006.3,1010.8,95.6,0,0
763,2021-05-17 23:00,14.7,0,0,0,1006.2,1010.7,98.1,0,0
763,2021-05-18 00:00,14.6,254.4,.5,0,1006.7,1011.2,98.7,0,0
763,2021-05-18 01:00,14.3,235.4,.8,0,1006.9,1011.4,99.1,0,0
763,2021-05-18 02:00,14.3,0,.4,0,1006,1010.5,98.8,0,0
763,2021-05-18 03:00,13.9,0,0,0,1006.4,1010.9,99.9,0,0
763,2021-05-18 04:00,14,0,.1,0,1006.7,1011.2,99.9,0,0
763,2021-05-18 05:00,14.2,0,.1,0,1006.8,1011.3,99.9,0,0
763,2021-05-18 06:00,14.4,0,0,0,1007.1,1011.6,99.4,0,0
763,2021-05-18 07:00,14.7,0,.1,0,1007.7,1012.2,98.5,0,0
763,2021-05-18 08:00,15,0,.2,0,1008.6,1013.1,97.9,0,0
763,2021-05-18 09:00,15.3,92.3,.9,0,1008.6,1013.1,94.8,0,0
763,2021-05-18 10:00,17,95.6,.9,0,1008,1012.5,86.7,0,0
763,2021-05-18 11:00,18.4,16.2,.6,0,1007.3,1011.7,79.5,0,0
763,2021-05-18 12:00,20.1,48.9,1.3,0,1006.7,1011.1,68.7,0,0
763,2021-05-18 13:00,22.2,340,1,0,1007.4,1011.8,64.6,0,0
763,2021-05-18 14:00,21,272.5,1.9,0,1007.1,1011.5,64.1,0,0
763,2021-05-18 15:00,23,300,1.6,0,1006.4,1010.8,59.4,0,0
763,2021-05-18 16:00,23,356,1.7,0,1005.9,1010.3,52.3,0,0
763,2021-05-18 17:00,23,343,1.8,0,1005.6,1009.9,56.1,0,0
763,2021-05-18 18:00,21.8,281,2.2,0,1005.9,1010.3,66.4,0,0
763,2021-05-18 19:00,20.2,268.5,1.7,0,1006.7,1011.1,71.8,0,0
763,2021-05-18 20:00,18.8,223.8,.7,0,1006.7,1011.1,73.4,0,0
763,2021-05-18 21:00,16.5,0,.1,0,1006.8,1011.3,89.6,0,0
763,2021-05-18 22:00,15.2,0,0,0,1007.2,1011.7,97.2,0,0
763,2021-05-18 23:00,15,0,0,0,1007.4,1011.9,98.8,0,0
763,2021-05-19 00:00,14.4,0,0,0,1008,1012.5,99.2,0,0
763,2021-05-19 01:00,14,0,.1,0,1008.1,1012.6,99.9,0,0
763,2021-05-19 02:00,13.5,0,0,0,1007.8,1012.3,99.9,0,0
763,2021-05-19 03:00,13.3,0,0,0,1008.5,1013,99.9,0,0
763,2021-05-19 04:00,13.1,0,0,0,1008.3,1012.8,99.9,0,0
763,2021-05-19 05:00,12.3,0,.1,0,1008.5,1013.1,99.9,0,0
763,2021-05-19 06:00,12.2,0,0,0,1008.8,1013.4,99.9,0,0
763,2021-05-19 07:00,14.4,0,0,0,1008.8,1013.3,99.9,0,0
763,2021-05-19 08:00,14.8,25.9,.9,0,1009.4,1013.9,99.6,0,0
763,2021-05-19 09:00,17.9,19.3,1.2,0,1009.2,1013.7,86.8,0,0
763,2021-05-19 10:00,20,40.1,1,0,1009.1,1013.5,77.3,0,0
763,2021-05-19 11:00,22.6,18.4,1.1,0,1009.2,1013.6,52.3,0,0
763,2021-05-19 12:00,23.5,18,1.2,0,1008.8,1013.2,42.7,0,0
763,2021-05-19 13:00,25.1,338.1,1.8,0,1008.3,1012.7,35.3,0,0
763,2021-05-19 14:00,26.2,331.9,1.5,0,1007.9,1012.2,38.6,0,0
763,2021-05-19 15:00,26.9,319.3,2.1,0,1007.6,1011.9,37.5,0,0
763,2021-05-19 16:00,26.5,352.1,1.2,0,1006.2,1010.5,36.8,0,0
763,2021-05-19 17:00,27.1,13.9,2.3,0,1005.8,1010.1,33.1,0,0
763,2021-05-19 18:00,25.8,55,.9,0,1005.8,1010.1,37.4,0,0
763,2021-05-19 19:00,22.6,0,0,0,1006.2,1010.6,60.9,0,0
763,2021-05-19 20:00,19.8,0,.1,0,1007.1,1011.5,70.2,0,0
763,2021-05-19 21:00,18.6,0,.1,0,1007,1011.4,73.8,0,0
763,2021-05-19 22:00,18,0,0,0,1007.3,1011.7,72.7,0,0
763,2021-05-19 23:00,17.3,0,0,0,1007.8,1012.3,78.1,0,0
763,2021-05-20 00:00,16.9,0,.1,0,1007.6,1012.1,76.7,0,0
763,2021-05-20 01:00,17.1,0,.1,0,1007.1,1011.6,76.2,0,0
763,2021-05-20 02:00,16.7,0,0,0,1005.9,1010.4,84.1,0,0
763,2021-05-20 03:00,16.1,0,.1,0,1005,1009.5,85.7,0,0
763,2021-05-20 04:00,15.9,0,.1,0,1004.4,1008.9,90.4,0,0
763,2021-05-20 05:00,16.1,0,.2,0,1003.9,1008.4,89.8,0,0
763,2021-05-20 06:00,16.2,0,.2,0,1003.4,1007.9,86.3,0,0
763,2021-05-20 07:00,16.6,0,0,0,1002.4,1006.9,88.9,0,0
763,2021-05-20 08:00,17.3,0,.4,0,1003.5,1007.9,82.3,0,0
763,2021-05-20 09:00,17.3,0,.1,.5,1002.4,1006.8,93.2,0,0
763,2021-05-20 10:00,18,0,0,0,1002.7,1007.1,86.9,0,0
763,2021-05-20 11:00,18.1,79.1,2,0,1002,1006.4,73.7,0,0
763,2021-05-20 12:00,17.2,33.1,1.1,0,1001.3,1005.7,81.6,0,0
763,2021-05-20 13:00,17.1,27.1,2.4,.5,1000,1004.4,85.3,0,0
763,2021-05-20 14:00,19,53,1.9,0,998.3,1002.7,74.2,0,0
763,2021-05-20 15:00,19.4,69.1,1.2,0,997.4,1001.8,72,0,0
763,2021-05-20 16:00,18.6,81.4,3.5,0,996.7,1001.1,76,0,0
763,2021-05-20 17:00,18.4,81.3,1,0,996.4,1000.8,78.7,0,0
763,2021-05-20 18:00,16.3,0,0,.5,996.6,1001,99.1,0,0
763,2021-05-20 19:00,16.2,0,0,1,997,1001.4,99.8,0,0
763,2021-05-20 20:00,16,0,0,2.5,997.4,1001.8,99.8,0,0
763,2021-05-20 21:00,16.3,0,.4,1.5,998,1002.4,99.3,0,0
763,2021-05-20 22:00,15.5,231.3,1.1,.5,998.3,1002.8,98.8,0,0
763,2021-05-20 23:00,15.3,239.4,1.5,0,998.5,1003,94.2,0,0
763,2021-05-21 00:00,15.2,218,.9,0,998.2,1002.7,90.9,0,0
763,2021-05-21 01:00,14.8,211,.6,0,997.9,1002.4,96.8,0,0
763,2021-05-21 02:00,14.6,234.1,1.5,0,998.1,1002.6,96.9,0,0
763,2021-05-21 03:00,14.6,225.4,.9,0,998.1,1002.6,97.9,0,0
763,2021-05-21 04:00,14.7,250.7,2.4,0,999,1003.5,96.6,0,0
763,2021-05-21 05:00,14.5,251.9,2.6,0,999.8,1004.3,96.7,0,0
763,2021-05-21 06:00,14.2,251.9,1.9,0,1001,1005.5,97.7,0,0
763,2021-05-21 07:00,14.5,245.6,1,0,1001.6,1006.1,94,0,0
763,2021-05-21 08:00,15.1,258.1,1.4,0,1002.2,1006.7,91.2,0,0
763,2021-05-21 09:00,15.1,258.3,2.1,0,1002.6,1007.1,89.3,0,0
763,2021-05-21 10:00,14.5,263.5,1.4,0,1003,1007.5,93.2,0,0
763,2021-05-21 11:00,15,246.3,1.4,0,1003.5,1008,91.5,0,0
763,2021-05-21 12:00,15.7,254.1,1.5,0,1003.4,1007.9,84.8,0,0
763,2021-05-21 13:00,16.6,285.7,3.3,0,1003.4,1007.9,77.3,0,0
763,2021-05-21 14:00,16.8,268,2.4,0,1003.5,1008,77.4,0,0
763,2021-05-21 15:00,16.7,273.2,2.9,0,1003.9,1008.4,76.5,0,0
763,2021-05-21 16:00,17.2,275.3,2.1,0,1003.8,1008.2,73,0,0
763,2021-05-21 17:00,16.3,267.8,2.3,0,1004.2,1008.7,79.1,0,0
763,2021-05-21 18:00,16.1,272.2,1.2,0,1004.6,1009.1,81.4,0,0
763,2021-05-21 19:00,15.8,262.9,1.8,0,1005.1,1009.6,82.1,0,0
763,2021-05-21 20:00,15.3,263.1,1.7,0,1005.4,1009.9,87.5,0,0
763,2021-05-21 21:00,14.6,0,.4,0,1006.1,1010.6,94.8,0,0
763,2021-05-21 22:00,14.7,0,.4,0,1006.5,1011,93,0,0
763,2021-05-21 23:00,14.6,0,.3,0,1007.3,1011.8,94.1,0,0
763,2021-05-22 00:00,14,0,0,0,1007.4,1011.9,96.3,0,0
763,2021-05-22 01:00,12.5,0,0,0,1007.6,1012.2,99.9,0,0
763,2021-05-22 02:00,12,0,.1,0,1007.2,1011.8,99.9,0,0
763,2021-05-22 03:00,11.6,0,.2,0,1007.7,1012.3,99.9,0,0
763,2021-05-22 04:00,11.5,0,0,0,1007.9,1012.5,99.9,0,0
763,2021-05-22 05:00,11.4,0,0,0,1008.1,1012.7,99.9,0,0
763,2021-05-22 06:00,12.3,0,0,0,1008.1,1012.7,99.9,0,0
763,2021-05-22 07:00,14.4,0,.1,0,1008.1,1012.6,94.5,0,0
763,2021-05-22 08:00,16,0,.4,0,1008.7,1013.2,79.4,0,0
763,2021-05-22 09:00,17.3,332,.8,0,1008.9,1013.4,80,0,0
763,2021-05-22 10:00,18.9,36,1.4,0,1008.7,1013.1,66.4,0,0
763,2021-05-22 11:00,20.2,342.3,1.2,0,1008.3,1012.7,63.7,0,0
763,2021-05-22 12:00,21,293.2,1.7,0,1008,1012.4,57.2,0,0
763,2021-05-22 13:00,22.6,268.7,.9,0,1007.2,1011.6,59.9,0,0
763,2021-05-22 14:00,22.9,311.7,1.7,0,1006.6,1011,54.4,0,0
763,2021-05-22 15:00,23.8,240.3,.9,0,1005.9,1010.2,54.9,0,0
763,2021-05-22 16:00,24.4,258.1,1.9,0,1005.8,1010.1,58.5,0,0
763,2021-05-22 17:00,23.2,267.4,2.1,0,1005.9,1010.2,58.1,0,0
763,2021-05-22 18:00,22.3,272.1,1.3,0,1006,1010.4,62,0,0
763,2021-05-22 19:00,20.7,0,.1,0,1006.7,1011.1,64.6,0,0
763,2021-05-22 20:00,18.1,0,0,0,1007,1011.4,80,0,0
763,2021-05-22 21:00,16.6,0,0,0,1007.4,1011.9,88.1,0,0
763,2021-05-22 22:00,15.4,0,0,0,1008.3,1012.8,93.6,0,0
763,2021-05-22 23:00,14.4,0,0,0,1008.7,1013.2,95.9,0,0
763,2021-05-23 00:00,14.2,0,.2,0,1008.4,1012.9,94.6,0,0
763,2021-05-23 01:00,13.1,0,0,0,1008.3,1012.8,98.6,0,0
763,2021-05-23 02:00,12.7,0,0,0,1008.3,1012.9,99.3,0,0
763,2021-05-23 03:00,12.3,0,0,0,1008.2,1012.8,99.9,0,0
763,2021-05-23 04:00,11.6,0,0,0,1008.3,1012.9,99.9,0,0
763,2021-05-23 05:00,11.4,0,0,0,1008.7,1013.3,99.9,0,0
763,2021-05-23 06:00,11.7,0,0,0,1009.1,1013.7,99.9,0,0
763,2021-05-23 07:00,14.7,0,0,0,1008.9,1013.4,97.8,0,0
763,2021-05-23 08:00,16.7,0,.4,0,1009.4,1013.9,85,0,0
763,2021-05-23 09:00,18.2,12.7,.5,0,1008.7,1013.1,80.6,0,0
763,2021-05-23 10:00,20.5,0,.1,0,1008.1,1012.5,70.1,0,0
763,2021-05-23 11:00,23.4,85.2,.8,0,1007.5,1011.8,59.5,0,0
763,2021-05-23 12:00,24.2,2.6,1.3,0,1007.2,1011.5,52.2,0,0
763,2021-05-23 13:00,26.1,.2,.9,0,1006.8,1011.1,48,0,0
763,2021-05-23 14:00,26.4,351.7,1,0,1006.1,1010.4,49,0,0
763,2021-05-23 15:00,25.5,297.8,1,0,1005.6,1009.9,51,0,0
763,2021-05-23 16:00,25.5,286.8,1.2,0,1005.7,1010,53,0,0
763,2021-05-23 17:00,25.3,326.7,.8,0,1005.5,1009.8,50.8,0,0
763,2021-05-23 18:00,24.2,321.9,1,0,1005,1009.3,61.9,0,0
763,2021-05-23 19:00,23,0,.3,0,1005.3,1009.6,66,0,0
763,2021-05-23 20:00,20.9,0,0,0,1005.6,1010,82.5,0,0
763,2021-05-23 21:00,20.5,307.3,.5,0,1006.6,1011,83,0,0
763,2021-05-23 22:00,20.2,282.2,.5,0,1007.1,1011.5,75.9,0,0
763,2021-05-23 23:00,18.8,0,0,0,1006.8,1011.2,86.7,0,0
763,2021-05-24 00:00,18.9,0,0,0,1006.4,1010.8,78.3,0,0
763,2021-05-24 01:00,18.3,0,0,0,1005.8,1010.2,83.2,0,0
763,2021-05-24 02:00,17.7,121.8,.5,0,1005.3,1009.7,85,0,0
763,2021-05-24 03:00,17.4,0,.1,0,1004.5,1008.9,87.1,0,0
763,2021-05-24 04:00,16.8,0,0,0,1004.5,1009,92.4,0,0
763,2021-05-24 05:00,16.9,0,.4,0,1004.2,1008.7,89.1,0,0
763,2021-05-24 06:00,16.4,0,0,0,1004.4,1008.9,94.3,0,0
763,2021-05-24 07:00,17.1,0,.4,0,1005.3,1009.8,87,0,0
763,2021-05-24 08:00,18,0,.1,0,1004.9,1009.3,74.3,0,0
763,2021-05-24 09:00,19.8,0,.4,0,1004.8,1009.2,67.1,0,0
763,2021-05-24 10:00,20.5,247.8,1,0,1004.9,1009.3,63.1,0,0
763,2021-05-24 11:00,20.5,246.1,1.2,0,1005,1009.4,68.3,0,0
763,2021-05-24 12:00,21.2,235.5,1.3,0,1004.8,1009.2,71.4,0,0
763,2021-05-24 13:00,22.9,168.3,.8,0,1003.9,1008.2,61.3,0,0
763,2021-05-24 14:00,23.5,264.3,1.4,0,1003.4,1007.7,55.3,0,0
763,2021-05-24 15:00,23.6,111.4,1.3,0,1003.1,1007.4,56.9,0,0
763,2021-05-24 16:00,25.1,356.8,1.2,0,1002.9,1007.2,29.6,0,0
763,2021-05-24 17:00,24.6,300.7,1.8,0,1002.9,1007.2,31.7,0,0
763,2021-05-24 18:00,23.2,295.4,2.2,0,1003.3,1007.6,49.1,0,0
763,2021-05-24 19:00,21.5,290.9,2.3,0,1004.2,1008.6,39,0,0
763,2021-05-24 20:00,19.5,262.7,1.1,0,1004.7,1009.1,42.4,0,0
763,2021-05-24 21:00,17.2,0,.3,0,1005.6,1010.1,50.4,0,0
763,2021-05-24 22:00,15.7,116.2,.5,0,1006.5,1011,77.7,0,0
763,2021-05-24 23:00,15.1,122.2,.7,0,1006.6,1011.1,84.1,0,0
763,2021-05-25 00:00,14.1,0,.4,0,1006.4,1010.9,91.1,0,0
763,2021-05-25 01:00,13.7,0,.2,0,1006,1010.5,94.7,0,0
763,2021-05-25 02:00,12.6,0,0,0,1004.8,1009.3,98.7,0,0
763,2021-05-25 03:00,12,0,0,0,1004.4,1008.9,99.7,0,0
763,2021-05-25 04:00,11.9,0,.1,0,1003.5,1008,99.9,0,0
763,2021-05-25 05:00,12.3,0,0,0,1003.4,1007.9,99.2,0,0
763,2021-05-25 06:00,13.3,0,.3,0,1004.5,1009,97.5,0,0
763,2021-05-25 07:00,13.5,104.3,1,.5,1004.1,1008.6,98.6,0,0
763,2021-05-25 08:00,13.4,316.8,1.1,1,1003.6,1008.1,90.9,0,0
763,2021-05-25 09:00,14.2,0,.2,1.5,1002.5,1007,83.4,0,0
763,2021-05-25 10:00,16.1,0,.4,0,1003.5,1008,76.5,0,0
763,2021-05-25 11:00,18.2,247.4,2.2,0,1003.4,1007.8,67.3,0,0
763,2021-05-25 12:00,19.2,263.3,2.6,0,1003.5,1007.9,60.5,0,0
763,2021-05-25 13:00,20,281.6,4.8,0,1004,1008.4,50.2,0,0
763,2021-05-25 14:00,19.6,271.8,4.1,0,1004.3,1008.7,48.8,0,0
763,2021-05-25 15:00,20.1,279.7,3.4,0,1004.8,1009.2,48.7,0,0
763,2021-05-25 16:00,20.3,266.6,2.4,0,1004.5,1008.9,47.1,0,0
763,2021-05-25 17:00,19.5,265.6,2.5,0,1004.8,1009.2,51.6,0,0
763,2021-05-25 18:00,18.3,261.1,2.4,0,1005.3,1009.7,58.9,0,0
763,2021-05-25 19:00,17.2,263.1,2.1,0,1005.8,1010.3,65.1,0,0
763,2021-05-25 20:00,16,244.5,1.2,0,1006.3,1010.8,72.3,0,0
763,2021-05-25 21:00,14.5,0,.2,0,1006.8,1011.3,82,0,0
763,2021-05-25 22:00,13.2,0,.2,0,1006.7,1011.2,90.8,0,0
763,2021-05-25 23:00,12.5,0,0,0,1007.3,1011.9,96,0,0
763,2021-05-26 00:00,14.3,0,0,0,1007.7,1012.2,88.3,0,0
763,2021-05-26 01:00,12.9,0,0,0,1007.4,1011.9,95,0,0
763,2021-05-26 02:00,12.2,0,0,0,1007.5,1012.1,97.9,0,0
763,2021-05-26 03:00,14.3,0,.2,0,1007.6,1012.1,83.4,0,0
763,2021-05-26 04:00,13.5,0,.1,0,1007.4,1011.9,84.9,0,0
763,2021-05-26 05:00,12.2,0,.1,0,1006.9,1011.5,94.9,0,0
763,2021-05-26 06:00,12.3,0,.3,0,1007.2,1011.8,94.3,0,0
763,2021-05-26 07:00,13.4,0,.1,0,1007.6,1012.1,85.2,0,0
763,2021-05-26 08:00,14.9,0,.1,0,1007.4,1011.9,74.4,0,0
763,2021-05-26 09:00,16.4,121.8,.6,0,1007.4,1011.9,55.7,0,0
763,2021-05-26 10:00,17.8,102.7,.5,0,1006.7,1011.1,47,0,0
763,2021-05-26 11:00,19.7,0,.3,0,1006.4,1010.8,44.5,0,0
763,2021-05-26 12:00,22,227.7,1.1,0,1006,1010.4,40.4,0,0
763,2021-05-26 13:00,23,209.7,.7,0,1005.2,1009.5,35.4,0,0
763,2021-05-26 14:00,23.5,212.6,.7,0,1004.1,1008.4,34.1,0,0
763,2021-05-26 15:00,22.5,0,.2,0,1003.4,1007.8,35.4,0,0
763,2021-05-26 16:00,22.3,0,.1,0,1002.5,1006.9,39.4,0,0
763,2021-05-26 17:00,22.6,0,.2,0,1001.9,1006.2,42.5,0,0
763,2021-05-26 18:00,22.3,0,.3,0,1001.5,1005.8,44.1,0,0
763,2021-05-26 19:00,22.1,0,.3,0,1001.4,1005.8,40.3,0,0
763,2021-05-26 20:00,21.1,166.1,.6,0,1001.4,1005.8,43.8,0,0
763,2021-05-26 21:00,20.4,164.1,1.1,0,1001.8,1006.2,43.2,0,0
763,2021-05-26 22:00,19.2,0,.4,0,1002.5,1006.9,48.2,0,0
763,2021-05-26 23:00,18.4,0,.1,0,1002.3,1006.7,51.9,0,0
763,2021-05-27 00:00,18.4,222.3,.9,0,1001.5,1005.9,54.1,0,0
763,2021-05-27 01:00,18.3,169.3,.7,0,1000.7,1005.1,56.9,0,0
763,2021-05-27 02:00,17.3,0,0,0,1000.1,1004.5,64.1,0,0
763,2021-05-27 03:00,17.3,0,.1,0,999.2,1003.6,66.5,0,0
763,2021-05-27 04:00,16.8,0,.1,0,998.6,1003,70.2,0,0
763,2021-05-27 05:00,16.3,0,.2,0,997.8,1002.2,73.6,0,0
763,2021-05-27 06:00,15.9,0,.4,0,997.3,1001.8,78.8,0,0
763,2021-05-27 07:00,16,0,.2,0,997.7,1002.2,79.4,0,0
763,2021-05-27 08:00,15.9,207,.6,0,997.6,1002.1,82,0,0
763,2021-05-27 09:00,14.7,211.7,.5,.5,997.8,1002.3,97.2,0,0
763,2021-05-27 10:00,15,0,.4,0,997.9,1002.4,97.8,0,0
763,2021-05-27 11:00,15.7,224.8,.9,.5,998.2,1002.7,98.8,0,0
763,2021-05-27 12:00,17,231.9,1.2,0,998.3,1002.7,96.7,0,0
763,2021-05-27 13:00,17,251.8,1.2,.5,998.3,1002.7,96,0,0
763,2021-05-27 14:00,17.6,267.3,2.6,0,998.9,1003.3,88.9,0,0
763,2021-05-27 15:00,19.3,257,1.6,0,999.1,1003.5,73.8,0,0
763,2021-05-27 16:00,19.1,246.6,1.9,0,999.5,1003.9,70.8,0,0
763,2021-05-27 17:00,19,232.3,.7,0,999.7,1004.1,70,0,0
763,2021-05-27 18:00,17.2,255.8,1.9,0,999.9,1004.3,77.3,0,0
763,2021-05-27 19:00,16.5,250.5,.8,0,1000.3,1004.7,81.2,0,0
763,2021-05-27 20:00,14.9,0,.1,0,1000.7,1005.2,90.6,0,0
763,2021-05-27 21:00,13.7,0,0,0,1001.7,1006.2,95.8,0,0
763,2021-05-27 22:00,12.3,0,0,0,1002.3,1006.8,99,0,0
763,2021-05-27 23:00,11.9,0,0,0,1002.5,1007,99.9,0,0
763,2021-05-28 00:00,12.3,0,.4,0,1002.1,1006.6,99.9,0,0
763,2021-05-28 01:00,11.6,0,0,0,1001.6,1006.1,99.9,0,0
763,2021-05-28 02:00,10.9,0,.1,0,1001.5,1006.1,99.9,0,0
763,2021-05-28 03:00,10.9,0,.1,0,1000.8,1005.4,99.9,0,0
763,2021-05-28 04:00,15.2,143.5,.8,0,999.9,1004.4,70.7,0,0
763,2021-05-28 05:00,16.2,132.8,.6,0,999,1003.5,58.3,0,0
763,2021-05-28 06:00,12.2,0,.2,0,999.8,1004.3,91.6,0,0
763,2021-05-28 07:00,13.5,0,.1,0,999.1,1003.6,83.6,0,0
763,2021-05-28 08:00,19,167.6,1,0,997.8,1002.2,52.6,0,0
763,2021-05-28 09:00,20.8,164,1.2,0,996.5,1000.9,52.3,0,0
763,2021-05-28 10:00,21.3,193.4,.5,0,995.7,1000,56.1,0,0
763,2021-05-28 11:00,22.1,206.9,2,0,995,999.3,60.4,0,0
763,2021-05-28 12:00,13.4,4.8,2.1,12,996,1000.5,98.9,0,0
763,2021-05-28 13:00,14.3,0,.4,16,995.9,1000.4,99.9,0,0
763,2021-05-28 14:00,16,0,.1,1,995.3,999.7,99.9,0,0
763,2021-05-28 15:00,19.5,254.1,1.8,0,995.2,999.6,85,0,0
763,2021-05-28 16:00,20.8,237.7,1.6,0,995.5,999.9,75.8,0,0
763,2021-05-28 17:00,20.2,269.9,3.2,0,995.8,1000.2,70.2,0,0
763,2021-05-28 18:00,19.2,291.7,3.1,0,996,1000.4,63.7,0,0
763,2021-05-28 19:00,17.7,267.3,2.3,0,997,1001.4,72.9,0,0
763,2021-05-28 20:00,16.3,257.2,2.9,0,998.3,1002.7,80.6,0,0
763,2021-05-28 21:00,15.7,254.6,1.6,0,999,1003.5,85.2,0,0
763,2021-05-28 22:00,15.5,245.2,1.3,0,1000.3,1004.8,86.3,0,0
763,2021-05-28 23:00,14.7,225.9,.6,0,1000.6,1005.1,90.3,0,0
763,2021-05-29 00:00,14.6,230.5,.8,0,1001.1,1005.6,90.6,0,0
763,2021-05-29 01:00,14.5,234.4,1.3,0,1001.2,1005.7,91.4,0,0
763,2021-05-29 02:00,14.1,207,.6,0,1001.3,1005.8,93.1,0,0
763,2021-05-29 03:00,13.3,111.8,.5,0,1001.1,1005.6,95.9,0,0
763,2021-05-29 04:00,13,0,0,0,1001.5,1006,97.6,0,0
763,2021-05-29 05:00,12.9,0,.3,0,1002.2,1006.7,98,0,0
763,2021-05-29 06:00,13,107.1,.8,0,1002.2,1006.7,98.9,0,0
763,2021-05-29 07:00,14.8,116.4,.7,0,1002.6,1007.1,91.5,0,0
763,2021-05-29 08:00,16.3,0,.4,0,1003.2,1007.7,82.7,0,0
763,2021-05-29 09:00,18.1,240.1,.6,0,1003.4,1007.8,70.2,0,0
763,2021-05-29 10:00,19.6,227.5,.8,0,1003.5,1007.9,66.2,0,0
763,2021-05-29 11:00,20.7,248.2,1.7,0,1003.8,1008.2,62.8,0,0
763,2021-05-29 12:00,22.1,132.3,.7,0,1003.2,1007.6,54.9,0,0
763,2021-05-29 13:00,23.2,296.8,2.4,0,1003.2,1007.5,47.2,0,0
763,2021-05-29 14:00,23.3,269.8,3.2,0,1003.3,1007.6,45.8,0,0
763,2021-05-29 15:00,22.9,270.7,3.3,0,1003.4,1007.7,46,0,0
763,2021-05-29 16:00,21.7,279.8,3.6,0,1003.4,1007.8,45.5,0,0
763,2021-05-29 17:00,21.5,288.5,2.2,0,1003.5,1007.9,46,0,0
763,2021-05-29 18:00,21,283.2,1.3,0,1003.3,1007.7,51.7,0,0
763,2021-05-29 19:00,19.9,275.6,.9,0,1004.2,1008.6,55,0,0
763,2021-05-29 20:00,18.6,0,.3,0,1003.3,1007.7,61.2,0,0
763,2021-05-29 21:00,17,0,0,0,1004.8,1009.3,72.4,0,0
763,2021-05-29 22:00,15.1,0,0,0,1005.4,1009.9,79.4,0,0
763,2021-05-29 23:00,13.9,0,.2,0,1005.4,1009.9,87.2,0,0
763,2021-05-30 00:00,13.3,22.7,.9,0,1005.5,1010,92.7,0,0
763,2021-05-30 01:00,12.5,0,0,0,1005.3,1009.8,97,0,0
763,2021-05-30 02:00,11.7,0,0,0,1005.3,1009.9,99.1,0,0
763,2021-05-30 03:00,11.4,0,0,0,1005.2,1009.8,99.4,0,0
763,2021-05-30 04:00,11,0,0,0,1005.1,1009.7,99.9,0,0
763,2021-05-30 05:00,10.6,,,0,1005.3,1009.9,99.9,0,0
763,2021-05-30 06:00,11.1,,,0,1005.6,1010.2,99.9,0,0
763,2021-05-30 07:00,13.7,0,.1,0,1005.7,1010.2,92,0,0
763,2021-05-30 08:00,15.6,24,.5,0,1006,1010.5,79.3,0,0
763,2021-05-30 09:00,18.3,52.2,1,0,1005.9,1010.3,69.8,0,0
763,2021-05-30 10:00,21.6,356.6,.8,0,1005.3,1009.7,58.8,0,0
763,2021-05-30 11:00,23.1,287.2,1.3,0,1004.6,1008.9,50.7,0,0
763,2021-05-30 12:00,25.8,101.4,.8,0,1004.5,1008.8,37.1,0,0
763,2021-05-30 13:00,26.2,88.8,1.4,0,1004,1008.3,38.5,0,0
763,2021-05-30 14:00,26.9,0,.4,0,1003.3,1007.6,46,0,0
763,2021-05-30 15:00,27.9,271.7,.7,0,1003,1007.3,43.8,0,0
763,2021-05-30 16:00,28.1,261.9,.9,0,1002.9,1007.2,42.5,0,0
763,2021-05-30 17:00,27.8,256.8,.6,0,1002.6,1006.9,43,0,0
763,2021-05-30 18:00,24.9,264.4,2.2,0,1003.3,1007.6,54.7,0,0
763,2021-05-30 19:00,23.3,263.8,.5,0,1003.6,1007.9,55.3,0,0
763,2021-05-30 20:00,21.1,0,.4,0,1004.3,1008.7,70.7,0,0
763,2021-05-30 21:00,20.5,0,.4,0,1004.3,1008.7,72.6,0,0
763,2021-05-30 22:00,20.9,97.1,.5,0,1005.2,1009.6,70,0,0
763,2021-05-30 23:00,17.1,100.1,1.1,3,1006.3,1010.8,96.9,0,0
763,2021-05-31 00:00,16.9,0,.3,3,1005.5,1010,99.7,0,0
763,2021-05-31 01:00,17,0,.2,0,1005.4,1009.9,95.2,0,0
763,2021-05-31 02:00,16.8,84,.5,.5,1005.4,1009.9,99.7,0,0
763,2021-05-31 03:00,16.1,0,.2,1,1005.6,1010.1,99.7,0,0
763,2021-05-31 04:00,16.5,0,.2,3,1006.7,1011.2,99.8,0,0
763,2021-05-31 05:00,14.6,0,.4,15.5,1006.7,1011.2,99,0,0
763,2021-05-31 06:00,14.5,114.7,.6,9,1007,1011.5,99.9,0,0
763,2021-05-31 07:00,15,0,.2,1,1007,1011.5,99.5,0,0
763,2021-05-31 08:00,18.4,0,.4,0,1006.6,1011,64.6,0,0
763,2021-05-31 09:00,19.6,0,.4,0,1006.5,1010.9,57.2,0,0
763,2021-05-31 10:00,20.8,127.2,.5,0,1006.7,1011.1,61.5,0,0
763,2021-05-31 11:00,21.6,126,.6,0,1006.9,1011.3,60.9,0,0
763,2021-05-31 12:00,23.6,94.7,.5,0,1007,1011.3,55.2,0,0
763,2021-05-31 13:00,25.7,258.2,1.5,0,1006.8,1011.1,44.7,0,0
763,2021-05-31 14:00,26.6,251.3,1.3,0,1006.5,1010.8,37,0,0
763,2021-05-31 15:00,26.9,283.4,2.3,0,1006.6,1010.9,36.8,0,0
763,2021-05-31 16:00,26.1,287.3,1.9,0,1007.1,1011.4,37.4,0,0
763,2021-05-31 17:00,25.7,305.4,1.6,0,1007.3,1011.6,37.4,0,0
763,2021-05-31 18:00,25,321.1,1,0,1007.5,1011.8,34.3,0,0
763,2021-05-31 19:00,22.5,0,.4,0,1007.8,1012.2,56.1,0,0
763,2021-05-31 20:00,19,0,0,0,1008.4,1012.8,73.1,0,0
763,2021-05-31 21:00,18.8,0,0,0,1008.8,1013.2,65.7,0,0
763,2021-05-31 22:00,17.6,0,0,0,1009.1,1013.6,73,0,0
763,2021-05-31 23:00,16.6,0,.1,0,1008.6,1013.1,70.1,0,0
763,2021-06-01 00:00,15.6,0,0,0,1008.1,1012.6,78.9,0,0
763,2021-06-01 01:00,15.1,0,0,0,1008.3,1012.8,88.6,0,0
763,2021-06-01 02:00,14.7,0,0,0,1008.7,1013.2,87.4,0,0
763,2021-06-01 03:00,15,105.5,.7,0,1008.2,1012.7,84.7,0,0
763,2021-06-01 04:00,14.6,0,.2,0,1008.5,1013,91.7,0,0
763,2021-06-01 05:00,14.8,0,.4,0,1009.5,1014,94.5,0,0
763,2021-06-01 06:00,14.1,0,0,0,1010.3,1014.8,98.7,0,0
763,2021-06-01 07:00,17,0,.4,0,1011.2,1015.7,90.4,0,0
763,2021-06-01 08:00,19.1,344.1,.8,0,1012.3,1016.7,82.6,0,0
763,2021-06-01 09:00,21.1,86.5,1.4,0,1010.4,1014.8,68.6,0,0
763,2021-06-01 10:00,22.3,0,.3,0,1010.4,1014.8,62.2,0,0
763,2021-06-01 11:00,24.2,99.9,.6,0,1009.9,1014.2,50.7,0,0
763,2021-06-01 12:00,26.1,239.4,1.3,0,1009.9,1014.2,39.8,0,0
763,2021-06-01 13:00,26.5,284.8,2.3,0,1010.6,1014.9,38.3,0,0
763,2021-06-01 14:00,26.6,301.4,2,0,1010.8,1015.1,41.3,0,0
763,2021-06-01 15:00,27,272.5,1.4,0,1010.1,1014.4,39.4,0,0
763,2021-06-01 16:00,26.8,291.1,1.7,0,1009.9,1014.2,38.3,0,0
763,2021-06-01 17:00,25.8,276.7,1.2,0,1010.2,1014.5,40.1,0,0
763,2021-06-01 18:00,25,263.8,1.5,0,1010.5,1014.9,43.3,0,0
763,2021-06-01 19:00,23.6,0,.1,0,1010.8,1015.2,54.1,0,0
763,2021-06-01 20:00,22.1,0,0,0,1010.3,1014.7,57.9,0,0
763,2021-06-01 21:00,21.3,119.4,.5,0,1010,1014.4,58.2,0,0
763,2021-06-01 22:00,20,0,.1,0,1010.1,1014.5,69.9,0,0
763,2021-06-01 23:00,20,0,.1,0,1009.7,1014.1,69.3,0,0
763,2021-06-02 00:00,18.5,0,.1,0,1009.3,1013.7,79.9,0,0
763,2021-06-02 01:00,19.7,27.7,1.2,0,1009.8,1014.2,74.7,0,0
763,2021-06-02 02:00,17.6,0,0,0,1009.7,1014.2,91,0,0
763,2021-06-02 03:00,17.3,0,.1,0,1010.2,1014.7,90.5,0,0
763,2021-06-02 04:00,16.3,0,.1,0,1010,1014.5,94.5,0,0
763,2021-06-02 05:00,16.3,0,.3,0,1010.3,1014.8,93.6,0,0
763,2021-06-02 06:00,16,0,0,0,1010.7,1015.2,96.2,0,0
763,2021-06-02 07:00,18.8,0,0,0,1010.7,1015.1,81.7,0,0
763,2021-06-02 08:00,21.5,0,.4,0,1010.7,1015.1,69.4,0,0
763,2021-06-02 09:00,23.6,272.8,.8,0,1010.7,1015.1,66.5,0,0
763,2021-06-02 10:00,26.9,119.9,.9,0,1010.1,1014.4,43.7,0,0
763,2021-06-02 11:00,28.5,223.8,.8,0,1009.7,1014,34.8,0,0
763,2021-06-02 12:00,29.1,215.2,.8,0,1009.2,1013.5,37.1,0,0
763,2021-06-02 13:00,28.7,271.2,1.3,0,1009,1013.3,35.3,0,0
763,2021-06-02 14:00,29.2,252.1,.6,0,1008.2,1012.5,37.1,0,0
763,2021-06-02 15:00,29.6,229.4,.9,0,1007.7,1012,38.2,0,0
763,2021-06-02 16:00,29.5,229.5,.7,0,1007.5,1011.8,33.5,0,0
763,2021-06-02 17:00,28.5,193.8,.5,0,1007,1011.3,33.5,0,0
763,2021-06-02 18:00,28.1,0,.3,0,1006.9,1011.2,38.1,0,0
763,2021-06-02 19:00,25.9,250.6,.5,0,1007,1011.3,54.6,0,0
763,2021-06-02 20:00,24.3,253.2,.8,0,1007.1,1011.4,59.8,0,0
763,2021-06-02 21:00,21.4,0,.1,0,1007.9,1012.3,76.8,0,0
763,2021-06-02 22:00,20.4,0,.1,0,1008.3,1012.7,82,0,0
763,2021-06-02 23:00,22.2,135.3,.5,0,1007.7,1012.1,63.9,0,0
763,2021-06-03 00:00,22.1,0,.4,0,1007.3,1011.7,63.6,0,0
763,2021-06-03 01:00,21.5,149.4,.5,0,1006.9,1011.3,66.7,0,0
763,2021-06-03 02:00,21.5,0,.3,0,1006.6,1011,64.3,0,0
763,2021-06-03 03:00,20.6,0,.2,0,1006,1010.4,67.8,0,0
763,2021-06-03 04:00,17,0,.1,0,1005.3,1009.8,89.7,0,0
763,2021-06-03 05:00,16.2,0,.3,0,1004.4,1008.9,95.8,0,0
763,2021-06-03 06:00,17.5,0,.3,0,1003.7,1008.1,90.6,0,0
763,2021-06-03 07:00,18.9,0,.1,0,1003.8,1008.2,83.6,0,0
763,2021-06-03 08:00,18.7,0,.1,0,1003.6,1008,82.8,0,0
763,2021-06-03 09:00,18.5,0,.1,0,1003.1,1007.5,84.1,0,0
763,2021-06-03 10:00,17.7,0,.4,0,1002.6,1007,91,0,0
763,2021-06-03 11:00,17.5,26.6,1.2,1,1002,1006.4,96.4,0,0
763,2021-06-03 12:00,17.8,357.1,.6,2,1000.9,1005.3,99.3,0,0
763,2021-06-03 13:00,18.1,7.5,.8,2.5,999.9,1004.3,99.5,0,0
763,2021-06-03 14:00,18.4,23.3,.7,1,998.9,1003.3,99.4,0,0
763,2021-06-03 15:00,18.9,29.8,.8,1.5,997.8,1002.2,99.8,0,0
763,2021-06-03 16:00,19,4.9,.8,1,997.2,1001.6,99.8,0,0
763,2021-06-03 17:00,19.1,0,.3,1.5,996.7,1001.1,99.8,0,0
763,2021-06-03 18:00,18.9,328.9,1.1,1.5,996.7,1001.1,99.8,0,0
763,2021-06-03 19:00,18.5,354.3,1.1,3.5,997.2,1001.6,99.8,0,0
763,2021-06-03 20:00,18.4,0,.1,2.5,997.5,1001.9,99.8,0,0
763,2021-06-03 21:00,18.4,0,0,1,998.3,1002.7,99.8,0,0
763,2021-06-03 22:00,18.3,0,0,.5,998.2,1002.6,99.8,0,0
763,2021-06-03 23:00,18.4,0,.2,0,998.1,1002.5,99.8,0,0
763,2021-06-04 00:00,18.1,258.7,1.7,.5,998.1,1002.5,99.5,0,0
763,2021-06-04 01:00,15.6,328,1.7,.5,998.3,1002.8,95.4,0,0
763,2021-06-04 02:00,15.3,0,.1,0,998.5,1003,99.7,0,0
763,2021-06-04 03:00,15.2,311.5,.7,0,998.7,1003.2,97.8,0,0
763,2021-06-04 04:00,14,0,0,0,998.9,1003.4,99.9,0,0
763,2021-06-04 05:00,13.1,0,0,0,998.8,1003.3,99.9,0,0
763,2021-06-04 06:00,13.2,0,0,0,998.9,1003.4,99.9,0,0
763,2021-06-04 07:00,14.6,0,0,0,999.3,1003.8,99.2,0,0
763,2021-06-04 08:00,16.3,0,.1,0,999.7,1004.2,91.5,0,0
763,2021-06-04 09:00,18.3,0,.3,0,999.9,1004.3,86.3,0,0
763,2021-06-04 10:00,19.9,0,.4,0,999.9,1004.3,72.8,0,0
763,2021-06-04 11:00,20.1,258.3,1.7,0,1000,1004.4,63.3,0,0
763,2021-06-04 12:00,21.3,264.7,1.1,0,999.8,1004.2,60.3,0,0
763,2021-06-04 13:00,22.7,232.1,1.4,0,999.5,1003.8,59.5,0,0
763,2021-06-04 14:00,23,252.2,1.6,0,999.3,1003.6,51.5,0,0
763,2021-06-04 15:00,23.4,230,1.5,0,999.2,1003.5,48.3,0,0
763,2021-06-04 16:00,23,229,1.3,0,999.2,1003.5,47.6,0,0
763,2021-06-04 17:00,22.6,248.6,2,0,999.2,1003.5,47.9,0,0
763,2021-06-04 18:00,21.9,257.7,1.9,0,999.1,1003.4,49.7,0,0
763,2021-06-04 19:00,20.6,245.4,1,0,999.6,1004,61.8,0,0
763,2021-06-04 20:00,18.7,244.9,.6,0,1000.1,1004.5,68.8,0,0
763,2021-06-04 21:00,17.6,0,.3,0,1000.4,1004.8,82.3,0,0
763,2021-06-04 22:00,17.8,246.7,.8,0,1000.6,1005,75.4,0,0
763,2021-06-04 23:00,17.2,0,.3,0,1000.2,1004.6,83,0,0
763,2021-06-05 00:00,17.1,203.8,.5,0,999.9,1004.3,78.6,0,0
763,2021-06-05 01:00,17.1,0,.3,0,999.5,1003.9,71.2,0,0
763,2021-06-05 02:00,17.1,180.1,.6,0,999.4,1003.8,62.2,0,0
763,2021-06-05 03:00,17.5,122.9,.9,0,998.7,1003.1,54.6,0,0
763,2021-06-05 04:00,16.7,164.9,.7,0,999,1003.4,59,0,0
763,2021-06-05 05:00,16.8,189.1,.6,0,999.4,1003.8,59.6,0,0
763,2021-06-05 06:00,17.8,144.6,1.5,0,998.3,1002.7,56.6,0,0
763,2021-06-05 07:00,18.7,178.7,1,0,998.2,1002.6,62.5,0,0
763,2021-06-05 08:00,20.6,217.3,1.3,0,998.5,1002.9,64.9,0,0
763,2021-06-05 09:00,21.5,205.6,1,0,998.4,1002.8,63.5,0,0
763,2021-06-05 10:00,23.5,209.6,.9,0,998.6,1002.9,64.6,0,0
763,2021-06-05 11:00,24.8,226.7,.9,0,998.3,1002.6,64.6,0,0
763,2021-06-05 12:00,24.5,240.2,1.5,0,998.3,1002.6,63.1,0,0
763,2021-06-05 13:00,25.1,250,2.6,0,998.1,1002.4,63.6,0,0
763,2021-06-05 14:00,24.5,261.8,4,0,997.9,1002.2,65.4,0,0
763,2021-06-05 15:00,24.6,275.2,3.3,0,997.9,1002.2,65.5,0,0
763,2021-06-05 16:00,24.7,253.4,2.5,0,997.8,1002.1,65.9,0,0
763,2021-06-05 17:00,24.4,250.7,1.9,0,997.4,1001.7,66.8,0,0
763,2021-06-05 18:00,24,255.2,1.4,0,997.4,1001.7,69.4,0,0
763,2021-06-05 19:00,23.2,243.4,.6,0,997.7,1002,73.5,0,0
763,2021-06-05 20:00,21.7,240.8,.9,0,998.4,1002.8,79,0,0
763,2021-06-05 21:00,20.6,0,.3,0,999.5,1003.9,84.8,0,0
763,2021-06-05 22:00,20,0,0,0,1000.4,1004.8,87.2,0,0
763,2021-06-05 23:00,19.8,260.5,.7,0,1001.1,1005.5,91.1,0,0
763,2021-06-06 00:00,20.4,0,.2,0,1000.7,1005.1,82.3,0,0
763,2021-06-06 01:00,20.5,209.7,.7,0,1000.4,1004.8,83,0,0
763,2021-06-06 02:00,20.7,183,1,0,1000.5,1004.9,78.5,0,0
763,2021-06-06 03:00,20.5,148.8,.5,0,1000.9,1005.3,75.6,0,0
763,2021-06-06 04:00,20.6,139.1,.6,0,1000.9,1005.3,67,0,0
763,2021-06-06 05:00,20,0,.3,0,1001,1005.4,67.2,0,0
763,2021-06-06 06:00,18.5,0,.1,0,1001.5,1005.9,79.5,0,0
763,2021-06-06 07:00,21.1,124.6,.8,0,1001.4,1005.8,63,0,0
763,2021-06-06 08:00,19.8,0,.3,1,1002,1006.4,77.2,0,0
763,2021-06-06 09:00,23.2,0,.4,0,1002.5,1006.8,62.6,0,0
763,2021-06-06 10:00,23.4,213.2,.9,0,1003.2,1007.5,59,0,0
763,2021-06-06 11:00,24.9,207.8,1.1,0,1003.5,1007.8,54.7,0,0
763,2021-06-06 12:00,25.8,222.6,1.1,0,1003.4,1007.7,53.3,0,0
763,2021-06-06 13:00,26.3,206.5,.8,0,1003.1,1007.4,51.2,0,0
763,2021-06-06 14:00,27,175.8,.8,0,1003.2,1007.5,50.3,0,0
763,2021-06-06 15:00,27.8,241,1.7,0,1003.1,1007.4,44.1,0,0
763,2021-06-06 16:00,26.7,281.3,1.9,0,1003.1,1007.4,45.3,0,0
763,2021-06-06 17:00,26.8,258.2,1.3,0,1003.3,1007.6,48,0,0
763,2021-06-06 18:00,25.6,267.9,1.7,0,1004,1008.3,51.7,0,0
763,2021-06-06 19:00,24.4,0,.2,0,1004.5,1008.8,56.7,0,0
763,2021-06-06 20:00,20.8,0,0,0,1005.1,1009.5,75.3,0,0
763,2021-06-06 21:00,19.7,0,.4,0,1005.8,1010.2,79.1,0,0
763,2021-06-06 22:00,18.7,0,.1,0,1007.1,1011.5,86.7,0,0
763,2021-06-06 23:00,18.2,0,.2,0,1007.7,1012.1,84.7,0,0
763,2021-06-07 00:00,17.9,0,0,0,1007.7,1012.1,87.5,0,0
763,2021-06-07 01:00,17.5,0,.3,0,1007.7,1012.2,85.2,0,0
763,2021-06-07 02:00,17.6,281,.5,0,1007.7,1012.2,85.1,0,0
763,2021-06-07 03:00,16.5,0,.2,0,1007.9,1012.4,89.4,0,0
763,2021-06-07 04:00,15.9,0,.1,0,1008.2,1012.7,88,0,0
763,2021-06-07 05:00,15.7,0,.2,0,1008.7,1013.2,96.4,0,0
763,2021-06-07 06:00,15.3,0,0,0,1009.5,1014,96.9,0,0
763,2021-06-07 07:00,18.1,0,.1,0,1010.3,1014.8,83.7,0,0
763,2021-06-07 08:00,19.4,88.2,.7,0,1010.9,1015.3,76.8,0,0
763,2021-06-07 09:00,22.9,75.7,.6,0,1010.5,1014.9,62.2,0,0
763,2021-06-07 10:00,24.1,0,.2,0,1010.5,1014.8,47.8,0,0
763,2021-06-07 11:00,24.9,0,.3,0,1010.7,1015,43.3,0,0
763,2021-06-07 12:00,26.7,0,.4,0,1010.6,1014.9,39.8,0,0
763,2021-06-07 13:00,28.2,200.2,.6,0,1010.3,1014.6,36.5,0,0
763,2021-06-07 14:00,27.6,241.5,.9,0,1010.3,1014.6,35.5,0,0
763,2021-06-07 15:00,28.4,273.1,1.5,0,1009.9,1014.2,33.2,0,0
763,2021-06-07 16:00,29,271.1,.8,0,1009.1,1013.4,33.9,0,0
763,2021-06-07 17:00,28.7,284.4,1.1,0,1008.9,1013.2,35.4,0,0
763,2021-06-07 18:00,27.9,301.8,.5,0,1008.7,1013,41.3,0,0
763,2021-06-07 19:00,24.7,0,.2,0,1009.1,1013.4,59.9,0,0
763,2021-06-07 20:00,22.2,0,.4,0,1010.2,1014.6,72.9,0,0
763,2021-06-07 21:00,21.2,0,0,0,1010.6,1015,79.2,0,0
763,2021-06-07 22:00,19.9,0,0,0,1011.1,1015.5,87.1,0,0
763,2021-06-07 23:00,19.5,0,.1,0,1010.9,1015.3,83.6,0,0
763,2021-06-08 00:00,19,0,0,0,1011.4,1015.8,90.2,0,0
763,2021-06-08 01:00,18.4,0,0,0,1011.2,1015.6,89.5,0,0
763,2021-06-08 02:00,17.3,0,.1,0,1011,1015.5,96.2,0,0
763,2021-06-08 03:00,17.5,0,0,0,1010.9,1015.4,94.2,0,0
763,2021-06-08 04:00,16.6,0,0,0,1011.3,1015.8,98.2,0,0
763,2021-06-08 05:00,16.3,0,0,0,1011.6,1016.1,99.2,0,0
763,2021-06-08 06:00,16.3,0,0,0,1011.8,1016.3,99.2,0,0
763,2021-06-08 07:00,19,,,0,1012.1,1016.5,90.6,0,0
763,2021-06-08 08:00,22.1,0,.3,0,1012.2,1016.6,69.8,0,0
763,2021-06-08 09:00,23.8,43.9,.6,0,1012.4,1016.8,66,0,0
763,2021-06-08 10:00,25.6,52.5,.8,0,1012.4,1016.8,58.7,0,0
763,2021-06-08 11:00,26.6,93.9,.7,0,1012.2,1016.5,58.3,0,0
763,2021-06-08 12:00,28.2,323.3,.7,0,1011.9,1016.2,50.4,0,0
763,2021-06-08 13:00,29,323.2,.9,0,1011.8,1016.1,49.7,0,0
763,2021-06-08 14:00,30,335.5,1,0,1011.1,1015.4,44.2,0,0
763,2021-06-08 15:00,29.6,285.1,1.4,0,1010.9,1015.2,41.2,0,0
763,2021-06-08 16:00,30.1,296.1,1.5,0,1010.8,1015.1,41.5,0,0
763,2021-06-08 17:00,30.4,360,1.2,0,1010.3,1014.6,39.4,0,0
763,2021-06-08 18:00,29.6,320.5,.9,0,1010.1,1014.4,35.7,0,0
763,2021-06-08 19:00,27.1,263.7,.7,0,1009.9,1014.2,60.7,0,0
763,2021-06-08 20:00,23.6,0,0,0,1009.9,1014.3,79.3,0,0
763,2021-06-08 21:00,22.1,0,0,0,1010.6,1015,83.2,0,0
763,2021-06-08 22:00,21.8,0,0,0,1010.8,1015.2,86.9,0,0
763,2021-06-08 23:00,21.6,0,0,0,1011,1015.4,89.8,0,0
763,2021-06-09 00:00,20.7,0,,0,1010.8,1015.2,94,0,0
763,2021-06-09 01:00,21.8,0,.1,0,1010.8,1015.2,87.6,0,0
763,2021-06-09 02:00,20.7,0,.1,0,1011,1015.4,94.2,0,0
763,2021-06-09 03:00,19.8,0,0,0,1011,1015.4,96.9,0,0
763,2021-06-09 04:00,18.9,0,0,0,1011.2,1015.6,99.5,0,0
763,2021-06-09 05:00,18.9,0,0,0,1011.4,1015.8,99.4,0,0
763,2021-06-09 06:00,19.1,0,0,0,1011.9,1016.3,99.8,0,0
763,2021-06-09 07:00,20.7,0,,0,1012,1016.4,95.8,0,0
763,2021-06-09 08:00,23.4,10.6,.5,0,1012.3,1016.7,80.3,0,0
763,2021-06-09 09:00,25.1,286,.5,0,1012.1,1016.5,72.6,0,0
763,2021-06-09 10:00,27.7,5.5,1.2,0,1012.3,1016.6,66.4,0,0
763,2021-06-09 11:00,28.5,12.5,.9,0,1012.1,1016.4,60.6,0,0
763,2021-06-09 12:00,29.9,70.6,.8,0,1011.4,1015.7,55.2,0,0
763,2021-06-09 13:00,30.9,91,1.1,0,1010.9,1015.2,47,0,0
763,2021-06-09 14:00,32.2,332.9,1.2,0,1010,1014.3,41.4,0,0
763,2021-06-09 15:00,32.4,22.5,.6,0,1009.5,1013.7,41.2,0,0
763,2021-06-09 16:00,32.2,0,.4,0,1009.1,1013.3,43.1,0,0
763,2021-06-09 17:00,32,334.5,.7,0,1009.1,1013.3,45.6,0,0
763,2021-06-09 18:00,31.6,357.6,.6,0,1009.1,1013.4,48.2,0,0
763,2021-06-09 19:00,29.2,0,0,0,1009.1,1013.4,61.9,0,0
763,2021-06-09 20:00,27.4,0,.4,0,1009.5,1013.8,67,0,0
763,2021-06-09 21:00,25.7,0,.2,0,1010.4,1014.7,68,0,0
763,2021-06-09 22:00,24.8,0,.1,0,1011,1015.3,72.8,0,0
763,2021-06-09 23:00,23.7,0,.1,0,1010.7,1015.1,82,0,0
763,2021-06-10 00:00,22.2,0,.4,0,1010.4,1014.8,91.6,0,0
763,2021-06-10 01:00,21.8,0,.2,0,1010.3,1014.7,92.5,0,0
763,2021-06-10 02:00,20.9,0,0,0,1009.9,1014.3,96.3,0,0
763,2021-06-10 03:00,20.6,0,0,0,1009.6,1014,96.8,0,0
763,2021-06-10 04:00,20.5,0,0,0,1009.4,1013.8,92.9,0,0
763,2021-06-10 05:00,20,0,.1,0,1009.1,1013.5,92.6,0,0
763,2021-06-10 06:00,20.3,0,.2,0,1008.8,1013.2,90.6,0,0
763,2021-06-10 07:00,21.5,80.4,.8,0,1008.8,1013.2,84.2,0,0
763,2021-06-10 08:00,23.3,0,0,0,1009,1013.4,77.5,0,0
763,2021-06-10 09:00,25.9,0,.2,0,1009.1,1013.4,69.3,0,0
763,2021-06-10 10:00,27.6,149.7,.6,0,1008.9,1013.2,44.9,0,0
763,2021-06-10 11:00,27.6,184.7,.5,0,1008.5,1012.8,47.4,0,0
763,2021-06-10 12:00,28.9,139.4,.6,0,1008.1,1012.4,45.3,0,0
763,2021-06-10 13:00,28.4,149.6,.7,0,1007.7,1012,48.5,0,0
763,2021-06-10 14:00,29.2,188.8,.7,0,1007.3,1011.6,49,0,0
763,2021-06-10 15:00,29.1,213.9,1.6,0,1006.8,1011.1,45.9,0,0
763,2021-06-10 16:00,27.6,134.1,1,0,1006.6,1010.9,49.4,0,0
763,2021-06-10 17:00,26.4,141.5,.9,0,1006.2,1010.5,52.1,0,0
763,2021-06-10 18:00,25.2,164.5,.9,0,1006.2,1010.5,58,0,0
763,2021-06-10 19:00,24.9,148.9,1.5,0,1005.9,1010.2,62.3,0,0
763,2021-06-10 20:00,22.4,140.8,.7,.5,1005.2,1009.6,78.3,0,0
763,2021-06-10 21:00,22.8,146.8,1.3,0,1005.5,1009.9,78.5,0,0
763,2021-06-10 22:00,22.2,150.2,.8,1,1005.2,1009.6,84.1,0,0
763,2021-06-10 23:00,22.2,177.6,.9,2.5,1004.8,1009.2,84.9,0,0
763,2021-06-11 00:00,21.6,182,1.1,3.5,1005.2,1009.6,88.4,0,0
763,2021-06-11 01:00,20.7,193.4,.5,12,1005.7,1010.1,97.6,0,0
763,2021-06-11 02:00,20.3,163.8,1.2,7.5,1005.3,1009.7,97.5,0,0
763,2021-06-11 03:00,20,154.7,1.5,9,1005.1,1009.5,94.8,0,0
763,2021-06-11 04:00,20.1,156.2,1.8,1.5,1004.4,1008.8,92.5,0,0
763,2021-06-11 05:00,20.8,192,.8,0,1005.3,1009.7,88.4,0,0
763,2021-06-11 06:00,19.8,124.2,.7,.5,1005.5,1009.9,98.1,0,0
763,2021-06-11 07:00,20.4,0,.1,0,1005.8,1010.2,96,0,0
763,2021-06-11 08:00,20.8,69.7,.6,0,1006,1010.4,95.1,0,0
763,2021-06-11 09:00,21.5,0,0,0,1006.5,1010.9,92.8,0,0
763,2021-06-11 10:00,21.3,0,.2,0,1006.8,1011.2,94.7,0,0
763,2021-06-11 11:00,22.5,241,.7,0,1006.9,1011.3,89.4,0,0
763,2021-06-11 12:00,24,248.5,1.1,0,1006.9,1011.2,80.4,0,0
763,2021-06-11 13:00,25.7,253.3,1.1,0,1006.5,1010.8,70.1,0,0
763,2021-06-11 14:00,26.2,208.4,.5,0,1006.3,1010.6,68.9,0,0
763,2021-06-11 15:00,26.9,253.9,1.4,0,1006.1,1010.4,67.3,0,0
763,2021-06-11 16:00,26.9,284.5,1.9,0,1005.9,1010.2,67.5,0,0
763,2021-06-11 17:00,27.1,266.3,1.4,0,1006,1010.3,63.5,0,0
763,2021-06-11 18:00,26.4,271.5,1.8,0,1006,1010.3,65.2,0,0
763,2021-06-11 19:00,25.3,277.2,1.6,0,1006.5,1010.8,73.9,0,0
763,2021-06-11 20:00,23.7,297.3,.9,0,1007,1011.3,77.6,0,0
763,2021-06-11 21:00,21.5,0,0,0,1007.6,1012,95.2,0,0
763,2021-06-11 22:00,20.8,0,0,0,1008.3,1012.7,96.9,0,0
763,2021-06-11 23:00,20.3,0,0,0,1008.5,1012.9,98.5,0,0
763,2021-06-12 00:00,19.8,0,0,0,1008.7,1013.1,99.8,0,0
763,2021-06-12 01:00,19.4,,,0,1008.7,1013.1,99.8,0,0
763,2021-06-12 02:00,19.1,,,0,1008.8,1013.2,99.8,0,0
763,2021-06-12 03:00,19,,,0,1008.5,1012.9,99.8,0,0
763,2021-06-12 04:00,18.7,0,0,0,1008.3,1012.7,99.8,0,0
763,2021-06-12 05:00,19.1,0,0,0,1008.4,1012.8,99.8,0,0
763,2021-06-12 06:00,19.1,2.4,.5,0,1008.8,1013.2,99.8,0,0
763,2021-06-12 07:00,20,341,.6,0,1008.9,1013.3,98.4,0,0
763,2021-06-12 08:00,21.3,346.9,.6,0,1009.3,1013.7,93.3,0,0
763,2021-06-12 09:00,23.6,15.1,1.5,0,1009.4,1013.8,80.6,0,0
763,2021-06-12 10:00,25.2,25.7,1.4,0,1008.8,1013.2,72.5,0,0
763,2021-06-12 11:00,26.9,358.6,1.3,0,1008.4,1012.7,66,0,0
763,2021-06-12 12:00,27.6,355.9,1.2,0,1008,1012.3,67.8,0,0
763,2021-06-12 13:00,28.5,47.1,2.1,0,1007.2,1011.5,58.9,0,0
763,2021-06-12 14:00,29.5,294.7,1.6,0,1006.8,1011.1,58.2,0,0
763,2021-06-12 15:00,29.3,31.5,.6,0,1006.3,1010.6,56.3,0,0
763,2021-06-12 16:00,29.6,274.7,1.8,0,1006.1,1010.4,54.9,0,0
763,2021-06-12 17:00,29.4,343.9,.9,0,1005.9,1010.2,55.7,0,0
763,2021-06-12 18:00,27.8,256.1,1.6,0,1005.5,1009.8,69.6,0,0
763,2021-06-12 19:00,26.3,0,.2,0,1005.4,1009.7,75.2,0,0
763,2021-06-12 20:00,24.2,0,.3,0,1005.8,1010.1,83.8,0,0
763,2021-06-12 21:00,23.4,0,0,0,1006.2,1010.5,83.4,0,0
763,2021-06-12 22:00,23,0,.1,0,1006.6,1011,85.2,0,0
763,2021-06-12 23:00,22.1,0,.2,0,1006.9,1011.3,89.5,0,0
763,2021-06-13 00:00,21.8,0,.3,0,1007.2,1011.6,89.9,0,0
763,2021-06-13 01:00,21.3,0,0,0,1007.3,1011.7,91.1,0,0
763,2021-06-13 02:00,20.5,0,.2,0,1007,1011.4,94.4,0,0
763,2021-06-13 03:00,20,246,.6,0,1007.4,1011.8,94.9,0,0
763,2021-06-13 04:00,19.6,252.7,.6,0,1007.6,1012,96.5,0,0
763,2021-06-13 05:00,19.3,0,.3,0,1007.4,1011.8,97.5,0,0
763,2021-06-13 06:00,19.1,0,.3,0,1007.1,1011.5,98.9,0,0
763,2021-06-13 07:00,19.1,247,.6,0,1006.7,1011.1,98.9,0,0
763,2021-06-13 08:00,19.2,244.6,.9,0,1006.8,1011.2,97.8,0,0
763,2021-06-13 09:00,19.5,257.2,.5,0,1006.9,1011.3,97.7,0,0
763,2021-06-13 10:00,19.6,284.8,1.5,0,1007,1011.4,94.8,0,0
763,2021-06-13 11:00,21.3,63,.6,0,1006.5,1010.9,87.3,0,0
763,2021-06-13 12:00,23.2,17.6,.8,0,1006.1,1010.4,80.1,0,0
763,2021-06-13 13:00,24.5,273.9,1.4,0,1005.1,1009.4,76,0,0
763,2021-06-13 14:00,26.3,269.1,1.2,0,1004.2,1008.5,72.1,0,0
763,2021-06-13 15:00,26.5,265.1,1.7,0,1003.5,1007.8,72.1,0,0
763,2021-06-13 16:00,27.4,267.7,.9,0,1002.7,1007,67.5,0,0
763,2021-06-13 17:00,27.1,247,.7,0,1002.3,1006.6,69.1,0,0
763,2021-06-13 18:00,24.8,249.8,1.3,0,1002.5,1006.8,79.7,0,0
763,2021-06-13 19:00,24,245.1,1,0,1002.8,1007.1,80.1,0,0
763,2021-06-13 20:00,22.2,0,.3,0,1003.3,1007.7,84.5,0,0
763,2021-06-13 21:00,20.4,0,.3,0,1003.6,1008,91.9,0,0
763,2021-06-13 22:00,19.8,227.9,.6,0,1004.4,1008.8,93.6,0,0
763,2021-06-13 23:00,19,239.4,.5,0,1004.2,1008.6,97.3,0,0
763,2021-06-14 00:00,19.2,0,.3,0,1004.3,1008.7,97.5,0,0
763,2021-06-14 01:00,18.9,0,.2,0,1004,1008.4,99,0,0
763,2021-06-14 02:00,18.9,0,.2,0,1003.6,1008,99.8,0,0
763,2021-06-14 03:00,18.9,313.2,.6,0,1003.2,1007.6,99.8,0,0
763,2021-06-14 04:00,18.8,0,.4,0,1003.3,1007.7,99.8,0,0
763,2021-06-14 05:00,18.8,0,.3,0,1003.6,1008,99.8,0,0
763,2021-06-14 06:00,18.8,0,.1,0,1003.6,1008,99.8,0,0
763,2021-06-14 07:00,19.1,0,.1,0,1003.9,1008.3,99.8,0,0
763,2021-06-14 08:00,19.1,86.2,.5,0,1003.4,1007.8,99.8,0,0
763,2021-06-14 09:00,20.3,0,.3,0,1003.2,1007.6,97.2,0,0
763,2021-06-14 10:00,21.5,308.9,.7,0,1002.9,1007.3,93.1,0,0
763,2021-06-14 11:00,22.3,299.3,.7,0,1002.6,1007,91.8,0,0
763,2021-06-14 12:00,24.8,316.5,1.2,0,1002,1006.3,79.9,0,0
763,2021-06-14 13:00,23.9,287.9,1.9,0,1002,1006.3,82.3,0,0
763,2021-06-14 14:00,25.2,281,.6,0,1001.5,1005.8,77.7,0,0
763,2021-06-14 15:00,26.1,281.5,2,0,1001.4,1005.7,76.8,0,0
763,2021-06-14 16:00,26.1,264,1.8,0,1001.1,1005.4,69.6,0,0
763,2021-06-14 17:00,24.4,243.5,1.5,0,1001.1,1005.4,73.4,0,0
763,2021-06-14 18:00,24.3,256,1,0,1000.6,1004.9,77.2,0,0
763,2021-06-14 19:00,23.6,263.6,1.6,0,1000.8,1005.1,82,0,0
763,2021-06-14 20:00,22.8,258.2,.6,0,1001.1,1005.4,85.1,0,0
763,2021-06-14 21:00,22.7,0,.2,0,1001.4,1005.7,87.1,0,0
763,2021-06-14 22:00,22.3,0,.1,0,1001.6,1005.9,88.7,0,0
763,2021-06-14 23:00,21.5,0,.4,0,1001.7,1006.1,89.8,0,0
763,2021-06-15 00:00,21.3,0,.2,0,1001.6,1006,92.2,0,0
763,2021-06-15 01:00,21.1,274.9,.5,0,1001.7,1006.1,94.4,0,0
763,2021-06-15 02:00,21.2,0,0,0,1001.4,1005.8,94.1,0,0
763,2021-06-15 03:00,20.5,336.3,.5,0,1000.6,1005,97.4,0,0
763,2021-06-15 04:00,20.3,0,0,0,1000.1,1004.5,98,0,0
763,2021-06-15 05:00,20,0,.3,0,1000,1004.4,99,0,0
763,2021-06-15 06:00,20.5,0,.1,0,1000.2,1004.6,98.6,0,0
763,2021-06-15 07:00,20.9,0,0,0,1000.2,1004.6,97.1,0,0
763,2021-06-15 08:00,21.7,0,.3,0,1000,1004.4,94.3,0,0
763,2021-06-15 09:00,22.1,0,.3,0,1000.3,1004.6,93.1,0,0
763,2021-06-15 10:00,22.3,0,.4,0,1000.1,1004.4,94.9,0,0
763,2021-06-15 11:00,22.1,0,.1,.5,1000.2,1004.5,94.9,0,0
763,2021-06-15 12:00,21.6,120.3,1,.5,999.9,1004.3,92.7,0,0
763,2021-06-15 13:00,21.5,0,.3,.5,1000.6,1005,95.8,0,0
763,2021-06-15 14:00,22.2,15.5,1.1,.5,1000,1004.3,92.4,0,0
763,2021-06-15 15:00,22.8,56.5,1.5,0,999.3,1003.6,86.3,0,0
763,2021-06-15 16:00,23.4,81.6,1.3,0,999.1,1003.4,79.7,0,0
763,2021-06-15 17:00,21.1,104.7,.8,0,998.8,1003.2,91.5,0,0
763,2021-06-15 18:00,21.4,91.8,1.6,.5,998.3,1002.7,83.9,0,0
763,2021-06-15 19:00,21.6,78.5,.8,0,998.6,1003,81.4,0,0
763,2021-06-15 20:00,20.6,2,.8,.5,998.8,1003.2,87,0,0
763,2021-06-15 21:00,19.3,30.7,.5,1.5,999.1,1003.5,98.4,0,0
763,2021-06-15 22:00,19,0,0,1,999.3,1003.7,99.8,0,0
763,2021-06-15 23:00,19.3,0,0,.5,998.9,1003.3,99.8,0,0
763,2021-06-16 00:00,19.3,0,0,0,998.7,1003.1,99.8,0,0
763,2021-06-16 01:00,19.8,68.4,.5,0,998.3,1002.7,94.8,0,0
763,2021-06-16 02:00,20.2,90.7,.8,0,998.3,1002.7,88.9,0,0
763,2021-06-16 03:00,20.5,85,.7,0,998,1002.4,86.7,0,0
763,2021-06-16 04:00,21.3,65.6,1.3,0,997.9,1002.3,80,0,0
763,2021-06-16 05:00,21.4,93,1.6,0,998,1002.4,75.2,0,0
763,2021-06-16 06:00,21.4,76.1,.8,0,999,1003.4,76.4,0,0
763,2021-06-16 07:00,21.8,85.6,1.8,0,999.2,1003.6,73.2,0,0
763,2021-06-16 08:00,23.6,93,1.4,0,999.8,1004.1,67.2,0,0
763,2021-06-16 09:00,24.1,83.4,1.9,0,1000,1004.3,63.4,0,0
763,2021-06-16 10:00,25.3,76.7,3.2,0,999.8,1004.1,62.2,0,0
763,2021-06-16 11:00,26.2,91.3,3,0,999.7,1004,56.5,0,0
763,2021-06-16 12:00,24.6,84.9,3.1,0,1000.4,1004.7,61.6,0,0
763,2021-06-16 13:00,25.4,76.5,4.2,0,1000.3,1004.6,61.5,0,0
763,2021-06-16 14:00,26.3,62.8,3.3,0,1000.1,1004.4,58.2,0,0
763,2021-06-16 15:00,25.4,77.5,3.7,0,1000.5,1004.8,58.5,0,0
763,2021-06-16 16:00,24.7,81.1,3.5,0,1000.7,1005,60.4,0,0
763,2021-06-16 17:00,25.9,88.9,2.6,0,1000.7,1005,56.2,0,0
763,2021-06-16 18:00,25.5,77.3,2.7,0,1001.3,1005.6,57.6,0,0
763,2021-06-16 19:00,25,86.8,1.8,0,1001.5,1005.8,59.7,0,0
763,2021-06-16 20:00,23.6,84.3,.8,0,1002,1006.3,66.9,0,0
763,2021-06-16 21:00,23.5,79.4,1.1,0,1002.4,1006.7,66,0,0
763,2021-06-16 22:00,22.7,78.4,1.3,0,1002.5,1006.8,68.1,0,0
763,2021-06-16 23:00,21,73.9,.6,0,1002.6,1007,75.8,0,0
763,2021-06-17 00:00,19.9,72.4,.5,0,1002.7,1007.1,87.2,0,0
763,2021-06-17 01:00,18.8,27.2,.6,0,1002.8,1007.2,89.4,0,0
763,2021-06-17 02:00,20.7,115,1.3,0,1002.3,1006.7,72.9,0,0
763,2021-06-17 03:00,19.4,0,.3,0,1002.1,1006.5,82.3,0,0
763,2021-06-17 04:00,18.5,0,.1,0,1002.1,1006.5,92,0,0
763,2021-06-17 05:00,18.1,0,.1,0,1002.5,1006.9,95.3,0,0
763,2021-06-17 06:00,18.5,0,.2,0,1002.9,1007.3,94.6,0,0
763,2021-06-17 07:00,19.3,0,.2,0,1003,1007.4,90.2,0,0
763,2021-06-17 08:00,20.3,0,.2,0,1003.3,1007.7,84.5,0,0
763,2021-06-17 09:00,21.8,101.9,.5,0,1003.1,1007.5,74.9,0,0
763,2021-06-17 10:00,23.2,285.2,.5,0,1002.9,1007.2,69.3,0,0
763,2021-06-17 11:00,24.3,202.6,.5,0,1002.7,1007,64.2,0,0
763,2021-06-17 12:00,24.4,239.3,.5,0,1002.6,1006.9,64.9,0,0
763,2021-06-17 13:00,24,269.8,.8,0,1002.4,1006.7,68.5,0,0
763,2021-06-17 14:00,23.8,285.3,1,0,1002.3,1006.6,72.5,0,0
763,2021-06-17 15:00,23.2,269.3,1.7,0,1002,1006.3,74.3,0,0
763,2021-06-17 16:00,23,259.4,1.4,0,1002.1,1006.4,78.3,0,0
763,2021-06-17 17:00,22.5,0,.4,0,1001.8,1006.1,83.2,0,0
763,2021-06-17 18:00,21.5,0,.3,0,1001.6,1006,91.2,0,0
763,2021-06-17 19:00,20.8,0,.1,.5,1001.7,1006.1,97.9,0,0
763,2021-06-17 20:00,20.3,260.1,1.3,0,1002,1006.4,96.9,0,0
763,2021-06-17 21:00,20,258.7,1.2,0,1002.2,1006.6,96.5,0,0
763,2021-06-17 22:00,19.6,0,.1,0,1002,1006.4,99.1,0,0
763,2021-06-17 23:00,19.3,0,0,.5,1001.8,1006.2,99.8,0,0
763,2021-06-18 00:00,19.2,0,0,0,1001.5,1005.9,99.8,0,0
763,2021-06-18 01:00,19.2,0,0,0,1000.8,1005.2,99.8,0,0
763,2021-06-18 02:00,19.3,0,.3,0,1000.2,1004.6,99.8,0,0
763,2021-06-18 03:00,19.2,0,.1,1,999.9,1004.3,99.8,0,0
763,2021-06-18 04:00,19.3,0,.1,.5,999.8,1004.2,99.8,0,0
763,2021-06-18 05:00,19.5,0,.2,.5,999.9,1004.3,99.8,0,0
763,2021-06-18 06:00,19.4,253.5,.8,.5,999.6,1004,99.8,0,0
763,2021-06-18 07:00,19.6,234.6,.6,0,999.8,1004.2,99.8,0,0
763,2021-06-18 08:00,19.8,254.7,1,.5,1000.1,1004.5,99.8,0,0
763,2021-06-18 09:00,20.6,0,.1,0,999.7,1004.1,97.7,0,0
763,2021-06-18 10:00,20.9,170.5,.5,0,999.3,1003.7,92.4,0,0
763,2021-06-18 11:00,21.6,177,.5,0,998.8,1003.2,93.1,0,0
763,2021-06-18 12:00,22.5,215.2,.6,0,998.4,1002.7,86.9,0,0
763,2021-06-18 13:00,21.2,214.5,.5,0,998,1002.4,95.3,0,0
763,2021-06-18 14:00,21.9,0,.3,0,997.5,1001.8,91.7,0,0
763,2021-06-18 15:00,23,240.5,1.1,0,997.3,1001.6,86.3,0,0
763,2021-06-18 16:00,22.5,272.6,1.8,0,997.2,1001.5,87.3,0,0
763,2021-06-18 17:00,22.4,274.9,1.2,0,996.9,1001.2,87.6,0,0
763,2021-06-18 18:00,21.9,285.1,1.8,0,997.1,1001.4,90.6,0,0
763,2021-06-18 19:00,21.6,261.1,1.5,0,997.5,1001.8,91.7,0,0
763,2021-06-18 20:00,20.9,258.7,1.4,0,998,1002.4,95.1,0,0
763,2021-06-18 21:00,20.8,267.3,1.3,0,998.4,1002.8,95.3,0,0
763,2021-06-18 22:00,20.5,268.1,1.2,0,999.1,1003.5,96.2,0,0
763,2021-06-18 23:00,20.2,0,.2,0,998.6,1003,97.8,0,0
763,2021-06-19 00:00,19.3,0,.4,0,998.4,1002.8,99.8,0,0
763,2021-06-19 01:00,18.8,0,.1,0,998.2,1002.6,99.8,0,0
763,2021-06-19 02:00,17.9,0,.2,0,998,1002.4,99.8,0,0
763,2021-06-19 03:00,17.2,0,.1,0,998,1002.4,99.8,0,0
763,2021-06-19 04:00,18,0,.1,0,997.7,1002.1,99.8,0,0
763,2021-06-19 05:00,18.2,0,.4,0,998,1002.4,99.8,0,0
763,2021-06-19 06:00,18.3,0,.1,0,998.3,1002.7,99.8,0,0
763,2021-06-19 07:00,18.8,0,.3,0,998.7,1003.1,99.8,0,0
763,2021-06-19 08:00,20.2,298.5,.5,0,998.9,1003.3,93.3,0,0
763,2021-06-19 09:00,21,314.2,1,0,998.7,1003.1,85.1,0,0
763,2021-06-19 10:00,22.9,293.2,1.2,0,998.4,1002.7,71.2,0,0
763,2021-06-19 11:00,23.9,244.7,.7,0,998.2,1002.5,68.7,0,0
763,2021-06-19 12:00,24.5,277.3,1.1,0,997.6,1001.9,65.9,0,0
763,2021-06-19 13:00,25.4,286.3,1.6,0,997.5,1001.8,63.4,0,0
763,2021-06-19 14:00,26,280.2,1.5,0,997.1,1001.4,59.4,0,0
763,2021-06-19 15:00,27.6,238.3,.8,0,996.8,1001.1,51.8,0,0
763,2021-06-19 16:00,26.7,254.4,1.8,0,996.8,1001.1,58.5,0,0
763,2021-06-19 17:00,26.3,282.7,1.7,0,996.9,1001.2,62.9,0,0
763,2021-06-19 18:00,25.5,263,1.7,0,996.9,1001.2,59.8,0,0
763,2021-06-19 19:00,24.3,265.6,1.4,0,997.1,1001.4,61.6,0,0
763,2021-06-19 20:00,22.1,279.2,1.3,0,997.7,1002,75,0,0
763,2021-06-19 21:00,20.2,0,0,0,998.4,1002.8,81.9,0,0
763,2021-06-19 22:00,17.7,0,0,0,999,1003.4,86.2,0,0
763,2021-06-19 23:00,17.5,0,.3,0,999,1003.4,94.1,0,0
763,2021-06-20 00:00,17.4,0,0,0,998.7,1003.1,98.3,0,0
763,2021-06-20 01:00,17.6,37.1,.5,0,998.7,1003.1,99.8,0,0
763,2021-06-20 02:00,17.2,0,.1,0,998.3,1002.7,99.8,0,0
763,2021-06-20 03:00,16.7,0,0,0,997.7,1002.1,99.8,0,0
763,2021-06-20 04:00,17.1,92.7,.6,0,997.7,1002.1,99.8,0,0
763,2021-06-20 05:00,17.8,8.5,.6,0,998.5,1002.9,99.8,0,0
763,2021-06-20 06:00,17.8,0,.3,0,998.5,1002.9,99.8,0,0
763,2021-06-20 07:00,17.6,131,.5,0,998.8,1003.2,99.8,0,0
763,2021-06-20 08:00,19.1,0,.4,0,999.3,1003.7,98.9,0,0
763,2021-06-20 09:00,23.1,0,.4,0,999.1,1003.4,72.9,0,0
763,2021-06-20 10:00,25.7,228.3,.7,0,998.8,1003.1,54.7,0,0
763,2021-06-20 11:00,26.6,207.3,.8,0,998.6,1002.9,52.3,0,0
763,2021-06-20 12:00,28.6,217.6,1.1,0,998,1002.2,46.1,0,0
763,2021-06-20 13:00,29.6,221.9,1.1,0,997.5,1001.7,42.6,0,0
763,2021-06-20 14:00,30.6,245.9,1.9,0,997.3,1001.5,39.6,0,0
763,2021-06-20 15:00,30.1,235.7,1.4,0,997.4,1001.6,41.8,0,0
763,2021-06-20 16:00,30.1,241.4,2.1,0,997.6,1001.8,34.2,0,0
763,2021-06-20 17:00,29.2,246.4,2.5,0,997.5,1001.7,38.5,0,0
763,2021-06-20 18:00,28.4,248.4,1.8,0,997.5,1001.7,39.3,0,0
763,2021-06-20 19:00,27.1,243.6,1.2,0,998.1,1002.4,50,0,0
763,2021-06-20 20:00,23.6,264.3,1.3,0,998.7,1003,67.4,0,0
763,2021-06-20 21:00,23.4,239.1,1,0,999,1003.3,65.2,0,0
763,2021-06-20 22:00,23.9,204.7,.9,0,999.3,1003.6,62.4,0,0
763,2021-06-20 23:00,22.5,251.9,1.4,0,999.7,1004,72.1,0,0
763,2021-06-21 00:00,22,231.9,.7,0,999.6,1003.9,83,0,0
763,2021-06-21 01:00,21.9,242.8,.9,0,999.6,1004,87.3,0,0
763,2021-06-21 02:00,21.3,0,.4,0,999.2,1003.6,88.5,0,0
763,2021-06-21 03:00,20.4,0,.2,0,999.2,1003.6,93.7,0,0
763,2021-06-21 04:00,19,0,0,0,999.6,1004,98.8,0,0
763,2021-06-21 05:00,18.3,0,.2,0,999.9,1004.3,99.8,0,0
763,2021-06-21 06:00,18.3,0,0,0,1000.4,1004.8,99.8,0,0
763,2021-06-21 07:00,19.6,0,0,0,1000.7,1005.1,96.7,0,0
763,2021-06-21 08:00,21.5,178.3,.5,0,1001,1005.4,86.6,0,0
763,2021-06-21 09:00,23,276.4,1,0,1001.2,1005.5,75.3,0,0
763,2021-06-21 10:00,24.9,279.3,.9,0,1001.2,1005.5,67.7,0,0
763,2021-06-21 11:00,26.5,338.2,1.5,0,1001.4,1005.7,54.7,0,0
763,2021-06-21 12:00,27.4,304.9,1.4,0,1001,1005.3,48.4,0,0
763,2021-06-21 13:00,27.9,351.1,1.5,0,1000.7,1005,48.4,0,0
763,2021-06-21 14:00,28.7,264.9,1.9,0,1000.5,1004.7,48.6,0,0
763,2021-06-21 15:00,28.6,69.5,1.2,0,1000.4,1004.6,49.6,0,0
763,2021-06-21 16:00,28.2,275,2,0,1000.5,1004.8,52.9,0,0
763,2021-06-21 17:00,28.7,278.6,1.8,0,1000.5,1004.7,50.8,0,0
763,2021-06-21 18:00,27.8,260.6,1.7,0,1000.6,1004.9,54.3,0,0
763,2021-06-21 19:00,26.7,256.2,1.7,0,1001.1,1005.4,59.5,0,0
763,2021-06-21 20:00,24.6,262.7,.7,0,1001.6,1005.9,63.2,0,0
763,2021-06-21 21:00,22,0,0,0,1002.2,1006.6,77.1,0,0
763,2021-06-21 22:00,20.9,0,.3,0,1003,1007.4,81.1,0,0
763,2021-06-21 23:00,19.7,0,.3,0,1003.3,1007.7,89.7,0,0
763,2021-06-22 00:00,18.4,0,0,0,1003.1,1007.5,95.3,0,0
763,2021-06-22 01:00,18.3,0,.1,0,1003.2,1007.6,93.9,0,0
763,2021-06-22 02:00,17.6,0,.2,0,1003.4,1007.8,94.7,0,0
763,2021-06-22 03:00,16.9,0,0,0,1003.7,1008.2,97,0,0
763,2021-06-22 04:00,17.1,0,.1,0,1004.7,1009.2,97.6,0,0
763,2021-06-22 05:00,17.6,0,.3,0,1004.3,1008.7,98.8,0,0
763,2021-06-22 06:00,18.5,0,.1,0,1004,1008.4,94.5,0,0
763,2021-06-22 07:00,19.8,294.4,.8,0,1004.5,1008.9,90.3,0,0
763,2021-06-22 08:00,21.2,87.9,.6,0,1004.9,1009.3,83.3,0,0
763,2021-06-22 09:00,23.6,2.4,.6,0,1005,1009.3,70.1,0,0
763,2021-06-22 10:00,27.1,187.6,.5,0,1004.8,1009.1,57.7,0,0
763,2021-06-22 11:00,27.4,103,1.5,0,1004.6,1008.9,47.2,0,0
763,2021-06-22 12:00,27.1,253.4,1.1,0,1004.8,1009.1,49.6,0,0
763,2021-06-22 13:00,27.2,289.8,2.4,0,1005.2,1009.5,52.8,0,0
763,2021-06-22 14:00,24.2,267.5,1.7,0,1005,1009.3,69.3,0,0
763,2021-06-22 15:00,25.8,265.6,.7,0,1004.1,1008.4,66.7,0,0
763,2021-06-22 16:00,25.3,293.5,1.4,0,1004,1008.3,65.8,0,0
763,2021-06-22 17:00,25.1,290.8,1.6,0,1004.3,1008.6,67.2,0,0
763,2021-06-22 18:00,24.7,261.2,1.2,0,1004.4,1008.7,63.4,0,0
763,2021-06-22 19:00,23.8,0,.1,0,1004.5,1008.8,71.9,0,0
763,2021-06-22 20:00,22.3,0,.1,0,1004.8,1009.2,80.5,0,0
763,2021-06-22 21:00,21.4,0,.1,0,1005.3,1009.7,84.3,0,0
763,2021-06-22 22:00,21.1,114.3,.5,0,1006.1,1010.5,82.3,0,0
763,2021-06-22 23:00,20.4,0,0,0,1006.2,1010.6,86.4,0,0
763,2021-06-23 00:00,20.4,0,.2,0,1006.1,1010.5,85.9,0,0
763,2021-06-23 01:00,19.5,0,.1,0,1005.7,1010.1,92.8,0,0
763,2021-06-23 02:00,19.5,0,.1,0,1005.3,1009.7,89,0,0
763,2021-06-23 03:00,18.3,0,.1,0,1005.4,1009.8,96.9,0,0
763,2021-06-23 04:00,18.7,0,.3,0,1005.3,1009.7,94.6,0,0
763,2021-06-23 05:00,18.8,0,.4,0,1005.4,1009.8,95.6,0,0
763,2021-06-23 06:00,20.4,110.2,.7,0,1005.5,1009.9,86.7,0,0
763,2021-06-23 07:00,21.5,0,.2,0,1005.8,1010.2,82.9,0,0
763,2021-06-23 08:00,21.9,154.7,.5,0,1006.2,1010.6,78,0,0
763,2021-06-23 09:00,23.3,141.6,1.1,0,1006.2,1010.5,71.8,0,0
763,2021-06-23 10:00,23.8,134,.8,0,1006.2,1010.5,69.9,0,0
763,2021-06-23 11:00,25.9,189.7,.9,0,1006,1010.3,62.6,0,0
763,2021-06-23 12:00,23,262.2,2.4,0,1005.9,1010.3,77.7,0,0
763,2021-06-23 13:00,22.8,355,1.5,0,1005.9,1010.3,83.9,0,0
763,2021-06-23 14:00,22.3,2.4,1.3,0,1006.4,1010.8,83.3,0,0
763,2021-06-23 15:00,23.2,22.7,1.6,0,1006.1,1010.4,81.9,0,0
763,2021-06-23 16:00,23.2,101.6,1.9,0,1006,1010.3,74.2,0,0
763,2021-06-23 17:00,22.9,97.7,1.4,0,1005.8,1010.2,75.7,0,0
763,2021-06-23 18:00,23.4,74.2,.8,0,1005.8,1010.1,75.2,0,0
763,2021-06-23 19:00,22.8,0,.3,0,1006.5,1010.9,76.1,0,0
763,2021-06-23 20:00,21,0,.4,0,1006.7,1011.1,89.5,0,0
763,2021-06-23 21:00,19.6,0,.3,0,1007.4,1011.8,96.7,0,0
763,2021-06-23 22:00,20,0,.1,0,1007.9,1012.3,96.1,0,0
763,2021-06-23 23:00,19.2,0,0,0,1008.2,1012.6,99.5,0,0
763,2021-06-24 00:00,19.1,0,.4,0,1008.2,1012.6,99.8,0,0
763,2021-06-24 01:00,19.1,0,0,0,1008.1,1012.5,99.6,0,0
763,2021-06-24 02:00,19.2,0,.1,0,1007.6,1012,99.8,0,0
763,2021-06-24 03:00,19.2,0,0,0,1007.6,1012,99.4,0,0
763,2021-06-24 04:00,18.7,17.5,.6,0,1007.7,1012.1,99.8,0,0
763,2021-06-24 05:00,18.9,0,.2,0,1008,1012.4,99.8,0,0
763,2021-06-24 06:00,18.7,0,.1,0,1008.1,1012.5,99.8,0,0
763,2021-06-24 07:00,20,0,0,0,1008.2,1012.6,96.7,0,0
763,2021-06-24 08:00,22,83.4,1,0,1008.5,1012.9,83.1,0,0
763,2021-06-24 09:00,22.8,0,.4,0,1008.4,1012.8,75.4,0,0
763,2021-06-24 10:00,23.6,0,.4,0,1008.2,1012.5,65.3,0,0
763,2021-06-24 11:00,25.8,232.5,1,0,1008.2,1012.5,58.3,0,0
763,2021-06-24 12:00,24.6,274.5,1.9,0,1008,1012.3,64,0,0
763,2021-06-24 13:00,25.6,278.2,1.6,0,1007.5,1011.8,64.7,0,0
763,2021-06-24 14:00,25.5,263.5,1.7,0,1007.2,1011.5,65.1,0,0
763,2021-06-24 15:00,27,235.9,1.3,0,1006.8,1011.1,59.9,0,0
763,2021-06-24 16:00,25.6,276.3,2.9,0,1006.9,1011.2,64.7,0,0
763,2021-06-24 17:00,25.3,281.7,2.4,0,1006.3,1010.6,62.4,0,0
763,2021-06-24 18:00,24.5,269.2,2.7,0,1006.4,1010.7,67.6,0,0
763,2021-06-24 19:00,23.5,252.8,.9,0,1006.8,1011.1,69.1,0,0
763,2021-06-24 20:00,22.2,0,.1,0,1007,1011.4,74.1,0,0
763,2021-06-24 21:00,21.6,0,.2,0,1007.8,1012.2,79,0,0
763,2021-06-24 22:00,20.8,0,.1,0,1008.3,1012.7,87,0,0
763,2021-06-24 23:00,19.9,0,.4,0,1008.5,1012.9,91.5,0,0
763,2021-06-25 00:00,19.7,0,.4,0,1008.6,1013,93.3,0,0
763,2021-06-25 01:00,19.1,0,.3,0,1008.3,1012.7,97.6,0,0
763,2021-06-25 02:00,18.8,0,.2,0,1008.1,1012.5,98.6,0,0
763,2021-06-25 03:00,18.3,0,.3,0,1008.2,1012.6,99.6,0,0
763,2021-06-25 04:00,18,0,.3,0,1008,1012.4,99.8,0,0
763,2021-06-25 05:00,17.4,0,.1,0,1008,1012.5,99.8,0,0
763,2021-06-25 06:00,18,0,.1,0,1008.1,1012.5,99.8,0,0
763,2021-06-25 07:00,20.3,0,.2,0,1008.3,1012.7,92.1,0,0
763,2021-06-25 08:00,21.6,15,.7,0,1008.5,1012.9,87.1,0,0
763,2021-06-25 09:00,23.1,236,.7,0,1008.1,1012.5,77.7,0,0
763,2021-06-25 10:00,25,274.9,1.1,0,1007.8,1012.2,71.1,0,0
763,2021-06-25 11:00,25.8,310.4,1.1,0,1007.5,1011.8,66.3,0,0
763,2021-06-25 12:00,26.6,307,1.2,0,1007.2,1011.5,62,0,0
763,2021-06-25 13:00,27.1,282.3,1.2,0,1006.5,1010.8,58.3,0,0
763,2021-06-25 14:00,28.2,296.4,1.5,0,1006,1010.3,56.6,0,0
763,2021-06-25 15:00,28.9,312.4,.9,0,1005.3,1009.6,54.1,0,0
763,2021-06-25 16:00,28.6,279.2,2.1,0,1005,1009.3,52.5,0,0
763,2021-06-25 17:00,27.9,270.9,2.3,0,1005,1009.3,58.6,0,0
763,2021-06-25 18:00,25.9,266.9,2.1,0,1005.3,1009.6,63,0,0
763,2021-06-25 19:00,25.1,254.7,1.7,0,1005.9,1010.2,65.2,0,0
763,2021-06-25 20:00,24.5,259.1,1.2,0,1006.3,1010.6,62.8,0,0
763,2021-06-25 21:00,23.1,111.9,.6,0,1007.2,1011.6,76.3,0,0
763,2021-06-25 22:00,21.6,0,.4,0,1007.6,1012,90.4,0,0
763,2021-06-25 23:00,20.8,0,.2,3,1007.8,1012.2,98.9,0,0
763,2021-06-26 00:00,20.4,0,.4,10,1008.1,1012.5,99.8,0,0
763,2021-06-26 01:00,19.9,0,.1,12.5,1007.9,1012.3,99.8,0,0
763,2021-06-26 02:00,19.9,112.1,.8,.5,1007.6,1012,99.8,0,0
763,2021-06-26 03:00,20,0,.4,1,1007.4,1011.8,99.8,0,0
763,2021-06-26 04:00,20,0,.4,0,1007.1,1011.5,99.8,0,0
763,2021-06-26 05:00,20,0,.1,.5,1007.2,1011.6,99.8,0,0
763,2021-06-26 06:00,19.8,0,.1,0,1007.3,1011.7,99.8,0,0
763,2021-06-26 07:00,20,0,.4,.5,1007.6,1012,99.8,0,0
763,2021-06-26 08:00,20.4,0,.3,.5,1007.8,1012.2,99.8,0,0
763,2021-06-26 09:00,20.7,109.9,.7,0,1007.8,1012.2,96.1,0,0
763,2021-06-26 10:00,23.2,90.7,.7,0,1007.7,1012.1,75.3,0,0
763,2021-06-26 11:00,25.1,62.1,1.5,0,1007.3,1011.6,65.9,0,0
763,2021-06-26 12:00,26,62.2,1.5,0,1006.8,1011.1,63.5,0,0
763,2021-06-26 13:00,26.8,6.8,1.3,0,1006.2,1010.5,59.2,0,0
763,2021-06-26 14:00,27.3,354.5,1.6,0,1005.6,1009.9,54.9,0,0
763,2021-06-26 15:00,27.6,358,1.8,0,1005.5,1009.8,56,0,0
763,2021-06-26 16:00,26.9,.3,1.2,0,1005.1,1009.4,60.4,0,0
763,2021-06-26 17:00,26.6,21.5,1.4,0,1005,1009.3,61.3,0,0
763,2021-06-26 18:00,26.3,17.9,1.1,0,1005,1009.3,66.9,0,0
763,2021-06-26 19:00,25.4,3.7,1.1,0,1005.2,1009.5,66.4,0,0
763,2021-06-26 20:00,23.6,0,.1,0,1005.3,1009.6,81.1,0,0
763,2021-06-26 21:00,22.1,0,0,0,1005.7,1010.1,93.4,0,0
763,2021-06-26 22:00,21.4,0,0,0,1006.2,1010.6,96.2,0,0
763,2021-06-26 23:00,20.8,0,0,0,1006.1,1010.5,98.3,0,0
763,2021-06-27 00:00,20.4,0,.3,0,1005.7,1010.1,97.9,0,0
763,2021-06-27 01:00,19.9,0,.1,0,1005.2,1009.6,99.6,0,0
763,2021-06-27 02:00,19.4,0,0,0,1004.9,1009.3,99.8,0,0
763,2021-06-27 03:00,19.1,0,0,0,1004.9,1009.3,99.8,0,0
763,2021-06-27 04:00,18.9,0,0,0,1004.8,1009.2,99.8,0,0
763,2021-06-27 05:00,18.5,0,0,0,1004.7,1009.1,99.8,0,0
763,2021-06-27 06:00,18.7,0,0,0,1004.9,1009.3,99.8,0,0
763,2021-06-27 07:00,20.6,0,.1,0,1005,1009.4,96.6,0,0
763,2021-06-27 08:00,22.2,53.1,.7,0,1005,1009.4,87,0,0
763,2021-06-27 09:00,24.2,7.8,.7,0,1004.6,1008.9,75.2,0,0
763,2021-06-27 10:00,26,358.3,1.6,0,1004.1,1008.4,66.6,0,0
763,2021-06-27 11:00,27.2,329.5,.9,0,1004,1008.3,58.5,0,0
763,2021-06-27 12:00,28.2,358.8,1.8,0,1003.5,1007.8,55.3,0,0
763,2021-06-27 13:00,28.8,21.3,1.5,0,1002.8,1007.1,53.3,0,0
763,2021-06-27 14:00,,,,0,,,,0,0
763,2021-06-28 10:00,25.6,4.3,.9,0,1001.8,1006.1,69.5,0,0
763,2021-06-28 11:00,27,30,1.3,0,1001.6,1005.9,66.1,0,0
763,2021-06-28 12:00,,,,0,,,,0,0
763,2021-06-29 15:00,27.9,279.8,2.9,0,1001,1005.3,68.3,0,0
763,2021-06-29 16:00,27.1,269.7,2.4,0,1001.3,1005.6,65.5,0,0
763,2021-06-29 17:00,26.3,278.9,2.7,0,1001.7,1006,69.6,0,0
763,2021-06-29 18:00,26,238.2,.9,0,1001.3,1005.6,64.1,0,0
763,2021-06-29 19:00,25,0,.3,0,1001.8,1006.1,70.2,0,0
763,2021-06-29 20:00,23.7,247.5,1.5,0,1002.3,1006.6,79.5,0,0
763,2021-06-29 21:00,22.7,0,.3,0,1002.9,1007.2,84.8,0,0
763,2021-06-29 22:00,21.8,116.4,.7,0,1003.3,1007.7,91.9,0,0
763,2021-06-29 23:00,21.5,0,.1,0,1003.8,1008.2,94.5,0,0
763,2021-06-30 00:00,21.1,97.7,.9,0,1003.6,1008,97.7,0,0
763,2021-06-30 01:00,20.5,0,.1,0,1003.4,1007.8,99.4,0,0
763,2021-06-30 02:00,20.1,0,.2,0,1003,1007.4,99.8,0,0
763,2021-06-30 03:00,20.3,0,.1,0,1002.5,1006.9,99.8,0,0
763,2021-06-30 04:00,20.4,0,.3,0,1003,1007.4,99.8,0,0
763,2021-06-30 05:00,20.5,0,.2,0,1003.4,1007.8,99.8,0,0
763,2021-06-30 06:00,20.6,0,.1,0,1003.2,1007.6,99.8,0,0
763,2021-06-30 07:00,21.1,0,.3,0,1003.4,1007.8,99.4,0,0
763,2021-06-30 08:00,21.9,0,.4,0,1003.5,1007.9,98,0,0
763,2021-06-30 09:00,23.1,21.4,.5,0,1004.3,1008.6,88.9,0,0
763,2021-06-30 10:00,24,300.6,.8,0,1004.6,1008.9,82.1,0,0
763,2021-06-30 11:00,25.2,16.9,.6,0,1004.6,1008.9,76.2,0,0
763,2021-06-30 12:00,26.2,72.8,.9,0,1004.3,1008.6,68,0,0
763,2021-06-30 13:00,27.8,273.1,1.1,0,1003.6,1007.9,61.9,0,0
763,2021-06-30 14:00,28.5,307,.8,0,1002.9,1007.2,58.8,0,0
763,2021-06-30 15:00,29.3,149.1,.8,0,1002.6,1006.8,52.3,0,0
763,2021-06-30 16:00,29.3,0,.4,0,1002.4,1006.6,52.8,0,0
763,2021-06-30 17:00,29.2,279,1.4,0,1002,1006.2,55.8,0,0
763,2021-06-30 18:00,28.7,276.3,1,0,1001.6,1005.9,56.3,0,0
763,2021-06-30 19:00,26.9,258.7,1.2,0,1001.9,1006.2,70,0,0
763,2021-06-30 20:00,24.9,0,.1,0,1002,1006.3,82,0,0
763,2021-06-30 21:00,23.3,0,0,0,1002.4,1006.7,92.8,0,0
763,2021-06-30 22:00,23.8,0,.1,0,1003,1007.3,89.4,0,0
763,2021-06-30 23:00,22.8,0,.2,0,1003.1,1007.4,94.8,0,0
763,2021-07-01 00:00,22,0,0,0,1003.3,1007.7,97.8,0,0
763,2021-07-01 01:00,22.3,0,.1,0,1003.8,1008.2,96.2,0,0
763,2021-07-01 02:00,21.7,0,.1,0,1003.2,1007.6,96.6,0,0
763,2021-07-01 03:00,21.1,0,.1,0,1003.5,1007.9,99.2,0,0
763,2021-07-01 04:00,21,0,.3,0,1003.3,1007.7,99.1,0,0
763,2021-07-01 05:00,20.6,0,0,0,1003,1007.4,99,0,0
763,2021-07-01 06:00,20.6,0,0,0,1003.3,1007.7,99.3,0,0
763,2021-07-01 07:00,22,12.2,.5,0,1003.5,1007.9,93.4,0,0
763,2021-07-01 08:00,23.3,5.6,1.2,0,1003.4,1007.7,90.2,0,0
763,2021-07-01 09:00,25.5,5,1,0,1003.8,1008.1,76.8,0,0
763,2021-07-01 10:00,27.2,.7,1,0,1003.5,1007.8,72.2,0,0
763,2021-07-01 11:00,28.3,8.6,2.2,0,1003.5,1007.8,68.8,0,0
763,2021-07-01 12:00,28.3,26.7,1.6,0,1003.2,1007.5,66.1,0,0
763,2021-07-01 13:00,29.7,1.4,1.6,0,1002.4,1006.6,60.9,0,0
763,2021-07-01 14:00,30.4,13.6,1.6,0,1001.8,1006,59.4,0,0
763,2021-07-01 15:00,30.8,52.6,2.1,0,1001.4,1005.6,51.9,0,0
763,2021-07-01 16:00,31.6,9.3,1.8,0,1000.9,1005.1,54.4,0,0
763,2021-07-01 17:00,31.4,75.1,1.3,0,1000.8,1005,51.9,0,0
763,2021-07-01 18:00,30.9,46.7,.8,0,1000.8,1005,51.6,0,0
763,2021-07-01 19:00,29.4,329.2,.9,0,1001.5,1005.7,62.4,0,0
763,2021-07-01 20:00,27.5,0,.1,0,1001.6,1005.9,74.1,0,0
763,2021-07-01 21:00,27.3,129.7,.6,0,1002.1,1006.4,75.5,0,0
763,2021-07-01 22:00,26.3,267.2,.5,0,1003,1007.3,76.1,0,0
763,2021-07-01 23:00,25.2,0,.4,0,1002.9,1007.2,85.2,0,0
763,2021-07-02 00:00,25,0,.2,0,1003.2,1007.5,85.5,0,0
763,2021-07-02 01:00,24,0,.3,0,1003.3,1007.6,87.7,0,0
763,2021-07-02 02:00,23.8,120.5,.5,0,1003.8,1008.1,89.8,0,0
763,2021-07-02 03:00,22.7,107.1,.6,0,1003.3,1007.6,94.7,0,0
763,2021-07-02 04:00,22.3,0,.4,0,1004,1008.4,97.9,0,0
763,2021-07-02 05:00,21.9,0,.1,0,1004.1,1008.5,99,0,0
763,2021-07-02 06:00,21.6,0,.4,0,1004.1,1008.5,99.4,0,0
763,2021-07-02 07:00,22.7,0,.4,0,1004.4,1008.8,97.5,0,0
763,2021-07-02 08:00,24.1,328.5,.7,0,1005,1009.3,84.1,0,0
763,2021-07-02 09:00,24.7,340.1,.7,0,1005.2,1009.5,80,0,0
763,2021-07-02 10:00,27.3,10.4,1.1,0,1004.2,1008.5,72.3,0,0
763,2021-07-02 11:00,28.4,319.6,1.6,0,1004.5,1008.8,65.8,0,0
763,2021-07-02 12:00,29.5,26,1.8,0,1004.3,1008.5,57.8,0,0
763,2021-07-02 13:00,30.7,15.1,1.9,0,1004.2,1008.4,54,0,0
763,2021-07-02 14:00,31,.7,1.7,0,1003.7,1007.9,53.8,0,0
763,2021-07-02 15:00,31.5,356.2,1.2,0,1003.4,1007.6,52.8,0,0
763,2021-07-02 16:00,31.6,335.3,1.5,0,1003.1,1007.3,50.3,0,0
763,2021-07-02 17:00,31.2,21,1.5,0,1003.2,1007.4,50.3,0,0
763,2021-07-02 18:00,31.1,17.6,1.8,0,1003.2,1007.4,49.2,0,0
763,2021-07-02 19:00,29.6,20.3,1.1,0,1003.4,1007.6,55.5,0,0
763,2021-07-02 20:00,28.4,0,.2,0,1003.5,1007.8,62.1,0,0
763,2021-07-02 21:00,26.8,220.9,.9,0,1005.1,1009.4,73.8,0,0
763,2021-07-02 22:00,26,0,.2,0,1005.6,1009.9,78.7,0,0
763,2021-07-02 23:00,25.3,0,.3,0,1006.4,1010.7,80.6,0,0
763,2021-07-03 00:00,25.2,0,.1,0,1006.1,1010.4,84.7,0,0
763,2021-07-03 01:00,25.1,0,.1,0,1005.8,1010.1,85.9,0,0
763,2021-07-03 02:00,23.7,0,.1,0,1005,1009.3,94.4,0,0
763,2021-07-03 03:00,23.1,0,0,0,1004.7,1009,97.4,0,0
763,2021-07-03 04:00,22.2,0,.1,0,1004.4,1008.8,98.2,0,0
763,2021-07-03 05:00,23.9,74.9,1.6,0,1004.2,1008.5,73.3,0,0
763,2021-07-03 06:00,21.9,0,0,0,1004.2,1008.6,91,0,0
763,2021-07-03 07:00,23.3,81.8,.9,0,1004.4,1008.7,79.1,0,0
763,2021-07-03 08:00,24.8,86,1.3,0,1004.1,1008.4,69.4,0,0
763,2021-07-03 09:00,25.5,85.3,1,0,1003.8,1008.1,66.3,0,0
763,2021-07-03 10:00,25.7,85.3,1.9,0,1003.1,1007.4,68.1,0,0
763,2021-07-03 11:00,27.2,117.5,1.4,0,1002.6,1006.9,63.1,0,0
763,2021-07-03 12:00,26.9,120.3,1.3,0,1002,1006.3,65.2,0,0
763,2021-07-03 13:00,26.6,105.7,1.8,0,1001.3,1005.6,65.4,0,0
763,2021-07-03 14:00,23.5,114.8,1.4,0,1001,1005.3,87.1,0,0
763,2021-07-03 15:00,22.2,68.6,1,5,1000.6,1004.9,98.8,0,0
763,2021-07-03 16:00,22.1,295.8,.9,6,1000.2,1004.5,99.8,0,0
763,2021-07-03 17:00,22.5,6.5,.6,0,999.4,1003.7,99.8,0,0
763,2021-07-03 18:00,22.5,0,0,.5,998.3,1002.6,99.8,0,0
763,2021-07-03 19:00,21.9,93,.6,9.5,998.5,1002.8,99.8,0,0
763,2021-07-03 20:00,22.9,146,.7,2.5,998.6,1002.9,97.9,0,0
763,2021-07-03 21:00,23.1,132.7,1.2,4.5,998.7,1003,98.9,0,0
763,2021-07-03 22:00,23.7,140.9,1,4,997.8,1002.1,98.1,0,0
763,2021-07-03 23:00,23.7,142.4,1.3,4,996.8,1001.1,99,0,0
763,2021-07-04 00:00,23.9,143.9,1.4,1.5,996.7,1001,96.5,0,0
763,2021-07-04 01:00,23.7,142.9,1,2.5,996.5,1000.8,98.2,0,0
763,2021-07-04 02:00,24.3,174.6,1,.5,996.3,1000.6,99.2,0,0
763,2021-07-04 03:00,24.9,227.9,1.5,.5,996.5,1000.8,98.6,0,0
763,2021-07-04 04:00,24.3,226.2,2.3,0,997.3,1001.6,87.7,0,0
763,2021-07-04 05:00,23.7,215.5,2.3,0,998.2,1002.5,88.2,0,0
763,2021-07-04 06:00,22.4,222.6,1.7,0,998.8,1003.1,97.8,0,0
763,2021-07-04 07:00,22.1,219.8,1.1,.5,999.3,1003.6,98,0,0
763,2021-07-04 08:00,22.3,196.6,1.6,0,1000.2,1004.5,96.2,0,0
763,2021-07-04 09:00,22.2,210.8,1.1,0,1000.7,1005,96.8,0,0
763,2021-07-04 10:00,22.8,204,1.3,0,1000.6,1004.9,94.1,0,0
763,2021-07-04 11:00,22.2,228.6,1,.5,1001.3,1005.7,99.3,0,0
763,2021-07-04 12:00,22.2,230.2,2.1,.5,1002.1,1006.5,94.5,0,0
763,2021-07-04 13:00,22.3,219.6,1.7,0,1002.5,1006.9,95.6,0,0
763,2021-07-04 14:00,22.3,234.7,1.7,0,1003,1007.4,96.2,0,0
763,2021-07-04 15:00,22.6,231.4,2.2,0,1003.7,1008.1,94.8,0,0
763,2021-07-04 16:00,22,243.9,2.3,0,1004,1008.4,96.8,0,0
763,2021-07-04 17:00,21.7,251,2.2,0,1004.2,1008.6,96.9,0,0
763,2021-07-04 18:00,22.2,235.6,1.5,0,1004.4,1008.8,91.5,0,0
763,2021-07-04 19:00,22.3,232.9,1.2,0,1005.2,1009.6,88.9,0,0
763,2021-07-04 20:00,22,245.7,.7,0,1005.5,1009.9,91.1,0,0
763,2021-07-04 21:00,21.8,0,.4,0,1006.1,1010.5,91,0,0
763,2021-07-04 22:00,21.9,0,.3,0,1006.6,1011,89.6,0,0
763,2021-07-04 23:00,21.6,0,0,0,1006.9,1011.3,94.1,0,0
763,2021-07-05 00:00,21.7,0,.4,0,1006.9,1011.3,89.5,0,0
763,2021-07-05 01:00,21.8,230.8,.8,0,1006.8,1011.2,85.9,0,0
763,2021-07-05 02:00,21.5,265.8,.5,0,1006.8,1011.2,87.8,0,0
763,2021-07-05 03:00,21.1,0,.2,0,1006.5,1010.9,93.9,0,0
763,2021-07-05 04:00,20.5,0,.1,0,1007,1011.4,99.8,0,0
763,2021-07-05 05:00,20.5,0,.3,0,1007.1,1011.5,99.8,0,0
763,2021-07-05 06:00,20.3,0,.3,0,1006.5,1010.9,99.8,0,0
763,2021-07-05 07:00,20.6,0,0,0,1006.6,1011,99.8,0,0
763,2021-07-05 08:00,21.5,0,.4,0,1006.8,1011.2,95.1,0,0
763,2021-07-05 09:00,22.6,359.3,.5,0,1007.4,1011.8,90.4,0,0
763,2021-07-05 10:00,23,0,.3,0,1007.8,1012.2,87.5,0,0
763,2021-07-05 11:00,23.4,265.6,.9,0,1007.9,1012.2,84.7,0,0
763,2021-07-05 12:00,24.2,0,.4,0,1007.3,1011.6,79.7,0,0
763,2021-07-05 13:00,23.9,0,.3,0,1007.1,1011.4,84.2,0,0
763,2021-07-05 14:00,23.5,0,.3,.5,1006.5,1010.8,92.5,0,0
763,2021-07-05 15:00,23.2,0,.4,0,1006.2,1010.5,93.3,0,0
763,2021-07-05 16:00,22.5,141.6,.5,1,1006.3,1010.7,93,0,0
763,2021-07-05 17:00,20.9,115.1,.9,1,1006.3,1010.7,94.4,0,0
763,2021-07-05 18:00,20.2,88.8,.5,2.5,1005.2,1009.6,99.8,0,0
763,2021-07-05 19:00,20.7,342.8,1.3,3.5,1005.3,1009.7,99.8,0,0
763,2021-07-05 20:00,20.4,114.4,.7,13,1004.8,1009.2,99.8,0,0
763,2021-07-05 21:00,21.1,44.8,1.4,7.5,1004.5,1008.9,99.8,0,0
763,2021-07-05 22:00,21,313.2,1.1,10.5,1004.9,1009.3,99.8,0,0
763,2021-07-05 23:00,20.9,0,.3,2,1003.9,1008.3,99.8,0,0
763,2021-07-06 00:00,20.6,327.4,.8,0,1004.2,1008.6,99.8,0,0
763,2021-07-06 01:00,20.5,337.8,.7,1,1004.1,1008.5,99.8,0,0
763,2021-07-06 02:00,20.8,0,0,.5,1003.5,1007.9,99.8,0,0
763,2021-07-06 03:00,20.8,0,.1,0,1002.4,1006.8,99.8,0,0
763,2021-07-06 04:00,20.9,0,.3,0,1002.4,1006.8,99.8,0,0
763,2021-07-06 05:00,20.9,0,.2,0,1002.5,1006.9,99.8,0,0
763,2021-07-06 06:00,21,0,.2,0,1002.9,1007.3,99.8,0,0
763,2021-07-06 07:00,21.2,0,.2,0,1003.5,1007.9,99.8,0,0
763,2021-07-06 08:00,21.6,20.2,.5,0,1003.7,1008.1,99.8,0,0
763,2021-07-06 09:00,22,0,.3,0,1003.6,1008,99.8,0,0
763,2021-07-06 10:00,23.3,0,.1,0,1004,1008.3,98.5,0,0
763,2021-07-06 11:00,24.2,0,.2,0,1003.9,1008.2,93.4,0,0
763,2021-07-06 12:00,24.1,0,.1,0,1003.5,1007.8,94.4,0,0
763,2021-07-06 13:00,24.7,0,.3,0,1003.4,1007.7,93.4,0,0
763,2021-07-06 14:00,23.6,0,.2,1,1003.8,1008.1,96.6,0,0
763,2021-07-06 15:00,23.1,0,.3,4.5,1003.7,1008,99.8,0,0
763,2021-07-06 16:00,22.9,0,.3,2.5,1003.5,1007.8,99.8,0,0
763,2021-07-06 17:00,23,0,.3,3.5,1003.7,1008,99.6,0,0
763,2021-07-06 18:00,23.2,0,.4,2,1003.2,1007.5,99.8,0,0
763,2021-07-06 19:00,23.6,132.6,.5,2,1003.5,1007.8,99.4,0,0
763,2021-07-06 20:00,23.2,0,0,.5,1003.8,1008.1,99.8,0,0
763,2021-07-06 21:00,24,0,.4,0,1004.1,1008.4,98.9,0,0
763,2021-07-06 22:00,23.4,0,.1,0,1004.4,1008.7,99.8,0,0
763,2021-07-06 23:00,23.5,0,.1,0,1005.1,1009.4,99.8,0,0
763,2021-07-07 00:00,24.2,0,.2,1,1004.9,1009.2,98.1,0,0
763,2021-07-07 01:00,24.3,201.1,.7,0,1004.6,1008.9,98.8,0,0
763,2021-07-07 02:00,24.2,194.4,.6,0,1004.3,1008.6,99.7,0,0
763,2021-07-07 03:00,24.3,229.2,.5,0,1004.1,1008.4,99.8,0,0
763,2021-07-07 04:00,24.1,239.8,1.5,.5,1004,1008.3,99.8,0,0
763,2021-07-07 05:00,23.8,263.3,.8,1,1004.2,1008.5,99.8,0,0
763,2021-07-07 06:00,23.7,271.6,1,.5,1004.5,1008.8,99.8,0,0
763,2021-07-07 07:00,23.6,281,.7,.5,1004.6,1008.9,99.8,0,0
763,2021-07-07 08:00,23.8,0,0,.5,1004.9,1009.2,99.8,0,0
763,2021-07-07 09:00,24.1,0,.3,0,1005.1,1009.4,99.8,0,0
763,2021-07-07 10:00,25.9,0,.3,0,1005.4,1009.7,89.9,0,0
763,2021-07-07 11:00,25.9,0,.4,0,1005.8,1010.1,93.4,0,0
763,2021-07-07 12:00,26.1,0,.3,0,1004.7,1009,95,0,0
763,2021-07-07 13:00,27.1,0,.4,0,1004.3,1008.6,86.7,0,0
763,2021-07-07 14:00,27.6,115.1,1,0,1003.3,1007.6,83.5,0,0
763,2021-07-07 15:00,27.9,239.9,.6,0,1003.3,1007.6,81.8,0,0
763,2021-07-07 16:00,27,271.1,1,0,1002.8,1007.1,88.2,0,0
763,2021-07-07 17:00,26.8,123.6,.9,.5,1001,1005.3,94.8,0,0
763,2021-07-07 18:00,26.6,0,.4,0,1002,1006.3,91.3,0,0
763,2021-07-07 19:00,26.1,0,.2,0,1001.6,1005.9,90.1,0,0
763,2021-07-07 20:00,24.8,0,0,0,1001.8,1006.1,99,0,0
763,2021-07-07 21:00,24.5,0,.1,0,1001.7,1006,99.1,0,0
763,2021-07-07 22:00,24.8,0,0,0,1002.3,1006.6,98.3,0,0
763,2021-07-07 23:00,24.5,0,.3,0,1002.3,1006.6,99.8,0,0
763,2021-07-08 00:00,24.3,0,0,.5,1001,1005.3,99.8,0,0
763,2021-07-08 01:00,24.3,217.3,.9,28,1000.9,1005.2,99.8,0,0
763,2021-07-08 02:00,24.1,352.5,1.4,18,1000.9,1005.2,99.8,0,0
763,2021-07-08 03:00,22.9,340.8,1,24.5,1001.6,1005.9,99.8,0,0
763,2021-07-08 04:00,22.7,0,.2,22.5,1001.7,1006,99.8,0,0
763,2021-07-08 05:00,22.8,0,.4,0,1002,1006.3,99.8,0,0
763,2021-07-08 06:00,22.7,0,0,0,1002.5,1006.8,99.8,0,0
763,2021-07-08 07:00,23.2,0,.1,0,1002.5,1006.8,99.8,0,0
763,2021-07-08 08:00,23.6,0,.3,0,1002.5,1006.8,99.4,0,0
763,2021-07-08 09:00,24.1,243.2,.9,0,1002.8,1007.1,97.2,0,0
763,2021-07-08 10:00,24.8,227.5,.5,0,1002.9,1007.2,91.8,0,0
763,2021-07-08 11:00,26.2,220.2,.7,0,1002.9,1007.2,83.8,0,0
763,2021-07-08 12:00,26.9,100.8,.6,0,1002.4,1006.7,79.1,0,0
763,2021-07-08 13:00,28,80.7,.5,0,1002.3,1006.6,77.2,0,0
763,2021-07-08 14:00,26.9,0,.4,0,1002,1006.3,78.2,0,0
763,2021-07-08 15:00,27.6,238,.8,0,1001.8,1006.1,79.5,0,0
763,2021-07-08 16:00,27.4,230.2,.6,0,1001.1,1005.4,86.1,0,0
763,2021-07-08 17:00,26.3,243.7,1,0,1000.9,1005.2,85.7,0,0
763,2021-07-08 18:00,25.7,257,1.5,0,1000.9,1005.2,87.2,0,0
763,2021-07-08 19:00,25.1,247.4,1,0,1001,1005.3,90.3,0,0
763,2021-07-08 20:00,24.2,254.8,1.2,0,1001.4,1005.7,94.5,0,0
763,2021-07-08 21:00,24,0,.3,0,1001.8,1006.1,94.3,0,0
763,2021-07-08 22:00,23.2,0,.1,.5,1001.8,1006.1,99.8,0,0
763,2021-07-08 23:00,23.1,0,0,0,1002.5,1006.8,99.6,0,0
763,2021-07-09 00:00,23.3,0,.1,0,1002.6,1006.9,98.6,0,0
763,2021-07-09 01:00,23.5,0,0,0,1001.9,1006.2,97.5,0,0
763,2021-07-09 02:00,23.2,0,0,0,1001.5,1005.8,99.6,0,0
763,2021-07-09 03:00,23.1,0,0,0,1001.3,1005.6,99.8,0,0
763,2021-07-09 04:00,23,0,.1,0,1000.8,1005.1,99.8,0,0
763,2021-07-09 05:00,22.7,0,.2,0,1001.3,1005.6,99.8,0,0
763,2021-07-09 06:00,22.7,0,.1,0,1001.3,1005.6,99.8,0,0
763,2021-07-09 07:00,22.9,0,0,.5,1001.6,1005.9,99.8,0,0
763,2021-07-09 08:00,24.1,0,.1,0,1002,1006.3,94.8,0,0
763,2021-07-09 09:00,25.1,287.4,.6,0,1002.1,1006.4,88.7,0,0
763,2021-07-09 10:00,25.7,271.3,.8,0,1002.2,1006.5,84.4,0,0
763,2021-07-09 11:00,27.3,254,1.1,0,1002.5,1006.8,74.7,0,0
763,2021-07-09 12:00,28.2,287.3,1.2,0,1002,1006.3,69.2,0,0
763,2021-07-09 13:00,28.9,250.6,1.4,0,1001.9,1006.1,62.2,0,0
763,2021-07-09 14:00,29.7,254.4,1,0,1001.4,1005.6,64.3,0,0
763,2021-07-09 15:00,29.3,256.9,1.9,0,1001,1005.2,64.5,0,0
763,2021-07-09 16:00,28.8,263.8,1.3,0,1001,1005.2,67.8,0,0
763,2021-07-09 17:00,28.4,261.4,2,0,1001,1005.3,65.8,0,0
763,2021-07-09 18:00,27.6,281.9,2.2,0,1001.5,1005.8,68.1,0,0
763,2021-07-09 19:00,26.8,270.8,.9,0,1001.9,1006.2,72.3,0,0
763,2021-07-09 20:00,25.5,273,1.3,0,1002.2,1006.5,80.1,0,0
763,2021-07-09 21:00,24.5,0,.2,0,1002.8,1007.1,88,0,0
763,2021-07-09 22:00,24.3,0,.1,0,1003.2,1007.5,90.5,0,0
763,2021-07-09 23:00,23.5,0,.1,0,1003.6,1007.9,96.2,0,0
763,2021-07-10 00:00,23.6,0,0,0,1003.8,1008.1,97.2,0,0
763,2021-07-10 01:00,23.6,104,.8,0,1003.5,1007.8,96.9,0,0
763,2021-07-10 02:00,23.2,0,.1,0,1003.5,1007.8,99.3,0,0
763,2021-07-10 03:00,24.5,0,.2,0,1003.3,1007.6,93.7,0,0
763,2021-07-10 04:00,24.3,0,.2,0,1003.4,1007.7,94.2,0,0
763,2021-07-10 05:00,24.1,0,.1,0,1003.6,1007.9,94.3,0,0
763,2021-07-10 06:00,24.2,0,.2,0,1003.7,1008,93.1,0,0
763,2021-07-10 07:00,24.4,0,.3,0,1004.2,1008.5,92.1,0,0
763,2021-07-10 08:00,26,110.2,.6,0,1003.4,1007.7,82.9,0,0
763,2021-07-10 09:00,25.9,220.7,.7,0,1004.3,1008.6,80.7,0,0
763,2021-07-10 10:00,27,216.4,.7,0,1004.8,1009.1,74.1,0,0
763,2021-07-10 11:00,28.7,159.1,.7,0,1004.4,1008.7,66.7,0,0
763,2021-07-10 12:00,28.7,230.4,.8,0,1004.5,1008.8,67.3,0,0
763,2021-07-10 13:00,30.1,209.4,.7,0,1004,1008.3,65.9,0,0
763,2021-07-10 14:00,30.2,200.6,.7,0,1003.7,1008,62.3,0,0
763,2021-07-10 15:00,30.6,221.5,1.1,0,1003.5,1007.7,62.7,0,0
763,2021-07-10 16:00,30.4,291,2.5,0,1003.2,1007.4,67.9,0,0
763,2021-07-10 17:00,28.6,265.4,2,0,1002.8,1007.1,76,0,0
763,2021-07-10 18:00,28,256.5,1.2,0,1003.3,1007.6,80.4,0,0
763,2021-07-10 19:00,26.8,276.8,1.7,0,1003.6,1007.9,87.7,0,0
763,2021-07-10 20:00,26.7,232.4,.7,0,1004.4,1008.7,82,0,0
763,2021-07-10 21:00,26,0,.4,0,1005.4,1009.7,80.4,0,0
763,2021-07-10 22:00,25.5,237.3,.5,0,1006.5,1010.8,82.6,0,0
763,2021-07-10 23:00,25,0,.1,0,1006.7,1011,88.8,0,0
763,2021-07-11 00:00,24.8,0,0,0,1006.6,1010.9,90.1,0,0
763,2021-07-11 01:00,24.9,0,.3,0,1006.2,1010.5,91,0,0
763,2021-07-11 02:00,24.4,114.6,.5,0,1006.1,1010.4,90.3,0,0
763,2021-07-11 03:00,23.6,0,.4,0,1006,1010.3,96.3,0,0
763,2021-07-11 04:00,25.1,120.2,.5,0,1005.7,1010,82.4,0,0
763,2021-07-11 05:00,23.4,0,0,0,1005.9,1010.2,95,0,0
763,2021-07-11 06:00,24.3,0,.1,0,1006.3,1010.6,86.2,0,0
763,2021-07-11 07:00,25,0,.1,0,1006.7,1011,83.7,0,0
763,2021-07-11 08:00,24.9,0,.2,0,1007.5,1011.8,85.8,0,0
763,2021-07-11 09:00,25.7,143.4,.5,0,1007.4,1011.7,79.4,0,0
763,2021-07-11 10:00,25.9,0,.4,0,1007.4,1011.7,79.3,0,0
763,2021-07-11 11:00,26.7,0,.4,0,1007.7,1012,79.6,0,0
763,2021-07-11 12:00,28.9,226.7,1.1,0,1007.5,1011.8,70.7,0,0
763,2021-07-11 13:00,29.5,236.2,.8,0,1007,1011.3,71.5,0,0
763,2021-07-11 14:00,29.6,256.6,1.2,0,1006.6,1010.9,70.4,0,0
763,2021-07-11 15:00,30.6,251.6,.5,0,1006.2,1010.5,67.6,0,0
763,2021-07-11 16:00,30.1,320.1,1.1,0,1006,1010.3,73.6,0,0
763,2021-07-11 17:00,29.1,276.5,1.6,0,1006.1,1010.4,79.6,0,0
763,2021-07-11 18:00,28.3,284.7,1.4,0,1006.2,1010.5,84.7,0,0
763,2021-07-11 19:00,27.1,285.9,2.5,0,1006.8,1011.1,87.8,0,0
763,2021-07-11 20:00,26,0,.2,0,1006.5,1010.8,93.6,0,0
763,2021-07-11 21:00,25.9,0,.2,0,1005.8,1010.1,93.8,0,0
763,2021-07-11 22:00,25.9,0,.2,0,1006.3,1010.6,94,0,0
763,2021-07-11 23:00,25.3,25.7,1,0,1006.3,1010.6,98.5,0,0
763,2021-07-12 00:00,25.2,0,.1,0,1006.1,1010.4,98.7,0,0
763,2021-07-12 01:00,25.1,0,0,0,1006.2,1010.5,99.1,0,0
763,2021-07-12 02:00,24.7,0,.1,0,1006.3,1010.6,99.8,0,0
763,2021-07-12 03:00,24.8,0,0,0,1006.5,1010.8,99.8,0,0
763,2021-07-12 04:00,25,0,.1,0,1006.8,1011.1,99.8,0,0
763,2021-07-12 05:00,25,0,.2,0,1007.4,1011.7,99.8,0,0
763,2021-07-12 06:00,25,100.2,.9,0,1007.5,1011.8,99.8,0,0
763,2021-07-12 07:00,25.8,0,.1,0,1007.6,1011.9,96.9,0,0
763,2021-07-12 08:00,26.7,85,1.1,0,1007.7,1012,92.2,0,0
763,2021-07-12 09:00,27.6,323.7,.7,0,1007.8,1012.1,87.5,0,0
763,2021-07-12 10:00,29.3,129.9,.7,0,1007.1,1011.4,74.2,0,0
763,2021-07-12 11:00,29.5,123.4,.6,0,1007,1011.3,73.7,0,0
763,2021-07-12 12:00,30.7,230.4,.9,0,1006.5,1010.8,66.8,0,0
763,2021-07-12 13:00,31.8,100.8,1.1,0,1006,1010.2,65.7,0,0
763,2021-07-12 14:00,32.3,69.7,.6,0,1005.7,1009.9,64.5,0,0
763,2021-07-12 15:00,31.6,277.7,1,0,1005.4,1009.6,63.7,0,0
763,2021-07-12 16:00,32.2,277.2,.9,0,1005.1,1009.3,64.3,0,0
763,2021-07-12 17:00,30.6,262.3,2.3,0,1004.9,1009.2,74.6,0,0
763,2021-07-12 18:00,29.6,269.6,2,0,1004.8,1009,79,0,0
763,2021-07-12 19:00,28.8,296.9,.8,0,1005,1009.3,81.2,0,0
763,2021-07-12 20:00,27.8,0,.1,0,1005.2,1009.5,87,0,0
763,2021-07-12 21:00,26.5,0,0,0,1005.3,1009.6,96.5,0,0
763,2021-07-12 22:00,26.4,0,.1,0,1005.7,1010,98.3,0,0
763,2021-07-12 23:00,26,0,.2,0,1005.6,1009.9,98.3,0,0
763,2021-07-13 00:00,25.3,0,.3,0,1006.2,1010.5,99.5,0,0
763,2021-07-13 01:00,25.2,0,0,0,1006.1,1010.4,97.2,0,0
763,2021-07-13 02:00,26.8,0,.2,0,1005.9,1010.2,80,0,0
763,2021-07-13 03:00,26.4,0,.3,0,1005.7,1010,80.1,0,0
763,2021-07-13 04:00,26.2,0,.4,0,1005.9,1010.2,80.3,0,0
763,2021-07-13 05:00,26,0,.4,0,1006,1010.3,81.9,0,0
763,2021-07-13 06:00,26.2,136,.5,0,1006.1,1010.4,79.7,0,0
763,2021-07-13 07:00,27.3,0,.3,0,1006.4,1010.7,75.7,0,0
763,2021-07-13 08:00,28.3,137.8,.8,0,1006.1,1010.4,72.7,0,0
763,2021-07-13 09:00,29.1,140.9,1.1,0,1006.3,1010.6,69.4,0,0
763,2021-07-13 10:00,30.4,141.1,1.3,0,1006.3,1010.6,67.2,0,0
763,2021-07-13 11:00,31,215.8,.8,0,1006.5,1010.8,63.7,0,0
763,2021-07-13 12:00,31.6,173.8,.9,0,1006.4,1010.6,58.8,0,0
763,2021-07-13 13:00,32.6,212,.7,0,1006,1010.2,58.5,0,0
763,2021-07-13 14:00,32,134.4,.6,0,1005.8,1010,59.5,0,0
763,2021-07-13 15:00,32.4,226,.7,0,1005.5,1009.7,56.2,0,0
763,2021-07-13 16:00,33.2,227.2,.5,0,1005.1,1009.3,56.5,0,0
763,2021-07-13 17:00,32.2,0,.4,0,1005.3,1009.5,60,0,0
763,2021-07-13 18:00,31.4,221.3,.7,0,1005.4,1009.6,62.3,0,0
763,2021-07-13 19:00,31,0,0,0,1005.8,1010.1,64.3,0,0
763,2021-07-13 20:00,30.4,0,.4,0,1006,1010.3,63.8,0,0
763,2021-07-13 21:00,29.3,0,.3,0,1006.3,1010.6,68.9,0,0
763,2021-07-13 22:00,28.7,157.2,.6,0,1006.9,1011.2,67.7,0,0
763,2021-07-13 23:00,28.1,151.7,.9,0,1007.1,1011.4,70.9,0,0
763,2021-07-14 00:00,27.7,137.2,.8,0,1007.1,1011.4,73.3,0,0
763,2021-07-14 01:00,27.5,150.7,.8,0,1007.2,1011.5,73.2,0,0
763,2021-07-14 02:00,27.3,168.4,.8,0,1007.5,1011.8,74.5,0,0
763,2021-07-14 03:00,27.1,153.8,.6,0,1007.9,1012.2,76.1,0,0
763,2021-07-14 04:00,27,131.2,.5,0,1008.2,1012.5,76.4,0,0
763,2021-07-14 05:00,26.7,0,.2,0,1008.4,1012.7,78,0,0
763,2021-07-14 06:00,26.8,128.7,.5,0,1008.7,1013,78.6,0,0
763,2021-07-14 07:00,28.1,157.8,.6,0,1008.7,1013,74,0,0
763,2021-07-14 08:00,28.4,123.3,.7,0,1008.8,1013.1,74.8,0,0
763,2021-07-14 09:00,29.4,134.5,.7,0,1008.7,1013,69.6,0,0
763,2021-07-14 10:00,29.8,145.2,.7,0,1008.5,1012.8,68.7,0,0
763,2021-07-14 11:00,29.9,0,.4,0,1008.9,1013.2,69.1,0,0
763,2021-07-14 12:00,29.6,0,.3,0,1009.1,1013.4,70.4,0,0
763,2021-07-14 13:00,29.7,0,.2,0,1008.7,1013,72.3,0,0
763,2021-07-14 14:00,30.8,181.4,.5,0,1008.4,1012.7,67.6,0,0
763,2021-07-14 15:00,31.2,160.5,.6,0,1008.3,1012.6,67.8,0,0
763,2021-07-14 16:00,31.2,0,.4,0,1008.1,1012.4,66,0,0
763,2021-07-14 17:00,31.8,215.2,.8,0,1007.9,1012.1,61,0,0
763,2021-07-14 18:00,31.6,238.4,.9,0,1007.6,1011.8,62.2,0,0
763,2021-07-14 19:00,30.1,0,.3,0,1007.3,1011.6,68.8,0,0
763,2021-07-14 20:00,27.6,0,.2,0,1007.7,1012,83.1,0,0
763,2021-07-14 21:00,26.6,0,0,0,1008.1,1012.4,89.8,0,0
763,2021-07-14 22:00,25.9,0,0,0,1009.2,1013.5,94,0,0
763,2021-07-14 23:00,25.5,0,0,0,1009.7,1014,93.8,0,0
763,2021-07-15 00:00,25.1,0,0,0,1010.1,1014.5,95.9,0,0
763,2021-07-15 01:00,24.9,,,0,1010.3,1014.6,96.4,0,0
763,2021-07-15 02:00,25,,,0,1010.5,1014.9,92.6,0,0
763,2021-07-15 03:00,24.6,,,0,1010.1,1014.4,91.3,0,0
763,2021-07-15 04:00,23.9,,,0,1010,1014.3,94.3,0,0
763,2021-07-15 05:00,23.4,,,0,1010,1014.4,95.8,0,0
763,2021-07-15 06:00,23.3,,,0,1010.1,1014.5,95,0,0
763,2021-07-15 07:00,25.9,,,0,1010.6,1014.9,82.2,0,0
763,2021-07-15 08:00,27.9,,,0,1011.1,1015.4,75.6,0,0
763,2021-07-15 09:00,29.7,98.1,.7,0,1011.2,1015.5,66,0,0
763,2021-07-15 10:00,30.8,85.8,.8,0,1011.3,1015.6,61.8,0,0
763,2021-07-15 11:00,31.6,359.3,.6,0,1011.1,1015.4,58.2,0,0
763,2021-07-15 12:00,32.6,0,.3,0,1011.1,1015.3,54.5,0,0
763,2021-07-15 13:00,32.3,296.9,.8,0,1010.8,1015.1,53.3,0,0
763,2021-07-15 14:00,32.6,277.4,1.6,0,1010.2,1014.4,54.5,0,0
763,2021-07-15 15:00,33.3,298,1.6,0,1009.8,1014,58,0,0
763,2021-07-15 16:00,31.9,277.3,1.6,0,1009.6,1013.9,61.4,0,0
763,2021-07-15 17:00,31,0,.4,0,1010.3,1014.6,69,0,0
763,2021-07-15 18:00,31,263.6,1,0,1009.4,1013.7,65.9,0,0
763,2021-07-15 19:00,29.3,0,.2,0,1009.7,1014,77.5,0,0
763,2021-07-15 20:00,28.4,0,.1,0,1010.2,1014.5,77.5,0,0
763,2021-07-15 21:00,27.2,113.7,.6,0,1010.9,1015.2,83.5,0,0
763,2021-07-15 22:00,27.2,0,.2,0,1010.7,1015,81.9,0,0
763,2021-07-15 23:00,26.3,0,0,0,1011.1,1015.4,86.5,0,0
763,2021-07-16 00:00,25.2,0,0,0,1011.3,1015.7,93,0,0
763,2021-07-16 01:00,24.7,0,.2,0,1010.9,1015.2,93,0,0
763,2021-07-16 02:00,23.9,0,0,0,1011.4,1015.8,97.4,0,0
763,2021-07-16 03:00,23.7,0,0,0,1011.6,1016,98.4,0,0
763,2021-07-16 04:00,24.1,0,.1,0,1011.7,1016,97.7,0,0
763,2021-07-16 05:00,23.4,0,0,0,1011.8,1016.2,99.4,0,0
763,2021-07-16 06:00,23.1,0,.3,0,1012,1016.4,99.8,0,0
763,2021-07-16 07:00,25,0,.4,0,1012.3,1016.7,93.9,0,0
763,2021-07-16 08:00,26.8,25.6,.6,0,1012.2,1016.5,85.2,0,0
763,2021-07-16 09:00,28.5,347.8,.8,0,1011.8,1016.1,76,0,0
763,2021-07-16 10:00,29.1,87.7,1,0,1011.5,1015.8,70.2,0,0
763,2021-07-16 11:00,30.9,349.8,1,0,1011.2,1015.5,72,0,0
763,2021-07-16 12:00,31.2,328.7,.7,0,1010.6,1014.9,64.2,0,0
763,2021-07-16 13:00,31.3,309.8,1,0,1010.2,1014.5,64.9,0,0
763,2021-07-16 14:00,32.6,295.2,1.9,0,1009.6,1013.8,60.5,0,0
763,2021-07-16 15:00,33.2,357.2,1.8,0,1008.6,1012.8,58.7,0,0
763,2021-07-16 16:00,31.4,327.5,1.1,0,1008.2,1012.5,63.9,0,0
763,2021-07-16 17:00,27.3,225.7,1,0,1009,1013.3,70.8,0,0
763,2021-07-16 18:00,27.4,0,.3,0,1008.7,1013,72.1,0,0
763,2021-07-16 19:00,26.1,131,.9,0,1009.5,1013.8,77.2,0,0
763,2021-07-16 20:00,26,137.6,.7,0,1010,1014.3,71.9,0,0
763,2021-07-16 21:00,26.4,44.7,.9,0,1011.1,1015.4,73,0,0
763,2021-07-16 22:00,24.4,105.7,.8,0,1010.7,1015,83.8,0,0
763,2021-07-16 23:00,23.7,0,.2,0,1010.4,1014.8,86.3,0,0
763,2021-07-17 00:00,22.9,0,.1,0,1010.5,1014.9,93.6,0,0
763,2021-07-17 01:00,22.7,0,.2,0,1009.9,1014.3,95.6,0,0
763,2021-07-17 02:00,22.1,0,0,0,1009.7,1014.1,98.4,0,0
763,2021-07-17 03:00,21.7,0,0,0,1009.2,1013.6,99.5,0,0
763,2021-07-17 04:00,21.7,0,.2,0,1009.3,1013.7,99.8,0,0
763,2021-07-17 05:00,21.9,0,.4,0,1009.2,1013.6,99.8,0,0
763,2021-07-17 06:00,21.5,0,0,0,1008.9,1013.3,99.8,0,0
763,2021-07-17 07:00,22.6,0,.3,0,1008.8,1013.2,95.7,0,0
763,2021-07-17 08:00,24,344.7,.7,0,1008.7,1013,89.5,0,0
763,2021-07-17 09:00,25.7,315.4,.6,0,1008.8,1013.1,82.6,0,0
763,2021-07-17 10:00,28.8,82.8,1.2,0,1008.3,1012.6,67.2,0,0
763,2021-07-17 11:00,30.1,130.8,1.1,0,1007.9,1012.2,61.6,0,0
763,2021-07-17 12:00,30.8,94.2,2.2,0,1007.5,1011.8,56.2,0,0
763,2021-07-17 13:00,31.4,128.6,1.1,0,1007.1,1011.4,57.3,0,0
763,2021-07-17 14:00,,,,0,,,,0,0
763,2021-07-27 12:00,32.1,288.1,1.1,0,999.4,1003.6,55.4,0,0
763,2021-07-27 13:00,31.6,314.6,1.2,0,998.7,1002.9,55.8,0,0
763,2021-07-27 14:00,33.4,277.4,1.6,0,998.3,1002.5,51.2,0,0
763,2021-07-27 15:00,33.2,34.1,.9,0,997.9,1002.1,50.5,0,0
763,2021-07-27 16:00,33.1,322,1.2,0,997.5,1001.7,51.3,0,0
763,2021-07-27 17:00,33.7,2,1,0,997.4,1001.6,50.5,0,0
763,2021-07-27 18:00,32.1,308.9,1,0,997.2,1001.4,57.4,0,0
763,2021-07-27 19:00,31.4,301.3,1,0,997.6,1001.8,64.1,0,0
763,2021-07-27 20:00,30,0,0,0,997.9,1002.1,73.2,0,0
763,2021-07-27 21:00,27.8,0,0,0,998.4,1002.7,84.7,0,0
763,2021-07-27 22:00,27,0,0,0,999,1003.3,86.4,0,0
763,2021-07-27 23:00,26.3,0,0,0,999,1003.3,89.6,0,0
763,2021-07-28 00:00,26.2,0,.3,0,999.4,1003.7,89,0,0
763,2021-07-28 01:00,25.5,121.8,.5,0,999.3,1003.6,92.1,0,0
763,2021-07-28 02:00,26.3,0,.1,0,999.4,1003.7,86.8,0,0
763,2021-07-28 03:00,24.8,109.9,1,0,999.5,1003.8,93.9,0,0
763,2021-07-28 04:00,24.6,0,.2,0,999.5,1003.8,95,0,0
763,2021-07-28 05:00,24.2,117.6,.5,0,999.6,1003.9,95.7,0,0
763,2021-07-28 06:00,24.8,120.4,.7,0,999.9,1004.2,91.1,0,0
763,2021-07-28 07:00,26.3,99.3,.5,0,1000.2,1004.5,83.3,0,0
763,2021-07-28 08:00,27.9,99.7,.5,0,1000.4,1004.7,76.1,0,0
763,2021-07-28 09:00,29,.7,.6,0,1000.3,1004.5,67.2,0,0
763,2021-07-28 10:00,29.9,277.3,1.2,0,1000.3,1004.5,63.6,0,0
763,2021-07-28 11:00,31.2,300.9,1.1,0,1000,1004.2,60.7,0,0
763,2021-07-28 12:00,31.7,294.6,1.5,0,999.4,1003.6,59.3,0,0
763,2021-07-28 13:00,32.2,348.4,1,0,998.8,1003,60.7,0,0
763,2021-07-28 14:00,32.9,350.4,1.4,0,998.3,1002.5,57.1,0,0
763,2021-07-28 15:00,33.8,266.1,.9,0,997.9,1002.1,54.5,0,0
763,2021-07-28 16:00,33.6,38.9,.9,0,997.2,1001.4,52.4,0,0
763,2021-07-28 17:00,32.6,306.3,.6,0,997.1,1001.3,57.4,0,0
763,2021-07-28 18:00,30.8,271.8,1.1,0,996.9,1001.1,70.3,0,0
763,2021-07-28 19:00,30.3,0,.3,0,997.4,1001.6,73.9,0,0
763,2021-07-28 20:00,29.1,0,.1,0,997.6,1001.8,80.7,0,0
763,2021-07-28 21:00,27.6,0,.1,0,998.4,1002.7,87.7,0,0
763,2021-07-28 22:00,28,249,.6,0,999.2,1003.5,81.6,0,0
763,2021-07-28 23:00,27.3,0,.3,0,999.4,1003.7,83.7,0,0
763,2021-07-29 00:00,26.8,0,.4,0,999.7,1004,87.9,0,0
763,2021-07-29 01:00,26.2,234.3,.6,0,999.8,1004.1,89.5,0,0
763,2021-07-29 02:00,25.8,233.3,.5,0,999.7,1004,91.6,0,0
763,2021-07-29 03:00,25.3,0,.2,0,999.6,1003.9,94.2,0,0
763,2021-07-29 04:00,24.8,101.4,.6,0,999.6,1003.9,96.3,0,0
763,2021-07-29 05:00,25.3,0,.2,0,999.3,1003.6,90.4,0,0
763,2021-07-29 06:00,24,0,.4,0,999.5,1003.8,97.3,0,0
763,2021-07-29 07:00,25.7,102.2,.5,0,999.7,1004,89.6,0,0
763,2021-07-29 08:00,27.5,0,.3,0,999.8,1004.1,79.3,0,0
763,2021-07-29 09:00,29.1,348.6,.5,0,999.6,1003.8,75.3,0,0
763,2021-07-29 10:00,30.4,315.4,.8,0,999.4,1003.6,69.3,0,0
763,2021-07-29 11:00,30.8,328.7,.8,0,999.1,1003.3,65.2,0,0
763,2021-07-29 12:00,31,280.7,1.2,0,998.5,1002.7,58,0,0
763,2021-07-29 13:00,33.2,0,1.4,0,998,1002.2,55,0,0
763,2021-07-29 14:00,32.9,314.1,1.4,0,997.7,1001.9,54.3,0,0
763,2021-07-29 15:00,33.2,285.3,.9,0,997.3,1001.5,53.1,0,0
763,2021-07-29 16:00,33.2,282.4,1.8,0,996.9,1001.1,52,0,0
763,2021-07-29 17:00,32.5,291,1.4,0,996.8,1001,55.9,0,0
763,2021-07-29 18:00,29.9,256.7,1.7,0,996.8,1001,72.1,0,0
763,2021-07-29 19:00,28.9,265.1,1.1,0,997.4,1001.6,73.4,0,0
763,2021-07-29 20:00,28.3,223.1,.6,0,997.9,1002.1,70.6,0,0
763,2021-07-29 21:00,28,221.3,.5,0,998.3,1002.6,70.8,0,0
763,2021-07-29 22:00,27.5,221.6,.5,0,998.5,1002.8,74.5,0,0
763,2021-07-29 23:00,27.3,0,.1,0,998.5,1002.8,76.3,0,0
763,2021-07-30 00:00,26.3,122,.6,0,998.2,1002.5,82.7,0,0
763,2021-07-30 01:00,25.6,0,.3,0,998.1,1002.4,88.1,0,0
763,2021-07-30 02:00,25.4,0,0,0,998.2,1002.5,91,0,0
763,2021-07-30 03:00,24.8,0,0,0,998.3,1002.6,94.3,0,0
763,2021-07-30 04:00,24.7,0,0,0,998.2,1002.5,95.8,0,0
763,2021-07-30 05:00,24.7,0,0,0,998.3,1002.6,96.5,0,0
763,2021-07-30 06:00,24.3,0,.2,0,998.4,1002.7,98.1,0,0
763,2021-07-30 07:00,25.6,106.3,.7,0,998.4,1002.7,91.5,0,0
763,2021-07-30 08:00,27.4,0,.3,0,998.2,1002.5,83.6,0,0
763,2021-07-30 09:00,28.5,138.2,.5,0,998,1002.2,75.4,0,0
763,2021-07-30 10:00,29.2,109.5,.8,0,997.9,1002.1,61.9,0,0
763,2021-07-30 11:00,30.1,224.8,.5,0,997.6,1001.8,60.6,0,0
763,2021-07-30 12:00,32.1,180.9,.5,0,997.2,1001.4,47.1,0,0
763,2021-07-30 13:00,33.2,227.8,.5,0,996.8,1001,48.2,0,0
763,2021-07-30 14:00,33.7,219.1,1.1,0,996.3,1000.5,45.8,0,0
763,2021-07-30 15:00,33.9,205.2,.8,0,996.1,1000.3,49.3,0,0
763,2021-07-30 16:00,34.5,227.3,1.7,0,995.9,1000.1,46.8,0,0
763,2021-07-30 17:00,32.6,227.1,1.2,0,995.6,999.8,55.6,0,0
763,2021-07-30 18:00,31.6,247.4,1.1,0,995.5,999.7,66.4,0,0
763,2021-07-30 19:00,30.6,246.3,.9,0,995.7,999.9,70.1,0,0
763,2021-07-30 20:00,30.2,217.6,.8,0,996,1000.2,69.5,0,0
763,2021-07-30 21:00,29.7,190.3,.5,0,996.7,1000.9,70.5,0,0
763,2021-07-30 22:00,28,233,1.4,0,997.5,1001.7,79.6,0,0
763,2021-07-30 23:00,26,0,.3,0,997.7,1002,97.5,0,0
763,2021-07-31 00:00,25.5,72.9,.9,6,997.4,1001.7,99.8,0,0
763,2021-07-31 01:00,25.6,0,.2,.5,997.5,1001.8,99.8,0,0
763,2021-07-31 02:00,25.4,94.3,.5,.5,997.3,1001.6,99.8,0,0
763,2021-07-31 03:00,25.6,0,.1,0,997.4,1001.7,99.7,0,0
763,2021-07-31 04:00,25.5,0,.1,0,997,1001.3,99.8,0,0
763,2021-07-31 05:00,25.6,0,0,0,997.5,1001.8,99.8,0,0
763,2021-07-31 06:00,25.3,0,0,0,997.6,1001.9,99.8,0,0
763,2021-07-31 07:00,26.5,0,0,0,997.9,1002.2,97,0,0
763,2021-07-31 08:00,27.2,0,.2,0,998.2,1002.5,90.3,0,0
763,2021-07-31 09:00,27.7,0,.4,0,998.2,1002.5,86.8,0,0
763,2021-07-31 10:00,29.3,204.1,.5,0,997.9,1002.1,73.3,0,0
763,2021-07-31 11:00,29.2,281.4,1.5,0,997.7,1001.9,76.7,0,0
763,2021-07-31 12:00,31.2,286.5,1.8,0,997.4,1001.6,67.6,0,0
763,2021-07-31 13:00,31.8,289,2.4,0,997,1001.2,64.3,0,0
763,2021-07-31 14:00,32.6,256.4,1.7,0,996.7,1000.9,58.7,0,0
763,2021-07-31 15:00,32.2,270.1,1.6,0,996.4,1000.6,63.8,0,0
763,2021-07-31 16:00,32.1,279.8,2,0,996.2,1000.4,61.8,0,0
763,2021-07-31 17:00,31.9,280.1,2.3,0,996.3,1000.5,54.6,0,0
763,2021-07-31 18:00,31.2,261.5,1.9,0,996.1,1000.3,60.1,0,0
763,2021-07-31 19:00,29.2,258.1,1.2,0,996.2,1000.4,61.6,0,0
763,2021-07-31 20:00,28,0,.2,0,996.7,1000.9,66.6,0,0
763,2021-07-31 21:00,26.2,0,.2,0,997.2,1001.5,75.3,0,0
763,2021-07-31 22:00,25.4,0,.4,0,997.3,1001.6,81.5,0,0
763,2021-07-31 23:00,24.4,0,.1,0,997.5,1001.8,90.3,0,0
763,2021-08-01 00:00,24.5,0,.1,0,997.7,1002,88.5,0,0
763,2021-08-01 01:00,23.9,0,.1,0,997.6,1001.9,95.4,0,0
763,2021-08-01 02:00,24.3,0,.2,0,997.3,1001.6,92.3,0,0
763,2021-08-01 03:00,23.8,0,0,0,997.2,1001.5,96.2,0,0
763,2021-08-01 04:00,24.1,0,.2,0,997,1001.3,97.2,0,0
763,2021-08-01 05:00,24.3,0,.2,0,997,1001.3,97.1,0,0
763,2021-08-01 06:00,24,0,0,0,997,1001.3,98.4,0,0
763,2021-08-01 07:00,25.8,84.7,.6,0,997.3,1001.6,89.2,0,0
763,2021-08-01 08:00,25.9,277.4,1,0,997.7,1002,91,0,0
763,2021-08-01 09:00,26.3,356.3,.7,0,997.8,1002.1,86.8,0,0
763,2021-08-01 10:00,28.3,29.2,1.3,0,997.5,1001.7,77,0,0
763,2021-08-01 11:00,29.2,13.5,1.1,0,997,1001.2,74.4,0,0
763,2021-08-01 12:00,30.9,65.8,1.5,0,996.4,1000.6,67.9,0,0
763,2021-08-01 13:00,27.6,292.8,2.8,0,996.5,1000.8,83.6,0,0
763,2021-08-01 14:00,25.9,49.3,.6,0,996.2,1000.5,97.8,0,0
763,2021-08-01 15:00,26.6,357.2,1.2,0,996.2,1000.5,93.2,0,0
763,2021-08-01 16:00,26.8,42,.6,0,995.6,999.9,93,0,0
763,2021-08-01 17:00,26.2,121.2,.5,.5,996.3,1000.6,90.4,0,0
763,2021-08-01 18:00,24.9,151.9,.5,.5,996.9,1001.2,98.5,0,0
763,2021-08-01 19:00,24.5,0,.3,4,997,1001.3,99.8,0,0
763,2021-08-01 20:00,24.7,0,.1,.5,997.5,1001.8,99.4,0,0
763,2021-08-01 21:00,24.6,0,.2,0,998.3,1002.6,99.8,0,0
763,2021-08-01 22:00,24.7,0,.3,2.5,998.3,1002.6,99.8,0,0
763,2021-08-01 23:00,24.6,0,.2,.5,997.9,1002.2,99.8,0,0
763,2021-08-02 00:00,24.6,105.2,.5,0,997.9,1002.2,99.8,0,0
763,2021-08-02 01:00,24.2,0,.1,0,997.7,1002,99.8,0,0
763,2021-08-02 02:00,24.1,0,.3,0,997.5,1001.8,99.8,0,0
763,2021-08-02 03:00,24.2,0,.2,0,997.6,1001.9,99.8,0,0
763,2021-08-02 04:00,24.3,0,.1,0,997.6,1001.9,99.8,0,0
763,2021-08-02 05:00,24.1,0,.1,0,998.3,1002.6,99.8,0,0
763,2021-08-02 06:00,24.4,0,0,0,998.6,1002.9,99.8,0,0
763,2021-08-02 07:00,24.9,,,,999.1,1003.4,99.8,0,0
763,2021-08-02 08:00,25.5,0,.3,.5,999.5,1003.8,99,0,0
763,2021-08-02 09:00,25.3,342.4,.6,0,999.9,1004.2,99.8,0,0
763,2021-08-02 10:00,24,0,.2,38.5,1000.3,1004.6,99.8,0,0
763,2021-08-02 11:00,24.4,82.9,1,4.5,1000.4,1004.7,99.8,0,0
763,2021-08-02 12:00,24.4,0,.3,5,1000.4,1004.7,99.8,0,0
763,2021-08-02 13:00,26.1,99.2,.9,.5,1000.1,1004.4,91.7,0,0
763,2021-08-02 14:00,27.3,78,.7,0,999.5,1003.8,84.8,0,0
763,2021-08-02 15:00,27.4,284.4,1.2,0,1000.1,1004.4,79.9,0,0
763,2021-08-02 16:00,27.4,305.6,.6,0,999.6,1003.9,83.5,0,0
763,2021-08-02 17:00,26.1,104.7,.6,0,1000.1,1004.4,94.6,0,0
763,2021-08-02 18:00,25.6,0,.4,.5,999.9,1004.2,98.9,0,0
763,2021-08-02 19:00,25.6,100,.7,0,1000.5,1004.8,96.2,0,0
763,2021-08-02 20:00,25.2,0,.3,0,1001,1005.3,99.3,0,0
763,2021-08-02 21:00,25.1,0,0,0,1001.4,1005.7,99.8,0,0
763,2021-08-02 22:00,24.9,0,0,0,1001.5,1005.8,99.8,0,0
763,2021-08-02 23:00,24.8,0,.1,0,1001.9,1006.2,99.8,0,0
763,2021-08-03 00:00,24.5,115.9,.6,5.5,1002.2,1006.5,99.8,0,0
763,2021-08-03 01:00,24.3,112,.6,4.5,1002,1006.3,99.8,0,0
763,2021-08-03 02:00,24.2,306.3,.5,3,1001.5,1005.8,99.8,0,0
763,2021-08-03 03:00,23.8,0,.2,0,1002.2,1006.5,99.8,0,0
763,2021-08-03 04:00,24.1,0,0,0,1002.4,1006.7,99.8,0,0
763,2021-08-03 05:00,24,0,.2,0,1002.4,1006.7,99.8,0,0
763,2021-08-03 06:00,23.9,0,0,0,1003.1,1007.4,99.8,0,0
763,2021-08-03 07:00,24.1,0,.1,0,1003.3,1007.6,99.8,0,0
763,2021-08-03 08:00,25.6,0,.1,0,1003.3,1007.6,97.4,0,0
763,2021-08-03 09:00,26.4,117.2,.5,0,1003.6,1007.9,95.8,0,0
763,2021-08-03 10:00,28,110.4,.9,0,1003.9,1008.2,84.6,0,0
763,2021-08-03 11:00,28.2,140.9,1.1,0,1004.6,1008.9,75.2,0,0
763,2021-08-03 12:00,28.9,0,.4,0,1004.5,1008.8,75.3,0,0
763,2021-08-03 13:00,29.9,144.5,.5,0,1004.6,1008.8,71.2,0,0
763,2021-08-03 14:00,29.8,225.9,.7,0,1004.3,1008.5,67,0,0
763,2021-08-03 15:00,30,0,.4,0,1004.2,1008.5,70.4,0,0
763,2021-08-03 16:00,30.1,189,.8,0,1004.1,1008.4,63.9,0,0
763,2021-08-03 17:00,30.2,291.1,.9,0,1004,1008.3,70.5,0,0
763,2021-08-03 18:00,30.4,312.4,1,0,1004,1008.3,67.3,0,0
763,2021-08-03 19:00,28.7,329.1,.5,0,1004.1,1008.4,81,0,0
763,2021-08-03 20:00,27.3,0,.1,0,1004.6,1008.9,92.9,0,0
763,2021-08-03 21:00,25.5,0,.3,1,1005.5,1009.8,99.6,0,0
763,2021-08-03 22:00,24.9,0,.1,0,1005.8,1010.1,99.6,0,0
763,2021-08-03 23:00,24.5,0,.3,0,1006,1010.3,99.8,0,0
763,2021-08-04 00:00,24.1,0,.4,0,1005.8,1010.1,99.8,0,0
763,2021-08-04 01:00,24,0,.1,0,1006,1010.3,99.8,0,0
763,2021-08-04 02:00,23.9,0,.1,0,1005.9,1010.2,99.8,0,0
763,2021-08-04 03:00,23.4,0,.1,0,1006.1,1010.4,99.8,0,0
763,2021-08-04 04:00,23.5,0,.1,0,1006,1010.3,99.8,0,0
763,2021-08-04 05:00,23.1,0,0,0,1006,1010.3,99.8,0,0
763,2021-08-04 06:00,22.9,0,0,0,1006.4,1010.8,99.8,0,0
763,2021-08-04 07:00,24.3,0,.3,0,1006.3,1010.6,99.8,0,0
763,2021-08-04 08:00,27,0,.3,0,1006.8,1011.1,89.8,0,0
763,2021-08-04 09:00,29,111.5,.6,0,1007,1011.3,70.9,0,0
763,2021-08-04 10:00,29.9,210.7,.6,0,1006.8,1011,62.7,0,0
763,2021-08-04 11:00,30,183.5,.5,0,1006.3,1010.6,63.4,0,0
763,2021-08-04 12:00,31,218.2,.9,0,1005.7,1010,62.2,0,0
763,2021-08-04 13:00,31.7,176.8,.8,0,1005,1009.2,58.9,0,0
763,2021-08-04 14:00,32.1,266.7,2,0,1004.8,1009,59.7,0,0
763,2021-08-04 15:00,32.1,290.1,2.1,0,1004.4,1008.6,57.3,0,0
763,2021-08-04 16:00,32.4,322.3,1.1,0,1003.8,1008,59,0,0
763,2021-08-04 17:00,32.4,0,.4,0,1003.2,1007.4,58.4,0,0
763,2021-08-04 18:00,31.8,27.4,.6,0,1003.3,1007.5,61.2,0,0
763,2021-08-04 19:00,29.8,265.7,1.2,0,1003.6,1007.8,73.4,0,0
763,2021-08-04 20:00,28.5,255.5,.8,0,1003.9,1008.2,75.9,0,0
763,2021-08-04 21:00,27.5,0,.1,0,1004.7,1009,84.9,0,0
763,2021-08-04 22:00,26.8,0,.4,0,1005,1009.3,85.8,0,0
763,2021-08-04 23:00,27.2,0,.1,0,1005.1,1009.4,80.5,0,0
763,2021-08-05 00:00,25.6,0,.1,0,1005,1009.3,93.4,0,0
763,2021-08-05 01:00,24.9,0,.1,0,1004.8,1009.1,96.8,0,0
763,2021-08-05 02:00,24.4,0,.3,0,1004.5,1008.8,97.6,0,0
763,2021-08-05 03:00,24.2,122.9,.5,0,1004.3,1008.6,97.2,0,0
763,2021-08-05 04:00,23.6,0,.1,0,1004.2,1008.5,99.5,0,0
763,2021-08-05 05:00,23.4,0,0,0,1004,1008.3,99.4,0,0
763,2021-08-05 06:00,23.3,0,.1,0,1004,1008.3,99.6,0,0
763,2021-08-05 07:00,25.2,0,0,0,1004.3,1008.6,91.8,0,0
763,2021-08-05 08:00,27.2,0,.3,0,1004.1,1008.4,80.8,0,0
763,2021-08-05 09:00,29.1,24.6,.8,0,1003.9,1008.2,74.3,0,0
763,2021-08-05 10:00,31,13.5,.6,0,1003.9,1008.1,66,0,0
763,2021-08-05 11:00,31.4,34.6,1,0,1003.4,1007.6,63.3,0,0
763,2021-08-05 12:00,31.9,266.1,.7,0,1002.8,1007,59.6,0,0
763,2021-08-05 13:00,32,72.6,1,0,1002.2,1006.4,57.8,0,0
763,2021-08-05 14:00,33.3,228.9,1.1,0,1001.8,1006,54.1,0,0
763,2021-08-05 15:00,33.4,288,1.6,0,1001.3,1005.5,59.1,0,0
763,2021-08-05 16:00,33.2,299.1,1.9,0,1000.8,1005,58.4,0,0
763,2021-08-05 17:00,32.8,289.6,1.9,0,1000.6,1004.8,61.2,0,0
763,2021-08-05 18:00,31.6,288.4,2.1,0,1000.3,1004.5,66.3,0,0
763,2021-08-05 19:00,30.6,292.8,1.4,0,1000.5,1004.7,70.4,0,0
763,2021-08-05 20:00,29.1,0,.4,0,1001.2,1005.4,75,0,0
763,2021-08-05 21:00,28.4,0,.3,0,1001.6,1005.9,81.8,0,0
763,2021-08-05 22:00,27.3,0,.1,0,1001.9,1006.2,89.8,0,0
763,2021-08-05 23:00,26.3,100.8,.5,0,1002,1006.3,96,0,0
763,2021-08-06 00:00,25.9,102.4,.5,0,1001.7,1006,96.7,0,0
763,2021-08-06 01:00,25.6,0,.2,0,1001.5,1005.8,97.3,0,0
763,2021-08-06 02:00,25.3,0,.1,0,1001.2,1005.5,98.1,0,0
763,2021-08-06 03:00,25,0,.2,0,1001.2,1005.5,98.9,0,0
763,2021-08-06 04:00,24.9,0,0,0,1001.1,1005.4,98.9,0,0
763,2021-08-06 05:00,24.4,0,0,0,1000.9,1005.2,99.6,0,0
763,2021-08-06 06:00,24,0,0,0,1000.8,1005.1,99.8,0,0
763,2021-08-06 07:00,25.4,0,0,0,1001,1005.3,99,0,0
763,2021-08-06 08:00,27,60.1,.7,0,1000.7,1005,86.4,0,0
763,2021-08-06 09:00,29.2,358.7,1.4,0,1000.8,1005,73.3,0,0
763,2021-08-06 10:00,31,46,1,0,1000.1,1004.3,68.6,0,0
763,2021-08-06 11:00,32.3,350.7,1.3,0,999.6,1003.8,61.6,0,0
763,2021-08-06 12:00,32,332,2,0,999,1003.2,64.1,0,0
763,2021-08-06 13:00,32.1,310.5,1.5,0,998.4,1002.6,63.8,0,0
763,2021-08-06 14:00,32.5,297.1,1.8,0,998.3,1002.5,63.8,0,0
763,2021-08-06 15:00,32.9,277.5,2.1,0,998,1002.2,60.6,0,0
763,2021-08-06 16:00,33,285.2,2,0,997.7,1001.9,62.7,0,0
763,2021-08-06 17:00,31.1,326.3,3.2,0,998.5,1002.7,69.9,0,0
763,2021-08-06 18:00,28.7,40.5,2.3,0,999.8,1004,67.2,0,0
763,2021-08-06 19:00,27.7,53,2,0,1000.1,1004.4,70.8,0,0
763,2021-08-06 20:00,26.7,90.6,1.3,0,999.6,1003.9,72.1,0,0
763,2021-08-06 21:00,25.7,0,.3,0,999.3,1003.6,77.1,0,0
763,2021-08-06 22:00,24.4,286.7,.6,0,999.4,1003.7,87,0,0
763,2021-08-06 23:00,24.3,0,.3,0,1000,1004.3,90.9,0,0
763,2021-08-07 00:00,24.2,306.4,.5,0,1000.1,1004.4,93.4,0,0
763,2021-08-07 01:00,24.1,0,.3,0,999.7,1004,93.4,0,0
763,2021-08-07 02:00,23.5,0,.1,0,999.7,1004,97.7,0,0
763,2021-08-07 03:00,23.6,0,0,0,999.6,1003.9,93.4,0,0
763,2021-08-07 04:00,22.7,0,.3,0,999.4,1003.7,98.4,0,0
763,2021-08-07 05:00,22.5,0,.1,0,999.5,1003.8,98.9,0,0
763,2021-08-07 06:00,22.5,0,0,0,999.9,1004.2,99.2,0,0
763,2021-08-07 07:00,24.1,0,.4,0,1000.1,1004.4,90.4,0,0
763,2021-08-07 08:00,25.1,349.5,.7,0,1000.1,1004.4,82.3,0,0
763,2021-08-07 09:00,27.2,353.7,.9,0,1000.3,1004.6,75,0,0
763,2021-08-07 10:00,28.1,358.5,.7,0,1000.5,1004.8,72.5,0,0
763,2021-08-07 11:00,29.7,323.1,1,0,1000.3,1004.5,66.9,0,0
763,2021-08-07 12:00,31.6,13.8,1.3,0,1000,1004.2,60.7,0,0
763,2021-08-07 13:00,32.4,352.6,1.3,0,999.5,1003.7,58.9,0,0
763,2021-08-07 14:00,31.4,275.3,1.5,0,999,1003.2,55.5,0,0
763,2021-08-07 15:00,32.6,307.6,1.2,0,998.6,1002.8,55.2,0,0
763,2021-08-07 16:00,30.6,280.4,1.7,0,998.4,1002.6,65.3,0,0
763,2021-08-07 17:00,30.1,278.3,1.3,0,997.9,1002.1,71.1,0,0
763,2021-08-07 18:00,30.1,310.2,.9,0,998.4,1002.6,68,0,0
763,2021-08-07 19:00,28.9,325,.8,0,998.8,1003,72.1,0,0
763,2021-08-07 20:00,26.7,293.5,.7,0,999.3,1003.6,88.4,0,0
763,2021-08-07 21:00,26.3,0,.1,0,999.7,1004,89.8,0,0
763,2021-08-07 22:00,25.8,0,.1,0,1000.1,1004.4,94.1,0,0
763,2021-08-07 23:00,25.3,0,.3,0,1000.2,1004.5,93.4,0,0
763,2021-08-08 00:00,24.5,0,.1,0,1000.1,1004.4,96.8,0,0
763,2021-08-08 01:00,24,0,0,0,999.7,1004,97.6,0,0
763,2021-08-08 02:00,23.7,0,.1,0,999.2,1003.5,97,0,0
763,2021-08-08 03:00,23.7,0,.2,0,999.1,1003.4,95.7,0,0
763,2021-08-08 04:00,23.5,0,.1,0,999.3,1003.6,96.8,0,0
763,2021-08-08 05:00,23.3,0,.3,0,999.3,1003.6,97.7,0,0
763,2021-08-08 06:00,23.2,291.3,.6,0,999.2,1003.5,98.2,0,0
763,2021-08-08 07:00,23.7,0,.4,0,999.6,1003.9,96.9,0,0
763,2021-08-08 08:00,24.4,0,.3,0,999.4,1003.7,94.3,0,0
763,2021-08-08 09:00,25.7,350.8,.5,0,999.3,1003.6,89.3,0,0
763,2021-08-08 10:00,27.2,23.1,1.3,0,999.5,1003.8,77.9,0,0
763,2021-08-08 11:00,27.8,46.2,1.2,0,999.4,1003.7,73,0,0
763,2021-08-08 12:00,27.6,0,.4,0,999.4,1003.7,77.7,0,0
763,2021-08-08 13:00,28.4,3.5,.7,0,998.8,1003,77.3,0,0
763,2021-08-08 14:00,28.7,18.2,1.8,0,998.1,1002.3,75.2,0,0
763,2021-08-08 15:00,29.2,61.7,1.7,0,998,1002.2,75.9,0,0
763,2021-08-08 16:00,29.2,37.5,1.2,0,997.9,1002.1,74.5,0,0
763,2021-08-08 17:00,29.8,27.2,1.5,0,997.3,1001.5,74,0,0
763,2021-08-08 18:00,29.2,35.3,1.7,0,997.7,1001.9,72.1,0,0
763,2021-08-08 19:00,27.3,39.8,1.9,0,997.9,1002.2,76.3,0,0
763,2021-08-08 20:00,26,344.5,.6,0,998.5,1002.8,82.6,0,0
763,2021-08-08 21:00,26,49.8,1.3,0,998.4,1002.7,80.2,0,0
763,2021-08-08 22:00,24.5,0,.3,0,997.9,1002.2,89.4,0,0
763,2021-08-08 23:00,23.9,0,.4,0,998.2,1002.5,91.9,0,0
763,2021-08-09 00:00,23.6,0,.2,0,998.3,1002.6,92.8,0,0
763,2021-08-09 01:00,23.4,31.8,.6,0,998.5,1002.8,93.7,0,0
763,2021-08-09 02:00,22.3,0,0,0,998.5,1002.8,98.4,0,0
763,2021-08-09 03:00,22,0,0,0,998.4,1002.7,99.3,0,0
763,2021-08-09 04:00,21.8,0,0,0,998.2,1002.5,99.8,0,0
763,2021-08-09 05:00,21.4,0,0,0,998.4,1002.8,99.8,0,0
763,2021-08-09 06:00,21.4,0,.1,0,998.1,1002.5,99.8,0,0
763,2021-08-09 07:00,23.2,281.4,.6,0,998.9,1003.2,91.9,0,0
763,2021-08-09 08:00,25.6,24.3,1.5,0,999.2,1003.5,75.6,0,0
763,2021-08-09 09:00,27.1,5.8,1.2,0,999.6,1003.9,69.6,0,0
763,2021-08-09 10:00,28.4,69.2,1.3,0,999.5,1003.7,61.9,0,0
763,2021-08-09 11:00,29.6,65.4,1.1,0,999.4,1003.6,59.8,0,0
763,2021-08-09 12:00,30.3,338.2,1.2,0,999.2,1003.4,59.7,0,0
763,2021-08-09 13:00,30.8,334.3,1.5,0,999.1,1003.3,56.6,0,0
763,2021-08-09 14:00,32.3,357.5,1.7,0,998.8,1003,51.9,0,0
763,2021-08-09 15:00,31.6,2.6,.9,0,998.8,1003,53.6,0,0
763,2021-08-09 16:00,32.5,.2,1.3,0,998.6,1002.8,52.5,0,0
763,2021-08-09 17:00,31.9,324.3,1.4,0,999.1,1003.3,52.1,0,0
763,2021-08-09 18:00,30.5,276.7,1.6,0,998.8,1003,63.9,0,0
763,2021-08-09 19:00,28.8,259.7,1.6,0,999.8,1004,69.5,0,0
763,2021-08-09 20:00,27.8,0,.3,0,1000.2,1004.5,73.3,0,0
763,2021-08-09 21:00,26.2,106.7,.5,0,1000.8,1005.1,80.4,0,0
763,2021-08-09 22:00,25.6,0,.1,0,1001.4,1005.7,88.6,0,0
763,2021-08-09 23:00,25.6,122.7,.8,0,1001.5,1005.8,83.8,0,0
763,2021-08-10 00:00,25.3,0,.2,0,1001.6,1005.9,85.8,0,0
763,2021-08-10 01:00,25.5,47.9,.5,0,1002.2,1006.5,85.7,0,0
763,2021-08-10 02:00,25,0,.2,0,1002.2,1006.5,90.1,0,0
763,2021-08-10 03:00,25.4,178.9,.5,0,1002.3,1006.6,84.7,0,0
763,2021-08-10 04:00,24.2,0,.2,0,1002.4,1006.7,92.9,0,0
763,2021-08-10 05:00,24.2,0,.2,0,1002.7,1007,93.5,0,0
763,2021-08-10 06:00,25.3,0,.2,0,1003.3,1007.6,86.3,0,0
763,2021-08-10 07:00,25.8,0,.1,0,1003.6,1007.9,84.5,0,0
763,2021-08-10 08:00,27,0,.3,0,1003.8,1008.1,76.1,0,0
763,2021-08-10 09:00,28.4,217.6,.6,0,1003.6,1007.9,70.5,0,0
763,2021-08-10 10:00,27.5,227.3,1,0,1004.3,1008.6,76.2,0,0
763,2021-08-10 11:00,29.6,254.9,1.1,0,1004.6,1008.8,66.3,0,0
763,2021-08-10 12:00,30.9,279,1.5,0,1004.1,1008.3,59,0,0
763,2021-08-10 13:00,31.8,226.9,1,0,1003.9,1008.1,55,0,0
763,2021-08-10 14:00,31.1,278,2,0,1003.6,1007.8,61.5,0,0
763,2021-08-10 15:00,31,287.7,2.2,0,1003.4,1007.6,59.6,0,0
763,2021-08-10 16:00,31,285.2,1.9,0,1003.3,1007.5,59,0,0
763,2021-08-10 17:00,30.4,272.1,1.9,0,1003.7,1008,58.5,0,0
763,2021-08-10 18:00,29.6,266.5,2.4,0,1004.1,1008.3,62.1,0,0
763,2021-08-10 19:00,28.5,257,1.3,0,1004.1,1008.4,69.6,0,0
763,2021-08-10 20:00,27.4,245.3,.8,0,1005.1,1009.4,75.2,0,0
763,2021-08-10 21:00,26.4,122.5,.7,0,1006.1,1010.4,80.3,0,0
763,2021-08-10 22:00,25.7,0,.4,0,1006.1,1010.4,78.6,0,0
763,2021-08-10 23:00,24.5,112.4,.6,0,1006.3,1010.6,85.4,0,0
763,2021-08-11 00:00,24.1,0,.4,0,1006.4,1010.7,84.9,0,0
763,2021-08-11 01:00,23.1,0,0,0,1006.3,1010.7,91.8,0,0
763,2021-08-11 02:00,23.5,0,.2,0,1006.3,1010.6,87.9,0,0
763,2021-08-11 03:00,22.6,0,.2,0,1006.5,1010.9,93.1,0,0
763,2021-08-11 04:00,22.2,0,.2,0,1006.9,1011.3,97.4,0,0
763,2021-08-11 05:00,22.1,0,.1,0,1006.7,1011.1,98.7,0,0
763,2021-08-11 06:00,21.6,0,.4,0,1006.4,1010.8,99.6,0,0
763,2021-08-11 07:00,22.7,0,0,0,1007.1,1011.5,96.6,0,0
763,2021-08-11 08:00,24.9,10.5,.7,0,1007.5,1011.8,87.6,0,0
763,2021-08-11 09:00,26.9,21.2,1.1,0,1007.5,1011.8,79.3,0,0
763,2021-08-11 10:00,28.4,55.6,1.5,0,1007.5,1011.8,67.5,0,0
763,2021-08-11 11:00,29.8,92.1,1.1,0,1007,1011.3,59.7,0,0
763,2021-08-11 12:00,30.5,155,.8,0,1006.7,1011,51.6,0,0
763,2021-08-11 13:00,31.6,17.9,1.3,0,1005.9,1010.1,44.9,0,0
763,2021-08-11 14:00,32.1,255.8,.9,0,1005.4,1009.6,49.4,0,0
763,2021-08-11 15:00,31.8,83.4,1.1,0,1004.7,1008.9,47.1,0,0
763,2021-08-11 16:00,32.5,348.2,1.6,0,1004.6,1008.8,44.9,0,0
763,2021-08-11 17:00,32.1,326.3,1.3,0,1004.5,1008.7,47.4,0,0
763,2021-08-11 18:00,31.4,4.2,.9,0,1004.6,1008.8,51.6,0,0
763,2021-08-11 19:00,28.6,0,0,0,1004.8,1009.1,71.2,0,0
763,2021-08-11 20:00,26.9,0,.1,0,1005.5,1009.8,77.8,0,0
763,2021-08-11 21:00,25.4,0,0,0,1006.1,1010.4,87.6,0,0
763,2021-08-11 22:00,25.5,0,.3,0,1006.5,1010.8,90.2,0,0
763,2021-08-11 23:00,24.6,0,0,0,1006.7,1011,93.2,0,0
763,2021-08-12 00:00,23.8,0,0,0,1007,1011.3,97.3,0,0
763,2021-08-12 01:00,24,0,0,0,1006.7,1011,95.2,0,0
763,2021-08-12 02:00,23.6,0,0,0,1006.9,1011.2,96.6,0,0
763,2021-08-12 03:00,23.5,0,.2,0,1006.8,1011.1,97.4,0,0
763,2021-08-12 04:00,22.7,0,.1,0,1006.4,1010.8,98.9,0,0
763,2021-08-12 05:00,22.4,0,0,0,1006.6,1011,99.7,0,0
763,2021-08-12 06:00,22.1,0,0,0,1006.5,1010.9,99.8,0,0
763,2021-08-12 07:00,23.4,0,.2,0,1006.7,1011,98,0,0
763,2021-08-12 08:00,25.1,26.7,1,0,1007.1,1011.4,89.3,0,0
763,2021-08-12 09:00,27.3,274.3,.7,0,1007.4,1011.7,79.5,0,0
763,2021-08-12 10:00,29.1,6.4,1.3,0,1006.9,1011.2,72.7,0,0
763,2021-08-12 11:00,30.5,353.4,1.2,0,1006.4,1010.7,65.3,0,0
763,2021-08-12 12:00,31.2,340.7,2,0,1006,1010.2,61.8,0,0
763,2021-08-12 13:00,31.5,11.9,1.6,0,1005.5,1009.7,55.8,0,0
763,2021-08-12 14:00,32.6,358.6,1.7,0,1004.8,1009,52.2,0,0
763,2021-08-12 15:00,31.8,9.1,1.5,0,1004.1,1008.3,56.1,0,0
763,2021-08-12 16:00,30.6,36.1,.6,0,1004.5,1008.8,58.7,0,0
763,2021-08-12 17:00,26.4,162.9,1,0,1004.8,1009.1,74.2,0,0
763,2021-08-12 18:00,26.3,112.7,.9,0,1004.1,1008.4,70.3,0,0
763,2021-08-12 19:00,25.5,15.9,.7,0,1004.3,1008.6,73.8,0,0
763,2021-08-12 20:00,25.1,0,.4,0,1004.8,1009.1,78.3,0,0
763,2021-08-12 21:00,24.6,0,.3,0,1005,1009.3,83.7,0,0
763,2021-08-12 22:00,23.5,0,.1,0,1004.7,1009,90.8,0,0
763,2021-08-12 23:00,23.2,0,.1,0,1004.4,1008.7,90.1,0,0
763,2021-08-13 00:00,22.4,0,.2,0,1004.3,1008.7,95.2,0,0
763,2021-08-13 01:00,22.4,0,0,0,1004.1,1008.5,96.6,0,0
763,2021-08-13 02:00,21.9,73.6,.6,0,1003.8,1008.2,98.9,0,0
763,2021-08-13 03:00,21.3,0,.2,0,1003.6,1008,99.4,0,0
763,2021-08-13 04:00,21.3,0,0,0,1003.6,1008,99.8,0,0
763,2021-08-13 05:00,21.1,0,0,0,1003.1,1007.5,99.8,0,0
763,2021-08-13 06:00,21.3,0,0,0,1003,1007.4,99.8,0,0
763,2021-08-13 07:00,21.9,0,.2,0,1003,1007.4,99.8,0,0
763,2021-08-13 08:00,23,0,.3,0,1002.9,1007.2,95.1,0,0
763,2021-08-13 09:00,24.7,357.3,.7,0,1002.8,1007.1,89.2,0,0
763,2021-08-13 10:00,27.7,12.6,1.5,0,1002.7,1007,74.6,0,0
763,2021-08-13 11:00,28,32.2,1.5,0,1002.5,1006.8,72.3,0,0
763,2021-08-13 12:00,28.8,64.7,1.6,0,1002,1006.3,67.7,0,0
763,2021-08-13 13:00,29.6,41.4,1.8,0,1001.7,1005.9,62.8,0,0
763,2021-08-13 14:00,30.4,37.4,1.9,0,1001.4,1005.6,61.9,0,0
763,2021-08-13 15:00,30.7,23.1,2.4,0,1000.9,1005.1,58.7,0,0
763,2021-08-13 16:00,30,24.3,2.1,0,1000.3,1004.5,61.7,0,0
763,2021-08-13 17:00,28.8,21.2,2.2,0,1000.4,1004.6,63.5,0,0
763,2021-08-13 18:00,27.9,352.6,.9,0,1000.8,1005.1,69.3,0,0
763,2021-08-13 19:00,27.2,344,.9,0,1001.3,1005.6,71.5,0,0
763,2021-08-13 20:00,25.7,0,.2,0,1001.5,1005.8,82.8,0,0
763,2021-08-13 21:00,25.7,0,0,0,1002.3,1006.6,81.9,0,0
763,2021-08-13 22:00,24.3,0,.4,0,1002.7,1007,94.2,0,0
763,2021-08-13 23:00,24.1,0,.4,0,1002.3,1006.6,93.5,0,0
763,2021-08-14 00:00,24.2,0,.2,0,1001.7,1006,90.8,0,0
763,2021-08-14 01:00,23.8,0,.1,0,1001.8,1006.1,92.4,0,0
763,2021-08-14 02:00,23.6,0,.1,0,1001.4,1005.7,92.4,0,0
763,2021-08-14 03:00,23.5,0,.1,0,1001.7,1006,93.6,0,0
763,2021-08-14 04:00,23,25.1,.5,0,1001.6,1005.9,97.1,0,0
763,2021-08-14 05:00,22.8,0,.3,0,1001.6,1005.9,98.2,0,0
763,2021-08-14 06:00,22.8,69.9,.5,0,1001.9,1006.2,97.5,0,0
763,2021-08-14 07:00,23,0,.3,0,1002.3,1006.6,96.7,0,0
763,2021-08-14 08:00,23.6,351.8,.5,0,1002.8,1007.1,89.2,0,0
763,2021-08-14 09:00,23.1,0,.4,0,1003.7,1008,96.6,0,0
763,2021-08-14 10:00,24.7,22.9,1.4,0,1003.8,1008.1,88.5,0,0
763,2021-08-14 11:00,25.1,22.6,2.1,0,1003.1,1007.4,81.6,0,0
763,2021-08-14 12:00,26,23.3,1.9,0,1002.8,1007.1,75,0,0
763,2021-08-14 13:00,26.7,25.3,2.7,0,1002.6,1006.9,70.1,0,0
763,2021-08-14 14:00,27.4,73.4,2.2,0,1002.6,1006.9,66.2,0,0
763,2021-08-14 15:00,28.9,35.8,1.6,0,1002.6,1006.9,59,0,0
763,2021-08-14 16:00,29.2,38,2.1,0,1002.8,1007,59,0,0
763,2021-08-14 17:00,28.8,69.9,2.3,0,1003,1007.3,56.8,0,0
763,2021-08-14 18:00,28.3,33.5,1.3,0,1003.4,1007.7,59.9,0,0
763,2021-08-14 19:00,26.8,60.1,.7,0,1004,1008.3,65.4,0,0
763,2021-08-14 20:00,24.5,0,0,0,1004.6,1008.9,78.3,0,0
763,2021-08-14 21:00,24.4,0,.4,0,1005.6,1009.9,80.7,0,0
763,2021-08-14 22:00,25.9,82.5,1.2,0,1006.3,1010.6,64.9,0,0
763,2021-08-14 23:00,23.8,0,.3,0,1006.7,1011,76.7,0,0
763,2021-08-15 00:00,22.6,0,.3,0,1007.1,1011.5,84.8,0,0
763,2021-08-15 01:00,22.5,0,.2,0,1007.1,1011.5,85.7,0,0
763,2021-08-15 02:00,21.1,0,0,0,1007,1011.4,94.2,0,0
763,2021-08-15 03:00,20.4,0,0,0,1007.5,1011.9,96.6,0,0
763,2021-08-15 04:00,20.4,0,0,0,1007.7,1012.1,95.5,0,0
763,2021-08-15 05:00,20.5,0,.3,0,1008.4,1012.8,96.2,0,0
763,2021-08-15 06:00,20.3,0,.1,0,1008.8,1013.2,97.6,0,0
763,2021-08-15 07:00,22.4,35.1,.5,0,1009.1,1013.5,89.3,0,0
763,2021-08-15 08:00,23.6,18.8,.8,0,1009.7,1014.1,85.7,0,0
763,2021-08-15 09:00,25.5,29.6,1.1,0,1009.8,1014.1,69.5,0,0
763,2021-08-15 10:00,26.8,9.1,.7,0,1010.1,1014.4,64.3,0,0
763,2021-08-15 11:00,28.8,47.3,1.3,0,1010.1,1014.4,56.6,0,0
763,2021-08-15 12:00,29.4,199,.7,0,1009.7,1014,51.1,0,0
763,2021-08-15 13:00,30.9,345.8,1.1,0,1009.5,1013.8,46.8,0,0
763,2021-08-15 14:00,30.3,304.7,.8,0,1009.3,1013.6,47.5,0,0
763,2021-08-15 15:00,30.8,141,.8,0,1009,1013.3,48.9,0,0
763,2021-08-15 16:00,31.6,18.1,1.3,0,1008.9,1013.2,44.3,0,0
763,2021-08-15 17:00,31.1,17.6,1.3,0,1009.1,1013.4,49.8,0,0
763,2021-08-15 18:00,29.8,86.9,1.7,0,1009,1013.3,54.5,0,0
763,2021-08-15 19:00,27.9,115.4,.6,0,1009.2,1013.5,64.9,0,0
763,2021-08-15 20:00,25.2,0,0,0,1009.5,1013.9,81.8,0,0
763,2021-08-15 21:00,26,59.6,.5,0,1009.9,1014.2,73.3,0,0
763,2021-08-15 22:00,25,0,0,0,1010.2,1014.6,81.2,0,0
763,2021-08-15 23:00,24.1,0,.1,0,1010.8,1015.1,85.9,0,0
763,2021-08-16 00:00,23.3,0,0,0,1011.2,1015.6,90.6,0,0
763,2021-08-16 01:00,22.9,0,.4,0,1011.1,1015.5,90.9,0,0
763,2021-08-16 02:00,22.4,0,0,0,1011.1,1015.5,94.8,0,0
763,2021-08-16 03:00,22,0,.3,0,1011.1,1015.5,96.5,0,0
763,2021-08-16 04:00,22.2,0,.3,0,1011.4,1015.8,94.8,0,0
763,2021-08-16 05:00,21.4,0,.1,0,1011.2,1015.6,97.7,0,0
763,2021-08-16 06:00,21.1,0,.1,0,1011.3,1015.7,97.9,0,0
763,2021-08-16 07:00,22.8,0,.3,0,1011.6,1016,86.4,0,0
763,2021-08-16 08:00,24.1,8,.8,0,1011.5,1015.8,80,0,0
763,2021-08-16 09:00,26.2,15.7,1.2,0,1011.3,1015.6,69.5,0,0
763,2021-08-16 10:00,27.9,82.5,1.9,0,1011.2,1015.5,62.2,0,0
763,2021-08-16 11:00,28.2,91.8,2.6,0,1011,1015.3,58,0,0
763,2021-08-16 12:00,29.5,81.1,2.1,0,1010.1,1014.4,56.8,0,0
763,2021-08-16 13:00,28.8,74.7,1.6,0,1009.5,1013.8,55.5,0,0
763,2021-08-16 14:00,29.7,50.9,1.8,0,1008.8,1013.1,56.5,0,0
763,2021-08-16 15:00,30.1,70.7,2.4,0,1008.3,1012.6,54,0,0
763,2021-08-16 16:00,29.5,95.8,2.2,0,1008.2,1012.5,53.1,0,0
763,2021-08-16 17:00,29,91.9,1.9,0,1008.3,1012.6,53.4,0,0
763,2021-08-16 18:00,28.2,92.2,1.4,0,1008,1012.3,57.4,0,0
763,2021-08-16 19:00,27.1,68.4,1.1,0,1008.3,1012.6,61.1,0,0
763,2021-08-16 20:00,26.1,83.1,1.3,0,1008.4,1012.7,62.2,0,0
763,2021-08-16 21:00,25.7,75.6,1.2,0,1008.3,1012.6,64.6,0,0
763,2021-08-16 22:00,24.5,298.9,1.1,0,1008.8,1013.1,70.8,0,0
763,2021-08-16 23:00,24.4,44,.7,0,1008.5,1012.8,70.2,0,0
763,2021-08-17 00:00,23.6,29.4,1.2,0,1008.6,1012.9,73.4,0,0
763,2021-08-17 01:00,22.9,23.1,.9,0,1008.4,1012.8,76.8,0,0
763,2021-08-17 02:00,22.3,23.5,1.5,0,1007.7,1012.1,76,0,0
763,2021-08-17 03:00,21.8,65.2,.7,0,1007.3,1011.7,78.4,0,0
763,2021-08-17 04:00,22,62.1,1.1,0,1007,1011.4,75.5,0,0
763,2021-08-17 05:00,21.9,65,.9,0,1006.7,1011.1,77.7,0,0
763,2021-08-17 06:00,22.2,63.3,1,0,1007,1011.4,75.8,0,0
763,2021-08-17 07:00,22.7,20.6,.6,0,1007,1011.4,77.8,0,0
763,2021-08-17 08:00,23.6,26.2,1,0,1007.1,1011.4,73.7,0,0
763,2021-08-17 09:00,24.8,18.8,2.2,0,1007,1011.3,68.3,0,0
763,2021-08-17 10:00,26.7,4.3,2.6,0,1006.7,1011,65.8,0,0
763,2021-08-17 11:00,27.2,41,2.7,0,1005.9,1010.2,62.2,0,0
763,2021-08-17 12:00,29.1,50.3,2.3,0,1005.3,1009.6,58.6,0,0
763,2021-08-17 13:00,30,55.4,2.5,0,1004.8,1009.1,55.7,0,0
763,2021-08-17 14:00,29.9,19.1,2.5,0,1004.3,1008.5,55.3,0,0
763,2021-08-17 15:00,30.1,27,2.2,0,1003.7,1008,56.6,0,0
763,2021-08-17 16:00,30.2,23.5,2.4,0,1003.3,1007.6,55.5,0,0
763,2021-08-17 17:00,29.4,48.4,2.5,0,1003.2,1007.4,55.7,0,0
763,2021-08-17 18:00,27.6,82.2,1.7,0,1003.1,1007.4,62.8,0,0
763,2021-08-17 19:00,26.8,57.3,1,0,1003.3,1007.6,67.5,0,0
763,2021-08-17 20:00,25.3,47.7,.7,0,1004,1008.3,75.7,0,0
763,2021-08-17 21:00,25.3,42.9,.8,0,1004.8,1009.1,71.8,0,0
763,2021-08-17 22:00,24.8,60.2,.6,0,1005.2,1009.5,73.6,0,0
763,2021-08-17 23:00,24.1,0,.3,0,1005.4,1009.7,77.7,0,0
763,2021-08-18 00:00,22.6,335.7,.9,0,1005.7,1010.1,85.2,0,0
763,2021-08-18 01:00,21.6,0,.1,0,1005.4,1009.8,91.2,0,0
763,2021-08-18 02:00,21,0,.3,0,1005.2,1009.6,93.4,0,0
763,2021-08-18 03:00,20,0,0,0,1005,1009.4,96.2,0,0
763,2021-08-18 04:00,19.4,0,.2,0,1004.9,1009.3,98.1,0,0
763,2021-08-18 05:00,19.4,0,.3,0,1005.2,1009.6,99.1,0,0
763,2021-08-18 06:00,19,0,.2,0,1005.6,1010,98.7,0,0
763,2021-08-18 07:00,20.8,0,.3,0,1006.1,1010.5,91.9,0,0
763,2021-08-18 08:00,23.4,9.3,.9,0,1006.5,1010.8,78.2,0,0
763,2021-08-18 09:00,25.9,355.7,1,0,1006.4,1010.7,64.3,0,0
763,2021-08-18 10:00,27.4,14.9,2.3,0,1006.2,1010.5,62.3,0,0
763,2021-08-18 11:00,28.9,81.8,2.1,0,1005.9,1010.2,56.9,0,0
763,2021-08-18 12:00,29.3,84.2,2.8,0,1005.3,1009.6,54,0,0
763,2021-08-18 13:00,28.9,83.1,3.6,0,1004.9,1009.2,54.8,0,0
763,2021-08-18 14:00,27.3,80.5,2.8,0,1005.1,1009.4,59.8,0,0
763,2021-08-18 15:00,24.4,0,.3,0,1004.8,1009.1,84.1,0,0
763,2021-08-18 16:00,25.1,0,.4,0,1004.8,1009.1,80.4,0,0
763,2021-08-18 17:00,25.5,0,.3,0,1004.8,1009.1,80.2,0,0
763,2021-08-18 18:00,26,120.4,1,0,1004.9,1009.2,66.8,0,0
763,2021-08-18 19:00,24.9,0,.1,0,1005.4,1009.7,77,0,0
763,2021-08-18 20:00,23.4,0,.1,0,1006,1010.3,85.9,0,0
763,2021-08-18 21:00,23.1,0,.3,0,1006.4,1010.8,87.3,0,0
763,2021-08-18 22:00,23.7,72.4,1.1,0,1006.1,1010.4,77.8,0,0
763,2021-08-18 23:00,22.9,19.9,.7,0,1006.6,1011,82.2,0,0
763,2021-08-19 00:00,21.9,0,.4,0,1006.7,1011.1,95.9,0,0
763,2021-08-19 01:00,21.1,0,0,0,1006.6,1011,99.8,0,0
763,2021-08-19 02:00,20.8,0,.2,0,1006.6,1011,99.8,0,0
763,2021-08-19 03:00,20.7,0,.1,0,1006.7,1011.1,99.7,0,0
763,2021-08-19 04:00,20.3,0,0,0,1006.8,1011.2,99.8,0,0
763,2021-08-19 05:00,20.3,0,.2,0,1006.7,1011.1,99.8,0,0
763,2021-08-19 06:00,20,0,0,0,1006.9,1011.3,99.8,0,0
763,2021-08-19 07:00,20.6,0,.2,0,1007.3,1011.7,98.7,0,0
763,2021-08-19 08:00,21.5,0,.1,0,1007.6,1012,93.1,0,0
763,2021-08-19 09:00,22.8,0,0,0,1008.1,1012.5,87.3,0,0
763,2021-08-19 10:00,25,79.5,.6,,1008.3,1012.7,71.7,,
763,2021-08-19 11:00,27.4,44.9,1.2,,1008.3,1012.6,63.7,,
763,2021-08-19 12:00,26.7,155.9,.8,,1008,1012.3,65,,
763,2021-08-19 13:00,27.9,108.5,2.3,0,1007.8,1012.1,59.8,,
763,2021-08-19 14:00,27.4,89.2,1.6,0,1007.6,1011.9,66.6,,
763,2021-08-19 15:00,27.2,251.4,.6,0,1007.4,1011.7,71.5,,
763,2021-08-19 16:00,28.2,358.7,1.5,0,1006.8,1011.1,63.3,,
763,2021-08-19 17:00,27.7,236.1,.7,0,1007.2,1011.5,63.9,,
763,2021-08-19 18:00,26.2,230.4,.5,0,1006.9,1011.2,72.6,,
763,2021-08-19 19:00,25.5,0,.4,0,1007.6,1011.9,77.7,,
763,2021-08-19 20:00,24,93.6,.5,0,1008.2,1012.5,86.8,,
763,2021-08-19 21:00,24,0,.3,0,1008.8,1013.1,83.9,,
763,2021-08-19 22:00,22.5,0,.2,0,1009,1013.4,91.6,,
763,2021-08-19 23:00,21.7,0,.4,0,1008.9,1013.3,95.6,,
763,2021-08-20 00:00,21.7,0,.1,0,1009.2,1013.6,91.6,0,0
763,2021-08-20 01:00,22.3,0,0,0,1009,1013.4,87.4,0,0
763,2021-08-20 02:00,21,0,.2,0,1009.1,1013.5,94.4,0,0
763,2021-08-20 03:00,21.5,0,.2,0,1008.8,1013.2,86.7,0,0
763,2021-08-20 04:00,20.1,0,.1,0,1008.7,1013.1,96,0,0
763,2021-08-20 05:00,19.6,0,.1,0,1008.6,1013,98.8,0,0
763,2021-08-20 06:00,19.1,0,.2,0,1009,1013.4,99.5,0,0
763,2021-08-20 07:00,20.9,0,.2,0,1009.3,1013.7,96,0,0
763,2021-08-20 08:00,24,10.9,.6,0,1009.1,1013.4,81.6,0,0
763,2021-08-20 09:00,26.2,134.1,.9,0,1009.2,1013.5,67.7,0,0
763,2021-08-20 10:00,27.2,148.8,.8,0,1009.5,1013.8,63.9,0,0
763,2021-08-20 11:00,28.8,137.9,.6,0,1009.2,1013.5,58.1,0,0
763,2021-08-20 12:00,29.3,137.1,1.2,0,1008.6,1012.9,56.2,0,0
763,2021-08-20 13:00,30.5,113.5,1.8,0,1008.1,1012.4,52.7,0,0
763,2021-08-20 14:00,29.6,141.2,.6,0,1007.9,1012.2,54.3,0,0
763,2021-08-20 15:00,30.6,228.2,1,0,1007.2,1011.5,48.6,0,0
763,2021-08-20 16:00,30.7,230.7,1.3,0,1006.6,1010.9,48.1,0,0
763,2021-08-20 17:00,30.8,186.9,.8,0,1006.1,1010.4,50,0,0
763,2021-08-20 18:00,29.3,0,.3,0,1006,1010.3,56.8,0,0
763,2021-08-20 19:00,28.6,0,.3,0,1006.4,1010.7,58.5,0,0
763,2021-08-20 20:00,27.6,0,.3,0,1007.1,1011.4,60,0,0
763,2021-08-20 21:00,26.7,116.5,.5,0,1007,1011.3,64.8,0,0
763,2021-08-20 22:00,26.4,0,.4,0,1006.9,1011.2,66.8,0,0
763,2021-08-20 23:00,25.7,132.7,.8,0,1006.4,1010.7,68.5,0,0
763,2021-08-21 00:00,25.6,0,.4,0,1006.1,1010.4,69.3,0,0
763,2021-08-21 01:00,23.1,0,.4,0,1005.7,1010,86,0,0
763,2021-08-21 02:00,23.1,0,.3,0,1005.1,1009.4,85.5,0,0
763,2021-08-21 03:00,22.9,0,.4,0,1004.6,1008.9,85.5,0,0
763,2021-08-21 04:00,23.1,83.4,.5,0,1004,1008.3,87.7,0,0
763,2021-08-21 05:00,22.8,324.2,.5,0,1003.2,1007.5,89.7,0,0
763,2021-08-21 06:00,25.5,128.6,.5,0,1002.4,1006.7,75.5,0,0
763,2021-08-21 07:00,23.3,124.8,.7,0,1001.9,1006.2,90.6,0,0
763,2021-08-21 08:00,23.2,124.5,.7,0,1000.9,1005.2,93.4,0,0
763,2021-08-21 09:00,22.7,106.4,.8,2.5,999.7,1004,99.2,0,0
763,2021-08-21 10:00,22.9,132.4,1.2,5.5,999,1003.3,98.4,0,0
763,2021-08-21 11:00,23.5,149.3,1.7,4,997.8,1002.1,97.1,0,0
763,2021-08-21 12:00,24,183,.9,6.5,997.9,1002.2,97.7,0,0
763,2021-08-21 13:00,24.4,222.2,1.5,6,997.5,1001.8,98,0,0
763,2021-08-21 14:00,25.3,216.5,1.8,2.5,998,1002.3,95.6,0,0
763,2021-08-21 15:00,27.5,235.4,2.2,.5,997.1,1001.4,83,0,0
763,2021-08-21 16:00,26.7,254.4,2,0,997.9,1002.2,81.4,0,0
763,2021-08-21 17:00,26.5,238.9,1.9,0,998.8,1003.1,81.3,0,0
763,2021-08-21 18:00,26.4,259.1,2.2,0,999.6,1003.9,79.5,0,0
763,2021-08-21 19:00,25.6,251.3,1.5,.5,1000.2,1004.5,81,0,0
763,2021-08-21 20:00,25,236.5,.7,0,1001.2,1005.5,86.9,0,0
763,2021-08-21 21:00,24.6,214.1,.6,0,1001.9,1006.2,88.5,0,0
763,2021-08-21 22:00,24,0,.4,0,1002.4,1006.7,90,0,0
763,2021-08-21 23:00,23.8,150.1,.6,0,1002.7,1007,92.4,0,0
763,2021-08-22 00:00,24,0,.4,0,1003.5,1007.8,93.7,0,0
763,2021-08-22 01:00,24.1,191.2,.6,0,1003.6,1007.9,91.5,0,0
763,2021-08-22 02:00,24,0,.3,0,1003.9,1008.2,92.7,0,0
763,2021-08-22 03:00,24.1,232.4,1,0,1004.2,1008.5,92,0,0
763,2021-08-22 04:00,23.9,252.1,.6,0,1003.9,1008.2,92.8,0,0
763,2021-08-22 05:00,23.7,0,.2,0,1003.5,1007.8,93.9,0,0
763,2021-08-22 06:00,23,0,.2,0,1003.5,1007.8,97.6,0,0
763,2021-08-22 07:00,23.4,0,.3,0,1004.2,1008.5,96.5,0,0
763,2021-08-22 08:00,24.3,0,.3,0,1004.9,1009.2,88.2,0,0
763,2021-08-22 09:00,25.5,208,.6,0,1005.3,1009.6,85,0,0
763,2021-08-22 10:00,25.9,249.5,1.6,0,1005.8,1010.1,78.2,0,0
763,2021-08-22 11:00,27,241.8,1.7,0,1006.3,1010.6,73.1,0,0
763,2021-08-22 12:00,27.7,239,1.4,0,1005.9,1010.2,66.7,0,0
763,2021-08-22 13:00,28.1,269.4,1.5,0,1005.7,1010,68,0,0
763,2021-08-22 14:00,28.9,248.9,1.3,0,1005.8,1010.1,66.8,0,0
763,2021-08-22 15:00,27.2,234.1,1.6,0,1005.7,1010,72,0,0
763,2021-08-22 16:00,27.3,231.1,1.4,0,1005.4,1009.7,72,0,0
763,2021-08-22 17:00,27,233.5,1.3,0,1005.4,1009.7,76,0,0
763,2021-08-22 18:00,27,264.3,1,0,1005.4,1009.7,73.6,0,0
763,2021-08-22 19:00,25.9,282.6,.7,0,1006.1,1010.4,81.7,0,0
763,2021-08-22 20:00,24,0,.1,0,1006.5,1010.8,94.4,0,0
763,2021-08-22 21:00,24.3,0,0,0,1007,1011.3,93.7,0,0
763,2021-08-22 22:00,23.7,0,.2,0,1006.6,1010.9,94,0,0
763,2021-08-22 23:00,23.1,0,.4,0,1006.7,1011.1,98.1,0,0
763,2021-08-23 00:00,23.2,0,.2,0,1007,1011.4,98.1,0,0
763,2021-08-23 01:00,23.1,0,.1,0,1007.3,1011.7,99,0,0
763,2021-08-23 02:00,23,0,.2,0,1007.2,1011.6,99.8,0,0
763,2021-08-23 03:00,22.8,0,.1,0,1007,1011.4,99.8,0,0
763,2021-08-23 04:00,22.8,0,.1,0,1006.9,1011.3,99.8,0,0
763,2021-08-23 05:00,22.9,0,.4,0,1006.3,1010.7,99.8,0,0
763,2021-08-23 06:00,23,0,0,0,1006.1,1010.5,99.7,0,0
763,2021-08-23 07:00,23.5,171.6,1,.5,1006.8,1011.1,96.3,0,0
763,2021-08-23 08:00,23.4,153.9,.8,5,1007.3,1011.6,98.5,0,0
763,2021-08-23 09:00,23,0,.3,3,1007.4,1011.8,99.8,0,0
763,2021-08-23 10:00,22.7,86.5,1,5.5,1007.4,1011.8,99.8,0,0
763,2021-08-23 11:00,23.3,16.6,1.3,1.5,1006.6,1010.9,99.2,0,0
763,2021-08-23 12:00,23.8,343.4,.7,.5,1006.1,1010.4,98.4,0,0
763,2021-08-23 13:00,23.4,15.9,1.1,1.5,1006,1010.3,99.8,0,0
763,2021-08-23 14:00,22.8,29.9,1.7,2.5,1005.3,1009.7,99.8,0,0
763,2021-08-23 15:00,23,27.3,1.9,2.5,1004.6,1008.9,99.8,0,0
763,2021-08-23 16:00,23,26,2.2,2,1004.2,1008.5,99.8,0,0
763,2021-08-23 17:00,23.2,16.8,1.5,.5,1003.5,1007.8,99.8,0,0
763,2021-08-23 18:00,22.8,13.1,1.7,.5,1003.3,1007.6,99.8,0,0
763,2021-08-23 19:00,22.5,5.9,1.2,.5,1002.7,1007,99.8,0,0
763,2021-08-23 20:00,22.2,23.9,1.4,1.5,1001.9,1006.3,99.8,0,0
763,2021-08-23 21:00,22.3,55.3,.9,1.5,1001.2,1005.5,99.3,0,0
763,2021-08-23 22:00,22,63.3,1.4,8.5,1000.6,1005,99.8,0,0
763,2021-08-23 23:00,21.8,88.1,1.8,8.5,999.7,1004.1,99.8,0,0
763,2021-08-24 00:00,21.7,327.2,.7,5,998.6,1003,99.8,0,0
763,2021-08-24 01:00,21.5,57.6,1.2,1.5,997.9,1002.3,99.8,0,0
763,2021-08-24 02:00,21.7,0,.1,0,997.7,1002,99.8,0,0
763,2021-08-24 03:00,21.7,262.9,.6,.5,997.8,1002.1,99.8,0,0
763,2021-08-24 04:00,21.9,0,.4,0,997.4,1001.7,99.8,0,0
763,2021-08-24 05:00,22.6,189.1,.7,1.5,997,1001.3,98.9,0,0
763,2021-08-24 06:00,23.3,149.1,.9,1.5,996.2,1000.5,97.9,0,0
763,2021-08-24 07:00,23.9,150.8,.8,4,995.8,1000.1,98.1,0,0
763,2021-08-24 08:00,24.2,140.3,1.4,3,995,999.3,98.5,0,0
763,2021-08-24 09:00,24.7,144.4,1.7,1.5,994.6,998.9,98,0,0
763,2021-08-24 10:00,24.6,174.6,.6,1.5,995,999.3,99.6,0,0
763,2021-08-24 11:00,25.9,251,1.2,1,995,999.3,98.5,0,0
763,2021-08-24 12:00,27.4,247.9,3.4,0,995,999.2,86.4,0,0
763,2021-08-24 13:00,27.3,234.2,3.1,0,995.5,999.8,79.7,0,0
763,2021-08-24 14:00,27.3,224.1,1.4,0,995.5,999.8,81.3,0,0
763,2021-08-24 15:00,26.7,209,1.5,0,995.7,1000,87,0,0
763,2021-08-24 16:00,26.1,225.1,1.4,.5,996.2,1000.5,94.9,0,0
763,2021-08-24 17:00,26.3,235.2,2.6,0,997.2,1001.5,89.4,0,0
763,2021-08-24 18:00,26.1,234.7,2.7,0,997.7,1002,88,0,0
763,2021-08-24 19:00,25.8,228.9,1.2,0,998.5,1002.8,89.6,0,0
763,2021-08-24 20:00,25.4,241.8,1.4,0,999.1,1003.4,93,0,0
763,2021-08-24 21:00,25.4,232,1.2,0,1000.3,1004.6,90.4,0,0
763,2021-08-24 22:00,25.1,220.5,.9,0,1001,1005.3,91.1,0,0
763,2021-08-24 23:00,24.7,0,.4,0,1001.3,1005.6,93.1,0,0
763,2021-08-25 00:00,24.6,145.8,.5,0,1001.7,1006,94,0,0
763,2021-08-25 01:00,24.7,0,.3,0,1001.6,1005.9,91.7,0,0
763,2021-08-25 02:00,24.8,0,.3,0,1001.2,1005.5,89.8,0,0
763,2021-08-25 03:00,24.4,0,.2,0,1001.5,1005.8,91.9,0,0
763,2021-08-25 04:00,23.7,0,.4,4.5,1001.5,1005.8,97.8,0,0
763,2021-08-25 05:00,23.3,0,.1,0,1001.5,1005.8,99.8,0,0
763,2021-08-25 06:00,23.1,0,.1,0,1001.6,1005.9,99.8,0,0
763,2021-08-25 07:00,24.3,0,.3,.5,1002.2,1006.5,96.6,0,0
763,2021-08-25 08:00,24.4,0,.1,0,1002.3,1006.6,98.6,0,0
763,2021-08-25 09:00,25,147.2,.7,0,1002.4,1006.7,91.8,0,0
763,2021-08-25 10:00,24.3,0,.4,1.5,1003,1007.3,98.2,0,0
763,2021-08-25 11:00,25,0,.4,0,1002.9,1007.2,94.1,0,0
763,2021-08-25 12:00,26.8,118.6,1.1,0,1002.3,1006.6,88.1,0,0
763,2021-08-25 13:00,26.5,257.5,.8,0,1002.2,1006.5,80.9,0,0
763,2021-08-25 14:00,23.4,354.7,1.2,0,1002.4,1006.7,98.5,0,0
763,2021-08-25 15:00,22.2,8.5,1.3,2.5,1002.7,1007.1,99.8,0,0
763,2021-08-25 16:00,22.3,0,.3,6,1002.9,1007.3,99.8,0,0
763,2021-08-25 17:00,22.5,0,.1,1,1002.9,1007.3,99.8,0,0
763,2021-08-25 18:00,22.8,0,0,0,1003.4,1007.7,99.8,0,0
763,2021-08-25 19:00,22.8,0,.2,.5,1003.2,1007.5,99.8,0,0
763,2021-08-25 20:00,22.8,0,.4,0,1003.8,1008.1,99.8,0,0
763,2021-08-25 21:00,23,0,.2,0,1004.8,1009.1,99.8,0,0
763,2021-08-25 22:00,22.9,0,.3,.5,1005.4,1009.8,99.8,0,0
763,2021-08-25 23:00,22.9,0,0,0,1005.7,1010.1,99.8,0,0
763,2021-08-26 00:00,22.7,0,.1,0,1006.1,1010.5,99.8,0,0
763,2021-08-26 01:00,23,0,.1,0,1006.3,1010.7,99.8,0,0
763,2021-08-26 02:00,22.8,0,0,0,1006.4,1010.8,99.8,0,0
763,2021-08-26 03:00,22.2,0,0,0,1006.6,1011,99.8,0,0
763,2021-08-26 04:00,21.9,0,.1,0,1007.2,1011.6,99.8,0,0
763,2021-08-26 05:00,22.2,0,0,0,1007.9,1012.3,99.8,0,0
763,2021-08-26 06:00,22.1,0,.2,0,1008.2,1012.6,99.8,0,0
763,2021-08-26 07:00,22.5,0,.2,0,1009.2,1013.6,99.8,0,0
763,2021-08-26 08:00,23.6,0,.3,0,1009.4,1013.8,99.6,0,0
763,2021-08-26 09:00,25.5,0,.4,0,1009.5,1013.8,84.9,0,0
763,2021-08-26 10:00,26,239.5,1,0,1010,1014.3,80.9,0,0
763,2021-08-26 11:00,27.6,223.1,.9,0,1009.8,1014.1,70.5,0,0
763,2021-08-26 12:00,28.4,217.3,.6,0,1009.5,1013.8,63.8,0,0
763,2021-08-26 13:00,28.4,217.9,.5,0,1009.3,1013.6,64.6,0,0
763,2021-08-26 14:00,28.5,269,1.2,0,1009.1,1013.4,68.7,0,0
763,2021-08-26 15:00,28.5,263.3,1.3,0,1008.9,1013.2,69.7,0,0
763,2021-08-26 16:00,28.5,274.6,1.1,0,1008.7,1013,73.5,0,0
763,2021-08-26 17:00,27.7,294.2,1,0,1009.1,1013.4,76.8,0,0
763,2021-08-26 18:00,27.1,260.1,.8,0,1009.4,1013.7,76.4,0,0
763,2021-08-26 19:00,25.4,0,.1,0,1009.9,1014.3,92.4,0,0
763,2021-08-26 20:00,24.6,0,.2,0,1010.2,1014.5,95.4,0,0
763,2021-08-26 21:00,25.6,0,.1,0,1010.7,1015.1,84.6,0,0
763,2021-08-26 22:00,24.3,113.5,.6,0,1010.3,1014.6,93.5,0,0
763,2021-08-26 23:00,22.8,0,.1,0,1010.2,1014.6,99.4,0,0
763,2021-08-27 00:00,22.3,0,.2,0,1010,1014.4,99.8,0,0
763,2021-08-27 01:00,22.2,0,.3,0,1009.8,1014.2,99.8,0,0
763,2021-08-27 02:00,21.5,0,.2,0,1009.6,1014,99.8,0,0
763,2021-08-27 03:00,21.5,98.2,.5,0,1009.5,1013.9,99.8,0,0
763,2021-08-27 04:00,21.5,0,.1,0,1009.3,1013.7,99.8,0,0
763,2021-08-27 05:00,21.7,83.3,.6,0,1009.2,1013.6,99.8,0,0
763,2021-08-27 06:00,21.9,0,.1,0,1009.2,1013.6,99.8,0,0
763,2021-08-27 07:00,22.4,0,.1,0,1008.5,1012.9,99.8,0,0
763,2021-08-27 08:00,23.4,0,.1,0,1008.6,1013,98.6,0,0
763,2021-08-27 09:00,22.6,0,.4,3.5,1009.6,1014,99.8,0,0
763,2021-08-27 10:00,20.9,0,.2,7,1010.1,1014.5,99,0,0
763,2021-08-27 11:00,20.9,0,.3,4.5,1009.7,1014.1,99.8,0,0
763,2021-08-27 12:00,21.5,6,1.3,1,1009.2,1013.6,99.8,0,0
763,2021-08-27 13:00,21.3,24.4,2,0,1008.8,1013.2,95.5,0,0
763,2021-08-27 14:00,20.3,323,1.9,2.5,1008.5,1012.9,99.8,0,0
763,2021-08-27 15:00,19.6,347.8,1.7,4.5,1008.4,1012.8,99.8,0,0
763,2021-08-27 16:00,20.1,19,2,1,1008.9,1013.3,99.8,0,0
763,2021-08-27 17:00,20.7,90.4,.6,0,1009,1013.4,99.8,0,0
763,2021-08-27 18:00,20.8,349.1,.9,0,1009,1013.4,99.6,0,0
763,2021-08-27 19:00,20.9,299.4,1.7,0,1009.1,1013.5,99.8,0,0
763,2021-08-27 20:00,20.6,329.9,.8,0,1009.8,1014.2,99.8,0,0
763,2021-08-27 21:00,20.4,307.1,1,0,1010.5,1014.9,99.8,0,0
763,2021-08-27 22:00,20.4,0,.4,0,1010.6,1015,99.8,0,0
763,2021-08-27 23:00,20.3,0,.2,0,1010.5,1014.9,99.8,0,0
763,2021-08-28 00:00,20.3,0,.1,0,1010,1014.4,99.8,0,0
763,2021-08-28 01:00,20.3,340.6,.8,0,1010.7,1015.1,99.8,0,0
763,2021-08-28 02:00,20.2,342.5,.6,0,1010.3,1014.7,99.8,0,0
763,2021-08-28 03:00,20.1,0,.4,0,1010.4,1014.8,99.8,0,0
763,2021-08-28 04:00,19.8,359.9,.5,0,1011,1015.4,99.8,0,0
763,2021-08-28 05:00,19.6,0,.1,0,1010.8,1015.2,99.8,0,0
763,2021-08-28 06:00,19.6,0,.4,0,1011.3,1015.7,99.8,0,0
763,2021-08-28 07:00,19.7,0,.4,0,1012,1016.4,99.8,0,0
763,2021-08-28 08:00,20.5,0,.3,0,1011.3,1015.7,99.8,0,0
763,2021-08-28 09:00,22.2,300.1,.7,0,1011.2,1015.6,89.9,0,0
763,2021-08-28 10:00,25.1,337.1,1.2,0,1011.2,1015.6,78.1,0,0
763,2021-08-28 11:00,25.1,14.8,2.2,0,1011.1,1015.5,74.1,0,0
763,2021-08-28 12:00,27.4,353.2,1.8,0,1010.9,1015.2,65.5,0,0
763,2021-08-28 13:00,27,356.3,1.6,0,1010.9,1015.2,64.6,0,0
763,2021-08-28 14:00,25.6,326.1,.8,0,1011.2,1015.6,71.1,0,0
763,2021-08-28 15:00,25.8,344.7,1.1,0,1010.4,1014.7,71.5,0,0
763,2021-08-28 16:00,25.3,346.5,.7,0,1010.3,1014.7,75.7,0,0
763,2021-08-28 17:00,25.3,322,.6,0,1010.6,1015,76,0,0
763,2021-08-28 18:00,25,0,.4,0,1009.8,1014.2,77.2,0,0
763,2021-08-28 19:00,23.7,0,.1,0,1009.9,1014.3,90.4,0,0
763,2021-08-28 20:00,22.9,0,.1,0,1010.2,1014.6,97,0,0
763,2021-08-28 21:00,22.5,0,.3,0,1010.9,1015.3,99.4,0,0
763,2021-08-28 22:00,19.4,122.5,.5,.5,1010.6,1015,89.6,0,0
763,2021-08-28 23:00,19.4,0,.3,0,1010.3,1014.7,96.2,0,0
763,2021-08-29 00:00,19.7,78.9,.5,.5,1010.8,1015.2,99.8,0,0
763,2021-08-29 01:00,20.1,0,.2,.5,1010.5,1014.9,99.8,0,0
763,2021-08-29 02:00,20,0,.1,0,1009.5,1013.9,99.1,0,0
763,2021-08-29 03:00,19.1,349.6,.7,2,1010.2,1014.6,99.8,0,0
763,2021-08-29 04:00,19.1,94.1,.5,.5,1009.1,1013.5,99.8,0,0
763,2021-08-29 05:00,19.4,321.7,1.6,0,1009.6,1014,99.8,0,0
763,2021-08-29 06:00,19.4,335,.9,2,1008.9,1013.3,99.8,0,0
763,2021-08-29 07:00,19.1,347.2,1.5,9,1009.7,1014.1,99.8,0,0
763,2021-08-29 08:00,19.2,359.8,1.3,14.5,1010,1014.4,99.8,0,0
763,2021-08-29 09:00,19.5,14.1,1.1,.5,1010.3,1014.7,99.8,0,0
763,2021-08-29 10:00,20.4,18.1,1.4,0,1010.3,1014.7,98.1,0,0
763,2021-08-29 11:00,21.3,9.3,1.4,0,1010.8,1015.2,94.5,0,0
763,2021-08-29 12:00,22.8,4,2,0,1010.2,1014.6,85.9,0,0
763,2021-08-29 13:00,24,153.5,.6,0,1009.7,1014,80.4,0,0
763,2021-08-29 14:00,25,297.2,.5,0,1009.4,1013.8,79.6,0,0
763,2021-08-29 15:00,25.4,329.6,1.3,0,1009.2,1013.5,80.2,0,0
763,2021-08-29 16:00,26,33.6,1.1,0,1009,1013.3,75.7,0,0
763,2021-08-29 17:00,26.4,336.8,.8,0,1009.2,1013.5,72.2,0,0
763,2021-08-29 18:00,25.7,21.6,1.2,0,1009.6,1013.9,75.4,0,0
763,2021-08-29 19:00,24.2,1.9,.6,0,1009.7,1014,88.2,0,0
763,2021-08-29 20:00,23.6,0,.1,0,1010.3,1014.7,93,0,0
763,2021-08-29 21:00,23.2,0,0,0,1011,1015.4,96.2,0,0
763,2021-08-29 22:00,22.8,0,.1,0,1011.2,1015.6,98.4,0,0
763,2021-08-29 23:00,22.8,342.9,.8,0,1011.6,1016,86,0,0
763,2021-08-30 00:00,21.9,0,.1,0,1011.6,1016,93.6,0,0
763,2021-08-30 01:00,21.1,0,.2,0,1011.5,1015.9,96,0,0
763,2021-08-30 02:00,20.2,0,0,0,1011.5,1015.9,99.8,0,0
763,2021-08-30 03:00,20.1,0,.1,0,1011.4,1015.8,99.8,0,0
763,2021-08-30 04:00,20.3,0,0,0,1011.4,1015.8,99.8,0,0
763,2021-08-30 05:00,19.8,0,.1,0,1011.9,1016.3,99.8,0,0
763,2021-08-30 06:00,19.9,0,.2,0,1011.7,1016.1,99.8,0,0
763,2021-08-30 07:00,20.5,0,.1,0,1012.3,1016.7,99.8,0,0
763,2021-08-30 08:00,21.6,2.2,1.1,0,1012.7,1017.1,97.8,0,0
763,2021-08-30 09:00,23,21,1,0,1012.7,1017.1,89.6,0,0
763,2021-08-30 10:00,23.9,351,1.1,0,1013,1017.4,84.3,0,0
763,2021-08-30 11:00,24.6,359.1,1.2,0,1013,1017.3,83.4,0,0
763,2021-08-30 12:00,25.9,15.6,1.4,0,1012.5,1016.9,68.6,0,0
763,2021-08-30 13:00,26.7,21.5,2.2,0,1012.2,1016.5,68.4,0,0
763,2021-08-30 14:00,26.4,26.2,1.3,0,1011.7,1016,68.9,0,0
763,2021-08-30 15:00,26.5,3.5,1.3,0,1011,1015.3,70.1,0,0
763,2021-08-30 16:00,25.7,342.3,1.1,0,1011,1015.4,76,0,0
763,2021-08-30 17:00,24.6,320.2,.9,0,1012.1,1016.4,75.6,0,0
763,2021-08-30 18:00,24,302.8,.6,0,1012.5,1016.9,85.6,0,0
763,2021-08-30 19:00,23,0,.2,0,1012.6,1017,93.6,0,0
763,2021-08-30 20:00,22.6,0,.2,0,1011.9,1016.3,96.9,0,0
763,2021-08-30 21:00,22.2,274.8,.6,0,1012.8,1017.2,98,0,0
763,2021-08-30 22:00,22.1,101.3,.5,0,1012.5,1016.9,98.5,0,0
763,2021-08-30 23:00,21.8,10,.7,0,1012.9,1017.3,98.7,0,0
763,2021-08-31 00:00,21.6,0,0,0,1012.4,1016.8,99.3,0,0
763,2021-08-31 01:00,21.6,0,0,0,1012.3,1016.7,99.8,0,0
763,2021-08-31 02:00,21.2,0,.1,0,1012,1016.4,99.8,0,0
763,2021-08-31 03:00,20.8,0,.3,0,1011.7,1016.1,99.8,0,0
763,2021-08-31 04:00,21,0,.2,0,1011.9,1016.3,99.8,0,0
763,2021-08-31 05:00,21.1,0,.2,0,1011.7,1016.1,99.8,0,0
763,2021-08-31 06:00,21.2,0,0,0,1012.2,1016.6,96.7,0,0
763,2021-08-31 07:00,21.1,0,.1,0,1012.5,1016.9,98.8,0,0
763,2021-08-31 08:00,21.3,0,.2,0,1012.3,1016.7,96.4,0,0
763,2021-08-31 09:00,22.2,0,0,0,1012.1,1016.5,91.2,0,0
763,2021-08-31 10:00,25.4,0,.4,0,1011.7,1016.1,76.6,0,0
763,2021-08-31 11:00,27.2,254.4,.6,0,1011.3,1015.6,71,0,0
763,2021-08-31 12:00,28.8,72.5,1,0,1010.2,1014.5,64.4,0,0
763,2021-08-31 13:00,28.9,234.9,.7,0,1009.6,1013.9,67.5,0,0
763,2021-08-31 14:00,29.3,288.2,1.9,0,1009.3,1013.6,68.8,0,0
763,2021-08-31 15:00,29.8,244.5,1.4,0,1008.7,1013,67.7,0,0
763,2021-08-31 16:00,28.2,274.9,2.1,0,1009.2,1013.5,76.8,0,0
763,2021-08-31 17:00,27.6,268.1,1.2,0,1009.3,1013.6,74.5,0,0
763,2021-08-31 18:00,26.6,1.8,.7,0,1009.2,1013.5,82.4,0,0
763,2021-08-31 19:00,25.6,0,.2,0,1009.1,1013.4,85.5,0,0
763,2021-08-31 20:00,24.7,0,.1,0,1009.5,1013.8,95.3,0,0
763,2021-08-31 21:00,24.3,0,.2,0,1009.3,1013.6,99.8,0,0
763,2021-08-31 22:00,25.9,189.4,.5,0,1008.5,1012.8,87.8,0,0
763,2021-08-31 23:00,25.8,137.7,.5,0,1007.5,1011.8,90.4,0,0
763,2021-09-01 00:00,25.8,136.7,1,0,1007.1,1011.4,86.8,0,0
763,2021-09-01 01:00,25.5,142.5,.8,0,1005.8,1010.1,83.4,0,0
763,2021-09-01 02:00,25.7,183.3,.9,0,1005.2,1009.5,81.9,0,0
763,2021-09-01 03:00,24.5,0,.4,1,1005.5,1009.8,92.5,0,0
763,2021-09-01 04:00,24.8,160.7,.6,.5,1005.2,1009.5,90.9,0,0
763,2021-09-01 05:00,24.6,130.3,1,0,1004.6,1008.9,91.9,0,0
763,2021-09-01 06:00,24.2,146.5,.9,1.5,1003.6,1007.9,93.3,0,0
763,2021-09-01 07:00,23.7,242.1,1.5,19.5,1004.7,1009,99.8,0,0
763,2021-09-01 08:00,24.3,226,.8,.5,1004.8,1009.1,99.7,0,0
763,2021-09-01 09:00,24.6,230.4,1.1,0,1005.1,1009.4,89.8,0,0
763,2021-09-01 10:00,24.7,251.5,.8,0,1005.5,1009.8,92.2,0,0
763,2021-09-01 11:00,25.2,253.6,1.7,0,1005.6,1009.9,88.3,0,0
763,2021-09-01 12:00,25.4,240.4,1.5,0,1005.4,1009.7,81.7,0,0
763,2021-09-01 13:00,24.8,238,1.5,0,1005.2,1009.5,83.1,0,0
763,2021-09-01 14:00,23.6,280.8,1.6,0,1005.4,1009.7,92.3,0,0
763,2021-09-01 15:00,23.5,251.9,1.4,.5,1005,1009.3,90.7,0,0
763,2021-09-01 16:00,24.3,285.6,1,0,1004.9,1009.2,82.9,0,0
763,2021-09-01 17:00,25.1,241.8,1.1,0,1005.1,1009.4,75.5,0,0
763,2021-09-01 18:00,23.6,258.4,.8,0,1005.1,1009.4,83.1,0,0
763,2021-09-01 19:00,22.6,0,.4,0,1005.1,1009.5,85.1,0,0
763,2021-09-01 20:00,21.9,0,.4,0,1006,1010.4,93.9,0,0
763,2021-09-01 21:00,21.7,0,.1,0,1006.2,1010.6,95.2,0,0
763,2021-09-01 22:00,21.2,0,.2,0,1006.3,1010.7,99,0,0
763,2021-09-01 23:00,21.3,103.6,.5,0,1006,1010.4,98.8,0,0
763,2021-09-02 00:00,21.2,287.8,.5,0,1006.3,1010.7,99.8,0,0
763,2021-09-02 01:00,21.2,0,.1,0,1006.3,1010.7,99.6,0,0
763,2021-09-02 02:00,21.1,0,0,0,1005.9,1010.3,99.8,0,0
763,2021-09-02 03:00,20.8,0,.1,0,1005.6,1010,99.8,0,0
763,2021-09-02 04:00,20.9,0,.2,0,1005.6,1010,99.8,0,0
763,2021-09-02 05:00,21,0,0,0,1005.7,1010.1,99.8,0,0
763,2021-09-02 06:00,20.8,0,.2,0,1005.9,1010.3,99.8,0,0
763,2021-09-02 07:00,21.1,0,.3,0,1006.1,1010.5,99.8,0,0
763,2021-09-02 08:00,22.2,288.3,.5,0,1006.1,1010.5,93.3,0,0
763,2021-09-02 09:00,24.4,75.7,.7,0,1006.4,1010.7,79.2,0,0
763,2021-09-02 10:00,25.1,75.1,1.1,0,1007.2,1011.5,72.5,0,0
763,2021-09-02 11:00,24.7,0,.4,0,1007,1011.3,77.2,0,0
763,2021-09-02 12:00,25.1,218.4,.5,0,1006.8,1011.1,76.9,0,0
763,2021-09-02 13:00,25.3,222.7,.6,0,1005.8,1010.1,76.1,0,0
763,2021-09-02 14:00,25.3,297.8,1,0,1005.4,1009.7,79.6,0,0
763,2021-09-02 15:00,24.9,358.2,1.4,0,1004.9,1009.2,79.8,0,0
763,2021-09-02 16:00,23.9,0,.3,0,1004.6,1008.9,86.1,0,0
763,2021-09-02 17:00,25,352.5,.9,0,1004.2,1008.5,78,0,0
763,2021-09-02 18:00,23.8,0,.3,0,1004.6,1008.9,85,0,0
763,2021-09-02 19:00,21.5,0,.1,5,1004.6,1009,99.8,0,0
763,2021-09-02 20:00,21.3,108.2,.6,0,1005.7,1010.1,99.8,0,0
763,2021-09-02 21:00,21,85.9,.6,0,1005.8,1010.2,99.8,0,0
763,2021-09-02 22:00,20.7,0,0,0,1005.5,1009.9,99.8,0,0
763,2021-09-02 23:00,20.6,0,.1,0,1005.3,1009.7,99.8,0,0
763,2021-09-03 00:00,20.5,0,.3,0,1005.1,1009.5,99.8,0,0
763,2021-09-03 01:00,20.5,0,.4,0,1004.9,1009.3,99.8,0,0
763,2021-09-03 02:00,20.5,0,0,0,1004.4,1008.8,99.8,0,0
763,2021-09-03 03:00,20.3,304.2,.7,.5,1004.6,1009,99.8,0,0
763,2021-09-03 04:00,20.1,0,.1,0,1004,1008.4,99.8,0,0
763,2021-09-03 05:00,19.8,0,.4,0,1004.3,1008.7,98.4,0,0
763,2021-09-03 06:00,19.2,0,.2,0,1004.5,1008.9,99.8,0,0
763,2021-09-03 07:00,19.3,0,.2,0,1004.9,1009.3,99.8,0,0
763,2021-09-03 08:00,20.4,0,.4,0,1004.9,1009.3,89.1,0,0
763,2021-09-03 09:00,23.3,17.7,1.5,0,1005,1009.3,72.4,0,0
763,2021-09-03 10:00,24.7,10.1,1.5,0,1005.4,1009.7,67,0,0
763,2021-09-03 11:00,25.1,86.3,1.1,0,1005.1,1009.4,68.1,0,0
763,2021-09-03 12:00,26.3,31.9,1.9,0,1004.8,1009.1,60.5,0,0
763,2021-09-03 13:00,27.6,130.7,1,0,1004.6,1008.9,58.7,0,0
763,2021-09-03 14:00,28.1,47.5,1.3,0,1004.3,1008.6,57.7,0,0
763,2021-09-03 15:00,27.9,43.3,1.8,0,1004,1008.3,58,0,0
763,2021-09-03 16:00,27.4,60.7,1.8,0,1004.1,1008.4,60.4,0,0
763,2021-09-03 17:00,27,78.7,2.2,0,1004.4,1008.7,63.7,0,0
763,2021-09-03 18:00,26,81.9,1.4,0,1004.7,1009,66.9,0,0
763,2021-09-03 19:00,24.2,96,.8,0,1005.1,1009.4,72.8,0,0
763,2021-09-03 20:00,22.2,0,.4,0,1005.8,1010.2,84.5,0,0
763,2021-09-03 21:00,21,0,.1,0,1006.8,1011.2,94.1,0,0
763,2021-09-03 22:00,20.5,0,.1,0,1007.3,1011.7,95.7,0,0
763,2021-09-03 23:00,20,0,.1,0,1007.4,1011.8,96.9,0,0
763,2021-09-04 00:00,19.3,0,.1,0,1008.1,1012.5,99.3,0,0
763,2021-09-04 01:00,18.6,0,.3,0,1008.4,1012.8,99.8,0,0
763,2021-09-04 02:00,18.1,0,.1,0,1008.5,1012.9,99.8,0,0
763,2021-09-04 03:00,17.7,0,0,0,1009,1013.5,99.8,0,0
763,2021-09-04 04:00,17.4,0,0,0,1009,1013.5,99.8,0,0
763,2021-09-04 05:00,17.2,0,0,0,1008.9,1013.4,99.8,0,0
763,2021-09-04 06:00,16.9,0,.1,0,1009.3,1013.8,99.8,0,0
763,2021-09-04 07:00,17.8,0,0,0,1010,1014.5,99.8,0,0
763,2021-09-04 08:00,19.6,0,.4,0,1010.4,1014.8,88.6,0,0
763,2021-09-04 09:00,21.3,0,.2,0,1010.6,1015,83.7,0,0
763,2021-09-04 10:00,24.4,18.5,1,0,1010.6,1014.9,67.7,0,0
763,2021-09-04 11:00,25.2,12.8,1.8,0,1010.7,1015.1,66.7,0,0
763,2021-09-04 12:00,26.6,344.5,1.5,0,1010.8,1015.1,61.6,0,0
763,2021-09-04 13:00,27.3,79.8,1.2,0,1010,1014.3,57.6,0,0
763,2021-09-04 14:00,28.2,12.6,1.7,0,1010.1,1014.4,58.5,0,0
763,2021-09-04 15:00,28.3,17.3,1,0,1010.1,1014.4,57.6,0,0
763,2021-09-04 16:00,27.3,24.7,1.4,0,1010.1,1014.4,58.7,0,0
763,2021-09-04 17:00,26.4,46.5,1.2,0,1010.2,1014.5,62.1,0,0
763,2021-09-04 18:00,25.7,18.6,.7,0,1010.6,1014.9,65.8,0,0
763,2021-09-04 19:00,23,0,.2,0,1011,1015.4,84.1,0,0
763,2021-09-04 20:00,21.6,0,.1,0,1011.6,1016,92.7,0,0
763,2021-09-04 21:00,21.2,0,.2,0,1012,1016.4,90.6,0,0
763,2021-09-04 22:00,20.2,0,.2,0,1012.2,1016.6,94.6,0,0
763,2021-09-04 23:00,20.4,0,.1,0,1012.7,1017.1,95,0,0
763,2021-09-05 00:00,20.5,0,.2,0,1013.1,1017.5,95.2,0,0
763,2021-09-05 01:00,19.6,0,.2,0,1012.7,1017.1,97.9,0,0
763,2021-09-05 02:00,19.6,0,.1,0,1012.6,1017,97.2,0,0
763,2021-09-05 03:00,18.8,0,.1,0,1012.5,1016.9,99.8,0,0
763,2021-09-05 04:00,18.9,0,.1,0,1012.7,1017.1,97.1,0,0
763,2021-09-05 05:00,18,0,.1,0,1013,1017.5,98.6,0,0
763,2021-09-05 06:00,17.9,0,.4,0,1013.1,1017.6,99.1,0,0
763,2021-09-05 07:00,18.3,0,.1,0,1013.6,1018.1,96.3,0,0
763,2021-09-05 08:00,20.2,15.5,.8,0,1013.5,1018,83.7,0,0
763,2021-09-05 09:00,21.5,1.9,1,0,1013.6,1018,79.2,0,0
763,2021-09-05 10:00,21.6,0,.3,0,1013.7,1018.1,77.7,0,0
763,2021-09-05 11:00,22,342.4,.6,0,1014.5,1018.9,86.8,0,0
763,2021-09-05 12:00,22.4,13.6,.7,0,1013.9,1018.3,83.1,0,0
763,2021-09-05 13:00,22.3,18.7,.7,0,1013.4,1017.8,82.4,0,0
763,2021-09-05 14:00,23,0,.4,0,1013.7,1018.1,79.6,0,0
763,2021-09-05 15:00,22.3,0,.3,.5,1013.3,1017.7,87.6,0,0
763,2021-09-05 16:00,22.5,16.6,.5,0,1013.3,1017.7,83.1,0,0
763,2021-09-05 17:00,21.6,0,.4,0,1014,1018.4,87.2,0,0
763,2021-09-05 18:00,21.6,0,.4,0,1013.9,1018.3,94.1,0,0
763,2021-09-05 19:00,20.5,0,.1,0,1013.9,1018.3,97.7,0,0
763,2021-09-05 20:00,20.1,0,.1,.5,1014.5,1019,99.8,0,0
763,2021-09-05 21:00,19.6,0,.1,.5,1015.3,1019.7,99.8,0,0
763,2021-09-05 22:00,19.7,0,.1,0,1015.5,1019.9,99.8,0,0
763,2021-09-05 23:00,19.7,26.5,.6,.5,1015.4,1019.8,99.8,0,0
763,2021-09-06 00:00,19.6,0,0,0,1015.5,1019.9,99.8,0,0
763,2021-09-06 01:00,19.5,0,.1,0,1015.6,1020,99.8,0,0
763,2021-09-06 02:00,19.5,0,.3,0,1015.2,1019.6,99.8,0,0
763,2021-09-06 03:00,19.3,0,0,.5,1014.5,1018.9,99.8,0,0
763,2021-09-06 04:00,18.9,0,.4,0,1013.9,1018.3,99.8,0,0
763,2021-09-06 05:00,19.2,0,.2,0,1013.7,1018.1,99.8,0,0
763,2021-09-06 06:00,19,110.2,.5,0,1013.5,1017.9,99.8,0,0
763,2021-09-06 07:00,19.5,0,.2,0,1013.7,1018.1,99.8,0,0
763,2021-09-06 08:00,20.2,277.8,.6,0,1013.3,1017.8,99.3,0,0
763,2021-09-06 09:00,21.1,0,.3,0,1013.6,1018,93.9,0,0
763,2021-09-06 10:00,21.7,0,0,0,1013.5,1017.9,92.7,0,0
763,2021-09-06 11:00,22.5,94.4,.9,0,1013.1,1017.5,84.1,0,0
763,2021-09-06 12:00,22.4,0,.1,.5,1012.5,1016.9,91.4,0,0
763,2021-09-06 13:00,22.6,0,.2,.5,1012.1,1016.5,91.8,0,0
763,2021-09-06 14:00,22.4,98.9,.6,0,1011.4,1015.8,89.1,0,0
763,2021-09-06 15:00,21.3,0,.3,5,1010.9,1015.3,99.8,0,0
763,2021-09-06 16:00,20.5,59.8,1.5,11,1010.6,1015,99.8,0,0
763,2021-09-06 17:00,20.6,80.6,1.8,1.5,1010,1014.4,98.4,0,0
763,2021-09-06 18:00,20.3,0,.4,.5,1009.7,1014.1,99.3,0,0
763,2021-09-06 19:00,20,50,1,1.5,1009.9,1014.3,98.6,0,0
763,2021-09-06 20:00,20,74.8,1.6,0,1009.4,1013.8,94.6,0,0
763,2021-09-06 21:00,19.5,0,.2,2,1010,1014.4,99.8,0,0
763,2021-09-06 22:00,19.2,0,.3,.5,1010.2,1014.6,99.8,0,0
763,2021-09-06 23:00,18.8,333.2,.8,0,1009.6,1014,99.7,0,0
763,2021-09-07 00:00,18.7,0,.2,0,1009.1,1013.5,99.5,0,0
763,2021-09-07 01:00,18.7,0,.3,0,1008.6,1013,99.8,0,0
763,2021-09-07 02:00,18.6,271.8,.5,0,1008.3,1012.7,99.8,0,0
763,2021-09-07 03:00,18.7,0,.1,0,1008,1012.4,99.8,0,0
763,2021-09-07 04:00,18.7,0,.3,.5,1007.2,1011.6,99.8,0,0
763,2021-09-07 05:00,18.7,0,.2,0,1006.6,1011,99.8,0,0
763,2021-09-07 06:00,18.5,0,.3,2,1006.6,1011,99.8,0,0
763,2021-09-07 07:00,18.8,0,.2,.5,1006.7,1011.1,99.8,0,0
763,2021-09-07 08:00,19.5,321.7,.7,0,1006.3,1010.7,99.8,0,0
763,2021-09-07 09:00,19.7,286.2,1.4,1,1006.6,1011,99.8,0,0
763,2021-09-07 10:00,19.9,75.6,.5,0,1006.4,1010.8,99.8,0,0
763,2021-09-07 11:00,22.3,180.6,.5,0,1005.5,1009.9,92.1,0,0
763,2021-09-07 12:00,23.3,139.4,.8,0,1005,1009.3,88.6,0,0
763,2021-09-07 13:00,24.3,133.6,.9,0,1004.2,1008.5,87.8,0,0
763,2021-09-07 14:00,23.6,204.4,.8,.5,1003.7,1008,95.6,0,0
763,2021-09-07 15:00,24,230.6,.9,.5,1003.2,1007.5,90.8,0,0
763,2021-09-07 16:00,24.5,220.9,1.5,0,1003.2,1007.5,83,0,0
763,2021-09-07 17:00,23.1,240.3,1.9,0,1003.4,1007.7,91.4,0,0
763,2021-09-07 18:00,22,270.8,2,0,1003.9,1008.3,95.2,0,0
763,2021-09-07 19:00,21.6,245.7,1.2,0,1004.1,1008.5,94.8,0,0
763,2021-09-07 20:00,21.7,220,1.2,0,1004.7,1009.1,89.1,0,0
763,2021-09-07 21:00,21.5,218.4,.7,0,1005.2,1009.6,88.7,0,0
763,2021-09-07 22:00,21.2,213,.5,0,1005.4,1009.8,91.6,0,0
763,2021-09-07 23:00,21,0,.3,0,1005.4,1009.8,93.2,0,0
763,2021-09-08 00:00,20.3,0,.4,0,1005.5,1009.9,98.1,0,0
763,2021-09-08 01:00,20.2,219,.5,0,1005.6,1010,99.4,0,0
763,2021-09-08 02:00,20.2,231.2,.7,.5,1005.4,1009.8,99.4,0,0
763,2021-09-08 03:00,20.1,234.3,.6,0,1005.3,1009.7,99.3,0,0
763,2021-09-08 04:00,20.1,244.2,.9,0,1005.4,1009.8,98,0,0
763,2021-09-08 05:00,20,234,.6,0,1005.8,1010.2,99.6,0,0
763,2021-09-08 06:00,19.9,263.5,.5,0,1006.2,1010.6,99.8,0,0
763,2021-09-08 07:00,20.1,0,0,0,1006.9,1011.3,99.8,0,0
763,2021-09-08 08:00,20.7,0,.1,0,1007.3,1011.7,96,0,0
763,2021-09-08 09:00,21.3,354.8,.5,0,1007.5,1011.9,88.6,0,0
763,2021-09-08 10:00,22.6,13.5,1,0,1007.9,1012.3,80.5,0,0
763,2021-09-08 11:00,23.6,333.8,1,0,1008,1012.3,73.5,0,0
763,2021-09-08 12:00,24.3,296.7,1.1,0,1007.4,1011.7,65.4,0,0
763,2021-09-08 13:00,25.4,284.5,.9,0,1007.1,1011.4,66.4,0,0
763,2021-09-08 14:00,25.8,288.5,1.6,0,1006.9,1011.2,62.4,0,0
763,2021-09-08 15:00,25.6,8,.8,0,1006.8,1011.1,61.2,0,0
763,2021-09-08 16:00,25.7,288.8,1.6,0,1006.6,1010.9,62.4,0,0
763,2021-09-08 17:00,25.8,272.5,1.5,0,1006.9,1011.2,68.7,0,0
763,2021-09-08 18:00,24.6,265.4,1.3,0,1007.3,1011.6,73.9,0,0
763,2021-09-08 19:00,23.2,0,.4,0,1007.6,1012,81.2,0,0
763,2021-09-08 20:00,21.4,0,0,0,1008.2,1012.6,92,0,0
763,2021-09-08 21:00,20,0,0,0,1008.9,1013.3,97.8,0,0
763,2021-09-08 22:00,19.4,0,.2,0,1009.4,1013.8,99.3,0,0
763,2021-09-08 23:00,18.8,0,.2,0,1009.6,1014,99.8,0,0
763,2021-09-09 00:00,18.2,0,0,0,1010.1,1014.5,99.8,0,0
763,2021-09-09 01:00,17.9,0,0,0,1010.3,1014.8,99.8,0,0
763,2021-09-09 02:00,17.4,0,0,0,1010.2,1014.7,99.8,0,0
763,2021-09-09 03:00,17.5,0,0,0,1010.4,1014.9,99.8,0,0
763,2021-09-09 04:00,16.9,0,.1,0,1010.6,1015.1,99.8,0,0
763,2021-09-09 05:00,16.5,0,0,0,1010.7,1015.2,99.8,0,0
763,2021-09-09 06:00,16.6,0,.2,0,1010.8,1015.3,99.8,0,0
763,2021-09-09 07:00,16.7,0,.1,0,1011.4,1015.9,99.8,0,0
763,2021-09-09 08:00,17.6,341.7,.5,0,1011.3,1015.8,99.8,0,0
763,2021-09-09 09:00,18.2,20.5,.7,,1011.2,1015.7,99.8,,
763,2021-09-09 10:00,20.8,0,.3,,1011.4,1015.8,95.4,,
763,2021-09-09 11:00,24.6,27.8,1.1,,1010.8,1015.1,78.1,,
763,2021-09-09 12:00,25.6,297.8,.7,,1010.2,1014.5,73.9,,
763,2021-09-09 13:00,27.2,120,.7,,1009.9,1014.2,62.2,,
763,2021-09-09 14:00,27.1,308.9,1.3,,1009.5,1013.8,68.5,,
763,2021-09-09 15:00,27.1,329.5,.6,,1008.9,1013.2,67.9,,
763,2021-09-09 16:00,27.2,341.6,1.1,,1009.4,1013.7,68.1,,
763,2021-09-09 17:00,26.3,343.2,1.2,,1009.5,1013.8,69.2,,
763,2021-09-09 18:00,24.5,0,.2,,1009.3,1013.6,83.6,,
763,2021-09-09 19:00,23.4,0,.1,,1009.4,1013.8,90.5,,
763,2021-09-09 20:00,22.6,0,.1,,1009.9,1014.3,89.3,,
763,2021-09-09 21:00,22,0,.2,,1010.1,1014.5,89.2,,
763,2021-09-09 22:00,21.7,0,.1,,1010.2,1014.6,92.2,,
763,2021-09-09 23:00,21.1,0,0,,1010.4,1014.8,92.5,,
763,2021-09-10 00:00,20.7,0,0,,1010.4,1014.8,95.3,0,0
763,2021-09-10 01:00,20.5,0,.2,0,1010.5,1014.9,98.7,0,0
763,2021-09-10 02:00,20.2,0,0,0,1010.3,1014.7,99.8,0,0
763,2021-09-10 03:00,19.9,0,.1,0,1010.2,1014.6,99.8,0,0
763,2021-09-10 04:00,19.3,0,.2,0,1010.5,1014.9,99.8,0,0
763,2021-09-10 05:00,19.2,0,.1,0,1010,1014.4,99.8,0,0
763,2021-09-10 06:00,19.3,0,.1,0,1009.8,1014.2,99.8,0,0
763,2021-09-10 07:00,19.3,0,0,0,1010.2,1014.6,99.8,0,0
763,2021-09-10 08:00,20.8,5,.5,0,1009.9,1014.3,99.6,0,0
763,2021-09-10 09:00,21.7,0,.3,0,1010.1,1014.5,95.7,0,0
763,2021-09-10 10:00,23.6,30.7,.6,0,1010.3,1014.7,87.2,0,0
763,2021-09-10 11:00,24.5,0,.2,0,1010.5,1014.8,82.5,0,0
763,2021-09-10 12:00,25,289.8,.5,0,1009.8,1014.2,74.9,0,0
763,2021-09-10 13:00,23.8,263.4,1.4,0,1009.7,1014,89.3,0,0
763,2021-09-10 14:00,26.5,237.8,.9,0,1009.3,1013.6,67.6,0,0
763,2021-09-10 15:00,27,259.9,1.4,0,1009.1,1013.4,64.4,0,0
763,2021-09-10 16:00,26.8,245.9,1.1,0,1008.9,1013.2,66,0,0
763,2021-09-10 17:00,26.1,216.1,.8,0,1008.8,1013.1,70.9,0,0
763,2021-09-10 18:00,25.1,0,.3,0,1009,1013.4,76.7,0,0
763,2021-09-10 19:00,23.5,0,.1,0,1009.7,1014.1,83.2,0,0
763,2021-09-10 20:00,21.9,0,.1,0,1010.2,1014.6,93.2,0,0
763,2021-09-10 21:00,21.1,0,0,0,1010.4,1014.8,97.1,0,0
763,2021-09-10 22:00,20.6,0,.3,0,1010.2,1014.6,99.8,0,0
763,2021-09-10 23:00,20.4,0,.1,0,1010.4,1014.8,99.8,0,0
763,2021-09-11 00:00,21.2,0,.4,0,1010.4,1014.8,99.8,0,0
763,2021-09-11 01:00,21.3,0,.3,0,1010.4,1014.8,99.7,0,0
763,2021-09-11 02:00,21.6,0,0,0,1010.6,1015,99,0,0
763,2021-09-11 03:00,21.3,0,.2,0,1010.3,1014.7,99.8,0,0
763,2021-09-11 04:00,19.8,0,0,0,1010.1,1014.5,99.8,0,0
763,2021-09-11 05:00,19.3,0,0,0,1010.2,1014.6,99.8,0,0
763,2021-09-11 06:00,20,0,.2,0,1010.7,1015.1,99.8,0,0
763,2021-09-11 07:00,20,17,.5,0,1010.6,1015,99.8,0,0
763,2021-09-11 08:00,20,0,.2,0,1010.4,1014.8,99.8,0,0
763,2021-09-11 09:00,20.5,35.5,.5,0,1010.4,1014.8,99.8,0,0
763,2021-09-11 10:00,22.9,28,1.3,0,1010.4,1014.8,90.7,0,0
763,2021-09-11 11:00,25,70.6,.7,0,1010.2,1014.6,79.1,0,0
763,2021-09-11 12:00,26.7,27,1.1,0,1009.6,1013.9,67.2,0,0
763,2021-09-11 13:00,27.8,52.7,1.3,0,1008.9,1013.2,67,0,0
763,2021-09-11 14:00,27.8,282.3,1.5,0,1008,1012.3,63.8,0,0
763,2021-09-11 15:00,28.8,306.1,1.6,0,1007.3,1011.6,61,0,0
763,2021-09-11 16:00,28.7,277.2,1,0,1006.9,1011.2,59.7,0,0
763,2021-09-11 17:00,28.3,294.5,1.6,0,1007,1011.3,61.1,0,0
763,2021-09-11 18:00,27.2,283.5,.8,0,1007.4,1011.7,66.2,0,0
763,2021-09-11 19:00,23.8,0,0,0,1007.6,1011.9,83.7,0,0
763,2021-09-11 20:00,22.2,0,0,0,1008.3,1012.7,92.7,0,0
763,2021-09-11 21:00,21.8,0,.2,0,1009,1013.4,98.6,0,0
763,2021-09-11 22:00,22,292.6,.5,0,1008.9,1013.3,96.4,0,0
763,2021-09-11 23:00,20.9,0,0,0,1008.7,1013.1,99.8,0,0
763,2021-09-12 00:00,20.7,0,.3,0,1008,1012.4,99.8,0,0
763,2021-09-12 01:00,20.5,0,0,0,1007.8,1012.2,99.8,0,0
763,2021-09-12 02:00,19.5,355.7,.5,0,1007.8,1012.2,99.8,0,0
763,2021-09-12 03:00,19.4,0,.4,0,1008,1012.4,99.8,0,0
763,2021-09-12 04:00,19.2,0,.2,0,1008.1,1012.5,99.8,0,0
763,2021-09-12 05:00,19.3,0,.4,0,1008.8,1013.2,99.8,0,0
763,2021-09-12 06:00,19.8,0,.2,0,1009.1,1013.5,99.8,0,0
763,2021-09-12 07:00,20.1,0,.4,0,1009.3,1013.7,99.8,0,0
763,2021-09-12 08:00,19.9,347.3,1,0,1009.9,1014.3,99.8,0,0
763,2021-09-12 09:00,20.7,0,.4,0,1009.8,1014.2,99.8,0,0
763,2021-09-12 10:00,24.1,356.3,1.1,0,1010.1,1014.4,84.6,0,0
763,2021-09-12 11:00,26.7,10.5,1.6,0,1009.6,1013.9,74.4,0,0
763,2021-09-12 12:00,27,3.1,1.4,0,1009.2,1013.5,62.7,0,0
763,2021-09-12 13:00,28.3,2.1,1.6,0,1009.1,1013.4,58.5,0,0
763,2021-09-12 14:00,27.8,7.5,1.9,0,1008.5,1012.8,64.7,0,0
763,2021-09-12 15:00,28.3,.9,1.5,0,1008.4,1012.7,63.1,0,0
763,2021-09-12 16:00,28.4,355,1.1,0,1008.3,1012.6,61.5,0,0
763,2021-09-12 17:00,27.5,341.2,.9,0,1008.5,1012.8,65.2,0,0
763,2021-09-12 18:00,25.5,0,0,0,1008.9,1013.2,78.7,0,0
763,2021-09-12 19:00,23.3,0,.1,0,1009.5,1013.9,85.6,0,0
763,2021-09-12 20:00,22.5,0,0,0,1009.7,1014.1,91.4,0,0
763,2021-09-12 21:00,21.8,0,0,0,1010.5,1014.9,94.9,0,0
763,2021-09-12 22:00,21.2,0,0,0,1010.7,1015.1,98.1,0,0
763,2021-09-12 23:00,21.5,0,0,0,1010.9,1015.3,97.8,0,0
763,2021-09-13 00:00,20.8,0,0,0,1011.2,1015.6,99.8,0,0
763,2021-09-13 01:00,21.1,0,0,0,1011.3,1015.7,99.4,0,0
763,2021-09-13 02:00,20.9,0,0,0,1011.4,1015.8,99.8,0,0
763,2021-09-13 03:00,20.2,0,0,0,1011.4,1015.8,99.8,0,0
763,2021-09-13 04:00,20,0,0,0,1011.8,1016.3,99.8,0,0
763,2021-09-13 05:00,19.7,0,.1,0,1011.6,1016,99.8,0,0
763,2021-09-13 06:00,19.4,0,.2,0,1011.5,1015.9,99.8,0,0
763,2021-09-13 07:00,20.2,0,0,0,1011.8,1016.2,99.8,0,0
763,2021-09-13 08:00,21.4,0,.2,0,1012.5,1016.9,94.5,0,0
763,2021-09-13 09:00,22.9,13.6,.8,0,1012.3,1016.7,84.6,0,0
763,2021-09-13 10:00,24.3,101.1,.6,0,1013,1017.3,72.2,0,0
763,2021-09-13 11:00,25.9,351.9,.8,0,1013.5,1017.9,63.5,0,0
763,2021-09-13 12:00,27.2,52.7,1.4,0,1013,1017.3,57.3,0,0
763,2021-09-13 13:00,28.1,11.9,1.6,0,1012.4,1016.7,56.1,0,0
763,2021-09-13 14:00,27.7,66.7,2,0,1011.7,1016,57,0,0
763,2021-09-13 15:00,27.2,86.9,2.5,0,1011.4,1015.7,56.8,0,0
763,2021-09-13 16:00,26.8,83.7,1.6,0,1011.1,1015.4,57.9,0,0
763,2021-09-13 17:00,25.9,96.4,.9,0,1011.2,1015.5,65.2,0,0
763,2021-09-13 18:00,25.2,76.9,1.1,0,1011.4,1015.8,65,0,0
763,2021-09-13 19:00,23.9,28.4,1.2,0,1011.8,1016.2,69.3,0,0
763,2021-09-13 20:00,21.6,0,.1,0,1011.9,1016.3,85.4,0,0
763,2021-09-13 21:00,21.6,266.3,.5,0,1012.2,1016.6,82.2,0,0
763,2021-09-13 22:00,20.6,0,.4,0,1012.2,1016.6,87.9,0,0
763,2021-09-13 23:00,21.1,4.2,1.2,0,1012.4,1016.8,79,0,0
763,2021-09-14 00:00,20.6,22.3,1.1,0,1012.3,1016.7,78.5,0,0
763,2021-09-14 01:00,20.5,34.6,.8,0,1011.6,1016,76.7,0,0
763,2021-09-14 02:00,19.9,14.8,1,0,1011.1,1015.5,80.5,0,0
763,2021-09-14 03:00,20,16.9,1.1,0,1011,1015.4,80.7,0,0
763,2021-09-14 04:00,20.5,21.6,1.2,0,1010.7,1015.1,77.6,0,0
763,2021-09-14 05:00,20,35.6,1.1,0,1010.7,1015.1,80.2,0,0
763,2021-09-14 06:00,19.9,27.6,1.2,0,1010.4,1014.8,80.1,0,0
763,2021-09-14 07:00,20.3,41.4,1.7,0,1010.2,1014.6,78.3,0,0
763,2021-09-14 08:00,21.2,27.5,1.8,0,1010.3,1014.7,75.3,0,0
763,2021-09-14 09:00,23,28.6,3.6,0,1010.4,1014.8,68.8,0,0
763,2021-09-14 10:00,24.3,23,3,0,1010.4,1014.7,66.8,0,0
763,2021-09-14 11:00,25.1,69.3,2,0,1010.2,1014.6,65,0,0
763,2021-09-14 12:00,25.9,87.3,3.5,0,1009.9,1014.2,63.4,0,0
763,2021-09-14 13:00,26.8,86.2,3.3,0,1009.7,1014,60.3,0,0
763,2021-09-14 14:00,27.1,76.2,3.1,0,1009.4,1013.7,59.9,0,0
763,2021-09-14 15:00,27.6,77.3,2.8,0,1008.7,1013,58.9,0,0
763,2021-09-14 16:00,26.7,82.8,2.8,0,1008.7,1013,57.2,0,0
763,2021-09-14 17:00,25.8,74.5,1.6,0,1008.6,1012.9,62,0,0
763,2021-09-14 18:00,24.5,26.3,2.2,0,1008.9,1013.2,60.5,0,0
763,2021-09-14 19:00,23.5,67.5,1.3,0,1009.3,1013.7,60.5,0,0
763,2021-09-14 20:00,22.4,70.8,.8,0,1009.8,1014.2,63,0,0
763,2021-09-14 21:00,22.4,72.5,1.5,0,1010.5,1014.9,63,0,0
763,2021-09-14 22:00,22.1,81.5,1.9,0,1010.5,1014.9,66.5,0,0
763,2021-09-14 23:00,22.1,76.3,2.3,0,1010.4,1014.8,65.1,0,0
763,2021-09-15 00:00,21.9,75,2.5,0,1010.9,1015.3,65.2,0,0
763,2021-09-15 01:00,21.5,79.7,1.8,0,1010.6,1015,65.1,0,0
763,2021-09-15 02:00,19.7,56.6,.7,0,1010.5,1014.9,76.3,0,0
763,2021-09-15 03:00,20.3,35.6,1,0,1010.2,1014.6,72,0,0
763,2021-09-15 04:00,20,55.1,1.1,0,1010.2,1014.6,74.4,0,0
763,2021-09-15 05:00,20.9,65.8,1.3,0,1010.4,1014.8,68.5,0,0
763,2021-09-15 06:00,21.4,73.2,1.8,0,1010.6,1015,63.4,0,0
763,2021-09-15 07:00,22.1,81.4,2.1,0,1011.3,1015.7,60.7,0,0
763,2021-09-15 08:00,23.3,78.7,2.9,0,1011.4,1015.8,57.8,0,0
763,2021-09-15 09:00,24.2,77.5,3.9,0,1011,1015.3,56.5,0,0
763,2021-09-15 10:00,25.2,88.4,4,0,1011.2,1015.6,52.7,0,0
763,2021-09-15 11:00,26.6,82.9,3.1,0,1011.1,1015.4,50.3,0,0
763,2021-09-15 12:00,27.6,86.2,3.5,0,1010.5,1014.8,46.5,0,0
763,2021-09-15 13:00,27.8,92,4,0,1010.2,1014.5,48.2,0,0
763,2021-09-15 14:00,28.3,78.7,3.1,0,1009.5,1013.8,47.6,0,0
763,2021-09-15 15:00,28.6,76.1,3.3,0,1009.1,1013.4,48.8,0,0
763,2021-09-15 16:00,28.3,93.6,3,0,1009.1,1013.4,48.6,0,0
763,2021-09-15 17:00,27.6,84.9,3,0,1009.3,1013.6,50.4,0,0
763,2021-09-15 18:00,26.1,86,3.2,0,1009.6,1013.9,52,0,0
763,2021-09-15 19:00,24.6,69,1.4,0,1010.2,1014.5,56,0,0
763,2021-09-15 20:00,22.8,55.5,.9,0,1011,1015.4,61,0,0
763,2021-09-15 21:00,22.3,78.8,1,0,1011.6,1016,63.1,0,0
763,2021-09-15 22:00,22.1,74.2,1.8,0,1011.8,1016.2,61,0,0
763,2021-09-15 23:00,21.6,78.6,2,0,1011.6,1016,58.9,0,0
763,2021-09-16 00:00,21.3,77.1,3.7,0,1011.2,1015.6,58.5,0,0
763,2021-09-16 01:00,19.4,48.2,.8,0,1010.9,1015.3,68,0,0
763,2021-09-16 02:00,17.6,0,.2,0,1010.3,1014.8,78.6,0,0
763,2021-09-16 03:00,15.7,0,.1,0,1010,1014.5,92,0,0
763,2021-09-16 04:00,15,0,0,0,1009.8,1014.3,95,0,0
763,2021-09-16 05:00,14.4,0,0,0,1009.2,1013.7,98.4,0,0
763,2021-09-16 06:00,14.6,0,.1,0,1009.1,1013.6,98,0,0
763,2021-09-16 07:00,15.2,0,.1,0,1009.5,1014,97.6,0,0
763,2021-09-16 08:00,19.3,0,.4,0,1009.5,1013.9,74.9,0,0
763,2021-09-16 09:00,22,80.2,.6,0,1009.8,1014.2,68.8,0,0
763,2021-09-16 10:00,24,23.5,1.6,0,1009.3,1013.6,59.4,0,0
763,2021-09-16 11:00,25.2,17.3,1.3,0,1008.9,1013.3,55.2,0,0
763,2021-09-16 12:00,26.9,45.5,2.4,0,1008,1012.3,53.2,0,0
763,2021-09-16 13:00,27.8,18.8,2,0,1007.5,1011.8,53.2,0,0
763,2021-09-16 14:00,26.8,62.8,1.8,0,1006.5,1010.8,54.8,0,0
763,2021-09-16 15:00,27.2,38,1.8,0,1005.7,1010,55.6,0,0
763,2021-09-16 16:00,26.7,37,2.6,0,1005.7,1010,58.8,0,0
763,2021-09-16 17:00,25.8,45.5,1.5,0,1005.5,1009.8,62.2,0,0
763,2021-09-16 18:00,24.6,338.3,.5,0,1005.8,1010.1,69.7,0,0
763,2021-09-16 19:00,24.5,111.5,.9,0,1005.4,1009.7,65.2,0,0
763,2021-09-16 20:00,23,34.8,.5,0,1006.1,1010.5,73.8,0,0
763,2021-09-16 21:00,23.4,63.3,.8,0,1006.3,1010.6,70.8,0,0
763,2021-09-16 22:00,23.3,77.2,2.3,0,1006.4,1010.7,71.1,0,0
763,2021-09-16 23:00,22.3,76.2,2.2,0,1006.1,1010.5,77.4,0,0
763,2021-09-17 00:00,21.3,17.6,1.4,0,1005.5,1009.9,85.9,0,0
763,2021-09-17 01:00,20.8,21.6,1.5,0,1005,1009.4,88.6,0,0
763,2021-09-17 02:00,21,346.3,1,0,1004.4,1008.8,82.9,0,0
763,2021-09-17 03:00,19.6,59.1,.8,2,1004.5,1008.9,96.9,0,0
763,2021-09-17 04:00,19.1,37.4,1.2,15.5,1004.2,1008.6,99.8,0,0
763,2021-09-17 05:00,19.3,14.1,.8,1.5,1004.1,1008.5,99.7,0,0
763,2021-09-17 06:00,19.4,55.9,1.4,.5,1004,1008.4,99.6,0,0
763,2021-09-17 07:00,19.1,348.8,1.6,4.5,1004.4,1008.8,99.7,0,0
763,2021-09-17 08:00,18.9,344.9,1.3,5,1004.3,1008.7,99.8,0,0
763,2021-09-17 09:00,19,44.7,2,4.5,1004.6,1009,98.8,0,0
763,2021-09-17 10:00,20.5,28.4,2.4,1.5,1004.7,1009.1,94.6,0,0
763,2021-09-17 11:00,22,28.4,2.1,0,1004.4,1008.8,86.9,0,0
763,2021-09-17 12:00,22.3,40.6,2.3,0,1004,1008.4,83.5,0,0
763,2021-09-17 13:00,22.7,67.7,3.1,0,1003.2,1007.5,75.3,0,0
763,2021-09-17 14:00,23,25,4.2,0,1002.5,1006.8,76.1,0,0
763,2021-09-17 15:00,23,37.8,3.6,0,1002.6,1006.9,72.5,0,0
763,2021-09-17 16:00,24.3,78.6,3.2,0,1002.2,1006.5,67.7,0,0
763,2021-09-17 17:00,23.5,29,3.1,0,1003.1,1007.4,69.3,0,0
763,2021-09-17 18:00,22.3,55.6,2.8,0,1004,1008.4,72.2,0,0
763,2021-09-17 19:00,21.6,23.3,2.1,0,1005.1,1009.5,76,0,0
763,2021-09-17 20:00,21,32.8,1.6,0,1006.1,1010.5,78.6,0,0
763,2021-09-17 21:00,20.3,16.6,1,0,1006.9,1011.3,84.6,0,0
763,2021-09-17 22:00,20.3,29.9,1.2,0,1007.2,1011.6,85.8,0,0
763,2021-09-17 23:00,19.4,13.1,1.2,0,1007.4,1011.8,91.4,0,0
763,2021-09-18 00:00,18.8,20.5,.9,0,1007.6,1012,93.6,0,0
763,2021-09-18 01:00,17.9,0,.2,0,1007.8,1012.2,98.5,0,0
763,2021-09-18 02:00,17,0,.1,0,1008,1012.5,99.8,0,0
763,2021-09-18 03:00,16.6,0,.3,0,1008.1,1012.6,99.8,0,0
763,2021-09-18 04:00,16.8,0,.1,0,1008.4,1012.9,99.8,0,0
763,2021-09-18 05:00,16.5,0,.2,0,1008.6,1013.1,99.8,0,0
763,2021-09-18 06:00,15.6,0,0,0,1008.7,1013.2,99.8,0,0
763,2021-09-18 07:00,16.6,0,.1,0,1009.7,1014.2,99.8,0,0
763,2021-09-18 08:00,18.8,46.4,.6,0,1010.4,1014.8,93,0,0
763,2021-09-18 09:00,21.3,26.5,1,0,1010.8,1015.2,79.4,0,0
763,2021-09-18 10:00,23,27.9,1.3,0,1011.3,1015.7,67.4,0,0
763,2021-09-18 11:00,25,41.8,1.6,0,1011.3,1015.7,60.6,0,0
763,2021-09-18 12:00,25.8,3.8,1.1,0,1010.8,1015.1,60.1,0,0
763,2021-09-18 13:00,26.8,5.8,1.8,0,1010.1,1014.4,55.4,0,0
763,2021-09-18 14:00,27.9,352.4,1.6,0,1009.8,1014.1,53.3,0,0
763,2021-09-18 15:00,28.5,31.7,1.6,0,1009.5,1013.8,52.3,0,0
763,2021-09-18 16:00,28.1,77.4,1.9,0,1009.3,1013.6,52.3,0,0
763,2021-09-18 17:00,27.6,66.8,1.7,0,1009.7,1014,51.9,0,0
763,2021-09-18 18:00,25.8,15.3,.8,0,1010.3,1014.6,60.7,0,0
763,2021-09-18 19:00,21.9,0,.1,0,1010.7,1015.1,86,0,0
763,2021-09-18 20:00,21,0,0,0,1011.2,1015.6,90.4,0,0
763,2021-09-18 21:00,19.7,0,0,0,1012.1,1016.5,94.2,0,0
763,2021-09-18 22:00,19,0,0,0,1012.3,1016.7,96.4,0,0
763,2021-09-18 23:00,19.1,0,.1,0,1012.4,1016.8,93.8,0,0
763,2021-09-19 00:00,18.2,0,0,0,1012.8,1017.3,99.1,0,0
763,2021-09-19 01:00,17.9,0,0,0,1012.8,1017.3,99.1,0,0
763,2021-09-19 02:00,17.7,0,0,0,1012.7,1017.2,99.8,0,0
763,2021-09-19 03:00,17.5,0,.2,0,1012.5,1017,99.8,0,0
763,2021-09-19 04:00,17.1,0,.2,0,1012.7,1017.2,99.8,0,0
763,2021-09-19 05:00,16.8,0,0,0,1012.5,1017,99.8,0,0
763,2021-09-19 06:00,16.7,0,0,0,1012.9,1017.4,99.8,0,0
763,2021-09-19 07:00,17.2,0,0,0,1013.5,1018,99.8,0,0
763,2021-09-19 08:00,19.5,0,.3,0,1013.4,1017.8,91.1,0,0
763,2021-09-19 09:00,21.5,54,.9,0,1013.6,1018,83,0,0
763,2021-09-19 10:00,24.2,39,1.1,0,1013.7,1018.1,68.1,0,0
763,2021-09-19 11:00,25.7,345,1.4,0,1013,1017.4,63.8,0,0
763,2021-09-19 12:00,26.7,358.6,1.5,0,1012.1,1016.4,59.1,0,0
763,2021-09-19 13:00,27.8,44.8,1.2,0,1011.5,1015.8,57.6,0,0
763,2021-09-19 14:00,28,9.1,1.5,0,1011,1015.3,51.1,0,0
763,2021-09-19 15:00,28.5,358.6,1.5,0,1010.6,1014.9,50.1,0,0
763,2021-09-19 16:00,28.4,12.8,1.9,0,1010.2,1014.5,47.1,0,0
763,2021-09-19 17:00,27.8,25.5,1.5,0,1010.2,1014.5,50.2,0,0
763,2021-09-19 18:00,25.7,6.2,.7,0,1010.3,1014.6,58.5,0,0
763,2021-09-19 19:00,21.5,0,0,0,1010.3,1014.7,82.4,0,0
763,2021-09-19 20:00,20.4,0,0,0,1010.8,1015.2,88.2,0,0
763,2021-09-19 21:00,19.5,0,0,0,1011.1,1015.5,92.1,0,0
763,2021-09-19 22:00,18.8,0,.1,0,1011.4,1015.8,95,0,0
763,2021-09-19 23:00,18.5,0,0,0,1011.6,1016,95.5,0,0
763,2021-09-20 00:00,18.5,0,.1,0,1011.3,1015.7,94.4,0,0
763,2021-09-20 01:00,18,0,.2,0,1010.9,1015.4,97.6,0,0
763,2021-09-20 02:00,17.8,0,0,0,1010.3,1014.8,99.8,0,0
763,2021-09-20 03:00,17.8,0,.1,0,1009.9,1014.4,99.8,0,0
763,2021-09-20 04:00,17.3,0,.1,0,1009.6,1014.1,99.8,0,0
763,2021-09-20 05:00,16.9,0,0,0,1009.6,1014.1,99.8,0,0
763,2021-09-20 06:00,16.4,0,.1,0,1009.7,1014.2,99.8,0,0
763,2021-09-20 07:00,17.2,0,.1,0,1009.8,1014.3,99.8,0,0
763,2021-09-20 08:00,20.5,0,.4,0,1009.7,1014.1,90.7,0,0
763,2021-09-20 09:00,21.7,323.3,1.5,0,1010.7,1015.1,79.8,0,0
763,2021-09-20 10:00,23.4,41.7,.9,0,1010.6,1015,65.4,0,0
763,2021-09-20 11:00,25.2,152.6,.5,0,1009.7,1014.1,63.5,0,0
763,2021-09-20 12:00,26,153.7,.7,0,1008.6,1012.9,55.5,0,0
763,2021-09-20 13:00,27.3,131.1,1.1,0,1008,1012.3,53.3,0,0
763,2021-09-20 14:00,27.4,116.2,1.7,0,1006.8,1011.1,51.8,0,0
763,2021-09-20 15:00,28.2,123,1,0,1005.9,1010.2,53.8,0,0
763,2021-09-20 16:00,28.2,126.9,1.4,0,1005.3,1009.6,52.5,0,0
763,2021-09-20 17:00,26.9,119,1,0,1004.7,1009,59,0,0
763,2021-09-20 18:00,25.3,0,.2,0,1004.9,1009.2,66.9,0,0
763,2021-09-20 19:00,24.6,0,.3,0,1005,1009.3,67.6,0,0
763,2021-09-20 20:00,21.7,0,.3,0,1005.2,1009.6,82.6,0,0
763,2021-09-20 21:00,20.9,0,.3,0,1005.2,1009.6,88,0,0
763,2021-09-20 22:00,23.6,125,.7,0,1004.7,1009,70.1,0,0
763,2021-09-20 23:00,24.1,181.5,.7,0,1004.4,1008.7,69.6,0,0
763,2021-09-21 00:00,23.9,145,1,0,1004,1008.3,73.1,0,0
763,2021-09-21 01:00,24.7,145.6,1.8,0,1003,1007.3,70.2,0,0
763,2021-09-21 02:00,25,150.5,1.7,0,1002.1,1006.4,69.9,0,0
763,2021-09-21 03:00,24.4,155.9,1.2,0,1001.4,1005.7,74.7,0,0
763,2021-09-21 04:00,23.2,149.5,.7,.5,1000.8,1005.1,84.6,0,0
763,2021-09-21 05:00,22.5,220.5,.5,3.5,1001.4,1005.7,92.9,0,0
763,2021-09-21 06:00,21.7,255.5,2.3,25.5,1002.8,1007.2,99.8,0,0
763,2021-09-21 07:00,20.4,225.5,1.1,19,1004.1,1008.5,99.8,0,0
763,2021-09-21 08:00,20.6,0,.3,3,1003.8,1008.2,99.5,0,0
763,2021-09-21 09:00,20.4,172.2,.5,2.5,1003.9,1008.3,97.5,0,0
763,2021-09-21 10:00,20.9,135.4,.8,.5,1004.1,1008.5,94.5,0,0
763,2021-09-21 11:00,22.8,201.6,.8,0,1003.2,1007.5,83.3,0,0
763,2021-09-21 12:00,23.8,170.8,.9,0,1003.3,1007.6,80.9,0,0
763,2021-09-21 13:00,24.4,211.5,.8,0,1002.9,1007.2,77.5,0,0
763,2021-09-21 14:00,25,243.4,1.9,0,1002.1,1006.4,74,0,0
763,2021-09-21 15:00,25.7,241.7,2.3,0,1001.7,1006,66.8,0,0
763,2021-09-21 16:00,25.1,247.6,2.5,0,1001.7,1006,72.4,0,0
763,2021-09-21 17:00,24.7,262,2.7,0,1002.1,1006.4,72.7,0,0
763,2021-09-21 18:00,23.5,242,1.2,0,1002.3,1006.6,78.8,0,0
763,2021-09-21 19:00,22.6,234.1,.7,0,1002.5,1006.8,85.8,0,0
763,2021-09-21 20:00,22.4,221.7,1,0,1003.3,1007.7,83.8,0,0
763,2021-09-21 21:00,21.7,0,.4,0,1003.6,1008,87.6,0,0
763,2021-09-21 22:00,21.6,0,.4,0,1003.8,1008.2,88,0,0
763,2021-09-21 23:00,22.1,206.6,1.1,0,1003.8,1008.2,80.2,0,0
763,2021-09-22 00:00,22,165.3,1,0,1003.8,1008.2,79.1,0,0
763,2021-09-22 01:00,22,183.8,1.3,0,1003.6,1008,77.9,0,0
763,2021-09-22 02:00,22.2,172.4,1.3,0,1003.5,1007.9,77,0,0
763,2021-09-22 03:00,21.7,193.9,1,0,1003.5,1007.9,80.6,0,0
763,2021-09-22 04:00,21.9,188.5,1,0,1003.5,1007.9,81.9,0,0
763,2021-09-22 05:00,21.9,192.8,.9,0,1003.7,1008.1,84.4,0,0
763,2021-09-22 06:00,21.8,172.3,.7,0,1003.9,1008.3,86.2,0,0
763,2021-09-22 07:00,22,217.3,.6,0,1004.5,1008.9,88.6,0,0
763,2021-09-22 08:00,20.3,16.3,1.9,0,1004.6,1009,83.4,0,0
763,2021-09-22 09:00,23.4,204.2,.7,0,1004.6,1008.9,86,0,0
763,2021-09-22 10:00,22,25.6,1,3,1005.4,1009.8,92,0,0
763,2021-09-22 11:00,23.9,253.5,1,.5,1005.7,1010,87.8,0,0
763,2021-09-22 12:00,25,233.5,1.6,0,1006,1010.3,65.5,0,0
763,2021-09-22 13:00,26,236.7,1.7,0,1005.7,1010,64.2,0,0
763,2021-09-22 14:00,26.4,273.9,2.7,0,1005.5,1009.8,50.5,0,0
763,2021-09-22 15:00,25.8,265.1,2.8,0,1005.7,1010,58.9,0,0
763,2021-09-22 16:00,25.2,260.4,2.3,0,1006,1010.3,60.9,0,0
763,2021-09-22 17:00,24.4,258.9,2.2,0,1006.3,1010.6,64.8,0,0
763,2021-09-22 18:00,23.1,257.1,1.8,0,1006.9,1011.3,69.7,0,0
763,2021-09-22 19:00,22,256.1,1.7,0,1007.4,1011.8,76,0,0
763,2021-09-22 20:00,19.9,0,.4,0,1008.3,1012.7,89.1,0,0
763,2021-09-22 21:00,19,0,.3,0,1009.3,1013.7,93.2,0,0
763,2021-09-22 22:00,18.8,0,.2,0,1009.4,1013.8,94.7,0,0
763,2021-09-22 23:00,17.9,0,.1,0,1009.5,1014,98.6,0,0
763,2021-09-23 00:00,17.6,0,0,0,1010.1,1014.6,98.8,0,0
763,2021-09-23 01:00,16.8,0,.2,0,1010.5,1015,99.8,0,0
763,2021-09-23 02:00,16.3,0,0,0,1011.1,1015.6,99.8,0,0
763,2021-09-23 03:00,16.2,0,0,0,1011.3,1015.8,99.8,0,0
763,2021-09-23 04:00,15.9,0,0,0,1011.7,1016.2,99.8,0,0
763,2021-09-23 05:00,15.5,0,0,0,1012.1,1016.6,99.8,0,0
763,2021-09-23 06:00,15.3,0,.1,0,1012.7,1017.2,99.8,0,0
763,2021-09-23 07:00,15.6,0,.1,0,1013.4,1017.9,99.8,0,0
763,2021-09-23 08:00,18.7,0,.3,0,1013.7,1018.2,96.7,0,0
763,2021-09-23 09:00,21.9,0,.3,0,1014.2,1018.6,78.3,0,0
763,2021-09-23 10:00,22.7,275.2,1.9,0,1014.9,1019.3,66.1,0,0
763,2021-09-23 11:00,23.7,298,1.2,0,1014.7,1019.1,58.1,0,0
763,2021-09-23 12:00,24.1,345.8,.9,0,1014.1,1018.5,51.2,0,0
763,2021-09-23 13:00,25.6,303.5,2.5,0,1013.8,1018.2,51.7,0,0
763,2021-09-23 14:00,25.5,304.4,2.1,0,1013.9,1018.3,51.2,0,0
763,2021-09-23 15:00,25.3,335.9,1.7,0,1013.7,1018.1,45.3,0,0
763,2021-09-23 16:00,25.5,322,1.5,0,1013.5,1017.9,49.2,0,0
763,2021-09-23 17:00,24.6,342.8,1.7,0,1013.8,1018.1,50.1,0,0
763,2021-09-23 18:00,22,305.2,.5,0,1014.2,1018.6,65.5,0,0
763,2021-09-23 19:00,19.1,0,.1,0,1014.9,1019.3,81.3,0,0
763,2021-09-23 20:00,18,0,.1,0,1015.9,1020.4,90,0,0
763,2021-09-23 21:00,17.7,0,.3,0,1016.4,1020.9,91.1,0,0
763,2021-09-23 22:00,16.9,0,.2,0,1016.4,1020.9,93.4,0,0
763,2021-09-23 23:00,16.5,0,.4,0,1016.9,1021.4,95.5,0,0
763,2021-09-24 00:00,16,106.7,.6,0,1016.6,1021.1,97.8,0,0
763,2021-09-24 01:00,15.4,0,0,0,1016.8,1021.4,98.7,0,0
763,2021-09-24 02:00,15.2,0,.1,0,1016.8,1021.4,99.8,0,0
763,2021-09-24 03:00,14.3,0,.1,0,1016.9,1021.5,99.8,0,0
763,2021-09-24 04:00,14,0,.1,0,1017.2,1021.8,99.8,0,0
763,2021-09-24 05:00,13.5,0,.1,0,1017.7,1022.3,99.8,0,0
763,2021-09-24 06:00,13.5,0,.1,0,1018,1022.6,99.8,0,0
763,2021-09-24 07:00,13.5,0,0,0,1018.7,1023.3,99.8,0,0
763,2021-09-24 08:00,16,0,.3,0,1019.3,1023.8,94.8,0,0
763,2021-09-24 09:00,17.8,38.5,.9,0,1019.4,1023.9,86.9,0,0
763,2021-09-24 10:00,20.7,36.1,.9,0,1019.6,1024.1,73.1,0,0
763,2021-09-24 11:00,22.6,212.2,.5,0,1019.5,1023.9,64.9,0,0
763,2021-09-24 12:00,24.3,17.7,1.1,0,1018.8,1023.2,60.6,0,0
763,2021-09-24 13:00,24.5,28.4,.9,0,1018.4,1022.8,61,0,0
763,2021-09-24 14:00,24.4,281.5,.7,0,1017.9,1022.3,57.4,0,0
763,2021-09-24 15:00,25.7,95.2,.9,0,1017.3,1021.7,48.1,0,0
763,2021-09-24 16:00,26.5,78,1.6,0,1017.1,1021.5,51.9,0,0
763,2021-09-24 17:00,25.8,68.4,1.8,0,1017.2,1021.6,53.5,0,0
763,2021-09-24 18:00,23.9,110.1,.8,0,1017.3,1021.7,61.6,0,0
763,2021-09-24 19:00,19.9,0,0,0,1017.9,1022.3,85.7,0,0
763,2021-09-24 20:00,19.1,0,.1,0,1018.2,1022.7,89.6,0,0
763,2021-09-24 21:00,22.1,103.4,.9,0,1018.7,1023.1,68.5,0,0
763,2021-09-24 22:00,19.1,0,.2,0,1019.3,1023.8,87.4,0,0
763,2021-09-24 23:00,20.3,76.6,1.5,0,1019.5,1024,78.5,0,0
763,2021-09-25 00:00,20.3,86.7,1.4,0,1019.2,1023.7,79,0,0
763,2021-09-25 01:00,20,67.8,1.5,0,1018.9,1023.4,77.9,0,0
763,2021-09-25 02:00,16.7,0,.2,0,1019,1023.5,96.5,0,0
763,2021-09-25 03:00,18.3,69.8,.9,0,1018.5,1023,85.5,0,0
763,2021-09-25 04:00,17.5,0,.4,0,1018.7,1023.2,90.2,0,0
763,2021-09-25 05:00,17.9,38,1.1,0,1018.4,1022.9,88.2,0,0
763,2021-09-25 06:00,16.8,0,.2,0,1018.1,1022.6,95.1,0,0
763,2021-09-25 07:00,16.7,0,.1,0,1019.2,1023.7,98.9,0,0
763,2021-09-25 08:00,18.7,0,.3,0,1020.1,1024.6,89.8,0,0
763,2021-09-25 09:00,20.9,18,2,0,1020,1024.5,77.3,0,0
763,2021-09-25 10:00,22.8,77.3,2.2,0,1020.5,1024.9,72.4,0,0
763,2021-09-25 11:00,24.4,35.2,1.7,0,1019.7,1024.1,65.9,0,0
763,2021-09-25 12:00,24.6,21.5,2.7,0,1018.9,1023.3,65.2,0,0
763,2021-09-25 13:00,24.3,23.1,2.8,0,1017.7,1022.1,68.7,0,0
763,2021-09-25 14:00,23.9,59.4,1.9,0,1017.2,1021.6,69.9,0,0
763,2021-09-25 15:00,23.5,57.9,1.6,0,1017.1,1021.5,71.4,0,0
763,2021-09-25 16:00,23.5,67.1,1.5,0,1016.9,1021.3,71.5,0,0
763,2021-09-25 17:00,23.4,82.9,2.5,0,1017.2,1021.6,69.3,0,0
763,2021-09-25 18:00,22.8,61.5,1.1,0,1017,1021.4,69,0,0
763,2021-09-25 19:00,22.4,86.6,2.3,0,1017.3,1021.7,68.7,0,0
763,2021-09-25 20:00,20.6,345.7,.7,0,1018,1022.5,80.3,0,0
763,2021-09-25 21:00,20.2,80.9,.7,0,1018.2,1022.7,83.8,0,0
763,2021-09-25 22:00,19.2,0,.2,0,1018.9,1023.4,92.6,0,0
763,2021-09-25 23:00,19.3,0,.1,0,1018.1,1022.6,90.8,0,0
763,2021-09-26 00:00,18.8,0,.2,0,1018,1022.5,93.1,0,0
763,2021-09-26 01:00,17.7,0,.1,0,1018.2,1022.7,97.2,0,0
763,2021-09-26 02:00,17,0,0,0,1018,1022.5,98.3,0,0
763,2021-09-26 03:00,17,0,.2,0,1017.6,1022.1,99.2,0,0
763,2021-09-26 04:00,17.1,0,.1,0,1017.4,1021.9,97.2,0,0
763,2021-09-26 05:00,16.6,0,0,0,1017.4,1021.9,98.8,0,0
763,2021-09-26 06:00,15.6,0,0,0,1017.3,1021.8,99.8,0,0
763,2021-09-26 07:00,16,0,.1,0,1017.5,1022,99.8,0,0
763,2021-09-26 08:00,18,0,.1,0,1017.7,1022.2,92,0,0
763,2021-09-26 09:00,21,18.7,.8,0,1017.8,1022.3,75.2,0,0
763,2021-09-26 10:00,21.9,8.4,.7,0,1017.7,1022.1,71.3,0,0
763,2021-09-26 11:00,23.4,50.4,1.7,0,1017,1021.4,64.5,0,0
763,2021-09-26 12:00,24.1,0,.3,0,1016.3,1020.7,62.5,0,0
763,2021-09-26 13:00,24.5,101.5,.8,0,1015.6,1020,59.6,0,0
763,2021-09-26 14:00,25.9,29.1,2.2,0,1014.9,1019.3,57.8,0,0
763,2021-09-26 15:00,24.9,27.9,2.3,0,1014.5,1018.8,60,0,0
763,2021-09-26 16:00,24,76.3,1.6,0,1014.8,1019.2,62.2,0,0
763,2021-09-26 17:00,23,40.7,.7,0,1014.8,1019.2,66.7,0,0
763,2021-09-26 18:00,21.9,0,.4,0,1014.9,1019.3,74.1,0,0
763,2021-09-26 19:00,21.8,40.5,1,0,1014.7,1019.1,71,0,0
763,2021-09-26 20:00,22.4,82.5,1.2,0,1014.7,1019.1,65.5,0,0
763,2021-09-26 21:00,21.6,63.1,1.4,0,1014.8,1019.2,71.4,0,0
763,2021-09-26 22:00,20.6,278.1,.7,0,1014.5,1018.9,77.4,0,0
763,2021-09-26 23:00,19.9,0,.2,0,1014.7,1019.1,83.2,0,0
763,2021-09-27 00:00,19.9,43.1,.6,0,1014.5,1018.9,80,0,0
763,2021-09-27 01:00,19.2,0,.2,0,1014.3,1018.7,83.8,0,0
763,2021-09-27 02:00,19,23.5,.5,0,1013.9,1018.3,82.9,0,0
763,2021-09-27 03:00,18.6,0,0,0,1013.2,1017.7,85.7,0,0
763,2021-09-27 04:00,18.1,0,.2,0,1013.1,1017.6,88.3,0,0
763,2021-09-27 05:00,17.6,0,0,0,1013,1017.5,90.1,0,0
763,2021-09-27 06:00,17.6,0,.2,0,1013,1017.5,91.9,0,0
763,2021-09-27 07:00,17.8,0,0,0,1012.8,1017.3,92.4,0,0
763,2021-09-27 08:00,18.7,355.4,.5,0,1013.2,1017.6,88.4,0,0
763,2021-09-27 09:00,20.2,0,.2,0,1013.2,1017.7,75.7,0,0
763,2021-09-27 10:00,22.3,4.8,.6,0,1013.2,1017.6,67.3,0,0
763,2021-09-27 11:00,24.2,35.4,1.1,0,1012.6,1017,59.3,0,0
763,2021-09-27 12:00,25.7,59.1,1.3,0,1012,1016.4,57.8,0,0
763,2021-09-27 13:00,26,350.4,1.1,0,1011.1,1015.4,54.1,0,0
763,2021-09-27 14:00,25.9,108.9,.6,0,1010.6,1014.9,52.3,0,0
763,2021-09-27 15:00,25.9,352.6,.6,0,1010.2,1014.5,57.9,0,0
763,2021-09-27 16:00,24.5,318.3,.6,0,1010.4,1014.7,66.6,0,0
763,2021-09-27 17:00,23.8,318.7,.6,0,1010.1,1014.4,65.3,0,0
763,2021-09-27 18:00,22.8,0,0,0,1010.2,1014.6,76.6,0,0
763,2021-09-27 19:00,21.8,0,0,0,1010.3,1014.7,85.7,0,0
763,2021-09-27 20:00,21.4,0,0,0,1010.2,1014.6,87.6,0,0
763,2021-09-27 21:00,21.3,0,.1,0,1010.6,1015,88.2,0,0
763,2021-09-27 22:00,21.2,0,.4,0,1010.4,1014.8,86.9,0,0
763,2021-09-27 23:00,20.7,0,.1,0,1010.3,1014.7,91.1,0,0
763,2021-09-28 00:00,21,0,0,0,1010.6,1015,85.2,0,0
763,2021-09-28 01:00,20.3,0,.1,0,1010.4,1014.8,91,0,0
763,2021-09-28 02:00,20.2,0,.2,0,1010.3,1014.7,89.5,0,0
763,2021-09-28 03:00,20,0,0,0,1010.1,1014.5,94.4,0,0
763,2021-09-28 04:00,19.9,0,.1,0,1009.8,1014.2,94.9,0,0
763,2021-09-28 05:00,19.8,0,.2,0,1009.8,1014.2,89.3,0,0
763,2021-09-28 06:00,19.6,0,.1,0,1009.8,1014.2,87.4,0,0
763,2021-09-28 07:00,19.4,0,.2,0,1010.2,1014.6,90.9,0,0
763,2021-09-28 08:00,20,0,.3,0,1010.5,1014.9,84.1,0,0
763,2021-09-28 09:00,21.2,343.3,.5,0,1010.4,1014.8,76.5,0,0
763,2021-09-28 10:00,22.3,0,.2,0,1010.3,1014.7,68.9,0,0
763,2021-09-28 11:00,23.9,80.8,.8,0,1009.8,1014.1,63.6,0,0
763,2021-09-28 12:00,24.9,100.5,.8,0,1009.4,1013.7,61.9,0,0
763,2021-09-28 13:00,24.4,0,.4,0,1009.3,1013.6,63.9,0,0
763,2021-09-28 14:00,24.6,241.1,.5,0,1008.5,1012.8,65.9,0,0
763,2021-09-28 15:00,23.7,0,.3,0,1007.9,1012.2,68.1,0,0
763,2021-09-28 16:00,22.5,267,1.4,0,1008.1,1012.5,76.6,0,0
763,2021-09-28 17:00,20.6,18.4,.8,0,1007.9,1012.3,96.4,0,0
763,2021-09-28 18:00,20.1,22.8,.6,1,1008,1012.4,99.8,0,0
763,2021-09-28 19:00,20.1,0,.4,0,1008,1012.4,99.8,0,0
763,2021-09-28 20:00,20,0,0,.5,1008.2,1012.6,99.8,0,0
763,2021-09-28 21:00,20.1,0,.4,0,1008.1,1012.5,99.8,0,0
763,2021-09-28 22:00,20.3,0,.1,0,1007.6,1012,99.8,0,0
763,2021-09-28 23:00,20.6,0,.4,0,1007,1011.4,99.6,0,0
763,2021-09-29 00:00,20.5,2.4,.5,0,1006.7,1011.1,99.5,0,0
763,2021-09-29 01:00,20.4,0,.2,0,1006.6,1011,99.8,0,0
763,2021-09-29 02:00,20.4,0,.3,0,1006,1010.4,99.8,0,0
763,2021-09-29 03:00,22.5,136.7,.6,0,1005.5,1009.9,84.6,0,0
763,2021-09-29 04:00,22.7,172.2,.7,0,1005.2,1009.6,84.3,0,0
763,2021-09-29 05:00,22.7,0,.4,0,1005.3,1009.7,84.6,0,0
763,2021-09-29 06:00,22.7,136.1,.6,0,1005.2,1009.6,85.5,0,0
763,2021-09-29 07:00,22.3,0,.4,0,1005,1009.4,90.6,0,0
763,2021-09-29 08:00,23.2,138.6,.7,0,1004.7,1009,86.5,0,0
763,2021-09-29 09:00,22.4,0,.4,1,1004.9,1009.3,93.3,0,0
763,2021-09-29 10:00,23,200.4,.5,.5,1005.2,1009.5,95.1,0,0
763,2021-09-29 11:00,22.9,231.4,.7,0,1005.2,1009.6,97.1,0,0
763,2021-09-29 12:00,22.1,240.9,.7,6,1004.9,1009.3,99.2,0,0
763,2021-09-29 13:00,21.6,0,.4,8.5,1004.3,1008.7,99.8,0,0
763,2021-09-29 14:00,22.1,266.1,1.3,0,1004,1008.4,98.1,0,0
763,2021-09-29 15:00,22.2,263.2,.6,0,1003.8,1008.2,96.4,0,0
763,2021-09-29 16:00,21.5,0,.2,0,1003.8,1008.2,99.6,0,0
763,2021-09-29 17:00,21.6,0,.2,1.5,1004.1,1008.5,99.8,0,0
763,2021-09-29 18:00,21.1,0,.3,2,1004.2,1008.6,99.8,0,0
763,2021-09-29 19:00,20.6,324.7,.5,.5,1004.7,1009.1,99.8,0,0
763,2021-09-29 20:00,19.8,0,0,1,1005.1,1009.5,99.8,0,0
763,2021-09-29 21:00,20,0,.2,0,1005.4,1009.8,99.8,0,0
763,2021-09-29 22:00,19.9,0,.2,.5,1005.7,1010.1,99.8,0,0
763,2021-09-29 23:00,19.6,0,.1,0,1005.6,1010,99.8,0,0
763,2021-09-30 00:00,19.5,0,.1,0,1005.4,1009.8,99.8,0,0
763,2021-09-30 01:00,19.4,0,0,0,1005.1,1009.5,99.8,0,0
763,2021-09-30 02:00,19.2,0,.4,0,1005.2,1009.6,99.8,0,0
763,2021-09-30 03:00,18.9,0,0,0,1004.9,1009.3,99.8,0,0
763,2021-09-30 04:00,18.8,333.4,.5,0,1005,1009.4,99.8,0,0
763,2021-09-30 05:00,18.1,13.2,1,0,1005.1,1009.5,99.8,0,0
763,2021-09-30 06:00,18.1,1,.7,0,1005.3,1009.7,99.8,0,0
763,2021-09-30 07:00,17.7,0,.4,0,1006,1010.4,99.8,0,0
763,2021-09-30 08:00,18.5,21.1,.5,0,1006.1,1010.5,99.8,0,0
763,2021-09-30 09:00,19.6,337.7,1.2,0,1006.2,1010.6,94.9,0,0
763,2021-09-30 10:00,21.9,7,2.3,0,1006.3,1010.7,78.9,0,0
763,2021-09-30 11:00,23.3,7.2,2.2,0,1005.6,1009.9,75.2,0,0
763,2021-09-30 12:00,24.9,336.2,1.8,0,1005.1,1009.4,67.3,0,0
763,2021-09-30 13:00,26.3,19.2,2.2,0,1004.4,1008.7,61.2,0,0
763,2021-09-30 14:00,27.2,19.7,2.2,0,1004,1008.3,57.3,0,0
763,2021-09-30 15:00,27.3,347.1,2.3,0,1003.7,1008,53.9,0,0
763,2021-09-30 16:00,27.4,348.2,1.8,0,1003.7,1008,50,0,0
763,2021-09-30 17:00,26,341.9,.8,0,1003.9,1008.2,53.2,0,0
763,2021-09-30 18:00,22.8,0,0,0,1004,1008.3,77.7,0,0
763,2021-09-30 19:00,19.9,0,0,0,1004.3,1008.7,91.4,0,0
763,2021-09-30 20:00,19.3,0,.1,0,1005.1,1009.5,92.8,0,0
763,2021-09-30 21:00,17.9,0,.1,0,1005.5,1009.9,97.9,0,0
763,2021-09-30 22:00,17.5,0,0,0,1005.8,1010.2,99.7,0,0
763,2021-09-30 23:00,17.4,0,0,0,1005.6,1010,99.8,0,0
763,2021-10-01 00:00,17.2,0,.3,0,1004.6,1009.1,99.8,0,0
763,2021-10-01 01:00,16.8,0,.2,0,1005,1009.5,99.8,0,0
763,2021-10-01 02:00,16.3,0,.1,0,1004.8,1009.3,99.8,0,0
763,2021-10-01 03:00,15.5,0,.1,0,1005.1,1009.6,99.8,0,0
763,2021-10-01 04:00,15.8,0,.1,0,1004.2,1008.7,99.8,0,0
763,2021-10-01 05:00,15.6,0,0,0,1004.6,1009.1,99.8,0,0
763,2021-10-01 06:00,15.6,0,0,0,1005.6,1010.1,99.8,0,0
763,2021-10-01 07:00,16,0,0,0,1006.7,1011.2,99.8,0,0
763,2021-10-01 08:00,17.3,0,.1,0,1007,1011.5,99.8,0,0
763,2021-10-01 09:00,16.9,63,.8,0,1008,1012.5,99.8,0,0
763,2021-10-01 10:00,20.8,0,.3,0,1006.6,1011,87.3,0,0
763,2021-10-01 11:00,23.3,357.7,1.1,0,1006.1,1010.4,77.3,0,0
763,2021-10-01 12:00,24.5,58.4,1.7,0,1005,1009.3,65.2,0,0
763,2021-10-01 13:00,25.9,40.1,1.2,0,1004.4,1008.7,56.5,0,0
763,2021-10-01 14:00,26.4,225.5,.8,0,1003.7,1008,54.5,0,0
763,2021-10-01 15:00,27.3,297.3,1.2,0,1003.5,1007.8,49.6,0,0
763,2021-10-01 16:00,27.1,297.1,1.5,0,1004.1,1008.4,52.5,0,0
763,2021-10-01 17:00,25.8,270.3,1,0,1004.7,1009,58.2,0,0
763,2021-10-01 18:00,23.2,259.5,2,0,1005,1009.3,77.4,0,0
763,2021-10-01 19:00,21.9,0,.2,0,1005.3,1009.7,85.5,0,0
763,2021-10-01 20:00,20.3,0,.1,0,1006.5,1010.9,94.9,0,0
763,2021-10-01 21:00,19.4,0,.1,0,1007.2,1011.6,91,0,0
763,2021-10-01 22:00,18.7,0,0,0,1008.4,1012.8,98.8,0,0
763,2021-10-01 23:00,18.8,0,.3,0,1009.3,1013.7,99.2,0,0
763,2021-10-02 00:00,19,119.2,.7,0,1007.2,1011.6,99,0,0
763,2021-10-02 01:00,18.2,0,.3,0,1007.4,1011.8,99.8,0,0
763,2021-10-02 02:00,17.6,0,.4,0,1008,1012.5,99.8,0,0
763,2021-10-02 03:00,17,299.6,.6,0,1007.3,1011.8,99.8,0,0
763,2021-10-02 04:00,16.2,0,.1,0,1008.2,1012.7,99.8,0,0
763,2021-10-02 05:00,15.2,0,.4,0,1009.5,1014,99.8,0,0
763,2021-10-02 06:00,16.4,0,.2,0,1009.2,1013.7,98,0,0
763,2021-10-02 07:00,18,0,.4,0,1009.4,1013.9,93.1,0,0
763,2021-10-02 08:00,17.5,15.2,.7,0,1010.1,1014.6,98.4,0,0
763,2021-10-02 09:00,20,0,.2,0,1010.7,1015.1,86.4,0,0
763,2021-10-02 10:00,22.6,234.1,.9,0,1010.9,1015.3,76.7,0,0
763,2021-10-02 11:00,23.6,266.9,1.6,0,1011.3,1015.7,75.4,0,0
763,2021-10-02 12:00,25.1,274.2,1.4,0,1011,1015.4,69.3,0,0
763,2021-10-02 13:00,25.8,247.2,.7,0,1010.4,1014.7,59.8,0,0
763,2021-10-02 14:00,26.9,356.3,.8,0,1009.8,1014.1,52.5,0,0
763,2021-10-02 15:00,26.6,278.1,1.5,0,1009.3,1013.6,56,0,0
763,2021-10-02 16:00,27,263.1,1.5,0,1009.6,1013.9,56,0,0
763,2021-10-02 17:00,25.9,278.7,.9,0,1009.9,1014.2,68.2,0,0
763,2021-10-02 18:00,23.5,276.8,1,0,1010.5,1014.9,80.3,0,0
763,2021-10-02 19:00,20.7,0,.2,0,1011.3,1015.7,94.9,0,0
763,2021-10-02 20:00,20.2,0,0,0,1012.1,1016.5,97.2,0,0
763,2021-10-02 21:00,19.2,0,.1,0,1012.8,1017.2,98.6,0,0
763,2021-10-02 22:00,18.3,0,0,0,1013.7,1018.2,96.7,0,0
763,2021-10-02 23:00,18.6,0,.1,0,1013.7,1018.2,99.8,0,0
763,2021-10-03 00:00,18,0,.2,0,1014,1018.5,99.8,0,0
763,2021-10-03 01:00,17.8,0,.1,0,1014,1018.5,99.8,0,0
763,2021-10-03 02:00,17.2,0,.1,0,1014.5,1019,99.8,0,0
763,2021-10-03 03:00,16.7,0,.1,0,1014.4,1018.9,99.8,0,0
763,2021-10-03 04:00,16.6,0,.1,0,1014.2,1018.7,99.8,0,0
763,2021-10-03 05:00,16.8,0,.2,0,1014,1018.5,99.8,0,0
763,2021-10-03 06:00,15.5,0,.1,0,1014.5,1019,99.8,0,0
763,2021-10-03 07:00,16,0,0,0,1015,1019.5,99.8,0,0
763,2021-10-03 08:00,16.4,0,.1,0,1015.7,1020.2,99.8,0,0
763,2021-10-03 09:00,17.7,262.5,.5,0,1016.2,1020.7,99.8,0,0
763,2021-10-03 10:00,22.5,34.8,1.4,0,1016.3,1020.7,80.1,0,0
763,2021-10-03 11:00,26.2,21.7,.9,0,1016.6,1021,63.4,0,0
763,2021-10-03 12:00,28.7,215.6,.7,0,1016.3,1020.6,37.5,0,0
763,2021-10-03 13:00,29.5,159.3,.7,0,1015.8,1020.1,33,0,0
763,2021-10-03 14:00,29.9,217.6,.7,0,1014.8,1019.1,37.7,0,0
763,2021-10-03 15:00,30.4,228.6,.7,0,1014.7,1019,34.7,0,0
763,2021-10-03 16:00,30.2,208.3,.6,0,1014.7,1019,36.1,0,0
763,2021-10-03 17:00,28.9,0,.1,0,1014.6,1018.9,41.3,0,0
763,2021-10-03 18:00,25.1,0,.4,0,1014.8,1019.2,57.1,0,0
763,2021-10-03 19:00,26.5,128.7,.5,0,1015.1,1019.5,50.6,0,0
763,2021-10-03 20:00,27.2,193.7,.5,0,1016.1,1020.4,41,0,0
763,2021-10-03 21:00,25.2,131.7,.6,0,1016.1,1020.5,46.7,0,0
763,2021-10-03 22:00,24.9,146.7,.9,0,1015.1,1019.4,44.6,0,0
763,2021-10-03 23:00,24.5,167.1,.9,0,1015.2,1019.6,44.5,0,0
763,2021-10-04 00:00,24.1,187.1,.9,0,1015.7,1020.1,50.4,0,0
763,2021-10-04 01:00,23,0,.4,0,1015.4,1019.8,59.7,0,0
763,2021-10-04 02:00,22.1,220,.6,0,1015.8,1020.2,71.3,0,0
763,2021-10-04 03:00,22.9,136.6,.5,0,1015.3,1019.7,74.1,0,0
763,2021-10-04 04:00,23.2,132.9,.6,0,1015,1019.4,74.8,0,0
763,2021-10-04 05:00,23.3,135,.8,0,1015.3,1019.7,74.9,0,0
763,2021-10-04 06:00,23.5,156.8,.7,0,1015.8,1020.2,73.9,0,0
763,2021-10-04 07:00,19,359.6,.9,0,1017.1,1021.6,84.6,0,0
763,2021-10-04 08:00,20.2,0,.4,0,1017.4,1021.9,82,0,0
763,2021-10-04 09:00,24,0,.4,0,1017.4,1021.8,75.6,0,0
763,2021-10-04 10:00,25.7,0,.4,0,1017.3,1021.7,71.2,0,0
763,2021-10-04 11:00,26.6,215.3,1.4,0,1017.7,1022.1,64.5,0,0
763,2021-10-04 12:00,28.7,214.7,1.4,0,1017.8,1022.1,60.9,0,0
763,2021-10-04 13:00,29.3,236.6,2.4,0,1017.4,1021.7,54.7,0,0
763,2021-10-04 14:00,28.8,232.1,1.9,0,1016.5,1020.8,54.6,0,0
763,2021-10-04 15:00,29.2,234.5,1,0,1015.6,1019.9,55.8,0,0
763,2021-10-04 16:00,28.5,228.1,1,0,1015.4,1019.7,57.4,0,0
763,2021-10-04 17:00,27.6,280.7,2,0,1015.9,1020.2,66.2,0,0
763,2021-10-04 18:00,26.3,265.5,1.4,0,1016.5,1020.9,70.5,0,0
763,2021-10-04 19:00,25.1,251.5,1.4,0,1017,1021.4,74.9,0,0
763,2021-10-04 20:00,23.8,250.6,.6,0,1017.5,1021.9,80,0,0
763,2021-10-04 21:00,21.8,0,.2,0,1017.9,1022.3,88.9,0,0
763,2021-10-04 22:00,23.2,0,.4,0,1018.3,1022.7,85.1,0,0
763,2021-10-04 23:00,21.4,0,.4,0,1018.6,1023,91.1,0,0
763,2021-10-05 00:00,20.7,0,.1,0,1018.5,1023,94.1,0,0
763,2021-10-05 01:00,20.1,0,0,0,1018.2,1022.7,95.3,0,0
763,2021-10-05 02:00,22.9,0,.2,0,1018,1022.4,82.7,0,0
763,2021-10-05 03:00,22.7,0,.2,0,1017.9,1022.3,82.6,0,0
763,2021-10-05 04:00,22.1,0,.1,0,1017.6,1022,85.8,0,0
763,2021-10-05 05:00,22.3,0,.3,0,1017.7,1022.1,85,0,0
763,2021-10-05 06:00,21.8,0,.3,0,1017.8,1022.2,86.1,0,0
763,2021-10-05 07:00,22.1,120.8,.7,0,1018.3,1022.7,84.4,0,0
763,2021-10-05 08:00,23,130.8,.7,0,1018.5,1022.9,80.1,0,0
763,2021-10-05 09:00,24.2,130.2,.6,0,1018.9,1023.3,75.2,0,0
763,2021-10-05 10:00,25.2,217.9,1,0,1018.9,1023.3,69.8,0,0
763,2021-10-05 11:00,26.5,251.5,2,0,1018.6,1023,56.8,0,0
763,2021-10-05 12:00,27.1,255.3,1.6,0,1018.2,1022.6,59.8,0,0
763,2021-10-05 13:00,27.9,241.4,2.1,0,1017.6,1021.9,54.5,0,0
763,2021-10-05 14:00,27.3,272,3.5,0,1017,1021.3,56.6,0,0
763,2021-10-05 15:00,26.6,275.2,2.2,0,1017.1,1021.5,62.1,0,0
763,2021-10-05 16:00,26.7,282.6,2.5,0,1016.9,1021.3,60.8,0,0
763,2021-10-05 17:00,25.6,274.4,1.6,0,1016.8,1021.2,65.2,0,0
763,2021-10-05 18:00,23.8,276.9,.5,0,1016.5,1020.9,73.2,0,0
763,2021-10-05 19:00,20.7,0,.3,0,1017,1021.5,90.8,0,0
763,2021-10-05 20:00,19.8,0,0,0,1017.7,1022.1,94.9,0,0
763,2021-10-05 21:00,19.3,0,0,0,1017.9,1022.4,98.7,0,0
763,2021-10-05 22:00,19.5,0,0,0,1017.7,1022.1,99.8,0,0
763,2021-10-05 23:00,18.4,0,.1,0,1017.7,1022.2,99.8,0,0
763,2021-10-06 00:00,18.2,0,.1,0,1017.3,1021.8,99.8,0,0
763,2021-10-06 01:00,17.8,0,0,0,1017.3,1021.8,99.8,0,0
763,2021-10-06 02:00,17.4,0,.4,0,1017.2,1021.7,99.8,0,0
763,2021-10-06 03:00,16.9,0,0,0,1017.2,1021.7,99.8,0,0
763,2021-10-06 04:00,16.3,0,0,0,1017.2,1021.7,99.8,0,0
763,2021-10-06 05:00,16.4,0,.1,0,1017.5,1022,99.8,0,0
763,2021-10-06 06:00,16.1,0,.3,0,1017.7,1022.2,99.8,0,0
763,2021-10-06 07:00,16.4,0,.1,0,1017.8,1022.3,99.8,0,0
763,2021-10-06 08:00,18.6,0,.1,0,1018,1022.5,99.8,0,0
763,2021-10-06 09:00,20.6,0,.3,0,1017.9,1022.4,92.9,0,0
763,2021-10-06 10:00,23.8,14.6,1.4,0,1017.5,1021.9,74.4,0,0
763,2021-10-06 11:00,25.3,15,1.5,0,1017,1021.4,66.6,0,0
763,2021-10-06 12:00,25.5,18.8,1,0,1016.3,1020.7,62.2,0,0
763,2021-10-06 13:00,26.5,107.8,1.4,0,1015.3,1019.7,54.6,0,0
763,2021-10-06 14:00,27.1,326.2,.6,0,1014.3,1018.6,49.6,0,0
763,2021-10-06 15:00,27.5,324.2,.6,0,1013.4,1017.7,47.2,0,0
763,2021-10-06 16:00,27.9,14.8,1.1,0,1013,1017.3,47.4,0,0
763,2021-10-06 17:00,26.7,0,.4,0,1012.4,1016.7,52.7,0,0
763,2021-10-06 18:00,22.7,0,.1,0,1012.4,1016.8,73.9,0,0
763,2021-10-06 19:00,20.4,0,0,0,1012.7,1017.1,87.9,0,0
763,2021-10-06 20:00,19.7,0,.1,0,1013.4,1017.8,91.7,0,0
763,2021-10-06 21:00,19.4,0,.1,0,1013.8,1018.2,93.3,0,0
763,2021-10-06 22:00,19.2,113.7,.6,0,1014,1018.4,95.6,0,0
763,2021-10-06 23:00,21.5,0,.4,0,1013.7,1018.1,87.1,0,0
763,2021-10-07 00:00,21.4,235.4,.5,0,1013.8,1018.2,83.6,0,0
763,2021-10-07 01:00,19.5,0,.3,0,1013.7,1018.1,94,0,0
763,2021-10-07 02:00,19.1,106.2,.5,0,1013.7,1018.1,94.1,0,0
763,2021-10-07 03:00,18.5,0,0,0,1013,1017.5,97.9,0,0
763,2021-10-07 04:00,18.5,0,.3,0,1012.8,1017.3,98.1,0,0
763,2021-10-07 05:00,18.3,0,.1,0,1012.8,1017.3,99.7,0,0
763,2021-10-07 06:00,18.2,0,.1,0,1013,1017.5,99.8,0,0
763,2021-10-07 07:00,18.8,0,0,0,1013.2,1017.6,99.8,0,0
763,2021-10-07 08:00,20.8,0,.1,0,1013.4,1017.8,90.6,0,0
763,2021-10-07 09:00,23.1,212.2,.8,0,1013.6,1018,74.1,0,0
763,2021-10-07 10:00,24.5,212,.9,0,1013.8,1018.1,69.1,0,0
763,2021-10-07 11:00,25.3,238.9,1.3,0,1013.5,1017.9,63.3,0,0
763,2021-10-07 12:00,25.2,249.7,1.3,0,1013,1017.4,67,0,0
763,2021-10-07 13:00,22.1,323.5,1.9,0,1013.1,1017.5,88.4,0,0
763,2021-10-07 14:00,20.8,355.7,1.1,0,1013.3,1017.7,89.5,0,0
763,2021-10-07 15:00,20.8,16.4,1.2,0,1013.3,1017.7,85.9,0,0
763,2021-10-07 16:00,19.8,95.1,.8,0,1013.4,1017.8,97.1,0,0
763,2021-10-07 17:00,21.1,0,.2,0,1012.8,1017.2,88.2,0,0
763,2021-10-07 18:00,20.2,0,.1,0,1013.2,1017.7,92.4,0,0
763,2021-10-07 19:00,18.8,0,.1,0,1013.5,1017.9,99.8,0,0
763,2021-10-07 20:00,18.2,0,.1,0,1013.9,1018.4,99.8,0,0
763,2021-10-07 21:00,17.7,0,.1,0,1014.7,1019.2,99.8,0,0
763,2021-10-07 22:00,17.6,0,.1,0,1015.1,1019.6,99.8,0,0
763,2021-10-07 23:00,18.1,0,.1,0,1015.1,1019.6,99.8,0,0
763,2021-10-08 00:00,17.3,0,.1,0,1014.9,1019.4,99.8,0,0
763,2021-10-08 01:00,17,0,0,0,1014.9,1019.4,99.8,0,0
763,2021-10-08 02:00,17.5,0,.1,0,1015.3,1019.8,99.8,0,0
763,2021-10-08 03:00,17.4,0,.4,0,1015.3,1019.8,99.8,0,0
763,2021-10-08 04:00,17.7,0,0,0,1015,1019.5,99.8,0,0
763,2021-10-08 05:00,17.4,0,.1,0,1015.1,1019.6,99.8,0,0
763,2021-10-08 06:00,17.4,283.5,.5,0,1015.6,1020.1,99.8,0,0
763,2021-10-08 07:00,17.5,0,.1,0,1015.9,1020.4,99.8,0,0
763,2021-10-08 08:00,17.9,0,.2,0,1016.2,1020.7,99.8,0,0
763,2021-10-08 09:00,18.7,0,.4,0,1017.1,1021.6,99.8,0,0
763,2021-10-08 10:00,20.1,343.9,1.2,0,1017.2,1021.7,94.7,0,0
763,2021-10-08 11:00,21.2,12.1,1,0,1017.1,1021.5,87.5,0,0
763,2021-10-08 12:00,22,348.4,1.1,0,1017.2,1021.6,84.2,0,0
763,2021-10-08 13:00,21.7,0,.4,0,1017,1021.4,83.4,0,0
763,2021-10-08 14:00,22,347.4,.8,0,1016.3,1020.7,83.9,0,0
763,2021-10-08 15:00,21.7,332.3,.7,0,1016.4,1020.8,85.1,0,0
763,2021-10-08 16:00,21.5,0,.1,0,1016.7,1021.1,88.5,0,0
763,2021-10-08 17:00,21.4,13.8,.7,0,1016.7,1021.1,91.7,0,0
763,2021-10-08 18:00,21,345.2,.7,0,1016.9,1021.3,92.9,0,0
763,2021-10-08 19:00,20.8,44.2,.6,0,1017,1021.5,93.5,0,0
763,2021-10-08 20:00,20.3,31,.5,0,1017.1,1021.6,95.9,0,0
763,2021-10-08 21:00,19.8,0,.1,0,1017.1,1021.5,97.8,0,0
763,2021-10-08 22:00,19.2,0,.1,0,1017.5,1022,99.8,0,0
763,2021-10-08 23:00,19.3,0,.3,0,1017.8,1022.3,99.8,0,0
763,2021-10-09 00:00,19.3,0,.1,0,1018.3,1022.8,99.8,0,0
763,2021-10-09 01:00,19.3,0,.1,0,1018.5,1023,99.8,0,0
763,2021-10-09 02:00,19.4,0,0,0,1018.5,1023,99.8,0,0
763,2021-10-09 03:00,19.2,0,.4,0,1018.5,1023,99.8,0,0
763,2021-10-09 04:00,19.3,0,.3,0,1018.5,1023,99.8,0,0
763,2021-10-09 05:00,19.2,0,0,0,1018.5,1023,99.8,0,0
763,2021-10-09 06:00,18.7,0,.1,0,1018.9,1023.4,99.8,0,0
763,2021-10-09 07:00,18.9,0,.1,0,1018.5,1023,99.8,0,0
763,2021-10-09 08:00,19.8,0,0,0,1019,1023.4,99.8,0,0
763,2021-10-09 09:00,20.7,300,.8,0,1019.2,1023.7,97.2,0,0
763,2021-10-09 10:00,23.3,4.3,.6,0,1018.9,1023.3,81,0,0
763,2021-10-09 11:00,25.4,0,.4,0,1018.7,1023.1,72.6,0,0
763,2021-10-09 12:00,26.4,328.6,.8,0,1018.2,1022.6,63.3,0,0
763,2021-10-09 13:00,27.1,32.9,1.4,0,1017.3,1021.6,62.3,0,0
763,2021-10-09 14:00,27.8,316.5,1,0,1016.5,1020.8,60,0,0
763,2021-10-09 15:00,27.8,308.4,.5,0,1016,1020.3,60.1,0,0
763,2021-10-09 16:00,27.8,23.4,1.1,0,1015.9,1020.2,60.5,0,0
763,2021-10-09 17:00,26.7,358.1,.5,0,1016,1020.4,67.5,0,0
763,2021-10-09 18:00,24.1,0,0,0,1015.8,1020.2,82.6,0,0
763,2021-10-09 19:00,22.4,0,0,0,1016.1,1020.5,93.1,0,0
763,2021-10-09 20:00,21.3,0,0,0,1016.5,1020.9,97.6,0,0
763,2021-10-09 21:00,21.1,0,.1,0,1016.9,1021.3,97.5,0,0
763,2021-10-09 22:00,20.6,0,.2,0,1016.9,1021.4,98.9,0,0
763,2021-10-09 23:00,20.3,0,0,0,1016.9,1021.4,97.9,0,0
763,2021-10-10 00:00,20.1,0,.1,0,1016.9,1021.4,98,0,0
763,2021-10-10 01:00,19.9,0,.3,0,1016.4,1020.8,98.8,0,0
763,2021-10-10 02:00,19.5,0,0,0,1016.4,1020.8,99.8,0,0
763,2021-10-10 03:00,19.3,0,0,0,1015.5,1019.9,99.8,0,0
763,2021-10-10 04:00,18.7,0,0,0,1015,1019.5,99.8,0,0
763,2021-10-10 05:00,18.2,0,0,0,1015.2,1019.7,99.8,0,0
763,2021-10-10 06:00,18.1,0,0,0,1015.6,1020.1,99.8,0,0
763,2021-10-10 07:00,18.4,0,.2,0,1016,1020.5,99.8,0,0
763,2021-10-10 08:00,20.1,0,.2,0,1016.2,1020.7,99.8,0,0
763,2021-10-10 09:00,23.3,0,.2,0,1016.2,1020.6,81,0,0
763,2021-10-10 10:00,26.1,0,.4,0,1015.6,1020,63.9,0,0
763,2021-10-10 11:00,26.6,227.4,.6,0,1015.1,1019.5,62.5,0,0
763,2021-10-10 12:00,27.5,235.1,.9,0,1014.4,1018.7,60.7,0,0
763,2021-10-10 13:00,27.8,257.6,1,0,1013.8,1018.1,60.7,0,0
763,2021-10-10 14:00,27.9,243.5,.9,0,1013.1,1017.4,60.9,0,0
763,2021-10-10 15:00,28,242.4,1.5,0,1012.6,1016.9,54.8,0,0
763,2021-10-10 16:00,28.4,258.6,2,0,1012.1,1016.4,54.9,0,0
763,2021-10-10 17:00,26.9,265.4,2.8,0,1012.2,1016.5,67.1,0,0
763,2021-10-10 18:00,24.9,0,.4,0,1012.2,1016.5,77.1,0,0
763,2021-10-10 19:00,24.1,283.5,.6,0,1012.6,1017,84.8,0,0
763,2021-10-10 20:00,23.1,288.1,1.1,0,1013.3,1017.7,92.8,0,0
763,2021-10-10 21:00,21.2,329.9,1,0,1014.1,1018.5,95.9,0,0
763,2021-10-10 22:00,19.1,351.9,2.2,6,1014.9,1019.3,96.6,0,0
763,2021-10-10 23:00,17.4,340.6,2.1,1.5,1015.8,1020.3,98.8,0,0
763,2021-10-11 00:00,16.8,4.6,.7,1.5,1016.1,1020.6,99.8,0,0
763,2021-10-11 01:00,15.9,339.5,2.5,2.5,1016.4,1020.9,99.8,0,0
763,2021-10-11 02:00,15,325.2,2.1,1,1016.9,1021.5,96.7,0,0
763,2021-10-11 03:00,14,24.4,2.7,1,1017.3,1021.9,97.2,0,0
763,2021-10-11 04:00,13.8,20.6,.8,.5,1016.7,1021.3,98.8,0,0
763,2021-10-11 05:00,13.4,18.6,1,1.5,1017.4,1022,95.7,0,0
763,2021-10-11 06:00,12.8,77.1,.9,1.5,1017.6,1022.2,97,0,0
763,2021-10-11 07:00,12.6,336.7,.7,1,1017.7,1022.3,98.6,0,0
763,2021-10-11 08:00,12.6,98.1,.7,.5,1017.6,1022.2,94.5,0,0
763,2021-10-11 09:00,13.3,334.6,.9,0,1018.2,1022.8,96,0,0
763,2021-10-11 10:00,13.8,15.5,1.1,.5,1018.2,1022.8,91.4,0,0
763,2021-10-11 11:00,14.8,19.3,1.7,0,1018,1022.5,87.1,0,0
763,2021-10-11 12:00,15.6,22.1,1.7,0,1017.4,1021.9,76.9,0,0
763,2021-10-11 13:00,15.9,28.9,1.6,0,1017,1021.5,81.2,0,0
763,2021-10-11 14:00,16.3,25,2.1,0,1016.5,1021,76,0,0
763,2021-10-11 15:00,16.1,22.6,1.2,0,1016.5,1021,82,0,0
763,2021-10-11 16:00,16.3,84.8,1,0,1016.5,1021,84.5,0,0
763,2021-10-11 17:00,16.1,47.6,.5,0,1016.7,1021.2,86.9,0,0
763,2021-10-11 18:00,15.8,0,.3,0,1016.8,1021.3,94,0,0
763,2021-10-11 19:00,15.3,0,.3,0,1016.9,1021.5,97.7,0,0
763,2021-10-11 20:00,15.3,0,.1,0,1017.4,1022,98.7,0,0
763,2021-10-11 21:00,15.6,0,.2,0,1017.4,1021.9,96.5,0,0
763,2021-10-11 22:00,15.6,0,0,0,1018,1022.6,96.6,0,0
763,2021-10-11 23:00,15.9,0,.3,0,1017.9,1022.4,95,0,0
763,2021-10-12 00:00,16.1,0,0,0,1017.5,1022,95.2,0,0
763,2021-10-12 01:00,16.2,326.6,.5,0,1017.3,1021.8,95.8,0,0
763,2021-10-12 02:00,16.6,46.9,.5,0,1017.6,1022.1,95.4,0,0
763,2021-10-12 03:00,16.3,348.1,.7,0,1017.8,1022.3,99.7,0,0
763,2021-10-12 04:00,16.4,355.9,.6,0,1017.9,1022.4,98,0,0
763,2021-10-12 05:00,16.6,0,.2,0,1018.1,1022.6,95.9,0,0
763,2021-10-12 06:00,16.9,20.8,.8,0,1018.7,1023.2,92.9,0,0
763,2021-10-12 07:00,16,20,1.2,0,1019,1023.5,99.5,0,0
763,2021-10-12 08:00,15.9,18.9,1.2,1.5,1019.8,1024.4,99.8,0,0
763,2021-10-12 09:00,15.9,3.3,1.3,.5,1020.6,1025.2,99.8,0,0
763,2021-10-12 10:00,16.4,54.7,1.2,0,1020.7,1025.2,95.8,0,0
763,2021-10-12 11:00,15.8,7.2,1.5,0,1020.9,1025.5,98.1,0,0
763,2021-10-12 12:00,15.7,23.3,2.1,0,1020.7,1025.3,97.2,0,0
763,2021-10-12 13:00,15.2,25.5,2.2,.5,1020.3,1024.9,98.5,0,0
763,2021-10-12 14:00,15.3,27.1,1.8,0,1020.1,1024.7,98.3,0,0
763,2021-10-12 15:00,15.2,17.4,1,1,1020.1,1024.7,99.7,0,0
763,2021-10-12 16:00,15.6,21.9,1,0,1020.3,1024.9,98.6,0,0
763,2021-10-12 17:00,16,83.4,.6,0,1020.1,1024.7,93.3,0,0
763,2021-10-12 18:00,16,0,.1,0,1020.2,1024.8,97.8,0,0
763,2021-10-12 19:00,16,19.9,.6,0,1020.7,1025.3,94.5,0,0
763,2021-10-12 20:00,15.9,0,.4,0,1021,1025.6,95.4,0,0
763,2021-10-12 21:00,16,50.6,.7,0,1021.2,1025.8,94.8,0,0
763,2021-10-12 22:00,15.9,10.6,.7,0,1021.5,1026.1,95.3,0,0
763,2021-10-12 23:00,15.8,15.7,1.1,0,1021.4,1026,96.6,0,0
763,2021-10-13 00:00,15.8,6.7,.6,0,1021.4,1026,94.1,0,0
763,2021-10-13 01:00,15.7,0,.4,0,1021.3,1025.9,94.6,0,0
763,2021-10-13 02:00,15.4,282.4,.7,0,1021.1,1025.7,99.8,0,0
763,2021-10-13 03:00,15.6,0,.3,0,1021.1,1025.7,98.8,0,0
763,2021-10-13 04:00,15.5,0,.3,0,1020.6,1025.2,97.9,0,0
763,2021-10-13 05:00,15.9,357.6,.5,0,1020.3,1024.9,92.1,0,0
763,2021-10-13 06:00,15.8,0,.2,0,1020.7,1025.3,94.8,0,0
763,2021-10-13 07:00,15.8,0,.3,0,1020.8,1025.4,97.7,0,0
763,2021-10-13 08:00,16.5,0,.4,0,1020.9,1025.4,91.4,0,0
763,2021-10-13 09:00,18.1,0,0,0,1021,1025.5,83.9,0,0
763,2021-10-13 10:00,20.6,33.7,1.4,0,1020.7,1025.2,68.6,0,0
763,2021-10-13 11:00,22.1,8.2,1.2,0,1020.3,1024.7,65.3,0,0
763,2021-10-13 12:00,23.2,106.9,.7,0,1019.7,1024.1,65,0,0
763,2021-10-13 13:00,23.1,153.4,.6,0,1019.2,1023.6,65.6,0,0
763,2021-10-13 14:00,23.7,0,.4,0,1018.3,1022.7,64.5,0,0
763,2021-10-13 15:00,23.5,98.6,.5,0,1018,1022.4,67.6,0,0
763,2021-10-13 16:00,23,0,.1,0,1017.8,1022.2,72.2,0,0
763,2021-10-13 17:00,23.5,348.6,.8,0,1017.8,1022.2,67.6,0,0
763,2021-10-13 18:00,20.7,0,0,0,1018.3,1022.8,87.4,0,0
763,2021-10-13 19:00,19.3,0,0,0,1018.1,1022.6,95.8,0,0
763,2021-10-13 20:00,17.7,0,0,0,1018.4,1022.9,99.8,0,0
763,2021-10-13 21:00,17,0,0,0,1018.8,1023.3,99.8,0,0
763,2021-10-13 22:00,17,0,0,0,1018.8,1023.3,99.8,0,0
763,2021-10-13 23:00,16.3,0,0,0,1018.9,1023.4,99.8,0,0
763,2021-10-14 00:00,16.1,0,.2,0,1018.6,1023.1,99.8,0,0
763,2021-10-14 01:00,15.7,0,.1,0,1018.2,1022.8,99.8,0,0
763,2021-10-14 02:00,15.3,0,0,0,1018.1,1022.7,99.8,0,0
763,2021-10-14 03:00,15.2,0,.1,0,1017.6,1022.2,99.8,0,0
763,2021-10-14 04:00,14.9,0,0,0,1017.8,1022.3,99.8,0,0
763,2021-10-14 05:00,15.1,0,.1,0,1017.8,1022.4,99.8,0,0
763,2021-10-14 06:00,15,0,.3,0,1017.8,1022.4,99.8,0,0
763,2021-10-14 07:00,15.1,0,.1,0,1017.7,1022.3,99.8,0,0
763,2021-10-14 08:00,16.1,0,0,0,1017.9,1022.4,99.8,0,0
763,2021-10-14 09:00,18.5,317.5,.6,0,1018.1,1022.6,95.9,0,0
763,2021-10-14 10:00,20.4,0,.2,0,1017.9,1022.4,83.8,0,0
763,2021-10-14 11:00,22.7,226.3,.6,0,1017.2,1021.6,76,0,0
763,2021-10-14 12:00,23.4,259.2,1.7,0,1016.7,1021.1,70.3,0,0
763,2021-10-14 13:00,24.5,263,2.1,0,1015.7,1020.1,59.1,0,0
763,2021-10-14 14:00,24.7,275.7,1.1,0,1014.8,1019.1,59.9,0,0
763,2021-10-14 15:00,24.3,289.6,2.1,0,1014.4,1018.8,58.3,0,0
763,2021-10-14 16:00,23.9,266.8,2.1,0,1014.6,1019,61.9,0,0
763,2021-10-14 17:00,22.8,260.8,2,0,1014.6,1019,68.7,0,0
763,2021-10-14 18:00,21.2,265.9,2.1,0,1015,1019.4,72.5,0,0
763,2021-10-14 19:00,18.5,0,0,0,1015,1019.5,88,0,0
763,2021-10-14 20:00,17.1,0,0,0,1015.2,1019.7,95.7,0,0
763,2021-10-14 21:00,16.4,0,0,0,1015,1019.5,97.7,0,0
763,2021-10-14 22:00,15.6,0,.1,0,1015,1019.5,99.8,0,0
763,2021-10-14 23:00,15.4,0,0,0,1014.8,1019.3,99.8,0,0
763,2021-10-15 00:00,15,0,0,0,1014.8,1019.4,99.8,0,0
763,2021-10-15 01:00,15.2,0,0,0,1014.6,1019.1,99.8,0,0
763,2021-10-15 02:00,15,0,0,0,1014.4,1019,99.8,0,0
763,2021-10-15 03:00,15.2,0,0,0,1014.3,1018.8,99.8,0,0
763,2021-10-15 04:00,15.4,0,.3,0,1014.1,1018.6,99.8,0,0
763,2021-10-15 05:00,15.6,0,.1,0,1014,1018.5,99.8,0,0
763,2021-10-15 06:00,15.6,0,0,0,1014.2,1018.7,99.8,0,0
763,2021-10-15 07:00,15.9,0,.1,0,1014.4,1018.9,99.8,0,0
763,2021-10-15 08:00,16.4,0,.1,0,1015,1019.5,99.8,0,0
763,2021-10-15 09:00,17.4,0,.1,0,1015.5,1020,93.9,0,0
763,2021-10-15 10:00,18.2,346.2,.5,0,1015.2,1019.7,89.9,0,0
763,2021-10-15 11:00,19.4,2.4,1.5,0,1014.9,1019.3,80,0,0
763,2021-10-15 12:00,20.4,337.7,1,0,1014.2,1018.7,78.4,0,0
763,2021-10-15 13:00,20.9,340.9,.9,0,1013.5,1017.9,75.8,0,0
763,2021-10-15 14:00,21.5,36,1,0,1013,1017.4,69.9,0,0
763,2021-10-15 15:00,20.4,328.2,.7,0,1013,1017.4,76.2,0,0
763,2021-10-15 16:00,20.1,0,.3,0,1013.1,1017.6,84.5,0,0
763,2021-10-15 17:00,18.5,321.3,.7,.5,1013.8,1018.3,92,0,0
763,2021-10-15 18:00,17.7,0,.2,1,1014.2,1018.7,99.8,0,0
763,2021-10-15 19:00,17.8,0,.1,1,1014.9,1019.4,99.8,0,0
763,2021-10-15 20:00,17.7,0,.4,1,1015.3,1019.8,99.8,0,0
763,2021-10-15 21:00,17.7,0,.4,1,1015.1,1019.6,99.8,0,0
763,2021-10-15 22:00,17.5,298.3,.5,0,1015.5,1020,99.8,0,0
763,2021-10-15 23:00,17.4,0,0,1,1015.3,1019.8,99.8,0,0
763,2021-10-16 00:00,17.4,0,.2,2,1015.4,1019.9,99.8,0,0
763,2021-10-16 01:00,17.1,296.7,.9,4.5,1015.2,1019.7,99.8,0,0
763,2021-10-16 02:00,16.3,318.8,2.3,1.5,1015.7,1020.2,98.2,0,0
763,2021-10-16 03:00,14.7,0,.1,1,1015.7,1020.2,99.8,0,0
763,2021-10-16 04:00,14.5,0,.1,0,1015.7,1020.2,99.6,0,0
763,2021-10-16 05:00,14.5,0,.2,0,1016,1020.5,99.8,0,0
763,2021-10-16 06:00,14.3,0,0,0,1016.2,1020.8,99.8,0,0
763,2021-10-16 07:00,14,0,.1,0,1016.7,1021.3,99.8,0,0
763,2021-10-16 08:00,14.2,0,0,0,1017.7,1022.3,99.8,0,0
763,2021-10-16 09:00,15.8,357.2,1.5,0,1018.2,1022.7,87.7,0,0
763,2021-10-16 10:00,15.6,330,2.5,0,1018.6,1023.2,68.5,0,0
763,2021-10-16 11:00,16.2,342.6,2,0,1018.2,1022.7,58.6,0,0
763,2021-10-16 12:00,15.8,357.3,2.1,0,1018.2,1022.7,52.7,0,0
763,2021-10-16 13:00,15.4,326.4,2,0,1018.4,1023,51.8,0,0
763,2021-10-16 14:00,14.8,321.2,2.4,0,1018.5,1023,47.4,0,0
763,2021-10-16 15:00,14,317.3,2.5,0,1018.3,1022.9,47.2,0,0
763,2021-10-16 16:00,12.9,343.1,2.3,0,1019.4,1024,49.5,0,0
763,2021-10-16 17:00,10.9,332.4,1.7,0,1020.1,1024.7,51.6,0,0
763,2021-10-16 18:00,9.9,336.3,1,0,1020.8,1025.5,55.6,0,0
763,2021-10-16 19:00,9.4,326.4,1.1,0,1021.6,1026.3,58.8,0,0
763,2021-10-16 20:00,9.2,342.1,1.5,0,1022,1026.7,57.8,0,0
763,2021-10-16 21:00,8.6,332.2,2,0,1023.3,1028,58.7,0,0
763,2021-10-16 22:00,7.6,327.6,2.9,0,1024.2,1028.9,56.7,0,0
763,2021-10-16 23:00,6.2,356.6,.8,0,1024.7,1029.4,69.6,0,0
763,2021-10-17 00:00,5.7,335.9,1.2,0,1024.4,1029.2,65,0,0
763,2021-10-17 01:00,4.8,318.8,.5,0,1024.5,1029.3,64.4,0,0
763,2021-10-17 02:00,2.8,0,0,0,1024.7,1029.5,80.2,0,0
763,2021-10-17 03:00,1.8,0,.1,0,1024.6,1029.4,92.3,0,0
763,2021-10-17 04:00,1.1,0,0,0,1025,1029.8,91.4,0,0
763,2021-10-17 05:00,1.2,0,.4,0,1025.2,1030,85.9,0,0
763,2021-10-17 06:00,1.2,0,.3,0,1025.7,1030.5,70.4,0,0
763,2021-10-17 07:00,-.2,0,0,0,1026,1030.9,82.2,0,0
763,2021-10-17 08:00,3.1,7.9,.9,0,1026.5,1031.3,57.6,0,0
763,2021-10-17 09:00,4.5,14.7,2.5,0,1026.7,1031.5,51.4,0,0
763,2021-10-17 10:00,6,7.7,2.3,0,1026.5,1031.3,44.3,0,0
763,2021-10-17 11:00,7.2,22.4,2.3,0,1025.8,1030.5,39,0,0
763,2021-10-17 12:00,8.7,341.5,1.8,0,1024.9,1029.6,35.5,0,0
763,2021-10-17 13:00,10.6,342,2.1,0,1023.8,1028.5,27.7,0,0
763,2021-10-17 14:00,11.3,29.4,2,0,1023,1027.6,28,0,0
763,2021-10-17 15:00,12.2,329,2.1,0,1022.6,1027.2,25.4,0,0
763,2021-10-17 16:00,12.3,343.3,1.8,0,1022.4,1027,27.7,0,0
763,2021-10-17 17:00,11,343.8,1.4,0,1022.3,1027,31.5,0,0
763,2021-10-17 18:00,8.6,334.2,.7,0,1022.5,1027.2,39.3,0,0
763,2021-10-17 19:00,5.5,0,.3,0,1023.1,1027.9,67.3,0,0
763,2021-10-17 20:00,4.4,0,.1,0,1023.6,1028.4,75.3,0,0
763,2021-10-17 21:00,3.2,0,0,0,1023.7,1028.5,88.3,0,0
763,2021-10-17 22:00,3.3,0,.1,0,1024,1028.8,82,0,0
763,2021-10-17 23:00,2.9,0,.1,0,1023.8,1028.6,81.6,0,0
763,2021-10-18 00:00,1.9,0,0,0,1023.5,1028.3,93.9,0,0
763,2021-10-18 01:00,1.2,0,0,0,1023.2,1028,98.1,0,0
763,2021-10-18 02:00,.8,0,0,0,1023.1,1027.9,99.3,0,0
763,2021-10-18 03:00,.8,0,.2,0,1022.8,1027.6,99.3,0,0
763,2021-10-18 04:00,.7,0,.2,0,1022.3,1027.1,98,0,0
763,2021-10-18 05:00,.3,0,.3,0,1022.5,1027.3,99.3,0,0
763,2021-10-18 06:00,.5,0,.1,0,1022.4,1027.2,99.5,0,0
763,2021-10-18 07:00,.2,0,.1,0,1022.6,1027.5,99.9,0,0
763,2021-10-18 08:00,2.5,0,.2,0,1022.7,1027.5,93.8,0,0
763,2021-10-18 09:00,5.4,15.8,.8,0,1022.5,1027.3,73,0,0
763,2021-10-18 10:00,8.7,35.9,1.1,0,1021.9,1026.6,55.3,0,0
763,2021-10-18 11:00,11.5,42,.7,0,1021.1,1025.7,52.3,0,0
763,2021-10-18 12:00,15.2,353.7,1.7,0,1020.3,1024.9,45.7,0,0
763,2021-10-18 13:00,16.3,47.7,1.5,0,1019.5,1024,42.8,0,0
763,2021-10-18 14:00,16.5,344.6,1.9,0,1018.7,1023.2,40.3,0,0
763,2021-10-18 15:00,16.5,330.1,1.8,0,1018.4,1022.9,40.2,0,0
763,2021-10-18 16:00,16.5,337.3,1.3,0,1018.5,1023,42.6,0,0
763,2021-10-18 17:00,15.2,338.1,.7,0,1018.1,1022.7,49.6,0,0
763,2021-10-18 18:00,11.3,0,.1,0,1017.8,1022.4,72.9,0,0
763,2021-10-18 19:00,10.8,0,0,0,1017.9,1022.5,75.8,0,0
763,2021-10-18 20:00,10.3,0,.1,0,1018.4,1023.1,80.6,0,0
763,2021-10-18 21:00,9.9,0,.1,0,1018.5,1023.1,82.2,0,0
763,2021-10-18 22:00,9,0,.2,0,1018.6,1023.3,89,0,0
763,2021-10-18 23:00,9.5,0,.1,0,1018.2,1022.8,85.2,0,0
763,2021-10-19 00:00,10.2,299.5,1.7,0,1017.5,1022.1,79,0,0
763,2021-10-19 01:00,8.7,0,.2,0,1017.8,1022.5,92.2,0,0
763,2021-10-19 02:00,8.4,0,0,0,1017.2,1021.9,95,0,0
763,2021-10-19 03:00,10.3,106,1.1,0,1016.4,1021,77.8,0,0
763,2021-10-19 04:00,9.9,0,.1,0,1016.1,1020.7,85.4,0,0
763,2021-10-19 05:00,8.7,0,.4,0,1016.7,1021.4,97.4,0,0
763,2021-10-19 06:00,8.7,0,0,3,1017.2,1021.9,99.9,0,0
763,2021-10-19 07:00,9.4,118.1,.7,1.5,1016.4,1021,99.8,0,0
763,2021-10-19 08:00,10,115,.6,0,1016.2,1020.8,98.9,0,0
763,2021-10-19 09:00,10.8,269.8,.8,0,1016.8,1021.4,93.7,0,0
763,2021-10-19 10:00,12,256.6,.6,0,1016.7,1021.3,86.4,0,0
763,2021-10-19 11:00,14.1,171.8,.6,0,1016.1,1020.7,72,0,0
763,2021-10-19 12:00,14.7,247.2,1,0,1015.9,1020.4,70.2,0,0
763,2021-10-19 13:00,12.3,110,.7,3,1015.8,1020.4,83.8,0,0
763,2021-10-19 14:00,14.8,268.6,1.1,0,1015,1019.5,73.6,0,0
763,2021-10-19 15:00,15.2,283.7,1.7,0,1014.7,1019.2,65.3,0,0
763,2021-10-19 16:00,15.4,296.8,3,0,1014.8,1019.3,54,0,0
763,2021-10-19 17:00,14.1,296,1.9,0,1014.9,1019.4,56.9,0,0
763,2021-10-19 18:00,12.3,326.1,1.4,0,1015.4,1020,61.3,0,0
763,2021-10-19 19:00,9.3,0,0,0,1016,1020.6,84.1,0,0
763,2021-10-19 20:00,7.6,0,.2,0,1016.6,1021.3,95,0,0
763,2021-10-19 21:00,6.8,0,0,0,1017.2,1021.9,97.8,0,0
763,2021-10-19 22:00,6.1,0,.1,0,1017.8,1022.5,98.6,0,0
763,2021-10-19 23:00,5.3,0,.1,0,1018.5,1023.2,99.4,0,0
763,2021-10-20 00:00,4.9,0,0,0,1018.8,1023.5,99.9,0,0
763,2021-10-20 01:00,4.6,0,0,0,1018.9,1023.6,99.9,0,0
763,2021-10-20 02:00,4.5,0,.1,0,1018.9,1023.6,99.9,0,0
763,2021-10-20 03:00,4,0,.2,0,1018.6,1023.4,99.9,0,0
763,2021-10-20 04:00,3.4,0,0,0,1018.4,1023.2,99.9,0,0
763,2021-10-20 05:00,3.2,0,0,0,1019,1023.8,99.9,0,0
763,2021-10-20 06:00,3.3,0,.4,0,1019.1,1023.9,99.9,0,0
763,2021-10-20 07:00,2.3,0,.2,0,1019,1023.8,99.9,0,0
763,2021-10-20 08:00,4,0,.2,0,1019.2,1024,99.9,0,0
763,2021-10-20 09:00,5.2,0,.4,0,1019.8,1024.5,99.9,0,0
763,2021-10-20 10:00,8.8,29.6,1,0,1019.5,1024.2,86.3,0,0
763,2021-10-20 11:00,11.6,16.5,1.2,0,1019,1023.6,60.4,0,0
763,2021-10-20 12:00,12.8,18.5,1.3,0,1018.4,1023,55.1,0,0
763,2021-10-20 13:00,14.2,345.8,1.4,0,1017.4,1022,48,0,0
763,2021-10-20 14:00,14.5,11.4,1,0,1016.6,1021.1,42.5,0,0
763,2021-10-20 15:00,14.7,31.3,1.4,0,1016.2,1020.7,33.8,0,0
763,2021-10-20 16:00,15.1,338,1,0,1016.3,1020.9,40.6,0,0
763,2021-10-20 17:00,13.9,288.2,1.8,0,1016.2,1020.8,54.9,0,0
763,2021-10-20 18:00,11,0,.2,0,1016.4,1021,69.5,0,0
763,2021-10-20 19:00,9.5,0,.1,0,1016.8,1021.4,79.7,0,0
763,2021-10-20 20:00,8.6,0,.1,0,1017.1,1021.8,85,0,0
763,2021-10-20 21:00,7.8,0,0,0,1017.4,1022.1,92.4,0,0
763,2021-10-20 22:00,7,0,.1,0,1017.3,1022,96.8,0,0
763,2021-10-20 23:00,6.5,0,.1,0,1017.3,1022,99.1,0,0
763,2021-10-21 00:00,5.9,0,0,0,1017.2,1021.9,99.9,0,0
763,2021-10-21 01:00,4.7,0,0,0,1017.2,1021.9,99.9,0,0
763,2021-10-21 02:00,4.6,0,0,0,1017.5,1022.2,99.9,0,0
763,2021-10-21 03:00,4.1,0,0,0,1017,1021.7,99.9,0,0
763,2021-10-21 04:00,3.7,0,0,0,1016.6,1021.4,99.9,0,0
763,2021-10-21 05:00,3.1,0,0,0,1016.6,1021.4,99.9,0,0
763,2021-10-21 06:00,2.8,0,0,0,1016.9,1021.7,99.9,0,0
763,2021-10-21 07:00,3.5,0,.2,0,1017.2,1022,99.9,0,0
763,2021-10-21 08:00,5.2,0,.1,0,1017.4,1022.1,99.9,0,0
763,2021-10-21 09:00,6.8,313.5,1,0,1018,1022.7,99.9,0,0
763,2021-10-21 10:00,9.6,32.7,.7,0,1017.6,1022.2,89.2,0,0
763,2021-10-21 11:00,12.2,104.3,.7,0,1017.2,1021.8,57.4,0,0
763,2021-10-21 12:00,14.4,28.2,1.5,0,1016.7,1021.3,53.7,0,0
763,2021-10-21 13:00,14.7,305.5,2.2,0,1015.9,1020.4,39.7,0,0
763,2021-10-21 14:00,16,20.1,1.7,0,1015,1019.5,47.4,0,0
763,2021-10-21 15:00,15,269.7,2,0,1014.8,1019.4,47.8,0,0
763,2021-10-21 16:00,15.1,262.4,1.1,0,1014.7,1019.3,46.3,0,0
763,2021-10-21 17:00,14,332.1,.5,0,1014.7,1019.3,56.9,0,0
763,2021-10-21 18:00,10.9,0,0,0,1015.1,1019.7,79.4,0,0
763,2021-10-21 19:00,9.4,0,.2,0,1015.6,1020.2,82.1,0,0
763,2021-10-21 20:00,8.1,0,.1,0,1015.9,1020.6,86.6,0,0
763,2021-10-21 21:00,7.5,0,0,0,1016.2,1020.9,90.6,0,0
763,2021-10-21 22:00,6.3,0,0,0,1016.6,1021.3,96.2,0,0
763,2021-10-21 23:00,5.7,0,.1,0,1016.7,1021.4,97.5,0,0
763,2021-10-22 00:00,5.4,0,0,0,1016.8,1021.5,98,0,0
763,2021-10-22 01:00,4.6,0,.1,0,1016.9,1021.6,99.7,0,0
763,2021-10-22 02:00,4.3,0,0,0,1016.9,1021.6,99.9,0,0
763,2021-10-22 03:00,3.6,0,0,0,1016.9,1021.7,99.9,0,0
763,2021-10-22 04:00,3.2,0,0,0,1016.8,1021.6,99.9,0,0
763,2021-10-22 05:00,2.8,0,0,0,1017,1021.8,99.9,0,0
763,2021-10-22 06:00,2.3,0,0,0,1017.3,1022.1,99.9,0,0
763,2021-10-22 07:00,2.2,0,0,0,1017.7,1022.5,99.9,0,0
763,2021-10-22 08:00,3.7,0,0,0,1018.4,1023.2,99.9,0,0
763,2021-10-22 09:00,6.7,0,.1,0,1019,1023.7,97.9,0,0
763,2021-10-22 10:00,10.2,0,.3,0,1019.1,1023.8,70.5,0,0
763,2021-10-22 11:00,12.6,28.5,1.3,0,1019.1,1023.7,55.9,0,0
763,2021-10-22 12:00,14.6,34.8,1.4,0,1018.9,1023.5,50.5,0,0
763,2021-10-22 13:00,16,10.5,2,0,1018.3,1022.8,44.2,0,0
763,2021-10-22 14:00,17,353.7,2.4,0,1017.7,1022.2,38.4,0,0
763,2021-10-22 15:00,16.9,345,2.9,0,1017.7,1022.2,37.2,0,0
763,2021-10-22 16:00,15.7,337.6,2.1,0,1018.1,1022.6,39.4,0,0
763,2021-10-22 17:00,14.9,331.9,1.5,0,1018.6,1023.1,43.5,0,0
763,2021-10-22 18:00,13.4,328.7,1.4,0,1019,1023.6,48.3,0,0
763,2021-10-22 19:00,9.4,0,0,0,1020.1,1024.8,72.1,0,0
763,2021-10-22 20:00,7.7,0,0,0,1020.7,1025.4,83.8,0,0
763,2021-10-22 21:00,6.9,0,0,0,1021,1025.7,88.3,0,0
763,2021-10-22 22:00,6.6,0,.1,0,1021.4,1026.1,88.3,0,0
763,2021-10-22 23:00,5.8,0,.2,0,1022.3,1027,94.7,0,0
763,2021-10-23 00:00,5.3,0,0,0,1022.6,1027.4,97.2,0,0
763,2021-10-23 01:00,4.6,0,0,0,1023,1027.8,99.8,0,0
763,2021-10-23 02:00,4,0,0,0,1023.4,1028.2,99.8,0,0
763,2021-10-23 03:00,3.5,0,0,0,1023.5,1028.3,99.9,0,0
763,2021-10-23 04:00,3.1,0,0,0,1023.7,1028.5,99.9,0,0
763,2021-10-23 05:00,2.9,0,0,0,1023.7,1028.5,99.9,0,0
763,2021-10-23 06:00,2.4,0,0,0,1024,1028.8,99.9,0,0
763,2021-10-23 07:00,2.1,0,0,0,1024.7,1029.5,99.9,0,0
763,2021-10-23 08:00,4.2,0,0,0,1025.6,1030.4,99.9,0,0
763,2021-10-23 09:00,7.3,12.2,.6,0,1026.2,1030.9,86.5,0,0
763,2021-10-23 10:00,10.4,53.6,.7,0,1026.1,1030.8,77.7,0,0
763,2021-10-23 11:00,13.1,75.8,1.1,0,1025.8,1030.4,61.7,0,0
763,2021-10-23 12:00,16,283.6,1.1,0,1025.6,1030.2,50.6,0,0
763,2021-10-23 13:00,17.3,320.2,.9,0,1025.1,1029.6,38.1,0,0
763,2021-10-23 14:00,17.8,286.5,.8,0,1024.5,1029,32.3,0,0
763,2021-10-23 15:00,17.6,273.2,1.1,0,1024,1028.5,29.1,0,0
763,2021-10-23 16:00,17.7,352.2,1.2,0,1023.9,1028.4,31.7,0,0
763,2021-10-23 17:00,16.5,278.5,1.1,0,1023.7,1028.3,41.2,0,0
763,2021-10-23 18:00,12,0,.1,0,1024,1028.6,65.5,0,0
763,2021-10-23 19:00,10.2,0,.1,0,1024.2,1028.9,72,0,0
763,2021-10-23 20:00,8.8,0,.2,0,1024.6,1029.3,81.3,0,0
763,2021-10-23 21:00,7.8,0,0,0,1025,1029.7,90,0,0
763,2021-10-23 22:00,7.6,0,0,0,1025.3,1030,91.7,0,0
763,2021-10-23 23:00,6.2,0,0,0,1025.5,1030.3,95.9,0,0
763,2021-10-24 00:00,5.6,0,0,0,1025,1029.8,99.3,0,0
763,2021-10-24 01:00,5.5,0,0,0,1024.9,1029.7,99.9,0,0
763,2021-10-24 02:00,5.2,0,0,0,1024.7,1029.5,99.9,0,0
763,2021-10-24 03:00,5,0,0,0,1024.3,1029.1,99.9,0,0
763,2021-10-24 04:00,4.9,0,0,0,1023.9,1028.7,99.9,0,0
763,2021-10-24 05:00,4.1,0,0,0,1023.5,1028.3,99.9,0,0
763,2021-10-24 06:00,3.7,0,0,0,1024.1,1028.9,99.9,0,0
763,2021-10-24 07:00,3.3,0,0,0,1024.8,1029.6,99.9,0,0
763,2021-10-24 08:00,4.6,0,0,0,1025.4,1030.2,99.9,0,0
763,2021-10-24 09:00,8.8,0,.3,0,1025.3,1030,85.6,0,0
763,2021-10-24 10:00,12.7,44,.6,0,1024.7,1029.3,64.2,0,0
763,2021-10-24 11:00,15.8,23,1.2,0,1024,1028.6,44.5,0,0
763,2021-10-24 12:00,16.7,38,2,0,1023,1027.5,35.3,0,0
763,2021-10-24 13:00,17.4,24.1,1.9,0,1022.1,1026.6,35.3,0,0
763,2021-10-24 14:00,17.6,48,1.2,0,1021.1,1025.6,32.5,0,0
763,2021-10-24 15:00,17.9,338.8,1.2,0,1020.6,1025.1,34.9,0,0
763,2021-10-24 16:00,17.4,288,1.1,0,1020.5,1025,38.2,0,0
763,2021-10-24 17:00,15.7,0,.1,0,1020.6,1025.2,51.3,0,0
763,2021-10-24 18:00,12.5,0,0,0,1020.8,1025.4,73.7,0,0
763,2021-10-24 19:00,10.9,0,.2,0,1021.1,1025.7,80.9,0,0
763,2021-10-24 20:00,9.6,0,0,0,1021.5,1026.2,89.7,0,0
763,2021-10-24 21:00,8.9,0,0,0,1021.7,1026.4,97.8,0,0
763,2021-10-24 22:00,8.4,0,0,0,1021.8,1026.5,99.8,0,0
763,2021-10-24 23:00,7.5,0,0,0,1021.7,1026.4,99.9,0,0
763,2021-10-25 00:00,6.6,0,0,0,1021.5,1026.2,99.9,0,0
763,2021-10-25 01:00,6.2,0,0,0,1021.5,1026.2,99.9,0,0
763,2021-10-25 02:00,6.2,0,.1,0,1021.4,1026.1,99.9,0,0
763,2021-10-25 03:00,5.1,0,0,0,1021,1025.8,99.9,0,0
763,2021-10-25 04:00,4.6,0,0,0,1020.7,1025.5,99.9,0,0
763,2021-10-25 05:00,4.2,0,0,0,1020.4,1025.2,99.9,0,0
763,2021-10-25 06:00,3.7,0,.1,0,1020.4,1025.2,99.9,0,0
763,2021-10-25 07:00,4,0,0,0,1020.4,1025.2,99.9,0,0
763,2021-10-25 08:00,5.8,0,0,0,1021,1025.7,99.9,0,0
763,2021-10-25 09:00,7.9,0,.2,0,1021.2,1025.9,98.6,0,0
763,2021-10-25 10:00,10.8,30.3,1,0,1021.2,1025.9,83.3,0,0
763,2021-10-25 11:00,13.8,30.4,1.3,0,1020.6,1025.2,65.7,0,0
763,2021-10-25 12:00,16.2,17.8,2,0,1019.7,1024.2,53.7,0,0
763,2021-10-25 13:00,16.7,20,2.1,0,1018.8,1023.3,54.3,0,0
763,2021-10-25 14:00,17.2,15.8,1.3,0,1018.1,1022.6,48.2,0,0
763,2021-10-25 15:00,17.7,31.4,1.3,0,1017.8,1022.3,37,0,0
763,2021-10-25 16:00,17.5,22,1.6,0,1017.8,1022.3,41.1,0,0
763,2021-10-25 17:00,16.2,343.2,.8,0,1017.7,1022.2,44.5,0,0
763,2021-10-25 18:00,11.1,0,0,0,1017.9,1022.5,74.7,0,0
763,2021-10-25 19:00,9,0,0,0,1018.3,1023,85.9,0,0
763,2021-10-25 20:00,7.8,0,.1,0,1018.9,1023.6,91.7,0,0
763,2021-10-25 21:00,7.5,0,.1,0,1019,1023.7,89.5,0,0
763,2021-10-25 22:00,6.6,0,.1,0,1018.9,1023.6,93.4,0,0
763,2021-10-25 23:00,5.9,0,0,0,1018.6,1023.3,94.9,0,0
763,2021-10-26 00:00,5.6,0,.1,0,1018,1022.7,96,0,0
763,2021-10-26 01:00,4.9,0,0,0,1017.8,1022.5,96.7,0,0
763,2021-10-26 02:00,3.8,0,0,0,1017.9,1022.7,99.9,0,0
763,2021-10-26 03:00,3.6,0,0,0,1017.7,1022.5,99.9,0,0
763,2021-10-26 04:00,3.2,0,0,0,1017.9,1022.7,99.9,0,0
763,2021-10-26 05:00,3.7,0,.1,0,1018,1022.8,99.9,0,0
763,2021-10-26 06:00,3.5,0,.1,0,1018.4,1023.2,99.9,0,0
763,2021-10-26 07:00,3.6,0,.2,0,1018.9,1023.7,99.9,0,0
763,2021-10-26 08:00,5.1,0,.2,0,1019.3,1024,99.9,0,0
763,2021-10-26 09:00,8.4,0,.2,0,1019.6,1024.3,92.6,0,0
763,2021-10-26 10:00,11.4,0,.4,0,1019.5,1024.1,81.6,0,0
763,2021-10-26 11:00,14.5,33.7,.9,0,1019,1023.6,64.2,0,0
763,2021-10-26 12:00,16.7,18.3,1.1,0,1018.1,1022.6,55.2,0,0
763,2021-10-26 13:00,17.7,349.5,2,0,1017.1,1021.6,51.1,0,0
763,2021-10-26 14:00,17.9,22.3,2,0,1016.3,1020.8,46.7,0,0
763,2021-10-26 15:00,18,341,1.5,0,1015.8,1020.3,47.9,0,0
763,2021-10-26 16:00,17.6,346.5,.9,0,1015.6,1020.1,53.6,0,0
763,2021-10-26 17:00,16.5,321.9,.6,0,1015.4,1019.9,64.1,0,0
763,2021-10-26 18:00,12.8,0,.2,0,1015.5,1020.1,83.6,0,0
763,2021-10-26 19:00,11.5,0,0,0,1015.9,1020.5,91.4,0,0
763,2021-10-26 20:00,10.9,0,.3,0,1016.1,1020.7,94.8,0,0
763,2021-10-26 21:00,11.1,0,.2,0,1016.1,1020.7,99.2,0,0
763,2021-10-26 22:00,11.5,0,0,0,1016.2,1020.8,98.3,0,0
763,2021-10-26 23:00,11.1,0,0,0,1016.2,1020.8,99,0,0
763,2021-10-27 00:00,10.7,0,.1,0,1016,1020.6,99.9,0,0
763,2021-10-27 01:00,9.6,0,0,0,1016.1,1020.7,99.9,0,0
763,2021-10-27 02:00,9.6,0,0,0,1016,1020.6,99.9,0,0
763,2021-10-27 03:00,8.9,0,0,0,1016.1,1020.8,99.9,0,0
763,2021-10-27 04:00,8.6,0,.1,0,1016,1020.7,99.9,0,0
763,2021-10-27 05:00,7.9,0,0,0,1015.8,1020.5,99.9,0,0
763,2021-10-27 06:00,7.8,0,.2,0,1016.4,1021.1,99.9,0,0
763,2021-10-27 07:00,7.6,0,.1,0,1016,1020.7,99.9,0,0
763,2021-10-27 08:00,8.3,16.7,.5,0,1016.6,1021.3,99.9,0,0
763,2021-10-27 09:00,9.4,31,1.1,0,1017.2,1021.8,99.9,0,0
763,2021-10-27 10:00,12.8,0,.3,0,1016.9,1021.5,91.5,0,0
763,2021-10-27 11:00,16.3,258.2,.9,0,1016.8,1021.3,75.2,0,0
763,2021-10-27 12:00,18.2,0,1.3,0,1016.4,1020.9,63.7,0,0
763,2021-10-27 13:00,18.6,14.9,2.1,0,1015.8,1020.3,52.8,0,0
763,2021-10-27 14:00,19.1,301.8,1.6,0,1015.3,1019.7,47.2,0,0
763,2021-10-27 15:00,19.1,319.4,1.8,0,1015.1,1019.5,44.5,0,0
763,2021-10-27 16:00,18.5,349.1,1.8,0,1015.2,1019.7,39.6,0,0
763,2021-10-27 17:00,17.2,340.7,1,0,1015.4,1019.9,42.4,0,0
763,2021-10-27 18:00,14.2,290.7,.9,0,1015.9,1020.5,55.7,0,0
763,2021-10-27 19:00,10.5,0,.3,0,1016.8,1021.4,74.9,0,0
763,2021-10-27 20:00,8.3,0,0,0,1017.4,1022.1,86.8,0,0
763,2021-10-27 21:00,7.3,0,0,0,1017.7,1022.4,90.1,0,0
763,2021-10-27 22:00,7.3,0,0,0,1017.9,1022.6,88.4,0,0
763,2021-10-27 23:00,6.9,0,.2,0,1018,1022.7,88.9,0,0
763,2021-10-28 00:00,6,0,0,0,1018.2,1022.9,93.3,0,0
763,2021-10-28 01:00,5.1,0,0,0,1018.5,1023.2,97.2,0,0
763,2021-10-28 02:00,5.2,0,.1,0,1018.7,1023.4,99.4,0,0
763,2021-10-28 03:00,4.5,0,.3,0,1018.4,1023.1,99.9,0,0
763,2021-10-28 04:00,3.8,0,0,0,1018.4,1023.2,99.9,0,0
763,2021-10-28 05:00,3.1,0,0,0,1018.9,1023.7,99.9,0,0
763,2021-10-28 06:00,3.1,0,0,0,1019.2,1024,99.9,0,0
763,2021-10-28 07:00,2.6,0,.1,0,1019.7,1024.5,99.9,0,0
763,2021-10-28 08:00,4.7,0,0,0,1020,1024.7,99.9,0,0
763,2021-10-28 09:00,8.2,0,.2,0,1020.6,1025.3,86,0,0
763,2021-10-28 10:00,11.1,60.4,1.3,0,1020.8,1025.4,69.7,0,0
763,2021-10-28 11:00,14.5,5.2,1.6,0,1020.4,1025,47.6,0,0
763,2021-10-28 12:00,16.2,6.9,2,0,1019.8,1024.3,43.6,0,0
763,2021-10-28 13:00,17.3,66.2,1.8,0,1018.8,1023.3,40.5,0,0
763,2021-10-28 14:00,18.4,350.6,2.2,0,1018.3,1022.8,34.3,0,0
763,2021-10-28 15:00,18.8,344.6,1.8,0,1018,1022.5,32.7,0,0
763,2021-10-28 16:00,18.3,2.4,1.6,0,1018.1,1022.6,33.7,0,0
763,2021-10-28 17:00,17.1,24.5,.7,0,1018.2,1022.7,39.2,0,0
763,2021-10-28 18:00,11.5,0,0,0,1018.8,1023.4,68.5,0,0
763,2021-10-28 19:00,9.4,0,.1,0,1019.4,1024.1,76.1,0,0
763,2021-10-28 20:00,8.5,0,0,0,1019.9,1024.6,82.5,0,0
763,2021-10-28 21:00,7.5,0,0,0,1020.4,1025.1,84.8,0,0
763,2021-10-28 22:00,7,0,0,0,1020.7,1025.4,90.4,0,0
763,2021-10-28 23:00,6.4,0,0,0,1020.9,1025.6,91.6,0,0
763,2021-10-29 00:00,6.2,0,0,0,1021,1025.7,95.4,0,0
763,2021-10-29 01:00,5.9,0,.2,0,1021.4,1026.1,96.1,0,0
763,2021-10-29 02:00,5.6,0,0,0,1021.7,1026.4,95.9,0,0
763,2021-10-29 03:00,5.4,0,0,0,1021.6,1026.4,98.5,0,0
763,2021-10-29 04:00,5.5,0,0,0,1021.5,1026.2,98.5,0,0
763,2021-10-29 05:00,5.6,0,0,0,1021.3,1026,99.9,0,0
763,2021-10-29 06:00,5.4,0,0,0,1021.5,1026.3,99.9,0,0
763,2021-10-29 07:00,5.9,0,.1,0,1021.9,1026.6,99.9,0,0
763,2021-10-29 08:00,8.1,0,0,0,1022.4,1027.1,97.1,0,0
763,2021-10-29 09:00,11.3,0,.2,0,1023,1027.6,76.1,0,0
763,2021-10-29 10:00,15.2,10.1,.9,0,1023.1,1027.7,66.6,0,0
763,2021-10-29 11:00,17.6,5.4,.8,0,1022.2,1026.7,53.6,0,0
763,2021-10-29 12:00,18.4,313,.8,0,1021.4,1025.9,44.8,0,0
763,2021-10-29 13:00,19.7,326.6,1.2,0,1020.3,1024.8,39.8,0,0
763,2021-10-29 14:00,19.8,325.2,1.6,0,1019.5,1023.9,41.4,0,0
763,2021-10-29 15:00,19.6,336.7,1.8,0,1019.1,1023.6,37.1,0,0
763,2021-10-29 16:00,19.3,340.1,1.2,0,1019.1,1023.6,38.9,0,0
763,2021-10-29 17:00,18.2,329.6,1,0,1019.4,1023.9,45,0,0
763,2021-10-29 18:00,12.8,0,0,0,1019.7,1024.3,72.4,0,0
763,2021-10-29 19:00,10.8,0,0,0,1019.9,1024.5,82.8,0,0
763,2021-10-29 20:00,9.9,0,0,0,1020.1,1024.7,88,0,0
763,2021-10-29 21:00,9.1,0,0,0,1020.1,1024.8,89.2,0,0
763,2021-10-29 22:00,8.6,0,0,0,1020.3,1025,92.6,0,0
763,2021-10-29 23:00,8.2,0,0,0,1020.3,1025,95.8,0,0
763,2021-10-30 00:00,8.4,0,.1,0,1020.5,1025.2,95.8,0,0
763,2021-10-30 01:00,8,0,0,0,1020.3,1025,97.2,0,0
763,2021-10-30 02:00,7.7,0,.2,0,1020.3,1025,97.5,0,0
763,2021-10-30 03:00,7.3,0,.1,0,1020.5,1025.2,98,0,0
763,2021-10-30 04:00,7.6,0,.1,0,1020,1024.7,98.9,0,0
763,2021-10-30 05:00,8.2,0,.3,0,1019.8,1024.5,98.3,0,0
763,2021-10-30 06:00,7.3,0,.2,0,1019.9,1024.6,99.7,0,0
763,2021-10-30 07:00,7,0,.2,0,1020.3,1025,99.9,0,0
763,2021-10-30 08:00,8.4,0,0,0,1020.9,1025.6,99.2,0,0
763,2021-10-30 09:00,10.1,0,.1,0,1021.5,1026.2,89.8,0,0
763,2021-10-30 10:00,11.9,24.1,.7,0,1021.2,1025.8,81.6,0,0
763,2021-10-30 11:00,13.2,.7,.6,0,1020.9,1025.5,78.5,0,0
763,2021-10-30 12:00,15.2,78.9,.6,0,1020.6,1025.2,67.2,0,0
763,2021-10-30 13:00,16.4,17,.7,0,1020.3,1024.8,64.9,0,0
763,2021-10-30 14:00,16.8,0,.3,0,1019.9,1024.4,62.4,0,0
763,2021-10-30 15:00,17.2,46.9,.6,0,1019.7,1024.2,59.6,0,0
763,2021-10-30 16:00,17.6,12.4,1.1,0,1019.8,1024.3,56,0,0
763,2021-10-30 17:00,15.7,0,.2,0,1019.8,1024.4,66.8,0,0
763,2021-10-30 18:00,12.2,0,0,0,1019.9,1024.5,85.6,0,0
763,2021-10-30 19:00,10.6,0,0,0,1020.2,1024.9,90.3,0,0
763,2021-10-30 20:00,9.5,0,.1,0,1020.4,1025.1,94.3,0,0
763,2021-10-30 21:00,8.8,0,0,0,1020.8,1025.5,97.6,0,0
763,2021-10-30 22:00,7.9,0,.1,0,1021.4,1026.1,99.7,0,0
763,2021-10-30 23:00,7.7,0,0,0,1021.5,1026.2,99.9,0,0
763,2021-10-31 00:00,7.3,0,0,0,1021.5,1026.2,99.9,0,0
763,2021-10-31 01:00,6.7,0,0,0,1021.4,1026.1,99.9,0,0
763,2021-10-31 02:00,5.8,0,0,0,1021.5,1026.2,99.9,0,0
763,2021-10-31 03:00,5.9,0,0,0,1021.1,1025.8,99.9,0,0
763,2021-10-31 04:00,6.3,0,0,0,1020.9,1025.6,99.9,0,0
763,2021-10-31 05:00,5.6,0,.2,0,1021,1025.7,99.9,0,0
763,2021-10-31 06:00,5.1,0,0,0,1021.1,1025.9,99.9,0,0
763,2021-10-31 07:00,4.9,0,0,0,1021.2,1025.9,99.9,0,0
763,2021-10-31 08:00,6.9,0,0,0,1021.7,1026.4,99.9,0,0
763,2021-10-31 09:00,9.8,0,.3,0,1022.1,1026.8,96.3,0,0
763,2021-10-31 10:00,12.4,357.7,.5,0,1022,1026.6,85.5,0,0
763,2021-10-31 11:00,16,33.7,.9,0,1021.5,1026.1,69.2,0,0
763,2021-10-31 12:00,17.9,37.2,.7,0,1020.9,1025.4,58.8,0,0
763,2021-10-31 13:00,19.2,346,1,0,1019.9,1024.4,55.5,0,0
763,2021-10-31 14:00,19.2,348.5,.9,0,1019.3,1023.8,53.6,0,0
763,2021-10-31 15:00,19.6,266.5,1.4,0,1019,1023.5,53.6,0,0
763,2021-10-31 16:00,19.3,265.4,.5,0,1018.9,1023.4,53.5,0,0
763,2021-10-31 17:00,17.9,276.8,1.6,0,1019.1,1023.6,60.6,0,0
763,2021-10-31 18:00,14.5,0,.2,0,1019.4,1024,76.5,0,0
763,2021-10-31 19:00,12.3,0,0,0,1020,1024.6,85.9,0,0
763,2021-10-31 20:00,11.3,0,.2,0,1020.5,1025.1,93.3,0,0
763,2021-10-31 21:00,10.6,0,.1,0,1020.9,1025.6,97.1,0,0
763,2021-10-31 22:00,10.9,0,0,0,1021.1,1025.7,98.8,0,0
763,2021-10-31 23:00,10.8,0,.2,0,1020.8,1025.4,98.3,0,0
763,2021-11-01 00:00,11.1,0,.1,0,1020.5,1025.1,98.6,0,0
763,2021-11-01 01:00,10.6,0,.2,0,1020.5,1025.2,98.8,0,0
763,2021-11-01 02:00,10.3,0,.4,0,1020.7,1025.4,99.9,0,0
763,2021-11-01 03:00,10.1,26.6,1,0,1020.6,1025.3,99.9,0,0
763,2021-11-01 04:00,9.6,0,.2,0,1020.1,1024.8,99.9,0,0
763,2021-11-01 05:00,9.1,0,0,0,1020.2,1024.9,99.9,0,0
763,2021-11-01 06:00,8.6,0,0,0,1020.5,1025.2,99.9,0,0
763,2021-11-01 07:00,7.6,0,0,0,1020.7,1025.4,99.9,0,0
763,2021-11-01 08:00,9,0,0,0,1021.6,1026.3,99.9,0,0
763,2021-11-01 09:00,12,0,.1,0,1021.7,1026.3,98.1,0,0
763,2021-11-01 10:00,14.6,0,.2,0,1021.5,1026.1,81.2,0,0
763,2021-11-01 11:00,16.2,29.4,.7,0,1021.2,1025.8,69.7,0,0
763,2021-11-01 12:00,16.9,217.4,.5,0,1020.6,1025.1,62.4,0,0
763,2021-11-01 13:00,18.4,240.4,1.4,0,1019.8,1024.3,57.3,0,0
763,2021-11-01 14:00,17.7,260.7,1.5,0,1019,1023.5,58.5,0,0
763,2021-11-01 15:00,17.9,274.6,2.7,0,1018.8,1023.3,56.8,0,0
763,2021-11-01 16:00,17.1,269.4,3.2,0,1019.2,1023.7,60.4,0,0
763,2021-11-01 17:00,15.6,282.3,2.5,0,1019.4,1024,64.7,0,0
763,2021-11-01 18:00,14.2,265.5,2.3,0,1019.6,1024.2,66.1,0,0
763,2021-11-01 19:00,12.2,0,.4,0,1020.3,1024.9,75.4,0,0
763,2021-11-01 20:00,9.7,0,0,0,1020.8,1025.5,90.6,0,0
763,2021-11-01 21:00,9.1,0,.1,0,1021,1025.7,93.8,0,0
763,2021-11-01 22:00,8.6,0,.1,0,1020.9,1025.6,96.5,0,0
763,2021-11-01 23:00,8.1,0,0,0,1020.7,1025.4,98.1,0,0
763,2021-11-02 00:00,7.4,0,.3,0,1020.4,1025.1,98.4,0,0
763,2021-11-02 01:00,7.7,0,.2,0,1020.2,1024.9,99.9,0,0
763,2021-11-02 02:00,7.5,0,0,0,1020,1024.7,99.9,0,0
763,2021-11-02 03:00,7.5,0,.2,0,1020,1024.7,99.9,0,0
763,2021-11-02 04:00,7,0,0,0,1019.7,1024.4,99.9,0,0
763,2021-11-02 05:00,7.2,0,.2,0,1019.7,1024.4,99.9,0,0
763,2021-11-02 06:00,7.6,0,.1,0,1019.8,1024.5,99.9,0,0
763,2021-11-02 07:00,7.2,0,.2,0,1019.9,1024.6,99.9,0,0
763,2021-11-02 08:00,7.8,0,.3,0,1019.9,1024.6,99.9,0,0
763,2021-11-02 09:00,9.9,265.5,.6,0,1020.4,1025,93.2,0,0
763,2021-11-02 10:00,12.3,65.2,.9,0,1020.1,1024.7,73.8,0,0
763,2021-11-02 11:00,13.9,21.4,2,0,1019.6,1024.2,64.6,0,0
763,2021-11-02 12:00,14.7,348.3,1.4,0,1018.8,1023.4,54,0,0
763,2021-11-02 13:00,15,291.6,1.6,0,1018,1022.6,54.3,0,0
763,2021-11-02 14:00,16.1,338.5,1.3,0,1016.9,1021.4,51.9,0,0
763,2021-11-02 15:00,16,269.2,1.3,0,1017.1,1021.6,49.1,0,0
763,2021-11-02 16:00,15.5,330.9,.6,0,1016.9,1021.4,55.2,0,0
763,2021-11-02 17:00,15.2,0,.4,0,1017.1,1021.7,57,0,0
763,2021-11-02 18:00,11.9,0,.1,0,1017.1,1021.7,74.1,0,0
763,2021-11-02 19:00,10.2,0,.1,0,1018,1022.7,84.8,0,0
763,2021-11-02 20:00,9,0,0,0,1018.3,1023,90.9,0,0
763,2021-11-02 21:00,7.8,0,0,0,1018.4,1023.1,94.4,0,0
763,2021-11-02 22:00,7.3,0,.1,0,1018.3,1023,98.5,0,0
763,2021-11-02 23:00,6.7,0,0,0,1017.9,1022.6,99.3,0,0
763,2021-11-03 00:00,5.9,0,0,0,1017.8,1022.5,98.8,0,0
763,2021-11-03 01:00,5.7,0,.1,0,1017.9,1022.6,99.9,0,0
763,2021-11-03 02:00,4.7,0,0,0,1017.9,1022.6,99.9,0,0
763,2021-11-03 03:00,5,0,0,0,1017.8,1022.5,99.9,0,0
763,2021-11-03 04:00,4.6,0,0,0,1017.6,1022.3,99.9,0,0
763,2021-11-03 05:00,4.4,0,0,0,1017.5,1022.2,99.9,0,0
763,2021-11-03 06:00,3.8,0,0,0,1017.1,1021.9,99.9,0,0
763,2021-11-03 07:00,3.5,0,.4,0,1017.5,1022.3,99.9,0,0
763,2021-11-03 08:00,3.7,0,.3,0,1017.7,1022.5,99.9,0,0
763,2021-11-03 09:00,6.3,0,.4,0,1018.3,1023,99.9,0,0
763,2021-11-03 10:00,10.1,0,.4,0,1018.3,1023,89.5,0,0
763,2021-11-03 11:00,13,54.4,.8,0,1018.1,1022.7,71.9,0,0
763,2021-11-03 12:00,14.3,50.2,1.8,0,1017.1,1021.7,65,0,0
763,2021-11-03 13:00,15.1,64.2,1.5,0,1015.9,1020.5,52.8,0,0
763,2021-11-03 14:00,15.9,25.7,1,0,1015.4,1019.9,45.7,0,0
763,2021-11-03 15:00,16.1,70.5,.7,0,1014.9,1019.4,49.6,0,0
763,2021-11-03 16:00,16.1,0,.3,0,1014.6,1019.1,47.9,0,0
763,2021-11-03 17:00,15.1,0,.3,0,1014.4,1018.9,61.9,0,0
763,2021-11-03 18:00,11.4,0,0,0,1014.5,1019.1,81.3,0,0
763,2021-11-03 19:00,10.4,0,0,0,1014.8,1019.4,84.9,0,0
763,2021-11-03 20:00,9.5,0,.4,0,1015.6,1020.2,89.4,0,0
763,2021-11-03 21:00,9,0,.1,0,1015.9,1020.5,91.8,0,0
763,2021-11-03 22:00,8.6,0,.3,0,1016.2,1020.9,94.1,0,0
763,2021-11-03 23:00,8.2,0,.1,0,1016.1,1020.8,97.4,0,0
763,2021-11-04 00:00,7.8,0,0,0,1016.1,1020.8,98.3,0,0
763,2021-11-04 01:00,8.1,23.7,.6,0,1016.2,1020.9,96.4,0,0
763,2021-11-04 02:00,6.8,0,.1,0,1016.2,1020.9,99.9,0,0
763,2021-11-04 03:00,6.7,48.4,.5,0,1015.8,1020.5,99.9,0,0
763,2021-11-04 04:00,7.4,0,.1,0,1016.2,1020.9,99.9,0,0
763,2021-11-04 05:00,8.2,122.4,1.1,2,1015.8,1020.5,99.9,0,0
763,2021-11-04 06:00,8.3,0,.3,0,1015.7,1020.4,99.9,0,0
763,2021-11-04 07:00,7,0,.2,0,1016.1,1020.8,99.9,0,0
763,2021-11-04 08:00,7.5,0,.1,0,1016.8,1021.5,99.9,0,0
763,2021-11-04 09:00,9.9,0,.4,0,1017.4,1022,99.9,0,0
763,2021-11-04 10:00,11.9,29.5,1,0,1017.4,1022,94.8,0,0
763,2021-11-04 11:00,13.6,24.6,1.1,0,1017.2,1021.8,89,0,0
763,2021-11-04 12:00,15.4,51.4,1.2,0,1016.9,1021.5,79.2,0,0
763,2021-11-04 13:00,17.2,311.7,1,,1016.2,1020.7,60.1,,
763,2021-11-04 14:00,18.1,353.2,1.1,,1015.8,1020.3,52.5,,
763,2021-11-04 15:00,18.1,311.8,.8,,1015.4,1019.9,53.1,,
763,2021-11-04 16:00,17.8,264.2,.9,,1015.3,1019.8,51.9,,
763,2021-11-04 17:00,16.1,0,0,,1015.4,1019.9,65.9,,
763,2021-11-04 18:00,14.2,0,.1,,1015.7,1020.3,77.5,,
763,2021-11-04 19:00,14.6,0,.2,,1016.5,1021,78.5,,
763,2021-11-04 20:00,13.6,0,.1,,1016.9,1021.5,88.3,,
763,2021-11-04 21:00,12.8,0,0,,1017.3,1021.9,89.8,,
763,2021-11-04 22:00,12.2,0,.4,,1018,1022.6,92.8,,
763,2021-11-04 23:00,10.7,0,0,,1018.4,1023,99.9,,
763,2021-11-05 00:00,9.5,0,0,,1018.3,1022.9,99.9,0,0
763,2021-11-05 01:00,8.5,0,0,0,1018.2,1022.9,99.9,0,0
763,2021-11-05 02:00,8.1,0,.1,0,1018.1,1022.8,99.9,0,0
763,2021-11-05 03:00,7.4,0,.3,0,1017.8,1022.5,99.9,0,0
763,2021-11-05 04:00,6.8,0,0,0,1017.6,1022.3,99.9,0,0
763,2021-11-05 05:00,6.1,0,0,0,1018,1022.7,99.9,0,0
763,2021-11-05 06:00,6.8,0,.3,0,1018.3,1023,99.9,0,0
763,2021-11-05 07:00,6.7,0,.1,0,1018.4,1023.1,99.9,0,0
763,2021-11-05 08:00,7,0,.1,0,1018.9,1023.6,99.9,0,0
763,2021-11-05 09:00,8,0,.3,0,1019,1023.7,99.9,0,0
763,2021-11-05 10:00,8.5,0,.3,0,1018.3,1023,99.9,0,0
763,2021-11-05 11:00,14.7,353.9,1.5,0,1017.6,1022.1,74.4,0,0
763,2021-11-05 12:00,17.8,12.1,1,0,1017.4,1021.9,57.6,0,0
763,2021-11-05 13:00,19.8,350.4,2,0,1015.6,1020,46.5,0,0
763,2021-11-05 14:00,20.2,83.5,1.8,0,1014.5,1019,37.2,0,0
763,2021-11-05 15:00,20,243.9,1.1,0,1014.6,1019.1,37.4,0,0
763,2021-11-05 16:00,19.5,242.3,.7,0,1014.9,1019.3,43.5,0,0
763,2021-11-05 17:00,17.7,0,.1,0,1015,1019.5,50.9,0,0
763,2021-11-05 18:00,14.7,0,.2,0,1015.4,1019.9,67.8,0,0
763,2021-11-05 19:00,12.2,0,.1,0,1016,1020.6,74.2,0,0
763,2021-11-05 20:00,10.3,0,.2,0,1016.2,1020.8,85.7,0,0
763,2021-11-05 21:00,9.5,0,.1,0,1016.5,1021.1,86.3,0,0
763,2021-11-05 22:00,8.8,0,.2,0,1016.8,1021.5,85.7,0,0
763,2021-11-05 23:00,7.4,0,0,0,1016.6,1021.3,94.6,0,0
763,2021-11-06 00:00,7,0,0,0,1016.5,1021.2,96.4,0,0
763,2021-11-06 01:00,6.4,0,0,0,1016.3,1021,94.2,0,0
763,2021-11-06 02:00,5.8,0,0,0,1016.3,1021,98.5,0,0
763,2021-11-06 03:00,5.5,0,0,0,1016.2,1020.9,98.8,0,0
763,2021-11-06 04:00,5.6,0,0,0,1016.2,1020.9,99.5,0,0
763,2021-11-06 05:00,5.3,0,0,0,1016.2,1020.9,99.8,0,0
763,2021-11-06 06:00,5.4,0,0,0,1016.3,1021,99.9,0,0
763,2021-11-06 07:00,5.3,0,0,0,1016.4,1021.1,99.9,0,0
763,2021-11-06 08:00,6.9,0,0,0,1016.8,1021.5,99.9,0,0
763,2021-11-06 09:00,10.3,0,.1,0,1017.3,1021.9,85.9,0,0
763,2021-11-06 10:00,13.4,0,.3,0,1016.8,1021.4,76.8,0,0
763,2021-11-06 11:00,17.3,355.4,1,0,1016.7,1021.2,58.8,0,0
763,2021-11-06 12:00,19.1,266.2,1.3,0,1015.9,1020.4,48.3,0,0
763,2021-11-06 13:00,21.3,80.5,2.2,0,1014.9,1019.3,33.6,0,0
763,2021-11-06 14:00,21.3,51,2.5,0,1014.5,1018.9,36.1,0,0
763,2021-11-06 15:00,21.3,19.9,3.2,0,1014.7,1019.1,35.2,0,0
763,2021-11-06 16:00,20.1,13.9,3.3,0,1014.9,1019.4,37.6,0,0
763,2021-11-06 17:00,19.1,53.8,1.5,0,1015.2,1019.6,39.7,0,0
763,2021-11-06 18:00,15.6,0,.3,0,1015.4,1019.9,55.4,0,0
763,2021-11-06 19:00,12.7,0,.4,0,1015.9,1020.5,68.8,0,0
763,2021-11-06 20:00,14.1,23.3,1.3,0,1016.9,1021.5,59.8,0,0
763,2021-11-06 21:00,11.1,233.2,.5,0,1016.8,1021.4,77.4,0,0
763,2021-11-06 22:00,9.6,0,0,0,1017.6,1022.2,83.7,0,0
763,2021-11-06 23:00,9.7,0,.1,0,1018.1,1022.7,85.8,0,0
763,2021-11-07 00:00,10.2,0,0,0,1019,1023.7,82.1,0,0
763,2021-11-07 01:00,8.8,0,.3,0,1017.9,1022.6,88,0,0
763,2021-11-07 02:00,9.9,0,.4,0,1017.8,1022.4,80.8,0,0
763,2021-11-07 03:00,7.7,0,.1,0,1018,1022.7,95.8,0,0
763,2021-11-07 04:00,6.8,0,0,0,1018,1022.7,98.3,0,0
763,2021-11-07 05:00,6.3,0,0,0,1018,1022.7,99.6,0,0
763,2021-11-07 06:00,6.9,0,.1,0,1018.4,1023.1,99.7,0,0
763,2021-11-07 07:00,6.7,0,0,0,1018.5,1023.2,99.9,0,0
763,2021-11-07 08:00,7.5,0,.1,0,1019,1023.7,99.9,0,0
763,2021-11-07 09:00,12.1,0,.3,0,1019.5,1024.1,80.2,0,0
763,2021-11-07 10:00,14.5,24.7,1.2,0,1018.9,1023.5,74,0,0
763,2021-11-07 11:00,17.7,56.1,.8,0,1017.8,1022.3,62.8,0,0
763,2021-11-07 12:00,20.6,96.8,2.5,0,1016.2,1020.7,49.9,0,0
763,2021-11-07 13:00,21.1,90.8,2.2,0,1015.1,1019.5,46.6,0,0
763,2021-11-07 14:00,21.9,99.7,1,0,1014.2,1018.6,43.1,0,0
763,2021-11-07 15:00,21.8,253.8,.5,0,1013.6,1018,42.8,0,0
763,2021-11-07 16:00,21.6,66,.7,0,1013.6,1018,44.5,0,0
763,2021-11-07 17:00,20.3,140,.8,0,1013.5,1018,42.7,0,0
763,2021-11-07 18:00,16.9,117.6,.6,0,1013.4,1017.9,56.1,0,0
763,2021-11-07 19:00,16.1,132.9,.6,0,1013.3,1017.8,59.5,0,0
763,2021-11-07 20:00,17.4,135,.9,0,1012.7,1017.2,52.8,0,0
763,2021-11-07 21:00,15,0,.2,0,1012.9,1017.4,62.7,0,0
763,2021-11-07 22:00,12.7,0,0,0,1012.3,1016.9,74.8,0,0
763,2021-11-07 23:00,16.2,135,.8,0,1011.5,1016,52.2,0,0
763,2021-11-08 00:00,12.9,0,.1,0,1010.9,1015.5,69.2,0,0
763,2021-11-08 01:00,11.4,0,0,0,1010.4,1015,79,0,0
763,2021-11-08 02:00,11,0,.4,0,1009.6,1014.2,80.3,0,0
763,2021-11-08 03:00,11.5,0,.1,0,1008.9,1013.5,79.6,0,0
763,2021-11-08 04:00,12.5,99.5,.9,0,1006.9,1011.4,73.8,0,0
763,2021-11-08 05:00,16.7,142.7,1.4,0,1005.1,1009.6,62.6,0,0
763,2021-11-08 06:00,18.1,153.6,2.6,0,1004.5,1008.9,64.4,0,0
763,2021-11-08 07:00,15.7,223,2.3,1,1005,1009.5,88.5,0,0
763,2021-11-08 08:00,12.3,258.8,4.7,3.5,1006.8,1011.4,94.4,0,0
763,2021-11-08 09:00,11.1,260.7,4,3,1009.7,1014.3,93.5,0,0
763,2021-11-08 10:00,10.4,254.2,2.3,3.5,1010.5,1015.1,95.5,0,0
763,2021-11-08 11:00,9.3,264.6,4.4,5,1011.2,1015.8,91.6,0,0
763,2021-11-08 12:00,8.9,260.4,2.3,1,1010.9,1015.5,91.6,0,0
763,2021-11-08 13:00,10.2,258.2,1.7,0,1010,1014.6,86.2,0,0
763,2021-11-08 14:00,10.5,268.5,4.9,0,1010.1,1014.7,63.5,0,0
763,2021-11-08 15:00,10.1,263.7,3.7,.5,1010.2,1014.8,66.6,0,0
763,2021-11-08 16:00,8.9,254.8,2.4,0,1010.7,1015.3,77.4,0,0
763,2021-11-08 17:00,9.4,269.6,2.7,0,1011,1015.6,67.7,0,0
763,2021-11-08 18:00,8.6,255.3,2.9,0,1011.5,1016.1,67.8,0,0
763,2021-11-08 19:00,8.6,233.6,1.4,0,1011.5,1016.1,70.2,0,0
763,2021-11-08 20:00,7.7,259.7,.9,0,1011.7,1016.4,79.5,0,0
763,2021-11-08 21:00,8.7,247.8,1.4,0,1011.5,1016.1,68,0,0
763,2021-11-08 22:00,7.1,343.4,.9,0,1012.1,1016.8,87.6,0,0
763,2021-11-08 23:00,7,238.4,.8,.5,1012.1,1016.8,88.2,0,0
763,2021-11-09 00:00,6.6,347.2,1.1,0,1011.9,1016.6,90.9,0,0
763,2021-11-09 01:00,6.7,0,.4,0,1011.5,1016.2,93.6,0,0
763,2021-11-09 02:00,6,0,.4,0,1011.5,1016.2,99.1,0,0
763,2021-11-09 03:00,6.5,0,.4,.5,1011.3,1016,99.1,0,0
763,2021-11-09 04:00,6.9,241.8,1.6,.5,1010.7,1015.4,89.7,0,0
763,2021-11-09 05:00,6.5,0,.2,0,1010.5,1015.2,95.5,0,0
763,2021-11-09 06:00,6.6,134.8,.5,0,1010.1,1014.8,98.2,0,0
763,2021-11-09 07:00,7,0,.3,0,1009.7,1014.4,91.9,0,0
763,2021-11-09 08:00,8.1,226,1,0,1009.9,1014.5,78.1,0,0
763,2021-11-09 09:00,9.1,204.6,1.2,0,1010,1014.6,70.2,0,0
763,2021-11-09 10:00,9.5,258.4,1.7,0,1009.8,1014.4,69,0,0
763,2021-11-09 11:00,9.6,220.5,1.2,.5,1009.4,1014,77.8,0,0
763,2021-11-09 12:00,9.6,270.6,3.4,0,1008.7,1013.3,71.2,0,0
763,2021-11-09 13:00,8.6,270,2,0,1008.4,1013,75.1,0,0
763,2021-11-09 14:00,8.4,189.3,.8,.5,1007.2,1011.8,79.8,0,0
763,2021-11-09 15:00,8.5,239.4,1.6,.5,1007,1011.6,77.6,0,0
763,2021-11-09 16:00,10.1,266.4,2.5,0,1006.6,1011.2,61.2,0,0
763,2021-11-09 17:00,8.1,273.2,2.4,0,1006.8,1011.4,74.7,0,0
763,2021-11-09 18:00,8.2,232.8,1.2,0,1006.4,1011,69.8,0,0
763,2021-11-09 19:00,8.1,237.6,2.2,0,1006.6,1011.2,76.2,0,0
763,2021-11-09 20:00,7.8,235.2,2.9,0,1006.6,1011.2,72.8,0,0
763,2021-11-09 21:00,7.6,235.2,1.6,1,1006.6,1011.2,77.8,0,0
763,2021-11-09 22:00,8.2,227.2,1.3,0,1006.1,1010.7,69.7,0,0
763,2021-11-09 23:00,6.7,337.2,1.4,0,1006.1,1010.8,85.3,0,0
763,2021-11-10 00:00,6.8,290.6,.9,0,1006,1010.6,87.6,0,0
763,2021-11-10 01:00,6.3,280,4.2,1,1005.8,1010.5,87.3,0,0
763,2021-11-10 02:00,6.4,259.1,2.6,1,1005.9,1010.6,94.4,0,0
763,2021-11-10 03:00,5.7,260.7,.6,.5,1005.9,1010.6,97.1,0,0
763,2021-11-10 04:00,5.6,0,.3,0,1005.6,1010.3,99.2,0,0
763,2021-11-10 05:00,5.4,0,.1,0,1005.3,1010,97.4,0,0
763,2021-11-10 06:00,5.1,238.2,.5,1,1005.4,1010.1,97.4,0,0
763,2021-11-10 07:00,4.9,0,.1,0,1005.5,1010.2,99.2,0,0
763,2021-11-10 08:00,4.9,0,.4,0,1005.5,1010.2,97.9,0,0
763,2021-11-10 09:00,5.3,131.8,1.4,0,1005.5,1010.2,95.6,0,0
763,2021-11-10 10:00,5.9,173.8,1.2,.5,1005.1,1009.8,92.7,0,0
763,2021-11-10 11:00,7.7,206.1,.5,0,1004.7,1009.3,84.7,0,0
763,2021-11-10 12:00,8.7,0,.4,0,1004.6,1009.2,84.1,0,0
763,2021-11-10 13:00,7.2,321.1,.5,1.5,1004.4,1009,96.4,0,0
763,2021-11-10 14:00,7.8,357.2,2.4,1,1004.5,1009.1,87.1,0,0
763,2021-11-10 15:00,7.9,286.7,1.6,0,1004.9,1009.5,84.4,0,0
763,2021-11-10 16:00,8.2,246.8,1.1,0,1005,1009.6,80.4,0,0
763,2021-11-10 17:00,7.5,200.9,.6,0,1005.3,1009.9,86.6,0,0
763,2021-11-10 18:00,6.4,0,.2,0,1005.8,1010.5,93.9,0,0
763,2021-11-10 19:00,5.8,0,.4,0,1006.2,1010.9,97.2,0,0
763,2021-11-10 20:00,8.1,282.1,2.7,.5,1006.6,1011.2,80.9,0,0
763,2021-11-10 21:00,7.3,0,0,0,1006.8,1011.4,93.2,0,0
763,2021-11-10 22:00,6.9,0,.4,0,1006.9,1011.6,99.8,0,0
763,2021-11-10 23:00,7.3,0,.3,0,1006.7,1011.3,97,0,0
763,2021-11-11 00:00,6.1,110.7,.5,0,1006.8,1011.5,99.9,0,0
763,2021-11-11 01:00,6,0,.2,0,1007.1,1011.8,99.9,0,0
763,2021-11-11 02:00,5.2,0,.4,0,1007.3,1012,99.9,0,0
763,2021-11-11 03:00,6,0,.2,0,1008,1012.7,99.9,0,0
763,2021-11-11 04:00,6,0,0,0,1008.5,1013.2,99.9,0,0
763,2021-11-11 05:00,6.4,318.4,1.2,0,1008.8,1013.5,88,0,0
763,2021-11-11 06:00,4,0,.1,0,1008.8,1013.5,99.9,0,0
763,2021-11-11 07:00,3.3,0,.1,0,1008.8,1013.5,99.9,0,0
763,2021-11-11 08:00,3.5,0,.1,0,1009.4,1014.1,99.9,0,0
763,2021-11-11 09:00,7.1,149.1,.5,0,1009.5,1014.2,74.5,0,0
763,2021-11-11 10:00,8.6,239,.7,0,1009.3,1013.9,60.9,0,0
763,2021-11-11 11:00,8.8,163.2,.8,0,1009,1013.6,60.4,0,0
763,2021-11-11 12:00,7.9,0,.3,0,1008.9,1013.5,76.7,0,0
763,2021-11-11 13:00,7.8,235.4,1,.5,1008.2,1012.8,85.7,0,0
763,2021-11-11 14:00,8,215.4,.9,0,1007.8,1012.4,84.5,0,0
763,2021-11-11 15:00,8.2,221.9,.8,0,1007.9,1012.5,84.6,0,0
763,2021-11-11 16:00,9.2,207.1,.9,0,1008,1012.6,81,0,0
763,2021-11-11 17:00,8.6,262.9,4.6,0,1008.9,1013.5,67.7,0,0
763,2021-11-11 18:00,7.5,255.3,.8,0,1008.8,1013.4,75.6,0,0
763,2021-11-11 19:00,6.8,0,.3,0,1009.3,1014,84.5,0,0
763,2021-11-11 20:00,6.1,100.1,.5,0,1009.7,1014.4,87.2,0,0
763,2021-11-11 21:00,5.4,0,.2,0,1010.2,1014.9,94.8,0,0
763,2021-11-11 22:00,5.8,0,.4,0,1010.5,1015.2,89.2,0,0
763,2021-11-11 23:00,5.6,0,.4,0,1011.1,1015.8,83.5,0,0
763,2021-11-12 00:00,4.7,51,.5,0,1011.1,1015.8,93.9,0,0
763,2021-11-12 01:00,3.2,0,0,0,1011.7,1016.4,99.9,0,0
763,2021-11-12 02:00,4.7,318.3,.7,0,1012.1,1016.8,94.1,0,0
763,2021-11-12 03:00,4.9,245.2,.5,0,1012.7,1017.4,93.1,0,0
763,2021-11-12 04:00,4.5,0,0,0,1013,1017.7,95.1,0,0
763,2021-11-12 05:00,5.1,296.1,.8,0,1013.7,1018.4,88.2,0,0
763,2021-11-12 06:00,4.3,0,.4,0,1013.7,1018.4,91.8,0,0
763,2021-11-12 07:00,4.7,307.3,.9,0,1014.4,1019.1,86.2,0,0
763,2021-11-12 08:00,3.8,111.7,.5,0,1014.8,1019.5,96.7,0,0
763,2021-11-12 09:00,6.4,137,.7,0,1015,1019.7,69.2,0,0
763,2021-11-12 10:00,6.8,245.3,1.3,0,1015.5,1020.2,70.1,0,0
763,2021-11-12 11:00,5.8,283.2,1.6,.5,1015.3,1020,85.4,0,0
763,2021-11-12 12:00,6.3,94.3,.8,0,1014.3,1019,81.9,0,0
763,2021-11-12 13:00,5.2,22.8,1,2,1014.3,1019,89.9,0,0
763,2021-11-12 14:00,6.2,134.8,.7,.5,1013.9,1018.6,94.6,0,0
763,2021-11-12 15:00,7.3,0,.2,0,1013.8,1018.5,82,0,0
763,2021-11-12 16:00,7.3,215.6,.6,0,1013.9,1018.6,82.6,0,0
763,2021-11-12 17:00,6.8,0,0,0,1014.2,1018.9,85.9,0,0
763,2021-11-12 18:00,5.8,0,.4,0,1014.8,1019.5,96.4,0,0
763,2021-11-12 19:00,5.8,0,.3,0,1015.4,1020.1,96.6,0,0
763,2021-11-12 20:00,5.9,0,.2,0,1015.7,1020.4,96.5,0,0
763,2021-11-12 21:00,5.9,0,.4,0,1015.9,1020.6,92.8,0,0
763,2021-11-12 22:00,5.6,0,.1,0,1015.8,1020.5,95,0,0
763,2021-11-12 23:00,5.2,101.1,.6,0,1015.6,1020.3,93.7,0,0
763,2021-11-13 00:00,3.7,0,0,0,1015.6,1020.3,99.9,0,0
763,2021-11-13 01:00,3.2,0,.2,0,1015.8,1020.6,99.9,0,0
763,2021-11-13 02:00,2.4,0,0,0,1015.8,1020.6,99.9,0,0
763,2021-11-13 03:00,1.6,0,.2,0,1016.2,1021,99.9,0,0
763,2021-11-13 04:00,2.2,0,.4,0,1016.4,1021.2,99.9,0,0
763,2021-11-13 05:00,2.4,0,0,0,1016.4,1021.2,99.9,0,0
763,2021-11-13 06:00,2.2,22.9,.5,0,1016.4,1021.2,99.9,0,0
763,2021-11-13 07:00,1.5,0,.1,0,1016.6,1021.4,99.9,0,0
763,2021-11-13 08:00,3.1,0,.1,0,1016.7,1021.5,99.9,0,0
763,2021-11-13 09:00,4.2,0,.2,0,1016.8,1021.5,99.9,0,0
763,2021-11-13 10:00,6.5,26.5,1.3,0,1016.6,1021.3,89.7,0,0
763,2021-11-13 11:00,10.3,0,.4,0,1016.2,1020.8,79.7,0,0
763,2021-11-13 12:00,13.3,211.6,.7,0,1015.5,1020.1,59.6,0,0
763,2021-11-13 13:00,13.6,238.4,1.3,0,1014.8,1019.4,54.6,0,0
763,2021-11-13 14:00,13.7,252.8,1.4,0,1014.7,1019.3,55.1,0,0
763,2021-11-13 15:00,14.4,262.3,1.8,0,1014.4,1018.9,54.5,0,0
763,2021-11-13 16:00,13.7,262.4,1.9,0,1014.4,1019,53.8,0,0
763,2021-11-13 17:00,12.9,246.1,1,0,1014.6,1019.2,61.9,0,0
763,2021-11-13 18:00,11.1,237,.8,0,1014.9,1019.5,68.9,0,0
763,2021-11-13 19:00,8.7,0,.3,0,1015.4,1020.1,84.9,0,0
763,2021-11-13 20:00,7.4,0,.1,0,1015.7,1020.4,94.1,0,0
763,2021-11-13 21:00,6.7,0,.1,0,1015.7,1020.4,96.6,0,0
763,2021-11-13 22:00,5.8,0,.1,0,1015.9,1020.6,96.5,0,0
763,2021-11-13 23:00,5.8,0,.3,0,1015.9,1020.6,99.9,0,0
763,2021-11-14 00:00,5.4,0,.2,0,1015.5,1020.2,99.6,0,0
763,2021-11-14 01:00,5.7,0,.1,0,1015.2,1019.9,97.1,0,0
763,2021-11-14 02:00,4.9,0,.4,0,1015,1019.7,98.1,0,0
763,2021-11-14 03:00,4.5,348.1,.5,0,1015,1019.7,99.9,0,0
763,2021-11-14 04:00,3.5,0,.1,0,1015,1019.7,99.9,0,0
763,2021-11-14 05:00,8.3,185.5,.8,0,1014.6,1019.3,75.5,0,0
763,2021-11-14 06:00,4.8,17.5,1.8,0,1014.7,1019.4,94,0,0
763,2021-11-14 07:00,4,29.1,1.4,0,1015.2,1019.9,99.9,0,0
763,2021-11-14 08:00,5.1,9.7,1,0,1015.7,1020.4,99.7,0,0
763,2021-11-14 09:00,8.7,234.4,.7,0,1016,1020.7,91.2,0,0
763,2021-11-14 10:00,13.4,189.5,.8,0,1015.9,1020.5,66.4,0,0
763,2021-11-14 11:00,14.7,185.5,1,0,1015.7,1020.2,62,0,0
763,2021-11-14 12:00,15.2,251.7,1.5,0,1015.4,1020,59.4,0,0
763,2021-11-14 13:00,15.2,261.5,2.4,0,1014.9,1019.4,61.3,0,0
763,2021-11-14 14:00,16.4,269,3.1,0,1014.6,1019.1,43.6,0,0
763,2021-11-14 15:00,16.4,262.3,2.2,0,1014.6,1019.1,41.1,0,0
763,2021-11-14 16:00,15.8,280.5,2.3,0,1014.5,1019,44.6,0,0
763,2021-11-14 17:00,14.5,249.1,.7,0,1014.6,1019.1,56.8,0,0
763,2021-11-14 18:00,13.2,0,.4,0,1014.8,1019.4,62,0,0
763,2021-11-14 19:00,13.5,207.9,.8,0,1015.2,1019.8,64.1,0,0
763,2021-11-14 20:00,13.3,0,.4,0,1015.4,1020,63.6,0,0
763,2021-11-14 21:00,10.7,0,.2,0,1015.5,1020.1,76.5,0,0
763,2021-11-14 22:00,12.8,0,.2,0,1016,1020.6,69.7,0,0
763,2021-11-14 23:00,9.5,0,.3,0,1016.2,1020.8,86.9,0,0
763,2021-11-15 00:00,7.5,0,0,0,1016.6,1021.3,95.6,0,0
763,2021-11-15 01:00,6.7,27.6,.6,0,1016.4,1021.1,98.2,0,0
763,2021-11-15 02:00,5.5,0,.1,0,1016.4,1021.1,99.9,0,0
763,2021-11-15 03:00,5.3,0,.1,0,1017.3,1022,99.9,0,0
763,2021-11-15 04:00,4,0,0,0,1018.2,1023,99.9,0,0
763,2021-11-15 05:00,4.3,0,.1,0,1018.1,1022.8,99.9,0,0
763,2021-11-15 06:00,4,0,0,0,1017.8,1022.6,99.9,0,0
763,2021-11-15 07:00,3.3,0,.1,0,1018.5,1023.3,99.9,0,0
763,2021-11-15 08:00,4,0,.2,0,1019.2,1024,99.9,0,0
763,2021-11-15 09:00,5.4,0,0,0,1019.6,1024.3,99.9,0,0
763,2021-11-15 10:00,9,23.1,.7,0,1019.7,1024.4,98.9,0,0
763,2021-11-15 11:00,11.3,31.1,.9,0,1019.4,1024,84.9,0,0
763,2021-11-15 12:00,14.7,359.6,1.4,0,1018.4,1023,62.6,0,0
763,2021-11-15 13:00,14.3,313.2,1.5,0,1017.9,1022.5,55.8,0,0
763,2021-11-15 14:00,14.9,298.6,1.7,0,1017.8,1022.3,55.9,0,0
763,2021-11-15 15:00,15.1,270.6,1.3,0,1017,1021.6,54.1,0,0
763,2021-11-15 16:00,14.8,268.5,1.1,0,1017.1,1021.6,58.4,0,0
763,2021-11-15 17:00,13.8,267,1.1,0,1017.6,1022.2,59.3,0,0
763,2021-11-15 18:00,11.6,0,.1,0,1018,1022.6,71,0,0
763,2021-11-15 19:00,8.5,0,0,0,1018.4,1023.1,87.5,0,0
763,2021-11-15 20:00,7.9,0,0,0,1018.6,1023.3,92.1,0,0
763,2021-11-15 21:00,6.6,0,.1,0,1018.7,1023.4,98.3,0,0
763,2021-11-15 22:00,6.3,0,.1,0,1019.1,1023.8,99.8,0,0
763,2021-11-15 23:00,5.3,0,.1,0,1019.5,1024.2,99.9,0,0
763,2021-11-16 00:00,4.7,0,0,0,1019.6,1024.3,99.9,0,0
763,2021-11-16 01:00,4.2,0,.2,0,1019.8,1024.6,99.9,0,0
763,2021-11-16 02:00,3.7,0,0,0,1020.2,1025,99.9,0,0
763,2021-11-16 03:00,4.1,0,0,0,1019.8,1024.6,99.9,0,0
763,2021-11-16 04:00,3.6,0,.2,0,1019.7,1024.5,99.9,0,0
763,2021-11-16 05:00,2.5,0,0,0,1019.8,1024.6,99.9,0,0
763,2021-11-16 06:00,2.6,0,0,0,1020.4,1025.2,99.9,0,0
763,2021-11-16 07:00,2.2,0,.1,0,1020.6,1025.4,99.9,0,0
763,2021-11-16 08:00,2.8,0,.1,0,1021.1,1025.9,99.9,0,0
763,2021-11-16 09:00,5.2,0,.4,0,1021.7,1026.5,99.9,0,0
763,2021-11-16 10:00,6.4,339.9,.8,0,1021.9,1026.6,99.9,0,0
763,2021-11-16 11:00,10.2,0,.3,0,1022,1026.7,85.1,0,0
763,2021-11-16 12:00,12,52.6,1.3,0,1021.3,1025.9,66.7,0,0
763,2021-11-16 13:00,13.8,21.8,1.4,0,1020.5,1025.1,53.4,0,0
763,2021-11-16 14:00,14.3,299.8,1.9,0,1020.1,1024.7,36.9,0,0
763,2021-11-16 15:00,14.5,58.2,1.1,0,1019.8,1024.4,38.4,0,0
763,2021-11-16 16:00,14.6,321.4,1.3,0,1020,1024.6,31,0,0
763,2021-11-16 17:00,12.9,317.8,1,0,1020.3,1024.9,40.3,0,0
763,2021-11-16 18:00,7.8,0,.3,0,1020.6,1025.3,67.1,0,0
763,2021-11-16 19:00,6.5,0,0,0,1021.2,1025.9,68.4,0,0
763,2021-11-16 20:00,5.3,0,0,0,1021.7,1026.5,79.9,0,0
763,2021-11-16 21:00,4.4,0,0,0,1022.2,1027,81.1,0,0
763,2021-11-16 22:00,3.8,0,.1,0,1022.5,1027.3,83.7,0,0
763,2021-11-16 23:00,3.5,0,.1,0,1022.3,1027.1,84.4,0,0
763,2021-11-17 00:00,3.3,0,.1,0,1022.3,1027.1,86.8,0,0
763,2021-11-17 01:00,2.8,0,0,0,1022.4,1027.2,87.7,0,0
763,2021-11-17 02:00,2.1,0,0,0,1022.5,1027.3,95.5,0,0
763,2021-11-17 03:00,1.4,0,.2,0,1022.3,1027.1,97.6,0,0
763,2021-11-17 04:00,1,0,0,0,1022.3,1027.1,98.5,0,0
763,2021-11-17 05:00,.8,0,.1,0,1022.2,1027,99.9,0,0
763,2021-11-17 06:00,.7,0,0,0,1022.2,1027,99.9,0,0
763,2021-11-17 07:00,.8,0,0,0,1022.3,1027.1,99.9,0,0
763,2021-11-17 08:00,1.3,0,0,0,1022.5,1027.3,99.9,0,0
763,2021-11-17 09:00,4.2,14.9,.7,0,1022.7,1027.5,95.5,0,0
763,2021-11-17 10:00,7.7,271.9,.6,0,1022.4,1027.1,80.3,0,0
763,2021-11-17 11:00,10.5,35.8,.8,0,1021.9,1026.6,72.8,0,0
763,2021-11-17 12:00,12.3,294.3,1.7,0,1020.9,1025.5,56.3,0,0
763,2021-11-17 13:00,12.6,300.6,1.2,0,1020.1,1024.7,49.6,0,0
763,2021-11-17 14:00,13.2,284,1.9,0,1019.4,1024,51.2,0,0
763,2021-11-17 15:00,12.8,277.1,1.1,0,1019.1,1023.7,46.4,0,0
763,2021-11-17 16:00,12.8,279.9,2.1,0,1019.3,1023.9,54.6,0,0
763,2021-11-17 17:00,11.5,264.6,1.7,0,1019,1023.6,60.9,0,0
763,2021-11-17 18:00,10.4,250.2,.9,0,1019.6,1024.3,65.8,0,0
763,2021-11-17 19:00,8,0,.1,0,1020,1024.7,77.6,0,0
763,2021-11-17 20:00,7.9,124.7,.5,0,1019.6,1024.3,77.6,0,0
763,2021-11-17 21:00,6.8,0,.2,0,1019.3,1024,86.6,0,0
763,2021-11-17 22:00,6.2,0,.1,0,1019.3,1024,88.2,0,0
763,2021-11-17 23:00,4.8,0,0,0,1018.9,1023.6,95.4,0,0
763,2021-11-18 00:00,4.6,0,0,0,1018.3,1023,95.5,0,0
763,2021-11-18 01:00,4.5,0,.1,0,1017.9,1022.6,93.9,0,0
763,2021-11-18 02:00,3.9,0,.1,0,1017.8,1022.6,95.2,0,0
763,2021-11-18 03:00,3.3,0,0,0,1017.4,1022.2,98.8,0,0
763,2021-11-18 04:00,2.7,0,.3,0,1017.5,1022.3,99.9,0,0
763,2021-11-18 05:00,2.9,0,.2,0,1017,1021.8,99.9,0,0
763,2021-11-18 06:00,2.2,0,.1,0,1017,1021.8,99.9,0,0
763,2021-11-18 07:00,2.5,1,.5,0,1016.8,1021.6,99.9,0,0
763,2021-11-18 08:00,3,0,.1,0,1017.1,1021.9,99.9,0,0
763,2021-11-18 09:00,4.9,88.2,.9,0,1017.3,1022,98,0,0
763,2021-11-18 10:00,12.6,200.7,.9,0,1017.1,1021.7,71.3,0,0
763,2021-11-18 11:00,13.8,192.4,1.3,0,1016.7,1021.3,68.9,0,0
763,2021-11-18 12:00,15,244.8,1.3,0,1016.1,1020.7,66,0,0
763,2021-11-18 13:00,15.9,233.3,1.4,0,1015.4,1019.9,64.2,0,0
763,2021-11-18 14:00,15.9,258.1,2.3,0,1014.7,1019.2,62.9,0,0
763,2021-11-18 15:00,16.2,229.8,2.2,0,1014.3,1018.8,60.8,0,0
763,2021-11-18 16:00,15.3,262.3,2.5,0,1014.4,1018.9,64.5,0,0
763,2021-11-18 17:00,14.5,247.4,1.5,0,1014.4,1018.9,71.3,0,0
763,2021-11-18 18:00,12.8,245.9,.7,0,1014.6,1019.2,79.7,0,0
763,2021-11-18 19:00,12.2,261.4,.8,0,1014.9,1019.5,81.9,0,0
763,2021-11-18 20:00,11.4,0,.3,0,1015.1,1019.7,84.6,0,0
763,2021-11-18 21:00,11.5,0,.2,0,1015.2,1019.8,83.6,0,0
763,2021-11-18 22:00,11.4,0,.3,0,1015.4,1020,82.9,0,0
763,2021-11-18 23:00,11.5,0,.3,0,1015.3,1019.9,84.3,0,0
763,2021-11-19 00:00,11.7,0,.4,0,1015.3,1019.9,81.6,0,0
763,2021-11-19 01:00,11,215.3,.6,0,1015.3,1019.9,84.2,0,0
763,2021-11-19 02:00,9.2,0,.1,0,1015.2,1019.8,92.2,0,0
763,2021-11-19 03:00,7.8,0,.2,0,1015,1019.7,99.5,0,0
763,2021-11-19 04:00,9.7,56.2,.5,0,1015.1,1019.7,93.9,0,0
763,2021-11-19 05:00,6.9,21.1,1.7,0,1014.9,1019.6,99.9,0,0
763,2021-11-19 06:00,6.8,0,.2,0,1015,1019.7,99.9,0,0
763,2021-11-19 07:00,6.5,0,.1,0,1015.2,1019.9,99.9,0,0
763,2021-11-19 08:00,7.9,109.1,.5,0,1015.4,1020.1,99.9,0,0
763,2021-11-19 09:00,12.9,215.1,.7,0,1015.8,1020.4,84.2,0,0
763,2021-11-19 10:00,14,193.1,.6,0,1015.8,1020.4,79.9,0,0
763,2021-11-19 11:00,15.4,209.7,.8,0,1015.9,1020.4,76.2,0,0
763,2021-11-19 12:00,16.1,218.8,.6,0,1015.5,1020,72.4,0,0
763,2021-11-19 13:00,16.4,242.7,1.7,0,1014.9,1019.4,70.7,0,0
763,2021-11-19 14:00,16.7,261.7,.7,0,1014.3,1018.8,71.2,0,0
763,2021-11-19 15:00,17.1,266.4,1.7,0,1014,1018.5,65.6,0,0
763,2021-11-19 16:00,16.6,265.3,1,0,1014.1,1018.6,70.5,0,0
763,2021-11-19 17:00,15.3,0,.3,0,1014.1,1018.6,78.8,0,0
763,2021-11-19 18:00,12.1,0,.3,0,1014.4,1019,93.4,0,0
763,2021-11-19 19:00,10.1,0,0,0,1014.8,1019.4,98.5,0,0
763,2021-11-19 20:00,9.7,0,.2,0,1015.1,1019.7,99.9,0,0
763,2021-11-19 21:00,9,0,.2,0,1015.1,1019.7,99.9,0,0
763,2021-11-19 22:00,8.9,0,.2,0,1015.5,1020.1,99.9,0,0
763,2021-11-19 23:00,10.2,0,.1,0,1016.1,1020.7,99.9,0,0
763,2021-11-20 00:00,11.1,0,.2,0,1016.3,1020.9,99.9,0,0
763,2021-11-20 01:00,11.4,0,.2,0,1016.2,1020.8,99.9,0,0
763,2021-11-20 02:00,11.1,26.3,1.1,0,1016.3,1020.9,99.9,0,0
763,2021-11-20 03:00,10.8,0,.1,0,1016.4,1021,99.9,0,0
763,2021-11-20 04:00,11.2,0,0,0,1016.4,1021,99.9,0,0
763,2021-11-20 05:00,10.8,0,.1,0,1016.2,1020.8,99.9,0,0
763,2021-11-20 06:00,10.7,68.4,.6,0,1016.8,1021.4,99.9,0,0
763,2021-11-20 07:00,10.2,0,.4,0,1016.8,1021.4,99.9,0,0
763,2021-11-20 08:00,10.5,0,.3,0,1017.6,1022.2,99.9,0,0
763,2021-11-20 09:00,10.5,16.3,.9,0,1017.9,1022.5,99.9,0,0
763,2021-11-20 10:00,11.1,46.1,1.6,0,1018.2,1022.8,96.8,0,0
763,2021-11-20 11:00,11.5,0,.4,0,1018.1,1022.7,88.7,0,0
763,2021-11-20 12:00,12.4,283.6,.9,0,1017.7,1022.3,84.2,0,0
763,2021-11-20 13:00,13.7,355,1.5,0,1017.2,1021.8,79.6,0,0
763,2021-11-20 14:00,14.9,342.5,1,0,1017,1021.5,73.2,0,0
763,2021-11-20 15:00,14.4,287.1,1.7,0,1016.9,1021.5,74.9,0,0
763,2021-11-20 16:00,14.1,279.5,1.3,0,1016.8,1021.4,78.3,0,0
763,2021-11-20 17:00,13,276.7,.6,0,1017.4,1022,84.8,0,0
763,2021-11-20 18:00,9.7,0,0,0,1017.5,1022.1,98.4,0,0
763,2021-11-20 19:00,9.1,0,.1,0,1017.7,1022.4,99.9,0,0
763,2021-11-20 20:00,8.3,0,0,0,1018.1,1022.8,99.9,0,0
763,2021-11-20 21:00,7.4,0,.3,0,1018,1022.7,99.9,0,0
763,2021-11-20 22:00,7.1,0,0,0,1017.8,1022.5,99.9,0,0
763,2021-11-20 23:00,6.2,0,0,0,1017.6,1022.3,99.9,0,0
763,2021-11-21 00:00,6.9,0,.1,0,1016,1020.7,99.9,0,0
763,2021-11-21 01:00,7.6,0,.4,0,1016.2,1020.9,99.9,0,0
763,2021-11-21 02:00,7.8,0,.2,0,1015.9,1020.6,99.9,0,0
763,2021-11-21 03:00,7.6,0,.4,0,1016.6,1021.3,99.9,0,0
763,2021-11-21 04:00,7.3,69.7,.5,0,1017.4,1022.1,99.9,0,0
763,2021-11-21 05:00,7.1,0,.2,0,1017.3,1022,99.9,0,0
763,2021-11-21 06:00,6.9,0,.2,0,1017.1,1021.8,99.9,0,0
763,2021-11-21 07:00,7.1,132.3,.6,0,1016.1,1020.8,99.9,0,0
763,2021-11-21 08:00,7.1,0,.2,0,1015.6,1020.3,99.9,0,0
763,2021-11-21 09:00,7.4,65.4,.6,0,1015.4,1020.1,99.9,0,0
763,2021-11-21 10:00,8.2,19.9,.9,0,1015.2,1019.9,99.9,0,0
763,2021-11-21 11:00,9,0,.1,0,1014.7,1019.3,99.9,0,0
763,2021-11-21 12:00,10.2,25.4,1.3,0,1013.6,1018.2,99.9,0,0
763,2021-11-21 13:00,12,5.7,.5,0,1012.4,1017,88.3,0,0
763,2021-11-21 14:00,13.3,280.1,1.1,0,1012.1,1016.7,83.3,0,0
763,2021-11-21 15:00,14.2,11.4,1.2,0,1012.1,1016.6,79.7,0,0
763,2021-11-21 16:00,13.5,0,.3,0,1012,1016.5,79.2,0,0
763,2021-11-21 17:00,12.8,0,0,0,1012,1016.6,84,0,0
763,2021-11-21 18:00,10.6,0,.4,0,1010.8,1015.4,92.7,0,0
763,2021-11-21 19:00,10,0,.2,0,1010.8,1015.4,94.8,0,0
763,2021-11-21 20:00,9.4,0,.1,0,1010.9,1015.5,97.2,0,0
763,2021-11-21 21:00,11.3,0,.4,0,1010.6,1015.2,89.7,0,0
763,2021-11-21 22:00,12.1,198.6,.6,0,1009.9,1014.5,86.4,0,0
763,2021-11-21 23:00,12.9,203.6,1,0,1010,1014.6,81.6,0,0
763,2021-11-22 00:00,13.1,179.4,1,0,1009.2,1013.7,81.9,0,0
763,2021-11-22 01:00,11.4,260.8,2.8,0,1009.6,1014.2,97,0,0
763,2021-11-22 02:00,8.7,329.4,3,1,1010.8,1015.4,86.8,0,0
763,2021-11-22 03:00,7.8,350.3,.8,.5,1011.1,1015.8,96.5,0,0
763,2021-11-22 04:00,7.6,316.3,1.6,1,1011.7,1016.4,95,0,0
763,2021-11-22 05:00,6.9,0,0,0,1011,1015.7,95.4,0,0
763,2021-11-22 06:00,6.4,0,.1,0,1010.6,1015.3,99.5,0,0
763,2021-11-22 07:00,6,289.7,.5,0,1011.3,1016,99.9,0,0
763,2021-11-22 08:00,6.2,0,.2,0,1011.5,1016.2,92.5,0,0
763,2021-11-22 09:00,6,292.7,2.7,.5,1012.1,1016.8,80.4,0,0
763,2021-11-22 10:00,6.1,339.1,2.5,0,1012.7,1017.4,84.4,0,0
763,2021-11-22 11:00,5.3,316.4,3,0,1013.1,1017.8,84.3,0,0
763,2021-11-22 12:00,7.7,318.7,3.1,0,1012.4,1017.1,70.9,0,0
763,2021-11-22 13:00,7.9,303.2,2.1,0,1012.2,1016.9,73.2,0,0
763,2021-11-22 14:00,7.6,317.3,3.6,.5,1012.5,1017.2,53.3,0,0
763,2021-11-22 15:00,7.4,317,3.7,0,1013,1017.7,48.8,0,0
763,2021-11-22 16:00,6.2,289.3,4,0,1013.6,1018.3,56.2,0,0
763,2021-11-22 17:00,4.6,304.5,1.7,0,1014.4,1019.1,69,0,0
763,2021-11-22 18:00,2.4,284.4,.7,0,1014.8,1019.6,82.7,0,0
763,2021-11-22 19:00,1.1,0,.1,0,1015.4,1020.2,94.9,0,0
763,2021-11-22 20:00,1.9,0,0,0,1015.6,1020.4,92.8,0,0
763,2021-11-22 21:00,1.1,0,0,0,1015.7,1020.5,96.7,0,0
763,2021-11-22 22:00,1.7,0,.3,0,1015.9,1020.7,93.7,0,0
763,2021-11-22 23:00,.7,0,0,0,1015.9,1020.7,98.2,0,0
763,2021-11-23 00:00,.6,119.4,.6,0,1015.8,1020.6,99.2,0,0
763,2021-11-23 01:00,.1,0,.2,0,1015.4,1020.2,99.9,0,0
763,2021-11-23 02:00,.4,0,.1,0,1015.3,1020.1,99.9,0,0
763,2021-11-23 03:00,1,0,.4,0,1015.7,1020.5,96.3,0,0
763,2021-11-23 04:00,1.3,311.8,.6,0,1015.6,1020.4,89.4,0,0
763,2021-11-23 05:00,1,315.4,.7,0,1015.5,1020.3,89.1,0,0
763,2021-11-23 06:00,.7,4.8,.5,0,1015.7,1020.5,88.3,0,0
763,2021-11-23 07:00,.3,26,1.1,0,1016.1,1020.9,84.7,0,0
763,2021-11-23 08:00,.3,0,.3,0,1016,1020.8,86.4,0,0
763,2021-11-23 09:00,1.4,0,.4,0,1016.1,1020.9,73.8,0,0
763,2021-11-23 10:00,2.3,44.8,.8,0,1016.1,1020.9,65.5,0,0
763,2021-11-23 11:00,2.2,307.1,1.1,0,1015.8,1020.6,78.9,0,0
763,2021-11-23 12:00,2.8,325.2,1.2,0,1015.4,1020.2,76.4,0,0
763,2021-11-23 13:00,1.9,339.9,.7,0,1015.1,1019.9,95.7,0,0
763,2021-11-23 14:00,2.6,158.2,.6,0,1014.6,1019.4,89.3,0,0
763,2021-11-23 15:00,3.6,303.8,.9,0,1014.6,1019.3,76.9,0,0
763,2021-11-23 16:00,4.1,0,.3,0,1014.7,1019.4,78.8,0,0
763,2021-11-23 17:00,2.9,225.5,1.2,0,1015.1,1019.9,95.4,0,0
763,2021-11-23 18:00,2.2,116.3,.5,0,1015.3,1020.1,99.5,0,0
763,2021-11-23 19:00,1.4,0,.2,0,1015.4,1020.2,99.5,0,0
763,2021-11-23 20:00,2.5,0,.4,0,1015.4,1020.2,99.7,0,0
763,2021-11-23 21:00,2.8,0,.4,0,1015.6,1020.4,96.9,0,0
763,2021-11-23 22:00,2.6,0,.3,.5,1015.7,1020.5,97.7,0,0
763,2021-11-23 23:00,2,133.4,.5,0,1015.7,1020.5,99.9,0,0
763,2021-11-24 00:00,2.4,0,.4,1.5,1015.7,1020.5,99.9,0,0
763,2021-11-24 01:00,2.7,124.4,.7,.5,1015.9,1020.7,99.9,0,0
763,2021-11-24 02:00,2.8,0,.1,0,1016,1020.8,99.9,0,0
763,2021-11-24 03:00,2.8,0,0,0,1016.1,1020.9,99.9,0,0
763,2021-11-24 04:00,2.5,0,.1,0,1015.9,1020.7,99.9,0,0
763,2021-11-24 05:00,2.3,0,.1,0,1015.7,1020.5,99.9,0,0
763,2021-11-24 06:00,1.4,0,.4,0,1015.9,1020.7,99.9,0,0
763,2021-11-24 07:00,.8,0,.1,0,1015.8,1020.6,99.9,0,0
763,2021-11-24 08:00,1.9,0,.3,0,1016.1,1020.9,99.6,0,0
763,2021-11-24 09:00,2.9,321.9,.5,0,1016.3,1021.1,96.1,0,0
763,2021-11-24 10:00,4.5,24.8,1.3,0,1016.6,1021.3,94.2,0,0
763,2021-11-24 11:00,8.4,201.2,.8,0,1016.2,1020.9,71,0,0
763,2021-11-24 12:00,10.1,238.4,1.3,0,1015.5,1020.1,58.6,0,0
763,2021-11-24 13:00,10.3,263.2,3.3,0,1014.6,1019.2,58.5,0,0
763,2021-11-24 14:00,11.1,272,4,0,1014,1018.6,50.3,0,0
763,2021-11-24 15:00,11,283.3,4.6,0,1014,1018.6,47,0,0
763,2021-11-24 16:00,10.7,277.8,3,0,1013.9,1018.5,46.2,0,0
763,2021-11-24 17:00,9.9,252.7,1.7,0,1013.8,1018.4,48.9,0,0
763,2021-11-24 18:00,8.2,230.2,.8,0,1013.9,1018.6,59,0,0
763,2021-11-24 19:00,5.4,0,.1,0,1013.9,1018.6,77.9,0,0
763,2021-11-24 20:00,8.1,0,.4,0,1013.8,1018.5,67.5,0,0
763,2021-11-24 21:00,8.9,171.3,.7,0,1013.9,1018.5,62.3,0,0
763,2021-11-24 22:00,9.2,173.7,1,0,1013.8,1018.4,62.6,0,0
763,2021-11-24 23:00,9.2,185.3,1,0,1013.8,1018.4,65.2,0,0
763,2021-11-25 00:00,9.2,198.2,1,0,1013.6,1018.2,69,0,0
763,2021-11-25 01:00,9.4,203.5,1,0,1013.5,1018.1,70.2,0,0
763,2021-11-25 02:00,9.1,195.6,.8,0,1013.3,1017.9,71.9,0,0
763,2021-11-25 03:00,9.7,187.5,1.1,0,1013.1,1017.7,70.4,0,0
763,2021-11-25 04:00,9.6,184.8,1.2,0,1012.6,1017.2,70.6,0,0
763,2021-11-25 05:00,9.7,197.3,.8,0,1012.6,1017.2,70.2,0,0
763,2021-11-25 06:00,9.6,228.1,.8,0,1012.5,1017.1,71.6,0,0
763,2021-11-25 07:00,9.7,0,.4,0,1013,1017.6,72.3,0,0
763,2021-11-25 08:00,9.7,0,.4,0,1013.2,1017.8,73.3,0,0
763,2021-11-25 09:00,9.8,24.6,.9,0,1013.9,1018.5,75.5,0,0
763,2021-11-25 10:00,10.2,29.5,.7,0,1014.6,1019.2,75.3,0,0
763,2021-11-25 11:00,12.9,292.1,2.4,0,1014.9,1019.5,64.2,0,0
763,2021-11-25 12:00,14,300,2.6,0,1014.6,1019.2,58,0,0
763,2021-11-25 13:00,14.2,271.9,3.7,0,1014.3,1018.8,39.4,0,0
763,2021-11-25 14:00,14.4,278.9,3.5,0,1014.3,1018.8,40.9,0,0
763,2021-11-25 15:00,13.6,278.3,4.1,0,1014.5,1019.1,43.5,0,0
763,2021-11-25 16:00,12.9,280.3,3.7,0,1015,1019.6,47,0,0
763,2021-11-25 17:00,11.5,278.8,2.4,0,1015.6,1020.2,47.6,0,0
763,2021-11-25 18:00,9.1,312.3,.5,0,1016.4,1021,51.8,0,0
763,2021-11-25 19:00,6.4,288.2,.7,0,1016.9,1021.6,70.3,0,0
763,2021-11-25 20:00,4.5,0,.1,0,1017.7,1022.4,77.4,0,0
763,2021-11-25 21:00,3,0,.1,0,1018.3,1023.1,86.2,0,0
763,2021-11-25 22:00,2.8,0,.2,0,1018.9,1023.7,86.3,0,0
763,2021-11-25 23:00,1.8,0,0,0,1019,1023.8,91.2,0,0
763,2021-11-26 00:00,1.4,0,.1,0,1019.2,1024,91.4,0,0
763,2021-11-26 01:00,.9,0,.2,0,1019.6,1024.4,93.7,0,0
763,2021-11-26 02:00,.7,0,0,0,1019.8,1024.6,96.7,0,0
763,2021-11-26 03:00,.4,33.3,.7,0,1020.6,1025.4,98.9,0,0
763,2021-11-26 04:00,-.4,0,0,0,1020.8,1025.6,99.3,0,0
763,2021-11-26 05:00,-.4,0,0,0,1021.2,1026.1,99.9,0,0
763,2021-11-26 06:00,-1.1,0,.1,0,1021.7,1026.6,99.5,0,0
763,2021-11-26 07:00,-1.4,0,0,0,1022.1,1027,99.5,0,0
763,2021-11-26 08:00,-.9,0,0,0,1022.6,1027.5,98,0,0
763,2021-11-26 09:00,1.2,0,.1,0,1023.3,1028.1,92.9,0,0
763,2021-11-26 10:00,4.9,0,.2,0,1023.8,1028.6,69.3,0,0
763,2021-11-26 11:00,6.8,,,0,1023.6,1028.3,55.3,0,0
763,2021-11-26 12:00,8.5,,,0,1023.1,1027.8,38.4,0,0
763,2021-11-26 13:00,9.3,350.7,1.8,0,1022.3,1027,37.5,0,0
763,2021-11-26 14:00,9.6,327.4,1.6,0,1022.5,1027.2,37.9,0,0
763,2021-11-26 15:00,9.7,294.5,1.4,0,1022.4,1027.1,39.2,0,0
763,2021-11-26 16:00,10.1,253.8,1.5,0,1023.1,1027.8,43.9,0,0
763,2021-11-26 17:00,9.4,243.1,1,0,1023.4,1028.1,51.9,0,0
763,2021-11-26 18:00,8.2,0,.4,0,1024.1,1028.8,60.5,0,0
763,2021-11-26 19:00,5.8,0,.2,0,1024.7,1029.5,73.2,0,0
763,2021-11-26 20:00,4.6,0,.3,0,1025.3,1030.1,80.4,0,0
763,2021-11-26 21:00,3.8,0,0,0,1025.7,1030.5,80.9,0,0
763,2021-11-26 22:00,2.9,0,.1,0,1026,1030.8,86.6,0,0
763,2021-11-26 23:00,1.1,0,0,0,1026.6,1031.5,93.8,0,0
763,2021-11-27 00:00,1.5,0,.1,0,1026.9,1031.7,96.3,0,0
763,2021-11-27 01:00,.8,0,0,0,1027,1031.9,96.3,0,0
763,2021-11-27 02:00,.5,0,.2,0,1027.5,1032.4,94.4,0,0
763,2021-11-27 03:00,-.4,0,.2,0,1027.7,1032.6,96.6,0,0
763,2021-11-27 04:00,-1,0,0,0,1028.2,1033.1,99.4,0,0
763,2021-11-27 05:00,-1.6,0,.1,0,1028.7,1033.6,99.5,0,0
763,2021-11-27 06:00,-1.9,0,.1,0,1029.3,1034.2,99,0,0
763,2021-11-27 07:00,-2.1,0,.1,0,1029.7,1034.6,98.6,0,0
763,2021-11-27 08:00,-1.7,0,0,0,1030.1,1035,99.8,0,0
763,2021-11-27 09:00,1,0,.3,0,1030.6,1035.5,96.1,0,0
763,2021-11-27 10:00,4.2,19.4,.9,0,1031.1,1035.9,69.8,0,0
763,2021-11-27 11:00,6.1,358.2,1.9,0,1031,1035.8,48.1,0,0
763,2021-11-27 12:00,7.6,23.5,1.9,0,1030.4,1035.1,46.4,0,0
763,2021-11-27 13:00,8.4,.1,1.6,0,1029.9,1034.6,42.6,0,0
763,2021-11-27 14:00,8.8,326.2,1.4,0,1029.5,1034.2,37.1,0,0
763,2021-11-27 15:00,9.5,.3,1.8,0,1029.4,1034.1,32.1,0,0
763,2021-11-27 16:00,9.7,348.1,1.3,0,1029.7,1034.4,30.2,0,0
763,2021-11-27 17:00,7.4,277,.6,0,1030.1,1034.8,43.9,0,0
763,2021-11-27 18:00,4.2,0,.1,0,1030.4,1035.2,62.5,0,0
763,2021-11-27 19:00,2.2,0,.2,0,1031,1035.8,69.4,0,0
763,2021-11-27 20:00,1.4,0,.1,0,1031.5,1036.4,71,0,0
763,2021-11-27 21:00,.8,0,0,0,1031.9,1036.8,78.1,0,0
763,2021-11-27 22:00,-.1,0,0,0,1032.1,1037,84.5,0,0
763,2021-11-27 23:00,-1,0,0,0,1032.2,1037.1,88.2,0,0
763,2021-11-28 00:00,-1.2,0,.1,0,1032.2,1037.1,90.2,0,0
763,2021-11-28 01:00,-2,0,.1,0,1031.9,1036.8,91.6,0,0
763,2021-11-28 02:00,-2.2,0,0,0,1031.9,1036.8,93,0,0
763,2021-11-28 03:00,-2.7,0,0,0,1031.9,1036.8,96,0,0
763,2021-11-28 04:00,-2.6,0,0,0,1031.6,1036.5,96.9,0,0
763,2021-11-28 05:00,-3.2,0,.1,0,1031.4,1036.4,97.7,0,0
763,2021-11-28 06:00,-3,0,0,0,1031.3,1036.3,97.9,0,0
763,2021-11-28 07:00,-3.7,0,.1,0,1031.6,1036.6,97,0,0
763,2021-11-28 08:00,-3.3,0,0,0,1031.6,1036.6,97.8,0,0
763,2021-11-28 09:00,-.1,0,.3,0,1031.8,1036.7,79.5,0,0
763,2021-11-28 10:00,2.7,338.6,.5,0,1032.3,1037.1,72.8,0,0
763,2021-11-28 11:00,5.9,0,.3,0,1032.4,1037.2,62.3,0,0
763,2021-11-28 12:00,9.9,0,.2,0,1031.3,1036,48.1,0,0
763,2021-11-28 13:00,11.9,356.3,1.2,0,1029.8,1034.5,41.4,0,0
763,2021-11-28 14:00,12.3,300.6,1.5,0,1029.1,1033.8,35,0,0
763,2021-11-28 15:00,11.9,294.8,1.8,0,1028.6,1033.3,35,0,0
763,2021-11-28 16:00,11.7,282.1,.8,0,1028.4,1033.1,34.3,0,0
763,2021-11-28 17:00,9.2,0,0,0,1028.4,1033.1,51.5,0,0
763,2021-11-28 18:00,7.4,0,.2,0,1028.6,1033.3,59.9,0,0
763,2021-11-28 19:00,5.1,0,.1,0,1028.6,1033.4,67.4,0,0
763,2021-11-28 20:00,4.2,0,.1,0,1028.3,1033.1,69.5,0,0
763,2021-11-28 21:00,2.7,0,.1,0,1028.4,1033.2,74.9,0,0
763,2021-11-28 22:00,2.1,0,0,0,1028.3,1033.1,79.4,0,0
763,2021-11-28 23:00,1.1,0,0,0,1027.9,1032.8,85.4,0,0
763,2021-11-29 00:00,.8,0,0,0,1027.7,1032.6,88.8,0,0
763,2021-11-29 01:00,.2,0,.1,0,1027.1,1032,92.7,0,0
763,2021-11-29 02:00,-.6,0,.2,0,1026.9,1031.8,95.5,0,0
763,2021-11-29 03:00,-1,0,0,0,1026.8,1031.7,96.1,0,0
763,2021-11-29 04:00,-1.2,0,0,0,1026.5,1031.4,98.5,0,0
763,2021-11-29 05:00,-1.1,0,0,0,1026.1,1031,99.6,0,0
763,2021-11-29 06:00,-2,0,.1,0,1026.1,1031,97.9,0,0
763,2021-11-29 07:00,-1.9,0,0,0,1026,1030.9,99.7,0,0
763,2021-11-29 08:00,-1.4,0,.1,0,1026.2,1031.1,99.9,0,0
763,2021-11-29 09:00,1.7,0,0,0,1025.9,1030.7,93.5,0,0
763,2021-11-29 10:00,4.5,280,.5,0,1025.6,1030.4,81.7,0,0
763,2021-11-29 11:00,7.8,34.7,1.1,0,1025.1,1029.8,70.4,0,0
763,2021-11-29 12:00,9.9,23.5,1.3,0,1024.2,1028.9,60.6,0,0
763,2021-11-29 13:00,12.4,37.1,1,0,1022.7,1027.3,50.1,0,0
763,2021-11-29 14:00,12.7,357,1.5,0,1021.7,1026.3,49.9,0,0
763,2021-11-29 15:00,12.9,347.9,1.6,0,1021.2,1025.8,49.8,0,0
763,2021-11-29 16:00,13.1,339.9,1.1,0,1021,1025.6,50.7,0,0
763,2021-11-29 17:00,11.9,0,.3,0,1021.2,1025.8,56.8,0,0
763,2021-11-29 18:00,7.7,0,0,0,1021.6,1026.3,76.2,0,0
763,2021-11-29 19:00,7.1,0,.1,0,1021,1025.7,78.3,0,0
763,2021-11-29 20:00,5,0,.1,0,1020.6,1025.4,87.4,0,0
763,2021-11-29 21:00,4.1,0,.1,0,1020.2,1025,92,0,0
763,2021-11-29 22:00,4.4,0,0,0,1019.9,1024.7,90.6,0,0
763,2021-11-29 23:00,4.7,0,.2,0,1018.9,1023.6,88.5,0,0
763,2021-11-30 00:00,3.9,0,.1,0,1018.3,1023.1,92.4,0,0
763,2021-11-30 01:00,7.3,134.4,.9,0,1016,1020.7,76,0,0
763,2021-11-30 02:00,12,158.6,1.6,0,1015.3,1019.9,57.4,0,0
763,2021-11-30 03:00,8.4,158.3,1.5,0,1013.7,1018.4,74.6,0,0
763,2021-11-30 04:00,13,159.9,2.5,0,1012.2,1016.8,63.3,0,0
763,2021-11-30 05:00,13.4,160.4,2.8,0,1010.2,1014.7,65.8,0,0
763,2021-11-30 06:00,13.5,153.5,3.1,0,1008.5,1013,68.6,0,0
763,2021-11-30 07:00,12.6,161.3,3,0,1007.7,1012.2,83,0,0
763,2021-11-30 08:00,12.2,157.2,2.3,3,1006.7,1011.3,94.1,0,0
763,2021-11-30 09:00,12.5,193.5,2.8,5.5,1007.3,1011.9,97.3,0,0
763,2021-11-30 10:00,11,264.9,2.1,1.5,1008.1,1012.7,95.3,0,0
763,2021-11-30 11:00,10.9,251.2,1.8,1.5,1007.8,1012.4,98,0,0
763,2021-11-30 12:00,10,260.1,2.6,3,1007.1,1011.7,97,0,0
763,2021-11-30 13:00,10.4,200.6,.9,.5,1004.9,1009.5,90.5,0,0
763,2021-11-30 14:00,10.3,261.1,2.9,2,1005,1009.6,95.7,0,0
763,2021-11-30 15:00,9.8,271.1,4,0,1005.5,1010.1,84.9,0,0
763,2021-11-30 16:00,8.7,280.5,5.7,0,1006.4,1011,84.2,0,0
763,2021-11-30 17:00,7.3,277.9,4.1,.5,1007.5,1012.1,88.6,0,0
763,2021-11-30 18:00,6.5,278.2,2.8,0,1009,1013.7,83.6,0,0
763,2021-11-30 19:00,6.3,278.5,4,0,1010.3,1015,67.6,0,0
763,2021-11-30 20:00,5.8,268.5,4.9,0,1011.2,1015.9,67.1,0,0
763,2021-11-30 21:00,4.2,337.3,2.3,0,1012.1,1016.8,77.9,0,0
763,2021-11-30 22:00,3.6,307.8,1.8,0,1012.6,1017.3,82.2,0,0
763,2021-11-30 23:00,3.1,277.4,2.7,0,1013,1017.7,85.8,0,0
763,2021-12-01 00:00,2.8,324.1,1.5,0,1013.6,1018.4,88.3,0,0
763,2021-12-01 01:00,1.8,284,1,0,1013.9,1018.7,92.4,0,0
763,2021-12-01 02:00,2,262.9,1.1,0,1014,1018.8,88.1,0,0
763,2021-12-01 03:00,2.5,311.4,1.6,0,1014.8,1019.6,73.1,0,0
763,2021-12-01 04:00,2.5,334.8,2,0,1015,1019.8,67.3,0,0
763,2021-12-01 05:00,2.6,306.5,1.8,0,1015.4,1020.2,63,0,0
763,2021-12-01 06:00,2.3,339.4,2.4,0,1016.1,1020.9,59.8,0,0
763,2021-12-01 07:00,1.9,325,1.8,0,1016.9,1021.7,58,0,0
763,2021-12-01 08:00,1.9,329.9,1.3,0,1017.9,1022.7,60.8,0,0
763,2021-12-01 09:00,1.6,333,3.2,0,1018.7,1023.5,66.5,0,0
763,2021-12-01 10:00,2.5,350,2.8,0,1019.4,1024.2,62.2,0,0
763,2021-12-01 11:00,3.6,331.3,3.3,0,1019.5,1024.3,54.5,0,0
763,2021-12-01 12:00,3.7,339.9,3.2,0,1019.2,1024,51.8,0,0
763,2021-12-01 13:00,3.6,320.9,3.6,0,1019,1023.8,50.7,0,0
763,2021-12-01 14:00,3.5,347.7,3.3,0,1019,1023.8,52.8,0,0
763,2021-12-01 15:00,3,357.1,3.1,0,1019.2,1024,56.4,0,0
763,2021-12-01 16:00,2.9,324.1,2.7,0,1019.5,1024.3,52,0,0
763,2021-12-01 17:00,1.7,339.7,1.4,0,1019.8,1024.6,58.9,0,0
763,2021-12-01 18:00,1.2,347.7,1.5,0,1020.6,1025.4,61.1,0,0
763,2021-12-01 19:00,-.9,1.4,.5,0,1021.3,1026.2,73.8,0,0
763,2021-12-01 20:00,-1.9,0,0,0,1021.4,1026.3,81.7,0,0
763,2021-12-01 21:00,-2.6,0,.1,0,1021.7,1026.6,89.5,0,0
763,2021-12-01 22:00,-3.1,0,.1,0,1021.8,1026.7,91.6,0,0
763,2021-12-01 23:00,-3,0,.3,0,1021.8,1026.7,84.8,0,0
763,2021-12-02 00:00,-3.2,0,.4,0,1021.7,1026.6,87.2,0,0
763,2021-12-02 01:00,-4.1,0,0,0,1021.2,1026.1,91.7,0,0
763,2021-12-02 02:00,-4.1,0,.2,0,1021,1025.9,89.7,0,0
763,2021-12-02 03:00,-3.1,0,0,0,1020.5,1025.4,90.8,0,0
763,2021-12-02 04:00,-1.9,0,0,0,1020.2,1025.1,87.8,0,0
763,2021-12-02 05:00,-1.4,0,.3,0,1019.8,1024.7,85,0,0
763,2021-12-02 06:00,-1.6,302.6,.8,0,1019.8,1024.7,88.6,0,0
763,2021-12-02 07:00,-1.4,0,0,0,1019.8,1024.7,84.3,0,0
763,2021-12-02 08:00,-1.3,0,.4,0,1019.7,1024.6,86.1,0,0
763,2021-12-02 09:00,-.4,0,.3,0,1019.7,1024.5,81.1,0,0
763,2021-12-02 10:00,.7,28.7,.7,0,1019.3,1024.1,79.2,0,0
763,2021-12-02 11:00,2.9,274.9,.5,0,1018.7,1023.5,66.2,0,0
763,2021-12-02 12:00,5,173.7,.8,0,1017.6,1022.3,59.2,0,0
763,2021-12-02 13:00,6.1,256.4,1.2,0,1016.9,1021.6,57.2,0,0
763,2021-12-02 14:00,6.4,250.1,1.9,0,1015.9,1020.6,55.4,0,0
763,2021-12-02 15:00,6.7,257.7,1.8,0,1015.6,1020.3,57.3,0,0
763,2021-12-02 16:00,6.4,201.5,.7,0,1015.1,1019.8,61.5,0,0
763,2021-12-02 17:00,6,212.6,.8,0,1014.7,1019.4,65.5,0,0
763,2021-12-02 18:00,5.4,160.9,.8,0,1014.4,1019.1,68.2,0,0
763,2021-12-02 19:00,5.7,171.3,1.9,0,1013.8,1018.5,70.7,0,0
763,2021-12-02 20:00,5.7,163,1.8,0,1013.5,1018.2,68.2,0,0
763,2021-12-02 21:00,6.2,167.1,2.1,0,1013.3,1018,64.2,0,0
763,2021-12-02 22:00,5.5,167.4,1.4,0,1013.4,1018.1,75,0,0
763,2021-12-02 23:00,4.6,218.3,.9,3.5,1013.7,1018.4,92,0,0
763,2021-12-03 00:00,5.7,164.1,2.5,.5,1012.8,1017.5,81.9,0,0
763,2021-12-03 01:00,6.1,179.2,1.6,0,1012.1,1016.8,79.7,0,0
763,2021-12-03 02:00,6.3,236.3,1.9,.5,1012.5,1017.2,87.7,0,0
763,2021-12-03 03:00,6.5,206.6,1.1,0,1011.9,1016.6,85.1,0,0
763,2021-12-03 04:00,5.9,219.8,1.2,0,1012,1016.7,90.5,0,0
763,2021-12-03 05:00,4.8,151.6,.5,0,1012.1,1016.8,88.3,0,0
763,2021-12-03 06:00,6.4,220.7,1,0,1011.6,1016.3,77.2,0,0
763,2021-12-03 07:00,6.3,323.9,2,0,1013.4,1018.1,79.7,0,0
763,2021-12-03 08:00,3.9,23.6,.7,0,1014.4,1019.1,95.5,0,0
763,2021-12-03 09:00,5.1,29.7,1,0,1015,1019.7,87.1,0,0
763,2021-12-03 10:00,6.6,340.9,1.4,0,1015.6,1020.3,67.2,0,0
763,2021-12-03 11:00,7.2,20.2,2.3,0,1016,1020.7,66.2,0,0
763,2021-12-03 12:00,7.6,332.1,2.7,0,1015.4,1020.1,54.1,0,0
763,2021-12-03 13:00,7.6,277.9,3.2,0,1014.8,1019.5,51.6,0,0
763,2021-12-03 14:00,8.4,285.9,5.3,0,1014.5,1019.2,45.7,0,0
763,2021-12-03 15:00,7.1,293.7,4.8,0,1014.9,1019.6,47.4,0,0
763,2021-12-03 16:00,6.5,308.5,3.2,0,1015.9,1020.6,52.2,0,0
763,2021-12-03 17:00,4.6,302.4,2,0,1016.8,1021.5,57.9,0,0
763,2021-12-03 18:00,3.5,337.7,2.2,0,1017.9,1022.7,59.1,0,0
763,2021-12-03 19:00,3,314,2.4,0,1018.8,1023.6,59.5,0,0
763,2021-12-03 20:00,2.6,324,1,0,1019.2,1024,53.8,0,0
763,2021-12-03 21:00,-.3,0,.1,0,1019.6,1024.4,73.8,0,0
763,2021-12-03 22:00,-1.3,0,.2,0,1020.1,1025,85.2,0,0
763,2021-12-03 23:00,-1.3,0,0,0,1020.5,1025.4,82.7,0,0
763,2021-12-04 00:00,.7,0,.1,0,1020.7,1025.5,72.6,0,0
763,2021-12-04 01:00,1,0,0,0,1020.6,1025.4,77.6,0,0
763,2021-12-04 02:00,-.9,0,0,0,1021,1025.9,83.7,0,0
763,2021-12-04 03:00,-1.8,0,.1,0,1021.2,1026.1,89.1,0,0
763,2021-12-04 04:00,-2,0,0,0,1021.2,1026.1,84.8,0,0
763,2021-12-04 05:00,-2.3,0,.1,0,1021,1025.9,83.4,0,0
763,2021-12-04 06:00,-2.5,0,.1,0,1021.2,1026.1,83.2,0,0
763,2021-12-04 07:00,-2.5,0,0,0,1021.8,1026.7,83,0,0
763,2021-12-04 08:00,-3.2,0,0,0,1022.3,1027.2,91.2,0,0
763,2021-12-04 09:00,-.7,273.6,.5,0,1023.1,1028,77.3,0,0
763,2021-12-04 10:00,2,15.9,1,0,1023.5,1028.3,75.2,0,0
763,2021-12-04 11:00,1.9,21.2,.7,0,1023.4,1028.2,78.9,0,0
763,2021-12-04 12:00,3.5,25.7,1.6,0,1023,1027.8,71.9,0,0
763,2021-12-04 13:00,3.8,25.1,1.2,0,1022.5,1027.3,68.5,0,0
763,2021-12-04 14:00,5.2,0,.4,0,1022.3,1027.1,66,0,0
763,2021-12-04 15:00,5.1,348,1.9,0,1022.4,1027.2,59.2,0,0
763,2021-12-04 16:00,4.4,342.6,1.2,0,1022.7,1027.5,65.5,0,0
763,2021-12-04 17:00,3.6,325,.9,0,1023,1027.8,71.9,0,0
763,2021-12-04 18:00,1.2,0,.1,0,1023.3,1028.1,85.3,0,0
763,2021-12-04 19:00,.1,0,.1,0,1023.7,1028.6,88.1,0,0
763,2021-12-04 20:00,-.9,0,.3,0,1024.1,1029,94.6,0,0
763,2021-12-04 21:00,-1.2,0,0,0,1024.6,1029.5,96.6,0,0
763,2021-12-04 22:00,-1.7,0,.1,0,1024.8,1029.7,98.4,0,0
763,2021-12-04 23:00,-2.1,0,0,0,1025.2,1030.1,98.7,0,0
763,2021-12-05 00:00,-2.4,0,0,0,1025.5,1030.4,99.1,0,0
763,2021-12-05 01:00,-2.6,0,.2,0,1025.2,1030.1,99.6,0,0
763,2021-12-05 02:00,-3.2,0,0,0,1025.2,1030.1,99.4,0,0
763,2021-12-05 03:00,-3.4,0,.1,0,1025,1029.9,98.9,0,0
763,2021-12-05 04:00,-4.1,0,0,0,1025.3,1030.2,98,0,0
763,2021-12-05 05:00,-4.4,0,0,0,1025.4,1030.4,97.2,0,0
763,2021-12-05 06:00,-4.2,0,0,0,1025.8,1030.7,98.2,0,0
763,2021-12-05 07:00,-4.4,0,0,0,1026.2,1031.2,97.6,0,0
763,2021-12-05 08:00,-4.2,0,0,0,1026.5,1031.5,97.7,0,0
763,2021-12-05 09:00,-1.6,0,.4,0,1026.9,1031.8,98.6,0,0
763,2021-12-05 10:00,0,30.6,.7,0,1027.2,1032.1,87.2,0,0
763,2021-12-05 11:00,2.5,35.1,.7,0,1027.2,1032,78,0,0
763,2021-12-05 12:00,5.4,29.9,1.3,0,1026.5,1031.3,68.2,0,0
763,2021-12-05 13:00,6.5,39.7,1.1,0,1025.7,1030.4,47.9,0,0
763,2021-12-05 14:00,7.7,43.8,.9,0,1024.9,1029.6,43.5,0,0
763,2021-12-05 15:00,8.1,350.3,.7,0,1024.5,1029.2,45,0,0
763,2021-12-05 16:00,8.4,25.5,1.4,0,1024.2,1028.9,43.4,0,0
763,2021-12-05 17:00,6.6,0,.4,0,1024.3,1029,51.3,0,0
763,2021-12-05 18:00,3.6,0,0,0,1024.5,1029.3,66.6,0,0
763,2021-12-05 19:00,1.4,0,0,0,1024.6,1029.4,78.8,0,0
763,2021-12-05 20:00,.5,0,.1,0,1024.4,1029.3,79.6,0,0
763,2021-12-05 21:00,0,0,0,0,1024.4,1029.3,83.3,0,0
763,2021-12-05 22:00,-1.1,0,.1,0,1024.4,1029.3,87.7,0,0
763,2021-12-05 23:00,-1.3,0,0,0,1024.4,1029.3,90.9,0,0
763,2021-12-06 00:00,-1.7,0,0,0,1024.1,1029,92.3,0,0
763,2021-12-06 01:00,-2.1,0,.1,0,1023.8,1028.7,93.2,0,0
763,2021-12-06 02:00,-2.1,0,.1,0,1023.6,1028.5,95.8,0,0
763,2021-12-06 03:00,-1.3,0,0,0,1023.7,1028.6,94.8,0,0
763,2021-12-06 04:00,-.1,0,.3,0,1023.3,1028.2,90.5,0,0
763,2021-12-06 05:00,-1.6,0,0,0,1023.3,1028.2,96.6,0,0
763,2021-12-06 06:00,-2,0,0,0,1023.2,1028.1,98.4,0,0
763,2021-12-06 07:00,-1.3,0,0,0,1023.8,1028.7,98.7,0,0
763,2021-12-06 08:00,-.6,0,.1,0,1023.6,1028.5,96.3,0,0
763,2021-12-06 09:00,1.2,0,.2,0,1023.9,1028.7,87.6,0,0
763,2021-12-06 10:00,3.4,24.9,.9,0,1024,1028.8,79.9,0,0
763,2021-12-06 11:00,4.8,60.2,.9,0,1024,1028.8,76.4,0,0
763,2021-12-06 12:00,8.1,28.6,.8,0,1023.1,1027.8,67.1,0,0
763,2021-12-06 13:00,10.4,33.7,1.3,0,1022.4,1027.1,62,0,0
763,2021-12-06 14:00,11.3,19.1,1.3,0,1021.9,1026.5,55.8,0,0
763,2021-12-06 15:00,11.8,359,1.4,0,1021.7,1026.3,54.2,0,0
763,2021-12-06 16:00,11.6,19.2,1.1,0,1021.8,1026.4,56.2,0,0
763,2021-12-06 17:00,9.1,0,0,0,1022,1026.7,67.6,0,0
763,2021-12-06 18:00,6.3,0,0,0,1022.1,1026.8,80.4,0,0
763,2021-12-06 19:00,4.8,0,0,0,1022.7,1027.5,88,0,0
763,2021-12-06 20:00,4.3,0,.1,0,1022.7,1027.5,88.9,0,0
763,2021-12-06 21:00,3.2,0,.3,0,1023.1,1027.9,93.3,0,0
763,2021-12-06 22:00,2.8,0,.1,0,1023.1,1027.9,89.9,0,0
763,2021-12-06 23:00,1.9,290,.5,0,1023.4,1028.2,92.9,0,0
763,2021-12-07 00:00,1.2,0,0,0,1023.4,1028.2,94.7,0,0
763,2021-12-07 01:00,.2,0,.1,0,1023.5,1028.4,96.4,0,0
763,2021-12-07 02:00,.2,0,.1,0,1023.4,1028.3,98.5,0,0
763,2021-12-07 03:00,0,0,.2,0,1023.6,1028.5,99.6,0,0
763,2021-12-07 04:00,-.6,0,.2,0,1023.7,1028.6,99.9,0,0
763,2021-12-07 05:00,-.4,0,0,0,1024,1028.9,99.9,0,0
763,2021-12-07 06:00,-1.2,0,.1,0,1024.3,1029.2,99.9,0,0
763,2021-12-07 07:00,-.8,0,0,0,1024.8,1029.7,99.9,0,0
763,2021-12-07 08:00,-.8,0,.1,0,1025.2,1030.1,99.9,0,0
763,2021-12-07 09:00,.7,0,0,0,1025.8,1030.7,99.9,0,0
763,2021-12-07 10:00,4.6,0,.1,0,1026.1,1030.9,77.9,0,0
763,2021-12-07 11:00,7.3,359.2,.8,0,1025.6,1030.3,72.1,0,0
763,2021-12-07 12:00,9.4,2.2,1.8,0,1025,1029.7,62,0,0
763,2021-12-07 13:00,10.7,349.1,1.9,0,1024.5,1029.2,56.2,0,0
763,2021-12-07 14:00,11.9,9.2,1.2,0,1024.1,1028.7,52.8,0,0
763,2021-12-07 15:00,12.1,9.4,1.8,0,1024.3,1028.9,48.9,0,0
763,2021-12-07 16:00,11.8,348.3,1.2,0,1024.6,1029.2,46.6,0,0
763,2021-12-07 17:00,9.3,0,.4,0,1024.7,1029.4,58.4,0,0
763,2021-12-07 18:00,4.8,0,0,0,1025.5,1030.3,78.5,0,0
763,2021-12-07 19:00,4.6,0,.1,0,1026.2,1031,80,0,0
763,2021-12-07 20:00,3,0,.1,0,1026.3,1031.1,84.6,0,0
763,2021-12-07 21:00,2.8,0,.2,0,1026.3,1031.1,88.8,0,0
763,2021-12-07 22:00,1.5,0,.1,0,1026.7,1031.5,93.3,0,0
763,2021-12-07 23:00,1,0,0,0,1027,1031.9,95,0,0
763,2021-12-08 00:00,1,0,0,0,1027.2,1032.1,95.3,0,0
763,2021-12-08 01:00,.3,0,0,0,1027.1,1032,98.7,0,0
763,2021-12-08 02:00,.1,0,0,0,1027,1031.9,99.7,0,0
763,2021-12-08 03:00,-.4,0,0,0,1027.2,1032.1,99.9,0,0
763,2021-12-08 04:00,-.3,0,0,0,1027.5,1032.4,99.9,0,0
763,2021-12-08 05:00,-.8,0,0,0,1027.6,1032.5,99.9,0,0
763,2021-12-08 06:00,-1.3,0,0,0,1028,1032.9,99.9,0,0
763,2021-12-08 07:00,-1.3,0,0,0,1028.5,1033.4,99.9,0,0
763,2021-12-08 08:00,-1.3,0,0,0,1028.9,1033.8,99.9,0,0
763,2021-12-08 09:00,1,0,0,0,1029.5,1034.4,99.9,0,0
763,2021-12-08 10:00,5.1,0,.3,0,1029.9,1034.7,84.8,0,0
763,2021-12-08 11:00,6.9,29.7,.9,0,1029.8,1034.6,74.5,0,0
763,2021-12-08 12:00,9.9,350.3,1.5,0,1029.2,1033.9,69.5,0,0
763,2021-12-08 13:00,11.8,18.5,2.4,0,1028.3,1033,55.9,0,0
763,2021-12-08 14:00,12.9,26,2.1,0,1027.5,1032.1,50.7,0,0
763,2021-12-08 15:00,13.2,12.9,2.3,0,1027.3,1031.9,47,0,0
763,2021-12-08 16:00,12.7,335.3,1.8,0,1027.4,1032,49.1,0,0
763,2021-12-08 17:00,9.9,0,.2,0,1027.5,1032.2,59.3,0,0
763,2021-12-08 18:00,5.8,0,0,0,1027.6,1032.4,78.1,0,0
763,2021-12-08 19:00,3.7,0,0,0,1027.9,1032.7,85.3,0,0
763,2021-12-08 20:00,3.7,0,0,0,1028,1032.8,86.6,0,0
763,2021-12-08 21:00,2.5,0,0,0,1028.1,1032.9,89.6,0,0
763,2021-12-08 22:00,1.2,0,0,0,1028,1032.9,93.2,0,0
763,2021-12-08 23:00,1.9,0,0,0,1027.9,1032.7,95.5,0,0
763,2021-12-09 00:00,1.7,0,.1,0,1027.7,1032.5,96.6,0,0
763,2021-12-09 01:00,.7,0,0,0,1027.5,1032.4,95.8,0,0
763,2021-12-09 02:00,0,0,0,0,1027.6,1032.5,98.2,0,0
763,2021-12-09 03:00,-.3,0,0,0,1027.5,1032.4,99.8,0,0
763,2021-12-09 04:00,-.4,0,0,0,1027.3,1032.2,99.9,0,0
763,2021-12-09 05:00,-.8,0,.1,0,1026.9,1031.8,99.9,0,0
763,2021-12-09 06:00,-1.1,0,.1,0,1027.2,1032.1,99.9,0,0
763,2021-12-09 07:00,-1.5,0,.1,0,1027.7,1032.6,99.9,0,0
763,2021-12-09 08:00,-.3,0,0,0,1027.9,1032.8,99.9,0,0
763,2021-12-09 09:00,1.3,0,.2,0,1028.1,1033,99.9,0,0
763,2021-12-09 10:00,4.6,29.6,.9,0,1028.2,1033,78.6,0,0
763,2021-12-09 11:00,6.6,0,.4,0,1028,1032.8,72.7,0,0
763,2021-12-09 12:00,8.8,19,1.1,0,1027.5,1032.2,66.2,0,0
763,2021-12-09 13:00,10.9,0,.3,0,1026.3,1031,59.1,0,0
763,2021-12-09 14:00,11.4,356.5,.8,0,1025.4,1030.1,55.6,0,0
763,2021-12-09 15:00,12,39.1,1.2,0,1024.6,1029.2,51.2,0,0
763,2021-12-09 16:00,11.4,64.4,.7,0,1023.9,1028.6,55.7,0,0
763,2021-12-09 17:00,10.2,0,.4,0,1023.9,1028.6,62.6,0,0
763,2021-12-09 18:00,7.6,0,.1,0,1023.4,1028.1,74.6,0,0
763,2021-12-09 19:00,6.1,0,0,0,1023.3,1028,81.9,0,0
763,2021-12-09 20:00,4.1,0,0,0,1023.1,1027.9,91.6,0,0
763,2021-12-09 21:00,4.5,0,.2,0,1022.9,1027.7,90.5,0,0
763,2021-12-09 22:00,3.2,0,0,0,1022.7,1027.5,95.7,0,0
763,2021-12-09 23:00,2.3,0,.1,0,1022.6,1027.4,96.5,0,0
763,2021-12-10 00:00,3.3,0,.2,0,1022.3,1027.1,94.6,0,0
763,2021-12-10 01:00,3,0,0,0,1021.9,1026.7,96.8,0,0
763,2021-12-10 02:00,3.8,0,.1,0,1021.8,1026.6,95.7,0,0
763,2021-12-10 03:00,4,0,0,0,1021.3,1026.1,93.5,0,0
763,2021-12-10 04:00,4.2,0,0,0,1021.1,1025.9,93.7,0,0
763,2021-12-10 05:00,4.8,0,0,0,1020.8,1025.5,91.4,0,0
763,2021-12-10 06:00,5,0,.2,0,1020.7,1025.5,93.4,0,0
763,2021-12-10 07:00,5.3,302.6,.6,0,1020.8,1025.6,92,0,0
763,2021-12-10 08:00,5.4,0,0,0,1021.3,1026.1,98.7,0,0
763,2021-12-10 09:00,5.7,0,.1,.5,1021.3,1026,99.9,0,0
763,2021-12-10 10:00,6.2,0,.4,.5,1021.7,1026.4,99.9,0,0
763,2021-12-10 11:00,6.3,0,.4,0,1021.7,1026.4,99.9,0,0
763,2021-12-10 12:00,6.9,0,.4,0,1021.3,1026,99.9,0,0
763,2021-12-10 13:00,7.8,0,.4,0,1021,1025.7,99.9,0,0
763,2021-12-10 14:00,9.4,120.9,.9,0,1020.5,1025.2,95.6,0,0
763,2021-12-10 15:00,11.4,269.1,1.3,0,1020.8,1025.4,83.9,0,0
763,2021-12-10 16:00,11.5,267.3,.9,0,1020.8,1025.4,82.9,0,0
763,2021-12-10 17:00,10.7,241.9,.8,0,1021.3,1026,84.2,0,0
763,2021-12-10 18:00,8.5,0,.1,0,1021.8,1026.5,97.5,0,0
763,2021-12-10 19:00,6.4,0,.3,0,1022.4,1027.1,99.9,0,0
763,2021-12-10 20:00,5.4,0,.3,0,1023,1027.8,99.9,0,0
763,2021-12-10 21:00,3.7,0,0,0,1023.1,1027.9,99.9,0,0
763,2021-12-10 22:00,3.4,0,.1,0,1023.2,1028,99.9,0,0
763,2021-12-10 23:00,3,0,0,0,1023.1,1027.9,99.9,0,0
763,2021-12-11 00:00,3.1,0,0,0,1022.8,1027.6,99.9,0,0
763,2021-12-11 01:00,2,0,.1,0,1022.7,1027.5,99.9,0,0
763,2021-12-11 02:00,2.5,0,.2,0,1023.2,1028,99.9,0,0
763,2021-12-11 03:00,3.1,0,.1,0,1023.3,1028.1,99.9,0,0
763,2021-12-11 04:00,3.2,0,.2,0,1022.9,1027.7,99.9,0,0
763,2021-12-11 05:00,2.8,0,.1,0,1022.9,1027.7,99.9,0,0
763,2021-12-11 06:00,2.9,0,.1,0,1023.2,1028,99.9,0,0
763,2021-12-11 07:00,2.7,0,.1,0,1023.7,1028.5,99.9,0,0
763,2021-12-11 08:00,3.1,0,0,0,1024.2,1029,99.9,0,0
763,2021-12-11 09:00,4.1,0,.1,0,1024.8,1029.6,99.9,0,0
763,2021-12-11 10:00,5.3,0,0,0,1025,1029.8,99.9,0,0
763,2021-12-11 11:00,5.4,2.3,.7,0,1024.4,1029.2,99.9,0,0
763,2021-12-11 12:00,7.1,352.5,.5,0,1023.2,1027.9,99.9,0,0
763,2021-12-11 13:00,9.3,37.6,1.6,0,1022.8,1027.5,84.6,0,0
763,2021-12-11 14:00,10.4,13.1,1.3,0,1021.6,1026.3,68.2,0,0
763,2021-12-11 15:00,10.3,311,1.1,0,1021.5,1026.2,68.1,0,0
763,2021-12-11 16:00,10.2,276.2,1.3,0,1021.7,1026.4,71.9,0,0
763,2021-12-11 17:00,9.7,261.9,.9,0,1021.7,1026.4,76,0,0
763,2021-12-11 18:00,9.1,0,.1,0,1021.7,1026.4,80.8,0,0
763,2021-12-11 19:00,7.9,0,0,0,1021.6,1026.3,90.7,0,0
763,2021-12-11 20:00,7.2,0,.1,0,1021.7,1026.4,94.5,0,0
763,2021-12-11 21:00,6.2,0,0,0,1021.5,1026.2,98,0,0
763,2021-12-11 22:00,6.2,0,0,0,1022,1026.7,96.8,0,0
763,2021-12-11 23:00,5.3,0,.4,0,1022,1026.8,97,0,0
763,2021-12-12 00:00,5.1,0,0,0,1021.7,1026.5,98.3,0,0
763,2021-12-12 01:00,5.3,0,0,0,1021.3,1026.1,96.6,0,0
763,2021-12-12 02:00,4.9,0,0,0,1020.8,1025.5,97.1,0,0
763,2021-12-12 03:00,4,0,.4,0,1020.6,1025.4,99.3,0,0
763,2021-12-12 04:00,4.7,0,0,0,1020.4,1025.1,98.6,0,0
763,2021-12-12 05:00,3,0,.1,0,1020.5,1025.3,99.9,0,0
763,2021-12-12 06:00,4.4,0,.2,0,1020.9,1025.7,99.9,0,0
763,2021-12-12 07:00,2.7,0,.1,0,1021.4,1026.2,99.9,0,0
763,2021-12-12 08:00,4.5,0,.4,0,1021,1025.8,98.6,0,0
763,2021-12-12 09:00,5.5,0,.2,0,1021.3,1026,96.5,0,0
763,2021-12-12 10:00,5.5,27.7,1,0,1021.8,1026.6,97.3,0,0
763,2021-12-12 11:00,7.1,63,1.3,0,1021.8,1026.5,87.1,0,0
763,2021-12-12 12:00,8.1,4.3,2.1,0,1021.5,1026.2,64.9,0,0
763,2021-12-12 13:00,7.7,345.6,2.5,0,1021.2,1025.9,49.7,0,0
763,2021-12-12 14:00,8.3,296.5,3.6,0,1021.2,1025.9,47.6,0,0
763,2021-12-12 15:00,6.7,297.4,3.8,0,1021.7,1026.4,52.7,0,0
763,2021-12-12 16:00,5,282,5,0,1022.2,1027,53.6,0,0
763,2021-12-12 17:00,3.6,310.9,2,0,1022.8,1027.6,54.3,0,0
763,2021-12-12 18:00,1.7,296.9,1.1,0,1023.3,1028.1,60.3,0,0
763,2021-12-12 19:00,.8,336.1,1.6,0,1024.2,1029,57.1,0,0
763,2021-12-12 20:00,.1,340.9,1.3,0,1024.7,1029.6,55,0,0
763,2021-12-12 21:00,-1.1,0,.1,0,1025.3,1030.2,65,0,0
763,2021-12-12 22:00,-.4,318.7,1.3,0,1025.6,1030.5,60.6,0,0
763,2021-12-12 23:00,-.9,318.8,2.7,0,1025.7,1030.6,58.8,0,0
763,2021-12-13 00:00,-1.5,329.3,1.3,0,1025.9,1030.8,61.5,0,0
763,2021-12-13 01:00,-2,328,1.5,0,1025.6,1030.5,64.1,0,0
763,2021-12-13 02:00,-3.9,0,.1,0,1025.7,1030.6,78,0,0
763,2021-12-13 03:00,-5.1,0,0,0,1025.8,1030.8,87.8,0,0
763,2021-12-13 04:00,-5.7,0,0,0,1025.6,1030.6,90.9,0,0
763,2021-12-13 05:00,-5.7,0,0,0,1025.6,1030.6,88.4,0,0
763,2021-12-13 06:00,-6.4,0,.1,0,1025.8,1030.8,89.5,0,0
763,2021-12-13 07:00,-6.7,0,0,0,1026.1,1031.1,90.6,0,0
763,2021-12-13 08:00,-6.9,0,0,0,1026.8,1031.8,91.7,0,0
763,2021-12-13 09:00,-3.9,0,.2,0,1027.1,1032,71.6,0,0
763,2021-12-13 10:00,-1.4,34.5,.9,0,1027,1031.9,55.4,0,0
763,2021-12-13 11:00,-.3,31.5,1.6,0,1026.7,1031.6,50,0,0
763,2021-12-13 12:00,1,21.3,2,0,1025.8,1030.7,49.2,0,0
763,2021-12-13 13:00,1.1,25.1,2.3,0,1024.8,1029.6,45.7,0,0
763,2021-12-13 14:00,2.2,20,1.6,0,1023.8,1028.6,40.8,0,0
763,2021-12-13 15:00,3.3,14.2,2.2,0,1023.5,1028.3,33.3,0,0
763,2021-12-13 16:00,2.6,351.4,2.1,0,1023.6,1028.4,32.8,0,0
763,2021-12-13 17:00,1.4,352.3,.8,0,1023.7,1028.5,36.4,0,0
763,2021-12-13 18:00,-1.8,0,0,0,1023.9,1028.8,53.6,0,0
763,2021-12-13 19:00,-2.5,0,.4,0,1023.8,1028.7,64.4,0,0
763,2021-12-13 20:00,-2.9,0,0,0,1024,1028.9,60.8,0,0
763,2021-12-13 21:00,-3.6,0,.2,0,1023.9,1028.8,74.7,0,0
763,2021-12-13 22:00,-3.8,0,.1,0,1023.9,1028.8,70.8,0,0
763,2021-12-13 23:00,-4.1,0,.3,0,1023.6,1028.5,74.6,0,0
763,2021-12-14 00:00,-5.1,0,.1,0,1023.1,1028,83.3,0,0
763,2021-12-14 01:00,-5.4,0,.3,0,1022.8,1027.8,86.1,0,0
763,2021-12-14 02:00,-5.9,0,.1,0,1022.4,1027.4,85.8,0,0
763,2021-12-14 03:00,-5.6,0,.2,0,1022.2,1027.2,89,0,0
763,2021-12-14 04:00,-3.4,0,.4,0,1021.5,1026.4,85.2,0,0
763,2021-12-14 05:00,-3.1,298,.7,0,1020.9,1025.8,85.5,0,0
763,2021-12-14 06:00,-2.6,37.9,.9,0,1020.5,1025.4,85.3,0,0
763,2021-12-14 07:00,-2.4,31.5,.8,0,1020.6,1025.5,80.2,0,0
763,2021-12-14 08:00,-2,355.1,1.1,0,1020.8,1025.7,77.7,0,0
763,2021-12-14 09:00,-1.3,0,.1,0,1020.6,1025.5,74.9,0,0
763,2021-12-14 10:00,.8,0,0,0,1020.1,1024.9,67.9,0,0
763,2021-12-14 11:00,3.6,299.5,.9,0,1019.5,1024.3,63.4,0,0
763,2021-12-14 12:00,6.3,177.5,.9,0,1019,1023.7,54.4,0,0
763,2021-12-14 13:00,6.8,195.9,1.5,0,1018.1,1022.8,56.6,0,0
763,2021-12-14 14:00,7.7,167.5,1.9,0,1017.1,1021.8,55.6,0,0
763,2021-12-14 15:00,8.1,201.7,1.1,0,1017.1,1021.8,57.4,0,0
763,2021-12-14 16:00,8,224.6,1.4,0,1016.8,1021.5,59.6,0,0
763,2021-12-14 17:00,7.7,183.4,.9,0,1016.7,1021.4,62.2,0,0
763,2021-12-14 18:00,7.5,193.2,.9,0,1016.9,1021.6,65,0,0
763,2021-12-14 19:00,7.6,183.6,1.5,0,1016.9,1021.6,65.2,0,0
763,2021-12-14 20:00,7.4,178.2,2,0,1017.3,1022,66.5,0,0
763,2021-12-14 21:00,7.3,185.5,1.6,0,1017.5,1022.2,67.7,0,0
763,2021-12-14 22:00,7.3,185.4,1.6,0,1017.9,1022.6,67.2,0,0
763,2021-12-14 23:00,7.3,178.2,1.5,0,1017.8,1022.5,66.5,0,0
763,2021-12-15 00:00,7.1,165.5,1.1,0,1018.3,1023,67.5,0,0
763,2021-12-15 01:00,6.8,153.1,1.5,0,1017.8,1022.5,67.8,0,0
763,2021-12-15 02:00,7.2,166.3,2.2,0,1017.8,1022.5,67.9,0,0
763,2021-12-15 03:00,6.6,161.5,1.6,0,1017.6,1022.3,70.2,0,0
763,2021-12-15 04:00,7.6,167.8,1.6,0,1017.2,1021.9,71.3,0,0
763,2021-12-15 05:00,7.8,162.5,1.8,0,1016.4,1021.1,71.7,0,0
763,2021-12-15 06:00,7.9,162.8,1.6,0,1016.5,1021.2,71.1,0,0
763,2021-12-15 07:00,8.3,168.8,1.7,0,1017.2,1021.9,71.7,0,0
763,2021-12-15 08:00,8.4,169.3,2.3,0,1017,1021.7,72.2,0,0
763,2021-12-15 09:00,9.1,168.7,1.5,0,1017.5,1022.2,70.4,0,0
763,2021-12-15 10:00,10.4,167.1,2,0,1018,1022.6,68.9,0,0
763,2021-12-15 11:00,11.7,213.3,1.4,0,1018.3,1022.9,65.4,0,0
763,2021-12-15 12:00,12.8,225.4,1.9,0,1017.7,1022.3,61.5,0,0
763,2021-12-15 13:00,12.5,231.5,2.6,0,1017.2,1021.8,63.6,0,0
763,2021-12-15 14:00,12.9,228.2,2.2,0,1016.7,1021.3,64.1,0,0
763,2021-12-15 15:00,12,280.7,2.6,0,1016.5,1021.1,74,0,0
763,2021-12-15 16:00,11.7,273.8,1.6,0,1016.9,1021.5,72.9,0,0
763,2021-12-15 17:00,11,232.7,1,0,1017.2,1021.8,73,0,0
763,2021-12-15 18:00,8.2,0,.1,0,1017.4,1022.1,82.8,0,0
763,2021-12-15 19:00,5.9,0,.1,0,1017.1,1021.8,94.2,0,0
763,2021-12-15 20:00,4.9,0,.2,0,1017.8,1022.5,97,0,0
763,2021-12-15 21:00,4.4,0,0,0,1017.9,1022.6,99.3,0,0
763,2021-12-15 22:00,4.2,0,.2,0,1017.8,1022.5,99.9,0,0
763,2021-12-15 23:00,3.6,0,.1,0,1017.8,1022.6,99.9,0,0
763,2021-12-16 00:00,5,0,.2,0,1017.6,1022.3,99.9,0,0
763,2021-12-16 01:00,4.7,0,.1,0,1017.8,1022.5,99.9,0,0
763,2021-12-16 02:00,5,0,0,0,1017.3,1022,99.9,0,0
763,2021-12-16 03:00,4.9,0,.2,0,1017.6,1022.3,99.9,0,0
763,2021-12-16 04:00,4.6,0,0,0,1017,1021.7,99.9,0,0
763,2021-12-16 05:00,4.9,0,0,0,1017.2,1021.9,99.9,0,0
763,2021-12-16 06:00,5,0,0,0,1016.5,1021.2,99.9,0,0
763,2021-12-16 07:00,5.5,0,.1,0,1016.6,1021.3,99.9,0,0
763,2021-12-16 08:00,5.7,0,.4,0,1016.5,1021.2,99.9,0,0
763,2021-12-16 09:00,5.1,36,1.2,0,1016.4,1021.1,99.9,0,0
763,2021-12-16 10:00,6.2,66.6,.5,0,1016.4,1021.1,96.3,0,0
763,2021-12-16 11:00,6.7,0,.4,0,1016.5,1021.2,95.6,0,0
763,2021-12-16 12:00,8.7,25,.6,0,1015.2,1019.9,87.3,0,0
763,2021-12-16 13:00,10.5,9,.9,0,1014.8,1019.4,77.8,0,0
763,2021-12-16 14:00,10.9,256.8,1.5,0,1014.3,1018.9,62.8,0,0
763,2021-12-16 15:00,11.2,314.3,.9,0,1013.8,1018.4,63.2,0,0
763,2021-12-16 16:00,10.6,32,.9,0,1013.8,1018.4,63.8,0,0
763,2021-12-16 17:00,9.4,0,0,0,1013.7,1018.3,70.6,0,0
763,2021-12-16 18:00,7.2,0,.2,0,1013.2,1017.9,81.6,0,0
763,2021-12-16 19:00,5,0,.4,0,1014.3,1019,86.8,0,0
763,2021-12-16 20:00,6.6,128.4,.6,0,1013.8,1018.5,72.3,0,0
763,2021-12-16 21:00,4.5,0,.3,0,1013.6,1018.3,84.7,0,0
763,2021-12-16 22:00,2.8,0,.2,0,1013.9,1018.7,91.8,0,0
763,2021-12-16 23:00,3.2,0,0,0,1013.3,1018,90.6,0,0
763,2021-12-17 00:00,4.8,0,.1,0,1013.7,1018.4,82,0,0
763,2021-12-17 01:00,4.7,13.1,.5,0,1014.7,1019.4,85.4,0,0
763,2021-12-17 02:00,5.4,341.7,2.6,0,1015.3,1020,66.6,0,0
763,2021-12-17 03:00,5,326.9,2.8,0,1015.9,1020.6,60.9,0,0
763,2021-12-17 04:00,4.1,322.5,3.4,0,1016.5,1021.2,60,0,0
763,2021-12-17 05:00,2.7,328.1,3.1,0,1016.8,1021.6,58.6,0,0
763,2021-12-17 06:00,1.6,323.2,1.8,0,1017,1021.8,59.2,0,0
763,2021-12-17 07:00,.6,325.4,1.7,0,1017.6,1022.4,61.7,0,0
763,2021-12-17 08:00,-.3,309.2,2.3,0,1018.7,1023.5,54.6,0,0
763,2021-12-17 09:00,.4,326.5,2.1,0,1019.2,1024,49.3,0,0
763,2021-12-17 10:00,1,315.8,3.1,0,1020,1024.8,53.1,0,0
763,2021-12-17 11:00,1.1,334.6,3.6,0,1020.1,1024.9,41.2,0,0
763,2021-12-17 12:00,.2,322.7,3.7,0,1019.9,1024.7,44.4,0,0
763,2021-12-17 13:00,-.2,327.4,3.9,0,1019.2,1024,46.1,0,0
763,2021-12-17 14:00,-.8,315.8,3.6,0,1019.5,1024.4,48.5,0,0
763,2021-12-17 15:00,-1.4,356.3,3.9,0,1019.9,1024.8,56.4,0,0
763,2021-12-17 16:00,-3.2,326,2.5,0,1021.1,1026,78.6,0,0
763,2021-12-17 17:00,-3.6,325.3,1.7,0,1022,1026.9,91.3,0,0
763,2021-12-17 18:00,-4.2,329.7,2.1,0,1022.6,1027.5,76.5,0,0
763,2021-12-17 19:00,-4.7,352,2.3,0,1023.5,1028.4,79.5,0,0
763,2021-12-17 20:00,-5.2,336.3,1.9,0,1024.6,1029.6,67.3,0,0
763,2021-12-17 21:00,-5.2,339.1,1.8,0,1025.3,1030.3,65.2,0,0
763,2021-12-17 22:00,-5.6,337.9,.8,0,1025.4,1030.4,68.4,0,0
763,2021-12-17 23:00,-5.9,333.3,1.4,0,1025.9,1030.9,71.8,0,0
763,2021-12-18 00:00,-6.5,328.6,1.7,0,1026.6,1031.6,69.5,0,0
763,2021-12-18 01:00,-7.5,325,.7,0,1026.8,1031.8,72.9,0,0
763,2021-12-18 02:00,-8.1,0,.1,0,1026.7,1031.7,76.6,0,0
763,2021-12-18 03:00,-9.5,0,.1,0,1027.1,1032.2,87.9,0,0
763,2021-12-18 04:00,-10,0,0,0,1027.2,1032.3,88.9,0,0
763,2021-12-18 05:00,-10,0,.2,0,1026.9,1032,84.6,0,0
763,2021-12-18 06:00,-10.7,0,0,0,1026.4,1031.5,87.1,0,0
763,2021-12-18 07:00,-10.6,0,.2,0,1025.6,1030.7,89.3,0,0
763,2021-12-18 08:00,-10.8,0,.1,0,1026.4,1031.5,90.8,0,0
763,2021-12-18 09:00,-8.2,130.3,.5,0,1026.9,1031.9,74.6,0,13.4
763,2021-12-18 10:00,-5.8,91.3,1.3,0,1026.3,1031.3,54.7,0,-13.4
763,2021-12-18 11:00,-3.9,0,.4,0,1026.1,1031,33.5,0,13.4
763,2021-12-18 12:00,-1.4,150.2,.7,0,1024.9,1029.8,34.1,0,-13.4
763,2021-12-18 13:00,0,287.5,2.1,0,1024,1028.9,39.1,0,13.4
763,2021-12-18 14:00,1.1,169.3,1,0,1022.6,1027.4,48.7,0,-13.4
763,2021-12-18 15:00,1.1,191.1,1.3,0,1022,1026.8,52.7,0,13.4
763,2021-12-18 16:00,.7,191.3,.9,0,1021.4,1026.2,60.6,0,-13.4
763,2021-12-18 17:00,.2,216.7,1,0,1021.1,1025.9,72.2,0,13.4
763,2021-12-18 18:00,.1,178.9,1.3,0,1020.6,1025.4,76.6,0,-13.4
763,2021-12-18 19:00,-.1,203,1.1,0,1019.9,1024.7,86.3,0,13.4
763,2021-12-18 20:00,.1,177.6,1.4,0,1019.4,1024.2,90.6,0,-13.4
763,2021-12-18 21:00,.6,171.9,1.5,0,1019.1,1023.9,86.8,0,13.4
763,2021-12-18 22:00,.5,173.9,1.4,0,1018.9,1023.7,94,0,-13.4
763,2021-12-18 23:00,.6,199.9,1.2,0,1018.7,1023.5,90.7,0,13.4
763,2021-12-19 00:00,1.1,182.1,1.6,0,1018.2,1023,88.7,0,-13.4
763,2021-12-19 01:00,1.1,185.8,1.2,0,1018,1022.8,81.4,0,0
763,2021-12-19 02:00,2,202.1,.9,0,1018.1,1022.9,75.5,0,0
763,2021-12-19 03:00,2.1,226,.8,0,1018.2,1023,73.9,0,0
763,2021-12-19 04:00,1,341.8,1,0,1019.1,1023.9,95.5,0,0
763,2021-12-19 05:00,.4,0,.2,0,1019,1023.8,99.9,0,0
763,2021-12-19 06:00,.2,31.7,.7,0,1019.5,1024.3,99.9,0,0
763,2021-12-19 07:00,-1.8,0,.1,0,1019.9,1024.8,99.9,0,0
763,2021-12-19 08:00,-2.2,0,0,0,1020.4,1025.3,99.9,0,0
763,2021-12-19 09:00,-1.2,0,0,0,1021.1,1026,99.9,0,0
763,2021-12-19 10:00,.7,65.4,.8,0,1021.5,1026.3,77.1,0,0
763,2021-12-19 11:00,1.8,16.1,.7,0,1021.1,1025.9,65.2,0,0
763,2021-12-19 12:00,2.6,77.7,1.1,0,1020.5,1025.3,64.3,0,0
763,2021-12-19 13:00,4.1,274.2,1.4,0,1020.3,1025.1,62.2,0,0
763,2021-12-19 14:00,4.6,235.3,1.9,0,1019.9,1024.6,55.9,0,0
763,2021-12-19 15:00,4.9,212.4,1.1,0,1019.4,1024.1,56.2,0,0
763,2021-12-19 16:00,4.9,0,.4,0,1019,1023.7,57.4,0,0
763,2021-12-19 17:00,4.6,0,.4,0,1019,1023.7,54,0,0
763,2021-12-19 18:00,1.3,0,.1,0,1019.1,1023.9,72.2,0,0
763,2021-12-19 19:00,0,0,.2,0,1018.9,1023.7,80.9,0,0
763,2021-12-19 20:00,1.6,0,.3,0,1019,1023.8,70,0,0
763,2021-12-19 21:00,1.2,0,.3,0,1018.9,1023.7,74,0,0
763,2021-12-19 22:00,1.3,117.6,.5,0,1018.7,1023.5,71.2,0,0
763,2021-12-19 23:00,4.7,168.3,1.8,0,1018.4,1023.1,57.4,0,0
763,2021-12-20 00:00,4.8,166.1,2,0,1018.1,1022.8,57.7,0,0
763,2021-12-20 01:00,4.8,170.1,1.8,0,1017.9,1022.6,58.5,0,0
763,2021-12-20 02:00,5.2,176.8,2.1,0,1017.6,1022.3,59.7,0,0
763,2021-12-20 03:00,5.5,181.1,2,0,1017.5,1022.2,59.5,0,0
763,2021-12-20 04:00,5.8,171.4,2.2,0,1017.2,1021.9,59.7,0,0
763,2021-12-20 05:00,6.1,168.6,1.9,0,1016.9,1021.6,59.9,0,0
763,2021-12-20 06:00,5.9,173.7,1.9,0,1016.5,1021.2,63,0,0
763,2021-12-20 07:00,5.9,169.4,1.7,0,1016.1,1020.8,65.1,0,0
763,2021-12-20 08:00,6.9,171,1.9,0,1016.1,1020.8,62.5,0,0
763,2021-12-20 09:00,7.6,183.2,2.3,0,1016.1,1020.8,59.6,0,0
763,2021-12-20 10:00,8.6,176.1,2.3,0,1015.9,1020.6,59,0,0
763,2021-12-20 11:00,9.8,182.2,1.8,0,1015.6,1020.2,58.8,0,0
763,2021-12-20 12:00,10.3,190.3,1.9,0,1015.1,1019.7,59,0,0
763,2021-12-20 13:00,10.5,192.4,1.7,0,1014.4,1019,58.9,0,0
763,2021-12-20 14:00,10.9,204.9,1.9,0,1013.7,1018.3,57.7,0,0
763,2021-12-20 15:00,11.5,236.8,2.8,0,1013.5,1018.1,55,0,0
763,2021-12-20 16:00,11.5,233.8,2.7,0,1013.5,1018.1,56.5,0,0
763,2021-12-20 17:00,10.9,235.9,2.7,0,1013.4,1018,60.4,0,0
763,2021-12-20 18:00,10.6,190.4,1.8,0,1013.4,1018,62.4,0,0
763,2021-12-20 19:00,9.4,168.5,1.3,0,1013.2,1017.8,67,0,0
763,2021-12-20 20:00,9.2,170.8,1.6,0,1013.3,1017.9,66.1,0,0
763,2021-12-20 21:00,9.2,174.1,1.9,0,1013.5,1018.1,65.9,0,0
763,2021-12-20 22:00,9.1,180.4,1.5,0,1013.8,1018.4,65.8,0,0
763,2021-12-20 23:00,9.2,182.3,1.5,0,1013.9,1018.5,66.6,0,0
763,2021-12-21 00:00,9.3,187.9,1.4,0,1013.7,1018.3,69.1,0,0
763,2021-12-21 01:00,8.6,170,1.2,0,1013.4,1018,70.5,0,0
763,2021-12-21 02:00,8.7,169.7,1.7,0,1013.1,1017.7,72,0,0
763,2021-12-21 03:00,8.9,173.6,1.3,0,1012.8,1017.4,72.5,0,0
763,2021-12-21 04:00,8.9,188.4,1,0,1012.4,1017,74,0,0
763,2021-12-21 05:00,8.7,201.6,.7,0,1012.4,1017,77.7,0,0
763,2021-12-21 06:00,7.1,0,.4,0,1012.3,1017,83.5,0,0
763,2021-12-21 07:00,7.6,0,.4,0,1012.5,1017.2,83.4,0,0
763,2021-12-21 08:00,8.2,177.2,1,0,1012.8,1017.5,79.9,0,0
763,2021-12-21 09:00,8.6,0,.4,0,1013,1017.6,80.6,0,0
763,2021-12-21 10:00,9.9,206,1,0,1013.5,1018.1,75.5,0,0
763,2021-12-21 11:00,10.9,206.1,.7,0,1013.8,1018.4,72.7,0,0
763,2021-12-21 12:00,11.1,237,1.2,0,1012.1,726,74.4,0,0
763,2021-12-21 13:00,12.4,242.3,1.8,0,1011.6,1016.2,65.7,0,0
763,2021-12-21 14:00,12.5,233.3,1.4,0,1011.4,1016,59.1,0,0
763,2021-12-21 15:00,12.2,256.6,2.3,0,1011.6,1016.2,57.8,0,0
763,2021-12-21 16:00,11.7,234.4,1.7,0,1011.9,1016.5,55.1,0,0
763,2021-12-21 17:00,10.2,253.7,1.8,0,1012.7,1017.3,61,0,0
763,2021-12-21 18:00,7.9,0,.3,0,1013.7,1018.4,71.8,0,0
763,2021-12-21 19:00,4.4,0,.1,0,1014.3,1019,86.1,0,0
763,2021-12-21 20:00,3.2,0,.2,0,1015.2,1020,96.1,0,0
763,2021-12-21 21:00,2.1,0,.1,0,1015.8,1020.6,96.1,0,0
763,2021-12-21 22:00,.1,0,0,0,1016.2,1021,97.5,0,0
763,2021-12-21 23:00,-.4,0,0,0,1016.3,1021.1,94.5,0,0
763,2021-12-22 00:00,-.8,0,.1,0,1016.6,1021.4,90,0,0
763,2021-12-22 01:00,-1.8,0,.1,0,1016.5,1021.4,92.8,0,0
763,2021-12-22 02:00,-2.3,0,0,0,1016.8,1021.7,91.3,0,0
763,2021-12-22 03:00,-3.1,0,0,0,1016.9,1021.8,91.5,0,0
763,2021-12-22 04:00,-3.1,0,0,0,1016.7,1021.6,92.9,0,0
763,2021-12-22 05:00,-3.1,0,.1,0,1017.1,1022,95.5,0,0
763,2021-12-22 06:00,-3.7,0,0,0,1017.3,1022.2,95,0,0
763,2021-12-22 07:00,-3.9,0,.2,0,1017.8,1022.7,94.4,0,0
763,2021-12-22 08:00,-4.3,0,0,0,1018.3,1023.2,95.2,0,0
763,2021-12-22 09:00,-1,0,.1,0,1018.7,1023.6,80.1,0,0
763,2021-12-22 10:00,1,65.3,1,0,1019.2,1024,64.4,0,0
763,2021-12-22 11:00,3.5,5.7,.8,0,1019,1023.8,60.9,0,0
763,2021-12-22 12:00,5.7,35.3,1.3,0,1018.4,1023.1,45.6,0,0
763,2021-12-22 13:00,7.5,353.7,1.6,0,1017.8,1022.5,35.5,0,0
763,2021-12-22 14:00,8.8,333.6,1.9,0,1017.3,1022,27.8,0,0
763,2021-12-22 15:00,8.9,23.8,1.5,0,1017.3,1022,27,0,0
763,2021-12-22 16:00,8.8,355,1,0,1017.6,1022.3,29.6,0,0
763,2021-12-22 17:00,6.4,0,.1,0,1017.8,1022.5,43.9,0,0
763,2021-12-22 18:00,2.7,0,0,0,1018.6,1023.4,58.6,0,0
763,2021-12-22 19:00,1,0,.1,0,1019.3,1024.1,62.9,0,0
763,2021-12-22 20:00,-.4,0,0,0,1019.6,1024.4,69.1,0,0
763,2021-12-22 21:00,-.3,0,.1,0,1019.4,1024.2,72.3,0,0
763,2021-12-22 22:00,-1.6,0,0,0,1019.8,1024.7,76.8,0,0
763,2021-12-22 23:00,-2.6,0,.1,0,1019.9,1024.8,78.1,0,0
763,2021-12-23 00:00,-3.2,0,.2,0,1020,1024.9,81.8,0,0
763,2021-12-23 01:00,-3.5,0,0,0,1019.8,1024.7,81.3,0,0
763,2021-12-23 02:00,-3.3,0,0,0,1019.8,1024.7,81.3,0,0
763,2021-12-23 03:00,-3.8,0,0,0,1019.9,1024.8,83,0,0
763,2021-12-23 04:00,-4.6,0,.1,0,1019.9,1024.8,86.8,0,0
763,2021-12-23 05:00,-4.7,0,0,0,1019.9,1024.8,90,0,0
763,2021-12-23 06:00,-4.9,0,.1,0,1020.2,1025.1,89.8,0,0
763,2021-12-23 07:00,-4.8,0,0,0,1020.8,1025.7,91.7,0,0
763,2021-12-23 08:00,-4.7,0,0,0,1020.8,1025.7,92.6,0,0
763,2021-12-23 09:00,-3,0,.2,0,1021.3,1026.2,83.9,0,0
763,2021-12-23 10:00,-.2,0,.4,0,1022,1026.9,74.1,0,0
763,2021-12-23 11:00,2.4,0,.2,0,1021.6,1026.4,56.5,0,0
763,2021-12-23 12:00,7.1,9,.5,0,1020.3,1025,40,0,0
763,2021-12-23 13:00,8.7,353.4,1.4,0,1019.5,1024.2,33,0,0
763,2021-12-23 14:00,9.3,331.3,1.9,0,1019.2,1023.9,32.9,0,0
763,2021-12-23 15:00,9.6,352.4,1.5,0,1018.6,1023.2,34.2,0,0
763,2021-12-23 16:00,9.3,328.7,1.8,0,1018.6,1023.3,34.2,0,0
763,2021-12-23 17:00,7.8,341.6,.6,0,1018.3,1023,39.6,0,0
763,2021-12-23 18:00,2.9,0,.1,0,1018.6,1023.4,62.4,0,0
763,2021-12-23 19:00,1.8,0,0,0,1018.5,1023.3,64.9,0,0
763,2021-12-23 20:00,1,0,0,0,1018.5,1023.3,72.5,0,0
763,2021-12-23 21:00,.8,0,0,0,1019.1,1023.9,73.7,0,0
763,2021-12-23 22:00,-.1,0,0,0,1019.2,1024,77.3,0,0
763,2021-12-23 23:00,-.9,0,0,0,1018.7,1023.5,79.4,0,0
763,2021-12-24 00:00,-.2,0,0,0,1018.5,1023.3,77.2,0,0
763,2021-12-24 01:00,-.6,0,0,0,1018.1,1022.9,79.1,0,0
763,2021-12-24 02:00,-1.4,0,0,0,1018,1022.9,84,0,0
763,2021-12-24 03:00,-.6,0,0,0,1017.8,1022.6,81.2,0,0
763,2021-12-24 04:00,-.9,0,0,0,1017.2,1022,83.3,0,0
763,2021-12-24 05:00,-.8,0,.1,0,1017.1,1021.9,86.4,0,0
763,2021-12-24 06:00,-.7,0,.3,0,1017,1021.8,86.8,0,0
763,2021-12-24 07:00,-.9,0,.2,0,1017.1,1021.9,87.6,0,0
763,2021-12-24 08:00,-.7,0,0,0,1017.1,1021.9,87.2,0,0
763,2021-12-24 09:00,1.2,0,.1,0,1016.9,1021.7,77.6,0,0
763,2021-12-24 10:00,3.5,27.4,.7,0,1017.1,1021.9,64.2,0,0
763,2021-12-24 11:00,4.6,0,.1,0,1017,1021.7,60.4,0,0
763,2021-12-24 12:00,7.2,48.5,1,0,1015.9,1020.6,49,0,0
763,2021-12-24 13:00,8.8,0,.3,0,1015.4,1020,43.6,0,0
763,2021-12-24 14:00,9.5,270.9,2.4,0,1014.8,1019.4,51.6,0,0
763,2021-12-24 15:00,6.9,330.2,3.4,0,1015.5,1020.2,62.5,0,0
763,2021-12-24 16:00,4.8,323.1,2.3,0,1016.4,1021.1,74.7,0,0
763,2021-12-24 17:00,4.4,330.1,2.2,0,1017.4,1022.1,77.7,0,0
763,2021-12-24 18:00,3.3,343.9,2.4,0,1018.1,1022.9,80.5,0,0
763,2021-12-24 19:00,2.6,317.3,2.6,0,1018.9,1023.7,75.1,0,0
763,2021-12-24 20:00,1.7,334,2.6,0,1019.3,1024.1,70.8,0,0
763,2021-12-24 21:00,.1,321.5,1.6,0,1020.2,1025,74.9,0,0
763,2021-12-24 22:00,-1.5,0,.3,0,1020.7,1025.6,76.2,0,0
763,2021-12-24 23:00,-1.9,286.4,1,0,1021.4,1026.3,76.1,0,0
763,2021-12-25 00:00,-2.5,325.4,2.5,0,1021.8,1026.7,65.6,0,0
763,2021-12-25 01:00,-3,310.8,2,0,1022.4,1027.3,67.1,0,0
763,2021-12-25 02:00,-3.8,306.2,1.4,0,1022.7,1027.6,69.5,0,0
763,2021-12-25 03:00,-4.3,325.4,2.4,0,1023.3,1028.2,60.9,0,0
763,2021-12-25 04:00,-4.8,329.8,3.3,0,1023.8,1028.8,60.5,0,0
763,2021-12-25 05:00,-5.5,354.5,1.9,0,1024.6,1029.6,63.8,0,0
763,2021-12-25 06:00,-6.2,352.8,2.3,0,1025.3,1030.3,62.7,0,0
763,2021-12-25 07:00,-6.8,351.3,2.4,0,1026,1031,63.4,0,0
763,2021-12-25 08:00,-7.1,354.2,1.9,0,1026.7,1031.7,70,0,8.8
763,2021-12-25 09:00,-6.8,22.6,2.3,0,1027.2,1032.2,70.6,0,-8.8
763,2021-12-25 10:00,-6.7,350,3.4,0,1028,1033,60.1,0,8.8
763,2021-12-25 11:00,-5.7,.7,2.8,0,1028,1033,56.5,0,-8.8
763,2021-12-25 12:00,-4.5,347.3,3.1,0,1027.5,1032.5,50.8,0,8.8
763,2021-12-25 13:00,-4.9,4.2,2.9,0,1026.9,1031.9,56.7,0,-8.8
763,2021-12-25 14:00,-4.4,330.7,3.8,0,1026.6,1031.6,42.8,0,8.8
763,2021-12-25 15:00,-4.2,335.6,3.3,0,1026.8,1031.8,40.9,0,-8.8
763,2021-12-25 16:00,-4.5,322.2,2.6,0,1027.2,1032.2,41.8,0,8.8
763,2021-12-25 17:00,-5.6,328.6,2.6,0,1027.9,1032.9,49.5,0,-8.8
763,2021-12-25 18:00,-6.8,337.9,2.3,0,1028.8,1033.8,54.9,0,8.8
763,2021-12-25 19:00,-7.2,334.1,2.1,0,1029.1,1034.1,58.8,0,-8.8
763,2021-12-25 20:00,-7.6,329.9,2.2,0,1029.3,1034.3,61.5,0,8.8
763,2021-12-25 21:00,-8,342.8,2.4,0,1029.5,1034.5,63.5,0,-8.8
763,2021-12-25 22:00,-8.4,327.5,2,0,1029.9,1034.9,64.8,0,8.8
763,2021-12-25 23:00,-9,343.8,1.1,0,1030.4,1035.5,67.7,0,-8.8
763,2021-12-26 00:00,-9,330.7,1.2,0,1030.3,1035.4,70.9,0,8.8
763,2021-12-26 01:00,-9.6,343.6,1,0,1030.2,1035.3,76.2,0,0
763,2021-12-26 02:00,-9.9,351.9,1.7,0,1030,1035.1,74.9,0,13.4
763,2021-12-26 03:00,-10.3,333.9,.7,0,1030.3,1035.4,76.5,0,-4.6
763,2021-12-26 04:00,-10.4,56,1.1,0,1030,1035.1,75.4,0,4.6
763,2021-12-26 05:00,-10.8,32.3,1,0,1030.1,1035.2,75.4,0,-4.6
763,2021-12-26 06:00,-11.3,90.3,.5,0,1030.6,1035.7,76.5,0,4.6
763,2021-12-26 07:00,-11.6,0,.2,0,1031.1,1036.2,80.7,0,-4.6
763,2021-12-26 08:00,-12.1,0,.3,0,1031.4,1036.5,82,0,4.6
763,2021-12-26 09:00,-9.8,75.7,.9,0,1031.7,1036.8,70.9,0,-4.6
763,2021-12-26 10:00,-8.6,14.5,1.7,0,1032.2,1037.3,66.2,0,4.6
763,2021-12-26 11:00,-7.6,31.1,2.3,0,1031.9,1036.9,62.5,0,-4.6
763,2021-12-26 12:00,-6.1,339.6,1.7,0,1030.5,1035.5,53.7,0,4.6
763,2021-12-26 13:00,-5.6,356.3,1.8,0,1029.3,1034.3,51.4,0,-4.6
763,2021-12-26 14:00,-4.5,34.2,1.5,0,1028.3,1033.3,48.9,0,4.6
763,2021-12-26 15:00,-3.8,29.8,1.3,0,1027.4,1032.3,46.6,0,-4.6
763,2021-12-26 16:00,-3.7,358.3,2.6,0,1027.3,1032.2,44.9,0,4.6
763,2021-12-26 17:00,-4.4,340.5,2.7,0,1027.6,1032.6,47.4,0,-4.6
763,2021-12-26 18:00,-5.9,7.1,1.1,0,1028.2,1033.2,54.1,0,4.6
763,2021-12-26 19:00,-7,28.5,.6,0,1029,1034,59.4,0,-4.6
763,2021-12-26 20:00,-8.9,0,.1,0,1029.1,1034.2,71.1,0,4.6
763,2021-12-26 21:00,-9.6,0,.1,0,1029.3,1034.4,76.5,0,-4.6
763,2021-12-26 22:00,-9.6,0,.1,0,1029,1034.1,72.9,0,4.6
763,2021-12-26 23:00,-9.7,0,.2,0,1028.6,1033.7,73.7,0,-4.6
763,2021-12-27 00:00,-10.6,0,.1,0,1028.4,1033.5,79.3,0,4.6
763,2021-12-27 01:00,-10.2,0,.3,0,1028.3,1033.4,77.4,0,0
763,2021-12-27 02:00,-11.5,0,0,0,1028.2,1033.3,85.6,0,0
763,2021-12-27 03:00,-11.2,0,.1,0,1028.4,1033.5,84,0,0
763,2021-12-27 04:00,-10.9,0,.1,0,1028.3,1033.4,83.4,0,13.4
763,2021-12-27 05:00,-12.1,0,.1,0,1028.3,1033.4,87.6,0,-4.6
763,2021-12-27 06:00,-12.3,0,.1,0,1028.4,1033.5,86.9,0,4.6
763,2021-12-27 07:00,-12.3,0,.2,0,1028.8,1033.9,88.9,0,-4.6
763,2021-12-27 08:00,-12,0,0,0,1028.7,1033.8,87.7,0,4.6
763,2021-12-27 09:00,-8.6,0,.2,0,1028.9,1033.9,77.7,0,8.8
763,2021-12-27 10:00,-4.9,12.9,.9,0,1028.9,1033.9,59.7,0,-8.8
763,2021-12-27 11:00,-3.6,49.3,.7,0,1028.4,1033.3,56.3,0,8.8
763,2021-12-27 12:00,-1.8,350.8,.7,0,1027.5,1032.4,53.9,0,-8.8
763,2021-12-27 13:00,-.5,204.9,1,0,1026.4,1031.3,56.5,0,8.8
763,2021-12-27 14:00,.6,254.9,1.6,0,1025.7,1030.6,54.6,0,-8.8
763,2021-12-27 15:00,1,264.5,1.4,0,1025.2,1030,55.6,0,8.8
763,2021-12-27 16:00,1.3,193.3,.6,0,1025.1,1029.9,58.1,0,-8.8
763,2021-12-27 17:00,.9,196.1,1.2,0,1025,1029.8,66.2,0,8.8
763,2021-12-27 18:00,.4,239.4,1.4,0,1025.3,1030.2,74.1,0,-8.8
763,2021-12-27 19:00,0,180.8,.9,0,1025.2,1030.1,79.8,0,8.8
763,2021-12-27 20:00,.5,182.5,.9,0,1025.4,1030.3,76.3,0,-8.8
763,2021-12-27 21:00,.7,158.3,.5,0,1025.4,1030.3,76.5,0,8.8
763,2021-12-27 22:00,.2,0,.4,0,1025.2,1030.1,81.3,0,-8.8
763,2021-12-27 23:00,.1,9.2,.6,0,1025.1,1030,81.1,0,8.8
763,2021-12-28 00:00,.2,0,.4,0,1025.2,1030.1,81.4,0,-8.8
763,2021-12-28 01:00,-.1,0,.3,0,1024.9,1029.8,85.2,0,0
763,2021-12-28 02:00,-.8,0,.3,0,1024.8,1029.7,88.3,0,0
763,2021-12-28 03:00,-1.2,0,.1,0,1025.1,1030,90.6,0,0
763,2021-12-28 04:00,-1,0,0,0,1024.8,1029.7,93.4,0,0
763,2021-12-28 05:00,-1,0,.4,0,1024.7,1029.6,94.3,0,0
763,2021-12-28 06:00,-.9,0,.2,0,1024.5,1029.4,92.8,0,0
763,2021-12-28 07:00,-1,0,.1,0,1025.1,1030,93.8,0,0
763,2021-12-28 08:00,-1,0,.2,0,1025.1,1030,94.4,0,0
763,2021-12-28 09:00,-.5,22.7,.8,0,1024.9,1029.8,91.9,0,0
763,2021-12-28 10:00,.2,0,.4,0,1025.2,1030.1,88.8,0,0
763,2021-12-28 11:00,.9,0,.4,0,1025.1,1029.9,85,0,0
763,2021-12-28 12:00,3.3,0,.3,0,1024.1,1028.9,75,0,0
763,2021-12-28 13:00,5.8,322.4,.6,0,1023.1,1027.9,62.1,0,0
763,2021-12-28 14:00,6.2,243.3,1.4,0,1022.3,1027,53.8,0,0
763,2021-12-28 15:00,5.8,293.6,2.3,0,1021.8,1026.5,59.1,0,0
763,2021-12-28 16:00,5.4,273,1.5,0,1021.8,1026.6,58,0,0
763,2021-12-28 17:00,5.1,263.5,1.2,0,1021.8,1026.6,60.7,0,0
763,2021-12-28 18:00,2.1,0,0,0,1021.7,1026.5,71.5,0,0
763,2021-12-28 19:00,0,0,0,0,1021.6,1026.5,81,0,0
763,2021-12-28 20:00,-1,0,.2,0,1021.1,1026,85,0,0
763,2021-12-28 21:00,-1.2,0,.2,0,1020.7,1025.6,88.8,0,0
763,2021-12-28 22:00,-2.1,0,.2,0,1020.2,1025.1,90.1,0,0
763,2021-12-28 23:00,-.3,0,.4,0,1019.9,1024.7,86.5,0,0
763,2021-12-29 00:00,-1.1,0,.3,0,1019.8,1024.7,90,0,0
763,2021-12-29 01:00,-.8,0,.1,0,1019.4,1024.3,90.7,0,0
763,2021-12-29 02:00,-.2,0,.2,0,1018.6,1023.4,89.4,0,0
763,2021-12-29 03:00,-1.3,282.9,.5,0,1018.2,1023.1,92.3,0,0
763,2021-12-29 04:00,-1.3,.8,.8,0,1017.6,1022.5,93.4,0,0
763,2021-12-29 05:00,4.2,175.7,1.3,0,1016.9,1021.6,72.2,0,0
763,2021-12-29 06:00,4.7,181.5,1.1,0,1016.7,1021.4,70,0,0
763,2021-12-29 07:00,-.4,7.4,.8,0,1016.7,1021.5,90,0,0
763,2021-12-29 08:00,-.2,333.9,.5,0,1016.7,1021.5,95.3,0,0
763,2021-12-29 09:00,.4,2.1,1.1,0,1016.4,1021.2,93,0,0
763,2021-12-29 10:00,5.9,189.5,1.5,0,1016.3,1021,70.9,0,0
763,2021-12-29 11:00,6.5,193.3,.9,0,1016.1,1020.8,69.5,0,0
763,2021-12-29 12:00,7.5,257.8,2.2,0,1015,1019.7,61.3,0,0
763,2021-12-29 13:00,7.1,241.9,1.5,0,1014.1,1018.8,64.6,0,0
763,2021-12-29 14:00,6.5,267.3,3.9,0,1013.9,1018.6,67.3,0,0
763,2021-12-29 15:00,7.2,261.5,2.4,0,1013.6,1018.3,70.1,0,0
763,2021-12-29 16:00,6.8,276.9,5.1,0,1014,1018.7,61.8,0,0
763,2021-12-29 17:00,6,265.7,2.9,0,1014.4,1019.1,59.4,0,0
763,2021-12-29 18:00,5.3,261.1,1.8,0,1015,1019.7,57.4,0,0
763,2021-12-29 19:00,5.4,243.8,2.1,0,1015.1,1019.8,58.1,0,0
763,2021-12-29 20:00,4.9,281.6,3.2,0,1015.7,1020.4,63.9,0,0
763,2021-12-29 21:00,4.2,283.6,3.5,0,1016.7,1021.4,60.1,0,0
763,2021-12-29 22:00,3.7,271.1,3.6,0,1017.3,1022.1,55.5,0,0
763,2021-12-29 23:00,3.1,290.5,3.6,0,1017.9,1022.7,56,0,0
763,2021-12-30 00:00,2.5,329.6,1.6,0,1018,1022.8,60.4,0,0
763,2021-12-30 01:00,2,313.1,1.1,0,1018.3,1023.1,59.5,0,0
763,2021-12-30 02:00,1.1,0,.3,0,1018.4,1023.2,64.4,0,0
763,2021-12-30 03:00,.5,338.7,1.4,0,1019,1023.8,63.2,0,0
763,2021-12-30 04:00,.5,332.3,2,0,1019.4,1024.2,60.8,0,0
763,2021-12-30 05:00,.2,323.6,1.7,0,1019.9,1024.7,59.3,0,0
763,2021-12-30 06:00,-1,299,2.6,0,1021.1,1026,44.6,0,0
763,2021-12-30 07:00,-2.1,325.2,1.1,0,1021.9,1026.8,46.8,0,0
763,2021-12-30 08:00,-2.5,331.8,1,0,1022.2,1027.1,48.5,0,0
763,2021-12-30 09:00,-1.8,0,.2,0,1022.4,1027.3,45.7,0,0
763,2021-12-30 10:00,-.6,28.3,1.3,0,1022.3,1027.2,37.8,0,0
763,2021-12-30 11:00,.6,6.7,1.5,0,1022.2,1027,37.9,0,0
763,2021-12-30 12:00,1.4,318.2,1.3,0,1021.1,1025.9,37.8,0,0
763,2021-12-30 13:00,2.1,271.2,1.9,0,1020.1,1024.9,39.7,0,0
763,2021-12-30 14:00,1.5,241,2.4,0,1019.7,1024.5,59,0,0
763,2021-12-30 15:00,.6,205.7,1.3,0,1019.3,1024.1,77.9,0,0
763,2021-12-30 16:00,.9,193.2,1.2,0,1018.5,1023.3,80.8,0,0
763,2021-12-30 17:00,.6,261,.8,0,1019.2,1024,95.6,0,0
763,2021-12-30 18:00,-1.4,0,.4,0,1020.2,1025.1,97.8,0,0
763,2021-12-30 19:00,-1,325.4,.7,0,1021.3,1026.2,89.4,0,0
763,2021-12-30 20:00,-1.5,334.2,1.3,0,1022.4,1027.3,84.9,0,0
763,2021-12-30 21:00,-1.7,340.4,.8,0,1022.8,1027.7,89.7,0,0
763,2021-12-30 22:00,-3,0,.1,0,1023.1,1028,96.4,0,0
763,2021-12-30 23:00,-4.6,0,.3,0,1023.6,1028.5,98.3,0,0
763,2021-12-31 00:00,-4.1,2.8,.7,0,1024.1,1029,92.1,0,0
763,2021-12-31 01:00,-4.4,0,.2,0,1024.7,1029.6,87.7,0,0
763,2021-12-31 02:00,-6.4,0,.2,0,1025.2,1030.2,93.9,0,0
763,2021-12-31 03:00,-6.9,0,0,0,1025.3,1030.3,95.7,0,0
763,2021-12-31 04:00,-7.6,0,0,0,1025.1,1030.1,95.1,0,0
763,2021-12-31 05:00,-8.5,0,.1,0,1025.5,1030.5,92.9,0,0
763,2021-12-31 06:00,-8.5,0,.1,0,1026.1,1031.1,91,0,0
763,2021-12-31 07:00,-8.9,0,0,0,1026.9,1031.9,91.5,0,0
763,2021-12-31 08:00,-8.8,0,.1,0,1027.3,1032.3,91.5,0,0
763,2021-12-31 09:00,-4.9,23.9,1.2,0,1027.8,1032.8,69.8,0,0
763,2021-12-31 10:00,-3.7,15.1,1.7,0,1028.7,1033.7,63.3,0,0
763,2021-12-31 11:00,-3,20.3,1.8,0,1028.9,1033.8,59,0,0
763,2021-12-31 12:00,-1.6,339.3,1.9,0,1028,1032.9,56.2,0,0
763,2021-12-31 13:00,-1,315.6,3.3,0,1027.8,1032.7,52.6,0,0
763,2021-12-31 14:00,-.4,315.4,3,0,1027,1031.9,45.1,0,0
763,2021-12-31 15:00,-.5,306.1,2.8,0,1026.5,1031.4,42.2,0,0
763,2021-12-31 16:00,-.8,315.8,2.2,0,1026.4,1031.3,40.9,0,0
763,2021-12-31 17:00,-1.7,341,2.2,0,1026.6,1031.5,38.2,0,0
763,2021-12-31 18:00,-3,331.6,1.5,0,1027,1031.9,48.2,0,0
763,2021-12-31 19:00,-3.8,335.2,1.7,0,1027.5,1032.4,53.1,0,0
763,2021-12-31 20:00,-5.3,28.9,1,0,1027.5,1032.5,66.1,0,0
763,2021-12-31 21:00,-6.7,0,.2,0,1028,1033,71.3,0,0
763,2021-12-31 22:00,-7.6,0,.3,0,1027.9,1032.9,79.2,0,0
763,2021-12-31 23:00,-7.6,0,.1,0,1028.3,1033.3,76.6,0,0
