지점,일시,기온(°C),강수량(mm),풍속(m/s),풍향(16방위),습도(%),증기압(hPa),이슬점온도(°C),현지기압(hPa),해면기압(hPa),일조(hr),일사(MJ/m2),적설(cm),3시간신적설(cm),전운량(10분위),중하층운량(10분위),운형(운형약어),최저운고(100m ),시정(10m),지면상태(지면상태코드),현상번호(국내식),지면온도(°C),5cm 지중온도(°C),10cm 지중온도(°C),20cm 지중온도(°C),30cm 지중온도(°C)
146,2022-01-01 00:00,-4.9,,.9,70,51,2.2,-13.5,1025.7,1033.6,,,,,2,0,,,2000,,,-6.4,,,,
146,2022-01-01 01:00,-5.3,,.9,140,59,2.4,-12,1025.8,1033.7,,,,,7,1,,,2000,,,-6.5,,,,
146,2022-01-01 02:00,-5.5,,.9,110,60,2.4,-12,1025.9,1033.8,,,,,10,0,,,2000,,,-6.7,,,,
146,2022-01-01 03:00,-6.9,,1.3,70,67,2.4,-12,1025.7,1033.7,,,,,5,0,Ci,,2000,,,-7,,,,
146,2022-01-01 04:00,-6.6,,.4,0,63,2.4,-12.4,1025.2,1033.1,,,,,0,0,,,2000,,,-7.6,,,,
146,2022-01-01 05:00,-6.8,,.3,0,64,2.4,-12.4,1024.6,1032.5,,,,,0,0,,,2000,,,-8,,,,
146,2022-01-01 06:00,-7.2,,0,0,72,2.6,-11.3,1024.6,1032.6,,,,,0,0,,,2000,,,-8.2,,,,
146,2022-01-01 07:00,-7.7,,.8,290,72,2.5,-11.8,1025,1033,,,,,0,0,,,2000,,,-8.2,,,,
146,2022-01-01 08:00,-7.9,,.5,70,75,2.5,-11.5,1025,1033,0,.01,,,0,0,,,2000,,,-8,,,,
146,2022-01-01 09:00,-5.6,,.1,0,62,2.5,-11.7,1025.3,1033.2,.9,.36,,,0,0,,,2000,,,-5.2,,,,
146,2022-01-01 10:00,-4.4,,.3,0,47,2.1,-14,1026,1033.9,1,.87,,,5,0,Ci,,2000,,,.2,,,,
146,2022-01-01 11:00,-3,,.7,250,43,2.1,-13.8,1026,1033.8,.5,.84,,,7,3,AcCi,41,2000,,,1.3,,,,
146,2022-01-01 12:00,-1.6,,1.1,340,38,2.1,-14,1024.7,1032.5,1,1.5,,,7,3,AcCi,42,2000,,,5.3,,,,
146,2022-01-01 13:00,.9,,1.2,320,35,2.3,-12.8,1023,1030.7,1,1.67,,,3,1,AcCi,41,2000,,,8.8,,,,
146,2022-01-01 14:00,1.7,,1.3,360,31,2.1,-13.6,1021.9,1029.6,1,1.79,,,5,0,Ci,,2000,,,9.3,,,,
146,2022-01-01 15:00,2.2,,1.3,320,31,2.2,-13.2,1021.3,1028.9,1,1.03,,,5,0,Ci,,2000,,,5.2,,,,
146,2022-01-01 16:00,1.9,,.8,290,34,2.4,-12.3,1021,1028.7,.2,.51,,,4,0,Ci,,2000,,,1.2,,,,
146,2022-01-01 17:00,.9,,.9,320,41,2.7,-10.8,1021.2,1028.9,.3,.27,,,3,0,Ci,,2000,,,-.4,,,,
146,2022-01-01 18:00,.3,,.6,290,43,2.7,-10.8,1021.3,1029,0,.01,,,6,0,Ci,,2000,,,-1.5,,,,
146,2022-01-01 19:00,.2,,.3,0,44,2.7,-10.6,1021,1028.7,,,,,8,8,,56,2000,,,-1.4,,,,
146,2022-01-01 20:00,-.3,,.2,0,47,2.8,-10.2,1020.8,1028.5,,,,,9,9,,53,2000,,,-2.4,,,,
146,2022-01-01 21:00,-1.1,,.9,140,53,3,-9.4,1020.7,1028.4,,,,,5,5,Ac,45,1957,,,-2.7,,,,
146,2022-01-01 22:00,-1.6,,.9,50,53,2.9,-9.9,1020.5,1028.3,,,,,9,8,,40,1985,,,-2.3,,,,
146,2022-01-01 23:00,-1.5,,.1,0,54,3,-9.6,1020.8,1028.6,,,,,2,2,,41,2000,,,-1.8,,,,
146,2022-01-02 00:00,-1.6,,.3,0,54,2.9,-9.7,1020.8,1028.6,,,,,7,7,,,1998,,,-3,,,,
146,2022-01-02 01:00,-2.3,,.1,0,62,3.2,-8.6,1020.5,1028.3,,,,,8,8,,40,1891,,,-3.7,,,,
146,2022-01-02 02:00,-2.9,,1.3,110,61,3,-9.3,1020.2,1028,,,,,0,0,,,1985,,,-4.7,,,,
146,2022-01-02 03:00,-3.8,,.9,140,66,3,-9.2,1020.2,1028,,,,,0,0,,,1912,,,-5.3,,,,
146,2022-01-02 04:00,-3.8,,1.1,140,65,3,-9.4,1019.3,1027.1,,,,,0,0,,,1917,,,-5.5,,,,
146,2022-01-02 05:00,-4.1,,1.6,140,60,2.7,-10.7,1017.9,1025.7,,,,,0,0,,,2000,,,-5.4,,,,
146,2022-01-02 06:00,-2.4,,1.6,90,50,2.6,-11.4,1018.2,1026,,,,,4,4,Sc,12,2000,,,-4.8,,,,
146,2022-01-02 07:00,-1.5,,.9,140,51,2.8,-10.3,1018.6,1026.3,,,,,8,8,Sc,10,2000,,,-1.6,,,,
146,2022-01-02 08:00,-1,,.5,20,47,2.7,-10.9,1019.2,1026.9,0,0,,,9,9,Sc,13,2000,,,-1.3,,,,
146,2022-01-02 09:00,-.1,,1,110,47,2.9,-10,1019.3,1027,0,.13,,,2,2,Sc,12,2000,,,-.9,,,,
146,2022-01-02 10:00,2.5,,1.5,140,41,3,-9.4,1019.6,1027.2,.9,.74,,,4,4,Sc,14,2000,,,3.2,,,,
146,2022-01-02 11:00,1.2,,1.7,340,64,4.3,-4.8,1020.5,1028.2,.2,.38,,,9,9,Sc,8,1857,,06,3.1,,,,
146,2022-01-02 12:00,2.8,0,.4,0,56,4.2,-5.1,1020.2,1027.8,0,.56,,,9,9,Sc,7,1974,,,3.6,,,,
146,2022-01-02 13:00,4.7,,1.7,270,62,5.3,-1.9,1019.6,1027.2,.5,1.04,,,4,4,Sc,8,1247,,,8.5,,,,
146,2022-01-02 14:00,5.7,,1.9,320,56,5.1,-2.4,1018.8,1026.3,1,1.65,,,4,4,Sc,8,910,,40,10.4,,,,
146,2022-01-02 15:00,5.5,,2.6,250,55,5,-2.8,1018.5,1026,.9,1.23,,,2,2,Sc,12,767,,40,6,,,,
146,2022-01-02 16:00,5.4,,2.6,250,60,5.4,-1.7,1018.5,1026,.9,.75,,,3,3,Sc,10,608,,40,5,,,,
146,2022-01-02 17:00,3.7,,2.7,270,62,4.9,-2.9,1018.8,1026.4,.7,.33,,,0,0,,,1168,,40,1.2,,,,
146,2022-01-02 18:00,2.5,,2.2,250,61,4.5,-4.2,1019.2,1026.8,0,.03,,,0,0,,,1490,,,-.3,,,,
146,2022-01-02 19:00,1.3,,1.9,250,62,4.2,-5.1,1019.8,1027.5,,,,,0,0,,,2000,,,-1.6,,,,
146,2022-01-02 20:00,.8,,1.6,230,63,4.1,-5.4,1020.2,1027.9,,,,,0,0,,,2000,,,-2.5,,,,
146,2022-01-02 21:00,.1,,1.6,230,64,3.9,-5.9,1020.4,1028.1,,,,,0,0,,,2000,,,-3.2,,,,
146,2022-01-02 22:00,-.5,,.9,110,69,4.1,-5.4,1020.2,1027.9,,,,,0,0,,,1947,,,-4.2,,,,
146,2022-01-02 23:00,-1.9,,.9,140,77,4.1,-5.4,1020.2,1028,,,,,0,0,,,1174,,,-4.9,,,,
146,2022-01-03 00:00,-2.4,,.3,0,79,4.1,-5.5,1020.4,1028.2,,,,,0,0,,,1201,,,-5.6,,,,
146,2022-01-03 01:00,-2.8,,.7,110,80,4,-5.7,1020.2,1028,,,,,0,0,,,1150,,,-5.9,,,,
146,2022-01-03 02:00,-3.6,,.7,140,83,3.9,-6,1020.2,1028,,,,,0,0,,,1190,,,-6.4,,,,
146,2022-01-03 03:00,-3.8,,1.1,110,82,3.8,-6.4,1020.2,1028,,,,,0,0,,,1183,,,-6.7,,,,
146,2022-01-03 04:00,-4.9,,1.7,110,85,3.6,-7,1019.7,1027.6,,,,,0,0,,,1157,,,-6.6,,,,
146,2022-01-03 05:00,-4.8,,.7,110,85,3.6,-6.9,1020,1027.9,,,,,2,0,Ci,,1328,,,-6.3,,,,
146,2022-01-03 06:00,-5,,1.2,110,84,3.6,-7.2,1020.5,1028.4,,,,,1,0,Ci,,1269,,,-6.3,,,,
146,2022-01-03 07:00,-5.5,,1.4,140,85,3.5,-7.6,1020.1,1028,,,,,1,0,Ci,,1350,,,-7.3,,,,
146,2022-01-03 08:00,-5.2,,1.2,110,82,3.4,-7.7,1020,1027.9,0,.01,,,0,0,,,1417,,,-7.1,,,,
146,2022-01-03 09:00,-3.3,,.7,110,71,3.4,-7.8,1020.1,1027.9,.9,.5,,,0,0,,,1579,,,-4.3,,,,
146,2022-01-03 10:00,-.6,,.5,270,58,3.4,-7.8,1020.8,1028.5,1,1.23,,,3,0,Ci,,1983,,,3.7,,,,
146,2022-01-03 11:00,.9,,.6,360,61,4,-5.7,1020.5,1028.2,1,1.64,,,1,0,Ci,,1452,,,4.7,,,,
146,2022-01-03 12:00,2.1,,1.1,360,48,3.4,-7.7,1020.1,1027.7,1,1.75,,,0,0,,,2000,,,8.5,,,,
146,2022-01-03 13:00,2.5,,1.9,360,48,3.5,-7.4,1018.8,1026.4,1,1.77,,,1,0,Ci,,2000,,,10.8,,,,
146,2022-01-03 14:00,3.2,,2.1,290,45,3.5,-7.6,1018.2,1025.8,1,1.7,,,0,0,,,2000,,,9.4,,,,
146,2022-01-03 15:00,3.3,,1.8,340,46,3.6,-7.2,1017.8,1025.4,1,1.38,,,0,0,,,2000,,,8,,,,
146,2022-01-03 16:00,3.7,,1.6,340,47,3.8,-6.5,1017.9,1025.5,1,.91,,,0,0,,,2000,,,4.5,,,,
146,2022-01-03 17:00,2.9,,1.2,250,52,3.9,-6,1018,1025.6,1,.38,,,0,0,,,2000,,,.2,,,,
146,2022-01-03 18:00,2.1,,1.1,270,62,4.4,-4.4,1018.3,1025.9,0,.03,,,0,0,,,2000,,,-.5,,,,
146,2022-01-03 19:00,1.6,,1,230,65,4.5,-4.2,1018.5,1026.1,,,,,0,0,,,2000,,,-1.5,,,,
146,2022-01-03 20:00,.1,,1.5,110,69,4.2,-4.9,1018.5,1026.2,,,,,0,0,,,2000,,,-2.4,,,,
146,2022-01-03 21:00,-.4,,1.8,140,70,4.2,-5.2,1018.5,1026.2,,,,,0,0,,,1997,,,-2.8,,,,
146,2022-01-03 22:00,-.8,,1.5,110,71,4.1,-5.4,1018.4,1026.1,,,,,1,1,,14,1997,,,-2.7,,,,
146,2022-01-03 23:00,-1,,2,140,72,4.1,-5.4,1018.4,1026.1,,,,,1,1,,17,2000,,,-2.1,,,,
146,2022-01-04 00:00,-.3,,1.2,140,72,4.3,-4.7,1018,1025.7,,,,,8,8,,,1975,,,-.8,,,,
146,2022-01-04 01:00,-.1,,1.4,140,70,4.2,-4.9,1017.7,1025.4,,,,,0,0,,,2000,,,-1.9,,,,
146,2022-01-04 02:00,.4,,1.2,110,70,4.4,-4.4,1018.3,1026,,,,,8,8,Sc,8,2000,,10,-.7,,,,
146,2022-01-04 03:00,.1,0,1.6,140,74,4.6,-3.9,1018.7,1026.4,,,,,7,7,Sc,10,2000,,10,-2,,,,
146,2022-01-04 04:00,-.2,,1.6,140,76,4.6,-3.9,1018.3,1026,,,,,6,6,Sc,10,1988,,,-3.2,,,,
146,2022-01-04 05:00,.1,,1.1,140,76,4.7,-3.6,1018.6,1026.3,,,,,8,8,Sc,10,1987,,,-.8,,,,
146,2022-01-04 06:00,-.1,,1.8,340,79,4.8,-3.3,1019.5,1027.2,,,,,8,8,Sc,10,1752,,,-.8,,,,
146,2022-01-04 07:00,-.1,,.7,270,81,4.9,-2.9,1020.2,1027.9,,,,,4,4,Sc,12,1194,,,-3.4,,,,
146,2022-01-04 08:00,-.3,,1,320,81,4.9,-3.1,1020.4,1028.1,0,.01,,,1,1,Sc,10,1197,,,-3.7,,,,
146,2022-01-04 09:00,.6,,2,340,70,4.5,-4.2,1021,1028.7,.7,.28,,,0,0,,,1216,,,-1.6,,,,
146,2022-01-04 10:00,1.6,,2.1,320,55,3.8,-6.4,1021.8,1029.5,1,.88,,,0,0,,,1956,,,4,,,,
146,2022-01-04 11:00,2.7,,1.7,340,42,3.1,-8.9,1021.3,1028.9,1,1.44,,,0,0,,,2000,,,5.6,,,,
146,2022-01-04 12:00,3.4,,1.7,270,38,3,-9.6,1020.7,1028.3,1,1.75,,,0,0,,,2000,,,9,,,,
146,2022-01-04 13:00,4.1,,1.4,320,33,2.7,-10.7,1019.9,1027.5,1,1.88,,,0,0,,,2000,,,13.1,,,,
146,2022-01-04 14:00,4.5,,2.3,340,36,3,-9.3,1019.5,1027.1,1,1.78,,,0,0,,,2000,,,13.4,,,,
146,2022-01-04 15:00,4.4,,2.7,320,33,2.8,-10.5,1019.3,1026.9,1,1.49,,,0,0,,,2000,,,10.2,,,,
146,2022-01-04 16:00,4.3,,3.1,270,43,3.6,-7.2,1019.6,1027.2,1,.99,,,0,0,,,2000,,,5.4,,,,
146,2022-01-04 17:00,2.3,,2.4,270,47,3.4,-7.8,1020.1,1027.7,1,.43,,,0,0,,,2000,,,.8,,,,
146,2022-01-04 18:00,1,,1.2,250,50,3.3,-8.2,1020.2,1027.9,.1,.02,,,0,0,,,2000,,,-.4,,,,
146,2022-01-04 19:00,.3,,.8,230,52,3.2,-8.4,1020.3,1028,,,,,0,0,,,2000,,,-1.7,,,,
146,2022-01-04 20:00,.1,,1.4,290,50,3.1,-9.1,1020.6,1028.3,,,,,0,0,,,1993,,,-2.5,,,,
146,2022-01-04 21:00,-1.2,,1.5,320,49,2.8,-10.5,1020.9,1028.6,,,,,0,0,,,2000,,,-3.3,,,,
146,2022-01-04 22:00,-1.9,,1.5,320,48,2.6,-11.4,1021.2,1029,,,,,0,0,,,2000,,,-3.9,,,,
146,2022-01-04 23:00,-2.1,,1.3,320,46,2.4,-12.1,1021.5,1029.3,,,,,0,0,,,2000,,,-4.6,,,,
146,2022-01-05 00:00,-2.2,,.8,320,49,2.6,-11.4,1021.4,1029.2,,,,,8,8,Ac,45,2000,,,-3.3,,,,
146,2022-01-05 01:00,-2,,0,0,48,2.5,-11.5,1021.2,1029,,,,,8,8,,53,2000,,,-3.4,,,,
146,2022-01-05 02:00,-2.4,,.9,340,52,2.7,-10.9,1021,1028.8,,,,,10,10,,55,2000,,,-2.7,,,,
146,2022-01-05 03:00,-2.6,,0,0,55,2.8,-10.4,1020.8,1028.6,,,,,9,0,Ci,,2000,,,-3.3,,,,
146,2022-01-05 04:00,-2.9,,0,0,57,2.8,-10.2,1020.3,1028.1,,,,,9,0,Ci,,2000,,,-3.1,,,,
146,2022-01-05 05:00,-3.6,,.6,50,64,3,-9.4,1019.7,1027.5,,,,,9,0,Ci,,1978,,,-3.1,,,,
146,2022-01-05 06:00,-3.1,,.5,320,61,3,-9.5,1020,1027.8,,,,,9,0,Ci,,1995,,,-3.4,,,,
146,2022-01-05 07:00,-3.3,,1.3,320,61,2.9,-9.7,1020.2,1028,,,,,9,0,Ci,,2000,,,-2.7,,,,
146,2022-01-05 08:00,-3.2,,.5,20,60,2.9,-9.8,1020.1,1027.9,0,.01,,,9,0,Ci,,2000,,,-2.4,,,,
146,2022-01-05 09:00,-2.4,,.1,0,57,2.9,-9.7,1020,1027.8,0,.15,,,9,0,Ci,,2000,,,-.8,,,,
146,2022-01-05 10:00,-1.3,,.4,0,58,3.2,-8.5,1020.6,1028.3,0,.47,,,10,5,AcCi,28,1879,,,1.2,,,,
146,2022-01-05 11:00,.3,,.5,360,47,2.9,-9.7,1020.2,1027.9,.4,.98,,,10,6,AcCi,35,1989,,,4,,,,
146,2022-01-05 12:00,1.1,,1.1,320,48,3.2,-8.7,1019.4,1027.1,.2,1.01,,,10,6,AcCi,35,1840,,,4.7,,,,
146,2022-01-05 13:00,1.6,,1.6,340,43,3,-9.6,1018.3,1025.9,0,.89,,,10,5,AcCi,35,1985,,,5.8,,,,
146,2022-01-05 14:00,2.4,,.6,340,37,2.7,-10.8,1017.3,1024.9,.1,1.05,,,10,5,AcCi,35,2000,,,7.5,,,,
146,2022-01-05 15:00,2.9,,1.1,340,39,2.9,-9.7,1017.1,1024.7,0,.63,,,10,3,AcCi,35,2000,,,5.7,,,,
146,2022-01-05 16:00,3.1,,.3,0,37,2.8,-10.2,1017.7,1025.3,0,.3,,,10,4,ScCi,10,2000,,,4,,,,
146,2022-01-05 17:00,2.6,,.8,270,42,3.1,-9,1018.2,1025.8,0,.11,,,10,5,ScCi,10,1993,,,1.8,,,,
146,2022-01-05 18:00,2.4,,.6,270,43,3.1,-8.9,1018.3,1025.9,0,.01,,,10,5,ScCi,10,1994,,,1.1,,,,
146,2022-01-05 19:00,2.2,,.9,290,43,3.1,-9.1,1019,1026.6,,,,,10,9,,12,1986,,,.8,,,,
146,2022-01-05 20:00,2.2,,0,0,42,3,-9.4,1018.8,1026.4,,,,,9,4,,28,1897,,,.5,,,,
146,2022-01-05 21:00,1.6,,1.8,320,46,3.2,-8.7,1018.9,1026.6,,,,,8,8,Ac,31,1609,,,0,,,,
146,2022-01-05 22:00,1.3,,.6,340,46,3.1,-9,1019,1026.7,,,,,9,9,,31,1791,,,-.3,,,,
146,2022-01-05 23:00,1.2,,.7,320,48,3.2,-8.6,1019.1,1026.8,,,,,9,9,,30,1522,,,-.7,,,,
146,2022-01-06 00:00,.9,,0,0,49,3.2,-8.6,1018.8,1026.5,,,,,7,7,,,1489,,,-.4,,,,
146,2022-01-06 01:00,.5,,0,0,52,3.3,-8.2,1018.5,1026.2,,,,,6,1,,13,1591,,,-.9,,,,
146,2022-01-06 02:00,-.9,,1.5,320,61,3.5,-7.4,1018.7,1026.4,,,,,7,7,,30,1227,,,-1.9,,,,
146,2022-01-06 03:00,-.9,,.2,0,59,3.4,-7.9,1019,1026.7,,,,,3,3,Ac,30,1271,,,-3,,,,
146,2022-01-06 04:00,-2,,1.6,340,66,3.5,-7.5,1019.3,1027.1,,,,,0,0,,,1165,,,-3.7,,,,
146,2022-01-06 05:00,-1.8,,.6,160,67,3.6,-7.1,1019.5,1027.3,,,,,0,0,,,1163,,,-4.4,,,,
146,2022-01-06 06:00,-2.7,,.7,320,69,3.5,-7.6,1020.1,1027.9,,,,,0,0,,,1112,,,-5,,,,
146,2022-01-06 07:00,-3.1,,.3,0,75,3.6,-6.9,1020.9,1028.7,,,,,0,0,,,942,,19,-5.4,,,,
146,2022-01-06 08:00,-3.5,,.1,0,76,3.6,-7.1,1021.6,1029.4,0,0,,,0,0,,,931,,19,-5.6,,,,
146,2022-01-06 09:00,-1.5,,0,0,65,3.6,-7.2,1022,1029.8,.8,.33,,,0,0,,,1046,,19,-3.3,,,,
146,2022-01-06 10:00,.4,,.4,0,57,3.6,-7.1,1022.6,1030.3,1,.89,,,0,0,,,1148,,,2,,,,
146,2022-01-06 11:00,1,,1.7,340,47,3.1,-9,1022.7,1030.4,1,1.41,,,0,0,,,1571,,,5.7,,,,
146,2022-01-06 12:00,2.3,,1.8,320,38,2.8,-10.5,1021.7,1029.3,1,1.74,,,0,0,,,1958,,,9.4,,,,
146,2022-01-06 13:00,3.5,,2.4,320,34,2.7,-10.9,1020.8,1028.4,1,1.87,,,0,0,,,2000,,,11.9,,,,
146,2022-01-06 14:00,4.3,,2.5,340,32,2.7,-10.9,1020.4,1028,1,1.83,,,0,0,,,2000,,,13,,,,
146,2022-01-06 15:00,5.2,,2.2,270,32,2.8,-10.1,1020.3,1027.9,1,1.52,,,0,0,,,2000,,,9.9,,,,
146,2022-01-06 16:00,4.7,,1.9,270,32,2.7,-10.6,1020.5,1028.1,1,1.02,,,0,0,,,2000,,,5.3,,,,
146,2022-01-06 17:00,4.1,,1.3,270,36,3,-9.6,1020.5,1028.1,1,.45,,,0,0,,,2000,,,.7,,,,
146,2022-01-06 18:00,2.5,,2.3,270,52,3.8,-6.3,1021,1028.6,.3,.04,,,0,0,,,1877,,,-.4,,,,
146,2022-01-06 19:00,2.1,,2,250,56,4,-5.7,1021.8,1029.5,,,,,0,0,,,1705,,,-1.3,,,,
146,2022-01-06 20:00,1.4,,.8,230,60,4.1,-5.5,1022.4,1030.1,,,,,0,0,,,1515,,,-2.3,,,,
146,2022-01-06 21:00,.6,,1.1,230,64,4.1,-5.4,1022.6,1030.3,,,,,0,0,,,1393,,,-2.8,,,,
146,2022-01-06 22:00,-1.7,,1.4,70,67,3.6,-7,1022.8,1030.6,,,,,0,0,,,1292,,,-3.8,,,,
146,2022-01-06 23:00,-1.2,,.4,0,66,3.7,-6.7,1022.7,1030.5,,,,,0,0,,,1345,,,-4.5,,,,
146,2022-01-07 00:00,-2,,.6,140,70,3.7,-6.7,1022.7,1030.5,,,,,0,0,,,1159,,,-5,,,,
146,2022-01-07 01:00,-2.9,,.5,160,74,3.7,-6.8,1022.6,1030.4,,,,,0,0,,,1066,,,-5.5,,,,
146,2022-01-07 02:00,-3.7,,.9,140,77,3.6,-7.1,1023,1030.8,,,,,0,0,,,1017,,,-5.8,,,,
146,2022-01-07 03:00,-4.1,,.8,140,79,3.6,-7.2,1023.3,1031.2,,,,,0,0,,,983,,19,-6.3,,,,
146,2022-01-07 04:00,-4.1,,1,90,77,3.5,-7.5,1023.3,1031.2,,,,,0,0,,,992,,19,-6.3,,,,
146,2022-01-07 05:00,-5.1,,1.1,110,81,3.4,-7.8,1023.3,1031.2,,,,,0,0,,,941,,19,-6.8,,,,
146,2022-01-07 06:00,-5.5,,1.5,110,81,3.3,-8.2,1023.5,1031.4,,,,,0,0,,,916,,19,-6.9,,,,
146,2022-01-07 07:00,-5.4,,1.2,110,79,3.2,-8.4,1023.8,1031.7,,,,,0,0,,,917,,19,-7.1,,,,
146,2022-01-07 08:00,-6,,1.3,110,81,3.2,-8.7,1023.9,1031.8,0,.01,,,0,0,,,901,,19,-7,,,,
146,2022-01-07 09:00,-3.8,,1,110,71,3.3,-8.2,1023.9,1031.8,.8,.42,,,0,0,,,1100,,19,-4.6,,,,
146,2022-01-07 10:00,-1.6,,.8,70,61,3.3,-8.1,1024,1031.8,1,1.09,,,0,0,,,1242,,,1.9,,,,
146,2022-01-07 11:00,1.3,,.3,0,51,3.4,-7.7,1023.7,1031.4,1,1.57,,,0,0,,,1406,,,4.5,,,,
146,2022-01-07 12:00,2.1,,1.6,340,44,3.1,-8.9,1022.7,1030.4,1,1.78,,,0,0,,,1604,,,9.5,,,,
146,2022-01-07 13:00,3.5,,1.3,340,38,3,-9.5,1021.9,1029.5,1,1.92,,,0,0,,,1631,,,12.3,,,,
146,2022-01-07 14:00,4.1,,1.5,340,38,3.1,-8.9,1021.4,1029,1,1.85,,,0,0,,,1543,,,11.6,,,,
146,2022-01-07 15:00,4.6,,1.8,250,34,2.9,-9.9,1021,1028.6,1,1.54,,,0,0,,,1680,,,8.6,,,,
146,2022-01-07 16:00,4.4,,2.8,250,34,2.8,-10.1,1021,1028.6,1,1.06,,,0,0,,,1774,,,4.3,,,,
146,2022-01-07 17:00,3.9,,1.7,250,33,2.7,-10.9,1020.8,1028.4,1,.49,,,0,0,,,1959,,,.1,,,,
146,2022-01-07 18:00,2.1,,1.4,250,45,3.2,-8.6,1020.9,1028.5,.3,.05,,,0,0,,,1567,,,-1.4,,,,
146,2022-01-07 19:00,1.1,,.9,250,55,3.6,-6.9,1021.4,1029.1,,,,,0,0,,,1713,,,-2.4,,,,
146,2022-01-07 20:00,.6,,.7,180,59,3.8,-6.5,1021.6,1029.3,,,,,0,0,,,1835,,,-3.2,,,,
146,2022-01-07 21:00,-.6,,.6,200,63,3.7,-6.7,1021.6,1029.3,,,,,0,0,,,1480,,,-3.8,,,,
146,2022-01-07 22:00,-1.7,,1.2,140,66,3.6,-7.2,1021.4,1029.2,,,,,0,0,,,1302,,,-4.4,,,,
146,2022-01-07 23:00,-2.2,,1.3,140,66,3.4,-7.7,1021.1,1028.9,,,,,0,0,,,1248,,,-4.8,,,,
146,2022-01-08 00:00,-3.2,,1.2,140,70,3.4,-7.9,1020.7,1028.5,,,,,0,0,,,1204,,,-5.4,,,,
146,2022-01-08 01:00,-3,,1.3,110,69,3.4,-7.8,1020.4,1028.2,,,,,0,0,,,1235,,,-5.5,,,,
146,2022-01-08 02:00,-3.4,,1.4,110,72,3.4,-7.7,1020.5,1028.3,,,,,7,2,,40,1160,,,-5.5,,,,
146,2022-01-08 03:00,-4.2,,1.3,140,75,3.4,-7.9,1020.5,1028.3,,,,,0,0,,,1116,,,-5.8,,,,
146,2022-01-08 04:00,-4.4,,1.3,110,78,3.5,-7.6,1019.9,1027.7,,,,,0,0,,,1072,,,-6,,,,
146,2022-01-08 05:00,-4.6,,1.3,110,78,3.4,-7.8,1019.3,1027.1,,,,,0,0,,,1112,,,-6.3,,,,
146,2022-01-08 06:00,-4.8,,1.7,110,77,3.3,-8.2,1019.3,1027.1,,,,,0,0,,,1112,,,-6.3,,,,
146,2022-01-08 07:00,-5.1,,1.7,110,77,3.2,-8.5,1019.5,1027.4,,,,,0,0,,,1104,,,-6.7,,,,
146,2022-01-08 08:00,-5.5,,1.4,140,80,3.2,-8.4,1019.5,1027.4,0,0,,,0,0,,,994,,,-6.5,,,,
146,2022-01-08 09:00,-2.8,,.7,110,70,3.5,-7.5,1019.6,1027.4,.8,.33,,,0,0,,,1117,,,-3.8,,,,
146,2022-01-08 10:00,-.6,,1.2,90,62,3.6,-6.9,1019.5,1027.2,1,.9,,,0,0,,,1228,,,2.8,,,,
146,2022-01-08 11:00,2.3,,.8,250,48,3.5,-7.6,1019.2,1026.8,1,1.42,,,0,0,,,1549,,,4.6,,,,
146,2022-01-08 12:00,4.1,,.8,320,44,3.6,-7,1018,1025.6,1,1.75,,,0,0,,,2000,,,10.8,,,,
146,2022-01-08 13:00,5.6,,1.6,320,42,3.8,-6.3,1017,1024.5,1,1.87,,,0,0,,,2000,,,13.1,,,,
146,2022-01-08 14:00,5.7,,2.8,270,48,4.4,-4.4,1016.4,1023.9,1,1.75,,,0,0,,,2000,,,10.9,,,,
146,2022-01-08 15:00,6.4,,2,320,48,4.6,-3.8,1016.2,1023.7,1,1.25,,,1,1,Sc,12,2000,,,9.6,,,,
146,2022-01-08 16:00,5.8,,3.3,270,50,4.6,-3.8,1016.1,1023.6,1,.98,,,3,3,Sc,12,2000,,,6.2,,,,
146,2022-01-08 17:00,5.1,,2.5,270,55,4.8,-3.2,1016.4,1023.9,.3,.32,,,7,7,Sc,12,2000,,,3.2,,,,
146,2022-01-08 18:00,4.8,,1.3,270,56,4.8,-3.2,1016.7,1024.2,0,.02,,,8,8,Sc,12,1977,,,1.9,,,,
146,2022-01-08 19:00,4.6,,1.1,230,57,4.8,-3.2,1016.7,1024.2,,,,,,10,,13,1803,,,1,,,,
146,2022-01-08 20:00,4.2,,1.4,230,58,4.8,-3.3,1016.7,1024.2,,,,,,10,,12,1775,,,.5,,,,
146,2022-01-08 21:00,4.1,,.4,0,60,4.9,-2.9,1016.6,1024.2,,,,,8,8,Sc,10,1568,,,1.3,,,,
146,2022-01-08 22:00,3.6,,.8,200,61,4.8,-3.2,1016.5,1024.1,,,,,9,9,,12,1527,,,1.1,,,,
146,2022-01-08 23:00,3.5,,.5,180,62,4.9,-3.1,1016.3,1023.9,,,,,0,0,,,1471,,,1.3,,,,
146,2022-01-09 00:00,3.4,,.8,140,63,4.9,-2.9,1015.9,1023.5,,,,,8,8,Sc,10,1610,,,1.4,,,,
146,2022-01-09 01:00,3.1,,.6,110,64,4.9,-3,1015.3,1022.9,,,,,10,8,,14,1553,,,1.2,,,,
146,2022-01-09 02:00,2.9,,.7,160,67,5,-2.6,1015.1,1022.7,,,,,9,9,,10,1428,,,1.1,,,,
146,2022-01-09 03:00,2.9,,1,140,65,4.9,-3,1015.1,1022.7,,,,,9,9,Sc,10,1310,,,.3,,,,
146,2022-01-09 04:00,2.6,,.9,160,69,5.1,-2.5,1014.9,1022.5,,,,,8,8,Sc,10,1184,,,-.4,,,,
146,2022-01-09 05:00,2.2,,1.3,110,71,5.1,-2.5,1014.8,1022.4,,,,,8,8,Sc,10,1163,,,.2,,,,
146,2022-01-09 06:00,2.3,,1,140,69,5,-2.8,1014.8,1022.4,,,,,9,9,Sc,10,1020,,,.3,,,,
146,2022-01-09 07:00,2.6,,.6,110,68,5,-2.7,1015,1022.6,,,,,8,8,Sc,10,1055,,,.3,,,,
146,2022-01-09 08:00,2.4,,.6,90,69,5,-2.7,1015.2,1022.8,0,0,,,9,9,Sc,8,1058,,,.2,,,,
146,2022-01-09 09:00,3.2,,.7,160,67,5.2,-2.3,1015.4,1023,0,.1,,,9,9,Sc,10,979,,40,2.3,,,,
146,2022-01-09 10:00,4.3,,.2,0,65,5.4,-1.7,1015.7,1023.2,0,.38,,,9,9,Sc,10,798,,40,5.9,,,,
146,2022-01-09 11:00,4.6,,.9,320,66,5.6,-1.2,1015.8,1023.3,0,.69,,,8,8,Sc,9,621,,40,8.8,,,,
146,2022-01-09 12:00,5.9,,.9,20,63,5.8,-.6,1015.2,1022.7,.1,.98,,,8,8,Sc,8,391,,40,11.3,,,,
146,2022-01-09 13:00,6.8,,.5,360,56,5.6,-1.3,1014.6,1022.1,.4,1.14,,,9,7,ScCi,9,464,,40,13,,,,
146,2022-01-09 14:00,5.9,,2.2,290,60,5.6,-1.2,1014.1,1021.6,.1,.9,,,8,8,Sc,9,433,,40,10,,,,
146,2022-01-09 15:00,5.7,,3.3,250,58,5.3,-1.9,1013.8,1021.3,.4,1.08,,,7,7,Sc,9,543,,40,11.6,,,,
146,2022-01-09 16:00,5.1,,2.6,270,58,5.1,-2.4,1014,1021.5,.9,.87,,,4,2,ScCi,11,604,,40,7.3,,,,
146,2022-01-09 17:00,4.3,,2.2,270,62,5.2,-2.3,1014.3,1021.8,.6,.39,,,0,0,,,613,,40,3,,,,
146,2022-01-09 18:00,3.1,,1.7,250,67,5.1,-2.4,1014.6,1022.2,0,.04,,,0,0,,,502,,40,-.5,,,,
146,2022-01-09 19:00,2.4,,1.2,270,71,5.2,-2.3,1015,1022.6,,,,,0,0,,,466,,40,-.8,,,,
146,2022-01-09 20:00,2,,.6,200,74,5.2,-2.1,1015.5,1023.1,,,,,0,0,,,444,,40,-1.6,,,,
146,2022-01-09 21:00,1.1,,.6,160,77,5.1,-2.4,1015.7,1023.3,,,,,0,0,,,408,,4019,-2.1,,,,
146,2022-01-09 22:00,.1,,1.2,140,82,5,-2.6,1015.8,1023.5,,,,,0,0,,,357,,19,-2.6,,,,
146,2022-01-09 23:00,-.7,,1.4,140,83,4.8,-3.2,1015.6,1023.3,,,,,0,0,,,337,,19,-2.8,,,,
146,2022-01-10 00:00,-.9,,1.4,110,84,4.8,-3.2,1015.3,1023,,,,,0,0,,,320,,19,-3.2,,,,
146,2022-01-10 01:00,-1,,1.1,110,85,4.8,-3.2,1015.4,1023.1,,,,,0,0,,,322,,19,-3.4,,,,
146,2022-01-10 02:00,-1.8,,1.3,110,86,4.6,-3.8,1015.3,1023,,,,,0,0,,,297,,19,-3.7,,,,
146,2022-01-10 03:00,-2.2,,1.1,140,87,4.5,-4,1015.2,1022.9,,,,,0,0,,,276,,19,-4.3,,,,
146,2022-01-10 04:00,-1.9,,.9,90,86,4.6,-3.9,1015.6,1023.3,,,,,0,0,,,303,,19,-4.3,,,,
146,2022-01-10 05:00,-2.8,,1.2,140,88,4.4,-4.5,1015.4,1023.2,,,,,0,0,,,269,,19,-4.6,,,,
146,2022-01-10 06:00,-2.7,,2,140,89,4.5,-4.2,1014.7,1022.4,,,,,0,0,,,265,,19,-4.6,,,,
146,2022-01-10 07:00,-2.8,,1.2,110,89,4.4,-4.3,1015,1022.8,,,,,5,0,Ci,,242,,19,-4.7,,,,
146,2022-01-10 08:00,-2.7,,.8,90,87,4.4,-4.5,1015.3,1023.1,0,.01,,,5,0,Ci,,276,,19,-4.4,,,,
146,2022-01-10 09:00,-1.2,,.6,110,83,4.6,-3.7,1015.3,1023,.1,.24,,,3,3,Ac,40,302,,19,-1.5,,,,
146,2022-01-10 10:00,.1,,1.1,340,80,4.9,-2.9,1015.8,1023.5,.9,.91,,,6,0,Ci,,292,,19,3.1,,,,
146,2022-01-10 11:00,1.8,,.4,0,74,5.2,-2.3,1015.1,1022.7,1,1.31,,,3,0,Ci,,295,,19,5.8,,,,
146,2022-01-10 12:00,3.9,,1.4,340,66,5.4,-1.8,1013.9,1021.4,1,1.64,,,2,0,Ci,,345,,4019,11.3,,,,
146,2022-01-10 13:00,5.2,,1.4,360,48,4.2,-4.9,1012.6,1020.1,1,1.82,,,3,0,Ci,,680,,40,13.9,,,,
146,2022-01-10 14:00,6.4,,1.4,340,38,3.6,-6.9,1011.9,1019.4,1,1.74,,,5,0,Ci,,874,,40,15.8,,,,
146,2022-01-10 15:00,6.6,,3.1,250,37,3.6,-7,1011.8,1019.3,1,1.46,,,4,0,Ci,,1013,,40,11.6,,,,
146,2022-01-10 16:00,6.4,,2.5,320,39,3.8,-6.5,1011.7,1019.2,.9,.94,,,3,0,Ci,,807,,40,7.8,,,,
146,2022-01-10 17:00,5.5,,1.4,320,37,3.3,-8,1011.4,1018.9,.2,.35,,,8,0,Ci,,1021,,40,3.7,,,,
146,2022-01-10 18:00,4.1,,1.2,250,59,4.8,-3.2,1011.4,1018.9,0,.03,,,8,6,AcCi,40,642,,40,1.2,,,,
146,2022-01-10 19:00,3.5,,1.1,270,63,5,-2.8,1011.5,1019,,,,,9,9,,36,787,,40,1.2,,,,
146,2022-01-10 20:00,3.1,,1.2,270,67,5.1,-2.4,1011.2,1018.7,,,,,10,8,,40,743,,40,.9,,,,
146,2022-01-10 21:00,2.9,,.8,230,69,5.2,-2.2,1010.7,1018.2,,,,,9,0,Ci,,715,,40,.8,,,,
146,2022-01-10 22:00,2.7,,1.4,270,68,5,-2.6,1011,1018.6,,,,,10,9,,26,752,,40,.7,,,,
146,2022-01-10 23:00,2.7,,1.1,290,68,5,-2.6,1011,1018.6,,,,,10,9,,25,754,,40,.9,,,,
146,2022-01-11 00:00,2,0,1.9,290,66,4.7,-3.6,1010.5,1018.1,,,,,10,5,StNs,8,1164,,4006,.8,,,,
146,2022-01-11 01:00,1.3,,.3,0,75,5,-2.6,1009.7,1017.3,,,,,10,9,StNs,8,1253,,06,.9,,,,
146,2022-01-11 02:00,.5,,1.6,320,87,5.5,-1.4,1009.4,1017,,,,,10,9,StNs,6,554,,1906,.5,,,,
146,2022-01-11 03:00,.4,.2,2.3,250,91,5.7,-.9,1009.5,1017.1,,,,,10,9,StNs,6,686,,1906,.5,,,,
146,2022-01-11 04:00,.1,,4.6,320,76,4.7,-3.6,1009.5,1017.1,,,,,10,8,ScAs,8,879,,1906,.3,,,,
146,2022-01-11 05:00,-.2,,3.3,320,74,4.5,-4.2,1009.5,1017.1,,,,,9,9,Sc,8,846,,19,.2,,,,
146,2022-01-11 06:00,-1.2,.1,4.3,290,62,3.5,-7.5,1010.1,1017.8,,,,,8,8,Sc,11,1992,,19,-.6,,,,
146,2022-01-11 07:00,-2.8,,4.5,320,54,2.7,-10.8,1011.5,1019.2,,,,,9,9,Sc,13,2000,,,-1.7,,,,
146,2022-01-11 08:00,-3.5,,3.3,290,58,2.8,-10.5,1012,1019.8,0,.01,,,3,3,Sc,12,2000,,,-3.3,,,,
146,2022-01-11 09:00,-3.3,,3.6,290,57,2.7,-10.6,1012.7,1020.5,.6,.25,,,2,2,Sc,12,2000,,,-2.7,,,,
146,2022-01-11 10:00,-2.6,,3.3,290,48,2.4,-12.1,1013.6,1021.3,1,.87,,,0,0,,,2000,,,1.5,,,,
146,2022-01-11 11:00,-2.2,,3.3,320,43,2.2,-13.1,1013.9,1021.6,1,1.47,,,2,2,Sc,12,2000,,,4.8,,,,
146,2022-01-11 12:00,-2,,5.3,290,41,2.2,-13.5,1013.6,1021.3,1,1.85,,,3,3,Sc,12,2000,,,7.8,,,,
146,2022-01-11 13:00,-1.6,,4.1,290,41,2.2,-13.1,1012.9,1020.6,.9,1.72,,,5,5,Sc,12,2000,,,5.3,,,,
146,2022-01-11 14:00,-1.3,,4.2,320,42,2.3,-12.5,1012.7,1020.4,.8,1.14,,,5,5,Sc,12,2000,,,7.3,,,,
146,2022-01-11 15:00,-1.1,,4.8,290,43,2.4,-12.1,1012.6,1020.3,.9,1.24,,,4,4,Sc,12,2000,,,5.5,,,,
146,2022-01-11 16:00,-1.7,,4.5,290,43,2.3,-12.6,1013.1,1020.8,1,.98,,,2,2,Sc,12,2000,,,1.1,,,,
146,2022-01-11 17:00,-2.5,,4.7,320,49,2.5,-11.7,1014,1021.7,1,.54,,,3,3,Sc,12,2000,,,-1.1,,,,
146,2022-01-11 18:00,-3.6,,3.4,290,53,2.5,-11.8,1014.9,1022.7,.3,.06,,,0,0,,,2000,,,-3.2,,,,
146,2022-01-11 19:00,-4.2,,3.5,320,56,2.5,-11.6,1015.5,1023.3,,,,,0,0,,,2000,,,-4.2,,,,
146,2022-01-11 20:00,-4.9,,2.2,320,59,2.5,-11.6,1016.3,1024.1,,,,,0,0,,,2000,,,-5.1,,,,
146,2022-01-11 21:00,-5.3,,2.3,340,60,2.5,-11.8,1016.4,1024.2,,,,,0,0,,,2000,,,-5.8,,,,
146,2022-01-11 22:00,-5.6,,.5,360,61,2.5,-11.9,1016.6,1024.4,,,,,9,3,,10,2000,,,-5.4,,,,
146,2022-01-11 23:00,-5.4,,1.4,320,61,2.5,-11.7,1017.1,1024.9,,,,,7,7,,10,2000,,,-4.9,,,,
146,2022-01-12 00:00,-5.8,,2.2,340,64,2.5,-11.5,1016.9,1024.8,,,,,3,3,,,2000,,,-6.5,,,,
146,2022-01-12 01:00,-6.3,,2,360,66,2.5,-11.6,1016.8,1024.7,,,,,3,3,,7,2000,,,-7.1,,,,
146,2022-01-12 02:00,-6.6,,1.6,340,69,2.6,-11.3,1017,1024.9,,,,,0,0,,,2000,,,-7.5,,,,
146,2022-01-12 03:00,-7,,1.4,340,71,2.6,-11.3,1017.1,1025,,,,,0,0,,,1986,,,-8,,,,
146,2022-01-12 04:00,-7.1,,1.7,50,70,2.5,-11.6,1016.9,1024.8,,,,,0,0,,,1981,,,-8.1,,,,
146,2022-01-12 05:00,-6.8,,.7,90,68,2.5,-11.7,1016.7,1024.6,,,,,8,8,Sc,11,2000,,,-6.6,,,,
146,2022-01-12 06:00,-6.4,0,.5,50,65,2.5,-11.9,1016.6,1024.5,,,,,9,9,Sc,10,2000,,08,-4.9,,,,
146,2022-01-12 07:00,-6.8,,.7,50,66,2.4,-12,1016.7,1024.6,,,,,6,6,Sc,10,2000,,,-6.8,,,,
146,2022-01-12 08:00,-7.1,,1.1,50,68,2.4,-12,1017,1024.9,0,.01,,,3,3,Sc,12,1991,,,-8,,,,
146,2022-01-12 09:00,-5.1,,.8,70,60,2.5,-11.6,1016.9,1024.7,.7,.31,,,0,0,,,2000,,,-4.8,,,,
146,2022-01-12 10:00,-4.4,,1.8,360,59,2.6,-11.2,1017.3,1025.1,1,.92,,,0,0,,,2000,,,2.2,,,,
146,2022-01-12 11:00,-2.5,,1.6,360,54,2.8,-10.5,1016.9,1024.7,1,1.46,,,0,0,,,2000,,,5.5,,,,
146,2022-01-12 12:00,-1.6,,1.7,340,52,2.8,-10.1,1015.9,1023.6,1,1.84,,,2,2,Sc,12,2000,,,10.2,,,,
146,2022-01-12 13:00,-1.3,,3.3,270,51,2.8,-10.1,1014.9,1022.6,1,1.72,,,2,2,Sc,12,2000,,,10.5,,,,
146,2022-01-12 14:00,-.6,,1.4,320,54,3.2,-8.7,1014.4,1022.1,.9,1.63,,,6,6,Sc,10,2000,,,8.2,,,,
146,2022-01-12 15:00,.8,,3.2,270,49,3.2,-8.7,1014.2,1021.8,.7,1.21,,,6,6,Sc,10,2000,,,8.8,,,,
146,2022-01-12 16:00,-.1,,5.5,270,50,3,-9.2,1014.2,1021.9,.9,1.08,,,5,5,Sc,12,2000,,,2.3,,,,
146,2022-01-12 17:00,-1.2,,4.5,270,53,3,-9.5,1014.7,1022.4,1,.54,,,3,3,Sc,12,2000,,,-.9,,,,
146,2022-01-12 18:00,-2.2,,3.5,270,54,2.8,-10.2,1014.5,1022.2,.4,.06,,,0,0,,,2000,,,-2.6,,,,
146,2022-01-12 19:00,-2.8,,3.2,270,56,2.8,-10.3,1015.5,1023.3,,,,,3,0,,,2000,,,-3.3,,,,
146,2022-01-12 20:00,-3.2,,2,290,56,2.7,-10.7,1015.7,1023.5,,,,,4,3,,67,2000,,,-4,,,,
146,2022-01-12 21:00,-3.7,,1.5,320,58,2.7,-10.7,1015.7,1023.5,,,,,2,0,Ci,,2000,,,-4.7,,,,
146,2022-01-12 22:00,-4,,.8,340,60,2.7,-10.6,1015.3,1023.1,,,,,9,8,,46,2000,,,-4.6,,,,
146,2022-01-12 23:00,-3.8,,.2,0,56,2.6,-11.3,1014.8,1022.6,,,,,0,0,,,2000,,,-6,,,,
146,2022-01-13 00:00,-4.1,,.9,110,61,2.8,-10.5,1014.6,1022.4,,,,,8,8,Sc,15,2000,,,-3.6,,,,
146,2022-01-13 01:00,-4.9,,.9,160,63,2.7,-10.8,1013.2,1021,,,,,8,1,,19,2000,,,-5.6,,,,
146,2022-01-13 02:00,-5,,.4,0,62,2.6,-11.1,1013.4,1021.2,,,,,7,4,,13,2000,,,-4,,,,
146,2022-01-13 03:00,-5.1,,1.2,140,62,2.6,-11.2,1012.6,1020.4,,,,,0,0,,,2000,,,-6.1,,,,
146,2022-01-13 04:00,-4.9,,1,110,64,2.7,-10.6,1012.2,1020,,,,,8,8,Sc,18,2000,,,-4.2,,,,
146,2022-01-13 05:00,-5.4,,1.5,110,62,2.5,-11.5,1011.6,1019.4,,,,,0,0,,,2000,,,-6.5,,,,
146,2022-01-13 06:00,-5.9,,1.5,110,61,2.4,-12.2,1011.1,1018.9,,,,,6,6,Sc,15,2000,,,-6.5,,,,
146,2022-01-13 07:00,-5.6,,1.1,20,65,2.6,-11.1,1011.7,1019.5,,,,,9,9,Sc,12,2000,,,-3.8,,,,
146,2022-01-13 08:00,-5.9,,3.7,340,80,3.2,-8.7,1013.6,1021.4,0,0,,,9,9,Sc,8,191,,1905,-3.4,,,,
146,2022-01-13 09:00,-5.4,.1,.5,320,83,3.4,-7.8,1014.6,1022.4,0,.15,.2,.2,10,6,StNs,8,745,,1905,-1.1,,,,
146,2022-01-13 10:00,-4.2,,1.5,360,75,3.4,-7.9,1015.6,1023.4,.4,.58,.3,,2,2,Sc,10,1667,,1905,1.1,,,,
146,2022-01-13 11:00,-2.2,,2.6,340,66,3.4,-7.7,1015.5,1023.2,1,1.41,,,2,2,Sc,10,1968,,,6.6,,,,
146,2022-01-13 12:00,-1.9,.1,3.5,320,54,2.9,-9.9,1015.1,1022.8,1,1.69,,.2,5,5,Sc,12,2000,,,5.9,,,,
146,2022-01-13 13:00,-.8,,5.9,290,46,2.6,-11,1014.6,1022.3,.9,1.53,,,7,7,Sc,13,2000,,,7.6,,,,
146,2022-01-13 14:00,-.2,,6.3,290,38,2.3,-12.8,1014,1021.7,.8,1.61,,,6,6,Sc,15,2000,,,9.8,,,,
146,2022-01-13 15:00,-.9,,5.5,290,41,2.3,-12.5,1014.3,1022,.7,.89,,,3,3,Sc,15,2000,,,1.7,,,,
146,2022-01-13 16:00,-1.3,,3.6,290,45,2.5,-11.7,1014.9,1022.6,.6,.66,,,3,3,Sc,15,2000,,,-.5,,,,
146,2022-01-13 17:00,-1.4,,5.2,290,46,2.5,-11.5,1015.3,1023,.6,.32,,,6,6,Sc,12,2000,,,-.8,,,,
146,2022-01-13 18:00,-2.5,,3.9,290,51,2.6,-11.2,1015.7,1023.4,.4,.07,,,0,0,,,2000,,,-3.1,,,,
146,2022-01-13 19:00,-3.4,,2.3,340,54,2.6,-11.3,1016.4,1024.2,,,,,0,0,,,2000,,,-4.2,,,,
146,2022-01-13 20:00,-3.8,,2,320,56,2.6,-11.3,1016.8,1024.6,,,,,0,0,,,2000,,,-4.9,,,,
146,2022-01-13 21:00,-4.3,,2.3,320,60,2.7,-10.9,1016.9,1024.7,,,,,0,0,,,2000,,,-5.7,,,,
146,2022-01-13 22:00,-4.6,,2.3,340,58,2.5,-11.6,1017.5,1025.3,,,,,0,0,,,2000,,,-6.1,,,,
146,2022-01-13 23:00,-4.8,,1.1,290,59,2.5,-11.6,1017.7,1025.5,,,,,0,0,,,2000,,,-6.5,,,,
146,2022-01-14 00:00,-5.4,,1.6,340,63,2.6,-11.3,1018,1025.8,,,,,0,0,,,2000,,,-7.1,,,,
146,2022-01-14 01:00,-5.6,,1.6,340,61,2.5,-11.9,1018.2,1026.1,,,,,0,0,,,2000,,,-7.3,,,,
146,2022-01-14 02:00,-6.4,,.9,360,64,2.4,-12.1,1018.6,1026.5,,,,,0,0,,,2000,,,-7.9,,,,
146,2022-01-14 03:00,-5.9,,.6,70,61,2.4,-12.2,1019.1,1027,,,,,0,0,,,2000,,,-8.2,,,,
146,2022-01-14 04:00,-6.4,,1.1,70,60,2.3,-12.9,1018.8,1026.7,,,,,0,0,,,2000,,,-8.2,,,,
146,2022-01-14 05:00,-6.8,,1.2,140,65,2.4,-12.2,1018.7,1026.6,,,,,0,0,,,2000,,,-8.3,,,,
146,2022-01-14 06:00,-7.5,,.9,140,68,2.4,-12.3,1019,1026.9,,,,,0,0,,,1988,,,-8.7,,,,
146,2022-01-14 07:00,-7.5,,1.1,140,70,2.4,-12,1019.7,1027.6,,,,,0,0,,,1992,,,-8.8,,,,
146,2022-01-14 08:00,-8.1,,1.6,110,73,2.4,-12,1019.8,1027.7,0,.01,,,0,0,,,1976,,,-8.4,,,,
146,2022-01-14 09:00,-5.3,,.7,140,62,2.6,-11.4,1020.2,1028.1,.8,.34,,,0,0,,,2000,,,-4.9,,,,
146,2022-01-14 10:00,-2.9,,.8,160,51,2.5,-11.6,1020.6,1028.4,1,.97,,,0,0,,,2000,,,3.2,,,,
146,2022-01-14 11:00,-1.7,,1.1,90,47,2.5,-11.5,1020.7,1028.5,1,1.49,,,0,0,,,2000,,,6.1,,,,
146,2022-01-14 12:00,-.7,,1.3,320,42,2.4,-12,1019.9,1027.6,1,1.86,,,0,0,,,2000,,,11,,,,
146,2022-01-14 13:00,.2,,1,50,39,2.4,-12.1,1019,1026.7,1,2,,,0,0,,,2000,,,12.7,,,,
146,2022-01-14 14:00,.4,,1.5,320,34,2.1,-13.6,1018.2,1025.9,1,1.95,,,0,0,,,2000,,,12.1,,,,
146,2022-01-14 15:00,1.2,,2.1,360,31,2.1,-14.1,1017.3,1025,1,1.68,,,0,0,,,2000,,,9.1,,,,
146,2022-01-14 16:00,1.8,,1.9,290,30,2.1,-13.9,1017,1024.6,1,1.15,,,3,0,Ci,,2000,,,3.8,,,,
146,2022-01-14 17:00,1.2,,.9,320,30,2,-14.5,1016.4,1024,1,.48,,,5,0,Ci,,2000,,,-.4,,,,
146,2022-01-14 18:00,.4,,.7,290,33,2.1,-14,1016.9,1024.6,.2,.06,,,5,0,Ci,,2000,,,-2.5,,,,
146,2022-01-14 19:00,-.1,,.4,0,34,2.1,-14.1,1017,1024.7,,,,,7,0,,,2000,,,-3.7,,,,
146,2022-01-14 20:00,-.9,,.3,0,40,2.3,-12.8,1017.2,1024.9,,,,,9,2,,68,2000,,,-4.1,,,,
146,2022-01-14 21:00,-1.4,,.1,0,44,2.4,-12.1,1017.5,1025.2,,,,,7,0,Ci,,2000,,,-4,,,,
146,2022-01-14 22:00,-1.9,,.7,140,47,2.5,-11.7,1018.1,1025.8,,,,,10,9,,59,2000,,,-3.3,,,,
146,2022-01-14 23:00,-2.3,,1.1,140,49,2.5,-11.5,1018,1025.8,,,,,10,10,,55,2000,,,-3.2,,,,
146,2022-01-15 00:00,-2.6,,1.2,140,51,2.6,-11.3,1017.8,1025.6,,,,,9,0,Ci,,2000,,,-3.3,,,,
146,2022-01-15 01:00,-2.7,,1.3,110,54,2.7,-10.7,1017.1,1024.9,,,,,10,10,,54,2000,,,-3,,,,
146,2022-01-15 02:00,-2.5,,.5,140,53,2.7,-10.7,1016.9,1024.7,,,,,10,10,,44,2000,,,-3.1,,,,
146,2022-01-15 03:00,-2.6,,.5,270,54,2.7,-10.6,1016.9,1024.7,,,,,9,0,Ci,,2000,,,-3.6,,,,
146,2022-01-15 04:00,-2.7,,.6,90,55,2.8,-10.5,1016.6,1024.4,,,,,9,0,Ci,,2000,,,-3.9,,,,
146,2022-01-15 05:00,-3.1,,.6,70,57,2.8,-10.4,1016.5,1024.3,,,,,9,9,Ac,44,2000,,,-4.2,,,,
146,2022-01-15 06:00,-3.2,,0,0,58,2.8,-10.3,1016.8,1024.6,,,,,7,7,Ac,39,1992,,,-4.8,,,,
146,2022-01-15 07:00,-3.4,,.9,140,59,2.8,-10.2,1016.7,1024.5,,,,,8,5,ScAc,10,2000,,,-3.6,,,,
146,2022-01-15 08:00,-3.5,,.6,90,60,2.8,-10.1,1016.9,1024.7,0,.02,,,8,8,Ac,33,2000,,,-4.2,,,,
146,2022-01-15 09:00,-2.9,,.2,0,59,2.9,-9.8,1017.2,1025,.1,.18,,,8,8,Ac,38,2000,,,-2.3,,,,
146,2022-01-15 10:00,-.7,,.7,140,51,3,-9.6,1016.7,1024.4,.3,.55,,,8,8,Ac,39,2000,,,1.1,,,,
146,2022-01-15 11:00,2,,.7,90,39,2.8,-10.5,1016.8,1024.4,.8,1.15,,,3,3,Ac,34,2000,,,4.6,,,,
146,2022-01-15 12:00,5.3,,1.2,140,26,2.3,-12.7,1015.3,1022.8,1,1.71,,,2,2,Ac,33,2000,,,12.2,,,,
146,2022-01-15 13:00,7.3,,.6,20,29,3,-9.6,1014.8,1022.3,1,1.88,,,3,3,Sc,15,2000,,,14.9,,,,
146,2022-01-15 14:00,6.3,,1.1,340,32,3,-9.2,1014.6,1022.1,.5,1.37,,,9,9,Sc,16,2000,,,9.3,,,,
146,2022-01-15 15:00,6.5,,1.1,320,31,3,-9.4,1014.6,1022.1,0,.59,,,9,9,Sc,11,2000,,,7.3,,,,
146,2022-01-15 16:00,6.2,,.4,0,34,3.2,-8.5,1014.5,1022,0,.47,,,9,9,Sc,10,2000,,,5.5,,,,
146,2022-01-15 17:00,5.9,,.2,0,42,3.9,-6,1014.5,1022,0,.13,,,9,9,Sc,15,2000,,,3.2,,,,
146,2022-01-15 18:00,5.8,,0,0,42,3.9,-6.1,1014.6,1022.1,0,.02,,,9,9,Sc,10,2000,,,1.7,,,,
146,2022-01-15 19:00,5.2,,.8,140,43,3.8,-6.3,1014.9,1022.4,,,,,0,0,,,2000,,,.2,,,,
146,2022-01-15 20:00,4.4,,1.3,140,48,4,-5.6,1015.1,1022.6,,,,,7,7,,15,2000,,,0,,,,
146,2022-01-15 21:00,4.3,,1.1,110,51,4.2,-4.9,1015.4,1022.9,,,,,8,8,Sc,10,2000,,,.1,,,,
146,2022-01-15 22:00,3.7,,1.1,110,56,4.5,-4.2,1015.3,1022.9,,,,,8,8,,14,2000,,,0,,,,
146,2022-01-15 23:00,3.3,,1.2,110,60,4.6,-3.7,1015.1,1022.7,,,,,10,9,,13,2000,,,.3,,,,
146,2022-01-16 00:00,3.4,,1.2,140,63,4.9,-2.9,1015.6,1023.2,,,,,7,7,,,2000,,,.1,,,,
146,2022-01-16 01:00,4.4,,1.2,180,66,5.5,-1.4,1015.4,1022.9,,,,,0,0,,,2000,,,.5,,,,
146,2022-01-16 02:00,5.7,,2.9,230,71,6.5,.8,1015.2,1022.7,,,,,10,8,ScAs,8,1891,,01,1.4,,,,
146,2022-01-16 03:00,5.6,0,1.3,200,72,6.5,.9,1015.1,1022.6,,,,,10,6,StNs,6,1404,,01,2,,,,
146,2022-01-16 04:00,4.1,,3.2,230,84,6.9,1.6,1015.3,1022.8,,,,,10,6,StNs,6,871,,1901,2.5,,,,
146,2022-01-16 05:00,4.2,,2.5,270,83,6.8,1.5,1015.2,1022.7,,,,,10,7,StNs,6,714,,1901,2.2,,,,
146,2022-01-16 06:00,3.5,.4,1.7,230,83,6.5,.8,1015.5,1023.1,,,,,10,6,ScAs,8,708,,1901,0,,,,
146,2022-01-16 07:00,3.6,,1.8,230,80,6.3,.4,1015.9,1023.5,,,,,10,6,ScAs,8,659,,1901,.5,,,,
146,2022-01-16 08:00,2.7,,2.8,320,78,5.8,-.7,1016.8,1024.4,0,0,,,9,9,Sc,10,433,,1901,.6,,,,
146,2022-01-16 09:00,2,0,3.2,270,75,5.3,-1.9,1017.6,1025.2,0,.1,,,9,9,Sc,10,519,,19,1,,,,
146,2022-01-16 10:00,1.6,,3.6,290,52,3.6,-7.2,1018.4,1026,0,.35,,,3,3,Sc,10,1946,,4019,2,,,,
146,2022-01-16 11:00,3.2,,3.2,290,56,4.3,-4.7,1019,1026.6,.6,1.04,,,4,4,Sc,10,2000,,,9.9,,,,
146,2022-01-16 12:00,3.1,,4.9,270,52,4,-5.8,1019,1026.6,1,2.02,,,4,4,Sc,10,2000,,,13.4,,,,
146,2022-01-16 13:00,2.1,,5.8,270,52,3.7,-6.7,1018.8,1026.4,1,1.95,,,4,4,Sc,10,2000,,,11.3,,,,
146,2022-01-16 14:00,2,,4.7,270,49,3.5,-7.6,1018.7,1026.3,1,2.12,,,3,3,Sc,10,2000,,,13.1,,,,
146,2022-01-16 15:00,.8,,4.6,290,53,3.4,-7.7,1018.6,1026.3,.6,.8,,,4,4,Sc,10,2000,,,3.3,,,,
146,2022-01-16 16:00,.7,,4.1,290,53,3.4,-7.8,1019.1,1026.8,.7,.77,,,3,3,Sc,10,2000,,,2.4,,,,
146,2022-01-16 17:00,.6,,4.6,270,53,3.4,-7.9,1019,1026.7,.8,.55,,,2,2,Sc,10,2000,,,.2,,,,
146,2022-01-16 18:00,-.8,,4.1,290,55,3.2,-8.7,1019.2,1026.9,.4,.07,,,0,0,,,2000,,,-1.7,,,,
146,2022-01-16 19:00,-1.4,,1.8,320,58,3.2,-8.6,1020,1027.7,,,,,0,0,,,2000,,,-2.9,,,,
146,2022-01-16 20:00,-1.9,,1.9,320,58,3.1,-9,1020.3,1028.1,,,,,0,0,,,2000,,,-3.6,,,,
146,2022-01-16 21:00,-2,,2,290,60,3.2,-8.7,1020.6,1028.4,,,,,0,0,,,2000,,,-4.2,,,,
146,2022-01-16 22:00,-3,,1.3,340,63,3.1,-9,1020.7,1028.5,,,,,0,0,,,2000,,,-5.2,,,,
146,2022-01-16 23:00,-3.3,,.9,360,63,3,-9.3,1020.3,1028.1,,,,,0,0,,,2000,,,-5.6,,,,
146,2022-01-17 00:00,-3.6,,1.1,50,63,3,-9.6,1020.8,1028.6,,,,,0,0,,,2000,,,-6,,,,
146,2022-01-17 01:00,-3.8,,.8,360,65,3,-9.4,1020.6,1028.4,,,,,0,0,,,2000,,,-6.3,,,,
146,2022-01-17 02:00,-4.4,,1.1,50,66,2.9,-9.8,1020.9,1028.7,,,,,0,0,,,2000,,,-6.4,,,,
146,2022-01-17 03:00,-4.5,,1.3,70,68,3,-9.5,1021,1028.9,,,,,0,0,,,2000,,,-7,,,,
146,2022-01-17 04:00,-4.7,,1.1,50,66,2.9,-10,1020.9,1028.8,,,,,0,0,,,2000,,,-7.1,,,,
146,2022-01-17 05:00,-4.5,,1,50,64,2.8,-10.2,1020.7,1028.6,,,,,6,0,Ci,,2000,,,-7.1,,,,
146,2022-01-17 06:00,-4.9,,1,140,72,3.1,-9.1,1020.6,1028.5,,,,,6,0,Ci,,2000,,,-7.1,,,,
146,2022-01-17 07:00,-5.2,,1,140,74,3.1,-9.1,1020.9,1028.8,,,,,7,0,Ci,,2000,,,-7,,,,
146,2022-01-17 08:00,-5.3,,1.1,140,74,3,-9.2,1021.1,1029,0,.01,,,7,0,Ci,,2000,,,-6.2,,,,
146,2022-01-17 09:00,-2.9,,.9,140,66,3.3,-8.3,1021.3,1029.1,.4,.34,,,8,6,ScCi,10,2000,,,-.5,,,,
146,2022-01-17 10:00,-1.9,,1,160,63,3.3,-8,1021.9,1029.7,.1,.41,,,9,9,Sc,10,2000,,,.4,,,,
146,2022-01-17 11:00,-.5,,1.5,70,55,3.2,-8.4,1021.4,1029.1,.6,1.06,,,3,0,Ci,,2000,,,6.3,,,,
146,2022-01-17 12:00,.8,,.9,320,54,3.5,-7.4,1020.8,1028.5,.9,1.61,,,6,3,ScCi,10,2000,,,6.9,,,,
146,2022-01-17 13:00,1.2,,1.3,360,56,3.7,-6.6,1019.6,1027.3,.7,1.29,,,6,6,Sc,10,2000,,,6.5,,,,
146,2022-01-17 14:00,1.6,,2.6,230,60,4.1,-5.3,1019.3,1027,.5,1.25,,,6,6,Sc,10,2000,,05,10.3,,,,
146,2022-01-17 15:00,.8,0,1.5,290,74,4.8,-3.3,1018.8,1026.5,.2,.61,,,6,6,Sc,10,1525,,05,5,,,,
146,2022-01-17 16:00,2.1,,2.8,250,69,4.9,-3,1018.7,1026.3,.6,.8,,,3,3,Sc,10,2000,,05,3.4,,,,
146,2022-01-17 17:00,1.6,,3.5,250,75,5.2,-2.3,1018.2,1025.8,.6,.37,,,9,9,Sc,10,774,,05,.8,,,,
146,2022-01-17 18:00,.9,.2,4.3,270,84,5.5,-1.5,1018.2,1025.9,0,.02,.4,.4,9,9,Sc,10,697,,05,.2,,,,
146,2022-01-17 19:00,.5,,3.8,290,85,5.4,-1.7,1019.1,1026.8,,,.4,,9,9,Sc,10,1123,,05,-.2,,,,
146,2022-01-17 20:00,.2,,2.5,290,76,4.7,-3.5,1019.8,1027.5,,,.4,,9,7,,11,1978,,,-.5,,,,
146,2022-01-17 21:00,-.5,0,3.9,340,68,4,-5.6,1020.4,1028.1,,,.4,,9,9,Sc,9,2000,,,-.5,,,,
146,2022-01-17 22:00,-1.5,,3.8,320,65,3.6,-7.2,1021,1028.8,,,.4,,8,8,,11,2000,,,-1.3,,,,
146,2022-01-17 23:00,-3,,1.7,340,60,3,-9.6,1021.1,1028.9,,,.3,,0,0,,,2000,,,-3.4,,,,
146,2022-01-18 00:00,-4,,2,320,56,2.5,-11.5,1021.4,1029.2,,,.3,,0,0,,,2000,,,-3.4,,,,
146,2022-01-18 01:00,-4.8,,2.2,340,57,2.4,-12,1021.5,1029.4,,,.3,,0,0,,,2000,,,-5,,,,
146,2022-01-18 02:00,-5.2,,1.9,340,61,2.5,-11.5,1021.5,1029.4,,,.3,,0,0,,,2000,,,-5.7,,,,
146,2022-01-18 03:00,-5.7,,2.7,340,59,2.4,-12.4,1021.7,1029.6,,,.3,,0,0,,,2000,,,-6.3,,,,
146,2022-01-18 04:00,-6.2,,1,340,61,2.3,-12.5,1021.7,1029.6,,,.3,,0,0,,,2000,,,-7,,,,
146,2022-01-18 05:00,-6.2,,.6,20,59,2.3,-12.9,1021.4,1029.3,,,.3,,0,0,,,2000,,,-7.6,,,,
146,2022-01-18 06:00,-6.2,,.5,50,49,1.9,-15.1,1021.6,1029.5,,,.3,,0,0,,,2000,,,-8,,,,
146,2022-01-18 07:00,-6,,.3,0,51,2,-14.5,1021.8,1029.7,,,.3,,0,0,,,2000,,,-8.4,,,,
146,2022-01-18 08:00,-6.8,,1.1,110,62,2.3,-12.8,1022.1,1030,0,.01,.3,,0,0,,,1989,,,-8.1,,,,
146,2022-01-18 09:00,-4.7,,.6,160,52,2.3,-13,1022.8,1030.7,.7,.36,.3,,0,0,,,2000,,,-4.4,,,,
146,2022-01-18 10:00,-3.8,,1.6,360,48,2.2,-13.2,1023.3,1031.1,1,1.01,,,0,0,,,2000,,,1.9,,,,
146,2022-01-18 11:00,-2.8,,1.5,320,47,2.3,-12.5,1023.2,1031,1,1.55,,,0,0,,,2000,,,6.5,,,,
146,2022-01-18 12:00,-1.1,,.7,290,42,2.4,-12.4,1022.4,1030.2,1,1.91,,,0,0,,,2000,,,9.5,,,,
146,2022-01-18 13:00,-.5,,3.3,340,31,1.8,-15.5,1021.2,1028.9,1,2.06,,,0,0,,,2000,,,12.2,,,,
146,2022-01-18 14:00,1,,1.7,290,30,2,-14.6,1020.2,1027.9,1,2.02,,,0,0,,,2000,,,11.6,,,,
146,2022-01-18 15:00,1.2,,2.5,320,29,1.9,-14.9,1019.5,1027.2,1,1.72,,,0,0,,,2000,,,9.1,,,,
146,2022-01-18 16:00,1.2,,2.3,320,29,1.9,-14.9,1019,1026.7,1,1.25,,,0,0,,,2000,,,5,,,,
146,2022-01-18 17:00,.7,,2.8,320,29,1.9,-15.3,1018.9,1026.6,1,.62,,,0,0,,,2000,,,-.3,,,,
146,2022-01-18 18:00,-.3,,1.5,290,33,2,-14.6,1019.3,1027,.6,.1,,,0,0,,,2000,,,-2,,,,
146,2022-01-18 19:00,-.9,,2.3,270,39,2.2,-13.1,1019.7,1027.4,,,,,0,0,,,2000,,,-3.1,,,,
146,2022-01-18 20:00,-1.2,,.9,250,50,2.8,-10.3,1020.2,1027.9,,,,,0,0,,,2000,,,-4,,,,
146,2022-01-18 21:00,-2.2,,1,340,56,2.9,-9.8,1020.2,1028,,,,,0,0,,,1170,,,-4.7,,,,
146,2022-01-18 22:00,-2.5,,.7,90,52,2.6,-11,1020.1,1027.9,,,,,0,0,,,1996,,,-5.5,,,,
146,2022-01-18 23:00,-3.3,,.1,0,57,2.7,-10.6,1020.1,1027.9,,,,,0,0,,,1964,,,-6.4,,,,
146,2022-01-19 00:00,-4.3,,.1,0,61,2.7,-10.7,1020.1,1027.9,,,,,0,0,,,1919,,,-7,,,,
146,2022-01-19 01:00,-4.7,,.5,250,65,2.8,-10.2,1020.2,1028.1,,,,,0,0,,,1784,,,-7.5,,,,
146,2022-01-19 02:00,-5.7,,1.1,140,66,2.6,-11,1020,1027.9,,,,,0,0,,,1814,,,-7.6,,,,
146,2022-01-19 03:00,-5.8,,.8,110,67,2.7,-10.9,1020,1027.9,,,,,0,0,,,1905,,,-7.9,,,,
146,2022-01-19 04:00,-6.6,,1.3,110,69,2.6,-11.3,1019.7,1027.6,,,,,0,0,,,1834,,,-7.9,,,,
146,2022-01-19 05:00,-7,,1.3,110,70,2.5,-11.5,1019.6,1027.5,,,,,0,0,,,1871,,,-8.1,,,,
146,2022-01-19 06:00,-7.2,,1.1,110,69,2.5,-11.9,1019.6,1027.5,,,,,0,0,,,1922,,,-8.2,,,,
146,2022-01-19 07:00,-7.7,,1.6,140,70,2.4,-12.2,1019.4,1027.3,,,,,0,0,,,1924,,,-8.2,,,,
146,2022-01-19 08:00,-7.4,,2.1,140,66,2.3,-12.6,1018.9,1026.8,0,.01,,,0,0,,,1995,,,-7.8,,,,
146,2022-01-19 09:00,-4.8,,1.1,160,56,2.4,-12.2,1018.7,1026.5,.7,.31,,,0,0,,,2000,,,-3.9,,,,
146,2022-01-19 10:00,-1.8,,.2,0,49,2.6,-11.1,1018.6,1026.3,1,.84,,,0,0,,,2000,,,2.1,,,,
146,2022-01-19 11:00,.3,,1,140,40,2.5,-11.7,1018.1,1025.8,1,1.37,,,0,0,,,2000,,,5.5,,,,
146,2022-01-19 12:00,3.1,,1.1,200,35,2.7,-10.9,1016.9,1024.5,1,1.77,,,0,0,,,2000,,,10.5,,,,
146,2022-01-19 13:00,4.6,,1.2,200,32,2.7,-10.7,1015.8,1023.3,1,1.92,,,0,0,,,2000,,,13.1,,,,
146,2022-01-19 14:00,5.4,,2.5,250,40,3.6,-7.1,1015,1022.5,.7,1.49,,,6,4,ScAc,10,2000,,,9.7,,,,
146,2022-01-19 15:00,5,,4.2,250,45,3.9,-5.9,1014.4,1021.9,.6,1.25,,,9,6,ScAc,13,2000,,,7.2,,,,
146,2022-01-19 16:00,2,,4.7,290,71,5,-2.7,1015.2,1022.8,0,.23,,,10,8,ScAs,9,1069,,05,2.7,,,,
146,2022-01-19 17:00,.4,,2.2,340,90,5.7,-1,1015.1,1022.8,0,.08,,,10,9,ScAs,8,205,,05,.3,,,,
146,2022-01-19 18:00,.3,.2,2.6,250,89,5.6,-1.3,1015.4,1023.1,0,.01,.4,.4,10,3,ScAs,10,562,,05,.1,,,,
146,2022-01-19 19:00,.3,,3.1,290,75,4.7,-3.6,1015.9,1023.6,,,.4,,9,9,Sc,10,777,,1905,0,,,,
146,2022-01-19 20:00,-.2,,1.9,320,72,4.3,-4.6,1016.3,1024,,,.3,,7,7,,8,826,,19,-.2,,,,
146,2022-01-19 21:00,-.9,0,3,320,71,4.1,-5.5,1016.6,1024.3,,,.1,,9,9,Sc,10,1032,,1906,-.3,,,,
146,2022-01-19 22:00,-1.2,,3.5,290,62,3.5,-7.5,1016.9,1024.6,,,,,6,6,Sc,10,2000,,06,-.9,,,,
146,2022-01-19 23:00,-2.4,,2.3,290,62,3.2,-8.7,1017.3,1025.1,,,,,1,1,,12,2000,,,-2.4,,,,
146,2022-01-20 00:00,-3.5,0,2.7,320,66,3.1,-8.9,1017.5,1025.3,,,,,1,1,Sc,10,1999,,,-2.8,,,,
146,2022-01-20 01:00,-4.4,,4.5,340,69,3,-9.2,1018,1025.8,,,,,6,0,,,1858,,,-3.8,,,,
146,2022-01-20 02:00,-5.5,,2.9,340,69,2.8,-10.2,1018.6,1026.5,,,,,0,0,,,1719,,,-4.8,,,,
146,2022-01-20 03:00,-6.3,,2.1,340,70,2.7,-10.8,1019.1,1027,,,,,0,0,,,1665,,,-4.6,,,,
146,2022-01-20 04:00,-6.8,,1.5,340,73,2.7,-10.8,1019,1026.9,,,,,0,0,,,1512,,,-6.1,,,,
146,2022-01-20 05:00,-6.9,,1.2,320,71,2.6,-11.2,1019.1,1027,,,,,0,0,,,1432,,,-6.6,,,,
146,2022-01-20 06:00,-6.9,,.2,0,73,2.7,-10.9,1019.3,1027.2,,,,,0,0,,,1300,,,-7,,,,
146,2022-01-20 07:00,-7.8,,.6,20,77,2.6,-11.1,1019.9,1027.8,,,,,0,0,,,1148,,,-7.4,,,,
146,2022-01-20 08:00,-7.9,,.8,290,79,2.7,-10.9,1020.8,1028.7,0,.01,,,0,0,,,1081,,,-7.3,,,,
146,2022-01-20 09:00,-6.3,,.5,320,70,2.7,-10.8,1021.6,1029.5,.7,.38,,,0,0,,,1150,,,-4.1,,,,
146,2022-01-20 10:00,-5,,.9,320,67,2.8,-10.1,1022,1029.9,1,1,,,0,0,,,1128,,,.5,,,,
146,2022-01-20 11:00,-3.5,,1.2,320,59,2.8,-10.3,1021.9,1029.7,1,1.49,,,0,0,,,1207,,,5.8,,,,
146,2022-01-20 12:00,-2.1,,1.6,340,58,3,-9.2,1021.3,1029.1,1,1.87,,,0,0,,,1388,,,9.5,,,,
146,2022-01-20 13:00,-.6,,1.4,320,51,3,-9.5,1020.8,1028.5,1,2.03,,,0,0,,,1492,,,12.2,,,,
146,2022-01-20 14:00,1.4,,1.4,360,47,3.2,-8.7,1020.2,1027.9,1,1.96,,,0,0,,,1509,,,12,,,,
146,2022-01-20 15:00,1.4,,1.8,320,45,3,-9.2,1020,1027.7,1,1.68,,,0,0,,,1624,,,9.4,,,,
146,2022-01-20 16:00,1.8,,1.7,270,45,3.1,-8.8,1020.1,1027.8,1,1.19,,,0,0,,,1641,,,5.6,,,,
146,2022-01-20 17:00,2.1,,1.2,250,45,3.2,-8.6,1020.2,1027.8,1,.61,,,0,0,,,1683,,,.2,,,,
146,2022-01-20 18:00,.3,,2.3,290,49,3.1,-9.1,1020.7,1028.4,.6,.1,,,0,0,,,1962,,,-1.1,,,,
146,2022-01-20 19:00,-.9,,2.4,270,62,3.6,-7.2,1021.2,1028.9,,,,,0,0,,,1348,,,-2.3,,,,
146,2022-01-20 20:00,-1.3,,.6,160,65,3.6,-7,1021.9,1029.7,,,,,0,0,,,1196,,,-3.2,,,,
146,2022-01-20 21:00,-1.6,,.7,230,68,3.7,-6.7,1022.1,1029.9,,,,,0,0,,,1079,,,-4,,,,
146,2022-01-20 22:00,-2.3,,.6,140,68,3.5,-7.4,1022.2,1030,,,,,0,0,,,1056,,,-4.8,,,,
146,2022-01-20 23:00,-2.8,,.6,90,70,3.5,-7.5,1022.3,1030.1,,,,,0,0,,,977,,19,-5.2,,,,
146,2022-01-21 00:00,-3.7,,1.2,110,73,3.4,-7.8,1022.4,1030.2,,,,,0,0,,,904,,19,-5.6,,,,
146,2022-01-21 01:00,-4.3,,.9,110,75,3.3,-8,1022.4,1030.3,,,,,0,0,,,859,,19,-6.1,,,,
146,2022-01-21 02:00,-5.2,,1,140,77,3.2,-8.6,1022.5,1030.4,,,,,0,0,,,824,,19,-6.6,,,,
146,2022-01-21 03:00,-5.8,,1.7,110,81,3.2,-8.5,1022.5,1030.4,,,,,0,0,,,771,,19,-6.9,,,,
146,2022-01-21 04:00,-6,,1.1,140,82,3.2,-8.5,1022.3,1030.2,,,,,0,0,,,725,,19,-7.5,,,,
146,2022-01-21 05:00,-6.1,,1.2,90,81,3.1,-8.8,1022.5,1030.4,,,,,0,0,,,744,,19,-7.6,,,,
146,2022-01-21 06:00,-6.6,,1.1,140,83,3.1,-9,1022.5,1030.4,,,,,0,0,,,669,,19,-8.1,,,,
146,2022-01-21 07:00,-6.8,,1.3,110,80,3,-9.6,1022.9,1030.8,,,,,0,0,,,779,,19,-8.1,,,,
146,2022-01-21 08:00,-7.1,,1.2,110,80,2.9,-9.9,1023.6,1031.5,0,.01,,,0,0,,,787,,19,-7.9,,,,
146,2022-01-21 09:00,-4.5,,.9,110,68,3,-9.5,1023.9,1031.8,.9,.48,,,0,0,,,968,,4019,-3.7,,,,
146,2022-01-21 10:00,-2.6,,.9,70,58,2.9,-9.7,1023.9,1031.7,1,1.03,,,0,0,,,1238,,40,2.8,,,,
146,2022-01-21 11:00,.5,,.4,0,49,3.1,-9,1023.9,1031.6,1,1.58,,,1,0,Ci,,1448,,,7.5,,,,
146,2022-01-21 12:00,2,,1.5,340,48,3.4,-7.8,1023.2,1030.9,1,1.9,,,5,0,Ci,,1282,,,11.6,,,,
146,2022-01-21 13:00,4.9,,1.3,320,42,3.6,-6.9,1022.1,1029.7,1,2.01,,,7,0,Ci,,1449,,,14.1,,,,
146,2022-01-21 14:00,5.7,,1.7,270,37,3.4,-7.8,1021.3,1028.9,1,1.94,,,5,0,Ci,,1971,,,13.8,,,,
146,2022-01-21 15:00,5.5,,1.9,340,37,3.3,-8,1020.9,1028.5,1,1.61,,,6,0,Ci,,1982,,,10.6,,,,
146,2022-01-21 16:00,5.5,,1.5,340,36,3.2,-8.4,1020.8,1028.4,1,1.07,,,4,0,Ci,,2000,,,6.8,,,,
146,2022-01-21 17:00,5.2,,.9,290,37,3.3,-8.3,1020.8,1028.4,1,.54,,,4,0,Ci,,2000,,,1.1,,,,
146,2022-01-21 18:00,3.9,,.8,320,41,3.3,-8.1,1020.9,1028.5,.3,.09,,,1,0,Ci,,2000,,,-.7,,,,
146,2022-01-21 19:00,3.2,,.4,0,42,3.2,-8.5,1021.2,1028.8,,,,,0,0,,,2000,,,-1.8,,,,
146,2022-01-21 20:00,1.2,,1.8,140,53,3.5,-7.3,1021.2,1028.9,,,,,5,0,,,1640,,,-2.3,,,,
146,2022-01-21 21:00,.2,,1.3,140,56,3.5,-7.5,1021.2,1028.9,,,,,0,0,,,1535,,,-2.9,,,,
146,2022-01-21 22:00,-.2,,.8,160,59,3.6,-7.2,1021.2,1028.9,,,,,1,1,,14,1417,,,-3.2,,,,
146,2022-01-21 23:00,-.4,,1.5,110,61,3.6,-7,1020.5,1028.2,,,,,9,9,,14,1501,,,-1.6,,,,
146,2022-01-22 00:00,.2,,1,140,56,3.5,-7.5,1020.2,1027.9,,,,,8,8,,,1690,,,-1.7,,,,
146,2022-01-22 01:00,1.1,,.6,110,55,3.6,-6.9,1020,1027.7,,,,,0,0,,,1804,,,-.7,,,,
146,2022-01-22 02:00,0,,.8,340,61,3.7,-6.6,1019.9,1027.6,,,,,0,0,,,1411,,,-1,,,,
146,2022-01-22 03:00,-.1,,1.5,290,66,4,-5.7,1019.8,1027.5,,,,,8,8,Sc,10,1419,,,-1.1,,,,
146,2022-01-22 04:00,-.2,,.9,20,60,3.6,-7,1019.4,1027.1,,,,,8,8,Sc,10,1461,,,-1.1,,,,
146,2022-01-22 05:00,.1,,.7,360,61,3.8,-6.5,1019.3,1027,,,,,8,8,Sc,10,1513,,,-.9,,,,
146,2022-01-22 06:00,.8,,.3,0,58,3.8,-6.5,1019.3,1027,,,,,8,8,Sc,10,1695,,,-.6,,,,
146,2022-01-22 07:00,1.4,,0,0,57,3.8,-6.2,1019.6,1027.3,,,,,9,9,Sc,10,1740,,,-.3,,,,
146,2022-01-22 08:00,1.2,,.6,20,59,3.9,-5.9,1019.4,1027.1,0,.02,,,9,9,Sc,10,1621,,,-.2,,,,
146,2022-01-22 09:00,1.6,,.5,320,63,4.3,-4.6,1019.9,1027.6,0,.14,,,8,8,Sc,10,1183,,,.7,,,,
146,2022-01-22 10:00,3.3,,.4,0,56,4.3,-4.6,1020,1027.6,0,.44,,,7,7,Sc,10,1474,,,2.7,,,,
146,2022-01-22 11:00,4.6,,1.2,320,52,4.4,-4.4,1019.6,1027.2,.3,.76,,,8,5,ScAs,10,1636,,,5,,,,
146,2022-01-22 12:00,5.9,,.7,250,48,4.5,-4.2,1018.7,1026.2,0,.63,,,10,6,ScAs,10,1748,,,6.1,,,,
146,2022-01-22 13:00,7.4,,.2,0,46,4.8,-3.4,1017.4,1024.9,0,.82,,,10,6,ScAs,10,1796,,01,8.3,,,,
146,2022-01-22 14:00,8.3,,1,360,46,5,-2.6,1016.7,1024.1,0,.77,,,10,6,StNs,8,1644,,01,11.1,,,,
146,2022-01-22 15:00,8.4,0,1.6,340,46,5.1,-2.5,1016.3,1023.7,0,.77,,,10,6,StNs,8,1678,,01,10.4,,,,
146,2022-01-22 16:00,8.1,,1.3,320,48,5.2,-2.2,1016.3,1023.7,0,.29,,,10,6,ScAs,10,1765,,01,7.3,,,,
146,2022-01-22 17:00,7.5,,1.6,250,48,5,-2.8,1016.8,1024.3,0,.15,,,10,6,StNs,8,1370,,01,5.5,,,,
146,2022-01-22 18:00,6.7,0,1.2,290,52,5.1,-2.4,1016.5,1024,0,.05,,,6,6,Sc,10,1712,,01,3.4,,,,
146,2022-01-22 19:00,6.4,,.8,90,54,5.2,-2.2,1016.6,1024.1,,,,,9,9,,12,1618,,,3.3,,,,
146,2022-01-22 20:00,6.6,,.6,110,54,5.3,-2,1016.5,1024,,,,,10,6,ScAs,8,1536,,01,2.4,,,,
146,2022-01-22 21:00,5.7,0,1,110,58,5.3,-1.9,1016.1,1023.6,,,,,10,7,ScAs,10,1303,,01,1.7,,,,
146,2022-01-22 22:00,5.3,,.7,180,61,5.4,-1.6,1016.4,1023.9,,,,,9,7,,13,1200,,,1.9,,,,
146,2022-01-22 23:00,5.1,,.3,0,61,5.4,-1.8,1016.2,1023.7,,,,,10,10,,12,1156,,,2.2,,,,
146,2022-01-23 00:00,5,,.3,0,62,5.4,-1.6,1016.4,1023.9,,,,,10,9,,,1133,,,2.2,,,,
146,2022-01-23 01:00,4,,1.3,340,68,5.6,-1.3,1016.1,1023.7,,,,,10,9,ScAs,10,763,,40,1.9,,,,
146,2022-01-23 02:00,4.1,,1,90,69,5.7,-1,1015.8,1023.3,,,,,10,2,ScAs,10,736,,40,1.4,,,,
146,2022-01-23 03:00,3.9,,.4,0,70,5.7,-1,1015.4,1022.9,,,,,10,10,As,30,964,,40,1.4,,,,
146,2022-01-23 04:00,3.6,,.3,0,72,5.7,-.9,1014.8,1022.4,,,,,10,10,As,30,774,,40,1.4,,,,
146,2022-01-23 05:00,3.7,,.6,140,72,5.8,-.8,1014.8,1022.4,,,,,10,6,ScAs,13,775,,40,1.1,,,,
146,2022-01-23 06:00,3.3,,.7,90,74,5.8,-.8,1014.4,1022,,,,,10,1,ScAs,10,826,,40,.4,,,,
146,2022-01-23 07:00,3,,.7,360,75,5.7,-1,1014,1021.6,,,,,6,5,ScAc,14,824,,40,.8,,,,
146,2022-01-23 08:00,2.9,,1,290,77,5.8,-.7,1014.3,1021.9,0,0,,,10,7,ScAs,10,640,,40,1.8,,,,
146,2022-01-23 09:00,3.5,,.1,0,73,5.8,-.8,1014.6,1022.2,0,.11,,,10,6,ScAs,10,717,,40,3.6,,,,
146,2022-01-23 10:00,4.8,,.7,340,61,5.3,-2,1015,1022.5,0,.39,,,10,6,ScAs,10,838,,40,7.3,,,,
146,2022-01-23 11:00,5.5,,.2,0,60,5.4,-1.6,1014.9,1022.4,0,.59,,,10,6,ScAs,10,936,,40,8.8,,,,
146,2022-01-23 12:00,6.5,,.6,230,58,5.6,-1.1,1013.8,1021.3,0,.66,,,10,6,ScAs,12,864,,40,10,,,,
146,2022-01-23 13:00,7.7,,.9,320,52,5.5,-1.5,1013.1,1020.5,0,.9,,,10,5,ScAs,12,1002,,40,13.7,,,,
146,2022-01-23 14:00,8.4,,1.1,320,49,5.4,-1.7,1012.5,1019.9,0,.91,,,10,3,ScAs,12,983,,40,12.1,,,,
146,2022-01-23 15:00,8.4,,1.1,290,48,5.3,-1.9,1011.8,1019.2,0,.64,,,10,2,ScAs,12,906,,40,10.7,,,,
146,2022-01-23 16:00,8.8,,.9,270,45,5.1,-2.5,1011.8,1019.2,0,.41,,,10,5,ScAs,10,1146,,40,9.3,,,,
146,2022-01-23 17:00,8.4,,1.1,320,45,5,-2.8,1011.5,1018.9,0,.27,,,10,5,ScAs,10,1325,,,6.6,,,,
146,2022-01-23 18:00,6.2,,.7,250,55,5.2,-2.1,1011.9,1019.4,0,.07,,,8,5,AcCi,35,957,,40,2.4,,,,
146,2022-01-23 19:00,5.5,,1,230,58,5.2,-2.1,1012.4,1019.9,,,,,6,5,,58,973,,40,.2,,,,
146,2022-01-23 20:00,4.9,,.6,200,65,5.6,-1.1,1012.5,1020,,,,,8,3,,,745,,40,-1.6,,,,
146,2022-01-23 21:00,3.8,,.3,0,73,5.8,-.6,1012.5,1020,,,,,0,0,,,618,,40,-.6,,,,
146,2022-01-23 22:00,2.9,,.5,180,76,5.7,-.9,1012.7,1020.3,,,,,0,0,,,519,,4019,-1.2,,,,
146,2022-01-23 23:00,1.9,,.9,140,78,5.5,-1.5,1012.7,1020.3,,,,,0,0,,,481,,19,-1.6,,,,
146,2022-01-24 00:00,1.5,,.4,0,75,5.1,-2.4,1012.7,1020.3,,,,,0,0,,,560,,19,-1.6,,,,
146,2022-01-24 01:00,1,,.7,90,76,5,-2.7,1012.6,1020.2,,,,,0,0,,,551,,19,-1.1,,,,
146,2022-01-24 02:00,1,,.4,0,78,5.1,-2.4,1012.4,1020,,,,,0,0,,,528,,19,-2.3,,,,
146,2022-01-24 03:00,.3,,.3,0,80,5,-2.7,1012.3,1019.9,,,,,0,0,,,486,,19,-2.6,,,,
146,2022-01-24 04:00,.2,,.4,0,80,5,-2.8,1012.4,1020,,,,,8,8,Sc,15,488,,19,-2.2,,,,
146,2022-01-24 05:00,-.3,,.3,0,82,4.9,-3,1012.5,1020.2,,,,,5,5,Sc,15,424,,19,-.9,,,,
146,2022-01-24 06:00,.5,,.4,0,81,5.2,-2.3,1012.4,1020,,,,,9,9,Sc,15,465,,19,-.6,,,,
146,2022-01-24 07:00,.7,,.9,140,80,5.2,-2.3,1012.6,1020.2,,,,,8,8,Sc,16,475,,19,-.9,,,,
146,2022-01-24 08:00,.7,,.8,360,80,5.2,-2.3,1013.1,1020.7,0,.01,,,6,6,Sc,12,469,,19,-.5,,,,
146,2022-01-24 09:00,1.8,,.1,0,76,5.3,-1.9,1013.7,1021.3,0,.22,,,5,5,Sc,12,461,,19,.5,,,,
146,2022-01-24 10:00,5.2,,.8,70,64,5.7,-1,1013.9,1021.4,.8,.82,,,5,5,Sc,12,639,,4019,6.3,,,,
146,2022-01-24 11:00,8.2,,1.1,90,55,6,-.3,1013.9,1021.3,.3,1.06,,,7,7,Sc,12,1500,,40,9.4,,,,
146,2022-01-24 12:00,9.1,,2.5,70,52,6,-.2,1013.5,1020.9,0,1.07,,,8,8,Sc,12,2000,,,12.8,,,,
146,2022-01-24 13:00,9.4,,2.4,70,50,5.9,-.5,1012.6,1020,.1,1.13,,,8,8,Sc,12,2000,,,14.8,,,,
146,2022-01-24 14:00,9.6,,1.8,50,49,5.8,-.6,1012.3,1019.7,0,.88,,,9,9,Sc,12,2000,,,11.7,,,,
146,2022-01-24 15:00,9.4,,2,70,50,5.9,-.5,1012.2,1019.6,0,.38,,,9,9,Sc,12,2000,,,9.6,,,,
146,2022-01-24 16:00,9.3,,1.8,70,49,5.8,-.8,1012.4,1019.8,0,.34,,,9,9,Sc,12,2000,,,8.3,,,,
146,2022-01-24 17:00,9.1,,.9,90,50,5.8,-.7,1012.8,1020.2,0,.2,,,9,9,Sc,12,2000,,,6.9,,,,
146,2022-01-24 18:00,8.3,,1.3,110,51,5.6,-1.2,1013.4,1020.8,0,.02,,,8,8,Sc,12,2000,,,5.2,,,,
146,2022-01-24 19:00,7.9,,1.7,110,52,5.6,-1.3,1013.3,1020.7,,,,,0,0,,,2000,,,4.5,,,,
146,2022-01-24 20:00,7.5,,1.5,140,52,5.4,-1.7,1013.3,1020.7,,,,,4,4,,17,2000,,,4.1,,,,
146,2022-01-24 21:00,7.3,,1.8,140,52,5.3,-1.9,1013.8,1021.2,,,,,9,9,Sc,15,2000,,,3.9,,,,
146,2022-01-24 22:00,7,,1,160,51,5.1,-2.4,1014,1021.5,,,,,1,1,,15,2000,,,3.6,,,,
146,2022-01-24 23:00,6.4,,1.2,140,52,5,-2.7,1014.1,1021.6,,,,,6,6,,13,2000,,,3.5,,,,
146,2022-01-25 00:00,6.4,,1.1,140,51,4.9,-3,1014.2,1021.7,,,,,9,9,Sc,15,2000,,,3.3,,,,
146,2022-01-25 01:00,6.3,,1.6,140,51,4.9,-3.1,1013.8,1021.3,,,,,10,8,,15,2000,,,3.2,,,,
146,2022-01-25 02:00,6.2,,.8,160,50,4.8,-3.4,1014.1,1021.6,,,,,10,10,,12,2000,,,3.1,,,,
146,2022-01-25 03:00,5.9,,.9,140,51,4.8,-3.4,1013.9,1021.4,,,,,9,9,Sc,13,2000,,,3,,,,
146,2022-01-25 04:00,5.7,,.9,140,53,4.9,-3.1,1013.4,1020.9,,,,,9,9,Sc,10,2000,,,3.1,,,,
146,2022-01-25 05:00,5.8,,.2,0,51,4.7,-3.5,1013.2,1020.7,,,,,9,9,Sc,9,2000,,,3.3,,,,
146,2022-01-25 06:00,5.6,0,.1,0,52,4.7,-3.5,1013.1,1020.6,,,,,10,9,ScAs,8,2000,,01,3.3,,,,
146,2022-01-25 07:00,5.3,,.4,0,57,5.1,-2.5,1013.7,1021.2,,,,,10,9,ScAs,9,2000,,01,3.2,,,,
146,2022-01-25 08:00,5,,1.4,140,64,5.6,-1.2,1014.4,1021.9,0,0,,,10,7,ScAs,8,2000,,01,3.1,,,,
146,2022-01-25 09:00,4.7,0,1.2,140,69,5.9,-.5,1014.8,1022.3,0,.04,,,10,7,ScAs,7,1894,,01,3.9,,,,
146,2022-01-25 10:00,5,,1.4,200,70,6.1,0,1015,1022.5,0,.17,,,10,8,ScAs,8,1798,,01,5.1,,,,
146,2022-01-25 11:00,5.1,,1.3,160,75,6.6,1,1014.7,1022.2,0,.18,,,10,8,ScAs,8,1775,,01,5.5,,,,
146,2022-01-25 12:00,5.3,.1,1.8,160,72,6.4,.6,1014.4,1021.9,0,.15,,,10,8,ScAs,8,1858,,01,5.3,,,,
146,2022-01-25 13:00,5.7,,.9,180,73,6.7,1.2,1013.8,1021.3,0,.13,,,10,8,ScAs,8,1546,,,5.5,,,,
146,2022-01-25 14:00,5.6,,.8,180,78,7.1,2,1013.4,1020.9,0,.15,,,10,7,ScAs,8,985,,1901,5.8,,,,
146,2022-01-25 15:00,5.2,.2,2.4,230,85,7.5,2.8,1013,1020.5,0,.1,,,10,7,ScAs,8,511,,1901,5.6,,,,
146,2022-01-25 16:00,4.6,,2.2,270,91,7.7,3.2,1013.1,1020.6,0,.1,,,10,7,ScAs,8,291,,1901,5.2,,,,
146,2022-01-25 17:00,4.8,,1.5,250,87,7.5,2.8,1013.4,1020.9,0,.06,,,10,7,ScAs,8,521,,1901,4.6,,,,
146,2022-01-25 18:00,4.8,.1,2,250,86,7.4,2.6,1013.8,1021.3,0,.01,,,10,7,ScAs,8,672,,1901,4.2,,,,
146,2022-01-25 19:00,4.7,,1.1,290,84,7.2,2.2,1014.1,1021.6,,,,,10,6,StNs,8,793,,1901,3.7,,,,
146,2022-01-25 20:00,4.4,,1,270,84,7,1.9,1014.4,1021.9,,,,,10,6,StNs,8,783,,1901,2.7,,,,
146,2022-01-25 21:00,4.1,0,2.1,270,85,6.9,1.7,1014.9,1022.4,,,,,10,6,ScAs,10,638,,1901,2.2,,,,
146,2022-01-25 22:00,3.8,,1.1,270,79,6.3,.4,1015.2,1022.8,,,,,5,5,Sc,10,709,,1901,1.3,,,,
146,2022-01-25 23:00,3.5,,.7,270,78,6.1,0,1015.4,1023,,,,,0,0,,,676,,19,0,,,,
146,2022-01-26 00:00,2.6,0,1,250,80,5.9,-.5,1015.6,1023.2,,,,,5,5,Sc,10,663,,19,-.7,,,,
146,2022-01-26 01:00,2.6,,.4,0,82,6.1,-.1,1015.8,1023.4,,,,,1,1,,10,551,,19,-.3,,,,
146,2022-01-26 02:00,2.1,,.4,0,86,6.1,0,1016.3,1023.9,,,,,0,0,,,406,,19,-.6,,,,
146,2022-01-26 03:00,1.1,,.6,20,91,6,-.2,1016.4,1024,,,,,7,7,Sc,8,298,,19,-.9,,,,
146,2022-01-26 04:00,1.2,,.6,320,92,6.1,0,1016.4,1024,,,,,8,8,Sc,10,240,,19,-.5,,,,
146,2022-01-26 05:00,.8,,.8,320,92,6,-.3,1016.8,1024.5,,,,,8,8,Sc,10,260,,19,-.3,,,,
146,2022-01-26 06:00,.4,,.2,0,94,5.9,-.4,1017,1024.7,,,,,4,4,Sc,10,224,,19,-1.8,,,,
146,2022-01-26 07:00,1,,0,0,89,5.8,-.6,1017.4,1025.1,,,,,5,5,Sc,10,395,,19,-1.4,,,,
146,2022-01-26 08:00,1.3,,.2,0,83,5.6,-1.2,1018.2,1025.9,0,.01,,,8,8,Sc,10,478,,19,-1.2,,,,
146,2022-01-26 09:00,.6,,.8,360,90,5.8,-.8,1018.2,1025.9,0,.17,,,7,7,Sc,10,262,,19,.1,,,,
146,2022-01-26 10:00,3.4,,.6,70,69,5.4,-1.7,1018.3,1025.9,.9,.75,,,5,5,Sc,13,794,,4019,3.1,,,,
146,2022-01-26 11:00,4.1,,.9,70,60,4.9,-2.9,1018.6,1026.2,.3,.92,,,8,8,Sc,14,874,,40,7.5,,,,
146,2022-01-26 12:00,5.4,,1.4,320,56,5,-2.6,1018.5,1026,.6,1.37,,,6,6,Sc,11,612,,40,14.7,,,,
146,2022-01-26 13:00,5.6,,1.8,360,55,5,-2.7,1017.8,1025.3,.5,1.34,,,7,7,Sc,10,564,,40,14.4,,,,
146,2022-01-26 14:00,5.7,,1.7,320,54,4.9,-2.9,1017.4,1024.9,.8,1.52,,,8,8,Sc,10,551,,40,12.4,,,,
146,2022-01-26 15:00,6.5,,1.5,270,53,5.1,-2.4,1016.6,1024.1,.8,1.38,,,8,8,Sc,10,556,,40,13.2,,,,
146,2022-01-26 16:00,6.1,,1.5,290,53,5,-2.7,1016.2,1023.7,.6,.79,,,6,6,Sc,11,533,,40,9.2,,,,
146,2022-01-26 17:00,5.1,,2.5,270,62,5.5,-1.5,1016.8,1024.3,.1,.45,,,6,6,Sc,9,496,,40,4.8,,,,
146,2022-01-26 18:00,3.9,,2.3,270,65,5.3,-2,1016.9,1024.5,0,.08,,,6,6,Sc,12,571,,40,1.5,,,,
146,2022-01-26 19:00,3,,1.2,270,62,4.7,-3.5,1017.1,1024.7,,,,,6,6,,12,809,,40,-.6,,,,
146,2022-01-26 20:00,2.4,,1,250,64,4.6,-3.7,1017.6,1025.2,,,,,7,1,,13,930,,40,-1.2,,,,
146,2022-01-26 21:00,2.2,,1.1,230,65,4.6,-3.7,1017.5,1025.1,,,,,9,0,Ci,,877,,40,-.2,,,,
146,2022-01-26 22:00,2.2,,1.7,270,66,4.7,-3.5,1018.3,1025.9,,,,,9,9,,50,875,,40,-.2,,,,
146,2022-01-26 23:00,1.7,,1.2,320,63,4.3,-4.6,1017.9,1025.5,,,,,9,8,,49,880,,40,-.5,,,,
146,2022-01-27 00:00,1.4,,.1,0,64,4.3,-4.6,1018,1025.7,,,,,7,0,,,858,,40,-.9,,,,
146,2022-01-27 01:00,.6,,1,290,65,4.2,-5.2,1018,1025.7,,,,,7,7,,52,666,,40,-1,,,,
146,2022-01-27 02:00,.3,,1.1,320,65,4.1,-5.5,1018,1025.7,,,,,10,10,,51,929,,40,-1,,,,
146,2022-01-27 03:00,.6,,.4,0,66,4.2,-5,1018.1,1025.8,,,,,9,0,Ci,,892,,40,-1.1,,,,
146,2022-01-27 04:00,.2,,1.3,340,63,3.9,-6,1017.9,1025.6,,,,,9,0,Ci,,940,,40,-1.1,,,,
146,2022-01-27 05:00,-.6,,.9,50,71,4.2,-5.2,1017.8,1025.5,,,,,6,0,Ci,,735,,40,-2.2,,,,
146,2022-01-27 06:00,-.5,,.3,0,71,4.2,-5.1,1017.7,1025.4,,,,,5,0,Ci,,742,,40,-2.2,,,,
146,2022-01-27 07:00,-1.8,,1.4,320,83,4.4,-4.3,1018.1,1025.8,,,,,1,0,Ci,,493,,4019,-3.6,,,,
146,2022-01-27 08:00,-1.7,,1.4,320,77,4.2,-5.2,1018.1,1025.8,0,.02,,,8,8,Ac,40,677,,19,-2.9,,,,
146,2022-01-27 09:00,-.4,,1.6,340,73,4.3,-4.6,1018.8,1026.5,.7,.39,,,8,8,Ac,40,745,,19,.4,,,,
146,2022-01-27 10:00,.4,,.9,320,59,3.7,-6.6,1018.6,1026.3,1,.99,,,7,7,Ac,43,1083,,19,4.4,,,,
146,2022-01-27 11:00,2.3,,1.5,340,49,3.5,-7.3,1018.2,1025.8,1,1.58,,,1,1,Ac,38,1320,,,11.2,,,,
146,2022-01-27 12:00,2.5,,2.7,250,49,3.6,-7.1,1017.9,1025.5,1,1.93,,,0,0,,,1318,,,15.2,,,,
146,2022-01-27 13:00,4.3,,2.1,320,37,3.1,-9.1,1016.7,1024.2,1,2.09,,,0,0,,,1839,,,18.7,,,,
146,2022-01-27 14:00,4.7,,2.2,270,34,2.9,-9.8,1015.9,1023.4,1,2.05,,,1,0,Ci,,1926,,,17.6,,,,
146,2022-01-27 15:00,5.4,,2.2,340,31,2.8,-10.4,1015.5,1023,1,1.73,,,1,0,Ci,,1990,,,15.5,,,,
146,2022-01-27 16:00,5.6,,2.7,250,35,3.2,-8.6,1015.6,1023.1,1,1.26,,,0,0,,,1914,,,10.5,,,,
146,2022-01-27 17:00,4.2,,3.4,270,46,3.8,-6.4,1016.2,1023.7,1,.63,,,0,0,,,1339,,,4.2,,,,
146,2022-01-27 18:00,2.3,,2.8,270,61,4.4,-4.4,1017.3,1024.9,.4,.12,,,0,0,,,1016,,,.5,,,,
146,2022-01-27 19:00,1.6,,1.3,250,62,4.2,-4.9,1016.9,1024.5,,,,,0,0,,,993,,40,-1.7,,,,
146,2022-01-27 20:00,.9,,2.1,230,64,4.2,-5.1,1017.1,1024.8,,,,,0,0,,,995,,40,-1.3,,,,
146,2022-01-27 21:00,.3,,.8,250,63,3.9,-5.9,1017.1,1024.8,,,,,0,0,,,1076,,40,-2.1,,,,
146,2022-01-27 22:00,0,,1.7,270,64,3.9,-6,1017.6,1025.3,,,,,1,0,,,1078,,,-2.5,,,,
146,2022-01-27 23:00,-.5,,1.4,290,64,3.8,-6.4,1017.9,1025.6,,,,,8,7,,69,1058,,,-2.9,,,,
146,2022-01-28 00:00,-1,,.7,290,64,3.6,-6.9,1018.4,1026.1,,,,,0,0,,,1011,,,-3.9,,,,
146,2022-01-28 01:00,-1.3,,1.1,320,65,3.6,-7,1018.4,1026.1,,,,,10,4,,62,738,,40,-4.1,,,,
146,2022-01-28 02:00,-1.5,,.2,0,69,3.8,-6.4,1018.4,1026.1,,,,,10,9,,60,803,,40,-3.8,,,,
146,2022-01-28 03:00,-2,,0,0,74,3.9,-6,1018.6,1026.4,,,,,5,0,Ci,,775,,40,-4.9,,,,
146,2022-01-28 04:00,-2.6,,0,0,76,3.8,-6.2,1018.1,1025.9,,,,,7,0,Ci,,733,,40,-5,,,,
146,2022-01-28 05:00,-3.2,,0,0,79,3.8,-6.3,1018,1025.8,,,,,8,0,Ci,,671,,4019,-5.7,,,,
146,2022-01-28 06:00,-4,,.5,320,82,3.7,-6.6,1018.4,1026.2,,,,,5,0,Ci,,576,,19,-6,,,,
146,2022-01-28 07:00,-4.5,,.7,340,85,3.7,-6.6,1018.8,1026.6,,,,,5,0,Ci,,559,,19,-6.2,,,,
146,2022-01-28 08:00,-3.9,,.4,0,77,3.5,-7.3,1019.1,1026.9,0,.01,,,0,0,,,863,,19,-6.2,,,,
146,2022-01-28 09:00,-1.4,,.1,0,65,3.6,-7.1,1019.6,1027.3,.7,.48,,,3,0,Ci,,1043,,4019,-.9,,,,
146,2022-01-28 10:00,-.5,,.8,360,54,3.2,-8.6,1019.5,1027.2,1,1.13,,,0,0,,,1989,,,5,,,,
146,2022-01-28 11:00,.3,,1.5,290,51,3.2,-8.6,1019,1026.7,1,1.59,,,0,0,,,2000,,,10.6,,,,
146,2022-01-28 12:00,1,,2.1,290,46,3,-9.3,1018.2,1025.9,1,1.98,,,0,0,,,2000,,,14.2,,,,
146,2022-01-28 13:00,2.4,,2.9,320,38,2.8,-10.5,1017.1,1024.7,1,2.12,,,0,0,,,2000,,,17.4,,,,
146,2022-01-28 14:00,3,,2,290,42,3.2,-8.6,1016.9,1024.5,1,2.09,,,0,0,,,2000,,,17.7,,,,
146,2022-01-28 15:00,4.1,,1.1,290,40,3.3,-8.3,1016.7,1024.3,1,1.79,,,0,0,,,2000,,,14.7,,,,
146,2022-01-28 16:00,3.3,,3.1,250,42,3.2,-8.4,1016.6,1024.2,1,1.27,,,2,0,Ci,,1908,,,9,,,,
146,2022-01-28 17:00,2.1,,3.1,270,51,3.6,-7,1016.3,1023.9,.9,.61,,,6,0,Ci,,2000,,,2.3,,,,
146,2022-01-28 18:00,.8,,2.6,270,62,4,-5.6,1015.7,1023.4,.2,.14,,,5,0,Ci,,1861,,,-.8,,,,
146,2022-01-28 19:00,-.1,,1.3,230,62,3.8,-6.5,1015.8,1023.5,,,,,3,0,,56,1974,,,-1.7,,,,
146,2022-01-28 20:00,-.3,,2.2,250,59,3.5,-7.3,1016.9,1024.6,,,,,8,3,,58,2000,,,-2.1,,,,
146,2022-01-28 21:00,-.9,,.9,290,60,3.4,-7.7,1016.3,1024,,,,,8,0,Ci,,1987,,,-2.6,,,,
146,2022-01-28 22:00,-.9,,1.4,290,58,3.3,-8.1,1017,1024.7,,,,,9,9,,50,1867,,,-2.1,,,,
146,2022-01-28 23:00,-1.4,,1.5,290,58,3.2,-8.6,1017,1024.7,,,,,8,8,,52,1965,,,-2.6,,,,
146,2022-01-29 00:00,-1.7,,1.3,340,59,3.2,-8.6,1016.7,1024.4,,,,,9,0,Ci,,1984,,,-2.8,,,,
146,2022-01-29 01:00,-1.5,,.8,270,61,3.3,-8,1017,1024.7,,,,,10,6,,52,1829,,,-2.3,,,,
146,2022-01-29 02:00,-1.9,,.8,20,63,3.3,-8,1016.3,1024,,,,,10,4,,52,1794,,,-2.4,,,,
146,2022-01-29 03:00,-1.9,,.6,20,64,3.4,-7.8,1016.3,1024,,,,,9,0,Ci,,1751,,,-3,,,,
146,2022-01-29 04:00,-2.6,,.7,340,68,3.4,-7.7,1015.8,1023.6,,,,,9,0,Ci,,1560,,,-3.2,,,,
146,2022-01-29 05:00,-2.9,,1.2,340,72,3.6,-7.2,1015.4,1023.2,,,,,9,0,Ci,,1312,,,-3.5,,,,
146,2022-01-29 06:00,-3.3,,.9,340,72,3.5,-7.6,1015.5,1023.3,,,,,9,0,Ci,,1457,,,-3.8,,,,
146,2022-01-29 07:00,-3.6,,.8,340,72,3.4,-7.9,1016,1023.8,,,,,8,0,Ci,,1787,,,-4.6,,,,
146,2022-01-29 08:00,-3.9,,1.6,320,69,3.2,-8.7,1016.4,1024.2,0,.01,,,8,0,Ci,,1939,,,-4.8,,,,
146,2022-01-29 09:00,-3.3,,.9,360,62,3,-9.5,1016.3,1024.1,.1,.21,,,8,0,Ci,,1983,,,-2.8,,,,
146,2022-01-29 10:00,-1.3,,.9,50,44,2.4,-12,1016.4,1024.1,1,.92,,,1,0,Ci,,2000,,,5,,,,
146,2022-01-29 11:00,-1,,1.6,340,49,2.8,-10.3,1016.1,1023.8,1,1.41,,,7,0,Ci,,2000,,,6.8,,,,
146,2022-01-29 12:00,.8,,1.2,290,43,2.8,-10.3,1015.9,1023.6,1,1.69,,,7,0,Ci,,2000,,,12.3,,,,
146,2022-01-29 13:00,1.2,,2.2,320,37,2.5,-11.9,1014.7,1022.3,1,2.15,,,1,0,Ci,,2000,,,17.6,,,,
146,2022-01-29 14:00,2.7,,1.7,320,35,2.6,-11.2,1013.7,1021.3,1,2.11,,,0,0,,,2000,,,18.5,,,,
146,2022-01-29 15:00,2.8,,2.6,320,35,2.6,-11.1,1013.2,1020.8,1,1.77,,,4,0,Ci,,2000,,,14.1,,,,
146,2022-01-29 16:00,3.1,,1.9,340,34,2.6,-11.2,1012.9,1020.5,1,1.36,,,5,0,Ci,,2000,,,10.5,,,,
146,2022-01-29 17:00,2.4,,2.9,270,41,3,-9.5,1013,1020.6,1,.63,,,6,0,Ci,,2000,,,3.3,,,,
146,2022-01-29 18:00,.7,,2.7,270,46,3,-9.6,1013.3,1020.9,.3,.12,,,7,0,Ci,,2000,,,-1.1,,,,
146,2022-01-29 19:00,.1,,1.4,270,49,3,-9.3,1013.7,1021.4,,,,,9,9,,63,2000,,,-1.3,,,,
146,2022-01-29 20:00,-.7,,2.2,320,46,2.7,-10.9,1013.9,1021.6,,,,,8,8,,62,2000,,,-2,,,,
146,2022-01-29 21:00,-.9,,1.7,320,46,2.6,-11,1014.6,1022.3,,,,,6,0,Ci,,2000,,,-2.3,,,,
146,2022-01-29 22:00,-1.5,,1.3,320,46,2.5,-11.6,1014.6,1022.3,,,,,9,9,,55,2000,,,-2.2,,,,
146,2022-01-29 23:00,-1.8,,.7,340,44,2.4,-12.4,1014.9,1022.6,,,,,8,8,,57,2000,,,-3.9,,,,
146,2022-01-30 00:00,-1.7,,.5,20,46,2.5,-11.8,1015,1022.7,,,,,3,1,,,2000,,,-4.8,,,,
146,2022-01-30 01:00,-2.1,,.9,140,50,2.6,-11.1,1014.6,1022.3,,,,,10,9,,53,2000,,,-4.6,,,,
146,2022-01-30 02:00,-2,,.9,110,52,2.8,-10.5,1014.5,1022.2,,,,,9,9,,48,2000,,,-3.8,,,,
146,2022-01-30 03:00,-2.5,,.5,110,55,2.8,-10.3,1014.2,1021.9,,,,,8,8,Ac,50,2000,,,-3.8,,,,
146,2022-01-30 04:00,-2.5,,.1,0,56,2.9,-10,1014.2,1021.9,,,,,9,9,Ac,50,2000,,,-3.5,,,,
146,2022-01-30 05:00,-3.6,,1.1,20,57,2.7,-10.9,1013.7,1021.5,,,,,6,6,Ac,50,2000,,,-5.4,,,,
146,2022-01-30 06:00,-4.2,,1.1,320,64,2.9,-10,1013.5,1021.3,,,,,5,5,Ac,50,2000,,,-6.2,,,,
146,2022-01-30 07:00,-4.5,,.7,270,67,2.9,-9.7,1013.8,1021.6,,,,,1,0,Cs,,2000,,,-7,,,,
146,2022-01-30 08:00,-5.1,,2,340,70,2.9,-9.7,1014.6,1022.4,0,.01,,,0,0,,,1956,,,-6.7,,,,
146,2022-01-30 09:00,-3.5,,1,320,62,2.9,-9.7,1015.1,1022.9,.8,.44,,,4,0,Ci,,2000,,,-1.2,,,,
146,2022-01-30 10:00,-2.2,,1,270,56,2.9,-9.8,1015.4,1023.1,1,1.12,,,7,0,Ci,,1999,,,4.6,,,,
146,2022-01-30 11:00,-1.1,,.9,270,56,3.2,-8.7,1015.5,1023.2,1,1.05,,,8,0,Ci,,1744,,,5.6,,,,
146,2022-01-30 12:00,.3,,1.6,340,42,2.6,-11.1,1015.2,1022.9,1,1.59,,,8,0,Ci,,2000,,,13.1,,,,
146,2022-01-30 13:00,2.2,,1.3,290,38,2.7,-10.6,1014.3,1021.9,1,2.06,,,8,0,Ci,,2000,,,16.8,,,,
146,2022-01-30 14:00,2.3,,2,320,30,2.2,-13.5,1013.8,1021.4,1,1.98,,,5,0,Ci,,2000,,,16.7,,,,
146,2022-01-30 15:00,2.9,,1.6,320,31,2.3,-12.6,1013.3,1020.9,1,1.76,,,3,0,Ci,,2000,,,14.3,,,,
146,2022-01-30 16:00,3.3,,2.3,270,32,2.5,-11.8,1013.4,1021,1,1.39,,,2,0,Ci,,2000,,,10.2,,,,
146,2022-01-30 17:00,2.2,,3.5,250,43,3.1,-9.1,1013.9,1021.5,1,.69,,,7,0,Ci,,2000,,,2.7,,,,
146,2022-01-30 18:00,.9,,3.3,270,50,3.3,-8.3,1014.6,1022.2,.8,.18,,,0,0,,,2000,,,-1.3,,,,
146,2022-01-30 19:00,.3,,2.3,250,47,2.9,-9.7,1015.3,1023,,,,,0,0,,,2000,,,-2.3,,,,
146,2022-01-30 20:00,-.2,,1.4,290,48,2.9,-9.9,1016,1023.7,,,,,0,0,,,2000,,,-3.4,,,,
146,2022-01-30 21:00,-1.1,,1.5,320,46,2.6,-11.2,1016.4,1024.1,,,,,0,0,,,2000,,,-4.2,,,,
146,2022-01-30 22:00,-1,,.6,270,46,2.6,-11.1,1016.6,1024.3,,,,,0,0,,,2000,,,-5.3,,,,
146,2022-01-30 23:00,-1.9,,1.4,110,52,2.8,-10.4,1017,1024.7,,,,,0,0,,,2000,,,-5.5,,,,
146,2022-01-31 00:00,-2.6,,.9,180,58,2.9,-9.7,1017,1024.8,,,,,0,0,,,2000,,,-6.3,,,,
146,2022-01-31 01:00,-3.6,,1.4,140,62,2.9,-9.8,1017.1,1024.9,,,,,0,0,,,2000,,,-6.6,,,,
146,2022-01-31 02:00,-4,,1.1,110,63,2.9,-10,1017.3,1025.1,,,,,0,0,,,2000,,,-7.1,,,,
146,2022-01-31 03:00,-4.3,,1.1,90,63,2.8,-10.3,1017.4,1025.2,,,,,0,0,,,2000,,,-7.3,,,,
146,2022-01-31 04:00,-5.1,,1.8,110,66,2.8,-10.4,1017.3,1025.1,,,,,0,0,,,2000,,,-7.5,,,,
146,2022-01-31 05:00,-5.3,,1.3,110,67,2.8,-10.4,1017.2,1025,,,,,0,0,,,2000,,,-8,,,,
146,2022-01-31 06:00,-6.2,,.9,140,72,2.8,-10.4,1017.6,1025.5,,,,,0,0,,,2000,,,-8.5,,,,
146,2022-01-31 07:00,-6.3,,1,140,73,2.8,-10.3,1018.2,1026.1,,,,,0,0,,,2000,,,-8.5,,,,
146,2022-01-31 08:00,-6.3,,1.8,140,74,2.8,-10.1,1018.6,1026.5,0,.02,,,0,0,,,2000,,,-7.8,,,,
146,2022-01-31 09:00,-3.3,,.4,0,61,2.9,-9.7,1019.4,1027.2,.9,.46,,,0,0,,,2000,,,-1.8,,,,
146,2022-01-31 10:00,-.9,,1.2,90,54,3.1,-9,1019.4,1027.1,1,1.12,,,0,0,,,2000,,,6.1,,,,
146,2022-01-31 11:00,1.7,,1.9,140,37,2.6,-11.4,1019,1026.6,1,1.7,,,0,0,,,2000,,,11.5,,,,
146,2022-01-31 12:00,3.1,,1.3,290,29,2.2,-13.2,1018.2,1025.8,1,2.06,,,0,0,,,2000,,,17,,,,
146,2022-01-31 13:00,4.2,,1.6,360,39,3.2,-8.5,1017.2,1024.8,1,2.19,,,3,0,Ci,,2000,,,20,,,,
146,2022-01-31 14:00,4.2,,2,290,39,3.2,-8.5,1016.8,1024.3,1,2.11,,,0,0,,,2000,,,18.7,,,,
146,2022-01-31 15:00,5.2,,2.2,270,38,3.4,-7.9,1016.7,1024.2,1,1.82,,,0,0,,,2000,,,15.6,,,,
146,2022-01-31 16:00,5.1,,1.6,270,39,3.4,-7.7,1016.6,1024.1,1,1.35,,,0,0,,,2000,,,11.1,,,,
146,2022-01-31 17:00,5,,1.9,250,41,3.6,-7.1,1016.4,1023.9,1,.75,,,0,0,,,2000,,,4,,,,
146,2022-01-31 18:00,3.3,,1.9,250,52,4,-5.6,1016.6,1024.2,.6,.16,,,0,0,,,2000,,,-.6,,,,
146,2022-01-31 19:00,2.6,,1.8,250,56,4.1,-5.3,1016.8,1024.4,,,,,0,0,,,2000,,,-1.7,,,,
146,2022-01-31 20:00,1.4,,.9,180,60,4.1,-5.5,1017,1024.6,,,,,0,0,,,2000,,,-2.7,,,,
146,2022-01-31 21:00,.1,,1.3,140,61,3.8,-6.5,1016.5,1024.2,,,,,0,0,,,1990,,,-2.7,,,,
146,2022-01-31 22:00,.2,,1.5,140,63,3.9,-6,1016.3,1024,,,,,3,1,,19,1990,,,-1.7,,,,
146,2022-01-31 23:00,2.3,,1.6,180,61,4.4,-4.4,1016.1,1023.7,,,,,9,9,Sc,10,1154,,05,-.2,,,,
146,2022-02-01 00:00,.6,.4,1.5,250,90,5.8,-.8,1017,1024.7,,,.3,.3,9,9,Sc,,466,,05,.1,,,,
146,2022-02-01 01:00,.5,,.3,0,94,6,-.3,1017.1,1024.8,,,.9,,9,9,Sc,8,312,,05,.1,,,,
146,2022-02-01 02:00,.4,,1.2,70,94,5.9,-.4,1016.8,1024.5,,,.9,,8,8,Sc,8,454,,1905,-.2,,,,
146,2022-02-01 03:00,.7,.7,.3,0,93,6,-.3,1016.9,1024.6,,,.9,.6,8,8,Sc,10,583,,19,-.2,,,,
146,2022-02-01 04:00,.9,,1,250,92,6,-.2,1016.3,1024,,,.9,,8,8,Sc,10,534,,1906,0,,,,
146,2022-02-01 05:00,1.1,,1.6,250,80,5.3,-1.9,1016.5,1024.2,,,.9,,7,7,Sc,10,1330,,1906,-.7,,,,
146,2022-02-01 06:00,.7,0,3.4,270,65,4.2,-5.1,1017,1024.7,,,.9,0,4,4,Sc,10,1740,,,-1.1,,,,
146,2022-02-01 07:00,.6,,2.4,270,60,3.8,-6.2,1017.1,1024.8,,,.9,,6,6,Sc,10,1973,,,-.7,,,,
146,2022-02-01 08:00,.7,,2.6,250,58,3.7,-6.6,1017.2,1024.9,0,.02,.9,,2,2,Sc,10,2000,,,-1.3,,,,
146,2022-02-01 09:00,1,,3.3,270,57,3.8,-6.5,1017.7,1025.4,.6,.37,.8,,4,3,ScCi,15,2000,,,-.3,,,,
146,2022-02-01 10:00,1.6,,3.7,270,63,4.3,-4.6,1018.3,1025.9,.8,.91,.5,,9,9,Sc,9,1851,,05,.3,,,,
146,2022-02-01 11:00,-.3,,4.2,290,88,5.3,-2,1018.9,1026.6,.2,.65,.6,,10,6,StNs,10,181,,05,.3,,,,
146,2022-02-01 12:00,.7,.1,4.4,270,84,5.4,-1.7,1018.9,1026.6,.1,.92,,.1,9,4,ScAc,9,427,,05,4.6,,,,
146,2022-02-01 13:00,1.7,,4.1,270,75,5.2,-2.2,1018.5,1026.1,.4,1.13,,,7,7,Sc,10,757,,05,9.8,,,,
146,2022-02-01 14:00,2.5,,5,270,57,4.2,-5.1,1018.1,1025.7,.7,1.44,,,9,9,Sc,10,1085,,,7.8,,,,
146,2022-02-01 15:00,1.5,0,4.1,290,67,4.6,-3.9,1018.8,1026.5,.2,.79,,,6,6,Sc,8,955,,40,4.9,,,,
146,2022-02-01 16:00,2,,3.9,290,65,4.6,-3.9,1019.1,1026.7,.5,.71,,,10,8,ScAs,9,896,,4005,3.7,,,,
146,2022-02-01 17:00,1.6,,3.2,270,67,4.6,-3.8,1019.4,1027.1,.6,.47,,,5,5,Sc,16,844,,4005,1.6,,,,
146,2022-02-01 18:00,1.5,0,2.3,290,66,4.5,-4.1,1019.8,1027.5,.1,.14,,,9,7,ScAc,10,789,,40,.1,,,,
146,2022-02-01 19:00,1.1,,1.8,320,62,4.1,-5.3,1020.7,1028.4,,,,,4,4,,11,928,,40,-1.2,,,,
146,2022-02-01 20:00,.8,,2.5,320,59,3.8,-6.3,1020.8,1028.5,,,,,0,0,,,1106,,40,-.3,,,,
146,2022-02-01 21:00,.7,,2,320,61,3.9,-5.9,1021,1028.7,,,,,8,8,Sc,10,1066,,,-.7,,,,
146,2022-02-01 22:00,.4,,1.2,340,62,3.9,-6,1021.2,1028.9,,,,,5,5,,11,1009,,,-.6,,,,
146,2022-02-01 23:00,.3,,1.1,340,63,3.9,-5.9,1021.9,1029.6,,,,,1,1,,10,943,,40,-.4,,,,
146,2022-02-02 00:00,.2,,1,360,65,4,-5.6,1021.6,1029.3,,,,,8,8,Sc,,821,,40,-.4,,,,
146,2022-02-02 01:00,.1,,.7,20,65,4,-5.7,1021.4,1029.1,,,,,2,2,,9,887,,40,-.4,,,,
146,2022-02-02 02:00,.3,,1.1,340,64,4,-5.7,1021.1,1028.8,,,,,0,0,,,909,,40,-.4,,,,
146,2022-02-02 03:00,.1,,.2,0,64,3.9,-5.9,1020.7,1028.4,,,,,8,8,Sc,10,886,,40,-.5,,,,
146,2022-02-02 04:00,0,,1.2,340,65,4,-5.8,1020.7,1028.4,,,,,9,9,Sc,10,892,,40,-.6,,,,
146,2022-02-02 05:00,-.1,,.9,320,66,4,-5.7,1021,1028.7,,,,,9,9,Sc,9,849,,40,-.5,,,,
146,2022-02-02 06:00,0,,0,0,64,3.9,-6,1021.5,1029.2,,,,,8,8,Sc,9,937,,40,-.5,,,,
146,2022-02-02 07:00,-.2,,.5,250,73,4.4,-4.4,1021.6,1029.3,,,,,9,9,Sc,9,920,,40,-.8,,,,
146,2022-02-02 08:00,-.3,,.1,0,71,4.2,-4.9,1021.6,1029.3,0,.01,,,8,8,Sc,12,1053,,4010,-.9,,,,
146,2022-02-02 09:00,.9,0,.3,0,69,4.5,-4.1,1021.9,1029.6,.3,.26,,,5,4,ScCi,13,1362,,,.4,,,,
146,2022-02-02 10:00,1.3,,1.6,340,59,4,-5.8,1022.2,1029.9,.8,.8,,,5,5,Sc,12,2000,,,2.6,,,,
146,2022-02-02 11:00,2.1,,1.9,290,56,4,-5.7,1022.4,1030.1,.6,1.06,,,8,8,Sc,9,2000,,,6.2,,,,
146,2022-02-02 12:00,2.7,,3,270,48,3.6,-7.2,1021.6,1029.2,.4,1.22,,,6,6,Sc,12,2000,,,12.1,,,,
146,2022-02-02 13:00,3.4,,2.7,270,49,3.8,-6.3,1021,1028.6,.7,1.95,,,5,5,Sc,12,2000,,,16.3,,,,
146,2022-02-02 14:00,2.5,,3.9,270,49,3.6,-7.1,1020.4,1028,.9,1.85,,,8,2,ScCi,12,2000,,,12.4,,,,
146,2022-02-02 15:00,2.7,,3.1,270,47,3.5,-7.5,1020,1027.6,1,1.68,,,3,1,ScCi,12,2000,,,12.2,,,,
146,2022-02-02 16:00,2.3,,4.3,250,49,3.5,-7.3,1019.7,1027.3,1,1.39,,,0,0,,,2000,,,8.2,,,,
146,2022-02-02 17:00,1.6,,4,270,53,3.6,-6.9,1019.7,1027.4,1,.77,,,1,0,Ci,,2000,,,2.4,,,,
146,2022-02-02 18:00,.2,,2.5,270,59,3.7,-6.8,1020,1027.7,.6,.18,,,1,0,Ci,,2000,,,-.8,,,,
146,2022-02-02 19:00,-.5,,1.7,290,54,3.2,-8.6,1020.7,1028.4,,,,,5,0,,,2000,,,-2.1,,,,
146,2022-02-02 20:00,-1.6,,1.7,320,50,2.7,-10.6,1020.5,1028.3,,,,,4,0,,,2000,,,-3.3,,,,
146,2022-02-02 21:00,-1.9,,1.6,320,48,2.6,-11.4,1021.2,1029,,,,,0,0,,,2000,,,-4,,,,
146,2022-02-02 22:00,-1.9,,.9,340,46,2.4,-12,1021.5,1029.3,,,,,9,2,,71,2000,,,-4.5,,,,
146,2022-02-02 23:00,-1.7,,.1,0,43,2.3,-12.6,1020.8,1028.6,,,,,9,6,,12,2000,,,-4.5,,,,
146,2022-02-03 00:00,-2.1,,1.1,140,49,2.6,-11.4,1020.2,1028,,,,,1,1,,,2000,,,-4.1,,,,
146,2022-02-03 01:00,-2.6,,.8,180,58,2.9,-9.7,1020,1027.8,,,,,4,1,,13,2000,,,-4.8,,,,
146,2022-02-03 02:00,-2.7,,.6,160,59,3,-9.6,1019.8,1027.6,,,,,8,6,,11,2000,,,-3.6,,,,
146,2022-02-03 03:00,-2.9,,.6,140,58,2.9,-10,1019.8,1027.6,,,,,2,2,Sc,10,2000,,,-4.7,,,,
146,2022-02-03 04:00,-3.2,,.1,0,62,3,-9.4,1019.6,1027.4,,,,,2,2,Sc,10,2000,,,-5.5,,,,
146,2022-02-03 05:00,-3.4,,1,140,63,3,-9.4,1019.8,1027.6,,,,,3,1,ScCi,10,2000,,,-5.4,,,,
146,2022-02-03 06:00,-3.5,,1.2,110,67,3.2,-8.7,1020.2,1028,,,,,0,0,,,2000,,,-6.1,,,,
146,2022-02-03 07:00,-4,,1.2,110,71,3.2,-8.4,1020.4,1028.2,,,,,0,0,,,2000,,,-6.5,,,,
146,2022-02-03 08:00,-4.3,,1.1,110,73,3.2,-8.4,1020.7,1028.5,0,.02,,,0,0,,,2000,,,-6.1,,,,
146,2022-02-03 09:00,-1.4,,.2,0,62,3.4,-7.7,1020.6,1028.4,1,.48,,,0,0,,,2000,,,-.4,,,,
146,2022-02-03 10:00,.8,,1,50,56,3.6,-6.9,1021.1,1028.8,1,1.16,,,2,2,Sc,11,2000,,,6.5,,,,
146,2022-02-03 11:00,1,,2.1,340,49,3.2,-8.5,1021.1,1028.8,1,1.73,,,2,2,Sc,10,2000,,,13.1,,,,
146,2022-02-03 12:00,2.8,,2.5,340,35,2.6,-11.1,1020.5,1028.1,1,2.16,,,2,2,Sc,10,2000,,,17,,,,
146,2022-02-03 13:00,3,,3,320,31,2.3,-12.5,1019.4,1027,1,2.33,,,2,2,Sc,10,2000,,,19.4,,,,
146,2022-02-03 14:00,3.3,,2.5,290,36,2.8,-10.3,1018.6,1026.2,1,2.23,,,2,2,Sc,10,2000,,,19.1,,,,
146,2022-02-03 15:00,3.7,,3,320,29,2.3,-12.7,1017.7,1025.3,1,1.95,,,1,1,Sc,10,2000,,,15.9,,,,
146,2022-02-03 16:00,3.1,,2.9,320,28,2.1,-13.6,1017.9,1025.5,1,1.46,,,0,0,,,2000,,,10.8,,,,
146,2022-02-03 17:00,2.8,,2.6,340,32,2.4,-12.3,1018.1,1025.7,1,.81,,,0,0,,,2000,,,3.5,,,,
146,2022-02-03 18:00,1.7,,3.3,340,35,2.4,-12.1,1018.1,1025.7,.8,.19,,,0,0,,,2000,,,-1.4,,,,
146,2022-02-03 19:00,.2,,4,340,31,1.9,-14.9,1018.5,1026.2,0,0,,,0,0,,,2000,,,-2.5,,,,
146,2022-02-03 20:00,-1,,3.3,340,33,1.9,-15.2,1019.2,1026.9,,,,,1,0,,,2000,,,-3.6,,,,
146,2022-02-03 21:00,-1.9,,2.8,340,37,2,-14.6,1019.7,1027.5,,,,,6,0,Ci,,2000,,,-3.7,,,,
146,2022-02-03 22:00,-2.6,,1.5,340,43,2.2,-13.4,1020.3,1028.1,,,,,8,8,,62,2000,,,-4.3,,,,
146,2022-02-03 23:00,-2.9,,1.3,360,42,2.1,-14,1019.9,1027.7,,,,,10,9,,59,2000,,,-3.9,,,,
146,2022-02-04 00:00,-2.8,,.4,0,43,2.1,-13.6,1020,1027.8,,,,,9,0,,,2000,,,-4.1,,,,
146,2022-02-04 01:00,-2.6,,.4,0,44,2.2,-13.2,1019.9,1027.7,,,,,10,9,,52,2000,,,-3.8,,,,
146,2022-02-04 02:00,-2.6,,.7,110,44,2.2,-13.2,1019.7,1027.5,,,,,9,9,,53,2000,,,-4.2,,,,
146,2022-02-04 03:00,-3.3,,1.1,140,48,2.3,-12.7,1019.4,1027.2,,,,,8,0,Ci,,2000,,,-5.3,,,,
146,2022-02-04 04:00,-3.6,,.9,140,52,2.4,-12,1019,1026.8,,,,,9,6,ScCi,9,2000,,,-6,,,,
146,2022-02-04 05:00,-4.2,,1.8,140,55,2.5,-11.9,1018.3,1026.1,,,,,8,1,ScCi,8,2000,,,-6.1,,,,
146,2022-02-04 06:00,-3.7,,1.5,140,55,2.6,-11.4,1018,1025.8,,,,,9,9,Sc,10,2000,,,-3.1,,,,
146,2022-02-04 07:00,-3.2,,.8,110,54,2.6,-11.2,1017.7,1025.5,,,,,10,9,ScAs,9,2000,,05,-2.5,,,,
146,2022-02-04 08:00,-3.5,,1.3,20,64,3,-9.3,1018.4,1026.2,0,.01,,,10,7,ScAs,7,868,,05,-2.2,,,,
146,2022-02-04 09:00,-3.3,.1,.8,90,76,3.6,-6.9,1018.8,1026.6,0,.19,.3,.3,8,8,Sc,9,1057,,05,0,,,,
146,2022-02-04 10:00,-1.6,,.5,110,75,4.1,-5.4,1019,1026.7,.4,.78,.1,,5,5,Sc,10,1424,,05,5,,,,
146,2022-02-04 11:00,.4,,.8,160,62,3.9,-6,1019,1026.7,1,1.62,,,3,3,Sc,10,2000,,05,11.6,,,,
146,2022-02-04 12:00,.2,0,2.2,290,60,3.7,-6.6,1018.6,1026.3,.5,1.26,,,7,7,Sc,10,2000,,,7.1,,,,
146,2022-02-04 13:00,.6,,2.7,320,62,4,-5.8,1017.9,1025.6,.3,1.12,,,7,7,Sc,10,1962,,05,8.8,,,,
146,2022-02-04 14:00,2,,3,290,57,4,-5.6,1017,1024.6,.6,1.23,,,8,8,Sc,10,2000,,,11.8,,,,
146,2022-02-04 15:00,1.5,0,4.6,250,53,3.6,-7,1016.7,1024.3,.9,1.8,,,5,5,Sc,10,2000,,,12.5,,,,
146,2022-02-04 16:00,1.3,,6.4,270,46,3.1,-9,1016.7,1024.3,.9,1.16,,,7,7,Sc,10,2000,,,7.5,,,,
146,2022-02-04 17:00,.1,,4.3,270,56,3.5,-7.6,1017,1024.7,.6,.62,,,7,7,Sc,10,2000,,05,2.4,,,,
146,2022-02-04 18:00,-1.1,0,3.7,290,61,3.5,-7.6,1017.4,1025.1,.3,.13,,,7,7,Sc,10,2000,,05,-1.5,,,,
146,2022-02-04 19:00,-2.1,,2.8,270,67,3.5,-7.4,1017.9,1025.7,0,0,,,0,0,,,2000,,,-2.7,,,,
146,2022-02-04 20:00,-2.8,,1.2,290,67,3.3,-8,1018,1025.8,,,,,4,4,,15,2000,,,-3.6,,,,
146,2022-02-04 21:00,-2.5,,3.9,290,66,3.4,-7.9,1017.9,1025.7,,,,,8,8,Sc,13,2000,,,-2.1,,,,
146,2022-02-04 22:00,-3.6,,1.5,290,88,4.1,-5.3,1018.4,1026.2,,,.4,,9,9,CuSc,6,197,,1908,-1.4,,,,
146,2022-02-04 23:00,-3.8,,2.8,290,91,4.2,-5,1018.4,1026.2,,,1.2,,9,9,CuSc,6,355,,1908,-1,,,,
146,2022-02-05 00:00,-3.9,.4,.9,320,91,4.2,-5.1,1018.3,1026.1,,,1.3,1.3,9,9,,,810,,1908,-.9,,,,
146,2022-02-05 01:00,-4.9,,1.1,340,91,3.9,-6.1,1018.1,1025.9,,,1.3,,8,8,Sc,10,789,,1908,-2.3,,,,
146,2022-02-05 02:00,-4.7,,1.2,250,90,3.9,-6,1017.6,1025.4,,,1.2,,1,1,,12,1171,,19,-2.6,,,,
146,2022-02-05 03:00,-4.8,.1,1,270,90,3.9,-6.1,1017.8,1025.6,,,1.1,0,5,5,Sc,10,1461,,,-2.7,,,,
146,2022-02-05 04:00,-5.5,,1.3,320,91,3.7,-6.7,1018.2,1026.1,,,1.1,,8,8,Sc,10,879,,19,-2.8,,,,
146,2022-02-05 05:00,-6.3,,1.3,340,89,3.4,-7.8,1018.7,1026.6,,,1,,1,1,Sc,8,1134,,19,-3.5,,,,
146,2022-02-05 06:00,-6.3,,1,360,79,3,-9.3,1018.7,1026.6,,,1,,1,1,Sc,10,1994,,,-4.2,,,,
146,2022-02-05 07:00,-6.1,,1.8,340,77,3,-9.4,1019,1026.9,,,1,,8,8,Sc,14,1966,,,-3.6,,,,
146,2022-02-05 08:00,-6,,2.7,360,74,2.9,-9.8,1019.9,1027.8,0,.03,.9,,5,5,Sc,12,2000,,,-3.5,,,,
146,2022-02-05 09:00,-5.3,,3.1,360,64,2.6,-11,1020.8,1028.7,.8,.67,.8,,0,0,,,2000,,,-1.7,,,,
146,2022-02-05 10:00,-4.4,,2.8,360,51,2.3,-13,1021.1,1028.9,1,1.54,.5,,0,0,,,2000,,,.4,,,,
146,2022-02-05 11:00,-3.1,,2.7,340,50,2.4,-12,1020.8,1028.6,1,1.94,.3,,0,0,,,2000,,,8.7,,,,
146,2022-02-05 12:00,-3.1,,3.2,320,47,2.3,-12.8,1020.1,1027.9,1,2.17,,,2,2,Sc,10,2000,,,11.6,,,,
146,2022-02-05 13:00,-2.5,,1.8,270,50,2.5,-11.5,1019.5,1027.3,.9,1.91,,,5,5,Sc,10,2000,,,9.2,,,,
146,2022-02-05 14:00,-.2,,3,270,50,3,-9.3,1018.8,1026.5,.9,1.76,,,8,8,Sc,10,2000,,,12.1,,,,
146,2022-02-05 15:00,-.6,,4.5,250,57,3.3,-8,1018.6,1026.3,.9,1.71,,,9,9,Sc,10,2000,,,10.1,,,,
146,2022-02-05 16:00,-.7,,4.1,270,61,3.5,-7.3,1018.8,1026.5,.1,.55,,,9,9,Sc,10,2000,,,3.4,,,,
146,2022-02-05 17:00,-2.2,,3.7,270,81,4.2,-5,1019.1,1026.9,0,.28,,,9,9,Sc,8,429,,05,.5,,,,
146,2022-02-05 18:00,-2,.1,2.1,290,82,4.3,-4.6,1019.1,1026.9,0,.08,.2,.2,8,8,Sc,10,2000,,05,-.6,,,,
146,2022-02-05 19:00,-2.4,,3.2,320,64,3.3,-8.2,1020,1027.8,0,0,,,10,7,,11,2000,,,-2.2,,,,
146,2022-02-05 20:00,-3.1,,2.5,320,71,3.5,-7.6,1020.7,1028.5,,,,,7,7,Sc,10,2000,,05,-2.4,,,,
146,2022-02-05 21:00,-3.6,0,1.4,340,75,3.5,-7.3,1020.6,1028.4,,,,0,8,8,Sc,12,2000,,05,-2.2,,,,
146,2022-02-05 22:00,-4.1,,.9,360,72,3.2,-8.4,1020.5,1028.3,,,,,1,1,Sc,10,2000,,05,-4.1,,,,
146,2022-02-05 23:00,-3.9,,.1,0,71,3.3,-8.3,1020.6,1028.4,,,,,4,4,,12,2000,,,-4.4,,,,
146,2022-02-06 00:00,-4,0,.9,50,69,3.1,-8.8,1020.8,1028.6,,,,0,8,8,,,2000,,,-4.3,,,,
146,2022-02-06 01:00,-4.8,,1.2,50,71,3,-9.2,1020.8,1028.7,,,,,7,7,Sc,10,2000,,05,-5.7,,,,
146,2022-02-06 02:00,-5.1,,1,360,74,3.1,-9,1021.2,1029.1,,,,,3,3,,16,2000,,,-6,,,,
146,2022-02-06 03:00,-5,0,1.2,20,72,3,-9.2,1021.9,1029.8,,,,0,5,5,Sc,13,2000,,,-6.1,,,,
146,2022-02-06 04:00,-5.1,,1,50,70,2.9,-9.7,1021.7,1029.6,,,,,0,0,,,2000,,,-7.3,,,,
146,2022-02-06 05:00,-4.9,,.3,0,69,2.9,-9.7,1021.9,1029.8,,,,,0,0,,,2000,,,-7.8,,,,
146,2022-02-06 06:00,-5.9,,1.6,180,79,3.1,-8.9,1022,1029.9,,,,,0,0,,,1999,,,-7.8,,,,
146,2022-02-06 07:00,-6.5,,1.1,160,80,3,-9.3,1022,1029.9,,,,,1,1,Sc,10,2000,,,-7.7,,,,
146,2022-02-06 08:00,-6,,1.1,140,78,3,-9.2,1022.1,1030,0,.03,,,8,8,Sc,13,2000,,,-5.3,,,,
146,2022-02-06 09:00,-4.3,,1.5,140,66,2.9,-9.7,1022.3,1030.2,.6,.47,,,8,8,Sc,13,2000,,,-.4,,,,
146,2022-02-06 10:00,-2.8,,.8,140,62,3.1,-9,1022.4,1030.2,.2,.59,,,9,9,Sc,11,2000,,,.6,,,,
146,2022-02-06 11:00,-.1,,.9,110,49,3,-9.5,1022.3,1030,.8,1.43,,,9,9,Sc,10,2000,,,9.7,,,,
146,2022-02-06 12:00,.1,,1.7,230,56,3.5,-7.6,1022.1,1029.8,.3,1.23,,,5,5,Sc,8,2000,,,9.2,,,,
146,2022-02-06 13:00,1.2,,1.7,270,62,4.2,-5.2,1021.4,1029.1,.7,1.88,,,8,8,Sc,8,1805,,,13.5,,,,
146,2022-02-06 14:00,1.6,,3,250,63,4.3,-4.6,1020.5,1028.2,.8,1.75,,,8,8,Sc,8,2000,,,12.6,,,,
146,2022-02-06 15:00,1.8,,3,270,66,4.6,-3.8,1020.3,1028,.5,1.25,,,8,8,Sc,8,2000,,,9.3,,,,
146,2022-02-06 16:00,1.9,,3.7,290,57,4,-5.7,1019.6,1027.2,.8,1.25,,,9,9,Sc,9,2000,,,5.9,,,,
146,2022-02-06 17:00,1.1,,4.1,290,56,3.7,-6.7,1019.5,1027.2,.2,.32,,,2,2,Sc,12,2000,,,.4,,,,
146,2022-02-06 18:00,.5,,2.9,270,56,3.6,-7.2,1019.5,1027.2,.5,.17,,,2,2,Sc,10,2000,,,-1.2,,,,
146,2022-02-06 19:00,-.2,,3,270,61,3.7,-6.8,1020.9,1028.6,0,0,,,0,0,,,2000,,,-2.1,,,,
146,2022-02-06 20:00,-.4,,2.8,290,63,3.8,-6.5,1020.7,1028.4,,,,,0,0,,,2000,,,-2.7,,,,
146,2022-02-06 21:00,-1.1,,1.8,320,64,3.6,-7,1021,1028.7,,,,,0,0,,,2000,,,-3.7,,,,
146,2022-02-06 22:00,-1.4,,2,290,63,3.5,-7.5,1021.5,1029.3,,,,,0,0,,,2000,,,-4.2,,,,
146,2022-02-06 23:00,-2.1,,1,320,63,3.3,-8.2,1022.3,1030.1,,,,,0,0,,,2000,,,-5.3,,,,
146,2022-02-07 00:00,-2.9,,1.3,50,66,3.3,-8.3,1022.1,1029.9,,,,,0,0,,,2000,,,-6.1,,,,
146,2022-02-07 01:00,-2.8,,1.4,140,69,3.4,-7.7,1022.1,1029.9,,,,,0,0,,,2000,,,-4.2,,,,
146,2022-02-07 02:00,-3,,.9,110,69,3.4,-7.8,1022.1,1029.9,,,,,2,2,,11,2000,,,-5.9,,,,
146,2022-02-07 03:00,-4.4,,.5,320,73,3.2,-8.5,1022.6,1030.5,,,,,0,0,,,2000,,,-7,,,,
146,2022-02-07 04:00,-4.6,,.7,110,75,3.3,-8.3,1022.1,1030,,,,,0,0,,,2000,,,-7.3,,,,
146,2022-02-07 05:00,-4.6,,1.4,110,76,3.3,-8.1,1022.3,1030.2,,,,,0,0,,,2000,,,-7.2,,,,
146,2022-02-07 06:00,-5,,1.5,110,77,3.2,-8.4,1022,1029.9,,,,,0,0,,,2000,,,-7.5,,,,
146,2022-02-07 07:00,-5.7,,1.2,110,78,3.1,-8.9,1021.7,1029.6,,,,,7,0,Ci,,2000,,,-7.6,,,,
146,2022-02-07 08:00,-4.9,,1,180,78,3.3,-8.1,1022.2,1030.1,0,.03,,,4,0,Ci,,2000,,,-6.3,,,,
146,2022-02-07 09:00,-3.1,,.8,360,67,3.3,-8.3,1021.8,1029.6,.9,.54,,,3,0,Ci,,2000,,,-.1,,,,
146,2022-02-07 10:00,-1.6,,.9,320,62,3.4,-7.9,1022.4,1030.2,.7,.9,,,9,0,Ci,,1866,,,3.5,,,,
146,2022-02-07 11:00,-.6,,2.1,340,46,2.7,-10.8,1022.2,1029.9,0,.77,,,9,0,Ci,,2000,,,4.2,,,,
146,2022-02-07 12:00,.4,,1.9,290,39,2.5,-11.9,1021.6,1029.3,0,1.12,,,9,3,AcCi,41,2000,,,8.4,,,,
146,2022-02-07 13:00,1,,1.8,320,33,2.2,-13.5,1020.5,1028.2,.4,1.44,,,9,3,AcCi,39,2000,,,9.8,,,,
146,2022-02-07 14:00,1.4,,2,290,35,2.4,-12.4,1019.9,1027.6,0,1.23,,,9,7,AcCi,37,2000,,,9.1,,,,
146,2022-02-07 15:00,1.8,,2.1,340,34,2.4,-12.4,1018.8,1026.4,0,.84,,,9,7,AcCi,34,2000,,,8.2,,,,
146,2022-02-07 16:00,1.8,,2,290,33,2.3,-12.8,1020.3,1028,0,.7,,,10,7,AcCs,34,2000,,,4.5,,,,
146,2022-02-07 17:00,1.8,,1.5,320,31,2.2,-13.5,1020.2,1027.9,0,.3,,,10,7,AcCs,34,2000,,,2.4,,,,
146,2022-02-07 18:00,.7,,1.7,290,48,3.1,-9,1018.5,1026.2,0,.09,,,10,7,AcCs,40,2000,,,-.3,,,,
146,2022-02-07 19:00,.4,,1.8,250,48,3,-9.3,1019.6,1027.3,0,0,,,9,9,,32,2000,,,-.7,,,,
146,2022-02-07 20:00,.3,,1,270,48,3,-9.4,1020.6,1028.3,,,,,10,10,,29,2000,,,-.7,,,,
146,2022-02-07 21:00,.1,,1.8,320,44,2.7,-10.7,1021,1028.7,,,,,10,7,AcCs,32,2000,,,-.9,,,,
146,2022-02-07 22:00,-.2,,1.7,340,41,2.5,-11.8,1020.5,1028.2,,,,,10,10,,32,2000,,,-1.1,,,,
146,2022-02-07 23:00,-.5,,1.9,340,42,2.5,-11.8,1020.6,1028.3,,,,,10,3,,36,2000,,,-1.6,,,,
146,2022-02-08 00:00,-1.4,,1.5,320,45,2.5,-11.8,1019.9,1027.6,,,,,3,0,Ci,,2000,,,-3.4,,,,
146,2022-02-08 01:00,-2.2,,1.6,320,49,2.6,-11.4,1019.9,1027.7,,,,,2,0,,,2000,,,-4.7,,,,
146,2022-02-08 02:00,-2.7,,.8,50,48,2.4,-12.2,1019.7,1027.5,,,,,1,0,,,2000,,,-5,,,,
146,2022-02-08 03:00,-2.6,,0,0,49,2.5,-11.8,1019.8,1027.6,,,,,6,0,Ci,,2000,,,-5.5,,,,
146,2022-02-08 04:00,-2.9,,.6,230,53,2.6,-11.1,1019.8,1027.6,,,,,4,0,Ci,,2000,,,-5.9,,,,
146,2022-02-08 05:00,-3.8,,1.1,140,59,2.7,-10.6,1019.5,1027.3,,,,,0,0,,,2000,,,-6.1,,,,
146,2022-02-08 06:00,-4.4,,.8,110,61,2.7,-10.8,1019.6,1027.4,,,,,0,0,,,2000,,,-6.4,,,,
146,2022-02-08 07:00,-4.5,,1.2,110,63,2.8,-10.4,1020,1027.8,,,,,6,2,ScCi,10,2000,,,-5.5,,,,
146,2022-02-08 08:00,-4.4,,.9,140,62,2.8,-10.5,1020.1,1027.9,0,.04,,,9,0,Ci,,2000,,,-4.5,,,,
146,2022-02-08 09:00,-2.2,,.5,90,59,3.1,-9.1,1020.5,1028.3,.3,.4,,,9,0,Ci,,2000,,,-.2,,,,
146,2022-02-08 10:00,-.8,,0,0,50,2.9,-9.9,1021,1028.7,0,.56,,,9,0,Ci,,2000,,,2.1,,,,
146,2022-02-08 11:00,1.3,,.3,0,46,3.1,-9,1021,1028.7,.5,1,,,6,0,Ci,,2000,,,6,,,,
146,2022-02-08 12:00,3.1,,.9,320,51,3.9,-6,1021,1028.6,1,2.04,,,3,1,ScCi,10,2000,,,17.4,,,,
146,2022-02-08 13:00,4.7,,1.7,360,45,3.8,-6.2,1020.3,1027.9,1,2.19,,,2,2,Sc,12,2000,,,19.5,,,,
146,2022-02-08 14:00,4.8,,2.6,340,45,3.9,-6.1,1019.5,1027.1,.8,1.82,,,7,7,Sc,13,2000,,,13.9,,,,
146,2022-02-08 15:00,5,,2.4,290,45,3.9,-5.9,1019.2,1026.8,.7,1.43,,,5,5,Sc,13,2000,,,13.9,,,,
146,2022-02-08 16:00,5.4,,1.7,360,44,3.9,-5.9,1019,1026.5,.6,1.03,,,2,2,Sc,14,2000,,,12.1,,,,
146,2022-02-08 17:00,5,,1,20,45,3.9,-5.9,1019,1026.6,1,.84,,,1,1,Sc,10,2000,,,5.8,,,,
146,2022-02-08 18:00,3.6,,3.1,270,56,4.4,-4.3,1019.6,1027.2,.6,.22,,,1,0,Ci,,2000,,,.9,,,,
146,2022-02-08 19:00,2.2,,2.5,270,67,4.8,-3.3,1020,1027.6,0,0,,,7,3,,75,1652,,,-1.1,,,,
146,2022-02-08 20:00,1.4,,.3,0,69,4.7,-3.6,1020.2,1027.9,,,,,8,8,,72,1184,,,-1.7,,,,
146,2022-02-08 21:00,1.1,,1.1,230,69,4.6,-3.9,1020.8,1028.5,,,,,3,0,Ci,,1547,,,-2.4,,,,
146,2022-02-08 22:00,.6,,.6,70,70,4.5,-4.2,1020.8,1028.5,,,,,8,0,,,1496,,,-3.1,,,,
146,2022-02-08 23:00,0,,.7,180,73,4.5,-4.2,1021.1,1028.8,,,,,7,7,,64,1354,,,-3.3,,,,
146,2022-02-09 00:00,-.5,,.2,0,74,4.4,-4.5,1020.5,1028.2,,,,,4,0,,,1347,,,-4.2,,,,
146,2022-02-09 01:00,-1.3,,.3,0,78,4.3,-4.6,1019.7,1027.4,,,,,10,9,,61,1196,,,-4.3,,,,
146,2022-02-09 02:00,-2.1,,1.1,140,80,4.2,-5,1019.7,1027.5,,,,,4,4,,66,1063,,,-5.2,,,,
146,2022-02-09 03:00,-2.6,,1,110,79,4,-5.7,1019.8,1027.6,,,,,2,0,Ci,,1051,,,-5.5,,,,
146,2022-02-09 04:00,-3.1,,1.7,140,80,3.9,-6,1019.6,1027.4,,,,,0,0,,,1068,,,-5.8,,,,
146,2022-02-09 05:00,-3.7,,1.2,110,81,3.8,-6.4,1019.6,1027.4,,,,,0,0,,,1003,,19,-6.2,,,,
146,2022-02-09 06:00,-3.9,,1.5,140,79,3.6,-7,1019.8,1027.6,,,,,0,0,,,1188,,19,-6.1,,,,
146,2022-02-09 07:00,-4.5,,1.3,110,78,3.4,-7.7,1019.8,1027.6,,,,,0,0,,,1268,,,-6.8,,,,
146,2022-02-09 08:00,-3.8,,.9,90,78,3.6,-7,1020.5,1028.3,0,.03,,,3,0,Ci,,1161,,,-5.7,,,,
146,2022-02-09 09:00,-1.8,,.6,70,67,3.6,-7.1,1020.7,1028.5,.5,.48,,,0,0,,,1461,,,.1,,,,
146,2022-02-09 10:00,.1,,.2,0,59,3.6,-6.9,1020.5,1028.2,.9,1.05,,,8,0,Ci,,1486,,,5.4,,,,
146,2022-02-09 11:00,1.9,,.6,340,49,3.4,-7.7,1019.9,1027.5,1,1.5,,,4,0,Ci,,1944,,,12.1,,,,
146,2022-02-09 12:00,4.4,,1.2,270,42,3.5,-7.4,1019,1026.6,1,2.04,,,7,0,Ci,,1937,,,17.7,,,,
146,2022-02-09 13:00,6,,1.5,340,38,3.6,-7.2,1017.4,1024.9,1,2.12,,,8,0,Ci,,1915,,,20.8,,,,
146,2022-02-09 14:00,7.3,,2.3,320,34,3.5,-7.5,1016.5,1024,1,1.97,,,9,0,Ci,,2000,,,20.6,,,,
146,2022-02-09 15:00,7,,2.8,270,31,3.1,-9,1016,1023.5,1,1.85,,,9,0,Ci,,2000,,,16.9,,,,
146,2022-02-09 16:00,7.7,,1.7,290,30,3.1,-8.8,1015.5,1022.9,.9,1.12,,,9,0,Ci,,2000,,,12.5,,,,
146,2022-02-09 17:00,6.6,,2.2,250,29,2.8,-10.2,1015.2,1022.7,.6,.6,,,9,0,Ci,,2000,,,6,,,,
146,2022-02-09 18:00,5.5,,2.8,270,38,3.4,-7.7,1015.3,1022.8,0,.16,,,9,0,Ci,,2000,,,2.8,,,,
146,2022-02-09 19:00,4.4,,1.7,270,42,3.5,-7.4,1015.8,1023.3,0,0,,,10,9,,40,1973,,,1.3,,,,
146,2022-02-09 20:00,3.6,,1.1,230,44,3.5,-7.5,1015.7,1023.3,,,,,9,9,,44,1981,,,-.7,,,,
146,2022-02-09 21:00,3.1,,.7,230,51,3.9,-6,1015.5,1023.1,,,,,9,6,AcCi,42,1736,,,-.8,,,,
146,2022-02-09 22:00,2.7,,.2,0,53,3.9,-5.9,1015.4,1023,,,,,10,10,,40,1861,,,-.6,,,,
146,2022-02-09 23:00,2.1,,.9,200,62,4.4,-4.4,1015.4,1023,,,,,10,10,,40,1604,,,-.6,,,,
146,2022-02-10 00:00,1.7,,.2,0,58,4,-5.6,1015.5,1023.1,,,,,9,6,AcCi,37,1506,,,-.7,,,,
146,2022-02-10 01:00,1.4,,.8,340,67,4.5,-4,1015.3,1022.9,,,,,10,10,,34,1129,,,-.6,,,,
146,2022-02-10 02:00,1.3,,.6,50,64,4.3,-4.7,1015.2,1022.8,,,,,10,9,,32,1266,,,-.6,,,,
146,2022-02-10 03:00,1,,.7,90,65,4.3,-4.8,1015.3,1022.9,,,,,10,10,As,30,1193,,,-.7,,,,
146,2022-02-10 04:00,1,,.4,0,69,4.5,-4,1015.1,1022.7,,,,,10,10,As,26,1077,,,-.5,,,,
146,2022-02-10 05:00,.8,,1.1,340,72,4.7,-3.6,1015.1,1022.7,,,,,10,10,As,29,955,,40,-.6,,,,
146,2022-02-10 06:00,0,,.7,340,76,4.6,-3.7,1015.5,1023.2,,,,,7,7,Ac,28,798,,4019,-1.5,,,,
146,2022-02-10 07:00,.3,,.4,0,78,4.9,-3,1015.5,1023.2,,,,,5,5,Ac,32,696,,19,-1.3,,,,
146,2022-02-10 08:00,.1,,.6,180,80,4.9,-2.9,1016,1023.7,0,.04,,,1,0,Ci,,671,,19,-2,,,,
146,2022-02-10 09:00,2.3,,.1,0,63,4.5,-4,1016.6,1024.2,.8,.45,,,0,0,,,943,,4019,.8,,,,
146,2022-02-10 10:00,3.1,,1,360,61,4.6,-3.7,1016.8,1024.4,1,1.12,,,0,0,,,827,,40,6.7,,,,
146,2022-02-10 11:00,4.3,,1.4,340,43,3.6,-7.2,1016.7,1024.2,1,1.69,,,0,0,,,1423,,,15.4,,,,
146,2022-02-10 12:00,5.6,,1.9,320,33,3,-9.4,1016.5,1024,1,2.09,,,0,0,,,1946,,,20.3,,,,
146,2022-02-10 13:00,6.6,,2.8,320,31,3,-9.3,1015.4,1022.9,1,2.29,,,0,0,,,2000,,,22.4,,,,
146,2022-02-10 14:00,8.1,,2.7,270,33,3.6,-7.2,1015,1022.4,1,2.21,,,0,0,,,1976,,,21.8,,,,
146,2022-02-10 15:00,8.2,,2.5,270,33,3.6,-7.1,1014.5,1021.9,1,1.9,,,0,0,,,1987,,,18.6,,,,
146,2022-02-10 16:00,7.7,,3.7,250,38,4,-5.7,1014.5,1021.9,1,1.41,,,0,0,,,1955,,,13.5,,,,
146,2022-02-10 17:00,6.8,,4,270,45,4.4,-4.3,1014.6,1022.1,1,.81,,,0,0,,,1903,,,7.8,,,,
146,2022-02-10 18:00,5.5,,2.4,270,51,4.6,-3.8,1015,1022.5,.8,.23,,,0,0,,,1708,,,2.9,,,,
146,2022-02-10 19:00,4.2,,3,270,57,4.7,-3.5,1016.1,1023.6,0,0,,,0,0,,,1329,,,.6,,,,
146,2022-02-10 20:00,3.5,,1.6,290,60,4.7,-3.5,1016.4,1024,,,,,0,0,,,998,,,-1.4,,,,
146,2022-02-10 21:00,3.4,,1,250,61,4.8,-3.4,1016.9,1024.5,,,,,0,0,,,896,,40,-2.5,,,,
146,2022-02-10 22:00,2.1,,1.2,230,64,4.5,-4,1017.4,1025,,,,,0,0,,,1034,,,-2.6,,,,
146,2022-02-10 23:00,1.4,,.6,230,66,4.5,-4.2,1017.6,1025.2,,,,,0,0,,,1005,,,-3.3,,,,
146,2022-02-11 00:00,0,,1.1,110,70,4.3,-4.8,1017.4,1025.1,,,,,0,0,,,869,,40,-3.5,,,,
146,2022-02-11 01:00,-.6,,1.2,110,71,4.2,-5.2,1017.3,1025,,,,,0,0,,,826,,40,-3.9,,,,
146,2022-02-11 02:00,-1.5,,1.3,140,75,4.1,-5.3,1017.5,1025.2,,,,,0,0,,,750,,40,-4.3,,,,
146,2022-02-11 03:00,-1.3,,1,110,73,4.1,-5.5,1017.7,1025.4,,,,,9,0,Ci,,768,,40,-4.3,,,,
146,2022-02-11 04:00,-1.8,,1,110,75,4,-5.6,1017.6,1025.3,,,,,0,0,,,698,,40,-5,,,,
146,2022-02-11 05:00,-2.5,,1.3,140,77,3.9,-5.9,1017.9,1025.7,,,,,0,0,,,663,,40,-5.3,,,,
146,2022-02-11 06:00,-2.5,,1.3,110,76,3.9,-6.1,1018.5,1026.3,,,,,0,0,,,657,,40,-5.4,,,,
146,2022-02-11 07:00,-3.4,,1.5,140,78,3.7,-6.6,1019.3,1027.1,,,,,0,0,,,624,,40,-5.9,,,,
146,2022-02-11 08:00,-2.8,,1.1,110,75,3.7,-6.6,1020,1027.8,0,.04,,,0,0,,,650,,40,-4.9,,,,
146,2022-02-11 09:00,-.5,,.7,90,65,3.8,-6.2,1020.7,1028.4,.9,.48,,,0,0,,,721,,40,-.3,,,,
146,2022-02-11 10:00,2.6,,.5,110,60,4.4,-4.3,1020.7,1028.3,1,1.11,,,0,0,,,676,,40,5.9,,,,
146,2022-02-11 11:00,4.1,,1.1,320,47,3.8,-6.2,1020.5,1028.1,1,1.69,,,0,0,,,990,,40,13.4,,,,
146,2022-02-11 12:00,7.6,,1.2,340,38,4,-5.8,1020,1027.5,1,2.11,,,0,0,,,1267,,40,18.5,,,,
146,2022-02-11 13:00,8.4,,1.7,290,33,3.6,-6.9,1018.8,1026.2,1,2.32,,,0,0,,,1406,,,23,,,,
146,2022-02-11 14:00,9.1,,2.8,320,32,3.7,-6.7,1017.9,1025.3,1,2.24,,,1,0,Ci,,1255,,,22.8,,,,
146,2022-02-11 15:00,10.2,,2.5,290,23,2.9,-10,1017.5,1024.9,1,1.93,,,0,0,,,2000,,,19.9,,,,
146,2022-02-11 16:00,10,,3.3,290,24,3,-9.6,1017.1,1024.5,1,1.47,,,0,0,,,1845,,,15.6,,,,
146,2022-02-11 17:00,9.5,,2.7,320,25,3,-9.5,1017.1,1024.5,1,.83,,,0,0,,,1746,,,9,,,,
146,2022-02-11 18:00,7,,2.5,270,45,4.5,-4.1,1017.7,1025.2,.6,.22,,,0,0,,,906,,40,3.5,,,,
146,2022-02-11 19:00,5.2,,1.2,250,57,5,-2.6,1018.2,1025.7,0,0,,,0,0,,,665,,40,0,,,,
146,2022-02-11 20:00,4.9,,.5,230,60,5.2,-2.2,1017.5,1025.1,,,,,3,0,,,598,,40,-2.4,,,,
146,2022-02-11 21:00,4.2,,.4,0,62,5.1,-2.4,1017.6,1025.2,,,,,7,0,Ci,,577,,40,-2.1,,,,
146,2022-02-11 22:00,3.2,,1.1,200,61,4.7,-3.6,1018.3,1025.9,,,,,4,4,,48,594,,40,-2.3,,,,
146,2022-02-11 23:00,2.6,,.8,110,62,4.6,-3.9,1018.5,1026.1,,,,,10,8,,49,610,,40,-2.5,,,,
146,2022-02-12 00:00,1.3,,1.1,140,65,4.4,-4.5,1018.8,1026.5,,,,,7,0,,,600,,40,-2.7,,,,
146,2022-02-12 01:00,1,,.9,70,65,4.3,-4.8,1018.8,1026.5,,,,,9,9,,49,600,,40,-2,,,,
146,2022-02-12 02:00,1.6,,.4,0,65,4.5,-4.2,1018.9,1026.6,,,,,10,9,,48,561,,40,-1.4,,,,
146,2022-02-12 03:00,1.2,,.9,180,68,4.5,-4,1018.8,1026.5,,,,,9,0,Ci,,499,,40,-1.3,,,,
146,2022-02-12 04:00,1,,.6,140,66,4.3,-4.6,1018.3,1026,,,,,9,0,Ci,,545,,40,-1.2,,,,
146,2022-02-12 05:00,.3,,1.1,50,68,4.2,-4.9,1018.3,1026,,,,,9,0,Ci,,583,,40,-2.3,,,,
146,2022-02-12 06:00,.2,,.9,140,67,4.2,-5.2,1018.3,1026,,,,,5,0,Ci,,599,,40,-3.7,,,,
146,2022-02-12 07:00,-.5,,1.5,110,71,4.2,-5.1,1018.6,1026.3,,,,,1,0,Ci,,547,,40,-4.1,,,,
146,2022-02-12 08:00,-.4,,1.2,110,69,4.1,-5.4,1018.7,1026.4,0,.04,,,0,0,,,567,,40,-3.4,,,,
146,2022-02-12 09:00,1.4,,1,140,62,4.2,-5,1019.1,1026.8,.9,.48,,,0,0,,,588,,40,.5,,,,
146,2022-02-12 10:00,4.7,,.7,360,52,4.4,-4.3,1018.7,1026.2,1,1.1,,,0,0,,,636,,40,7.5,,,,
146,2022-02-12 11:00,7.3,,.8,320,42,4.3,-4.7,1018.5,1026,1,1.69,,,0,0,,,691,,40,15.4,,,,
146,2022-02-12 12:00,9.5,,1.8,340,37,4.4,-4.4,1017.5,1024.9,1,2.13,,,0,0,,,729,,40,23,,,,
146,2022-02-12 13:00,11.1,,1.9,320,34,4.5,-4.2,1016.2,1023.6,1,2.3,,,0,0,,,703,,40,25.8,,,,
146,2022-02-12 14:00,11.6,,2.3,270,28,3.8,-6.3,1015.2,1022.5,1,2.22,,,0,0,,,1097,,40,25,,,,
146,2022-02-12 15:00,12,,3.4,320,25,3.5,-7.4,1014.8,1022.1,1,1.92,,,0,0,,,1352,,,22.2,,,,
146,2022-02-12 16:00,11.7,,2.9,290,22,3,-9.3,1014.5,1021.8,1,1.47,,,0,0,,,1551,,,17.2,,,,
146,2022-02-12 17:00,11.2,,2.4,320,21,2.8,-10.3,1014.5,1021.8,1,.83,,,0,0,,,1954,,,10.5,,,,
146,2022-02-12 18:00,8.4,,2.8,270,45,5,-2.8,1014.9,1022.3,.6,.23,,,0,0,,,703,,40,5,,,,
146,2022-02-12 19:00,6.6,,.9,180,54,5.3,-2,1015,1022.5,0,.01,,,0,0,,,531,,40,.6,,,,
146,2022-02-12 20:00,5.8,,1.3,230,55,5.1,-2.5,1015.4,1022.9,,,,,0,0,,,523,,40,-.4,,,,
146,2022-02-12 21:00,4.9,,.5,160,60,5.2,-2.2,1015.7,1023.2,,,,,0,0,,,476,,40,-2.1,,,,
146,2022-02-12 22:00,3.7,,.9,110,61,4.9,-3.1,1015.7,1023.3,,,,,0,0,,,480,,40,-2.8,,,,
146,2022-02-12 23:00,3.1,,1.3,110,60,4.6,-3.9,1015.6,1023.2,,,,,6,4,,64,546,,40,-1.8,,,,
146,2022-02-13 00:00,2.4,,1.8,140,61,4.4,-4.3,1015.2,1022.8,,,,,8,0,,,568,,40,-1.7,,,,
146,2022-02-13 01:00,2,,.9,110,63,4.4,-4.3,1015.1,1022.7,,,,,5,5,,61,522,,40,-2.6,,,,
146,2022-02-13 02:00,1.6,,1.4,140,65,4.5,-4.2,1014.9,1022.5,,,,,7,7,,61,516,,40,-2.4,,,,
146,2022-02-13 03:00,1.5,,.3,0,65,4.4,-4.3,1014.6,1022.2,,,,,8,0,Ci,,494,,40,-2.1,,,,
146,2022-02-13 04:00,1.6,,.4,0,67,4.6,-3.8,1014.1,1021.7,,,,,9,4,AcCi,35,489,,40,-1.1,,,,
146,2022-02-13 05:00,2.1,,.7,160,62,4.4,-4.4,1014.2,1021.8,,,,,9,4,AcCi,35,567,,40,-1,,,,
146,2022-02-13 06:00,1.7,,.9,110,65,4.5,-4.1,1014.3,1021.9,,,,,9,5,AcCi,35,517,,40,-1.1,,,,
146,2022-02-13 07:00,1.6,,1.1,110,64,4.4,-4.4,1014.1,1021.7,,,,,8,3,AcCi,35,594,,40,-1.5,,,,
146,2022-02-13 08:00,1.9,,.6,90,63,4.4,-4.4,1014.6,1022.2,0,.03,,,6,4,AcCi,33,629,,40,-.6,,,,
146,2022-02-13 09:00,3.8,,0,0,54,4.3,-4.6,1014.4,1021.9,.7,.45,,,0,0,,,752,,40,2.3,,,,
146,2022-02-13 10:00,6.2,,.5,250,47,4.5,-4.2,1013.9,1021.4,1,1.07,,,0,0,,,857,,40,9.7,,,,
146,2022-02-13 11:00,8.3,,2.2,340,45,4.9,-2.9,1014.2,1021.6,1,1.63,,,5,0,Ci,,873,,40,18.5,,,,
146,2022-02-13 12:00,9.7,,1.9,340,38,4.6,-3.9,1013.7,1021.1,.8,1.53,,,9,0,Ci,,878,,40,19.6,,,,
146,2022-02-13 13:00,10.8,,1.9,340,34,4.4,-4.4,1012.5,1019.8,1,1.91,,,9,0,Ci,,952,,40,24.7,,,,
146,2022-02-13 14:00,11.3,,1.9,320,31,4.2,-5.2,1012.1,1019.4,.1,1.32,,,10,0,Cs,,1277,,40,19.4,,,,
146,2022-02-13 15:00,11.5,,2.8,290,28,3.8,-6.4,1011.9,1019.2,0,1.11,,,10,0,Cs,,1150,,,17.9,,,,
146,2022-02-13 16:00,11.3,,2.5,290,26,3.5,-7.5,1011.8,1019.1,.4,.99,,,10,0,Cs,,1242,,,14.7,,,,
146,2022-02-13 17:00,10.7,,3.4,340,35,4.5,-4.1,1011.7,1019,0,.44,,,7,0,Ci,,1109,,,10.9,,,,
146,2022-02-13 18:00,9.5,,2.4,340,37,4.4,-4.4,1011.5,1018.9,0,.17,,,3,0,Ci,,1100,,,5.6,,,,
146,2022-02-13 19:00,8.4,,1.8,340,41,4.5,-4.1,1012.1,1019.5,0,0,,,4,0,,,1109,,,1.6,,,,
146,2022-02-13 20:00,7.5,,1.6,320,45,4.7,-3.6,1012.5,1019.9,,,,,6,0,,,949,,40,.3,,,,
146,2022-02-13 21:00,6.8,,.8,320,49,4.9,-3.1,1013.1,1020.6,,,,,3,0,Ci,,933,,40,-1.2,,,,
146,2022-02-13 22:00,5.5,,1.1,140,52,4.7,-3.5,1013.4,1020.9,,,,,5,0,,,888,,40,-1.7,,,,
146,2022-02-13 23:00,4.2,,.9,140,57,4.7,-3.5,1012.8,1020.3,,,,,6,0,,,820,,40,-2.7,,,,
146,2022-02-14 00:00,4,,.6,140,58,4.7,-3.5,1013.3,1020.8,,,,,0,0,,,734,,40,-2.5,,,,
146,2022-02-14 01:00,2.4,,1.4,140,63,4.6,-3.9,1013.7,1021.3,,,,,0,0,,,790,,40,-2.9,,,,
146,2022-02-14 02:00,1.6,,1.4,140,67,4.6,-3.8,1013.4,1021,,,,,0,0,,,713,,40,-3.2,,,,
146,2022-02-14 03:00,1.6,,1,140,67,4.6,-3.8,1013.7,1021.3,,,,,0,0,,,801,,40,-3.3,,,,
146,2022-02-14 04:00,1.2,,1.1,110,70,4.7,-3.6,1013.4,1021,,,,,0,0,,,772,,40,-3.4,,,,
146,2022-02-14 05:00,.4,,1.3,140,73,4.6,-3.8,1013.4,1021.1,,,,,0,0,,,689,,40,-3.7,,,,
146,2022-02-14 06:00,-.6,,1.4,140,77,4.5,-4.1,1013.2,1020.9,,,,,0,0,,,642,,40,-4.1,,,,
146,2022-02-14 07:00,.3,,.5,160,75,4.7,-3.6,1013.2,1020.9,,,,,0,0,,,605,,40,-4.3,,,,
146,2022-02-14 08:00,.9,,.3,0,72,4.7,-3.5,1013.6,1021.2,.1,.05,,,0,0,,,696,,40,-3.3,,,,
146,2022-02-14 09:00,1.2,,.9,340,74,4.9,-2.9,1014.3,1021.9,1,.51,,,0,0,,,443,,40,1,,,,
146,2022-02-14 10:00,4.5,,1.1,110,62,5.2,-2.1,1014.1,1021.6,1,1.09,,,0,0,,,502,,40,7.4,,,,
146,2022-02-14 11:00,7.3,,1,250,50,5.1,-2.4,1014,1021.4,1,1.68,,,3,0,Ci,,677,,40,16.4,,,,
146,2022-02-14 12:00,9.7,,1.5,320,45,5.4,-1.6,1013.8,1021.2,1,2.03,,,4,0,Ci,,934,,40,23,,,,
146,2022-02-14 13:00,10.7,,2.1,290,37,4.8,-3.4,1012.7,1020,1,1.97,,,7,0,Ci,,1276,,40,23.7,,,,
146,2022-02-14 14:00,11.1,,3.5,250,28,3.7,-6.7,1011.9,1019.2,1,2.11,,,9,0,Ci,,1477,,,23.6,,,,
146,2022-02-14 15:00,10.4,,4,270,24,3,-9.3,1011.4,1018.7,1,1.76,,,4,0,Ci,,1569,,,19.3,,,,
146,2022-02-14 16:00,9.8,,4.7,270,30,3.6,-6.9,1011.9,1019.2,.9,1.3,,,6,1,AcCi,33,1073,,40,13.8,,,,
146,2022-02-14 17:00,8.6,,4.8,270,37,4.2,-5.2,1012.1,1019.5,.5,.61,,,5,0,Ci,,679,,40,9.3,,,,
146,2022-02-14 18:00,7.2,,2.8,270,44,4.5,-4.2,1012.4,1019.8,.1,.2,,,10,6,ScAs,10,598,,40,5.7,,,,
146,2022-02-14 19:00,6.1,,4.1,270,66,6.2,.2,1012.9,1020.4,0,0,,,10,7,ScAs,10,518,,4001,5.7,,,,
146,2022-02-14 20:00,4.1,,3.3,270,86,7,1.9,1013.6,1021.1,,,,,10,5,ScAs,10,838,,401901,4.4,,,,
146,2022-02-14 21:00,2.9,0,3.3,270,86,6.4,.7,1014.3,1021.9,,,,,10,8,ScAs,6,433,,1901,3.2,,,,
146,2022-02-14 22:00,2.7,,5,290,76,5.6,-1.1,1014.7,1022.3,,,,,9,9,Sc,8,616,,1901,2.3,,,,
146,2022-02-14 23:00,2,,4.3,290,70,4.9,-2.9,1015,1022.6,,,,,9,9,Sc,8,903,,1901,1.5,,,,
146,2022-02-15 00:00,1.5,0,2.8,290,65,4.4,-4.3,1015.2,1022.8,,,,,9,9,Sc,10,1152,,01,.7,,,,
146,2022-02-15 01:00,1,,2.6,270,68,4.5,-4.2,1015,1022.6,,,,,9,9,Sc,8,1297,,06,.1,,,,
146,2022-02-15 02:00,.8,,3.7,290,66,4.3,-4.8,1015.1,1022.7,,,0,,9,9,Sc,8,1389,,06,.1,,,,
146,2022-02-15 03:00,.5,0,2.8,290,64,4.1,-5.5,1014.8,1022.5,,,,,9,9,Sc,8,1624,,0605,-.5,,,,
146,2022-02-15 04:00,-.2,,2.9,250,69,4.2,-5.2,1014.4,1022.1,,,,,6,6,Sc,10,1486,,05,-1.5,,,,
146,2022-02-15 05:00,-.5,,3.7,250,74,4.4,-4.5,1014.6,1022.3,,,,,6,6,Sc,8,1141,,05,-1.1,,,,
146,2022-02-15 06:00,-.6,0,4.3,270,76,4.4,-4.3,1014.7,1022.4,,,,,10,8,ScAs,8,518,,05,-.7,,,,
146,2022-02-15 07:00,-1.2,,3.9,290,77,4.3,-4.7,1015.1,1022.8,,,0,,10,8,ScAs,8,990,,05,-.6,,,,
146,2022-02-15 08:00,-1.6,,3.4,290,71,3.9,-6.1,1015.5,1023.2,0,.05,0,,7,7,Sc,9,1556,,05,-1.3,,,,
146,2022-02-15 09:00,-1.5,0,4.9,290,68,3.7,-6.6,1016.1,1023.8,.3,.41,0,0,7,7,Sc,8,1799,,05,.2,,,,
146,2022-02-15 10:00,-.1,,3.5,270,65,3.9,-5.9,1016.1,1023.8,.6,1.03,,,8,8,Sc,6,1903,,05,7.5,,,,
146,2022-02-15 11:00,-.3,,4,290,59,3.5,-7.3,1016,1023.7,.7,1.27,,,8,8,Sc,8,1997,,05,10.2,,,,
146,2022-02-15 12:00,.6,0,3.2,270,56,3.6,-7.1,1015.6,1023.3,.6,1.53,,,7,7,Sc,8,2000,,05,14.2,,,,
146,2022-02-15 13:00,1,,4.1,270,52,3.4,-7.7,1014.8,1022.4,.6,1.68,,,7,7,Sc,8,2000,,05,15.4,,,,
146,2022-02-15 14:00,1.1,,6.3,270,50,3.3,-8.1,1014.1,1021.7,.8,2.05,,,7,7,Sc,10,2000,,05,17,,,,
146,2022-02-15 15:00,-.4,0,5.9,270,49,2.9,-9.8,1014,1021.7,.9,1.9,,,5,5,Sc,10,2000,,05,11.6,,,,
146,2022-02-15 16:00,-.3,,6,270,52,3.1,-8.9,1014.6,1022.3,.9,1.5,,,7,7,Sc,10,2000,,,8.4,,,,
146,2022-02-15 17:00,-2.1,,5.2,290,63,3.3,-8.2,1015.2,1022.9,.4,.67,,,7,7,Sc,8,1739,,05,3.4,,,,
146,2022-02-15 18:00,-2.9,0,4,270,66,3.3,-8.3,1015.5,1023.3,.2,.15,,,5,5,Sc,10,2000,,05,-2.7,,,,
146,2022-02-15 19:00,-3.5,,4,290,66,3.1,-8.9,1016,1023.8,0,0,,,3,2,,12,1979,,,-3.7,,,,
146,2022-02-15 20:00,-3.9,,3.4,290,61,2.8,-10.3,1016.4,1024.2,,,,,1,1,,11,2000,,,-4.5,,,,
146,2022-02-15 21:00,-4.3,,2.1,320,62,2.8,-10.5,1016.8,1024.6,,,,,4,4,Sc,11,2000,,,-4.5,,,,
146,2022-02-15 22:00,-4.6,,1.5,320,63,2.8,-10.5,1016.8,1024.6,,,,,0,0,,,2000,,,-5.4,,,,
146,2022-02-15 23:00,-4.7,,1,320,64,2.8,-10.4,1016.6,1024.4,,,0,,7,5,ScAc,10,2000,,05,-5.5,,,,
146,2022-02-16 00:00,-4.5,0,1.1,270,65,2.9,-10,1016.3,1024.1,,,,,9,4,,,1998,,05,-4.7,,,,
146,2022-02-16 01:00,-4.8,,1.5,230,76,3.3,-8.3,1016.4,1024.2,,,,,10,3,ScAs,10,1867,,05,-4.5,,,,
146,2022-02-16 02:00,-4.9,,1,250,83,3.5,-7.3,1016.3,1024.1,,,,,10,5,ScAs,10,653,,05,-3.5,,,,
146,2022-02-16 03:00,-5.1,.1,1,320,85,3.6,-7.2,1016.5,1024.3,,,.4,.4,10,8,ScAs,10,1288,,05,-3.1,,,,
146,2022-02-16 04:00,-5.1,,1.4,320,85,3.6,-7.2,1016.4,1024.2,,,.5,,9,6,ScAc,10,782,,05,-2.9,,,,
146,2022-02-16 05:00,-5.3,,.5,20,85,3.5,-7.4,1016.2,1024,,,.6,,10,8,ScAs,10,636,,05,-3.1,,,,
146,2022-02-16 06:00,-5.3,0,.5,140,82,3.4,-7.8,1016.1,1023.9,,,.6,.2,4,4,Sc,10,1052,,05,-3.9,,,,
146,2022-02-16 07:00,-5,,1.6,320,86,3.6,-6.9,1016.2,1024,,,1.1,,10,8,ScAs,10,245,,05,-1.9,,,,
146,2022-02-16 08:00,-5.6,,1.7,320,90,3.6,-6.9,1016.7,1024.5,0,.03,1.9,,10,8,ScAs,10,220,,05,-1.1,,,,
146,2022-02-16 09:00,-5,.5,2.3,340,76,3.2,-8.5,1017.2,1025,.6,.49,2.1,1.5,3,3,Sc,10,1830,,05,.1,,,,
146,2022-02-16 10:00,-4.2,,3.3,340,68,3,-9.2,1017.3,1025.1,1,1.05,1,,7,7,Sc,10,1852,,,.9,,,,
146,2022-02-16 11:00,-3.9,,2.4,320,73,3.3,-8,1017.6,1025.4,.2,.84,.4,,8,8,Sc,8,533,,05,4,,,,
146,2022-02-16 12:00,-2.6,.1,3.2,270,70,3.5,-7.3,1017.3,1025.1,.2,.89,.2,,7,7,Sc,8,1438,,05,7.2,,,,
146,2022-02-16 13:00,-2.5,,3.3,290,55,2.8,-10.3,1016.5,1024.3,.6,1.78,,,7,7,Sc,10,2000,,05,8.4,,,,
146,2022-02-16 14:00,-2,,5.3,270,50,2.6,-11,1015.8,1023.5,.7,1.94,,,7,7,Sc,10,2000,,,8.6,,,,
146,2022-02-16 15:00,-2,0,4.8,270,45,2.4,-12.3,1015.6,1023.3,.6,1.55,,,7,7,Sc,12,2000,,,7.9,,,,
146,2022-02-16 16:00,-2.6,,4.2,290,48,2.4,-12.1,1015.5,1023.2,.2,.69,,,7,7,Sc,11,2000,,,3.2,,,,
146,2022-02-16 17:00,-2.8,,4.5,290,47,2.3,-12.5,1015.7,1023.5,.7,.77,,,5,5,Sc,12,2000,,,.6,,,,
146,2022-02-16 18:00,-3.8,,3.7,290,50,2.3,-12.7,1016.1,1023.9,.8,.34,,,5,5,Sc,12,2000,,,-2.7,,,,
146,2022-02-16 19:00,-4.4,,3.9,290,54,2.4,-12.3,1016.4,1024.2,0,.01,,,0,0,,,2000,,,-4.4,,,,
146,2022-02-16 20:00,-4.9,,2.4,340,57,2.4,-12.1,1016.8,1024.6,,,,,2,2,,13,2000,,,-4.2,,,,
146,2022-02-16 21:00,-5.3,,1.2,320,61,2.5,-11.6,1017,1024.8,,,,,5,5,Sc,10,2000,,,-4.4,,,,
146,2022-02-16 22:00,-5.8,,1.5,340,70,2.8,-10.4,1017.2,1025.1,,,,,8,8,Sc,10,2000,,05,-5.8,,,,
146,2022-02-16 23:00,-6,,1.4,320,71,2.8,-10.4,1017.9,1025.8,,,,,5,5,Sc,10,2000,,05,-6.3,,,,
146,2022-02-17 00:00,-6.3,0,2.7,320,59,2.3,-13,1018.6,1026.5,,,,,3,3,,,2000,,,-7.3,,,,
146,2022-02-17 01:00,-6.7,,3,340,51,1.9,-15.1,1018.9,1026.8,,,,,0,0,,,2000,,,-8,,,,
146,2022-02-17 02:00,-7.5,,1.9,320,57,2,-14.5,1019.1,1027,,,,,0,0,,,1980,,,-8.6,,,,
146,2022-02-17 03:00,-7.7,,1.8,340,60,2.1,-14.1,1019.5,1027.4,,,,,0,0,,,1991,,,-9.1,,,,
146,2022-02-17 04:00,-7.7,,1.8,360,59,2,-14.3,1019.8,1027.7,,,,,0,0,,,2000,,,-9.4,,,,
146,2022-02-17 05:00,-8.3,,1.2,70,62,2,-14.3,1019.8,1027.8,,,,,0,0,,,2000,,,-9.7,,,,
146,2022-02-17 06:00,-8.4,,.6,360,63,2.1,-14.1,1019.9,1027.9,,,,,0,0,,,2000,,,-10.2,,,,
146,2022-02-17 07:00,-8.2,,.7,20,64,2.1,-13.8,1020.3,1028.3,,,,,0,0,,,1943,,,-10.4,,,,
146,2022-02-17 08:00,-7.5,,.5,20,60,2.1,-13.9,1021.2,1029.1,.2,.08,,,0,0,,,1995,,,-8.9,,,,
146,2022-02-17 09:00,-6.2,,2.6,340,53,2,-14.2,1021.5,1029.4,1,.63,,,2,0,Ci,,2000,,,-1.9,,,,
146,2022-02-17 10:00,-5.1,,3,340,50,2.1,-13.9,1021.2,1029.1,1,1.39,,,3,0,Ci,,2000,,,3.9,,,,
146,2022-02-17 11:00,-4,,3.5,340,42,1.9,-15,1021,1028.8,1,1.84,,,5,0,Ci,,2000,,,11.1,,,,
146,2022-02-17 12:00,-3,,2.5,340,41,2,-14.4,1020.8,1028.6,1,2.23,,,5,0,Ci,,2000,,,14.1,,,,
146,2022-02-17 13:00,-.5,,1.6,320,37,2.2,-13.4,1019.7,1027.4,1,2.51,,,5,0,Ci,,2000,,,19.7,,,,
146,2022-02-17 14:00,-.7,,2.2,340,34,2,-14.6,1019.2,1026.9,1,2.49,,,6,0,Ci,,2000,,,19.9,,,,
146,2022-02-17 15:00,.4,,2.2,340,30,1.9,-15.2,1019.3,1027,1,2.19,,,3,0,Ci,,2000,,,16.6,,,,
146,2022-02-17 16:00,-.1,,2,320,25,1.5,-17.8,1019.6,1027.3,1,1.7,,,0,0,,,2000,,,12.1,,,,
146,2022-02-17 17:00,0,,2,320,26,1.6,-17.2,1020,1027.7,1,1.02,,,0,0,,,2000,,,4.5,,,,
146,2022-02-17 18:00,-1.8,,3.5,270,47,2.5,-11.6,1020.1,1027.9,1,.33,,,0,0,,,2000,,,-2.3,,,,
146,2022-02-17 19:00,-2.7,,1.6,250,53,2.7,-10.9,1021.3,1029.1,0,0,,,0,0,,,2000,,,-4.6,,,,
146,2022-02-17 20:00,-3.5,,1.2,230,60,2.8,-10.1,1021.7,1029.5,,,,,0,0,,,1976,,,-5.5,,,,
146,2022-02-17 21:00,-3.8,,.4,0,62,2.9,-10,1022.1,1029.9,,,,,0,0,,,1947,,,-6.2,,,,
146,2022-02-17 22:00,-4.4,,1.1,340,64,2.8,-10.1,1022.4,1030.3,,,,,0,0,,,1685,,,-7.6,,,,
146,2022-02-17 23:00,-5.6,,1,360,68,2.8,-10.5,1022.6,1030.5,,,,,0,0,,,1674,,,-8.1,,,,
146,2022-02-18 00:00,-5.5,,1.2,110,69,2.8,-10.2,1022.6,1030.5,,,,,0,0,,,1679,,,-8,,,,
146,2022-02-18 01:00,-6.2,,1.7,110,70,2.7,-10.7,1022.4,1030.3,,,,,9,0,,,1601,,,-8.2,,,,
146,2022-02-18 02:00,-6.2,,0,0,69,2.7,-10.9,1022.6,1030.5,,,,,9,0,,,1637,,,-9,,,,
146,2022-02-18 03:00,-6,,.6,70,71,2.8,-10.4,1023.1,1031,,,,,1,0,Ci,,1502,,,-9.1,,,,
146,2022-02-18 04:00,-6.3,,1,110,72,2.8,-10.5,1022.9,1030.8,,,,,1,0,Ci,,1475,,,-8.8,,,,
146,2022-02-18 05:00,-7.3,,.6,20,72,2.6,-11.4,1023.3,1031.2,,,,,1,0,Ci,,1579,,,-9.4,,,,
146,2022-02-18 06:00,-7.8,,1,20,63,2.1,-13.6,1024.5,1032.5,,,,,1,0,Ci,,1877,,,-9.8,,,,
146,2022-02-18 07:00,-7.9,,1.5,110,66,2.2,-13.1,1024.5,1032.5,,,,,1,0,Ci,,1767,,,-9.2,,,,
146,2022-02-18 08:00,-6.8,,1.4,140,59,2.2,-13.4,1024.7,1032.6,0,.07,,,3,0,Ci,,1985,,,-7.5,,,,
146,2022-02-18 09:00,-4,,.9,90,47,2.1,-13.6,1024.8,1032.7,.9,.54,,,3,0,Ci,,2000,,,-.6,,,,
146,2022-02-18 10:00,-.2,,.7,90,37,2.2,-13.1,1024.6,1032.3,1,1.32,,,0,0,,,2000,,,6,,,,
146,2022-02-18 11:00,2,,.1,0,26,1.8,-15.5,1023.9,1031.6,1,1.97,,,0,0,,,2000,,,15.9,,,,
146,2022-02-18 12:00,4.5,,.7,180,23,1.9,-14.8,1022.8,1030.4,1,2.34,,,0,0,,,2000,,,21.3,,,,
146,2022-02-18 13:00,5.5,,1.8,320,26,2.3,-12.5,1021.4,1029,1,2.51,,,0,0,,,2000,,,24.6,,,,
146,2022-02-18 14:00,7.4,,2.1,340,30,3.1,-9,1020.8,1028.3,1,2.42,,,0,0,,,2000,,,24.5,,,,
146,2022-02-18 15:00,6.9,,1.4,320,30,3,-9.5,1020.5,1028,1,2.13,,,1,0,Ci,,2000,,,21.3,,,,
146,2022-02-18 16:00,6.4,,2.4,320,31,3,-9.5,1020.2,1027.7,1,1.64,,,1,0,Ci,,2000,,,16.4,,,,
146,2022-02-18 17:00,5.6,,2.3,320,36,3.3,-8.3,1020.1,1027.6,.9,.81,,,4,0,Ci,,2000,,,7.3,,,,
146,2022-02-18 18:00,4.4,,1.9,320,38,3.2,-8.7,1019.5,1027.1,.1,.24,,,6,1,AcCi,41,2000,,,1.4,,,,
146,2022-02-18 19:00,3.6,,1.9,340,39,3.1,-9,1019.8,1027.4,0,0,,,7,3,,40,1808,,,-1.8,,,,
146,2022-02-18 20:00,3.5,,.6,50,38,3,-9.5,1019.8,1027.4,,,,,9,9,,40,2000,,,-1.9,,,,
146,2022-02-18 21:00,3.1,,.8,110,43,3.3,-8.2,1019.9,1027.5,,,,,9,7,AcCi,40,2000,,,-2.8,,,,
146,2022-02-18 22:00,1.6,,1.5,110,50,3.4,-7.7,1019.4,1027.1,,,,,9,7,,40,2000,,,-2.2,,,,
146,2022-02-18 23:00,1.7,,1,180,49,3.4,-7.8,1018.7,1026.3,,,,,10,8,,39,2000,,,-1.5,,,,
146,2022-02-19 00:00,1.3,,0,0,50,3.3,-8,1018.5,1026.2,,,,,10,1,,,2000,,,-1,,,,
146,2022-02-19 01:00,1.2,,1.3,110,52,3.5,-7.5,1018.7,1026.4,,,,,10,10,,39,1972,,,-.9,,,,
146,2022-02-19 02:00,1.5,,.9,140,50,3.4,-7.8,1018,1025.6,,,,,10,5,,35,1998,,,-.7,,,,
146,2022-02-19 03:00,1.4,,.3,0,55,3.7,-6.6,1017.7,1025.3,,,,,10,10,As,32,1881,,,-.9,,,,
146,2022-02-19 04:00,1.3,,.5,270,53,3.6,-7.2,1017.6,1025.3,,,,,10,5,ScAs,12,1553,,,-.4,,,,
146,2022-02-19 05:00,.7,,1.9,270,57,3.7,-6.8,1017.6,1025.3,,,,,10,4,ScAs,12,1507,,,-.7,,,,
146,2022-02-19 06:00,.5,,1.1,200,55,3.5,-7.5,1017.1,1024.8,,,,,6,6,Sc,12,1609,,,-.9,,,,
146,2022-02-19 07:00,.1,,.4,0,55,3.4,-7.8,1016.9,1024.6,,,,,6,6,Sc,12,1719,,,-2.4,,,,
146,2022-02-19 08:00,.1,,1.1,200,64,3.9,-5.9,1016.4,1024.1,0,.05,,,4,4,Ac,35,1445,,,-1.8,,,,
146,2022-02-19 09:00,.9,,1.6,250,60,3.9,-6,1017.8,1025.5,0,.3,,,10,10,As,30,1323,,,2,,,,
146,2022-02-19 10:00,1.7,,2,320,44,3,-9.2,1018.4,1026,0,.67,,,10,10,As,25,1892,,,6.7,,,,
146,2022-02-19 11:00,2.6,,3.4,320,38,2.8,-10.3,1017.9,1025.5,.1,1.2,,,10,10,As,25,2000,,,14.2,,,,
146,2022-02-19 12:00,4.1,,1.1,50,40,3.3,-8.3,1017.3,1024.9,.9,1.86,,,10,4,ScAs,10,2000,,,21.1,,,,
146,2022-02-19 13:00,4.4,,2.7,340,41,3.4,-7.7,1016.1,1023.6,1,2.15,,,6,4,ScAc,15,2000,,,22.8,,,,
146,2022-02-19 14:00,3.9,,2.8,270,46,3.7,-6.6,1015.5,1023.1,.3,1.27,,,10,8,ScAs,14,1909,,,12.8,,,,
146,2022-02-19 15:00,3.6,,2.7,270,53,4.2,-5.1,1015.1,1022.7,0,.56,,,10,8,ScAs,11,1827,,,8.4,,,,
146,2022-02-19 16:00,4.1,,2.4,290,57,4.7,-3.6,1014.5,1022,0,.44,,,10,8,ScAs,10,1437,,,8.3,,,,
146,2022-02-19 17:00,3.5,,3,340,53,4.2,-5.2,1014.3,1021.9,.1,.34,,,10,6,ScAs,11,1592,,,6.6,,,,
146,2022-02-19 18:00,2.4,,3.9,270,58,4.2,-5,1014.1,1021.7,0,.2,,,7,4,ScCi,10,1593,,,1.7,,,,
146,2022-02-19 19:00,1,,4,270,69,4.5,-4,1014.3,1021.9,0,.01,,,4,1,,14,1375,,,-.8,,,,
146,2022-02-19 20:00,.4,,4.3,290,66,4.2,-5.2,1014.5,1022.2,,,,,9,4,,13,1417,,,-1.7,,,,
146,2022-02-19 21:00,-.3,,4.5,290,64,3.8,-6.2,1015.1,1022.8,,,,,9,9,Sc,8,1651,,,-.4,,,,
146,2022-02-19 22:00,-1,,3.6,290,57,3.2,-8.4,1016.2,1023.9,,,,,10,10,,13,2000,,,-1.2,,,,
146,2022-02-19 23:00,-1.9,,3.4,290,58,3.1,-9,1017.2,1024.9,,,,,6,6,Sc,10,2000,,05,-2.5,,,,
146,2022-02-20 00:00,-2.7,0,2.6,290,61,3.1,-9.1,1017.6,1025.4,,,,,6,6,,,2000,,05,-3.4,,,,
146,2022-02-20 01:00,-2.9,,3.2,290,58,2.9,-10,1017.7,1025.5,,,,,3,3,,13,2000,,,-3.6,,,,
146,2022-02-20 02:00,-3.5,,2.3,320,62,2.9,-9.7,1017.5,1025.3,,,,,7,7,,11,2000,,,-3.5,,,,
146,2022-02-20 03:00,-4.3,0,2.3,340,66,2.9,-9.7,1017.2,1025,,,,,2,2,Sc,10,2000,,05,-5.3,,,,
146,2022-02-20 04:00,-5.2,,2.2,320,68,2.8,-10.1,1016.9,1024.7,,,,,0,0,,,2000,,,-6.4,,,,
146,2022-02-20 05:00,-5.6,,1.2,320,70,2.8,-10.2,1017.3,1025.1,,,,,0,0,,,2000,,,-7.1,,,,
146,2022-02-20 06:00,-6,,1.5,320,73,2.9,-10,1017.8,1025.7,,,,,0,0,,,1957,,,-7.8,,,,
146,2022-02-20 07:00,-6,,2.4,320,65,2.5,-11.5,1018.3,1026.2,,,,,0,0,,,1975,,,-8,,,,
146,2022-02-20 08:00,-5.7,,1.6,320,60,2.4,-12.2,1019.4,1027.3,.3,.09,,,0,0,,,1994,,,-6.9,,,,
146,2022-02-20 09:00,-4.2,,3,320,50,2.3,-13,1020.3,1028.1,1,.7,,,0,0,,,2000,,,.2,,,,
146,2022-02-20 10:00,-3.6,,3.5,320,38,1.8,-15.8,1020.5,1028.3,1,1.42,,,0,0,,,2000,,,4.4,,,,
146,2022-02-20 11:00,-2.1,,4.7,320,29,1.5,-17.7,1021.1,1028.9,1,2.05,,,0,0,,,2000,,,13.5,,,,
146,2022-02-20 12:00,-.4,,3.7,290,27,1.6,-17.1,1020.7,1028.4,1,2.46,,,0,0,,,2000,,,18.5,,,,
146,2022-02-20 13:00,.3,,3.7,320,23,1.4,-18.4,1019.7,1027.4,1,2.67,,,0,0,,,2000,,,21.8,,,,
146,2022-02-20 14:00,.2,,4.3,290,23,1.4,-18.5,1019.1,1026.8,1,2.6,,,0,0,,,2000,,,21.1,,,,
146,2022-02-20 15:00,.5,,3.7,290,27,1.7,-16.3,1019,1026.7,1,2.31,,,0,0,,,2000,,,17.3,,,,
146,2022-02-20 16:00,.5,,3.5,270,31,2,-14.7,1019.2,1026.9,1,1.78,,,0,0,,,2000,,,12.2,,,,
146,2022-02-20 17:00,-.7,,5.8,270,42,2.4,-12,1019.5,1027.2,1,1.09,,,0,0,,,2000,,,3.9,,,,
146,2022-02-20 18:00,-2.1,,4.6,250,51,2.7,-10.9,1020.2,1028,1,.38,,,0,0,,,2000,,,-1.9,,,,
146,2022-02-20 19:00,-2.8,,3.7,270,54,2.7,-10.8,1020.4,1028.2,0,.01,,,0,0,,,2000,,,-4.4,,,,
146,2022-02-20 20:00,-3.2,,2.1,270,58,2.8,-10.3,1021,1028.8,,,,,0,0,,,2000,,,-5.1,,,,
146,2022-02-20 21:00,-3.1,,1.7,250,59,2.9,-9.9,1021.5,1029.3,,,,,2,2,Sc,10,2000,,,-5,,,,
146,2022-02-20 22:00,-2.9,,1.2,270,65,3.2,-8.5,1022.3,1030.1,,,,,4,4,Sc,10,1986,,05,-3.2,,,,
146,2022-02-20 23:00,-3.4,,.6,270,73,3.5,-7.5,1022.2,1030,,,,,3,3,Sc,12,2000,,05,-5.8,,,,
146,2022-02-21 00:00,-4.2,0,.7,70,69,3.1,-9,1021.9,1029.7,,,,,0,0,,,1953,,,-7,,,,
146,2022-02-21 01:00,-4,,1.4,110,73,3.3,-8.1,1021.7,1029.5,,,,,1,1,,11,1997,,,-5.6,,,,
146,2022-02-21 02:00,-3.9,,.7,180,80,3.7,-6.8,1021.7,1029.5,,,,,8,8,Sc,8,1226,,05,-3,,,,
146,2022-02-21 03:00,-4.3,.1,1.2,140,86,3.8,-6.2,1021.5,1029.3,,,.3,.3,7,7,Sc,8,765,,05,-3.2,,,,
146,2022-02-21 04:00,-5.2,,1.4,140,86,3.6,-7.1,1021.1,1029,,,.3,,2,2,Sc,10,1406,,05,-6.1,,,,
146,2022-02-21 05:00,-5.2,,1.3,140,85,3.5,-7.3,1021.4,1029.3,,,.3,,0,0,,,1404,,,-6.7,,,,
146,2022-02-21 06:00,-5.4,0,2.2,140,85,3.5,-7.5,1021.4,1029.3,,,.3,,0,0,,,1522,,,-6.7,,,,
146,2022-02-21 07:00,-5.8,,1.4,140,87,3.5,-7.6,1021.9,1029.8,,,.2,,0,0,,,1401,,,-7.3,,,,
146,2022-02-21 08:00,-4.6,,1.3,140,81,3.5,-7.3,1022.6,1030.5,.3,.15,.2,,0,0,,,1913,,,-5.9,,,,
146,2022-02-21 09:00,-2.6,,1.6,140,71,3.6,-7.1,1023,1030.8,1,.94,.1,,0,0,,,2000,,,.1,,,,
146,2022-02-21 10:00,.6,,1.2,110,60,3.8,-6.2,1022.7,1030.4,1,1.57,,,0,0,,,2000,,,5.6,,,,
146,2022-02-21 11:00,3,,1.3,180,44,3.3,-8,1022.3,1029.9,1,2.01,,,0,0,,,2000,,,15.2,,,,
146,2022-02-21 12:00,4.3,,2.8,250,40,3.3,-8.1,1021.6,1029.2,1,2.34,,,1,1,Sc,10,2000,,,19.9,,,,
146,2022-02-21 13:00,4.6,,4.1,270,40,3.4,-7.8,1020.7,1028.3,.9,2.12,,,8,8,Sc,10,2000,,,16.5,,,,
146,2022-02-21 14:00,5,,6.5,270,36,3.1,-8.8,1020.2,1027.8,.6,1.71,,,8,8,Sc,10,2000,,,14.9,,,,
146,2022-02-21 15:00,4.9,,4.8,270,36,3.1,-8.9,1019.8,1027.4,.4,1.12,,,7,7,Sc,10,2000,,,11.3,,,,
146,2022-02-21 16:00,4.5,,3.6,290,42,3.5,-7.3,1019.9,1027.5,.1,.46,,,8,8,Sc,10,2000,,,6.3,,,,
146,2022-02-21 17:00,4.3,,2.7,270,45,3.7,-6.6,1020,1027.6,0,.21,,,3,3,Sc,10,2000,,,4.3,,,,
146,2022-02-21 18:00,3.3,,3.1,270,54,4.2,-5.1,1020.5,1028.1,.4,.21,,,0,0,,,2000,,,.9,,,,
146,2022-02-21 19:00,1.7,,3.9,290,65,4.5,-4.1,1020.9,1028.6,0,.01,,,0,0,,,1682,,,-1.4,,,,
146,2022-02-21 20:00,.8,,3.7,290,64,4.2,-5.2,1021.9,1029.6,,,,,6,0,,,1882,,,-2.6,,,,
146,2022-02-21 21:00,-.3,,1.7,270,65,3.9,-6,1022.4,1030.1,,,,,0,0,,,1998,,,-4.4,,,,
146,2022-02-21 22:00,-.8,,2.1,270,61,3.5,-7.3,1022.7,1030.4,,,,,0,0,,,2000,,,-4,,,,
146,2022-02-21 23:00,-1.1,,1.8,290,60,3.4,-7.8,1023.5,1031.3,,,,,4,0,,,2000,,,-4.8,,,,
146,2022-02-22 00:00,-1.3,,.9,270,61,3.4,-7.8,1023.7,1031.5,,,,,0,0,,,2000,,,-5.6,,,,
146,2022-02-22 01:00,-1.9,,1.3,320,62,3.3,-8.2,1023.8,1031.6,,,,,2,0,,,2000,,,-6,,,,
146,2022-02-22 02:00,-2,,1.3,320,61,3.2,-8.5,1023.7,1031.5,,,,,0,0,,,1902,,,-5.7,,,,
146,2022-02-22 03:00,-2.6,,.8,320,64,3.2,-8.4,1024,1031.8,,,,,2,2,Sc,12,2000,,,-6.1,,,,
146,2022-02-22 04:00,-3.6,,1.5,340,68,3.2,-8.6,1023.8,1031.6,,,,,0,0,,,2000,,,-7.3,,,,
146,2022-02-22 05:00,-4.1,,1.4,320,70,3.2,-8.7,1024.1,1032,,,,,0,0,,,1993,,,-7.9,,,,
146,2022-02-22 06:00,-4.2,,1,320,67,3,-9.4,1024.8,1032.7,,,,,0,0,,,2000,,,-8.8,,,,
146,2022-02-22 07:00,-4.7,,1.8,340,68,2.9,-9.7,1024.9,1032.8,,,,,0,0,,,1920,,,-8.9,,,,
146,2022-02-22 08:00,-4.1,,1.1,20,59,2.7,-10.9,1025.5,1033.4,.4,.12,,,0,0,,,2000,,,-7.5,,,,
146,2022-02-22 09:00,-2.5,,1.5,340,47,2.4,-12.2,1026.1,1033.9,1,.74,,,0,0,,,2000,,,1.1,,,,
146,2022-02-22 10:00,-1.2,,1.3,340,39,2.2,-13.4,1025.8,1033.6,1,1.44,,,0,0,,,2000,,,5.5,,,,
146,2022-02-22 11:00,-.3,,1.2,340,34,2,-14.2,1025.8,1033.6,1,2,,,0,0,,,2000,,,15.7,,,,
146,2022-02-22 12:00,1.3,,2.8,340,34,2.3,-12.8,1025.4,1033.1,1,2.43,,,0,0,,,2000,,,21.2,,,,
146,2022-02-22 13:00,1.6,,2.1,320,36,2.5,-11.8,1024.7,1032.4,1,2.44,,,6,6,Sc,10,2000,,,19.8,,,,
146,2022-02-22 14:00,1.9,,4.3,250,39,2.7,-10.6,1024,1031.7,.2,1.26,,,7,7,Sc,10,2000,,,13.6,,,,
146,2022-02-22 15:00,3,,4.7,270,35,2.6,-11,1023.9,1031.5,.9,2.12,,,3,1,ScCi,10,2000,,,16.6,,,,
146,2022-02-22 16:00,1.7,,5.2,270,41,2.8,-10.1,1023.9,1031.6,1,1.82,,,3,2,ScCi,10,2000,,,11.8,,,,
146,2022-02-22 17:00,1.4,,3.4,270,42,2.8,-10.1,1023.7,1031.4,1,1.1,,,5,0,Ci,,2000,,,6.7,,,,
146,2022-02-22 18:00,.2,,2.2,290,49,3,-9.2,1023.3,1031,.8,.29,,,5,0,Ci,,2000,,,-.7,,,,
146,2022-02-22 19:00,-.6,,3.3,270,55,3.2,-8.5,1023.6,1031.3,0,.01,,,4,0,,,2000,,,-2.8,,,,
146,2022-02-22 20:00,-1.8,,2.4,290,69,3.7,-6.7,1024.1,1031.9,,,,,0,0,,,1678,,,-3.8,,,,
146,2022-02-22 21:00,-2.3,,3.7,290,73,3.8,-6.4,1024.7,1032.5,,,,,7,7,Sc,13,1348,,,-2.8,,,,
146,2022-02-22 22:00,-2.7,,2.1,290,76,3.8,-6.3,1025,1032.8,,,,,8,8,Sc,12,1613,,05,-3.6,,,,
146,2022-02-22 23:00,-3,,1.8,320,73,3.6,-7.1,1025.8,1033.6,,,,,9,4,,13,1600,,,-4.1,,,,
146,2022-02-23 00:00,-3.3,0,1.9,320,68,3.3,-8.3,1025.4,1033.2,,,,,8,8,,,1918,,,-3.6,,,,
146,2022-02-23 01:00,-3.6,,2.6,340,68,3.2,-8.6,1026.1,1034,,,,,10,9,ScAs,8,2000,,05,-3.3,,,,
146,2022-02-23 02:00,-4.5,,4.1,340,54,2.4,-12.4,1026,1033.9,,,,,9,9,Sc,9,2000,,05,-3.8,,,,
146,2022-02-23 03:00,-5.6,0,3.2,340,51,2.1,-14.1,1026.5,1034.4,,,,,9,0,Ci,,2000,,,-5.7,,,,
146,2022-02-23 04:00,-5.9,,1.9,20,47,1.8,-15.4,1026.4,1034.3,,,,,9,0,Ci,,2000,,,-6.3,,,,
146,2022-02-23 05:00,-6.4,,.7,20,45,1.7,-16.4,1026.6,1034.5,,,,,8,0,Ci,,2000,,,-6.8,,,,
146,2022-02-23 06:00,-6.4,,1.1,340,45,1.7,-16.4,1026.3,1034.2,,,,,9,0,Ci,,2000,,,-6.6,,,,
146,2022-02-23 07:00,-6.3,,.9,340,45,1.7,-16.3,1026.7,1034.6,,,,,5,0,Ci,,2000,,,-6.8,,,,
146,2022-02-23 08:00,-6.2,,.6,320,48,1.8,-15.4,1027.1,1035,0,.08,,,9,0,Ci,,2000,,,-5,,,,
146,2022-02-23 09:00,-4.6,,.7,70,41,1.8,-15.8,1027.7,1035.6,0,.48,,,9,0,Ci,,2000,,,.1,,,,
146,2022-02-23 10:00,-4.3,,2.5,340,43,1.9,-15,1027.3,1035.2,.4,.99,,,9,0,Ci,,2000,,,3.8,,,,
146,2022-02-23 11:00,-2.9,,1.3,360,41,2,-14.3,1027.2,1035,.9,1.6,,,9,0,Ci,,2000,,,12.4,,,,
146,2022-02-23 12:00,-1.9,,2.2,320,38,2,-14.3,1027,1034.8,.7,1.68,,,9,0,Ci,,2000,,,12.3,,,,
146,2022-02-23 13:00,-1.2,,2.5,320,37,2.1,-14,1025.6,1033.4,1,2.31,,,7,0,Ci,,2000,,,20.6,,,,
146,2022-02-23 14:00,-.4,,2.4,320,35,2.1,-14,1024.6,1032.3,1,2.56,,,0,0,,,2000,,,22.8,,,,
146,2022-02-23 15:00,1,,2.4,340,32,2.1,-13.8,1023.4,1031.1,1,2.29,,,0,0,,,2000,,,20.3,,,,
146,2022-02-23 16:00,1.2,,4.2,250,38,2.5,-11.5,1023.1,1030.8,1,1.79,,,0,0,,,2000,,,12.7,,,,
146,2022-02-23 17:00,.5,,3.9,250,43,2.7,-10.6,1022.9,1030.6,1,1.13,,,0,0,,,2000,,,5.9,,,,
146,2022-02-23 18:00,-.7,,3.6,270,46,2.7,-10.9,1023.6,1031.4,1,.43,,,0,0,,,2000,,,-.9,,,,
146,2022-02-23 19:00,-2.2,,2.9,270,50,2.6,-11.2,1024.5,1032.3,.1,.01,,,0,0,,,2000,,,-4.2,,,,
146,2022-02-23 20:00,-2.8,,2.8,290,44,2.2,-13.3,1025.4,1033.2,,,,,0,0,,,2000,,,-5,,,,
146,2022-02-23 21:00,-3.7,,2.2,320,41,1.9,-15,1025.8,1033.7,,,,,0,0,,,2000,,,-6.3,,,,
146,2022-02-23 22:00,-4.4,,1,340,43,1.9,-15.1,1025.9,1033.8,,,,,0,0,,,2000,,,-7.9,,,,
146,2022-02-23 23:00,-4.2,,.1,0,45,2,-14.3,1025.6,1033.5,,,,,0,0,,,2000,,,-8.1,,,,
146,2022-02-24 00:00,-4.3,,.7,250,47,2.1,-13.9,1025.3,1033.2,,,,,0,0,,,2000,,,-8.4,,,,
146,2022-02-24 01:00,-5.2,,1.3,110,51,2.1,-13.7,1025.1,1033,,,,,0,0,,,2000,,,-8.3,,,,
146,2022-02-24 02:00,-5.7,,1,110,53,2.1,-13.7,1025.5,1033.4,,,,,0,0,,,2000,,,-8.8,,,,
146,2022-02-24 03:00,-6.4,,1.4,110,57,2.2,-13.5,1025.5,1033.4,,,,,1,1,Sc,10,2000,,,-9,,,,
146,2022-02-24 04:00,-7,,1.7,110,60,2.2,-13.4,1025.1,1033.1,,,,,0,0,,,2000,,,-9.1,,,,
146,2022-02-24 05:00,-7.3,,1.3,140,62,2.2,-13.3,1025.2,1033.2,,,,,1,1,Sc,10,2000,,,-9.3,,,,
146,2022-02-24 06:00,-6.7,,1,110,62,2.3,-12.7,1025.2,1033.1,,,,,7,7,Sc,12,2000,,,-8.3,,,,
146,2022-02-24 07:00,-6.3,,1.4,140,61,2.3,-12.6,1025.2,1033.1,,,,,8,8,Sc,10,2000,,,-5,,,,
146,2022-02-24 08:00,-5,,1.1,110,58,2.4,-12,1025.4,1033.3,0,.07,,,9,9,Sc,11,2000,,,-3.2,,,,
146,2022-02-24 09:00,-2.4,,.7,90,50,2.6,-11.4,1025.7,1033.5,.5,.57,,,1,1,Sc,10,2000,,,2.1,,,,
146,2022-02-24 10:00,-.6,,.5,50,32,1.9,-15.3,1025.8,1033.6,1,1.47,,,0,0,,,2000,,,5.6,,,,
146,2022-02-24 11:00,1,,1.5,340,34,2.2,-13.1,1025.7,1033.4,1,2.08,,,0,0,,,2000,,,17.8,,,,
146,2022-02-24 12:00,2,,2,360,38,2.7,-10.8,1025.3,1033,1,2.47,,,1,1,Sc,10,2000,,,22.5,,,,
146,2022-02-24 13:00,3.2,,1.6,320,39,3,-9.4,1024.3,1031.9,.9,2.11,,,3,3,Sc,13,2000,,,19.9,,,,
146,2022-02-24 14:00,3.8,,2.4,270,41,3.3,-8.2,1023.3,1030.9,.9,2.17,,,4,4,Sc,14,2000,,,21.2,,,,
146,2022-02-24 15:00,4.5,,5.7,270,37,3.1,-8.9,1022.4,1030,.8,1.74,,,3,3,Sc,14,2000,,,17.2,,,,
146,2022-02-24 16:00,3.4,,4.5,250,43,3.3,-8,1022.1,1029.7,1,1.81,,,1,1,Sc,10,2000,,,13.2,,,,
146,2022-02-24 17:00,2.8,,4.3,270,48,3.6,-7.1,1022.1,1029.7,1,1.12,,,0,0,,,2000,,,7,,,,
146,2022-02-24 18:00,1.5,,4.1,270,57,3.9,-6.1,1022.3,1030,1,.4,,,0,0,,,2000,,,.8,,,,
146,2022-02-24 19:00,.5,,2.9,270,61,3.9,-6.1,1022.4,1030.1,.1,.02,,,0,0,,,1985,,,-2.3,,,,
146,2022-02-24 20:00,-.2,,1.9,270,63,3.8,-6.4,1022.8,1030.5,,,,,0,0,,,1908,,,-3.9,,,,
146,2022-02-24 21:00,-.5,,.1,0,68,4,-5.6,1022.7,1030.4,,,,,0,0,,,1672,,,-5.3,,,,
146,2022-02-24 22:00,-1.1,,0,0,70,4,-5.8,1022.7,1030.5,,,,,0,0,,,1362,,,-6,,,,
146,2022-02-24 23:00,-2.1,,1,140,70,3.7,-6.8,1022.6,1030.4,,,,,0,0,,,1534,,,-5.9,,,,
146,2022-02-25 00:00,-2.3,,1.7,140,71,3.7,-6.8,1022.2,1030,,,,,0,0,,,1438,,,-6.2,,,,
146,2022-02-25 01:00,-3,,1.5,140,73,3.6,-7.1,1022,1029.8,,,,,0,0,,,1384,,,-6.5,,,,
146,2022-02-25 02:00,-3.6,,1.2,140,75,3.5,-7.3,1022,1029.8,,,,,0,0,,,1304,,,-6.9,,,,
146,2022-02-25 03:00,-3.5,,1.2,110,75,3.6,-7.2,1021.8,1029.6,,,,,0,0,,,1246,,,-7,,,,
146,2022-02-25 04:00,-4.1,,1.6,140,75,3.4,-7.8,1021.7,1029.5,,,,,0,0,,,1260,,,-7.1,,,,
146,2022-02-25 05:00,-4.3,,1.8,140,76,3.4,-7.9,1021.9,1029.8,,,,,0,0,,,1209,,,-7.1,,,,
146,2022-02-25 06:00,-4.4,,1.6,140,77,3.4,-7.8,1022,1029.9,,,,,0,0,,,1204,,,-7.3,,,,
146,2022-02-25 07:00,-4.4,,1.7,140,77,3.4,-7.8,1022.3,1030.2,,,,,0,0,,,1161,,,-7.2,,,,
146,2022-02-25 08:00,-3.3,,1.6,140,75,3.6,-7.1,1022.6,1030.4,.3,.13,,,0,0,,,1314,,,-4.8,,,,
146,2022-02-25 09:00,-.9,,1.3,140,68,3.9,-6,1023.1,1030.9,1,.66,,,0,0,,,1353,,,2.2,,,,
146,2022-02-25 10:00,3.2,,.5,110,55,4.2,-4.9,1023.1,1030.7,1,1.33,,,0,0,,,1464,,,6.8,,,,
146,2022-02-25 11:00,6.4,,.9,250,52,5,-2.7,1022.6,1030.1,1,1.93,,,0,0,,,1393,,,18.4,,,,
146,2022-02-25 12:00,7.3,,2.4,290,50,5.1,-2.4,1021.9,1029.4,1,2.22,,,2,2,Sc,10,1361,,,23.1,,,,
146,2022-02-25 13:00,8.2,,2.6,290,44,4.8,-3.3,1020.8,1028.3,1,2.51,,,2,2,Sc,13,1275,,,25.8,,,,
146,2022-02-25 14:00,9.1,,2.8,270,43,5,-2.8,1019.7,1027.1,1,2.44,,,3,3,Sc,13,1098,,,25.6,,,,
146,2022-02-25 15:00,8.9,,3,290,42,4.8,-3.3,1019,1026.4,.8,1.6,,,3,3,Sc,15,907,,40,18.8,,,,
146,2022-02-25 16:00,9.3,,2.4,270,47,5.5,-1.4,1018.9,1026.3,1,1.48,,,2,2,Sc,14,847,,40,16.8,,,,
146,2022-02-25 17:00,8,,3.5,270,57,6.1,0,1018.8,1026.3,1,.83,,,0,0,,,783,,40,10.2,,,,
146,2022-02-25 18:00,7.1,,2.7,270,61,6.1,0,1018.7,1026.2,0,.3,,,2,2,Sc,10,760,,40,5,,,,
146,2022-02-25 19:00,6.2,,2.4,270,66,6.2,.3,1018.7,1026.2,0,.01,,,0,0,,,696,,40,2,,,,
146,2022-02-25 20:00,5.4,,1.3,230,70,6.2,.3,1018.9,1026.4,,,,,1,1,,13,572,,40,.2,,,,
146,2022-02-25 21:00,4.5,,.7,160,72,6.1,-.1,1019,1026.6,,,,,0,0,,,539,,40,-2.2,,,,
146,2022-02-25 22:00,3.3,,1.6,110,75,5.8,-.7,1019.3,1026.9,,,,,9,4,,8,477,,4019,-2.3,,,,
146,2022-02-25 23:00,3.2,,1.1,110,75,5.8,-.8,1018.8,1026.4,,,,,10,9,,7,487,,19,1.5,,,,
146,2022-02-26 00:00,2.8,,1.1,110,76,5.7,-1,1018.3,1025.9,,,,,0,0,,,456,,19,-1.5,,,,
146,2022-02-26 01:00,2.8,,.9,140,77,5.8,-.8,1017.9,1025.5,,,,,9,9,,6,448,,19,-.3,,,,
146,2022-02-26 02:00,2.3,,1.2,140,80,5.8,-.8,1017.5,1025.1,,,,,10,1,,,417,,19,-3.3,,,,
146,2022-02-26 03:00,1.7,,1.4,110,83,5.8,-.8,1016.9,1024.5,,,,,0,0,,,378,,19,-3.2,,,,
146,2022-02-26 04:00,1.3,,.9,140,87,5.8,-.6,1016.6,1024.2,,,,,0,0,,,337,,19,-3.6,,,,
146,2022-02-26 05:00,.6,,1.7,140,88,5.6,-1.1,1016.3,1024,,,,,3,3,Sc,10,316,,19,-3.6,,,,
146,2022-02-26 06:00,.5,,1.4,140,88,5.6,-1.2,1016.3,1024,,,,,2,2,Sc,10,317,,19,-4,,,,
146,2022-02-26 07:00,1,,1.6,140,85,5.6,-1.2,1016.7,1024.4,,,,,5,5,Sc,8,361,,19,-2.4,,,,
146,2022-02-26 08:00,2,,2.5,110,83,5.9,-.5,1016.5,1024.1,0,.09,,,5,0,Ci,,396,,19,-.9,,,,
146,2022-02-26 09:00,4.6,,1.3,160,70,5.9,-.4,1016.2,1023.7,.7,.6,,,3,0,Ci,,555,,19,4.9,,,,
146,2022-02-26 10:00,7.9,,1.1,140,54,5.8,-.8,1015.7,1023.1,1,1.37,,,1,0,Ci,,881,,4019,9,,,,
146,2022-02-26 11:00,9.6,,2.3,200,39,4.6,-3.7,1015,1022.4,1,1.94,,,0,0,,,1609,,40,21.2,,,,
146,2022-02-26 12:00,10.5,,3.6,250,41,5.2,-2.2,1014,1021.4,1,2.34,,,0,0,,,1882,,,24.3,,,,
146,2022-02-26 13:00,11.6,,4.1,230,41,5.6,-1.2,1012.9,1020.2,1,2.5,,,1,0,Sc,13,1896,,,26.8,,,,
146,2022-02-26 14:00,12.9,,3.8,230,33,4.9,-3,1011.2,1018.5,1,2.18,,,5,2,ScCi,12,2000,,,26.2,,,,
146,2022-02-26 15:00,12.4,,4.1,230,34,4.9,-3,1010.1,1017.4,1,2.04,,,7,0,Ci,,2000,,,21.6,,,,
146,2022-02-26 16:00,11.3,,4.8,250,37,5,-2.8,1009.5,1016.8,.8,1.36,,,9,0,Cs,,2000,,,16.8,,,,
146,2022-02-26 17:00,10.7,,3.8,250,47,6.1,-.1,1008.8,1016.1,.3,.68,,,7,2,ScAc,10,2000,,,11.9,,,,
146,2022-02-26 18:00,9.9,,3.4,230,51,6.2,.2,1008.5,1015.8,.5,.33,,,6,6,Ac,37,2000,,,7.8,,,,
146,2022-02-26 19:00,8.7,,4.8,230,58,6.5,.8,1008.9,1016.3,0,.02,,,8,8,,34,1997,,,6.3,,,,
146,2022-02-26 20:00,8.7,,4.8,230,59,6.6,1.1,1008.7,1016.1,,,,,9,9,,23,2000,,,6.9,,,,
146,2022-02-26 21:00,8.3,0,5,230,68,7.4,2.7,1008.7,1016.1,,,,,10,6,ScAs,10,1413,,01,7.2,,,,
146,2022-02-26 22:00,5.4,,6.1,270,85,7.6,3,1010,1017.5,,,,,10,6,ScAs,10,195,,1901,5.1,,,,
146,2022-02-26 23:00,3.7,,4.1,270,72,5.8,-.8,1012,1019.5,,,,,9,2,,19,355,,19,1.2,,,,
146,2022-02-27 00:00,2.8,.2,2.7,250,67,5,-2.7,1012.7,1020.3,,,,,0,0,,,941,,19,-.4,,,,
146,2022-02-27 01:00,2.5,,1.9,250,66,4.8,-3.2,1013.2,1020.8,,,,,0,0,,,1225,,19,-2.1,,,,
146,2022-02-27 02:00,2.1,,2.3,230,67,4.8,-3.4,1013.5,1021.1,,,,,0,0,,,1565,,,-2.5,,,,
146,2022-02-27 03:00,2.1,,2.5,230,67,4.8,-3.4,1014,1021.6,,,,,0,0,,,1994,,,-2.6,,,,
146,2022-02-27 04:00,2,,1.9,250,66,4.7,-3.6,1014.3,1021.9,,,,,0,0,,,1908,,,-3.1,,,,
146,2022-02-27 05:00,1.6,,1.8,230,66,4.5,-4,1014.7,1022.3,,,,,0,0,,,1873,,,-3.8,,,,
146,2022-02-27 06:00,1.7,,.5,250,65,4.5,-4.1,1015.4,1023,,,,,0,0,,,1946,,,-4.7,,,,
146,2022-02-27 07:00,.5,,.6,180,75,4.8,-3.4,1015.7,1023.4,,,,,0,0,,,1485,,,-5,,,,
146,2022-02-27 08:00,.3,,1.1,90,75,4.7,-3.6,1016.5,1024.2,.4,.15,,,0,0,,,1423,,,-3.8,,,,
146,2022-02-27 09:00,3,,.7,90,62,4.7,-3.5,1017.1,1024.7,1,.84,,,0,0,,,1796,,,6,,,,
146,2022-02-27 10:00,4.9,,.6,290,35,3,-9.3,1017.4,1025,1,1.56,,,0,0,,,2000,,,6.5,,,,
146,2022-02-27 11:00,6,,.7,230,32,3,-9.4,1017.1,1024.6,1,2.14,,,0,0,,,2000,,,20.4,,,,
146,2022-02-27 12:00,8,,.6,250,25,2.7,-10.8,1017,1024.4,1,2.55,,,0,0,,,2000,,,26.9,,,,
146,2022-02-27 13:00,8.9,,2.2,270,25,2.8,-10.1,1016.6,1024,1,2.73,,,0,0,,,2000,,,29,,,,
146,2022-02-27 14:00,10,,3.9,270,18,2.2,-13.2,1015.7,1023.1,1,2.66,,,0,0,,,2000,,,27.7,,,,
146,2022-02-27 15:00,9.7,,3.8,270,18,2.2,-13.5,1015.3,1022.7,1,2.39,,,0,0,,,2000,,,25.2,,,,
146,2022-02-27 16:00,10.2,,2.9,270,24,3,-9.5,1015,1022.4,1,1.85,,,0,0,,,2000,,,21,,,,
146,2022-02-27 17:00,8.8,,3.4,270,29,3.3,-8.2,1015.1,1022.5,1,1.18,,,0,0,,,2000,,,13.5,,,,
146,2022-02-27 18:00,7.3,,3,270,36,3.7,-6.8,1015.5,1023,1,.46,,,0,0,,,2000,,,5.5,,,,
146,2022-02-27 19:00,5.5,,2.1,270,48,4.3,-4.6,1015.8,1023.3,.1,.02,,,0,0,,,2000,,,1.7,,,,
146,2022-02-27 20:00,4.4,,1.4,270,61,5.1,-2.4,1016.6,1024.1,,,,,0,0,,,2000,,,.1,,,,
146,2022-02-27 21:00,3.9,,.6,140,64,5.2,-2.3,1016.9,1024.5,,,,,0,0,,,2000,,,-2.1,,,,
146,2022-02-27 22:00,3,,1.4,140,63,4.8,-3.3,1017.1,1024.7,,,,,0,0,,,2000,,,-2.7,,,,
146,2022-02-27 23:00,2.4,,1.3,110,65,4.7,-3.5,1017.4,1025,,,,,0,0,,,2000,,,-3.5,,,,
146,2022-02-28 00:00,1.8,,1.4,110,64,4.5,-4.2,1017,1024.6,,,,,0,0,,,2000,,,-3.5,,,,
146,2022-02-28 01:00,.6,,1.2,140,70,4.5,-4.2,1017,1024.7,,,,,0,0,,,2000,,,-4.3,,,,
146,2022-02-28 02:00,.7,,1.7,140,68,4.4,-4.5,1017.3,1025,,,,,0,0,,,2000,,,-4.2,,,,
146,2022-02-28 03:00,.6,,1.6,140,69,4.4,-4.4,1016.7,1024.4,,,,,0,0,,,2000,,,-4.5,,,,
146,2022-02-28 04:00,-.1,,1.3,140,73,4.4,-4.3,1016.5,1024.2,,,,,0,0,,,2000,,,-5,,,,
146,2022-02-28 05:00,-.3,,1.7,140,71,4.2,-4.9,1016.5,1024.2,,,,,0,0,,,2000,,,-4.8,,,,
146,2022-02-28 06:00,-.2,,1.7,110,71,4.3,-4.8,1016.9,1024.6,,,,,0,0,,,2000,,,-4.9,,,,
146,2022-02-28 07:00,-.3,,1.5,110,72,4.3,-4.7,1016.8,1024.5,,,,,5,2,ScCi,10,2000,,,-5,,,,
146,2022-02-28 08:00,1.2,,1.3,110,67,4.5,-4.2,1017,1024.7,.4,.18,,,7,2,ScCi,10,2000,,,-2,,,,
146,2022-02-28 09:00,3.4,,.9,140,59,4.6,-3.8,1017,1024.6,.9,.7,,,7,0,Ci,,2000,,,5,,,,
146,2022-02-28 10:00,6.6,,.8,160,44,4.3,-4.8,1016.6,1024.1,1,1.46,,,5,0,Ci,,2000,,,9,,,,
146,2022-02-28 11:00,11,,.7,90,29,3.8,-6.3,1015.8,1023.2,1,2.05,,,4,0,Ci,,2000,,,23.6,,,,
146,2022-02-28 12:00,13.2,,1.2,230,17,2.6,-11.3,1015,1022.3,1,2.43,,,6,0,Ci,,2000,,,30.7,,,,
146,2022-02-28 13:00,14,,2.2,320,21,3.3,-8,1013.4,1020.6,1,2.62,,,7,0,Ci,,2000,,,32.3,,,,
146,2022-02-28 14:00,13.5,,2.1,340,19,2.9,-9.7,1012.4,1019.6,.9,2,,,9,2,AcCi,44,2000,,,27.9,,,,
146,2022-02-28 15:00,14.1,,1.8,320,20,3.2,-8.5,1011.7,1018.9,.4,1.24,,,10,10,As,30,2000,,,21.5,,,,
146,2022-02-28 16:00,14.6,,1.3,340,19,3.1,-8.8,1011.1,1018.3,.4,1.19,,,10,10,As,30,2000,,,23.5,,,,
146,2022-02-28 17:00,13,,2.7,270,25,3.7,-6.6,1010.6,1017.9,.5,.74,,,8,8,Ac,42,2000,,,16,,,,
146,2022-02-28 18:00,11.1,,1,270,30,4,-5.8,1010.8,1018.1,.1,.24,,,9,9,Ac,42,2000,,,9.7,,,,
146,2022-02-28 19:00,9.6,,.7,270,33,3.9,-5.9,1011.5,1018.8,0,.01,,,10,10,,34,2000,,,5.7,,,,
146,2022-02-28 20:00,8.7,,1.3,320,39,4.4,-4.5,1011.9,1019.3,,,,,9,5,,36,1879,,,4,,,,
146,2022-02-28 21:00,7.5,,.3,0,47,4.9,-3.1,1011.1,1018.5,,,,,7,7,Ac,37,2000,,,.7,,,,
146,2022-02-28 22:00,7.1,,1.2,140,43,4.3,-4.6,1010.7,1018.1,,,,,0,0,,,2000,,,-.8,,,,
146,2022-02-28 23:00,6.5,,1.4,140,44,4.2,-4.9,1010.3,1017.7,,,,,1,1,,33,2000,,,2.5,,,,
146,2022-03-01 00:00,6.1,,1.1,140,44,4.2,-5.2,1009.8,1017.3,,,,,6,6,,,2000,,,1.1,,,,
146,2022-03-01 01:00,8,,2,140,40,4.3,-4.8,1009.4,1016.8,,,,,9,7,,20,2000,,,4.3,,,,
146,2022-03-01 02:00,8.8,,1.6,140,45,5.1,-2.5,1008.6,1016,,,,,10,4,,15,2000,,,5.3,,,,
146,2022-03-01 03:00,9.2,,.9,110,50,5.8,-.7,1007.7,1015,,,,,10,9,ScAs,13,2000,,,6.2,,,,
146,2022-03-01 04:00,8.2,,1.9,110,69,7.5,2.8,1006.8,1014.2,,,,,10,9,ScAs,11,1291,,01,6,,,,
146,2022-03-01 05:00,6.9,,1.3,110,90,8.9,5.3,1006.7,1014.1,,,,,10,9,StNs,7,598,,1901,6.1,,,,
146,2022-03-01 06:00,6.8,2.2,.9,90,94,9.2,5.8,1006.6,1014,,,,,10,8,StNs,6,429,,1901,6.2,,,,
146,2022-03-01 07:00,6.8,,.8,140,95,9.3,6,1006.6,1014,,,,,10,9,StNs,5,240,,1901,6.3,,,,
146,2022-03-01 08:00,7.1,,1,140,96,9.7,6.5,1007,1014.4,0,.01,,,10,8,StNs,7,147,,1901,6.6,,,,
146,2022-03-01 09:00,7.5,3.2,.3,0,96,9.9,6.8,1007.8,1015.2,0,.04,,,10,8,StNs,8,237,,1901,7.1,,,,
146,2022-03-01 10:00,8,,.9,290,96,10.2,7.3,1007.7,1015.1,0,.15,,,10,7,ScAs,10,350,,1901,8.5,,,,
146,2022-03-01 11:00,9.5,,.5,230,93,11,8.4,1007.5,1014.8,0,.62,,,10,6,ScAs,10,554,,19,14.9,,,,
146,2022-03-01 12:00,10.2,0,1.3,230,82,10.2,7.2,1007.3,1014.6,.2,1.35,,,10,8,ScAs,10,873,,19,16.8,,,,
146,2022-03-01 13:00,9.5,,3.9,270,84,9.9,6.9,1007,1014.3,0,.74,,,10,8,ScAs,10,637,,19,11.6,,,,
146,2022-03-01 14:00,9.4,,3.4,270,81,9.5,6.2,1006.6,1013.9,0,.78,,,10,8,ScAs,10,589,,19,12.4,,,,
146,2022-03-01 15:00,7.6,,3.8,270,84,8.7,5,1007.1,1014.5,0,.49,,,10,8,ScAs,10,530,,19,10.7,,,,
146,2022-03-01 16:00,7.7,,3.1,270,79,8.2,4.2,1007.5,1014.9,0,.45,,,10,8,ScAs,10,504,,19,10.7,,,,
146,2022-03-01 17:00,5.8,,3.1,250,82,7.5,2.9,1008.5,1016,0,.51,,,10,8,ScAs,10,500,,19,8.3,,,,
146,2022-03-01 18:00,5.3,,3.6,230,82,7.3,2.4,1009,1016.5,0,.14,,,10,8,ScAs,10,570,,19,5.6,,,,
146,2022-03-01 19:00,4.2,,3.1,250,81,6.7,1.2,1009.8,1017.3,0,.02,,,10,9,,4,807,,19,4.1,,,,
146,2022-03-01 20:00,3.4,,1.9,230,82,6.4,.6,1010.5,1018,,,,,10,9,,4,825,,19,2.6,,,,
146,2022-03-01 21:00,2.7,,1.4,230,85,6.3,.4,1011.4,1019,,,,,10,8,ScAs,9,849,,19,1,,,,
146,2022-03-01 22:00,2.2,,1.9,250,82,5.9,-.5,1012,1019.6,,,,,10,6,,5,1307,,19,-.3,,,,
146,2022-03-01 23:00,1.8,,3.4,270,77,5.4,-1.8,1012.2,1019.8,,,,,10,0,,,1907,,,.2,,,,
146,2022-03-02 00:00,1.3,,3.3,270,73,4.9,-3,1012.2,1019.8,,,,,2,2,,,2000,,,-.6,,,,
146,2022-03-02 01:00,1,,2.4,270,68,4.5,-4.2,1012.1,1019.7,,,,,9,9,,70,2000,,,-1.1,,,,
146,2022-03-02 02:00,.5,,1.1,270,68,4.3,-4.7,1012.3,1019.9,,,,,5,5,,73,2000,,,-1.9,,,,
146,2022-03-02 03:00,.2,,1,270,69,4.3,-4.8,1012.2,1019.8,,,,,4,4,Sc,10,2000,,,-2.7,,,,
146,2022-03-02 04:00,-.9,,.7,360,73,4.2,-5.1,1011.8,1019.5,,,,,4,4,Sc,10,1981,,,-3.3,,,,
146,2022-03-02 05:00,-.6,,.9,110,77,4.5,-4.1,1012,1019.7,,,,,0,0,,,1973,,,-4.1,,,,
146,2022-03-02 06:00,-1.4,,1.1,140,81,4.5,-4.2,1011.8,1019.5,,,,,0,0,,,2000,,,-4.4,,,,
146,2022-03-02 07:00,-2.2,,1.1,140,83,4.3,-4.7,1011.9,1019.6,,,,,1,0,Ci,,1976,,,-4.8,,,,
146,2022-03-02 08:00,-.2,,1.1,140,77,4.6,-3.7,1012.6,1020.3,.4,.23,,,0,0,,,2000,,,-3.1,,,,
146,2022-03-02 09:00,2.2,,.4,0,63,4.5,-4.1,1013,1020.6,1,.99,,,0,0,,,2000,,,2,,,,
146,2022-03-02 10:00,3.9,,.7,160,51,4.1,-5.3,1013.3,1020.8,1,1.59,,,1,0,Ci,,2000,,,3.2,,,,
146,2022-03-02 11:00,4.8,,1.5,290,48,4.1,-5.3,1012.9,1020.4,1,2.18,,,1,0,Ci,,2000,,,15.4,,,,
146,2022-03-02 12:00,5.6,,3.4,270,43,3.9,-6,1012.6,1020.1,1,2.59,,,2,0,Ci,,2000,,,17.9,,,,
146,2022-03-02 13:00,6.9,,2.4,270,39,3.9,-6.1,1011.9,1019.3,1,2.6,,,1,0,Ci,,2000,,,19.3,,,,
146,2022-03-02 14:00,7.7,,2.6,270,36,3.8,-6.4,1011.1,1018.5,1,2.71,,,0,0,,,2000,,,19.5,,,,
146,2022-03-02 15:00,8.1,,3.1,290,37,4,-5.7,1010.6,1018,1,2.41,,,0,0,,,2000,,,18.8,,,,
146,2022-03-02 16:00,7.7,,4.4,250,34,3.6,-7.2,1010.5,1017.9,1,1.92,,,0,0,,,2000,,,14.9,,,,
146,2022-03-02 17:00,7.2,,4.3,270,37,3.8,-6.5,1010.6,1018,1,1.25,,,0,0,,,2000,,,10.4,,,,
146,2022-03-02 18:00,5.5,,4.8,250,52,4.7,-3.5,1011,1018.5,1,.49,,,0,0,,,2000,,,4.2,,,,
146,2022-03-02 19:00,4.5,,2.6,270,59,5,-2.8,1011.3,1018.8,.1,.02,,,0,0,,,2000,,,1.1,,,,
146,2022-03-02 20:00,4.1,,2.1,230,61,5,-2.7,1011.8,1019.3,,,,,1,0,,,2000,,,-.3,,,,
146,2022-03-02 21:00,4,,1.7,200,61,5,-2.8,1011.7,1019.2,,,,,0,0,,,2000,,,-1,,,,
146,2022-03-02 22:00,3.8,,1.1,200,62,5,-2.8,1012.2,1019.7,,,,,0,0,,,2000,,,-.5,,,,
146,2022-03-02 23:00,2.1,,.7,140,70,5,-2.8,1012,1019.6,,,,,0,0,,,2000,,,-1,,,,
146,2022-03-03 00:00,1.7,,.8,140,72,5,-2.8,1012,1019.6,,,,,0,0,,,2000,,,-1.2,,,,
146,2022-03-03 01:00,1.4,,1.4,110,73,4.9,-2.9,1011.9,1019.5,,,,,7,7,,8,2000,,,-1.2,,,,
146,2022-03-03 02:00,1.2,,1.9,110,75,5,-2.7,1012.1,1019.7,,,,,6,0,,,1984,,,-1.8,,,,
146,2022-03-03 03:00,.6,,1.5,140,78,5,-2.8,1011.6,1019.2,,,,,0,0,,,1935,,,-2.1,,,,
146,2022-03-03 04:00,.4,,1.8,140,80,5,-2.6,1011.1,1018.7,,,,,0,0,,,1781,,,-2.4,,,,
146,2022-03-03 05:00,.3,,1.3,140,81,5.1,-2.5,1011.5,1019.1,,,,,0,0,,,1562,,,-2.7,,,,
146,2022-03-03 06:00,.3,,1.5,140,82,5.1,-2.4,1011.7,1019.3,,,,,0,0,,,1428,,,-2.4,,,,
146,2022-03-03 07:00,.8,,1.2,140,80,5.2,-2.2,1011.8,1019.4,0,0,,,6,6,Sc,10,1510,,,-1.4,,,,
146,2022-03-03 08:00,1.6,,.9,140,80,5.5,-1.4,1012.5,1020.1,0,.1,,,8,8,Sc,10,1392,,,-.4,,,,
146,2022-03-03 09:00,3.7,,.3,0,75,6,-.3,1013.1,1020.6,0,.28,,,9,9,Sc,10,1430,,,1.8,,,,
146,2022-03-03 10:00,7.6,,.9,160,63,6.5,.9,1013,1020.4,.6,1.3,,,6,6,Sc,10,1594,,,8.9,,,,
146,2022-03-03 11:00,8.5,,1.3,230,58,6.4,.6,1013,1020.4,1,2.12,,,0,0,,,1459,,,19.5,,,,
146,2022-03-03 12:00,10.8,,1,340,47,6.1,0,1012.3,1019.6,1,2.49,,,0,0,,,1717,,,25,,,,
146,2022-03-03 13:00,12.1,,2.6,230,35,4.9,-2.9,1011.7,1019,1,2.71,,,0,0,,,2000,,,27.4,,,,
146,2022-03-03 14:00,12.6,,2.7,250,31,4.5,-4.1,1010.9,1018.2,1,2.68,,,0,0,,,2000,,,27.2,,,,
146,2022-03-03 15:00,12.6,,2.6,270,27,3.9,-5.9,1010.4,1017.7,1,2.34,,,0,0,,,2000,,,25.4,,,,
146,2022-03-03 16:00,13.3,,2.2,290,25,3.8,-6.3,1010.1,1017.3,1,1.84,,,0,0,,,2000,,,22.1,,,,
146,2022-03-03 17:00,12.2,,3.2,270,22,3.1,-8.9,1010,1017.3,1,1.19,,,0,0,,,2000,,,15.4,,,,
146,2022-03-03 18:00,10.6,,2.9,290,32,4.1,-5.4,1010,1017.3,1,.47,,,0,0,,,2000,,,7.7,,,,
146,2022-03-03 19:00,9.2,,2.3,250,46,5.4,-1.8,1010.3,1017.7,.1,.03,,,0,0,,,1362,,,4.1,,,,
146,2022-03-03 20:00,8.1,,.8,270,54,5.8,-.6,1011,1018.4,,,,,0,0,,,1102,,,1.3,,,,
146,2022-03-03 21:00,7.7,,.6,200,58,6.1,0,1011.2,1018.6,,,,,0,0,,,888,,40,-.4,,,,
146,2022-03-03 22:00,5.4,,1.6,140,62,5.6,-1.3,1011.5,1019,,,,,1,0,,,943,,40,-1.1,,,,
146,2022-03-03 23:00,4.3,,1.8,140,61,5.1,-2.5,1011.3,1018.8,,,,,2,0,,,1171,,,-1.6,,,,
146,2022-03-04 00:00,3.3,,1.5,140,65,5,-2.6,1010.8,1018.3,,,,,0,0,,,1037,,,-1.4,,,,
146,2022-03-04 01:00,2.8,,1.6,110,69,5.2,-2.3,1010.7,1018.3,,,,,,,,,878,,40,-1.7,,,,
146,2022-03-04 02:00,2.9,,1.6,110,64,4.8,-3.2,1010.7,1018.2,,,,,5,5,,72,1063,,40,-1.7,,,,
146,2022-03-04 03:00,3,,1.6,110,60,4.5,-4,1010.1,1017.6,,,,,5,0,Ci,,1246,,,-1.7,,,,
146,2022-03-04 04:00,4,,1.5,110,56,4.5,-4,1010.1,1017.6,,,,,5,0,Ci,,1381,,,-1.8,,,,
146,2022-03-04 05:00,3.6,,1.6,140,62,4.9,-3,1010.3,1017.8,,,,,6,0,Ci,,996,,,-1.4,,,,
146,2022-03-04 06:00,4.1,,1.7,140,66,5.4,-1.6,1010.6,1018.1,,,,,8,0,Ci,,828,,40,-.9,,,,
146,2022-03-04 07:00,5,,2.3,140,73,6.3,.5,1010,1017.5,0,0,,,9,0,Ci,,505,,40,-.2,,,,
146,2022-03-04 08:00,5.8,,1.9,110,72,6.6,1.1,1009.9,1017.4,0,.1,,,9,6,ScCi,8,510,,40,1.2,,,,
146,2022-03-04 09:00,7.9,,2,140,67,7.1,2.1,1009.5,1016.9,0,.46,,,9,2,ScCi,10,551,,40,7.3,,,,
146,2022-03-04 10:00,9.6,,2.3,140,61,7.3,2.4,1008.4,1015.7,0,.84,,,9,0,Ci,,641,,40,10.8,,,,
146,2022-03-04 11:00,12.2,,2.1,160,45,6.3,.5,1007.6,1014.9,.8,1.47,,,7,0,Ci,,1088,,40,16.3,,,,
146,2022-03-04 12:00,14.5,,2.5,160,37,6.1,0,1006.4,1013.6,1,2.15,,,6,0,Ci,,1317,,,25.9,,,,
146,2022-03-04 13:00,16.3,,2.4,160,31,5.8,-.8,1005.2,1012.3,1,2.44,,,0,0,,,1519,,,29.3,,,,
146,2022-03-04 14:00,16.5,,3,230,28,5.3,-2,1004,1011.1,1,2.25,,,0,0,,,1472,,,28.1,,,,
146,2022-03-04 15:00,16.8,,4,230,31,5.9,-.4,1003.1,1010.2,1,2.01,,,0,0,,,1460,,,25.3,,,,
146,2022-03-04 16:00,16.3,,6.5,230,33,6.1,0,1002.5,1009.6,1,1.4,,,6,0,Ci,,1590,,,20.4,,,,
146,2022-03-04 17:00,15.6,,5.6,200,37,6.5,.9,1002,1009.1,.8,.85,,,8,0,Ci,,1666,,,16.3,,,,
146,2022-03-04 18:00,14.2,,4.5,230,36,5.8,-.6,1002.3,1009.4,.1,.29,,,8,0,Ci,,1862,,,12.1,,,,
146,2022-03-04 19:00,13.1,,4.3,230,42,6.3,.4,1002.8,1010,0,.01,,,9,3,,25,1995,,,9.9,,,,
146,2022-03-04 20:00,12.7,,3.6,200,42,6.1,0,1002.7,1009.9,,,,,2,2,,19,2000,,,7.8,,,,
146,2022-03-04 21:00,10.8,,4.9,250,54,7,1.8,1004.7,1012,,,,,8,8,Sc,10,2000,,,8.4,,,,
146,2022-03-04 22:00,10.4,,4.4,230,66,8.3,4.3,1005.1,1012.4,,,,,9,9,,7,1570,,,9,,,,
146,2022-03-04 23:00,9.8,,4.6,230,74,8.9,5.3,1005,1012.3,,,,,6,6,,7,912,,40,7.5,,,,
146,2022-03-05 00:00,9.1,,4.1,230,79,9.1,5.6,1005.2,1012.5,,,,,7,7,,,716,,40,6.3,,,,
146,2022-03-05 01:00,8.3,,3.9,250,78,8.5,4.6,1005.4,1012.7,,,,,3,3,,6,696,,40,5.3,,,,
146,2022-03-05 02:00,7.5,,2.9,250,77,8,3.7,1005.7,1013.1,,,,,3,3,,10,745,,40,4.2,,,,
146,2022-03-05 03:00,6.2,,4,270,75,7.1,2,1006.1,1013.5,,,,,0,0,,,742,,40,3.2,,,,
146,2022-03-05 04:00,5,,2.5,250,76,6.6,1.1,1005.9,1013.4,,,,,0,0,,,660,,40,2,,,,
146,2022-03-05 05:00,4.3,,3.5,250,77,6.4,.6,1006.7,1014.2,,,,,0,0,,,640,,4240,1.4,,,,
146,2022-03-05 06:00,3.3,,2.4,270,69,5.4,-1.8,1007.9,1015.4,,,,,0,0,,,864,,42,0,,,,
146,2022-03-05 07:00,2.8,,2.3,270,60,4.5,-4.2,1008.2,1015.7,0,0,,,0,0,,,1388,,42,-1.1,,,,
146,2022-03-05 08:00,3.4,,2.8,290,59,4.6,-3.8,1009.4,1016.9,.4,.2,,,0,0,,,1528,,42,.6,,,,
146,2022-03-05 09:00,3.7,,4.4,290,50,4,-5.7,1010.2,1017.7,1,.87,,,0,0,,,1397,,42,8.1,,,,
146,2022-03-05 10:00,4.4,,3.5,320,25,2.1,-13.9,1010.9,1018.4,1,1.66,,,0,0,,,2000,,,10.4,,,,
146,2022-03-05 11:00,4.9,,4.6,270,30,2.6,-11.2,1010.4,1017.9,1,2.23,,,0,0,,,2000,,,20.6,,,,
146,2022-03-05 12:00,5.4,,6.3,270,31,2.8,-10.4,1010.4,1017.9,1,2.62,,,0,0,,,2000,,,22.5,,,,
146,2022-03-05 13:00,6.4,,6,270,29,2.8,-10.3,1010.3,1017.7,1,2.86,,,0,0,,,2000,,,24.6,,,,
146,2022-03-05 14:00,5.8,,6.9,270,30,2.8,-10.4,1010.3,1017.8,1,2.81,,,0,0,,,2000,,,22.6,,,,
146,2022-03-05 15:00,6.6,,6.5,290,28,2.7,-10.6,1010.5,1017.9,1,2.51,,,0,0,,,2000,,,21.1,,,,
146,2022-03-05 16:00,5.7,,7,290,28,2.6,-11.4,1010.7,1018.2,1,1.98,,,0,0,,,2000,,,16.2,,,,
146,2022-03-05 17:00,5.3,,6.7,290,25,2.2,-13.1,1011,1018.5,1,1.16,,,0,0,,,2000,,,10.7,,,,
146,2022-03-05 18:00,4.3,,5.4,290,33,2.8,-10.5,1011.2,1018.7,1,.54,,,0,0,,,2000,,,3.8,,,,
146,2022-03-05 19:00,3.3,,5.7,290,37,2.9,-10,1011.7,1019.2,,,,,0,0,,,2000,,,1.1,,,,
146,2022-03-05 20:00,2.3,,4.5,290,44,3.2,-8.7,1012.3,1019.9,,,,,0,0,,,2000,,,-.5,,,,
146,2022-03-05 21:00,1.6,,2.9,290,48,3.3,-8.2,1012.7,1020.3,,,,,0,0,,,2000,,,-1.8,,,,
146,2022-03-05 22:00,1,,2.2,290,48,3.1,-8.8,1013.3,1020.9,,,,,0,0,,,2000,,,-2.7,,,,
146,2022-03-05 23:00,.6,,1.7,320,51,3.3,-8.3,1013.4,1021,,,,,0,0,,,2000,,,-4,,,,
146,2022-03-06 00:00,0,,1.4,320,53,3.2,-8.4,1013.5,1021.2,,,,,0,0,,,2000,,,-4.2,,,,
146,2022-03-06 01:00,.1,,.4,0,53,3.3,-8.3,1013.7,1021.4,,,,,0,0,,,2000,,,-4.9,,,,
146,2022-03-06 02:00,-.3,,1.3,270,55,3.3,-8.2,1014,1021.7,,,,,0,0,,,2000,,,-4.7,,,,
146,2022-03-06 03:00,-.7,,1.4,270,58,3.4,-7.9,1014.2,1021.9,,,,,0,0,,,2000,,,-5.2,,,,
146,2022-03-06 04:00,-.9,,.6,250,54,3.1,-9,1014.2,1021.9,,,,,0,0,,,2000,,,-5.6,,,,
146,2022-03-06 05:00,-1.6,,.6,110,59,3.2,-8.5,1014.7,1022.4,,,,,0,0,,,2000,,,-5.8,,,,
146,2022-03-06 06:00,-2.4,,1.1,70,66,3.4,-7.8,1015.4,1023.1,,,,,0,0,,,2000,,,-6.1,,,,
146,2022-03-06 07:00,-2.5,,.6,110,66,3.4,-7.9,1015.8,1023.5,0,0,,,0,0,,,2000,,,-6.3,,,,
146,2022-03-06 08:00,-.6,,.5,90,57,3.3,-8,1016.2,1023.9,.6,.25,,,0,0,,,2000,,,-4.5,,,,
146,2022-03-06 09:00,.9,,1.5,340,50,3.3,-8.3,1016.9,1024.6,1,.99,,,0,0,,,2000,,,6.6,,,,
146,2022-03-06 10:00,2.3,,2.6,340,36,2.6,-11.2,1017,1024.6,1,1.72,,,0,0,,,2000,,,7.5,,,,
146,2022-03-06 11:00,4.4,,3.9,340,26,2.2,-13.4,1016.9,1024.4,1,2.32,,,0,0,,,2000,,,22.2,,,,
146,2022-03-06 12:00,4.6,,2.5,270,25,2.1,-13.7,1016.3,1023.8,1,2.74,,,0,0,,,2000,,,27.6,,,,
146,2022-03-06 13:00,6.9,,2.8,320,24,2.4,-12.3,1015.6,1023.1,1,2.89,,,0,0,,,2000,,,29.9,,,,
146,2022-03-06 14:00,6.9,,2.4,270,25,2.5,-11.8,1014.3,1021.8,1,2.81,,,0,0,,,2000,,,28.6,,,,
146,2022-03-06 15:00,7.2,,3.3,270,28,2.8,-10.1,1013.5,1020.9,1,2.51,,,0,0,,,2000,,,25.2,,,,
146,2022-03-06 16:00,6.4,,3.3,290,30,2.9,-9.9,1013.3,1020.8,1,1.99,,,0,0,,,2000,,,20,,,,
146,2022-03-06 17:00,5.5,,3.3,270,34,3.1,-9.1,1013.5,1021,1,1.28,,,0,0,,,2000,,,13,,,,
146,2022-03-06 18:00,3.6,,3.6,270,41,3.2,-8.4,1014.4,1022,1,.51,,,0,0,,,2000,,,3.7,,,,
146,2022-03-06 19:00,2.3,,2,250,48,3.5,-7.6,1015,1022.6,0,.03,,,6,0,,,2000,,,-.3,,,,
146,2022-03-06 20:00,1.1,,1.4,230,53,3.5,-7.4,1015.1,1022.7,,,,,4,0,,,2000,,,-1.9,,,,
146,2022-03-06 21:00,.9,,1.2,230,54,3.5,-7.3,1015.4,1023,,,,,4,0,Ci,,2000,,,-2.5,,,,
146,2022-03-06 22:00,.7,,1.4,230,56,3.6,-7,1015.6,1023.3,,,,,5,5,,70,2000,,,-3.1,,,,
146,2022-03-06 23:00,.4,,.1,0,58,3.6,-6.9,1015.4,1023.1,,,,,8,8,,70,2000,,,-4,,,,
146,2022-03-07 00:00,-.3,,.7,70,60,3.6,-7.1,1015,1022.7,,,,,8,0,,,2000,,,-3.7,,,,
146,2022-03-07 01:00,-.3,,.6,90,61,3.6,-6.9,1014.9,1022.6,,,,,9,9,,69,2000,,,-4,,,,
146,2022-03-07 02:00,-.7,,.2,0,64,3.7,-6.6,1014.7,1022.4,,,,,10,9,,69,2000,,,-3.8,,,,
146,2022-03-07 03:00,-1.3,,0,0,66,3.7,-6.8,1014.5,1022.2,,,,,9,0,Ci,,2000,,,-4,,,,
146,2022-03-07 04:00,-1.2,,.5,160,65,3.6,-6.9,1014.4,1022.1,,,,,9,0,Ci,,2000,,,-3.9,,,,
146,2022-03-07 05:00,-1.6,,1,110,67,3.6,-6.9,1014.1,1021.8,,,,,9,0,Ci,,2000,,,-3.9,,,,
146,2022-03-07 06:00,-1.5,,0,0,66,3.6,-7,1014.5,1022.2,,,,,9,0,Ci,,2000,,,-3.7,,,,
146,2022-03-07 07:00,-1.6,,.7,110,67,3.6,-6.9,1014.7,1022.4,0,0,,,6,0,Ci,,2000,,,-3.9,,,,
146,2022-03-07 08:00,-1,,.4,0,66,3.8,-6.5,1015.1,1022.8,0,.17,,,7,0,Ci,,2000,,,-1.3,,,,
146,2022-03-07 09:00,.9,,.6,140,58,3.8,-6.4,1015.4,1023,.8,.65,,,2,0,Ci,,2000,,,4,,,,
146,2022-03-07 10:00,2.7,,.8,160,44,3.3,-8.3,1014.8,1022.4,1,1.43,,,8,0,Ci,,2000,,,8.9,,,,
146,2022-03-07 11:00,4.8,,.6,200,37,3.2,-8.6,1014.3,1021.8,1,1.69,,,8,0,Ci,,2000,,,16.3,,,,
146,2022-03-07 12:00,6.2,,2.2,340,33,3.1,-8.9,1014.1,1021.6,1,2.16,,,6,0,Ci,,2000,,,26.3,,,,
146,2022-03-07 13:00,7.6,,1.7,290,26,2.7,-10.7,1013.2,1020.6,1,2.44,,,8,0,Ci,,2000,,,27.2,,,,
146,2022-03-07 14:00,9,,2,270,21,2.4,-12.2,1012.3,1019.7,1,2.49,,,0,0,,,2000,,,28.1,,,,
146,2022-03-07 15:00,9.9,,2.3,270,18,2.2,-13.3,1011.7,1019.1,1,2.2,,,0,0,,,2000,,,25.5,,,,
146,2022-03-07 16:00,9.6,,2.5,270,28,3.3,-8,1011.3,1018.6,1,1.68,,,0,0,,,2000,,,20.3,,,,
146,2022-03-07 17:00,8.4,,2.8,250,29,3.2,-8.6,1011.7,1019.1,1,1.03,,,0,0,,,2000,,,12.9,,,,
146,2022-03-07 18:00,6.7,,2.5,270,36,3.5,-7.3,1012.3,1019.8,.6,.39,,,0,0,,,2000,,,5.8,,,,
146,2022-03-07 19:00,5.2,,1,250,41,3.6,-7,1013.3,1020.8,0,.03,,,6,4,,28,2000,,,3.9,,,,
146,2022-03-07 20:00,4,,.5,180,53,4.3,-4.7,1012.8,1020.3,,,,,3,3,,28,2000,,,.4,,,,
146,2022-03-07 21:00,3,,1.3,250,60,4.5,-4,1013,1020.6,,,,,0,0,,,2000,,,-1.4,,,,
146,2022-03-07 22:00,2.6,,.2,0,68,5,-2.7,1013.1,1020.7,,,,,0,0,,,2000,,,-2.7,,,,
146,2022-03-07 23:00,2.3,,1,250,71,5.1,-2.4,1013.2,1020.8,,,,,0,0,,,2000,,,-3,,,,
146,2022-03-08 00:00,2.1,,.6,180,69,4.9,-3,1013.3,1020.9,,,,,0,0,,,2000,,,-3.6,,,,
146,2022-03-08 01:00,1.3,,1.4,110,64,4.3,-4.7,1013.1,1020.7,,,,,0,0,,,2000,,,-2.3,,,,
146,2022-03-08 02:00,.9,,.8,110,65,4.2,-4.9,1013.1,1020.7,,,,,3,3,,23,2000,,,-3.3,,,,
146,2022-03-08 03:00,.1,,1.6,110,64,3.9,-5.9,1013,1020.7,,,,,0,0,,,2000,,,-3.7,,,,
146,2022-03-08 04:00,-.7,,1.6,140,66,3.8,-6.2,1012.4,1020.1,,,,,0,0,,,2000,,,-4.1,,,,
146,2022-03-08 05:00,-.6,,1.4,110,65,3.8,-6.3,1012.5,1020.2,,,,,0,0,,,2000,,,-4.1,,,,
146,2022-03-08 06:00,-1.5,,1.4,140,69,3.8,-6.4,1012.6,1020.3,,,,,0,0,,,2000,,,-4.7,,,,
146,2022-03-08 07:00,-1.5,,1.1,140,67,3.7,-6.8,1012.7,1020.4,0,0,,,0,0,,,2000,,,-4.5,,,,
146,2022-03-08 08:00,.5,,.9,110,56,3.6,-7.2,1013.1,1020.7,.6,.24,,,0,0,,,2000,,,-2,,,,
146,2022-03-08 09:00,3.3,,1.3,140,41,3.2,-8.7,1012.9,1020.5,1,.9,,,0,0,,,2000,,,7.3,,,,
146,2022-03-08 10:00,7,,.5,230,29,2.9,-9.8,1013,1020.4,1,1.61,,,1,0,Ci,,2000,,,11.8,,,,
146,2022-03-08 11:00,8.9,,1.2,320,32,3.6,-6.9,1013.1,1020.5,1,2.18,,,2,0,Ci,,2000,,,25.6,,,,
146,2022-03-08 12:00,10.2,,1.5,340,33,4.1,-5.3,1012.5,1019.9,1,2.59,,,3,0,Ci,,2000,,,31.6,,,,
146,2022-03-08 13:00,11.9,,1.7,290,33,4.6,-3.8,1011.9,1019.2,1,2.77,,,3,0,Ci,,2000,,,34.6,,,,
146,2022-03-08 14:00,12.6,,2.3,250,33,4.8,-3.2,1011.2,1018.5,1,2.58,,,2,0,Ci,,2000,,,32.1,,,,
146,2022-03-08 15:00,13.3,,2.4,250,33,5,-2.6,1011,1018.2,1,2.35,,,1,0,Ci,,2000,,,29.4,,,,
146,2022-03-08 16:00,13.2,,2.8,270,31,4.7,-3.5,1010.8,1018,1,1.77,,,1,0,Ci,,1997,,,24.1,,,,
146,2022-03-08 17:00,12.7,,2.1,290,35,5.2,-2.3,1010.5,1017.8,1,1.14,,,1,0,Ci,,1983,,,17.8,,,,
146,2022-03-08 18:00,11,,2.8,290,37,4.9,-3.1,1010.8,1018.1,1,.48,,,5,0,Ci,,2000,,,9.5,,,,
146,2022-03-08 19:00,9.1,,3,250,49,5.7,-1,1011.4,1018.8,0,.03,,,4,0,,,2000,,,5.5,,,,
146,2022-03-08 20:00,7.4,,1.7,250,58,6,-.3,1012,1019.4,,,,,0,0,,,2000,,,3.1,,,,
146,2022-03-08 21:00,7.1,,.7,230,63,6.3,.5,1012.2,1019.6,,,,,0,0,,,1997,,,1.1,,,,
146,2022-03-08 22:00,5.5,,1.2,50,68,6.1,0,1012.5,1020,,,,,0,0,,,1793,,,-.7,,,,
146,2022-03-08 23:00,5.6,,1,110,64,5.8,-.6,1012.6,1020.1,,,,,6,0,,,1884,,,-1.1,,,,
146,2022-03-09 00:00,4.2,,1.2,140,66,5.5,-1.5,1012.3,1019.8,,,,,0,0,,,1763,,,-1.9,,,,
146,2022-03-09 01:00,3.7,,1,110,66,5.3,-2,1012.6,1020.1,,,,,2,0,,,1642,,,-2.4,,,,
146,2022-03-09 02:00,2.7,,1.5,140,69,5.1,-2.4,1012.9,1020.5,,,,,6,0,,,1476,,,-2.6,,,,
146,2022-03-09 03:00,2,,1.5,140,71,5,-2.7,1013.2,1020.8,,,,,0,0,,,1394,,,-3,,,,
146,2022-03-09 04:00,1.6,,1,110,74,5.1,-2.5,1013,1020.6,,,,,0,0,,,1245,,,-3.4,,,,
146,2022-03-09 05:00,1.1,,1.2,140,76,5,-2.6,1013.1,1020.7,,,,,0,0,,,1164,,,-3.7,,,,
146,2022-03-09 06:00,1.5,,1.1,110,74,5,-2.6,1013.9,1021.5,,,,,0,0,,,1167,,,-3.4,,,,
146,2022-03-09 07:00,1.2,,1,110,75,5,-2.7,1014.8,1022.4,0,0,,,0,0,,,950,,19,-3.4,,,,
146,2022-03-09 08:00,2.1,,1.3,140,72,5.1,-2.4,1015.2,1022.8,.5,.24,,,0,0,,,1102,,19,-.8,,,,
146,2022-03-09 09:00,4.7,,.7,340,62,5.3,-1.9,1016.1,1023.6,1,.91,,,0,0,,,1293,,,10.5,,,,
146,2022-03-09 10:00,7.7,,1,70,55,5.8,-.7,1015.8,1023.2,1,1.61,,,0,0,,,1320,,,14.5,,,,
146,2022-03-09 11:00,9.8,,1.3,290,49,5.9,-.4,1015.7,1023.1,1,2.22,,,0,0,,,1389,,,27.4,,,,
146,2022-03-09 12:00,12.7,,1.6,290,40,5.9,-.5,1015.6,1022.9,1,2.61,,,0,0,,,1410,,,33.4,,,,
146,2022-03-09 13:00,13.5,,1.4,250,29,4.5,-4.2,1014.7,1022,1,2.79,,,0,0,,,1989,,,35.8,,,,
146,2022-03-09 14:00,15.7,,1.6,340,23,4.1,-5.4,1014.5,1021.7,1,2.74,,,0,0,,,2000,,,36,,,,
146,2022-03-09 15:00,15.5,,2.3,320,20,3.5,-7.4,1014,1021.2,1,2.42,,,0,0,,,2000,,,33.1,,,,
146,2022-03-09 16:00,16,,1.5,290,20,3.6,-6.9,1013.6,1020.8,1,1.91,,,0,0,,,2000,,,28,,,,
146,2022-03-09 17:00,14.9,,2.6,270,36,6.1,0,1013.5,1020.7,1,1.22,,,0,0,,,1663,,,20.3,,,,
146,2022-03-09 18:00,13.2,,3.2,270,38,5.8,-.8,1013.9,1021.2,1,.49,,,0,0,,,2000,,,11.1,,,,
146,2022-03-09 19:00,10.2,,2.6,270,54,6.7,1.2,1014.6,1022,.2,.05,,,0,0,,,1221,,,5.4,,,,
146,2022-03-09 20:00,8.7,,.7,250,62,7,1.8,1014.8,1022.2,,,,,0,0,,,981,,40,1.5,,,,
146,2022-03-09 21:00,7.2,,1,200,65,6.6,1,1014.9,1022.4,,,,,0,0,,,987,,40,.6,,,,
146,2022-03-09 22:00,5.7,,1.6,340,75,6.9,1.6,1015.3,1022.8,,,,,0,0,,,489,,40,-1.4,,,,
146,2022-03-09 23:00,5.4,,1.2,140,73,6.5,.9,1015.2,1022.7,,,,,0,0,,,628,,40,-1.9,,,,
146,2022-03-10 00:00,4.6,,1.5,140,62,5.3,-2,1015.3,1022.8,,,,,0,0,,,1298,,40,-2.2,,,,
146,2022-03-10 01:00,3.9,,1.3,140,60,4.9,-3.1,1015.1,1022.6,,,,,0,0,,,1465,,,-2.6,,,,
146,2022-03-10 02:00,3.3,,1.3,90,69,5.4,-1.8,1015.2,1022.8,,,,,0,0,,,1002,,,-3.5,,,,
146,2022-03-10 03:00,3,,1.8,160,65,4.9,-2.9,1014.6,1022.2,,,,,0,0,,,1436,,,-3.6,,,,
146,2022-03-10 04:00,3.4,,.8,160,60,4.7,-3.6,1014.4,1022,,,,,0,0,,,1549,,,-4,,,,
146,2022-03-10 05:00,3,,2,140,56,4.2,-4.9,1014.2,1021.8,,,,,0,0,,,1934,,,-3.5,,,,
146,2022-03-10 06:00,4.3,,1.6,110,50,4.2,-5.2,1014.3,1021.8,,,,,7,0,Ci,,1995,,,-2.5,,,,
146,2022-03-10 07:00,5.9,,.8,110,43,4,-5.7,1014.8,1022.3,0,0,,,8,0,Ci,,1999,,,-.2,,,,
146,2022-03-10 08:00,7.3,,1.5,140,44,4.5,-4.1,1014.9,1022.4,.5,.25,,,4,0,Ci,,1999,,,1.5,,,,
146,2022-03-10 09:00,10.1,,.9,110,36,4.4,-4.3,1015.2,1022.6,1,.91,,,6,0,Ci,,1997,,,13.8,,,,
146,2022-03-10 10:00,14,,2,140,29,4.6,-3.7,1015.1,1022.3,1,1.58,,,8,0,Ci,,2000,,,19.4,,,,
146,2022-03-10 11:00,16.6,,1.8,180,21,4,-5.8,1014.9,1022.1,1,2.02,,,7,0,Ci,,2000,,,30.4,,,,
146,2022-03-10 12:00,16.2,,2.7,320,25,4.6,-3.8,1014.8,1022,1,2.51,,,10,0,Cs,,1953,,,31.5,,,,
146,2022-03-10 13:00,17.5,,2.9,290,21,4.2,-5.1,1013.8,1020.9,.2,1.44,,,10,0,Cs,,2000,,,31,,,,
146,2022-03-10 14:00,17,,2.1,270,19,3.7,-6.8,1012.9,1020.1,.5,1.75,,,10,0,Cs,,2000,,,25.4,,,,
146,2022-03-10 15:00,17.4,,3.4,270,21,4.2,-5.1,1012.5,1019.6,.5,1.57,,,10,0,Cs,,2000,,,29.2,,,,
146,2022-03-10 16:00,16.4,,2.8,320,25,4.6,-3.7,1012.3,1019.5,.4,1.18,,,10,0,Cs,,2000,,,22.1,,,,
146,2022-03-10 17:00,15,,2.8,320,35,6,-.3,1012.4,1019.6,.4,.78,,,8,0,CsCi,,1901,,,18,,,,
146,2022-03-10 18:00,13.3,,2.2,270,43,6.5,.9,1011.9,1019.1,.6,.42,,,6,1,ScCi,10,1526,,,11.9,,,,
146,2022-03-10 19:00,11.5,,2.2,340,50,6.8,1.4,1012.3,1019.6,0,.04,,,6,6,,60,1370,,,6.1,,,,
146,2022-03-10 20:00,11.3,,.5,70,51,6.8,1.5,1012.6,1019.9,,,,,8,8,,66,1277,,,5.4,,,,
146,2022-03-10 21:00,11.2,,.1,0,52,6.9,1.6,1012.8,1020.1,,,,,9,0,Ci,,1236,,,4.6,,,,
146,2022-03-10 22:00,10.2,,1.2,110,53,6.6,1,1012.5,1019.9,,,,,7,7,,69,1268,,,3.8,,,,
146,2022-03-10 23:00,9.4,,1.2,110,53,6.2,.2,1012.2,1019.6,,,,,8,1,,,1296,,,2.9,,,,
146,2022-03-11 00:00,8.4,,1.5,140,56,6.2,.1,1011.9,1019.3,,,,,3,0,Ci,,1261,,,1.8,,,,
146,2022-03-11 01:00,7.8,,1.2,140,58,6.1,0,1011.6,1019,,,,,7,0,,,1212,,,1.4,,,,
146,2022-03-11 02:00,7.3,,1.3,140,61,6.2,.2,1011.8,1019.2,,,,,6,4,,44,1119,,,1.1,,,,
146,2022-03-11 03:00,6.8,,1.4,140,60,5.9,-.4,1011.5,1018.9,,,,,1,0,Ci,,1305,,,.7,,,,
146,2022-03-11 04:00,7.3,,1.4,110,57,5.8,-.6,1011.3,1018.7,,,,,3,0,Ci,,1393,,,.6,,,,
146,2022-03-11 05:00,6.9,,1.8,140,58,5.8,-.8,1011.3,1018.7,,,,,3,0,Ci,,1419,,,1.5,,,,
146,2022-03-11 06:00,7.6,,1.6,110,58,6.1,-.1,1011.2,1018.6,,,,,6,6,Sc,12,1492,,,3.3,,,,
146,2022-03-11 07:00,8.7,,1.8,110,59,6.6,1.1,1011.5,1018.9,0,0,,,9,9,Sc,12,1643,,,5.7,,,,
146,2022-03-11 08:00,9.7,,1.7,140,58,7,1.8,1011.5,1018.8,0,.06,,,9,9,Sc,12,1867,,,8,,,,
146,2022-03-11 09:00,12.7,,.8,140,52,7.6,3,1011.7,1019,0,.44,,,8,8,Sc,12,1993,,,14.4,,,,
146,2022-03-11 10:00,14,,.7,90,50,8,3.7,1011.8,1019,.2,.75,,,9,9,Sc,11,2000,,,15.3,,,,
146,2022-03-11 11:00,15.9,,1.2,90,48,8.6,4.8,1011.8,1019,0,.86,,,9,9,Sc,10,2000,,,22.6,,,,
146,2022-03-11 12:00,17.6,,1.2,90,48,9.6,6.4,1011.3,1018.4,.2,1.51,,,7,7,Sc,10,2000,,,29.2,,,,
146,2022-03-11 13:00,18.3,,1.5,340,51,10.6,7.9,1010.7,1017.8,.3,1.56,,,8,8,Sc,11,2000,,,30.2,,,,
146,2022-03-11 14:00,18.4,,1.6,340,49,10.3,7.4,1009.6,1016.7,.3,1.44,,,8,8,Sc,13,879,,40,32.7,,,,
146,2022-03-11 15:00,17.7,,3.1,320,50,10.1,7.1,1009.1,1016.2,0,.85,,,9,9,Sc,12,1923,,40,25.4,,,,
146,2022-03-11 16:00,18.3,,1.7,340,49,10.2,7.3,1008.6,1015.7,.5,1.07,,,0,0,,0,836,,40,27.4,,,,
146,2022-03-11 17:00,17.6,,1.6,340,51,10.2,7.3,1008.8,1015.9,.4,.72,,,7,7,Sc,12,1403,,40,19.6,,,,
146,2022-03-11 18:00,17.2,,1.4,320,53,10.4,7.5,1009,1016.1,0,.23,,,9,9,Sc,13,1498,,,16,,,,
146,2022-03-11 19:00,16.6,,1.1,320,55,10.4,7.5,1009.4,1016.5,0,.02,,,8,8,,11,1388,,,13.4,,,,
146,2022-03-11 20:00,15.6,,1.9,270,60,10.6,7.8,1009.8,1017,,,,,6,5,,12,1234,,,11.8,,,,
146,2022-03-11 21:00,14.5,,1,250,73,12,9.7,1010.2,1017.4,,,,,2,2,Sc,14,1348,,,8.9,,,,
146,2022-03-11 22:00,14.2,,.2,0,74,11.9,9.6,1010.7,1017.9,,,,,7,7,,11,1142,,,10.3,,,,
146,2022-03-11 23:00,13.9,,.5,230,75,11.9,9.5,1010.9,1018.1,,,,,7,7,,11,1087,,,11.1,,,,
146,2022-03-12 00:00,13.3,,.8,110,75,11.4,8.9,1010.8,1018,,,,,8,8,,,957,,40,9.1,,,,
146,2022-03-12 01:00,12.3,,1.4,110,78,11.1,8.5,1010.6,1017.9,,,,,6,0,,,889,,40,6.8,,,,
146,2022-03-12 02:00,11.8,,.8,180,80,11,8.4,1010.6,1017.9,,,,,1,0,,,809,,4019,5.2,,,,
146,2022-03-12 03:00,10.6,,.9,110,83,10.6,7.8,1010.3,1017.6,,,,,0,0,,,714,,19,4.4,,,,
146,2022-03-12 04:00,9.7,,1.2,70,85,10.2,7.2,1010.2,1017.5,,,,,0,0,,,616,,19,3.9,,,,
146,2022-03-12 05:00,10.2,,1.8,140,83,10.3,7.4,1010.1,1017.4,,,,,9,9,Sc,9,653,,19,7.3,,,,
146,2022-03-12 06:00,10.7,,1.2,140,82,10.5,7.7,1009.8,1017.1,,,,,9,9,Sc,8,709,,19,9,,,,
146,2022-03-12 07:00,10.8,,1.2,110,82,10.6,7.8,1010,1017.3,0,0,,,8,8,Sc,8,722,,19,8.4,,,,
146,2022-03-12 08:00,12.2,,1.1,110,78,11,8.4,1010.4,1017.7,0,.11,,,9,9,Sc,7,747,,19,11.5,,,,
146,2022-03-12 09:00,13.6,,.4,0,74,11.5,9,1011,1018.2,0,.25,,,9,9,Sc,7,750,,19,14.3,,,,
146,2022-03-12 10:00,16.3,,.6,180,66,12.2,9.9,1010.4,1017.6,.1,.6,,,9,9,Sc,7,970,,4019,20.7,,,,
146,2022-03-12 11:00,19.5,,2.2,160,59,13.3,11.2,1009.8,1016.8,.8,2.08,,,5,5,Sc,8,2000,,40,33.3,,,,
146,2022-03-12 12:00,19.1,,2.1,180,62,13.7,11.6,1009.1,1016.1,.5,1.57,,,8,8,Sc,9,2000,,,27.1,,,,
146,2022-03-12 13:00,20.2,,2.6,250,59,13.9,11.9,1008.5,1015.6,.3,1.36,,,8,8,Sc,10,2000,,,30.7,,,,
146,2022-03-12 14:00,21.9,,2.8,230,50,13,10.9,1007.6,1014.6,.5,1.54,,,8,8,Sc,11,2000,,,34.2,,,,
146,2022-03-12 15:00,20.8,,4.4,250,52,12.7,10.5,1007.3,1014.3,.1,.62,,,9,9,Sc,12,2000,,,22,,,,
146,2022-03-12 16:00,21,,5.9,230,53,13.1,11,1006.8,1013.8,.4,.88,,,5,5,Sc,12,2000,,,25.2,,,,
146,2022-03-12 17:00,20.7,,5.5,230,53,12.9,10.7,1006.8,1013.8,.4,.98,,,2,2,Sc,12,2000,,,21.8,,,,
146,2022-03-12 18:00,20.5,,4,250,49,11.8,9.4,1006.8,1013.8,.9,.52,,,3,3,Sc,12,2000,,,17.9,,,,
146,2022-03-12 19:00,19.1,,3.1,250,49,10.8,8.1,1006.6,1013.6,0,.02,,,6,5,,17,2000,,,15.3,,,,
146,2022-03-12 20:00,18.8,,2.3,180,50,10.8,8.1,1006,1013,,,,,1,1,,17,2000,,,12.5,,,,
146,2022-03-12 21:00,18.3,,2.9,160,49,10.2,7.3,1006.3,1013.4,,,,,3,0,Ci,,2000,,,12.1,,,,
146,2022-03-12 22:00,17.8,,3,160,55,11.2,8.6,1005.9,1013,,,,,8,7,,69,2000,,,12.5,,,,
146,2022-03-12 23:00,17.9,,3,160,55,11.2,8.7,1005.4,1012.5,,,,,8,8,,63,2000,,,12.6,,,,
146,2022-03-13 00:00,17.5,,3.7,180,58,11.6,9.1,1004.9,1012,,,,,9,0,,,2000,,,12.5,,,,
146,2022-03-13 01:00,17,,2.4,160,64,12.4,10.1,1005,1012.1,,,,,8,1,,12,2000,,,12.2,,,,
146,2022-03-13 02:00,17.2,,1.4,160,66,12.9,10.7,1005.5,1012.6,,,,,8,8,,10,2000,,,13.7,,,,
146,2022-03-13 03:00,17.4,,1.9,160,67,13.3,11.2,1004.6,1011.7,,,,,9,7,ScAc,11,2000,,,13.9,,,,
146,2022-03-13 04:00,17.5,,1.5,160,68,13.6,11.5,1004.1,1011.2,,,,,10,9,ScAs,10,2000,,,14.3,,,,
146,2022-03-13 05:00,18.2,,1.9,200,68,14.1,12.1,1004.1,1011.1,,,,,10,9,ScAs,9,2000,,,14.7,,,,
146,2022-03-13 06:00,17.6,0,4.9,200,74,14.9,12.9,1003.8,1010.9,,,,,10,9,ScAs,8,418,,4001,14.8,,,,
146,2022-03-13 07:00,16.2,,2.2,180,84,15.4,13.4,1003.4,1010.5,0,0,,,10,7,ScAs,9,2000,,401901,13.8,,,,
146,2022-03-13 08:00,15.4,,2,200,90,15.7,13.7,1003.7,1010.9,0,.02,,,10,7,StNs,5,210,,1901,14.3,,,,
146,2022-03-13 09:00,15.3,6.5,1.3,180,90,15.6,13.6,1003.9,1011.1,0,.08,,,10,8,StNs,6,922,,1901,14.4,,,,
146,2022-03-13 10:00,14.8,,.4,0,95,16,14,1004.3,1011.4,0,.05,,,10,8,StNs,5,207,,1901,14.4,,,,
146,2022-03-13 11:00,14.7,,1.2,160,95,15.9,13.9,1003.9,1011,0,.08,,,10,8,StNs,5,644,,1901,14.4,,,,
146,2022-03-13 12:00,14.9,9,.7,200,95,16.1,14.1,1003.2,1010.4,0,.16,,,10,8,StNs,5,219,,1901,14.8,,,,
146,2022-03-13 13:00,15,,.5,160,96,16.3,14.3,1003.2,1010.4,0,.15,,,10,8,StNs,5,197,,1901,15.5,,,,
146,2022-03-13 14:00,15.3,,2.7,230,91,15.8,13.8,1002.8,1010,0,.25,,,10,8,ScAs,8,1658,,1901,15.2,,,,
146,2022-03-13 15:00,15.2,7.4,1.3,200,91,15.7,13.7,1002.4,1009.6,0,.15,,,10,8,ScAs,7,1865,,01,15.3,,,,
146,2022-03-13 16:00,15,,1.5,230,93,15.8,13.8,1002.8,1010,0,.24,,,10,8,StNs,5,425,,1901,16.7,,,,
146,2022-03-13 17:00,14.9,,1.5,250,93,15.7,13.7,1002.9,1010.1,0,.39,,,10,8,StNs,5,600,,190201,15.5,,,,
146,2022-03-13 18:00,13.7,1.1,.6,290,96,15,13,1004,1011.2,0,.06,,,10,8,StNs,5,371,,1902,14.1,,,,
146,2022-03-13 19:00,13.2,,1.8,270,95,14.4,12.4,1004.8,1012,0,.01,,,10,8,StNs,6,658,,1902,13.3,,,,
146,2022-03-13 20:00,12.9,,.8,250,95,14.1,12.1,1005.4,1012.6,,,,,10,8,StNs,7,733,,1902,12.9,,,,
146,2022-03-13 21:00,12.3,.1,.9,360,96,13.7,11.6,1005.6,1012.8,,,,,10,10,,7,77,,16,12.6,,,,
146,2022-03-13 22:00,12.3,,.2,0,97,13.8,11.8,1005.5,1012.7,,,,,10,10,,2,20,,16,12.4,,,,
146,2022-03-13 23:00,12.4,,1.1,320,98,14,12,1005.9,1013.1,,,,,10,10,,3,25,,16,12.4,,,,
146,2022-03-14 00:00,11.8,,1.3,270,98,13.5,11.4,1006.3,1013.6,,,,,10,10,,,25,,16,12.1,,,,
146,2022-03-14 01:00,12,,.2,0,98,13.7,11.6,1006.1,1013.4,,,,,10,10,,2,21,,16,12,,,,
146,2022-03-14 02:00,12,,0,0,99,13.8,11.8,1006,1013.3,,,,,10,10,,1,15,,16,11.9,,,,
146,2022-03-14 03:00,12.1,,.3,0,99,13.9,11.9,1005.1,1012.3,,,,,10,10,,1,14,,16,11.9,,,,
146,2022-03-14 04:00,11.9,,.6,360,99,13.7,11.7,1005.4,1012.7,,,,,10,10,,1,12,,16,11.9,,,,
146,2022-03-14 05:00,11.8,,.6,20,99,13.7,11.6,1005.3,1012.6,,,,,10,10,,1,16,,16,11.8,,,,
146,2022-03-14 06:00,11.7,,0,0,99,13.6,11.5,1005.3,1012.6,,,,,10,10,,1,11,,16,11.7,,,,
146,2022-03-14 07:00,11.6,,.6,110,99,13.5,11.4,1005.1,1012.4,0,.01,,,10,10,,1,13,,16,11.7,,,,
146,2022-03-14 08:00,12,,.5,180,99,13.8,11.8,1004.6,1011.8,0,.17,,,10,10,,1,17,,16,13.3,,,,
146,2022-03-14 09:00,12.5,,1.3,320,99,14.3,12.3,1005.3,1012.5,.1,.57,,,9,9,Sc,10,317,,1916,16.2,,,,
146,2022-03-14 10:00,13.3,,.3,0,99,15.1,13.1,1005.7,1012.9,0,.47,,,9,9,Sc,10,800,,19,16.3,,,,
146,2022-03-14 11:00,15.3,,1.1,90,89,15.4,13.4,1004.6,1011.8,0,.79,,,9,9,Sc,10,906,,19,19.8,,,,
146,2022-03-14 12:00,16.5,,2.9,180,77,14.4,12.4,1003.5,1010.6,0,.76,,,9,9,Sc,9,2000,,19,18.3,,,,
146,2022-03-14 13:00,16.2,,2.7,180,77,14.1,12.1,1003.4,1010.5,0,.88,,,9,9,Sc,9,2000,,,16.7,,,,
146,2022-03-14 14:00,12.7,,3.8,270,95,13.9,11.9,1003.6,1010.8,0,.1,,,10,8,StNs,6,326,,1901,13.8,,,,
146,2022-03-14 15:00,12.9,3.4,3.6,290,95,14.1,12.1,1002.9,1010.1,0,.29,,,10,8,StNs,8,420,,1901,14.1,,,,
146,2022-03-14 16:00,10.5,,6,270,95,12,9.7,1004.5,1011.8,0,.06,,,10,9,StNs,6,157,,1901,11.8,,,,
146,2022-03-14 17:00,9.5,,5,270,93,11,8.4,1004.7,1012,0,.07,,,10,10,St,6,670,,1901,10.6,,,,
146,2022-03-14 18:00,8.7,4.3,4.8,270,93,10.4,7.6,1005.4,1012.7,0,.02,,,10,10,St,6,561,,19,9.7,,,,
146,2022-03-14 19:00,8.2,,2.3,270,89,9.6,6.4,1005.4,1012.8,0,.01,,,10,10,,3,1087,,19,9.1,,,,
146,2022-03-14 20:00,7.4,,3.6,250,87,8.9,5.3,1006.1,1013.5,,,,,10,10,,3,1003,,,8.2,,,,
146,2022-03-14 21:00,7,,3.5,250,87,8.7,4.9,1007.2,1014.6,,,,,9,9,Sc,8,782,,19,7.8,,,,
146,2022-03-14 22:00,6.5,,2.7,250,84,8.1,3.9,1007.3,1014.7,,,,,8,8,,6,567,,19,6.3,,,,
146,2022-03-14 23:00,5.7,,3.6,270,83,7.6,3,1007.9,1015.4,,,,,9,9,,3,571,,19,6.5,,,,
146,2022-03-15 00:00,5.3,,2.2,320,82,7.3,2.4,1008,1015.5,,,,,9,9,,,599,,19,6.4,,,,
146,2022-03-15 01:00,5.3,,3.2,270,82,7.3,2.4,1008.6,1016.1,,,,,10,10,,4,652,,19,6.1,,,,
146,2022-03-15 02:00,5.2,,2.4,250,79,7,1.8,1009,1016.5,,,,,9,9,,5,1008,,19,5.5,,,,
146,2022-03-15 03:00,5,,1.7,230,82,7.1,2.1,1008.3,1015.8,,,,,6,6,Sc,8,778,,19,5.7,,,,
146,2022-03-15 04:00,4.6,,1.9,230,84,7.1,2.1,1007.7,1015.2,,,,,8,8,Sc,8,672,,19,5,,,,
146,2022-03-15 05:00,4.7,,1.6,230,83,7.1,2,1008,1015.5,,,,,9,9,Sc,8,688,,19,5.1,,,,
146,2022-03-15 06:00,4.5,,1.4,270,80,6.7,1.3,1008.5,1016,,,,,8,8,Sc,8,899,,19,4.9,,,,
146,2022-03-15 07:00,4.6,,1.1,230,79,6.7,1.2,1008.6,1016.1,0,.01,,,8,8,Sc,8,857,,19,4.9,,,,
146,2022-03-15 08:00,4.7,,1.6,230,79,6.7,1.3,1009.3,1016.8,0,.19,,,4,4,Sc,8,841,,19,5.6,,,,
146,2022-03-15 09:00,6.2,,1,140,71,6.7,1.3,1009.4,1016.8,.5,.77,,,2,2,Sc,10,939,,19,11.8,,,,
146,2022-03-15 10:00,7.5,,1,360,67,6.9,1.7,1009.5,1016.9,1,1.69,,,0,0,,,1004,,4019,14.7,,,,
146,2022-03-15 11:00,10.8,,1.1,70,62,8,3.7,1008.4,1015.7,1,2.31,,,0,0,,,1258,,,21.8,,,,
146,2022-03-15 12:00,11.4,,1.8,340,57,7.6,3.1,1007.3,1014.6,1,2.69,,,0,0,,,1154,,,24.8,,,,
146,2022-03-15 13:00,13.3,,2.2,340,52,7.9,3.6,1006.4,1013.6,1,2.8,,,0,0,,,1312,,,26.3,,,,
146,2022-03-15 14:00,15,,1.9,320,50,8.5,4.6,1005.7,1012.9,1,2.71,,,0,0,,,1517,,,25.8,,,,
146,2022-03-15 15:00,14.9,,2.5,290,50,8.4,4.5,1005.8,1013,1,2.37,,,0,0,,,1326,,,23,,,,
146,2022-03-15 16:00,13.3,,4.1,270,59,9,5.4,1005.9,1013.1,1,1.82,,,0,0,,,1108,,,18.6,,,,
146,2022-03-15 17:00,14.2,,.3,0,55,8.8,5.2,1005.3,1012.5,1,1.21,,,0,0,,,1117,,,17.5,,,,
146,2022-03-15 18:00,13.6,,0,0,57,8.8,5.2,1005.3,1012.5,.4,.37,,,6,0,Ci,,1130,,,12.5,,,,
146,2022-03-15 19:00,12.2,,2.9,270,64,9,5.5,1006,1013.2,0,.03,,,,,,,840,,40,9.5,,,,
146,2022-03-15 20:00,8.7,,1.7,200,74,8.3,4.3,1005.8,1013.1,,,,,9,9,,46,859,,40,8.2,,,,
146,2022-03-15 21:00,8.1,,3,340,78,8.4,4.4,1006.8,1014.2,,,,,8,6,AcCi,40,656,,40,7.7,,,,
146,2022-03-15 22:00,7.4,,.1,0,80,8.2,4.1,1006.6,1014,,,,,0,0,,,704,,4019,5.8,,,,
146,2022-03-15 23:00,8,,1.6,110,79,8.4,4.5,1007,1014.4,,,,,3,0,,,699,,19,5.2,,,,
146,2022-03-16 00:00,7.3,,.7,360,82,8.4,4.4,1007.3,1014.7,,,,,0,0,,,570,,19,4.4,,,,
146,2022-03-16 01:00,6.2,,.5,320,87,8.2,4.1,1007.3,1014.7,,,,,6,0,,,452,,19,3.5,,,,
146,2022-03-16 02:00,5.4,,.8,340,91,8.1,4,1007.3,1014.8,,,,,7,0,,,345,,19,2.9,,,,
146,2022-03-16 03:00,5.6,,.6,50,91,8.2,4.2,1007.3,1014.8,,,,,0,0,,,352,,19,2.4,,,,
146,2022-03-16 04:00,5.2,,1.4,140,93,8.2,4.1,1006.7,1014.2,,,,,0,0,,,255,,19,2.3,,,,
146,2022-03-16 05:00,5.4,,.8,140,93,8.3,4.3,1007.1,1014.6,,,,,0,0,,,304,,19,2.1,,,,
146,2022-03-16 06:00,5,,.6,140,94,8.2,4.1,1007.9,1015.4,,,,,0,0,,,280,,19,1.6,,,,
146,2022-03-16 07:00,4.4,,.9,140,93,7.7,3.3,1008.2,1015.7,0,.01,,,0,0,,,254,,19,1.9,,,,
146,2022-03-16 08:00,6.4,,.6,110,88,8.4,4.5,1008.7,1016.1,.5,.32,,,0,0,,,429,,19,5.2,,,,
146,2022-03-16 09:00,8.7,,.2,0,75,8.4,4.5,1008.9,1016.3,1,.98,,,0,0,,,652,,19,13.7,,,,
146,2022-03-16 10:00,10.6,,1.4,320,71,9,5.5,1009.8,1017.1,1,1.73,,,0,0,,,640,,19,16.2,,,,
146,2022-03-16 11:00,12.9,,2.3,320,58,8.6,4.8,1010,1017.3,1,2.27,,,0,0,,,1042,,4019,23,,,,
146,2022-03-16 12:00,14.9,,1.5,230,38,6.4,.6,1008.8,1016,1,2.67,,,0,0,,,1977,,,24.8,,,,
146,2022-03-16 13:00,16.3,,1.3,320,33,6.1,0,1008.3,1015.4,1,2.82,,,0,0,,,2000,,,26.8,,,,
146,2022-03-16 14:00,18.8,,2.4,340,31,6.7,1.2,1007.9,1014.9,1,2.72,,,0,0,,,2000,,,26.4,,,,
146,2022-03-16 15:00,18.8,,1.4,320,19,4.1,-5.3,1007.4,1014.4,1,2.34,,,0,0,,,2000,,,24.6,,,,
146,2022-03-16 16:00,19.4,,2.6,270,18,4.1,-5.5,1007.3,1014.3,1,1.78,,,4,0,Ci,,2000,,,20.2,,,,
146,2022-03-16 17:00,18.4,,2.3,320,23,4.9,-3.1,1007.8,1014.9,.5,.9,,,7,0,Ci,,2000,,,15.9,,,,
146,2022-03-16 18:00,17,,1.4,270,33,6.3,.5,1008.3,1015.4,.1,.34,,,8,0,Ci,,2000,,,12.4,,,,
146,2022-03-16 19:00,14.4,,2.1,290,43,7,1.9,1008.8,1016,0,.04,,,9,5,,70,1681,,,10,,,,
146,2022-03-16 20:00,13.5,,1.5,200,46,7.1,2,1009.6,1016.8,,,,,8,8,,68,1710,,,9,,,,
146,2022-03-16 21:00,12.9,,.5,360,50,7.4,2.7,1010.8,1018.1,,,,,9,0,Ci,,1477,,,9.1,,,,
146,2022-03-16 22:00,11.4,,.8,230,60,8,3.8,1011.2,1018.5,,,,,6,6,,66,992,,40,7.7,,,,
146,2022-03-16 23:00,10.6,,1,340,67,8.5,4.7,1010.9,1018.2,,,,,6,1,,16,764,,40,6.7,,,,
146,2022-03-17 00:00,10.7,,.1,0,68,8.7,5,1010.7,1018,,,,,7,0,Ci,,662,,40,6.9,,,,
146,2022-03-17 01:00,10.8,,.8,200,65,8.4,4.4,1011.6,1018.9,,,,,10,9,,47,590,,40,7.8,,,,
146,2022-03-17 02:00,10.4,,1.2,230,66,8.3,4.3,1012.4,1019.8,,,,,10,9,,42,648,,40,8.1,,,,
146,2022-03-17 03:00,9.9,,.4,0,71,8.6,4.8,1012.1,1019.5,,,,,10,2,ScAs,8,536,,4019,8.4,,,,
146,2022-03-17 04:00,10.1,,1.6,90,69,8.5,4.6,1009.9,1017.2,,,,,10,10,As,24,754,,1901,8.4,,,,
146,2022-03-17 05:00,10.3,,.6,340,67,8.4,4.4,1010.9,1018.2,,,,,10,10,As,24,671,,401901,8.4,,,,
146,2022-03-17 06:00,10.6,0,.3,0,65,8.2,4.2,1011.4,1018.7,,,,,10,5,ScAs,8,602,,40,8.7,,,,
146,2022-03-17 07:00,10.9,,.4,0,68,8.8,5.2,1011.5,1018.8,0,0,,,10,8,ScAs,8,649,,40,8.7,,,,
146,2022-03-17 08:00,11.3,,.9,290,63,8.4,4.5,1011.7,1019,0,.06,,,10,6,ScAs,8,684,,4001,9.6,,,,
146,2022-03-17 09:00,11.5,0,.8,250,66,8.9,5.3,1012.1,1019.4,0,.16,,,10,6,ScAs,8,658,,40,10.2,,,,
146,2022-03-17 10:00,11.9,,1,70,61,8.5,4.6,1012.3,1019.6,0,.12,,,10,6,ScAs,8,760,,4001,10.7,,,,
146,2022-03-17 11:00,11.9,,1.1,70,73,10.2,7.2,1012,1019.3,0,.25,,,10,7,ScAs,10,837,,4001,12.7,,,,
146,2022-03-17 12:00,12.9,.2,1.6,70,61,9,5.5,1011.6,1018.9,0,.43,,,10,6,ScAs,10,1323,,4001,13.4,,,,
146,2022-03-17 13:00,12.5,,1.6,340,67,9.7,6.5,1011.4,1018.7,0,.3,,,10,3,ScAs,10,1543,,,13,,,,
146,2022-03-17 14:00,11.6,,2.8,360,77,10.4,7.6,1010.2,1017.5,0,.28,,,10,4,ScAs,10,1327,,01,13,,,,
146,2022-03-17 15:00,11.2,.1,1.7,360,81,10.7,8,1009.9,1017.2,0,.23,,,10,5,ScAs,10,1088,,01,12.6,,,,
146,2022-03-17 16:00,11.1,,1.6,20,80,10.5,7.7,1009.9,1017.2,0,.2,,,10,3,ScAs,10,1213,,01,12,,,,
146,2022-03-17 17:00,11.8,,1.4,50,75,10.4,7.5,1009,1016.3,0,.19,,,10,5,ScAs,10,1438,,01,12.1,,,,
146,2022-03-17 18:00,11.9,0,4.1,70,68,9.4,6.1,1009,1016.3,0,.07,,,10,3,ScAs,10,1833,,,10.4,,,,
146,2022-03-17 19:00,10.9,,4.6,70,75,9.7,6.6,1008.6,1015.9,0,.01,,,10,5,ScAs,10,1339,,01,9.5,,,,
146,2022-03-17 20:00,10.1,,2.4,110,79,9.7,6.6,1008.1,1015.4,,,,,10,8,StNs,8,1862,,01,9.2,,,,
146,2022-03-17 21:00,9.2,.6,3.4,90,82,9.5,6.2,1008.3,1015.6,,,,,10,8,StNs,8,1063,,01,8.7,,,,
146,2022-03-17 22:00,8.5,,3.2,90,86,9.5,6.2,1008.1,1015.5,,,,,10,6,StNs,10,865,,1901,8.4,,,,
146,2022-03-17 23:00,8.1,,1.7,50,88,9.5,6.2,1007.6,1015,,,,,10,6,StNs,10,1711,,1901,8.4,,,,
146,2022-03-18 00:00,7.8,2.3,2.4,20,90,9.5,6.2,1006.6,1014,,,,,10,8,StNs,10,2000,,01,8.2,,,,
146,2022-03-18 01:00,7.6,,1.9,20,90,9.3,6,1005.5,1012.9,,,,,10,7,StNs,10,2000,,01,8.1,,,,
146,2022-03-18 02:00,7.5,,1.3,50,89,9.2,5.7,1004.6,1012,,,,,10,6,StNs,10,1968,,01,8,,,,
146,2022-03-18 03:00,7.4,.5,2,20,90,9.2,5.8,1003.5,1010.9,,,,,10,7,StNs,10,1981,,01,7.9,,,,
146,2022-03-18 04:00,6.9,,1.7,20,91,9,5.5,1002.9,1010.3,,,,,10,6,StNs,10,1977,,01,7.7,,,,
146,2022-03-18 05:00,7.1,,1.4,360,89,9,5.4,1002.4,1009.8,,,,,10,8,StNs,10,2000,,01,7.8,,,,
146,2022-03-18 06:00,7,.8,1.8,20,88,8.8,5.1,1002.3,1009.7,,,,,10,8,StNs,10,2000,,01,7.7,,,,
146,2022-03-18 07:00,7.1,,2.5,20,87,8.7,5,1002,1009.4,0,0,,,10,8,StNs,10,1971,,01,7.6,,,,
146,2022-03-18 08:00,7.2,,1.7,20,85,8.6,4.8,1002.7,1010.1,0,.04,,,9,8,ScAs,10,2000,,01,8.1,,,,
146,2022-03-18 09:00,8,0,1.8,360,82,8.8,5.1,1002.7,1010,0,.29,,,10,8,ScAs,10,2000,,,10.5,,,,
146,2022-03-18 10:00,7.4,,1.7,50,85,8.7,5,1003,1010.4,0,.17,,,10,8,ScAs,10,900,,01,9.8,,,,
146,2022-03-18 11:00,8.6,,1.1,20,80,8.9,5.3,1002.2,1009.5,0,.62,,,10,3,ScAs,10,2000,,01,14.6,,,,
146,2022-03-18 12:00,9.6,.1,1.1,20,75,8.9,5.3,1001.8,1009.1,0,.86,,,10,3,ScAs,10,2000,,,15.3,,,,
146,2022-03-18 13:00,10.6,,1.9,70,66,8.4,4.5,1001.3,1008.6,0,1.56,,,10,7,ScAs,10,2000,,,18.9,,,,
146,2022-03-18 14:00,9.6,,2.6,340,70,8.3,4.3,1001.3,1008.6,0,.56,,,10,7,ScAs,8,2000,,,13.6,,,,
146,2022-03-18 15:00,9.4,,2.6,20,69,8.1,3.9,1000.7,1008,0,.37,,,10,8,ScAs,8,2000,,,12.1,,,,
146,2022-03-18 16:00,9.5,,2.4,70,68,8,3.8,1000.1,1007.4,0,.35,,,10,7,ScAs,8,2000,,,11.3,,,,
146,2022-03-18 17:00,9.1,,1.8,50,72,8.3,4.3,1000.8,1008.1,0,.16,,,10,7,ScAs,8,2000,,02,10.3,,,,
146,2022-03-18 18:00,7.6,.3,2.5,90,84,8.7,5,1000.8,1008.1,0,.09,,,10,8,StNs,8,852,,0201,9,,,,
146,2022-03-18 19:00,7.5,,2.1,90,83,8.5,4.7,1000,1007.3,0,.03,,,10,8,StNs,8,2000,,01,8,,,,
146,2022-03-18 20:00,7,,1,360,89,8.9,5.3,1000.5,1007.9,,,,,10,9,StNs,10,2000,,01,8.2,,,,
146,2022-03-18 21:00,7.1,.2,1.3,20,87,8.7,5,1000.6,1008,,,,,10,9,StNs,10,2000,,01,8.1,,,,
146,2022-03-18 22:00,7.1,,1.2,20,87,8.7,5,1001.1,1008.5,,,,,0,0,,,2000,,,7.9,,,,
146,2022-03-18 23:00,7.5,,1.6,140,81,8.4,4.4,1000.4,1007.7,,,,,9,9,,7,2000,,,7.8,,,,
146,2022-03-19 00:00,6.9,0,2.8,140,84,8.3,4.3,1000,1007.4,,,,,10,9,StNs,7,1633,,01,7.3,,,,
146,2022-03-19 01:00,6.9,,1.8,110,86,8.5,4.7,999.5,1006.9,,,,,10,9,StNs,8,2000,,01,7.3,,,,
146,2022-03-19 02:00,6.2,,1.1,160,91,8.6,4.8,1000,1007.4,,,,,10,10,StNs,6,518,,01,7,,,,
146,2022-03-19 03:00,6.1,3.7,2.2,160,94,8.8,5.2,999.7,1007.1,,,,,10,9,StNs,5,567,,01,7,,,,
146,2022-03-19 04:00,6.2,,1.1,160,95,9,5.4,999,1006.4,,,,,10,9,StNs,5,654,,01,7.1,,,,
146,2022-03-19 05:00,6.4,,1.4,200,94,9,5.4,998.8,1006.2,,,,,10,9,StNs,5,405,,01,7.1,,,,
146,2022-03-19 06:00,6.4,4.7,1.7,230,92,8.8,5.1,998.4,1005.8,,,,,10,10,ScNs,8,666,,01,6.9,,,,
146,2022-03-19 07:00,6.4,,3.8,230,91,8.7,5,998.6,1006,0,0,,,10,8,ScNs,8,553,,01,6.7,,,,
146,2022-03-19 08:00,5.2,,3.1,230,91,8,3.8,999,1006.4,0,.02,,,10,8,StNs,8,1536,,01,6.2,,,,
146,2022-03-19 09:00,4.6,5.5,5.1,270,90,7.6,3,999.6,1007,0,.04,,,10,9,StNs,8,454,,01,5.6,,,,
146,2022-03-19 10:00,4.4,,3.3,250,90,7.5,2.8,1000,1007.4,0,.17,,,10,8,StNs,8,585,,01,6.9,,,,
146,2022-03-19 11:00,4.5,,2.5,250,88,7.4,2.6,1000.3,1007.7,0,.46,,,10,8,StNs,8,585,,01,7.2,,,,
146,2022-03-19 12:00,3.1,3.5,5.4,250,91,6.9,1.7,1001.4,1008.9,0,.37,,,10,8,StNs,5,596,,01,6.2,,,,
146,2022-03-19 13:00,4.1,,4.3,270,85,6.9,1.7,1002.4,1009.8,0,.35,,,10,8,StNs,5,1115,,01,7.5,,,,
146,2022-03-19 14:00,5.2,,5.1,270,76,6.7,1.3,1002.7,1010.1,0,.81,,,10,7,ScAs,10,1613,,01,10.7,,,,
146,2022-03-19 15:00,5.2,.4,3.9,290,73,6.4,.7,1002.9,1010.3,.2,.79,,,8,7,ScAs,10,1968,,01,9.5,,,,
146,2022-03-19 16:00,5.5,,3.6,270,73,6.6,1,1003.7,1011.1,0,.67,,,10,8,ScAs,10,1378,,,9.4,,,,
146,2022-03-19 17:00,5.4,,3.4,270,68,6.1,0,1004.4,1011.8,0,.43,,,9,8,ScAs,10,1213,,,7.4,,,,
146,2022-03-19 18:00,5,,2.3,270,71,6.2,.1,1005,1012.5,0,.11,,,9,7,ScAs,10,1208,,,5.7,,,,
146,2022-03-19 19:00,4.7,,1,320,73,6.2,.2,1004.9,1012.3,0,.02,,,10,10,,10,1222,,,5.3,,,,
146,2022-03-19 20:00,4.7,,.5,290,75,6.4,.6,1005.5,1012.9,,,,,9,9,,6,955,,19,5.3,,,,
146,2022-03-19 21:00,4.5,,1.1,250,76,6.4,.6,1006.4,1013.9,,,,,10,8,ScAs,12,992,,19,4.9,,,,
146,2022-03-19 22:00,4.3,,.9,200,80,6.6,1.1,1007.3,1014.8,,,,,8,8,,6,876,,19,5,,,,
146,2022-03-19 23:00,4.4,,1.4,200,78,6.5,.8,1007.7,1015.2,,,,,10,9,,11,894,,19,4.3,,,,
146,2022-03-20 00:00,3.3,,.6,340,83,6.4,.6,1008.7,1016.2,,,,,6,2,ScCi,10,779,,19,2.5,,,,
146,2022-03-20 01:00,3,,.4,0,87,6.6,1,1009.6,1017.1,,,,,1,1,,,611,,19,1.3,,,,
146,2022-03-20 02:00,2.8,,.8,90,90,6.7,1.3,1010.1,1017.6,,,,,4,1,,68,530,,19,.9,,,,
146,2022-03-20 03:00,2.4,,1.3,110,91,6.6,1,1010.5,1018.1,,,,,9,9,Sc,10,449,,19,2.6,,,,
146,2022-03-20 04:00,1.8,,1.6,140,92,6.4,.6,1010.3,1017.9,,,,,8,8,Sc,10,447,,19,2,,,,
146,2022-03-20 05:00,2.2,,1.8,140,89,6.3,.5,1010,1017.6,,,,,9,9,Sc,10,579,,19,2.9,,,,
146,2022-03-20 06:00,2.5,,.9,140,88,6.4,.7,1010.6,1018.2,,,,,9,9,Sc,10,664,,19,3.5,,,,
146,2022-03-20 07:00,2.7,,.4,0,90,6.7,1.2,1011.6,1019.2,0,0,,,9,9,Sc,10,620,,1901,3.9,,,,
146,2022-03-20 08:00,3.6,,.8,110,87,6.9,1.6,1012.6,1020.1,0,.07,,,10,8,ScAs,8,918,,1901,5.2,,,,
146,2022-03-20 09:00,4.5,.1,.4,0,85,7.1,2.1,1013.7,1021.2,0,.21,,,10,9,ScAs,8,1076,,1901,6.6,,,,
146,2022-03-20 10:00,5.3,,.6,230,80,7.1,2.1,1013.5,1021,0,.55,,,10,9,ScAs,10,1472,,,9.5,,,,
146,2022-03-20 11:00,6.1,,2.1,320,72,6.8,1.4,1013,1020.5,0,.7,,,9,9,Sc,8,2000,,,11.1,,,,
146,2022-03-20 12:00,6.2,,2.7,250,69,6.5,.9,1012.2,1019.7,0,.57,,,10,7,ScAs,8,2000,,,9.7,,,,
146,2022-03-20 13:00,6.7,,2.5,270,64,6.2,.3,1011.7,1019.1,0,1.04,,,10,7,ScAs,9,2000,,,11.7,,,,
146,2022-03-20 14:00,8.2,,3,230,59,6.4,.6,1011.3,1018.7,.3,1.56,,,8,8,Sc,10,2000,,,17.8,,,,
146,2022-03-20 15:00,8.4,,3.4,250,61,6.7,1.3,1011.8,1019.2,1,2.38,,,7,5,ScCi,9,2000,,,17.2,,,,
146,2022-03-20 16:00,7.4,,3.2,270,59,6.1,-.1,1011.1,1018.5,.8,1.61,,,9,4,ScCi,10,2000,,,13,,,,
146,2022-03-20 17:00,7,,3.8,270,63,6.3,.4,1011.5,1018.9,.7,1.03,,,9,4,ScCi,9,1893,,,10.1,,,,
146,2022-03-20 18:00,6,,2.7,270,64,6,-.3,1012.7,1020.2,0,.35,,,10,3,ScAs,10,1936,,,6.5,,,,
146,2022-03-20 19:00,5,,1.8,250,69,6,-.2,1013.3,1020.8,0,.04,,,10,9,,9,1712,,,4.4,,,,
146,2022-03-20 20:00,4.4,,3.2,270,72,6,-.2,1014.4,1021.9,,,,,10,1,,6,1534,,,3.6,,,,
146,2022-03-20 21:00,4,,2.3,250,73,5.9,-.4,1014.8,1022.3,,,,,9,0,Ci,,1546,,,2.7,,,,
146,2022-03-20 22:00,3.5,,1.2,320,75,5.9,-.5,1015.3,1022.9,,,,,9,6,,6,1437,,,2.6,,,,
146,2022-03-20 23:00,3.2,,1.4,340,76,5.8,-.6,1015.4,1023,,,,,8,8,,6,1573,,,2.1,,,,
146,2022-03-21 00:00,2.3,,1.1,360,79,5.7,-.9,1015.9,1023.5,,,,,9,1,ScCi,,1552,,,1.2,,,,
146,2022-03-21 01:00,1.8,,1.1,360,82,5.7,-.9,1016.5,1024.1,,,,,,0,,,1266,,,.8,,,,
146,2022-03-21 02:00,1.6,,1.1,360,80,5.5,-1.4,1016.8,1024.4,,,,,10,0,,,1487,,,.6,,,,
146,2022-03-21 03:00,1.1,,1,50,86,5.7,-.9,1016.8,1024.5,,,,,9,0,Ci,,1130,,,.4,,,,
146,2022-03-21 04:00,1.4,,.5,90,85,5.8,-.8,1016.8,1024.4,,,,,9,0,Ci,,1149,,,.4,,,,
146,2022-03-21 05:00,1.4,,.7,110,87,5.9,-.5,1016.6,1024.2,,,,,9,0,Ci,,913,,19,.5,,,,
146,2022-03-21 06:00,1.1,,.8,160,89,5.9,-.5,1017.1,1024.8,,,,,8,0,Ci,,866,,19,.4,,,,
146,2022-03-21 07:00,1.1,,.5,70,88,5.8,-.6,1017.9,1025.6,0,.01,,,7,0,Ci,,1007,,19,.4,,,,
146,2022-03-21 08:00,2.1,,.3,0,80,5.7,-.9,1018.6,1026.2,.6,.43,,,4,0,Ci,,1090,,19,1.3,,,,
146,2022-03-21 09:00,4.1,,.5,20,70,5.8,-.8,1017.6,1025.2,1,1.12,,,1,0,Ci,,1579,,,11.1,,,,
146,2022-03-21 10:00,6.2,,1,290,54,5.1,-2.4,1018,1025.5,1,1.78,,,3,0,Ci,,2000,,,12,,,,
146,2022-03-21 11:00,7.8,,1.2,340,46,4.9,-3.1,1018.4,1025.9,1,2.11,,,9,0,Ci,,2000,,,18.9,,,,
146,2022-03-21 12:00,9.5,,1.6,320,39,4.6,-3.7,1016.7,1024.1,1,2.44,,,10,0,Cs,,2000,,,20.4,,,,
146,2022-03-21 13:00,11.4,,1.8,340,33,4.4,-4.3,1015.7,1023,1,2.67,,,8,0,CsCi,,2000,,,23.8,,,,
146,2022-03-21 14:00,11.7,,2.4,340,33,4.5,-4,1014.5,1021.8,1,2.54,,,9,0,Cs,,2000,,,22.2,,,,
146,2022-03-21 15:00,11.7,,2,270,34,4.7,-3.6,1014.3,1021.6,.8,1.79,,,9,0,Cs,,2000,,,17.9,,,,
146,2022-03-21 16:00,11.4,,2.4,320,30,4.1,-5.5,1014.5,1021.8,0,1.14,,,10,0,Cs,,2000,,,14.2,,,,
146,2022-03-21 17:00,10.1,,2.6,270,49,6.1,-.1,1014.4,1021.8,0,.51,,,10,0,Cs,,2000,,,10.5,,,,
146,2022-03-21 18:00,8.4,,2.1,270,51,5.6,-1.1,1014.1,1021.5,0,.21,,,10,4,AcCs,49,2000,,,7.9,,,,
146,2022-03-21 19:00,7.5,,1.9,250,57,5.9,-.4,1014.6,1022,0,.03,,,10,8,,41,1991,,,6.5,,,,
146,2022-03-21 20:00,6.4,,1.9,230,63,6.1,-.1,1015,1022.5,,,,,10,9,,40,1859,,,5.7,,,,
146,2022-03-21 21:00,6,,.5,250,64,6,-.3,1015.1,1022.6,,,,,10,0,Cs,,1825,,,5.7,,,,
146,2022-03-21 22:00,5.8,,.9,340,66,6.1,0,1015.4,1022.9,,,,,10,4,,48,1203,,,5.6,,,,
146,2022-03-21 23:00,6,,1.6,320,57,5.4,-1.8,1015.5,1023,,,,,10,9,,45,1965,,,5.1,,,,
146,2022-03-22 00:00,5.7,,1.4,320,48,4.4,-4.4,1015.2,1022.7,,,,,10,10,,,2000,,,4.5,,,,
146,2022-03-22 01:00,5.3,,.9,320,48,4.3,-4.8,1014.7,1022.2,,,,,,10,,53,2000,,,4.1,,,,
146,2022-03-22 02:00,4.8,,1.2,340,49,4.2,-5,1014.9,1022.4,,,,,9,9,,59,2000,,,3.2,,,,
146,2022-03-22 03:00,4.2,,1.9,320,46,3.8,-6.4,1014.8,1022.3,,,,,8,0,Ci,,2000,,,1.8,,,,
146,2022-03-22 04:00,3.3,,2.1,320,49,3.8,-6.4,1014.8,1022.4,,,,,6,0,Ci,,2000,,,.4,,,,
146,2022-03-22 05:00,2.8,,.8,340,51,3.8,-6.3,1015,1022.6,,,,,6,0,Ci,,2000,,,-.2,,,,
146,2022-03-22 06:00,2.6,,1.2,320,53,3.9,-6,1015.3,1022.9,,,,,6,0,Ci,,2000,,,.4,,,,
146,2022-03-22 07:00,2.5,,1.1,320,52,3.8,-6.3,1015.8,1023.4,0,.02,,,8,0,Ci,,2000,,,.4,,,,
146,2022-03-22 08:00,3.9,,.7,230,53,4.3,-4.8,1016,1023.6,.4,.33,,,6,0,Ci,,2000,,,2,,,,
146,2022-03-22 09:00,6.2,,1.1,320,48,4.5,-4,1016.6,1024.1,1,1.08,,,7,0,Ci,,2000,,,11.6,,,,
146,2022-03-22 10:00,7.5,,2.1,340,44,4.6,-3.9,1016,1023.5,1,1.73,,,8,0,CsCi,,2000,,,13.5,,,,
146,2022-03-22 11:00,9.3,,3.4,360,36,4.2,-5,1016.2,1023.6,1,2.04,,,7,0,CsCi,,2000,,,18.4,,,,
146,2022-03-22 12:00,11.1,,2.2,360,29,3.8,-6.3,1016,1023.4,1,2.71,,,4,0,Ci,,1904,,,24.1,,,,
146,2022-03-22 13:00,11.6,,2.3,360,30,4.1,-5.4,1014.6,1021.9,1,2.92,,,2,0,Ci,,1919,,,24.6,,,,
146,2022-03-22 14:00,11.9,,2.7,320,30,4.2,-5.1,1013.3,1020.6,1,2.82,,,4,0,Ci,,1830,,,23.4,,,,
146,2022-03-22 15:00,12.1,,2.2,340,27,3.8,-6.3,1012.8,1020.1,1,2.31,,,5,0,Ci,,1958,,,21.9,,,,
146,2022-03-22 16:00,12.5,,1.8,340,30,4.3,-4.6,1012.5,1019.8,1,1.69,,,5,0,CsCi,,1816,,,18.1,,,,
146,2022-03-22 17:00,12,,2.5,270,36,5,-2.6,1011.5,1018.8,.7,.99,,,7,0,Cs,,1803,,,13,,,,
146,2022-03-22 18:00,9.5,,2.2,250,55,6.5,.8,1011.7,1019.1,.1,.5,,,6,0,Ci,,1438,,,8.9,,,,
146,2022-03-22 19:00,7.4,,2.6,200,65,6.7,1.2,1012.8,1020.2,0,.07,,,5,0,,,1090,,,5.5,,,,
146,2022-03-22 20:00,6.3,,2.8,230,71,6.8,1.4,1013.7,1021.2,,,,,5,0,,,1008,,40,4.6,,,,
146,2022-03-22 21:00,5.6,,2.6,230,76,6.9,1.6,1014,1021.5,,,,,6,0,Ci,,857,,40,3.8,,,,
146,2022-03-22 22:00,5,,1.1,270,78,6.8,1.4,1013.4,1020.9,,,,,7,0,,,782,,40,3,,,,
146,2022-03-22 23:00,4.7,,.9,180,79,6.7,1.3,1014,1021.5,,,,,6,0,,,781,,40,2.6,,,,
146,2022-03-23 00:00,4.7,,1.4,230,80,6.8,1.5,1013.9,1021.4,,,,,5,0,,,698,,4019,2.5,,,,
146,2022-03-23 01:00,3.4,,1.3,50,83,6.4,.7,1013.5,1021.1,,,,,5,1,,76,536,,19,1.7,,,,
146,2022-03-23 02:00,3.5,,1,70,84,6.6,1,1013.6,1021.1,,,,,8,8,,72,502,,19,1.8,,,,
146,2022-03-23 03:00,3.6,,1.1,110,81,6.4,.6,1013,1020.5,,,,,9,0,Ci,,609,,19,2.8,,,,
146,2022-03-23 04:00,3.6,,1.3,140,82,6.5,.8,1012.2,1019.7,,,,,9,0,Ci,,590,,19,3,,,,
146,2022-03-23 05:00,3.8,,.6,140,81,6.5,.8,1012.3,1019.8,,,,,9,0,Ci,,604,,19,3.5,,,,
146,2022-03-23 06:00,4,,.5,200,80,6.5,.8,1012.2,1019.7,,,,,10,0,Cs,,612,,19,3.6,,,,
146,2022-03-23 07:00,3.4,,1,360,86,6.7,1.2,1012.1,1019.6,0,0,,,10,4,AcCs,25,373,,19,4,,,,
146,2022-03-23 08:00,3.9,,.2,0,83,6.7,1.2,1011.9,1019.4,0,.07,,,10,6,AcCs,25,444,,19,5,,,,
146,2022-03-23 09:00,4.7,,1.1,320,82,7,1.8,1012.3,1019.8,0,.18,,,10,6,ScAs,15,437,,19,6.7,,,,
146,2022-03-23 10:00,5.7,,.8,200,76,6.9,1.7,1012.3,1019.8,0,.43,,,10,10,As,28,612,,19,9.1,,,,
146,2022-03-23 11:00,6,,1.5,250,75,7,1.8,1012.7,1020.2,0,.55,,,10,2,ScAs,4,606,,19,10.3,,,,
146,2022-03-23 12:00,7.6,,1,270,61,6.3,.5,1011.7,1019.1,0,1.45,,,10,10,As,28,825,,4019,16.7,,,,
146,2022-03-23 13:00,9.4,,2,290,52,6.1,0,1011.2,1018.6,.3,1.8,,,3,1,ScCi,10,975,,40,21.5,,,,
146,2022-03-23 14:00,9.7,,2.9,270,47,5.7,-1,1010.6,1017.9,.7,2.16,,,8,4,ScAc,17,1248,,40,18.3,,,,
146,2022-03-23 15:00,9.4,,3.1,270,46,5.4,-1.6,1010.5,1017.8,0,1.2,,,10,2,ScAs,16,2000,,,13.5,,,,
146,2022-03-23 16:00,8.9,,2.3,270,43,4.9,-3,1010.4,1017.8,0,.65,,,9,7,ScAc,15,2000,,,12.3,,,,
146,2022-03-23 17:00,9.2,,1.6,270,42,4.9,-3,1009.9,1017.2,.5,1.02,,,7,7,Ac,35,2000,,,11.6,,,,
146,2022-03-23 18:00,8.6,,2.4,270,50,5.6,-1.2,1010,1017.4,.2,.44,,,3,3,Ac,35,2000,,,7.3,,,,
146,2022-03-23 19:00,7.5,,1.8,250,61,6.3,.4,1010.2,1017.6,0,.07,,,0,0,,,1767,,,4.4,,,,
146,2022-03-23 20:00,6.6,,1.9,250,67,6.5,.8,1010.5,1017.9,,,,,0,0,,,1930,,,3.3,,,,
146,2022-03-23 21:00,5.9,,.1,0,68,6.3,.4,1010.5,1018,,,,,0,0,,,2000,,,2,,,,
146,2022-03-23 22:00,5.5,,.8,290,70,6.3,.4,1011.1,1018.6,,,,,0,0,,,1807,,,1.2,,,,
146,2022-03-23 23:00,4.4,,1,90,74,6.2,.1,1011.8,1019.3,,,,,0,0,,,1208,,,.9,,,,
146,2022-03-24 00:00,3.7,,.8,160,76,6.1,-.1,1012.2,1019.7,,,,,0,0,,,1326,,,.6,,,,
146,2022-03-24 01:00,3.1,,1.1,140,77,5.9,-.5,1012.3,1019.9,,,,,0,0,,,1262,,,.3,,,,
146,2022-03-24 02:00,2.6,,1,90,78,5.8,-.8,1012.8,1020.4,,,,,0,0,,,1222,,,.2,,,,
146,2022-03-24 03:00,1.9,,1.3,140,80,5.6,-1.1,1012.2,1019.8,,,,,0,0,,,1042,,,.4,,,,
146,2022-03-24 04:00,2.2,,1.2,140,81,5.8,-.7,1011.5,1019.1,,,,,0,0,,,989,,19,.3,,,,
146,2022-03-24 05:00,2.1,,1.4,110,79,5.6,-1.1,1011.4,1019,,,,,3,0,Ci,,961,,19,.3,,,,
146,2022-03-24 06:00,1.8,,1.2,140,81,5.6,-1.1,1012.4,1020,,,,,7,4,ScCi,15,921,,19,.3,,,,
146,2022-03-24 07:00,2.4,,1.4,110,77,5.6,-1.2,1013,1020.6,0,.02,,,8,8,Sc,10,993,,19,.4,,,,
146,2022-03-24 08:00,4.3,,1.3,140,70,5.8,-.6,1013,1020.5,0,.16,,,9,9,Sc,11,1170,,,4,,,,
146,2022-03-24 09:00,6.6,,1.5,140,61,6,-.3,1013,1020.5,0,.55,,,8,8,Sc,10,1379,,,9.2,,,,
146,2022-03-24 10:00,9.9,,1.8,140,49,6,-.3,1013.5,1020.9,.4,1.31,,,3,3,Sc,15,1610,,,14,,,,
146,2022-03-24 11:00,12.3,,.7,230,41,5.9,-.5,1013.4,1020.7,1,2.3,,,4,0,Ci,,1709,,,22.4,,,,
146,2022-03-24 12:00,14.5,,.7,340,44,7.2,2.3,1013.5,1020.7,1,2.55,,,2,1,ScCi,12,1498,,,24.6,,,,
146,2022-03-24 13:00,14.8,,2,250,45,7.5,2.9,1013.4,1020.6,1,2.81,,,1,1,Sc,10,1180,,,26.1,,,,
146,2022-03-24 14:00,15.1,,2.6,290,45,7.7,3.2,1013.2,1020.4,1,2.74,,,3,3,Sc,14,1127,,,27.4,,,,
146,2022-03-24 15:00,15.9,,2.1,320,46,8.2,4.2,1012.8,1020,.9,2.17,,,2,2,Sc,15,1205,,,25.2,,,,
146,2022-03-24 16:00,15.6,,2.1,290,44,7.7,3.3,1012.3,1019.5,1,1.89,,,0,0,,,1315,,,23,,,,
146,2022-03-24 17:00,15,,1,230,48,8.1,4,1011.4,1018.6,.7,1.01,,,6,0,Ci,,1253,,,16.4,,,,
146,2022-03-24 18:00,14.5,,1,320,51,8.4,4.4,1011.1,1018.3,0,.46,,,6,0,Ci,,1309,,,13.4,,,,
146,2022-03-24 19:00,12.7,,2.3,290,57,8.3,4.3,1012.4,1019.7,0,.08,,,4,0,,,972,,,8.7,,,,
146,2022-03-24 20:00,11.3,,1.5,270,58,7.7,3.3,1013.4,1020.7,,,,,4,0,,,1132,,,7,,,,
146,2022-03-24 21:00,10.5,,1,250,60,7.6,3,1014.3,1021.7,,,,,0,0,,,1125,,,5.6,,,,
146,2022-03-24 22:00,10,,.3,0,62,7.6,3,1014.8,1022.2,,,,,6,0,,,1021,,,5.4,,,,
146,2022-03-24 23:00,9.4,,.8,90,66,7.7,3.3,1014.5,1021.9,,,,,9,0,,,703,,40,5.6,,,,
146,2022-03-25 00:00,8.8,,1.5,110,71,8,3.8,1013.9,1021.3,,,,,9,0,,,675,,40,5.6,,,,
146,2022-03-25 01:00,8.8,,.8,160,71,8,3.8,1012.5,1019.9,,,,,10,0,,65,651,,40,6.1,,,,
146,2022-03-25 02:00,9.3,,1.3,200,70,8.1,4,1014.2,1021.6,,,,,10,0,,61,683,,40,6.2,,,,
146,2022-03-25 03:00,8.6,,1.2,140,72,8,3.8,1013.5,1020.9,,,,,9,0,Ci,,669,,40,5.6,,,,
146,2022-03-25 04:00,8,,1.4,140,72,7.7,3.2,1012.5,1019.9,,,,,8,0,Ci,,715,,40,4.4,,,,
146,2022-03-25 05:00,8.7,,1.6,110,67,7.5,2.9,1012,1019.4,,,,,9,0,Ci,,744,,40,4.4,,,,
146,2022-03-25 06:00,9.8,,1.1,110,59,7.1,2.1,1012,1019.3,,,,,9,0,Ci,,1201,,40,4.6,,,,
146,2022-03-25 07:00,9.9,,1.4,110,58,7.1,2,1012.3,1019.7,0,.01,,,9,0,Ci,,1192,,,5.3,,,,
146,2022-03-25 08:00,10.8,,1.4,110,59,7.6,3,1012.9,1020.2,0,.3,,,9,0,Ci,,978,,40,9.4,,,,
146,2022-03-25 09:00,13.8,,2.2,110,56,8.8,5.1,1012.3,1019.5,.1,.87,,,8,0,Ci,,1076,,40,15.2,,,,
146,2022-03-25 10:00,15.3,,2.8,110,52,9,5.4,1012.1,1019.3,1,1.48,,,8,0,Ci,,1172,,,18.1,,,,
146,2022-03-25 11:00,16.7,,2.7,110,49,9.3,5.9,1011.4,1018.6,.9,1.83,,,8,0,Ci,,1228,,,22.6,,,,
146,2022-03-25 12:00,17,,2.9,110,49,9.4,6.1,1010.7,1017.8,.6,1.9,,,8,0,Ci,,1248,,,22.6,,,,
146,2022-03-25 13:00,18.6,,2.5,160,51,10.9,8.2,1010.2,1017.3,0,1.41,,,10,2,ScAs,13,1828,,,22.5,,,,
146,2022-03-25 14:00,18.4,,3.1,160,55,11.6,9.1,1008.8,1015.9,0,1.3,,,10,6,ScAs,12,1969,,,21.4,,,,
146,2022-03-25 15:00,18.2,,3.6,160,56,11.6,9.2,1008.1,1015.2,0,.98,,,10,6,ScAs,13,1942,,,20.2,,,,
146,2022-03-25 16:00,17.8,,2.1,140,59,11.9,9.6,1006.5,1013.6,0,.39,,,10,7,ScAs,12,1972,,,16.3,,,,
146,2022-03-25 17:00,17.8,,3.2,140,59,11.9,9.6,1004.6,1011.7,0,.25,,,10,3,ScAs,13,2000,,,15.3,,,,
146,2022-03-25 18:00,18,,2.6,140,58,11.9,9.6,1004,1011,0,.14,,,10,8,ScAs,10,2000,,,14.3,,,,
146,2022-03-25 19:00,18.1,,3.7,140,60,12.4,10.2,1003.4,1010.4,0,.01,,,10,3,ScAs,10,2000,,1,13.8,,,,
146,2022-03-25 20:00,15.4,,3.5,140,82,14.3,12.3,1002.1,1009.2,,,,,10,9,StNs,13,501,,1901,13.5,,,,
146,2022-03-25 21:00,14.6,5.4,2.6,110,90,14.9,12.9,1000.8,1007.9,,,,,10,9,ScNs,8,329,,1901,13.5,,,,
146,2022-03-25 22:00,14.6,,2.3,140,91,15.1,13.1,999.4,1006.5,,,,,10,9,ScNs,7,455,,1901,13.4,,,,
146,2022-03-25 23:00,15.2,,5.3,140,87,15,13,996.7,1003.8,,,,,10,6,ScNs,8,679,,1901,13.7,,,,
146,2022-03-26 00:00,16.3,9,4.9,160,80,14.8,12.8,995.5,1002.6,,,,,10,7,ScNs,8,1951,,1901,13.9,,,,
146,2022-03-26 01:00,15.9,,4.3,160,86,15.5,13.5,994.4,1001.5,,,,,10,9,StNs,8,337,,1901,14.2,,,,
146,2022-03-26 02:00,15.8,,3.3,160,87,15.6,13.6,993,1000.1,,,,,10,9,StNs,7,806,,1901,14.1,,,,
146,2022-03-26 03:00,15.6,6.4,3.2,160,90,15.9,13.9,992.2,999.3,,,,,10,9,StNs,7,288,,1901,14.2,,,,
146,2022-03-26 04:00,15.3,,2,160,94,16.3,14.3,991.5,998.6,,,,,10,9,StNs,8,409,,1901,14.1,,,,
146,2022-03-26 05:00,15.2,,1,200,96,16.5,14.5,991.2,998.3,,,,,10,10,St,7,264,,1901,14,,,,
146,2022-03-26 06:00,15.7,8.6,4.5,230,88,15.7,13.7,990.9,997.9,,,,,10,9,ScNs,8,2000,,1901,14,,,,
146,2022-03-26 07:00,15,,3.9,200,83,14.1,12.1,991.5,998.6,0,.01,,,10,9,ScAs,8,2000,,,13.5,,,,
146,2022-03-26 08:00,11.2,,4.5,230,89,11.8,9.4,993.1,1000.3,0,.04,,,10,7,ScAs,10,1718,,,11.8,,,,
146,2022-03-26 09:00,11.2,,3.5,200,88,11.6,9.2,992.6,999.8,0,.12,,,10,7,ScAs,8,1870,,,12.1,,,,
146,2022-03-26 10:00,10.3,,5.2,230,93,11.6,9.2,994.9,1002.1,0,.17,,,10,10,StNs,8,259,,1901,11.5,,,,
146,2022-03-26 11:00,9.2,,4.2,230,94,10.9,8.2,995.2,1002.4,0,.34,,,10,8,StNs,8,243,,1901,11.9,,,,
146,2022-03-26 12:00,9.4,1.8,3.8,230,96,11.2,8.7,995.9,1003.1,0,.33,,,10,8,ScAs,10,451,,1901,12.4,,,,
146,2022-03-26 13:00,8.9,,3.6,250,95,10.8,8.1,996.4,1003.7,0,.4,,,10,8,ScAs,8,522,,19,11.5,,,,
146,2022-03-26 14:00,8.3,,3.2,230,95,10.4,7.5,996.8,1004.1,0,.21,,,9,9,Sc,10,445,,19,10.9,,,,
146,2022-03-26 15:00,8.9,,1.7,250,91,10.4,7.5,998.1,1005.4,0,.18,,,9,9,Sc,8,889,,19,11.3,,,,
146,2022-03-26 16:00,9.5,,2.1,270,88,10.4,7.6,998.7,1006,0,.19,,,9,9,Sc,8,997,,19,11.2,,,,
146,2022-03-26 17:00,9.6,,2.5,270,85,10.1,7.1,999.6,1006.9,0,.24,,,9,9,Sc,8,1567,,19,11,,,,
146,2022-03-26 18:00,9.3,,2.8,230,83,9.7,6.5,1000.9,1008.2,0,.09,,,9,9,Sc,8,1999,,,10.2,,,,
146,2022-03-26 19:00,8.8,,2.6,230,82,9.2,5.8,1002,1009.3,0,.03,,,9,9,,5,1906,,,9.2,,,,
146,2022-03-26 20:00,8.3,,2.1,230,81,8.8,5.2,1003,1010.3,,,,,10,8,,7,1480,,,8.1,,,,
146,2022-03-26 21:00,7.9,,3.3,230,80,8.5,4.6,1004.5,1011.9,,,,,8,8,Sc,8,1325,,,7.6,,,,
146,2022-03-26 22:00,7.7,,2.5,230,78,8.1,4,1005.2,1012.6,,,,,8,5,,10,1394,,,6.5,,,,
146,2022-03-26 23:00,7.3,,1.3,200,77,7.8,3.5,1006.5,1013.9,,,,,7,3,,,1342,,,5.5,,,,
146,2022-03-27 00:00,6.7,,.9,180,76,7.4,2.7,1007,1014.4,,,,,7,0,,,1471,,,4.8,,,,
146,2022-03-27 01:00,6.8,,1.4,200,75,7.4,2.6,1007.7,1015.1,,,,,9,9,,59,1542,,,5.1,,,,
146,2022-03-27 02:00,6.2,,1.1,180,80,7.5,2.9,1008.3,1015.7,,,,,7,4,,66,1406,,,4.1,,,,
146,2022-03-27 03:00,5.6,,.6,110,87,7.9,3.6,1007.8,1015.3,,,,,6,0,Ci,,1182,,,3.3,,,,
146,2022-03-27 04:00,4.8,,1,140,92,7.9,3.6,1007.5,1015,,,,,0,0,,,726,,19,2.6,,,,
146,2022-03-27 05:00,4.2,,1.1,110,94,7.7,3.3,1007.6,1015.1,,,,,0,0,,,519,,19,2.4,,,,
146,2022-03-27 06:00,3.8,,.9,140,94,7.5,2.9,1008.3,1015.8,,,,,0,0,,,627,,19,1.9,,,,
146,2022-03-27 07:00,3.5,,1.8,140,95,7.4,2.7,1008.6,1016.1,0,.03,,,0,0,,,623,,19,2.4,,,,
146,2022-03-27 08:00,5.1,,1.4,110,88,7.7,3.2,1008.8,1016.3,.9,.5,,,6,0,Ci,,1249,,19,7,,,,
146,2022-03-27 09:00,7.6,,.7,160,73,7.6,3,1008.7,1016.1,1,1.17,,,7,0,Ci,,1953,,,13.9,,,,
146,2022-03-27 10:00,10.6,,.7,180,62,7.9,3.6,1008.7,1016,1,1.83,,,3,0,Ci,,1991,,,14.5,,,,
146,2022-03-27 11:00,12.1,,.8,160,52,7.3,2.5,1008.1,1015.4,1,2.19,,,7,0,Ci,,2000,,,19.5,,,,
146,2022-03-27 12:00,15,,1,250,42,7.1,2.1,1007.9,1015.1,1,2.62,,,3,0,Ci,,2000,,,24.8,,,,
146,2022-03-27 13:00,15,,3.3,270,37,6.3,.4,1007.7,1014.9,1,2.5,,,7,0,Ci,,2000,,,21.7,,,,
146,2022-03-27 14:00,13.2,,6.3,270,38,5.8,-.8,1007.7,1014.9,1,2.53,,,7,0,Ci,,2000,,,19.6,,,,
146,2022-03-27 15:00,13.5,,3.8,270,49,7.5,2.9,1007.7,1014.9,1,2.44,,,7,0,Ci,,1992,,,21.5,,,,
146,2022-03-27 16:00,11.8,,3.6,270,66,9.1,5.6,1008.3,1015.6,.2,1.27,,,8,4,ScCi,10,1163,,,15.3,,,,
146,2022-03-27 17:00,12,,4.7,270,54,7.5,2.9,1008.3,1015.6,.8,1.11,,,4,2,ScCi,10,1997,,,14.3,,,,
146,2022-03-27 18:00,9.5,,4.5,270,61,7.2,2.3,1009.3,1016.6,1,.68,,,4,0,Ci,,2000,,,9.5,,,,
146,2022-03-27 19:00,7.8,,4.5,270,61,6.4,.7,1010.8,1018.2,.3,.12,,,5,1,,72,2000,,,6.2,,,,
146,2022-03-27 20:00,6.5,,2.7,270,55,5.3,-1.9,1012.5,1020,,,,,4,0,,,2000,,,4.6,,,,
146,2022-03-27 21:00,6.1,,1.9,320,51,4.8,-3.2,1013.7,1021.2,,,,,5,0,Ci,,2000,,,3.3,,,,
146,2022-03-27 22:00,5.3,,1.6,360,50,4.4,-4.3,1014.5,1022,,,,,1,0,,,2000,,,2.3,,,,
146,2022-03-27 23:00,5.1,,1.3,320,46,4.1,-5.5,1014.9,1022.4,,,,,0,0,,,2000,,,1.5,,,,
146,2022-03-28 00:00,4.7,,1.3,340,45,3.8,-6.2,1015.2,1022.7,,,,,0,0,,,2000,,,1,,,,
146,2022-03-28 01:00,4.8,,1.1,290,44,3.8,-6.4,1015.8,1023.3,,,,,0,0,,,2000,,,.6,,,,
146,2022-03-28 02:00,3.3,,.7,140,60,4.6,-3.7,1016.3,1023.9,,,,,8,0,,,2000,,,.7,,,,
146,2022-03-28 03:00,3.1,,.7,140,60,4.6,-3.9,1016.6,1024.2,,,,,0,0,,,2000,,,.5,,,,
146,2022-03-28 04:00,1.7,,.4,0,65,4.5,-4.1,1016.3,1023.9,,,,,1,0,Ci,,2000,,,.4,,,,
146,2022-03-28 05:00,1,,1.3,140,70,4.6,-3.8,1016.8,1024.5,,,,,4,0,Ci,,2000,,,.4,,,,
146,2022-03-28 06:00,1.3,,.8,140,72,4.8,-3.2,1018.1,1025.8,,,,,6,0,Ci,,2000,,,.4,,,,
146,2022-03-28 07:00,1.6,,.6,90,70,4.8,-3.2,1018.7,1026.3,0,.04,,,8,0,Ci,,2000,,,.6,,,,
146,2022-03-28 08:00,3.7,,.2,0,60,4.8,-3.3,1019.2,1026.8,.5,.51,,,8,0,Ci,,2000,,,3.6,,,,
146,2022-03-28 09:00,5.8,,.7,360,41,3.8,-6.4,1019.4,1026.9,.9,1.15,,,8,0,Ci,,2000,,,12.1,,,,
146,2022-03-28 10:00,7.6,,1.4,320,39,4.1,-5.4,1019.6,1027.1,1,1.78,,,7,0,Ci,,2000,,,13.6,,,,
146,2022-03-28 11:00,9.1,,1.5,320,33,3.8,-6.3,1019.4,1026.8,1,2.09,,,8,0,Ci,,2000,,,19.6,,,,
146,2022-03-28 12:00,10.9,,1.2,320,31,4,-5.6,1018.9,1026.3,1,2.26,,,8,0,Ci,,2000,,,21.4,,,,
146,2022-03-28 13:00,13,,1.6,320,31,4.6,-3.7,1018.2,1025.5,1,2.58,,,8,0,Ci,,2000,,,24.1,,,,
146,2022-03-28 14:00,13,,1.4,290,28,4.2,-5.1,1017.7,1025,1,3.05,,,0,0,,,2000,,,25.6,,,,
146,2022-03-28 15:00,14.1,,2.6,320,30,4.8,-3.2,1017,1024.3,1,2.71,,,0,0,,,2000,,,25.2,,,,
146,2022-03-28 16:00,15,,2.5,290,32,5.5,-1.5,1016.9,1024.2,1,2.15,,,0,0,,,2000,,,21.8,,,,
146,2022-03-28 17:00,13.9,,2.4,270,33,5.2,-2.1,1017.1,1024.4,1,1.46,,,0,0,,,2000,,,17.2,,,,
146,2022-03-28 18:00,12.3,,2.4,270,37,5.3,-1.9,1017.5,1024.8,1,.71,,,0,0,,,2000,,,11.1,,,,
146,2022-03-28 19:00,10.5,,2.6,270,44,5.6,-1.2,1018.2,1025.6,.3,.12,,,0,0,,,2000,,,7.2,,,,
146,2022-03-28 20:00,9.4,,1.6,250,43,5.1,-2.5,1018.7,1026.1,,,,,0,0,,,2000,,,5.5,,,,
146,2022-03-28 21:00,8.7,,1.5,250,49,5.5,-1.4,1019.7,1027.1,,,,,0,0,,,2000,,,4.7,,,,
146,2022-03-28 22:00,8.4,,.7,180,50,5.5,-1.4,1019.8,1027.2,,,,,1,0,,,2000,,,4.1,,,,
146,2022-03-28 23:00,6.9,,.9,180,59,5.9,-.5,1020.4,1027.9,,,,,0,0,,,2000,,,3.6,,,,
146,2022-03-29 00:00,6.4,,1.3,140,58,5.6,-1.2,1020.3,1027.8,,,,,0,0,,,2000,,,3,,,,
146,2022-03-29 01:00,5.9,,1.4,110,59,5.5,-1.5,1020.2,1027.7,,,,,1,0,,,2000,,,2.6,,,,
146,2022-03-29 02:00,4.8,,1.4,140,66,5.7,-1,1020,1027.6,,,,,0,0,,,2000,,,2.1,,,,
146,2022-03-29 03:00,4.7,,1.6,140,65,5.6,-1.3,1019.8,1027.4,,,,,0,0,,,2000,,,1.9,,,,
146,2022-03-29 04:00,4,,1.4,140,69,5.6,-1.1,1019.6,1027.2,,,,,0,0,,,2000,,,1.5,,,,
146,2022-03-29 05:00,3.8,,2,140,72,5.8,-.7,1018.9,1026.5,,,,,0,0,,,2000,,,1.3,,,,
146,2022-03-29 06:00,4.3,,1.9,140,72,6,-.3,1018.8,1026.4,,,,,0,0,,,2000,,,1.2,,,,
146,2022-03-29 07:00,4.8,,1.7,110,71,6.1,0,1018.8,1026.3,0,.05,,,0,0,,,2000,,,2,,,,
146,2022-03-29 08:00,7.6,,.7,180,62,6.4,.7,1019.2,1026.7,1,.55,,,0,0,,,2000,,,7.6,,,,
146,2022-03-29 09:00,10.2,,.5,230,54,6.7,1.2,1019.9,1027.3,1,1.3,,,0,0,,,2000,,,15.4,,,,
146,2022-03-29 10:00,12.7,,.6,290,47,6.9,1.6,1019.7,1027,1,2,,,0,0,,,2000,,,15.4,,,,
146,2022-03-29 11:00,13.1,,1.3,320,43,6.4,.7,1019,1026.3,1,2.54,,,0,0,,,2000,,,24.6,,,,
146,2022-03-29 12:00,14.2,,1.7,320,39,6.3,.4,1018.5,1025.8,1,2.88,,,0,0,,,2000,,,27.1,,,,
146,2022-03-29 13:00,15.3,,1.3,230,38,6.6,1,1017.5,1024.8,1,3.06,,,0,0,,,2000,,,27.3,,,,
146,2022-03-29 14:00,16.6,,2,360,37,7,1.8,1016.5,1023.7,1,2.97,,,0,0,,,1969,,,28.2,,,,
146,2022-03-29 15:00,17.5,,1.9,340,36,7.2,2.2,1015.6,1022.8,1,2.64,,,0,0,,,2000,,,27.3,,,,
146,2022-03-29 16:00,17.5,,2.5,290,37,7.4,2.6,1015.2,1022.3,1,2.11,,,0,0,,,2000,,,24.8,,,,
146,2022-03-29 17:00,17.2,,2.3,320,38,7.4,2.7,1014.7,1021.9,1,1.43,,,0,0,,,2000,,,20.3,,,,
146,2022-03-29 18:00,16.3,,2.1,320,38,7,1.9,1015,1022.2,1,.69,,,0,0,,,2000,,,14,,,,
146,2022-03-29 19:00,13.2,,1.7,250,56,8.5,4.6,1015.7,1023,.3,.12,,,0,0,,,2000,,,10,,,,
146,2022-03-29 20:00,11.9,,2.1,230,60,8.3,4.3,1015.7,1023,,,,,0,0,,,2000,,,8.4,,,,
146,2022-03-29 21:00,11.3,,0,0,60,8,3.8,1015.3,1022.6,,,,,0,0,,,2000,,,6.8,,,,
146,2022-03-29 22:00,10.5,,1.3,140,64,8.1,3.9,1014.7,1022.1,,,,,0,0,,,2000,,,6.1,,,,
146,2022-03-29 23:00,9.2,,2.1,340,74,8.5,4.7,1015.4,1022.8,,,,,0,0,,,1332,,,5.6,,,,
146,2022-03-30 00:00,9.4,,.1,0,71,8.3,4.3,1015.8,1023.2,,,,,0,0,,,1607,,,4.9,,,,
146,2022-03-30 01:00,8.2,,1.7,140,76,8.2,4.2,1015.3,1022.7,,,,,0,0,,,1956,,,4.8,,,,
146,2022-03-30 02:00,7.8,,1.4,110,77,8.1,4,1015.2,1022.6,,,,,0,0,,,1852,,,4.5,,,,
146,2022-03-30 03:00,6.7,,1.2,140,81,7.9,3.6,1015.1,1022.6,,,,,0,0,,,1701,,,3.7,,,,
146,2022-03-30 04:00,7.1,,1.3,110,78,7.8,3.5,1015.2,1022.7,,,,,0,0,,,1779,,,3.4,,,,
146,2022-03-30 05:00,6.7,,1.5,140,77,7.5,2.9,1015,1022.5,,,,,0,0,,,1984,,,3.3,,,,
146,2022-03-30 06:00,6.7,,1.3,140,77,7.5,2.9,1015.1,1022.6,,,,,5,0,Ci,,1777,,,3.2,,,,
146,2022-03-30 07:00,8,,1.4,110,70,7.5,2.8,1015.4,1022.8,0,.02,,,9,9,Sc,8,1500,,,6.6,,,,
146,2022-03-30 08:00,11.1,,1.3,140,60,7.9,3.6,1014.8,1022.1,0,.3,,,8,8,Sc,10,1500,,,10.9,,,,
146,2022-03-30 09:00,13,,.7,180,59,8.8,5.1,1014.4,1021.7,.1,.66,,,9,9,Sc,10,1500,,,13.5,,,,
146,2022-03-30 10:00,15.9,,1.1,180,58,10.4,7.6,1014.2,1021.4,0,.75,,,9,9,Sc,10,1500,,,16.9,,,,
146,2022-03-30 11:00,17.6,,.8,230,59,11.8,9.4,1014.1,1021.2,0,1.28,,,9,9,Sc,10,2000,,,19.6,,,,
146,2022-03-30 12:00,17.2,,1.8,290,59,11.6,9.1,1013.6,1020.7,0,1.11,,,9,9,Sc,10,1948,,,22,,,,
146,2022-03-30 13:00,19.8,,1.4,250,58,13.3,11.2,1012.4,1019.4,.2,1.76,,,7,7,Sc,10,2000,,,27,,,,
146,2022-03-30 14:00,19.6,,2.8,230,59,13.4,11.3,1011.4,1018.4,.3,1.52,,,8,8,Sc,10,2000,,,22.7,,,,
146,2022-03-30 15:00,18.1,0,2.8,290,66,13.7,11.6,1011.3,1018.4,.1,.68,,,10,7,ScAs,10,2000,,01,17.1,,,,
146,2022-03-30 16:00,15.9,,1.3,250,86,15.5,13.5,1011.3,1018.5,0,.29,,,10,8,ScAs,10,883,,01,17.1,,,,
146,2022-03-30 17:00,15.9,,1.4,230,89,16,14,1011.2,1018.4,0,.19,,,10,9,ScAs,10,484,,01,16,,,,
146,2022-03-30 18:00,15.3,1.3,1,20,92,16,14,1010.6,1017.8,0,.26,,,10,8,ScAs,10,512,,1901,16.1,,,,
146,2022-03-30 19:00,15.4,,2.3,270,90,15.7,13.7,1011.6,1018.8,0,.01,,,10,9,ScAs,8,990,,1901,14.7,,,,
146,2022-03-30 20:00,13.5,,1.6,270,91,14,12,1011.7,1018.9,,,,,10,8,ScAs,10,990,,1901,13.7,,,,
146,2022-03-30 21:00,13,0,.6,230,94,14,12,1012.4,1019.7,,,,,10,8,ScAs,10,177,,1901,13.3,,,,
146,2022-03-30 22:00,11.3,,3.8,270,95,12.7,10.5,1013.6,1020.9,,,,,10,8,ScAs,10,144,,1901,12.4,,,,
146,2022-03-30 23:00,11.5,,.6,200,96,12.9,10.8,1013.5,1020.8,,,,,10,8,ScAs,10,217,,1901,12.2,,,,
146,2022-03-31 00:00,11.8,.2,2.2,230,95,13.1,11,1013.8,1021.1,,,,,9,9,Sc,7,525,,1901,12.1,,,,
146,2022-03-31 01:00,10.9,,2,270,93,12.1,9.8,1014.7,1022.1,,,,,9,9,,1,445,,19,11.6,,,,
146,2022-03-31 02:00,9.8,,1.5,250,93,11.2,8.7,1014.3,1021.7,,,,,8,8,,2,330,,19,10.9,,,,
146,2022-03-31 03:00,8.5,,1.8,230,96,10.6,7.8,1014,1021.4,,,,,10,10,,5,52,,1916,10.2,,,,
146,2022-03-31 04:00,7.9,,1.4,270,98,10.4,7.5,1014.3,1021.7,,,,,10,10,,2,18,,16,9.6,,,,
146,2022-03-31 05:00,7.3,,1.4,230,99,10.1,7.1,1014.8,1022.3,,,,,10,10,,2,26,,16,9.1,,,,
146,2022-03-31 06:00,7.4,.1,1.4,230,98,10,7,1015.1,1022.5,,,,,9,9,St,8,225,,191601,9,,,,
146,2022-03-31 07:00,7.5,,1.1,230,98,10.1,7.1,1016,1023.5,0,.02,,,10,10,St,5,143,,19,9.3,,,,
146,2022-03-31 08:00,8.1,,.6,200,96,10.3,7.4,1016.9,1024.3,0,.11,,,10,10,St,6,228,,19,10.5,,,,
146,2022-03-31 09:00,8.4,,1.1,250,95,10.4,7.6,1017.3,1024.7,0,.17,,,10,10,St,6,249,,19,10.9,,,,
146,2022-03-31 10:00,9.5,,1.5,250,91,10.7,8,1017.5,1024.9,0,.45,,,9,9,ScAs,10,382,,19,14.8,,,,
146,2022-03-31 11:00,11.8,,1.2,340,80,11,8.4,1017.1,1024.4,0,1.33,,,9,7,ScAs,10,627,,19,18.9,,,,
146,2022-03-31 12:00,12.4,,2,340,70,10,7,1016.5,1023.8,0,1.54,,,10,5,ScAs,10,877,,19,21.1,,,,
146,2022-03-31 13:00,13.2,,1.8,290,62,9.3,6,1016,1023.3,0,1.21,,,10,3,ScAs,10,970,,4019,20,,,,
146,2022-03-31 14:00,12.9,,2.5,250,72,10.6,7.9,1015.9,1023.2,0,.92,,,10,4,ScAs,10,884,,40,16.6,,,,
146,2022-03-31 15:00,12,,3.4,270,74,10.4,7.5,1015.9,1023.2,0,.81,,,10,3,ScAs,10,990,,40,15.5,,,,
146,2022-03-31 16:00,11.6,,2.9,270,71,9.7,6.5,1016,1023.3,0,.75,,,10,5,ScAs,10,1520,,40,14.3,,,,
146,2022-03-31 17:00,10.9,,2.2,270,72,9.3,6,1016.4,1023.8,0,.59,,,10,3,ScAs,10,1560,,,13.5,,,,
146,2022-03-31 18:00,10,,3,230,77,9.4,6.1,1016.6,1024,0,.4,,,10,7,ScAs,10,1386,,,11.6,,,,
146,2022-03-31 19:00,9.3,,2.7,230,79,9.2,5.8,1016.9,1024.3,0,.03,,,10,9,,10,1307,,,9.6,,,,
146,2022-03-31 20:00,8.5,,2.6,230,81,9,5.4,1017.5,1024.9,,,,,9,6,,66,1210,,,8,,,,
146,2022-03-31 21:00,7.9,,1.8,250,83,8.8,5.1,1018.7,1026.2,,,,,7,5,ScCi,15,1107,,,7.6,,,,
146,2022-03-31 22:00,7.5,,1.7,230,85,8.8,5.1,1019,1026.5,,,,,6,2,,16,1030,,,7.3,,,,
146,2022-03-31 23:00,7.1,,.5,250,87,8.7,5,1019.3,1026.8,,,,,7,5,,20,1036,,,5.9,,,,
146,2022-04-01 00:00,7.1,,0,0,85,8.5,4.7,1019.4,1026.9,,,,,9,7,,,1066,,,6.2,,,,
146,2022-04-01 01:00,7,,1.1,200,85,8.5,4.6,1019.6,1027.1,,,,,9,9,,10,967,,19,5.9,,,,
146,2022-04-01 02:00,5.9,,1.2,360,89,8.2,4.2,1019.9,1027.4,,,,,9,3,,3,412,,19,5.2,,,,
146,2022-04-01 03:00,5.7,,1,50,92,8.4,4.4,1020.1,1027.6,,,,,8,0,Ci,,469,,19,5.4,,,,
146,2022-04-01 04:00,5.4,,.7,70,93,8.3,4.3,1020.1,1027.7,,,,,5,3,ScCi,10,548,,19,4.3,,,,
146,2022-04-01 05:00,5.2,,1.1,50,93,8.2,4.1,1020.2,1027.8,,,,,2,0,Ci,,454,,19,3.1,,,,
146,2022-04-01 06:00,4.8,,.6,70,94,8.1,3.9,1020.8,1028.4,,,,,0,0,,,440,,19,2.5,,,,
146,2022-04-01 07:00,5.5,,.7,140,93,8.4,4.4,1021.4,1029,.1,.07,,,0,0,,,350,,19,3.5,,,,
146,2022-04-01 08:00,6.6,,.7,360,86,8.4,4.4,1022,1029.5,.8,.58,,,4,0,Ci,,457,,19,9.2,,,,
146,2022-04-01 09:00,8.6,,.9,20,72,8,3.8,1022.6,1030.1,1,1.34,,,1,0,Ci,,1259,,19,16.6,,,,
146,2022-04-01 10:00,11.3,,1.2,340,60,8,3.8,1022.5,1029.9,1,2.08,,,1,0,Ci,,2000,,,16.7,,,,
146,2022-04-01 11:00,12,,1.4,320,51,7.1,2.1,1022.6,1030,1,2.72,,,3,1,ScCi,10,2000,,,25.6,,,,
146,2022-04-01 12:00,13.8,,2.1,320,39,6.1,0,1021.7,1029,1,3.09,,,7,2,ScCs,10,2000,,,28.5,,,,
146,2022-04-01 13:00,14.1,,2.8,340,36,5.8,-.7,1021.1,1028.4,1,3.05,,,8,4,ScCsCi,10,2000,,,27,,,,
146,2022-04-01 14:00,14.8,,3.2,290,37,6.2,.2,1020.3,1027.6,1,2.68,,,8,4,ScCs,10,2000,,,26,,,,
146,2022-04-01 15:00,15.2,,2.4,320,27,4.6,-3.7,1020,1027.3,.9,2.17,,,8,3,ScCs,10,2000,,,23.6,,,,
146,2022-04-01 16:00,15.1,,3.2,290,26,4.5,-4.2,1019.6,1026.9,1,1.86,,,8,2,ScCs,10,2000,,,21.1,,,,
146,2022-04-01 17:00,13.5,,4.6,270,44,6.8,1.4,1019.3,1026.6,1,1.26,,,7,1,ScCsCi,10,2000,,,16.6,,,,
146,2022-04-01 18:00,12,,4.6,270,42,5.9,-.5,1019.8,1027.2,1,.74,,,3,1,ScCi,10,2000,,,11.2,,,,
146,2022-04-01 19:00,10.3,,2.1,270,53,6.6,1.1,1020.2,1027.6,.6,.15,,,1,0,,,2000,,,7.9,,,,
146,2022-04-01 20:00,9.2,,1.4,230,54,6.2,.3,1020.9,1028.3,,,,,0,0,,,2000,,,6.4,,,,
146,2022-04-01 21:00,8.5,,1.5,230,59,6.5,.9,1021.1,1028.6,,,,,0,0,,,2000,,,5.6,,,,
146,2022-04-01 22:00,7.9,,2.3,230,65,6.9,1.7,1021.7,1029.2,,,,,0,0,,,2000,,,5.1,,,,
146,2022-04-01 23:00,7.1,,.7,200,65,6.5,.9,1021.9,1029.4,,,,,0,0,,,1993,,,4.2,,,,
146,2022-04-02 00:00,6.4,,1.4,180,72,6.9,1.7,1021.7,1029.2,,,,,0,0,,,1671,,,3.8,,,,
146,2022-04-02 01:00,6.1,,.8,160,74,7,1.8,1022,1029.5,,,,,0,0,,,1570,,,3.3,,,,
146,2022-04-02 02:00,5.2,,.4,0,74,6.5,.9,1021.9,1029.5,,,,,0,0,,,1811,,,2.4,,,,
146,2022-04-02 03:00,4.7,,1.1,110,76,6.5,.8,1021.9,1029.5,,,,,0,0,,,1718,,,2,,,,
146,2022-04-02 04:00,4.3,,.9,140,78,6.4,.7,1021.6,1029.2,,,,,0,0,,,1495,,,1.4,,,,
146,2022-04-02 05:00,3.5,,1.2,140,82,6.4,.7,1021.4,1029,,,,,0,0,,,1282,,,1.2,,,,
146,2022-04-02 06:00,2.9,,1.6,110,84,6.3,.4,1021.4,1029,,,,,0,0,,,1094,,,.8,,,,
146,2022-04-02 07:00,3.5,,.3,0,79,6.2,.1,1021.9,1029.5,.1,.07,,,0,0,,,1309,,,1.5,,,,
146,2022-04-02 08:00,5.6,,1.1,140,72,6.5,.9,1022,1029.6,1,.66,,,0,0,,,1844,,,8.3,,,,
146,2022-04-02 09:00,7,,1.4,230,66,6.6,1,1022.2,1029.7,1,1.44,,,0,0,,,2000,,,15.7,,,,
146,2022-04-02 10:00,8.1,,1.2,290,55,5.9,-.4,1022.2,1029.7,1,2.14,,,0,0,,,2000,,,15.3,,,,
146,2022-04-02 11:00,10.5,,1.2,200,38,4.8,-3.2,1022,1029.4,1,2.73,,,0,0,,,2000,,,23.9,,,,
146,2022-04-02 12:00,11.7,,2.6,270,30,4.1,-5.3,1021.2,1028.6,1,3.12,,,0,0,,,2000,,,26.2,,,,
146,2022-04-02 13:00,12.4,,3.2,270,31,4.5,-4.2,1020.3,1027.6,1,3.26,,,0,0,,,2000,,,27.4,,,,
146,2022-04-02 14:00,12.6,,3.7,250,30,4.4,-4.5,1019.6,1026.9,1,3.14,,,0,0,,,2000,,,28.1,,,,
146,2022-04-02 15:00,12.1,,4.4,250,29,4.1,-5.4,1019,1026.3,1,2.8,,,0,0,,,2000,,,26.4,,,,
146,2022-04-02 16:00,12,,4.4,290,34,4.8,-3.4,1019,1026.3,1,2.24,,,0,0,,,2000,,,24,,,,
146,2022-04-02 17:00,10.4,,3.8,270,39,4.9,-2.9,1019.2,1026.6,1,1.52,,,1,0,Ci,,2000,,,18,,,,
146,2022-04-02 18:00,9,,2.7,270,43,4.9,-2.9,1019.5,1026.9,1,.77,,,2,0,Ci,,2000,,,11.2,,,,
146,2022-04-02 19:00,7.7,,1.9,270,49,5.2,-2.3,1019.5,1027,.3,.14,,,2,1,,,2000,,,6.5,,,,
146,2022-04-02 20:00,6.7,,2.3,250,58,5.7,-.9,1020,1027.5,,,,,0,0,,,2000,,,4.9,,,,
146,2022-04-02 21:00,6,,2.5,230,68,6.3,.5,1020.8,1028.3,,,,,0,0,,,1933,,,4.3,,,,
146,2022-04-02 22:00,5.6,,1.3,200,73,6.6,1.1,1021.2,1028.8,,,,,0,0,,,1927,,,3.6,,,,
146,2022-04-02 23:00,5.6,,.4,0,72,6.5,.9,1021.2,1028.8,,,,,0,0,,,1891,,,2.9,,,,
146,2022-04-03 00:00,5.2,,0,0,73,6.4,.7,1021.3,1028.9,,,,,0,0,,,1884,,,2.2,,,,
146,2022-04-03 01:00,4.6,,.6,110,74,6.2,.3,1021.2,1028.8,,,,,0,0,,,1680,,,1.8,,,,
146,2022-04-03 02:00,3.4,,1.2,110,77,6,-.2,1020.9,1028.5,,,,,0,0,,,1732,,,1.5,,,,
146,2022-04-03 03:00,2.8,,1.5,140,79,5.9,-.4,1020.7,1028.3,,,,,0,0,,,1649,,,1.2,,,,
146,2022-04-03 04:00,2.6,,1,110,80,5.9,-.5,1020.6,1028.2,,,,,0,0,,,1386,,,.6,,,,
146,2022-04-03 05:00,2.2,,.7,110,82,5.9,-.5,1020.7,1028.3,,,,,0,0,,,1344,,,.5,,,,
146,2022-04-03 06:00,2,,1.2,110,83,5.9,-.5,1020.9,1028.6,,,,,0,0,,,1285,,,.4,,,,
146,2022-04-03 07:00,2.4,,1.1,110,81,5.9,-.5,1021.5,1029.1,.1,.07,,,0,0,,,1365,,,1.2,,,,
146,2022-04-03 08:00,4.7,,.4,0,73,6.2,.2,1021.7,1029.3,1,.63,,,0,0,,,1705,,,7.8,,,,
146,2022-04-03 09:00,7.1,,.1,0,60,6.1,-.1,1021.9,1029.4,1,1.36,,,0,0,,,1774,,,15.3,,,,
146,2022-04-03 10:00,8.4,,1.1,340,52,5.7,-.9,1021.9,1029.4,1,2.07,,,0,0,,,1955,,,15.6,,,,
146,2022-04-03 11:00,11,,1.7,340,42,5.5,-1.4,1021.8,1029.2,1,2.67,,,0,0,,,2000,,,25.1,,,,
146,2022-04-03 12:00,13.4,,1.9,290,42,6.4,.7,1021.3,1028.6,1,3.01,,,0,0,,,2000,,,28.7,,,,
146,2022-04-03 13:00,14.3,,1.8,270,34,5.6,-1.3,1020.6,1027.9,1,3.17,,,0,0,,,2000,,,31.2,,,,
146,2022-04-03 14:00,14.9,,3,270,26,4.4,-4.4,1020,1027.3,1,3.11,,,0,0,,,2000,,,32.3,,,,
146,2022-04-03 15:00,15.8,,3.2,340,20,3.6,-7.1,1019.2,1026.4,1,2.79,,,0,0,,,2000,,,32.8,,,,
146,2022-04-03 16:00,14.9,,4,250,35,5.9,-.4,1018.9,1026.2,1,2.24,,,0,0,,,2000,,,27.3,,,,
146,2022-04-03 17:00,14,,3.5,270,35,5.6,-1.2,1019,1026.3,1,1.53,,,0,0,,,2000,,,21.3,,,,
146,2022-04-03 18:00,12.7,,2.6,270,39,5.7,-.9,1019.4,1026.7,1,.78,,,0,0,,,2000,,,14,,,,
146,2022-04-03 19:00,11,,1.8,230,44,5.8,-.8,1019.7,1027.1,.5,.15,,,2,0,,,1984,,,9.4,,,,
146,2022-04-03 20:00,9.3,,2.2,230,51,6,-.3,1020.3,1027.7,,,,,0,0,,,1923,,,7.5,,,,
146,2022-04-03 21:00,8.4,,2.4,230,60,6.6,1,1021.1,1028.6,,,,,0,0,,,1766,,,6.3,,,,
146,2022-04-03 22:00,7.8,,1.9,230,64,6.8,1.4,1021.6,1029.1,,,,,0,0,,,1497,,,5.4,,,,
146,2022-04-03 23:00,7.5,,.6,230,66,6.8,1.5,1021.7,1029.2,,,,,0,0,,,1336,,,4.6,,,,
146,2022-04-04 00:00,6.6,,.8,70,66,6.4,.6,1021.9,1029.4,,,,,0,0,,,1299,,,3.7,,,,
146,2022-04-04 01:00,6.1,,0,0,66,6.2,.2,1022,1029.5,,,,,0,0,,,1397,,,3,,,,
146,2022-04-04 02:00,5.2,,.9,140,68,6,-.2,1021.7,1029.3,,,,,0,0,,,1264,,,2.7,,,,
146,2022-04-04 03:00,5,,1.1,110,70,6.1,0,1021.6,1029.2,,,,,0,0,,,1169,,,2.3,,,,
146,2022-04-04 04:00,4.7,,.7,110,73,6.2,.2,1021.6,1029.2,,,,,0,0,,,1139,,,1.8,,,,
146,2022-04-04 05:00,4,,1.2,110,76,6.2,.1,1022.1,1029.7,,,,,0,0,,,984,,19,1.6,,,,
146,2022-04-04 06:00,3.2,,1.5,140,80,6.1,0,1022.2,1029.8,,,,,0,0,,,843,,19,1.2,,,,
146,2022-04-04 07:00,3.8,,.8,110,76,6.1,0,1022.6,1030.2,.2,.08,,,0,0,,,450,,19,2.1,,,,
146,2022-04-04 08:00,6.4,,.6,110,69,6.6,1.1,1022.4,1029.9,1,.64,,,0,0,,,950,,19,9,,,,
146,2022-04-04 09:00,9,,.7,250,58,6.6,1.1,1022.4,1029.8,1,1.42,,,0,0,,,1037,,19,16.5,,,,
146,2022-04-04 10:00,11.7,,1.1,340,44,6.1,-.1,1022.5,1029.9,1,2.13,,,0,0,,,1354,,,17.5,,,,
146,2022-04-04 11:00,13.3,,1.8,340,40,6.1,0,1022.2,1029.5,1,2.72,,,0,0,,,1551,,,27.6,,,,
146,2022-04-04 12:00,15.7,,1.7,320,29,5.2,-2.3,1021.5,1028.8,1,3.13,,,0,0,,,1994,,,33.1,,,,
146,2022-04-04 13:00,15.8,,3,270,23,4.1,-5.3,1021,1028.3,1,3.26,,,0,0,,,2000,,,34,,,,
146,2022-04-04 14:00,16.5,,3.5,270,24,4.5,-4.1,1020.6,1027.8,1,3.18,,,0,0,,,2000,,,34.8,,,,
146,2022-04-04 15:00,17.2,,3.3,270,25,4.9,-3,1020,1027.2,1,2.87,,,0,0,,,2000,,,33.3,,,,
146,2022-04-04 16:00,16.5,,3.5,270,28,5.3,-2,1019.2,1026.4,1,2.27,,,0,0,,,2000,,,29.6,,,,
146,2022-04-04 17:00,15.6,,3,270,22,3.9,-6,1019,1026.3,1,1.58,,,0,0,,,2000,,,20.6,,,,
146,2022-04-04 18:00,14,,3.1,270,28,4.5,-4.2,1019,1026.3,1,.89,,,0,0,,,2000,,,14,,,,
146,2022-04-04 19:00,11.6,,1.9,270,33,4.5,-4.1,1019.1,1026.5,.6,.17,,,6,0,,,2000,,,9.8,,,,
146,2022-04-04 20:00,10.3,,1.5,230,40,5,-2.7,1019.4,1026.8,,,,,,0,,,1798,,,7.9,,,,
146,2022-04-04 21:00,9.5,,1.7,230,46,5.5,-1.5,1019.4,1026.8,,,,,0,0,,,1620,,,6.8,,,,
146,2022-04-04 22:00,8.4,,1.4,230,51,5.6,-1.1,1019.3,1026.7,,,,,0,0,,,1631,,,5.9,,,,
146,2022-04-04 23:00,8.4,,.6,200,48,5.3,-1.9,1019.6,1027,,,,,0,0,,,1615,,,5,,,,
146,2022-04-05 00:00,6.7,,.6,110,55,5.4,-1.7,1019.4,1026.9,,,,,0,0,,,1417,,,4.1,,,,
146,2022-04-05 01:00,5.7,,1.5,110,59,5.4,-1.7,1019.4,1026.9,,,,,0,0,,,1469,,,3.6,,,,
146,2022-04-05 02:00,4.9,,1.5,140,59,5.1,-2.4,1018.7,1026.3,,,,,7,0,,,1542,,,3.2,,,,
146,2022-04-05 03:00,4.5,,1.4,110,61,5.2,-2.3,1018,1025.5,,,,,0,0,,,1433,,,2.7,,,,
146,2022-04-05 04:00,3.6,,.7,140,63,5,-2.7,1017.5,1025.1,,,,,0,0,,,1412,,,2,,,,
146,2022-04-05 05:00,3.4,,.8,140,67,5.2,-2.1,1017.6,1025.2,,,,,0,0,,,1162,,,1.7,,,,
146,2022-04-05 06:00,3,,1.6,140,66,5,-2.7,1017.5,1025.1,,,,,2,0,Ci,,1220,,,2.2,,,,
146,2022-04-05 07:00,3.6,,1,110,64,5.1,-2.5,1017.7,1025.3,0,.09,,,4,0,Ci,,1288,,,3.2,,,,
146,2022-04-05 08:00,6.1,,.8,110,54,5.1,-2.5,1017.9,1025.4,.6,.58,,,1,0,Ci,,1738,,,7,,,,
146,2022-04-05 09:00,8.7,,.5,90,42,4.7,-3.5,1017.5,1024.9,1,1.27,,,4,0,Ci,,1932,,,12.3,,,,
146,2022-04-05 10:00,11.3,,.9,230,31,4.2,-5.2,1017.2,1024.6,1,2.02,,,3,0,Ci,,1898,,,17.4,,,,
146,2022-04-05 11:00,15,,.6,200,25,4.2,-4.9,1016.5,1023.8,1,2.54,,,8,0,Ci,,2000,,,23.9,,,,
146,2022-04-05 12:00,15.9,,1.8,290,22,4,-5.8,1015.7,1022.9,1,2.58,,,10,0,Cs,,2000,,,26,,,,
146,2022-04-05 13:00,16.6,,2.3,270,23,4.3,-4.6,1015.3,1022.5,1,2.71,,,10,0,Cs,,2000,,,28.6,,,,
146,2022-04-05 14:00,17,,2.8,290,21,4.1,-5.5,1014.6,1021.8,1,2.75,,,8,0,Ci,,2000,,,29.9,,,,
146,2022-04-05 15:00,16.8,,2.4,270,26,5,-2.8,1013.6,1020.8,1,2.2,,,8,0,Ci,,2000,,,27.3,,,,
146,2022-04-05 16:00,16.4,,3,270,25,4.6,-3.7,1013.3,1020.5,.9,1.69,,,7,0,Ci,,2000,,,23.5,,,,
146,2022-04-05 17:00,15.2,,2.9,270,24,4.2,-5.2,1013.4,1020.6,.8,1.16,,,8,0,Ci,,2000,,,18.9,,,,
146,2022-04-05 18:00,13.8,,3.1,250,25,3.9,-5.9,1013.7,1020.9,.5,.65,,,8,0,Ci,,2000,,,14.5,,,,
146,2022-04-05 19:00,12.3,,1.6,250,27,3.8,-6.2,1013.9,1021.2,0,.11,,,7,4,,74,2000,,,11.4,,,,
146,2022-04-05 20:00,11.5,,1.2,270,27,3.7,-6.8,1014.2,1021.5,,,,,9,9,,69,2000,,,10.1,,,,
146,2022-04-05 21:00,11.1,,.6,270,24,3.2,-8.7,1014.6,1021.9,,,,,9,0,Ci,,2000,,,8.5,,,,
146,2022-04-05 22:00,9.8,,1.6,50,37,4.5,-4.2,1014.8,1022.2,,,,,7,7,,74,2000,,,7.4,,,,
146,2022-04-05 23:00,9,,1.1,20,40,4.6,-3.9,1015,1022.4,,,,,6,1,,,2000,,,6.3,,,,
146,2022-04-06 00:00,8.7,,1.2,50,40,4.5,-4.1,1015.5,1022.9,,,,,7,0,,,2000,,,6.2,,,,
146,2022-04-06 01:00,8.6,,.6,360,43,4.8,-3.2,1015.8,1023.2,,,,,6,3,,,1840,,,5.1,,,,
146,2022-04-06 02:00,6.9,,1.4,140,47,4.7,-3.6,1015.3,1022.8,,,,,0,0,,,2000,,,4.6,,,,
146,2022-04-06 03:00,6.3,,1,140,51,4.9,-3.1,1015.3,1022.8,,,,,3,0,Ci,,2000,,,4.2,,,,
146,2022-04-06 04:00,6.1,,1.1,110,49,4.6,-3.8,1015.5,1023,,,,,6,1,ScCi,10,2000,,,4.1,,,,
146,2022-04-06 05:00,5.4,,1.4,110,54,4.9,-3.1,1015.5,1023,,,,,0,0,,,2000,,,3.8,,,,
146,2022-04-06 06:00,4.8,,1,110,57,4.9,-3,1015.6,1023.1,,,,,3,0,Ci,,2000,,,3.7,,,,
146,2022-04-06 07:00,5.5,,1.5,110,55,5,-2.8,1015.5,1023,0,.08,,,4,0,Ci,,2000,,,4.6,,,,
146,2022-04-06 08:00,8.1,,.9,140,50,5.4,-1.7,1015.7,1023.1,.7,.56,,,0,0,,,2000,,,8.4,,,,
146,2022-04-06 09:00,10.2,,.8,340,60,7.4,2.7,1015.5,1022.9,1,1.29,,,0,0,,,1549,,,14.7,,,,
146,2022-04-06 10:00,11.7,,1.4,340,64,8.8,5.1,1015.8,1023.1,1,2,,,0,0,,,1155,,,19.5,,,,
146,2022-04-06 11:00,13.6,,.9,360,47,7.3,2.4,1015.8,1023.1,1,2.57,,,0,0,,,1772,,,26.3,,,,
146,2022-04-06 12:00,14.9,,1.9,290,44,7.4,2.7,1015.5,1022.8,1,2.87,,,0,0,,,1653,,,29.6,,,,
146,2022-04-06 13:00,16.2,,1.6,290,43,7.8,3.5,1014.6,1021.8,1,3.04,,,0,0,,,1434,,,32.7,,,,
146,2022-04-06 14:00,18,,1.2,320,39,8,3.8,1013.9,1021,1,2.99,,,0,0,,,1645,,,34,,,,
146,2022-04-06 15:00,18.8,,2.4,290,36,7.7,3.3,1012.8,1019.9,1,2.66,,,0,0,,,1857,,,32.3,,,,
146,2022-04-06 16:00,19.5,,1.9,270,39,8.8,5.1,1012,1019,1,2.14,,,0,0,,,1926,,,29.9,,,,
146,2022-04-06 17:00,16.7,,2.6,270,54,10.2,7.3,1011.7,1018.9,1,1.44,,,0,0,,,1051,,,23.3,,,,
146,2022-04-06 18:00,14.7,,2.2,270,61,10.2,7.2,1011.7,1018.9,1,.69,,,0,0,,,961,,40,17,,,,
146,2022-04-06 19:00,12.5,,2.2,230,70,10.1,7.1,1012.2,1019.5,.2,.13,,,0,0,,,703,,40,13.1,,,,
146,2022-04-06 20:00,10.9,,1.5,230,74,9.6,6.4,1012.7,1020,,,,,2,0,,,619,,40,11.1,,,,
146,2022-04-06 21:00,10.3,,1.4,230,67,8.4,4.4,1013.3,1020.7,,,,,0,0,,,886,,40,9.7,,,,
146,2022-04-06 22:00,9.6,,1.6,270,60,7.2,2.2,1013.2,1020.6,,,,,2,0,,,1095,,40,8.6,,,,
146,2022-04-06 23:00,9,,1.5,290,74,8.5,4.6,1012.7,1020.1,,,,,2,0,,,863,,40,7.9,,,,
146,2022-04-07 00:00,7.8,,.8,320,78,8.2,4.1,1013,1020.4,,,,,5,0,,,667,,4019,7.5,,,,
146,2022-04-07 01:00,7.6,,.6,360,76,7.9,3.6,1012.8,1020.2,,,,,0,0,,,659,,19,6.7,,,,
146,2022-04-07 02:00,8,,1.1,160,74,7.9,3.6,1011.9,1019.3,,,,,6,6,,43,850,,19,7,,,,
146,2022-04-07 03:00,7.9,,.7,340,74,7.8,3.5,1011.8,1019.2,,,,,9,9,Sc,10,942,,19,8.3,,,,
146,2022-04-07 04:00,7.5,,1.1,90,77,8,3.7,1011.2,1018.6,,,,,10,9,ScAs,10,950,,19,8.4,,,,
146,2022-04-07 05:00,6.7,1.7,2.7,140,92,9,5.4,1010.3,1017.7,,,,,10,9,StNs,8,187,,1901,8.2,,,,
146,2022-04-07 06:00,6.7,.9,.9,340,92,9,5.4,1011.3,1018.7,,,,,10,8,ScAs,10,334,,1901,8,,,,
146,2022-04-07 07:00,7.3,,.9,140,93,9.5,6.2,1011.3,1018.7,0,.01,,,10,9,ScAs,10,309,,19,8.8,,,,
146,2022-04-07 08:00,7.8,0,.9,290,91,9.6,6.4,1012,1019.4,0,.12,,,10,8,StNs,8,307,,1901,9.6,,,,
146,2022-04-07 09:00,8.8,.2,1.1,230,88,9.9,6.9,1012.1,1019.5,0,.37,,,10,8,ScAs,10,390,,1901,11.9,,,,
146,2022-04-07 10:00,10.1,,1.4,290,78,9.6,6.4,1012.6,1020,.1,.97,,,9,9,Sc,10,845,,19,16.9,,,,
146,2022-04-07 11:00,11.5,,1.4,270,61,8.2,4.2,1012.2,1019.5,.9,2.4,,,0,0,,,1590,,19,22.3,,,,
146,2022-04-07 12:00,13.6,,2,230,52,8.1,3.9,1011.6,1018.8,1,2.94,,,0,0,,,1886,,,24.5,,,,
146,2022-04-07 13:00,14.8,,2.5,270,47,7.8,3.5,1010.9,1018.1,1,3.13,,,0,0,,,2000,,,25.5,,,,
146,2022-04-07 14:00,16.1,,2.8,290,40,7.3,2.4,1010.5,1017.7,1,3.07,,,0,0,,,2000,,,26,,,,
146,2022-04-07 15:00,16.4,,2.7,270,36,6.7,1.2,1010.1,1017.3,1,2.77,,,0,0,,,2000,,,24.6,,,,
146,2022-04-07 16:00,16,,3,270,31,5.6,-1.1,1010,1017.2,1,2.25,,,0,0,,,2000,,,22.1,,,,
146,2022-04-07 17:00,14.8,,3.5,270,34,5.7,-.9,1010.3,1017.5,1,1.56,,,0,0,,,2000,,,18,,,,
146,2022-04-07 18:00,13.1,,3.2,270,34,5.1,-2.4,1011.1,1018.4,1,.78,,,0,0,,,2000,,,12.7,,,,
146,2022-04-07 19:00,11,,1.7,270,33,4.3,-4.6,1012.1,1019.4,.4,.16,,,0,0,,,2000,,,9.2,,,,
146,2022-04-07 20:00,10.1,,1.2,230,38,4.7,-3.6,1012.7,1020.1,,,,,0,0,,,2000,,,7.8,,,,
146,2022-04-07 21:00,9.5,,1.1,230,47,5.6,-1.2,1013.3,1020.7,,,,,0,0,,,2000,,,7.1,,,,
146,2022-04-07 22:00,9.1,,.9,230,48,5.6,-1.3,1013.7,1021.1,,,,,0,0,,,2000,,,6.5,,,,
146,2022-04-07 23:00,8.7,,.6,160,50,5.6,-1.1,1013.7,1021.1,,,,,0,0,,,2000,,,6,,,,
146,2022-04-08 00:00,7.7,,1.2,110,55,5.8,-.7,1014.2,1021.6,,,,,0,0,,,2000,,,5.6,,,,
146,2022-04-08 01:00,7,,1.2,110,57,5.7,-.9,1014.1,1021.6,,,,,1,0,,,2000,,,5.2,,,,
146,2022-04-08 02:00,6.1,,.9,140,60,5.7,-1,1013.9,1021.4,,,,,1,0,,,1868,,,4.6,,,,
146,2022-04-08 03:00,5.2,,1.4,140,62,5.5,-1.5,1013.8,1021.3,,,,,0,0,,,2000,,,4.2,,,,
146,2022-04-08 04:00,5.4,,.8,140,56,5,-2.6,1013.7,1021.2,,,,,0,0,,,1952,,,3.8,,,,
146,2022-04-08 05:00,4.5,,1.5,140,59,5,-2.8,1013.7,1021.2,,,,,0,0,,,2000,,,3.5,,,,
146,2022-04-08 06:00,5.1,,.4,0,54,4.8,-3.4,1014.1,1021.6,,,,,0,0,,,2000,,,3.2,,,,
146,2022-04-08 07:00,5.5,,1.2,140,56,5.1,-2.5,1014.6,1022.1,.3,.13,,,0,0,,,2000,,,4.1,,,,
146,2022-04-08 08:00,8.7,,.5,70,44,5,-2.8,1014.7,1022.1,1,.74,,,0,0,,,2000,,,9,,,,
146,2022-04-08 09:00,11,,.9,250,35,4.6,-3.9,1014.9,1022.3,1,1.5,,,0,0,,,2000,,,15.3,,,,
146,2022-04-08 10:00,14,,1.4,320,37,5.9,-.4,1014.8,1022,1,2.2,,,0,0,,,2000,,,19.1,,,,
146,2022-04-08 11:00,16.3,,2.1,340,35,6.4,.7,1014.6,1021.8,1,2.73,,,0,0,,,2000,,,24.9,,,,
146,2022-04-08 12:00,18.8,,1.3,290,29,6.2,.3,1013.8,1020.9,1,3.1,,,0,0,,,2000,,,28,,,,
146,2022-04-08 13:00,20,,1.7,270,24,5.6,-1.2,1012.9,1020,1,3.23,,,0,0,,,2000,,,30.9,,,,
146,2022-04-08 14:00,20.6,,2.3,270,24,5.8,-.7,1012.1,1019.2,1,3.14,,,0,0,,,2000,,,32.4,,,,
146,2022-04-08 15:00,21.8,,2,270,24,6.2,.3,1011,1018,1,2.79,,,0,0,,,2000,,,32.2,,,,
146,2022-04-08 16:00,21.3,,2.3,250,25,6.3,.4,1010.3,1017.3,1,2.26,,,0,0,,,2000,,,29.9,,,,
146,2022-04-08 17:00,21.7,,2.3,290,27,7,1.8,1009.9,1016.9,1,1.56,,,0,0,,,2000,,,25.2,,,,
146,2022-04-08 18:00,20.1,,2.3,270,28,6.6,1,1009.9,1017,1,.81,,,0,0,,,2000,,,18.7,,,,
146,2022-04-08 19:00,17.7,,2,270,30,6.1,-.1,1009.8,1016.9,.6,.18,,,0,0,,,2000,,,14.2,,,,
146,2022-04-08 20:00,16.8,,1.6,290,33,6.3,.4,1010.1,1017.2,,,,,0,0,,,2000,,,11.8,,,,
146,2022-04-08 21:00,16,,.6,90,37,6.7,1.2,1010.9,1018.1,,,,,0,0,,,1757,,,10.4,,,,
146,2022-04-08 22:00,14.5,,1.4,110,44,7.2,2.3,1010.8,1018,,,,,5,0,,,1992,,,9.6,,,,
146,2022-04-08 23:00,13.2,,1.7,140,51,7.7,3.2,1010.3,1017.5,,,,,0,0,,,2000,,,8.9,,,,
146,2022-04-09 00:00,12.5,,1.5,140,51,7.4,2.6,1009.9,1017.2,,,,,1,1,,,2000,,,8.5,,,,
146,2022-04-09 01:00,12.8,,1.9,140,47,6.9,1.7,1009.7,1017,,,,,0,0,,,2000,,,8.1,,,,
146,2022-04-09 02:00,13.1,,1.1,110,45,6.8,1.4,1009.3,1016.5,,,,,5,0,,,2000,,,7.9,,,,
146,2022-04-09 03:00,13.5,,1.4,110,43,6.6,1.1,1009.3,1016.5,,,,,4,4,Sc,10,2000,,,8.3,,,,
146,2022-04-09 04:00,12.9,,1.4,140,46,6.8,1.5,1009.3,1016.5,,,,,0,0,,,2000,,,7.8,,,,
146,2022-04-09 05:00,12.6,,1.7,140,48,7,1.8,1009.2,1016.5,,,,,0,0,,,2000,,,7.9,,,,
146,2022-04-09 06:00,12.5,,1.5,140,47,6.8,1.4,1009.4,1016.7,,,,,2,2,Sc,10,2000,,,7.7,,,,
146,2022-04-09 07:00,13.3,,1.6,140,45,6.8,1.5,1009.8,1017,0,.09,,,5,4,ScCi,10,2000,,,9.1,,,,
146,2022-04-09 08:00,16.4,,1.4,140,39,7.2,2.3,1009.7,1016.9,.7,.59,,,0,0,,,2000,,,12.9,,,,
146,2022-04-09 09:00,20,,1.1,160,30,7,1.8,1009.6,1016.7,1,1.3,,,0,0,,,2000,,,18.2,,,,
146,2022-04-09 10:00,21.7,,2.6,160,31,8,3.8,1009.2,1016.2,1,1.96,,,0,0,,,2000,,,22.1,,,,
146,2022-04-09 11:00,23,,1.8,160,30,8.4,4.4,1008.9,1015.8,1,2.53,,,0,0,,,2000,,,27.7,,,,
146,2022-04-09 12:00,24.5,,1.3,180,29,8.8,5.2,1008.2,1015.1,1,2.88,,,0,0,,,2000,,,32.3,,,,
146,2022-04-09 13:00,25,,3,270,33,10.4,7.5,1008,1014.9,1,3.01,,,0,0,,,2000,,,34.3,,,,
146,2022-04-09 14:00,25,,4.2,250,31,9.7,6.6,1007.4,1014.3,1,2.97,,,0,0,,,2000,,,35.1,,,,
146,2022-04-09 15:00,25.4,,4.7,250,31,10,7,1007,1013.9,1,2.65,,,0,0,,,2000,,,34,,,,
146,2022-04-09 16:00,25.6,,3.3,250,34,11.1,8.5,1006.5,1013.4,1,2.12,,,0,0,,,2000,,,32,,,,
146,2022-04-09 17:00,24.7,,4.1,270,34,10.5,7.7,1006.6,1013.5,1,1.46,,,0,0,,,2000,,,27,,,,
146,2022-04-09 18:00,23.1,,3.7,270,35,9.8,6.7,1006.8,1013.7,1,.74,,,0,0,,,2000,,,21.3,,,,
146,2022-04-09 19:00,21,,2,270,40,9.9,6.8,1007.4,1014.4,.3,.15,,,0,0,,,2000,,,17.1,,,,
146,2022-04-09 20:00,18.6,,1.1,360,49,10.4,7.6,1008.4,1015.5,,,,,0,0,,,2000,,,14.4,,,,
146,2022-04-09 21:00,18.3,,.6,90,49,10.2,7.3,1009.1,1016.2,,,,,0,0,,,2000,,,12.9,,,,
146,2022-04-09 22:00,17.8,,.6,200,47,9.5,6.3,1009.5,1016.6,,,,,7,0,,,2000,,,11.6,,,,
146,2022-04-09 23:00,16.9,,1.3,110,46,8.8,5.1,1009.5,1016.6,,,,,7,0,,,2000,,,10.8,,,,
146,2022-04-10 00:00,16.1,,1.1,140,37,6.7,1.3,1009.5,1016.7,,,,,0,0,,,2000,,,10.1,,,,
146,2022-04-10 01:00,15.7,,1.5,140,38,6.8,1.4,1009.5,1016.7,,,,,3,0,,,2000,,,9.5,,,,
146,2022-04-10 02:00,15,,1.8,110,41,7,1.8,1009.3,1016.5,,,,,4,0,,,2000,,,9.1,,,,
146,2022-04-10 03:00,14.3,,1.2,140,45,7.3,2.5,1008.9,1016.1,,,,,0,0,,,2000,,,8.6,,,,
146,2022-04-10 04:00,14.3,,1.4,250,44,7.1,2.1,1009.3,1016.5,,,,,0,0,,,2000,,,8.3,,,,
146,2022-04-10 05:00,13.5,,1.1,140,45,6.9,1.7,1009.7,1016.9,,,,,0,0,,,2000,,,8,,,,
146,2022-04-10 06:00,12.4,,.8,160,53,7.6,3,1010.1,1017.4,,,,,0,0,,,2000,,,7.5,,,,
146,2022-04-10 07:00,13.2,,1,140,51,7.7,3.2,1010.9,1018.1,.2,.12,,,0,0,,,2000,,,8.7,,,,
146,2022-04-10 08:00,16.6,,1.9,110,46,8.7,4.9,1010.8,1018,1,.73,,,0,0,,,2000,,,13.6,,,,
146,2022-04-10 09:00,19.1,,1.4,140,40,8.8,5.1,1011.1,1018.2,1,1.5,,,0,0,,,2000,,,19.6,,,,
146,2022-04-10 10:00,20.7,,1.5,160,29,7.1,2,1011,1018.1,1,2.21,,,1,0,Ci,,2000,,,23.7,,,,
146,2022-04-10 11:00,21.2,,1.3,290,30,7.5,2.9,1010.8,1017.8,1,2.66,,,9,0,Ci,,2000,,,28.9,,,,
146,2022-04-10 12:00,23.3,,1.7,290,28,8,3.7,1010,1016.9,1,2.97,,,9,0,Ci,,2000,,,34.7,,,,
146,2022-04-10 13:00,22.5,,2.8,320,30,8.1,4,1009.1,1016.1,1,3.01,,,9,0,Ci,,2000,,,35.3,,,,
146,2022-04-10 14:00,24.3,,1.5,290,28,8.5,4.6,1008.5,1015.4,1,2.76,,,9,0,Ci,,2000,,,35.1,,,,
146,2022-04-10 15:00,24.4,,2.2,290,29,8.8,5.1,1007.8,1014.7,.8,2.17,,,9,0,Ci,,2000,,,31.1,,,,
146,2022-04-10 16:00,23.8,,3,270,35,10.3,7.4,1007.5,1014.4,.5,1.52,,,9,0,Ci,,2000,,,28.1,,,,
146,2022-04-10 17:00,21.7,,3.4,270,46,11.9,9.5,1008.1,1015.1,.8,1.26,,,9,0,Ci,,2000,,,26.4,,,,
146,2022-04-10 18:00,20.4,,3,270,47,11.2,8.6,1008.5,1015.5,1,.81,,,6,0,Ci,,2000,,,20.8,,,,
146,2022-04-10 19:00,19.1,,2,290,48,10.6,7.8,1009.1,1016.1,.2,.16,,,8,0,,60,2000,,,17.1,,,,
146,2022-04-10 20:00,18.1,,1.3,320,58,11.9,9.6,1009.6,1016.7,0,0,,,10,9,,66,2000,,,15.9,,,,
146,2022-04-10 21:00,18.4,,.8,360,58,12.2,9.9,1009.8,1016.9,,,,,9,0,Ci,,2000,,,15.2,,,,
146,2022-04-10 22:00,17.6,,1.3,140,56,11.2,8.7,1009.8,1016.9,,,,,10,9,,62,2000,,,14.4,,,,
146,2022-04-10 23:00,17.4,,.4,0,57,11.2,8.7,1009.5,1016.6,,,,,10,9,,61,2000,,,13.6,,,,
146,2022-04-11 00:00,16.8,,1.3,110,58,11,8.4,1009.4,1016.5,,,,,9,0,,,2000,,,12.8,,,,
146,2022-04-11 01:00,16,,1.9,110,62,11.2,8.7,1009.3,1016.5,,,,,7,7,,56,2000,,,12.4,,,,
146,2022-04-11 02:00,15.5,,1.9,140,66,11.6,9.1,1008.8,1016,,,,,7,7,,63,2000,,,12.2,,,,
146,2022-04-11 03:00,15.3,,1.6,140,70,12.1,9.8,1008.5,1015.7,,,,,7,0,Ci,,2000,,,11.7,,,,
146,2022-04-11 04:00,15.8,,2,140,72,12.9,10.7,1008.5,1015.7,,,,,3,0,Ci,,2000,,,11.1,,,,
146,2022-04-11 05:00,15.7,,1.3,90,75,13.3,11.2,1008.4,1015.6,,,,,4,4,Sc,10,1939,,,10.8,,,,
146,2022-04-11 06:00,15.8,,1.7,110,77,13.7,11.7,1008.3,1015.5,,,,,8,8,Sc,10,1658,,,11.2,,,,
146,2022-04-11 07:00,16.9,,1.7,110,74,14.2,12.2,1008.2,1015.3,.3,.11,,,1,0,Ci,,1817,,,12.7,,,,
146,2022-04-11 08:00,18.8,,2,140,67,14.5,12.5,1008.2,1015.2,1,.75,,,0,0,,,1991,,,17.2,,,,
146,2022-04-11 09:00,21.8,,1.6,110,59,15.4,13.4,1008.1,1015.1,1,1.46,,,0,0,,,2000,,,22.9,,,,
146,2022-04-11 10:00,23.2,,2.2,160,55,15.6,13.6,1007.7,1014.6,1,2.17,,,0,0,,,2000,,,27,,,,
146,2022-04-11 11:00,25,,2.2,140,49,15.5,13.5,1007.3,1014.2,1,2.89,,,5,5,Sc,10,2000,,,34.3,,,,
146,2022-04-11 12:00,24.9,,1.5,140,46,14.4,12.4,1006.4,1013.3,1,3.21,,,3,3,Sc,10,2000,,,37.6,,,,
146,2022-04-11 13:00,26.1,,1.8,290,43,14.5,12.5,1005.1,1012,.9,2.89,,,3,3,Sc,10,2000,,,39.5,,,,
146,2022-04-11 14:00,25.4,,2.1,320,41,13.2,11.1,1004.3,1011.2,.9,2.7,,,3,3,Sc,10,2000,,,35,,,,
146,2022-04-11 15:00,25.8,,3,270,40,13.2,11.1,1003.7,1010.6,1,2.6,,,3,3,Sc,10,2000,,,34.1,,,,
146,2022-04-11 16:00,25.9,,2.7,270,43,14.3,12.3,1003.4,1010.3,.6,1.52,,,4,4,Sc,10,2000,,,30.1,,,,
146,2022-04-11 17:00,25.8,,3.5,270,46,15.2,13.2,1002.9,1009.8,.9,1.47,,,1,1,Sc,10,2000,,,30.4,,,,
146,2022-04-11 18:00,24.7,,2.2,270,51,15.8,13.8,1002.9,1009.7,1,.76,,,0,0,,,2000,,,24.3,,,,
146,2022-04-11 19:00,22.4,,1.8,270,61,16.5,14.5,1003.3,1010.2,.3,.17,,,0,0,,,2000,,,20.5,,,,
146,2022-04-11 20:00,21.2,,1.8,290,69,17.3,15.2,1004.4,1011.4,0,0,,,0,0,,,2000,,,18.7,,,,
146,2022-04-11 21:00,20.6,,.4,0,72,17.4,15.3,1005,1012,,,,,4,4,Sc,13,1937,,,18.1,,,,
146,2022-04-11 22:00,19.8,,.9,230,76,17.5,15.4,1005.6,1012.6,,,,,0,0,,,1788,,,16.6,,,,
146,2022-04-11 23:00,19.4,,1.4,140,73,16.4,14.4,1005.7,1012.7,,,,,0,0,,,2000,,,15.8,,,,
146,2022-04-12 00:00,18.6,,2.3,140,76,16.2,14.2,1005.1,1012.1,,,,,0,0,,,2000,,,15.2,,,,
146,2022-04-12 01:00,18,,1.6,140,78,16,14,1005,1012.1,,,,,3,0,,,2000,,,14.4,,,,
146,2022-04-12 02:00,17.3,,2.1,140,80,15.8,13.8,1004.4,1011.5,,,,,4,0,,,2000,,,14,,,,
146,2022-04-12 03:00,17,,1.5,140,82,15.8,13.8,1004.8,1011.9,,,,,0,0,,,803,,19,13,,,,
146,2022-04-12 04:00,16.3,,1.6,140,84,15.5,13.5,1004.7,1011.8,,,,,4,4,Sc,10,2000,,19,12.9,,,,
146,2022-04-12 05:00,16.1,,1.6,140,85,15.5,13.5,1005,1012.1,,,,,0,0,,,2000,,,12.7,,,,
146,2022-04-12 06:00,16.1,,1.6,140,85,15.5,13.5,1005,1012.1,,,,,3,0,Ci,,2000,,,12.6,,,,
146,2022-04-12 07:00,17.7,,1.1,140,79,16,14,1004.9,1012,.2,.2,,,5,0,Ci,,2000,,,15.2,,,,
146,2022-04-12 08:00,18.7,,1.4,140,75,16.1,14.1,1004.4,1011.4,.6,.55,,,0,0,,,2000,,,18,,,,
146,2022-04-12 09:00,20.2,,1.2,90,67,15.8,13.8,1004.5,1011.5,1,1.43,,,0,0,,,2000,,,23.4,,,,
146,2022-04-12 10:00,21.6,,.8,250,58,14.9,12.9,1004.4,1011.4,1,2.13,,,0,0,,,2000,,,27.3,,,,
146,2022-04-12 11:00,23.2,,3.2,360,59,16.7,14.7,1005.1,1012,1,2.69,,,0,0,,,2000,,,33.5,,,,
146,2022-04-12 12:00,24.1,,2.1,250,53,15.9,13.9,1004.4,1011.3,1,3,,,1,0,Ci,,2000,,,36.8,,,,
146,2022-04-12 13:00,25.4,,3.1,270,49,15.9,13.9,1003.7,1010.6,1,3.12,,,0,0,,,2000,,,39,,,,
146,2022-04-12 14:00,25.3,,3,290,53,17,15,1003,1009.9,1,3,,,0,0,,,1987,,,40.3,,,,
146,2022-04-12 15:00,25.3,,2.8,270,51,16.4,14.4,1002.4,1009.3,1,2.68,,,0,0,,,2000,,,38.3,,,,
146,2022-04-12 16:00,26.3,,2.2,270,51,17.4,15.3,1002,1008.8,1,2.16,,,0,0,,,2000,,,36.2,,,,
146,2022-04-12 17:00,24.6,,2.7,270,55,16.9,14.9,1001.8,1008.6,1,1.46,,,0,0,,,1993,,,30.6,,,,
146,2022-04-12 18:00,22.9,,2.5,290,62,17.3,15.2,1002.3,1009.2,1,.76,,,3,0,Ci,,2000,,,24.4,,,,
146,2022-04-12 19:00,19.2,,3.8,290,80,17.7,15.6,1002.7,1009.7,.1,.14,,,4,0,,,1720,,,20.2,,,,
146,2022-04-12 20:00,18,,1.8,270,85,17.5,15.4,1004.2,1011.2,0,0,,,4,4,,3,2000,,,19.3,,,,
146,2022-04-12 21:00,17.9,,1.3,290,86,17.6,15.5,1004.7,1011.8,,,,,9,9,Sc,10,2000,,,19.1,,,,
146,2022-04-12 22:00,16.6,,2,320,88,16.5,14.5,1004.9,1012,,,,,6,6,,2,925,,,18.4,,,,
146,2022-04-12 23:00,16.2,,1.3,250,91,16.7,14.7,1004.5,1011.6,,,,,6,6,,2,1664,,,17.9,,,,
146,2022-04-13 00:00,15,,2.2,320,94,16,14,1004.7,1011.9,,,,,9,9,Sc,10,323,,19,17.4,,,,
146,2022-04-13 01:00,14.5,,.8,270,95,15.7,13.7,1004.7,1011.9,,,,,9,9,,,397,,19,16.8,,,,
146,2022-04-13 02:00,14.7,,.1,0,94,15.7,13.7,1004.6,1011.7,,,,,8,8,,1,415,,19,16.6,,,,
146,2022-04-13 03:00,15.1,,.3,0,93,15.9,13.9,1004.5,1011.7,,,,,9,9,Sc,10,820,,19,16.5,,,,
146,2022-04-13 04:00,15.6,,.4,0,91,16.1,14.1,1004.3,1011.4,,,,,8,8,Sc,10,510,,19,16.4,,,,
146,2022-04-13 05:00,15.4,,.8,320,92,16.1,14.1,1004.2,1011.4,,,,,7,7,Sc,10,565,,19,16.3,,,,
146,2022-04-13 06:00,15.4,,0,0,92,16.1,14.1,1004.1,1011.3,,,,,9,9,Sc,10,520,,19,16.3,,,,
146,2022-04-13 07:00,15.3,,1.8,320,92,16,14,1004.3,1011.5,0,.06,,,9,9,Sc,10,362,,19,16.8,,,,
146,2022-04-13 08:00,15.1,,.3,0,93,15.9,13.9,1004.5,1011.7,0,.14,,,10,9,ScAs,10,345,,19,17.2,,,,
146,2022-04-13 09:00,16.1,,.3,0,87,15.9,13.9,1005.3,1012.4,0,.27,,,10,9,ScAs,10,498,,19,19,,,,
146,2022-04-13 10:00,17.3,,.7,340,82,16.1,14.1,1005.7,1012.8,0,.7,,,10,8,ScAs,10,635,,19,19.4,,,,
146,2022-04-13 11:00,18.3,0,.6,290,78,16.3,14.3,1005.8,1012.8,0,.46,,,10,9,ScAs,10,797,,1901,20.2,,,,
146,2022-04-13 12:00,17.5,.1,.7,290,86,17.2,15.1,1005.7,1012.8,0,.38,,,10,9,ScAs,10,617,,1901,19.5,,,,
146,2022-04-13 13:00,16.6,1.5,.8,320,93,17.5,15.4,1005.3,1012.4,0,.21,,,10,8,ScNs,10,243,,1901,18.5,,,,
146,2022-04-13 14:00,16.8,4.1,.6,290,94,17.9,15.8,1004.5,1011.6,0,.38,,,10,9,ScNs,10,252,,1901,19.4,,,,
146,2022-04-13 15:00,16.1,5.3,1,340,96,17.5,15.4,1004,1011.1,0,.13,,,10,9,ScNs,10,288,,1901,18.1,,,,
146,2022-04-13 16:00,17,,.3,0,95,18.3,16.1,1003.4,1010.5,0,.41,,,10,8,ScNs,10,396,,19,19.7,,,,
146,2022-04-13 17:00,16.8,.2,.4,0,95,18.1,15.9,1003.5,1010.6,0,.13,,,10,7,ScAs,10,436,,1901,18.1,,,,
146,2022-04-13 18:00,15.3,7,2.4,360,97,16.8,14.8,1004.2,1011.4,0,.03,,,10,9,ScNs,10,391,,1901,17,,,,
146,2022-04-13 19:00,14,2.4,3.2,320,97,15.5,13.5,1005.2,1012.4,0,0,,,10,4,StNs,4,860,,1901,16.2,,,,
146,2022-04-13 20:00,14.5,4.6,2,90,97,16,14,1006,1013.2,0,0,,,10,4,StNs,4,478,,1901,15.6,,,,
146,2022-04-13 21:00,13.3,1.3,2.7,110,91,13.8,11.8,1006.9,1014.1,,,,,10,5,StNs,4,1371,,1901,14.9,,,,
146,2022-04-13 22:00,12.9,2.4,1.8,70,93,13.7,11.7,1007.4,1014.6,,,,,10,5,StNs,4,997,,01,14.5,,,,
146,2022-04-13 23:00,12.2,.9,1.3,50,95,13.5,11.4,1007.5,1014.8,,,,,10,3,StNs,4,973,,01,14.3,,,,
146,2022-04-14 00:00,12.4,.5,1.6,90,94,13.5,11.4,1007.7,1015,,,,,10,4,StNs,5,1481,,01,14.1,,,,
146,2022-04-14 01:00,12,0,1.3,20,95,13.3,11.2,1007.6,1014.9,,,,,10,2,StNs,4,1101,,01,14,,,,
146,2022-04-14 02:00,11.2,0,1,20,95,12.6,10.4,1007,1014.3,,,,,10,4,ScAs,8,2000,,01,13.9,,,,
146,2022-04-14 03:00,11.2,,1.1,320,94,12.4,10.2,1006.9,1014.2,,,,,10,5,ScAs,8,2000,,,13.7,,,,
146,2022-04-14 04:00,10.7,,.6,20,94,12,9.7,1006.6,1013.9,,,,,10,7,ScAs,10,2000,,,13.5,,,,
146,2022-04-14 05:00,10.8,,.9,360,93,12,9.7,1007,1014.3,,,,,10,6,ScAs,10,2000,,,13.3,,,,
146,2022-04-14 06:00,10.5,0,1.6,320,89,11.2,8.7,1007.5,1014.8,,,,,10,4,ScAs,10,2000,,01,12.9,,,,
146,2022-04-14 07:00,10.7,,1.4,340,88,11.2,8.7,1008.3,1015.6,0,.02,,,10,3,ScAs,10,2000,,,13.1,,,,
146,2022-04-14 08:00,11.1,,.8,20,88,11.6,9.1,1008.7,1016,0,.09,,,10,8,ScAs,10,2000,,,13.7,,,,
146,2022-04-14 09:00,11.8,,1.1,360,87,11.9,9.6,1009.1,1016.4,0,.29,,,10,5,ScAs,10,2000,,,15,,,,
146,2022-04-14 10:00,12.1,,1.6,20,83,11.6,9.2,1009.5,1016.8,0,.41,,,10,4,ScAs,10,2000,,,15.8,,,,
146,2022-04-14 11:00,13.2,,1.4,20,80,12.1,9.8,1009.3,1016.5,0,.56,,,10,5,ScAs,10,2000,,,17.6,,,,
146,2022-04-14 12:00,13.1,,1.9,20,77,11.6,9.1,1008.8,1016,0,.54,,,10,4,ScAs,10,2000,,,17.3,,,,
146,2022-04-14 13:00,14.1,,1.7,20,73,11.7,9.3,1008.3,1015.5,0,.75,,,10,8,ScAs,10,2000,,,18.7,,,,
146,2022-04-14 14:00,15.4,,2.2,360,65,11.3,8.8,1007.4,1014.6,0,1.56,,,10,9,ScAs,10,2000,,,21.9,,,,
146,2022-04-14 15:00,17.1,,2.8,340,63,12.2,9.9,1006.8,1013.9,.1,1.72,,,8,8,Sc,10,2000,,,26,,,,
146,2022-04-14 16:00,16.8,,2.9,360,62,11.8,9.4,1007.3,1014.4,.1,1.37,,,9,9,Sc,10,2000,,,22.8,,,,
146,2022-04-14 17:00,15.9,,3.8,360,63,11.3,8.8,1007.8,1015,0,1.03,,,9,9,Sc,10,2000,,,20.5,,,,
146,2022-04-14 18:00,14.9,,2.6,360,65,10.9,8.3,1008.2,1015.4,0,.55,,,9,9,Sc,10,2000,,,17.7,,,,
146,2022-04-14 19:00,14.4,,2,340,65,10.6,7.8,1008.7,1015.9,0,.08,,,2,2,,13,2000,,,15.6,,,,
146,2022-04-14 20:00,13.8,,1.8,340,68,10.6,7.9,1009.5,1016.7,0,0,,,3,3,,12,2000,,,15,,,,
146,2022-04-14 21:00,13.4,,1.9,20,69,10.6,7.8,1010,1017.2,,,,,8,8,Sc,10,2000,,,14.3,,,,
146,2022-04-14 22:00,12.9,,1.5,360,71,10.5,7.7,1010.3,1017.6,,,,,7,2,,12,2000,,,14.1,,,,
146,2022-04-14 23:00,13.1,,1.8,50,68,10.2,7.3,1010.3,1017.5,,,,,8,8,,12,2000,,,13.6,,,,
146,2022-04-15 00:00,12.4,,2.1,320,71,10.2,7.2,1010.9,1018.2,,,,,8,8,Sc,10,2000,,,13.5,,,,
146,2022-04-15 01:00,11.6,,2.1,360,70,9.5,6.3,1010.9,1018.2,,,,,6,6,,13,2000,,,12.5,,,,
146,2022-04-15 02:00,10.4,,1.6,360,75,9.4,6.1,1010.5,1017.8,,,,,7,2,,13,2000,,,11.2,,,,
146,2022-04-15 03:00,9.9,,2.1,20,76,9.2,5.8,1009.5,1016.9,,,,,6,4,ScCi,10,2000,,,10.2,,,,
146,2022-04-15 04:00,8.9,,1,360,78,8.8,5.2,1009.8,1017.2,,,,,6,4,ScCi,10,2000,,,9.3,,,,
146,2022-04-15 05:00,9.1,,2,340,73,8.4,4.5,1009.9,1017.3,,,,,3,0,Ci,,2000,,,8.8,,,,
146,2022-04-15 06:00,8.5,,.8,360,75,8.3,4.3,1010.6,1018,0,0,,,0,0,,,2000,,,8.3,,,,
146,2022-04-15 07:00,9.1,,.6,50,73,8.4,4.5,1011,1018.4,.5,.18,,,0,0,,,2000,,,9.2,,,,
146,2022-04-15 08:00,10.5,,2.3,340,69,8.7,5,1011.5,1018.8,1,.8,,,0,0,,,2000,,,12.9,,,,
146,2022-04-15 09:00,12.5,,1.3,360,63,9.1,5.6,1011.1,1018.4,1,1.57,,,0,0,,,2000,,,18.6,,,,
146,2022-04-15 10:00,14.4,,1.8,320,58,9.5,6.2,1011.4,1018.6,1,2.28,,,0,0,,,2000,,,22.8,,,,
146,2022-04-15 11:00,15.4,,2.6,320,55,9.5,6.3,1011.1,1018.3,1,2.8,,,4,0,Ci,,2000,,,25.3,,,,
146,2022-04-15 12:00,15.8,,2.1,320,48,8.5,4.7,1010.2,1017.4,1,2.99,,,2,0,Ci,,2000,,,27.8,,,,
146,2022-04-15 13:00,17.9,,3,290,47,9.6,6.4,1009.9,1017,1,3.31,,,2,0,Ci,,1984,,,28.6,,,,
146,2022-04-15 14:00,17.8,,3.8,290,39,7.9,3.6,1008.9,1016,1,3.11,,,4,1,ScCsCi,10,2000,,,26.7,,,,
146,2022-04-15 15:00,18,,3.8,270,49,10.1,7.1,1008,1015.1,1,2.62,,,5,2,ScCsCi,10,2000,,,25.3,,,,
146,2022-04-15 16:00,16.7,,5.4,270,50,9.5,6.2,1007.5,1014.6,1,2.19,,,5,2,ScCi,10,2000,,,22.8,,,,
146,2022-04-15 17:00,16.2,,3.4,250,51,9.3,6,1007.4,1014.5,1,1.53,,,6,3,ScCi,10,2000,,,19.9,,,,
146,2022-04-15 18:00,15.2,,3.1,270,50,8.6,4.8,1007.6,1014.8,.9,.75,,,6,2,ScCi,10,2000,,,15.5,,,,
146,2022-04-15 19:00,12.9,,2.9,270,55,8.1,4,1008.2,1015.4,.5,.21,,,5,0,,,2000,,,12.3,,,,
146,2022-04-15 20:00,11.1,,2.2,250,60,7.9,3.6,1009.4,1016.7,0,0,,,4,0,,,2000,,,10.8,,,,
146,2022-04-15 21:00,10.4,,2.2,230,64,8,3.8,1010.2,1017.5,,,,,0,0,,,2000,,,9.8,,,,
146,2022-04-15 22:00,10,,1.6,250,67,8.2,4.1,1010.6,1018,,,,,5,0,,,2000,,,9.2,,,,
146,2022-04-15 23:00,9.2,,1.7,250,75,8.7,4.9,1010.9,1018.3,,,,,8,0,,,1393,,,9.2,,,,
146,2022-04-16 00:00,7.9,,1,340,79,8.4,4.4,1011.2,1018.6,,,,,6,0,Ci,,1844,,,9.1,,,,
146,2022-04-16 01:00,8.6,,.6,70,78,8.7,4.9,1010.8,1018.2,,,,,9,0,,,1546,,,9.1,,,,
146,2022-04-16 02:00,8.2,,.7,50,81,8.8,5.1,1010.8,1018.2,,,,,6,0,,,1179,,,8.5,,,,
146,2022-04-16 03:00,7.2,,1.1,50,85,8.6,4.8,1010.5,1017.9,,,,,5,0,Ci,,1060,,,7.9,,,,
146,2022-04-16 04:00,7.6,,.7,110,81,8.4,4.5,1010.9,1018.3,,,,,0,0,,,1253,,,7.6,,,,
146,2022-04-16 05:00,7,,1.2,110,83,8.3,4.3,1010.9,1018.3,,,,,4,0,Ci,,1259,,,7.5,,,,
146,2022-04-16 06:00,6.9,,.7,90,84,8.3,4.3,1011.2,1018.6,0,0,,,0,0,,,1161,,,7.1,,,,
146,2022-04-16 07:00,7.8,,.5,110,80,8.4,4.5,1012,1019.4,.2,.19,,,3,0,Ci,,1168,,,8.3,,,,
146,2022-04-16 08:00,9.3,,.5,70,73,8.5,4.6,1012.4,1019.8,1,.75,,,4,0,Ci,,1159,,,11.9,,,,
146,2022-04-16 09:00,12,,.8,340,67,9.3,6,1012.7,1020,1,1.56,,,5,0,Ci,,1100,,,17.9,,,,
146,2022-04-16 10:00,14.5,,1.1,360,53,8.7,5,1012.6,1019.8,1,2.22,,,5,0,Ci,,1766,,,22.3,,,,
146,2022-04-16 11:00,16.5,,1.2,360,45,8.4,4.5,1012,1019.2,1,2.82,,,0,0,,,2000,,,26.1,,,,
146,2022-04-16 12:00,16.7,,2,320,41,7.7,3.3,1011.3,1018.5,1,3.21,,,0,0,,,2000,,,28.6,,,,
146,2022-04-16 13:00,18.3,,3.3,290,33,6.9,1.7,1010.6,1017.7,1,3.32,,,0,0,,,2000,,,28.4,,,,
146,2022-04-16 14:00,18.6,,2.6,290,28,6,-.2,1010.1,1017.2,1,3.18,,,0,0,,,2000,,,28.7,,,,
146,2022-04-16 15:00,17.8,,4.7,270,35,7.1,2.1,1009.8,1016.9,1,2.82,,,0,0,,,2000,,,25.1,,,,
146,2022-04-16 16:00,17.3,,4.7,270,29,5.7,-.9,1009.5,1016.6,1,2.3,,,0,0,,,2000,,,22.4,,,,
146,2022-04-16 17:00,16.1,,5.1,250,29,5.3,-1.9,1009.3,1016.5,1,1.57,,,0,0,,,2000,,,17.7,,,,
146,2022-04-16 18:00,15.3,,3.4,270,29,5,-2.6,1009.5,1016.7,1,.73,,,0,0,,,2000,,,14.1,,,,
146,2022-04-16 19:00,13.9,,2.8,250,32,5.1,-2.5,1009.9,1017.1,.2,.18,,,6,0,,,2000,,,11.3,,,,
146,2022-04-16 20:00,12.5,,2.2,230,37,5.4,-1.8,1010.5,1017.8,0,0,,,2,0,,,2000,,,9.7,,,,
146,2022-04-16 21:00,11.4,,1.2,230,42,5.7,-1,1011.2,1018.5,,,,,0,0,,,2000,,,9,,,,
146,2022-04-16 22:00,10.6,,1,230,48,6.1,0,1011.7,1019,,,,,4,0,,,2000,,,8.4,,,,
146,2022-04-16 23:00,10.1,,1,200,51,6.3,.4,1011.7,1019.1,,,,,5,0,,,2000,,,8,,,,
146,2022-04-17 00:00,9.4,,1.2,230,57,6.7,1.2,1011.9,1019.3,,,,,5,0,,,2000,,,7.5,,,,
146,2022-04-17 01:00,8.5,,1,110,57,6.3,.4,1012.1,1019.5,,,,,6,0,,,2000,,,7.2,,,,
146,2022-04-17 02:00,7.4,,1,160,61,6.2,.3,1012.2,1019.6,,,,,5,0,,,2000,,,6.7,,,,
146,2022-04-17 03:00,6.4,,1.8,140,64,6.1,0,1012.2,1019.7,,,,,2,0,Ci,,2000,,,6.2,,,,
146,2022-04-17 04:00,6.1,,1.4,140,66,6.2,.2,1012.1,1019.6,,,,,0,0,,,2000,,,5.8,,,,
146,2022-04-17 05:00,5.6,,1.9,140,62,5.6,-1.1,1011.8,1019.3,,,,,0,0,,,2000,,,5.3,,,,
146,2022-04-17 06:00,5.7,,1,110,64,5.9,-.5,1011.9,1019.4,0,0,,,0,0,,,1985,,,5.1,,,,
146,2022-04-17 07:00,6.7,,1.8,140,62,6.1,0,1012.3,1019.8,.6,.21,,,0,0,,,1989,,,6.1,,,,
146,2022-04-17 08:00,9.1,,1.3,140,52,6,-.2,1012.5,1019.9,1,.91,,,0,0,,,1991,,,10.4,,,,
146,2022-04-17 09:00,12.7,,.4,0,43,6.3,.4,1012.7,1020,1,1.68,,,0,0,,,1989,,,17.1,,,,
146,2022-04-17 10:00,14.1,,1,230,37,6,-.3,1013,1020.2,1,2.37,,,0,0,,,2000,,,21.6,,,,
146,2022-04-17 11:00,15.6,,1.7,290,30,5.3,-1.9,1013.2,1020.4,1,2.89,,,0,0,,,2000,,,25.1,,,,
146,2022-04-17 12:00,17.5,,1.9,320,25,5,-2.7,1012.8,1019.9,1,3.27,,,0,0,,,2000,,,27.2,,,,
146,2022-04-17 13:00,18.5,,3.1,250,27,5.8,-.8,1012.2,1019.3,1,3.33,,,0,0,,,2000,,,27.6,,,,
146,2022-04-17 14:00,19.7,,2.3,270,26,6,-.3,1011.5,1018.5,1,3.21,,,0,0,,,2000,,,29.5,,,,
146,2022-04-17 15:00,19.1,,4.1,250,34,7.5,2.8,1010.8,1017.9,1,2.84,,,0,0,,,2000,,,28.4,,,,
146,2022-04-17 16:00,19.2,,2.9,270,24,5.4,-1.8,1010.4,1017.4,1,2.34,,,0,0,,,2000,,,26.5,,,,
146,2022-04-17 17:00,17.7,,3.2,270,25,5,-2.6,1010.4,1017.5,1,1.53,,,4,0,Ci,,2000,,,20.1,,,,
146,2022-04-17 18:00,17.2,,2.5,270,27,5.3,-1.9,1010,1017.1,.9,.89,,,3,0,Ci,,2000,,,16.4,,,,
146,2022-04-17 19:00,14.9,,2.1,250,54,9.1,5.6,1010.9,1018.1,.4,.19,,,0,0,,,1983,,,13.1,,,,
146,2022-04-17 20:00,13.4,,2.3,230,60,9.2,5.7,1011.3,1018.5,0,0,,,7,0,,,1636,,,11.7,,,,
146,2022-04-17 21:00,12.3,,1.2,230,63,9,5.4,1012.1,1019.4,,,,,7,0,Ci,,1538,,,10.9,,,,
146,2022-04-17 22:00,11,,1.2,360,66,8.6,4.8,1012.4,1019.7,,,,,7,7,,72,1303,,,10.4,,,,
146,2022-04-17 23:00,10.7,,.9,70,72,9.2,5.8,1012.7,1020,,,,,10,9,,72,1103,,,10.2,,,,
146,2022-04-18 00:00,11.1,,.6,160,70,9.2,5.8,1013,1020.3,,,,,8,0,,,1264,,,9.8,,,,
146,2022-04-18 01:00,10,,1.1,70,75,9.2,5.7,1012.9,1020.3,,,,,10,10,,67,1106,,,9.8,,,,
146,2022-04-18 02:00,10.4,,.9,160,69,8.7,4.9,1012.8,1020.2,,,,,10,10,,52,1354,,,10.3,,,,
146,2022-04-18 03:00,10.3,,1,110,70,8.7,5,1012.3,1019.7,,,,,9,0,Ci,,1275,,,10.2,,,,
146,2022-04-18 04:00,10.1,,1.1,180,70,8.6,4.8,1012.1,1019.5,,,,,9,0,Ci,,1224,,,9.7,,,,
146,2022-04-18 05:00,10,,.9,160,68,8.3,4.3,1011.4,1018.8,,,,,9,0,Ci,,1404,,,9.7,,,,
146,2022-04-18 06:00,9.9,,.1,0,70,8.5,4.6,1011.9,1019.3,0,0,,,9,0,Ci,,1254,,,9.6,,,,
146,2022-04-18 07:00,10.4,,1.1,90,70,8.8,5.1,1011.5,1018.9,0,.13,,,8,0,Ci,,1282,,,10.9,,,,
146,2022-04-18 08:00,12,,.6,180,59,8.2,4.2,1011.7,1019,0,.5,,,9,7,AcCi,45,1604,,,13.2,,,,
146,2022-04-18 09:00,13.6,,1.3,320,57,8.8,5.2,1012.4,1019.6,0,.77,,,9,6,AcCi,45,1523,,,15.7,,,,
146,2022-04-18 10:00,15,,1.4,340,57,9.7,6.5,1012.7,1019.9,0,1.16,,,9,5,AcCi,45,1102,,,18.9,,,,
146,2022-04-18 11:00,16.9,,1.6,340,34,6.5,.9,1012.4,1019.6,.4,1.85,,,9,7,AcCi,45,1751,,,21.5,,,,
146,2022-04-18 12:00,17.9,,1.7,340,33,6.7,1.3,1011.9,1019,0,1.39,,,9,4,AcCi,45,2000,,,20.6,,,,
146,2022-04-18 13:00,18.9,,1.6,320,26,5.7,-1,1011.1,1018.2,.1,1.77,,,9,5,AcCi,43,2000,,,24,,,,
146,2022-04-18 14:00,20.4,,1.1,360,19,4.5,-4,1010.3,1017.4,1,2.69,,,6,0,Ci,,2000,,,28.3,,,,
146,2022-04-18 15:00,21.9,,2.1,290,20,5.2,-2.1,1009.7,1016.7,1,2.77,,,3,0,Ci,,2000,,,29.4,,,,
146,2022-04-18 16:00,20.9,,2.8,290,21,5.2,-2.2,1009.4,1016.4,1,2.22,,,3,0,Ci,,2000,,,27.2,,,,
146,2022-04-18 17:00,19.3,,4.2,270,20,4.5,-4.2,1009.4,1016.4,1,1.55,,,4,0,Ci,,2000,,,22.1,,,,
146,2022-04-18 18:00,17,,3.4,270,23,4.4,-4.3,1010,1017.1,1,.85,,,4,0,Ci,,2000,,,16.8,,,,
146,2022-04-18 19:00,15.2,,1.7,250,26,4.5,-4.2,1010.3,1017.5,.6,.27,,,7,0,,,2000,,,13.2,,,,
146,2022-04-18 20:00,14.3,,2.2,230,28,4.6,-3.9,1011.1,1018.3,0,0,,,6,0,,,2000,,,11.1,,,,
146,2022-04-18 21:00,13.2,,1.6,230,36,5.5,-1.5,1012,1019.3,,,,,7,0,Ci,,2000,,,10.4,,,,
146,2022-04-18 22:00,13.2,,.5,200,37,5.6,-1.1,1012,1019.3,,,,,7,4,,57,2000,,,10,,,,
146,2022-04-18 23:00,12.1,,.6,90,43,6.1,-.1,1012.3,1019.6,,,,,7,0,,,1928,,,9.3,,,,
146,2022-04-19 00:00,11,,.7,140,40,5.2,-2.1,1012.5,1019.8,,,,,5,0,Ci,,2000,,,8.4,,,,
146,2022-04-19 01:00,10.4,,1.5,110,45,5.7,-1,1012.3,1019.7,,,,,7,5,,51,2000,,,8.5,,,,
146,2022-04-19 02:00,10,,1.2,140,47,5.8,-.8,1011.8,1019.2,,,,,10,10,,51,2000,,,9,,,,
146,2022-04-19 03:00,9.3,,1.2,140,49,5.8,-.8,1011.2,1018.6,,,,,9,0,Ci,,2000,,,8.6,,,,
146,2022-04-19 04:00,9.1,,1.3,110,51,5.9,-.5,1011,1018.4,,,,,7,7,Ac,45,2000,,,8.1,,,,
146,2022-04-19 05:00,9.3,,.8,110,51,6,-.3,1010.9,1018.3,,,,,3,3,Ac,45,2000,,,7.9,,,,
146,2022-04-19 06:00,8.6,,1.3,110,55,6.1,0,1011.2,1018.6,0,0,,,6,0,Ci,,2000,,,7.8,,,,
146,2022-04-19 07:00,9.6,,1,110,56,6.7,1.2,1011.3,1018.6,.2,.22,,,6,0,Ci,,2000,,,9.1,,,,
146,2022-04-19 08:00,11.8,,.7,160,46,6.3,.5,1011.6,1018.9,1,.76,,,3,0,Ci,,2000,,,11.7,,,,
146,2022-04-19 09:00,14.9,,.4,0,37,6.2,.3,1011.9,1019.1,1,1.41,,,3,0,Ci,,2000,,,17.3,,,,
146,2022-04-19 10:00,17.1,,1,290,37,7.2,2.2,1011.7,1018.8,1,2.19,,,1,0,Ci,,1763,,,22.6,,,,
146,2022-04-19 11:00,19.4,,1.6,290,31,7,1.8,1011.7,1018.7,1,2.79,,,1,0,Ci,,1683,,,26.9,,,,
146,2022-04-19 12:00,20.3,,2.4,250,25,6,-.3,1011.2,1018.3,1,3.15,,,0,0,,,2000,,,30.3,,,,
146,2022-04-19 13:00,21.6,,2.3,270,25,6.4,.7,1010.6,1017.6,1,3.29,,,0,0,,,2000,,,32.9,,,,
146,2022-04-19 14:00,21.7,,2.9,270,26,6.7,1.3,1010.1,1017.1,1,3.14,,,0,0,,,1916,,,33.9,,,,
146,2022-04-19 15:00,21.6,,3.8,270,27,6.9,1.7,1009.8,1016.8,1,2.84,,,0,0,,,2000,,,32.8,,,,
146,2022-04-19 16:00,19.9,,3.9,290,30,6.9,1.7,1009.6,1016.7,1,2.34,,,0,0,,,2000,,,30.1,,,,
146,2022-04-19 17:00,19.4,,2.7,270,32,7.2,2.2,1009.7,1016.7,1,1.68,,,0,0,,,1974,,,25.7,,,,
146,2022-04-19 18:00,18,,2.7,270,32,6.6,1,1009.7,1016.8,1,.92,,,0,0,,,2000,,,19,,,,
146,2022-04-19 19:00,15.7,,2.1,250,40,7.1,2.1,1010,1017.2,.6,.23,,,0,0,,,1928,,,14.8,,,,
146,2022-04-19 20:00,14.5,,1.4,250,43,7.1,2,1010.6,1017.8,0,0,,,0,0,,,1683,,,12.4,,,,
146,2022-04-19 21:00,13,,1.3,250,61,9.1,5.6,1011.1,1018.4,,,,,0,0,,,1191,,,11.4,,,,
146,2022-04-19 22:00,12.5,,1.2,230,62,9,5.4,1011.5,1018.8,,,,,0,0,,,1059,,,10.6,,,,
146,2022-04-19 23:00,12.3,,1.1,200,57,8.1,4,1011.7,1019,,,,,5,0,,,1322,,,9.8,,,,
146,2022-04-20 00:00,11.2,,.9,110,59,7.8,3.4,1012,1019.3,,,,,0,0,,,1574,,,9,,,,
146,2022-04-20 01:00,9.8,,1.5,140,60,7.2,2.3,1011.8,1019.1,,,,,1,0,,,1582,,,8.4,,,,
146,2022-04-20 02:00,9.4,,1.4,140,61,7.2,2.2,1011.1,1018.5,,,,,5,0,,,1515,,,7.8,,,,
146,2022-04-20 03:00,9.2,,1.3,110,61,7.1,2,1010.7,1018.1,,,,,0,0,,,1599,,,7.5,,,,
146,2022-04-20 04:00,8.4,,1.6,140,62,6.8,1.5,1010.4,1017.8,,,,,0,0,,,1581,,,7.1,,,,
146,2022-04-20 05:00,8.3,,1.2,110,60,6.5,.9,1010.4,1017.8,,,,,0,0,,,1619,,,6.8,,,,
146,2022-04-20 06:00,7.7,,1.3,110,61,6.4,.6,1010.7,1018.1,0,0,,,0,0,,,1672,,,6.5,,,,
146,2022-04-20 07:00,9.1,,.9,140,59,6.8,1.4,1011.1,1018.5,.6,.22,,,0,0,,,1672,,,7.8,,,,
146,2022-04-20 08:00,11.6,,.9,140,50,6.8,1.5,1011.4,1018.7,1,.87,,,0,0,,,1976,,,11.9,,,,
146,2022-04-20 09:00,15.4,,.5,20,33,5.8,-.8,1011.2,1018.4,1,1.62,,,0,0,,,1996,,,18.5,,,,
146,2022-04-20 10:00,17.2,,1,230,31,6.1,-.1,1011.3,1018.4,1,2.31,,,0,0,,,2000,,,23,,,,
146,2022-04-20 11:00,19.1,,1.3,320,30,6.6,1,1011.2,1018.3,1,2.82,,,0,0,,,2000,,,28.1,,,,
146,2022-04-20 12:00,20.8,,2.8,270,24,5.9,-.5,1010.5,1017.5,1,3.23,,,0,0,,,2000,,,32,,,,
146,2022-04-20 13:00,20.7,,2.4,270,25,6.1,0,1009.8,1016.8,1,3.34,,,0,0,,,2000,,,34.1,,,,
146,2022-04-20 14:00,21.7,,3.3,270,27,7,1.8,1008.8,1015.8,1,3.2,,,0,0,,,2000,,,34.9,,,,
146,2022-04-20 15:00,21.4,,3.4,290,29,7.4,2.6,1007.8,1014.8,1,2.78,,,0,0,,,1942,,,34,,,,
146,2022-04-20 16:00,21.2,,3.7,290,30,7.5,2.9,1007.3,1014.3,1,2.3,,,0,0,,,1961,,,30.8,,,,
146,2022-04-20 17:00,19.8,,3.7,270,29,6.7,1.2,1007.4,1014.4,1,1.58,,,0,0,,,1970,,,25.4,,,,
146,2022-04-20 18:00,18.1,,2.7,290,35,7.2,2.3,1007.5,1014.6,1,.88,,,0,0,,,1572,,,19.5,,,,
146,2022-04-20 19:00,16.6,,2.5,250,38,7.2,2.2,1007.6,1014.7,.6,.22,,,0,0,,,1426,,,15.4,,,,
146,2022-04-20 20:00,15.5,,1.3,250,42,7.4,2.6,1008.1,1015.3,0,.01,,,0,0,,,1355,,,13.1,,,,
146,2022-04-20 21:00,14.8,,.8,230,44,7.4,2.6,1008.6,1015.8,,,,,0,0,,,1282,,,11.7,,,,
146,2022-04-20 22:00,13.2,,1.4,140,52,7.8,3.5,1008.9,1016.1,,,,,3,0,,,1370,,,10.8,,,,
146,2022-04-20 23:00,12.8,,1.1,110,55,8.1,3.9,1008.9,1016.1,,,,,1,0,,,1415,,,10.2,,,,
146,2022-04-21 00:00,11.6,,1.9,110,58,7.9,3.6,1008.7,1016,,,,,0,0,,,1425,,,9.5,,,,
146,2022-04-21 01:00,10.8,,2.1,140,61,7.8,3.5,1008.3,1015.6,,,,,4,1,,,1343,,,9,,,,
146,2022-04-21 02:00,10.2,,1.7,140,62,7.7,3.2,1007.9,1015.2,,,,,5,5,,54,1375,,,8.7,,,,
146,2022-04-21 03:00,10.2,,1.6,140,61,7.6,3,1007.2,1014.5,,,,,6,0,Ci,,1477,,,8.8,,,,
146,2022-04-21 04:00,10,,1.9,140,60,7.3,2.5,1006.9,1014.2,,,,,6,0,Ci,,1672,,,8.2,,,,
146,2022-04-21 05:00,9.7,,1.8,140,62,7.4,2.7,1006.6,1013.9,,,,,4,0,Ci,,1682,,,7.7,,,,
146,2022-04-21 06:00,10.4,,1.6,110,59,7.4,2.7,1006.2,1013.5,0,0,,,8,0,Ci,,1755,,,8.6,,,,
146,2022-04-21 07:00,11.4,,.8,140,56,7.5,2.9,1006.5,1013.8,0,.11,,,9,0,Ci,,1778,,,10.5,,,,
146,2022-04-21 08:00,13.3,,.2,0,55,8.4,4.4,1006.6,1013.8,0,.36,,,10,10,As,30,1862,,,13.1,,,,
146,2022-04-21 09:00,15.9,,.4,0,43,7.7,3.3,1006.8,1014,0,.66,,,10,10,As,30,2000,,,16.3,,,,
146,2022-04-21 10:00,17.4,,1.1,140,39,7.7,3.2,1006.6,1013.7,0,1.07,,,10,10,As,30,2000,,,18,,,,
146,2022-04-21 11:00,18.2,,1.6,180,33,6.9,1.6,1006.7,1013.8,0,1.08,,,10,10,As,30,2000,,,18.5,,,,
146,2022-04-21 12:00,18.2,,1.6,160,35,7.3,2.4,1006.9,1014,0,.81,,,10,10,As,30,2000,,,18,,,,
146,2022-04-21 13:00,17.9,,2.1,160,36,7.3,2.5,1006.1,1013.2,0,.85,,,10,10,As,30,2000,,,17.8,,,,
146,2022-04-21 14:00,19.5,,2.6,180,34,7.7,3.2,1005.8,1012.8,.6,2.16,,,7,7,Ac,40,2000,,,27.8,,,,
146,2022-04-21 15:00,20,,2.7,160,35,8.1,4,1005.2,1012.2,1,2.75,,,3,3,Ac,40,2000,,,30.6,,,,
146,2022-04-21 16:00,19.4,,2.5,110,39,8.7,5,1004.6,1011.6,1,2.22,,,0,0,,,2000,,,28.2,,,,
146,2022-04-21 17:00,19.7,,1.6,140,42,9.6,6.4,1004.1,1011.1,1,1.51,,,0,0,,,2000,,,24.4,,,,
146,2022-04-21 18:00,19.3,,.5,180,37,8.2,4.2,1004.2,1011.2,.9,.72,,,0,0,,,2000,,,19.1,,,,
146,2022-04-21 19:00,17.3,,.5,180,46,9,5.5,1004.5,1011.6,0,.2,,,0,0,,,2000,,,15.3,,,,
146,2022-04-21 20:00,16.1,,1.7,160,50,9.1,5.6,1004.5,1011.6,0,0,,,0,0,,,2000,,,13.4,,,,
146,2022-04-21 21:00,14.8,,1.5,140,57,9.5,6.3,1004.7,1011.8,,,,,0,0,,,2000,,,12.2,,,,
146,2022-04-21 22:00,14.1,,2.2,140,64,10.2,7.3,1004.7,1011.9,,,,,0,0,,,2000,,,11.5,,,,
146,2022-04-21 23:00,13.7,,1.8,140,66,10.3,7.4,1005.1,1012.3,,,,,4,0,,,2000,,,11.1,,,,
146,2022-04-22 00:00,13.5,,1.7,140,68,10.5,7.7,1005.6,1012.8,,,,,0,0,,,2000,,,10.7,,,,
146,2022-04-22 01:00,12.9,,1.8,140,72,10.6,7.9,1005.5,1012.7,,,,,0,0,,,2000,,,10.3,,,,
146,2022-04-22 02:00,12.8,,1.4,140,72,10.6,7.8,1005.7,1012.9,,,,,0,0,,,2000,,,10,,,,
146,2022-04-22 03:00,12,,1.8,140,75,10.4,7.6,1005.6,1012.9,,,,,0,0,,,1988,,,9.5,,,,
146,2022-04-22 04:00,11.8,,2,140,76,10.4,7.6,1005.2,1012.5,,,,,0,0,,,2000,,,9.4,,,,
146,2022-04-22 05:00,11.7,,1.6,140,76,10.4,7.6,1005.3,1012.6,,,,,0,0,,,2000,,,9.1,,,,
146,2022-04-22 06:00,11.7,,2.1,140,77,10.5,7.7,1005.5,1012.8,0,0,,,0,0,,,2000,,,9,,,,
146,2022-04-22 07:00,13.3,,1.5,110,71,10.8,8.1,1005.8,1013,.3,.23,,,0,0,,,2000,,,10.9,,,,
146,2022-04-22 08:00,16.2,,2.3,140,59,10.8,8.1,1005.9,1013,1,.8,,,0,0,,,2000,,,14.9,,,,
146,2022-04-22 09:00,18.8,,2.6,160,51,11,8.4,1005.5,1012.5,1,1.49,,,0,0,,,2000,,,20.3,,,,
146,2022-04-22 10:00,20.9,,1.9,180,47,11.6,9.1,1005.2,1012.2,1,2.13,,,0,0,,,2000,,,25,,,,
146,2022-04-22 11:00,23.5,,1.7,180,46,13.3,11.2,1004.5,1011.4,.8,2.37,,,3,3,Sc,15,2000,,,27.9,,,,
146,2022-04-22 12:00,23.3,,5.2,230,46,13.1,11,1004.1,1011,.9,2.67,,,5,5,Sc,15,2000,,,28.6,,,,
146,2022-04-22 13:00,24.6,,6,230,45,13.8,11.8,1003.3,1010.1,.8,2.78,,,5,5,Sc,15,2000,,,34.5,,,,
146,2022-04-22 14:00,25.8,,5.3,230,44,14.6,12.6,1002.8,1009.7,.9,3.03,,,6,6,Sc,10,2000,,,34.7,,,,
146,2022-04-22 15:00,25,,5,250,45,14.2,12.2,1002.5,1009.4,1,2.51,,,8,8,Sc,10,2000,,,31.8,,,,
146,2022-04-22 16:00,22.4,,4.7,290,54,14.6,12.6,1002.5,1009.4,.8,1.95,,,0,0,,,1971,,,30.7,,,,
146,2022-04-22 17:00,21.9,,3.8,230,54,14.1,12.1,1002.8,1009.7,.7,1.31,,,7,7,Sc,10,2000,,,26,,,,
146,2022-04-22 18:00,18.9,,3.4,270,68,14.8,12.8,1003.3,1010.3,.5,.67,,,5,2,ScCi,10,1984,,,21.2,,,,
146,2022-04-22 19:00,15.7,,2.5,320,82,14.6,12.6,1004.2,1011.3,0,.18,,,4,0,,,1015,,,17.8,,,,
146,2022-04-22 20:00,15.2,,2.5,270,86,14.8,12.8,1004.8,1012,0,0,,,7,4,,3,679,,19,16.7,,,,
146,2022-04-22 21:00,15.1,,2.2,270,87,14.9,12.9,1005.8,1013,,,,,7,7,Sc,10,661,,19,16.4,,,,
146,2022-04-22 22:00,14.8,,1.5,270,88,14.8,12.8,1006.1,1013.3,,,,,9,9,,2,512,,19,16.2,,,,
146,2022-04-22 23:00,14.6,,1.4,250,90,14.9,12.9,1006.2,1013.4,,,,,8,8,,2,493,,19,15.9,,,,
146,2022-04-23 00:00,14.3,,1.9,250,92,15,13,1006.1,1013.3,,,,,9,9,Sc,,382,,19,15.7,,,,
146,2022-04-23 01:00,14.3,,.5,270,93,15.1,13.1,1006.1,1013.3,,,,,9,9,,1,336,,19,15.7,,,,
146,2022-04-23 02:00,14.1,.1,1.2,290,95,15.3,13.3,1006.1,1013.3,,,,,10,9,ScAs,10,142,,190201,15.5,,,,
146,2022-04-23 03:00,13.6,.2,1.3,320,96,14.9,12.9,1006.3,1013.5,,,,,10,9,ScAs,10,152,,1901,15.2,,,,
146,2022-04-23 04:00,13.6,0,0,0,96,14.9,12.9,1005.8,1013,,,,,10,6,ScAs,10,168,,1901,15.3,,,,
146,2022-04-23 05:00,13.3,0,2,340,97,14.8,12.8,1006.1,1013.3,,,,,10,7,ScAs,10,83,,1901,15.1,,,,
146,2022-04-23 06:00,13.4,0,.4,0,97,14.9,12.9,1006.3,1013.5,0,0,,,9,9,Sc,10,217,,1901,15,,,,
146,2022-04-23 07:00,14,,.3,0,96,15.3,13.3,1006.9,1014.1,0,.13,,,9,9,Sc,10,275,,19,16,,,,
146,2022-04-23 08:00,14.2,,.9,20,93,15,13,1007.2,1014.4,0,.27,,,10,8,ScCi,4,512,,19,16.9,,,,
146,2022-04-23 09:00,15.8,,1.6,50,81,14.5,12.5,1007.1,1014.3,.1,.76,,,8,5,ScCi,4,745,,19,21.8,,,,
146,2022-04-23 10:00,17.3,,.9,340,74,14.6,12.6,1006.6,1013.7,.5,1.59,,,8,3,ScCi,4,1570,,19,23.1,,,,
146,2022-04-23 11:00,18.7,,1.9,340,70,15.1,13.1,1006,1013,.6,2.08,,,8,0,Ci,,1955,,,27.2,,,,
146,2022-04-23 12:00,21,,1.2,290,55,13.7,11.6,1005.3,1012.3,.8,2.35,,,8,0,Ci,,2000,,,28.6,,,,
146,2022-04-23 13:00,23.5,,.9,290,47,13.6,11.5,1004.5,1011.4,.8,2.79,,,8,0,Ci,,1986,,,33.9,,,,
146,2022-04-23 14:00,24.3,,1.8,340,46,13.9,11.9,1003.3,1010.2,.9,2.57,,,8,0,Ci,,2000,,,33.1,,,,
146,2022-04-23 15:00,25.1,,.9,290,39,12.4,10.1,1002.5,1009.4,.8,2.16,,,9,0,Ci,,1748,,,33.6,,,,
146,2022-04-23 16:00,24.7,,1.6,270,40,12.4,10.1,1002,1008.8,.5,1.6,,,8,2,ScCi,8,2000,,,29,,,,
146,2022-04-23 17:00,24.8,,1,270,39,12.1,9.8,1002,1008.8,.5,1.11,,,7,1,ScCi,8,2000,,,26.5,,,,
146,2022-04-23 18:00,23.7,,1.4,270,40,11.6,9.2,1002.5,1009.4,.4,.69,,,9,0,Ci,,2000,,,22.9,,,,
146,2022-04-23 19:00,21.5,,1.7,250,58,14.8,12.8,1003,1010,0,.14,,,8,0,,,1700,,,19.7,,,,
146,2022-04-23 20:00,19.6,,2.6,230,62,14.1,12.1,1003.8,1010.8,0,0,,,9,1,,16,1062,,,17.9,,,,
146,2022-04-23 21:00,18.4,,.8,270,67,14.1,12.1,1004.6,1011.6,,,,,9,0,Ci,,1433,,,17,,,,
146,2022-04-23 22:00,16,,1.9,340,76,13.7,11.7,1004.8,1011.9,,,,,9,2,,,949,,19,15.5,,,,
146,2022-04-23 23:00,15,,1,360,81,13.7,11.7,1004.7,1011.9,,,,,5,0,,,685,,19,14.7,,,,
146,2022-04-24 00:00,14.6,,1.1,20,82,13.6,11.5,1004.6,1011.8,,,,,9,0,Ci,,715,,19,14.2,,,,
146,2022-04-24 01:00,14.1,,1.2,360,86,13.7,11.7,1004.5,1011.7,,,,,7,0,,,560,,19,13.7,,,,
146,2022-04-24 02:00,14.7,,.9,140,84,14,12,1004.3,1011.4,,,,,6,0,,,612,,19,13.3,,,,
146,2022-04-24 03:00,14.3,,.7,20,85,13.8,11.8,1004.5,1011.7,,,,,5,5,Sc,10,630,,19,12.8,,,,
146,2022-04-24 04:00,13.9,,.6,20,88,13.9,11.9,1005.1,1012.3,,,,,9,9,Sc,10,409,,19,14.7,,,,
146,2022-04-24 05:00,14.5,,.6,110,85,14,12,1005.2,1012.4,,,,,9,9,Sc,10,478,,19,14.9,,,,
146,2022-04-24 06:00,14.9,,.2,0,84,14.2,12.2,1005,1012.2,0,0,,,8,8,Sc,10,543,,19,14.8,,,,
146,2022-04-24 07:00,15.9,,1,140,81,14.6,12.6,1005,1012.1,0,.17,,,7,7,Sc,10,453,,19,16.2,,,,
146,2022-04-24 08:00,17.8,,.4,0,73,14.8,12.8,1005,1012.1,.1,.56,,,7,7,Sc,6,673,,19,18.5,,,,
146,2022-04-24 09:00,20.3,,.9,90,64,15.2,13.2,1004.8,1011.8,1,1.59,,,0,0,,,897,,4019,24.1,,,,
146,2022-04-24 10:00,21.2,,1.5,250,60,15.1,13.1,1004.6,1011.6,1,2.31,,,0,0,,,1788,,40,28.2,,,,
146,2022-04-24 11:00,22.9,,1.7,290,54,15,13,1004.5,1011.4,1,2.81,,,0,0,,,2000,,,33.1,,,,
146,2022-04-24 12:00,24,,2.5,290,52,15.5,13.5,1004.3,1011.2,1,3.11,,,0,0,,,2000,,,36.5,,,,
146,2022-04-24 13:00,24.8,,1.9,290,53,16.5,14.5,1003.4,1010.2,1,3.17,,,2,2,Sc,6,2000,,,37.9,,,,
146,2022-04-24 14:00,25,,3.1,270,52,16.4,14.4,1003,1009.9,.9,2.95,,,0,0,,,2000,,,38.5,,,,
146,2022-04-24 15:00,23.7,,3.5,270,59,17.3,15.2,1002.5,1009.4,1,2.79,,,0,0,,,1999,,,37.8,,,,
146,2022-04-24 16:00,22.3,,3.6,270,63,16.9,14.9,1002.8,1009.7,1,2.3,,,0,0,,,2000,,,34.3,,,,
146,2022-04-24 17:00,20.8,,2.8,270,65,15.9,13.9,1003.4,1010.4,1,1.65,,,0,0,,,2000,,,29.4,,,,
146,2022-04-24 18:00,19.8,,1.7,270,71,16.3,14.3,1003.8,1010.8,1,.86,,,0,0,,,1601,,,23.6,,,,
146,2022-04-24 19:00,17.8,,1.9,290,80,16.2,14.2,1004,1011.1,.1,.18,,,3,0,,,1015,,,19.6,,,,
146,2022-04-24 20:00,16.9,,2.5,290,84,16.1,14.1,1005,1012.1,0,.01,,,4,4,,4,734,,19,17.6,,,,
146,2022-04-24 21:00,16.7,,.9,230,84,15.9,13.9,1005.7,1012.8,,,,,4,4,Sc,10,705,,19,16.8,,,,
146,2022-04-24 22:00,16.7,,.6,250,85,16.1,14.1,1006,1013.1,,,,,4,4,,72,707,,19,15.6,,,,
146,2022-04-24 23:00,15.8,,.9,360,89,15.9,13.9,1006,1013.2,,,,,9,5,,5,533,,19,16.5,,,,
146,2022-04-25 00:00,16.6,,.6,20,86,16.2,14.2,1005.7,1012.8,,,,,9,9,Sc,,600,,19,17.4,,,,
146,2022-04-25 01:00,16.5,,1.1,340,87,16.3,14.3,1006,1013.1,,,,,9,9,,4,493,,19,17.4,,,,
146,2022-04-25 02:00,16.7,,.3,0,85,16.1,14.1,1005.8,1012.9,,,,,6,6,,4,521,,19,17.3,,,,
146,2022-04-25 03:00,15,,1.5,50,90,15.3,13.3,1005.7,1012.9,,,,,9,9,Sc,10,455,,19,15.5,,,,
146,2022-04-25 04:00,15.4,,1,50,88,15.4,13.4,1005.9,1013.1,,,,,10,10,St,5,396,,19,16.4,,,,
146,2022-04-25 05:00,15.6,,1.5,50,87,15.4,13.4,1006,1013.2,,,,,10,10,St,4,567,,19,16.5,,,,
146,2022-04-25 06:00,15.9,,1.6,90,85,15.3,13.3,1006.3,1013.5,0,0,,,10,10,St,4,635,,19,15.9,,,,
146,2022-04-25 07:00,16.3,,1.4,90,83,15.4,13.4,1006.9,1014,0,.21,,,9,0,Ci,,735,,19,16.1,,,,
146,2022-04-25 08:00,17.1,,1.4,110,81,15.8,13.8,1006.6,1013.7,.5,.73,,,2,0,Ci,,700,,19,18.3,,,,
146,2022-04-25 09:00,19.4,,1.2,90,69,15.5,13.5,1006.6,1013.6,1,1.54,,,5,0,Ci,,1149,,19,23.9,,,,
146,2022-04-25 10:00,21.3,,1,20,61,15.4,13.4,1006.1,1013.1,1,2.3,,,6,0,CsCi,,1348,,,28.6,,,,
146,2022-04-25 11:00,23.8,,1.3,340,55,16.2,14.2,1005.7,1012.6,1,2.83,,,8,0,Ci,,1931,,,34.4,,,,
146,2022-04-25 12:00,24.5,,1.2,340,46,14.1,12.1,1004.9,1011.8,.8,2.35,,,8,0,Cs,,2000,,,33,,,,
146,2022-04-25 13:00,25.5,,1.8,340,39,12.7,10.5,1004,1010.9,.6,2.24,,,10,0,Cs,,2000,,,33,,,,
146,2022-04-25 14:00,25.4,,1.2,290,40,12.9,10.8,1003.2,1010.1,0,1.48,,,10,0,Cs,,2000,,,29.5,,,,
146,2022-04-25 15:00,25.7,,.6,290,44,14.5,12.5,1002.7,1009.6,0,1,,,10,8,ScCs,10,2000,,,27.3,,,,
146,2022-04-25 16:00,24.7,,1.1,50,47,14.6,12.6,1001.7,1008.5,0,.57,,,10,3,ScCs,10,1988,,,25.4,,,,
146,2022-04-25 17:00,24.7,,.8,290,46,14.2,12.2,1001.8,1008.6,0,.41,,,10,8,ScAs,10,1992,,,23.2,,,,
146,2022-04-25 18:00,23.4,,1,20,51,14.6,12.6,1000.8,1007.7,0,.2,,,10,3,ScAs,10,1927,,,22.2,,,,
146,2022-04-25 19:00,23.5,,.5,290,50,14.4,12.4,1001.2,1008.1,0,.05,,,10,6,,47,1813,,,20.5,,,,
146,2022-04-25 20:00,22.7,,1.7,230,56,15.4,13.4,1002.6,1009.5,0,0,,,10,9,,36,1579,,,19.5,,,,
146,2022-04-25 21:00,22,0,.6,90,57,15,13,1001.6,1008.5,,,,,10,4,ScAs,8,1775,,01,19.2,,,,
146,2022-04-25 22:00,19.7,1,.8,110,71,16.2,14.2,1000.2,1007.2,,,,,10,4,ScAs,8,457,,01,18.5,,,,
146,2022-04-25 23:00,17.6,4.6,.4,0,92,18.4,16.2,999.6,1006.6,,,,,10,7,StNs,5,328,,01,18.1,,,,
146,2022-04-26 00:00,16.4,5.9,1,20,95,17.6,15.5,998.3,1005.4,,,,,10,8,StNs,,135,,01,17.8,,,,
146,2022-04-26 01:00,16,7.3,1.4,140,95,17.2,15.1,996.2,1003.3,,,,,10,6,StNs,6,615,,01,17.3,,,,
146,2022-04-26 02:00,16.8,.3,1.5,110,92,17.5,15.4,995.1,1002.1,,,,,10,7,StNs,6,1968,,01,17.6,,,,
146,2022-04-26 03:00,17.4,0,.9,140,91,18.1,15.9,994.3,1001.3,,,,,10,8,StNs,6,2000,,01,17.8,,,,
146,2022-04-26 04:00,18.6,0,1.4,180,89,19,16.7,993.9,1000.9,,,,,10,8,StNs,5,1450,,01,18.1,,,,
146,2022-04-26 05:00,18.4,1.3,1,140,95,20,17.5,993.6,1000.6,,,,,10,9,StNs,4,227,,01,18.3,,,,
146,2022-04-26 06:00,17.4,3.5,1.5,340,96,19,16.7,993.6,1000.6,0,0,,,10,10,St,6,162,,01,18.2,,,,
146,2022-04-26 07:00,17.9,6.3,.7,250,97,19.9,17.4,993.9,1000.9,0,.02,,,10,10,St,8,180,,01,18.3,,,,
146,2022-04-26 08:00,17,3.5,1.7,320,97,18.8,16.5,994.2,1001.2,0,.07,,,10,10,St,10,168,,01,18.3,,,,
146,2022-04-26 09:00,16.8,3.9,1,320,97,18.5,16.3,994.4,1001.4,0,.13,,,10,10,St,8,176,,01,18.5,,,,
146,2022-04-26 10:00,17.1,.7,0,0,97,18.9,16.6,994.7,1001.7,0,.3,,,10,9,ScNs,9,292,,01,19.6,,,,
146,2022-04-26 11:00,18.1,.5,.2,0,93,19.2,16.9,994.7,1001.7,0,.65,,,10,7,ScAs,10,2000,,01,22.3,,,,
146,2022-04-26 12:00,18.3,,2.1,320,90,18.9,16.6,994.7,1001.7,0,.83,,,10,8,ScAs,10,2000,,,21.7,,,,
146,2022-04-26 13:00,18.1,0,1.3,320,91,18.9,16.6,995.4,1002.4,0,.29,,,10,9,ScAs,10,1090,,01,20.5,,,,
146,2022-04-26 14:00,18.5,0,1.4,320,90,19.1,16.8,995.3,1002.3,0,.46,,,10,8,ScAs,10,871,,01,22.1,,,,
146,2022-04-26 15:00,19.8,,1.3,230,87,20,17.5,995.4,1002.3,0,1.17,,,10,9,ScAs,10,1401,,,24.3,,,,
146,2022-04-26 16:00,19.7,,2.5,230,85,19.5,17.1,995.6,1002.5,0,.93,,,10,7,ScAs,10,1279,,,22.4,,,,
146,2022-04-26 17:00,19.5,,2,230,84,19,16.7,996,1002.9,0,.52,,,10,7,ScAs,10,1321,,,22,,,,
146,2022-04-26 18:00,19.1,,2.6,230,82,18.1,15.9,996.7,1003.7,0,.49,,,7,1,ScCi,10,777,,19,20.4,,,,
146,2022-04-26 19:00,18,,2,230,83,17,15,997.7,1004.7,0,.21,,,9,9,,10,510,,19,18.6,,,,
146,2022-04-26 20:00,17.7,,1.2,200,81,16.3,14.3,999.1,1006.1,0,.01,,,9,9,,12,594,,19,17.6,,,,
146,2022-04-26 21:00,16.9,,1.6,250,84,16.1,14.1,1000.6,1007.7,,,,,6,0,Ci,,601,,19,16.6,,,,
146,2022-04-26 22:00,16.2,,.4,0,87,16,14,1001.6,1008.7,,,,,0,0,,,573,,19,15.8,,,,
146,2022-04-26 23:00,15.5,,1.7,270,89,15.6,13.6,1002,1009.1,,,,,0,0,,,450,,19,15.1,,,,
146,2022-04-27 00:00,14,,.4,0,90,14.3,12.3,1002.6,1009.8,,,,,3,0,Ci,,654,,19,14.4,,,,
146,2022-04-27 01:00,13.6,,1.2,250,91,14.1,12.1,1003.5,1010.7,,,,,7,7,,2,591,,19,15,,,,
146,2022-04-27 02:00,12.7,,1.3,230,93,13.6,11.5,1004,1011.2,,,,,7,4,,1,451,,19,13.7,,,,
146,2022-04-27 03:00,12.2,,.4,0,96,13.6,11.5,1004.7,1011.9,,,,,7,0,Ci,,250,,19,13.6,,,,
146,2022-04-27 04:00,12.3,,0,0,96,13.7,11.6,1005.3,1012.5,,,,,7,0,Ci,,212,,19,13.8,,,,
146,2022-04-27 05:00,12,,.9,140,96,13.4,11.3,1005.6,1012.9,,,,,6,0,Ci,,265,,19,13.1,,,,
146,2022-04-27 06:00,11.4,,.6,20,95,12.8,10.6,1006.5,1013.8,0,0,,,4,0,Ci,,228,,19,12.3,,,,
146,2022-04-27 07:00,12.3,,.8,340,86,12.3,10,1006.8,1014,.4,.34,,,6,0,Ci,,414,,19,13.5,,,,
146,2022-04-27 08:00,13.1,,1.7,340,63,9.5,6.2,1007.1,1014.3,1,.84,,,7,0,Ci,,1459,,19,15.5,,,,
146,2022-04-27 09:00,14.8,,2,320,51,8.5,4.7,1007.8,1015,1,1.45,,,7,0,Ci,,1813,,,19.7,,,,
146,2022-04-27 10:00,17.2,,1.1,320,40,7.8,3.4,1008.2,1015.3,1,2.16,,,6,0,Ci,,1896,,,23.4,,,,
146,2022-04-27 11:00,17.6,,1,290,37,7.4,2.7,1008.2,1015.3,1,2.73,,,5,0,Ci,,1962,,,26.7,,,,
146,2022-04-27 12:00,19.4,,1.2,270,37,8.3,4.3,1008,1015,1,3.09,,,5,0,Ci,,2000,,,29.4,,,,
146,2022-04-27 13:00,20.4,,1.7,320,34,8.1,3.9,1007.6,1014.6,1,3.21,,,6,0,Ci,,1967,,,30.7,,,,
146,2022-04-27 14:00,20.5,,2.5,270,34,8.1,4,1007.8,1014.8,1,2.89,,,7,0,Ci,,2000,,,29.2,,,,
146,2022-04-27 15:00,21.3,,2.2,290,33,8.3,4.3,1007.5,1014.5,1,2.71,,,7,0,Ci,,1992,,,28.8,,,,
146,2022-04-27 16:00,20.1,,3,250,43,10.1,7.1,1007.5,1014.6,1,2.15,,,7,0,Ci,,1579,,,25.9,,,,
146,2022-04-27 17:00,19.3,,3.2,230,46,10.2,7.3,1007.2,1014.2,1,1.51,,,6,0,Ci,,1625,,,22.5,,,,
146,2022-04-27 18:00,17.6,,3.2,270,50,10,7,1007.9,1015,1,.86,,,2,0,Ci,,1367,,,18.6,,,,
146,2022-04-27 19:00,15.9,,3.1,250,41,7.4,2.6,1008.9,1016.1,.1,.21,,,1,0,Ci,,1593,,42,15.2,,,,
146,2022-04-27 20:00,14.9,,1.6,230,47,7.9,3.6,1009.7,1016.9,0,.01,,,0,0,,,1490,,42,14.2,,,,
146,2022-04-27 21:00,14.3,,.7,250,48,7.8,3.4,1010.5,1017.7,,,,,0,0,,,1559,,42,13.7,,,,
146,2022-04-27 22:00,13.2,,1.8,230,60,9,5.5,1011,1018.2,,,,,0,0,,,1626,,42,13,,,,
146,2022-04-27 23:00,12.4,,1.2,250,65,9.3,5.9,1011.3,1018.6,,,,,5,0,Ci,,1843,,42,12.8,,,,
146,2022-04-28 00:00,12,,1.5,230,67,9.3,6,1011.3,1018.6,,,,,6,0,Ci,,1944,,42,12.3,,,,
146,2022-04-28 01:00,11.5,,.6,230,67,9,5.5,1011,1018.3,,,,,5,0,Ci,,1997,,42,12.1,,,,
146,2022-04-28 02:00,11.4,,.6,180,72,9.7,6.5,1010.9,1018.2,,,,,5,0,Ci,,1884,,42,11.9,,,,
146,2022-04-28 03:00,10.9,,.7,110,75,9.7,6.6,1010.9,1018.2,,,,,6,0,Ci,,1968,,,12,,,,
146,2022-04-28 04:00,9.9,,.9,50,78,9.5,6.2,1011.1,1018.5,,,,,3,0,Ci,,1768,,,11.3,,,,
146,2022-04-28 05:00,9.9,,.5,70,79,9.6,6.4,1011,1018.4,,,,,2,0,Ci,,1802,,,11,,,,
146,2022-04-28 06:00,9.9,,1.2,110,78,9.5,6.2,1010.8,1018.2,0,0,,,0,0,,,1949,,,10.9,,,,
146,2022-04-28 07:00,10.7,,.8,160,77,9.9,6.8,1010.9,1018.2,0,.25,,,0,0,,,2000,,,12.2,,,,
146,2022-04-28 08:00,13.2,,.9,340,69,10.4,7.6,1011.5,1018.8,1,.83,,,0,0,,,1984,,,15.3,,,,
146,2022-04-28 09:00,15.6,,1.2,110,60,10.6,7.8,1010.7,1017.9,1,1.53,,,0,0,,,2000,,,20.4,,,,
146,2022-04-28 10:00,17.9,,.5,230,50,10.2,7.3,1009.5,1016.6,1,2.17,,,0,0,,,1999,,,24.5,,,,
146,2022-04-28 11:00,20.8,,1.3,230,43,10.5,7.7,1008.7,1015.7,1,2.71,,,0,0,,,2000,,,24.4,,,,
146,2022-04-28 12:00,24,,1.6,270,44,13,10.9,1007.7,1014.6,1,2.97,,,3,0,Ci,,2000,,,26.7,,,,
146,2022-04-28 13:00,23.2,,3.3,270,46,13,10.9,1007.5,1014.4,.9,2.97,,,6,0,Ci,,2000,,,26.9,,,,
146,2022-04-28 14:00,20.4,,4.4,270,50,11.9,9.6,1007.7,1014.7,.7,2.47,,,8,0,Ci,,1956,,,25,,,,
146,2022-04-28 15:00,18.4,,4.3,270,51,10.7,8,1008.3,1015.4,.6,2.07,,,10,5,ScAs,12,2000,,,22.5,,,,
146,2022-04-28 16:00,18.1,,3.1,270,50,10.4,7.5,1008.5,1015.6,.1,1.29,,,8,5,ScAc,12,2000,,,21.7,,,,
146,2022-04-28 17:00,17.4,,1.9,270,41,8.1,3.9,1007.8,1014.9,.2,1.04,,,8,5,ScAc,12,2000,,,20.8,,,,
146,2022-04-28 18:00,17.3,,.8,160,38,7.5,2.8,1007.7,1014.8,0,.5,,,6,6,Ac,45,2000,,,19.2,,,,
146,2022-04-28 19:00,17.2,,.3,0,43,8.4,4.4,1007,1014.1,0,.14,,,8,3,,43,2000,,,18.3,,,,
146,2022-04-28 20:00,16.3,,1.4,340,50,9.2,5.8,1007.4,1014.5,0,0,,,6,1,,17,2000,,,17.5,,,,
146,2022-04-28 21:00,16.1,,1.6,340,58,10.6,7.8,1008,1015.2,,,,,8,8,Ac,45,2000,,,17.1,,,,
146,2022-04-28 22:00,15.5,,1.1,320,58,10.2,7.2,1007.7,1014.9,,,,,10,3,,18,1962,,,16.7,,,,
146,2022-04-28 23:00,16,,.6,90,54,9.7,6.6,1006.4,1013.5,,,,,10,3,,18,1927,,,16.6,,,,
146,2022-04-29 00:00,15.9,,.6,200,56,10.1,7.1,1006,1013.1,,,,,10,9,ScAs,13,2000,,,16.2,,,,
146,2022-04-29 01:00,15.7,,.4,0,59,10.4,7.6,1005.9,1013.1,,,,,10,10,,38,2000,,,16,,,,
146,2022-04-29 02:00,14.9,,1.4,230,64,10.8,8.1,1006.1,1013.3,,,,,10,10,,32,1975,,,15.6,,,,
146,2022-04-29 03:00,13.9,.1,1.6,270,74,11.7,9.3,1005.5,1012.7,,,,,10,7,ScAs,10,953,,1901,15.5,,,,
146,2022-04-29 04:00,12.1,2.5,2.1,230,90,12.7,10.5,1005.7,1012.9,,,,,10,4,ScNs,8,289,,1901,14.7,,,,
146,2022-04-29 05:00,11.8,3.1,1.5,230,95,13.1,11,1004.3,1011.5,,,,,10,6,ScNs,6,290,,1901,14.7,,,,
146,2022-04-29 06:00,11.5,3.3,1.1,230,95,12.9,10.7,1004.5,1011.8,0,0,,,10,7,ScNs,4,264,,1901,14.5,,,,
146,2022-04-29 07:00,11.2,2.6,1.5,20,96,12.7,10.5,1004.9,1012.2,0,.02,,,10,4,ScNs,9,661,,1901,14.6,,,,
146,2022-04-29 08:00,11.1,1,2,360,93,12.3,10,1005.6,1012.9,0,.13,,,10,7,StNs,7,1511,,1901,14.9,,,,
146,2022-04-29 09:00,11.5,.2,1.7,360,89,12,9.7,1006.3,1013.6,0,.5,,,10,7,ScAs,10,2000,,01,16.3,,,,
146,2022-04-29 10:00,12.3,,1.2,360,84,11.9,9.6,1006.7,1013.9,0,.79,,,10,5,ScAs,10,2000,,,17.4,,,,
146,2022-04-29 11:00,14.4,,1.7,360,72,11.8,9.4,1007,1014.2,.4,2.13,,,6,5,ScAc,10,2000,,,21.8,,,,
146,2022-04-29 12:00,15.5,,1.2,50,62,10.9,8.2,1006.9,1014.1,.9,2.9,,,6,6,Sc,12,2000,,,26.2,,,,
146,2022-04-29 13:00,16.5,,3.6,340,58,10.8,8.1,1007.1,1014.2,.8,2.61,,,5,5,Sc,12,2000,,,26.5,,,,
146,2022-04-29 14:00,17.6,,2.5,340,52,10.4,7.6,1007.2,1014.3,1,3.29,,,6,6,Sc,12,2000,,,29.2,,,,
146,2022-04-29 15:00,17.5,,2.9,340,52,10.4,7.5,1007.2,1014.3,1,3.03,,,6,6,Sc,12,2000,,,29.2,,,,
146,2022-04-29 16:00,16.5,,2.9,340,53,9.9,6.8,1007.3,1014.4,.8,2.03,,,7,7,Sc,12,2000,,,25.5,,,,
146,2022-04-29 17:00,16.6,,2.2,360,54,10.2,7.2,1008.1,1015.2,.6,1.26,,,7,7,Sc,12,2000,,,24,,,,
146,2022-04-29 18:00,15.6,,2.6,20,54,9.5,6.3,1008.7,1015.9,0,.51,,,9,9,Sc,12,2000,,,20.6,,,,
146,2022-04-29 19:00,14.8,,1.8,50,55,9.2,5.8,1009.3,1016.5,0,.18,,,5,5,,15,2000,,,18.1,,,,
146,2022-04-29 20:00,14,,1.8,50,57,9.1,5.6,1009.8,1017,0,0,,,9,4,,15,2000,,,16.2,,,,
146,2022-04-29 21:00,12.9,,.9,50,63,9.3,6,1010.9,1018.2,,,,,0,0,,,2000,,,15.1,,,,
146,2022-04-29 22:00,12.7,,.7,50,63,9.2,5.8,1012.2,1019.5,,,,,1,0,,,2000,,,14.4,,,,
146,2022-04-29 23:00,12.6,,.9,110,65,9.4,6.1,1012.2,1019.5,,,,,5,1,,15,2000,,,14.2,,,,
146,2022-04-30 00:00,12.5,,.7,70,70,10.1,7.1,1012.5,1019.8,,,,,9,9,,,2000,,,14.7,,,,
146,2022-04-30 01:00,12.1,,1.3,140,72,10.1,7.1,1012.4,1019.7,,,,,8,8,,9,2000,,,14.4,,,,
146,2022-04-30 02:00,12,,1.3,110,71,9.9,6.8,1012.2,1019.5,,,,,7,4,,15,2000,,,13.9,,,,
146,2022-04-30 03:00,12.1,,1.2,140,73,10.2,7.3,1012.1,1019.4,,,,,9,9,Sc,10,2000,,,14.2,,,,
146,2022-04-30 04:00,12.5,,.7,140,70,10.1,7.1,1012.4,1019.7,,,,,9,9,Sc,10,2000,,,14.4,,,,
146,2022-04-30 05:00,12.6,,1.1,160,71,10.3,7.4,1012.5,1019.8,,,,,9,9,Sc,10,2000,,,14.2,,,,
146,2022-04-30 06:00,12.4,,1,110,72,10.3,7.4,1012.5,1019.8,0,0,,,9,9,Sc,10,2000,,,14.4,,,,
146,2022-04-30 07:00,12.5,,.8,140,72,10.4,7.5,1012.7,1020,0,.04,,,9,9,Sc,10,2000,,,14.5,,,,
146,2022-04-30 08:00,12.9,0,1,180,70,10.4,7.5,1012.4,1019.7,0,.18,,,9,9,Sc,10,2000,,01,14.9,,,,
146,2022-04-30 09:00,13.9,,.7,340,71,11.2,8.7,1012.7,1019.9,0,.56,,,9,9,Sc,10,2000,,,16.5,,,,
146,2022-04-30 10:00,14.3,,1.4,340,74,12,9.7,1012.5,1019.7,0,.98,,,9,9,Sc,10,2000,,,18.3,,,,
146,2022-04-30 11:00,14.8,,1.7,250,73,12.2,9.9,1012,1019.2,.1,.99,,,9,9,Sc,10,2000,,,18.6,,,,
146,2022-04-30 12:00,14.3,,3.3,270,73,11.9,9.5,1011.3,1018.5,.1,1,,,9,9,Sc,10,1993,,,18.1,,,,
146,2022-04-30 13:00,14.7,,2,250,69,11.5,9,1010.8,1018,0,.6,,,9,9,Sc,10,2000,,,17.6,,,,
146,2022-04-30 14:00,15.8,,3.1,230,64,11.4,8.9,1010.3,1017.5,.2,1.25,,,9,9,Sc,10,2000,,,20.3,,,,
146,2022-04-30 15:00,16.4,,3.7,250,63,11.7,9.3,1009.6,1016.8,.5,1.84,,,6,6,Sc,12,2000,,,22,,,,
146,2022-04-30 16:00,15.4,,3.9,270,69,12,9.7,1009.4,1016.6,.9,2.13,,,7,5,ScCi,10,1783,,,22.3,,,,
146,2022-04-30 17:00,14.3,,3,270,72,11.7,9.3,1009.3,1016.5,.6,1.28,,,7,5,ScCi,10,1667,,,19.5,,,,
146,2022-04-30 18:00,13,,2.5,270,77,11.5,9,1009.1,1016.3,.1,.52,,,8,5,ScCi,10,1284,,,17.5,,,,
146,2022-04-30 19:00,12.3,,2.3,230,79,11.2,8.7,1009.2,1016.5,0,.12,,,9,9,,4,1178,,,15.9,,,,
146,2022-04-30 20:00,11.9,,2.1,230,80,11.1,8.5,1009.5,1016.8,0,0,,,10,4,,5,1376,,,14.9,,,,
146,2022-04-30 21:00,11.5,,2.6,270,80,10.8,8.1,1010.3,1017.6,,,,,9,7,ScCi,10,1166,,,14.5,,,,
146,2022-04-30 22:00,10.8,,2.4,270,77,9.9,6.9,1010.4,1017.7,,,,,10,0,,,1454,,,13.6,,,,
146,2022-04-30 23:00,10.6,,1.7,250,77,9.8,6.7,1010.1,1017.4,,,,,10,8,,55,1331,,,13.1,,,,
146,2022-05-01 00:00,10.5,,.4,0,79,10,7,1010.2,1017.5,,,,,9,7,,,1033,,,13.1,,,,
146,2022-05-01 01:00,10.4,,1.4,270,83,10.4,7.6,1009.9,1017.2,,,,,9,8,,4,728,,19,13.1,,,,
146,2022-05-01 02:00,10.1,,1,290,86,10.6,7.8,1009.7,1017,,,,,10,6,,3,402,,19,13,,,,
146,2022-05-01 03:00,9.7,,.8,230,88,10.6,7.8,1009.2,1016.5,,,,,9,3,ScCi,10,458,,19,12.4,,,,
146,2022-05-01 04:00,9.2,,1.1,230,87,10.1,7.1,1009,1016.3,,,,,6,0,Ci,,427,,19,11.8,,,,
146,2022-05-01 05:00,8.9,,0,0,87,9.9,6.8,1008.8,1016.2,,,,,6,0,Ci,,515,,19,11.1,,,,
146,2022-05-01 06:00,8.6,,.5,90,89,9.9,6.8,1008.6,1016,0,.01,,,5,0,Ci,,575,,19,10.7,,,,
146,2022-05-01 07:00,9,,1.3,140,88,10.1,7.1,1008.4,1015.7,.1,.25,,,4,0,Ci,,487,,19,11.5,,,,
146,2022-05-01 08:00,10.9,,.7,180,75,9.7,6.6,1008.9,1016.2,1,1.01,,,0,0,,,762,,19,12.7,,,,
146,2022-05-01 09:00,11.9,,2,270,64,8.8,5.2,1008.9,1016.2,1,1.78,,,0,0,,,1275,,19,16.1,,,,
146,2022-05-01 10:00,13.5,,1.5,230,56,8.6,4.8,1008.7,1015.9,1,2.45,,,0,0,,,1648,,,20.1,,,,
146,2022-05-01 11:00,15.4,,1.6,270,49,8.5,4.7,1008.8,1016,1,2.98,,,0,0,,,2000,,,23.5,,,,
146,2022-05-01 12:00,16.5,,2.1,320,36,6.7,1.3,1008.2,1015.3,1,3.12,,,1,1,Sc,10,2000,,,25.4,,,,
146,2022-05-01 13:00,17.4,,2.7,250,31,6.1,0,1007.4,1014.5,1,3.44,,,0,0,,,2000,,,27.1,,,,
146,2022-05-01 14:00,17.7,,3.9,270,26,5.3,-2,1007.3,1014.4,1,3.12,,,2,1,ScCi,10,2000,,,26.1,,,,
146,2022-05-01 15:00,17.5,,3.9,270,28,5.6,-1.2,1007,1014.1,1,2.9,,,1,0,Ci,,2000,,,26,,,,
146,2022-05-01 16:00,16.9,,3.6,270,27,5.2,-2.2,1006.8,1013.9,1,2.43,,,1,0,Ci,,2000,,,24.5,,,,
146,2022-05-01 17:00,16.5,,3.7,270,30,5.6,-1.1,1006.5,1013.6,1,1.77,,,0,0,,,2000,,,21.8,,,,
146,2022-05-01 18:00,15.6,,3.2,270,27,4.8,-3.3,1006.7,1013.9,1,1,,,0,0,,,2000,,,17,,,,
146,2022-05-01 19:00,14.1,,2.2,270,39,6.2,.3,1006.8,1014,.8,.29,,,0,0,,,2000,,,14.8,,,,
146,2022-05-01 20:00,13,,2.2,230,52,7.7,3.3,1007.1,1014.3,0,.01,,,3,0,,,2000,,,13.6,,,,
146,2022-05-01 21:00,12.5,,1.1,180,52,7.5,2.8,1007.3,1014.5,,,,,0,0,,,2000,,,12.9,,,,
146,2022-05-01 22:00,12.1,,1,160,49,6.9,1.6,1007.4,1014.7,,,,,0,0,,,2000,,,12.3,,,,
146,2022-05-01 23:00,10.9,,1,160,51,6.6,1.1,1007.1,1014.4,,,,,0,0,,,2000,,,11.8,,,,
146,2022-05-02 00:00,10.9,,1,90,53,6.9,1.6,1007.1,1014.4,,,,,0,0,,,2000,,,11.4,,,,
146,2022-05-02 01:00,10.9,,1.1,200,59,7.6,3.1,1007,1014.3,,,,,1,0,,,2000,,,11.1,,,,
146,2022-05-02 02:00,11.4,,1.4,200,60,8,3.8,1006.8,1014.1,,,,,8,0,,,2000,,,11,,,,
146,2022-05-02 03:00,9.7,,1,140,64,7.7,3.2,1006.7,1014,,,,,5,5,Sc,10,2000,,,10.9,,,,
146,2022-05-02 04:00,10.4,,1.1,200,66,8.3,4.3,1006.5,1013.8,,,,,5,5,Sc,10,2000,,,10.9,,,,
146,2022-05-02 05:00,11.2,,1.2,230,72,9.5,6.3,1006.6,1013.9,,,,,4,4,Sc,10,1777,,,11.5,,,,
146,2022-05-02 06:00,10.9,,.8,110,69,9,5.4,1006.5,1013.8,0,0,,,7,7,Sc,10,1996,,,11.9,,,,
146,2022-05-02 07:00,11.3,,.7,140,71,9.5,6.2,1006.7,1014,0,.17,,,2,2,Sc,10,1917,,,12.5,,,,
146,2022-05-02 08:00,13.3,,.9,110,65,9.9,6.8,1006.6,1013.8,.7,.79,,,4,4,Sc,10,1964,,,13.7,,,,
146,2022-05-02 09:00,15,,.8,160,62,10.5,7.7,1007,1014.2,1,1.7,,,3,3,Sc,10,1859,,,17.4,,,,
146,2022-05-02 10:00,16,,.9,140,52,9.4,6.1,1006.7,1013.8,1,2.38,,,4,4,Ac,40,2000,,,21.2,,,,
146,2022-05-02 11:00,18.1,,.9,360,47,9.7,6.5,1006.8,1013.9,1,2.91,,,2,2,Sc,10,2000,,,25,,,,
146,2022-05-02 12:00,18.1,,2.3,290,37,7.6,3.1,1006.7,1013.8,1,3.09,,,1,1,Sc,10,2000,,,26.6,,,,
146,2022-05-02 13:00,18.8,,3,250,38,8.2,4.1,1006.2,1013.2,1,3.09,,,3,3,Sc,10,2000,,,26,,,,
146,2022-05-02 14:00,19.1,,3.8,270,33,7.3,2.4,1006.2,1013.2,.9,3.05,,,3,3,Sc,10,2000,,,26,,,,
146,2022-05-02 15:00,18.9,,4,250,36,7.8,3.4,1005.9,1012.9,1,2.73,,,1,1,Sc,10,2000,,,26.5,,,,
146,2022-05-02 16:00,18.5,,4.1,270,28,6,-.3,1005.8,1012.8,1,2.18,,,0,0,,,2000,,,24.5,,,,
146,2022-05-02 17:00,17.3,,4.4,270,31,6.1,0,1006.4,1013.5,1,1.83,,,0,0,,,2000,,,21.9,,,,
146,2022-05-02 18:00,15.2,,4.5,290,33,5.7,-.9,1007,1014.2,1,1.08,,,0,0,,,2000,,,16.8,,,,
146,2022-05-02 19:00,13.9,,3.4,250,37,5.9,-.5,1007.7,1014.9,.8,.34,,,0,0,,,2000,,,14.3,,,,
146,2022-05-02 20:00,12.7,,1.7,250,48,7,1.9,1008.4,1015.6,0,.01,,,0,0,,,2000,,,13.4,,,,
146,2022-05-02 21:00,11.7,,1.7,250,54,7.4,2.6,1009.5,1016.8,,,,,0,0,,,2000,,,12.7,,,,
146,2022-05-02 22:00,11.3,,1.5,230,55,7.3,2.5,1010.1,1017.4,,,,,5,0,,,2000,,,12.1,,,,
146,2022-05-02 23:00,10.7,,1.2,200,56,7.2,2.2,1010.6,1017.9,,,,,6,0,,,2000,,,11.6,,,,
146,2022-05-03 00:00,9.9,,.5,160,61,7.4,2.7,1011.1,1018.5,,,,,0,0,,,2000,,,11.1,,,,
146,2022-05-03 01:00,8.9,,1.3,110,66,7.5,2.8,1011.5,1018.9,,,,,0,0,,,2000,,,10.6,,,,
146,2022-05-03 02:00,7.8,,1.5,140,70,7.4,2.6,1011.7,1019.1,,,,,7,0,,,2000,,,10.2,,,,
146,2022-05-03 03:00,7,,1.2,160,72,7.2,2.2,1011.7,1019.1,,,,,0,0,,,2000,,,9.7,,,,
146,2022-05-03 04:00,7,,.9,140,76,7.6,3,1012.1,1019.5,,,,,0,0,,,2000,,,9.3,,,,
146,2022-05-03 05:00,6.6,,1.1,140,73,7.1,2,1012.2,1019.7,,,,,0,0,,,2000,,,9,,,,
146,2022-05-03 06:00,6.5,,1.4,110,76,7.3,2.5,1012.7,1020.2,0,.01,,,0,0,,,2000,,,8.9,,,,
146,2022-05-03 07:00,8.2,,1.1,140,69,7.5,2.8,1013.4,1020.8,.9,.36,,,0,0,,,2000,,,9.7,,,,
146,2022-05-03 08:00,10.7,,1,140,62,8,3.7,1013.5,1020.9,1,1.04,,,0,0,,,2000,,,11.4,,,,
146,2022-05-03 09:00,13.1,,.9,70,56,8.4,4.5,1013.8,1021.1,1,1.79,,,0,0,,,2000,,,16.2,,,,
146,2022-05-03 10:00,15.2,,.8,290,45,7.7,3.3,1013.7,1020.9,1,2.47,,,0,0,,,2000,,,20.6,,,,
146,2022-05-03 11:00,18,,1.8,320,39,8,3.8,1013.9,1021,1,2.99,,,0,0,,,2000,,,24.4,,,,
146,2022-05-03 12:00,17.8,,2.8,270,39,7.9,3.6,1013.8,1020.9,1,3.31,,,0,0,,,2000,,,25.9,,,,
146,2022-05-03 13:00,18.7,,2.4,250,28,6,-.2,1013.3,1020.4,1,3.47,,,0,0,,,2000,,,27.5,,,,
146,2022-05-03 14:00,19.1,,2.9,270,30,6.6,1,1013,1020.1,1,3.38,,,0,0,,,2000,,,28,,,,
146,2022-05-03 15:00,20.2,,2.6,230,30,7.1,2,1012.2,1019.3,1,3.01,,,0,0,,,2000,,,28.1,,,,
146,2022-05-03 16:00,20.8,,2.4,270,35,8.5,4.7,1011.7,1018.8,1,2.44,,,0,0,,,2000,,,26.9,,,,
146,2022-05-03 17:00,20.1,,2.3,270,35,8.2,4.1,1011.7,1018.8,1,1.78,,,0,0,,,2000,,,24.4,,,,
146,2022-05-03 18:00,18.4,,3.1,290,38,8,3.8,1011.8,1018.9,1,1.02,,,0,0,,,2000,,,19.5,,,,
146,2022-05-03 19:00,16.5,,2.2,270,35,6.5,.9,1012.2,1019.4,.8,.32,,,0,0,,,2000,,,16.6,,,,
146,2022-05-03 20:00,15.3,,2.5,250,40,6.9,1.7,1012.6,1019.8,0,.01,,,0,0,,,2000,,,14.9,,,,
146,2022-05-03 21:00,14.3,,1.3,250,45,7.3,2.5,1013.1,1020.3,,,,,0,0,,,2000,,,14.1,,,,
146,2022-05-03 22:00,14.2,,.9,250,51,8.2,4.1,1013.5,1020.7,,,,,0,0,,,2000,,,13.5,,,,
146,2022-05-03 23:00,12.4,,1.7,110,56,8,3.8,1013.5,1020.8,,,,,5,0,,,2000,,,12.9,,,,
146,2022-05-04 00:00,11.6,,1.4,110,60,8.1,4,1013.3,1020.6,,,,,0,0,,,2000,,,12.3,,,,
146,2022-05-04 01:00,10.9,,1.3,110,62,8,3.8,1013.3,1020.6,,,,,4,0,,,2000,,,11.8,,,,
146,2022-05-04 02:00,10.2,,1.6,140,65,8.1,3.9,1013.2,1020.6,,,,,4,0,,,2000,,,11.4,,,,
146,2022-05-04 03:00,9.4,,1.5,140,68,8,3.7,1012.9,1020.3,,,,,0,0,,,2000,,,11,,,,
146,2022-05-04 04:00,9.6,,1.3,140,68,8.1,3.9,1012.4,1019.8,,,,,0,0,,,2000,,,10.6,,,,
146,2022-05-04 05:00,9.5,,1,140,69,8.1,4,1012.6,1020,,,,,0,0,,,2000,,,10.3,,,,
146,2022-05-04 06:00,9.9,,1.1,140,66,8,3.8,1012.9,1020.3,0,.01,,,0,0,,,2000,,,10.2,,,,
146,2022-05-04 07:00,11.9,,1.4,140,61,8.5,4.6,1013.4,1020.7,.9,.37,,,0,0,,,2000,,,11.2,,,,
146,2022-05-04 08:00,14.7,,1.6,140,53,8.8,5.2,1013.6,1020.8,1,1.02,,,0,0,,,2000,,,13,,,,
146,2022-05-04 09:00,18.1,,1.5,140,41,8.5,4.6,1013.5,1020.6,1,1.74,,,0,0,,,2000,,,17.3,,,,
146,2022-05-04 10:00,19.9,,1.4,250,32,7.4,2.6,1013.6,1020.7,1,2.4,,,0,0,,,2000,,,21.4,,,,
146,2022-05-04 11:00,22,,1.5,250,28,7.4,2.6,1013.5,1020.5,1,2.92,,,0,0,,,2000,,,24.9,,,,
146,2022-05-04 12:00,22.6,,2.1,270,28,7.6,3.1,1013.1,1020.1,1,3.26,,,0,0,,,2000,,,27,,,,
146,2022-05-04 13:00,23.6,,2.3,290,32,9.3,5.9,1012.8,1019.8,1,3.36,,,0,0,,,2000,,,28.7,,,,
146,2022-05-04 14:00,23.9,,2.7,290,32,9.4,6.1,1012.4,1019.3,1,3.24,,,0,0,,,2000,,,30.1,,,,
146,2022-05-04 15:00,23.8,,1.7,270,32,9.4,6.1,1011.7,1018.6,1,2.89,,,0,0,,,2000,,,30.4,,,,
146,2022-05-04 16:00,24.3,,2.5,270,32,9.7,6.5,1011.1,1018,1,2.37,,,0,0,,,2000,,,28.8,,,,
146,2022-05-04 17:00,22.6,,3.1,320,32,8.7,5,1011.2,1018.2,1,1.73,,,0,0,,,2000,,,26.2,,,,
146,2022-05-04 18:00,20.9,,3,320,35,8.6,4.8,1011.4,1018.4,1,1,,,0,0,,,2000,,,21.5,,,,
146,2022-05-04 19:00,18.8,,1.9,320,38,8.2,4.1,1011.7,1018.8,.7,.33,,,0,0,,,2000,,,18.4,,,,
146,2022-05-04 20:00,17.4,,1.9,340,39,7.7,3.2,1012.1,1019.2,0,.01,,,0,0,,,2000,,,16.7,,,,
146,2022-05-04 21:00,17.8,,.5,270,39,7.9,3.6,1012.6,1019.7,,,,,0,0,,,2000,,,15.5,,,,
146,2022-05-04 22:00,16.7,,.6,180,44,8.3,4.3,1013.1,1020.3,,,,,0,0,,,2000,,,14.6,,,,
146,2022-05-04 23:00,15.2,,.9,110,52,8.9,5.3,1013.1,1020.3,,,,,0,0,,,2000,,,14.1,,,,
146,2022-05-05 00:00,13.8,,1.4,110,57,9,5.4,1013.1,1020.3,,,,,0,0,,,2000,,,13.6,,,,
146,2022-05-05 01:00,12.9,,1.3,110,59,8.7,5,1013,1020.3,,,,,0,0,,,2000,,,13,,,,
146,2022-05-05 02:00,12.2,,1.9,110,61,8.6,4.8,1012.9,1020.2,,,,,0,0,,,2000,,,12.6,,,,
146,2022-05-05 03:00,11.6,,1.5,140,66,9,5.4,1012.5,1019.8,,,,,0,0,,,2000,,,12.1,,,,
146,2022-05-05 04:00,11.7,,1.7,140,68,9.3,5.9,1012.8,1020.1,,,,,0,0,,,2000,,,11.9,,,,
146,2022-05-05 05:00,11,,1.5,110,71,9.3,5.9,1012.7,1020,,,,,0,0,,,2000,,,11.5,,,,
146,2022-05-05 06:00,11.1,,1.4,110,72,9.5,6.2,1012.7,1020,0,.01,,,0,0,,,2000,,,11.4,,,,
146,2022-05-05 07:00,13.3,,1.1,140,66,10,7,1013.1,1020.4,1,.4,,,0,0,,,2000,,,12.2,,,,
146,2022-05-05 08:00,16.1,,.6,90,57,10.4,7.5,1013.6,1020.8,1,1.09,,,0,0,,,2000,,,14.1,,,,
146,2022-05-05 09:00,18.2,,1.1,290,53,11,8.4,1013.7,1020.8,1,1.83,,,0,0,,,2000,,,18.6,,,,
146,2022-05-05 10:00,20.3,,1.2,320,45,10.6,7.9,1013.7,1020.8,1,2.49,,,0,0,,,2000,,,23.2,,,,
146,2022-05-05 11:00,22.2,,1.3,290,43,11.5,9,1013.7,1020.7,1,3.02,,,0,0,,,2000,,,26.8,,,,
146,2022-05-05 12:00,22.2,,1.6,270,41,10.9,8.3,1013.1,1020.1,1,3.35,,,0,0,,,2000,,,28.9,,,,
146,2022-05-05 13:00,23.6,,2.2,230,39,11.3,8.8,1012.3,1019.2,1,3.43,,,0,0,,,2000,,,30.9,,,,
146,2022-05-05 14:00,24.5,,1.4,250,37,11.3,8.8,1011.4,1018.3,1,3.31,,,0,0,,,2000,,,32.6,,,,
146,2022-05-05 15:00,24.2,,2.3,290,36,10.8,8.1,1010.7,1017.6,1,2.97,,,0,0,,,2000,,,32.7,,,,
146,2022-05-05 16:00,25.5,,2.4,270,39,12.7,10.5,1009.9,1016.8,1,2.44,,,0,0,,,2000,,,31.5,,,,
146,2022-05-05 17:00,23.9,,2.7,270,44,12.9,10.8,1009.4,1016.3,1,1.77,,,0,0,,,2000,,,28.4,,,,
146,2022-05-05 18:00,22.5,,3.3,270,50,13.6,11.5,1009.4,1016.4,1,1.03,,,0,0,,,2000,,,23.6,,,,
146,2022-05-05 19:00,20.6,,1.6,290,56,13.6,11.5,1009.7,1016.7,.7,.33,,,0,0,,,2000,,,20.7,,,,
146,2022-05-05 20:00,19.6,,1.4,270,59,13.4,11.3,1010.1,1017.1,0,.01,,,0,0,,,2000,,,18.8,,,,
146,2022-05-05 21:00,19.3,,1.2,230,59,13.1,11,1010.7,1017.7,,,,,0,0,,,2000,,,17.7,,,,
146,2022-05-05 22:00,18.5,,.7,90,63,13.4,11.3,1011.1,1018.2,,,,,0,0,,,2000,,,16.8,,,,
146,2022-05-05 23:00,16.6,,1.9,140,71,13.4,11.3,1011.1,1018.3,,,,,0,0,,,2000,,,16.3,,,,
146,2022-05-06 00:00,16.1,,1.7,140,73,13.3,11.2,1011.2,1018.4,,,,,0,0,,,2000,,,15.8,,,,
146,2022-05-06 01:00,15.2,,1.6,140,75,12.9,10.7,1010.8,1018,,,,,0,0,,,2000,,,15.2,,,,
146,2022-05-06 02:00,15.1,,1.6,110,76,12.9,10.8,1010.7,1017.9,,,,,2,0,,,2000,,,14.8,,,,
146,2022-05-06 03:00,14.9,,1.1,110,76,12.8,10.6,1010.3,1017.5,,,,,0,0,,,2000,,,14.3,,,,
146,2022-05-06 04:00,14.2,,1.2,140,80,12.9,10.7,1010.1,1017.3,,,,,0,0,,,2000,,,13.8,,,,
146,2022-05-06 05:00,13.8,,1.7,140,83,13,10.9,1009.9,1017.1,,,,,0,0,,,1961,,,13.6,,,,
146,2022-05-06 06:00,14.2,,1.3,110,80,12.9,10.7,1009.9,1017.1,0,.02,,,0,0,,,1974,,,13.6,,,,
146,2022-05-06 07:00,16.1,,.5,140,72,13.1,11,1010.4,1017.6,1,.38,,,0,0,,,2000,,,14.4,,,,
146,2022-05-06 08:00,18.5,,.8,70,64,13.6,11.5,1010.3,1017.4,1,1.07,,,0,0,,,2000,,,16.3,,,,
146,2022-05-06 09:00,21,,.3,0,53,13.1,11,1010.3,1017.3,1,1.79,,,0,0,,,2000,,,20.7,,,,
146,2022-05-06 10:00,22.4,,1.6,250,50,13.5,11.4,1010.1,1017.1,1,2.42,,,0,0,,,2000,,,24.5,,,,
146,2022-05-06 11:00,24,,1.5,290,48,14.3,12.3,1009.9,1016.8,1,2.92,,,1,1,Sc,12,2000,,,28,,,,
146,2022-05-06 12:00,24.6,,1.6,270,45,13.8,11.8,1009.7,1016.6,1,3.27,,,3,3,Sc,12,2000,,,30.2,,,,
146,2022-05-06 13:00,24.5,,2.8,230,43,13.1,11,1008.9,1015.8,.9,3.06,,,4,4,Sc,12,2000,,,30.1,,,,
146,2022-05-06 14:00,26.1,,2,270,41,13.8,11.8,1008.4,1015.3,.8,2.74,,,6,6,Sc,12,2000,,,32.5,,,,
146,2022-05-06 15:00,25.8,,1.7,290,40,13.2,11.1,1008.3,1015.2,.6,2.22,,,7,7,Sc,12,2000,,,31.9,,,,
146,2022-05-06 16:00,25,,3.3,290,43,13.6,11.5,1007.8,1014.7,1,2.36,,,5,5,Sc,12,2000,,,31,,,,
146,2022-05-06 17:00,24.9,,2.1,320,44,13.8,11.8,1007.5,1014.4,1,1.77,,,1,1,Sc,12,2000,,,28.9,,,,
146,2022-05-06 18:00,23.7,,3.2,270,44,12.9,10.7,1007.4,1014.3,1,1.02,,,2,0,Ci,,2000,,,24.2,,,,
146,2022-05-06 19:00,22.4,,3.2,270,48,12.9,10.8,1007.8,1014.8,.7,.33,,,4,0,,,2000,,,21.2,,,,
146,2022-05-06 20:00,20.9,,1.4,270,56,13.7,11.7,1008.4,1015.4,0,.01,,,0,0,,,2000,,,19.5,,,,
146,2022-05-06 21:00,20.2,,.9,270,63,14.9,12.9,1009.1,1016.2,,,,,0,0,,,2000,,,18.5,,,,
146,2022-05-06 22:00,18.8,,.9,230,70,15.2,13.2,1009.4,1016.5,,,,,0,0,,,2000,,,17.7,,,,
146,2022-05-06 23:00,17.9,,1.9,230,75,15.3,13.3,1009.6,1016.7,,,,,0,0,,,2000,,,17.2,,,,
146,2022-05-07 00:00,17.2,,.7,250,81,15.9,13.9,1009.8,1016.9,,,,,0,0,,,1525,,,16.9,,,,
146,2022-05-07 01:00,16.6,,.8,250,85,16,14,1009.8,1016.9,,,,,2,2,,17,1345,,,16.3,,,,
146,2022-05-07 02:00,16.2,,.2,0,88,16.2,14.2,1010,1017.2,,,,,4,4,,3,1014,,,16.1,,,,
146,2022-05-07 03:00,15.9,,.8,140,83,15,13,1009.6,1016.8,,,,,0,0,,,1380,,,15.5,,,,
146,2022-05-07 04:00,15.3,,.8,180,83,14.4,12.4,1009.4,1016.6,,,,,0,0,,,1805,,,15,,,,
146,2022-05-07 05:00,13.9,,.5,20,88,13.9,11.9,1009.8,1017,,,,,4,0,Ci,,1268,,,14.5,,,,
146,2022-05-07 06:00,14.6,,1,320,88,14.6,12.6,1010.5,1017.7,0,.01,,,9,9,Sc,10,1085,,,15.5,,,,
146,2022-05-07 07:00,15.9,,.5,360,83,15,13,1010.9,1018.1,0,.24,,,9,9,Sc,10,1307,,,16.7,,,,
146,2022-05-07 08:00,17.3,,.5,160,79,15.6,13.6,1011,1018.1,0,.47,,,8,4,ScCi,10,1125,,,18.2,,,,
146,2022-05-07 09:00,18.3,,.6,320,81,16.9,14.9,1011.3,1018.4,.1,.73,,,9,9,Sc,10,713,,19,19.9,,,,
146,2022-05-07 10:00,18.6,,1,270,76,16.2,14.2,1011.3,1018.4,0,.72,,,9,9,Sc,10,1733,,19,20.2,,,,
146,2022-05-07 11:00,20.7,,1.6,270,69,16.8,14.8,1011.1,1018.2,.3,1.61,,,7,7,Sc,10,1991,,,23.8,,,,
146,2022-05-07 12:00,21.2,,3.2,250,68,17,15,1010.9,1017.9,.7,2.23,,,5,5,Sc,10,2000,,,26.3,,,,
146,2022-05-07 13:00,20.1,,3.7,270,61,14.3,12.3,1010.4,1017.5,1,2.94,,,3,3,Sc,10,1922,,,28.5,,,,
146,2022-05-07 14:00,21.9,,2.7,270,53,13.8,11.8,1010,1017,1,3.13,,,1,1,Sc,10,2000,,,30.8,,,,
146,2022-05-07 15:00,22.2,,2.5,270,46,12.3,10,1009.7,1016.7,1,2.91,,,0,0,,,2000,,,31.9,,,,
146,2022-05-07 16:00,21.8,,3.5,230,44,11.4,8.9,1009.4,1016.4,1,2.4,,,1,1,Sc,10,2000,,,30,,,,
146,2022-05-07 17:00,21.1,,3.3,270,51,12.7,10.5,1009.6,1016.6,1,1.72,,,1,0,Ci,,2000,,,27.3,,,,
146,2022-05-07 18:00,19.7,,2.9,230,49,11.2,8.6,1009.8,1016.8,1,.97,,,2,0,Ci,,2000,,,22.6,,,,
146,2022-05-07 19:00,17.8,,3,230,46,9.3,6,1010.2,1017.3,.3,.3,,,6,6,,13,2000,,,19.5,,,,
146,2022-05-07 20:00,16.3,,2.7,230,48,8.8,5.2,1010.8,1018,0,.01,,,6,1,,,2000,,,17.2,,,,
146,2022-05-07 21:00,15,,3,230,51,8.7,4.9,1011.7,1018.9,,,,,0,0,,,2000,,,15.8,,,,
146,2022-05-07 22:00,14.1,,1.1,230,53,8.5,4.6,1012,1019.2,,,,,0,0,,,2000,,,15,,,,
146,2022-05-07 23:00,13.6,,1.3,230,54,8.4,4.4,1012.3,1019.5,,,,,0,0,,,2000,,,14.4,,,,
146,2022-05-08 00:00,12.8,,.4,0,61,9,5.4,1012,1019.3,,,,,3,0,Ci,,2000,,,13.8,,,,
146,2022-05-08 01:00,11.9,,.6,360,66,9.2,5.7,1011.8,1019.1,,,,,6,6,,19,2000,,,13.9,,,,
146,2022-05-08 02:00,11.5,,.8,70,71,9.6,6.4,1011.7,1019,,,,,10,8,,19,2000,,,14,,,,
146,2022-05-08 03:00,12.2,,.1,0,68,9.6,6.4,1011.1,1018.4,,,,,5,5,Sc,10,2000,,,13.6,,,,
146,2022-05-08 04:00,12.4,,.4,0,67,9.6,6.4,1011,1018.3,,,,,6,6,Sc,10,2000,,,13.7,,,,
146,2022-05-08 05:00,12.2,,.3,0,68,9.6,6.4,1011.5,1018.8,,,,,6,6,Sc,10,2000,,,13.3,,,,
146,2022-05-08 06:00,11.8,,.8,360,76,10.4,7.6,1012,1019.3,0,.02,,,8,5,ScAc,10,1936,,,13.9,,,,
146,2022-05-08 07:00,13.2,,.2,0,69,10.4,7.6,1012.6,1019.9,0,.22,,,9,8,ScAc,10,1797,,,15,,,,
146,2022-05-08 08:00,14.4,,1,320,68,11.1,8.5,1013.2,1020.4,0,.58,,,9,2,ScAc,13,2000,,,16.8,,,,
146,2022-05-08 09:00,17,,1,360,53,10.2,7.3,1012.6,1019.7,.6,1.44,,,5,5,Sc,13,1806,,,19.7,,,,
146,2022-05-08 10:00,19.2,,1.2,50,45,9.9,6.9,1011.9,1019,1,2.11,,,7,0,CcCi,,2000,,,22.7,,,,
146,2022-05-08 11:00,20.5,,1.3,160,40,9.6,6.4,1011.6,1018.7,.9,2.43,,,7,0,CsCi,,2000,,,25.5,,,,
146,2022-05-08 12:00,21.8,,2.1,180,39,10.2,7.2,1010.9,1017.9,1,2.95,,,5,0,CcCi,,2000,,,28,,,,
146,2022-05-08 13:00,23.2,,1.5,230,36,10.2,7.2,1010.3,1017.2,1,3.37,,,3,3,Sc,10,1936,,,31.7,,,,
146,2022-05-08 14:00,22.3,,2.2,250,38,10.2,7.2,1009.6,1016.6,.8,2.65,,,6,6,Sc,10,2000,,,29.8,,,,
146,2022-05-08 15:00,22.2,,1.5,230,39,10.4,7.5,1009,1016,.4,1.62,,,8,6,ScCi,10,2000,,,26.6,,,,
146,2022-05-08 16:00,21.2,,3.7,270,50,12.5,10.3,1008.5,1015.5,.3,1.24,,,7,3,ScAc,10,2000,,,26.1,,,,
146,2022-05-08 17:00,19.7,,3.6,290,56,12.8,10.6,1008.8,1015.8,.4,1.19,,,8,2,ScAc,10,2000,,,23.9,,,,
146,2022-05-08 18:00,17.7,,3.2,270,62,12.5,10.3,1009.1,1016.2,0,.47,,,9,3,ScAc,10,2000,,,21.4,,,,
146,2022-05-08 19:00,16.5,,2.8,270,65,12.1,9.8,1009.5,1016.6,0,.17,,,9,2,,16,1981,,,19.3,,,,
146,2022-05-08 20:00,15.8,,1.5,250,67,11.9,9.6,1009.5,1016.7,0,0,,,10,5,,30,2000,,,18.1,,,,
146,2022-05-08 21:00,15.4,,1.8,270,68,11.9,9.5,1010.3,1017.5,,,,,7,7,Sc,10,2000,,,17.6,,,,
146,2022-05-08 22:00,15.4,,1.5,230,67,11.6,9.2,1010.3,1017.5,,,,,0,0,,,2000,,,17.2,,,,
146,2022-05-08 23:00,15.3,,1.5,230,67,11.6,9.1,1010.4,1017.6,,,,,10,9,,15,2000,,,16.9,,,,
146,2022-05-09 00:00,15.3,0,1.2,250,68,11.8,9.4,1010.2,1017.4,,,,,10,8,ScAs,,2000,,01,16.6,,,,
146,2022-05-09 01:00,15.1,0,1.1,270,69,11.8,9.4,1010.1,1017.3,,,,,10,3,ScAs,12,2000,,01,16.6,,,,
146,2022-05-09 02:00,14.6,0,2,360,74,12.3,10,1010,1017.2,,,,,10,6,StNs,8,1848,,01,16.5,,,,
146,2022-05-09 03:00,13.1,0,2.1,340,76,11.4,8.9,1010.1,1017.3,,,,,10,5,StNs,8,2000,,01,16.1,,,,
146,2022-05-09 04:00,12.3,0,1.2,360,83,11.8,9.4,1010.1,1017.4,,,,,10,4,StNs,8,2000,,01,15.7,,,,
146,2022-05-09 05:00,12.7,0,.9,360,83,12.1,9.8,1010,1017.3,,,,,10,4,ScAs,10,2000,,01,15.6,,,,
146,2022-05-09 06:00,13,,.9,50,81,12.1,9.8,1010.4,1017.6,0,.01,,,8,5,ScAc,10,2000,,,15.5,,,,
146,2022-05-09 07:00,13.8,,1.3,20,77,12.1,9.8,1010.9,1018.1,0,.16,,,8,5,ScAc,10,2000,,,16.3,,,,
146,2022-05-09 08:00,15.4,,1.2,140,66,11.5,9,1011.1,1018.3,0,.62,,,8,2,ScAc,10,2000,,,17.4,,,,
146,2022-05-09 09:00,16.7,,1.5,140,64,12.1,9.8,1011.2,1018.4,0,1.18,,,9,1,ScAc,10,2000,,,19.6,,,,
146,2022-05-09 10:00,18.1,,1,110,57,11.8,9.4,1011.1,1018.2,.4,2.02,,,8,2,ScAc,10,2000,,,23.2,,,,
146,2022-05-09 11:00,18.5,,.9,70,53,11.2,8.7,1010.9,1018,1,2.79,,,6,3,ScCi,10,2000,,,27.7,,,,
146,2022-05-09 12:00,19.3,,1.1,110,51,11.3,8.8,1010.3,1017.3,.5,2.06,,,7,5,ScCi,13,2000,,,24.8,,,,
146,2022-05-09 13:00,20.7,,1.6,360,47,11.4,8.9,1009.6,1016.6,.8,2.67,,,8,7,ScCi,15,2000,,,28.9,,,,
146,2022-05-09 14:00,21.3,,1,340,46,11.6,9.2,1009.1,1016.1,.4,1.91,,,8,8,Sc,15,2000,,,27.3,,,,
146,2022-05-09 15:00,21.6,,1,270,44,11.3,8.8,1008.8,1015.8,.2,1.14,,,8,8,Sc,15,2000,,,26.4,,,,
146,2022-05-09 16:00,21.2,,2.1,230,48,12,9.7,1008.6,1015.6,0,.51,,,9,9,Sc,15,2000,,,22.9,,,,
146,2022-05-09 17:00,21.9,,1.9,230,44,11.5,9,1008.6,1015.6,.2,.83,,,8,8,Sc,15,2000,,,23.7,,,,
146,2022-05-09 18:00,20.3,,1.7,250,56,13.3,11.2,1009.1,1016.2,.3,.68,,,8,4,ScAc,15,2000,,,21.9,,,,
146,2022-05-09 19:00,18.4,,1.4,250,59,12.4,10.2,1009.3,1016.4,.5,.31,,,2,2,,19,2000,,,19.5,,,,
146,2022-05-09 20:00,17.3,,.7,270,62,12.2,9.9,1010.2,1017.3,0,.01,,,6,0,,,2000,,,17.7,,,,
146,2022-05-09 21:00,17,,1,230,63,12.1,9.8,1010.9,1018,,,,,5,0,Ci,,2000,,,16.8,,,,
146,2022-05-09 22:00,16.4,,1.1,110,67,12.4,10.2,1011.1,1018.3,,,,,7,0,,,2000,,,16.1,,,,
146,2022-05-09 23:00,15.5,,1.2,110,73,12.8,10.6,1011,1018.2,,,,,9,0,,,2000,,,15.8,,,,
146,2022-05-10 00:00,14.5,,1.3,140,76,12.5,10.3,1010.8,1018,,,,,9,0,Ci,,2000,,,15.3,,,,
146,2022-05-10 01:00,14.5,,.6,140,70,11.5,9,1010.6,1017.8,,,,,9,8,,65,2000,,,15.1,,,,
146,2022-05-10 02:00,14.3,,.9,140,62,10.1,7.1,1010.3,1017.5,,,,,10,4,,65,2000,,,14.8,,,,
146,2022-05-10 03:00,13.2,,1.1,90,67,10.1,7.1,1010.3,1017.5,,,,,9,0,Ci,,2000,,,14.3,,,,
146,2022-05-10 04:00,13,,1.3,110,66,9.8,6.7,1010.3,1017.5,,,,,9,0,Ci,,2000,,,14,,,,
146,2022-05-10 05:00,12.5,,1.2,110,64,9.2,5.8,1010.2,1017.5,,,,,9,0,Ci,,2000,,,13.6,,,,
146,2022-05-10 06:00,11.8,,1,140,66,9.1,5.6,1010.3,1017.6,0,.01,,,10,4,AcCi,40,2000,,,13.4,,,,
146,2022-05-10 07:00,12.5,,.2,0,60,8.7,4.9,1010.9,1018.2,0,.2,,,10,3,AcCi,40,2000,,,14.3,,,,
146,2022-05-10 08:00,14.2,,.8,90,56,9,5.5,1010.5,1017.7,0,.58,,,10,4,AcCi,40,2000,,,16,,,,
146,2022-05-10 09:00,17.1,,.5,270,46,8.9,5.3,1010.4,1017.5,.4,1.12,,,8,5,AcCi,60,2000,,,18.8,,,,
146,2022-05-10 10:00,19.4,,.9,50,28,6.2,.3,1009.9,1016.9,1,2.42,,,6,0,Ci,,1895,,,25.3,,,,
146,2022-05-10 11:00,22,,1,110,25,6.6,1,1009.3,1016.3,1,3.09,,,2,1,ScCi,12,2000,,,29.1,,,,
146,2022-05-10 12:00,24.1,,.9,180,24,7.2,2.2,1008.8,1015.7,1,3.37,,,1,0,Ci,,2000,,,31.8,,,,
146,2022-05-10 13:00,24.9,,1.9,200,21,6.6,1,1007.8,1014.7,1,3.45,,,0,0,,,1934,,,34.2,,,,
146,2022-05-10 14:00,25.2,,2.6,200,24,7.6,3.1,1007.1,1014,1,3.34,,,1,0,Ci,,2000,,,35,,,,
146,2022-05-10 15:00,25.4,,1.6,200,24,7.7,3.3,1006.4,1013.3,1,2.98,,,1,0,Ci,,1970,,,35,,,,
146,2022-05-10 16:00,24.7,,1.8,160,28,8.7,4.9,1006.2,1013.1,.9,2.34,,,5,3,AcCi,45,1650,,,31,,,,
146,2022-05-10 17:00,21.5,,4.1,270,35,8.9,5.3,1006.8,1013.8,.2,1.04,,,8,4,AcCi,45,2000,,,25.3,,,,
146,2022-05-10 18:00,20.9,,2.4,250,37,9.1,5.6,1007.2,1014.2,.4,.68,,,8,5,AcCi,45,2000,,,22.9,,,,
146,2022-05-10 19:00,19,,2.8,250,41,9,5.4,1007.9,1014.9,.2,.21,,,7,7,,48,2000,,,19.5,,,,
146,2022-05-10 20:00,18,,1.9,250,45,9.2,5.8,1008.3,1015.4,0,.01,,,7,7,,56,2000,,,18.2,,,,
146,2022-05-10 21:00,17.5,,1.4,230,53,10.6,7.8,1009,1016.1,,,,,8,8,Ac,40,2000,,,17.7,,,,
146,2022-05-10 22:00,17.3,,.9,230,53,10.4,7.6,1009.3,1016.4,,,,,9,6,,35,2000,,,17.6,,,,
146,2022-05-10 23:00,16.7,,1.1,230,57,10.8,8.1,1009,1016.1,,,,,9,6,,35,2000,,,17.2,,,,
146,2022-05-11 00:00,16.6,,1.1,250,58,10.9,8.2,1008.9,1016,,,,,9,9,Ac,35,2000,,,17.1,,,,
146,2022-05-11 01:00,16.3,,1.2,230,63,11.6,9.2,1008.7,1015.9,,,,,4,4,,26,2000,,,16.9,,,,
146,2022-05-11 02:00,16.2,,.6,250,60,11,8.4,1008.5,1015.7,,,,,6,6,,26,2000,,,16.9,,,,
146,2022-05-11 03:00,15.7,,.8,20,63,11.2,8.6,1008.6,1015.8,,,,,10,10,As,30,2000,,,16.7,,,,
146,2022-05-11 04:00,15.2,,.9,50,63,10.8,8.1,1008.5,1015.7,,,,,8,8,Ac,30,2000,,,16.5,,,,
146,2022-05-11 05:00,15.5,,.3,0,64,11.2,8.7,1008.2,1015.4,,,,,9,9,Ac,30,2000,,,16.1,,,,
146,2022-05-11 06:00,15.6,,.6,50,65,11.5,9,1008.6,1015.8,0,.01,,,8,8,Ac,30,2000,,,16.2,,,,
146,2022-05-11 07:00,16.2,,.4,0,69,12.6,10.4,1008.6,1015.8,0,.23,,,9,9,Ac,30,1789,,,17.4,,,,
146,2022-05-11 08:00,17.6,,.8,360,60,12,9.7,1008.9,1016,.1,.6,,,9,9,Ac,40,2000,,,18.9,,,,
146,2022-05-11 09:00,19.6,,.5,340,50,11.3,8.8,1008.9,1015.9,.7,1.49,,,7,7,Ac,40,2000,,,21.7,,,,
146,2022-05-11 10:00,20.5,,1.1,360,44,10.6,7.8,1009.1,1016.1,.7,1.97,,,7,7,Ac,40,2000,,,24.8,,,,
146,2022-05-11 11:00,21.6,,.7,320,46,11.8,9.4,1008.8,1015.8,.1,1.94,,,10,10,As,30,2000,,,26,,,,
146,2022-05-11 12:00,22.3,,.6,360,43,11.6,9.1,1008.7,1015.7,0,1.97,,,10,10,As,30,2000,,,26.8,,,,
146,2022-05-11 13:00,23.2,,1.1,320,42,11.9,9.5,1007.8,1014.7,.1,1.96,,,10,10,As,30,2000,,,28.7,,,,
146,2022-05-11 14:00,22.9,,1.2,340,41,11.4,8.9,1007.5,1014.4,.1,1.77,,,10,10,As,30,2000,,,28.1,,,,
146,2022-05-11 15:00,23.7,,1.7,250,41,11.9,9.6,1007.1,1014,.9,2.17,,,10,10,As,39,2000,,,29.6,,,,
146,2022-05-11 16:00,23.2,,2.4,270,43,12.2,9.9,1006.7,1013.6,.9,1.91,,,7,4,AcCi,40,2000,,,28.2,,,,
146,2022-05-11 17:00,22,,3.2,270,51,13.4,11.3,1006.9,1013.9,.1,1.09,,,8,5,AcCi,40,2000,,,25.6,,,,
146,2022-05-11 18:00,20.6,,2.3,270,54,13,10.9,1007,1014,0,.49,,,7,5,AcCi,40,2000,,,22.5,,,,
146,2022-05-11 19:00,19.2,,1.7,270,57,12.6,10.4,1007.5,1014.5,0,.18,,,10,7,,23,2000,,,20.6,,,,
146,2022-05-11 20:00,18.1,,1,250,59,12.2,9.9,1007.6,1014.7,0,.02,,,10,6,,23,2000,,,18.9,,,,
146,2022-05-11 21:00,17.8,,1.2,230,59,11.9,9.6,1007.7,1014.8,,,,,8,5,AcCi,30,2000,,,17.8,,,,
146,2022-05-11 22:00,17.3,,1.1,230,64,12.6,10.4,1007.8,1014.9,,,,,7,0,,,2000,,,17.2,,,,
146,2022-05-11 23:00,16.5,,1.1,270,64,11.9,9.6,1008.1,1015.2,,,,,9,4,,23,2000,,,17.1,,,,
146,2022-05-12 00:00,16.3,,.8,250,66,12.2,9.9,1008.1,1015.2,,,,,10,10,As,,2000,,,17.3,,,,
146,2022-05-12 01:00,16.1,,.8,270,70,12.8,10.6,1007.7,1014.9,,,,,10,10,,22,1994,,,17.2,,,,
146,2022-05-12 02:00,15.6,,.7,360,73,12.9,10.7,1006.9,1014.1,,,,,10,9,,22,1892,,,17.2,,,,
146,2022-05-12 03:00,15.9,,.7,50,71,12.8,10.6,1006.4,1013.6,,,,,10,10,As,20,1809,,,17.1,,,,
146,2022-05-12 04:00,15.4,,1.2,360,75,13,10.9,1005.9,1013.1,,,,,10,10,As,20,1733,,,16.9,,,,
146,2022-05-12 05:00,15.5,,.6,320,75,13.1,11,1005.9,1013.1,,,,,10,10,As,20,1441,,,16.8,,,,
146,2022-05-12 06:00,15.3,,.7,340,79,13.7,11.6,1006.2,1013.4,0,.01,,,10,10,As,20,1031,,,16.7,,,,
146,2022-05-12 07:00,16.1,,0,0,74,13.5,11.4,1006,1013.1,0,.14,,,10,10,As,20,1272,,,17.5,,,,
146,2022-05-12 08:00,17.8,,.4,0,67,13.6,11.5,1005.3,1012.4,0,.45,,,10,10,As,30,1583,,,18.8,,,,
146,2022-05-12 09:00,19.6,,.4,0,62,14.1,12.1,1005.1,1012.1,.1,1.01,,,10,10,As,30,1516,,,21.1,,,,
146,2022-05-12 10:00,20.5,,.6,180,58,13.9,11.9,1004.8,1011.8,.3,1.5,,,10,10,As,30,1312,,,22.8,,,,
146,2022-05-12 11:00,21.2,,1.1,320,57,14.3,12.3,1004.6,1011.6,0,1.33,,,10,3,ScAs,12,1204,,,24.7,,,,
146,2022-05-12 12:00,24.1,,.9,270,52,15.6,13.6,1003.7,1010.6,.3,1.95,,,10,4,ScAs,12,1285,,,28.9,,,,
146,2022-05-12 13:00,24.7,,1.4,270,50,15.5,13.5,1002.9,1009.7,.1,2.01,,,10,3,ScAs,12,1441,,,28.5,,,,
146,2022-05-12 14:00,26.3,,.8,250,46,15.7,13.7,1002.4,1009.2,.5,2.53,,,7,3,ScAc,12,1981,,,31.2,,,,
146,2022-05-12 15:00,25.5,,2.7,250,47,15.3,13.3,1002.1,1009,0,1.54,,,7,3,ScAc,12,1612,,,29.1,,,,
146,2022-05-12 16:00,24.3,,3.4,270,52,15.8,13.8,1002.1,1009,.1,1.32,,,9,9,Ac,40,1797,,,26.4,,,,
146,2022-05-12 17:00,22.5,,3,270,53,14.4,12.4,1002.5,1009.4,0,.66,,,8,1,ScAc,12,1961,,,23.7,,,,
146,2022-05-12 18:00,21.3,,3.3,250,55,13.8,11.8,1002,1009,.2,.55,,,5,3,ScAc,12,2000,,,22.2,,,,
146,2022-05-12 19:00,20.1,,1.2,250,56,13.1,11,1002.4,1009.4,.2,.22,,,8,3,,16,1974,,,20.5,,,,
146,2022-05-12 20:00,19.6,,1.9,230,61,13.8,11.8,1002.8,1009.8,0,.01,,,10,9,,16,1998,,,19.6,,,,
146,2022-05-12 21:00,18.9,,2,250,64,13.9,11.9,1003.4,1010.4,,,,,9,9,Sc,15,1996,,,19.1,,,,
146,2022-05-12 22:00,17.5,,1.7,200,69,13.7,11.7,1003.7,1010.8,,,,,7,1,,20,1688,,,18.3,,,,
146,2022-05-12 23:00,18,,.5,180,67,13.7,11.7,1003.1,1010.1,,,,,7,3,,22,1823,,,18.4,,,,
146,2022-05-13 00:00,17.7,,1,200,68,13.7,11.7,1002.9,1010,,,,,7,0,Ci,,1868,,,17.1,,,,
146,2022-05-13 01:00,17.8,,.4,0,68,13.8,11.8,1002.8,1009.8,,,,,8,8,,20,1930,,,17.9,,,,
146,2022-05-13 02:00,16.6,,1.2,360,76,14.3,12.3,1002.4,1009.5,,,,,10,9,,13,1202,,,17.9,,,,
146,2022-05-13 03:00,16.3,0,1.1,320,76,14,12,1002.3,1009.4,,,,,9,9,Sc,12,1132,,01,17.4,,,,
146,2022-05-13 04:00,16.2,,.5,290,71,13,10.9,1002,1009.1,,,,,8,8,Sc,15,1185,,,16.9,,,,
146,2022-05-13 05:00,16,,.4,0,73,13.2,11.1,1001.7,1008.8,,,,,9,7,ScCi,15,1253,,,17,,,,
146,2022-05-13 06:00,16.4,,.2,0,68,12.6,10.4,1001.8,1008.9,0,.01,,,9,6,ScCi,15,1563,,,17,,,,
146,2022-05-13 07:00,16.5,,.8,180,70,13.1,11,1001.6,1008.7,0,.16,,,9,9,Ac,30,1699,,,17.5,,,,
146,2022-05-13 08:00,17.7,,.8,340,72,14.5,12.5,1001.7,1008.7,0,.48,,,10,10,As,30,1232,,,19.5,,,,
146,2022-05-13 09:00,17.6,,1.3,340,72,14.4,12.4,1001.8,1008.8,0,.53,,,10,6,ScAs,10,1063,,,19.5,,,,
146,2022-05-13 10:00,17.7,,.5,290,69,13.9,11.9,1001.6,1008.6,0,.42,,,10,6,ScAs,10,1104,,,19.2,,,,
146,2022-05-13 11:00,18.6,0,1.3,250,63,13.5,11.4,1001.2,1008.2,0,.48,,,10,6,ScAs,10,1688,,01,20.3,,,,
146,2022-05-13 12:00,18.9,,1.2,250,65,14.1,12.1,1000.3,1007.3,0,.98,,,10,6,ScAs,10,1379,,,22.1,,,,
146,2022-05-13 13:00,21.2,,1.6,290,59,14.8,12.8,999.6,1006.6,.2,1.9,,,10,7,ScAs,10,1646,,,26.4,,,,
146,2022-05-13 14:00,19.8,,2.3,270,55,12.6,10.4,1000.1,1007,0,.68,,,10,7,ScAs,10,1995,,,22.7,,,,
146,2022-05-13 15:00,19.3,,2.1,270,55,12.3,10,1000.5,1007.5,0,.67,,,10,6,ScAs,10,2000,,,21.4,,,,
146,2022-05-13 16:00,19.9,,2,250,56,12.9,10.8,999.9,1006.9,0,1,,,10,6,ScAs,10,2000,,,22.9,,,,
146,2022-05-13 17:00,19.1,,2.8,230,60,13.2,11.1,999.8,1006.8,0,1.03,,,10,5,ScAs,10,1774,,,21.6,,,,
146,2022-05-13 18:00,17.9,0,3.2,230,59,12,9.7,1000.1,1007.1,0,.48,,,10,6,ScAs,10,2000,,01,20.1,,,,
146,2022-05-13 19:00,16.8,0,2.2,230,61,11.6,9.2,1000.3,1007.4,0,.27,,,8,3,ScAs,12,2000,,01,18.1,,,,
146,2022-05-13 20:00,16.2,,2.5,230,63,11.6,9.1,1000.9,1008,0,.05,,,6,6,,41,2000,,,16.5,,,,
146,2022-05-13 21:00,15.2,,2.7,230,69,11.9,9.5,1001.8,1008.9,,,,,0,0,,,1775,,,15.4,,,,
146,2022-05-13 22:00,14.5,,2.1,230,73,12,9.7,1002.6,1009.7,,,,,0,0,,,1495,,,14.9,,,,
146,2022-05-13 23:00,14.3,,2,250,73,11.9,9.5,1002.8,1009.9,,,,,6,0,,,1713,,,14.4,,,,
146,2022-05-14 00:00,13.9,,1.3,230,72,11.4,8.9,1003.5,1010.7,,,,,6,0,,,2000,,,14,,,,
146,2022-05-14 01:00,13.6,,1.6,250,66,10.2,7.3,1003.5,1010.7,,,,,6,0,,,2000,,,13.4,,,,
146,2022-05-14 02:00,13.2,,.9,160,65,9.8,6.7,1003.5,1010.7,,,,,0,0,,,2000,,,12.3,,,,
146,2022-05-14 03:00,12,,1.4,230,70,9.7,6.6,1003.9,1011.1,,,,,0,0,,,1807,,,12.1,,,,
146,2022-05-14 04:00,11.7,,.8,230,78,10.6,7.9,1004.2,1011.5,,,,,0,0,,,920,,19,11.8,,,,
146,2022-05-14 05:00,10.7,,1,110,81,10.4,7.5,1004.2,1011.5,,,,,0,0,,,1276,,19,11.2,,,,
146,2022-05-14 06:00,10.4,,.8,140,81,10.2,7.2,1005,1012.3,0,.03,,,0,0,,,1303,,,11.2,,,,
146,2022-05-14 07:00,12.1,,1,140,75,10.5,7.7,1005.7,1012.9,.9,.44,,,0,0,,,1208,,,12.5,,,,
146,2022-05-14 08:00,14.4,,.6,180,63,10.3,7.4,1006.1,1013.3,1,1.12,,,0,0,,,1224,,,14.4,,,,
146,2022-05-14 09:00,15.3,,2.2,250,54,9.3,6,1006.8,1014,1,1.88,,,0,0,,,1930,,,18.8,,,,
146,2022-05-14 10:00,17.9,,1.4,230,44,9,5.4,1007,1014.1,1,2.57,,,0,0,,,2000,,,24.5,,,,
146,2022-05-14 11:00,18.9,,2.3,270,40,8.7,4.9,1007,1014,1,2.97,,,0,0,,,2000,,,28.6,,,,
146,2022-05-14 12:00,19.6,,3.6,250,37,8.4,4.4,1006.6,1013.6,1,3.27,,,1,0,Ci,,2000,,,31.1,,,,
146,2022-05-14 13:00,19.1,,3.7,270,40,8.8,5.1,1006.4,1013.4,1,3.46,,,3,0,Ci,,2000,,,33.1,,,,
146,2022-05-14 14:00,20.1,,5.1,250,44,10.3,7.4,1006.2,1013.2,1,3.24,,,8,0,Ci,,2000,,,32.6,,,,
146,2022-05-14 15:00,19.8,,4.9,270,36,8.2,4.2,1006.1,1013.1,1,2.89,,,8,0,Ci,,2000,,,31.9,,,,
146,2022-05-14 16:00,18,,5.2,250,36,7.4,2.6,1006.1,1013.2,.7,1.75,,,9,0,Ci,,2000,,,26,,,,
146,2022-05-14 17:00,17.4,,4.8,290,32,6.3,.5,1006.8,1013.9,.1,1.11,,,9,0,Ci,,2000,,,23.1,,,,
146,2022-05-14 18:00,16.7,,4,270,28,5.3,-1.9,1009.1,1016.2,.1,.61,,,9,0,Ci,,2000,,,20.2,,,,
146,2022-05-14 19:00,15.1,,3.3,270,35,6,-.2,1007.4,1014.6,0,.24,,,9,7,,45,2000,,,17.8,,,,
146,2022-05-14 20:00,14.1,,4,270,44,7.1,2,1008.5,1015.7,0,.02,,,8,7,,47,2000,,,15.9,,,,
146,2022-05-14 21:00,13.3,,2.9,270,44,6.7,1.2,1008.9,1016.1,,,,,9,0,Ci,,2000,,,15.1,,,,
146,2022-05-14 22:00,12.9,,1.9,250,44,6.5,.9,1009.7,1016.9,,,,,10,9,,56,2000,,,14.7,,,,
146,2022-05-14 23:00,12.6,,1.8,270,48,7,1.8,1009.5,1016.8,,,,,10,4,,59,2000,,,14.2,,,,
146,2022-05-15 00:00,12.1,,1.9,320,49,6.9,1.6,1009.9,1017.2,,,,,9,0,,,2000,,,13.6,,,,
146,2022-05-15 01:00,11.8,,.6,340,52,7.2,2.2,1009.4,1016.7,,,,,10,10,,50,2000,,,13.9,,,,
146,2022-05-15 02:00,11.8,,.4,0,51,7,1.9,1008.7,1016,,,,,10,8,,55,2000,,,13.2,,,,
146,2022-05-15 03:00,11.2,,.7,340,54,7.2,2.2,1008.8,1016.1,,,,,9,0,Ci,,2000,,,12.8,,,,
146,2022-05-15 04:00,11.1,,.5,70,57,7.5,2.8,1008.7,1016,,,,,9,0,Ci,,2000,,,12.2,,,,
146,2022-05-15 05:00,11,,.3,0,59,7.7,3.2,1008.7,1016,,,,,9,0,Ci,,2000,,,11.9,,,,
146,2022-05-15 06:00,10.3,,.6,140,62,7.7,3.3,1009,1016.3,0,.02,,,9,0,Ci,,2000,,,11.9,,,,
146,2022-05-15 07:00,11.1,,.2,0,62,8.1,4,1009.4,1016.7,0,.29,,,9,0,Ci,,2000,,,13.4,,,,
146,2022-05-15 08:00,12.7,,.4,0,52,7.6,3,1009.3,1016.6,.7,.94,,,7,0,Ci,,2000,,,14.9,,,,
146,2022-05-15 09:00,14.3,,1.3,320,49,8,3.7,1009.4,1016.6,1,1.74,,,3,0,Ci,,2000,,,19.3,,,,
146,2022-05-15 10:00,16.5,,1.9,340,41,7.6,3.1,1009.2,1016.3,1,2.64,,,1,0,Ci,,2000,,,25.6,,,,
146,2022-05-15 11:00,17.7,,1.7,70,37,7.5,2.8,1008.7,1015.8,1,3.09,,,0,0,,,2000,,,30.3,,,,
146,2022-05-15 12:00,19.2,,4.5,340,31,6.9,1.6,1007.9,1014.9,1,3.42,,,0,0,,,2000,,,33,,,,
146,2022-05-15 13:00,20.2,,3.5,340,31,7.3,2.5,1007.7,1014.8,1,3.53,,,1,1,Sc,10,2000,,,35.3,,,,
146,2022-05-15 14:00,20.1,,3.6,340,29,6.8,1.4,1006.7,1013.7,1,3.33,,,1,1,Sc,10,2000,,,35.6,,,,
146,2022-05-15 15:00,20.4,,3.6,270,31,7.4,2.6,1005.9,1012.9,1,3,,,1,1,Sc,10,2000,,,35.2,,,,
146,2022-05-15 16:00,19.5,,3.7,250,32,7.2,2.3,1005.6,1012.6,1,2.47,,,5,0,Ci,,2000,,,31.7,,,,
146,2022-05-15 17:00,19.6,,4.2,270,30,6.8,1.5,1005.4,1012.4,1,1.7,,,5,0,Ci,,2000,,,27.4,,,,
146,2022-05-15 18:00,18.4,,3.6,290,28,5.9,-.4,1005.2,1012.2,.9,.99,,,3,0,Ci,,2000,,,22.1,,,,
146,2022-05-15 19:00,17.2,,2.7,290,29,5.7,-1,1005.6,1012.7,.8,.37,,,1,0,,,2000,,,18.8,,,,
146,2022-05-15 20:00,15.7,,2.3,270,30,5.4,-1.8,1006.2,1013.4,0,.02,,,0,0,,,2000,,,16.5,,,,
146,2022-05-15 21:00,14.6,,1.9,340,32,5.3,-1.9,1006.8,1014,,,,,0,0,,,2000,,,15.1,,,,
146,2022-05-15 22:00,14.3,,.8,250,34,5.6,-1.3,1007.4,1014.6,,,,,0,0,,,2000,,,13.9,,,,
146,2022-05-15 23:00,13.2,,.9,200,42,6.3,.5,1007.3,1014.5,,,,,3,0,,,2000,,,13.4,,,,
146,2022-05-16 00:00,12,,1,160,46,6.4,.7,1007.7,1015,,,,,4,0,,,2000,,,13,,,,
146,2022-05-16 01:00,11.3,,.9,110,49,6.5,.9,1007.6,1014.9,,,,,6,0,,,2000,,,12.2,,,,
146,2022-05-16 02:00,10.1,,1.7,140,51,6.3,.4,1007.4,1014.7,,,,,3,0,,,2000,,,11.7,,,,
146,2022-05-16 03:00,9.4,,1.4,140,53,6.2,.2,1007.2,1014.5,,,,,6,0,Ci,,2000,,,11.3,,,,
146,2022-05-16 04:00,9,,1.8,110,55,6.3,.4,1007,1014.3,,,,,4,0,Ci,,2000,,,10.8,,,,
146,2022-05-16 05:00,8.4,,1.9,110,57,6.2,.3,1006.9,1014.3,,,,,1,0,Ci,,2000,,,10.4,,,,
146,2022-05-16 06:00,8.4,,1.9,140,58,6.4,.6,1006.9,1014.3,.2,.04,,,2,0,Ci,,2000,,,10.3,,,,
146,2022-05-16 07:00,11.2,,.7,110,51,6.8,1.4,1007,1014.3,1,.5,,,2,0,Ci,,2000,,,11.4,,,,
146,2022-05-16 08:00,14,,1.7,140,45,7.2,2.2,1007.1,1014.3,1,1.22,,,0,0,,,2000,,,13.1,,,,
146,2022-05-16 09:00,17.6,,.8,180,37,7.4,2.7,1007,1014.1,1,1.95,,,0,0,,,2000,,,19.2,,,,
146,2022-05-16 10:00,19.2,,1.1,250,30,6.6,1.1,1006.8,1013.8,1,2.57,,,0,0,,,2000,,,25.4,,,,
146,2022-05-16 11:00,20.7,,2.7,230,26,6.3,.4,1006.6,1013.6,1,3.07,,,0,0,,,2000,,,29.6,,,,
146,2022-05-16 12:00,20.4,,2.6,270,25,6,-.3,1005.9,1012.9,1,3.37,,,0,0,,,2000,,,33.1,,,,
146,2022-05-16 13:00,22.2,,3.2,250,29,7.7,3.3,1005.4,1012.4,1,3.45,,,0,0,,,2000,,,35,,,,
146,2022-05-16 14:00,22.3,,3,290,28,7.5,2.8,1004.6,1011.5,1,3.32,,,0,0,,,2000,,,36.4,,,,
146,2022-05-16 15:00,23.4,,2.6,250,28,8,3.8,1003.9,1010.8,1,2.97,,,0,0,,,1899,,,36,,,,
146,2022-05-16 16:00,23.1,,3.4,250,27,7.6,3,1003.8,1010.7,1,2.43,,,0,0,,,2000,,,33,,,,
146,2022-05-16 17:00,22,,3.4,270,29,7.6,3.1,1003.8,1010.8,1,1.82,,,0,0,,,2000,,,28.7,,,,
146,2022-05-16 18:00,21.1,,3,290,30,7.5,2.8,1004.1,1011.1,1,1.09,,,0,0,,,2000,,,23.4,,,,
146,2022-05-16 19:00,19.5,,2.9,230,30,6.8,1.4,1004.5,1011.5,.9,.4,,,0,0,,,2000,,,20.1,,,,
146,2022-05-16 20:00,18,,1,250,35,7.2,2.2,1005.1,1012.2,0,.02,,,0,0,,,2000,,,17.8,,,,
146,2022-05-16 21:00,16.6,,1.5,270,42,7.9,3.6,1005.8,1012.9,,,,,0,0,,,2000,,,16.4,,,,
146,2022-05-16 22:00,15.9,,1.2,110,45,8.1,3.9,1006.5,1013.7,,,,,0,0,,,2000,,,15.4,,,,
146,2022-05-16 23:00,14.8,,1.4,110,48,8,3.8,1006.7,1013.9,,,,,0,0,,,2000,,,14.6,,,,
146,2022-05-17 00:00,13.5,,1.9,140,53,8.1,4,1006.6,1013.8,,,,,0,0,,,2000,,,14,,,,
146,2022-05-17 01:00,12.9,,1.6,140,56,8.3,4.3,1006.8,1014,,,,,0,0,,,2000,,,13.4,,,,
146,2022-05-17 02:00,13.6,,1,110,53,8.2,4.1,1006.9,1014.1,,,,,0,0,,,2000,,,12.9,,,,
146,2022-05-17 03:00,13,,1.4,140,54,8,3.8,1006.6,1013.8,,,,,0,0,,,2000,,,12.5,,,,
146,2022-05-17 04:00,12.3,,1.8,140,56,8,3.7,1006.4,1013.6,,,,,0,0,,,2000,,,12.2,,,,
146,2022-05-17 05:00,12.3,,1.7,140,56,8,3.7,1006.4,1013.6,,,,,0,0,,,2000,,,11.9,,,,
146,2022-05-17 06:00,12.8,,1.4,110,54,8,3.7,1006.8,1014,.1,.03,,,0,0,,,2000,,,12,,,,
146,2022-05-17 07:00,15.1,,1.2,110,50,8.5,4.7,1007.2,1014.4,1,.45,,,0,0,,,2000,,,13.4,,,,
146,2022-05-17 08:00,17.2,,1.7,140,47,9.2,5.7,1007.4,1014.5,1,1.12,,,0,0,,,1980,,,15.3,,,,
146,2022-05-17 09:00,20.8,,.9,160,44,10.7,8,1007.5,1014.5,1,1.82,,,0,0,,,2000,,,21.1,,,,
146,2022-05-17 10:00,22.4,,1.5,180,36,9.7,6.5,1007.3,1014.3,1,2.45,,,0,0,,,1906,,,27.1,,,,
146,2022-05-17 11:00,24,,1.3,180,33,9.8,6.7,1007.3,1014.2,1,2.92,,,0,0,,,1996,,,31.9,,,,
146,2022-05-17 12:00,25.3,,1.7,200,34,10.9,8.2,1006.7,1013.6,1,3.2,,,0,0,,,2000,,,35.4,,,,
146,2022-05-17 13:00,26,,3.3,230,29,9.7,6.5,1006.4,1013.3,1,3.31,,,2,2,Cu,10,1776,,,37.3,,,,
146,2022-05-17 14:00,27.2,,2.8,230,28,10,7,1006.1,1012.9,1,3.22,,,1,1,Cu,10,1889,,,37.8,,,,
146,2022-05-17 15:00,26.7,,3.8,250,26,9,5.5,1005.7,1012.6,1,2.96,,,2,2,Cu,10,1976,,,37.8,,,,
146,2022-05-17 16:00,26.3,,4.2,270,38,12.9,10.8,1005.6,1012.5,1,2.45,,,2,2,Cu,10,2000,,,34.9,,,,
146,2022-05-17 17:00,26,,2.3,270,39,13,10.9,1005.7,1012.6,1,1.77,,,0,0,,,2000,,,31.1,,,,
146,2022-05-17 18:00,24.8,,3.7,230,40,12.4,10.2,1006.1,1013,1,1.03,,,0,0,,,2000,,,25.6,,,,
146,2022-05-17 19:00,23.1,,2.2,230,46,12.9,10.8,1006.5,1013.4,.8,.37,,,0,0,,,1998,,,22.5,,,,
146,2022-05-17 20:00,21.6,,2,230,47,12,9.7,1007.3,1014.3,0,.03,,,0,0,,,1995,,,20.3,,,,
146,2022-05-17 21:00,20.7,,.9,250,47,11.4,8.9,1008.1,1015.1,,,,,0,0,,,1996,,,18.8,,,,
146,2022-05-17 22:00,20.6,,1.1,110,46,11.1,8.5,1008.6,1015.6,,,,,1,0,,,2000,,,17.8,,,,
146,2022-05-17 23:00,19.5,,1.6,140,47,10.6,7.8,1008.8,1015.8,,,,,0,0,,,2000,,,17,,,,
146,2022-05-18 00:00,18.5,,1.7,110,50,10.6,7.8,1009.2,1016.3,,,,,0,0,,,2000,,,16.3,,,,
146,2022-05-18 01:00,18.3,,1.8,110,51,10.6,7.9,1009.5,1016.6,,,,,0,0,,,2000,,,15.8,,,,
146,2022-05-18 02:00,17.9,,1.5,110,54,11,8.4,1009.7,1016.8,,,,,0,0,,,2000,,,15.3,,,,
146,2022-05-18 03:00,17.1,,1.6,140,57,11.1,8.5,1009.7,1016.8,,,,,0,0,,,2000,,,14.9,,,,
146,2022-05-18 04:00,16.8,,1.4,140,57,10.9,8.2,1010,1017.1,,,,,0,0,,,2000,,,14.5,,,,
146,2022-05-18 05:00,16.4,,1.3,140,58,10.8,8.1,1010.2,1017.4,,,,,0,0,,,2000,,,14.1,,,,
146,2022-05-18 06:00,15.7,,1.6,140,61,10.8,8.1,1010.4,1017.6,0,.03,,,0,0,,,1946,,,14.1,,,,
146,2022-05-18 07:00,17.9,,1.6,140,55,11.2,8.7,1010.8,1017.9,.8,.39,,,0,0,,,2000,,,15.4,,,,
146,2022-05-18 08:00,20.5,,1.9,140,47,11.2,8.7,1010.9,1018,1,1.06,,,0,0,,,2000,,,17.3,,,,
146,2022-05-18 09:00,22.9,,1.4,160,35,9.7,6.6,1011.2,1018.2,1,1.76,,,0,0,,,1421,,,22.5,,,,
146,2022-05-18 10:00,23.7,,2,200,31,9,5.5,1011.2,1018.1,1,2.37,,,0,0,,,2000,,,28.2,,,,
146,2022-05-18 11:00,25.1,,4.1,230,28,8.8,5.2,1011.2,1018.1,1,2.84,,,0,0,,,2000,,,32.1,,,,
146,2022-05-18 12:00,26.2,,4.4,250,29,9.8,6.7,1011,1017.9,1,3.13,,,0,0,,,2000,,,34.4,,,,
146,2022-05-18 13:00,27,,4.3,230,28,9.9,6.9,1010.1,1017,1,3.1,,,0,0,,,2000,,,36.8,,,,
146,2022-05-18 14:00,27.2,,4.1,230,29,10.4,7.6,1009.8,1016.7,1,2.98,,,2,2,Cu,10,2000,,,36.7,,,,
146,2022-05-18 15:00,27.9,,4.1,200,27,10.1,7.1,1009.2,1016,1,2.93,,,1,1,Cu,10,2000,,,35.2,,,,
146,2022-05-18 16:00,27.8,,4.3,230,27,10,7,1008.6,1015.4,1,2.38,,,0,0,,,2000,,,29.1,,,,
146,2022-05-18 17:00,26.8,,5.8,250,28,9.8,6.7,1009.1,1016,1,1.74,,,0,0,,,2000,,,28.5,,,,
146,2022-05-18 18:00,25.6,,4.9,230,27,8.8,5.1,1009.4,1016.3,1,1.02,,,0,0,,,2000,,,24.9,,,,
146,2022-05-18 19:00,24.5,,3.6,230,30,9.2,5.7,1009.4,1016.3,.8,.38,,,0,0,,,2000,,,21,,,,
146,2022-05-18 20:00,23.6,,4,230,29,8.4,4.5,1010,1016.9,0,.02,,,0,0,,,2000,,,18.3,,,,
146,2022-05-18 21:00,21.9,,2.7,230,32,8.4,4.4,1010.8,1017.8,,,,,0,0,,,2000,,,16.6,,,,
146,2022-05-18 22:00,21.7,,2.5,230,30,7.7,3.3,1011.5,1018.5,,,,,0,0,,,2000,,,15.7,,,,
146,2022-05-18 23:00,21.6,,2.4,200,26,6.7,1.2,1011.7,1018.7,,,,,0,0,,,2000,,,14.9,,,,
146,2022-05-19 00:00,20.3,,1.3,110,29,6.9,1.6,1011.2,1018.3,,,,,0,0,,,2000,,,13.8,,,,
146,2022-05-19 01:00,19.2,,1.6,110,34,7.5,2.9,1011.4,1018.5,,,,,6,0,,,2000,,,13.2,,,,
146,2022-05-19 02:00,17.9,,2,110,36,7.3,2.5,1011,1018.1,,,,,6,1,,31,2000,,,12.7,,,,
146,2022-05-19 03:00,18.7,,1,110,33,7.1,2,1010.9,1018,,,,,5,0,Ci,,2000,,,12.2,,,,
146,2022-05-19 04:00,17,,1.5,140,40,7.7,3.2,1011,1018.1,,,,,6,0,Ci,,2000,,,11.9,,,,
146,2022-05-19 05:00,17.3,,1.8,110,41,8.1,3.9,1010.8,1017.9,,,,,5,0,Ci,,2000,,,11.8,,,,
146,2022-05-19 06:00,17.4,,1.5,110,40,7.9,3.6,1011.1,1018.2,0,.03,,,6,0,Ci,,2000,,,12.2,,,,
146,2022-05-19 07:00,17.7,,1.5,140,43,8.7,4.9,1011.4,1018.5,0,.31,,,7,0,Ci,,2000,,,14.5,,,,
146,2022-05-19 08:00,19.5,,1.7,140,39,8.8,5.1,1011.6,1018.6,0,.74,,,8,0,Cs,,1317,,,18.7,,,,
146,2022-05-19 09:00,21.3,,1.4,110,36,9.1,5.6,1011.7,1018.7,0,1.04,,,9,0,Cs,,2000,,,22.2,,,,
146,2022-05-19 10:00,22.9,,1.3,180,30,8.3,4.3,1011.9,1018.9,0,1.34,,,10,0,Cs,,2000,,,25.8,,,,
146,2022-05-19 11:00,23.6,,1.6,180,27,7.8,3.4,1011.8,1018.7,.3,1.86,,,10,0,Cs,,2000,,,31.3,,,,
146,2022-05-19 12:00,24.6,,2.5,250,25,7.7,3.2,1011.7,1018.6,.1,1.89,,,10,0,Cs,,2000,,,30.8,,,,
146,2022-05-19 13:00,25.3,,2.6,230,27,8.7,4.9,1011.2,1018.1,.5,2.28,,,8,0,CsCi,,2000,,,35.8,,,,
146,2022-05-19 14:00,25.8,,3.2,230,26,8.6,4.8,1010.5,1017.4,.8,2.55,,,9,0,CsCi,,2000,,,37.9,,,,
146,2022-05-19 15:00,25.6,,2.4,250,28,9.2,5.7,1010.1,1017,.6,2.04,,,8,0,CsCi,,2000,,,37.5,,,,
146,2022-05-19 16:00,25.6,,3,250,27,8.8,5.1,1009.6,1016.5,.9,1.94,,,8,0,CsCi,,2000,,,35.1,,,,
146,2022-05-19 17:00,24.1,,3.1,270,31,9.3,5.9,1009.6,1016.5,.4,1.25,,,9,0,Cs,,2000,,,29.7,,,,
146,2022-05-19 18:00,22.2,,2,290,36,9.6,6.4,1009.7,1016.7,0,.6,,,8,0,Ci,,2000,,,25.4,,,,
146,2022-05-19 19:00,21.3,,2,270,37,9.3,6,1009.7,1016.7,0,.24,,,8,8,,60,2000,,,21.5,,,,
146,2022-05-19 20:00,19.3,,1.9,360,46,10.2,7.3,1009.8,1016.8,0,.02,,,8,7,,65,2000,,,18.7,,,,
146,2022-05-19 21:00,18.5,,1.2,70,47,9.9,6.9,1010.4,1017.5,,,,,7,0,Ci,,2000,,,17.4,,,,
146,2022-05-19 22:00,18.7,,1,50,46,9.9,6.8,1010.4,1017.5,,,,,8,8,,61,2000,,,16.7,,,,
146,2022-05-19 23:00,18.3,,.6,140,50,10.4,7.6,1010,1017.1,,,,,8,8,,57,2000,,,15.9,,,,
146,2022-05-20 00:00,17.5,,1.1,110,52,10.4,7.5,1010,1017.1,,,,,9,0,,,2000,,,15.6,,,,
146,2022-05-20 01:00,17.2,,1,110,50,9.7,6.6,1009.3,1016.4,,,,,10,10,,55,2000,,,15.4,,,,
146,2022-05-20 02:00,17,,1.2,110,51,9.8,6.7,1008.9,1016,,,,,9,9,,53,2000,,,15.1,,,,
146,2022-05-20 03:00,16.5,,1,140,53,9.9,6.8,1008.9,1016,,,,,9,0,Ci,,2000,,,14.9,,,,
146,2022-05-20 04:00,15.8,,1.4,140,56,10,7,1008.9,1016.1,,,,,9,0,Ci,,2000,,,14.6,,,,
146,2022-05-20 05:00,16,,1,140,56,10.2,7.2,1009,1016.2,,,,,9,0,Ci,,2000,,,14.6,,,,
146,2022-05-20 06:00,15.6,,1.2,140,58,10.2,7.3,1008.8,1016,0,.02,,,9,0,Ci,,2000,,,14.8,,,,
146,2022-05-20 07:00,16.4,,1.6,140,56,10.4,7.5,1008.8,1015.9,0,.22,,,9,0,Ci,,2000,,,16.7,,,,
146,2022-05-20 08:00,19.3,,.7,110,49,10.9,8.3,1008.8,1015.8,.1,.75,,,8,0,Ci,,1825,,,21.6,,,,
146,2022-05-20 09:00,20.3,,.9,110,45,10.6,7.9,1008.8,1015.9,.2,.94,,,9,0,Ci,,2000,,,23.5,,,,
146,2022-05-20 10:00,22,,1.1,140,46,12.1,9.8,1008.6,1015.6,0,1.4,,,10,3,AcCs,40,2000,,,28,,,,
146,2022-05-20 11:00,22.2,,1.3,200,47,12.5,10.3,1008.1,1015.1,0,1.52,,,10,5,AcCs,45,2000,,,30.7,,,,
146,2022-05-20 12:00,23.3,,1.5,250,46,13.1,11,1007.4,1014.3,.4,2.1,,,7,0,Cs,,2000,,,34.3,,,,
146,2022-05-20 13:00,24.5,,1.8,270,47,14.4,12.4,1006.4,1013.3,.7,2.61,,,3,1,ScCi,10,2000,,,42.7,,,,
146,2022-05-20 14:00,24.6,,2.4,320,45,13.8,11.8,1005.7,1012.6,1,3.27,,,1,1,Sc,15,2000,,,45.1,,,,
146,2022-05-20 15:00,25,,2.3,270,44,13.8,11.8,1005.2,1012.1,1,2.91,,,1,1,Sc,10,2000,,,44.8,,,,
146,2022-05-20 16:00,24.6,,2.6,250,45,13.8,11.8,1004.8,1011.7,.8,2.17,,,4,4,Sc,10,2000,,,37.3,,,,
146,2022-05-20 17:00,24.2,,3.5,270,45,13.6,11.5,1004.7,1011.6,.7,1.51,,,1,1,Sc,10,2000,,,34.1,,,,
146,2022-05-20 18:00,23.4,,3.4,270,52,14.9,12.9,1004.5,1011.4,1,1.06,,,0,0,,,2000,,,29.5,,,,
146,2022-05-20 19:00,21.9,,3,270,60,15.7,13.7,1004.7,1011.7,.9,.41,,,0,0,,,2000,,,24.1,,,,
146,2022-05-20 20:00,20.5,,1.8,250,64,15.4,13.4,1005.4,1012.4,0,.02,,,0,0,,,2000,,,20.6,,,,
146,2022-05-20 21:00,19.6,,1.9,250,69,15.7,13.7,1005.9,1012.9,,,,,0,0,,,1982,,,19.1,,,,
146,2022-05-20 22:00,18.8,,1.2,250,74,16,14,1006.3,1013.3,,,,,0,0,,,1248,,,17.9,,,,
146,2022-05-20 23:00,18.6,,.5,250,76,16.2,14.2,1005.8,1012.8,,,,,0,0,,,1465,,,16.7,,,,
146,2022-05-21 00:00,17.6,,1.1,20,79,15.9,13.9,1005.5,1012.6,,,,,0,0,,,1093,,,15.9,,,,
146,2022-05-21 01:00,17.3,,0,0,83,16.3,14.3,1005.1,1012.2,,,,,0,0,,,804,,19,15.1,,,,
146,2022-05-21 02:00,16.8,,1.4,110,81,15.5,13.5,1004.6,1011.7,,,,,0,0,,,1099,,19,15,,,,
146,2022-05-21 03:00,15.9,,1.4,110,85,15.3,13.3,1004.2,1011.3,,,,,0,0,,,944,,19,14.6,,,,
146,2022-05-21 04:00,15.4,,1.3,110,86,15,13,1004.2,1011.4,,,,,0,0,,,813,,19,14.1,,,,
146,2022-05-21 05:00,15.2,,.8,110,86,14.8,12.8,1004.2,1011.4,,,,,0,0,,,792,,19,13.5,,,,
146,2022-05-21 06:00,15.4,,.7,110,85,14.8,12.8,1004.5,1011.7,0,.04,,,0,0,,,857,,19,13.8,,,,
146,2022-05-21 07:00,16.5,,.4,0,79,14.8,12.8,1004.8,1011.9,1,.44,,,0,0,,,1031,,19,16.4,,,,
146,2022-05-21 08:00,17.9,,1,340,76,15.6,13.6,1005.1,1012.2,1,1.06,,,0,0,,,897,,19,23,,,,
146,2022-05-21 09:00,20.1,,1.1,340,72,16.8,14.8,1004.9,1011.9,1,1.74,,,1,1,Sc,10,854,,19,29.6,,,,
146,2022-05-21 10:00,21.8,,.9,340,60,15.6,13.6,1004.6,1011.6,1,2.45,,,2,2,Sc,10,1986,,19,36.4,,,,
146,2022-05-21 11:00,23.5,,2.2,290,56,16.2,14.2,1004.4,1011.3,1,2.82,,,2,2,Sc,10,2000,,,40.8,,,,
146,2022-05-21 12:00,23.8,,1.3,320,56,16.4,14.4,1004,1010.9,.9,2.76,,,4,4,Sc,10,2000,,,41.1,,,,
146,2022-05-21 13:00,24,,2.6,270,53,15.8,13.8,1003.3,1010.2,.9,3.06,,,4,4,Sc,10,2000,,,43.9,,,,
146,2022-05-21 14:00,24.9,,2.6,250,53,16.6,14.6,1002.6,1009.5,1,2.97,,,3,3,Sc,10,2000,,,45.1,,,,
146,2022-05-21 15:00,25.1,,3.4,270,49,15.6,13.6,1001.9,1008.8,1,2.92,,,1,1,Sc,10,2000,,,45.6,,,,
146,2022-05-21 16:00,24.7,,3,250,51,15.8,13.8,1001.5,1008.3,1,2.45,,,1,1,Sc,10,2000,,,42.2,,,,
146,2022-05-21 17:00,23.4,,4.1,270,55,15.8,13.8,1001.5,1008.4,1,1.82,,,0,0,,,2000,,,35.9,,,,
146,2022-05-21 18:00,22.6,,2.1,250,59,16.1,14.1,1001.5,1008.4,1,1.09,,,0,0,,,2000,,,30.5,,,,
146,2022-05-21 19:00,20.7,,2.8,270,60,14.6,12.6,1001.4,1008.4,.9,.42,,,0,0,,,2000,,,23.9,,,,
146,2022-05-21 20:00,19.3,,1.8,250,73,16.3,14.3,1001.9,1008.9,0,.03,,,0,0,,,2000,,,20.5,,,,
146,2022-05-21 21:00,18.3,,1.6,270,81,16.9,14.9,1002.6,1009.6,,,,,0,0,,,1926,,,18.8,,,,
146,2022-05-21 22:00,17.8,,.7,250,83,16.8,14.8,1003,1010,,,,,0,0,,,1663,,,17.5,,,,
146,2022-05-21 23:00,17.5,,1,230,84,16.7,14.7,1002.6,1009.7,,,,,0,0,,,1306,,,16.7,,,,
146,2022-05-22 00:00,17.5,,1.7,270,84,16.7,14.7,1003.1,1010.2,,,,,8,8,,,1374,,,18.4,,,,
146,2022-05-22 01:00,17.4,,1.6,230,84,16.6,14.6,1002.5,1009.6,,,,,6,6,,4,1131,,,18.6,,,,
146,2022-05-22 02:00,16.8,,1.2,270,88,16.7,14.7,1002.3,1009.4,,,,,8,8,,4,710,,19,17.8,,,,
146,2022-05-22 03:00,16.4,,.9,270,89,16.5,14.5,1002.3,1009.4,,,,,7,7,Sc,5,524,,19,17.3,,,,
146,2022-05-22 04:00,15.9,,.3,0,90,16.2,14.2,1001.8,1008.9,,,,,5,5,Sc,5,603,,19,15.5,,,,
146,2022-05-22 05:00,15.9,,0,0,90,16.2,14.2,1002.1,1009.2,,,,,4,4,Sc,5,683,,19,15.2,,,,
146,2022-05-22 06:00,15.3,,.9,50,90,15.6,13.6,1002.6,1009.7,0,.04,,,7,4,ScCi,5,643,,19,15.2,,,,
146,2022-05-22 07:00,17,,.8,140,78,15.1,13.1,1002.6,1009.7,.9,.46,,,7,0,Ci,,1852,,19,17.8,,,,
146,2022-05-22 08:00,18.5,,1,160,75,15.9,13.9,1002.4,1009.4,1,1.01,,,3,0,Ci,,1981,,,24,,,,
146,2022-05-22 09:00,21.6,,.8,200,57,14.7,12.7,1002.6,1009.6,1,1.75,,,3,0,Ci,,2000,,,30.9,,,,
146,2022-05-22 10:00,23.4,,1.1,250,45,12.9,10.7,1002.7,1009.6,1,2.4,,,0,0,,,2000,,,36.9,,,,
146,2022-05-22 11:00,23.2,,2.6,270,48,13.6,11.5,1002.9,1009.8,1,2.86,,,0,0,,,2000,,,41.9,,,,
146,2022-05-22 12:00,24.5,,2.6,230,49,15,13,1002.5,1009.3,1,3.19,,,0,0,,,2000,,,45.6,,,,
146,2022-05-22 13:00,25.6,,3,230,48,15.7,13.7,1001.9,1008.8,1,3.27,,,0,0,,,2000,,,47.9,,,,
146,2022-05-22 14:00,25.9,,4.1,230,45,15,13,1001.4,1008.3,1,3.18,,,0,0,,,2000,,,47.3,,,,
146,2022-05-22 15:00,26.6,,2.9,270,44,15.3,13.3,1001.2,1008,1,2.86,,,0,0,,,2000,,,46.9,,,,
146,2022-05-22 16:00,27,,2.5,270,46,16.3,14.3,1000.7,1007.5,1,2.36,,,0,0,,,2000,,,43.7,,,,
146,2022-05-22 17:00,24.3,,3.5,290,56,16.9,14.9,1001,1007.8,1,1.72,,,0,0,,,1983,,,36.9,,,,
146,2022-05-22 18:00,23.2,,2.5,250,63,17.8,15.7,1001,1007.9,1,1,,,0,0,,,1742,,,31.1,,,,
146,2022-05-22 19:00,21.4,,1.5,270,69,17.5,15.4,1001.4,1008.4,.7,.38,,,0,0,,,1334,,,25.2,,,,
146,2022-05-22 20:00,20,,1.8,270,75,17.5,15.4,1001.7,1008.7,0,.03,,,0,0,,,1157,,,21.6,,,,
146,2022-05-22 21:00,19.4,,.9,250,78,17.5,15.4,1002.3,1009.3,,,,,0,0,,,949,,19,19.9,,,,
146,2022-05-22 22:00,19,,.2,0,82,17.9,15.8,1003.2,1010.2,,,,,0,0,,,815,,19,18.4,,,,
146,2022-05-22 23:00,18.7,,.5,270,81,17.4,15.3,1003.6,1010.6,,,,,0,0,,,723,,19,17.7,,,,
146,2022-05-23 00:00,17.1,,1.2,50,89,17.3,15.2,1003.4,1010.5,,,,,0,0,,,505,,19,16.9,,,,
146,2022-05-23 01:00,17.2,,.6,50,88,17.2,15.1,1003.3,1010.4,,,,,0,0,,,532,,19,16.2,,,,
146,2022-05-23 02:00,17.4,,1.2,110,86,17,15,1003.4,1010.5,,,,,0,0,,,640,,19,16.1,,,,
146,2022-05-23 03:00,16.9,,1.2,140,86,16.5,14.5,1003.7,1010.8,,,,,0,0,,,601,,19,15.7,,,,
146,2022-05-23 04:00,16.6,,1.3,110,87,16.4,14.4,1003.9,1011,,,,,0,0,,,625,,19,15.4,,,,
146,2022-05-23 05:00,16.2,,1.4,140,87,16,14,1004.2,1011.3,,,,,0,0,,,572,,19,14.9,,,,
146,2022-05-23 06:00,16.3,,1.3,140,86,15.9,13.9,1004.7,1011.8,0,.04,,,0,0,,,608,,19,15.4,,,,
146,2022-05-23 07:00,18.1,,.4,0,79,16.3,14.3,1005,1012.1,.6,.39,,,0,0,,,765,,19,18.2,,,,
146,2022-05-23 08:00,20.6,,.5,200,70,16.9,14.9,1005.5,1012.5,1,1.01,,,0,0,,,830,,4019,24.7,,,,
146,2022-05-23 09:00,22.8,,.6,250,61,16.8,14.8,1005.7,1012.6,1,1.66,,,0,0,,,799,,40,31.5,,,,
146,2022-05-23 10:00,24.2,,1.3,200,58,17.5,15.4,1005.8,1012.7,1,2.16,,,4,0,Ci,,883,,40,36.4,,,,
146,2022-05-23 11:00,24.9,,2.1,270,49,15.4,13.4,1005.9,1012.8,1,2.58,,,4,0,Ci,,1428,,40,41.1,,,,
146,2022-05-23 12:00,25.5,,1.9,270,47,15.3,13.3,1005.9,1012.8,1,2.75,,,3,0,Ci,,1540,,,42.6,,,,
146,2022-05-23 13:00,26.4,,2.2,290,44,15.1,13.1,1005.7,1012.6,1,3.07,,,4,0,Ci,,1837,,,48.4,,,,
146,2022-05-23 14:00,27.8,,2.8,230,38,14.1,12.1,1005.6,1012.4,1,2.86,,,6,0,Ci,,2000,,,47.6,,,,
146,2022-05-23 15:00,28.6,,2.4,270,33,12.9,10.7,1005.3,1012.1,1,2.71,,,8,0,Ci,,2000,,,46,,,,
146,2022-05-23 16:00,27.3,,3.3,250,34,12.3,10,1005.3,1012.1,.1,1.35,,,9,0,Ci,,2000,,,37,,,,
146,2022-05-23 17:00,26.7,,2.3,270,37,12.9,10.7,1005.4,1012.3,.6,1.27,,,6,0,Ci,,2000,,,34.5,,,,
146,2022-05-23 18:00,24.1,,2.4,270,52,15.6,13.6,1005.7,1012.6,.2,.7,,,6,0,Ci,,1805,,,29.3,,,,
146,2022-05-23 19:00,22.8,,1.1,270,54,14.9,12.9,1006.1,1013,0,.29,,,8,0,,,2000,,,25.2,,,,
146,2022-05-23 20:00,21.4,,2,250,55,13.9,11.9,1007,1014,0,.05,,,6,0,,,2000,,,21.4,,,,
146,2022-05-23 21:00,20.1,,1.8,250,65,15.3,13.3,1007.8,1014.9,,,,,1,0,Ci,,1853,,,19.5,,,,
146,2022-05-23 22:00,18.8,,2,270,69,14.9,12.9,1008.6,1015.6,,,,,0,0,,,1566,,,18.2,,,,
146,2022-05-23 23:00,18.8,,.9,270,69,14.9,12.9,1008.9,1015.9,,,,,0,0,,,1371,,,17,,,,
146,2022-05-24 00:00,17.7,,.9,70,73,14.7,12.7,1009,1016.1,,,,,0,0,,,1063,,,16,,,,
146,2022-05-24 01:00,18,,.2,0,71,14.6,12.6,1008.8,1015.9,,,,,0,0,,,1491,,,15.3,,,,
146,2022-05-24 02:00,16.7,,.8,160,74,14,12,1008.9,1016,,,,,2,0,,,1816,,,14.8,,,,
146,2022-05-24 03:00,15.8,,1.5,140,75,13.4,11.3,1008.6,1015.8,,,,,0,0,,,1572,,,14.2,,,,
146,2022-05-24 04:00,15.3,,1.4,140,77,13.3,11.2,1008.6,1015.8,,,,,0,0,,,1549,,,13.8,,,,
146,2022-05-24 05:00,15.4,,1,110,76,13.2,11.1,1008.8,1016,,,,,0,0,,,1503,,,13.5,,,,
146,2022-05-24 06:00,15.1,,1,110,77,13.1,11,1009.1,1016.3,.1,.04,,,0,0,,,1397,,,13.7,,,,
146,2022-05-24 07:00,17.3,,.1,0,67,13.2,11.1,1009,1016.1,1,.48,,,0,0,,,1600,,,16.5,,,,
146,2022-05-24 08:00,19.2,,.9,20,59,13,10.9,1009.3,1016.3,1,1.16,,,0,0,,,1995,,,25,,,,
146,2022-05-24 09:00,21.7,,.9,340,56,14.5,12.5,1009.4,1016.4,1,1.86,,,0,0,,,1783,,,32.5,,,,
146,2022-05-24 10:00,23.5,,1.9,340,46,13.3,11.2,1008.9,1015.8,1,2.48,,,0,0,,,2000,,,38.1,,,,
146,2022-05-24 11:00,25.3,,2.4,340,40,12.9,10.7,1008.1,1015,1,2.95,,,0,0,,,2000,,,44.1,,,,
146,2022-05-24 12:00,27.5,,2,290,35,12.8,10.6,1007.4,1014.2,1,3.26,,,0,0,,,2000,,,48.7,,,,
146,2022-05-24 13:00,28.1,,2.1,290,33,12.5,10.3,1006.6,1013.4,1,3.36,,,0,0,,,2000,,,50.9,,,,
146,2022-05-24 14:00,28.5,,2.3,290,34,13.2,11.1,1005.6,1012.4,1,3.22,,,0,0,,,2000,,,51.4,,,,
146,2022-05-24 15:00,29.8,,2.6,290,31,12.9,10.8,1005.1,1011.9,1,2.91,,,0,0,,,2000,,,50.3,,,,
146,2022-05-24 16:00,30.2,,2.4,340,31,13.2,11.1,1004.3,1011.1,1,2.35,,,0,0,,,2000,,,46.6,,,,
146,2022-05-24 17:00,26.3,,4.1,290,49,16.7,14.7,1004.5,1011.4,1,1.77,,,0,0,,,2000,,,39,,,,
146,2022-05-24 18:00,24.8,,3.1,230,50,15.6,13.6,1005,1011.9,1,1.07,,,0,0,,,2000,,,32.7,,,,
146,2022-05-24 19:00,22.5,,2.4,250,55,15,13,1005.4,1012.3,.9,.41,,,0,0,,,2000,,,26.1,,,,
146,2022-05-24 20:00,21.1,,2.8,230,57,14.2,12.2,1005.7,1012.7,0,.03,,,1,0,,,2000,,,22.3,,,,
146,2022-05-24 21:00,19.9,,2.8,230,65,15.1,13.1,1005.9,1013,,,,,0,0,,,2000,,,20.7,,,,
146,2022-05-24 22:00,19.4,,1.8,230,66,14.8,12.8,1006.1,1013.1,,,,,0,0,,,2000,,,19.3,,,,
146,2022-05-24 23:00,19.1,,.9,230,65,14.3,12.3,1006,1013,,,,,0,0,,,2000,,,18.4,,,,
146,2022-05-25 00:00,18.7,,1.4,230,67,14.4,12.4,1006.1,1013.1,,,,,0,0,,,2000,,,17.7,,,,
146,2022-05-25 01:00,17.8,,.5,20,72,14.6,12.6,1005.6,1012.7,,,,,0,0,,,2000,,,16.8,,,,
146,2022-05-25 02:00,17,,.6,70,77,14.9,12.9,1005.2,1012.3,,,,,0,0,,,2000,,,16.2,,,,
146,2022-05-25 03:00,16.8,,.8,110,76,14.5,12.5,1004.7,1011.8,,,,,0,0,,,2000,,,15.7,,,,
146,2022-05-25 04:00,16,,.8,320,80,14.5,12.5,1004.5,1011.6,,,,,0,0,,,2000,,,15.3,,,,
146,2022-05-25 05:00,16.3,,1.3,140,78,14.4,12.4,1004.6,1011.7,,,,,0,0,,,1980,,,15.1,,,,
146,2022-05-25 06:00,16.4,,.3,0,77,14.3,12.3,1004.8,1011.9,0,.04,,,0,0,,,2000,,,15.3,,,,
146,2022-05-25 07:00,17.6,,.8,20,73,14.6,12.6,1005.1,1012.2,.9,.44,,,0,0,,,2000,,,18.3,,,,
146,2022-05-25 08:00,19.9,,.3,0,65,15.1,13.1,1004.8,1011.8,1,1.08,,,0,0,,,1950,,,25.8,,,,
146,2022-05-25 09:00,21.4,,1.6,320,63,16,14,1004.9,1011.9,1,1.78,,,0,0,,,1633,,,33,,,,
146,2022-05-25 10:00,23.1,,1.5,20,51,14.4,12.4,1004.1,1011,1,2.43,,,0,0,,,2000,,,39,,,,
146,2022-05-25 11:00,25,,.7,360,44,13.8,11.8,1003.4,1010.3,1,2.95,,,1,0,Ci,,2000,,,45.3,,,,
146,2022-05-25 12:00,26,,1.9,270,41,13.7,11.7,1002.7,1009.6,1,3.23,,,1,0,Ci,,2000,,,48.7,,,,
146,2022-05-25 13:00,26.8,,2.6,250,40,14,12,1001.7,1008.5,1,3.3,,,1,0,Ci,,2000,,,50.3,,,,
146,2022-05-25 14:00,26.5,,2.5,250,43,14.8,12.8,1001,1007.8,1,2.72,,,6,0,Ci,,2000,,,46.4,,,,
146,2022-05-25 15:00,26.3,,3.4,270,44,15,13,1000.5,1007.3,.9,2.36,,,7,0,Ci,,2000,,,46.4,,,,
146,2022-05-25 16:00,25.3,,2.7,270,45,14.5,12.5,1000.1,1007,.8,1.82,,,8,0,Ci,,2000,,,38.3,,,,
146,2022-05-25 17:00,22.6,,4.1,290,53,14.5,12.5,1000.4,1007.3,0,.99,,,9,7,AcCi,30,2000,,,32.5,,,,
146,2022-05-25 18:00,21.3,,3.6,270,61,15.4,13.4,1000.9,1007.9,.4,.86,,,9,6,AcCi,30,2000,,,29.2,,,,
146,2022-05-25 19:00,20.1,,3.5,270,65,15.3,13.3,1001.3,1008.3,0,.21,,,10,9,,33,2000,,,24.6,,,,
146,2022-05-25 20:00,19.8,,2.5,250,65,15,13,1001.6,1008.6,0,.02,,,9,9,,32,2000,,,22.3,,,,
146,2022-05-25 21:00,19.5,,2,230,66,14.9,12.9,1001.4,1008.4,,,,,9,6,AcCi,35,2000,,,21.2,,,,
146,2022-05-25 22:00,19.3,,1,180,64,14.3,12.3,1001.1,1008.1,,,,,9,9,,32,2000,,,20.7,,,,
146,2022-05-25 23:00,19.3,,1.7,250,64,14.3,12.3,1001.4,1008.4,,,,,10,5,,8,2000,,,20.9,,,,
146,2022-05-26 00:00,19.3,,2.1,200,67,15,13,1000.7,1007.7,,,,,10,4,,,2000,,,20.6,,,,
146,2022-05-26 01:00,19.1,0,1.8,200,69,15.2,13.2,999.9,1006.9,,,,,10,4,StNs,10,2000,,01,20.4,,,,
146,2022-05-26 02:00,16.1,2,3.5,290,94,17.2,15.1,1000.2,1007.3,,,,,10,6,StNs,8,212,,1901,18,,,,
146,2022-05-26 03:00,15.1,1.3,2.6,270,90,15.4,13.4,1000.4,1007.5,,,,,10,6,StNs,6,2000,,1901,17.1,,,,
146,2022-05-26 04:00,14.7,0,2.5,250,88,14.7,12.7,1000.5,1007.6,,,,,10,7,ScAs,10,1931,,01,16.4,,,,
146,2022-05-26 05:00,14,,1,250,89,14.2,12.2,1000.2,1007.3,,,,,6,2,ScCi,12,1499,,,14.3,,,,
146,2022-05-26 06:00,14.5,,.4,0,87,14.3,12.3,1000.3,1007.4,.2,.07,,,5,3,ScCi,12,1672,,,14.3,,,,
146,2022-05-26 07:00,15.3,,.3,0,81,14,12,1000.6,1007.7,.6,.49,,,4,2,ScCi,12,1746,,,16.9,,,,
146,2022-05-26 08:00,17.3,,.1,0,70,13.7,11.7,1000.5,1007.6,.5,.9,,,5,4,ScCi,10,2000,,,22.8,,,,
146,2022-05-26 09:00,17.4,,1.2,270,64,12.7,10.5,1000.8,1007.9,.8,1.75,,,3,3,Sc,10,1997,,,27,,,,
146,2022-05-26 10:00,19.4,,1.9,230,58,13,10.9,1000.4,1007.4,1,2.44,,,1,1,Sc,10,2000,,,29.1,,,,
146,2022-05-26 11:00,20.8,,2,320,52,12.7,10.5,1000.4,1007.4,1,3.06,,,0,0,,,2000,,,34.9,,,,
146,2022-05-26 12:00,22.3,,1.1,250,43,11.6,9.1,999.8,1006.7,1,3.4,,,0,0,,,2000,,,40.3,,,,
146,2022-05-26 13:00,22.8,,1.7,290,41,11.3,8.8,998.9,1005.8,1,3.52,,,0,0,,,2000,,,44,,,,
146,2022-05-26 14:00,23.7,,1.3,340,38,11.1,8.5,998,1004.8,1,3.36,,,0,0,,,2000,,,45.9,,,,
146,2022-05-26 15:00,23.8,,2.7,290,36,10.6,7.8,997.7,1004.5,1,3.06,,,0,0,,,2000,,,45.8,,,,
146,2022-05-26 16:00,23.7,,3.1,270,36,10.5,7.7,997.4,1004.2,1,2.55,,,1,0,Ci,,2000,,,42,,,,
146,2022-05-26 17:00,23.3,,2.4,270,36,10.2,7.3,996.9,1003.8,1,1.9,,,1,0,Ci,,2000,,,37,,,,
146,2022-05-26 18:00,22.6,,2.1,270,33,9,5.4,996.6,1003.5,1,1.21,,,0,0,,,2000,,,31.2,,,,
146,2022-05-26 19:00,20.8,,2.9,270,43,10.5,7.7,997.1,1004.1,1,.52,,,0,0,,,2000,,,23.8,,,,
146,2022-05-26 20:00,18.3,,2.2,270,63,13.2,11.1,997.4,1004.4,0,.04,,,0,0,,,2000,,,19.9,,,,
146,2022-05-26 21:00,17.4,,2.6,270,66,13,10.9,998.2,1005.2,,,,,0,0,,,2000,,,17.8,,,,
146,2022-05-26 22:00,16.8,,.9,230,76,14.5,12.5,998.4,1005.5,,,,,0,0,,,2000,,,16.6,,,,
146,2022-05-26 23:00,16.5,,.7,160,70,13.1,11,997.8,1004.9,,,,,0,0,,,2000,,,15.4,,,,
146,2022-05-27 00:00,15,,2,140,70,11.9,9.5,997,1004.1,,,,,0,0,,,2000,,,14.5,,,,
146,2022-05-27 01:00,14.4,,1.5,110,69,11.2,8.7,996.4,1003.5,,,,,0,0,,,2000,,,13.7,,,,
146,2022-05-27 02:00,14.1,,1.5,110,64,10.2,7.3,995.6,1002.7,,,,,6,1,,32,2000,,,13.4,,,,
146,2022-05-27 03:00,14.6,,1.7,110,60,9.9,6.9,995.6,1002.7,,,,,0,0,,,2000,,,12.7,,,,
146,2022-05-27 04:00,15.3,,1.4,90,58,10,7,995.4,1002.5,,,,,0,0,,,2000,,,12.5,,,,
146,2022-05-27 05:00,15.3,,1.2,110,60,10.4,7.5,995.7,1002.8,,,,,0,0,,,2000,,,12.4,,,,
146,2022-05-27 06:00,17.3,,2.2,230,58,11.4,8.9,995.9,1002.9,.3,.06,,,0,0,,,2000,,,13.7,,,,
146,2022-05-27 07:00,18.6,,2.2,230,57,12.2,9.9,995.9,1002.9,.9,.49,,,0,0,,,2000,,,16.5,,,,
146,2022-05-27 08:00,19.6,,3.6,250,59,13.4,11.3,996.1,1003,1,1.19,,,0,0,,,2000,,,24.3,,,,
146,2022-05-27 09:00,20.2,,4,270,61,14.4,12.4,996,1003,.9,1.59,,,8,8,Sc,10,2000,,,26.7,,,,
146,2022-05-27 10:00,20.8,,2.8,250,62,15.2,13.2,995.9,1002.8,.6,1.69,,,8,8,Sc,10,2000,,,30.2,,,,
146,2022-05-27 11:00,22.1,,3.4,250,58,15.4,13.4,996.1,1003,.6,2,,,6,6,Sc,10,2000,,,36.8,,,,
146,2022-05-27 12:00,22.4,,3.8,250,56,15.1,13.1,995.9,1002.8,.9,2.83,,,3,3,Sc,10,2000,,,41.7,,,,
146,2022-05-27 13:00,23.6,,3.5,250,51,14.8,12.8,995.7,1002.5,1,3.4,,,0,0,,,2000,,,47.1,,,,
146,2022-05-27 14:00,24,,3.1,250,50,14.9,12.9,995.4,1002.2,1,3.37,,,0,0,,,2000,,,48.7,,,,
146,2022-05-27 15:00,24.3,,3.8,270,47,14.2,12.2,995.3,1002.1,1,3.06,,,0,0,,,2000,,,47.7,,,,
146,2022-05-27 16:00,24.5,,3.9,270,44,13.5,11.4,995.4,1002.2,1,2.59,,,0,0,,,2000,,,44,,,,
146,2022-05-27 17:00,24.3,,3.4,270,46,13.9,11.9,995.5,1002.3,1,1.93,,,0,0,,,2000,,,38.3,,,,
146,2022-05-27 18:00,23.6,,3.1,250,43,12.4,10.2,995.5,1002.3,1,1.24,,,0,0,,,2000,,,32.2,,,,
146,2022-05-27 19:00,22.1,,2,270,57,15.1,13.1,995.9,1002.8,1,.51,,,1,0,,,1803,,,25.2,,,,
146,2022-05-27 20:00,20.4,,1.2,270,61,14.6,12.6,996.6,1003.6,0,.04,,,0,0,,,2000,,,20.8,,,,
146,2022-05-27 21:00,19.3,,1,270,66,14.7,12.7,997.4,1004.3,,,,,0,0,,,2000,,,18.7,,,,
146,2022-05-27 22:00,18.8,,.7,270,71,15.4,13.4,998.6,1005.6,,,,,0,0,,,2000,,,17.5,,,,
146,2022-05-27 23:00,18.4,,.3,0,75,15.8,13.8,998.8,1005.8,,,,,0,0,,,2000,,,16.7,,,,
146,2022-05-28 00:00,16.8,,1.3,140,73,13.9,11.9,998.5,1005.6,,,,,0,0,,,2000,,,15.7,,,,
146,2022-05-28 01:00,16.5,,1.4,110,72,13.5,11.4,997.9,1005,,,,,0,0,,,2000,,,15,,,,
146,2022-05-28 02:00,16,,1.7,110,73,13.2,11.1,997.7,1004.8,,,,,0,0,,,2000,,,14.3,,,,
146,2022-05-28 03:00,16.3,,.6,160,73,13.5,11.4,998.2,1005.3,,,,,0,0,,,2000,,,13.8,,,,
146,2022-05-28 04:00,15.8,,1.6,110,71,12.7,10.5,998.2,1005.3,,,,,0,0,,,2000,,,13.6,,,,
146,2022-05-28 05:00,16.2,,1.5,110,68,12.4,10.2,998.6,1005.7,,,,,0,0,,,2000,,,13.4,,,,
146,2022-05-28 06:00,16.7,,1.2,140,71,13.5,11.4,999.2,1006.3,0,.07,,,4,0,Ci,,1938,,,14.2,,,,
146,2022-05-28 07:00,18,,1.2,140,65,13.4,11.3,999.5,1006.5,.4,.44,,,6,0,Ci,,2000,,,17.7,,,,
146,2022-05-28 08:00,20,,1.3,140,63,14.7,12.7,1000,1007,.3,.85,,,8,0,Ci,,2000,,,22.3,,,,
146,2022-05-28 09:00,22.9,,1.1,140,48,13.3,11.2,1000.2,1007.1,.9,1.41,,,9,0,Ci,,2000,,,29.3,,,,
146,2022-05-28 10:00,24.7,,1.4,160,35,10.8,8.1,1000.2,1007,1,2.18,,,9,0,Ci,,2000,,,35.1,,,,
146,2022-05-28 11:00,25.8,,.8,200,32,10.6,7.8,1000.4,1007.3,1,2.36,,,9,0,Ci,,2000,,,39.2,,,,
146,2022-05-28 12:00,27.4,,.7,250,30,10.9,8.2,1000.2,1007,1,2.76,,,9,0,Cs,,2000,,,44.5,,,,
146,2022-05-28 13:00,27.4,,2.8,270,29,10.5,7.7,1000,1006.8,1,2.8,,,9,0,Cs,,2000,,,45.3,,,,
146,2022-05-28 14:00,28.5,,2.8,250,27,10.4,7.6,999.5,1006.3,1,2.85,,,8,0,Cs,,2000,,,46.6,,,,
146,2022-05-28 15:00,28.4,,1.6,270,29,11.2,8.6,999.2,1006,1,2.59,,,8,0,CsCi,,2000,,,46.2,,,,
146,2022-05-28 16:00,28,,2.5,320,28,10.5,7.7,998.9,1005.7,1,2.13,,,6,0,CsCi,,2000,,,43.6,,,,
146,2022-05-28 17:00,28.5,,2.5,250,29,11.2,8.7,998.6,1005.4,1,1.82,,,7,0,Ci,,2000,,,40.1,,,,
146,2022-05-28 18:00,28.1,,2.5,270,24,9.1,5.6,998.6,1005.4,1,1.22,,,7,0,Ci,,1842,,,34.7,,,,
146,2022-05-28 19:00,26.4,,2.5,250,27,9.2,5.8,998.9,1005.7,1,.56,,,1,0,,,2000,,,26.9,,,,
146,2022-05-28 20:00,24.4,,2,250,34,10.4,7.5,999.6,1006.4,.1,.05,,,6,0,,,1973,,,22.4,,,,
146,2022-05-28 21:00,22.5,,1,250,42,11.4,8.9,1000.2,1007.1,,,,,4,0,Ci,,2000,,,20,,,,
146,2022-05-28 22:00,21.8,,.8,180,43,11.2,8.6,1000.8,1007.7,,,,,4,0,,,2000,,,18.2,,,,
146,2022-05-28 23:00,21.1,,1,270,46,11.5,9,1001.3,1008.3,,,,,3,0,,,2000,,,16.9,,,,
146,2022-05-29 00:00,19.1,,1.4,110,49,10.8,8.1,1001.2,1008.2,,,,,1,0,,,2000,,,16,,,,
146,2022-05-29 01:00,17.6,,1.1,140,53,10.6,7.8,1000.8,1007.8,,,,,1,0,,,2000,,,14.9,,,,
146,2022-05-29 02:00,17.1,,.7,140,55,10.6,7.9,1000.7,1007.8,,,,,0,0,,,2000,,,14.2,,,,
146,2022-05-29 03:00,16.2,,1.3,140,59,10.8,8.1,1000.5,1007.6,,,,,0,0,,,2000,,,13.6,,,,
146,2022-05-29 04:00,15.1,,1.3,140,63,10.7,8,1000.5,1007.6,,,,,0,0,,,1834,,,13.1,,,,
146,2022-05-29 05:00,14.9,,1.2,140,66,11.1,8.5,1000.2,1007.3,,,,,0,0,,,2000,,,12.6,,,,
146,2022-05-29 06:00,15.2,,1.4,110,70,12,9.7,1000.2,1007.3,.3,.06,,,0,0,,,2000,,,13.2,,,,
146,2022-05-29 07:00,17.4,,1,110,63,12.4,10.2,1000.1,1007.1,1,.57,,,1,0,Ci,,2000,,,16.2,,,,
146,2022-05-29 08:00,19.9,,.1,0,52,12,9.7,1000.4,1007.4,1,1.28,,,1,0,Ci,,2000,,,25.8,,,,
146,2022-05-29 09:00,21.9,,.5,70,44,11.5,9,1000.1,1007,1,1.92,,,2,0,Ci,,2000,,,33.8,,,,
146,2022-05-29 10:00,23.7,,1.2,360,46,13.4,11.3,999.4,1006.3,1,2.48,,,6,0,Ci,,2000,,,37.5,,,,
146,2022-05-29 11:00,24.4,,1.4,290,38,11.6,9.1,998.8,1005.6,1,2.57,,,8,0,Ci,,2000,,,39.8,,,,
146,2022-05-29 12:00,26.4,,1.8,290,35,11.9,9.6,998,1004.8,1,3.38,,,6,0,Ci,,2000,,,50,,,,
146,2022-05-29 13:00,28.5,,1.9,320,34,13.2,11.1,997,1003.7,1,3.45,,,5,0,Ci,,2000,,,53.2,,,,
146,2022-05-29 14:00,29,,2.7,320,35,13.9,11.9,996.4,1003.1,1,3.37,,,5,0,Ci,,2000,,,52.6,,,,
146,2022-05-29 15:00,29.9,,1.6,320,34,14.3,12.3,995.8,1002.5,.9,2.68,,,3,0,Ci,,2000,,,52.8,,,,
146,2022-05-29 16:00,30.1,,2.9,230,33,14,12,995.2,1001.9,1,2.44,,,4,0,Ci,,2000,,,47.9,,,,
146,2022-05-29 17:00,28.4,,3.1,250,44,16.9,14.9,995.4,1002.1,1,1.84,,,1,0,Ci,,2000,,,42,,,,
146,2022-05-29 18:00,25.9,,2.9,270,51,16.9,14.9,995.9,1002.7,1,1.13,,,0,0,,,2000,,,34.9,,,,
146,2022-05-29 19:00,24.1,,1.7,270,56,16.7,14.7,996.3,1003.1,.6,.38,,,6,0,,,2000,,,27.9,,,,
146,2022-05-29 20:00,23.1,,1.3,270,59,16.6,14.6,997,1003.9,0,.03,,,8,8,,44,2000,,,25.6,,,,
146,2022-05-29 21:00,21.9,0,1.8,340,66,17.3,15.2,997.2,1004.1,,,,,10,6,ScAs,10,2000,,01,23.7,,,,
146,2022-05-29 22:00,21.5,0,1.5,270,67,17.2,15.1,997.6,1004.5,,,,,10,9,ScAs,10,2000,,01,23.1,,,,
146,2022-05-29 23:00,21.2,0,.9,270,67,16.8,14.8,996.9,1003.8,,,,,10,5,ScAs,10,2000,,01,22.5,,,,
146,2022-05-30 00:00,21.2,,.7,320,68,17,15,996.8,1003.7,,,,,10,4,ScAs,10,2000,,,22.4,,,,
146,2022-05-30 01:00,21,0,.1,0,69,17,15,996.3,1003.2,,,,,8,8,As,25,2000,,01,21.5,,,,
146,2022-05-30 02:00,20.9,,.2,0,70,17.3,15.2,995.9,1002.8,,,,,9,3,,15,2000,,,21.8,,,,
146,2022-05-30 03:00,18.3,.2,1.3,110,79,16.5,14.5,995.8,1002.8,,,,,10,3,ScNs,8,522,,1901,19.9,,,,
146,2022-05-30 04:00,16.9,.9,1.6,70,91,17.5,15.4,995.8,1002.8,,,,,10,8,StNs,8,279,,1901,19,,,,
146,2022-05-30 05:00,16.6,.6,.7,110,94,17.7,15.6,995.5,1002.5,,,,,10,6,StAs,8,267,,1901,18.9,,,,
146,2022-05-30 06:00,17,.9,.3,0,95,18.3,16.1,995.5,1002.5,0,.01,,,10,8,StNs,8,267,,1901,19.1,,,,
146,2022-05-30 07:00,17.3,.9,.7,140,95,18.6,16.4,995.5,1002.5,0,.14,,,10,2,ScNs,10,462,,1901,20.7,,,,
146,2022-05-30 08:00,18.7,0,.6,20,88,18.9,16.6,995.3,1002.3,0,.78,,,10,4,ScAs,5,1727,,1901,24.5,,,,
146,2022-05-30 09:00,19.6,,0,0,82,18.6,16.4,995.4,1002.3,0,.68,,,10,4,ScAs,5,1991,,,25.1,,,,
146,2022-05-30 10:00,20.7,,.2,0,76,18.5,16.3,995.3,1002.2,0,.9,,,10,6,ScAs,5,2000,,,26.5,,,,
146,2022-05-30 11:00,21.5,,.7,360,75,19.1,16.8,995.1,1002,0,1.34,,,10,7,ScAs,5,2000,,,27.5,,,,
146,2022-05-30 12:00,21.1,,1.3,270,77,19.2,16.9,995.2,1002.1,0,.58,,,10,6,ScAs,5,2000,,,24.4,,,,
146,2022-05-30 13:00,22.8,,.9,250,69,19.1,16.8,994.7,1001.6,.1,1.22,,,9,4,ScAc,5,2000,,,31.8,,,,
146,2022-05-30 14:00,22.5,,1.6,270,73,19.9,17.4,994.2,1001.1,.1,1.1,,,9,8,ScAc,5,1571,,,26.8,,,,
146,2022-05-30 15:00,22.3,,2.3,270,72,19.4,17,994.2,1001.1,0,.48,,,9,8,ScAc,5,1037,,,24.7,,,,
146,2022-05-30 16:00,21,,3,270,75,18.5,16.3,994.6,1001.5,0,.35,,,10,7,ScAs,5,1247,,,22.5,,,,
146,2022-05-30 17:00,21.2,,2.8,270,73,18.3,16.1,994.8,1001.7,0,.42,,,10,6,ScAs,5,1842,,,23.4,,,,
146,2022-05-30 18:00,21.1,,3.5,270,73,18.2,16,995.1,1002,0,.44,,,10,6,ScAc,5,1798,,,22.5,,,,
146,2022-05-30 19:00,20.1,,3.5,270,77,18.1,15.9,995.6,1002.6,0,.11,,,9,7,,7,1981,,,21,,,,
146,2022-05-30 20:00,19.4,,3.1,270,81,18.2,16,996.6,1003.5,0,.03,,,7,7,,8,2000,,,20.1,,,,
146,2022-05-30 21:00,18.9,,2.8,270,85,18.5,16.3,997.7,1004.7,,,,,8,8,Sc,8,2000,,,19.5,,,,
146,2022-05-30 22:00,18.6,,1.4,270,86,18.4,16.2,998.1,1005.1,,,,,10,5,,3,2000,,,19.1,,,,
146,2022-05-30 23:00,18.5,,2.6,270,87,18.4,16.2,998.6,1005.6,,,,,9,5,,3,2000,,,19.2,,,,
146,2022-05-31 00:00,17.5,,1.8,250,87,17.4,15.3,999,1006,,,,,8,8,Sc,8,2000,,,17.2,,,,
146,2022-05-31 01:00,16,,1.1,250,90,16.3,14.3,999.4,1006.5,,,,,0,0,,,1407,,,15.4,,,,
146,2022-05-31 02:00,15.6,,.4,0,87,15.4,13.4,999.8,1006.9,,,,,0,0,,,2000,,,14.1,,,,
146,2022-05-31 03:00,15.8,,.8,110,84,15,13,999.7,1006.8,,,,,0,0,,,2000,,,13.3,,,,
146,2022-05-31 04:00,15.4,,.1,0,86,15,13,999.9,1007,,,,,0,0,,,2000,,,12.3,,,,
146,2022-05-31 05:00,14.6,,.8,180,87,14.4,12.4,1000.1,1007.2,,,,,0,0,,,2000,,,12.2,,,,
146,2022-05-31 06:00,14.4,,.6,140,87,14.2,12.2,1000.6,1007.7,.4,.08,,,0,0,,,1999,,,12.4,,,,
146,2022-05-31 07:00,16.3,,.5,140,79,14.6,12.6,1001.3,1008.4,1,.53,,,0,0,,,1172,,,14.9,,,,
146,2022-05-31 08:00,18.2,,.8,360,71,14.8,12.8,1002.3,1009.3,1,1.26,,,0,0,,,2000,,,22,,,,
146,2022-05-31 09:00,19.7,,.7,360,60,13.7,11.7,1002.8,1009.8,1,1.95,,,0,0,,,2000,,,27.9,,,,
146,2022-05-31 10:00,22,,.9,250,43,11.3,8.8,1002.6,1009.5,1,2.56,,,0,0,,,1823,,,32.1,,,,
146,2022-05-31 11:00,23.6,,1.4,320,42,12.2,9.9,1003,1009.9,1,3.01,,,0,0,,,2000,,,38.5,,,,
146,2022-05-31 12:00,24.7,,1.6,250,34,10.5,7.7,1002.9,1009.7,1,3.3,,,0,0,,,2000,,,43.3,,,,
146,2022-05-31 13:00,25.6,,1.3,270,29,9.5,6.2,1002.3,1009.2,1,3.38,,,0,0,,,2000,,,47,,,,
146,2022-05-31 14:00,27.5,,.8,290,33,12,9.7,1001.6,1008.4,1,3.3,,,0,0,,,2000,,,48.8,,,,
146,2022-05-31 15:00,27.2,,2.7,230,31,11.1,8.5,1001.3,1008.1,1,2.96,,,0,0,,,2000,,,47.7,,,,
146,2022-05-31 16:00,26.1,,3.5,270,34,11.5,9,1001.1,1007.9,1,2.48,,,0,0,,,2000,,,43.4,,,,
146,2022-05-31 17:00,24.6,,3,270,31,9.5,6.3,1001,1007.8,1,1.77,,,3,0,Ci,,2000,,,36.1,,,,
146,2022-05-31 18:00,24.1,,2.3,270,32,9.5,6.3,1001.3,1008.2,1,1.16,,,2,0,Ci,,2000,,,32.1,,,,
146,2022-05-31 19:00,21.8,,1.4,290,41,10.6,7.9,1001.9,1008.8,.9,.48,,,0,0,,,2000,,,25.3,,,,
146,2022-05-31 20:00,20.2,,1.5,320,42,9.9,6.8,1001.9,1008.9,0,.04,,,1,0,,,2000,,,20.8,,,,
146,2022-05-31 21:00,20.9,,.6,20,38,9.3,6,1002,1009,,,,,7,0,Ci,,2000,,,18.9,,,,
146,2022-05-31 22:00,19.2,,1.8,140,49,10.9,8.2,1002.5,1009.5,,,,,8,0,,,1953,,,18.3,,,,
146,2022-05-31 23:00,18.3,,1.5,140,53,11.1,8.5,1002.5,1009.5,,,,,8,0,,,2000,,,17.5,,,,
146,2022-06-01 00:00,18,,1.3,110,54,11.1,8.5,1002.6,1009.6,,,,,8,0,,,2000,,,16.8,,,,
146,2022-06-01 01:00,17.8,,1.2,140,56,11.3,8.8,1002.3,1009.3,,,,,9,0,,,2000,,,16.5,,,,
146,2022-06-01 02:00,17.2,,1.3,110,56,10.9,8.3,1002,1009.1,,,,,9,4,,76,2000,,,16,,,,
146,2022-06-01 03:00,16.9,,1.5,140,56,10.7,8,1001.5,1008.6,,,,,9,0,Ci,,2000,,,15.5,,,,
146,2022-06-01 04:00,17.2,,1,110,56,10.9,8.3,1001.6,1008.7,,,,,9,0,Ci,,2000,,,15.7,,,,
146,2022-06-01 05:00,17.1,,1.6,110,57,11.1,8.5,1001.3,1008.4,,,,,7,0,Ci,,2000,,,15.6,,,,
146,2022-06-01 06:00,17.6,,1.2,140,56,11.2,8.7,1001.3,1008.3,0,.05,,,8,0,Ci,,2000,,,16.2,,,,
146,2022-06-01 07:00,17.6,,1.2,20,60,12,9.7,1001.7,1008.7,.3,.31,,,8,0,Ci,,2000,,,17.2,,,,
146,2022-06-01 08:00,19.4,,1.3,360,58,13,10.9,1001.4,1008.4,.8,.81,,,4,0,Ci,,2000,,,22.6,,,,
146,2022-06-01 09:00,23.7,,.2,0,43,12.5,10.3,1001.3,1008.2,1,1.9,,,4,0,Ci,,2000,,,32.5,,,,
146,2022-06-01 10:00,25.6,,1.5,110,31,10.2,7.2,1000.4,1007.3,1,2.42,,,3,0,Ci,,2000,,,37.7,,,,
146,2022-06-01 11:00,26.3,,1,230,29,9.9,6.8,999.7,1006.5,1,3,,,1,0,Ci,,2000,,,44.8,,,,
146,2022-06-01 12:00,27.8,,1.4,250,26,9.7,6.5,999,1005.8,1,3.37,,,0,0,,,2000,,,49.9,,,,
146,2022-06-01 13:00,30,,1.7,340,28,11.9,9.5,998.2,1004.9,1,3.48,,,0,0,,,2000,,,49.9,,,,
146,2022-06-01 14:00,30.1,,1.6,270,26,11.1,8.5,997.3,1004,1,3.37,,,0,0,,,2000,,,53.8,,,,
146,2022-06-01 15:00,30.5,,2.2,270,26,11.3,8.8,996.7,1003.4,1,3.06,,,0,0,,,2000,,,53.2,,,,
146,2022-06-01 16:00,28.5,,4.1,290,29,11.2,8.7,996.5,1003.2,1,2.57,,,0,0,,,2000,,,47.6,,,,
146,2022-06-01 17:00,27.4,,3.8,270,31,11.2,8.7,996.7,1003.5,1,1.95,,,0,0,,,2000,,,41.2,,,,
146,2022-06-01 18:00,25.1,,3.4,270,33,10.4,7.6,997.4,1004.3,1,1.24,,,0,0,,,2000,,,34.3,,,,
146,2022-06-01 19:00,23.2,,2.5,250,38,10.7,8,998.1,1005,1,.55,,,3,0,,,2000,,,26.6,,,,
146,2022-06-01 20:00,20.7,,2.3,250,49,11.9,9.5,998.6,1005.6,.2,.06,,,2,0,,,2000,,,22,,,,
146,2022-06-01 21:00,19.9,,1,250,58,13.4,11.3,999.2,1006.2,,,,,0,0,,,2000,,,19.9,,,,
146,2022-06-01 22:00,19.4,,.7,250,63,14.1,12.1,999.4,1006.4,,,,,0,0,,,2000,,,18.5,,,,
146,2022-06-01 23:00,18.8,,.2,0,64,13.8,11.8,999.6,1006.6,,,,,0,0,,,1802,,,17.2,,,,
146,2022-06-02 00:00,18.3,,1,110,59,12.4,10.1,999.8,1006.8,,,,,0,0,,,2000,,,16.4,,,,
146,2022-06-02 01:00,17.3,,1.3,110,65,12.8,10.6,1000.1,1007.1,,,,,1,0,,,2000,,,15.5,,,,
146,2022-06-02 02:00,16.5,,.8,140,68,12.7,10.5,1000.2,1007.3,,,,,0,0,,,2000,,,14.4,,,,
146,2022-06-02 03:00,15.7,,1.1,110,70,12.4,10.2,1000.4,1007.5,,,,,0,0,,,2000,,,14,,,,
146,2022-06-02 04:00,15,,1.2,110,73,12.4,10.1,1000.6,1007.7,,,,,0,0,,,2000,,,13.6,,,,
146,2022-06-02 05:00,14.7,,1.3,110,74,12.4,10.1,1000.8,1007.9,,,,,2,0,Ci,,2000,,,13.3,,,,
146,2022-06-02 06:00,14.9,,1.2,110,72,12.1,9.8,1001.3,1008.5,.1,.06,,,2,0,Ci,,2000,,,13.9,,,,
146,2022-06-02 07:00,16.7,,1.1,140,67,12.7,10.5,1001.3,1008.4,1,.53,,,0,0,,,2000,,,16.8,,,,
146,2022-06-02 08:00,19,,.5,270,60,13.1,11,1001.4,1008.4,1,1.19,,,0,0,,,2000,,,25.3,,,,
146,2022-06-02 09:00,20.8,,1,200,55,13.5,11.4,1001.2,1008.2,1,1.91,,,0,0,,,2000,,,33.3,,,,
146,2022-06-02 10:00,22.9,,1,230,50,13.9,11.9,1001.2,1008.1,1,2.56,,,0,0,,,2000,,,38,,,,
146,2022-06-02 11:00,23.1,,2.2,250,53,14.9,12.9,1001.2,1008.1,1,3.03,,,0,0,,,2000,,,44.5,,,,
146,2022-06-02 12:00,24.2,,2.6,250,50,15.1,13.1,1001,1007.8,1,3.35,,,1,0,Ci,,2000,,,48.9,,,,
146,2022-06-02 13:00,25.2,,3.3,250,52,16.6,14.6,1000.8,1007.7,1,3.41,,,1,0,Ci,,2000,,,50.9,,,,
146,2022-06-02 14:00,26.2,,2.1,250,48,16.3,14.3,1000.4,1007.2,1,3.28,,,1,0,Ci,,2000,,,52.3,,,,
146,2022-06-02 15:00,27.3,,1.9,270,46,16.6,14.6,1000.2,1007,1,2.99,,,1,0,Ci,,2000,,,52.3,,,,
146,2022-06-02 16:00,27.1,,2,290,48,17.2,15.1,1000,1006.8,1,2.49,,,0,0,,,2000,,,48.1,,,,
146,2022-06-02 17:00,27,,2.1,290,50,17.7,15.6,999.9,1006.7,1,1.85,,,0,0,,,2000,,,42,,,,
146,2022-06-02 18:00,25.3,,2.6,270,57,18.3,16.1,999.9,1006.8,1,1.16,,,0,0,,,2000,,,35.1,,,,
146,2022-06-02 19:00,23.6,,2.8,270,65,18.9,16.6,1000.4,1007.3,1,.49,,,0,0,,,2000,,,27.6,,,,
146,2022-06-02 20:00,21.5,,1.9,270,80,20.4,17.8,1001.4,1008.4,0,.06,,,0,0,,,2000,,,23.6,,,,
146,2022-06-02 21:00,21.1,,1.5,270,79,19.7,17.3,1002,1009,,,,,7,7,Sc,5,2000,,,22.6,,,,
146,2022-06-02 22:00,20.8,,1.7,270,80,19.6,17.2,1002.4,1009.4,,,,,8,8,,5,2000,,,23.3,,,,
146,2022-06-02 23:00,20.7,,1.4,270,80,19.5,17.1,1002.3,1009.3,,,,,6,6,,5,2000,,,23.2,,,,
146,2022-06-03 00:00,20.5,,1.1,270,81,19.5,17.1,1002.7,1009.7,,,,,8,8,Sc,5,2000,,,22.7,,,,
146,2022-06-03 01:00,20.2,,.9,320,82,19.4,17,1002.6,1009.6,,,,,8,8,,7,2000,,,21.7,,,,
146,2022-06-03 02:00,20.1,,.3,0,83,19.5,17.1,1002.4,1009.4,,,,,1,1,,7,2000,,,19.1,,,,
146,2022-06-03 03:00,19.8,,.9,20,84,19.4,17,1002.2,1009.2,,,,,6,6,Sc,5,2000,,,20.8,,,,
146,2022-06-03 04:00,19.3,,1.6,50,85,19,16.7,1002.1,1009.1,,,,,8,8,Sc,5,1984,,,20.6,,,,
146,2022-06-03 05:00,19.1,,.5,70,84,18.5,16.3,1002.5,1009.5,,,,,6,6,Sc,5,695,,19,19.3,,,,
146,2022-06-03 06:00,19.3,,.1,0,83,18.5,16.3,1002.6,1009.6,0,.04,,,6,6,Sc,5,702,,19,19.3,,,,
146,2022-06-03 07:00,19.9,,1,20,81,18.8,16.5,1003.1,1010.1,0,.31,,,6,6,Sc,8,2000,,19,23.1,,,,
146,2022-06-03 08:00,21.5,,1.3,20,70,17.8,15.7,1003.4,1010.4,.3,.93,,,4,4,Sc,10,2000,,,30.2,,,,
146,2022-06-03 09:00,22.8,,1.2,360,65,17.9,15.8,1003.3,1010.2,1,1.87,,,0,0,,,2000,,,36.8,,,,
146,2022-06-03 10:00,23.7,,1.5,320,60,17.5,15.4,1003.2,1010.1,1,2.47,,,0,0,,,2000,,,41.1,,,,
146,2022-06-03 11:00,25.3,,1.2,290,55,17.7,15.6,1002.8,1009.7,1,2.95,,,0,0,,,2000,,,48,,,,
146,2022-06-03 12:00,27.4,,1.9,290,48,17.5,15.4,1002.7,1009.5,1,3.24,,,0,0,,,2000,,,52.4,,,,
146,2022-06-03 13:00,28.6,,2.7,270,46,17.9,15.8,1002.3,1009.1,1,3.34,,,0,0,,,2000,,,54.7,,,,
146,2022-06-03 14:00,29.8,,2,270,43,17.9,15.8,1001.5,1008.2,1,3.25,,,0,0,,,2000,,,55.8,,,,
146,2022-06-03 15:00,30.1,,1.8,250,39,16.6,14.6,1001.1,1007.9,1,2.98,,,0,0,,,2000,,,55.3,,,,
146,2022-06-03 16:00,30.8,,2.2,290,38,16.8,14.8,1000.9,1007.6,1,2.42,,,0,0,,,2000,,,50.8,,,,
146,2022-06-03 17:00,29.6,,3.8,250,51,21,18.3,1000.9,1007.6,1,1.83,,,0,0,,,1979,,,43.8,,,,
146,2022-06-03 18:00,27.5,,3.1,270,51,18.6,16.4,1001.4,1008.2,1,1.09,,,2,0,Ci,,2000,,,36.4,,,,
146,2022-06-03 19:00,24.9,,2.3,230,67,21,18.3,1002.2,1009.1,.8,.44,,,5,0,,,2000,,,29.6,,,,
146,2022-06-03 20:00,22.1,,1.7,230,78,20.6,18,1003,1009.9,0,.09,,,3,0,,,2000,,,25.3,,,,
146,2022-06-03 21:00,20.9,,.5,70,84,20.6,18,1003.7,1010.7,,,,,4,4,Sc,10,2000,,,23.8,,,,
146,2022-06-03 22:00,20.4,,.9,360,87,20.8,18.1,1004.1,1011.1,,,,,1,1,,21,1170,,,22.5,,,,
146,2022-06-03 23:00,20.5,,.9,360,87,20.9,18.2,1004,1011,,,,,0,0,,,1165,,,22.9,,,,
146,2022-06-04 00:00,20.4,,.9,340,88,21,18.3,1004,1011,,,,,0,0,,,950,,19,21.2,,,,
146,2022-06-04 01:00,19.8,,1.4,340,90,20.8,18.1,1004.5,1011.5,,,,,5,0,,,757,,19,20.2,,,,
146,2022-06-04 02:00,19.4,,1.2,320,91,20.4,17.8,1004.8,1011.8,,,,,4,0,,,511,,19,19.7,,,,
146,2022-06-04 03:00,19.7,,.7,270,91,20.8,18.1,1005.2,1012.2,,,,,6,6,Sc,13,577,,19,20.3,,,,
146,2022-06-04 04:00,19.7,,.4,0,91,20.8,18.1,1005.2,1012.2,,,,,8,8,Sc,10,519,,19,20.5,,,,
146,2022-06-04 05:00,19.7,,0,0,90,20.6,18,1005,1012,,,,,8,8,Sc,10,449,,19,21.5,,,,
146,2022-06-04 06:00,19.8,,1.1,110,83,19.1,16.8,1004.8,1011.8,0,.07,,,8,6,ScCi,10,1138,,19,21.7,,,,
146,2022-06-04 07:00,19.8,,1.2,110,81,18.6,16.4,1004.3,1011.3,0,.27,,,3,0,Ci,,1073,,,21.6,,,,
146,2022-06-04 08:00,22.7,,1.2,110,62,17,15,1004.6,1011.5,.9,.88,,,5,0,Ci,,2000,,,27.7,,,,
146,2022-06-04 09:00,24.9,,.9,140,54,16.9,14.9,1004.7,1011.6,1,1.76,,,5,0,Ci,,2000,,,36.7,,,,
146,2022-06-04 10:00,25.9,,3,140,46,15.3,13.3,1004.1,1011,1,2.17,,,7,0,Ci,,2000,,,40.5,,,,
146,2022-06-04 11:00,27.9,,1.4,110,44,16.5,14.5,1003.6,1010.4,1,2.51,,,7,0,Ci,,2000,,,46.6,,,,
146,2022-06-04 12:00,29.4,,1.2,230,37,15.1,13.1,1002.9,1009.7,1,3.09,,,8,0,Ci,,2000,,,53.1,,,,
146,2022-06-04 13:00,29.6,,2.6,250,36,14.9,12.9,1002.3,1009,.4,2.32,,,8,0,Ci,,2000,,,46.7,,,,
146,2022-06-04 14:00,30.8,,2,200,36,15.9,13.9,1001.7,1008.4,.7,2.77,,,7,0,Ci,,2000,,,53.3,,,,
146,2022-06-04 15:00,30.8,,2.2,200,28,12.4,10.1,1001.2,1007.9,.8,2.16,,,8,0,Ci,,2000,,,46.6,,,,
146,2022-06-04 16:00,31,,2.4,200,27,12.1,9.8,1000.7,1007.4,1,2.14,,,7,0,Ci,,2000,,,45.8,,,,
146,2022-06-04 17:00,30,,2,140,31,13.1,11,999.8,1006.6,.1,.97,,,8,0,Ci,,2000,,,38.2,,,,
146,2022-06-04 18:00,29.6,,2.2,180,31,12.8,10.6,999.9,1006.6,.2,.79,,,9,0,Ci,,2000,,,34.6,,,,
146,2022-06-04 19:00,28.6,,2,160,34,13.2,11.1,1000.2,1007,.2,.41,,,7,7,,67,2000,,,30.5,,,,
146,2022-06-04 20:00,27,,1.6,140,38,13.5,11.4,1000.2,1007,.1,.09,,,8,8,,65,2000,,,26.3,,,,
146,2022-06-04 21:00,26.5,,1.5,160,35,12,9.7,1000.6,1007.4,,,,,9,0,Ci,,2000,,,24.8,,,,
146,2022-06-04 22:00,25.6,,1.7,110,39,12.8,10.6,1000.4,1007.3,,,,,10,9,,57,2000,,,24.1,,,,
146,2022-06-04 23:00,24.9,,1.5,140,39,12.2,9.9,1000.7,1007.6,,,,,10,2,,45,2000,,,23.4,,,,
146,2022-06-05 00:00,24.4,,.9,110,40,12.2,9.9,1000.2,1007,,,,,9,4,AcCi,40,2000,,,22.8,,,,
146,2022-06-05 01:00,23.9,,2,90,39,11.5,9,999.3,1006.1,,,,,10,10,,59,2000,,,22.3,,,,
146,2022-06-05 02:00,23.3,,1.9,110,40,11.4,8.9,998.8,1005.7,,,,,9,7,,51,1740,,,21.8,,,,
146,2022-06-05 03:00,22.5,,.7,90,43,11.6,9.2,999,1005.9,,,,,10,6,AcCi,40,2000,,,21.6,,,,
146,2022-06-05 04:00,22.1,0,1.8,110,44,11.6,9.2,998.5,1005.4,,,,,10,6,ScAs,10,2000,,01,21.4,,,,
146,2022-06-05 05:00,19.5,.4,1.5,140,60,13.6,11.5,998,1004.9,,,,,10,6,StNs,10,1989,,01,18.8,,,,
146,2022-06-05 06:00,18.9,.2,1.4,110,66,14.4,12.4,998.2,1005.2,0,.01,,,10,6,ScAs,10,2000,,01,19,,,,
146,2022-06-05 07:00,19.2,0,1.9,140,68,15.1,13.1,997.6,1004.6,0,.17,,,10,6,ScAs,10,1933,,01,20.4,,,,
146,2022-06-05 08:00,20.3,0,1.3,140,60,14.2,12.2,997.3,1004.3,0,.27,,,10,6,StNs,8,2000,,01,21.9,,,,
146,2022-06-05 09:00,20.4,.1,2.4,110,60,14.3,12.3,996.2,1003.2,0,.39,,,10,6,ScAs,10,2000,,01,21.7,,,,
146,2022-06-05 10:00,20.7,,2.3,110,63,15.3,13.3,995.7,1002.6,0,.57,,,10,4,ScAs,10,2000,,,23.2,,,,
146,2022-06-05 11:00,19.5,0,2,160,76,17.2,15.1,996.1,1003,0,.36,,,10,6,StNs,8,1585,,01,22.1,,,,
146,2022-06-05 12:00,17.8,.5,2.3,140,88,17.8,15.7,995.9,1002.9,0,.38,,,10,6,StNs,6,603,,1901,21.5,,,,
146,2022-06-05 13:00,17.8,3.1,1.3,140,93,18.9,16.6,995.3,1002.3,0,.4,,,10,8,StNs,6,357,,1901,22.3,,,,
146,2022-06-05 14:00,18.2,1.4,2.2,340,93,19.4,17,995.1,1002.1,0,.62,,,10,8,StNs,6,512,,1901,23.4,,,,
146,2022-06-05 15:00,18.2,1.3,1.5,20,93,19.4,17,994.2,1001.2,0,.48,,,10,6,StNs,6,678,,1901,23.4,,,,
146,2022-06-05 16:00,18,1.3,1,20,92,18.9,16.6,993.7,1000.7,0,.37,,,10,8,StNs,6,997,,1901,22.7,,,,
146,2022-06-05 17:00,17.4,3,1.6,20,94,18.6,16.4,993.4,1000.4,0,.12,,,10,8,StNs,6,684,,1901,20.9,,,,
146,2022-06-05 18:00,17.7,1.5,1.4,110,93,18.8,16.5,992.6,999.6,0,.09,,,10,8,StNs,6,721,,1901,20.3,,,,
146,2022-06-05 19:00,17.4,1.3,1.4,90,93,18.4,16.2,991.7,998.7,0,.03,,,10,6,StNs,10,604,,1901,19.5,,,,
146,2022-06-05 20:00,17.7,1.1,2.6,320,91,18.4,16.2,992,999,0,.01,,,10,4,ScNs,10,1621,,1901,18.9,,,,
146,2022-06-05 21:00,17.3,.4,1.8,340,94,18.5,16.3,992.1,999.1,,,,,10,7,ScNs,8,1484,,01,18.8,,,,
146,2022-06-05 22:00,17,0,1.6,340,94,18.2,16,992.6,999.6,,,,,3,3,Sc,10,1337,,01,18,,,,
146,2022-06-05 23:00,16.7,,1.1,320,94,17.8,15.7,992.7,999.7,,,,,4,1,,11,1677,,,17.2,,,,
146,2022-06-06 00:00,16.3,,1.3,320,95,17.5,15.4,992.5,999.5,,,,,2,2,Sc,10,1609,,,16.8,,,,
146,2022-06-06 01:00,16.6,,.6,340,94,17.7,15.6,992.4,999.4,,,,,8,3,,40,1622,,,16.9,,,,
146,2022-06-06 02:00,16.8,,.2,0,95,18.1,15.9,992.3,999.3,,,,,7,7,,2,1079,,,17.4,,,,
146,2022-06-06 03:00,16.8,,.6,200,93,17.7,15.6,992,999,,,,,8,8,Sc,11,932,,19,17.7,,,,
146,2022-06-06 04:00,16.8,,0,0,94,17.9,15.8,991.7,998.7,,,,,9,9,Sc,8,375,,19,18.1,,,,
146,2022-06-06 05:00,16.6,1.1,.6,360,96,18.1,15.9,992.1,999.1,,,,,10,8,StNs,2,135,,1901,18,,,,
146,2022-06-06 06:00,16.7,.8,.8,160,96,18.2,16,991.7,998.7,0,.02,,,8,4,StAc,5,317,,1901,18.2,,,,
146,2022-06-06 07:00,17.6,,1.1,290,94,18.9,16.6,992.1,999.1,.1,.38,,,8,6,ScAc,5,593,,19,20.3,,,,
146,2022-06-06 08:00,17.3,,1.2,270,94,18.5,16.3,992.9,999.9,0,.1,,,9,9,Sc,10,546,,19,19.1,,,,
146,2022-06-06 09:00,17.3,.1,1.2,20,95,18.6,16.4,993,1000,0,.14,,,10,6,ScAs,10,270,,1901,19.9,,,,
146,2022-06-06 10:00,18.4,.3,.1,0,93,19.6,17.2,992.6,999.6,0,.59,,,10,6,StNs,10,835,,1901,24.6,,,,
146,2022-06-06 11:00,18.1,0,.8,320,91,18.9,16.6,993.2,1000.2,0,.33,,,10,7,StNs,10,1454,,1901,21.6,,,,
146,2022-06-06 12:00,18.5,0,1.8,320,92,19.5,17.1,993.1,1000.1,0,.4,,,10,7,StNs,10,809,,1901,23.5,,,,
146,2022-06-06 13:00,21.3,0,.8,360,77,19.4,17,992.8,999.7,.4,2.21,,,9,9,Sc,10,1958,,1901,31.7,,,,
146,2022-06-06 14:00,21.8,,1.3,20,73,19,16.7,993.2,1000.1,.2,1.5,,,9,9,Sc,10,2000,,,30.1,,,,
146,2022-06-06 15:00,22.3,,1.2,320,69,18.5,16.3,993.2,1000.1,.2,1.44,,,8,8,Sc,10,2000,,,28.7,,,,
146,2022-06-06 16:00,23.1,,2.4,360,64,18.1,15.9,993.2,1000,.4,1.27,,,5,5,Sc,10,2000,,,30.3,,,,
146,2022-06-06 17:00,24,,1.7,320,62,18.4,16.2,993.3,1000.1,.6,1.44,,,6,6,Sc,10,2000,,,30.7,,,,
146,2022-06-06 18:00,23.9,,1.2,340,66,19.5,17.1,993.3,1000.1,.8,1,,,2,2,Sc,10,2000,,,27.4,,,,
146,2022-06-06 19:00,22.6,,1.8,320,65,17.7,15.6,993.9,1000.8,.4,.38,,,1,1,,10,2000,,,23.2,,,,
146,2022-06-06 20:00,21.5,,2,270,78,19.9,17.4,994.7,1001.6,0,.04,,,3,2,,6,1205,,,21.7,,,,
146,2022-06-06 21:00,20.1,,2.1,270,82,19.2,16.9,995.8,1002.8,,,,,3,3,Sc,10,904,,19,20.3,,,,
146,2022-06-06 22:00,19.5,,2.2,230,84,19,16.7,996.9,1003.8,,,,,7,4,,16,739,,19,19.6,,,,
146,2022-06-06 23:00,18.9,,1.7,230,86,18.6,16.4,997.4,1004.4,,,,,5,5,,18,754,,19,18.8,,,,
146,2022-06-07 00:00,18.7,,1.6,230,88,18.9,16.6,997.3,1004.3,,,,,6,6,Sc,12,597,,19,18.4,,,,
146,2022-06-07 01:00,18.6,,.2,0,88,18.8,16.5,997.6,1004.6,,,,,6,0,,,588,,19,18,,,,
146,2022-06-07 02:00,18.1,,.8,70,90,18.6,16.4,997.5,1004.5,,,,,7,7,,6,600,,19,19,,,,
146,2022-06-07 03:00,17.8,,.4,0,90,18.3,16.1,997.4,1004.4,,,,,6,6,Sc,12,739,,19,18.7,,,,
146,2022-06-07 04:00,17.2,,1,50,89,17.4,15.3,997.5,1004.5,,,,,8,8,Sc,10,1911,,19,18.4,,,,
146,2022-06-07 05:00,17.3,0,1.6,360,88.7,17.5,15.4,997.9,1004.9,,,,,9,9,Sc,8,2000,,01,18.6,,,,
146,2022-06-07 06:00,18,0,1,110,85.9,17.7,15.6,998.1,1005.1,0,.02,,,9,9,Sc,10,2000,,01,18.6,,,,
146,2022-06-07 07:00,18.4,0,.4,0,81,17,15,998.6,1005.6,0,.08,,,10,8,ScAs,10,2000,,01,19.2,,,,
146,2022-06-07 08:00,17.9,0,.8,320,87,17.7,15.6,999.3,1006.3,0,.1,,,10,8,ScAs,10,2000,,01,19.7,,,,
146,2022-06-07 09:00,18.6,,.9,340,87,18.5,16.3,999.4,1006.4,0,.29,,,10,8,ScAs,10,1965,,,22.3,,,,
146,2022-06-07 10:00,18.9,,1.6,340,82,17.8,15.7,999.7,1006.7,0,.66,,,10,8,ScAs,10,2000,,,22.9,,,,
146,2022-06-07 11:00,19.4,0,1.8,340,80,17.9,15.8,999.8,1006.8,.1,1.08,,,10,8,ScAs,10,2000,,01,24.9,,,,
146,2022-06-07 12:00,17.5,7.3,1,360,94,18.8,16.5,1000,1007,0,.42,,,10,8,ScAs,10,271,,01,21.5,,,,
146,2022-06-07 13:00,17.7,4,1.3,340,95,19.1,16.8,1000.1,1007.1,0,.3,,,10,8,ScAs,10,155,,01,21.1,,,,
146,2022-06-07 14:00,17.5,12,.5,20,96,19.1,16.8,1000.2,1007.2,0,.23,,,10,8,ScAs,10,197,,01,20.6,,,,
146,2022-06-07 15:00,17.8,1.4,.6,50,95,19.2,16.9,1000.2,1007.2,0,.41,,,10,8,ScAs,10,1106,,01,22.1,,,,
146,2022-06-07 16:00,17.6,3,.5,50,95,19,16.7,1000.3,1007.3,0,.23,,,10,8,ScAs,10,731,,01,21.4,,,,
146,2022-06-07 17:00,17.2,.9,1.1,140,95,18.5,16.3,1000.5,1007.6,0,.12,,,10,8,ScAs,10,223,,01,20.3,,,,
146,2022-06-07 18:00,17.1,3.1,1.4,140,95,18.4,16.2,1000.6,1007.7,0,.15,,,10,8,ScAs,10,415,,01,20,,,,
146,2022-06-07 19:00,17.1,.9,1.5,140,96,18.6,16.4,1000.7,1007.8,0,.06,,,10,7,ScAs,8,554,,01,19.2,,,,
146,2022-06-07 20:00,17.1,1.7,1.2,180,96,18.6,16.4,1001.3,1008.4,0,.01,,,10,4,ScAs,8,419,,01,18.6,,,,
146,2022-06-07 21:00,17,1.1,.9,140,95,18.3,16.1,1001.6,1008.7,,,,,10,4,ScAs,8,453,,01,18.4,,,,
146,2022-06-07 22:00,17,.4,.6,110,94,18.2,16,1002.5,1009.6,,,,,10,6,ScAs,8,1034,,01,18.2,,,,
146,2022-06-07 23:00,17,.4,.4,0,94,18.2,16,1002.9,1010,,,,,10,5,ScAs,8,1989,,01,18.1,,,,
146,2022-06-08 00:00,16.7,0,.6,110,94,17.8,15.7,1002.9,1010,,,,,10,7,ScAs,8,1661,,01,17.9,,,,
146,2022-06-08 01:00,16.7,,.5,140,93,17.6,15.5,1003,1010.1,,,,,2,2,,28,2000,,,17.8,,,,
146,2022-06-08 02:00,16.6,,1,110,92,17.3,15.2,1003,1010.1,,,,,0,0,,,2000,,,17.8,,,,
146,2022-06-08 03:00,16.6,,.6,110,93,17.5,15.4,1003.3,1010.4,,,,,10,8,ScAs,8,1879,,,17.9,,,,
146,2022-06-08 04:00,16.4,0,1,110,93,17.3,15.2,1003.2,1010.3,,,,,9,9,Sc,8,2000,,01,17.9,,,,
146,2022-06-08 05:00,16.3,0,1,110,93,17.2,15.1,1003.4,1010.5,,,,,8,8,Sc,8,1983,,01,17.8,,,,
146,2022-06-08 06:00,16.6,,.6,90,92,17.3,15.2,1004.4,1011.5,0,.03,,,9,7,ScAc,8,1969,,,18.1,,,,
146,2022-06-08 07:00,17.2,,.1,0,92,17.9,15.8,1004.7,1011.8,0,.26,,,9,8,ScAc,8,1916,,,19.6,,,,
146,2022-06-08 08:00,18.1,,.4,0,86,17.8,15.7,1005,1012.1,0,.41,,,9,9,Sc,10,2000,,,21.3,,,,
146,2022-06-08 09:00,19.6,,.8,160,77,17.5,15.4,1005.3,1012.3,0,1.22,,,9,9,Sc,10,2000,,,25.5,,,,
146,2022-06-08 10:00,19.8,,.8,200,73,16.8,14.8,1005.1,1012.1,.5,1.51,,,7,7,Sc,10,2000,,,24.9,,,,
146,2022-06-08 11:00,22,,1.3,200,65,17.2,15.1,1004.4,1011.4,.3,1.59,,,6,6,Sc,10,2000,,,31,,,,
146,2022-06-08 12:00,22.8,,1.9,270,59,16.3,14.3,1004.2,1011.1,.8,2.91,,,7,7,Sc,10,2000,,,35.5,,,,
146,2022-06-08 13:00,22.9,,1.7,270,63,17.5,15.4,1003.8,1010.7,.2,1.65,,,8,8,Sc,10,2000,,,29.2,,,,
146,2022-06-08 14:00,23.6,,1.2,290,52,15.1,13.1,1003.3,1010.2,.6,2.67,,,8,8,Sc,10,2000,,,32.6,,,,
146,2022-06-08 15:00,23.2,,1.6,320,60,17,15,1003.1,1010,.3,1.43,,,9,9,Sc,10,2000,,,27.6,,,,
146,2022-06-08 16:00,23.2,,1.3,270,59,16.7,14.7,1002.9,1009.8,.2,.87,,,9,9,Sc,10,2000,,,26.5,,,,
146,2022-06-08 17:00,23.3,0,1.1,320,58,16.5,14.5,1003,1009.9,0,.42,,,10,8,ScAs,10,2000,,04,25.3,,,,
146,2022-06-08 18:00,23,,2.6,290,65,18.2,16,1003.2,1010.1,.5,.88,,,8,8,Sc,10,2000,,,24.9,,,,
146,2022-06-08 19:00,22,,2.9,290,67,17.6,15.5,1003.8,1010.8,.7,.47,,,6,6,,13,2000,,,22.5,,,,
146,2022-06-08 20:00,20.1,,3.1,270,76,17.8,15.7,1004.5,1011.5,0,.05,,,5,5,,19,2000,,,20.2,,,,
146,2022-06-08 21:00,19.7,,1.6,250,79,18.1,15.9,1005.4,1012.4,,,,,4,4,Sc,12,2000,,,19.7,,,,
146,2022-06-08 22:00,19.5,,1.6,230,81,18.3,16.1,1006,1013,,,,,6,6,,9,2000,,,19.9,,,,
146,2022-06-08 23:00,18.9,0,1.6,250,86,18.6,16.4,1006.5,1013.5,,,,,7,7,CuSc,8,1320,,04,19.9,,,,
146,2022-06-09 00:00,18.9,.1,1.3,230,86,18.6,16.4,1006.1,1013.1,,,,,7,7,Sc,10,1535,,04,19.7,,,,
146,2022-06-09 01:00,18.7,,1.3,200,86,18.5,16.3,1005.7,1012.7,,,,,7,4,,9,1490,,,19,,,,
146,2022-06-09 02:00,19,,.5,200,85,18.6,16.4,1005.6,1012.6,,,,,7,7,,8,1947,,,19.4,,,,
146,2022-06-09 03:00,18.8,,.5,110,87,18.8,16.5,1005.7,1012.7,,,,,8,8,Sc,10,1709,,,19.4,,,,
146,2022-06-09 04:00,18.6,,1,110,89,19,16.7,1005.7,1012.7,,,,,6,6,Sc,10,1340,,,19.3,,,,
146,2022-06-09 05:00,18,,.9,140,89,18.3,16.1,1005.7,1012.8,,,,,3,3,Sc,12,1131,,,18.4,,,,
146,2022-06-09 06:00,17.8,,1,90,92,18.6,16.4,1006.1,1013.2,0,.05,,,0,0,,,907,,19,17.9,,,,
146,2022-06-09 07:00,18.9,,1.3,110,84,18.3,16.1,1006.2,1013.2,.7,.44,,,0,0,,,1340,,19,19.3,,,,
146,2022-06-09 08:00,20.4,,.3,0,74,17.7,15.6,1006.9,1013.9,1,1.05,,,0,0,,,1694,,,23.2,,,,
146,2022-06-09 09:00,22.6,,.4,0,67,18.3,16.1,1007,1014,.9,1.7,,,3,3,Sc,10,1771,,,27.4,,,,
146,2022-06-09 10:00,23.6,,1.1,50,68,19.7,17.3,1006.7,1013.6,.9,2.02,,,6,6,Sc,10,1995,,,30,,,,
146,2022-06-09 11:00,23.8,,1.4,360,60,17.6,15.5,1006.4,1013.3,1,2.89,,,2,2,Sc,10,2000,,,32.9,,,,
146,2022-06-09 12:00,25,,1.4,180,56,17.7,15.6,1006.1,1013,.9,2.99,,,4,4,Cu,10,2000,,,35.7,,,,
146,2022-06-09 13:00,25.5,,1.2,290,51,16.6,14.6,1005.5,1012.4,.9,3.04,,,5,5,Cu,10,2000,,,34.4,,,,
146,2022-06-09 14:00,26.9,,1.9,250,52,18.4,16.2,1004.9,1011.7,.8,3.12,,,6,6,Cu,10,2000,,,36.8,,,,
146,2022-06-09 15:00,26,,2.8,250,55,18.4,16.2,1004.4,1011.3,.5,2.23,,,8,8,Cu,10,2000,,,31.1,,,,
146,2022-06-09 16:00,25.4,,3.5,290,64,20.6,18,1004.3,1011.2,.5,1.68,,,6,4,CuCi,10,1253,,,30.7,,,,
146,2022-06-09 17:00,24.3,,3.7,270,65,19.6,17.2,1004.7,1011.6,1,1.68,,,6,0,Ci,,1289,,,28.9,,,,
146,2022-06-09 18:00,23.9,,2.7,270,66,19.5,17.1,1005.4,1012.3,.6,.93,,,7,3,ScCi,10,1532,,,26.8,,,,
146,2022-06-09 19:00,22.2,,2.8,290,71,18.9,16.6,1005.6,1012.6,.4,.53,,,3,1,,14,1507,,,23.4,,,,
146,2022-06-09 20:00,21.4,,2,290,73,18.5,16.3,1006.2,1013.2,0,.07,,,5,2,,10,1254,,,21.5,,,,
146,2022-06-09 21:00,20.6,,1.5,270,77,18.6,16.4,1007,1014,,,,,3,3,Sc,10,1137,,,20.8,,,,
146,2022-06-09 22:00,20.5,,1.3,230,77,18.5,16.3,1007.1,1014.1,,,,,6,4,,16,1070,,,20.3,,,,
146,2022-06-09 23:00,19.8,,0,0,79,18.2,16,1006.9,1013.9,,,,,5,0,,,1004,,,19.3,,,,
146,2022-06-10 00:00,19.7,,.2,0,81,18.5,16.3,1006.7,1013.7,,,,,3,3,,,997,,19,19.3,,,,
146,2022-06-10 01:00,19,,.8,110,83,18.2,16,1006.5,1013.5,,,,,0,0,,,965,,19,18.6,,,,
146,2022-06-10 02:00,18.5,,.7,140,85,18.1,15.9,1006.6,1013.6,,,,,4,2,,10,825,,19,18.3,,,,
146,2022-06-10 03:00,18.2,,.2,0,86,17.9,15.8,1006.5,1013.6,,,,,7,7,Sc,10,758,,19,18.2,,,,
146,2022-06-10 04:00,17.1,,1,50,89,17.3,15.2,1006.7,1013.8,,,,,4,0,Ci,,509,,19,17.5,,,,
146,2022-06-10 05:00,16.8,,1,70,90,17.2,15.1,1006.7,1013.8,,,,,0,0,,,530,,19,17,,,,
146,2022-06-10 06:00,17.7,,1.1,140,87,17.6,15.5,1007,1014.1,0,.05,,,0,0,,,640,,19,17.5,,,,
146,2022-06-10 07:00,19.7,,1.1,90,79,18.1,15.9,1006.9,1013.9,.4,.48,,,6,0,Ci,,894,,19,20,,,,
146,2022-06-10 08:00,21.6,,1,90,70,17.9,15.8,1006.5,1013.5,.9,1.04,,,2,0,Ci,,1428,,19,24,,,,
146,2022-06-10 09:00,24.5,,.8,180,61,18.6,16.4,1006.6,1013.5,1,1.72,,,6,0,Ci,,1955,,,28,,,,
146,2022-06-10 10:00,25.8,,1.1,90,60,19.9,17.4,1006.4,1013.3,1,2.19,,,6,0,Ci,,2000,,,31.2,,,,
146,2022-06-10 11:00,26.6,,1.4,140,52,18.1,15.9,1005.7,1012.6,1,2.61,,,7,0,Ci,,2000,,,33.6,,,,
146,2022-06-10 12:00,28.3,,1.2,270,45,17.3,15.2,1005.9,1012.7,1,3.02,,,8,0,Ci,,2000,,,36.4,,,,
146,2022-06-10 13:00,29.2,,1.3,250,44,17.7,15.6,1005.6,1012.4,1,2.86,,,9,0,Ci,,2000,,,35.7,,,,
146,2022-06-10 14:00,28.4,,2.2,270,43,16.6,14.6,1005.8,1012.6,.4,2.08,,,9,8,AcCi,30,2000,,,32.5,,,,
146,2022-06-10 15:00,28.2,,2.3,270,46,17.5,15.4,1006,1012.8,0,1.53,,,9,5,AcCi,30,2000,,,30.9,,,,
146,2022-06-10 16:00,27.9,,1.8,230,45,16.8,14.8,1005.7,1012.5,0,1.12,,,9,4,AcCi,30,2000,,,28.8,,,,
146,2022-06-10 17:00,25.2,,2.7,270,58,18.5,16.3,1005.8,1012.7,0,.81,,,9,0,Ci,,1643,,,26.3,,,,
146,2022-06-10 18:00,24.3,,2,230,61,18.4,16.2,1005.6,1012.5,0,.44,,,9,0,Ci,,1600,,,24.4,,,,
146,2022-06-10 19:00,23.2,,1.7,230,59,16.7,14.7,1006.1,1013,0,.12,,,10,3,,17,1584,,,22.5,,,,
146,2022-06-10 20:00,22.6,,2.4,230,59,16.1,14.1,1006.8,1013.7,0,.03,,,10,9,,59,2000,,,21.2,,,,
146,2022-06-10 21:00,22.4,,1.5,230,58,15.7,13.7,1007.2,1014.2,,,,,9,3,ScCi,15,2000,,,20.4,,,,
146,2022-06-10 22:00,21.8,,1.8,230,63,16.4,14.4,1007.5,1014.5,,,,,9,4,,62,2000,,,20.1,,,,
146,2022-06-10 23:00,21.7,,1.4,230,65,16.8,14.8,1007.3,1014.3,,,,,8,8,,11,1702,,,20,,,,
146,2022-06-11 00:00,21.5,,1.4,250,67,17.2,15.1,1006.8,1013.8,,,,,9,7,,,1513,,,20.4,,,,
146,2022-06-11 01:00,19.9,,1.1,50,73,16.9,14.9,1006.2,1013.3,,,,,6,3,,13,1914,,,19.8,,,,
146,2022-06-11 02:00,19.5,,1.9,50,76,17.2,15.1,1005.9,1012.9,,,,,6,2,,63,1740,,,19,,,,
146,2022-06-11 03:00,19.3,,.5,50,76,16.9,14.9,1005.7,1012.7,,,,,5,0,Ci,,1483,,,18.5,,,,
146,2022-06-11 04:00,19.1,,.7,160,77,16.9,14.9,1005.5,1012.5,,,,,7,0,Ci,,1679,,,18.1,,,,
146,2022-06-11 05:00,19,,.9,180,78,17,15,1005.6,1012.6,,,,,6,3,AcCi,35,1578,,,18.5,,,,
146,2022-06-11 06:00,19.1,,.4,0,78,17.2,15.1,1005.9,1012.9,0,.04,,,9,5,AcCi,25,1326,,,19.1,,,,
146,2022-06-11 07:00,20.1,0,.5,340,77,18.1,15.9,1005.9,1012.9,0,.24,,,10,5,AcCs,23,1266,,01,20.8,,,,
146,2022-06-11 08:00,21.4,,.8,140,71,18.1,15.9,1005.6,1012.6,0,.41,,,8,5,ScAcCi,15,1442,,,22.5,,,,
146,2022-06-11 09:00,22.9,,1.7,340,65,18.1,15.9,1005.7,1012.6,.4,1.05,,,6,1,ScAcCi,15,1106,,,25.8,,,,
146,2022-06-11 10:00,25.5,,1.4,340,59,19.1,16.8,1005.2,1012.1,.9,2.14,,,3,0,Ci,,1083,,,31.1,,,,
146,2022-06-11 11:00,26.9,,.8,290,55,19.4,17,1004.8,1011.6,1,2.74,,,3,0,Ci,,1168,,,33.7,,,,
146,2022-06-11 12:00,28.3,,1.4,340,51,19.5,17.1,1004.4,1011.2,1,3.04,,,3,0,Ci,,1561,,,36.5,,,,
146,2022-06-11 13:00,29.8,,2.2,290,50,20.9,18.2,1003.5,1010.2,1,3.24,,,6,6,Cu,10,2000,,,37.3,,,,
146,2022-06-11 14:00,30.4,,2.4,340,46,19.9,17.4,1002.7,1009.5,.5,2.09,,,2,2,Cu,10,2000,,,36.3,,,,
146,2022-06-11 15:00,30.2,,3.3,340,45,19.2,16.9,1002.3,1009.1,.9,2.53,,,6,6,Cu,10,2000,,,36.8,,,,
146,2022-06-11 16:00,24.5,,3.1,160,55,16.8,14.8,1002.9,1009.7,.3,1.1,,,9,9,Sc,10,2000,,,28,,,,
146,2022-06-11 17:00,22,0,2.5,110,74,19.5,17.1,1002.8,1009.7,0,.46,,,7,7,Sc,10,1967,,01,26.8,,,,
146,2022-06-11 18:00,23.6,,1.7,180,69,20,17.5,1002.7,1009.6,.6,.83,,,6,6,Sc,10,2000,,,27.2,,,,
146,2022-06-11 19:00,23.6,,1.4,90,69,20,17.5,1003.3,1010.2,.4,.43,,,8,3,,19,2000,,,25.3,,,,
146,2022-06-11 20:00,23,,.6,160,78,21.8,18.9,1003.7,1010.6,0,.09,,,8,4,,41,2000,,,23.3,,,,
146,2022-06-11 21:00,21.6,,1.5,140,84,21.6,18.7,1003.9,1010.9,,,,,7,7,Ac,40,2000,,,22.1,,,,
146,2022-06-11 22:00,21.3,,.8,140,82,20.6,18,1004.8,1011.8,,,,,6,4,,23,2000,,,21.3,,,,
146,2022-06-11 23:00,21,,1.3,140,84,20.8,18.1,1005.2,1012.2,,,,,6,0,,,1801,,,20.6,,,,
146,2022-06-12 00:00,21,,1.3,110,84,20.8,18.1,1005.2,1012.2,,,,,0,0,,,1793,,,20.1,,,,
146,2022-06-12 01:00,20.1,,1.3,110,86,20.1,17.6,1005.2,1012.2,,,,,2,0,,,1679,,,19.5,,,,
146,2022-06-12 02:00,19.8,,1.1,140,86,19.7,17.3,1005.1,1012.1,,,,,6,0,,,1592,,,19.2,,,,
146,2022-06-12 03:00,19.3,,1.4,140,88,19.6,17.2,1005.3,1012.3,,,,,0,0,,,1436,,,18.8,,,,
146,2022-06-12 04:00,19,,.7,160,88,19.2,16.9,1005.4,1012.4,,,,,0,0,,,1378,,,18.5,,,,
146,2022-06-12 05:00,18.9,,1.4,140,88,19.1,16.8,1006.2,1013.2,,,,,5,5,Ac,30,1427,,,18.7,,,,
146,2022-06-12 06:00,19.2,,.8,140,86,19,16.7,1006.1,1013.1,0,.05,,,0,0,,,1643,,,18.8,,,,
146,2022-06-12 07:00,20.9,,.7,90,78,19.2,16.9,1006.2,1013.2,.7,.44,,,0,0,,,1998,,,20.6,,,,
146,2022-06-12 08:00,22.9,,.9,90,68,18.9,16.6,1006.4,1013.3,1,1.1,,,0,0,,,2000,,,24.8,,,,
146,2022-06-12 09:00,24,,.3,0,63,18.8,16.5,1006.2,1013.1,1,1.76,,,0,0,,,2000,,,29.4,,,,
146,2022-06-12 10:00,25.1,,1.3,270,59,18.8,16.5,1006.1,1013,1,2.39,,,7,2,ScCi,10,2000,,,32.3,,,,
146,2022-06-12 11:00,26,,1.1,290,56,18.8,16.5,1006.1,1013,.6,2.22,,,8,5,ScCi,10,2000,,,31.3,,,,
146,2022-06-12 12:00,26.4,,2.2,270,54,18.5,16.3,1005.5,1012.4,.7,2.43,,,9,2,ScCs,15,1902,,,34.1,,,,
146,2022-06-12 13:00,27.2,,1.3,270,56,20.1,17.6,1004.7,1011.5,.3,2.05,,,10,3,ScCs,12,1991,,,33.2,,,,
146,2022-06-12 14:00,27.3,,.8,360,52,18.8,16.5,1004,1010.8,.9,2.58,,,7,3,ScCs,13,1861,,,36.1,,,,
146,2022-06-12 15:00,27.2,,1.9,270,54,19.4,17,1004,1010.8,.6,1.95,,,8,6,ScCs,14,2000,,,32.9,,,,
146,2022-06-12 16:00,25.2,,4.6,270,64,20.4,17.8,1004,1010.9,.3,1.29,,,8,7,ScCi,14,2000,,,31.7,,,,
146,2022-06-12 17:00,24.1,,3.1,230,66,19.7,17.3,1004.2,1011.1,.5,1.15,,,10,4,ScAs,11,2000,,,28.1,,,,
146,2022-06-12 18:00,23.5,,2.3,250,64,18.4,16.2,1004.4,1011.3,0,.19,,,10,6,ScAs,10,2000,,,25.5,,,,
146,2022-06-12 19:00,22.5,,2.8,250,71,19.2,16.9,1004.8,1011.7,0,.16,,,10,1,,12,2000,,,24,,,,
146,2022-06-12 20:00,21.5,,2.1,270,78,19.9,17.4,1005.5,1012.5,0,.03,,,10,3,,10,1763,,,22.8,,,,
146,2022-06-12 21:00,20.7,0,1,230,84,20.4,17.8,1005.5,1012.5,,,,,10,2,ScAs,10,1005,,04,22.3,,,,
146,2022-06-12 22:00,20.8,0,1.2,250,85,20.8,18.1,1005.7,1012.7,,,,,10,3,ScAs,10,1087,,04,22.1,,,,
146,2022-06-12 23:00,20.5,,.4,0,87,20.9,18.2,1005.6,1012.6,,,,,10,7,,32,991,,19,21.7,,,,
146,2022-06-13 00:00,20.3,,.4,0,86,20.4,17.8,1005.4,1012.4,,,,,10,6,ScAs,10,972,,19,21.4,,,,
146,2022-06-13 01:00,20.3,,.7,230,85,20.1,17.6,1004.7,1011.7,,,,,10,10,,4,949,,19,21.3,,,,
146,2022-06-13 02:00,19.2,,.8,20,91,20.1,17.6,1003.5,1010.5,,,,,6,6,,3,673,,19,20.4,,,,
146,2022-06-13 03:00,18.6,,1.3,20,91,19.4,17,1003.4,1010.4,,,,,9,0,Ci,,980,,19,20.1,,,,
146,2022-06-13 04:00,18.9,,1.2,50,91,19.7,17.3,1002.9,1009.9,,,,,9,0,Ci,,695,,19,19.5,,,,
146,2022-06-13 05:00,19,,.9,110,91,19.9,17.4,1002.6,1009.6,,,,,8,6,AcCi,30,686,,19,19,,,,
146,2022-06-13 06:00,19.3,,.2,0,91,20.2,17.7,1002.6,1009.6,0,.03,,,8,7,AcCi,30,770,,19,19.6,,,,
146,2022-06-13 07:00,19.8,,.1,0,88,20.2,17.7,1002.7,1009.7,0,.34,,,8,3,AcCi,30,976,,19,21.4,,,,
146,2022-06-13 08:00,21.6,,.5,70,79,20.2,17.7,1002.6,1009.6,.1,.72,,,9,0,CsCi,,1538,,19,27.3,,,,
146,2022-06-13 09:00,22.1,,.5,340,72,19.1,16.8,1002.9,1009.8,.3,1.29,,,9,5,AcCs,40,2000,,,32.4,,,,
146,2022-06-13 10:00,24.4,,.7,230,60,18.3,16.1,1002.7,1009.6,.5,1.72,,,8,2,ScCi,10,1841,,,32.8,,,,
146,2022-06-13 11:00,25.1,,1.4,140,60,19,16.7,1002,1008.9,.7,2.05,,,8,3,AcCsCi,40,2000,,,34.1,,,,
146,2022-06-13 12:00,25.1,,2.4,70,54,17.2,15.1,1001.6,1008.5,.4,1.95,,,9,5,ScCi,10,2000,,,33.9,,,,
146,2022-06-13 13:00,26.7,,2.2,90,50,17.5,15.4,1000.5,1007.3,.5,2.66,,,8,1,ScAc,10,2000,,,41.2,,,,
146,2022-06-13 14:00,27.2,,2.6,110,46,16.5,14.5,1000.2,1007,.6,2.52,,,9,9,Ac,45,2000,,,45.4,,,,
146,2022-06-13 15:00,27.6,,2.4,110,41,15.1,13.1,999.3,1006.1,1,2.83,,,6,1,ScCi,10,2000,,,46.7,,,,
146,2022-06-13 16:00,27.1,,3,160,43,15.4,13.4,999.1,1005.9,1,2.42,,,5,2,ScAc,10,2000,,,42.6,,,,
146,2022-06-13 17:00,28.2,,2.5,140,43,16.4,14.4,999.1,1005.9,1,1.82,,,7,3,ScAcCi,15,2000,,,40.8,,,,
146,2022-06-13 18:00,25.5,,2.2,140,51,16.6,14.6,999.2,1006.1,.3,.85,,,9,1,ScAc,10,2000,,,31.4,,,,
146,2022-06-13 19:00,24.9,,2.4,110,50,15.7,13.7,999.3,1006.2,0,.29,,,10,9,,51,2000,,,27.4,,,,
146,2022-06-13 20:00,23.8,,2,110,53,15.6,13.6,999.8,1006.7,0,.05,,,8,8,,51,2000,,,24.2,,,,
146,2022-06-13 21:00,23.2,,2.2,90,49,13.8,11.8,1000.8,1007.7,,,,,7,7,Ac,40,2000,,,22.4,,,,
146,2022-06-13 22:00,22.5,,2.3,90,51,13.8,11.8,1001.7,1008.6,,,,,9,3,,25,2000,,,21.7,,,,
146,2022-06-13 23:00,21.7,,2.3,90,56,14.5,12.5,1001.3,1008.2,,,,,9,9,,40,2000,,,20.8,,,,
146,2022-06-14 00:00,20.5,,1.7,50,62,14.9,12.9,1001.2,1008.2,,,,,7,7,Ac,40,2000,,,19.9,,,,
146,2022-06-14 01:00,20.2,,2.1,50,65,15.4,13.4,1001.3,1008.3,,,,,9,3,,29,2000,,,19.5,,,,
146,2022-06-14 02:00,19.7,,1.9,50,66,15.1,13.1,1000.7,1007.7,,,,,9,9,,51,2000,,,18.9,,,,
146,2022-06-14 03:00,19.2,0,1.6,20,67,14.9,12.9,1000.4,1007.4,,,,,10,3,ScAs,15,2000,,01,19.1,,,,
146,2022-06-14 04:00,18.6,0,1.2,20,72,15.4,13.4,1000.2,1007.2,,,,,10,5,StNs,8,2000,,01,19,,,,
146,2022-06-14 05:00,16.7,.6,1.5,340,88,16.6,14.6,1000.2,1007.3,,,,,10,5,StNs,8,1834,,01,18.8,,,,
146,2022-06-14 06:00,16.4,.4,1.6,360,91,16.9,14.9,1000.6,1007.7,0,.01,,,10,5,StNs,8,2000,,01,18.9,,,,
146,2022-06-14 07:00,16.9,.1,1.2,340,90,17.3,15.2,1000.8,1007.9,0,.11,,,10,6,StNs,8,1625,,01,19.9,,,,
146,2022-06-14 08:00,17.5,0,.9,340,89,17.7,15.6,1001.1,1008.1,0,.3,,,10,7,ScNs,10,2000,,01,21,,,,
146,2022-06-14 09:00,18.5,0,1.4,320,81,17.2,15.1,1001.3,1008.3,0,.72,,,10,8,ScNs,10,2000,,01,24.4,,,,
146,2022-06-14 10:00,19.6,0,1.4,90,70,15.9,13.9,1001.2,1008.2,0,.84,,,10,9,ScNs,10,1927,,01,24.7,,,,
146,2022-06-14 11:00,17.6,.4,1.9,110,80,16.1,14.1,1001.5,1008.5,0,.51,,,10,9,StNs,10,748,,01,20.8,,,,
146,2022-06-14 12:00,17.9,1.3,2,70,83,16.9,14.9,1001.6,1008.6,0,1.05,,,10,9,StNs,10,1778,,01,25,,,,
146,2022-06-14 13:00,17.1,.9,2.3,70,90,17.5,15.4,1001.2,1008.3,0,.92,,,10,9,StNs,10,572,,01,24.7,,,,
146,2022-06-14 14:00,17.7,.5,1.1,20,90,18.2,16,1001.1,1008.1,0,.93,,,10,9,StNs,10,638,,01,24.7,,,,
146,2022-06-14 15:00,18.6,.9,1.3,360,89,19,16.7,1000.6,1007.6,0,1.1,,,10,7,ScNs,10,2000,,01,26.9,,,,
146,2022-06-14 16:00,19.7,,1.6,90,82,18.8,16.5,1000.3,1007.3,0,.98,,,10,4,ScNs,10,2000,,,26.2,,,,
146,2022-06-14 17:00,18.9,0,1.7,20,82,17.8,15.7,999.9,1006.9,0,.66,,,10,4,ScNs,10,2000,,01,24.1,,,,
146,2022-06-14 18:00,18.9,0,1.1,20,85,18.5,16.3,999.7,1006.7,0,.3,,,10,1,ScNs,10,2000,,01,22.7,,,,
146,2022-06-14 19:00,18.3,,1.5,20,85,17.8,15.7,1000,1007,0,.15,,,5,5,,13,2000,,,21.3,,,,
146,2022-06-14 20:00,17.6,0,1.1,360,88,17.6,15.5,999.8,1006.8,0,.03,,,10,6,ScAs,10,2000,,01,20.2,,,,
146,2022-06-14 21:00,17.6,0,1,20,87,17.5,15.4,1000,1007,,,,,9,9,Sc,10,2000,,01,19.9,,,,
146,2022-06-14 22:00,17.1,0,1.4,20,92,17.8,15.7,1000.1,1007.2,,,,,9,9,Sc,10,2000,,01,19.4,,,,
146,2022-06-14 23:00,17.2,,.8,20,91,17.8,15.7,999.9,1007,,,,,4,4,,13,2000,,,19.2,,,,
146,2022-06-15 00:00,16.6,1,.9,360,95,17.8,15.7,999.6,1006.7,,,,,9,9,Sc,10,1984,,01,18.9,,,,
146,2022-06-15 01:00,16.4,.2,1.2,50,95,17.6,15.5,999.2,1006.3,,,,,10,8,ScAs,10,1453,,01,18.8,,,,
146,2022-06-15 02:00,16.8,0,0,0,95,18.1,15.9,999.1,1006.2,,,,,10,9,ScAs,10,1907,,01,18.8,,,,
146,2022-06-15 03:00,17,.7,.7,290,95,18.3,16.1,999.2,1006.3,,,,,10,6,ScAs,10,791,,01,18.6,,,,
146,2022-06-15 04:00,16.8,.3,.5,110,95,18.1,15.9,999.1,1006.2,,,,,10,7,ScAs,10,1936,,01,18.6,,,,
146,2022-06-15 05:00,17,0,1.2,110,93,17.9,15.8,999.1,1006.2,,,,,9,9,Sc,10,2000,,01,18.5,,,,
146,2022-06-15 06:00,17.1,,1.6,140,93,18.1,15.9,999.2,1006.3,0,.01,,,10,7,ScAs,10,2000,,,18.7,,,,
146,2022-06-15 07:00,18.5,0,1.5,160,88,18.6,16.4,999.3,1006.3,0,.17,,,8,8,Sc,10,2000,,01,20.3,,,,
146,2022-06-15 08:00,19.7,,1.6,140,83,19,16.7,999.4,1006.3,.1,.5,,,8,8,Sc,10,2000,,,22.3,,,,
146,2022-06-15 09:00,19.9,,1.4,180,82,19,16.7,999.8,1006.8,0,.39,,,10,7,ScAs,10,2000,,,21.9,,,,
146,2022-06-15 10:00,21.5,,3,230,78,19.9,17.4,1000.1,1007,.1,.94,,,10,7,ScAs,10,2000,,,25.9,,,,
146,2022-06-15 11:00,22.9,,3.8,230,72,20,17.5,999.9,1006.8,.4,1.8,,,9,9,Sc,10,1808,,,29.7,,,,
146,2022-06-15 12:00,22,0,3.6,230,76,20,17.5,999.9,1006.8,.3,1.19,,,10,7,ScAs,10,1807,,01,24.3,,,,
146,2022-06-15 13:00,21.7,1.3,1.3,200,82,21.2,18.4,999.8,1006.7,.3,1.39,,,10,7,ScAs,10,1501,,01,27.9,,,,
146,2022-06-15 14:00,21.1,3,.1,0,89,22.2,19.2,999.3,1006.3,.1,.84,,,9,9,Sc,10,1097,,01,26.2,,,,
146,2022-06-15 15:00,24.3,,3.4,250,73,22.1,19.1,998.9,1005.7,.5,1.82,,,8,8,Sc,10,1893,,,30.9,,,,
146,2022-06-15 16:00,25.1,,3.9,230,63,20,17.5,999,1005.9,.8,2.2,,,8,8,Sc,10,2000,,,31.4,,,,
146,2022-06-15 17:00,24,,5.1,250,55,16.3,14.3,999.2,1006,.6,1.37,,,7,7,Sc,10,2000,,,24.3,,,,
146,2022-06-15 18:00,23.7,,4.5,250,62,18.1,15.9,999,1005.9,.3,.74,,,7,7,Sc,10,2000,,,23.9,,,,
146,2022-06-15 19:00,22.5,,2,250,71,19.2,16.9,999.3,1006.2,.1,.41,,,6,4,,17,2000,,,21.9,,,,
146,2022-06-15 20:00,22.2,,2.2,250,72,19.2,16.9,999.8,1006.7,0,.04,,,7,3,,15,1997,,,21,,,,
146,2022-06-15 21:00,21.8,,2.3,230,72,18.8,16.5,1000.2,1007.1,,,,,9,9,Sc,12,1938,,,20.5,,,,
146,2022-06-15 22:00,21.1,,1.8,230,73,18.2,16,1000.6,1007.6,,,,,7,4,,12,1006,,,19.2,,,,
146,2022-06-15 23:00,20.8,,2.7,230,74,18.1,15.9,1000.7,1007.7,,,,,5,5,,11,858,,40,18.7,,,,
146,2022-06-16 00:00,20.9,,2.3,230,75,18.4,16.2,1000.8,1007.8,,,,,7,7,Sc,10,995,,40,19.1,,,,
146,2022-06-16 01:00,20.6,,2.2,230,78,18.9,16.6,1000.7,1007.7,,,,,6,6,,6,658,,40,18.8,,,,
146,2022-06-16 02:00,19.9,,2,270,84,19.5,17.1,1000.9,1007.9,,,,,7,6,,4,567,,4019,19,,,,
146,2022-06-16 03:00,19.4,,2,230,85,19.1,16.8,1000.8,1007.8,,,,,9,9,Sc,10,810,,19,19.1,,,,
146,2022-06-16 04:00,19.1,,1.7,250,87,19.1,16.8,1001.1,1008.1,,,,,9,9,St,8,816,,19,19,,,,
146,2022-06-16 05:00,18.7,0,1.5,250,86,18.5,16.3,1001.4,1008.4,,,,,10,9,ScAs,10,1361,,1901,18.9,,,,
146,2022-06-16 06:00,18.4,,1.1,250,87,18.3,16.1,1001.6,1008.6,0,.03,,,5,5,Sc,10,1647,,,18.4,,,,
146,2022-06-16 07:00,18.8,,1.9,270,84,18.2,16,1002.1,1009.1,0,.24,,,6,6,Sc,10,1958,,,19.9,,,,
146,2022-06-16 08:00,19.2,,1.5,290,80,17.7,15.6,1002.4,1009.4,.1,.54,,,8,8,Sc,10,2000,,,21.7,,,,
146,2022-06-16 09:00,20.9,,2,270,68,16.7,14.7,1002.4,1009.4,.5,1.16,,,6,6,Sc,10,2000,,,26.7,,,,
146,2022-06-16 10:00,21,,1.7,250,68,16.8,14.8,1002.6,1009.6,.6,1.78,,,5,5,Sc,10,2000,,,25.4,,,,
146,2022-06-16 11:00,23.1,,1.8,250,60,16.9,14.9,1003,1009.9,.8,2.59,,,6,6,Sc,11,2000,,,34,,,,
146,2022-06-16 12:00,23.1,,3,230,55,15.5,13.5,1002.8,1009.7,1,3.54,,,4,4,Sc,10,2000,,,35,,,,
146,2022-06-16 13:00,24.6,,2.9,230,54,16.6,14.6,1002.1,1008.9,1,3.31,,,3,2,ScCi,10,2000,,,35.6,,,,
146,2022-06-16 14:00,24.5,,2.8,230,55,16.8,14.8,1001.5,1008.3,1,3.41,,,3,2,ScAc,10,2000,,,35.8,,,,
146,2022-06-16 15:00,25.5,,2.4,230,51,16.6,14.6,1001.1,1008,.9,2.87,,,4,3,ScCi,10,2000,,,34.9,,,,
146,2022-06-16 16:00,25.8,,2.4,250,49,16.2,14.2,1000.9,1007.8,.9,2.24,,,4,4,Sc,10,2000,,,34.4,,,,
146,2022-06-16 17:00,25.6,,2.1,270,49,16,14,1000.6,1007.5,1,1.92,,,3,0,Ci,,2000,,,32.1,,,,
146,2022-06-16 18:00,24.5,,2.2,270,53,16.2,14.2,1000.4,1007.2,.4,.85,,,8,8,Sc,10,2000,,,26.6,,,,
146,2022-06-16 19:00,24.6,,.7,270,48,14.8,12.8,1000.5,1007.3,.2,.44,,,4,1,,19,2000,,,24.8,,,,
146,2022-06-16 20:00,23.8,,.5,250,51,15,13,1000.9,1007.8,0,.09,,,4,1,,,2000,,,21.9,,,,
146,2022-06-16 21:00,23.1,,.8,180,55,15.5,13.5,1001.4,1008.3,,,,,5,5,Ac,40,2000,,,20.9,,,,
146,2022-06-16 22:00,21.7,,1.2,110,62,16,14,1001.8,1008.8,,,,,5,1,,18,2000,,,19.9,,,,
146,2022-06-16 23:00,21.1,,.8,110,65,16.2,14.2,1002,1009,,,,,3,0,,,2000,,,19.1,,,,
146,2022-06-17 00:00,20.2,,1.1,110,68,16,14,1001.7,1008.7,,,,,6,6,Ac,40,2000,,,19,,,,
146,2022-06-17 01:00,19.9,,.8,110,70,16.2,14.2,1001.9,1008.9,,,,,2,0,,,2000,,,18.3,,,,
146,2022-06-17 02:00,18.7,,1.2,110,76,16.3,14.3,1001.7,1008.7,,,,,2,0,,,2000,,,17.7,,,,
146,2022-06-17 03:00,18.6,,.9,140,77,16.4,14.4,1001,1008,,,,,6,0,Ci,,2000,,,17.6,,,,
146,2022-06-17 04:00,18.5,,1.1,140,78,16.5,14.5,1001.2,1008.2,,,,,7,3,ScCi,10,2000,,,17.6,,,,
146,2022-06-17 05:00,18.1,,.7,50,80,16.5,14.5,1001.5,1008.5,,,,,7,7,Sc,10,2000,,,17.5,,,,
146,2022-06-17 06:00,18.8,,.8,160,79,17,15,1002.4,1009.4,0,.08,,,5,0,Ci,,2000,,,18.1,,,,
146,2022-06-17 07:00,20.7,,.6,140,76,18.5,16.3,1002,1009,.8,.48,,,9,0,Ci,,1964,,,21,,,,
146,2022-06-17 08:00,22,,.7,230,74,19.5,17.1,1002.5,1009.4,1,1.06,,,6,3,ScCi,10,1455,,,25.6,,,,
146,2022-06-17 09:00,22.8,,1.5,250,70,19.4,17,1002.6,1009.5,.7,1.37,,,8,6,ScCi,10,1827,,,26.3,,,,
146,2022-06-17 10:00,23.9,,2.2,250,66,19.5,17.1,1002.8,1009.7,.5,1.75,,,9,9,Sc,10,2000,,,28.7,,,,
146,2022-06-17 11:00,24.9,,1.1,230,65,20.4,17.8,1002.3,1009.2,.1,1.56,,,8,8,Sc,10,2000,,,32.8,,,,
146,2022-06-17 12:00,26.7,,1.5,250,60,20.9,18.2,1001.5,1008.3,.6,2.38,,,7,5,ScCi,10,2000,,,38.3,,,,
146,2022-06-17 13:00,28,,1,90,56,21,18.3,1000.8,1007.6,1,3.28,,,5,5,Sc,10,2000,,,41.9,,,,
146,2022-06-17 14:00,28,,1.3,340,56,21,18.3,1000.1,1006.9,.7,2.6,,,5,5,Sc,10,2000,,,41.5,,,,
146,2022-06-17 15:00,27.3,,2.2,230,61,22.1,19.1,999.7,1006.5,.2,1.34,,,8,8,Sc,12,2000,,,34.1,,,,
146,2022-06-17 16:00,26.8,,2.5,230,65,22.8,19.6,999.6,1006.4,0,.79,,,10,4,ScAs,12,2000,,,30.7,,,,
146,2022-06-17 17:00,26.3,,1.4,250,69,23.5,20.1,999.3,1006.1,0,.44,,,10,5,ScAs,12,2000,,,28.4,,,,
146,2022-06-17 18:00,25.9,,1.5,270,69,22.9,19.7,999.4,1006.2,0,.37,,,10,6,ScAs,12,2000,,,27.3,,,,
146,2022-06-17 19:00,24.4,,1.7,290,80,24.4,20.7,1000.1,1006.9,0,.09,,,9,9,,34,2000,,,25.1,,,,
146,2022-06-17 20:00,23.1,,2.3,270,82,23.1,19.8,1001.1,1008,0,.02,,,9,7,,4,2000,,,23.8,,,,
146,2022-06-17 21:00,22.6,0,1.9,270,84,22.9,19.7,1001.7,1008.6,,,,,10,8,ScAs,10,2000,,04,23.2,,,,
146,2022-06-17 22:00,22.5,,.4,0,85,23.1,19.8,1002.1,1009,,,,,4,4,,4,2000,,,23.3,,,,
146,2022-06-17 23:00,22.4,,.8,50,85,22.9,19.7,1001.7,1008.6,,,,,8,8,,4,931,,,23.2,,,,
146,2022-06-18 00:00,22.2,,.7,340,85,22.7,19.5,1001.7,1008.6,,,,,9,9,Sc,10,1584,,,22.6,,,,
146,2022-06-18 01:00,22.2,,.3,0,87,23.2,19.9,1001.4,1008.3,,,,,8,7,,4,1271,,,22.1,,,,
146,2022-06-18 02:00,22.1,,.4,0,89,23.5,20.1,1001.4,1008.3,,,,,8,5,,9,1935,,,22.4,,,,
146,2022-06-18 03:00,21.5,,.6,50,90,22.9,19.7,1000.7,1007.7,,,,,4,4,Sc,10,1674,,,21.3,,,,
146,2022-06-18 04:00,20.9,,1.4,140,93,22.9,19.7,1000.3,1007.3,,,,,4,4,Sc,10,700,,19,20.4,,,,
146,2022-06-18 05:00,20.8,,1.6,140,93,22.8,19.6,1000.3,1007.3,,,,,4,4,Sc,10,999,,19,20.3,,,,
146,2022-06-18 06:00,21.2,,1.2,140,90,22.5,19.4,1000.8,1007.8,0,.04,,,8,8,Ac,30,1760,,19,21,,,,
146,2022-06-18 07:00,22.3,,.6,230,84,22.5,19.4,1001.1,1008,.2,.37,,,8,8,Sc,10,2000,,,23.7,,,,
146,2022-06-18 08:00,23.4,,.8,230,80,22.9,19.7,1001.4,1008.3,.1,.66,,,8,8,Sc,10,2000,,,25.5,,,,
146,2022-06-18 09:00,23.8,,2.2,250,77,22.7,19.5,1001.2,1008.1,.4,1.13,,,9,9,Sc,10,2000,,,26.6,,,,
146,2022-06-18 10:00,24.9,,1.5,250,71,22.2,19.2,1000.4,1007.3,.2,1.24,,,8,8,Sc,10,2000,,,29,,,,
146,2022-06-18 11:00,25.6,,1.4,200,67,22,19,1000.4,1007.3,.6,2.1,,,8,8,Sc,10,2000,,,31.6,,,,
146,2022-06-18 12:00,27,,1.6,270,63,22.4,19.3,1000.6,1007.4,.6,2.3,,,7,7,Sc,10,2000,,,38.2,,,,
146,2022-06-18 13:00,27.9,,2.4,270,61,22.8,19.6,1000.1,1006.9,.9,2.98,,,6,6,Sc,10,2000,,,44.8,,,,
146,2022-06-18 14:00,27.6,,2.5,250,62,22.8,19.6,1000,1006.8,.9,2.7,,,7,7,Sc,10,2000,,,41.1,,,,
146,2022-06-18 15:00,26,,2.3,290,71,23.8,20.3,999.8,1006.6,0,1.24,,,10,6,ScAs,10,2000,,,35.2,,,,
146,2022-06-18 16:00,26.9,,1.8,270,66,23.4,20,999.8,1006.6,.5,1.99,,,8,3,ScCi,10,2000,,,41.3,,,,
146,2022-06-18 17:00,27.1,,1.5,270,69,24.7,20.9,999.4,1006.2,.9,1.67,,,5,2,ScCi,10,2000,,,36.5,,,,
146,2022-06-18 18:00,26.8,,1.5,270,68,23.8,20.3,999.3,1006.1,.9,1.03,,,8,2,ScCi,10,2000,,,33.7,,,,
146,2022-06-18 19:00,24.8,,2.8,290,76,23.7,20.2,1000,1006.8,.3,.4,,,7,7,,8,2000,,,28.2,,,,
146,2022-06-18 20:00,23.8,,3.5,290,78,22.9,19.7,1001.6,1008.5,0,.01,,,7,7,,7,2000,,,25.8,,,,
146,2022-06-18 21:00,23.4,,1.1,250,80,22.9,19.7,1001.6,1008.5,,,,,10,7,ScAs,10,1814,,,25.1,,,,
146,2022-06-18 22:00,23.4,0,1.5,230,82,23.5,20.1,1002.7,1009.6,,,,,10,6,StNs,7,1940,,01,24.2,,,,
146,2022-06-18 23:00,22.7,.1,.9,200,83,22.8,19.6,1002.2,1009.1,,,,,10,4,StNs,8,2000,,01,23.3,,,,
146,2022-06-19 00:00,22.5,0,.2,0,86,23.4,20,1001.6,1008.5,,,,,10,4,ScAs,12,2000,,01,22.8,,,,
146,2022-06-19 01:00,22.2,,.3,0,88,23.5,20.1,1001.9,1008.8,,,,,7,6,,40,2000,,,22,,,,
146,2022-06-19 02:00,21.1,,1.2,20,94,23.4,20,1001.9,1008.9,,,,,3,0,,,1564,,,21.5,,,,
146,2022-06-19 03:00,21.6,,.2,0,90,23.1,19.8,1001.8,1008.8,,,,,6,6,Sc,10,2000,,,21.2,,,,
146,2022-06-19 04:00,21.9,,0,0,90,23.5,20.1,1001.8,1008.7,,,,,6,6,Sc,8,2000,,,21.8,,,,
146,2022-06-19 05:00,21.5,,0,0,91,23.2,19.9,1001.8,1008.8,,,,,4,4,Sc,8,1865,,,21.3,,,,
146,2022-06-19 06:00,21.4,,.5,200,92,23.4,20,1001.9,1008.9,0,.07,,,3,3,Sc,10,2000,,,21.9,,,,
146,2022-06-19 07:00,22.2,,.5,160,88,23.5,20.1,1001.8,1008.7,.4,.42,,,3,3,Sc,10,2000,,,24,,,,
146,2022-06-19 08:00,24,,.5,180,77,22.9,19.7,1001.7,1008.6,.8,.84,,,7,3,ScCi,10,2000,,,27.6,,,,
146,2022-06-19 09:00,24.3,,.7,180,74,22.4,19.3,1001.4,1008.2,.7,1.44,,,8,8,Sc,10,2000,,,28.9,,,,
146,2022-06-19 10:00,25,,.9,200,72,22.7,19.5,1001.5,1008.4,.1,1.33,,,9,9,Sc,10,2000,,,30.4,,,,
146,2022-06-19 11:00,26.3,,.9,160,70,23.8,20.3,1001.6,1008.4,.1,1.33,,,9,9,Sc,10,2000,,,33.5,,,,
146,2022-06-19 12:00,27,,1,340,66,23.5,20.1,1001.4,1008.2,.2,1.88,,,9,9,Sc,10,2000,,,37.1,,,,
146,2022-06-19 13:00,27.6,,.5,180,65,24,20.4,1000.6,1007.4,.2,1.7,,,8,8,Sc,10,2000,,,35.7,,,,
146,2022-06-19 14:00,29.1,,1.8,250,61,24.6,20.8,999.9,1006.6,.8,2.78,,,6,6,Sc,10,2000,,,47,,,,
146,2022-06-19 15:00,28.5,,2.5,270,62,24.1,20.5,999.5,1006.3,.9,3.06,,,6,6,Sc,10,2000,,,48,,,,
146,2022-06-19 16:00,28.6,,2.1,290,64,25,21.1,999.2,1006,.9,2.36,,,6,6,Sc,10,2000,,,44.8,,,,
146,2022-06-19 17:00,28.5,,2.3,270,67,26,21.7,999,1005.8,.8,1.64,,,6,6,Sc,10,2000,,,40.2,,,,
146,2022-06-19 18:00,27.5,,2,270,68,24.9,21,999.1,1005.9,1,1.25,,,3,3,Sc,10,2000,,,36.1,,,,
146,2022-06-19 19:00,26.3,,1.8,270,72,24.6,20.8,999.3,1006.1,.7,.5,,,2,2,,7,2000,,,30.2,,,,
146,2022-06-19 20:00,24.9,,1.6,290,76,23.8,20.3,999.6,1006.5,0,.08,,,3,1,,,2000,,,26.6,,,,
146,2022-06-19 21:00,24.5,,1.1,320,77,23.5,20.1,999.9,1006.7,,,,,2,2,Sc,10,2000,,,25.1,,,,
146,2022-06-19 22:00,24.1,,1,320,81,24.3,20.6,1000.4,1007.2,,,,,3,3,,9,2000,,,25,,,,
146,2022-06-19 23:00,23.8,,1.9,340,82,24.1,20.5,1000.5,1007.4,,,,,7,7,,9,2000,,,25,,,,
146,2022-06-20 00:00,23.6,,.1,0,82,23.8,20.3,1000.2,1007.1,,,,,7,7,Sc,10,2000,,,24.3,,,,
146,2022-06-20 01:00,23.8,,.8,290,81,23.8,20.3,1000,1006.9,,,,,7,7,,9,2000,,,24.1,,,,
146,2022-06-20 02:00,23.1,,.8,270,84,23.7,20.2,999.4,1006.3,,,,,5,5,,9,2000,,,23.4,,,,
146,2022-06-20 03:00,22.2,,.8,50,89,23.7,20.2,998.8,1005.7,,,,,1,1,Sc,10,2000,,,22.2,,,,
146,2022-06-20 04:00,21.8,,1,320,93,24.3,20.6,999,1005.9,,,,,0,0,,,2000,,,21.6,,,,
146,2022-06-20 05:00,21.6,,.1,0,93,24,20.4,998.8,1005.7,,,,,0,0,,,2000,,,21.3,,,,
146,2022-06-20 06:00,21.8,,0,0,90,23.4,20,998.9,1005.8,0,.05,,,0,0,,,2000,,,21.8,,,,
146,2022-06-20 07:00,23,,.1,0,85,23.8,20.3,999,1005.9,.6,.43,,,0,0,,,2000,,,24.3,,,,
146,2022-06-20 08:00,24.5,,.7,360,78,24,20.4,999,1005.8,1,1.05,,,0,0,,,2000,,,29,,,,
146,2022-06-20 09:00,26.1,,1.1,50,72,24.3,20.6,998.6,1005.4,1,1.73,,,1,1,Sc,10,2000,,,34.2,,,,
146,2022-06-20 10:00,26.9,,1.5,320,67,23.7,20.2,998.3,1005.1,1,2.39,,,3,3,Sc,10,2000,,,39.2,,,,
146,2022-06-20 11:00,28.4,,.5,270,63,24.3,20.6,998.4,1005.2,.9,2.64,,,3,3,Sc,10,2000,,,45.4,,,,
146,2022-06-20 12:00,28.1,,1.7,270,64,24.3,20.6,997.8,1004.6,.3,1.32,,,3,3,Sc,10,2000,,,41.3,,,,
146,2022-06-20 13:00,30,,1.8,250,58,24.6,20.8,997.1,1003.8,.7,1.95,,,1,0,Ci,,2000,,,50.6,,,,
146,2022-06-20 14:00,31.1,,1.8,250,56,25.2,21.2,996.5,1003.2,.7,2.17,,,1,1,Sc,10,2000,,,51.6,,,,
146,2022-06-20 15:00,31.3,,2.2,250,54,24.6,20.8,996.1,1002.8,1,2.87,,,2,2,Sc,10,2000,,,51.3,,,,
146,2022-06-20 16:00,29.9,,3,270,62,26.1,21.8,995.6,1002.3,1,2.3,,,0,0,,,2000,,,47.5,,,,
146,2022-06-20 17:00,29.8,,2.5,250,61,25.5,21.4,995.6,1002.3,1,1.81,,,0,0,,,2000,,,43.3,,,,
146,2022-06-20 18:00,29.1,,2.2,270,64,25.6,21.5,995.3,1002,1,1.14,,,0,0,,,2000,,,37.9,,,,
146,2022-06-20 19:00,27.5,,2.3,270,68,24.9,21,996,1002.8,.7,.5,,,4,0,,,2000,,,31.9,,,,
146,2022-06-20 20:00,25.9,,2.1,250,70,23.4,20,996.6,1003.4,0,.09,,,4,0,,,2000,,,28,,,,
146,2022-06-20 21:00,24.2,,2.9,230,81,24.4,20.7,997,1003.8,,,,,3,3,Ac,35,2000,,,26.2,,,,
146,2022-06-20 22:00,23.9,,2,230,81,24,20.4,997.3,1004.1,,,,,6,6,,10,2000,,,25.8,,,,
146,2022-06-20 23:00,24.4,,1,230,77,23.4,20,997.1,1003.9,,,,,8,4,,10,2000,,,25.1,,,,
146,2022-06-21 00:00,24.1,,.8,250,79,23.7,20.2,996.8,1003.6,,,,,4,4,Sc,,2000,,,24.4,,,,
146,2022-06-21 01:00,22.2,,1.3,340,91,24.3,20.6,996.4,1003.3,,,,,6,1,,9,1971,,,23.6,,,,
146,2022-06-21 02:00,22.1,,.5,320,91,24.1,20.5,996.2,1003.1,,,,,4,3,,9,1612,,,23.3,,,,
146,2022-06-21 03:00,22.2,,1.9,340,91,24.3,20.6,996.3,1003.2,,,,,5,5,Sc,9,1913,,,23.8,,,,
146,2022-06-21 04:00,22.5,,0,0,90,24.4,20.7,996.3,1003.2,,,,,5,5,Sc,8,1979,,,24.1,,,,
146,2022-06-21 05:00,22.4,,1.2,340,89,24,20.4,996.6,1003.5,,,,,7,7,Sc,10,1628,,,23.8,,,,
146,2022-06-21 06:00,22.6,,0,0,88,24.1,20.5,996.6,1003.5,0,.05,,,4,4,Sc,9,1701,,,23.6,,,,
146,2022-06-21 07:00,24.1,,.1,0,82,24.6,20.8,996.6,1003.4,.3,.42,,,0,0,,,1801,,,25.7,,,,
146,2022-06-21 08:00,25,,1.2,340,79,24.9,21,996.8,1003.7,1,1.03,,,0,0,,,1953,,,30.7,,,,
146,2022-06-21 09:00,26.2,,1.9,320,76,25.8,21.6,997,1003.8,1,1.71,,,0,0,,,1816,,,36.2,,,,
146,2022-06-21 10:00,27.2,,1.1,290,71,25.5,21.4,996.6,1003.4,1,2.34,,,0,0,,,1197,,,41.5,,,,
146,2022-06-21 11:00,28.8,,2,340,66,26.1,21.8,996.5,1003.2,1,2.81,,,1,1,Sc,10,1146,,,47.4,,,,
146,2022-06-21 12:00,30.7,,1.2,70,60,26.4,22,996.1,1002.8,1,3.07,,,2,2,Sc,10,1094,,,52.2,,,,
146,2022-06-21 13:00,32.3,,1.5,320,59,28.4,23.2,995.4,1002.1,1,3.26,,,2,2,Sc,10,1465,,,55,,,,
146,2022-06-21 14:00,31.6,,2.2,250,57,26.4,22,995,1001.7,.9,2.87,,,4,4,Sc,10,1594,,,49.2,,,,
146,2022-06-21 15:00,30.9,,3.6,230,62,27.6,22.7,995,1001.7,.5,1.6,,,3,3,Sc,10,1524,,,48.4,,,,
146,2022-06-21 16:00,29.7,,3.7,270,64,26.6,22.1,995.3,1002,1,2.38,,,0,0,,,1355,,,47.1,,,,
146,2022-06-21 17:00,29.4,,2.3,270,64,26.1,21.8,995.4,1002.1,1,1.81,,,2,2,Sc,10,1856,,,43.3,,,,
146,2022-06-21 18:00,28.2,,2.9,250,65,24.7,20.9,996.1,1002.8,1,1.11,,,0,0,,,1764,,,37.3,,,,
146,2022-06-21 19:00,26,,3.1,230,74,24.7,20.9,996.8,1003.6,.8,.5,,,0,0,,,2000,,,31.5,,,,
146,2022-06-21 20:00,24.5,,3.1,230,78,24,20.4,997.4,1004.2,0,.08,,,3,0,,,1978,,,27.6,,,,
146,2022-06-21 21:00,23.2,,2.3,230,83,23.5,20.1,998.7,1005.6,,,,,8,8,Sc,10,2000,,,26.1,,,,
146,2022-06-21 22:00,22.8,,1.6,230,83,22.9,19.7,999.8,1006.7,,,,,3,3,,20,2000,,,25.1,,,,
146,2022-06-21 23:00,22.1,,1.4,270,87,23.1,19.8,1000.3,1007.2,,,,,5,4,,21,2000,,,24.3,,,,
146,2022-06-22 00:00,21.9,,1.6,250,89,23.2,19.9,1000.5,1007.4,,,,,5,5,Sc,,1542,,,23.6,,,,
146,2022-06-22 01:00,21.9,,1.6,230,89,23.2,19.9,1000.3,1007.2,,,,,5,4,,3,1358,,,23.3,,,,
146,2022-06-22 02:00,21.8,,1.8,250,87,22.7,19.5,1000.3,1007.2,,,,,6,6,,3,1626,,,23.9,,,,
146,2022-06-22 03:00,21.9,,1.2,270,86,22.5,19.4,1000.3,1007.2,,,,,8,8,Sc,10,1929,,,23.8,,,,
146,2022-06-22 04:00,22,,.5,270,85,22.4,19.3,1000.2,1007.1,,,,,9,9,Sc,10,2000,,,23.7,,,,
146,2022-06-22 05:00,21.8,,.3,0,86,22.4,19.3,1000.3,1007.2,,,,,7,7,Sc,10,1998,,,23.4,,,,
146,2022-06-22 06:00,21.7,,1.7,320,88,22.8,19.6,1001.3,1008.2,0,.04,,,9,9,Sc,10,1299,,,23.3,,,,
146,2022-06-22 07:00,22.3,,1,320,85,22.8,19.6,1001.6,1008.5,.1,.31,,,7,6,ScCi,10,1442,,,24.9,,,,
146,2022-06-22 08:00,23.9,,.4,0,76,22.5,19.4,1001.6,1008.5,.5,.98,,,0,0,,,1975,,,30.9,,,,
146,2022-06-22 09:00,25.4,,.6,230,68,22,19,1001.6,1008.5,1,1.84,,,1,0,Ci,,2000,,,37.3,,,,
146,2022-06-22 10:00,27.5,,.6,290,64,23.4,20,1001.2,1008,1,2.46,,,3,0,Ci,,2000,,,41.9,,,,
146,2022-06-22 11:00,28.9,,.6,290,46,18.3,16.1,1001.1,1007.9,1,2.92,,,3,0,Ci,,2000,,,48.5,,,,
146,2022-06-22 12:00,30.6,,1.5,290,51,22.4,19.3,1000.6,1007.3,1,3.27,,,0,0,,,2000,,,53.2,,,,
146,2022-06-22 13:00,31,,2,230,52,23.2,19.9,1000.3,1007,1,3.34,,,7,0,Ci,,2000,,,54.4,,,,
146,2022-06-22 14:00,31.4,,3.2,270,45,20.6,18,1000.1,1006.8,1,3.11,,,8,0,Ci,,2000,,,53.3,,,,
146,2022-06-22 15:00,30.5,,3,290,56,24.4,20.7,1000.2,1006.9,1,2.79,,,6,0,Ci,,2000,,,52.3,,,,
146,2022-06-22 16:00,29.7,,2.1,320,59,24.6,20.8,1000,1006.7,1,2.33,,,6,0,Ci,,2000,,,45.5,,,,
146,2022-06-22 17:00,30.3,,2.2,270,59,25.3,21.3,999.6,1006.3,1,1.83,,,2,0,Ci,,2000,,,45.5,,,,
146,2022-06-22 18:00,29.4,,2,270,61,24.9,21,999.7,1006.4,1,1.24,,,0,0,,,2000,,,39.9,,,,
146,2022-06-22 19:00,27.2,,2.4,270,68,24.4,20.7,1000.1,1006.9,1,.56,,,0,0,,,2000,,,32.4,,,,
146,2022-06-22 20:00,25.6,,2.4,250,76,24.9,21,1000.4,1007.3,.1,.07,,,1,0,,,1972,,,28.2,,,,
146,2022-06-22 21:00,25,,.5,250,78,24.6,20.8,1001,1007.9,,,,,2,0,Ci,,1660,,,26.8,,,,
146,2022-06-22 22:00,24.3,,1,20,82,24.9,21,1000.8,1007.6,,,,,0,0,,,1324,,,25.8,,,,
146,2022-06-22 23:00,24.8,,0,0,80,25,21.1,1000.3,1007.1,,,,,3,0,,,1646,,,25.1,,,,
146,2022-06-23 00:00,24.6,,.1,0,82,25.3,21.3,999.9,1006.7,,,,,3,0,Ci,,1650,,,25.1,,,,
146,2022-06-23 01:00,23.3,,1,360,89,25.3,21.3,999.6,1006.5,,,,,6,5,,10,844,,19,24.4,,,,
146,2022-06-23 02:00,22.8,,.9,340,92,25.5,21.4,999.5,1006.4,,,,,4,0,,,508,,19,23.4,,,,
146,2022-06-23 03:00,22.3,,.9,110,93,25,21.1,999.2,1006.1,,,,,4,4,Sc,10,335,,19,23,,,,
146,2022-06-23 04:00,23.2,,1.6,140,84,23.8,20.3,998.5,1005.4,,,,,3,3,Sc,10,1984,,19,23,,,,
146,2022-06-23 05:00,23.7,,1.3,110,80,23.4,20,998.4,1005.2,,,,,5,5,Sc,10,2000,,,23,,,,
146,2022-06-23 06:00,24.1,,1.9,110,80,24,20.4,997.8,1004.6,.4,.08,,,3,0,Ci,,2000,,,23.7,,,,
146,2022-06-23 07:00,25.6,,2.6,140,77,25.2,21.2,997.5,1004.3,.6,.43,,,7,7,Sc,10,2000,,,26.7,,,,
146,2022-06-23 08:00,25.9,,1.6,90,75,25,21.1,997.5,1004.3,0,.4,,,8,8,Sc,10,2000,,,28.2,,,,
146,2022-06-23 09:00,27.8,,2.3,160,71,26.4,22,997,1003.8,.4,1.1,,,7,4,ScCi,10,2000,,,33.8,,,,
146,2022-06-23 10:00,29.3,,1.9,160,66,26.8,22.2,996.5,1003.2,.5,1.82,,,10,5,ScAs,10,2000,,,37.8,,,,
146,2022-06-23 11:00,27.7,0,2.4,160,71,26.3,21.9,995.6,1002.4,0,.47,,,10,7,ScAs,10,2000,,01,31.9,,,,
146,2022-06-23 12:00,25.1,3,1.3,180,91,28.9,23.5,995.8,1002.6,0,.24,,,10,8,StNs,8,998,,01,27.7,,,,
146,2022-06-23 13:00,25,3.6,.9,180,94,29.7,23.9,995.1,1001.9,0,.16,,,10,7,ScAs,10,1220,,01,27.6,,,,
146,2022-06-23 14:00,27.2,,1.6,180,82,29.5,23.8,994.2,1001,0,.65,,,10,6,ScAs,10,1959,,01,29.5,,,,
146,2022-06-23 15:00,27.5,,2.8,230,78,28.6,23.3,994,1000.8,0,.21,,,10,7,ScAs,10,2000,,,27.5,,,,
146,2022-06-23 16:00,27,.1,3.2,230,80,28.4,23.2,993.3,1000.1,0,.27,,,10,8,ScAs,10,2000,,01,27.4,,,,
146,2022-06-23 17:00,26.4,0,2.1,230,83,28.4,23.2,993.2,1000,0,.16,,,10,6,ScAs,10,1995,,01,26.7,,,,
146,2022-06-23 18:00,26.9,,2.1,200,79,27.9,22.9,992.6,999.4,0,.11,,,10,7,ScAs,10,1836,,,26.5,,,,
146,2022-06-23 19:00,26.9,,1.7,180,78,27.6,22.7,992.3,999.1,0,.03,,,10,10,,8,2000,,,25.9,,,,
146,2022-06-23 20:00,25.7,1,2.3,200,85,27.9,22.9,992.6,999.4,0,0,,,10,8,StNs,8,554,,01,25.2,,,,
146,2022-06-23 21:00,24.1,18.4,1.5,180,96,28.8,23.4,992.4,999.2,,,,,10,8,CbStNs,5,304,,01,24.9,,,,
146,2022-06-23 22:00,24.4,4.9,2.8,200,92,28.1,23,992.5,999.3,,,,,10,8,StNs,8,533,,01,24.7,,,,
146,2022-06-23 23:00,24.3,2.9,2.5,200,93,28.1,23,992.5,999.3,,,,,10,8,StNs,8,372,,01,24.6,,,,
146,2022-06-24 00:00,23.9,3,1.4,160,94,27.7,22.8,991.1,997.9,,,,,10,8,StNs,8,1124,,01,24.4,,,,
146,2022-06-24 01:00,23.4,15.9,1.6,180,96,27.6,22.7,990.1,996.9,,,,,10,8,StNs,8,63,,01,24.1,,,,
146,2022-06-24 02:00,23.3,13,1.6,160,97,27.6,22.7,989.7,996.5,,,,,10,8,StNs,8,228,,01,24.1,,,,
146,2022-06-24 03:00,23.2,22.7,1.7,180,97,27.4,22.6,988.7,995.5,,,,,10,8,StNs,8,283,,01,24,,,,
146,2022-06-24 04:00,23.7,4.4,4.6,230,95,27.7,22.8,989,995.8,,,,,10,8,StNs,8,321,,01,24,,,,
146,2022-06-24 05:00,23.4,1.6,4.5,230,95,27.2,22.5,990,996.8,,,,,10,8,StNs,8,683,,01,23.9,,,,
146,2022-06-24 06:00,22.9,.5,4.8,250,96,26.8,22.2,991.2,998,0,0,,,10,8,StNs,8,418,,01,23.7,,,,
146,2022-06-24 07:00,23.1,.1,2.7,230,95,26.8,22.2,991.7,998.5,0,.09,,,10,8,ScAs,10,943,,1901,24.5,,,,
146,2022-06-24 08:00,22.7,.8,2.5,270,95,26.1,21.8,992.5,999.3,0,.15,,,10,8,StNs,8,267,,1901,24,,,,
146,2022-06-24 09:00,21.9,.2,1.9,270,95,24.9,21,992.9,999.8,0,.23,,,10,8,StNs,8,361,,1901,24.5,,,,
146,2022-06-24 10:00,22.5,0,.8,230,92,25,21.1,993.3,1000.2,0,.34,,,10,7,ScNs,8,802,,1901,25.4,,,,
146,2022-06-24 11:00,23,0,1,250,92,25.8,21.6,993.6,1000.4,0,.4,,,10,9,StNs,8,775,,1901,26.5,,,,
146,2022-06-24 12:00,24.1,,1.6,230,87,26,21.7,993.8,1000.6,0,.75,,,10,7,ScAs,10,1013,,19,28.4,,,,
146,2022-06-24 13:00,25.7,,1.3,180,80,26.3,21.9,993,999.8,.1,1.52,,,10,8,ScAs,8,1603,,,32,,,,
146,2022-06-24 14:00,26.8,,2.6,250,74,26,21.7,992.8,999.6,.3,1.86,,,8,8,Sc,10,1989,,,35.9,,,,
146,2022-06-24 15:00,27.8,,2.4,250,70,26.1,21.8,992.5,999.2,.9,2.64,,,6,6,Sc,10,2000,,,36.7,,,,
146,2022-06-24 16:00,27.5,,3.1,250,71,26,21.7,992.7,999.4,.9,2.17,,,6,6,Sc,10,2000,,,35.5,,,,
146,2022-06-24 17:00,27.3,,3.5,250,72,26.1,21.8,993,999.8,1,1.79,,,3,3,Sc,10,2000,,,32.7,,,,
146,2022-06-24 18:00,27.2,,2.3,250,72,26,21.7,993.7,1000.5,.9,1.17,,,2,2,Sc,10,2000,,,30.9,,,,
146,2022-06-24 19:00,26,,2.8,250,78,26.1,21.8,994.5,1001.3,1,.55,,,3,0,,,2000,,,26.7,,,,
146,2022-06-24 20:00,24.5,,2,250,81,24.9,21,995.1,1001.9,0,.07,,,2,0,,,1933,,,24.3,,,,
146,2022-06-24 21:00,23.9,,1.4,200,85,25.2,21.2,995.4,1002.2,,,,,2,2,Sc,10,1029,,,23.4,,,,
146,2022-06-24 22:00,23.6,,1.5,230,86,25,21.1,996,1002.8,,,,,5,1,,40,1116,,,23,,,,
146,2022-06-24 23:00,23.7,,.9,250,86,25.2,21.2,996.7,1003.5,,,,,,,,,756,,19,23.6,,,,
146,2022-06-25 00:00,23.8,,1.2,230,85,25,21.1,996.5,1003.3,,,,,8,8,Sc,10,602,,19,23.8,,,,
146,2022-06-25 01:00,24,,1.3,200,84,25,21.1,996.5,1003.3,,,,,6,6,,7,562,,19,23.6,,,,
146,2022-06-25 02:00,24,,.9,180,82,24.4,20.7,996.6,1003.4,,,,,7,7,,8,758,,19,23.3,,,,
146,2022-06-25 03:00,23.7,,.8,110,82,24,20.4,996.5,1003.3,,,,,8,8,Sc,10,878,,19,23.2,,,,
146,2022-06-25 04:00,23.4,,1,110,84,24.1,20.5,996.9,1003.7,,,,,4,4,Sc,10,892,,19,23,,,,
146,2022-06-25 05:00,23.2,,1.2,110,84,23.8,20.3,997.1,1004,,,,,1,1,Sc,10,417,,19,22.1,,,,
146,2022-06-25 06:00,23,,1.5,110,85,23.8,20.3,997.1,1004,0,.05,,,2,0,Ci,,675,,19,22.4,,,,
146,2022-06-25 07:00,23.9,,1.8,110,83,24.6,20.8,997.6,1004.4,0,.27,,,7,7,Sc,8,466,,19,24.5,,,,
146,2022-06-25 08:00,25,,1.6,140,81,25.6,21.5,998.5,1005.4,0,.29,,,9,9,Sc,8,716,,19,25.5,,,,
146,2022-06-25 09:00,27.6,,1.8,140,72,26.4,22,998.5,1005.3,.4,1.08,,,1,1,Sc,10,1060,,19,31.9,,,,
146,2022-06-25 10:00,29.2,,1.4,160,69,27.9,22.9,998.1,1004.8,.6,1.76,,,4,4,Sc,10,1501,,,34.9,,,,
146,2022-06-25 11:00,29.5,,2.3,160,66,27.1,22.4,997.9,1004.6,.8,2.23,,,6,6,Sc,10,1501,,,37.2,,,,
146,2022-06-25 12:00,31.2,,2.1,180,61,27.6,22.7,997.7,1004.4,.8,2.73,,,7,7,Sc,10,1977,,,40.5,,,,
146,2022-06-25 13:00,29.9,,1.7,230,65,27.2,22.5,997.7,1004.4,.4,1.68,,,7,7,Sc,10,2000,,,32.9,,,,
146,2022-06-25 14:00,31.1,,2.4,230,57,25.6,21.5,997.2,1003.9,.9,2.9,,,7,4,ScCi,12,2000,,,40.6,,,,
146,2022-06-25 15:00,31.2,,2.5,230,58,26.3,21.9,997.1,1003.8,.7,2.17,,,6,6,Sc,13,2000,,,36.3,,,,
146,2022-06-25 16:00,31.4,,3,250,62,28.4,23.2,997.5,1004.2,1,2.58,,,5,5,CuSc,10,2000,,,39,,,,
146,2022-06-25 17:00,31.6,,2.5,230,62,28.8,23.4,997.6,1004.3,.9,1.88,,,6,6,CuSc,10,2000,,,36.3,,,,
146,2022-06-25 18:00,30.7,,3.1,230,60,26.4,22,998,1004.7,.9,1.13,,,2,2,Cu,10,2000,,,32.6,,,,
146,2022-06-25 19:00,29.5,,2.4,200,63,26,21.7,998.7,1005.4,1,.55,,,2,2,,11,2000,,,28.4,,,,
146,2022-06-25 20:00,28.6,,1.5,180,67,26.1,21.8,999.7,1006.5,.1,.08,,,3,0,,,2000,,,26.4,,,,
146,2022-06-25 21:00,27,,2,140,74,26.3,21.9,1000,1006.8,,,,,3,3,Sc,10,2000,,,25.4,,,,
146,2022-06-25 22:00,26.4,,2.1,140,74,25.3,21.3,1000.9,1007.7,,,,,6,2,,19,2000,,,24.8,,,,
146,2022-06-25 23:00,26.4,,2.2,160,72,24.7,20.9,1000.9,1007.7,,,,,3,0,,,2000,,,24,,,,
146,2022-06-26 00:00,26,,1.5,180,73,24.4,20.7,1001.2,1008.1,,,,,3,3,Sc,10,2000,,,23.8,,,,
146,2022-06-26 01:00,26.1,,1.6,180,72,24.3,20.6,1001.3,1008.1,,,,,8,8,,9,2000,,,24.5,,,,
146,2022-06-26 02:00,25.8,,1.8,160,75,24.9,21,1000.6,1007.5,,,,,6,6,,8,2000,,,24.6,,,,
146,2022-06-26 03:00,25.7,,1.8,160,76,25,21.1,1000.3,1007.2,,,,,6,6,Sc,10,2000,,,24,,,,
146,2022-06-26 04:00,25.5,,1.5,140,77,25,21.1,1000.5,1007.4,,,,,6,6,Sc,10,2000,,,24.2,,,,
146,2022-06-26 05:00,25.5,,1.5,140,78,25.3,21.3,1000.9,1007.8,,,,,7,7,Sc,10,2000,,,23.8,,,,
146,2022-06-26 06:00,25.5,,1.9,160,79,25.6,21.5,1000.8,1007.7,0,.04,,,5,5,Sc,10,2000,,,24.1,,,,
146,2022-06-26 07:00,26.2,,1.6,140,78,26.4,22,1001.4,1008.2,0,.25,,,8,8,Sc,8,2000,,,26.1,,,,
146,2022-06-26 08:00,26.9,,1.8,160,77,27.2,22.5,1002.4,1009.2,0,.36,,,10,8,ScAs,8,2000,,,27.5,,,,
146,2022-06-26 09:00,27.8,,2,160,75,27.9,22.9,1002.8,1009.6,0,.91,,,8,4,ScCs,9,2000,,,30.4,,,,
146,2022-06-26 10:00,27.9,,2.4,160,74,27.7,22.8,1002.8,1009.6,0,1.05,,,9,9,Sc,9,2000,,,31.6,,,,
146,2022-06-26 11:00,27.9,,2,160,73,27.4,22.6,1003.3,1010.1,0,.73,,,10,9,ScAs,8,2000,,,28.4,,,,
146,2022-06-26 12:00,29,0,1.4,180,71,28.4,23.2,1003.4,1010.2,0,.61,,,10,9,ScAs,8,2000,,04,30.5,,,,
146,2022-06-26 13:00,29.4,,2.1,180,70,28.6,23.3,1002.9,1009.7,0,.79,,,8,8,Sc,9,2000,,,31,,,,
146,2022-06-26 14:00,29.4,,3.3,160,68,27.7,22.8,1002.9,1009.7,0,1.05,,,8,8,Sc,10,1940,,,31.1,,,,
146,2022-06-26 15:00,30.2,,2.6,160,66,28.3,23.1,1003,1009.8,.5,1.77,,,6,4,ScCsCc,10,1875,,,37.2,,,,
146,2022-06-26 16:00,31,,2.6,160,64,28.6,23.3,1002.6,1009.3,.7,1.93,,,6,4,ScCi,10,2000,,,38,,,,
146,2022-06-26 17:00,31.3,,2.6,180,60,27.2,22.5,1001.7,1008.4,.9,1.77,,,4,3,ScCi,10,2000,,,36.2,,,,
146,2022-06-26 18:00,30.8,,3.3,160,61,27.1,22.4,1001.5,1008.2,1,1.14,,,4,2,CuCi,13,2000,,,33.2,,,,
146,2022-06-26 19:00,30,,2.2,180,63,26.6,22.1,1002,1008.8,.5,.42,,,5,5,,13,2000,,,28.5,,,,
146,2022-06-26 20:00,29.1,,2,160,69,27.7,22.8,1002.2,1009,0,.07,,,7,7,,12,2000,,,26.9,,,,
146,2022-06-26 21:00,28.8,,1.7,180,67,26.4,22,1003.2,1010,,,,,10,3,ScCi,10,2000,,,26.1,,,,
146,2022-06-26 22:00,28.6,,1.9,180,67,26.1,21.8,1004.5,1011.3,,,,,8,0,,,2000,,,25.5,,,,
146,2022-06-26 23:00,27.8,,2.1,160,70,26.1,21.8,1004.7,1011.5,,,,,8,0,,,2000,,,25.1,,,,
146,2022-06-27 00:00,27,,1.8,140,75,26.6,22.1,1004.3,1011.1,,,,,10,2,ScCi,10,2000,,,24.9,,,,
146,2022-06-27 01:00,26.6,,1.3,160,76,26.4,22,1004.2,1011.1,,,,,6,2,,13,2000,,,24.7,,,,
146,2022-06-27 02:00,26.8,,.9,140,75,26.3,21.9,1003.9,1010.7,,,,,10,9,,10,2000,,,25.3,,,,
146,2022-06-27 03:00,26.6,0,1.4,140,77,26.8,22.2,1003.5,1010.3,,,,,10,6,ScAs,10,2000,,04,25,,,,
146,2022-06-27 04:00,26.7,0,1.7,140,77,26.9,22.3,1003,1009.8,,,,,10,6,ScAs,10,2000,,04,24.9,,,,
146,2022-06-27 05:00,26.7,,1.6,140,78,27.2,22.5,1003.1,1009.9,,,,,10,7,ScAs,10,2000,,,25,,,,
146,2022-06-27 06:00,26.5,0,1.2,140,80,27.6,22.7,1003.4,1010.2,0,.01,,,10,8,ScAs,10,2000,,04,25.4,,,,
146,2022-06-27 07:00,26.6,0,1.5,140,82,28.4,23.2,1003.1,1009.9,0,.14,,,10,8,ScAs,10,2000,,04,26.5,,,,
146,2022-06-27 08:00,27,,2,140,81,28.8,23.4,1002.8,1009.6,0,.41,,,10,8,ScAs,9,2000,,,28.1,,,,
146,2022-06-27 09:00,28.3,,2.1,140,77,29.5,23.8,1002.8,1009.6,.1,.89,,,10,7,ScAs,9,2000,,,32.1,,,,
146,2022-06-27 10:00,29.4,,2.6,160,71,28.9,23.5,1002.5,1009.3,.8,1.98,,,8,6,ScAc,10,2000,,,36.1,,,,
146,2022-06-27 11:00,29,,2,160,74,29.5,23.8,1002.7,1009.5,.2,1.44,,,10,9,CuScAs,8,2000,,,32.7,,,,
146,2022-06-27 12:00,30,0,2.4,160,70,29.7,23.9,1002,1008.8,0,1.32,,,10,9,CuScAs,8,2000,,04,36.4,,,,
146,2022-06-27 13:00,29.4,,3.2,160,70,28.6,23.3,1001.3,1008,.1,1.28,,,10,8,ScAs,10,2000,,,34,,,,
146,2022-06-27 14:00,29.1,0,2,160,73,29.3,23.7,1001,1007.8,0,.88,,,10,8,CuScAs,8,2000,,04,32.5,,,,
146,2022-06-27 15:00,28.9,.2,2.9,180,73,28.9,23.5,1000.3,1007.1,0,1.3,,,10,8,CuScAs,9,2000,,04,33.6,,,,
146,2022-06-27 16:00,29.2,,2,180,72,29.1,23.6,1000.3,1007,0,1.11,,,10,7,ScAs,10,2000,,,32.1,,,,
146,2022-06-27 17:00,29.1,,2.2,160,71,28.4,23.2,999.9,1006.6,0,.52,,,10,6,ScAs,8,2000,,,30.2,,,,
146,2022-06-27 18:00,29,,2.4,160,71,28.4,23.2,999.5,1006.2,0,.44,,,10,6,ScAs,8,2000,,,29.4,,,,
146,2022-06-27 19:00,28.7,,2.6,180,69,27.1,22.4,999.8,1006.6,0,.28,,,10,1,,12,2000,,,27.6,,,,
146,2022-06-27 20:00,28.5,,1.9,180,68,26.4,22,999.9,1006.7,0,.04,,,9,9,,11,2000,,,26.6,,,,
146,2022-06-27 21:00,28.2,,2.1,160,68,26,21.7,999.6,1006.4,,,,,9,4,ScCi,11,1952,,,25.8,,,,
146,2022-06-27 22:00,27.9,,1.8,180,69,25.8,21.6,1000.2,1007,,,,,9,9,,11,2000,,,25.7,,,,
146,2022-06-27 23:00,27.9,,1.9,180,70,26.3,21.9,1000.2,1007,,,,,7,7,,10,2000,,,25.4,,,,
146,2022-06-28 00:00,27.5,,1.5,180,71,26,21.7,1000.5,1007.3,,,,,9,8,ScCi,11,2000,,,25.4,,,,
146,2022-06-28 01:00,27.5,,2.5,160,70,25.6,21.5,999.7,1006.5,,,,,8,8,,11,2000,,,24.9,,,,
146,2022-06-28 02:00,27.8,,3.1,160,69,25.6,21.5,999.4,1006.2,,,,,8,6,,12,2000,,,24.8,,,,
146,2022-06-28 03:00,27.8,,3.1,160,69,25.6,21.5,999.2,1006,,,,,8,8,Sc,12,2000,,,24.9,,,,
146,2022-06-28 04:00,27.7,,2.8,160,69,25.5,21.4,998.9,1005.7,,,,,7,7,Sc,11,2000,,,24.9,,,,
146,2022-06-28 05:00,27.4,,2,160,70,25.5,21.4,998.8,1005.6,,,,,6,6,Sc,13,2000,,,24.6,,,,
146,2022-06-28 06:00,27.4,,2.5,160,71,25.8,21.6,998.8,1005.6,0,.02,,,10,8,ScAs,12,1778,,,25.1,,,,
146,2022-06-28 07:00,27.8,,2.5,160,69,25.6,21.5,998.8,1005.6,0,.18,,,10,8,ScAs,11,1664,,,26.5,,,,
146,2022-06-28 08:00,28.1,,2.9,160,69,26.1,21.8,998.8,1005.6,0,.36,,,10,8,ScAs,8,1415,,,27.7,,,,
146,2022-06-28 09:00,28.2,,2.7,160,69,26.3,21.9,998.8,1005.6,0,.53,,,10,8,ScAs,8,1440,,,28,,,,
146,2022-06-28 10:00,28.6,,3,160,68,26.6,22.1,998.5,1005.3,0,.75,,,9,8,ScAc,8,1400,,,29.6,,,,
146,2022-06-28 11:00,29,,1.9,160,68,27.1,22.4,998.8,1005.5,.2,1.15,,,9,8,ScAc,8,1967,,,31.2,,,,
146,2022-06-28 12:00,30,,2.6,180,65,27.4,22.6,998.7,1005.4,.3,1.51,,,9,8,ScAc,8,1869,,,34.6,,,,
146,2022-06-28 13:00,30.4,,3,180,64,27.7,22.8,997.9,1004.6,.4,1.73,,,8,6,ScAc,10,1544,,,35.5,,,,
146,2022-06-28 14:00,30.1,,2.3,180,65,27.6,22.7,997.7,1004.4,.3,1.32,,,9,7,ScCi,10,1798,,,34.2,,,,
146,2022-06-28 15:00,30.5,,3.2,160,65,28.3,23.1,997.1,1003.8,.4,1.49,,,8,6,ScCi,10,1774,,,37.9,,,,
146,2022-06-28 16:00,30.4,,3.3,160,64,27.7,22.8,997,1003.7,.4,1.54,,,8,6,ScCi,10,2000,,,37.5,,,,
146,2022-06-28 17:00,29.9,,1.9,180,65,27.2,22.5,996.8,1003.5,.1,.81,,,8,4,ScAc,10,2000,,,34,,,,
146,2022-06-28 18:00,29.4,,3.2,160,65,26.6,22.1,997.1,1003.8,0,.7,,,8,6,ScAc,10,2000,,,32.1,,,,
146,2022-06-28 19:00,28.9,,3,160,66,26.3,21.9,997.4,1004.1,.3,.41,,,7,0,,,2000,,,29.1,,,,
146,2022-06-28 20:00,28.5,,3.4,160,66,25.6,21.5,997.1,1003.8,0,.09,,,10,0,,,2000,,,26.9,,,,
146,2022-06-28 21:00,28.5,,2.4,180,67,26,21.7,997.5,1004.2,,,,,7,5,ScAc,10,2000,,,26.4,,,,
146,2022-06-28 22:00,28.2,,2.5,180,67,25.5,21.4,997.9,1004.7,,,,,10,8,,11,2000,,,26.2,,,,
146,2022-06-28 23:00,28,,2.2,180,68,25.6,21.5,998.1,1004.9,,,,,9,8,,10,2000,,,25.9,,,,
146,2022-06-29 00:00,27.9,,2,180,68,25.5,21.4,998.1,1004.9,,,,,9,9,Sc,10,2000,,,25.8,,,,
146,2022-06-29 01:00,27.9,,2.5,160,68,25.5,21.4,998,1004.8,,,,,8,8,,11,2000,,,25.7,,,,
146,2022-06-29 02:00,27.8,,3.6,160,68,25.3,21.3,997.2,1004,,,,,9,1,,12,2000,,,25.2,,,,
146,2022-06-29 03:00,27.8,,2.6,180,68,25.3,21.3,997.2,1004,,,,,9,9,Sc,10,2000,,,25.3,,,,
146,2022-06-29 04:00,27.6,,3,160,70,25.8,21.6,997.4,1004.2,,,,,9,9,Sc,10,2000,,,25.3,,,,
146,2022-06-29 05:00,26.9,0,2.6,180,74,26.1,21.8,997.9,1004.7,,,,,9,9,Sc,10,2000,,01,25.1,,,,
146,2022-06-29 06:00,25.5,.1,1.5,160,84,27.2,22.5,998.1,1004.9,0,0,,,10,8,StNs,8,1176,,01,25,,,,
146,2022-06-29 07:00,25.6,.3,2,160,84,27.4,22.6,998.2,1005,0,.04,,,10,8,ScAs,10,2000,,01,25.4,,,,
146,2022-06-29 08:00,25.9,.2,1.5,180,85,28.3,23.1,999,1005.8,0,.25,,,10,6,StNs,8,1984,,01,26.5,,,,
146,2022-06-29 09:00,27.6,,1.7,180,76,27.9,22.9,999.2,1006,0,.61,,,10,8,ScAs,10,2000,,,30.6,,,,
146,2022-06-29 10:00,27.6,,2,160,75,27.6,22.7,999.4,1006.2,0,.58,,,10,7,ScAs,10,2000,,,29.2,,,,
146,2022-06-29 11:00,29,,1.6,180,73,29.1,23.6,999.6,1006.3,.1,1.37,,,10,4,ScAs,10,2000,,,35.5,,,,
146,2022-06-29 12:00,29.3,,2.5,160,71,28.8,23.4,999.6,1006.3,.3,1.71,,,10,5,ScAs,10,2000,,,36.5,,,,
146,2022-06-29 13:00,29.9,,2.4,160,67,28.1,23,999.6,1006.4,.2,1.85,,,10,6,ScAs,10,2000,,,35.8,,,,
146,2022-06-29 14:00,29.6,0,2.7,200,69,28.6,23.3,999.4,1006.1,0,1.2,,,10,5,StNs,8,2000,,01,34.4,,,,
146,2022-06-29 15:00,29.4,0,2.8,230,70,28.6,23.3,999.4,1006.1,.2,1.39,,,10,7,StNs,8,2000,,01,33.9,,,,
146,2022-06-29 16:00,28.7,0,2.3,160,75,29.5,23.8,999.2,1006,.1,.97,,,9,5,ScAc,10,2000,,01,33.3,,,,
146,2022-06-29 17:00,29.1,0,2,180,72,28.9,23.5,999.1,1005.8,.1,.91,,,10,7,ScAs,10,2000,,01,32.6,,,,
146,2022-06-29 18:00,28.9,,2.4,160,72,28.6,23.3,999,1005.7,.1,.41,,,10,8,ScAs,10,2000,,,29.2,,,,
146,2022-06-29 19:00,28.3,0,2.3,160,74,28.4,23.2,999.7,1006.5,0,.08,,,9,8,ScAs,10,2000,,01,27.9,,,,
146,2022-06-29 20:00,27.9,,2.5,160,75,28.1,23,1000,1006.8,0,.02,,,7,7,,9,2000,,,27,,,,
146,2022-06-29 21:00,27.1,0,1.6,160,80,28.6,23.3,1000.6,1007.4,,,,,10,8,ScAs,9,1837,,01,26.5,,,,
146,2022-06-29 22:00,26.4,0,1.4,180,85,29.1,23.6,1001.7,1008.5,,,,,10,9,ScAs,8,1541,,01,26.2,,,,
146,2022-06-29 23:00,26.1,0,1.5,160,86,28.9,23.5,1001.7,1008.6,,,,,10,9,ScAs,8,1749,,01,26,,,,
146,2022-06-30 00:00,25.7,.1,2.1,180,88,28.9,23.5,1002.4,1009.3,,,,,10,9,StNs,8,1894,,01,25.7,,,,
146,2022-06-30 01:00,26.1,.1,1,180,85,28.6,23.3,1002.6,1009.5,,,,,10,9,ScAs,8,2000,,01,25.7,,,,
146,2022-06-30 02:00,26.1,0,2,180,84,28.3,23.1,1002.7,1009.6,,,,,10,9,StNs,7,1517,,01,25.5,,,,
146,2022-06-30 03:00,24.9,.8,.9,160,93,29.1,23.6,1002.6,1009.5,,,,,10,8,ScAs,8,2000,,01,25.5,,,,
146,2022-06-30 04:00,25.2,0,1.2,160,90,28.8,23.4,1002.5,1009.4,,,,,8,8,Sc,8,2000,,01,25.5,,,,
146,2022-06-30 05:00,25.4,,1,180,87,28.1,23,1002.4,1009.3,,,,,7,5,ScCi,8,2000,,,24.9,,,,
146,2022-06-30 06:00,25.8,,.9,160,86,28.4,23.2,1002.9,1009.8,0,.02,,,10,8,ScAs,8,2000,,,25.6,,,,
146,2022-06-30 07:00,25.6,,1.1,140,88,28.8,23.4,1003.1,1010,0,.06,,,10,8,ScAs,8,2000,,,25.9,,,,
146,2022-06-30 08:00,26.8,,1.3,180,81,28.4,23.2,1003.5,1010.3,0,.32,,,10,7,ScAs,8,2000,,,27.5,,,,
146,2022-06-30 09:00,27.7,,1.7,180,78,28.9,23.5,1003.8,1010.6,0,.5,,,9,9,Sc,8,2000,,,29.3,,,,
146,2022-06-30 10:00,27.8,,1.4,160,76,28.3,23.1,1003.9,1010.7,0,.51,,,10,8,ScAs,8,2000,,,29.5,,,,
146,2022-06-30 11:00,28.7,,1.2,180,73,28.6,23.3,1004.1,1010.9,0,.88,,,8,8,Sc,8,2000,,,33.3,,,,
146,2022-06-30 12:00,29.8,,1.8,160,69,28.8,23.4,1004.1,1010.9,.3,1.7,,,9,9,Sc,10,2000,,,34.6,,,,
146,2022-06-30 13:00,30,,1.7,200,67,28.3,23.1,1004,1010.8,0,1.05,,,10,8,ScAs,10,2000,,,33.2,,,,
146,2022-06-30 14:00,29.2,.4,2.4,230,75,30.4,24.3,1004,1010.8,.2,1.08,,,9,9,Sc,10,2000,,01,34.7,,,,
146,2022-06-30 15:00,30.5,,3.2,200,65,28.3,23.1,1003.9,1010.7,.2,1.69,,,9,9,Sc,10,2000,,,35.4,,,,
146,2022-06-30 16:00,29.9,,2.2,200,67,28.1,23,1003.9,1010.7,.1,1.29,,,10,7,ScAs,10,2000,,,34,,,,
146,2022-06-30 17:00,30.2,,2.2,200,62,26.6,22.1,1003.9,1010.7,.1,1.21,,,10,7,ScAs,10,2000,,,33.6,,,,
146,2022-06-30 18:00,29.8,,2.5,230,62,26,21.7,1004,1010.8,.1,.81,,,9,9,Sc,10,2000,,,30.8,,,,
146,2022-06-30 19:00,29.4,,1.5,230,66,26.9,22.3,1004.4,1011.2,0,.34,,,9,1,,25,2000,,,28.6,,,,
146,2022-06-30 20:00,28.2,,1.3,160,71,27.1,22.4,1004.8,1011.6,0,.07,,,6,4,,26,2000,,,26.5,,,,
146,2022-06-30 21:00,28,,1,180,70,26.4,22,1005.8,1012.6,,,,,3,3,Sc,10,2000,,,25.5,,,,
146,2022-06-30 22:00,27,,1.2,140,76,26.9,22.3,1006.5,1013.4,,,,,1,1,,10,2000,,,25.1,,,,
146,2022-06-30 23:00,26.2,,1.4,140,79,26.8,22.2,1006.7,1013.6,,,,,4,0,,,2000,,,24.5,,,,
146,2022-07-01 00:00,25.8,,1.3,140,79,26.1,21.8,1006.6,1013.5,,,,,2,2,Sc,10,2000,,,24,,,,
146,2022-07-01 01:00,25.6,,1.4,110,80,26.1,21.8,1006.6,1013.5,,,,,0,0,,,2000,,,23.7,,,,
146,2022-07-01 02:00,25.7,,1.1,110,80,26.3,21.9,1006.8,1013.7,,,,,5,0,,,2000,,,23.5,,,,
146,2022-07-01 03:00,25.1,,1.2,110,83,26.4,22,1007.1,1014,,,,,3,3,Sc,10,2000,,,23.3,,,,
146,2022-07-01 04:00,24.6,,1.4,110,85,26.3,21.9,1007.2,1014.1,,,,,2,2,Sc,10,2000,,,23.1,,,,
146,2022-07-01 05:00,24.4,,2,140,85,26,21.7,1007.4,1014.3,,,,,2,0,Ci,,2000,,,22.9,,,,
146,2022-07-01 06:00,25.1,,1.3,140,82,26.1,21.8,1007.4,1014.3,.3,.08,,,4,0,Ci,,2000,,,23.5,,,,
146,2022-07-01 07:00,27,,1.2,140,75,26.6,22.1,1007.6,1014.5,1,.61,,,3,0,Ci,,2000,,,25.6,,,,
146,2022-07-01 08:00,27.9,,2.6,140,71,26.6,22.1,1007.6,1014.4,1,1.27,,,4,0,Ci,,2000,,,31.3,,,,
146,2022-07-01 09:00,28.9,,1.8,140,69,27.4,22.6,1007.8,1014.6,1,1.75,,,3,2,ScCi,10,2000,,,35.5,,,,
146,2022-07-01 10:00,29.7,,2.4,140,64,26.6,22.1,1007.7,1014.5,1,2.23,,,3,3,Sc,10,2000,,,38.1,,,,
146,2022-07-01 11:00,31,,2.2,180,59,26.4,22,1007.9,1014.7,1,2.88,,,2,2,Sc,10,2000,,,44,,,,
146,2022-07-01 12:00,32.5,,1.5,180,56,27.2,22.5,1008,1014.7,1,3.5,,,4,4,Sc,10,2000,,,51.8,,,,
146,2022-07-01 13:00,31.7,,1.1,250,55,25.6,21.5,1007.7,1014.5,.8,3.09,,,7,7,Sc,10,2000,,,47.5,,,,
146,2022-07-01 14:00,29.8,0,2.1,250,66,27.6,22.7,1007.4,1014.2,.1,.73,,,8,8,Sc,10,1886,,04,37.4,,,,
146,2022-07-01 15:00,30.9,0,1.9,250,60,26.8,22.2,1006.8,1013.6,.6,1.99,,,9,9,Sc,10,2000,,04,37.9,,,,
146,2022-07-01 16:00,28.7,.6,1.8,320,78,30.6,24.4,1006.7,1013.5,.2,.87,,,6,6,Sc,10,2000,,04,39.7,,,,
146,2022-07-01 17:00,30.3,,1.2,360,72,30.9,24.6,1006.6,1013.4,.7,1.63,,,5,5,Sc,10,2000,,,36.7,,,,
146,2022-07-01 18:00,31.4,,1.2,250,64,29.3,23.7,1006.2,1013,.6,.84,,,3,3,Sc,10,2000,,,35.4,,,,
146,2022-07-01 19:00,30.4,,1.4,270,68,29.5,23.8,1006.2,1013,1,.65,,,3,0,,,2000,,,31.7,,,,
146,2022-07-01 20:00,28.4,,2,290,77,29.7,23.9,1006.5,1013.3,.3,.12,,,3,3,,9,2000,,,28.6,,,,
146,2022-07-01 21:00,27,,1.4,320,81,28.8,23.4,1007.1,1014,,,,,5,5,Sc,10,2000,,,27.2,,,,
146,2022-07-01 22:00,26.8,,1.6,250,82,28.8,23.4,1007.5,1014.4,,,,,0,0,,,2000,,,26.8,,,,
146,2022-07-01 23:00,26.2,,1.1,270,84,28.4,23.2,1007.6,1014.5,,,,,0,0,,,2000,,,26.3,,,,
146,2022-07-02 00:00,25.5,,0,0,87,28.3,23.1,1008,1014.9,,,,,3,3,Sc,10,2000,,,25.3,,,,
146,2022-07-02 01:00,24.8,,.6,340,89,27.7,22.8,1007.6,1014.5,,,,,0,0,,,2000,,,24.7,,,,
146,2022-07-02 02:00,24.9,,.1,0,90,28.3,23.1,1007.5,1014.4,,,,,0,0,,,2000,,,24.2,,,,
146,2022-07-02 03:00,24.6,,1,110,90,27.7,22.8,1007.5,1014.4,,,,,0,0,,,2000,,,23.9,,,,
146,2022-07-02 04:00,24,,1.1,140,91,27.1,22.4,1007.1,1014,,,,,3,0,Ci,,2000,,,23.5,,,,
146,2022-07-02 05:00,23.7,,.6,110,92,26.9,22.3,1007.1,1014,,,,,4,0,Ci,,1291,,,23.1,,,,
146,2022-07-02 06:00,24,,0,0,91,27.1,22.4,1007.2,1014.1,.3,.08,,,6,0,Ci,,1990,,,23.7,,,,
146,2022-07-02 07:00,25.7,,.2,0,81,26.6,22.1,1007.2,1014.1,1,.6,,,7,0,Ci,,2000,,,25.7,,,,
146,2022-07-02 08:00,27.1,,.3,0,77,27.6,22.7,1007.1,1014,1,1.14,,,3,0,Ci,,2000,,,31.3,,,,
146,2022-07-02 09:00,28.5,,1,90,69,26.8,22.2,1006.6,1013.4,1,1.88,,,1,0,Ci,,2000,,,36.7,,,,
146,2022-07-02 10:00,30.1,,1.6,290,68,28.9,23.5,1006.8,1013.6,1,2.52,,,1,0,Ci,,2000,,,41.5,,,,
146,2022-07-02 11:00,31.6,,1.2,290,54,25,21.1,1006.6,1013.4,1,2.92,,,7,0,Ci,,2000,,,48.2,,,,
146,2022-07-02 12:00,31.9,,1.9,340,61,28.8,23.4,1006.4,1013.2,1,3.29,,,6,0,Ci,,2000,,,53.6,,,,
146,2022-07-02 13:00,32,,2.7,340,56,26.6,22.1,1005.6,1012.3,.8,2.65,,,6,1,ScCi,10,2000,,,49.1,,,,
146,2022-07-02 14:00,33.2,,1.9,340,49,24.9,21,1005.1,1011.8,.6,2.34,,,3,3,Sc,10,2000,,,53.6,,,,
146,2022-07-02 15:00,32.5,,1.8,340,51,24.9,21,1004.4,1011.1,1,2.68,,,2,2,Sc,10,2000,,,47.6,,,,
146,2022-07-02 16:00,32.9,,1.7,320,49,24.4,20.7,1003.7,1010.4,1,2.38,,,1,1,Sc,10,2000,,,50.5,,,,
146,2022-07-02 17:00,32.2,,2.1,290,58,27.7,22.8,1003.3,1010,1,1.73,,,2,2,Sc,10,2000,,,45.9,,,,
146,2022-07-02 18:00,31.8,,1.7,290,60,28.1,23,1003.2,1009.9,1,1.25,,,1,1,Sc,10,2000,,,40.1,,,,
146,2022-07-02 19:00,30.6,,1.8,250,62,27.1,22.4,1003.4,1010.2,1,.56,,,3,0,,,2000,,,34.1,,,,
146,2022-07-02 20:00,29.1,,1.9,230,62,24.9,21,1003.4,1010.2,.2,.08,,,4,0,,,2000,,,30.2,,,,
146,2022-07-02 21:00,27.9,,2.6,250,68,25.5,21.4,1003.8,1010.6,,,,,5,5,Sc,12,2000,,,28.7,,,,
146,2022-07-02 22:00,27,,1.2,200,74,26.3,21.9,1004,1010.8,,,,,7,6,,57,2000,,,27.8,,,,
146,2022-07-02 23:00,27.4,,.7,200,68,24.7,20.9,1004.1,1010.9,,,,,8,8,,54,1998,,,27.6,,,,
146,2022-07-03 00:00,26.8,,.5,270,72,25.3,21.3,1004.3,1011.1,,,,,8,4,ScAc,,2000,,,27,,,,
146,2022-07-03 01:00,26.6,,.7,320,76,26.4,22,1004.2,1011.1,,,,,10,6,,49,2000,,,26.8,,,,
146,2022-07-03 02:00,26.3,0,.4,0,79,26.9,22.3,1004.1,1011,,,,,8,6,ScAs,10,1882,,04,26.3,,,,
146,2022-07-03 03:00,26,,.3,0,77,25.8,21.6,1004.2,1011.1,,,,,8,4,ScAc,12,2000,,,25.7,,,,
146,2022-07-03 04:00,25.2,,.4,0,80,25.5,21.4,1003.8,1010.7,,,,,8,4,ScAc,12,1974,,,25.2,,,,
146,2022-07-03 05:00,24.8,,.5,110,87,27.1,22.4,1003.4,1010.2,,,,,6,3,ScAc,12,1907,,,24.5,,,,
146,2022-07-03 06:00,25.1,,.1,0,85,26.9,22.3,1003.5,1010.4,.2,.05,,,3,2,ScAc,12,1999,,,24.7,,,,
146,2022-07-03 07:00,26.7,,.6,90,78,27.2,22.5,1003.2,1010,1,.51,,,2,0,Ci,,1891,,,26.6,,,,
146,2022-07-03 08:00,29.1,,.4,0,66,26.4,22,1003.2,1010,1,1.23,,,7,0,Ci,,2000,,,33.2,,,,
146,2022-07-03 09:00,30.4,,.3,0,62,26.8,22.2,1002.9,1009.7,1,1.79,,,8,0,Ci,,2000,,,39.6,,,,
146,2022-07-03 10:00,30.2,,.9,320,60,25.6,21.5,1002.6,1009.4,1,2.27,,,8,1,ScCi,10,2000,,,43.2,,,,
146,2022-07-03 11:00,31.8,,.8,250,52,24.4,20.7,1002.3,1009,1,2.69,,,8,2,ScCi,10,2000,,,48.4,,,,
146,2022-07-03 12:00,32.9,,1.3,200,52,26,21.7,1001.6,1008.3,.9,2.76,,,6,2,ScCi,10,2000,,,52.9,,,,
146,2022-07-03 13:00,32.2,,1.8,250,54,26,21.7,1001.4,1008.1,.8,2.75,,,8,7,ScCi,10,2000,,,47.8,,,,
146,2022-07-03 14:00,32.3,,1.2,320,61,29.5,23.8,1000.9,1007.6,.3,1.7,,,8,7,ScCi,10,2000,,,45.8,,,,
146,2022-07-03 15:00,31.3,,2,20,62,28.3,23.1,1000.5,1007.2,.1,1.27,,,8,8,Sc,10,2000,,,42.4,,,,
146,2022-07-03 16:00,26.5,11.6,2.6,320,86,29.7,23.9,1000.4,1007.2,0,.5,,,8,8,CuSc,8,437,,04,31.2,,,,
146,2022-07-03 17:00,28.7,.3,1.8,340,79,30.9,24.6,1000,1006.8,.7,1.66,,,6,6,Cu,8,1809,,04,35.8,,,,
146,2022-07-03 18:00,27,0,2.2,320,79,28.1,23,1000.1,1006.9,0,.49,,,6,4,CuAc,8,2000,,04,31.7,,,,
146,2022-07-03 19:00,27.5,,1.5,50,80,29.3,23.7,1000.4,1007.2,.3,.52,,,8,2,,13,2000,,,31,,,,
146,2022-07-03 20:00,28.2,0,1.2,230,75,28.6,23.3,1000.8,1007.6,0,.04,,,10,8,StNs,10,1230,,04,28.4,,,,
146,2022-07-03 21:00,26.2,1.2,1.5,250,86,29.1,23.6,1000.8,1007.6,,,,,9,9,Sc,10,1897,,04,27.6,,,,
146,2022-07-03 22:00,26.4,,.8,140,82,28.1,23,1000.8,1007.6,,,,,3,2,,49,2000,,,26.7,,,,
146,2022-07-03 23:00,25.8,,.5,110,85,28.1,23,1000.7,1007.6,,,,,5,5,,13,2000,,,26.4,,,,
146,2022-07-04 00:00,25.6,,1.2,110,86,28.1,23,1000.6,1007.5,,,,,1,1,Sc,,1848,,,25.7,,,,
146,2022-07-04 01:00,25.1,,1.1,140,86,27.2,22.5,1000.8,1007.7,,,,,5,0,,,2000,,,25.3,,,,
146,2022-07-04 02:00,24.8,,1.1,110,86,26.8,22.2,1000.5,1007.3,,,,,5,5,,21,2000,,,25.1,,,,
146,2022-07-04 03:00,24.9,,.3,0,86,26.9,22.3,1000.2,1007.1,,,,,9,9,Sc,10,2000,,,25.6,,,,
146,2022-07-04 04:00,25.2,,.7,70,85,27.1,22.4,999.6,1006.5,,,,,9,9,Sc,10,2000,,,25.7,,,,
146,2022-07-04 05:00,24.7,,.5,70,86,26.6,22.1,999.3,1006.1,,,,,9,9,Sc,10,2000,,,25.5,,,,
146,2022-07-04 06:00,24.7,,.8,50,86,26.6,22.1,999.3,1006.1,0,.04,,,8,8,Sc,10,2000,,,25.7,,,,
146,2022-07-04 07:00,25.6,,.1,0,86,28.1,23,999.4,1006.3,0,.26,,,8,8,Sc,10,2000,,,27.7,,,,
146,2022-07-04 08:00,27.4,,1.1,160,76,27.6,22.7,999.3,1006.1,.6,.95,,,8,1,ScCi,10,2000,,,30.9,,,,
146,2022-07-04 09:00,28.7,,1.3,160,70,27.4,22.6,999.1,1005.9,1,1.47,,,4,0,Ci,,1781,,,34.4,,,,
146,2022-07-04 10:00,29.6,,1,140,67,27.7,22.8,999,1005.7,.9,2.21,,,7,7,CuSc,8,2000,,,35.4,,,,
146,2022-07-04 11:00,30.3,,1,110,62,26.6,22.1,998.8,1005.5,.7,2.3,,,8,8,CuSc,8,2000,,,35.3,,,,
146,2022-07-04 12:00,30,,1.8,340,70,29.7,23.9,998.5,1005.2,.1,1.11,,,8,8,CuSc,8,2000,,,35.1,,,,
146,2022-07-04 13:00,29.9,,1.3,290,66,27.7,22.8,998.3,1005,.1,1.12,,,9,9,CuSc,8,2000,,,33.6,,,,
146,2022-07-04 14:00,30.1,,2.6,270,67,28.4,23.2,997.9,1004.6,.1,1.33,,,8,8,Cu,8,2000,,,36.4,,,,
146,2022-07-04 15:00,30.5,,1.3,290,65,28.3,23.1,997.6,1004.3,.2,1.71,,,8,8,CuSc,8,2000,,,36.1,,,,
146,2022-07-04 16:00,29.3,0,2.1,340,72,29.3,23.7,997.3,1004,0,.95,,,9,9,CuSc,8,1670,,04,32.6,,,,
146,2022-07-04 17:00,26,26.6,2.4,250,94,31.7,25,997.3,1004.1,0,.16,,,8,8,CuSc,5,320,,04,28.2,,,,
146,2022-07-04 18:00,27.6,.1,1.3,250,85,31.3,24.8,997.1,1003.9,0,.49,,,8,7,CuCi,8,1266,,04,30.4,,,,
146,2022-07-04 19:00,27.1,,1.8,230,83,29.7,23.9,997.4,1004.2,0,.26,,,8,6,,22,1548,,,28.6,,,,
146,2022-07-04 20:00,26.8,,1.9,230,83,29.1,23.6,997.7,1004.5,0,.12,,,9,1,,35,2000,,,27.2,,,,
146,2022-07-04 21:00,26.5,,.9,230,82,28.3,23.1,998,1004.8,,,,,5,0,Ci,,2000,,,26.4,,,,
146,2022-07-04 22:00,26.3,,.7,200,83,28.3,23.1,998.5,1005.3,,,,,6,2,,22,2000,,,26.2,,,,
146,2022-07-04 23:00,26.1,,.9,200,84,28.3,23.1,998.3,1005.1,,,,,8,0,,,2000,,,25.8,,,,
146,2022-07-05 00:00,25.9,,.4,0,86,28.6,23.3,998.4,1005.2,,,,,9,0,Ci,,2000,,,25.8,,,,
146,2022-07-05 01:00,25,,.9,340,93,29.3,23.7,998.3,1005.2,,,,,7,1,,13,1244,,,25.6,,,,
146,2022-07-05 02:00,24.8,,1.2,20,94,29.3,23.7,997.9,1004.7,,,,,10,6,,73,909,,19,25.6,,,,
146,2022-07-05 03:00,25.3,,.6,90,92,29.5,23.8,997.9,1004.7,,,,,9,0,Ci,,1342,,19,25.5,,,,
146,2022-07-05 04:00,24.7,,.9,340,94,29.1,23.6,997.9,1004.7,,,,,9,0,Ci,,820,,19,25.4,,,,
146,2022-07-05 05:00,25.1,,.1,0,91,28.9,23.5,998.1,1005,,,,,7,2,StCi,5,977,,19,25.4,,,,
146,2022-07-05 06:00,25,,.5,320,92,29.1,23.6,998.4,1005.3,0,.02,,,10,6,ScAs,5,740,,19,26.1,,,,
146,2022-07-05 07:00,25.8,,.4,0,89,29.5,23.8,998.4,1005.2,0,.23,,,9,1,ScCi,8,962,,19,27.1,,,,
146,2022-07-05 08:00,26.3,,0,0,88,30,24.1,998.5,1005.3,0,.54,,,10,4,ScCi,10,1085,,19,28.3,,,,
146,2022-07-05 09:00,27.3,,1.2,230,82,29.7,23.9,998.9,1005.7,0,.85,,,9,4,ScCi,10,1426,,,30.7,,,,
146,2022-07-05 10:00,28.2,,.6,270,78,29.7,23.9,998.7,1005.5,.1,1.36,,,9,3,ScCi,10,1207,,,33.1,,,,
146,2022-07-05 11:00,29,,.6,230,73,29.1,23.6,998.6,1005.3,.2,1.7,,,8,4,ScCi,10,998,,19,34.3,,,,
146,2022-07-05 12:00,28.1,0,2,340,83,31.5,24.9,998.5,1005.3,0,.84,,,9,5,CuScCi,8,574,,1904,32,,,,
146,2022-07-05 13:00,29.6,0,1.5,290,76,31.5,24.9,998.2,1004.9,0,1.59,,,10,5,ScCi,10,699,,1904,35.2,,,,
146,2022-07-05 14:00,29.3,,1.5,270,76,30.9,24.6,997.9,1004.6,0,1.1,,,10,6,ScCi,8,690,,19,33.2,,,,
146,2022-07-05 15:00,28.3,0,2,340,83,31.9,25.1,997.8,1004.6,0,.53,,,10,8,CuScCi,8,460,,1904,32,,,,
146,2022-07-05 16:00,28.3,.1,1.2,320,80,30.7,24.5,998.1,1004.9,0,.9,,,10,8,CuScCi,8,855,,1904,33.1,,,,
146,2022-07-05 17:00,28.9,0,1.5,270,75,29.8,24,997.9,1004.6,0,1.02,,,9,6,ScCi,10,1290,,1904,33.8,,,,
146,2022-07-05 18:00,29.6,,.4,0,73,30.2,24.2,997.5,1004.2,.6,1.06,,,8,1,ScCi,10,1097,,,33.3,,,,
146,2022-07-05 19:00,29,,1.5,270,73,29.1,23.6,998.3,1005,.3,.54,,,8,2,,7,1575,,,30.4,,,,
146,2022-07-05 20:00,27.9,,1.4,270,75,28.1,23,998.8,1005.6,0,.11,,,4,4,,26,1895,,,27.9,,,,
146,2022-07-05 21:00,27.4,,.9,270,76,27.6,22.7,999.4,1006.2,,,,,5,0,Ci,,1861,,,26.9,,,,
146,2022-07-05 22:00,26.7,,.8,250,81,28.3,23.1,1000.2,1007,,,,,4,4,,7,1715,,,26.5,,,,
146,2022-07-05 23:00,27,,.4,0,79,28.1,23,1000.5,1007.3,,,,,5,5,,7,1984,,,26.9,,,,
146,2022-07-06 00:00,26.2,,.8,70,85,28.8,23.4,1000.4,1007.2,,,,,8,5,ScCi,,1232,,,26.2,,,,
146,2022-07-06 01:00,26.1,,.3,0,88,29.7,23.9,999.8,1006.6,,,,,5,1,,18,915,,,25.9,,,,
146,2022-07-06 02:00,26.2,,.9,140,86,29.1,23.6,999.8,1006.6,,,,,8,2,,47,1235,,,25.7,,,,
146,2022-07-06 03:00,26.4,,.8,180,85,29.1,23.6,1000,1006.8,,,,,8,4,ScCi,10,1694,,,25.8,,,,
146,2022-07-06 04:00,26.4,,.7,160,84,28.8,23.4,1000.2,1007,,,,,9,4,ScCi,10,1737,,,25.9,,,,
146,2022-07-06 05:00,26.2,,.8,140,85,28.8,23.4,1000.6,1007.4,,,,,7,3,ScCi,10,1694,,,25.6,,,,
146,2022-07-06 06:00,26.3,,1.8,140,85,28.9,23.5,1000.4,1007.2,0,.04,,,6,3,ScCi,10,1777,,,25.7,,,,
146,2022-07-06 07:00,27.2,,1.6,140,81,29.1,23.6,1000.8,1007.6,.6,.42,,,9,0,Ci,,2000,,,27.2,,,,
146,2022-07-06 08:00,28.5,,1,160,76,29.5,23.8,1001.3,1008.1,.1,.73,,,9,0,Cc,,2000,,,30.1,,,,
146,2022-07-06 09:00,29.2,,1.6,140,73,29.5,23.8,1001.2,1007.9,0,1.07,,,8,7,AcCi,50,2000,,,31.5,,,,
146,2022-07-06 10:00,29.7,,2.3,140,69,28.6,23.3,1001,1007.7,.1,1.45,,,8,5,AcCcCi,50,2000,,,33.8,,,,
146,2022-07-06 11:00,31.3,,1.4,160,68,30.9,24.6,1001.2,1007.9,.3,1.84,,,9,3,ScCcCi,9,2000,,,36.6,,,,
146,2022-07-06 12:00,31.5,,2.1,160,63,28.9,23.5,1001.1,1007.8,.7,2.69,,,8,5,ScCsCi,11,2000,,,39.7,,,,
146,2022-07-06 13:00,31.5,,2.2,160,63,28.9,23.5,1000.5,1007.2,.6,2.25,,,7,4,ScCc,11,2000,,,37.8,,,,
146,2022-07-06 14:00,33.2,,1.3,140,62,31.5,24.9,999.7,1006.4,.8,2.65,,,7,3,ScCsCcCi,13,2000,,,41,,,,
146,2022-07-06 15:00,33.5,,2.5,140,59,30.4,24.3,999.1,1005.8,.9,2.43,,,5,4,ScCcCi,14,2000,,,41.5,,,,
146,2022-07-06 16:00,33.3,,2.2,160,57,29.1,23.6,998.8,1005.5,.7,1.86,,,7,4,ScCcCi,14,2000,,,38.6,,,,
146,2022-07-06 17:00,34.2,,2.8,160,55,29.5,23.8,998.6,1005.2,.8,1.65,,,5,3,ScCcCi,15,2000,,,39.9,,,,
146,2022-07-06 18:00,33.3,,2.5,160,54,27.6,22.7,998.9,1005.6,1,1.27,,,6,2,ScCcCi,15,2000,,,35.9,,,,
146,2022-07-06 19:00,31.9,,2.1,160,58,27.4,22.6,999.3,1006,.9,.63,,,7,0,,,2000,,,31.5,,,,
146,2022-07-06 20:00,31,,1.9,160,63,28.3,23.1,1000.2,1006.9,.1,.05,,,5,0,,,2000,,,29.2,,,,
146,2022-07-06 21:00,29.8,,2.9,140,66,27.6,22.7,1000.9,1007.6,,,,,3,0,Ci,,2000,,,28,,,,
146,2022-07-06 22:00,29.3,,3.2,140,66,26.8,22.2,1001.1,1007.8,,,,,7,0,,,2000,,,27.1,,,,
146,2022-07-06 23:00,28.9,,4,140,69,27.4,22.6,1000.9,1007.7,,,,,6,1,,,2000,,,26.6,,,,
146,2022-07-07 00:00,28.6,,3.1,140,71,27.7,22.8,1000.8,1007.6,,,,,7,0,Ci,,2000,,,26.4,,,,
146,2022-07-07 01:00,28.4,,3,140,72,27.7,22.8,1000.8,1007.6,,,,,9,0,,,2000,,,26.3,,,,
146,2022-07-07 02:00,27.9,,1.9,140,74,27.7,22.8,1001.2,1008,,,,,6,0,,,2000,,,26,,,,
146,2022-07-07 03:00,27.8,,2.8,140,74,27.6,22.7,1001,1007.8,,,,,3,0,Ci,,2000,,,25.7,,,,
146,2022-07-07 04:00,27.4,,2,140,75,27.2,22.5,1000.7,1007.5,,,,,0,0,,,2000,,,25.5,,,,
146,2022-07-07 05:00,27.6,,3.1,140,75,27.6,22.7,1000.5,1007.3,,,,,4,0,CcCi,,2000,,,25.4,,,,
146,2022-07-07 06:00,27.7,,3.3,140,75,27.7,22.8,1000.7,1007.5,0,.02,,,5,2,AcCcCi,30,2000,,,25.5,,,,
146,2022-07-07 07:00,28,,2.9,140,75,28.3,23.1,1000.7,1007.5,.2,.15,,,6,2,AcCcCi,30,1925,,,26.4,,,,
146,2022-07-07 08:00,29.8,,1.7,140,69,28.8,23.4,1000.9,1007.6,.7,.91,,,3,0,CcCi,,1956,,,29.5,,,,
146,2022-07-07 09:00,30.6,,3.9,160,66,28.9,23.5,1000.3,1007,1,1.71,,,7,1,ScCcCi,10,1807,,,34.4,,,,
146,2022-07-07 10:00,31.4,,2.6,180,63,28.9,23.5,1000.1,1006.8,1,2.38,,,7,2,ScCcCi,11,1855,,,37.5,,,,
146,2022-07-07 11:00,32.6,,3.5,180,57,27.9,22.9,999.4,1006.1,1,2.76,,,7,4,ScCcCi,13,2000,,,41.2,,,,
146,2022-07-07 12:00,32.4,,2.4,200,58,28.1,23,999.2,1005.9,.7,2.32,,,8,7,ScCs,14,2000,,,38.2,,,,
146,2022-07-07 13:00,33.2,,3.1,160,56,28.4,23.2,998.9,1005.6,.5,1.97,,,8,5,ScCs,14,2000,,,41.7,,,,
146,2022-07-07 14:00,33.8,,2.9,180,54,28.3,23.1,998.7,1005.4,.9,3.15,,,9,4,ScCs,14,2000,,,46.9,,,,
146,2022-07-07 15:00,33.5,,3.9,180,56,28.9,23.5,998.5,1005.2,.9,2.83,,,7,5,ScCs,15,2000,,,48.5,,,,
146,2022-07-07 16:00,32,,3.1,180,61,28.9,23.5,998.2,1004.9,.3,1.51,,,8,3,ScCs,13,2000,,,41.4,,,,
146,2022-07-07 17:00,30.9,,3.2,140,66,29.3,23.7,997.8,1004.5,0,.88,,,8,4,ScCs,11,2000,,,37.3,,,,
146,2022-07-07 18:00,30.8,,2.2,180,66,29.3,23.7,998.1,1004.8,0,.38,,,10,6,ScAs,15,2000,,,34.1,,,,
146,2022-07-07 19:00,30.4,,1.4,180,68,29.5,23.8,998.2,1004.9,0,.12,,,8,8,,10,2000,,,31.9,,,,
146,2022-07-07 20:00,29.3,0,2.9,180,73,29.7,23.9,998.2,1004.9,0,.01,,,10,8,StNs,8,1784,,01,29.9,,,,
146,2022-07-07 21:00,28.6,0,1.8,180,77,30,24.1,998.4,1005.1,,,,,7,5,ScAc,12,2000,,01,28.6,,,,
146,2022-07-07 22:00,28.4,,1.8,180,79,30.4,24.3,998.7,1005.5,,,,,6,6,,8,2000,,,28.5,,,,
146,2022-07-07 23:00,28.4,,1.8,180,79,30.4,24.3,998.5,1005.3,,,,,7,7,,7,2000,,,28.3,,,,
146,2022-07-08 00:00,28.2,,1.9,230,80,30.6,24.4,998.5,1005.3,,,,,10,7,ScAs,8,2000,,,28.1,,,,
146,2022-07-08 01:00,27.4,.1,2.1,230,87,31.7,25,998.3,1005.1,,,,,10,6,StNs,6,2000,,01,27.8,,,,
146,2022-07-08 02:00,27.3,0,2.1,250,85,30.7,24.5,997.9,1004.7,,,,,10,7,ScAs,8,2000,,01,27.5,,,,
146,2022-07-08 03:00,27.5,,1.7,230,83,30.4,24.3,997.5,1004.3,,,,,10,5,ScAs,8,2000,,,27.4,,,,
146,2022-07-08 04:00,27.2,,1.3,250,86,30.9,24.6,997.4,1004.2,,,,,10,6,ScAs,8,2000,,,27.4,,,,
146,2022-07-08 05:00,26.8,,2.4,230,88,30.9,24.6,997.4,1004.2,,,,,10,4,ScAs,8,1974,,,26.9,,,,
146,2022-07-08 06:00,26.8,0,2.3,230,87,30.6,24.4,997.6,1004.4,0,0,,,10,5,StNs,6,1361,,01,26.9,,,,
146,2022-07-08 07:00,26.2,0,2.1,270,90,30.6,24.4,997.6,1004.4,0,.1,,,10,5,StNs,5,858,,1901,27.1,,,,
146,2022-07-08 08:00,25.6,2.6,2.1,270,94,30.7,24.5,998,1004.8,0,.08,,,10,7,StNs,5,369,,1901,26.8,,,,
146,2022-07-08 09:00,26,2,1.2,250,93,31.1,24.7,998,1004.8,0,.21,,,10,6,StNs,5,546,,1901,28.1,,,,
146,2022-07-08 10:00,27.6,,2,250,84,30.9,24.6,997.7,1004.5,0,.91,,,10,6,ScAs,8,1120,,19,31.8,,,,
146,2022-07-08 11:00,27.2,.3,1.2,290,90,32.4,25.4,997.5,1004.3,.1,1.2,,,8,6,ScCc,8,597,,1901,34.2,,,,
146,2022-07-08 12:00,27,,2.5,270,85,30.2,24.2,997.1,1003.9,0,1.03,,,10,6,ScAs,8,717,,19,30.8,,,,
146,2022-07-08 13:00,28,,2.4,250,79,29.8,24,996.7,1003.5,.1,1.2,,,10,3,ScAs,8,1313,,19,33.6,,,,
146,2022-07-08 14:00,29.7,,2.6,230,73,30.4,24.3,996.1,1002.8,.3,2.09,,,8,6,ScCc,12,1766,,,39.1,,,,
146,2022-07-08 15:00,29.5,,3.1,250,69,28.4,23.2,995.6,1002.3,.7,2.38,,,8,6,ScCc,8,2000,,,35.9,,,,
146,2022-07-08 16:00,29.6,,2.5,270,66,27.2,22.5,995.3,1002,.8,2.09,,,8,6,ScCsCc,10,2000,,,36.8,,,,
146,2022-07-08 17:00,29.9,,2.3,270,64,26.9,22.3,995,1001.7,.7,1.58,,,7,3,ScCc,10,2000,,,35.1,,,,
146,2022-07-08 18:00,28.5,,2.2,290,67,26,21.7,994.8,1001.5,1,1.2,,,4,2,ScCi,10,2000,,,31.4,,,,
146,2022-07-08 19:00,28.1,,2.4,270,69,26.1,21.8,995.3,1002,.9,.58,,,7,0,,,2000,,,28.6,,,,
146,2022-07-08 20:00,26.4,,1.9,270,79,27.1,22.4,995.7,1002.5,.3,.12,,,3,3,,11,1991,,,26.5,,,,
146,2022-07-08 21:00,25.7,,2.2,270,83,27.2,22.5,996.1,1002.9,,,,,2,2,Sc,10,1236,,,25.5,,,,
146,2022-07-08 22:00,25.1,,1.7,250,87,27.6,22.7,996.3,1003.1,,,,,1,1,,4,781,,19,25,,,,
146,2022-07-08 23:00,24.7,,1.9,270,88,27.2,22.5,996.2,1003,,,,,4,3,,3,707,,19,25.1,,,,
146,2022-07-09 00:00,24.4,,2.5,270,85,26,21.7,995.9,1002.7,,,,,7,7,Sc,8,995,,19,24.7,,,,
146,2022-07-09 01:00,24.2,,1.4,270,86,26,21.7,996,1002.8,,,,,7,6,,4,924,,19,24.9,,,,
146,2022-07-09 02:00,24,,1.5,270,86,25.6,21.5,995.8,1002.6,,,,,7,4,,4,980,,19,24.7,,,,
146,2022-07-09 03:00,23.7,,.7,250,87,25.5,21.4,995.5,1002.3,,,,,7,7,Sc,5,854,,19,24.6,,,,
146,2022-07-09 04:00,23.6,,1,230,88,25.5,21.4,995.5,1002.3,,,,,9,9,Sc,5,629,,19,24.7,,,,
146,2022-07-09 05:00,23.6,,1,250,87,25.3,21.3,995.7,1002.5,,,,,8,8,Sc,8,689,,19,24.7,,,,
146,2022-07-09 06:00,23.6,,.5,230,88,25.5,21.4,996.1,1002.9,0,.01,,,9,9,Sc,8,657,,19,24.9,,,,
146,2022-07-09 07:00,24.1,,1.3,230,85,25.5,21.4,996.7,1003.5,0,.13,,,8,8,Sc,8,665,,19,25.5,,,,
146,2022-07-09 08:00,24.9,,.9,250,80,25.2,21.2,996.7,1003.6,0,.53,,,10,6,ScAs,8,934,,19,27.5,,,,
146,2022-07-09 09:00,25.7,,.4,0,78,25.6,21.5,996.7,1003.5,0,.72,,,10,5,ScAs,6,966,,19,29.3,,,,
146,2022-07-09 10:00,26.3,,.3,0,71,24.3,20.6,996.5,1003.3,0,1.11,,,10,6,ScAs,8,1526,,19,31.1,,,,
146,2022-07-09 11:00,26.6,,1.1,270,72,25,21.1,996.6,1003.4,0,1.21,,,10,7,ScAs,7,1347,,,31.4,,,,
146,2022-07-09 12:00,27.5,,.8,270,72,26.3,21.9,996.5,1003.3,0,1.49,,,10,7,ScAs,7,1386,,,32.9,,,,
146,2022-07-09 13:00,27.9,,1.3,340,71,26.6,22.1,996.1,1002.9,0,1.27,,,10,5,ScAs,10,1972,,,33.6,,,,
146,2022-07-09 14:00,29.5,,.5,180,66,27.1,22.4,995.9,1002.6,0,1.47,,,8,8,Sc,12,2000,,,35.4,,,,
146,2022-07-09 15:00,30,,1.7,340,62,26.3,21.9,995.6,1002.3,1,3.16,,,7,7,Sc,12,2000,,,43.4,,,,
146,2022-07-09 16:00,29.8,,.7,340,66,27.6,22.7,995.6,1002.3,.4,1.68,,,9,9,Sc,12,2000,,,37.1,,,,
146,2022-07-09 17:00,29.2,,1.1,320,70,28.3,23.1,995.6,1002.3,0,.74,,,9,9,Sc,12,2000,,,34,,,,
146,2022-07-09 18:00,29.1,,1.1,360,72,28.9,23.5,995.1,1001.8,.8,1.1,,,5,5,Sc,12,2000,,,33.6,,,,
146,2022-07-09 19:00,28.5,,.9,340,72,27.9,22.9,995.4,1002.1,.2,.37,,,1,0,,,2000,,,30.6,,,,
146,2022-07-09 20:00,27.6,,1.6,270,78,28.8,23.4,995.8,1002.6,0,.07,,,6,1,,8,1649,,,28.2,,,,
146,2022-07-09 21:00,26.8,,1.9,270,82,28.8,23.4,997,1003.8,,,,,6,0,Ci,,1071,,,27,,,,
146,2022-07-09 22:00,26,,1.4,270,84,28.1,23,997.8,1004.6,,,,,4,4,,8,755,,19,26.5,,,,
146,2022-07-09 23:00,25.6,,1.1,230,85,27.7,22.8,998.1,1004.9,,,,,3,2,,,565,,19,26,,,,
146,2022-07-10 00:00,25.5,,.9,250,84,27.2,22.5,998,1004.8,,,,,2,2,Sc,10,631,,19,25.7,,,,
146,2022-07-10 01:00,25.4,,.8,250,85,27.4,22.6,997.6,1004.4,,,,,5,0,,,621,,19,25.3,,,,
146,2022-07-10 02:00,25.1,,.4,0,88,27.9,22.9,997.5,1004.4,,,,,7,0,,,596,,19,25.1,,,,
146,2022-07-10 03:00,24.8,,.7,250,87,27.1,22.4,997.6,1004.4,,,,,5,0,Ci,,477,,19,24.8,,,,
146,2022-07-10 04:00,24.6,,.7,50,91,28.1,23,997.8,1004.6,,,,,8,8,St,5,552,,19,25.6,,,,
146,2022-07-10 05:00,24.6,,.2,0,91,28.1,23,997.8,1004.6,,,,,8,8,St,4,413,,19,25.8,,,,
146,2022-07-10 06:00,24.9,,.7,200,88,27.6,22.7,998,1004.9,0,.01,,,10,10,St,5,566,,19,25.9,,,,
146,2022-07-10 07:00,25.1,,.5,110,86,27.2,22.5,998.3,1005.2,0,.14,,,10,10,St,5,562,,19,26.9,,,,
146,2022-07-10 08:00,26.4,,.6,230,82,28.1,23,999,1005.8,.1,.61,,,7,7,St,5,609,,19,29.3,,,,
146,2022-07-10 09:00,26.9,,.8,340,79,27.9,22.9,999.2,1006,.8,1.57,,,6,6,St,8,730,,19,32.3,,,,
146,2022-07-10 10:00,28.3,,1.2,320,76,29.1,23.6,999.3,1006.1,1,2.09,,,7,4,ScCi,10,881,,4019,35.5,,,,
146,2022-07-10 11:00,29.1,,2,340,73,29.3,23.7,999.3,1006,1,2.25,,,7,2,ScCi,10,1155,,40,37.5,,,,
146,2022-07-10 12:00,30.5,,1,50,66,28.8,23.4,999.1,1005.8,.9,2.5,,,8,3,ScCi,10,1422,,,39.8,,,,
146,2022-07-10 13:00,31.6,,1.1,250,63,29.1,23.6,998.5,1005.2,.5,2.09,,,5,5,Sc,10,1865,,,44.2,,,,
146,2022-07-10 14:00,32.8,,.9,200,61,30.2,24.2,997.7,1004.4,.8,2.63,,,7,3,ScCi,12,2000,,,46.5,,,,
146,2022-07-10 15:00,32.9,,1.6,180,58,28.9,23.5,997.4,1004.1,.6,2.01,,,5,5,Cu,14,2000,,,42.6,,,,
146,2022-07-10 16:00,32.8,,2.2,200,57,28.3,23.1,997,1003.7,.6,1.68,,,5,3,ScCi,12,2000,,,41.3,,,,
146,2022-07-10 17:00,33.1,,1.7,230,56,28.3,23.1,996.5,1003.2,.6,1.31,,,5,2,ScCi,12,2000,,,40.4,,,,
146,2022-07-10 18:00,32.4,,2,230,58,28.1,23,996.5,1003.2,.6,.83,,,8,2,ScCi,12,2000,,,35.4,,,,
146,2022-07-10 19:00,31.8,,1.7,230,59,27.6,22.7,996.9,1003.6,0,.25,,,9,2,,14,2000,,,32.7,,,,
146,2022-07-10 20:00,26.7,5.2,3.9,230,88,30.7,24.5,997.8,1004.6,0,.02,,,9,9,CuSc,5,106,,04,28.6,,,,
146,2022-07-10 21:00,26.5,4,1.5,250,88,30.4,24.3,998.5,1005.3,,,,,9,9,Sc,10,1089,,04,28.4,,,,
146,2022-07-10 22:00,26.4,0,2,230,78,26.8,22.2,999.1,1005.9,,,,,9,9,Sc,10,1782,,04,27.2,,,,
146,2022-07-10 23:00,26.2,,.2,0,80,27.1,22.4,998.6,1005.4,,,,,10,5,,26,1603,,,27.1,,,,
146,2022-07-11 00:00,25.8,.2,.5,140,87,28.8,23.4,998.7,1005.5,,,,,10,7,ScAs,10,751,,01,27,,,,
146,2022-07-11 01:00,25.2,.8,.1,0,93,29.7,23.9,998.7,1005.6,,,,,10,7,ScAs,10,656,,01,26.9,,,,
146,2022-07-11 02:00,25,0,.2,0,92,29.1,23.6,998.3,1005.2,,,,,10,7,ScAs,10,796,,01,26.6,,,,
146,2022-07-11 03:00,24.7,,.8,90,91,28.3,23.1,997.7,1004.5,,,,,9,0,Ci,,1364,,,26,,,,
146,2022-07-11 04:00,24.9,,.9,140,89,27.9,22.9,997.8,1004.7,,,,,9,9,Sc,10,1349,,,25.7,,,,
146,2022-07-11 05:00,25,,.4,0,89,28.1,23,998.2,1005.1,,,,,9,9,Sc,10,1366,,,26.1,,,,
146,2022-07-11 06:00,24.3,2.8,.3,0,95,28.8,23.4,998.6,1005.4,0,0,,,10,7,ScAs,10,219,,1901,25.9,,,,
146,2022-07-11 07:00,24.3,4.1,.1,0,97,29.3,23.7,998.6,1005.4,0,.04,,,10,7,StNs,8,215,,1901,26.2,,,,
146,2022-07-11 08:00,24.2,.9,1.2,90,95,28.6,23.3,998.5,1005.3,0,.17,,,10,5,StNs,8,546,,1901,26.9,,,,
146,2022-07-11 09:00,25,.5,.1,0,94,29.7,23.9,998.7,1005.6,0,.33,,,10,5,StNs,8,862,,1901,28.1,,,,
146,2022-07-11 10:00,25.5,.1,.2,0,91,29.7,23.9,998.9,1005.8,0,.51,,,10,4,StNs,6,1351,,1901,29.3,,,,
146,2022-07-11 11:00,25.2,0,1.7,110,86,27.4,22.6,998.8,1005.7,0,.7,,,10,5,ScAs,10,2000,,01,30.7,,,,
146,2022-07-11 12:00,27.8,,1.3,110,79,29.5,23.8,998.5,1005.3,.1,1.44,,,10,5,ScAs,12,2000,,,35,,,,
146,2022-07-11 13:00,28.9,,1.5,70,73,28.9,23.5,998.4,1005.1,.3,2.33,,,7,7,CuSc,10,2000,,,40.7,,,,
146,2022-07-11 14:00,30.3,,.6,50,65,27.9,22.9,997.8,1004.5,.7,2.59,,,7,7,CuSc,10,2000,,,39.1,,,,
146,2022-07-11 15:00,28.1,,2,320,76,28.8,23.4,997.9,1004.7,.2,.89,,,9,9,CuSc,10,2000,,,32.4,,,,
146,2022-07-11 16:00,29.8,,1.7,320,72,30,24.1,997.9,1004.6,.1,.79,,,8,8,Sc,12,2000,,,36.4,,,,
146,2022-07-11 17:00,27.6,0,1.7,320,80,29.5,23.8,998.3,1005.1,.1,.58,,,10,6,StNs,8,1592,,01,30.5,,,,
146,2022-07-11 18:00,27.5,0,2.5,320,83,30.4,24.3,998.5,1005.3,0,.47,,,7,7,Sc,12,1953,,01,30.8,,,,
146,2022-07-11 19:00,27,,1.7,340,85,30.2,24.2,998.8,1005.6,0,.32,,,6,3,,11,1675,,,29.4,,,,
146,2022-07-11 20:00,26.4,,1,290,88,30.2,24.2,999.3,1006.1,0,.08,,,2,0,,,1508,,,27.5,,,,
146,2022-07-11 21:00,26.3,,.6,320,87,29.7,23.9,999.9,1006.7,,,,,3,0,Ci,,1988,,,26.8,,,,
146,2022-07-11 22:00,25.8,,1.1,360,91,30.2,24.2,1000.7,1007.6,,,,,5,5,,13,1353,,,26.9,,,,
146,2022-07-11 23:00,26.3,,0,0,89,30.4,24.3,1000.7,1007.5,,,,,3,3,,13,1421,,,27.1,,,,
146,2022-07-12 00:00,26.4,,0,0,88,30.2,24.2,1000.8,1007.6,,,,,8,8,Sc,15,1484,,,27,,,,
146,2022-07-12 01:00,26,,.3,0,89,29.8,24,1000.3,1007.1,,,,,5,5,,18,1388,,,26.7,,,,
146,2022-07-12 02:00,25.8,,.4,0,91,30.2,24.2,1000.6,1007.5,,,,,7,6,,3,664,,19,26.6,,,,
146,2022-07-12 03:00,25.7,,0,0,92,30.2,24.2,1000.2,1007.1,,,,,9,9,Sc,8,565,,19,26.5,,,,
146,2022-07-12 04:00,25.4,,.1,0,92,29.7,23.9,999.9,1006.8,,,,,9,9,Sc,7,698,,19,26.3,,,,
146,2022-07-12 05:00,25.4,,.1,0,93,30,24.1,1000.3,1007.2,,,,,7,7,Sc,10,1079,,19,26.3,,,,
146,2022-07-12 06:00,25.5,,.2,0,92,29.8,24,1000.3,1007.2,0,.03,,,6,6,Sc,10,1283,,,26.6,,,,
146,2022-07-12 07:00,26.2,,.3,0,91,30.9,24.6,1000.4,1007.2,0,.28,,,7,3,ScCi,10,1217,,,27.7,,,,
146,2022-07-12 08:00,27.4,,.8,90,82,29.8,24,1000.3,1007.1,.3,.71,,,7,7,Sc,10,2000,,,29.5,,,,
146,2022-07-12 09:00,28.7,,1.1,200,77,30.2,24.2,1000.8,1007.6,.4,1.11,,,8,8,Sc,10,2000,,,32,,,,
146,2022-07-12 10:00,29.4,,.6,250,73,29.8,24,1000.8,1007.5,.1,1.42,,,9,9,Sc,10,2000,,,33.2,,,,
146,2022-07-12 11:00,29.5,,1.3,270,75,30.7,24.5,1001.5,1008.2,.1,1.14,,,9,9,Sc,10,2000,,,33.7,,,,
146,2022-07-12 12:00,30,,1.7,290,71,30,24.1,1001,1007.8,0,1.85,,,9,9,Sc,10,2000,,,36.7,,,,
146,2022-07-12 13:00,30.7,,1.3,250,70,30.7,24.5,1000.8,1007.5,0,1.72,,,9,9,Sc,10,2000,,,35.1,,,,
146,2022-07-12 14:00,29.1,,1,340,77,30.9,24.6,1000.5,1007.2,0,1.01,,,9,9,Sc,10,1699,,,33,,,,
146,2022-07-12 15:00,28.9,,1.4,320,80,31.7,25,1000.3,1007.1,0,.55,,,9,9,Sc,10,1950,,,31.8,,,,
146,2022-07-12 16:00,29,,1.6,320,76,30.4,24.3,1000.1,1006.8,0,.6,,,9,9,Sc,10,1885,,,32,,,,
146,2022-07-12 17:00,29,0,.5,340,77,30.7,24.5,999.8,1006.5,0,.38,,,9,9,Sc,10,1971,,04,30.9,,,,
146,2022-07-12 18:00,28.3,,1,20,82,31.5,24.9,999.9,1006.7,0,.27,,,9,9,Sc,10,1940,,,30.1,,,,
146,2022-07-12 19:00,28.3,,.8,320,80,30.7,24.5,999.8,1006.6,0,.07,,,10,7,,7,1891,,,29.2,,,,
146,2022-07-12 20:00,27.7,,1,360,85,31.5,24.9,999.9,1006.7,0,.03,,,10,7,,9,1427,,,28.4,,,,
146,2022-07-12 21:00,27.2,,1.4,340,87,31.3,24.8,1000.4,1007.2,,,,,10,5,ScAs,10,1053,,,27.8,,,,
146,2022-07-12 22:00,27.7,,1.4,200,85,31.5,24.9,1000.6,1007.4,,,,,10,9,,4,1329,,,27.8,,,,
146,2022-07-12 23:00,27.1,0,2.3,140,80,28.6,23.3,999.8,1006.6,,,,,10,7,ScAs,8,2000,,04,26.8,,,,
146,2022-07-13 00:00,26.5,,1,110,79,27.2,22.5,1000.4,1007.2,,,,,6,5,ScAc,12,2000,,,26,,,,
146,2022-07-13 01:00,25.8,,2,140,81,26.8,22.2,999.8,1006.6,,,,,10,1,,15,2000,,,25.8,,,,
146,2022-07-13 02:00,26,,1.7,140,77,25.8,21.6,999.8,1006.6,,,,,10,10,,50,1999,,,25.6,,,,
146,2022-07-13 03:00,25.7,,.9,140,77,25.3,21.3,1000.2,1007.1,,,,,10,6,ScAs,10,2000,,,25.6,,,,
146,2022-07-13 04:00,25.2,,2.1,140,79,25.2,21.2,999,1005.9,,,,,10,5,ScAs,10,1834,,,25.1,,,,
146,2022-07-13 05:00,25.1,,2.2,90,78,24.7,20.9,999.1,1006,,,,,10,6,ScAs,12,1403,,,24.9,,,,
146,2022-07-13 06:00,25,,1.4,140,79,24.9,21,999.8,1006.7,0,0,,,10,4,ScAs,12,1364,,,24.9,,,,
146,2022-07-13 07:00,25.4,,1.8,110,78,25.2,21.2,999.8,1006.7,0,.26,,,10,5,ScAs,10,1617,,,26.6,,,,
146,2022-07-13 08:00,26.3,,1,140,75,25.6,21.5,1000.2,1007,0,.53,,,10,7,ScAs,10,1907,,,27.9,,,,
146,2022-07-13 09:00,26.2,,2.3,140,76,25.8,21.6,999.3,1006.1,0,.52,,,10,7,ScAs,10,1495,,,28.1,,,,
146,2022-07-13 10:00,26.8,,2,140,75,26.3,21.9,998.8,1005.6,0,.59,,,10,7,ScAs,10,1468,,,28.9,,,,
146,2022-07-13 11:00,26.6,0,2.1,140,77,26.8,22.2,998.5,1005.3,0,.54,,,10,7,ScAs,10,1932,,01,28.7,,,,
146,2022-07-13 12:00,26.5,.1,2.6,140,83,28.6,23.3,997.6,1004.4,0,.64,,,10,7,StNs,8,1445,,01,30.6,,,,
146,2022-07-13 13:00,27.1,0,2.6,140,78,27.9,22.9,996.9,1003.7,0,.89,,,10,7,StNs,8,2000,,01,30.4,,,,
146,2022-07-13 14:00,24.7,2.8,3.1,110,93,28.8,23.4,996.3,1003.1,0,.18,,,10,7,StNs,8,268,,01,27.2,,,,
146,2022-07-13 15:00,25.2,1.1,2.4,110,92,29.5,23.8,995.5,1002.3,0,.34,,,10,7,ScAs,10,836,,01,28.6,,,,
146,2022-07-13 16:00,26.2,,2.5,140,82,27.7,22.8,994.9,1001.7,0,.52,,,10,7,ScAs,10,1718,,,28.7,,,,
146,2022-07-13 17:00,26.7,0,3.2,160,76,26.6,22.1,994.1,1000.9,0,.47,,,10,7,ScAs,10,2000,,01,27.6,,,,
146,2022-07-13 18:00,26.9,0,2.6,160,75,26.4,22,993.7,1000.5,0,.4,,,10,7,ScAs,10,2000,,01,27.6,,,,
146,2022-07-13 19:00,27,0,3.2,160,71,25.2,21.2,993.8,1000.6,0,.24,,,10,8,ScAs,10,2000,,01,26.4,,,,
146,2022-07-13 20:00,26.5,0,2.3,160,74,25.5,21.4,994.2,1001,0,.02,,,10,7,ScAs,10,2000,,01,25.6,,,,
146,2022-07-13 21:00,26.7,,2.3,160,73,25.5,21.4,994.4,1001.2,,,,,10,6,ScAs,10,2000,,,25.2,,,,
146,2022-07-13 22:00,26.7,,2.5,160,73,25.5,21.4,994.3,1001.1,,,,,10,2,,14,2000,,,25.1,,,,
146,2022-07-13 23:00,26.7,,2.3,180,75,26.1,21.8,994.3,1001.1,,,,,7,4,,11,2000,,,25,,,,
146,2022-07-14 00:00,26.7,,2.1,160,77,26.9,22.3,993.9,1000.7,,,,,10,8,ScAs,,2000,,,25.3,,,,
146,2022-07-14 01:00,26,.1,1.5,180,82,27.4,22.6,993.5,1000.3,,,,,10,8,ScAs,8,1401,,01,25.5,,,,
146,2022-07-14 02:00,25.3,1.4,1.5,160,91,29.3,23.7,992.9,999.7,,,,,10,8,StNs,6,1304,,01,25.6,,,,
146,2022-07-14 03:00,25.1,.6,1,230,95,30.2,24.2,993.1,999.9,,,,,10,8,StNs,6,441,,1901,25.8,,,,
146,2022-07-14 04:00,25.4,.6,1.7,250,96,31.1,24.7,992.8,999.6,,,,,10,8,StNs,6,298,,1901,25.9,,,,
146,2022-07-14 05:00,25.2,0,2.3,270,94,30,24.1,993.2,1000,,,,,10,6,ScAs,5,333,,1901,25.8,,,,
146,2022-07-14 06:00,24.7,,1.6,250,91,28.3,23.1,993.7,1000.5,0,.02,,,10,6,ScAs,6,457,,19,25.6,,,,
146,2022-07-14 07:00,24.7,,1.3,230,91,28.3,23.1,993.9,1000.7,0,.12,,,8,7,ScAc,8,554,,19,26.1,,,,
146,2022-07-14 08:00,25.2,,1.7,230,88,28.1,23,994.2,1001,.1,.52,,,9,7,ScAc,10,755,,19,26.9,,,,
146,2022-07-14 09:00,25,0,2,270,89,28.1,23,994,1000.8,0,.28,,,9,7,ScAc,10,778,,1901,27.3,,,,
146,2022-07-14 10:00,25.4,,1.4,270,88,28.4,23.2,994.4,1001.2,0,.65,,,9,7,ScAc,10,1047,,19,28.7,,,,
146,2022-07-14 11:00,26.6,,.8,250,82,28.4,23.2,994.3,1001.1,0,.88,,,9,7,ScAc,10,1863,,,31.4,,,,
146,2022-07-14 12:00,26.5,,2.6,270,81,27.9,22.9,994.4,1001.2,.1,1.1,,,9,9,Sc,10,1938,,,30.9,,,,
146,2022-07-14 13:00,27.7,,2.9,270,74,27.4,22.6,994.5,1001.3,.4,2.1,,,9,9,Sc,10,2000,,,36.9,,,,
146,2022-07-14 14:00,27.2,,3.1,270,77,27.7,22.8,994.5,1001.3,.4,2.27,,,9,9,Sc,10,2000,,,34.7,,,,
146,2022-07-14 15:00,26.8,,2.8,270,80,28.1,23,994.9,1001.7,.1,1.74,,,9,9,Sc,10,2000,,,33.2,,,,
146,2022-07-14 16:00,26.3,,2.9,250,81,27.6,22.7,995.1,1001.9,0,1.06,,,9,9,Sc,10,2000,,,30.9,,,,
146,2022-07-14 17:00,26.7,,2,250,79,27.6,22.7,994.9,1001.7,.1,.78,,,8,8,Sc,10,2000,,,30.6,,,,
146,2022-07-14 18:00,26.3,,2.5,250,78,26.6,22.1,994.3,1001.1,.2,.46,,,6,6,Sc,10,2000,,,28.5,,,,
146,2022-07-14 19:00,26.1,,1.7,250,77,26,21.7,994.4,1001.2,.4,.48,,,7,3,,6,2000,,,27.6,,,,
146,2022-07-14 20:00,25.2,,2.2,230,81,25.8,21.6,994.5,1001.3,0,.11,,,8,0,,,2000,,,25.6,,,,
146,2022-07-14 21:00,24.8,,1.7,250,85,26.4,22,995,1001.8,,,,,7,7,Sc,10,2000,,,25.4,,,,
146,2022-07-14 22:00,24.4,,1.9,250,85,26,21.7,995.6,1002.4,,,,,8,8,,5,2000,,,25,,,,
146,2022-07-14 23:00,24.1,,1,270,86,25.8,21.6,995.5,1002.3,,,,,7,7,,5,1980,,,25,,,,
146,2022-07-15 00:00,23.9,,1.1,230,86,25.5,21.4,995.1,1001.9,,,,,8,8,Sc,,1850,,,24.7,,,,
146,2022-07-15 01:00,23.8,,1.5,230,87,25.5,21.4,995.2,1002,,,,,6,6,,5,2000,,,24.4,,,,
146,2022-07-15 02:00,23.5,,.9,250,88,25.3,21.3,995.2,1002,,,,,5,5,,5,2000,,,23.9,,,,
146,2022-07-15 03:00,23.4,,1,270,88,25.2,21.2,995,1001.8,,,,,7,7,Sc,10,2000,,,23.9,,,,
146,2022-07-15 04:00,22.9,,.2,0,89,24.7,20.9,994.6,1001.5,,,,,6,6,Sc,10,1580,,,23.2,,,,
146,2022-07-15 05:00,22.4,,.7,180,92,24.9,21,994.7,1001.6,,,,,7,7,Sc,10,1508,,,22.7,,,,
146,2022-07-15 06:00,22.1,,.5,200,92,24.4,20.7,994.9,1001.8,0,.01,,,4,4,Sc,10,1270,,,22.6,,,,
146,2022-07-15 07:00,23.2,,.1,0,88,24.9,21,995.1,1001.9,0,.25,,,3,3,Sc,10,1590,,,24.7,,,,
146,2022-07-15 08:00,24.3,,0,0,82,24.9,21,994.9,1001.7,.4,.77,,,7,7,Sc,10,1622,,,26.7,,,,
146,2022-07-15 09:00,24.5,,1.5,320,81,24.9,21,994.6,1001.4,.3,.91,,,4,4,Sc,10,1326,,,27.8,,,,
146,2022-07-15 10:00,26.1,,1.5,250,71,24,20.4,994.3,1001.1,.7,1.98,,,7,6,ScCi,10,1656,,,32.9,,,,
146,2022-07-15 11:00,27.2,,1.8,320,65,23.4,20,994.8,1001.6,.7,2.23,,,7,5,ScCi,10,2000,,,37.2,,,,
146,2022-07-15 12:00,27.5,,1.5,340,63,23.1,19.8,994.4,1001.2,.7,2.3,,,8,5,ScCi,10,2000,,,37.4,,,,
146,2022-07-15 13:00,28.3,,.9,320,59,22.7,19.5,993.8,1000.5,1,2.86,,,9,0,Ci,,2000,,,38.8,,,,
146,2022-07-15 14:00,29.1,,.8,320,59,23.7,20.2,993.2,999.9,1,2.43,,,9,0,Ci,,2000,,,38.6,,,,
146,2022-07-15 15:00,29.8,,1.3,290,58,24.3,20.6,992.6,999.3,1,2.87,,,9,0,Ci,,2000,,,40,,,,
146,2022-07-15 16:00,30.2,,1.6,290,56,24,20.4,992.3,999,1,2.31,,,8,1,ScCi,10,2000,,,39.9,,,,
146,2022-07-15 17:00,28.8,,1.4,340,60,23.7,20.2,991.6,998.3,.8,1.34,,,7,2,ScCi,10,2000,,,34.6,,,,
146,2022-07-15 18:00,29.5,,1.1,320,56,22.9,19.7,991.3,998,.9,.89,,,2,2,Sc,10,2000,,,32,,,,
146,2022-07-15 19:00,28.6,,1.5,270,65,25.3,21.3,991.6,998.3,1,.63,,,0,0,,,2000,,,28.9,,,,
146,2022-07-15 20:00,26.5,,2.3,270,69,23.8,20.3,991.9,998.7,.2,.08,,,0,0,,,2000,,,26,,,,
146,2022-07-15 21:00,25.6,,1,250,73,23.8,20.3,992.5,999.3,,,,,4,0,Ci,,2000,,,25.1,,,,
146,2022-07-15 22:00,24.8,,1.2,230,79,24.7,20.9,993.1,999.9,,,,,2,0,,,1878,,,24.5,,,,
146,2022-07-15 23:00,24.5,,1.4,230,80,24.6,20.8,993,999.8,,,,,2,0,,,1742,,,24.1,,,,
146,2022-07-16 00:00,24.2,,1.5,230,84,25.3,21.3,992.6,999.4,,,,,6,0,Ci,,1282,,,23.8,,,,
146,2022-07-16 01:00,23.6,,1.5,230,89,25.8,21.6,992.3,999.1,,,,,7,1,,3,723,,19,23.9,,,,
146,2022-07-16 02:00,23.7,,1.1,230,89,26,21.7,992,998.8,,,,,6,6,,3,653,,19,23.9,,,,
146,2022-07-16 03:00,23.8,,1.6,230,89,26.1,21.8,991.8,998.6,,,,,8,6,ScCi,10,607,,19,24.6,,,,
146,2022-07-16 04:00,23.4,,.7,180,89,25.5,21.4,992,998.8,,,,,8,6,ScCi,10,717,,19,24,,,,
146,2022-07-16 05:00,23.2,,.6,160,87,24.7,20.9,992.1,998.9,,,,,4,4,Sc,10,977,,19,23.4,,,,
146,2022-07-16 06:00,23.1,,.7,160,87,24.6,20.8,992.1,998.9,0,.02,,,5,5,Sc,10,1073,,19,23.6,,,,
146,2022-07-16 07:00,23.6,,.8,140,86,25,21.1,992.5,999.3,0,.24,,,8,6,ScCi,10,973,,19,24.6,,,,
146,2022-07-16 08:00,25.2,,.7,140,80,25.5,21.4,992.7,999.5,.4,.69,,,8,3,ScCi,10,1333,,19,26.8,,,,
146,2022-07-16 09:00,26.1,,1.3,230,77,26,21.7,992.8,999.6,.4,1.12,,,8,5,ScCi,10,1824,,,29.4,,,,
146,2022-07-16 10:00,26.9,,1.2,270,70,24.7,20.9,992.7,999.5,.6,1.83,,,8,2,ScCi,10,2000,,,34,,,,
146,2022-07-16 11:00,27.3,,1.3,230,66,23.8,20.3,992.4,999.1,.8,2.2,,,9,8,ScCi,10,2000,,,31.6,,,,
146,2022-07-16 12:00,28.6,,1.6,200,64,25,21.1,992.2,998.9,.2,1.15,,,8,8,Sc,10,2000,,,33.2,,,,
146,2022-07-16 13:00,29.9,,2.2,250,58,24.4,20.7,991.9,998.6,.6,2.19,,,7,7,Sc,10,2000,,,39.6,,,,
146,2022-07-16 14:00,30,,3.5,270,54,22.8,19.6,991.9,998.6,.8,2.68,,,4,4,Sc,10,2000,,,41.2,,,,
146,2022-07-16 15:00,29.9,,4.4,270,53,22.2,19.2,991.7,998.4,1,3.1,,,3,3,Sc,10,2000,,,43.8,,,,
146,2022-07-16 16:00,29.8,,2.9,270,59,24.7,20.9,991.9,998.6,1,2.63,,,3,3,Sc,10,2000,,,43.3,,,,
146,2022-07-16 17:00,27.9,,3.9,270,65,24.4,20.7,992.1,998.8,1,1.95,,,4,3,ScCi,10,2000,,,39.2,,,,
146,2022-07-16 18:00,27.8,,2.9,250,62,23.1,19.8,992.5,999.2,1,1.29,,,4,3,ScCi,10,2000,,,34.1,,,,
146,2022-07-16 19:00,26.5,,3,270,72,24.9,21,992.9,999.7,.9,.61,,,6,5,,8,2000,,,29.9,,,,
146,2022-07-16 20:00,25.4,,1.8,270,73,23.7,20.2,993.3,1000.1,.1,.06,,,4,1,,,2000,,,26.9,,,,
146,2022-07-16 21:00,24.8,,1.5,250,76,23.7,20.2,994.1,1000.9,,,,,4,4,Sc,10,2000,,,25.7,,,,
146,2022-07-16 22:00,24.9,,.8,230,77,24.1,20.5,994.1,1000.9,,,,,8,5,,7,2000,,,25.2,,,,
146,2022-07-16 23:00,24.5,,1.3,230,82,25.2,21.2,993.8,1000.6,,,,,5,3,,8,2000,,,25,,,,
146,2022-07-17 00:00,24.5,,1.3,230,83,25.5,21.4,994,1000.8,,,,,8,8,Sc,8,2000,,,25,,,,
146,2022-07-17 01:00,24.3,,1.2,230,83,25.2,21.2,993.8,1000.6,,,,,9,2,,5,2000,,,24.7,,,,
146,2022-07-17 02:00,24.3,,.7,230,82,24.9,21,993.7,1000.5,,,,,10,4,,5,2000,,,24.5,,,,
146,2022-07-17 03:00,24.1,,.6,230,83,24.9,21,993.6,1000.4,,,,,6,6,Sc,10,2000,,,24.3,,,,
146,2022-07-17 04:00,23.9,,1.4,230,85,25.2,21.2,993.8,1000.6,,,,,9,9,Sc,8,2000,,,24.3,,,,
146,2022-07-17 05:00,23.7,,1.4,250,87,25.5,21.4,993.9,1000.7,,,,,7,7,Sc,8,1635,,,24,,,,
146,2022-07-17 06:00,23.7,,1.5,230,88,25.6,21.5,994.5,1001.3,0,.02,,,9,3,ScCc,8,1189,,,24.2,,,,
146,2022-07-17 07:00,24.1,,1.7,230,86,25.8,21.6,994.8,1001.6,0,.28,,,9,3,ScCi,8,1255,,,25.3,,,,
146,2022-07-17 08:00,24.9,,1.9,230,82,25.8,21.6,995,1001.8,.5,.66,,,8,4,ScCi,4,1960,,,27.1,,,,
146,2022-07-17 09:00,25.9,,2.1,250,74,24.7,20.9,995.2,1002,.6,1.22,,,7,5,ScCi,5,2000,,,29.4,,,,
146,2022-07-17 10:00,26.8,,2.2,230,69,24.3,20.6,995,1001.8,.8,2.04,,,7,5,ScCi,7,2000,,,33.9,,,,
146,2022-07-17 11:00,29,,2.3,250,62,24.7,20.9,994.8,1001.5,.9,2.72,,,7,5,ScCi,8,2000,,,39.9,,,,
146,2022-07-17 12:00,29,,2.3,230,60,24,20.4,994.7,1001.4,.8,2.74,,,8,3,ScCi,10,2000,,,41.6,,,,
146,2022-07-17 13:00,29.4,,2.2,250,64,26.1,21.8,994.3,1001,.7,2.74,,,8,4,ScCi,10,2000,,,42.4,,,,
146,2022-07-17 14:00,28.5,,3,250,62,24.1,20.5,994.2,1000.9,.4,2.02,,,9,9,Sc,11,2000,,,38.3,,,,
146,2022-07-17 15:00,28.2,,2.4,230,64,24.4,20.7,994.1,1000.8,0,1.28,,,9,4,ScCi,10,2000,,,35.5,,,,
146,2022-07-17 16:00,28.1,,2.2,230,66,25,21.1,994.2,1000.9,0,1.01,,,9,4,ScCi,10,2000,,,34.2,,,,
146,2022-07-17 17:00,27.7,,1.4,250,72,26.6,22.1,993.9,1000.6,0,.61,,,9,0,Ci,,2000,,,32.1,,,,
146,2022-07-17 18:00,27.2,,1.5,270,74,26.6,22.1,993.5,1000.3,0,.44,,,9,0,Ci,,2000,,,30.8,,,,
146,2022-07-17 19:00,26.8,,1.3,270,75,26.3,21.9,993.7,1000.5,0,.26,,,10,9,,63,2000,,,29.1,,,,
146,2022-07-17 20:00,26.7,,1.2,270,76,26.6,22.1,994.3,1001.1,0,.04,,,10,1,,8,1999,,,27.6,,,,
146,2022-07-17 21:00,26.6,,.6,340,78,27.1,22.4,995.2,1002,,,,,10,7,ScAs,10,1723,,,27.5,,,,
146,2022-07-17 22:00,26.4,,.2,0,79,27.1,22.4,995.7,1002.5,,,,,10,0,,,1512,,,26.9,,,,
146,2022-07-17 23:00,25.8,,1.2,110,80,26.4,22,995.5,1002.3,,,,,10,9,,41,2000,,,26.2,,,,
146,2022-07-18 00:00,26,,.9,110,81,27.1,22.4,994.9,1001.7,,,,,9,7,AcCi,30,1993,,,26.1,,,,
146,2022-07-18 01:00,25.6,,.1,0,81,26.4,22,994.9,1001.7,,,,,6,6,,36,1997,,,26,,,,
146,2022-07-18 02:00,25.8,0,1.2,90,80,26.4,22,994.1,1000.9,,,,,10,7,ScAs,10,2000,,01,25.7,,,,
146,2022-07-18 03:00,26.1,0,1.6,140,76,25.6,21.5,993.7,1000.5,,,,,10,7,ScAs,10,1999,,01,25.6,,,,
146,2022-07-18 04:00,22.6,3.2,1.2,160,90,24.6,20.8,995.1,1002,,,,,10,7,StNs,8,213,,01,24.2,,,,
146,2022-07-18 05:00,22.6,5.6,1,90,96,26.3,21.9,994.6,1001.5,,,,,10,7,StNs,8,245,,01,24.4,,,,
146,2022-07-18 06:00,21.9,7.5,1,140,96,25.2,21.2,993.9,1000.8,0,0,,,10,7,StNs,8,167,,01,23.9,,,,
146,2022-07-18 07:00,21.5,10.2,1.2,140,97,24.7,20.9,993.2,1000.1,0,.02,,,10,7,StNs,8,329,,01,23.8,,,,
146,2022-07-18 08:00,22,1.5,.6,90,97,25.5,21.4,992.8,999.7,0,.14,,,10,8,StNs,10,428,,01,24.6,,,,
146,2022-07-18 09:00,22,6,.9,90,97,25.6,21.5,992.4,999.3,0,.15,,,10,8,StNs,8,141,,01,24.5,,,,
146,2022-07-18 10:00,22.3,7.9,1.7,110,97,26.1,21.8,992.2,999.1,0,.17,,,10,8,StNs,8,97,,01,24.6,,,,
146,2022-07-18 11:00,22.7,11.6,1.1,70,98,27.1,22.4,991.8,998.6,0,.18,,,10,8,StNs,8,204,,01,25.3,,,,
146,2022-07-18 12:00,23.1,2.7,2.1,90,97,27.4,22.6,991.5,998.3,0,.29,,,10,8,StNs,6,440,,01,26.2,,,,
146,2022-07-18 13:00,24.8,.2,2.1,110,91,28.4,23.2,990.8,997.6,0,.82,,,10,9,StNs,7,2000,,01,29.6,,,,
146,2022-07-18 14:00,24.2,.4,1.4,110,93,27.9,22.9,990.5,997.3,0,.42,,,10,9,StNs,7,877,,01,27.3,,,,
146,2022-07-18 15:00,24.6,.2,1.6,140,91,28.1,23,990.3,997.1,0,.24,,,10,9,StNs,6,2000,,01,27.3,,,,
146,2022-07-18 16:00,23.8,1.9,1.3,140,95,27.9,22.9,989.9,996.7,0,.23,,,10,8,StNs,6,1440,,01,26.4,,,,
146,2022-07-18 17:00,23.5,9.4,1.4,110,97,27.9,22.9,989.6,996.4,0,.18,,,5,5,StNs,3,300,,01,25.7,,,,
146,2022-07-18 18:00,23.8,3.1,.8,90,97,28.4,23.2,989.7,996.5,0,.1,,,10,7,StNs,6,1276,,01,25.8,,,,
146,2022-07-18 19:00,23.8,.2,.7,360,97,28.4,23.2,990.1,996.9,0,.04,,,10,9,StNs,6,563,,1901,25.5,,,,
146,2022-07-18 20:00,23.7,4.1,.6,360,98,28.6,23.3,990.6,997.4,0,.01,,,10,9,StNs,6,216,,1901,25.2,,,,
146,2022-07-18 21:00,22.7,1.5,1,20,98,26.9,22.3,991.2,998,,,,,10,9,StNs,5,220,,1901,24.8,,,,
146,2022-07-18 22:00,22.6,2.7,.5,50,98,26.8,22.2,991.7,998.5,,,,,10,9,StNs,5,470,,1901,24.7,,,,
146,2022-07-18 23:00,22.9,.1,.4,0,98,27.2,22.5,992,998.8,,,,,10,8,ScAs,8,1924,,1901,24.7,,,,
146,2022-07-19 00:00,22.7,,1.4,320,98,26.9,22.3,992,998.8,,,,,6,6,Sc,10,470,,19,24.6,,,,
146,2022-07-19 01:00,22.3,1,1.7,320,98,26.3,21.9,992.5,999.4,,,,,10,8,StNs,6,222,,1901,24.2,,,,
146,2022-07-19 02:00,22.2,.4,1,270,98,26.1,21.8,992.7,999.6,,,,,10,9,StNs,8,140,,1901,24.1,,,,
146,2022-07-19 03:00,22,.2,.9,270,98,25.8,21.6,992.9,999.8,,,,,10,9,StNs,6,210,,1901,24,,,,
146,2022-07-19 04:00,21.9,.1,1.6,290,98,25.6,21.5,993.1,1000,,,,,9,9,Sc,8,463,,1901,23.7,,,,
146,2022-07-19 05:00,21.9,,1.3,320,97,25.3,21.3,993.7,1000.6,,,,,6,6,Sc,8,569,,19,23.7,,,,
146,2022-07-19 06:00,21.9,,1.1,290,96,25.2,21.2,994.3,1001.2,0,.02,,,8,8,Sc,8,691,,19,23.7,,,,
146,2022-07-19 07:00,22.3,,.2,0,94,25.2,21.2,994.6,1001.5,0,.15,,,7,7,Sc,8,910,,19,24.4,,,,
146,2022-07-19 08:00,23.1,,1.2,230,91,25.6,21.5,995,1001.8,0,.48,,,8,8,Sc,8,1545,,19,26.3,,,,
146,2022-07-19 09:00,23.5,,1,200,90,26,21.7,996.1,1002.9,0,.52,,,8,8,Sc,8,1550,,,27,,,,
146,2022-07-19 10:00,24.8,,.8,230,84,26.3,21.9,996.2,1003,0,.93,,,8,8,Sc,7,2000,,,28.5,,,,
146,2022-07-19 11:00,25.9,,1,230,82,27.2,22.5,996.4,1003.2,.1,1.01,,,10,7,ScAs,8,1321,,,29.8,,,,
146,2022-07-19 12:00,26.6,,.4,0,78,27.1,22.4,996.4,1003.2,.2,1.5,,,9,9,Sc,8,1124,,,32.6,,,,
146,2022-07-19 13:00,27.2,,2.5,230,77,27.7,22.8,996.1,1002.9,.3,1.45,,,7,7,Sc,8,1648,,,32.2,,,,
146,2022-07-19 14:00,28.8,,2.7,270,68,26.8,22.2,996.2,1002.9,.9,2.98,,,6,6,Sc,9,1988,,,38.5,,,,
146,2022-07-19 15:00,28.6,,3.6,270,69,26.9,22.3,996.3,1003,.9,2.58,,,6,6,Sc,9,1962,,,37.2,,,,
146,2022-07-19 16:00,28.2,,3.1,270,70,26.8,22.2,996.6,1003.3,.7,1.79,,,7,6,ScCi,8,1924,,,34.5,,,,
146,2022-07-19 17:00,27.5,,3.2,270,71,26,21.7,997,1003.8,.6,1.29,,,8,3,ScCi,8,1973,,,32.4,,,,
146,2022-07-19 18:00,27.3,,3.3,270,75,27.1,22.4,997.6,1004.4,.6,.98,,,6,2,ScCi,8,1827,,,30.2,,,,
146,2022-07-19 19:00,26,,2.1,250,81,27.1,22.4,998.2,1005,.1,.33,,,9,1,,6,1795,,,27.4,,,,
146,2022-07-19 20:00,25.1,,2.1,270,84,26.6,22.1,998.8,1005.7,0,.04,,,7,3,,5,1816,,,25.7,,,,
146,2022-07-19 21:00,24.9,,1.7,250,86,26.9,22.3,999.4,1006.3,,,,,7,3,ScAc,10,1669,,,24.9,,,,
146,2022-07-19 22:00,24.5,,1,250,88,26.9,22.3,999.8,1006.6,,,,,7,3,,75,1517,,,24.4,,,,
146,2022-07-19 23:00,24.6,,1.2,230,88,27.1,22.4,1000.1,1006.9,,,,,9,5,,6,1128,,,24.8,,,,
146,2022-07-20 00:00,24.4,,.4,0,87,26.4,22,999.8,1006.6,,,,,9,4,ScCi,8,1493,,,24.8,,,,
146,2022-07-20 01:00,24,,.4,0,89,26.4,22,999.8,1006.6,,,,,10,2,,62,1352,,,24.4,,,,
146,2022-07-20 02:00,23.6,,1.1,110,90,26.1,21.8,999.8,1006.7,,,,,10,7,,62,1280,,,24.3,,,,
146,2022-07-20 03:00,23.3,,.8,140,91,26,21.7,1000,1006.9,,,,,9,4,ScCi,8,1253,,,24.2,,,,
146,2022-07-20 04:00,23.2,,1,110,91,25.8,21.6,1000.3,1007.2,,,,,8,5,ScCi,8,1293,,,23.8,,,,
146,2022-07-20 05:00,22.9,,1,140,91,25.3,21.3,1000.3,1007.2,,,,,9,6,ScCi,8,1210,,,23.6,,,,
146,2022-07-20 06:00,22.9,,.8,160,92,25.6,21.5,1000.8,1007.7,0,.02,,,8,4,ScCi,8,1328,,,23.5,,,,
146,2022-07-20 07:00,24,,.5,110,87,25.8,21.6,1001.1,1008,.3,.34,,,7,3,ScCi,8,1825,,,25.2,,,,
146,2022-07-20 08:00,25.4,,.7,160,83,26.8,22.2,1001.3,1008.2,.5,.85,,,8,2,ScCsCc,10,2000,,,27.6,,,,
146,2022-07-20 09:00,26.1,,.6,320,78,26.3,21.9,1001.1,1007.9,.6,1.21,,,8,4,ScCi,10,2000,,,30.6,,,,
146,2022-07-20 10:00,27.2,,.9,340,76,27.2,22.5,1001,1007.8,.9,1.89,,,8,3,ScCi,10,2000,,,33.5,,,,
146,2022-07-20 11:00,28.4,,.8,270,66,25.5,21.4,1000.6,1007.4,.9,2.45,,,5,1,ScCsCc,10,2000,,,38.7,,,,
146,2022-07-20 12:00,29.3,,1.3,340,63,25.6,21.5,1000.1,1006.8,1,3.21,,,5,1,ScCi,10,2000,,,42.2,,,,
146,2022-07-20 13:00,31.1,,1.3,360,62,27.9,22.9,999.6,1006.3,1,3.3,,,4,1,ScCsCi,10,2000,,,43.7,,,,
146,2022-07-20 14:00,30.7,,1.6,340,58,25.5,21.4,999.2,1005.9,1,3.15,,,5,1,ScCsCi,10,2000,,,44.2,,,,
146,2022-07-20 15:00,31.4,,2.1,320,59,27.1,22.4,998.8,1005.5,1,2.92,,,4,1,ScCs,10,2000,,,43.8,,,,
146,2022-07-20 16:00,31.5,,1.5,320,61,28.1,23,998.6,1005.3,.8,1.72,,,5,2,ScCc,12,2000,,,39.8,,,,
146,2022-07-20 17:00,30.3,,2.4,270,61,26.3,21.9,998.6,1005.3,.4,1.34,,,9,1,ScAc,10,2000,,,34.6,,,,
146,2022-07-20 18:00,29.6,,2.3,270,65,26.9,22.3,998.4,1005.1,0,.44,,,9,1,ScAcCi,14,2000,,,31.7,,,,
146,2022-07-20 19:00,28.4,,1.9,270,77,29.7,23.9,998.4,1005.2,0,.19,,,10,5,,40,1202,,,29.7,,,,
146,2022-07-20 20:00,27.6,,1.1,290,79,29.1,23.6,998.1,1004.9,0,.02,,,10,9,,32,1158,,,28.6,,,,
146,2022-07-20 21:00,27.5,,.8,250,80,29.3,23.7,998.6,1005.4,,,,,10,6,ScAs,10,1319,,,28.1,,,,
146,2022-07-20 22:00,26.4,0,.4,0,85,29.1,23.6,998.2,1005,,,,,10,6,StNs,8,1240,,01,27.5,,,,
146,2022-07-20 23:00,25.5,0,1,360,91,29.7,23.9,997.6,1004.4,,,,,10,8,ScAs,8,1100,,01,27.4,,,,
146,2022-07-21 00:00,25.2,1.1,1.5,250,89,28.4,23.2,997.9,1004.8,,,,,10,8,StNs,8,388,,1901,26.5,,,,
146,2022-07-21 01:00,23.1,3.5,1.4,140,94,26.4,22,996.7,1003.6,,,,,10,9,StNs,8,872,,1901,25.8,,,,
146,2022-07-21 02:00,23.2,2.3,2,140,94,26.6,22.1,995.8,1002.6,,,,,10,9,StNs,8,442,,1901,25.5,,,,
146,2022-07-21 03:00,23.6,1,2.5,140,90,26.1,21.8,994.5,1001.3,,,,,10,6,ScAs,10,1921,,1901,25,,,,
146,2022-07-21 04:00,23.9,,1.4,140,89,26.3,21.9,994,1000.8,,,,,10,9,ScAs,12,2000,,,25.2,,,,
146,2022-07-21 05:00,24.3,0,1.1,140,88,26.6,22.1,993.6,1000.4,,,,,10,9,StNs,8,2000,,01,25.4,,,,
146,2022-07-21 06:00,24.6,.1,2,140,88,27.1,22.4,993,999.8,0,.01,,,10,9,ScAs,8,2000,,01,25.6,,,,
146,2022-07-21 07:00,24.9,,2,140,87,27.2,22.5,992.7,999.5,0,.1,,,10,9,ScAs,10,2000,,,26,,,,
146,2022-07-21 08:00,26.3,,1.3,160,83,28.3,23.1,992.4,999.2,0,.2,,,10,8,ScAs,8,2000,,,26.6,,,,
146,2022-07-21 09:00,27,,4.9,230,76,26.9,22.3,992.4,999.2,0,.5,,,10,8,ScAs,8,2000,,,27.5,,,,
146,2022-07-21 10:00,26.3,,4.4,200,81,27.6,22.7,992.8,999.6,0,.72,,,10,8,ScAs,8,2000,,,28.1,,,,
146,2022-07-21 11:00,25.6,0,2.5,200,86,28.1,23,993,999.8,0,.62,,,10,8,ScAs,6,1680,,01,28.3,,,,
146,2022-07-21 12:00,24.5,0,5,230,91,27.9,22.9,993.6,1000.4,0,.37,,,10,9,StNs,5,834,,1901,26.7,,,,
146,2022-07-21 13:00,24,0,5.4,250,86,25.6,21.5,994.7,1001.5,0,.24,,,10,6,ScAs,8,1998,,1901,25.4,,,,
146,2022-07-21 14:00,24.4,,6.1,250,80,24.4,20.7,995.6,1002.4,0,.72,,,10,6,ScAs,8,1999,,,27.5,,,,
146,2022-07-21 15:00,24.5,,4.2,270,80,24.6,20.8,996.4,1003.2,.2,1.64,,,10,7,ScAs,8,1857,,,29.3,,,,
146,2022-07-21 16:00,24.1,,3.7,270,81,24.3,20.6,996.5,1003.3,0,.43,,,10,6,ScAs,6,2000,,,25.7,,,,
146,2022-07-21 17:00,24.4,0,4,290,78,23.8,20.3,996.6,1003.4,0,.22,,,10,6,ScAs,6,2000,,01,25.4,,,,
146,2022-07-21 18:00,24.8,,2.5,290,77,24,20.4,996.9,1003.7,.1,.32,,,7,7,Sc,10,2000,,,26.2,,,,
146,2022-07-21 19:00,24.8,,3,270,80,25,21.1,997.1,1003.9,.6,.51,,,4,1,,7,1967,,,25.8,,,,
146,2022-07-21 20:00,24.2,,3.6,270,80,24.1,20.5,997.8,1004.6,0,.07,,,9,3,,10,1736,,,24.2,,,,
146,2022-07-21 21:00,24,,3.1,270,81,24.1,20.5,998.5,1005.3,,,,,9,9,Sc,12,1721,,,23.9,,,,
146,2022-07-21 22:00,23.8,,1.8,250,82,24.1,20.5,999.2,1006,,,,,10,10,,11,1638,,,23.8,,,,
146,2022-07-21 23:00,23.7,,2.4,250,85,24.9,21,999.3,1006.2,,,,,8,8,,12,1316,,,23.7,,,,
146,2022-07-22 00:00,23.6,,2.2,250,85,24.7,20.9,999.5,1006.4,,,,,8,8,,,1450,,,23.6,,,,
146,2022-07-22 01:00,23.3,,2,270,87,24.9,21,999.5,1006.4,,,,,7,6,,11,1423,,,23.4,,,,
146,2022-07-22 02:00,23,,1.7,250,89,24.9,21,999.7,1006.6,,,,,7,4,,4,1395,,,23.1,,,,
146,2022-07-22 03:00,23,,1,250,89,24.9,21,999.6,1006.5,,,,,8,8,Sc,8,1345,,,23.5,,,,
146,2022-07-22 04:00,23.2,,1.7,250,88,24.9,21,999.7,1006.6,,,,,10,7,ScAs,7,1498,,,23.5,,,,
146,2022-07-22 05:00,23,,.6,270,89,24.9,21,999.5,1006.4,,,,,8,6,ScAc,8,1667,,,23.6,,,,
146,2022-07-22 06:00,22.8,,1.5,270,89,24.6,20.8,999.9,1006.8,0,.01,,,2,2,Cu,8,1664,,,22.8,,,,
146,2022-07-22 07:00,23.5,,1.9,270,86,24.9,21,1000.3,1007.2,.5,.34,,,7,4,ScAc,8,1995,,,24.5,,,,
146,2022-07-22 08:00,24.5,,1.6,320,81,24.9,21,1000.3,1007.1,.3,.72,,,5,5,Sc,8,1994,,,27.1,,,,
146,2022-07-22 09:00,25.5,,2.9,320,74,24.1,20.5,1000.2,1007.1,1,1.76,,,6,6,Sc,8,1809,,,30.4,,,,
146,2022-07-22 10:00,26.7,,1.9,360,69,24.1,20.5,999.8,1006.6,.9,1.95,,,7,6,ScAc,8,2000,,,33.7,,,,
146,2022-07-22 11:00,26.1,,1.8,250,69,23.2,19.9,999.8,1006.6,.2,1.05,,,7,7,Sc,8,2000,,,30.2,,,,
146,2022-07-22 12:00,27.5,,2,290,64,23.4,20,999.6,1006.4,.5,1.94,,,7,7,Sc,8,2000,,,35.9,,,,
146,2022-07-22 13:00,27.4,,2.7,250,69,25.2,21.2,999.1,1005.9,.8,2.81,,,7,7,Sc,10,2000,,,36.1,,,,
146,2022-07-22 14:00,28.2,,2.7,270,65,24.7,20.9,998.9,1005.7,.8,2.72,,,5,5,Cu,8,2000,,,39.4,,,,
146,2022-07-22 15:00,28.7,,3.1,270,62,24.3,20.6,998.7,1005.4,.5,1.71,,,6,6,Cu,8,2000,,,36.4,,,,
146,2022-07-22 16:00,28.5,,3.3,270,66,25.6,21.5,998.7,1005.5,1,2.57,,,5,5,Cu,8,2000,,,36.5,,,,
146,2022-07-22 17:00,27.8,,2.8,270,67,25,21.1,998.9,1005.7,.9,1.87,,,3,3,Cu,10,2000,,,33.8,,,,
146,2022-07-22 18:00,27.4,,3,270,66,24,20.4,998.7,1005.5,.7,1.01,,,2,2,Cu,8,2000,,,30.5,,,,
146,2022-07-22 19:00,26.3,,2.9,250,68,23.2,19.9,999.1,1005.9,1,.58,,,2,2,,10,2000,,,27.3,,,,
146,2022-07-22 20:00,25,,1.9,270,75,23.7,20.2,999.3,1006.2,.1,.06,,,2,0,,,2000,,,25.7,,,,
146,2022-07-22 21:00,24.8,,.9,270,76,23.7,20.2,999.8,1006.6,,,,,1,1,Sc,10,2000,,,24.9,,,,
146,2022-07-22 22:00,24.4,,.8,250,80,24.4,20.7,1000.2,1007,,,,,4,0,,,2000,,,24.5,,,,
146,2022-07-22 23:00,24,,.7,180,81,24.1,20.5,1000.2,1007,,,,,3,0,,,2000,,,24.1,,,,
146,2022-07-23 00:00,23.1,,.6,180,85,24,20.4,999.9,1006.8,,,,,0,0,,,2000,,,23.6,,,,
146,2022-07-23 01:00,22.7,,.7,140,86,23.7,20.2,1000.1,1007,,,,,2,0,,,1751,,,23.3,,,,
146,2022-07-23 02:00,22.7,,.5,160,86,23.7,20.2,1000.1,1007,,,,,5,5,,4,2000,,,23.2,,,,
146,2022-07-23 03:00,22,,1.4,110,89,23.4,20,999.8,1006.7,,,,,0,0,,,2000,,,22.8,,,,
146,2022-07-23 04:00,21.7,,1.1,110,89,23.1,19.8,999.6,1006.5,,,,,4,0,Ci,,2000,,,22.6,,,,
146,2022-07-23 05:00,21.3,,1,140,90,22.7,19.5,999.2,1006.1,,,,,0,0,,,2000,,,22.3,,,,
146,2022-07-23 06:00,21.7,,.8,160,90,23.2,19.9,999.7,1006.6,0,.02,,,3,0,Ci,,2000,,,22.3,,,,
146,2022-07-23 07:00,23.1,,1.3,110,82,23.1,19.8,999.5,1006.4,.9,.37,,,0,0,,,2000,,,23.3,,,,
146,2022-07-23 08:00,25.3,,.7,140,75,24.1,20.5,999.8,1006.7,.8,.98,,,2,0,Ci,,2000,,,25.8,,,,
146,2022-07-23 09:00,25.4,,1.8,180,75,24.3,20.6,999.5,1006.4,.9,1.62,,,7,0,Ci,,2000,,,29.3,,,,
146,2022-07-23 10:00,25.6,,1.9,160,74,24.3,20.6,999.5,1006.4,.1,1.35,,,8,0,Ci,,2000,,,30.3,,,,
146,2022-07-23 11:00,26.5,,1.4,160,69,23.8,20.3,1000,1006.8,0,1.25,,,10,10,As,40,2000,,,30.6,,,,
146,2022-07-23 12:00,27.3,,1.5,180,67,24.3,20.6,999.5,1006.3,0,1.61,,,10,3,ScAs,12,2000,,,32.3,,,,
146,2022-07-23 13:00,28.2,,1.2,160,65,24.7,20.9,999.1,1005.9,0,1.36,,,10,5,ScAs,10,2000,,,33,,,,
146,2022-07-23 14:00,27.9,0,1.6,160,62,23.2,19.9,998.3,1005.1,0,1.54,,,10,5,ScAs,10,2000,,01,33.1,,,,
146,2022-07-23 15:00,27.7,0,1.3,180,67,24.9,21,997.9,1004.7,0,.98,,,10,2,StNs,8,1961,,01,31.5,,,,
146,2022-07-23 16:00,27.6,0,1.6,140,70,25.8,21.6,997.3,1004.1,0,.71,,,10,4,StNs,10,1992,,01,30.7,,,,
146,2022-07-23 17:00,26.8,0,2.5,140,72,25.3,21.3,996.6,1003.4,0,.53,,,10,4,StNs,8,1981,,01,29,,,,
146,2022-07-23 18:00,26.8,0,2.9,140,69,24.3,20.6,995.8,1002.6,0,.27,,,10,4,StNs,8,2000,,01,27.5,,,,
146,2022-07-23 19:00,24.6,.1,2.7,140,81,25,21.1,996.1,1002.9,0,.03,,,10,7,StNs,8,1267,,01,26.2,,,,
146,2022-07-23 20:00,25.6,0,3.7,140,73,23.8,20.3,995.5,1002.3,0,.02,,,10,6,ScAs,10,2000,,01,25.3,,,,
146,2022-07-23 21:00,25.7,,3.6,160,70,23.1,19.8,995.5,1002.3,,,,,10,6,ScAs,10,2000,,,24.8,,,,
146,2022-07-23 22:00,25.3,0,4.7,140,69,22.1,19.1,994.9,1001.7,,,,,10,5,ScAs,10,2000,,01,24.3,,,,
146,2022-07-23 23:00,23.8,.5,1.8,160,82,24.1,20.5,995.2,1002,,,,,10,9,StNs,10,1407,,01,24.3,,,,
146,2022-07-24 00:00,24.2,.7,3,160,82,24.7,20.9,995.1,1001.9,,,,,10,9,StNs,10,1173,,01,24.3,,,,
146,2022-07-24 01:00,23,1.1,1.4,160,91,25.5,21.4,994.9,1001.8,,,,,10,8,StNs,8,539,,1901,24.3,,,,
146,2022-07-24 02:00,23.4,.1,1.5,140,90,25.8,21.6,994.3,1001.1,,,,,8,8,Sc,10,1120,,1901,24.5,,,,
146,2022-07-24 03:00,24,0,2.3,140,88,26.1,21.8,994,1000.8,,,,,10,9,StNs,8,1611,,01,24.6,,,,
146,2022-07-24 04:00,24,0,2.1,140,89,26.4,22,993.9,1000.7,,,,,6,6,Sc,8,1860,,01,24.4,,,,
146,2022-07-24 05:00,24.2,0,1.2,160,88,26.4,22,994,1000.8,,,,,9,9,Sc,8,1961,,01,24.6,,,,
146,2022-07-24 06:00,24.7,,.8,200,84,26.1,21.8,994.1,1000.9,0,0,,,9,9,Sc,8,1925,,,24.7,,,,
146,2022-07-24 07:00,24.5,,.7,110,89,27.2,22.5,994.1,1000.9,0,.09,,,10,9,ScAs,10,2000,,,25.5,,,,
146,2022-07-24 08:00,24.5,0,.7,140,89,27.2,22.5,994.7,1001.5,0,.31,,,10,7,ScAs,10,1911,,01,26.4,,,,
146,2022-07-24 09:00,25.4,0,1.2,180,84,27.1,22.4,994.9,1001.7,0,.47,,,10,7,ScAs,10,1457,,01,27.4,,,,
146,2022-07-24 10:00,24.6,.1,1.3,160,90,27.7,22.8,995.4,1002.2,0,.52,,,10,7,ScAs,10,2000,,01,28.2,,,,
146,2022-07-24 11:00,26.2,,2.6,200,78,26.4,22,995.4,1002.2,.1,1.68,,,10,7,ScAs,10,2000,,,30.7,,,,
146,2022-07-24 12:00,26.1,0,2.8,200,79,26.6,22.1,995.5,1002.3,0,.94,,,10,7,ScAs,10,2000,,01,29.9,,,,
146,2022-07-24 13:00,25.6,,3.4,230,84,27.4,22.6,995.3,1002.1,0,.83,,,10,7,ScAs,10,1956,,,29.1,,,,
146,2022-07-24 14:00,25.8,,3,230,84,27.7,22.8,995.5,1002.3,0,.71,,,10,7,ScAs,10,2000,,,29.4,,,,
146,2022-07-24 15:00,24.9,.2,1.3,230,92,28.9,23.5,995.5,1002.3,0,.58,,,10,7,ScAs,10,473,,01,28.5,,,,
146,2022-07-24 16:00,25,.6,2.2,230,91,28.8,23.4,995.7,1002.5,0,.43,,,10,7,StNs,8,815,,01,27.9,,,,
146,2022-07-24 17:00,25.3,0,2.8,230,91,29.3,23.7,996.1,1002.9,0,.38,,,10,7,ScAs,10,1647,,01,28.1,,,,
146,2022-07-24 18:00,25,.4,3.3,230,92,29.1,23.6,996.4,1003.2,0,.26,,,10,7,ScAs,10,1934,,01,27.4,,,,
146,2022-07-24 19:00,24.7,,2.5,250,92,28.6,23.3,996.9,1003.7,0,.21,,,7,4,,2,1728,,,26.6,,,,
146,2022-07-24 20:00,24.4,,2.5,230,92,28.1,23,997.6,1004.4,0,.05,,,9,4,,2,1355,,,25.8,,,,
146,2022-07-24 21:00,24.2,,2.6,230,92,27.7,22.8,998.4,1005.2,,,,,9,9,Sc,8,1168,,,25.4,,,,
146,2022-07-24 22:00,23.9,0,2.6,230,94,27.7,22.8,999.1,1005.9,,,,,8,8,StNs,1,444,,1901,25.3,,,,
146,2022-07-24 23:00,23.8,0,1.9,230,94,27.6,22.7,999.5,1006.4,,,,,9,9,Sc,6,1076,,1901,25.1,,,,
146,2022-07-25 00:00,23.8,,1.8,230,93,27.2,22.5,999.9,1006.8,,,,,9,9,Sc,8,1262,,,25,,,,
146,2022-07-25 01:00,23.5,,2,230,94,27.1,22.4,1000.1,1007,,,,,10,10,,2,1502,,,24.8,,,,
146,2022-07-25 02:00,23.4,,1.8,230,93,26.6,22.1,1000.1,1007,,,,,9,9,,2,1409,,,24.7,,,,
146,2022-07-25 03:00,23.5,,1.4,230,92,26.6,22.1,1000.4,1007.3,,,,,9,9,Sc,8,1294,,,24.7,,,,
146,2022-07-25 04:00,23.6,,1.1,230,92,26.8,22.2,1000.7,1007.6,,,,,9,9,Sc,8,1615,,,24.7,,,,
146,2022-07-25 05:00,23.6,,1.1,230,92,26.8,22.2,1001.3,1008.2,,,,,8,8,Sc,8,1339,,,24.6,,,,
146,2022-07-25 06:00,23.6,,1.3,230,92,26.8,22.2,1001.8,1008.7,0,0,,,9,9,Sc,8,1318,,,24.6,,,,
146,2022-07-25 07:00,24.3,0,1.2,200,90,27.2,22.5,1001.8,1008.6,.3,.2,,,7,7,Sc,8,1852,,1901,25.6,,,,
146,2022-07-25 08:00,25.5,,.6,180,84,27.2,22.5,1002.3,1009.2,.8,.94,,,9,9,Sc,10,1984,,,27.9,,,,
146,2022-07-25 09:00,25.1,,1.5,250,86,27.2,22.5,1002.9,1009.8,0,.36,,,9,9,Sc,10,1923,,,27.3,,,,
146,2022-07-25 10:00,26.2,,1.5,270,80,27.1,22.4,1003,1009.9,0,.98,,,9,9,Sc,10,1990,,,30.4,,,,
146,2022-07-25 11:00,27.6,,.7,360,77,28.3,23.1,1003.1,1009.9,.1,1.55,,,8,8,Sc,10,2000,,,34.1,,,,
146,2022-07-25 12:00,28.8,,1.2,250,68,26.8,22.2,1003,1009.8,1,3.38,,,7,7,Sc,10,2000,,,40.4,,,,
146,2022-07-25 13:00,29.8,,2.2,270,68,28.4,23.2,1002.2,1008.9,.9,3.29,,,6,6,Sc,10,2000,,,41.3,,,,
146,2022-07-25 14:00,29.2,,2.3,270,70,28.3,23.1,1002.3,1009.1,.6,2.52,,,7,7,Sc,10,2000,,,35.9,,,,
146,2022-07-25 15:00,30.3,,3.3,250,66,28.4,23.2,1002,1008.8,.7,2.46,,,6,6,Sc,10,2000,,,40.2,,,,
146,2022-07-25 16:00,29.3,,3.8,270,69,28.1,23,1001.9,1008.7,.8,2.07,,,4,4,Sc,10,2000,,,36.3,,,,
146,2022-07-25 17:00,29.1,,2.9,290,68,27.2,22.5,1001.6,1008.4,1,2,,,2,2,Sc,10,2000,,,35.7,,,,
146,2022-07-25 18:00,29.1,,2.1,250,69,27.7,22.8,1001.4,1008.2,1,1.21,,,0,0,,,2000,,,31.8,,,,
146,2022-07-25 19:00,28.1,,1.3,250,72,27.2,22.5,1001.4,1008.2,1,.52,,,0,0,,,2000,,,29.2,,,,
146,2022-07-25 20:00,26.7,,1.8,230,77,26.9,22.3,1001.5,1008.3,.1,.05,,,3,0,,,2000,,,27.3,,,,
146,2022-07-25 21:00,26.1,,1.9,230,79,26.6,22.1,1002.2,1009.1,,,,,0,0,,,2000,,,26.3,,,,
146,2022-07-25 22:00,25.6,,1.7,230,83,27.1,22.4,1002.7,1009.6,,,,,0,0,,,2000,,,25.7,,,,
146,2022-07-25 23:00,25.2,,1,230,85,27.1,22.4,1003,1009.9,,,,,1,0,,,2000,,,25.4,,,,
146,2022-07-26 00:00,25,,1.1,230,87,27.4,22.6,1003.2,1010.1,,,,,8,8,Sc,,1978,,,25.6,,,,
146,2022-07-26 01:00,25.1,,.6,200,86,27.2,22.5,1003.4,1010.3,,,,,4,4,,6,2000,,,25.6,,,,
146,2022-07-26 02:00,24.6,,1,110,89,27.6,22.7,1003.2,1010,,,,,8,8,,8,2000,,,25.3,,,,
146,2022-07-26 03:00,23.9,,1.2,140,91,26.9,22.3,1002.8,1009.7,,,,,0,0,,,1660,,,24.6,,,,
146,2022-07-26 04:00,23.5,,.7,140,92,26.6,22.1,1002.4,1009.3,,,,,0,0,,,1040,,,24.3,,,,
146,2022-07-26 05:00,23.2,,.6,20,93,26.4,22,1002.9,1009.8,,,,,0,0,,,730,,19,23.9,,,,
146,2022-07-26 06:00,23.6,,.6,90,93,27.1,22.4,1003.3,1010.2,0,.08,,,0,0,,,1240,,19,24,,,,
146,2022-07-26 07:00,24.9,,1.4,110,86,26.9,22.3,1003.1,1010,.6,.32,,,0,0,,,1930,,,24.9,,,,
146,2022-07-26 08:00,27.1,,.2,0,78,27.9,22.9,1003.2,1010,1,.96,,,0,0,,,2000,,,27.1,,,,
146,2022-07-26 09:00,28,,.7,250,73,27.4,22.6,1003.1,1009.9,1,1.66,,,0,0,,,2000,,,31.1,,,,
146,2022-07-26 10:00,29.9,,1.1,320,73,30.7,24.5,1002.9,1009.7,1,2.32,,,0,0,,,1989,,,36.1,,,,
146,2022-07-26 11:00,30.3,,1.7,320,70,30.2,24.2,1002.7,1009.5,.9,2.51,,,5,5,Sc,10,1851,,,38.7,,,,
146,2022-07-26 12:00,30.8,,1.2,270,67,29.7,23.9,1002.4,1009.2,.8,2.36,,,6,6,Sc,10,1982,,,37.1,,,,
146,2022-07-26 13:00,31.6,,1.3,290,62,28.8,23.4,1001.9,1008.6,.9,2.74,,,6,6,Sc,10,2000,,,38.9,,,,
146,2022-07-26 14:00,30.4,,3,270,69,29.8,24,1001.6,1008.4,.5,1.64,,,8,8,Sc,10,2000,,,34.2,,,,
146,2022-07-26 15:00,30.6,,3.2,250,72,31.5,24.9,1001.4,1008.1,.3,1.18,,,5,5,Sc,10,2000,,,36.8,,,,
146,2022-07-26 16:00,30.4,,3,270,71,30.7,24.5,1001.2,1008,1,2.42,,,4,4,Sc,10,2000,,,38.4,,,,
146,2022-07-26 17:00,30.9,,3.4,270,71,31.7,25,1001.4,1008.1,1,1.88,,,4,4,Sc,10,1929,,,36.4,,,,
146,2022-07-26 18:00,29.6,,2.4,270,73,30.2,24.2,1001.4,1008.1,1,1.21,,,2,2,Sc,10,1598,,,32.8,,,,
146,2022-07-26 19:00,27.9,,2.4,270,79,29.7,23.9,1001.8,1008.6,.4,.35,,,5,0,,,1387,,,29.9,,,,
146,2022-07-26 20:00,26.6,,1.5,270,83,28.8,23.4,1002.1,1008.9,0,.04,,,6,2,,8,1039,,,28.1,,,,
146,2022-07-26 21:00,26.7,,.7,250,80,27.9,22.9,1002.7,1009.5,,,,,8,8,Sc,10,1162,,19,27.6,,,,
146,2022-07-26 22:00,26.6,,0,0,81,28.1,23,1003.2,1010,,,,,7,7,,7,1111,,,27.2,,,,
146,2022-07-26 23:00,25.7,,1.1,50,88,28.9,23.5,1003.3,1010.2,,,,,6,1,,,925,,19,26.4,,,,
146,2022-07-27 00:00,26.1,,1,140,86,28.9,23.5,1003.1,1010,,,,,7,7,Sc,10,801,,19,26.5,,,,
146,2022-07-27 01:00,26,,.5,270,88,29.5,23.8,1002.9,1009.8,,,,,5,5,,6,872,,19,26.5,,,,
146,2022-07-27 02:00,25.3,,.9,340,91,29.3,23.7,1002.8,1009.7,,,,,6,6,,4,407,,19,26.5,,,,
146,2022-07-27 03:00,25.2,,.4,0,90,28.8,23.4,1002.3,1009.2,,,,,7,7,Sc,10,716,,19,26.7,,,,
146,2022-07-27 04:00,25,,.8,70,91,28.8,23.4,1002.1,1009,,,,,4,4,Sc,10,595,,19,26,,,,
146,2022-07-27 05:00,24.7,,1.2,110,91,28.3,23.1,1002.2,1009,,,,,2,2,Sc,10,771,,19,25.2,,,,
146,2022-07-27 06:00,24.4,,1.7,110,89,27.1,22.4,1002.5,1009.3,0,.02,,,2,0,Ci,,909,,19,24.9,,,,
146,2022-07-27 07:00,25.4,,1.1,140,84,27.1,22.4,1002.7,1009.6,0,.24,,,8,3,ScCi,10,1015,,19,26.5,,,,
146,2022-07-27 08:00,27.1,,1.7,140,76,27.1,22.4,1003,1009.8,.7,.93,,,8,1,ScCi,10,1521,,,28.3,,,,
146,2022-07-27 09:00,27.1,,.8,180,75,26.8,22.2,1003.1,1009.9,.9,1.31,,,8,4,ScCi,10,1550,,,30.8,,,,
146,2022-07-27 10:00,29,,1.8,140,67,26.8,22.2,1003.2,1010,1,2.4,,,5,4,ScCi,10,2000,,,35.5,,,,
146,2022-07-27 11:00,29.4,,2.9,110,59,24.1,20.5,1003.1,1009.9,1,2.91,,,8,1,ScCi,10,2000,,,37.6,,,,
146,2022-07-27 12:00,30.4,,2.3,110,57,24.7,20.9,1002.8,1009.6,1,2.71,,,8,2,ScCi,10,2000,,,39,,,,
146,2022-07-27 13:00,31.4,,1.8,110,52,23.8,20.3,1002.2,1008.9,1,3.19,,,7,2,AcCi,35,2000,,,41.3,,,,
146,2022-07-27 14:00,31.7,,1.8,160,49,22.8,19.6,1002,1008.7,1,3.07,,,7,0,Ci,,2000,,,42.1,,,,
146,2022-07-27 15:00,31.9,,2.3,110,48,22.7,19.5,1001.6,1008.3,1,3,,,1,0,Ci,,2000,,,43.9,,,,
146,2022-07-27 16:00,32.3,,1.8,200,50,24.1,20.5,1001.5,1008.2,1,2.57,,,4,3,ScCi,10,2000,,,42.1,,,,
146,2022-07-27 17:00,31.8,,1.7,200,50,23.4,20,1001.2,1007.9,1,1.96,,,5,3,ScCi,10,2000,,,38.6,,,,
146,2022-07-27 18:00,32.3,,1.4,180,51,24.6,20.8,1001,1007.7,1,1.31,,,6,4,ScCi,10,2000,,,35.6,,,,
146,2022-07-27 19:00,30.4,,1.8,140,55,23.8,20.3,1001.4,1008.2,.9,.46,,,2,0,,,2000,,,31.5,,,,
146,2022-07-27 20:00,29.1,,1.9,140,62,24.9,21,1001.8,1008.6,0,.03,,,2,0,,,2000,,,29,,,,
146,2022-07-27 21:00,28.2,,2,110,66,25.2,21.2,1002.4,1009.2,,,,,2,0,Ci,,2000,,,27.8,,,,
146,2022-07-27 22:00,27.3,,1.7,140,70,25.3,21.3,1003,1009.8,,,,,2,0,,,2000,,,27,,,,
146,2022-07-27 23:00,26.8,,1.6,110,71,24.9,21,1003.3,1010.1,,,,,2,0,,,2000,,,26.2,,,,
146,2022-07-28 00:00,26,,1.7,110,74,24.7,20.9,1003.3,1010.2,,,,,4,0,Ci,,2000,,,25.7,,,,
146,2022-07-28 01:00,25.5,,2,110,76,24.7,20.9,1003.2,1010.1,,,,,4,0,,,2000,,,25.2,,,,
146,2022-07-28 02:00,25.1,,2,110,78,24.7,20.9,1003.1,1010,,,,,2,0,,,1014,,,24.9,,,,
146,2022-07-28 03:00,25.1,,1.5,110,78,24.7,20.9,1003.2,1010.1,,,,,3,0,Ci,,1972,,,24.5,,,,
146,2022-07-28 04:00,24.9,,1.3,110,78,24.4,20.7,1003.2,1010.1,,,,,3,0,Ci,,1968,,,24.3,,,,
146,2022-07-28 05:00,24.2,,1.1,110,82,24.7,20.9,1003.3,1010.2,,,,,3,0,Ci,,1815,,,24,,,,
146,2022-07-28 06:00,23.6,,1.1,110,85,24.7,20.9,1003.5,1010.4,0,.01,,,4,0,Ci,,1702,,,23.9,,,,
146,2022-07-28 07:00,24.5,,.4,0,80,24.6,20.8,1003.8,1010.7,.9,.34,,,0,0,,,1677,,,24.8,,,,
146,2022-07-28 08:00,26.5,,1,20,74,25.5,21.4,1003.9,1010.8,1,.95,,,0,0,,,1934,,,26.9,,,,
146,2022-07-28 09:00,28.6,,1,110,64,25,21.1,1003.7,1010.5,.8,1.24,,,0,0,,,1994,,,30.3,,,,
146,2022-07-28 10:00,29.8,,1.3,160,64,26.8,22.2,1003.5,1010.2,1,2.27,,,0,0,,,2000,,,34.5,,,,
146,2022-07-28 11:00,31.3,,1.8,110,61,27.7,22.8,1003.5,1010.2,1,2.79,,,0,0,,,1989,,,38.6,,,,
146,2022-07-28 12:00,32.6,,1.3,140,60,29.5,23.8,1003.2,1009.9,.9,2.79,,,4,4,Sc,10,2000,,,40.6,,,,
146,2022-07-28 13:00,33.5,,1.6,160,58,29.8,24,1002.7,1009.4,.9,2.86,,,2,2,Sc,10,2000,,,44.3,,,,
146,2022-07-28 14:00,32.7,,3.9,140,53,26.1,21.8,1002.6,1009.3,.8,2.72,,,2,2,Sc,10,2000,,,45.3,,,,
146,2022-07-28 15:00,33.3,,2.5,140,54,27.6,22.7,1002.6,1009.3,.6,1.48,,,4,4,Sc,10,2000,,,44,,,,
146,2022-07-28 16:00,33.3,,3,200,51,26,21.7,1002.6,1009.3,.9,2.24,,,5,5,Sc,10,2000,,,44.1,,,,
146,2022-07-28 17:00,33.4,,3.4,230,51,26.1,21.8,1002.4,1009.1,1,1.94,,,2,2,Sc,10,2000,,,40.3,,,,
146,2022-07-28 18:00,32.7,,3.1,200,50,24.7,20.9,1002.6,1009.3,1,1.19,,,2,2,Sc,10,2000,,,35.9,,,,
146,2022-07-28 19:00,31.6,,2.1,200,52,24.1,20.5,1003,1009.7,1,.45,,,3,0,,,2000,,,32.4,,,,
146,2022-07-28 20:00,30.8,,1.6,180,56,24.9,21,1003.4,1010.2,0,.04,,,2,0,,,2000,,,30.4,,,,
146,2022-07-28 21:00,29,,.6,70,67,26.8,22.2,1004.2,1011,,,,,2,0,Ci,,1970,,,29.2,,,,
146,2022-07-28 22:00,28.5,,1,140,69,26.8,22.2,1004.8,1011.6,,,,,3,0,,,2000,,,28.4,,,,
146,2022-07-28 23:00,27.9,,1.4,140,72,26.9,22.3,1005,1011.8,,,,,2,0,,,1933,,,27.7,,,,
146,2022-07-29 00:00,27.6,,1.5,110,74,27.2,22.5,1005,1011.8,,,,,2,0,Ci,,1815,,,27.2,,,,
146,2022-07-29 01:00,27.4,,1.4,110,76,27.6,22.7,1005.4,1012.2,,,,,5,5,,18,1702,,,27.1,,,,
146,2022-07-29 02:00,26.9,,1.7,140,78,27.6,22.7,1005.1,1011.9,,,,,5,4,,21,1710,,,26.8,,,,
146,2022-07-29 03:00,26.7,,1.2,110,79,27.6,22.7,1005,1011.9,,,,,2,2,Sc,10,1797,,,26.4,,,,
146,2022-07-29 04:00,26.4,,1.1,110,80,27.4,22.6,1005.1,1012,,,,,7,7,Sc,15,1612,,,26.6,,,,
146,2022-07-29 05:00,25.9,,.4,0,81,26.9,22.3,1005.3,1012.2,,,,,4,2,ScCi,10,1977,,,25.9,,,,
146,2022-07-29 06:00,26.2,,.9,140,80,27.1,22.4,1005.6,1012.5,0,.01,,,4,4,Ac,30,1710,,,26,,,,
146,2022-07-29 07:00,27.5,,.8,140,75,27.4,22.6,1005.6,1012.4,.9,.34,,,0,0,,,1768,,,26.3,,,,
146,2022-07-29 08:00,29.6,,.5,110,66,27.2,22.5,1005.6,1012.4,1,1.01,,,0,0,,,1939,,,27.8,,,,
146,2022-07-29 09:00,30.8,,1.3,20,65,28.8,23.4,1005.7,1012.5,1,1.69,,,0,0,,,2000,,,31.9,,,,
146,2022-07-29 10:00,32.1,,1.3,360,63,30,24.1,1005.5,1012.2,1,2.39,,,1,1,Sc,10,2000,,,37.3,,,,
146,2022-07-29 11:00,33.1,,1.4,90,58,29.3,23.7,1005.1,1011.8,1,2.56,,,1,1,Sc,10,2000,,,40.6,,,,
146,2022-07-29 12:00,33.3,,1.6,90,54,27.6,22.7,1004.9,1011.6,.6,1.86,,,6,6,Sc,10,2000,,,40.1,,,,
146,2022-07-29 13:00,33.3,,2.1,90,52,26.6,22.1,1004.3,1011,.7,2.24,,,4,4,Sc,12,2000,,,41.9,,,,
146,2022-07-29 14:00,35,,2,70,47,26.3,21.9,1003.7,1010.4,.9,3.03,,,5,5,Sc,12,2000,,,46.7,,,,
146,2022-07-29 15:00,33.5,,1.8,50,52,26.8,22.2,1003.2,1009.9,.6,1.82,,,8,7,ScCi,12,2000,,,40.9,,,,
146,2022-07-29 16:00,33.5,,2.9,90,52,26.8,22.2,1002.8,1009.5,.4,1.16,,,6,5,ScCi,12,2000,,,39,,,,
146,2022-07-29 17:00,34.6,,1.6,90,52,28.4,23.2,1002.6,1009.3,.3,.89,,,7,6,ScCi,12,2000,,,38,,,,
146,2022-07-29 18:00,33.8,,1.7,110,52,27.2,22.5,1002.2,1008.9,.3,.73,,,8,7,ScCi,12,2000,,,35.8,,,,
146,2022-07-29 19:00,32.9,,2.1,140,56,27.9,22.9,1002.5,1009.2,.3,.37,,,7,1,,,2000,,,33.2,,,,
146,2022-07-29 20:00,31.6,,1.6,140,64,29.7,23.9,1003.1,1009.8,0,.02,,,3,2,,19,2000,,,31.3,,,,
146,2022-07-29 21:00,30.8,,1.6,140,65,28.8,23.4,1003.6,1010.4,,,,,2,2,Sc,10,2000,,,30.1,,,,
146,2022-07-29 22:00,30.6,,1.4,110,66,28.9,23.5,1004.2,1011,,,,,3,0,,,2000,,,29.3,,,,
146,2022-07-29 23:00,29.7,,1.3,110,70,29.1,23.6,1004,1010.8,,,,,2,0,,,2000,,,28.6,,,,
146,2022-07-30 00:00,29.1,,.5,110,72,28.9,23.5,1004.1,1010.9,,,,,2,2,Sc,10,1911,,,28,,,,
146,2022-07-30 01:00,28.2,,.2,0,73,27.7,22.8,1003.6,1010.4,,,,,3,0,,,2000,,,27.5,,,,
146,2022-07-30 02:00,27,,1.4,50,77,27.4,22.6,1003.2,1010,,,,,3,0,,,2000,,,27,,,,
146,2022-07-30 03:00,26.6,,1.2,50,77,26.8,22.2,1003,1009.8,,,,,3,0,Ci,,2000,,,26.5,,,,
146,2022-07-30 04:00,25.9,,1.3,20,79,26.3,21.9,1002.6,1009.5,,,,,3,0,Ci,,2000,,,26.1,,,,
146,2022-07-30 05:00,25.8,,1.7,20,80,26.4,22,1002.2,1009.1,,,,,2,0,Ci,,2000,,,25.8,,,,
146,2022-07-30 06:00,25.2,,1.3,20,83,26.4,22,1002.3,1009.2,0,.01,,,3,0,Ci,,2000,,,25.6,,,,
146,2022-07-30 07:00,27.2,,1.1,20,75,26.9,22.3,1002.2,1009,1,.35,,,0,0,,,2000,,,26.4,,,,
146,2022-07-30 08:00,28.7,,1.7,20,71,27.9,22.9,1002.3,1009.1,1,1.01,,,1,0,Ci,,2000,,,28.3,,,,
146,2022-07-30 09:00,30.6,,3,70,64,28.1,23,1002.2,1009,1,1.72,,,2,0,Ci,,2000,,,32,,,,
146,2022-07-30 10:00,31.5,,3,90,58,26.8,22.2,1002.3,1009,.4,1.31,,,7,5,ScCcCi,14,2000,,,33.2,,,,
146,2022-07-30 11:00,31.1,,3.3,90,58,26.1,21.8,1002.4,1009.1,.5,1.82,,,9,7,ScCi,10,2000,,,34.7,,,,
146,2022-07-30 12:00,31.5,,4.2,90,59,27.2,22.5,1001.6,1008.3,.3,1.6,,,9,6,ScAs,10,2000,,,37.1,,,,
146,2022-07-30 13:00,30.7,0,2.5,90,64,28.3,23.1,1001.6,1008.3,.1,1.1,,,10,4,ScAs,12,2000,,01,34.9,,,,
146,2022-07-30 14:00,29.7,0,2.6,70,68,28.3,23.1,1001.5,1008.2,0,.74,,,10,8,ScAs,10,2000,,01,32.8,,,,
146,2022-07-30 15:00,29.2,0,2.6,90,71,28.6,23.3,1001.3,1008.1,0,.76,,,10,7,ScAs,10,2000,,01,32.3,,,,
146,2022-07-30 16:00,29.2,.1,2.4,90,72,29.1,23.6,1001,1007.7,0,.6,,,10,6,ScAs,10,2000,,01,31.9,,,,
146,2022-07-30 17:00,29.4,,2.4,90,71,28.9,23.5,1000.7,1007.4,0,.55,,,10,5,ScAs,10,2000,,,31.2,,,,
146,2022-07-30 18:00,29.4,,2.1,70,71,28.9,23.5,999.9,1006.6,0,.46,,,9,4,ScAs,10,2000,,,30.7,,,,
146,2022-07-30 19:00,29.6,,2.3,70,69,28.6,23.3,1000.1,1006.8,0,.2,,,10,4,,60,2000,,,29.2,,,,
146,2022-07-30 20:00,28.4,,1.8,20,74,28.6,23.3,999.9,1006.7,0,.03,,,7,3,,,2000,,,28.1,,,,
146,2022-07-30 21:00,28.9,,1.5,90,69,27.4,22.6,1000.4,1007.2,,,,,7,1,ScCi,15,2000,,,27.5,,,,
146,2022-07-30 22:00,27.4,,1.2,360,79,28.8,23.4,1000.2,1007,,,,,7,0,,,2000,,,27.1,,,,
146,2022-07-30 23:00,29.2,,2.5,90,66,26.6,22.1,1000.3,1007,,,,,9,4,,50,2000,,,26.9,,,,
146,2022-07-31 00:00,28.8,0,2.2,50,69,27.2,22.5,999.6,1006.4,,,,,10,5,ScAs,10,2000,,01,27.1,,,,
146,2022-07-31 01:00,28.8,0,1.4,110,70,27.6,22.7,1000.1,1006.9,,,,,10,7,ScAs,10,2000,,01,27.1,,,,
146,2022-07-31 02:00,26.6,.5,1.1,340,86,29.8,24,1000,1006.8,,,,,10,5,ScAs,10,1972,,01,27.1,,,,
146,2022-07-31 03:00,25.7,1.1,.9,70,91,30,24.1,999.5,1006.3,,,,,10,4,ScAs,10,2000,,01,27,,,,
146,2022-07-31 04:00,25,2.5,2,50,95,30,24.1,998.9,1005.8,,,,,10,3,ScAs,10,2000,,01,26.5,,,,
146,2022-07-31 05:00,24.9,,1.1,340,95,29.8,24,998.5,1005.4,,,,,10,3,ScAs,10,1877,,,26.2,,,,
146,2022-07-31 06:00,25.7,0,.4,0,92,30.2,24.2,998.6,1005.4,0,0,,,10,7,ScAs,10,1960,,01,26.4,,,,
146,2022-07-31 07:00,25.8,1.3,.8,160,91,30.2,24.2,999,1005.8,0,.05,,,9,7,ScAs,10,2000,,01,26.8,,,,
146,2022-07-31 08:00,26.5,0,.4,0,92,31.7,25,998.7,1005.5,0,.3,,,9,4,ScAs,10,1997,,01,28.6,,,,
146,2022-07-31 09:00,26.5,.3,.6,360,92,31.7,25,998.8,1005.6,0,.41,,,10,4,ScAs,10,2000,,01,29.8,,,,
146,2022-07-31 10:00,27.7,0,.3,0,88,32.6,25.5,998.6,1005.4,0,.56,,,9,4,ScAs,12,2000,,01,30.9,,,,
146,2022-07-31 11:00,28,0,1.1,20,87,32.8,25.6,998.3,1005.1,0,.83,,,10,3,ScAs,10,2000,,01,32.3,,,,
146,2022-07-31 12:00,26.6,.6,1.9,70,93,32.2,25.3,998.4,1005.2,0,.63,,,10,8,StNs,5,367,,01,30.4,,,,
146,2022-07-31 13:00,25.8,6.2,1.2,90,95,31.5,24.9,998.2,1005,0,.13,,,10,7,StNs,5,194,,01,28.4,,,,
146,2022-07-31 14:00,25.6,5.3,1.5,70,96,31.5,24.9,997.9,1004.7,0,.15,,,10,8,StNs,7,560,,01,28.3,,,,
146,2022-07-31 15:00,26.3,1.2,3.1,140,89,30.4,24.3,997.4,1004.2,0,.55,,,10,8,StNs,9,2000,,01,29.5,,,,
146,2022-07-31 16:00,26.6,0,2.6,110,86,29.8,24,997.8,1004.6,0,.61,,,9,7,ScAs,8,2000,,01,29.6,,,,
146,2022-07-31 17:00,27.3,,2,140,80,28.9,23.5,997.4,1004.2,0,.48,,,9,4,ScAs,9,2000,,,29.3,,,,
146,2022-07-31 18:00,26.9,0,1,110,82,28.9,23.5,997.3,1004.1,0,.2,,,10,9,ScAs,9,2000,,01,28.1,,,,
146,2022-07-31 19:00,27,0,2,110,83,29.5,23.8,997.3,1004.1,0,.04,,,9,7,ScAs,8,2000,,01,27.6,,,,
146,2022-07-31 20:00,26.9,,2.5,110,82,28.9,23.5,997.2,1004,0,.04,,,9,5,,8,2000,,,27,,,,
146,2022-07-31 21:00,25.8,.5,1.4,110,90,29.8,24,997.9,1004.7,,,,,10,7,StNs,6,606,,1901,26.8,,,,
146,2022-07-31 22:00,25.9,.1,2,110,89,29.7,23.9,998.2,1005,,,,,10,7,ScAs,8,2000,,1901,26.7,,,,
146,2022-07-31 23:00,26.3,0,1.2,110,88,30,24.1,998,1004.8,,,,,10,7,ScAs,8,2000,,01,26.6,,,,
146,2022-08-01 00:00,27.1,0,1.8,140,83,29.7,23.9,998,1004.8,,,,,10,7,,,1723,,01,26.6,,,,
146,2022-08-01 01:00,25.9,1.4,1.1,140,90,30,24.1,997.7,1004.5,,,,,10,10,StNs,6,1089,,1901,26.5,,,,
146,2022-08-01 02:00,26.8,0,.8,140,85,29.8,24,997.6,1004.4,,,,,10,5,ScAs,9,2000,,01,26.5,,,,
146,2022-08-01 03:00,27.2,0,1.9,160,84,30.2,24.2,997.7,1004.5,,,,,10,5,StNs,6,1835,,01,26.4,,,,
146,2022-08-01 04:00,26.3,0,1.5,110,90,30.7,24.5,998,1004.8,,,,,10,5,ScAs,8,2000,,01,26.4,,,,
146,2022-08-01 05:00,26.7,0,3.1,140,85,29.7,23.9,998.1,1004.9,,,,,10,7,StNs,6,1567,,01,26.3,,,,
146,2022-08-01 06:00,26.8,.1,2.2,140,83,29.1,23.6,998.5,1005.3,0,0,,,10,5,StNs,6,1526,,01,26.2,,,,
146,2022-08-01 07:00,26.7,0,2.1,140,85,29.7,23.9,999,1005.8,0,.07,,,10,5,StNs,6,1920,,01,26.7,,,,
146,2022-08-01 08:00,26.6,0,2.2,110,87,30.2,24.2,998.9,1005.7,0,.19,,,8,6,ScAc,8,2000,,01,27.4,,,,
146,2022-08-01 09:00,28.5,,2.5,110,80,31.1,24.7,999,1005.8,.2,.96,,,8,8,Sc,7,1999,,,30.9,,,,
146,2022-08-01 10:00,30.1,,1.5,140,73,31.1,24.7,998.8,1005.5,.7,1.89,,,7,7,Sc,8,2000,,,34.1,,,,
146,2022-08-01 11:00,30.3,,2.7,140,73,31.5,24.9,998.6,1005.3,.4,1.69,,,7,7,Sc,9,2000,,,34.5,,,,
146,2022-08-01 12:00,31.5,,2.3,110,68,31.3,24.8,998,1004.7,.7,2.57,,,5,5,Sc,11,2000,,,38.8,,,,
146,2022-08-01 13:00,32.3,,1.7,140,66,31.9,25.1,997.5,1004.2,.8,3.02,,,9,9,Sc,11,2000,,,38.9,,,,
146,2022-08-01 14:00,31.1,,3.2,70,67,30.2,24.2,996.8,1003.5,.2,1.6,,,8,8,Sc,10,2000,,,36.6,,,,
146,2022-08-01 15:00,30.4,,3.2,70,67,28.9,23.5,996.4,1003.1,0,.9,,,10,8,ScAs,10,2000,,,34,,,,
146,2022-08-01 16:00,30.3,,2.7,90,69,29.7,23.9,995.8,1002.5,0,.66,,,9,9,Sc,12,2000,,,32.4,,,,
146,2022-08-01 17:00,30.4,0,1.6,140,69,29.8,24,995.7,1002.4,0,.56,,,8,8,Sc,9,2000,,01,32.1,,,,
146,2022-08-01 18:00,30.1,,1.9,110,72,30.6,24.4,995.9,1002.6,0,.34,,,9,9,Sc,10,2000,,,30.8,,,,
146,2022-08-01 19:00,28.7,0,3.2,140,79,30.9,24.6,996.3,1003,0,.14,,,7,7,Sc,8,2000,,01,29.1,,,,
146,2022-08-01 20:00,28.7,,2.6,140,79,30.9,24.6,997.2,1003.9,0,.02,,,9,1,,8,2000,,,28.3,,,,
146,2022-08-01 21:00,28.9,,2.1,160,78,30.9,24.6,998.3,1005,,,,,10,8,ScAs,8,2000,,,28.1,,,,
146,2022-08-01 22:00,28.3,,2,180,80,30.7,24.5,999.3,1006.1,,,,,9,9,,8,2000,,,27.8,,,,
146,2022-08-01 23:00,28.5,,1.7,180,75,29.1,23.6,999.9,1006.7,,,,,9,9,,10,2000,,,27.4,,,,
146,2022-08-02 00:00,27.4,0,3.3,140,81,29.5,23.8,999.8,1006.6,,,,,10,7,,,2000,,01,27.1,,,,
146,2022-08-02 01:00,27.8,,1.5,160,78,29.1,23.6,1000.1,1006.9,,,,,7,3,,11,2000,,,26.9,,,,
146,2022-08-02 02:00,27.8,,1.3,160,78,29.1,23.6,1000.6,1007.4,,,,,8,7,,10,2000,,,27,,,,
146,2022-08-02 03:00,26.4,.3,1.4,250,87,29.8,24,1000.9,1007.7,,,,,10,8,ScAs,10,2000,,01,26.9,,,,
146,2022-08-02 04:00,25.6,1,1.6,140,94,30.7,24.5,1001.2,1008.1,,,,,10,7,ScAs,10,2000,,01,26.7,,,,
146,2022-08-02 05:00,25.8,0,1.6,140,92,30.4,24.3,1001.4,1008.3,,,,,10,6,ScAs,10,1974,,01,26.7,,,,
146,2022-08-02 06:00,26.1,.1,1.2,160,90,30.4,24.3,1001.9,1008.8,0,0,,,10,8,ScAs,10,2000,,01,26.7,,,,
146,2022-08-02 07:00,26.5,,1.1,180,87,30,24.1,1002.2,1009,0,.09,,,9,8,ScAs,10,2000,,,27.2,,,,
146,2022-08-02 08:00,27,,1.3,140,86,30.6,24.4,1002.5,1009.3,0,.22,,,9,8,ScAs,10,2000,,,27.9,,,,
146,2022-08-02 09:00,27.8,.2,1.3,180,86,32.1,25.2,1003.1,1009.9,.1,.49,,,8,5,ScAc,8,2000,,01,29.8,,,,
146,2022-08-02 10:00,28.9,0,2.1,230,79,31.3,24.8,1003.2,1010,.6,1.75,,,7,7,Sc,8,2000,,01,32.5,,,,
146,2022-08-02 11:00,30.6,,3.2,230,69,30.2,24.2,1003,1009.8,.9,2.68,,,6,6,Sc,12,2000,,,37,,,,
146,2022-08-02 12:00,30.6,,3.1,230,68,29.8,24,1002.8,1009.6,.8,2.72,,,6,6,Sc,10,2000,,,34.4,,,,
146,2022-08-02 13:00,29.9,,4.4,250,74,31.1,24.7,1002.6,1009.4,.6,2.03,,,6,6,Sc,10,2000,,,36.6,,,,
146,2022-08-02 14:00,29.9,,3.7,230,73,30.7,24.5,1002.6,1009.4,.7,2.59,,,7,7,Sc,10,2000,,,35,,,,
146,2022-08-02 15:00,29.1,0,4.5,230,77,30.9,24.6,1002.7,1009.5,.2,1.44,,,7,7,CbSc,10,1823,,01,32.7,,,,
146,2022-08-02 16:00,31,0,2.5,200,69,30.9,24.6,1002.7,1009.4,.8,2.4,,,8,8,Sc,10,2000,,01,37.1,,,,
146,2022-08-02 17:00,29.7,,2.6,250,76,31.7,25,1002.9,1009.6,.1,.73,,,7,7,Sc,10,2000,,,32.7,,,,
146,2022-08-02 18:00,29.3,0,2.2,250,79,32.1,25.2,1003,1009.8,.2,.47,,,7,7,Sc,10,2000,,01,31.4,,,,
146,2022-08-02 19:00,28.7,,2,250,80,31.3,24.8,1003.4,1010.2,.4,.45,,,6,3,,11,2000,,,29.9,,,,
146,2022-08-02 20:00,28.7,,1.9,230,79,30.9,24.6,1003.6,1010.4,0,.01,,,9,1,,13,1415,,,28.4,,,,
146,2022-08-02 21:00,28.5,,1.4,230,78,30.2,24.2,1004,1010.8,,,,,3,0,Ci,,2000,,,27.6,,,,
146,2022-08-02 22:00,28,,.2,0,80,30.2,24.2,1004.7,1011.5,,,,,6,2,,10,2000,,,27.2,,,,
146,2022-08-02 23:00,27.8,,.7,180,78,29.1,23.6,1004.7,1011.5,,,,,6,0,,,2000,,,26.8,,,,
146,2022-08-03 00:00,26.8,,.5,110,84,29.5,23.8,1004.6,1011.4,,,,,0,0,,,2000,,,26.5,,,,
146,2022-08-03 01:00,26.8,,.3,0,83,29.1,23.6,1004.7,1011.5,,,,,5,0,,,2000,,,26.2,,,,
146,2022-08-03 02:00,26.8,,.4,0,83,29.1,23.6,1004.6,1011.4,,,,,5,0,,,1966,,,26,,,,
146,2022-08-03 03:00,26.3,,.9,140,85,28.9,23.5,1004.5,1011.4,,,,,1,1,Sc,10,1945,,,25.9,,,,
146,2022-08-03 04:00,25.8,,1,140,87,28.8,23.4,1004.6,1011.5,,,,,1,1,Sc,10,2000,,,25.7,,,,
146,2022-08-03 05:00,25.7,,1,110,88,28.9,23.5,1004.6,1011.5,,,,,5,5,Sc,10,723,,19,25.7,,,,
146,2022-08-03 06:00,25.9,,.6,110,87,28.9,23.5,1004.9,1011.8,0,0,,,5,5,Sc,10,2000,,19,26.1,,,,
146,2022-08-03 07:00,26.6,,.9,140,86,29.8,24,1005.2,1012.1,0,.18,,,6,4,ScCi,10,2000,,,27.1,,,,
146,2022-08-03 08:00,28.3,,1,160,81,31.1,24.7,1005.6,1012.4,.3,.5,,,6,6,Sc,10,2000,,,28.4,,,,
146,2022-08-03 09:00,29.1,,1.1,160,75,30.2,24.2,1005.5,1012.3,.8,1.28,,,6,6,Sc,10,2000,,,31.5,,,,
146,2022-08-03 10:00,29.9,,2.6,200,70,29.5,23.8,1005.3,1012.1,.8,2.09,,,5,5,Sc,10,2000,,,34.4,,,,
146,2022-08-03 11:00,31,,2.4,230,67,30,24.1,1004.8,1011.6,.7,1.82,,,6,6,Sc,10,2000,,,35.2,,,,
146,2022-08-03 12:00,31.7,,2.2,250,65,30.4,24.3,1004.3,1011,.8,2.56,,,8,8,CuSc,8,2000,,,40.2,,,,
146,2022-08-03 13:00,31.1,0,2.6,270,69,31.1,24.7,1004.1,1010.9,.5,2.06,,,7,7,Sc,8,2000,,01,39.5,,,,
146,2022-08-03 14:00,30.9,,2.2,270,72,32.1,25.2,1003.5,1010.3,.4,1.87,,,6,6,CuSc,8,2000,,,37.7,,,,
146,2022-08-03 15:00,31.7,,2.8,270,68,31.7,25,1003.4,1010.1,.8,2.49,,,7,7,CuSc,8,2000,,,39.4,,,,
146,2022-08-03 16:00,31.4,,3.5,250,68,31.1,24.7,1003.2,1009.9,.7,2.07,,,6,6,CuSc,8,2000,,,38.2,,,,
146,2022-08-03 17:00,31.2,,2.6,270,67,30.4,24.3,1003.2,1009.9,.9,1.62,,,6,6,Sc,10,2000,,,36.7,,,,
146,2022-08-03 18:00,30.1,0,2.2,270,73,31.1,24.7,1002.8,1009.6,.5,.93,,,8,8,CuSc,8,2000,,01,32.8,,,,
146,2022-08-03 19:00,28,2,1.8,250,85,32.1,25.2,1003,1009.8,0,.18,,,9,9,Sc,10,2000,,01,30.5,,,,
146,2022-08-03 20:00,27.3,1.6,1.7,290,91,32.8,25.6,1003.3,1010.1,0,.03,,,10,8,ScAs,10,1955,,01,29.2,,,,
146,2022-08-03 21:00,27.3,0,2.6,270,90,32.6,25.5,1003.5,1010.3,,,,,5,5,Sc,10,2000,,01,28.5,,,,
146,2022-08-03 22:00,26.8,,1.6,270,92,32.2,25.3,1004.1,1010.9,,,,,4,4,,4,2000,,,28.1,,,,
146,2022-08-03 23:00,26.8,,1.5,270,92,32.2,25.3,1004.2,1011,,,,,5,5,,3,2000,,,27.9,,,,
146,2022-08-04 00:00,26.6,,1.4,270,92,31.9,25.1,1004.2,1011.1,,,,,7,7,Sc,10,2000,,,27.7,,,,
146,2022-08-04 01:00,26.7,,.7,250,91,31.9,25.1,1004,1010.8,,,,,5,2,,3,2000,,,27.3,,,,
146,2022-08-04 02:00,26.5,0,.8,250,93,32.1,25.2,1003.9,1010.8,,,,,7,7,Sc,10,2000,,01,27.4,,,,
146,2022-08-04 03:00,26.5,,.8,230,93,32.1,25.2,1004,1010.9,,,,,7,7,Sc,10,1368,,,27.3,,,,
146,2022-08-04 04:00,26.4,,.8,230,92,31.5,24.9,1004.1,1011,,,,,5,5,Sc,10,2000,,,26.9,,,,
146,2022-08-04 05:00,26.6,,.3,0,91,31.7,25,1004.3,1011.2,,,,,7,7,Sc,10,2000,,,26.8,,,,
146,2022-08-04 06:00,26.7,,.3,0,90,31.5,24.9,1004.5,1011.4,0,0,,,6,6,Sc,10,2000,,,27,,,,
146,2022-08-04 07:00,27.1,,.4,0,89,31.9,25.1,1004.7,1011.5,0,.12,,,6,6,Sc,10,2000,,,27.7,,,,
146,2022-08-04 08:00,27.4,0,.5,250,87,31.7,25,1004.9,1011.7,0,.32,,,9,9,Sc,8,2000,,01,28.5,,,,
146,2022-08-04 09:00,28.1,,1.4,230,84,31.9,25.1,1004.7,1011.5,.1,.51,,,7,7,Sc,8,2000,,,30.4,,,,
146,2022-08-04 10:00,28.9,0,2.2,250,79,31.3,24.8,1004.5,1011.3,.4,1.3,,,8,8,CuSc,6,2000,,04,31.8,,,,
146,2022-08-04 11:00,29.7,.2,2.9,270,78,32.4,25.4,1004.3,1011.1,.3,1.45,,,7,7,CuSc,6,2000,,04,36.4,,,,
146,2022-08-04 12:00,29.5,0,3,270,75,30.7,24.5,1004,1010.8,.6,2.17,,,8,8,CuSc,6,2000,,04,35.3,,,,
146,2022-08-04 13:00,30.9,,2.7,270,69,30.7,24.5,1003.3,1010.1,.9,2.87,,,7,7,Cu,6,2000,,,40.3,,,,
146,2022-08-04 14:00,31.7,,2.6,270,66,30.7,24.5,1002.7,1009.4,1,2.92,,,7,6,CuCi,8,2000,,,42.3,,,,
146,2022-08-04 15:00,31.9,,2.4,270,67,31.7,25,1002.4,1009.1,1,2.85,,,5,5,Cu,8,2000,,,43,,,,
146,2022-08-04 16:00,32.3,,2.2,270,68,32.8,25.6,1002.2,1008.9,1,2.23,,,7,6,CuCi,9,2000,,,40.7,,,,
146,2022-08-04 17:00,30.9,,2.5,270,70,31.1,24.7,1002,1008.7,.5,1.13,,,7,5,CuCi,8,2000,,,34,,,,
146,2022-08-04 18:00,31,,2.8,250,68,30.4,24.3,1001.7,1008.4,.8,1.02,,,6,4,CuCi,8,2000,,,32.6,,,,
146,2022-08-04 19:00,29.5,,2.8,270,75,30.7,24.5,1001.9,1008.6,.9,.48,,,4,1,,9,2000,,,30.2,,,,
146,2022-08-04 20:00,28.3,,2.1,270,79,30.4,24.3,1001.9,1008.7,0,.03,,,3,2,,8,2000,,,28.6,,,,
146,2022-08-04 21:00,28.1,,1.2,250,84,31.9,25.1,1002.3,1009.1,,,,,8,8,Sc,10,2000,,,28.6,,,,
146,2022-08-04 22:00,27.6,,.8,270,87,32.1,25.2,1002.4,1009.2,,,,,1,1,,4,2000,,,28.2,,,,
146,2022-08-04 23:00,27.3,,1.5,230,88,31.9,25.1,1002.2,1009,,,,,2,1,,,2000,,,27.5,,,,
146,2022-08-05 00:00,27.3,,1,230,86,31.1,24.7,1002,1008.8,,,,,1,1,Sc,10,2000,,,27.2,,,,
146,2022-08-05 01:00,27,,.8,110,89,31.7,25,1001.8,1008.6,,,,,1,0,,,2000,,,27,,,,
146,2022-08-05 02:00,26.9,,.3,0,88,31.1,24.7,1001.9,1008.7,,,,,2,2,,7,2000,,,27,,,,
146,2022-08-05 03:00,26.6,,.9,110,89,30.9,24.6,1001.6,1008.4,,,,,8,8,Sc,10,2000,,,27.2,,,,
146,2022-08-05 04:00,26.4,.1,.6,140,89,30.6,24.4,1001.7,1008.5,,,,,8,8,Sc,10,2000,,04,27.2,,,,
146,2022-08-05 05:00,26.6,,1.1,110,86,29.8,24,1001.5,1008.3,,,,,9,9,Sc,10,2000,,,27.3,,,,
146,2022-08-05 06:00,26.6,0,.9,110,87,30.2,24.2,1001.6,1008.4,0,0,,,9,9,Sc,10,2000,,04,27.3,,,,
146,2022-08-05 07:00,27.4,,.8,180,83,30.2,24.2,1001.4,1008.2,0,.07,,,9,9,Sc,15,2000,,,27.8,,,,
146,2022-08-05 08:00,26.9,.1,.8,160,86,30.4,24.3,1001.3,1008.1,0,.14,,,9,9,Sc,10,1697,,04,28.3,,,,
146,2022-08-05 09:00,27.5,1.4,.2,0,87,31.9,25.1,1001.4,1008.2,0,.31,,,9,9,Sc,10,2000,,04,29.7,,,,
146,2022-08-05 10:00,28.8,,1.2,200,81,32.1,25.2,1001.3,1008.1,0,.99,,,9,9,Sc,10,2000,,,31.9,,,,
146,2022-08-05 11:00,30.4,,2.5,230,75,32.4,25.4,1000.8,1007.5,.3,1.86,,,9,9,Sc,10,2000,,,35.6,,,,
146,2022-08-05 12:00,30.3,0,3.5,250,76,32.6,25.5,1000.3,1007,.4,2.03,,,9,9,Sc,10,2000,,04,36,,,,
146,2022-08-05 13:00,31.6,,2.5,250,72,33.4,25.9,999.9,1006.6,.8,2.51,,,8,8,Sc,10,2000,,,38.1,,,,
146,2022-08-05 14:00,30.9,0,3.1,250,73,32.4,25.4,999.5,1006.2,.7,2.52,,,8,8,Sc,10,2000,,04,38.1,,,,
146,2022-08-05 15:00,30.8,0,3,270,73,32.2,25.3,998.7,1005.4,.5,1.81,,,7,7,Sc,10,2000,,04,37,,,,
146,2022-08-05 16:00,31.8,,3,250,71,33.2,25.8,998.2,1004.9,.8,2.12,,,6,6,Sc,10,2000,,,38.9,,,,
146,2022-08-05 17:00,31.8,,2.3,270,67,31.5,24.9,998,1004.7,.8,1.55,,,3,3,Sc,10,2000,,,37.1,,,,
146,2022-08-05 18:00,31.2,,1.9,270,69,31.3,24.8,997.8,1004.5,.7,.71,,,2,2,Sc,10,2000,,,32.6,,,,
146,2022-08-05 19:00,29.3,,2.1,290,82,33.2,25.8,998.5,1005.2,.3,.27,,,3,3,,8,2000,,,30.7,,,,
146,2022-08-05 20:00,28.3,,1.4,290,85,32.6,25.5,999.3,1006.1,0,.02,,,4,4,,4,2000,,,29.3,,,,
146,2022-08-05 21:00,28.2,,2.6,270,86,32.8,25.6,999.7,1006.5,,,,,8,8,Sc,8,2000,,,28.9,,,,
146,2022-08-05 22:00,28.1,,1,270,88,33.4,25.9,999.6,1006.4,,,,,1,1,,3,1909,,,28.8,,,,
146,2022-08-05 23:00,27.9,,1.6,250,89,33.4,25.9,999.7,1006.5,,,,,3,3,,3,1999,,,28.4,,,,
146,2022-08-06 00:00,27.6,,1.3,230,90,33.2,25.8,999.9,1006.7,,,,,6,6,Sc,8,1923,,,28.2,,,,
146,2022-08-06 01:00,27.4,,1.5,270,90,32.8,25.6,1000,1006.8,,,,,1,1,,5,2000,,,28.2,,,,
146,2022-08-06 02:00,27.5,,2.3,230,87,31.9,25.1,999.8,1006.6,,,,,0,0,,,2000,,,27.5,,,,
146,2022-08-06 03:00,27.3,,.9,230,86,31.1,24.7,999.7,1006.5,,,,,3,3,Sc,8,2000,,,27,,,,
146,2022-08-06 04:00,27,,.8,160,86,30.6,24.4,999.3,1006.1,,,,,3,3,Sc,8,2000,,,26.8,,,,
146,2022-08-06 05:00,27.1,,.5,140,89,31.9,25.1,999.6,1006.4,,,,,7,5,ScCi,8,2000,,,27.3,,,,
146,2022-08-06 06:00,27,,.8,140,87,30.9,24.6,1000.1,1006.9,0,0,,,7,5,ScCi,8,2000,,,27.1,,,,
146,2022-08-06 07:00,27.9,,.3,0,84,31.5,24.9,1000.6,1007.4,0,.27,,,6,0,Ci,,2000,,,28.1,,,,
146,2022-08-06 08:00,28.8,,.6,230,79,31.1,24.7,1000.2,1007,.5,.67,,,6,6,Sc,10,2000,,,29.2,,,,
146,2022-08-06 09:00,29.4,,1,180,75,30.6,24.4,1000.3,1007,.8,1.22,,,7,7,Sc,10,2000,,,31.3,,,,
146,2022-08-06 10:00,30.4,,1.8,230,72,31.1,24.7,1000.4,1007.1,.5,1.36,,,4,4,Sc,10,2000,,,34.6,,,,
146,2022-08-06 11:00,30.2,,2.3,250,71,30.4,24.3,1000.1,1006.8,.7,2.18,,,6,6,Sc,10,2000,,,34.7,,,,
146,2022-08-06 12:00,32.1,,2.1,250,64,30.6,24.4,999.6,1006.3,.9,2.7,,,6,6,Sc,10,2000,,,40.3,,,,
146,2022-08-06 13:00,32.6,,2.5,200,60,29.5,23.8,999.6,1006.3,1,3.39,,,6,6,Sc,10,2000,,,41.8,,,,
146,2022-08-06 14:00,33.4,,2.4,250,58,29.8,24,999,1005.7,1,3.3,,,6,6,Sc,10,2000,,,42.9,,,,
146,2022-08-06 15:00,32.6,,2.5,270,63,30.9,24.6,998.7,1005.4,.8,2.26,,,6,6,Sc,10,2000,,,39.5,,,,
146,2022-08-06 16:00,31.7,,2.7,270,68,31.7,25,998.6,1005.3,.5,1.33,,,6,6,Sc,10,2000,,,36.4,,,,
146,2022-08-06 17:00,32.6,,2.3,250,66,32.4,25.4,998.6,1005.3,.9,1.64,,,4,4,Sc,10,2000,,,37.2,,,,
146,2022-08-06 18:00,32.2,,1.2,270,69,33,25.7,998.3,1005,1,1.02,,,2,2,Sc,10,2000,,,33.8,,,,
146,2022-08-06 19:00,31.1,,1.6,230,72,32.4,25.4,998.5,1005.2,.8,.36,,,3,0,,,2000,,,31.3,,,,
146,2022-08-06 20:00,30.1,,2.1,250,75,31.9,25.1,999,1005.7,0,.02,,,5,0,,,2000,,,29.6,,,,
146,2022-08-06 21:00,29.2,,1.3,270,79,31.9,25.1,999.8,1006.5,,,,,3,3,Sc,8,2000,,,29,,,,
146,2022-08-06 22:00,28.5,,.6,250,82,31.9,25.1,1000.4,1007.2,,,,,3,3,,7,2000,,,28.6,,,,
146,2022-08-06 23:00,28.2,,.7,320,84,32.1,25.2,1000.4,1007.2,,,,,4,4,,5,2000,,,28.9,,,,
146,2022-08-07 00:00,27.7,,1,50,89,33,25.7,1000.7,1007.5,,,,,7,7,Sc,6,1954,,,28.7,,,,
146,2022-08-07 01:00,27.3,,.7,360,90,32.6,25.5,1000.9,1007.7,,,,,5,5,,5,2000,,,28.5,,,,
146,2022-08-07 02:00,28.2,,0,0,86,32.8,25.6,1000.8,1007.6,,,,,6,6,,5,2000,,,28.6,,,,
146,2022-08-07 03:00,28,,.5,160,87,32.8,25.6,1000.6,1007.4,,,,,5,5,Sc,8,2000,,,28.3,,,,
146,2022-08-07 04:00,27.7,,.7,200,88,32.6,25.5,1000.4,1007.2,,,,,7,1,ScCi,8,2000,,,27.9,,,,
146,2022-08-07 05:00,27.5,,.6,160,89,32.6,25.5,1000.4,1007.2,,,,,1,1,Sc,8,2000,,,27.5,,,,
146,2022-08-07 06:00,27.5,,.5,140,87,31.9,25.1,1001,1007.8,0,0,,,1,1,Sc,8,2000,,,27.5,,,,
146,2022-08-07 07:00,28,,1.3,140,85,32.1,25.2,1001,1007.8,0,.21,,,2,2,Sc,10,2000,,,28.3,,,,
146,2022-08-07 08:00,28.9,,1.6,140,79,31.3,24.8,1000.8,1007.6,.6,.66,,,1,1,Sc,10,2000,,,29.6,,,,
146,2022-08-07 09:00,30.8,,1.1,140,75,33.2,25.8,1000.6,1007.3,.9,1.25,,,2,2,Sc,10,2000,,,32.2,,,,
146,2022-08-07 10:00,31.4,,.9,160,71,32.4,25.4,1000.6,1007.3,1,2.14,,,5,5,Sc,10,2000,,,36.3,,,,
146,2022-08-07 11:00,31.5,,1.5,160,68,31.3,24.8,1000.2,1006.9,.9,2.25,,,6,6,Sc,10,2000,,,37.1,,,,
146,2022-08-07 12:00,31.4,,1.6,270,72,33,25.7,1000.4,1007.1,.3,1.29,,,8,8,Sc,10,2000,,,34.7,,,,
146,2022-08-07 13:00,32.7,,1.8,230,66,32.6,25.5,1000.1,1006.8,.1,1.73,,,8,8,Sc,10,2000,,,38.1,,,,
146,2022-08-07 14:00,32.7,,2.4,250,65,32.1,25.2,999.5,1006.2,.7,1.96,,,8,8,Sc,10,2000,,,37.4,,,,
146,2022-08-07 15:00,33.3,,2.5,230,64,32.6,25.5,999.4,1006.1,.8,2.22,,,7,7,Sc,10,2000,,,39.8,,,,
146,2022-08-07 16:00,33,0,2.6,270,65,32.6,25.5,999.4,1006.1,.7,1.73,,,7,7,Sc,10,2000,,04,37.5,,,,
146,2022-08-07 17:00,28.1,1.2,.2,0,84,31.9,25.1,1000.1,1006.9,0,.44,,,8,8,Sc,10,2000,,04,33.6,,,,
146,2022-08-07 18:00,28.7,,1.6,110,84,33,25.7,999.5,1006.3,0,.42,,,9,9,Sc,10,2000,,,32.1,,,,
146,2022-08-07 19:00,28.4,,1.4,110,81,31.3,24.8,999.8,1006.6,0,.19,,,9,2,,11,2000,,,30.7,,,,
146,2022-08-07 20:00,27.8,,1.2,110,83,30.9,24.6,1000,1006.8,0,.02,,,9,2,,13,2000,,,29.1,,,,
146,2022-08-07 21:00,27.8,,1.7,140,83,30.9,24.6,1000.5,1007.3,,,,,9,3,ScCi,10,2000,,,28.5,,,,
146,2022-08-07 22:00,27.8,,1.3,110,82,30.6,24.4,1000.7,1007.5,,,,,8,0,,,2000,,,28.1,,,,
146,2022-08-07 23:00,27.6,,1.3,110,83,30.6,24.4,1001,1007.8,,,,,6,1,,9,1896,,,27.6,,,,
146,2022-08-08 00:00,27.6,,.2,0,84,30.9,24.6,1001.1,1007.9,,,,,7,3,ScCi,10,2000,,,27.5,,,,
146,2022-08-08 01:00,27.2,,1.5,110,84,30.2,24.2,1001.2,1008,,,,,8,2,,10,2000,,,27.4,,,,
146,2022-08-08 02:00,27.4,,.5,140,82,29.8,24,1000.6,1007.4,,,,,9,4,,8,2000,,,27.3,,,,
146,2022-08-08 03:00,27.6,,.9,140,80,29.5,23.8,1000.7,1007.5,,,,,8,6,ScCi,10,2000,,,27.2,,,,
146,2022-08-08 04:00,27.9,,.3,0,77,28.8,23.4,1001.1,1007.9,,,,,8,3,ScCi,10,2000,,,27,,,,
146,2022-08-08 05:00,27.8,,.7,180,76,28.3,23.1,1001.3,1008.1,,,,,7,5,ScCi,10,2000,,,26.6,,,,
146,2022-08-08 06:00,27.8,,1.1,140,75,27.9,22.9,1001.7,1008.5,0,0,,,8,3,ScCi,10,2000,,,26.6,,,,
146,2022-08-08 07:00,28.2,,.7,200,74,28.3,23.1,1001.9,1008.7,0,.13,,,8,5,ScCi,10,2000,,,27.3,,,,
146,2022-08-08 08:00,28.3,,1.1,180,74,28.4,23.2,1002,1008.8,0,.31,,,10,3,ScCi,10,2000,,,28.5,,,,
146,2022-08-08 09:00,29.1,,1.2,200,69,27.7,22.8,1002.1,1008.9,0,.49,,,10,2,ScCi,10,2000,,,29.9,,,,
146,2022-08-08 10:00,29.8,,1.6,200,69,28.8,23.4,1001.7,1008.4,0,1,,,9,2,ScCi,10,2000,,,31.9,,,,
146,2022-08-08 11:00,30.2,,3.1,200,65,27.7,22.8,1001.9,1008.7,0,1.47,,,9,2,ScCi,10,2000,,,32.6,,,,
146,2022-08-08 12:00,30.7,,2,200,64,28.3,23.1,1001.4,1008.1,0,.99,,,9,2,ScCi,10,2000,,,33.5,,,,
146,2022-08-08 13:00,30.6,,3,230,65,28.4,23.2,1001.3,1008,0,1.51,,,10,4,ScCi,10,2000,,,32.6,,,,
146,2022-08-08 14:00,30.9,,1.4,230,67,29.8,24,1001.1,1007.8,0,.88,,,10,6,ScCi,10,2000,,,32.5,,,,
146,2022-08-08 15:00,30.8,,2.6,230,66,29.3,23.7,1000.9,1007.6,0,.59,,,10,2,ScCi,10,2000,,,32.2,,,,
146,2022-08-08 16:00,30.5,,3.6,230,64,27.9,22.9,1000.9,1007.6,0,.83,,,10,1,ScAcCi,10,2000,,,30.5,,,,
146,2022-08-08 17:00,30.2,,2.6,230,67,28.6,23.3,1001.1,1007.9,0,.6,,,10,1,ScAcCi,10,2000,,,30.2,,,,
146,2022-08-08 18:00,29.9,,2.4,230,67,28.1,23,1000.6,1007.4,0,.5,,,9,3,ScCi,10,2000,,,29.1,,,,
146,2022-08-08 19:00,29.4,,1.9,180,68,27.7,22.8,1000.9,1007.6,0,.17,,,10,3,,10,2000,,,28.1,,,,
146,2022-08-08 20:00,28.9,,1.8,180,70,27.7,22.8,1001.4,1008.2,0,.01,,,10,6,,9,2000,,,27.4,,,,
146,2022-08-08 21:00,28.8,,1.3,180,70,27.6,22.7,1001.9,1008.7,,,,,10,8,ScAs,10,2000,,,27.3,,,,
146,2022-08-08 22:00,28.6,,1.3,180,71,27.7,22.8,1002,1008.8,,,,,10,2,,18,2000,,,27.1,,,,
146,2022-08-08 23:00,28.3,,1.3,180,72,27.6,22.7,1001.7,1008.5,,,,,9,2,,10,2000,,,26.7,,,,
146,2022-08-09 00:00,27.9,,1.2,180,74,27.7,22.8,1001.7,1008.5,,,,,8,3,ScCi,,2000,,,26.4,,,,
146,2022-08-09 01:00,28.2,,.6,180,72,27.4,22.6,1002.1,1008.9,,,,,10,7,,21,2000,,,26.7,,,,
146,2022-08-09 02:00,27.9,,1.4,160,72,26.9,22.3,1001.4,1008.2,,,,,10,,,,2000,,,26.3,,,,
146,2022-08-09 03:00,27.7,,.7,160,73,27.1,22.4,1001.7,1008.5,,,,,9,1,ScCi,10,2000,,,26.3,,,,
146,2022-08-09 04:00,27.6,0,.3,0,74,27.2,22.5,1002.3,1009.1,,,,,9,7,ScCi,10,2000,,01,26.6,,,,
146,2022-08-09 05:00,27.4,0,.9,180,75,27.2,22.5,1002.3,1009.1,,,,,9,9,Sc,10,2000,,01,26.5,,,,
146,2022-08-09 06:00,27.1,0,.7,140,78,27.9,22.9,1002,1008.8,0,0,,,9,9,Sc,10,2000,,01,26.7,,,,
146,2022-08-09 07:00,27.5,0,1.2,160,76,27.7,22.8,1002,1008.8,0,.03,,,9,9,Sc,10,2000,,01,26.7,,,,
146,2022-08-09 08:00,28.1,,1.1,180,74,28.1,23,1002,1008.8,0,.25,,,9,8,ScAs,8,2000,,,27.9,,,,
146,2022-08-09 09:00,28.9,,1.2,180,73,28.9,23.5,1002.1,1008.9,0,.56,,,10,8,ScAs,8,2000,,,29.7,,,,
146,2022-08-09 10:00,29.5,,2.4,200,70,28.8,23.4,1002.2,1008.9,0,1.16,,,9,8,ScAs,8,2000,,,31.6,,,,
146,2022-08-09 11:00,30.1,,2.8,200,67,28.4,23.2,1001.9,1008.7,.1,1.67,,,9,7,ScAs,10,2000,,,32.1,,,,
146,2022-08-09 12:00,30.6,,2.5,200,66,28.9,23.5,1001.4,1008.1,0,1.55,,,9,7,ScAc,10,2000,,,33.9,,,,
146,2022-08-09 13:00,31.6,,3.2,200,64,29.7,23.9,1001.1,1007.8,.2,1.89,,,9,6,ScAc,10,2000,,,37.5,,,,
146,2022-08-09 14:00,31.2,,4.2,230,66,29.8,24,1000.3,1007,.1,1.52,,,9,7,ScAc,10,2000,,,34.8,,,,
146,2022-08-09 15:00,30.8,,4.4,230,67,29.7,23.9,1000,1006.7,0,1.38,,,9,3,ScAc,10,2000,,,33.8,,,,
146,2022-08-09 16:00,30.5,,3.4,230,68,29.7,23.9,999.9,1006.6,0,.99,,,9,4,ScAc,10,2000,,,32.8,,,,
146,2022-08-09 17:00,30.5,,4.3,230,67,29.1,23.6,999.7,1006.4,.5,1.22,,,8,2,ScAc,10,2000,,,33.9,,,,
146,2022-08-09 18:00,30.1,,3.3,230,66,28.1,23,999.8,1006.5,0,.61,,,9,4,ScAs,10,2000,,,30.9,,,,
146,2022-08-09 19:00,29.5,,2.4,200,68,27.9,22.9,1000.1,1006.8,0,.16,,,10,3,,11,2000,,,28.8,,,,
146,2022-08-09 20:00,29.3,,2.8,230,66,26.8,22.2,1000.2,1006.9,0,.01,,,10,0,,,2000,,,27.5,,,,
146,2022-08-09 21:00,28.5,,1.1,250,70,27.1,22.4,1000.8,1007.6,,,,,10,4,ScAs,12,2000,,,27.2,,,,
146,2022-08-09 22:00,28.5,,2.4,230,71,27.6,22.7,1000.9,1007.7,,,,,10,9,,9,2000,,,27.2,,,,
146,2022-08-09 23:00,28.4,,1.1,180,72,27.7,22.8,1000.8,1007.6,,,,,10,4,,15,2000,,,26.7,,,,
146,2022-08-10 00:00,28.1,,.8,180,73,27.6,22.7,1000.3,1007.1,,,,,10,2,ScAs,10,2000,,,26.4,,,,
146,2022-08-10 01:00,28.3,,2.1,180,71,27.2,22.5,999.9,1006.7,,,,,10,1,,9,2000,,,26.3,,,,
146,2022-08-10 02:00,28.3,,1.5,200,71,27.2,22.5,999.7,1006.5,,,,,10,6,,10,2000,,,26.3,,,,
146,2022-08-10 03:00,28.4,,2.8,230,71,27.4,22.6,1000,1006.8,,,,,10,9,ScAs,9,2000,,,26.4,,,,
146,2022-08-10 04:00,28.2,,2.8,200,71,27.1,22.4,999.3,1006.1,,,,,10,2,ScAs,9,2000,,,26.1,,,,
146,2022-08-10 05:00,28.1,0,3,200,72,27.2,22.5,999.5,1006.3,,,,,10,9,ScAs,9,2000,,01,26,,,,
146,2022-08-10 06:00,27.9,0,2.7,200,74,27.7,22.8,999.6,1006.4,0,0,,,10,4,ScNs,9,2000,,01,25.9,,,,
146,2022-08-10 07:00,27.5,0,2,200,77,28.1,23,999.8,1006.6,0,.04,,,10,6,ScNs,8,2000,,01,26.3,,,,
146,2022-08-10 08:00,27.9,0,1.5,160,75,28.1,23,999.8,1006.6,0,.18,,,10,6,ScAs,10,2000,,01,27,,,,
146,2022-08-10 09:00,28,0,2.3,200,75,28.3,23.1,1000.4,1007.2,0,.17,,,10,8,ScAs,10,2000,,01,26.8,,,,
146,2022-08-10 10:00,27.7,.3,1.7,200,79,29.3,23.7,1000.6,1007.4,0,.24,,,10,6,ScAs,10,2000,,01,27.7,,,,
146,2022-08-10 11:00,28.1,.1,1.8,200,77,29.1,23.6,1000.8,1007.6,0,.28,,,10,6,ScAs,10,2000,,01,27.8,,,,
146,2022-08-10 12:00,27.8,.5,.8,180,81,30.2,24.2,1000.6,1007.4,0,.26,,,10,5,ScAs,10,1987,,01,28.2,,,,
146,2022-08-10 13:00,27.9,.4,1.1,230,83,31.1,24.7,1000.3,1007.1,0,.48,,,10,4,ScAs,10,2000,,01,30,,,,
146,2022-08-10 14:00,29.9,0,1.6,180,73,30.7,24.5,999.6,1006.4,.1,1.61,,,10,1,StAs,10,2000,,01,34.1,,,,
146,2022-08-10 15:00,29.4,0,1.6,200,74,30.2,24.2,999.5,1006.2,0,.82,,,10,4,ScAs,10,2000,,01,31.1,,,,
146,2022-08-10 16:00,29.8,0,1.9,230,73,30.6,24.4,999.5,1006.2,0,.67,,,9,2,ScAs,10,2000,,01,31.1,,,,
146,2022-08-10 17:00,29.5,0,1.7,180,75,30.7,24.5,999,1005.7,0,.51,,,9,1,ScAs,10,2000,,01,30.2,,,,
146,2022-08-10 18:00,29.3,0,2.2,160,74,30,24.1,998.9,1005.6,0,.37,,,9,8,AcCi,35,2000,,01,28.9,,,,
146,2022-08-10 19:00,28.8,0,1.4,180,76,30,24.1,998.8,1005.5,0,.07,,,10,4,StNs,8,2000,,01,27.8,,,,
146,2022-08-10 20:00,29,0,1.5,180,74,29.5,23.8,999.7,1006.4,0,.01,,,10,6,StNs,8,2000,,01,27.2,,,,
146,2022-08-10 21:00,26.1,5.9,.6,230,93,31.3,24.8,1000.4,1007.2,,,,,10,8,StNs,8,1200,,01,27,,,,
146,2022-08-10 22:00,25.3,5.3,.3,0,95,30.6,24.4,1001.4,1008.3,,,,,10,8,StNs,8,220,,1901,26.6,,,,
146,2022-08-10 23:00,25.3,5.2,0,0,96,30.9,24.6,1001,1007.9,,,,,10,9,StNs,5,662,,1901,26.5,,,,
146,2022-08-11 00:00,25.5,.5,1.1,110,97,31.5,24.9,1000.2,1007.1,,,,,10,8,ScAs,,370,,1901,26.4,,,,
146,2022-08-11 01:00,25.3,,1,160,96,30.9,24.6,1000,1006.9,,,,,10,1,,19,1867,,19,26.3,,,,
146,2022-08-11 02:00,25.7,0,.8,160,89,29.3,23.7,999.5,1006.3,,,,,10,3,ScAs,12,2000,,01,26,,,,
146,2022-08-11 03:00,25.6,0,1.1,160,90,29.5,23.8,999,1005.8,,,,,10,6,StNs,8,1937,,01,26,,,,
146,2022-08-11 04:00,26,.1,1.3,180,86,28.8,23.4,998.9,1005.7,,,,,10,8,ScAs,8,2000,,01,25.8,,,,
146,2022-08-11 05:00,26.2,0,1.5,180,85,28.8,23.4,998.8,1005.6,,,,,10,8,StNs,8,2000,,01,25.7,,,,
146,2022-08-11 06:00,26.3,0,2.9,200,83,28.3,23.1,998.5,1005.3,0,.01,,,10,8,ScAs,8,2000,,01,25.5,,,,
146,2022-08-11 07:00,26.4,0,1.8,180,83,28.4,23.2,998.7,1005.5,0,.07,,,10,8,ScAs,8,2000,,01,25.9,,,,
146,2022-08-11 08:00,26.1,.3,1.6,180,86,28.9,23.5,998.9,1005.7,0,.04,,,10,5,StNs,10,1215,,01,25.8,,,,
146,2022-08-11 09:00,25.3,1.2,1.8,180,90,28.9,23.5,999.3,1006.2,0,.02,,,10,8,StNs,10,1459,,01,25.7,,,,
146,2022-08-11 10:00,25.1,3.1,1.6,180,93,29.5,23.8,999.9,1006.8,0,.03,,,10,5,CbStNs,5,443,,1901,25.7,,,,
146,2022-08-11 11:00,24,15.8,1.6,290,96,28.6,23.3,1000.3,1007.1,0,.02,,,10,9,StNs,1,69,,1901,24.9,,,,
146,2022-08-11 12:00,23.7,26.7,.7,110,97,28.3,23.1,1000,1006.9,0,.04,,,10,9,StNs,2,110,,1901,25.1,,,,
146,2022-08-11 13:00,23.9,29.1,1.4,140,98,28.9,23.5,999.7,1006.5,0,.14,,,10,9,StNs,2,181,,1901,25.5,,,,
146,2022-08-11 14:00,24.4,14.1,.4,0,98,29.8,24,999.6,1006.4,0,.18,,,10,8,StNs,1,482,,1901,25.7,,,,
146,2022-08-11 15:00,24.7,2.9,.9,110,97,30,24.1,998.9,1005.7,0,.33,,,10,7,StNs,5,1398,,1901,27,,,,
146,2022-08-11 16:00,25.2,.1,.7,140,95,30.4,24.3,998.5,1005.4,0,.4,,,10,4,ScNs,10,1678,,01,27.4,,,,
146,2022-08-11 17:00,25.2,.5,1.4,160,93,29.7,23.9,998.6,1005.5,0,.26,,,10,3,ScNs,10,1171,,01,26.5,,,,
146,2022-08-11 18:00,25.1,2,1.3,140,95,30.2,24.2,997.8,1004.7,0,.11,,,10,5,ScNs,10,1912,,01,26.3,,,,
146,2022-08-11 19:00,25.4,.2,.9,90,91,29.5,23.8,998,1004.8,0,.07,,,10,4,ScNs,5,825,,01,26,,,,
146,2022-08-11 20:00,25.2,.4,1.5,110,94,30,24.1,998.1,1005,0,.02,,,10,5,ScNs,8,1683,,01,25.8,,,,
146,2022-08-11 21:00,26.1,,.8,180,88,29.7,23.9,998.5,1005.3,,,,,10,7,ScAs,8,2000,,,25.7,,,,
146,2022-08-11 22:00,25.8,,.8,140,91,30.2,24.2,998.8,1005.6,,,,,8,8,,6,1965,,,25.8,,,,
146,2022-08-11 23:00,26,,.9,110,91,30.6,24.4,998.5,1005.3,,,,,7,7,,6,2000,,,25.9,,,,
146,2022-08-12 00:00,26.5,0,.8,160,90,31.1,24.7,998.4,1005.2,,,,,10,6,ScAs,8,1658,,01,26,,,,
146,2022-08-12 01:00,26,3.4,2.2,250,94,31.5,24.9,998.5,1005.3,,,,,10,7,ScAs,6,141,,1901,26.2,,,,
146,2022-08-12 02:00,25.9,2.4,2.9,270,95,31.7,25,998.7,1005.5,,,,,10,7,ScAs,6,538,,1901,26.1,,,,
146,2022-08-12 03:00,25.7,.1,1.7,250,95,31.3,24.8,998.8,1005.6,,,,,10,6,ScAs,10,1431,,1901,25.9,,,,
146,2022-08-12 04:00,25.2,.8,1.3,320,96,30.7,24.5,999,1005.9,,,,,9,9,Sc,6,682,,1901,25.8,,,,
146,2022-08-12 05:00,24.8,,.8,320,96,30,24.1,999.2,1006,,,,,9,9,Sc,6,901,,19,25.7,,,,
146,2022-08-12 06:00,24.6,,0,0,94,28.9,23.5,999.4,1006.2,0,0,,,9,9,Sc,8,1740,,19,25.6,,,,
146,2022-08-12 07:00,25.1,,.5,140,93,29.5,23.8,999.4,1006.3,0,.1,,,7,7,Sc,10,2000,,,26.2,,,,
146,2022-08-12 08:00,25.8,,.6,200,90,29.8,24,999.9,1006.7,.1,.5,,,9,9,Sc,10,2000,,,27.8,,,,
146,2022-08-12 09:00,26.8,,.4,0,85,29.8,24,1000.4,1007.2,0,.77,,,9,9,Sc,10,2000,,,29.6,,,,
146,2022-08-12 10:00,27.6,,.4,0,81,29.8,24,1000.8,1007.6,0,1.03,,,9,9,Sc,10,2000,,,31.7,,,,
146,2022-08-12 11:00,29.1,,1.2,200,74,29.7,23.9,1000.3,1007,.8,2.59,,,6,6,Sc,10,2000,,,36.5,,,,
146,2022-08-12 12:00,29,,1.9,270,71,28.4,23.2,1000.4,1007.2,.6,2.52,,,9,4,ScAc,10,2000,,,34.9,,,,
146,2022-08-12 13:00,29.1,,1.8,250,73,29.3,23.7,1000.3,1007,0,1.34,,,8,8,Sc,10,2000,,,33.1,,,,
146,2022-08-12 14:00,29.8,,2.2,250,68,28.4,23.2,999.5,1006.2,.3,1.72,,,4,4,Sc,10,2000,,,35.9,,,,
146,2022-08-12 15:00,30.8,,1.7,270,67,29.7,23.9,998.8,1005.5,1,2.7,,,7,0,Ci,,2000,,,38.7,,,,
146,2022-08-12 16:00,30.9,,.4,0,64,28.4,23.2,997.9,1004.6,.7,1.88,,,8,0,Ci,,2000,,,36.3,,,,
146,2022-08-12 17:00,29.9,,1.1,270,69,28.9,23.5,998.2,1004.9,.5,1.25,,,9,0,Ci,,2000,,,33.5,,,,
146,2022-08-12 18:00,29.4,,1.5,270,73,29.8,24,998.5,1005.2,.6,.76,,,6,2,ScCi,10,2000,,,31.6,,,,
146,2022-08-12 19:00,27.6,,1.7,270,77,28.3,23.1,998.8,1005.6,.5,.33,,,3,3,,9,2000,,,28.4,,,,
146,2022-08-12 20:00,26.4,,1.5,270,76,26.1,21.8,999.2,1006,0,.02,,,5,1,,10,2000,,,26.7,,,,
146,2022-08-12 21:00,26.2,,.8,270,76,25.8,21.6,999.8,1006.6,,,,,4,4,Sc,10,2000,,,26.1,,,,
146,2022-08-12 22:00,26.2,,.6,250,75,25.5,21.4,1000.2,1007,,,,,6,1,,9,2000,,,26.1,,,,
146,2022-08-12 23:00,25.7,,.1,0,77,25.3,21.3,1000.4,1007.3,,,,,8,8,,9,2000,,,26,,,,
146,2022-08-13 00:00,25.3,,1.1,200,83,26.6,22.1,1000.5,1007.4,,,,,4,0,Ci,,2000,,,25.1,,,,
146,2022-08-13 01:00,25.2,,.5,200,85,27.1,22.4,1000.3,1007.2,,,,,5,5,,6,2000,,,25.4,,,,
146,2022-08-13 02:00,25.1,,.7,140,85,26.9,22.3,1000.2,1007.1,,,,,9,1,,9,2000,,,25.4,,,,
146,2022-08-13 03:00,24.7,,1,140,88,27.2,22.5,999.5,1006.3,,,,,10,3,ScAs,10,2000,,,25.3,,,,
146,2022-08-13 04:00,24.6,,1.5,140,89,27.4,22.6,999.3,1006.1,,,,,8,3,ScAc,10,2000,,,25.2,,,,
146,2022-08-13 05:00,25,,1.2,110,87,27.4,22.6,999.2,1006.1,,,,,6,3,ScAc,10,2000,,,25.1,,,,
146,2022-08-13 06:00,24.6,,1.5,140,89,27.4,22.6,998.9,1005.7,0,0,,,2,2,Sc,10,2000,,,24.6,,,,
146,2022-08-13 07:00,25.3,,.3,0,85,27.2,22.5,999.9,1006.8,.1,.14,,,5,2,ScCi,10,2000,,,25.4,,,,
146,2022-08-13 08:00,26.4,,.8,90,82,28.1,23,1000.3,1007.1,.2,.45,,,7,5,ScCi,10,2000,,,27.6,,,,
146,2022-08-13 09:00,29,,1.4,110,75,30,24.1,998.9,1005.6,.6,1.31,,,9,1,ScCs,10,2000,,,31.5,,,,
146,2022-08-13 10:00,29.8,,.9,270,72,30,24.1,999.8,1006.5,.7,1.65,,,9,0,Ci,,2000,,,33.6,,,,
146,2022-08-13 11:00,29.8,,1.4,270,74,30.9,24.6,1000,1006.7,0,1.37,,,10,3,ScAs,10,2000,,,33.3,,,,
146,2022-08-13 12:00,29,0,1.6,250,80,31.9,25.1,999.4,1006.1,0,.81,,,10,3,ScAs,10,1837,,01,31.2,,,,
146,2022-08-13 13:00,29.6,0,1.4,160,78,32.2,25.3,999.1,1005.8,0,.64,,,10,5,ScAs,10,2000,,01,32,,,,
146,2022-08-13 14:00,29.1,0,1.1,160,73,29.3,23.7,999,1005.7,0,.53,,,10,5,ScAs,10,2000,,01,30.6,,,,
146,2022-08-13 15:00,29.1,,1.3,270,75,30.2,24.2,998.9,1005.6,0,.63,,,10,4,ScAs,10,2000,,,30.5,,,,
146,2022-08-13 16:00,26.5,0,3,290,88,30.4,24.3,999.7,1006.5,0,.19,,,10,4,StNs,6,533,,01,28,,,,
146,2022-08-13 17:00,25.8,4.2,1.3,160,93,30.7,24.5,998.9,1005.7,0,.29,,,10,4,StNs,10,1134,,01,29,,,,
146,2022-08-13 18:00,26.1,0,1.2,340,93,31.3,24.8,998.8,1005.6,0,.41,,,9,3,ScAs,10,1790,,01,29,,,,
146,2022-08-13 19:00,26.1,,1.3,110,88,29.7,23.9,998.8,1005.6,0,.15,,,,8,,40,2000,,,27.9,,,,
146,2022-08-13 20:00,26,,1.2,140,89,29.8,24,999.1,1005.9,0,.01,,,10,4,,29,2000,,,27.1,,,,
146,2022-08-13 21:00,26,,.8,110,88,29.5,23.8,999.4,1006.2,,,,,9,3,ScAs,10,2000,,,26.6,,,,
146,2022-08-13 22:00,26,,1.4,110,89,29.8,24,999.5,1006.3,,,,,1,1,,20,1999,,,26.6,,,,
146,2022-08-13 23:00,26.4,,1,110,87,29.8,24,999.4,1006.2,,,,,8,8,,39,1990,,,26.4,,,,
146,2022-08-14 00:00,26.3,,1.2,110,88,30,24.1,999.4,1006.2,,,,,9,5,ScAs,,2000,,,26.3,,,,
146,2022-08-14 01:00,26.4,,1,90,87,29.8,24,999.6,1006.4,,,,,10,1,,19,2000,,,26.4,,,,
146,2022-08-14 02:00,26.3,,.8,160,88,30,24.1,999.4,1006.2,,,,,10,2,,19,2000,,,26.4,,,,
146,2022-08-14 03:00,26.9,0,.9,180,83,29.3,23.7,999.3,1006.1,,,,,9,7,ScAs,10,2000,,01,26.4,,,,
146,2022-08-14 04:00,26.3,,1.4,110,87,29.7,23.9,999.4,1006.2,,,,,9,8,ScAs,10,2000,,,26.6,,,,
146,2022-08-14 05:00,26.6,,1.3,160,85,29.5,23.8,999.1,1005.9,,,,,9,6,ScAs,10,2000,,,26.5,,,,
146,2022-08-14 06:00,26.1,,1.5,160,88,29.7,23.9,999.2,1006,0,0,,,9,9,Sc,10,2000,,,26.5,,,,
146,2022-08-14 07:00,27.1,,1.4,180,83,29.7,23.9,999.5,1006.3,0,.07,,,9,9,Sc,10,2000,,,26.8,,,,
146,2022-08-14 08:00,27.7,,.9,180,81,30,24.1,1000,1006.8,0,.2,,,10,3,ScAs,8,2000,,,27.6,,,,
146,2022-08-14 09:00,28.7,,1.9,200,76,29.8,24,1000.1,1006.9,0,.66,,,7,7,Sc,8,2000,,,30,,,,
146,2022-08-14 10:00,29.7,,2,200,73,30.4,24.3,1000.4,1007.1,.3,1.02,,,9,7,ScCi,10,2000,,,31.9,,,,
146,2022-08-14 11:00,30.7,,2.3,230,69,30.4,24.3,1000.2,1006.9,.9,2.2,,,7,7,Sc,10,2000,,,34.2,,,,
146,2022-08-14 12:00,31.3,,3,230,67,30.6,24.4,999.9,1006.6,.7,2.09,,,8,8,Sc,10,2000,,,35.5,,,,
146,2022-08-14 13:00,31.8,,3.5,250,68,31.9,25.1,999.6,1006.3,.7,2.25,,,7,7,Sc,10,2000,,,36.1,,,,
146,2022-08-14 14:00,31.8,,3,230,66,30.9,24.6,999.5,1006.2,.3,1.93,,,7,7,Sc,10,2000,,,34.9,,,,
146,2022-08-14 15:00,32.7,,3.4,230,64,31.5,24.9,999.2,1005.9,.5,1.99,,,7,7,Sc,10,2000,,,37.7,,,,
146,2022-08-14 16:00,32.9,,3.5,250,65,32.4,25.4,999.3,1006,.7,1.91,,,6,6,Sc,10,2000,,,37.2,,,,
146,2022-08-14 17:00,31.8,,3.1,230,65,30.4,24.3,999.2,1005.9,.4,1.15,,,7,3,ScAc,10,2000,,,32.8,,,,
146,2022-08-14 18:00,30.8,,2.7,230,64,28.3,23.1,999.2,1005.9,0,.52,,,10,4,ScAs,12,2000,,,30.1,,,,
146,2022-08-14 19:00,29.7,,2.1,230,73,30.4,24.3,999.1,1005.8,0,.14,,,10,9,,76,2000,,,28.7,,,,
146,2022-08-14 20:00,29.1,,.8,250,74,29.7,23.9,999.5,1006.2,0,.01,,,10,1,,,2000,,,28.3,,,,
146,2022-08-14 21:00,29,,1.5,180,74,29.5,23.8,999.9,1006.6,,,,,9,2,ScCi,10,2000,,,27.7,,,,
146,2022-08-14 22:00,28.8,,2.4,160,74,29.1,23.6,999.8,1006.6,,,,,7,1,,,2000,,,27,,,,
146,2022-08-14 23:00,28.3,,1.9,160,74,28.4,23.2,999.7,1006.5,,,,,9,2,,17,2000,,,26.9,,,,
146,2022-08-15 00:00,27.7,,1.6,140,76,28.1,23,999.7,1006.5,,,,,7,0,Ci,,2000,,,26.4,,,,
146,2022-08-15 01:00,27.4,,1.3,140,77,28.1,23,999.5,1006.3,,,,,7,7,,76,2000,,,26.1,,,,
146,2022-08-15 02:00,27.2,,1.1,140,78,28.1,23,999.3,1006.1,,,,,3,3,,76,2000,,,25.8,,,,
146,2022-08-15 03:00,27.2,,1.1,110,78,28.1,23,999.2,1006,,,,,2,1,ScCi,10,2000,,,25.7,,,,
146,2022-08-15 04:00,27.9,,1,180,75,28.1,23,999,1005.8,,,,,9,1,ScCi,10,2000,,,25.9,,,,
146,2022-08-15 05:00,27.9,,1.4,200,75,28.1,23,998.8,1005.6,,,,,9,2,ScAc,10,2000,,,25.8,,,,
146,2022-08-15 06:00,27.6,,1.3,160,76,27.9,22.9,998.4,1005.2,0,0,,,9,3,ScAc,10,2000,,,25.8,,,,
146,2022-08-15 07:00,28.3,,1.5,180,73,27.9,22.9,998.2,1005,.2,.22,,,9,4,ScAc,10,2000,,,27.1,,,,
146,2022-08-15 08:00,29.2,,1.3,180,73,29.5,23.8,997.8,1004.5,.1,.64,,,8,4,ScAc,10,2000,,,29.1,,,,
146,2022-08-15 09:00,29.8,,2.4,200,69,28.8,23.4,997.9,1004.6,0,.88,,,8,6,ScAc,10,2000,,,30.4,,,,
146,2022-08-15 10:00,30.5,,1.6,200,67,29.1,23.6,997.7,1004.4,.1,1.06,,,7,4,ScAc,10,1174,,,32.1,,,,
146,2022-08-15 11:00,30.7,,3.7,200,65,28.6,23.3,997.4,1004.1,.4,1.95,,,8,3,ScAc,10,2000,,,32.9,,,,
146,2022-08-15 12:00,32.1,,3.4,230,62,29.5,23.8,997,1003.7,.3,1.97,,,7,4,ScAc,10,2000,,,35.7,,,,
146,2022-08-15 13:00,32.4,,4.7,230,59,28.6,23.3,996.7,1003.4,.6,2.46,,,10,5,ScAs,12,2000,,,35.7,,,,
146,2022-08-15 14:00,31.9,,5.2,230,60,28.3,23.1,996,1002.7,.6,2.06,,,10,5,ScAs,10,2000,,,32.7,,,,
146,2022-08-15 15:00,31.8,,3,200,61,28.6,23.3,995.3,1002,0,1.42,,,10,5,ScAs,10,2000,,,33.3,,,,
146,2022-08-15 16:00,31.7,,2.3,200,64,29.8,24,994.8,1001.5,0,1.06,,,10,4,ScAs,12,2000,,,32.8,,,,
146,2022-08-15 17:00,30.9,,3.1,230,67,29.8,24,994.8,1001.5,0,.53,,,10,4,ScAs,10,2000,,,30.3,,,,
146,2022-08-15 18:00,30.2,,3,200,69,29.5,23.8,994.2,1000.9,0,.24,,,10,4,ScAs,10,2000,,,29,,,,
146,2022-08-15 19:00,29.6,0,2,230,71,29.3,23.7,994.4,1001.1,0,.09,,,10,6,ScAs,10,2000,,01,28.3,,,,
146,2022-08-15 20:00,29.4,0,2.8,230,71,28.9,23.5,994.9,1001.6,0,0,,,10,7,ScAs,10,2000,,01,27.7,,,,
146,2022-08-15 21:00,29.3,,3.2,200,70,28.4,23.2,995.3,1002,,,,,10,7,ScAs,10,2000,,,27.1,,,,
146,2022-08-15 22:00,29.1,,3.5,230,70,28.1,23,995.6,1002.3,,,,,7,6,,18,2000,,,26.9,,,,
146,2022-08-15 23:00,29,,3.3,250,71,28.4,23.2,995.9,1002.6,,,,,9,6,,10,2000,,,26.8,,,,
146,2022-08-16 00:00,29,,4.4,230,73,29.1,23.6,995.4,1002.1,,,,,10,7,ScAs,10,2000,,,26.8,,,,
146,2022-08-16 01:00,28.8,0,4.1,200,74,29.1,23.6,994.5,1001.2,,,,,10,7,ScAs,10,2000,,01,26.8,,,,
146,2022-08-16 02:00,26.3,5.6,4.3,250,88,30,24.1,994.9,1001.7,,,,,10,7,ScAs,10,209,,01,26.4,,,,
146,2022-08-16 03:00,25.9,19.2,2,230,95,31.7,25,995.2,1002,,,,,10,8,StNs,8,411,,01,26.5,,,,
146,2022-08-16 04:00,24.4,20.5,4,250,95,28.9,23.5,996,1002.8,,,,,10,8,StNs,8,105,,01,25.4,,,,
146,2022-08-16 05:00,24.4,38,3.8,270,96,29.3,23.7,996.6,1003.4,,,,,10,8,StNs,8,44,,01,25.1,,,,
146,2022-08-16 06:00,23.9,30,4.1,250,95,28.1,23,997.2,1004,0,0,,,10,8,StNs,8,535,,01,24.8,,,,
146,2022-08-16 07:00,23.4,1.4,1.3,200,94,26.9,22.3,997.6,1004.5,0,.04,,,10,7,StNs,8,2000,,01,24.8,,,,
146,2022-08-16 08:00,23.9,0,1.9,140,93,27.4,22.6,997.6,1004.4,0,.12,,,10,6,StNs,6,1923,,01,25.1,,,,
146,2022-08-16 09:00,24.3,.2,1.2,160,92,27.9,22.9,997.7,1004.5,0,.17,,,10,4,StNs,8,2000,,01,25.8,,,,
146,2022-08-16 10:00,25.2,,1,140,88,28.1,23,998.3,1005.2,0,.34,,,10,5,ScAs,10,2000,,,26.9,,,,
146,2022-08-16 11:00,25.5,0,1.4,160,89,28.9,23.5,997.9,1004.7,0,.48,,,10,7,StNs,6,2000,,01,28,,,,
146,2022-08-16 12:00,26,.4,.7,200,89,29.8,24,998.1,1004.9,0,.56,,,10,7,StNs,6,2000,,01,28.6,,,,
146,2022-08-16 13:00,26.5,0,1,90,87,30,24.1,997.6,1004.4,0,.7,,,10,7,StNs,6,2000,,01,29.7,,,,
146,2022-08-16 14:00,26.7,0,1.4,140,87,30.4,24.3,997.6,1004.4,0,.48,,,10,7,StNs,6,1832,,01,29.4,,,,
146,2022-08-16 15:00,26.9,.3,.4,0,89,31.5,24.9,997.4,1004.2,0,.62,,,10,5,StNs,6,2000,,01,29.9,,,,
146,2022-08-16 16:00,26.9,.3,.5,250,87,30.7,24.5,997.5,1004.3,0,.38,,,10,6,StNs,6,1628,,01,29.2,,,,
146,2022-08-16 17:00,26.7,.2,.3,0,89,31.1,24.7,997.6,1004.4,0,.31,,,10,4,StNs,6,1338,,01,28.7,,,,
146,2022-08-16 18:00,26.5,.1,0,0,93,32.1,25.2,997.8,1004.6,0,.19,,,10,5,ScAs,6,1750,,01,28.7,,,,
146,2022-08-16 19:00,26.1,,.9,50,93,31.3,24.8,997.9,1004.7,0,.1,,,9,5,,3,1850,,,27.8,,,,
146,2022-08-16 20:00,26.2,,.5,70,92,31.1,24.7,998.4,1005.2,0,.01,,,7,5,,5,2000,,,27.3,,,,
146,2022-08-16 21:00,26.3,,.7,140,92,31.3,24.8,998.8,1005.6,,,,,9,9,Sc,10,2000,,,27,,,,
146,2022-08-16 22:00,26.1,,.9,110,92,30.9,24.6,998.8,1005.6,,,,,7,0,,,2000,,,26.7,,,,
146,2022-08-16 23:00,26,0,.5,180,91,30.6,24.4,999,1005.8,,,,,9,9,Sc,10,2000,,01,26.5,,,,
146,2022-08-17 00:00,25.7,,.3,0,92,30.2,24.2,998.7,1005.5,,,,,9,9,Sc,10,2000,,,26.2,,,,
146,2022-08-17 01:00,25.3,,.8,110,93,29.8,24,998.7,1005.6,,,,,8,7,,37,1869,,,25.7,,,,
146,2022-08-17 02:00,25.2,,0,0,94,30,24.1,998.7,1005.6,,,,,5,4,,36,1977,,,25.2,,,,
146,2022-08-17 03:00,24.8,,.1,0,96,30,24.1,998.6,1005.4,,,,,5,5,Sc,10,1380,,,24.6,,,,
146,2022-08-17 04:00,24.1,,1.1,140,96,28.8,23.4,998.7,1005.5,,,,,3,3,Sc,10,1125,,,24.5,,,,
146,2022-08-17 05:00,23.8,,1.1,110,96,28.3,23.1,999.1,1005.9,,,,,3,3,Sc,8,1062,,,24.5,,,,
146,2022-08-17 06:00,23.5,,.8,20,96,27.7,22.8,999.3,1006.2,0,0,,,6,6,Sc,8,666,,19,24.7,,,,
146,2022-08-17 07:00,24.2,,0,0,93,27.9,22.9,999.5,1006.3,0,.17,,,5,5,Sc,12,1999,,19,25.5,,,,
146,2022-08-17 08:00,25.4,,.1,0,88,28.4,23.2,999.9,1006.8,0,.45,,,9,9,Sc,10,2000,,,27.5,,,,
146,2022-08-17 09:00,25.4,,.8,360,88,28.4,23.2,999.8,1006.7,0,.64,,,9,9,Sc,10,2000,,,27.9,,,,
146,2022-08-17 10:00,26.3,0,.5,50,85,28.9,23.5,999.6,1006.4,0,.58,,,9,9,Sc,10,2000,,01,29.6,,,,
146,2022-08-17 11:00,27.3,0,.6,290,83,30,24.1,999.5,1006.3,.1,.94,,,9,9,Sc,10,2000,,01,32.2,,,,
146,2022-08-17 12:00,28.7,,.7,230,74,28.9,23.5,999.2,1006,.4,2,,,9,9,Sc,10,2000,,,34.6,,,,
146,2022-08-17 13:00,29.7,,1.7,200,65,27.1,22.4,998.9,1005.6,.7,2.35,,,8,8,Sc,10,2000,,,37.2,,,,
146,2022-08-17 14:00,29.1,,2.6,250,73,29.3,23.7,998.5,1005.2,.5,2.15,,,8,8,Sc,10,2000,,,36.3,,,,
146,2022-08-17 15:00,29.9,,3.9,250,69,28.9,23.5,998,1004.7,1,2.95,,,7,7,Sc,10,2000,,,38.6,,,,
146,2022-08-17 16:00,29.4,,3,270,66,26.9,22.3,997.9,1004.6,1,2.33,,,2,2,Sc,10,2000,,,37.3,,,,
146,2022-08-17 17:00,28.3,,4,270,62,23.8,20.3,998.1,1004.9,1,1.71,,,2,2,Sc,10,2000,,,33.4,,,,
146,2022-08-17 18:00,26.9,,4,270,66,23.4,20,998.6,1005.4,1,1.01,,,1,1,Sc,10,2000,,,29.2,,,,
146,2022-08-17 19:00,25.9,,3.3,250,70,23.4,20,999.1,1005.9,.7,.3,,,3,1,,12,2000,,,26.5,,,,
146,2022-08-17 20:00,25,,3.2,250,76,24,20.4,999.8,1006.7,0,0,,,3,0,,,2000,,,25.1,,,,
146,2022-08-17 21:00,24.4,,1.4,270,77,23.4,20,1000.4,1007.2,,,,,3,0,Ci,,2000,,,24.5,,,,
146,2022-08-17 22:00,24.1,,1.2,270,79,23.7,20.2,1001.1,1008,,,,,7,0,,,2000,,,24.2,,,,
146,2022-08-17 23:00,24,,.5,290,80,23.8,20.3,1001.2,1008.1,,,,,7,0,,,1968,,,24,,,,
146,2022-08-18 00:00,23.1,,1.1,110,85,24,20.4,1001,1007.9,,,,,6,2,ScCi,12,1989,,,23.9,,,,
146,2022-08-18 01:00,22.9,,.8,110,86,24,20.4,1001.1,1008,,,,,4,0,,,1984,,,23.3,,,,
146,2022-08-18 02:00,21.9,,1.3,140,90,23.5,20.1,1000.9,1007.8,,,,,2,0,,,1643,,,23,,,,
146,2022-08-18 03:00,21.7,,1,140,90,23.2,19.9,1000.7,1007.6,,,,,2,2,Sc,8,1650,,,22.7,,,,
146,2022-08-18 04:00,21.2,,1.2,140,91,22.8,19.6,1000.7,1007.7,,,,,1,1,Sc,8,1562,,,22.4,,,,
146,2022-08-18 05:00,21.1,,.9,160,91,22.7,19.5,1001,1008,,,,,3,3,Sc,8,1578,,,22.4,,,,
146,2022-08-18 06:00,20.9,,1.1,110,90,22.1,19.1,1001.2,1008.2,0,0,,,3,3,Sc,8,1772,,,22.1,,,,
146,2022-08-18 07:00,22.2,,1,110,85,22.7,19.5,1001.8,1008.7,.4,.24,,,4,4,Sc,8,2000,,,23.3,,,,
146,2022-08-18 08:00,23.9,,1.5,140,78,23.1,19.8,1001.8,1008.7,.9,.8,,,1,1,Sc,10,2000,,,25.5,,,,
146,2022-08-18 09:00,26.1,,1.2,140,71,24,20.4,1001.9,1008.8,1,1.55,,,2,1,ScCi,10,2000,,,29.2,,,,
146,2022-08-18 10:00,27.3,,1.4,110,66,23.8,20.3,1001.7,1008.5,1,2.28,,,5,5,Sc,10,2000,,,34.1,,,,
146,2022-08-18 11:00,27,,.7,360,66,23.4,20,1001.5,1008.3,.8,2.33,,,6,6,Sc,10,2000,,,32.8,,,,
146,2022-08-18 12:00,29.5,,.9,270,65,26.8,22.2,1001.1,1007.8,.8,2.65,,,5,5,Sc,10,2000,,,38.2,,,,
146,2022-08-18 13:00,28.8,,1.2,320,58,22.9,19.7,1000.9,1007.7,.8,2.68,,,5,5,Sc,10,2000,,,36.5,,,,
146,2022-08-18 14:00,30.5,,1.6,250,52,22.7,19.5,1000.8,1007.5,.9,2.96,,,5,5,Sc,10,2000,,,40.4,,,,
146,2022-08-18 15:00,30.1,,3,230,54,22.9,19.7,1000.5,1007.3,.6,1.49,,,5,5,Sc,10,2000,,,39.4,,,,
146,2022-08-18 16:00,29.1,,2.3,250,60,24.1,20.5,1000.4,1007.1,.3,.65,,,7,7,Sc,10,2000,,,35.4,,,,
146,2022-08-18 17:00,28.7,,3.3,250,62,24.3,20.6,1000.6,1007.4,.4,.99,,,8,1,ScCi,10,2000,,,32.5,,,,
146,2022-08-18 18:00,27.7,,3,270,63,23.4,20,1000.6,1007.4,0,.6,,,8,0,Ci,,2000,,,29.3,,,,
146,2022-08-18 19:00,26.8,,1.9,270,66,23.2,19.9,1000.5,1007.3,.6,.36,,,7,3,,13,2000,,,27.9,,,,
146,2022-08-18 20:00,26.4,,1.4,270,69,23.7,20.2,1001,1007.8,0,.02,,,7,7,,11,2000,,,26.7,,,,
146,2022-08-18 21:00,26.3,,.3,0,69,23.5,20.1,1001.1,1007.9,,,,,5,5,Sc,10,2000,,,25.9,,,,
146,2022-08-18 22:00,25.2,,.7,180,76,24.3,20.6,1000.9,1007.8,,,,,3,0,,,1939,,,25.3,,,,
146,2022-08-18 23:00,24.8,,.8,200,77,24,20.4,1001.1,1007.9,,,,,7,7,,13,2000,,,25.1,,,,
146,2022-08-19 00:00,23.8,,1.3,110,82,24.1,20.5,1000.7,1007.6,,,,,5,3,ScCi,10,2000,,,24.5,,,,
146,2022-08-19 01:00,23.3,,1.2,110,84,24,20.4,1000.2,1007.1,,,,,5,5,,12,2000,,,24.2,,,,
146,2022-08-19 02:00,22.6,,1.5,140,86,23.5,20.1,999.7,1006.6,,,,,6,0,,,2000,,,23.6,,,,
146,2022-08-19 03:00,22.3,,1.4,110,87,23.4,20,999.5,1006.4,,,,,2,0,Ci,,2000,,,23.3,,,,
146,2022-08-19 04:00,22.1,,1.5,140,88,23.4,20,998.9,1005.8,,,,,1,0,Ci,,1956,,,23,,,,
146,2022-08-19 05:00,22.1,,1.5,110,89,23.5,20.1,999.1,1006,,,,,3,0,Ci,,2000,,,22.9,,,,
146,2022-08-19 06:00,22.6,,1.6,140,88,24.1,20.5,999.1,1006,0,0,,,9,7,ScAc,10,1995,,,23.2,,,,
146,2022-08-19 07:00,23.4,,1.5,140,85,24.4,20.7,998.9,1005.8,0,.09,,,9,8,ScAc,10,2000,,,24.3,,,,
146,2022-08-19 08:00,25.3,,1.6,140,79,25.3,21.3,998.8,1005.7,.1,.41,,,8,6,ScAc,10,2000,,,26.5,,,,
146,2022-08-19 09:00,26.8,,1.6,140,74,26,21.7,998.6,1005.4,.3,.94,,,9,7,ScAc,10,2000,,,29.1,,,,
146,2022-08-19 10:00,28.8,,1.3,140,71,28.1,23,998.1,1004.8,.1,.94,,,9,7,ScAc,10,2000,,,32.6,,,,
146,2022-08-19 11:00,29.2,,2.1,160,70,28.3,23.1,997.9,1004.6,.6,1.87,,,8,8,Sc,10,2000,,,34.1,,,,
146,2022-08-19 12:00,29.7,,4.3,230,71,29.5,23.8,997.8,1004.5,.1,1.22,,,9,9,Sc,10,2000,,,32.6,,,,
146,2022-08-19 13:00,30.7,,2.7,230,68,30,24.1,997,1003.7,0,1.59,,,9,9,Sc,10,2000,,,34.2,,,,
146,2022-08-19 14:00,31.3,,4,230,67,30.6,24.4,996.3,1003,.8,2.15,,,9,9,Sc,10,2000,,,35.7,,,,
146,2022-08-19 15:00,31.3,,3.5,230,66,30,24.1,995.7,1002.4,.2,1.52,,,9,9,Sc,10,2000,,,33.8,,,,
146,2022-08-19 16:00,31.1,,3,230,68,30.6,24.4,995.4,1002.1,0,.95,,,9,9,Sc,10,2000,,,32.6,,,,
146,2022-08-19 17:00,30.7,,2.9,230,69,30.4,24.3,995.3,1002,0,.6,,,9,9,Sc,10,2000,,,31.1,,,,
146,2022-08-19 18:00,30.1,,2.7,230,70,29.8,24,995.1,1001.8,0,.28,,,9,9,Sc,10,2000,,,29.6,,,,
146,2022-08-19 19:00,29.4,,1.2,180,73,29.8,24,995.2,1001.9,0,.08,,,10,0,,,2000,,,28.7,,,,
146,2022-08-19 20:00,29.2,,1.2,230,72,29.1,23.6,996.1,1002.8,0,.01,,,10,1,,57,2000,,,27.9,,,,
146,2022-08-19 21:00,28.7,,1.7,200,75,29.5,23.8,996.3,1003,,,,,8,4,ScCi,12,2000,,,27.3,,,,
146,2022-08-19 22:00,28.3,,1.2,200,76,29.1,23.6,996.7,1003.4,,,,,6,1,,51,2000,,,27,,,,
146,2022-08-19 23:00,27.9,,.3,0,79,29.7,23.9,996.3,1003.1,,,,,8,1,,72,2000,,,26.8,,,,
146,2022-08-20 00:00,27.8,,.5,180,79,29.5,23.8,996,1002.8,,,,,8,5,ScCi,10,2000,,,27.1,,,,
146,2022-08-20 01:00,27.3,,1.1,160,81,29.3,23.7,995.2,1002,,,,,6,6,,7,2000,,,26.7,,,,
146,2022-08-20 02:00,27.3,,1.5,160,81,29.3,23.7,994.6,1001.4,,,,,8,6,,70,2000,,,26.4,,,,
146,2022-08-20 03:00,27.7,,1.2,200,79,29.3,23.7,994.8,1001.6,,,,,9,4,ScCi,10,2000,,,26.5,,,,
146,2022-08-20 04:00,27.3,,.7,230,82,29.7,23.9,994.7,1001.5,,,,,8,8,Sc,8,2000,,,26.8,,,,
146,2022-08-20 05:00,27.6,0,1.7,200,82,30.2,24.2,994.6,1001.4,,,,,10,6,ScAs,8,2000,,01,26.8,,,,
146,2022-08-20 06:00,25.4,8.4,4.3,270,91,29.5,23.8,995.8,1002.6,0,0,,,10,9,CuStNs,4,763,,1901,26.1,,,,
146,2022-08-20 07:00,25,6.9,.3,0,95,30,24.1,996.3,1003.1,0,.01,,,10,5,StNs,8,2000,,1901,26.4,,,,
146,2022-08-20 08:00,25.6,.4,.5,230,94,30.7,24.5,996.2,1003,0,.11,,,10,8,StNs,10,1536,,01,27.1,,,,
146,2022-08-20 09:00,25.9,.1,1,270,94,31.3,24.8,996.3,1003.1,0,.22,,,10,8,StNs,8,980,,1901,27.4,,,,
146,2022-08-20 10:00,25.7,9.8,.9,270,97,31.9,25.1,996.6,1003.4,0,.11,,,10,8,StNs,8,63,,1901,26.9,,,,
146,2022-08-20 11:00,25.2,5.4,1.2,230,96,30.7,24.5,996.6,1003.4,0,.21,,,10,8,StNs,8,691,,1901,27.4,,,,
146,2022-08-20 12:00,25.4,.1,1.2,230,94,30.4,24.3,996.5,1003.3,0,.34,,,10,7,StNs,6,1564,,1901,28.1,,,,
146,2022-08-20 13:00,27.1,,1.7,230,87,31.1,24.7,996.2,1003,0,.93,,,10,4,ScAs,10,2000,,,31.9,,,,
146,2022-08-20 14:00,28,,1.5,230,83,31.3,24.8,996,1002.8,0,1.48,,,9,6,ScAc,8,2000,,,33.5,,,,
146,2022-08-20 15:00,29.2,,.9,230,78,31.5,24.9,995.5,1002.2,.6,2.02,,,7,2,ScAcCc,10,2000,,,36.1,,,,
146,2022-08-20 16:00,29,,2.2,230,77,30.7,24.5,995.2,1001.9,.7,1.97,,,7,5,ScAcCc,10,2000,,,35,,,,
146,2022-08-20 17:00,28.6,,1.6,270,80,31.3,24.8,995.2,1001.9,.3,.83,,,5,5,Sc,10,2000,,,32.4,,,,
146,2022-08-20 18:00,27.9,,2.3,270,79,29.7,23.9,995.3,1002.1,.9,.93,,,3,2,ScAc,10,2000,,,30.4,,,,
146,2022-08-20 19:00,26.8,,2,270,81,28.4,23.2,995.9,1002.7,.7,.34,,,2,2,,5,2000,,,28,,,,
146,2022-08-20 20:00,25.9,,1.8,250,81,26.9,22.3,996.6,1003.4,0,0,,,3,2,,6,2000,,,26.6,,,,
146,2022-08-20 21:00,25.3,,1.2,270,84,26.9,22.3,997.3,1004.1,,,,,2,2,Sc,10,2000,,,25.9,,,,
146,2022-08-20 22:00,24.7,,1,230,87,26.9,22.3,997.3,1004.1,,,,,2,0,,,2000,,,25.4,,,,
146,2022-08-20 23:00,24.5,,.6,250,89,27.2,22.5,997.4,1004.2,,,,,3,0,,,2000,,,25.1,,,,
146,2022-08-21 00:00,24.5,,.6,250,89,27.2,22.5,997.4,1004.2,,,,,8,8,Sc,10,2000,,,25.4,,,,
146,2022-08-21 01:00,24.3,,.7,230,90,27.2,22.5,997.3,1004.1,,,,,5,5,,5,2000,,,25.2,,,,
146,2022-08-21 02:00,24.3,,.4,0,89,26.9,22.3,997.2,1004,,,,,8,8,Sc,10,2000,,,25,,,,
146,2022-08-21 03:00,24.2,,0,0,90,27.1,22.4,997.2,1004,,,,,8,8,Sc,10,2000,,,25.5,,,,
146,2022-08-21 04:00,24.1,,.3,0,91,27.2,22.5,997,1003.8,,,,,7,7,Sc,10,1992,,,24.9,,,,
146,2022-08-21 05:00,23.6,,.2,0,93,26.9,22.3,997.3,1004.1,,,,,7,7,Sc,10,1281,,,24.9,,,,
146,2022-08-21 06:00,23.4,,0,0,94,26.9,22.3,997.7,1004.6,0,0,,,3,3,Sc,10,972,,19,24.3,,,,
146,2022-08-21 07:00,24.6,,.7,70,91,28.1,23,998.3,1005.1,.2,.23,,,3,3,Sc,10,1083,,19,25.5,,,,
146,2022-08-21 08:00,25.5,,.4,0,83,26.9,22.3,998.7,1005.5,1,.92,,,3,3,Sc,10,1618,,,27.8,,,,
146,2022-08-21 09:00,26.3,,.2,0,79,26.9,22.3,999,1005.8,.6,1.02,,,6,4,ScCi,10,1966,,,28.6,,,,
146,2022-08-21 10:00,28,,.7,320,75,28.3,23.1,999,1005.8,.5,1.39,,,5,3,ScCi,10,1993,,,32.3,,,,
146,2022-08-21 11:00,29,,1.1,340,70,27.9,22.9,999,1005.7,1,2.57,,,6,3,ScCi,10,2000,,,36.2,,,,
146,2022-08-21 12:00,29.2,,1.5,340,72,29.1,23.6,998.5,1005.2,.8,2.2,,,6,3,ScCi,10,2000,,,36.2,,,,
146,2022-08-21 13:00,30.1,,1.8,320,71,30.2,24.2,998.1,1004.8,.8,2.71,,,6,4,ScCi,10,2000,,,38.8,,,,
146,2022-08-21 14:00,29.2,,2.2,290,70,28.3,23.1,997.9,1004.6,.4,1.59,,,7,7,Sc,10,2000,,,34.3,,,,
146,2022-08-21 15:00,30.3,,1,320,65,27.9,22.9,997.4,1004.1,.5,1.77,,,6,6,Sc,10,2000,,,35,,,,
146,2022-08-21 16:00,30.3,,1.3,290,66,28.4,23.2,997.2,1003.9,.1,.74,,,6,6,Sc,10,2000,,,34.6,,,,
146,2022-08-21 17:00,29.1,,2.7,270,73,29.3,23.7,997.3,1004,.4,.81,,,7,7,Sc,10,1881,,,31.7,,,,
146,2022-08-21 18:00,28.5,,2.9,270,74,28.8,23.4,997.4,1004.1,.6,.73,,,6,4,ScCi,10,2000,,,30.8,,,,
146,2022-08-21 19:00,27.4,,1.9,250,76,27.6,22.7,997.9,1004.7,0,.23,,,5,1,,13,2000,,,28.3,,,,
146,2022-08-21 20:00,26.6,,1.1,230,81,28.1,23,998.5,1005.3,0,0,,,5,2,,9,2000,,,27.5,,,,
146,2022-08-21 21:00,26.3,,1.2,230,81,27.6,22.7,998.9,1005.7,,,,,5,5,Sc,12,2000,,,26.9,,,,
146,2022-08-21 22:00,26,,1.6,250,83,27.7,22.8,999.3,1006.1,,,,,5,5,,9,2000,,,26.5,,,,
146,2022-08-21 23:00,26,,1,250,82,27.4,22.6,999.1,1005.9,,,,,4,4,,9,2000,,,26.7,,,,
146,2022-08-22 00:00,25.9,,1.2,230,82,27.2,22.5,998.9,1005.7,,,,,8,8,Sc,10,2000,,,26.4,,,,
146,2022-08-22 01:00,25.9,,.6,230,82,27.2,22.5,998.4,1005.2,,,,,4,4,,10,2000,,,26.2,,,,
146,2022-08-22 02:00,25.7,,.6,230,84,27.6,22.7,998.5,1005.3,,,,,9,2,,6,2000,,,26.1,,,,
146,2022-08-22 03:00,25,,.3,0,88,27.7,22.8,998.2,1005.1,,,,,5,5,Sc,10,2000,,,26,,,,
146,2022-08-22 04:00,24.5,,.8,140,90,27.6,22.7,997.8,1004.6,,,,,3,3,Sc,10,1795,,,25.4,,,,
146,2022-08-22 05:00,24.4,,.8,110,90,27.4,22.6,997.7,1004.5,,,,,2,2,Sc,10,1955,,,25.1,,,,
146,2022-08-22 06:00,24.2,,.8,110,91,27.4,22.6,998.1,1004.9,0,0,,,8,8,Sc,10,1952,,,25.3,,,,
146,2022-08-22 07:00,24.8,,.2,0,89,27.7,22.8,998.6,1005.4,0,.07,,,9,9,Sc,10,2000,,,26.1,,,,
146,2022-08-22 08:00,25.5,,.7,200,85,27.6,22.7,999.2,1006.1,.1,.34,,,8,8,Sc,10,2000,,,27.4,,,,
146,2022-08-22 09:00,27.8,,.8,180,75,27.9,22.9,999,1005.8,.9,1.39,,,4,4,Sc,10,2000,,,31.3,,,,
146,2022-08-22 10:00,27.9,,1.2,250,70,26.3,21.9,998.7,1005.5,.9,1.96,,,6,6,Sc,10,2000,,,33,,,,
146,2022-08-22 11:00,28.6,,.8,270,67,26.1,21.8,998.1,1004.8,.9,2.16,,,6,4,ScCi,10,2000,,,33.7,,,,
146,2022-08-22 12:00,30.1,,.9,50,61,26,21.7,997.4,1004.1,.8,2.26,,,6,3,ScCi,10,2000,,,36.6,,,,
146,2022-08-22 13:00,30.3,,.5,290,61,26.3,21.9,997,1003.7,.6,1.91,,,6,3,ScCi,10,2000,,,35,,,,
146,2022-08-22 14:00,31.7,,1.6,270,59,27.4,22.6,996.9,1003.6,.6,2.16,,,5,5,Sc,10,2000,,,39.3,,,,
146,2022-08-22 15:00,32,,2,250,59,27.9,22.9,996.7,1003.4,.9,2.54,,,5,4,ScCi,10,2000,,,39.3,,,,
146,2022-08-22 16:00,30.5,,2.6,250,67,29.1,23.6,996.7,1003.4,.5,1.55,,,8,3,ScCi,10,2000,,,36.1,,,,
146,2022-08-22 17:00,28.8,,2.6,270,66,26.1,21.8,997.1,1003.8,.2,.97,,,8,1,ScCi,10,2000,,,32.2,,,,
146,2022-08-22 18:00,28.7,,1.6,270,70,27.4,22.6,997.1,1003.8,1,.97,,,5,0,Ci,,2000,,,30.9,,,,
146,2022-08-22 19:00,27.5,,1.6,250,76,27.7,22.8,997.4,1004.2,.2,.14,,,6,1,,7,2000,,,28.7,,,,
146,2022-08-22 20:00,27,,1.2,250,78,27.7,22.8,998,1004.8,0,0,,,10,5,,7,2000,,,28,,,,
146,2022-08-22 21:00,27,,.5,230,78,27.7,22.8,998.2,1005,,,,,9,1,StCi,10,2000,,,27.6,,,,
146,2022-08-22 22:00,26.8,,.6,230,81,28.4,23.2,998.4,1005.2,,,,,10,9,,72,2000,,,27.4,,,,
146,2022-08-22 23:00,26.5,,.9,110,82,28.3,23.1,998.5,1005.3,,,,,10,10,,43,2000,,,27.3,,,,
146,2022-08-23 00:00,26.6,,.9,110,82,28.4,23.2,998.6,1005.4,,,,,10,10,As,45,2000,,,27.2,,,,
146,2022-08-23 01:00,26.2,,.9,140,83,28.1,23,998.4,1005.2,,,,,10,2,,39,2000,,,26.9,,,,
146,2022-08-23 02:00,26,,.8,110,83,27.7,22.8,998.1,1004.9,,,,,10,3,,16,1705,,,26.8,,,,
146,2022-08-23 03:00,25.8,,1,110,84,27.7,22.8,997.9,1004.7,,,,,10,10,As,45,2000,,,26.7,,,,
146,2022-08-23 04:00,25.7,,.9,140,84,27.6,22.7,998,1004.8,,,,,10,3,ScAs,10,2000,,,26.6,,,,
146,2022-08-23 05:00,25.9,0,.7,200,83,27.6,22.7,998.2,1005,,,,,10,7,ScAs,10,2000,,01,26.6,,,,
146,2022-08-23 06:00,25.6,,.7,160,85,27.7,22.8,998.4,1005.2,0,0,,,10,6,ScAs,10,2000,,,26.5,,,,
146,2022-08-23 07:00,25.8,,.9,160,82,27.1,22.4,998.6,1005.4,0,.06,,,10,8,ScAs,10,2000,,,26.8,,,,
146,2022-08-23 08:00,26,,1.4,110,80,26.8,22.2,998.9,1005.7,0,.14,,,10,10,Ac,30,1990,,,27.1,,,,
146,2022-08-23 09:00,25.8,0,1.4,110,80,26.4,22,999.1,1005.9,0,.08,,,10,8,ScAs,10,1972,,01,26.9,,,,
146,2022-08-23 10:00,25.4,.1,1.8,110,83,26.8,22.2,999.5,1006.4,0,.06,,,10,8,ScAs,10,1834,,01,26.9,,,,
146,2022-08-23 11:00,25.5,0,1,180,84,27.2,22.5,999.5,1006.4,0,.26,,,10,9,StNs,8,1210,,01,27.5,,,,
146,2022-08-23 12:00,25.3,1.2,1,140,92,29.5,23.8,998.9,1005.8,0,.39,,,10,9,StNs,5,994,,01,28.6,,,,
146,2022-08-23 13:00,26.3,.1,1,110,89,30.4,24.3,998.6,1005.4,0,.44,,,10,8,StNs,8,1858,,01,29,,,,
146,2022-08-23 14:00,27.4,0,.7,180,85,30.9,24.6,998.6,1005.4,0,.41,,,10,8,ScAs,10,1913,,01,29.5,,,,
146,2022-08-23 15:00,26.1,1.7,1.8,250,94,31.7,25,998.3,1005.1,0,.17,,,10,9,StNs,2,195,,01,28.1,,,,
146,2022-08-23 16:00,26.1,4,2.1,230,94,31.7,25,998.3,1005.1,0,.16,,,10,6,ScAs,10,1747,,01,27.9,,,,
146,2022-08-23 17:00,25.1,,2.4,290,93,29.5,23.8,998.8,1005.7,0,.13,,,10,3,ScAs,10,957,,19,27.3,,,,
146,2022-08-23 18:00,24.6,,1.1,290,94,28.9,23.5,999,1005.8,0,.05,,,10,2,ScAs,10,1512,,19,26.9,,,,
146,2022-08-23 19:00,24.6,,1.2,270,93,28.6,23.3,999.1,1005.9,0,.04,,,9,7,,2,941,,19,26.6,,,,
146,2022-08-23 20:00,24.5,,.7,320,94,28.8,23.4,999.3,1006.1,0,0,,,9,9,,2,692,,19,26.5,,,,
146,2022-08-23 21:00,24.7,,.8,290,93,28.8,23.4,1000.1,1006.9,,,,,10,3,ScAs,10,747,,19,26.3,,,,
146,2022-08-23 22:00,24.9,,1.1,290,92,28.9,23.5,1000.3,1007.2,,,,,9,9,,2,489,,19,26.2,,,,
146,2022-08-23 23:00,24.4,,1,340,94,28.6,23.3,1000.1,1006.9,,,,,8,8,,4,463,,19,26.1,,,,
146,2022-08-24 00:00,24.4,,1.3,320,94,28.6,23.3,999.9,1006.7,,,,,10,5,ScAs,6,538,,19,26,,,,
146,2022-08-24 01:00,23.8,,1.2,290,93,27.2,22.5,999.9,1006.8,,,,,8,8,,2,556,,19,25.7,,,,
146,2022-08-24 02:00,23.7,0,.3,0,93,27.1,22.4,999.6,1006.5,,,,,9,9,Sc,5,423,,1901,25.6,,,,
146,2022-08-24 03:00,23.2,,1,290,91,25.8,21.6,999.6,1006.5,,,,,10,6,ScAs,6,733,,19,25.3,,,,
146,2022-08-24 04:00,23.3,,.8,230,88,25,21.1,999.4,1006.3,,,,,10,8,ScAs,6,995,,19,25.2,,,,
146,2022-08-24 05:00,23.2,,.5,250,90,25.5,21.4,999.5,1006.4,,,,,10,7,ScAs,6,905,,19,25.2,,,,
146,2022-08-24 06:00,23.2,,.1,0,91,25.8,21.6,999.6,1006.5,0,0,,,10,8,ScAs,6,1020,,19,25.2,,,,
146,2022-08-24 07:00,22.5,,.2,0,90,24.4,20.7,1000.1,1007,0,.01,,,10,10,St,4,698,,19,25,,,,
146,2022-08-24 08:00,21.9,.2,.3,0,95,24.9,21,1000.6,1007.5,0,.06,,,10,9,StAs,2,125,,1901,25,,,,
146,2022-08-24 09:00,22.2,1.3,.7,250,96,25.6,21.5,1001.3,1008.2,0,.17,,,10,9,StNs,2,151,,1901,25.3,,,,
146,2022-08-24 10:00,22.9,1.6,1,340,97,26.9,22.3,1001.8,1008.7,0,.31,,,10,9,StNs,2,116,,1901,26.2,,,,
146,2022-08-24 11:00,23.5,.6,.5,320,93,26.8,22.2,1001.5,1008.4,0,.84,,,10,4,ScAs,6,583,,1901,28.6,,,,
146,2022-08-24 12:00,24.2,0,.7,340,93,27.9,22.9,1001,1007.8,0,.59,,,10,4,ScAs,7,698,,1901,29,,,,
146,2022-08-24 13:00,24.5,0,1,270,91,27.9,22.9,1000.5,1007.3,0,.66,,,10,3,ScAs,10,1069,,1901,28.6,,,,
146,2022-08-24 14:00,24,0,1.1,320,93,27.6,22.7,1000.4,1007.3,0,.41,,,10,5,ScAs,5,455,,1901,27.9,,,,
146,2022-08-24 15:00,23.7,.2,1.2,340,94,27.4,22.6,999.8,1006.7,0,.4,,,9,9,ScAs,10,1908,,1901,28.6,,,,
146,2022-08-24 16:00,26.2,0,1.1,360,76,25.8,21.6,999.7,1006.5,.6,1.6,,,6,6,Sc,10,2000,,01,33.7,,,,
146,2022-08-24 17:00,25.9,,2.1,340,80,26.6,22.1,999.7,1006.5,.6,1.28,,,6,5,ScCc,10,2000,,,31.7,,,,
146,2022-08-24 18:00,25.3,,1,20,83,26.6,22.1,999.5,1006.4,.3,.6,,,6,4,ScCi,10,2000,,,29.2,,,,
146,2022-08-24 19:00,24.3,,1.2,360,87,26.3,21.9,999.5,1006.3,.6,.26,,,4,2,,11,2000,,,27.3,,,,
146,2022-08-24 20:00,23.5,,1.3,20,91,26.3,21.9,1000,1006.9,0,0,,,5,2,,11,2000,,,26,,,,
146,2022-08-24 21:00,23.2,,.6,360,91,25.8,21.6,1000.6,1007.5,,,,,6,6,Sc,10,2000,,,25.6,,,,
146,2022-08-24 22:00,23.2,,.1,0,90,25.5,21.4,1000.6,1007.5,,,,,4,4,,12,2000,,,25.3,,,,
146,2022-08-24 23:00,23.3,,.9,110,86,24.6,20.8,1000.7,1007.6,,,,,8,7,,12,2000,,,24.8,,,,
146,2022-08-25 00:00,23.1,,1,160,86,24.3,20.6,1000.8,1007.7,,,,,7,7,Sc,,1244,,,24.4,,,,
146,2022-08-25 01:00,22.9,,.9,110,86,24,20.4,1000.7,1007.6,,,,,6,2,,6,2000,,,24.5,,,,
146,2022-08-25 02:00,22.5,,1,110,86,23.4,20,1000.6,1007.5,,,,,5,5,,5,1851,,,24.3,,,,
146,2022-08-25 03:00,21.9,,1.1,110,88,23.1,19.8,1000.5,1007.4,,,,,6,6,Sc,8,1883,,,23.5,,,,
146,2022-08-25 04:00,21.4,,1.3,140,89,22.7,19.5,1000.6,1007.6,,,,,4,4,Sc,8,2000,,,23,,,,
146,2022-08-25 05:00,21.3,,1.3,110,90,22.7,19.5,1000.7,1007.7,,,,,4,4,Sc,11,2000,,,22.8,,,,
146,2022-08-25 06:00,21.5,,1.2,140,89,22.8,19.6,1000.7,1007.7,0,0,,,4,0,Ci,,2000,,,23.1,,,,
146,2022-08-25 07:00,22.1,,.8,110,85,22.5,19.4,1001.2,1008.1,0,.07,,,8,6,ScCi,8,2000,,,23.7,,,,
146,2022-08-25 08:00,23.2,,1.3,140,82,23.2,19.9,1001.5,1008.4,0,.46,,,6,2,ScAc,10,2000,,,25.4,,,,
146,2022-08-25 09:00,25.2,,.6,180,72,22.9,19.7,1001.4,1008.3,.8,1.24,,,3,1,ScAc,10,1803,,,27.9,,,,
146,2022-08-25 10:00,26,,1.5,230,70,23.4,20,1001.4,1008.3,1,2.16,,,7,4,ScCc,10,2000,,,31.7,,,,
146,2022-08-25 11:00,26.6,,1.7,250,67,23.2,19.9,1001.3,1008.1,.8,2.15,,,9,9,Sc,10,2000,,,32.5,,,,
146,2022-08-25 12:00,27.4,,1.1,230,65,23.7,20.2,1000.8,1007.6,.6,2.13,,,8,7,ScCc,10,2000,,,35,,,,
146,2022-08-25 13:00,27.3,,1.2,250,67,24.3,20.6,1000.1,1006.9,.5,2.06,,,8,8,Sc,10,2000,,,34.7,,,,
146,2022-08-25 14:00,27.5,,3.6,270,68,24.9,21,999.7,1006.5,.2,1.19,,,8,4,ScCcCi,10,2000,,,34.4,,,,
146,2022-08-25 15:00,26.5,,3.9,270,63,21.7,18.8,999.5,1006.3,.7,2.28,,,9,5,ScAs,10,2000,,,31.5,,,,
146,2022-08-25 16:00,25.8,,3.6,250,52,17.2,15.1,999.8,1006.6,0,1.11,,,8,8,Ac,45,2000,,,29.3,,,,
146,2022-08-25 17:00,25.3,,2.5,250,60,19.2,16.9,1000.4,1007.3,0,.86,,,8,2,ScAc,10,2000,,,27.9,,,,
146,2022-08-25 18:00,24.5,,1.7,270,64,19.6,17.2,1000.4,1007.2,0,.3,,,8,2,ScAc,10,2000,,,26.3,,,,
146,2022-08-25 19:00,23,,2,320,66,18.4,16.2,1000.8,1007.7,0,.08,,,10,3,,28,2000,,,24.7,,,,
146,2022-08-25 20:00,22.1,0,3.1,320,62,16.4,14.4,1001.4,1008.3,0,0,,,10,7,ScAs,8,2000,,01,23.5,,,,
146,2022-08-25 21:00,22.1,,.2,0,58,15.4,13.4,1001.9,1008.8,,,,,10,4,ScAs,8,2000,,,23.5,,,,
146,2022-08-25 22:00,20.8,0,1.2,340,65,15.9,13.9,1002.1,1009.1,,,,,10,3,ScCi,10,2000,,01,23.1,,,,
146,2022-08-25 23:00,21.9,,0,0,57,14.9,12.9,1002.3,1009.2,,,,,10,2,,28,2000,,,23.1,,,,
146,2022-08-26 00:00,21.5,,1,110,65,16.6,14.6,1001.7,1008.7,,,,,10,7,ScCi,10,2000,,,23.1,,,,
146,2022-08-26 01:00,20.8,,0,0,69,16.8,14.8,1001.5,1008.5,,,,,9,2,,16,2000,,,22.4,,,,
146,2022-08-26 02:00,20.3,,.1,0,75,17.8,15.7,1001.3,1008.3,,,,,10,10,,14,2000,,,22.7,,,,
146,2022-08-26 03:00,19.5,,.7,20,84,19,16.7,1001.1,1008.1,,,,,10,8,ScCi,10,2000,,,22.6,,,,
146,2022-08-26 04:00,20.2,,.9,110,76,17.9,15.8,1000.2,1007.2,,,,,10,7,ScCi,10,1667,,,22.6,,,,
146,2022-08-26 05:00,19.4,,1,340,83,18.6,16.4,1001.7,1008.7,,,,,7,7,Sc,10,2000,,,22.2,,,,
146,2022-08-26 06:00,18.5,,1.3,90,84,17.8,15.7,1001,1008,0,0,,,0,0,,,2000,,,20.9,,,,
146,2022-08-26 07:00,20.3,,.1,0,77,18.3,16.1,1001.8,1008.8,.6,.2,,,3,0,Ci,,2000,,,21.2,,,,
146,2022-08-26 08:00,21.8,,.1,0,70,18.2,16,1001.6,1008.5,1,.84,,,1,0,Ci,,2000,,,22.8,,,,
146,2022-08-26 09:00,23.4,,1,20,64,18.3,16.1,1001.7,1008.6,1,1.52,,,0,0,,,2000,,,26.1,,,,
146,2022-08-26 10:00,25.1,,1.1,50,59,18.8,16.5,1001.6,1008.5,1,2.2,,,1,0,Ci,,2000,,,30.2,,,,
146,2022-08-26 11:00,25.1,,2,340,58,18.4,16.2,1001.6,1008.5,1,2.72,,,0,0,,,2000,,,32.9,,,,
146,2022-08-26 12:00,26.1,,1.6,320,60,20.2,17.7,1000.8,1007.6,1,3.04,,,0,0,,,2000,,,35.1,,,,
146,2022-08-26 13:00,26.9,,1.8,320,56,19.7,17.3,1000.6,1007.4,1,3.17,,,3,3,Sc,10,2000,,,37.6,,,,
146,2022-08-26 14:00,26.1,,2.1,320,59,19.9,17.4,1000.1,1006.9,.6,2.16,,,4,4,Sc,10,2000,,,34.4,,,,
146,2022-08-26 15:00,26.4,,1.8,340,61,20.9,18.2,999.6,1006.4,.8,2.07,,,4,4,Sc,10,2000,,,34.6,,,,
146,2022-08-26 16:00,27.8,,2.1,250,56,20.9,18.2,999.4,1006.2,1,2.03,,,7,6,ScCi,10,2000,,,35.4,,,,
146,2022-08-26 17:00,26,,3.5,270,64,21.4,18.6,999.8,1006.6,.5,1.17,,,8,6,ScCi,12,2000,,,30.2,,,,
146,2022-08-26 18:00,25.5,,3.1,270,66,21.4,18.6,1000,1006.9,1,.87,,,3,0,Ci,,2000,,,27.6,,,,
146,2022-08-26 19:00,24.3,,2.1,270,70,21.2,18.4,1000.3,1007.1,.6,.23,,,2,0,,,2000,,,25.6,,,,
146,2022-08-26 20:00,24.2,,1.1,250,73,22,19,1001,1007.8,0,0,,,5,0,,,1971,,,24.7,,,,
146,2022-08-26 21:00,23.7,,1.8,250,74,21.6,18.7,1001.5,1008.4,,,,,8,3,ScCi,10,1937,,,24.4,,,,
146,2022-08-26 22:00,23,,1.6,230,78,21.8,18.9,1001.8,1008.7,,,,,5,0,,,1569,,,23.7,,,,
146,2022-08-26 23:00,22.7,,.9,250,79,21.7,18.8,1002.3,1009.2,,,,,3,3,,9,1680,,,23.5,,,,
146,2022-08-27 00:00,23,,1,230,78,21.8,18.9,1002.2,1009.1,,,,,8,3,ScCi,10,1658,,,23.4,,,,
146,2022-08-27 01:00,22.2,,.3,0,83,22.1,19.1,1002.1,1009,,,,,5,2,,10,1614,,,22.8,,,,
146,2022-08-27 02:00,21.5,,1,140,86,22,19,1001.7,1008.7,,,,,9,0,,,1500,,,22.8,,,,
146,2022-08-27 03:00,21,,1,110,87,21.6,18.7,1001.6,1008.6,,,,,6,0,Ci,,1358,,,22.4,,,,
146,2022-08-27 04:00,21.2,,.5,160,87,21.8,18.9,1001.9,1008.9,,,,,8,1,ScCi,10,1523,,,22.6,,,,
146,2022-08-27 05:00,21,,1,140,87,21.6,18.7,1002.2,1009.2,,,,,9,1,ScCi,10,1467,,,22.7,,,,
146,2022-08-27 06:00,21,,.9,140,87,21.6,18.7,1002.3,1009.3,0,0,,,10,5,AcCi,45,1509,,,22.7,,,,
146,2022-08-27 07:00,21.5,,1,140,86,22,19,1002.2,1009.2,0,.07,,,9,4,ScCi,10,1580,,,23.4,,,,
146,2022-08-27 08:00,22.1,,.2,0,85,22.5,19.4,1002.7,1009.6,0,.19,,,10,7,ScAs,8,1558,,,24.2,,,,
146,2022-08-27 09:00,21.6,,3.5,340,80,20.5,17.9,1003.3,1010.3,0,.33,,,10,7,ScAs,8,1484,,19,24.7,,,,
146,2022-08-27 10:00,22,,2.8,320,66,17.4,15.3,1003.8,1010.8,0,1.01,,,10,4,ScAs,8,2000,,,26.3,,,,
146,2022-08-27 11:00,21.8,,3.8,320,60,15.6,13.6,1003.9,1010.9,.3,1.6,,,7,5,ScCi,12,2000,,,27.6,,,,
146,2022-08-27 12:00,23.9,,2.5,320,50,14.8,12.8,1003.4,1010.3,1,3.14,,,6,0,Ci,,2000,,,32.8,,,,
146,2022-08-27 13:00,24.2,,3,290,38,11.4,8.9,1003.4,1010.3,1,3.15,,,5,0,Ci,,2000,,,33.5,,,,
146,2022-08-27 14:00,25.4,,2.2,290,43,13.9,11.9,1003.2,1010.1,1,3,,,6,4,ScCi,12,2000,,,36.5,,,,
146,2022-08-27 15:00,25.1,,2.7,340,40,12.7,10.5,1002.8,1009.7,1,2.59,,,2,2,Sc,12,2000,,,37.1,,,,
146,2022-08-27 16:00,25.4,,2.5,290,42,13.6,11.5,1002.7,1009.6,1,2.34,,,0,0,,,2000,,,35.2,,,,
146,2022-08-27 17:00,25,,2.4,340,41,12.9,10.8,1003,1009.9,1,1.67,,,5,3,ScCi,12,2000,,,32.1,,,,
146,2022-08-27 18:00,24,,3.1,270,55,16.3,14.3,1003.2,1010.1,1,.95,,,0,0,,,2000,,,26.6,,,,
146,2022-08-27 19:00,22.4,,3.2,250,62,16.7,14.7,1003.7,1010.6,.3,.2,,,7,0,,,2000,,,23.7,,,,
146,2022-08-27 20:00,21.5,,2.7,290,65,16.6,14.6,1004.7,1011.7,0,0,,,0,0,,,2000,,,22.1,,,,
146,2022-08-27 21:00,19.9,,1.6,340,73,16.9,14.9,1005.6,1012.6,,,,,0,0,,,2000,,,21.5,,,,
146,2022-08-27 22:00,19.9,,.6,360,68,15.8,13.8,1005.9,1013,,,,,0,0,,,2000,,,20.9,,,,
146,2022-08-27 23:00,19.5,,.9,110,73,16.5,14.5,1006.2,1013.2,,,,,0,0,,,2000,,,20.3,,,,
146,2022-08-28 00:00,18.2,,1.5,140,79,16.4,14.4,1006.3,1013.4,,,,,3,0,Ci,,2000,,,19.9,,,,
146,2022-08-28 01:00,17.5,,1.5,110,82,16.3,14.3,1006,1013.1,,,,,5,0,,,2000,,,19.5,,,,
146,2022-08-28 02:00,17.4,,1.2,110,81,16,14,1006.4,1013.5,,,,,8,4,,75,2000,,,19.5,,,,
146,2022-08-28 03:00,16.6,,.5,50,84,15.8,13.8,1006.6,1013.7,,,,,8,0,Ci,,2000,,,19.3,,,,
146,2022-08-28 04:00,16.9,,1.2,110,81,15.6,13.6,1006.8,1013.9,,,,,8,0,Ci,,2000,,,19,,,,
146,2022-08-28 05:00,16.2,,1,140,85,15.6,13.6,1006.9,1014,,,,,8,0,Ci,,1493,,,18.7,,,,
146,2022-08-28 06:00,16.4,,1.2,110,82,15.3,13.3,1007.2,1014.3,,,,,8,0,Ci,,719,,,18.7,,,,
146,2022-08-28 07:00,17.2,,.4,0,80,15.7,13.7,1007.7,1014.8,.1,.14,,,8,0,Ci,,1943,,,19.3,,,,
146,2022-08-28 08:00,18.4,,.3,0,78,16.4,14.4,1008.3,1015.4,.1,.45,,,8,7,AcCi,45,2000,,,20.8,,,,
146,2022-08-28 09:00,20.9,,.3,0,67,16.5,14.5,1008.1,1015.1,1,1.29,,,6,0,Ci,,2000,,,24,,,,
146,2022-08-28 10:00,22.8,,1.1,140,56,15.5,13.5,1008.2,1015.2,1,2.16,,,4,3,AcCi,45,2000,,,28,,,,
146,2022-08-28 11:00,25.1,,.9,70,50,15.9,13.9,1008.1,1015,1,2.75,,,5,0,Ci,,2000,,,31.9,,,,
146,2022-08-28 12:00,26.4,,1.2,140,46,15.8,13.8,1007.7,1014.6,1,2.97,,,6,0,Ci,,1818,,,34.2,,,,
146,2022-08-28 13:00,26.7,,1.6,110,43,15,13,1007.4,1014.3,.9,2.44,,,8,0,Ci,,1920,,,35.8,,,,
146,2022-08-28 14:00,27.6,,1.8,180,41,15.1,13.1,1007,1013.8,1,2.97,,,7,0,Ci,,2000,,,37.9,,,,
146,2022-08-28 15:00,27.2,,1.5,200,39,14,12,1006.6,1013.4,1,2.51,,,6,0,Ci,,2000,,,35.9,,,,
146,2022-08-28 16:00,27.9,,1.4,200,36,13.5,11.4,1006.3,1013.1,.7,1.57,,,6,4,AcCi,45,2000,,,35,,,,
146,2022-08-28 17:00,27.5,,1.1,200,38,13.9,11.9,1006.2,1013,.9,1.36,,,6,4,AcCi,45,2000,,,31.3,,,,
146,2022-08-28 18:00,26.8,,.4,0,43,15.1,13.1,1006.4,1013.3,.8,.63,,,6,5,ScCi,12,2000,,,27.7,,,,
146,2022-08-28 19:00,25.1,,1,230,51,16.2,14.2,1006.7,1013.6,.3,.18,,,7,1,,,2000,,,25.4,,,,
146,2022-08-28 20:00,23.8,,1.4,230,61,17.9,15.8,1007.7,1014.6,0,0,,,5,5,,75,2000,,,24.2,,,,
146,2022-08-28 21:00,22.8,,1.3,110,65,17.9,15.8,1007.9,1014.8,,,,,9,0,Ci,,2000,,,23.7,,,,
146,2022-08-28 22:00,22.2,,.6,140,68,18.2,16,1008,1015,,,,,7,7,,53,2000,,,23.3,,,,
146,2022-08-28 23:00,21.8,,.9,140,68,17.7,15.6,1008,1015,,,,,9,2,,44,2000,,,23.1,,,,
146,2022-08-29 00:00,21.2,,.8,140,71,17.8,15.7,1007.8,1014.8,,,,,8,0,Ci,,2000,,,22.5,,,,
146,2022-08-29 01:00,21,,1.3,110,73,18.1,15.9,1007.6,1014.6,,,,,10,5,,46,2000,,,22.5,,,,
146,2022-08-29 02:00,20.7,,1.3,110,73,17.7,15.6,1007.6,1014.6,,,,,10,7,,39,2000,,,22.2,,,,
146,2022-08-29 03:00,20.2,,1.3,110,72,16.9,14.9,1007.4,1014.4,,,,,3,0,Ci,,2000,,,21.5,,,,
146,2022-08-29 04:00,20.2,,1.3,140,73,17.2,15.1,1007.6,1014.7,,,,,6,0,Ci,,2000,,,21.2,,,,
146,2022-08-29 05:00,20,,1.6,110,73,17,15,1007.5,1014.6,,,,,9,0,Ci,,2000,,,21.4,,,,
146,2022-08-29 06:00,20.1,0,1.3,110,70,16.4,14.4,1007.4,1014.5,,,,,10,3,ScAs,10,2000,,01,21.3,,,,
146,2022-08-29 07:00,20.4,0,1,110,69,16.5,14.5,1007.6,1014.6,0,.03,,,10,4,ScAs,10,2000,,01,21.6,,,,
146,2022-08-29 08:00,20.8,0,1.2,110,70,17.2,15.1,1007.6,1014.6,0,.22,,,10,8,ScAs,10,2000,,01,22.8,,,,
146,2022-08-29 09:00,21.6,0,.4,0,66,16.9,14.9,1008,1015,0,.33,,,10,8,ScAs,10,2000,,01,23.5,,,,
146,2022-08-29 10:00,22.6,0,.6,110,64,17.5,15.4,1008.4,1015.4,0,.56,,,10,8,ScAs,10,2000,,01,25.2,,,,
146,2022-08-29 11:00,22.6,0,1,340,70,19.1,16.8,1009.3,1016.3,0,.62,,,10,8,ScAs,10,2000,,01,25.7,,,,
146,2022-08-29 12:00,21.8,0,1.1,20,79,20.5,17.9,1009.2,1016.2,0,.52,,,10,7,ScAs,10,2000,,01,26,,,,
146,2022-08-29 13:00,21.5,.2,1.5,20,84,21.4,18.6,1008.7,1015.7,0,.68,,,10,7,ScAs,10,1911,,01,26.6,,,,
146,2022-08-29 14:00,22.1,.1,1,20,81,21.4,18.6,1008.3,1015.3,0,.64,,,10,8,ScAs,10,2000,,01,26.7,,,,
146,2022-08-29 15:00,22.1,0,1.5,20,84,22.2,19.2,1007.7,1014.7,0,.72,,,10,7,ScAs,10,2000,,01,27.3,,,,
146,2022-08-29 16:00,22.4,0,1.3,360,83,22.4,19.3,1007.3,1014.3,0,.67,,,10,7,ScAs,10,2000,,01,27.4,,,,
146,2022-08-29 17:00,22.7,0,1.6,360,79,21.7,18.8,1007.1,1014,0,.67,,,10,7,ScAs,10,2000,,01,27.5,,,,
146,2022-08-29 18:00,22,0,1.5,360,83,21.8,18.9,1007.1,1014.1,0,.32,,,10,7,ScAs,10,2000,,01,25.7,,,,
146,2022-08-29 19:00,21.6,0,1.2,20,84,21.6,18.7,1006.8,1013.8,0,.07,,,10,6,ScAs,12,2000,,01,24.5,,,,
146,2022-08-29 20:00,21,0,1.1,20,87,21.6,18.7,1007.4,1014.4,0,0,,,10,5,StNs,10,1731,,01,23.8,,,,
146,2022-08-29 21:00,21.2,0,.9,20,87,21.8,18.9,1008,1015,,,,,10,6,ScAs,12,1983,,01,23.5,,,,
146,2022-08-29 22:00,20.6,,.9,360,87,21,18.3,1007.8,1014.8,,,,,0,0,,,2000,,,23.2,,,,
146,2022-08-29 23:00,20.9,,.7,20,83,20.4,17.8,1007.4,1014.4,,,,,10,10,,19,2000,,,23.1,,,,
146,2022-08-30 00:00,20.7,,1,360,85,20.6,18,1007.2,1014.2,,,,,10,5,ScAs,12,2000,,,23,,,,
146,2022-08-30 01:00,20.9,,.9,20,84,20.6,18,1006.8,1013.8,,,,,10,10,,17,2000,,,22.9,,,,
146,2022-08-30 02:00,20.8,,.8,340,85,20.8,18.1,1005.9,1012.9,,,,,9,9,,17,2000,,,22.9,,,,
146,2022-08-30 03:00,20.7,,.7,360,86,20.9,18.2,1005.3,1012.3,,,,,10,6,ScAs,12,2000,,,22.9,,,,
146,2022-08-30 04:00,20.9,0,.9,20,85,20.9,18.2,1004.8,1011.8,,,,,10,6,StNs,10,2000,,01,22.8,,,,
146,2022-08-30 05:00,21.2,0,1.6,70,85,21.3,18.5,1004.2,1011.2,,,,,10,5,ScAs,12,2000,,01,22.8,,,,
146,2022-08-30 06:00,20.5,.2,1,20,90,21.6,18.7,1004.5,1011.5,,,,,10,6,StNs,8,1901,,01,22.7,,,,
146,2022-08-30 07:00,20.4,.1,1.2,70,93,22.2,19.2,1004.4,1011.4,0,.02,,,10,7,ScAs,12,1953,,01,22.9,,,,
146,2022-08-30 08:00,21.1,,.8,360,93,23.2,19.9,1004.4,1011.4,0,.14,,,10,7,ScAs,10,1648,,,23.6,,,,
146,2022-08-30 09:00,22,,1.9,360,87,22.9,19.7,1004.1,1011.1,0,.45,,,10,7,ScAs,10,2000,,,25.3,,,,
146,2022-08-30 10:00,22.9,0,.8,50,84,23.4,20,1003.8,1010.7,0,.6,,,10,7,ScAs,10,2000,,01,26.6,,,,
146,2022-08-30 11:00,22.7,0,2.3,320,86,23.7,20.2,1003.6,1010.5,0,.71,,,10,7,StNs,8,2000,,01,27.3,,,,
146,2022-08-30 12:00,23.1,0,1.6,340,86,24.3,20.6,1002.9,1009.8,0,.93,,,10,7,StNs,8,1947,,01,27.9,,,,
146,2022-08-30 13:00,23.2,0,2.7,340,88,24.9,21,1002.1,1009,0,.9,,,10,7,StNs,8,1348,,01,28.5,,,,
146,2022-08-30 14:00,23.6,0,1.3,320,88,25.5,21.4,1001.8,1008.7,0,.62,,,10,7,ScAs,10,1105,,01,28,,,,
146,2022-08-30 15:00,22.7,.3,1.8,340,93,25.6,21.5,1001.7,1008.6,0,.42,,,10,7,StNs,8,555,,01,27.1,,,,
146,2022-08-30 16:00,22.6,.6,.8,290,94,25.6,21.5,1001,1007.9,0,.4,,,10,7,StNs,8,415,,01,26.5,,,,
146,2022-08-30 17:00,22.5,.6,.9,360,96,26.1,21.8,1000.3,1007.2,0,.3,,,10,7,ScAs,10,538,,01,26.4,,,,
146,2022-08-30 18:00,22.6,0,0,0,96,26.3,21.9,1000.2,1007.1,0,.14,,,10,7,StNs,8,448,,01,25.9,,,,
146,2022-08-30 19:00,22.6,0,0,0,96,26.3,21.9,999.9,1006.8,0,.04,,,10,6,ScAs,10,541,,01,25.1,,,,
146,2022-08-30 20:00,22,0,2.1,320,96,25.3,21.3,1000.3,1007.2,0,0,,,10,6,ScAs,10,322,,01,24.5,,,,
146,2022-08-30 21:00,20.8,2.9,1.3,320,97,23.8,20.3,1000.9,1007.9,,,,,10,8,StNs,8,129,,01,23.4,,,,
146,2022-08-30 22:00,21.2,2,.1,0,98,24.6,20.8,1000.8,1007.8,,,,,10,8,StNs,8,224,,01,23.7,,,,
146,2022-08-30 23:00,21.4,1.1,0,0,98,24.9,21,1000.3,1007.3,,,,,10,7,StNs,8,266,,01,23.7,,,,
146,2022-08-31 00:00,21.4,1.9,.7,340,98,24.9,21,1000.2,1007.2,,,,,10,8,StNs,8,78,,01,23.6,,,,
146,2022-08-31 01:00,21.3,1.8,.8,320,98,24.7,20.9,1000.1,1007.1,,,,,10,8,StNs,8,182,,01,23.5,,,,
146,2022-08-31 02:00,21.2,1.6,.5,320,98,24.6,20.8,999.8,1006.8,,,,,10,7,StNs,8,129,,01,23.4,,,,
146,2022-08-31 03:00,20.7,.1,1.9,270,98,23.8,20.3,999.9,1006.9,,,,,10,7,StNs,8,168,,01,23.1,,,,
146,2022-08-31 04:00,20.4,1,.6,290,98,23.4,20,999.9,1006.9,,,,,10,8,StNs,8,257,,01,23,,,,
146,2022-08-31 05:00,20.5,1.2,.5,320,98,23.5,20.1,1000.1,1007.1,,,,,10,8,StNs,8,240,,01,22.9,,,,
146,2022-08-31 06:00,20.6,1.1,.2,0,98,23.7,20.2,1000.4,1007.4,,,,,10,7,StNs,8,411,,01,22.9,,,,
146,2022-08-31 07:00,20.3,.3,.9,290,98,23.2,19.9,1000.7,1007.7,0,.01,,,10,7,StNs,8,712,,01,22.8,,,,
146,2022-08-31 08:00,20.5,.1,1.1,290,97,23.4,20,1001.1,1008.1,0,.07,,,10,8,StNs,8,901,,01,23,,,,
146,2022-08-31 09:00,20.5,0,2.2,320,96,23.1,19.8,1001.6,1008.6,0,.21,,,10,8,ScAs,10,606,,01,23.4,,,,
146,2022-08-31 10:00,20.7,.3,1.9,320,95,23.1,19.8,1001.9,1008.9,0,.34,,,10,7,ScAs,10,694,,01,24.1,,,,
146,2022-08-31 11:00,21.1,.2,1.1,290,94,23.4,20,1002,1009,0,.42,,,10,7,ScAs,10,668,,01,24.8,,,,
146,2022-08-31 12:00,21.4,0,1.3,340,92,23.4,20,1001.6,1008.6,0,.51,,,10,7,ScAs,10,778,,01,25.2,,,,
146,2022-08-31 13:00,22.7,,1,360,87,24,20.4,1001.4,1008.3,0,.6,,,9,9,Sc,10,1209,,,26.8,,,,
146,2022-08-31 14:00,22.9,,.8,320,81,22.5,19.4,1001.2,1008.1,0,.92,,,9,9,Sc,10,1833,,,27.7,,,,
146,2022-08-31 15:00,24.2,,.4,0,77,23.2,19.9,1000.9,1007.7,0,.88,,,9,9,Sc,10,1962,,,29.2,,,,
146,2022-08-31 16:00,24.1,,1.5,360,79,23.7,20.2,1000.8,1007.6,0,1.1,,,9,9,Sc,10,1916,,,29.2,,,,
146,2022-08-31 17:00,23.5,,1.2,320,80,23.1,19.8,1001,1007.9,0,.67,,,9,5,ScAc,10,1969,,,27.6,,,,
146,2022-08-31 18:00,22.9,,1,340,83,23.1,19.8,1001.2,1008.1,0,.33,,,7,3,ScCi,10,2000,,,26.2,,,,
146,2022-08-31 19:00,22.5,,1.3,340,83,22.5,19.4,1001.6,1008.5,0,.12,,,9,2,,,2000,,,24.6,,,,
146,2022-08-31 20:00,22.1,,1.1,270,88,23.4,20,1002.1,1009,0,0,,,7,0,,,2000,,,23.5,,,,
146,2022-08-31 21:00,22,,.7,320,90,23.7,20.2,1002.7,1009.6,,,,,8,8,Sc,8,1056,,,23.3,,,,
146,2022-08-31 22:00,21,,.1,0,92,22.8,19.6,1002.9,1009.9,,,,,8,4,,6,1111,,,22.9,,,,
146,2022-08-31 23:00,21.2,,.1,0,94,23.5,20.1,1003.7,1010.7,,,,,8,2,,2,644,,19,22.8,,,,
146,2022-09-01 00:00,20.4,,.5,70,96,22.9,19.7,1003.7,1010.7,,,,,7,7,,,445,,19,22.3,,,,
146,2022-09-01 01:00,20.2,,.5,50,96,22.7,19.5,1003.7,1010.7,,,,,5,2,,2,394,,19,22.1,,,,
146,2022-09-01 02:00,19.8,,1,340,97,22.4,19.3,1003.7,1010.7,,,,,9,4,,15,279,,19,22,,,,
146,2022-09-01 03:00,19.2,,.2,0,98,21.7,18.8,1003.9,1010.9,,,,,10,10,,8,80,,1916,21.7,,,,
146,2022-09-01 04:00,19.4,,0,0,98,22,19,1004.8,1011.8,,,,,6,6,Sc,12,697,,1916,21.5,,,,
146,2022-09-01 05:00,19.2,,.7,20,97,21.6,18.7,1004.7,1011.7,,,,,6,3,ScCi,12,409,,19,21.3,,,,
146,2022-09-01 06:00,19,,.9,340,97,21.3,18.5,1005.1,1012.1,,,,,10,10,,6,60,,1916,21.2,,,,
146,2022-09-01 07:00,19.4,,.4,0,98,22,19,1005.7,1012.7,0,.08,,,10,10,St,6,730,,1916,21.9,,,,
146,2022-09-01 08:00,20.8,,.1,0,94,22.9,19.7,1005.8,1012.8,0,.31,,,10,5,ScCi,5,980,,19,23.1,,,,
146,2022-09-01 09:00,21.5,,.5,340,90,22.9,19.7,1006.2,1013.2,0,.6,,,10,6,ScCi,6,1053,,19,24.7,,,,
146,2022-09-01 10:00,21.7,,1.2,320,89,23.1,19.8,1006.9,1013.9,0,.57,,,10,5,ScCi,6,847,,19,25.3,,,,
146,2022-09-01 11:00,22.4,,1.4,360,87,23.5,20.1,1006.8,1013.8,0,.62,,,10,5,ScCi,6,969,,19,26.4,,,,
146,2022-09-01 12:00,23.4,,2.7,340,81,23.2,19.9,1006.7,1013.6,0,1.43,,,9,4,ScCi,8,1864,,19,29,,,,
146,2022-09-01 13:00,24.6,,1.3,340,77,23.7,20.2,1006.4,1013.3,.1,1.35,,,8,3,ScCi,8,1848,,,30.8,,,,
146,2022-09-01 14:00,24.9,,2.2,360,72,22.5,19.4,1005.9,1012.8,.6,1.74,,,8,3,ScCi,8,2000,,,31,,,,
146,2022-09-01 15:00,25.4,,1.6,360,71,22.9,19.7,1005.6,1012.5,.1,1.24,,,7,2,ScCi,10,2000,,,30.5,,,,
146,2022-09-01 16:00,26,,1.6,360,70,23.4,20,1005.8,1012.7,.2,1.12,,,8,5,ScCi,8,2000,,,31.3,,,,
146,2022-09-01 17:00,25,,1.6,20,74,23.4,20,1005.9,1012.8,0,.57,,,8,6,ScCi,8,2000,,,28.8,,,,
146,2022-09-01 18:00,25.6,,1.6,20,70,22.9,19.7,1006.2,1013.1,.8,.88,,,7,3,ScCi,8,2000,,,29.2,,,,
146,2022-09-01 19:00,23.8,,1.7,20,74,21.7,18.8,1006.2,1013.1,.5,.26,,,5,0,,,2000,,,24.9,,,,
146,2022-09-01 20:00,22.5,,1.3,20,82,22.2,19.2,1006.7,1013.7,0,0,,,6,0,,,2000,,,23.4,,,,
146,2022-09-01 21:00,22.4,,1.1,70,85,22.9,19.7,1007.3,1014.3,,,,,7,0,Ci,,2000,,,22.7,,,,
146,2022-09-01 22:00,21.8,,.7,140,89,23.1,19.8,1007.5,1014.5,,,,,4,0,,,2000,,,21.9,,,,
146,2022-09-01 23:00,20.5,,1,50,92,22.1,19.1,1007.8,1014.8,,,,,1,0,,,2000,,,21.1,,,,
146,2022-09-02 00:00,20.3,,.7,70,92,21.8,18.9,1008,1015,,,,,0,0,,,2000,,,20.5,,,,
146,2022-09-02 01:00,19.7,,1.4,110,92,21,18.3,1008.2,1015.2,,,,,0,0,,,2000,,,20.1,,,,
146,2022-09-02 02:00,18.8,,.5,20,94,20.4,17.8,1008.1,1015.1,,,,,0,0,,,2000,,,19.5,,,,
146,2022-09-02 03:00,19.1,,1.1,110,92,20.2,17.7,1007.8,1014.8,,,,,5,0,Ci,,2000,,,19.3,,,,
146,2022-09-02 04:00,19,,.9,110,91,19.9,17.4,1007.7,1014.7,,,,,5,0,Ci,,2000,,,19,,,,
146,2022-09-02 05:00,18.7,,.2,0,88,18.9,16.6,1007.3,1014.3,,,,,5,0,Ci,,2000,,,18.8,,,,
146,2022-09-02 06:00,18.9,,.2,0,88,19.1,16.8,1007.5,1014.5,,,,,5,0,Ci,,2000,,,18.6,,,,
146,2022-09-02 07:00,18.7,,1.1,360,88,18.9,16.6,1007.8,1014.8,0,.09,,,9,7,ScCi,10,2000,,,20.1,,,,
146,2022-09-02 08:00,20.7,,0,0,82,20,17.5,1007.9,1014.9,.1,.43,,,7,6,ScCi,10,2000,,,22.7,,,,
146,2022-09-02 09:00,23,,1.7,20,74,20.8,18.1,1007.9,1014.8,.4,1.09,,,8,8,Sc,10,2000,,,27.4,,,,
146,2022-09-02 10:00,24.8,,2.8,360,70,21.8,18.9,1007.6,1014.5,.4,1.56,,,3,2,AcCc,30,2000,,,31.2,,,,
146,2022-09-02 11:00,25.9,,2.2,70,66,22,19,1007.4,1014.3,.9,2.42,,,5,5,Sc,10,2000,,,32,,,,
146,2022-09-02 12:00,26.8,,2.4,70,62,21.8,18.9,1007,1013.9,.4,1.81,,,7,6,ScCc,10,2000,,,32.1,,,,
146,2022-09-02 13:00,26.8,,3.1,70,60,21,18.3,1006.7,1013.6,.7,2.19,,,8,6,ScCc,10,2000,,,32.8,,,,
146,2022-09-02 14:00,26.6,,2.9,50,64,22.2,19.2,1006.4,1013.3,.3,1.87,,,8,7,ScCi,10,2000,,,32.3,,,,
146,2022-09-02 15:00,26.4,,3,90,62,21.3,18.5,1006.3,1013.2,.2,1.31,,,9,8,ScCc,10,2000,,,29.3,,,,
146,2022-09-02 16:00,26.5,,2.2,50,64,22.1,19.1,1006.3,1013.2,.1,.98,,,9,7,ScCc,10,2000,,,30,,,,
146,2022-09-02 17:00,25.8,,2.4,50,63,20.9,18.2,1006.9,1013.8,0,.54,,,8,7,ScCi,10,2000,,,27.2,,,,
146,2022-09-02 18:00,25.5,,2.3,90,64,20.8,18.1,1007.2,1014.1,.1,.32,,,6,1,ScAc,10,2000,,,25.8,,,,
146,2022-09-02 19:00,24.6,,1,70,67,20.6,18,1007.4,1014.3,.4,.17,,,3,0,,,2000,,,24,,,,
146,2022-09-02 20:00,24.1,,2,90,69,20.6,18,1007.9,1014.8,,,,,6,6,,27,2000,,,23.1,,,,
146,2022-09-02 21:00,22.7,,1.3,50,77,21.2,18.4,1008.1,1015.1,,,,,7,7,Ac,30,2000,,,22.7,,,,
146,2022-09-02 22:00,21.7,,1.6,20,80,20.6,18,1007.5,1014.5,,,,,5,3,,30,2000,,,22,,,,
146,2022-09-02 23:00,22.6,,1.4,70,74,20.2,17.7,1007.1,1014.1,,,,,5,0,,,1763,,,21.4,,,,
146,2022-09-03 00:00,21.8,,.6,90,80,20.8,18.1,1007,1014,,,,,6,6,Ac,30,1055,,,21.4,,,,
146,2022-09-03 01:00,22,,.6,70,79,20.8,18.1,1006.7,1013.7,,,,,4,4,,22,1705,,,21.5,,,,
146,2022-09-03 02:00,22.2,,1.9,70,76,20.2,17.7,1006,1013,,,,,5,3,,24,2000,,,21.6,,,,
146,2022-09-03 03:00,22.9,,1.8,70,73,20.2,17.7,1005.8,1012.7,,,,,8,8,Ac,25,2000,,,21.5,,,,
146,2022-09-03 04:00,22.7,0,.9,50,74,20.4,17.8,1005.5,1012.4,,,,,9,4,ScAc,10,2000,,01,21.8,,,,
146,2022-09-03 05:00,22.1,,1.7,20,78,20.6,18,1005.4,1012.4,,,,,9,9,Ac,30,2000,,,21.5,,,,
146,2022-09-03 06:00,22.3,,.8,140,77,20.6,18,1005.6,1012.6,,,,,7,7,Ac,30,2000,,,21.7,,,,
146,2022-09-03 07:00,23.4,,1.1,110,73,20.9,18.2,1006,1012.9,0,.09,,,8,6,AcCi,25,2000,,,22.5,,,,
146,2022-09-03 08:00,24.9,,1.7,70,69,21.7,18.8,1006.2,1013.1,.3,.6,,,3,2,ScCi,10,2000,,,25.6,,,,
146,2022-09-03 09:00,25.4,,1.9,50,68,22,19,1005.8,1012.7,.7,1.15,,,8,2,ScCi,10,2000,,,28.3,,,,
146,2022-09-03 10:00,26,,3,70,66,22.1,19.1,1005.9,1012.8,.4,1.44,,,9,8,ScCi,10,2000,,,28.9,,,,
146,2022-09-03 11:00,27.1,,3.2,70,63,22.5,19.4,1005.6,1012.4,.4,1.89,,,9,8,ScCi,10,2000,,,31.7,,,,
146,2022-09-03 12:00,28.4,,3.2,70,59,22.8,19.6,1005.2,1012,.6,2.32,,,5,5,Sc,10,2000,,,36.4,,,,
146,2022-09-03 13:00,28.6,,3.4,110,57,22.2,19.2,1005.1,1011.9,.7,2.44,,,7,7,Sc,10,2000,,,35.8,,,,
146,2022-09-03 14:00,28.1,,3.4,140,61,23.1,19.8,1005,1011.8,.6,2.22,,,8,6,ScAs,10,2000,,,32.9,,,,
146,2022-09-03 15:00,27.8,,2.9,90,62,23.1,19.8,1004.6,1011.4,0,1.03,,,9,7,ScAs,10,2000,,,31,,,,
146,2022-09-03 16:00,27.9,,3,70,63,23.5,20.1,1004.1,1010.9,.1,1.16,,,5,5,Sc,10,2000,,,31.6,,,,
146,2022-09-03 17:00,27.4,,3.8,90,62,22.5,19.4,1004.5,1011.3,.2,.75,,,8,8,Sc,10,2000,,,28.4,,,,
146,2022-09-03 18:00,26.8,,3,90,64,22.5,19.4,1004.6,1011.4,0,.36,,,8,8,Sc,10,2000,,,26.6,,,,
146,2022-09-03 19:00,26.1,,2.2,110,66,22.2,19.2,1004.8,1011.7,0,.05,,,4,3,,18,2000,,,25.3,,,,
146,2022-09-03 20:00,25.4,,3.2,90,69,22.2,19.2,1005.6,1012.5,,,,,4,4,,18,2000,,,24.6,,,,
146,2022-09-03 21:00,25,,2.4,90,71,22.4,19.3,1006,1012.9,,,,,7,7,Sc,10,2000,,,24.2,,,,
146,2022-09-03 22:00,24.8,,3.5,70,70,21.8,18.9,1005.6,1012.5,,,,,4,4,,27,2000,,,23.3,,,,
146,2022-09-03 23:00,24.6,,3,70,71,21.8,18.9,1005.4,1012.3,,,,,9,4,,27,2000,,,23.2,,,,
146,2022-09-04 00:00,24.1,,.4,0,73,21.8,18.9,1005.4,1012.3,,,,,7,7,Sc,,2000,,,22.9,,,,
146,2022-09-04 01:00,23.1,,1.1,20,79,22.2,19.2,1004.8,1011.7,,,,,5,5,,27,2000,,,22.9,,,,
146,2022-09-04 02:00,23.3,,1.1,110,79,22.5,19.4,1004.3,1011.2,,,,,8,8,,25,2000,,,22.7,,,,
146,2022-09-04 03:00,23.5,,.8,90,79,22.8,19.6,1003.7,1010.6,,,,,7,7,Sc,10,2000,,,22.6,,,,
146,2022-09-04 04:00,23.7,,1.1,110,78,22.8,19.6,1003.4,1010.3,,,,,7,3,ScAc,10,2000,,,23,,,,
146,2022-09-04 05:00,23.5,,.8,110,79,22.8,19.6,1003.3,1010.2,,,,,10,5,ScAs,10,2000,,,23.2,,,,
146,2022-09-04 06:00,24.6,0,.6,180,74,22.8,19.6,1003.3,1010.1,,,,,10,7,ScAs,10,2000,,01,23.2,,,,
146,2022-09-04 07:00,23.8,0,.5,90,81,23.8,20.3,1003.2,1010.1,0,.03,,,10,7,ScAs,10,2000,,01,23.7,,,,
146,2022-09-04 08:00,23.6,.2,2.3,140,84,24.4,20.7,1002.7,1009.6,0,.15,,,10,8,ScAs,10,1959,,01,24.3,,,,
146,2022-09-04 09:00,25.7,0,1,110,76,25,21.1,1003,1009.9,.1,.63,,,9,6,ScAs,10,2000,,01,27.1,,,,
146,2022-09-04 10:00,28.2,,.7,140,71,27.1,22.4,1003,1009.8,0,1.03,,,9,7,ScAs,10,2000,,,30.7,,,,
146,2022-09-04 11:00,29.6,,1.7,110,64,26.4,22,1001.9,1008.6,.5,1.97,,,8,3,ScAs,10,2000,,,34.4,,,,
146,2022-09-04 12:00,29,,2.8,160,65,26,21.7,1001.5,1008.3,.1,1.52,,,9,3,ScAs,10,2000,,,32.2,,,,
146,2022-09-04 13:00,30.2,,1.5,110,62,26.6,22.1,1001.2,1008,.1,2.02,,,9,4,ScAcCc,10,2000,,,35.4,,,,
146,2022-09-04 14:00,30.6,,2.3,160,61,26.8,22.2,1000.4,1007.1,.1,1.64,,,9,3,ScAc,10,2000,,,34.4,,,,
146,2022-09-04 15:00,30.1,,2.4,160,62,26.4,22,1000,1006.8,0,1.34,,,9,8,ScAc,10,2000,,,32.8,,,,
146,2022-09-04 16:00,29.7,,2.1,160,64,26.6,22.1,1000.1,1006.8,0,.75,,,10,5,ScAs,10,2000,,,30.4,,,,
146,2022-09-04 17:00,29.3,0,1.7,180,66,26.8,22.2,1000.5,1007.2,0,.39,,,10,4,ScAs,10,2000,,01,29.1,,,,
146,2022-09-04 18:00,28.7,0,1.8,180,69,27.1,22.4,1000.6,1007.4,0,.18,,,10,4,ScAs,10,2000,,01,27.5,,,,
146,2022-09-04 19:00,27.4,.1,1.4,200,76,27.6,22.7,1001.1,1007.9,0,.04,,,10,5,ScAs,10,2000,,01,26.6,,,,
146,2022-09-04 20:00,26.2,0,1.4,230,83,28.1,23,1001.5,1008.3,,,,,10,5,ScAs,10,2000,,01,26.1,,,,
146,2022-09-04 21:00,25.4,0,.7,270,81,26.1,21.8,1002.1,1009,,,,,10,6,ScAs,10,2000,,01,25.7,,,,
146,2022-09-04 22:00,24.7,0,.6,20,84,26.1,21.8,1001.9,1008.7,,,,,10,4,ScAs,10,2000,,01,25.4,,,,
146,2022-09-04 23:00,24.6,0,.8,70,85,26.3,21.9,1001.7,1008.5,,,,,10,7,ScAs,10,2000,,01,25.2,,,,
146,2022-09-05 00:00,24.1,0,1.7,340,87,26,21.7,1001.5,1008.4,,,,,10,6,ScAs,10,2000,,01,25,,,,
146,2022-09-05 01:00,23.8,.1,.8,340,88,25.8,21.6,1001,1007.9,,,,,10,4,ScAs,10,2000,,01,24.8,,,,
146,2022-09-05 02:00,23.4,0,.7,320,93,26.6,22.1,1000.5,1007.4,,,,,10,4,ScAs,10,2000,,01,24.5,,,,
146,2022-09-05 03:00,23.1,0,1,360,94,26.4,22,1000.4,1007.3,,,,,10,7,ScAs,10,2000,,01,24.4,,,,
146,2022-09-05 04:00,23.3,0,1.2,50,93,26.4,22,999.8,1006.7,,,,,10,7,ScAs,10,1965,,01,24.3,,,,
146,2022-09-05 05:00,23.1,0,.5,340,93,26.1,21.8,999.3,1006.2,,,,,10,8,ScAs,10,1831,,01,24.4,,,,
146,2022-09-05 06:00,23.6,.1,.6,110,93,26.9,22.3,999.3,1006.2,,,,,10,8,StNs,8,1437,,01,24.4,,,,
146,2022-09-05 07:00,23.5,.7,.4,0,95,27.4,22.6,999.4,1006.3,0,0,,,10,7,StNs,8,689,,01,24.6,,,,
146,2022-09-05 08:00,23.3,.4,.8,50,96,27.4,22.6,998.8,1005.7,0,.09,,,10,2,StNs,10,1369,,01,25.1,,,,
146,2022-09-05 09:00,24,.2,.2,0,95,28.3,23.1,998.5,1005.3,0,.17,,,10,6,StNs,11,1000,,01,25.7,,,,
146,2022-09-05 10:00,24.5,.5,.5,320,93,28.4,23.2,998.6,1005.4,0,.51,,,10,4,StNs,12,793,,1901,28,,,,
146,2022-09-05 11:00,24.9,.3,.9,340,94,29.5,23.8,998.3,1005.2,0,.61,,,10,7,StNs,11,787,,1901,28.5,,,,
146,2022-09-05 12:00,25.1,.9,.7,360,95,30.2,24.2,997.3,1004.2,0,.45,,,10,3,StNs,9,611,,1901,28.2,,,,
146,2022-09-05 13:00,25.6,.3,1.6,110,89,29.1,23.6,996.7,1003.5,0,.46,,,10,3,StNs,11,1811,,1901,28.2,,,,
146,2022-09-05 14:00,25.3,.7,.4,0,93,29.8,24,996.2,1003,0,.23,,,10,6,StNs,10,1118,,01,27.4,,,,
146,2022-09-05 15:00,24.9,1.5,1.1,340,96,30.2,24.2,995.3,1002.1,0,.2,,,10,6,StNs,10,617,,1901,27.2,,,,
146,2022-09-05 16:00,24.6,1.2,1.4,340,96,29.7,23.9,994.7,1001.5,0,.18,,,10,8,StNs,10,895,,1901,26.9,,,,
146,2022-09-05 17:00,24.1,.9,1.3,320,96,28.8,23.4,994.5,1001.3,0,.14,,,10,5,StNs,12,1800,,1901,26.2,,,,
146,2022-09-05 18:00,23.8,1,2.2,360,96,28.3,23.1,994.1,1000.9,0,.04,,,10,6,StNs,10,612,,1901,25.4,,,,
146,2022-09-05 19:00,23.6,3.6,3.3,360,96,27.9,22.9,993.6,1000.4,0,.01,,,10,8,StNs,8,514,,1901,24.7,,,,
146,2022-09-05 20:00,21.1,4,4.5,340,97,24.1,20.5,993.1,1000,,,,,10,8,StNs,8,321,,1901,23.5,,,,
146,2022-09-05 21:00,20.2,2.2,3.6,340,97,22.9,19.7,992,998.9,,,,,10,9,StNs,8,587,,1901,22.7,,,,
146,2022-09-05 22:00,20,4.3,4.4,340,97,22.7,19.5,990.7,997.6,,,,,10,8,StNs,8,358,,1901,22.1,,,,
146,2022-09-05 23:00,19.9,6,5,340,98,22.7,19.5,989.2,996.1,,,,,10,9,StNs,8,482,,1901,21.8,,,,
146,2022-09-06 00:00,19.3,4,4.9,340,97,21.7,18.8,988,994.9,,,,,10,8,StNs,8,449,,1901,21.4,,,,
146,2022-09-06 01:00,19.1,2.6,4.6,340,97,21.4,18.6,986.6,993.5,,,,,10,8,StNs,8,800,,1901,21,,,,
146,2022-09-06 02:00,19.6,2.5,3.7,340,97,22.1,19.1,985.3,992.2,,,,,10,8,StNs,8,810,,1901,21,,,,
146,2022-09-06 03:00,19.6,3.8,4.8,360,95,21.6,18.7,984.1,990.9,,,,,10,8,StNs,8,950,,1901,20.9,,,,
146,2022-09-06 04:00,19,2.8,5.2,20,93,20.4,17.8,983.7,990.6,,,,,10,9,StNs,8,382,,1901,20.5,,,,
146,2022-09-06 05:00,17.7,11.9,7.4,340,96,19.4,17,985.3,992.2,,,,,10,9,StNs,5,140,,1901,19.3,,,,
146,2022-09-06 06:00,17.4,5.8,6.1,340,96,19,16.7,988,995,,,,,10,9,StNs,5,378,,1901,18.9,,,,
146,2022-09-06 07:00,18.3,.9,6.1,340,92,19.2,16.9,990.3,997.2,0,.03,,,10,8,ScAs,8,2000,,1901,19.2,,,,
146,2022-09-06 08:00,18.2,.1,1.8,50,94,19.6,17.2,991.8,998.8,0,.09,,,10,8,ScAs,10,1965,,01,20,,,,
146,2022-09-06 09:00,19.2,0,2.8,290,91,20.1,17.6,994.7,1001.6,0,.28,,,9,8,ScAs,10,1991,,01,20.5,,,,
146,2022-09-06 10:00,19.5,,2.6,320,87,19.6,17.2,996.4,1003.3,.1,.47,,,10,8,ScAs,10,2000,,,21.4,,,,
146,2022-09-06 11:00,21,,1.5,270,82,20.4,17.8,997.8,1004.8,0,.57,,,9,8,ScAs,10,2000,,,23.8,,,,
146,2022-09-06 12:00,22.5,,1.9,290,71,19.2,16.9,998.7,1005.6,0,1.2,,,9,9,Sc,9,2000,,,25.7,,,,
146,2022-09-06 13:00,23.7,,3.8,270,66,19.2,16.9,999.6,1006.5,.5,1.83,,,7,7,Sc,10,2000,,,27.6,,,,
146,2022-09-06 14:00,23.8,,4.2,270,70,20.5,17.9,1000.4,1007.3,.6,1.98,,,7,7,Sc,9,2000,,,27.5,,,,
146,2022-09-06 15:00,24.3,,6,270,69,20.9,18.2,1000.7,1007.5,.8,2.24,,,4,4,Sc,11,2000,,,30.2,,,,
146,2022-09-06 16:00,24.3,,5.3,250,67,20.2,17.7,1001.6,1008.4,1,2.16,,,4,4,Sc,9,2000,,,29,,,,
146,2022-09-06 17:00,23.9,,4.7,270,67,19.7,17.3,1003.1,1010,1,1.49,,,2,2,Sc,10,2000,,,26.7,,,,
146,2022-09-06 18:00,23.1,,3.1,270,70,19.7,17.3,1004.3,1011.2,1,.75,,,1,1,Sc,10,2000,,,24.4,,,,
146,2022-09-06 19:00,21.9,,1.3,270,75,19.6,17.2,1004.9,1011.9,.6,.14,,,0,0,,,2000,,,22.4,,,,
146,2022-09-06 20:00,21,,1.1,200,80,19.9,17.4,1005.8,1012.8,,,,,1,0,,,2000,,,21.4,,,,
146,2022-09-06 21:00,20.8,,1,200,82,20.1,17.6,1006.5,1013.5,,,,,0,0,,,1807,,,20.8,,,,
146,2022-09-06 22:00,19.6,,1.4,110,87,19.7,17.3,1006.9,1013.9,,,,,0,0,,,1662,,,20.3,,,,
146,2022-09-06 23:00,19.5,,1.1,110,88,19.9,17.4,1007.1,1014.1,,,,,8,8,,6,1862,,,20.5,,,,
146,2022-09-07 00:00,18.6,,1.4,110,92,19.6,17.2,1007.7,1014.7,,,,,2,2,Sc,,1215,,,19.9,,,,
146,2022-09-07 01:00,18.2,,1,160,93,19.4,17,1007.9,1015,,,,,7,0,,,1104,,,19.3,,,,
146,2022-09-07 02:00,18.2,,1.1,110,93,19.4,17,1008.4,1015.5,,,,,7,7,,3,1163,,,19.4,,,,
146,2022-09-07 03:00,18.2,,1.1,110,93,19.4,17,1008.3,1015.4,,,,,3,3,Sc,10,1172,,,19.4,,,,
146,2022-09-07 04:00,18.2,,1.2,140,93,19.4,17,1008.3,1015.4,,,,,6,6,Sc,10,1076,,,19.4,,,,
146,2022-09-07 05:00,17.9,,.8,140,94,19.2,16.9,1008.5,1015.6,,,,,3,3,Sc,10,980,,19,18.8,,,,
146,2022-09-07 06:00,17.1,,1.3,110,95,18.4,16.2,1009.3,1016.4,,,,,0,0,,,430,,19,18.4,,,,
146,2022-09-07 07:00,17.6,,1.3,110,93,18.6,16.4,1010.2,1017.3,0,.1,,,6,6,Sc,10,414,,19,19.1,,,,
146,2022-09-07 08:00,19.5,,.8,110,85,19.2,16.9,1010.7,1017.7,.6,.64,,,3,3,Sc,10,1337,,19,20.6,,,,
146,2022-09-07 09:00,21.7,,.3,0,77,19.9,17.4,1010.8,1017.8,1,1.45,,,2,2,Sc,10,1519,,,23.7,,,,
146,2022-09-07 10:00,22.7,,.9,290,74,20.4,17.8,1011.2,1018.2,1,2.14,,,3,3,Sc,10,1677,,,26.9,,,,
146,2022-09-07 11:00,23.8,,1.3,320,65,19.1,16.8,1011.2,1018.1,1,2.63,,,2,2,Sc,10,1895,,,30.7,,,,
146,2022-09-07 12:00,25.9,,1.8,340,61,20.2,17.7,1010.8,1017.7,1,2.97,,,0,0,,,2000,,,33.2,,,,
146,2022-09-07 13:00,26.4,,2,360,55,18.9,16.6,1010.4,1017.3,1,3.14,,,0,0,,,2000,,,35,,,,
146,2022-09-07 14:00,27.1,,1.9,320,57,20.4,17.8,1009.9,1016.8,1,3.04,,,3,3,Sc,10,2000,,,35.8,,,,
146,2022-09-07 15:00,27.7,,1.8,360,41,15.2,13.2,1009.6,1016.5,1,2.4,,,3,3,Sc,10,2000,,,35.2,,,,
146,2022-09-07 16:00,27.3,,1.1,340,41,14.8,12.8,1009.6,1016.5,.9,1.83,,,5,3,AcCi,40,2000,,,31.9,,,,
146,2022-09-07 17:00,,,1.5,340,,,,1009.9,1016.7,,,,,6,4,AcCi,40,2000,,,,,,,
146,2022-09-07 18:00,25.7,,2,340,46,15.2,13.2,1010.1,1017,,,,,3,0,Ci,,2000,,,26.1,,,,
146,2022-09-07 19:00,23.4,,1.8,290,75,21.6,18.7,1010.5,1017.4,.5,.13,,,1,0,,,1423,,,24.2,,,,
146,2022-09-07 20:00,22.4,,.5,290,81,21.8,18.9,1010.9,1017.9,,,,,0,0,,,1062,,,23.2,,,,
146,2022-09-07 21:00,22.2,,.4,0,81,21.6,18.7,1011.4,1018.4,,,,,3,0,Ci,,919,,,22.5,,,,
146,2022-09-07 22:00,20.9,,1,110,79,19.5,17.1,1011.4,1018.4,,,,,5,0,,,1949,,,21.9,,,,
146,2022-09-07 23:00,19,,.6,70,84,18.4,16.2,1011.3,1018.4,,,,,5,0,,,1975,,,21,,,,
146,2022-09-08 00:00,18.7,,1.3,110,85,18.3,16.1,1011.4,1018.5,,,,,2,0,Ci,,2000,,,20.3,,,,
146,2022-09-08 01:00,18.5,,1.3,110,87,18.4,16.2,1011.6,1018.7,,,,,2,0,,,1456,,,19.9,,,,
146,2022-09-08 02:00,17.8,,1.2,110,89,18.1,15.9,1011.6,1018.7,,,,,0,0,,,1545,,,19.2,,,,
146,2022-09-08 03:00,17.3,,1.2,110,87,17.2,15.1,1011.6,1018.7,,,,,0,0,,,1787,,,18.8,,,,
146,2022-09-08 04:00,16.6,,1.2,110,86,16.2,14.2,1011.5,1018.7,,,,,1,0,Ci,,1990,,,18.4,,,,
146,2022-09-08 05:00,16,,1.2,140,86,15.6,13.6,1011.2,1018.4,,,,,1,0,Ci,,1848,,,18,,,,
146,2022-09-08 06:00,16,,1.1,110,85,15.4,13.4,1011.7,1018.9,,,,,0,0,,,1078,,,17.6,,,,
146,2022-09-08 07:00,16.9,,1.3,140,79,15.2,13.2,1011.9,1019,.3,.12,,,1,0,Ci,,1665,,,17.7,,,,
146,2022-09-08 08:00,18.8,,.5,110,70,15.2,13.2,1012.1,1019.2,1,.77,,,4,0,Ci,,1857,,,19.6,,,,
146,2022-09-08 09:00,20.6,,0,0,61,14.8,12.8,1012,1019.1,1,1.09,,,5,0,Ci,,2000,,,22.2,,,,
146,2022-09-08 10:00,22.9,,.5,290,57,15.9,13.9,1012.1,1019.1,1,2.22,,,4,0,Ci,,2000,,,26.7,,,,
146,2022-09-08 11:00,24.7,,.6,250,55,17,15,1011.7,1018.6,1,2.65,,,3,0,Ci,,2000,,,30.4,,,,
146,2022-09-08 12:00,26.2,,.7,270,49,16.6,14.6,1011.1,1018,1,3.07,,,3,0,Ci,,2000,,,33.8,,,,
146,2022-09-08 13:00,28,,.9,180,44,16.6,14.6,1010.4,1017.2,1,3.24,,,3,0,Ci,,2000,,,35.3,,,,
146,2022-09-08 14:00,28,,1.3,340,38,14.3,12.3,1009.7,1016.5,1,2.95,,,3,0,Ci,,2000,,,36,,,,
146,2022-09-08 15:00,28.6,,1.1,320,44,17.2,15.1,1009.1,1015.9,1,2.21,,,7,0,Ci,,2000,,,34.6,,,,
146,2022-09-08 16:00,27.5,,1.4,320,44,16.1,14.1,1008.9,1015.8,.9,1.67,,,5,0,Ci,,2000,,,31.7,,,,
146,2022-09-08 17:00,26.8,,1.6,290,46,16.2,14.2,1008.9,1015.8,.7,1.07,,,6,0,Ci,,2000,,,29.4,,,,
146,2022-09-08 18:00,25.1,,1.8,270,66,20.9,18.2,1009.1,1016,.6,.53,,,7,0,Ci,,2000,,,26.5,,,,
146,2022-09-08 19:00,23.9,,1.4,250,68,20.1,17.6,1009.2,1016.1,0,.06,,,7,0,,,2000,,,24.7,,,,
146,2022-09-08 20:00,23.3,,1.5,230,73,20.8,18.1,1010.1,1017,,,,,9,0,,,2000,,,23.8,,,,
146,2022-09-08 21:00,23,,1.1,200,75,21,18.3,1010.3,1017.3,,,,,9,0,Ci,,2000,,,23.2,,,,
146,2022-09-08 22:00,22.1,,0,0,80,21.2,18.4,1010.3,1017.3,,,,,9,7,,75,2000,,,22.8,,,,
146,2022-09-08 23:00,21.4,,.5,90,82,20.8,18.1,1010.2,1017.2,,,,,7,7,,75,2000,,,22,,,,
146,2022-09-09 00:00,20.9,,.8,140,83,20.4,17.8,1010.3,1017.3,,,,,8,0,Ci,,1918,,,21.7,,,,
146,2022-09-09 01:00,20.1,,1.2,140,86,20.1,17.6,1010,1017.1,,,,,4,4,,,1859,,,21.4,,,,
146,2022-09-09 02:00,20.1,,.8,140,85,19.9,17.4,1009.8,1016.9,,,,,8,8,,73,1993,,,21.3,,,,
146,2022-09-09 03:00,19.7,,1.2,110,86,19.6,17.2,1009.8,1016.8,,,,,7,0,Ci,,1555,,,20.9,,,,
146,2022-09-09 04:00,19.2,,1.3,110,87,19.2,16.9,1009.8,1016.8,,,,,8,0,Ci,,1502,,,20.4,,,,
146,2022-09-09 05:00,19.3,,.5,110,84,18.8,16.5,1010.1,1017.1,,,,,8,0,Ci,,2000,,,20.2,,,,
146,2022-09-09 06:00,18.7,,.8,110,85,18.3,16.1,1010,1017.1,,,,,7,0,Ci,,2000,,,19.9,,,,
146,2022-09-09 07:00,18.4,,.1,0,86,18.2,16,1010.6,1017.7,0,.04,,,7,0,Ci,,2000,,,20.1,,,,
146,2022-09-09 08:00,20.3,,.2,0,76,18.1,15.9,1010.7,1017.8,0,.45,,,8,8,Ac,45,2000,,,21.9,,,,
146,2022-09-09 09:00,21.2,,.2,0,72,18.1,15.9,1010.6,1017.6,.2,.92,,,6,6,Ac,45,2000,,,23.7,,,,
146,2022-09-09 10:00,24.3,,.3,0,59,17.8,15.7,1010.7,1017.6,1,2.12,,,2,2,Ac,45,2000,,,27.7,,,,
146,2022-09-09 11:00,25.5,,.8,290,57,18.5,16.3,1010.8,1017.7,1,2.73,,,2,0,Ci,,2000,,,32.3,,,,
146,2022-09-09 12:00,26.8,,.5,320,46,16.2,14.2,1010,1016.9,1,3.07,,,0,0,,,2000,,,34.6,,,,
146,2022-09-09 13:00,27.7,,1.2,320,45,16.6,14.6,1009.4,1016.3,1,3.19,,,0,0,,,2000,,,36.3,,,,
146,2022-09-09 14:00,28.3,,1.3,360,45,17.3,15.2,1008.8,1015.6,1,3.07,,,0,0,,,2000,,,37.1,,,,
146,2022-09-09 15:00,28.8,,1.1,360,46,18.2,16,1008.4,1015.2,1,2.71,,,1,0,Ci,,2000,,,36.9,,,,
146,2022-09-09 16:00,29.6,,1,320,44,18.2,16,1007.9,1014.7,1,2.16,,,4,0,Ci,,2000,,,35.4,,,,
146,2022-09-09 17:00,27.9,,1.8,360,46,17.3,15.2,1007.7,1014.5,1,1.36,,,5,0,Ci,,2000,,,32.1,,,,
146,2022-09-09 18:00,26.6,,2,360,52,18.1,15.9,1007.8,1014.7,.9,.76,,,5,4,AcCi,45,2000,,,28.6,,,,
146,2022-09-09 19:00,25.6,,1.4,50,55,17.9,15.8,1008.2,1015.1,.2,.12,,,5,0,,,2000,,,26.2,,,,
146,2022-09-09 20:00,25,,1.1,110,60,18.9,16.6,1008.8,1015.7,,,,,9,2,,75,2000,,,25,,,,
146,2022-09-09 21:00,24,,.5,70,62,18.4,16.2,1009.6,1016.5,,,,,5,0,Ci,,2000,,,24.1,,,,
146,2022-09-09 22:00,23,,1,140,68,19,16.7,1010,1017,,,,,5,5,,71,2000,,,23.3,,,,
146,2022-09-09 23:00,22.2,,1.4,110,71,18.9,16.6,1010,1017,,,,,8,6,,74,2000,,,23,,,,
146,2022-09-10 00:00,21.7,,.5,90,73,18.9,16.6,1010.3,1017.3,,,,,9,0,Ci,,2000,,,22.7,,,,
146,2022-09-10 01:00,21.4,,1.2,140,73,18.5,16.3,1010.2,1017.2,,,,,10,9,,63,2000,,,22.3,,,,
146,2022-09-10 02:00,21.3,,1.4,140,71,17.9,15.8,1010.2,1017.2,,,,,10,9,,67,2000,,,21.9,,,,
146,2022-09-10 03:00,20.8,,1.3,90,69,16.8,14.8,1010.4,1017.4,,,,,8,0,Ci,,2000,,,21.3,,,,
146,2022-09-10 04:00,20.2,,1.3,110,74,17.5,15.4,1010.1,1017.2,,,,,9,0,Ci,,2000,,,21.1,,,,
146,2022-09-10 05:00,19.9,,.9,110,71,16.4,14.4,1010.2,1017.3,,,,,9,0,Ci,,2000,,,21,,,,
146,2022-09-10 06:00,19.6,,.8,90,72,16.4,14.4,1010.6,1017.6,,,,,8,0,Ci,,2000,,,20.9,,,,
146,2022-09-10 07:00,18.9,,1.3,50,76,16.5,14.5,1010.6,1017.7,0,.02,,,10,10,Ac,45,2000,,,20.9,,,,
146,2022-09-10 08:00,19.5,,.3,0,73,16.5,14.5,1010.9,1017.9,0,.14,,,9,8,AcCi,45,2000,,,21.2,,,,
146,2022-09-10 09:00,21.5,,.9,200,65,16.6,14.6,1011,1018,.2,.72,,,9,6,AcCi,45,2000,,,23.6,,,,
146,2022-09-10 10:00,22.4,,1.4,110,63,17,15,1011,1018,0,.77,,,10,3,ScAs,10,2000,,,24.9,,,,
146,2022-09-10 11:00,22.8,,1.4,160,65,17.9,15.8,1010.5,1017.5,0,.53,,,10,3,StAs,10,2000,,,24.9,,,,
146,2022-09-10 12:00,24,,.7,140,57,16.9,14.9,1010.4,1017.3,.1,1.28,,,10,5,ScAs,10,2000,,,27.5,,,,
146,2022-09-10 13:00,24.5,,1.7,50,58,17.7,15.6,1009.5,1016.4,.1,1.55,,,9,4,ScAc,10,2000,,,29.1,,,,
146,2022-09-10 14:00,25.6,,2.3,50,55,17.9,15.8,1009.1,1016,.9,2.91,,,8,3,ScAc,10,2000,,,34,,,,
146,2022-09-10 15:00,27.3,,1.1,140,54,19.5,17.1,1008.7,1015.6,.2,1.69,,,8,3,ScAc,10,2000,,,32.6,,,,
146,2022-09-10 16:00,25.7,,1.8,50,59,19.4,17,1008.3,1015.2,.4,1.43,,,8,3,ScAc,10,2000,,,30.9,,,,
146,2022-09-10 17:00,24.7,,1.5,20,62,19.2,16.9,1008.3,1015.2,.2,.82,,,8,3,ScAc,10,2000,,,28.7,,,,
146,2022-09-10 18:00,24.3,,1.2,50,66,20,17.5,1008.5,1015.4,0,.26,,,9,3,ScAc,10,2000,,,26.6,,,,
146,2022-09-10 19:00,24.2,,1.2,90,64,19.2,16.9,1008.6,1015.5,0,.03,,,9,9,,62,2000,,,25.1,,,,
146,2022-09-10 20:00,23.6,,1.7,90,65,18.9,16.6,1008.9,1015.8,,,,,7,7,,66,2000,,,23.9,,,,
146,2022-09-10 21:00,22.7,,.8,110,68,18.6,16.4,1009.3,1016.3,,,,,5,0,Ci,,2000,,,23,,,,
146,2022-09-10 22:00,22.5,,1.3,110,68,18.4,16.2,1009.2,1016.2,,,,,8,4,,55,2000,,,22.5,,,,
146,2022-09-10 23:00,21.8,,.9,140,72,18.8,16.5,1009.6,1016.6,,,,,6,6,,70,2000,,,22.1,,,,
146,2022-09-11 00:00,21.3,,1.1,140,74,18.6,16.4,1009.6,1016.6,,,,,7,5,AcCi,40,2000,,,22,,,,
146,2022-09-11 01:00,20.9,,.3,0,77,19,16.7,1009.2,1016.2,,,,,9,2,,22,2000,,,21.8,,,,
146,2022-09-11 02:00,20.4,,.8,140,77,18.4,16.2,1008.5,1015.5,,,,,8,4,,51,2000,,,21.5,,,,
146,2022-09-11 03:00,20,,1.2,110,77,17.9,15.8,1008.2,1015.3,,,,,7,0,Ci,,2000,,,21.2,,,,
146,2022-09-11 04:00,19.9,,1.3,110,75,17.4,15.3,1008.4,1015.5,,,,,8,5,ScCi,12,2000,,,20.9,,,,
146,2022-09-11 05:00,19.7,,1.1,110,74,16.9,14.9,1008.4,1015.4,,,,,9,6,ScCi,12,2000,,,21,,,,
146,2022-09-11 06:00,19.4,,.8,110,76,17,15,1008.4,1015.4,,,,,5,3,ScCi,12,2000,,,20.3,,,,
146,2022-09-11 07:00,19.7,,.9,90,74,16.9,14.9,1008.5,1015.5,.1,.08,,,7,5,ScCi,12,2000,,,20.7,,,,
146,2022-09-11 08:00,21.7,,0,0,64,16.5,14.5,1008.8,1015.8,.4,.5,,,5,3,ScCi,10,2000,,,22.2,,,,
146,2022-09-11 09:00,23.5,,.9,110,55,15.9,13.9,1008.4,1015.3,1,1.47,,,4,0,Ci,,2000,,,25.4,,,,
146,2022-09-11 10:00,25.4,,.9,180,53,17.2,15.1,1008.4,1015.3,1,2.1,,,2,0,Ci,,2000,,,28.1,,,,
146,2022-09-11 11:00,26.8,,.5,320,48,16.8,14.8,1007.9,1014.8,1,2.61,,,7,0,Ci,,2000,,,33.1,,,,
146,2022-09-11 12:00,27.3,,1.3,270,48,17.4,15.3,1007.5,1014.4,1,3.05,,,5,0,Ci,,2000,,,35.2,,,,
146,2022-09-11 13:00,27.9,,1.8,320,52,19.5,17.1,1007.1,1013.9,1,3.05,,,5,0,Ci,,2000,,,36.5,,,,
146,2022-09-11 14:00,28.6,,.8,20,51,19.9,17.4,1006.6,1013.4,1,2.93,,,7,3,ScAc,10,2000,,,37.5,,,,
146,2022-09-11 15:00,29.2,,1.1,270,49,19.7,17.3,1006,1012.8,1,2.69,,,4,3,ScAc,10,2000,,,36.8,,,,
146,2022-09-11 16:00,28.3,,1.6,320,54,20.6,18,1005.9,1012.7,1,1.98,,,5,1,ScAc,10,2000,,,34.5,,,,
146,2022-09-11 17:00,27.7,,1.3,320,53,19.6,17.2,1006.1,1012.9,.7,1.14,,,6,1,ScAc,10,2000,,,32,,,,
146,2022-09-11 18:00,26.4,,1.7,290,62,21.3,18.5,1006,1012.9,.2,.39,,,6,2,ScAc,10,2000,,,28.7,,,,
146,2022-09-11 19:00,25.1,,1.4,340,67,21.3,18.5,1005.9,1012.8,0,.07,,,7,7,,68,2000,,,26.5,,,,
146,2022-09-11 20:00,25.4,,1.5,270,66,21.3,18.5,1006.3,1013.2,,,,,5,5,,54,2000,,,25.5,,,,
146,2022-09-11 21:00,24.3,,1.6,250,74,22.4,19.3,1007,1013.9,,,,,8,6,ScCi,10,2000,,,25,,,,
146,2022-09-11 22:00,24,,.9,200,75,22.2,19.2,1006.9,1013.8,,,,,10,9,,46,2000,,,24.7,,,,
146,2022-09-11 23:00,23.4,,1.4,230,77,22.1,19.1,1007.2,1014.1,,,,,9,9,,46,2000,,,24.3,,,,
146,2022-09-12 00:00,23.3,0,.5,160,76,21.7,18.8,1006.9,1013.8,,,,,10,7,ScAs,,2000,,01,24.2,,,,
146,2022-09-12 01:00,22.2,0,.7,50,84,22.4,19.3,1006.8,1013.8,,,,,10,5,ScAs,10,2000,,01,23.9,,,,
146,2022-09-12 02:00,22.7,,.6,140,81,22.2,19.2,1006.9,1013.8,,,,,10,5,,22,2000,,,23.8,,,,
146,2022-09-12 03:00,21.9,,.8,360,85,22.2,19.2,1007,1014,,,,,10,5,ScAs,10,2000,,,23.6,,,,
146,2022-09-12 04:00,21.6,,.8,70,86,22.1,19.1,1006.7,1013.7,,,,,10,7,ScAs,10,2000,,,23.4,,,,
146,2022-09-12 05:00,22,.1,.2,0,85,22.4,19.3,1006.9,1013.9,,,,,10,7,ScAs,10,1203,,01,23.4,,,,
146,2022-09-12 06:00,21.1,.4,.1,0,90,22.4,19.3,1006.8,1013.8,,,,,10,5,ScAs,10,1348,,01,23.2,,,,
146,2022-09-12 07:00,21.5,.1,.6,110,90,22.9,19.7,1006.9,1013.9,0,.03,,,10,4,ScAs,10,1972,,01,23.3,,,,
146,2022-09-12 08:00,22,0,.2,0,90,23.7,20.2,1007.3,1014.3,0,.27,,,10,5,ScAs,10,1490,,01,24.5,,,,
146,2022-09-12 09:00,23,0,0,0,83,23.2,19.9,1007.1,1014,0,.46,,,10,6,ScAs,10,2000,,01,25.3,,,,
146,2022-09-12 10:00,24.4,0,.1,0,76,23.1,19.8,1007.2,1014.1,0,.78,,,10,8,ScAs,10,2000,,01,27.1,,,,
146,2022-09-12 11:00,24.8,,.8,340,83,26,21.7,1007,1013.9,0,1.01,,,10,7,ScAs,10,1797,,,28.4,,,,
146,2022-09-12 12:00,25.5,,.1,0,76,24.7,20.9,1006.8,1013.7,0,1,,,10,6,ScAs,10,2000,,,28.5,,,,
146,2022-09-12 13:00,25.5,0,.8,320,74,24.1,20.5,1007,1013.9,0,.65,,,10,6,ScAs,10,2000,,01,28.5,,,,
146,2022-09-12 14:00,25.1,0,1,230,79,25,21.1,1007.3,1014.2,0,.53,,,10,4,ScAs,10,1925,,01,27.8,,,,
146,2022-09-12 15:00,24.6,0,.5,70,81,25,21.1,1006.3,1013.2,0,.48,,,10,2,ScAs,10,2000,,01,27.4,,,,
146,2022-09-12 16:00,24.7,0,.9,320,84,26.1,21.8,1006.4,1013.3,0,.44,,,10,2,ScAs,10,1196,,01,27.5,,,,
146,2022-09-12 17:00,24.6,0,.5,20,82,25.3,21.3,1006.4,1013.3,0,.32,,,10,2,ScAs,10,1304,,01,26.9,,,,
146,2022-09-12 18:00,23.5,0,1,360,89,25.6,21.5,1006.6,1013.5,0,.12,,,10,2,StNs,8,714,,1901,26,,,,
146,2022-09-12 19:00,23.2,0,1.3,340,91,25.8,21.6,1006.4,1013.3,0,.01,,,10,6,StNs,8,468,,1901,25.2,,,,
146,2022-09-12 20:00,23.5,0,.9,70,89,25.6,21.5,1006.4,1013.3,,,,,10,3,ScAs,12,692,,1901,24.5,,,,
146,2022-09-12 21:00,23.3,0,.2,0,90,25.6,21.5,1006.8,1013.7,,,,,10,3,ScAs,12,962,,1901,24.2,,,,
146,2022-09-12 22:00,23,,.8,160,90,25.2,21.2,1006.9,1013.8,,,,,9,4,,41,1046,,,23.8,,,,
146,2022-09-12 23:00,22.5,,1,360,93,25.3,21.3,1006.6,1013.6,,,,,10,10,,36,1010,,,23.9,,,,
146,2022-09-13 00:00,22.3,,1.2,50,92,24.7,20.9,1006.6,1013.6,,,,,10,5,ScAs,,1106,,,23.8,,,,
146,2022-09-13 01:00,22.7,,.2,0,87,24,20.4,1006.7,1013.6,,,,,10,10,,34,2000,,,23.6,,,,
146,2022-09-13 02:00,22.6,,.4,0,90,24.6,20.8,1006.4,1013.3,,,,,10,10,,33,1313,,,23.6,,,,
146,2022-09-13 03:00,22.4,,0,0,91,24.6,20.8,1006.3,1013.3,,,,,10,3,ScAs,10,1485,,,23.4,,,,
146,2022-09-13 04:00,22.2,,.1,0,92,24.6,20.8,1006.4,1013.4,,,,,10,3,ScAs,12,1507,,,23.3,,,,
146,2022-09-13 05:00,22.4,,0,0,90,24.3,20.6,1006.2,1013.2,,,,,10,4,ScAs,10,1900,,,23,,,,
146,2022-09-13 06:00,21.8,,1,110,90,23.4,20,1006.6,1013.6,,,,,10,5,ScAs,10,1881,,,22.9,,,,
146,2022-09-13 07:00,21.7,,0,0,90,23.2,19.9,1007,1014,0,.04,,,10,6,ScAs,10,1895,,,23,,,,
146,2022-09-13 08:00,22.3,,.1,0,86,23.1,19.8,1006.9,1013.9,0,.21,,,10,7,ScAs,10,1984,,,23.8,,,,
146,2022-09-13 09:00,23.5,,.1,0,80,23.1,19.8,1007,1013.9,0,.46,,,9,7,ScAs,10,2000,,,25.3,,,,
146,2022-09-13 10:00,24.9,,1.2,20,72,22.5,19.4,1007.2,1014.1,.1,1.04,,,9,6,ScAs,10,2000,,,27.4,,,,
146,2022-09-13 11:00,25.8,,.7,320,70,23.2,19.9,1007.4,1014.3,0,1.05,,,10,7,ScAs,10,2000,,,28.6,,,,
146,2022-09-13 12:00,27.4,,.8,20,62,22.5,19.4,1007.1,1013.9,.2,1.69,,,9,6,ScCi,10,2000,,,31.9,,,,
146,2022-09-13 13:00,27.6,,1,320,69,25.3,21.3,1007,1013.8,0,1.42,,,10,5,ScCi,10,2000,,,30.9,,,,
146,2022-09-13 14:00,27.2,,1.3,340,69,24.9,21,1007.2,1014.1,0,.72,,,10,3,ScCi,10,2000,,,29.6,,,,
146,2022-09-13 15:00,27,0,.9,340,74,26.3,21.9,1007,1013.9,0,.65,,,10,5,ScAs,10,1991,,01,29.6,,,,
146,2022-09-13 16:00,26,.1,1.8,20,75,25.2,21.2,1006.8,1013.7,0,.44,,,10,4,ScAs,10,2000,,01,28.4,,,,
146,2022-09-13 17:00,25.5,0,1.7,20,75,24.4,20.7,1007,1013.9,0,.28,,,10,4,StNs,6,2000,,01,27.7,,,,
146,2022-09-13 18:00,24.7,0,1.9,20,78,24.1,20.5,1007.1,1014,0,.15,,,10,5,StNs,6,2000,,01,26.5,,,,
146,2022-09-13 19:00,24.3,0,1.1,360,79,24,20.4,1007.3,1014.2,0,.01,,,10,4,StNs,10,2000,,01,25.7,,,,
146,2022-09-13 20:00,24.6,0,.1,0,79,24.4,20.7,1007.6,1014.5,,,,,10,2,ScAs,10,2000,,01,25.3,,,,
146,2022-09-13 21:00,24.1,0,1,50,81,24.3,20.6,1007.9,1014.8,,,,,10,3,ScAs,10,1933,,01,25,,,,
146,2022-09-13 22:00,24.2,,.3,0,83,25,21.1,1007.7,1014.6,,,,,10,6,,30,2000,,,24.8,,,,
146,2022-09-13 23:00,24.5,,.8,90,79,24.3,20.6,1007.2,1014.1,,,,,10,9,,31,2000,,,24.7,,,,
146,2022-09-14 00:00,22.7,0,1.3,360,85,23.4,20,1007.4,1014.3,,,,,10,4,ScAs,10,2000,,01,24.4,,,,
146,2022-09-14 01:00,23.2,,.4,0,74,21,18.3,1007.3,1014.2,,,,,10,6,,48,2000,,,24,,,,
146,2022-09-14 02:00,22.3,,1.4,360,77,20.6,18,1007,1014,,,,,10,4,,31,2000,,,23.7,,,,
146,2022-09-14 03:00,22.4,,1.7,50,73,19.7,17.3,1006.7,1013.7,,,,,8,8,Ac,40,2000,,,23.2,,,,
146,2022-09-14 04:00,23,,.3,0,65,18.2,16,1006.5,1013.4,,,,,9,9,Ac,40,2000,,,22.9,,,,
146,2022-09-14 05:00,23.4,,.6,360,56,16.1,14.1,1006.7,1013.6,,,,,9,9,Ac,40,2000,,,22.7,,,,
146,2022-09-14 06:00,23,,1.2,90,58,16.2,14.2,1006.7,1013.6,,,,,8,0,Ci,,2000,,,22.2,,,,
146,2022-09-14 07:00,22.3,,1.2,20,60,16.1,14.1,1007.1,1014.1,0,.04,,,9,0,Ci,,2000,,,22.3,,,,
146,2022-09-14 08:00,23.7,,.6,360,57,16.6,14.6,1007.3,1014.2,.4,.5,,,7,0,Ci,,2000,,,23.3,,,,
146,2022-09-14 09:00,26.2,,2.8,110,48,16.3,14.3,1007.4,1014.3,1,1.2,,,5,0,Ci,,2000,,,25.8,,,,
146,2022-09-14 10:00,27,,3.4,110,50,17.7,15.6,1007.5,1014.4,1,1.99,,,7,0,Ci,,2000,,,28,,,,
146,2022-09-14 11:00,27.3,,4,90,50,18.2,16,1007.6,1014.5,.9,1.91,,,8,0,Ci,,2000,,,30.6,,,,
146,2022-09-14 12:00,28,,3.8,90,49,18.4,16.2,1007.3,1014.1,.3,1.78,,,8,0,Ci,,2000,,,30.7,,,,
146,2022-09-14 13:00,27.4,,4.3,90,47,17,15,1006.8,1013.6,0,1.41,,,9,0,Ci,,2000,,,29.5,,,,
146,2022-09-14 14:00,27.8,,4,90,44,16.4,14.4,1006.1,1012.9,.7,2.19,,,8,0,Ci,,2000,,,32,,,,
146,2022-09-14 15:00,27.8,,3.9,90,48,17.8,15.7,1005.5,1012.3,.4,1.48,,,8,0,Ci,,2000,,,30.1,,,,
146,2022-09-14 16:00,28,,3.7,90,48,18.1,15.9,1004.9,1011.7,.7,1.45,,,8,0,Ci,,2000,,,29.4,,,,
146,2022-09-14 17:00,27.9,,3.6,90,48,17.9,15.8,1005,1011.8,.4,.73,,,5,0,Ci,,2000,,,27.4,,,,
146,2022-09-14 18:00,27.4,,3.3,70,50,18.2,16,1005.2,1012,.5,.52,,,7,0,Ci,,2000,,,25.9,,,,
146,2022-09-14 19:00,26.8,,3.3,90,50,17.5,15.4,1005.5,1012.4,.2,.06,,,7,0,,,2000,,,24.2,,,,
146,2022-09-14 20:00,26.1,,3.1,90,50,16.8,14.8,1006.1,1013,,,,,4,0,,,2000,,,23.2,,,,
146,2022-09-14 21:00,25.6,,3.2,90,50,16.3,14.3,1006.6,1013.5,,,,,6,0,Ci,,2000,,,22.6,,,,
146,2022-09-14 22:00,25.5,,5,90,48,15.6,13.6,1006,1012.9,,,,,7,0,,,2000,,,21.9,,,,
146,2022-09-14 23:00,24.8,,2.6,70,51,15.9,13.9,1006.1,1013,,,,,7,0,,,2000,,,21.6,,,,
146,2022-09-15 00:00,24.3,,2.2,70,54,16.3,14.3,1005.9,1012.8,,,,,7,0,Ci,,2000,,,21.4,,,,
146,2022-09-15 01:00,24,,2.1,70,57,16.9,14.9,1005.7,1012.6,,,,,7,0,,,2000,,,21.4,,,,
146,2022-09-15 02:00,23.7,,2.2,70,60,17.5,15.4,1005.2,1012.1,,,,,5,0,,,2000,,,21.3,,,,
146,2022-09-15 03:00,23.6,,2.3,50,62,17.9,15.8,1004.7,1011.6,,,,,2,0,Ci,,2000,,,21.2,,,,
146,2022-09-15 04:00,23.1,,.7,50,66,18.5,16.3,1004.6,1011.5,,,,,3,0,Ci,,2000,,,21.2,,,,
146,2022-09-15 05:00,22.2,,.5,360,71,18.9,16.6,1004.4,1011.3,,,,,5,0,Ci,,2000,,,21.1,,,,
146,2022-09-15 06:00,21.6,,.9,290,74,19,16.7,1004.4,1011.4,,,,,5,0,Ci,,2000,,,20.9,,,,
146,2022-09-15 07:00,22.5,,1.3,50,73,19.9,17.4,1004.4,1011.3,.1,.08,,,8,0,Ci,,2000,,,21.3,,,,
146,2022-09-15 08:00,24.9,,1.1,360,64,20.1,17.6,1004.4,1011.3,1,.71,,,6,0,Ci,,2000,,,22.9,,,,
146,2022-09-15 09:00,27.3,,.8,90,58,21,18.3,1004.1,1010.9,1,1.45,,,6,3,ScCi,10,2000,,,26.9,,,,
146,2022-09-15 10:00,28.1,,1.1,20,59,22.4,19.3,1004.3,1011.1,.6,1.39,,,7,2,ScAcCi,10,2000,,,28.7,,,,
146,2022-09-15 11:00,29.9,,2.6,90,54,22.7,19.5,1004.1,1010.9,1,2.44,,,7,1,ScCi,10,2000,,,33.5,,,,
146,2022-09-15 12:00,30.9,,3.2,90,54,24.1,20.5,1003.1,1009.9,1,2.65,,,6,0,Ci,,2000,,,35.8,,,,
146,2022-09-15 13:00,31.2,,3.3,90,52,23.5,20.1,1002.3,1009,1,3.03,,,6,0,Ci,,2000,,,37.4,,,,
146,2022-09-15 14:00,31.4,,3.1,110,53,24.3,20.6,1001.5,1008.2,1,2.81,,,8,0,Ci,,2000,,,37.6,,,,
146,2022-09-15 15:00,31.4,,2,140,54,24.7,20.9,1001.2,1007.9,.9,2.22,,,7,5,ScCi,10,2000,,,36.6,,,,
146,2022-09-15 16:00,30.7,,1.9,160,57,25,21.1,1001.2,1007.9,.8,1.35,,,7,1,ScCi,10,2000,,,34.3,,,,
146,2022-09-15 17:00,29.6,,2.4,110,57,23.5,20.1,1001.1,1007.8,.8,.89,,,8,0,Ci,,2000,,,31.6,,,,
146,2022-09-15 18:00,28.2,,2.6,90,62,23.7,20.2,1001.4,1008.2,.2,.3,,,7,4,ScCi,10,2000,,,28.7,,,,
146,2022-09-15 19:00,27.8,,2.6,90,63,23.5,20.1,1001.5,1008.3,0,.03,,,8,0,,,2000,,,27.1,,,,
146,2022-09-15 20:00,27,,2.2,90,65,23.1,19.8,1001.4,1008.2,,,,,8,8,,51,2000,,,26.3,,,,
146,2022-09-15 21:00,26.9,,1.6,110,66,23.4,20,1001.8,1008.6,,,,,9,0,Ci,,2000,,,26,,,,
146,2022-09-15 22:00,25.9,,1.8,140,70,23.4,20,1001.9,1008.8,,,,,6,6,,54,2000,,,25.2,,,,
146,2022-09-15 23:00,25.6,,1.8,140,71,23.2,19.9,1001.5,1008.4,,,,,4,0,,,2000,,,24.7,,,,
146,2022-09-16 00:00,25,,1.8,110,74,23.4,20,1001.2,1008.1,,,,,4,0,Ci,,2000,,,24.3,,,,
146,2022-09-16 01:00,24.8,,2,110,74,23.1,19.8,1000.9,1007.7,,,,,5,1,,,2000,,,24,,,,
146,2022-09-16 02:00,24.3,,2,110,77,23.4,20,1000.7,1007.5,,,,,5,0,,,2000,,,23.8,,,,
146,2022-09-16 03:00,24,,2.1,140,79,23.5,20.1,1001,1007.9,,,,,7,2,ScCi,12,2000,,,23.9,,,,
146,2022-09-16 04:00,24.8,,3.1,110,74,23.1,19.8,1000.7,1007.5,,,,,7,3,ScAc,12,2000,,,23.8,,,,
146,2022-09-16 05:00,24.4,,2.5,110,75,22.8,19.6,1000.3,1007.1,,,,,8,2,ScAc,10,2000,,,23.6,,,,
146,2022-09-16 06:00,24.3,,2.7,110,76,22.9,19.7,1000.1,1006.9,,,,,4,1,ScAc,12,2000,,,23.2,,,,
146,2022-09-16 07:00,25.2,,.2,0,73,23.4,20,1001,1007.9,0,.08,,,7,1,ScAc,10,2000,,,23.7,,,,
146,2022-09-16 08:00,26.5,,.8,90,70,24.1,20.5,1001.1,1007.9,.4,.49,,,5,0,Ci,,1930,,,25,,,,
146,2022-09-16 09:00,27.5,,1.8,110,68,24.9,21,1001.6,1008.4,.8,1.01,,,5,2,ScCi,10,2000,,,27.3,,,,
146,2022-09-16 10:00,28.4,,2.5,110,67,25.8,21.6,1001.5,1008.3,.5,1.24,,,3,2,ScCi,11,2000,,,29.4,,,,
146,2022-09-16 11:00,30.2,,2.6,160,61,26.1,21.8,1001.1,1007.9,1,2.51,,,5,4,ScCi,11,2000,,,33.8,,,,
146,2022-09-16 12:00,31.1,,2.6,160,61,27.4,22.6,1000.5,1007.2,1,2.77,,,6,5,ScCi,11,2000,,,36.1,,,,
146,2022-09-16 13:00,30.8,,2.5,140,59,26.1,21.8,999.7,1006.4,.9,2.64,,,6,5,ScCi,12,2000,,,36.1,,,,
146,2022-09-16 14:00,32.6,,2.2,180,53,26,21.7,999.6,1006.3,1,2.98,,,7,7,Sc,13,2000,,,38.9,,,,
146,2022-09-16 15:00,30.6,,2.9,180,55,24.1,20.5,999.6,1006.3,.7,2.12,,,9,9,Sc,12,2000,,,34.6,,,,
146,2022-09-16 16:00,29.6,,1.6,160,61,25.2,21.2,999.8,1006.5,0,.37,,,10,9,ScAs,10,2000,,,31.1,,,,
146,2022-09-16 17:00,28.9,,1.6,140,65,25.8,21.6,1000.1,1006.9,0,.42,,,9,9,Sc,10,1998,,,30.3,,,,
146,2022-09-16 18:00,28.3,0,1.5,140,69,26.4,22,1000.4,1007.2,0,.13,,,10,9,ScAs,10,1925,,01,29,,,,
146,2022-09-16 19:00,28,0,1.6,180,70,26.4,22,1000.7,1007.5,0,.02,,,10,5,ScAs,10,2000,,01,27.8,,,,
146,2022-09-16 20:00,27.6,,1.6,180,72,26.4,22,1001.3,1008.1,,,,,8,8,,15,1989,,,27.3,,,,
146,2022-09-16 21:00,27.2,0,1.2,110,73,26.3,21.9,1001.6,1008.4,,,,,10,7,ScAs,10,1993,,01,27.1,,,,
146,2022-09-16 22:00,27,,1,110,74,26.3,21.9,1001.5,1008.3,,,,,10,5,,15,1931,,,26.9,,,,
146,2022-09-16 23:00,27.1,,.8,90,73,26.1,21.8,1001.4,1008.2,,,,,9,4,,26,1897,,,26.7,,,,
146,2022-09-17 00:00,26.4,,.4,0,77,26.4,22,1001.3,1008.1,,,,,7,4,ScAs,10,1765,,,26.3,,,,
146,2022-09-17 01:00,25.4,,.6,340,84,27.1,22.4,1001.3,1008.2,,,,,7,2,,14,1109,,,25.7,,,,
146,2022-09-17 02:00,25.3,,1.2,140,82,26.3,21.9,1001.3,1008.2,,,,,7,4,,14,1507,,,25.8,,,,
146,2022-09-17 03:00,25.5,,.9,110,81,26.3,21.9,1001.2,1008.1,,,,,8,8,Sc,15,1642,,,25.7,,,,
146,2022-09-17 04:00,25.1,,1.3,140,82,26.1,21.8,1001.2,1008.1,,,,,6,6,Sc,15,1727,,,25.6,,,,
146,2022-09-17 05:00,24.4,,.6,340,86,26.1,21.8,1001.4,1008.2,,,,,6,6,Sc,15,1371,,,25.5,,,,
146,2022-09-17 06:00,24.4,,.3,0,89,27.1,22.4,1001.7,1008.5,,,,,5,5,Sc,15,895,,19,25.2,,,,
146,2022-09-17 07:00,24.5,,.6,230,88,26.9,22.3,1002.1,1008.9,0,.05,,,1,1,Sc,10,796,,19,24.9,,,,
146,2022-09-17 08:00,25.7,,.5,320,79,26,21.7,1002.2,1009.1,.9,.56,,,1,1,Sc,10,918,,19,25.9,,,,
146,2022-09-17 09:00,28.2,,.8,70,69,26.3,21.9,1002.2,1009,1,1.31,,,1,0,Cc,,1979,,19,28.5,,,,
146,2022-09-17 10:00,29.4,,1,50,62,25.3,21.3,1002.1,1008.8,1,1.85,,,3,0,Cc,,2000,,,31.4,,,,
146,2022-09-17 11:00,30.2,,1.1,340,57,24.4,20.7,1001.7,1008.5,1,2.49,,,2,1,ScCi,10,2000,,,35.4,,,,
146,2022-09-17 12:00,31,,2,320,56,25,21.1,1001.1,1007.8,1,2.65,,,4,3,ScCc,12,2000,,,37.2,,,,
146,2022-09-17 13:00,31.8,,1.6,340,57,26.8,22.2,1000.5,1007.2,1,2.78,,,7,3,ScCc,12,2000,,,37.8,,,,
146,2022-09-17 14:00,31.1,,2.8,340,61,27.4,22.6,999.7,1006.4,.9,2.21,,,7,4,ScCcCi,13,2000,,,37.4,,,,
146,2022-09-17 15:00,30.8,,2.4,340,59,26.1,21.8,999,1005.7,.9,2.24,,,4,3,ScCc,13,2000,,,36.3,,,,
146,2022-09-17 16:00,31.3,,1.6,320,56,25.5,21.4,998.6,1005.3,.4,1.05,,,8,6,ScCc,13,2000,,,34.5,,,,
146,2022-09-17 17:00,29.6,,3.5,270,67,27.7,22.8,998.8,1005.5,.4,.79,,,8,3,ScAc,15,2000,,,32,,,,
146,2022-09-17 18:00,28.3,,1.4,250,70,26.8,22.2,999.3,1006.1,.1,.23,,,8,3,ScAc,14,2000,,,30,,,,
146,2022-09-17 19:00,27.1,,2.1,230,75,26.8,22.2,999.6,1006.4,.1,.07,,,9,2,,74,2000,,,28.4,,,,
146,2022-09-17 20:00,26.5,,1.2,230,77,26.6,22.1,999.9,1006.7,,,,,8,8,,66,1998,,,27.6,,,,
146,2022-09-17 21:00,26.4,,1.7,250,78,26.8,22.2,1000.2,1007,,,,,10,6,ScAs,10,1821,,,27.3,,,,
146,2022-09-17 22:00,25.2,0,1.3,230,85,27.1,22.4,1000.2,1007.1,,,,,10,4,ScAs,10,1057,,01,26.9,,,,
146,2022-09-17 23:00,25.4,,.1,0,84,27.1,22.4,1000,1006.9,,,,,10,6,,29,1031,,,26.8,,,,
146,2022-09-18 00:00,24.2,.2,1.4,320,92,27.7,22.8,999.8,1006.6,,,,,10,5,,,320,,1901,26.5,,,,
146,2022-09-18 01:00,24.1,,1,340,93,27.7,22.8,999.3,1006.1,,,,,10,10,,46,376,,19,26.3,,,,
146,2022-09-18 02:00,24.6,,.1,0,89,27.4,22.6,998.5,1005.3,,,,,10,9,,41,552,,19,26.1,,,,
146,2022-09-18 03:00,23.9,,1,320,92,27.2,22.5,997.9,1004.7,,,,,10,6,ScAs,10,376,,19,25.8,,,,
146,2022-09-18 04:00,23.9,,1.4,320,93,27.4,22.6,997.7,1004.5,,,,,10,4,ScAs,10,399,,19,25.6,,,,
146,2022-09-18 05:00,23.9,0,1,340,92,27.2,22.5,997.6,1004.4,,,,,10,6,ScAs,10,435,,1901,25.5,,,,
146,2022-09-18 06:00,24.2,,.1,0,88,26.4,22,997.7,1004.5,,,,,10,6,ScAs,10,624,,19,25.4,,,,
146,2022-09-18 07:00,24.4,,.5,290,89,27.1,22.4,998,1004.8,0,.03,,,10,6,ScAs,10,624,,19,25.5,,,,
146,2022-09-18 08:00,25.3,0,.2,0,87,27.9,22.9,997.9,1004.7,0,.2,,,10,9,ScAs,10,639,,1901,26.4,,,,
146,2022-09-18 09:00,26.1,,.5,360,81,27.2,22.5,997.3,1004.1,0,.49,,,10,9,ScAs,10,1004,,19,27.8,,,,
146,2022-09-18 10:00,28.6,,.3,0,66,25.8,21.6,997.4,1004.1,.2,1.24,,,9,9,Ac,50,2000,,,31.2,,,,
146,2022-09-18 11:00,28.6,,1.7,340,66,25.8,21.6,996.2,1002.9,.3,1.48,,,8,8,Ac,50,2000,,,31.2,,,,
146,2022-09-18 12:00,30.9,,2.7,340,59,26.3,21.9,995.4,1002.1,.8,2.11,,,4,0,Ci,,2000,,,36.6,,,,
146,2022-09-18 13:00,32.6,,3.4,20,52,25.5,21.4,994.2,1000.9,1,2.8,,,4,0,Ci,,2000,,,38.6,,,,
146,2022-09-18 14:00,32.8,,3.8,20,53,26.3,21.9,993.1,999.7,1,3,,,4,1,ScCi,10,2000,,,40.1,,,,
146,2022-09-18 15:00,32.6,,3.8,20,52,25.5,21.4,992.3,998.9,1,2.5,,,6,2,ScCcCi,15,2000,,,38.9,,,,
146,2022-09-18 16:00,30.9,,3.6,20,58,25.8,21.6,991.9,998.6,.9,1.97,,,8,2,ScCi,14,2000,,,35.9,,,,
146,2022-09-18 17:00,30.7,,4.2,20,58,25.5,21.4,992.1,998.8,.6,1,,,8,4,ScCs,14,2000,,,33.4,,,,
146,2022-09-18 18:00,29.7,,4.4,50,60,24.9,21,991.9,998.6,.1,.35,,,9,4,ScCs,15,2000,,,30.4,,,,
146,2022-09-18 19:00,29.1,,3.9,20,62,24.9,21,991.2,997.9,.2,.05,,,8,7,,61,2000,,,28.5,,,,
146,2022-09-18 20:00,28.8,,3,20,63,24.9,21,991.2,997.9,,,,,9,0,,,2000,,,27.6,,,,
146,2022-09-18 21:00,28.5,,4.1,20,62,24.1,20.5,991.2,997.9,,,,,9,0,Ci,,2000,,,26.8,,,,
146,2022-09-18 22:00,28.1,,3.7,20,63,23.8,20.3,990.5,997.2,,,,,10,1,,14,2000,,,26.4,,,,
146,2022-09-18 23:00,27.7,,3.3,20,64,23.7,20.2,989.7,996.4,,,,,10,3,,13,2000,,,26.1,,,,
146,2022-09-19 00:00,26.3,,3.1,340,71,24.3,20.6,989.5,996.3,,,,,10,5,ScCi,10,2000,,,26,,,,
146,2022-09-19 01:00,25.9,,4.6,340,70,23.4,20,989.2,996,,,,,8,8,,13,2000,,,25.5,,,,
146,2022-09-19 02:00,26,,4.4,360,71,23.8,20.3,989,995.8,,,,,7,7,,13,2000,,,25.4,,,,
146,2022-09-19 03:00,24.8,,3.8,340,75,23.4,20,988.6,995.3,,,,,8,3,ScCi,10,2000,,,25.1,,,,
146,2022-09-19 04:00,24.7,,4.9,340,74,22.9,19.7,988.4,995.1,,,,,9,7,ScCi,10,2000,,,24.7,,,,
146,2022-09-19 05:00,24.6,,4,340,75,23.1,19.8,988.7,995.4,,,,,8,6,ScCi,10,2000,,,24.8,,,,
146,2022-09-19 06:00,24.1,,3.2,340,76,22.7,19.5,989.1,995.9,,,,,7,2,ScCi,10,2000,,,24.1,,,,
146,2022-09-19 07:00,24.3,,3.5,340,76,22.9,19.7,989.6,996.4,0,.06,,,8,0,Ci,,2000,,,24.1,,,,
146,2022-09-19 08:00,25.4,,5.2,340,72,23.2,19.9,989.9,996.7,.9,.62,,,6,0,Ci,,2000,,,25.1,,,,
146,2022-09-19 09:00,26.3,,2.4,340,69,23.5,20.1,990.2,997,.8,1.1,,,7,1,ScCi,10,2000,,,26.6,,,,
146,2022-09-19 10:00,27.5,,4.8,340,66,24.1,20.5,990.6,997.3,.5,1.08,,,7,5,ScCi,10,2000,,,28.6,,,,
146,2022-09-19 11:00,27.8,,5.6,340,65,24.3,20.6,990.8,997.5,.4,1.29,,,9,8,ScCi,10,2000,,,29.4,,,,
146,2022-09-19 12:00,27.8,,5.9,340,63,23.5,20.1,991,997.7,.4,1.63,,,9,8,ScCi,10,2000,,,31.1,,,,
146,2022-09-19 13:00,28.1,,4.9,320,63,23.8,20.3,991.4,998.1,.3,1.49,,,8,8,Sc,10,2000,,,32.7,,,,
146,2022-09-19 14:00,28.5,,3.7,340,60,23.2,19.9,991.5,998.2,.8,2.28,,,8,8,Sc,10,2000,,,33.2,,,,
146,2022-09-19 15:00,29.4,,4.6,320,57,23.2,19.9,991.2,997.9,.5,1.42,,,5,5,Sc,10,2000,,,32.7,,,,
146,2022-09-19 16:00,29.6,,5.8,340,52,21.4,18.6,991.3,998,.9,1.69,,,3,3,Sc,10,2000,,,33.1,,,,
146,2022-09-19 17:00,27.9,,4.2,320,63,23.5,20.1,992.5,999.2,.7,1.18,,,6,6,Sc,10,2000,,,30.7,,,,
146,2022-09-19 18:00,26,,4,320,63,21.2,18.4,993.5,1000.3,.4,.31,,,3,2,ScCi,10,2000,,,27.4,,,,
146,2022-09-19 19:00,24.2,,3.6,320,64,19.2,16.9,995,1001.8,0,.04,,,4,0,,,2000,,,25.3,,,,
146,2022-09-19 20:00,23,,2.9,340,65,18.2,16,996.9,1003.8,,,,,4,4,,12,2000,,,24.5,,,,
146,2022-09-19 21:00,22,,3.2,340,66,17.4,15.3,998.5,1005.4,,,,,4,4,Sc,15,2000,,,23.5,,,,
146,2022-09-19 22:00,20.7,,2.3,340,70,17,15,999.3,1006.3,,,,,4,0,,,2000,,,22.6,,,,
146,2022-09-19 23:00,20.2,,2.5,340,65,15.4,13.4,999.6,1006.6,,,,,2,0,,,2000,,,21.7,,,,
146,2022-09-20 00:00,19.3,,2.6,340,65,14.5,12.5,1000.1,1007.1,,,,,0,0,,,2000,,,20.9,,,,
146,2022-09-20 01:00,18.6,,2.9,340,69,14.7,12.7,1001,1008,,,,,1,0,,,2000,,,20.3,,,,
146,2022-09-20 02:00,18.2,,1.2,20,69,14.4,12.4,1001.6,1008.6,,,,,1,0,,,2000,,,19.7,,,,
146,2022-09-20 03:00,17.9,,1.4,360,69,14.1,12.1,1001.7,1008.7,,,,,0,0,,,2000,,,19.3,,,,
146,2022-09-20 04:00,17.3,,1.4,50,70,13.7,11.7,1002.4,1009.5,,,,,0,0,,,2000,,,18.9,,,,
146,2022-09-20 05:00,17.1,,1.3,20,69,13.4,11.3,1003.1,1010.2,,,,,0,0,,,2000,,,18.5,,,,
146,2022-09-20 06:00,15.8,,1.4,50,77,13.7,11.7,1004.2,1011.3,,,,,0,0,,,2000,,,18.2,,,,
146,2022-09-20 07:00,17,,1.3,50,70,13.5,11.4,1004.9,1012,.2,.07,,,0,0,,,2000,,,18.2,,,,
146,2022-09-20 08:00,18.5,,1.4,360,63,13.4,11.3,1005.2,1012.2,1,.65,,,0,0,,,2000,,,19.4,,,,
146,2022-09-20 09:00,20.7,,1.3,20,58,14.1,12.1,1005.4,1012.4,1,1.39,,,0,0,,,2000,,,22.4,,,,
146,2022-09-20 10:00,21.8,,2.1,70,51,13.3,11.2,1005.8,1012.8,1,2.07,,,0,0,,,2000,,,25.3,,,,
146,2022-09-20 11:00,23.1,,1.8,110,51,14.4,12.4,1006,1012.9,1,2.63,,,0,0,,,2000,,,30.5,,,,
146,2022-09-20 12:00,22.4,,1.7,50,48,12.9,10.8,1005.8,1012.8,.5,1.54,,,4,4,Sc,12,2000,,,27.8,,,,
146,2022-09-20 13:00,23.5,,1.4,70,43,12.4,10.1,1005.3,1012.2,.5,1.63,,,6,6,Sc,12,2000,,,30.9,,,,
146,2022-09-20 14:00,24.4,,1.3,20,42,12.8,10.6,1005,1011.9,.8,2.03,,,6,6,Sc,15,2000,,,32.1,,,,
146,2022-09-20 15:00,23.3,,1.3,320,44,12.5,10.3,1004.9,1011.8,.4,1.45,,,6,3,ScCi,10,2000,,,28.9,,,,
146,2022-09-20 16:00,23.9,,2.8,340,43,12.7,10.5,1004.7,1011.6,.4,1.12,,,7,2,ScAcCi,18,2000,,,28.9,,,,
146,2022-09-20 17:00,22.7,,3.5,320,48,13.2,11.1,1004.9,1011.8,.8,1.07,,,8,5,AcCi,35,2000,,,26.8,,,,
146,2022-09-20 18:00,21.8,,2.8,340,51,13.3,11.2,1005.5,1012.5,.1,.29,,,8,4,AcCi,35,2000,,,24.7,,,,
146,2022-09-20 19:00,21,,2.1,320,55,13.7,11.6,1006.1,1013.1,0,.01,,,10,10,,58,2000,,,23.2,,,,
146,2022-09-20 20:00,20,,2.3,320,60,13.9,11.9,1007.1,1014.2,,,,,9,9,,61,2000,,,22.1,,,,
146,2022-09-20 21:00,18.8,,2.2,340,67,14.5,12.5,1007.8,1014.8,,,,,5,0,Ci,,2000,,,21,,,,
146,2022-09-20 22:00,18.3,,1.3,320,68,14.2,12.2,1008.1,1015.2,,,,,4,2,,,2000,,,20.2,,,,
146,2022-09-20 23:00,18.2,,.6,320,69,14.4,12.4,1008.3,1015.4,,,,,0,0,,,2000,,,19.4,,,,
146,2022-09-21 00:00,16.7,,.8,360,76,14.4,12.4,1008.4,1015.5,,,,,0,0,,,2000,,,18.7,,,,
146,2022-09-21 01:00,16.9,,.8,110,77,14.8,12.8,1008.4,1015.5,,,,,0,0,,,2000,,,18.1,,,,
146,2022-09-21 02:00,15.9,,1,140,78,14,12,1008.7,1015.9,,,,,0,0,,,1957,,,17.8,,,,
146,2022-09-21 03:00,15.3,,1.7,110,80,13.8,11.8,1008.8,1016,,,,,0,0,,,2000,,,17.5,,,,
146,2022-09-21 04:00,14.8,,1.5,110,81,13.6,11.5,1008.9,1016.1,,,,,0,0,,,1953,,,17.1,,,,
146,2022-09-21 05:00,14.4,,1.4,110,82,13.4,11.3,1009.3,1016.5,,,,,0,0,,,2000,,,16.7,,,,
146,2022-09-21 06:00,14.3,,.6,160,82,13.3,11.2,1010,1017.2,,,,,0,0,,,2000,,,16.3,,,,
146,2022-09-21 07:00,15,,1.4,110,78,13.2,11.1,1010.4,1017.6,.3,.07,,,0,0,,,2000,,,16.4,,,,
146,2022-09-21 08:00,17.4,,.5,140,66,13,10.9,1010.8,1017.9,1,.67,,,0,0,,,2000,,,17.7,,,,
146,2022-09-21 09:00,19.9,,.9,110,60,13.8,11.8,1011,1018.1,1,1.41,,,2,0,Ci,,2000,,,20.8,,,,
146,2022-09-21 10:00,22,,1.3,70,50,13.1,11,1011.1,1018.1,1,2.12,,,1,0,Ci,,2000,,,24.1,,,,
146,2022-09-21 11:00,23.1,,.8,90,43,12.1,9.8,1010.7,1017.7,1,2.61,,,0,0,,,2000,,,29.3,,,,
146,2022-09-21 12:00,23.5,,1.3,110,40,11.6,9.1,1010.1,1017,1,2.96,,,1,0,Ci,,2000,,,32.7,,,,
146,2022-09-21 13:00,24,,1.6,20,37,11,8.4,1009.2,1016.1,1,3.06,,,2,0,Ci,,2000,,,35,,,,
146,2022-09-21 14:00,24.9,,1.4,70,36,11.2,8.7,1008.7,1015.6,1,2.91,,,2,0,Ci,,2000,,,36.3,,,,
146,2022-09-21 15:00,25.1,,1,320,37,11.7,9.3,1008.3,1015.2,1,2.52,,,3,2,ScCi,10,2000,,,35.7,,,,
146,2022-09-21 16:00,25.2,,1.6,290,39,12.4,10.2,1008.2,1015.1,1,1.97,,,3,1,ScCi,10,2000,,,33.8,,,,
146,2022-09-21 17:00,24.6,,2.1,270,37,11.4,8.9,1008.2,1015.1,.9,1.14,,,4,2,ScCi,10,2000,,,30,,,,
146,2022-09-21 18:00,23,,2.4,320,45,12.6,10.4,1008.3,1015.2,1,.59,,,6,6,Sc,19,2000,,,26.7,,,,
146,2022-09-21 19:00,22.5,,1.3,290,47,12.8,10.6,1008.6,1015.6,.2,.04,,,2,2,,19,2000,,,24.5,,,,
146,2022-09-21 20:00,20.7,,2.2,200,64,15.6,13.6,1009.4,1016.4,,,,,0,0,,,2000,,,22.7,,,,
146,2022-09-21 21:00,19.7,,1.2,180,65,14.9,12.9,1009.7,1016.7,,,,,0,0,,,2000,,,21.7,,,,
146,2022-09-21 22:00,19,,1.3,140,64,14,12,1010.2,1017.3,,,,,0,0,,,2000,,,20.7,,,,
146,2022-09-21 23:00,17.8,,1.6,110,67,13.6,11.5,1010.2,1017.3,,,,,0,0,,,2000,,,20,,,,
146,2022-09-22 00:00,16.9,,1.5,110,70,13.4,11.3,1010.2,1017.3,,,,,0,0,,,2000,,,19.2,,,,
146,2022-09-22 01:00,16.1,,1.4,140,71,12.9,10.8,1010.1,1017.3,,,,,4,4,,76,2000,,,18.5,,,,
146,2022-09-22 02:00,16.2,,1.7,140,68,12.4,10.2,1010.2,1017.4,,,,,5,5,,74,2000,,,18.2,,,,
146,2022-09-22 03:00,15.7,,2.1,110,65,11.6,9.1,1010.1,1017.3,,,,,0,0,,,2000,,,17.5,,,,
146,2022-09-22 04:00,15.2,,1.9,140,62,10.6,7.9,1009.8,1017,,,,,0,0,,,2000,,,16.8,,,,
146,2022-09-22 05:00,14.5,,1.8,140,65,10.6,7.9,1009.5,1016.7,,,,,0,0,,,2000,,,16.3,,,,
146,2022-09-22 06:00,14.4,,1.7,110,65,10.6,7.8,1010,1017.2,,,,,4,0,Cc,,2000,,,16,,,,
146,2022-09-22 07:00,14.4,,1.4,110,66,10.8,8.1,1010.1,1017.3,0,.06,,,7,7,Ac,40,2000,,,16.2,,,,
146,2022-09-22 08:00,15.3,,1.2,90,66,11.4,8.9,1010.2,1017.4,0,.33,,,7,0,Cc,,2000,,,17.3,,,,
146,2022-09-22 09:00,18.4,,1,70,54,11.4,8.9,1010.2,1017.3,.5,.97,,,7,0,Cc,,2000,,,20.3,,,,
146,2022-09-22 10:00,20.6,,1.1,160,49,11.9,9.5,1009.9,1017,.8,1.94,,,7,0,Cc,,2000,,,23.7,,,,
146,2022-09-22 11:00,21.7,,1,320,47,12.1,9.8,1009,1016,1,2.51,,,7,0,CcCi,,2000,,,28.6,,,,
146,2022-09-22 12:00,23.4,,1.3,50,41,11.7,9.3,1008.1,1015,1,2.94,,,6,0,Ci,,2000,,,32.9,,,,
146,2022-09-22 13:00,23,,1.2,180,42,11.7,9.3,1007.1,1014,1,2.4,,,7,0,Ci,,2000,,,31.5,,,,
146,2022-09-22 14:00,24.6,,1.2,20,42,12.9,10.8,1006.7,1013.6,.8,1.97,,,8,0,Ci,,2000,,,32.9,,,,
146,2022-09-22 15:00,23.8,,1.7,290,42,12.4,10.1,1006.3,1013.2,.6,1.67,,,8,0,Ci,,2000,,,31.7,,,,
146,2022-09-22 16:00,22.5,,2.4,340,48,13,10.9,1006.2,1013.1,.2,.96,,,8,0,Ci,,2000,,,28.5,,,,
146,2022-09-22 17:00,23,,2.1,340,44,12.3,10,1006.3,1013.2,.8,1.04,,,4,0,Ci,,2000,,,27.7,,,,
146,2022-09-22 18:00,22,,.7,20,46,12.1,9.8,1006.4,1013.4,.4,.43,,,9,9,Ac,40,2000,,,25.1,,,,
146,2022-09-22 19:00,20.6,,1.2,320,53,12.8,10.6,1006.8,1013.8,0,.01,,,9,5,,46,2000,,,23.2,,,,
146,2022-09-22 20:00,19.8,,1.1,50,59,13.6,11.5,1007,1014,,,,,9,4,,39,2000,,,22.1,,,,
146,2022-09-22 21:00,20,,.1,0,61,14.2,12.2,1007.4,1014.5,,,,,8,3,AcCi,40,2000,,,21.5,,,,
146,2022-09-22 22:00,19.1,,1.4,110,65,14.3,12.3,1007.2,1014.2,,,,,10,3,,62,2000,,,21.2,,,,
146,2022-09-22 23:00,18.9,,1.3,110,65,14.1,12.1,1006.7,1013.7,,,,,10,10,,65,2000,,,20.7,,,,
146,2022-09-23 00:00,18.4,,1.1,140,67,14.1,12.1,1006.8,1013.9,,,,,8,4,,,2000,,,20.3,,,,
146,2022-09-23 01:00,18.3,,.8,90,69,14.5,12.5,1006.4,1013.5,,,,,7,5,,36,2000,,,19.7,,,,
146,2022-09-23 02:00,17.2,,1.5,110,74,14.5,12.5,1006,1013.1,,,,,6,3,,69,2000,,,19,,,,
146,2022-09-23 03:00,16.9,,.9,140,76,14.6,12.6,1006.1,1013.2,,,,,3,0,Ci,,2000,,,18.4,,,,
146,2022-09-23 04:00,16.6,,1.1,110,77,14.5,12.5,1006,1013.1,,,,,4,0,Ci,,2000,,,18,,,,
146,2022-09-23 05:00,16.1,,1.4,110,79,14.4,12.4,1006.4,1013.5,,,,,3,0,Ci,,2000,,,17.7,,,,
146,2022-09-23 06:00,15.7,,1.6,140,81,14.4,12.4,1006.3,1013.5,,,,,4,0,Ci,,2000,,,17.4,,,,
146,2022-09-23 07:00,16.4,,1,110,79,14.7,12.7,1006.2,1013.3,.1,.05,,,6,0,Ci,,2000,,,17.5,,,,
146,2022-09-23 08:00,18.8,,.4,0,67,14.5,12.5,1006.4,1013.4,1,.58,,,6,0,Ci,,761,,,18.9,,,,
146,2022-09-23 09:00,20.3,,.5,160,64,15.2,13.2,1006.4,1013.4,.9,1.02,,,8,0,Ci,,2000,,,20.9,,,,
146,2022-09-23 10:00,21.9,,1.8,230,58,15.2,13.2,1006.6,1013.6,.9,1.57,,,7,0,Ci,,2000,,,23.6,,,,
146,2022-09-23 11:00,22.8,,1.5,250,55,15.2,13.2,1006.8,1013.7,.9,1.62,,,8,4,ScCi,10,2000,,,26.2,,,,
146,2022-09-23 12:00,23.5,,3.4,230,57,16.4,14.4,1006.3,1013.2,.7,2.24,,,10,5,ScAs,10,1881,,,30.1,,,,
146,2022-09-23 13:00,22.4,,3.9,250,59,15.9,13.9,1005.7,1012.6,.2,1.04,,,10,6,ScAs,10,2000,,,26.5,,,,
146,2022-09-23 14:00,22.3,0,3.2,290,69,18.5,16.3,1005.6,1012.6,.5,1.76,,,10,6,ScAs,10,1989,,01,29.9,,,,
146,2022-09-23 15:00,22.2,,3,290,50,13.3,11.2,1005.7,1012.7,.8,1.93,,,3,3,Sc,10,2000,,,30.7,,,,
146,2022-09-23 16:00,20.8,,4.5,270,53,12.9,10.8,1006.3,1013.3,1,2.02,,,7,0,Ci,,2000,,,30.1,,,,
146,2022-09-23 17:00,19.6,,4.5,270,56,12.7,10.5,1006.4,1013.4,.7,1.01,,,7,0,Ci,,1810,,,25.7,,,,
146,2022-09-23 18:00,18.9,,2.9,270,58,12.6,10.4,1006.9,1013.9,.2,.29,,,9,0,Ci,,2000,,,23.2,,,,
146,2022-09-23 19:00,17.6,,2.8,290,61,12.2,9.9,1008,1015.1,0,.04,,,8,8,,73,2000,,,20.9,,,,
146,2022-09-23 20:00,16.2,,2.3,320,65,11.9,9.6,1008.9,1016.1,,,,,4,0,,,2000,,,19.3,,,,
146,2022-09-23 21:00,15.6,,1,320,67,11.8,9.4,1009.4,1016.6,,,,,4,0,Ci,,2000,,,18.4,,,,
146,2022-09-23 22:00,15.7,,.6,340,66,11.7,9.3,1009.6,1016.8,,,,,0,0,,,2000,,,17.6,,,,
146,2022-09-23 23:00,15.5,,.6,360,68,11.9,9.6,1009.3,1016.5,,,,,0,0,,,2000,,,16.9,,,,
146,2022-09-24 00:00,14.5,,.9,50,71,11.6,9.2,1009.7,1016.9,,,,,0,0,,,2000,,,16.4,,,,
146,2022-09-24 01:00,13.1,,.8,50,76,11.4,8.9,1009.8,1017,,,,,5,0,,,2000,,,15.9,,,,
146,2022-09-24 02:00,13.8,,.4,0,74,11.6,9.2,1009.7,1016.9,,,,,5,0,,,2000,,,15.4,,,,
146,2022-09-24 03:00,13.3,,1,110,79,12,9.7,1009.7,1016.9,,,,,8,0,Ci,,2000,,,15.2,,,,
146,2022-09-24 04:00,13.1,,.8,140,81,12.2,9.9,1009.7,1016.9,,,,,7,3,ScCi,10,2000,,,15.3,,,,
146,2022-09-24 05:00,12.9,,.8,180,80,11.9,9.5,1010,1017.3,,,,,8,0,Ci,,2000,,,15.6,,,,
146,2022-09-24 06:00,13,,1,110,80,11.9,9.6,1010.4,1017.6,,,,,8,0,Ci,,2000,,,15.4,,,,
146,2022-09-24 07:00,13.8,,.8,110,76,11.9,9.6,1010.9,1018.1,.2,.08,,,8,0,Ci,,2000,,,15.6,,,,
146,2022-09-24 08:00,15.6,,.3,0,68,12,9.7,1011.5,1018.7,.9,.54,,,5,0,Ci,,2000,,,16.4,,,,
146,2022-09-24 09:00,17.2,,.9,360,60,11.7,9.3,1011.7,1018.8,1,1.41,,,2,0,Ci,,2000,,,19.1,,,,
146,2022-09-24 10:00,18.7,,1.9,20,52,11.2,8.6,1011.9,1019,1,2.09,,,2,0,Ci,,2000,,,22.3,,,,
146,2022-09-24 11:00,20.6,,2.1,360,51,12.3,10,1011.8,1018.9,1,2.64,,,4,0,Ci,,2000,,,27.9,,,,
146,2022-09-24 12:00,21.3,,1.8,20,42,10.6,7.8,1011.3,1018.3,1,2.8,,,5,0,Ci,,2000,,,31.5,,,,
146,2022-09-24 13:00,22.6,,1.9,360,40,10.9,8.3,1010.4,1017.4,1,2.71,,,6,0,Ci,,2000,,,33.3,,,,
146,2022-09-24 14:00,22.8,,3.4,20,38,10.5,7.7,1009.7,1016.7,1,2.86,,,6,0,Ci,,2000,,,34.3,,,,
146,2022-09-24 15:00,22.9,,3.2,20,40,11.1,8.5,1009.1,1016.1,.9,2.06,,,7,0,Ci,,2000,,,32.6,,,,
146,2022-09-24 16:00,22.6,,2.2,360,42,11.5,9,1008.8,1015.8,.5,1.41,,,9,0,Ci,,2000,,,30.4,,,,
146,2022-09-24 17:00,21.8,,2.3,340,40,10.4,7.5,1009,1016,.1,.71,,,9,0,Ci,,2000,,,26.9,,,,
146,2022-09-24 18:00,20.8,,2.2,270,58,14.2,12.2,1009.2,1016.2,.2,.28,,,9,0,Ci,,2000,,,24.3,,,,
146,2022-09-24 19:00,19.6,,1.6,270,74,16.8,14.8,1009.1,1016.1,0,.01,,,10,9,,69,2000,,,22.7,,,,
146,2022-09-24 20:00,19,,1.9,320,77,16.8,14.8,1009.9,1016.9,,,,,10,10,,68,2000,,,21.7,,,,
146,2022-09-24 21:00,18.4,,1.2,340,77,16.2,14.2,1010.3,1017.4,,,,,9,0,Ci,,2000,,,21.2,,,,
146,2022-09-24 22:00,17.9,,1,70,67,13.7,11.6,1010.2,1017.3,,,,,10,10,,67,2000,,,20.4,,,,
146,2022-09-24 23:00,18.6,,0,0,66,14.1,12.1,1010.2,1017.3,,,,,10,9,,61,2000,,,20,,,,
146,2022-09-25 00:00,17,,.6,70,76,14.7,12.7,1010,1017.1,,,,,9,0,Ci,,2000,,,19.5,,,,
146,2022-09-25 01:00,17,,1.6,110,77,14.9,12.9,1009.5,1016.6,,,,,10,10,,66,2000,,,19.2,,,,
146,2022-09-25 02:00,16.4,,.6,70,77,14.3,12.3,1009.2,1016.4,,,,,10,9,,63,2000,,,18.9,,,,
146,2022-09-25 03:00,16,,1.1,20,74,13.4,11.3,1008.8,1016,,,,,9,0,Ci,,2000,,,18.7,,,,
146,2022-09-25 04:00,16.5,,.7,90,77,14.4,12.4,1008.5,1015.6,,,,,9,0,Ci,,2000,,,18.4,,,,
146,2022-09-25 05:00,15.3,,.8,70,79,13.7,11.6,1008.4,1015.6,,,,,9,0,Ci,,2000,,,18.2,,,,
146,2022-09-25 06:00,15.9,,.6,140,79,14.2,12.2,1008.9,1016.1,,,,,9,0,Ci,,2000,,,18.1,,,,
146,2022-09-25 07:00,16,,.1,0,79,14.3,12.3,1009.6,1016.8,0,.03,,,9,0,Ci,,2000,,,18.2,,,,
146,2022-09-25 08:00,17.1,,0,0,76,14.8,12.8,1010.3,1017.4,0,.27,,,9,7,ScAc,10,2000,,,19.3,,,,
146,2022-09-25 09:00,18.4,,.5,290,72,15.2,13.2,1010.5,1017.6,.1,.6,,,9,8,ScAc,10,2000,,,21.2,,,,
146,2022-09-25 10:00,19.9,,1,320,68,15.8,13.8,1010.9,1018,.2,1.29,,,8,6,ScAc,10,2000,,,23.9,,,,
146,2022-09-25 11:00,21.5,,1.2,320,59,15.1,13.1,1010.2,1017.2,.6,1.84,,,7,5,ScAc,10,2000,,,26.8,,,,
146,2022-09-25 12:00,22.9,,1.3,230,51,14.2,12.2,1009.7,1016.7,.3,1.77,,,8,7,ScAc,10,2000,,,28.8,,,,
146,2022-09-25 13:00,22.9,,1,230,47,13,10.9,1009,1016,.2,1.68,,,8,6,ScAc,10,2000,,,29.5,,,,
146,2022-09-25 14:00,23.7,,1,230,47,13.7,11.7,1008.5,1015.4,.6,2.02,,,9,7,AcCi,40,2000,,,31.6,,,,
146,2022-09-25 15:00,23,,1.3,270,48,13.4,11.3,1008.3,1015.2,.4,1.59,,,9,7,ScCi,10,2000,,,29.6,,,,
146,2022-09-25 16:00,22.4,,1.4,270,52,14,12,1008.3,1015.3,0,.73,,,10,8,ScAs,10,2000,,,26.9,,,,
146,2022-09-25 17:00,21.7,,1.5,270,52,13.5,11.4,1008.6,1015.6,0,.33,,,10,6,ScAs,8,2000,,,25.1,,,,
146,2022-09-25 18:00,21.6,,.9,250,53,13.7,11.6,1008.8,1015.8,0,.15,,,9,6,ScAs,8,2000,,,23.6,,,,
146,2022-09-25 19:00,20.2,,1,290,69,16.3,14.3,1008.9,1016,0,.01,,,10,5,,53,2000,,,22.3,,,,
146,2022-09-25 20:00,19.8,,1,250,67,15.4,13.4,1009.7,1016.7,,,,,9,3,,73,2000,,,21.4,,,,
146,2022-09-25 21:00,19.4,,.7,230,70,15.7,13.7,1009.9,1016.9,,,,,9,0,Ci,,2000,,,20.9,,,,
146,2022-09-25 22:00,18.7,,1.1,110,73,15.7,13.7,1009.7,1016.8,,,,,10,9,,71,2000,,,20.4,,,,
146,2022-09-25 23:00,17.9,,.9,110,77,15.8,13.8,1009.5,1016.6,,,,,9,9,,71,2000,,,19.6,,,,
146,2022-09-26 00:00,17.7,,.8,140,77,15.6,13.6,1009.8,1016.9,,,,,9,0,Ci,,2000,,,19.3,,,,
146,2022-09-26 01:00,17.4,,1,110,78,15.5,13.5,1009.6,1016.7,,,,,9,4,,46,2000,,,19.2,,,,
146,2022-09-26 02:00,17.1,,1,110,80,15.6,13.6,1009.4,1016.5,,,,,8,7,,66,2000,,,18.8,,,,
146,2022-09-26 03:00,16.7,,.9,140,82,15.6,13.6,1009.4,1016.5,,,,,9,0,Ci,,2000,,,18.7,,,,
146,2022-09-26 04:00,16.5,,1.1,110,82,15.4,13.4,1009.2,1016.3,,,,,9,0,Ci,,2000,,,18.6,,,,
146,2022-09-26 05:00,16.5,,.6,160,82,15.4,13.4,1009.3,1016.4,,,,,9,0,Ci,,2000,,,18.5,,,,
146,2022-09-26 06:00,16.3,,.8,140,83,15.4,13.4,1009.7,1016.9,,,,,9,0,Ci,,2000,,,18.3,,,,
146,2022-09-26 07:00,16.7,,.1,0,82,15.6,13.6,1010.1,1017.2,0,.01,,,10,10,As,40,2000,,,18.6,,,,
146,2022-09-26 08:00,17.6,,.3,0,80,16.1,14.1,1010.6,1017.7,0,.27,,,10,10,As,30,2000,,,19.9,,,,
146,2022-09-26 09:00,18.2,,.4,0,78,16.2,14.2,1010.8,1017.9,0,.37,,,10,4,ScAs,10,2000,,,20.9,,,,
146,2022-09-26 10:00,19.3,,.7,320,68,15.2,13.2,1010.8,1017.8,0,.7,,,10,3,ScAs,10,2000,,,22.5,,,,
146,2022-09-26 11:00,20.6,,.9,340,62,15,13,1010.7,1017.8,0,1.15,,,9,4,ScAs,10,2000,,,24.4,,,,
146,2022-09-26 12:00,22.4,,1,340,61,16.5,14.5,1010.2,1017.2,.2,1.77,,,8,7,AcCi,40,2000,,,27.3,,,,
146,2022-09-26 13:00,22.9,,.8,320,57,15.9,13.9,1009.3,1016.3,.2,1.85,,,9,5,ScAcCi,10,2000,,,28.2,,,,
146,2022-09-26 14:00,22.9,,1.5,320,55,15.3,13.3,1009.1,1016.1,0,1.26,,,9,5,ScAcCi,10,2000,,,28,,,,
146,2022-09-26 15:00,23,,1.6,340,52,14.6,12.6,1008.7,1015.6,0,.92,,,9,5,ScAcCi,10,1981,,,27.2,,,,
146,2022-09-26 16:00,23.7,,1.5,20,52,15.2,13.2,1008.7,1015.6,.4,1.11,,,8,4,AcCi,40,2000,,,28.2,,,,
146,2022-09-26 17:00,22.9,,1,20,53,14.8,12.8,1008.5,1015.4,.6,.84,,,7,3,AcCi,40,2000,,,26,,,,
146,2022-09-26 18:00,21.8,,1.4,20,53,13.7,11.7,1008.8,1015.8,.2,.29,,,6,2,AcCi,40,2000,,,23.8,,,,
146,2022-09-26 19:00,21.5,,.9,90,63,16.1,14.1,1009,1016,0,.01,,,9,0,,,2000,,,22.2,,,,
146,2022-09-26 20:00,20.2,,.9,180,71,16.7,14.7,1009.7,1016.8,,,,,9,9,,75,2000,,,21.3,,,,
146,2022-09-26 21:00,19.6,,.6,160,73,16.6,14.6,1009.6,1016.6,,,,,10,10,As,50,2000,,,20.7,,,,
146,2022-09-26 22:00,18.9,,1.2,110,77,16.7,14.7,1010,1017.1,,,,,10,9,,74,2000,,,20.2,,,,
146,2022-09-26 23:00,18.4,,.4,0,79,16.6,14.6,1009.9,1017,,,,,8,8,,74,2000,,,19.4,,,,
146,2022-09-27 00:00,17.7,,.9,110,82,16.5,14.5,1009.7,1016.8,,,,,4,0,Ci,,2000,,,18.8,,,,
146,2022-09-27 01:00,17.4,,.7,110,83,16.4,14.4,1009.7,1016.8,,,,,8,7,,49,2000,,,18.6,,,,
146,2022-09-27 02:00,16.9,,.8,140,84,16.1,14.1,1009.7,1016.8,,,,,8,2,,,2000,,,18.3,,,,
146,2022-09-27 03:00,16.4,,1,110,85,15.8,13.8,1009.9,1017.1,,,,,3,0,Ci,,2000,,,17.5,,,,
146,2022-09-27 04:00,15.8,,1.3,110,88,15.8,13.8,1009.4,1016.6,,,,,6,0,Ci,,2000,,,17.2,,,,
146,2022-09-27 05:00,15.6,,.5,90,87,15.4,13.4,1009.1,1016.3,,,,,0,0,,,2000,,,16.7,,,,
146,2022-09-27 06:00,15.1,,1.4,110,89,15.2,13.2,1009.5,1016.7,,,,,2,0,Ci,,2000,,,16.4,,,,
146,2022-09-27 07:00,14.5,,1,90,90,14.8,12.8,1009.5,1016.7,0,.02,,,2,0,Ci,,1984,,,16.1,,,,
146,2022-09-27 08:00,17.3,,.3,0,76,15,13,1009.4,1016.5,1,.58,,,0,0,,,2000,,,17.2,,,,
146,2022-09-27 09:00,19.1,,.6,320,69,15.2,13.2,1009.6,1016.6,1,1.3,,,0,0,,,2000,,,20,,,,
146,2022-09-27 10:00,21.3,,.8,290,64,16.2,14.2,1009.9,1016.9,1,1.98,,,4,4,Ac,40,2000,,,23.5,,,,
146,2022-09-27 11:00,22.2,,1,340,56,14.9,12.9,1009.4,1016.4,1,2.57,,,1,0,Ci,,2000,,,28.4,,,,
146,2022-09-27 12:00,24,,1.2,340,51,15.2,13.2,1008.9,1015.8,1,2.89,,,2,0,Ci,,2000,,,33.1,,,,
146,2022-09-27 13:00,25.9,,1.4,20,47,15.7,13.7,1007.8,1014.7,1,3,,,1,0,Ci,,2000,,,35.8,,,,
146,2022-09-27 14:00,26.5,,1.5,250,42,14.5,12.5,1007.1,1014,1,2.77,,,0,0,,,1913,,,36.8,,,,
146,2022-09-27 15:00,28,,1.1,230,43,16.2,14.2,1006.5,1013.3,1,2.35,,,0,0,,,2000,,,36.4,,,,
146,2022-09-27 16:00,27.4,,1.3,270,41,14.9,12.9,1006.2,1013,1,1.77,,,0,0,,,2000,,,34.3,,,,
146,2022-09-27 17:00,26,,1.7,320,47,15.8,13.8,1006.3,1013.2,1,1.08,,,0,0,,,2000,,,30.2,,,,
146,2022-09-27 18:00,23.7,,2.1,270,57,16.6,14.6,1006.5,1013.4,1,.39,,,0,0,,,2000,,,26.3,,,,
146,2022-09-27 19:00,22,,1.9,230,66,17.4,15.3,1006.9,1013.9,.1,.02,,,0,0,,,1999,,,24,,,,
146,2022-09-27 20:00,20.5,,1.4,230,74,17.7,15.6,1007.2,1014.2,,,,,0,0,,,1389,,,22.6,,,,
146,2022-09-27 21:00,20,,.7,250,75,17.5,15.4,1007.8,1014.9,,,,,0,0,,,1289,,,21.6,,,,
146,2022-09-27 22:00,19.6,,1.1,110,77,17.5,15.4,1008,1015,,,,,0,0,,,1980,,,20.8,,,,
146,2022-09-27 23:00,18.8,,1.2,140,78,16.8,14.8,1007.9,1014.9,,,,,2,0,,,1397,,,20.1,,,,
146,2022-09-28 00:00,18.1,,1.1,110,81,16.7,14.7,1007.9,1015,,,,,7,0,,,1113,,,19.5,,,,
146,2022-09-28 01:00,17.7,,.7,140,81,16.3,14.3,1007.9,1015,,,,,7,0,,,896,,,19.1,,,,
146,2022-09-28 02:00,17.8,,.5,110,81,16.4,14.4,1007.6,1014.7,,,,,9,0,,,524,,,19,,,,
146,2022-09-28 03:00,17.2,,0,0,83,16.2,14.2,1007.7,1014.8,,,,,6,0,Ci,,2000,,,18.6,,,,
146,2022-09-28 04:00,17.1,,.9,110,83,16.1,14.1,1007.1,1014.2,,,,,8,0,Ci,,2000,,,18.4,,,,
146,2022-09-28 05:00,17,,1.1,110,83,16,14,1007.2,1014.3,,,,,9,0,Ci,,2000,,,18.4,,,,
146,2022-09-28 06:00,16.4,,1.6,140,84,15.6,13.6,1007.3,1014.4,,,,,7,0,Ci,,2000,,,18,,,,
146,2022-09-28 07:00,16.7,,.8,140,82,15.6,13.6,1007.3,1014.4,0,.03,,,7,0,Ci,,2000,,,18.1,,,,
146,2022-09-28 08:00,18.3,,.2,0,77,16.1,14.1,1007.6,1014.7,.3,.37,,,7,0,Cc,,2000,,,19.3,,,,
146,2022-09-28 09:00,20,,.8,90,70,16.3,14.3,1007.5,1014.6,0,.81,,,8,0,Cs,,2000,,,21.9,,,,
146,2022-09-28 10:00,22.5,,.7,180,59,16,14,1007.5,1014.5,.8,1.53,,,8,0,Ci,,2000,,,24.5,,,,
146,2022-09-28 11:00,23.7,,.2,0,56,16.3,14.3,1007.4,1014.3,.6,1.53,,,8,0,Cs,,2000,,,26.2,,,,
146,2022-09-28 12:00,24.2,,1.1,360,57,17.2,15.1,1006.9,1013.8,.4,1.55,,,10,0,Cs,,2000,,,28,,,,
146,2022-09-28 13:00,24.4,,2,270,56,17,15,1006.7,1013.6,.2,1.53,,,9,0,Cs,,2000,,,28.9,,,,
146,2022-09-28 14:00,23.8,,1.2,290,59,17.3,15.2,1006.4,1013.3,0,1.03,,,10,1,ScCs,10,2000,,,27.7,,,,
146,2022-09-28 15:00,24.5,,1.1,340,57,17.5,15.4,1006,1012.9,.1,1.16,,,9,8,AcCi,45,2000,,,28.9,,,,
146,2022-09-28 16:00,24.6,,1.1,270,57,17.6,15.5,1006.1,1013,.1,.9,,,8,3,ScAc,12,1852,,,28.1,,,,
146,2022-09-28 17:00,23.4,,.9,320,62,17.7,15.6,1005.7,1012.6,0,.44,,,9,1,ScAc,15,2000,,,26.1,,,,
146,2022-09-28 18:00,22.8,,1.1,320,64,17.7,15.6,1005.8,1012.7,0,.19,,,5,1,ScAc,11,2000,,,24.3,,,,
146,2022-09-28 19:00,21.5,,1.8,270,71,18.2,16,1006.2,1013.2,0,.03,,,6,6,,52,2000,,,22.4,,,,
146,2022-09-28 20:00,20.8,,1,290,76,18.6,16.4,1006.8,1013.8,,,,,4,0,,,873,,19,21.4,,,,
146,2022-09-28 21:00,20.2,,.3,0,78,18.4,16.2,1007.1,1014.1,,,,,0,0,,,326,,19,20.5,,,,
146,2022-09-28 22:00,19.2,,1,110,83,18.4,16.2,1007.2,1014.2,,,,,0,0,,,495,,19,19.7,,,,
146,2022-09-28 23:00,18.4,,.8,110,86,18.2,16,1007.4,1014.5,,,,,0,0,,,778,,19,19.2,,,,
146,2022-09-29 00:00,17.6,,1.2,140,88,17.6,15.5,1007.2,1014.3,,,,,0,0,,,739,,19,18.7,,,,
146,2022-09-29 01:00,17.5,,.2,0,88,17.5,15.4,1007.3,1014.4,,,,,0,0,,,754,,19,18.2,,,,
146,2022-09-29 02:00,16.9,,.8,140,90,17.3,15.2,1007.3,1014.4,,,,,0,0,,,648,,19,17.8,,,,
146,2022-09-29 03:00,16.3,,.7,110,91,16.8,14.8,1007.2,1014.3,,,,,0,0,,,458,,19,17.3,,,,
146,2022-09-29 04:00,16.1,,.9,110,91,16.6,14.6,1007.1,1014.2,,,,,0,0,,,418,,19,17,,,,
146,2022-09-29 05:00,15.4,,1.1,140,93,16.2,14.2,1007.4,1014.6,,,,,0,0,,,314,,19,16.7,,,,
146,2022-09-29 06:00,15.1,,1,140,93,15.9,13.9,1007.9,1015.1,,,,,0,0,,,321,,19,16.5,,,,
146,2022-09-29 07:00,15.6,,.2,0,91,16.1,14.1,1008.2,1015.4,0,.04,,,0,0,,,593,,19,16.4,,,,
146,2022-09-29 08:00,16.5,,.2,0,85,15.9,13.9,1008.5,1015.6,.8,.46,,,0,0,,,568,,19,17.8,,,,
146,2022-09-29 09:00,18.6,,.3,0,76,16.2,14.2,1008.5,1015.6,1,1.22,,,0,0,,,841,,19,20.7,,,,
146,2022-09-29 10:00,20.3,,1.3,340,74,17.6,15.5,1008.3,1015.4,1,1.88,,,0,0,,,793,,19,24,,,,
146,2022-09-29 11:00,21.7,,1.8,320,69,17.8,15.7,1008.2,1015.2,1,2.43,,,0,0,,,683,,4019,29.1,,,,
146,2022-09-29 12:00,23.1,,2.2,250,65,18.3,16.1,1007.8,1014.7,1,2.77,,,1,1,Sc,10,680,,4019,32.9,,,,
146,2022-09-29 13:00,24.3,,1.5,290,60,18.2,16,1007.2,1014.1,1,2.87,,,0,0,,,1294,,40,35.2,,,,
146,2022-09-29 14:00,24.8,,1.2,270,54,16.8,14.8,1006.6,1013.5,1,2.68,,,0,0,,,1995,,,36.2,,,,
146,2022-09-29 15:00,25,,2,270,52,16.4,14.4,1006.4,1013.3,1,2.3,,,0,0,,,2000,,,35.4,,,,
146,2022-09-29 16:00,25.1,,1.7,270,50,15.9,13.9,1006.4,1013.3,1,1.72,,,0,0,,,2000,,,33.4,,,,
146,2022-09-29 17:00,24.9,,1.8,250,50,15.7,13.7,1006.8,1013.7,1,1.04,,,0,0,,,2000,,,29.4,,,,
146,2022-09-29 18:00,21.7,,1.7,250,61,15.8,13.8,1007.4,1014.4,.8,.34,,,0,0,,,1437,,,25.6,,,,
146,2022-09-29 19:00,19.9,,1.2,270,66,15.3,13.3,1007.9,1015,0,.01,,,0,0,,,1678,,,23.3,,,,
146,2022-09-29 20:00,18.8,,1.4,250,69,14.9,12.9,1008.3,1015.3,,,,,0,0,,,1341,,,21.8,,,,
146,2022-09-29 21:00,18.5,,.9,180,71,15.1,13.1,1008.9,1016,,,,,0,0,,,1170,,,20.7,,,,
146,2022-09-29 22:00,18.3,,.6,140,70,14.7,12.7,1009,1016.1,,,,,0,0,,,1504,,,19.9,,,,
146,2022-09-29 23:00,17.8,,.8,110,76,15.5,13.5,1008.9,1016,,,,,0,0,,,1184,,,19,,,,
146,2022-09-30 00:00,16.8,,1,140,82,15.7,13.7,1009,1016.1,,,,,0,0,,,700,,19,18.5,,,,
146,2022-09-30 01:00,16.5,,.6,250,82,15.4,13.4,1009.2,1016.3,,,,,1,0,,,984,,19,18,,,,
146,2022-09-30 02:00,15.9,,1.2,140,84,15.1,13.1,1009.3,1016.5,,,,,0,0,,,733,,19,17.5,,,,
146,2022-09-30 03:00,15.4,,1.3,140,87,15.2,13.2,1009.2,1016.4,,,,,0,0,,,440,,19,17.2,,,,
146,2022-09-30 04:00,15.1,,1,160,88,15.1,13.1,1009.2,1016.4,,,,,0,0,,,434,,19,16.8,,,,
146,2022-09-30 05:00,15.2,,1.2,110,87,15,13,1009.2,1016.4,,,,,0,0,,,546,,19,16.5,,,,
146,2022-09-30 06:00,15.1,,.4,0,89,15.2,13.2,1009.5,1016.7,,,,,0,0,,,490,,19,16.2,,,,
146,2022-09-30 07:00,14.7,,.4,0,89,14.8,12.8,1009.8,1017,0,.03,,,0,0,,,435,,19,16.1,,,,
146,2022-09-30 08:00,17.7,,.1,0,74,14.9,12.9,1010.1,1017.2,1,.56,,,0,0,,,888,,19,17.2,,,,
146,2022-09-30 09:00,19.8,,.2,0,68,15.7,13.7,1010,1017,1,1.26,,,0,0,,,1115,,19,20.3,,,,
146,2022-09-30 10:00,21.5,,1,270,64,16.3,14.3,1010,1017,1,1.93,,,0,0,,,1456,,,23.8,,,,
146,2022-09-30 11:00,24,,.7,360,56,16.6,14.6,1009.5,1016.4,1,2.47,,,0,0,,,1946,,,29.8,,,,
146,2022-09-30 12:00,26.3,,.6,270,46,15.7,13.7,1009,1015.9,1,2.79,,,0,0,,,2000,,,34,,,,
146,2022-09-30 13:00,27.4,,.9,290,42,15.3,13.3,1008.3,1015.2,1,2.93,,,0,0,,,2000,,,36.8,,,,
146,2022-09-30 14:00,28.1,,1.8,270,40,15.2,13.2,1007.7,1014.5,1,2.72,,,0,0,,,2000,,,37.7,,,,
146,2022-09-30 15:00,28.3,,1.7,270,40,15.4,13.4,1007.5,1014.3,1,2.31,,,1,0,Cc,,2000,,,36.6,,,,
146,2022-09-30 16:00,27.6,,1.3,290,39,14.3,12.3,1007.3,1014.1,1,1.65,,,2,0,Cc,,2000,,,33.9,,,,
146,2022-09-30 17:00,27.2,,2.2,250,40,14.4,12.4,1007.5,1014.4,1,1,,,1,0,Ci,,2000,,,30.1,,,,
146,2022-09-30 18:00,23.7,,1.7,250,58,16.9,14.9,1008.1,1015,.9,.3,,,2,0,Cc,,1398,,,26.5,,,,
146,2022-09-30 19:00,22,,1.5,270,60,15.8,13.8,1008.9,1015.9,0,0,,,0,0,,,1323,,,24,,,,
146,2022-09-30 20:00,20.8,,.9,230,73,17.8,15.7,1009.4,1016.4,,,,,0,0,,,621,,19,22.7,,,,
146,2022-09-30 21:00,20.7,,.8,230,73,17.7,15.6,1009.6,1016.6,,,,,0,0,,,569,,19,21.7,,,,
146,2022-09-30 22:00,19.7,,.7,140,73,16.7,14.7,1009.6,1016.6,,,,,0,0,,,1207,,19,20.7,,,,
146,2022-09-30 23:00,18.7,,1,160,75,16.1,14.1,1009.7,1016.8,,,,,0,0,,,1680,,,20,,,,
146,2022-10-01 00:00,18,,1.3,110,77,15.9,13.9,1009.8,1016.9,,,,,0,0,,,1494,,,19.3,,,,
146,2022-10-01 01:00,17.2,,1.6,140,78,15.3,13.3,1009.5,1016.6,,,,,0,0,,,1435,,,18.7,,,,
146,2022-10-01 02:00,16.8,,1.3,140,78,14.9,12.9,1009.6,1016.7,,,,,1,0,,,1882,,,18.1,,,,
146,2022-10-01 03:00,16.1,,.8,90,79,14.4,12.4,1009.8,1017,,,,,0,0,,,2000,,,17.6,,,,
146,2022-10-01 04:00,16.3,,.7,140,77,14.2,12.2,1010.1,1017.3,,,,,0,0,,,1999,,,17,,,,
146,2022-10-01 05:00,15.5,,1.3,110,80,14,12,1010.2,1017.4,,,,,0,0,,,2000,,,16.6,,,,
146,2022-10-01 06:00,14.8,,1.2,140,84,14.1,12.1,1010.4,1017.6,,,,,0,0,,,1898,,,16.3,,,,
146,2022-10-01 07:00,15.3,,1.1,110,81,14,12,1010.9,1018.1,.1,.03,,,0,0,,,1997,,,16.2,,,,
146,2022-10-01 08:00,17.9,,.3,0,70,14.3,12.3,1011.8,1018.9,1,.55,,,5,0,Ci,,2000,,,17.3,,,,
146,2022-10-01 09:00,19.6,,.7,180,64,14.5,12.5,1012.1,1019.1,1,1.26,,,5,0,Ci,,2000,,,20.4,,,,
146,2022-10-01 10:00,22.3,,.6,270,56,15,13,1012.4,1019.4,1,1.9,,,3,0,Ci,,2000,,,23.7,,,,
146,2022-10-01 11:00,24.9,,.5,200,49,15.4,13.4,1012,1019,1,2.42,,,6,0,Ci,,1999,,,29.6,,,,
146,2022-10-01 12:00,26.3,,.8,360,46,15.7,13.7,1011.2,1018.1,1,2.25,,,7,0,Ci,,1923,,,32.5,,,,
146,2022-10-01 13:00,26.8,,.9,20,46,16.2,14.2,1010.5,1017.4,1,2.53,,,7,0,Ci,,2000,,,34.1,,,,
146,2022-10-01 14:00,28.3,,1.5,340,41,15.7,13.7,1009.7,1016.5,1,2.55,,,7,0,Ci,,2000,,,36.1,,,,
146,2022-10-01 15:00,28.6,,1.2,320,40,15.6,13.6,1009.4,1016.2,1,2.15,,,7,0,Ci,,2000,,,36,,,,
146,2022-10-01 16:00,26.9,,1.5,320,46,16.2,14.2,1009.1,1016,.8,1.44,,,5,0,Ci,,1894,,,32,,,,
146,2022-10-01 17:00,26.7,,2,320,48,16.7,14.7,1009.3,1016.2,.5,.75,,,6,0,Ci,,2000,,,29.6,,,,
146,2022-10-01 18:00,25.4,,1.9,320,51,16.5,14.5,1009.8,1016.7,.3,.25,,,5,3,AcCi,35,2000,,,26.4,,,,
146,2022-10-01 19:00,25,,.7,320,53,16.7,14.7,1010,1016.9,0,.01,,,,9,,64,1998,,,24.9,,,,
146,2022-10-01 20:00,23.9,,.6,140,58,17.2,15.1,1010.5,1017.4,,,,,10,10,,55,1950,,,24.1,,,,
146,2022-10-01 21:00,22.6,,1.4,110,66,18.1,15.9,1010.4,1017.4,,,,,9,9,As,45,2000,,,23.6,,,,
146,2022-10-01 22:00,22.2,,.9,200,64,17,15,1010.7,1017.7,,,,,10,5,,50,2000,,,22.7,,,,
146,2022-10-01 23:00,21.4,,1,110,70,17.7,15.6,1010.8,1017.8,,,,,8,5,,47,2000,,,21.8,,,,
146,2022-10-02 00:00,21,,1,140,73,18.1,15.9,1010.6,1017.6,,,,,10,10,As,45,2000,,,22,,,,
146,2022-10-02 01:00,20.7,,.9,140,73,17.7,15.6,1010,1017,,,,,10,10,,41,1977,,,21.9,,,,
146,2022-10-02 02:00,21,,.7,110,67,16.6,14.6,1009.9,1016.9,,,,,10,8,,39,2000,,,21.5,,,,
146,2022-10-02 03:00,19.6,,.5,340,74,16.8,14.8,1009.9,1016.9,,,,,9,4,AcCi,45,2000,,,21.2,,,,
146,2022-10-02 04:00,19.9,,1.1,110,70,16.2,14.2,1009.7,1016.8,,,,,5,0,Ci,,2000,,,20.2,,,,
146,2022-10-02 05:00,19.5,,.4,0,72,16.3,14.3,1009.9,1016.9,,,,,5,0,Ci,,2000,,,19.6,,,,
146,2022-10-02 06:00,19.2,,1.1,110,74,16.4,14.4,1010.8,1017.8,,,,,8,4,AcCi,45,2000,,,19.4,,,,
146,2022-10-02 07:00,19,,1.4,110,74,16.2,14.2,1011.2,1018.3,0,.04,,,9,5,AcCc,45,2000,,,19.9,,,,
146,2022-10-02 08:00,19.6,,1.1,140,73,16.6,14.6,1011.2,1018.2,.1,.24,,,9,5,AcCi,47,1904,,,21,,,,
146,2022-10-02 09:00,22.3,,1,140,64,17.2,15.1,1011.5,1018.5,.3,.78,,,7,4,AcCi,35,2000,,,23.3,,,,
146,2022-10-02 10:00,24.3,,1.1,110,55,16.6,14.6,1010.8,1017.7,.6,1.5,,,7,4,AcCi,35,2000,,,25.9,,,,
146,2022-10-02 11:00,27.7,,1,110,43,15.9,13.9,1010.1,1017,1,2.48,,,5,0,Ci,,2000,,,32.1,,,,
146,2022-10-02 12:00,28,,1.6,200,38,14.3,12.3,1009.4,1016.2,1,2.39,,,7,3,AcCi,35,2000,,,33.5,,,,
146,2022-10-02 13:00,30,,1.9,140,30,12.7,10.5,1009.1,1015.9,1,2.99,,,7,0,Ci,,2000,,,38.5,,,,
146,2022-10-02 14:00,29.2,,2.6,180,27,10.9,8.2,1008.4,1015.2,.9,2.22,,,8,0,Ci,,2000,,,36,,,,
146,2022-10-02 15:00,28,,2.8,140,32,12,9.7,1007.4,1014.2,.2,1.13,,,9,0,Ci,,2000,,,31.8,,,,
146,2022-10-02 16:00,27.5,,2.4,140,38,13.9,11.9,1007,1013.8,0,.57,,,9,0,Ci,,2000,,,29.7,,,,
146,2022-10-02 17:00,27.4,,2.4,140,39,14.2,12.2,1006.8,1013.6,.1,.56,,,9,0,Ci,,2000,,,28.6,,,,
146,2022-10-02 18:00,26.8,,2.7,160,41,14.4,12.4,1007,1013.9,.1,.26,,,9,4,AcCi,43,2000,,,27.1,,,,
146,2022-10-02 19:00,25.7,,2.7,140,47,15.5,13.5,1007.2,1014.1,0,0,,,9,3,,25,2000,,,25.7,,,,
146,2022-10-02 20:00,25.2,,2.1,180,53,16.9,14.9,1008.2,1015.1,,,,,10,9,,26,2000,,,25.1,,,,
146,2022-10-02 21:00,24.2,0,1.8,160,61,18.3,16.1,1008.2,1015.1,,,,,10,7,ScAs,10,1973,,01,24.6,,,,
146,2022-10-02 22:00,23.8,0,2.2,140,65,19.1,16.8,1008,1014.9,,,,,10,7,ScAs,10,2000,,01,23.6,,,,
146,2022-10-02 23:00,23.7,,2,140,67,19.6,17.2,1008.3,1015.2,,,,,10,4,,23,2000,,,23.7,,,,
146,2022-10-03 00:00,23.6,,2.3,140,71,20.6,18,1007.9,1014.8,,,,,10,6,ScAs,10,2000,,,23.3,,,,
146,2022-10-03 01:00,23.9,,2.2,160,71,21,18.3,1007.8,1014.7,,,,,0,0,,,2000,,,23.5,,,,
146,2022-10-03 02:00,24,,2.1,140,72,21.4,18.6,1007.8,1014.7,,,,,10,9,,9,2000,,,23.6,,,,
146,2022-10-03 03:00,23.8,,1.3,110,73,21.4,18.6,1007.9,1014.8,,,,,10,8,ScAs,10,2000,,,23.6,,,,
146,2022-10-03 04:00,23.8,0,1.1,110,73,21.4,18.6,1008.1,1015,,,,,10,8,ScAs,10,2000,,01,23.6,,,,
146,2022-10-03 05:00,22.8,.3,1.1,90,82,22.7,19.5,1008.2,1015.2,,,,,10,8,StNs,10,1654,,01,23.3,,,,
146,2022-10-03 06:00,21.6,3.3,2.1,110,93,24,20.4,1008,1015,,,,,10,7,ScAs,10,940,,1901,22.9,,,,
146,2022-10-03 07:00,21.9,.4,1.6,110,92,24.1,20.5,1008.6,1015.6,0,0,,,10,7,ScAs,10,477,,1901,23,,,,
146,2022-10-03 08:00,22.8,.3,.8,90,88,24.4,20.7,1009.5,1016.5,0,.08,,,10,5,ScAs,9,1819,,1901,23.4,,,,
146,2022-10-03 09:00,22.3,1.2,1.4,140,93,25,21.1,1009.8,1016.8,0,.11,,,10,7,StNs,8,179,,1901,23.6,,,,
146,2022-10-03 10:00,22.4,3,1.2,160,94,25.3,21.3,1009.1,1016.1,0,.17,,,10,7,StNs,8,542,,1901,23.9,,,,
146,2022-10-03 11:00,23.3,.1,1.4,140,90,25.6,21.5,1008.7,1015.6,0,.45,,,10,7,ScAs,15,1310,,1901,25.2,,,,
146,2022-10-03 12:00,25.1,,2.3,160,80,25.3,21.3,1008,1014.9,.1,1.05,,,10,7,ScAs,15,2000,,,27.8,,,,
146,2022-10-03 13:00,26.1,,1,180,76,25.6,21.5,1007.1,1014,0,.77,,,10,5,ScAs,14,2000,,,27.5,,,,
146,2022-10-03 14:00,28.4,,1.3,230,64,24.7,20.9,1006.3,1013.1,0,1.38,,,10,4,ScAs,10,2000,,,30.6,,,,
146,2022-10-03 15:00,28.1,,1.2,200,64,24.3,20.6,1005.9,1012.7,0,1,,,10,4,ScAs,11,2000,,,29.7,,,,
146,2022-10-03 16:00,27.7,,2.1,200,65,24.1,20.5,1006,1012.8,0,.75,,,10,7,ScAs,11,2000,,,28.5,,,,
146,2022-10-03 17:00,27.6,,1.5,200,66,24.3,20.6,1005,1011.8,0,.33,,,9,4,ScCi,13,2000,,,27.3,,,,
146,2022-10-03 18:00,27.2,,2.1,200,64,22.9,19.7,1005,1011.8,.1,.19,,,9,3,ScCi,10,2000,,,25.9,,,,
146,2022-10-03 19:00,26.7,,1.9,200,67,23.4,20,1005.6,1012.5,0,0,,,10,3,,12,2000,,,25.1,,,,
146,2022-10-03 20:00,26.2,,1.6,160,71,24.1,20.5,1005.3,1012.2,,,,,10,1,,11,2000,,,24.7,,,,
146,2022-10-03 21:00,26,,1.8,160,71,23.8,20.3,1005.7,1012.6,,,,,10,6,ScAs,11,2000,,,24.3,,,,
146,2022-10-03 22:00,26,,.8,180,70,23.4,20,1005.9,1012.8,,,,,10,8,,10,2000,,,24.3,,,,
146,2022-10-03 23:00,24,1.3,.7,230,84,25,21.1,1005.2,1012.1,,,,,10,9,StNs,10,1377,,01,24.2,,,,
146,2022-10-04 00:00,23.7,.3,1.5,140,84,24.6,20.8,1004.4,1011.3,,,,,10,6,ScAs,10,1886,,01,24.1,,,,
146,2022-10-04 01:00,23.6,.9,1.7,160,85,24.7,20.9,1003.7,1010.6,,,,,10,8,ScAs,10,1551,,01,23.9,,,,
146,2022-10-04 02:00,24,,1.4,160,81,24.1,20.5,1002.9,1009.8,,,,,9,9,,9,2000,,,23.8,,,,
146,2022-10-04 03:00,25.3,,2.1,180,74,23.8,20.3,1002.6,1009.5,,,,,10,8,ScAs,10,2000,,,23.7,,,,
146,2022-10-04 04:00,26.3,,4.9,200,69,23.5,20.1,1001.3,1008.1,,,,,10,9,ScAs,10,2000,,,23.5,,,,
146,2022-10-04 05:00,25.2,0,4.2,230,76,24.3,20.6,1001.3,1008.2,,,,,10,9,StNs,7,1590,,01,23.5,,,,
146,2022-10-04 06:00,21.2,9,2.9,270,94,23.5,20.1,1002.9,1009.9,,,,,10,9,StNs,3,312,,01,22.9,,,,
146,2022-10-04 07:00,20,9.1,1.7,250,94,21.8,18.9,1004.1,1011.1,0,0,,,10,9,StNs,5,461,,01,22.2,,,,
146,2022-10-04 08:00,18.9,.7,2.9,270,93,20.2,17.7,1005.2,1012.2,0,.03,,,10,9,StNs,8,1299,,01,21.9,,,,
146,2022-10-04 09:00,18.5,2.3,2.9,250,93,19.7,17.3,1006.2,1013.2,0,.07,,,10,9,StNs,5,443,,01,21.3,,,,
146,2022-10-04 10:00,18.3,1.5,1.7,250,93,19.5,17.1,1005.7,1012.7,0,.16,,,10,9,ScAs,10,1332,,01,21.8,,,,
146,2022-10-04 11:00,19,,2.6,270,91,19.9,17.4,1006.1,1013.1,0,.56,,,10,8,ScAs,10,2000,,,23,,,,
146,2022-10-04 12:00,19.3,,3.1,250,86,19.1,16.8,1006.6,1013.6,0,.41,,,10,8,ScAs,10,2000,,,23.1,,,,
146,2022-10-04 13:00,19,,2.8,250,83,18.2,16,1006.8,1013.8,0,.51,,,10,9,ScAs,10,1968,,,23,,,,
146,2022-10-04 14:00,18.6,,3.2,250,79,16.8,14.8,1007.1,1014.1,0,.58,,,10,8,ScAs,10,2000,,,22.9,,,,
146,2022-10-04 15:00,18.3,,3,250,78,16.3,14.3,1007,1014.1,0,.54,,,9,9,Sc,10,2000,,,22.6,,,,
146,2022-10-04 16:00,18.2,,3,250,77,16,14,1007.7,1014.8,0,.3,,,9,9,Sc,10,2000,,,21.8,,,,
146,2022-10-04 17:00,17.4,,3.5,270,77,15.3,13.3,1008.2,1015.3,0,.21,,,9,9,Sc,10,2000,,,20.9,,,,
146,2022-10-04 18:00,16.9,,2.5,250,77,14.8,12.8,1008.8,1015.9,0,.06,,,9,9,Sc,10,2000,,,20.1,,,,
146,2022-10-04 19:00,16.5,,2.6,230,79,14.8,12.8,1009.6,1016.7,0,0,,,9,9,,5,2000,,,19.5,,,,
146,2022-10-04 20:00,16.3,0,2.2,230,80,14.8,12.8,1010.3,1017.5,,,,,10,7,ScAs,5,2000,,01,19.2,,,,
146,2022-10-04 21:00,16.2,0,1.9,230,80,14.7,12.7,1010.4,1017.6,,,,,10,7,ScAs,5,2000,,01,19,,,,
146,2022-10-04 22:00,16.1,0,2.2,250,81,14.8,12.8,1010.7,1017.9,,,,,10,7,ScAs,5,2000,,01,18.9,,,,
146,2022-10-04 23:00,16,0,.7,230,82,14.9,12.9,1010.6,1017.8,,,,,10,7,ScAs,5,2000,,01,18.9,,,,
146,2022-10-05 00:00,15.8,,1.5,270,80,14.3,12.3,1011.3,1018.5,,,,,10,7,ScAs,5,2000,,,18.8,,,,
146,2022-10-05 01:00,15.5,,2,250,79,13.8,11.8,1011.6,1018.8,,,,,10,10,,5,2000,,,18.4,,,,
146,2022-10-05 02:00,15.1,,1,250,77,13.1,11,1011.7,1018.9,,,,,10,10,,6,2000,,,18.2,,,,
146,2022-10-05 03:00,15,,.8,270,75,12.7,10.5,1011.5,1018.7,,,,,10,7,ScAs,6,2000,,,18.1,,,,
146,2022-10-05 04:00,15,,1,270,74,12.5,10.3,1011.5,1018.7,,,,,10,7,ScAs,7,2000,,,18,,,,
146,2022-10-05 05:00,14.7,,.5,360,75,12.5,10.3,1011.6,1018.8,,,,,10,7,ScAs,6,2000,,,17.9,,,,
146,2022-10-05 06:00,14.4,,.7,320,74,12.1,9.8,1012.1,1019.3,,,,,10,7,ScAs,7,2000,,,17.6,,,,
146,2022-10-05 07:00,14.2,,1.4,320,70,11.2,8.7,1012.7,1019.9,0,.03,,,9,5,ScAc,7,2000,,,17.3,,,,
146,2022-10-05 08:00,14.4,,1.5,320,71,11.6,9.2,1013.4,1020.6,0,.3,,,8,4,ScAc,10,2000,,,17.4,,,,
146,2022-10-05 09:00,15.6,,.8,360,67,11.8,9.4,1013.9,1021.1,.8,1.05,,,8,8,Sc,10,2000,,,19.2,,,,
146,2022-10-05 10:00,16.9,,1.1,250,58,11.1,8.5,1014.1,1021.3,.1,1.15,,,9,9,Sc,10,2000,,,21.2,,,,
146,2022-10-05 11:00,17.3,,1.9,230,58,11.4,8.9,1013.9,1021,.2,1.47,,,9,9,Sc,10,2000,,,22.9,,,,
146,2022-10-05 12:00,18.7,,.6,320,55,11.8,9.4,1013.5,1020.6,.5,1.93,,,5,5,Sc,10,2000,,,25.3,,,,
146,2022-10-05 13:00,19.9,,1.7,200,47,10.9,8.2,1012.2,1019.3,1,3.01,,,1,1,Sc,10,2000,,,28.5,,,,
146,2022-10-05 14:00,20,,1.4,290,47,10.9,8.3,1011.5,1018.6,1,2.74,,,0,0,,,2000,,,29.2,,,,
146,2022-10-05 15:00,20,,2.1,290,43,10,7,1011.2,1018.3,1,2.36,,,0,0,,,2000,,,27.7,,,,
146,2022-10-05 16:00,19.7,,2.4,270,48,10.9,8.3,1010.7,1017.7,1,1.71,,,0,0,,,2000,,,25.7,,,,
146,2022-10-05 17:00,18.7,,2.7,270,51,10.9,8.3,1011.3,1018.4,1,1.01,,,0,0,,,2000,,,22.7,,,,
146,2022-10-05 18:00,16.8,,2.9,270,58,11,8.4,1012.3,1019.5,.5,.24,,,7,0,Ci,,2000,,,19.1,,,,
146,2022-10-05 19:00,15.6,,2.1,270,70,12.4,10.1,1013,1020.2,0,0,,,7,0,,,2000,,,17.8,,,,
146,2022-10-05 20:00,15.3,,1.6,250,72,12.4,10.2,1013.5,1020.7,,,,,9,5,,75,2000,,,17.3,,,,
146,2022-10-05 21:00,15,,.9,270,74,12.5,10.3,1014,1021.2,,,,,9,0,Ci,,2000,,,17.2,,,,
146,2022-10-05 22:00,14.6,,1,270,75,12.4,10.2,1013.2,1020.4,,,,,10,8,,58,2000,,,17.2,,,,
146,2022-10-05 23:00,14.8,,.8,250,76,12.8,10.6,1013.9,1021.1,,,,,10,1,,16,2000,,,17,,,,
146,2022-10-06 00:00,14.3,,.7,340,80,12.9,10.8,1014.2,1021.4,,,,,10,5,ScCi,15,2000,,,17.1,,,,
146,2022-10-06 01:00,13.7,,1.2,50,85,13.3,11.2,1013.9,1021.1,,,,,10,,,,1912,,,16.9,,,,
146,2022-10-06 02:00,14.3,,.3,0,80,12.9,10.8,1013.2,1020.4,,,,,10,2,,11,2000,,,16.8,,,,
146,2022-10-06 03:00,13.6,,.4,0,86,13.3,11.2,1013.1,1020.3,,,,,10,6,ScAs,15,2000,,,16.7,,,,
146,2022-10-06 04:00,14.3,,.5,230,82,13.3,11.2,1012.8,1020,,,,,10,7,ScAs,15,2000,,,16.6,,,,
146,2022-10-06 05:00,13.7,,1.3,320,88,13.7,11.7,1013.2,1020.4,,,,,10,6,ScAs,10,1488,,,16.4,,,,
146,2022-10-06 06:00,13.6,,.4,0,87,13.5,11.4,1013.3,1020.5,,,,,8,4,ScAs,10,1597,,,16,,,,
146,2022-10-06 07:00,13.8,,.6,70,86,13.6,11.5,1013.4,1020.6,0,.03,,,8,3,ScAc,10,166,,,15.9,,,,
146,2022-10-06 08:00,15.2,,.6,140,81,13.9,11.9,1013.3,1020.5,.4,.45,,,9,9,Ac,40,2000,,,17.5,,,,
146,2022-10-06 09:00,15.6,,.8,250,76,13.4,11.3,1013.5,1020.7,.1,.55,,,3,2,AcCi,30,1884,,,18.2,,,,
146,2022-10-06 10:00,18.9,,.9,290,67,14.6,12.6,1013.2,1020.3,.9,1.68,,,5,5,Sc,10,1804,,,22.3,,,,
146,2022-10-06 11:00,18.4,,1.8,290,66,13.9,11.9,1013,1020.1,.7,1.76,,,4,4,Sc,8,1630,,,24.2,,,,
146,2022-10-06 12:00,18.2,,1.3,340,65,13.6,11.5,1012.4,1019.5,.5,1.63,,,4,4,Sc,8,1453,,,23.5,,,,
146,2022-10-06 13:00,19.6,,1.8,270,52,11.8,9.4,1011.3,1018.3,1,2.76,,,7,7,Sc,8,2000,,,27.9,,,,
146,2022-10-06 14:00,20.4,,1.6,270,51,12.2,9.9,1010.7,1017.8,.6,1.77,,,8,3,ScCi,10,2000,,,26.2,,,,
146,2022-10-06 15:00,20,,2.1,270,52,12.1,9.8,1010.3,1017.4,.5,1.42,,,9,5,ScCi,10,2000,,,24.8,,,,
146,2022-10-06 16:00,19.1,,2.9,270,53,11.6,9.2,1010.6,1017.6,0,.62,,,10,4,ScAs,10,2000,,,21.8,,,,
146,2022-10-06 17:00,17.9,,2.8,270,64,13,10.9,1010.4,1017.5,0,.19,,,10,7,ScAs,10,2000,,,20,,,,
146,2022-10-06 18:00,17,,2.4,270,72,13.9,11.9,1011,1018.1,0,.08,,,10,4,ScAc,10,2000,,,18.7,,,,
146,2022-10-06 19:00,16.5,,1.4,250,77,14.4,12.4,1011.4,1018.6,0,0,,,10,0,,,2000,,,18.2,,,,
146,2022-10-06 20:00,16.2,,1.6,250,77,14.1,12.1,1011.5,1018.7,,,,,10,1,,5,2000,,,17.8,,,,
146,2022-10-06 21:00,15.9,,1.8,230,78,14,12,1012.1,1019.3,,,,,9,3,ScCi,17,2000,,,17.4,,,,
146,2022-10-06 22:00,15.7,,1.7,230,78,13.8,11.8,1012.2,1019.4,,,,,10,1,,16,2000,,,17.1,,,,
146,2022-10-06 23:00,15.7,,2.5,250,78,13.8,11.8,1012,1019.2,,,,,10,8,,13,2000,,,17,,,,
146,2022-10-07 00:00,15.6,,2.5,250,77,13.6,11.5,1011.3,1018.5,,,,,9,2,ScCi,11,2000,,,16.7,,,,
146,2022-10-07 01:00,15.6,,1.9,270,77,13.6,11.5,1011.5,1018.7,,,,,10,4,,8,2000,,,16.6,,,,
146,2022-10-07 02:00,15.4,,1.7,250,76,13.2,11.1,1011.7,1018.9,,,,,10,4,,10,2000,,,16.5,,,,
146,2022-10-07 03:00,15.4,,1.5,250,76,13.2,11.1,1011.5,1018.7,,,,,10,7,ScAs,10,2000,,,16.3,,,,
146,2022-10-07 04:00,15,,1.2,230,78,13.2,11.1,1011.2,1018.4,,,,,10,5,ScAs,10,2000,,,16.3,,,,
146,2022-10-07 05:00,14.9,0,2,250,78,13.1,11,1011,1018.2,,,,,10,4,ScAs,11,2000,,01,16.1,,,,
146,2022-10-07 06:00,14.8,0,1.2,250,78,13,10.9,1011.2,1018.4,,,,,10,7,ScAs,10,2000,,01,16.1,,,,
146,2022-10-07 07:00,14.4,,1.1,270,82,13.4,11.3,1011.6,1018.8,0,.01,,,8,3,ScAc,10,2000,,,15.8,,,,
146,2022-10-07 08:00,14.8,,1.7,320,83,13.9,11.9,1012.2,1019.4,.1,.25,,,5,5,Sc,10,2000,,,16.4,,,,
146,2022-10-07 09:00,15.1,,2.2,290,76,12.9,10.8,1012.4,1019.6,.7,.84,,,4,4,Sc,10,2000,,,17.5,,,,
146,2022-10-07 10:00,16,,2.6,340,67,12.1,9.8,1012.8,1020,.6,1.22,,,4,4,Sc,10,2000,,,19.4,,,,
146,2022-10-07 11:00,17.8,,3.1,320,58,11.8,9.4,1012.5,1019.6,.7,1.76,,,5,5,Sc,10,2000,,,23.2,,,,
146,2022-10-07 12:00,18.6,,3.4,340,49,10.4,7.6,1012.2,1019.3,.7,2.21,,,3,3,Sc,10,2000,,,24.9,,,,
146,2022-10-07 13:00,19.6,,3,340,45,10.2,7.3,1011.6,1018.6,.7,2.15,,,1,1,ScNs,10,2000,,,26.1,,,,
146,2022-10-07 14:00,19.1,,3.1,320,41,9,5.5,1011.1,1018.2,1,2.7,,,1,1,Sc,10,2000,,,26.9,,,,
146,2022-10-07 15:00,19.5,,2.7,320,42,9.5,6.2,1010.7,1017.7,1,2.06,,,1,1,Sc,10,2000,,,25.7,,,,
146,2022-10-07 16:00,18.7,,3,360,44,9.4,6.1,1010.9,1018,1,1.63,,,1,1,Sc,10,2000,,,24.7,,,,
146,2022-10-07 17:00,18.4,,2.8,340,47,9.9,6.8,1011.5,1018.6,1,.98,,,5,5,Sc,10,2000,,,22.2,,,,
146,2022-10-07 18:00,16.4,,2.9,320,57,10.6,7.8,1012.2,1019.4,.7,.27,,,1,0,Ci,,2000,,,18.6,,,,
146,2022-10-07 19:00,15.2,,1.9,320,63,10.8,8.1,1013.2,1020.4,0,0,,,6,0,,,2000,,,17,,,,
146,2022-10-07 20:00,14.9,,2.2,320,67,11.3,8.8,1014.6,1021.9,,,,,6,0,,,2000,,,16.1,,,,
146,2022-10-07 21:00,14.6,,1.3,320,67,11.1,8.5,1015.3,1022.5,,,,,8,0,Ci,,2000,,,15.7,,,,
146,2022-10-07 22:00,13.6,,.8,340,70,10.9,8.2,1015.6,1022.9,,,,,7,1,,13,2000,,,15.2,,,,
146,2022-10-07 23:00,13.2,,1.1,340,71,10.7,8,1015.8,1023.1,,,,,8,0,,,2000,,,14.9,,,,
146,2022-10-08 00:00,13.4,,.3,0,75,11.5,9,1015.9,1023.2,,,,,0,0,,,2000,,,14.3,,,,
146,2022-10-08 01:00,12.5,,.4,0,78,11.2,8.7,1016,1023.3,,,,,0,0,,,2000,,,13.8,,,,
146,2022-10-08 02:00,11.9,,1,140,82,11.4,8.9,1015.9,1023.2,,,,,3,0,,,2000,,,13.4,,,,
146,2022-10-08 03:00,11.6,,.6,90,83,11.3,8.8,1016.2,1023.5,,,,,0,0,,,2000,,,13,,,,
146,2022-10-08 04:00,11.3,,1,90,85,11.3,8.8,1016.4,1023.8,,,,,0,0,,,2000,,,12.7,,,,
146,2022-10-08 05:00,10.6,,1.2,140,86,10.9,8.3,1016.4,1023.8,,,,,0,0,,,1913,,,12.4,,,,
146,2022-10-08 06:00,10.7,,1,110,86,11,8.4,1016.4,1023.8,,,,,0,0,,,1970,,,12,,,,
146,2022-10-08 07:00,10.8,,.3,0,85,10.9,8.3,1016.6,1024,0,.02,,,0,0,,,2000,,,11.9,,,,
146,2022-10-08 08:00,13.8,,.6,110,69,10.9,8.2,1016.8,1024.1,.9,.5,,,0,0,,,2000,,,13.3,,,,
146,2022-10-08 09:00,16.2,,.7,70,60,11,8.4,1017.3,1024.5,1,1.22,,,0,0,,,2000,,,17.1,,,,
146,2022-10-08 10:00,18.6,,1.6,90,55,11.7,9.3,1017,1024.1,1,1.88,,,0,0,,,2000,,,20,,,,
146,2022-10-08 11:00,20.3,,1.2,70,47,11.2,8.6,1016.5,1023.6,1,2.39,,,0,0,,,2000,,,24.7,,,,
146,2022-10-08 12:00,21.4,,1,110,45,11.4,8.9,1015.9,1023,1,2.68,,,0,0,,,2000,,,27.4,,,,
146,2022-10-08 13:00,22.6,,1.1,110,37,10.1,7.1,1015.3,1022.3,1,2.87,,,2,2,Sc,10,2000,,,29.7,,,,
146,2022-10-08 14:00,21.3,,1.8,20,39,9.8,6.7,1014.6,1021.7,.9,2.77,,,5,5,Sc,10,2000,,,29.5,,,,
146,2022-10-08 15:00,21.2,,1,320,40,10,7,1014.3,1021.4,.1,.88,,,8,8,Sc,10,2000,,,25.7,,,,
146,2022-10-08 16:00,21.2,,1.3,110,45,11.2,8.7,1014.1,1021.2,.5,1.09,,,8,8,Sc,10,2000,,,25.2,,,,
146,2022-10-08 17:00,20.9,,.8,270,45,11.1,8.5,1014,1021.1,.1,.31,,,5,5,Sc,10,2000,,,22.6,,,,
146,2022-10-08 18:00,18.9,,2.9,230,64,13.9,11.9,1014.1,1021.2,0,.1,,,8,8,Sc,10,2000,,,20.2,,,,
146,2022-10-08 19:00,18,,1.9,230,67,13.7,11.7,1014.9,1022,0,0,,,10,2,,18,2000,,,19,,,,
146,2022-10-08 20:00,17.4,,.7,230,69,13.7,11.6,1015.2,1022.4,,,,,7,7,,18,2000,,,18.3,,,,
146,2022-10-08 21:00,17,,.5,200,70,13.5,11.4,1015.9,1023.1,,,,,9,0,Ci,,2000,,,17.6,,,,
146,2022-10-08 22:00,16.8,,.1,0,72,13.7,11.7,1016.2,1023.4,,,,,10,3,,73,2000,,,17.4,,,,
146,2022-10-08 23:00,16,,1.2,110,72,13,10.9,1016.4,1023.6,,,,,10,3,,66,2000,,,17,,,,
146,2022-10-09 00:00,15.5,,1.3,140,73,12.8,10.6,1016.2,1023.4,,,,,9,0,Ci,,2000,,,16.6,,,,
146,2022-10-09 01:00,15.1,,1.4,140,68,11.6,9.2,1016.3,1023.6,,,,,10,9,,67,2000,,,16.2,,,,
146,2022-10-09 02:00,15.1,,1.5,140,68,11.6,9.2,1015.5,1022.8,,,,,10,4,,64,2000,,,15.9,,,,
146,2022-10-09 03:00,14.7,,1.6,110,68,11.3,8.8,1014.4,1021.6,,,,,10,0,Cs,,2000,,,15.8,,,,
146,2022-10-09 04:00,15,,1.1,110,64,10.9,8.2,1014.2,1021.4,,,,,10,0,Cs,,2000,,,15.6,,,,
146,2022-10-09 05:00,14.5,,1,140,68,11.2,8.6,1014.1,1021.3,,,,,10,8,ScAs,15,2000,,,15.8,,,,
146,2022-10-09 06:00,13.6,.1,1.7,110,78,12.1,9.8,1014.4,1021.7,,,,,10,8,StNs,10,1664,,01,15.7,,,,
146,2022-10-09 07:00,13.1,.2,.9,90,82,12.3,10,1014,1021.3,0,0,,,10,1,ScAs,15,2000,,01,15.6,,,,
146,2022-10-09 08:00,12.6,.4,.4,0,89,12.9,10.8,1013.5,1020.8,0,.07,,,10,5,ScAs,10,1630,,01,15.8,,,,
146,2022-10-09 09:00,13,.5,.6,270,87,12.9,10.8,1013.7,1021,0,.18,,,10,6,StNs,6,1295,,01,16.4,,,,
146,2022-10-09 10:00,13.5,.7,.1,0,86,13.2,11.1,1013.3,1020.6,0,.43,,,10,7,StNs,6,1795,,01,17.8,,,,
146,2022-10-09 11:00,14.2,.6,.2,0,87,14,12,1012.6,1019.8,0,.51,,,10,6,StNs,6,1367,,01,18.7,,,,
146,2022-10-09 12:00,14,.8,.2,0,86,13.7,11.6,1011.8,1019,0,.5,,,10,8,StNs,5,460,,1901,18.9,,,,
146,2022-10-09 13:00,14.3,.8,.3,0,88,14.3,12.3,1010.6,1017.8,0,.59,,,10,6,StNs,5,812,,1901,19.8,,,,
146,2022-10-09 14:00,14.5,.6,1.1,320,91,15,13,1009.5,1016.7,0,.46,,,10,5,StNs,5,814,,1901,19.6,,,,
146,2022-10-09 15:00,14.5,.1,1.8,340,93,15.3,13.3,1008.8,1016,0,.37,,,10,5,StNs,5,597,,1901,19.3,,,,
146,2022-10-09 16:00,14.6,.1,.9,20,93,15.4,13.4,1008,1015.2,0,.31,,,10,6,StNs,4,699,,1901,19.2,,,,
146,2022-10-09 17:00,14.2,0,.9,50,93,15,13,1007.5,1014.7,0,.16,,,10,6,StNs,4,705,,1901,18.6,,,,
146,2022-10-09 18:00,14.1,.6,.7,320,94,15.1,13.1,1007.5,1014.7,0,.05,,,10,6,StNs,5,782,,1901,17.8,,,,
146,2022-10-09 19:00,14.1,1,2.3,270,95,15.3,13.3,1007.5,1014.7,0,0,,,10,7,StNs,5,287,,1901,17.1,,,,
146,2022-10-09 20:00,13.7,2.2,2.1,270,93,14.5,12.5,1008.2,1015.4,,,,,10,8,ScAs,10,999,,1901,16.4,,,,
146,2022-10-09 21:00,12.8,.7,2.8,290,92,13.6,11.5,1009.1,1016.3,,,,,10,7,StNs,5,999,,1901,15.6,,,,
146,2022-10-09 22:00,12.4,.6,.5,20,92,13.2,11.1,1009.1,1016.4,,,,,10,8,StNs,5,1611,,1901,15.6,,,,
146,2022-10-09 23:00,12.5,0,.3,0,89,12.9,10.7,1009.4,1016.7,,,,,10,7,ScAs,10,2000,,01,15.2,,,,
146,2022-10-10 00:00,12.5,.1,.8,230,91,13.1,11,1009,1016.3,,,,,10,7,ScAs,10,1910,,01,15.2,,,,
146,2022-10-10 01:00,12.4,,.4,0,89,12.8,10.6,1008.7,1016,,,,,10,0,,,2000,,,14.8,,,,
146,2022-10-10 02:00,12.4,0,1.2,230,89,12.8,10.6,1008.5,1015.8,,,,,10,7,ScAs,10,2000,,01,14.6,,,,
146,2022-10-10 03:00,11.8,.9,1.5,270,85,11.7,9.3,1008.4,1015.7,,,,,10,7,ScAs,10,2000,,01,13.7,,,,
146,2022-10-10 04:00,11.3,1.6,3.7,270,89,11.9,9.5,1008.5,1015.8,,,,,10,7,ScAs,10,824,,01,13.5,,,,
146,2022-10-10 05:00,11.4,.1,2.4,270,81,10.9,8.2,1008.8,1016.1,,,,,10,7,ScAs,10,2000,,01,13.5,,,,
146,2022-10-10 06:00,11.1,,1.2,270,77,10.2,7.2,1009.3,1016.6,,,,,4,4,Sc,10,2000,,,13,,,,
146,2022-10-10 07:00,11,0,2,250,75,9.8,6.7,1009.7,1017,0,.01,,,8,8,Sc,10,2000,,01,13,,,,
146,2022-10-10 08:00,11.2,,1.7,270,70,9.3,5.9,1010.3,1017.6,.1,.19,,,3,3,Sc,12,2000,,,13.2,,,,
146,2022-10-10 09:00,12.3,0,4,270,61,8.7,4.9,1010.5,1017.8,.7,.91,,,8,8,Sc,13,2000,,01,13.9,,,,
146,2022-10-10 10:00,12.6,0,3.8,290,57,8.2,4.2,1010.4,1017.7,.5,1.08,,,7,7,Sc,12,2000,,01,14.7,,,,
146,2022-10-10 11:00,13.9,,4.3,290,57,9,5.5,1010.2,1017.4,.5,1.58,,,6,6,Sc,15,2000,,,17.4,,,,
146,2022-10-10 12:00,14.1,,4.3,290,48,7.7,3.2,1009.7,1016.9,.8,2.22,,,6,6,Sc,15,2000,,,18.6,,,,
146,2022-10-10 13:00,11.7,0,5.5,290,65,8.9,5.3,1009,1016.3,.6,1.71,,,9,9,Sc,12,1660,,01,17,,,,
146,2022-10-10 14:00,10.7,1.1,2.7,320,80,10.2,7.3,1008.9,1016.2,.4,1.29,,,5,5,Sc,10,2000,,01,18.8,,,,
146,2022-10-10 15:00,9.6,1.9,2.9,290,88,10.5,7.7,1008.4,1015.7,.5,1.39,,,10,8,CbScAs,4,1555,,0401,16.7,,,,
146,2022-10-10 16:00,11.6,0,2.2,230,78,10.6,7.8,1008,1015.3,.3,.82,,,9,5,ScAs,11,2000,,01,17,,,,
146,2022-10-10 17:00,12.7,.1,3.2,250,67,9.8,6.7,1007.9,1015.1,.5,.54,,,8,8,Sc,12,2000,,01,16.3,,,,
146,2022-10-10 18:00,10.3,.6,5.5,270,79,9.9,6.8,1008.7,1016,0,.06,,,10,7,ScAs,12,1444,,01,13.3,,,,
146,2022-10-10 19:00,10.3,0,3.3,250,82,10.2,7.3,1009.3,1016.6,0,0,,,10,8,ScAs,10,1462,,01,13.1,,,,
146,2022-10-10 20:00,10.5,0,3.1,270,80,10.1,7.1,1009.7,1017,,,,,10,6,ScAs,8,2000,,01,12.9,,,,
146,2022-10-10 21:00,10.5,0,2.7,250,82,10.4,7.5,1009.9,1017.2,,,,,9,9,Sc,8,2000,,01,12.8,,,,
146,2022-10-10 22:00,10.3,.3,2.3,270,84,10.5,7.7,1010.6,1017.9,,,,,9,9,Sc,6,1939,,01,12.7,,,,
146,2022-10-10 23:00,10.2,0,1.4,270,85,10.5,7.7,1011.3,1018.7,,,,,9,9,Sc,6,1536,,01,12.6,,,,
146,2022-10-11 00:00,10.1,.4,1.4,270,88,10.8,8.1,1011.4,1018.8,,,,,9,9,,,1988,,01,12.6,,,,
146,2022-10-11 01:00,10.1,.2,2.2,250,88,10.8,8.1,1011.8,1019.2,,,,,9,9,Sc,6,2000,,01,12.6,,,,
146,2022-10-11 02:00,10.4,0,1.6,270,85,10.6,7.9,1012.3,1019.7,,,,,9,9,Sc,5,2000,,01,12.5,,,,
146,2022-10-11 03:00,10.5,,1.2,250,81,10.2,7.3,1012.2,1019.6,,,,,9,9,Sc,6,2000,,,12.7,,,,
146,2022-10-11 04:00,10.4,,.1,0,83,10.4,7.6,1012.3,1019.7,,,,,7,7,Sc,10,2000,,,12.7,,,,
146,2022-10-11 05:00,10.3,,.9,290,82,10.2,7.3,1012.6,1020,,,,,4,4,Sc,10,2000,,,12,,,,
146,2022-10-11 06:00,10,,.4,0,84,10.3,7.4,1013.3,1020.7,,,,,6,6,Sc,10,2000,,,11.2,,,,
146,2022-10-11 07:00,9.5,,.5,70,89,10.5,7.7,1013.8,1021.2,0,.02,,,0,0,,,2000,,,11,,,,
146,2022-10-11 08:00,11.8,,.5,70,76,10.4,7.6,1014.7,1022,.8,.43,,,0,0,,,2000,,,11.8,,,,
146,2022-10-11 09:00,13,,1.8,340,75,11.2,8.6,1015.3,1022.6,1,1.18,,,1,1,Sc,8,2000,,,14.9,,,,
146,2022-10-11 10:00,13.4,,2.6,340,63,9.6,6.4,1015.5,1022.8,1,1.87,,,1,1,Sc,10,2000,,,17.4,,,,
146,2022-10-11 11:00,14.7,,2.4,340,57,9.5,6.2,1015.4,1022.6,1,2.32,,,2,2,Sc,10,2000,,,21.4,,,,
146,2022-10-11 12:00,15.7,,1.9,340,56,9.9,6.9,1015.2,1022.4,1,2.32,,,2,2,Sc,10,2000,,,22.4,,,,
146,2022-10-11 13:00,16.7,,2.5,340,53,10,7,1014.6,1021.8,1,2.73,,,2,2,Sc,10,2000,,,25.3,,,,
146,2022-10-11 14:00,17.2,,2.2,320,50,9.7,6.6,1014,1021.2,1,2.41,,,1,1,Sc,10,2000,,,25,,,,
146,2022-10-11 15:00,17.4,,2.2,340,47,9.3,5.9,1013.9,1021,1,2.15,,,1,1,Sc,10,2000,,,24.6,,,,
146,2022-10-11 16:00,17.9,,2.1,320,47,9.6,6.4,1014.2,1021.3,1,1.58,,,2,2,Sc,10,2000,,,23.6,,,,
146,2022-10-11 17:00,16.3,,3.5,270,61,11.2,8.7,1014.5,1021.7,.9,.77,,,1,1,Sc,10,2000,,,19.3,,,,
146,2022-10-11 18:00,14.9,,3.4,270,67,11.3,8.8,1014.9,1022.2,.7,.19,,,0,0,,,2000,,,16.4,,,,
146,2022-10-11 19:00,14,,2.1,250,70,11.2,8.6,1015.6,1022.9,0,0,,,0,0,,,2000,,,15,,,,
146,2022-10-11 20:00,13.3,,.7,270,73,11.1,8.5,1016.6,1023.9,,,,,0,0,,,2000,,,14.2,,,,
146,2022-10-11 21:00,12.8,,1.2,230,75,11,8.4,1017.1,1024.4,,,,,0,0,,,2000,,,13.5,,,,
146,2022-10-11 22:00,12,,.4,0,79,11,8.4,1017.5,1024.8,,,,,0,0,,,2000,,,12.9,,,,
146,2022-10-11 23:00,11,,1.2,110,85,11.1,8.5,1017.8,1025.2,,,,,0,0,,,2000,,,12.4,,,,
146,2022-10-12 00:00,10,,1.1,110,89,10.9,8.2,1017.9,1025.3,,,,,0,0,,,1787,,,11.9,,,,
146,2022-10-12 01:00,9.5,,1.5,140,89,10.5,7.7,1018,1025.4,,,,,0,0,,,1582,,,11.4,,,,
146,2022-10-12 02:00,8.9,,1.5,140,91,10.4,7.5,1018.1,1025.5,,,,,0,0,,,1305,,,10.9,,,,
146,2022-10-12 03:00,8.6,,1,110,91,10.2,7.2,1017.9,1025.3,,,,,0,0,,,1066,,,10.5,,,,
146,2022-10-12 04:00,7.6,,1.4,110,92,9.5,6.3,1017.9,1025.4,,,,,0,0,,,977,,19,10.1,,,,
146,2022-10-12 05:00,7.8,,1.1,110,91,9.6,6.4,1018,1025.5,,,,,0,0,,,1262,,19,9.6,,,,
146,2022-10-12 06:00,7.2,,1.5,110,92,9.3,5.9,1018.4,1025.9,,,,,0,0,,,1140,,,9.2,,,,
146,2022-10-12 07:00,6.9,,1.5,110,93,9.2,5.8,1018.5,1026,0,.01,,,0,0,,,1100,,,9.1,,,,
146,2022-10-12 08:00,9.3,,.5,70,78,9.1,5.6,1019.2,1026.6,.8,.39,,,0,0,,,2000,,,10.1,,,,
146,2022-10-12 09:00,11.8,,.3,0,71,9.8,6.7,1019.5,1026.9,1,1.28,,,0,0,,,2000,,,13.7,,,,
146,2022-10-12 10:00,14.2,,.7,180,59,9.5,6.2,1019.4,1026.7,1,1.88,,,0,0,,,2000,,,16.7,,,,
146,2022-10-12 11:00,16.1,,.8,320,54,9.8,6.7,1019.3,1026.5,1,2.38,,,0,0,,,2000,,,21.7,,,,
146,2022-10-12 12:00,17.9,,.7,270,46,9.4,6.1,1019.1,1026.3,1,2.68,,,0,0,,,2000,,,24.5,,,,
146,2022-10-12 13:00,18.1,,1.7,290,44,9.1,5.6,1018.5,1025.6,1,2.71,,,0,0,,,2000,,,25.8,,,,
146,2022-10-12 14:00,20.1,,1.4,290,39,9.1,5.6,1018.1,1025.2,1,2.57,,,0,0,,,2000,,,26.6,,,,
146,2022-10-12 15:00,20.7,,1.3,290,40,9.7,6.6,1017.9,1025,1,2.15,,,0,0,,,2000,,,26.5,,,,
146,2022-10-12 16:00,20.4,,1.6,320,40,9.5,6.3,1017.9,1025,1,1.54,,,0,0,,,2000,,,24.6,,,,
146,2022-10-12 17:00,19.9,,1.3,340,42,9.7,6.5,1018,1025.1,1,.85,,,0,0,,,2000,,,22,,,,
146,2022-10-12 18:00,18.2,,1.4,320,53,11,8.4,1018.3,1025.4,.7,.2,,,0,0,,,2000,,,18.5,,,,
146,2022-10-12 19:00,17.2,,.4,0,58,11.3,8.8,1018.5,1025.7,0,0,,,0,0,,,2000,,,16.9,,,,
146,2022-10-12 20:00,15.2,,1.1,140,69,11.9,9.5,1019,1026.3,,,,,0,0,,,2000,,,15.7,,,,
146,2022-10-12 21:00,14.3,,1,110,74,12,9.7,1019.3,1026.6,,,,,0,0,,,2000,,,14.8,,,,
146,2022-10-12 22:00,13.3,,1.1,90,78,11.9,9.5,1019.7,1027,,,,,1,0,,,2000,,,14.1,,,,
146,2022-10-12 23:00,12.1,,1,140,83,11.6,9.2,1019.6,1026.9,,,,,3,0,,,2000,,,13.4,,,,
146,2022-10-13 00:00,12,,.8,140,83,11.6,9.1,1020,1027.4,,,,,0,0,,,2000,,,12.9,,,,
146,2022-10-13 01:00,11.1,,1.4,110,85,11.2,8.6,1019.8,1027.2,,,,,0,0,,,2000,,,12.5,,,,
146,2022-10-13 02:00,10.7,,1.2,140,86,11,8.4,1019.3,1026.7,,,,,0,0,,,2000,,,12,,,,
146,2022-10-13 03:00,11,,1.1,110,84,10.9,8.3,1019.4,1026.8,,,,,0,0,,,2000,,,11.7,,,,
146,2022-10-13 04:00,10.3,,.5,140,86,10.7,8,1019.1,1026.5,,,,,0,0,,,1892,,,11.3,,,,
146,2022-10-13 05:00,10.1,,1,110,87,10.7,8,1018.3,1025.7,,,,,1,0,Ci,,2000,,,11,,,,
146,2022-10-13 06:00,10.5,,.3,0,86,10.9,8.2,1018.8,1026.2,,,,,7,0,Ci,,2000,,,11.1,,,,
146,2022-10-13 07:00,10.4,,.6,110,85,10.6,7.9,1019.1,1026.5,0,.02,,,8,0,Ci,,2000,,,10.9,,,,
146,2022-10-13 08:00,12.6,,1.3,140,76,11,8.4,1019.5,1026.8,.8,.46,,,6,0,Ci,,2000,,,12.1,,,,
146,2022-10-13 09:00,14.6,,.7,200,68,11.2,8.7,1019.5,1026.8,1,1.18,,,4,0,Ci,,2000,,,15.5,,,,
146,2022-10-13 10:00,18.2,,.4,0,56,11.6,9.2,1019.3,1026.4,1,1.82,,,2,0,Ci,,2000,,,18.5,,,,
146,2022-10-13 11:00,19.2,,1,360,53,11.7,9.3,1018.8,1025.9,1,2.31,,,0,0,,,2000,,,23.3,,,,
146,2022-10-13 12:00,20.1,,1.7,340,49,11.5,9,1018.2,1025.3,1,2.61,,,0,0,,,2000,,,25.9,,,,
146,2022-10-13 13:00,20.6,,1.9,320,49,11.9,9.5,1017.3,1024.4,1,2.66,,,0,0,,,2000,,,27.5,,,,
146,2022-10-13 14:00,21.7,,1.6,340,46,11.9,9.5,1016.2,1023.2,1,2.51,,,0,0,,,2000,,,28,,,,
146,2022-10-13 15:00,22.1,,1.8,340,49,12.9,10.8,1015.4,1022.4,1,2.09,,,0,0,,,2000,,,27.2,,,,
146,2022-10-13 16:00,21.8,,1.4,290,49,12.8,10.6,1014.7,1021.7,1,1.51,,,2,0,Ci,,2000,,,25.4,,,,
146,2022-10-13 17:00,21.8,,1.1,290,50,13,10.9,1014.6,1021.6,1,.84,,,2,0,Ci,,2000,,,22.8,,,,
146,2022-10-13 18:00,19.4,,2.1,340,61,13.7,11.6,1014.3,1021.4,.7,.19,,,2,0,Ci,,2000,,,19.5,,,,
146,2022-10-13 19:00,18.3,,1.3,320,64,13.4,11.3,1014.3,1021.4,,,,,0,0,,,2000,,,17.7,,,,
146,2022-10-13 20:00,17.6,,.1,0,68,13.7,11.6,1014.7,1021.8,,,,,0,0,,,2000,,,16.7,,,,
146,2022-10-13 21:00,16.1,,.9,180,77,14,12,1014.8,1022,,,,,0,0,,,2000,,,15.9,,,,
146,2022-10-13 22:00,15.2,,1,110,81,13.9,11.9,1015.2,1022.4,,,,,1,0,,,2000,,,15.3,,,,
146,2022-10-13 23:00,14.4,,1.2,110,84,13.7,11.7,1015.2,1022.4,,,,,0,0,,,2000,,,14.7,,,,
146,2022-10-14 00:00,13.5,,.6,90,86,13.2,11.1,1014.8,1022.1,,,,,0,0,,,2000,,,14,,,,
146,2022-10-14 01:00,13.2,,.9,140,86,13,10.9,1014.6,1021.9,,,,,0,0,,,2000,,,13.5,,,,
146,2022-10-14 02:00,12.6,,1.1,110,87,12.6,10.4,1014.5,1021.8,,,,,0,0,,,2000,,,13.1,,,,
146,2022-10-14 03:00,12.1,,.9,160,89,12.5,10.3,1014.4,1021.7,,,,,7,0,Ci,,2000,,,12.8,,,,
146,2022-10-14 04:00,12,,1.4,140,89,12.4,10.2,1013.7,1021,,,,,8,8,Ac,45,2000,,,12.9,,,,
146,2022-10-14 05:00,12,,.5,110,88,12.3,10,1013.9,1021.2,,,,,7,7,Ac,45,2000,,,12.7,,,,
146,2022-10-14 06:00,12.2,,0,0,87,12.3,10,1014,1021.3,,,,,9,0,Ci,,2000,,,12.8,,,,
146,2022-10-14 07:00,12,,.6,320,87,12.1,9.8,1013.8,1021.1,0,.01,,,8,8,Ac,50,2000,,,12.9,,,,
146,2022-10-14 08:00,12.9,,.4,0,83,12.3,10,1014.1,1021.4,0,.21,,,8,4,AcCi,35,2000,,,14,,,,
146,2022-10-14 09:00,14.4,,1,140,78,12.8,10.6,1014.1,1021.3,0,.59,,,8,4,AcCi,35,2000,,,16.1,,,,
146,2022-10-14 10:00,16.2,,.7,250,70,12.9,10.7,1014.1,1021.3,.2,.96,,,7,3,AcCi,35,2000,,,18.4,,,,
146,2022-10-14 11:00,18.3,,.9,200,59,12.4,10.1,1013.8,1020.9,1,2.06,,,4,0,Ci,,2000,,,23.1,,,,
146,2022-10-14 12:00,20.6,,1.5,290,55,13.3,11.2,1012.8,1019.9,1,2.65,,,5,0,Ci,,2000,,,26.3,,,,
146,2022-10-14 13:00,21.6,,1.5,270,53,13.7,11.6,1012.1,1019.1,.9,2.41,,,3,0,Ci,,2000,,,27.5,,,,
146,2022-10-14 14:00,22,,.9,320,48,12.6,10.4,1010.8,1017.8,1,2.48,,,3,0,Ci,,2000,,,28,,,,
146,2022-10-14 15:00,22.8,,1.3,270,47,12.9,10.8,1010.9,1017.9,1,2.08,,,3,0,Ci,,2000,,,27.5,,,,
146,2022-10-14 16:00,22.3,,2.2,340,43,11.6,9.1,1010.9,1017.9,1,1.5,,,4,0,Ci,,2000,,,25.7,,,,
146,2022-10-14 17:00,21.9,,1.3,320,45,11.8,9.4,1011,1018,1,.83,,,3,0,Ci,,2000,,,23.1,,,,
146,2022-10-14 18:00,20,,1.8,290,62,14.4,12.4,1011,1018.1,.7,.18,,,6,0,Ci,,2000,,,19.8,,,,
146,2022-10-14 19:00,18.5,,1.2,230,74,15.7,13.7,1011,1018.1,,,,,8,8,,58,1458,,,18.8,,,,
146,2022-10-14 20:00,17.7,,1.5,200,76,15.4,13.4,1011.3,1018.4,,,,,9,9,,65,1254,,,18,,,,
146,2022-10-14 21:00,17,,.8,160,77,14.9,12.9,1011.2,1018.3,,,,,9,0,Cc,,2000,,,17.3,,,,
146,2022-10-14 22:00,16.2,,.4,0,81,14.9,12.9,1011.6,1018.8,,,,,4,4,,60,1980,,,16.8,,,,
146,2022-10-14 23:00,16.1,,.8,110,80,14.6,12.6,1011.8,1019,,,,,4,4,,58,350,,,16.4,,,,
146,2022-10-15 00:00,15.2,,1.1,110,83,14.3,12.3,1011.8,1019,,,,,8,8,Ac,,2000,,,16,,,,
146,2022-10-15 01:00,14.4,,1.1,140,86,14,12,1011.7,1018.9,,,,,6,6,,58,2000,,,15.5,,,,
146,2022-10-15 02:00,14.4,,1,110,85,13.9,11.9,1011.9,1019.1,,,,,7,3,,60,2000,,,15.4,,,,
146,2022-10-15 03:00,14.4,,.7,140,86,14,12,1011.8,1019,,,,,9,9,Ac,40,1960,,,15.1,,,,
146,2022-10-15 04:00,13.9,,1.2,110,87,13.7,11.7,1011.6,1018.8,,,,,9,9,Ac,40,1290,,,14.9,,,,
146,2022-10-15 05:00,13.4,,1.3,140,89,13.7,11.6,1011.8,1019,,,,,7,7,Ac,40,2000,,,14.2,,,,
146,2022-10-15 06:00,13.1,,1,110,90,13.5,11.4,1012,1019.3,,,,,0,0,,,2000,,,13.6,,,,
146,2022-10-15 07:00,13,,1.2,110,90,13.4,11.3,1012.3,1019.6,0,.01,,,9,9,Ac,45,2000,,,13.5,,,,
146,2022-10-15 08:00,14.7,,.9,140,82,13.7,11.6,1012.7,1019.9,.6,.44,,,8,8,Ac,49,2000,,,15.5,,,,
146,2022-10-15 09:00,16.4,,.1,0,76,14.1,12.1,1013,1020.2,0,.64,,,8,8,Ac,49,2000,,,17.6,,,,
146,2022-10-15 10:00,17.2,,1.1,320,74,14.5,12.5,1013.1,1020.2,.3,1.12,,,5,5,Ac,49,1963,,,19.4,,,,
146,2022-10-15 11:00,19.6,,.5,290,64,14.5,12.5,1012.5,1019.5,1,2.05,,,4,4,Ac,49,1987,,,23.4,,,,
146,2022-10-15 12:00,21.7,,.7,320,56,14.5,12.5,1011.8,1018.8,1,2.42,,,3,0,Ci,,1219,,,27,,,,
146,2022-10-15 13:00,22.5,,1.1,290,52,14.1,12.1,1011.1,1018.1,1,2.52,,,3,0,Ci,,1960,,,28.4,,,,
146,2022-10-15 14:00,24.2,,.9,320,50,15.1,13.1,1010.1,1017,1,2.42,,,0,0,,,2000,,,29,,,,
146,2022-10-15 15:00,24.5,,1.9,270,45,13.7,11.7,1010,1016.9,1,2,,,0,0,,,2000,,,27.9,,,,
146,2022-10-15 16:00,24.2,,1.8,320,50,15.1,13.1,1010.1,1017,1,1.36,,,3,0,Ci,,2000,,,26.2,,,,
146,2022-10-15 17:00,23.3,,1.3,320,54,15.4,13.4,1010,1016.9,1,.74,,,6,0,Ci,,2000,,,23.8,,,,
146,2022-10-15 18:00,20.9,,2.4,270,67,16.5,14.5,1010.3,1017.3,.6,.17,,,3,0,Ci,,1698,,,20.8,,,,
146,2022-10-15 19:00,19,,1.6,230,74,16.2,14.2,1011,1018.1,,,,,5,0,,,834,,40,19.1,,,,
146,2022-10-15 20:00,18.1,,1.4,250,78,16.1,14.1,1011.4,1018.5,,,,,4,0,,,657,,4019,18.1,,,,
146,2022-10-15 21:00,17.6,,1,230,80,16.1,14.1,1011.9,1019,,,,,0,0,,,479,,19,17.5,,,,
146,2022-10-15 22:00,17.2,,1.1,110,83,16.2,14.2,1012.1,1019.2,,,,,9,9,,50,208,,19,17.6,,,,
146,2022-10-15 23:00,17.3,,.6,110,82,16.1,14.1,1012.2,1019.3,,,,,10,10,,51,160,,19,17.7,,,,
146,2022-10-16 00:00,16.8,,.5,50,84,16,14,1012,1019.2,,,,,8,8,Ac,,333,,19,17.5,,,,
146,2022-10-16 01:00,16.6,,.9,140,84,15.8,13.8,1011.8,1019,,,,,9,9,,52,213,,19,17.2,,,,
146,2022-10-16 02:00,16.3,,.8,140,85,15.7,13.7,1011.6,1018.8,,,,,7,7,,53,183,,19,16.5,,,,
146,2022-10-16 03:00,15.5,,1.2,110,88,15.5,13.5,1011.2,1018.4,,,,,0,0,,,216,,19,15.8,,,,
146,2022-10-16 04:00,15.7,,.1,0,89,15.8,13.8,1011.6,1018.8,,,,,8,8,Ac,45,223,,19,15.8,,,,
146,2022-10-16 05:00,14.8,,1.2,140,90,15.1,13.1,1011.5,1018.7,,,,,0,0,,,221,,19,15.2,,,,
146,2022-10-16 06:00,14.8,,.6,140,88,14.8,12.8,1011.9,1019.1,,,,,4,4,Ac,45,983,,19,14.9,,,,
146,2022-10-16 07:00,14.4,,1.4,140,92,15.1,13.1,1012.1,1019.3,0,.01,,,3,3,Ac,45,464,,19,14.7,,,,
146,2022-10-16 08:00,15.1,,.6,140,88,15.1,13.1,1012.2,1019.4,0,.22,,,3,3,Ac,45,677,,19,15.4,,,,
146,2022-10-16 09:00,17.5,,1,140,77,15.4,13.4,1012.3,1019.4,1,.99,,,3,3,Ac,45,1657,,19,18.4,,,,
146,2022-10-16 10:00,19.3,,1.1,230,69,15.4,13.4,1012.3,1019.4,1,1.75,,,6,6,Ac,45,1417,,,21.8,,,,
146,2022-10-16 11:00,21.5,,1.8,270,63,16.1,14.1,1011.8,1018.8,1,2.12,,,4,2,ScCi,10,1108,,,24.6,,,,
146,2022-10-16 12:00,21.8,,1.5,250,59,15.4,13.4,1011,1018,1,2.38,,,6,3,AcCi,30,1205,,,26.9,,,,
146,2022-10-16 13:00,21.8,,2,250,61,15.9,13.9,1010.6,1017.6,.8,1.84,,,8,8,Ac,30,1019,,,25.5,,,,
146,2022-10-16 14:00,22.3,,2.5,270,60,16.1,14.1,1010.4,1017.4,.5,1.58,,,10,3,ScAs,10,1274,,,24.7,,,,
146,2022-10-16 15:00,20.9,,3.9,270,60,14.8,12.8,1010.8,1017.8,.1,1.14,,,10,5,ScAs,10,1671,,,22.7,,,,
146,2022-10-16 16:00,20.5,,1.6,250,57,13.7,11.6,1010.5,1017.6,.3,.92,,,9,9,Ac,45,1433,,,22.8,,,,
146,2022-10-16 17:00,20.2,,.9,230,57,13.5,11.4,1010.2,1017.3,.6,.6,,,9,9,Ac,40,1253,,,21.6,,,,
146,2022-10-16 18:00,19.2,,1.2,250,62,13.7,11.7,1010.4,1017.4,0,.08,,,9,9,Ac,40,1465,,,19.9,,,,
146,2022-10-16 19:00,18.7,,1.6,270,61,13.1,11,1011,1018.1,,,,,9,9,,40,1405,,,18.7,,,,
146,2022-10-16 20:00,17,,2,270,72,13.9,11.9,1011.1,1018.2,,,,,8,3,,43,1122,,,17.3,,,,
146,2022-10-16 21:00,16.8,,.9,230,74,14.1,12.1,1011.4,1018.5,,,,,8,0,Ci,,1018,,,17.1,,,,
146,2022-10-16 22:00,16.5,,1.3,230,77,14.4,12.4,1011.7,1018.9,,,,,9,5,,45,939,,19,16.8,,,,
146,2022-10-16 23:00,16.4,,1.5,250,78,14.5,12.5,1011.6,1018.8,,,,,9,9,,8,1074,,19,16.8,,,,
146,2022-10-17 00:00,15.8,,.9,230,78,13.9,11.9,1011.1,1018.3,,,,,7,0,Ci,,1092,,,16.4,,,,
146,2022-10-17 01:00,15.6,,1.1,200,80,14.1,12.1,1011,1018.2,,,,,8,5,,45,1028,,,15.9,,,,
146,2022-10-17 02:00,15.1,,1.8,230,83,14.2,12.2,1011.5,1018.7,,,,,9,8,,45,861,,19,15.7,,,,
146,2022-10-17 03:00,15,,.1,0,80,13.6,11.5,1011.3,1018.5,,,,,8,4,ScCi,5,767,,19,15.7,,,,
146,2022-10-17 04:00,14.9,,.2,0,84,14.2,12.2,1011.4,1018.6,,,,,8,8,Sc,9,504,,19,15.9,,,,
146,2022-10-17 05:00,15.3,,.9,250,84,14.6,12.6,1011.8,1019,,,,,8,8,Sc,6,366,,19,16.2,,,,
146,2022-10-17 06:00,14.9,,1.9,320,85,14.3,12.3,1012,1019.2,,,,,8,8,Sc,4,386,,19,16,,,,
146,2022-10-17 07:00,14.3,,3,320,73,11.9,9.5,1012.2,1019.4,0,0,,,8,8,Sc,5,1371,,19,15.4,,,,
146,2022-10-17 08:00,13.4,,2.8,320,70,10.7,8,1012.8,1020.1,0,.17,,,7,7,Ac,45,2000,,,14.9,,,,
146,2022-10-17 09:00,13.4,,3.1,320,62,9.5,6.2,1013.2,1020.5,.1,.51,,,4,4,Ac,45,2000,,,15.1,,,,
146,2022-10-17 10:00,14.5,,3.7,320,46,7.6,3,1013.2,1020.4,1,1.76,,,1,0,Ci,,2000,,,17.6,,,,
146,2022-10-17 11:00,15.5,,3.9,340,39,6.8,1.5,1012.9,1020.1,1,2.29,,,0,0,,,2000,,,21,,,,
146,2022-10-17 12:00,16.1,,4.1,340,27,4.9,-2.9,1012.7,1019.9,1,2.64,,,0,0,,,2000,,,22.8,,,,
146,2022-10-17 13:00,16.8,,3.9,290,31,5.9,-.4,1012.2,1019.4,1,2.7,,,0,0,,,2000,,,23.5,,,,
146,2022-10-17 14:00,16.9,,3.3,290,31,6,-.3,1011.8,1018.9,1,2.54,,,0,0,,,2000,,,23.1,,,,
146,2022-10-17 15:00,16.2,,4,290,29,5.4,-1.8,1012,1019.2,1,2.13,,,0,0,,,2000,,,21.7,,,,
146,2022-10-17 16:00,14.5,,4.5,290,34,5.6,-1.2,1012.3,1019.5,1,1.54,,,0,0,,,2000,,,19.5,,,,
146,2022-10-17 17:00,13.3,,4.8,290,41,6.2,.3,1012.7,1020,1,.84,,,0,0,,,2000,,,16.4,,,,
146,2022-10-17 18:00,12,,4.8,290,41,5.8,-.8,1013,1020.3,.6,.18,,,0,0,,,2000,,,13.4,,,,
146,2022-10-17 19:00,11.1,,3.1,290,45,5.9,-.4,1013.8,1021.1,,,,,0,0,,,2000,,,12,,,,
146,2022-10-17 20:00,9.9,,2.2,320,52,6.3,.4,1014.5,1021.9,,,,,0,0,,,2000,,,11.4,,,,
146,2022-10-17 21:00,10,,2.1,290,53,6.5,.8,1014.3,1021.7,,,,,0,0,,,2000,,,10.7,,,,
146,2022-10-17 22:00,8.7,,1.4,360,60,6.7,1.3,1014.8,1022.2,,,,,0,0,,,2000,,,10.5,,,,
146,2022-10-17 23:00,8.6,,1.5,320,60,6.7,1.2,1014.9,1022.3,,,,,0,0,,,2000,,,10,,,,
146,2022-10-18 00:00,8.6,,.9,340,62,6.9,1.7,1015,1022.4,,,,,0,0,,,2000,,,9.5,,,,
146,2022-10-18 01:00,8.2,,1.1,320,62,6.7,1.3,1015.1,1022.5,,,,,0,0,,,2000,,,9.1,,,,
146,2022-10-18 02:00,7,,.9,340,68,6.8,1.4,1015.3,1022.8,,,,,0,0,,,2000,,,8.7,,,,
146,2022-10-18 03:00,7.6,,1,110,68,7.1,2,1015.5,1022.9,,,,,0,0,,,2000,,,8.4,,,,
146,2022-10-18 04:00,6.9,,.8,110,73,7.2,2.3,1015.5,1023,,,,,0,0,,,2000,,,8.1,,,,
146,2022-10-18 05:00,6.1,,1,110,77,7.2,2.3,1015.7,1023.2,,,,,0,0,,,2000,,,7.8,,,,
146,2022-10-18 06:00,5.4,,1.5,110,78,7,1.8,1015.8,1023.3,,,,,0,0,,,2000,,,7.5,,,,
146,2022-10-18 07:00,5.1,,1.6,110,78,6.8,1.5,1015.9,1023.4,0,.01,,,0,0,,,2000,,,7.3,,,,
146,2022-10-18 08:00,7.4,,.6,140,68,7,1.8,1016.4,1023.9,.8,.4,,,0,0,,,2000,,,8,,,,
146,2022-10-18 09:00,10.2,,.1,0,59,7.3,2.5,1017.3,1024.7,1,1.11,,,0,0,,,2000,,,11.6,,,,
146,2022-10-18 10:00,10.7,,2.6,320,52,6.7,1.2,1017.2,1024.6,1,1.78,,,0,0,,,1508,,,14.1,,,,
146,2022-10-18 11:00,11.7,,2.5,340,39,5.4,-1.8,1017.1,1024.4,1,2.31,,,0,0,,,1680,,,18.1,,,,
146,2022-10-18 12:00,13,,2.7,340,39,5.8,-.6,1016.7,1024,1,2.62,,,0,0,,,1889,,,20.5,,,,
146,2022-10-18 13:00,13.8,,2.8,320,36,5.7,-1,1015.9,1023.2,1,2.69,,,0,0,,,1881,,,22.3,,,,
146,2022-10-18 14:00,14.5,,3.4,340,32,5.3,-2,1015.2,1022.4,1,2.52,,,0,0,,,1761,,,22.6,,,,
146,2022-10-18 15:00,15,,1.8,320,34,5.8,-.7,1014.9,1022.2,1,2.1,,,0,0,,,2000,,,22.4,,,,
146,2022-10-18 16:00,14.5,,2.2,290,33,5.4,-1.6,1014.8,1022,1,1.49,,,0,0,,,2000,,,20.4,,,,
146,2022-10-18 17:00,13.8,,2.1,290,37,5.8,-.6,1014.9,1022.2,1,.8,,,0,0,,,2000,,,17.4,,,,
146,2022-10-18 18:00,12.1,,3.8,290,44,6.2,.1,1015.5,1022.8,.6,.16,,,0,0,,,2000,,,13.7,,,,
146,2022-10-18 19:00,10.7,,1.5,290,52,6.7,1.2,1016.3,1023.7,,,,,0,0,,,2000,,,12.1,,,,
146,2022-10-18 20:00,9.4,,1.4,340,59,6.9,1.7,1016.9,1024.3,,,,,0,0,,,2000,,,11.2,,,,
146,2022-10-18 21:00,9.3,,1.1,20,53,6.2,.1,1017.1,1024.5,,,,,0,0,,,2000,,,10.4,,,,
146,2022-10-18 22:00,8.8,,1.2,110,60,6.8,1.4,1017.1,1024.5,,,,,0,0,,,2000,,,9.8,,,,
146,2022-10-18 23:00,7.2,,1.2,110,69,7,1.8,1017.3,1024.8,,,,,0,0,,,2000,,,9.2,,,,
146,2022-10-19 00:00,6.5,,1.7,110,71,6.9,1.6,1017.2,1024.7,,,,,0,0,,,2000,,,8.6,,,,
146,2022-10-19 01:00,6,,1.7,110,72,6.7,1.3,1017.4,1024.9,,,,,0,0,,,2000,,,8.2,,,,
146,2022-10-19 02:00,5.7,,1.6,110,73,6.7,1.2,1017.6,1025.1,,,,,0,0,,,2000,,,7.8,,,,
146,2022-10-19 03:00,5.1,,1.5,140,75,6.6,1,1017.9,1025.4,,,,,0,0,,,2000,,,7.4,,,,
146,2022-10-19 04:00,4.8,,1.1,140,78,6.7,1.2,1017.8,1025.3,,,,,0,0,,,2000,,,7,,,,
146,2022-10-19 05:00,4.4,,1.5,110,80,6.7,1.2,1018.1,1025.7,,,,,0,0,,,2000,,,6.7,,,,
146,2022-10-19 06:00,3.9,,1.5,110,81,6.5,.9,1018.5,1026.1,,,,,0,0,,,2000,,,6.4,,,,
146,2022-10-19 07:00,4.2,,1.1,110,80,6.6,1,1018.5,1026.1,0,.01,,,0,0,,,2000,,,6.2,,,,
146,2022-10-19 08:00,6.6,,.8,140,70,6.8,1.5,1019.4,1026.9,.8,.39,,,0,0,,,2000,,,6.8,,,,
146,2022-10-19 09:00,9.5,,.2,0,58,6.9,1.6,1020,1027.4,1,1.1,,,0,0,,,2000,,,10.4,,,,
146,2022-10-19 10:00,11.9,,.9,70,43,6,-.3,1020.2,1027.6,1,1.76,,,0,0,,,1755,,,13.9,,,,
146,2022-10-19 11:00,13.5,,1,340,33,5.1,-2.4,1020,1027.3,1,2.26,,,0,0,,,2000,,,18.4,,,,
146,2022-10-19 12:00,15,,2.3,360,40,6.8,1.4,1019.6,1026.9,1,2.55,,,0,0,,,2000,,,21.5,,,,
146,2022-10-19 13:00,15.6,,3.5,320,39,6.9,1.6,1018.9,1026.2,1,2.61,,,0,0,,,2000,,,22.7,,,,
146,2022-10-19 14:00,15.8,,3.6,320,37,6.6,1.1,1018.5,1025.7,1,2.44,,,0,0,,,2000,,,23.1,,,,
146,2022-10-19 15:00,16.3,,3.3,340,39,7.2,2.3,1018.2,1025.4,1,2.02,,,0,0,,,2000,,,22.7,,,,
146,2022-10-19 16:00,16,,2.8,360,41,7.4,2.7,1018.1,1025.3,1,1.39,,,0,0,,,2000,,,21.5,,,,
146,2022-10-19 17:00,15.6,,2.8,320,41,7.2,2.3,1018.3,1025.5,1,.73,,,0,0,,,2000,,,18.2,,,,
146,2022-10-19 18:00,14,,2.4,270,57,9.1,5.6,1019,1026.3,.6,.13,,,0,0,,,2000,,,15,,,,
146,2022-10-19 19:00,13.1,,1.6,270,63,9.5,6.2,1019.5,1026.8,,,,,0,0,,,2000,,,13.5,,,,
146,2022-10-19 20:00,11.9,,1.4,110,66,9.2,5.7,1020,1027.4,,,,,0,0,,,2000,,,12.5,,,,
146,2022-10-19 21:00,10.3,,1.3,110,72,9,5.4,1020,1027.4,,,,,0,0,,,2000,,,11.6,,,,
146,2022-10-19 22:00,9.7,,1.1,140,74,8.8,5.2,1020,1027.4,,,,,0,0,,,2000,,,10.7,,,,
146,2022-10-19 23:00,8.9,,1.4,110,79,9,5.4,1020.4,1027.8,,,,,0,0,,,2000,,,10.1,,,,
146,2022-10-20 00:00,7.9,,1.3,140,83,8.8,5.1,1020.5,1028,,,,,0,0,,,2000,,,9.4,,,,
146,2022-10-20 01:00,7.7,,1.3,110,84,8.8,5.1,1020.7,1028.2,,,,,0,0,,,2000,,,8.8,,,,
146,2022-10-20 02:00,7,,.9,140,86,8.6,4.8,1021.3,1028.8,,,,,0,0,,,2000,,,8.3,,,,
146,2022-10-20 03:00,6.3,,.5,90,86,8.2,4.1,1021.2,1028.7,,,,,0,0,,,1999,,,7.9,,,,
146,2022-10-20 04:00,5.9,,1.5,110,86,8,3.7,1021.2,1028.7,,,,,0,0,,,1996,,,7.5,,,,
146,2022-10-20 05:00,5.7,,1.6,110,87,7.9,3.6,1021.5,1029.1,,,,,0,0,,,1999,,,7.2,,,,
146,2022-10-20 06:00,5.1,,1.3,140,86,7.5,2.9,1021.9,1029.5,,,,,0,0,,,2000,,,6.8,,,,
146,2022-10-20 07:00,5.1,,1.6,110,84,7.4,2.6,1022,1029.6,0,.01,,,0,0,,,2000,,,6.7,,,,
146,2022-10-20 08:00,7.8,,.7,90,71,7.5,2.8,1022.3,1029.8,.9,.39,,,0,0,,,2000,,,7.3,,,,
146,2022-10-20 09:00,10.6,,.5,70,59,7.5,2.9,1022.4,1029.8,1,1.11,,,0,0,,,2000,,,10.9,,,,
146,2022-10-20 10:00,13.2,,.8,270,53,8,3.8,1022,1029.3,1,1.78,,,0,0,,,2000,,,14.7,,,,
146,2022-10-20 11:00,15.4,,1.4,340,44,7.6,3.1,1021.7,1029,1,2.26,,,0,0,,,2000,,,19.2,,,,
146,2022-10-20 12:00,17.7,,1.3,20,37,7.5,2.8,1021,1028.2,1,2.57,,,0,0,,,2000,,,22.6,,,,
146,2022-10-20 13:00,19,,1.7,20,29,6.3,.5,1020.2,1027.3,1,2.63,,,0,0,,,1540,,,24.7,,,,
146,2022-10-20 14:00,20.1,,1.3,340,27,6.3,.4,1019.2,1026.3,1,2.47,,,0,0,,,1676,,,25.3,,,,
146,2022-10-20 15:00,20.3,,1.3,340,29,6.9,1.6,1018.4,1025.5,1,2.04,,,0,0,,,2000,,,24.8,,,,
146,2022-10-20 16:00,20.2,,1.4,320,30,7.1,2,1018.5,1025.6,1,1.43,,,0,0,,,1710,,,23,,,,
146,2022-10-20 17:00,18.5,,1.8,320,36,7.6,3.1,1018.7,1025.8,1,.74,,,0,0,,,2000,,,19.5,,,,
146,2022-10-20 18:00,17.2,,1.3,320,39,7.6,3.1,1018.6,1025.8,.6,.13,,,0,0,,,2000,,,16.2,,,,
146,2022-10-20 19:00,15,,1.4,270,66,11.2,8.6,1019.1,1026.4,,,,,0,0,,,1908,,,14.6,,,,
146,2022-10-20 20:00,14.1,,1.1,230,73,11.7,9.3,1019.7,1027,,,,,6,6,,65,1299,,,14,,,,
146,2022-10-20 21:00,12.7,,1.1,140,66,9.7,6.5,1019.6,1026.9,,,,,3,0,Ci,,2000,,,13.5,,,,
146,2022-10-20 22:00,11.9,,1.3,140,68,9.4,6.1,1019.6,1027,,,,,7,7,,64,2000,,,12.6,,,,
146,2022-10-20 23:00,11.5,,1.1,140,68,9.2,5.7,1019.5,1026.9,,,,,9,9,,65,2000,,,12.1,,,,
146,2022-10-21 00:00,10.6,,1.7,140,73,9.3,5.9,1019.2,1026.6,,,,,6,0,Ci,,2000,,,11.6,,,,
146,2022-10-21 01:00,10.1,,1.2,140,73,9,5.4,1019.1,1026.5,,,,,7,7,,65,2000,,,11.2,,,,
146,2022-10-21 02:00,10,,1.7,140,72,8.8,5.1,1019.4,1026.8,,,,,7,7,,66,1967,,,10.8,,,,
146,2022-10-21 03:00,9.8,,1.1,160,77,9.3,5.9,1019.2,1026.6,,,,,6,6,Ac,45,2000,,,10.2,,,,
146,2022-10-21 04:00,9.1,,1.8,140,75,8.6,4.8,1018.9,1026.3,,,,,4,4,Ac,45,769,,40,10,,,,
146,2022-10-21 05:00,9.1,,1.8,140,73,8.4,4.5,1018.8,1026.2,,,,,5,5,Ac,45,476,,40,9.4,,,,
146,2022-10-21 06:00,9.1,,2.1,140,73,8.4,4.5,1019,1026.4,,,,,1,0,Ci,,494,,40,9,,,,
146,2022-10-21 07:00,9.1,,1.5,140,73,8.4,4.5,1018.8,1026.2,0,0,,,1,0,Ci,,368,,40,8.8,,,,
146,2022-10-21 08:00,10.8,,1.1,110,67,8.7,4.9,1019.1,1026.5,.8,.31,,,3,1,ScCi,10,225,,40,9.4,,,,
146,2022-10-21 09:00,13.9,,.9,140,59,9.3,6,1019.1,1026.4,.8,.9,,,6,4,AcCi,40,1835,,40,12.8,,,,
146,2022-10-21 10:00,16.9,,1.1,140,54,10.4,7.5,1018.9,1026.1,.9,1.6,,,6,5,ScCi,10,2000,,,16.9,,,,
146,2022-10-21 11:00,18.1,,.8,140,45,9.3,5.9,1018.7,1025.8,.5,1.72,,,8,7,ScCi,10,2000,,,19.5,,,,
146,2022-10-21 12:00,18.6,,1.5,230,34,7.3,2.4,1018.3,1025.4,.2,1.45,,,9,8,ScCi,10,2000,,,19.5,,,,
146,2022-10-21 13:00,18.9,,1.2,230,35,7.6,3,1017.7,1024.8,0,1.06,,,9,8,ScCi,10,2000,,,19.4,,,,
146,2022-10-21 14:00,19,,1.3,230,36,7.8,3.5,1017.1,1024.2,0,.84,,,9,8,ScCi,10,2000,,,19,,,,
146,2022-10-21 15:00,19.1,,1.6,250,44,9.7,6.5,1016.7,1023.8,.1,.78,,,9,7,ScCi,10,2000,,,18.8,,,,
146,2022-10-21 16:00,18.3,,1.7,230,52,10.9,8.2,1016.7,1023.8,0,.61,,,9,4,ScCi,8,2000,,,18.2,,,,
146,2022-10-21 17:00,17.8,,.5,230,55,11.2,8.6,1016.2,1023.3,0,.24,,,10,2,ScAs,8,2000,,,17.3,,,,
146,2022-10-21 18:00,17.4,,.3,0,58,11.5,9,1016.1,1023.3,0,.05,,,10,1,ScAs,8,2000,,,16.4,,,,
146,2022-10-21 19:00,15.7,,.8,50,69,12.3,10,1016.4,1023.6,,,,,10,4,,51,2000,,,15.8,,,,
146,2022-10-21 20:00,16,,.5,90,67,12.1,9.8,1016.7,1023.9,,,,,10,9,,52,2000,,,15.3,,,,
146,2022-10-21 21:00,15.2,,1.1,110,74,12.7,10.5,1016.3,1023.6,,,,,9,9,Ac,45,2000,,,14.9,,,,
146,2022-10-21 22:00,14.8,,.7,140,76,12.8,10.6,1016.1,1023.3,,,,,10,5,,34,2000,,,14.7,,,,
146,2022-10-21 23:00,14.7,,.9,110,77,12.9,10.7,1016.6,1023.8,,,,,10,5,,33,2000,,,14.6,,,,
146,2022-10-22 00:00,13.7,,.9,360,82,12.8,10.6,1016,1023.3,,,,,9,9,Ac,45,2000,,,14.5,,,,
146,2022-10-22 01:00,14.3,,.6,160,79,12.8,10.6,1016.2,1023.4,,,,,10,8,,11,2000,,,14.7,,,,
146,2022-10-22 02:00,14,.1,.6,110,82,13,10.9,1016,1023.3,,,,,10,4,ScAs,10,2000,,01,14.4,,,,
146,2022-10-22 03:00,13.8,0,.8,140,86,13.5,11.4,1016.3,1023.6,,,,,10,4,ScAs,10,2000,,01,14.5,,,,
146,2022-10-22 04:00,13.7,,1,110,85,13.3,11.2,1015.6,1022.9,,,,,9,5,ScAc,10,2000,,,14.1,,,,
146,2022-10-22 05:00,13.7,,.5,140,85,13.3,11.2,1015.7,1023,,,,,9,5,ScAc,10,2000,,,14.2,,,,
146,2022-10-22 06:00,13.2,,.5,90,87,13.2,11.1,1015.6,1022.9,,,,,8,5,ScAc,10,2000,,,13.3,,,,
146,2022-10-22 07:00,12.9,,.8,140,87,12.9,10.7,1015.5,1022.8,0,.01,,,9,3,ScAc,10,2000,,,13.1,,,,
146,2022-10-22 08:00,13.6,,.7,140,85,13.2,11.1,1015.5,1022.8,.1,.23,,,7,7,Ac,50,2000,,,14,,,,
146,2022-10-22 09:00,15.2,,.3,0,74,12.7,10.5,1015.9,1023.1,.3,.51,,,2,2,Ac,50,2000,,,15,,,,
146,2022-10-22 10:00,17.9,,.6,20,66,13.5,11.4,1015.8,1022.9,1,1.64,,,0,0,,,2000,,,18.8,,,,
146,2022-10-22 11:00,18.9,,1.7,320,57,12.4,10.1,1015.1,1022.2,1,2.12,,,1,0,Ci,,2000,,,22.4,,,,
146,2022-10-22 12:00,19.7,,1.8,360,53,12.1,9.8,1014.3,1021.4,1,2.38,,,1,1,Sc,10,2000,,,25,,,,
146,2022-10-22 13:00,20.6,,1.9,290,45,10.9,8.2,1013.5,1020.6,1,2.44,,,0,0,,,2000,,,25.9,,,,
146,2022-10-22 14:00,20.9,,2,320,46,11.3,8.8,1012.7,1019.8,1,2.3,,,0,0,,,2000,,,26,,,,
146,2022-10-22 15:00,21.2,,.9,270,43,10.8,8.1,1012.4,1019.4,1,1.94,,,0,0,,,2000,,,25.8,,,,
146,2022-10-22 16:00,20.9,,1.2,320,45,11.1,8.5,1012.2,1019.3,1,1.33,,,0,0,,,2000,,,24.2,,,,
146,2022-10-22 17:00,20.3,,.9,290,47,11.2,8.6,1011.9,1019,1,.64,,,0,0,,,2000,,,21.4,,,,
146,2022-10-22 18:00,17.6,,2.1,270,64,12.9,10.7,1012.1,1019.2,.4,.1,,,0,0,,,2000,,,18.1,,,,
146,2022-10-22 19:00,16.2,,1.6,270,76,13.9,11.9,1012.8,1020,,,,,0,0,,,1594,,,16.7,,,,
146,2022-10-22 20:00,15.5,,1.5,270,80,14,12,1013.5,1020.7,,,,,0,0,,,1234,,,15.8,,,,
146,2022-10-22 21:00,14.8,,1.3,250,84,14.1,12.1,1013.7,1020.9,,,,,0,0,,,893,,19,15.1,,,,
146,2022-10-22 22:00,14.6,,1.1,270,86,14.2,12.2,1013.7,1020.9,,,,,8,0,,,804,,19,14.5,,,,
146,2022-10-22 23:00,14.4,,.9,230,85,13.9,11.9,1013.7,1020.9,,,,,6,5,,7,704,,19,14.2,,,,
146,2022-10-23 00:00,14,,.7,160,88,14,12,1013.1,1020.3,,,,,3,3,,,622,,19,13.8,,,,
146,2022-10-23 01:00,13.7,,0,0,89,13.9,11.9,1012.9,1020.1,,,,,7,5,,5,585,,19,13.6,,,,
146,2022-10-23 02:00,13.2,,1.2,140,89,13.5,11.4,1012.7,1020,,,,,7,6,,6,568,,19,13.8,,,,
146,2022-10-23 03:00,13.1,,1,110,88,13.2,11.1,1012,1019.3,,,,,6,4,ScAc,10,646,,19,13.6,,,,
146,2022-10-23 04:00,13.5,,.4,0,87,13.4,11.3,1011.6,1018.8,,,,,8,8,Sc,6,848,,19,14.3,,,,
146,2022-10-23 05:00,13.5,,.2,0,88,13.6,11.5,1011.6,1018.8,,,,,7,7,Sc,6,833,,19,14.1,,,,
146,2022-10-23 06:00,13,,.5,250,89,13.3,11.2,1011.8,1019.1,,,,,5,5,Sc,6,675,,19,14,,,,
146,2022-10-23 07:00,12.7,,1,360,92,13.5,11.4,1012.1,1019.4,0,0,,,0,0,,,301,,19,14.2,,,,
146,2022-10-23 08:00,13.2,,.5,340,92,13.9,11.9,1012.3,1019.6,0,.1,,,10,10,St,2,165,,19,14.6,,,,
146,2022-10-23 09:00,13.7,,.5,320,89,13.9,11.9,1012.9,1020.1,0,.32,,,10,10,St,2,213,,19,15.4,,,,
146,2022-10-23 10:00,15.5,,1.2,320,77,13.5,11.4,1012.9,1020.1,.7,1.24,,,3,3,Sc,10,532,,19,18.6,,,,
146,2022-10-23 11:00,16.4,,1.9,320,65,12,9.7,1012.6,1019.8,1,2.04,,,2,2,Sc,10,1012,,4019,21.7,,,,
146,2022-10-23 12:00,17.6,,2.2,290,57,11.4,8.9,1012.2,1019.3,1,2.21,,,3,3,Sc,10,1426,,,23.4,,,,
146,2022-10-23 13:00,18.1,,2.2,320,50,10.4,7.5,1011.3,1018.4,.9,2.04,,,4,4,Sc,14,1958,,,23.1,,,,
146,2022-10-23 14:00,19,,2.2,290,44,9.6,6.4,1010.5,1017.6,.8,1.81,,,4,4,Sc,15,2000,,,24.4,,,,
146,2022-10-23 15:00,18.7,,3,270,52,11.2,8.6,1010.3,1017.4,.8,1.61,,,4,4,Sc,15,2000,,,22.8,,,,
146,2022-10-23 16:00,17.8,,3.6,250,53,10.7,8,1010.3,1017.4,1,1.34,,,2,2,Sc,14,2000,,,21.3,,,,
146,2022-10-23 17:00,16.6,,2.8,270,52,9.7,6.6,1010.4,1017.6,1,.68,,,1,1,Sc,10,2000,,,18.5,,,,
146,2022-10-23 18:00,15.4,,2.5,320,50,8.7,5,1010.8,1018,.5,.11,,,0,0,,,2000,,,15.8,,,,
146,2022-10-23 19:00,13.6,,1.7,340,53,8.2,4.1,1012,1019.2,,,,,0,0,,,2000,,,14.2,,,,
146,2022-10-23 20:00,13.1,,.9,320,52,7.8,3.4,1012.7,1020,,,,,0,0,,,2000,,,13,,,,
146,2022-10-23 21:00,12.7,,.9,320,52,7.6,3,1013,1020.3,,,,,0,0,,,2000,,,12.2,,,,
146,2022-10-23 22:00,12.4,,.9,290,53,7.6,3,1013.5,1020.8,,,,,0,0,,,2000,,,11.4,,,,
146,2022-10-23 23:00,11.3,,.7,180,60,8,3.8,1014,1021.3,,,,,0,0,,,2000,,,10.8,,,,
146,2022-10-24 00:00,10.3,,.4,0,67,8.4,4.4,1013.8,1021.2,,,,,0,0,,,2000,,,10.2,,,,
146,2022-10-24 01:00,9.3,,.8,160,72,8.4,4.5,1013.5,1020.9,,,,,0,0,,,2000,,,9.6,,,,
146,2022-10-24 02:00,8.6,,.9,140,74,8.2,4.2,1013.4,1020.8,,,,,0,0,,,2000,,,9.2,,,,
146,2022-10-24 03:00,8.2,,1.2,110,75,8.1,4,1013.3,1020.7,,,,,5,5,Ac,35,2000,,,9.8,,,,
146,2022-10-24 04:00,7.7,,1.6,140,74,7.7,3.3,1013,1020.4,,,,,3,3,Sc,19,2000,,,9.2,,,,
146,2022-10-24 05:00,7.9,,1.7,140,73,7.7,3.3,1012.8,1020.2,,,,,7,7,Sc,9,2000,,,9.4,,,,
146,2022-10-24 06:00,8,,.7,160,74,7.9,3.6,1012.9,1020.3,,,,,3,3,Sc,9,2000,,,9,,,,
146,2022-10-24 07:00,6.9,,.5,70,78,7.7,3.3,1013.3,1020.8,0,0,,,2,2,Sc,10,2000,,,8.5,,,,
146,2022-10-24 08:00,9.2,,.7,110,70,8.1,4,1014,1021.4,.4,.26,,,0,0,,,2000,,,9,,,,
146,2022-10-24 09:00,11.2,,1.3,340,67,8.8,5.2,1014.9,1022.2,1,.96,,,5,5,Sc,10,2000,,,12.3,,,,
146,2022-10-24 10:00,12.9,,1.9,320,60,8.9,5.3,1014.8,1022.1,.9,1.48,,,2,2,Sc,10,1797,,,15.2,,,,
146,2022-10-24 11:00,13.8,,1.8,290,49,7.7,3.2,1014.4,1021.7,1,1.99,,,4,4,Sc,12,2000,,,17.8,,,,
146,2022-10-24 12:00,14.8,,2.6,290,41,6.9,1.6,1014.2,1021.4,.9,2.1,,,3,3,Sc,15,2000,,,19.7,,,,
146,2022-10-24 13:00,14.9,,3.9,340,36,6.1,0,1013.7,1020.9,1,2.43,,,2,2,Sc,10,2000,,,22,,,,
146,2022-10-24 14:00,15.1,,3.2,320,34,5.8,-.6,1013.2,1020.4,.9,2.21,,,1,1,Sc,10,2000,,,22.2,,,,
146,2022-10-24 15:00,15.5,,3.2,340,32,5.6,-1.1,1013.1,1020.3,1,1.8,,,1,1,Sc,10,2000,,,21.7,,,,
146,2022-10-24 16:00,14.7,,3,340,28,4.7,-3.6,1013.3,1020.5,1,1.31,,,0,0,,,2000,,,19.7,,,,
146,2022-10-24 17:00,13.5,,3.6,340,32,4.9,-2.9,1013.6,1020.9,1,.71,,,0,0,,,2000,,,16.4,,,,
146,2022-10-24 18:00,11.3,,2.6,320,42,5.6,-1.1,1014.3,1021.6,.5,.11,,,0,0,,,2000,,,13.2,,,,
146,2022-10-24 19:00,10.1,,2.8,340,46,5.7,-1,1015.4,1022.8,,,,,0,0,,,2000,,,11.5,,,,
146,2022-10-24 20:00,9.5,,1.4,290,48,5.7,-.9,1015.9,1023.3,,,,,0,0,,,2000,,,10.4,,,,
146,2022-10-24 21:00,8.8,,1.2,340,51,5.8,-.8,1016.3,1023.7,,,,,0,0,,,2000,,,9.6,,,,
146,2022-10-24 22:00,8.9,,.5,110,53,6.1,-.1,1016.7,1024.1,,,,,0,0,,,2000,,,9.1,,,,
146,2022-10-24 23:00,8.1,,.3,0,56,6.1,-.1,1017.3,1024.7,,,,,0,0,,,2000,,,8.5,,,,
146,2022-10-25 00:00,6.8,,1.4,110,66,6.5,.8,1017.4,1024.9,,,,,0,0,,,2000,,,8,,,,
146,2022-10-25 01:00,6,,1,110,68,6.3,.5,1017.6,1025.1,,,,,0,0,,,2000,,,7.6,,,,
146,2022-10-25 02:00,6.2,,.9,90,69,6.5,.9,1018.3,1025.8,,,,,0,0,,,2000,,,7.2,,,,
146,2022-10-25 03:00,5,,1.3,140,73,6.3,.5,1018.6,1026.2,,,,,0,0,,,2000,,,6.8,,,,
146,2022-10-25 04:00,4.6,,.9,160,74,6.2,.3,1018.5,1026,,,,,0,0,,,2000,,,6.4,,,,
146,2022-10-25 05:00,4.5,,1.2,110,76,6.4,.6,1019.2,1026.8,,,,,0,0,,,2000,,,6.1,,,,
146,2022-10-25 06:00,4.1,,1.4,110,75,6.1,0,1019.7,1027.3,,,,,0,0,,,2000,,,5.8,,,,
146,2022-10-25 07:00,3.5,,1.4,90,79,6.2,.1,1020.4,1028,0,0,,,0,0,,,2000,,,5.5,,,,
146,2022-10-25 08:00,5.6,,1.3,140,70,6.3,.5,1021.3,1028.9,.6,.32,,,0,0,,,2000,,,6.1,,,,
146,2022-10-25 09:00,8.2,,.8,200,59,6.4,.6,1022,1029.5,1,1.01,,,0,0,,,2000,,,9.1,,,,
146,2022-10-25 10:00,10.4,,1.1,340,49,6.2,.1,1021.9,1029.3,1,1.63,,,0,0,,,2000,,,13,,,,
146,2022-10-25 11:00,13.5,,1.4,50,43,6.6,1.1,1021.3,1028.6,1,2.13,,,0,0,,,2000,,,17.6,,,,
146,2022-10-25 12:00,14.9,,2.3,340,41,6.9,1.7,1020.5,1027.8,1,2.4,,,0,0,,,2000,,,20.6,,,,
146,2022-10-25 13:00,15.8,,1,320,37,6.6,1.1,1019.6,1026.8,1,2.47,,,0,0,,,2000,,,22.9,,,,
146,2022-10-25 14:00,17.1,,1.8,290,35,6.8,1.4,1019,1026.2,1,2.28,,,0,0,,,2000,,,23.4,,,,
146,2022-10-25 15:00,17.3,,1.4,360,32,6.3,.4,1018.6,1025.8,1,1.88,,,0,0,,,2000,,,23.3,,,,
146,2022-10-25 16:00,17,,1.8,360,34,6.6,1,1018.5,1025.7,1,1.29,,,0,0,,,2000,,,21.5,,,,
146,2022-10-25 17:00,16.3,,1.9,340,38,7,1.9,1018.9,1026.1,1,.64,,,0,0,,,2000,,,18.3,,,,
146,2022-10-25 18:00,14.7,,1.2,320,44,7.3,2.5,1018.9,1026.2,.5,.09,,,0,0,,,2000,,,15,,,,
146,2022-10-25 19:00,13.5,,1.6,110,49,7.5,2.9,1019.7,1027,,,,,0,0,,,2000,,,13.3,,,,
146,2022-10-25 20:00,12.3,,.9,140,53,7.5,2.9,1020.3,1027.6,,,,,0,0,,,2000,,,12.1,,,,
146,2022-10-25 21:00,11.6,,1.2,110,58,7.9,3.6,1020.7,1028.1,,,,,0,0,,,2000,,,11.2,,,,
146,2022-10-25 22:00,10,,1.4,110,63,7.7,3.2,1020.9,1028.3,,,,,0,0,,,2000,,,10.4,,,,
146,2022-10-25 23:00,9.3,,1.6,110,66,7.7,3.2,1021.2,1028.6,,,,,2,0,,,2000,,,9.7,,,,
146,2022-10-26 00:00,8.4,,1.5,140,68,7.5,2.8,1021.3,1028.8,,,,,0,0,,,2000,,,9.1,,,,
146,2022-10-26 01:00,8.2,,1.6,140,69,7.5,2.8,1021.2,1028.7,,,,,1,0,,,2000,,,8.6,,,,
146,2022-10-26 02:00,8,,1.1,140,69,7.4,2.6,1021.3,1028.8,,,,,1,0,,,2000,,,8.2,,,,
146,2022-10-26 03:00,7.8,,1.2,140,69,7.3,2.4,1021.3,1028.8,,,,,0,0,,,2000,,,7.8,,,,
146,2022-10-26 04:00,7.2,,1.4,140,72,7.3,2.4,1021.3,1028.8,,,,,0,0,,,2000,,,7.5,,,,
146,2022-10-26 05:00,7.2,,1.3,140,72,7.3,2.4,1021.2,1028.7,,,,,0,0,,,2000,,,7.2,,,,
146,2022-10-26 06:00,7.1,,1.5,140,72,7.2,2.3,1021.2,1028.7,,,,,0,0,,,2000,,,7,,,,
146,2022-10-26 07:00,7.3,,1.2,110,71,7.3,2.4,1021.2,1028.7,0,0,,,0,0,,,2000,,,6.8,,,,
146,2022-10-26 08:00,9.6,,1,140,63,7.5,2.9,1021.7,1029.1,.6,.31,,,2,0,Ci,,2000,,,7.4,,,,
146,2022-10-26 09:00,12.5,,.7,110,53,7.6,3.1,1021.9,1029.2,1,1.02,,,3,0,Ci,,2000,,,10.8,,,,
146,2022-10-26 10:00,15.2,,.5,290,45,7.7,3.3,1021.6,1028.9,1,1.61,,,4,0,Ci,,2000,,,14.8,,,,
146,2022-10-26 11:00,17,,1.1,70,41,7.9,3.6,1020.9,1028.1,1,2.16,,,5,0,Ci,,1942,,,19.2,,,,
146,2022-10-26 12:00,18.3,,1,270,37,7.7,3.3,1020.5,1027.7,1,2.33,,,7,0,Ci,,2000,,,21.8,,,,
146,2022-10-26 13:00,18.5,,1.7,250,34,7.2,2.3,1019.7,1026.8,1,2.35,,,7,0,Cs,,2000,,,23.5,,,,
146,2022-10-26 14:00,19,,1.2,360,33,7.2,2.3,1019,1026.1,1,2.05,,,7,0,Cs,,2000,,,23.9,,,,
146,2022-10-26 15:00,18.5,,1.4,340,34,7.2,2.3,1018.6,1025.7,.3,1.11,,,9,0,Ci,,2000,,,21.3,,,,
146,2022-10-26 16:00,17.9,,1.4,340,39,8,3.7,1018.4,1025.6,.1,.77,,,8,0,Ci,,2000,,,19.7,,,,
146,2022-10-26 17:00,16.6,,1.9,340,41,7.7,3.2,1018.4,1025.6,0,.34,,,7,0,Ci,,2000,,,17.5,,,,
146,2022-10-26 18:00,15.6,,1.2,340,43,7.6,3,1018.2,1025.4,0,.04,,,8,0,Ci,,2000,,,15.6,,,,
146,2022-10-26 19:00,14.7,,1.4,340,48,8,3.7,1018.5,1025.7,,,,,8,8,,58,2000,,,14.2,,,,
146,2022-10-26 20:00,14,,1.1,50,53,8.4,4.5,1018.6,1025.9,,,,,7,7,,60,2000,,,13.5,,,,
146,2022-10-26 21:00,13.4,,.8,140,59,9,5.5,1018.5,1025.8,,,,,9,0,Ci,,2000,,,13,,,,
146,2022-10-26 22:00,12.8,,.8,110,61,9,5.4,1018.7,1026,,,,,9,9,,54,2000,,,12.5,,,,
146,2022-10-26 23:00,12.3,,.4,0,61,8.7,4.9,1019.4,1026.7,,,,,7,7,,56,2000,,,12.2,,,,
146,2022-10-27 00:00,11.6,,1.2,110,67,9.1,5.6,1018.7,1026.1,,,,,8,0,,,2000,,,11.8,,,,
146,2022-10-27 01:00,11.3,,.6,110,69,9.2,5.8,1018.9,1026.3,,,,,9,9,,51,2000,,,11.7,,,,
146,2022-10-27 02:00,10.9,,1.3,140,70,9.1,5.6,1018.7,1026.1,,,,,10,10,,48,2000,,,11.6,,,,
146,2022-10-27 03:00,10.8,,.7,140,70,9,5.5,1018.5,1025.9,,,,,8,2,AcCi,40,2000,,,11.1,,,,
146,2022-10-27 04:00,9.8,,1,140,74,8.9,5.3,1018.2,1025.6,,,,,7,2,AcCi,40,2000,,,10.6,,,,
146,2022-10-27 05:00,10.1,,.7,110,74,9.1,5.6,1018.1,1025.5,,,,,7,0,Ci,,2000,,,10.3,,,,
146,2022-10-27 06:00,9.7,,.7,110,75,9,5.4,1018.7,1026.1,,,,,4,4,Ac,40,2000,,,9.4,,,,
146,2022-10-27 07:00,8.6,,1.1,110,79,8.8,5.2,1018.8,1026.2,0,0,,,2,2,Ac,40,2000,,,8.8,,,,
146,2022-10-27 08:00,10.3,,1,110,71,8.9,5.3,1019.1,1026.5,.6,.27,,,0,0,,,2000,,,9.3,,,,
146,2022-10-27 09:00,12.6,,.6,110,61,8.8,5.2,1019.3,1026.6,1,.93,,,0,0,,,2000,,,12.1,,,,
146,2022-10-27 10:00,14.2,,1.5,340,55,8.8,5.2,1019.5,1026.8,1,1.5,,,0,0,,,2000,,,15.4,,,,
146,2022-10-27 11:00,16.7,,1.2,360,45,8.5,4.7,1018.9,1026.1,1,1.98,,,0,0,,,2000,,,19.2,,,,
146,2022-10-27 12:00,17.9,,1.6,320,41,8.4,4.4,1018.3,1025.5,1,2.19,,,0,0,,,1999,,,21.8,,,,
146,2022-10-27 13:00,19.9,,1.4,340,35,8.1,3.9,1017.5,1024.6,1,2.3,,,0,0,,,1783,,,24.1,,,,
146,2022-10-27 14:00,20.3,,2.8,340,34,8.1,3.9,1016.6,1023.7,1,2.13,,,0,0,,,2000,,,24.5,,,,
146,2022-10-27 15:00,20.6,,2.7,320,37,8.9,5.3,1016.3,1023.4,1,1.75,,,0,0,,,2000,,,23.9,,,,
146,2022-10-27 16:00,19.8,,3.4,340,39,9,5.4,1016.5,1023.6,1,1.19,,,0,0,,,2000,,,21.9,,,,
146,2022-10-27 17:00,18.9,,3.2,340,41,8.9,5.3,1016.8,1023.9,1,.56,,,0,0,,,2000,,,18.8,,,,
146,2022-10-27 18:00,16,,1.6,270,64,11.6,9.1,1017.3,1024.5,.3,.07,,,0,0,,,1913,,,16.2,,,,
146,2022-10-27 19:00,15.5,,.9,230,66,11.6,9.1,1017.9,1025.2,,,,,0,0,,,1636,,,14.8,,,,
146,2022-10-27 20:00,14.9,,1.1,270,68,11.5,9,1018.3,1025.6,,,,,0,0,,,1668,,,13.9,,,,
146,2022-10-27 21:00,14.2,,.7,160,71,11.5,9,1018.5,1025.8,,,,,0,0,,,1399,,,13,,,,
146,2022-10-27 22:00,12.9,,.1,0,75,11.1,8.5,1019,1026.3,,,,,0,0,,,1309,,,12.3,,,,
146,2022-10-27 23:00,11.8,,.3,0,80,11,8.4,1019.1,1026.5,,,,,2,0,,,777,,19,11.6,,,,
146,2022-10-28 00:00,11.8,,.5,200,79,10.9,8.2,1019.1,1026.5,,,,,0,0,,,1138,,19,11,,,,
146,2022-10-28 01:00,10.5,,1,110,83,10.5,7.7,1018.9,1026.3,,,,,0,0,,,1006,,,10.5,,,,
146,2022-10-28 02:00,10.1,,.8,140,84,10.4,7.5,1018.7,1026.1,,,,,4,0,,,871,,19,10.1,,,,
146,2022-10-28 03:00,9.4,,1.4,110,85,9.9,6.9,1018.6,1026,,,,,8,8,St,5,735,,19,9.6,,,,
146,2022-10-28 04:00,9.1,,.9,110,86,9.9,6.8,1018.4,1025.8,,,,,8,8,St,5,674,,19,9.2,,,,
146,2022-10-28 05:00,8.6,,1.2,110,87,9.7,6.5,1018.4,1025.8,,,,,9,9,St,5,533,,19,8.9,,,,
146,2022-10-28 06:00,8.1,,1.1,110,87,9.3,6,1018.9,1026.4,,,,,0,0,,,439,,19,8.6,,,,
146,2022-10-28 07:00,8.3,,.4,0,88,9.6,6.4,1019.1,1026.5,0,0,,,10,10,St,5,400,,19,8.4,,,,
146,2022-10-28 08:00,9,,1,140,87,9.9,6.9,1019.5,1026.9,.2,.2,,,0,0,,,200,,19,9.6,,,,
146,2022-10-28 09:00,11.2,,.7,180,75,9.9,6.9,1019.7,1027.1,1,.81,,,0,0,,,733,,19,12,,,,
146,2022-10-28 10:00,13.1,,.6,290,73,10.9,8.3,1019.7,1027,1,1.43,,,0,0,,,715,,19,15.5,,,,
146,2022-10-28 11:00,15.2,,1.4,340,65,11.2,8.6,1019.4,1026.7,1,1.93,,,0,0,,,922,,4019,19.2,,,,
146,2022-10-28 12:00,16.8,,1,320,56,10.6,7.9,1019,1026.2,1,2.25,,,0,0,,,1279,,40,22.2,,,,
146,2022-10-28 13:00,18,,1.6,250,53,10.9,8.2,1018.2,1025.3,1,2.28,,,0,0,,,995,,,23.8,,,,
146,2022-10-28 14:00,19.2,,1.8,250,46,10.2,7.2,1017.5,1024.6,1,2.13,,,0,0,,,1239,,,24.2,,,,
146,2022-10-28 15:00,19.7,,1.9,250,44,10,7,1017.2,1024.3,1,1.76,,,0,0,,,1297,,,23.5,,,,
146,2022-10-28 16:00,19.7,,1.5,270,42,9.6,6.4,1017.1,1024.2,1,1.21,,,0,0,,,1486,,,21.8,,,,
146,2022-10-28 17:00,18.5,,1.3,270,46,9.7,6.6,1016.9,1024,1,.57,,,0,0,,,2000,,,18.9,,,,
146,2022-10-28 18:00,16.2,,2,270,64,11.7,9.3,1017.1,1024.3,.2,.07,,,0,0,,,1133,,,16.2,,,,
146,2022-10-28 19:00,14.7,,1.1,290,69,11.5,9,1017.7,1024.9,,,,,0,0,,,958,,40,14.7,,,,
146,2022-10-28 20:00,13.5,,1.1,250,72,11.1,8.5,1018,1025.3,,,,,0,0,,,749,,40,13.7,,,,
146,2022-10-28 21:00,13.4,,1.8,230,76,11.6,9.2,1018.6,1025.9,,,,,0,0,,,717,,40,13,,,,
146,2022-10-28 22:00,12.5,,1.1,110,77,11.1,8.5,1019.1,1026.4,,,,,0,0,,,694,,40,12.3,,,,
146,2022-10-28 23:00,11.6,,1.1,110,80,10.9,8.2,1019.4,1026.8,,,,,0,0,,,631,,4019,11.7,,,,
146,2022-10-29 00:00,11.2,,.9,110,80,10.6,7.8,1019.3,1026.7,,,,,0,0,,,604,,19,11.2,,,,
146,2022-10-29 01:00,10.4,,1.5,140,83,10.4,7.6,1019,1026.4,,,,,4,0,,,500,,19,10.7,,,,
146,2022-10-29 02:00,10,,1.3,140,83,10.2,7.2,1019.1,1026.5,,,,,0,0,,,488,,19,10.3,,,,
146,2022-10-29 03:00,9.9,,1,110,82,9.9,6.9,1019.1,1026.5,,,,,0,0,,,568,,19,9.8,,,,
146,2022-10-29 04:00,9.6,,.6,70,83,9.9,6.8,1018.9,1026.3,,,,,0,0,,,572,,19,9.5,,,,
146,2022-10-29 05:00,9.6,,1.3,110,81,9.6,6.4,1018.8,1026.2,,,,,0,0,,,678,,19,9.1,,,,
146,2022-10-29 06:00,10.2,,1.5,110,80,9.9,6.8,1018.9,1026.3,,,,,0,0,,,1074,,19,8.9,,,,
146,2022-10-29 07:00,9.8,,1.1,110,81,9.7,6.6,1019.2,1026.6,0,0,,,0,0,,,1015,,,8.8,,,,
146,2022-10-29 08:00,11.2,,1,110,77,10.2,7.3,1019.6,1027,.5,.22,,,0,0,,,1295,,,9.7,,,,
146,2022-10-29 09:00,13.6,,.3,0,65,10.1,7.1,1020,1027.3,1,.78,,,0,0,,,1443,,,12.5,,,,
146,2022-10-29 10:00,16.6,,.4,0,56,10.5,7.7,1020,1027.2,1,1.39,,,3,0,Ci,,1859,,,16.3,,,,
146,2022-10-29 11:00,18.1,,.3,0,51,10.5,7.7,1019.5,1026.7,1,1.88,,,3,0,Ci,,1956,,,20.1,,,,
146,2022-10-29 12:00,19.9,,1.1,320,45,10.4,7.6,1019,1026.1,1,2.23,,,5,0,Ci,,1987,,,23.3,,,,
146,2022-10-29 13:00,19.7,,.8,360,46,10.5,7.7,1018.2,1025.3,1,2.1,,,5,0,Ci,,1836,,,23.4,,,,
146,2022-10-29 14:00,20.2,,1.7,360,41,9.7,6.5,1017.6,1024.7,.7,1.43,,,7,0,Ci,,1933,,,23.3,,,,
146,2022-10-29 15:00,20.1,,1.6,360,37,8.7,4.9,1017.2,1024.3,1,1.58,,,8,0,Ci,,2000,,,23.1,,,,
146,2022-10-29 16:00,19.3,,1.3,290,40,8.9,5.3,1017.1,1024.2,.6,.73,,,7,0,Ci,,1999,,,20.2,,,,
146,2022-10-29 17:00,18.7,,1.3,320,42,9,5.5,1017.3,1024.4,.2,.41,,,8,0,Ci,,2000,,,18.4,,,,
146,2022-10-29 18:00,17,,1.8,270,59,11.4,8.9,1017.3,1024.5,0,.05,,,7,0,Ci,,1104,,,16.2,,,,
146,2022-10-29 19:00,16.1,,.7,270,65,11.9,9.5,1017.8,1025,,,,,8,8,,64,980,,19,15.3,,,,
146,2022-10-29 20:00,15.1,,.8,250,68,11.6,9.2,1018.2,1025.5,,,,,5,3,,72,991,,19,14.2,,,,
146,2022-10-29 21:00,14.6,,.7,140,71,11.7,9.3,1018,1025.2,,,,,7,0,Ci,,820,,19,13.7,,,,
146,2022-10-29 22:00,13.2,,1.2,140,73,11,8.4,1018.3,1025.6,,,,,6,6,,59,972,,19,12.8,,,,
146,2022-10-29 23:00,12.5,,1.2,110,75,10.8,8.1,1018.4,1025.7,,,,,1,0,,,977,,19,12.1,,,,
146,2022-10-30 00:00,11.6,,1.7,140,78,10.6,7.8,1018.3,1025.7,,,,,0,0,,,914,,19,11.6,,,,
146,2022-10-30 01:00,11.7,,.7,140,78,10.6,7.9,1018.4,1025.8,,,,,4,4,,18,805,,19,11.5,,,,
146,2022-10-30 02:00,11.1,,1.1,140,79,10.4,7.5,1018.4,1025.8,,,,,0,0,,,755,,19,10.9,,,,
146,2022-10-30 03:00,10.5,,1.2,110,80,10.1,7.1,1018.2,1025.6,,,,,0,0,,,783,,19,10.4,,,,
146,2022-10-30 04:00,10.5,,1.1,110,80,10.1,7.1,1018.2,1025.6,,,,,0,0,,,865,,19,10.1,,,,
146,2022-10-30 05:00,9.7,,.7,110,81,9.7,6.5,1018.4,1025.8,,,,,3,3,Sc,15,946,,19,9.8,,,,
146,2022-10-30 06:00,9.7,,.6,90,82,9.8,6.7,1018.5,1025.9,,,,,0,0,,,916,,19,9.6,,,,
146,2022-10-30 07:00,9.4,,1.4,140,83,9.7,6.6,1018.6,1026,0,0,,,0,0,,,1005,,19,9.3,,,,
146,2022-10-30 08:00,11.1,,.7,110,76,10,7,1019,1026.4,.4,.23,,,0,0,,,1383,,,10.2,,,,
146,2022-10-30 09:00,13.3,,.8,90,69,10.5,7.7,1019.2,1026.5,1,.81,,,0,0,,,1752,,,12.7,,,,
146,2022-10-30 10:00,15.7,,.4,0,60,10.6,7.9,1018.8,1026,1,1.41,,,0,0,,,1993,,,16.3,,,,
146,2022-10-30 11:00,17.8,,.5,290,54,10.9,8.3,1018.2,1025.4,1,1.91,,,0,0,,,1890,,,20.1,,,,
146,2022-10-30 12:00,19,,1.4,340,49,10.7,8,1017.5,1024.6,1,2.21,,,0,0,,,1925,,,22.9,,,,
146,2022-10-30 13:00,20.3,,1.6,340,45,10.6,7.9,1016.9,1024,1,2.28,,,0,0,,,2000,,,25.1,,,,
146,2022-10-30 14:00,21,,.6,270,41,10.2,7.2,1016.3,1023.4,1,2.09,,,1,1,Sc,10,2000,,,25.4,,,,
146,2022-10-30 15:00,20.6,,1.4,340,43,10.4,7.5,1016,1023.1,1,1.72,,,0,0,,,2000,,,24.8,,,,
146,2022-10-30 16:00,20.4,,1.5,320,41,9.7,6.6,1015.9,1023,1,1.12,,,0,0,,,2000,,,23,,,,
146,2022-10-30 17:00,19.3,,1.4,320,42,9.3,6,1016,1023.1,1,.5,,,1,1,Sc,10,2000,,,19.7,,,,
146,2022-10-30 18:00,18.2,,1.3,290,47,9.7,6.6,1016.2,1023.3,.2,.06,,,2,2,Sc,10,2000,,,17,,,,
146,2022-10-30 19:00,16.8,,1.4,340,51,9.7,6.5,1016.6,1023.8,,,,,4,2,,20,2000,,,15.7,,,,
146,2022-10-30 20:00,15.9,,.8,160,58,10.4,7.6,1016.8,1024,,,,,5,5,,19,2000,,,14.9,,,,
146,2022-10-30 21:00,15.2,,.7,160,61,10.5,7.7,1017.1,1024.4,,,,,6,6,Sc,19,2000,,,14.4,,,,
146,2022-10-30 22:00,14.5,,.6,200,64,10.5,7.7,1017.6,1024.8,,,,,6,1,,19,1972,,,13.3,,,,
146,2022-10-30 23:00,14,,0,0,64,10.2,7.2,1018,1025.3,,,,,4,2,,19,1947,,,13.2,,,,
146,2022-10-31 00:00,14.2,,.9,90,65,10.5,7.7,1017.9,1025.2,,,,,4,4,,,2000,,,12.9,,,,
146,2022-10-31 01:00,13.5,,1.4,110,68,10.5,7.7,1017.7,1025,,,,,4,4,,19,2000,,,12.4,,,,
146,2022-10-31 02:00,12.9,,1.3,140,71,10.5,7.7,1017.8,1025.1,,,,,3,2,,11,2000,,,12,,,,
146,2022-10-31 03:00,12.6,,1.2,110,73,10.6,7.8,1017.8,1025.1,,,,,5,5,Sc,11,2000,,,12.3,,,,
146,2022-10-31 04:00,12.2,,1.3,110,73,10.3,7.4,1017.7,1025,,,,,5,0,Ci,,2000,,,11.5,,,,
146,2022-10-31 05:00,11.8,,.8,110,74,10.2,7.3,1017.7,1025,,,,,6,0,Ci,,2000,,,10.9,,,,
146,2022-10-31 06:00,11.3,,1.3,110,74,9.9,6.8,1017.9,1025.3,,,,,8,0,Ci,,2000,,,10.7,,,,
146,2022-10-31 07:00,11.5,,1.1,110,72,9.7,6.6,1018.1,1025.5,0,0,,,8,0,Ci,,2000,,,11.2,,,,
146,2022-10-31 08:00,12,,.6,110,70,9.7,6.6,1018.1,1025.4,0,.16,,,7,3,ScCi,10,2000,,,12,,,,
146,2022-10-31 09:00,13.7,,.4,0,64,10,7,1018.2,1025.5,.3,.45,,,5,1,ScCi,10,2000,,,13.1,,,,
146,2022-10-31 10:00,16.9,,.7,90,52,9.9,6.9,1017.8,1025,.8,1.64,,,8,8,Ac,45,2000,,,17.6,,,,
146,2022-10-31 11:00,18.4,,1.4,340,49,10.3,7.4,1017.5,1024.6,.9,1.84,,,1,1,Ac,45,2000,,,20.8,,,,
146,2022-10-31 12:00,18.2,,1.6,290,47,9.7,6.6,1017.1,1024.2,1,2.21,,,0,0,,,2000,,,23.2,,,,
146,2022-10-31 13:00,19.2,,1.6,290,43,9.5,6.3,1016,1023.1,1,2.27,,,0,0,,,2000,,,25,,,,
146,2022-10-31 14:00,19.4,,1.7,290,41,9.2,5.7,1015.2,1022.3,1,2.1,,,0,0,,,2000,,,25.3,,,,
146,2022-10-31 15:00,19.9,,1.9,290,41,9.5,6.2,1015.1,1022.2,1,1.63,,,0,0,,,2000,,,24.5,,,,
146,2022-10-31 16:00,19.6,,2.1,320,44,10,7,1015,1022.1,1,1.1,,,2,0,Ci,,2000,,,22.6,,,,
146,2022-10-31 17:00,17.5,,3,290,59,11.7,9.3,1015.2,1022.3,1,.5,,,0,0,,,2000,,,19.3,,,,
146,2022-10-31 18:00,15.8,,1.7,270,66,11.8,9.4,1015.6,1022.8,.3,.05,,,0,0,,,2000,,,16.7,,,,
146,2022-10-31 19:00,14.9,,1.4,230,73,12.3,10,1016.1,1023.4,,,,,0,0,,,1568,,,15.4,,,,
146,2022-10-31 20:00,14.6,,.8,200,74,12.3,10,1015.9,1023.1,,,,,0,0,,,1342,,,14.4,,,,
146,2022-10-31 21:00,13.8,,.2,0,74,11.6,9.2,1016,1023.3,,,,,0,0,,,1333,,,13.6,,,,
146,2022-10-31 22:00,13.4,,.7,200,74,11.3,8.8,1016.2,1023.5,,,,,0,0,,,1588,,,12.9,,,,
146,2022-10-31 23:00,12.2,,1.5,140,79,11.2,8.6,1016.5,1023.8,,,,,0,0,,,1420,,,12.4,,,,
146,2022-11-01 00:00,11.7,,1.2,110,81,11.1,8.5,1016.2,1023.5,,,,,0,0,,,1039,,,11.9,,,,
146,2022-11-01 01:00,11.4,,.6,140,81,10.9,8.2,1016.2,1023.5,,,,,0,0,,,1067,,,11.3,,,,
146,2022-11-01 02:00,10.9,,1.1,110,82,10.6,7.9,1016.3,1023.7,,,,,4,4,,3,897,,19,11.1,,,,
146,2022-11-01 03:00,10.5,,1.1,140,84,10.6,7.9,1015.9,1023.3,,,,,0,0,,,527,,19,10.8,,,,
146,2022-11-01 04:00,10.3,,.8,110,84,10.5,7.7,1015.5,1022.9,,,,,0,0,,,609,,19,10.4,,,,
146,2022-11-01 05:00,10.1,,1.2,110,86,10.6,7.8,1015.5,1022.9,,,,,0,0,,,412,,19,10.1,,,,
146,2022-11-01 06:00,9.7,,.6,70,88,10.6,7.8,1015.7,1023.1,,,,,0,0,,,489,,19,11,,,,
146,2022-11-01 07:00,10.6,,.8,110,86,10.9,8.3,1015.6,1023,0,0,,,0,0,,,148,,19,11.4,,,,
146,2022-11-01 08:00,11.8,,.3,0,81,11.2,8.6,1015.9,1023.2,0,.19,,,6,0,Ci,,247,,19,12.1,,,,
146,2022-11-01 09:00,13.6,,.6,90,75,11.6,9.2,1016.2,1023.5,1,.77,,,0,0,,,153,,19,13.9,,,,
146,2022-11-01 10:00,14.5,,1.1,320,75,12.4,10.1,1016.1,1023.3,1,1.4,,,6,6,Sc,8,596,,19,17.2,,,,
146,2022-11-01 11:00,15.5,,2.3,290,70,12.3,10,1015.8,1023,.9,1.76,,,0,0,,,692,,19,19.7,,,,
146,2022-11-01 12:00,17.4,,.9,320,58,11.5,9,1014.9,1022,1,2.1,,,0,0,,,813,,4019,22.5,,,,
146,2022-11-01 13:00,18.7,,1.2,290,54,11.6,9.1,1013.9,1021,1,2.13,,,0,0,,,1106,,40,24.3,,,,
146,2022-11-01 14:00,18.8,,2.7,290,55,11.9,9.5,1013.5,1020.6,1,1.83,,,0,0,,,962,,40,23.6,,,,
146,2022-11-01 15:00,18.9,,2.7,320,56,12.2,9.9,1013.6,1020.7,.9,1.43,,,4,4,Sc,10,920,,40,22.8,,,,
146,2022-11-01 16:00,18.6,,1.9,290,57,12.2,9.9,1013.3,1020.4,1,.86,,,1,1,Sc,10,981,,40,21.2,,,,
146,2022-11-01 17:00,17.1,,3.1,270,68,13.2,11.1,1013.6,1020.8,.6,.39,,,0,0,,,903,,40,18.4,,,,
146,2022-11-01 18:00,15.3,,2.8,270,79,13.7,11.6,1014.1,1021.3,0,.04,,,0,0,,,629,,4019,16.3,,,,
146,2022-11-01 19:00,14.5,,1.5,270,81,13.3,11.2,1014.6,1021.8,,,,,6,4,,13,459,,19,15.2,,,,
146,2022-11-01 20:00,13.9,,1.1,270,80,12.6,10.4,1014.8,1022,,,,,7,2,,4,361,,19,14.4,,,,
146,2022-11-01 21:00,13.4,,1.4,230,85,13,10.9,1014.6,1021.9,,,,,10,10,St,7,207,,19,13.7,,,,
146,2022-11-01 22:00,13.8,,.9,290,81,12.7,10.5,1015,1022.3,,,,,9,9,,7,294,,19,14.5,,,,
146,2022-11-01 23:00,13.4,,.9,230,81,12.4,10.1,1014.9,1022.2,,,,,7,3,,10,158,,19,13.5,,,,
146,2022-11-02 00:00,12.3,,.9,290,84,11.9,9.6,1014.5,1021.8,,,,,0,0,,,246,,19,12.4,,,,
146,2022-11-02 01:00,11.1,,1.2,340,91,11.9,9.6,1014.7,1022,,,,,10,10,,4,45,,1916,11.8,,,,
146,2022-11-02 02:00,11,,.6,250,91,11.9,9.5,1014.9,1022.3,,,,,10,10,,9,91,,16,11.2,,,,
146,2022-11-02 03:00,10.6,,.2,0,90,11.5,9,1014.4,1021.8,,,,,10,10,,8,87,,16,10.6,,,,
146,2022-11-02 04:00,9.4,,.9,320,91,10.6,7.9,1014.2,1021.6,,,,,10,10,,3,30,,16,11.4,,,,
146,2022-11-02 05:00,9.9,,.5,290,93,11.3,8.8,1014.6,1022,,,,,10,10,,1,8,,16,12.1,,,,
146,2022-11-02 06:00,9.7,,.2,0,90,10.8,8.1,1014.8,1022.2,,,,,10,10,St,2,123,,1916,11.9,,,,
146,2022-11-02 07:00,9.7,,.5,200,91,10.9,8.2,1015,1022.4,0,0,,,10,10,St,2,127,,19,11.6,,,,
146,2022-11-02 08:00,9.8,,0,0,90,10.9,8.2,1015.4,1022.8,0,.15,,,10,10,St,3,153,,19,12.2,,,,
146,2022-11-02 09:00,10.3,,1.8,320,89,11.1,8.5,1015.8,1023.2,.6,.68,,,0,0,,,173,,19,13.5,,,,
146,2022-11-02 10:00,11.7,,2,320,81,11.1,8.5,1015.2,1022.5,1,1.31,,,0,0,,,304,,19,16.1,,,,
146,2022-11-02 11:00,13.5,,1.7,340,65,10,7,1014.8,1022.1,1,1.87,,,0,0,,,555,,19,19.3,,,,
146,2022-11-02 12:00,15.9,,.8,50,44,7.9,3.6,1013.9,1021.1,1,2.22,,,0,0,,,989,,4019,22.4,,,,
146,2022-11-02 13:00,16.6,,1.7,320,46,8.7,4.9,1013.1,1020.3,1,2.32,,,0,0,,,991,,40,24.1,,,,
146,2022-11-02 14:00,18.4,,1.6,320,36,7.6,3,1012.5,1019.6,1,2.16,,,0,0,,,1994,,40,24.7,,,,
146,2022-11-02 15:00,18.2,,2,320,27,5.6,-1.1,1012.5,1019.6,1,1.83,,,0,0,,,2000,,,23.6,,,,
146,2022-11-02 16:00,18.2,,1.9,290,38,7.9,3.6,1012.4,1019.5,1,1.27,,,0,0,,,2000,,,21.5,,,,
146,2022-11-02 17:00,16,,2.2,270,50,9,5.5,1012.5,1019.7,1,.62,,,0,0,,,2000,,,18.1,,,,
146,2022-11-02 18:00,14.2,,1.9,270,56,9,5.5,1012.7,1019.9,.3,.06,,,0,0,,,2000,,,15.2,,,,
146,2022-11-02 19:00,12.7,,1.8,270,59,8.6,4.8,1013.2,1020.5,,,,,0,0,,,2000,,,13.4,,,,
146,2022-11-02 20:00,12.2,,1.2,230,62,8.8,5.1,1013.5,1020.8,,,,,0,0,,,2000,,,12.3,,,,
146,2022-11-02 21:00,11.2,,.8,200,66,8.7,5,1013.2,1020.5,,,,,0,0,,,2000,,,11.5,,,,
146,2022-11-02 22:00,10.3,,.7,160,70,8.7,5,1013.1,1020.5,,,,,0,0,,,1922,,,10.6,,,,
146,2022-11-02 23:00,9.4,,.6,140,74,8.7,4.9,1012.7,1020.1,,,,,0,0,,,1993,,,9.8,,,,
146,2022-11-03 00:00,8.4,,1.1,110,77,8.4,4.5,1012.1,1019.5,,,,,0,0,,,1923,,,9.2,,,,
146,2022-11-03 01:00,7.5,,.5,70,81,8.4,4.4,1012,1019.4,,,,,0,0,,,1813,,,8.6,,,,
146,2022-11-03 02:00,7.5,,1.1,110,84,8.7,4.9,1012.7,1020.1,,,,,0,0,,,1420,,,8.1,,,,
146,2022-11-03 03:00,6.9,,1,180,84,8.3,4.3,1012.6,1020,,,,,0,0,,,1685,,,7.6,,,,
146,2022-11-03 04:00,6,,1.5,140,86,8,3.8,1011.7,1019.2,,,,,0,0,,,1291,,,7.4,,,,
146,2022-11-03 05:00,6.1,,1.1,110,84,7.8,3.5,1012,1019.5,,,,,0,0,,,1273,,,7.2,,,,
146,2022-11-03 06:00,5.9,,.1,0,84,7.7,3.3,1012.2,1019.7,,,,,0,0,,,1315,,,6.9,,,,
146,2022-11-03 07:00,6,,.3,0,84,7.8,3.4,1012.5,1020,0,0,,,7,0,Ci,,1294,,,7,,,,
146,2022-11-03 08:00,7.2,,.5,70,78,7.9,3.6,1013,1020.4,.2,.19,,,5,5,Ac,50,1482,,,8.1,,,,
146,2022-11-03 09:00,8.8,,1,160,69,7.8,3.4,1013.1,1020.5,.8,.71,,,8,8,Ac,50,1864,,,11,,,,
146,2022-11-03 10:00,10.8,,.7,360,61,7.8,3.5,1013.5,1020.9,0,.83,,,9,9,Ac,50,1914,,,13.5,,,,
146,2022-11-03 11:00,13,,.3,0,49,7.3,2.5,1012.6,1019.9,.2,1.16,,,8,8,Ac,50,2000,,,15.8,,,,
146,2022-11-03 12:00,13.9,,1.8,320,47,7.4,2.7,1012.3,1019.5,.7,1.58,,,8,3,AcCi,50,2000,,,18.4,,,,
146,2022-11-03 13:00,16.2,,1.7,320,41,7.5,2.9,1011.4,1018.6,1,2.01,,,1,0,Ci,,2000,,,21.3,,,,
146,2022-11-03 14:00,17.2,,2.5,320,31,6.1,-.1,1011.5,1018.6,1,1.9,,,1,0,Cc,,2000,,,21.4,,,,
146,2022-11-03 15:00,17.2,,2.1,340,30,5.9,-.5,1011.3,1018.4,1,1.5,,,5,0,Ci,,2000,,,20.7,,,,
146,2022-11-03 16:00,16.7,,1.8,290,34,6.4,.7,1011.4,1018.6,1,.98,,,8,7,Ac,40,2000,,,19.1,,,,
146,2022-11-03 17:00,15.2,,2.1,290,46,7.9,3.6,1011.4,1018.6,0,.34,,,7,3,AcCi,44,1980,,,16.5,,,,
146,2022-11-03 18:00,13.5,,1.9,270,55,8.5,4.6,1011.7,1018.9,0,.03,,,3,0,Ci,,1640,,,14.1,,,,
146,2022-11-03 19:00,13,,2.1,290,60,9,5.4,1012.2,1019.5,,,,,7,3,,65,1652,,,13,,,,
146,2022-11-03 20:00,12.3,,2.5,290,61,8.7,4.9,1012.9,1020.2,,,,,4,2,,14,1361,,,12.2,,,,
146,2022-11-03 21:00,11.2,,1.1,290,63,8.4,4.4,1013.1,1020.4,,,,,3,0,Ci,,1750,,,11.3,,,,
146,2022-11-03 22:00,10.5,,2.1,290,68,8.6,4.8,1013.8,1021.2,,,,,5,4,,66,1340,,,10.7,,,,
146,2022-11-03 23:00,10.3,,1.6,290,73,9.1,5.6,1014,1021.4,,,,,7,1,,10,1164,,,10.4,,,,
146,2022-11-04 00:00,9.5,,1.1,290,74,8.7,5,1014,1021.4,,,,,6,6,,,1262,,,10.2,,,,
146,2022-11-04 01:00,8.6,,1.6,320,72,8,3.8,1014.3,1021.7,,,,,7,3,,61,1960,,,9.3,,,,
146,2022-11-04 02:00,7.3,,1.5,340,72,7.3,2.5,1014.2,1021.6,,,,,2,2,,55,2000,,,8.2,,,,
146,2022-11-04 03:00,6.9,,2.1,320,67,6.6,1.1,1014.5,1022,,,,,0,0,,,2000,,,7.5,,,,
146,2022-11-04 04:00,6.5,,1.8,320,65,6.2,.3,1014.7,1022.2,,,,,0,0,,,2000,,,7,,,,
146,2022-11-04 05:00,5.7,,1,340,69,6.3,.4,1015,1022.5,,,,,0,0,,,2000,,,6.4,,,,
146,2022-11-04 06:00,5.1,,2,340,73,6.4,.6,1015.5,1023,,,,,2,2,Sc,10,2000,,,6,,,,
146,2022-11-04 07:00,4.2,,1.4,340,77,6.3,.5,1015.8,1023.3,0,0,,,0,0,,,2000,,,5.6,,,,
146,2022-11-04 08:00,5.3,,1.9,340,67,6,-.3,1016.5,1024,.5,.17,,,0,0,,,2000,,,5.9,,,,
146,2022-11-04 09:00,6.8,,2.3,340,59,5.8,-.6,1017.2,1024.7,1,.79,,,0,0,,,2000,,,8.1,,,,
146,2022-11-04 10:00,7.8,,2.6,340,51,5.4,-1.7,1017.3,1024.8,1,1.4,,,0,0,,,2000,,,11.7,,,,
146,2022-11-04 11:00,8.8,,2.7,290,46,5.2,-2.2,1016.8,1024.2,1,1.93,,,0,0,,,2000,,,14.7,,,,
146,2022-11-04 12:00,9.6,,3,320,38,4.5,-4,1016.3,1023.7,1,2.24,,,0,0,,,2000,,,17.7,,,,
146,2022-11-04 13:00,10.2,,4,320,29,3.6,-7,1015.8,1023.2,1,2.33,,,0,0,,,2000,,,19.7,,,,
146,2022-11-04 14:00,11.2,,3.9,340,25,3.3,-8.1,1015.6,1023,1,2.21,,,0,0,,,2000,,,20.3,,,,
146,2022-11-04 15:00,11,,4.4,320,25,3.3,-8.3,1015.6,1023,1,1.86,,,2,0,Ci,,2000,,,19.3,,,,
146,2022-11-04 16:00,10.7,,3,320,24,3.1,-9,1015.7,1023.1,1,1.2,,,6,0,Ci,,2000,,,16.7,,,,
146,2022-11-04 17:00,9.4,,2.9,340,28,3.3,-8.2,1015.8,1023.2,1,.61,,,3,0,Ci,,2000,,,13.6,,,,
146,2022-11-04 18:00,8,,2.4,340,36,3.9,-6.1,1016.1,1023.5,.3,.06,,,3,0,Ci,,2000,,,10.8,,,,
146,2022-11-04 19:00,6.5,,2.1,340,43,4.2,-5.2,1017.1,1024.6,,,,,0,0,,,2000,,,8.9,,,,
146,2022-11-04 20:00,6.1,,1.9,340,46,4.3,-4.6,1017.7,1025.2,,,,,6,4,,,2000,,,7.9,,,,
146,2022-11-04 21:00,6,,.5,360,45,4.2,-5,1017.7,1025.2,,,,,7,0,Ci,,2000,,,7.5,,,,
146,2022-11-04 22:00,6.5,,0,0,42,4.1,-5.5,1017.9,1025.4,,,,,3,3,,76,2000,,,6.7,,,,
146,2022-11-04 23:00,5.8,,.5,200,51,4.7,-3.5,1018.2,1025.7,,,,,2,0,,,2000,,,6,,,,
146,2022-11-05 00:00,4.5,,1.1,110,56,4.7,-3.5,1018.1,1025.6,,,,,0,0,,,2000,,,5.5,,,,
146,2022-11-05 01:00,3.5,,.8,90,61,4.8,-3.3,1018.1,1025.7,,,,,0,0,,,2000,,,5,,,,
146,2022-11-05 02:00,3.6,,1.2,110,61,4.8,-3.2,1018.4,1026,,,,,0,0,,,2000,,,4.5,,,,
146,2022-11-05 03:00,3.3,,1,140,63,4.9,-3,1018.7,1026.3,,,,,0,0,,,2000,,,4.1,,,,
146,2022-11-05 04:00,2.5,,1.3,180,70,5.1,-2.4,1018.5,1026.1,,,,,0,0,,,2000,,,3.6,,,,
146,2022-11-05 05:00,1.6,,1.3,140,73,5,-2.7,1018.6,1026.2,,,,,0,0,,,2000,,,3.3,,,,
146,2022-11-05 06:00,1.4,,1.6,110,68,4.6,-3.8,1018.9,1026.6,,,,,0,0,,,2000,,,3,,,,
146,2022-11-05 07:00,1,,1.9,140,65,4.3,-4.8,1019,1026.7,0,0,,,0,0,,,2000,,,2.8,,,,
146,2022-11-05 08:00,2.8,,1.7,140,57,4.3,-4.8,1019.5,1027.1,.5,.18,,,0,0,,,2000,,,3.2,,,,
146,2022-11-05 09:00,5.9,,1,140,46,4.3,-4.8,1020,1027.5,1,.81,,,0,0,,,2000,,,5.9,,,,
146,2022-11-05 10:00,8.9,,.8,110,33,3.8,-6.5,1019.8,1027.2,1,1.43,,,0,0,,,2000,,,10.5,,,,
146,2022-11-05 11:00,11.1,,1.7,340,38,5,-2.7,1019.6,1027,1,1.94,,,0,0,,,2000,,,14.8,,,,
146,2022-11-05 12:00,12.3,,2.4,340,41,5.9,-.5,1019,1026.3,1,2.25,,,0,0,,,2000,,,18.3,,,,
146,2022-11-05 13:00,12.6,,2.2,360,41,6,-.3,1018,1025.3,1,2.31,,,0,0,,,2000,,,20.9,,,,
146,2022-11-05 14:00,12.8,,2.5,290,38,5.6,-1.1,1017.4,1024.7,1,2.17,,,0,0,,,2000,,,20.9,,,,
146,2022-11-05 15:00,13,,2,340,38,5.7,-1,1017.1,1024.4,1,1.8,,,0,0,,,2000,,,20.4,,,,
146,2022-11-05 16:00,13.1,,1.5,320,37,5.6,-1.2,1017.3,1024.6,1,1.23,,,0,0,,,2000,,,18.1,,,,
146,2022-11-05 17:00,12.4,,1.4,270,40,5.8,-.8,1017.3,1024.6,1,.56,,,0,0,,,2000,,,14.8,,,,
146,2022-11-05 18:00,10.4,,2.9,270,57,7.2,2.2,1017.6,1025,.3,.06,,,0,0,,,2000,,,11.8,,,,
146,2022-11-05 19:00,10,,2.2,270,60,7.3,2.5,1018.3,1025.7,,,,,0,0,,,2000,,,10.4,,,,
146,2022-11-05 20:00,9.5,,.5,200,61,7.2,2.3,1018.6,1026,,,,,0,0,,,2000,,,9.2,,,,
146,2022-11-05 21:00,8.3,,.4,0,66,7.2,2.3,1018.6,1026,,,,,0,0,,,2000,,,8.3,,,,
146,2022-11-05 22:00,6.5,,1.6,110,70,6.8,1.4,1018.7,1026.2,,,,,0,0,,,1767,,,7.5,,,,
146,2022-11-05 23:00,5.7,,1.3,140,74,6.8,1.4,1018.9,1026.4,,,,,0,0,,,1989,,,6.8,,,,
146,2022-11-06 00:00,5.1,,1.2,110,77,6.7,1.3,1018.7,1026.3,,,,,0,0,,,2000,,,6.2,,,,
146,2022-11-06 01:00,4.6,,1.5,110,80,6.8,1.4,1018.5,1026,,,,,0,0,,,2000,,,5.7,,,,
146,2022-11-06 02:00,4,,1.4,140,81,6.6,1,1018.6,1026.2,,,,,0,0,,,2000,,,5.4,,,,
146,2022-11-06 03:00,4.3,,1.1,110,80,6.6,1.1,1018.6,1026.2,,,,,5,5,Sc,10,2000,,,5.2,,,,
146,2022-11-06 04:00,4.3,,.6,140,77,6.4,.6,1018.2,1025.8,,,,,3,3,Sc,10,2000,,,5.4,,,,
146,2022-11-06 05:00,3.7,,1.9,140,80,6.3,.5,1018.3,1025.9,,,,,0,0,,,2000,,,5.3,,,,
146,2022-11-06 06:00,3.6,,1.6,110,80,6.3,.4,1018.3,1025.9,,,,,0,0,,,2000,,,4.8,,,,
146,2022-11-06 07:00,3.2,,1.4,140,82,6.3,.4,1018.6,1026.2,0,0,,,0,0,,,1997,,,4.5,,,,
146,2022-11-06 08:00,5.3,,1.5,110,72,6.4,.6,1019,1026.6,.4,.18,,,3,3,Sc,15,2000,,,5.4,,,,
146,2022-11-06 09:00,8.3,,1.7,140,61,6.7,1.2,1019.4,1026.8,1,.74,,,0,0,,,2000,,,7.9,,,,
146,2022-11-06 10:00,11.5,,.8,230,53,7.2,2.2,1019.3,1026.7,1,1.33,,,0,0,,,2000,,,12,,,,
146,2022-11-06 11:00,14,,.9,140,52,8.2,4.2,1019,1026.3,1,1.79,,,0,0,,,2000,,,16.1,,,,
146,2022-11-06 12:00,14,,1.6,320,50,8,3.7,1018.5,1025.8,.9,1.89,,,4,4,Sc,10,2000,,,18.3,,,,
146,2022-11-06 13:00,15.6,,1.2,290,45,7.9,3.6,1017.5,1024.7,.7,1.82,,,4,4,Sc,14,2000,,,20.7,,,,
146,2022-11-06 14:00,15.3,,2.2,290,44,7.6,3.1,1016.9,1024.2,.6,1.49,,,4,4,Sc,15,1988,,,19.2,,,,
146,2022-11-06 15:00,15,,2.4,340,44,7.5,2.8,1016.6,1023.9,.9,1.48,,,4,4,Sc,15,2000,,,19.3,,,,
146,2022-11-06 16:00,14.6,,1.3,270,45,7.4,2.7,1016.1,1023.3,1,.95,,,3,3,Sc,10,2000,,,17.3,,,,
146,2022-11-06 17:00,14.2,,.9,320,47,7.6,3,1015.6,1022.8,1,.45,,,0,0,,,2000,,,14.8,,,,
146,2022-11-06 18:00,12.4,,2.2,270,58,8.3,4.3,1015.9,1023.2,.1,.03,,,0,0,,,1117,,,12.3,,,,
146,2022-11-06 19:00,11.7,,1,250,61,8.4,4.4,1016.4,1023.7,,,,,0,0,,,1480,,,10.9,,,,
146,2022-11-06 20:00,10.8,,.8,110,64,8.2,4.2,1016.5,1023.9,,,,,6,0,,,1423,,,9.9,,,,
146,2022-11-06 21:00,9.4,,1,110,69,8.1,3.9,1016.4,1023.8,,,,,5,0,Ci,,1359,,,9.2,,,,
146,2022-11-06 22:00,8.9,,.7,110,71,8.1,3.9,1017.1,1024.5,,,,,5,5,,69,1323,,,8.8,,,,
146,2022-11-06 23:00,8,,1.4,110,74,7.9,3.6,1017.6,1025,,,,,6,6,,74,1295,,,8.2,,,,
146,2022-11-07 00:00,7.1,,1.1,140,78,7.8,3.5,1017.5,1025,,,,,2,0,Ci,,1168,,,7.5,,,,
146,2022-11-07 01:00,6.2,,1.7,140,82,7.7,3.3,1017.1,1024.6,,,,,0,0,,,1005,,,7,,,,
146,2022-11-07 02:00,6.2,,.3,0,83,7.8,3.5,1016.8,1024.3,,,,,0,0,,,1001,,19,6.5,,,,
146,2022-11-07 03:00,5.8,,.5,20,83,7.6,3.1,1016.8,1024.3,,,,,0,0,,,864,,19,6.1,,,,
146,2022-11-07 04:00,5.3,,1.7,140,86,7.6,3.1,1016.5,1024,,,,,2,0,Ci,,823,,19,5.8,,,,
146,2022-11-07 05:00,5.4,,1.5,140,86,7.7,3.2,1016.4,1023.9,,,,,3,3,Ac,34,815,,19,6.2,,,,
146,2022-11-07 06:00,5.3,,1.7,110,85,7.5,2.9,1016.5,1024,,,,,0,0,,,911,,19,5.6,,,,
146,2022-11-07 07:00,5.2,,1.4,110,83,7.3,2.5,1016.6,1024.1,0,0,,,0,0,,,1013,,19,5.3,,,,
146,2022-11-07 08:00,6.3,,.6,90,78,7.4,2.7,1017.1,1024.6,.4,.14,,,1,0,Ci,,1052,,,5.9,,,,
146,2022-11-07 09:00,8.2,,.9,110,70,7.6,3,1017.5,1024.9,1,.66,,,0,0,,,1271,,,8.3,,,,
146,2022-11-07 10:00,11.4,,.3,0,57,7.6,3.1,1017.6,1025,1,1.26,,,0,0,,,1510,,,12.3,,,,
146,2022-11-07 11:00,12.5,,1.4,340,59,8.5,4.6,1017.4,1024.7,1,1.63,,,2,0,Ci,,1174,,,15.6,,,,
146,2022-11-07 12:00,15.6,,.7,230,45,7.9,3.6,1016.3,1023.5,1,2.03,,,1,0,Ci,,1889,,,19.1,,,,
146,2022-11-07 13:00,16.5,,1.5,270,39,7.3,2.4,1015.1,1022.3,1,2.11,,,0,0,,,2000,,,21.3,,,,
146,2022-11-07 14:00,17.9,,.6,360,31,6.3,.5,1014,1021.1,1,1.99,,,0,0,,,2000,,,22.2,,,,
146,2022-11-07 15:00,18.2,,1,320,30,6.2,.3,1013.9,1021,1,1.62,,,0,0,,,2000,,,21.5,,,,
146,2022-11-07 16:00,17.4,,1.9,290,30,6,-.3,1014.3,1021.4,1,1.08,,,0,0,,,2000,,,19.1,,,,
146,2022-11-07 17:00,15.9,,1.7,290,36,6.5,.8,1014.5,1021.7,1,.45,,,0,0,,,2000,,,15.9,,,,
146,2022-11-07 18:00,13.4,,2.2,270,51,7.8,3.4,1015.3,1022.6,0,.03,,,1,0,Ci,,1936,,,13.3,,,,
146,2022-11-07 19:00,12.4,,1.1,250,57,8.2,4.1,1016,1023.3,,,,,0,0,,,1735,,,11.9,,,,
146,2022-11-07 20:00,12.3,,.7,200,56,8,3.7,1016.3,1023.6,,,,,6,3,,25,1903,,,11,,,,
146,2022-11-07 21:00,11.5,,.9,180,60,8.1,3.9,1016.6,1023.9,,,,,8,8,Ac,30,1651,,,10.7,,,,
146,2022-11-07 22:00,10.2,,1.1,180,63,7.8,3.4,1017,1024.4,,,,,5,3,,,1650,,,9.6,,,,
146,2022-11-07 23:00,8.8,,1.2,160,68,7.7,3.2,1017.3,1024.7,,,,,1,0,,,1568,,,8.8,,,,
146,2022-11-08 00:00,8.5,,1.5,140,70,7.7,3.3,1017.2,1024.6,,,,,6,6,Sc,10,1554,,,8.7,,,,
146,2022-11-08 01:00,7.9,,1.7,140,69,7.3,2.5,1017,1024.4,,,,,2,2,,23,1637,,,8.1,,,,
146,2022-11-08 02:00,7.9,,1.2,110,67,7.1,2.1,1017.3,1024.7,,,,,7,4,,20,1824,,,7.6,,,,
146,2022-11-08 03:00,7.5,,1.1,160,66,6.8,1.5,1017.1,1024.6,,,,,0,0,,,1920,,,7.3,,,,
146,2022-11-08 04:00,6.7,,1.8,110,71,7,1.8,1017.1,1024.6,,,,,9,9,Sc,10,1777,,,6.9,,,,
146,2022-11-08 05:00,7.3,,1.6,140,67,6.8,1.5,1017.2,1024.7,,,,,9,9,Sc,10,1996,,,8.3,,,,
146,2022-11-08 06:00,7.2,,1.1,140,70,7.1,2,1017.4,1024.9,,,,,0,0,,,1991,,,7.2,,,,
146,2022-11-08 07:00,7.2,,1.4,140,64,6.5,.8,1017.7,1025.2,,,,,9,9,Sc,10,2000,,,7.5,,,,
146,2022-11-08 08:00,8.4,,1,160,66,7.3,2.4,1018.3,1025.7,0,.12,,,9,9,Sc,10,2000,,,8.6,,,,
146,2022-11-08 09:00,10.5,,1.1,110,58,7.3,2.5,1018.8,1026.2,.2,.5,,,9,9,Sc,10,2000,,,10.7,,,,
146,2022-11-08 10:00,13.3,,1.1,140,53,8.1,3.9,1019,1026.3,.5,.93,,,9,9,Ac,35,2000,,,13,,,,
146,2022-11-08 11:00,15.3,,.6,250,64,11.1,8.5,1018.9,1026.2,.5,1.29,,,9,9,Sc,10,2000,,,16.6,,,,
146,2022-11-08 12:00,16.7,,1.4,270,55,10.4,7.6,1018.4,1025.6,.9,1.87,,,1,1,St,10,1737,,,20,,,,
146,2022-11-08 13:00,17.6,,2.2,340,52,10.4,7.6,1017.7,1024.9,1,2.1,,,2,2,Sc,10,1545,,,22.7,,,,
146,2022-11-08 14:00,17.1,,1.6,320,51,9.9,6.8,1017,1024.2,.9,1.71,,,2,2,Sc,10,1897,,,21.5,,,,
146,2022-11-08 15:00,18.1,,1.6,360,45,9.3,5.9,1016.7,1023.8,1,1.58,,,0,0,,,1904,,,22.2,,,,
146,2022-11-08 16:00,17.8,,1.7,270,44,8.9,5.3,1016.9,1024,1,1.04,,,0,0,,,1939,,,19.5,,,,
146,2022-11-08 17:00,16.8,,1.5,250,46,8.7,5,1017.1,1024.3,1,.44,,,0,0,,,2000,,,16.5,,,,
146,2022-11-08 18:00,14.4,,1.2,270,68,11.1,8.5,1017.3,1024.5,0,.04,,,0,0,,,1475,,,14.1,,,,
146,2022-11-08 19:00,13.7,,.1,0,74,11.6,9.1,1017.9,1025.2,,,,,0,0,,,1185,,,12.7,,,,
146,2022-11-08 20:00,12.8,,.9,230,80,11.8,9.4,1018,1025.3,,,,,0,0,,,889,,19,11.6,,,,
146,2022-11-08 21:00,11.6,,.9,140,79,10.7,8,1018.1,1025.5,,,,,0,0,,,879,,19,10.8,,,,
146,2022-11-08 22:00,10.3,,1,140,79,9.9,6.8,1018.5,1025.9,,,,,7,1,,3,933,,19,10,,,,
146,2022-11-08 23:00,9.6,,1.4,140,83,9.9,6.8,1018.8,1026.2,,,,,9,2,,2,853,,19,9.3,,,,
146,2022-11-09 00:00,9.9,,1.1,110,82,9.9,6.9,1018.7,1026.1,,,,,9,9,Sc,10,817,,19,10.1,,,,
146,2022-11-09 01:00,10.2,,1.1,140,82,10.2,7.2,1018.9,1026.3,,,,,9,9,,3,808,,19,10.8,,,,
146,2022-11-09 02:00,10.3,,.8,160,85,10.6,7.8,1019.3,1026.7,,,,,9,9,,4,615,,19,11.1,,,,
146,2022-11-09 03:00,10.2,,.3,0,83,10.3,7.4,1019,1026.4,,,,,9,9,Sc,10,583,,19,10.8,,,,
146,2022-11-09 04:00,10.1,,1,140,84,10.4,7.5,1018.7,1026.1,,,,,9,9,Sc,10,430,,19,10.4,,,,
146,2022-11-09 05:00,9.8,,.8,110,85,10.2,7.3,1019,1026.4,,,,,9,9,Sc,10,176,,19,10.1,,,,
146,2022-11-09 06:00,9.5,,.8,160,86,10.2,7.2,1019.4,1026.8,,,,,9,9,Sc,10,235,,19,10.1,,,,
146,2022-11-09 07:00,9.2,,.5,90,86,10,7,1019.7,1027.1,,,,,9,9,Sc,10,203,,19,10.2,,,,
146,2022-11-09 08:00,9,,1.8,50,87,9.9,6.9,1019.8,1027.2,0,.08,,,9,9,Sc,10,232,,19,10.8,,,,
146,2022-11-09 09:00,10,,.9,20,83,10.2,7.2,1020,1027.4,0,.45,,,9,9,Sc,10,311,,19,12.3,,,,
146,2022-11-09 10:00,11.7,,.6,70,71,9.7,6.6,1019.9,1027.3,1,1.27,,,0,0,,,331,,19,14.7,,,,
146,2022-11-09 11:00,13.1,,1.2,230,61,9.2,5.7,1019.4,1026.7,1,1.74,,,0,0,,,814,,4019,17.7,,,,
146,2022-11-09 12:00,15.4,,1.4,290,56,9.7,6.6,1018.8,1026.1,1,2.05,,,0,0,,,708,,40,20.6,,,,
146,2022-11-09 13:00,16.7,,.7,320,38,7.2,2.2,1018.1,1025.3,1,2.07,,,4,0,Ci,,1753,,40,22.6,,,,
146,2022-11-09 14:00,17,,1.4,290,44,8.5,4.6,1017.3,1024.5,1,1.85,,,3,0,Ci,,1060,,,22.4,,,,
146,2022-11-09 15:00,17.3,,1.5,320,39,7.6,3.1,1016.9,1024.1,1,1.3,,,7,0,Ci,,1325,,,21.3,,,,
146,2022-11-09 16:00,16.9,,1.1,320,40,7.6,3.1,1016.9,1024.1,.5,.77,,,8,0,Ci,,1465,,,19.2,,,,
146,2022-11-09 17:00,15.6,,1.6,340,44,7.7,3.3,1017,1024.2,0,.33,,,7,0,Ci,,1683,,,16.6,,,,
146,2022-11-09 18:00,14.4,,1.3,340,51,8.3,4.3,1017.4,1024.7,0,.04,,,8,0,Ci,,1060,,,14.3,,,,
146,2022-11-09 19:00,14,,.7,360,53,8.4,4.5,1017.9,1025.2,,,,,4,0,,,859,,40,12.8,,,,
146,2022-11-09 20:00,12.6,,1.2,110,57,8.2,4.2,1018,1025.3,,,,,7,0,,,1075,,40,11.7,,,,
146,2022-11-09 21:00,11.4,,1.2,140,61,8.2,4.1,1018.1,1025.5,,,,,6,0,Ci,,1005,,,10.8,,,,
146,2022-11-09 22:00,10.3,,1.2,140,65,8.1,3.9,1018.1,1025.5,,,,,7,0,,,1036,,,10,,,,
146,2022-11-09 23:00,9.3,,1.4,140,68,7.9,3.6,1017.9,1025.3,,,,,7,0,,,982,,40,9.4,,,,
146,2022-11-10 00:00,9.1,,1.4,140,69,8,3.7,1017.6,1025,,,,,7,0,Ci,,884,,40,9.1,,,,
146,2022-11-10 01:00,8.9,,1.4,140,70,8,3.7,1017.7,1025.1,,,,,6,4,,72,862,,40,8.7,,,,
146,2022-11-10 02:00,8.6,,1.4,140,71,7.9,3.6,1017.3,1024.7,,,,,7,7,,71,839,,40,8.4,,,,
146,2022-11-10 03:00,8.3,,1.6,90,71,7.7,3.3,1017,1024.4,,,,,2,0,Ci,,868,,40,7.9,,,,
146,2022-11-10 04:00,7.9,,.6,110,74,7.8,3.5,1016.9,1024.3,,,,,3,0,Ci,,805,,40,7.6,,,,
146,2022-11-10 05:00,7.8,,1.1,140,71,7.5,2.8,1016.8,1024.2,,,,,4,0,Ci,,858,,40,7.4,,,,
146,2022-11-10 06:00,7.6,,1.4,110,72,7.5,2.8,1017.1,1024.6,,,,,0,0,,,863,,40,6.9,,,,
146,2022-11-10 07:00,7,,1.6,140,74,7.4,2.6,1017.1,1024.6,,,,,0,0,,,863,,40,6.6,,,,
146,2022-11-10 08:00,8.4,,.8,110,66,7.3,2.4,1017.8,1025.2,.3,.12,,,0,0,,,1019,,40,7.1,,,,
146,2022-11-10 09:00,11.2,,.4,0,58,7.7,3.2,1018.2,1025.6,1,.63,,,0,0,,,1106,,,9.4,,,,
146,2022-11-10 10:00,14.3,,.3,0,46,7.5,2.8,1018,1025.3,1,1.22,,,0,0,,,1571,,,13.4,,,,
146,2022-11-10 11:00,17.5,,.3,0,38,7.6,3,1017.8,1025,1,1.69,,,0,0,,,1373,,,17.2,,,,
146,2022-11-10 12:00,18.3,,1.2,320,34,7.1,2.1,1017.1,1024.2,1,1.99,,,0,0,,,1510,,,20.5,,,,
146,2022-11-10 13:00,19.7,,1.2,290,31,7.1,2,1016.2,1023.3,1,2.07,,,0,0,,,1313,,,22.7,,,,
146,2022-11-10 14:00,20.1,,1.2,340,34,8,3.7,1015.4,1022.5,1,1.91,,,0,0,,,1141,,,23.5,,,,
146,2022-11-10 15:00,20.8,,1.8,290,33,8.1,3.9,1015.2,1022.3,1,1.54,,,0,0,,,1602,,,22.5,,,,
146,2022-11-10 16:00,20.1,,2.2,320,36,8.4,4.5,1015.6,1022.7,1,1.03,,,0,0,,,1708,,,20.6,,,,
146,2022-11-10 17:00,18.6,,1.6,320,40,8.5,4.7,1015.9,1023,1,.42,,,0,0,,,2000,,,17.5,,,,
146,2022-11-10 18:00,16.8,,1.5,320,47,9,5.4,1016.4,1023.6,0,.03,,,1,0,Ci,,1152,,,14.9,,,,
146,2022-11-10 19:00,16.2,,.9,340,51,9.3,6,1016.8,1024,,,,,8,6,,64,841,,40,13.5,,,,
146,2022-11-10 20:00,15.1,,.7,180,55,9.4,6.1,1017,1024.3,,,,,8,8,,55,926,,40,12.9,,,,
146,2022-11-10 21:00,14,,.8,110,58,9.2,5.8,1017.3,1024.6,,,,,4,0,Ci,,983,,40,12.1,,,,
146,2022-11-10 22:00,13.4,,1,110,58,8.8,5.2,1017.7,1025,,,,,6,6,,58,1142,,40,11.3,,,,
146,2022-11-10 23:00,12,,1.4,140,63,8.8,5.1,1017.9,1025.2,,,,,6,6,,55,1209,,,10.8,,,,
146,2022-11-11 00:00,11.5,,1,110,64,8.7,4.9,1017.8,1025.2,,,,,2,0,Ci,,1213,,,10.1,,,,
146,2022-11-11 01:00,10.7,,1.6,140,67,8.6,4.8,1017.5,1024.9,,,,,0,0,,,1262,,,9.5,,,,
146,2022-11-11 02:00,10.3,,.3,0,68,8.5,4.6,1017.8,1025.2,,,,,0,0,,,1238,,,9.2,,,,
146,2022-11-11 03:00,10,,1.4,140,70,8.5,4.7,1017.6,1025,,,,,0,0,,,1159,,,8.9,,,,
146,2022-11-11 04:00,10.2,,1.1,140,68,8.4,4.5,1017.6,1025,,,,,1,1,Ac,45,1275,,,8.6,,,,
146,2022-11-11 05:00,9.4,,1.7,140,70,8.2,4.1,1017.8,1025.2,,,,,2,2,Ac,45,1316,,,8.5,,,,
146,2022-11-11 06:00,9.9,,.8,140,69,8.4,4.4,1018,1025.4,,,,,2,2,Ac,45,1253,,,8.3,,,,
146,2022-11-11 07:00,9.8,,1.4,110,68,8.2,4.1,1018.2,1025.6,,,,,0,0,,,1279,,,8.1,,,,
146,2022-11-11 08:00,10.6,,1,110,66,8.4,4.5,1018.8,1026.2,0,.08,,,8,8,Ac,40,1208,,,8.9,,,,
146,2022-11-11 09:00,13.7,,1,140,57,8.9,5.3,1019.2,1026.5,.3,.41,,,5,5,Ac,40,1311,,,11,,,,
146,2022-11-11 10:00,17.9,,.4,0,46,9.4,6.1,1019.2,1026.4,1,.98,,,3,3,Sc,10,1388,,,14.6,,,,
146,2022-11-11 11:00,20.2,,.6,200,41,9.7,6.5,1018.8,1025.9,1,1.64,,,0,0,,,1739,,,18.7,,,,
146,2022-11-11 12:00,21.7,,.9,250,38,9.8,6.7,1018.1,1025.2,1,1.92,,,0,0,,,1787,,,21.8,,,,
146,2022-11-11 13:00,22.8,,1.1,200,34,9.4,6.1,1017.3,1024.3,1,2.05,,,4,4,Sc,10,2000,,,24.2,,,,
146,2022-11-11 14:00,23,,1.1,200,35,9.8,6.7,1016.7,1023.7,.9,1.82,,,3,3,Sc,10,2000,,,24.9,,,,
146,2022-11-11 15:00,22.9,,.5,360,36,10,7,1016.2,1023.2,.8,1.48,,,6,6,Sc,10,2000,,,24.2,,,,
146,2022-11-11 16:00,22.2,,1.4,320,38,10.1,7.1,1016.2,1023.2,.9,.94,,,0,0,,,1969,,,22.2,,,,
146,2022-11-11 17:00,20.8,,1.4,320,42,10.3,7.4,1016.4,1023.5,.9,.37,,,0,0,,,2000,,,19.1,,,,
146,2022-11-11 18:00,19.6,,1.3,340,45,10.2,7.3,1016.6,1023.7,0,.02,,,4,4,Sc,10,1401,,,16.6,,,,
146,2022-11-11 19:00,19.1,,.3,0,46,10.1,7.1,1016.9,1024,,,,,3,3,,20,1247,,,15.7,,,,
146,2022-11-11 20:00,17.2,,1.1,160,55,10.7,8,1017,1024.2,,,,,3,1,,,1267,,,14.4,,,,
146,2022-11-11 21:00,16.2,,1,140,59,10.8,8.1,1017,1024.2,,,,,0,0,,,1201,,,13.5,,,,
146,2022-11-11 22:00,15.8,,.5,160,61,10.9,8.2,1017,1024.2,,,,,0,0,,,1318,,,12.9,,,,
146,2022-11-11 23:00,14.8,,1.2,140,66,11.1,8.5,1016.7,1023.9,,,,,0,0,,,1496,,,12.3,,,,
146,2022-11-12 00:00,14.1,,1.7,140,69,11,8.4,1016.5,1023.8,,,,,0,0,,,1347,,,11.9,,,,
146,2022-11-12 01:00,13.9,,.8,110,70,11.1,8.5,1016.4,1023.7,,,,,0,0,,,1201,,,11.6,,,,
146,2022-11-12 02:00,13.5,,1.6,140,73,11.2,8.7,1016,1023.3,,,,,4,0,,,1064,,,11.2,,,,
146,2022-11-12 03:00,13.2,,1.1,110,74,11.2,8.6,1015.3,1022.6,,,,,0,0,,,971,,40,11,,,,
146,2022-11-12 04:00,13.4,,1.2,110,72,11,8.4,1014.8,1022.1,,,,,0,0,,,1083,,40,10.7,,,,
146,2022-11-12 05:00,13.7,,1.5,110,72,11.2,8.7,1014.5,1021.8,,,,,0,0,,,1064,,,10.6,,,,
146,2022-11-12 06:00,13.7,,1.7,110,73,11.4,8.9,1014.3,1021.6,,,,,7,7,Sc,18,1005,,,11.1,,,,
146,2022-11-12 07:00,14.3,,1.7,110,72,11.7,9.3,1014,1021.2,,,,,8,8,Sc,17,1052,,,11.9,,,,
146,2022-11-12 08:00,15.6,,1.3,140,69,12.2,9.9,1013.6,1020.8,0,.07,,,7,7,Sc,15,1313,,,13,,,,
146,2022-11-12 09:00,18.7,,1.3,140,59,12.7,10.5,1013.1,1020.2,.7,.56,,,5,0,Ci,,1903,,,14.4,,,,
146,2022-11-12 10:00,21.1,,1.4,110,51,12.7,10.5,1012.9,1020,1,1.12,,,1,0,Ci,,2000,,,17.7,,,,
146,2022-11-12 11:00,22.1,,1.9,180,50,13.2,11.1,1011.9,1018.9,1,1.52,,,3,3,Sc,10,1741,,,20.3,,,,
146,2022-11-12 12:00,23.4,,1.7,160,52,14.9,12.9,1010.6,1017.5,.2,1.15,,,8,8,Sc,15,1427,,,21.9,,,,
146,2022-11-12 13:00,23.7,,3.2,160,52,15.2,13.2,1009.3,1016.2,.2,1.35,,,9,9,Sc,15,2000,,,23.1,,,,
146,2022-11-12 14:00,24.6,,2.8,160,52,16,14,1008.2,1015.1,.4,1.35,,,6,3,ScCi,15,2000,,,24.6,,,,
146,2022-11-12 15:00,23.7,,2.2,160,55,16.1,14.1,1007.8,1014.7,.2,.76,,,7,6,ScCi,15,2000,,,22.8,,,,
146,2022-11-12 16:00,22.9,,3.3,160,59,16.4,14.4,1007.4,1014.3,0,.26,,,8,7,ScCi,10,2000,,,20.9,,,,
146,2022-11-12 17:00,22.2,,1.5,160,61,16.3,14.3,1007.1,1014.1,0,.16,,,10,6,ScCi,10,2000,,,19.7,,,,
146,2022-11-12 18:00,21.7,0,2.4,160,64,16.5,14.5,1006.7,1013.7,0,0,,,10,6,ScAs,10,2000,,01,18.9,,,,
146,2022-11-12 19:00,21.2,,2,160,67,16.8,14.8,1006.1,1013.1,,,,,10,6,ScAs,10,2000,,01,18.3,,,,
146,2022-11-12 20:00,20.6,,2.7,160,74,17.8,15.7,1005.7,1012.7,,,,,10,7,ScAs,10,1972,,01,18,,,,
146,2022-11-12 21:00,20.7,0,2,160,74,17.9,15.8,1004.8,1011.8,,,,,10,7,ScAs,10,2000,,,17.8,,,,
146,2022-11-12 22:00,19.9,,2.1,160,81,18.8,16.5,1004.2,1011.2,,,,,10,8,ScAs,10,1199,,01,17.8,,,,
146,2022-11-12 23:00,19.4,,2.4,160,86,19.2,16.9,1003.6,1010.6,,,,,10,7,StNs,8,1013,,01,17.8,,,,
146,2022-11-13 00:00,18.7,4.9,1.5,270,93,20,17.5,1003.5,1010.5,,,,,10,7,StNs,,363,,01,18,,,,
146,2022-11-13 01:00,18.9,,4.3,250,94,20.5,17.9,1003.6,1010.6,,,,,10,8,StNs,8,222,,01,18.2,,,,
146,2022-11-13 02:00,16.2,,3.4,250,92,16.8,14.8,1004.4,1011.5,,,,,10,8,ScAs,10,916,,1,17.4,,,,
146,2022-11-13 03:00,14.1,7.2,3.9,270,92,14.8,12.8,1005.5,1012.7,,,,,10,8,ScAs,10,703,,01,16,,,,
146,2022-11-13 04:00,12.7,,4.3,250,91,13.3,11.2,1006,1013.2,,,,,10,7,ScAs,10,957,,01,14.9,,,,
146,2022-11-13 05:00,11.7,,4.1,270,91,12.4,10.2,1006.6,1013.9,,,,,10,8,ScAs,10,907,,01,14.1,,,,
146,2022-11-13 06:00,11.4,2.1,2.5,270,88,11.8,9.4,1006.3,1013.6,,,,,8,8,Sc,10,956,,,13.7,,,,
146,2022-11-13 07:00,11.1,,1.5,250,87,11.5,9,1007.1,1014.4,,,,,9,9,Sc,10,910,,01,13.4,,,,
146,2022-11-13 08:00,10.9,,3.8,270,83,10.8,8.1,1008,1015.3,0,.01,,,9,9,Sc,6,1241,,01,12.8,,,,
146,2022-11-13 09:00,10.7,0,2.8,270,82,10.5,7.7,1008.6,1015.9,0,.05,,,9,9,Sc,6,1253,,01,12.6,,,,
146,2022-11-13 10:00,10.7,,3.2,270,77,9.9,6.8,1009,1016.3,0,.14,,,9,9,Sc,5,1652,,,12.5,,,,
146,2022-11-13 11:00,10.5,,3.2,270,77,9.7,6.6,1009.2,1016.5,0,.19,,,9,9,Sc,5,1581,,,12.4,,,,
146,2022-11-13 12:00,10.6,,3.3,270,75,9.5,6.3,1009.5,1016.8,0,.22,,,9,9,Sc,6,1900,,,12.6,,,,
146,2022-11-13 13:00,10.8,,2.9,250,72,9.3,5.9,1009.4,1016.7,0,.32,,,9,9,Sc,6,1999,,,13,,,,
146,2022-11-13 14:00,11.1,,2.3,270,71,9.3,6,1008.9,1016.2,0,.6,,,9,9,Sc,8,2000,,,14.2,,,,
146,2022-11-13 15:00,11.8,,1.2,250,66,9.1,5.6,1008.7,1016,.1,.85,,,7,7,Sc,8,2000,,,15.3,,,,
146,2022-11-13 16:00,11.5,,2.2,250,65,8.8,5.1,1009.3,1016.6,.2,.61,,,7,7,Sc,8,2000,,,14.5,,,,
146,2022-11-13 17:00,10.8,,3.6,250,70,9,5.5,1010.4,1017.7,.1,.19,,,8,8,Sc,10,2000,,,12.9,,,,
146,2022-11-13 18:00,10.5,,2.1,250,74,9.3,6,1011.2,1018.5,0,.02,,,7,7,Sc,8,2000,,,12.2,,,,
146,2022-11-13 19:00,10.2,,.9,200,76,9.4,6.1,1011.7,1019.1,,,,,9,9,,8,1945,,,12,,,,
146,2022-11-13 20:00,10.4,,.5,160,74,9.3,5.9,1011.9,1019.3,,,,,10,10,,9,1943,,,12,,,,
146,2022-11-13 21:00,10,,.9,250,77,9.4,6.1,1012.1,1019.5,,,,,9,0,Ci,,1852,,,11.5,,,,
146,2022-11-13 22:00,9.9,,1.2,230,77,9.3,6,1012.5,1019.9,,,,,9,9,,55,1743,,,11.1,,,,
146,2022-11-13 23:00,9.6,,1.3,230,78,9.3,5.9,1012.8,1020.2,,,,,10,1,,7,1779,,,10.7,,,,
146,2022-11-14 00:00,9.5,,.8,230,79,9.3,6,1012.4,1019.8,,,,,9,0,Ci,,1728,,,10.4,,,,
146,2022-11-14 01:00,9.4,,.3,0,80,9.4,6.1,1012.3,1019.7,,,,,10,9,,12,1687,,,10.5,,,,
146,2022-11-14 02:00,9.4,,1,230,81,9.5,6.2,1012.6,1020,,,,,7,7,,11,1588,,,10.5,,,,
146,2022-11-14 03:00,9.4,,1.1,250,81,9.5,6.3,1012.9,1020.3,,,,,9,9,Sc,11,1412,,,10.7,,,,
146,2022-11-14 04:00,9.2,,.7,230,81,9.4,6.1,1012.8,1020.2,,,,,9,9,Sc,10,1218,,,10.7,,,,
146,2022-11-14 05:00,9,,1.3,230,84,9.6,6.4,1012.7,1020.1,,,,,9,9,Sc,10,1204,,,10.7,,,,
146,2022-11-14 06:00,9.2,,.5,200,83,9.6,6.4,1012.4,1019.8,,,,,9,9,Sc,10,1131,,,10.8,,,,
146,2022-11-14 07:00,9.3,,.6,200,83,9.7,6.5,1012.2,1019.6,,,,,9,9,Sc,10,1155,,,10.8,,,,
146,2022-11-14 08:00,9.7,,.5,200,81,9.7,6.5,1012.3,1019.7,0,.05,,,9,6,ScCi,10,1142,,,11.1,,,,
146,2022-11-14 09:00,10.3,,.8,230,78,9.7,6.6,1013,1020.4,0,.16,,,9,7,ScCi,10,1314,,,11.7,,,,
146,2022-11-14 10:00,11,,.6,290,75,9.8,6.7,1013,1020.3,.2,.63,,,9,9,Sc,8,1044,,,13.6,,,,
146,2022-11-14 11:00,12.2,,.9,230,69,9.7,6.6,1012.4,1019.7,.1,.88,,,9,9,Sc,8,1267,,,15.4,,,,
146,2022-11-14 12:00,12.9,,2.2,230,65,9.6,6.4,1011.4,1018.7,.3,1.08,,,4,4,Sc,10,1188,,,17.1,,,,
146,2022-11-14 13:00,13.6,,2.3,250,64,9.9,6.9,1011.1,1018.3,.8,1.73,,,7,7,Sc,10,1537,,,18.2,,,,
146,2022-11-14 14:00,14.9,,2,250,57,9.6,6.4,1010.4,1017.6,.9,1.81,,,8,8,Sc,10,1427,,,20.2,,,,
146,2022-11-14 15:00,13.8,,3.2,270,58,9.1,5.6,1010,1017.2,.5,.85,,,7,7,Sc,10,1887,,,17.3,,,,
146,2022-11-14 16:00,12,,4,270,63,8.8,5.1,1010.5,1017.8,.9,1.01,,,7,5,ScCi,10,1970,,,15.4,,,,
146,2022-11-14 17:00,10.9,,3.3,270,65,8.4,4.5,1010.7,1018,.5,.32,,,7,7,Sc,10,2000,,,13.1,,,,
146,2022-11-14 18:00,10.3,,3,270,67,8.4,4.4,1011.2,1018.6,0,.02,,,7,7,Sc,8,1889,,,11.9,,,,
146,2022-11-14 19:00,9.7,,2.3,250,64,7.7,3.2,1011.4,1018.7,,,,,9,4,,10,1728,,,10.5,,,,
146,2022-11-14 20:00,9.5,,2.4,270,63,7.4,2.7,1011.2,1018.5,,,,,5,4,,11,1918,,,9.8,,,,
146,2022-11-14 21:00,9.5,,2.5,250,62,7.3,2.5,1011.5,1018.9,,,,,9,9,Sc,10,1898,,,9.8,,,,
146,2022-11-14 22:00,9.3,,1.3,320,64,7.5,2.8,1011.6,1019,,,,,0,0,,,2000,,,10.1,,,,
146,2022-11-14 23:00,8.7,,1.3,340,67,7.5,2.9,1011.7,1019.1,,,,,0,0,,,2000,,,10,,,,
146,2022-11-15 00:00,8.1,,1.3,340,66,7.1,2.1,1011.6,1019,,,,,2,2,Sc,10,2000,,,9.1,,,,
146,2022-11-15 01:00,7.6,,2.1,340,67,7,1.8,1011.6,1019,,,,,2,2,,11,2000,,,8,,,,
146,2022-11-15 02:00,7.9,,.9,110,64,6.8,1.4,1011.4,1018.8,,,,,0,0,,,2000,,,7.3,,,,
146,2022-11-15 03:00,6.6,,1.4,140,73,7.1,2,1011,1018.4,,,,,0,0,,,2000,,,6.6,,,,
146,2022-11-15 04:00,5.8,,1.4,110,76,7,1.8,1010.9,1018.4,,,,,0,0,,,2000,,,6.2,,,,
146,2022-11-15 05:00,5,,1.3,140,80,7,1.8,1011.1,1018.6,,,,,0,0,,,2000,,,5.8,,,,
146,2022-11-15 06:00,4.5,,1.4,140,82,6.9,1.6,1010.9,1018.4,,,,,0,0,,,2000,,,5.4,,,,
146,2022-11-15 07:00,4.5,,1.3,110,82,6.9,1.6,1010.8,1018.3,,,,,7,7,Sc,10,2000,,,5.3,,,,
146,2022-11-15 08:00,5.1,,1.1,110,80,7,1.9,1011.3,1018.8,.1,.08,,,2,1,ScCi,15,2000,,,6.4,,,,
146,2022-11-15 09:00,6.7,,1.1,140,74,7.2,2.3,1011.5,1018.9,.6,.44,,,8,8,Sc,13,2000,,,8.4,,,,
146,2022-11-15 10:00,9.4,,.9,160,62,7.3,2.4,1011.6,1019,.8,1.02,,,3,2,ScCi,12,2000,,,11.2,,,,
146,2022-11-15 11:00,11.8,,.9,250,54,7.4,2.7,1011.6,1018.9,.9,1.49,,,1,0,Ci,,2000,,,14.6,,,,
146,2022-11-15 12:00,12.2,,1.3,250,56,7.9,3.6,1011.1,1018.4,.7,1.39,,,6,6,Sc,10,2000,,,15.7,,,,
146,2022-11-15 13:00,12.8,,2.4,290,55,8.1,3.9,1010.5,1017.8,.7,1.48,,,6,6,Sc,10,2000,,,16.3,,,,
146,2022-11-15 14:00,14.1,,2.5,290,48,7.7,3.2,1009.8,1017,.7,1.52,,,3,3,Sc,12,2000,,,17.5,,,,
146,2022-11-15 15:00,13.9,,2.3,270,53,8.4,4.4,1009.7,1016.9,.9,1.41,,,5,5,Sc,15,2000,,,16.5,,,,
146,2022-11-15 16:00,13.1,,3.3,270,50,7.5,2.8,1009.9,1017.1,.6,.62,,,4,4,Sc,11,2000,,,14,,,,
146,2022-11-15 17:00,12.3,,3,250,51,7.3,2.4,1010.5,1017.8,.9,.41,,,1,1,Sc,10,2000,,,11.8,,,,
146,2022-11-15 18:00,11.5,,1.5,250,59,8,3.7,1010.8,1018.1,0,.01,,,7,7,Sc,10,1986,,,10.7,,,,
146,2022-11-15 19:00,11,,1.9,230,61,8,3.7,1011.3,1018.6,,,,,0,0,,,1774,,,9.6,,,,
146,2022-11-15 20:00,9.8,,1,160,66,8,3.7,1011.5,1018.8,,,,,0,0,,,1695,,,8.7,,,,
146,2022-11-15 21:00,8.6,,.9,180,72,8,3.8,1011.7,1019.1,,,,,1,1,Sc,10,1776,,,8.2,,,,
146,2022-11-15 22:00,7.8,,1.2,140,76,8,3.8,1011.8,1019.2,,,,,0,0,,,1615,,,7.8,,,,
146,2022-11-15 23:00,8.6,,1.4,180,73,8.1,4,1011.4,1018.8,,,,,1,1,,16,1739,,,7.8,,,,
146,2022-11-16 00:00,8.3,,1.2,140,75,8.2,4.1,1011.4,1018.8,,,,,6,6,Sc,,1758,,,8.3,,,,
146,2022-11-16 01:00,7.9,,1.4,140,76,8.1,3.9,1011.2,1018.6,,,,,6,2,,13,1743,,,7.5,,,,
146,2022-11-16 02:00,9,,1.4,180,74,8.5,4.6,1011.1,1018.5,,,,,7,1,,12,1955,,,7.2,,,,
146,2022-11-16 03:00,10.3,,1.6,160,72,9,5.4,1010.6,1017.9,,,,,9,9,Sc,10,2000,,,8.2,,,,
146,2022-11-16 04:00,8.9,,.7,180,90,10.2,7.3,1011.7,1019.1,,,,,10,7,ScAs,10,687,,1901,8.9,,,,
146,2022-11-16 05:00,8.3,,1.2,140,92,10,7,1011.7,1019.1,,,,,0,0,,,461,,1901,7.9,,,,
146,2022-11-16 06:00,7.7,.2,1.5,140,93,9.7,6.6,1011.9,1019.3,,,,,8,8,Sc,10,397,,19,7.5,,,,
146,2022-11-16 07:00,7.1,,1.6,140,92,9.2,5.8,1012.4,1019.8,,,,,6,6,Sc,10,588,,19,6.9,,,,
146,2022-11-16 08:00,7.5,,1.2,140,93,9.6,6.4,1012.9,1020.3,0,.08,,,0,0,,,443,,19,7,,,,
146,2022-11-16 09:00,9.5,,1.1,140,83,9.8,6.7,1013.7,1021.1,1,.55,,,0,0,,,905,,19,8.9,,,,
146,2022-11-16 10:00,12.2,,.3,0,76,10.7,8,1014.4,1021.7,1,1.12,,,0,0,,,766,,19,12.5,,,,
146,2022-11-16 11:00,13.9,,.8,320,60,9.5,6.2,1014.4,1021.6,1,1.52,,,5,5,Sc,8,1215,,,16.1,,,,
146,2022-11-16 12:00,13.9,,1.9,290,50,7.9,3.6,1014.1,1021.3,.8,1.43,,,6,6,Sc,10,1379,,,16.8,,,,
146,2022-11-16 13:00,13.4,,2,290,51,7.8,3.4,1013.7,1021,.9,1.86,,,6,6,Sc,10,1376,,,16.9,,,,
146,2022-11-16 14:00,14,,2.2,290,46,7.3,2.5,1013.3,1020.5,.8,1.58,,,4,4,Sc,14,1688,,,17.8,,,,
146,2022-11-16 15:00,14.8,,1.5,320,46,7.7,3.2,1013.1,1020.3,.8,1.36,,,3,3,Sc,10,1661,,,18.5,,,,
146,2022-11-16 16:00,13.8,,1.7,340,49,7.7,3.2,1013.1,1020.3,1,.98,,,5,5,Sc,12,1787,,,16.5,,,,
146,2022-11-16 17:00,13.4,,1.2,250,52,8,3.7,1013.6,1020.9,.3,.28,,,2,2,Sc,12,1984,,,13.9,,,,
146,2022-11-16 18:00,11.7,,1.9,270,59,8.1,3.9,1013.7,1021,0,.02,,,2,0,Ci,,2000,,,11.5,,,,
146,2022-11-16 19:00,11.2,,1,230,63,8.4,4.4,1014.6,1021.9,,,,,3,2,,73,1919,,,10.4,,,,
146,2022-11-16 20:00,10.5,,.8,200,65,8.2,4.1,1015.4,1022.8,,,,,4,1,,,2000,,,9.3,,,,
146,2022-11-16 21:00,9.5,,1.4,110,70,8.2,4.2,1015.5,1022.9,,,,,3,0,Ci,,2000,,,8.7,,,,
146,2022-11-16 22:00,8.7,,1.2,140,73,8.2,4.1,1015.3,1022.7,,,,,10,9,,61,1924,,,8.8,,,,
146,2022-11-16 23:00,8.5,,.3,0,75,8.3,4.3,1015.3,1022.7,,,,,9,9,,56,1833,,,8.6,,,,
146,2022-11-17 00:00,8.1,,.9,140,76,8.2,4.1,1015.5,1022.9,,,,,7,0,Ci,,1805,,,8.4,,,,
146,2022-11-17 01:00,7.8,,.8,140,78,8.2,4.1,1015.3,1022.7,,,,,7,7,,59,1702,,,8,,,,
146,2022-11-17 02:00,7.1,,1.5,110,80,8,3.8,1015.1,1022.6,,,,,9,9,,52,1519,,,7.5,,,,
146,2022-11-17 03:00,6.9,,1.1,140,81,8,3.8,1015.5,1023,,,,,7,0,Ci,,1356,,,7.3,,,,
146,2022-11-17 04:00,6.9,,1,110,82,8.1,4,1015.5,1023,,,,,7,0,Ci,,1305,,,7.3,,,,
146,2022-11-17 05:00,6.4,,1,90,84,8,3.8,1015.9,1023.4,,,,,6,0,Ci,,1202,,,6.8,,,,
146,2022-11-17 06:00,6.1,,.9,110,84,7.8,3.5,1016.2,1023.7,,,,,4,0,Ci,,1150,,,6,,,,
146,2022-11-17 07:00,5.3,,1.4,140,86,7.6,3.1,1016,1023.5,,,,,6,0,Ci,,1022,,,5.6,,,,
146,2022-11-17 08:00,5.7,,1.3,140,84,7.7,3.2,1016.6,1024.1,.1,.06,,,4,0,Ci,,1129,,,5.5,,,,
146,2022-11-17 09:00,7.9,,.4,0,66,7,1.9,1017.2,1024.6,1,.49,,,5,0,Ci,,1934,,,7.3,,,,
146,2022-11-17 10:00,10.7,,.7,180,57,7.3,2.5,1017.3,1024.7,1,1.1,,,7,0,Ci,,1959,,,11.2,,,,
146,2022-11-17 11:00,13.4,,.7,340,46,7,1.9,1017.3,1024.6,1,1.55,,,0,0,,,1993,,,14.9,,,,
146,2022-11-17 12:00,14.7,,1,320,41,6.8,1.5,1016.2,1023.4,1,1.95,,,0,0,,,1966,,,17.8,,,,
146,2022-11-17 13:00,15.8,,1.2,20,40,7.2,2.2,1015.3,1022.5,1,2.05,,,0,0,,,1872,,,19.9,,,,
146,2022-11-17 14:00,16.5,,1.8,320,38,7.1,2.1,1014.9,1022.1,1,1.91,,,0,0,,,2000,,,19.7,,,,
146,2022-11-17 15:00,16.6,,1.5,290,35,6.6,1,1014.8,1022,1,1.55,,,0,0,,,2000,,,18.8,,,,
146,2022-11-17 16:00,17,,.9,20,34,6.6,1,1014.9,1022.1,1,1.05,,,0,0,,,2000,,,17.3,,,,
146,2022-11-17 17:00,15,,1.8,320,41,7,1.8,1015.4,1022.7,1,.43,,,0,0,,,2000,,,14.1,,,,
146,2022-11-17 18:00,13.5,,1.1,320,46,7.1,2,1015.8,1023.1,.2,.02,,,0,0,,,2000,,,11.7,,,,
146,2022-11-17 19:00,12.1,,1.6,340,50,7,1.9,1016.6,1023.9,,,,,0,0,,,2000,,,10.3,,,,
146,2022-11-17 20:00,11.1,,1.5,110,58,7.6,3.1,1017.2,1024.6,,,,,0,0,,,2000,,,9.2,,,,
146,2022-11-17 21:00,9.2,,1.6,110,64,7.4,2.7,1017.3,1024.7,,,,,0,0,,,2000,,,8.3,,,,
146,2022-11-17 22:00,8.9,,.9,160,66,7.5,2.8,1017.8,1025.2,,,,,0,0,,,1975,,,7.6,,,,
146,2022-11-17 23:00,7.9,,1.6,140,68,7.2,2.3,1017.9,1025.4,,,,,1,0,,,1995,,,7.1,,,,
146,2022-11-18 00:00,7.6,,.8,140,71,7.4,2.6,1018,1025.5,,,,,0,0,,,1968,,,6.5,,,,
146,2022-11-18 01:00,6.3,,1.3,140,74,7,1.9,1017.8,1025.3,,,,,0,0,,,1998,,,5.9,,,,
146,2022-11-18 02:00,6.2,,1.2,140,74,7,1.9,1017.7,1025.2,,,,,0,0,,,2000,,,5.6,,,,
146,2022-11-18 03:00,6.4,,.1,0,74,7.1,2,1018.4,1025.9,,,,,0,0,,,1996,,,5.1,,,,
146,2022-11-18 04:00,5.5,,1.5,140,78,7,1.9,1018.4,1025.9,,,,,0,0,,,1961,,,4.8,,,,
146,2022-11-18 05:00,5,,1.4,140,80,7,1.8,1018.2,1025.8,,,,,0,0,,,1784,,,4.5,,,,
146,2022-11-18 06:00,5.1,,1.1,160,78,6.8,1.5,1018.5,1026.1,,,,,0,0,,,1871,,,4.1,,,,
146,2022-11-18 07:00,5.3,,.7,50,76,6.8,1.4,1018.9,1026.5,,,,,0,0,,,1908,,,3.9,,,,
146,2022-11-18 08:00,6.1,,.8,140,72,6.8,1.4,1019.2,1026.7,.3,.09,,,0,0,,,1792,,,4.1,,,,
146,2022-11-18 09:00,8.4,,.2,0,63,6.9,1.7,1019.6,1027,1,.61,,,0,0,,,1817,,,6.3,,,,
146,2022-11-18 10:00,10.7,,.5,200,53,6.8,1.4,1019.4,1026.8,1,1.19,,,0,0,,,2000,,,10.7,,,,
146,2022-11-18 11:00,13.8,,.8,250,45,7.1,2,1019.2,1026.5,1,1.65,,,0,0,,,1935,,,14.6,,,,
146,2022-11-18 12:00,15.9,,1.2,340,40,7.2,2.2,1018.5,1025.7,1,1.98,,,0,0,,,1982,,,17.8,,,,
146,2022-11-18 13:00,18.4,,.9,320,35,7.4,2.6,1017.6,1024.7,1,2.06,,,0,0,,,1910,,,20,,,,
146,2022-11-18 14:00,19.7,,1.8,360,22,5,-2.6,1016.5,1023.6,1,1.94,,,0,0,,,2000,,,20.3,,,,
146,2022-11-18 15:00,19.9,,2.8,340,22,5.1,-2.4,1016,1023.1,1,1.6,,,0,0,,,2000,,,19.2,,,,
146,2022-11-18 16:00,19.4,,2.5,340,23,5.2,-2.2,1016.2,1023.3,1,1.07,,,0,0,,,2000,,,17.1,,,,
146,2022-11-18 17:00,17.6,,1.6,290,32,6.4,.6,1016.4,1023.6,1,.42,,,0,0,,,2000,,,14.2,,,,
146,2022-11-18 18:00,15.7,,1.1,270,37,6.6,1,1016.8,1024,.1,.02,,,0,0,,,2000,,,11.7,,,,
146,2022-11-18 19:00,13.9,,1,160,44,7,1.8,1017.5,1024.8,,,,,0,0,,,1848,,,10.3,,,,
146,2022-11-18 20:00,12.5,,.9,140,49,7.1,2,1017.8,1025.1,,,,,0,0,,,1929,,,9.3,,,,
146,2022-11-18 21:00,11,,1.4,160,53,6.9,1.7,1017.5,1024.9,,,,,0,0,,,2000,,,8.5,,,,
146,2022-11-18 22:00,9,,1.3,110,59,6.8,1.4,1017.4,1024.8,,,,,0,0,,,2000,,,7.8,,,,
146,2022-11-18 23:00,9.7,,1.6,110,56,6.7,1.3,1016.9,1024.3,,,,,0,0,,,2000,,,7.1,,,,
146,2022-11-19 00:00,8.6,,1.7,110,58,6.4,.7,1017.1,1024.5,,,,,0,0,,,2000,,,6.6,,,,
146,2022-11-19 01:00,8.6,,.6,140,59,6.6,1,1016.8,1024.2,,,,,0,0,,,2000,,,6,,,,
146,2022-11-19 02:00,7.8,,.7,160,66,7,1.8,1017,1024.4,,,,,0,0,,,1885,,,5.6,,,,
146,2022-11-19 03:00,6.7,,.8,90,69,6.8,1.4,1017.1,1024.6,,,,,0,0,,,2000,,,5.2,,,,
146,2022-11-19 04:00,6.6,,1.6,140,63,6.1,0,1016.7,1024.2,,,,,0,0,,,2000,,,4.9,,,,
146,2022-11-19 05:00,6.1,,1.8,110,65,6.1,0,1016,1023.5,,,,,0,0,,,2000,,,4.6,,,,
146,2022-11-19 06:00,6.7,,1,110,63,6.2,.1,1016.1,1023.6,,,,,0,0,,,2000,,,4.4,,,,
146,2022-11-19 07:00,6.5,,1.5,140,63,6.1,0,1016.2,1023.7,,,,,2,0,Ci,,1942,,,4.3,,,,
146,2022-11-19 08:00,7.3,,1.3,140,62,6.3,.4,1016.6,1024.1,0,.07,,,4,0,Ci,,1830,,,4.8,,,,
146,2022-11-19 09:00,9.6,,.3,0,58,6.9,1.7,1016.8,1024.2,.4,.43,,,8,5,AcCi,42,1632,,,7.5,,,,
146,2022-11-19 10:00,12.3,,.1,0,48,6.8,1.5,1016.9,1024.2,.4,.76,,,8,6,AcCi,43,1982,,,10.1,,,,
146,2022-11-19 11:00,14.8,,.5,340,40,6.7,1.3,1016.6,1023.8,1,1.28,,,7,4,AcCi,41,2000,,,13.6,,,,
146,2022-11-19 12:00,17.6,,1,250,37,7.4,2.7,1015.3,1022.4,1,1.87,,,7,0,Ci,,2000,,,17.7,,,,
146,2022-11-19 13:00,20,,.5,320,34,7.9,3.6,1013.8,1020.9,1,2.09,,,6,0,Ci,,2000,,,20.4,,,,
146,2022-11-19 14:00,19.8,,1.6,320,32,7.4,2.6,1012.9,1019.9,.4,1.4,,,7,0,Ci,,2000,,,19.6,,,,
146,2022-11-19 15:00,19.4,,1.1,360,30,6.7,1.3,1011.7,1018.7,1,1.48,,,6,0,Ci,,2000,,,19.2,,,,
146,2022-11-19 16:00,19.1,,1.4,340,31,6.8,1.5,1011.7,1018.8,1,.95,,,3,0,Ci,,2000,,,17.5,,,,
146,2022-11-19 17:00,17.8,,1.8,320,35,7.1,2.1,1012.3,1019.4,1,.38,,,2,0,Ci,,2000,,,14.4,,,,
146,2022-11-19 18:00,16.8,,1,270,39,7.4,2.7,1012.6,1019.8,0,.02,,,2,0,Ci,,2000,,,12.3,,,,
146,2022-11-19 19:00,15.1,,.9,200,46,7.8,3.5,1013,1020.2,,,,,0,0,,,2000,,,11,,,,
146,2022-11-19 20:00,13.5,,1.3,110,51,7.8,3.5,1012.7,1019.9,,,,,8,8,,53,2000,,,10.6,,,,
146,2022-11-19 21:00,13,,.9,140,52,7.7,3.3,1013,1020.3,,,,,8,8,Ac,40,2000,,,10.1,,,,
146,2022-11-19 22:00,12.6,,1.1,200,55,8,3.7,1013.2,1020.5,,,,,4,4,,53,1985,,,9.3,,,,
146,2022-11-19 23:00,11.7,,1.1,140,58,7.9,3.6,1013.3,1020.6,,,,,6,1,,61,2000,,,8.9,,,,
146,2022-11-20 00:00,11.4,,1.3,110,60,8,3.8,1013.3,1020.6,,,,,9,9,,,2000,,,9.4,,,,
146,2022-11-20 01:00,11.2,,1.5,140,61,8.1,3.9,1012.9,1020.2,,,,,9,9,,42,2000,,,9.3,,,,
146,2022-11-20 02:00,11.5,,1.4,140,60,8.1,3.9,1012.6,1019.9,,,,,9,9,,41,2000,,,9.6,,,,
146,2022-11-20 03:00,11.6,,.7,110,61,8.3,4.3,1012.6,1019.9,,,,,9,9,Ac,40,2000,,,9.8,,,,
146,2022-11-20 04:00,11.4,,.5,90,62,8.3,4.3,1012.1,1019.4,,,,,9,9,Ac,40,2000,,01,10.1,,,,
146,2022-11-20 05:00,11.9,,1,180,61,8.5,4.6,1012.4,1019.7,,,,,9,9,Ac,35,2000,,,10.2,,,,
146,2022-11-20 06:00,11.3,0,.6,20,64,8.5,4.7,1012.4,1019.7,,,,,9,9,Ac,35,2000,,,10.4,,,,
146,2022-11-20 07:00,11,,.9,90,66,8.6,4.8,1012.2,1019.5,,,,,8,8,Ac,35,2000,,,9.5,,,,
146,2022-11-20 08:00,11.5,,.6,140,66,8.9,5.3,1012.9,1020.2,0,.04,,,3,3,Ac,35,2000,,,8.8,,,,
146,2022-11-20 09:00,13.6,,.7,90,59,9.2,5.7,1013.3,1020.5,1,.54,,,3,3,Ac,35,2000,,,10.5,,,,
146,2022-11-20 10:00,15.5,,.3,0,54,9.5,6.2,1013.6,1020.8,.8,.89,,,4,4,Ac,35,2000,,,13.1,,,,
146,2022-11-20 11:00,17,,.3,0,51,9.8,6.7,1012.9,1020.1,.8,1.3,,,6,4,AcCi,35,2000,,,15.5,,,,
146,2022-11-20 12:00,17.9,,.7,320,46,9.4,6.1,1012.1,1019.2,.2,1.01,,,7,7,Ac,35,2000,,,16.9,,,,
146,2022-11-20 13:00,19.1,,1.7,340,43,9.5,6.2,1011.3,1018.4,.5,1.49,,,7,7,Ac,35,2000,,,20.1,,,,
146,2022-11-20 14:00,19.2,,1,250,42,9.3,5.9,1010.8,1017.8,.4,1.15,,,8,6,AcCi,35,2000,,,19.3,,,,
146,2022-11-20 15:00,18.8,,1.5,320,46,9.9,6.9,1010.7,1017.8,.8,1.13,,,8,4,AcCi,35,2000,,,18.9,,,,
146,2022-11-20 16:00,18,,1.4,340,42,8.6,4.8,1011.1,1018.2,1,.82,,,6,2,AcCi,42,2000,,,17.3,,,,
146,2022-11-20 17:00,17.2,,1.2,270,48,9.3,6,1011.6,1018.7,.7,.34,,,5,5,Ac,35,2000,,,15.1,,,,
146,2022-11-20 18:00,16.5,,.9,250,50,9.3,6,1011.5,1018.7,0,.01,,,4,4,Ac,31,2000,,,13.8,,,,
146,2022-11-20 19:00,15.6,,.1,0,54,9.5,6.3,1012.2,1019.4,,,,,0,0,,,1747,,,12.2,,,,
146,2022-11-20 20:00,14,,.8,140,60,9.5,6.3,1012.4,1019.6,,,,,0,0,,,1925,,,11.2,,,,
146,2022-11-20 21:00,12.6,,1.1,110,65,9.4,6.1,1012.5,1019.8,,,,,0,0,,,1884,,,10.4,,,,
146,2022-11-20 22:00,11.4,,1.6,110,69,9.3,5.9,1012.6,1019.9,,,,,0,0,,,1818,,,9.6,,,,
146,2022-11-20 23:00,11,,1,140,72,9.4,6.1,1012.9,1020.2,,,,,0,0,,,1516,,,9,,,,
146,2022-11-21 00:00,10.6,,.4,0,73,9.3,5.9,1013.4,1020.8,,,,,0,0,,,1612,,,8.6,,,,
146,2022-11-21 01:00,9.9,,1.2,110,74,9,5.4,1013.9,1021.3,,,,,1,0,,,1516,,,8.2,,,,
146,2022-11-21 02:00,9,,1.4,140,79,9,5.5,1014.4,1021.8,,,,,2,0,,,1367,,,7.8,,,,
146,2022-11-21 03:00,8.8,,.8,140,81,9.2,5.7,1013.6,1021,,,,,0,0,,,1238,,,7.4,,,,
146,2022-11-21 04:00,8.4,,1.3,140,80,8.8,5.1,1013,1020.4,,,,,0,0,,,1171,,,7,,,,
146,2022-11-21 05:00,8.6,,.9,110,79,8.8,5.1,1012.9,1020.3,,,,,0,0,,,1229,,,6.8,,,,
146,2022-11-21 06:00,8.2,,1.1,110,81,8.8,5.1,1014.1,1021.5,,,,,0,0,,,1184,,,6.5,,,,
146,2022-11-21 07:00,7.5,,1.3,140,84,8.7,4.9,1014.4,1021.8,,,,,1,0,Ci,,1041,,,6.3,,,,
146,2022-11-21 08:00,8.4,,.6,140,81,8.9,5.3,1015.1,1022.5,.1,.08,,,8,0,Ci,,1089,,,6.8,,,,
146,2022-11-21 09:00,10.4,,.6,140,73,9.2,5.7,1015.5,1022.9,.8,.44,,,7,0,Ci,,1285,,,9.1,,,,
146,2022-11-21 10:00,12.4,,0,0,68,9.7,6.6,1015.8,1023.1,.2,.73,,,8,0,Ci,,1360,,,11.7,,,,
146,2022-11-21 11:00,14.4,,.4,0,58,9.5,6.2,1014.7,1021.9,.8,1.11,,,8,0,Ci,,1459,,,14.7,,,,
146,2022-11-21 12:00,16.8,,.4,0,50,9.5,6.3,1014,1021.2,.9,1.34,,,9,0,Ci,,1766,,,16.8,,,,
146,2022-11-21 13:00,18,,.8,290,49,10.1,7.1,1013.5,1020.6,1,1.28,,,8,0,Ci,,1341,,,17.8,,,,
146,2022-11-21 14:00,18.2,,1.3,320,40,8.3,4.3,1012.8,1019.9,.9,1.5,,,9,0,Ci,,1956,,,18.5,,,,
146,2022-11-21 15:00,18.9,,1.1,320,40,8.7,4.9,1012.6,1019.7,.5,.96,,,9,0,Ci,,1995,,,17.9,,,,
146,2022-11-21 16:00,18,,2.1,290,33,6.8,1.4,1013.2,1020.3,1,.8,,,4,0,Ci,,2000,,,16.1,,,,
146,2022-11-21 17:00,16.5,,2,290,50,9.3,6,1013.5,1020.7,.7,.33,,,3,0,Ci,,1842,,,14,,,,
146,2022-11-21 18:00,14.8,,1.7,270,53,8.8,5.2,1014,1021.2,0,.01,,,1,0,Ci,,1509,,,12.1,,,,
146,2022-11-21 19:00,14.3,,.6,160,57,9.2,5.8,1014.3,1021.5,,,,,7,7,,64,1157,,,11.4,,,,
146,2022-11-21 20:00,13.8,,.6,140,59,9.3,5.9,1014.6,1021.9,,,,,8,8,,58,1171,,,11,,,,
146,2022-11-21 21:00,12.5,,1.3,110,66,9.5,6.3,1014.6,1021.9,,,,,6,0,Ci,,1007,,,10.3,,,,
146,2022-11-21 22:00,11.9,,.8,110,66,9.2,5.7,1015.1,1022.4,,,,,5,5,,52,1237,,,9.5,,,,
146,2022-11-21 23:00,10.5,,.7,20,71,9,5.4,1015.6,1023,,,,,7,7,,50,1205,,,9.1,,,,
146,2022-11-22 00:00,10.9,,.6,90,69,9,5.4,1015.6,1023,,,,,9,0,Ci,,1193,,,9.5,,,,
146,2022-11-22 01:00,10.5,,1,110,71,9,5.4,1015.4,1022.8,,,,,9,9,,47,1185,,,9.4,,,,
146,2022-11-22 02:00,10.2,,.9,140,73,9,5.5,1015.6,1023,,,,,10,10,,47,1143,,,9.6,,,,
146,2022-11-22 03:00,10.4,,.5,140,73,9.2,5.7,1015.2,1022.6,,,,,9,0,Ci,,1087,,,9.6,,,,
146,2022-11-22 04:00,10.2,,.8,110,73,9,5.5,1014.7,1022.1,,,,,9,0,Ci,,1057,,,9.6,,,,
146,2022-11-22 05:00,10.3,,.5,140,73,9.1,5.6,1014.4,1021.8,,,,,9,0,Ci,,1005,,,9.5,,,,
146,2022-11-22 06:00,10.1,,.8,140,74,9.1,5.6,1014.2,1021.6,,,,,9,0,Ci,,1011,,,9.5,,,,
146,2022-11-22 07:00,10,,.6,160,75,9.2,5.7,1014,1021.4,,,,,9,0,Ci,,978,,40,9.6,,,,
146,2022-11-22 08:00,10.6,,.5,160,72,9.2,5.7,1014.3,1021.7,0,.03,,,10,10,As,35,980,,40,10,,,,
146,2022-11-22 09:00,11.7,,.3,0,69,9.4,6.1,1014.4,1021.7,0,.24,,,10,10,As,35,949,,40,11.3,,,,
146,2022-11-22 10:00,13,,.3,0,64,9.5,6.3,1013.4,1020.7,0,.34,,,10,10,As,35,1045,,40,12.5,,,,
146,2022-11-22 11:00,14.4,,.6,230,60,9.8,6.7,1013.4,1020.6,0,.62,,,10,10,As,35,1027,,,14,,,,
146,2022-11-22 12:00,15.1,,.8,340,57,9.7,6.6,1012.6,1019.8,0,.27,,,10,10,As,35,1155,,,14.4,,,,
146,2022-11-22 13:00,14.6,,1.2,340,66,10.9,8.3,1011.9,1019.1,0,.32,,,10,10,As,30,731,,40,14.3,,,,
146,2022-11-22 14:00,15.2,,.4,0,61,10.5,7.7,1011.4,1018.6,0,.55,,,10,8,ScAs,10,649,,4001,15.6,,,,
146,2022-11-22 15:00,15.4,0,1.5,320,61,10.6,7.9,1011.6,1018.8,0,.45,,,10,8,ScAs,10,627,,4001,15,,,,
146,2022-11-22 16:00,13.9,,.8,270,72,11.4,8.9,1012.2,1019.4,0,.14,,,10,8,StNs,8,420,,4001,14.1,,,,
146,2022-11-22 17:00,13,,.9,250,80,11.9,9.6,1012.6,1019.9,0,.1,,,10,7,StNs,8,444,,401901,13.6,,,,
146,2022-11-22 18:00,12.4,.6,1.1,20,84,12,9.7,1012.2,1019.5,0,0,,,10,8,ScAs,10,364,,1901,12.8,,,,
146,2022-11-22 19:00,12.6,,.1,0,88,12.8,10.6,1011.8,1019.1,,,,,10,3,ScAs,8,291,,1901,12.4,,,,
146,2022-11-22 20:00,11.8,,1.3,70,91,12.5,10.3,1011.2,1018.5,,,,,10,4,ScAs,8,261,,1901,11.9,,,,
146,2022-11-22 21:00,11.8,0,.9,320,90,12.4,10.2,1011.4,1018.7,,,,,10,3,ScAs,8,242,,1901,11.7,,,,
146,2022-11-22 22:00,11.5,,0,0,92,12.4,10.2,1010.9,1018.2,,,,,10,5,ScAs,10,248,,1901,11.6,,,,
146,2022-11-22 23:00,11.5,,.5,110,93,12.6,10.4,1009.9,1017.2,,,,,10,6,ScAs,10,206,,1901,11.2,,,,
146,2022-11-23 00:00,11.1,.2,.2,0,94,12.4,10.1,1009.5,1016.8,,,,,10,5,ScAs,,158,,1901,11.1,,,,
146,2022-11-23 01:00,10.8,,.6,340,93,12,9.7,1009.4,1016.7,,,,,10,6,StNs,6,151,,1901,11.2,,,,
146,2022-11-23 02:00,10.7,,.6,290,92,11.8,9.4,1009.5,1016.8,,,,,10,7,StNs,6,313,,1901,11.2,,,,
146,2022-11-23 03:00,10.7,.1,.4,0,91,11.6,9.2,1009.5,1016.8,,,,,10,6,StNs,6,236,,1901,11.2,,,,
146,2022-11-23 04:00,10.5,,.5,180,92,11.6,9.2,1009.3,1016.6,,,,,10,5,StNs,6,188,,1901,11.1,,,,
146,2022-11-23 05:00,10.5,,.1,0,92,11.6,9.2,1009.3,1016.6,,,,,10,6,ScAs,6,193,,1901,11.2,,,,
146,2022-11-23 06:00,10.2,0,.1,0,92,11.4,8.9,1009.5,1016.8,,,,,10,3,ScAs,6,193,,19,10.6,,,,
146,2022-11-23 07:00,9.7,,.8,270,93,11.2,8.6,1009.9,1017.2,,,,,8,2,ScAs,5,161,,19,9.6,,,,
146,2022-11-23 08:00,9.6,,.7,320,94,11.2,8.6,1010.3,1017.6,0,.03,,,8,3,ScCi,12,117,,19,9.7,,,,
146,2022-11-23 09:00,10.5,,0,0,87,11,8.4,1010.6,1017.9,.3,.36,,,5,0,Ci,,232,,19,11.2,,,,
146,2022-11-23 10:00,12.2,,.5,340,76,10.7,8,1010.4,1017.7,1,.92,,,2,0,Ci,,342,,19,13.7,,,,
146,2022-11-23 11:00,13.4,,1.8,270,74,11.3,8.8,1010.6,1017.8,.9,1.27,,,0,0,,,481,,19,15.9,,,,
146,2022-11-23 12:00,14,,2.3,320,61,9.7,6.5,1010.5,1017.7,1,1.6,,,2,0,Ci,,767,,4019,17.8,,,,
146,2022-11-23 13:00,15.5,,1.9,320,56,9.8,6.7,1009.8,1017,1,1.76,,,2,2,Sc,10,905,,40,19.1,,,,
146,2022-11-23 14:00,15.6,,1.9,290,55,9.7,6.5,1009.6,1016.8,.7,1.27,,,7,7,St,10,958,,40,18.3,,,,
146,2022-11-23 15:00,15.1,,3.9,270,60,10.2,7.3,1009.9,1017.1,.6,1.03,,,2,2,Sc,10,987,,40,17,,,,
146,2022-11-23 16:00,14.5,,3,270,61,10,7,1010.3,1017.5,1,.83,,,2,2,Sc,10,1507,,40,15.5,,,,
146,2022-11-23 17:00,13.1,,3.5,270,60,9,5.4,1010.5,1017.7,.7,.34,,,0,0,,,2000,,,13.2,,,,
146,2022-11-23 18:00,11.6,,1.5,270,63,8.5,4.7,1010.5,1017.8,0,.02,,,0,0,,,2000,,,11.2,,,,
146,2022-11-23 19:00,10.8,,1.7,250,65,8.4,4.4,1010.9,1018.2,,,,,0,0,,,1995,,,10,,,,
146,2022-11-23 20:00,10.2,,1.7,230,67,8.3,4.3,1011.6,1019,,,,,0,0,,,1917,,,9,,,,
146,2022-11-23 21:00,9.9,,.6,230,66,8,3.8,1011.5,1018.9,,,,,0,0,,,1469,,,8.1,,,,
146,2022-11-23 22:00,8.8,,1,110,74,8.4,4.4,1012.2,1019.6,,,,,1,0,,,1512,,,7.5,,,,
146,2022-11-23 23:00,7.9,,.6,180,76,8.1,3.9,1012.7,1020.1,,,,,4,0,,,1664,,,6.9,,,,
146,2022-11-24 00:00,7,,1,110,81,8.1,3.9,1012.9,1020.3,,,,,4,0,Ci,,1379,,,6.4,,,,
146,2022-11-24 01:00,6.7,,.7,200,82,8,3.8,1013.3,1020.8,,,,,5,5,,70,1450,,,6.2,,,,
146,2022-11-24 02:00,6.2,,.6,140,83,7.8,3.5,1013.6,1021.1,,,,,10,9,,68,1445,,,6.2,,,,
146,2022-11-24 03:00,5.4,,.8,50,84,7.5,2.9,1014.2,1021.7,,,,,8,0,Ci,,1255,,,6.3,,,,
146,2022-11-24 04:00,6.1,,.5,140,82,7.7,3.2,1014.5,1022,,,,,9,0,Ci,,1327,,,6.3,,,,
146,2022-11-24 05:00,5.6,,1,160,82,7.4,2.7,1013.8,1021.3,,,,,9,0,Ci,,1425,,,6.1,,,,
146,2022-11-24 06:00,5.6,,.9,110,82,7.4,2.7,1013.5,1021,,,,,9,0,Ci,,1371,,,6,,,,
146,2022-11-24 07:00,5.8,,1,140,81,7.4,2.7,1014,1021.5,,,,,9,0,Ci,,1421,,,6.2,,,,
146,2022-11-24 08:00,6.3,,1.1,110,80,7.6,3,1014.3,1021.8,0,.03,,,8,0,Ci,,1555,,,6.7,,,,
146,2022-11-24 09:00,7.6,,.4,0,75,7.8,3.4,1014.9,1022.3,0,.23,,,8,0,Ci,,1802,,,8,,,,
146,2022-11-24 10:00,8.7,,.3,0,68,7.6,3.1,1014.9,1022.3,0,.52,,,9,0,Ci,,1614,,,10.1,,,,
146,2022-11-24 11:00,9.7,,.8,320,63,7.5,2.9,1014.6,1022,0,.77,,,10,3,ScCi,10,1676,,,12.3,,,,
146,2022-11-24 12:00,11,,1,360,56,7.3,2.5,1013.8,1021.1,.1,1,,,8,0,Ci,,1856,,,14,,,,
146,2022-11-24 13:00,12.2,,1.1,340,52,7.4,2.6,1013.2,1020.5,.4,1.11,,,2,0,Ci,,1859,,,15.1,,,,
146,2022-11-24 14:00,13.9,,.9,360,45,7.1,2.1,1012.7,1019.9,1,1.82,,,0,0,,,1992,,,17.7,,,,
146,2022-11-24 15:00,14.4,,1.1,290,42,6.9,1.6,1012.6,1019.8,1,1.53,,,0,0,,,2000,,,17.3,,,,
146,2022-11-24 16:00,14.6,,.8,320,41,6.8,1.4,1012.8,1020,1,.99,,,0,0,,,2000,,,15.7,,,,
146,2022-11-24 17:00,13.1,,1.6,320,48,7.2,2.3,1013.3,1020.6,1,.36,,,0,0,,,1951,,,12.8,,,,
146,2022-11-24 18:00,12.7,,.2,0,53,7.7,3.3,1013.7,1021,0,.01,,,0,0,,,1232,,,10.5,,,,
146,2022-11-24 19:00,11.5,,.6,160,57,7.7,3.2,1014.5,1021.8,,,,,0,0,,,1168,,,9.1,,,,
146,2022-11-24 20:00,10.1,,.7,160,62,7.6,3.1,1015,1022.4,,,,,0,0,,,1235,,,8.1,,,,
146,2022-11-24 21:00,8.8,,.9,160,67,7.5,2.9,1014.8,1022.2,,,,,0,0,,,1215,,,7.3,,,,
146,2022-11-24 22:00,7.3,,1.4,140,72,7.3,2.5,1015.1,1022.6,,,,,9,0,,,1251,,,6.7,,,,
146,2022-11-24 23:00,7.4,,.8,140,73,7.5,2.8,1015.2,1022.6,,,,,0,0,,,1167,,,6.2,,,,
146,2022-11-25 00:00,6.5,,1.6,110,75,7.2,2.3,1015.6,1023.1,,,,,0,0,,,1083,,,5.7,,,,
146,2022-11-25 01:00,6.2,,1.6,110,76,7.2,2.2,1015.3,1022.8,,,,,0,0,,,1052,,,5.2,,,,
146,2022-11-25 02:00,5.5,,1.6,140,78,7,1.9,1015.1,1022.6,,,,,2,0,,,1068,,,4.9,,,,
146,2022-11-25 03:00,5.2,,1.9,140,78,6.9,1.6,1015,1022.5,,,,,0,0,,,1109,,,4.6,,,,
146,2022-11-25 04:00,5.2,,1.3,140,78,6.9,1.6,1014.4,1021.9,,,,,0,0,,,1132,,,4.3,,,,
146,2022-11-25 05:00,5.6,,1.6,140,77,7,1.8,1014.1,1021.6,,,,,0,0,,,1163,,,4,,,,
146,2022-11-25 06:00,5.6,,1.6,140,75,6.8,1.5,1013.7,1021.2,,,,,0,0,,,1232,,,3.9,,,,
146,2022-11-25 07:00,5.6,,1.3,140,74,6.7,1.3,1013.5,1021,,,,,3,0,Ci,,1424,,,3.7,,,,
146,2022-11-25 08:00,7,,.8,160,71,7.1,2,1013.5,1021,.1,.1,,,7,0,Ci,,1299,,,4.5,,,,
146,2022-11-25 09:00,10.2,,1,140,58,7.2,2.2,1013.5,1020.9,1,.65,,,7,0,Ci,,1776,,,7.4,,,,
146,2022-11-25 10:00,12.2,,.6,230,54,7.6,3.1,1013.6,1020.9,1,.87,,,8,0,Ci,,1696,,,10,,,,
146,2022-11-25 11:00,15.2,,1,90,39,6.7,1.3,1012.8,1020,1,1.22,,,10,0,Ci,,2000,,,13.4,,,,
146,2022-11-25 12:00,17.5,,1.8,200,27,5.4,-1.7,1011.7,1018.8,.8,1.42,,,10,0,Ci,,2000,,,15.8,,,,
146,2022-11-25 13:00,18.6,,1.2,200,27,5.8,-.7,1010.5,1017.6,1,1.68,,,10,0,Ci,,1157,,,17.3,,,,
146,2022-11-25 14:00,18.2,,3.4,230,26,5.4,-1.6,1009.6,1016.7,1,1.43,,,7,0,Ci,,2000,,,16.9,,,,
146,2022-11-25 15:00,18.1,,3.5,250,25,5.2,-2.2,1009,1016.1,1,1.25,,,7,0,Ci,,2000,,,15.6,,,,
146,2022-11-25 16:00,17.9,,2.5,250,29,5.9,-.4,1008.7,1015.8,.8,.71,,,4,0,Ci,,2000,,,14.4,,,,
146,2022-11-25 17:00,16.6,,2.7,230,36,6.8,1.4,1008.7,1015.8,1,.41,,,2,0,Ci,,2000,,,12.4,,,,
146,2022-11-25 18:00,15.6,,1.6,200,37,6.5,.9,1009,1016.2,0,.01,,,0,0,,,2000,,,10.6,,,,
146,2022-11-25 19:00,14.4,,.3,0,40,6.5,.9,1009.5,1016.7,,,,,0,0,,,2000,,,9.3,,,,
146,2022-11-25 20:00,12,,1.9,110,44,6.2,.1,1009.9,1017.2,,,,,6,1,,13,2000,,,8.7,,,,
146,2022-11-25 21:00,11,,1.5,140,49,6.4,.6,1009.8,1017.1,,,,,6,6,Sc,11,2000,,,8.6,,,,
146,2022-11-25 22:00,10.5,,1.5,160,53,6.7,1.3,1009.8,1017.1,,,,,7,1,,,2000,,,7.9,,,,
146,2022-11-25 23:00,10.9,,1.5,180,55,7.1,2.1,1010.2,1017.5,,,,,10,6,,9,2000,,,8.2,,,,
146,2022-11-26 00:00,10,,1.7,110,63,7.7,3.2,1009.4,1016.7,,,,,0,0,,,2000,,,7.5,,,,
146,2022-11-26 01:00,9.2,,1.7,110,69,8,3.7,1008.9,1016.2,,,,,0,0,,,2000,,,7.1,,,,
146,2022-11-26 02:00,9.5,,1.5,110,71,8.4,4.4,1008.5,1015.8,,,,,5,5,,8,2000,,,8,,,,
146,2022-11-26 03:00,10.2,,1.4,140,75,9.3,5.9,1008.2,1015.5,,,,,9,9,Sc,6,2000,,,8.8,,,,
146,2022-11-26 04:00,10.2,,1,110,76,9.4,6.1,1007.8,1015.1,,,,,9,9,Sc,10,1942,,,8.9,,,,
146,2022-11-26 05:00,10.3,,.9,320,85,10.6,7.8,1007.9,1015.2,,,,,10,6,ScNs,5,963,,1901,9.6,,,,
146,2022-11-26 06:00,10.5,.7,.7,70,88,11.1,8.5,1008.3,1015.6,,,,,8,8,Sc,5,1043,,1901,9.8,,,,
146,2022-11-26 07:00,10.8,,1.3,270,90,11.6,9.2,1009.4,1016.7,,,,,7,7,Sc,5,479,,19,10,,,,
146,2022-11-26 08:00,10.1,,1.5,320,89,10.9,8.3,1010.4,1017.8,0,.06,,,6,6,Sc,8,454,,19,9.1,,,,
146,2022-11-26 09:00,11.1,,1.1,320,78,10.3,7.4,1011.2,1018.5,.6,.4,,,0,0,,,674,,19,10,,,,
146,2022-11-26 10:00,12.4,,2.3,340,65,9.3,5.9,1011.9,1019.2,1,.99,,,0,0,,,986,,4019,12.6,,,,
146,2022-11-26 11:00,13.5,,3.1,340,45,6.9,1.7,1011.7,1018.9,1,1.44,,,0,0,,,2000,,40,15.3,,,,
146,2022-11-26 12:00,14.3,,2.9,340,42,6.8,1.5,1011.1,1018.3,1,1.79,,,0,0,,,2000,,,17.5,,,,
146,2022-11-26 13:00,15,,1.7,290,41,7,1.8,1010.7,1017.9,1,1.85,,,0,0,,,2000,,,18.6,,,,
146,2022-11-26 14:00,15.1,,2.9,360,38,6.5,.8,1010.6,1017.8,1,1.69,,,0,0,,,2000,,,18.7,,,,
146,2022-11-26 15:00,14.5,,3.4,340,34,5.6,-1.2,1010.6,1017.8,1,1.31,,,4,4,Sc,10,2000,,,16.8,,,,
146,2022-11-26 16:00,13.8,,2.6,320,34,5.4,-1.8,1010.7,1017.9,.8,.7,,,0,0,,,2000,,,14.3,,,,
146,2022-11-26 17:00,12.1,,2.4,340,38,5.4,-1.8,1011.3,1018.6,.4,.24,,,0,0,,,2000,,,11.7,,,,
146,2022-11-26 18:00,10,,3.3,270,48,5.9,-.5,1011.6,1019,0,.01,,,0,0,,,2000,,,9.4,,,,
146,2022-11-26 19:00,8.6,,2.6,270,46,5.2,-2.3,1012.4,1019.8,,,,,0,0,,,2000,,,8,,,,
146,2022-11-26 20:00,7.4,,1.4,320,47,4.9,-3.1,1012.8,1020.2,,,,,0,0,,,2000,,,6.9,,,,
146,2022-11-26 21:00,5.8,,2,320,49,4.5,-4.1,1013.2,1020.7,,,,,0,0,,,2000,,,6,,,,
146,2022-11-26 22:00,4.8,,1.3,320,49,4.2,-5,1013.8,1021.3,,,,,0,0,,,2000,,,5.1,,,,
146,2022-11-26 23:00,4.4,,1.4,320,51,4.3,-4.8,1013.9,1021.4,,,,,0,0,,,2000,,,4.5,,,,
146,2022-11-27 00:00,4.1,,1.1,320,52,4.3,-4.8,1014.1,1021.6,,,,,0,0,,,2000,,,3.9,,,,
146,2022-11-27 01:00,3.8,,.7,250,55,4.4,-4.4,1014.5,1022,,,,,0,0,,,2000,,,3.4,,,,
146,2022-11-27 02:00,3.4,,.5,230,60,4.7,-3.6,1014.7,1022.3,,,,,0,0,,,2000,,,3,,,,
146,2022-11-27 03:00,2.6,,1.3,110,65,4.8,-3.3,1014.7,1022.3,,,,,0,0,,,2000,,,2.7,,,,
146,2022-11-27 04:00,1.8,,1.1,140,68,4.8,-3.4,1014.5,1022.1,,,,,0,0,,,2000,,,2.4,,,,
146,2022-11-27 05:00,1,,.8,140,70,4.6,-3.8,1014.1,1021.7,,,,,0,0,,,2000,,,2.2,,,,
146,2022-11-27 06:00,1,,1.1,140,69,4.5,-4,1013.8,1021.4,,,,,0,0,,,2000,,,2,,,,
146,2022-11-27 07:00,1.1,,1.3,110,69,4.6,-3.9,1013.5,1021.1,,,,,0,0,,,2000,,,1.7,,,,
146,2022-11-27 08:00,1.4,,.6,70,67,4.5,-4,1014.4,1022,0,.05,,,0,0,,,2000,,,1.8,,,,
146,2022-11-27 09:00,4.3,,.7,90,53,4.4,-4.4,1014.5,1022,1,.51,,,1,0,Cc,,2000,,,3.2,,,,
146,2022-11-27 10:00,6.5,,.5,70,46,4.4,-4.3,1013.5,1021,1,1.09,,,0,0,,,2000,,,7.3,,,,
146,2022-11-27 11:00,8,,1.5,320,46,4.9,-2.9,1013.9,1021.3,1,1.57,,,0,0,,,2000,,,11,,,,
146,2022-11-27 12:00,11.9,,.8,70,31,4.3,-4.7,1013.2,1020.5,1,1.87,,,0,0,,,2000,,,14.7,,,,
146,2022-11-27 13:00,14.5,,1.2,90,24,4,-5.8,1011.7,1018.9,1,1.98,,,0,0,,,2000,,,17.1,,,,
146,2022-11-27 14:00,16.6,,.6,360,21,4,-5.8,1010.9,1018.1,1,1.72,,,7,0,Ci,,2000,,,17.3,,,,
146,2022-11-27 15:00,18.1,,.9,110,20,4.2,-5.2,1010.6,1017.7,1,1.14,,,8,0,Ci,,2000,,,16.1,,,,
146,2022-11-27 16:00,15.8,,1.7,290,24,4.3,-4.7,1011.2,1018.4,.4,.59,,,9,0,Cs,,2000,,,13.7,,,,
146,2022-11-27 17:00,13.8,,2,270,27,4.2,-4.9,1011.8,1019,0,.19,,,8,0,Cs,,2000,,,11.1,,,,
146,2022-11-27 18:00,12.9,,.6,50,34,5,-2.6,1012,1019.3,0,.01,,,10,0,Cs,,2000,,,9.5,,,,
146,2022-11-27 19:00,11.7,,1.2,110,36,4.9,-2.9,1012.4,1019.7,,,,,8,0,,,2000,,,8.6,,,,
146,2022-11-27 20:00,10.6,,1.2,140,39,5,-2.8,1012.7,1020.1,,,,,8,0,,,2000,,,7.7,,,,
146,2022-11-27 21:00,9,,1.8,140,44,5,-2.6,1012.7,1020.1,,,,,4,0,Ci,,2000,,,6.7,,,,
146,2022-11-27 22:00,8.8,,1.5,110,45,5.1,-2.5,1013.3,1020.7,,,,,4,0,,,2000,,,6,,,,
146,2022-11-27 23:00,8.8,,1.9,110,47,5.3,-1.9,1012.7,1020.1,,,,,0,0,,,2000,,,5.5,,,,
146,2022-11-28 00:00,9.1,,2.1,110,46,5.3,-1.9,1012.3,1019.7,,,,,0,0,,,2000,,,5.2,,,,
146,2022-11-28 01:00,9.4,,1.6,140,45,5.3,-1.9,1012.2,1019.6,,,,,7,0,,,2000,,,5,,,,
146,2022-11-28 02:00,9.4,,1,70,45,5.3,-1.9,1011.8,1019.2,,,,,1,0,,,2000,,,4.9,,,,
146,2022-11-28 03:00,10.2,,1.8,90,47,5.8,-.6,1011.8,1019.2,,,,,0,0,,,2000,,,5.1,,,,
146,2022-11-28 04:00,10.6,,1.8,90,51,6.5,.8,1011.4,1018.7,,,,,0,0,,,2000,,,5.2,,,,
146,2022-11-28 05:00,11.4,,.6,20,57,7.6,3.1,1011.1,1018.4,,,,,0,0,,,2000,,,5.5,,,,
146,2022-11-28 06:00,12.8,,2.6,110,57,8.4,4.4,1009.8,1017.1,,,,,0,0,,,2000,,,5.9,,,,
146,2022-11-28 07:00,13.4,,1.7,180,63,9.6,6.4,1010.6,1017.8,,,,,0,0,,,2000,,,6.4,,,,
146,2022-11-28 08:00,15.4,,2.2,140,64,11.2,8.6,1010.5,1017.7,0,.05,,,4,4,Ac,35,2000,,,7.6,,,,
146,2022-11-28 09:00,16.7,,1,110,60,11.3,8.8,1010,1017.1,.2,.3,,,7,7,Ac,30,2000,,,10,,,,
146,2022-11-28 10:00,19.6,,2,160,57,12.9,10.8,1009.4,1016.4,.5,.64,,,9,2,ScAc,15,2000,,,13.6,,,,
146,2022-11-28 11:00,17.5,,3.3,160,76,15.2,13.2,1008.9,1016,.1,.29,,,10,4,ScAs,15,2000,,01,14,,,,
146,2022-11-28 12:00,18.2,.3,1.9,160,73,15.2,13.2,1008.1,1015.2,0,.23,,,10,4,ScAs,15,2000,,,14.1,,,,
146,2022-11-28 13:00,16.7,,2.5,160,88,16.6,14.6,1008.1,1015.2,0,.3,,,10,9,StNs,9,365,,01,14.7,,,,
146,2022-11-28 14:00,16.5,,2.2,140,91,17,15,1007.2,1014.3,0,.29,,,10,4,ScAs,15,1676,,01,15.2,,,,
146,2022-11-28 15:00,17,1.6,2.9,140,86,16.6,14.6,1006.1,1013.2,0,.25,,,10,5,ScAs,17,2000,,01,15.3,,,,
146,2022-11-28 16:00,18.8,,2,160,76,16.4,14.4,1006.1,1013.1,.3,.54,,,10,5,AcCcCi,35,2000,,,16.5,,,,
146,2022-11-28 17:00,18.1,,1.3,160,78,16.1,14.1,1006.3,1013.4,0,.15,,,9,9,Sc,15,2000,,,15.2,,,,
146,2022-11-28 18:00,18.3,,2,160,78,16.3,14.3,1005.4,1012.4,0,0,,,10,7,AcCi,25,2000,,,14.5,,,,
146,2022-11-28 19:00,18.3,,2.6,160,79,16.5,14.5,1004.6,1011.6,,,,,10,9,,22,2000,,,14.4,,,,
146,2022-11-28 20:00,18.3,,1.2,140,79,16.5,14.5,1004.3,1011.3,,,,,10,6,ScAs,13,2000,,01,14.4,,,,
146,2022-11-28 21:00,17.2,2,1.1,110,89,17.4,15.3,1003.5,1010.6,,,,,10,8,StNs,9,265,,1901,14.6,,,,
146,2022-11-28 22:00,16.6,,1.3,90,96,18.1,15.9,1002.6,1009.7,,,,,10,8,StNs,7,105,,1901,15,,,,
146,2022-11-28 23:00,16.7,,1.5,140,97,18.4,16.2,1001.9,1009,,,,,10,8,StNs,8,165,,1901,15.2,,,,
146,2022-11-29 00:00,15.4,34,1.3,20,97,16.9,14.9,1002,1009.1,,,,,10,8,StNs,7,105,,1901,15.1,,,,
146,2022-11-29 01:00,15.8,,.8,110,97,17.4,15.3,1001.3,1008.4,,,,,10,9,StNs,6,61,,191601,15,,,,
146,2022-11-29 02:00,16,,.7,180,97,17.6,15.5,1001.3,1008.4,,,,,10,8,StNs,4,45,,1601,14.9,,,,
146,2022-11-29 03:00,16.3,16.3,.6,270,97,17.9,15.8,1001.4,1008.5,,,,,10,7,StNs,8,80,,1601,14.9,,,,
146,2022-11-29 04:00,15.7,,2.6,290,97,17.3,15.2,1001.9,1009,,,,,10,8,StNs,7,147,,191601,15.2,,,,
146,2022-11-29 05:00,14.4,,1.9,340,97,15.9,13.9,1002.1,1009.2,,,,,10,8,StNs,7,51,,191601,14.7,,,,
146,2022-11-29 06:00,14.1,5.8,2.5,320,95,15.3,13.3,1003.4,1010.6,,,,,10,8,StNs,7,304,,191601,14.3,,,,
146,2022-11-29 07:00,13.4,,1.9,340,94,14.4,12.4,1004.2,1011.4,,,,,10,8,StNs,7,887,,1901,13.9,,,,
146,2022-11-29 08:00,13.1,,1.1,290,94,14.1,12.1,1004.7,1011.9,0,0,,,10,6,ScAs,15,1204,,1901,13.6,,,,
146,2022-11-29 09:00,12.7,1,3.3,290,91,13.3,11.2,1006.6,1013.8,0,.12,,,10,6,StNs,5,1575,,01,13.7,,,,
146,2022-11-29 10:00,12.4,,3.9,340,88,12.6,10.4,1007,1014.2,0,.26,,,10,6,ScAs,10,1903,,01,14,,,,
146,2022-11-29 11:00,11.7,,4.4,340,82,11.2,8.7,1008.8,1016.1,0,.17,,,10,6,ScAs,5,2000,,,13.3,,,,
146,2022-11-29 12:00,11.4,0,4.8,340,59,7.9,3.6,1008.5,1015.8,0,.54,,,10,6,ScAs,10,2000,,,13.9,,,,
146,2022-11-29 13:00,10.8,,4.8,340,60,7.7,3.3,1008.8,1016.1,0,.47,,,10,6,ScAs,10,2000,,,12.8,,,,
146,2022-11-29 14:00,10.5,,4,320,50,6.3,.4,1009.2,1016.5,0,.43,,,10,2,ScAs,10,2000,,,12.4,,,,
146,2022-11-29 15:00,10.3,,4,320,41,5.1,-2.4,1009.7,1017,0,.58,,,9,3,AcCcCi,50,2000,,,12.3,,,,
146,2022-11-29 16:00,9.2,,3.7,320,43,5,-2.7,1011.4,1018.8,.1,.31,,,10,4,AcCs,45,2000,,,10.9,,,,
146,2022-11-29 17:00,8.1,,3.4,320,37,4,-5.7,1012.3,1019.7,0,.08,,,9,7,AcCi,45,2000,,,9.4,,,,
146,2022-11-29 18:00,7.5,,3.9,340,35,3.6,-7,1013.2,1020.6,0,.01,,,10,8,AcCi,40,2000,,,8.5,,,,
146,2022-11-29 19:00,6.8,,2.9,340,40,4,-5.8,1013.9,1021.4,,,,,10,8,,38,2000,,,7.9,,,,
146,2022-11-29 20:00,6.1,,3.6,320,40,3.8,-6.5,1015.9,1023.4,,,,,9,9,,41,2000,,,7.4,,,,
146,2022-11-29 21:00,5.6,,3.9,340,39,3.6,-7.2,1017.2,1024.7,,,,,10,6,ScAs,8,2000,,,6.8,,,,
146,2022-11-29 22:00,5.2,,1.8,320,46,4.1,-5.5,1017.4,1024.9,,,,,10,10,,35,2000,,,6.8,,,,
146,2022-11-29 23:00,4.2,,3.4,290,52,4.3,-4.8,1018.4,1026,,,,,10,10,,30,2000,,,6.2,,,,
146,2022-11-30 00:00,3,,3.9,320,48,3.6,-6.9,1019.5,1027.1,,,,,10,7,ScAs,8,2000,,,5.6,,,,
146,2022-11-30 01:00,2.5,,3.2,340,56,4.1,-5.4,1019.5,1027.1,,,,,10,1,,12,2000,,,5.5,,,,
146,2022-11-30 02:00,1.9,,3.6,340,65,4.6,-3.9,1020.1,1027.8,,,,,10,10,,11,2000,,,5,,,,
146,2022-11-30 03:00,.9,,4.5,360,67,4.4,-4.5,1020.8,1028.5,,,,,10,8,ScAs,8,2000,,,4.5,,,,
146,2022-11-30 04:00,.1,,4.9,340,61,3.8,-6.5,1021.3,1029,,,,,10,8,ScAs,8,2000,,,4,,,,
146,2022-11-30 05:00,-.6,,4.8,360,53,3.1,-9,1022.2,1029.9,,,,,9,9,Sc,10,2000,,,3.5,,,,
146,2022-11-30 06:00,-1.4,,3.9,340,54,3,-9.5,1022.7,1030.5,,,,,10,8,ScAs,8,2000,,,2.4,,,,
146,2022-11-30 07:00,-1.8,,4,360,53,2.8,-10.1,1023.9,1031.7,,,,,6,2,ScCi,8,2000,,,1.7,,,,
146,2022-11-30 08:00,-1.8,,4,340,52,2.8,-10.3,1024.2,1032,0,.05,,,8,3,ScCi,10,2000,,,1.7,,,,
146,2022-11-30 09:00,-1.9,,3.2,360,53,2.8,-10.2,1024.9,1032.7,.1,.29,,,8,2,ScCi,14,2000,,,2.1,,,,
146,2022-11-30 10:00,-1.9,,3.9,340,53,2.8,-10.2,1024.9,1032.7,.4,.48,,,9,0,Ci,,2000,,,2.9,,,,
146,2022-11-30 11:00,-1.4,,3.9,340,54,3,-9.5,1024.7,1032.5,1,1.32,,,7,3,ScCi,9,2000,,,6,,,,
146,2022-11-30 12:00,-1.5,,4.2,360,54,3,-9.6,1024.5,1032.3,.7,1.33,,,8,4,ScCi,11,2000,,,6.9,,,,
146,2022-11-30 13:00,-.5,,2.4,320,52,3.1,-9.1,1024.3,1032.1,.6,1.24,,,7,7,Sc,10,2000,,,8.5,,,,
146,2022-11-30 14:00,.4,,3.7,320,46,2.9,-9.8,1023.2,1030.9,1,1.61,,,6,3,ScCi,13,2000,,,9.5,,,,
146,2022-11-30 15:00,.3,,5.3,340,48,3,-9.4,1023.4,1031.1,1,1.39,,,8,4,ScCi,12,2000,,,9.4,,,,
146,2022-11-30 16:00,-.6,,3.9,340,52,3,-9.2,1024.3,1032.1,.9,.8,,,7,3,ScCi,12,2000,,,7.2,,,,
146,2022-11-30 17:00,-1.5,,3.6,340,53,2.9,-9.8,1024.7,1032.5,.4,.21,,,8,2,ScCi,9,2000,,,4.3,,,,
146,2022-11-30 18:00,-2.3,,3.6,340,53,2.7,-10.6,1025.1,1032.9,0,.02,,,6,0,Ci,,2000,,,2.4,,,,
146,2022-11-30 19:00,-2.7,,2.9,340,58,2.9,-9.8,1025.5,1033.3,,,,,4,4,,59,2000,,,1.6,,,,
146,2022-11-30 20:00,-2.9,,2.4,340,61,3,-9.3,1026.1,1033.9,,,,,8,8,,60,2000,,,1.5,,,,
146,2022-11-30 21:00,-3.1,,3.1,360,57,2.8,-10.4,1026.2,1034,,,,,5,0,Ci,,2000,,,1.1,,,,
146,2022-11-30 22:00,-3.5,,2.3,50,57,2.7,-10.8,1026.1,1034,,,,,2,2,,55,2000,,,1,,,,
146,2022-11-30 23:00,-3.5,,2.1,20,59,2.8,-10.3,1026,1033.9,,,,,9,9,,55,2000,,,1,,,,
146,2022-12-01 00:00,-3.1,,2.2,50,59,2.9,-9.9,1026,1033.8,,,,,9,2,ScAs,12,2000,,,1,,,,
146,2022-12-01 01:00,-3,,2.1,20,61,3,-9.4,1025.7,1033.5,,,,,10,0,,,2000,,,1.1,,,,
146,2022-12-01 02:00,-2.9,,2.3,20,59,2.9,-9.8,1025.7,1033.5,,,,,10,8,,45,2000,,,1.1,,,,
146,2022-12-01 03:00,-2.9,,2.1,20,60,3,-9.5,1025.5,1033.3,,,,,10,0,Cs,,2000,,,1.1,,,,
146,2022-12-01 04:00,-3.2,,3,360,60,2.9,-9.8,1024.7,1032.5,,,,,10,10,As,50,2000,,,1,,,,
146,2022-12-01 05:00,-3.5,,3.3,360,51,2.4,-12.2,1024.5,1032.3,,,,,9,5,AcCi,50,2000,,,.8,,,,
146,2022-12-01 06:00,-4.2,,3.6,360,37,1.7,-16.7,1024.6,1032.5,,,,,6,0,Ci,,2000,,,.7,,,,
146,2022-12-01 07:00,-4.5,,2.9,360,34,1.5,-18,1024.6,1032.5,,,,,3,0,Ci,,2000,,,.4,,,,
146,2022-12-01 08:00,-4.5,,3.1,360,30,1.3,-19.5,1025.4,1033.3,0,.04,,,6,0,Ci,,2000,,,.2,,,,
146,2022-12-01 09:00,-3.8,,2.2,360,31,1.4,-18.5,1025.8,1033.7,.1,.31,,,8,0,Ci,,2000,,,.4,,,,
146,2022-12-01 10:00,-2.5,,.6,340,28,1.4,-18.5,1025.8,1033.6,.6,.69,,,6,0,Ci,,2000,,,.5,,,,
146,2022-12-01 11:00,-.8,,1,70,26,1.5,-17.9,1025.5,1033.3,1,1.55,,,3,0,Ci,,2000,,,2.5,,,,
146,2022-12-01 12:00,.1,,2.8,340,30,1.8,-15.4,1024.8,1032.5,1,1.89,,,5,0,Ci,,2000,,,6.8,,,,
146,2022-12-01 13:00,1.2,,3.2,320,32,2.1,-13.7,1023.4,1031.1,1,1.88,,,6,0,Ci,,2000,,,9.1,,,,
146,2022-12-01 14:00,1.5,,2.1,320,35,2.4,-12.3,1022.7,1030.4,1,1.82,,,4,0,Ci,,2000,,,9.8,,,,
146,2022-12-01 15:00,1.9,,2,320,34,2.4,-12.3,1022.4,1030.1,1,1.46,,,5,0,Ci,,2000,,,9.6,,,,
146,2022-12-01 16:00,1.2,,1.4,340,36,2.4,-12.2,1022,1029.7,1,1.02,,,2,0,Ci,,2000,,,8.1,,,,
146,2022-12-01 17:00,.8,,1.5,270,39,2.5,-11.6,1022.2,1029.9,1,.37,,,0,0,,,2000,,,5.2,,,,
146,2022-12-01 18:00,-.3,,1.2,320,44,2.6,-11.1,1022.2,1029.9,0,.01,,,4,0,Ci,,2000,,,3.1,,,,
146,2022-12-01 19:00,-.4,,1.3,360,45,2.7,-10.9,1022.7,1030.4,,,,,7,2,,20,2000,,,2.2,,,,
146,2022-12-01 20:00,-.7,,1.6,50,49,2.8,-10.1,1023,1030.7,,,,,9,5,,17,2000,,,1.8,,,,
146,2022-12-01 21:00,-.9,,2.2,340,49,2.8,-10.2,1023.6,1031.4,,,,,7,2,ScCi,10,2000,,,1.3,,,,
146,2022-12-01 22:00,-1.6,,1.3,340,54,2.9,-9.7,1023.8,1031.6,,,,,7,3,,12,2000,,,1.1,,,,
146,2022-12-01 23:00,-1.1,,2.6,360,51,2.9,-9.9,1023.9,1031.7,,,,,10,10,,13,2000,,,1.1,,,,
146,2022-12-02 00:00,-1.8,,1.2,20,57,3,-9.2,1024.3,1032.1,,,,,9,2,ScCi,10,2000,,,1,,,,
146,2022-12-02 01:00,-1.8,,.9,110,57,3,-9.2,1023.9,1031.7,,,,,8,2,,75,2000,,,.8,,,,
146,2022-12-02 02:00,-2,,1,140,56,3,-9.6,1024,1031.8,,,,,8,8,,74,2000,,,.8,,,,
146,2022-12-02 03:00,-2.2,,1.4,110,60,3.1,-8.9,1023.9,1031.7,,,,,9,0,Ci,,2000,,,.7,,,,
146,2022-12-02 04:00,-2.6,,.6,90,63,3.2,-8.6,1023.7,1031.5,,,,,7,0,Ci,,2000,,,.6,,,,
146,2022-12-02 05:00,-3.1,,1.3,50,65,3.2,-8.7,1023.6,1031.4,,,,,9,4,ScCi,10,2000,,,.5,,,,
146,2022-12-02 06:00,-3.4,,.9,70,66,3.1,-8.8,1024,1031.8,,,,,8,8,Sc,10,2000,,,.4,,,,
146,2022-12-02 07:00,-3.6,,.7,20,67,3.1,-8.8,1024.1,1031.9,,,,,6,6,Sc,10,2000,,,.5,,,,
146,2022-12-02 08:00,-3.4,,.9,50,67,3.2,-8.6,1024.5,1032.3,0,.03,,,0,0,,,2000,,,.3,,,,
146,2022-12-02 09:00,-.9,,1.2,140,55,3.1,-8.8,1024.8,1032.6,1,.48,,,0,0,,,2000,,,.4,,,,
146,2022-12-02 10:00,.6,,.8,50,46,2.9,-9.7,1024.8,1032.5,1,1.07,,,0,0,,,2000,,,.7,,,,
146,2022-12-02 11:00,2.5,,1.3,50,43,3.1,-8.8,1024.2,1031.9,1,1.56,,,0,0,,,2000,,,4.6,,,,
146,2022-12-02 12:00,3.2,,1.5,320,42,3.2,-8.5,1023.4,1031,1,1.88,,,0,0,,,2000,,,8.6,,,,
146,2022-12-02 13:00,3.9,,1.6,320,39,3.1,-8.8,1022.4,1030,1,1.97,,,0,0,,,2000,,,11.2,,,,
146,2022-12-02 14:00,5.6,,1.5,320,39,3.6,-7.2,1021.6,1029.2,1,1.87,,,0,0,,,2000,,,12.2,,,,
146,2022-12-02 15:00,5.2,,1.3,360,39,3.5,-7.6,1021,1028.6,1,1.52,,,0,0,,,2000,,,11.6,,,,
146,2022-12-02 16:00,5.2,,1.3,320,40,3.5,-7.3,1021.1,1028.7,1,1,,,0,0,,,2000,,,9.6,,,,
146,2022-12-02 17:00,4.1,,1,340,43,3.5,-7.3,1020.1,1027.7,1,.4,,,0,0,,,2000,,,6.9,,,,
146,2022-12-02 18:00,3.4,,.5,340,47,3.7,-6.8,1020.4,1028,.2,.02,,,0,0,,,2000,,,4.5,,,,
146,2022-12-02 19:00,1.9,,1.1,20,52,3.6,-6.9,1020.4,1028.1,,,,,0,0,,,2000,,,3.1,,,,
146,2022-12-02 20:00,1.1,,1.4,140,59,3.9,-6,1020.1,1027.8,,,,,3,3,,,2000,,,2.3,,,,
146,2022-12-02 21:00,.6,,1.6,110,61,3.9,-6,1020.1,1027.8,,,,,0,0,,,2000,,,1.8,,,,
146,2022-12-02 22:00,0,,1.4,140,63,3.8,-6.2,1020.5,1028.2,,,,,0,0,,,2000,,,1.4,,,,
146,2022-12-02 23:00,.1,,1,140,62,3.8,-6.3,1020.7,1028.4,,,,,4,4,,47,2000,,,1.3,,,,
146,2022-12-03 00:00,-.1,,1.5,110,64,3.9,-6.1,1019.6,1027.3,,,,,8,0,Ci,,2000,,,1.4,,,,
146,2022-12-03 01:00,.3,,1.9,140,64,4,-5.7,1019.5,1027.2,,,,,8,1,,12,2000,,,1.4,,,,
146,2022-12-03 02:00,1.4,,2,140,58,3.9,-5.9,1019.4,1027.1,,,,,10,9,,56,2000,,,1.5,,,,
146,2022-12-03 03:00,2.2,,2.1,140,56,4,-5.6,1019.8,1027.4,,,,,9,4,ScAc,15,2000,,,1.6,,,,
146,2022-12-03 04:00,2.7,,1.2,140,55,4.1,-5.4,1019.2,1026.8,,,,,10,9,ScAs,15,2000,,,1.9,,,,
146,2022-12-03 05:00,3,,1.2,140,56,4.2,-4.9,1019.2,1026.8,,,,,9,9,Ac,30,2000,,,2.4,,,,
146,2022-12-03 06:00,2.7,,1.3,140,56,4.2,-5.2,1018.6,1026.2,,,,,2,2,Sc,15,2000,,,2.1,,,,
146,2022-12-03 07:00,1.9,,1.6,140,61,4.3,-4.8,1018.2,1025.8,,,,,6,2,ScAc,18,2000,,,1.5,,,,
146,2022-12-03 08:00,3.1,,1.7,160,62,4.8,-3.4,1017.8,1025.4,0,.03,,,3,3,Sc,10,2000,,,1.4,,,,
146,2022-12-03 09:00,5.7,,1.7,160,56,5.1,-2.4,1017.7,1025.2,.8,.38,,,1,1,Sc,10,2000,,,2.3,,,,
146,2022-12-03 10:00,6.9,,.3,0,53,5.3,-2,1018.6,1026.1,.5,.63,,,9,9,Sc,10,2000,,,4.9,,,,
146,2022-12-03 11:00,8.4,,.5,90,55,6.1,-.1,1018,1025.4,.1,.5,,,9,9,Sc,10,2000,,01,6.9,,,,
146,2022-12-03 12:00,9.9,0,1.2,180,48,5.8,-.6,1017.5,1024.9,.2,.9,,,9,9,Sc,10,1202,,,9.5,,,,
146,2022-12-03 13:00,9.3,,2.3,250,60,7,1.9,1017.3,1024.7,.2,.57,,,10,8,ScAs,10,2000,,01,8.5,,,,
146,2022-12-03 14:00,8.3,,1.3,290,82,9,5.4,1016.9,1024.3,0,.38,,,10,8,ScAs,10,1483,,01,9.3,,,,
146,2022-12-03 15:00,7.6,.3,.3,0,75,7.8,3.4,1016.8,1024.3,0,.24,,,9,9,Sc,10,1999,,,8.6,,,,
146,2022-12-03 16:00,7.8,,1,230,78,8.2,4.1,1016.9,1024.3,0,.14,,,10,9,ScAs,10,1983,,,8.1,,,,
146,2022-12-03 17:00,7.7,,.6,270,77,8.1,3.9,1017.8,1025.3,0,.04,,,10,8,ScAs,10,1724,,,7.6,,,,
146,2022-12-03 18:00,7.1,,1.2,360,79,7.9,3.6,1017.4,1024.9,0,0,,,9,9,Sc,10,1425,,,7.1,,,,
146,2022-12-03 19:00,7.3,,.5,140,78,8,3.7,1017.9,1025.4,,,,,8,6,,13,1480,,,6.1,,,,
146,2022-12-03 20:00,6.8,,.2,0,81,8,3.7,1018.3,1025.8,,,,,0,0,,,1030,,,5.6,,,,
146,2022-12-03 21:00,5.8,,1.2,340,85,7.8,3.4,1019.2,1026.7,,,,,10,3,ScAs,8,682,,19,5.7,,,,
146,2022-12-03 22:00,5.2,,1.7,340,88,7.7,3.3,1019.2,1026.8,,,,,9,9,,39,522,,19,5.6,,,,
146,2022-12-03 23:00,5,,.8,340,88,7.6,3.1,1019.3,1026.9,,,,,10,10,,41,589,,19,5.5,,,,
146,2022-12-04 00:00,5,,1.8,320,88,7.6,3.1,1020.2,1027.8,,,,,10,3,ScAs,8,607,,19,5.4,,,,
146,2022-12-04 01:00,5,,1.9,340,79,6.9,1.6,1020.3,1027.9,,,,,10,9,,13,823,,19,5.3,,,,
146,2022-12-04 02:00,4.3,,4.3,360,74,6.1,0,1021.3,1028.9,,,,,10,5,,7,993,,19,5.1,,,,
146,2022-12-04 03:00,2.8,,4,340,68,5.1,-2.5,1022.2,1029.8,,,,,10,10,As,40,1697,,19,4.4,,,,
146,2022-12-04 04:00,2.2,,3.4,340,63,4.5,-4.1,1022.1,1029.8,,,,,10,4,ScAs,9,2000,,,4,,,,
146,2022-12-04 05:00,1.2,,3.8,360,64,4.3,-4.8,1022.4,1030.1,,,,,8,2,ScCi,10,2000,,,2.9,,,,
146,2022-12-04 06:00,.3,,3.7,340,64,4,-5.7,1022.6,1030.3,,,,,2,2,Sc,10,2000,,,2.1,,,,
146,2022-12-04 07:00,-.7,,2.9,340,65,3.8,-6.4,1022.6,1030.3,,,,,0,0,,,2000,,,1.5,,,,
146,2022-12-04 08:00,-.9,,3.3,340,63,3.6,-7,1023.3,1031.1,0,.04,,,3,0,Ci,,2000,,,1.3,,,,
146,2022-12-04 09:00,-.4,,3.5,340,41,2.4,-12,1024.1,1031.8,.9,.48,,,5,0,Ci,,2000,,,1.9,,,,
146,2022-12-04 10:00,.2,,3.2,320,37,2.3,-12.8,1024.7,1032.4,.8,.76,,,9,0,Ci,,2000,,,3.6,,,,
146,2022-12-04 11:00,.4,,3.8,340,34,2.1,-13.6,1024.5,1032.2,.4,1.09,,,9,0,Ci,,2000,,,5.6,,,,
146,2022-12-04 12:00,1,,3.8,340,31,2,-14.2,1023.1,1030.8,.4,1.24,,,9,0,Ci,,2000,,,7.2,,,,
146,2022-12-04 13:00,1.4,,3.6,320,31,2.1,-13.9,1022.4,1030.1,.5,1.12,,,9,0,Ci,,2000,,,7.1,,,,
146,2022-12-04 14:00,1.4,,4.1,340,30,2,-14.3,1022.1,1029.8,0,.83,,,9,0,Ci,,2000,,,7,,,,
146,2022-12-04 15:00,1.2,,2.6,320,32,2.1,-13.7,1022.6,1030.3,0,.63,,,10,7,AcCs,45,2000,,,5.9,,,,
146,2022-12-04 16:00,.7,,2.4,320,29,1.9,-15.3,1023,1030.7,0,.4,,,10,0,Cs,,2000,,,4.8,,,,
146,2022-12-04 17:00,0,,2.2,290,32,2,-14.7,1023.9,1031.6,0,.15,,,10,0,Cs,,2000,,,3.5,,,,
146,2022-12-04 18:00,-.5,,1.8,270,34,2,-14.4,1024.6,1032.4,0,0,,,9,0,Ci,,2000,,,2.5,,,,
146,2022-12-04 19:00,-.8,,.6,290,33,1.9,-15.1,1024.5,1032.3,,,,,9,8,,40,2000,,,1.9,,,,
146,2022-12-04 20:00,-.6,,2.4,340,35,2,-14.2,1024.5,1032.3,,,,,10,7,,45,2000,,,1.7,,,,
146,2022-12-04 21:00,-1.2,,1.9,340,37,2.1,-14,1025.2,1033,,,,,8,0,Ci,,2000,,,1.4,,,,
146,2022-12-04 22:00,-1.1,,1.6,50,37,2.1,-13.9,1024.8,1032.6,,,,,10,8,,44,2000,,,1.3,,,,
146,2022-12-04 23:00,-1.3,,1.4,360,38,2.1,-13.8,1024.6,1032.4,,,,,10,8,,44,2000,,,1.2,,,,
146,2022-12-05 00:00,-1.4,,1.9,360,43,2.4,-12.3,1024.2,1032,,,,,9,0,,,2000,,,1.1,,,,
146,2022-12-05 01:00,-1.4,,1.2,340,48,2.6,-11,1024.2,1032,,,,,10,10,,44,2000,,,1.2,,,,
146,2022-12-05 02:00,-1.6,,1.6,20,51,2.8,-10.4,1024,1031.8,,,,,10,10,,42,2000,,,1,,,,
146,2022-12-05 03:00,-1.7,,2.6,360,53,2.9,-10,1023.7,1031.5,,,,,6,6,Ac,40,2000,,,.9,,,,
146,2022-12-05 04:00,-1.7,,2.8,340,60,3.2,-8.4,1023.5,1031.3,,,,,9,7,AcCi,40,2000,,,.9,,,,
146,2022-12-05 05:00,-1.7,,2.6,360,54,2.9,-9.8,1023.5,1031.3,,,,,10,6,AcCi,40,2000,,,.9,,,,
146,2022-12-05 06:00,-2.1,,2.8,340,55,2.9,-9.9,1023.2,1031,,,,,10,7,AcCi,40,2000,,,.8,,,,
146,2022-12-05 07:00,-2.4,,2.3,360,54,2.8,-10.4,1023.1,1030.9,,,,,9,0,Ci,,2000,,,.8,,,,
146,2022-12-05 08:00,-2.3,,2.3,340,51,2.6,-11,1023,1030.8,0,.02,,,9,0,Ci,,2000,,,.8,,,,
146,2022-12-05 09:00,-2.3,,2.8,320,46,2.4,-12.3,1023.4,1031.2,0,.19,,,9,0,Ci,,2000,,,1,,,,
146,2022-12-05 10:00,-1.1,,2.4,320,41,2.3,-12.7,1023.9,1031.7,.2,.64,,,10,10,As,40,2000,,,2.4,,,,
146,2022-12-05 11:00,-.7,,1.6,320,38,2.2,-13.2,1023.8,1031.6,.5,.99,,,10,10,As,40,2000,,,4,,,,
146,2022-12-05 12:00,.6,,1.6,320,32,2,-14.2,1022.8,1030.5,.8,1.35,,,10,10,As,40,2000,,,6.6,,,,
146,2022-12-05 13:00,1,,1.4,320,27,1.8,-15.9,1021.7,1029.4,.9,1.44,,,3,0,Ci,,2000,,,8.3,,,,
146,2022-12-05 14:00,2.9,,2.7,320,25,1.9,-15.2,1020.8,1028.4,1,1.82,,,1,0,Ci,,2000,,,9.4,,,,
146,2022-12-05 15:00,2.1,,3.2,320,25,1.8,-15.9,1020.4,1028,1,1.54,,,0,0,,,2000,,,8.6,,,,
146,2022-12-05 16:00,2.2,,1.8,340,25,1.8,-15.8,1020.2,1027.8,1,1.03,,,0,0,,,2000,,,7.1,,,,
146,2022-12-05 17:00,1.6,,3.1,320,26,1.8,-15.8,1020.3,1028,1,.42,,,0,0,,,2000,,,4.2,,,,
146,2022-12-05 18:00,.1,,1.4,360,32,2,-14.6,1020.4,1028.1,.2,.02,,,0,0,,,2000,,,2.1,,,,
146,2022-12-05 19:00,-.1,,2.9,320,32,1.9,-14.8,1020.9,1028.6,,,,,0,0,,,2000,,,1.2,,,,
146,2022-12-05 20:00,-.7,,2.2,340,35,2,-14.2,1021.3,1029,,,,,0,0,,,2000,,,.9,,,,
146,2022-12-05 21:00,-.9,,.5,360,34,1.9,-14.8,1021.3,1029,,,,,0,0,,,2000,,,.7,,,,
146,2022-12-05 22:00,-1.3,,1,50,36,2,-14.4,1020.9,1028.7,,,,,0,0,,,2000,,,.5,,,,
146,2022-12-05 23:00,-1.8,,1.2,140,42,2.3,-13,1020.7,1028.5,,,,,0,0,,,2000,,,.3,,,,
146,2022-12-06 00:00,-2.2,,.9,110,44,2.3,-12.8,1020.6,1028.4,,,,,0,0,,,2000,,,.2,,,,
146,2022-12-06 01:00,-3,,1.4,110,50,2.5,-11.9,1020.3,1028.1,,,,,0,0,,,2000,,,.1,,,,
146,2022-12-06 02:00,-3.5,,1.7,140,48,2.3,-12.9,1020,1027.8,,,,,0,0,,,2000,,,0,,,,
146,2022-12-06 03:00,-3.3,,1,160,50,2.4,-12.2,1019.6,1027.4,,,,,7,7,Sc,15,2000,,,0,,,,
146,2022-12-06 04:00,-2.8,,1.1,140,55,2.7,-10.6,1018.7,1026.5,,,,,8,8,Sc,13,2000,,,.1,,,,
146,2022-12-06 05:00,-2.5,,1.5,140,52,2.6,-11,1017.9,1025.7,,,,,8,8,Sc,11,2000,,,.1,,,,
146,2022-12-06 06:00,-2.2,0,1.4,140,53,2.8,-10.5,1017.8,1025.6,,,,,6,6,Sc,19,2000,,05,.1,,,,
146,2022-12-06 07:00,-1.8,,1.9,140,54,2.9,-9.8,1017.7,1025.4,,,,,4,4,Sc,10,2000,,,-.2,,,,
146,2022-12-06 08:00,-1.5,,1,140,55,3,-9.3,1018.1,1025.8,0,.03,,,4,4,Sc,10,2000,,,-.2,,,,
146,2022-12-06 09:00,.5,0,1.5,140,54,3.4,-7.7,1017.8,1025.5,.7,.33,,,5,5,Sc,10,2000,,05,.2,,,,
146,2022-12-06 10:00,3.2,,1.2,160,55,4.2,-4.9,1017.8,1025.4,.4,.56,,,4,4,Sc,10,2000,,05,.3,,,,
146,2022-12-06 11:00,5.4,,1.2,180,51,4.6,-3.9,1017.4,1024.9,.7,.98,,,1,1,Sc,10,2000,,,.8,,,,
146,2022-12-06 12:00,6.3,0,1.9,270,48,4.6,-3.9,1016.8,1024.3,.1,.62,,,7,7,Sc,10,1999,,05,2.8,,,,
146,2022-12-06 13:00,8.7,,3.6,270,38,4.3,-4.8,1015.8,1023.2,.6,1.44,,,7,7,Sc,15,2000,,,7.9,,,,
146,2022-12-06 14:00,7.2,,4.5,270,45,4.6,-3.9,1015.6,1023.1,.5,1.06,,,9,9,Sc,15,2000,,,6.3,,,,
146,2022-12-06 15:00,5.4,0,1.6,360,62,5.6,-1.3,1015.8,1023.3,0,.26,,,9,9,Sc,10,2000,,01,5.6,,,,
146,2022-12-06 16:00,4,,1,320,80,6.5,.8,1016.3,1023.9,0,.09,,,8,8,Sc,5,1168,,01,5,,,,
146,2022-12-06 17:00,3.9,,2.3,340,82,6.6,1.1,1016.5,1024.1,0,.09,,,8,8,Sc,8,1990,,01,4.7,,,,
146,2022-12-06 18:00,3.8,.5,1.3,270,76,6.1,0,1016.5,1024.1,0,0,,,4,4,Sc,15,2000,,,3.3,,,,
146,2022-12-06 19:00,2.9,,1.2,70,84,6.3,.4,1016.4,1024,,,,,0,0,,,1940,,,2.6,,,,
146,2022-12-06 20:00,2.7,,1.6,110,88,6.5,.9,1016.4,1024,,,,,10,3,,13,1282,,,2,,,,
146,2022-12-06 21:00,2.4,,1.3,110,89,6.4,.7,1016.2,1023.8,,,,,8,8,Sc,10,1149,,,2.1,,,,
146,2022-12-06 22:00,2.5,,1.5,110,86,6.2,.3,1016.4,1024,,,,,0,0,,,1436,,,2,,,,
146,2022-12-06 23:00,4.1,,2.1,230,69,5.7,-1,1016.7,1024.3,,,,,9,4,,16,1948,,,1.7,,,,
146,2022-12-07 00:00,4.9,,3.1,250,53,4.6,-3.8,1016.9,1024.4,,,,,2,2,Sc,10,2000,,,1.5,,,,
146,2022-12-07 01:00,4.5,,1.1,230,54,4.5,-4,1016.7,1024.2,,,,,7,2,,17,2000,,,1.3,,,,
146,2022-12-07 02:00,1.9,,1.9,90,77,5.4,-1.7,1016.4,1024,,,,,7,7,,16,1986,,,1.5,,,,
146,2022-12-07 03:00,1.6,,1.4,110,78,5.4,-1.8,1016.2,1023.8,,,,,1,1,Sc,10,1985,,,1.5,,,,
146,2022-12-07 04:00,1.3,,1.8,140,80,5.4,-1.7,1015.9,1023.5,,,,,6,6,Sc,10,1873,,,1,,,,
146,2022-12-07 05:00,1.5,,1.7,110,77,5.2,-2.1,1015.9,1023.5,,,,,4,4,Sc,10,1962,,,1.2,,,,
146,2022-12-07 06:00,1.6,,1.8,110,77,5.3,-2,1016.3,1023.9,,,,,8,8,Sc,10,1946,,,1.1,,,,
146,2022-12-07 07:00,1.4,,1.6,110,78,5.3,-2,1016.6,1024.2,,,,,2,2,Sc,10,1694,,,1,,,,
146,2022-12-07 08:00,1.3,,1.8,140,79,5.3,-1.9,1017,1024.6,0,.02,,,0,0,,,1404,,,.8,,,,
146,2022-12-07 09:00,3,,1.2,160,73,5.6,-1.3,1017.6,1025.2,.7,.32,,,2,2,Sc,10,1318,,,1.2,,,,
146,2022-12-07 10:00,7,,3.1,250,53,5.3,-1.9,1017.9,1025.4,.9,.77,,,5,5,Sc,10,1132,,,4.1,,,,
146,2022-12-07 11:00,7.5,,3.6,230,54,5.6,-1.2,1017.9,1025.4,.5,.89,,,3,3,Sc,10,1198,,,5.5,,,,
146,2022-12-07 12:00,8.7,,4.5,250,50,5.6,-1.1,1017.6,1025,.5,1.13,,,5,5,Sc,10,1507,,,7.5,,,,
146,2022-12-07 13:00,9.1,,5.5,270,47,5.4,-1.6,1017.2,1024.6,.8,1.42,,,3,3,Sc,10,1748,,,9,,,,
146,2022-12-07 14:00,8.9,,4.7,250,46,5.2,-2.1,1017.1,1024.5,.9,1.55,,,4,4,Sc,10,1912,,,10,,,,
146,2022-12-07 15:00,9.1,,4.8,270,45,5.2,-2.2,1017.2,1024.6,.7,1.05,,,4,4,Sc,10,1961,,,8.8,,,,
146,2022-12-07 16:00,8.3,,3.1,270,50,5.5,-1.5,1017.8,1025.2,.8,.7,,,0,0,,,1925,,,7.4,,,,
146,2022-12-07 17:00,7.9,,3.2,270,52,5.6,-1.3,1018.2,1025.7,.2,.21,,,0,0,,,1703,,,5.9,,,,
146,2022-12-07 18:00,7.2,,2.1,250,56,5.7,-1,1018.1,1025.6,0,0,,,1,1,Sc,10,1513,,,4.6,,,,
146,2022-12-07 19:00,6.6,,1.8,230,59,5.8,-.8,1018.1,1025.6,,,,,0,0,,,1402,,,3.7,,,,
146,2022-12-07 20:00,6.1,,1.6,250,60,5.7,-1,1018.1,1025.6,,,,,1,0,,,1322,,,3,,,,
146,2022-12-07 21:00,4.4,,1.2,140,69,5.8,-.8,1018.2,1025.8,,,,,0,0,,,1228,,,2.3,,,,
146,2022-12-07 22:00,3.4,,1.5,110,73,5.7,-.9,1018.8,1026.4,,,,,0,0,,,1173,,,2.3,,,,
146,2022-12-07 23:00,2.9,,1.9,110,74,5.6,-1.2,1018.9,1026.5,,,,,9,5,,11,1079,,,1.9,,,,
146,2022-12-08 00:00,2.3,,1.7,140,76,5.5,-1.5,1019.1,1026.7,,,,,6,6,,,1069,,,1.8,,,,
146,2022-12-08 01:00,2,,1.9,140,78,5.5,-1.4,1019.2,1026.8,,,,,0,0,,,1035,,,1.4,,,,
146,2022-12-08 02:00,1.4,,1.4,140,80,5.4,-1.6,1019.1,1026.8,,,,,0,0,,,901,,19,1.1,,,,
146,2022-12-08 03:00,1.2,,1.5,140,83,5.6,-1.3,1019.3,1027,,,,,0,0,,,859,,19,.9,,,,
146,2022-12-08 04:00,.7,,1.3,140,85,5.5,-1.5,1019,1026.7,,,,,0,0,,,764,,19,.8,,,,
146,2022-12-08 05:00,.9,,.9,140,85,5.6,-1.3,1018.7,1026.4,,,,,0,0,,,770,,19,.7,,,,
146,2022-12-08 06:00,.6,,1.4,110,85,5.4,-1.6,1019.1,1026.8,,,,,7,7,Sc,10,758,,19,.7,,,,
146,2022-12-08 07:00,0,,1.5,140,88,5.4,-1.7,1019.7,1027.4,,,,,0,0,,,656,,19,.6,,,,
146,2022-12-08 08:00,.4,,1.6,140,88,5.6,-1.3,1019.9,1027.6,0,.03,,,4,0,Ci,,818,,19,.6,,,,
146,2022-12-08 09:00,2.7,,1.1,140,78,5.8,-.7,1020.1,1027.7,1,.37,,,2,0,Ci,,1145,,19,.7,,,,
146,2022-12-08 10:00,5.5,,.8,160,67,6.1,-.1,1020.5,1028.1,1,.86,,,0,0,,,1358,,,3.4,,,,
146,2022-12-08 11:00,8.6,,.7,50,53,5.9,-.4,1020.3,1027.7,1,1.43,,,0,0,,,2000,,,6.6,,,,
146,2022-12-08 12:00,9.3,,1.4,360,47,5.5,-1.4,1018.9,1026.3,1,1.77,,,0,0,,,2000,,,10.7,,,,
146,2022-12-08 13:00,9.6,,1.9,250,45,5.4,-1.7,1018.1,1025.5,1,1.89,,,0,0,,,2000,,,12.7,,,,
146,2022-12-08 14:00,10.5,,.9,340,38,4.8,-3.2,1017.8,1025.2,1,1.77,,,0,0,,,2000,,,13.8,,,,
146,2022-12-08 15:00,10.4,,2.3,320,41,5.2,-2.3,1017.8,1025.2,1,1.45,,,0,0,,,2000,,,12.9,,,,
146,2022-12-08 16:00,9.3,,2.1,320,43,5,-2.6,1017.6,1025,.8,.83,,,1,1,Ac,40,2000,,,10.3,,,,
146,2022-12-08 17:00,9.2,,1.8,320,40,4.6,-3.7,1017.8,1025.2,0,.13,,,9,7,ScAc,10,2000,,,8.5,,,,
146,2022-12-08 18:00,8.6,,1.7,290,47,5.3,-2,1017.9,1025.3,0,.01,,,9,6,ScAc,10,2000,,,7,,,,
146,2022-12-08 19:00,6.6,,1.6,270,63,6.1,0,1018.2,1025.7,,,,,3,1,,,1996,,,5.4,,,,
146,2022-12-08 20:00,6.3,,.1,0,66,6.3,.4,1018.2,1025.7,,,,,0,0,,,2000,,,4.1,,,,
146,2022-12-08 21:00,5.1,,1.5,110,69,6.1,-.1,1018,1025.6,,,,,0,0,,,1945,,,3.3,,,,
146,2022-12-08 22:00,4.1,,1,110,72,5.9,-.5,1017.9,1025.5,,,,,0,0,,,1928,,,2.7,,,,
146,2022-12-08 23:00,3.3,,1.8,140,72,5.6,-1.2,1017.7,1025.3,,,,,0,0,,,1928,,,2.2,,,,
146,2022-12-09 00:00,2.8,,1.5,110,74,5.6,-1.3,1017.9,1025.5,,,,,0,0,,,1871,,,1.9,,,,
146,2022-12-09 01:00,2.1,,1.6,110,77,5.5,-1.5,1017.6,1025.2,,,,,0,0,,,1638,,,1.7,,,,
146,2022-12-09 02:00,1.8,,1.7,140,79,5.5,-1.4,1017.3,1024.9,,,,,0,0,,,1577,,,1.6,,,,
146,2022-12-09 03:00,2,,1.2,160,78,5.5,-1.4,1017,1024.6,,,,,9,9,Sc,15,1624,,,1.8,,,,
146,2022-12-09 04:00,2,,1.1,140,76,5.4,-1.7,1016.4,1024,,,,,9,9,Sc,15,1753,,,1.6,,,,
146,2022-12-09 05:00,2.8,,1.1,140,69,5.2,-2.3,1016.2,1023.8,,,,,9,9,Sc,15,2000,,,2,,,,
146,2022-12-09 06:00,3.3,,.7,140,67,5.2,-2.2,1015.9,1023.5,,,,,9,9,Sc,15,2000,,,2.7,,,,
146,2022-12-09 07:00,3.6,,1.5,110,65,5.2,-2.3,1015.6,1023.2,,,,,9,9,Sc,10,2000,,,3.1,,,,
146,2022-12-09 08:00,4.7,,.5,70,58,5,-2.8,1016,1023.5,0,.02,,,9,9,Sc,10,2000,,,3.5,,,,
146,2022-12-09 09:00,5.8,,.5,140,57,5.3,-2,1016.5,1024,0,.2,,,9,9,Ac,30,2000,,,4.5,,,,
146,2022-12-09 10:00,7.5,,.7,110,53,5.5,-1.4,1016.5,1024,0,.41,,,9,9,Ac,25,1999,,,6.2,,,,
146,2022-12-09 11:00,8.8,,.6,340,52,5.9,-.5,1016.5,1023.9,0,.74,,,8,8,Ac,25,1773,,,8.1,,,,
146,2022-12-09 12:00,10.4,,1,250,45,5.7,-1,1015.8,1023.2,.3,1.07,,,9,7,ScAc,13,1100,,,10.4,,,,
146,2022-12-09 13:00,12.1,,1.4,340,54,7.6,3,1014.9,1022.2,.8,1.39,,,4,1,ScCi,10,1316,,,12.7,,,,
146,2022-12-09 14:00,11.7,,2.4,270,55,7.5,2.9,1014.5,1021.8,.9,1.42,,,4,2,ScCi,10,1344,,,13.3,,,,
146,2022-12-09 15:00,11.6,,2.8,230,56,7.6,3.1,1014.3,1021.6,.9,1.18,,,4,1,ScCi,11,1088,,,12.2,,,,
146,2022-12-09 16:00,11.2,,1.6,230,59,7.8,3.4,1014.3,1021.6,1,.72,,,2,0,Ci,,1117,,,11,,,,
146,2022-12-09 17:00,10.1,,2.4,270,63,7.7,3.3,1014.3,1021.7,.3,.25,,,0,0,,,1235,,,8.8,,,,
146,2022-12-09 18:00,8.9,,1.1,250,66,7.5,2.8,1014.4,1021.8,0,0,,,0,0,,,1261,,,7,,,,
146,2022-12-09 19:00,8.2,,1.2,270,72,7.8,3.4,1014.5,1021.9,,,,,0,0,,,881,,40,5.9,,,,
146,2022-12-09 20:00,7.5,,.8,290,79,8.1,4,1015,1022.4,,,,,7,0,,,539,,4019,5.1,,,,
146,2022-12-09 21:00,6.3,,1.1,110,79,7.5,2.9,1014.8,1022.3,,,,,0,0,,,674,,19,4.3,,,,
146,2022-12-09 22:00,5.6,,.7,160,82,7.4,2.7,1015,1022.5,,,,,1,0,,,572,,19,3.6,,,,
146,2022-12-09 23:00,4.1,,.9,360,88,7.2,2.2,1015,1022.5,,,,,0,0,,,416,,19,3,,,,
146,2022-12-10 00:00,3.6,,1.4,140,87,6.9,1.6,1014.6,1022.2,,,,,0,0,,,385,,19,2.6,,,,
146,2022-12-10 01:00,3.4,,.6,160,88,6.8,1.5,1014.9,1022.5,,,,,2,0,,,343,,19,2.2,,,,
146,2022-12-10 02:00,2.3,,1.3,140,91,6.5,.9,1014.8,1022.4,,,,,2,0,,,253,,19,1.9,,,,
146,2022-12-10 03:00,2,,1.4,110,92,6.5,.8,1014.7,1022.3,,,,,0,0,,,235,,19,1.6,,,,
146,2022-12-10 04:00,1.7,,.9,110,92,6.3,.5,1014.5,1022.1,,,,,0,0,,,233,,19,1.4,,,,
146,2022-12-10 05:00,1.2,,1,110,93,6.2,.1,1014.1,1021.7,,,,,0,0,,,173,,19,1.3,,,,
146,2022-12-10 06:00,.6,,1.1,160,95,6.1,-.1,1014,1021.6,,,,,0,0,,,130,,19,1.1,,,,
146,2022-12-10 07:00,.4,,1,110,95,6,-.3,1014,1021.7,,,,,10,10,,2,26,,1916,1,,,,
146,2022-12-10 08:00,-.2,,.5,50,97,5.8,-.6,1014.4,1022.1,0,.01,,,10,10,,9,99,,16,1.3,,,,
146,2022-12-10 09:00,1.7,,1.6,230,97,6.7,1.2,1013.6,1021.2,0,.18,,,10,10,,6,65,,16,2.4,,,,
146,2022-12-10 10:00,2.1,,1,360,93,6.6,1,1013.8,1021.4,.4,.57,,,10,10,,8,86,,1916,4.3,,,,
146,2022-12-10 11:00,2.1,,.5,340,94,6.7,1.2,1014.3,1021.9,0,.42,,,10,10,St,5,105,,1916,5.3,,,,
146,2022-12-10 12:00,4.4,,1,140,79,6.6,1,1012.6,1020.1,0,.58,,,9,9,Ac,30,385,,19,6.8,,,,
146,2022-12-10 13:00,5.2,,.4,0,72,6.3,.5,1011.7,1019.2,0,.54,,,10,1,ScAs,10,450,,19,7.2,,,,
146,2022-12-10 14:00,5.3,,2.2,340,75,6.7,1.2,1011.6,1019.1,0,.45,,,10,10,As,25,440,,19,7.6,,,,
146,2022-12-10 15:00,5.5,,1.7,320,68,6.1,0,1011.7,1019.2,0,.38,,,10,10,As,25,543,,4019,7.1,,,,
146,2022-12-10 16:00,5.7,,.5,320,63,5.8,-.8,1011.5,1019,0,.13,,,10,5,ScAs,10,684,,4001,6.5,,,,
146,2022-12-10 17:00,5.5,,.7,180,65,5.9,-.5,1011.5,1019,0,.07,,,9,3,ScAc,15,667,,4001,6,,,,
146,2022-12-10 18:00,5.2,0,.5,230,65,5.8,-.8,1012,1019.5,0,0,,,10,10,As,22,671,,4001,5.5,,,,
146,2022-12-10 19:00,5.2,,.2,0,60,5.3,-1.9,1012.1,1019.6,,,,,10,10,As,25,825,,4001,5.2,,,,
146,2022-12-10 20:00,5.1,,.7,180,63,5.6,-1.3,1012.3,1019.8,,,,,10,10,As,28,752,,4001,4.6,,,,
146,2022-12-10 21:00,4.6,0,.3,0,66,5.6,-1.2,1012.7,1020.2,,,,,8,8,Ac,30,691,,40,3.7,,,,
146,2022-12-10 22:00,3.2,,.9,360,79,6.1,0,1013.1,1020.7,,,,,8,3,,29,407,,40,2.9,,,,
146,2022-12-10 23:00,3.2,,.3,0,82,6.3,.4,1013.2,1020.8,,,,,8,7,,23,356,,4019,2.6,,,,
146,2022-12-11 00:00,3,,1.2,110,82,6.2,.2,1013.4,1021,,,,,8,8,,,416,,19,3,,,,
146,2022-12-11 01:00,2.4,,.4,0,84,6.1,0,1013.6,1021.2,,,,,9,9,,25,355,,19,2.9,,,,
146,2022-12-11 02:00,3.1,,.8,200,80,6.1,0,1014.1,1021.7,,,,,10,10,,25,460,,19,3.1,,,,
146,2022-12-11 03:00,2.4,,.7,50,84,6.1,0,1014.1,1021.7,,,,,9,9,As,26,387,,19,3.1,,,,
146,2022-12-11 04:00,2.6,,.4,0,84,6.2,.1,1014,1021.6,,,,,5,5,Sc,10,419,,19,2.4,,,,
146,2022-12-11 05:00,1.3,,.2,0,88,5.9,-.4,1014,1021.6,,,,,0,0,,,318,,19,1.6,,,,
146,2022-12-11 06:00,.3,,.3,0,91,5.7,-1,1014.5,1022.2,,,,,0,0,,,294,,19,1.1,,,,
146,2022-12-11 07:00,-.1,,.8,340,91,5.6,-1.3,1015.4,1023.1,,,,,0,0,,,292,,19,.9,,,,
146,2022-12-11 08:00,-.1,,1,140,89,5.4,-1.7,1015.9,1023.6,0,.02,,,0,0,,,294,,19,.8,,,,
146,2022-12-11 09:00,2.1,,.2,0,73,5.2,-2.2,1016.6,1024.2,.9,.39,,,0,0,,,592,,19,1,,,,
146,2022-12-11 10:00,3,,1.3,340,58,4.4,-4.4,1017,1024.6,1,.88,,,0,0,,,1177,,4019,3.6,,,,
146,2022-12-11 11:00,4.2,,2.2,320,56,4.6,-3.8,1017,1024.6,1,1.36,,,0,0,,,1299,,,6.5,,,,
146,2022-12-11 12:00,5.5,,1.6,340,42,3.8,-6.4,1016.5,1024,1,1.7,,,0,0,,,1864,,,9.6,,,,
146,2022-12-11 13:00,6.6,,1.9,270,38,3.7,-6.7,1015.9,1023.4,1,1.79,,,0,0,,,1990,,,11.4,,,,
146,2022-12-11 14:00,7.2,,2.8,290,34,3.5,-7.6,1015.4,1022.9,1,1.71,,,0,0,,,2000,,,11.4,,,,
146,2022-12-11 15:00,7.8,,2.6,320,34,3.6,-7.1,1015.2,1022.6,1,1.41,,,0,0,,,2000,,,10.8,,,,
146,2022-12-11 16:00,7.7,,2.9,340,33,3.5,-7.5,1015.3,1022.7,1,.91,,,0,0,,,2000,,,9.2,,,,
146,2022-12-11 17:00,6.4,,3.1,270,54,5.2,-2.2,1016,1023.5,1,.35,,,0,0,,,2000,,,6.6,,,,
146,2022-12-11 18:00,5.2,,2.5,270,59,5.2,-2.1,1016.3,1023.8,0,.01,,,0,0,,,2000,,,4.7,,,,
146,2022-12-11 19:00,4.8,,.6,110,60,5.2,-2.3,1016.5,1024,,,,,0,0,,,2000,,,3.4,,,,
146,2022-12-11 20:00,3.4,,.8,140,66,5.2,-2.3,1016.5,1024.1,,,,,0,0,,,1814,,,2.5,,,,
146,2022-12-11 21:00,2.4,,1.3,110,68,4.9,-2.9,1016.3,1023.9,,,,,0,0,,,1850,,,1.9,,,,
146,2022-12-11 22:00,1.4,,1.4,110,73,4.9,-2.9,1016.6,1024.2,,,,,0,0,,,1625,,,1.4,,,,
146,2022-12-11 23:00,.9,,.4,0,77,5,-2.6,1017.2,1024.9,,,,,0,0,,,1561,,,1,,,,
146,2022-12-12 00:00,.2,,.8,230,78,4.9,-3.1,1017.6,1025.3,,,,,0,0,,,1480,,,.8,,,,
146,2022-12-12 01:00,-.7,,1.2,140,80,4.6,-3.7,1017.5,1025.2,,,,,0,0,,,1456,,,.7,,,,
146,2022-12-12 02:00,-1.1,,1.2,160,81,4.6,-3.9,1017.2,1024.9,,,,,0,0,,,1465,,,.6,,,,
146,2022-12-12 03:00,-1.3,,.9,110,80,4.4,-4.3,1017.5,1025.2,,,,,4,0,Ci,,1485,,,.4,,,,
146,2022-12-12 04:00,-1.7,,1.4,110,83,4.5,-4.2,1017.3,1025,,,,,6,0,Ci,,1333,,,.3,,,,
146,2022-12-12 05:00,-1.8,,1.2,140,82,4.4,-4.4,1016.8,1024.5,,,,,9,0,Ci,,1456,,,.3,,,,
146,2022-12-12 06:00,-1.5,,.4,0,79,4.3,-4.6,1016.7,1024.4,,,,,9,0,Ci,,1541,,,.4,,,,
146,2022-12-12 07:00,-.9,,.5,140,76,4.3,-4.6,1015.3,1023,,,,,9,0,Ci,,1577,,,.4,,,,
146,2022-12-12 08:00,-.9,,.8,340,76,4.3,-4.6,1015.4,1023.1,0,.02,,,8,0,Ci,,1567,,,.4,,,,
146,2022-12-12 09:00,1,,.8,70,68,4.5,-4.2,1015.3,1022.9,.7,.36,,,7,0,Ci,,1574,,,.5,,,,
146,2022-12-12 10:00,1.2,,1.5,340,61,4.1,-5.5,1015.7,1023.3,.6,.63,,,7,5,ScCi,13,1949,,,.9,,,,
146,2022-12-12 11:00,3,,1.2,140,53,4,-5.6,1015.2,1022.8,.1,.62,,,8,6,ScCi,12,1997,,,3.3,,,,
146,2022-12-12 12:00,5.5,,.5,230,42,3.8,-6.4,1014.1,1021.6,.8,1.45,,,10,3,ScCs,10,2000,,,6.9,,,,
146,2022-12-12 13:00,6,,2.4,270,41,3.8,-6.2,1013.4,1020.9,.1,1.02,,,10,5,ScAs,11,2000,,,7.4,,,,
146,2022-12-12 14:00,6.3,,1.2,250,51,4.9,-3.1,1012.8,1020.3,0,.73,,,9,5,ScCi,14,2000,,,7.5,,,,
146,2022-12-12 15:00,6,,1.2,230,59,5.5,-1.4,1012.5,1020,0,.57,,,9,4,ScCi,9,2000,,,7,,,,
146,2022-12-12 16:00,5.9,,.7,180,62,5.8,-.8,1012.1,1019.6,0,.2,,,9,6,ScCi,20,2000,,,6.1,,,,
146,2022-12-12 17:00,5.9,,.8,140,62,5.8,-.8,1011.6,1019.1,.1,.1,,,7,2,ScCi,20,2000,,,5.4,,,,
146,2022-12-12 18:00,4.8,,1.6,140,66,5.7,-1,1011.3,1018.8,0,.02,,,2,2,Sc,10,2000,,,3.6,,,,
146,2022-12-12 19:00,4.7,,1,140,66,5.6,-1.1,1010.9,1018.4,,,,,9,4,,17,2000,,,2.9,,,,
146,2022-12-12 20:00,5.3,,1.6,230,65,5.8,-.7,1010.9,1018.4,,,,,10,8,StAs,10,1723,,01,3.6,,,,
146,2022-12-12 21:00,5.4,0,.9,180,75,6.7,1.3,1010.8,1018.3,,,,,10,7,StNs,6,1517,,01,4.1,,,,
146,2022-12-12 22:00,4.2,,.7,90,91,7.5,2.8,1010.7,1018.2,,,,,10,8,ScAs,7,1066,,01,4.2,,,,
146,2022-12-12 23:00,3.8,,.9,50,92,7.4,2.6,1011,1018.5,,,,,9,8,ScAs,5,686,,1901,4.2,,,,
146,2022-12-13 00:00,4.7,.8,1.2,230,88,7.5,2.8,1011.4,1018.9,,,,,9,9,Sc,10,1418,,19,4.1,,,,
146,2022-12-13 01:00,5.1,,1.5,290,77,6.7,1.3,1011.6,1019.1,,,,,1,1,,11,1389,,,4.2,,,,
146,2022-12-13 02:00,5.2,,2.3,250,65,5.8,-.8,1011.8,1019.3,,,,,0,0,,,1226,,,3.2,,,,
146,2022-12-13 03:00,5.2,,2.6,250,61,5.4,-1.7,1011.8,1019.3,,,,,8,8,Sc,10,1252,,,3.4,,,,
146,2022-12-13 04:00,5,,2.5,250,63,5.5,-1.4,1011.6,1019.1,,,,,8,8,Sc,10,1267,,01,3.4,,,,
146,2022-12-13 05:00,5,,2.4,250,60,5.2,-2.1,1011.3,1018.8,,,,,9,9,Sc,10,1603,,,3.1,,,,
146,2022-12-13 06:00,4.9,0,2.5,250,62,5.4,-1.7,1011.3,1018.8,,,,,9,9,Sc,15,1427,,,2.8,,,,
146,2022-12-13 07:00,4.8,,3,250,59,5.1,-2.5,1011.7,1019.2,,,,,4,4,Sc,13,1405,,,2.4,,,,
146,2022-12-13 08:00,4.9,,3.8,250,59,5.1,-2.4,1012.5,1020,0,.01,,,8,6,ScAs,13,1232,,01,2.6,,,,
146,2022-12-13 09:00,5.2,0,3.5,230,56,5,-2.8,1013.5,1021,0,.22,,,4,4,Sc,12,1202,,4201,3.5,,,,
146,2022-12-13 10:00,6,,3,270,51,4.8,-3.3,1013.2,1020.7,.1,.5,,,7,7,Sc,11,992,,42,4.6,,,,
146,2022-12-13 11:00,6.8,,3.7,270,49,4.9,-3.1,1013,1020.5,.6,.79,,,3,3,Sc,10,833,,42,6,,,,
146,2022-12-13 12:00,6.6,,5.5,250,42,4.1,-5.4,1012.4,1019.9,.6,1.2,,,4,4,Sc,15,926,,42,7.3,,,,
146,2022-12-13 13:00,6.6,,4.1,250,48,4.7,-3.6,1011.7,1019.2,.5,1.03,,,7,7,Sc,10,804,,42,7.4,,,,
146,2022-12-13 14:00,6.4,,4.5,250,48,4.6,-3.8,1011.6,1019.1,0,.71,,,10,5,ScAs,10,824,,42,7,,,,
146,2022-12-13 15:00,4,0,5.6,270,71,5.8,-.7,1012,1019.5,0,.32,,,10,8,ScAs,9,854,,420601,5.8,,,,
146,2022-12-13 16:00,5.7,,3.2,270,52,4.8,-3.4,1011.2,1018.7,0,.39,,,10,4,ScAs,10,824,,4206,5.6,,,,
146,2022-12-13 17:00,5.9,,4,270,45,4.2,-5.1,1011.4,1018.9,0,.11,,,8,3,ScAs,12,829,,42,4.5,,,,
146,2022-12-13 18:00,5.8,0,4.8,270,42,3.9,-6.1,1011.9,1019.4,0,.01,,,10,5,ScAs,13,888,,4201,4,,,,
146,2022-12-13 19:00,4,,4.9,290,69,5.6,-1.1,1012.9,1020.4,,,,,10,6,ScAs,10,807,,4201,3.7,,,,
146,2022-12-13 20:00,2,,3,270,79,5.6,-1.2,1013.4,1021,,,,,10,5,ScAs,10,1547,,4201,3.3,,,,
146,2022-12-13 21:00,1.1,.3,3.5,270,89,5.9,-.5,1013.7,1021.3,,,.2,.2,10,6,StNs,8,777,,4205,2.7,,,,
146,2022-12-13 22:00,2.2,,5,290,65,4.6,-3.7,1014,1021.6,,,.2,,10,6,ScAs,10,2000,,05,2.5,,,,
146,2022-12-13 23:00,-.1,,2.5,290,97,5.9,-.5,1015.4,1023.1,,,1,,10,7,StNs,8,143,,05,2.1,,,,
146,2022-12-14 00:00,-.7,1.5,3.6,290,99,5.8,-.8,1015.7,1023.4,,,3.4,3.2,10,6,,,766,,05,2.5,,,,
146,2022-12-14 01:00,-1.9,,4,320,97,5.2,-2.3,1016.2,1023.9,,,4.5,,10,7,StNs,8,378,,05,2.6,,,,
146,2022-12-14 02:00,-2.6,,3.3,340,93,4.7,-3.5,1017.1,1024.9,,,4.6,,10,7,ScAs,10,2000,,05,2.7,,,,
146,2022-12-14 03:00,-3.5,.4,2.1,320,83,3.9,-5.9,1018.3,1026.1,,,4.3,1.2,9,9,Sc,10,2000,,,2.8,,,,
146,2022-12-14 04:00,-3.8,,4,340,80,3.7,-6.8,1018.4,1026.2,,,4.1,,9,9,Sc,10,1700,,,28,,,,
146,2022-12-14 05:00,-5.1,,2.7,340,77,3.2,-8.5,1018.9,1026.8,,,3.9,,1,1,Sc,10,2000,,05,2.9,,,,
146,2022-12-14 06:00,-6.2,0,1.6,340,75,2.9,-9.9,1020,1027.9,,,3.7,0,0,0,,,2000,,,2.8,,,,
146,2022-12-14 07:00,-6.7,,1.8,360,76,2.8,-10.2,1021,1028.9,,,3.5,,1,1,Sc,10,2000,,,2.8,,,,
146,2022-12-14 08:00,-7.4,,1.3,320,71,2.5,-11.7,1021.9,1029.8,0,.02,3.5,,3,3,Sc,10,2000,,,2.7,,,,
146,2022-12-14 09:00,-6.4,,1.7,20,63,2.4,-12.2,1021.9,1029.8,.9,.45,3.5,,2,2,Sc,12,2000,,,2.7,,,,
146,2022-12-14 10:00,-5.1,,1.4,50,58,2.4,-12,1022.4,1030.3,1,1.12,3.3,,1,1,Sc,9,2000,,,3,,,,
146,2022-12-14 11:00,-4.4,,1.4,290,54,2.4,-12.3,1022.7,1030.6,1,1.6,3,,0,0,,,2000,,,3.2,,,,
146,2022-12-14 12:00,-4,,2.8,340,55,2.5,-11.7,1022,1029.8,1,1.97,2.6,,0,0,,,2000,,,3.5,,,,
146,2022-12-14 13:00,-3.2,,1.9,340,57,2.8,-10.5,1021.4,1029.2,1,2.06,2.1,,0,0,,,2000,,,3.8,,,,
146,2022-12-14 14:00,-3.4,,1.8,320,55,2.6,-11.1,1020.8,1028.6,1,1.87,1.7,,0,0,,,2000,,,4.1,,,,
146,2022-12-14 15:00,-3.3,,1.6,320,55,2.6,-11,1020.2,1028,1,1.48,1.2,,0,0,,,2000,,,4.5,,,,
146,2022-12-14 16:00,-3.5,,2.2,340,58,2.8,-10.5,1020,1027.8,1,.92,1,,2,2,Sc,10,2000,,,4.5,,,,
146,2022-12-14 17:00,-4.2,,2,320,63,2.8,-10.2,1020,1027.8,.6,.3,1,,1,1,Sc,8,2000,,,3.4,,,,
146,2022-12-14 18:00,-4.7,,1.4,360,64,2.8,-10.4,1020.1,1028,0,.01,1,,1,1,Sc,10,2000,,,2.3,,,,
146,2022-12-14 19:00,-4.8,,1.5,50,64,2.8,-10.5,1020.2,1028.1,,,1,,1,0,,,2000,,,1.7,,,,
146,2022-12-14 20:00,-5.4,,1.3,50,64,2.6,-11.1,1020.3,1028.2,,,1,,0,0,,,2000,,,1.3,,,,
146,2022-12-14 21:00,-5.8,,1.3,50,69,2.8,-10.5,1020.7,1028.6,,,1,,0,0,,,2000,,,1.1,,,,
146,2022-12-14 22:00,-5.6,,.8,110,74,3,-9.5,1020.6,1028.5,,,1,,0,0,,,1887,,,.9,,,,
146,2022-12-14 23:00,-6.3,,1.5,110,75,2.9,-10,1020,1027.9,,,1,,0,0,,,1890,,,.8,,,,
146,2022-12-15 00:00,-6.6,,1.6,110,76,2.8,-10.1,1019.8,1027.7,,,1,,0,0,,,1921,,,.7,,,,
146,2022-12-15 01:00,-6.7,,1,110,75,2.8,-10.3,1019.5,1027.4,,,1,,0,0,,,1993,,,.6,,,,
146,2022-12-15 02:00,-6.6,,1.4,140,73,2.7,-10.6,1019.6,1027.5,,,1,,0,0,,,2000,,,.5,,,,
146,2022-12-15 03:00,-6.8,,.9,70,75,2.8,-10.4,1019.6,1027.5,,,1,,3,3,Sc,10,2000,,,.4,,,,
146,2022-12-15 04:00,-5.7,,1.1,140,71,2.8,-10.1,1019.2,1027.1,,,1,,8,8,Sc,13,2000,,,.4,,,,
146,2022-12-15 05:00,-6.1,,.6,140,75,2.9,-9.8,1019,1026.9,,,1,,0,0,,,2000,,,.3,,,,
146,2022-12-15 06:00,-5.7,,1.2,110,72,2.9,-9.9,1019.1,1027,,,1,,0,0,,,2000,,,.2,,,,
146,2022-12-15 07:00,-6,,1.5,140,75,2.9,-9.7,1019.3,1027.2,,,1,,0,0,,,2000,,,.1,,,,
146,2022-12-15 08:00,-5,,2.1,140,72,3,-9.2,1019.3,1027.2,0,.02,1,,0,0,,,2000,,,.1,,,,
146,2022-12-15 09:00,-3,,2.1,140,67,3.3,-8.2,1019.3,1027.1,.9,.38,1,,0,0,,,2000,,,.2,,,,
146,2022-12-15 10:00,-.3,,1.7,140,60,3.6,-7.1,1019.5,1027.2,1,.94,1,,0,0,,,2000,,,.3,,,,
146,2022-12-15 11:00,2.6,,1.7,140,56,4.1,-5.3,1019.2,1026.8,1,1.42,1,,1,1,Sc,10,2000,,,.4,,,,
146,2022-12-15 12:00,3.6,,1.4,140,57,4.5,-4.1,1018.1,1025.7,.9,1.44,.5,,1,1,Sc,10,2000,,,.9,,,,
146,2022-12-15 13:00,5.1,,2.7,160,54,4.8,-3.4,1016.7,1024.2,1,1.8,,,1,1,Sc,10,2000,,,5.5,,,,
146,2022-12-15 14:00,6.4,,1.4,200,50,4.8,-3.2,1016,1023.5,1,1.66,,,3,3,Sc,10,2000,,,7.8,,,,
146,2022-12-15 15:00,6.6,,2.8,200,47,4.6,-3.9,1015.2,1022.7,1,1.38,,,6,6,Sc,10,2000,,,7.8,,,,
146,2022-12-15 16:00,5.5,,2.3,200,51,4.6,-3.8,1015.1,1022.6,.4,.62,,,9,9,Sc,10,2000,,,6,,,,
146,2022-12-15 17:00,5.2,,3.4,200,55,4.9,-3.1,1015.2,1022.7,0,.08,,,9,9,Sc,10,2000,,,4.5,,,,
146,2022-12-15 18:00,5.1,0,2.1,200,58,5.1,-2.4,1015.2,1022.7,0,.01,,,10,7,ScAs,10,2000,,01,3.9,,,,
146,2022-12-15 19:00,4.6,,4,230,69,5.8,-.6,1016.2,1023.7,,,,,10,7,ScAs,9,947,,1901,3.7,,,,
146,2022-12-15 20:00,3.4,,2.8,230,81,6.3,.4,1016.6,1024.2,,,,,10,8,StNs,5,994,,1901,3.5,,,,
146,2022-12-15 21:00,2.4,1.7,.7,160,93,6.7,1.3,1016.6,1024.2,,,,,10,8,StNs,5,969,,1901,3.5,,,,
146,2022-12-15 22:00,2.4,,1.2,20,94,6.8,1.5,1016.9,1024.5,,,,,10,8,StNs,3,757,,1901,3.6,,,,
146,2022-12-15 23:00,1.6,,4,340,88,6.1,-.1,1018.7,1026.3,,,,,10,8,ScAs,2,632,,1901,3.4,,,,
146,2022-12-16 00:00,.9,0,3.4,360,78,5.1,-2.5,1019.3,1027,,,,,10,8,ScAs,8,922,,19,2.9,,,,
146,2022-12-16 01:00,.6,,2.2,340,76,4.9,-3.1,1020.4,1028.1,,,,,10,10,,11,985,,19,2.6,,,,
146,2022-12-16 02:00,-.2,,1.6,360,70,4.2,-5,1021,1028.7,,,,,7,7,,8,1284,,19,2.2,,,,
146,2022-12-16 03:00,-.7,,1.9,360,65,3.8,-6.4,1021,1028.7,,,,,8,5,ScCi,12,1816,,,1.8,,,,
146,2022-12-16 04:00,-1.7,,1.7,360,67,3.6,-7,1020.8,1028.6,,,,,5,0,Ci,,1979,,,1,,,,
146,2022-12-16 05:00,-2.3,,1.4,340,69,3.6,-7.2,1020.9,1028.7,,,,,5,0,Ci,,1996,,,.8,,,,
146,2022-12-16 06:00,-3.1,,2.1,340,74,3.6,-7,1020.7,1028.5,,,,,5,0,Ci,,1969,,,.7,,,,
146,2022-12-16 07:00,-3.5,,3,340,71,3.3,-8,1022.3,1030.1,,,,,8,3,AcCi,46,1860,,,.6,,,,
146,2022-12-16 08:00,-4.2,,3.2,340,72,3.2,-8.5,1023.3,1031.2,0,.01,,,9,5,AcCi,45,1690,,,.5,,,,
146,2022-12-16 09:00,-4.2,,2.5,340,54,2.4,-12.1,1024.1,1032,0,.27,,,9,3,AcCi,45,2000,,,.5,,,,
146,2022-12-16 10:00,-3.4,,2.1,340,53,2.5,-11.6,1024.6,1032.4,.3,.7,,,9,3,AcCi,45,2000,,,.6,,,,
146,2022-12-16 11:00,-2.8,,2,340,46,2.3,-12.8,1024.7,1032.5,.5,.94,,,9,1,AcCi,45,2000,,,.9,,,,
146,2022-12-16 12:00,-2.3,,1.2,360,45,2.3,-12.6,1023.3,1031.1,.5,1.12,,,9,6,AcCi,45,2000,,,2.8,,,,
146,2022-12-16 13:00,-1.1,,1.2,340,50,2.8,-10.2,1022.2,1030,.6,1.26,,,9,0,Ci,,2000,,,5,,,,
146,2022-12-16 14:00,-.7,,1.6,320,47,2.7,-10.6,1022,1029.7,.2,1.07,,,9,0,Ci,,2000,,,5.4,,,,
146,2022-12-16 15:00,-.9,,1.6,320,46,2.6,-11,1021.6,1029.3,.2,.82,,,9,0,Ci,,2000,,,5,,,,
146,2022-12-16 16:00,-1.1,,1.8,290,45,2.5,-11.5,1021.5,1029.2,0,.5,,,9,0,Ci,,2000,,,3.7,,,,
146,2022-12-16 17:00,-1.6,,1.5,320,42,2.3,-12.8,1022.5,1030.3,0,.2,,,9,0,Ci,,2000,,,2.2,,,,
146,2022-12-16 18:00,-1.9,,2.1,340,47,2.5,-11.7,1022.7,1030.5,0,.01,,,10,10,As,35,2000,,,1.2,,,,
146,2022-12-16 19:00,-2.1,,2.2,340,50,2.6,-11.1,1022.3,1030.1,,,,,10,10,,43,2000,,,1,,,,
146,2022-12-16 20:00,-2.2,,2.8,320,50,2.6,-11.2,1023.5,1031.3,,,,,10,10,,37,2000,,,.9,,,,
146,2022-12-16 21:00,-2.5,,1.8,340,47,2.4,-12.2,1023.6,1031.4,,,,,10,10,As,30,2000,,,.9,,,,
146,2022-12-16 22:00,-2.9,,1.5,320,53,2.6,-11.1,1023.4,1031.2,,,,,10,6,,33,2000,,,.9,,,,
146,2022-12-16 23:00,-3.1,,1.5,340,50,2.4,-12,1023.7,1031.5,,,,,10,9,,39,2000,,,.8,,,,
146,2022-12-17 00:00,-3.4,,1.8,340,52,2.5,-11.8,1023.1,1030.9,,,,,10,10,As,35,2000,,,.8,,,,
146,2022-12-17 01:00,-3.5,,1.3,320,54,2.6,-11.4,1022.6,1030.4,,,,,10,6,,34,2000,,,.7,,,,
146,2022-12-17 02:00,-3.6,,.5,50,52,2.4,-12,1021.7,1029.5,,,,,10,9,,40,2000,,,.6,,,,
146,2022-12-17 03:00,-3.6,,1.2,20,54,2.5,-11.5,1021.3,1029.1,,,,,7,6,AcCi,40,2000,,,.6,,,,
146,2022-12-17 04:00,-3.7,,1.1,50,54,2.5,-11.6,1020.5,1028.3,,,,,8,7,AcCi,40,2000,,,.5,,,,
146,2022-12-17 05:00,-3.7,,1.1,140,58,2.7,-10.7,1019.6,1027.4,,,,,9,3,AcCi,40,2000,,,.3,,,,
146,2022-12-17 06:00,-4.2,,1.4,140,59,2.6,-11,1018.6,1026.4,,,,,8,0,Ci,,2000,,,.2,,,,
146,2022-12-17 07:00,-3.5,,.8,250,55,2.6,-11.2,1019,1026.8,,,,,8,6,ScCi,10,2000,,,.1,,,,
146,2022-12-17 08:00,-3.1,,.8,180,54,2.6,-11.1,1018.8,1026.6,0,.01,,,9,9,Sc,10,2000,,05,.2,,,,
146,2022-12-17 09:00,-2.2,0,.9,110,58,3,-9.3,1017.8,1025.6,.2,.24,,,9,9,Sc,10,2000,,,.3,,,,
146,2022-12-17 10:00,-1.3,,4.1,250,85,4.7,-3.5,1017.6,1025.3,.2,.38,.2,,10,7,StNs,8,305,,05,.4,,,,
146,2022-12-17 11:00,.6,,4,270,68,4.3,-4.6,1017.4,1025.1,.8,1.16,,,8,8,Sc,10,2000,,05,.6,,,,
146,2022-12-17 12:00,-2,.3,1.8,20,70,3.7,-6.7,1017.8,1025.5,.1,.77,,.2,9,9,Sc,10,2000,,,.8,,,,
146,2022-12-17 13:00,-3,,1.5,230,81,4,-5.8,1017.3,1025.1,0,.49,.1,,9,9,Sc,10,463,,05,1.3,,,,
146,2022-12-17 14:00,-3.6,,1.9,270,84,3.9,-5.9,1016.6,1024.4,0,.41,.6,,9,9,Sc,10,125,,05,1.2,,,,
146,2022-12-17 15:00,-3.9,1.9,.9,290,90,4.1,-5.3,1015.8,1023.6,0,.16,4,4,9,9,Sc,10,81,,05,1.3,,,,
146,2022-12-17 16:00,-4,,1.6,340,92,4.2,-5.1,1015.6,1023.4,0,.05,8,,9,9,Sc,10,149,,05,1.3,,,,
146,2022-12-17 17:00,-4.7,,1.7,360,85,3.7,-6.8,1016.4,1024.2,0,.03,8.5,,9,9,Sc,10,1986,,05,1.4,,,,
146,2022-12-17 18:00,-5.3,2.7,.3,0,72,3,-9.5,1016.5,1024.3,0,0,7.5,4.5,4,4,Sc,10,2000,,,1.4,,,,
146,2022-12-17 19:00,-5.5,,1.2,320,77,3.1,-8.8,1017.1,1024.9,,,7.5,,1,1,,1,1919,,,1.5,,,,
146,2022-12-17 20:00,-6.2,,1.4,340,76,2.9,-9.7,1017.4,1025.3,,,7.3,,8,3,,1,1969,,,1.5,,,,
146,2022-12-17 21:00,-7.2,,1.5,340,78,2.8,-10.3,1017.6,1025.5,,,7.2,,3,3,Sc,8,1646,,,1.5,,,,
146,2022-12-17 22:00,-6.1,,.4,0,77,3,-9.4,1017.1,1025,,,7,,8,3,,1,1563,,,1.5,,,,
146,2022-12-17 23:00,-6.7,,.7,110,82,3,-9.2,1016.8,1024.7,,,6.9,,9,3,,1,1452,,,1.5,,,,
146,2022-12-18 00:00,-7,0,1.8,320,86,3.1,-8.9,1016.9,1024.8,,,6.7,0,9,9,Sc,8,918,,05,1.6,,,,
146,2022-12-18 01:00,-7.2,,.1,0,82,2.9,-9.7,1016.1,1024,,,6.8,,9,9,Sc,5,633,,05,1.6,,,,
146,2022-12-18 02:00,-6.9,,.3,0,80,2.9,-9.7,1016.4,1024.3,,,6.8,,9,9,Sc,5,1618,,05,1.6,,,,
146,2022-12-18 03:00,-6.9,0,.2,0,86,3.1,-8.8,1015.9,1023.8,,,6.8,.1,10,8,StNs,1,312,,05,1.7,,,,
146,2022-12-18 04:00,-7.1,,.7,290,85,3.1,-9.1,1015.9,1023.8,,,6.8,,10,8,ScAs,1,592,,05,1.7,,,,
146,2022-12-18 05:00,-7.3,,1.5,50,75,2.7,-10.9,1015.8,1023.7,,,6.8,,10,8,ScAs,1,1488,,05,1.7,,,,
146,2022-12-18 06:00,-7.9,0,1.3,50,69,2.3,-12.6,1016.1,1024,,,6.8,0,9,9,Sc,1,1897,,05,1.7,,,,
146,2022-12-18 07:00,-8,,.7,360,76,2.6,-11.4,1016.4,1024.3,,,6.8,,9,9,Sc,1,1565,,05,1.7,,,,
146,2022-12-18 08:00,-8.4,,.8,50,75,2.4,-12,1016.5,1024.4,0,.01,4.8,,3,3,Sc,5,2000,,05,1.8,,,,
146,2022-12-18 09:00,-6.9,0,.9,50,64,2.3,-12.5,1016.5,1024.4,.6,.2,4.5,0,0,0,,,2000,,,1.7,,,,
146,2022-12-18 10:00,-6.3,,1.3,50,48,1.8,-15.5,1016.8,1024.7,1,.53,4.2,,0,0,,,2000,,,1.8,,,,
146,2022-12-18 11:00,-5.9,,2,20,44,1.7,-16.2,1016.5,1024.4,1,.75,3.9,,0,0,,,2000,,,1.9,,,,
146,2022-12-18 12:00,-5,,1.8,340,43,1.8,-15.6,1015.8,1023.6,1,1,3.6,,0,0,,,2000,,,2,,,,
146,2022-12-18 13:00,-4.4,,2.8,320,46,2,-14.3,1015.3,1023.1,1,1.94,3.3,,6,6,Sc,10,2000,,,2.1,,,,
146,2022-12-18 14:00,-4.5,,2.3,340,49,2.1,-13.6,1014.8,1022.6,.6,1.51,3.1,,7,7,Sc,10,2000,,,2.1,,,,
146,2022-12-18 15:00,-4,,1.4,320,44,2,-14.4,1014.8,1022.6,1,1.42,2.8,,0,0,,,2000,,,2.2,,,,
146,2022-12-18 16:00,-4.2,,1.4,290,45,2,-14.3,1014.7,1022.5,1,1.01,2.7,,0,0,,,2000,,,2.3,,,,
146,2022-12-18 17:00,-4.7,,1.5,290,46,2,-14.5,1015,1022.8,1,.42,2.7,,0,0,,,2000,,,2.2,,,,
146,2022-12-18 18:00,-5.7,,1.7,340,52,2.1,-14,1015.6,1023.4,.2,.01,2.7,,0,0,,,2000,,,1.9,,,,
146,2022-12-18 19:00,-6,,1.7,320,55,2.2,-13.5,1016.3,1024.2,,,2.7,,4,0,,,2000,,,1.5,,,,
146,2022-12-18 20:00,-6.5,,1.2,320,58,2.2,-13.4,1016.9,1024.8,,,2.7,,0,0,,,1997,,,1.3,,,,
146,2022-12-18 21:00,-7,,.7,230,65,2.4,-12.4,1017,1024.9,,,2.7,,0,0,,,2000,,,1.1,,,,
146,2022-12-18 22:00,-7.8,,1,110,75,2.6,-11.4,1017.1,1025,,,2.7,,5,5,,10,1962,,,1,,,,
146,2022-12-18 23:00,-8.8,,1.2,140,76,2.4,-12.2,1017.1,1025.1,,,2.7,,5,5,,9,1996,,,1,,,,
146,2022-12-19 00:00,-8,,1,140,73,2.5,-11.9,1017.2,1025.1,,,2.7,,9,9,Sc,10,1981,,,.9,,,,
146,2022-12-19 01:00,-8,,.9,140,74,2.5,-11.8,1017.4,1025.3,,,2.7,,9,5,,9,1991,,,1,,,,
146,2022-12-19 02:00,-8.7,,1.5,140,77,2.4,-12,1017.1,1025,,,2.7,,0,0,,,1960,,,.9,,,,
146,2022-12-19 03:00,-8.1,,1.1,110,70,2.3,-12.6,1017.5,1025.4,,,2.7,,0,0,,,2000,,,.8,,,,
146,2022-12-19 04:00,-8.5,,1.4,110,73,2.4,-12.4,1018,1025.9,,,2.7,,3,3,Sc,10,2000,,,.8,,,,
146,2022-12-19 05:00,-8.4,,1,90,73,2.4,-12.3,1018.2,1026.1,,,2.7,,8,8,Sc,10,2000,,,.8,,,,
146,2022-12-19 06:00,-8.6,,1.3,90,75,2.4,-12.2,1018.8,1026.8,,,2.7,,0,0,,,2000,,,.8,,,,
146,2022-12-19 07:00,-8.9,,1.7,140,76,2.4,-12.3,1019.3,1027.3,,,2.7,,0,0,,,2000,,,.7,,,,
146,2022-12-19 08:00,-8.4,,1.3,140,80,2.6,-11.2,1019.7,1027.7,0,.02,2.7,,0,0,,,1945,,,.7,,,,
146,2022-12-19 09:00,-6.6,,1.6,140,68,2.5,-11.5,1020.2,1028.1,1,.4,2.7,,0,0,,,2000,,,.7,,,,
146,2022-12-19 10:00,-3.9,,1.2,160,56,2.6,-11.4,1020.6,1028.4,1,.92,2.6,,0,0,,,2000,,,.8,,,,
146,2022-12-19 11:00,-1.9,,.8,180,47,2.5,-11.7,1020.2,1028,1,1.4,2.5,,0,0,,,2000,,,.9,,,,
146,2022-12-19 12:00,-.9,,.6,360,40,2.3,-12.8,1019.5,1027.2,1,1.71,2.3,,0,0,,,2000,,,1,,,,
146,2022-12-19 13:00,.1,,.6,90,39,2.4,-12.2,1018.8,1026.5,1,1.8,2.2,,0,0,,,2000,,,1.4,,,,
146,2022-12-19 14:00,1.7,,.9,180,41,2.8,-10.1,1018.4,1026,1,1.71,2.1,,0,0,,,2000,,,1.7,,,,
146,2022-12-19 15:00,2.3,,.6,270,42,3,-9.3,1018.2,1025.8,1,1.4,2.1,,0,0,,,2000,,,1.9,,,,
146,2022-12-19 16:00,1.7,,1,290,49,3.4,-7.8,1018.2,1025.8,1,.9,2,,0,0,,,2000,,,2,,,,
146,2022-12-19 17:00,.8,,.6,290,51,3.3,-8.2,1018.4,1026.1,1,.33,2,,0,0,,,2000,,,1.9,,,,
146,2022-12-19 18:00,-.4,,.8,360,58,3.5,-7.6,1018.9,1026.6,0,.02,2.1,,1,1,Sc,10,2000,,,1.7,,,,
146,2022-12-19 19:00,-.6,,.8,90,64,3.8,-6.5,1019.2,1026.9,,,2,,0,0,,,1992,,,1.2,,,,
146,2022-12-19 20:00,-1.8,,1.4,110,71,3.8,-6.3,1019.5,1027.3,,,2,,2,0,,,1872,,,1,,,,
146,2022-12-19 21:00,-2,,1.3,140,72,3.8,-6.3,1019.8,1027.6,,,1.9,,6,6,Sc,10,1925,,,1,,,,
146,2022-12-19 22:00,-2,,.7,110,74,3.9,-6,1020,1027.8,,,1.9,,6,6,,14,1774,,,1,,,,
146,2022-12-19 23:00,-2.4,,.6,70,74,3.8,-6.4,1020.3,1028.1,,,1.9,,0,0,,,1844,,,.9,,,,
146,2022-12-20 00:00,-2.7,,1.1,90,75,3.8,-6.5,1020.5,1028.3,,,1.9,,7,7,Sc,9,1683,,,.9,,,,
146,2022-12-20 01:00,-2.8,,.8,110,75,3.7,-6.6,1020.6,1028.4,,,1.9,,0,0,,,1806,,,.9,,,,
146,2022-12-20 02:00,-2.8,,.8,110,75,3.7,-6.6,1020.6,1028.4,,,1.9,,0,0,,,1835,,,.8,,,,
146,2022-12-20 03:00,-3.7,,1.2,110,76,3.5,-7.3,1021,1028.8,,,1.9,,1,1,Sc,10,1816,,,.8,,,,
146,2022-12-20 04:00,-4.4,,1.3,140,81,3.6,-7.1,1021.1,1029,,,1.9,,0,0,,,1736,,,.7,,,,
146,2022-12-20 05:00,-4.8,,1.3,110,81,3.5,-7.5,1020.8,1028.7,,,1.9,,0,0,,,1650,,,.7,,,,
146,2022-12-20 06:00,-5.3,,1.2,140,84,3.5,-7.5,1020.7,1028.6,,,1.9,,0,0,,,1330,,,.7,,,,
146,2022-12-20 07:00,-5.1,,1.4,110,83,3.5,-7.5,1021.2,1029.1,,,1.9,,0,0,,,1357,,,.6,,,,
146,2022-12-20 08:00,-5.3,,1.1,110,84,3.5,-7.5,1021.3,1029.2,0,.01,1.9,,0,0,,,1334,,,.6,,,,
146,2022-12-20 09:00,-2.6,,.1,0,71,3.6,-7.1,1022.3,1030.1,.9,.45,1.7,,0,0,,,1444,,,.6,,,,
146,2022-12-20 10:00,-1.1,,.6,20,67,3.8,-6.4,1022.7,1030.5,1,1.1,1.7,,0,0,,,1724,,,.7,,,,
146,2022-12-20 11:00,1.9,,.3,0,58,4.1,-5.5,1022,1029.7,1,1.51,1.7,,0,0,,,1893,,,.8,,,,
146,2022-12-20 12:00,3.2,,.4,0,55,4.2,-4.9,1020.7,1028.3,1,1.7,1.5,,0,0,,,2000,,,1,,,,
146,2022-12-20 13:00,4.8,,.5,90,50,4.3,-4.7,1019.9,1027.5,1,1.8,1.2,,0,0,,,2000,,,1.9,,,,
146,2022-12-20 14:00,5,,1.3,90,49,4.3,-4.8,1018.7,1026.3,1,1.73,.5,,0,0,,,2000,,,3.3,,,,
146,2022-12-20 15:00,5.6,,.5,320,47,4.3,-4.8,1018,1025.5,1,1.38,.4,,2,0,Ci,,2000,,,6.3,,,,
146,2022-12-20 16:00,5,,1.3,360,51,4.4,-4.3,1017.6,1025.2,1,.92,,,1,0,Ci,,2000,,,6.3,,,,
146,2022-12-20 17:00,3.4,,1.2,20,55.9,4.3,-4.6,1016.5,1024.1,,,,,0,0,Sc,,1937,,,4,,,,
146,2022-12-20 18:00,2.9,,1,20,56,4.2,-5,1016.4,1024,0,0,,,0,0,,,1996,,,2.6,,,,
146,2022-12-20 19:00,2,,1.4,110,68,4.8,-3.2,1015.8,1023.4,,,,,8,5,,54,1550,,,1.7,,,,
146,2022-12-20 20:00,1.2,,1.4,110,70,4.7,-3.6,1014.9,1022.5,,,,,10,9,,58,1559,,,1.2,,,,
146,2022-12-20 21:00,.9,,1.2,110,70,4.6,-3.9,1014,1021.6,,,,,9,0,Ci,,1604,,,1,,,,
146,2022-12-20 22:00,.4,,1.1,340,72,4.5,-4,1014.9,1022.6,,,,,9,9,,58,1428,,,.9,,,,
146,2022-12-20 23:00,.6,,1.3,140,69,4.4,-4.4,1014.4,1022.1,,,,,10,10,,53,1729,,,.9,,,,
146,2022-12-21 00:00,1.1,,.9,140,66,4.4,-4.5,1013.7,1021.3,,,,,9,7,AcCi,40,1848,,,.9,,,,
146,2022-12-21 01:00,1.8,,1.2,140,60,4.2,-5.1,1012.5,1020.1,,,,,10,1,,14,2000,,,1,,,,
146,2022-12-21 02:00,2.6,,1.2,140,54,4,-5.7,1011.1,1018.7,,,,,10,0,,,2000,,,1.1,,,,
146,2022-12-21 03:00,3.8,,1.6,140,49,3.9,-5.9,1010.1,1017.6,,,,,10,7,ScAs,15,2000,,,1.2,,,,
146,2022-12-21 04:00,4,,1.8,140,54,4.4,-4.4,1008.7,1016.2,,,,,10,8,ScAs,15,1998,,01,1.4,,,,
146,2022-12-21 05:00,4.1,,1.3,180,67,5.5,-1.4,1007.7,1015.2,,,,,10,8,StNs,10,1164,,01,1.7,,,,
146,2022-12-21 06:00,2.7,.4,1.5,160,86,6.3,.5,1007.2,1014.7,,,,,10,8,StNs,8,744,,01,2,,,,
146,2022-12-21 07:00,2.5,,1.8,140,92,6.7,1.3,1006.8,1014.3,,,,,10,8,StNs,8,437,,1901,2.2,,,,
146,2022-12-21 08:00,2.9,,2.1,140,94,7.1,2,1006.3,1013.8,0,0,,,10,9,StNs,5,402,,1901,2.5,,,,
146,2022-12-21 09:00,3.4,1.5,2,140,95,7.4,2.6,1005.7,1013.2,0,.03,,,10,9,StNs,4,309,,1901,2.8,,,,
146,2022-12-21 10:00,3.3,,1.4,110,96,7.4,2.7,1005.9,1013.4,0,.05,,,10,9,StNs,5,53,,191601,3.2,,,,
146,2022-12-21 11:00,3.7,,1.3,140,96,7.6,3.1,1005.1,1012.6,0,.15,,,10,9,StNs,5,294,,191601,3.9,,,,
146,2022-12-21 12:00,3.8,5,1.2,110,96,7.7,3.2,1004.1,1011.6,0,.16,,,10,6,StNs,2,101,,1901,4.3,,,,
146,2022-12-21 13:00,4.9,,1.1,110,95,8.2,4.1,1003.1,1010.5,0,.4,,,10,8,StNs,5,426,,1901,6,,,,
146,2022-12-21 14:00,4.5,,.5,110,94,7.9,3.6,1002.5,1009.9,0,.2,,,10,9,StNs,5,279,,1901,5.5,,,,
146,2022-12-21 15:00,5.2,1.3,.5,110,94,8.3,4.3,1002,1009.4,0,.18,,,10,9,StNs,5,648,,1901,5.7,,,,
146,2022-12-21 16:00,4.9,,1.3,270,94,8.1,4,1002.4,1009.8,0,.09,,,10,6,StNs,5,333,,1901,5.3,,,,
146,2022-12-21 17:00,3.8,,1.4,340,92,7.4,2.6,1003.3,1010.8,0,.02,,,10,4,StNs,8,358,,1901,4.7,,,,
146,2022-12-21 18:00,3.4,1.2,1.2,140,94,7.3,2.5,1003.3,1010.8,0,.01,,,10,8,ScAs,10,137,,1901,4.2,,,,
146,2022-12-21 19:00,3.2,,.9,140,94,7.2,2.3,1003.5,1011,,,,,7,7,,12,203,,19,3.2,,,,
146,2022-12-21 20:00,2.8,,.9,180,95,7.1,2,1003.5,1011,,,,,6,2,,10,152,,19,2.7,,,,
146,2022-12-21 21:00,2.4,.2,.6,180,94,6.8,1.5,1003.4,1010.9,,,,,7,7,Sc,10,239,,1901,2.6,,,,
146,2022-12-21 22:00,2.6,,2.8,270,86,6.3,.4,1003.4,1010.9,,,,,10,2,ScAs,10,597,,1901,2.2,,,,
146,2022-12-21 23:00,1.8,,2.1,320,87,6.1,-.1,1003.8,1011.3,,,,,4,4,,12,512,,19,2.4,,,,
146,2022-12-22 00:00,1.2,0,1.5,320,89,5.9,-.4,1003.8,1011.4,,,,,9,9,Sc,8,543,,19,2.2,,,,
146,2022-12-22 01:00,.6,,2,320,84,5.4,-1.7,1003.9,1011.5,,,,,3,3,,9,777,,19,1.7,,,,
146,2022-12-22 02:00,.5,,1.7,320,82,5.2,-2.2,1003.9,1011.5,,,,,8,8,Sc,8,810,,1905,1.1,,,,
146,2022-12-22 03:00,0,0,1.5,290,78,4.8,-3.3,1003.9,1011.5,,,,,5,5,Sc,8,1986,,1905,.9,,,,
146,2022-12-22 04:00,-.4,,1.9,270,81,4.8,-3.2,1003.5,1011.1,,,,,9,9,Sc,8,1958,,05,.9,,,,
146,2022-12-22 05:00,-.9,,1.2,320,84,4.8,-3.2,1003,1010.6,,,,,8,8,Sc,7,1773,,,.8,,,,
146,2022-12-22 06:00,-1.6,.2,2,320,91,5,-2.8,1002.9,1010.5,,,.6,.6,9,9,Sc,7,106,,05,.8,,,,
146,2022-12-22 07:00,-2,,1.7,290,88,4.6,-3.7,1003.3,1010.9,,,.6,,6,6,Sc,7,1088,,05,.9,,,,
146,2022-12-22 08:00,-2.4,,2.6,320,79,4.1,-5.5,1003.7,1011.4,0,0,.6,,10,9,StNs,6,1249,,05,1,,,,
146,2022-12-22 09:00,-3,.2,2.1,320,88,4.3,-4.7,1003.8,1011.5,0,.09,1,.4,10,9,StNs,3,245,,05,1.1,,,,
146,2022-12-22 10:00,-3.2,,2.5,320,91,4.4,-4.4,1004,1011.7,0,.17,1.9,,10,9,StNs,5,86,,05,1.3,,,,
146,2022-12-22 11:00,-2.6,,1.7,290,75,3.8,-6.4,1003.5,1011.2,0,.58,1.8,,8,4,ScAs,10,2000,,05,1.5,,,,
146,2022-12-22 12:00,-2.8,.7,2.1,270,78,3.9,-6.1,1002.6,1010.3,.1,.65,1.7,.9,10,9,StNs,5,1799,,05,1.7,,,,
146,2022-12-22 13:00,-2.1,,3.7,290,71,3.7,-6.6,1002.2,1009.8,.6,1.32,1.9,,5,5,Sc,10,1480,,05,1.9,,,,
146,2022-12-22 14:00,-2.5,,3,320,69,3.5,-7.4,1001.7,1009.3,.2,.79,1.5,,8,8,Sc,8,2000,,05,2,,,,
146,2022-12-22 15:00,-3.1,.3,4.1,290,65,3.2,-8.7,1001.9,1009.6,0,.3,1.3,.2,9,9,Sc,10,1874,,05,1.7,,,,
146,2022-12-22 16:00,-3.9,,4.7,320,67,3.1,-9.1,1002.8,1010.5,0,.27,1.2,,10,7,StNs,8,1587,,05,1.5,,,,
146,2022-12-22 17:00,-5.1,,2.6,320,84,3.5,-7.3,1003.4,1011.1,0,.05,1.4,,10,9,StNs,3,160,,05,1.2,,,,
146,2022-12-22 18:00,-5.5,.5,2.5,320,88,3.6,-7.1,1003.8,1011.5,0,.01,2.5,1.3,10,9,StNs,3,265,,05,1.3,,,,
146,2022-12-22 19:00,-5.8,,2.3,340,89,3.5,-7.3,1003.8,1011.5,,,3.1,,10,8,StNs,3,265,,05,1.4,,,,
146,2022-12-22 20:00,-6,,1.7,320,92,3.6,-7,1003.9,1011.7,,,6,,10,8,StNs,3,33,,05,1.5,,,,
146,2022-12-22 21:00,-5.4,3.3,3,290,92,3.8,-6.4,1003.7,1011.4,,,8,5.5,10,8,StNs,3,151,,05,1.5,,,,
146,2022-12-22 22:00,-6.1,,3.7,340,91,3.5,-7.3,1004.2,1012,,,9.5,,10,8,StNs,3,40,,05,1.6,,,,
146,2022-12-22 23:00,-7,,2.3,340,87,3.1,-8.8,1004.6,1012.4,,,9.7,,10,8,StNs,3,240,,05,1.6,,,,
146,2022-12-23 00:00,-7.4,1.6,2.1,360,85,3,-9.4,1004.8,1012.6,,,9.8,1.8,10,8,StNs,3,505,,05,1.6,,,,
146,2022-12-23 01:00,-7.9,,1,360,85,2.9,-9.9,1004.8,1012.6,,,9.9,,10,8,StNs,3,497,,05,1.7,,,,
146,2022-12-23 02:00,-7.8,,1,320,87,3,-9.5,1005.1,1012.9,,,10,,10,8,StNs,3,128,,05,1.7,,,,
146,2022-12-23 03:00,-7.4,.6,1,320,89,3.1,-8.9,1005.1,1012.9,,,10.5,.7,10,8,StNs,3,139,,05,1.7,,,,
146,2022-12-23 04:00,-7.6,,1.4,320,89,3.1,-9.1,1004.9,1012.7,,,12.3,,10,8,StNs,3,124,,05,1.7,,,,
146,2022-12-23 05:00,-7.8,,1.6,340,89,3,-9.3,1005.2,1013,,,13.8,,10,8,StNs,3,294,,05,1.7,,,,
146,2022-12-23 06:00,-7.8,2,1.6,320,88,3,-9.4,1005.6,1013.4,,,14.3,3.8,10,8,StNs,3,344,,05,1.8,,,,
146,2022-12-23 07:00,-8.2,,1.5,340,83,2.8,-10.5,1006.1,1013.9,,,14.4,,8,8,Sc,3,1946,,05,1.8,,,,
146,2022-12-23 08:00,-8.8,,1.4,320,78,2.5,-11.9,1006.3,1014.2,0,.01,14.4,,7,7,Sc,3,1975,,,1.8,,,,
146,2022-12-23 09:00,-7.7,.1,.9,340,76,2.6,-11.2,1006.8,1014.6,0,.07,14,.1,8,8,Sc,3,2000,,,1.8,,,,
146,2022-12-23 10:00,-6.2,,1.3,360,72,2.8,-10.4,1007.2,1015,.2,.21,13.6,,8,8,Sc,3,2000,,,1.8,,,,
146,2022-12-23 11:00,-5.3,,2.3,360,68,2.8,-10.2,1007.1,1014.9,.9,.43,13.3,,9,9,Sc,3,1824,,05,1.9,,,,
146,2022-12-23 12:00,-5.6,0,1.7,340,72,2.9,-9.8,1006.7,1014.5,.3,.37,13.4,.1,10,9,StNs,3,662,,05,1.9,,,,
146,2022-12-23 13:00,-5,,1.4,270,72,3,-9.2,1006.2,1014,0,.34,13.4,,10,9,ScAs,3,1034,,05,1.9,,,,
146,2022-12-23 14:00,-4.5,,3.2,320,73,3.2,-8.6,1006,1013.7,.1,.32,13.2,,10,9,StNs,3,1131,,05,1.9,,,,
146,2022-12-23 15:00,-4.7,0,2.7,320,78,3.4,-7.9,1006.4,1014.1,.4,.32,13.4,.4,10,9,StNs,3,1299,,05,1.8,,,,
146,2022-12-23 16:00,-4.9,,2.4,290,76,3.2,-8.4,1006.7,1014.5,.4,.2,13.1,,3,3,Sc,10,1998,,05,1.8,,,,
146,2022-12-23 17:00,-5.6,,.7,270,85,3.4,-7.7,1007,1014.8,.1,.08,13.4,,10,8,StNs,3,154,,05,1.8,,,,
146,2022-12-23 18:00,-5.4,.2,2.1,290,88,3.6,-7,1007.7,1015.5,0,0,13.8,1,8,8,Sc,3,732,,05,1.9,,,,
146,2022-12-23 19:00,-5.7,,1.5,340,84,3.4,-7.9,1007.8,1015.6,,,13.8,,9,9,Sc,3,719,,05,1.9,,,,
146,2022-12-23 20:00,-5.9,,1.4,340,89,3.5,-7.4,1008.4,1016.2,,,14.3,,9,9,Sc,3,463,,05,1.9,,,,
146,2022-12-23 21:00,-6,.3,1,360,89,3.5,-7.5,1008.9,1016.7,,,15.5,1.7,9,9,Sc,3,311,,05,1.9,,,,
146,2022-12-23 22:00,-6.2,,.9,360,86,3.3,-8.1,1009.1,1016.9,,,15.6,,8,8,Sc,3,1667,,05,1.9,,,,
146,2022-12-23 23:00,-6.2,,2.3,360,78,3,-9.4,1009.3,1017.1,,,14.6,,9,9,Sc,6,1693,,05,1.9,,,,
146,2022-12-24 00:00,-6.7,0,1.9,340,77,2.9,-10,1009.5,1017.3,,,14,.1,9,9,,,1425,,05,1.9,,,,
146,2022-12-24 01:00,-7.1,,1.4,340,78,2.8,-10.2,1009.5,1017.3,,,13.2,,8,8,Sc,8,2000,,05,1.9,,,,
146,2022-12-24 02:00,-6.9,,1.1,50,74,2.7,-10.7,1010.1,1017.9,,,12.7,,7,7,Sc,10,1957,,05,2,,,,
146,2022-12-24 03:00,-7.3,0,1.2,360,80,2.8,-10.1,1010.5,1018.4,,,12.2,0,8,8,Sc,10,1495,,05,2,,,,
146,2022-12-24 04:00,-7.6,,1.7,360,72,2.5,-11.7,1010.8,1018.7,,,12,,9,9,Sc,8,1937,,05,2,,,,
146,2022-12-24 05:00,-7.8,,.3,0,73,2.5,-11.8,1011.3,1019.2,,,11.5,,9,9,Sc,8,1918,,05,2,,,,
146,2022-12-24 06:00,-8.3,0,1.5,320,79,2.6,-11.2,1011.8,1019.7,,,11.1,,9,9,Sc,8,1686,,05,2,,,,
146,2022-12-24 07:00,-9,,.6,340,80,2.5,-11.8,1012.3,1020.2,,,10.8,,8,8,Sc,10,1678,,05,2,,,,
146,2022-12-24 08:00,-8.2,,.9,20,72,2.4,-12.3,1012.6,1020.5,0,.01,10.7,,8,8,Sc,3,1949,,,2.1,,,,
146,2022-12-24 09:00,-7.4,0,1.1,360,66,2.3,-12.6,1013.3,1021.2,0,.19,10.4,,8,8,Sc,3,2000,,05,2.1,,,,
146,2022-12-24 10:00,-6.8,,2.4,360,59,2.2,-13.4,1013.7,1021.6,.7,.82,10,,0,0,,,2000,,05,2.2,,,,
146,2022-12-24 11:00,-6,,1.6,320,56,2.2,-13.3,1013.8,1021.6,1,1.43,9.5,,0,0,,,2000,,,2.2,,,,
146,2022-12-24 12:00,-5.6,0,1.9,340,58,2.3,-12.5,1013.1,1020.9,1,1.79,8.1,,0,0,,,2000,,,2.3,,,,
146,2022-12-24 13:00,-5.4,,1.9,340,56,2.3,-12.8,1012.7,1020.5,1,1.88,7,,0,0,,,1993,,,2.3,,,,
146,2022-12-24 14:00,-5.2,,1.7,270,52,2.2,-13.5,1012.6,1020.4,1,1.83,6.5,,0,0,,,2000,,,2.3,,,,
146,2022-12-24 15:00,-4.4,,1.1,290,51,2.3,-13,1012.7,1020.5,1,1.54,6,,0,0,,,2000,,,2.3,,,,
146,2022-12-24 16:00,-4.6,,1.8,270,56,2.4,-12,1013.1,1020.9,1,1.03,5.9,,0,0,,,2000,,,2.2,,,,
146,2022-12-24 17:00,-5.3,,1.9,230,61,2.5,-11.6,1013.3,1021.1,1,.42,5.9,,0,0,,,2000,,,2.2,,,,
146,2022-12-24 18:00,-6.3,,1.1,230,66,2.5,-11.6,1013.8,1021.6,.2,.02,5.8,,0,0,,,1626,,,2.1,,,,
146,2022-12-24 19:00,-6.4,,1,230,66,2.5,-11.7,1014,1021.8,,,5.8,,0,0,,,1692,,,2.1,,,,
146,2022-12-24 20:00,-6.9,,.5,290,71,2.6,-11.2,1014.6,1022.5,,,5.8,,8,0,,,1499,,,2,,,,
146,2022-12-24 21:00,-7.1,,.8,70,76,2.7,-10.6,1015.2,1023.1,,,5.8,,0,0,,,1186,,,1.7,,,,
146,2022-12-24 22:00,-7.5,,.7,90,80,2.8,-10.3,1015.2,1023.1,,,5.8,,0,0,,,1188,,,1.5,,,,
146,2022-12-24 23:00,-8.1,,.8,180,83,2.8,-10.4,1015.6,1023.5,,,5.7,,0,0,,,1056,,,1.3,,,,
146,2022-12-25 00:00,-8.6,,1.1,140,83,2.7,-10.9,1015.4,1023.3,,,5.7,,0,0,,,1035,,,1.1,,,,
146,2022-12-25 01:00,-8.4,,.5,180,83,2.7,-10.7,1015.9,1023.8,,,5.7,,1,0,,,1097,,,1,,,,
146,2022-12-25 02:00,-9.5,,1.5,140,85,2.5,-11.5,1015.8,1023.8,,,5.7,,2,0,,,928,,19,.9,,,,
146,2022-12-25 03:00,-8.6,,1.1,110,83,2.7,-10.9,1016.1,1024,,,5.6,,9,9,Sc,8,1063,,19,.8,,,,
146,2022-12-25 04:00,-7.9,,1.8,110,80,2.7,-10.7,1015.8,1023.7,,,5.6,,8,8,Sc,8,1263,,,1,,,,
146,2022-12-25 05:00,-8.3,,1.7,140,81,2.7,-10.9,1015.4,1023.3,,,5.6,,0,0,,,1276,,,1,,,,
146,2022-12-25 06:00,-8.3,,1.6,110,80,2.6,-11.1,1015.8,1023.7,,,5.6,,0,0,,,1261,,,.8,,,,
146,2022-12-25 07:00,-8.5,,1.2,140,83,2.7,-10.8,1016.2,1024.1,,,5.6,,3,3,Sc,8,1141,,,.8,,,,
146,2022-12-25 08:00,-7.6,,2.1,140,82,2.8,-10.1,1016.1,1024,0,.01,5.6,,9,9,Sc,7,1226,,,.8,,,,
146,2022-12-25 09:00,-5.8,,1.1,110,79,3.1,-8.8,1015.8,1023.6,0,.18,5.6,,8,8,Sc,7,1449,,,1,,,,
146,2022-12-25 10:00,-3.5,,1,160,77,3.6,-6.9,1016.5,1024.3,0,.49,5.5,,8,8,Sc,7,1393,,,1.1,,,,
146,2022-12-25 11:00,-1.3,,.3,0,69,3.8,-6.2,1016.9,1024.6,.1,.81,5.1,,7,7,Sc,7,1354,,,1.4,,,,
146,2022-12-25 12:00,.3,,.5,290,62,3.9,-6.1,1016.3,1024,1,1.77,4.6,,0,0,,,1200,,,1.6,,,,
146,2022-12-25 13:00,1.2,,1.3,320,59,3.9,-5.9,1015.8,1023.4,1,1.91,4.3,,0,0,,,1943,,,1.8,,,,
146,2022-12-25 14:00,.9,,1.7,270,63,4.1,-5.3,1016.2,1023.9,1,1.84,4.1,,0,0,,,1972,,,1.9,,,,
146,2022-12-25 15:00,.8,,3.5,270,69,4.5,-4.2,1016.7,1024.4,1,1.51,4,,0,0,,,1635,,,1.9,,,,
146,2022-12-25 16:00,1.1,,3,270,70,4.6,-3.7,1016.9,1024.6,1,.99,4,,1,1,Sc,10,1444,,,1.9,,,,
146,2022-12-25 17:00,.6,,1.2,200,71,4.5,-4,1016.6,1024.3,1,.42,4,,0,0,,,1394,,,1.8,,,,
146,2022-12-25 18:00,-.1,,0,0,73,4.4,-4.3,1016.6,1024.3,.2,.02,4,,0,0,,,1315,,,1.8,,,,
146,2022-12-25 19:00,-1.2,,1.3,110,81,4.5,-4,1016.5,1024.2,,,4,,0,0,,,922,,19,1.7,,,,
146,2022-12-25 20:00,-1.6,,.9,180,86,4.7,-3.6,1017.3,1025,,,4,,0,0,,,657,,19,1.4,,,,
146,2022-12-25 21:00,-2.5,,1.3,110,88,4.5,-4.2,1017.5,1025.3,,,4,,0,0,,,668,,19,1.1,,,,
146,2022-12-25 22:00,-3.2,,1.4,160,90,4.3,-4.6,1017.6,1025.4,,,4,,0,0,,,569,,19,.9,,,,
146,2022-12-25 23:00,-3.5,,1,140,90,4.2,-4.9,1018.2,1026,,,4,,0,0,,,631,,19,.8,,,,
146,2022-12-26 00:00,-4.7,,1.3,110,90,3.9,-6,1018.3,1026.1,,,4,,0,0,,,570,,19,.7,,,,
146,2022-12-26 01:00,-5,,1.4,140,90,3.8,-6.3,1018.1,1025.9,,,4,,0,0,,,609,,19,.7,,,,
146,2022-12-26 02:00,-5.3,,1.1,140,90,3.7,-6.6,1017.8,1025.6,,,4,,0,0,,,681,,19,.7,,,,
146,2022-12-26 03:00,-5.7,,.9,140,90,3.6,-7,1018.2,1026.1,,,4,,0,0,,,631,,19,.6,,,,
146,2022-12-26 04:00,-6,,1.5,140,91,3.6,-7.2,1018.3,1026.2,,,4,,0,0,,,716,,19,.6,,,,
146,2022-12-26 05:00,-6.4,,1.5,140,90,3.4,-7.7,1017.9,1025.8,,,4,,0,0,,,704,,19,.6,,,,
146,2022-12-26 06:00,-6.3,,.9,140,88,3.4,-7.9,1018.4,1026.3,,,4,,0,0,,,800,,19,.6,,,,
146,2022-12-26 07:00,-6.7,,1.2,110,88,3.3,-8.3,1018.9,1026.8,,,4,,7,0,Ci,,782,,19,.6,,,,
146,2022-12-26 08:00,-7,,1,140,88,3.2,-8.6,1019.4,1027.3,0,.01,4,,5,0,Ci,,780,,19,.6,,,,
146,2022-12-26 09:00,-5.4,,1.1,110,86,3.5,-7.3,1019.6,1027.5,.8,.34,4,,5,0,Ci,,941,,19,.6,,,,
146,2022-12-26 10:00,-2.7,,1.2,140,79,4,-5.8,1019.6,1027.4,.9,.66,4,,8,0,Ci,,975,,19,.6,,,,
146,2022-12-26 11:00,-1,,.7,160,73,4.2,-5.2,1019.6,1027.3,0,.65,3.9,,9,0,Ci,,1209,,19,.7,,,,
146,2022-12-26 12:00,1.6,,1,90,56,3.8,-6.2,1018.6,1026.2,.9,1.28,3.8,,7,0,Ci,,1998,,,.8,,,,
146,2022-12-26 13:00,1.9,,1,340,54,3.8,-6.4,1018.3,1025.9,1,1.73,3.7,,8,3,AcCi,39,2000,,,1,,,,
146,2022-12-26 14:00,2,,1.8,320,55,3.9,-6.1,1017.8,1025.4,1,1.58,3.5,,8,3,AcCi,36,2000,,,1.4,,,,
146,2022-12-26 15:00,2.2,,1.6,340,58,4.2,-5.2,1018,1025.6,.9,1.15,3.3,,7,0,Ci,,2000,,,1.4,,,,
146,2022-12-26 16:00,1.8,,1.6,250,62,4.3,-4.7,1018.2,1025.8,1,.86,3.2,,5,0,Ci,,1694,,,1.4,,,,
146,2022-12-26 17:00,1,,1.5,270,66,4.3,-4.6,1018.4,1026.1,.9,.35,3.2,,3,0,Ci,,1696,,,1.4,,,,
146,2022-12-26 18:00,.3,,.7,250,69,4.3,-4.7,1019,1026.7,0,.02,3.2,,5,0,Ci,,1391,,,1.3,,,,
146,2022-12-26 19:00,-.3,,.9,290,71,4.2,-4.9,1019.5,1027.2,,,3.2,,0,0,,,1382,,,.9,,,,
146,2022-12-26 20:00,-.7,,1.1,110,76,4.4,-4.4,1019.8,1027.5,,,3.2,,0,0,,,868,,19,.7,,,,
146,2022-12-26 21:00,-1.9,,1.6,110,84,4.5,-4.2,1019.9,1027.7,,,3.2,,0,0,,,857,,19,.6,,,,
146,2022-12-26 22:00,-2.9,,1.3,140,86,4.2,-4.9,1020,1027.8,,,3.2,,0,0,,,747,,19,.6,,,,
146,2022-12-26 23:00,-2.8,,.6,140,87,4.3,-4.6,1020.3,1028.1,,,3.2,,0,0,,,707,,19,.6,,,,
146,2022-12-27 00:00,-3.9,,1.1,140,89,4.1,-5.4,1020.4,1028.2,,,3.2,,0,0,,,593,,19,.5,,,,
146,2022-12-27 01:00,-4,,1,140,88,4,-5.6,1020.6,1028.4,,,3.2,,0,0,,,622,,19,.5,,,,
146,2022-12-27 02:00,-4.5,,1.3,110,89,3.9,-6,1020.7,1028.6,,,3.2,,0,0,,,552,,19,.5,,,,
146,2022-12-27 03:00,-5.1,,1.2,140,90,3.8,-6.4,1021.2,1029.1,,,3.2,,0,0,,,510,,19,.4,,,,
146,2022-12-27 04:00,-5.5,,1.7,110,90,3.7,-6.8,1021.1,1029,,,3.2,,1,0,Ci,,470,,19,.4,,,,
146,2022-12-27 05:00,-5.7,,.9,110,89,3.6,-7.2,1021.4,1029.3,,,3.2,,0,0,,,540,,19,.3,,,,
146,2022-12-27 06:00,-5.8,,2.1,140,88,3.5,-7.4,1021.7,1029.6,,,3.2,,0,0,,,623,,19,.3,,,,
146,2022-12-27 07:00,-5.8,,1.2,110,87,3.5,-7.6,1022.5,1030.4,,,3.2,,0,0,,,614,,19,.2,,,,
146,2022-12-27 08:00,-6.2,,1.4,140,88,3.4,-7.8,1022.7,1030.6,0,.01,3.2,,0,0,,,616,,19,.1,,,,
146,2022-12-27 09:00,-4.3,,1.5,140,80,3.6,-7.2,1022.7,1030.6,.8,.36,3.2,,0,0,,,932,,19,.2,,,,
146,2022-12-27 10:00,-1.6,,.8,160,70,3.8,-6.3,1023.3,1031.1,1,.82,3.2,,0,0,,,1023,,19,.3,,,,
146,2022-12-27 11:00,1.7,,.8,110,60,4.2,-5.2,1023.1,1030.8,1,1.4,3.1,,0,0,,,1622,,,.3,,,,
146,2022-12-27 12:00,2.9,,1.2,320,51,3.8,-6.2,1022.5,1030.1,1,1.74,3,,0,0,,,2000,,,.3,,,,
146,2022-12-27 13:00,2.9,,2.6,340,44,3.3,-8.1,1021.4,1029,1,1.9,2.9,,0,0,,,2000,,,.4,,,,
146,2022-12-27 14:00,3.7,,1.5,320,44,3.5,-7.4,1020.6,1028.2,1,1.8,2.7,,0,0,,,2000,,,.5,,,,
146,2022-12-27 15:00,4,,2.1,290,46,3.8,-6.5,1020.8,1028.4,1,1.48,2.5,,0,0,,,2000,,,.5,,,,
146,2022-12-27 16:00,3.7,,1.5,290,47,3.8,-6.5,1021,1028.6,1,.96,2.4,,0,0,,,2000,,,.5,,,,
146,2022-12-27 17:00,3,,1.2,270,51,3.9,-6.1,1020.8,1028.4,1,.4,2.2,,0,0,,,1975,,,.5,,,,
146,2022-12-27 18:00,1.6,,.9,230,57,3.9,-6,1021.4,1029.1,.1,.02,2.1,,0,0,,,1841,,,.5,,,,
146,2022-12-27 19:00,.9,,1.1,140,63,4.1,-5.3,1021.8,1029.5,,,2.1,,0,0,,,1565,,,.6,,,,
146,2022-12-27 20:00,0,,.2,0,74,4.5,-4,1022.3,1030,,,2.1,,0,0,,,1228,,,.5,,,,
146,2022-12-27 21:00,-1.3,,1.8,110,78,4.3,-4.6,1022.2,1030,,,2.1,,2,0,Ci,,1127,,,.5,,,,
146,2022-12-27 22:00,-1.8,,.9,140,80,4.3,-4.8,1022.4,1030.2,,,2.1,,6,5,,69,1117,,,.5,,,,
146,2022-12-27 23:00,-2.1,,1.3,140,82,4.3,-4.7,1022.5,1030.3,,,2.1,,8,0,,,991,,19,.5,,,,
146,2022-12-28 00:00,-2.4,,1.3,140,82,4.2,-5,1021.9,1029.7,,,2.1,,8,0,,,927,,19,.4,,,,
146,2022-12-28 01:00,-2,,1.5,140,79,4.2,-5.1,1021.5,1029.3,,,2.1,,10,2,,10,1024,,19,.4,,,,
146,2022-12-28 02:00,-2.9,,1.3,140,84,4.2,-5.2,1021.6,1029.4,,,2.1,,0,0,,,782,,19,.4,,,,
146,2022-12-28 03:00,-2.5,,.5,110,82,4.2,-5.1,1022.2,1030,,,2.1,,4,1,ScAc,9,838,,19,.4,,,,
146,2022-12-28 04:00,-2.7,,.7,140,81,4.1,-5.5,1022.1,1029.9,,,2.1,,5,2,ScAc,12,838,,19,.4,,,,
146,2022-12-28 05:00,-3.3,,1.7,140,85,4.1,-5.4,1022,1029.8,,,2.1,,6,2,ScAc,42,684,,19,.3,,,,
146,2022-12-28 06:00,-3.5,,1.1,140,87,4.1,-5.3,1021.7,1029.5,,,2.1,,3,3,Sc,10,606,,19,.3,,,,
146,2022-12-28 07:00,-3.2,,1.7,140,85,4.1,-5.3,1021.8,1029.6,,,2.1,,7,0,Ci,,717,,19,.3,,,,
146,2022-12-28 08:00,-3,,1.5,140,87,4.3,-4.8,1021.8,1029.6,0,.01,2.1,,8,8,Sc,10,674,,19,.2,,,,
146,2022-12-28 09:00,-2.7,,.9,320,85,4.3,-4.8,1022.7,1030.5,0,.17,2.1,,8,8,Sc,10,587,,19,.3,,,,
146,2022-12-28 10:00,-.7,,.2,0,76,4.4,-4.4,1023.2,1030.9,.2,.4,2.1,,8,8,Sc,10,779,,19,.3,,,,
146,2022-12-28 11:00,1.1,,1.1,320,68,4.5,-4.1,1023.3,1031,.9,1.14,2.1,,1,1,Sc,10,784,,19,.4,,,,
146,2022-12-28 12:00,1.5,,2.3,320,67,4.6,-3.9,1022.6,1030.3,.9,1.37,2.1,,5,5,Sc,10,1013,,19,.4,,,,
146,2022-12-28 13:00,1.7,,2.5,320,65,4.5,-4.1,1022.3,1030,.7,1.3,1.8,,8,8,Sc,10,1069,,,.5,,,,
146,2022-12-28 14:00,1.8,,2.5,290,60,4.2,-5.1,1022.1,1029.8,.5,1.03,1.8,,6,6,Sc,10,1446,,,.5,,,,
146,2022-12-28 15:00,2.4,,2.3,270,57,4.2,-5.2,1021.8,1029.4,.8,1.27,1.7,,7,7,Sc,10,1486,,,.5,,,,
146,2022-12-28 16:00,2.2,,2.8,270,55,3.9,-5.9,1022.3,1030,.9,.87,1.7,,7,7,Sc,10,1695,,,.5,,,,
146,2022-12-28 17:00,1.2,,2.7,270,56,3.7,-6.6,1022.8,1030.5,.5,.23,1.7,,7,5,ScCi,10,2000,,,.5,,,,
146,2022-12-28 18:00,.6,,3.4,270,61,3.9,-6,1023.4,1031.1,0,.01,1.7,,7,3,ScCi,10,2000,,,.5,,,,
146,2022-12-28 19:00,.1,,1.7,270,65,4,-5.7,1023.8,1031.5,,,1.7,,2,2,,14,1956,,,.5,,,,
146,2022-12-28 20:00,-.3,,2.2,290,69,4.1,-5.3,1024.4,1032.1,,,1.7,,6,2,,12,1140,,,.5,,,,
146,2022-12-28 21:00,-1.6,,1.8,340,77,4.2,-5.1,1024.9,1032.7,,,1.7,,0,0,,,1460,,,.5,,,,
146,2022-12-28 22:00,-1.4,,1.7,360,65,3.6,-7.1,1025.6,1033.4,,,1.7,,0,0,,,1770,,,.5,,,,
146,2022-12-28 23:00,-1.8,,.6,110,66,3.5,-7.3,1025.9,1033.7,,,1.7,,0,0,,,1774,,,.5,,,,
146,2022-12-29 00:00,-2.3,,1.1,140,71,3.7,-6.8,1025.9,1033.7,,,1.7,,0,0,,,1603,,,.4,,,,
146,2022-12-29 01:00,-2.9,,1.2,110,77,3.8,-6.3,1025.9,1033.7,,,1.7,,2,2,,12,1413,,,.4,,,,
146,2022-12-29 02:00,-2.6,,.6,90,74,3.7,-6.6,1025.9,1033.7,,,1.7,,0,0,,,1548,,,.3,,,,
146,2022-12-29 03:00,-3.7,,1.1,110,79,3.7,-6.8,1026,1033.9,,,1.7,,0,0,,,1335,,,.3,,,,
146,2022-12-29 04:00,-4.2,,1.4,140,81,3.6,-6.9,1025.8,1033.7,,,1.7,,0,0,,,1314,,,.2,,,,
146,2022-12-29 05:00,-4.9,,1.1,110,82,3.5,-7.5,1025.3,1033.2,,,1.7,,0,0,,,1382,,,.1,,,,
146,2022-12-29 06:00,-5.3,,1.4,110,82,3.4,-7.8,1025.3,1033.2,,,1.7,,0,0,,,1333,,,.1,,,,
146,2022-12-29 07:00,-5.5,,1.3,110,82,3.3,-8,1025.4,1033.3,,,1.7,,0,0,,,1342,,,0,,,,
146,2022-12-29 08:00,-5.8,,1.4,110,84,3.3,-8,1025.6,1033.5,0,.01,1.7,,0,0,,,1277,,,0,,,,
146,2022-12-29 09:00,-3.8,,1.1,160,79,3.6,-6.9,1025.8,1033.7,.8,.32,1.7,,9,9,Sc,10,1350,,,.1,,,,
146,2022-12-29 10:00,-.8,,0,0,62,3.6,-7.1,1025.9,1033.7,.5,.71,1.7,,6,6,Sc,10,1647,,,.2,,,,
146,2022-12-29 11:00,-.2,,1,320,57,3.4,-7.7,1025.7,1033.5,1,1.24,1.7,,7,7,Sc,10,1978,,,.3,,,,
146,2022-12-29 12:00,.8,,1.3,320,54,3.5,-7.4,1025.3,1033,1,1.55,1.7,,7,7,Sc,10,2000,,,.3,,,,
146,2022-12-29 13:00,1.8,,1.4,340,51,3.6,-7.2,1024.6,1032.3,.9,1.76,1.5,,9,9,Sc,10,2000,,,.3,,,,
146,2022-12-29 14:00,2,,1.8,320,52,3.7,-6.8,1024.1,1031.8,.6,1.2,1.5,,8,8,Sc,10,2000,,,.4,,,,
146,2022-12-29 15:00,2.6,,1,290,50,3.7,-6.8,1024.2,1031.9,1,1.51,1.3,,1,1,Sc,10,2000,,,.4,,,,
146,2022-12-29 16:00,2.5,,1.5,340,52,3.8,-6.3,1024.4,1032.1,1,1.02,.9,,1,1,Sc,10,2000,,,.4,,,,
146,2022-12-29 17:00,1.7,,1.9,340,56,3.9,-6.1,1024.4,1032.1,1,.42,.7,,0,0,,,2000,,,.4,,,,
146,2022-12-29 18:00,.3,,1.4,320,63,3.9,-5.9,1024.7,1032.4,.2,.03,.7,,1,1,Sc,10,1754,,,.4,,,,
146,2022-12-29 19:00,-.5,,1.1,320,64,3.8,-6.4,1025.3,1033.1,,,.7,,7,7,,71,1684,,,.4,,,,
146,2022-12-29 20:00,-.5,,.4,0,66,3.9,-6,1025.8,1033.6,,,.7,,7,7,,68,1508,,,.5,,,,
146,2022-12-29 21:00,-1,,.8,110,74,4.2,-5,1025.8,1033.6,,,.7,,7,0,Ci,,1318,,,.4,,,,
146,2022-12-29 22:00,-1.5,,.9,140,76,4.2,-5.1,1026,1033.8,,,.7,,5,5,,63,1252,,,.4,,,,
146,2022-12-29 23:00,-1.8,,1.2,140,76,4.1,-5.4,1026,1033.8,,,.7,,9,1,,18,1235,,,.4,,,,
146,2022-12-30 00:00,-2.3,,1.3,140,78,4,-5.6,1025.7,1033.5,,,.7,,6,2,ScCi,16,1146,,,.4,,,,
146,2022-12-30 01:00,-2.6,,1.3,140,80,4.1,-5.5,1025.7,1033.5,,,.7,,0,0,,,1071,,,.3,,,,
146,2022-12-30 02:00,-2.4,,1,140,81,4.2,-5.2,1025.2,1033,,,.7,,9,6,,18,1036,,,.3,,,,
146,2022-12-30 03:00,-1.9,0,.4,0,77,4.1,-5.4,1025.5,1033.3,,,.7,,9,9,Sc,10,1025,,05,.4,,,,
146,2022-12-30 04:00,-1.8,,.2,0,78,4.2,-5.1,1025.3,1033.1,,,.7,,9,9,Sc,17,1020,,05,.4,,,,
146,2022-12-30 05:00,-2.3,,1.3,140,81,4.2,-5.1,1024.7,1032.5,,,.7,,5,5,Sc,16,912,,1905,.3,,,,
146,2022-12-30 06:00,-2,0,.7,360,79,4.2,-5.1,1024.7,1032.5,,,.7,0,8,8,Sc,13,980,,19,.3,,,,
146,2022-12-30 07:00,-2.2,,1.3,160,82,4.3,-4.8,1025.1,1032.9,,,.7,,2,2,Sc,10,861,,19,.3,,,,
146,2022-12-30 08:00,-2.5,,1.7,160,83,4.2,-4.9,1025.3,1033.1,0,.01,.7,,0,0,,,805,,19,.2,,,,
146,2022-12-30 09:00,-1.1,,2,140,77,4.3,-4.6,1025.3,1033.1,.8,.29,.7,,0,0,,,987,,19,.3,,,,
146,2022-12-30 10:00,.2,,1,140,74,4.6,-3.8,1025.4,1033.1,.7,.65,.7,,4,4,Sc,10,926,,19,.3,,,,
146,2022-12-30 11:00,2.3,,.6,180,66,4.8,-3.4,1025.2,1032.9,.7,.95,.5,,4,4,Sc,10,982,,4019,.3,,,,
146,2022-12-30 12:00,3.2,,2.1,360,58,4.5,-4.2,1024.6,1032.2,.7,1.51,.2,,7,7,Sc,10,1990,,40,.4,,,,
146,2022-12-30 13:00,3.7,,2.6,340,57,4.5,-4,1023.8,1031.4,.4,1.2,.1,,9,9,Sc,10,1971,,,.4,,,,
146,2022-12-30 14:00,3.1,,2.1,320,63,4.8,-3.2,1023.1,1030.7,.2,1.01,,,8,8,Sc,15,1276,,,.4,,,,
146,2022-12-30 15:00,3.5,,2,320,58,4.5,-4,1023.2,1030.8,.7,.9,,,3,3,Sc,15,1466,,,.4,,,,
146,2022-12-30 16:00,3.7,,1.8,250,56,4.5,-4.2,1023.5,1031.1,1,1.01,,,6,6,Sc,10,1804,,,.5,,,,
146,2022-12-30 17:00,2.6,,1.7,270,62,4.6,-3.9,1023.8,1031.5,.2,.26,,,4,4,Sc,10,1559,,,.5,,,,
146,2022-12-30 18:00,2,,3.1,270,67,4.8,-3.4,1024.2,1031.9,0,.01,,,6,6,Sc,10,1281,,,.5,,,,
146,2022-12-30 19:00,1.7,,.4,0,70,4.9,-3.1,1024.5,1032.2,,,,,8,8,,13,1043,,,.5,,,,
146,2022-12-30 20:00,1,,.9,340,76,5,-2.7,1024.4,1032.1,,,,,7,3,,13,908,,19,.5,,,,
146,2022-12-30 21:00,1,,.6,290,75,4.9,-2.9,1024.4,1032.1,,,,,9,9,Sc,10,891,,19,.5,,,,
146,2022-12-30 22:00,.6,,1.3,320,79,5,-2.6,1024.6,1032.3,,,,,0,0,,,781,,19,.5,,,,
146,2022-12-30 23:00,.3,,.7,320,77,4.8,-3.2,1024.8,1032.5,,,,,10,9,,14,922,,19,.5,,,,
146,2022-12-31 00:00,-.1,,1.2,320,78,4.8,-3.4,1024.7,1032.5,,,,,9,9,Sc,10,957,,19,.5,,,,
146,2022-12-31 01:00,-.3,,.9,340,73,4.4,-4.5,1024.6,1032.3,,,,,9,9,,14,1178,,19,.5,,,,
146,2022-12-31 02:00,0,,1.1,340,63,3.8,-6.2,1024.6,1032.3,,,,,5,5,,15,1887,,,.5,,,,
146,2022-12-31 03:00,-.2,,1.5,340,63,3.8,-6.4,1024.5,1032.2,,,,,9,9,Sc,10,1993,,,.5,,,,
146,2022-12-31 04:00,0,,.4,0,59,3.6,-7,1024.3,1032,,,,,9,9,Sc,10,2000,,,.5,,,,
146,2022-12-31 05:00,-.3,,1.1,200,62,3.7,-6.7,1024.1,1031.8,,,,,4,4,Sc,10,1999,,,.5,,,,
146,2022-12-31 06:00,-.8,,.6,180,66,3.8,-6.3,1024.1,1031.9,,,,,8,8,Sc,10,1871,,,.4,,,,
146,2022-12-31 07:00,-1.8,,1.5,340,76,4.1,-5.4,1024.6,1032.4,,,,,9,9,Sc,10,1210,,,.4,,,,
146,2022-12-31 08:00,-1.3,,.5,90,74,4.1,-5.3,1024.8,1032.6,0,.01,,,8,8,Sc,15,1290,,,.4,,,,
146,2022-12-31 09:00,-.7,,.5,340,71,4.1,-5.3,1025.4,1033.2,0,.11,,,9,9,Sc,15,1235,,,.4,,,,
146,2022-12-31 10:00,.3,,.4,0,67,4.2,-5.1,1025.8,1033.5,0,.32,,,8,8,Sc,10,1086,,,.4,,,,
146,2022-12-31 11:00,1.8,,.7,160,61,4.2,-4.9,1025.6,1033.3,.3,.82,,,4,4,Sc,10,1615,,,.5,,,,
146,2022-12-31 12:00,3.6,,1.8,230,55,4.3,-4.6,1024.8,1032.4,1,1.66,,,0,0,,,1995,,,.5,,,,
146,2022-12-31 13:00,4.1,,2.4,270,54,4.4,-4.3,1024.2,1031.8,1,1.87,,,3,3,Sc,10,2000,,,2.3,,,,
146,2022-12-31 14:00,4.2,,2.9,270,54,4.4,-4.3,1023.6,1031.2,1,1.79,,,2,2,Sc,10,2000,,,5.8,,,,
146,2022-12-31 15:00,4.8,,2.7,290,50,4.3,-4.7,1023.2,1030.8,1,1.55,,,2,2,Sc,10,2000,,,6.8,,,,
146,2022-12-31 16:00,4.5,,3.8,270,51,4.3,-4.7,1023.3,1030.9,1,1.05,,,0,0,,,2000,,,5.7,,,,
146,2022-12-31 17:00,3.7,,2.9,270,54,4.3,-4.7,1023.3,1030.9,1,.42,,,0,0,,,1998,,,3.6,,,,
146,2022-12-31 18:00,3,,1.5,270,55,4.2,-5.1,1022.9,1030.5,.2,.04,,,0,0,,,1955,,,1.8,,,,
146,2022-12-31 19:00,2.5,,1.6,250,57,4.2,-5.1,1023.2,1030.9,,,,,0,0,,,1810,,,1,,,,
146,2022-12-31 20:00,1.2,,1.1,160,66,4.4,-4.4,1023,1030.7,,,,,0,0,,,1320,,,.8,,,,
146,2022-12-31 21:00,.2,,.9,140,69,4.3,-4.8,1023.2,1030.9,,,,,0,0,,,1319,,,.7,,,,
146,2022-12-31 22:00,-.6,,1.5,140,73,4.3,-4.8,1023.2,1030.9,,,,,0,0,,,1308,,,.6,,,,
146,2022-12-31 23:00,-.9,,1.7,140,73,4.2,-5.1,1023.5,1031.3,,,,,0,0,,,1334,,,.6,,,,
