瘤痢,瘤痢疙,老矫,扁柯(∑C),扁柯 QC敲贰弊,碍荐樊(mm),碍荐樊 QC敲贰弊,浅加(m/s),浅加 QC敲贰弊,浅氢(16规困),浅氢 QC敲贰弊,嚼档(%),嚼档 QC敲贰弊,刘扁拘(hPa),捞浇痢柯档(∑C),泅瘤扁拘(hPa),泅瘤扁拘 QC敲贰弊,秦搁扁拘(hPa),秦搁扁拘 QC敲贰弊,老炼(hr),老炼 QC敲贰弊,老荤(MJ/m2),老荤 QC敲贰弊,利汲(cm),3矫埃脚利汲(cm),傈款樊(10盒困),吝窍摸款樊(10盒困),款屈(款屈距绢),弥历款绊(100m ),矫沥(10m),瘤搁惑怕(瘤搁惑怕内靛),泅惑锅龋(惫郴侥),瘤搁柯档(∑C),瘤搁柯档 QC敲贰弊,5cm 瘤吝柯档(∑C),10cm 瘤吝柯档(∑C),20cm 瘤吝柯档(∑C),30cm 瘤吝柯档(∑C)
146,傈林,2026-01-01 01:00,-6.5,,,,1.7,,340,,61,,2.3,-12.7,1021,,1028.9,,,9,,9,,,0,0,,,4363,,,-2.6,,,,,
146,傈林,2026-01-01 02:00,-6.9,,,,3,,320,,67,,2.4,-12,1020.7,,1028.6,,,9,,9,,,0,0,,,3757,,,-3.1,,,,,
146,傈林,2026-01-01 03:00,-7.2,,,,3.3,,320,,67,,2.4,-12.2,1020.6,,1028.5,,,9,,9,,,0,0,,,4152,,,-3.7,,,,,
146,傈林,2026-01-01 04:00,-7.7,,,,3.3,,340,,70,,2.4,-12.2,1020.6,,1028.5,,,9,,9,,,0,0,,,3913,,,-4,,,,,
146,傈林,2026-01-01 05:00,-8.4,,,,2.4,,340,,70,,2.3,-12.9,1020.6,,1028.6,,,9,,9,,,0,0,,,3489,,,-4.1,,,,,
146,傈林,2026-01-01 06:00,-8.7,,,,2,,340,,71,,2.3,-13,1020.4,,1028.4,,,9,,9,,,0,0,,,3959,,,-4.2,,,,,
146,傈林,2026-01-01 07:00,-8.7,,,,1,,290,,71,,2.3,-13,1020.9,,1028.9,,,9,,9,,,0,0,,,3573,,,-4.4,,,,,
146,傈林,2026-01-01 08:00,-8.7,,,,1.7,,340,,71,,2.3,-13,1021,,1029,,0,,.01,,,,5,0,Cc,,3176,,,-4,,,,,
146,傈林,2026-01-01 09:00,-7.6,,,,1.9,,320,,65,,2.3,-13,1021.3,,1029.3,,.2,,.25,,,,9,0,Cs,,3227,,,-3.1,,,,,
146,傈林,2026-01-01 10:00,-6.6,,,,1.8,,320,,58,,2.2,-13.5,1021.9,,1029.8,,.4,,.53,,,,8,0,Cs,,3864,,,-2,,,,,
146,傈林,2026-01-01 11:00,-5.1,,,,1.8,,290,,47,,2,-14.6,1021.8,,1029.7,,.8,,1.09,,,,9,0,Cs,,4276,,,-.7,,,,,
146,傈林,2026-01-01 12:00,-3.8,,,,3.7,,360,,40,,1.8,-15.4,1021,,1028.8,,.7,,1.18,,,,8,0,Cs,,4219,,,-.2,,,,,
146,傈林,2026-01-01 13:00,-3.5,,,,3.2,,290,,34,,1.6,-17.1,1020.2,,1028,,.5,,1.24,,,,9,0,Ci,,4670,,,-.1,,,,,
146,傈林,2026-01-01 14:00,-2.2,,,,2.9,,320,,30,,1.6,-17.4,1019.1,,1026.9,,.9,,1.38,,,,8,0,Ci,,4771,,,.2,,,,,
146,傈林,2026-01-01 15:00,-1.8,,,,3,,340,,27,,1.5,-18.3,1018.8,,1026.6,,1,,1.24,,,,4,0,Ci,,4609,,,-.2,,,,,
146,傈林,2026-01-01 16:00,-1.7,,,,2.9,,290,,27,,1.5,-18.2,1018.5,,1026.3,,1,,1.03,,,,3,0,Ci,,4691,,,-.6,,,,,
146,傈林,2026-01-01 17:00,-2.9,,,,2.6,,320,,32,,1.6,-17.3,1018.6,,1026.4,,.7,,.35,,,,4,0,Ci,,4953,,,-1.6,,,,,
146,傈林,2026-01-01 18:00,-3.9,,,,2,,340,,34,,1.6,-17.4,1018.5,,1026.3,,0,,.03,,,,3,0,Ci,,4942,,,-2.6,,,,,
146,傈林,2026-01-01 19:00,-4.2,,,,1.4,,290,,37,,1.7,-16.7,1018.3,,1026.1,,,9,,9,,,0,0,,,4727,,,-3.2,,,,,
146,傈林,2026-01-01 20:00,-4.4,,,,2.7,,320,,40,,1.8,-16,1018.2,,1026,,,9,,9,,,0,0,,,4267,,,-3.6,,,,,
146,傈林,2026-01-01 21:00,-5.4,,,,2.3,,320,,48,,2,-14.7,1018.3,,1026.2,,,9,,9,,,1,1,Sc,13,3653,,,-3.7,,,,,
146,傈林,2026-01-01 22:00,-5.5,,,,1.2,,340,,53,,2.2,-13.5,1018,,1025.9,,,9,,9,,,8,3,,11,3305,,,-3.2,,,,,
146,傈林,2026-01-01 23:00,-5,,,,1.3,,320,,54,,2.3,-12.8,1017.9,,1025.7,,,9,,9,,,9,5,,10,3770,,,-2.7,,,,,
146,傈林,2026-01-02 00:00,-5.6,,,,1.7,,340,,59,,2.4,-12.3,1017.6,,1025.5,,,9,,9,,,6,6,Sc,,4396,,,-3.6,,,,,
146,傈林,2026-01-02 01:00,-5.4,,,,2.4,,320,,63,,2.6,-11.3,1017.3,,1025.2,,,9,,9,,,7,3,,10,3925,,,-3.5,,,,,
146,傈林,2026-01-02 02:00,-6.1,,,,3.1,,320,,60,,2.3,-12.6,1017.8,,1025.7,,,9,,9,,,6,6,,13,4228,,,-4,,,,,
146,傈林,2026-01-02 03:00,-6.9,,,,3.7,,320,,63,,2.3,-12.7,1018,,1025.9,,,9,,9,,,0,0,,,4555,,,-4.8,,,,,
146,傈林,2026-01-02 04:00,-7.5,,,,1.9,,50,,65,,2.3,-12.9,1018,,1025.9,,,9,,9,,,0,0,,,4172,,,-5.1,,,,,
146,傈林,2026-01-02 05:00,-8,,,,1.7,,50,,67,,2.3,-13,1018.1,,1026,,,9,,9,,,0,0,,,3909,,,-5.4,,,,,
146,傈林,2026-01-02 06:00,-8.6,,,,1.4,,50,,70,,2.3,-13,1018,,1026,,,9,,9,,,4,4,Sc,13,3808,,,-5.5,,,,,
146,傈林,2026-01-02 07:00,-8.4,,,,2.1,,70,,69,,2.3,-13,1018.6,,1026.6,,,9,,9,,,5,5,Sc,8,4042,,,-5.5,,,,,
146,傈林,2026-01-02 08:00,-8.7,,,,1.6,,20,,70,,2.2,-13.1,1019.1,,1027.1,,0,,0,,,,4,0,Cs,,3703,,,-5.8,,,,,
146,傈林,2026-01-02 09:00,-7.1,,,,1.9,,50,,64,,2.3,-12.7,1019.7,,1027.6,,.8,,.33,,,,0,0,,,3616,,,-5.2,,,,,
146,傈林,2026-01-02 10:00,-6,,,,1.8,,360,,60,,2.3,-12.5,1020.2,,1028.1,,1,,.95,,,,1,1,Sc,10,3871,,,-3.7,,,,,
146,傈林,2026-01-02 11:00,-5,,,,2.4,,360,,54,,2.3,-12.8,1020.5,,1028.4,,1,,1.48,,,,1,1,Sc,10,4171,,,-1.6,,,,,
146,傈林,2026-01-02 12:00,-4.2,,,,2.1,,360,,48,,2.2,-13.5,1019.5,,1027.3,,1,,1.82,,,,1,1,Sc,10,3688,,,-.1,,,,,
146,傈林,2026-01-02 13:00,-2.6,,,,2.5,,290,,48,,2.4,-12.1,1018.5,,1026.3,,1,,2,,,,2,2,Sc,10,3668,,,.5,,,,,
146,傈林,2026-01-02 14:00,-1.7,,,,2.3,,320,,49,,2.6,-11,1017.8,,1025.5,,1,,1.86,,,,3,3,Sc,10,3545,,,.4,,,,,
146,傈林,2026-01-02 15:00,-.8,,,,4.3,,270,,49,,2.8,-10.2,1017.7,,1025.4,,1,,1.58,,,,4,4,Sc,11,3565,,,.3,,,,,
146,傈林,2026-01-02 16:00,-1.1,,,,3.8,,290,,53,,3,-9.4,1017.7,,1025.4,,.7,,.79,,,,3,3,Sc,10,3775,,,-.3,,,,,
146,傈林,2026-01-02 17:00,-2,,,,3.1,,290,,61,,3.2,-8.5,1017.9,,1025.7,,.2,,.29,,,,9,9,CuSc,10,3516,,08,-.7,,,,,
146,傈林,2026-01-02 18:00,-2.8,,0,,3.8,,320,,78,,3.9,-6.1,1018.4,,1026.2,,0,,.02,,,,9,9,CuSc,10,1253,,08,-1.1,,,,,
146,傈林,2026-01-02 19:00,-2.7,,,9,4.4,,290,,68,,3.4,-7.7,1018.9,,1026.7,,,9,,9,,,8,8,Sc,11,3813,,08,-1.5,,,,,
146,傈林,2026-01-02 20:00,-3.1,,,9,2.9,,360,,62,,3,-9.3,1019.2,,1027,,,9,,9,,,9,9,,11,3929,,,-1.6,,,,,
146,傈林,2026-01-02 21:00,-3.4,,0,,1.4,,360,,61,,2.9,-9.8,1019.4,,1027.2,,,9,,9,,,8,8,Sc,10,4323,,,-1.7,,,,,
146,傈林,2026-01-02 22:00,-3.6,,,9,1.6,,50,,60,,2.8,-10.2,1019.5,,1027.3,,,9,,9,,,9,9,,10,4140,,,-2,,,,,
146,傈林,2026-01-02 23:00,-3.9,,,9,2,,50,,61,,2.8,-10.3,1020,,1027.8,,,9,,9,,,7,7,,10,4197,,,-2.2,,,,,
146,傈林,2026-01-03 00:00,-4.3,,,9,2.3,,20,,64,,2.8,-10.1,1020.5,,1028.3,,,9,,9,,,9,9,Sc,10,3937,,,-2.5,,,,,
146,傈林,2026-01-03 01:00,-5.4,,,,2,,50,,68,,2.8,-10.3,1020.4,,1028.3,,,9,,9,,,0,0,,,3937,,,-3.5,,,,,
146,傈林,2026-01-03 02:00,-6,,,,1.2,,50,,68,,2.7,-10.9,1020.7,,1028.6,,,9,,9,,,0,0,,,4135,,,-4,,,,,
146,傈林,2026-01-03 03:00,-6.2,,,,1,,90,,69,,2.7,-10.9,1021.1,,1029,,,9,,9,,,0,0,,,3886,,,-4.5,,,,,
146,傈林,2026-01-03 04:00,-6.1,,,,1.6,,110,,72,,2.8,-10.3,1020.9,,1028.8,,,9,,9,,,0,0,,,3743,,,-4.1,,,,,
146,傈林,2026-01-03 05:00,-5.4,,,,1.7,,90,,70,,2.9,-10,1020.7,,1028.6,,,9,,9,,,9,9,Sc,10,3839,,,-3.2,,,,,
146,傈林,2026-01-03 06:00,-5.5,,,,1.1,,140,,68,,2.8,-10.4,1020.8,,1028.7,,,9,,9,,,4,4,Sc,10,3832,,,-3.6,,,,,
146,傈林,2026-01-03 07:00,-6,,,,.9,,140,,73,,2.9,-10,1021.1,,1029,,,9,,9,,,0,0,,,3666,,,-4.3,,,,,
146,傈林,2026-01-03 08:00,-5.9,,,,1.6,,110,,76,,3,-9.4,1021.7,,1029.6,,0,,.01,,,,0,0,,,2925,,,-4.3,,,,,
146,傈林,2026-01-03 09:00,-3.5,,,,1.5,,140,,70,,3.3,-8.1,1022,,1029.8,,.7,,.31,,,,0,0,,,3297,,,-3.8,,,,,
146,傈林,2026-01-03 10:00,-.6,,,,1.9,,160,,62,,3.6,-6.9,1022.3,,1030,,1,,.93,,,,0,0,,,3218,,,-2.3,,,,,
146,傈林,2026-01-03 11:00,1.8,,,,1.7,,110,,57,,4,-5.8,1022,,1029.7,,1,,1.44,,,,0,0,,,3577,,,-.4,,,,,
146,傈林,2026-01-03 12:00,2.6,,,,2.5,,340,,53,,3.9,-6,1021,,1028.6,,1,,1.78,,,,5,5,Sc,10,3885,,,.7,,,,,
146,傈林,2026-01-03 13:00,3,,,,2.2,,360,,51,,3.9,-6.1,1020.3,,1027.9,,.7,,1.45,,,,4,4,Ac,35,3312,,,.8,,,,,
146,傈林,2026-01-03 14:00,3.2,,,,1.8,,290,,53,,4.1,-5.4,1019.8,,1027.4,,.3,,1.15,,,,8,8,Sc,11,2678,,,.7,,,,,
146,傈林,2026-01-03 15:00,2.5,,,,1.6,,270,,56,,4.1,-5.4,1019.6,,1027.2,,0,,.4,,,,9,9,Sc,15,2777,,,.5,,,,,
146,傈林,2026-01-03 16:00,2.2,,,,2.1,,270,,57,,4.1,-5.4,1019.8,,1027.4,,0,,.24,,,,9,9,Sc,15,2814,,,.4,,,,,
146,傈林,2026-01-03 17:00,1.9,,,,.5,,250,,59,,4.2,-5.2,1019.6,,1027.3,,0,,.1,,,,9,9,Sc,14,2673,,,.3,,,,,
146,傈林,2026-01-03 18:00,1.3,,,,.7,,340,,62,,4.2,-5.1,1019.7,,1027.4,,0,,.02,,,,9,9,Sc,14,2352,,,.2,,,,,
146,傈林,2026-01-03 19:00,1.2,,,,.9,,70,,63,,4.2,-5,1019.6,,1027.3,,,9,,9,,,9,9,,13,2343,,,.3,,,,,
146,傈林,2026-01-03 20:00,1.4,,,,1.5,,110,,63,,4.3,-4.8,1019.3,,1027,,,9,,9,,,9,9,,12,2056,,,.3,,,,,
146,傈林,2026-01-03 21:00,1.4,,,,1.3,,110,,68,,4.6,-3.8,1019.4,,1027.1,,,9,,9,,,9,9,Sc,11,2027,,,.2,,,,,
146,傈林,2026-01-03 22:00,1.3,,,,1.1,,180,,69,,4.6,-3.7,1019.4,,1027.1,,,9,,9,,,9,9,,12,1965,,,.2,,,,,
146,傈林,2026-01-03 23:00,1.4,,,,1.2,,110,,70,,4.8,-3.4,1019.5,,1027.2,,,9,,9,,,9,9,,11,1800,,,.2,,,,,
146,傈林,2026-01-04 00:00,1.3,,,,1.1,,110,,71,,4.8,-3.3,1019.3,,1027,,,9,,9,,,9,9,,,1801,,,.2,,,,,
146,傈林,2026-01-04 01:00,1.3,,,,1.5,,140,,71,,4.8,-3.3,1019.1,,1026.8,,,9,,9,,,9,9,,13,1814,,,.1,,,,,
146,傈林,2026-01-04 02:00,1.2,,,,.6,,160,,71,,4.8,-3.4,1019,,1026.7,,,9,,9,,,9,9,,12,1819,,,.1,,,,,
146,傈林,2026-01-04 03:00,1.3,,,,1.4,,110,,72,,4.8,-3.2,1019,,1026.7,,,9,,9,,,9,9,Sc,12,1769,,,.1,,,,,
146,傈林,2026-01-04 04:00,1.2,,,,1.6,,90,,74,,4.9,-2.9,1018.4,,1026.1,,,9,,9,,,9,9,Sc,12,1659,,,.1,,,,,
146,傈林,2026-01-04 05:00,1.3,,,,.4,,0,,74,,5,-2.8,1018.1,,1025.8,,,9,,9,,,9,9,Sc,12,1587,,,0,,,,,
146,傈林,2026-01-04 06:00,1.3,,,,1.4,,110,,74,,5,-2.8,1018.2,,1025.9,,,9,,9,,,9,9,Sc,12,1577,,,0,,,,,
146,傈林,2026-01-04 07:00,1.3,,,,1.4,,110,,75,,5,-2.6,1018.6,,1026.3,,,9,,9,,,9,9,Sc,11,1530,,,0,,,,,
146,傈林,2026-01-04 08:00,1.8,,,,1.5,,200,,74,,5.2,-2.3,1018.5,,1026.2,,0,,0,,,,9,9,Sc,11,1458,,,.1,,,,,
146,傈林,2026-01-04 09:00,2.4,,,,1.5,,180,,72,,5.2,-2.1,1018.9,,1026.5,,0,,.08,,,,9,9,Sc,11,1355,,,.2,,,,,
146,傈林,2026-01-04 10:00,3.8,,,,.9,,160,,67,,5.4,-1.7,1019.1,,1026.7,,0,,.33,,,,9,9,Sc,12,1271,,,.5,,,,,
146,傈林,2026-01-04 11:00,5.1,,,,3.6,,250,,62,,5.5,-1.5,1019.1,,1026.7,,0,,.53,,,,9,9,Sc,12,1190,,,1.1,,,,,
146,傈林,2026-01-04 12:00,5.7,,,,2.4,,250,,62,,5.7,-1,1018.5,,1026,,0,,.6,,,,10,9,ScAs,10,1085,,,1.5,,,,,
146,傈林,2026-01-04 13:00,5.6,,,,3,,270,,66,,6,-.2,1017.8,,1025.3,,0,,.72,,,,10,9,ScAs,11,948,,40,1.7,,,,,
146,傈林,2026-01-04 14:00,5.5,,,,2.8,,270,,67,,6.1,-.1,1017.1,,1024.6,,0,,.63,,,,10,8,ScAs,10,790,,40,1.9,,,,,
146,傈林,2026-01-04 15:00,5.5,,,,3,,250,,69,,6.2,.2,1016.7,,1024.2,,0,,.6,,,,8,8,Sc,12,769,,40,2.6,,,,,
146,傈林,2026-01-04 16:00,5.2,,,,2,,250,,70,,6.2,.1,1016.1,,1023.6,,0,,.39,,,,10,5,ScAs,12,889,,40,1.6,,,,,
146,傈林,2026-01-04 17:00,4.6,,,,2.6,,270,,70,,5.9,-.4,1015.7,,1023.2,,0,,.24,,,,7,0,Ci,,930,,40,.6,,,,,
146,傈林,2026-01-04 18:00,3.8,,,,1.8,,250,,75,,6,-.2,1015.8,,1023.4,,0,,.03,,,,4,0,Ci,,833,,40,-.2,,,,,
146,傈林,2026-01-04 19:00,3.5,,,,3,,270,,75,,5.9,-.5,1016.2,,1023.8,,,9,,9,,,7,6,,46,864,,40,.3,,,,,
146,傈林,2026-01-04 20:00,3,,,,.7,,270,,75,,5.7,-1,1015.7,,1023.3,,,9,,9,,,8,5,,46,978,,40,.2,,,,,
146,傈林,2026-01-04 21:00,2.3,,,,1.3,,290,,76,,5.5,-1.5,1016,,1023.6,,,9,,9,,,7,0,Ci,,1093,,,.2,,,,,
146,傈林,2026-01-04 22:00,1.7,,,,.1,,0,,78,,5.4,-1.7,1015.8,,1023.4,,,9,,9,,,8,6,,43,988,,19,.1,,,,,
146,傈林,2026-01-04 23:00,1.4,,,,.9,,230,,79,,5.4,-1.8,1015.7,,1023.3,,,9,,9,,,6,6,,40,1010,,19,.1,,,,,
146,傈林,2026-01-05 00:00,.7,,,,.9,,140,,82,,5.3,-2,1015.8,,1023.5,,,9,,9,,,7,0,,,796,,19,0,,,,,
146,傈林,2026-01-05 01:00,.3,,,,1.7,,110,,83,,5.2,-2.2,1015.5,,1023.2,,,9,,9,,,7,6,,39,708,,19,-.1,,,,,
146,傈林,2026-01-05 02:00,.2,,,,.7,,110,,83,,5.2,-2.3,1015.6,,1023.3,,,9,,9,,,9,9,,50,747,,19,0,,,,,
146,傈林,2026-01-05 03:00,-.1,,,,1.5,,110,,84,,5.1,-2.4,1015.4,,1023.1,,,9,,9,,,9,9,Ac,44,673,,19,0,,,,,
146,傈林,2026-01-05 04:00,-.2,,,,.9,,160,,84,,5.1,-2.5,1014.7,,1022.4,,,9,,9,,,0,0,,,721,,19,-.2,,,,,
146,傈林,2026-01-05 05:00,-1.5,,,,2.2,,340,,89,,4.9,-3,1014.7,,1022.4,,,9,,9,,,3,0,Cs,,421,,19,-.5,,,,,
146,傈林,2026-01-05 06:00,-1.4,,,,1.4,,110,,89,,4.9,-2.9,1014.8,,1022.5,,,9,,9,,,0,0,,,566,,19,-.6,,,,,
146,傈林,2026-01-05 07:00,-1.6,,,,.6,,180,,88,,4.8,-3.3,1015.3,,1023,,,9,,9,,,6,6,Sc,10,623,,19,-.3,,,,,
146,傈林,2026-01-05 08:00,-1,,,,1.5,,160,,87,,5,-2.8,1015.4,,1023.1,,0,,0,,,,8,8,Sc,9,637,,19,-.2,,,,,
146,傈林,2026-01-05 09:00,.9,,,,.6,,160,,82,,5.4,-1.8,1015.8,,1023.5,,.6,,.25,,,,3,1,ScAcCi,10,825,,19,-.3,,,,,
146,傈林,2026-01-05 10:00,2.2,,,,1.8,,320,,68,,4.9,-3.1,1016.2,,1023.8,,.7,,.78,,,,7,7,Sc,10,1718,,19,.3,,,,,
146,傈林,2026-01-05 11:00,2.8,,,,2.8,,360,,64,,4.8,-3.3,1016.1,,1023.7,,1,,1.39,,,,3,0,Ci,,2310,,,.4,,,,,
146,傈林,2026-01-05 12:00,3.6,,,,3.1,,290,,52,,4.1,-5.3,1015.4,,1023,,1,,1.61,,,,7,0,Ci,,2348,,,.7,,,,,
146,傈林,2026-01-05 13:00,4.1,,,,3.5,,340,,53,,4.3,-4.6,1014.6,,1022.2,,.9,,1.46,,,,7,1,ScCi,10,2285,,,2.1,,,,,
146,傈林,2026-01-05 14:00,4.3,,,,2.2,,290,,51,,4.2,-4.9,1014,,1021.5,,.7,,1.2,,,,5,4,ScCi,10,2343,,,2.8,,,,,
146,傈林,2026-01-05 15:00,5.4,,,,3,,290,,45,,4,-5.6,1014,,1021.5,,.8,,1.4,,,,2,2,Sc,10,2268,,,5.3,,,,,
146,傈林,2026-01-05 16:00,4.8,,,,5,,270,,40,,3.5,-7.6,1014.3,,1021.8,,1,,1.04,,,,1,1,Sc,10,3696,,,4,,,,,
146,傈林,2026-01-05 17:00,3.3,,,,3.1,,320,,33,,2.6,-11.4,1014.9,,1022.5,,1,,.49,,,,0,0,,,4402,,,.8,,,,,
146,傈林,2026-01-05 18:00,1.2,,,,4,,320,,37,,2.5,-11.9,1016.1,,1023.7,,.4,,.05,,,,0,0,,,4789,,,.2,,,,,
146,傈林,2026-01-05 19:00,-.1,,,,3,,320,,41,,2.5,-11.8,1017,,1024.7,,,9,,9,,,0,0,,,4579,,,-.1,,,,,
146,傈林,2026-01-05 20:00,-1.8,,,,2.3,,360,,46,,2.5,-11.9,1017.8,,1025.5,,,9,,9,,,0,0,,,3230,,,-.6,,,,,
146,傈林,2026-01-05 21:00,-2.3,,,,2.3,,320,,48,,2.5,-11.8,1018.2,,1026,,,9,,9,,,0,0,,,4081,,,-1.1,,,,,
146,傈林,2026-01-05 22:00,-3,,,,.8,,320,,51,,2.5,-11.7,1018.4,,1026.2,,,9,,9,,,0,0,,,3114,,,-1.4,,,,,
146,傈林,2026-01-05 23:00,-3.5,,,,0,,0,,52,,2.5,-11.9,1018.6,,1026.4,,,9,,9,,,0,0,,,3792,,,-1.7,,,,,
146,傈林,2026-01-06 00:00,-2.9,,,,1.4,,110,,56,,2.8,-10.4,1018.5,,1026.3,,,9,,9,,,0,0,,,3639,,,-2.1,,,,,
146,傈林,2026-01-06 01:00,-3.8,,,,1.1,,110,,59,,2.7,-10.6,1018.5,,1026.3,,,9,,9,,,0,0,,,3816,,,-2.4,,,,,
146,傈林,2026-01-06 02:00,-4.2,,,,1.6,,110,,62,,2.8,-10.4,1018.6,,1026.4,,,9,,9,,,0,0,,,3512,,,-2.8,,,,,
146,傈林,2026-01-06 03:00,-4.6,,,,1.4,,110,,65,,2.8,-10.1,1018.9,,1026.7,,,9,,9,,,0,0,,,3406,,,-3,,,,,
146,傈林,2026-01-06 04:00,-5.3,,,,.7,,90,,68,,2.8,-10.2,1019,,1026.9,,,9,,9,,,0,0,,,3351,,,-3.3,,,,,
146,傈林,2026-01-06 05:00,-5.4,,,,1.3,,110,,71,,2.9,-9.8,1018.9,,1026.8,,,9,,9,,,0,0,,,2977,,,-3.6,,,,,
146,傈林,2026-01-06 06:00,-5.8,,,,.8,,140,,72,,2.9,-10,1018.7,,1026.6,,,9,,9,,,0,0,,,3228,,,-4,,,,,
146,傈林,2026-01-06 07:00,-6.3,,,,1.1,,180,,76,,2.9,-9.8,1019.1,,1027,,,9,,9,,,0,0,,,2646,,,-4.3,,,,,
146,傈林,2026-01-06 08:00,-6.7,,,,2.3,,110,,76,,2.8,-10.2,1019,,1026.9,,0,,0,,,,0,0,,,2858,,,-4.5,,,,,
146,傈林,2026-01-06 09:00,-3.4,,,,1.4,,110,,66,,3.1,-8.8,1018.7,,1026.5,,1,,.35,,,,0,0,,,2500,,,-3.4,,,,,
146,傈林,2026-01-06 10:00,-.2,,,,1.3,,110,,51,,3.1,-9.1,1018.5,,1026.2,,1,,.99,,,,0,0,,,2856,,,-1.5,,,,,
146,傈林,2026-01-06 11:00,1.9,,,,.7,,230,,41,,2.9,-9.9,1018.2,,1025.8,,1,,1.51,,,,1,0,Ci,,3244,,,.6,,,,,
146,傈林,2026-01-06 12:00,2.2,,,,1.7,,340,,37,,2.6,-11,1017.3,,1024.9,,1,,1.81,,,,3,0,Ci,,4175,,,.6,,,,,
146,傈林,2026-01-06 13:00,3.7,,,,1.6,,340,,32,,2.5,-11.5,1016.2,,1023.8,,1,,2.06,,,,1,0,Ci,,4155,,,.6,,,,,
146,傈林,2026-01-06 14:00,4.1,,,,2,,360,,35,,2.9,-10,1015.6,,1023.2,,1,,1.86,,,,4,0,Ci,,3939,,,.9,,,,,
146,傈林,2026-01-06 15:00,4.5,,,,2.1,,290,,36,,3,-9.3,1015.2,,1022.7,,1,,1.36,,,,4,0,Ci,,3798,,,1.3,,,,,
146,傈林,2026-01-06 16:00,4.2,,,,2.4,,340,,31,,2.6,-11.4,1015.3,,1022.9,,1,,.95,,,,6,0,Ci,,4181,,,1.1,,,,,
146,傈林,2026-01-06 17:00,2.6,,,,1.8,,270,,36,,2.6,-11,1015.2,,1022.8,,.1,,.27,,,,6,0,Ci,,4443,,,.2,,,,,
146,傈林,2026-01-06 18:00,2,,,,1.2,,230,,41,,2.9,-9.9,1014.9,,1022.5,,0,,.03,,,,9,0,Ci,,4134,,,.2,,,,,
146,傈林,2026-01-06 19:00,1.8,,,,1.1,,230,,42,,2.9,-9.7,1015,,1022.6,,,9,,9,,,8,7,,45,3620,,,.2,,,,,
146,傈林,2026-01-06 20:00,.8,,,,1.3,,140,,46,,3,-9.5,1015,,1022.7,,,9,,9,,,9,7,,44,3157,,,.2,,,,,
146,傈林,2026-01-06 21:00,.3,,,,1.9,,140,,49,,3.1,-9.1,1014.9,,1022.6,,,9,,9,,,8,0,Ci,,3409,,,.1,,,,,
146,傈林,2026-01-06 22:00,0,,,,1.8,,140,,50,,3,-9.2,1015.1,,1022.8,,,9,,9,,,8,6,,48,3603,,,-.1,,,,,
146,傈林,2026-01-06 23:00,-.4,,,,2.1,,140,,51,,3,-9.3,1015.1,,1022.8,,,9,,9,,,6,1,,13,3686,,,-.3,,,,,
146,傈林,2026-01-07 00:00,-.9,,,,1.7,,140,,57,,3.3,-8.3,1014.6,,1022.3,,,9,,9,,,5,5,,,3667,,,-.5,,,,,
146,傈林,2026-01-07 01:00,-.1,,,9,1.6,,140,,60,,3.6,-6.9,1014.1,,1021.8,,,9,,9,,,9,3,,9,3688,,,-.1,,,,,
146,傈林,2026-01-07 02:00,.3,,,,1.6,,160,,60,,3.8,-6.5,1013.7,,1021.4,,,9,,9,,,7,7,,7,3648,,,-.1,,,,,
146,傈林,2026-01-07 03:00,.3,,0,,1.9,,140,,62,,3.9,-6.1,1013.2,,1020.9,,,9,,9,,,6,6,Sc,13,4166,,01,-.3,,,,,
146,傈林,2026-01-07 04:00,.7,,,9,1.6,,140,,62,,4,-5.7,1012.6,,1020.2,,,9,,9,,,7,7,Sc,10,3982,,01,-.1,,,,,
146,傈林,2026-01-07 05:00,1,,,9,1.5,,110,,63,,4.2,-5.2,1012.3,,1019.9,,,9,,9,,,8,8,Sc,9,3749,,01,0,,,,,
146,傈林,2026-01-07 06:00,.8,,0,,1.6,,140,,69,,4.5,-4.2,1012.3,,1019.9,,,9,,9,,,7,7,Sc,9,3450,,01,-.1,,,,,
146,傈林,2026-01-07 07:00,.7,,,9,1.5,,110,,70,,4.5,-4.1,1012.8,,1020.4,,,9,,9,,,8,8,Sc,11,3036,,,-.2,,,,,
146,傈林,2026-01-07 08:00,.8,,,9,1.3,,160,,75,,4.9,-3.1,1013,,1020.6,,0,,0,,,,8,8,Sc,8,2534,,,-.3,,,,,
146,傈林,2026-01-07 09:00,2.4,,,9,1.5,,250,,76,,5.5,-1.4,1013.5,,1021.1,,0,,.16,,,,6,6,Sc,10,1038,,,.1,,,,,
146,傈林,2026-01-07 10:00,4.9,,,9,3.4,,270,,64,,5.6,-1.3,1013.4,,1020.9,,.3,,.53,,,,7,7,Sc,10,620,,4019,.4,,,,,
146,傈林,2026-01-07 11:00,4,,,9,3.3,,270,,77,,6.2,.3,1013.8,,1021.4,,0,,.33,,,,9,9,Sc,6,561,,401901,.6,,,,,
146,傈林,2026-01-07 12:00,6,,0,,5.9,,270,,51,,4.8,-3.3,1013.4,,1020.9,,.6,,1.29,,,,4,4,Sc,10,1463,,4019,1.5,,,,,
146,傈林,2026-01-07 13:00,5.9,,,9,6.7,,270,,48,,4.5,-4.2,1013.5,,1021,,.9,,1.78,,,,2,2,Sc,10,1994,,,2.7,,,,,
146,傈林,2026-01-07 14:00,5.9,,,9,5.8,,290,,48,,4.5,-4.2,1013.7,,1021.2,,1,,1.86,,,,1,1,Sc,10,2313,,,3.9,,,,,
146,傈林,2026-01-07 15:00,4.7,,,9,6.7,,270,,47,,4,-5.6,1014,,1021.5,,1,,1.53,,,,1,1,Sc,10,3951,,,3.8,,,,,
146,傈林,2026-01-07 16:00,3.9,,,9,5.7,,270,,48,,3.9,-6.1,1014.4,,1022,,.8,,.96,,,,2,2,Sc,13,3875,,,2.7,,,,,
146,傈林,2026-01-07 17:00,2.5,,,9,4,,290,,53,,3.9,-6.1,1015,,1022.6,,.7,,.36,,,,0,0,,,4101,,,.5,,,,,
146,傈林,2026-01-07 18:00,.8,,,9,4.4,,270,,60,,3.9,-6,1015.8,,1023.5,,.1,,.05,,,,0,0,,,3815,,,.3,,,,,
146,傈林,2026-01-07 19:00,.1,,,9,3.1,,290,,66,,4.1,-5.5,1016.6,,1024.3,,,9,,9,,,0,0,,,3236,,,.2,,,,,
146,傈林,2026-01-07 20:00,-.3,,,9,3.1,,290,,66,,4,-5.8,1017.2,,1024.9,,,9,,9,,,0,0,,,3545,,,-.1,,,,,
146,傈林,2026-01-07 21:00,-1.3,,,9,2.2,,340,,69,,3.8,-6.2,1017.6,,1025.3,,,9,,9,,,2,2,Sc,10,3129,,,-.4,,,,,
146,傈林,2026-01-07 22:00,-1.5,,,9,2.4,,320,,70,,3.8,-6.2,1018,,1025.7,,,9,,9,,,2,2,,11,3453,,,-.7,,,,,
146,傈林,2026-01-07 23:00,-2.1,,,9,2.6,,320,,70,,3.7,-6.8,1018.4,,1026.2,,,9,,9,,,0,0,,,2878,,,-1.2,,,,,
146,傈林,2026-01-08 00:00,-3.1,,,9,2.2,,340,,69,,3.4,-7.9,1018.4,,1026.2,,,9,,9,,,0,0,,,1953,,,-1.8,,,,,
146,傈林,2026-01-08 01:00,-3.2,,,,2.8,,320,,63,,3,-9.2,1018.7,,1026.5,,,9,,9,,,0,0,,,3605,,,-2.3,,,,,
146,傈林,2026-01-08 02:00,-3.7,,,,2.3,,340,,61,,2.8,-10.1,1019,,1026.8,,,9,,9,,,0,0,,,3122,,,-2.6,,,,,
146,傈林,2026-01-08 03:00,-4.2,,,,2.6,,340,,60,,2.7,-10.8,1019.5,,1027.3,,,9,,9,,,0,0,,,4171,,,-3,,,,,
146,傈林,2026-01-08 04:00,-4.8,,,,2.2,,340,,63,,2.7,-10.7,1019.7,,1027.6,,,9,,9,,,0,0,,,4281,,,-3.4,,,,,
146,傈林,2026-01-08 05:00,-5,,,,1.5,,340,,63,,2.7,-10.9,1019.8,,1027.7,,,9,,9,,,0,0,,,4150,,,-3.6,,,,,
146,傈林,2026-01-08 06:00,-4.9,,,,2.1,,290,,60,,2.6,-11.4,1020,,1027.9,,,9,,9,,,0,0,,,4265,,,-4,,,,,
146,傈林,2026-01-08 07:00,-5.6,,,,1.9,,340,,65,,2.6,-11.1,1020.7,,1028.6,,,9,,9,,,0,0,,,2914,,,-4.3,,,,,
146,傈林,2026-01-08 08:00,-6.1,,,,2.3,,320,,69,,2.7,-10.8,1021.4,,1029.3,,0,,0,,,,0,0,,,3409,,,-4.6,,,,,
146,傈林,2026-01-08 09:00,-4.5,,,,1,,20,,61,,2.7,-10.8,1021.9,,1029.8,,.9,,.35,,,,0,0,,,3457,,,-3.7,,,,,
146,傈林,2026-01-08 10:00,-3.2,,,,3.9,,340,,47,,2.3,-12.9,1021.9,,1029.7,,1,,.99,,,,0,0,,,4263,,,-2.6,,,,,
146,傈林,2026-01-08 11:00,-2.3,,,,3.9,,320,,42,,2.2,-13.5,1021.6,,1029.4,,1,,1.54,,,,0,0,,,4450,,,-.5,,,,,
146,傈林,2026-01-08 12:00,-1.4,,,,4.2,,360,,30,,1.7,-16.7,1021,,1028.8,,1,,1.91,,,,0,0,,,4642,,,.4,,,,,
146,傈林,2026-01-08 13:00,.4,,,,2.2,,320,,28,,1.8,-16,1020.2,,1027.9,,1,,2.09,,,,0,0,,,4350,,,.6,,,,,
146,傈林,2026-01-08 14:00,.8,,,,2.8,,270,,30,,1.9,-14.8,1019.6,,1027.3,,1,,1.99,,,,0,0,,,4773,,,.7,,,,,
146,傈林,2026-01-08 15:00,1.6,,,,2.9,,270,,32,,2.2,-13.3,1019.5,,1027.2,,1,,1.68,,,,0,0,,,4460,,,.8,,,,,
146,傈林,2026-01-08 16:00,1.1,,,,3.7,,270,,32,,2.1,-13.8,1019.6,,1027.3,,1,,1.19,,,,0,0,,,4756,,,.3,,,,,
146,傈林,2026-01-08 17:00,-.3,,,,4,,270,,40,,2.4,-12.2,1020,,1027.7,,1,,.57,,,,0,0,,,4408,,,.1,,,,,
146,傈林,2026-01-08 18:00,-1.7,,,,2.7,,250,,43,,2.3,-12.6,1020.1,,1027.9,,.4,,.07,,,,0,0,,,5000,,,-.6,,,,,
146,傈林,2026-01-08 19:00,-2.3,,,,3.4,,270,,46,,2.4,-12.3,1020.8,,1028.6,,,9,,9,,,0,0,,,4847,,,-1.4,,,,,
146,傈林,2026-01-08 20:00,-3.3,,,,1.4,,270,,52,,2.5,-11.7,1021.2,,1029,,,9,,9,,,0,0,,,4692,,,-1.9,,,,,
146,傈林,2026-01-08 21:00,-4.1,,,,1.2,,320,,55,,2.5,-11.8,1021.5,,1029.3,,,9,,9,,,0,0,,,3987,,,-2.4,,,,,
146,傈林,2026-01-08 22:00,-4.3,,,,1.6,,140,,57,,2.5,-11.5,1021.1,,1028.9,,,9,,9,,,0,0,,,4719,,,-2.6,,,,,
146,傈林,2026-01-08 23:00,-5,,,,1.6,,140,,59,,2.5,-11.7,1020.8,,1028.7,,,9,,9,,,0,0,,,4788,,,-2.9,,,,,
146,傈林,2026-01-09 00:00,-5.2,,,,2.1,,140,,60,,2.5,-11.7,1020.5,,1028.4,,,9,,9,,,0,0,,,4606,,,-3.2,,,,,
146,傈林,2026-01-09 01:00,-5.5,,,,2.3,,140,,60,,2.4,-12,1020.2,,1028.1,,,9,,9,,,0,0,,,4638,,,-3.4,,,,,
146,傈林,2026-01-09 02:00,-5.4,,,,2.4,,140,,61,,2.5,-11.7,1020.1,,1028,,,9,,9,,,0,0,,,4492,,,-3.6,,,,,
146,傈林,2026-01-09 03:00,-5.2,,,,2,,110,,62,,2.6,-11.3,1019.9,,1027.8,,,9,,9,,,5,5,Sc,11,4730,,,-3.3,,,,,
146,傈林,2026-01-09 04:00,-5.4,,,,2.2,,140,,64,,2.6,-11.1,1019.3,,1027.2,,,9,,9,,,4,4,Sc,12,4840,,,-3.7,,,,,
146,傈林,2026-01-09 05:00,-4.6,,,,2,,110,,64,,2.8,-10.3,1018.5,,1026.3,,,9,,9,,,6,6,Sc,12,4857,,,-2.9,,,,,
146,傈林,2026-01-09 06:00,-4.7,,,,1.9,,140,,65,,2.8,-10.2,1018.1,,1025.9,,,9,,9,,,8,8,Sc,11,4699,,,-3.5,,,,,
146,傈林,2026-01-09 07:00,-4,,,,2.8,,160,,66,,3,-9.4,1018.1,,1025.9,,,9,,9,,,8,8,Sc,12,4747,,,-3.2,,,,,
146,傈林,2026-01-09 08:00,-3.7,,,,2.2,,140,,66,,3.1,-9.1,1017.9,,1025.7,,0,,0,,,,2,2,Sc,15,4320,,,-3.1,,,,,
146,傈林,2026-01-09 09:00,-2,,,,2.6,,140,,65,,3.4,-7.7,1017.6,,1025.4,,0,,.18,,,,8,8,Sc,13,4075,,,-1.7,,,,,
146,傈林,2026-01-09 10:00,.1,,,,2.7,,160,,60,,3.7,-6.7,1017.2,,1024.9,,0,,.39,,,,9,9,Sc,12,4416,,,-.4,,,,,
146,傈林,2026-01-09 11:00,2,,,,1.9,,140,,56,,4,-5.8,1017.2,,1024.8,,0,,.55,,,,7,7,Sc,12,4672,,,.2,,,,,
146,傈林,2026-01-09 12:00,5.7,,,,2.5,,160,,47,,4.3,-4.7,1015.8,,1023.3,,.8,,1.64,,,,3,3,Sc,13,4609,,,1,,,,,
146,傈林,2026-01-09 13:00,6.1,,,,2.3,,180,,47,,4.4,-4.3,1014.6,,1022.1,,.3,,1.37,,,,8,8,Sc,13,4468,,,2.3,,,,,
146,傈林,2026-01-09 14:00,6.3,,,,2.7,,230,,48,,4.6,-3.9,1013.6,,1021.1,,.1,,.98,,,,8,8,Sc,13,4889,,,2.8,,,,,
146,傈林,2026-01-09 15:00,6.4,,,,5.6,,230,,49,,4.7,-3.5,1013.1,,1020.6,,.3,,1,,,,6,3,ScCi,13,4351,,,2.9,,,,,
146,傈林,2026-01-09 16:00,6.5,,,,3.9,,250,,50,,4.9,-3.1,1012.6,,1020.1,,.4,,.82,,,,6,6,Sc,13,4710,,,2.3,,,,,
146,傈林,2026-01-09 17:00,6.1,,,,3,,200,,51,,4.8,-3.2,1011.9,,1019.4,,.4,,.34,,,,3,3,Sc,14,4906,,,.8,,,,,
146,傈林,2026-01-09 18:00,4.9,,,,2.1,,180,,55,,4.8,-3.4,1011.6,,1019.1,,0,,.03,,,,6,3,ScCi,14,4420,,,.3,,,,,
146,傈林,2026-01-09 19:00,4.3,,,,1.8,,180,,58,,4.8,-3.2,1011.4,,1018.9,,,9,,9,,,7,7,,13,4247,,,.3,,,,,
146,傈林,2026-01-09 20:00,4.5,,,,2.4,,160,,60,,5,-2.6,1010.9,,1018.4,,,9,,9,,,8,8,,14,3955,,,.3,,,,,
146,傈林,2026-01-09 21:00,4.7,,,,3.1,,160,,62,,5.3,-1.9,1010.2,,1017.7,,,9,,9,,,7,5,ScAc,14,4177,,,.3,,,,,
146,傈林,2026-01-09 22:00,4.4,,,,2.9,,160,,63,,5.3,-2,1009.7,,1017.2,,,9,,9,,,6,2,,13,4126,,,.3,,,,,
146,傈林,2026-01-09 23:00,4.3,,,,2.4,,140,,65,,5.4,-1.7,1008.9,,1016.4,,,9,,9,,,3,3,,11,3860,,,.3,,,,,
146,傈林,2026-01-10 00:00,4.3,,,,2.9,,160,,69,,5.8,-.8,1008.3,,1015.8,,,9,,9,,,5,5,Sc,10,2967,,,.3,,,,,
146,傈林,2026-01-10 01:00,3.8,,,,2.3,,140,,72,,5.8,-.7,1008,,1015.5,,,9,,9,,,0,0,,,2755,,,.2,,,,,
146,傈林,2026-01-10 02:00,5.5,,,,2.8,,180,,71,,6.4,.6,1007.4,,1014.9,,,9,,9,,,0,0,,,1878,,,.2,,,,,
146,傈林,2026-01-10 03:00,6.8,,,,2,,180,,66,,6.5,.8,1006.3,,1013.7,,,9,,9,,,1,1,Sc,10,1794,,,.2,,,,,
146,傈林,2026-01-10 04:00,8,,,,5,,200,,64,,6.8,1.5,1005.1,,1012.5,,,9,,9,,,9,9,Sc,15,1413,,,.5,,,,,
146,傈林,2026-01-10 05:00,8.2,,,,6.2,,230,,66,,7.2,2.2,1004.4,,1011.8,,,9,,9,,,7,7,Sc,17,1222,,,1,,,,,
146,傈林,2026-01-10 06:00,8.4,,,,6.3,,230,,66,,7.3,2.4,1003.9,,1011.3,,,9,,9,,,5,5,Sc,10,1180,,,2.6,,,,,
146,傈林,2026-01-10 07:00,8.8,,,,7.4,,230,,67,,7.5,2.9,1003.5,,1010.8,,,9,,9,,,7,7,Sc,12,1129,,,3.6,,,,,
146,傈林,2026-01-10 08:00,8.5,,,,5.8,,250,,72,,8,3.7,1003.8,,1011.2,,0,,0,,,,8,8,Sc,10,1025,,,3.9,,,,,
146,傈林,2026-01-10 09:00,8.3,,,,6.8,,250,,64,,7,1.8,1004.5,,1011.9,,0,,.16,,,,6,6,Sc,12,1057,,40,4.4,,,,,
146,傈林,2026-01-10 10:00,7.7,,,,6.8,,270,,61,,6.4,.6,1006.1,,1013.5,,.2,,.51,,,,6,6,Sc,11,1080,,,4.8,,,,,
146,傈林,2026-01-10 11:00,7.9,,,,8.1,,270,,44,,4.7,-3.6,1006.8,,1014.2,,.5,,.96,,,,6,6,Sc,12,2026,,,6.3,,,,,
146,傈林,2026-01-10 12:00,6.9,,,,9.7,,270,,47,,4.7,-3.6,1006.9,,1014.3,,.5,,1.22,,,,7,7,Sc,13,2210,,,5.8,,,,,
146,傈林,2026-01-10 13:00,5.3,,,9,9.1,,270,,59,,5.3,-2,1006.9,,1014.4,,.2,,.76,,,,7,7,Sc,12,2361,,0601,3.9,,,,,
146,傈林,2026-01-10 14:00,6.3,,,9,5.1,,270,,46,,4.4,-4.4,1006.7,,1014.1,,.4,,1.06,,,,9,9,Sc,11,3918,,05,6.2,,,,,
146,傈林,2026-01-10 15:00,4.5,,0,,5.7,,250,,53,,4.5,-4.2,1007.1,,1014.6,,.1,,.74,,,,5,5,Sc,13,3767,,05,4,,,,,
146,傈林,2026-01-10 16:00,4.6,,,9,9.4,,270,,39,,3.3,-8.1,1007.4,,1014.9,,.5,,.72,,,,4,4,Sc,14,4295,,,2.9,,,,,
146,傈林,2026-01-10 17:00,2.1,,,9,6.8,,270,,67,,4.8,-3.4,1008.3,,1015.9,,.1,,.25,,,,9,9,Sc,7,2988,,,1.5,,,,,
146,傈林,2026-01-10 18:00,.2,,.2,,4.9,,270,,85,,5.3,-2,1009.5,,1017.1,,0,,.01,,.4,.4,10,9,ScAs,8,1943,,1005,.8,,,,,
146,傈林,2026-01-10 19:00,.1,,,9,5.9,,270,,77,,4.8,-3.4,1010.6,,1018.2,,,9,,9,.7,,10,8,ScAs,5,2801,,05,.7,,,,,
146,傈林,2026-01-10 20:00,.1,,,9,4.8,,290,,71,,4.4,-4.5,1011.3,,1018.9,,,9,,9,.7,,9,2,,11,3317,,,.4,,,,,
146,傈林,2026-01-10 21:00,-.5,,0,,5.4,,290,,72,,4.2,-4.9,1012,,1019.7,,,9,,9,.7,.3,9,9,Sc,11,2711,,05,.3,,,,,
146,傈林,2026-01-10 22:00,-1.4,,,9,6.3,,290,,73,,4,-5.6,1012.7,,1020.4,,,9,,9,.7,,7,7,Sc,8,2084,,05,0,,,,,
146,傈林,2026-01-10 23:00,-1.8,,,9,4.6,,290,,80,,4.3,-4.8,1013.4,,1021.1,,,9,,9,.9,,9,9,Sc,5,2098,,05,.2,,,,,
146,傈林,2026-01-11 00:00,-2.7,,.6,,5,,290,,89,,4.5,-4.2,1013.8,,1021.5,,,9,,9,2.6,1.9,4,4,Sc,2,104,,05,.3,,,,,
146,傈林,2026-01-11 01:00,-2.5,,,9,4.2,,290,,65,,3.3,-8.1,1014.1,,1021.8,,,9,,9,2.6,,0,0,,,3263,,05,.4,,,,,
146,傈林,2026-01-11 02:00,-3.3,,,9,3,,320,,62,,3,-9.5,1014.6,,1022.4,,,9,,9,2.4,,1,0,,,3814,,,.4,,,,,
146,傈林,2026-01-11 03:00,-4.1,,0,,1.5,,320,,65,,2.9,-9.7,1014.7,,1022.5,,,9,,9,2.2,0,3,3,Sc,13,2372,,,.3,,,,,
146,傈林,2026-01-11 04:00,-4.5,,,9,2.3,,360,,64,,2.8,-10.2,1014.8,,1022.6,,,9,,9,2,,5,2,ScCi,15,3608,,,.2,,,,,
146,傈林,2026-01-11 05:00,-5.1,,,9,2.2,,340,,63,,2.6,-11,1015.3,,1023.1,,,9,,9,1.9,,7,7,Sc,15,3852,,,0,,,,,
146,傈林,2026-01-11 06:00,-5.1,,,9,1.8,,320,,58,,2.4,-12,1015.8,,1023.6,,,9,,9,1.8,,9,9,Sc,15,3994,,,0,,,,,
146,傈林,2026-01-11 07:00,-5.1,,,9,2.4,,290,,50,,2.1,-13.9,1016.4,,1024.2,,,9,,9,1.7,,8,8,Sc,15,4570,,,-.3,,,,,
146,傈林,2026-01-11 08:00,-6,,,9,2.1,,360,,54,,2.1,-13.8,1016.5,,1024.4,,0,,.01,,1.7,,3,3,Sc,11,4460,,,-.5,,,,,
146,傈林,2026-01-11 09:00,-4.7,,,9,2.4,,340,,47,,2,-14.3,1017.3,,1025.1,,.9,,.35,,1.5,,4,4,Sc,10,3903,,,-.6,,,,,
146,傈林,2026-01-11 10:00,-3.9,,,9,2.6,,360,,44,,2,-14.3,1018.3,,1026.1,,.9,,.9,,1.3,,2,2,Sc,11,3673,,,-.2,,,,,
146,傈林,2026-01-11 11:00,-3,,,9,2.3,,320,,35,,1.7,-16.3,1018.3,,1026.1,,1,,1.52,,1.1,,0,0,,,4656,,,.1,,,,,
146,傈林,2026-01-11 12:00,-2.3,,,9,3,,340,,35,,1.8,-15.7,1018,,1025.8,,1,,1.92,,.7,,0,0,,,4286,,,.2,,,,,
146,傈林,2026-01-11 13:00,-2,,,9,4.3,,320,,40,,2.1,-13.8,1017.6,,1025.4,,1,,2.07,,.2,,0,0,,,4834,,,.5,,,,,
146,傈林,2026-01-11 14:00,-1.3,,,9,3,,290,,39,,2.2,-13.5,1017.2,,1024.9,,1,,1.95,,,,4,4,Sc,12,4900,,,.6,,,,,
146,傈林,2026-01-11 15:00,-1.3,,,9,5.7,,290,,40,,2.2,-13.1,1017.1,,1024.8,,.7,,1.3,,,,5,5,Sc,13,4799,,,.5,,,,,
146,傈林,2026-01-11 16:00,-.7,,,9,5.9,,290,,39,,2.3,-12.9,1017.7,,1025.4,,.6,,.88,,,,3,3,Sc,12,4226,,,.6,,,,,
146,傈林,2026-01-11 17:00,-2,,,9,4.8,,290,,48,,2.5,-11.5,1018,,1025.8,,.9,,.48,,,,1,1,Sc,12,4533,,,.2,,,,,
146,傈林,2026-01-11 18:00,-3.5,,,9,2.9,,320,,53,,2.5,-11.7,1018.6,,1026.4,,.3,,.07,,,,1,1,Sc,12,4457,,,-.7,,,,,
146,傈林,2026-01-11 19:00,-4.2,,,9,3.6,,320,,58,,2.6,-11.2,1019.3,,1027.1,,,9,,9,,,0,0,,,3448,,,-1.2,,,,,
146,傈林,2026-01-11 20:00,-5.1,,,9,2.9,,340,,60,,2.5,-11.6,1019.9,,1027.8,,,9,,9,,,0,0,,,3816,,,-1.6,,,,,
146,傈林,2026-01-11 21:00,-5.6,,,9,1.8,,20,,60,,2.4,-12.1,1019.8,,1027.7,,,9,,9,,,0,0,,,4468,,,-1.9,,,,,
146,傈林,2026-01-11 22:00,-6,,,9,1,,90,,59,,2.3,-12.7,1019.8,,1027.7,,,9,,9,,,0,0,,,4128,,,-2.1,,,,,
146,傈林,2026-01-11 23:00,-6.2,,,9,1.8,,140,,63,,2.4,-12.1,1019.7,,1027.6,,,9,,9,,,0,0,,,4197,,,-2.4,,,,,
146,傈林,2026-01-12 00:00,-6.6,,,9,1.6,,140,,65,,2.4,-12,1019,,1026.9,,,9,,9,,,1,1,,,3902,,,-2.7,,,,,
146,傈林,2026-01-12 01:00,-6.8,,,,1.8,,110,,67,,2.5,-11.9,1018.3,,1026.2,,,9,,9,,,0,0,,,3871,,,-3,,,,,
146,傈林,2026-01-12 02:00,-6.9,,,,1.8,,140,,67,,2.4,-12,1018.4,,1026.3,,,9,,9,,,0,0,,,3980,,,-3,,,,,
146,傈林,2026-01-12 03:00,-6.7,,,,1.7,,110,,66,,2.4,-12,1018.5,,1026.4,,,9,,9,,,9,9,Sc,12,3872,,,-2.7,,,,,
146,傈林,2026-01-12 04:00,-6.5,,,,1.9,,140,,66,,2.5,-11.8,1018.2,,1026.1,,,9,,9,,,8,8,Sc,12,3877,,,-2.6,,,,,
146,傈林,2026-01-12 05:00,-6.9,,,,2.2,,140,,68,,2.5,-11.8,1017.4,,1025.3,,,9,,9,,,7,7,Sc,10,3666,,,-3.5,,,,,
146,傈林,2026-01-12 06:00,-6,,,,1.8,,140,,68,,2.7,-10.9,1017,,1024.9,,,9,,9,,,8,8,Sc,12,4036,,,-2.7,,,,,
146,傈林,2026-01-12 07:00,-5.1,,,,1.7,,140,,66,,2.8,-10.4,1017.2,,1025,,,9,,9,,,9,9,Sc,12,4029,,,-2.2,,,,,
146,傈林,2026-01-12 08:00,-4.7,,,,2.6,,140,,65,,2.8,-10.2,1016.6,,1024.4,,0,,.01,,,,8,8,Sc,12,4270,,,-2.2,,,,,
146,傈林,2026-01-12 09:00,-3,,,,2.9,,140,,63,,3.1,-9,1016,,1023.8,,.2,,.22,,,,9,9,Sc,13,4067,,,-1.2,,,,,
146,傈林,2026-01-12 10:00,-1.8,,,,2,,140,,61,,3.3,-8.3,1015.7,,1023.4,,0,,.44,,,,9,9,Sc,12,4133,,,-.3,,,,,
146,傈林,2026-01-12 11:00,.1,,,,2.9,,140,,61,,3.8,-6.5,1015.4,,1023.1,,0,,.74,,,,9,9,Sc,13,4176,,,.3,,,,,
146,傈林,2026-01-12 12:00,1.3,,,,3.2,,180,,61,,4.1,-5.4,1014.3,,1021.9,,0,,.82,,,,10,8,ScAs,11,3980,,,.3,,,,,
146,傈林,2026-01-12 13:00,1.5,,,,2.6,,160,,63,,4.3,-4.7,1013.2,,1020.8,,0,,.48,,,,10,9,ScAs,10,4351,,,.9,,,,,
146,傈林,2026-01-12 14:00,2.2,,,,2.6,,180,,61,,4.4,-4.5,1012,,1019.6,,0,,.49,,,,9,9,Sc,10,4195,,,1,,,,,
146,傈林,2026-01-12 15:00,3.5,,,,3.4,,180,,58,,4.5,-4,1010.8,,1018.3,,0,,.66,,,,8,8,Sc,12,4521,,,1.6,,,,,
146,傈林,2026-01-12 16:00,3.4,,,,2.6,,160,,58,,4.5,-4,1009.4,,1016.9,,.1,,.63,,,,3,3,Sc,13,4372,,,.7,,,,,
146,傈林,2026-01-12 17:00,2.9,,,,3,,140,,60,,4.5,-4.1,1008.5,,1016,,.4,,.34,,,,4,4,Sc,12,4218,,,.3,,,,,
146,傈林,2026-01-12 18:00,2.1,,,,2.1,,140,,65,,4.6,-3.8,1007.7,,1015.3,,.1,,.05,,,,8,8,Sc,12,3920,,,.2,,,,,
146,傈林,2026-01-12 19:00,1.2,,,,3.3,,140,,69,,4.6,-3.8,1007,,1014.6,,,9,,9,,,0,0,,,3761,,,0,,,,,
146,傈林,2026-01-12 20:00,1.4,,,,2.6,,140,,71,,4.8,-3.2,1006.5,,1014.1,,,9,,9,,,0,0,,,3983,,,-.3,,,,,
146,傈林,2026-01-12 21:00,1.6,,,,1.9,,110,,71,,4.9,-3.1,1006.3,,1013.9,,,9,,9,,,6,6,Sc,10,3828,,,-.3,,,,,
146,傈林,2026-01-12 22:00,2.8,,,9,3,,140,,72,,5.4,-1.7,1005.5,,1013,,,9,,9,,,9,9,Sc,10,3484,,01,.2,,,,,
146,傈林,2026-01-12 23:00,5.9,,,9,2.6,,200,,74,,6.9,1.6,1004.7,,1012.1,,,9,,9,,,10,5,ScAs,13,3715,,01,.3,,,,,
146,傈林,2026-01-13 00:00,7.4,,0,,6,,250,,76,,7.8,3.4,1004.6,,1012,,,9,,9,,,10,4,ScAs,9,2968,,01,1.7,,,,,
146,傈林,2026-01-13 01:00,6.8,,,9,5.2,,250,,77,,7.6,3,1004.8,,1012.2,,,9,,9,,,10,4,ScAs,7,2023,,01,2,,,,,
146,傈林,2026-01-13 02:00,6.2,,,9,4.5,,270,,77,,7.3,2.4,1005.3,,1012.7,,,9,,9,,,9,5,,7,1127,,,1.9,,,,,
146,傈林,2026-01-13 03:00,4.9,,0,,4.1,,270,,76,,6.6,1,1006.1,,1013.6,,,9,,9,,,6,6,Sc,12,1116,,,.8,,,,,
146,傈林,2026-01-13 04:00,4.6,,,9,4.6,,270,,72,,6.1,0,1006.2,,1013.7,,,9,,9,,,8,8,Sc,11,1384,,,.8,,,,,
146,傈林,2026-01-13 05:00,3.5,,,9,3.3,,270,,71,,5.6,-1.2,1006.4,,1013.9,,,9,,9,,,0,0,,,1399,,,.2,,,,,
146,傈林,2026-01-13 06:00,3.3,,,9,2.9,,250,,72,,5.6,-1.2,1007,,1014.5,,,9,,9,,,3,3,Sc,9,1375,,,.2,,,,,
146,傈林,2026-01-13 07:00,2.7,,,9,2.5,,270,,75,,5.6,-1.2,1008,,1015.5,,,9,,9,,,0,0,,,1408,,,.1,,,,,
146,傈林,2026-01-13 08:00,2.5,,,9,2.7,,270,,76,,5.6,-1.3,1009,,1016.6,,0,,0,,,,4,4,Sc,10,1340,,,.2,,,,,
146,傈林,2026-01-13 09:00,2.5,,,9,3.2,,290,,73,,5.4,-1.8,1010.2,,1017.8,,0,,.19,,,,5,5,Sc,10,1255,,,.3,,,,,
146,傈林,2026-01-13 10:00,2.5,,,9,4.9,,320,,60,,4.4,-4.4,1011.7,,1019.3,,.7,,.72,,,,1,1,Sc,10,1635,,,.4,,,,,
146,傈林,2026-01-13 11:00,3.2,,,9,3.5,,320,,42,,3.2,-8.5,1012.1,,1019.7,,1,,1.41,,,,0,0,,,3326,,,1.5,,,,,
146,傈林,2026-01-13 12:00,4.2,,,9,3.1,,320,,40,,3.3,-8.2,1011.8,,1019.3,,1,,1.81,,,,2,2,Sc,12,3151,,,4.8,,,,,
146,傈林,2026-01-13 13:00,4.6,,,9,5.3,,290,,43,,3.6,-6.9,1011.5,,1019,,1,,1.9,,,,1,1,Sc,12,3819,,,6.6,,,,,
146,傈林,2026-01-13 14:00,4.6,,,9,6,,290,,41,,3.5,-7.5,1011.5,,1019,,1,,2,,,,1,1,Sc,12,4189,,,7,,,,,
146,傈林,2026-01-13 15:00,4.3,,,9,5.6,,290,,44,,3.6,-6.9,1012.3,,1019.8,,1,,1.62,,,,2,2,Sc,12,3241,,,6.2,,,,,
146,傈林,2026-01-13 16:00,2.5,,,9,5.7,,290,,50,,3.7,-6.8,1012.9,,1020.5,,1,,1.19,,,,1,1,Sc,12,3120,,,3.6,,,,,
146,傈林,2026-01-13 17:00,1,,,9,4.4,,290,,55,,3.6,-7,1013,,1020.6,,.9,,.54,,,,0,0,,,3640,,,.5,,,,,
146,傈林,2026-01-13 18:00,-.3,,,9,4.8,,270,,61,,3.6,-6.9,1014.1,,1021.8,,.4,,.08,,,,0,0,,,4137,,,.1,,,,,
146,傈林,2026-01-13 19:00,-1,,,9,4.3,,270,,66,,3.8,-6.5,1014.8,,1022.5,,,9,,9,,,0,0,,,3475,,,-.5,,,,,
146,傈林,2026-01-13 20:00,-1.5,,,9,4.2,,320,,66,,3.6,-7,1015.2,,1022.9,,,9,,9,,,0,0,,,3618,,,-1.3,,,,,
146,傈林,2026-01-13 21:00,-2.1,,,9,2.9,,290,,66,,3.5,-7.6,1016,,1023.7,,,9,,9,,,0,0,,,3659,,,-1.7,,,,,
146,傈林,2026-01-13 22:00,-3,,,9,2.4,,340,,67,,3.3,-8.2,1016.2,,1024,,,9,,9,,,0,0,,,3184,,,-2.1,,,,,
146,傈林,2026-01-13 23:00,-3.6,,,9,1.9,,20,,68,,3.2,-8.6,1016.3,,1024.1,,,9,,9,,,0,0,,,3651,,,-2.4,,,,,
146,傈林,2026-01-14 00:00,-3.6,,,9,2.3,,50,,63,,3,-9.6,1016.6,,1024.4,,,9,,9,,,0,0,,,4393,,,-2.7,,,,,
146,傈林,2026-01-14 01:00,-4.3,,,,1.5,,50,,63,,2.8,-10.3,1016.7,,1024.5,,,9,,9,,,0,0,,,4326,,,-2.9,,,,,
146,傈林,2026-01-14 02:00,-4.3,,,,.8,,90,,62,,2.8,-10.5,1016.9,,1024.7,,,9,,9,,,0,0,,,4687,,,-3.2,,,,,
146,傈林,2026-01-14 03:00,-4.6,,,,.9,,140,,65,,2.8,-10.1,1017.4,,1025.2,,,9,,9,,,0,0,,,4616,,,-3.4,,,,,
146,傈林,2026-01-14 04:00,-5,,,,1.1,,140,,72,,3,-9.2,1017.7,,1025.5,,,9,,9,,,0,0,,,4008,,,-3.7,,,,,
146,傈林,2026-01-14 05:00,-5.5,,,,1.4,,110,,72,,2.9,-9.7,1017.6,,1025.5,,,9,,9,,,0,0,,,3773,,,-4,,,,,
146,傈林,2026-01-14 06:00,-5.9,,,,1.7,,140,,72,,2.8,-10.1,1017.3,,1025.2,,,9,,9,,,0,0,,,4507,,,-4.3,,,,,
146,傈林,2026-01-14 07:00,-5.8,,,,2,,140,,72,,2.9,-10,1017.5,,1025.4,,,9,,9,,,0,0,,,4661,,,-4.5,,,,,
146,傈林,2026-01-14 08:00,-5.6,,,,1.4,,110,,69,,2.8,-10.3,1017.8,,1025.7,,0,,.01,,,,0,0,,,4715,,,-4.5,,,,,
146,傈林,2026-01-14 09:00,-3.9,,,,.7,,70,,67,,3.1,-9.1,1017.7,,1025.5,,.7,,.3,,,,0,0,,,4212,,,-3.3,,,,,
146,傈林,2026-01-14 10:00,-1.2,,,,1.3,,70,,47,,2.6,-11,1017.7,,1025.4,,1,,.88,,,,0,0,,,4766,,,-1.5,,,,,
146,傈林,2026-01-14 11:00,1.9,,,,.9,,70,,29,,2,-14.3,1017.5,,1025.1,,1,,1.41,,,,0,0,,,4632,,,.4,,,,,
146,傈林,2026-01-14 12:00,2.6,,,,1.8,,360,,32,,2.4,-12.4,1016.5,,1024.1,,1,,1.76,,,,0,0,,,4716,,,1.1,,,,,
146,傈林,2026-01-14 13:00,5.5,,,,1.5,,270,,25,,2.3,-13,1015.8,,1023.3,,1,,1.82,,,,6,3,ScCi,10,4574,,,2.1,,,,,
146,傈林,2026-01-14 14:00,5.7,,,,2.5,,320,,27,,2.5,-11.8,1015.8,,1023.3,,1,,1.72,,,,5,5,Sc,10,4598,,,2.9,,,,,
146,傈林,2026-01-14 15:00,5.3,,,,2.1,,90,,29,,2.6,-11.3,1014.4,,1021.9,,.1,,.52,,,,9,9,Sc,8,4442,,,1.8,,,,,
146,傈林,2026-01-14 16:00,6,,,,1.7,,90,,34,,3.2,-8.7,1013.7,,1021.2,,0,,.28,,,,10,8,ScAs,8,4411,,,1.5,,,,,
146,傈林,2026-01-14 17:00,6.2,,,,2,,90,,44,,4.2,-5.1,1013.3,,1020.8,,0,,.22,,,,4,4,Sc,9,3146,,,.8,,,,,
146,傈林,2026-01-14 18:00,4.8,,,,1.8,,90,,46,,4,-5.8,1012.7,,1020.2,,0,,.05,,,,2,0,Ci,,3385,,,.2,,,,,
146,傈林,2026-01-14 19:00,4.6,,,,2.5,,140,,48,,4.1,-5.4,1012.6,,1020.1,,,9,,9,,,0,0,,,3992,,,.2,,,,,
146,傈林,2026-01-14 20:00,5,,,,2.8,,140,,52,,4.5,-4,1011.6,,1019.1,,,9,,9,,,8,4,,51,3697,,,.2,,,,,
146,傈林,2026-01-14 21:00,5.3,,,,2.5,,140,,54,,4.8,-3.2,1011.5,,1019,,,9,,9,,,8,2,ScCi,11,3699,,,.2,,,,,
146,傈林,2026-01-14 22:00,5.9,,,,2.9,,140,,57,,5.3,-1.9,1010.8,,1018.3,,,9,,9,,,6,4,,10,3596,,,.3,,,,,
146,傈林,2026-01-14 23:00,6.8,,,,2.9,,140,,65,,6.4,.6,1009.9,,1017.3,,,9,,9,,,6,6,,11,3394,,,.3,,,,,
146,傈林,2026-01-15 00:00,7.8,,,,3.1,,160,,67,,7.1,2,1009.6,,1017,,,9,,9,,,8,8,Sc,11,3521,,,.8,,,,,
146,傈林,2026-01-15 01:00,7.3,,,,3.9,,140,,69,,7,1.9,1008.8,,1016.2,,,9,,9,,,9,9,,10,3463,,,1.7,,,,,
146,傈林,2026-01-15 02:00,8.2,,,,4.2,,140,,70,,7.6,3,1008.4,,1015.8,,,9,,9,,,8,8,,9,3292,,,2.7,,,,,
146,傈林,2026-01-15 03:00,8.4,,,,2.9,,140,,72,,7.9,3.6,1008.4,,1015.8,,,9,,9,,,9,9,Sc,9,3151,,,3.4,,,,,
146,傈林,2026-01-15 04:00,11,,,,3.3,,200,,75,,9.8,6.7,1007.9,,1015.2,,,9,,9,,,9,6,ScCi,8,2980,,,4.7,,,,,
146,傈林,2026-01-15 05:00,12.2,,,,4,,200,,73,,10.3,7.4,1007.4,,1014.7,,,9,,9,,,9,3,ScCi,8,2565,,,6.4,,,,,
146,傈林,2026-01-15 06:00,12.6,,,,5,,230,,73,,10.6,7.8,1007,,1014.3,,,9,,9,,,8,1,ScCi,9,2397,,,7.1,,,,,
146,傈林,2026-01-15 07:00,12.4,,,,4.8,,200,,73,,10.4,7.6,1007.2,,1014.5,,,9,,9,,,9,2,ScCi,8,2370,,,7.3,,,,,
146,傈林,2026-01-15 08:00,11.7,,,,3.4,,230,,75,,10.3,7.4,1007.4,,1014.7,,0,,0,,,,6,2,ScCi,10,1805,,,6.6,,,,,
146,傈林,2026-01-15 09:00,12.3,,,9,4,,230,,73,,10.4,7.5,1007.4,,1014.7,,0,,.21,,,,7,3,ScCi,10,1621,,,8.1,,,,,
146,傈林,2026-01-15 10:00,13.1,,,9,5,,230,,69,,10.4,7.5,1007.3,,1014.5,,.1,,.51,,,,5,2,ScCi,10,1401,,,9.6,,,,,
146,傈林,2026-01-15 11:00,13.6,,,9,5.4,,230,,68,,10.5,7.7,1007.4,,1014.6,,.3,,.87,,,,9,5,ScCi,10,1102,,,11.7,,,,,
146,傈林,2026-01-15 12:00,13.9,,,9,5.2,,250,,66,,10.4,7.6,1007,,1014.2,,.4,,.99,,,,5,5,Sc,10,844,,40,12.8,,,,,
146,傈林,2026-01-15 13:00,14.4,,,9,3.1,,270,,65,,10.6,7.8,1006.3,,1013.5,,.8,,1.59,,,,7,7,Sc,10,646,,40,14.9,0,,,,
146,傈林,2026-01-15 14:00,12.4,,,9,4.7,,290,,74,,10.6,7.8,1006.4,,1013.7,,.5,,1.23,,,,6,6,Sc,10,407,,40,13.4,,,,,
146,傈林,2026-01-15 15:00,11.3,,,9,2.9,,290,,75,,10,7,1006.7,,1014,,.2,,.91,,,,9,9,Sc,10,337,,40,12.4,,,,,
146,傈林,2026-01-15 16:00,10.9,,,9,2.5,,270,,75,,9.7,6.6,1007.4,,1014.7,,0,,.61,,,,9,9,Sc,10,288,,40,11.3,,,,,
146,傈林,2026-01-15 17:00,8.8,,,9,3.4,,290,,78,,8.8,5.1,1008.6,,1016,,0,,.3,,,,4,4,Sc,10,286,,40,8.3,,,,,
146,傈林,2026-01-15 18:00,7.8,,,9,2.4,,230,,79,,8.3,4.3,1009.4,,1016.8,,0,,.06,,,,0,0,,,316,,40,5.8,,,,,
146,傈林,2026-01-15 19:00,6.7,,,9,1.8,,250,,82,,8,3.8,1010.6,,1018.1,,,9,,9,,,0,0,,,284,,4019,4.5,,,,,
146,傈林,2026-01-15 20:00,5.7,,,,2.4,,270,,83,,7.6,3,1011.4,,1018.9,,,9,,9,,,0,0,,,280,,19,3.7,,,,,
146,傈林,2026-01-15 21:00,5.2,,,,2.1,,250,,86,,7.6,3,1012,,1019.5,,,9,,9,,,8,8,Sc,8,229,,19,3.4,,,,,
146,傈林,2026-01-15 22:00,4.5,,,,.7,,250,,87,,7.3,2.5,1011.7,,1019.2,,,9,,9,,,0,0,,,219,,19,2.1,,,,,
146,傈林,2026-01-15 23:00,4,,,,1.5,,230,,89,,7.2,2.3,1012.2,,1019.7,,,9,,9,,,0,0,,,185,,19,1.3,,,,,
146,傈林,2026-01-16 00:00,3.6,,,,.8,,180,,88,,6.9,1.7,1012.4,,1020,,,9,,9,,,0,0,,,174,,19,.4,,,,,
146,傈林,2026-01-16 01:00,2.7,,,,1.1,,110,,89,,6.6,1,1012.5,,1020.1,,,9,,9,,,0,0,,,156,,19,.7,,,,,
146,傈林,2026-01-16 02:00,1.9,,,,2.1,,140,,90,,6.3,.4,1012.2,,1019.8,,,9,,9,,,0,0,,,169,,19,.6,,,,,
146,傈林,2026-01-16 03:00,1.3,,,,1.6,,110,,91,,6.1,0,1012.1,,1019.7,,,9,,9,,,0,0,,,170,,19,.5,,,,,
146,傈林,2026-01-16 04:00,.5,,,,1.8,,140,,92,,5.8,-.6,1011.6,,1019.2,,,9,,9,,,0,0,,,135,,19,.3,,,,,
146,傈林,2026-01-16 05:00,.1,,,,.9,,110,,91,,5.6,-1.1,1011.2,,1018.8,,,9,,9,,,0,0,,,194,,19,0,,,,,
146,傈林,2026-01-16 06:00,-1.2,,,,.5,,50,,92,,5.2,-2.3,1011.1,,1018.8,,,9,,9,,,0,0,,,118,,19,-.5,,,,,
146,傈林,2026-01-16 07:00,-1.4,,,,.9,,70,,92,,5.1,-2.5,1010.9,,1018.6,,,9,,9,,,0,0,,,247,,19,-.8,,,,,
146,傈林,2026-01-16 08:00,-2.9,,,,.2,,0,,95,,4.7,-3.5,1011.5,,1019.2,,0,,.01,,,,10,10,,1,7,,1916,-.5,,,,,
146,傈林,2026-01-16 09:00,-1.5,,,,2,,340,,96,,5.3,-2,1012.3,,1020,,.1,,.27,,,,10,10,,1,12,,16,.1,,,,,
146,傈林,2026-01-16 10:00,.2,,,9,.6,,290,,94,,5.8,-.6,1013,,1020.7,,.2,,.61,,,,5,5,St,8,104,,1916,.6,,,,,
146,傈林,2026-01-16 11:00,2.8,,,9,1.3,,340,,87,,6.5,.8,1013,,1020.6,,1,,1.51,,,,0,0,,,183,,19,2.6,,,,,
146,傈林,2026-01-16 12:00,3.9,,,9,3.1,,320,,81,,6.5,.9,1012.8,,1020.3,,1,,1.87,,,,4,4,St,8,375,,19,6.9,,,,,
146,傈林,2026-01-16 13:00,4.7,,,9,2,,320,,76,,6.5,.8,1012.5,,1020,,1,,1.93,,,,0,0,,,439,,19,9.3,,,,,
146,傈林,2026-01-16 14:00,8.9,,,9,1.3,,90,,53,,6.1,-.1,1011.4,,1018.8,,1,,1.97,,,,0,0,,,957,,4019,11.9,,,,,
146,傈林,2026-01-16 15:00,11.9,,,9,1.5,,160,,35,,4.9,-3.1,1010.6,,1017.9,,1,,1.73,,,,0,0,,,1806,,40,12.3,,,,,
146,傈林,2026-01-16 16:00,12.2,,,9,1,,320,,33,,4.7,-3.6,1010.1,,1017.4,,1,,1.23,,,,0,0,,,2025,,,11,,,,,
146,傈林,2026-01-16 17:00,11.2,,,9,1.1,,360,,37,,4.9,-2.9,1009.8,,1017.1,,1,,.6,,,,0,0,,,1695,,,7.3,,,,,
146,傈林,2026-01-16 18:00,9.1,,,9,1.6,,320,,42,,4.9,-3.1,1009.8,,1017.2,,.5,,.08,,,,0,0,,,1884,,,4.4,,,,,
146,傈林,2026-01-16 19:00,7.7,,,9,.9,,140,,47,,4.9,-2.9,1010.4,,1017.8,,,9,,9,,,0,0,,,1624,,,2.6,,,,,
146,傈林,2026-01-16 20:00,6.3,,,9,1.5,,180,,55,,5.3,-2,1011.1,,1018.6,,,9,,9,,,0,0,,,1485,,,1.4,,,,,
146,傈林,2026-01-16 21:00,4.8,,,9,1,,140,,60,,5.2,-2.3,1011.4,,1018.9,,,9,,9,,,0,0,,,1657,,,.7,,,,,
146,傈林,2026-01-16 22:00,3.5,,,9,2.2,,140,,64,,5,-2.6,1011.5,,1019,,,9,,9,,,0,0,,,1803,,,.8,,,,,
146,傈林,2026-01-16 23:00,3.1,,,,1.5,,270,,67,,5.1,-2.4,1012.4,,1020,,,9,,9,,,0,0,,,1667,,,.6,,,,,
146,傈林,2026-01-17 00:00,2,,,,1.9,,110,,70,,4.9,-2.9,1012.6,,1020.2,,,9,,9,,,0,0,,,1823,,,.5,,,,,
146,傈林,2026-01-17 01:00,1.5,,,,2.1,,140,,72,,4.9,-3,1012.5,,1020.1,,,9,,9,,,0,0,,,1588,,,.3,,,,,
146,傈林,2026-01-17 02:00,2,,,,1.5,,180,,72,,5.1,-2.5,1012.4,,1020,,,9,,9,,,9,8,,11,1447,,,.4,,,,,
146,傈林,2026-01-17 03:00,2.4,,0,,.8,,360,,73,,5.3,-1.9,1012.9,,1020.5,,,9,,9,,,10,10,St,5,1259,,02,.8,,,,,
146,傈林,2026-01-17 04:00,2,,,9,.5,,20,,75,,5.3,-1.9,1013,,1020.6,,,9,,9,,,10,10,St,4,1242,,02,.9,,,,,
146,傈林,2026-01-17 05:00,2.5,,,9,.3,,0,,75,,5.5,-1.4,1012.7,,1020.3,,,9,,9,,,7,7,Sc,6,862,,19,.8,,,,,
146,傈林,2026-01-17 06:00,2.8,,0,,1.6,,320,,76,,5.7,-1,1013.1,,1020.7,,,9,,9,,,9,9,Sc,4,872,,19,1.2,,,,,
146,傈林,2026-01-17 07:00,2.9,,,9,2.1,,320,,77,,5.8,-.7,1013.4,,1021,,,9,,9,,,9,9,Sc,5,730,,19,1.5,,,,,
146,傈林,2026-01-17 08:00,2.8,,,9,2.4,,320,,80,,6,-.3,1014,,1021.6,,0,,.01,,,,9,9,Sc,6,551,,19,2,,,,,
146,傈林,2026-01-17 09:00,2.5,,,9,2.9,,320,,81,,5.9,-.4,1014.7,,1022.3,,0,,.13,,,,9,9,Sc,6,458,,19,2.6,,,,,
146,傈林,2026-01-17 10:00,3.3,,,9,3.5,,340,,76,,5.9,-.5,1015.4,,1023,,.7,,.79,,,,3,3,Sc,10,566,,19,3.4,,,,,
146,傈林,2026-01-17 11:00,4.5,,,9,2.5,,290,,70,,5.9,-.5,1015.4,,1022.9,,1,,1.45,,,,0,0,,,681,,4019,6,,,,,
146,傈林,2026-01-17 12:00,5.7,,,9,2,,340,,53,,4.9,-3.1,1014.3,,1021.8,,1,,1.89,,,,0,0,,,963,,4019,9,,,,,
146,傈林,2026-01-17 13:00,7.8,,,9,1.6,,250,,44,,4.6,-3.7,1013.3,,1020.7,,1,,2.04,,,,0,0,,,1291,,40,11.3,,,,,
146,傈林,2026-01-17 14:00,7.8,,,9,2.6,,320,,40,,4.2,-4.9,1012.8,,1020.2,,1,,2,,,,0,0,,,1391,,,11,,,,,
146,傈林,2026-01-17 15:00,8.7,,,9,2.4,,270,,37,,4.2,-5.2,1012.5,,1019.9,,1,,1.69,,,,0,0,,,1552,,,10.9,,,,,
146,傈林,2026-01-17 16:00,7.9,,,9,2.7,,340,,41,,4.4,-4.5,1012.7,,1020.1,,1,,1.2,,,,0,0,,,1302,,,8.9,,,,,
146,傈林,2026-01-17 17:00,6.8,,,9,2.6,,320,,41,,4.1,-5.5,1013.1,,1020.6,,1,,.57,,,,0,0,,,1443,,,5.7,,,,,
146,傈林,2026-01-17 18:00,4.8,,,9,2.2,,320,,44,,3.8,-6.4,1013.6,,1021.1,,.4,,.09,,,,0,0,,,1653,,,3.1,,,,,
146,傈林,2026-01-17 19:00,2.9,,,9,.9,,250,,62,,4.7,-3.6,1014.2,,1021.8,,,9,,9,,,0,0,,,1282,,,1.8,,,,,
146,傈林,2026-01-17 20:00,2.4,,,9,2,,230,,65,,4.7,-3.5,1014.2,,1021.8,,,9,,9,,,0,0,,,1275,,,1,,,,,
146,傈林,2026-01-17 21:00,1.5,,,9,1.4,,250,,68,,4.6,-3.7,1014.5,,1022.1,,,9,,9,,,0,0,,,1222,,,.6,,,,,
146,傈林,2026-01-17 22:00,.3,,,9,.3,,0,,73,,4.6,-3.9,1014.3,,1022,,,9,,9,,,0,0,,,1027,,,.2,,,,,
146,傈林,2026-01-17 23:00,-.2,,,9,.2,,0,,74,,4.5,-4.2,1013.9,,1021.6,,,9,,9,,,0,0,,,1004,,,-.5,,,,,
146,傈林,2026-01-18 00:00,-.4,,,9,1.7,,110,,76,,4.5,-4.1,1014.1,,1021.8,,,9,,9,,,0,0,,,943,,19,-.9,,,,,
146,傈林,2026-01-18 01:00,-1.2,,,,1.4,,140,,78,,4.4,-4.5,1013.8,,1021.5,,,9,,9,,,0,0,,,874,,19,-1.3,,,,,
146,傈林,2026-01-18 02:00,-1.4,,,,1.6,,140,,78,,4.3,-4.7,1013.9,,1021.6,,,9,,9,,,0,0,,,910,,19,-1.4,,,,,
146,傈林,2026-01-18 03:00,-2.8,,,,1.8,,360,,84,,4.2,-5.1,1014.9,,1022.7,,,9,,9,,,0,0,,,553,,19,-1.6,,,,,
146,傈林,2026-01-18 04:00,-1.7,,,,1.7,,110,,79,,4.3,-4.8,1014.5,,1022.2,,,9,,9,,,0,0,,,829,,19,-1.6,,,,,
146,傈林,2026-01-18 05:00,-1.9,,,,1.6,,110,,79,,4.2,-5,1014.1,,1021.8,,,9,,9,,,0,0,,,846,,19,-1.7,,,,,
146,傈林,2026-01-18 06:00,-3.1,,,,1.8,,320,,84,,4.1,-5.4,1015.1,,1022.9,,,9,,9,,,0,0,,,602,,19,-1.9,,,,,
146,傈林,2026-01-18 07:00,-2.3,,,,2,,140,,81,,4.2,-5.1,1014.6,,1022.3,,,9,,9,,,0,0,,,805,,19,-1.8,,,,,
146,傈林,2026-01-18 08:00,-1.6,,,,1.9,,140,,75,,4.1,-5.4,1013.6,,1021.3,,0,,.01,,,,0,0,,,1050,,19,-1.5,,,,,
146,傈林,2026-01-18 09:00,.2,,,,1.5,,90,,72,,4.5,-4.2,1014.2,,1021.9,,.6,,.28,,,,0,0,,,937,,19,-.6,,,,,
146,傈林,2026-01-18 10:00,2.6,,,,.5,,20,,62,,4.6,-3.9,1013.9,,1021.5,,1,,.82,,,,0,0,,,1157,,19,.1,,,,,
146,傈林,2026-01-18 11:00,5.1,,,,1.5,,340,,56,,4.9,-2.9,1013.9,,1021.4,,1,,1.32,,,,0,0,,,1203,,,1.1,,,,,
146,傈林,2026-01-18 12:00,7.8,,,,1.4,,340,,51,,5.4,-1.7,1012.9,,1020.3,,1,,1.69,,,,0,0,,,1079,,,4.3,,,,,
146,傈林,2026-01-18 13:00,8.5,,,,4,,320,,50,,5.6,-1.3,1012.2,,1019.6,,1,,1.75,,,,0,0,,,1069,,,7.1,,,,,
146,傈林,2026-01-18 14:00,8.8,,,,1.6,,340,,47,,5.3,-1.9,1011.5,,1018.9,,1,,1.69,,,,0,0,,,1166,,,9.2,,,,,
146,傈林,2026-01-18 15:00,10.2,,,,.4,,0,,44,,5.5,-1.5,1011.3,,1018.7,,1,,1.37,,,,0,0,,,1208,,,9.9,,,,,
146,傈林,2026-01-18 16:00,9.5,,,,2.5,,320,,45,,5.4,-1.8,1011.6,,1019,,1,,.95,,,,0,0,,,1245,,,8.6,,,,,
146,傈林,2026-01-18 17:00,8.4,,,,1.3,,340,,49,,5.4,-1.7,1011.6,,1019,,.8,,.44,,,,0,0,,,1208,,,6.5,,,,,
146,傈林,2026-01-18 18:00,6.8,,,,2.4,,340,,53,,5.2,-2.1,1012.1,,1019.6,,0,,.06,,,,0,0,,,1169,,,4.1,,,,,
146,傈林,2026-01-18 19:00,6.1,,,,1.7,,320,,54,,5.1,-2.5,1013.2,,1020.7,,,9,,9,,,2,2,,18,1019,,,3.4,,,,,
146,傈林,2026-01-18 20:00,5.3,,,,1.7,,180,,57,,5.1,-2.5,1012.9,,1020.4,,,9,,9,,,0,0,,,1075,,,2.2,,,,,
146,傈林,2026-01-18 21:00,3.9,,,,2.5,,340,,63,,5.1,-2.5,1013.8,,1021.4,,,9,,9,,,9,9,Sc,10,1022,,,2,,,,,
146,傈林,2026-01-18 22:00,3.9,,,,0,,0,,63,,5.1,-2.5,1014.3,,1021.9,,,9,,9,,,7,7,,29,974,,40,2.4,,,,,
146,傈林,2026-01-18 23:00,3.9,,,,.3,,0,,63,,5.1,-2.5,1014.2,,1021.8,,,9,,9,,,9,8,,27,957,,40,2.4,,,,,
146,傈林,2026-01-19 00:00,3.3,,,,.4,,0,,67,,5.2,-2.2,1014,,1021.6,,,9,,9,,,9,9,Ac,,868,,40,2.1,,,,,
146,傈林,2026-01-19 01:00,3.3,,,,1.6,,320,,65,,5,-2.6,1014.6,,1022.2,,,9,,9,,,10,10,,26,872,,40,2.5,,,,,
146,傈林,2026-01-19 02:00,3.2,,,,1.5,,320,,61,,4.7,-3.6,1014.7,,1022.3,,,9,,9,,,10,7,,26,999,,40,2.4,,,,,
146,傈林,2026-01-19 03:00,3,,,,1.6,,320,,58,,4.4,-4.4,1015,,1022.6,,,9,,9,,,9,9,Ac,30,1132,,40,2.3,,,,,
146,傈林,2026-01-19 04:00,3,,,,2.4,,320,,56,,4.2,-4.9,1014.9,,1022.5,,,9,,9,,,8,8,Ac,30,1392,,,2.1,,,,,
146,傈林,2026-01-19 05:00,2.6,,,,2.8,,320,,62,,4.6,-3.9,1014.8,,1022.4,,,9,,9,,,9,9,Sc,10,1552,,,2.1,,,,,
146,傈林,2026-01-19 06:00,2.4,,,9,2.8,,320,,68,,4.9,-2.9,1015.2,,1022.8,,,9,,9,,,10,7,ScAs,10,1520,,05,2.1,,,,,
146,傈林,2026-01-19 07:00,2.2,,,9,2,,320,,73,,5.2,-2.1,1015.5,,1023.1,,,9,,9,,,10,5,ScAs,10,1464,,05,2.1,,,,,
146,傈林,2026-01-19 08:00,1.3,,,9,2.8,,320,,83,,5.6,-1.2,1016.3,,1023.9,,0,,0,,,,10,7,ScAs,4,890,,05,1.7,,,,,
146,傈林,2026-01-19 09:00,.1,,.3,,4.2,,320,,90,,5.6,-1.3,1017,,1024.7,,0,,.03,,,,10,6,ScAs,4,242,,05,1,,,,,
146,傈林,2026-01-19 10:00,-.1,,,9,3.5,,320,,89,,5.4,-1.7,1017,,1024.7,,0,,.21,,.4,,10,7,ScAs,4,370,,05,1.9,,,,,
146,傈林,2026-01-19 11:00,-.2,,,9,3.3,,320,,84,,5.1,-2.5,1017.3,,1025,,0,,.32,,,,10,5,ScAs,3,666,,05,2.2,,,,,
146,傈林,2026-01-19 12:00,.6,,.3,,2.9,,290,,82,,5.2,-2.1,1017.1,,1024.8,,0,,.28,,,.4,10,7,ScAs,5,1159,,05,2.9,,,,,
146,傈林,2026-01-19 13:00,1.5,,,9,4.4,,250,,62,,4.2,-5,1015.9,,1023.5,,.4,,1.02,,,,9,3,ScAs,9,2070,,,4.7,,,,,
146,傈林,2026-01-19 14:00,1,,,9,3.2,,320,,63,,4.2,-5.2,1015.5,,1023.2,,.5,,1.16,,,,9,4,ScCi,10,2119,,,3.6,,,,,
146,傈林,2026-01-19 15:00,1.1,,,9,3.7,,270,,59,,3.9,-6,1015.7,,1023.3,,0,,.66,,,,9,2,ScCi,10,1997,,,4.4,,,,,
146,傈林,2026-01-19 16:00,.3,,,9,5.4,,270,,55,,3.4,-7.7,1016.7,,1024.4,,.2,,.71,,,,9,2,ScCi,12,3127,,,2.3,,,,,
146,傈林,2026-01-19 17:00,-.8,,,9,5.7,,270,,53,,3,-9.2,1017.4,,1025.1,,0,,.31,,,,9,1,ScCi,10,3838,,,.7,,,,,
146,傈林,2026-01-19 18:00,-1.7,,,9,4.1,,320,,51,,2.8,-10.5,1017.4,,1025.1,,0,,.05,,,,9,0,Ci,,3365,,,-.1,,,,,
146,傈林,2026-01-19 19:00,-2.6,,,9,3.9,,320,,48,,2.4,-12.1,1018.9,,1026.7,,,9,,9,,,10,5,,54,4072,,,-.9,,,,,
146,傈林,2026-01-19 20:00,-3.5,,,9,4.1,,320,,48,,2.3,-12.9,1019.1,,1026.9,,,9,,9,,,8,0,,,4537,,,-1.7,,,,,
146,傈林,2026-01-19 21:00,-4.2,,,9,4.6,,320,,53,,2.4,-12.3,1019.6,,1027.4,,,9,,9,,,8,0,Ci,,3512,,,-2.2,,,,,
146,傈林,2026-01-19 22:00,-4.7,,,9,3.4,,320,,57,,2.5,-11.9,1019.6,,1027.4,,,9,,9,,,9,1,,,3249,,,-2.2,,,,,
146,傈林,2026-01-19 23:00,-5.3,,,9,4.5,,320,,58,,2.4,-12.2,1019.5,,1027.4,,,9,,9,,,9,2,,,4125,,,-2.8,,,,,
146,傈林,2026-01-20 00:00,-6.1,,,9,3.5,,320,,64,,2.5,-11.8,1020.1,,1028,,,9,,9,,,6,0,,,3670,,,-3.1,,,,,
146,傈林,2026-01-20 01:00,-6.6,,,,3.3,,340,,67,,2.5,-11.7,1020.4,,1028.3,,,9,,9,,,10,9,,43,3361,,,-3.3,,,,,
146,傈林,2026-01-20 02:00,-6.8,,,,3.7,,340,,62,,2.3,-12.8,1020.5,,1028.4,,,9,,9,,,10,5,,41,3620,,,-3.1,,,,,
146,傈林,2026-01-20 03:00,-7.3,,,,2.7,,320,,55,,1.9,-14.8,1021.1,,1029,,,9,,9,,,10,10,As,30,4224,,,-3.4,,,,,
146,傈林,2026-01-20 04:00,-7.5,,,,4.1,,320,,53,,1.8,-15.4,1020.9,,1028.8,,,9,,9,,,10,10,As,30,4032,,,-3.5,,,,,
146,傈林,2026-01-20 05:00,-7.7,,,,4.1,,340,,56,,1.9,-14.9,1020.8,,1028.7,,,9,,9,,,10,10,As,32,4029,,,-3.8,,,,,
146,傈林,2026-01-20 06:00,-8.2,,,,3.5,,340,,57,,1.9,-15.2,1020.8,,1028.8,,,9,,9,,,9,0,Ci,,4456,,,-4.6,,,,,
146,傈林,2026-01-20 07:00,-8.7,,,,3,,320,,61,,1.9,-14.8,1021,,1029,,,9,,9,,,9,0,Ci,,3565,,,-5,,,,,
146,傈林,2026-01-20 08:00,-9,,,,3.1,,340,,63,,2,-14.7,1021.6,,1029.6,,0,,0,,,,6,0,Ci,,3685,,,-5.2,,,,,
146,傈林,2026-01-20 09:00,-8,,,,3.2,,340,,58,,1.9,-14.8,1021.8,,1029.8,,.5,,.29,,,,8,0,Ci,,3864,,,-4.2,,,,,
146,傈林,2026-01-20 10:00,-6.7,,,,2.4,,340,,53,,2,-14.7,1022,,1029.9,,1,,1,,,,7,0,Ci,,3761,,,-2.7,,,,,
146,傈林,2026-01-20 11:00,-5.3,,,,2.3,,320,,47,,1.9,-14.8,1021.8,,1029.7,,1,,1.46,,,,6,0,Ci,,3781,,,-.3,,,,,
146,傈林,2026-01-20 12:00,-4.6,,,,2.6,,340,,42,,1.8,-15.5,1021.2,,1029.1,,1,,1.6,,,,7,0,Ci,,3892,,,.4,,,,,
146,傈林,2026-01-20 13:00,-2.6,,,,2.2,,290,,37,,1.9,-15.3,1020,,1027.8,,1,,2,,,,4,0,Ci,,3837,,,1.6,,,,,
146,傈林,2026-01-20 14:00,-2.2,,,,3.1,,320,,33,,1.7,-16.3,1019.2,,1027,,1,,2.07,,,,0,0,,,3661,,,1.7,,,,,
146,傈林,2026-01-20 15:00,-1.5,,,,2.9,,320,,33,,1.8,-15.7,1018.7,,1026.4,,1,,1.82,,,,0,0,,,3943,,,1.3,,,,,
146,傈林,2026-01-20 16:00,-1.2,,,,3.8,,320,,32,,1.8,-15.8,1018.7,,1026.4,,1,,1.33,,,,0,0,,,4354,,,.5,,,,,
146,傈林,2026-01-20 17:00,-1.4,,,,2.3,,320,,33,,1.8,-15.6,1018.7,,1026.4,,1,,.68,,,,0,0,,,4393,,,-.3,,,,,
146,傈林,2026-01-20 18:00,-3.1,,,,1.3,,340,,37,,1.8,-15.7,1018.9,,1026.7,,.6,,.12,,,,0,0,,,4645,,,-1.4,,,,,
146,傈林,2026-01-20 19:00,-3.2,,,,1.9,,290,,41,,2,-14.6,1019.5,,1027.3,,,9,,9,,,0,0,,,4323,,,-2.1,,,,,
146,傈林,2026-01-20 20:00,-4.3,,,,2.5,,320,,46,,2,-14.2,1020.1,,1027.9,,,9,,9,,,0,0,,,4401,,,-2.6,,,,,
146,傈林,2026-01-20 21:00,-5.1,,,,2.6,,320,,52,,2.2,-13.4,1020.6,,1028.5,,,9,,9,,,0,0,,,4242,,,-3.1,,,,,
146,傈林,2026-01-20 22:00,-6,,,,2.9,,340,,57,,2.2,-13.1,1020.6,,1028.5,,,9,,9,,,0,0,,,4382,,,-3.5,,,,,
146,傈林,2026-01-20 23:00,-6.7,,,,2.7,,340,,60,,2.2,-13.1,1021.1,,1029,,,9,,9,,,0,0,,,3684,,,-3.9,,,,,
146,傈林,2026-01-21 00:00,-7.7,,,,1.4,,50,,63,,2.2,-13.5,1020.9,,1028.9,,,9,,9,,,0,0,,,3711,,,-4.2,,,,,
146,傈林,2026-01-21 01:00,-7.3,,,,.2,,0,,61,,2.2,-13.5,1020.8,,1028.7,,,9,,9,,,0,0,,,4403,,,-4.4,,,,,
146,傈林,2026-01-21 02:00,-7.9,,,,0,,0,,67,,2.3,-12.9,1021.4,,1029.4,,,9,,9,,,0,0,,,3602,,,-4.7,,,,,
146,傈林,2026-01-21 03:00,-8.3,,,,1.9,,320,,75,,2.5,-11.9,1021.7,,1029.7,,,9,,9,,,4,4,Sc,9,3463,,,-5,,,,,
146,傈林,2026-01-21 04:00,-8.8,,,,1.3,,20,,75,,2.4,-12.4,1021.4,,1029.4,,,9,,9,,,4,4,Sc,9,3056,,,-5.3,,,,,
146,傈林,2026-01-21 05:00,-8.7,,,,1.7,,50,,74,,2.3,-12.5,1020.7,,1028.7,,,9,,9,,,5,5,Sc,9,3354,,,-5.5,,,,,
146,傈林,2026-01-21 06:00,-8.3,,,,1.5,,70,,73,,2.4,-12.2,1019.9,,1027.9,,,9,,9,,,7,7,Sc,10,3534,,,-5.3,,,,,
146,傈林,2026-01-21 07:00,-8.5,,,9,1.5,,50,,73,,2.4,-12.4,1019.8,,1027.8,,,9,,9,,,2,2,Sc,10,3725,,,-5.6,,,,,
146,傈林,2026-01-21 08:00,-8.1,,,9,1.9,,20,,73,,2.4,-12,1020.2,,1028.2,,0,,.01,,,,2,2,Sc,10,3258,,05,-5.1,,,,,
146,傈林,2026-01-21 09:00,-7.1,,0,,3.3,,20,,71,,2.6,-11.4,1020.8,,1028.7,,.7,,.33,,,,2,2,Sc,7,2702,,05,-4.4,,,,,
146,傈林,2026-01-21 10:00,-5.8,,,9,2.9,,340,,67,,2.7,-10.9,1021.2,,1029.1,,1,,.97,,,,1,1,Sc,10,2953,,05,-3.5,,,,,
146,傈林,2026-01-21 11:00,-4.7,,,9,3.9,,320,,56,,2.4,-12.1,1021.3,,1029.2,,1,,1.59,,,,2,2,Sc,9,3747,,,-1.1,,,,,
146,傈林,2026-01-21 12:00,-3.5,,0,,3.4,,320,,43,,2,-14.3,1020.6,,1028.4,,1,,1.96,,,,2,2,Sc,11,3726,,,.9,,,,,
146,傈林,2026-01-21 13:00,-3,,,9,5.4,,320,,39,,1.9,-15,1019.6,,1027.4,,1,,2.19,,,,1,1,Sc,10,4374,,,1.5,,,,,
146,傈林,2026-01-21 14:00,-2.1,,,9,5.3,,270,,39,,2,-14.2,1019.2,,1027,,1,,2.2,,,,2,2,Sc,10,4378,,,2.2,,,,,
146,傈林,2026-01-21 15:00,-2.2,,,9,5.3,,270,,40,,2.1,-14,1019.3,,1027.1,,.9,,1.76,,,,2,2,Sc,11,4325,,,1.4,,,,,
146,傈林,2026-01-21 16:00,-2.5,,,9,4.6,,290,,41,,2.1,-13.9,1019.7,,1027.5,,1,,1.41,,,,1,1,Sc,10,4555,,,0,,,,,
146,傈林,2026-01-21 17:00,-3.8,,,9,4.6,,270,,46,,2.1,-13.7,1020.1,,1027.9,,1,,.73,,,,0,0,,,4974,,,-1.4,,,,,
146,傈林,2026-01-21 18:00,-5.5,,,9,4.8,,270,,53,,2.2,-13.5,1020.6,,1028.5,,.6,,.14,,,,0,0,,,4939,,,-2.7,,,,,
146,傈林,2026-01-21 19:00,-6.3,,,9,2.3,,290,,60,,2.3,-12.8,1021.5,,1029.4,,,9,,9,,,0,0,,,4416,,,-3.4,,,,,
146,傈林,2026-01-21 20:00,-6.4,,,9,3,,320,,58,,2.2,-13.3,1022.1,,1030,,,9,,9,,,0,0,,,4762,,,-4.1,,,,,
146,傈林,2026-01-21 21:00,-7.6,,,9,1.9,,320,,62,,2.1,-13.6,1022.4,,1030.4,,,9,,9,,,0,0,,,3578,,,-4.6,,,,,
146,傈林,2026-01-21 22:00,-7.6,,,9,2.1,,340,,61,,2.1,-13.8,1022.4,,1030.4,,,9,,9,,,0,0,,,4651,,,-4.9,,,,,
146,傈林,2026-01-21 23:00,-7.9,,,9,1.5,,50,,62,,2.1,-13.9,1022.1,,1030.1,,,9,,9,,,8,4,,11,4636,,,-4.8,,,,,
146,傈林,2026-01-22 00:00,-7.4,,,9,3.5,,50,,61,,2.1,-13.6,1021.8,,1029.7,,,9,,9,,,1,1,Sc,10,4632,,,-5.4,,,,,
146,傈林,2026-01-22 01:00,-8,,,,2.5,,20,,65,,2.2,-13.4,1022,,1030,,,9,,9,,,9,4,,10,3513,,,-5.4,,,,,
146,傈林,2026-01-22 02:00,-8.2,,,,2.2,,20,,66,,2.2,-13.4,1022,,1030,,,9,,9,,,0,0,,,4510,,,-5.9,,,,,
146,傈林,2026-01-22 03:00,-8.3,,,,2.5,,20,,66,,2.2,-13.5,1021.8,,1029.8,,,9,,9,,,1,1,Sc,10,4561,,,-6.2,,,,,
146,傈林,2026-01-22 04:00,-8.9,,,,2.7,,50,,69,,2.2,-13.5,1021.9,,1029.9,,,9,,9,,,1,1,Sc,10,4424,,,-6.5,,,,,
146,傈林,2026-01-22 05:00,-9.5,,,,2.2,,20,,70,,2.1,-13.9,1021.8,,1029.8,,,9,,9,,,0,0,,,4441,,,-6.7,,,,,
146,傈林,2026-01-22 06:00,-9.6,,,,2.5,,20,,71,,2.1,-13.8,1022,,1030,,,9,,9,,,0,0,,,4310,,,-7,,,,,
146,傈林,2026-01-22 07:00,-9.7,,,,2.4,,50,,73,,2.1,-13.6,1022.6,,1030.6,,,9,,9,,,0,0,,,3576,,,-7.1,,,,,
146,傈林,2026-01-22 08:00,-10.3,,,,2.1,,50,,76,,2.1,-13.7,1023.3,,1031.3,,0,,.01,,,,0,0,,,3546,,,-7.2,,,,,
146,傈林,2026-01-22 09:00,-8.7,,,,2.7,,320,,66,,2.1,-13.9,1023.8,,1031.8,,.8,,.39,,,,0,0,,,3933,,,-6.4,,,,,
146,傈林,2026-01-22 10:00,-7.4,,,,2.8,,20,,59,,2.1,-14,1024.3,,1032.3,,1,,1.08,,,,0,0,,,4279,,,-4.7,,,,,
146,傈林,2026-01-22 11:00,-6.4,,,,2.3,,20,,51,,1.9,-14.8,1024,,1031.9,,1,,1.65,,,,0,0,,,4445,,,-1.5,,,,,
146,傈林,2026-01-22 12:00,-5.1,,,,2.1,,290,,45,,1.9,-15.2,1023.3,,1031.2,,1,,2.03,,,,0,0,,,4407,,,1.1,,,,,
146,傈林,2026-01-22 13:00,-3.3,,,,2.8,,20,,42,,2,-14.4,1021.9,,1029.7,,1,,2.2,,,,1,1,Sc,14,4586,,,2.7,,,,,
146,傈林,2026-01-22 14:00,-2.1,,,,3.1,,340,,40,,2.1,-13.9,1021.2,,1029,,1,,2.12,,,,2,2,Sc,12,4761,,,2.9,,,,,
146,傈林,2026-01-22 15:00,-1.1,,,,2.7,,20,,36,,2,-14.3,1020.4,,1028.1,,1,,1.85,,,,2,2,Sc,13,4502,,,3.1,,,,,
146,傈林,2026-01-22 16:00,-1.1,,,,4.3,,290,,40,,2.3,-13,1020.2,,1027.9,,1,,1.29,,,,1,1,Sc,13,4454,,,.5,,,,,
146,傈林,2026-01-22 17:00,-1.5,,,,4.7,,290,,45,,2.5,-11.9,1020.3,,1028.1,,1,,.7,,,,0,0,,,4268,,,-.8,,,,,
146,傈林,2026-01-22 18:00,-3.5,,,,4.2,,270,,57,,2.7,-10.8,1020.3,,1028.1,,.6,,.13,,,,1,1,Sc,11,4462,,,-1.9,,,,,
146,傈林,2026-01-22 19:00,-4.2,,,,3.7,,270,,61,,2.7,-10.6,1020.7,,1028.5,,,9,,9,,,0,0,,,4399,,,-2.5,,,,,
146,傈林,2026-01-22 20:00,-4.9,,,,2.5,,320,,67,,2.9,-10,1021.1,,1029,,,9,,9,,,0,0,,,3103,,,-3.1,,,,,
146,傈林,2026-01-22 21:00,-5.8,,,,2,,320,,66,,2.6,-11.1,1021.3,,1029.2,,,9,,9,,,0,0,,,3325,,,-3.8,,,,,
146,傈林,2026-01-22 22:00,-6.3,,,,1.5,,50,,64,,2.4,-12,1021.3,,1029.2,,,9,,9,,,0,0,,,4239,,,-4.4,,,,,
146,傈林,2026-01-22 23:00,-5.9,,,,1.5,,140,,64,,2.5,-11.6,1021.2,,1029.1,,,9,,9,,,0,0,,,3849,,,-4.5,,,,,
146,傈林,2026-01-23 00:00,-6.1,,,,1.8,,140,,66,,2.6,-11.4,1021.1,,1029,,,9,,9,,,5,5,Sc,,3865,,,-4.3,,,,,
146,傈林,2026-01-23 01:00,-6.2,,,9,1.8,,110,,68,,2.6,-11.1,1021.1,,1029,,,9,,9,,,3,3,Sc,12,3840,,08,-4.6,,,,,
146,傈林,2026-01-23 02:00,-6.6,,,9,.8,,140,,70,,2.6,-11.1,1021.3,,1029.2,,,9,,9,,,8,4,,10,3632,,,-4.6,,,,,
146,傈林,2026-01-23 03:00,-7.1,,0,,1.9,,140,,73,,2.6,-11.1,1021.1,,1029,,,9,,9,,,0,0,,,3622,,,-5.3,,,,,
146,傈林,2026-01-23 04:00,-7.6,,,9,1.8,,140,,76,,2.6,-11.1,1020.7,,1028.6,,,9,,9,,,0,0,,,3422,,,-5.6,,,,,
146,傈林,2026-01-23 05:00,-7.3,,,9,2.1,,140,,77,,2.7,-10.6,1020.4,,1028.3,,,9,,9,,,7,7,Sc,11,3279,,,-5.1,,,,,
146,傈林,2026-01-23 06:00,-6.9,,,9,1.2,,90,,76,,2.8,-10.4,1020.8,,1028.7,,,9,,9,,,8,8,Sc,12,3571,,,-4.9,,,,,
146,傈林,2026-01-23 07:00,-6.4,,,9,1,,140,,74,,2.8,-10.2,1021.1,,1029,,,9,,9,,,9,9,Sc,12,3506,,,-4,,,,,
146,傈林,2026-01-23 08:00,-6.2,,,9,.8,,110,,74,,2.9,-10,1021.1,,1029,,0,,.01,,,,8,8,Sc,10,3091,,08,-3.8,,,,,
146,傈林,2026-01-23 09:00,-4.6,,0,,1.2,,140,,71,,3.1,-9,1021,,1028.9,,.6,,.29,,,,4,4,Sc,10,3536,,08,-3.5,,,,,
146,傈林,2026-01-23 10:00,-1.6,,,9,1.1,,140,,61,,3.3,-8.1,1021.2,,1029,,1,,.92,,,,1,1,Sc,11,2919,,,-2,,,,,
146,傈林,2026-01-23 11:00,-.9,,,9,1.7,,20,,48,,2.8,-10.5,1021,,1028.7,,1,,1.48,,,,1,1,Sc,10,4114,,,.6,,,,,
146,傈林,2026-01-23 12:00,.3,,,9,2.3,,20,,47,,2.9,-9.7,1020.2,,1027.9,,1,,1.87,,,,0,0,,,3224,,,3.1,,,,,
146,傈林,2026-01-23 13:00,.9,,,9,.8,,50,,46,,3,-9.4,1019.4,,1027.1,,.5,,1.66,,,,8,2,ScAs,12,2982,,,3.5,,,,,
146,傈林,2026-01-23 14:00,1.4,,,9,.8,,340,,45,,3,-9.2,1018.7,,1026.4,,.5,,1.43,,,,9,7,ScAs,10,2350,,,2.9,,,,,
146,傈林,2026-01-23 15:00,1.6,,,9,.8,,250,,46,,3.2,-8.7,1018.1,,1025.8,,0,,.62,,,,10,9,ScAs,8,2236,,,1.9,,,,,
146,傈林,2026-01-23 16:00,.8,,,9,1.3,,340,,51,,3.3,-8.2,1017.8,,1025.5,,0,,.16,,,,10,9,ScAs,10,1996,,,.5,,,,,
146,傈林,2026-01-23 17:00,.6,,,9,1.2,,230,,57,,3.6,-6.9,1017.8,,1025.5,,0,,.09,,,,10,8,ScAs,10,2142,,,.2,,,,,
146,傈林,2026-01-23 18:00,-.3,,,9,1.1,,250,,64,,3.8,-6.2,1017.4,,1025.1,,0,,.03,,,,8,8,Sc,9,1889,,,-.6,,,,,
146,傈林,2026-01-23 19:00,-.4,,,9,1.6,,230,,72,,4.3,-4.8,1017.9,,1025.6,,,9,,9,,,9,9,Sc,10,1634,,05,-.7,,,,,
146,傈林,2026-01-23 20:00,-1.1,,,9,.2,,0,,74,,4.2,-5.1,1018,,1025.7,,,9,,9,,,5,5,Sc,10,1471,,05,-1.3,,,,,
146,傈林,2026-01-23 21:00,-1.6,,0,,1.1,,90,,76,,4.2,-5.2,1018,,1025.7,,,9,,9,,,2,2,Sc,10,1299,,,-1.8,,,,,
146,傈林,2026-01-23 22:00,-2,,,9,1.6,,110,,79,,4.2,-5.1,1017.8,,1025.6,,,9,,9,,,3,3,,10,1154,,,-1.9,,,,,
146,傈林,2026-01-23 23:00,-2,,,9,1.2,,110,,81,,4.3,-4.8,1017.6,,1025.4,,,9,,9,,,3,3,Sc,10,1069,,05,-2.1,,,,,
146,傈林,2026-01-24 00:00,-2.6,,0,,1.5,,140,,83,,4.2,-5,1016.9,,1024.7,,,9,,9,,,3,3,Sc,,912,,19,-2.5,,,,,
146,傈林,2026-01-24 01:00,-2.4,,,,1.7,,140,,85,,4.4,-4.5,1016.4,,1024.2,,,9,,9,,,0,0,,,800,,19,-2.6,,,,,
146,傈林,2026-01-24 02:00,-1.9,,,,1.3,,140,,82,,4.4,-4.5,1016.4,,1024.1,,,9,,9,,,8,7,,13,891,,19,-2.1,,,,,
146,傈林,2026-01-24 03:00,-.6,,0,,4.3,,290,,84,,4.9,-2.9,1016.6,,1024.3,,,9,,9,,,9,9,Sc,5,249,,1905,-1.2,,,,,
146,傈林,2026-01-24 04:00,-.9,,,9,2.7,,270,,89,,5.1,-2.4,1016.5,,1024.2,,,9,,9,.4,,9,9,Sc,5,278,,1905,-1,,,,,
146,傈林,2026-01-24 05:00,-1,,,9,2.4,,320,,90,,5.1,-2.4,1017,,1024.7,,,9,,9,.4,,9,9,Sc,5,254,,1905,-.9,,,,,
146,傈林,2026-01-24 06:00,-2.5,,.1,,3.8,,320,,77,,3.9,-5.9,1017.9,,1025.7,,,9,,9,.4,.4,7,7,Sc,5,1335,,19,-1.2,,,,,
146,傈林,2026-01-24 07:00,-4.3,,,9,2.2,,340,,76,,3.4,-7.9,1018.6,,1026.4,,,9,,9,.4,,3,3,Sc,10,1536,,,-2.3,,,,,
146,傈林,2026-01-24 08:00,-4.7,,,9,1.6,,50,,70,,3,-9.3,1019.4,,1027.2,,0,,.01,,.4,,2,2,Sc,10,2207,,,-2.9,,,,,
146,傈林,2026-01-24 09:00,-3.2,,,9,2.1,,50,,62,,3,-9.4,1020.1,,1027.9,,.8,,.39,,.3,,0,0,,,2462,,,-2.7,,,,,
146,傈林,2026-01-24 10:00,-2.4,,,9,1.8,,320,,55,,2.8,-10.2,1020.5,,1028.3,,1,,1.05,,.2,,0,0,,,2779,,,-1.7,,,,,
146,傈林,2026-01-24 11:00,-1.7,,,9,3,,320,,53,,2.9,-10,1021.2,,1029,,1,,1.63,,,,0,0,,,2874,,,0,,,,,
146,傈林,2026-01-24 12:00,-.7,,,9,3.6,,320,,43,,2.5,-11.7,1021.1,,1028.8,,1,,2.01,,,,1,1,Sc,14,4026,,,1.9,,,,,
146,傈林,2026-01-24 13:00,.1,,,9,3.3,,320,,39,,2.4,-12.2,1020.3,,1028,,1,,2.17,,,,1,1,Sc,14,3677,,,3.9,,,,,
146,傈林,2026-01-24 14:00,.3,,,9,4.8,,320,,35,,2.2,-13.4,1019.6,,1027.3,,1,,2.1,,,,2,2,Sc,13,4569,,,4,,,,,
146,傈林,2026-01-24 15:00,.4,,,9,3.3,,320,,41,,2.6,-11.3,1018.9,,1026.6,,.8,,1.41,,,,4,4,Sc,13,4568,,,1.5,,,,,
146,傈林,2026-01-24 16:00,.9,,,9,4,,320,,40,,2.6,-11.2,1018.3,,1026,,.8,,1.18,,,,1,1,Sc,14,4294,,,1.8,,,,,
146,傈林,2026-01-24 17:00,0,,,9,3.9,,290,,40,,2.4,-12,1018.5,,1026.2,,1,,.72,,,,0,0,,,4419,,,-.4,,,,,
146,傈林,2026-01-24 18:00,-1.3,,,9,4.7,,270,,50,,2.8,-10.4,1019.2,,1026.9,,.6,,.14,,,,0,0,,,4504,,,-1.1,,,,,
146,傈林,2026-01-24 19:00,-2.3,,,9,2.8,,270,,58,,3,-9.4,1020.2,,1028,,,9,,9,,,0,0,,,3959,,,-1.6,,,,,
146,傈林,2026-01-24 20:00,-2.8,,,9,2.6,,270,,57,,2.8,-10.1,1020.9,,1028.7,,,9,,9,,,0,0,,,3779,,,-1.9,,,,,
146,傈林,2026-01-24 21:00,-3.7,,,9,.7,,250,,61,,2.8,-10.1,1021.2,,1029,,,9,,9,,,0,0,,,4019,,,-2.4,,,,,
146,傈林,2026-01-24 22:00,-3.9,,,9,.1,,0,,64,,2.9,-9.7,1021.1,,1028.9,,,9,,9,,,0,0,,,3800,,,-2.8,,,,,
146,傈林,2026-01-24 23:00,-4.1,,,9,1.4,,140,,66,,3,-9.5,1021,,1028.8,,,9,,9,,,2,2,,11,3418,,,-2.9,,,,,
146,傈林,2026-01-25 00:00,-3.8,,,9,.8,,200,,66,,3,-9.2,1021.2,,1029,,,9,,9,,,9,9,Sc,10,3532,,,-2.2,,,,,
146,傈林,2026-01-25 01:00,-3.7,,,9,.3,,0,,65,,3,-9.3,1021.5,,1029.3,,,9,,9,,,9,9,Sc,9,3334,,05,-1.9,,,,,
146,傈林,2026-01-25 02:00,-4.5,,,9,1.2,,20,,69,,3,-9.3,1021.8,,1029.7,,,9,,9,,,7,7,Sc,15,3038,,05,-2.9,,,,,
146,傈林,2026-01-25 03:00,-5.2,,0,,1.8,,340,,75,,3.1,-8.9,1022.6,,1030.5,,,9,,9,,,0,0,,,2872,,,-3.8,,,,,
146,傈林,2026-01-25 04:00,-5.1,,,9,1.8,,360,,75,,3.1,-8.8,1022.8,,1030.7,,,9,,9,,,0,0,,,1702,,,-4.3,,,,,
146,傈林,2026-01-25 05:00,-5.1,,,9,2.2,,50,,69,,2.9,-9.9,1023.1,,1031,,,9,,9,,,0,0,,,3467,,,-4.6,,,,,
146,傈林,2026-01-25 06:00,-5.9,,,9,1.3,,70,,65,,2.6,-11.4,1023.1,,1031,,,9,,9,,,0,0,,,4118,,,-5,,,,,
146,傈林,2026-01-25 07:00,-5.9,,,9,1.5,,90,,60,,2.4,-12.4,1022.9,,1030.8,,,9,,9,,,0,0,,,4351,,,-5.3,,,,,
146,傈林,2026-01-25 08:00,-5.9,,,9,1,,50,,57,,2.3,-13,1022.9,,1030.8,,0,,.01,,,,0,0,,,4523,,,-5.3,,,,,
146,傈林,2026-01-25 09:00,-3.9,,,9,.2,,0,,58,,2.7,-10.9,1023.3,,1031.2,,.8,,.41,,,,0,0,,,3950,,,-4.3,,,,,
146,傈林,2026-01-25 10:00,-2.5,,,9,1.8,,360,,52,,2.6,-11,1023.7,,1031.5,,1,,1.07,,,,0,0,,,4571,,,-2.5,,,,,
146,傈林,2026-01-25 11:00,-1.8,,,9,2.9,,290,,43,,2.3,-12.7,1024.1,,1031.9,,1,,1.66,,,,0,0,,,4148,,,.3,,,,,
146,傈林,2026-01-25 12:00,-.3,,,9,3.1,,320,,39,,2.3,-12.6,1024.1,,1031.9,,1,,2.04,,,,0,0,,,4334,,,2.9,,,,,
146,傈林,2026-01-25 13:00,.5,,,9,2.6,,320,,35,,2.2,-13.2,1023.4,,1031.1,,1,,2.21,,,,1,0,Ci,,3689,,,4.4,,,,,
146,傈林,2026-01-25 14:00,1.4,,,9,3.5,,290,,30,,2,-14.3,1022.7,,1030.4,,1,,2.17,,,,2,0,Ci,,4634,,,5.2,,,,,
146,傈林,2026-01-25 15:00,1.4,,,9,3.5,,270,,29,,2,-14.7,1022.4,,1030.1,,1,,1.87,,,,3,0,Ci,,4610,,,3.9,,,,,
146,傈林,2026-01-25 16:00,1.6,,,9,2.8,,270,,33,,2.3,-12.9,1022.4,,1030.1,,1,,1.36,,,,4,0,Ci,,4575,,,2.4,,,,,
146,傈林,2026-01-25 17:00,-.6,,,9,3.4,,250,,47,,2.8,-10.5,1022.7,,1030.5,,1,,.62,,,,3,0,Ci,,4779,,,-.5,,,,,
146,傈林,2026-01-25 18:00,-2.2,,,9,2.5,,250,,54,,2.8,-10.2,1023,,1030.8,,.5,,.12,,,,2,0,Ci,,4735,,,-1.3,,,,,
146,傈林,2026-01-25 19:00,-3.1,,,9,2.6,,230,,57,,2.8,-10.4,1023.6,,1031.4,,,9,,9,,,0,0,,,4714,,,-1.7,,,,,
146,傈林,2026-01-25 20:00,-3.7,,,9,2,,230,,58,,2.7,-10.7,1025,,1032.9,,,9,,9,,,0,0,,,4676,,,-2.2,,,,,
146,傈林,2026-01-25 21:00,-4.4,,,9,1.2,,230,,58,,2.6,-11.4,1023.4,,1031.3,,,9,,9,,,0,0,,,4853,,,-2.6,,,,,
146,傈林,2026-01-25 22:00,-5.2,,,9,.2,,0,,61,,2.5,-11.5,1023.4,,1031.3,,,9,,9,,,0,0,,,4886,,,-3.2,,,,,
146,傈林,2026-01-25 23:00,-5.6,,,9,.8,,250,,65,,2.6,-11.1,1023.4,,1031.3,,,9,,9,,,10,0,,,4762,,,-3.7,,,,,
146,傈林,2026-01-26 00:00,-6.5,,,9,1.2,,50,,71,,2.7,-10.8,1023,,1030.9,,,9,,9,,,2,0,Ci,,3929,,,-4.1,,,,,
146,傈林,2026-01-26 01:00,-6.4,,,,1.8,,140,,70,,2.7,-10.9,1022,,1029.9,,,9,,9,,,10,0,,,4445,,,-4.3,,,,,
146,傈林,2026-01-26 02:00,-6.8,,,,1.5,,160,,71,,2.6,-11.1,1022,,1029.9,,,9,,9,,,10,0,,,4354,,,-4.6,,,,,
146,傈林,2026-01-26 03:00,-7.1,,,,1.2,,140,,72,,2.6,-11.2,1022.3,,1030.2,,,9,,9,,,3,0,Ci,,4318,,,-4.6,,,,,
146,傈林,2026-01-26 04:00,-7.4,,,,1.2,,140,,73,,2.6,-11.4,1022.1,,1030.1,,,9,,9,,,0,0,,,4196,,,-5,,,,,
146,傈林,2026-01-26 05:00,-7.6,,,,1,,140,,75,,2.6,-11.2,1021.9,,1029.9,,,9,,9,,,0,0,,,4357,,,-5.3,,,,,
146,傈林,2026-01-26 06:00,-7.9,,,,.1,,0,,75,,2.5,-11.5,1022.3,,1030.3,,,9,,9,,,3,0,Ci,,4246,,,-5.5,,,,,
146,傈林,2026-01-26 07:00,-8.2,,,,2,,140,,78,,2.6,-11.3,1021.9,,1029.9,,,9,,9,,,2,0,Ci,,3907,,,-5.6,,,,,
146,傈林,2026-01-26 08:00,-7.9,,,,1.7,,140,,77,,2.6,-11.2,1021.2,,1029.2,,0,,.01,,,,6,0,Ci,,3908,,,-5.1,,,,,
146,傈林,2026-01-26 09:00,-5.9,,,,1.2,,160,,71,,2.8,-10.3,1021.3,,1029.2,,0,,.3,,,,5,0,Ci,,4151,,,-3.4,,,,,
146,傈林,2026-01-26 10:00,-2.9,,,,1,,270,,64,,3.2,-8.7,1021.7,,1029.5,,.9,,.88,,,,2,0,Ci,,3709,,,-2.1,,,,,
146,傈林,2026-01-26 11:00,-1.2,,,,1.2,,320,,56,,3.1,-8.8,1020.9,,1028.7,,1,,1.44,,,,6,6,Ac,35,3286,,,1,,,,,
146,傈林,2026-01-26 12:00,-1.2,,,,2,,20,,60,,3.4,-7.9,1020.6,,1028.4,,.1,,.98,,,,9,9,Ac,35,2607,,,2.1,,,,,
146,傈林,2026-01-26 13:00,-.2,,,,1.7,,320,,53,,3.2,-8.6,1018.8,,1026.5,,0,,1.09,,,,9,8,AcCi,35,4070,,,3.1,,,,,
146,傈林,2026-01-26 14:00,0,,,,1.1,,340,,49,,3,-9.4,1018.1,,1025.8,,0,,.84,,,,9,9,Ac,35,3988,,,3.2,,,,,
146,傈林,2026-01-26 15:00,.6,,,,1.6,,320,,37,,2.4,-12.4,1017.2,,1024.9,,0,,.86,,,,9,8,AcCi,35,4500,,,2.8,,,,,
146,傈林,2026-01-26 16:00,.6,,,,2,,270,,42,,2.7,-10.8,1016.9,,1024.6,,0,,.58,,,,9,9,Ac,35,4002,,,2.1,,,,,
146,傈林,2026-01-26 17:00,.3,,,,1.3,,290,,45,,2.8,-10.2,1016.8,,1024.5,,0,,.42,,,,7,0,Ci,,4193,,,.4,,,,,
146,傈林,2026-01-26 18:00,-.5,,,,2.1,,290,,48,,2.8,-10.1,1017.2,,1024.9,,0,,.08,,,,5,0,Ci,,3733,,,-.5,,,,,
146,傈林,2026-01-26 19:00,-1.1,,,,2.5,,290,,64,,3.6,-7,1017.5,,1025.2,,,9,,9,,,9,3,,65,3004,,,-.8,,,,,
146,傈林,2026-01-26 20:00,-1.4,,,,2.5,,270,,67,,3.7,-6.7,1018,,1025.7,,,9,,9,,,9,2,,63,2998,,,-.9,,,,,
146,傈林,2026-01-26 21:00,-1.8,,,,1,,230,,70,,3.8,-6.5,1018.2,,1026,,,9,,9,,,9,0,Ci,,2550,,,-1.1,,,,,
146,傈林,2026-01-26 22:00,-1.9,,,,1.2,,270,,71,,3.8,-6.4,1018.4,,1026.2,,,9,,9,,,10,10,,14,1499,,,-1.2,,,,,
146,傈林,2026-01-26 23:00,-2.5,,,,1.2,,340,,72,,3.7,-6.8,1018.6,,1026.4,,,9,,9,,,10,7,,14,2357,,,-1.6,,,,,
146,傈林,2026-01-27 00:00,-2.2,,,,.9,,180,,69,,3.6,-7.1,1018.3,,1026.1,,,9,,9,,,9,8,ScCi,,2520,,,-1.6,,,,,
146,傈林,2026-01-27 01:00,-1.7,,,9,1.2,,160,,66,,3.6,-7.2,1017.7,,1025.4,,,9,,9,,,9,9,Sc,9,2678,,05,-1,,,,,
146,傈林,2026-01-27 02:00,-1.8,,,9,.8,,110,,67,,3.6,-7.1,1017.6,,1025.3,,,9,,9,,,10,9,ScAs,7,2610,,05,-.9,,,,,
146,傈林,2026-01-27 03:00,-2,,0,,0,,0,,72,,3.8,-6.3,1017.8,,1025.6,,,9,,9,,,10,7,ScAs,5,2233,,05,-1.1,,,,,
146,傈林,2026-01-27 04:00,-2.4,,,9,1.4,,320,,79,,4.1,-5.5,1017.9,,1025.7,,,9,,9,,,9,9,Sc,10,1851,,,-1.3,,,,,
146,傈林,2026-01-27 05:00,-3.4,,,9,.4,,0,,82,,3.9,-6,1018,,1025.8,,,9,,9,,,0,0,,,1679,,05,-2.6,,,,,
146,傈林,2026-01-27 06:00,-3.5,,0,,.7,,90,,82,,3.9,-6.1,1018.2,,1026,,,9,,9,,,8,8,Sc,12,1543,,,-2.8,,,,,
146,傈林,2026-01-27 07:00,-3.2,,,9,.6,,160,,80,,3.9,-6.1,1018.4,,1026.2,,,9,,9,,,0,0,,,1809,,,-3.3,,,,,
146,傈林,2026-01-27 08:00,-4.5,,,9,2.5,,340,,87,,3.8,-6.3,1019.4,,1027.2,,0,,.01,,,,0,0,,,937,,19,-3.5,,,,,
146,傈林,2026-01-27 09:00,-3.1,,,9,1.3,,340,,81,,3.9,-5.9,1019.9,,1027.7,,.8,,.5,,,,0,0,,,1005,,19,-2.7,,,,,
146,傈林,2026-01-27 10:00,-1.3,,,9,2.9,,360,,62,,3.5,-7.6,1020,,1027.8,,1,,1.28,,,,1,1,Sc,10,1518,,,-1.3,,,,,
146,傈林,2026-01-27 11:00,-.2,,,9,3.4,,340,,50,,3,-9.3,1020.3,,1028,,1,,1.61,,,,0,0,,,2164,,,1,,,,,
146,傈林,2026-01-27 12:00,.7,,,9,4,,290,,42,,2.7,-10.7,1019.9,,1027.6,,1,,2.04,,,,0,0,,,2662,,,3.2,,,,,
146,傈林,2026-01-27 13:00,2,,,9,2.6,,340,,40,,2.8,-10.2,1018.9,,1026.5,,1,,2.21,,,,0,0,,,2292,,,5.4,,,,,
146,傈林,2026-01-27 14:00,2.5,,,9,3.3,,20,,37,,2.7,-10.7,1018,,1025.6,,1,,2.09,,,,0,0,,,2772,,,6.1,,,,,
146,傈林,2026-01-27 15:00,3,,,9,4.1,,270,,33,,2.5,-11.7,1017.9,,1025.5,,1,,1.86,,,,0,0,,,4502,,,4.9,,,,,
146,傈林,2026-01-27 16:00,1.6,,,9,5.8,,270,,39,,2.7,-10.8,1017.9,,1025.6,,1,,1.39,,,,0,0,,,4511,,,2.6,,,,,
146,傈林,2026-01-27 17:00,.3,,,9,5,,290,,43,,2.7,-10.8,1018.3,,1026,,1,,.75,,,,0,0,,,3961,,,-.4,,,,,
146,傈林,2026-01-27 18:00,-1.7,,,9,3.8,,270,,52,,2.8,-10.2,1018.8,,1026.6,,.7,,.17,,,,0,0,,,3510,,,-1.3,,,,,
146,傈林,2026-01-27 19:00,-2.6,,,9,3.4,,270,,55,,2.8,-10.4,1019.7,,1027.5,,,9,,9,,,0,0,,,3129,,,-1.6,,,,,
146,傈林,2026-01-27 20:00,-3.1,,,9,2.1,,270,,59,,2.9,-9.9,1020.1,,1027.9,,,9,,9,,,0,0,,,2847,,,-1.9,,,,,
146,傈林,2026-01-27 21:00,-3.6,,,9,1.5,,270,,61,,2.9,-10,1020.6,,1028.4,,,9,,9,,,0,0,,,2997,,,-2.3,,,,,
146,傈林,2026-01-27 22:00,-4.3,,,9,.6,,320,,63,,2.8,-10.3,1021,,1028.8,,,9,,9,,,0,0,,,2710,,,-2.7,,,,,
146,傈林,2026-01-27 23:00,-4.4,,,9,1.5,,340,,61,,2.7,-10.8,1021.4,,1029.3,,,9,,9,,,4,1,,63,2752,,,-2.9,,,,,
146,傈林,2026-01-28 00:00,-4.4,,,9,1.1,,320,,58,,2.6,-11.4,1021.5,,1029.4,,,9,,9,,,3,0,,,2842,,,-3.1,,,,,
146,傈林,2026-01-28 01:00,-4.9,,,,1.4,,320,,60,,2.6,-11.4,1021.2,,1029.1,,,9,,9,,,8,0,,,2859,,,-3.4,,,,,
146,傈林,2026-01-28 02:00,-5.4,,,,1.9,,340,,67,,2.8,-10.5,1021.6,,1029.5,,,9,,9,,,4,0,,,2652,,,-3.8,,,,,
146,傈林,2026-01-28 03:00,-6.2,,,,3,,340,,71,,2.7,-10.6,1022,,1029.9,,,9,,9,,,6,0,Ci,,2748,,,-3.9,,,,,
146,傈林,2026-01-28 04:00,-6.6,,,,3.2,,340,,68,,2.5,-11.5,1022.3,,1030.2,,,9,,9,,,7,0,Ci,,3168,,,-4.2,,,,,
146,傈林,2026-01-28 05:00,-7.2,,,,2.1,,340,,65,,2.3,-12.6,1022.5,,1030.4,,,9,,9,,,4,0,Ci,,2724,,,-3.9,,,,,
146,傈林,2026-01-28 06:00,-7.7,,,,1.2,,340,,59,,2,-14.3,1022.7,,1030.7,,,9,,9,,,0,0,,,3476,,,-5.1,,,,,
146,傈林,2026-01-28 07:00,-7.2,,,,1.5,,320,,56,,2,-14.5,1023.3,,1031.3,,,9,,9,,,0,0,,,2788,,,-5.4,,,,,
146,傈林,2026-01-28 08:00,-8.2,,,,.5,,50,,62,,2,-14.2,1023.5,,1031.5,,0,,.01,,,,0,0,,,3414,,,-5.5,,,,,
146,傈林,2026-01-28 09:00,-5.7,,,,1.4,,340,,56,,2.3,-13,1023.7,,1031.6,,.8,,.41,,,,0,0,,,3842,,,-4.5,,,,,
146,傈林,2026-01-28 10:00,-4.3,,,,2.8,,340,,49,,2.2,-13.4,1023.9,,1031.8,,1,,1.09,,,,0,0,,,3682,,,-2.7,,,,,
146,傈林,2026-01-28 11:00,-3.1,,,,2.4,,340,,43,,2.1,-13.9,1023.8,,1031.6,,1,,1.67,,,,0,0,,,4033,,,.5,,,,,
146,傈林,2026-01-28 12:00,-1.3,,,,3,,320,,33,,1.8,-15.5,1022.9,,1030.7,,1,,2.07,,,,0,0,,,4424,,,3.2,,,,,
146,傈林,2026-01-28 13:00,.1,,,,4.8,,290,,29,,1.8,-15.8,1021.8,,1029.5,,1,,2.27,,,,0,0,,,4342,,,4.5,,,,,
146,傈林,2026-01-28 14:00,1.2,,,,4.7,,320,,24,,1.6,-17.1,1021,,1028.7,,1,,2.22,,,,0,0,,,4540,,,3.7,,,,,
146,傈林,2026-01-28 15:00,1.3,,,,4.7,,270,,22,,1.5,-18.1,1020.9,,1028.6,,1,,1.92,,,,0,0,,,4320,,,3.3,,,,,
146,傈林,2026-01-28 16:00,1.1,,,,4.2,,340,,21,,1.4,-18.8,1021,,1028.7,,1,,1.43,,,,0,0,,,4621,,,2.2,,,,,
146,傈林,2026-01-28 17:00,.3,,,,4,,20,,24,,1.5,-17.9,1021.1,,1028.8,,1,,.75,,,,0,0,,,4732,,,-.2,,,,,
146,傈林,2026-01-28 18:00,-1,,,,3.2,,360,,29,,1.6,-16.8,1021.7,,1029.5,,.6,,.16,,,,0,0,,,4174,,,-.8,,,,,
146,傈林,2026-01-28 19:00,-2,,,,2.9,,320,,34,,1.8,-15.8,1022.3,,1030.1,,,9,,9,,,0,0,,,3896,,,-1.3,,,,,
146,傈林,2026-01-28 20:00,-2.5,,,,2.8,,340,,34,,1.7,-16.2,1022.6,,1030.4,,,9,,9,,,0,0,,,3623,,,-1.7,,,,,
146,傈林,2026-01-28 21:00,-3.4,,,,3.1,,340,,38,,1.8,-15.7,1022.8,,1030.6,,,9,,9,,,0,0,,,3720,,,-2.2,,,,,
146,傈林,2026-01-28 22:00,-4.2,,,,2.3,,340,,40,,1.8,-15.8,1023.6,,1031.5,,,9,,9,,,0,0,,,3816,,,-2.7,,,,,
146,傈林,2026-01-28 23:00,-4.7,,,,1.7,,20,,40,,1.7,-16.2,1024,,1031.9,,,9,,9,,,0,0,,,3558,,,-3.2,,,,,
146,傈林,2026-01-29 00:00,-4.9,,,,1.9,,320,,42,,1.8,-15.8,1024.1,,1032,,,9,,9,,,0,0,,,3152,,,-3.6,,,,,
146,傈林,2026-01-29 01:00,-5.4,,,,.2,,0,,42,,1.7,-16.3,1023.4,,1031.3,,,9,,9,,,0,0,,,3531,,,-3.9,,,,,
146,傈林,2026-01-29 02:00,-5.6,,,,1.2,,160,,46,,1.8,-15.4,1023.8,,1031.7,,,9,,9,,,0,0,,,3225,,,-4.1,,,,,
146,傈林,2026-01-29 03:00,-6.1,,,,2.2,,140,,48,,1.9,-15.3,1023.7,,1031.6,,,9,,9,,,0,0,,,3283,,,-4.3,,,,,
146,傈林,2026-01-29 04:00,-6.5,,,,1.8,,140,,50,,1.9,-15.2,1023.3,,1031.2,,,9,,9,,,0,0,,,3274,,,-4.5,,,,,
146,傈林,2026-01-29 05:00,-6.7,,,,1.8,,140,,52,,1.9,-14.9,1022.9,,1030.8,,,9,,9,,,0,0,,,3290,,,-4.7,,,,,
146,傈林,2026-01-29 06:00,-6.6,,,,1.4,,110,,54,,2,-14.3,1023.1,,1031,,,9,,9,,,5,5,Sc,10,3425,,,-4.1,,,,,
146,傈林,2026-01-29 07:00,-7,,,,1.7,,140,,58,,2.1,-13.8,1023.1,,1031,,,9,,9,,,3,3,Sc,10,3214,,,-4.7,,,,,
146,傈林,2026-01-29 08:00,-6.2,,,,1.6,,140,,58,,2.2,-13.1,1023.6,,1031.5,,0,,.01,,,,7,7,Sc,15,2982,,,-3.8,,,,,
146,傈林,2026-01-29 09:00,-4.8,,,,1,,110,,58,,2.5,-11.8,1024.2,,1032.1,,0,,.14,,,,9,9,Sc,10,2635,,,-2.3,,,,,
146,傈林,2026-01-29 10:00,-2.8,,,9,1.6,,140,,57,,2.8,-10.1,1024,,1031.8,,0,,.52,,,,9,9,Sc,9,2441,,05,-.6,,,,,
146,傈林,2026-01-29 11:00,-1.3,,,9,.9,,90,,62,,3.5,-7.6,1024.6,,1032.4,,0,,.65,,,,9,9,Sc,11,2076,,,.4,,,,,
146,傈林,2026-01-29 12:00,-.5,,0,,2,,20,,61,,3.6,-7.1,1024.1,,1031.9,,.1,,1.16,,,,5,5,Sc,10,2225,,,1.7,,,,,
146,傈林,2026-01-29 13:00,.5,,,9,1.6,,360,,56,,3.6,-7.2,1023.5,,1031.2,,.6,,1.72,,,,6,6,Ac,20,1935,,,2.6,,,,,
146,傈林,2026-01-29 14:00,2.1,,,9,2.7,,270,,46,,3.3,-8.3,1022.6,,1030.3,,.5,,1.67,,,,1,1,Sc,10,2510,,,4,,,,,
146,傈林,2026-01-29 15:00,2.2,,,9,4.7,,270,,46,,3.3,-8.2,1022.3,,1030,,1,,1.77,,,,2,2,Sc,10,2936,,,4.1,,,,,
146,傈林,2026-01-29 16:00,1.9,,,9,5.1,,270,,45,,3.1,-8.8,1022.6,,1030.3,,1,,1.37,,,,2,0,Ci,,3279,,,2.3,,,,,
146,傈林,2026-01-29 17:00,.7,,,9,6.1,,270,,47,,3,-9.3,1022.7,,1030.4,,1,,.77,,,,0,0,,,3591,,,-.2,,,,,
146,傈林,2026-01-29 18:00,-.9,,,9,4.4,,270,,53,,3,-9.2,1022.9,,1030.7,,.7,,.18,,,,0,0,,,4217,,,-.6,,,,,
146,傈林,2026-01-29 19:00,-1.6,,,9,4,,270,,55,,3,-9.4,1023.4,,1031.2,,,9,,9,,,0,0,,,4739,,,-1,,,,,
146,傈林,2026-01-29 20:00,-2.4,,,9,3.3,,270,,54,,2.8,-10.4,1023.7,,1031.5,,,9,,9,,,0,0,,,4856,,,-1.4,,,,,
146,傈林,2026-01-29 21:00,-2.7,,,9,2.7,,290,,53,,2.7,-10.9,1023.9,,1031.7,,,9,,9,,,0,0,,,4970,,,-1.9,,,,,
146,傈林,2026-01-29 22:00,-3.1,,,9,2.9,,270,,55,,2.7,-10.8,1024.2,,1032,,,9,,9,,,0,0,,,4864,,,-2.2,,,,,
146,傈林,2026-01-29 23:00,-3.5,,,9,2.8,,320,,56,,2.6,-11,1023.9,,1031.7,,,9,,9,,,10,1,,62,4863,,,-2.4,,,,,
146,傈林,2026-01-30 00:00,-3.6,,,9,2.7,,320,,54,,2.5,-11.5,1023.6,,1031.4,,,9,,9,,,5,0,,,4802,,,-2.7,,,,,
146,傈林,2026-01-30 01:00,-3.9,,,,2,,270,,53,,2.4,-12,1024,,1031.9,,,9,,9,,,8,1,,59,4848,,,-3.1,,,,,
146,傈林,2026-01-30 02:00,-5.5,,,,3.3,,320,,60,,2.4,-12,1024.8,,1032.7,,,9,,9,,,4,0,,,4280,,,-3.6,,,,,
146,傈林,2026-01-30 03:00,-6.3,,,,3.1,,320,,58,,2.2,-13.2,1025.3,,1033.2,,,9,,9,,,3,0,Ci,,4133,,,-3.9,,,,,
146,傈林,2026-01-30 04:00,-6.8,,,,1.6,,50,,47,,1.7,-16.2,1025,,1033,,,9,,9,,,0,0,,,4317,,,-4.5,,,,,
146,傈林,2026-01-30 05:00,-7.4,,,,1.2,,70,,46,,1.6,-17,1025.5,,1033.5,,,9,,9,,,3,0,Ci,,4415,,,-4.8,,,,,
146,傈林,2026-01-30 06:00,-7.5,,,,1.3,,90,,46,,1.6,-17.1,1025.3,,1033.3,,,9,,9,,,2,0,Ci,,4348,,,-5.2,,,,,
146,傈林,2026-01-30 07:00,-7.6,,,,.8,,110,,51,,1.8,-16,1025.3,,1033.3,,,9,,9,,,0,0,,,4038,,,-5.4,,,,,
146,傈林,2026-01-30 08:00,-7.9,,,,1.8,,140,,53,,1.8,-15.8,1025.4,,1033.4,,0,,.01,,,,3,0,Ci,,3888,,,-5.4,,,,,
146,傈林,2026-01-30 09:00,-5,,,,1.1,,110,,46,,1.9,-14.8,1025,,1032.9,,.9,,.43,,,,2,0,Ci,,3278,,,-4.5,,,,,
146,傈林,2026-01-30 10:00,-3.8,,,,1.8,,340,,47,,2.2,-13.4,1025.1,,1033,,1,,1.08,,,,5,0,Ci,,3458,,,-2.8,,,,,
146,傈林,2026-01-30 11:00,-2.5,,,,2.3,,20,,42,,2.1,-13.6,1025.4,,1033.2,,1,,1.51,,,,6,0,Ci,,3676,,,.3,,,,,
146,傈林,2026-01-30 12:00,-1.2,,,,2.2,,290,,38,,2.1,-13.7,1024.6,,1032.4,,1,,1.75,,,,7,0,Ci,,3654,,,2.2,,,,,
146,傈林,2026-01-30 13:00,-1.3,,,,3,,320,,36,,2,-14.4,1023.7,,1031.5,,.5,,1.54,,,,9,0,Ci,,3643,,,2,,,,,
146,傈林,2026-01-30 14:00,-.8,,,,2.1,,270,,37,,2.1,-13.7,1022.9,,1030.7,,.1,,1.24,,,,9,0,Ci,,4133,,,2.5,,,,,
146,傈林,2026-01-30 15:00,.6,,,,1.8,,230,,36,,2.3,-12.7,1022,,1029.7,,.6,,1.32,,,,6,0,Ci,,4210,,,3.2,,,,,
146,傈林,2026-01-30 16:00,.5,,,,3.4,,270,,36,,2.3,-12.8,1022.1,,1029.8,,1,,1.44,,,,4,0,Ci,,3640,,,2.2,,,,,
146,傈林,2026-01-30 17:00,.4,,,,2.4,,270,,35,,2.2,-13.3,1022.1,,1029.8,,1,,.79,,,,0,0,,,3999,,,-.3,,,,,
146,傈林,2026-01-30 18:00,-2,,,,3,,270,,46,,2.4,-12.1,1022.3,,1030.1,,.7,,.19,,,,0,0,,,3581,,,-.9,,,,,
146,傈林,2026-01-30 19:00,-3.2,,,,3,,270,,59,,2.9,-10,1023.2,,1031,,,9,,9,,,0,0,,,2947,,,-1.5,,,,,
146,傈林,2026-01-30 20:00,-3.9,,,,1.1,,250,,62,,2.8,-10.1,1023,,1030.9,,,9,,9,,,10,0,,,2694,,,-2,,,,,
146,傈林,2026-01-30 21:00,-4.1,,,,2,,250,,63,,2.8,-10.1,1022.7,,1030.6,,,9,,9,,,0,0,,,2450,,,-2.5,,,,,
146,傈林,2026-01-30 22:00,-4.5,,,,2,,250,,65,,2.9,-10,1023.1,,1031,,,9,,9,,,0,0,,,2413,,,-3,,,,,
146,傈林,2026-01-30 23:00,-4.7,,,,1,,200,,66,,2.9,-10,1023.1,,1031,,,9,,9,,,4,0,,,2405,,,-3.4,,,,,
146,傈林,2026-01-31 00:00,-5.7,,,,0,,0,,70,,2.8,-10.3,1022.9,,1030.8,,,9,,9,,,5,0,Ci,,2027,,,-3.8,,,,,
146,傈林,2026-01-31 01:00,-6.8,,,,.8,,340,,75,,2.8,-10.4,1023.1,,1031,,,9,,9,,,4,0,,,2016,,,-4.3,,,,,
146,傈林,2026-01-31 02:00,-7.2,,,,.5,,140,,77,,2.8,-10.5,1023,,1031,,,9,,9,,,10,2,,68,1866,,,-4.3,,,,,
146,傈林,2026-01-31 03:00,-6.6,,,,1,,230,,75,,2.8,-10.3,1022.9,,1030.8,,,9,,9,,,4,0,Ci,,1970,,,-4.2,,,,,
146,傈林,2026-01-31 04:00,-7.2,,,,.7,,110,,76,,2.7,-10.7,1023,,1031,,,9,,9,,,5,0,Ci,,1972,,,-4.7,,,,,
146,傈林,2026-01-31 05:00,-7.5,,,,1.7,,140,,76,,2.6,-11,1022.4,,1030.4,,,9,,9,,,4,0,Ci,,1849,,,-5.1,,,,,
146,傈林,2026-01-31 06:00,-7.8,,,,2,,140,,77,,2.6,-11.1,1022.1,,1030.1,,,9,,9,,,3,0,Ci,,1845,,,-5.2,,,,,
146,傈林,2026-01-31 07:00,-8.4,,,,1.4,,140,,79,,2.6,-11.3,1022,,1030,,,9,,9,,,4,0,Ci,,1711,,,-5.7,,,,,
146,傈林,2026-01-31 08:00,-8.6,,,,1.2,,320,,80,,2.6,-11.4,1022.6,,1030.6,,0,,.02,,,,4,0,Ci,,1587,,,-5.7,,,,,
146,傈林,2026-01-31 09:00,-6,,,,.1,,0,,69,,2.7,-10.7,1022.8,,1030.7,,.8,,.39,,,,0,0,,,2237,,,-4.7,,,,,
146,傈林,2026-01-31 10:00,-3.8,,,,1.9,,340,,57,,2.6,-11,1023,,1030.8,,1,,1.07,,,,0,0,,,2394,,,-3,,,,,
146,傈林,2026-01-31 11:00,-2.2,,,,2.2,,320,,47,,2.4,-12,1023.1,,1030.9,,1,,1.64,,,,0,0,,,2890,,,-.2,,,,,
146,傈林,2026-01-31 12:00,-1,,,,2.6,,320,,37,,2.1,-13.8,1022.8,,1030.6,,1,,2.03,,,,0,0,,,3328,,,2,,,,,
146,傈林,2026-01-31 13:00,1,,,,3.2,,290,,28,,1.8,-15.5,1021.8,,1029.5,,1,,2.23,,,,0,0,,,4801,,,3.8,,,,,
146,傈林,2026-01-31 14:00,1.8,,,,2.2,,270,,27,,1.9,-15.2,1020.7,,1028.4,,1,,2.2,,,,0,0,,,4158,,,4.8,,,,,
146,傈林,2026-01-31 15:00,2.6,,,,3.6,,290,,27,,2,-14.5,1020.1,,1027.7,,1,,1.9,,,,0,0,,,3925,,,4.6,,,,,
146,傈林,2026-01-31 16:00,2.9,,,,2.3,,270,,29,,2.2,-13.4,1020,,1027.6,,1,,1.41,,,,0,0,,,4144,,,3.1,,,,,
146,傈林,2026-01-31 17:00,1.9,,,,3.2,,270,,41,,2.9,-9.9,1019.9,,1027.6,,1,,.77,,,,0,0,,,3528,,,.4,,,,,
146,傈林,2026-01-31 18:00,-.3,,,,4.2,,270,,53,,3.2,-8.7,1019.9,,1027.6,,.6,,.18,,,,0,0,,,2590,,,-.5,,,,,
146,傈林,2026-01-31 19:00,-1.3,,,,4.1,,270,,64,,3.6,-7.2,1020.2,,1028,,,9,,9,,,0,0,,,2570,,,-1,,,,,
146,傈林,2026-01-31 20:00,-2,,,,3.2,,270,,66,,3.5,-7.5,1020.3,,1028.1,,,9,,9,,,0,0,,,2194,,,-1.3,,,,,
146,傈林,2026-01-31 21:00,-2.8,,,,2,,320,,69,,3.4,-7.7,1020.8,,1028.6,,,9,,9,,,0,0,,,1734,,,-1.9,,,,,
146,傈林,2026-01-31 22:00,-3.1,,,,.6,,70,,67,,3.3,-8.3,1020.9,,1028.7,,,9,,9,,,6,6,,14,1559,,,-2.1,,,,,
146,傈林,2026-01-31 23:00,-3,,,,1,,230,,68,,3.3,-8,1021,,1028.8,,,9,,9,,,0,0,,,1452,,,-2.5,,,,,
146,傈林,2026-02-01 00:00,-3.6,,,,1.6,,180,,70,,3.3,-8.2,1020.9,,1028.7,,,9,,9,,,0,0,,,1476,,,-2.9,,,,,
146,傈林,2026-02-01 01:00,-3.3,,,,1.4,,110,,69,,3.3,-8.1,1020.2,,1028,,,9,,9,,,9,6,,17,1362,,,-1.9,,,,,
146,傈林,2026-02-01 02:00,-3.6,,,,1.7,,140,,68,,3.2,-8.6,1019.9,,1027.7,,,9,,9,,,7,2,,8,1313,,,-2.5,,,,,
146,傈林,2026-02-01 03:00,-3,,0,,1.2,,140,,64,,3.1,-8.8,1019.7,,1027.5,,,9,,9,,,9,9,Sc,10,1251,,05,-1.8,,,,,
146,傈林,2026-02-01 04:00,-3,,,9,.9,,50,,70,,3.4,-7.7,1019.6,,1027.4,,,9,,9,,,9,9,Sc,5,700,,05,-1.5,,,,,
146,傈林,2026-02-01 05:00,-3.1,,,9,1.2,,140,,77,,3.8,-6.5,1019.3,,1027.1,,,9,,9,.1,,9,9,Sc,14,818,,05,-1.5,,,,,
146,傈林,2026-02-01 06:00,-3.5,,0,,1.3,,140,,79,,3.7,-6.6,1019.3,,1027.1,,,9,,9,.1,.1,5,5,Sc,15,829,,1905,-2.6,,,,,
146,傈林,2026-02-01 07:00,-4.5,,,9,1.7,,340,,82,,3.6,-7.1,1019.9,,1027.7,,,9,,9,,,1,1,Sc,10,664,,19,-3.2,,,,,
146,傈林,2026-02-01 08:00,-4.2,,,9,1.2,,290,,83,,3.7,-6.6,1020.4,,1028.2,,0,,.02,,,,2,2,Sc,10,608,,19,-3.5,,,,,
146,傈林,2026-02-01 09:00,-2.6,,,9,.4,,0,,79,,4,-5.7,1020.9,,1028.7,,.6,,.41,,,,0,0,,,657,,19,-2.6,,,,,
146,傈林,2026-02-01 10:00,-1.1,,,9,2.1,,320,,69,,3.9,-6,1021.2,,1029,,1,,1.14,,,,0,0,,,888,,4019,-1.3,,,,,
146,傈林,2026-02-01 11:00,-.1,,,9,2.9,,320,,51,,3.1,-9,1021.3,,1029,,1,,1.66,,,,0,0,,,1512,,40,.8,,,,,
146,傈林,2026-02-01 12:00,1.5,,,9,1.3,,290,,43,,2.9,-9.7,1020.6,,1028.3,,1,,2.11,,,,0,0,,,1832,,,3.3,,,,,
146,傈林,2026-02-01 13:00,2.8,,,9,2.3,,320,,33,,2.5,-11.9,1019.7,,1027.3,,1,,2.26,,,,0,0,,,2342,,,5.2,,,,,
146,傈林,2026-02-01 14:00,3,,,9,3.4,,290,,33,,2.5,-11.7,1018.8,,1026.4,,1,,2.23,,,,0,0,,,2796,,,6,,,,,
146,傈林,2026-02-01 15:00,3.8,,,9,3.6,,270,,36,,2.9,-9.9,1018.4,,1026,,1,,1.91,,,,0,0,,,2696,,,5.6,,,,,
146,傈林,2026-02-01 16:00,2.9,,,9,5,,270,,37,,2.8,-10.3,1018.6,,1026.2,,1,,1.43,,,,0,0,,,2894,,,3.6,,,,,
146,傈林,2026-02-01 17:00,1.9,,,9,4.4,,290,,35,,2.5,-11.9,1018.8,,1026.4,,1,,.79,,,,0,0,,,3628,,,.6,,,,,
146,傈林,2026-02-01 18:00,.4,,,9,3.6,,270,,49,,3.1,-9,1019.1,,1026.8,,.7,,.19,,,,0,0,,,2397,,,-.5,,,,,
146,傈林,2026-02-01 19:00,-.2,,,9,3,,270,,59,,3.6,-7.2,1019.5,,1027.2,,,9,,9,,,0,0,,,1935,,,-.9,,,,,
146,傈林,2026-02-01 20:00,-1,,,9,1.4,,200,,63,,3.6,-7.1,1019.6,,1027.3,,,9,,9,,,0,0,,,1682,,,-1.4,,,,,
146,傈林,2026-02-01 21:00,-1.8,,,9,2,,140,,62,,3.3,-8.1,1019.5,,1027.3,,,9,,9,,,0,0,,,1839,,,-1.8,,,,,
146,傈林,2026-02-01 22:00,-2.3,,,9,1.8,,140,,62,,3.2,-8.6,1019.7,,1027.5,,,9,,9,,,0,0,,,1985,,,-2,,,,,
146,傈林,2026-02-01 23:00,-2.9,,,9,1.4,,140,,64,,3.2,-8.7,1019.7,,1027.5,,,9,,9,,,0,0,,,1915,,,-2.3,,,,,
146,傈林,2026-02-02 00:00,-3.5,,,9,2.2,,140,,67,,3.2,-8.7,1019.5,,1027.3,,,9,,9,,,0,0,,,1863,,,-2.6,,,,,
146,傈林,2026-02-02 01:00,-3.4,,,,2,,140,,67,,3.2,-8.6,1018.9,,1026.7,,,9,,9,,,0,0,,,1886,,,-2.5,,,,,
146,傈林,2026-02-02 02:00,-1.9,,,,2.2,,140,,65,,3.5,-7.6,1018.3,,1026.1,,,9,,9,,,9,4,,11,1955,,,-1.5,,,,,
146,傈林,2026-02-02 03:00,-1.4,,,,2.2,,110,,65,,3.6,-7.1,1017.5,,1025.2,,,9,,9,,,9,9,Sc,10,2087,,,-1.4,,,,,
146,傈林,2026-02-02 04:00,-.9,,,,2.2,,140,,63,,3.6,-7,1016.9,,1024.6,,,9,,9,,,10,9,ScAs,7,2175,,,-1,,,,,
146,傈林,2026-02-02 05:00,-1.7,,,9,1.1,,90,,83,,4.5,-4.2,1016.9,,1024.6,,,9,,9,.4,,10,9,StNs,5,148,,05,-.8,,,,,
146,傈林,2026-02-02 06:00,-1.6,,1.6,,.7,,20,,89,,4.9,-3.1,1017.6,,1025.3,,,9,,9,2.1,2.1,10,8,StNs,7,118,,05,-.6,,,,,
146,傈林,2026-02-02 07:00,-1,,,9,.6,,230,,89,,5.1,-2.5,1018.2,,1025.9,,,9,,9,2.3,,10,8,ScAs,5,367,,1905,-.5,,,,,
146,傈林,2026-02-02 08:00,-1.9,,,9,1.3,,320,,90,,4.8,-3.3,1019.1,,1026.9,,0,,.01,,2.1,,2,2,Sc,15,274,,19,-.7,,,,,
146,傈林,2026-02-02 09:00,-1,,.3,,.3,,0,,87,,5,-2.8,1019.7,,1027.4,,.3,,.29,,2.1,.2,6,6,Sc,15,318,,19,-.7,,,,,
146,傈林,2026-02-02 10:00,-.1,,,9,3.6,,290,,74,,4.5,-4.1,1020.3,,1028,,.7,,.95,,2,,2,2,Sc,10,1142,,19,-.4,,,,,
146,傈林,2026-02-02 11:00,.3,,,9,3.3,,320,,61,,3.8,-6.3,1020.5,,1028.2,,.9,,1.63,,1.8,,3,3,Sc,15,1791,,,-.1,,,,,
146,傈林,2026-02-02 12:00,.2,,0,,4.9,,340,,55,,3.4,-7.7,1020.4,,1028.1,,.6,,1.62,,.8,0,5,5,Sc,10,2413,,05,0,,,,,
146,傈林,2026-02-02 13:00,1.1,,,9,4.7,,320,,46,,3,-9.2,1019.7,,1027.4,,.6,,1.8,,,,4,4,Sc,14,2637,,,.1,,,,,
146,傈林,2026-02-02 14:00,2.1,,,9,4.4,,290,,35,,2.5,-11.8,1019.3,,1026.9,,.9,,2.16,,,,1,1,Sc,10,3435,,,.9,,,,,
146,傈林,2026-02-02 15:00,2,,,9,3.4,,290,,42,,3,-9.5,1019.5,,1027.2,,1,,2.05,,,,1,1,Sc,10,3285,,,3.1,,,,,
146,傈林,2026-02-02 16:00,1.9,,,9,5.3,,270,,32,,2.3,-13,1020,,1027.7,,1,,1.5,,,,0,0,,,3917,,,1.6,,,,,
146,傈林,2026-02-02 17:00,1.2,,,9,4.3,,290,,35,,2.3,-12.6,1020.7,,1028.4,,1,,.87,,,,0,0,,,3529,,,0,,,,,
146,傈林,2026-02-02 18:00,-.9,,,9,4.4,,270,,52,,3,-9.5,1021.3,,1029.1,,.8,,.21,,,,0,0,,,2652,,,-.6,,,,,
146,傈林,2026-02-02 19:00,-1.8,,,9,3.3,,270,,61,,3.3,-8.3,1022.2,,1030,,,9,,9,,,0,0,,,2431,,,-1.2,,,,,
146,傈林,2026-02-02 20:00,-2.1,,,9,4,,290,,62,,3.2,-8.4,1022.7,,1030.5,,,9,,9,,,0,0,,,2121,,,-1.6,,,,,
146,傈林,2026-02-02 21:00,-2.4,,,9,1.6,,320,,61,,3.1,-8.9,1023.2,,1031,,,9,,9,,,0,0,,,2121,,,-2.1,,,,,
146,傈林,2026-02-02 22:00,-3.4,,,9,1.5,,90,,67,,3.2,-8.6,1023.7,,1031.5,,,9,,9,,,0,0,,,2028,,,-2.6,,,,,
146,傈林,2026-02-02 23:00,-3.8,,,9,2.1,,110,,69,,3.2,-8.6,1023.9,,1031.8,,,9,,9,,,0,0,,,2053,,,-3,,,,,
146,傈林,2026-02-03 00:00,-4.3,,,9,1.6,,140,,71,,3.2,-8.7,1024.1,,1032,,,9,,9,,,4,4,Sc,,2064,,,-3.2,,,,,
146,傈林,2026-02-03 01:00,-4.6,,,,1.7,,140,,71,,3.1,-9,1024.1,,1032,,,9,,9,,,0,0,,,2050,,,-3.3,,,,,
146,傈林,2026-02-03 02:00,-5.1,,,,1.8,,140,,74,,3.1,-9,1024,,1031.9,,,9,,9,,,0,0,,,1972,,,-3.8,,,,,
146,傈林,2026-02-03 03:00,-5.1,,,,1.8,,110,,75,,3.1,-8.8,1024.4,,1032.3,,,9,,9,,,4,4,Sc,10,1918,,,-3.9,,,,,
146,傈林,2026-02-03 04:00,-5.5,,,,1.4,,110,,77,,3.1,-8.8,1024.6,,1032.5,,,9,,9,,,3,3,Sc,10,1833,,,-4.3,,,,,
146,傈林,2026-02-03 05:00,-6.2,,,,1.1,,90,,79,,3,-9.2,1024.7,,1032.6,,,9,,9,,,5,5,Sc,10,1811,,,-4,,,,,
146,傈林,2026-02-03 06:00,-6.3,,,,2.3,,140,,81,,3.1,-9,1025,,1032.9,,,9,,9,,,3,3,Sc,10,1780,,,-4.4,,,,,
146,傈林,2026-02-03 07:00,-5.4,,,,1.8,,140,,79,,3.2,-8.4,1025.1,,1033,,,9,,9,,,8,8,Sc,10,1752,,,-3.6,,,,,
146,傈林,2026-02-03 08:00,-5.2,,,,1.6,,140,,79,,3.3,-8.2,1025.2,,1033.1,,0,,.02,,,,8,8,Sc,10,2020,,,-3.5,,,,,
146,傈林,2026-02-03 09:00,-2.6,,,,1.6,,140,,73,,3.7,-6.7,1024.8,,1032.6,,.3,,.38,,,,3,3,Sc,11,2260,,,-2.6,,,,,
146,傈林,2026-02-03 10:00,1.8,,,,1.2,,230,,64,,4.5,-4.2,1024.8,,1032.5,,1,,1.12,,,,4,4,Sc,11,2826,,,-1.2,,,,,
146,傈林,2026-02-03 11:00,2.7,,,,1.2,,50,,55,,4.1,-5.4,1024.2,,1031.9,,.9,,1.55,,,,8,8,Sc,11,4359,,,.5,,,,,
146,傈林,2026-02-03 12:00,3,,,,2,,360,,54,,4.1,-5.4,1023.5,,1031.2,,.6,,1.51,,,,5,5,Sc,11,4016,,,1.8,,,,,
146,傈林,2026-02-03 13:00,5,,,,2.3,,270,,48,,4.2,-5.1,1022.3,,1029.9,,1,,2.34,,,,0,0,,,3273,,,5.3,,,,,
146,傈林,2026-02-03 14:00,5.9,,,,2.4,,270,,45,,4.2,-5.1,1021.3,,1028.9,,1,,2.29,,,,1,0,Ci,,3835,,,6.6,,,,,
146,傈林,2026-02-03 15:00,5.8,,,,2.9,,270,,42,,3.9,-6.1,1020.6,,1028.2,,1,,1.9,,,,4,0,Ci,,2816,,,6,,,,,
146,傈林,2026-02-03 16:00,5.7,,,,2.9,,290,,46,,4.2,-5,1020.6,,1028.2,,1,,1.38,,,,3,0,Ci,,2083,,,4.7,,,,,
146,傈林,2026-02-03 17:00,4.5,,,,3.5,,290,,53,,4.5,-4.2,1020.6,,1028.2,,1,,.7,,,,4,1,ScCi,10,1567,,,1.9,,,,,
146,傈林,2026-02-03 18:00,3,,,,3.9,,270,,62,,4.7,-3.5,1020.8,,1028.4,,0,,.14,,,,4,0,Ci,,1127,,40,-.3,,,,,
146,傈林,2026-02-03 19:00,2,,,,1.8,,250,,66,,4.7,-3.6,1020.7,,1028.4,,0,,0,,,,4,0,,,1491,,,-.2,,,,,
146,傈林,2026-02-03 20:00,1.5,,,,.6,,230,,67,,4.6,-3.9,1020.1,,1027.8,,,9,,9,,,8,3,,9,1331,,,-.3,,,,,
146,傈林,2026-02-03 21:00,1.3,,,,1.7,,110,,70,,4.7,-3.5,1019.7,,1027.4,,,9,,9,,,8,8,Sc,8,1255,,,-.2,,,,,
146,傈林,2026-02-03 22:00,.6,,,,.8,,140,,71,,4.5,-4,1019.4,,1027.1,,,9,,9,,,6,6,,8,1177,,,-.5,,,,,
146,傈林,2026-02-03 23:00,.1,,,,.9,,140,,73,,4.5,-4.1,1019.4,,1027.1,,,9,,9,,,8,5,,7,1112,,,-.8,,,,,
146,傈林,2026-02-04 00:00,-.5,,,,.9,,140,,76,,4.5,-4.2,1019.1,,1026.8,,,9,,9,,,8,0,Ci,,1068,,,-1,,,,,
146,傈林,2026-02-04 01:00,-.6,,,,1.5,,110,,77,,4.5,-4.1,1019.1,,1026.8,,,9,,9,,,8,1,,69,1109,,,-1.2,,,,,
146,傈林,2026-02-04 02:00,-1.3,,,,2.1,,140,,79,,4.4,-4.4,1019.2,,1026.9,,,9,,9,,,8,0,,,999,,19,-1.4,,,,,
146,傈林,2026-02-04 03:00,-1.7,,,,2,,140,,80,,4.3,-4.7,1019,,1026.8,,,9,,9,,,4,0,Ci,,955,,19,-1.7,,,,,
146,傈林,2026-02-04 04:00,-2,,,,2.2,,140,,81,,4.3,-4.8,1018.4,,1026.2,,,9,,9,,,0,0,,,927,,19,-1.9,,,,,
146,傈林,2026-02-04 05:00,-2.1,,,,1.7,,160,,82,,4.3,-4.7,1018.2,,1026,,,9,,9,,,0,0,,,908,,19,-1.8,,,,,
146,傈林,2026-02-04 06:00,-1.3,,,,1,,140,,80,,4.4,-4.3,1018.2,,1025.9,,,9,,9,,,9,9,Sc,9,931,,19,-.9,,,,,
146,傈林,2026-02-04 07:00,-.8,,,,2,,160,,80,,4.6,-3.8,1017.8,,1025.5,,,9,,9,,,9,9,Sc,10,1080,,19,-.8,,,,,
146,傈林,2026-02-04 08:00,-.4,,,,1.9,,140,,79,,4.7,-3.6,1017.7,,1025.4,,0,,.02,,,,9,9,Sc,11,1114,,,-.6,,,,,
146,傈林,2026-02-04 09:00,1,,,,1.7,,160,,75,,4.9,-2.9,1017.4,,1025.1,,0,,.23,,,,7,6,ScAc,10,1189,,,-.2,,,,,
146,傈林,2026-02-04 10:00,3.8,,,,2,,160,,68,,5.5,-1.5,1017.4,,1025,,.3,,.7,,,,6,4,AcCi,41,1112,,,.5,,,,,
146,傈林,2026-02-04 11:00,6.9,,,,2.5,,160,,56,,5.6,-1.2,1017.1,,1024.6,,1,,1.48,,,,7,5,AcCi,34,1240,,,2.8,,,,,
146,傈林,2026-02-04 12:00,7.9,,,,1.7,,90,,49,,5.2,-2.1,1016.1,,1023.6,,.5,,1.63,,,,8,2,ScAcCi,12,1124,,,5.6,,,,,
146,傈林,2026-02-04 13:00,7.9,,,,2.4,,250,,50,,5.3,-1.9,1015.2,,1022.7,,.6,,1.8,,,,8,8,Sc,11,939,,40,6.9,,,,,
146,傈林,2026-02-04 14:00,7.9,,,,3.3,,320,,50,,5.3,-1.9,1014.8,,1022.2,,.2,,1.35,,,,8,7,ScCi,12,974,,40,7,,,,,
146,傈林,2026-02-04 15:00,9.4,,,,2.8,,270,,45,,5.3,-1.9,1013.9,,1021.3,,.6,,1.46,,,,8,8,Sc,12,1066,,40,8.6,,,,,
146,傈林,2026-02-04 16:00,9.2,,,,1,,160,,45,,5.2,-2.1,1013.7,,1021.1,,.9,,1.27,,,,2,2,Sc,12,1091,,,7.4,,,,,
146,傈林,2026-02-04 17:00,8.2,,,,2,,250,,48,,5.2,-2.1,1013.7,,1021.1,,1,,.71,,,,1,1,Sc,11,1153,,,4.9,,,,,
146,傈林,2026-02-04 18:00,6.5,,,,2.1,,270,,54,,5.2,-2.1,1013.6,,1021.1,,.4,,.16,,,,0,0,,,1190,,,2.3,,,,,
146,傈林,2026-02-04 19:00,5,,,,.8,,90,,60,,5.2,-2.1,1013,,1020.5,,0,,0,,,,0,0,,,1127,,,.4,,,,,
146,傈林,2026-02-04 20:00,4,,,,0,,0,,65,,5.3,-1.9,1013.4,,1020.9,,,9,,9,,,0,0,,,943,,40,.1,,,,,
146,傈林,2026-02-04 21:00,2.6,,,,1.7,,140,,70,,5.2,-2.3,1013.5,,1021.1,,,9,,9,,,0,0,,,854,,40,-.1,,,,,
146,傈林,2026-02-04 22:00,1.7,,,,2.4,,140,,73,,5,-2.6,1013.3,,1020.9,,,9,,9,,,6,2,,61,810,,40,-.2,,,,,
146,傈林,2026-02-04 23:00,1.3,,,,2.5,,140,,74,,5,-2.8,1013.1,,1020.7,,,9,,9,,,0,0,,,807,,40,-.4,,,,,
146,傈林,2026-02-05 00:00,1,,,,2.3,,140,,75,,4.9,-2.9,1013,,1020.6,,,9,,9,,,5,5,Ac,35,774,,40,-.5,,,,,
146,傈林,2026-02-05 01:00,1.1,,,,2,,140,,75,,5,-2.8,1012.9,,1020.5,,,9,,9,,,6,6,,11,779,,40,-.2,,,,,
146,傈林,2026-02-05 02:00,1.7,,,,1.5,,110,,73,,5,-2.6,1012.7,,1020.3,,,9,,9,,,9,9,,12,806,,40,0,,,,,
146,傈林,2026-02-05 03:00,2.2,,,,1.3,,140,,71,,5.1,-2.5,1012.4,,1020,,,9,,9,,,9,9,Sc,13,843,,40,.1,,,,,
146,傈林,2026-02-05 04:00,3.2,,,,1.5,,160,,69,,5.3,-1.9,1012,,1019.6,,,9,,9,,,8,8,Sc,13,945,,40,.2,,,,,
146,傈林,2026-02-05 05:00,3.6,,,,2.3,,140,,69,,5.5,-1.5,1011.4,,1018.9,,,9,,9,,,7,7,Sc,15,1054,,40,.3,,,,,
146,傈林,2026-02-05 06:00,3.2,,,,.7,,50,,70,,5.4,-1.7,1011.4,,1019,,,9,,9,,,8,8,Sc,15,1036,,,.2,,,,,
146,傈林,2026-02-05 07:00,3.7,,,,2.4,,140,,70,,5.6,-1.2,1011.2,,1018.7,,,9,,9,,,9,9,Sc,7,1093,,,.2,,,,,
146,傈林,2026-02-05 08:00,4,,,,2.1,,140,,70,,5.7,-.9,1011.2,,1018.7,,0,,.01,,,,8,7,ScCi,8,1150,,,.3,,,,,
146,傈林,2026-02-05 09:00,5.4,,,,1.9,,140,,66,,5.9,-.4,1011,,1018.5,,.2,,.3,,,,4,2,ScCi,10,1223,,,1,,,,,
146,傈林,2026-02-05 10:00,7.7,,,,1,,160,,60,,6.3,.4,1010.8,,1018.2,,.8,,.9,,,,6,5,ScCi,10,1216,,,3.5,,,,,
146,傈林,2026-02-05 11:00,9.8,,,,1,,180,,60,,7.2,2.3,1010.6,,1018,,.3,,.95,,,,5,4,ScCi,11,1420,,,6.6,,,,,
146,傈林,2026-02-05 12:00,11.1,,,,3.9,,270,,65,,8.5,4.7,1010.8,,1018.1,,.5,,1.53,,,,7,5,ScCi,9,1864,,,10.6,,,,,
146,傈林,2026-02-05 13:00,11.4,,,,3.3,,270,,61,,8.2,4.1,1009.6,,1016.9,,.7,,1.62,,,,4,3,ScCi,12,1703,,,12.2,,,,,
146,傈林,2026-02-05 14:00,12.4,,,,3.8,,250,,54,,7.7,3.3,1009.7,,1017,,.8,,2.1,,,,5,5,Sc,11,2345,,,13.9,,,,,
146,傈林,2026-02-05 15:00,12.1,,,,3.8,,250,,49,,6.9,1.6,1009.4,,1016.7,,1,,1.85,,,,3,2,ScCi,12,2113,,,13.3,,,,,
146,傈林,2026-02-05 16:00,11.4,,,,4.5,,270,,49,,6.6,1,1010,,1017.3,,1,,1.42,,,,0,0,,,1423,,,11.5,,,,,
146,傈林,2026-02-05 17:00,9.3,,,,4.3,,270,,67,,7.8,3.4,1011.2,,1018.6,,.9,,.68,,,,8,2,ScAcCi,12,1171,,,8.9,,,,,
146,傈林,2026-02-05 18:00,6.9,,,,3.2,,270,,78,,7.7,3.3,1012.3,,1019.8,,0,,.12,,,,5,0,Ci,,729,,4019,6.4,,,,,
146,傈林,2026-02-05 19:00,5.8,,,,3.3,,270,,83,,7.6,3.1,1012.8,,1020.3,,0,,0,,,,6,2,,4,481,,19,4.9,,,,,
146,傈林,2026-02-05 20:00,4.3,,,,2.8,,270,,85,,7,1.9,1013.3,,1020.8,,,9,,9,,,6,6,,3,270,,19,4.3,,,,,
146,傈林,2026-02-05 21:00,3.2,,,,1.7,,270,,85,,6.5,.9,1013.7,,1021.3,,,9,,9,,,7,6,ScCi,8,229,,19,3.9,,,,,
146,傈林,2026-02-05 22:00,2.7,,,,2.8,,270,,83,,6.1,0,1013.9,,1021.5,,,9,,9,,,10,10,,3,228,,19,3.6,,,,,
146,傈林,2026-02-05 23:00,2.6,,,,1.8,,270,,83,,6.1,0,1014.1,,1021.7,,,9,,9,,,7,7,,3,236,,19,3.3,,,,,
146,傈林,2026-02-06 00:00,2.2,,,,2.8,,270,,84,,6,-.2,1014.1,,1021.7,,,9,,9,,,8,5,ScCi,8,234,,19,2.5,,,,,
146,傈林,2026-02-06 01:00,1.2,,,,4.4,,270,,72,,4.8,-3.2,1014.6,,1022.2,,,9,,9,,,10,1,,5,566,,19,1.6,,,,,
146,傈林,2026-02-06 02:00,.5,,,,3.3,,270,,66,,4.2,-5.1,1015.4,,1023.1,,,9,,9,,,10,4,,8,1719,,19,.7,,,,,
146,傈林,2026-02-06 03:00,-.6,,,,3.7,,270,,64,,3.8,-6.5,1016.1,,1023.8,,,9,,9,,,8,5,ScCi,7,2679,,,.5,,,,,
146,傈林,2026-02-06 04:00,-1.5,,,,2.9,,320,,64,,3.5,-7.4,1016.3,,1024,,,9,,9,,,8,0,Ci,,2265,,,.1,,,,,
146,傈林,2026-02-06 05:00,-2.4,,,,3.1,,320,,68,,3.5,-7.5,1016.4,,1024.2,,,9,,9,,,8,0,Ci,,2136,,,-.4,,,,,
146,傈林,2026-02-06 06:00,-3.1,,,,3,,320,,62,,3,-9.3,1016.9,,1024.7,,,9,,9,,,8,0,Ci,,2393,,,-1.2,,,,,
146,傈林,2026-02-06 07:00,-3.7,,,,3.4,,320,,56,,2.6,-11.2,1017.5,,1025.3,,,9,,9,,,8,0,Ci,,2892,,,-1.7,,,,,
146,傈林,2026-02-06 08:00,-4.4,,,,3.8,,290,,51,,2.3,-13,1018.3,,1026.1,,0,,.02,,,,7,0,Ci,,3278,,,-1.9,,,,,
146,傈林,2026-02-06 09:00,-4.7,,,,3.6,,320,,47,,2,-14.3,1018.4,,1026.2,,.2,,.2,,,,3,0,Ci,,3662,,,-2.1,,,,,
146,傈林,2026-02-06 10:00,-3.1,,,,2.6,,320,,45,,2.2,-13.3,1018.4,,1026.2,,1,,1.02,,,,1,0,Ci,,3487,,,-.7,,,,,
146,傈林,2026-02-06 11:00,-1.6,,,,2.8,,320,,43,,2.3,-12.5,1018.4,,1026.1,,1,,1.79,,,,2,0,Ci,,3201,,,.5,,,,,
146,傈林,2026-02-06 12:00,-.4,,,,3.5,,320,,35,,2.1,-14,1017.8,,1025.5,,1,,2.22,,,,1,0,Ci,,3763,,,2.8,,,,,
146,傈林,2026-02-06 13:00,.8,,,,2.5,,290,,28,,1.8,-15.6,1016.7,,1024.4,,1,,2.4,,,,2,0,Ci,,4085,,,6.1,,,,,
146,傈林,2026-02-06 14:00,1.7,,,,3.8,,320,,27,,1.9,-15.3,1015.9,,1023.5,,1,,2.31,,,,3,0,Ci,,4455,,,7.5,,,,,
146,傈林,2026-02-06 15:00,2.1,,,,2.7,,290,,21,,1.5,-18,1015.5,,1023.1,,1,,2,,,,4,0,Ci,,4348,,,7.5,,,,,
146,傈林,2026-02-06 16:00,2,,,,3,,320,,21,,1.5,-18,1015.2,,1022.8,,1,,1.31,,,,5,0,Ci,,4354,,,5.6,,,,,
146,傈林,2026-02-06 17:00,.6,,,,3.7,,270,,39,,2.5,-11.7,1015.3,,1023,,.8,,.76,,,,6,0,Ci,,3376,,,3.1,,,,,
146,傈林,2026-02-06 18:00,-1.7,,,,3.8,,270,,46,,2.5,-11.8,1015.5,,1023.2,,0,,.17,,,,5,0,Ci,,3304,,,.2,,,,,
146,傈林,2026-02-06 19:00,-2.6,,,,2.7,,270,,47,,2.4,-12.3,1015.8,,1023.6,,0,,.01,,,,9,4,,63,3111,,,0,,,,,
146,傈林,2026-02-06 20:00,-2.9,,,,3,,270,,41,,2,-14.3,1016,,1023.8,,,9,,9,,,9,0,,,3164,,,-.8,,,,,
146,傈林,2026-02-06 21:00,-3.5,,,,2.6,,270,,51,,2.4,-12.2,1017.3,,1025.1,,,9,,9,,,10,0,Cs,,2931,,,-1,,,,,
146,傈林,2026-02-06 22:00,-4.5,,,,3.3,,340,,42,,1.8,-15.5,1017.6,,1025.4,,,9,,9,,,10,2,,42,2874,,,-1.5,,,,,
146,傈林,2026-02-06 23:00,-5.3,,,,3.5,,320,,44,,1.8,-15.6,1017.1,,1024.9,,,9,,9,,,10,5,,39,2933,,,-1.8,,,,,
146,傈林,2026-02-07 00:00,-5.6,,,,2.5,,340,,45,,1.8,-15.6,1017.4,,1025.3,,,9,,9,,,10,4,AcCs,38,2906,,,-2,,,,,
146,傈林,2026-02-07 01:00,-5.9,,,,3.1,,340,,46,,1.8,-15.6,1017.4,,1025.3,,,9,,9,,,10,10,,37,3101,,,-2.2,,,,,
146,傈林,2026-02-07 02:00,-6,,,,3.1,,340,,49,,1.9,-15,1017.5,,1025.4,,,9,,9,,,10,6,,31,3111,,,-2.2,,,,,
146,傈林,2026-02-07 03:00,-6,,,,2.1,,320,,49,,1.9,-15,1017.7,,1025.6,,,9,,9,,,10,2,AcCs,38,3125,,,-2.1,,,,,
146,傈林,2026-02-07 04:00,-6.1,,,,2,,340,,50,,1.9,-14.8,1017.7,,1025.6,,,9,,9,,,10,4,AcCs,23,3015,,,-2.1,,,,,
146,傈林,2026-02-07 05:00,-6.4,,,,2.3,,340,,54,,2.1,-14.1,1017.7,,1025.6,,,9,,9,,,9,5,AcCi,21,3266,,,-2.7,,,,,
146,傈林,2026-02-07 06:00,-6.7,,,,1.4,,320,,58,,2.1,-13.6,1017.9,,1025.8,,,9,,9,,,6,6,Ac,23,2975,,,-3.1,,,,,
146,傈林,2026-02-07 07:00,-7,,,,3.1,,270,,62,,2.3,-13,1017.9,,1025.8,,,9,,9,,,0,0,,,2981,,,-4,,,,,
146,傈林,2026-02-07 08:00,-7.4,,,,2,,320,,62,,2.2,-13.4,1018.2,,1026.1,,0,,.03,,,,0,0,,,3415,,,-4.1,,,,,
146,傈林,2026-02-07 09:00,-6.3,,,,2.5,,290,,57,,2.2,-13.4,1018.7,,1026.6,,.8,,.46,,,,2,2,Sc,10,3332,,,-3.2,,,,,
146,傈林,2026-02-07 10:00,-5.5,,,,3.9,,320,,50,,2,-14.3,1018.7,,1026.6,,1,,1.2,,,,1,1,Sc,10,3446,,,-1.5,,,,,
146,傈林,2026-02-07 11:00,-4.6,,,,3.8,,320,,36,,1.6,-17.4,1018.6,,1026.4,,1,,1.86,,,,2,2,Sc,10,4599,,,.3,,,,,
146,傈林,2026-02-07 12:00,-3.2,,,,3,,320,,35,,1.7,-16.5,1018.2,,1026,,1,,2.29,,,,1,1,Sc,10,3743,,,1.8,,,,,
146,傈林,2026-02-07 13:00,-1.6,,,,3.3,,290,,39,,2.1,-13.7,1017.5,,1025.2,,1,,2.52,,,,3,3,Sc,10,4200,,,3.9,,,,,
146,傈林,2026-02-07 14:00,-1.7,,,,4.4,,290,,41,,2.2,-13.2,1017,,1024.7,,.9,,2.28,,,,4,4,Sc,12,4500,,,3.5,,,,,
146,傈林,2026-02-07 15:00,-1.1,,,,5.1,,290,,36,,2,-14.3,1016.8,,1024.5,,.9,,1.96,,,,2,2,Sc,10,4053,,,3.4,,,,,
146,傈林,2026-02-07 16:00,-2,,,,6.2,,290,,30,,1.6,-17.3,1017,,1024.7,,1,,1.63,,,,1,1,Sc,10,4258,,,1.6,,,,,
146,傈林,2026-02-07 17:00,-2.8,,,,5.7,,320,,29,,1.4,-18.4,1017.5,,1025.3,,1,,1,,,,0,0,,,4610,,,0,,,,,
146,傈林,2026-02-07 18:00,-4.5,,,,5.5,,290,,37,,1.6,-17,1018.2,,1026,,.8,,.27,,,,1,1,Sc,10,4550,,,-1.7,,,,,
146,傈林,2026-02-07 19:00,-5.7,,,,3.5,,320,,44,,1.8,-16,1018.6,,1026.5,,0,,.01,,,,0,0,,,4315,,,-2.6,,,,,
146,傈林,2026-02-07 20:00,-6.3,,,,2.8,,320,,47,,1.8,-15.7,1018.9,,1026.8,,,9,,9,,,6,4,,10,4277,,,-3.2,,,,,
146,傈林,2026-02-07 21:00,-6.4,,,,2.7,,340,,52,,2,-14.6,1018.5,,1026.4,,,9,,9,,,5,5,Sc,10,3758,,,-3.2,,,,,
146,傈林,2026-02-07 22:00,-6.6,,,9,2.4,,340,,59,,2.2,-13.2,1018.7,,1026.6,,,9,,9,,,8,8,Sc,10,3621,,08,-3.1,,,,,
146,傈林,2026-02-07 23:00,-6.8,,,9,3.4,,320,,69,,2.5,-11.5,1018.8,,1026.7,,,9,,9,,,6,6,Sc,9,3232,,08,-3.5,,,,,
146,傈林,2026-02-08 00:00,-7.3,,0,,4.3,,320,,68,,2.4,-12.2,1019.4,,1027.3,,,9,,9,,,2,2,Sc,,3436,,,-4.6,,,,,
146,傈林,2026-02-08 01:00,-8.1,,,9,3.2,,340,,58,,1.9,-14.9,1019.8,,1027.8,,,9,,9,,,0,0,,,3700,,,-5,,,,,
146,傈林,2026-02-08 02:00,-8.3,,,9,3.5,,70,,63,,2.1,-14.1,1019.8,,1027.8,,,9,,9,,,8,5,,11,3273,,,-5.1,,,,,
146,傈林,2026-02-08 03:00,-8.6,,,9,2.9,,320,,63,,2,-14.3,1019.9,,1027.9,,,9,,9,,,8,8,Sc,10,3100,,,-5,,,,,
146,傈林,2026-02-08 04:00,-9.1,,,9,2.4,,360,,64,,2,-14.6,1019.7,,1027.7,,,9,,9,,,8,8,Sc,10,2745,,,-5.6,,,,,
146,傈林,2026-02-08 05:00,-8.9,,,9,2.5,,340,,63,,2,-14.6,1019.8,,1027.8,,,9,,9,,,8,8,Sc,10,2888,,,-5.2,,,,,
146,傈林,2026-02-08 06:00,-9.7,,,9,2.3,,340,,67,,2,-14.6,1020.2,,1028.2,,,9,,9,,,3,3,Sc,10,2649,,,-6.3,,,,,
146,傈林,2026-02-08 07:00,-10,,,9,1.9,,320,,69,,2,-14.6,1020.8,,1028.8,,,9,,9,,,0,0,,,2746,,,-6.7,,,,,
146,傈林,2026-02-08 08:00,-9.8,,,9,2.3,,320,,68,,2,-14.6,1021.7,,1029.7,,0,,.02,,,,2,2,Sc,10,2984,,,-6.6,,,,,
146,傈林,2026-02-08 09:00,-8,,,9,2.6,,340,,64,,2.1,-13.6,1022.2,,1030.2,,.7,,.44,,,,1,1,Sc,10,2965,,,-5.4,,,,,
146,傈林,2026-02-08 10:00,-6.9,,,9,2.8,,320,,56,,2,-14.2,1022.3,,1030.2,,1,,1.24,,,,2,2,Sc,10,3196,,,-2.6,,,,,
146,傈林,2026-02-08 11:00,-5.4,,,9,3,,320,,49,,2,-14.4,1022.6,,1030.5,,.9,,1.62,,,,3,3,Sc,9,3710,,,.1,,,,,
146,傈林,2026-02-08 12:00,-4.2,,,9,4.1,,290,,41,,1.8,-15.5,1022.5,,1030.4,,1,,2.3,,,,2,2,Sc,10,4607,,,1.7,,,,,
146,傈林,2026-02-08 13:00,-3.1,,,,2.3,,290,,38,,1.8,-15.4,1021.7,,1029.5,,1,,2.46,,,,1,1,Sc,10,3963,,,3.5,,,,,
146,傈林,2026-02-08 14:00,-2,,,,3.4,,320,,34,,1.8,-15.8,1021.5,,1029.3,,1,,2.42,,,,0,0,,,4401,,,4,,,,,
146,傈林,2026-02-08 15:00,-1.4,,,,4.2,,270,,38,,2.1,-13.9,1021.4,,1029.2,,1,,2.13,,,,1,1,Sc,10,4463,,,3.5,,,,,
146,傈林,2026-02-08 16:00,-1.8,,,,4.5,,250,,41,,2.2,-13.3,1021.7,,1029.5,,1,,1.6,,,,0,0,,,4416,,,1.7,,,,,
146,傈林,2026-02-08 17:00,-2.2,,,,3.4,,290,,42,,2.2,-13.4,1022,,1029.8,,1,,.98,,,,0,0,,,4334,,,.1,,,,,
146,傈林,2026-02-08 18:00,-4.2,,,,4.5,,270,,50,,2.3,-13,1022.7,,1030.6,,.9,,.28,,,,0,0,,,4791,,,-1.3,,,,,
146,傈林,2026-02-08 19:00,-5.1,,,,3.7,,270,,60,,2.5,-11.6,1023.3,,1031.2,,0,,0,,,,0,0,,,4460,,,-2.4,,,,,
146,傈林,2026-02-08 20:00,-5.4,,,,2.7,,270,,64,,2.6,-11.1,1023.7,,1031.6,,,9,,9,,,0,0,,,3841,,,-3,,,,,
146,傈林,2026-02-08 21:00,-5.5,,,,3.7,,270,,62,,2.5,-11.6,1024.4,,1032.3,,,9,,9,,,0,0,,,4204,,,-3.6,,,,,
146,傈林,2026-02-08 22:00,-5.9,,,,2.6,,320,,60,,2.4,-12.4,1024.8,,1032.7,,,9,,9,,,0,0,,,4548,,,-4.2,,,,,
146,傈林,2026-02-08 23:00,-6.7,,,,1.6,,70,,64,,2.4,-12.3,1024.7,,1032.6,,,9,,9,,,0,0,,,4239,,,-3.8,,,,,
146,傈林,2026-02-09 00:00,-6.1,,,,.9,,90,,60,,2.3,-12.6,1024.6,,1032.5,,,9,,9,,,6,6,Sc,10,4264,,,-4.1,,,,,
146,傈林,2026-02-09 01:00,-5.7,,,,.6,,160,,56,,2.3,-13,1024.6,,1032.5,,,9,,9,,,9,9,,11,4650,,,-3.7,,,,,
146,傈林,2026-02-09 02:00,-6.3,,,,1.2,,160,,62,,2.4,-12.4,1024.4,,1032.3,,,9,,9,,,0,0,,,4568,,,-4.7,,,,,
146,傈林,2026-02-09 03:00,-6.1,,,,.9,,160,,65,,2.5,-11.6,1024.1,,1032,,,9,,9,,,7,7,Sc,11,4126,,,-4.3,,,,,
146,傈林,2026-02-09 04:00,-5.9,,,,1.4,,110,,66,,2.6,-11.2,1023.2,,1031.1,,,9,,9,,,5,5,Sc,11,4082,,,-4.3,,,,,
146,傈林,2026-02-09 05:00,-6.3,,,,1.7,,140,,68,,2.6,-11.2,1023,,1030.9,,,9,,9,,,5,5,Sc,11,4457,,,-5.1,,,,,
146,傈林,2026-02-09 06:00,-6.2,,,,2,,140,,70,,2.7,-10.7,1023.1,,1031,,,9,,9,,,9,9,Sc,10,4534,,,-4.6,,,,,
146,傈林,2026-02-09 07:00,-6.5,,,,1.2,,110,,71,,2.7,-10.8,1023.1,,1031,,,9,,9,,,2,2,Sc,10,4511,,,-5.3,,,,,
146,傈林,2026-02-09 08:00,-6.5,,,,1.3,,70,,74,,2.8,-10.3,1023.2,,1031.1,,0,,.03,,,,0,0,,,4407,,,-5.2,,,,,
146,傈林,2026-02-09 09:00,-2.8,,,,1.2,,160,,64,,3.2,-8.6,1023.3,,1031.1,,.9,,.57,,,,0,0,,,4190,,,-3.9,,,,,
146,傈林,2026-02-09 10:00,.5,,,,1.3,,180,,53,,3.4,-7.9,1023,,1030.7,,1,,1.27,,,,0,0,,,3858,,,-1,,,,,
146,傈林,2026-02-09 11:00,3.2,,,,.9,,20,,50,,3.8,-6.2,1023.1,,1030.7,,1,,1.88,,,,0,0,,,4091,,,1.8,,,,,
146,傈林,2026-02-09 12:00,2.9,,,,2.5,,320,,50,,3.8,-6.5,1022.3,,1029.9,,1,,2.28,,,,0,0,,,4160,,,4.8,,,,,
146,傈林,2026-02-09 13:00,4.1,,,,3,,320,,43,,3.5,-7.3,1021.3,,1028.9,,1,,2.49,,,,0,0,,,4077,,,7,,,,,
146,傈林,2026-02-09 14:00,4.9,,,,2.3,,360,,39,,3.4,-7.9,1020,,1027.6,,1,,2.43,,,,0,0,,,4671,,,7.8,,,,,
146,傈林,2026-02-09 15:00,5.1,,,,2.5,,320,,37,,3.2,-8.4,1019,,1026.6,,1,,2.13,,,,0,0,,,4790,,,7.3,,,,,
146,傈林,2026-02-09 16:00,5.6,,,,2.9,,320,,35,,3.2,-8.6,1018.5,,1026,,1,,1.61,,,,2,0,Ci,,4581,,,5.8,,,,,
146,傈林,2026-02-09 17:00,4.4,,,,1.8,,340,,38,,3.2,-8.7,1018.3,,1025.9,,1,,.83,,,,3,0,Ci,,4085,,,2,,,,,
146,傈林,2026-02-09 18:00,2.9,,,,2.6,,270,,49,,3.7,-6.7,1018.9,,1026.5,,.4,,.18,,,,5,0,Ci,,3712,,,-1,,,,,
146,傈林,2026-02-09 19:00,1.4,,,,2.3,,290,,64,,4.3,-4.6,1019.6,,1027.3,,0,,0,,,,7,0,,,2444,,,-.3,,,,,
146,傈林,2026-02-09 20:00,.6,,,,2.1,,250,,68,,4.3,-4.6,1020,,1027.7,,,9,,9,,,8,0,,,2633,,,-.7,,,,,
146,傈林,2026-02-09 21:00,-.4,,,,.8,,270,,71,,4.2,-5,1020,,1027.7,,,9,,9,,,0,0,,,2465,,,-1.2,,,,,
146,傈林,2026-02-09 22:00,-.9,,,,1.9,,140,,74,,4.2,-4.9,1020,,1027.7,,,9,,9,,,8,0,,,2060,,,-1.5,,,,,
146,傈林,2026-02-09 23:00,-1.6,,,,1.9,,140,,75,,4.1,-5.4,1019.4,,1027.2,,,9,,9,,,6,0,,,1911,,,-1.8,,,,,
146,傈林,2026-02-10 00:00,-1.9,,,,.8,,160,,75,,4,-5.7,1018.9,,1026.7,,,9,,9,,,5,0,,,1862,,,-1.7,,,,,
146,傈林,2026-02-10 01:00,-2,,,,1.7,,140,,75,,4,-5.8,1018.3,,1026.1,,,9,,9,,,9,1,,,1910,,,-1.8,,,,,
146,傈林,2026-02-10 02:00,-2.1,,,,1.7,,140,,76,,4,-5.7,1017.7,,1025.5,,,9,,9,,,9,6,,52,1871,,,-1.7,,,,,
146,傈林,2026-02-10 03:00,-1.9,,,,1.2,,140,,75,,4,-5.7,1017.2,,1024.9,,,9,,9,,,9,0,Ci,,1845,,,-1.5,,,,,
146,傈林,2026-02-10 04:00,-1.8,,,,1.2,,140,,75,,4,-5.6,1016.7,,1024.4,,,9,,9,,,9,0,Ci,,1853,,,-1.2,,,,,
146,傈林,2026-02-10 05:00,-1.5,,,,1.4,,180,,75,,4.1,-5.3,1017.1,,1024.8,,,9,,9,,,9,0,Ci,,1843,,,-1.2,,,,,
146,傈林,2026-02-10 06:00,-1.5,,,,1.2,,140,,75,,4.1,-5.3,1016.6,,1024.3,,,9,,9,,,9,0,Ci,,1947,,,-1.1,,,,,
146,傈林,2026-02-10 07:00,-1.1,,,,1.4,,110,,73,,4.1,-5.3,1016.7,,1024.4,,,9,,9,,,9,0,Ci,,1964,,,-1,,,,,
146,傈林,2026-02-10 08:00,-.4,,,,1.4,,110,,71,,4.2,-5,1016.2,,1023.9,,0,,.01,,,,10,2,ScAs,15,2193,,,-.7,,,,,
146,傈林,2026-02-10 09:00,.9,,,,2,,140,,67,,4.4,-4.5,1015.9,,1023.6,,0,,.16,,,,10,10,As,28,2467,,,-.1,,,,,
146,傈林,2026-02-10 10:00,3,,,,1.2,,140,,58,,4.4,-4.4,1015.3,,1022.9,,0,,.42,,,,10,2,ScAs,12,2664,,,.8,,,,,
146,傈林,2026-02-10 11:00,4.6,,,9,1.1,,230,,53,,4.5,-4.1,1015,,1022.5,,0,,.78,,,,10,7,StNs,6,2622,,06,3.1,,,,,
146,傈林,2026-02-10 12:00,5.3,,0,,1.4,,180,,66,,5.9,-.5,1014.3,,1021.8,,0,,1.13,,,,10,5,StNs,7,1983,,06,5.1,,,,,
146,傈林,2026-02-10 13:00,3.7,,,9,1,,200,,81,,6.4,.7,1013.5,,1021.1,,0,,.5,,,,10,9,StNs,5,1163,,0601,3.8,,,,,
146,傈林,2026-02-10 14:00,3.5,,,9,1.5,,140,,82,,6.4,.7,1012.5,,1020.1,,0,,.5,,,,10,4,StNs,3,710,,01,4,,,,,
146,傈林,2026-02-10 15:00,3.5,,1.2,,1.1,,140,,82,,6.4,.7,1011.9,,1019.5,,0,,.4,,,,10,3,StNs,2,674,,01,4,,,,,
146,傈林,2026-02-10 16:00,3.5,,,9,1.2,,140,,86,,6.7,1.3,1011.6,,1019.1,,0,,.34,,,,10,8,StNs,2,611,,01,3.9,,,,,
146,傈林,2026-02-10 17:00,3.4,,,9,.1,,0,,86,,6.7,1.2,1011.6,,1019.2,,0,,.14,,,,10,6,StNs,2,795,,01,3,,,,,
146,傈林,2026-02-10 18:00,3.2,,.3,,0,,0,,85,,6.5,.9,1011.3,,1018.9,,0,,.06,,,,10,3,StNs,2,1074,,01,2.4,,,,,
146,傈林,2026-02-10 19:00,3.1,,,9,.1,,0,,86,,6.5,.9,1011.8,,1019.4,,0,,0,,,,10,5,ScAs,7,957,,1901,2.1,,,,,
146,傈林,2026-02-10 20:00,2.6,,,9,1.4,,340,,90,,6.6,1.1,1012.2,,1019.8,,,9,,9,,,10,6,,7,323,,19,2,,,,,
146,傈林,2026-02-10 21:00,2.8,,,9,.8,,320,,90,,6.7,1.3,1012.9,,1020.5,,,9,,9,,,10,10,St,1,332,,19,2.3,,,,,
146,傈林,2026-02-10 22:00,2.6,,,9,.1,,0,,90,,6.6,1.1,1012.9,,1020.5,,,9,,9,,,10,10,St,2,250,,1902,2.2,,,,,
146,傈林,2026-02-10 23:00,2.6,,,9,1.2,,340,,90,,6.6,1.1,1012.9,,1020.5,,,9,,9,,,10,10,St,2,204,,02,2.3,,,,,
146,傈林,2026-02-11 00:00,2.3,,.1,,.9,,340,,92,,6.6,1.1,1013.1,,1020.7,,,9,,9,,,10,10,St,2,110,,02,2.3,,,,,
146,傈林,2026-02-11 01:00,2.4,,,9,.6,,340,,91,,6.6,1,1013,,1020.6,,,9,,9,,,10,10,St,1,104,,02,2.3,,,,,
146,傈林,2026-02-11 02:00,2.5,,,9,.1,,0,,90,,6.6,1,1013,,1020.6,,,9,,9,,,10,10,Sc,1,212,,02,2.3,,,,,
146,傈林,2026-02-11 03:00,2.4,,.3,,.7,,140,,90,,6.5,.9,1012.9,,1020.5,,,9,,9,,,9,9,Sc,6,216,,1902,2.3,,,,,
146,傈林,2026-02-11 04:00,2.2,,,9,.6,,290,,93,,6.6,1.1,1013.2,,1020.8,,,9,,9,,,10,10,,4,43,,1916,2.2,,,,,
146,傈林,2026-02-11 05:00,2.2,,,9,1.1,,320,,92,,6.6,1,1013.6,,1021.2,,,9,,9,,,10,10,St,1,277,,1916,2.2,,,,,
146,傈林,2026-02-11 06:00,2.4,,0,,.2,,0,,91,,6.6,1,1013.9,,1021.5,,,9,,9,,,9,9,Sc,4,321,,19,2.2,,,,,
146,傈林,2026-02-11 07:00,2.4,,,9,.1,,0,,90,,6.5,.9,1014.3,,1021.9,,,9,,9,,,9,9,Sc,5,363,,19,2.3,,,,,
146,傈林,2026-02-11 08:00,2.7,,,9,.8,,230,,91,,6.7,1.3,1014.8,,1022.4,,0,,.02,,,,9,9,Sc,5,357,,19,2.5,,,,,
146,傈林,2026-02-11 09:00,3.3,,,9,.2,,0,,88,,6.8,1.4,1015.1,,1022.7,,0,,.15,,,,10,7,ScAs,5,477,,19,3.6,,,,,
146,傈林,2026-02-11 10:00,3.8,,,9,1.7,,250,,87,,7,1.8,1015.3,,1022.9,,0,,.31,,,,9,9,Sc,5,514,,1901,5.5,,,,,
146,傈林,2026-02-11 11:00,4.1,,,9,.3,,0,,87,,7.1,2.1,1015.7,,1023.3,,0,,.28,,,,10,4,StNs,2,475,,1902,4.8,,,,,
146,傈林,2026-02-11 12:00,4.6,,.1,,2.1,,270,,85,,7.2,2.2,1015.4,,1022.9,,0,,.33,,,,10,9,ScAs,7,437,,1902,6.1,,,,,
146,傈林,2026-02-11 13:00,5.2,,,9,2.3,,270,,82,,7.2,2.3,1015,,1022.5,,0,,.51,,,,10,6,ScAs,5,555,,19,6.5,,,,,
146,傈林,2026-02-11 14:00,6.1,,,9,3.8,,270,,72,,6.8,1.4,1014.9,,1022.4,,.2,,1.02,,,,9,9,Sc,10,641,,19,8.5,,,,,
146,傈林,2026-02-11 15:00,6.1,,,9,4.5,,250,,65,,6.1,0,1014.7,,1022.2,,.1,,1.04,,,,9,9,Sc,10,679,,4019,8.2,,,,,
146,傈林,2026-02-11 16:00,5.5,,,9,5.7,,270,,65,,5.9,-.5,1014.7,,1022.2,,.3,,1,,,,8,8,Sc,10,651,,40,6.9,,,,,
146,傈林,2026-02-11 17:00,4.8,,,9,4.3,,270,,66,,5.7,-1,1015,,1022.5,,.2,,.47,,,,2,2,Sc,10,664,,40,4.7,,,,,
146,傈林,2026-02-11 18:00,3.6,,,9,4.4,,270,,65,,5.2,-2.3,1015.2,,1022.8,,.4,,.23,,,,0,0,,,763,,40,2.2,,,,,
146,傈林,2026-02-11 19:00,2.4,,,9,2.5,,250,,71,,5.2,-2.3,1015.7,,1023.3,,0,,0,,,,0,0,,,701,,40,.6,,,,,
146,傈林,2026-02-11 20:00,1.8,,,9,2.4,,230,,76,,5.3,-1.9,1016,,1023.6,,,9,,9,,,0,0,,,558,,40,.7,,,,,
146,傈林,2026-02-11 21:00,1.5,,,9,2.1,,230,,78,,5.3,-1.9,1015.9,,1023.5,,,9,,9,,,0,0,,,501,,40,.3,,,,,
146,傈林,2026-02-11 22:00,1.1,,,9,2.1,,230,,81,,5.4,-1.8,1016.2,,1023.9,,,9,,9,,,0,0,,,416,,4019,-.1,,,,,
146,傈林,2026-02-11 23:00,.6,,,9,.8,,180,,83,,5.3,-1.9,1016,,1023.7,,,9,,9,,,0,0,,,376,,19,-.5,,,,,
146,傈林,2026-02-12 00:00,0,,,9,1.4,,180,,84,,5.2,-2.3,1016.2,,1023.9,,,9,,9,,,5,5,,,373,,19,-.5,,,,,
146,傈林,2026-02-12 01:00,-.7,,,,1.5,,160,,87,,5.1,-2.5,1016.4,,1024.1,,,9,,9,,,0,0,,,343,,19,-1.1,,,,,
146,傈林,2026-02-12 02:00,-1,,,,1.1,,160,,87,,5,-2.8,1016.4,,1024.1,,,9,,9,,,10,9,,5,318,,19,-1.1,,,,,
146,傈林,2026-02-12 03:00,-.9,,,,1,,160,,86,,4.9,-2.9,1016.5,,1024.2,,,9,,9,,,9,9,Sc,5,315,,19,-.6,,,,,
146,傈林,2026-02-12 04:00,-.9,,,,1.3,,160,,87,,5,-2.7,1016.6,,1024.3,,,9,,9,,,8,8,Sc,4,323,,19,-.7,,,,,
146,傈林,2026-02-12 05:00,-1.5,,,,1.5,,140,,88,,4.8,-3.2,1016.4,,1024.1,,,9,,9,,,7,7,Sc,10,295,,19,-1.7,,,,,
146,傈林,2026-02-12 06:00,-2.2,,,,1.3,,180,,89,,4.6,-3.7,1016.7,,1024.5,,,9,,9,,,5,5,Sc,10,260,,19,-2.4,,,,,
146,傈林,2026-02-12 07:00,-2.5,,,,1.8,,140,,91,,4.6,-3.7,1016.9,,1024.7,,,9,,9,,,0,0,,,252,,19,-2.8,,,,,
146,傈林,2026-02-12 08:00,-2.2,,,,1.2,,140,,90,,4.7,-3.6,1017.7,,1025.5,,0,,.04,,,,0,0,,,287,,19,-2.4,,,,,
146,傈林,2026-02-12 09:00,0,,,,2.1,,140,,82,,5,-2.7,1017.8,,1025.5,,1,,.74,,,,0,0,,,488,,19,-.9,,,,,
146,傈林,2026-02-12 10:00,3.6,,,,1.1,,110,,72,,5.7,-.9,1017.8,,1025.4,,1,,1.51,,,,0,0,,,675,,19,.2,,,,,
146,傈林,2026-02-12 11:00,5.7,,,,1,,160,,58,,5.3,-1.9,1017.6,,1025.1,,1,,1.83,,,,0,0,,,1647,,19,2,,,,,
146,傈林,2026-02-12 12:00,7.2,,,,1.1,,180,,47,,4.8,-3.3,1017,,1024.5,,1,,2.22,,,,0,0,,,2656,,,8.2,,,,,
146,傈林,2026-02-12 13:00,8.1,,,,2.5,,270,,38,,4.1,-5.3,1016.1,,1023.6,,1,,2.4,,,,0,0,,,2586,,,10.9,,,,,
146,傈林,2026-02-12 14:00,8.8,,,,2.3,,290,,40,,4.5,-4,1015.5,,1022.9,,1,,2.31,,,,0,0,,,2220,,,12,,,,,
146,傈林,2026-02-12 15:00,9.4,,,,3.1,,270,,36,,4.2,-4.9,1014.8,,1022.2,,1,,2.04,,,,0,0,,,2409,,,12.1,,,,,
146,傈林,2026-02-12 16:00,9.5,,,,2.4,,250,,37,,4.4,-4.4,1014.6,,1022,,1,,1.52,,,,0,0,,,1909,,,10.7,,,,,
146,傈林,2026-02-12 17:00,8.9,,,,2.3,,270,,38,,4.3,-4.6,1014.4,,1021.8,,1,,.9,,,,0,0,,,2190,,,7.6,,,,,
146,傈林,2026-02-12 18:00,6.6,,,,3,,270,,34,,3.3,-8.1,1014.6,,1022.1,,.8,,.27,,,,0,0,,,1964,,,3.7,,,,,
146,傈林,2026-02-12 19:00,5.2,,,,2.1,,250,,41,,3.6,-7,1015.1,,1022.6,,0,,0,,,,0,0,,,2035,,,1.5,,,,,
146,傈林,2026-02-12 20:00,4.3,,,,.8,,140,,44,,3.6,-6.9,1015,,1022.6,,,9,,9,,,0,0,,,1711,,,.7,,,,,
146,傈林,2026-02-12 21:00,3,,,,.8,,180,,53,,4,-5.6,1015.5,,1023.1,,,9,,9,,,0,0,,,1633,,,.6,,,,,
146,傈林,2026-02-12 22:00,1.4,,,,2.2,,140,,60,,4.1,-5.5,1015.3,,1022.9,,,9,,9,,,0,0,,,1502,,,.1,,,,,
146,傈林,2026-02-12 23:00,.4,,,,1.5,,140,,64,,4,-5.6,1014.9,,1022.6,,,9,,9,,,0,0,,,1511,,,-.5,,,,,
146,傈林,2026-02-13 00:00,-.3,,,,1.7,,140,,66,,4,-5.8,1014.5,,1022.2,,,9,,9,,,0,0,,,1492,,,-1.1,,,,,
146,傈林,2026-02-13 01:00,-.5,,,,1.7,,140,,63,,3.7,-6.6,1014.2,,1021.9,,,9,,9,,,0,0,,,1489,,,-1.5,,,,,
146,傈林,2026-02-13 02:00,-.9,,,,2.3,,140,,66,,3.8,-6.4,1014.6,,1022.3,,,9,,9,,,0,0,,,1402,,,-1.8,,,,,
146,傈林,2026-02-13 03:00,-1.6,,,,1.9,,140,,70,,3.8,-6.3,1014.8,,1022.5,,,9,,9,,,0,0,,,1225,,,-2,,,,,
146,傈林,2026-02-13 04:00,-1.6,,,,1.7,,140,,69,,3.8,-6.5,1014.7,,1022.4,,,9,,9,,,5,5,Sc,10,1292,,,-2,,,,,
146,傈林,2026-02-13 05:00,-1.2,,,,2.5,,140,,65,,3.6,-6.9,1013.8,,1021.5,,,9,,9,,,5,5,Sc,10,1369,,,-2.2,,,,,
146,傈林,2026-02-13 06:00,-1.4,,,,1.8,,140,,66,,3.6,-6.9,1013.6,,1021.3,,,9,,9,,,0,0,,,1391,,,-2.3,,,,,
146,傈林,2026-02-13 07:00,-1.2,,,,2.1,,140,,65,,3.6,-6.9,1013.8,,1021.5,,,9,,9,,,0,0,,,1400,,,-2.5,,,,,
146,傈林,2026-02-13 08:00,-1.1,,,,1.8,,140,,69,,3.9,-6,1014.1,,1021.8,,0,,.04,,,,0,0,,,1257,,,-2.1,,,,,
146,傈林,2026-02-13 09:00,1.7,,,,1.4,,140,,57,,3.9,-5.9,1013.9,,1021.5,,.8,,.48,,,,2,0,Ci,,1514,,,-.4,,,,,
146,傈林,2026-02-13 10:00,5.2,,,,2.3,,140,,43,,3.8,-6.3,1013.7,,1021.2,,1,,1.07,,,,4,0,Ci,,1749,,,.3,,,,,
146,傈林,2026-02-13 11:00,9,,,,.8,,200,,46,,5.3,-2,1013.7,,1021.1,,1,,1.7,,,,0,0,,,1034,,,3.9,,,,,
146,傈林,2026-02-13 12:00,10.5,,,,.8,,90,,49,,6.2,.2,1013.1,,1020.5,,1,,2.12,,,,0,0,,,889,,40,9,,,,,
146,傈林,2026-02-13 13:00,12.1,,,,1.3,,200,,44,,6.2,.1,1012.2,,1019.5,,1,,2.32,,,,0,0,,,930,,40,13.2,,,,,
146,傈林,2026-02-13 14:00,12.1,,,,3.3,,290,,40,,5.6,-1.1,1011.9,,1019.2,,1,,2.26,,,,0,0,,,1195,,40,13.3,,,,,
146,傈林,2026-02-13 15:00,12.4,,,,3,,290,,44,,6.3,.4,1011.8,,1019.1,,1,,1.91,,,,0,0,,,892,,40,13.1,,,,,
146,傈林,2026-02-13 16:00,12.3,,,,2.8,,290,,46,,6.5,.9,1011.5,,1018.8,,1,,1.41,,,,0,0,,,802,,40,12.2,,,,,
146,傈林,2026-02-13 17:00,11,,,,2.7,,320,,53,,6.9,1.7,1011.6,,1018.9,,1,,.77,,,,0,0,,,836,,40,9.5,,,,,
146,傈林,2026-02-13 18:00,8.9,,,,2.7,,290,,63,,7.2,2.2,1012,,1019.4,,.4,,.22,,,,0,0,,,694,,40,6.3,,,,,
146,傈林,2026-02-13 19:00,7.3,,,,.2,,0,,71,,7.2,2.3,1012.4,,1019.8,,0,,.01,,,,0,0,,,626,,40,4.2,,,,,
146,傈林,2026-02-13 20:00,6.5,,,,0,,0,,76,,7.3,2.5,1012.6,,1020.1,,,9,,9,,,0,0,,,542,,40,2.6,,,,,
146,傈林,2026-02-13 21:00,5.5,,,,1.3,,140,,76,,6.8,1.5,1012.4,,1019.9,,,9,,9,,,0,0,,,465,,40,1.6,,,,,
146,傈林,2026-02-13 22:00,4.7,,,,2.6,,140,,78,,6.6,1.1,1012.3,,1019.8,,,9,,9,,,4,0,,,438,,40,1,,,,,
146,傈林,2026-02-13 23:00,3.6,,,,1.4,,140,,79,,6.2,.2,1012.2,,1019.8,,,9,,9,,,0,0,,,422,,40,.3,,,,,
146,傈林,2026-02-14 00:00,3.2,,,,1.3,,140,,82,,6.3,.4,1012.5,,1020.1,,,9,,9,,,2,0,Ci,,392,,4019,.6,,,,,
146,傈林,2026-02-14 01:00,2.6,,,,1.8,,140,,82,,6.1,-.1,1012.5,,1020.1,,,9,,9,,,6,0,,,363,,19,.5,,,,,
146,傈林,2026-02-14 02:00,2.4,,,,2.1,,140,,83,,6.1,-.1,1012,,1019.6,,,9,,9,,,5,0,,,361,,19,.3,,,,,
146,傈林,2026-02-14 03:00,2.2,,,,1.6,,110,,83,,6,-.3,1011.9,,1019.5,,,9,,9,,,9,0,Ci,,362,,19,.3,,,,,
146,傈林,2026-02-14 04:00,2.2,,,,2.3,,140,,83,,6,-.3,1011.4,,1019,,,9,,9,,,7,0,Ci,,376,,19,.3,,,,,
146,傈林,2026-02-14 05:00,2.1,,,,2.1,,140,,83,,5.9,-.4,1011.4,,1019,,,9,,9,,,9,0,Ci,,377,,19,.2,,,,,
146,傈林,2026-02-14 06:00,2.3,,,,2,,140,,82,,5.9,-.4,1011.3,,1018.9,,,9,,9,,,6,0,Ci,,424,,19,0,,,,,
146,傈林,2026-02-14 07:00,2.6,,,,1.9,,160,,81,,6,-.3,1011.2,,1018.8,,,9,,9,,,6,2,ScCi,10,432,,19,0,,,,,
146,傈林,2026-02-14 08:00,3.2,,,,1.7,,140,,80,,6.1,0,1011.7,,1019.3,,0,,.02,,,,9,9,Sc,9,452,,19,.3,,,,,
146,傈林,2026-02-14 09:00,5.3,,,,1.7,,140,,74,,6.6,1,1011,,1018.5,,.1,,.32,,,,8,0,Ci,,564,,19,1.2,,,,,
146,傈林,2026-02-14 10:00,10,,,,1.6,,110,,62,,7.6,3,1010.4,,1017.8,,1,,1.13,,,,8,0,Ci,,731,,4019,7.5,,,,,
146,傈林,2026-02-14 11:00,12.1,,,,1.6,,180,,55,,7.7,3.3,1009.9,,1017.2,,.8,,1.65,,,,8,0,Ci,,1121,,40,11.3,,,,,
146,傈林,2026-02-14 12:00,13.6,,,,1.1,,110,,52,,8.1,3.9,1009.4,,1016.7,,.5,,1.46,,,,9,0,Ci,,1475,,,13.6,,,,,
146,傈林,2026-02-14 13:00,14.3,,,,1.1,,360,,50,,8.1,4,1008.7,,1015.9,,.3,,1.4,,,,8,2,ScCi,14,1510,,,14.9,,,,,
146,傈林,2026-02-14 14:00,14.4,,,,2,,290,,50,,8.1,4,1008.3,,1015.5,,.2,,1.43,,,,9,9,Sc,15,1572,,,14.8,,,,,
146,傈林,2026-02-14 15:00,14.7,,,,1.5,,360,,52,,8.7,4.9,1007.9,,1015.1,,0,,.83,,,,8,8,Sc,15,1631,,,14.8,,,,,
146,傈林,2026-02-14 16:00,15.3,,,,.8,,320,,50,,8.7,4.9,1007.5,,1014.7,,.3,,1,,,,3,3,Sc,12,1495,,,14.5,,,,,
146,傈林,2026-02-14 17:00,14.9,,,,2.1,,270,,53,,8.9,5.3,1007.4,,1014.6,,.7,,.73,,,,6,4,ScCi,13,1688,,,12.8,,,,,
146,傈林,2026-02-14 18:00,12.1,,,,2.3,,340,,62,,8.7,5,1007.7,,1015,,.4,,.26,,,,3,3,Sc,15,1247,,,9.2,,,,,
146,傈林,2026-02-14 19:00,11.2,,,,1.2,,340,,67,,8.8,5.2,1008.1,,1015.4,,0,,0,,,,0,0,,,1351,,,6.9,,,,,
146,傈林,2026-02-14 20:00,10.8,,,,1.3,,320,,68,,8.8,5.1,1008.7,,1016,,,9,,9,,,8,8,,12,1112,,,7.3,,,,,
146,傈林,2026-02-14 21:00,9.5,,,,1.3,,180,,73,,8.6,4.8,1008.9,,1016.3,,,9,,9,,,0,0,,,953,,40,4.9,,,,,
146,傈林,2026-02-14 22:00,7.4,,,,1.2,,140,,76,,7.8,3.4,1009.4,,1016.8,,,9,,9,,,0,0,,,860,,40,3.6,,,,,
146,傈林,2026-02-14 23:00,6.6,,,,1.5,,140,,79,,7.7,3.2,1010,,1017.5,,,9,,9,,,0,0,,,889,,40,2.8,,,,,
146,傈林,2026-02-15 00:00,5.4,,,,1.4,,140,,83,,7.4,2.7,1010,,1017.5,,,9,,9,,,0,0,,,755,,4019,2.2,,,,,
146,傈林,2026-02-15 01:00,5.6,,,,2.2,,140,,82,,7.4,2.7,1010.3,,1017.8,,,9,,9,,,9,9,,5,724,,19,3.5,,,,,
146,傈林,2026-02-15 02:00,5.7,,,,1.9,,110,,82,,7.5,2.8,1010.5,,1018,,,9,,9,,,9,7,,7,715,,19,4.1,,,,,
146,傈林,2026-02-15 03:00,5.7,,,,1.4,,140,,82,,7.5,2.8,1010.5,,1018,,,9,,9,,,8,8,Sc,7,680,,19,4.2,,,,,
146,傈林,2026-02-15 04:00,5.8,,,,.7,,180,,81,,7.4,2.7,1010.6,,1018.1,,,9,,9,,,8,8,Sc,7,689,,19,4.5,,,,,
146,傈林,2026-02-15 05:00,5.9,,,,.1,,0,,81,,7.5,2.8,1011.4,,1018.9,,,9,,9,,,8,8,Sc,8,708,,19,4.3,,,,,
146,傈林,2026-02-15 06:00,5.8,,,,1,,110,,81,,7.4,2.7,1011.7,,1019.2,,,9,,9,,,9,9,Sc,5,703,,19,4.1,,,,,
146,傈林,2026-02-15 07:00,5.8,,,,1,,140,,83,,7.6,3.1,1012,,1019.5,,,9,,9,,,9,9,Sc,8,630,,19,4,,,,,
146,傈林,2026-02-15 08:00,6.8,,,,1.4,,230,,87,,8.5,4.7,1012.4,,1019.9,,0,,.02,,,,9,9,Sc,7,509,,19,5.3,,,,,
146,傈林,2026-02-15 09:00,6.9,,,,2.2,,340,,87,,8.6,4.8,1013.4,,1020.9,,0,,.11,,,,10,9,ScAs,7,403,,19,6.2,,,,,
146,傈林,2026-02-15 10:00,7.4,,,,1.2,,290,,86,,8.8,5.2,1013.4,,1020.9,,0,,.3,,,,10,9,ScAs,7,458,,19,7.8,,,,,
146,傈林,2026-02-15 11:00,7.9,,,,1.2,,360,,84,,8.9,5.3,1013.5,,1020.9,,0,,.35,,,,9,9,Sc,7,534,,19,8.2,,,,,
146,傈林,2026-02-15 12:00,7.8,,,,2.7,,270,,81,,8.5,4.7,1013.2,,1020.6,,0,,.33,,,,9,9,Sc,7,903,,19,8.8,,,,,
146,傈林,2026-02-15 13:00,8,,,,3,,270,,79,,8.4,4.5,1012.8,,1020.2,,0,,.6,,,,9,9,Sc,8,999,,19,9.5,,,,,
146,傈林,2026-02-15 14:00,7.9,,,,2.7,,230,,80,,8.5,4.6,1013,,1020.4,,0,,.38,,,,9,9,Sc,9,824,,19,9,,,,,
146,傈林,2026-02-15 15:00,8,,,,2.8,,230,,79,,8.4,4.5,1013,,1020.4,,0,,.35,,,,9,9,Sc,9,682,,19,9.4,,,,,
146,傈林,2026-02-15 16:00,9.1,,,,3.4,,250,,76,,8.7,5,1013.1,,1020.5,,.6,,1.03,,,,7,7,Sc,8,564,,19,10.7,,,,,
146,傈林,2026-02-15 17:00,8.8,,,,3.1,,250,,73,,8.2,4.2,1012.4,,1019.8,,.8,,.72,,,,5,2,ScAc,10,591,,19,8.8,,,,,
146,傈林,2026-02-15 18:00,7.5,,,,2.6,,250,,72,,7.4,2.7,1013,,1020.4,,0,,.18,,,,5,0,Ci,,606,,19,6.2,,,,,
146,傈林,2026-02-15 19:00,4.9,,,,4.1,,250,,69,,6,-.3,1013.5,,1021,,0,,0,,,,8,0,,,1184,,4019,4.2,,,,,
146,傈林,2026-02-15 20:00,3.4,,,,3.3,,230,,62,,4.8,-3.2,1014.5,,1022.1,,,9,,9,,,8,0,,,2606,,,2.6,,,,,
146,傈林,2026-02-15 21:00,2.4,,,,1.9,,250,,68,,4.9,-2.9,1015.3,,1022.9,,,9,,9,,,0,0,,,2756,,,1.3,,,,,
146,傈林,2026-02-15 22:00,1.8,,,,2.6,,250,,72,,5,-2.7,1015.7,,1023.3,,,9,,9,,,4,0,,,2630,,,.8,,,,,
146,傈林,2026-02-15 23:00,1.4,,,,2,,250,,73,,4.9,-2.9,1016.3,,1023.9,,,9,,9,,,3,0,,,2545,,,.3,,,,,
146,傈林,2026-02-16 00:00,.5,,,,1.1,,250,,76,,4.8,-3.2,1016.1,,1023.8,,,9,,9,,,0,0,,,2527,,,-.2,,,,,
146,傈林,2026-02-16 01:00,-.5,,,,.4,,0,,80,,4.7,-3.5,1015.6,,1023.3,,,9,,9,,,0,0,,,2394,,,-.6,,,,,
146,傈林,2026-02-16 02:00,-.8,,,,.5,,250,,83,,4.8,-3.3,1015.8,,1023.5,,,9,,9,,,4,0,,,2087,,,-.9,,,,,
146,傈林,2026-02-16 03:00,-1.2,,,,1.2,,340,,85,,4.8,-3.4,1016.8,,1024.5,,,9,,9,,,8,6,AcCi,40,1824,,,-.7,,,,,
146,傈林,2026-02-16 04:00,-1.3,,,,.8,,340,,85,,4.7,-3.5,1016.5,,1024.2,,,9,,9,,,9,4,AcCi,40,1608,,,-.5,,,,,
146,傈林,2026-02-16 05:00,-1.6,,,,.2,,0,,84,,4.6,-3.9,1016.5,,1024.2,,,9,,9,,,9,0,Ci,,1516,,,-.6,,,,,
146,傈林,2026-02-16 06:00,-1.2,,,,.9,,320,,82,,4.6,-3.8,1017.2,,1024.9,,,9,,9,,,9,0,Ci,,1905,,,-.5,,,,,
146,傈林,2026-02-16 07:00,-1.1,,,,1.2,,340,,75,,4.2,-4.9,1017.2,,1024.9,,,9,,9,,,9,0,Ci,,2017,,,-.3,,,,,
146,傈林,2026-02-16 08:00,-.9,,,,1.6,,320,,70,,4,-5.6,1017.6,,1025.3,,0,,.04,,,,9,0,Ci,,2552,,,-.3,,,,,
146,傈林,2026-02-16 09:00,-.2,,,,1.6,,340,,68,,4.1,-5.4,1018.1,,1025.8,,.1,,.39,,,,9,1,ScCs,10,2735,,,-.1,,,,,
146,傈林,2026-02-16 10:00,1,,,,2.4,,320,,57,,3.8,-6.5,1018.7,,1026.4,,.8,,.88,,,,8,0,Cs,,3186,,,.3,,,,,
146,傈林,2026-02-16 11:00,2.1,,,,1.7,,320,,53,,3.8,-6.5,1018.1,,1025.7,,.8,,1.25,,,,8,0,Ci,,3447,,,3,,,,,
146,傈林,2026-02-16 12:00,3.8,,,,2.1,,340,,46,,3.7,-6.7,1017.3,,1024.9,,1,,2.06,,,,8,0,Ci,,3336,,,8.4,,,,,
146,傈林,2026-02-16 13:00,4.7,,,,2.5,,250,,41,,3.5,-7.4,1016.3,,1023.9,,1,,2.16,,,,8,0,Ci,,3174,,,10.6,,,,,
146,傈林,2026-02-16 14:00,5.7,,,,3.1,,320,,36,,3.3,-8.2,1015.6,,1023.1,,1,,2.21,,,,6,0,Ci,,3740,,,12.2,,,,,
146,傈林,2026-02-16 15:00,6.4,,,,3.1,,320,,33,,3.2,-8.7,1015.2,,1022.7,,1,,2.01,,,,6,0,Ci,,4040,,,12.2,,,,,
146,傈林,2026-02-16 16:00,7.5,,,,2.4,,250,,31,,3.2,-8.5,1014.9,,1022.4,,1,,1.59,,,,3,0,Ci,,4144,,,11.6,,,,,
146,傈林,2026-02-16 17:00,5,,,,4.9,,270,,48,,4.2,-5.1,1015.5,,1023,,1,,.87,,,,6,0,Ci,,2958,,,7.5,,,,,
146,傈林,2026-02-16 18:00,3,,,,2.6,,250,,56,,4.2,-4.9,1016.1,,1023.7,,.8,,.33,,,,6,0,Ci,,3037,,,4.2,,,,,
146,傈林,2026-02-16 19:00,1.5,,,,2,,250,,67,,4.6,-3.9,1016.9,,1024.5,,0,,0,,,,6,0,,,2512,,,1.7,,,,,
146,傈林,2026-02-16 20:00,1.1,,,,2.2,,230,,69,,4.6,-3.9,1017.1,,1024.8,,,9,,9,,,7,1,,,2490,,,.8,,,,,
146,傈林,2026-02-16 21:00,.8,,,,1.3,,230,,70,,4.5,-4,1017.7,,1025.4,,,9,,9,,,4,0,Ci,,2546,,,.2,,,,,
146,傈林,2026-02-16 22:00,-.3,,,,1,,160,,70,,4.2,-5.1,1017.9,,1025.6,,,9,,9,,,6,0,,,2438,,,-.3,,,,,
146,傈林,2026-02-16 23:00,-.8,,,,1.1,,290,,75,,4.3,-4.6,1018,,1025.7,,,9,,9,,,4,2,,62,2275,,,-.7,,,,,
146,傈林,2026-02-17 00:00,-1.3,,,,1.1,,320,,78,,4.3,-4.6,1018.2,,1025.9,,,9,,9,,,5,0,Ci,,1630,,,-1,,,,,
146,傈林,2026-02-17 01:00,-1.2,,,,.7,,110,,78,,4.4,-4.5,1018.1,,1025.8,,,9,,9,,,8,1,,62,1968,,,-1,,,,,
146,傈林,2026-02-17 02:00,-1.9,,,,.5,,110,,78,,4.2,-5.2,1017.9,,1025.7,,,9,,9,,,6,1,,,1875,,,-1.4,,,,,
146,傈林,2026-02-17 03:00,-2.8,,,,0,,0,,81,,4,-5.6,1018,,1025.8,,,9,,9,,,0,0,,,1806,,,-1.8,,,,,
146,傈林,2026-02-17 04:00,-2.4,,,,1.2,,110,,81,,4.2,-5.2,1017.7,,1025.5,,,9,,9,,,0,0,,,1707,,,-2.1,,,,,
146,傈林,2026-02-17 05:00,-3,,,,.9,,110,,82,,4,-5.6,1017.5,,1025.3,,,9,,9,,,0,0,,,1616,,,-2.4,,,,,
146,傈林,2026-02-17 06:00,-3.4,,,,1.3,,140,,83,,4,-5.8,1017.5,,1025.3,,,9,,9,,,0,0,,,1533,,,-2.6,,,,,
146,傈林,2026-02-17 07:00,-3.8,,,,1.2,,140,,85,,3.9,-5.9,1017.4,,1025.2,,,9,,9,,,0,0,,,1411,,,-2.9,,,,,
146,傈林,2026-02-17 08:00,-3,,,,1.6,,140,,82,,4,-5.6,1018,,1025.8,,.2,,.09,,,,0,0,,,1347,,,-2.6,,,,,
146,傈林,2026-02-17 09:00,-.6,,,,1,,160,,73,,4.3,-4.8,1018.2,,1025.9,,1,,.8,,,,0,0,,,1473,,,-1.5,,,,,
146,傈林,2026-02-17 10:00,1.7,,,,.8,,250,,66,,4.6,-3.9,1017.9,,1025.5,,1,,1.55,,,,0,0,,,1967,,,.2,,,,,
146,傈林,2026-02-17 11:00,3.8,,,,1.8,,160,,50,,4,-5.6,1017.2,,1024.8,,1,,2.06,,,,0,0,,,2354,,,3.9,,,,,
146,傈林,2026-02-17 12:00,5.9,,,,2,,270,,42,,3.9,-6,1016.4,,1023.9,,1,,2.43,,,,0,0,,,2763,,,8.1,,,,,
146,傈林,2026-02-17 13:00,6.2,,,,3.5,,270,,37,,3.5,-7.4,1015.6,,1023.1,,1,,2.64,,,,0,0,,,3514,,,11,,,,,
146,傈林,2026-02-17 14:00,7.3,,,,3,,290,,26,,2.7,-10.9,1014.7,,1022.2,,1,,2.57,,,,0,0,,,4276,,,13.3,,,,,
146,傈林,2026-02-17 15:00,8,,,,3.8,,270,,29,,3.1,-8.9,1014.3,,1021.7,,1,,2.29,,,,0,0,,,3856,,,13.6,,,,,
146,傈林,2026-02-17 16:00,7,,,,5,,270,,25,,2.5,-11.7,1014.2,,1021.7,,1,,1.81,,,,0,0,,,4236,,,11.4,,,,,
146,傈林,2026-02-17 17:00,6,,,,3.4,,270,,30,,2.8,-10.3,1014.4,,1021.9,,1,,1.14,,,,0,0,,,4627,,,8.3,,,,,
146,傈林,2026-02-17 18:00,3.5,,,,3.8,,270,,46,,3.6,-7,1014.7,,1022.3,,1,,.4,,,,0,0,,,4841,,,3.9,,,,,
146,傈林,2026-02-17 19:00,2,,,,3,,270,,63,,4.4,-4.3,1015.2,,1022.8,,0,,0,,,,0,0,,,3999,,,1.7,,,,,
146,傈林,2026-02-17 20:00,1.3,,,,2.1,,250,,72,,4.8,-3.2,1015.6,,1023.2,,,9,,9,,,0,0,,,3325,,,.5,,,,,
146,傈林,2026-02-17 21:00,.4,,,,.7,,230,,75,,4.7,-3.5,1015.7,,1023.4,,,9,,9,,,1,1,Sc,10,2996,,,-.1,,,,,
146,傈林,2026-02-17 22:00,1.3,,,,1.6,,230,,77,,5.2,-2.2,1016,,1023.6,,,9,,9,,,9,8,,6,3110,,,.1,,,,,
146,傈林,2026-02-17 23:00,1.3,,,,.5,,160,,76,,5.1,-2.4,1015.7,,1023.3,,,9,,9,,,4,4,,7,2802,,,0,,,,,
146,傈林,2026-02-18 00:00,.5,,,,1,,140,,77,,4.9,-3,1015.7,,1023.4,,,9,,9,,,5,5,,,2789,,,-.4,,,,,
146,傈林,2026-02-18 01:00,0,,,,1.4,,180,,78,,4.8,-3.3,1015.6,,1023.3,,,9,,9,,,0,0,,,2593,,,-.8,,,,,
146,傈林,2026-02-18 02:00,-.7,,,,1.3,,140,,80,,4.6,-3.7,1015.4,,1023.1,,,9,,9,,,0,0,,,2514,,,-1.2,,,,,
146,傈林,2026-02-18 03:00,-1.2,,,,1.5,,160,,82,,4.6,-3.8,1015.2,,1022.9,,,9,,9,,,0,0,,,2431,,,-1.6,,,,,
146,傈林,2026-02-18 04:00,-1.7,,,,1.4,,140,,83,,4.5,-4.2,1014.5,,1022.2,,,9,,9,,,0,0,,,2193,,,-1.9,,,,,
146,傈林,2026-02-18 05:00,-1.8,,,,2.1,,140,,84,,4.5,-4.1,1014.3,,1022,,,9,,9,,,0,0,,,2328,,,-2,,,,,
146,傈林,2026-02-18 06:00,-1.8,,,,2,,140,,84,,4.5,-4.1,1014.1,,1021.8,,,9,,9,,,0,0,,,2241,,,-2.2,,,,,
146,傈林,2026-02-18 07:00,-1.8,,,,2.5,,140,,84,,4.5,-4.1,1014,,1021.7,,,9,,9,,,0,0,,,2100,,,-2.2,,,,,
146,傈林,2026-02-18 08:00,-1.1,,,,2.5,,140,,83,,4.7,-3.6,1014.4,,1022.1,,0,,.06,,,,0,0,,,1972,,,-1.7,,,,,
146,傈林,2026-02-18 09:00,1.6,,,,1.5,,110,,76,,5.2,-2.1,1014.7,,1022.3,,1,,.53,,,,0,0,,,1980,,,-.5,,,,,
146,傈林,2026-02-18 10:00,5.9,,,,1.3,,230,,69,,6.4,.6,1014.6,,1022.1,,1,,1.2,,,,0,0,,,1453,,,1.1,,,,,
146,傈林,2026-02-18 11:00,7,,,,3.7,,270,,62,,6.2,.2,1015,,1022.5,,1,,1.81,,,,4,4,Sc,16,1327,,,5.2,,,,,
146,傈林,2026-02-18 12:00,8.5,,,,2.7,,320,,39,,4.3,-4.6,1014.9,,1022.3,,1,,2.27,,,,2,2,Sc,10,2148,,,10.3,,,,,
146,傈林,2026-02-18 13:00,9.2,,,,3.1,,290,,33,,3.8,-6.2,1014.5,,1021.9,,1,,2.53,,,,0,0,,,2694,,,13.3,,,,,
146,傈林,2026-02-18 14:00,10.3,,,,5,,270,,32,,4,-5.7,1013.8,,1021.2,,1,,2.46,,,,0,0,,,2187,,,14.8,,,,,
146,傈林,2026-02-18 15:00,9.4,,,,6.4,,270,,33,,3.9,-6,1014,,1021.4,,1,,2.24,,,,0,0,,,2656,,,13.7,,,,,
146,傈林,2026-02-18 16:00,7.6,,,,4.9,,270,,39,,4.1,-5.4,1015,,1022.5,,1,,1.78,,,,0,0,,,2986,,,12.1,,,,,
146,傈林,2026-02-18 17:00,4.7,,,,6,,270,,40,,3.4,-7.7,1015.7,,1023.2,,1,,1.15,,,,0,0,,,4324,,,7.9,,,,,
146,傈林,2026-02-18 18:00,2.7,,,,4.3,,270,,44,,3.3,-8.3,1016.3,,1023.9,,1,,.43,,,,0,0,,,4470,,,3.5,,,,,
146,傈林,2026-02-18 19:00,1.4,,,,2.8,,250,,51,,3.5,-7.6,1017,,1024.7,,0,,.01,,,,0,0,,,4718,,,1.2,,,,,
146,傈林,2026-02-18 20:00,.8,,,,2.5,,250,,56,,3.6,-6.9,1017.5,,1025.2,,,9,,9,,,0,0,,,4607,,,-.1,,,,,
146,傈林,2026-02-18 21:00,.3,,,,2.3,,250,,60,,3.8,-6.5,1018,,1025.7,,,9,,9,,,0,0,,,4379,,,-.3,,,,,
146,傈林,2026-02-18 22:00,-.1,,,,2.1,,230,,62,,3.8,-6.5,1018.4,,1026.1,,,9,,9,,,0,0,,,4410,,,-.7,,,,,
146,傈林,2026-02-18 23:00,-.7,,,,1.4,,180,,64,,3.7,-6.6,1018.5,,1026.2,,,9,,9,,,0,0,,,4188,,,-1.2,,,,,
146,傈林,2026-02-19 00:00,-1.2,,,,1.2,,230,,65,,3.6,-6.9,1018.5,,1026.2,,,9,,9,,,0,0,,,4211,,,-1.6,,,,,
146,傈林,2026-02-19 01:00,-2.3,,,,2.1,,140,,69,,3.6,-7.2,1018.8,,1026.6,,,9,,9,,,0,0,,,4040,,,-1.9,,,,,
146,傈林,2026-02-19 02:00,-2.7,,,,1.1,,160,,71,,3.6,-7.2,1019.2,,1027,,,9,,9,,,0,0,,,4189,,,-2.2,,,,,
146,傈林,2026-02-19 03:00,-3,,,,2,,110,,73,,3.6,-7.1,1019.2,,1027,,,9,,9,,,0,0,,,4035,,,-2.5,,,,,
146,傈林,2026-02-19 04:00,-3.6,,,,2.4,,140,,75,,3.5,-7.3,1018.7,,1026.5,,,9,,9,,,0,0,,,3950,,,-2.8,,,,,
146,傈林,2026-02-19 05:00,-3.7,,,,2.5,,140,,75,,3.5,-7.4,1018.6,,1026.4,,,9,,9,,,0,0,,,4030,,,-3,,,,,
146,傈林,2026-02-19 06:00,-4,,,,2.4,,140,,76,,3.5,-7.6,1018.6,,1026.4,,,9,,9,,,0,0,,,4217,,,-3.3,,,,,
146,傈林,2026-02-19 07:00,-4.3,,,,1.4,,160,,78,,3.5,-7.5,1018.3,,1026.1,,,9,,9,,,0,0,,,3610,,,-3.6,,,,,
146,傈林,2026-02-19 08:00,-2.9,,,,2,,140,,76,,3.8,-6.5,1018.4,,1026.2,,.2,,.09,,,,0,0,,,3164,,,-3.1,,,,,
146,傈林,2026-02-19 09:00,-.2,,,,.4,,0,,68,,4.1,-5.4,1018.9,,1026.6,,1,,.75,,,,0,0,,,3220,,,-2,,,,,
146,傈林,2026-02-19 10:00,2,,,,1,,360,,68,,4.8,-3.2,1019.2,,1026.8,,1,,1.45,,,,0,0,,,2793,,,.3,,,,,
146,傈林,2026-02-19 11:00,3.1,,,,3.1,,290,,60,,4.6,-3.9,1019.6,,1027.2,,1,,2.06,,,,0,0,,,3403,,,4.3,,,,,
146,傈林,2026-02-19 12:00,4.8,,,,3.2,,290,,53,,4.6,-3.9,1019.4,,1027,,1,,2.49,,,,0,0,,,4170,,,7.6,,,,,
146,傈林,2026-02-19 13:00,6.1,,,,1.7,,70,,45,,4.2,-4.9,1017.8,,1025.3,,1,,2.68,,,,0,0,,,3873,,,11.9,,,,,
146,傈林,2026-02-19 14:00,7.7,,,,2.8,,270,,34,,3.6,-7.2,1016.4,,1023.9,,1,,2.64,,,,0,0,,,4292,,,14.3,,,,,
146,傈林,2026-02-19 15:00,8.7,,,,2.6,,250,,30,,3.4,-7.9,1015.8,,1023.2,,1,,2.34,,,,1,0,Ci,,4743,,,14.9,,,,,
146,傈林,2026-02-19 16:00,8.8,,,,2.4,,270,,26,,3,-9.6,1015,,1022.4,,1,,1.82,,,,2,0,Ci,,4645,,,13.7,,,,,
146,傈林,2026-02-19 17:00,8.7,,,,2.6,,270,,32,,3.6,-7.1,1014.9,,1022.3,,1,,1.13,,,,3,0,Ci,,4579,,,10.5,,,,,
146,傈林,2026-02-19 18:00,6.3,,,,2.5,,290,,34,,3.2,-8.4,1015.2,,1022.7,,1,,.39,,,,2,0,Ci,,4842,,,5.5,,,,,
146,傈林,2026-02-19 19:00,4.5,,,,2.7,,270,,38,,3.2,-8.6,1015.7,,1023.3,,0,,.01,,,,4,0,,,5000,,,2.7,,,,,
146,傈林,2026-02-19 20:00,2.9,,,,1.9,,270,,56,,4.2,-5,1016.1,,1023.7,,,9,,9,,,6,1,,46,4652,,,1.3,,,,,
146,傈林,2026-02-19 21:00,1.6,,,,.8,,20,,62,,4.2,-4.9,1015.3,,1022.9,,,9,,9,,,0,0,,,4506,,,0,,,,,
146,傈林,2026-02-19 22:00,1.3,,,,.9,,20,,64,,4.3,-4.7,1015.3,,1022.9,,,9,,9,,,4,3,,42,2768,,,-.4,,,,,
146,傈林,2026-02-19 23:00,.6,,,,2.1,,110,,64,,4.1,-5.4,1015.3,,1023,,,9,,9,,,4,4,,61,3654,,,-.7,,,,,
146,傈林,2026-02-20 00:00,-.2,,,,1.3,,140,,65,,3.9,-5.9,1015.3,,1023,,,9,,9,,,0,0,,,4002,,,-1,,,,,
146,傈林,2026-02-20 01:00,-.9,,,,1.9,,140,,65,,3.7,-6.6,1015.3,,1023,,,9,,9,,,4,0,,,4304,,,-1.3,,,,,
146,傈林,2026-02-20 02:00,-1,,,,2.4,,140,,65,,3.7,-6.7,1015.4,,1023.1,,,9,,9,,,4,2,,61,4712,,,-1.5,,,,,
146,傈林,2026-02-20 03:00,-1.2,,,,2.5,,140,,64,,3.6,-7.1,1015.2,,1022.9,,,9,,9,,,0,0,,,4578,,,-1.6,,,,,
146,傈林,2026-02-20 04:00,-1,,,,2.3,,140,,63,,3.6,-7.1,1014.6,,1022.3,,,9,,9,,,0,0,,,4887,,,-1.7,,,,,
146,傈林,2026-02-20 05:00,-.8,,,,2.3,,140,,62,,3.6,-7.1,1014.3,,1022,,,9,,9,,,0,0,,,4825,,,-1.9,,,,,
146,傈林,2026-02-20 06:00,-.5,,,,2.3,,140,,62,,3.7,-6.8,1013.9,,1021.6,,,9,,9,,,0,0,,,4567,,,-2,,,,,
146,傈林,2026-02-20 07:00,-.3,,,,2.2,,140,,62,,3.7,-6.7,1013.3,,1021,,,9,,9,,,0,0,,,4578,,,-2,,,,,
146,傈林,2026-02-20 08:00,.7,,,,2.4,,140,,61,,3.9,-5.9,1013.4,,1021,,.2,,.08,,,,0,0,,,3789,,,-1.7,,,,,
146,傈林,2026-02-20 09:00,4,,,,2.3,,160,,48,,3.9,-6,1013.1,,1020.6,,1,,.63,,,,0,0,,,4227,,,-.4,,,,,
146,傈林,2026-02-20 10:00,7.5,,,,1.4,,160,,42,,4.3,-4.6,1012.9,,1020.3,,1,,1.34,,,,0,0,,,3049,,,1.7,,,,,
146,傈林,2026-02-20 11:00,10.8,,,,1.7,,180,,37,,4.8,-3.3,1012.2,,1019.5,,1,,1.96,,,,0,0,,,2601,,,5.7,,,,,
146,傈林,2026-02-20 12:00,11.8,,,,1.8,,250,,31,,4.3,-4.8,1011.6,,1018.9,,1,,2.38,,,,0,0,,,2069,,,12.5,,,,,
146,傈林,2026-02-20 13:00,13,,,,4.1,,250,,27,,4.1,-5.5,1010.6,,1017.9,,1,,2.55,,,,0,0,,,2071,,,15.9,,,,,
146,傈林,2026-02-20 14:00,13.8,,,,4.5,,250,,25,,3.9,-5.9,1009.6,,1016.8,,1,,2.54,,,,0,0,,,2383,,,17.3,,,,,
146,傈林,2026-02-20 15:00,14.1,,,,4.3,,250,,23,,3.7,-6.7,1009.1,,1016.3,,1,,2.28,,,,0,0,,,2116,,,17.5,,,,,
146,傈林,2026-02-20 16:00,14.3,,,,3.9,,250,,27,,4.4,-4.4,1008.7,,1015.9,,1,,1.76,,,,0,0,,,2200,,,16.3,,,,,
146,傈林,2026-02-20 17:00,13.8,,,,3,,250,,29,,4.6,-3.9,1008.7,,1015.9,,1,,1.04,,,,0,0,,,1927,,,13.1,,,,,
146,傈林,2026-02-20 18:00,10.8,,,,2,,320,,39,,5,-2.6,1008.9,,1016.2,,.9,,.35,,,,0,0,,,1480,,,8.6,,,,,
146,傈林,2026-02-20 19:00,8.6,,,,1,,340,,46,,5.2,-2.3,1009.4,,1016.8,,0,,.01,,,,0,0,,,1420,,,5.3,,,,,
146,傈林,2026-02-20 20:00,8.6,,,,.9,,250,,55,,6.1,0,1009.4,,1016.8,,,9,,9,,,0,0,,,1094,,,3.8,,,,,
146,傈林,2026-02-20 21:00,6.4,,,,2.1,,140,,53,,5.1,-2.5,1009.4,,1016.9,,,9,,9,,,0,0,,,1387,,,2.4,,,,,
146,傈林,2026-02-20 22:00,5.5,,,,2.5,,110,,56,,5.1,-2.5,1009.3,,1016.8,,,9,,9,,,0,0,,,1486,,,1.3,,,,,
146,傈林,2026-02-20 23:00,5,,,,2.4,,110,,58,,5.1,-2.5,1009.4,,1016.9,,,9,,9,,,0,0,,,1474,,,.7,,,,,
146,傈林,2026-02-21 00:00,5.1,,,,2.5,,140,,57,,5,-2.7,1009.1,,1016.6,,,9,,9,,,0,0,,,1459,,,.2,,,,,
146,傈林,2026-02-21 01:00,5.4,,,,2.2,,140,,57,,5.1,-2.4,1008.8,,1016.3,,,9,,9,,,0,0,,,1481,,,-.3,,,,,
146,傈林,2026-02-21 02:00,6.4,,,,2.9,,140,,54,,5.2,-2.2,1008.7,,1016.1,,,9,,9,,,0,0,,,1502,,,.1,,,,,
146,傈林,2026-02-21 03:00,6.2,,,,2.6,,140,,54,,5.1,-2.4,1008.4,,1015.8,,,9,,9,,,0,0,,,1536,,,0,,,,,
146,傈林,2026-02-21 04:00,6.1,,,,2.9,,140,,55,,5.2,-2.2,1008.2,,1015.7,,,9,,9,,,0,0,,,1550,,,-.2,,,,,
146,傈林,2026-02-21 05:00,5.9,,,,2.9,,140,,58,,5.4,-1.7,1007.8,,1015.3,,,9,,9,,,0,0,,,1504,,,-.1,,,,,
146,傈林,2026-02-21 06:00,5.9,,,,2.8,,140,,59,,5.5,-1.5,1007.9,,1015.4,,,9,,9,,,0,0,,,1553,,,-.2,,,,,
146,傈林,2026-02-21 07:00,6,,,,2.8,,140,,61,,5.7,-.9,1007.8,,1015.3,,,9,,9,,,0,0,,,1558,,,-.2,,,,,
146,傈林,2026-02-21 08:00,7.5,,,,3.3,,140,,60,,6.2,.2,1007.7,,1015.1,,.2,,.09,,,,0,0,,,1489,,,.3,,,,,
146,傈林,2026-02-21 09:00,10.2,,,,3,,140,,54,,6.7,1.2,1007.8,,1015.1,,1,,.63,,,,0,0,,,1511,,,3.1,,,,,
146,傈林,2026-02-21 10:00,13,,,,3.5,,160,,48,,7.2,2.2,1007.6,,1014.9,,1,,1.32,,,,0,0,,,1688,,,8.5,,,,,
146,傈林,2026-02-21 11:00,14.6,,,,4.1,,160,,39,,6.4,.7,1007.1,,1014.3,,1,,1.92,,,,0,0,,,1832,,,13.3,,,,,
146,傈林,2026-02-21 12:00,16.5,,,,4.1,,160,,30,,5.6,-1.1,1006.5,,1013.7,,1,,2.35,,,,0,0,,,2538,,,18,,,,,
146,傈林,2026-02-21 13:00,17.9,,,,3.7,,180,,26,,5.3,-1.9,1005.5,,1012.6,,1,,2.54,,,,0,0,,,2874,,,21,,,,,
146,傈林,2026-02-21 14:00,18.7,,,,4,,230,,26,,5.6,-1.2,1004.3,,1011.4,,1,,2.49,,,,0,0,,,2640,,,22,,,,,
146,傈林,2026-02-21 15:00,18.7,,,,4.4,,180,,26,,5.6,-1.2,1003.4,,1010.5,,1,,2.2,,,,0,0,,,2875,,,21.9,,,,,
146,傈林,2026-02-21 16:00,19,,,,3.7,,180,,26,,5.7,-.9,1002.6,,1009.7,,1,,1.69,,,,0,0,,,2955,,,20.2,,,,,
146,傈林,2026-02-21 17:00,18.5,,,,3.3,,180,,27,,5.8,-.8,1002.2,,1009.3,,1,,1.06,,,,0,0,,,3142,,,16.8,,,,,
146,傈林,2026-02-21 18:00,16.8,,,,3,,180,,32,,6.1,0,1002.3,,1009.4,,1,,.37,,,,0,0,,,3113,,,12.5,,,,,
146,傈林,2026-02-21 19:00,15.5,,,,2.8,,230,,35,,6.1,0,1002.9,,1010.1,,0,,.01,,,,0,0,,,3127,,,10.3,,,,,
146,傈林,2026-02-21 20:00,13.4,,,,2.7,,160,,39,,6,-.2,1003.3,,1010.5,,,9,,9,,,0,0,,,3262,,,8.2,,,,,
146,傈林,2026-02-21 21:00,12.9,,,,4,,160,,40,,6,-.3,1003.3,,1010.5,,,9,,9,,,0,0,,,3445,,,7,,,,,
146,傈林,2026-02-21 22:00,11.8,,,,3.6,,140,,43,,6,-.3,1003.2,,1010.5,,,9,,9,,,0,0,,,3444,,,6.1,,,,,
146,傈林,2026-02-21 23:00,10.7,,,,3.2,,140,,47,,6.1,-.1,1002.9,,1010.2,,,9,,9,,,0,0,,,3317,,,5.2,,,,,
146,傈林,2026-02-22 00:00,10.4,,,,2.3,,140,,53,,6.7,1.2,1002.7,,1010,,,9,,9,,,0,0,,,3304,,,4.5,,,,,
146,傈林,2026-02-22 01:00,10.4,,,,2.6,,140,,57,,7.2,2.2,1002.7,,1010,,,9,,9,,,0,0,,,3418,,,4.1,,,,,
146,傈林,2026-02-22 02:00,10.5,,,,3.1,,140,,56,,7.1,2,1003,,1010.3,,,9,,9,,,0,0,,,3702,,,4,,,,,
146,傈林,2026-02-22 03:00,10.7,,,,3.5,,160,,56,,7.2,2.2,1002.5,,1009.8,,,9,,9,,,0,0,,,4107,,,4,,,,,
146,傈林,2026-02-22 04:00,11.1,,,,2.3,,160,,55,,7.2,2.3,1002.3,,1009.6,,,9,,9,,,5,5,Sc,10,4431,,,4.1,,,,,
146,傈林,2026-02-22 05:00,11.3,,,,3.2,,160,,59,,7.8,3.5,1001.6,,1008.9,,,9,,9,,,6,6,Sc,10,4132,,,5,,,,,
146,傈林,2026-02-22 06:00,12,,,,4.1,,160,,66,,9.2,5.8,1000.9,,1008.1,,,9,,9,,,3,3,Sc,10,3712,,,5.4,,,,,
146,傈林,2026-02-22 07:00,12.7,,,,4.7,,180,,68,,9.9,6.9,1000.2,,1007.4,,,9,,9,,,0,0,,,3665,,,6.1,,,,,
146,傈林,2026-02-22 08:00,13.6,,,,3.6,,160,,68,,10.5,7.7,1000.4,,1007.6,,.1,,.11,,,,3,0,Ci,,3340,,,7.5,,,,,
146,傈林,2026-02-22 09:00,15.2,,,,3.7,,160,,65,,11.2,8.6,1000.5,,1007.6,,.9,,.58,,,,2,0,Ci,,3303,,,9.6,,,,,
146,傈林,2026-02-22 10:00,15.9,,,,4.1,,230,,64,,11.5,9,1000.8,,1007.9,,.5,,.75,,,,10,7,ScAs,10,3148,,,12,,,,,
146,傈林,2026-02-22 11:00,13.3,,,,5.2,,270,,74,,11.2,8.7,1001.6,,1008.8,,0,,.22,,,,10,5,ScAs,10,1796,,,11.8,,,,,
146,傈林,2026-02-22 12:00,12.7,,,,5.3,,250,,74,,10.8,8.1,1001.9,,1009.1,,.1,,.83,,,,8,8,Sc,10,1267,,,14,,,,,
146,傈林,2026-02-22 13:00,12.9,,,,5.1,,250,,69,,10.2,7.3,1002.3,,1009.5,,0,,1.19,,,,6,6,Sc,10,1108,,,15.4,,,,,
146,傈林,2026-02-22 14:00,13.6,,,,6,,270,,49,,7.6,3,1002.4,,1009.6,,.9,,1.82,,,,0,0,,,684,,42,17.3,,,,,
146,傈林,2026-02-22 15:00,11.9,,,,5.1,,250,,56,,7.7,3.3,1003.3,,1010.6,,1,,1.65,,,,0,0,,,567,,42,16.3,,,,,
146,傈林,2026-02-22 16:00,8.8,,,,6.3,,270,,61,,6.9,1.6,1005.4,,1012.8,,.7,,1.18,,,,0,0,,,872,,42,13.3,,,,,
146,傈林,2026-02-22 17:00,6.6,,,,6.1,,270,,59,,5.8,-.8,1007,,1014.4,,.8,,.8,,,,0,0,,,1799,,42,10.1,,,,,
146,傈林,2026-02-22 18:00,5.3,,,,4.9,,270,,54,,4.8,-3.2,1008.5,,1016,,.9,,.37,,,,0,0,,,1723,,42,6.8,,,,,
146,傈林,2026-02-22 19:00,3.5,,,,4.6,,270,,53,,4.2,-5.2,1010.1,,1017.6,,0,,.02,,,,0,0,,,3035,,42,4,,,,,
146,傈林,2026-02-22 20:00,3,,,,4.5,,270,,42,,3.2,-8.6,1011.7,,1019.3,,,9,,9,,,0,0,,,4356,,,2.4,,,,,
146,傈林,2026-02-22 21:00,2.3,,,,4,,270,,44,,3.2,-8.7,1012.9,,1020.5,,,9,,9,,,0,0,,,3792,,,1.3,,,,,
146,傈林,2026-02-22 22:00,2.6,,,,3.9,,320,,40,,3,-9.6,1014,,1021.6,,,9,,9,,,0,0,,,4240,,,.5,,,,,
146,傈林,2026-02-22 23:00,.9,,,,1.7,,360,,45,,2.9,-9.7,1014.8,,1022.4,,,9,,9,,,0,0,,,4493,,,-.7,,,,,
146,傈林,2026-02-23 00:00,.2,,,,1.3,,340,,49,,3,-9.2,1015.6,,1023.3,,,9,,9,,,3,3,Sc,12,3464,,,-.8,,,,,
146,傈林,2026-02-23 01:00,1,,,,.7,,340,,49,,3.2,-8.5,1016,,1023.7,,,9,,9,,,10,8,,12,3293,,,.2,,,,,
146,傈林,2026-02-23 02:00,.1,,,,.7,,360,,53,,3.3,-8.3,1015.8,,1023.5,,,9,,9,,,0,0,,,3841,,,-.8,,,,,
146,傈林,2026-02-23 03:00,-.3,,,,.4,,0,,60,,3.6,-7.1,1015.8,,1023.5,,,9,,9,,,0,0,,,3380,,,-1.2,,,,,
146,傈林,2026-02-23 04:00,-.9,,,,.6,,140,,63,,3.6,-7,1015.9,,1023.6,,,9,,9,,,0,0,,,3610,,,-1.5,,,,,
146,傈林,2026-02-23 05:00,-1.5,,,,.5,,110,,63,,3.5,-7.6,1016.7,,1024.4,,,9,,9,,,0,0,,,3703,,,-1.8,,,,,
146,傈林,2026-02-23 06:00,-1.6,,,,.8,,160,,62,,3.4,-7.9,1017.3,,1025,,,9,,9,,,0,0,,,3759,,,-2.1,,,,,
146,傈林,2026-02-23 07:00,-1.7,,,,1.5,,110,,64,,3.5,-7.6,1018,,1025.7,,,9,,9,,,0,0,,,3922,,,-2.2,,,,,
146,傈林,2026-02-23 08:00,-.7,,,,1.6,,110,,60,,3.5,-7.5,1018.7,,1026.4,,.3,,.11,,,,0,0,,,3988,,,-1.7,,,,,
146,傈林,2026-02-23 09:00,2.4,,,,1,,140,,50,,3.6,-6.9,1019,,1026.6,,1,,.73,,,,0,0,,,3508,,,-.6,,,,,
146,傈林,2026-02-23 10:00,4.4,,,,3.1,,50,,27,,2.3,-13,1018.8,,1026.4,,1,,1.47,,,,0,0,,,4730,,,2.1,,,,,
146,傈林,2026-02-23 11:00,6.4,,,,1.6,,50,,25,,2.4,-12.2,1019.1,,1026.6,,1,,2.05,,,,0,0,,,4593,,,8.4,,,,,
146,傈林,2026-02-23 12:00,7.8,,,,3.7,,290,,19,,2,-14.4,1019.2,,1026.7,,1,,2.48,,,,0,0,,,4580,,,13.2,,,,,
146,傈林,2026-02-23 13:00,8.5,,,,4.8,,320,,19,,2.1,-13.8,1017.9,,1025.4,,1,,2.53,,,,7,0,Ci,,4070,,,15.2,,,,,
146,傈林,2026-02-23 14:00,9,,,,3.7,,320,,19,,2.2,-13.4,1017.8,,1025.2,,.9,,2.03,,,,9,0,Ci,,4506,,,14.6,,,,,
146,傈林,2026-02-23 15:00,8.7,,,,3.3,,340,,21,,2.4,-12.4,1018,,1025.4,,.6,,1.74,,,,9,0,Ci,,4608,,,14.5,,,,,
146,傈林,2026-02-23 16:00,8.3,,,,2.6,,290,,22,,2.4,-12.2,1017.4,,1024.9,,.2,,.98,,,,8,0,Ci,,4828,,,11.9,,,,,
146,傈林,2026-02-23 17:00,7.3,,,,3,,270,,39,,4,-5.7,1017.8,,1025.3,,.4,,.78,,,,7,0,Ci,,4785,,,10.4,,,,,
146,傈林,2026-02-23 18:00,6.2,,,,2.7,,270,,39,,3.7,-6.7,1017.8,,1025.3,,.7,,.41,,,,4,0,Ci,,4566,,,7.2,,,,,
146,傈林,2026-02-23 19:00,4.9,,,,2,,230,,45,,3.9,-6,1018.1,,1025.7,,0,,.02,,,,5,0,,,4420,,,4.3,,,,,
146,傈林,2026-02-23 20:00,4.3,,,,2.2,,250,,49,,4.1,-5.4,1017.9,,1025.5,,,9,,9,,,8,7,,55,4208,,,3.6,,,,,
146,傈林,2026-02-23 21:00,3.8,,,,1.7,,250,,50,,4,-5.6,1018.7,,1026.3,,,9,,9,,,6,0,Ci,,3852,,,2.7,,,,,
146,傈林,2026-02-23 22:00,3.3,,,,.8,,250,,50,,3.9,-6.1,1018.5,,1026.1,,,9,,9,,,10,4,,41,3822,,,2.9,,,,,
146,傈林,2026-02-23 23:00,2.7,,,,1.4,,320,,45,,3.3,-8,1018.4,,1026,,,9,,9,,,9,4,,40,3611,,,2.3,,,,,
146,傈林,2026-02-24 00:00,2.3,,,,.2,,0,,48,,3.5,-7.6,1018.3,,1025.9,,,9,,9,,,8,8,,,3250,,,1.9,,,,,
146,傈林,2026-02-24 01:00,2.6,,,,1,,20,,39,,2.9,-9.9,1018.1,,1025.7,,,9,,9,,,9,5,,38,4321,,,2.1,,,,,
146,傈林,2026-02-24 02:00,1.9,,,,1.8,,340,,45,,3.1,-8.8,1017.8,,1025.4,,,9,,9,,,6,6,,37,4028,,,1.6,,,,,
146,傈林,2026-02-24 03:00,2,,,,.2,,0,,44,,3.1,-9,1017.4,,1025,,,9,,9,,,7,7,Ac,38,4461,,,1.6,,,,,
146,傈林,2026-02-24 04:00,2,,,,1.3,,360,,43,,3,-9.2,1016.8,,1024.4,,,9,,9,,,8,8,Ac,39,3895,,,1.8,,,,,
146,傈林,2026-02-24 05:00,2.4,,,,2.6,,140,,55,,4,-5.7,1015.3,,1022.9,,,9,,9,,,9,9,Ac,30,2970,,,1.7,,,,,
146,傈林,2026-02-24 06:00,2,,,,2.7,,290,,54,,3.8,-6.3,1015.6,,1023.2,,,9,,9,,,9,8,AcCi,31,3534,,,1.8,,,,,
146,傈林,2026-02-24 07:00,2.8,,,,1.8,,250,,49,,3.7,-6.8,1016.4,,1024,,,9,,9,,,9,7,AcCi,35,3429,,,2,,,,,
146,傈林,2026-02-24 08:00,2.3,,,,2.2,,340,,37,,2.7,-10.9,1016.5,,1024.1,,0,,.01,,,,10,10,As,28,4252,,,2.1,,,,,
146,傈林,2026-02-24 09:00,2.7,,,,1.4,,270,,35,,2.6,-11.2,1017.9,,1025.5,,0,,.05,,,,10,2,ScAs,13,3595,,,2.5,,,,,
146,傈林,2026-02-24 10:00,2.7,,,,1.4,,340,,36,,2.7,-10.9,1017.3,,1024.9,,0,,.08,,,,10,3,ScAs,11,3453,,,2.9,,,,,
146,傈林,2026-02-24 11:00,3,,,9,2.4,,290,,62,,4.7,-3.5,1017.5,,1025.1,,0,,.13,,,,10,5,ScAs,7,2362,,05,3.5,,,,,
146,傈林,2026-02-24 12:00,.7,,1.7,,2.2,,70,,87,,5.6,-1.2,1016.9,,1024.6,,0,,.12,,.4,.4,10,7,StNs,2,140,,05,1.4,,,,,
146,傈林,2026-02-24 13:00,1.2,,,9,.1,,0,,85,,5.7,-1,1016.1,,1023.7,,0,,.17,,2,,10,7,StNs,2,137,,05,1.2,,,,,
146,傈林,2026-02-24 14:00,1.5,,,9,.1,,0,,83,,5.7,-1,1015.4,,1023,,0,,.11,,2.3,,10,8,StNs,2,190,,05,1.1,,,,,
146,傈林,2026-02-24 15:00,1.4,,4.6,,.6,,360,,86,,5.8,-.6,1014.7,,1022.3,,0,,.15,,2.5,2.1,10,9,StNs,4,699,,0605,1.1,,,,,
146,傈林,2026-02-24 16:00,2,,,9,.3,,0,,85,,6,-.2,1014.6,,1022.2,,0,,.24,,2,,10,4,ScAs,8,1010,,0601,1,,,,,
146,傈林,2026-02-24 17:00,1.6,,,9,1.1,,20,,88,,6.1,-.1,1014.1,,1021.7,,0,,.18,,1.2,,10,3,ScAs,8,1064,,01,1,,,,,
146,傈林,2026-02-24 18:00,1.8,,1.1,,2.1,,340,,90,,6.2,.3,1014.5,,1022.1,,0,,.09,,1,0,10,5,ScAs,5,1432,,01,.9,,,,,
146,傈林,2026-02-24 19:00,1.9,,,9,1.3,,340,,89,,6.2,.2,1014.4,,1022,,0,,.01,,.8,,8,2,ScAsCi,10,1175,,01,.9,,,,,
146,傈林,2026-02-24 20:00,1.8,,,9,1.4,,340,,90,,6.2,.3,1014.7,,1022.3,,,9,,9,.8,,8,2,,7,882,,19,1,,,,,
146,傈林,2026-02-24 21:00,1,,.2,,2.1,,320,,91,,6,-.3,1014.9,,1022.5,,,9,,9,.8,,2,2,Sc,10,971,,19,1.1,,,,,
146,傈林,2026-02-24 22:00,.6,,,9,1.8,,320,,92,,5.9,-.5,1014.9,,1022.6,,,9,,9,.8,,4,0,,,986,,19,1,,,,,
146,傈林,2026-02-24 23:00,.6,,,9,1,,320,,91,,5.8,-.7,1015.1,,1022.8,,,9,,9,.8,,0,0,,,1313,,19,.8,,,,,
146,傈林,2026-02-25 00:00,.5,,,9,.7,,110,,90,,5.7,-.9,1014.7,,1022.4,,,9,,9,.7,,0,0,,,1593,,,.8,,,,,
146,傈林,2026-02-25 01:00,.4,,,,1.3,,140,,93,,5.8,-.6,1014.5,,1022.2,,,9,,9,.6,,0,0,,,344,,19,.7,,,,,
146,傈林,2026-02-25 02:00,.1,,,,1.1,,110,,94,,5.8,-.7,1014.3,,1022,,,9,,9,.6,,10,10,,5,47,,1916,.6,,,,,
146,傈林,2026-02-25 03:00,0,,,,.5,,90,,94,,5.8,-.8,1014,,1021.7,,,9,,9,.6,,10,10,,1,13,,16,.7,,,,,
146,傈林,2026-02-25 04:00,-.2,,,,.1,,0,,94,,5.7,-1,1013.8,,1021.5,,,9,,9,.6,,10,10,,1,11,,16,.7,,,,,
146,傈林,2026-02-25 05:00,-.3,,,,1.1,,140,,95,,5.7,-1,1014,,1021.7,,,9,,9,.6,,10,10,,1,13,,16,.8,,,,,
146,傈林,2026-02-25 06:00,-.1,,,,1,,110,,95,,5.8,-.8,1014.4,,1022.1,,,9,,9,.6,,10,10,,2,15,,16,.9,,,,,
146,傈林,2026-02-25 07:00,-.6,,,,.9,,140,,95,,5.6,-1.3,1014.8,,1022.5,,,9,,9,.5,,10,10,,2,16,,16,.9,,,,,
146,傈林,2026-02-25 08:00,-.4,,,,.6,,180,,95,,5.6,-1.1,1015.5,,1023.2,,0,,.08,,.5,,10,10,,1,13,,16,1,,,,,
146,傈林,2026-02-25 09:00,.9,,,,.2,,0,,93,,6.1,-.1,1015.5,,1023.2,,0,,.46,,.5,,10,10,,2,16,,16,1.6,,,,,
146,傈林,2026-02-25 10:00,5.1,,,,.1,,0,,83,,7.3,2.4,1015.4,,1022.9,,.6,,1.21,,.3,,0,0,,,1584,,1916,1.6,,,,,
146,傈林,2026-02-25 11:00,6.8,,,,1.3,,20,,76,,7.5,2.8,1015.3,,1022.8,,1,,2.17,,,,0,0,,,2293,,,9,,,,,
146,傈林,2026-02-25 12:00,10,,,,1.6,,250,,68,,8.3,4.3,1014.7,,1022.1,,1,,2.59,,,,0,0,,,4371,,,14.2,,,,,
146,傈林,2026-02-25 13:00,12.4,,,,1.6,,90,,50,,7.2,2.2,1013.8,,1021.1,,1,,2.77,,,,0,0,,,4486,,,16.9,,,,,
146,傈林,2026-02-25 14:00,13.3,,,,2.9,,20,,49,,7.4,2.7,1013.1,,1020.4,,1,,2.72,,,,0,0,,,4427,,,17.1,,,,,
146,傈林,2026-02-25 15:00,13.9,,,,3.2,,320,,45,,7.1,2.1,1012.7,,1020,,1,,2.42,,,,0,0,,,4181,,,16.9,,,,,
146,傈林,2026-02-25 16:00,14.1,,,,2.7,,340,,43,,6.9,1.6,1012.5,,1019.8,,1,,1.89,,,,0,0,,,3999,,,16,,,,,
146,傈林,2026-02-25 17:00,13.8,,,,2.4,,20,,44,,6.9,1.7,1012.3,,1019.6,,1,,1.23,,,,0,0,,,4234,,,13.6,,,,,
146,傈林,2026-02-25 18:00,12.8,,,,1.1,,360,,45,,6.6,1.1,1013.1,,1020.4,,1,,.48,,,,0,0,,,4751,,,9.5,,,,,
146,傈林,2026-02-25 19:00,10.9,,,,1.9,,90,,47,,6.1,0,1014,,1021.4,,.1,,.01,,,,0,0,,,4940,,,7.1,,,,,
146,傈林,2026-02-25 20:00,9.6,,,,2.4,,110,,51,,6.1,0,1014.4,,1021.8,,,9,,9,,,0,0,,,4933,,,5.6,,,,,
146,傈林,2026-02-25 21:00,8.8,,,,1.7,,90,,56,,6.3,.4,1014.8,,1022.2,,,9,,9,,,0,0,,,4824,,,4.4,,,,,
146,傈林,2026-02-25 22:00,6.4,,,,1.2,,340,,75,,7.2,2.2,1015.2,,1022.7,,,9,,9,,,0,0,,,2349,,,3.5,,,,,
146,傈林,2026-02-25 23:00,5.5,,,,1,,340,,79,,7.1,2.1,1015.2,,1022.7,,,9,,9,,,0,0,,,1414,,,2.5,,,,,
146,傈林,2026-02-26 00:00,4.8,,,,2,,140,,76,,6.5,.9,1015.4,,1022.9,,,9,,9,,,0,0,,,3880,,,1.7,,,,,
146,傈林,2026-02-26 01:00,4.1,,,,2,,140,,76,,6.2,.2,1015.1,,1022.7,,,9,,9,,,0,0,,,3966,,,1.1,,,,,
146,傈林,2026-02-26 02:00,3.8,,,,2,,110,,77,,6.2,.1,1014.8,,1022.4,,,9,,9,,,0,0,,,4124,,,.6,,,,,
146,傈林,2026-02-26 03:00,3.9,,,,2,,90,,76,,6.1,0,1014.8,,1022.4,,,9,,9,,,0,0,,,4169,,,1,,,,,
146,傈林,2026-02-26 04:00,3.1,,,,1.4,,110,,78,,6,-.3,1014.9,,1022.5,,,9,,9,,,0,0,,,3929,,,1,,,,,
146,傈林,2026-02-26 05:00,1.8,,,,1.4,,70,,79,,5.5,-1.4,1014.7,,1022.3,,,9,,9,,,2,2,Sc,10,4275,,,.6,,,,,
146,傈林,2026-02-26 06:00,1.6,,,,2.2,,140,,80,,5.5,-1.4,1014.2,,1021.8,,,9,,9,,,0,0,,,3897,,,.3,,,,,
146,傈林,2026-02-26 07:00,1.7,,,,.9,,90,,80,,5.6,-1.3,1014.2,,1021.8,,,9,,9,,,1,1,Sc,10,4434,,,-.2,,,,,
146,傈林,2026-02-26 08:00,3.7,,,,.9,,90,,76,,6.1,-.1,1014.3,,1021.9,,.4,,.15,,,,1,0,Ci,,3698,,,0,,,,,
146,傈林,2026-02-26 09:00,5.8,,,,.7,,270,,71,,6.5,.9,1014.6,,1022.1,,1,,.81,,,,2,0,Ci,,3889,,,.9,,,,,
146,傈林,2026-02-26 10:00,8.9,,,,.8,,230,,59,,6.7,1.3,1013.8,,1021.2,,1,,1.57,,,,3,0,Ci,,3660,,,6.3,,,,,
146,傈林,2026-02-26 11:00,10.9,,,,1.9,,250,,50,,6.5,.8,1013.7,,1021.1,,1,,2.11,,,,6,0,Ci,,4272,,,11.4,,,,,
146,傈林,2026-02-26 12:00,12.4,,,,1.9,,270,,43,,6.2,.1,1012.2,,1019.5,,1,,2.52,,,,8,0,Ci,,4645,,,15.2,,,,,
146,傈林,2026-02-26 13:00,13.2,,,,1.8,,270,,45,,6.8,1.5,1011,,1018.3,,1,,2.52,,,,9,0,Ci,,3571,,,16.1,,,,,
146,傈林,2026-02-26 14:00,12.8,,,,3.4,,320,,46,,6.8,1.4,1010.1,,1017.4,,.2,,1.57,,,,9,0,Ci,,4379,,,14.6,,,,,
146,傈林,2026-02-26 15:00,12.2,,,,3.4,,340,,48,,6.8,1.4,1009.7,,1017,,0,,1.11,,,,9,0,Ci,,3887,,,13.2,,,,,
146,傈林,2026-02-26 16:00,11.6,,,,1.8,,320,,50,,6.8,1.5,1009.3,,1016.6,,0,,.73,,,,9,0,Ci,,3898,,,11.6,,,,,
146,傈林,2026-02-26 17:00,10.9,,,,2.5,,320,,50,,6.5,.8,1009,,1016.3,,0,,.37,,,,9,0,Ci,,3859,,,10.1,,,,,
146,傈林,2026-02-26 18:00,10.4,,,,1.5,,320,,54,,6.8,1.4,1009.3,,1016.6,,0,,.24,,,,7,0,Ci,,3905,,,8.9,,,,,
146,傈林,2026-02-26 19:00,9.9,,,,1.8,,320,,57,,6.9,1.7,1009.6,,1017,,0,,.01,,,,10,9,,49,3646,,,7.6,,,,,
146,傈林,2026-02-26 20:00,9.2,,,,1.6,,230,,63,,7.3,2.5,1010,,1017.4,,,9,,9,,,10,10,,47,2998,,,7,,,,,
146,傈林,2026-02-26 21:00,8.6,,,,.2,,0,,63,,7,1.9,1010.2,,1017.6,,,9,,9,,,10,3,ScAs,10,2801,,,6.8,,,,,
146,傈林,2026-02-26 22:00,8.3,,,,1.6,,90,,68,,7.4,2.7,1009.7,,1017.1,,,9,,9,,,10,10,,42,2239,,,6.5,,,,,
146,傈林,2026-02-26 23:00,8.3,,,,1.3,,160,,66,,7.2,2.3,1008.9,,1016.3,,,9,,9,,,10,7,,34,2517,,,6.3,,,,,
146,傈林,2026-02-27 00:00,8.2,,,,.9,,50,,67,,7.3,2.4,1009,,1016.4,,,9,,9,,,10,4,,,2877,,,6.2,,,,,
146,傈林,2026-02-27 01:00,8.2,,,,1,,70,,67,,7.3,2.4,1008.4,,1015.8,,,9,,9,,,10,0,,,3387,,,6.2,,,,,
146,傈林,2026-02-27 02:00,8.1,,,,1.5,,90,,69,,7.4,2.7,1007.9,,1015.3,,,9,,9,,,10,1,,16,3175,,,6.2,,,,,
146,傈林,2026-02-27 03:00,8,,0,,1.6,,20,,70,,7.5,2.8,1007.8,,1015.2,,,9,,9,,,10,5,ScAs,10,2997,,01,6.2,,,,,
146,傈林,2026-02-27 04:00,8,,,9,.3,,0,,70,,7.5,2.8,1007.5,,1014.9,,,9,,9,,,10,7,ScAs,10,2983,,01,6.3,,,,,
146,傈林,2026-02-27 05:00,7.7,,,9,.9,,340,,75,,7.8,3.5,1008.1,,1015.5,,,9,,9,,,10,7,StNs,10,2347,,01,6.3,,,,,
146,傈林,2026-02-27 06:00,6.9,,.1,,1.5,,160,,82,,8.1,4,1007.6,,1015,,,9,,9,,,10,5,StNs,10,1325,,01,6.1,,,,,
146,傈林,2026-02-27 07:00,6.9,,,9,.5,,110,,81,,8,3.8,1007.3,,1014.7,,,9,,9,,,10,10,As,28,1925,,01,6,,,,,
146,傈林,2026-02-27 08:00,6.8,,,9,.7,,20,,81,,8,3.7,1007.6,,1015,,0,,.02,,,,10,3,ScAs,8,1980,,01,6.2,,,,,
146,傈林,2026-02-27 09:00,8.7,,0,,1.2,,50,,78,,8.7,5,1007.9,,1015.3,,0,,.35,,,,9,9,Sc,15,2459,,01,8.8,,,,,
146,傈林,2026-02-27 10:00,10.2,,,9,1.2,,200,,69,,8.5,4.7,1007.8,,1015.1,,0,,.84,,,,9,9,Sc,15,2833,,,11.7,,,,,
146,傈林,2026-02-27 11:00,12.4,,,9,.9,,140,,63,,9,5.5,1007.6,,1014.9,,.2,,1.44,,,,9,9,Sc,15,3427,,,14.3,,,,,
146,傈林,2026-02-27 12:00,12.1,,,9,1.9,,340,,63,,8.8,5.2,1007.5,,1014.8,,0,,.93,,,,10,9,ScAs,14,2838,,,13.7,,,,,
146,傈林,2026-02-27 13:00,11.9,,,9,2.5,,320,,64,,8.8,5.2,1007.3,,1014.6,,0,,.93,,,,10,5,ScAs,8,2912,,,13.2,,,,,
146,傈林,2026-02-27 14:00,11.7,,,9,2.7,,320,,63,,8.6,4.8,1007.2,,1014.5,,0,,.57,,,,10,6,ScAs,9,3403,,,12.2,,,,,
146,傈林,2026-02-27 15:00,12.1,,,9,2.9,,290,,60,,8.4,4.5,1006.9,,1014.2,,0,,.59,,,,10,6,ScAs,13,3980,,,12.2,,,,,
146,傈林,2026-02-27 16:00,13.4,,,9,1.8,,320,,54,,8.2,4.2,1006.2,,1013.4,,.2,,1.06,,,,4,4,Sc,12,3907,,,14,,,,,
146,傈林,2026-02-27 17:00,12.5,,,9,2.2,,320,,57,,8.2,4.1,1006.3,,1013.6,,.2,,.69,,,,5,5,Sc,11,4066,,,11.8,,,,,
146,傈林,2026-02-27 18:00,11.8,,,9,1.5,,320,,59,,8.1,4,1006.4,,1013.7,,.9,,.39,,,,3,3,Sc,12,4233,,,10,,,,,
146,傈林,2026-02-27 19:00,11,,,9,2.1,,20,,64,,8.4,4.4,1007,,1014.3,,.1,,.02,,,,7,6,,11,3997,,,8.6,,,,,
146,傈林,2026-02-27 20:00,9.4,,,9,2.4,,320,,69,,8.1,3.9,1007.8,,1015.2,,,9,,9,,,0,0,,,3000,,,6.8,,,,,
146,傈林,2026-02-27 21:00,8.4,,,9,1.6,,290,,73,,8,3.8,1009.4,,1016.8,,,9,,9,,,3,3,Sc,11,2390,,,5.8,,,,,
146,傈林,2026-02-27 22:00,7.6,,,9,1,,230,,74,,7.7,3.2,1010.1,,1017.5,,,9,,9,,,2,2,,12,2125,,,5,,,,,
146,傈林,2026-02-27 23:00,7.2,,,9,.4,,0,,77,,7.8,3.4,1010.3,,1017.7,,,9,,9,,,0,0,,,1993,,,3.8,,,,,
146,傈林,2026-02-28 00:00,5.6,,,9,.7,,360,,83,,7.5,2.9,1010.6,,1018.1,,,9,,9,,,0,0,,,1337,,,3,,,,,
146,傈林,2026-02-28 01:00,4.9,,,,.2,,0,,84,,7.3,2.4,1010.6,,1018.1,,,9,,9,,,0,0,,,1836,,,2.3,,,,,
146,傈林,2026-02-28 02:00,4.7,,,,.7,,270,,86,,7.3,2.5,1011.3,,1018.8,,,9,,9,,,0,0,,,1417,,,1.9,,,,,
146,傈林,2026-02-28 03:00,4.2,,,,1,,200,,87,,7.2,2.2,1011.6,,1019.1,,,9,,9,,,0,0,,,1271,,,1.4,,,,,
146,傈林,2026-02-28 04:00,3.7,,,,1.5,,140,,89,,7.1,2,1012,,1019.5,,,9,,9,,,0,0,,,1182,,,1.4,,,,,
146,傈林,2026-02-28 05:00,2.7,,,,1.6,,110,,89,,6.6,1,1012.5,,1020.1,,,9,,9,,,0,0,,,1338,,,1.3,,,,,
146,傈林,2026-02-28 06:00,2.6,,,,1.2,,180,,90,,6.6,1.1,1013.3,,1020.9,,,9,,9,,,0,0,,,1100,,,1,,,,,
146,傈林,2026-02-28 07:00,2,,,,1.6,,140,,90,,6.3,.5,1013.9,,1021.5,,,9,,9,,,0,0,,,1019,,,.7,,,,,
146,傈林,2026-02-28 08:00,3.3,,,,.5,,140,,87,,6.7,1.3,1014,,1021.6,,.4,,.15,,,,0,0,,,1471,,,.9,,,,,
146,傈林,2026-02-28 09:00,6.2,,,,.3,,0,,79,,7.5,2.8,1014.3,,1021.8,,1,,.78,,,,0,0,,,1724,,,1.8,,,,,
146,傈林,2026-02-28 10:00,8.4,,,,.9,,20,,70,,7.7,3.2,1014.5,,1021.9,,1,,1.54,,,,0,0,,,2534,,,8.4,,,,,
146,傈林,2026-02-28 11:00,10.2,,,,2,,340,,59,,7.3,2.5,1014.3,,1021.7,,1,,2.12,,,,0,0,,,2826,,,12.3,,,,,
146,傈林,2026-02-28 12:00,12.5,,,,2,,320,,47,,6.8,1.4,1013.5,,1020.8,,1,,2.53,,,,0,0,,,3267,,,15.3,,,,,
146,傈林,2026-02-28 13:00,14.7,,,,2.9,,320,,39,,6.5,.8,1012.9,,1020.1,,1,,2.71,,,,0,0,,,4047,,,17.7,,,,,
146,傈林,2026-02-28 14:00,16,,,,2.9,,340,,35,,6.3,.5,1012.2,,1019.4,,1,,2.67,,,,0,0,,,4523,,,19.2,,,,,
146,傈林,2026-02-28 15:00,16.9,,,,2,,290,,30,,5.8,-.8,1012,,1019.2,,1,,2.37,,,,0,0,,,4585,,,19.6,,,,,
146,傈林,2026-02-28 16:00,17.5,,,,1.6,,320,,30,,6,-.2,1011.9,,1019.1,,1,,1.82,,,,0,0,,,4261,,,18.6,,,,,
146,傈林,2026-02-28 17:00,16.8,,,,2,,320,,31,,5.9,-.4,1012.1,,1019.3,,1,,1.15,,,,0,0,,,4500,,,16,,,,,
146,傈林,2026-02-28 18:00,14.6,,,,2.8,,320,,37,,6.1,0,1012.4,,1019.6,,1,,.44,,,,0,0,,,4497,,,12.2,,,,,
146,傈林,2026-02-28 19:00,11.1,,,,2.7,,230,,50,,6.6,1,1013.1,,1020.4,,0,,.03,,,,0,0,,,3053,,,9.5,,,,,
146,傈林,2026-02-28 20:00,9,,,,2.6,,250,,62,,7.1,2,1013.9,,1021.3,,,9,,9,,,0,0,,,2100,,,7.9,,,,,
146,傈林,2026-02-28 21:00,9,,,,1.9,,200,,62,,7.1,2,1014.5,,1021.9,,,9,,9,,,0,0,,,2259,,,6.4,,,,,
146,傈林,2026-02-28 22:00,8.8,,,,.9,,180,,60,,6.8,1.4,1015.9,,1023.3,,,9,,9,,,0,0,,,2505,,,5.5,,,,,
146,傈林,2026-02-28 23:00,7.1,,,,1.1,,90,,69,,6.9,1.7,1016.1,,1023.6,,,9,,9,,,0,0,,,2006,,,4.5,,,,,
146,傈林,2026-03-01 00:00,7.2,,,,1.5,,110,,68,,6.9,1.6,1016.1,,1023.6,,,9,,9,,,4,0,Ci,,2655,,,3.9,,,,,
146,傈林,2026-03-01 01:00,7.4,,,,1.5,,140,,68,,7,1.8,1016.7,,1024.2,,,9,,9,,,4,4,,11,2807,,,4.7,,,,,
146,傈林,2026-03-01 02:00,7.1,,,,2.5,,110,,68,,6.8,1.5,1016.5,,1024,,,9,,9,,,4,4,,10,3417,,,3.8,,,,,
146,傈林,2026-03-01 03:00,7.2,,,,1.3,,90,,67,,6.8,1.4,1017.5,,1025,,,9,,9,,,8,8,Sc,11,3615,,,4.7,,,,,
146,傈林,2026-03-01 04:00,6.2,,,,.7,,70,,70,,6.6,1.1,1017.3,,1024.8,,,9,,9,,,7,7,Sc,13,3172,,,4.5,,,,,
146,傈林,2026-03-01 05:00,6.6,,,,2.1,,140,,67,,6.5,.8,1016.6,,1024.1,,,9,,9,,,6,6,Sc,11,3339,,,4.7,,,,,
146,傈林,2026-03-01 06:00,6.6,,,,2.2,,110,,64,,6.2,.2,1015.6,,1023.1,,,9,,9,,,5,0,Ci,,3406,,,3.3,,,,,
146,傈林,2026-03-01 07:00,6,,,,1.8,,140,,65,,6.1,0,1015.6,,1023.1,,,9,,9,,,4,0,Ci,,3550,,,2.6,,,,,
146,傈林,2026-03-01 08:00,6.7,,,,1.4,,50,,65,,6.3,.5,1016.1,,1023.6,,.3,,.16,,,,6,1,ScCi,14,3826,,,3.2,,,,,
146,傈林,2026-03-01 09:00,7.9,,,,2.4,,340,,62,,6.6,1,1016.3,,1023.8,,.8,,.66,,,,4,0,Ci,,3316,,,5.5,,,,,
146,傈林,2026-03-01 10:00,10,,,,1.3,,50,,52,,6.3,.5,1016,,1023.4,,1,,1.52,,,,2,0,Ci,,3381,,,9.8,,,,,
146,傈林,2026-03-01 11:00,12.6,,,,1.2,,70,,46,,6.7,1.2,1015.4,,1022.7,,1,,2.15,,,,1,0,Ci,,4062,,,13.8,,,,,
146,傈林,2026-03-01 12:00,13.6,,,,2.4,,320,,43,,6.7,1.2,1015.1,,1022.4,,1,,2.57,,,,0,0,,,3940,,,17.4,,,,,
146,傈林,2026-03-01 13:00,15,,,,1.5,,360,,41,,7,1.8,1015.1,,1022.4,,.8,,2.46,,,,8,6,AcCi,38,3974,,,18.5,,,,,
146,傈林,2026-03-01 14:00,14.8,,,,2.7,,320,,40,,6.7,1.3,1014.5,,1021.8,,.5,,1.79,,,,9,3,ScAcCi,15,3995,,,18,,,,,
146,傈林,2026-03-01 15:00,15.5,,,,2.4,,290,,37,,6.5,.8,1013.1,,1020.3,,1,,2,,,,4,1,ScCc,15,4184,,,18.9,,,,,
146,傈林,2026-03-01 16:00,16,,,,2.7,,290,,38,,6.9,1.6,1012.9,,1020.1,,1,,1.72,,,,3,1,ScCi,14,4072,,,18.1,,,,,
146,傈林,2026-03-01 17:00,14.6,,,,3.8,,340,,44,,7.3,2.4,1013.1,,1020.4,,.5,,.86,,,,9,4,ScCi,17,3918,,,15.3,,,,,
146,傈林,2026-03-01 18:00,13,,,,2.9,,90,,47,,7,1.9,1013.3,,1020.6,,0,,.28,,,,10,5,ScAs,17,3901,,,12.7,,,,,
146,傈林,2026-03-01 19:00,12.1,,,,3.6,,70,,50,,7,1.9,1014,,1021.3,,0,,.01,,,,10,10,,17,3579,,,11.2,,,,,
146,傈林,2026-03-01 20:00,11.4,,,,2.6,,110,,52,,7,1.8,1014.2,,1021.5,,,9,,9,,,10,9,,17,3426,,,10.3,,,,,
146,傈林,2026-03-01 21:00,10.6,,,,4,,90,,54,,6.9,1.6,1014,,1021.4,,,9,,9,,,10,6,ScAs,15,3375,,,9.5,,,,,
146,傈林,2026-03-01 22:00,9.9,,,,4.2,,90,,57,,6.9,1.7,1013.9,,1021.3,,,9,,9,,,9,9,,36,3545,,,8.8,,,,,
146,傈林,2026-03-01 23:00,9.4,,,,3.7,,90,,58,,6.8,1.5,1013.2,,1020.6,,,9,,9,,,10,6,,36,3665,,,8.2,,,,,
146,傈林,2026-03-02 00:00,9.1,,,,3.3,,90,,56,,6.4,.7,1012.7,,1020.1,,,9,,9,,,10,7,,,3875,,,7.9,,,,,
146,傈林,2026-03-02 01:00,8.8,,,,2.3,,70,,56,,6.3,.4,1013.3,,1020.7,,,9,,9,,,10,6,,21,4292,,,7.7,,,,,
146,傈林,2026-03-02 02:00,8.1,,,9,2.4,,90,,64,,6.9,1.6,1013,,1020.4,,,9,,9,,,10,4,ScAs,17,3076,,01,7.4,,,,,
146,傈林,2026-03-02 03:00,7.3,,.6,,1,,110,,75,,7.6,3.1,1012.7,,1020.2,,,9,,9,,,10,4,StNs,8,1637,,01,7.2,,,,,
146,傈林,2026-03-02 04:00,6.7,,,9,4,,90,,77,,7.5,2.9,1011.9,,1019.4,,,9,,9,,,10,4,StNs,8,1462,,01,6.9,,,,,
146,傈林,2026-03-02 05:00,6.3,,,9,2.9,,110,,82,,7.8,3.4,1011.5,,1019,,,9,,9,,,10,7,StNs,8,1473,,01,6.7,,,,,
146,傈林,2026-03-02 06:00,6.5,,2,,3.8,,90,,81,,7.8,3.4,1011,,1018.5,,,9,,9,,,10,5,StNs,8,1808,,01,6.5,,,,,
146,傈林,2026-03-02 07:00,6.6,,,9,4.9,,70,,81,,7.8,3.5,1010.4,,1017.9,,,9,,9,,,10,8,StNs,9,1870,,01,6.4,,,,,
146,傈林,2026-03-02 08:00,6.7,,,9,3.8,,90,,81,,7.9,3.6,1011.1,,1018.6,,0,,.01,,,,10,8,StNs,5,1632,,01,6.5,,,,,
146,傈林,2026-03-02 09:00,6.6,,3.6,,4,,90,,84,,8.1,4,1011.3,,1018.8,,0,,.06,,,,10,5,StNs,5,1378,,01,6.8,,,,,
146,傈林,2026-03-02 10:00,7.2,,,9,5.2,,90,,80,,8.1,3.9,1010.5,,1017.9,,0,,.19,,,,10,7,StNs,5,3187,,01,7.6,,,,,
146,傈林,2026-03-02 11:00,7.4,,,9,5.6,,90,,80,,8.2,4.1,1009.9,,1017.3,,0,,.36,,,,10,6,StNs,5,3507,,01,8.3,,,,,
146,傈林,2026-03-02 12:00,7.7,,1.8,,4.7,,90,,78,,8.1,4,1009.1,,1016.5,,0,,.47,,,,10,7,StNs,5,2988,,01,9,,,,,
146,傈林,2026-03-02 13:00,8.2,,,9,5.4,,90,,78,,8.4,4.5,1008.1,,1015.5,,0,,.76,,,,10,3,StNs,5,4135,,01,10.7,,,,,
146,傈林,2026-03-02 14:00,8.3,,,9,5.1,,70,,77,,8.4,4.4,1007.3,,1014.7,,0,,.64,,,,10,2,StNs,5,4456,,01,10.1,,,,,
146,傈林,2026-03-02 15:00,7.8,,1.1,,6.1,,90,,78,,8.2,4.1,1006.8,,1014.2,,0,,.35,,,,10,4,StNs,5,2669,,01,8.7,,,,,
146,傈林,2026-03-02 16:00,7.5,,,9,4.2,,90,,81,,8.4,4.4,1005.9,,1013.3,,0,,.17,,,,10,4,StNs,9,1536,,01,8.4,,,,,
146,傈林,2026-03-02 17:00,7.2,,,9,2.7,,110,,84,,8.5,4.6,1006.1,,1013.5,,0,,.13,,,,10,6,StNs,5,2223,,01,8.1,,,,,
146,傈林,2026-03-02 18:00,6.8,,4.9,,1.9,,20,,88,,8.7,4.9,1007.1,,1014.5,,0,,.05,,,,10,5,StNs,5,1563,,01,7.7,,,,,
146,傈林,2026-03-02 19:00,6.6,,,9,1.5,,50,,89,,8.7,4.9,1007.5,,1014.9,,0,,0,,,,10,6,StNs,5,1313,,01,7.4,,,,,
146,傈林,2026-03-02 20:00,6.6,,,9,1.1,,320,,89,,8.7,4.9,1008.1,,1015.5,,,9,,9,,,10,7,StNs,5,1435,,01,7.2,,,,,
146,傈林,2026-03-02 21:00,6.5,,4.7,,.5,,270,,87,,8.4,4.4,1009.1,,1016.5,,,9,,9,,,10,6,StNs,6,2566,,01,7,,,,,
146,傈林,2026-03-02 22:00,6.4,,,9,1.6,,270,,90,,8.6,4.8,1009.8,,1017.3,,,9,,9,,,10,5,StNs,6,1752,,01,6.9,,,,,
146,傈林,2026-03-02 23:00,5.8,,,9,1.2,,340,,89,,8.2,4.1,1009.9,,1017.4,,,9,,9,,,10,4,StNs,6,2585,,01,6.7,,,,,
146,傈林,2026-03-03 00:00,5.7,,1.7,,1.1,,320,,90,,8.2,4.1,1010.2,,1017.7,,,9,,9,,,10,4,,,3549,,01,6.6,,,,,
146,傈林,2026-03-03 01:00,5.4,,,9,1.5,,50,,90,,8,3.8,1010.5,,1018,,,9,,9,,,10,4,ScAs,10,1627,,01,6.4,,,,,
146,傈林,2026-03-03 02:00,5.1,,,9,2.2,,340,,92,,8.1,3.9,1010.7,,1018.2,,,9,,9,,,10,5,ScAs,8,1355,,01,6.3,,,,,
146,傈林,2026-03-03 03:00,5,,1,,.8,,340,,90,,7.8,3.4,1010.4,,1017.9,,,9,,9,,,9,9,Sc,14,5000,,01,6,,,,,
146,傈林,2026-03-03 04:00,4.7,,,9,1.2,,340,,91,,7.7,3.3,1010.6,,1018.1,,,9,,9,,,9,9,Sc,11,4375,,,6,,,,,
146,傈林,2026-03-03 05:00,4.3,,,9,.4,,0,,91,,7.5,2.9,1010.4,,1017.9,,,9,,9,,,4,4,Sc,14,4946,,,4.5,,,,,
146,傈林,2026-03-03 06:00,4.7,,,9,1.3,,320,,91,,7.7,3.3,1011.3,,1018.8,,,9,,9,,,8,8,Sc,12,4953,,,4.8,,,,,
146,傈林,2026-03-03 07:00,4.2,,,9,.9,,340,,90,,7.4,2.7,1011.7,,1019.2,,,9,,9,,,3,3,Sc,15,4100,,,3.7,,,,,
146,傈林,2026-03-03 08:00,4.2,,,9,1.8,,340,,90,,7.4,2.7,1012.5,,1020,,0,,.13,,,,6,6,Sc,17,2226,,,4.9,,,,,
146,傈林,2026-03-03 09:00,6.6,,,9,.6,,180,,85,,8.2,4.2,1012.4,,1019.9,,.2,,.52,,,,2,2,Sc,18,3578,,,5.8,,,,,
146,傈林,2026-03-03 10:00,8.6,,,9,1.5,,340,,77,,8.5,4.7,1012.6,,1020,,1,,1.64,,,,1,1,Sc,10,4892,,,10.7,,,,,
146,傈林,2026-03-03 11:00,10.6,,,9,2.2,,290,,63,,8,3.8,1012.9,,1020.3,,1,,2.22,,,,3,3,Sc,10,4913,,,13.6,,,,,
146,傈林,2026-03-03 12:00,12,,,9,2.9,,360,,59,,8.2,4.2,1012.8,,1020.1,,.9,,2.54,,,,4,4,Sc,10,4998,,,16.4,,,,,
146,傈林,2026-03-03 13:00,13.1,,,9,2.6,,340,,54,,8.1,3.9,1012.4,,1019.7,,1,,2.85,,,,2,2,Sc,10,5000,,,18.6,,,,,
146,傈林,2026-03-03 14:00,13.8,,,9,4,,320,,54,,8.5,4.6,1012.1,,1019.4,,1,,2.79,,,,1,1,Sc,10,4812,,,18.3,,,,,
146,傈林,2026-03-03 15:00,13.9,,,9,3.6,,20,,50,,7.9,3.6,1012,,1019.3,,1,,2.49,,,,0,0,,,4581,,,18.1,,,,,
146,傈林,2026-03-03 16:00,13.9,,,9,4.4,,320,,47,,7.4,2.7,1012.2,,1019.5,,1,,1.98,,,,1,1,Sc,10,4919,,,16.4,,,,,
146,傈林,2026-03-03 17:00,13,,,9,4.9,,340,,52,,7.7,3.3,1012.9,,1020.2,,1,,1.28,,,,0,0,,,4485,,,13.5,,,,,
146,傈林,2026-03-03 18:00,11.4,,,9,3.9,,320,,55,,7.4,2.6,1013.8,,1021.1,,1,,.51,,,,1,1,Sc,10,4843,,,10,,,,,
146,傈林,2026-03-03 19:00,9.9,,,9,2.4,,320,,61,,7.4,2.7,1014.6,,1022,,0,,.03,,,,0,0,,,4963,,,8.2,,,,,
146,傈林,2026-03-03 20:00,9.3,,,9,2.1,,290,,68,,7.9,3.6,1015.1,,1022.5,,,9,,9,,,0,0,,,4353,,,7.7,,,,,
146,傈林,2026-03-03 21:00,8.5,,,9,1.7,,290,,72,,8,3.7,1016.3,,1023.7,,,9,,9,,,8,8,Sc,10,3549,,,7.8,,,,,
146,傈林,2026-03-03 22:00,7.5,,,9,2,,290,,75,,7.7,3.3,1016.6,,1024.1,,,9,,9,,,4,4,,15,2967,,,7.2,,,,,
146,傈林,2026-03-03 23:00,6.5,,,9,2.8,,270,,77,,7.4,2.7,1017.3,,1024.8,,,9,,9,,,0,0,,,2748,,,5.9,,,,,
146,傈林,2026-03-04 00:00,5.9,,,9,.9,,270,,76,,7,1.9,1017.4,,1024.9,,,9,,9,,,0,0,,,2808,,,5,,,,,
146,傈林,2026-03-04 01:00,5.1,,,,1.2,,250,,78,,6.8,1.5,1017.3,,1024.8,,,9,,9,,,0,0,,,2604,,,4.2,,,,,
146,傈林,2026-03-04 02:00,5,,,,1.8,,250,,82,,7.1,2.1,1017.5,,1025.1,,,9,,9,,,0,0,,,1937,,,4.2,,,,,
146,傈林,2026-03-04 03:00,4.2,,,,1.2,,250,,84,,6.9,1.7,1017.4,,1025,,,9,,9,,,3,3,Sc,10,1974,,,3.6,,,,,
146,傈林,2026-03-04 04:00,3.7,,,,.5,,230,,84,,6.7,1.2,1017.2,,1024.8,,,9,,9,,,0,0,,,1751,,,2.8,,,,,
146,傈林,2026-03-04 05:00,2.7,,,,1,,290,,88,,6.5,.9,1017.7,,1025.3,,,9,,9,,,0,0,,,1371,,,2.2,,,,,
146,傈林,2026-03-04 06:00,1.8,,,,1.1,,360,,92,,6.4,.6,1017.8,,1025.4,,,9,,9,,,1,1,Sc,10,197,,19,1.9,,,,,
146,傈林,2026-03-04 07:00,2.1,,,,1.2,,140,,91,,6.4,.7,1017.5,,1025.1,,0,,0,,,,0,0,,,687,,19,1.4,,,,,
146,傈林,2026-03-04 08:00,2.8,,,,.9,,270,,88,,6.6,1,1017.9,,1025.5,,.4,,.21,,,,0,0,,,1096,,19,2.1,,,,,
146,傈林,2026-03-04 09:00,4.7,,,,1.7,,320,,83,,7.1,2,1018.3,,1025.9,,1,,.81,,,,0,0,,,931,,19,4.3,,,,,
146,傈林,2026-03-04 10:00,6.5,,,,2.7,,340,,70,,6.8,1.4,1018.3,,1025.8,,1,,1.59,,,,0,0,,,2510,,19,8.7,,,,,
146,傈林,2026-03-04 11:00,8.6,,,,2.2,,340,,58,,6.4,.7,1018.2,,1025.7,,1,,2.17,,,,0,0,,,3096,,,12.4,,,,,
146,傈林,2026-03-04 12:00,9.5,,,,3.5,,290,,49,,5.8,-.7,1017.8,,1025.2,,1,,2.58,,,,0,0,,,2841,,,14.4,,,,,
146,傈林,2026-03-04 13:00,11,,,,3.6,,320,,43,,5.6,-1.1,1017.2,,1024.6,,1,,2.66,,,,1,1,Sc,10,3583,,,15.8,,,,,
146,傈林,2026-03-04 14:00,12.2,,,,3.3,,290,,40,,5.7,-1,1016.8,,1024.1,,1,,2.68,,,,0,0,,,3647,,,16.3,,,,,
146,傈林,2026-03-04 15:00,12.7,,,,2.7,,290,,37,,5.4,-1.6,1015.9,,1023.2,,1,,2.37,,,,0,0,,,3574,,,16.4,,,,,
146,傈林,2026-03-04 16:00,12.6,,,,3.1,,320,,38,,5.6,-1.3,1015.6,,1022.9,,1,,1.84,,,,0,0,,,3070,,,14.7,,,,,
146,傈林,2026-03-04 17:00,12,,,,2.8,,290,,43,,6,-.2,1015.6,,1022.9,,1,,1.17,,,,0,0,,,2700,,,12.6,,,,,
146,傈林,2026-03-04 18:00,9.6,,,,4.2,,270,,61,,7.3,2.4,1015.8,,1023.2,,.9,,.45,,,,2,0,Ci,,2248,,,9.1,,,,,
146,傈林,2026-03-04 19:00,7.7,,,,3.8,,250,,69,,7.2,2.3,1015.9,,1023.4,,0,,.03,,,,0,0,,,1709,,,7,,,,,
146,傈林,2026-03-04 20:00,6.6,,,,2.4,,230,,75,,7.3,2.4,1016.7,,1024.2,,,9,,9,,,0,0,,,1568,,,5.9,,,,,
146,傈林,2026-03-04 21:00,5.8,,,,2.4,,230,,78,,7.2,2.2,1017.3,,1024.8,,,9,,9,,,0,0,,,1326,,,5.1,,,,,
146,傈林,2026-03-04 22:00,5.2,,,,.9,,250,,78,,6.9,1.6,1017.9,,1025.4,,,9,,9,,,0,0,,,1357,,,4.3,,,,,
146,傈林,2026-03-04 23:00,4.7,,,,1.3,,200,,81,,6.9,1.7,1018,,1025.6,,,9,,9,,,0,0,,,1256,,,3.6,,,,,
146,傈林,2026-03-05 00:00,4,,,,1,,250,,82,,6.6,1.1,1018.1,,1025.7,,,9,,9,,,0,0,,,1031,,,3.1,,,,,
146,傈林,2026-03-05 01:00,3.4,,,,1.4,,160,,83,,6.4,.7,1017.9,,1025.5,,,9,,9,,,0,0,,,984,,19,2.6,,,,,
146,傈林,2026-03-05 02:00,2.8,,,,0,,0,,84,,6.2,.3,1017.6,,1025.2,,,9,,9,,,0,0,,,986,,19,2.1,,,,,
146,傈林,2026-03-05 03:00,2.7,,,,1.4,,110,,85,,6.3,.4,1016.7,,1024.3,,,9,,9,,,0,0,,,851,,19,1.7,,,,,
146,傈林,2026-03-05 04:00,1.9,,,,1.2,,140,,86,,6,-.2,1016.5,,1024.1,,,9,,9,,,0,0,,,714,,19,1.3,,,,,
146,傈林,2026-03-05 05:00,1.7,,,,1.7,,140,,86,,6,-.3,1016.3,,1023.9,,,9,,9,,,0,0,,,734,,19,.9,,,,,
146,傈林,2026-03-05 06:00,1.3,,,,.5,,110,,87,,5.8,-.6,1016.5,,1024.1,,,9,,9,,,0,0,,,824,,19,.9,,,,,
146,傈林,2026-03-05 07:00,1,,,,.1,,0,,87,,5.7,-.9,1016.9,,1024.6,,0,,0,,,,2,0,Ci,,741,,19,.9,,,,,
146,傈林,2026-03-05 08:00,3.5,,,,.4,,0,,78,,6.1,0,1016.9,,1024.5,,.3,,.2,,,,2,0,Ci,,1369,,19,1.5,,,,,
146,傈林,2026-03-05 09:00,7.5,,,,1.2,,160,,70,,7.2,2.3,1016.9,,1024.4,,.9,,.8,,,,1,0,Ci,,1406,,,4.9,,,,,
146,傈林,2026-03-05 10:00,11.2,,,,2.7,,180,,61,,8.1,3.9,1016.7,,1024.1,,1,,1.52,,,,0,0,,,1837,,,9.9,,,,,
146,傈林,2026-03-05 11:00,13.5,,,,3.4,,160,,51,,7.8,3.5,1016,,1023.3,,1,,2.15,,,,0,0,,,2322,,,14,,,,,
146,傈林,2026-03-05 12:00,14.4,,,,3.2,,200,,46,,7.5,2.9,1015.5,,1022.8,,1,,2.52,,,,7,0,CcCi,,2696,,,16.3,,,,,
146,傈林,2026-03-05 13:00,15.1,,,,2.2,,160,,45,,7.7,3.2,1014.6,,1021.8,,.8,,2.24,,,,7,0,Ci,,2664,,,18,,,,,
146,傈林,2026-03-05 14:00,16.3,,,,2.4,,230,,43,,7.9,3.6,1014.1,,1021.3,,.7,,2.21,,,,8,6,ScCi,10,3231,,,19.3,,,,,
146,傈林,2026-03-05 15:00,14.2,,,,2.7,,270,,52,,8.4,4.4,1013.8,,1021.1,,.3,,1.4,,,,10,1,ScAs,10,2469,,,15.5,,,,,
146,傈林,2026-03-05 16:00,13.9,,,,2.6,,290,,57,,9,5.5,1013.3,,1020.6,,0,,.68,,,,10,5,ScAs,10,2443,,,14.3,,,,,
146,傈林,2026-03-05 17:00,13.4,,,,1.5,,320,,59,,9,5.5,1012.2,,1019.5,,0,,.53,,,,10,10,As,28,2518,,,13.3,,,,,
146,傈林,2026-03-05 18:00,12.6,,0,,1.3,,230,,64,,9.3,5.9,1012.6,,1019.9,,0,,.13,,,,10,6,ScAs,15,1965,,01,11.5,,,,,
146,傈林,2026-03-05 19:00,7.4,,,9,4.2,,290,,88,,9,5.5,1013.7,,1021.2,,0,,0,,,,10,3,StNs,2,328,,01,9.6,,,,,
146,傈林,2026-03-05 20:00,6.2,,,9,2.9,,270,,89,,8.4,4.5,1014,,1021.5,,,9,,9,,,10,4,StNs,2,424,,01,8.6,,,,,
146,傈林,2026-03-05 21:00,5.7,,1.1,,2.4,,270,,91,,8.3,4.3,1014.3,,1021.8,,,9,,9,,,10,5,StNs,2,307,,01,8,,,,,
146,傈林,2026-03-05 22:00,5,,,9,2.2,,250,,91,,7.9,3.6,1014.9,,1022.4,,,9,,9,,,10,9,StNs,1,298,,01,7.4,,,,,
146,傈林,2026-03-05 23:00,4.4,,,9,2.4,,250,,90,,7.5,2.8,1014.9,,1022.4,,,9,,9,,,10,8,StNs,3,500,,01,6.8,,,,,
146,傈林,2026-03-06 00:00,3.6,,3.2,,3.3,,270,,91,,7.2,2.2,1015.2,,1022.8,,,9,,9,,,10,8,,,577,,01,6,,,,,
146,傈林,2026-03-06 01:00,2,,,9,2.7,,250,,91,,6.4,.6,1015.3,,1022.9,,,9,,9,,,10,9,StNs,1,896,,01,5.1,,,,,
146,傈林,2026-03-06 02:00,.4,,,9,2.3,,270,,93,,5.8,-.6,1015.3,,1023,,,9,,9,,,10,10,St,1,217,,060501,2.2,,,,,
146,傈林,2026-03-06 03:00,.2,,5.5,,.1,,0,,92,,5.7,-.9,1014.7,,1022.4,,,9,,9,.5,.5,10,10,St,1,127,,05,1.2,,,,,
146,傈林,2026-03-06 04:00,.5,,,9,1.3,,140,,93,,5.9,-.5,1014,,1021.7,,,9,,9,.7,,10,4,ScAs,10,622,,05,1.8,,,,,
146,傈林,2026-03-06 05:00,.5,,,9,1.1,,270,,93,,5.9,-.5,1014.1,,1021.8,,,9,,9,.6,,5,5,Sc,10,947,,19,1.6,,,,,
146,傈林,2026-03-06 06:00,0,,.5,,2.3,,340,,95,,5.8,-.7,1014.5,,1022.2,,,9,,9,.6,.2,10,10,,1,16,,1916,2.5,,,,,
146,傈林,2026-03-06 07:00,-.2,,,9,.4,,0,,95,,5.7,-.9,1014.7,,1022.4,,0,,0,,.5,,10,10,,1,19,,16,2.8,,,,,
146,傈林,2026-03-06 08:00,.3,,,9,.7,,340,,94,,5.9,-.5,1015.1,,1022.8,,0,,.03,,.4,,10,6,StAs,1,470,,1916,3.4,,,,,
146,傈林,2026-03-06 09:00,.9,,,9,1.5,,110,,90,,5.9,-.5,1015.4,,1023.1,,0,,.11,,.2,,10,9,StAs,2,524,,19,4.2,,,,,
146,傈林,2026-03-06 10:00,2.3,,,9,1.4,,110,,87,,6.2,.3,1015.5,,1023.1,,0,,.62,,,,10,6,ScAs,10,687,,19,7,,,,,
146,傈林,2026-03-06 11:00,4,,,9,1.3,,110,,81,,6.6,1,1015.5,,1023.1,,0,,1.1,,,,10,4,ScAs,10,1145,,19,10.7,,,,,
146,傈林,2026-03-06 12:00,4.2,,,9,1.7,,320,,81,,6.7,1.2,1015.4,,1023,,.1,,.98,,,,10,7,ScAs,10,1392,,,9.5,,,,,
146,傈林,2026-03-06 13:00,4.7,,,9,2.4,,270,,76,,6.5,.8,1015.2,,1022.7,,0,,.97,,,,10,6,ScAs,10,1899,,,9.6,,,,,
146,傈林,2026-03-06 14:00,3.8,,,9,3,,320,,82,,6.6,1,1015.2,,1022.8,,0,,.29,,,,10,6,ScAs,10,1112,,01,7.1,,,,,
146,傈林,2026-03-06 15:00,4.8,,0,,3.7,,270,,76,,6.5,.9,1014.9,,1022.4,,.1,,.62,,,,10,6,ScAs,7,1806,,01,8.1,,,,,
146,傈林,2026-03-06 16:00,4,,,9,5.8,,290,,81,,6.6,1,1015.2,,1022.8,,.1,,.69,,,,9,4,ScAs,5,1098,,01,7.1,,,,,
146,傈林,2026-03-06 17:00,3.4,,,9,5.9,,290,,75,,5.8,-.6,1015.7,,1023.3,,0,,.39,,,,8,8,Sc,10,935,,01,5.9,,,,,
146,傈林,2026-03-06 18:00,1.9,,0,,5.3,,290,,71,,5,-2.8,1016.7,,1024.3,,.1,,.23,,,,9,9,Sc,10,1270,,,3.8,,,,,
146,傈林,2026-03-06 19:00,1.6,,,9,5.2,,320,,70,,4.8,-3.2,1016.9,,1024.5,,0,,.01,,,,9,9,,8,1346,,,2.9,,,,,
146,傈林,2026-03-06 20:00,1.4,,,9,4.4,,290,,67,,4.5,-4,1017.4,,1025.1,,,9,,9,,,9,7,,10,1438,,,2.3,,,,,
146,傈林,2026-03-06 21:00,1.3,,,9,2.6,,290,,69,,4.6,-3.7,1017.8,,1025.5,,,9,,9,,,9,9,Sc,8,1411,,,2.4,,,,,
146,傈林,2026-03-06 22:00,1,,,9,4.1,,290,,65,,4.3,-4.8,1017.9,,1025.6,,,9,,9,,,9,9,,10,1508,,,1.8,,,,,
146,傈林,2026-03-06 23:00,.8,,,9,3.5,,290,,67,,4.3,-4.6,1018.2,,1025.9,,,9,,9,,,9,9,,10,1536,,,1.4,,,,,
146,傈林,2026-03-07 00:00,.6,,,9,3.9,,290,,67,,4.3,-4.8,1018.1,,1025.8,,,9,,9,,,9,9,,,1809,,,.9,,,,,
146,傈林,2026-03-07 01:00,.5,,,,3.4,,290,,66,,4.2,-5.1,1019.2,,1026.9,,,9,,9,,,9,9,,10,2443,,,.9,,,,,
146,傈林,2026-03-07 02:00,.3,,,,3.5,,290,,64,,4,-5.7,1019.1,,1026.8,,,9,,9,,,9,9,,10,2414,,,.9,,,,,
146,傈林,2026-03-07 03:00,.1,,,,2.2,,320,,67,,4.1,-5.3,1018.8,,1026.5,,,9,,9,,,9,9,Sc,10,2229,,,.9,,,,,
146,傈林,2026-03-07 04:00,-.8,,,,1.4,,320,,68,,3.9,-5.9,1018.6,,1026.3,,,9,,9,,,0,0,,,2229,,,.7,,,,,
146,傈林,2026-03-07 05:00,-1.3,,,,2.5,,340,,71,,4,-5.8,1018.8,,1026.5,,,9,,9,,,0,0,,,2059,,,.8,,,,,
146,傈林,2026-03-07 06:00,-1.6,,,,2.2,,320,,73,,4,-5.8,1019.2,,1027,,,9,,9,,,0,0,,,1982,,,.6,,,,,
146,傈林,2026-03-07 07:00,-2.1,,,,.5,,70,,73,,3.8,-6.2,1019.7,,1027.5,,0,,0,,,,0,0,,,2092,,,.5,,,,,
146,傈林,2026-03-07 08:00,-.1,,,,.6,,200,,71,,4.3,-4.7,1020.8,,1028.5,,.5,,.22,,,,0,0,,,1939,,,.4,,,,,
146,傈林,2026-03-07 09:00,.6,,,,.9,,230,,66,,4.2,-5,1021.4,,1029.1,,.5,,.68,,,,6,5,ScCi,10,1910,,,.8,,,,,
146,傈林,2026-03-07 10:00,2.3,,,,3.1,,250,,58,,4.2,-5.1,1021.8,,1029.5,,.9,,1.57,,,,4,4,Sc,10,2382,,,2.1,,,,,
146,傈林,2026-03-07 11:00,3,,,,2.5,,290,,50,,3.8,-6.4,1021.6,,1029.2,,.8,,1.96,,,,4,4,Sc,10,2496,,,6.7,,,,,
146,傈林,2026-03-07 12:00,4.2,,,,4,,270,,48,,4,-5.8,1021.4,,1029,,1,,2.71,,,,2,2,Sc,10,3651,,,10.7,,,,,
146,傈林,2026-03-07 13:00,5.4,,,,3.7,,270,,46,,4.1,-5.3,1021,,1028.6,,1,,2.9,,,,2,2,Sc,10,3574,,,12.7,,,,,
146,傈林,2026-03-07 14:00,5.5,,,,4.7,,270,,46,,4.2,-5.2,1020.5,,1028.1,,1,,2.98,,,,1,1,Sc,10,3741,,,13.3,,,,,
146,傈林,2026-03-07 15:00,5.2,,,,5.3,,270,,44,,3.9,-6,1020.2,,1027.8,,1,,2.63,,,,0,0,,,4230,,,11.8,,,,,
146,傈林,2026-03-07 16:00,5.2,,,,5.4,,270,,45,,4,-5.7,1019.6,,1027.2,,1,,2.09,,,,0,0,,,4223,,,10.4,,,,,
146,傈林,2026-03-07 17:00,4.6,,,,5.4,,270,,45,,3.8,-6.3,1019.5,,1027.1,,1,,1.37,,,,0,0,,,4205,,,7.6,,,,,
146,傈林,2026-03-07 18:00,2.8,,,,4.7,,290,,50,,3.7,-6.6,1019.6,,1027.2,,1,,.59,,,,0,0,,,3965,,,3.8,,,,,
146,傈林,2026-03-07 19:00,1.4,,,,3.4,,270,,61,,4.1,-5.3,1020.1,,1027.8,,.2,,.05,,,,0,0,,,3880,,,2,,,,,
146,傈林,2026-03-07 20:00,.5,,,,1.9,,250,,64,,4.1,-5.5,1020.5,,1028.2,,,9,,9,,,0,0,,,3413,,,.9,,,,,
146,傈林,2026-03-07 21:00,.1,,,,1.6,,250,,65,,4,-5.7,1021.4,,1029.1,,,9,,9,,,0,0,,,3315,,,1,,,,,
146,傈林,2026-03-07 22:00,-.6,,,,1.7,,230,,69,,4.1,-5.5,1022.1,,1029.8,,,9,,9,,,0,0,,,3169,,,.8,,,,,
146,傈林,2026-03-07 23:00,-.7,,,,1.5,,230,,69,,4,-5.6,1022.4,,1030.2,,,9,,9,,,0,0,,,3143,,,.7,,,,,
146,傈林,2026-03-08 00:00,-1.9,,,,2.2,,70,,76,,4.1,-5.5,1021.8,,1029.6,,,9,,9,,,0,0,,,2692,,,.5,,,,,
146,傈林,2026-03-08 01:00,-1.9,,,,.7,,250,,77,,4.1,-5.4,1022.4,,1030.2,,,9,,9,,,0,0,,,2837,,,.3,,,,,
146,傈林,2026-03-08 02:00,-2.2,,,,.6,,200,,77,,4,-5.6,1022.5,,1030.3,,,9,,9,,,0,0,,,2857,,,-.2,,,,,
146,傈林,2026-03-08 03:00,-2.5,,,,1.7,,110,,79,,4,-5.6,1021.9,,1029.7,,,9,,9,,,0,0,,,2718,,,-.5,,,,,
146,傈林,2026-03-08 04:00,-3.3,,,,.9,,180,,80,,3.8,-6.2,1021.9,,1029.7,,,9,,9,,,0,0,,,2592,,,-.8,,,,,
146,傈林,2026-03-08 05:00,-3.4,,,,1.7,,140,,81,,3.9,-6.1,1021.5,,1029.3,,,9,,9,,,0,0,,,2570,,,-1.1,,,,,
146,傈林,2026-03-08 06:00,-3.6,,,,1.4,,110,,82,,3.8,-6.2,1021.5,,1029.3,,,9,,9,,,0,0,,,2540,,,-1.3,,,,,
146,傈林,2026-03-08 07:00,-4.1,,,,1.7,,110,,84,,3.8,-6.4,1021.6,,1029.4,,0,,0,,,,0,0,,,2328,,,-1.5,,,,,
146,傈林,2026-03-08 08:00,-1.7,,,,1.1,,70,,75,,4.1,-5.5,1021.7,,1029.5,,.7,,.34,,,,0,0,,,2443,,,-.9,,,,,
146,傈林,2026-03-08 09:00,1.1,,,,.9,,110,,67,,4.4,-4.3,1021.8,,1029.5,,1,,1.17,,,,2,0,Ci,,2941,,,.1,,,,,
146,傈林,2026-03-08 10:00,2.2,,,,1.1,,360,,63,,4.5,-4.1,1021.8,,1029.5,,1,,1.81,,,,0,0,,,2916,,,.8,,,,,
146,傈林,2026-03-08 11:00,3.9,,,,1.8,,20,,51,,4.1,-5.3,1021.6,,1029.2,,1,,2.4,,,,1,0,Ci,,3100,,,3.1,,,,,
146,傈林,2026-03-08 12:00,5.7,,,,2.3,,270,,39,,3.6,-7.2,1021.4,,1029,,1,,2.83,,,,3,0,Ci,,3359,,,9.9,,,,,
146,傈林,2026-03-08 13:00,6.5,,,,2.1,,250,,37,,3.6,-7.1,1020.4,,1027.9,,1,,2.86,,,,3,0,Ci,,3857,,,12.7,,,,,
146,傈林,2026-03-08 14:00,7.7,,,,2.7,,270,,31,,3.2,-8.4,1019.6,,1027.1,,1,,2.92,,,,5,0,Ci,,3327,,,14.3,,,,,
146,傈林,2026-03-08 15:00,8.8,,,,3,,250,,31,,3.5,-7.4,1019.5,,1027,,1,,2.48,,,,5,0,Ci,,4291,,,14.5,,,,,
146,傈林,2026-03-08 16:00,7.6,,,,2.1,,250,,36,,3.8,-6.5,1018.8,,1026.3,,.7,,1.5,,,,8,0,Ci,,3385,,,11.5,,,,,
146,傈林,2026-03-08 17:00,7.3,,,,3.5,,270,,47,,4.8,-3.2,1018.9,,1026.4,,.8,,1.07,,,,6,0,Ci,,2536,,,9.9,,,,,
146,傈林,2026-03-08 18:00,5.5,,,,3.2,,290,,52,,4.7,-3.5,1019.3,,1026.9,,.7,,.56,,,,2,0,Ci,,2629,,,6.2,,,,,
146,傈林,2026-03-08 19:00,3.4,,,,2.9,,290,,62,,4.8,-3.2,1020,,1027.6,,.3,,.08,,,,2,1,,,2467,,,3.5,,,,,
146,傈林,2026-03-08 20:00,2.3,,,,2,,270,,68,,4.9,-3,1020.4,,1028.1,,,9,,9,,,0,0,,,2441,,,2.2,,,,,
146,傈林,2026-03-08 21:00,1.8,,,,1.8,,230,,68,,4.8,-3.4,1021.1,,1028.8,,,9,,9,,,0,0,,,2728,,,1.3,,,,,
146,傈林,2026-03-08 22:00,1,,,,.3,,0,,67,,4.4,-4.4,1020.8,,1028.5,,,9,,9,,,0,0,,,3008,,,.6,,,,,
146,傈林,2026-03-08 23:00,1.1,,,,2.1,,230,,68,,4.5,-4.1,1021.7,,1029.4,,,9,,9,,,5,1,,44,3011,,,.8,,,,,
146,傈林,2026-03-09 00:00,.2,,,,.7,,70,,73,,4.5,-4,1021.3,,1029,,,9,,9,,,0,0,,,2274,,,.7,,,,,
146,傈林,2026-03-09 01:00,-.3,,,,.7,,90,,76,,4.5,-4,1021.3,,1029,,,9,,9,,,3,0,,,2037,,,.6,,,,,
146,傈林,2026-03-09 02:00,-.9,,,,.3,,0,,78,,4.5,-4.2,1021,,1028.7,,,9,,9,,,0,0,,,1901,,,.5,,,,,
146,傈林,2026-03-09 03:00,-1.1,,,,1.1,,110,,79,,4.5,-4.2,1020.7,,1028.5,,,9,,9,,,0,0,,,1817,,,.4,,,,,
146,傈林,2026-03-09 04:00,-1.5,,,,.2,,0,,80,,4.4,-4.5,1021,,1028.8,,,9,,9,,,3,2,ScCi,19,1774,,,.4,,,,,
146,傈林,2026-03-09 05:00,-1.2,,,,1.3,,110,,80,,4.5,-4.2,1020.9,,1028.7,,,9,,9,,,7,7,Sc,10,1688,,,.3,,,,,
146,傈林,2026-03-09 06:00,-.9,,,,1.3,,110,,78,,4.5,-4.2,1020.9,,1028.6,,,9,,9,,,10,9,ScAs,10,1656,,,.3,,,,,
146,傈林,2026-03-09 07:00,-.4,,,,1.5,,110,,78,,4.6,-3.7,1020.9,,1028.6,,0,,0,,,,10,4,ScAs,15,1782,,,.4,,,,,
146,傈林,2026-03-09 08:00,.1,,,,1.5,,160,,75,,4.6,-3.8,1020.7,,1028.4,,0,,.05,,,,10,4,ScAs,7,1868,,,.4,,,,,
146,傈林,2026-03-09 09:00,1.2,,0,,1.2,,140,,73,,4.9,-3.1,1020.8,,1028.5,,0,,.18,,,,10,5,ScAs,10,1804,,01,.6,,,,,
146,傈林,2026-03-09 10:00,2.1,,,9,.7,,320,,70,,5,-2.8,1021,,1028.7,,0,,.3,,,,10,7,ScAs,5,1513,,01,.9,,,,,
146,傈林,2026-03-09 11:00,2.5,,,9,1,,20,,77,,5.6,-1.1,1021,,1028.6,,0,,.35,,,,9,9,Sc,6,1117,,01,1.9,,,,,
146,傈林,2026-03-09 12:00,5.7,,0,,1.8,,230,,66,,6.1,-.1,1020.5,,1028.1,,.2,,1.73,,,,7,7,Sc,5,1344,,,10.5,,,,,
146,傈林,2026-03-09 13:00,6.8,,,9,3,,320,,61,,6,-.2,1019.6,,1027.1,,.4,,1.92,,,,7,7,Sc,7,947,,40,11.5,,,,,
146,傈林,2026-03-09 14:00,7.2,,,9,2.3,,290,,67,,6.8,1.4,1018.8,,1026.3,,.2,,.95,,,,6,6,Sc,8,964,,4001,11.2,,,,,
146,傈林,2026-03-09 15:00,7.9,,0,,6.8,,270,,49,,5.2,-2.1,1018.2,,1025.7,,.8,,2.27,,,,6,6,Sc,14,1079,,40,12.1,,,,,
146,傈林,2026-03-09 16:00,6.7,,,9,5.7,,270,,52,,5.1,-2.4,1018.6,,1026.1,,1,,1.94,,,,2,2,Sc,10,994,,40,9.7,,,,,
146,傈林,2026-03-09 17:00,5.8,,,9,5.5,,270,,65,,6,-.2,1018.8,,1026.3,,.8,,1.03,,,,2,2,Sc,18,750,,40,7.1,,,,,
146,傈林,2026-03-09 18:00,5,,,9,4.5,,270,,67,,5.8,-.6,1019.3,,1026.9,,1,,.45,,,,0,0,,,812,,40,4.9,,,,,
146,傈林,2026-03-09 19:00,3.5,,,9,3.8,,270,,73,,5.8,-.8,1019.7,,1027.3,,0,,.05,,,,0,0,,,811,,40,2.9,,,,,
146,傈林,2026-03-09 20:00,2.6,,,9,1.6,,290,,75,,5.6,-1.3,1020.8,,1028.4,,,9,,9,,,0,0,,,973,,40,1.9,,,,,
146,傈林,2026-03-09 21:00,1.8,,,9,1.3,,270,,76,,5.3,-1.9,1021.2,,1028.9,,,9,,9,,,0,0,,,1122,,40,1,,,,,
146,傈林,2026-03-09 22:00,1.5,,,9,1.5,,230,,76,,5.2,-2.2,1021.9,,1029.6,,,9,,9,,,0,0,,,1114,,,.4,,,,,
146,傈林,2026-03-09 23:00,1.1,,,9,1.9,,230,,78,,5.2,-2.3,1021.9,,1029.6,,,9,,9,,,0,0,,,1120,,,.8,,,,,
146,傈林,2026-03-10 00:00,.4,,,9,1,,140,,80,,5,-2.6,1021.7,,1029.4,,,9,,9,,,0,0,,,982,,19,.7,,,,,
146,傈林,2026-03-10 01:00,-.4,,,,1.7,,140,,82,,4.9,-3.1,1021.2,,1028.9,,,9,,9,,,0,0,,,859,,19,.5,,,,,
146,傈林,2026-03-10 02:00,-1,,,,1.4,,140,,84,,4.8,-3.3,1021.3,,1029.1,,,9,,9,,,0,0,,,809,,19,.3,,,,,
146,傈林,2026-03-10 03:00,-1.2,,,,1.6,,140,,85,,4.8,-3.4,1021,,1028.8,,,9,,9,,,0,0,,,705,,19,.1,,,,,
146,傈林,2026-03-10 04:00,-1.6,,,,1.8,,140,,85,,4.6,-3.7,1021,,1028.8,,,9,,9,,,0,0,,,683,,19,-.3,,,,,
146,傈林,2026-03-10 05:00,-1.9,,,,1.9,,140,,86,,4.6,-3.9,1021.1,,1028.9,,,9,,9,,,0,0,,,638,,19,-.5,,,,,
146,傈林,2026-03-10 06:00,-2.1,,,,2.2,,140,,86,,4.5,-4.1,1020.9,,1028.7,,,9,,9,,,0,0,,,627,,19,-.8,,,,,
146,傈林,2026-03-10 07:00,-2.4,,,,1.9,,140,,86,,4.4,-4.4,1021.1,,1028.9,,0,,0,,,,1,0,Ci,,588,,19,-.9,,,,,
146,傈林,2026-03-10 08:00,-.7,,,,1.5,,140,,81,,4.7,-3.5,1021.8,,1029.5,,.5,,.26,,,,1,0,Ci,,695,,19,-.2,,,,,
146,傈林,2026-03-10 09:00,2,,,,.5,,230,,73,,5.2,-2.3,1022,,1029.7,,1,,.91,,,,0,0,,,834,,19,.2,,,,,
146,傈林,2026-03-10 10:00,4.6,,,,1.3,,110,,63,,5.4,-1.8,1021.6,,1029.2,,1,,1.64,,,,0,0,,,1148,,4019,1.2,,,,,
146,傈林,2026-03-10 11:00,6.5,,,,1.6,,320,,53,,5.1,-2.4,1021.3,,1028.8,,1,,2.28,,,,0,0,,,1376,,,8.1,,,,,
146,傈林,2026-03-10 12:00,7.3,,,,2.8,,270,,45,,4.6,-3.8,1020.5,,1028,,1,,2.73,,,,0,0,,,1366,,,12.3,,,,,
146,傈林,2026-03-10 13:00,8.3,,,,2.7,,250,,40,,4.4,-4.5,1019.6,,1027.1,,1,,2.9,,,,0,0,,,1582,,,14.7,,,,,
146,傈林,2026-03-10 14:00,8.8,,,,2.7,,270,,35,,4,-5.8,1018.7,,1026.2,,1,,2.91,,,,0,0,,,1905,,,16,,,,,
146,傈林,2026-03-10 15:00,9.7,,,,2.6,,270,,33,,4,-5.8,1017.9,,1025.3,,1,,2.59,,,,0,0,,,2313,,,15.6,,,,,
146,傈林,2026-03-10 16:00,10.2,,,,2.8,,270,,34,,4.2,-4.9,1017.7,,1025.1,,1,,2.06,,,,0,0,,,1980,,,14.4,,,,,
146,傈林,2026-03-10 17:00,8.4,,,,4.5,,270,,44,,4.9,-3.1,1017.7,,1025.2,,1,,1.33,,,,0,0,,,1946,,,10.7,,,,,
146,傈林,2026-03-10 18:00,6.6,,,,3.6,,270,,46,,4.5,-4.2,1017.9,,1025.4,,1,,.59,,,,0,0,,,1976,,,6.7,,,,,
146,傈林,2026-03-10 19:00,4.6,,,,1.4,,290,,54,,4.6,-3.9,1018.3,,1025.9,,.3,,.06,,,,4,0,,,2157,,,4.2,,,,,
146,傈林,2026-03-10 20:00,3.8,,,,3.4,,270,,63,,5,-2.6,1018.7,,1026.3,,,9,,9,,,0,0,,,1950,,,2.9,,,,,
146,傈林,2026-03-10 21:00,3,,,,1.4,,290,,65,,4.9,-2.9,1018.7,,1026.3,,,9,,9,,,0,0,,,2018,,,2,,,,,
146,傈林,2026-03-10 22:00,2.7,,,,1,,230,,67,,5,-2.8,1018.5,,1026.1,,,9,,9,,,6,2,,60,1855,,,1.4,,,,,
146,傈林,2026-03-10 23:00,2.2,,,,1.5,,180,,69,,4.9,-2.9,1018.6,,1026.2,,,9,,9,,,4,4,,67,1689,,,.7,,,,,
146,傈林,2026-03-11 00:00,1.5,,,,1,,180,,72,,4.9,-3,1018.5,,1026.2,,,9,,9,,,0,0,,,1594,,,.8,,,,,
146,傈林,2026-03-11 01:00,.8,,,,1.4,,110,,76,,4.9,-2.9,1018.9,,1026.6,,,9,,9,,,4,0,,,1477,,,.7,,,,,
146,傈林,2026-03-11 02:00,.4,,,,1.4,,140,,76,,4.8,-3.3,1019,,1026.7,,,9,,9,,,0,0,,,1356,,,.7,,,,,
146,傈林,2026-03-11 03:00,-.5,,,,1.9,,140,,79,,4.6,-3.7,1018.9,,1026.6,,,9,,9,,,0,0,,,1218,,,.5,,,,,
146,傈林,2026-03-11 04:00,-.7,,,,1.4,,140,,80,,4.6,-3.7,1018.9,,1026.6,,,9,,9,,,0,0,,,1210,,,.4,,,,,
146,傈林,2026-03-11 05:00,-.9,,,,1.4,,110,,80,,4.6,-3.9,1019,,1026.7,,,9,,9,,,6,0,Ci,,1193,,,0,,,,,
146,傈林,2026-03-11 06:00,-1.5,,,,1.2,,140,,80,,4.4,-4.5,1018.8,,1026.5,,,9,,9,,,6,0,Ci,,1119,,,-.1,,,,,
146,傈林,2026-03-11 07:00,-1,,,,2,,140,,80,,4.5,-4,1018.9,,1026.6,,0,,0,,,,8,0,Ci,,1146,,,0,,,,,
146,傈林,2026-03-11 08:00,-.1,,,,1.7,,110,,78,,4.8,-3.4,1019.1,,1026.8,,0,,.16,,,,9,4,AcCi,38,1323,,,.2,,,,,
146,傈林,2026-03-11 09:00,2.7,,,,.6,,20,,71,,5.3,-2,1019.5,,1027.1,,.5,,.73,,,,7,4,AcCi,38,1320,,,.9,,,,,
146,傈林,2026-03-11 10:00,4.1,,,,1.6,,320,,66,,5.4,-1.6,1019.5,,1027.1,,1,,1.58,,,,1,0,Ci,,1421,,,3.6,,,,,
146,傈林,2026-03-11 11:00,6.7,,,,2,,320,,55,,5.4,-1.7,1019.2,,1026.7,,1,,2.16,,,,0,0,,,1451,,,9.9,,,,,
146,傈林,2026-03-11 12:00,8.2,,,,2.6,,320,,48,,5.2,-2.1,1018.7,,1026.2,,1,,2.57,,,,1,0,Ci,,1391,,,13.3,,,,,
146,傈林,2026-03-11 13:00,9.5,,,,2.3,,320,,32,,3.8,-6.4,1017.9,,1025.3,,1,,2.67,,,,1,0,Ci,,1996,,,15,,,,,
146,傈林,2026-03-11 14:00,11.1,,,,2.5,,340,,32,,4.2,-5,1016.7,,1024.1,,1,,2.71,,,,0,0,,,2049,,,16.1,,,,,
146,傈林,2026-03-11 15:00,12,,,,3.8,,320,,31,,4.3,-4.6,1016.2,,1023.5,,1,,2.37,,,,0,0,,,2319,,,15.3,,,,,
146,傈林,2026-03-11 16:00,11.5,,,,3,,320,,24,,3.2,-8.4,1015.9,,1023.3,,1,,1.84,,,,1,0,Ci,,3477,,,13.3,,,,,
146,傈林,2026-03-11 17:00,10.6,,,,4.4,,270,,42,,5.4,-1.8,1016,,1023.4,,1,,1.18,,,,4,0,Ci,,2502,,,11.1,,,,,
146,傈林,2026-03-11 18:00,7.9,,,,3.5,,270,,57,,6.1,-.1,1016.7,,1024.2,,1,,.49,,,,3,0,Ci,,2185,,,7.7,,,,,
146,傈林,2026-03-11 19:00,6.4,,,,1.5,,270,,67,,6.4,.7,1017.3,,1024.8,,0,,.05,,,,0,0,,,1739,,,5.6,,,,,
146,傈林,2026-03-11 20:00,5.6,,,,1.5,,270,,74,,6.7,1.3,1017.7,,1025.2,,,9,,9,,,0,0,,,1513,,,4.4,,,,,
146,傈林,2026-03-11 21:00,5.2,,,,1.1,,270,,74,,6.5,.9,1018.2,,1025.8,,,9,,9,,,0,0,,,1269,,,3.5,,,,,
146,傈林,2026-03-11 22:00,5,,,,1.7,,270,,72,,6.2,.3,1018.6,,1026.2,,,9,,9,,,0,0,,,1322,,,2.9,,,,,
146,傈林,2026-03-11 23:00,4.3,,,,2,,320,,73,,6.1,-.1,1019.1,,1026.7,,,9,,9,,,0,0,,,1219,,,2.3,,,,,
146,傈林,2026-03-12 00:00,3.2,,,,0,,0,,74,,5.7,-.9,1019,,1026.6,,,9,,9,,,0,0,,,1166,,,1.6,,,,,
146,傈林,2026-03-12 01:00,2.5,,,,0,,0,,78,,5.7,-.9,1019.1,,1026.7,,,9,,9,,,0,0,,,1063,,,1.1,,,,,
146,傈林,2026-03-12 02:00,2.3,,,,.7,,140,,79,,5.7,-.9,1019.1,,1026.7,,,9,,9,,,0,0,,,986,,19,.6,,,,,
146,傈林,2026-03-12 03:00,1.6,,,,.9,,140,,81,,5.6,-1.3,1019.3,,1027,,,9,,9,,,0,0,,,870,,19,.8,,,,,
146,傈林,2026-03-12 04:00,1.1,,,,1.1,,140,,83,,5.5,-1.4,1018.9,,1026.6,,,9,,9,,,0,0,,,786,,19,.8,,,,,
146,傈林,2026-03-12 05:00,.5,,,,.7,,160,,83,,5.3,-2,1018.7,,1026.4,,,9,,9,,,0,0,,,726,,19,.8,,,,,
146,傈林,2026-03-12 06:00,.3,,,,1.2,,180,,85,,5.3,-1.9,1019,,1026.7,,,9,,9,,,0,0,,,681,,19,.6,,,,,
146,傈林,2026-03-12 07:00,-.5,,,,0,,0,,86,,5.1,-2.5,1019.3,,1027,,0,,0,,,,0,0,,,640,,19,.5,,,,,
146,傈林,2026-03-12 08:00,1.3,,,,1.1,,140,,82,,5.5,-1.4,1019.5,,1027.2,,.4,,.23,,,,0,0,,,656,,19,.7,,,,,
146,傈林,2026-03-12 09:00,3.9,,,,.5,,180,,74,,6,-.3,1019.6,,1027.2,,1,,.85,,,,0,0,,,714,,19,1.2,,,,,
146,傈林,2026-03-12 10:00,5.1,,,,2.2,,340,,70,,6.1,0,1019.7,,1027.3,,1,,1.53,,,,0,0,,,634,,19,6.9,,,,,
146,傈林,2026-03-12 11:00,7.4,,,,2.1,,340,,61,,6.2,.3,1019.6,,1027.1,,1,,2.16,,,,0,0,,,888,,4019,11.3,,,,,
146,傈林,2026-03-12 12:00,9,,,,2.9,,320,,52,,6,-.3,1019.1,,1026.5,,1,,2.54,,,,0,0,,,905,,40,14.2,,,,,
146,傈林,2026-03-12 13:00,11.3,,,,3.1,,320,,49,,6.5,.9,1018.3,,1025.7,,1,,2.72,,,,0,0,,,954,,40,16.3,,,,,
146,傈林,2026-03-12 14:00,12.2,,,,2.9,,290,,44,,6.2,.2,1017.2,,1024.5,,1,,2.65,,,,1,1,Sc,15,1061,,40,16.7,,,,,
146,傈林,2026-03-12 15:00,13.4,,,,3.4,,290,,42,,6.4,.7,1016.5,,1023.8,,1,,2.38,,,,4,4,Sc,15,1140,,,16.3,,,,,
146,傈林,2026-03-12 16:00,12.9,,,,3.9,,290,,38,,5.6,-1.1,1016.2,,1023.5,,.7,,1.6,,,,7,7,Sc,13,1202,,,13.7,,,,,
146,傈林,2026-03-12 17:00,12.3,,,,3.1,,340,,35,,5,-2.7,1016.4,,1023.7,,.1,,.67,,,,8,8,Sc,10,1651,,,10.7,,,,,
146,傈林,2026-03-12 18:00,10.1,,,,4,,230,,58,,7.1,2.1,1016.9,,1024.3,,.1,,.31,,,,7,7,Sc,12,824,,40,9.1,,,,,
146,傈林,2026-03-12 19:00,8.2,,,,3.8,,230,,67,,7.3,2.4,1017.6,,1025.1,,0,,.05,,,,5,3,,20,712,,40,7.1,,,,,
146,傈林,2026-03-12 20:00,7.1,,,,2.6,,230,,72,,7.2,2.3,1018.4,,1025.9,,,9,,9,,,6,4,,21,708,,40,6.2,,,,,
146,傈林,2026-03-12 21:00,6.5,,,,.9,,250,,73,,7.1,2,1019.2,,1026.7,,,9,,9,,,5,5,Sc,18,697,,40,5.1,,,,,
146,傈林,2026-03-12 22:00,5.5,,,,1.3,,110,,77,,6.9,1.7,1019.8,,1027.4,,,9,,9,,,0,0,,,633,,40,4.1,,,,,
146,傈林,2026-03-12 23:00,4.8,,,,.9,,360,,80,,6.9,1.6,1020.5,,1028.1,,,9,,9,,,0,0,,,510,,4019,3.2,,,,,
146,傈林,2026-03-13 00:00,4.7,,,,.9,,230,,80,,6.8,1.5,1020.8,,1028.4,,,9,,9,,,0,0,,,517,,19,2.4,,,,,
146,傈林,2026-03-13 01:00,3.9,,,,.1,,0,,83,,6.7,1.2,1021.3,,1028.9,,,9,,9,,,0,0,,,468,,19,1.8,,,,,
146,傈林,2026-03-13 02:00,3.9,,,,1.5,,110,,81,,6.5,.9,1021.2,,1028.8,,,9,,9,,,0,0,,,495,,19,1.3,,,,,
146,傈林,2026-03-13 03:00,3.2,,,,1.2,,110,,78,,6,-.2,1020.5,,1028.1,,,9,,9,,,0,0,,,830,,19,1,,,,,
146,傈林,2026-03-13 04:00,3,,,,.8,,160,,80,,6.1,-.1,1020.4,,1028,,,9,,9,,,0,0,,,788,,19,.9,,,,,
146,傈林,2026-03-13 05:00,2.2,,,,.7,,160,,80,,5.8,-.8,1021.2,,1028.9,,,9,,9,,,0,0,,,1448,,19,.8,,,,,
146,傈林,2026-03-13 06:00,2,,,,.9,,200,,80,,5.7,-1,1021.8,,1029.5,,,9,,9,,,0,0,,,947,,19,.8,,,,,
146,傈林,2026-03-13 07:00,1.2,,,,1,,180,,80,,5.4,-1.8,1022.3,,1030,,0,,0,,,,0,0,,,1998,,19,.7,,,,,
146,傈林,2026-03-13 08:00,3.4,,,,.6,,160,,75,,5.8,-.6,1022.9,,1030.5,,.8,,.3,,,,2,0,Ci,,1841,,,.9,,,,,
146,傈林,2026-03-13 09:00,6.1,,,,1.2,,50,,63,,5.9,-.4,1023.4,,1031,,1,,1,,,,0,0,,,2717,,,1.6,,,,,
146,傈林,2026-03-13 10:00,7.9,,,,1.4,,230,,51,,5.4,-1.6,1023,,1030.5,,1,,1.72,,,,0,0,,,3316,,,8.6,,,,,
146,傈林,2026-03-13 11:00,9.7,,,,2.4,,360,,44,,5.3,-1.9,1022.9,,1030.4,,1,,2.34,,,,0,0,,,2868,,,12.8,,,,,
146,傈林,2026-03-13 12:00,11,,,,3.6,,360,,33,,4.3,-4.6,1022.2,,1029.6,,1,,2.76,,,,0,0,,,3351,,,15,,,,,
146,傈林,2026-03-13 13:00,11.8,,,,5.1,,340,,29,,4,-5.6,1021.4,,1028.8,,1,,2.99,,,,1,1,Sc,15,3751,,,16,,,,,
146,傈林,2026-03-13 14:00,13.1,,,,3.4,,320,,27,,4.1,-5.5,1020,,1027.3,,1,,2.93,,,,1,1,Sc,15,4147,,,17.2,,,,,
146,傈林,2026-03-13 15:00,12.9,,,,3.5,,50,,26,,3.9,-6.1,1019.4,,1026.7,,1,,2.62,,,,0,0,,,4327,,,17.2,,,,,
146,傈林,2026-03-13 16:00,12.8,,,,4.9,,320,,24,,3.5,-7.3,1019.6,,1026.9,,1,,2.11,,,,1,1,Sc,15,4490,,,15.3,,,,,
146,傈林,2026-03-13 17:00,12.1,,,,4.4,,50,,23,,3.2,-8.4,1019.6,,1027,,1,,1.41,,,,0,0,,,4398,,,12.5,,,,,
146,傈林,2026-03-13 18:00,11.2,,,,4,,360,,27,,3.6,-7.1,1019.7,,1027.1,,1,,.64,,,,2,0,Ci,,3829,,,8.5,,,,,
146,傈林,2026-03-13 19:00,9.8,,,,2.3,,20,,31,,3.8,-6.5,1020.3,,1027.7,,.2,,.05,,,,0,0,,,4841,,,6.2,,,,,
146,傈林,2026-03-13 20:00,7.2,,,,1.9,,200,,54,,5.5,-1.5,1021,,1028.5,,,9,,9,,,0,0,,,2682,,,4.9,,,,,
146,傈林,2026-03-13 21:00,6.3,,,,1.3,,200,,55,,5.3,-2,1021.6,,1029.1,,,9,,9,,,0,0,,,2325,,,3.9,,,,,
146,傈林,2026-03-13 22:00,5.1,,,,.7,,360,,60,,5.3,-2,1022.1,,1029.7,,,9,,9,,,0,0,,,2275,,,3,,,,,
146,傈林,2026-03-13 23:00,5.2,,,,1.2,,140,,58,,5.1,-2.4,1022.4,,1030,,,9,,9,,,0,0,,,2471,,,2.3,,,,,
146,傈林,2026-03-14 00:00,4.5,,,,1.2,,110,,56,,4.7,-3.5,1022.2,,1029.8,,,9,,9,,,0,0,,,3420,,,1.6,,,,,
146,傈林,2026-03-14 01:00,4.2,,,,1.7,,110,,56,,4.6,-3.8,1022.1,,1029.7,,,9,,9,,,0,0,,,3739,,,1.1,,,,,
146,傈林,2026-03-14 02:00,4,,,,2,,90,,57,,4.6,-3.7,1021.9,,1029.5,,,9,,9,,,0,0,,,3768,,,.7,,,,,
146,傈林,2026-03-14 03:00,3.5,,,,1.5,,140,,58,,4.5,-4,1021.7,,1029.3,,,9,,9,,,0,0,,,4535,,,.8,,,,,
146,傈林,2026-03-14 04:00,3.7,,,,2.4,,140,,58,,4.6,-3.8,1021.7,,1029.3,,,9,,9,,,6,6,Ac,40,4842,,,1.1,,,,,
146,傈林,2026-03-14 05:00,3.2,,,,2.1,,140,,60,,4.6,-3.8,1021.9,,1029.5,,,9,,9,,,0,0,,,4980,,,.9,,,,,
146,傈林,2026-03-14 06:00,2.5,,,,2,,140,,63,,4.6,-3.8,1022,,1029.7,,,9,,9,,,0,0,,,4404,,,.9,,,,,
146,傈林,2026-03-14 07:00,2.1,,,,2,,140,,65,,4.6,-3.8,1022.3,,1030,,0,,0,,,,3,0,Ci,,4534,,,.9,,,,,
146,傈林,2026-03-14 08:00,4.8,,,,1.2,,140,,57,,4.9,-3,1022.7,,1030.3,,.8,,.35,,,,6,6,Ac,39,4243,,,1.2,,,,,
146,傈林,2026-03-14 09:00,6.6,,,,.4,,0,,54,,5.3,-2,1022.9,,1030.4,,.5,,.87,,,,5,5,Ac,35,4291,,,5.2,,,,,
146,傈林,2026-03-14 10:00,9.5,,,,1.1,,200,,48,,5.7,-.9,1022.6,,1030.1,,1,,1.7,,,,4,4,Ac,35,3227,,,10.1,,,,,
146,傈林,2026-03-14 11:00,10.1,,,,1.9,,340,,45,,5.6,-1.3,1022.2,,1029.6,,.6,,2.01,,,,5,5,Ac,35,2828,,,12.5,,,,,
146,傈林,2026-03-14 12:00,11.7,,,,2.5,,270,,39,,5.4,-1.8,1021.6,,1029,,.9,,2.44,,,,6,6,Ac,35,2713,,,15.9,,,,,
146,傈林,2026-03-14 13:00,12.3,,,,3.3,,270,,38,,5.4,-1.6,1021.2,,1028.6,,.7,,2.59,,,,7,7,Ac,35,3006,,,16.1,,,,,
146,傈林,2026-03-14 14:00,12.3,,,,3.6,,290,,36,,5.2,-2.3,1020.4,,1027.8,,0,,1.75,,,,8,8,Ac,35,2753,,,15.3,,,,,
146,傈林,2026-03-14 15:00,11.6,,,,3.8,,270,,41,,5.6,-1.2,1019.9,,1027.3,,0,,1.64,,,,9,9,Ac,35,2420,,,13.9,,,,,
146,傈林,2026-03-14 16:00,10.8,,,,4,,270,,38,,4.9,-2.9,1020.3,,1027.7,,0,,.87,,,,9,9,Ac,37,2563,,,11.5,,,,,
146,傈林,2026-03-14 17:00,9.6,,,,3.9,,290,,41,,4.9,-3,1020.4,,1027.8,,0,,.52,,,,8,8,Ac,35,2188,,,9.8,,,,,
146,傈林,2026-03-14 18:00,8.7,,,,3.2,,270,,44,,5,-2.8,1020.6,,1028.1,,0,,.29,,,,7,7,Ac,36,1745,,,8.5,,,,,
146,傈林,2026-03-14 19:00,7.5,,,,2.6,,290,,50,,5.2,-2.2,1021.1,,1028.6,,.2,,.06,,,,7,7,,38,1647,,,6.4,,,,,
146,傈林,2026-03-14 20:00,6.5,,,,2.2,,250,,52,,5,-2.6,1021.3,,1028.8,,,9,,9,,,3,3,,34,1581,,,5,,,,,
146,傈林,2026-03-14 21:00,6,,,,1.3,,230,,55,,5.2,-2.3,1021.1,,1028.6,,,9,,9,,,4,4,Ac,36,1480,,,4.7,,,,,
146,傈林,2026-03-14 22:00,5.5,,,,2.3,,250,,62,,5.6,-1.2,1021,,1028.6,,,9,,9,,,6,1,,48,1391,,,3.6,,,,,
146,傈林,2026-03-14 23:00,4.7,,,,1.1,,250,,62,,5.3,-1.9,1020.6,,1028.2,,,9,,9,,,3,1,,,1490,,,2.9,,,,,
146,傈林,2026-03-15 00:00,4.1,,,,.9,,90,,65,,5.3,-1.9,1020.2,,1027.8,,,9,,9,,,3,3,Ac,,1388,,,2.5,,,,,
146,傈林,2026-03-15 01:00,4,,,,.3,,0,,66,,5.4,-1.7,1020,,1027.6,,,9,,9,,,9,8,,54,1300,,,3,,,,,
146,傈林,2026-03-15 02:00,4.1,,,,1.3,,140,,64,,5.2,-2.1,1019.8,,1027.4,,,9,,9,,,10,2,,44,1488,,,3.3,,,,,
146,傈林,2026-03-15 03:00,4.2,,,,.8,,160,,64,,5.3,-2,1019.3,,1026.9,,,9,,9,,,10,10,As,38,1446,,,3.6,,,,,
146,傈林,2026-03-15 04:00,4.2,,,,.6,,110,,64,,5.3,-2,1019.1,,1026.7,,,9,,9,,,10,10,As,39,1468,,,3.8,,,,,
146,傈林,2026-03-15 05:00,4.1,,,,0,,0,,65,,5.3,-1.9,1019.3,,1026.9,,,9,,9,,,10,10,As,40,1405,,,3.8,,,,,
146,傈林,2026-03-15 06:00,4.3,,,,.9,,110,,67,,5.6,-1.2,1019.7,,1027.3,,,9,,9,,,10,10,As,40,1390,,,3.9,,,,,
146,傈林,2026-03-15 07:00,4.3,,,,.7,,110,,66,,5.5,-1.5,1019.9,,1027.5,,0,,0,,,,10,10,As,40,1154,,,4,,,,,
146,傈林,2026-03-15 08:00,4.9,,,,0,,0,,67,,5.8,-.7,1020.1,,1027.7,,0,,.16,,,,10,10,As,40,1074,,,5.3,,,,,
146,傈林,2026-03-15 09:00,6.6,,,,.3,,0,,60,,5.8,-.6,1020,,1027.5,,0,,.56,,,,10,10,As,40,1085,,,7.7,,,,,
146,傈林,2026-03-15 10:00,7.5,,,9,1.6,,340,,60,,6.2,.2,1020.1,,1027.6,,0,,.77,,,,10,1,ScAs,16,1009,,01,9.3,,,,,
146,傈林,2026-03-15 11:00,8.1,,,9,1.1,,360,,55,,5.9,-.4,1019.5,,1027,,0,,.85,,,,10,2,StNs,5,1001,,01,10.4,,,,,
146,傈林,2026-03-15 12:00,9.4,,0,,1.8,,320,,54,,6.3,.5,1019.2,,1026.6,,0,,1.21,,,,10,3,ScAs,10,865,,4001,12.9,,,,,
146,傈林,2026-03-15 13:00,10.3,,,9,1.6,,320,,54,,6.7,1.3,1018.5,,1025.9,,0,,1.74,,,,10,10,As,40,899,,4001,13.5,,,,,
146,傈林,2026-03-15 14:00,9.5,,,9,2.8,,290,,58,,6.9,1.6,1017.8,,1025.2,,0,,.67,,,,10,10,As,40,833,,40,11.5,,,,,
146,傈林,2026-03-15 15:00,8.5,,,9,4.3,,270,,72,,8,3.7,1017.4,,1024.9,,0,,.54,,,,10,10,As,37,639,,40,10.1,,,,,
146,傈林,2026-03-15 16:00,7.7,,,9,4.5,,270,,76,,8,3.7,1017.5,,1025,,0,,.32,,,,10,10,As,36,538,,40,9.4,,,,,
146,傈林,2026-03-15 17:00,7.5,,,9,3.1,,270,,77,,8,3.7,1017.5,,1025,,0,,.17,,,,10,10,As,35,495,,40,8.4,,,,,
146,傈林,2026-03-15 18:00,7.2,,,9,3.1,,270,,77,,7.8,3.4,1017.6,,1025.1,,0,,.14,,,,10,10,As,35,604,,40,7.8,,,,,
146,傈林,2026-03-15 19:00,7,,,9,2.4,,270,,77,,7.7,3.2,1017.5,,1025,,0,,.01,,,,9,9,,5,715,,40,7.2,,,,,
146,傈林,2026-03-15 20:00,6.3,,,9,2.5,,270,,77,,7.3,2.5,1017.9,,1025.4,,,9,,9,,,9,5,,5,719,,40,6.6,,,,,
146,傈林,2026-03-15 21:00,5.6,,,9,2.7,,230,,80,,7.3,2.4,1018.5,,1026,,,9,,9,,,8,8,Sc,6,586,,4019,5.8,,,,,
146,傈林,2026-03-15 22:00,5.1,,,9,2.3,,230,,82,,7.2,2.2,1018.9,,1026.5,,,9,,9,,,9,2,,6,563,,19,5.4,,,,,
146,傈林,2026-03-15 23:00,4.8,,,9,2.2,,250,,83,,7.1,2.1,1019.4,,1027,,,9,,9,,,8,5,,6,552,,19,4.9,,,,,
146,傈林,2026-03-16 00:00,4.3,,,9,.2,,0,,79,,6.5,.9,1019.3,,1026.9,,,9,,9,,,6,6,Sc,,580,,19,4.4,,,,,
146,傈林,2026-03-16 01:00,3.1,,,,.9,,340,,83,,6.3,.4,1018.9,,1026.5,,,9,,9,,,0,0,,,544,,19,2.7,,,,,
146,傈林,2026-03-16 02:00,3.1,,,,.4,,0,,86,,6.5,.9,1018.2,,1025.8,,,9,,9,,,6,0,,,463,,19,2.2,,,,,
146,傈林,2026-03-16 03:00,2.5,,,,.8,,20,,88,,6.4,.7,1017.6,,1025.2,,,9,,9,,,4,0,Ci,,362,,19,1.6,,,,,
146,傈林,2026-03-16 04:00,2.5,,,,.8,,230,,80,,5.8,-.6,1017.8,,1025.4,,,9,,9,,,9,0,Ci,,443,,19,1.8,,,,,
146,傈林,2026-03-16 05:00,2.3,,,,.2,,0,,86,,6.2,.1,1017.8,,1025.4,,,9,,9,,,4,0,Ci,,397,,19,1.6,,,,,
146,傈林,2026-03-16 06:00,1.8,,,,.9,,20,,90,,6.2,.3,1017.9,,1025.5,,,9,,9,,,3,0,Ci,,229,,19,1.5,,,,,
146,傈林,2026-03-16 07:00,2.2,,,,2,,90,,90,,6.4,.7,1017.3,,1024.9,,0,,0,,,,10,10,St,5,175,,19,2.4,,,,,
146,傈林,2026-03-16 08:00,2.9,,,,.9,,90,,88,,6.6,1.1,1017.2,,1024.8,,0,,.18,,,,9,9,St,5,223,,19,3.8,,,,,
146,傈林,2026-03-16 09:00,5.7,,,,.6,,250,,80,,7.3,2.5,1017.3,,1024.8,,.9,,1.02,,,,5,0,Ci,,398,,19,6.2,,,,,
146,傈林,2026-03-16 10:00,7.5,,,,1.7,,320,,74,,7.6,3.1,1017.1,,1024.6,,1,,1.74,,,,4,0,Ci,,510,,19,10.8,,,,,
146,傈林,2026-03-16 11:00,8.7,,,,3.4,,290,,69,,7.7,3.3,1016.7,,1024.1,,1,,2.39,,,,5,0,Ci,,522,,4019,13.9,,,,,
146,傈林,2026-03-16 12:00,10.4,,,,2.8,,320,,54,,6.8,1.4,1016.2,,1023.6,,1,,2.75,,,,4,0,Ci,,831,,40,16.6,,,,,
146,傈林,2026-03-16 13:00,11.7,,,,2.5,,290,,47,,6.4,.7,1015.3,,1022.6,,.9,,2.35,,,,5,0,Ci,,911,,40,16.6,,,,,
146,傈林,2026-03-16 14:00,13.1,,,,3.6,,250,,46,,6.9,1.7,1014.7,,1022,,1,,2.56,,,,6,0,Ci,,943,,40,18.8,,,,,
146,傈林,2026-03-16 15:00,12.7,,,,3.8,,270,,44,,6.4,.7,1014.3,,1021.6,,.6,,1.93,,,,7,0,Ci,,1055,,40,16.4,,,,,
146,傈林,2026-03-16 16:00,11.7,,,,4.1,,270,,47,,6.4,.7,1014.1,,1021.4,,.2,,1.3,,,,8,8,Ac,30,1004,,,14.4,,,,,
146,傈林,2026-03-16 17:00,10.6,,,,3,,270,,46,,5.9,-.5,1014,,1021.4,,0,,.72,,,,7,7,Ac,30,1313,,,12.3,,,,,
146,傈林,2026-03-16 18:00,10,,,,2.3,,250,,45,,5.5,-1.4,1013.9,,1021.3,,.4,,.51,,,,8,8,Ac,30,1343,,,10.6,,,,,
146,傈林,2026-03-16 19:00,8.3,,,,1.9,,270,,49,,5.4,-1.8,1014.6,,1022,,.1,,.08,,,,0,0,,,1371,,,7.6,,,,,
146,傈林,2026-03-16 20:00,6.9,,,,2.5,,230,,55,,5.5,-1.5,1015.2,,1022.7,,,9,,9,,,0,0,,,1509,,,5.9,,,,,
146,傈林,2026-03-16 21:00,6.2,,,,1.5,,230,,56,,5.3,-1.9,1015.4,,1022.9,,,9,,9,,,5,0,Ci,,1400,,,4.8,,,,,
146,傈林,2026-03-16 22:00,6.1,,,,1.2,,200,,61,,5.8,-.8,1015.5,,1023,,,9,,9,,,8,0,,,1325,,,4.1,,,,,
146,傈林,2026-03-16 23:00,5,,,,.2,,0,,65,,5.7,-1,1015.7,,1023.2,,,9,,9,,,6,0,,,1224,,,3.6,,,,,
146,傈林,2026-03-17 00:00,4.8,,,,.8,,110,,68,,5.8,-.6,1015.3,,1022.8,,,9,,9,,,6,0,Ci,,1132,,,2.9,,,,,
146,傈林,2026-03-17 01:00,4.3,,,,1.1,,140,,69,,5.8,-.8,1015.5,,1023.1,,,9,,9,,,6,0,,,1046,,,2.3,,,,,
146,傈林,2026-03-17 02:00,3.9,,,,1.1,,110,,71,,5.8,-.8,1015.9,,1023.5,,,9,,9,,,8,0,,,1023,,,2.1,,,,,
146,傈林,2026-03-17 03:00,3.2,,,,1.1,,140,,73,,5.6,-1.1,1015.2,,1022.8,,,9,,9,,,6,0,Ci,,898,,40,1.8,,,,,
146,傈林,2026-03-17 04:00,2.9,,,,.9,,140,,75,,5.6,-1.1,1015.2,,1022.8,,,9,,9,,,5,0,Ci,,884,,40,1.3,,,,,
146,傈林,2026-03-17 05:00,2.8,,,,.9,,90,,76,,5.7,-1,1015.4,,1023,,,9,,9,,,5,0,Ci,,837,,40,.9,,,,,
146,傈林,2026-03-17 06:00,2.1,,,,1.5,,140,,78,,5.6,-1.3,1015.4,,1023,,,9,,9,,,3,0,Ci,,712,,40,.6,,,,,
146,傈林,2026-03-17 07:00,2,,,,1.6,,110,,79,,5.6,-1.2,1015.9,,1023.5,,0,,.01,,,,1,0,Ci,,671,,40,.8,,,,,
146,傈林,2026-03-17 08:00,4,,,,.7,,90,,75,,6.1,0,1016,,1023.6,,.6,,.32,,,,0,0,,,646,,40,1.8,,,,,
146,傈林,2026-03-17 09:00,7,,,,.5,,140,,66,,6.6,1,1016.1,,1023.6,,1,,1.01,,,,0,0,,,728,,40,5.8,,,,,
146,傈林,2026-03-17 10:00,9.1,,,,1.4,,290,,57,,6.6,1,1015.7,,1023.1,,1,,1.76,,,,0,0,,,781,,40,11,,,,,
146,傈林,2026-03-17 11:00,10.9,,,,2.3,,320,,53,,6.9,1.6,1015.1,,1022.5,,1,,2.42,,,,0,0,,,771,,40,14.9,,,,,
146,傈林,2026-03-17 12:00,13.3,,,,2.5,,320,,49,,7.4,2.7,1014.5,,1021.8,,1,,2.87,,,,0,0,,,790,,40,18.1,,,,,
146,傈林,2026-03-17 13:00,15,,,,2.5,,340,,43,,7.3,2.5,1013.9,,1021.1,,1,,3,,,,0,0,,,919,,40,20.8,,,,,
146,傈林,2026-03-17 14:00,15.8,,,,2.9,,290,,40,,7.2,2.2,1012.7,,1019.9,,1,,2.89,,,,0,0,,,1064,,40,21.6,,,,,
146,傈林,2026-03-17 15:00,17,,,,3,,320,,34,,6.6,1,1012.2,,1019.4,,1,,2.52,,,,0,0,,,1238,,,21.3,,,,,
146,傈林,2026-03-17 16:00,16.5,,,,4.2,,320,,35,,6.5,.9,1012,,1019.2,,1,,1.99,,,,0,0,,,1176,,,19.3,,,,,
146,傈林,2026-03-17 17:00,15.5,,,,3.6,,270,,36,,6.3,.4,1011.9,,1019.1,,1,,1.29,,,,0,0,,,1187,,40,16.4,,,,,
146,傈林,2026-03-17 18:00,13.5,,,,2.6,,270,,47,,7.2,2.3,1012,,1019.3,,1,,.55,,,,0,0,,,1411,,,12.8,,,,,
146,傈林,2026-03-17 19:00,11.6,,,,2.9,,270,,55,,7.5,2.8,1012.4,,1019.7,,.1,,.07,,,,0,0,,,1307,,,10,,,,,
146,傈林,2026-03-17 20:00,10.5,,,,2,,290,,56,,7.1,2,1012.7,,1020.1,,,9,,9,,,0,0,,,1209,,,8.3,,,,,
146,傈林,2026-03-17 21:00,9.1,,,,.1,,0,,55,,6.3,.5,1012.8,,1020.2,,,9,,9,,,1,0,Ci,,1287,,,7,,,,,
146,傈林,2026-03-17 22:00,8.9,,,,1.4,,110,,65,,7.4,2.6,1013.1,,1020.5,,,9,,9,,,0,0,,,1140,,,6.6,,,,,
146,傈林,2026-03-17 23:00,8.7,,,,1.2,,160,,66,,7.4,2.6,1012.5,,1019.9,,,9,,9,,,8,2,,12,1064,,,6,,,,,
146,傈林,2026-03-18 00:00,8.2,,,,1,,160,,68,,7.4,2.6,1011.7,,1019.1,,,9,,9,,,8,4,AcCi,,1009,,,6.1,,,,,
146,傈林,2026-03-18 01:00,8.5,,,,1.4,,110,,68,,7.5,2.9,1011.5,,1018.9,,,9,,9,,,10,8,,31,971,,40,6.8,,,,,
146,傈林,2026-03-18 02:00,8.7,,,,1.2,,110,,68,,7.6,3.1,1010.7,,1018.1,,,9,,9,,,10,7,,23,1009,,40,7.1,,,,,
146,傈林,2026-03-18 03:00,8.9,,.1,,1.4,,180,,75,,8.5,4.7,1010.2,,1017.6,,,9,,9,,,10,4,ScAs,11,713,,01,7.4,,,,,
146,傈林,2026-03-18 04:00,8.8,,,9,1.9,,140,,85,,9.6,6.4,1009.3,,1016.7,,,9,,9,,,10,3,StNs,5,370,,01,7.7,,,,,
146,傈林,2026-03-18 05:00,8.7,,,9,1.6,,110,,88,,9.9,6.8,1008.4,,1015.8,,,9,,9,,,10,5,StNs,5,341,,01,7.9,,,,,
146,傈林,2026-03-18 06:00,8.9,,2,,1.7,,110,,87,,9.9,6.8,1007.5,,1014.9,,,9,,9,,,10,9,StNs,5,468,,01,8,,,,,
146,傈林,2026-03-18 07:00,8.5,,,9,.4,,0,,90,,9.9,6.9,1006.9,,1014.3,,0,,0,,,,10,7,StNs,3,220,,01,8.1,,,,,
146,傈林,2026-03-18 08:00,8.3,,,9,1.3,,50,,90,,9.8,6.7,1006.9,,1014.3,,0,,.04,,,,10,3,StNs,8,214,,01,8.4,,,,,
146,傈林,2026-03-18 09:00,8.8,,4.5,,.8,,50,,90,,10.2,7.2,1006.9,,1014.3,,0,,.15,,,,10,5,StNs,6,224,,01,9.2,,,,,
146,傈林,2026-03-18 10:00,9.1,,,9,1.7,,110,,87,,10,7,1006.1,,1013.5,,0,,.31,,,,10,6,StNs,7,622,,01,10.4,,,,,
146,傈林,2026-03-18 11:00,9.8,,,9,.8,,360,,85,,10.2,7.3,1005.9,,1013.2,,0,,.41,,,,10,3,StNs,6,677,,01,11.2,,,,,
146,傈林,2026-03-18 12:00,9.8,,1.2,,.3,,0,,86,,10.4,7.5,1005.7,,1013,,0,,.32,,,,10,8,StNs,4,207,,01,11.7,,,,,
146,傈林,2026-03-18 13:00,9.7,,,9,.8,,50,,89,,10.6,7.9,1005.1,,1012.4,,0,,.39,,,,10,7,StNs,7,161,,01,12,,,,,
146,傈林,2026-03-18 14:00,10,,,9,.9,,230,,90,,11,8.4,1004.2,,1011.5,,0,,.4,,,,10,10,St,2,174,,190201,12.3,,,,,
146,傈林,2026-03-18 15:00,7.9,,1.8,,3.5,,320,,93,,9.9,6.8,1004.5,,1011.9,,0,,.21,,,,10,10,St,3,124,,190201,10.5,,,,,
146,傈林,2026-03-18 16:00,7.5,,,9,3.8,,340,,93,,9.6,6.4,1005.1,,1012.5,,0,,.15,,,,10,10,St,3,244,,1902,9.5,,,,,
146,傈林,2026-03-18 17:00,6.6,,,9,2.7,,320,,93,,9,5.5,1005.4,,1012.8,,0,,.14,,,,10,10,St,2,197,,1902,9.1,,,,,
146,傈林,2026-03-18 18:00,6.3,,.2,,2.3,,320,,92,,8.7,5,1006,,1013.4,,0,,.06,,,,10,10,St,3,276,,19,8.3,,,,,
146,傈林,2026-03-18 19:00,6.2,,,9,2.8,,320,,91,,8.6,4.8,1007.1,,1014.5,,0,,.02,,,,10,10,,2,372,,19,7.8,,,,,
146,傈林,2026-03-18 20:00,6.1,,,9,2.5,,340,,89,,8.4,4.4,1007.5,,1014.9,,,9,,9,,,10,4,,4,429,,19,7.4,,,,,
146,傈林,2026-03-18 21:00,5.9,,,9,2.1,,340,,89,,8.2,4.2,1008.4,,1015.9,,,9,,9,,,9,3,ScCi,7,453,,19,6.8,,,,,
146,傈林,2026-03-18 22:00,5.9,,,9,2.4,,270,,89,,8.2,4.2,1009.8,,1017.3,,,9,,9,,,10,3,,2,453,,19,6.7,,,,,
146,傈林,2026-03-18 23:00,5,,,9,2.3,,270,,88,,7.6,3.1,1010.2,,1017.7,,,9,,9,,,7,7,,3,566,,19,5.8,,,,,
146,傈林,2026-03-19 00:00,4.4,,,9,1.4,,270,,88,,7.3,2.5,1010.7,,1018.2,,,9,,9,,,6,6,Sc,,589,,19,4.7,,,,,
146,傈林,2026-03-19 01:00,3.8,,,,2.4,,270,,85,,6.8,1.5,1011,,1018.5,,,9,,9,,,6,4,,6,881,,19,3.8,,,,,
146,傈林,2026-03-19 02:00,3.5,,,,2.1,,230,,87,,6.8,1.5,1011.2,,1018.7,,,9,,9,,,3,3,,3,747,,19,3.7,,,,,
146,傈林,2026-03-19 03:00,3.2,,,,1.8,,250,,88,,6.7,1.3,1011.2,,1018.8,,,9,,9,,,7,7,Sc,6,587,,19,3.8,,,,,
146,傈林,2026-03-19 04:00,2.8,,,,1.6,,250,,88,,6.6,1,1010.9,,1018.5,,,9,,9,,,6,6,Sc,7,610,,19,3.5,,,,,
146,傈林,2026-03-19 05:00,2,,,,.5,,250,,89,,6.2,.3,1011,,1018.6,,,9,,9,,,2,2,Sc,7,586,,19,2.1,,,,,
146,傈林,2026-03-19 06:00,1.3,,,,.3,,0,,92,,6.2,.1,1011.4,,1019,,,9,,9,,,0,0,,,382,,19,1.4,,,,,
146,傈林,2026-03-19 07:00,.4,,,,.6,,290,,94,,5.9,-.4,1011.9,,1019.5,,0,,.01,,,,10,10,,3,34,,1916,1.2,,,,,
146,傈林,2026-03-19 08:00,.3,,,,1,,360,,95,,5.9,-.4,1012.4,,1020,,0,,.23,,,,10,10,,1,10,,16,2.6,,,,,
146,傈林,2026-03-19 09:00,3.1,,,,1.2,,360,,91,,6.9,1.7,1013,,1020.6,,.2,,.8,,,,6,6,Sc,10,157,,1916,6.6,,,,,
146,傈林,2026-03-19 10:00,5.1,,,,1.5,,50,,74,,6.5,.8,1012.9,,1020.4,,1,,1.95,,,,1,0,Ci,,1141,,19,10.5,,,,,
146,傈林,2026-03-19 11:00,7.1,,,,2.4,,340,,62,,6.2,.2,1012.5,,1020,,1,,2.56,,,,0,0,,,1449,,,14,,,,,
146,傈林,2026-03-19 12:00,8.7,,,,2,,290,,52,,5.8,-.6,1012.1,,1019.5,,1,,3.04,,,,0,0,,,1967,,,16.7,,,,,
146,傈林,2026-03-19 13:00,9.8,,,,2.6,,320,,47,,5.7,-.9,1011.6,,1019,,1,,3.19,,,,0,0,,,3020,,,18.2,,,,,
146,傈林,2026-03-19 14:00,11.5,,,,3.5,,290,,37,,5,-2.7,1010.6,,1017.9,,1,,3.1,,,,0,0,,,3659,,,18.5,,,,,
146,傈林,2026-03-19 15:00,12.4,,,,3.6,,290,,35,,5,-2.6,1010.3,,1017.6,,1,,2.74,,,,0,0,,,4150,,,17.8,,,,,
146,傈林,2026-03-19 16:00,12.7,,,,2.9,,270,,33,,4.9,-3.1,1010.1,,1017.4,,1,,2.22,,,,0,0,,,3898,,,16.2,,,,,
146,傈林,2026-03-19 17:00,11.4,,,,4.9,,270,,41,,5.5,-1.4,1010.1,,1017.4,,1,,1.47,,,,0,0,,,3799,,,13.5,,,,,
146,傈林,2026-03-19 18:00,9.8,,,,3.3,,270,,43,,5.2,-2.2,1010,,1017.4,,1,,.72,,,,0,0,,,4151,,,9.7,,,,,
146,傈林,2026-03-19 19:00,7.3,,,,2.7,,250,,47,,4.8,-3.2,1011.1,,1018.5,,.5,,.08,,,,0,0,,,4344,,,7,,,,,
146,傈林,2026-03-19 20:00,6.1,,,,2.5,,230,,50,,4.7,-3.5,1011.3,,1018.8,,,9,,9,,,0,0,,,3501,,,5.3,,,,,
146,傈林,2026-03-19 21:00,5.4,,,,1.9,,250,,51,,4.6,-3.9,1011.8,,1019.3,,,9,,9,,,0,0,,,3751,,,4.3,,,,,
146,傈林,2026-03-19 22:00,4.5,,,,.9,,250,,54,,4.5,-4,1012.5,,1020,,,9,,9,,,3,0,,,3698,,,3.5,,,,,
146,傈林,2026-03-19 23:00,4,,,,1.9,,230,,55,,4.5,-4.2,1013.5,,1021,,,9,,9,,,4,0,,,3710,,,2.8,,,,,
146,傈林,2026-03-20 00:00,3.5,,,,1,,200,,61,,4.8,-3.3,1013.9,,1021.5,,,9,,9,,,5,0,Ci,,3598,,,2.4,,,,,
146,傈林,2026-03-20 01:00,2.9,,,,.7,,180,,66,,5,-2.8,1014.2,,1021.8,,,9,,9,,,4,3,,67,3759,,,2,,,,,
146,傈林,2026-03-20 02:00,2.2,,,,.8,,140,,73,,5.2,-2.1,1014.2,,1021.8,,,9,,9,,,7,0,,,3216,,,1.5,,,,,
146,傈林,2026-03-20 03:00,1.6,,,,1.8,,110,,76,,5.2,-2.1,1013.3,,1020.9,,,9,,9,,,6,0,Ci,,3004,,,1.4,,,,,
146,傈林,2026-03-20 04:00,1,,,,1,,140,,75,,4.9,-2.9,1012.9,,1020.5,,,9,,9,,,5,0,Ci,,3097,,,.9,,,,,
146,傈林,2026-03-20 05:00,.6,,,,2.2,,140,,76,,4.9,-3.1,1012.8,,1020.4,,,9,,9,,,4,0,Ci,,3060,,,.8,,,,,
146,傈林,2026-03-20 06:00,.3,,,,1.8,,140,,75,,4.7,-3.6,1013.2,,1020.9,,,9,,9,,,3,0,Ci,,3577,,,.8,,,,,
146,傈林,2026-03-20 07:00,.3,,,,1.7,,140,,76,,4.8,-3.4,1013.7,,1021.4,,0,,.01,,,,4,0,Ci,,3079,,,.8,,,,,
146,傈林,2026-03-20 08:00,3.3,,,,.5,,140,,66,,5.1,-2.4,1014.1,,1021.7,,.7,,.43,,,,5,0,Ci,,3343,,,1,,,,,
146,傈林,2026-03-20 09:00,6.3,,,,.9,,250,,58,,5.6,-1.3,1014.6,,1022.1,,1,,1.2,,,,3,0,Ci,,3420,,,4.4,,,,,
146,傈林,2026-03-20 10:00,8.7,,,,1.8,,20,,44,,5,-2.8,1014.8,,1022.2,,1,,2,,,,0,0,,,3981,,,10.2,,,,,
146,傈林,2026-03-20 11:00,9.8,,,,1.8,,250,,42,,5.1,-2.5,1014.6,,1022,,1,,2.62,,,,0,0,,,4062,,,14.1,,,,,
146,傈林,2026-03-20 12:00,11.4,,,,3,,290,,41,,5.5,-1.4,1014.3,,1021.6,,1,,3.02,,,,0,0,,,4301,,,17,,,,,
146,傈林,2026-03-20 13:00,12.1,,,,3.9,,270,,49,,6.9,1.6,1014.4,,1021.7,,1,,3.15,,,,0,0,,,3815,,,18.2,,,,,
146,傈林,2026-03-20 14:00,12.8,,,,3.6,,290,,42,,6.2,.1,1014,,1021.3,,1,,3.04,,,,0,0,,,3391,,,18.8,,,,,
146,傈林,2026-03-20 15:00,12.4,,,,3.2,,320,,52,,7.5,2.8,1013.6,,1020.9,,1,,2.7,,,,0,0,,,2135,,,18.5,,,,,
146,傈林,2026-03-20 16:00,12.6,,,,3.9,,320,,44,,6.4,.6,1013.7,,1021,,1,,2.09,,,,0,0,,,2428,,,16.8,,,,,
146,傈林,2026-03-20 17:00,12.1,,,,3.4,,270,,54,,7.6,3,1013.8,,1021.1,,1,,1.39,,,,0,0,,,2088,,,14.8,,,,,
146,傈林,2026-03-20 18:00,10.9,,,,2.9,,250,,60,,7.8,3.4,1014,,1021.4,,1,,.64,,,,0,0,,,1950,,,11.3,,,,,
146,傈林,2026-03-20 19:00,8.8,,,,2.7,,270,,70,,7.9,3.6,1014.7,,1022.1,,.3,,.09,,,,0,0,,,1732,,,8.7,,,,,
146,傈林,2026-03-20 20:00,7.4,,,,3,,290,,79,,8.1,3.9,1015.4,,1022.9,,,9,,9,,,0,0,,,1280,,,7.1,,,,,
146,傈林,2026-03-20 21:00,6.5,,,,.3,,0,,81,,7.8,3.4,1016.2,,1023.7,,,9,,9,,,0,0,,,1124,,,6,,,,,
146,傈林,2026-03-20 22:00,5.8,,,,0,,0,,85,,7.8,3.4,1016.5,,1024,,,9,,9,,,0,0,,,931,,19,5,,,,,
146,傈林,2026-03-20 23:00,5.2,,,,.5,,200,,82,,7.2,2.3,1016.7,,1024.2,,,9,,9,,,0,0,,,999,,19,4.2,,,,,
146,傈林,2026-03-21 00:00,4.7,,,,1.6,,140,,85,,7.2,2.3,1017,,1024.6,,,9,,9,,,1,1,,,912,,19,3.5,,,,,
146,傈林,2026-03-21 01:00,4,,,,1.1,,140,,86,,7,1.8,1017.1,,1024.7,,,9,,9,,,0,0,,,876,,19,2.9,,,,,
146,傈林,2026-03-21 02:00,3.4,,,,1.5,,110,,87,,6.8,1.4,1017.5,,1025.1,,,9,,9,,,0,0,,,770,,19,2.5,,,,,
146,傈林,2026-03-21 03:00,2.9,,,,1.2,,20,,89,,6.7,1.2,1017.4,,1025,,,9,,9,,,0,0,,,306,,19,3.2,,,,,
146,傈林,2026-03-21 04:00,3.2,,,,0,,0,,87,,6.7,1.2,1017.4,,1025,,,9,,9,,,9,9,St,2,580,,19,3.8,,,,,
146,傈林,2026-03-21 05:00,3.2,,,,.6,,140,,87,,6.7,1.2,1017,,1024.6,,,9,,9,,,9,9,St,2,514,,19,3.8,,,,,
146,傈林,2026-03-21 06:00,2.8,,,,1.3,,140,,91,,6.8,1.4,1017.3,,1024.9,,,9,,9,,,10,10,,9,99,,1916,4.3,,,,,
146,傈林,2026-03-21 07:00,2.7,,,,1,,140,,89,,6.6,1,1017.7,,1025.3,,0,,.01,,,,10,10,St,2,218,,1916,4.6,,,,,
146,傈林,2026-03-21 08:00,2.3,,,,1.5,,110,,89,,6.4,.6,1018,,1025.6,,0,,.22,,,,10,10,St,2,177,,19,5.7,,,,,
146,傈林,2026-03-21 09:00,4.6,,,,.4,,0,,81,,6.9,1.6,1018.1,,1025.7,,.8,,1.17,,,,0,0,,,564,,19,7.3,,,,,
146,傈林,2026-03-21 10:00,7.1,,,,1.4,,320,,73,,7.3,2.5,1018.2,,1025.7,,1,,2,,,,0,0,,,710,,19,11.8,,,,,
146,傈林,2026-03-21 11:00,9.6,,,,1.9,,290,,62,,7.4,2.6,1017.9,,1025.3,,1,,2.61,,,,0,0,,,859,,4019,15.7,,,,,
146,傈林,2026-03-21 12:00,12.5,,,,2.8,,320,,50,,7.2,2.3,1017.4,,1024.7,,1,,3.01,,,,0,0,,,950,,40,18.5,,,,,
146,傈林,2026-03-21 13:00,14.2,,,,2.9,,320,,31,,5,-2.7,1016.9,,1024.2,,1,,3.21,,,,0,0,,,1441,,40,19.7,,,,,
146,傈林,2026-03-21 14:00,16,,,,2.7,,290,,25,,4.5,-4,1016.1,,1023.3,,1,,3.08,,,,0,0,,,1808,,,20.3,,,,,
146,傈林,2026-03-21 15:00,16.3,,,,3.2,,270,,16,,3,-9.6,1015.3,,1022.5,,1,,2.81,,,,0,0,,,2583,,,19.8,,,,,
146,傈林,2026-03-21 16:00,16.5,,,,3.1,,250,,18,,3.4,-7.9,1015,,1022.2,,1,,2.24,,,,0,0,,,2673,,,18.3,,,,,
146,傈林,2026-03-21 17:00,15.1,,,,3.5,,290,,33,,5.7,-1,1014.7,,1021.9,,1,,1.46,,,,0,0,,,1040,,,15.4,,,,,
146,傈林,2026-03-21 18:00,13.1,,,,4,,270,,19,,2.9,-10,1014.8,,1022.1,,1,,.7,,,,0,0,,,2224,,,10.6,,,,,
146,傈林,2026-03-21 19:00,10,,,,.8,,340,,24,,3,-9.6,1014.7,,1022.1,,.5,,.1,,,,0,0,,,1744,,,8,,,,,
146,傈林,2026-03-21 20:00,8.5,,,,2,,270,,39,,4.3,-4.6,1015.3,,1022.7,,,9,,9,,,0,0,,,1123,,,6.3,,,,,
146,傈林,2026-03-21 21:00,6.8,,,,.7,,290,,49,,4.9,-3.1,1015.6,,1023.1,,,9,,9,,,0,0,,,1181,,,5.2,,,,,
146,傈林,2026-03-21 22:00,6.2,,,,1,,320,,50,,4.8,-3.4,1015.6,,1023.1,,,9,,9,,,0,0,,,1110,,,4.2,,,,,
146,傈林,2026-03-21 23:00,5.5,,,,1.5,,140,,55,,5,-2.8,1015.6,,1023.1,,,9,,9,,,4,0,,,1108,,,3.6,,,,,
146,傈林,2026-03-22 00:00,5,,,,2.1,,140,,51,,4.4,-4.3,1015,,1022.5,,,9,,9,,,6,0,Ci,,1351,,,2.7,,,,,
146,傈林,2026-03-22 01:00,4.7,,,,.7,,180,,53,,4.5,-4,1015.2,,1022.7,,,9,,9,,,8,1,,,1316,,,3,,,,,
146,傈林,2026-03-22 02:00,4.2,,,,0,,0,,53,,4.4,-4.5,1015.5,,1023.1,,,9,,9,,,10,7,,60,1379,,,3.4,,,,,
146,傈林,2026-03-22 03:00,4.8,,,,2,,140,,50,,4.3,-4.7,1015.7,,1023.2,,,9,,9,,,9,0,Ci,,1525,,,3.5,,,,,
146,傈林,2026-03-22 04:00,4.3,,,,.4,,0,,50,,4.2,-5.2,1014.3,,1021.8,,,9,,9,,,10,0,Cs,,1646,,,3.7,,,,,
146,傈林,2026-03-22 05:00,4.7,,,,1.1,,90,,48,,4.1,-5.3,1012.7,,1020.2,,,9,,9,,,10,0,Cs,,1791,,,3.8,,,,,
146,傈林,2026-03-22 06:00,4.8,,,,1.2,,290,,50,,4.3,-4.7,1013,,1020.5,,,9,,9,,,10,3,AcCs,40,1752,,,3.9,,,,,
146,傈林,2026-03-22 07:00,4.2,,,,.5,,320,,62,,5.1,-2.4,1013.8,,1021.3,,0,,0,,,,10,2,AcCs,40,1257,,,4.1,,,,,
146,傈林,2026-03-22 08:00,5.1,,,,.7,,160,,61,,5.4,-1.8,1013.8,,1021.3,,0,,.1,,,,10,10,As,40,1315,,,5,,,,,
146,傈林,2026-03-22 09:00,6.7,,,,.2,,0,,56,,5.5,-1.4,1014.1,,1021.6,,0,,.31,,,,10,10,As,40,1127,,,6.6,,,,,
146,傈林,2026-03-22 10:00,8.8,,,,.7,,180,,48,,5.4,-1.6,1013.9,,1021.3,,0,,.6,,,,10,10,As,35,1305,,,8.9,,,,,
146,傈林,2026-03-22 11:00,11.4,,,,.7,,110,,41,,5.5,-1.4,1013.3,,1020.6,,0,,1.15,,,,8,4,AcCi,35,1496,,,12.2,,,,,
146,傈林,2026-03-22 12:00,15.4,,,,1.3,,320,,32,,5.6,-1.2,1012.3,,1019.5,,.8,,2.44,,,,3,0,Ci,,1761,,,18.7,,,,,
146,傈林,2026-03-22 13:00,16.7,,,,1.9,,320,,22,,4.2,-5.1,1011.5,,1018.7,,1,,3.2,,,,2,0,Ci,,2702,,,20.4,,,,,
146,傈林,2026-03-22 14:00,17.1,,,,2.6,,230,,16,,3.1,-8.9,1010.4,,1017.6,,1,,2.58,,,,6,0,Cc,,2379,,,20.4,,,,,
146,傈林,2026-03-22 15:00,18.5,,,,2.8,,290,,14,,3,-9.5,1009.9,,1017,,1,,2.76,,,,0,0,,,3818,,,20.8,,,,,
146,傈林,2026-03-22 16:00,18.2,,,,3.7,,270,,15,,3.1,-8.9,1010,,1017.1,,1,,2.26,,,,0,0,,,3462,,,18.5,,,,,
146,傈林,2026-03-22 17:00,17.3,,,,4.3,,270,,15,,3,-9.6,1010.2,,1017.4,,1,,1.53,,,,0,0,,,3349,,,15.7,,,,,
146,傈林,2026-03-22 18:00,15,,,,4.3,,290,,17,,2.9,-9.9,1010.5,,1017.7,,1,,.73,,,,0,0,,,3532,,,10.9,,,,,
146,傈林,2026-03-22 19:00,11.9,,,,2.7,,270,,19,,2.6,-11,1011,,1018.3,,.5,,.11,,,,0,0,,,3026,,,8,,,,,
146,傈林,2026-03-22 20:00,10.7,,,,2.4,,290,,19,,2.4,-12,1011.2,,1018.5,,,9,,9,,,0,0,,,3147,,,6.4,,,,,
146,傈林,2026-03-22 21:00,9.9,,,,.8,,200,,21,,2.6,-11.4,1011.5,,1018.9,,,9,,9,,,0,0,,,2531,,,5.5,,,,,
146,傈林,2026-03-22 22:00,9,,,,.9,,230,,25,,2.9,-10,1011.5,,1018.9,,,9,,9,,,0,0,,,2214,,,4.6,,,,,
146,傈林,2026-03-22 23:00,7.5,,,,.8,,110,,33,,3.4,-7.7,1011.9,,1019.3,,,9,,9,,,0,0,,,2279,,,4.1,,,,,
146,傈林,2026-03-23 00:00,6,,,,.2,,0,,37,,3.5,-7.6,1012.2,,1019.7,,,9,,9,,,0,0,,,2366,,,3.4,,,,,
146,傈林,2026-03-23 01:00,5.9,,,,1.4,,110,,40,,3.7,-6.6,1012.6,,1020.1,,,9,,9,,,0,0,,,2747,,,2.9,,,,,
146,傈林,2026-03-23 02:00,4.9,,,,1.5,,140,,45,,3.9,-6,1012.6,,1020.1,,,9,,9,,,6,0,,,2407,,,2.5,,,,,
146,傈林,2026-03-23 03:00,4,,,,.3,,0,,44,,3.6,-7.1,1012.2,,1019.7,,,9,,9,,,6,0,Ci,,2674,,,2.3,,,,,
146,傈林,2026-03-23 04:00,3.6,,,,1.7,,340,,51,,4,-5.6,1012.7,,1020.3,,,9,,9,,,0,0,,,2479,,,1.9,,,,,
146,傈林,2026-03-23 05:00,3.5,,,,1.4,,140,,50,,3.9,-5.9,1012.9,,1020.5,,,9,,9,,,6,0,Ci,,2568,,,1.8,,,,,
146,傈林,2026-03-23 06:00,2.8,,,,1.9,,140,,52,,3.9,-6.1,1012.7,,1020.3,,,9,,9,,,0,0,,,2397,,,1.1,,,,,
146,傈林,2026-03-23 07:00,2.7,,,,1.7,,110,,54,,4,-5.6,1012.9,,1020.5,,0,,.02,,,,0,0,,,2214,,,.9,,,,,
146,傈林,2026-03-23 08:00,5.8,,,,.1,,0,,49,,4.5,-4.1,1013.3,,1020.8,,1,,.49,,,,0,0,,,1872,,,2.3,,,,,
146,傈林,2026-03-23 09:00,8.4,,,,1.5,,250,,41,,4.5,-4.1,1013.5,,1020.9,,1,,1.26,,,,0,0,,,1670,,,6.3,,,,,
146,傈林,2026-03-23 10:00,10.7,,,,1.5,,320,,36,,4.6,-3.7,1013.6,,1021,,1,,2.01,,,,1,0,Ci,,1466,,,11.8,,,,,
146,傈林,2026-03-23 11:00,13.6,,,,2.3,,320,,25,,3.9,-6,1013,,1020.3,,1,,2.63,,,,2,0,Ci,,2312,,,16.1,,,,,
146,傈林,2026-03-23 12:00,15.3,,,,2.6,,320,,23,,4,-5.7,1012.3,,1019.5,,1,,2.97,,,,3,0,Ci,,2015,,,18.9,,,,,
146,傈林,2026-03-23 13:00,17.5,,,,3,,340,,22,,4.4,-4.4,1011.4,,1018.6,,1,,3.17,,,,1,0,Ci,,2476,,,21.3,,,,,
146,傈林,2026-03-23 14:00,19.3,,,,2,,290,,20,,4.5,-4.2,1010.8,,1017.9,,1,,2.98,,,,4,0,Ci,,2265,,,21.7,,,,,
146,傈林,2026-03-23 15:00,20.2,,,,2.3,,320,,16,,3.8,-6.4,1010.5,,1017.6,,1,,2.69,,,,3,0,Ci,,2702,,,21.9,,,,,
146,傈林,2026-03-23 16:00,19.9,,,,3.2,,270,,24,,5.6,-1.2,1010.2,,1017.3,,1,,2.21,,,,1,0,Ci,,2596,,,20.3,,,,,
146,傈林,2026-03-23 17:00,17.5,,,,3.2,,270,,29,,5.8,-.7,1010.5,,1017.7,,1,,1.35,,,,5,0,Ci,,1610,,,16.8,,,,,
146,傈林,2026-03-23 18:00,15.5,,,,3,,230,,31,,5.5,-1.5,1010.7,,1017.9,,1,,.72,,,,2,0,Ci,,1708,,,13.1,,,,,
146,傈林,2026-03-23 19:00,13,,,,1.2,,250,,36,,5.4,-1.7,1011.3,,1018.6,,.4,,.1,,,,0,0,,,1649,,,10.3,,,,,
146,傈林,2026-03-23 20:00,11.3,,,,1.5,,250,,46,,6.1,0,1011.8,,1019.1,,,9,,9,,,0,0,,,1362,,,8.5,,,,,
146,傈林,2026-03-23 21:00,10.2,,,,.9,,250,,50,,6.2,.2,1012.5,,1019.9,,,9,,9,,,0,0,,,1402,,,7.3,,,,,
146,傈林,2026-03-23 22:00,8.9,,,,0,,0,,49,,5.6,-1.2,1013,,1020.4,,,9,,9,,,4,1,,66,1436,,,6.5,,,,,
146,傈林,2026-03-23 23:00,7.9,,,,2.3,,50,,59,,6.2,.3,1013.3,,1020.7,,,9,,9,,,0,0,,,1174,,,5.7,,,,,
146,傈林,2026-03-24 00:00,7.2,,,,1.5,,70,,65,,6.6,1,1013.3,,1020.8,,,9,,9,,,3,0,Ci,,947,,40,5,,,,,
146,傈林,2026-03-24 01:00,7,,,,1,,90,,66,,6.6,1,1013.5,,1021,,,9,,9,,,4,0,,,977,,40,4.5,,,,,
146,傈林,2026-03-24 02:00,6.7,,,,1.1,,110,,63,,6.2,.1,1013.2,,1020.7,,,9,,9,,,0,0,,,1189,,40,4,,,,,
146,傈林,2026-03-24 03:00,6.6,,,,1,,140,,63,,6.1,0,1012.5,,1020,,,9,,9,,,0,0,,,1283,,,3.5,,,,,
146,傈林,2026-03-24 04:00,5.9,,,,1,,140,,67,,6.2,.2,1012.3,,1019.8,,,9,,9,,,0,0,,,1238,,,3.2,,,,,
146,傈林,2026-03-24 05:00,5.8,,,,2.4,,140,,68,,6.2,.3,1012.4,,1019.9,,,9,,9,,,0,0,,,1437,,,2.9,,,,,
146,傈林,2026-03-24 06:00,5.6,,,,1.6,,140,,69,,6.2,.3,1012.5,,1020,,,9,,9,,,0,0,,,1421,,,2.7,,,,,
146,傈林,2026-03-24 07:00,6,,,,1.8,,140,,69,,6.4,.7,1012.3,,1019.8,,0,,.04,,,,7,7,Ac,40,1556,,,3.7,,,,,
146,傈林,2026-03-24 08:00,8.5,,,,.3,,0,,64,,7.1,2,1012.7,,1020.1,,.6,,.44,,,,7,5,AcCi,39,1643,,,5.9,,,,,
146,傈林,2026-03-24 09:00,12.1,,,,1.2,,90,,50,,7,1.9,1012.6,,1019.9,,1,,1.08,,,,3,0,Ci,,1666,,,9.5,,,,,
146,傈林,2026-03-24 10:00,14.7,,,,1.2,,250,,44,,7.3,2.5,1012,,1019.2,,1,,1.87,,,,4,0,Ci,,1814,,,14.7,,,,,
146,傈林,2026-03-24 11:00,17,,,,1.5,,320,,38,,7.3,2.5,1010.7,,1017.9,,1,,2.43,,,,4,3,AcCi,39,1766,,,18.5,,,,,
146,傈林,2026-03-24 12:00,18.3,,,,2.4,,320,,34,,7.1,2.1,1010.3,,1017.4,,1,,2.84,,,,3,0,Ci,,1837,,,21.2,,,,,
146,傈林,2026-03-24 13:00,18.8,,,,2.5,,320,,31,,6.7,1.2,1009.6,,1016.7,,1,,3.13,,,,6,4,AcCc,38,1490,,,23.1,,,,,
146,傈林,2026-03-24 14:00,19,,,,3.1,,290,,30,,6.6,1,1008.6,,1015.7,,.9,,2.45,,,,8,8,Ac,38,1636,,,21.3,,,,,
146,傈林,2026-03-24 15:00,19.3,,,,3.1,,290,,28,,6.2,.3,1008.1,,1015.2,,.9,,2.27,,,,8,3,ScAc,19,1932,,,21,,,,,
146,傈林,2026-03-24 16:00,19.4,,,,3.2,,270,,28,,6.2,.3,1007.7,,1014.8,,.4,,1.41,,,,8,5,ScAc,18,2008,,,19.5,,,,,
146,傈林,2026-03-24 17:00,17.6,,,,3.5,,270,,32,,6.4,.6,1007.3,,1014.4,,0,,.81,,,,7,7,Ac,38,1947,,,16.6,,,,,
146,傈林,2026-03-24 18:00,16.2,,,,2.8,,270,,34,,6.2,.2,1007.7,,1014.9,,.1,,.43,,,,9,9,Ac,38,2022,,,13.9,,,,,
146,傈林,2026-03-24 19:00,15,,,,2.2,,250,,34,,5.8,-.7,1008,,1015.2,,0,,.06,,,,7,1,,56,1972,,,11.6,,,,,
146,傈林,2026-03-24 20:00,14.1,,,,2,,230,,35,,5.6,-1.1,1008.2,,1015.4,,,9,,9,,,7,3,,40,1968,,,10.3,,,,,
146,傈林,2026-03-24 21:00,13.7,,,,2.2,,230,,39,,6.1,0,1008.3,,1015.5,,,9,,9,,,8,8,Ac,39,1758,,,10.1,,,,,
146,傈林,2026-03-24 22:00,13.1,,,,1.2,,250,,43,,6.4,.7,1008.7,,1016,,,9,,9,,,10,10,,38,1580,,,10.1,,,,,
146,傈林,2026-03-24 23:00,12.2,,,,1.1,,320,,54,,7.6,3.1,1008.6,,1015.9,,,9,,9,,,10,3,,38,1202,,,9.8,,,,,
146,傈林,2026-03-25 00:00,11.7,,,,2,,230,,56,,7.6,3.1,1008.3,,1015.6,,,9,,9,,,9,5,AcCi,,1168,,,9.5,,,,,
146,傈林,2026-03-25 01:00,11.9,,,,.9,,110,,53,,7.4,2.6,1007.9,,1015.2,,,9,,9,,,10,8,,35,1261,,,9.6,,,,,
146,傈林,2026-03-25 02:00,11.5,,,,.4,,0,,55,,7.4,2.7,1007.4,,1014.7,,,9,,9,,,10,10,,35,1380,,,9.4,,,,,
146,傈林,2026-03-25 03:00,10.5,,,,1.7,,340,,67,,8.5,4.6,1006.9,,1014.2,,,9,,9,,,10,10,As,31,950,,40,9,,,,,
146,傈林,2026-03-25 04:00,9.8,,,,1.4,,340,,68,,8.2,4.1,1006.6,,1013.9,,,9,,9,,,10,10,As,37,841,,40,8.4,,,,,
146,傈林,2026-03-25 05:00,10.3,,,,.7,,90,,65,,8.1,3.9,1007,,1014.3,,,9,,9,,,10,10,As,37,849,,40,8.6,,,,,
146,傈林,2026-03-25 06:00,10.5,,,,1.1,,160,,65,,8.2,4.1,1007.2,,1014.5,,,9,,9,,,10,10,As,36,910,,40,8.6,,,,,
146,傈林,2026-03-25 07:00,10.5,,,9,.4,,0,,62,,7.8,3.5,1007.3,,1014.6,,0,,.01,,,,10,1,ScAs,10,1121,,4001,8.8,,,,,
146,傈林,2026-03-25 08:00,10.5,,,9,2.4,,340,,70,,8.8,5.2,1007.7,,1015,,0,,.16,,,,10,2,ScAs,13,751,,401901,9.6,,,,,
146,傈林,2026-03-25 09:00,11.7,,0,,.9,,270,,61,,8.4,4.4,1007.9,,1015.2,,0,,.49,,,,10,10,As,37,993,,4019,11.4,,,,,
146,傈林,2026-03-25 10:00,12.5,,,9,.5,,290,,55,,7.9,3.6,1008.1,,1015.4,,0,,.68,,,,10,10,As,37,1050,,40,13.1,,,,,
146,傈林,2026-03-25 11:00,13.5,,,9,2,,270,,55,,8.5,4.6,1008.1,,1015.3,,0,,1.06,,,,10,10,As,38,896,,40,15.1,,,,,
146,傈林,2026-03-25 12:00,14.2,,,9,2,,250,,56,,9,5.5,1007.7,,1014.9,,0,,.97,,,,10,10,As,38,813,,40,15.7,,,,,
146,傈林,2026-03-25 13:00,16.1,,,9,1.8,,320,,47,,8.5,4.7,1007.1,,1014.3,,.5,,1.9,,,,7,0,Ci,,981,,40,19.3,,,,,
146,傈林,2026-03-25 14:00,17.4,,,9,3.8,,340,,40,,7.9,3.6,1006.5,,1013.6,,1,,2.76,,,,2,2,Sc,17,1735,,40,22.7,,,,,
146,傈林,2026-03-25 15:00,18.4,,,9,2.9,,290,,42,,8.8,5.2,1005.4,,1012.5,,1,,2.57,,,,3,3,Sc,15,1672,,,23,,,,,
146,傈林,2026-03-25 16:00,18,,,9,4.3,,270,,47,,9.7,6.5,1005.3,,1012.4,,.8,,1.89,,,,4,4,Sc,15,1643,,,21.4,,,,,
146,傈林,2026-03-25 17:00,15.4,,,9,5.2,,270,,59,,10.3,7.4,1005.9,,1013.1,,1,,1.42,,,,1,1,Sc,16,1895,,,17.8,,,,,
146,傈林,2026-03-25 18:00,13.5,,,9,3.5,,270,,66,,10.2,7.2,1006.5,,1013.7,,1,,.69,,,,0,0,,,1558,,,14.3,,,,,
146,傈林,2026-03-25 19:00,11.9,,,9,3.2,,230,,70,,9.7,6.5,1007.3,,1014.6,,.2,,.1,,,,0,0,,,1380,,,11.4,,,,,
146,傈林,2026-03-25 20:00,10.5,,,9,3.2,,230,,75,,9.5,6.2,1008.2,,1015.5,,,9,,9,,,0,0,,,1011,,,9.9,,,,,
146,傈林,2026-03-25 21:00,9.3,,,9,2.6,,250,,81,,9.4,6.1,1009,,1016.4,,,9,,9,,,0,0,,,677,,19,8.8,,,,,
146,傈林,2026-03-25 22:00,8.8,,,9,2.7,,230,,80,,9,5.5,1009.2,,1016.6,,,9,,9,,,0,0,,,709,,19,7.9,,,,,
146,傈林,2026-03-25 23:00,8.2,,,9,.4,,0,,81,,8.8,5.1,1009.8,,1017.2,,,9,,9,,,0,0,,,671,,19,7,,,,,
146,傈林,2026-03-26 00:00,8.3,,,9,1.8,,250,,82,,9,5.4,1009.9,,1017.3,,,9,,9,,,1,1,Sc,,608,,19,6.4,,,,,
146,傈林,2026-03-26 01:00,8.2,,,,.3,,0,,82,,8.9,5.3,1009.8,,1017.2,,,9,,9,,,0,0,,,553,,19,6.5,,,,,
146,傈林,2026-03-26 02:00,8.4,,,,.9,,270,,83,,9.1,5.6,1009.9,,1017.3,,,9,,9,,,9,1,,,474,,19,7.6,,,,,
146,傈林,2026-03-26 03:00,8.4,,,,.3,,0,,83,,9.1,5.6,1009.7,,1017.1,,,9,,9,,,0,0,,,394,,19,8,,,,,
146,傈林,2026-03-26 04:00,7.8,,,,1.1,,50,,84,,8.8,5.2,1008.9,,1016.3,,,9,,9,,,0,0,,,311,,19,7.3,,,,,
146,傈林,2026-03-26 05:00,6.6,,,,1.9,,340,,90,,8.7,5,1009.4,,1016.8,,,9,,9,,,0,0,,,179,,19,6,,,,,
146,傈林,2026-03-26 06:00,7,,,,1.2,,50,,88,,8.8,5.1,1009.9,,1017.3,,,9,,9,,,0,0,,,259,,19,7.2,,,,,
146,傈林,2026-03-26 07:00,6.7,,,,1.6,,110,,86,,8.4,4.5,1009.8,,1017.2,,0,,.02,,,,0,0,,,391,,19,6.3,,,,,
146,傈林,2026-03-26 08:00,8.3,,,,0,,0,,82,,9,5.4,1010,,1017.4,,.4,,.4,,,,0,0,,,363,,19,7.6,,,,,
146,傈林,2026-03-26 09:00,10.3,,,,1,,340,,74,,9.2,5.8,1009.8,,1017.1,,1,,1.11,,,,0,0,,,478,,19,11.1,,,,,
146,傈林,2026-03-26 10:00,11.9,,,,1.6,,340,,67,,9.3,5.9,1009.5,,1016.8,,1,,1.84,,,,0,0,,,583,,4019,15.4,,,,,
146,傈林,2026-03-26 11:00,14.4,,,,2.2,,340,,50,,8.1,4,1009,,1016.2,,1,,2.47,,,,0,0,,,825,,40,19.2,,,,,
146,傈林,2026-03-26 12:00,18.2,,,,2.5,,270,,37,,7.7,3.2,1008.5,,1015.6,,1,,2.9,,,,0,0,,,956,,40,22.5,,,,,
146,傈林,2026-03-26 13:00,19,,,,2.6,,290,,28,,6.1,0,1007.9,,1015,,1,,3.05,,,,0,0,,,1276,,40,24.2,,,,,
146,傈林,2026-03-26 14:00,19.9,,,,3.5,,290,,22,,5.1,-2.4,1006.9,,1014,,1,,2.96,,,,0,0,,,1345,,,25.3,,,,,
146,傈林,2026-03-26 15:00,20.9,,,,2.5,,290,,27,,6.6,1.1,1006.4,,1013.4,,1,,2.64,,,,0,0,,,1175,,,25.5,,,,,
146,傈林,2026-03-26 16:00,19.6,,,,4.9,,270,,31,,7,1.9,1006.5,,1013.6,,1,,2.07,,,,0,0,,,979,,,23.3,,,,,
146,傈林,2026-03-26 17:00,17.8,,,,3.6,,270,,26,,5.3,-1.9,1006.7,,1013.8,,1,,1.36,,,,0,0,,,1380,,,19.8,,,,,
146,傈林,2026-03-26 18:00,15.9,,,,2.6,,270,,32,,5.8,-.7,1006.9,,1014.1,,1,,.62,,,,0,0,,,1501,,,15.7,,,,,
146,傈林,2026-03-26 19:00,13.3,,,,3,,290,,37,,5.6,-1.1,1007.2,,1014.4,,.1,,.09,,,,0,0,,,1277,,,12.2,,,,,
146,傈林,2026-03-26 20:00,11.2,,,,1.8,,290,,52,,6.9,1.6,1008,,1015.3,,,9,,9,,,0,0,,,1423,,,10.1,,,,,
146,傈林,2026-03-26 21:00,9.2,,,,2.1,,270,,69,,8,3.7,1009,,1016.4,,,9,,9,,,5,0,Ci,,1504,,,8.9,,,,,
146,傈林,2026-03-26 22:00,8,,,,1.5,,320,,77,,8.2,4.2,1009.5,,1016.9,,,9,,9,,,2,0,,,875,,19,7.8,,,,,
146,傈林,2026-03-26 23:00,6.9,,,,1.1,,340,,85,,8.4,4.5,1009.8,,1017.2,,,9,,9,,,0,0,,,409,,19,7,,,,,
146,傈林,2026-03-27 00:00,6.7,,,,.6,,360,,85,,8.3,4.3,1009.7,,1017.1,,,9,,9,,,4,0,,,407,,19,6.4,,,,,
146,傈林,2026-03-27 01:00,6.3,,,,1.3,,50,,87,,8.2,4.2,1009.7,,1017.2,,,9,,9,,,0,0,,,374,,19,5.9,,,,,
146,傈林,2026-03-27 02:00,6.9,,,,2.1,,140,,70,,6.9,1.7,1009.1,,1016.5,,,9,,9,,,0,0,,,1008,,19,5.4,,,,,
146,傈林,2026-03-27 03:00,6.7,,,,1.2,,160,,68,,6.7,1.2,1008.7,,1016.1,,,9,,9,,,0,0,,,1091,,,5,,,,,
146,傈林,2026-03-27 04:00,6.8,,,,2.1,,140,,61,,6,-.2,1008.4,,1015.8,,,9,,9,,,2,0,Ci,,1016,,,4.8,,,,,
146,傈林,2026-03-27 05:00,6.4,,,,0,,0,,66,,6.3,.4,1008.7,,1016.1,,,9,,9,,,0,0,,,1090,,,4.5,,,,,
146,傈林,2026-03-27 06:00,6.3,,,,.3,,0,,63,,6,-.2,1009.1,,1016.6,,,9,,9,,,0,0,,,1008,,,4.3,,,,,
146,傈林,2026-03-27 07:00,6.3,,,,1.6,,140,,65,,6.2,.1,1009.2,,1016.7,,0,,.03,,,,0,0,,,681,,40,4.5,,,,,
146,傈林,2026-03-27 08:00,8.4,,,,2.5,,140,,63,,6.9,1.7,1009.1,,1016.5,,.1,,.38,,,,0,0,,,509,,40,6.8,,,,,
146,傈林,2026-03-27 09:00,11.9,,,,1,,160,,56,,7.7,3.3,1009,,1016.3,,.8,,.95,,,,0,0,,,490,,40,10.7,,,,,
146,傈林,2026-03-27 10:00,15.4,,,,1,,200,,47,,8.2,4.1,1008.8,,1016,,1,,1.71,,,,0,0,,,568,,40,15.5,,,,,
146,傈林,2026-03-27 11:00,17.9,,,,1.3,,200,,30,,6.1,0,1008,,1015.1,,1,,2.26,,,,0,0,,,909,,40,19.6,,,,,
146,傈林,2026-03-27 12:00,19.8,,,,2.6,,270,,25,,5.8,-.8,1007.4,,1014.5,,1,,2.7,,,,0,0,,,1285,,40,22.7,,,,,
146,傈林,2026-03-27 13:00,20.4,,,,3,,270,,28,,6.7,1.2,1006.7,,1013.7,,1,,2.88,,,,0,0,,,1037,,,25.2,,,,,
146,傈林,2026-03-27 14:00,20.5,,,,3.9,,290,,22,,5.3,-1.9,1005.8,,1012.8,,1,,2.8,,,,0,0,,,1483,,,26.2,,,,,
146,傈林,2026-03-27 15:00,19.6,,,,4.5,,270,,22,,5,-2.7,1005.4,,1012.5,,1,,2.51,,,,0,0,,,1649,,,25.1,,,,,
146,傈林,2026-03-27 16:00,18.8,,,,3.9,,290,,20,,4.3,-4.6,1005.4,,1012.5,,1,,1.95,,,,1,0,Ci,,2076,,,22.8,,,,,
146,傈林,2026-03-27 17:00,18.9,,,,3.2,,270,,21,,4.6,-3.9,1005.4,,1012.5,,1,,1.23,,,,2,0,Ci,,2210,,,20.1,,,,,
146,傈林,2026-03-27 18:00,16.3,,,,3.1,,290,,33,,6.1,0,1005.7,,1012.9,,.8,,.57,,,,3,0,Ci,,1801,,,16.1,,,,,
146,傈林,2026-03-27 19:00,12.8,,,,2.5,,270,,54,,8,3.7,1006.2,,1013.5,,0,,.09,,,,0,0,,,1738,,,12.7,,,,,
146,傈林,2026-03-27 20:00,11.3,,,,2.6,,270,,69,,9.2,5.8,1006.7,,1014,,,9,,9,,,3,0,,,1552,,,11,,,,,
146,傈林,2026-03-27 21:00,10.6,,,,1.7,,270,,74,,9.4,6.1,1007.4,,1014.7,,,9,,9,,,0,0,,,1180,,,9.9,,,,,
146,傈林,2026-03-27 22:00,9.7,,,,.5,,20,,76,,9.1,5.6,1007.7,,1015,,,9,,9,,,0,0,,,864,,19,9,,,,,
146,傈林,2026-03-27 23:00,9.9,,,,1.2,,290,,78,,9.5,6.2,1007.8,,1015.1,,,9,,9,,,5,0,,,828,,19,8.3,,,,,
146,傈林,2026-03-28 00:00,9.6,,,,1.6,,290,,83,,9.9,6.8,1008.3,,1015.7,,,9,,9,,,6,0,,,585,,19,8,,,,,
146,傈林,2026-03-28 01:00,8.9,,,,1.4,,290,,86,,9.7,6.6,1008.5,,1015.9,,,9,,9,,,6,0,,,420,,19,7.4,,,,,
146,傈林,2026-03-28 02:00,9,,,,.2,,0,,85,,9.7,6.6,1008.6,,1016,,,9,,9,,,4,4,,2,278,,19,9,,,,,
146,傈林,2026-03-28 03:00,8.4,,,,2.1,,250,,89,,9.7,6.6,1008.6,,1016,,,9,,9,,,10,10,St,2,225,,19,9.2,,,,,
146,傈林,2026-03-28 04:00,8,,,,2.3,,230,,91,,9.7,6.6,1008.6,,1016,,,9,,9,,,10,10,St,2,178,,19,9.2,,,,,
146,傈林,2026-03-28 05:00,8.2,,,,.7,,180,,89,,9.6,6.4,1008.5,,1015.9,,,9,,9,,,10,10,St,2,185,,19,9.2,,,,,
146,傈林,2026-03-28 06:00,8.2,,,,2.5,,250,,88,,9.5,6.3,1009,,1016.4,,,9,,9,,,6,6,St,3,271,,19,8.8,,,,,
146,傈林,2026-03-28 07:00,8.1,,,,1.9,,230,,86,,9.2,5.8,1009.5,,1016.9,,0,,.01,,,,8,8,St,3,310,,19,8.6,,,,,
146,傈林,2026-03-28 08:00,8.6,,,,.8,,320,,81,,9,5.5,1010.1,,1017.5,,0,,.26,,,,7,7,St,3,310,,19,9.7,,,,,
146,傈林,2026-03-28 09:00,11.3,,,,1.4,,160,,72,,9.6,6.4,1010.2,,1017.5,,.8,,1.13,,,,5,5,St,5,395,,19,12.6,,,,,
146,傈林,2026-03-28 10:00,12.8,,,,1.1,,70,,62,,9.1,5.6,1010.2,,1017.5,,1,,1.98,,,,0,0,,,470,,4019,17,,,,,
146,傈林,2026-03-28 11:00,15.9,,,,1.1,,270,,45,,8.1,3.9,1009.7,,1016.9,,1,,2.62,,,,0,0,,,683,,40,21.6,,,,,
146,傈林,2026-03-28 12:00,17.9,,,,2.2,,340,,36,,7.3,2.5,1009.3,,1016.4,,1,,3.05,,,,0,0,,,1052,,40,25.4,,,,,
146,傈林,2026-03-28 13:00,18.5,,,,3.1,,290,,34,,7.2,2.3,1008.8,,1015.9,,1,,3.19,,,,0,0,,,1180,,,27.4,,,,,
146,傈林,2026-03-28 14:00,19.9,,,,2.9,,320,,26,,6.1,-.1,1007.8,,1014.9,,1,,3.09,,,,0,0,,,1974,,,28.8,,,,,
146,傈林,2026-03-28 15:00,20.7,,,,2.8,,290,,26,,6.3,.4,1007.2,,1014.2,,1,,2.79,,,,0,0,,,2090,,,28.7,,,,,
146,傈林,2026-03-28 16:00,19.9,,,,4.8,,270,,21,,4.9,-3.1,1007.3,,1014.4,,1,,2.24,,,,0,0,,,2901,,,26.1,,,,,
146,傈林,2026-03-28 17:00,17.9,,,,4.2,,270,,24,,4.9,-2.9,1007.5,,1014.6,,1,,1.55,,,,0,0,,,2174,,,22.2,,,,,
146,傈林,2026-03-28 18:00,15.8,,,,2.8,,270,,32,,5.8,-.8,1007.8,,1015,,1,,.77,,,,0,0,,,1672,,,17.3,,,,,
146,傈林,2026-03-28 19:00,13.6,,,,2.7,,250,,35,,5.5,-1.5,1008.2,,1015.4,,.5,,.13,,,,0,0,,,1944,,,13.1,,,,,
146,傈林,2026-03-28 20:00,12.2,,,,2.7,,230,,38,,5.4,-1.7,1009.2,,1016.5,,,9,,9,,,0,0,,,1868,,,10.8,,,,,
146,傈林,2026-03-28 21:00,9.8,,,,.4,,0,,55,,6.6,1.1,1009.8,,1017.2,,,9,,9,,,0,0,,,1172,,,9,,,,,
146,傈林,2026-03-28 22:00,7.5,,,,1.8,,340,,80,,8.2,4.2,1009.7,,1017.1,,,9,,9,,,0,0,,,265,,4019,7.7,,,,,
146,傈林,2026-03-28 23:00,6.4,,,,1.6,,340,,84,,8,3.8,1009.7,,1017.2,,,9,,9,,,0,0,,,335,,19,6.7,,,,,
146,傈林,2026-03-29 00:00,5.8,,,,1.2,,320,,86,,7.9,3.6,1009.7,,1017.2,,,9,,9,,,0,0,,,277,,19,5.7,,,,,
146,傈林,2026-03-29 01:00,5.1,,,,1.5,,340,,88,,7.7,3.2,1009.6,,1017.1,,,9,,9,,,0,0,,,217,,19,5.1,,,,,
146,傈林,2026-03-29 02:00,3.8,,,,.9,,360,,91,,7.3,2.4,1009.4,,1016.9,,,9,,9,,,6,1,,,117,,19,4.8,,,,,
146,傈林,2026-03-29 03:00,4.4,,,,1.4,,340,,88,,7.3,2.5,1009.3,,1016.8,,,9,,9,,,6,0,Ci,,364,,19,4.7,,,,,
146,傈林,2026-03-29 04:00,3.7,,,,.9,,340,,93,,7.4,2.6,1009.1,,1016.6,,,9,,9,,,10,10,,2,26,,1916,4.6,,,,,
146,傈林,2026-03-29 05:00,3.3,,,,.9,,340,,92,,7.1,2.1,1009.1,,1016.6,,,9,,9,,,10,10,,3,30,,16,4,,,,,
146,傈林,2026-03-29 06:00,3.4,,,,1.6,,50,,86,,6.7,1.2,1009.3,,1016.8,,,9,,9,,,6,0,Ci,,780,,1916,3.3,,,,,
146,傈林,2026-03-29 07:00,3.8,,,,1,,110,,75,,6,-.2,1009.6,,1017.1,,0,,.04,,,,5,0,Ci,,1486,,19,3.5,,,,,
146,傈林,2026-03-29 08:00,7.2,,,,1.1,,140,,65,,6.6,1,1009.6,,1017,,.2,,.37,,,,6,0,Ci,,1594,,,6,,,,,
146,傈林,2026-03-29 09:00,10.3,,,,.5,,320,,59,,7.4,2.6,1009.4,,1016.7,,.6,,.84,,,,6,0,Ci,,1712,,,10.5,,,,,
146,傈林,2026-03-29 10:00,14,,,,.9,,320,,48,,7.6,3.1,1009.4,,1016.6,,.3,,1.27,,,,6,0,Ci,,1525,,,14.9,,,,,
146,傈林,2026-03-29 11:00,17.8,,,,2,,320,,41,,8.3,4.3,1009.1,,1016.2,,1,,2.4,,,,5,0,Ci,,1089,,,21,,,,,
146,傈林,2026-03-29 12:00,19.2,,,,2.6,,320,,40,,8.8,5.2,1008.5,,1015.6,,1,,2.99,,,,3,0,Ci,,1000,,,25.4,,,,,
146,傈林,2026-03-29 13:00,21.1,,,,2.6,,270,,35,,8.7,5,1007.9,,1014.9,,1,,3.07,,,,1,0,Ci,,1382,,,28.2,,,,,
146,傈林,2026-03-29 14:00,22.1,,,,2.7,,320,,27,,7.2,2.2,1007.2,,1014.2,,1,,3.04,,,,3,0,Ci,,2183,,,29.7,,,,,
146,傈林,2026-03-29 15:00,21.1,,,,3.4,,290,,25,,6.2,.2,1007,,1014,,.6,,1.88,,,,10,0,Cs,,2419,,,25.3,,,,,
146,傈林,2026-03-29 16:00,19,,,,4.7,,290,,33,,7.2,2.3,1007.5,,1014.6,,.1,,1.08,,,,10,0,Cs,,1747,,,21.9,,,,,
146,傈林,2026-03-29 17:00,18.6,,,,2.8,,290,,36,,7.7,3.2,1007.9,,1015,,.1,,.87,,,,8,0,Ci,,2493,,,20.7,,,,,
146,傈林,2026-03-29 18:00,17.5,,,,3,,290,,42,,8.4,4.4,1007.9,,1015,,.7,,.63,,,,4,0,Ci,,1930,,,17.5,,,,,
146,傈林,2026-03-29 19:00,15.9,,,,1.9,,290,,44,,7.9,3.6,1008.6,,1015.8,,.2,,.12,,,,7,0,,,2043,,,14.5,,,,,
146,傈林,2026-03-29 20:00,14.4,,,,1.2,,340,,46,,7.5,2.9,1008.9,,1016.1,,,9,,9,,,0,0,,,1448,,,12.2,,,,,
146,傈林,2026-03-29 21:00,13.9,,,,0,,0,,43,,6.8,1.5,1009.3,,1016.5,,,9,,9,,,4,0,Ci,,1967,,,10.9,,,,,
146,傈林,2026-03-29 22:00,13.3,,,,1.2,,140,,50,,7.6,3,1009.4,,1016.7,,,9,,9,,,0,0,,,1941,,,9.9,,,,,
146,傈林,2026-03-29 23:00,12.7,,,,.8,,110,,54,,7.9,3.6,1009.5,,1016.8,,,9,,9,,,7,3,,33,1984,,,9.7,,,,,
146,傈林,2026-03-30 00:00,11.8,,,,1.3,,140,,56,,7.7,3.2,1009.3,,1016.6,,,9,,9,,,0,0,,,1921,,,8.5,,,,,
146,傈林,2026-03-30 01:00,10.8,,,,2.2,,110,,60,,7.7,3.3,1009.1,,1016.4,,,9,,9,,,5,1,,11,1922,,,7.8,,,,,
146,傈林,2026-03-30 02:00,10.3,,,,1.2,,140,,59,,7.4,2.6,1009.1,,1016.4,,,9,,9,,,7,0,,,2117,,,7.6,,,,,
146,傈林,2026-03-30 03:00,10.4,,,,1.8,,140,,56,,7,1.9,1008.7,,1016,,,9,,9,,,8,0,Ci,,2314,,,8.2,,,,,
146,傈林,2026-03-30 04:00,10.5,,,,1.7,,110,,56,,7.1,2,1008.3,,1015.6,,,9,,9,,,8,3,AcCi,40,2380,,,8.6,,,,,
146,傈林,2026-03-30 05:00,10.6,,,,1.2,,140,,54,,6.9,1.6,1007.9,,1015.2,,,9,,9,,,9,9,Ac,40,2691,,,8.3,,,,,
146,傈林,2026-03-30 06:00,10.9,,,,1.5,,110,,57,,7.4,2.7,1008.2,,1015.5,,,9,,9,,,9,3,AcCi,40,2273,,,8.5,,,,,
146,傈林,2026-03-30 07:00,11,,,,2,,140,,60,,7.8,3.5,1008.3,,1015.6,,0,,.03,,,,10,5,AcCi,40,2007,,,8.7,,,,,
146,傈林,2026-03-30 08:00,12,,,,1,,140,,60,,8.4,4.4,1008.4,,1015.7,,0,,.2,,,,10,4,AcCi,35,1924,,,10.3,,,,,
146,傈林,2026-03-30 09:00,14.6,,,,1.2,,90,,52,,8.6,4.8,1008.3,,1015.5,,0,,.55,,,,8,1,AcCs,35,1729,,,13.4,,,,,
146,傈林,2026-03-30 10:00,17.5,,,,2.4,,140,,47,,9.3,6,1007.7,,1014.8,,.2,,1.22,,,,9,5,AcCs,35,1417,,,17.1,,,,,
146,傈林,2026-03-30 11:00,18.2,,,,.4,,0,,46,,9.5,6.3,1007.4,,1014.5,,0,,.76,,,,10,2,ScAs,15,1583,,,16.5,,,,,
146,傈林,2026-03-30 12:00,18.9,,0,,1.4,,290,,43,,9.3,6,1006.6,,1013.7,,0,,.5,,,,10,4,ScAs,15,1529,,01,18.2,,,,,
146,傈林,2026-03-30 13:00,18.4,,,9,1.2,,340,,44,,9.3,5.9,1006,,1013.1,,0,,.59,,,,10,2,ScAs,15,1504,,,16.9,,,,,
146,傈林,2026-03-30 14:00,18.8,,,9,1.2,,340,,44,,9.5,6.2,1004.3,,1011.4,,0,,.63,,,,10,1,ScAs,20,1357,,01,17.9,,,,,
146,傈林,2026-03-30 15:00,18.5,,0,,0,,0,,44,,9.3,6,1003.6,,1010.7,,0,,.39,,,,10,5,ScAs,18,1428,,01,16.7,,,,,
146,傈林,2026-03-30 16:00,16,,,9,1.9,,140,,65,,11.8,9.4,1003.3,,1010.4,,0,,.23,,,,10,2,ScAs,13,895,,01,15.8,,,,,
146,傈林,2026-03-30 17:00,14.5,,,9,1.2,,360,,75,,12.4,10.1,1003.3,,1010.5,,0,,.18,,,,10,6,StNs,8,914,,01,14.7,,,,,
146,傈林,2026-03-30 18:00,13,,1.2,,1.8,,50,,81,,12.1,9.8,1002.5,,1009.7,,0,,.07,,,,10,4,StNs,8,545,,01,13.6,,,,,
146,傈林,2026-03-30 19:00,12.5,,,9,1.8,,50,,86,,12.4,10.2,1001.6,,1008.8,,0,,.01,,,,10,3,StNs,8,269,,01,12.9,,,,,
146,傈林,2026-03-30 20:00,12.1,,,9,2.1,,50,,87,,12.2,9.9,1000.3,,1007.5,,,9,,9,,,10,4,StNs,8,432,,01,12.3,,,,,
146,傈林,2026-03-30 21:00,13.2,,2.1,,3,,70,,82,,12.4,10.1,999.1,,1006.3,,,9,,9,,,10,8,StNs,5,1327,,01,12.2,,,,,
146,傈林,2026-03-30 22:00,12.4,,,9,2.9,,20,,89,,12.8,10.6,1000.2,,1007.4,,,9,,9,,,10,2,StNs,8,288,,01,12.1,,,,,
146,傈林,2026-03-30 23:00,11.6,,,9,3.6,,20,,90,,12.3,10,999.3,,1006.5,,,9,,9,,,10,4,StNs,8,300,,01,11.8,,,,,
146,傈林,2026-03-31 00:00,11.1,,15.3,,4.8,,50,,91,,11.9,9.6,997,,1004.2,,,9,,9,,,10,7,,,361,,01,11.3,,,,,
146,傈林,2026-03-31 01:00,10.8,,,9,3.7,,320,,93,,12,9.7,997.5,,1004.7,,,9,,9,,,10,5,StNs,8,190,,01,11.2,,,,,
146,傈林,2026-03-31 02:00,10.6,,,9,4.6,,340,,94,,11.9,9.6,997.2,,1004.4,,,9,,9,,,10,3,StNs,9,264,,01,11.1,,,,,
146,傈林,2026-03-31 03:00,10.5,,5.7,,2.6,,340,,94,,11.9,9.5,997.3,,1004.5,,,9,,9,,,10,5,StNs,8,227,,01,11.1,,,,,
146,傈林,2026-03-31 04:00,10.7,,,9,4.2,,340,,93,,11.9,9.6,997.4,,1004.6,,,9,,9,,,10,3,StNs,14,2110,,01,11,,,,,
146,傈林,2026-03-31 05:00,10.8,,,9,3.3,,320,,93,,12,9.7,997.7,,1004.9,,,9,,9,,,10,5,ScAs,10,800,,01,10.9,,,,,
146,傈林,2026-03-31 06:00,10.9,,.8,,3.6,,340,,92,,11.9,9.6,999.2,,1006.5,,,9,,9,,,9,9,Sc,8,832,,1901,10.9,,,,,
146,傈林,2026-03-31 07:00,11,,,9,2.3,,320,,91,,11.9,9.5,1000.5,,1007.8,,0,,.06,,,,8,8,Sc,10,729,,19,10.9,,,,,
146,傈林,2026-03-31 08:00,13.1,,,9,3.2,,290,,84,,12.6,10.4,1000.9,,1008.1,,.4,,.62,,,,6,2,ScAc,15,1529,,19,13.5,,,,,
146,傈林,2026-03-31 09:00,12.8,,,9,3.2,,50,,81,,11.9,9.6,1001.7,,1008.9,,.1,,.56,,,,10,9,ScAs,10,2262,,,13.7,,,,,
146,傈林,2026-03-31 10:00,13.8,,,9,3.9,,290,,80,,12.6,10.4,1002.6,,1009.8,,.3,,1.34,,,,6,6,Sc,10,1269,,,16.9,,,,,
146,傈林,2026-03-31 11:00,15.3,,,9,3.1,,360,,74,,12.8,10.6,1002.2,,1009.4,,.7,,2.33,,,,5,5,Sc,10,2083,,,19.6,,,,,
146,傈林,2026-03-31 12:00,16.9,,,9,2.9,,340,,65,,12.4,10.2,1002.4,,1009.5,,.6,,2.55,,,,7,7,Sc,10,2774,,,21.7,,,,,
146,傈林,2026-03-31 13:00,18,,,9,2.6,,320,,61,,12.5,10.3,1002.7,,1009.8,,.7,,2.71,,,,4,4,Sc,10,2729,,,22.9,,,,,
146,傈林,2026-03-31 14:00,19.3,,,9,2.5,,320,,53,,11.8,9.4,1002.8,,1009.8,,.8,,2.72,,,,3,3,Sc,10,3681,,,24.9,,,,,
146,傈林,2026-03-31 15:00,18.4,,,9,2.2,,340,,55,,11.6,9.1,1002.7,,1009.8,,.6,,1.96,,,,8,3,ScCi,13,3965,,,20.7,,,,,
146,傈林,2026-03-31 16:00,19.1,,,9,3,,320,,59,,12.9,10.8,1002.3,,1009.3,,.4,,1.28,,,,7,5,ScCi,15,3967,,,20.9,,,,,
146,傈林,2026-03-31 17:00,16.7,,,9,4.4,,290,,71,,13.5,11.4,1003.4,,1010.5,,.9,,1.29,,,,8,2,ScCi,15,728,,40,18.5,,,,,
146,傈林,2026-03-31 18:00,15.7,,,9,2.2,,270,,72,,12.9,10.7,1004.5,,1011.7,,.1,,.48,,,,7,2,ScCi,10,947,,40,16.4,9,,,,
146,傈林,2026-03-31 19:00,14,,,9,3.2,,230,,76,,12.1,9.8,1005,,1012.2,,.1,,.13,,,,4,1,,,821,,4019,13.8,,,,,
146,傈林,2026-03-31 20:00,13.3,,,9,2.8,,230,,77,,11.7,9.3,1005.9,,1013.1,,,9,,9,,,6,6,,18,781,,19,13.3,,,,,
146,傈林,2026-03-31 21:00,12.9,,,9,.3,,0,,76,,11.2,8.7,1005.8,,1013,,,9,,9,,,8,7,ScCi,15,859,,19,13.2,,,,,
146,傈林,2026-03-31 22:00,13.2,,,9,1.1,,230,,76,,11.5,9,1006,,1013.2,,,9,,9,,,9,8,,13,914,,19,12.9,,,,,
146,傈林,2026-03-31 23:00,13.3,,,9,1.1,,200,,76,,11.6,9.1,1006.2,,1013.4,,,9,,9,,,9,8,,10,911,,19,12.8,,,,,
146,傈林,2026-04-01 00:00,13.1,,,9,.4,,0,,77,,11.6,9.1,1006.4,,1013.6,,,9,,9,,,9,5,,,1018,,19,12.9,,,,,
146,傈林,2026-04-01 01:00,12.4,,,,1.1,,20,,81,,11.6,9.2,1006.4,,1013.7,,,9,,9,,,10,8,,9,459,,19,12.6,,,,,
146,傈林,2026-04-01 02:00,12,,,,1.8,,340,,84,,11.7,9.3,1006.5,,1013.8,,,9,,9,,,10,9,,9,418,,19,12.4,,,,,
146,傈林,2026-04-01 03:00,11.9,,,,2,,290,,83,,11.5,9,1006.6,,1013.9,,,9,,9,,,8,7,ScCi,10,512,,19,12.1,,,,,
146,傈林,2026-04-01 04:00,11.5,,,,1.2,,360,,82,,11.1,8.5,1006.3,,1013.6,,,9,,9,,,9,8,ScCi,9,535,,19,12,,,,,
146,傈林,2026-04-01 05:00,11.1,,,,1.1,,320,,84,,11,8.4,1006.5,,1013.8,,,9,,9,,,9,9,Sc,10,435,,19,11.8,,,,,
146,傈林,2026-04-01 06:00,11.2,,,,.3,,0,,83,,11,8.4,1006.8,,1014.1,,,9,,9,,,7,7,Sc,10,521,,19,11.8,,,,,
146,傈林,2026-04-01 07:00,11.1,,,,1,,360,,85,,11.2,8.6,1006.9,,1014.2,,0,,.03,,,,6,6,Sc,9,446,,19,11.7,,,,,
146,傈林,2026-04-01 08:00,12.8,,,,1,,20,,79,,11.6,9.2,1006.5,,1013.8,,.5,,.52,,,,6,6,Sc,7,516,,19,13.3,,,,,
146,傈林,2026-04-01 09:00,14.2,,,,.7,,340,,75,,12.1,9.8,1006.5,,1013.7,,.1,,.78,,,,8,5,ScAc,9,702,,19,15.8,,,,,
146,傈林,2026-04-01 10:00,14.1,,,,2,,320,,76,,12.2,9.9,1006.5,,1013.7,,0,,.85,,,,9,7,ScCi,6,575,,19,15.7,,,,,
146,傈林,2026-04-01 11:00,14.5,,,,1.8,,290,,72,,11.9,9.5,1007,,1014.2,,0,,.63,,,,10,7,ScAs,11,1048,,19,15.6,,,,,
146,傈林,2026-04-01 12:00,14.6,,,,3,,250,,71,,11.7,9.3,1006.9,,1014.1,,0,,.5,,,,10,5,ScAs,13,1258,,,15.5,,,,,
146,傈林,2026-04-01 13:00,15.2,,,,3.6,,250,,68,,11.7,9.3,1006.3,,1013.5,,0,,.93,,,,10,4,ScAs,8,1816,,,16.6,,,,,
146,傈林,2026-04-01 14:00,15.1,,,,3.9,,270,,66,,11.2,8.7,1005.8,,1013,,0,,1.08,,,,10,3,ScAs,8,2089,,,16.9,,,,,
146,傈林,2026-04-01 15:00,14.8,,,,3.2,,270,,59,,9.9,6.8,1005.5,,1012.7,,0,,1.1,,,,10,1,ScAs,10,2283,,,16.9,,,,,
146,傈林,2026-04-01 16:00,14.5,,,,3.4,,290,,63,,10.4,7.5,1005.1,,1012.3,,0,,1.12,,,,10,1,ScAs,10,1490,,,16.4,,,,,
146,傈林,2026-04-01 17:00,13.8,,,,3.4,,270,,59,,9.3,5.9,1005.1,,1012.3,,0,,.81,,,,10,2,ScAs,10,1420,,,15.1,,,,,
146,傈林,2026-04-01 18:00,12.4,,,,2.7,,270,,44,,6.3,.4,1005.6,,1012.9,,0,,.38,,,,10,10,As,28,3488,,,12.6,,,,,
146,傈林,2026-04-01 19:00,11,,,,3.1,,250,,50,,6.5,.9,1006,,1013.3,,0,,.07,,,,7,5,,32,3038,,,10.3,,,,,
146,傈林,2026-04-01 20:00,10.2,,,,2.2,,250,,55,,6.8,1.5,1006.4,,1013.7,,,9,,9,,,4,4,,26,2516,,,9.3,,,,,
146,傈林,2026-04-01 21:00,9.5,,,,2,,230,,61,,7.2,2.3,1007.2,,1014.5,,,9,,9,,,7,6,AcCi,35,2213,,,8.7,,,,,
146,傈林,2026-04-01 22:00,8.8,,,,2.2,,230,,70,,7.9,3.6,1007.6,,1015,,,9,,9,,,6,6,,58,1358,,,8,,,,,
146,傈林,2026-04-01 23:00,8.4,,,,2.5,,230,,68,,7.5,2.8,1008,,1015.4,,,9,,9,,,2,2,,76,1326,,,7.1,,,,,
146,傈林,2026-04-02 00:00,7.8,,,,1.2,,230,,67,,7.1,2,1007.8,,1015.2,,,9,,9,,,0,0,,,1339,,,6.5,,,,,
146,傈林,2026-04-02 01:00,7.1,,,,1,,140,,71,,7.1,2.1,1008,,1015.4,,,9,,9,,,0,0,,,1522,,,6,,,,,
146,傈林,2026-04-02 02:00,6.2,,,,1.7,,140,,75,,7.1,2,1007.8,,1015.2,,,9,,9,,,0,0,,,1538,,,5.5,,,,,
146,傈林,2026-04-02 03:00,5.7,,,,2,,110,,76,,6.9,1.7,1007.8,,1015.3,,,9,,9,,,0,0,,,1582,,,5,,,,,
146,傈林,2026-04-02 04:00,5.2,,,,1.2,,140,,77,,6.8,1.4,1008,,1015.5,,,9,,9,,,0,0,,,1514,,,4.6,,,,,
146,傈林,2026-04-02 05:00,4.8,,,,2.1,,140,,77,,6.6,1.1,1008.1,,1015.6,,,9,,9,,,0,0,,,1313,,,4.2,,,,,
146,傈林,2026-04-02 06:00,4.4,,,,1.4,,140,,78,,6.5,.8,1008.7,,1016.2,,,9,,9,,,0,0,,,1209,,,3.8,,,,,
146,傈林,2026-04-02 07:00,4.7,,,,1.9,,140,,79,,6.7,1.3,1009.6,,1017.1,,.1,,.06,,,,0,0,,,1018,,,4.1,,,,,
146,傈林,2026-04-02 08:00,6.6,,,,1.8,,110,,73,,7.1,2,1010.2,,1017.7,,.7,,.49,,,,3,3,Sc,5,1174,,,6.4,,,,,
146,傈林,2026-04-02 09:00,9.9,,,,1.6,,250,,73,,8.8,5.2,1010.4,,1017.8,,1,,1.27,,,,0,0,,,761,,40,10.4,,,,,
146,傈林,2026-04-02 10:00,11.9,,,,1.2,,180,,67,,9.3,5.9,1010.5,,1017.8,,1,,2.08,,,,0,0,,,736,,40,15.5,,,,,
146,傈林,2026-04-02 11:00,14.1,,,,1.7,,180,,53,,8.5,4.6,1010.2,,1017.4,,1,,2.75,,,,0,0,,,1061,,40,19.7,,,,,
146,傈林,2026-04-02 12:00,15.8,,,,2,,230,,42,,7.5,2.8,1009.6,,1016.8,,1,,3.17,,,,0,0,,,1488,,,22.5,,,,,
146,傈林,2026-04-02 13:00,16.5,,,,3.7,,270,,42,,7.8,3.5,1009.1,,1016.3,,1,,3.31,,,,0,0,,,1438,,,23.1,,,,,
146,傈林,2026-04-02 14:00,18,,,,4,,270,,43,,8.8,5.2,1008.4,,1015.5,,1,,3.26,,,,0,0,,,1520,,,23.4,,,,,
146,傈林,2026-04-02 15:00,18,,,,4.5,,270,,34,,7,1.8,1008.1,,1015.2,,1,,2.86,,,,0,0,,,2230,,,22.2,,,,,
146,傈林,2026-04-02 16:00,17.5,,,,3.8,,270,,38,,7.6,3,1007.4,,1014.5,,1,,2.42,,,,0,0,,,2428,,,20.6,,,,,
146,傈林,2026-04-02 17:00,17,,,,4.2,,270,,38,,7.3,2.5,1007.9,,1015,,1,,1.68,,,,0,0,,,2327,,,18.2,,,,,
146,傈林,2026-04-02 18:00,15.2,,,,4.1,,270,,48,,8.2,4.2,1008.6,,1015.8,,1,,.87,,,,0,0,,,1335,,,14.3,,,,,
146,傈林,2026-04-02 19:00,12.1,,,,2.2,,270,,57,,8,3.8,1009.5,,1016.8,,.5,,.15,,,,0,0,,,1041,,,11.5,,,,,
146,傈林,2026-04-02 20:00,10.5,,,,1.6,,270,,64,,8.1,3.9,1010,,1017.3,,,9,,9,,,0,0,,,763,,40,9.8,,,,,
146,傈林,2026-04-02 21:00,9.1,,,,1.7,,290,,78,,9,5.4,1011.5,,1018.9,,,9,,9,,,0,0,,,431,,40,8.9,,,,,
146,傈林,2026-04-02 22:00,7.9,,,,1.3,,340,,86,,9.1,5.6,1011.5,,1018.9,,,9,,9,,,0,0,,,211,,4019,8.2,,,,,
146,傈林,2026-04-02 23:00,7.4,,,,1.1,,360,,89,,9.1,5.6,1011.3,,1018.7,,,9,,9,,,0,0,,,137,,19,7.7,,,,,
146,傈林,2026-04-03 00:00,6.9,,,,1.2,,50,,90,,8.9,5.3,1011.3,,1018.8,,,9,,9,,,3,0,Ci,,143,,1916,7.3,,,,,
146,傈林,2026-04-03 01:00,6.5,,,,1.1,,360,,89,,8.6,4.8,1011.4,,1018.9,,,9,,9,,,5,0,,,207,,19,6.9,,,,,
146,傈林,2026-04-03 02:00,7.3,,,,.8,,360,,91,,9.3,5.9,1011.3,,1018.7,,,9,,9,,,10,10,,9,94,,1916,7.7,,,,,
146,傈林,2026-04-03 03:00,7.3,,,,1,,50,,90,,9.2,5.7,1011,,1018.4,,,9,,9,,,8,0,Ci,,88,,16,8.2,,,,,
146,傈林,2026-04-03 04:00,6.6,,,,1.2,,50,,92,,8.9,5.3,1010.5,,1018,,,9,,9,,,10,10,,2,18,,16,8.3,,,,,
146,傈林,2026-04-03 05:00,5.8,,,,1.6,,50,,92,,8.4,4.5,1010,,1017.5,,,9,,9,,,9,0,Ci,,60,,16,7.4,,,,,
146,傈林,2026-04-03 06:00,6.3,,,,1.1,,140,,86,,8.2,4.1,1009.7,,1017.2,,,9,,9,,,4,0,Ci,,404,,1916,7.1,,,,,
146,傈林,2026-04-03 07:00,7.4,,,,1.5,,90,,83,,8.5,4.6,1009.3,,1016.7,,0,,.06,,,,8,0,Ci,,526,,19,7.4,,,,,
146,傈林,2026-04-03 08:00,9.4,,,,1.2,,340,,80,,9.4,6.1,1009.4,,1016.8,,.2,,.42,,,,3,0,Ci,,506,,19,9.4,,,,,
146,傈林,2026-04-03 09:00,13.3,,,,.2,,0,,69,,10.5,7.7,1009.2,,1016.5,,1,,1.31,,,,7,0,Cs,,579,,4019,13.4,,,,,
146,傈林,2026-04-03 10:00,16.7,,,,1,,340,,53,,10,7,1008.8,,1016,,1,,2,,,,8,0,Cs,,779,,40,17.8,,,,,
146,傈林,2026-04-03 11:00,18.6,,,,2.2,,320,,49,,10.4,7.6,1008.2,,1015.3,,1,,2.44,,,,8,0,Cs,,805,,40,21,,,,,
146,傈林,2026-04-03 12:00,20.3,,,,2.9,,290,,44,,10.4,7.6,1007.1,,1014.1,,1,,2.67,,,,8,0,Cs,,833,,40,22.9,,,,,
146,傈林,2026-04-03 13:00,21.5,,,,3,,340,,41,,10.4,7.6,1006.2,,1013.2,,.9,,3,,,,8,0,Ci,,997,,40,24.2,,,,,
146,傈林,2026-04-03 14:00,22.6,,,,3,,320,,39,,10.6,7.9,1005.2,,1012.2,,1,,2.82,,,,9,0,Ci,,1121,,40,24.9,,,,,
146,傈林,2026-04-03 15:00,21.6,,,,3.8,,250,,40,,10.3,7.4,1004.1,,1011.1,,.8,,1.91,,,,9,2,ScCi,10,1149,,,21.9,,,,,
146,傈林,2026-04-03 16:00,21.4,,,,3.4,,290,,39,,9.9,6.8,1003.5,,1010.5,,.2,,1.25,,,,9,3,ScCi,10,1515,,,20.2,,,,,
146,傈林,2026-04-03 17:00,20.4,,,,3.3,,270,,43,,10.2,7.3,1003.2,,1010.2,,0,,.72,,,,9,3,ScCi,10,1278,,,18.1,,,,,
146,傈林,2026-04-03 18:00,17.9,,,,2.9,,290,,47,,9.6,6.4,1003.2,,1010.3,,0,,.3,,,,10,10,As,28,1061,,,15.8,,,,,
146,傈林,2026-04-03 19:00,16.7,,,,1.7,,50,,54,,10.2,7.3,1003.2,,1010.3,,0,,.05,,,,10,3,,43,973,,40,14.9,,,,,
146,傈林,2026-04-03 20:00,17.7,,0,,2.9,,200,,41,,8.2,4.2,1003.6,,1010.7,,,9,,9,,,10,2,ScAs,15,1968,,4001,13.7,,,,,
146,傈林,2026-04-03 21:00,17,,0,,3.2,,180,,39,,7.5,2.9,1003.4,,1010.5,,,9,,9,,,10,6,ScAs,15,3293,,01,12.9,,,,,
146,傈林,2026-04-03 22:00,16.2,,0,,4,,140,,41,,7.5,2.9,1003.1,,1010.2,,,9,,9,,,10,3,ScAs,14,1315,,01,12.3,,,,,
146,傈林,2026-04-03 23:00,13.4,,0,,2.7,,140,,62,,9.5,6.2,1002.5,,1009.7,,,9,,9,,,10,2,StNs,8,1580,,01,12,,,,,
146,傈林,2026-04-04 00:00,11.7,,.6,,1.6,,160,,74,,10.2,7.2,1001.8,,1009,,,9,,9,,,10,5,StNs,8,739,,01,11.8,,,,,
146,傈林,2026-04-04 01:00,10.7,,1.6,,3.1,,90,,84,,10.7,8,999.6,,1006.9,,,9,,9,,,10,4,StNs,8,624,,01,11.4,,,,,
146,傈林,2026-04-04 02:00,10.2,,3.6,,2.5,,20,,90,,11.2,8.6,997.9,,1005.2,,,9,,9,,,10,6,StNs,8,371,,01,11.2,,,,,
146,傈林,2026-04-04 03:00,10.2,,4.9,,2.9,,50,,92,,11.5,9,996.5,,1003.8,,,9,,9,,,10,6,StNs,8,334,,01,11.1,,,,,
146,傈林,2026-04-04 04:00,10.3,,5.2,,2.1,,360,,92,,11.5,9,994.9,,1002.1,,,9,,9,,,10,9,StNs,8,434,,01,11.1,,,,,
146,傈林,2026-04-04 05:00,10.3,,6.2,,1.4,,50,,92,,11.5,9,993.7,,1000.9,,,9,,9,,,10,10,St,8,501,,01,11.2,,,,,
146,傈林,2026-04-04 06:00,10.6,,7.2,,2.4,,50,,92,,11.7,9.3,991.8,,999,,,9,,9,,,10,10,St,8,1008,,1,11.2,,,,,
146,傈林,2026-04-04 07:00,10.5,,7.3,,1.6,,50,,93,,11.8,9.4,991.2,,998.4,,0,,.01,,,,10,8,StNs,8,598,,01,11.2,,,,,
146,傈林,2026-04-04 08:00,10.9,,5.5,,1.7,,50,,93,,12.1,9.8,991.1,,998.3,,0,,.05,,,,10,6,StNs,10,565,,01,11.7,,,,,
146,傈林,2026-04-04 09:00,12.1,,.8,,1,,160,,90,,12.7,10.5,991,,998.2,,0,,.32,,,,10,3,StNs,12,1124,,01,13.5,,,,,
146,傈林,2026-04-04 10:00,13.5,,0,,1.8,,320,,88,,13.6,11.5,990.9,,998,,0,,1.05,,,,9,8,ScCi,13,2749,,01,17,,,,,
146,傈林,2026-04-04 11:00,15.6,,,9,2.9,,290,,76,,13.4,11.3,991.3,,998.4,,.6,,2.05,,,,8,6,ScCi,13,4984,,,20,,,,,
146,傈林,2026-04-04 12:00,14.1,,,9,5,,290,,83,,13.3,11.2,992.2,,999.3,,.1,,1,,,,9,9,Sc,11,4030,,,16.6,,,,,
146,傈林,2026-04-04 13:00,16,,,9,3.1,,320,,76,,13.7,11.7,992.3,,999.4,,0,,1.16,,,,9,9,Sc,10,4888,,,18.5,,,,,
146,傈林,2026-04-04 14:00,15.4,,,9,4.8,,270,,79,,13.7,11.7,992.6,,999.7,,.1,,1.05,,,,8,8,Sc,10,2912,,,17.1,,,,,
146,傈林,2026-04-04 15:00,15,,,9,5.8,,270,,80,,13.6,11.5,993.3,,1000.4,,.1,,.71,,,,9,9,Sc,9,1346,,,15.8,,,,,
146,傈林,2026-04-04 16:00,13.7,,,9,6.8,,270,,76,,11.9,9.5,994.5,,1001.6,,0,,.95,,,,8,8,Sc,11,1093,,,15.6,,,,,
146,傈林,2026-04-04 17:00,12.2,,,9,5.2,,270,,79,,11.2,8.6,995.6,,1002.8,,.3,,.92,,,,7,7,Sc,7,918,,19,15.6,,,,,
146,傈林,2026-04-04 18:00,9.9,,,9,4.7,,270,,85,,10.3,7.4,996.1,,1003.4,,0,,.44,,,,8,8,Sc,7,1269,,19,12.7,,,,,
146,傈林,2026-04-04 19:00,9.3,,,9,4.6,,250,,86,,10,7,997.4,,1004.7,,0,,.13,,,,9,9,,3,1784,,,11.5,,,,,
146,傈林,2026-04-04 20:00,8.8,,,9,4.5,,250,,86,,9.7,6.5,998.3,,1005.6,,,9,,9,,,9,9,,2,1231,,,10.9,,,,,
146,傈林,2026-04-04 21:00,8,,,9,4.2,,250,,86,,9.2,5.7,1000,,1007.3,,,9,,9,,,10,10,St,2,800,,19,10.2,,,,,
146,傈林,2026-04-04 22:00,7.7,,,9,2.9,,270,,86,,9,5.4,1001.4,,1008.8,,,9,,9,,,9,9,,3,709,,19,9.8,,,,,
146,傈林,2026-04-04 23:00,7.4,,0,,2.6,,270,,91,,9.3,6,1002.3,,1009.7,,,9,,9,,,10,10,St,2,333,,1902,9.7,,,,,
146,傈林,2026-04-05 00:00,7.2,,0,,1.8,,290,,91,,9.2,5.8,1002.7,,1010.1,,,9,,9,,,10,10,,,495,,1902,9.6,,,,,
146,傈林,2026-04-05 01:00,7.3,,0,,2.2,,270,,89,,9.1,5.6,1002.7,,1010.1,,,9,,9,,,10,10,St,3,1082,,1902,9.3,,,,,
146,傈林,2026-04-05 02:00,7.3,,,9,2.1,,270,,85,,8.7,4.9,1003,,1010.4,,,9,,9,,,9,5,,6,1438,,,8.9,,,,,
146,傈林,2026-04-05 03:00,7.2,,,9,1.8,,250,,80,,8.1,3.9,1002.6,,1010,,,9,,9,,,9,9,Sc,6,1578,,,8.5,,,,,
146,傈林,2026-04-05 04:00,6.9,,,9,1.9,,320,,80,,7.9,3.6,1002.3,,1009.7,,,9,,9,,,9,9,Sc,6,1313,,,8.3,,,,,
146,傈林,2026-04-05 05:00,6.8,,,9,1.9,,360,,76,,7.5,2.8,1002.3,,1009.7,,,9,,9,,,9,9,Sc,6,1266,,,8.2,,,,,
146,傈林,2026-04-05 06:00,6.5,,,9,.3,,0,,77,,7.4,2.7,1002.3,,1009.7,,,9,,9,,,9,9,Sc,6,1176,,,8.3,,,,,
146,傈林,2026-04-05 07:00,6.7,,,9,.5,,110,,77,,7.5,2.9,1002.6,,1010,,0,,.05,,,,9,9,Sc,6,1059,,,8.3,,,,,
146,傈林,2026-04-05 08:00,8.1,,,9,.9,,160,,72,,7.7,3.3,1002.8,,1010.2,,.2,,.46,,,,6,4,ScCi,7,1181,,,9.3,,,,,
146,傈林,2026-04-05 09:00,9.8,,,9,1.4,,160,,66,,8,3.7,1003,,1010.3,,1,,1.38,,,,5,1,ScCi,16,1645,,,12.8,,,,,
146,傈林,2026-04-05 10:00,11.8,,,9,1.6,,270,,58,,8,3.7,1003.2,,1010.5,,1,,2.37,,,,5,0,Ci,,1896,,,17.3,,,,,
146,傈林,2026-04-05 11:00,12.2,,,9,3.4,,340,,62,,8.8,5.1,1003.2,,1010.4,,1,,2.84,,,,3,0,Ci,,1108,,,19.2,,,,,
146,傈林,2026-04-05 12:00,14,,,9,1.9,,320,,58,,9.2,5.8,1002.8,,1010,,1,,3.08,,,,4,0,Ci,,1360,,,22,,,,,
146,傈林,2026-04-05 13:00,15.3,,,9,1.9,,160,,52,,9,5.4,1002.2,,1009.4,,1,,3.21,,,,2,0,Ci,,2009,,,24.4,,,,,
146,傈林,2026-04-05 14:00,16.3,,,9,2.9,,230,,47,,8.7,4.9,1001.9,,1009,,1,,3.21,,,,2,0,Ci,,2594,,,24.5,,,,,
146,傈林,2026-04-05 15:00,17.8,,,9,2.5,,270,,33,,6.7,1.2,1001.2,,1008.3,,1,,3,,,,0,0,,,3690,,,23.9,,,,,
146,傈林,2026-04-05 16:00,18.3,,,9,3.1,,270,,35,,7.3,2.5,1001.1,,1008.2,,1,,2.46,,,,0,0,,,4255,,,21.7,,,,,
146,傈林,2026-04-05 17:00,18.1,,,9,2.7,,270,,37,,7.6,3.1,1000.8,,1007.9,,1,,1.72,,,,0,0,,,3962,,,19.9,,,,,
146,傈林,2026-04-05 18:00,16.9,,,9,3.1,,270,,40,,7.6,3.1,1001,,1008.1,,1,,.89,,,,0,0,,,4247,,,16.1,,,,,
146,傈林,2026-04-05 19:00,14.4,,,9,1.2,,290,,63,,10.3,7.4,1000.8,,1008,,.5,,.16,,,,0,0,,,2779,,,13.7,,,,,
146,傈林,2026-04-05 20:00,12.1,,,9,1.7,,340,,76,,10.6,7.9,1001.5,,1008.7,,,9,,9,,,0,0,,,1435,,,12.2,,,,,
146,傈林,2026-04-05 21:00,11.4,,,9,.9,,50,,77,,10.4,7.5,1002.3,,1009.6,,,9,,9,,,0,0,,,1380,,,11.2,,,,,
146,傈林,2026-04-05 22:00,11.2,,,9,1.1,,140,,77,,10.2,7.3,1002.5,,1009.8,,,9,,9,,,0,0,,,1469,,,10.5,,,,,
146,傈林,2026-04-05 23:00,11.5,,,9,1,,160,,68,,9.2,5.7,1002.7,,1010,,,9,,9,,,0,0,,,2698,,,10.5,,,,,
146,傈林,2026-04-06 00:00,12.3,,,9,1.2,,140,,66,,9.4,6.1,1003,,1010.2,,,9,,9,,,8,8,Sc,10,2651,,,10.9,,,,,
146,傈林,2026-04-06 01:00,13.3,,,,1.1,,250,,60,,9.1,5.6,1003.5,,1010.7,,,9,,9,,,2,2,,9,2233,,,10.7,,,,,
146,傈林,2026-04-06 02:00,12.7,,,,.9,,70,,68,,9.9,6.9,1003.5,,1010.7,,,9,,9,,,0,0,,,1721,,,11.6,,,,,
146,傈林,2026-04-06 03:00,13.7,,,,2,,110,,66,,10.3,7.4,1003,,1010.2,,,9,,9,,,9,9,Sc,10,2004,,,11.9,,,,,
146,傈林,2026-04-06 04:00,13.6,,0,,1.4,,90,,74,,11.5,9,1003,,1010.2,,,9,,9,,,10,10,St,6,957,,1902,12.2,,,,,
146,傈林,2026-04-06 05:00,13.2,,0,,1.6,,90,,78,,11.8,9.4,1001.9,,1009.1,,,9,,9,,,10,10,St,6,1177,,02,12.3,,,,,
146,傈林,2026-04-06 06:00,13.6,,,9,1.4,,20,,77,,11.9,9.6,1002,,1009.2,,,9,,9,,,10,8,StAs,8,1173,,,12.5,,,,,
146,傈林,2026-04-06 07:00,12.4,,3.8,,3.5,,320,,90,,12.9,10.7,1003.6,,1010.8,,0,,0,,,,10,8,CbStNs,8,306,,7001,12.4,,,,,
146,傈林,2026-04-06 08:00,12.2,,4.6,,4.7,,320,,93,,13.1,11,1003.1,,1010.3,,0,,.05,,,,10,7,StNs,4,350,,1901,12.5,,,,,
146,傈林,2026-04-06 09:00,12.1,,.7,,1.6,,50,,91,,12.8,10.6,1002.6,,1009.8,,0,,.21,,,,10,8,CbStNs,5,613,,701901,13.3,,,,,
146,傈林,2026-04-06 10:00,11.8,,0,,2.3,,360,,88,,12.1,9.8,1003,,1010.3,,0,,.19,,,,10,7,ScAs,5,2882,,1901,13,,,,,
146,傈林,2026-04-06 11:00,10.9,,3.3,,1.9,,20,,89,,11.6,9.1,1003.6,,1010.9,,0,,.16,,,,10,9,CbStNs,4,1093,,701401,13.2,,,,,
146,傈林,2026-04-06 12:00,10.9,,.3,,1.9,,160,,91,,11.8,9.4,1002.9,,1010.2,,0,,.29,,,,10,5,ScAs,7,1080,,01,13.1,,,,,
146,傈林,2026-04-06 13:00,11.8,,,9,1.4,,140,,91,,12.5,10.3,1002,,1009.2,,0,,.25,,,,10,6,ScAs,9,775,,19,13.8,,,,,
146,傈林,2026-04-06 14:00,11.9,,0,,3.1,,340,,91,,12.6,10.4,1002.1,,1009.3,,0,,.31,,,,10,6,ScAs,7,393,,1902,13.9,,,,,
146,傈林,2026-04-06 15:00,12.3,,.1,,2.5,,340,,87,,12.4,10.1,1002.1,,1009.3,,0,,.5,,,,10,4,ScAs,7,1538,,1902,14.6,,,,,
146,傈林,2026-04-06 16:00,13.2,,,9,1.5,,320,,80,,12.1,9.8,1001.8,,1009,,0,,.55,,,,10,5,ScAs,8,2148,,,15.2,,,,,
146,傈林,2026-04-06 17:00,14,,,9,.7,,70,,73,,11.6,9.2,1002.1,,1009.3,,0,,.6,,,,9,9,Sc,13,2358,,,16.2,,,,,
146,傈林,2026-04-06 18:00,14,,,9,1.1,,200,,77,,12.3,10,1002.1,,1009.3,,.4,,.53,,,,4,4,Sc,13,1601,,,15,,,,,
146,傈林,2026-04-06 19:00,12.3,,,9,3.2,,270,,78,,11.1,8.5,1003,,1010.2,,.2,,.14,,,,0,0,,,1705,,,12.6,,,,,
146,傈林,2026-04-06 20:00,11.3,,,9,3.1,,270,,78,,10.4,7.5,1004.1,,1011.4,,,9,,9,,,8,2,,8,1611,,,11.6,,,,,
146,傈林,2026-04-06 21:00,10.4,,,9,2.8,,320,,59,,7.4,2.7,1005.3,,1012.6,,,9,,9,,,7,7,Sc,13,3386,,,9.9,,,,,
146,傈林,2026-04-06 22:00,9.5,,,9,1.7,,320,,61,,7.2,2.3,1006.2,,1013.5,,,9,,9,,,7,7,,15,3072,,,8.9,,,,,
146,傈林,2026-04-06 23:00,8.7,,,9,2.3,,320,,63,,7.1,2,1006.4,,1013.8,,,9,,9,,,7,1,,,3205,,,7.6,,,,,
146,傈林,2026-04-07 00:00,8.1,,,9,3.9,,320,,60,,6.4,.7,1006.7,,1014.1,,,9,,9,,,0,0,,,3498,,,6.4,,,,,
146,傈林,2026-04-07 01:00,6.2,,,,2.1,,340,,62,,5.9,-.5,1007.1,,1014.5,,,9,,9,,,0,0,,,4473,,,5.5,,,,,
146,傈林,2026-04-07 02:00,5.4,,,,1.8,,340,,62,,5.6,-1.3,1007,,1014.5,,,9,,9,,,5,0,,,4855,,,4.7,,,,,
146,傈林,2026-04-07 03:00,4.7,,,,1.9,,320,,66,,5.6,-1.1,1006.7,,1014.2,,,9,,9,,,0,0,,,4356,,,4.2,,,,,
146,傈林,2026-04-07 04:00,4.1,,,,2.4,,320,,68,,5.6,-1.2,1007.1,,1014.6,,,9,,9,,,0,0,,,4752,,,3.6,,,,,
146,傈林,2026-04-07 05:00,3.8,,,,1.9,,320,,67,,5.4,-1.7,1007.9,,1015.4,,,9,,9,,,0,0,,,4728,,,3.1,,,,,
146,傈林,2026-04-07 06:00,3,,,,1.8,,340,,72,,5.5,-1.5,1008.3,,1015.8,,,9,,9,,,0,0,,,4537,,,2.8,,,,,
146,傈林,2026-04-07 07:00,4.2,,,,.8,,320,,65,,5.4,-1.8,1009.4,,1016.9,,.2,,.1,,,,0,0,,,4645,,,3,,,,,
146,傈林,2026-04-07 08:00,6.5,,,,1.8,,340,,56,,5.4,-1.6,1010.1,,1017.6,,1,,.78,,,,0,0,,,4519,,,5,,,,,
146,傈林,2026-04-07 09:00,8.3,,,,3.1,,320,,48,,5.3,-2,1010.8,,1018.2,,1,,1.62,,,,0,0,,,4684,,,9.2,,,,,
146,傈林,2026-04-07 10:00,9.5,,,,5.6,,340,,30,,3.6,-7.2,1010.9,,1018.3,,1,,2.38,,,,0,0,,,4670,,,12.5,,,,,
146,傈林,2026-04-07 11:00,10.6,,,,4.2,,50,,34,,4.3,-4.6,1010.7,,1018,,1,,2.98,,,,0,0,,,4229,,,15.9,,,,,
146,傈林,2026-04-07 12:00,12.2,,,,3.9,,50,,29,,4.1,-5.3,1010.3,,1017.6,,1,,3.34,,,,0,0,,,4785,,,18.8,,,,,
146,傈林,2026-04-07 13:00,12.5,,,,4.2,,320,,26,,3.8,-6.5,1009.9,,1017.2,,1,,3.48,,,,0,0,,,4705,,,19.7,,,,,
146,傈林,2026-04-07 14:00,13.5,,,,3.4,,290,,28,,4.3,-4.6,1009.3,,1016.6,,1,,3.37,,,,0,0,,,4679,,,20.5,,,,,
146,傈林,2026-04-07 15:00,14.3,,,,3.8,,290,,32,,5.2,-2.2,1009,,1016.2,,1,,3.02,,,,0,0,,,3979,,,20.3,,,,,
146,傈林,2026-04-07 16:00,12.8,,,,5.4,,270,,33,,4.9,-3.1,1009.5,,1016.8,,1,,2.45,,,,0,0,,,4234,,,17.1,,,,,
146,傈林,2026-04-07 17:00,11.8,,,,5.2,,270,,35,,4.9,-3.1,1009.7,,1017,,1,,1.73,,,,0,0,,,4717,,,14.5,,,,,
146,傈林,2026-04-07 18:00,10.1,,,,5.3,,270,,35,,4.3,-4.7,1010.5,,1017.9,,1,,.94,,,,0,0,,,4463,,,10.8,,,,,
146,傈林,2026-04-07 19:00,7.8,,,,4.7,,270,,37,,3.9,-6,1011.4,,1018.8,,.7,,.2,,,,0,0,,,4983,,,7.4,,,,,
146,傈林,2026-04-07 20:00,6.4,,,,3.8,,270,,49,,4.7,-3.5,1012.2,,1019.7,,,9,,9,,,0,0,,,4898,,,5.9,,,,,
146,傈林,2026-04-07 21:00,6,,,,3.1,,250,,56,,5.2,-2.1,1013.2,,1020.7,,,9,,9,,,0,0,,,4872,,,5.2,,,,,
146,傈林,2026-04-07 22:00,5.2,,,,2.4,,230,,62,,5.5,-1.5,1013.9,,1021.4,,,9,,9,,,0,0,,,4367,,,4.6,,,,,
146,傈林,2026-04-07 23:00,4.9,,,,2.4,,230,,65,,5.6,-1.1,1013.8,,1021.3,,,9,,9,,,0,0,,,4136,,,4.2,,,,,
146,傈林,2026-04-08 00:00,4.5,,,,1,,200,,66,,5.6,-1.3,1013.9,,1021.4,,,9,,9,,,0,0,,,3850,,,3.8,,,,,
146,傈林,2026-04-08 01:00,3.2,,,,2,,140,,71,,5.5,-1.5,1013.8,,1021.4,,,9,,9,,,0,0,,,4335,,,3.3,,,,,
146,傈林,2026-04-08 02:00,3.1,,,,1.3,,140,,72,,5.5,-1.4,1013.7,,1021.3,,,9,,9,,,0,0,,,3776,,,3,,,,,
146,傈林,2026-04-08 03:00,2.5,,,,2.1,,140,,75,,5.5,-1.4,1013.6,,1021.2,,,9,,9,,,0,0,,,3811,,,2.5,,,,,
146,傈林,2026-04-08 04:00,2,,,,1.6,,140,,77,,5.4,-1.6,1013.4,,1021,,,9,,9,,,0,0,,,3668,,,2.1,,,,,
146,傈林,2026-04-08 05:00,1.6,,,,1.6,,140,,78,,5.4,-1.8,1013.5,,1021.1,,,9,,9,,,0,0,,,3654,,,1.8,,,,,
146,傈林,2026-04-08 06:00,1,,,,2,,140,,79,,5.2,-2.2,1013.5,,1021.1,,,9,,9,,,0,0,,,3386,,,1.4,,,,,
146,傈林,2026-04-08 07:00,2.5,,,,1.9,,110,,76,,5.6,-1.3,1014.1,,1021.7,,.2,,.11,,,,0,0,,,3284,,,1.9,,,,,
146,傈林,2026-04-08 08:00,5.4,,,,1.3,,140,,69,,6.2,.1,1014.2,,1021.7,,1,,.8,,,,0,0,,,3123,,,4.3,,,,,
146,傈林,2026-04-08 09:00,8.1,,,,1.1,,200,,57,,6.1,0,1014,,1021.4,,1,,1.61,,,,0,0,,,3633,,,9.4,,,,,
146,傈林,2026-04-08 10:00,10.1,,,,1.8,,290,,52,,6.4,.6,1014.3,,1021.7,,1,,2.36,,,,0,0,,,3199,,,14.4,,,,,
146,傈林,2026-04-08 11:00,11.1,,,,2.5,,340,,48,,6.3,.4,1013.8,,1021.2,,1,,2.93,,,,0,0,,,2608,,,18.1,,,,,
146,傈林,2026-04-08 12:00,13.6,,,,3,,320,,44,,6.8,1.5,1012.9,,1020.2,,1,,3.32,,,,0,0,,,3605,,,20.7,,,,,
146,傈林,2026-04-08 13:00,15.8,,,,2.8,,340,,42,,7.5,2.8,1012.1,,1019.3,,1,,3.46,,,,1,0,Ci,,3483,,,23.1,,,,,
146,傈林,2026-04-08 14:00,17.3,,,,2.4,,270,,27,,5.3,-1.9,1011,,1018.2,,1,,3.34,,,,1,0,Ci,,3972,,,23.8,,,,,
146,傈林,2026-04-08 15:00,18.3,,,,2.4,,290,,32,,6.7,1.2,1010.1,,1017.2,,1,,3.02,,,,1,0,Ci,,4356,,,23.6,,,,,
146,傈林,2026-04-08 16:00,17.9,,,,2.4,,270,,27,,5.6,-1.3,1009.8,,1016.9,,1,,2.45,,,,1,0,Ci,,3803,,,21.7,,,,,
146,傈林,2026-04-08 17:00,17.7,,,,3.4,,270,,36,,7.3,2.4,1009.4,,1016.5,,1,,1.71,,,,1,0,Ci,,3741,,,19,,,,,
146,傈林,2026-04-08 18:00,15.7,,,,3.7,,270,,43,,7.6,3.1,1009.5,,1016.7,,1,,.87,,,,1,0,Ci,,2548,,,14.9,,,,,
146,傈林,2026-04-08 19:00,13.1,,,,3.4,,270,,31,,4.7,-3.6,1009.8,,1017.1,,.6,,.19,,,,0,0,,,4733,,,10.9,,,,,
146,傈林,2026-04-08 20:00,11.4,,,,1.7,,270,,41,,5.5,-1.4,1010,,1017.3,,,9,,9,,,5,0,,,4185,,,9.6,,,,,
146,傈林,2026-04-08 21:00,10.6,,,,1.2,,290,,35,,4.5,-4.2,1010.4,,1017.7,,,9,,9,,,6,0,Ci,,4207,,,8.7,,,,,
146,傈林,2026-04-08 22:00,10.4,,,,.2,,0,,38,,4.8,-3.3,1010.2,,1017.5,,,9,,9,,,10,0,,,3949,,,8.5,,,,,
146,傈林,2026-04-08 23:00,10.1,,,,1.1,,180,,54,,6.6,1.1,1009.8,,1017.2,,,9,,9,,,8,0,,,3264,,,8.1,,,,,
146,傈林,2026-04-09 00:00,9.4,,,,1.9,,110,,54,,6.3,.5,1009.9,,1017.3,,,9,,9,,,10,0,,,3567,,,7.9,,,,,
146,傈林,2026-04-09 01:00,8.7,,,,1.2,,160,,55,,6.2,.1,1009,,1016.4,,,9,,9,,,10,4,,71,3560,,,7.7,,,,,
146,傈林,2026-04-09 02:00,9.3,,,,2,,140,,53,,6.2,.1,1008.5,,1015.9,,,9,,9,,,9,3,,54,3697,,,7.7,,,,,
146,傈林,2026-04-09 03:00,10,,,,1.7,,140,,52,,6.3,.5,1007.8,,1015.1,,,9,,9,,,10,4,AcCi,45,3954,,,8.2,,,,,
146,傈林,2026-04-09 04:00,10.5,,,,1.8,,140,,52,,6.6,1,1007.3,,1014.6,,,9,,9,,,10,5,ScAs,15,4691,,,8.6,,,,,
146,傈林,2026-04-09 05:00,10.9,,0,,1.8,,110,,61,,7.9,3.6,1006.7,,1014,,,9,,9,,,10,6,ScAs,15,4574,,01,9,,,,,
146,傈林,2026-04-09 06:00,11.3,,0,,1.2,,110,,66,,8.8,5.1,1005.4,,1012.7,,,9,,9,,,10,10,As,26,4652,,01,9.3,,,,,
146,傈林,2026-04-09 07:00,11.9,,,9,1.6,,90,,65,,9,5.5,1005.5,,1012.8,,0,,.01,,,,10,3,ScAs,15,4404,,,9.7,,,,,
146,傈林,2026-04-09 08:00,12.9,,,9,2.7,,110,,67,,9.9,6.9,1003.8,,1011,,0,,.09,,,,10,3,ScAs,15,4756,,,10.5,,,,,
146,傈林,2026-04-09 09:00,12.3,,.3,,2,,110,,81,,11.6,9.1,1002.9,,1010.1,,0,,.16,,,,10,6,ScAs,10,2570,,01,11.4,,,,,
146,傈林,2026-04-09 10:00,12.4,,.3,,1,,50,,83,,11.9,9.5,1002.4,,1009.6,,0,,.08,,,,10,8,StNs,10,1304,,01,11.7,,,,,
146,傈林,2026-04-09 11:00,13.8,,.5,,3.5,,110,,81,,12.7,10.5,999.8,,1007,,0,,.77,,,,10,6,StNs,6,3221,,01,16,,,,,
146,傈林,2026-04-09 12:00,15.1,,0,,4.2,,140,,77,,13.1,11,998.2,,1005.3,,0,,.56,,,,10,7,StNs,10,4730,,01,15,,,,,
146,傈林,2026-04-09 13:00,16.4,,.2,,4.9,,140,,77,,14.3,12.3,995.4,,1002.5,,0,,.18,,,,10,8,StNs,10,4981,,01,14.6,,,,,
146,傈林,2026-04-09 14:00,15.5,,2,,3.1,,140,,86,,15.1,13.1,994.2,,1001.3,,0,,.17,,,,10,8,StNs,10,752,,01,14.9,,,,,
146,傈林,2026-04-09 15:00,16,,2,,4,,160,,86,,15.6,13.6,992.6,,999.7,,0,,.13,,,,10,7,StNs,7,2154,,01,14.9,,,,,
146,傈林,2026-04-09 16:00,16.4,,1.1,,4.9,,160,,85,,15.8,13.8,991.9,,998.9,,0,,.14,,,,10,8,StNs,7,862,,01,15.1,,,,,
146,傈林,2026-04-09 17:00,16.2,,2.6,,3.5,,160,,87,,16,14,991.3,,998.4,,0,,.12,,,,10,5,StNs,8,1897,,01,15.2,,,,,
146,傈林,2026-04-09 18:00,16.6,,.3,,3.1,,180,,85,,16,14,990.8,,997.8,,0,,.08,,,,10,8,StNs,8,5000,,01,15,,,,,
146,傈林,2026-04-09 19:00,17.1,,0,,5.4,,160,,83,,16.1,14.1,990.6,,997.6,,0,,.03,,,,10,7,ScAs,14,4133,,01,14.9,,,,,
146,傈林,2026-04-09 20:00,16.5,,.8,,2.9,,160,,88,,16.4,14.4,991.4,,998.4,,0,,0,,,,10,5,ScAs,8,4945,,01,14.9,,,,,
146,傈林,2026-04-09 21:00,16.2,,.1,,1.8,,200,,90,,16.5,14.5,991.7,,998.8,,,9,,9,,,10,8,ScAs,9,628,,190201,15,,,,,
146,傈林,2026-04-09 22:00,16.2,,1.4,,1.2,,200,,91,,16.7,14.7,991.8,,998.9,,,9,,9,,,10,5,ScAs,7,1849,,190201,14.9,,,,,
146,傈林,2026-04-09 23:00,16.2,,.4,,1.8,,250,,92,,16.8,14.8,992.3,,999.4,,,9,,9,,,10,7,ScAs,7,1059,,0201,15,,,,,
146,傈林,2026-04-10 00:00,16.2,,3.4,,5,,250,,91,,16.7,14.7,992.1,,999.2,,,9,,9,,,10,8,,,855,,01,15.2,,,,,
146,傈林,2026-04-10 01:00,16.1,,.3,,4.7,,250,,89,,16.2,14.2,992.8,,999.9,,,9,,9,,,10,4,ScAs,9,1418,,01,15,,,,,
146,傈林,2026-04-10 02:00,15.4,,.2,,4.4,,230,,89,,15.5,13.5,992.1,,999.2,,,9,,9,,,10,5,ScAs,7,579,,1901,14.6,,,,,
146,傈林,2026-04-10 03:00,15,,,9,5,,250,,87,,14.8,12.8,993,,1000.1,,,9,,9,,,10,4,ScAs,10,520,,19,14.2,,,,,
146,傈林,2026-04-10 04:00,13.2,,0,,4.9,,250,,91,,13.7,11.7,992.7,,999.8,,,9,,9,,,10,6,ScAs,6,325,,1902,13.6,,,,,
146,傈林,2026-04-10 05:00,12.3,,0,,3.5,,250,,93,,13.2,11.1,993.4,,1000.6,,,9,,9,,,10,7,ScAs,8,391,,1902,13.1,,,,,
146,傈林,2026-04-10 06:00,11.4,,,9,5.2,,250,,93,,12.5,10.3,993.9,,1001.1,,,9,,9,,,10,10,St,2,528,,19,12.5,,,,,
146,傈林,2026-04-10 07:00,10.7,,,9,4.3,,250,,94,,12,9.7,994.3,,1001.5,,0,,.01,,,,10,10,St,6,593,,19,11.9,,,,,
146,傈林,2026-04-10 08:00,10.4,,.1,,4.1,,250,,93,,11.7,9.3,995.4,,1002.6,,0,,.05,,,,10,10,St,4,351,,1902,11.8,,,,,
146,傈林,2026-04-10 09:00,10.4,,.2,,3.9,,250,,93,,11.7,9.3,996.2,,1003.4,,0,,.18,,,,10,10,St,4,329,,1902,12,,,,,
146,傈林,2026-04-10 10:00,10.3,,.1,,5,,250,,92,,11.5,9,997.2,,1004.5,,0,,.19,,,,10,10,St,2,579,,1902,12,,,,,
146,傈林,2026-04-10 11:00,9.9,,.5,,3.8,,250,,94,,11.4,8.9,998.2,,1005.5,,0,,.21,,,,10,10,St,2,225,,1902,12,,,,,
146,傈林,2026-04-10 12:00,9.7,,.1,,3,,250,,93,,11.2,8.6,998.2,,1005.5,,0,,.36,,,,10,10,St,8,868,,1902,12.5,,,,,
146,傈林,2026-04-10 13:00,9.7,,0,9,4,,270,,92,,11,8.4,998.4,,1005.7,,0,,.36,,,,10,10,St,9,895,,1902,12.3,,,,,
146,傈林,2026-04-10 14:00,9.8,,0,,2.4,,270,,92,,11.1,8.5,998.5,,1005.8,,0,,.31,,,,10,10,St,7,688,,1902,12.4,,,,,
146,傈林,2026-04-10 15:00,10.2,,0,,3,,250,,89,,11,8.4,998.4,,1005.7,,0,,.31,,,,10,9,ScAs,10,1435,,1902,12.5,,,,,
146,傈林,2026-04-10 16:00,10.2,,,9,2.6,,250,,89,,11,8.4,998.8,,1006.1,,0,,.25,,,,10,8,ScAs,10,1039,,,12.2,,,,,
146,傈林,2026-04-10 17:00,10.2,,,9,2.4,,250,,87,,10.8,8.1,999,,1006.3,,0,,.17,,,,10,9,ScAs,10,1116,,,11.7,,,,,
146,傈林,2026-04-10 18:00,10,,,9,3.4,,270,,85,,10.4,7.5,999.4,,1006.7,,0,,.1,,,,10,9,ScAs,10,1500,,,11,,,,,
146,傈林,2026-04-10 19:00,9.8,,,9,3.7,,270,,86,,10.4,7.5,1000.4,,1007.7,,0,,.03,,,,9,6,,7,1289,,,10.4,,,,,
146,傈林,2026-04-10 20:00,9.3,,,9,3.9,,270,,87,,10.2,7.2,1001.7,,1009,,0,,0,,,,9,7,,3,774,,19,10.1,,,,,
146,傈林,2026-04-10 21:00,9.2,,,9,3.1,,270,,87,,10.1,7.1,1002.7,,1010,,,9,,9,,,9,9,Sc,8,1262,,19,9.9,,,,,
146,傈林,2026-04-10 22:00,9.1,,,9,2.4,,270,,87,,10,7,1003.1,,1010.4,,,9,,9,,,9,8,,4,1246,,,9.8,,,,,
146,傈林,2026-04-10 23:00,9.1,,,9,1.9,,250,,88,,10.2,7.2,1003.4,,1010.7,,,9,,9,,,9,7,,3,1242,,,9.8,,,,,
146,傈林,2026-04-11 00:00,9.2,,,9,2.3,,230,,88,,10.2,7.3,1003.8,,1011.1,,,9,,9,,,9,9,Sc,8,1019,,,9.8,,,,,
146,傈林,2026-04-11 01:00,9.1,,,,.3,,0,,88,,10.2,7.2,1004.3,,1011.6,,,9,,9,,,9,7,,3,815,,19,9.9,,,,,
146,傈林,2026-04-11 02:00,9.2,,,,2.1,,230,,89,,10.3,7.4,1004.1,,1011.4,,,9,,9,,,9,8,,4,724,,19,9.8,,,,,
146,傈林,2026-04-11 03:00,9.2,,,,2.7,,250,,88,,10.2,7.3,1004.9,,1012.2,,,9,,9,,,9,9,Sc,8,575,,19,9.7,,,,,
146,傈林,2026-04-11 04:00,8.9,,,,.5,,270,,87,,9.9,6.8,1004.7,,1012,,,9,,9,,,8,8,Sc,10,507,,19,9.2,,,,,
146,傈林,2026-04-11 05:00,9,,,,1.2,,250,,88,,10.1,7.1,1005.3,,1012.6,,,9,,9,,,8,8,Sc,8,516,,19,9.4,,,,,
146,傈林,2026-04-11 06:00,8.7,,,,1.4,,200,,89,,9.9,6.9,1005.5,,1012.9,,,9,,9,,,8,8,Sc,8,456,,19,9,,,,,
146,傈林,2026-04-11 07:00,9.2,,,,.8,,110,,86,,9.9,6.9,1005.9,,1013.2,,0,,.07,,,,8,8,Sc,8,537,,19,9.8,,,,,
146,傈林,2026-04-11 08:00,10.9,,,,1.6,,180,,82,,10.6,7.9,1006.1,,1013.4,,.2,,.51,,,,0,0,,,715,,19,11.3,,,,,
146,傈林,2026-04-11 09:00,12.4,,,,2.7,,160,,70,,10,7,1005.9,,1013.2,,1,,1.49,,,,0,0,,,976,,19,14.6,,,,,
146,傈林,2026-04-11 10:00,14.2,,,,1.6,,200,,67,,10.8,8.1,1006.3,,1013.5,,1,,2.21,,,,0,0,,,1145,,,18.9,,,,,
146,傈林,2026-04-11 11:00,16.5,,,,2.1,,200,,61,,11.4,8.9,1006.1,,1013.2,,1,,2.78,,,,0,0,,,1267,,,22.6,,,,,
146,傈林,2026-04-11 12:00,18,,,,4.5,,250,,55,,11.3,8.8,1006.2,,1013.3,,1,,3.16,,,,0,0,,,1334,,,23.3,,,,,
146,傈林,2026-04-11 13:00,20,,,,3.9,,270,,61,,14.2,12.2,1006,,1013,,1,,3.27,,,,3,3,Sc,15,1075,,,24.8,,,,,
146,傈林,2026-04-11 14:00,19.5,,,,5.7,,290,,58,,13.1,11,1005.6,,1012.7,,1,,3.01,,,,4,0,Ci,,899,,40,23.4,,,,,
146,傈林,2026-04-11 15:00,18.8,,,,4.8,,270,,66,,14.3,12.3,1006,,1013.1,,1,,2.68,,,,4,0,Ci,,595,,40,23.3,,,,,
146,傈林,2026-04-11 16:00,17.2,,,,4.1,,320,,72,,14.1,12.1,1005.6,,1012.7,,1,,1.91,,,,6,0,Ci,,486,,40,21,,,,,
146,傈林,2026-04-11 17:00,16.7,,,,2.2,,290,,73,,13.8,11.8,1005.8,,1012.9,,.9,,1.27,,,,5,0,Ci,,431,,40,19.8,,,,,
146,傈林,2026-04-11 18:00,15.3,,,,1.8,,270,,77,,13.3,11.2,1006.2,,1013.4,,.2,,.62,,,,5,0,Ci,,379,,40,17.1,,,,,
146,傈林,2026-04-11 19:00,13.5,,,,2.3,,270,,82,,12.6,10.4,1006.3,,1013.5,,0,,.15,,,,9,0,,,307,,4019,14.6,,,,,
146,傈林,2026-04-11 20:00,12.8,,,,2.1,,250,,85,,12.5,10.3,1006.6,,1013.9,,0,,0,,,,9,0,,,279,,19,13.3,,,,,
146,傈林,2026-04-11 21:00,11.3,,,,1.1,,270,,89,,11.9,9.5,1007.5,,1014.8,,,9,,9,,,9,0,Ci,,166,,19,12.4,,,,,
146,傈林,2026-04-11 22:00,11,,,,1.8,,20,,92,,12,9.7,1008.1,,1015.4,,,9,,9,,,10,3,,1,111,,19,11.9,,,,,
146,傈林,2026-04-11 23:00,11.3,,,,1.8,,340,,93,,12.4,10.2,1008.5,,1015.8,,,9,,9,,,9,0,Ci,,54,,1916,12.4,,,,,
146,傈林,2026-04-12 00:00,11.2,,,,.2,,0,,92,,12.2,9.9,1009,,1016.3,,,9,,9,,,10,10,,,19,,16,12.6,,,,,
146,傈林,2026-04-12 01:00,11.5,,,,.7,,340,,92,,12.4,10.2,1009.3,,1016.6,,,9,,9,,,9,0,Ci,,90,,16,12.4,,,,,
146,傈林,2026-04-12 02:00,11.4,,,,.8,,20,,91,,12.2,9.9,1009,,1016.3,,,9,,9,,,9,0,Ci,,120,,1916,12.5,,,,,
146,傈林,2026-04-12 03:00,11,,,,.8,,20,,91,,11.9,9.5,1008.7,,1016,,,9,,9,,,9,0,Ci,,107,,19,12.3,,,,,
146,傈林,2026-04-12 04:00,10.7,,,,1.1,,20,,92,,11.8,9.4,1008.8,,1016.1,,,9,,9,,,10,10,,8,82,,1916,12.1,,,,,
146,傈林,2026-04-12 05:00,10.4,,,,1.2,,50,,94,,11.8,9.4,1008.7,,1016,,,9,,9,,,10,10,,5,57,,16,12,,,,,
146,傈林,2026-04-12 06:00,9.8,,,,1.1,,50,,93,,11.2,8.7,1008.4,,1015.7,,,9,,9,,,10,10,,5,53,,16,11.8,,,,,
146,傈林,2026-04-12 07:00,9.9,,,,.4,,0,,92,,11.2,8.6,1008.9,,1016.3,,0,,.05,,,,10,10,St,7,135,,1916,11.9,,,,,
146,傈林,2026-04-12 08:00,11.7,,,,.6,,70,,84,,11.5,9,1009.1,,1016.4,,.3,,.69,,,,6,0,Ci,,321,,19,13.6,,,,,
146,傈林,2026-04-12 09:00,13.5,,,,.6,,250,,74,,11.4,8.9,1009,,1016.3,,1,,1.57,,,,6,0,Ci,,533,,19,16.4,,,,,
146,傈林,2026-04-12 10:00,14.8,,,,2.3,,320,,72,,12,9.7,1008.8,,1016,,1,,2.32,,,,5,0,Ci,,580,,19,19.7,,,,,
146,傈林,2026-04-12 11:00,17.8,,,,2.1,,320,,58,,11.8,9.4,1009.1,,1016.2,,1,,2.53,,,,5,0,Ci,,680,,4019,21.9,,,,,
146,傈林,2026-04-12 12:00,18.9,,,,2.2,,340,,52,,11.3,8.8,1008.2,,1015.3,,.9,,2.3,,,,8,0,Ci,,868,,40,23.3,,,,,
146,傈林,2026-04-12 13:00,20.7,,,,2.9,,340,,42,,10.2,7.3,1007.4,,1014.4,,.7,,2.24,,,,8,0,Cs,,1546,,40,23.2,,,,,
146,傈林,2026-04-12 14:00,21.4,,,,2.3,,290,,41,,10.4,7.5,1007.1,,1014.1,,.2,,1.81,,,,7,0,Cs,,2090,,,23.8,,,,,
146,傈林,2026-04-12 15:00,21.5,,,,2.6,,320,,36,,9.2,5.7,1006.8,,1013.8,,.5,,1.81,,,,7,0,Ci,,1867,,,23.1,,,,,
146,傈林,2026-04-12 16:00,22.4,,,,2,,270,,33,,8.9,5.3,1006,,1013,,.6,,1.68,,,,8,0,Ci,,2551,,,22.8,,,,,
146,傈林,2026-04-12 17:00,21.5,,,,2.1,,270,,31,,7.9,3.6,1006.1,,1013.1,,.4,,1.17,,,,8,7,AcCi,45,3076,,,20.1,,,,,
146,傈林,2026-04-12 18:00,20.2,,,,1.8,,270,,27,,6.3,.5,1006.6,,1013.6,,0,,.47,,,,7,0,CcCi,,4719,,,17.1,,,,,
146,傈林,2026-04-12 19:00,18.4,,,,1.8,,320,,53,,11.2,8.6,1007,,1014.1,,0,,.11,,,,9,1,,59,1935,,,15.8,,,,,
146,傈林,2026-04-12 20:00,15.8,,,,1.7,,250,,63,,11.2,8.7,1007.8,,1015,,0,,0,,,,8,7,,55,1378,,,14.5,,,,,
146,傈林,2026-04-12 21:00,14,,,,.6,,200,,52,,8.2,4.2,1009,,1016.2,,,9,,9,,,8,0,Ci,,1544,,,13.1,,,,,
146,傈林,2026-04-12 22:00,13.5,,,,1.2,,320,,56,,8.6,4.8,1009.5,,1016.8,,,9,,9,,,10,4,,67,1283,,,12.2,,,,,
146,傈林,2026-04-12 23:00,12.8,,,,1.6,,50,,56,,8.2,4.2,1009.7,,1017,,,9,,9,,,9,5,,66,1580,,,11.8,,,,,
146,傈林,2026-04-13 00:00,13.4,,,,1.3,,110,,54,,8.2,4.2,1010.1,,1017.4,,,9,,9,,,8,0,Ci,,1688,,,11.5,,,,,
146,傈林,2026-04-13 01:00,12.5,,,,1.2,,160,,65,,9.3,6,1010.2,,1017.5,,,9,,9,,,6,4,,71,1504,,,10.6,,,,,
146,傈林,2026-04-13 02:00,12,,,,.8,,140,,69,,9.6,6.4,1010,,1017.3,,,9,,9,,,8,7,,66,1428,,,10,,,,,
146,傈林,2026-04-13 03:00,11.3,,,,1.6,,140,,73,,9.7,6.6,1009.4,,1016.7,,,9,,9,,,8,0,Ci,,1450,,,9.7,,,,,
146,傈林,2026-04-13 04:00,10.8,,,,.9,,140,,75,,9.7,6.5,1009.2,,1016.5,,,9,,9,,,6,0,Ci,,1381,,,9.2,,,,,
146,傈林,2026-04-13 05:00,10.1,,,,2.5,,140,,78,,9.6,6.4,1009.1,,1016.4,,,9,,9,,,4,0,Ci,,1298,,,8.4,,,,,
146,傈林,2026-04-13 06:00,9.5,,,,1.2,,70,,78,,9.2,5.8,1009.2,,1016.6,,,9,,9,,,3,0,Ci,,1297,,,7.9,,,,,
146,傈林,2026-04-13 07:00,10.3,,,,1.1,,140,,76,,9.5,6.2,1009.6,,1016.9,,.5,,.16,,,,1,0,Ci,,1402,,,8.2,,,,,
146,傈林,2026-04-13 08:00,13.2,,,,.1,,0,,66,,9.9,6.9,1009.7,,1017,,1,,.84,,,,0,0,,,1683,,,10.7,,,,,
146,傈林,2026-04-13 09:00,16.1,,,,1.2,,250,,46,,8.4,4.4,1009.5,,1016.7,,1,,1.65,,,,0,0,,,2122,,,15.2,,,,,
146,傈林,2026-04-13 10:00,18.1,,,,1.9,,340,,37,,7.6,3.1,1009.2,,1016.3,,1,,2.39,,,,0,0,,,2134,,,19.9,,,,,
146,傈林,2026-04-13 11:00,20.4,,,,2.7,,360,,37,,8.8,5.2,1008.2,,1015.3,,1,,2.95,,,,0,0,,,2361,,,23.3,,,,,
146,傈林,2026-04-13 12:00,22.7,,,,2.5,,320,,37,,10.2,7.2,1007.1,,1014.1,,1,,3.32,,,,0,0,,,1917,,,26.1,,,,,
146,傈林,2026-04-13 13:00,24.4,,,,2.6,,320,,32,,9.7,6.6,1006.1,,1013,,1,,3.43,,,,0,0,,,2159,,,27.8,,,,,
146,傈林,2026-04-13 14:00,26.3,,,,2.5,,270,,30,,10.2,7.3,1005.3,,1012.2,,1,,3.29,,,,0,0,,,3018,,,28.2,,,,,
146,傈林,2026-04-13 15:00,26.7,,,,3.2,,320,,25,,8.7,5,1004.9,,1011.8,,1,,2.95,,,,0,0,,,3058,,,27.4,,,,,
146,傈林,2026-04-13 16:00,27,,,,3.4,,320,,26,,9.2,5.8,1004.4,,1011.3,,1,,2.41,,,,3,0,Ci,,3397,,,25.8,,,,,
146,傈林,2026-04-13 17:00,26.8,,,,3.8,,270,,28,,9.8,6.7,1004.4,,1011.3,,1,,1.9,,,,3,0,Ci,,3174,,,24.1,,,,,
146,傈林,2026-04-13 18:00,22.8,,,,4.5,,230,,42,,11.6,9.2,1004.8,,1011.8,,1,,.87,,,,3,3,Ac,35,2009,,,13.8,,,,,
146,傈林,2026-04-13 19:00,20.5,,,,2.9,,250,,44,,10.6,7.8,1005.6,,1012.6,,.1,,.14,,,,7,7,,48,2064,,,17.1,,,,,
146,傈林,2026-04-13 20:00,19.3,,,,1.7,,250,,45,,10,7,1006.6,,1013.7,,0,,0,,,,8,8,,48,1830,,,16,,,,,
146,傈林,2026-04-13 21:00,19.6,,,,1.8,,250,,40,,9.1,5.6,1007.7,,1014.8,,,9,,9,,,8,8,Ac,45,2387,,,15.1,,,,,
146,傈林,2026-04-13 22:00,18.4,,,,1.3,,110,,46,,9.7,6.5,1007.6,,1014.7,,,9,,9,,,7,7,,48,2448,,,14.1,,,,,
146,傈林,2026-04-13 23:00,16.6,,,,1,,50,,58,,10.9,8.2,1007.9,,1015.1,,,9,,9,,,0,0,,,2595,,,13.1,,,,,
146,傈林,2026-04-14 00:00,14.9,,,,1.6,,340,,69,,11.6,9.2,1007.9,,1015.1,,,9,,9,,,8,5,AcCi,36,1184,,,13.1,,,,,
146,傈林,2026-04-14 01:00,14.6,,,,.7,,50,,64,,10.6,7.8,1007.5,,1014.7,,,9,,9,,,8,8,,36,1416,,,12.9,,,,,
146,傈林,2026-04-14 02:00,14.2,,,,.4,,0,,64,,10.3,7.4,1006.9,,1014.1,,,9,,9,,,9,9,,36,1724,,,12.8,,,,,
146,傈林,2026-04-14 03:00,14.5,,,,.8,,360,,64,,10.5,7.7,1006.4,,1013.6,,,9,,9,,,9,8,AcCi,37,1651,,,12.9,,,,,
146,傈林,2026-04-14 04:00,14,,,,1,,70,,70,,11.2,8.6,1005.8,,1013,,,9,,9,,,9,8,AcCi,37,1399,,,12.9,,,,,
146,傈林,2026-04-14 05:00,14.6,,,,.9,,140,,69,,11.4,8.9,1005.8,,1013,,,9,,9,,,9,8,AcCi,34,2045,,,13.1,,,,,
146,傈林,2026-04-14 06:00,14.2,,,,1.2,,20,,72,,11.6,9.2,1005.7,,1012.9,,,9,,9,,,9,8,AcCi,34,2148,,,12.9,,,,,
146,傈林,2026-04-14 07:00,14.3,,,,.8,,20,,71,,11.6,9.1,1006,,1013.2,,0,,.04,,,,9,8,AcCi,33,2507,,,13.4,,,,,
146,傈林,2026-04-14 08:00,16.1,,,,1.1,,140,,65,,11.9,9.5,1006.3,,1013.5,,0,,.3,,,,9,9,Ac,35,2563,,,15.1,,,,,
146,傈林,2026-04-14 09:00,17.9,,,,.5,,340,,60,,12.3,10,1006.3,,1013.4,,0,,.71,,,,9,9,Ac,35,2830,,,17.5,,,,,
146,傈林,2026-04-14 10:00,18.8,,,,1.6,,340,,59,,12.8,10.6,1006.3,,1013.4,,0,,1.03,,,,9,9,Ac,35,1608,,,18.8,,,,,
146,傈林,2026-04-14 11:00,20.1,,,,1.9,,320,,52,,12.2,9.9,1005.9,,1012.9,,0,,1.2,,,,9,9,Ac,34,1682,,,20.6,,,,,
146,傈林,2026-04-14 12:00,21.7,,,,2.4,,320,,42,,10.9,8.2,1005.1,,1012.1,,.1,,1.7,,,,9,7,AcCi,32,1996,,,22.4,,,,,
146,傈林,2026-04-14 13:00,22.6,,,,2.6,,320,,39,,10.6,7.9,1004.5,,1011.5,,.2,,1.9,,,,9,8,AcCi,31,1722,,,23.5,,,,,
146,傈林,2026-04-14 14:00,22.6,,,,1.9,,290,,33,,9,5.4,1004.1,,1011.1,,0,,1.34,,,,9,8,AcCi,31,2095,,,22.3,,,,,
146,傈林,2026-04-14 15:00,22.7,,,,1.6,,290,,36,,9.9,6.8,1003.6,,1010.6,,0,,1.17,,,,9,8,AcCi,31,2418,,,21.4,,,,,
146,傈林,2026-04-14 16:00,22.3,,,,1.6,,270,,37,,9.9,6.8,1003.2,,1010.2,,0,,.69,,,,10,10,As,30,2814,,,20.4,,,,,
146,傈林,2026-04-14 17:00,22.4,,,,1.4,,230,,38,,10.2,7.3,1002.6,,1009.6,,0,,.87,,,,6,6,Ac,30,2301,,,20.6,,,,,
146,傈林,2026-04-14 18:00,22.1,,,,2.1,,250,,47,,12.4,10.2,1002.6,,1009.6,,.4,,.64,,,,4,4,Ac,32,1697,,,19.3,,,,,
146,傈林,2026-04-14 19:00,19.7,,,,1.9,,250,,48,,10.9,8.3,1003.2,,1010.2,,.6,,.28,,,,0,0,,,1382,,,16.6,,,,,
146,傈林,2026-04-14 20:00,17.9,,,,2.4,,290,,48,,9.8,6.7,1004.1,,1011.2,,0,,0,,,,0,0,,,1563,,,14.6,,,,,
146,傈林,2026-04-14 21:00,16.7,,,,1.2,,270,,39,,7.4,2.6,1005.1,,1012.2,,,9,,9,,,0,0,,,2482,,,13.1,,,,,
146,傈林,2026-04-14 22:00,15.7,,,,.3,,0,,45,,8,3.7,1005.2,,1012.4,,,9,,9,,,6,0,,,2228,,,12.6,,,,,
146,傈林,2026-04-14 23:00,15.2,,,,1.2,,230,,47,,8.1,3.9,1005.4,,1012.6,,,9,,9,,,4,0,,,2072,,,11.8,,,,,
146,傈林,2026-04-15 00:00,14.5,,,,1.2,,110,,61,,10,7,1005.1,,1012.3,,,9,,9,,,6,0,Ci,,1926,,,11.5,,,,,
146,傈林,2026-04-15 01:00,13.6,,,,1,,270,,62,,9.6,6.4,1005.6,,1012.8,,,9,,9,,,7,0,,,2035,,,10.9,,,,,
146,傈林,2026-04-15 02:00,12.8,,,,.6,,340,,71,,10.4,7.6,1005.3,,1012.5,,,9,,9,,,6,0,,,1236,,,10.5,,,,,
146,傈林,2026-04-15 03:00,11.7,,,,1.5,,340,,76,,10.4,7.6,1005.1,,1012.4,,,9,,9,,,7,0,Ci,,483,,19,10.2,,,,,
146,傈林,2026-04-15 04:00,11.9,,,,.9,,140,,74,,10.3,7.4,1005,,1012.3,,,9,,9,,,8,0,Ci,,755,,19,10,,,,,
146,傈林,2026-04-15 05:00,11.4,,,,1.5,,110,,75,,10.1,7.1,1004.7,,1012,,,9,,9,,,9,0,Ci,,1662,,19,9.8,,,,,
146,傈林,2026-04-15 06:00,11.1,,,,.8,,140,,74,,9.7,6.6,1005,,1012.3,,0,,0,,,,9,0,Ci,,1483,,,9.9,,,,,
146,傈林,2026-04-15 07:00,11.3,,,,1.4,,140,,76,,10.2,7.2,1005.1,,1012.4,,0,,.1,,,,8,5,AcCi,40,1459,,,10.2,,,,,
146,傈林,2026-04-15 08:00,13.3,,,,.1,,0,,69,,10.5,7.7,1005.3,,1012.5,,.3,,.55,,,,7,0,Ci,,1547,,,12.9,,,,,
146,傈林,2026-04-15 09:00,16.6,,,,.9,,230,,53,,9.9,6.9,1005.2,,1012.3,,.8,,1.32,,,,5,0,Ci,,1448,,,16.6,,,,,
146,傈林,2026-04-15 10:00,19.1,,,,.9,,320,,42,,9.2,5.8,1005,,1012.1,,1,,2.16,,,,5,0,Ci,,1870,,,21,,,,,
146,傈林,2026-04-15 11:00,20.9,,,,2.7,,290,,47,,11.6,9.1,1004.7,,1011.7,,1,,2.75,,,,2,0,Ci,,1277,,,24.3,,,,,
146,傈林,2026-04-15 12:00,22.8,,,,2.4,,290,,43,,11.9,9.5,1004.7,,1011.7,,1,,3.15,,,,0,0,,,2405,,,26.6,,,,,
146,傈林,2026-04-15 13:00,23.5,,,,4.3,,290,,37,,10.6,7.9,1004.6,,1011.5,,1,,3.28,,,,0,0,,,1567,,,26.7,,,,,
146,傈林,2026-04-15 14:00,24.5,,,,3.4,,290,,41,,12.5,10.3,1004.3,,1011.2,,1,,3.18,,,,0,0,,,1893,,,27,,,,,
146,傈林,2026-04-15 15:00,24.1,,,,4.1,,270,,41,,12.3,10,1003.7,,1010.6,,1,,2.85,,,,0,0,,,1567,,,26.6,,,,,
146,傈林,2026-04-15 16:00,23.6,,,,3.6,,270,,35,,10.2,7.2,1003.3,,1010.2,,1,,2.35,,,,0,0,,,2089,,,24.8,,,,,
146,傈林,2026-04-15 17:00,22.9,,,,3.2,,270,,39,,10.8,8.1,1003.8,,1010.8,,1,,1.63,,,,1,0,Ci,,1785,,,22.9,,,,,
146,傈林,2026-04-15 18:00,20.5,,,,2.7,,250,,41,,9.8,6.7,1004.3,,1011.3,,1,,.86,,,,0,0,,,1845,,,19.3,,,,,
146,傈林,2026-04-15 19:00,17.8,,,,2.6,,230,,46,,9.3,6,1004.9,,1012,,.5,,.21,,,,0,0,,,1475,,,15.7,,,,,
146,傈林,2026-04-15 20:00,16.6,,,,1.9,,230,,49,,9.2,5.8,1005.6,,1012.7,,0,,0,,,,0,0,,,1607,,,14,,,,,
146,傈林,2026-04-15 21:00,15.6,,,,.8,,200,,54,,9.5,6.3,1006.6,,1013.8,,,9,,9,,,0,0,,,1499,,,13,,,,,
146,傈林,2026-04-15 22:00,14.2,,,,1.9,,50,,65,,10.5,7.7,1007.3,,1014.5,,,9,,9,,,0,0,,,1364,,,12,,,,,
146,傈林,2026-04-15 23:00,13.6,,,,1.2,,70,,68,,10.5,7.7,1008,,1015.2,,,9,,9,,,0,0,,,1207,,,11.4,,,,,
146,傈林,2026-04-16 00:00,13.6,,,,2,,140,,68,,10.5,7.7,1008.2,,1015.4,,,9,,9,,,4,0,Ci,,1390,,,10.9,,,,,
146,傈林,2026-04-16 01:00,13.1,,,,2.1,,140,,69,,10.4,7.5,1008.8,,1016.1,,,9,,9,,,0,0,,,1456,,,10.4,,,,,
146,傈林,2026-04-16 02:00,12.7,,,,2.3,,110,,71,,10.4,7.5,1008.9,,1016.2,,,9,,9,,,0,0,,,1570,,,10.1,,,,,
146,傈林,2026-04-16 03:00,12.3,,,,1.2,,110,,74,,10.5,7.7,1008.7,,1016,,,9,,9,,,0,0,,,1368,,,9.7,,,,,
146,傈林,2026-04-16 04:00,12.5,,,,1.6,,140,,72,,10.4,7.5,1008.8,,1016.1,,,9,,9,,,0,0,,,1788,,,9.3,,,,,
146,傈林,2026-04-16 05:00,11.8,,,,1.3,,140,,74,,10.2,7.3,1009.3,,1016.6,,,9,,9,,,0,0,,,1451,,,8.8,,,,,
146,傈林,2026-04-16 06:00,11.7,,,,1.3,,90,,76,,10.4,7.6,1010.1,,1017.4,,0,,0,,,,0,0,,,1566,,,8.3,,,,,
146,傈林,2026-04-16 07:00,12.8,,,,1.4,,90,,73,,10.7,8,1010.9,,1018.2,,.6,,.2,,,,0,0,,,1728,,,6.6,,,,,
146,傈林,2026-04-16 08:00,16.9,,,,1.4,,90,,51,,9.7,6.6,1011.1,,1018.3,,1,,.91,,,,2,0,Ci,,2606,,,12.3,,,,,
146,傈林,2026-04-16 09:00,20,,,,.8,,50,,38,,8.8,5.2,1011.1,,1018.2,,1,,1.72,,,,3,0,Ci,,3684,,,17.4,,,,,
146,傈林,2026-04-16 10:00,22.8,,,,2.9,,70,,24,,6.6,1.1,1010.8,,1017.8,,1,,2.44,,,,2,0,Ci,,4481,,,21.9,,,,,
146,傈林,2026-04-16 11:00,24.6,,,,2,,110,,20,,6.2,.1,1010.5,,1017.5,,1,,3.05,,,,0,0,,,4605,,,25.9,,,,,
146,傈林,2026-04-16 12:00,26.2,,,,3.7,,50,,12,,4.1,-5.4,1009,,1015.9,,1,,3.41,,,,1,0,Ci,,4280,,,27.6,,,,,
146,傈林,2026-04-16 13:00,27.8,,,,2.1,,70,,12,,4.5,-4.2,1009.1,,1016,,1,,3.54,,,,0,0,,,4977,,,30.6,,,,,
146,傈林,2026-04-16 14:00,28.4,,,,2.7,,160,,10,,3.9,-6.1,1008.5,,1015.3,,1,,3.44,,,,2,0,Ci,,4587,,,32.4,,,,,
146,傈林,2026-04-16 15:00,28.5,,,,3.4,,160,,8,,3.1,-8.9,1007.9,,1014.7,,1,,3.04,,,,2,0,Ci,,3919,,,32.7,,,,,
146,傈林,2026-04-16 16:00,26,,,,4.1,,270,,25,,8.4,4.4,1007.5,,1014.4,,1,,2.51,,,,2,0,Ci,,4154,,,30.5,,,,,
146,傈林,2026-04-16 17:00,26.2,,,,3.2,,270,,31,,10.5,7.7,1006.9,,1013.8,,1,,1.8,,,,1,0,Ci,,4039,,,27.9,,,,,
146,傈林,2026-04-16 18:00,22,,,,3.6,,250,,43,,11.3,8.8,1007.3,,1014.3,,1,,.97,,,,0,0,,,2609,,,19.4,,,,,
146,傈林,2026-04-16 19:00,19.1,,,,2.7,,250,,51,,11.2,8.7,1007.8,,1014.9,,.4,,.2,,,,3,0,,,2350,,,18.3,,,,,
146,傈林,2026-04-16 20:00,18.9,,,,1.9,,250,,36,,7.8,3.4,1008.3,,1015.4,,0,,0,,,,8,5,,63,3442,,,16.1,,,,,
146,傈林,2026-04-16 21:00,17.4,,,,2.1,,360,,47,,9.3,5.9,1008.6,,1015.7,,,9,,9,,,9,7,AcCi,40,2566,,,15.5,,,,,
146,傈林,2026-04-16 22:00,16.3,,,,1.7,,320,,54,,9.9,6.9,1008.3,,1015.5,,,9,,9,,,9,7,,59,2021,,,14.3,,,,,
146,傈林,2026-04-16 23:00,16,,,,1.2,,290,,58,,10.5,7.7,1008.1,,1015.3,,,9,,9,,,9,3,,53,2069,,,13.9,,,,,
146,傈林,2026-04-17 00:00,15.1,,,,2.9,,230,,65,,11.1,8.5,1008.8,,1016,,,9,,9,,,9,7,AcCi,,1515,,,13.4,,,,,
146,傈林,2026-04-17 01:00,14.4,,,,2.8,,250,,70,,11.4,8.9,1009.4,,1016.6,,,9,,9,,,10,8,,51,1512,,,13.1,,,,,
146,傈林,2026-04-17 02:00,14,,,,.8,,70,,71,,11.3,8.8,1008.9,,1016.1,,,9,,9,,,10,6,,43,1312,,,13.1,,,,,
146,傈林,2026-04-17 03:00,13.4,,,,.8,,320,,76,,11.6,9.2,1008.7,,1016,,,9,,9,,,10,10,As,35,1017,,,12.8,,,,,
146,傈林,2026-04-17 04:00,13.8,,,,1.9,,270,,72,,11.3,8.8,1009.1,,1016.3,,,9,,9,,,10,10,As,40,1411,,,12.6,,,,,
146,傈林,2026-04-17 05:00,13.9,,,,1,,200,,69,,10.9,8.2,1008.8,,1016,,,9,,9,,,10,10,As,35,1678,,,12.5,,,,,
146,傈林,2026-04-17 06:00,13.7,,,,1.5,,250,,71,,11.1,8.5,1008.7,,1015.9,,0,,0,,,,10,2,ScAs,14,1725,,,12.4,,,,,
146,傈林,2026-04-17 07:00,13.8,,,,2,,230,,72,,11.3,8.8,1008.8,,1016,,0,,.03,,,,10,2,ScAs,14,1574,,,12.8,,,,,
146,傈林,2026-04-17 08:00,14.1,,,,2.2,,290,,72,,11.6,9.1,1009.1,,1016.3,,0,,.21,,,,10,4,ScAs,13,1694,,,13.7,,,,,
146,傈林,2026-04-17 09:00,14.9,,0,,1.8,,50,,71,,11.9,9.6,1008.4,,1015.6,,0,,.48,,,,10,4,ScAs,13,1359,,01,15.4,,,,,
146,傈林,2026-04-17 10:00,15.9,,0,,2,,180,,67,,12,9.7,1008.7,,1015.9,,0,,.49,,,,10,4,ScAs,7,1827,,01,16.7,,,,,
146,傈林,2026-04-17 11:00,16.6,,0,,1.8,,140,,60,,11.2,8.7,1008.9,,1016.1,,0,,.62,,,,10,5,ScAs,15,2331,,01,17.6,,,,,
146,傈林,2026-04-17 12:00,16.5,,,9,1.7,,110,,57,,10.6,7.9,1008.8,,1016,,0,,.54,,,,10,3,ScAs,14,2894,,,17.1,,,,,
146,傈林,2026-04-17 13:00,14.6,,0,,3.5,,140,,75,,12.4,10.2,1008.4,,1015.6,,0,,.66,,,,10,5,ScAs,7,1139,,01,18.2,,,,,
146,傈林,2026-04-17 14:00,14.4,,.1,,1.6,,90,,76,,12.4,10.2,1008,,1015.2,,0,,.63,,,,10,4,ScAs,9,2617,,01,18.4,,,,,
146,傈林,2026-04-17 15:00,14.7,,0,,2.3,,110,,79,,13.1,11,1007.3,,1014.5,,0,,.5,,,,10,4,ScAs,9,2469,,01,17.8,,,,,
146,傈林,2026-04-17 16:00,15,,0,,2.1,,160,,77,,13,10.9,1007.4,,1014.6,,0,,.28,,,,10,5,ScAs,9,3218,,01,16.5,,,,,
146,傈林,2026-04-17 17:00,15.2,,0,,.7,,140,,80,,13.7,11.7,1007.4,,1014.6,,0,,.27,,,,10,4,ScAs,11,1730,,01,16.8,,,,,
146,傈林,2026-04-17 18:00,15,,0,,.8,,140,,81,,13.7,11.7,1007.4,,1014.6,,0,,.15,,,,10,4,ScAs,6,2922,,01,16.3,,,,,
146,傈林,2026-04-17 19:00,15,,,9,1.8,,140,,83,,14.1,12.1,1007.3,,1014.5,,0,,.08,,,,10,1,,14,2771,,,15.5,,,,,
146,傈林,2026-04-17 20:00,14.7,,,9,.5,,160,,83,,13.8,11.8,1007.5,,1014.7,,0,,.01,,,,9,9,,21,2581,,,14.8,,,,,
146,傈林,2026-04-17 21:00,14.3,,0,,1.4,,140,,87,,14.1,12.1,1007.6,,1014.8,,,9,,9,,,10,3,ScAs,10,1753,,01,14.3,,,,,
146,傈林,2026-04-17 22:00,14.7,,0,,1.4,,140,,86,,14.3,12.3,1007.9,,1015.1,,,9,,9,,,10,6,ScAs,10,1685,,01,14.4,,,,,
146,傈林,2026-04-17 23:00,14.5,,0,,1.5,,50,,86,,14.1,12.1,1008.2,,1015.4,,,9,,9,,,10,3,ScAs,10,1801,,01,14.4,,,,,
146,傈林,2026-04-18 00:00,14.6,,,9,.8,,20,,84,,13.9,11.9,1008.4,,1015.6,,,9,,9,,,9,9,Sc,,2769,,,14.3,,,,,
146,傈林,2026-04-18 01:00,14.4,,,,.5,,50,,84,,13.7,11.7,1008.4,,1015.6,,,9,,9,,,7,7,,18,2314,,,13.4,,,,,
146,傈林,2026-04-18 02:00,13.8,,,,1,,110,,89,,14,12,1007.9,,1015.1,,,9,,9,,,6,6,,21,1451,,,12.4,,,,,
146,傈林,2026-04-18 03:00,13.1,,,,.6,,70,,90,,13.6,11.5,1007.6,,1014.9,,,9,,9,,,2,0,Ci,,1298,,,11.6,,,,,
146,傈林,2026-04-18 04:00,12.7,,,,.3,,0,,91,,13.3,11.2,1007.4,,1014.7,,,9,,9,,,3,0,Ci,,1537,,,11,,,,,
146,傈林,2026-04-18 05:00,12.1,,,,.9,,340,,92,,12.9,10.8,1007.3,,1014.6,,,9,,9,,,3,0,Ci,,755,,19,10.6,,,,,
146,傈林,2026-04-18 06:00,11.8,,,,.5,,340,,90,,12.4,10.2,1007.8,,1015.1,,0,,0,,,,3,0,Ci,,345,,19,10.3,,,,,
146,傈林,2026-04-18 07:00,13.6,,,,1.1,,140,,89,,13.8,11.8,1008.1,,1015.3,,.6,,.24,,,,1,0,Ci,,1246,,19,11.2,,,,,
146,傈林,2026-04-18 08:00,15.8,,,,1.3,,340,,81,,14.5,12.5,1008.2,,1015.4,,1,,.95,,,,2,0,Ci,,2249,,,14.4,,,,,
146,傈林,2026-04-18 09:00,18.7,,,,1,,90,,69,,14.8,12.8,1007.9,,1015,,1,,1.72,,,,3,0,Ci,,3728,,,19.3,,,,,
146,傈林,2026-04-18 10:00,20.6,,,,1.1,,230,,63,,15.3,13.3,1007.4,,1014.4,,1,,2.43,,,,1,0,Ci,,3622,,,24.4,,,,,
146,傈林,2026-04-18 11:00,22.1,,,,2.9,,320,,58,,15.4,13.4,1007.7,,1014.7,,1,,2.97,,,,2,1,ScCi,16,3078,,,26.6,,,,,
146,傈林,2026-04-18 12:00,23.4,,,,3.3,,320,,53,,15.2,13.2,1007.3,,1014.3,,1,,3.3,,,,2,1,ScCi,15,2948,,,29.1,,,,,
146,傈林,2026-04-18 13:00,25.2,,,,2.5,,290,,48,,15.4,13.4,1006.7,,1013.6,,1,,3.28,,,,4,2,ScCi,15,3900,,,31.4,,,,,
146,傈林,2026-04-18 14:00,26,,,,2.1,,360,,44,,14.7,12.7,1006.1,,1013,,1,,3.16,,,,6,2,ScCi,16,4049,,,33.8,,,,,
146,傈林,2026-04-18 15:00,26,,,,3.5,,320,,44,,14.7,12.7,1005.6,,1012.5,,1,,2.57,,,,8,2,ScCs,16,4274,,,31.3,,,,,
146,傈林,2026-04-18 16:00,25.7,,,,2.5,,290,,44,,14.5,12.5,1005.1,,1012,,.9,,1.77,,,,9,0,Cs,,4170,,,28.9,,,,,
146,傈林,2026-04-18 17:00,24.4,,,,3.4,,270,,46,,14,12,1004.9,,1011.8,,0,,.83,,,,10,10,As,40,4146,,,25,,,,,
146,傈林,2026-04-18 18:00,22.5,,,,2.1,,270,,45,,12.2,9.9,1005.1,,1012.1,,0,,.39,,,,10,10,As,40,3643,,,22.1,,,,,
146,傈林,2026-04-18 19:00,21.1,,,,1.8,,230,,53,,13.2,11.1,1005.6,,1012.6,,0,,.12,,,,9,0,,,2900,,,19.5,,,,,
146,傈林,2026-04-18 20:00,19.6,,,,1.4,,250,,62,,14.1,12.1,1006.1,,1013.2,,0,,0,,,,8,2,,72,2379,,,17.6,,,,,
146,傈林,2026-04-18 21:00,18.7,,,,1,,250,,67,,14.4,12.4,1007.2,,1014.3,,,9,,9,,,6,0,Ci,,2383,,,16.3,,,,,
146,傈林,2026-04-18 22:00,18,,,,.5,,290,,68,,13.9,11.9,1007.7,,1014.8,,,9,,9,,,4,2,,71,1875,,,15.4,,,,,
146,傈林,2026-04-18 23:00,16.5,,,,1.9,,20,,74,,13.8,11.8,1007.8,,1015,,,9,,9,,,6,0,,,1888,,,14.8,,,,,
146,傈林,2026-04-19 00:00,16.3,,,,1.3,,110,,74,,13.7,11.6,1007.4,,1014.6,,,9,,9,,,9,0,,,1872,,,14.5,,,,,
146,傈林,2026-04-19 01:00,16.2,,,,.5,,180,,75,,13.7,11.7,1007.6,,1014.8,,,9,,9,,,7,4,,67,1629,,,13.8,,,,,
146,傈林,2026-04-19 02:00,16.1,,,,.5,,180,,78,,14.2,12.2,1007.1,,1014.3,,,9,,9,,,7,4,,66,2197,,,13.5,,,,,
146,傈林,2026-04-19 03:00,15.2,,,,1,,270,,83,,14.3,12.3,1007,,1014.2,,,9,,9,,,8,0,Ci,,1707,,,12.9,,,,,
146,傈林,2026-04-19 04:00,15.1,,,,1,,110,,82,,14,12,1007.1,,1014.3,,,9,,9,,,9,0,Ci,,1781,,,12.9,,,,,
146,傈林,2026-04-19 05:00,14.6,,,,1.6,,140,,86,,14.2,12.2,1006.8,,1014,,,9,,9,,,8,0,Ci,,1441,,,12.7,,,,,
146,傈林,2026-04-19 06:00,14.4,,,,1.9,,140,,88,,14.4,12.4,1006.4,,1013.6,,0,,0,,,,5,0,Ci,,1178,,,12.4,,,,,
146,傈林,2026-04-19 07:00,15,,,,1.2,,160,,87,,14.8,12.8,1006.4,,1013.6,,0,,.14,,,,8,0,Ci,,1372,,,13.8,,,,,
146,傈林,2026-04-19 08:00,16.5,,,,1.7,,160,,82,,15.4,13.4,1006.7,,1013.9,,0,,.42,,,,8,0,Ci,,1593,,,16.2,,,,,
146,傈林,2026-04-19 09:00,18.7,,,,1.1,,90,,75,,16.1,14.1,1006.5,,1013.6,,.4,,.98,,,,7,0,Ci,,1848,,,18.9,,,,,
146,傈林,2026-04-19 10:00,23.1,,,,1.3,,90,,51,,14.4,12.4,1006,,1013,,1,,2.39,,,,7,0,Ci,,3148,,,25.4,,,,,
146,傈林,2026-04-19 11:00,24.4,,,,1.3,,110,,42,,12.8,10.6,1005.8,,1012.7,,1,,2.26,,,,7,0,Ci,,4079,,,25.8,,,,,
146,傈林,2026-04-19 12:00,26.5,,,,2,,70,,39,,13.5,11.4,1005.3,,1012.2,,1,,2.54,,,,7,0,Ci,,3928,,,31.3,,,,,
146,傈林,2026-04-19 13:00,24.7,,,,3.6,,250,,46,,14.2,12.2,1005,,1011.9,,.5,,2.07,,,,7,2,ScCi,15,3114,,,27.3,,,,,
146,傈林,2026-04-19 14:00,25.5,,,,2.5,,270,,47,,15.3,13.3,1004.5,,1011.4,,0,,1.35,,,,7,2,ScCi,15,3413,,,27.8,,,,,
146,傈林,2026-04-19 15:00,26.2,,,,2.1,,250,,46,,15.6,13.6,1003.7,,1010.6,,.2,,1.75,,,,8,3,ScCi,15,3933,,,29.3,,,,,
146,傈林,2026-04-19 16:00,23.8,,,,4.6,,250,,57,,16.7,14.7,1003.9,,1010.8,,.8,,1.83,,,,8,3,ScCi,15,2840,,,29.6,,,,,
146,傈林,2026-04-19 17:00,22.7,,,,2.8,,230,,54,,14.9,12.9,1004,,1011,,.8,,1.5,,,,7,0,Ci,,3061,,,27.5,,,,,
146,傈林,2026-04-19 18:00,21.2,,,,2.6,,250,,55,,13.7,11.7,1004.5,,1011.5,,.7,,.76,,,,5,0,Ci,,2839,,,23,,,,,
146,傈林,2026-04-19 19:00,19.6,,,,2.2,,230,,48,,10.9,8.2,1004.8,,1011.9,,.6,,.25,,,,0,0,,,3463,,,19.3,,,,,
146,傈林,2026-04-19 20:00,18.7,,,,1.1,,270,,58,,12.4,10.2,1005.4,,1012.5,,0,,.01,,,,0,0,,,3189,,,17.1,,,,,
146,傈林,2026-04-19 21:00,18.2,,,,.9,,200,,59,,12.3,10,1006.1,,1013.2,,,9,,9,,,4,4,CuSc,10,2057,,,16.7,,,,,
146,傈林,2026-04-19 22:00,17.1,,,,.8,,230,,60,,11.6,9.2,1006.3,,1013.4,,,9,,9,,,0,0,,,1871,,,15.3,,,,,
146,傈林,2026-04-19 23:00,15.8,,,,.5,,200,,64,,11.4,8.9,1006,,1013.2,,,9,,9,,,0,0,,,1630,,,14.3,,,,,
146,傈林,2026-04-20 00:00,15.9,,,,.2,,0,,67,,12,9.7,1006.6,,1013.8,,,9,,9,,,6,6,,,1618,,,14.9,,,,,
146,傈林,2026-04-20 01:00,15.6,,,,1,,50,,72,,12.7,10.5,1005.9,,1013.1,,,9,,9,,,1,1,,13,1440,,,14.5,,,,,
146,傈林,2026-04-20 02:00,15.1,,,,.9,,70,,75,,12.8,10.6,1004.7,,1011.9,,,9,,9,,,0,0,,,2190,,,14.1,,,,,
146,傈林,2026-04-20 03:00,15.5,,,,.6,,270,,75,,13.1,11,1004.7,,1011.9,,,9,,9,,,9,9,Sc,12,2226,,,14.6,,,,,
146,傈林,2026-04-20 04:00,15.1,,,,1.6,,320,,76,,12.9,10.8,1005,,1012.2,,,9,,9,,,8,8,Sc,11,897,,19,14.5,,,,,
146,傈林,2026-04-20 05:00,15.2,,,,.4,,0,,75,,12.9,10.7,1005.1,,1012.3,,,9,,9,,,10,9,ScCi,10,917,,19,14.8,,,,,
146,傈林,2026-04-20 06:00,15.5,,,,.8,,140,,75,,13.1,11,1004.9,,1012.1,,0,,0,,,,10,9,ScAs,9,1590,,19,14.8,,,,,
146,傈林,2026-04-20 07:00,15.8,,,,1.5,,140,,75,,13.4,11.3,1004.7,,1011.9,,0,,.1,,,,4,3,ScCi,11,1527,,,15,,,,,
146,傈林,2026-04-20 08:00,18.2,,,,1.2,,180,,62,,12.9,10.7,1004.6,,1011.7,,.8,,.76,,,,3,1,ScCi,15,2575,,,16.8,,,,,
146,傈林,2026-04-20 09:00,19.8,,,,1.1,,230,,53,,12.2,9.9,1004.6,,1011.6,,.6,,1.34,,,,10,5,ScAs,15,2926,,,20.1,,,,,
146,傈林,2026-04-20 10:00,17.7,,,9,2.9,,270,,63,,12.7,10.5,1005.4,,1012.5,,0,,.37,,,,10,5,ScAs,15,1861,,,17.5,,,,,
146,傈林,2026-04-20 11:00,17.5,,,,2.5,,250,,61,,12.1,9.8,1005.6,,1012.7,,0,,.41,,,,10,8,ScAs,10,2420,,,17.6,,,,,
146,傈林,2026-04-20 12:00,15.3,,.1,,2.5,,230,,74,,12.8,10.6,1005.9,,1013.1,,0,,.26,,,,10,8,ScAs,10,1774,,01,16.7,,,,,
146,傈林,2026-04-20 13:00,14.9,,.3,,1.6,,230,,83,,14,12,1005.1,,1012.3,,0,,.35,,,,10,6,StNs,8,1673,,01,17.6,,,,,
146,傈林,2026-04-20 14:00,14.7,,0,,3.4,,250,,86,,14.3,12.3,1004.9,,1012.1,,0,,.29,,,,10,6,StNs,4,1031,,01,16.7,,,,,
146,傈林,2026-04-20 15:00,12.1,,.7,,5.3,,270,,88,,12.4,10.1,1005.5,,1012.8,,0,,.17,,,,10,8,StNs,4,469,,01,14.5,,,,,
146,傈林,2026-04-20 16:00,10.3,,.1,,3.6,,250,,89,,11.1,8.5,1005.9,,1013.2,,0,,.18,,,,10,7,StNs,4,634,,01,13.5,,,,,
146,傈林,2026-04-20 17:00,10,,0,,3.1,,250,,85,,10.4,7.5,1006.3,,1013.6,,0,,.35,,,,9,3,ScAs,10,1248,,01,13.8,,,,,
146,傈林,2026-04-20 18:00,10.5,,,9,3.7,,250,,72,,9.1,5.6,1006.8,,1014.1,,.3,,.6,,,,2,1,ScCi,15,1990,,,13,,,,,
146,傈林,2026-04-20 19:00,8.6,,,9,4.8,,270,,67,,7.5,2.8,1007.5,,1014.9,,.6,,.28,,,,0,0,,,1371,,,9.1,,,,,
146,傈林,2026-04-20 20:00,7.3,,,9,3,,270,,63,,6.4,.7,1008.9,,1016.3,,0,,.01,,,,0,0,,,1312,,,7.1,,,,,
146,傈林,2026-04-20 21:00,6.9,,,9,2.9,,250,,64,,6.3,.5,1010.4,,1017.8,,,9,,9,,,0,0,,,1394,,42,6.2,,,,,
146,傈林,2026-04-20 22:00,6.3,,,9,2.1,,270,,60,,5.7,-.9,1011.3,,1018.8,,,9,,9,,,0,0,,,1196,,42,5.6,,,,,
146,傈林,2026-04-20 23:00,6.2,,,9,1.4,,230,,62,,5.9,-.5,1012,,1019.5,,,9,,9,,,0,0,,,1194,,42,5.1,,,,,
146,傈林,2026-04-21 00:00,5.3,,,9,2.4,,110,,72,,6.4,.6,1011.8,,1019.3,,,9,,9,,,0,0,,,1286,,42,4.7,,,,,
146,傈林,2026-04-21 01:00,4.9,,,,1.7,,110,,75,,6.5,.8,1012.5,,1020,,,9,,9,,,0,0,,,1290,,42,4.4,,,,,
146,傈林,2026-04-21 02:00,4,,,,2.3,,140,,77,,6.2,.3,1012.6,,1020.1,,,9,,9,,,4,0,Ci,,1308,,42,4,,,,,
146,傈林,2026-04-21 03:00,3.5,,,,2.1,,140,,78,,6.1,0,1012.6,,1020.2,,,9,,9,,,4,0,Ci,,1300,,42,3.7,,,,,
146,傈林,2026-04-21 04:00,3.3,,,,2.3,,140,,80,,6.2,.1,1013.1,,1020.7,,,9,,9,,,3,0,Ci,,1315,,42,3.3,,,,,
146,傈林,2026-04-21 05:00,3,,,,2.2,,140,,78,,5.9,-.4,1013.4,,1021,,,9,,9,,,4,0,Ci,,1332,,42,3.1,,,,,
146,傈林,2026-04-21 06:00,2.9,,,,2.3,,140,,77,,5.8,-.7,1013.8,,1021.4,,0,,0,,,,5,0,Ci,,1393,,42,3,,,,,
146,傈林,2026-04-21 07:00,4.7,,,,2.4,,140,,68,,5.8,-.7,1013.8,,1021.3,,.3,,.21,,,,0,0,,,1564,,42,4.1,,,,,
146,傈林,2026-04-21 08:00,8.2,,,,2.3,,140,,52,,5.7,-1,1013.6,,1021,,1,,.94,,,,0,0,,,1666,,42,7.5,,,,,
146,傈林,2026-04-21 09:00,12,,,,1.4,,180,,44,,6.2,.1,1013.1,,1020.4,,1,,1.75,,,,0,0,,,1589,,42,13.3,,,,,
146,傈林,2026-04-21 10:00,15.5,,,,1.3,,200,,32,,5.6,-1.1,1013.1,,1020.3,,1,,2.47,,,,2,0,Ci,,2029,,42,19.1,,,,,
146,傈林,2026-04-21 11:00,17.2,,,,1.8,,320,,26,,5.1,-2.5,1012.7,,1019.9,,1,,2.96,,,,5,0,Ci,,2451,,42,21.7,,,,,
146,傈林,2026-04-21 12:00,19.4,,,,2.2,,340,,25,,5.6,-1.1,1012.1,,1019.2,,1,,3.34,,,,3,0,Ci,,2700,,42,25.6,,,,,
146,傈林,2026-04-21 13:00,19.9,,,,2.5,,320,,22,,5.1,-2.4,1011,,1018.1,,1,,3.55,,,,4,0,Ci,,3122,,42,28.6,,,,,
146,傈林,2026-04-21 14:00,20.7,,,,3,,290,,23,,5.6,-1.2,1010.9,,1018,,1,,3.41,,,,3,0,Ci,,2566,,42,29.7,,,,,
146,傈林,2026-04-21 15:00,21.9,,,,1.6,,340,,26,,6.8,1.5,1009.7,,1016.7,,1,,3.09,,,,3,0,Ci,,1429,,42,30.4,,,,,
146,傈林,2026-04-21 16:00,21.4,,,,3.5,,270,,21,,5.4,-1.8,1009.5,,1016.5,,1,,2.48,,,,4,0,Ci,,2374,,42,28.9,,,,,
146,傈林,2026-04-21 17:00,19.6,,,,4.2,,290,,30,,6.8,1.5,1010.1,,1017.2,,.8,,1.49,,,,5,0,Ci,,2115,,42,24.9,,,,,
146,傈林,2026-04-21 18:00,16.7,,,,3.6,,290,,35,,6.6,1.1,1010.2,,1017.4,,.6,,.97,,,,6,0,Ci,,2398,,42,20.6,,,,,
146,傈林,2026-04-21 19:00,14,,,,3.4,,290,,37,,5.9,-.4,1011,,1018.3,,.1,,.22,,,,7,5,AcCi,38,2062,,42,16.4,,,,,
146,傈林,2026-04-21 20:00,12.5,,,,.9,,270,,32,,4.6,-3.7,1011.7,,1019,,0,,0,,,,8,7,AcCi,39,2306,,42,13.9,,,,,
146,傈林,2026-04-21 21:00,11.8,,,,1.5,,290,,35,,4.9,-3.1,1011.7,,1019,,,9,,9,,,8,8,Ac,38,2233,,42,12.7,,,,,
146,傈林,2026-04-21 22:00,11.9,,,,1.1,,250,,39,,5.4,-1.6,1011.8,,1019.1,,,9,,9,,,8,8,Ac,38,2095,,42,12.2,,,,,
146,傈林,2026-04-21 23:00,11.5,,,,1.7,,200,,46,,6.2,.2,1011.4,,1018.7,,,9,,9,,,8,8,Ac,38,1989,,42,11.6,,,,,
146,傈林,2026-04-22 00:00,10.9,,,,1.3,,50,,50,,6.5,.8,1010.3,,1017.6,,,9,,9,,,9,9,,,2391,,42,11.2,,,,,
146,傈林,2026-04-22 01:00,10.6,,,,1.4,,70,,48,,6.1,0,1010.1,,1017.4,,,9,,9,,,10,10,,48,2398,,42,10.9,,,,,
146,傈林,2026-04-22 02:00,10.5,,,,1.4,,50,,53,,6.7,1.3,1009.4,,1016.7,,,9,,9,,,10,8,,44,2499,,,10.6,,,,,
146,傈林,2026-04-22 03:00,10.5,,,,.8,,140,,52,,6.6,1,1009,,1016.3,,,9,,9,,,10,10,As,39,2556,,,10.5,,,,,
146,傈林,2026-04-22 04:00,10.7,,,,1.5,,110,,52,,6.7,1.2,1008.7,,1016,,,9,,9,,,10,10,As,39,2583,,,10.3,,,,,
146,傈林,2026-04-22 05:00,10.3,,,,1.2,,140,,50,,6.2,.3,1008.1,,1015.4,,,9,,9,,,10,10,As,39,2590,,,10.2,,,,,
146,傈林,2026-04-22 06:00,10.1,,,,1.3,,50,,60,,7.4,2.6,1008.5,,1015.8,,0,,0,,,,10,10,As,33,2929,,,10.1,,,,,
146,傈林,2026-04-22 07:00,10.1,,,,1.6,,320,,63,,7.7,3.3,1008.9,,1016.2,,0,,.04,,,,10,10,As,33,2761,,,10.3,,,,,
146,傈林,2026-04-22 08:00,11.2,,,,1.2,,140,,56,,7.4,2.7,1009.3,,1016.6,,0,,.16,,,,10,10,As,38,2919,,,11.3,,,,,
146,傈林,2026-04-22 09:00,12.2,,,,1.7,,250,,52,,7.4,2.6,1008.8,,1016.1,,0,,.38,,,,10,3,ScAs,10,2913,,,13.1,,,,,
146,傈林,2026-04-22 10:00,14,,,,.9,,140,,43,,6.8,1.5,1009.2,,1016.4,,0,,.69,,,,10,3,ScAs,10,2634,,,15.7,,,,,
146,傈林,2026-04-22 11:00,16.3,,,,.5,,180,,35,,6.4,.7,1008.8,,1016,,0,,1.04,,,,10,2,ScAs,10,3025,,,19,,,,,
146,傈林,2026-04-22 12:00,17.6,,,,1.8,,360,,36,,7.2,2.3,1008.2,,1015.3,,0,,1.18,,,,10,3,ScAs,10,3436,,,20.7,,,,,
146,傈林,2026-04-22 13:00,17.3,,,,2,,250,,37,,7.3,2.4,1008,,1015.1,,0,,.92,,,,10,2,ScAs,10,3062,,,19.3,,,,,
146,傈林,2026-04-22 14:00,18.3,,0,,2.7,,270,,38,,8,3.7,1007.2,,1014.3,,0,,1.34,,,,10,10,As,28,2705,,01,23.5,,,,,
146,傈林,2026-04-22 15:00,19.2,,,9,1.4,,250,,33,,7.3,2.5,1005.8,,1012.9,,.3,,1.82,,,,10,10,As,25,4550,,,23.9,,,,,
146,傈林,2026-04-22 16:00,17.4,,0,,3.7,,250,,44,,8.7,5,1005.8,,1012.9,,0,,.73,,,,10,5,ScAs,10,3379,,01,21.3,,,,,
146,傈林,2026-04-22 17:00,17.9,,0,,2.5,,250,,43,,8.8,5.1,1004.7,,1011.8,,.5,,1.25,,,,7,2,ScCi,10,3769,,01,22,,,,,
146,傈林,2026-04-22 18:00,17.1,,,9,2.3,,270,,46,,8.9,5.3,1004.4,,1011.5,,1,,.81,,,,8,0,Ci,,4335,,,19.1,,,,,
146,傈林,2026-04-22 19:00,15.3,,,9,1.2,,290,,51,,8.8,5.2,1004,,1011.2,,.2,,.22,,,,8,0,,,3890,,,15.7,,,,,
146,傈林,2026-04-22 20:00,14.4,,,9,1.6,,270,,59,,9.6,6.4,1004.8,,1012,,0,,.01,,,,9,0,,,3774,,,13.7,,,,,
146,傈林,2026-04-22 21:00,12.9,,,9,2.7,,340,,56,,8.3,4.3,1005.3,,1012.5,,,9,,9,,,9,0,Ci,,2657,,,12.1,,,,,
146,傈林,2026-04-22 22:00,12.4,,,9,.6,,270,,54,,7.7,3.3,1005.4,,1012.7,,,9,,9,,,9,2,,,2708,,,11.2,,,,,
146,傈林,2026-04-22 23:00,12.2,,,9,.4,,0,,51,,7.2,2.3,1005.1,,1012.4,,,9,,9,,,10,2,,,2907,,,10.8,,,,,
146,傈林,2026-04-23 00:00,11,,,9,1.2,,70,,66,,8.6,4.8,1004.6,,1011.9,,,9,,9,,,9,0,Ci,,2563,,,10.3,,,,,
146,傈林,2026-04-23 01:00,11.4,,,,.9,,110,,72,,9.7,6.5,1003.8,,1011.1,,,9,,9,,,9,0,,,3054,,,9.9,,,,,
146,傈林,2026-04-23 02:00,10.7,,,,.6,,360,,72,,9.2,5.8,1003.5,,1010.8,,,9,,9,,,8,1,,74,2802,,,9.4,,,,,
146,傈林,2026-04-23 03:00,10.4,,,,.9,,110,,76,,9.5,6.3,1002.7,,1010,,,9,,9,,,9,0,Ci,,3201,,,9.2,,,,,
146,傈林,2026-04-23 04:00,10,,,,.4,,0,,76,,9.3,5.9,1002.7,,1010,,,9,,9,,,9,0,Ci,,3087,,,9.1,,,,,
146,傈林,2026-04-23 05:00,9.9,,,,1.4,,110,,77,,9.3,6,1002,,1009.3,,,9,,9,,,9,0,Ci,,2983,,,9.1,,,,,
146,傈林,2026-04-23 06:00,9.7,,,,.8,,180,,77,,9.2,5.8,1001.9,,1009.2,,0,,0,,,,9,0,Ci,,2898,,,8.6,,,,,
146,傈林,2026-04-23 07:00,9.9,,,,.7,,250,,76,,9.2,5.8,1002.1,,1009.4,,0,,.15,,,,8,0,Ci,,2618,,,9.5,,,,,
146,傈林,2026-04-23 08:00,12.3,,,,.9,,200,,68,,9.7,6.5,1001.7,,1008.9,,.1,,.64,,,,9,0,Ci,,2346,,,12.8,,,,,
146,傈林,2026-04-23 09:00,15.1,,,,1.6,,290,,51,,8.7,5,1002.2,,1009.4,,.8,,1.48,,,,7,0,Ci,,2264,,,17.3,,,,,
146,傈林,2026-04-23 10:00,17.4,,,,1.4,,320,,44,,8.7,5,1001.4,,1008.5,,1,,2.23,,,,6,0,Ci,,2280,,,22.3,,,,,
146,傈林,2026-04-23 11:00,20.2,,,,2,,290,,37,,8.7,5,1001.1,,1008.1,,1,,2.56,,,,8,0,Ci,,2676,,,26.7,,,,,
146,傈林,2026-04-23 12:00,23.2,,,,2.4,,360,,27,,7.6,3.1,1000.7,,1007.6,,1,,2.93,,,,7,0,Ci,,3174,,,32,,,,,
146,傈林,2026-04-23 13:00,22.9,,,,3.4,,50,,24,,6.7,1.2,1000.3,,1007.2,,1,,2.87,,,,8,0,Ci,,3346,,,32.5,,,,,
146,傈林,2026-04-23 14:00,23.9,,,,4.2,,20,,24,,7.1,2,1000.2,,1007.1,,1,,3.27,,,,3,0,Ci,,3435,,,35,,,,,
146,傈林,2026-04-23 15:00,23.9,,,,4.4,,20,,27,,8,3.7,999.6,,1006.5,,1,,2.63,,,,7,0,Ci,,3845,,,33.4,,,,,
146,傈林,2026-04-23 16:00,23.5,,,,4.6,,20,,29,,8.4,4.4,999.9,,1006.8,,.9,,1.87,,,,7,0,Ci,,3743,,,30.7,,,,,
146,傈林,2026-04-23 17:00,22.5,,,,4.9,,50,,31,,8.4,4.5,1000.6,,1007.5,,.3,,1.15,,,,8,0,Ci,,3677,,,26.3,,,,,
146,傈林,2026-04-23 18:00,21.8,,,,2.9,,50,,30,,7.8,3.4,1001.1,,1008.1,,0,,.54,,,,8,0,Ci,,3567,,,22.6,,,,,
146,傈林,2026-04-23 19:00,20.5,,,,2.6,,50,,31,,7.4,2.7,1001.8,,1008.8,,0,,.16,,,,7,0,,,3997,,,19.4,,,,,
146,傈林,2026-04-23 20:00,19.2,,,,2.1,,50,,33,,7.3,2.5,1002.9,,1009.9,,0,,0,,,,7,3,,63,3897,,,17,,,,,
146,傈林,2026-04-23 21:00,18.9,,,,2.5,,110,,34,,7.4,2.6,1004.1,,1011.2,,,9,,9,,,9,0,Ci,,3844,,,15.9,,,,,
146,傈林,2026-04-23 22:00,18.4,,,,2.9,,110,,35,,7.4,2.6,1004.8,,1011.9,,,9,,9,,,9,6,,44,3703,,,15.4,,,,,
146,傈林,2026-04-23 23:00,17.5,,,,2.4,,110,,38,,7.6,3,1005.4,,1012.5,,,9,,9,,,8,3,,49,3943,,,14.2,,,,,
146,傈林,2026-04-24 00:00,16.3,,,,1.9,,140,,42,,7.7,3.3,1006.1,,1013.3,,,9,,9,,,4,0,,,4049,,,12.9,,,,,
146,傈林,2026-04-24 01:00,15,,,,2.8,,140,,48,,8.1,4,1006.1,,1013.3,,,9,,9,,,5,1,,,3992,,,11.6,,,,,
146,傈林,2026-04-24 02:00,13.5,,,,1.6,,110,,54,,8.3,4.3,1006,,1013.2,,,9,,9,,,2,0,,,3890,,,10.3,,,,,
146,傈林,2026-04-24 03:00,12.3,,,,1.1,,70,,59,,8.4,4.5,1006.2,,1013.5,,,9,,9,,,0,0,,,3654,,,9.4,,,,,
146,傈林,2026-04-24 04:00,11.5,,,,1.6,,90,,61,,8.2,4.2,1006.3,,1013.6,,,9,,9,,,0,0,,,3931,,,8.4,,,,,
146,傈林,2026-04-24 05:00,10.2,,,,.3,,0,,64,,7.9,3.6,1006.7,,1014,,,9,,9,,,0,0,,,3825,,,7.6,,,,,
146,傈林,2026-04-24 06:00,9.7,,,,.5,,110,,65,,7.8,3.4,1007.1,,1014.4,,0,,0,,,,0,0,,,4000,,,7,,,,,
146,傈林,2026-04-24 07:00,11.2,,,,1,,110,,61,,8.1,3.9,1008,,1015.3,,.7,,.27,,,,2,0,Ci,,3732,,,7.9,,,,,
146,傈林,2026-04-24 08:00,12.6,,,,.7,,20,,59,,8.5,4.7,1008.6,,1015.9,,.9,,.8,,,,5,0,Ci,,3829,,,11,,,,,
146,傈林,2026-04-24 09:00,16.4,,,,1.1,,290,,37,,6.9,1.6,1008.7,,1015.9,,1,,1.81,,,,3,0,Ci,,4600,,,18.4,,,,,
146,傈林,2026-04-24 10:00,19.4,,,,.8,,50,,28,,6.2,.3,1008.8,,1015.9,,1,,2.59,,,,3,0,Ci,,4495,,,26.1,,,,,
146,傈林,2026-04-24 11:00,20.7,,,,1.5,,290,,23,,5.6,-1.2,1008.5,,1015.5,,1,,3.44,,,,5,0,Ci,,4545,,,32.5,,,,,
146,傈林,2026-04-24 12:00,22.2,,,,3.1,,360,,22,,5.9,-.5,1008.1,,1015.1,,1,,3.64,,,,3,0,Ci,,4245,,,36.1,,,,,
146,傈林,2026-04-24 13:00,22.9,,,,3.7,,320,,21,,5.8,-.6,1008,,1015,,1,,3.3,,,,3,0,Ci,,4668,,,37,,,,,
146,傈林,2026-04-24 14:00,23.9,,,,2.2,,290,,17,,5,-2.6,1007.4,,1014.4,,1,,3.41,,,,6,0,Ci,,4463,,,36.2,,,,,
146,傈林,2026-04-24 15:00,23.9,,,,3.1,,290,,19,,5.6,-1.1,1006.9,,1013.9,,.7,,2.04,,,,7,0,Ci,,4615,,,32.4,,,,,
146,傈林,2026-04-24 16:00,23.7,,,,2.5,,290,,16,,4.7,-3.6,1006.8,,1013.8,,.5,,1.45,,,,5,0,Ci,,4699,,,29.1,,,,,
146,傈林,2026-04-24 17:00,22.8,,,,4.1,,270,,25,,6.9,1.7,1007.3,,1014.3,,.7,,1.35,,,,3,0,Ci,,3426,,,28.4,,,,,
146,傈林,2026-04-24 18:00,21,,,,3.4,,230,,29,,7.2,2.2,1007.9,,1014.9,,1,,1.13,,,,3,0,Ci,,4088,,,24.1,,,,,
146,傈林,2026-04-24 19:00,17.7,,,,4,,250,,46,,9.3,5.9,1008.8,,1015.9,,.6,,.31,,,,5,0,,,2997,,,19.3,,,,,
146,傈林,2026-04-24 20:00,15.9,,,,1,,270,,48,,8.6,4.8,1009.8,,1017,,0,,.01,,,,5,1,,67,3203,,,16,,,,,
146,傈林,2026-04-24 21:00,15.5,,,,2.7,,250,,47,,8.2,4.2,1010.9,,1018.1,,,9,,9,,,0,0,,,3070,,,14.3,,,,,
146,傈林,2026-04-24 22:00,14.2,,,,.4,,0,,49,,7.9,3.6,1011.6,,1018.9,,,9,,9,,,0,0,,,3085,,,12.8,,,,,
146,傈林,2026-04-24 23:00,13.4,,,,1.4,,70,,55,,8.4,4.5,1011.6,,1018.9,,,9,,9,,,0,0,,,3164,,,11.4,,,,,
146,傈林,2026-04-25 00:00,12.5,,,,1.4,,90,,64,,9.2,5.8,1012.1,,1019.4,,,9,,9,,,0,0,,,2920,,,10.3,,,,,
146,傈林,2026-04-25 01:00,11.7,,,,1.8,,140,,66,,9,5.5,1012.4,,1019.7,,,9,,9,,,0,0,,,3143,,,9.5,,,,,
146,傈林,2026-04-25 02:00,10.9,,,,1.5,,110,,69,,9,5.4,1012.4,,1019.7,,,9,,9,,,0,0,,,3187,,,8.8,,,,,
146,傈林,2026-04-25 03:00,10.2,,,,1.6,,110,,71,,8.8,5.1,1013,,1020.4,,,9,,9,,,0,0,,,3283,,,8.2,,,,,
146,傈林,2026-04-25 04:00,9.3,,,,2.1,,140,,73,,8.5,4.6,1013,,1020.4,,,9,,9,,,0,0,,,2738,,,7.6,,,,,
146,傈林,2026-04-25 05:00,8.8,,,,2,,110,,75,,8.5,4.6,1012.9,,1020.3,,,9,,9,,,0,0,,,2867,,,7.2,,,,,
146,傈林,2026-04-25 06:00,8.2,,,,1.2,,140,,75,,8.1,4,1012.5,,1019.9,,0,,0,,,,0,0,,,2611,,,6.8,,,,,
146,傈林,2026-04-25 07:00,10.2,,,,.4,,0,,71,,8.8,5.1,1012.5,,1019.9,,.9,,.31,,,,0,0,,,2956,,,8,,,,,
146,傈林,2026-04-25 08:00,13.5,,,,.5,,250,,60,,9.2,5.8,1012.7,,1020,,1,,1.03,,,,0,0,,,2846,,,12.4,,,,,
146,傈林,2026-04-25 09:00,16.5,,,,1.3,,250,,47,,8.8,5.1,1012.8,,1020,,1,,1.81,,,,0,0,,,3057,,,18.9,,,,,
146,傈林,2026-04-25 10:00,20.3,,,,.8,,250,,37,,8.8,5.1,1012.8,,1019.9,,1,,2.51,,,,0,0,,,3069,,,26,,,,,
146,傈林,2026-04-25 11:00,22.3,,,,2.5,,320,,33,,8.8,5.2,1012.6,,1019.6,,1,,3.05,,,,0,0,,,3175,,,31.7,,,,,
146,傈林,2026-04-25 12:00,24.5,,,,2.9,,290,,27,,8.2,4.2,1011.7,,1018.7,,1,,3.4,,,,0,0,,,3488,,,36.2,,,,,
146,傈林,2026-04-25 13:00,25.5,,,,2.2,,290,,23,,7.5,2.8,1010.6,,1017.5,,1,,3.5,,,,0,0,,,3768,,,38.9,,,,,
146,傈林,2026-04-25 14:00,27.1,,,,1.8,,270,,21,,7.5,2.8,1009.7,,1016.6,,1,,3.37,,,,0,0,,,4254,,,40.6,,,,,
146,傈林,2026-04-25 15:00,27.3,,,,1.6,,230,,19,,6.9,1.6,1008.7,,1015.6,,1,,3,,,,0,0,,,3832,,,40.1,,,,,
146,傈林,2026-04-25 16:00,27.5,,,,3.1,,290,,19,,6.9,1.7,1007.9,,1014.8,,1,,2.43,,,,0,0,,,3917,,,37.1,,,,,
146,傈林,2026-04-25 17:00,25.8,,,,3.8,,290,,25,,8.2,4.2,1007.9,,1014.8,,1,,1.74,,,,0,0,,,3958,,,32.1,,,,,
146,傈林,2026-04-25 18:00,24.2,,,,3.3,,250,,24,,7.2,2.3,1008,,1015,,1,,.98,,,,0,0,,,4584,,,26.3,,,,,
146,傈林,2026-04-25 19:00,21.6,,,,3.3,,230,,25,,6.4,.7,1008.3,,1015.3,,.6,,.28,,,,0,0,,,3927,,,21.4,,,,,
146,傈林,2026-04-25 20:00,18.8,,,,4,,230,,31,,6.7,1.2,1009.1,,1016.2,,0,,.01,,,,0,0,,,3739,,,18.2,,,,,
146,傈林,2026-04-25 21:00,16.7,,,,2.8,,230,,44,,8.3,4.3,1009.9,,1017.1,,,9,,9,,,0,0,,,3009,,,16.2,,,,,
146,傈林,2026-04-25 22:00,14.7,,,,1.8,,340,,55,,9.2,5.7,1009.8,,1017,,,9,,9,,,0,0,,,2278,,,14.4,,,,,
146,傈林,2026-04-25 23:00,13.5,,,,1.1,,20,,57,,8.8,5.1,1009.5,,1016.8,,,9,,9,,,0,0,,,2708,,,12.8,,,,,
146,傈林,2026-04-26 00:00,13.2,,,,1.2,,50,,65,,9.8,6.7,1009.3,,1016.6,,,9,,9,,,0,0,,,1848,,,11.9,,,,,
146,傈林,2026-04-26 01:00,12.7,,,,1,,110,,63,,9.2,5.8,1008.8,,1016.1,,,9,,9,,,0,0,,,2845,,,10.9,,,,,
146,傈林,2026-04-26 02:00,12,,,,1.4,,140,,60,,8.4,4.4,1008.6,,1015.9,,,9,,9,,,0,0,,,3782,,,10.2,,,,,
146,傈林,2026-04-26 03:00,11.3,,,,.4,,0,,65,,8.7,4.9,1008.5,,1015.8,,,9,,9,,,0,0,,,3615,,,9.5,,,,,
146,傈林,2026-04-26 04:00,10.6,,,,1.8,,140,,68,,8.7,4.9,1007.9,,1015.2,,,9,,9,,,0,0,,,3789,,,8.9,,,,,
146,傈林,2026-04-26 05:00,9.9,,,,1.2,,140,,69,,8.4,4.4,1007.5,,1014.8,,,9,,9,,,0,0,,,3755,,,8.2,,,,,
146,傈林,2026-04-26 06:00,9.6,,,,1.9,,140,,70,,8.3,4.3,1007.5,,1014.8,,0,,0,,,,0,0,,,3889,,,7.9,,,,,
146,傈林,2026-04-26 07:00,11.4,,,,1.7,,110,,63,,8.4,4.5,1007.5,,1014.8,,.7,,.29,,,,0,0,,,3634,,,9.3,,,,,
146,傈林,2026-04-26 08:00,14.7,,,,1.6,,140,,54,,9,5.4,1007.4,,1014.6,,1,,1,,,,0,0,,,3682,,,13.7,,,,,
146,傈林,2026-04-26 09:00,17.5,,,,1.4,,340,,49,,9.7,6.6,1007.5,,1014.6,,1,,1.77,,,,0,0,,,3093,,,20.1,,,,,
146,傈林,2026-04-26 10:00,19.5,,,,2.2,,320,,39,,8.8,5.1,1007.2,,1014.3,,1,,2.46,,,,0,0,,,3168,,,26.5,,,,,
146,傈林,2026-04-26 11:00,22,,,,2.3,,340,,33,,8.7,4.9,1006.9,,1013.9,,1,,3.02,,,,0,0,,,3738,,,32.6,,,,,
146,傈林,2026-04-26 12:00,23.1,,,,2.4,,320,,35,,9.8,6.7,1006.2,,1013.2,,1,,3.34,,,,0,0,,,4126,,,36.9,,,,,
146,傈林,2026-04-26 13:00,24.2,,,,3.6,,290,,34,,10.2,7.3,1005.3,,1012.2,,1,,3.46,,,,1,0,Ci,,3646,,,39,,,,,
146,傈林,2026-04-26 14:00,24.6,,,,3.2,,250,,33,,10.2,7.2,1004.8,,1011.7,,1,,3.33,,,,0,0,,,4221,,,39.7,,,,,
146,傈林,2026-04-26 15:00,24.4,,,,3.2,,290,,36,,10.9,8.3,1004.2,,1011.1,,1,,2.93,,,,0,0,,,2807,,,38.1,,,,,
146,傈林,2026-04-26 16:00,24.9,,,,3.4,,250,,34,,10.6,7.9,1003.3,,1010.2,,1,,2.48,,,,0,0,,,3952,,,36.2,,,,,
146,傈林,2026-04-26 17:00,22.9,,,,4.9,,270,,35,,9.7,6.6,1003.1,,1010.1,,1,,1.79,,,,0,0,,,2198,,,31.4,,,,,
146,傈林,2026-04-26 18:00,21.1,,,,3.4,,270,,31,,7.7,3.2,1003.3,,1010.3,,1,,1.03,,,,0,0,,,3965,,,25.4,,,,,
146,傈林,2026-04-26 19:00,18.3,,,,3.7,,230,,35,,7.3,2.5,1003.7,,1010.8,,.7,,.3,,,,0,0,,,4017,,,20.3,,,,,
146,傈林,2026-04-26 20:00,15.7,,,,4.5,,250,,43,,7.6,3.1,1004.6,,1011.8,,0,,0,,,,0,0,,,3716,,,17.1,,,,,
146,傈林,2026-04-26 21:00,14.4,,,,1.1,,290,,44,,7.2,2.2,1005.2,,1012.4,,,9,,9,,,3,0,Ci,,3860,,,15.1,,,,,
146,傈林,2026-04-26 22:00,14.4,,,,2.6,,250,,42,,6.9,1.6,1005.7,,1012.9,,,9,,9,,,5,1,,,4158,,,13.9,,,,,
146,傈林,2026-04-26 23:00,14.1,,,,2,,230,,41,,6.6,1,1005.8,,1013,,,9,,9,,,6,0,,,4307,,,13.2,,,,,
146,傈林,2026-04-27 00:00,13.5,,,,.7,,250,,46,,7.1,2,1006.2,,1013.4,,,9,,9,,,8,0,Ci,,3847,,,12.8,,,,,
146,傈林,2026-04-27 01:00,13.2,,,,1.1,,270,,49,,7.4,2.7,1006.4,,1013.6,,,9,,9,,,5,2,,67,3434,,,11.8,,,,,
146,傈林,2026-04-27 02:00,12.1,,,,1.3,,140,,61,,8.5,4.7,1006,,1013.3,,,9,,9,,,5,1,,73,3288,,,10.9,,,,,
146,傈林,2026-04-27 03:00,11.3,,,,1.8,,110,,65,,8.7,4.9,1005.6,,1012.9,,,9,,9,,,0,0,,,3389,,,10.1,,,,,
146,傈林,2026-04-27 04:00,10.7,,,,.5,,160,,68,,8.7,5,1005.5,,1012.8,,,9,,9,,,0,0,,,3244,,,9.2,,,,,
146,傈林,2026-04-27 05:00,10.2,,,,.9,,140,,70,,8.7,4.9,1005.1,,1012.4,,,9,,9,,,0,0,,,3405,,,8.6,,,,,
146,傈林,2026-04-27 06:00,9.6,,,,1.9,,140,,71,,8.4,4.5,1005.3,,1012.6,,0,,0,,,,1,0,Ci,,3233,,,8.3,,,,,
146,傈林,2026-04-27 07:00,11.4,,,,.7,,140,,66,,8.8,5.2,1005.7,,1013,,.8,,.3,,,,0,0,,,3164,,,9.8,,,,,
146,傈林,2026-04-27 08:00,14.5,,,,.4,,0,,57,,9.3,6,1006.1,,1013.3,,1,,.96,,,,3,3,Ac,35,3159,,,14.2,,,,,
146,傈林,2026-04-27 09:00,17,,,,1.4,,140,,45,,8.7,4.9,1005.5,,1012.6,,.9,,1.61,,,,4,3,AcCi,35,3219,,,20.4,,,,,
146,傈林,2026-04-27 10:00,19.8,,,,1,,230,,33,,7.6,3,1005.5,,1012.6,,.8,,2.26,,,,6,5,ScAc,10,3378,,,23.3,,,,,
146,傈林,2026-04-27 11:00,24.2,,,,2.2,,290,,25,,7.5,2.9,1005.5,,1012.4,,.8,,2.73,,,,2,2,Ac,35,3378,,,23.3,,,,,
146,傈林,2026-04-27 12:00,23.8,,,,5.3,,270,,31,,9.1,5.6,1005.5,,1012.4,,1,,3.35,,,,6,0,Ci,,3378,,,23.3,,,,,
146,傈林,2026-04-27 13:00,22.7,,,,3.5,,290,,35,,9.6,6.4,1004.8,,1011.8,,1,,2.98,,,,7,0,Ci,,3378,,,23.3,,,,,
146,傈林,2026-04-27 14:00,22.7,,,,4.6,,270,,29,,8,3.7,1004.8,,1011.8,,.8,,2.34,,,,6,0,Ci,,3378,,,23.3,,,,,
146,傈林,2026-04-27 15:00,21.9,,,,3,,290,,26,,6.8,1.5,1004.2,,1011.2,,.1,,.53,,,,8,0,Ci,,3104,,,32.6,,,,,
146,傈林,2026-04-27 16:00,20.1,,,,2.5,,230,,26,,6.1,0,1003.9,,1010.9,,.1,,1.02,,,,9,3,ScCi,10,3120,,,25.7,,,,,
146,傈林,2026-04-27 17:00,20.2,,,,2.9,,290,,29,,6.9,1.6,1003.6,,1010.6,,.1,,.56,,,,8,5,AcCi,35,3140,,,24.7,,,,,
146,傈林,2026-04-27 18:00,18.6,,,,3.3,,270,,29,,6.2,.1,1004.3,,1011.4,,0,,.37,,,,10,10,As,40,4372,,,21.2,,,,,
146,傈林,2026-04-27 19:00,17.6,,,,2,,230,,29,,5.8,-.6,1004.3,,1011.4,,0,,.07,,,,9,9,,35,4432,,,18.9,,,,,
146,傈林,2026-04-27 20:00,16.5,,,,1.7,,250,,35,,6.5,.9,1004.4,,1011.5,,0,,0,,,,7,7,,35,4536,,,16.3,,,,,
146,傈林,2026-04-27 21:00,15.6,,,,.8,,200,,34,,6,-.2,1004.8,,1012,,,9,,9,,,6,0,Ci,,4563,,,14.5,,,,,
146,傈林,2026-04-27 22:00,15.2,,,,1,,110,,39,,6.7,1.3,1005.5,,1012.7,,,9,,9,,,8,6,,33,3851,,,13.7,,,,,
146,傈林,2026-04-27 23:00,14.9,,,,2.2,,140,,44,,7.4,2.7,1005.1,,1012.3,,,9,,9,,,9,6,,18,4347,,,14.6,,,,,
146,傈林,2026-04-28 00:00,14.4,,,,.3,,0,,45,,7.4,2.6,1004.6,,1011.8,,,9,,9,,,8,3,ScCi,15,4263,,,13.8,,,,,
146,傈林,2026-04-28 01:00,14.5,,,,.7,,230,,47,,7.7,3.3,1004.7,,1011.9,,,9,,9,,,7,5,,19,3998,,,13.9,,,,,
146,傈林,2026-04-28 02:00,15.7,,,,3.9,,250,,39,,6.9,1.7,1004.6,,1011.8,,,9,,9,,,8,5,,19,3622,,,14.1,,,,,
146,傈林,2026-04-28 03:00,15.3,,,,3.1,,250,,47,,8.1,4,1004.5,,1011.7,,,9,,9,,,9,6,ScCi,10,3326,,,14.7,,,,,
146,傈林,2026-04-28 04:00,13.4,,,,2.8,,270,,82,,12.5,10.3,1005,,1012.2,,,9,,9,,,10,6,ScAs,5,445,,19,14.7,,,,,
146,傈林,2026-04-28 05:00,12.3,,,,2.9,,270,,82,,11.7,9.3,1005.4,,1012.7,,,9,,9,,,10,6,ScAs,5,347,,19,14.1,,,,,
146,傈林,2026-04-28 06:00,11.4,,,,3.5,,270,,81,,10.9,8.2,1005.9,,1013.2,,0,,0,,,,9,6,ScCi,5,812,,19,13.1,,,,,
146,傈林,2026-04-28 07:00,11.3,,,,2.6,,270,,78,,10.4,7.5,1006.6,,1013.9,,0,,.14,,,,8,5,ScCi,5,1767,,19,13.3,,,,,
146,傈林,2026-04-28 08:00,12.2,,,,2.8,,250,,74,,10.4,7.6,1007,,1014.3,,.1,,.59,,,,7,5,ScCi,6,2184,,,15.4,,,,,
146,傈林,2026-04-28 09:00,13.4,,,,3.4,,270,,69,,10.6,7.8,1007.5,,1014.7,,.6,,1.31,,,,8,7,ScCi,7,2758,,,19.2,,,,,
146,傈林,2026-04-28 10:00,14.4,,,,3.8,,270,,56,,9.2,5.7,1007.8,,1015,,.8,,2.06,,,,7,3,ScCi,10,4021,,,23.6,,,,,
146,傈林,2026-04-28 11:00,14.8,,,,4.4,,270,,51,,8.5,4.7,1008.2,,1015.4,,.9,,2.45,,,,7,2,ScCs,13,4427,,,27.1,,,,,
146,傈林,2026-04-28 12:00,16.2,,,,4.2,,290,,47,,8.6,4.8,1008.1,,1015.3,,.9,,3.08,,,,6,1,ScCs,13,4410,,,31.7,,,,,
146,傈林,2026-04-28 13:00,16.6,,,,4.1,,270,,46,,8.7,4.9,1007.9,,1015.1,,1,,3.28,,,,5,0,Cs,,4895,,,34.3,,,,,
146,傈林,2026-04-28 14:00,16.6,,,,4.2,,270,,49,,9.2,5.8,1008.1,,1015.3,,1,,3.09,,,,6,1,ScCs,15,3268,,,33.3,,,,,
146,傈林,2026-04-28 15:00,15.4,,,,5.1,,270,,49,,8.5,4.7,1008.1,,1015.3,,1,,2.34,,,,9,1,ScCs,14,4617,,,29.4,,,,,
146,傈林,2026-04-28 16:00,16,,,,4.4,,250,,47,,8.5,4.6,1007.8,,1015,,1,,2,,,,9,1,ScCsCc,15,4372,,,28.4,,,,,
146,傈林,2026-04-28 17:00,14.7,,,,5.5,,270,,48,,8,3.7,1008.3,,1015.5,,.6,,1.23,,,,9,1,ScAcCi,15,4015,,,23.6,,,,,
146,傈林,2026-04-28 18:00,13.7,,,,6,,270,,49,,7.6,3.1,1008.9,,1016.1,,0,,.54,,,,8,8,Ac,40,3578,,,19.1,,,,,
146,傈林,2026-04-28 19:00,12.7,,,,5,,270,,53,,7.7,3.3,1009.7,,1017,,.1,,.24,,,,9,0,,,3208,,,15.7,,,,,
146,傈林,2026-04-28 20:00,11.9,,,,4.5,,270,,57,,7.9,3.6,1010.8,,1018.1,,0,,0,,,,10,6,,57,2685,,,13.9,,,,,
146,傈林,2026-04-28 21:00,11.1,,,,3.2,,230,,65,,8.5,4.7,1011.5,,1018.8,,,9,,9,,,6,6,Ac,40,2183,,,12.4,,,,,
146,傈林,2026-04-28 22:00,10.9,,,,2.6,,250,,67,,8.7,5,1011.8,,1019.1,,,9,,9,,,10,8,,62,2181,,,12.2,,,,,
146,傈林,2026-04-28 23:00,10.8,,,,2.7,,250,,70,,9,5.5,1012,,1019.3,,,9,,9,,,10,6,,59,1972,,,12.1,,,,,
146,傈林,2026-04-29 00:00,10.6,,,,2,,230,,73,,9.3,5.9,1011.7,,1019.1,,,9,,9,,,10,10,As,,1924,,,11.8,,,,,
146,傈林,2026-04-29 01:00,10.5,,,,1.9,,230,,74,,9.3,6,1011.8,,1019.2,,,9,,9,,,10,8,,56,1982,,,11.6,,,,,
146,傈林,2026-04-29 02:00,10.4,,,,2.1,,230,,74,,9.3,5.9,1011.6,,1019,,,9,,9,,,10,10,,58,2029,,,11.3,,,,,
146,傈林,2026-04-29 03:00,10,,,,1.8,,250,,75,,9.2,5.7,1011.2,,1018.6,,,9,,9,,,7,5,AcCi,35,1951,,,10.6,,,,,
146,傈林,2026-04-29 04:00,10,,,,1,,200,,75,,9.2,5.7,1011.3,,1018.7,,,9,,9,,,7,3,AcCi,35,1915,,,10.4,,,,,
146,傈林,2026-04-29 05:00,9,,,,.6,,90,,77,,8.8,5.1,1011.5,,1018.9,,,9,,9,,,7,0,Ci,,1997,,,9,,,,,
146,傈林,2026-04-29 06:00,8.9,,,,1.6,,140,,77,,8.7,5,1012,,1019.4,,0,,0,,,,7,0,Ci,,2114,,,8.7,,,,,
146,傈林,2026-04-29 07:00,9.7,,,,1.2,,110,,76,,9.1,5.6,1012.3,,1019.7,,0,,.24,,,,7,0,Ci,,2052,,,10.2,,,,,
146,傈林,2026-04-29 08:00,11.7,,,,1,,200,,70,,9.6,6.4,1012.8,,1020.1,,1,,.87,,,,7,0,Ci,,1966,,,13.6,,,,,
146,傈林,2026-04-29 09:00,14.4,,,,1.3,,250,,58,,9.5,6.2,1012.7,,1020,,1,,1.71,,,,8,0,Ci,,2219,,,20,,,,,
146,傈林,2026-04-29 10:00,15.5,,,,2.1,,340,,50,,8.8,5.1,1012.7,,1019.9,,0,,1.6,,,,8,8,Ac,40,3214,,,23.5,,,,,
146,傈林,2026-04-29 11:00,16.4,,,,2.6,,320,,50,,9.3,5.9,1012.6,,1019.8,,0,,1.9,,,,7,7,Ac,40,2836,,,26.6,,,,,
146,傈林,2026-04-29 12:00,17.9,,,,1.7,,270,,44,,9,5.4,1012.1,,1019.3,,.4,,2.32,,,,9,2,ScAc,15,2280,,,33,,,,,
146,傈林,2026-04-29 13:00,18.7,,,,3.1,,290,,41,,8.8,5.1,1011.3,,1018.4,,.9,,2.47,,,,9,2,ScCi,15,4193,,,32.4,,,,,
146,傈林,2026-04-29 14:00,18.5,,,,3,,320,,41,,8.7,4.9,1010.9,,1018,,0,,1.86,,,,10,3,ScAs,14,3930,,,29.3,,,,,
146,傈林,2026-04-29 15:00,18.7,,,,2.7,,320,,42,,9,5.5,1010.2,,1017.3,,.1,,1.78,,,,10,3,ScAs,14,3943,,,28.7,,,,,
146,傈林,2026-04-29 16:00,18.3,,,,2.8,,290,,45,,9.4,6.1,1009.8,,1016.9,,0,,1.18,,,,10,3,ScAs,14,3584,,,25.8,,,,,
146,傈林,2026-04-29 17:00,16.8,,,,4.3,,270,,48,,9.2,5.7,1009.9,,1017.1,,0,,.84,,,,10,10,As,38,3004,,,22.5,,,,,
146,傈林,2026-04-29 18:00,15.9,,,,2.9,,270,,51,,9.2,5.7,1010.1,,1017.3,,0,,.57,,,,10,10,As,38,3425,,,19.7,,,,,
146,傈林,2026-04-29 19:00,14.7,,,,1.8,,270,,52,,8.7,4.9,1010.4,,1017.6,,0,,.19,,,,9,0,,,3588,,,16.7,,,,,
146,傈林,2026-04-29 20:00,14,,,,2.5,,250,,53,,8.4,4.5,1010.7,,1017.9,,0,,0,,,,10,4,,58,3083,,,14.9,,,,,
146,傈林,2026-04-29 21:00,13.1,,,,2.7,,230,,65,,9.7,6.6,1011.5,,1018.8,,,9,,9,,,9,7,AcCi,40,2679,,,13.9,,,,,
146,傈林,2026-04-29 22:00,12.6,,,,1.8,,250,,67,,9.7,6.6,1011.7,,1019,,,9,,9,,,9,5,,59,2590,,,13,,,,,
146,傈林,2026-04-29 23:00,12.4,,,,1.7,,250,,66,,9.5,6.2,1011.9,,1019.2,,,9,,9,,,10,5,,62,2823,,,12.6,,,,,
146,傈林,2026-04-30 00:00,12,,,,.3,,0,,66,,9.2,5.8,1011.6,,1018.9,,,9,,9,,,9,0,,,2688,,,12.3,,,,,
146,傈林,2026-04-30 01:00,11.5,,,,.8,,70,,71,,9.6,6.4,1011.5,,1018.8,,,9,,9,,,10,7,,59,2776,,,11.9,,,,,
146,傈林,2026-04-30 02:00,11.1,,,,1.3,,50,,73,,9.6,6.4,1011.1,,1018.4,,,9,,9,,,10,4,,52,2280,,,11.8,,,,,
146,傈林,2026-04-30 03:00,10.5,,,,1.4,,50,,74,,9.3,6,1010.7,,1018,,,9,,9,,,9,0,Ci,,2440,,,11.3,,,,,
146,傈林,2026-04-30 04:00,11,,,,1.3,,110,,73,,9.5,6.3,1010.4,,1017.7,,,9,,9,,,7,0,Ci,,2656,,,10.3,,,,,
146,傈林,2026-04-30 05:00,10.5,,,,1.4,,110,,75,,9.5,6.2,1010.1,,1017.4,,,9,,9,,,4,0,Ci,,2426,,,9,,,,,
146,傈林,2026-04-30 06:00,10,,,,1.3,,110,,76,,9.3,5.9,1010.1,,1017.5,,0,,0,,,,4,4,Ac,45,2457,,,9.2,,,,,
146,傈林,2026-04-30 07:00,11.4,,,,.6,,110,,73,,9.8,6.7,1010.2,,1017.5,,.2,,.25,,,,3,3,Ac,45,2397,,,11.2,,,,,
146,傈林,2026-04-30 08:00,13.7,,,,.9,,230,,65,,10.2,7.2,1010.1,,1017.4,,.8,,.96,,,,2,2,Ac,40,2096,,,14.4,,,,,
146,傈林,2026-04-30 09:00,16.1,,,,1.5,,270,,56,,10.2,7.3,1009.6,,1016.8,,1,,1.82,,,,8,8,Ac,40,2361,,,22,,,,,
146,傈林,2026-04-30 10:00,17.5,,,,2,,320,,55,,10.9,8.3,1009,,1016.1,,.8,,1.95,,,,7,7,Ac,40,1494,,,25.8,,,,,
146,傈林,2026-04-30 11:00,19,,,,2.6,,270,,45,,9.8,6.7,1008.4,,1015.5,,1,,2.82,,,,4,4,Ac,40,2360,,,33.1,,,,,
146,傈林,2026-04-30 12:00,19.6,,,,2.2,,20,,43,,9.7,6.6,1007.9,,1015,,.6,,2.56,,,,9,2,ScAc,15,2022,,,31,,,,,
146,傈林,2026-04-30 13:00,20.7,,,,1.6,,250,,37,,9,5.4,1007,,1014,,0,,1.99,,,,9,9,Sc,16,2388,,,33.4,,,,,
146,傈林,2026-04-30 14:00,20,,,,2.7,,290,,40,,9.3,5.9,1006.2,,1013.3,,.1,,1.57,,,,10,7,ScAs,15,2497,,,27.8,,,,,
146,傈林,2026-04-30 15:00,20,,,,3.6,,320,,42,,9.7,6.6,1005.4,,1012.4,,0,,1.57,,,,9,5,ScAc,15,2136,,,30,,,,,
146,傈林,2026-04-30 16:00,19.1,,,,3.2,,290,,39,,8.6,4.8,1004.9,,1012,,0,,1.24,,,,10,6,ScAs,13,2266,,,26.4,,,,,
146,傈林,2026-04-30 17:00,17.9,,,,3.3,,290,,37,,7.5,2.9,1004.6,,1011.7,,0,,.92,,,,10,7,ScAs,15,2914,,,23.3,,,,,
146,傈林,2026-04-30 18:00,17,,,,2.5,,270,,38,,7.3,2.5,1004.7,,1011.8,,0,,.47,,,,10,7,ScAs,13,3398,,,20.8,,,,,
146,傈林,2026-04-30 19:00,16,,,,3.2,,250,,41,,7.4,2.7,1004.4,,1011.5,,0,,.12,,,,10,10,,24,3114,,,17.8,,,,,
146,傈林,2026-04-30 20:00,15,,,,2.6,,250,,51,,8.7,4.9,1004.9,,1012.1,,0,,0,,,,10,10,,24,2892,,,16.5,,,,,
146,傈林,2026-04-30 21:00,14.2,,,,2,,250,,52,,8.4,4.4,1005.3,,1012.5,,,9,,9,,,10,7,ScAs,15,3307,,,15.5,,,,,
146,傈林,2026-04-30 22:00,13.9,,,,2.9,,250,,53,,8.4,4.4,1005.4,,1012.6,,,9,,9,,,10,8,,21,3653,,,14.8,,,,,
146,傈林,2026-04-30 23:00,13.7,,,,3.6,,270,,54,,8.4,4.5,1005,,1012.2,,,9,,9,,,10,10,,22,3641,,,14.3,,,,,
146,傈林,2026-05-01 00:00,13.3,,0,,2.2,,270,,55,,8.4,4.4,1005.1,,1012.3,,,9,,9,,,10,10,,,3595,,01,14,,,,,
146,傈林,2026-05-01 01:00,13,,0,,.9,,320,,61,,9.1,5.6,1005.1,,1012.3,,,9,,9,,,10,7,,19,2679,,01,13.6,,,,,
146,傈林,2026-05-01 02:00,12.7,,0,,3.1,,250,,69,,10.1,7.1,1004.5,,1011.7,,,9,,9,,,10,10,,21,2302,,01,13.3,,,,,
146,傈林,2026-05-01 03:00,12.4,,,9,2.5,,250,,73,,10.4,7.6,1004.2,,1011.4,,,9,,9,,,8,8,,23,1978,,,12.9,,,,,
146,傈林,2026-05-01 04:00,11.7,,,9,2.6,,250,,76,,10.4,7.6,1004,,1011.3,,,9,,9,,,0,0,,,1516,,,11.2,,,,,
146,傈林,2026-05-01 05:00,10.9,,,9,1.7,,230,,82,,10.6,7.9,1003.6,,1010.9,,,9,,9,,,0,0,,,1036,,,10,,,,,
146,傈林,2026-05-01 06:00,11.2,,,9,2.4,,250,,83,,11,8.4,1003.7,,1011,,0,,0,,,,2,2,,4,748,,19,11.5,,,,,
146,傈林,2026-05-01 07:00,11.6,,,9,1.8,,250,,83,,11.3,8.8,1003.8,,1011.1,,0,,.1,,,,3,3,,5,648,,19,12.4,,,,,
146,傈林,2026-05-01 08:00,12,,,9,2.8,,250,,80,,11.2,8.6,1004.2,,1011.5,,0,,.34,,,,8,2,,33,657,,19,14,,,,,
146,傈林,2026-05-01 09:00,14,,,9,3.1,,250,,73,,11.6,9.2,1003.9,,1011.1,,.3,,1.09,,,,4,3,,4,747,,19,18.9,,,,,
146,傈林,2026-05-01 10:00,16.8,,,9,2.1,,250,,59,,11.2,8.7,1003.3,,1010.4,,.8,,2.17,,,,1,1,,7,1086,,,26.3,,,,,
146,傈林,2026-05-01 11:00,17.9,,,9,5.8,,290,,39,,8,3.7,1003.3,,1010.4,,1,,2.95,,,,0,0,,,2370,,,31.1,,,,,
146,傈林,2026-05-01 12:00,19,,,9,5.5,,270,,32,,7,1.9,1003.2,,1010.3,,1,,3.33,,,,1,0,,,3571,,,34.3,,,,,
146,傈林,2026-05-01 13:00,19.4,,,9,6.9,,270,,35,,7.8,3.5,1002.9,,1009.9,,1,,3.45,,,,1,0,,,2564,,,36,,,,,
146,傈林,2026-05-01 14:00,19.9,,,9,5.5,,270,,29,,6.7,1.3,1003,,1010,,1,,3.35,,,,0,0,,,3132,,,36.5,,,,,
146,傈林,2026-05-01 15:00,20.8,,,9,6.2,,290,,36,,8.8,5.1,1002.9,,1009.9,,1,,3.03,,,,0,0,,,2911,,,36.3,,,,,
146,傈林,2026-05-01 16:00,20.1,,,9,5.2,,270,,28,,6.6,1,1003.2,,1010.2,,1,,2.53,,,,0,0,,,3608,,,33.5,,,,,
146,傈林,2026-05-01 17:00,19.5,,,9,4.3,,270,,34,,7.7,3.2,1003.6,,1010.6,,1,,1.83,,,,0,0,,,2319,,,29.2,,,,,
146,傈林,2026-05-01 18:00,18.5,,,9,3.6,,270,,36,,7.6,3.1,1004.1,,1011.2,,1,,1.07,,,,0,0,,,3000,,,23.6,,,,,
146,傈林,2026-05-01 19:00,16.7,,,9,3.6,,250,,42,,8,3.7,1004.8,,1011.9,,.7,,.34,,,,0,0,,,2464,,,17.9,,,,,
146,傈林,2026-05-01 20:00,15.1,,,9,2.6,,250,,51,,8.7,5,1005.9,,1013.1,,0,,.01,,,,5,0,,,1889,,,15.2,,,,,
146,傈林,2026-05-01 21:00,14.1,,,9,.8,,320,,55,,8.8,5.1,1006.6,,1013.8,,,9,,9,,,4,0,,,1739,,,13.6,,,,,
146,傈林,2026-05-01 22:00,13.7,,,9,1.3,,140,,54,,8.4,4.5,1006.8,,1014,,,9,,9,,,6,0,,,2349,,,12.5,,,,,
146,傈林,2026-05-01 23:00,13.1,,,9,1.2,,180,,55,,8.2,4.2,1007,,1014.2,,,9,,9,,,4,0,,,2651,,,11.6,,,,,
146,傈林,2026-05-02 00:00,12.2,,,9,1.8,,140,,56,,7.9,3.6,1007,,1014.3,,,9,,9,,,6,0,,,2925,,,10.8,,,,,
146,傈林,2026-05-02 01:00,11.6,,,,2.2,,140,,60,,8.1,4,1006.8,,1014.1,,,9,,9,,,6,0,,,2889,,,10.3,,,,,
146,傈林,2026-05-02 02:00,11.3,,,,1.8,,140,,60,,8,3.8,1006.3,,1013.6,,,9,,9,,,6,0,,,2846,,,9.8,,,,,
146,傈林,2026-05-02 03:00,11.7,,,,1.8,,140,,58,,7.9,3.6,1006.1,,1013.4,,,9,,9,,,6,5,,63,2625,,,10,,,,,
146,傈林,2026-05-02 04:00,11.1,,,,2.6,,140,,62,,8.1,4,1005.8,,1013.1,,,9,,9,,,0,0,,,2627,,,9.2,,,,,
146,傈林,2026-05-02 05:00,10.5,,,,1.9,,160,,65,,8.2,4.1,1005.8,,1013.1,,,9,,9,,,5,0,,,2587,,,8.7,,,,,
146,傈林,2026-05-02 06:00,11.2,,,,2.4,,160,,62,,8.2,4.1,1005.9,,1013.2,,0,,0,,,,9,3,,,2457,,,9.5,,,,,
146,傈林,2026-05-02 07:00,12.5,,,,1,,140,,63,,9.1,5.6,1006.5,,1013.8,,0,,.23,,,,10,0,,,2291,,,12.7,,,,,
146,傈林,2026-05-02 08:00,14.6,,,,1.2,,140,,52,,8.6,4.8,1006.2,,1013.4,,0,,.53,,,,9,0,,,2172,,,16.2,,,,,
146,傈林,2026-05-02 09:00,17.1,,,,.7,,180,,48,,9.3,5.9,1006.2,,1013.3,,.1,,.9,,,,9,0,,,2426,,,21,,,,,
146,傈林,2026-05-02 10:00,20.2,,,,2.3,,230,,45,,10.6,7.8,1006.6,,1013.6,,.7,,1.78,,,,8,0,,,1665,,,27.7,,,,,
146,傈林,2026-05-02 11:00,20.6,,,,2.9,,270,,49,,11.9,9.5,1006.3,,1013.3,,.7,,2.06,,,,9,0,,,1528,,,30.2,,,,,
146,傈林,2026-05-02 12:00,22.3,,,,2.2,,320,,51,,13.7,11.6,1005.6,,1012.6,,.9,,2.4,,,,9,0,,,1217,,,33.3,,,,,
146,傈林,2026-05-02 13:00,21.7,,,,2.4,,250,,56,,14.5,12.5,1005.7,,1012.7,,0,,1.49,,,,10,0,,,1288,,,30.1,,,,,
146,傈林,2026-05-02 14:00,23,,,,2.1,,290,,51,,14.3,12.3,1004.8,,1011.8,,.3,,1.9,,,,9,0,,,1727,,,34.7,,,,,
146,傈林,2026-05-02 15:00,22.6,,,,1.7,,270,,51,,13.9,11.9,1003.9,,1010.9,,0,,1.4,,,,10,0,,,1796,,,30.6,,,,,
146,傈林,2026-05-02 16:00,22.7,,,,1.8,,250,,50,,13.7,11.7,1002.9,,1009.9,,.1,,1.35,,,,10,0,,,1499,,,29.9,,,,,
146,傈林,2026-05-02 17:00,22.1,,,,2.7,,250,,50,,13.2,11.1,1002.8,,1009.8,,.1,,.88,,,,10,0,,,1687,,,26.7,,,,,
146,傈林,2026-05-02 18:00,19.8,,,,3.2,,320,,61,,14,12,1003,,1010,,0,,.41,,,,10,0,,,1657,,,22.6,,,,,
146,傈林,2026-05-02 19:00,18.4,,,9,2.3,,340,,65,,13.7,11.6,1001.7,,1008.8,,0,,.09,,,,10,0,,,1441,,,20,,,,,
146,傈林,2026-05-02 20:00,18.2,,,,2,,270,,67,,13.9,11.9,1003.4,,1010.5,,0,,0,,,,10,2,,32,1391,,,18.6,,,,,
146,傈林,2026-05-02 21:00,17.6,,,,2.4,,270,,69,,13.8,11.8,1003.7,,1010.8,,,9,,9,,,10,4,,38,1143,,,17.7,,,,,
146,傈林,2026-05-02 22:00,16.6,,,,.9,,50,,70,,13.1,11,1003.3,,1010.4,,,9,,9,,,10,6,,42,884,,,17,,,,,
146,傈林,2026-05-02 23:00,16.3,,,,.8,,20,,71,,13.1,11,1003.1,,1010.2,,,9,,9,,,10,4,,29,873,,,16.4,,,,,
146,傈林,2026-05-03 00:00,16.1,,0,,1.7,,160,,72,,13.1,11,1002.3,,1009.4,,,9,,9,,,10,0,,,930,,,15.5,,,,,
146,傈林,2026-05-03 01:00,15.9,,0,,1.2,,180,,75,,13.5,11.4,1001.3,,1008.4,,,9,,9,,,10,0,,,629,,,15.4,,,,,
146,傈林,2026-05-03 02:00,15,,1.4,,1.2,,230,,86,,14.6,12.6,1000.9,,1008.1,,,9,,9,,,10,3,,6,250,,,15.3,,,,,
146,傈林,2026-05-03 03:00,14.3,,1.8,,1.3,,180,,87,,14.1,12.1,999.9,,1007.1,,,9,,9,,,10,2,,4,232,,,15.1,,,,,
146,傈林,2026-05-03 04:00,13.2,,.6,,1.7,,110,,84,,12.7,10.5,998.7,,1005.9,,,9,,9,,,10,9,,13,1067,,,14.6,,,,,
146,傈林,2026-05-03 05:00,12.5,,1.1,,1.1,,50,,88,,12.7,10.5,997.7,,1004.9,,,9,,9,,,10,3,,6,210,,,14.1,,,,,
146,傈林,2026-05-03 06:00,11.9,,2.4,,2.4,,50,,91,,12.6,10.4,996.8,,1004,,0,,0,,,,10,4,,3,158,,,13.6,,,,,
146,傈林,2026-05-03 07:00,11.8,,3,,1.6,,50,,92,,12.7,10.5,996.2,,1003.4,,0,,.03,,,,10,5,,7,258,,,13.6,,,,,
146,傈林,2026-05-03 08:00,12.1,,2.1,,1.1,,50,,91,,12.8,10.6,995.3,,1002.5,,0,,.08,,,,10,2,,7,304,,01,14.1,,,,,
146,傈林,2026-05-03 09:00,12.8,,2.1,,1.1,,20,,91,,13.4,11.3,994.6,,1001.8,,0,,.16,,,,10,2,,6,316,,01,14.8,,,,,
146,傈林,2026-05-03 10:00,13.2,,.8,,1.3,,20,,91,,13.7,11.7,994.5,,1001.7,,0,,.21,,,,10,5,,3,324,,01,15.3,,,,,
146,傈林,2026-05-03 11:00,13.9,,.2,,.5,,340,,91,,14.4,12.4,994.4,,1001.5,,0,,.26,,,,10,3,,,156,,01,16.1,,,,,
146,傈林,2026-05-03 12:00,14.3,,.5,,.9,,340,,91,,14.8,12.8,994,,1001.1,,0,,.4,,,,10,6,,,137,,1,16.8,,,,,
146,傈林,2026-05-03 13:00,14.3,,.2,,2.1,,270,,91,,14.8,12.8,993.5,,1000.6,,0,,.41,,,,10,6,,,348,,1,16.9,,,,,
146,傈林,2026-05-03 14:00,14,,.1,,2.9,,270,,92,,14.7,12.7,993.9,,1001,,0,,.34,,,,9,8,,,508,,01,16.6,,,,,
146,傈林,2026-05-03 15:00,14.4,,0,,3.4,,270,,89,,14.6,12.6,994,,1001.1,,0,,.61,,,,10,2,,3,2235,,01,16.6,,,,,
146,傈林,2026-05-03 16:00,14.1,,,9,5,,270,,88,,14.1,12.1,994.3,,1001.4,,0,,.2,,,,10,8,,3,1327,,,15.7,,,,,
146,傈林,2026-05-03 17:00,13.8,,,9,4.9,,270,,88,,13.8,11.8,994.9,,1002,,0,,.2,,,,10,9,,3,1015,,19,15.4,,,,,
146,傈林,2026-05-03 18:00,13.1,,,9,5.9,,270,,89,,13.4,11.3,995.8,,1003,,0,,.14,,,,10,7,,2,616,,19,14.5,,,,,
146,傈林,2026-05-03 19:00,12.8,,,9,5.7,,270,,86,,12.7,10.5,996.6,,1003.8,,0,,.12,,,,9,4,,4,1948,,19,13.7,,,,,
146,傈林,2026-05-03 20:00,12.4,,,9,3.6,,250,,86,,12.4,10.1,997.4,,1004.6,,0,,.01,,,,10,4,,3,2278,,,13.2,,,,,
146,傈林,2026-05-03 21:00,12.2,,,9,4,,270,,87,,12.3,10,998.4,,1005.6,,,9,,9,,,10,9,,3,1706,,,13.1,,,,,
146,傈林,2026-05-03 22:00,11.9,,0,,3.5,,250,,90,,12.5,10.3,998.6,,1005.8,,,9,,9,,,10,8,,2,948,,,12.9,,,,,
146,傈林,2026-05-03 23:00,11.2,,1,,6.5,,270,,91,,12,9.7,999.2,,1006.4,,,9,,9,,,10,4,,2,2443,,,12.3,,,,,
146,傈林,2026-05-04 00:00,10.4,,,9,3.5,,270,,87,,10.9,8.3,1000.6,,1007.9,,,9,,9,,,9,5,,3,3497,,,11.6,,,,,
146,傈林,2026-05-04 01:00,10,,,,3.8,,250,,86,,10.5,7.7,1001.1,,1008.4,,,9,,9,,,9,8,,4,3272,,,11.2,,,,,
146,傈林,2026-05-04 02:00,10,,,,4.2,,250,,86,,10.5,7.7,1000.8,,1008.1,,,9,,9,,,9,5,,4,3511,,,11,,,,,
146,傈林,2026-05-04 03:00,10,,,,4.6,,270,,85,,10.4,7.5,1001.8,,1009.1,,,9,,9,,,9,3,,6,3072,,,10.4,,,,,
146,傈林,2026-05-04 04:00,9.7,,,,4.1,,270,,81,,9.7,6.5,1002.8,,1010.1,,,9,,9,,,5,2,,12,3722,,,9.4,,,,,
146,傈林,2026-05-04 05:00,9.3,,,,3,,230,,85,,9.9,6.9,1003.5,,1010.8,,,9,,9,,,4,4,,10,3056,,,9.1,,,,,
146,傈林,2026-05-04 06:00,9.6,,,,1.1,,200,,85,,10.1,7.1,1004,,1011.3,,0,,0,,,,6,6,,6,2864,,,10.4,,,,,
146,傈林,2026-05-04 07:00,10.7,,,,3.3,,250,,84,,10.7,8,1004.7,,1012,,0,,.14,,,,7,3,,6,2240,,,11.5,,,,,
146,傈林,2026-05-04 08:00,11.7,,,,2.6,,230,,81,,11.1,8.5,1005.6,,1012.9,,.1,,.57,,,,7,7,,6,2084,,,13.5,,,,,
146,傈林,2026-05-04 09:00,13.7,,,,3.7,,270,,71,,11.1,8.5,1006.4,,1013.6,,.3,,1.16,,,,3,3,,6,2750,,,16.4,,,,,
146,傈林,2026-05-04 10:00,14.6,,,,4.7,,270,,67,,11.1,8.5,1006.8,,1014,,.8,,2.37,,,,1,1,,8,2728,,,19.4,,,,,
146,傈林,2026-05-04 11:00,16.2,,,,4.3,,270,,61,,11.2,8.6,1007.2,,1014.4,,1,,3.18,,,,1,0,,,2435,,,24.1,,,,,
146,傈林,2026-05-04 12:00,17,,,,5.6,,250,,60,,11.6,9.1,1007.2,,1014.3,,1,,3.47,,,,2,0,,,2663,,,25.6,,,,,
146,傈林,2026-05-04 13:00,17.8,,,,4.7,,250,,55,,11.2,8.6,1007.3,,1014.4,,1,,3.59,,,,3,0,,,2696,,,27.2,,,,,
146,傈林,2026-05-04 14:00,18.1,,,,5.5,,270,,50,,10.4,7.5,1007.6,,1014.7,,1,,3.52,,,,0,0,,,3576,,,25.9,,,,,
146,傈林,2026-05-04 15:00,18,,,,5.1,,270,,55,,11.3,8.8,1007.8,,1014.9,,1,,3.16,,,,0,0,,,3045,,,25.2,,,,,
146,傈林,2026-05-04 16:00,18,,,,4.4,,270,,54,,11.1,8.5,1008.1,,1015.2,,1,,2.58,,,,0,0,,,3584,,,24.6,,,,,
146,傈林,2026-05-04 17:00,17.6,,,,4.6,,270,,41,,8.2,4.1,1008.5,,1015.6,,1,,1.93,,,,0,0,,,4439,,,21.4,,,,,
146,傈林,2026-05-04 18:00,16.3,,,,3.9,,290,,54,,9.9,6.9,1008.9,,1016.1,,1,,1.15,,,,0,0,,,3242,,,18,,,,,
146,傈林,2026-05-04 19:00,14.3,,,,3.6,,250,,68,,11,8.4,1009.2,,1016.4,,.7,,.37,,,,0,0,,,2649,,,14.5,,,,,
146,傈林,2026-05-04 20:00,12.4,,,,2.1,,250,,75,,10.7,8,1010.3,,1017.6,,0,,.01,,,,0,0,,,2447,,,12.7,,,,,
146,傈林,2026-05-04 21:00,11.6,,,,2,,250,,78,,10.6,7.8,1011.2,,1018.5,,,9,,9,,,0,0,,,2222,,,11.7,,,,,
146,傈林,2026-05-04 22:00,10.9,,,,1.4,,200,,81,,10.5,7.7,1011.9,,1019.2,,,9,,9,,,0,0,,,1994,,,10.8,,,,,
146,傈林,2026-05-04 23:00,10.1,,,,.5,,140,,79,,9.7,6.6,1012,,1019.4,,,9,,9,,,0,0,,,2490,,,9.9,,,,,
146,傈林,2026-05-05 00:00,8.8,,,,1.8,,140,,81,,9.2,5.7,1012.2,,1019.6,,,9,,9,,,0,0,,,2583,,,9.2,,,,,
146,傈林,2026-05-05 01:00,8.2,,,,1.9,,140,,82,,8.9,5.3,1011.9,,1019.3,,,9,,9,,,0,0,,,2793,,,8.4,,,,,
146,傈林,2026-05-05 02:00,7.7,,,,1.6,,140,,83,,8.7,4.9,1011.8,,1019.2,,,9,,9,,,0,0,,,2701,,,7.8,,,,,
146,傈林,2026-05-05 03:00,7.2,,,,2.2,,140,,81,,8.2,4.1,1011.7,,1019.1,,,9,,9,,,0,0,,,3241,,,7.2,,,,,
146,傈林,2026-05-05 04:00,6.8,,,,1.7,,110,,82,,8.1,3.9,1011.9,,1019.4,,,9,,9,,,0,0,,,3186,,,6.7,,,,,
146,傈林,2026-05-05 05:00,6.4,,,,1.7,,140,,82,,7.8,3.5,1012,,1019.5,,,9,,9,,,0,0,,,3311,,,6.3,,,,,
146,傈林,2026-05-05 06:00,6.5,,,,2,,140,,81,,7.8,3.4,1012.4,,1019.9,,.1,,.01,,,,0,0,,,3176,,,6.1,,,,,
146,傈林,2026-05-05 07:00,8.8,,,,1.1,,160,,74,,8.4,4.4,1012.8,,1020.2,,1,,.45,,,,0,0,,,3498,,,7.4,,,,,
146,傈林,2026-05-05 08:00,11.7,,,,1,,110,,65,,8.9,5.3,1012.7,,1020,,1,,1.2,,,,0,0,,,3643,,,11.5,,,,,
146,傈林,2026-05-05 09:00,14.7,,,,.6,,290,,53,,8.8,5.2,1012.8,,1020,,1,,1.97,,,,0,0,,,3668,,,16.4,,,,,
146,傈林,2026-05-05 10:00,16.5,,,,1.4,,180,,43,,8,3.8,1012.7,,1019.9,,1,,2.66,,,,0,0,,,4710,,,22.2,,,,,
146,傈林,2026-05-05 11:00,18.8,,,,1.7,,270,,32,,6.9,1.7,1012.3,,1019.4,,1,,3.22,,,,0,0,,,4359,,,26.4,,,,,
146,傈林,2026-05-05 12:00,20.4,,,,2.1,,270,,37,,8.8,5.2,1011.6,,1018.7,,1,,3.53,,,,0,0,,,4259,,,29.3,,,,,
146,傈林,2026-05-05 13:00,21,,,,3.7,,270,,33,,8.1,4,1010.8,,1017.9,,1,,3.61,,,,0,0,,,4090,,,28.6,,,,,
146,傈林,2026-05-05 14:00,21.9,,,9,3,,290,,31,,8.1,3.9,1010,,1017,,1,,3.48,,,,0,0,,,4218,,,29.5,,,,,
146,傈林,2026-05-05 15:00,22.3,,,9,3.5,,250,,28,,7.5,2.8,1009.2,,1016.2,,1,,3.14,,,,0,0,,,3863,,,29,,,,,
146,傈林,2026-05-05 16:00,22,,,9,3.9,,270,,34,,9,5.4,1008.8,,1015.8,,1,,2.61,,,,0,0,,,4619,,,28.3,,,,,
146,傈林,2026-05-05 17:00,21.8,,,,3.4,,270,,32,,8.3,4.3,1008.6,,1015.6,,1,,1.92,,,,0,0,,,4470,,,26,,,,,
146,傈林,2026-05-05 18:00,19.6,,,,4.1,,270,,32,,7.3,2.4,1008.8,,1015.9,,1,,1.16,,,,0,0,,,4691,,,20.8,,,,,
146,傈林,2026-05-05 19:00,17,,,,3.4,,270,,42,,8.1,3.9,1009,,1016.2,,.7,,.38,,,,0,0,,,4915,,,15.6,,,,,
146,傈林,2026-05-05 20:00,15.1,,,,3.1,,270,,48,,8.2,4.1,1009.5,,1016.7,,0,,.02,,,,0,0,,,4889,,,13,,,,,
146,傈林,2026-05-05 21:00,13.9,,,,1.7,,270,,50,,7.9,3.6,1010.2,,1017.4,,,9,,9,,,0,0,,,4967,,,10.5,,,,,
146,傈林,2026-05-05 22:00,13.4,,,,1.1,,140,,59,,9,5.5,1011,,1018.3,,,9,,9,,,0,0,,,4975,,,7.5,,,,,
146,傈林,2026-05-05 23:00,12.1,,,,1.8,,140,,66,,9.3,5.9,1011.1,,1018.4,,,9,,9,,,0,0,,,4828,,,8.4,,,,,
146,傈林,2026-05-06 00:00,11.2,,,,2.4,,140,,70,,9.3,5.9,1010.9,,1018.2,,,9,,9,,,0,0,,,4808,,,7.7,,,,,
146,傈林,2026-05-06 01:00,10.6,,,,2.1,,140,,72,,9.2,5.7,1010.9,,1018.2,,,9,,9,,,0,0,,,4752,,,7.1,,,,,
146,傈林,2026-05-06 02:00,10.2,,,,1.8,,140,,74,,9.2,5.7,1010.6,,1018,,,9,,9,,,0,0,,,4786,,,6.2,,,,,
146,傈林,2026-05-06 03:00,10,,,,2,,140,,73,,8.9,5.3,1010.4,,1017.8,,,9,,9,,,0,0,,,4641,,,6.3,,,,,
146,傈林,2026-05-06 04:00,10.3,,,,1.9,,140,,73,,9.1,5.6,1010.6,,1018,,,9,,9,,,0,0,,,4687,,,6.2,,,,,
146,傈林,2026-05-06 05:00,9.9,,,,2.3,,140,,75,,9.1,5.6,1010.5,,1017.9,,,9,,9,,,0,0,,,4358,,,5.8,,,,,
146,傈林,2026-05-06 06:00,10.5,,,,2.6,,140,,76,,9.6,6.4,1010.7,,1018,,.1,,.02,,,,0,0,,,4162,,,7.1,,,,,
146,傈林,2026-05-06 07:00,13.4,,,,2.4,,140,,70,,10.7,8,1010.8,,1018.1,,1,,.42,,,,0,0,,,4271,,,10.9,,,,,
146,傈林,2026-05-06 08:00,16,,,,3.1,,160,,62,,11.2,8.7,1010.7,,1017.9,,1,,1.15,,,,0,0,,,4553,,,17.5,,,,,
146,傈林,2026-05-06 09:00,19,,,,2.1,,90,,51,,11.2,8.6,1010.4,,1017.5,,1,,1.91,,,,0,0,,,4200,,,28.1,,,,,
146,傈林,2026-05-06 10:00,20.2,,,,1.9,,230,,49,,11.6,9.1,1010.4,,1017.5,,1,,2.59,,,,0,0,,,4101,,,33.9,,,,,
146,傈林,2026-05-06 11:00,22.7,,,,1.2,,230,,46,,12.6,10.4,1010.2,,1017.2,,1,,3.11,,,,0,0,,,4314,,,40.6,,,,,
146,傈林,2026-05-06 12:00,23.4,,,,3,,290,,42,,12,9.7,1009.9,,1016.9,,1,,3.41,,,,0,0,,,4553,,,42.3,,,,,
146,傈林,2026-05-06 13:00,24.2,,,,3,,290,,41,,12.4,10.1,1008.9,,1015.9,,1,,3.55,,,,0,0,,,3777,,,43.9,,,,,
146,傈林,2026-05-06 14:00,24.9,,,,2.1,,340,,43,,13.5,11.4,1008.2,,1015.1,,1,,3.42,,,,0,0,,,2134,,,47,,,,,
146,傈林,2026-05-06 15:00,25.5,,,,1.6,,320,,39,,12.7,10.5,1007.5,,1014.4,,1,,3.08,,,,1,0,,,3393,,,45,,,,,
146,傈林,2026-05-06 16:00,24.8,,,,3.8,,290,,43,,13.4,11.3,1007.3,,1014.2,,1,,2.55,,,,1,0,,,3967,,,39.6,,,,,
146,傈林,2026-05-06 17:00,23.7,,,,3.7,,290,,42,,12.3,10,1007.1,,1014.1,,1,,1.88,,,,0,0,,,4193,,,33.3,,,,,
146,傈林,2026-05-06 18:00,21.5,,,,3.7,,270,,40,,10.2,7.3,1007.2,,1014.2,,1,,1.11,,,,0,0,,,4240,,,25.9,,,,,
146,傈林,2026-05-06 19:00,19.8,,,,3.4,,270,,43,,9.9,6.8,1007.5,,1014.6,,.7,,.37,,,,0,0,,,4828,,,19.1,,,,,
146,傈林,2026-05-06 20:00,18,,,,2.8,,270,,51,,10.5,7.7,1007.8,,1014.9,,0,,.02,,,,0,0,,,4904,,,15.9,,,,,
146,傈林,2026-05-06 21:00,16.8,,,,1.9,,290,,49,,9.3,6,1008.2,,1015.4,,,9,,9,,,0,0,,,4793,,,13.6,,,,,
146,傈林,2026-05-06 22:00,16,,,,1.1,,270,,53,,9.6,6.4,1008.4,,1015.6,,,9,,9,,,1,0,,,4848,,,12.2,,,,,
146,傈林,2026-05-06 23:00,15,,,,.4,,0,,62,,10.5,7.7,1008.2,,1015.4,,,9,,9,,,0,0,,,4613,,,11,,,,,
146,傈林,2026-05-07 00:00,14.2,,,,1.2,,140,,67,,10.8,8.1,1008,,1015.2,,,9,,9,,,9,0,,,4455,,,10.9,,,,,
146,傈林,2026-05-07 01:00,13.5,,,,1.4,,140,,69,,10.6,7.9,1008.1,,1015.3,,,9,,9,,,8,0,,,4763,,,10.2,,,,,
146,傈林,2026-05-07 02:00,12.8,,,,1,,160,,71,,10.4,7.6,1007.8,,1015.1,,,9,,9,,,9,0,,,4509,,,10.4,,,,,
146,傈林,2026-05-07 03:00,12.1,,,,1.6,,140,,74,,10.4,7.5,1007.1,,1014.4,,,9,,9,,,6,0,,,4511,,,9.3,,,,,
146,傈林,2026-05-07 04:00,12.2,,,,1.9,,110,,73,,10.3,7.4,1006.3,,1013.6,,,9,,9,,,6,0,,,4498,,,9.3,,,,,
146,傈林,2026-05-07 05:00,12.2,,,,.7,,160,,74,,10.4,7.6,1006.5,,1013.8,,,9,,9,,,9,0,,,4057,,,9.3,,,,,
146,傈林,2026-05-07 06:00,12.6,,,,1.3,,140,,76,,11,8.4,1006.9,,1014.2,,0,,.02,,,,6,0,,,3751,,,9.6,,,,,
146,傈林,2026-05-07 07:00,13.7,,,,1.1,,250,,75,,11.7,9.3,1007.6,,1014.8,,.2,,.33,,,,8,0,,,3340,,,13.1,,,,,
146,傈林,2026-05-07 08:00,16.4,,,,2.1,,140,,67,,12.4,10.2,1006.9,,1014.1,,1,,.94,,,,7,0,,,4112,,,18.4,,,,,
146,傈林,2026-05-07 09:00,18.5,,,,1.6,,230,,53,,11.2,8.7,1006.5,,1013.6,,1,,1.61,,,,7,0,,,4459,,,23.5,,,,,
146,傈林,2026-05-07 10:00,20.4,,,,2.1,,230,,49,,11.7,9.3,1005.9,,1012.9,,1,,2.56,,,,7,0,,,4172,,,32.8,,,,,
146,傈林,2026-05-07 11:00,22.1,,,,2,,160,,44,,11.6,9.2,1005.3,,1012.3,,1,,2.96,,,,7,0,,,4099,,,40.6,,,,,
146,傈林,2026-05-07 12:00,23.6,,,,2.4,,230,,40,,11.6,9.1,1004.6,,1011.5,,.9,,3.36,,,,2,0,,,4245,,,44.8,,,,,
146,傈林,2026-05-07 13:00,24.2,,,,3.9,,270,,40,,12,9.7,1004.1,,1011,,1,,3.6,,,,4,0,,,4236,,,43.4,,,,,
146,傈林,2026-05-07 14:00,24,,,,3.9,,290,,48,,14.3,12.3,1003.9,,1010.8,,1,,3.24,,,,4,0,,,3955,,,39,,,,,
146,傈林,2026-05-07 15:00,22.1,,,,4.9,,270,,55,,14.6,12.6,1003.8,,1010.8,,.7,,2.45,,,,6,0,,,3934,,,34.4,,,,,
146,傈林,2026-05-07 16:00,21.7,,,,4.3,,250,,58,,15,13,1003.3,,1010.3,,.3,,1.53,,,,7,2,,12,3693,,,29.8,,,,,
146,傈林,2026-05-07 17:00,20.8,,,,4.5,,270,,61,,14.9,12.9,1003.4,,1010.4,,.5,,1.51,,,,7,0,,,3138,,,30.3,,,,,
146,傈林,2026-05-07 18:00,17.4,,,,4.1,,290,,77,,15.3,13.3,1003.8,,1010.9,,.2,,.55,,,,8,2,,5,1763,,,20.6,,,,,
146,傈林,2026-05-07 19:00,16.3,,,,2,,290,,78,,14.4,12.4,1004.1,,1011.2,,0,,.06,,,,9,6,,4,1526,,,17.8,,,,,
146,傈林,2026-05-07 20:00,15.7,,,,3.3,,270,,81,,14.4,12.4,1004.3,,1011.5,,0,,.01,,,,10,9,,3,1444,,,16.7,,,,,
146,傈林,2026-05-07 21:00,15.6,,,,3.1,,270,,83,,14.7,12.7,1004.8,,1012,,,9,,9,,,10,5,,3,1174,,,16.5,,,,,
146,傈林,2026-05-07 22:00,14.5,,0,,3.7,,270,,89,,14.7,12.7,1005.6,,1012.8,,,9,,9,,,10,9,,1,495,,,15.1,,,,,
146,傈林,2026-05-07 23:00,13.4,,.3,,4.7,,270,,89,,13.7,11.6,1006.1,,1013.3,,,9,,9,,,10,4,,2,1455,,,13.9,,,,,
146,傈林,2026-05-08 00:00,13,,0,,4,,270,,88,,13.1,11,1006.4,,1013.6,,,9,,9,,,10,9,,2,715,,,13.3,,,,,
146,傈林,2026-05-08 01:00,12.1,,,,3.2,,270,,86,,12.1,9.8,1006.2,,1013.5,,,9,,9,,,8,2,,3,704,,,11.8,,,,,
146,傈林,2026-05-08 02:00,11.4,,,,3.4,,270,,88,,11.8,9.4,1006.2,,1013.5,,,9,,9,,,8,2,,3,646,,,10.9,,,,,
146,傈林,2026-05-08 03:00,11.2,,,,3.1,,270,,87,,11.6,9.1,1006.5,,1013.8,,,9,,9,,,0,0,,,926,,,10.3,,,,,
146,傈林,2026-05-08 04:00,11.3,,,,1.3,,250,,87,,11.6,9.2,1006.6,,1013.9,,,9,,9,,,8,4,,3,867,,,11.1,,,,,
146,傈林,2026-05-08 05:00,10.9,,,,2.2,,230,,89,,11.6,9.1,1007,,1014.3,,,9,,9,,,6,2,,,769,,,9.7,,,,,
146,傈林,2026-05-08 06:00,10.5,,,,1.2,,250,,88,,11.1,8.5,1007.6,,1014.9,,0,,.01,,,,0,0,,,1027,,,9,,,,,
146,傈林,2026-05-08 07:00,11.9,,,,2,,250,,79,,10.9,8.3,1008.4,,1015.7,,.8,,.43,,,,0,0,,,1659,,,11.5,,,,,
146,傈林,2026-05-08 08:00,13,,,,2.4,,230,,74,,11,8.4,1009,,1016.3,,1,,1.2,,,,0,0,,,1902,,,15,,,,,
146,傈林,2026-05-08 09:00,15.2,,,,2.7,,270,,63,,10.8,8.1,1009.2,,1016.4,,1,,1.98,,,,0,0,,,3563,,,22.8,,,,,
146,傈林,2026-05-08 10:00,17,,,9,3.5,,270,,44,,8.5,4.6,1009.1,,1016.3,,1,,2.67,,,,0,0,,,4810,,,29.1,,,,,
146,傈林,2026-05-08 11:00,18.5,,,,3.1,,270,,40,,8.5,4.6,1009,,1016.1,,1,,3.14,,,,0,0,,,4070,,,34.6,,,,,
146,傈林,2026-05-08 12:00,19.6,,,,5.5,,290,,32,,7.3,2.4,1008.7,,1015.8,,1,,3.46,,,,0,0,,,4529,,,36.6,,,,,
146,傈林,2026-05-08 13:00,20,,,,7.3,,290,,26,,6.1,-.1,1008.4,,1015.5,,1,,3.69,,,,0,0,,,4113,,,36.3,,,,,
146,傈林,2026-05-08 14:00,20.7,,,,5.3,,290,,26,,6.3,.4,1008.2,,1015.2,,1,,3.58,,,,0,0,,,4528,,,38.1,,,,,
146,傈林,2026-05-08 15:00,19.9,,,,7.1,,290,,33,,7.6,3.1,1008,,1015.1,,1,,3.24,,,,0,0,,,4197,,,34.2,,,,,
146,傈林,2026-05-08 16:00,19.6,,,,4.7,,270,,34,,7.7,3.2,1008,,1015.1,,1,,2.71,,,,0,0,,,4131,,,33.9,,,,,
146,傈林,2026-05-08 17:00,19.2,,,,3.8,,290,,33,,7.3,2.5,1007.9,,1015,,1,,2.02,,,,1,0,,,4611,,,30,,,,,
146,傈林,2026-05-08 18:00,17.8,,,,6,,270,,31,,6.3,.4,1008.3,,1015.4,,1,,1.25,,,,0,0,,,4742,,,24,,,,,
146,傈林,2026-05-08 19:00,15.9,,,,6.1,,270,,39,,7,1.9,1008.8,,1016,,.7,,.46,,,,1,0,,,4952,,,18,,,,,
146,傈林,2026-05-08 20:00,14.4,,,,3.2,,270,,46,,7.5,2.9,1009.9,,1017.1,,0,,.02,,,,1,0,,,4876,,,15.2,,,,,
146,傈林,2026-05-08 21:00,13.1,,,,1.8,,250,,63,,9.5,6.2,1011.1,,1018.4,,,9,,9,,,0,0,,,4105,,,13.6,,,,,
146,傈林,2026-05-08 22:00,12.5,,,,1.5,,180,,67,,9.7,6.5,1011.9,,1019.2,,,9,,9,,,0,0,,,3784,,,12.2,,,,,
146,傈林,2026-05-08 23:00,12.1,,,,1.3,,230,,67,,9.4,6.1,1012.3,,1019.6,,,9,,9,,,0,0,,,3967,,,11.2,,,,,
146,傈林,2026-05-09 00:00,11.2,,,,1.2,,110,,68,,9,5.5,1012.6,,1019.9,,,9,,9,,,0,0,,,4572,,,10.2,,,,,
146,傈林,2026-05-09 01:00,9.8,,,,2.1,,140,,72,,8.7,4.9,1012.6,,1020,,,9,,9,,,0,0,,,4367,,,9.5,,,,,
146,傈林,2026-05-09 02:00,9.1,,,,1.8,,140,,75,,8.6,4.8,1012.6,,1020,,,9,,9,,,0,0,,,3972,,,8.8,,,,,
146,傈林,2026-05-09 03:00,8.4,,,,2,,140,,76,,8.4,4.4,1012.7,,1020.1,,,9,,9,,,0,0,,,4407,,,8.3,,,,,
146,傈林,2026-05-09 04:00,7.9,,,,2.4,,140,,77,,8.2,4.1,1012.9,,1020.3,,,9,,9,,,0,0,,,4136,,,7.8,,,,,
146,傈林,2026-05-09 05:00,7.6,,,,2,,140,,78,,8.1,4,1013.1,,1020.5,,,9,,9,,,0,0,,,4040,,,7.4,,,,,
146,傈林,2026-05-09 06:00,7.8,,,,2.2,,140,,79,,8.3,4.3,1013.6,,1021,,.2,,.02,,,,0,0,,,4023,,,7.4,,,,,
146,傈林,2026-05-09 07:00,10.3,,,,1.6,,140,,73,,9.1,5.6,1014.1,,1021.5,,1,,.48,,,,0,0,,,4432,,,9.1,,,,,
146,傈林,2026-05-09 08:00,13.4,,,,1.4,,90,,63,,9.6,6.4,1014.3,,1021.6,,1,,1.23,,,,0,0,,,4418,,,13.4,,,,,
146,傈林,2026-05-09 09:00,16.2,,,,1,,180,,52,,9.5,6.3,1014,,1021.2,,1,,2.01,,,,0,0,,,3544,,,19.8,,,,,
146,傈林,2026-05-09 10:00,18.2,,,,1.3,,270,,43,,9,5.4,1013.9,,1021.1,,1,,2.69,,,,0,0,,,4295,,,27.6,,,,,
146,傈林,2026-05-09 11:00,19.9,,,,2.2,,290,,37,,8.5,4.7,1013.4,,1020.5,,1,,3.24,,,,0,0,,,4477,,,34.3,,,,,
146,傈林,2026-05-09 12:00,20.3,,,,3.7,,290,,36,,8.5,4.7,1013,,1020.1,,1,,3.58,,,,0,0,,,4306,,,39.1,,,,,
146,傈林,2026-05-09 13:00,21.5,,,,2.5,,270,,35,,8.9,5.3,1012,,1019.1,,1,,3.66,,,,0,0,,,4630,,,41.7,,,,,
146,傈林,2026-05-09 14:00,22.7,,,,2.9,,290,,27,,7.4,2.7,1011.3,,1018.3,,1,,3.52,,,,0,0,,,4441,,,42.7,,,,,
146,傈林,2026-05-09 15:00,23.4,,,,2.1,,290,,26,,7.4,2.7,1010.4,,1017.4,,1,,3.16,,,,0,0,,,4973,,,41.8,,,,,
146,傈林,2026-05-09 16:00,23.2,,,,2.7,,320,,22,,6.2,.2,1009.8,,1016.8,,1,,2.62,,,,0,0,,,4912,,,39.9,,,,,
146,傈林,2026-05-09 17:00,22,,,,4.5,,290,,31,,8.1,4,1010,,1017,,1,,1.89,,,,0,0,,,4270,,,33.3,,,,,
146,傈林,2026-05-09 18:00,19.8,,,,3.8,,270,,32,,7.4,2.6,1010.6,,1017.7,,1,,1.11,,,,0,0,,,4834,,,26.8,,,,,
146,傈林,2026-05-09 19:00,17.9,,,,3.6,,270,,33,,6.7,1.3,1011.2,,1018.3,,.7,,.37,,,,0,0,,,4957,,,20.6,,,,,
146,傈林,2026-05-09 20:00,15.9,,,,1.5,,250,,37,,6.7,1.2,1011.7,,1018.9,,0,,.02,,,,0,0,,,5000,,,17.2,,,,,
146,傈林,2026-05-09 21:00,15.3,,,,2.3,,230,,45,,7.8,3.4,1012,,1019.2,,,9,,9,,,0,0,,,4924,,,15.5,,,,,
146,傈林,2026-05-09 22:00,14.2,,,,1.6,,250,,49,,7.9,3.6,1012.4,,1019.7,,,9,,9,,,0,0,,,4877,,,14.1,,,,,
146,傈林,2026-05-09 23:00,13.6,,,,1.7,,140,,51,,7.9,3.6,1012.5,,1019.8,,,9,,9,,,0,0,,,4876,,,12.8,,,,,
146,傈林,2026-05-10 00:00,12.5,,,,2.3,,140,,55,,7.9,3.6,1012.6,,1019.9,,,9,,9,,,0,0,,,4987,,,11.8,,,,,
146,傈林,2026-05-10 01:00,11.4,,,,2,,140,,60,,8,3.8,1012.3,,1019.6,,,9,,9,,,0,0,,,4922,,,11,,,,,
146,傈林,2026-05-10 02:00,11,,,,1.8,,140,,61,,8,3.7,1011.7,,1019,,,9,,9,,,0,0,,,4992,,,10.3,,,,,
146,傈林,2026-05-10 03:00,10.9,,,,1.6,,140,,62,,8,3.8,1011.5,,1018.8,,,9,,9,,,0,0,,,4942,,,9.7,,,,,
146,傈林,2026-05-10 04:00,10.5,,,,1.7,,140,,64,,8.1,3.9,1011.4,,1018.8,,,9,,9,,,0,0,,,4972,,,9.3,,,,,
146,傈林,2026-05-10 05:00,10.4,,,,1,,110,,66,,8.3,4.3,1011.8,,1019.2,,,9,,9,,,0,0,,,4954,,,8.8,,,,,
146,傈林,2026-05-10 06:00,10.3,,,,1,,110,,68,,8.5,4.6,1011.9,,1019.3,,.1,,.02,,,,0,0,,,4747,,,8.8,,,,,
146,傈林,2026-05-10 07:00,12.7,,,,1.4,,140,,64,,9.3,6,1012.1,,1019.4,,1,,.43,,,,0,0,,,4442,,,10.7,,,,,
146,傈林,2026-05-10 08:00,15.3,,,,.8,,180,,54,,9.3,6,1012.1,,1019.3,,1,,1.17,,,,0,0,,,4583,,,12.7,,,,,
146,傈林,2026-05-10 09:00,18.8,,,,1.1,,180,,44,,9.5,6.2,1011.8,,1018.9,,1,,1.92,,,,0,0,,,4699,,,21.9,,,,,
146,傈林,2026-05-10 10:00,21.4,,,,1.9,,180,,39,,9.9,6.8,1011.2,,1018.2,,1,,2.6,,,,0,0,,,4733,,,30.3,,,,,
146,傈林,2026-05-10 11:00,23.6,,,,3.9,,160,,33,,9.5,6.3,1010.8,,1017.8,,1,,3.14,,,,0,0,,,4515,,,37.6,,,,,
146,傈林,2026-05-10 12:00,25.2,,,,3.2,,180,,24,,7.6,3.1,1010.1,,1017,,1,,3.46,,,,0,0,,,4731,,,42.2,,,,,
146,傈林,2026-05-10 13:00,25.7,,,,3.1,,270,,30,,9.9,6.8,1009.4,,1016.3,,1,,3.55,,,,0,0,,,4566,,,44.5,,,,,
146,傈林,2026-05-10 14:00,26.8,,,,2.4,,270,,25,,8.8,5.1,1008.7,,1015.6,,1,,3.42,,,,0,0,,,4395,,,45.8,,,,,
146,傈林,2026-05-10 15:00,25,,,,5.1,,270,,32,,10.1,7.1,1008.2,,1015.1,,1,,3.06,,,,0,0,,,4573,,,41.9,,,,,
146,傈林,2026-05-10 16:00,24,,,,4,,290,,35,,10.4,7.5,1008.1,,1015.1,,1,,2.52,,,,0,0,,,4274,,,39.7,,,,,
146,傈林,2026-05-10 17:00,23.1,,,,3.4,,270,,35,,9.8,6.7,1008.2,,1015.2,,1,,1.85,,,,0,0,,,4853,,,34.6,,,,,
146,傈林,2026-05-10 18:00,22,,,,2.6,,290,,37,,9.7,6.6,1008.2,,1015.2,,1,,1.1,,,,0,0,,,4702,,,29,,,,,
146,傈林,2026-05-10 19:00,19.9,,,,2.5,,270,,45,,10.4,7.6,1008.7,,1015.8,,.7,,.38,,,,0,0,,,4940,,,22.5,,,,,
146,傈林,2026-05-10 20:00,17.5,,,,2.1,,270,,62,,12.4,10.1,1009.2,,1016.3,,0,,.02,,,,0,0,,,4532,,,19,,,,,
146,傈林,2026-05-10 21:00,16.2,,,,.6,,290,,68,,12.4,10.2,1009.7,,1016.9,,,9,,9,,,0,0,,,4010,,,16.9,,,,,
146,傈林,2026-05-10 22:00,15.5,,,,.7,,70,,70,,12.3,10,1009.7,,1016.9,,,9,,9,,,0,0,,,4129,,,15.1,,,,,
146,傈林,2026-05-10 23:00,14.7,,,,1.9,,140,,70,,11.6,9.2,1009.5,,1016.7,,,9,,9,,,0,0,,,4217,,,14,,,,,
146,傈林,2026-05-11 00:00,14.5,,,,1.2,,180,,73,,12,9.7,1009.8,,1017,,,9,,9,,,0,0,,,4385,,,13,,,,,
146,傈林,2026-05-11 01:00,14.7,,,,2.4,,160,,70,,11.6,9.2,1010,,1017.2,,,9,,9,,,0,0,,,4928,,,12.8,,,,,
146,傈林,2026-05-11 02:00,14.1,,,,2.5,,140,,73,,11.7,9.3,1009.5,,1016.7,,,9,,9,,,0,0,,,4720,,,12.3,,,,,
146,傈林,2026-05-11 03:00,14.2,,,,3.3,,140,,75,,12.1,9.8,1009.4,,1016.6,,,9,,9,,,0,0,,,4669,,,12.3,,,,,
146,傈林,2026-05-11 04:00,14.7,,,,2.4,,140,,76,,12.7,10.5,1009,,1016.2,,,9,,9,,,0,0,,,4362,,,13.3,,,,,
146,傈林,2026-05-11 05:00,14.6,,,,2.3,,140,,77,,12.8,10.6,1008.3,,1015.5,,,9,,9,,,0,0,,,4342,,,12.3,,,,,
146,傈林,2026-05-11 06:00,15.1,,,,3,,140,,75,,12.8,10.6,1008.4,,1015.6,,0,,.02,,,,0,0,,,4411,,,13.6,,,,,
146,傈林,2026-05-11 07:00,16.6,,,,2.2,,140,,73,,13.7,11.7,1008.7,,1015.9,,.1,,.29,,,,0,0,,,4767,,,15.5,,,,,
146,傈林,2026-05-11 08:00,20.1,,,,2,,160,,65,,15.3,13.3,1008.8,,1015.9,,.6,,1.03,,,,0,0,,,4611,,,19.8,,,,,
146,傈林,2026-05-11 09:00,21.8,,,,2.9,,160,,60,,15.6,13.6,1008.3,,1015.3,,.9,,1.73,,,,0,0,,,4287,,,25.1,,,,,
146,傈林,2026-05-11 10:00,23.1,,,,3.2,,180,,54,,15.2,13.2,1008.4,,1015.4,,1,,2.7,,,,4,1,,14,4478,,,33.8,,,,,
146,傈林,2026-05-11 11:00,23.1,,,,2.8,,230,,50,,14.1,12.1,1008.5,,1015.5,,.6,,2.35,,,,6,1,,15,4690,,,32.1,,,,,
146,傈林,2026-05-11 12:00,23.8,,,,2.3,,200,,49,,14.4,12.4,1008.1,,1015.1,,.5,,2.24,,,,6,2,,15,4314,,,35.7,,,,,
146,傈林,2026-05-11 13:00,25.1,,,,2.7,,160,,41,,13,10.9,1006.8,,1013.7,,.7,,2.87,,,,6,1,,76,4594,,,40.1,,,,,
146,傈林,2026-05-11 14:00,25.2,,,,2.2,,160,,37,,11.8,9.4,1006.1,,1013,,.4,,2.02,,,,6,0,,,4751,,,39.1,,,,,
146,傈林,2026-05-11 15:00,23.4,,,,5,,290,,53,,15.2,13.2,1006,,1013,,0,,.93,,,,9,1,,20,4825,,,29.8,,,,,
146,傈林,2026-05-11 16:00,23.9,,,,3.1,,270,,53,,15.7,13.7,1005.6,,1012.5,,.1,,1.06,,,,8,1,,19,4384,,,30.6,,,,,
146,傈林,2026-05-11 17:00,22.9,,,,3.8,,320,,56,,15.6,13.6,1005.5,,1012.5,,.4,,1.17,,,,7,1,,14,4670,,,29,,,,,
146,傈林,2026-05-11 18:00,21.8,,,,3.1,,290,,63,,16.4,14.4,1005.4,,1012.4,,0,,.37,,,,9,1,,14,5000,,,25.1,,,,,
146,傈林,2026-05-11 19:00,21.1,,,,.6,,290,,65,,16.2,14.2,1005,,1012,,0,,.15,,,,10,2,,13,4780,,,23,,,,,
146,傈林,2026-05-11 20:00,20.8,,,,1.1,,110,,66,,16.2,14.2,1005,,1012,,0,,.02,,,,9,8,,11,4887,,,21.6,,,,,
146,傈林,2026-05-11 21:00,20.1,,,,1.1,,70,,70,,16.4,14.4,1005.6,,1012.6,,,9,,9,,,10,1,,11,4585,,,20.5,,,,,
146,傈林,2026-05-11 22:00,20,,0,,2.1,,320,,71,,16.5,14.5,1006.6,,1013.7,,,9,,9,,,10,5,,10,4353,,,20.3,,,,,
146,傈林,2026-05-11 23:00,18.4,,.1,,.3,,0,,81,,17,15,1006.4,,1013.5,,,9,,9,,,6,6,,9,2897,,,18.9,,,,,
146,傈林,2026-05-12 00:00,18.3,,,9,.7,,250,,80,,16.7,14.7,1006.4,,1013.5,,,9,,9,,,9,5,,,2978,,,18,,,,,
146,傈林,2026-05-12 01:00,17.5,,,,1.5,,140,,84,,16.7,14.7,1005.8,,1012.9,,,9,,9,,,7,2,,76,2634,,,16.3,,,,,
146,傈林,2026-05-12 02:00,16.9,,,,2,,140,,86,,16.5,14.5,1005.3,,1012.4,,,9,,9,,,6,2,,10,2487,,,16.3,,,,,
146,傈林,2026-05-12 03:00,16.9,,,,2.4,,140,,83,,15.9,13.9,1004.4,,1011.5,,,9,,9,,,8,3,,9,3343,,,16,,,,,
146,傈林,2026-05-12 04:00,16.7,,,,1.9,,140,,81,,15.4,13.4,1003.7,,1010.8,,,9,,9,,,8,5,,27,3681,,,15.8,,,,,
146,傈林,2026-05-12 05:00,17.2,,,,2.3,,140,,80,,15.7,13.7,1003.3,,1010.4,,,9,,9,,,10,4,,21,3700,,,16.2,,,,,
146,傈林,2026-05-12 06:00,17.5,,0,,.8,,110,,78,,15.6,13.6,1003.2,,1010.3,,0,,0,,,,10,2,,14,3627,,,16.5,,,,,
146,傈林,2026-05-12 07:00,14.2,,9.3,,3.5,,320,,91,,14.7,12.7,1004.7,,1011.9,,0,,0,,,,10,3,,5,586,,,15.2,,,,,
146,傈林,2026-05-12 08:00,14.3,,6.7,,1.6,,180,,92,,15,13,1004.9,,1012.1,,0,,.06,,,,10,5,,10,562,,,15.6,,,,,
146,傈林,2026-05-12 09:00,14.3,,4.8,,2.3,,160,,92,,15,13,1003.9,,1011.1,,0,,.11,,,,10,2,,2,538,,01,15.7,,,,,
146,傈林,2026-05-12 10:00,15.5,,2.3,,1.7,,140,,88,,15.5,13.5,1002.9,,1010.1,,0,,.44,,,,10,4,,6,4623,,1,17.8,,,,,
146,傈林,2026-05-12 11:00,17.8,,.1,,2.3,,250,,81,,16.4,14.4,1003.2,,1010.3,,0,,1.69,,,,9,4,,28,5000,,01,23,,,,,
146,傈林,2026-05-12 12:00,19,,,9,2.3,,290,,78,,17,15,1002.9,,1010,,.4,,2.2,,,,7,7,,4,4358,,,26.6,,,,,
146,傈林,2026-05-12 13:00,20.1,,,9,1.9,,270,,63,,14.8,12.8,1002,,1009,,.9,,2.88,,,,9,2,,8,4856,,,28.2,,,,,
146,傈林,2026-05-12 14:00,19,,,9,2.5,,270,,69,,15.1,13.1,1001.7,,1008.7,,.1,,.94,,,,8,3,,8,4953,,,22.9,,,,,
146,傈林,2026-05-12 15:00,19.8,,,9,2.2,,270,,66,,15.2,13.2,1001,,1008,,0,,1.1,,,,8,1,,18,4920,,,23.7,,,,,
146,傈林,2026-05-12 16:00,21,,,9,2.1,,250,,62,,15.4,13.4,1000.4,,1007.4,,.6,,1.56,,,,7,1,,,4307,,,26,,,,,
146,傈林,2026-05-12 17:00,21.3,,,9,2.3,,250,,60,,15.2,13.2,1000.1,,1007.1,,.8,,1.38,,,,7,0,,,4924,,,25.3,,,,,
146,傈林,2026-05-12 18:00,21.5,,,9,2.5,,270,,60,,15.4,13.4,1000,,1007,,1,,1.3,,,,5,4,,10,4640,,,24.1,,,,,
146,傈林,2026-05-12 19:00,19.9,,,9,2.6,,270,,73,,16.9,14.9,1000.3,,1007.3,,.2,,.3,,,,4,3,,7,3514,,,20.6,,,,,
146,傈林,2026-05-12 20:00,18.4,,,9,1.7,,290,,77,,16.2,14.2,1000.9,,1008,,0,,.02,,,,3,3,,11,2734,,,18.6,,,,,
146,傈林,2026-05-12 21:00,17.4,,,9,1.8,,250,,83,,16.4,14.4,1001.8,,1008.9,,,9,,9,,,0,0,,,1140,,,17.6,,,,,
146,傈林,2026-05-12 22:00,16.1,,,9,1.8,,250,,86,,15.7,13.7,1002.2,,1009.3,,,9,,9,,,0,0,,,908,,,16.7,,,,,
146,傈林,2026-05-12 23:00,15,,,9,1,,250,,88,,15,13,1002.3,,1009.5,,,9,,9,,,0,0,,,665,,,15.8,,,,,
146,傈林,2026-05-13 00:00,14.8,,,9,.7,,160,,88,,14.8,12.8,1002.2,,1009.4,,,9,,9,,,0,0,,,1080,,,15.1,,,,,
146,傈林,2026-05-13 01:00,14.5,,,,.4,,0,,89,,14.7,12.7,1002.3,,1009.5,,,9,,9,,,0,0,,,873,,,14.6,,,,,
146,傈林,2026-05-13 02:00,14.5,,,,.9,,270,,90,,14.8,12.8,1002.7,,1009.9,,,9,,9,,,0,0,,,441,,,15.2,,,,,
146,傈林,2026-05-13 03:00,14.3,,,,1.2,,250,,89,,14.5,12.5,1002.7,,1009.9,,,9,,9,,,0,0,,,868,,,14.6,,,,,
146,傈林,2026-05-13 04:00,14,,,,.5,,320,,90,,14.3,12.3,1002.8,,1010,,,9,,9,,,9,2,,3,943,,,14,,,,,
146,傈林,2026-05-13 05:00,14.1,,,,.9,,20,,90,,14.4,12.4,1002.7,,1009.9,,,9,,9,,,9,9,,3,448,,,14.2,,,,,
146,傈林,2026-05-13 06:00,14.8,,,,.7,,360,,89,,14.9,12.9,1002.9,,1010.1,,0,,.01,,,,9,9,,2,486,,,15.2,,,,,
146,傈林,2026-05-13 07:00,15.3,,,,.1,,0,,87,,15.1,13.1,1003.5,,1010.7,,0,,.16,,,,10,10,,2,528,,,16.4,,,,,
146,傈林,2026-05-13 08:00,15.8,,,,1.4,,340,,87,,15.6,13.6,1003.5,,1010.6,,0,,.34,,,,10,10,,2,436,,,17.7,,,,,
146,傈林,2026-05-13 09:00,17,,,,1.9,,70,,83,,16,14,1003.5,,1010.6,,0,,.94,,,,8,8,,2,573,,19,21.2,,,,,
146,傈林,2026-05-13 10:00,19.3,,,,1.8,,290,,74,,16.5,14.5,1003.2,,1010.2,,.9,,2.71,,,,0,0,,,795,,19,24.9,,,,,
146,傈林,2026-05-13 11:00,21.5,,,,2,,290,,65,,16.6,14.6,1002.9,,1009.9,,1,,3.13,,,,0,0,,,1537,,,29.6,,,,,
146,傈林,2026-05-13 12:00,23.3,,,,2.5,,320,,62,,17.7,15.6,1002.5,,1009.4,,1,,3.46,,,,0,0,,,1299,,,31.9,,,,,
146,傈林,2026-05-13 13:00,24.8,,,,2.4,,320,,56,,17.5,15.4,1002.1,,1009,,1,,3.55,,,,0,0,,,1483,,,32.8,,,,,
146,傈林,2026-05-13 14:00,26,,,,2.2,,270,,58,,19.4,17,1001.5,,1008.4,,1,,3.43,,,,0,0,,,2099,,,33.3,,,,,
146,傈林,2026-05-13 15:00,26.4,,,,2.6,,290,,50,,17.2,15.1,1001.2,,1008,,1,,2.89,,,,0,0,,,3109,,,31.5,,,,,
146,傈林,2026-05-13 16:00,25.3,,,,4.6,,270,,59,,19,16.7,1001.1,,1008,,1,,2.53,,,,0,0,,,1118,,,28.9,,,,,
146,傈林,2026-05-13 17:00,24,,,,4.2,,270,,57,,16.9,14.9,1001.5,,1008.4,,1,,1.82,,,,0,0,,,1618,,,25.3,,,,,
146,傈林,2026-05-13 18:00,23,,,,3,,250,,57,,16,14,1001.5,,1008.4,,1,,1.07,,,,0,0,,,1887,,,23.1,,,,,
146,傈林,2026-05-13 19:00,21.1,,,,2.6,,250,,68,,16.9,14.9,1002.2,,1009.2,,.6,,.36,,,,0,0,,,2110,,,20.3,,,,,
146,傈林,2026-05-13 20:00,18.9,,,,2.6,,250,,78,,16.9,14.9,1002.8,,1009.9,,0,,.01,,,,0,0,,,1284,,,18.6,,,,,
146,傈林,2026-05-13 21:00,17.3,,,,2.8,,250,,79,,15.6,13.6,1003.5,,1010.6,,,9,,9,,,0,0,,,1343,,,17.2,,,,,
146,傈林,2026-05-13 22:00,16.5,,,,2,,250,,79,,14.8,12.8,1004.1,,1011.2,,,9,,9,,,0,0,,,1432,,,16.3,,,,,
146,傈林,2026-05-13 23:00,15.4,,,,.7,,340,,82,,14.3,12.3,1004.4,,1011.6,,,9,,9,,,0,0,,,1218,,,15.6,,,,,
146,傈林,2026-05-14 00:00,14.7,,,,1.6,,340,,88,,14.7,12.7,1004.8,,1012,,,9,,9,,,6,3,,76,503,,,15.2,,,,,
146,傈林,2026-05-14 01:00,14,,,,.7,,50,,89,,14.2,12.2,1004.6,,1011.8,,,9,,9,,,6,0,,,329,,,14.6,,,,,
146,傈林,2026-05-14 02:00,13.9,,,,.7,,20,,91,,14.4,12.4,1004.4,,1011.6,,,9,,9,,,0,0,,,332,,,14.2,,,,,
146,傈林,2026-05-14 03:00,13.7,,,,1.3,,50,,91,,14.2,12.2,1004.4,,1011.6,,,9,,9,,,0,0,,,268,,,13.8,,,,,
146,傈林,2026-05-14 04:00,14.4,,,,.9,,110,,88,,14.4,12.4,1004.4,,1011.6,,,9,,9,,,0,0,,,852,,,13.5,,,,,
146,傈林,2026-05-14 05:00,14.3,,,,.8,,90,,87,,14.1,12.1,1004.7,,1011.9,,,9,,9,,,0,0,,,1412,,,13.3,,,,,
146,傈林,2026-05-14 06:00,13.9,,,,1,,70,,90,,14.2,12.2,1005.4,,1012.6,,0,,.02,,,,0,0,,,516,,,13.4,,,,,
146,傈林,2026-05-14 07:00,16.6,,,,.1,,0,,85,,16,14,1005.8,,1012.9,,.6,,.39,,,,0,0,,,780,,,16.1,,,,,
146,傈林,2026-05-14 08:00,19.1,,,,.4,,0,,76,,16.7,14.7,1006.3,,1013.4,,1,,1.08,,,,0,0,,,1360,,,20.8,,,,,
146,傈林,2026-05-14 09:00,20.9,,,,1.4,,290,,71,,17.5,15.4,1006.7,,1013.7,,1,,1.82,,,,0,0,,,1023,,,25.2,,,,,
146,傈林,2026-05-14 10:00,23.7,,,,1.5,,360,,64,,18.6,16.4,1006.7,,1013.7,,1,,2.53,,,,0,0,,,974,,,28.5,,,,,
146,傈林,2026-05-14 11:00,,9,,,,9,,9,,9,,,,9,,9,,9,,9,,,0,0,,,,,,,9,,,,
146,傈林,2026-05-14 12:00,28.2,,,,1.5,,320,,49,,18.6,16.4,1006.4,,1013.2,,1,,3.37,,,,0,0,,,1759,,,36.8,,,,,
146,傈林,2026-05-14 13:00,29.8,,,,2.1,,250,,45,,18.8,16.5,1006.3,,1013.1,,1,,3.47,,,,3,0,,,2040,,,38.6,,,,,
146,傈林,2026-05-14 14:00,29.9,,,,2.5,,270,,44,,18.5,16.3,1006,,1012.8,,1,,3.22,,,,5,0,,,2777,,,36,,,,,
146,傈林,2026-05-14 15:00,29.1,,,,2.9,,270,,47,,18.9,16.6,1005.9,,1012.7,,.4,,1.7,,,,7,0,,,2633,,,32.8,,,,,
146,傈林,2026-05-14 16:00,28.2,,,,2.1,,250,,46,,17.5,15.4,1006,,1012.8,,0,,.68,,,,,,,,2979,,,27.2,,,,,
146,傈林,2026-05-14 17:00,24.7,,0,,3.7,,230,,65,,20.1,17.6,1006.9,,1013.8,,.1,,.39,,,,8,2,,76,1452,,01,25.8,,,,,
146,傈林,2026-05-14 18:00,23.5,,,9,1.1,,320,,65,,18.8,16.5,1007.5,,1014.5,,.3,,.63,,,,6,3,,26,1905,,,23.7,,,,,
146,傈林,2026-05-14 19:00,22.2,,,9,1.9,,270,,70,,18.6,16.4,1008.3,,1015.3,,0,,.14,,,,0,0,,,1676,,,21.4,,,,,
146,傈林,2026-05-14 20:00,20.7,,,9,1.6,,290,,71,,17.3,15.2,1009.2,,1016.3,,0,,.02,,,,0,0,,,1527,,,19.2,,,,,
146,傈林,2026-05-14 21:00,19.5,,,9,1.2,,320,,74,,16.7,14.7,1010.5,,1017.6,,,9,,9,,,0,0,,,1313,,,18,,,,,
146,傈林,2026-05-14 22:00,18.8,,,9,1,,360,,75,,16.2,14.2,1011.4,,1018.5,,,9,,9,,,0,0,,,1196,,,17.2,,,,,
146,傈林,2026-05-14 23:00,17.7,,,9,.9,,340,,78,,15.8,13.8,1011.9,,1019.1,,,9,,9,,,0,0,,,920,,,16.5,,,,,
146,傈林,2026-05-15 00:00,18.4,,,9,1.2,,110,,79,,16.6,14.6,1012.3,,1019.4,,,9,,9,,,0,0,,,1144,,,16.1,,,,,
146,傈林,2026-05-15 01:00,17.7,,,,.3,,0,,82,,16.5,14.5,1012.7,,1019.9,,,9,,9,,,0,0,,,1099,,,15.8,,,,,
146,傈林,2026-05-15 02:00,17.4,,,,1.5,,110,,84,,16.6,14.6,1012.7,,1019.9,,,9,,9,,,0,0,,,1003,,,15.3,,,,,
146,傈林,2026-05-15 03:00,16.9,,,,1.2,,140,,85,,16.3,14.3,1013,,1020.2,,,9,,9,,,0,0,,,871,,,15.2,,,,,
146,傈林,2026-05-15 04:00,16.7,,,,1.2,,110,,86,,16.3,14.3,1013.2,,1020.4,,,9,,9,,,0,0,,,857,,,14.7,,,,,
146,傈林,2026-05-15 05:00,15.8,,,,1.7,,140,,88,,15.8,13.8,1013.3,,1020.5,,,9,,9,,,0,0,,,664,,,14,,,,,
146,傈林,2026-05-15 06:00,15.8,,,,1.8,,140,,88,,15.8,13.8,1013.8,,1021,,0,,.03,,,,0,0,,,642,,,14.2,,,,,
146,傈林,2026-05-15 07:00,17.7,,,,.1,,0,,83,,16.7,14.7,1014,,1021.2,,.9,,.44,,,,0,0,,,790,,,17,,,,,
146,傈林,2026-05-15 08:00,20.2,,,,1,,360,,75,,17.7,15.6,1014.2,,1021.3,,1,,1.16,,,,0,0,,,1167,,,21.7,,,,,
146,傈林,2026-05-15 09:00,23,,,,1.3,,340,,64,,17.9,15.8,1014,,1021,,1,,1.94,,,,0,0,,,1911,,,27,,,,,
146,傈林,2026-05-15 10:00,25,,,,1.6,,20,,52,,16.4,14.4,1013.9,,1020.9,,1,,2.64,,,,0,0,,,2530,,,32,,,,,
146,傈林,2026-05-15 11:00,26.7,,,,1.8,,340,,43,,15,13,1013.4,,1020.3,,1,,3.16,,,,0,0,,,4072,,,35.5,,,,,
146,傈林,2026-05-15 12:00,28,,,,2.9,,340,,40,,15.1,13.1,1013,,1019.9,,1,,3.49,,,,0,0,,,4455,,,37.7,,,,,
146,傈林,2026-05-15 13:00,29.1,,,,2,,20,,32,,12.9,10.7,1012.3,,1019.2,,1,,3.58,,,,0,0,,,4451,,,39.6,,,,,
146,傈林,2026-05-15 14:00,30,,,,3,,270,,33,,13.9,11.9,1011.8,,1018.6,,1,,3.47,,,,0,0,,,4394,,,39.2,,,,,
146,傈林,2026-05-15 15:00,30.8,,,,3.5,,270,,32,,14.1,12.1,1011.1,,1017.9,,1,,3.12,,,,0,0,,,4221,,,37.6,,,,,
146,傈林,2026-05-15 16:00,30.4,,,,3.2,,270,,31,,13.4,11.3,1010.9,,1017.7,,1,,2.6,,,,0,0,,,4069,,,35.3,,,,,
146,傈林,2026-05-15 17:00,28.1,,,,4.9,,290,,44,,16.6,14.6,1011.3,,1018.2,,1,,1.89,,,,0,0,,,3628,,,29.5,,,,,
146,傈林,2026-05-15 18:00,26.2,,,,2.2,,270,,47,,15.9,13.9,1011.9,,1018.8,,1,,1.12,,,,0,0,,,3831,,,27,,,,,
146,傈林,2026-05-15 19:00,23.4,,,,3,,270,,59,,16.9,14.9,1012.9,,1019.9,,.8,,.41,,,,0,0,,,1814,,,22.5,,,,,
146,傈林,2026-05-15 20:00,21.7,,,,3.2,,230,,58,,15,13,1013.8,,1020.9,,0,,.03,,,,0,0,,,2411,,,19.5,,,,,
146,傈林,2026-05-15 21:00,21.2,,,,1.9,,230,,56,,14,12,1014.4,,1021.5,,,9,,9,,,0,0,,,3167,,,18,,,,,
146,傈林,2026-05-15 22:00,20.7,,,,1.9,,200,,61,,14.9,12.9,1014.7,,1021.8,,,9,,9,,,0,0,,,3095,,,17.2,,,,,
146,傈林,2026-05-15 23:00,19.7,,,,1.2,,160,,67,,15.3,13.3,1015,,1022.1,,,9,,9,,,0,0,,,2736,,,16.5,,,,,
146,傈林,2026-05-16 00:00,18.8,,,,1.4,,140,,68,,14.7,12.7,1015.3,,1022.4,,,9,,9,,,0,0,,,3032,,,15.8,,,,,
146,傈林,2026-05-16 01:00,17.8,,,,1.7,,140,,71,,14.4,12.4,1015.2,,1022.4,,,9,,9,,,0,0,,,2968,,,15.1,,,,,
146,傈林,2026-05-16 02:00,16.9,,,,1.3,,140,,73,,14,12,1015.1,,1022.3,,,9,,9,,,0,0,,,2856,,,14.5,,,,,
146,傈林,2026-05-16 03:00,16.9,,,,1.3,,110,,74,,14.2,12.2,1015.1,,1022.3,,,9,,9,,,0,0,,,2823,,,14,,,,,
146,傈林,2026-05-16 04:00,15.7,,,,1.6,,140,,76,,13.5,11.4,1015.1,,1022.3,,,9,,9,,,0,0,,,2901,,,13.4,,,,,
146,傈林,2026-05-16 05:00,15.1,,,,1.6,,140,,76,,12.9,10.8,1015,,1022.3,,,9,,9,,,0,0,,,2901,,,13,,,,,
146,傈林,2026-05-16 06:00,15.6,,,,.8,,90,,76,,13.4,11.3,1015.2,,1022.4,,0,,.03,,,,0,0,,,2953,,,13.2,,,,,
146,傈林,2026-05-16 07:00,18.3,,,,.7,,140,,71,,14.9,12.9,1015.4,,1022.6,,1,,.46,,,,0,0,,,2942,,,16.4,,,,,
146,傈林,2026-05-16 08:00,20.8,,,,.5,,140,,63,,15.4,13.4,1015.6,,1022.7,,1,,1.16,,,,0,0,,,3658,,,21.4,,,,,
146,傈林,2026-05-16 09:00,23.1,,,,.8,,230,,52,,14.6,12.6,1015.6,,1022.6,,1,,1.91,,,,0,0,,,4520,,,27.5,,,,,
146,傈林,2026-05-16 10:00,26,,,,1.8,,290,,45,,15.1,13.1,1015.6,,1022.6,,1,,2.59,,,,0,0,,,2910,,,32.7,,,,,
146,傈林,2026-05-16 11:00,27.5,,,,2,,340,,41,,15,13,1015.2,,1022.1,,1,,3.12,,,,0,0,,,3633,,,36.8,,,,,
146,傈林,2026-05-16 12:00,28.4,,,,2.6,,320,,40,,15.4,13.4,1014.7,,1021.6,,1,,3.42,,,,0,0,,,3054,,,39.7,,,,,
146,傈林,2026-05-16 13:00,29.3,,,,3.1,,20,,38,,15.5,13.5,1014.1,,1021,,1,,3.53,,,,0,0,,,3790,,,41.5,,,,,
146,傈林,2026-05-16 14:00,29.8,,,,3,,270,,35,,14.6,12.6,1013.5,,1020.3,,1,,3.42,,,,0,0,,,4342,,,41.5,,,,,
146,傈林,2026-05-16 15:00,29.5,,,,4.4,,270,,38,,15.6,13.6,1012.5,,1019.3,,1,,3.07,,,,0,0,,,3952,,,40.1,,,,,
146,傈林,2026-05-16 16:00,28.4,,,,3.7,,270,,40,,15.4,13.4,1012.1,,1019,,1,,2.52,,,,0,0,,,3820,,,37.2,,,,,
146,傈林,2026-05-16 17:00,27.5,,,,3.1,,290,,41,,15,13,1012,,1018.9,,1,,1.85,,,,0,0,,,4147,,,31.5,,,,,
146,傈林,2026-05-16 18:00,26.1,,,,2.4,,290,,42,,14.1,12.1,1012.2,,1019.1,,1,,1.1,,,,0,0,,,4298,,,28.4,,,,,
146,傈林,2026-05-16 19:00,23.5,,,,3.7,,230,,47,,13.6,11.5,1012.6,,1019.6,,.8,,.42,,,,0,0,,,4591,,,23.3,,,,,
146,傈林,2026-05-16 20:00,21,,,,3.1,,250,,60,,14.9,12.9,1012.9,,1020,,0,,.04,,,,0,0,,,3578,,,20.1,,,,,
146,傈林,2026-05-16 21:00,19.9,,,,2.5,,230,,65,,15.1,13.1,1013.8,,1020.9,,,9,,9,,,0,0,,,3289,,,18.6,,,,,
146,傈林,2026-05-16 22:00,19.3,,,,.9,,250,,64,,14.3,12.3,1014.3,,1021.4,,,9,,9,,,0,0,,,3241,,,17.5,,,,,
146,傈林,2026-05-16 23:00,18.9,,,,.4,,0,,65,,14.1,12.1,1014.5,,1021.6,,,9,,9,,,0,0,,,3253,,,16.7,,,,,
146,傈林,2026-05-17 00:00,18.1,,,,0,,0,,69,,14.3,12.3,1014.5,,1021.7,,,9,,9,,,0,0,,,3104,,,15.9,,,,,
146,傈林,2026-05-17 01:00,17.8,,,,1.2,,140,,71,,14.4,12.4,1014.2,,1021.4,,,9,,9,,,0,0,,,3356,,,15.2,,,,,
146,傈林,2026-05-17 02:00,17.2,,,,1.7,,110,,73,,14.3,12.3,1014,,1021.2,,,9,,9,,,0,0,,,3062,,,14.7,,,,,
146,傈林,2026-05-17 03:00,16.2,,,,1.9,,140,,75,,13.7,11.7,1013.9,,1021.1,,,9,,9,,,0,0,,,2957,,,14.1,,,,,
146,傈林,2026-05-17 04:00,15.6,,,,1.7,,140,,77,,13.6,11.5,1013.4,,1020.6,,,9,,9,,,0,0,,,2846,,,13.6,,,,,
146,傈林,2026-05-17 05:00,15.5,,,,1.3,,140,,77,,13.5,11.4,1013.3,,1020.5,,,9,,9,,,0,0,,,2878,,,13.2,,,,,
146,傈林,2026-05-17 06:00,15.5,,,,1.6,,110,,78,,13.7,11.6,1013.5,,1020.7,,0,,.04,,,,0,0,,,2741,,,13.5,,,,,
146,傈林,2026-05-17 07:00,17.8,,,,1.2,,160,,74,,15,13,1013.6,,1020.8,,1,,.46,,,,0,0,,,3121,,,16.5,,,,,
146,傈林,2026-05-17 08:00,20.6,,,,.8,,360,,66,,16,14,1013.9,,1021,,1,,1.18,,,,0,0,,,2963,,,21.8,,,,,
146,傈林,2026-05-17 09:00,22.5,,,,.8,,340,,59,,16,14,1013.8,,1020.8,,1,,1.9,,,,0,0,,,2552,,,28,,,,,
146,傈林,2026-05-17 10:00,24.6,,,,2,,320,,48,,14.8,12.8,1013.6,,1020.6,,1,,2.55,,,,1,0,,,3133,,,34.1,,,,,
146,傈林,2026-05-17 11:00,26.5,,,,2.1,,340,,43,,14.8,12.8,1013.3,,1020.2,,1,,3.14,,,,0,0,,,2874,,,38.8,,,,,
146,傈林,2026-05-17 12:00,28.2,,,,2.3,,320,,41,,15.6,13.6,1012.6,,1019.5,,1,,3.43,,,,2,0,,,2576,,,42.3,,,,,
146,傈林,2026-05-17 13:00,29.3,,,,2.5,,270,,35,,14.2,12.2,1012,,1018.9,,1,,3.53,,,,1,0,,,3239,,,45,,,,,
146,傈林,2026-05-17 14:00,30.2,,,,2.4,,250,,36,,15.4,13.4,1010.9,,1017.7,,1,,3.5,,,,0,0,,,3276,,,46.5,,,,,
146,傈林,2026-05-17 15:00,30.2,,,,3.4,,270,,33,,14.1,12.1,1010.4,,1017.2,,1,,3.1,,,,3,0,,,3062,,,44,,,,,
146,傈林,2026-05-17 16:00,30.7,,,,2.3,,290,,32,,14.1,12.1,1009.7,,1016.5,,1,,2.65,,,,0,0,,,4354,,,42,,,,,
146,傈林,2026-05-17 17:00,28.8,,,,3.9,,270,,40,,15.8,13.8,1009.5,,1016.3,,1,,1.88,,,,0,0,,,3101,,,34.6,,,,,
146,傈林,2026-05-17 18:00,27.1,,,,3.7,,270,,41,,14.7,12.7,1009.5,,1016.4,,1,,1.1,,,,0,0,,,4366,,,30.6,,,,,
146,傈林,2026-05-17 19:00,25.6,,,,2.6,,250,,43,,14,12,1009.6,,1016.5,,.8,,.45,,,,0,0,,,3715,,,25.5,,,,,
146,傈林,2026-05-17 20:00,23.5,,,,2.6,,250,,48,,13.8,11.8,1010,,1017,,0,,.02,,,,0,0,,,4246,,,22,,,,,
146,傈林,2026-05-17 21:00,22,,,,2.5,,230,,52,,13.7,11.6,1010.6,,1017.6,,,9,,9,,,0,0,,,3588,,,20,,,,,
146,傈林,2026-05-17 22:00,21.2,,,,2.7,,250,,59,,14.8,12.8,1011.3,,1018.4,,,9,,9,,,0,0,,,3066,,,15.6,,,,,
146,傈林,2026-05-17 23:00,20.7,,,,1.4,,180,,55,,13.4,11.3,1011.6,,1018.7,,,9,,9,,,0,0,,,3812,,,17.5,,,,,
146,傈林,2026-05-18 00:00,19.5,,,,1,,140,,67,,15.2,13.2,1011.7,,1018.8,,,9,,9,,,0,0,,,3226,,,16.6,,,,,
146,傈林,2026-05-18 01:00,18.6,,,,1.9,,140,,70,,15,13,1011.4,,1018.5,,,9,,9,,,0,0,,,2839,,,15.8,,,,,
146,傈林,2026-05-18 02:00,17.6,,,,2.2,,140,,73,,14.6,12.6,1010.9,,1018.1,,,9,,9,,,1,0,,,3060,,,15,,,,,
146,傈林,2026-05-18 03:00,16.9,,,,2.3,,140,,72,,13.8,11.8,1009.7,,1016.9,,,9,,9,,,0,0,,,2877,,,14.3,,,,,
146,傈林,2026-05-18 04:00,16.7,,,,1.9,,110,,71,,13.5,11.4,1009.3,,1016.5,,,9,,9,,,0,0,,,3251,,,13.6,,,,,
146,傈林,2026-05-18 05:00,16.3,,,,2.1,,110,,74,,13.7,11.6,1008.9,,1016.1,,,9,,9,,,1,0,,,2822,,,13.1,,,,,
146,傈林,2026-05-18 06:00,17.1,,,,2,,140,,72,,14,12,1009,,1016.2,,.2,,.05,,,,0,0,,,2982,,,13.4,,,,,
146,傈林,2026-05-18 07:00,19.3,,,,.5,,320,,68,,15.2,13.2,1009.4,,1016.5,,1,,.51,,,,0,0,,,2793,,,16.7,,,,,
146,傈林,2026-05-18 08:00,21.7,,,,.9,,250,,62,,16,14,1010.5,,1017.5,,1,,1.23,,,,0,0,,,2521,,,22.7,,,,,
146,傈林,2026-05-18 09:00,23.1,,,,.9,,200,,54,,15.2,13.2,1010.9,,1017.9,,1,,1.98,,,,0,0,,,3115,,,30,,,,,
146,傈林,2026-05-18 10:00,25.4,,,,2.2,,230,,44,,14.2,12.2,1010.8,,1017.7,,1,,2.67,,,,0,0,,,3460,,,36.4,,,,,
146,傈林,2026-05-18 11:00,27.9,,,,.8,,250,,39,,14.6,12.6,1010.1,,1017,,1,,3.19,,,,0,0,,,3338,,,42.7,,,,,
146,傈林,2026-05-18 12:00,29,,,,2.3,,250,,35,,13.9,11.9,1009.7,,1016.5,,1,,3.5,,,,0,0,,,3610,,,46.2,,,,,
146,傈林,2026-05-18 13:00,30.3,,,,2.5,,320,,35,,15.1,13.1,1008.9,,1015.7,,1,,3.61,,,,0,0,,,3857,,,48,,,,,
146,傈林,2026-05-18 14:00,30.2,,,,2.9,,270,,34,,14.5,12.5,1008.2,,1015,,1,,3.32,,,,3,0,,,2908,,,47,,,,,
146,傈林,2026-05-18 15:00,30.6,,,,3.7,,290,,34,,14.9,12.9,1007.4,,1014.2,,1,,3.07,,,,4,0,,,3927,,,44.2,,,,,
146,傈林,2026-05-18 16:00,29.6,,,,3.9,,320,,33,,13.7,11.6,1007.3,,1014.1,,1,,2.63,,,,,,,,3480,,,42.3,,,,,
146,傈林,2026-05-18 17:00,27.4,,,,3.3,,320,,38,,13.8,11.8,1007.3,,1014.2,,.7,,1.4,,,,7,0,,,3977,,,33.6,,,,,
146,傈林,2026-05-18 18:00,26.9,,,,3.2,,290,,39,,13.7,11.7,1007.1,,1014,,.9,,1.16,,,,7,0,,,3882,,,32,,,,,
146,傈林,2026-05-18 19:00,24.6,,,,3.1,,320,,46,,14.2,12.2,1007.6,,1014.5,,.6,,.44,,,,5,0,,,4116,,,25.6,,,,,
146,傈林,2026-05-18 20:00,22.6,,,,1.5,,320,,50,,13.7,11.6,1008,,1015,,0,,.04,,,,5,0,,,3860,,,21.9,,,,,
146,傈林,2026-05-18 21:00,21.4,,,,1.4,,320,,55,,13.9,11.9,1009,,1016,,,9,,9,,,0,0,,,3264,,,19.9,,,,,
146,傈林,2026-05-18 22:00,20.4,,,,1.2,,50,,53,,12.6,10.4,1009.4,,1016.5,,,9,,9,,,6,0,,,3708,,,18.6,,,,,
146,傈林,2026-05-18 23:00,20.3,,,,1.5,,110,,62,,14.7,12.7,1009.3,,1016.4,,,9,,9,,,7,0,,,3526,,,17.5,,,,,
146,傈林,2026-05-19 00:00,19.2,,,,1.7,,110,,67,,14.9,12.9,1009.4,,1016.5,,,9,,9,,,7,0,,,3138,,,16.3,,,,,
146,傈林,2026-05-19 01:00,18.1,,,,.8,,90,,71,,14.7,12.7,1009,,1016.1,,,9,,9,,,7,0,,,2982,,,15.6,,,,,
146,傈林,2026-05-19 02:00,17.6,,,,1.9,,140,,72,,14.4,12.4,1008.7,,1015.8,,,9,,9,,,7,0,,,2836,,,15.1,,,,,
146,傈林,2026-05-19 03:00,16.9,,,,1.9,,140,,72,,13.8,11.8,1008.2,,1015.4,,,9,,9,,,8,0,,,2568,,,14.4,,,,,
146,傈林,2026-05-19 04:00,16.6,,,,2.3,,140,,72,,13.6,11.5,1007.8,,1015,,,9,,9,,,9,0,,,2589,,,14.1,,,,,
146,傈林,2026-05-19 05:00,16,,,,2,,140,,72,,13,10.9,1007.4,,1014.6,,,9,,9,,,9,0,,,2729,,,13.8,,,,,
146,傈林,2026-05-19 06:00,16.2,,,,1.8,,140,,71,,13,10.9,1007.2,,1014.4,,.1,,.04,,,,7,0,,,2627,,,13.6,,,,,
146,傈林,2026-05-19 07:00,18.1,,,,1.5,,110,,64,,13.2,11.1,1007.4,,1014.5,,.6,,.48,,,,5,0,,,2733,,,15.8,,,,,
146,傈林,2026-05-19 08:00,22.1,,,,1.6,,180,,53,,14,12,1007.3,,1014.3,,.9,,1.18,,,,5,0,,,3335,,,23.3,,,,,
146,傈林,2026-05-19 09:00,23.9,,,,2.3,,160,,42,,12.4,10.1,1007.4,,1014.4,,1,,1.88,,,,8,0,,,3528,,,28.4,,,,,
146,傈林,2026-05-19 10:00,25.2,,,,3,,160,,38,,12.1,9.8,1007.4,,1014.3,,.9,,2.32,,,,8,0,,,4041,,,35.2,,,,,
146,傈林,2026-05-19 11:00,26,,,,2.1,,180,,40,,13.4,11.3,1007.3,,1014.2,,.7,,2.46,,,,6,0,,,4431,,,40.4,,,,,
146,傈林,2026-05-19 12:00,27.7,,,,2.1,,160,,41,,15.2,13.2,1006.5,,1013.4,,1,,3.4,,,,4,0,,,3963,,,46.5,,,,,
146,傈林,2026-05-19 13:00,27.7,,,,2.5,,200,,42,,15.6,13.6,1006.1,,1013,,.9,,3.09,,,,8,0,,,3501,,,43.3,,,,,
146,傈林,2026-05-19 14:00,27.7,,,,3.2,,230,,40,,14.8,12.8,1005.3,,1012.1,,.8,,2.74,,,,9,0,,,3578,,,40.9,,,,,
146,傈林,2026-05-19 15:00,27.4,,,,1.7,,110,,41,,14.9,12.9,1004.6,,1011.4,,0,,1.23,,,,10,0,,,3171,,,35.1,,,,,
146,傈林,2026-05-19 16:00,27.9,,,,2,,230,,42,,15.7,13.7,1004.2,,1011,,.1,,1.16,,,,9,0,,,3531,,,36,,,,,
146,傈林,2026-05-19 17:00,26.8,,,,2.2,,140,,43,,15.1,13.1,1003.8,,1010.7,,0,,.78,,,,9,0,,,3338,,,30.6,,,,,
146,傈林,2026-05-19 18:00,26.1,,,,1.7,,200,,44,,14.8,12.8,1003.8,,1010.7,,0,,.31,,,,10,0,,,3258,,,27.3,,,,,
146,傈林,2026-05-19 19:00,25.2,,,,2.2,,180,,43,,13.7,11.7,1004.2,,1011.1,,0,,.11,,,,10,7,,18,3617,,,24.7,,,,,
146,傈林,2026-05-19 20:00,24.4,,,,1.7,,180,,46,,14,12,1004.6,,1011.5,,0,,0,,,,10,1,,18,4350,,,23.2,,,,,
146,傈林,2026-05-19 21:00,23.5,,,,2,,110,,51,,14.7,12.7,1004.8,,1011.7,,,9,,9,,,10,6,,51,3946,,,22.2,,,,,
146,傈林,2026-05-19 22:00,23.3,,0,,1.6,,200,,57,,16.2,14.2,1005.8,,1012.8,,,9,,9,,,10,5,,24,3574,,,21.9,,,,,
146,傈林,2026-05-19 23:00,22.8,,,9,1.8,,140,,61,,16.8,14.8,1005,,1012,,,9,,9,,,10,6,,48,3261,,,21.2,,,,,
146,傈林,2026-05-20 00:00,22.5,,,9,1.5,,180,,64,,17.4,15.3,1004.6,,1011.6,,,9,,9,,,10,6,,21,3216,,,21.1,,,,,
146,傈林,2026-05-20 01:00,22.1,,0,,2.7,,160,,62,,16.4,14.4,1004.5,,1011.5,,,9,,9,,,10,4,,16,3082,,,20.6,,,,,
146,傈林,2026-05-20 02:00,20.4,,0,,3,,140,,70,,16.7,14.7,1004.2,,1011.2,,,9,,9,,,10,3,,16,2930,,,19.1,,,,,
146,傈林,2026-05-20 03:00,18.6,,.1,,2.5,,140,,78,,16.6,14.6,1003.9,,1011,,,9,,9,,,10,9,,13,3210,,,18.6,,,,,
146,傈林,2026-05-20 04:00,17.8,,.9,,1.4,,50,,81,,16.4,14.4,1003.7,,1010.8,,,9,,9,,,10,9,,9,1629,,,18.4,,,,,
146,傈林,2026-05-20 05:00,17.1,,.5,,2.3,,320,,86,,16.7,14.7,1003.3,,1010.4,,,9,,9,,,10,2,,11,1706,,,18,,,,,
146,傈林,2026-05-20 06:00,16.8,,.8,,1.8,,50,,89,,16.9,14.9,1003.3,,1010.4,,0,,0,,,,10,8,,10,1177,,,18.1,,,,,
146,傈林,2026-05-20 07:00,16.9,,.7,,2.6,,70,,90,,17.3,15.2,1002.8,,1009.9,,0,,.05,,,,10,8,,7,813,,,17.9,,,,,
146,傈林,2026-05-20 08:00,17.3,,5.9,,1,,20,,90,,17.7,15.6,1002.9,,1010,,0,,.12,,,,10,2,,6,443,,,18.8,,,,,
146,傈林,2026-05-20 09:00,17.6,,4.4,,1.8,,50,,90,,18.1,15.9,1002.7,,1009.8,,0,,.15,,,,10,6,,,433,,01,19.3,,,,,
146,傈林,2026-05-20 10:00,18.4,,2.8,,.5,,90,,90,,19,16.7,1002,,1009.1,,0,,.25,,,,10,3,,1,941,,01,20.1,,,,,
146,傈林,2026-05-20 11:00,18.6,,4.3,,1.5,,50,,90,,19.2,16.9,1001.6,,1008.7,,0,,.22,,,,10,7,,2,603,,01,20.3,,,,,
146,傈林,2026-05-20 12:00,19.4,,1.3,,1.6,,70,,89,,20,17.5,1000.7,,1007.7,,0,,.59,,,,10,7,,2,1646,,01,22.4,,,,,
146,傈林,2026-05-20 13:00,18.7,,4.9,,1.2,,20,,91,,19.5,17.1,1000.2,,1007.2,,0,,.38,,,,10,5,,1,842,,01,21.2,,,,,
146,傈林,2026-05-20 14:00,18.8,,5,,2.3,,50,,92,,19.9,17.4,999.2,,1006.2,,0,,.34,,,,10,3,,1,1037,,01,21.8,,,,,
146,傈林,2026-05-20 15:00,19,,3.7,,1.6,,360,,91,,19.9,17.4,998.8,,1005.8,,0,,.34,,,,10,3,,7,901,,01,21,,,,,
146,傈林,2026-05-20 16:00,18.7,,2.8,,1,,20,,92,,19.7,17.3,998.1,,1005.1,,0,,.19,,,,10,3,,2,494,,01,20.4,,,,,
146,傈林,2026-05-20 17:00,18.4,,5.8,,2.3,,90,,93,,19.6,17.2,997.5,,1004.5,,0,,.09,,,,10,3,,2,387,,01,19.8,,,,,
146,傈林,2026-05-20 18:00,18.2,,7.9,,2.2,,90,,93,,19.4,17,997.6,,1004.6,,0,,.07,,,,10,5,,7,359,,01,19.1,,,,,
146,傈林,2026-05-20 19:00,18.3,,9.8,,1.8,,110,,94,,19.7,17.3,997.7,,1004.7,,0,,.02,,,,10,4,,7,411,,01,19.1,,,,,
146,傈林,2026-05-20 20:00,18.2,,3.7,,2.1,,110,,93,,19.4,17,997.7,,1004.7,,0,,.01,,,,10,5,,11,900,,,18.9,,,,,
146,傈林,2026-05-20 21:00,18.6,,3.5,,2.9,,140,,92,,19.6,17.2,997.1,,1004.1,,,9,,9,,,10,6,,6,4767,,,18.9,,,,,
146,傈林,2026-05-20 22:00,18.9,,.6,,2.6,,140,,90,,19.6,17.2,996.6,,1003.6,,,9,,9,,,,3,,11,5000,,,19,,,,,
146,傈林,2026-05-20 23:00,19,,1.6,,2.3,,180,,91,,19.9,17.4,996.6,,1003.6,,,9,,9,,,,7,,10,1469,,,19,,,,,
146,傈林,2026-05-21 00:00,18.6,,2.6,,1.7,,110,,93,,19.9,17.4,996.2,,1003.2,,,9,,9,,,10,4,,,4577,,,19,,,,,
146,傈林,2026-05-21 01:00,18.5,,0,,2.5,,110,,93,,19.7,17.3,995.6,,1002.6,,,9,,9,,,10,6,,9,2586,,,18.9,,,,,
146,傈林,2026-05-21 02:00,18.8,,.9,,1,,110,,92,,19.9,17.4,995.7,,1002.7,,,9,,9,,,10,8,,6,2509,,,19.1,,,,,
146,傈林,2026-05-21 03:00,18.4,,.5,,1.7,,140,,93,,19.6,17.2,995.4,,1002.4,,,9,,9,,,9,7,,6,3122,,,19,,,,,
146,傈林,2026-05-21 04:00,18.9,,.7,,1.3,,200,,92,,20,17.5,995.8,,1002.8,,,9,,9,,,10,10,,4,525,,,19.1,,,,,
146,傈林,2026-05-21 05:00,18.6,,1,,3.5,,250,,94,,20.1,17.6,995.8,,1002.8,,,9,,9,,,9,6,,,714,,,19,,,,,
146,傈林,2026-05-21 06:00,17.7,,.1,,2.9,,250,,95,,19.1,16.8,996.4,,1003.4,,0,,.01,,,,9,8,,,344,,,18.4,,,,,
146,傈林,2026-05-21 07:00,17.7,,,9,5.1,,250,,93,,18.8,16.5,997.2,,1004.3,,0,,.04,,,,9,9,,1,657,,,18.3,,,,,
146,傈林,2026-05-21 08:00,17.7,,,9,2.7,,250,,93,,18.8,16.5,998.1,,1005.2,,0,,.25,,,,9,3,,3,1310,,,19.1,,,,,
146,傈林,2026-05-21 09:00,18.2,,,9,3.1,,230,,90,,18.8,16.5,998.8,,1005.8,,0,,.48,,,,9,4,,4,3398,,,20.5,,,,,
146,傈林,2026-05-21 10:00,18.8,,,9,2.8,,230,,87,,18.8,16.5,998.6,,1005.6,,0,,.67,,,,9,5,,3,2517,,,22.4,,,,,
146,傈林,2026-05-21 11:00,18.3,,.1,,1.4,,250,,90,,18.9,16.6,998.4,,1005.4,,0,,.56,,,,9,4,,4,761,,01,22.3,,,,,
146,傈林,2026-05-21 12:00,19.4,,0,,1,,250,,86,,19.2,16.9,998.1,,1005.1,,0,,1,,,,9,4,,3,2053,,01,25.8,,,,,
146,傈林,2026-05-21 13:00,19.7,,,9,3.5,,270,,87,,19.9,17.4,998.1,,1005.1,,0,,.76,,,,9,3,,4,2930,,,24.5,,,,,
146,傈林,2026-05-21 14:00,18.6,,,9,2.5,,270,,87,,18.5,16.3,998.1,,1005.1,,0,,.73,,,,9,3,,4,1884,,,21.6,,,,,
146,傈林,2026-05-21 15:00,18,,0,,1.8,,270,,90,,18.5,16.3,998.3,,1005.4,,0,,.22,,,,10,9,,2,516,,01,20.2,,,,,
146,傈林,2026-05-21 16:00,17.5,,.6,,.8,,320,,92,,18.3,16.1,998.5,,1005.6,,0,,.18,,,,10,6,,1,226,,01,19.9,,,,,
146,傈林,2026-05-21 17:00,17.3,,.6,,.7,,320,,92,,18.1,15.9,999,,1006.1,,0,,.12,,,,10,6,,1,228,,01,19.6,,,,,
146,傈林,2026-05-21 18:00,17.3,,.1,,1.3,,50,,93,,18.3,16.1,999.3,,1006.4,,0,,.17,,,,10,4,,2,233,,01,19.5,,,,,
146,傈林,2026-05-21 19:00,17.5,,.1,,0,,0,,90,,17.9,15.8,999.8,,1006.9,,0,,.12,,,,10,3,,6,1198,,01,19.4,,,,,
146,傈林,2026-05-21 20:00,17.2,,.3,,0,,0,,92,,17.9,15.8,1000.4,,1007.5,,0,,.01,,,,10,1,,3,253,,,18.7,,,,,
146,傈林,2026-05-21 21:00,17.2,,,9,.2,,0,,92,,17.9,15.8,1001.4,,1008.5,,,9,,9,,,10,7,,1,621,,,18.6,,,,,
146,傈林,2026-05-21 22:00,17.3,,0,,1.4,,340,,94,,18.5,16.3,1002,,1009.1,,,9,,9,,,10,5,,1,364,,,18.5,,,,,
146,傈林,2026-05-21 23:00,17.3,,.3,,.9,,340,,94,,18.5,16.3,1002.2,,1009.3,,,9,,9,,,10,10,,3,266,,,18.4,,,,,
146,傈林,2026-05-22 00:00,17.4,,0,,.1,,0,,93,,18.4,16.2,1002.4,,1009.5,,,9,,9,,,10,10,,,377,,,18.4,,,,,
146,傈林,2026-05-22 01:00,17.4,,,,.9,,20,,93,,18.4,16.2,1002.5,,1009.6,,,9,,9,,,10,10,,2,75,,,18.3,,,,,
146,傈林,2026-05-22 02:00,17.6,,,,.5,,180,,93,,18.6,16.4,1002.6,,1009.7,,,9,,9,,,10,9,,1,380,,,18.3,,,,,
146,傈林,2026-05-22 03:00,17.6,,,,1,,180,,93,,18.6,16.4,1003,,1010.1,,,9,,9,,,10,9,,1,424,,,18.3,,,,,
146,傈林,2026-05-22 04:00,17.5,,,,.8,,110,,93,,18.5,16.3,1003.4,,1010.5,,,9,,9,,,10,8,,8,603,,,18.2,,,,,
146,傈林,2026-05-22 05:00,17.3,,,,1.3,,50,,94,,18.5,16.3,1003.6,,1010.7,,,9,,9,,,10,8,,7,314,,,18,,,,,
146,傈林,2026-05-22 06:00,17.1,,,,.4,,0,,93,,18.1,15.9,1004.4,,1011.5,,0,,.01,,,,10,6,,14,672,,,18.1,,,,,
146,傈林,2026-05-22 07:00,17.8,,,,1,,20,,93,,18.9,16.6,1005.1,,1012.2,,0,,.27,,,,10,3,,1,759,,,19.8,,,,,
146,傈林,2026-05-22 08:00,19.1,,,,1,,70,,90,,19.9,17.4,1005.5,,1012.6,,0,,.56,,,,10,4,,14,1227,,,22.4,,,,,
146,傈林,2026-05-22 09:00,21.1,,,,.6,,230,,80,,20,17.5,1005.3,,1012.3,,.1,,1.41,,,,9,2,,16,4561,,,25.9,,,,,
146,傈林,2026-05-22 10:00,21.8,,,,.9,,320,,75,,19.5,17.1,1005.6,,1012.6,,0,,1.41,,,,9,6,,7,4724,,,26.9,,,,,
146,傈林,2026-05-22 11:00,23.3,,,,1.5,,340,,63,,17.9,15.8,1005.4,,1012.4,,.5,,2.49,,,,8,1,,9,4884,,,31.7,,,,,
146,傈林,2026-05-22 12:00,24.7,,,,2,,340,,57,,17.7,15.6,1004.9,,1011.8,,.9,,3.57,,,,4,2,,76,4357,,,35,,,,,
146,傈林,2026-05-22 13:00,24.8,,,,2,,20,,61,,19,16.7,1004,,1010.9,,.6,,2.78,,,,8,2,,11,4745,,,33.8,,,,,
146,傈林,2026-05-22 14:00,24.1,,,,1.8,,50,,60,,17.9,15.8,1003.6,,1010.5,,.1,,1.1,,,,9,4,,12,4748,,,27.6,,,,,
146,傈林,2026-05-22 15:00,25,,,,1.5,,50,,61,,19.2,16.9,1003.5,,1010.4,,.3,,1.84,,,,8,2,,12,4920,,,30.3,,,,,
146,傈林,2026-05-22 16:00,26,,,,2.1,,230,,52,,17.4,15.3,1003.1,,1010,,.4,,1.67,,,,7,3,,12,4261,,,30.3,,,,,
146,傈林,2026-05-22 17:00,24.3,,,,1.3,,250,,60,,18.2,16,1002.9,,1009.8,,.1,,.61,,,,6,2,,13,5000,,,25.3,,,,,
146,傈林,2026-05-22 18:00,23.9,,,,4,,250,,69,,20.4,17.8,1002.6,,1009.5,,.9,,1.23,,,,4,2,,14,2745,,,25.6,,,,,
146,傈林,2026-05-22 19:00,21.9,,,,1.5,,270,,76,,19.9,17.4,1003.4,,1010.4,,0,,.21,,,,5,1,,18,2308,,,22.2,,,,,
146,傈林,2026-05-22 20:00,20.5,,,,1.6,,230,,79,,19,16.7,1003.8,,1010.8,,0,,.03,,,,3,3,,17,2005,,,20.2,,,,,
146,傈林,2026-05-22 21:00,19.5,,,,1.5,,270,,80,,18.1,15.9,1004,,1011,,,9,,9,,,0,0,,,2071,,,19,,,,,
146,傈林,2026-05-22 22:00,18.8,,,,.5,,20,,83,,17.9,15.8,1004,,1011.1,,,9,,9,,,0,0,,,1655,,,18.1,,,,,
146,傈林,2026-05-22 23:00,18.2,,,,1.7,,110,,83,,17.3,15.2,1004.1,,1011.2,,,9,,9,,,2,0,,,2423,,,17.2,,,,,
146,傈林,2026-05-23 00:00,17.2,,,,2.2,,110,,81,,15.9,13.9,1004.1,,1011.2,,,9,,9,,,4,0,,,1703,,,16.4,,,,,
146,傈林,2026-05-23 01:00,16.4,,,,1.9,,110,,79,,14.7,12.7,1004.6,,1011.7,,,9,,9,,,7,0,,,1327,,,15.6,,,,,
146,傈林,2026-05-23 02:00,15.7,,,,1.6,,140,,80,,14.2,12.2,1004.8,,1012,,,9,,9,,,8,0,,,1645,,,15.1,,,,,
146,傈林,2026-05-23 03:00,14.8,,,,1.8,,140,,82,,13.7,11.7,1004.8,,1012,,,9,,9,,,4,0,,,1646,,,14.4,,,,,
146,傈林,2026-05-23 04:00,14.6,,,,2,,140,,80,,13.2,11.1,1004.7,,1011.9,,,9,,9,,,7,0,,,977,,,14,,,,,
146,傈林,2026-05-23 05:00,14.3,,,,2.1,,140,,80,,12.9,10.8,1004.1,,1011.3,,,9,,9,,,7,0,,,2297,,,13.7,,,,,
146,傈林,2026-05-23 06:00,14.8,,,,2.2,,140,,79,,13.2,11.1,1003.6,,1010.8,,0,,.03,,,,9,0,,,2177,,,14.4,,,,,
146,傈林,2026-05-23 07:00,15.8,,,,.3,,0,,76,,13.6,11.5,1005.2,,1012.4,,0,,.21,,,,10,7,,11,2199,,,16.5,,,,,
146,傈林,2026-05-23 08:00,17.9,,,,2.1,,110,,70,,14.3,12.3,1004.9,,1012,,.3,,.71,,,,7,3,,76,2261,,,20.7,,,,,
146,傈林,2026-05-23 09:00,17.6,,,,1.6,,140,,68,,13.7,11.6,1005.2,,1012.3,,.2,,.94,,,,10,0,,,2513,,,19.2,,,,,
146,傈林,2026-05-23 10:00,18.7,,0,,.9,,70,,68,,14.6,12.6,1004.6,,1011.7,,0,,.7,,,,10,2,,6,3002,,01,22.3,,,,,
146,傈林,2026-05-23 11:00,18.8,,0,,1.9,,110,,65,,14,12,1004.8,,1011.9,,0,,.78,,,,10,3,,28,3265,,01,21.7,,,,,
146,傈林,2026-05-23 12:00,21,,0,,1.5,,110,,59,,14.6,12.6,1004.9,,1011.9,,.1,,1.74,,,,8,2,,13,3388,,01,29.4,,,,,
146,傈林,2026-05-23 13:00,22.7,,,9,1.6,,230,,52,,14.3,12.3,1004.6,,1011.6,,1,,3.63,,,,3,0,,,3398,,,34.2,,,,,
146,傈林,2026-05-23 14:00,23.6,,,9,2.1,,320,,49,,14.2,12.2,1004,,1010.9,,1,,3.56,,,,5,1,,76,2980,,,34.9,,,,,
146,傈林,2026-05-23 15:00,24.5,,,9,1.3,,320,,47,,14.4,12.4,1003.2,,1010.1,,1,,3.3,,,,4,0,,,3646,,,33.6,,,,,
146,傈林,2026-05-23 16:00,24.5,,,9,1.2,,140,,45,,13.7,11.7,1003.1,,1010,,1,,2.63,,,,2,0,,,3812,,,32.6,,,,,
146,傈林,2026-05-23 17:00,25.3,,,9,2.4,,250,,45,,14.5,12.5,1002.9,,1009.8,,.9,,1.76,,,,3,3,,16,3594,,,27.6,,,,,
146,傈林,2026-05-23 18:00,24.5,,,9,2.5,,270,,48,,14.7,12.7,1003.5,,1010.4,,1,,1.29,,,,5,2,,16,3556,,,25.5,,,,,
146,傈林,2026-05-23 19:00,23,,,9,2.4,,320,,55,,15.4,13.4,1004.1,,1011.1,,.9,,.48,,,,5,0,,,3410,,,22.1,,,,,
146,傈林,2026-05-23 20:00,22.1,,,9,1.4,,290,,60,,15.9,13.9,1005,,1012,,0,,.06,,,,8,8,,16,2932,,,20.7,,,,,
146,傈林,2026-05-23 21:00,20.4,,,9,1.5,,270,,72,,17.2,15.1,1005.4,,1012.4,,,9,,9,,,5,0,,,1967,,,19,,,,,
146,傈林,2026-05-23 22:00,20,,,9,.8,,200,,74,,17.3,15.2,1005.6,,1012.6,,,9,,9,,,2,0,,,1654,,,18.2,,,,,
146,傈林,2026-05-23 23:00,18.9,,,9,1.3,,230,,76,,16.5,14.5,1005.7,,1012.8,,,9,,9,,,4,0,,,1703,,,17.4,,,,,
146,傈林,2026-05-24 00:00,18.1,,,9,1.1,,230,,80,,16.5,14.5,1006.2,,1013.3,,,9,,9,,,2,0,,,1758,,,16.8,,,,,
146,傈林,2026-05-24 01:00,17.3,,,,1.1,,110,,82,,16.1,14.1,1006,,1013.1,,,9,,9,,,7,0,,,1859,,,16.2,,,,,
146,傈林,2026-05-24 02:00,16.6,,,,1.7,,140,,83,,15.6,13.6,1006,,1013.1,,,9,,9,,,4,0,,,1996,,,15.6,,,,,
146,傈林,2026-05-24 03:00,15.9,,,,0,,0,,85,,15.3,13.3,1006.1,,1013.3,,,9,,9,,,4,0,,,1830,,,15.1,,,,,
146,傈林,2026-05-24 04:00,16.1,,,,1.4,,110,,85,,15.5,13.5,1006.5,,1013.7,,,9,,9,,,3,0,,,1945,,,14.8,,,,,
146,傈林,2026-05-24 05:00,15.7,,,,1.4,,140,,86,,15.3,13.3,1007.1,,1014.3,,,9,,9,,,3,2,,71,1487,,,14.6,,,,,
146,傈林,2026-05-24 06:00,15.9,,,,1.5,,110,,86,,15.5,13.5,1007.6,,1014.8,,.1,,.07,,,,8,0,,,1811,,,15.2,,,,,
146,傈林,2026-05-24 07:00,17.8,,,,1.7,,110,,81,,16.4,14.4,1007.7,,1014.8,,1,,.49,,,,3,0,,,2197,,,17.6,,,,,
146,傈林,2026-05-24 08:00,20.2,,,,1,,90,,74,,17.5,15.4,1008.2,,1015.3,,.9,,1.13,,,,3,0,,,2119,,,22.8,,,,,
146,傈林,2026-05-24 09:00,22.7,,,,1.5,,140,,69,,19,16.7,1007.4,,1014.4,,1,,1.9,,,,5,0,,,1881,,,27.8,,,,,
146,傈林,2026-05-24 10:00,23.9,,,,1,,90,,61,,18.1,15.9,1007,,1014,,1,,2.63,,,,3,0,,,2666,,,32,,,,,
146,傈林,2026-05-24 11:00,24.9,,,,2.5,,320,,56,,17.6,15.5,1006.8,,1013.7,,1,,3.12,,,,2,0,,,3105,,,34.2,,,,,
146,傈林,2026-05-24 12:00,26,,,,2.2,,340,,51,,17,15,1006.3,,1013.2,,1,,3.27,,,,6,0,,,3781,,,35.9,,,,,
146,傈林,2026-05-24 13:00,27.2,,,,2.9,,360,,54,,19.4,17,1005.8,,1012.7,,1,,3.27,,,,6,0,,,3139,,,35.9,,,,,
146,傈林,2026-05-24 14:00,27.6,,,,2.9,,320,,51,,18.8,16.5,1005.2,,1012,,1,,3.07,,,,6,0,,,3339,,,34,,,,,
146,傈林,2026-05-24 15:00,28.1,,,,2.4,,290,,48,,18.2,16,1004.7,,1011.5,,1,,2.65,,,,8,0,,,3624,,,33.9,,,,,
146,傈林,2026-05-24 16:00,27.2,,,,2.8,,270,,58,,20.9,18.2,1004.5,,1011.4,,1,,2.02,,,,8,0,,,3338,,,30.9,,,,,
146,傈林,2026-05-24 17:00,26,,,,2.8,,270,,66,,22.1,19.1,1004.4,,1011.3,,1,,1.49,,,,8,0,,,1898,,,28.4,,,,,
146,傈林,2026-05-24 18:00,24.4,,,,2.9,,250,,68,,20.8,18.1,1004.4,,1011.3,,.5,,.9,,,,8,1,,76,1594,,,26.1,,,,,
146,傈林,2026-05-24 19:00,22.9,,,,2.6,,250,,74,,20.6,18,1004.8,,1011.8,,.1,,.39,,,,7,2,,15,1432,,,23.8,,,,,
146,傈林,2026-05-24 20:00,21.5,,,,2.6,,250,,76,,19.4,17,1005.1,,1012.1,,0,,.08,,,,6,3,,14,1352,,,21.4,,,,,
146,傈林,2026-05-24 21:00,20.9,,,,2.2,,250,,78,,19.2,16.9,1005.8,,1012.8,,,9,,9,,,7,7,,14,1155,,,20.8,,,,,
146,傈林,2026-05-24 22:00,20.3,,,,.8,,250,,77,,18.3,16.1,1005.9,,1012.9,,,9,,9,,,0,0,,,1050,,,19.4,,,,,
146,傈林,2026-05-24 23:00,19.7,,,,2,,50,,82,,18.8,16.5,1005.6,,1012.7,,,9,,9,,,0,0,,,868,,,18.6,,,,,
146,傈林,2026-05-25 00:00,19.7,,,,1,,160,,84,,19.2,16.9,1005.8,,1012.9,,,9,,9,,,0,0,,,946,,,18.1,,,,,
146,傈林,2026-05-25 01:00,19.4,,,,1,,140,,86,,19.2,16.9,1005.6,,1012.7,,,9,,9,,,0,0,,,959,,,17.7,,,,,
146,傈林,2026-05-25 02:00,18.9,,,,.6,,140,,86,,18.6,16.4,1005.1,,1012.2,,,9,,9,,,0,0,,,942,,,17.3,,,,,
146,傈林,2026-05-25 03:00,18.8,,,,.3,,0,,87,,18.8,16.5,1004.9,,1012,,,9,,9,,,0,0,,,978,,,16.9,,,,,
146,傈林,2026-05-25 04:00,18.6,,,,1.6,,90,,87,,18.5,16.3,1004.7,,1011.8,,,9,,9,,,0,0,,,1028,,,16.8,,,,,
146,傈林,2026-05-25 05:00,18.4,,,,.8,,140,,87,,18.3,16.1,1004.8,,1011.9,,,9,,9,,,0,0,,,1055,,,16.9,,,,,
146,傈林,2026-05-25 06:00,18.4,,,,1.5,,110,,86,,18.2,16,1004.6,,1011.7,,0,,.04,,,,0,0,,,1233,,,17.2,,,,,
146,傈林,2026-05-25 07:00,21,,,,1.3,,140,,82,,20.4,17.8,1004.3,,1011.3,,.8,,.46,,,,0,0,,,1444,,,20.1,,,,,
146,傈林,2026-05-25 08:00,23.1,,,,.8,,180,,71,,20,17.5,1004.3,,1011.3,,1,,1.22,,,,0,0,,,1887,,,25.4,,,,,
146,傈林,2026-05-25 09:00,26.1,,,,.7,,290,,63,,21.2,18.4,1004.6,,1011.5,,1,,1.97,,,,3,0,,,2354,,,30.7,,,,,
146,傈林,2026-05-25 10:00,27.1,,,,2.4,,160,,59,,21,18.3,1004.4,,1011.3,,1,,2.53,,,,4,1,,76,2765,,,33.6,,,,,
146,傈林,2026-05-25 11:00,27.7,,,,2.7,,200,,61,,22.5,19.4,1004.2,,1011,,.6,,2.4,,,,7,2,,10,3067,,,33.3,,,,,
146,傈林,2026-05-25 12:00,28.7,,,,2.6,,230,,57,,22.4,19.3,1004,,1010.8,,.4,,2.08,,,,7,3,,11,2986,,,34.2,,,,,
146,傈林,2026-05-25 13:00,29.3,,,,2.6,,200,,55,,22.4,19.3,1003.1,,1009.9,,.7,,2.89,,,,6,1,,12,2325,,,37.6,,,,,
146,傈林,2026-05-25 14:00,29.7,,,,3.3,,200,,50,,20.8,18.1,1002.5,,1009.3,,1,,3.44,,,,7,0,,,2440,,,38.2,,,,,
146,傈林,2026-05-25 15:00,30.1,,,,3.8,,230,,51,,21.7,18.8,1001.7,,1008.5,,.9,,3.07,,,,4,0,,,2835,,,37.6,,,,,
146,傈林,2026-05-25 16:00,29.8,,,,2,,180,,51,,21.3,18.5,1001.3,,1008.1,,.7,,2.16,,,,7,1,,22,2428,,,34.1,,,,,
146,傈林,2026-05-25 17:00,29.2,,,,2.3,,180,,53,,21.4,18.6,1001.1,,1007.9,,.4,,1.21,,,,6,1,,13,3273,,,31,,,,,
146,傈林,2026-05-25 18:00,29.1,,,,2.5,,180,,53,,21.3,18.5,1001.1,,1007.9,,.9,,1.2,,,,3,2,,,3856,,,29.2,,,,,
146,傈林,2026-05-25 19:00,27.3,,,,2.7,,200,,58,,21,18.3,1001.3,,1008.1,,.9,,.51,,,,4,0,,,4395,,,25.8,,,,,
146,傈林,2026-05-25 20:00,26,,,,2.7,,160,,62,,20.8,18.1,1001.6,,1008.5,,0,,.03,,,,5,2,,19,4712,,,23.4,,,,,
146,傈林,2026-05-25 21:00,25.1,,,,1.7,,140,,65,,20.6,18,1002.2,,1009.1,,,9,,9,,,5,2,,,4703,,,22.3,,,,,
146,傈林,2026-05-25 22:00,24.3,,,,2,,140,,68,,20.6,18,1002,,1008.9,,,9,,9,,,0,0,,,4497,,,21.4,,,,,
146,傈林,2026-05-25 23:00,23.9,,,,1.8,,110,,70,,20.6,18,1001.8,,1008.7,,,9,,9,,,0,0,,,4482,,,20.7,,,,,
146,傈林,2026-05-26 00:00,23.4,,,,1.7,,110,,72,,20.6,18,1001.4,,1008.3,,,9,,9,,,0,0,,,3926,,,20.3,,,,,
146,傈林,2026-05-26 01:00,21.7,,,,1.5,,360,,79,,20.4,17.8,1001.1,,1008.1,,,9,,9,,,0,0,,,3190,,,19.9,,,,,
146,傈林,2026-05-26 02:00,22.1,,,,.8,,160,,78,,20.6,18,1000.5,,1007.5,,,9,,9,,,9,2,,76,3255,,,19.9,,,,,
146,傈林,2026-05-26 03:00,22,,,,1.6,,110,,79,,20.8,18.1,1000.3,,1007.3,,,9,,9,,,6,6,,26,3323,,,20.3,,,,,
146,傈林,2026-05-26 04:00,21.7,,,,.4,,0,,79,,20.4,17.8,1000.3,,1007.3,,,9,,9,,,8,8,,25,3107,,,20.3,,,,,
146,傈林,2026-05-26 05:00,21.7,,,,1.7,,110,,76,,19.6,17.2,1000.4,,1007.4,,,9,,9,,,9,9,,25,3968,,,20.3,,,,,
146,傈林,2026-05-26 06:00,22,,,,1.1,,90,,76,,20,17.5,1000.9,,1007.9,,0,,.02,,,,10,10,,25,4114,,,20.8,,,,,
146,傈林,2026-05-26 07:00,22,,,,1.3,,140,,75,,19.7,17.3,1000.8,,1007.8,,0,,.12,,,,10,10,,24,3899,,,21.4,,,,,
146,傈林,2026-05-26 08:00,22.8,,,,.7,,180,,72,,19.9,17.4,1001.1,,1008,,0,,.29,,,,10,1,,16,4181,,,22.9,,,,,
146,傈林,2026-05-26 09:00,24.8,,,,.5,,140,,67,,20.9,18.2,1000.8,,1007.7,,0,,.75,,,,10,1,,19,3704,,,26.4,,,,,
146,傈林,2026-05-26 10:00,25.5,,0,,1.9,,20,,68,,22.1,19.1,1000.3,,1007.2,,0,,1,,,,10,2,,14,3614,,01,27.2,,,,,
146,傈林,2026-05-26 11:00,26.6,,0,,1.6,,110,,65,,22.5,19.4,999.8,,1006.6,,0,,1.1,,,,9,3,,10,3478,,01,29.7,,,,,
146,傈林,2026-05-26 12:00,28.3,,0,9,2.5,,140,,58,,22.2,19.2,998.9,,1005.7,,.3,,2.29,,,,7,1,,24,4056,,01,33.6,,,,,
146,傈林,2026-05-26 13:00,27.7,,,9,3.6,,140,,55,,20.4,17.8,998.4,,1005.2,,0,,1.65,,,,9,3,,24,4184,,,31.2,,,,,
146,傈林,2026-05-26 14:00,27.2,,,9,2.7,,160,,57,,20.5,17.9,998.2,,1005,,0,,.76,,,,9,1,,14,4687,,,28.5,,,,,
146,傈林,2026-05-26 15:00,27.2,,,9,1.5,,140,,58,,20.9,18.2,997.9,,1004.7,,0,,.61,,,,10,5,,23,4261,,,28.4,,,,,
146,傈林,2026-05-26 16:00,26.9,,0,,1.7,,70,,59,,20.9,18.2,997.4,,1004.2,,0,,.67,,,,10,2,,6,3808,,01,27.9,,,,,
146,傈林,2026-05-26 17:00,27,,0,,1.7,,90,,59,,20.9,18.2,996.9,,1003.7,,0,,.69,,,,10,4,,23,4471,,01,27.8,,,,,
146,傈林,2026-05-26 18:00,26.4,,0,,.7,,140,,60,,20.6,18,996.8,,1003.6,,0,,.21,,,,10,1,,12,4499,,01,25.4,,,,,
146,傈林,2026-05-26 19:00,26.1,,0,,2.1,,140,,58,,19.5,17.1,996.9,,1003.7,,0,,.07,,,,10,6,,19,4846,,01,24.1,,,,,
146,傈林,2026-05-26 20:00,25.3,,0,,2.1,,140,,65,,20.9,18.2,997.1,,1003.9,,0,,.01,,,,10,0,,,4399,,,23.2,,,,,
146,傈林,2026-05-26 21:00,24,,0,,2.4,,110,,73,,21.7,18.8,997.5,,1004.4,,,9,,9,,,10,10,,18,3720,,,22.5,,,,,
146,傈林,2026-05-26 22:00,23.5,,0,,1.3,,160,,73,,21,18.3,997.8,,1004.7,,,9,,9,,,9,9,,19,4713,,,22.2,,,,,
146,傈林,2026-05-26 23:00,23.4,,,9,1.4,,110,,70,,20.1,17.6,997.8,,1004.7,,,9,,9,,,8,5,,18,4556,,,21.7,,,,,
146,傈林,2026-05-27 00:00,23.1,,,9,2.1,,110,,70,,19.7,17.3,997.8,,1004.7,,,9,,9,,,10,7,,,4082,,,21.4,,,,,
146,傈林,2026-05-27 01:00,22.3,,0,,1.5,,70,,72,,19.4,17,997.2,,1004.1,,,9,,9,,,8,2,,16,4958,,,20.9,,,,,
146,傈林,2026-05-27 02:00,21.8,,,9,1.3,,50,,73,,19,16.7,996.8,,1003.7,,,9,,9,,,10,0,,,4969,,,20.5,,,,,
146,傈林,2026-05-27 03:00,21.5,,,9,1.4,,340,,77,,19.6,17.2,996.6,,1003.5,,,9,,9,,,10,1,,14,5000,,,20.7,,,,,
146,傈林,2026-05-27 04:00,21.4,,,9,.7,,340,,80,,20.2,17.7,996.3,,1003.2,,,9,,9,,,10,5,,13,4598,,,20.7,,,,,
146,傈林,2026-05-27 05:00,21.4,,,9,.7,,50,,79,,20,17.5,996.3,,1003.2,,,9,,9,,,10,9,,12,4987,,,20.7,,,,,
146,傈林,2026-05-27 06:00,21.2,,,9,1.3,,50,,81,,20.4,17.8,996.5,,1003.5,,0,,.02,,,,10,10,,12,4784,,,21,,,,,
146,傈林,2026-05-27 07:00,22.1,,,9,.5,,290,,79,,20.9,18.2,996.8,,1003.7,,0,,.19,,,,10,9,,15,4733,,,22.4,,,,,
146,傈林,2026-05-27 08:00,23.1,,,9,.6,,340,,77,,21.7,18.8,996.7,,1003.6,,0,,.36,,,,9,9,,14,4847,,,23.7,,,,,
146,傈林,2026-05-27 09:00,24.9,,,9,2.5,,70,,69,,21.7,18.8,996.5,,1003.4,,0,,.84,,,,10,7,,13,4913,,,26.9,,,,,
146,傈林,2026-05-27 10:00,26.3,,,9,2.1,,70,,65,,22.1,19.1,996.1,,1002.9,,0,,1.3,,,,9,5,,14,4966,,,29.8,,,,,
146,傈林,2026-05-27 11:00,27.5,,,9,2.9,,70,,61,,22.4,19.3,995.5,,1002.3,,0,,1.6,,,,10,6,,13,4774,,,33.3,,,,,
146,傈林,2026-05-27 12:00,29,,,9,1.2,,90,,58,,23.1,19.8,995.1,,1001.8,,.2,,2.24,,,,9,6,,12,4514,,,34.6,,,,,
146,傈林,2026-05-27 13:00,27.5,,,9,2.5,,270,,64,,23.4,20,995.2,,1002,,0,,.83,,,,10,10,,11,4993,,,28.8,,,,,
146,傈林,2026-05-27 14:00,26.3,,,9,2.9,,320,,70,,23.8,20.3,995.2,,1002,,0,,.41,,,,10,9,,10,4953,,,27,,,,,
146,傈林,2026-05-27 15:00,25.8,,,9,2.7,,340,,72,,23.8,20.3,995,,1001.8,,0,,.28,,,,9,9,,10,4875,,,25.9,,,,,
146,傈林,2026-05-27 16:00,25.4,,0,,2.4,,320,,75,,24.3,20.6,995.4,,1002.2,,0,,.33,,,,9,5,,9,4879,,01,25.6,,,,,
146,傈林,2026-05-27 17:00,25,,,9,3,,320,,76,,24,20.4,995.7,,1002.5,,0,,.16,,,,10,9,,8,4732,,,24.6,,,,,
146,傈林,2026-05-27 18:00,24.4,,,9,3,,340,,77,,23.4,20,995.7,,1002.6,,0,,.19,,,,10,8,,6,4665,,,24.3,,,,,
146,傈林,2026-05-27 19:00,24,,0,,1.1,,290,,80,,23.8,20.3,995.9,,1002.8,,0,,.19,,,,10,8,,9,1675,,01,23.9,,,,,
146,傈林,2026-05-27 20:00,23.5,,0,,1.5,,230,,85,,24.6,20.8,996.2,,1003.1,,0,,.01,,,,9,6,,5,1850,,,23.2,,,,,
146,傈林,2026-05-27 21:00,23.1,,0,,1.4,,270,,88,,24.7,20.9,997.1,,1004,,,9,,9,,,9,2,,2,519,,,23,,,,,
146,傈林,2026-05-27 22:00,22.3,,0,,2,,270,,90,,24.1,20.5,997.5,,1004.4,,,9,,9,,,10,2,,2,317,,,22.6,,,,,
146,傈林,2026-05-27 23:00,21.8,,.3,,1.9,,230,,92,,24,20.4,997.5,,1004.4,,,9,,9,,,10,9,,,169,,,22.3,,,,,
146,傈林,2026-05-28 00:00,21.6,,1,,1.3,,250,,93,,24,20.4,997.4,,1004.3,,,9,,9,,,10,7,,,203,,,22.1,,,,,
146,傈林,2026-05-28 01:00,21.3,,.4,,1.9,,250,,93,,23.5,20.1,997.5,,1004.5,,,9,,9,,,10,6,,,578,,,21.9,,,,,
146,傈林,2026-05-28 02:00,21.2,,.4,,1.7,,250,,93,,23.4,20,997.3,,1004.3,,,9,,9,,,10,8,,,366,,,21.7,,,,,
146,傈林,2026-05-28 03:00,20.6,,1,,3.2,,270,,94,,22.7,19.5,997.3,,1004.3,,,9,,9,,,10,6,,1,821,,,21.2,,,,,
146,傈林,2026-05-28 04:00,20.2,,.8,,2,,270,,94,,22.1,19.1,997.3,,1004.3,,,9,,9,,,10,8,,1,223,,,21,,,,,
146,傈林,2026-05-28 05:00,20.1,,1.4,,1.6,,290,,94,,22,19,997.1,,1004.1,,,9,,9,,,10,7,,,244,,,20.9,,,,,
146,傈林,2026-05-28 06:00,20,,.9,,1.5,,270,,94,,21.8,18.9,997.3,,1004.3,,0,,.01,,,,8,5,,,376,,,20.9,,,,,
146,傈林,2026-05-28 07:00,20,,1.6,,1.7,,250,,94,,21.8,18.9,997.5,,1004.5,,0,,.05,,,,10,6,,,514,,,21,,,,,
146,傈林,2026-05-28 08:00,19.9,,.6,,2.6,,250,,94,,21.7,18.8,997.8,,1004.8,,0,,.11,,,,9,5,,,1604,,,21,,,,,
146,傈林,2026-05-28 09:00,20.2,,.6,,1.5,,250,,94,,22.1,19.1,997.8,,1004.8,,0,,.23,,,,10,6,,1,627,,1901,22.2,,,,,
146,傈林,2026-05-28 10:00,20.4,,.3,,1.6,,270,,93,,22.2,19.2,997.9,,1004.9,,0,,.4,,,,10,7,,1,2360,,1901,22.2,,,,,
146,傈林,2026-05-28 11:00,20.2,,0,,2.7,,270,,94,,22.1,19.1,998,,1005,,0,,.23,,,,9,9,,1,684,,190201,22.1,,,,,
146,傈林,2026-05-28 12:00,20.6,,.2,,2.4,,250,,95,,22.9,19.7,997.9,,1004.9,,0,,.52,,,,9,9,,1,265,,1902,24.3,,,,,
146,傈林,2026-05-28 13:00,21.2,,,9,2.5,,250,,92,,23.1,19.8,997.6,,1004.6,,0,,.62,,,,9,9,,2,993,,19,25.6,,,,,
146,傈林,2026-05-28 14:00,21,,,9,2.9,,250,,91,,22.5,19.4,997.7,,1004.7,,0,,.67,,,,9,9,,2,879,,19,23.9,,,,,
146,傈林,2026-05-28 15:00,20.9,,,9,2.3,,250,,92,,22.7,19.5,997.8,,1004.8,,0,,.37,,,,9,9,,2,795,,19,23,,,,,
146,傈林,2026-05-28 16:00,20.4,,,9,2.4,,230,,91,,21.7,18.8,997.8,,1004.8,,0,,.52,,,,9,9,,1,580,,19,23.7,,,,,
146,傈林,2026-05-28 17:00,20.6,,,9,3.1,,230,,89,,21.6,18.7,998,,1005,,0,,.64,,,,9,9,,2,1139,,19,23.7,,,,,
146,傈林,2026-05-28 18:00,19.7,,,9,3.5,,250,,90,,20.6,18,998.5,,1005.5,,0,,.47,,,,9,7,,2,1380,,19,22.3,,,,,
146,傈林,2026-05-28 19:00,18.5,,,9,3.5,,230,,93,,19.7,17.3,999.3,,1006.3,,0,,.1,,,,9,9,,,633,,19,20.5,,,,,
146,傈林,2026-05-28 20:00,18.1,,,9,3.3,,250,,94,,19.5,17.1,1000.1,,1007.2,,0,,.01,,,,9,9,,,421,,,19.6,,,,,
146,傈林,2026-05-28 21:00,18.1,,,9,3.7,,250,,94,,19.5,17.1,1000.8,,1007.9,,,9,,9,,,9,9,,,385,,,19.3,,,,,
146,傈林,2026-05-28 22:00,18,,,9,3.1,,250,,92,,18.9,16.6,1001.3,,1008.4,,,9,,9,,,9,9,,1,532,,,18.9,,,,,
146,傈林,2026-05-28 23:00,17.5,,,9,2.7,,250,,90,,17.9,15.8,1001.5,,1008.6,,,9,,9,,,9,4,,4,416,,,18.1,,,,,
146,傈林,2026-05-29 00:00,17.5,,,9,2.5,,250,,90,,17.9,15.8,1001.4,,1008.5,,,9,,9,,,9,5,,,346,,,18.1,,,,,
146,傈林,2026-05-29 01:00,17.6,,,,2,,250,,90,,18.1,15.9,1001,,1008.1,,,9,,9,,,10,3,,5,351,,,18,,,,,
146,傈林,2026-05-29 02:00,17.7,,,,2.3,,250,,89,,17.9,15.8,1001.1,,1008.2,,,9,,9,,,10,5,,4,375,,,18.1,,,,,
146,傈林,2026-05-29 03:00,17.8,,,,1,,230,,89,,18.1,15.9,1001.3,,1008.4,,,9,,9,,,10,5,,6,350,,,18.2,,,,,
146,傈林,2026-05-29 04:00,17.6,,,,1.9,,230,,90,,18.1,15.9,1001.2,,1008.3,,,9,,9,,,9,4,,4,295,,,18,,,,,
146,傈林,2026-05-29 05:00,17.6,,,,2.1,,230,,91,,18.3,16.1,1001.2,,1008.3,,,9,,9,,,9,5,,3,257,,,18.1,,,,,
146,傈林,2026-05-29 06:00,17.6,,,,1.4,,290,,91,,18.3,16.1,1002,,1009.1,,0,,.02,,,,9,8,,2,238,,,18.3,,,,,
146,傈林,2026-05-29 07:00,17.9,,,,.5,,320,,89,,18.2,16,1002.4,,1009.5,,0,,.15,,,,9,5,,5,284,,,19.4,,,,,
146,傈林,2026-05-29 08:00,18.7,,,,.7,,340,,86,,18.5,16.3,1002.7,,1009.8,,0,,.41,,,,9,6,,3,307,,,21.1,,,,,
146,傈林,2026-05-29 09:00,20.6,,,,.6,,360,,79,,19.1,16.8,1003,,1010,,.1,,1.1,,,,9,2,,6,446,,19,26.2,,,,,
146,傈林,2026-05-29 10:00,21.5,,,,1.1,,290,,73,,18.6,16.4,1003.1,,1010.1,,.1,,1.35,,,,9,2,,6,624,,19,26.9,,,,,
146,傈林,2026-05-29 11:00,22.5,,,,1.4,,20,,66,,17.9,15.8,1003.1,,1010.1,,.3,,1.93,,,,6,5,,7,679,,4019,31.9,,,,,
146,傈林,2026-05-29 12:00,23.8,,,,1.9,,340,,65,,19.1,16.8,1002.9,,1009.8,,.8,,3.16,,,,3,2,,8,687,,40,33.4,,,,,
146,傈林,2026-05-29 13:00,25.1,,,,2.2,,290,,65,,20.6,18,1002.5,,1009.4,,.9,,3.39,,,,1,0,,,846,,40,35.7,,,,,
146,傈林,2026-05-29 14:00,25.6,,,,3.7,,320,,54,,17.6,15.5,1002.1,,1009,,1,,3.36,,,,2,0,,,1405,,40,34.9,,,,,
146,傈林,2026-05-29 15:00,26.4,,,,3.5,,360,,46,,15.8,13.8,1001.9,,1008.8,,1,,3.17,,,,1,0,,,2676,,,34.8,,,,,
146,傈林,2026-05-29 16:00,26.1,,,,2.7,,320,,51,,17.2,15.1,1001.7,,1008.6,,.9,,2.44,,,,1,0,,,2163,,,25.2,,,,,
146,傈林,2026-05-29 17:00,25.4,,,,4.5,,270,,59,,19,16.7,1001.7,,1008.6,,.9,,1.86,,,,2,0,,,890,,40,27.5,,,,,
146,傈林,2026-05-29 18:00,24.2,,,,4.9,,270,,64,,19.2,16.9,1001.9,,1008.8,,1,,1.2,,,,1,0,,,959,,40,25.3,,,,,
146,傈林,2026-05-29 19:00,23.6,,,,2.9,,270,,57,,16.5,14.5,1002.4,,1009.3,,1,,.5,,,,1,0,,,1950,,40,22.3,,,,,
146,傈林,2026-05-29 20:00,22,,,,3,,250,,49,,12.9,10.7,1002.9,,1009.9,,0,,.05,,,,0,0,,,3716,,,19.1,,,,,
146,傈林,2026-05-29 21:00,20.4,,,,2.3,,270,,56,,13.4,11.3,1003.8,,1010.8,,,9,,9,,,1,0,,,3148,,,17.5,,,,,
146,傈林,2026-05-29 22:00,19.3,,,,1.2,,250,,70,,15.6,13.6,1004.4,,1011.5,,,9,,9,,,2,0,,,1634,,,16.8,,,,,
146,傈林,2026-05-29 23:00,18.1,,,,1.4,,250,,73,,15.1,13.1,1004.2,,1011.3,,,9,,9,,,2,0,,,1569,,,15.9,,,,,
146,傈林,2026-05-30 00:00,17.7,,,,1.2,,250,,76,,15.4,13.4,1004,,1011.1,,,9,,9,,,2,0,,,1665,,,15.3,,,,,
146,傈林,2026-05-30 01:00,16.6,,,,1.1,,140,,79,,14.9,12.9,1003.9,,1011,,,9,,9,,,2,0,,,1928,,,14.5,,,,,
146,傈林,2026-05-30 02:00,15.7,,,,1.4,,140,,81,,14.4,12.4,1003.8,,1011,,,9,,9,,,2,0,,,1939,,,14,,,,,
146,傈林,2026-05-30 03:00,14.7,,,,1.8,,140,,83,,13.8,11.8,1003.7,,1010.9,,,9,,9,,,0,0,,,1886,,,13.5,,,,,
146,傈林,2026-05-30 04:00,14.4,,,,1.6,,110,,84,,13.7,11.7,1003.7,,1010.9,,,9,,9,,,0,0,,,1957,,,13.1,,,,,
146,傈林,2026-05-30 05:00,13.9,,,,1.7,,140,,84,,13.3,11.2,1003.9,,1011.1,,,9,,9,,,0,0,,,1695,,,12.7,,,,,
146,傈林,2026-05-30 06:00,14.3,,,,1.6,,140,,83,,13.5,11.4,1004.5,,1011.7,,.3,,.06,,,,0,0,,,1793,,,13.1,,,,,
146,傈林,2026-05-30 07:00,17,,,,1.2,,160,,76,,14.7,12.7,1005,,1012.1,,1,,.6,,,,0,0,,,1977,,,16.5,,,,,
146,傈林,2026-05-30 08:00,19.7,,,,.7,,180,,67,,15.3,13.3,1005.4,,1012.5,,1,,1.33,,,,0,0,,,2324,,,21.9,,,,,
146,傈林,2026-05-30 09:00,22.1,,,,1.2,,180,,59,,15.7,13.7,1005.4,,1012.4,,1,,2.08,,,,0,0,,,3312,,,28.2,,,,,
146,傈林,2026-05-30 10:00,23.8,,,,.8,,200,,52,,15.3,13.3,1005.1,,1012,,1,,2.69,,,,0,0,,,3154,,,33,,,,,
146,傈林,2026-05-30 11:00,25.5,,,,1.7,,160,,46,,15,13,1004.9,,1011.8,,1,,3.14,,,,0,0,,,4040,,,36.9,,,,,
146,傈林,2026-05-30 12:00,27.5,,,,1.6,,270,,39,,14.3,12.3,1004.6,,1011.4,,1,,3.5,,,,0,0,,,4011,,,38.9,,,,,
146,傈林,2026-05-30 13:00,28.3,,,,2.1,,290,,38,,14.6,12.6,1004.3,,1011.1,,1,,3.64,,,,0,0,,,3369,,,39.5,,,,,
146,傈林,2026-05-30 14:00,29.2,,,,3.1,,270,,39,,15.8,13.8,1003.9,,1010.7,,1,,3.46,,,,2,0,,,4892,,,39.5,,,,,
146,傈林,2026-05-30 15:00,28.9,,,,3.7,,270,,36,,14.3,12.3,1003.8,,1010.6,,1,,3.02,,,,6,0,,,4230,,,37.6,,,,,
146,傈林,2026-05-30 16:00,28.9,,,,3.1,,270,,41,,16.3,14.3,1003.4,,1010.2,,1,,2.68,,,,5,0,,,4223,,,36.1,,,,,
146,傈林,2026-05-30 17:00,28.5,,,,3.1,,270,,39,,15.1,13.1,1003.3,,1010.1,,1,,2.05,,,,0,0,,,4096,,,29.3,,,,,
146,傈林,2026-05-30 18:00,27.9,,,,2.6,,270,,44,,16.5,14.5,1003.3,,1010.1,,1,,1.32,,,,0,0,,,4599,,,28.4,,,,,
146,傈林,2026-05-30 19:00,25.8,,,,2.4,,270,,48,,15.9,13.9,1003.7,,1010.6,,1,,.59,,,,0,0,,,4305,,,23.8,,,,,
146,傈林,2026-05-30 20:00,23.5,,,,.9,,250,,59,,17,15,1004.4,,1011.3,,0,,.05,,,,0,0,,,3853,,,20.8,,,,,
146,傈林,2026-05-30 21:00,22.8,,,,1.2,,200,,57,,15.8,13.8,1005,,1012,,,9,,9,,,0,0,,,3988,,,19.1,,,,,
146,傈林,2026-05-30 22:00,21.2,,,,.2,,0,,68,,17,15,1005.6,,1012.6,,,9,,9,,,0,0,,,3814,,,18,,,,,
146,傈林,2026-05-30 23:00,20,,,,1.3,,110,,71,,16.5,14.5,1005.8,,1012.8,,,9,,9,,,0,0,,,3919,,,17,,,,,
146,傈林,2026-05-31 00:00,18.9,,,,0,,0,,73,,15.9,13.9,1006.1,,1013.2,,,9,,9,,,0,0,,,4375,,,16.2,,,,,
146,傈林,2026-05-31 01:00,18.2,,,,1.7,,140,,76,,15.8,13.8,1006.1,,1013.2,,,9,,9,,,0,0,,,3916,,,15.6,,,,,
146,傈林,2026-05-31 02:00,17,,,,1.8,,140,,78,,15.1,13.1,1006.1,,1013.2,,,9,,9,,,0,0,,,3577,,,15,,,,,
146,傈林,2026-05-31 03:00,16.6,,,,2.2,,140,,78,,14.7,12.7,1006.1,,1013.2,,,9,,9,,,0,0,,,3771,,,14.5,,,,,
146,傈林,2026-05-31 04:00,16.3,,,,1.7,,140,,80,,14.8,12.8,1006,,1013.2,,,9,,9,,,0,0,,,3284,,,14,,,,,
146,傈林,2026-05-31 05:00,15.9,,,,2.5,,140,,80,,14.4,12.4,1006.2,,1013.4,,,9,,9,,,0,0,,,3819,,,13.7,,,,,
146,傈林,2026-05-31 06:00,16.3,,,,1.6,,140,,79,,14.6,12.6,1006.4,,1013.6,,.3,,.07,,,,0,0,,,3554,,,14,,,,,
146,傈林,2026-05-31 07:00,19.6,,,,1,,140,,72,,16.4,14.4,1006.4,,1013.5,,1,,.59,,,,0,0,,,3743,,,18.2,,,,,
146,傈林,2026-05-31 08:00,21.8,,,,.8,,140,,65,,16.9,14.9,1007,,1014,,1,,1.34,,,,0,0,,,3979,,,23.3,,,,,
146,傈林,2026-05-31 09:00,24.8,,,,.8,,290,,53,,16.5,14.5,1006.9,,1013.8,,1,,2.08,,,,0,0,,,4595,,,30.6,,,,,
146,傈林,2026-05-31 10:00,27,,,,1.2,,320,,45,,16,14,1006.8,,1013.7,,1,,2.69,,,,0,0,,,3658,,,35.7,,,,,
146,傈林,2026-05-31 11:00,28.9,,,,2.1,,320,,43,,17,15,1007.2,,1014,,1,,3.15,,,,0,0,,,4217,,,39.6,,,,,
146,傈林,2026-05-31 12:00,29.4,,,,1.6,,270,,38,,15.5,13.5,1006.8,,1013.6,,1,,3.44,,,,0,0,,,3904,,,42.6,,,,,
146,傈林,2026-05-31 13:00,30.5,,,,1.8,,360,,33,,14.4,12.4,1006.3,,1013.1,,1,,3.6,,,,0,0,,,4095,,,44.7,,,,,
146,傈林,2026-05-31 14:00,31.5,,,,1.9,,320,,31,,14.3,12.3,1005.6,,1012.4,,1,,3.49,,,,0,0,,,4522,,,45,,,,,
146,傈林,2026-05-31 15:00,31.7,,,,1.9,,340,,27,,12.5,10.3,1004.9,,1011.6,,1,,3.15,,,,0,0,,,4375,,,44,,,,,
146,傈林,2026-05-31 16:00,31.7,,,,2.4,,270,,23,,10.7,8,1004.7,,1011.4,,1,,2.68,,,,0,0,,,4195,,,41.7,,,,,
146,傈林,2026-05-31 17:00,30.7,,,,4.2,,270,,32,,14.1,12.1,1004.4,,1011.2,,1,,2.03,,,,0,0,,,3841,,,32.9,,,,,
146,傈林,2026-05-31 18:00,29,,,,4.4,,270,,31,,12.4,10.1,1004.8,,1011.6,,1,,1.26,,,,2,0,,,4633,,,30.2,,,,,
146,傈林,2026-05-31 19:00,27.2,,,,1.9,,250,,33,,11.9,9.5,1005.4,,1012.3,,1,,.56,,,,4,0,,,4494,,,26.1,,,,,
146,傈林,2026-05-31 20:00,24.9,,,,1.9,,230,,44,,13.8,11.8,1005.9,,1012.8,,0,,.06,,,,0,0,,,4164,,,22.4,,,,,
146,傈林,2026-05-31 21:00,24.1,,,,1.5,,230,,51,,15.3,13.3,1006.8,,1013.7,,,9,,9,,,0,0,,,4081,,,20.6,,,,,
146,傈林,2026-05-31 22:00,23.3,,,,1.6,,110,,51,,14.5,12.5,1007.4,,1014.4,,,9,,9,,,0,0,,,4673,,,19.4,,,,,
146,傈林,2026-05-31 23:00,21.8,,,,1.5,,110,,57,,14.8,12.8,1007.7,,1014.7,,,9,,9,,,4,0,,,4946,,,18.2,,,,,
146,傈林,2026-06-01 00:00,20.3,,,,1.6,,140,,62,,14.7,12.7,1007.7,,1014.8,,,9,,9,,,4,0,,,4875,,,17.4,,,,,
146,傈林,2026-06-01 01:00,19.5,,,,2,,110,,65,,14.7,12.7,1007.6,,1014.7,,,9,,9,,,7,0,,,4778,,,16.5,,,,,
146,傈林,2026-06-01 02:00,19,,,,1.7,,140,,65,,14.2,12.2,1007.4,,1014.5,,,9,,9,,,8,0,,,4836,,,16.3,,,,,
146,傈林,2026-06-01 03:00,19,,,,2,,140,,67,,14.7,12.7,1007.1,,1014.2,,,9,,9,,,8,0,,,4922,,,16.2,,,,,
146,傈林,2026-06-01 04:00,19.3,,,,2.2,,140,,67,,15,13,1006.7,,1013.8,,,9,,9,,,6,0,,,4763,,,16.2,,,,,
146,傈林,2026-06-01 05:00,19.1,,,,1.8,,140,,67,,14.8,12.8,1006.6,,1013.7,,,9,,9,,,9,0,,,4657,,,15.8,,,,,
146,傈林,2026-06-01 06:00,19.1,,,,2.3,,140,,66,,14.5,12.5,1007.2,,1014.3,,0,,.04,,,,8,0,,,4677,,,16.4,,,,,
146,傈林,2026-06-01 07:00,20.7,,,,1.5,,110,,61,,14.9,12.9,1007.9,,1014.9,,.1,,.37,,,,8,0,,,4539,,,19,,,,,
146,傈林,2026-06-01 08:00,22.9,,,,1.6,,110,,57,,15.9,13.9,1008.5,,1015.5,,.3,,.83,,,,9,0,,,4391,,,22.7,,,,,
146,傈林,2026-06-01 09:00,24.2,,,,2,,110,,48,,14.4,12.4,1008.4,,1015.4,,.2,,1.03,,,,8,0,,,4401,,,25.8,,,,,
146,傈林,2026-06-01 10:00,27.1,,,,2.3,,180,,47,,16.8,14.8,1008.4,,1015.3,,.9,,2.41,,,,3,0,,,3680,,,37.6,,,,,
146,傈林,2026-06-01 11:00,27.6,,,,2.2,,230,,50,,18.4,16.2,1008.3,,1015.2,,1,,2.84,,,,7,0,,,3242,,,39.2,,,,,
146,傈林,2026-06-01 12:00,28.6,,,,1.9,,160,,51,,19.9,17.4,1007.7,,1014.5,,.9,,2.77,,,,7,0,,,2890,,,43.2,,,,,
146,傈林,2026-06-01 13:00,29.5,,,,1.9,,180,,49,,20.1,17.6,1006.6,,1013.4,,.8,,2.79,,,,7,0,,,2518,,,45.1,,,,,
146,傈林,2026-06-01 14:00,29.9,,,,1.9,,20,,48,,20.1,17.6,1005.8,,1012.6,,.9,,3.02,,,,3,0,,,2589,,,42.5,,,,,
146,傈林,2026-06-01 15:00,30.9,,,,1.3,,290,,45,,20,17.5,1005.2,,1012,,.5,,2.28,,,,6,4,,16,3050,,,40.5,,,,,
146,傈林,2026-06-01 16:00,30.3,,,,2.6,,270,,46,,19.7,17.3,1004.6,,1011.4,,.5,,1.69,,,,7,1,,17,2746,,,39.2,,,,,
146,傈林,2026-06-01 17:00,29.1,,,,2.9,,320,,47,,18.9,16.6,1004.2,,1011,,.6,,1.58,,,,7,0,,,2834,,,34.8,,,,,
146,傈林,2026-06-01 18:00,27.8,,,,2.9,,290,,52,,19.4,17,1004.3,,1011.1,,.7,,.93,,,,7,0,,,3217,,,30.9,,,,,
146,傈林,2026-06-01 19:00,26.3,,,,2.6,,290,,58,,19.7,17.3,1004.9,,1011.8,,.1,,.28,,,,6,2,,,3007,,,26.6,,,,,
146,傈林,2026-06-01 20:00,25,,,,2.2,,290,,63,,19.9,17.4,1004.9,,1011.8,,0,,.03,,,,6,0,,,3630,,,23.9,,,,,
146,傈林,2026-06-01 21:00,24.6,,,,1.3,,270,,66,,20.4,17.8,1005.1,,1012,,,9,,9,,,8,5,,15,2955,,,23.2,,,,,
146,傈林,2026-06-01 22:00,24.6,,,,1.1,,230,,67,,20.6,18,1005.8,,1012.7,,,9,,9,,,8,6,,15,2682,,,23.2,,,,,
146,傈林,2026-06-01 23:00,24.4,,,,.9,,200,,67,,20.4,17.8,1005.6,,1012.5,,,9,,9,,,10,7,,15,2673,,,23.1,,,,,
146,傈林,2026-06-02 00:00,23.4,,,,1.8,,140,,71,,20.4,17.8,1005.1,,1012.1,,,9,,9,,,10,0,,,2560,,,22,,,,,
146,傈林,2026-06-02 01:00,23.2,,,,1.3,,140,,71,,20.1,17.6,1004.7,,1011.7,,,9,,9,,,10,6,,54,2484,,,21.6,,,,,
146,傈林,2026-06-02 02:00,22.8,,0,,1,,70,,72,,19.9,17.4,1003.6,,1010.6,,,9,,9,,,10,10,,54,2302,,,21.3,,,,,
146,傈林,2026-06-02 03:00,22.6,,,9,1.4,,140,,72,,19.6,17.2,1002.8,,1009.8,,,9,,9,,,10,8,,53,2076,,,21,,,,,
146,傈林,2026-06-02 04:00,22.5,,,9,1,,90,,73,,19.9,17.4,1002.2,,1009.2,,,9,,9,,,10,1,,12,1941,,,20.8,,,,,
146,傈林,2026-06-02 05:00,21.4,,,9,1.2,,50,,77,,19.5,17.1,1001.6,,1008.6,,,9,,9,,,10,1,,12,1672,,,20.7,,,,,
146,傈林,2026-06-02 06:00,22.2,,,9,1.1,,110,,74,,19.7,17.3,1001.8,,1008.8,,0,,.01,,,,10,7,,10,1712,,,21.4,,,,,
146,傈林,2026-06-02 07:00,22.5,,,9,1,,70,,74,,20.1,17.6,1001.9,,1008.9,,0,,.09,,,,10,4,,13,1635,,,22,,,,,
146,傈林,2026-06-02 08:00,22.7,,,9,.1,,0,,73,,20.1,17.6,1001.7,,1008.6,,0,,.16,,,,10,10,,16,1552,,,22.7,,,,,
146,傈林,2026-06-02 09:00,23.6,,,9,1.3,,200,,72,,20.9,18.2,1001,,1007.9,,0,,.42,,,,10,4,,76,1742,,,24.7,,,,,
146,傈林,2026-06-02 10:00,23.9,,,9,1.8,,140,,71,,21,18.3,1001,,1007.9,,0,,.62,,,,10,4,,,1800,,,25.7,,,,,
146,傈林,2026-06-02 11:00,23.7,,,9,2,,90,,72,,21,18.3,1000.7,,1007.6,,0,,.45,,,,10,0,,,2577,,,25.2,,,,,
146,傈林,2026-06-02 12:00,24.4,,,9,.9,,160,,72,,22,19,1000.3,,1007.2,,0,,.66,,,,10,0,,,4800,,,27.5,,,,,
146,傈林,2026-06-02 13:00,26,,,9,1.3,,160,,68,,22.8,19.6,999.7,,1006.5,,.1,,1.44,,,,10,0,,,3629,,,34.4,,,,,
146,傈林,2026-06-02 14:00,27.7,,,9,1.5,,70,,62,,22.9,19.7,998.9,,1005.7,,.8,,2.67,,,,8,0,,,4132,,,41.3,,,,,
146,傈林,2026-06-02 15:00,27.6,,,9,2.1,,90,,57,,21,18.3,998,,1004.8,,.8,,2.47,,,,7,1,,13,4238,,,39.2,,,,,
146,傈林,2026-06-02 16:00,28.9,,,9,.6,,290,,54,,21.4,18.6,997.4,,1004.2,,.6,,2.02,,,,7,1,,14,4941,,,38.3,,,,,
146,傈林,2026-06-02 17:00,27.4,,,9,2.6,,50,,59,,21.4,18.6,997.2,,1004,,.3,,1.14,,,,8,1,,18,4914,,,32.2,,,,,
146,傈林,2026-06-02 18:00,27.2,,,9,1.9,,110,,60,,21.6,18.7,997,,1003.8,,.1,,.61,,,,8,3,,13,4968,,,29.8,,,,,
146,傈林,2026-06-02 19:00,26.1,,,9,2.1,,180,,65,,21.8,18.9,997.2,,1004,,0,,.22,,,,8,6,,15,4973,,,27,,,,,
146,傈林,2026-06-02 20:00,25.1,,,9,1.6,,230,,71,,22.5,19.4,997,,1003.9,,0,,.03,,,,4,4,,11,1414,,,24.8,,,,,
146,傈林,2026-06-02 21:00,23.8,,,9,1.7,,270,,74,,21.7,18.8,997.4,,1004.3,,,9,,9,,,0,0,,,1058,,,22.7,,,,,
146,傈林,2026-06-02 22:00,22.5,,,9,2.6,,290,,75,,20.4,17.8,997.5,,1004.4,,,9,,9,,,0,0,,,1161,,,21.1,,,,,
146,傈林,2026-06-02 23:00,21.7,,,9,2.1,,250,,76,,19.6,17.2,997.4,,1004.3,,,9,,9,,,0,0,,,821,,,20,,,,,
146,傈林,2026-06-03 00:00,21,,,9,1.7,,230,,74,,18.3,16.1,996.9,,1003.9,,,9,,9,,,0,0,,,988,,,19,,,,,
146,傈林,2026-06-03 01:00,20.6,,,,2,,250,,76,,18.4,16.2,997,,1004,,,9,,9,,,0,0,,,925,,,18.4,,,,,
146,傈林,2026-06-03 02:00,20.1,,,,.4,,0,,75,,17.6,15.5,996.9,,1003.9,,,9,,9,,,0,0,,,919,,,17.8,,,,,
146,傈林,2026-06-03 03:00,19.7,,,,.9,,140,,85,,19.5,17.1,997.2,,1004.2,,,9,,9,,,5,0,,,1438,,,17.6,,,,,
146,傈林,2026-06-03 04:00,19.2,,,,1.4,,250,,85,,18.9,16.6,997.1,,1004.1,,,9,,9,,,8,0,,,933,,,17.6,,,,,
146,傈林,2026-06-03 05:00,19.4,,,,.3,,0,,85,,19.1,16.8,997.5,,1004.5,,,9,,9,,,9,0,,,859,,,17.6,,,,,
146,傈林,2026-06-03 06:00,19.4,,,9,1.2,,140,,85,,19.1,16.8,997.7,,1004.7,,0,,.1,,,,8,0,,,901,,,18.8,,,,,
146,傈林,2026-06-03 07:00,20.8,,,9,.7,,140,,82,,20.1,17.6,997.8,,1004.8,,.4,,.5,,,,8,0,,,944,,,22.1,,,,,
146,傈林,2026-06-03 08:00,22.7,,,9,1,,250,,75,,20.6,18,998.3,,1005.2,,1,,1.11,,,,6,0,,,892,,,27.7,,,,,
146,傈林,2026-06-03 09:00,24.2,,,,.8,,230,,68,,20.5,17.9,998.1,,1005,,1,,1.76,,,,4,0,,,1016,,40,33.2,,,,,
146,傈林,2026-06-03 10:00,26.7,,,,.9,,320,,60,,20.9,18.2,997.6,,1004.4,,1,,2.39,,,,4,0,,,1151,,,39.4,,,,,
146,傈林,2026-06-03 11:00,27.9,,,,2,,360,,56,,21,18.3,997,,1003.8,,1,,2.71,,,,8,0,,,1160,,,41.5,,,,,
146,傈林,2026-06-03 12:00,28.2,,,,2.6,,20,,54,,20.6,18,996.7,,1003.5,,.9,,2.75,,,,7,0,,,1508,,,40.6,,,,,
146,傈林,2026-06-03 13:00,29.7,,,,1.5,,270,,48,,20,17.5,996.3,,1003,,1,,3.37,,,,4,0,,,1606,,,48.8,,,,,
146,傈林,2026-06-03 14:00,30.7,,,,2.3,,200,,46,,20.2,17.7,995.9,,1002.6,,1,,3.22,,,,5,0,,,1818,,,48.6,,,,,
146,傈林,2026-06-03 15:00,31.6,,,,1.9,,230,,46,,21.3,18.5,995.7,,1002.4,,.9,,2.67,,,,7,0,,,2016,,,46.7,,,,,
146,傈林,2026-06-03 16:00,29.3,,,,4.2,,290,,55,,22.4,19.3,995.8,,1002.5,,.3,,1.45,,,,8,0,,,1746,,,36.7,,,,,
146,傈林,2026-06-03 17:00,27.6,,,,3.3,,270,,61,,22.4,19.3,996,,1002.8,,.2,,1.04,,,,8,0,,,1121,,,33.7,,,,,
146,傈林,2026-06-03 18:00,26.3,,,,3.2,,270,,63,,21.4,18.6,996.3,,1003.1,,0,,.45,,,,9,0,,,1215,,,29.6,,,,,
146,傈林,2026-06-03 19:00,25,,,,1.5,,250,,65,,20.5,17.9,996.8,,1003.7,,0,,.09,,,,10,1,,,1802,,,26.6,,,,,
146,傈林,2026-06-03 20:00,24.2,,,,2.3,,230,,63,,19,16.7,997,,1003.9,,0,,.02,,,,10,0,,,2085,,,24.7,,,,,
146,傈林,2026-06-03 21:00,24,,,,2,,250,,62,,18.4,16.2,997.2,,1004.1,,,9,,9,,,10,3,,13,2380,,,24,,,,,
146,傈林,2026-06-03 22:00,24,,,,1.3,,200,,62,,18.4,16.2,997.7,,1004.6,,,9,,9,,,8,4,,11,2342,,,23.5,,,,,
146,傈林,2026-06-03 23:00,23.7,,,,1.1,,20,,64,,18.6,16.4,997.6,,1004.5,,,9,,9,,,8,8,,11,2197,,,23.5,,,,,
146,傈林,2026-06-04 00:00,23,,,,2.2,,340,,69,,19.2,16.9,997.7,,1004.6,,,9,,9,,,10,7,,,1787,,,22.6,,,,,
146,傈林,2026-06-04 01:00,22.4,,,,1.3,,340,,71,,19.1,16.8,997.8,,1004.7,,,9,,9,,,9,4,,11,1387,,,22,,,,,
146,傈林,2026-06-04 02:00,22.7,,,,.8,,50,,70,,19.2,16.9,997.6,,1004.5,,,9,,9,,,6,2,,11,1285,,,22,,,,,
146,傈林,2026-06-04 03:00,22.2,,,,1.7,,20,,74,,19.7,17.3,997.5,,1004.4,,,9,,9,,,6,6,,10,1443,,,21.7,,,,,
146,傈林,2026-06-04 04:00,22,,,,1.5,,140,,75,,19.7,17.3,996.5,,1003.4,,,9,,9,,,0,0,,,1518,,,20.2,,,,,
146,傈林,2026-06-04 05:00,21.7,,,,1,,110,,80,,20.6,18,996,,1002.9,,,9,,9,,,0,0,,,1236,,,19.7,,,,,
146,傈林,2026-06-04 06:00,21.6,,,,1.4,,70,,81,,20.8,18.1,996,,1002.9,,.1,,.06,,,,0,0,,,1467,,,17.2,,,,,
146,傈林,2026-06-04 07:00,24.2,,,,1,,110,,74,,22.2,19.2,995.7,,1002.6,,1,,.51,,,,0,0,,,1754,,,30.6,,,,,
146,傈林,2026-06-04 08:00,25.5,,,,1.6,,160,,67,,21.8,18.9,995.3,,1002.1,,1,,1.24,,,,0,0,,,3455,,,36.2,,,,,
146,傈林,2026-06-04 09:00,26.5,,,,2.4,,230,,61,,21,18.3,995.6,,1002.4,,1,,2.05,,,,5,1,,9,3367,,,39.1,,,,,
146,傈林,2026-06-04 10:00,26.4,,,,2.3,,230,,64,,22,19,995.7,,1002.5,,.2,,1.38,,,,9,2,,14,3504,,,35.7,,,,,
146,傈林,2026-06-04 11:00,27.3,,,,3.6,,180,,59,,21.3,18.5,995.3,,1002.1,,.6,,2.58,,,,7,1,,,3882,,,41.8,,,,,
146,傈林,2026-06-04 12:00,28.6,,,,2.3,,140,,53,,20.6,18,994.7,,1001.5,,.9,,3.23,,,,8,1,,11,3948,,,41.3,,,,,
146,傈林,2026-06-04 13:00,28.4,,,,2.8,,200,,55,,21.2,18.4,994.1,,1000.9,,.4,,1.99,,,,6,2,,12,3709,,,38.3,,,,,
146,傈林,2026-06-04 14:00,29,,,,3.6,,200,,48,,19.1,16.8,993.9,,1000.6,,.7,,2.85,,,,6,1,,12,3634,,,43.1,,,,,
146,傈林,2026-06-04 15:00,29.3,,,,3.7,,200,,49,,19.9,17.4,993.9,,1000.6,,.6,,2.73,,,,8,1,,14,3415,,,44.9,,,,,
146,傈林,2026-06-04 16:00,29.1,,,,3.5,,230,,48,,19.2,16.9,993.8,,1000.5,,.5,,2.06,,,,6,1,,20,3672,,,46.5,,,,,
146,傈林,2026-06-04 17:00,27.6,,,,4.5,,250,,53,,19.5,17.1,993.6,,1000.4,,.7,,1.98,,,,6,3,,23,4232,,,35.5,,,,,
146,傈林,2026-06-04 18:00,26.8,,,,3.8,,250,,58,,20.4,17.8,994.3,,1001.1,,.1,,.73,,,,8,5,,23,4570,,,32.1,,,,,
146,傈林,2026-06-04 19:00,23.2,,0,,5.3,,270,,77,,21.8,18.9,995.6,,1002.5,,0,,.3,,,,7,5,,5,1763,,01,25.2,,,,,
146,傈林,2026-06-04 20:00,22.4,,,9,4.2,,270,,79,,21.3,18.5,996.3,,1003.2,,0,,.04,,,,10,2,,8,2651,,,23.5,,,,,
146,傈林,2026-06-04 21:00,21.9,,,9,3.4,,290,,82,,21.4,18.6,996.8,,1003.7,,,9,,9,,,10,4,,4,1860,,,23,,,,,
146,傈林,2026-06-04 22:00,21.5,,,9,4,,270,,83,,21.2,18.4,997.3,,1004.2,,,9,,9,,,8,8,,4,1738,,,22.1,,,,,
146,傈林,2026-06-04 23:00,21.5,,,9,3,,250,,84,,21.4,18.6,996.8,,1003.7,,,9,,9,,,1,1,,3,1596,,,22,,,,,
146,傈林,2026-06-05 00:00,21.1,,0,,3.2,,270,,85,,21.2,18.4,996.7,,1003.7,,,9,,9,,,10,7,,3,857,,,21.5,,,,,
146,傈林,2026-06-05 01:00,21,,,,2.7,,250,,85,,21,18.3,996.7,,1003.7,,,9,,9,,,10,3,,4,1211,,,21.2,,,,,
146,傈林,2026-06-05 02:00,20.9,,,,2.4,,250,,85,,20.9,18.2,996.9,,1003.9,,,9,,9,,,6,5,,3,1279,,,21.1,,,,,
146,傈林,2026-06-05 03:00,20.4,,0,,3.8,,270,,86,,20.5,17.9,996.8,,1003.8,,,9,,9,,,6,6,,3,1161,,,20.8,,,,,
146,傈林,2026-06-05 04:00,18.5,,,9,3.9,,290,,88,,18.6,16.4,997.6,,1004.6,,,9,,9,,,9,7,,2,906,,,19.4,,,,,
146,傈林,2026-06-05 05:00,16.9,,,9,2.1,,250,,86,,16.5,14.5,998.8,,1005.9,,,9,,9,,,2,2,,3,3364,,,16.8,,,,,
146,傈林,2026-06-05 06:00,16.4,,,9,2.9,,250,,85,,15.8,13.8,999.4,,1006.5,,0,,.03,,,,1,1,,4,2893,,,16.8,,,,,
146,傈林,2026-06-05 07:00,17.1,,,9,1.4,,250,,82,,15.9,13.9,1000.4,,1007.5,,.1,,.34,,,,1,1,,3,3105,,,20,,,,,
146,傈林,2026-06-05 08:00,18.7,,,9,1.9,,270,,74,,15.9,13.9,1001.1,,1008.2,,.6,,1.11,,,,5,5,,5,3940,,,27.9,,,,,
146,傈林,2026-06-05 09:00,20.3,,,9,3.6,,290,,62,,14.7,12.7,1001.6,,1008.6,,.9,,1.96,,,,2,1,,,4888,,,30.3,,,,,
146,傈林,2026-06-05 10:00,20.8,,,9,4.2,,320,,60,,14.7,12.7,1001.8,,1008.8,,.7,,2.23,,,,6,3,,9,4749,,,25.8,,,,,
146,傈林,2026-06-05 11:00,21.6,,,9,4.5,,270,,61,,15.7,13.7,1002.4,,1009.4,,.7,,2.52,,,,7,2,,10,4630,,,27.4,,,,,
146,傈林,2026-06-05 12:00,22.6,,,9,4.2,,270,,56,,15.3,13.3,1002.2,,1009.2,,.9,,2.95,,,,8,2,,76,4419,,,30.3,,,,,
146,傈林,2026-06-05 13:00,24.1,,,9,3.4,,270,,47,,14,12,1001.8,,1008.7,,1,,3.49,,,,2,0,,,4823,,,34.1,,,,,
146,傈林,2026-06-05 14:00,24.5,,,9,4.7,,270,,42,,12.9,10.7,1001.7,,1008.6,,1,,3.43,,,,4,0,,,4929,,,33.1,,,,,
146,傈林,2026-06-05 15:00,25,,,9,4.9,,270,,38,,11.9,9.6,1001.5,,1008.4,,1,,3.2,,,,2,0,,,4302,,,32.6,,,,,
146,傈林,2026-06-05 16:00,24.8,,,9,5.3,,270,,41,,12.8,10.6,1001.5,,1008.4,,1,,2.66,,,,1,0,,,3906,,,39.4,,,,,
146,傈林,2026-06-05 17:00,24.1,,,9,5.1,,270,,45,,13.5,11.4,1001.7,,1008.6,,1,,2.13,,,,0,0,,,4130,,,31.6,,,,,
146,傈林,2026-06-05 18:00,23.3,,,9,5.5,,270,,47,,13.4,11.3,1002,,1008.9,,1,,1.39,,,,4,0,,,4404,,,29.4,,,,,
146,傈林,2026-06-05 19:00,22.1,,,9,4.1,,270,,52,,13.7,11.7,1002.6,,1009.6,,1,,.72,,,,6,0,,,4557,,,24.4,,,,,
146,傈林,2026-06-05 20:00,19.9,,,9,4.3,,270,,62,,14.3,12.3,1003.3,,1010.3,,.2,,.1,,,,5,0,,,4665,,,19.2,,,,,
146,傈林,2026-06-05 21:00,18.8,,,9,1.5,,250,,67,,14.5,12.5,1004,,1011.1,,,9,,9,,,5,0,,,3636,,,17.1,,,,,
146,傈林,2026-06-05 22:00,18.2,,,9,2.1,,250,,71,,14.8,12.8,1004.7,,1011.8,,,9,,9,,,2,0,,,3464,,,16.4,,,,,
146,傈林,2026-06-05 23:00,17.8,,,9,1.9,,230,,73,,14.8,12.8,1005.3,,1012.4,,,9,,9,,,3,0,,,2812,,,15.5,,,,,
146,傈林,2026-06-06 00:00,17.4,,,9,.3,,0,,72,,14.2,12.2,1005.4,,1012.5,,,9,,9,,,2,0,,,3869,,,13.6,,,,,
146,傈林,2026-06-06 01:00,16.5,,,,.7,,110,,74,,13.8,11.8,1005.4,,1012.5,,,9,,9,,,5,0,,,3997,,,13.2,,,,,
146,傈林,2026-06-06 02:00,16,,,,1.5,,140,,77,,13.9,11.9,1005.5,,1012.7,,,9,,9,,,7,0,,,3997,,,13.5,,,,,
146,傈林,2026-06-06 03:00,15.2,,,,2.1,,140,,81,,13.9,11.9,1005.8,,1013,,,9,,9,,,2,0,,,3798,,,13,,,,,
146,傈林,2026-06-06 04:00,14.9,,,,1.6,,110,,82,,13.8,11.8,1006.1,,1013.3,,,9,,9,,,4,0,,,3416,,,12.5,,,,,
146,傈林,2026-06-06 05:00,14.3,,,,1.6,,140,,83,,13.5,11.4,1006.5,,1013.7,,,9,,9,,,5,0,,,3332,,,12.1,,,,,
146,傈林,2026-06-06 06:00,14.5,,,9,1.5,,110,,83,,13.7,11.6,1006.8,,1014,,.3,,.08,,,,2,0,,,3137,,,14.6,,,,,
146,傈林,2026-06-06 07:00,17.3,,,9,.3,,0,,77,,15.2,13.2,1006.9,,1014,,1,,.6,,,,3,0,,,3205,,,25.3,,,,,
146,傈林,2026-06-06 08:00,19.9,,,9,1.2,,140,,67,,15.5,13.5,1007,,1014.1,,1,,1.35,,,,1,0,,,3304,,,24,,,,,
146,傈林,2026-06-06 09:00,22.5,,,,1.8,,70,,49,,13.3,11.2,1006.8,,1013.8,,1,,2.09,,,,0,0,,,4540,,,27,,,,,
146,傈林,2026-06-06 10:00,24.8,,,,2,,50,,43,,13.4,11.3,1006.4,,1013.3,,1,,2.78,,,,0,0,,,4706,,,32.6,,,,,
146,傈林,2026-06-06 11:00,26.2,,,,2.5,,70,,37,,12.5,10.3,1005.9,,1012.8,,1,,3.19,,,,1,0,,,4714,,,42.3,,,,,
146,傈林,2026-06-06 12:00,28.4,,,,1.4,,110,,33,,12.7,10.5,1005.1,,1011.9,,1,,3.53,,,,1,0,,,4793,,,50.8,,,,,
146,傈林,2026-06-06 13:00,29.3,,,,2.5,,180,,29,,11.8,9.4,1004.5,,1011.3,,1,,3.6,,,,2,0,,,4523,,,52.3,,,,,
146,傈林,2026-06-06 14:00,29.9,,,,2.1,,180,,28,,11.8,9.4,1003.9,,1010.7,,1,,3.46,,,,1,0,,,4679,,,50.1,,,,,
146,傈林,2026-06-06 15:00,30.3,,,,2.9,,110,,25,,10.7,8,1003.4,,1010.2,,1,,3.17,,,,2,0,,,4666,,,55.9,,,,,
146,傈林,2026-06-06 16:00,30.9,,,,1.6,,180,,22,,9.7,6.6,1003.3,,1010.1,,1,,2.72,,,,0,0,,,4554,,,51.5,,,,,
146,傈林,2026-06-06 17:00,30.1,,,,2.5,,140,,25,,10.6,7.9,1003.3,,1010.1,,1,,1.98,,,,2,0,,,4608,,,43.4,,,,,
146,傈林,2026-06-06 18:00,29.7,,,,1.9,,140,,25,,10.4,7.5,1003.1,,1009.9,,1,,1.31,,,,0,0,,,4708,,,40,,,,,
146,傈林,2026-06-06 19:00,28.1,,,,2,,160,,31,,11.7,9.3,1003.2,,1010,,1,,.54,,,,0,0,,,4980,,,30.2,,,,,
146,傈林,2026-06-06 20:00,24.8,,,,3.3,,230,,51,,15.9,13.9,1003.6,,1010.5,,.1,,.05,,,,5,0,,,3521,,,23.7,,,,,
146,傈林,2026-06-06 21:00,22.7,,,,2.8,,230,,58,,16,14,1003.7,,1010.7,,,9,,9,,,0,0,,,2883,,,21.5,,,,,
146,傈林,2026-06-06 22:00,22.6,,,,1.8,,160,,59,,16.1,14.1,1004.2,,1011.2,,,9,,9,,,6,0,,,3518,,,20.4,,,,,
146,傈林,2026-06-06 23:00,22.3,,,,1.3,,90,,58,,15.6,13.6,1004.3,,1011.3,,,9,,9,,,3,0,,,4610,,,19,,,,,
146,傈林,2026-06-07 00:00,21,,,,2,,110,,61,,15.1,13.1,1003.4,,1010.4,,,9,,9,,,0,0,,,4719,,,18.1,,,,,
146,傈林,2026-06-07 01:00,21.2,,,,1.4,,110,,57,,14.3,12.3,1003.4,,1010.4,,,9,,9,,,0,0,,,4932,,,17.1,,,,,
146,傈林,2026-06-07 02:00,20.2,,,,1.6,,110,,62,,14.6,12.6,1003.2,,1010.2,,,9,,9,,,0,0,,,4791,,,16.3,,,,,
146,傈林,2026-06-07 03:00,18.9,,,,1.9,,140,,66,,14.4,12.4,1002.6,,1009.7,,,9,,9,,,0,0,,,4820,,,16.5,,,,,
146,傈林,2026-06-07 04:00,18.6,,,,1,,110,,67,,14.3,12.3,1001.6,,1008.7,,,9,,9,,,0,0,,,4908,,,16,,,,,
146,傈林,2026-06-07 05:00,18.1,,,,.7,,340,,69,,14.3,12.3,1001.8,,1008.9,,,9,,9,,,0,0,,,4897,,,16,,,,,
146,傈林,2026-06-07 06:00,18.5,,,,.3,,0,,69,,14.6,12.6,1001.8,,1008.9,,0,,.07,,,,2,0,,,4626,,,17.6,,,,,
146,傈林,2026-06-07 07:00,19.4,,,,.7,,340,,67,,15.1,13.1,1002,,1009,,0,,.24,,,,9,9,,14,4632,,,21.2,,,,,
146,傈林,2026-06-07 08:00,22.4,,,,.5,,320,,59,,15.9,13.9,1002.1,,1009.1,,.7,,.96,,,,4,0,,,4069,,,29.7,,,,,
146,傈林,2026-06-07 09:00,23.9,,,,1.6,,340,,57,,16.8,14.8,1002,,1008.9,,.6,,1.48,,,,6,3,,14,3791,,,30.6,,,,,
146,傈林,2026-06-07 10:00,24.6,,,,2.5,,320,,57,,17.6,15.5,1001.9,,1008.8,,.3,,1.63,,,,8,1,,14,2855,,,33.1,,,,,
146,傈林,2026-06-07 11:00,27.2,,,,2.4,,360,,51,,18.3,16.1,1001.6,,1008.4,,.8,,2.87,,,,6,2,,76,2977,,,42.5,,,,,
146,傈林,2026-06-07 12:00,28.3,,,,2.7,,340,,48,,18.4,16.2,1000.9,,1007.7,,1,,3.24,,,,3,0,,,2978,,,42.8,,,,,
146,傈林,2026-06-07 13:00,28.5,,,,2.8,,340,,49,,19,16.7,1000.3,,1007.1,,.7,,2.83,,,,6,2,,14,2401,,,42.9,,,,,
146,傈林,2026-06-07 14:00,28.9,,,,2.7,,290,,44,,17.5,15.4,1000,,1006.8,,.8,,2.85,,,,7,1,,,2969,,,40.8,,,,,
146,傈林,2026-06-07 15:00,29.2,,,,3.1,,290,,44,,17.7,15.6,999.6,,1006.4,,.7,,2.53,,,,7,0,,,2768,,,40.3,,,,,
146,傈林,2026-06-07 16:00,29.1,,,,3.1,,320,,43,,17.3,15.2,999,,1005.8,,.6,,2.08,,,,5,0,,,2395,,,36.6,,,,,
146,傈林,2026-06-07 17:00,28.3,,,,1.3,,360,,47,,18.1,15.9,998.5,,1005.3,,.5,,1.32,,,,9,0,,,2836,,,32.4,,,,,
146,傈林,2026-06-07 18:00,27.7,,,,1.4,,320,,50,,18.5,16.3,998.6,,1005.4,,0,,.42,,,,10,0,,,3122,,,30,,,,,
146,傈林,2026-06-07 19:00,27,,,,1.8,,290,,50,,17.7,15.6,998.9,,1005.7,,0,,.26,,,,8,0,,,3168,,,27.4,,,,,
146,傈林,2026-06-07 20:00,23.3,,,,4.7,,270,,64,,18.2,16,1000,,1006.9,,0,,.05,,,,10,1,,17,2464,,,23.2,,,,,
146,傈林,2026-06-07 21:00,21.6,,,,2.4,,230,,65,,16.7,14.7,1000.8,,1007.8,,,9,,9,,,8,4,,40,3256,,,21.3,,,,,
146,傈林,2026-06-07 22:00,21,,,,2.3,,250,,66,,16.3,14.3,1000.7,,1007.7,,,9,,9,,,8,0,,,3457,,,20.4,,,,,
146,傈林,2026-06-07 23:00,20.8,,,,2.5,,230,,66,,16.2,14.2,1001.4,,1008.4,,,9,,9,,,10,7,,16,3266,,,20.7,,,,,
146,傈林,2026-06-08 00:00,21,,,,1.8,,250,,64,,15.9,13.9,1001,,1008,,,9,,9,,,10,10,,16,3568,,,20.9,,,,,
146,傈林,2026-06-08 01:00,20.9,,,,2.7,,250,,65,,16,14,1001.2,,1008.2,,,9,,9,,,10,9,,16,3166,,,20.8,,,,,
146,傈林,2026-06-08 02:00,20.7,,,,1.3,,200,,65,,15.8,13.8,1000.8,,1007.8,,,9,,9,,,10,4,,23,2937,,,19.8,,,,,
146,傈林,2026-06-08 03:00,20.2,,,,2.6,,270,,69,,16.3,14.3,1000.3,,1007.3,,,9,,9,,,10,1,,17,2730,,,19.6,,,,,
146,傈林,2026-06-08 04:00,19.2,,,,2.1,,250,,78,,17.3,15.2,1000.7,,1007.7,,,9,,9,,,9,4,,57,1705,,,18.4,,,,,
146,傈林,2026-06-08 05:00,18.9,,,,1.9,,230,,82,,17.8,15.7,1000.9,,1007.9,,,9,,9,,,10,4,,52,1682,,,18.5,,,,,
146,傈林,2026-06-08 06:00,18.9,,,,2.6,,230,,82,,17.8,15.7,1001,,1008,,0,,.01,,,,10,3,,55,1371,,,18.9,,,,,
146,傈林,2026-06-08 07:00,18.3,,,,3.1,,250,,84,,17.6,15.5,1001.5,,1008.6,,0,,.12,,,,10,3,,3,1151,,,19.1,,,,,
146,傈林,2026-06-08 08:00,18.6,,,,1.7,,250,,77,,16.4,14.4,1002,,1009.1,,0,,.28,,,,10,3,,9,2042,,,22,,,,,
146,傈林,2026-06-08 09:00,19.5,,,,1.8,,250,,72,,16.3,14.3,1001.5,,1008.5,,0,,.87,,,,10,2,,5,2105,,,25.7,,,,,
146,傈林,2026-06-08 10:00,19.9,,,,2.5,,230,,72,,16.6,14.6,1001.8,,1008.8,,0,,.84,,,,10,2,,6,2198,,,27.2,,,,,
146,傈林,2026-06-08 11:00,19.9,,,,2.4,,270,,71,,16.4,14.4,1001.8,,1008.8,,0,,.73,,,,10,2,,7,1795,,,26.6,,,,,
146,傈林,2026-06-08 12:00,20.2,,,,2.1,,290,,70,,16.5,14.5,1001.3,,1008.3,,0,,.82,,,,10,2,,6,1641,,,25.9,,,,,
146,傈林,2026-06-08 13:00,20.1,,,,2.8,,290,,70,,16.4,14.4,1001,,1008,,0,,.83,,,,10,2,,7,1647,,,24.4,,,,,
146,傈林,2026-06-08 14:00,21.3,,,,2.7,,270,,66,,16.6,14.6,1000.9,,1007.9,,0,,1.04,,,,10,3,,8,2141,,,29.4,,,,,
146,傈林,2026-06-08 15:00,22.7,,,,2.8,,250,,54,,14.9,12.9,1000.5,,1007.4,,.4,,2.11,,,,8,2,,11,3741,,,39.9,,,,,
146,傈林,2026-06-08 16:00,22.8,,,,1.7,,270,,54,,14.9,12.9,1000.1,,1007,,.3,,1.64,,,,9,5,,11,2986,,,33.9,,,,,
146,傈林,2026-06-08 17:00,21.8,,,,3,,270,,62,,16.1,14.1,1000.1,,1007.1,,0,,.88,,,,8,3,,12,2124,,,28.9,,,,,
146,傈林,2026-06-08 18:00,20.8,,,,2.3,,270,,72,,17.6,15.5,999.8,,1006.8,,0,,.5,,,,9,2,,6,1408,,,24.8,,,,,
146,傈林,2026-06-08 19:00,19.8,,,,1.3,,270,,75,,17.3,15.2,1000.2,,1007.2,,0,,.24,,,,10,0,,,1356,,,22.4,,,,,
146,傈林,2026-06-08 20:00,19.2,,,,2.3,,230,,78,,17.3,15.2,1000.7,,1007.7,,0,,.04,,,,10,0,,,1391,,,20.2,,,,,
146,傈林,2026-06-08 21:00,18.5,,,,2.5,,230,,79,,16.7,14.7,1001.2,,1008.3,,,9,,9,,,10,0,,,1160,,,19.1,,,,,
146,傈林,2026-06-08 22:00,18.1,,,,2.5,,230,,81,,16.7,14.7,1001.8,,1008.9,,,9,,9,,,10,0,,,1123,,,18.5,,,,,
146,傈林,2026-06-08 23:00,17.7,,,,2,,250,,81,,16.3,14.3,1002.1,,1009.2,,,9,,9,,,9,1,,76,1389,,,17.8,,,,,
146,傈林,2026-06-09 00:00,17.4,,,,1.1,,200,,81,,16,14,1001.6,,1008.7,,,9,,9,,,8,3,,,1481,,,16.8,,,,,
146,傈林,2026-06-09 01:00,17.2,,,,1,,180,,84,,16.4,14.4,1001.5,,1008.6,,,9,,9,,,8,0,,,1017,,,16.2,,,,,
146,傈林,2026-06-09 02:00,16.4,,,,.4,,0,,86,,16,14,1001.5,,1008.6,,,9,,9,,,8,0,,,880,,,15.7,,,,,
146,傈林,2026-06-09 03:00,16.4,,,,.6,,230,,87,,16.2,14.2,1001.3,,1008.4,,,9,,9,,,8,2,,3,942,,,15.4,,,,,
146,傈林,2026-06-09 04:00,16.1,,,,1.1,,110,,88,,16.1,14.1,1001.2,,1008.3,,,9,,9,,,5,1,,,810,,,14.8,,,,,
146,傈林,2026-06-09 05:00,15.8,,,,1.5,,110,,88,,15.8,13.8,1001.4,,1008.5,,,9,,9,,,8,0,,,770,,,14.6,,,,,
146,傈林,2026-06-09 06:00,15.7,,,9,1,,110,,88,,15.7,13.7,1001.9,,1009,,0,,.05,,,,8,0,,,695,,,15.2,,,,,
146,傈林,2026-06-09 07:00,17.5,,,9,.6,,20,,84,,16.7,14.7,1002.2,,1009.3,,.4,,.44,,,,5,0,,,707,,,18.9,,,,,
146,傈林,2026-06-09 08:00,19.6,,,9,.6,,250,,76,,17.3,15.2,1002.4,,1009.4,,1,,1.13,,,,6,0,,,843,,,24.6,,,,,
146,傈林,2026-06-09 09:00,20.9,,,,.8,,290,,70,,17.3,15.2,1002.3,,1009.3,,.7,,1.54,,,,8,0,,,1076,,,29.9,,,,,
146,傈林,2026-06-09 10:00,22.4,,,,1.1,,20,,63,,17,15,1002,,1009,,.9,,1.97,,,,8,0,,,1463,,,36.5,,,,,
146,傈林,2026-06-09 11:00,24.3,,,,2.9,,360,,48,,14.5,12.5,1001.8,,1008.7,,1,,2.89,,,,6,0,,,2134,,,42.1,,,,,
146,傈林,2026-06-09 12:00,25.5,,,,2.1,,340,,45,,14.6,12.6,1001.4,,1008.3,,1,,3.28,,,,7,0,,,3069,,,44.9,,,,,
146,傈林,2026-06-09 13:00,26.5,,,,2.8,,320,,43,,14.8,12.8,1000.7,,1007.5,,1,,3.21,,,,6,0,,,3080,,,48,,,,,
146,傈林,2026-06-09 14:00,27.1,,,,2,,290,,39,,13.9,11.9,1000.2,,1007,,1,,2.84,,,,7,0,,,3252,,,46.2,,,,,
146,傈林,2026-06-09 15:00,27.6,,,,3,,320,,36,,13.2,11.1,1000.1,,1006.9,,1,,2.98,,,,6,0,,,4211,,,44.7,,,,,
146,傈林,2026-06-09 16:00,27.9,,,,3.1,,20,,35,,13.1,11,999.5,,1006.3,,1,,2.52,,,,3,0,,,4277,,,43.4,,,,,
146,傈林,2026-06-09 17:00,27.6,,,,3.8,,270,,41,,15.1,13.1,999.5,,1006.3,,1,,1.97,,,,3,0,,,3142,,,36.9,,,,,
146,傈林,2026-06-09 18:00,24.5,,,,4.8,,290,,52,,15.9,13.9,999.9,,1006.8,,.6,,.99,,,,6,1,,76,3479,,,30.8,,,,,
146,傈林,2026-06-09 19:00,23.9,,,,2.9,,270,,52,,15.4,13.4,1000.6,,1007.5,,1,,.57,,,,3,3,,35,4310,,,26.7,,,,,
146,傈林,2026-06-09 20:00,21.7,,,,2.2,,270,,50,,12.9,10.8,1001.6,,1008.6,,.1,,.07,,,,3,0,,,5000,,,22.3,,,,,
146,傈林,2026-06-09 21:00,20.3,,,,1.5,,250,,53,,12.5,10.3,1002.2,,1009.2,,,9,,9,,,2,0,,,5000,,,20,,,,,
146,傈林,2026-06-09 22:00,20,,,,2.1,,250,,54,,12.5,10.3,1002.6,,1009.6,,,9,,9,,,3,0,,,5000,,,18.7,,,,,
146,傈林,2026-06-09 23:00,19.3,,,,.6,,230,,55,,12.3,10,1002.7,,1009.7,,,9,,9,,,4,0,,,4993,,,17.4,,,,,
146,傈林,2026-06-10 00:00,18.4,,,,2.2,,140,,60,,12.6,10.4,1001.9,,1009,,,9,,9,,,6,3,,,5000,,,17.5,,,,,
146,傈林,2026-06-10 01:00,18.5,,,9,.6,,140,,59,,12.5,10.3,1001.4,,1008.5,,,9,,9,,,8,8,,35,4987,,,17.7,,,,,
146,傈林,2026-06-10 02:00,17.1,,,9,1.9,,340,,72,,14,12,1002,,1009.1,,,9,,9,,,1,0,,,4184,,,16,,,,,
146,傈林,2026-06-10 03:00,17,,,9,.9,,70,,72,,13.9,11.9,1002.3,,1009.4,,,9,,9,,,0,0,,,3517,,,15,,,,,
146,傈林,2026-06-10 04:00,16.1,,,9,1.6,,140,,71,,12.9,10.8,1002.3,,1009.4,,,9,,9,,,0,0,,,5000,,,14.3,,,,,
146,傈林,2026-06-10 05:00,15.6,,,9,1.8,,140,,73,,12.9,10.7,1002.5,,1009.6,,,9,,9,,,0,0,,,4978,,,13.9,,,,,
146,傈林,2026-06-10 06:00,15.3,,,9,1.7,,140,,74,,12.8,10.6,1003,,1010.2,,0,,.04,,,,2,0,,,4935,,,14.6,,,,,
146,傈林,2026-06-10 07:00,18.3,,,9,.9,,110,,68,,14.2,12.2,1003.1,,1010.2,,1,,.49,,,,0,0,,,4504,,,19.5,,,,,
146,傈林,2026-06-10 08:00,19.6,,,9,.6,,230,,66,,15,13,1003.5,,1010.5,,.7,,.93,,,,3,3,,33,4013,,,22.6,,,,,
146,傈林,2026-06-10 09:00,22.8,,,,1,,270,,57,,15.8,13.8,1003.3,,1010.3,,.9,,1.68,,,,0,0,,,4634,,,33.4,,,,,
146,傈林,2026-06-10 10:00,24.2,,,,1.9,,230,,55,,16.5,14.5,1003,,1009.9,,1,,2.5,,,,2,0,,,3458,,,40.1,,,,,
146,傈林,2026-06-10 11:00,25.1,,,,2.9,,230,,50,,15.9,13.9,1003.1,,1010,,1,,3.03,,,,1,0,,,2596,,,44.3,,,,,
146,傈林,2026-06-10 12:00,26.1,,,,3.9,,250,,47,,15.8,13.8,1002.8,,1009.7,,.8,,3.02,,,,5,0,,,2295,,,45,,,,,
146,傈林,2026-06-10 13:00,27.2,,,,2.7,,270,,39,,14,12,1002.6,,1009.4,,.7,,2.77,,,,7,3,,76,2611,,,44.6,,,,,
146,傈林,2026-06-10 14:00,25.9,,,,4,,270,,38,,12.6,10.4,1002.6,,1009.5,,.2,,2.14,,,,7,4,,24,3167,,,40.7,,,,,
146,傈林,2026-06-10 15:00,26.7,,,,4.5,,270,,37,,12.9,10.7,1002,,1008.8,,.8,,2.67,,,,5,1,,,3975,,,43.6,,,,,
146,傈林,2026-06-10 16:00,26,,,,3.7,,290,,35,,11.7,9.3,1002.1,,1009,,.4,,1.77,,,,6,2,,27,4661,,,36.9,,,,,
146,傈林,2026-06-10 17:00,26,,,,3.3,,270,,33,,11,8.4,1001.8,,1008.7,,.9,,1.79,,,,5,2,,27,4552,,,34.6,,,,,
146,傈林,2026-06-10 18:00,25.2,,,,2.8,,270,,34,,10.9,8.2,1002,,1008.9,,.7,,1.08,,,,4,0,,,3933,,,31,,,,,
146,傈林,2026-06-10 19:00,23.6,,,,2.4,,270,,36,,10.4,7.6,1002.2,,1009.1,,.3,,.41,,,,6,1,,76,4807,,,24.2,,,,,
146,傈林,2026-06-10 20:00,22.5,,,,2.8,,270,,36,,9.7,6.6,1002.6,,1009.6,,0,,.06,,,,1,1,,76,4977,,,20.9,,,,,
146,傈林,2026-06-10 21:00,20.6,,,,3.8,,270,,69,,16.7,14.7,1003.3,,1010.3,,,9,,9,,,2,2,,26,3996,,,19.7,,,,,
146,傈林,2026-06-10 22:00,19.7,,,,1.3,,270,,71,,16.2,14.2,1003.9,,1010.9,,,9,,9,,,1,0,,,4141,,,17.8,,,,,
146,傈林,2026-06-10 23:00,19.4,,,,1.5,,230,,68,,15.3,13.3,1004.2,,1011.3,,,9,,9,,,1,1,,15,4849,,,17.2,,,,,
146,傈林,2026-06-11 00:00,18.8,,,,1.2,,110,,67,,14.5,12.5,1004.3,,1011.4,,,9,,9,,,0,0,,,4199,,,15.7,,,,,
146,傈林,2026-06-11 01:00,18.5,,,,1.9,,140,,68,,14.4,12.4,1004.1,,1011.2,,,9,,9,,,2,2,,6,4365,,,18.4,,,,,
146,傈林,2026-06-11 02:00,18.1,,,,1.5,,140,,68,,14,12,1003.8,,1010.9,,,9,,9,,,3,3,,14,4484,,,17.4,,,,,
146,傈林,2026-06-11 03:00,17.5,,,,1.6,,110,,70,,13.9,11.9,1003.7,,1010.8,,,9,,9,,,3,3,,6,4669,,,15.7,,,,,
146,傈林,2026-06-11 04:00,17.3,,,,1,,140,,71,,13.9,11.9,1003.7,,1010.8,,,9,,9,,,3,3,,5,4661,,,16.5,,,,,
146,傈林,2026-06-11 05:00,17.3,,,,1.8,,110,,72,,14.1,12.1,1004.1,,1011.2,,,9,,9,,,0,0,,,4755,,,15.3,,,,,
146,傈林,2026-06-11 06:00,17.5,,,,.9,,110,,72,,14.3,12.3,1004.2,,1011.3,,0,,.03,,,,0,0,,,4488,,,16.5,,,,,
146,傈林,2026-06-11 07:00,19.4,,,,1.3,,140,,70,,15.7,13.7,1004.4,,1011.5,,.8,,.49,,,,0,0,,,4465,,,26.2,,,,,
146,傈林,2026-06-11 08:00,21.8,,,,.8,,200,,70,,18.2,16,1004.8,,1011.8,,.9,,1.19,,,,0,0,,,2850,,,35.7,,,,,
146,傈林,2026-06-11 09:00,21.5,,,,2.4,,270,,71,,18.2,16,1004.8,,1011.8,,.6,,1.55,,,,1,1,,7,2173,,,29.1,,,,,
146,傈林,2026-06-11 10:00,23.2,,,,2.7,,270,,60,,16.9,14.9,1005.1,,1012.1,,.8,,2.24,,,,2,1,,13,2154,,,36.3,,,,,
146,傈林,2026-06-11 11:00,25.1,,,,3,,320,,49,,15.6,13.6,1005.2,,1012.1,,.7,,2.3,,,,3,1,,,2802,,,40.4,,,,,
146,傈林,2026-06-11 12:00,25,,,,3.8,,270,,40,,12.6,10.4,1005.1,,1012,,.8,,2.99,,,,3,1,,,4339,,,43,,,,,
146,傈林,2026-06-11 13:00,25.9,,,,4,,290,,41,,13.7,11.6,1005,,1011.9,,1,,3.67,,,,5,0,,,4617,,,44,,,,,
146,傈林,2026-06-11 14:00,26.1,,,,3.5,,290,,41,,13.8,11.8,1004.6,,1011.5,,1,,3.3,,,,3,0,,,4931,,,41.8,,,,,
146,傈林,2026-06-11 15:00,26.4,,,,3.4,,270,,45,,15.5,13.5,1004.3,,1011.2,,1,,3.16,,,,1,0,,,3796,,,42.8,,,,,
146,傈林,2026-06-11 16:00,25,,,,5.4,,290,,51,,16.1,14.1,1004.3,,1011.2,,1,,2.69,,,,1,0,,,3382,,,36.7,,,,,
146,傈林,2026-06-11 17:00,24.2,,,,5.2,,270,,53,,16,14,1004.4,,1011.3,,1,,2.03,,,,1,0,,,3574,,,32.8,,,,,
146,傈林,2026-06-11 18:00,23.8,,,,3,,290,,59,,17.3,15.2,1004.6,,1011.5,,1,,1.29,,,,1,0,,,2894,,,29.8,,,,,
146,傈林,2026-06-11 19:00,22.3,,,,3.2,,290,,65,,17.4,15.3,1005.1,,1012.1,,1,,.58,,,,1,1,,10,3072,,,25.5,,,,,
146,傈林,2026-06-11 20:00,20.8,,,,2.5,,290,,72,,17.6,15.5,1006,,1013,,.3,,.11,,,,0,0,,,2172,,,20.7,,,,,
146,傈林,2026-06-11 21:00,19.8,,,,2,,270,,75,,17.3,15.2,1006.6,,1013.7,,,9,,9,,,0,0,,,1317,,,19.1,,,,,
146,傈林,2026-06-11 22:00,19.2,,,,1.2,,250,,76,,16.8,14.8,1007.3,,1014.4,,,9,,9,,,0,0,,,1384,,,17.4,,,,,
146,傈林,2026-06-11 23:00,18.7,,,,2.1,,230,,80,,17.2,15.1,1007.4,,1014.5,,,9,,9,,,0,0,,,1106,,,16.8,,,,,
146,傈林,2026-06-12 00:00,18.2,,,,2.6,,230,,82,,17,15,1007.4,,1014.5,,,9,,9,,,0,0,,,964,,,16.2,,,,,
146,傈林,2026-06-12 01:00,17.9,,,,1.3,,230,,83,,16.9,14.9,1007.5,,1014.6,,,9,,9,,,0,0,,,1005,,,15.6,,,,,
146,傈林,2026-06-12 02:00,17.8,,,,.8,,140,,80,,16.2,14.2,1007.6,,1014.7,,,9,,9,,,0,0,,,1671,,,16.4,,,,,
146,傈林,2026-06-12 03:00,17,,,,1.4,,160,,82,,15.8,13.8,1007.5,,1014.6,,,9,,9,,,0,0,,,1602,,,15.1,,,,,
146,傈林,2026-06-12 04:00,16.3,,,,2,,140,,85,,15.7,13.7,1007.5,,1014.7,,,9,,9,,,1,1,,5,1214,,,14.6,,,,,
146,傈林,2026-06-12 05:00,16.2,,,,1.5,,140,,85,,15.6,13.6,1007.6,,1014.8,,,9,,9,,,0,0,,,1237,,,14.2,,,,,
146,傈林,2026-06-12 06:00,16.4,,,,1,,160,,85,,15.8,13.8,1007.8,,1015,,0,,.06,,,,0,0,,,1322,,,15.8,,,,,
146,傈林,2026-06-12 07:00,18.3,,,,1,,140,,80,,16.7,14.7,1007.7,,1014.8,,.5,,.42,,,,0,0,,,1346,,,25.2,,,,,
146,傈林,2026-06-12 08:00,20.7,,,,1.4,,180,,72,,17.5,15.4,1007.7,,1014.7,,1,,1.22,,,,0,0,,,1490,,,34.2,,,,,
146,傈林,2026-06-12 09:00,22.4,,,,.9,,200,,63,,17,15,1007.8,,1014.8,,1,,1.85,,,,0,0,,,1693,,,37.5,,,,,
146,傈林,2026-06-12 10:00,24.4,,,,1,,250,,56,,17,15,1007.6,,1014.5,,1,,2.64,,,,0,0,,,1857,,,46.1,,,,,
146,傈林,2026-06-12 11:00,25.6,,,,1,,340,,47,,15.4,13.4,1007.4,,1014.3,,1,,3.22,,,,0,0,,,2768,,,51.1,,,,,
146,傈林,2026-06-12 12:00,26.3,,,,2.4,,270,,43,,14.7,12.7,1007.1,,1014,,1,,3.48,,,,0,0,,,3180,,,53.1,,,,,
146,傈林,2026-06-12 13:00,27.6,,,,2.3,,290,,41,,15.1,13.1,1006.4,,1013.3,,1,,3.54,,,,3,1,,76,2925,,,53.7,,,,,
146,傈林,2026-06-12 14:00,27.6,,,,1.6,,270,,43,,15.8,13.8,1005.7,,1012.5,,.9,,3.02,,,,1,0,,,2944,,,48.8,,,,,
146,傈林,2026-06-12 15:00,28.2,,,,3.1,,290,,43,,16.4,14.4,1005.4,,1012.2,,.9,,2.98,,,,1,0,,,3270,,,49.7,,,,,
146,傈林,2026-06-12 16:00,27.9,,,,3.5,,270,,41,,15.4,13.4,1005.2,,1012,,1,,2.82,,,,2,2,,76,3729,,,45,,,,,
146,傈林,2026-06-12 17:00,27.7,,,,3.4,,290,,38,,14,12,1004.9,,1011.7,,1,,2.09,,,,1,0,,,3987,,,37.6,,,,,
146,傈林,2026-06-12 18:00,27.6,,,,2.3,,320,,41,,15.1,13.1,1004.7,,1011.5,,1,,1.39,,,,1,0,,,4396,,,33.1,,,,,
146,傈林,2026-06-12 19:00,25.8,,,,2.9,,270,,46,,15.2,13.2,1004.8,,1011.7,,1,,.66,,,,1,0,,,4047,,,28.1,,,,,
146,傈林,2026-06-12 20:00,23.6,,,,3.4,,270,,53,,15.4,13.4,1005.7,,1012.7,,.3,,.09,,,,0,0,,,3370,,,22.9,,,,,
146,傈林,2026-06-12 21:00,21.8,,,,.8,,270,,51,,13.3,11.2,1006.5,,1013.5,,,9,,9,,,0,0,,,4921,,,20,,,,,
146,傈林,2026-06-12 22:00,21,,,,1.6,,250,,59,,14.6,12.6,1006.9,,1013.9,,,9,,9,,,6,0,,,2683,,,18.6,,,,,
146,傈林,2026-06-12 23:00,20.9,,,,1.1,,200,,65,,16,14,1007,,1014,,,9,,9,,,4,0,,,2258,,,17.5,,,,,
146,傈林,2026-06-13 00:00,19.3,,,,2,,110,,69,,15.4,13.4,1006.8,,1013.9,,,9,,9,,,5,0,,,3365,,,16.9,,,,,
146,傈林,2026-06-13 01:00,18.3,,,,1.7,,140,,70,,14.7,12.7,1006.5,,1013.6,,,9,,9,,,5,0,,,3281,,,15.4,,,,,
146,傈林,2026-06-13 02:00,17.6,,,,1.9,,140,,72,,14.4,12.4,1006.3,,1013.4,,,9,,9,,,6,0,,,3327,,,14.8,,,,,
146,傈林,2026-06-13 03:00,16.7,,,,2.2,,140,,72,,13.7,11.6,1006.1,,1013.2,,,9,,9,,,0,0,,,3618,,,13.7,,,,,
146,傈林,2026-06-13 04:00,16.1,,,,2,,160,,74,,13.5,11.4,1006.1,,1013.3,,,9,,9,,,0,0,,,3762,,,13.1,,,,,
146,傈林,2026-06-13 05:00,15.6,,,,2.2,,140,,75,,13.2,11.1,1006,,1013.2,,,9,,9,,,0,0,,,3399,,,12.7,,,,,
146,傈林,2026-06-13 06:00,15.6,,,,1.7,,140,,76,,13.4,11.3,1006,,1013.2,,.4,,.07,,,,0,0,,,3266,,,13.1,,,,,
146,傈林,2026-06-13 07:00,19.5,,,,1.6,,160,,69,,15.6,13.6,1006.3,,1013.4,,1,,.63,,,,0,0,,,3159,,,23.5,,,,,
146,傈林,2026-06-13 08:00,22.6,,,,1.6,,110,,60,,16.4,14.4,1006.1,,1013.1,,1,,1.37,,,,0,0,,,3521,,,36.8,,,,,
146,傈林,2026-06-13 09:00,25.2,,,,1.7,,200,,47,,15,13,1006.2,,1013.1,,1,,2.08,,,,0,0,,,3835,,,40.8,,,,,
146,傈林,2026-06-13 10:00,26.3,,,,1.7,,250,,42,,14.3,12.3,1005.9,,1012.8,,1,,2.68,,,,0,0,,,4392,,,44.8,,,,,
146,傈林,2026-06-13 11:00,28.3,,,,1.6,,250,,36,,13.7,11.7,1005.4,,1012.2,,1,,3.18,,,,0,0,,,4052,,,52.6,,,,,
146,傈林,2026-06-13 12:00,29.5,,,,1.7,,140,,33,,13.6,11.5,1004.8,,1011.6,,1,,3.47,,,,0,0,,,4407,,,56.9,,,,,
146,傈林,2026-06-13 13:00,30.7,,,,2.3,,250,,31,,13.7,11.6,1004,,1010.8,,1,,3.57,,,,0,0,,,4656,,,56.6,,,,,
146,傈林,2026-06-13 14:00,31.5,,,,1,,90,,28,,12.9,10.7,1003,,1009.7,,1,,3.44,,,,0,0,,,4295,,,57.6,,,,,
146,傈林,2026-06-13 15:00,31.9,,,,1.6,,290,,29,,13.7,11.6,1002.3,,1009,,1,,3.08,,,,1,0,,,4219,,,54.8,,,,,
146,傈林,2026-06-13 16:00,31.9,,,,2.7,,250,,31,,14.6,12.6,1002,,1008.7,,1,,2.74,,,,5,4,,25,4041,,,49.5,,,,,
146,傈林,2026-06-13 17:00,29.9,,,,4.3,,290,,43,,18.1,15.9,1001.9,,1008.7,,.9,,1.88,,,,2,0,,,3307,,,40.5,,,,,
146,傈林,2026-06-13 18:00,28.4,,,,3.2,,290,,54,,20.8,18.1,1002.3,,1009.1,,1,,1.17,,,,2,0,,,3292,,,35.2,,,,,
146,傈林,2026-06-13 19:00,25.6,,,,3.8,,290,,66,,21.6,18.7,1003.1,,1010,,.8,,.47,,,,3,0,,,2968,,,26.6,,,,,
146,傈林,2026-06-13 20:00,23.9,,,,2.2,,290,,73,,21.6,18.7,1003.5,,1010.4,,0,,.06,,,,1,0,,,2384,,,23.8,,,,,
146,傈林,2026-06-13 21:00,23.3,,,,1,,340,,75,,21.4,18.6,1003.9,,1010.8,,,9,,9,,,5,1,,32,2032,,,22.5,,,,,
146,傈林,2026-06-13 22:00,23.4,,,,1.4,,50,,76,,21.8,18.9,1004.2,,1011.1,,,9,,9,,,7,7,,30,2090,,,23.3,,,,,
146,傈林,2026-06-13 23:00,23.3,,,,1.4,,90,,76,,21.7,18.8,1004.5,,1011.5,,,9,,9,,,8,8,,30,2332,,,22.8,,,,,
146,傈林,2026-06-14 00:00,23.4,,,,1.3,,110,,74,,21.2,18.4,1004.5,,1011.4,,,9,,9,,,9,9,,30,2231,,,22.6,,,,,
146,傈林,2026-06-14 01:00,23,,,,1.3,,140,,76,,21.3,18.5,1004.5,,1011.5,,,9,,9,,,10,9,,31,2294,,,22.1,,,,,
146,傈林,2026-06-14 02:00,22.5,,,,1,,110,,74,,20.1,17.6,1004.1,,1011.1,,,9,,9,,,9,4,,54,2682,,,20.9,,,,,
146,傈林,2026-06-14 03:00,22.3,,,,1,,140,,73,,19.6,17.2,1004,,1011,,,9,,9,,,8,2,,32,2675,,,21.1,,,,,
146,傈林,2026-06-14 04:00,21.7,,,,1.5,,160,,74,,19.1,16.8,1003.8,,1010.8,,,9,,9,,,7,3,,53,3290,,,19.9,,,,,
146,傈林,2026-06-14 05:00,21.2,,,,1,,140,,75,,18.8,16.5,1003.7,,1010.7,,,9,,9,,,8,8,,58,3312,,,19.6,,,,,
146,傈林,2026-06-14 06:00,21.4,,,,1.5,,140,,75,,19,16.7,1003.9,,1010.9,,0,,.04,,,,8,2,,,3211,,,21.1,,,,,
146,傈林,2026-06-14 07:00,22.3,,,,.5,,160,,74,,19.9,17.4,1004.1,,1011.1,,0,,.33,,,,8,3,,32,2840,,,26.6,,,,,
146,傈林,2026-06-14 08:00,23.8,,,,.7,,140,,70,,20.5,17.9,1004.4,,1011.3,,.3,,.78,,,,8,0,,,3452,,,30.2,,,,,
146,傈林,2026-06-14 09:00,25.5,,,,1.4,,50,,62,,20.1,17.6,1004.5,,1011.4,,.4,,1.33,,,,9,0,,,4150,,,32.2,,,,,
146,傈林,2026-06-14 10:00,27.3,,,,1.5,,90,,54,,19.5,17.1,1004.5,,1011.3,,.7,,2.1,,,,7,0,,,3983,,,45.1,,,,,
146,傈林,2026-06-14 11:00,28,,,,1.6,,20,,49,,18.4,16.2,1004.1,,1010.9,,1,,3.03,,,,6,0,,,4243,,,41.9,,,,,
146,傈林,2026-06-14 12:00,29.5,,,,1.9,,160,,45,,18.5,16.3,1003.7,,1010.5,,1,,3.43,,,,5,0,,,4171,,,52,,,,,
146,傈林,2026-06-14 13:00,30.1,,,,3.2,,290,,47,,20,17.5,1002.7,,1009.5,,.9,,3.37,,,,3,0,,,4142,,,47.1,,,,,
146,傈林,2026-06-14 14:00,30.8,,,,3.9,,320,,44,,19.5,17.1,1002.1,,1008.8,,.7,,2.81,,,,6,1,,76,3840,,,46.6,,,,,
146,傈林,2026-06-14 15:00,27.7,,0,,3.7,,230,,54,,20,17.5,1002,,1008.8,,.1,,.79,,,,8,4,,16,3690,,01,33,,,,,
146,傈林,2026-06-14 16:00,20.5,,0,,5,,50,,71,,17,15,1003,,1010,,.1,,.79,,,,10,4,,15,2148,,7101,20.8,,,,,
146,傈林,2026-06-14 17:00,20.4,,5.3,,1.8,,180,,81,,19.4,17,1002.7,,1009.7,,0,,.14,,,,10,1,,10,3867,,01,22.1,,,,,
146,傈林,2026-06-14 18:00,20.8,,0,,1.2,,70,,82,,20.1,17.6,1003,,1010,,0,,.21,,,,10,1,,10,3441,,01,21.9,,,,,
146,傈林,2026-06-14 19:00,20.4,,0,,1.6,,340,,87,,20.8,18.1,1004.3,,1011.3,,0,,.1,,,,10,0,,,1666,,01,21.5,,,,,
146,傈林,2026-06-14 20:00,21.1,,0,,.1,,0,,78,,19.5,17.1,1004.4,,1011.4,,0,,.02,,,,10,1,,20,2718,,,21.2,,,,,
146,傈林,2026-06-14 21:00,19.3,,,9,1.7,,70,,87,,19.4,17,1005,,1012.1,,,9,,9,,,10,10,,42,1919,,,19.8,,,,,
146,傈林,2026-06-14 22:00,20.2,,,9,1.2,,90,,81,,19.1,16.8,1005.2,,1012.2,,,9,,9,,,9,9,,41,3228,,,19.9,,,,,
146,傈林,2026-06-14 23:00,19.3,,,9,1.3,,50,,85,,19,16.7,1005.1,,1012.2,,,9,,9,,,8,8,,43,2302,,,19.2,,,,,
146,傈林,2026-06-15 00:00,18.7,,,9,1.7,,50,,87,,18.6,16.4,1005.2,,1012.3,,,9,,9,,,4,4,,,1855,,,18.3,,,,,
146,傈林,2026-06-15 01:00,19.6,,,,2.1,,110,,83,,18.9,16.6,1004.9,,1012,,,9,,9,,,3,1,,76,2959,,,18.1,,,,,
146,傈林,2026-06-15 02:00,19.3,,,,1.6,,110,,83,,18.5,16.3,1004.5,,1011.6,,,9,,9,,,0,0,,,3104,,,17.4,,,,,
146,傈林,2026-06-15 03:00,19,,,,1.4,,90,,81,,17.7,15.6,1004.6,,1011.7,,,9,,9,,,0,0,,,3591,,,17.1,,,,,
146,傈林,2026-06-15 04:00,18.1,,,,1.3,,90,,85,,17.6,15.5,1004.5,,1011.6,,,9,,9,,,0,0,,,2782,,,16.3,,,,,
146,傈林,2026-06-15 05:00,17.5,,,,1.3,,70,,86,,17.2,15.1,1005.1,,1012.2,,,9,,9,,,0,0,,,2472,,,16.2,,,,,
146,傈林,2026-06-15 06:00,17.5,,,,.2,,0,,86,,17.2,15.1,1005.9,,1013,,.3,,.06,,,,0,0,,,2435,,,17.2,,,,,
146,傈林,2026-06-15 07:00,20.5,,,,.9,,110,,77,,18.5,16.3,1006.3,,1013.3,,1,,.52,,,,0,0,,,2634,,,27.6,,,,,
146,傈林,2026-06-15 08:00,22.6,,,,1,,110,,68,,18.5,16.3,1006.2,,1013.2,,1,,1.19,,,,0,0,,,3027,,,32.4,,,,,
146,傈林,2026-06-15 09:00,25.5,,,,.7,,50,,62,,20.1,17.6,1006.1,,1013,,1,,1.92,,,,0,0,,,2888,,,38.3,,,,,
146,傈林,2026-06-15 10:00,27,,,,1.2,,340,,54,,19.1,16.8,1005.7,,1012.6,,1,,2.56,,,,0,0,,,3223,,,40.3,,,,,
146,傈林,2026-06-15 11:00,28.4,,,,2.3,,320,,50,,19.2,16.9,1005.5,,1012.3,,1,,3.03,,,,0,0,,,3057,,,42,,,,,
146,傈林,2026-06-15 12:00,29.1,,,,1.7,,290,,45,,18.1,15.9,1005.4,,1012.2,,1,,3.39,,,,1,0,,,3716,,,42.6,,,,,
146,傈林,2026-06-15 13:00,29.9,,,,2.3,,270,,43,,18.1,15.9,1005,,1011.8,,1,,3.43,,,,5,0,,,3849,,,45.3,,,,,
146,傈林,2026-06-15 14:00,28.9,,,,2,,230,,43,,17,15,1004.7,,1011.5,,.5,,2.1,,,,5,1,,18,4345,,,34.9,,,,,
146,傈林,2026-06-15 15:00,29.9,,,,.7,,110,,41,,17.3,15.2,1004.3,,1011.1,,.1,,1.13,,,,5,5,,31,4120,,,38,,,,,
146,傈林,2026-06-15 16:00,31.6,,,,2.3,,290,,40,,18.5,16.3,1004.1,,1010.8,,.4,,1.62,,,,5,4,,30,3237,,,47.3,,,,,
146,傈林,2026-06-15 17:00,31.6,,,,2.3,,320,,39,,18.1,15.9,1004,,1010.7,,.9,,2,,,,5,0,,,4200,,,42.5,,,,,
146,傈林,2026-06-15 18:00,29.6,,,,1.7,,290,,46,,19,16.7,1004.2,,1011,,.5,,.88,,,,8,2,,18,3699,,,32,,,,,
146,傈林,2026-06-15 19:00,25.8,,1.7,,1.4,,320,,66,,21.8,18.9,1005.4,,1012.3,,0,,.06,,,,9,2,,14,1883,,01,24.7,,,,,
146,傈林,2026-06-15 20:00,24.2,,.7,,2,,250,,70,,21,18.3,1006.1,,1013,,0,,0,,,,10,3,,29,3099,,,23.2,,,,,
146,傈林,2026-06-15 21:00,23.8,,,9,2,,230,,68,,20,17.5,1006.9,,1013.9,,,9,,9,,,8,3,,17,3001,,,22.3,,,,,
146,傈林,2026-06-15 22:00,23.3,,,9,.2,,0,,67,,19.1,16.8,1007.5,,1014.5,,,9,,9,,,6,6,,33,2547,,,21.8,,,,,
146,傈林,2026-06-15 23:00,22.9,,,9,.4,,0,,70,,19.5,17.1,1007.7,,1014.7,,,9,,9,,,4,0,,,2292,,,20.8,,,,,
146,傈林,2026-06-16 00:00,22.3,,,9,.6,,230,,75,,20.1,17.6,1008,,1015,,,9,,9,,,4,2,,,2122,,,20.3,,,,,
146,傈林,2026-06-16 01:00,22.2,,,,.4,,0,,76,,20.2,17.7,1007.8,,1014.8,,,9,,9,,,3,3,,26,1953,,,20,,,,,
146,傈林,2026-06-16 02:00,20.2,,,,.8,,70,,81,,19.1,16.8,1006.9,,1014,,,9,,9,,,6,0,,,1856,,,19.1,,,,,
146,傈林,2026-06-16 03:00,20.2,,,,1.4,,140,,81,,19.1,16.8,1006.8,,1013.8,,,9,,9,,,0,0,,,1933,,,18.4,,,,,
146,傈林,2026-06-16 04:00,19.6,,,,1.7,,140,,80,,18.2,16,1006.9,,1014,,,9,,9,,,0,0,,,2483,,,17.7,,,,,
146,傈林,2026-06-16 05:00,18.9,,,,2,,140,,78,,16.9,14.9,1007.4,,1014.5,,,9,,9,,,4,0,,,3148,,,16.9,,,,,
146,傈林,2026-06-16 06:00,19.1,,,9,1.6,,140,,76,,16.7,14.7,1007.4,,1014.5,,.2,,.08,,,,6,0,,,3643,,,17.4,,,,,
146,傈林,2026-06-16 07:00,21.1,,,9,1.4,,110,,68,,16.9,14.9,1007.2,,1014.2,,1,,.56,,,,7,0,,,3815,,,20.3,,,,,
146,傈林,2026-06-16 08:00,23.3,,,9,.5,,20,,61,,17.4,15.3,1007.6,,1014.6,,1,,1.02,,,,6,0,,,3937,,,23.3,,,,,
146,傈林,2026-06-16 09:00,25.9,,,,1.9,,360,,50,,16.6,14.6,1007.8,,1014.7,,1,,1.83,,,,5,0,,,4572,,,31.1,,,,,
146,傈林,2026-06-16 10:00,27.4,,,,1.8,,70,,46,,16.7,14.7,1007.3,,1014.2,,1,,2.54,,,,4,0,,,4436,,,33.1,,,,,
146,傈林,2026-06-16 11:00,28.6,,,,1.5,,20,,42,,16.4,14.4,1006.7,,1013.5,,1,,2.98,,,,6,0,,,4524,,,38.9,,,,,
146,傈林,2026-06-16 12:00,30.1,,,,2.4,,340,,39,,16.6,14.6,1006.2,,1013,,1,,3.12,,,,3,0,,,4492,,,45.9,,,,,
146,傈林,2026-06-16 13:00,31.1,,,,2.9,,340,,36,,16.2,14.2,1005.3,,1012.1,,1,,3.65,,,,3,0,,,4408,,,49.3,,,,,
146,傈林,2026-06-16 14:00,31.6,,,,1.8,,250,,39,,18.1,15.9,1004.8,,1011.5,,.9,,3.29,,,,5,0,,,4581,,,51,,,,,
146,傈林,2026-06-16 15:00,32.9,,,,1.5,,250,,39,,19.5,17.1,1004.3,,1011,,.8,,2.69,,,,5,1,,,4343,,,49.6,,,,,
146,傈林,2026-06-16 16:00,31.7,,,,2.8,,250,,40,,18.6,16.4,1003.9,,1010.6,,.6,,2.18,,,,6,4,,22,4585,,,40.6,,,,,
146,傈林,2026-06-16 17:00,32.1,,,,2.7,,270,,40,,19,16.7,1003.9,,1010.6,,.3,,1.05,,,,6,4,,21,4371,,,39.6,,,,,
146,傈林,2026-06-16 18:00,30.1,,,,1.8,,200,,44,,18.8,16.5,1003.8,,1010.6,,.2,,.49,,,,3,3,,33,4977,,,30.9,,,,,
146,傈林,2026-06-16 19:00,29,,,,2.9,,250,,51,,20.4,17.8,1004.3,,1011.1,,.5,,.47,,,,6,3,,22,3876,,,29.6,,,,,
146,傈林,2026-06-16 20:00,26.6,,,,3.8,,230,,55,,19.1,16.8,1004.9,,1011.8,,0,,.08,,,,8,7,,19,2975,,,26.3,,,,,
146,傈林,2026-06-16 21:00,25.9,,,,3,,230,,56,,18.6,16.4,1005.3,,1012.2,,,9,,9,,,6,5,,19,3166,,,25.1,,,,,
146,傈林,2026-06-16 22:00,25.5,,,,2.2,,200,,57,,18.5,16.3,1005.7,,1012.6,,,9,,9,,,0,0,,,3050,,,23.9,,,,,
146,傈林,2026-06-16 23:00,25,,,,1.2,,180,,61,,19.2,16.9,1005.8,,1012.7,,,9,,9,,,0,0,,,3111,,,22.4,,,,,
146,傈林,2026-06-17 00:00,24.3,,,,1.1,,110,,65,,19.6,17.2,1005.8,,1012.7,,,9,,9,,,0,0,,,3185,,,21.6,,,,,
146,傈林,2026-06-17 01:00,23.7,,,,1,,140,,68,,19.9,17.4,1005.7,,1012.6,,,9,,9,,,0,0,,,3246,,,21,,,,,
146,傈林,2026-06-17 02:00,23,,,,1.1,,50,,71,,19.9,17.4,1005.4,,1012.4,,,9,,9,,,5,4,,37,3193,,,20.8,,,,,
146,傈林,2026-06-17 03:00,23.1,,,,1.7,,140,,72,,20.2,17.7,1004.8,,1011.8,,,9,,9,,,6,2,,25,3963,,,21.3,,,,,
146,傈林,2026-06-17 04:00,23,,,,1.7,,140,,72,,20.1,17.6,1004.7,,1011.7,,,9,,9,,,8,8,,24,4241,,,21.6,,,,,
146,傈林,2026-06-17 05:00,22,,,,1.9,,50,,75,,19.7,17.3,1004.6,,1011.6,,,9,,9,,,5,5,,22,3387,,,20.8,,,,,
146,傈林,2026-06-17 06:00,22.3,,,,.6,,20,,74,,19.9,17.4,1004.8,,1011.8,,.1,,.05,,,,6,6,,18,3531,,,22.6,,,,,
146,傈林,2026-06-17 07:00,24.5,,,,1,,180,,71,,21.7,18.8,1004.6,,1011.5,,.1,,.32,,,,7,3,,19,3927,,,33.7,,,,,
146,傈林,2026-06-17 08:00,26.9,,,,1.3,,50,,62,,21.8,18.9,1004.4,,1011.3,,.7,,1.13,,,,6,5,,27,4489,,,37.9,,,,,
146,傈林,2026-06-17 09:00,29.5,,,,.8,,50,,55,,22.7,19.5,1004.3,,1011.1,,.8,,1.75,,,,7,0,,,4154,,,44.9,,,,,
146,傈林,2026-06-17 10:00,29.3,,,9,.9,,110,,52,,21.2,18.4,1004.1,,1010.9,,.4,,1.94,,,,9,1,,76,4354,,,37.8,,,,,
146,傈林,2026-06-17 11:00,29.6,,,9,1,,270,,49,,20.2,17.7,1003.8,,1010.6,,0,,1.48,,,,9,2,,32,4241,,,39.2,,,,,
146,傈林,2026-06-17 12:00,30.6,,0,,1,,20,,47,,20.5,17.9,1003.3,,1010.1,,.2,,2.2,,,,8,1,,76,4425,,01,41.9,,,,,
146,傈林,2026-06-17 13:00,30.2,,,9,2.6,,250,,48,,20.5,17.9,1002.8,,1009.6,,.1,,1.89,,,,9,3,,30,4865,,,42.8,,,,,
146,傈林,2026-06-17 14:00,30.3,,,9,1.1,,250,,51,,22,19,1002.7,,1009.5,,0,,1.45,,,,10,5,,15,4710,,,37.7,,,,,
146,傈林,2026-06-17 15:00,29.7,,0,,2.1,,160,,53,,22,19,1002,,1008.8,,.2,,1.52,,,,9,2,,16,4810,,01,37.2,,,,,
146,傈林,2026-06-17 16:00,29.1,,0,,1.6,,250,,57,,22.9,19.7,1001.9,,1008.7,,.1,,.58,,,,10,1,,14,4629,,04,33,,,,,
146,傈林,2026-06-17 17:00,23.2,,1.2,,3.9,,290,,88,,24.9,21,1003,,1009.9,,0,,.09,,,,10,2,,2,380,,1004,25.6,,,,,
146,傈林,2026-06-17 18:00,22.9,,.4,,1.4,,50,,87,,24.3,20.6,1002.9,,1009.9,,0,,.16,,,,10,7,,2,418,,100401,25.6,,,,,
146,傈林,2026-06-17 19:00,22.7,,.4,,1.1,,20,,89,,24.4,20.7,1003.3,,1010.3,,0,,.17,,,,10,3,,4,457,,1001,24.8,,,,,
146,傈林,2026-06-17 20:00,22.3,,0,,2.2,,50,,90,,24.1,20.5,1002.8,,1009.8,,0,,.04,,,,10,1,,10,467,,,23.6,,,,,
146,傈林,2026-06-17 21:00,22.5,,.3,,1.3,,110,,91,,24.7,20.9,1002.5,,1009.5,,,9,,9,,,10,0,,,531,,,23.2,,,,,
146,傈林,2026-06-17 22:00,23,,,9,2,,110,,88,,24.6,20.8,1002.5,,1009.4,,,9,,9,,,9,4,,19,1215,,,23.1,,,,,
146,傈林,2026-06-17 23:00,23.3,,,9,.9,,160,,86,,24.6,20.8,1002.6,,1009.5,,,9,,9,,,7,7,,18,1770,,,23.1,,,,,
146,傈林,2026-06-18 00:00,23.4,,0,,1.3,,140,,85,,24.4,20.7,1002.5,,1009.4,,,9,,9,,,8,2,,12,1991,,,23.1,,,,,
146,傈林,2026-06-18 01:00,23.1,,0,,.8,,70,,87,,24.6,20.8,1002.6,,1009.5,,,9,,9,,,3,3,,10,1699,,,22.9,,,,,
146,傈林,2026-06-18 02:00,22.9,,,9,1.6,,110,,83,,23.1,19.8,1002.5,,1009.4,,,9,,9,,,9,5,,9,2989,,,22.6,,,,,
146,傈林,2026-06-18 03:00,22.7,,,9,.9,,70,,86,,23.7,20.2,1002.4,,1009.4,,,9,,9,,,7,7,,7,1980,,,22.7,,,,,
146,傈林,2026-06-18 04:00,22.4,,0,,.7,,20,,89,,24,20.4,1002.5,,1009.5,,,9,,9,,,8,6,,5,967,,,22.6,,,,,
146,傈林,2026-06-18 05:00,21.8,,.1,,2.2,,340,,91,,23.7,20.2,1002.4,,1009.4,,,9,,9,,,7,4,,1,267,,,22.3,,,,,
146,傈林,2026-06-18 06:00,21.6,,2,,1.2,,90,,92,,23.7,20.2,1002.6,,1009.6,,0,,.03,,,,9,3,,,187,,,22.5,,,,,
146,傈林,2026-06-18 07:00,21.7,,1,,1,,90,,92,,23.8,20.3,1002.7,,1009.7,,0,,.13,,,,6,2,,,319,,,23.3,,,,,
146,傈林,2026-06-18 08:00,22.7,,.4,,1.3,,140,,90,,24.7,20.9,1002.6,,1009.6,,0,,.6,,,,6,4,,2,3127,,,26,,,,,
146,傈林,2026-06-18 09:00,24.3,,,9,.1,,0,,84,,25.5,21.4,1002.5,,1009.4,,0,,.75,,,,7,7,,9,4510,,,28.1,,,,,
146,傈林,2026-06-18 10:00,26.3,,,9,.8,,110,,77,,26.3,21.9,1002.1,,1009,,.4,,1.96,,,,8,2,,18,4772,,,34,,,,,
146,傈林,2026-06-18 11:00,27,,,9,1.2,,320,,76,,26.9,22.3,1002.2,,1009,,.3,,1.89,,,,8,4,,7,2292,,,35,,,,,
146,傈林,2026-06-18 12:00,28.2,,,9,2.4,,290,,67,,25.5,21.4,1002,,1008.8,,.7,,2.96,,,,6,3,,8,4103,,,36,,,,,
146,傈林,2026-06-18 13:00,28.3,,,9,2.4,,270,,65,,24.9,21,1001.7,,1008.5,,.6,,3.14,,,,8,3,,9,4884,,,35.3,,,,,
146,傈林,2026-06-18 14:00,27.8,,,9,1.4,,250,,70,,26.1,21.8,1001.4,,1008.2,,.2,,1.11,,,,10,4,,7,4087,,,31.6,,,,,
146,傈林,2026-06-18 15:00,29.8,,,9,1.6,,250,,62,,26,21.7,1000.7,,1007.5,,.6,,2.27,,,,6,1,,,4261,,,38.1,,,,,
146,傈林,2026-06-18 16:00,29.5,,,9,1.8,,270,,63,,26,21.7,1000.5,,1007.3,,.5,,1.83,,,,6,6,,9,4233,,,35.2,,,,,
146,傈林,2026-06-18 17:00,29.7,,,9,2.2,,320,,62,,25.8,21.6,1000.4,,1007.2,,.7,,1.64,,,,7,7,,10,4695,,,33.9,,,,,
146,傈林,2026-06-18 18:00,27.7,,,9,4.6,,270,,71,,26.3,21.9,1000.4,,1007.2,,.9,,1.06,,,,7,4,,7,2038,,,30.8,,,,,
146,傈林,2026-06-18 19:00,26.5,,,9,2.2,,270,,75,,25.8,21.6,1000.7,,1007.5,,0,,.37,,,,8,0,,,1829,,,27.9,,,,,
146,傈林,2026-06-18 20:00,25.2,,,9,2.2,,250,,78,,24.9,21,1001.1,,1008,,0,,.08,,,,9,2,,,2865,,,25.4,,,,,
146,傈林,2026-06-18 21:00,24.6,,,9,1.8,,270,,80,,24.7,20.9,1001.6,,1008.5,,,9,,9,,,8,0,,,2099,,,24.3,,,,,
146,傈林,2026-06-18 22:00,24.2,,,9,1.9,,230,,84,,25.3,21.3,1002.2,,1009.1,,,9,,9,,,9,3,,7,1186,,,23.8,,,,,
146,傈林,2026-06-18 23:00,23.5,,,9,2.5,,250,,86,,24.9,21,1002.5,,1009.4,,,9,,9,,,9,7,,7,1129,,,23.3,,,,,
146,傈林,2026-06-19 00:00,23.3,,,9,1.3,,270,,84,,24,20.4,1002.8,,1009.7,,,9,,9,,,7,3,,8,1573,,,22.8,,,,,
146,傈林,2026-06-19 01:00,23.5,,,,.5,,340,,83,,24,20.4,1002.6,,1009.5,,,9,,9,,,8,8,,8,1844,,,22.9,,,,,
146,傈林,2026-06-19 02:00,23.1,,,,1.2,,70,,85,,24,20.4,1002.2,,1009.1,,,9,,9,,,7,5,,8,1467,,,22.3,,,,,
146,傈林,2026-06-19 03:00,23,,,9,1.5,,110,,87,,24.4,20.7,1001.6,,1008.5,,,9,,9,,,7,2,,,1021,,,21.7,,,,,
146,傈林,2026-06-19 04:00,22.5,,,,.3,,0,,87,,23.7,20.2,1000.9,,1007.8,,,9,,9,,,8,0,,,1029,,,21.3,,,,,
146,傈林,2026-06-19 05:00,22,,,,1,,320,,90,,23.7,20.2,1001.3,,1008.3,,,9,,9,,,8,1,,,609,,,20.9,,,,,
146,傈林,2026-06-19 06:00,22.3,,,,.8,,250,,90,,24.1,20.5,1001.9,,1008.9,,0,,.07,,,,7,0,,,431,,,21.8,,,,,
146,傈林,2026-06-19 07:00,23.2,,,,.2,,0,,87,,24.7,20.9,1002.2,,1009.1,,0,,.29,,,,10,8,,7,595,,,24.1,,,,,
146,傈林,2026-06-19 08:00,24.1,,,,.7,,360,,83,,24.9,21,1002,,1008.9,,0,,.44,,,,9,7,,7,914,,,25.8,,,,,
146,傈林,2026-06-19 09:00,26,,,,1,,20,,78,,26.1,21.8,1001.5,,1008.4,,.1,,1.12,,,,9,0,,,1116,,19,29.5,,,,,
146,傈林,2026-06-19 10:00,27.3,,,,.8,,270,,74,,26.8,22.2,1001.1,,1007.9,,0,,1.46,,,,10,0,,,1731,,,31.7,,,,,
146,傈林,2026-06-19 11:00,27.9,,0,,1.1,,160,,69,,25.8,21.6,1000.7,,1007.5,,0,,1.56,,,,10,0,,,1828,,01,33.4,,,,,
146,傈林,2026-06-19 12:00,29.2,,,9,1.2,,180,,66,,26.6,22.1,1000.1,,1006.9,,0,,1.56,,,,10,1,,76,2505,,,35.1,,,,,
146,傈林,2026-06-19 13:00,29.4,,0,,2.6,,90,,60,,24.6,20.8,999.2,,1006,,0,,1.74,,,,10,0,,,3258,,01,35.4,,,,,
146,傈林,2026-06-19 14:00,29,,0,,1.7,,180,,63,,25.2,21.2,999.3,,1006.1,,0,,.89,,,,10,1,,12,3003,,01,32.4,,,,,
146,傈林,2026-06-19 15:00,27.1,,.2,,1.7,,160,,74,,26.4,22,999.2,,1006,,0,,.45,,,,10,3,,5,1806,,01,29.1,,,,,
146,傈林,2026-06-19 16:00,27.6,,.3,,1.9,,50,,77,,28.3,23.1,998.9,,1005.7,,0,,.84,,,,10,1,,,2808,,01,30.9,,,,,
146,傈林,2026-06-19 17:00,27.4,,0,,1.4,,20,,77,,28.1,23,998.6,,1005.4,,0,,.72,,,,10,0,,,2814,,01,29.6,,,,,
146,傈林,2026-06-19 18:00,27,,0,,1.7,,70,,78,,27.7,22.8,998,,1004.8,,0,,.32,,,,10,1,,29,2904,,01,27.4,,,,,
146,傈林,2026-06-19 19:00,26.6,,0,,1,,50,,77,,26.8,22.2,997.8,,1004.6,,0,,.17,,,,10,9,,30,3687,,01,26.9,,,,,
146,傈林,2026-06-19 20:00,26.4,,0,,1.6,,160,,76,,26.1,21.8,997.8,,1004.6,,0,,.03,,,,10,1,,15,4049,,,25.6,,,,,
146,傈林,2026-06-19 21:00,24.6,,.7,,2.5,,140,,87,,26.8,22.2,997.8,,1004.7,,,9,,9,,,10,6,,23,693,,,24.5,,,,,
146,傈林,2026-06-19 22:00,21.7,,5.1,,2,,70,,86,,22.2,19.2,997.2,,1004.1,,,9,,9,,,10,3,,13,1040,,,22.3,,,,,
146,傈林,2026-06-19 23:00,21.8,,.3,,.9,,140,,85,,22.1,19.1,996.4,,1003.3,,,9,,9,,,10,5,,15,4280,,,22.7,,,,,
146,傈林,2026-06-20 00:00,21.7,,1.6,,3,,140,,91,,23.5,20.1,995.4,,1002.3,,,9,,9,,,10,7,,16,702,,,22.2,,,,,
146,傈林,2026-06-20 01:00,22,,4.3,,3.5,,140,,92,,24.3,20.6,994.1,,1001,,,9,,9,,,10,3,,13,1114,,,22.3,,,,,
146,傈林,2026-06-20 02:00,21.7,,4.9,,2.5,,110,,93,,24.1,20.5,992.9,,999.8,,,9,,9,,,10,2,,10,863,,,22.2,,,,,
146,傈林,2026-06-20 03:00,21.5,,10.4,,2.8,,140,,94,,24,20.4,991.6,,998.5,,,9,,9,,,10,1,,11,387,,,22.1,,,,,
146,傈林,2026-06-20 04:00,21.8,,7.4,,2.5,,140,,94,,24.4,20.7,990.8,,997.7,,,9,,9,,,10,4,,10,262,,,22.1,,,,,
146,傈林,2026-06-20 05:00,22.3,,6.9,,2.4,,140,,94,,25.2,21.2,990.1,,997,,,9,,9,,,10,5,,8,2433,,,22.6,,,,,
146,傈林,2026-06-20 06:00,22.6,,2.5,,1.7,,160,,94,,25.6,21.5,990,,996.9,,0,,.01,,,,9,5,,6,636,,,22.9,,,,,
146,傈林,2026-06-20 07:00,23,,1.4,,1,,110,,94,,26.3,21.9,989.8,,996.7,,0,,.05,,,,9,6,,5,525,,,23.5,,,,,
146,傈林,2026-06-20 08:00,23.9,,.3,,1.5,,160,,94,,27.7,22.8,989.8,,996.6,,0,,.14,,,,10,6,,5,3394,,,24.5,,,,,
146,傈林,2026-06-20 09:00,23.7,,.3,,3.3,,230,,93,,27.1,22.4,990,,996.8,,0,,.28,,,,10,3,,4,563,,01,24.4,,,,,
146,傈林,2026-06-20 10:00,23.4,,.5,,3.1,,250,,92,,26.4,22,990.4,,997.3,,0,,.3,,,,9,2,,4,1838,,01,24.2,,,,,
146,傈林,2026-06-20 11:00,23.5,,0,,3.9,,230,,91,,26.3,21.9,991.1,,998,,0,,.27,,,,10,10,,4,2450,,1,24.5,,,,,
146,傈林,2026-06-20 12:00,22.6,,0,,4.7,,250,,92,,25.2,21.2,992.1,,999,,0,,.37,,,,9,8,,2,1139,,1,23.1,,,,,
146,傈林,2026-06-20 13:00,23.6,,.1,,7,,230,,86,,25,21.1,992.5,,999.4,,0,,1.08,,,,9,7,,3,4148,,01,27.5,,,,,
146,傈林,2026-06-20 14:00,22.7,,0,,5.4,,230,,89,,24.4,20.7,993.1,,1000,,0,,.45,,,,8,8,,3,2016,,01,23.6,,,,,
146,傈林,2026-06-20 15:00,22.5,,0,,4.5,,230,,90,,24.4,20.7,993.9,,1000.8,,0,,.23,,,,10,9,,3,2773,,01,22.9,,,,,
146,傈林,2026-06-20 16:00,22.5,,0,,7.5,,250,,88,,24,20.4,994.7,,1001.6,,0,,.37,,,,9,7,,3,2823,,01,23.5,,,,,
146,傈林,2026-06-20 17:00,21.9,,0,,6.1,,250,,91,,23.8,20.3,995.2,,1002.1,,0,,.65,,,,10,5,,4,756,,1,22.8,,,,,
146,傈林,2026-06-20 18:00,21.5,,0,,5.9,,250,,93,,23.8,20.3,996,,1002.9,,0,,.19,,,,10,9,,2,1358,,01,21.9,,,,,
146,傈林,2026-06-20 19:00,21.2,,.1,,4.1,,250,,94,,23.5,20.1,996.4,,1003.4,,0,,.1,,,,8,8,,1,1361,,1,21.7,,,,,
146,傈林,2026-06-20 20:00,21.3,,0,,3.9,,250,,92,,23.2,19.9,996.8,,1003.8,,0,,.02,,,,9,9,,2,1221,,,21.4,,,,,
146,傈林,2026-06-20 21:00,21.2,,.1,,3.8,,270,,93,,23.4,20,997.7,,1004.7,,,9,,9,,,9,8,,2,808,,,21.2,,,,,
146,傈林,2026-06-20 22:00,21.2,,.1,,3.7,,250,,92,,23.1,19.8,998.4,,1005.4,,,9,,9,,,10,3,,2,2318,,,21,,,,,
146,傈林,2026-06-20 23:00,21.1,,0,,3.7,,250,,92,,22.9,19.7,998.8,,1005.8,,,9,,9,,,10,3,,3,1670,,,21,,,,,
146,傈林,2026-06-21 00:00,21,,0,,2.8,,270,,91,,22.5,19.4,998.6,,1005.6,,,9,,9,,,10,5,,,1899,,,20.9,,,,,
146,傈林,2026-06-21 01:00,20.7,,0,,3.4,,270,,92,,22.4,19.3,999,,1006,,,9,,9,,,10,6,,2,1713,,,20.8,,,,,
146,傈林,2026-06-21 02:00,20.3,,.6,,2.9,,250,,94,,22.2,19.2,999.1,,1006.1,,,9,,9,,,10,8,,1,458,,,20.7,,,,,
146,傈林,2026-06-21 03:00,20.2,,.1,,2.6,,250,,94,,22.1,19.1,999.7,,1006.7,,,9,,9,,,10,3,,2,747,,,20.6,,,,,
146,傈林,2026-06-21 04:00,19.9,,.1,,2.8,,270,,95,,22,19,1000.1,,1007.1,,,9,,9,,,10,4,,1,355,,,20.4,,,,,
146,傈林,2026-06-21 05:00,19.9,,.2,,1.7,,290,,95,,22,19,1000.5,,1007.5,,,9,,9,,,10,7,,1,363,,,20.3,,,,,
146,傈林,2026-06-21 06:00,19.9,,1,,.7,,290,,95,,22,19,1001.2,,1008.2,,0,,.02,,,,10,4,,,627,,,20.9,,,,,
146,傈林,2026-06-21 07:00,20.3,,0,,1.7,,320,,95,,22.5,19.4,1001.5,,1008.5,,0,,.17,,,,10,6,,1,780,,,21.9,,,,,
146,傈林,2026-06-21 08:00,21.6,,0,,.2,,0,,91,,23.4,20,1001.5,,1008.5,,0,,.66,,,,9,5,,1,1540,,,26.3,,,,,
146,傈林,2026-06-21 09:00,23.3,,,9,.8,,270,,83,,23.7,20.2,1002.4,,1009.3,,.7,,1.39,,,,8,2,,76,4862,,,34.7,,,,,
146,傈林,2026-06-21 10:00,24.3,,,9,2.2,,360,,76,,22.9,19.7,1002.6,,1009.5,,.3,,1.82,,,,9,2,,10,4563,,,35.9,,,,,
146,傈林,2026-06-21 11:00,24.9,,,9,1.8,,340,,71,,22.2,19.2,1002.8,,1009.7,,.5,,2.49,,,,8,0,,,4372,,,32.2,,,,,
146,傈林,2026-06-21 12:00,25.8,,,9,1.2,,270,,66,,21.8,18.9,1002.4,,1009.3,,1,,2.72,,,,7,2,,,4284,,,35.6,,,,,
146,傈林,2026-06-21 13:00,26.6,,,9,2.2,,340,,63,,21.8,18.9,1001.7,,1008.5,,.8,,2.93,,,,8,1,,11,4476,,,34.8,,,,,
146,傈林,2026-06-21 14:00,27.8,,,9,1.9,,250,,57,,21.2,18.4,1001.3,,1008.1,,1,,3.3,,,,8,0,,,4593,,,36.3,,,,,
146,傈林,2026-06-21 15:00,27.6,,,9,3.3,,320,,59,,21.7,18.8,1001.4,,1008.2,,.3,,2.17,,,,9,1,,,4675,,,33,,,,,
146,傈林,2026-06-21 16:00,27.3,,,9,2.9,,360,,60,,21.7,18.8,1001.5,,1008.3,,0,,1.58,,,,9,0,,,4895,,,31.1,,,,,
146,傈林,2026-06-21 17:00,26.6,,,9,3.7,,290,,59,,20.5,17.9,1001.1,,1007.9,,.1,,1.03,,,,8,1,,,4962,,,28.5,,,,,
146,傈林,2026-06-21 18:00,26.7,,,9,1.8,,360,,60,,20.9,18.2,1001.2,,1008,,.1,,.81,,,,8,0,,,5000,,,28.2,,,,,
146,傈林,2026-06-21 19:00,25.4,,,9,1.4,,290,,64,,20.6,18,1001.5,,1008.4,,.1,,.36,,,,7,2,,14,4963,,,25.5,,,,,
146,傈林,2026-06-21 20:00,23.9,,,9,2.4,,270,,78,,23.1,19.8,1002.3,,1009.2,,.1,,.11,,,,7,1,,54,3443,,,23.2,,,,,
146,傈林,2026-06-21 21:00,23,,,9,2.3,,230,,78,,21.8,18.9,1002.8,,1009.7,,,9,,9,,,8,2,,61,3877,,,22.3,,,,,
146,傈林,2026-06-21 22:00,22.2,,,9,3,,250,,81,,21.6,18.7,1003.4,,1010.4,,,9,,9,,,9,5,,50,3394,,,21.7,,,,,
146,傈林,2026-06-21 23:00,21.8,,,9,.5,,250,,81,,21,18.3,1002.9,,1009.9,,,9,,9,,,9,2,,54,3464,,,21.5,,,,,
146,傈林,2026-06-22 00:00,21.7,,,9,.3,,0,,83,,21.4,18.6,1002.5,,1009.5,,,9,,9,,,9,9,,,3300,,,21.5,,,,,
146,傈林,2026-06-22 01:00,21.4,,,,1.7,,320,,85,,21.6,18.7,1002.7,,1009.7,,,9,,9,,,10,5,,14,2408,,,21.5,,,,,
146,傈林,2026-06-22 02:00,21.5,,,,.4,,0,,83,,21.2,18.4,1002.5,,1009.5,,,9,,9,,,10,7,,48,2753,,,21.3,,,,,
146,傈林,2026-06-22 03:00,21.1,,,9,1,,50,,87,,21.7,18.8,1002.3,,1009.3,,,9,,9,,,10,3,,41,2565,,,21.1,,,,,
146,傈林,2026-06-22 04:00,20.9,,0,,.7,,50,,87,,21.4,18.6,1001.9,,1008.9,,,9,,9,,,10,3,,24,1779,,,21.1,,,,,
146,傈林,2026-06-22 05:00,20.5,,0,,1.2,,70,,90,,21.6,18.7,1001.4,,1008.4,,,9,,9,,,10,5,,39,1712,,,20.9,,,,,
146,傈林,2026-06-22 06:00,20.8,,0,,1.1,,140,,90,,22,19,1001.6,,1008.6,,0,,.01,,,,10,2,,40,2170,,,21.2,,,,,
146,傈林,2026-06-22 07:00,21.4,,,9,1.2,,50,,89,,22.7,19.5,1002.2,,1009.2,,0,,.17,,,,10,4,,44,2473,,,22.5,,,,,
146,傈林,2026-06-22 08:00,22.5,,,9,.3,,0,,83,,22.5,19.4,1002.6,,1009.6,,0,,.54,,,,9,0,,,3441,,,24.7,,,,,
146,傈林,2026-06-22 09:00,24.2,,,9,2.8,,230,,79,,23.8,20.3,1002.7,,1009.6,,.1,,1,,,,10,3,,4,3495,,,28.1,,,,,
146,傈林,2026-06-22 10:00,24,,,9,2.2,,270,,80,,23.8,20.3,1002.4,,1009.3,,0,,.87,,,,10,2,,6,2752,,,27,,,,,
146,傈林,2026-06-22 11:00,24.3,,,9,2.3,,290,,78,,23.7,20.2,1002.3,,1009.2,,0,,1.09,,,,10,4,,5,2670,,,27.2,,,,,
146,傈林,2026-06-22 12:00,23.8,,,9,1.9,,320,,79,,23.2,19.9,1002.4,,1009.3,,0,,.61,,,,10,8,,5,2357,,,25.5,,,,,
146,傈林,2026-06-22 13:00,24.5,,,9,.9,,320,,76,,23.2,19.9,1002.1,,1009,,0,,.98,,,,10,3,,6,2538,,,26.6,,,,,
146,傈林,2026-06-22 14:00,24.2,,,9,1.4,,290,,78,,23.5,20.1,1001.9,,1008.8,,0,,.37,,,,10,10,,6,2427,,,25.4,,,,,
146,傈林,2026-06-22 15:00,24.2,,,9,2.4,,290,,79,,23.8,20.3,1001.9,,1008.8,,0,,.45,,,,9,9,,5,2591,,,26.5,,,,,
146,傈林,2026-06-22 16:00,23.7,,,9,3,,270,,80,,23.4,20,1001.5,,1008.4,,0,,.42,,,,10,4,,5,2761,,,25.7,,,,,
146,傈林,2026-06-22 17:00,23.1,,0,,2.8,,270,,81,,22.8,19.6,1001.2,,1008.1,,0,,.31,,,,10,9,,5,2880,,04,24.1,,,,,
146,傈林,2026-06-22 18:00,22.8,,0,,3.8,,290,,82,,22.7,19.5,1001.5,,1008.4,,0,,.25,,,,10,3,,5,3041,,04,23.6,,,,,
146,傈林,2026-06-22 19:00,22.5,,,9,2.6,,270,,82,,22.2,19.2,1002.3,,1009.3,,0,,.13,,,,10,6,,5,2775,,,22.7,,,,,
146,傈林,2026-06-22 20:00,22,,0,,2.5,,270,,84,,22.1,19.1,1002.6,,1009.6,,0,,.02,,,,10,2,,6,2783,,,22,,,,,
146,傈林,2026-06-22 21:00,21.1,,3.9,,.6,,230,,91,,22.7,19.5,1003.2,,1010.2,,,9,,9,,,10,6,,2,483,,,21,,,,,
146,傈林,2026-06-22 22:00,21,,5.8,,.1,,0,,91,,22.5,19.4,1003.8,,1010.8,,,9,,9,,,10,2,,2,806,,,20.8,,,,,
146,傈林,2026-06-22 23:00,21,,.4,,.4,,0,,91,,22.5,19.4,1003.8,,1010.8,,,9,,9,,,10,3,,3,872,,,20.9,,,,,
146,傈林,2026-06-23 00:00,20.8,,,9,1,,140,,92,,22.5,19.4,1003.6,,1010.6,,,9,,9,,,10,2,,,1113,,,20.9,,,,,
146,傈林,2026-06-23 01:00,20.8,,,,1.1,,70,,92,,22.5,19.4,1003.1,,1010.1,,,9,,9,,,10,5,,2,689,,,20.8,,,,,
146,傈林,2026-06-23 02:00,20.4,,,,.9,,70,,92,,22,19,1002.5,,1009.5,,,9,,9,,,10,1,,8,825,,,20.1,,,,,
146,傈林,2026-06-23 03:00,20.2,,,,1,,110,,93,,22,19,1002.3,,1009.3,,,9,,9,,,8,0,,,1176,,,19.2,,,,,
146,傈林,2026-06-23 04:00,19.7,,,,.7,,70,,93,,21.3,18.5,1002.3,,1009.3,,,9,,9,,,6,2,,40,916,,,18.5,,,,,
146,傈林,2026-06-23 05:00,19.1,,,,.6,,70,,93,,20.5,17.9,1002,,1009,,,9,,9,,,8,1,,,824,,,18.1,,,,,
146,傈林,2026-06-23 06:00,18.8,,,9,1,,50,,93,,20.1,17.6,1002.1,,1009.2,,0,,.05,,,,8,0,,,357,,,18.8,,,,,
146,傈林,2026-06-23 07:00,21,,,9,1.1,,110,,89,,22.1,19.1,1002.6,,1009.6,,.5,,.46,,,,5,0,,,1400,,,24.7,,,,,
146,傈林,2026-06-23 08:00,22.4,,,9,1.6,,50,,86,,23.2,19.9,1002.5,,1009.5,,1,,1.07,,,,7,0,,,1654,,,29.7,,,,,
146,傈林,2026-06-23 09:00,22.9,,,,3.7,,110,,70,,19.5,17.1,1002.8,,1009.7,,1,,1.88,,,,6,0,,,3364,,,27.5,,,,,
146,傈林,2026-06-23 10:00,24.3,,,,3.7,,90,,68,,20.6,18,1002.8,,1009.7,,1,,2.39,,,,7,0,,,4428,,,29.7,,,,,
146,傈林,2026-06-23 11:00,25.1,,,,4.4,,90,,59,,18.8,16.5,1002.7,,1009.6,,1,,2.88,,,,6,0,,,4459,,,31.7,,,,,
146,傈林,2026-06-23 12:00,25.7,,,,3.7,,90,,54,,17.7,15.6,1002.5,,1009.4,,.6,,2.56,,,,8,2,,13,4344,,,30.7,,,,,
146,傈林,2026-06-23 13:00,26.3,,,,3.5,,110,,54,,18.4,16.2,1001.9,,1008.8,,.7,,2.65,,,,7,0,,,4705,,,33.5,,,,,
146,傈林,2026-06-23 14:00,26.7,,,,3.6,,110,,50,,17.5,15.4,1001.6,,1008.4,,1,,3.49,,,,7,0,,,4227,,,34.3,,,,,
146,傈林,2026-06-23 15:00,27.3,,,,3.8,,110,,48,,17.4,15.3,1001.2,,1008,,1,,3.27,,,,1,0,,,4812,,,34.2,,,,,
146,傈林,2026-06-23 16:00,27.9,,,,2.7,,110,,49,,18.3,16.1,1000.8,,1007.6,,1,,2.87,,,,2,0,,,4404,,,33.8,,,,,
146,傈林,2026-06-23 17:00,27,,,,3.9,,110,,47,,16.7,14.7,1000.9,,1007.7,,1,,2.18,,,,5,0,,,4211,,,29.9,,,,,
146,傈林,2026-06-23 18:00,25.6,,,,4.1,,160,,51,,16.7,14.7,1001.4,,1008.3,,1,,1.24,,,,7,0,,,5000,,,26.6,,,,,
146,傈林,2026-06-23 19:00,24.7,,,,3.5,,110,,53,,16.4,14.4,1001.6,,1008.5,,.7,,.55,,,,7,0,,,5000,,,24.1,,,,,
146,傈林,2026-06-23 20:00,23.8,,,,2.6,,110,,57,,16.7,14.7,1001.9,,1008.8,,0,,.07,,,,9,0,,,5000,,,22.1,,,,,
146,傈林,2026-06-23 21:00,23.3,,,,2.9,,90,,60,,17,15,1002.3,,1009.2,,,9,,9,,,9,0,,,4800,,,21,,,,,
146,傈林,2026-06-23 22:00,22,,,,2.3,,50,,66,,17.4,15.3,1002.7,,1009.7,,,9,,9,,,9,0,,,4662,,,20.3,,,,,
146,傈林,2026-06-23 23:00,21.2,,,,2.2,,90,,67,,16.8,14.8,1002.8,,1009.8,,,9,,9,,,8,0,,,4958,,,19.6,,,,,
146,傈林,2026-06-24 00:00,21.5,,,,2.9,,70,,64,,16.3,14.3,1002.5,,1009.5,,,9,,9,,,8,0,,,4986,,,19.1,,,,,
146,傈林,2026-06-24 01:00,19.7,,,,1.9,,20,,71,,16.2,14.2,1002.2,,1009.2,,,9,,9,,,3,0,,,4986,,,18.4,,,,,
146,傈林,2026-06-24 02:00,19.3,,,,2.3,,50,,73,,16.3,14.3,1001.9,,1008.9,,,9,,9,,,0,0,,,4987,,,18,,,,,
146,傈林,2026-06-24 03:00,18.7,,,,2.2,,50,,77,,16.5,14.5,1001.3,,1008.4,,,9,,9,,,7,0,,,4987,,,17.7,,,,,
146,傈林,2026-06-24 04:00,17.8,,,,1.7,,20,,79,,16.1,14.1,1000.9,,1008,,,9,,9,,,3,0,,,4696,,,17.4,,,,,
146,傈林,2026-06-24 05:00,18.3,,,,2.4,,20,,78,,16.3,14.3,1001,,1008.1,,,9,,9,,,7,0,,,4845,,,17.3,,,,,
146,傈林,2026-06-24 06:00,18.7,,,,1.1,,70,,78,,16.7,14.7,1001.1,,1008.2,,.2,,.06,,,,8,0,,,5000,,,18.3,,,,,
146,傈林,2026-06-24 07:00,20.4,,,,1.8,,70,,73,,17.4,15.3,1001.2,,1008.2,,.4,,.45,,,,9,0,,,4813,,,21.1,,,,,
146,傈林,2026-06-24 08:00,22.1,,,,2,,70,,70,,18.5,16.3,1001.1,,1008.1,,.4,,.86,,,,9,0,,,4507,,,25.9,,,,,
146,傈林,2026-06-24 09:00,23,,,,4.9,,90,,61,,17,15,1000.8,,1007.7,,.2,,1.11,,,,8,0,,,4891,,,23.5,,,,,
146,傈林,2026-06-24 10:00,24,,,,3,,90,,60,,17.8,15.7,1000.9,,1007.8,,0,,1.44,,,,9,0,,,4802,,,30.4,,,,,
146,傈林,2026-06-24 11:00,24.4,,,,3.5,,110,,59,,17.9,15.8,1000.6,,1007.5,,0,,1.59,,,,9,0,,,4557,,,32.1,,,,,
146,傈林,2026-06-24 12:00,24.9,,,,2.7,,70,,58,,18.2,16,1000.7,,1007.6,,.1,,1.64,,,,10,0,,,4826,,,31.3,,,,,
146,傈林,2026-06-24 13:00,25,,,,2.7,,50,,56,,17.7,15.6,1000.2,,1007.1,,0,,1.4,,,,10,0,,,4688,,,27.2,,,,,
146,傈林,2026-06-24 14:00,25.5,,,,1.9,,70,,57,,18.5,16.3,1000.1,,1007,,0,,1.28,,,,9,0,,,4434,,,27.6,,,,,
146,傈林,2026-06-24 15:00,25.6,,,,2.1,,70,,55,,17.9,15.8,999.6,,1006.5,,.4,,1.78,,,,10,0,,,4867,,,28.5,,,,,
146,傈林,2026-06-24 16:00,26.5,,,,2.4,,70,,50,,17.3,15.2,998.9,,1005.7,,.6,,2.02,,,,8,0,,,4600,,,31.1,,,,,
146,傈林,2026-06-24 17:00,25.9,,,,1.1,,110,,52,,17.3,15.2,998.9,,1005.7,,.2,,1.15,,,,10,1,,19,4920,,,28,,,,,
146,傈林,2026-06-24 18:00,25,,,,2.9,,90,,55,,17.4,15.3,998.5,,1005.4,,0,,.58,,,,9,6,,13,4877,,,25.3,,,,,
146,傈林,2026-06-24 19:00,24.2,,,,2.6,,70,,57,,17.2,15.1,999.2,,1006.1,,0,,.25,,,,10,1,,20,4915,,,23.3,,,,,
146,傈林,2026-06-24 20:00,23.4,,,,2,,50,,62,,17.7,15.6,999.4,,1006.3,,0,,.07,,,,9,3,,19,4694,,,22.4,,,,,
146,傈林,2026-06-24 21:00,22.8,,,,2.6,,50,,65,,17.9,15.8,999.4,,1006.3,,,9,,9,,,9,1,,20,4827,,,21.7,,,,,
146,傈林,2026-06-24 22:00,22.3,,,,2.1,,50,,67,,17.9,15.8,999.7,,1006.6,,,9,,9,,,8,8,,21,4975,,,21.4,,,,,
146,傈林,2026-06-24 23:00,22.7,,,,2.1,,90,,64,,17.6,15.5,999.3,,1006.2,,,9,,9,,,7,7,,22,5000,,,21,,,,,
146,傈林,2026-06-25 00:00,22.1,,,,1.8,,70,,66,,17.5,15.4,998.8,,1005.7,,,9,,9,,,7,7,,22,4612,,,20.2,,,,,
146,傈林,2026-06-25 01:00,21.5,,,,1.6,,20,,69,,17.6,15.5,998.7,,1005.7,,,9,,9,,,6,6,,22,5000,,,20.3,,,,,
146,傈林,2026-06-25 02:00,20.1,,,,1.6,,50,,75,,17.6,15.5,997.9,,1004.9,,,9,,9,,,6,0,,,4985,,,19.2,,,,,
146,傈林,2026-06-25 03:00,20.4,,,,1,,70,,74,,17.7,15.6,997.8,,1004.8,,,9,,9,,,6,6,,15,4999,,,19.5,,,,,
146,傈林,2026-06-25 04:00,20.4,,,,.8,,70,,73,,17.4,15.3,998.1,,1005.1,,,9,,9,,,6,6,,14,4976,,,20.1,,,,,
146,傈林,2026-06-25 05:00,20.4,,,,.3,,0,,75,,17.9,15.8,998.1,,1005.1,,,9,,9,,,6,6,,14,4807,,,20.3,,,,,
146,傈林,2026-06-25 06:00,20.5,,,,.7,,20,,77,,18.5,16.3,998.5,,1005.5,,0,,.02,,,,7,7,,14,4849,,,20.6,,,,,
146,傈林,2026-06-25 07:00,21.3,,,,.6,,50,,75,,18.9,16.6,998.5,,1005.5,,0,,.23,,,,8,8,,13,4755,,,21.9,,,,,
146,傈林,2026-06-25 08:00,22.2,,,,1.2,,20,,73,,19.5,17.1,998.7,,1005.6,,0,,.48,,,,9,8,,12,4527,,,23.8,,,,,
146,傈林,2026-06-25 09:00,22.9,,,,1.4,,50,,72,,20,17.5,998.9,,1005.8,,0,,.66,,,,10,8,,12,5000,,,24.3,,,,,
146,傈林,2026-06-25 10:00,24,,,,1,,340,,68,,20.2,17.7,999,,1005.9,,0,,.94,,,,9,9,,12,4869,,,26.6,,,,,
146,傈林,2026-06-25 11:00,26.1,,,,.2,,0,,58,,19.5,17.1,998.7,,1005.5,,.2,,1.98,,,,9,9,,13,4839,,,31.2,,,,,
146,傈林,2026-06-25 12:00,27.6,,,,1.1,,20,,54,,19.9,17.4,997.9,,1004.7,,.3,,2.63,,,,9,4,,13,4309,,,34.5,,,,,
146,傈林,2026-06-25 13:00,28.1,,,,1.7,,290,,57,,21.6,18.7,997,,1003.8,,.6,,2.72,,,,8,5,,13,3972,,,36.6,,,,,
146,傈林,2026-06-25 14:00,27,,,,1,,320,,59,,20.9,18.2,996.8,,1003.6,,.1,,1.53,,,,9,2,,12,4740,,,30.9,,,,,
146,傈林,2026-06-25 15:00,26.5,,,,2.5,,270,,60,,20.6,18,996.7,,1003.5,,.1,,.89,,,,10,8,,11,4828,,,29.1,,,,,
146,傈林,2026-06-25 16:00,26.6,,,,4.3,,270,,59,,20.5,17.9,996.5,,1003.3,,.2,,1.35,,,,8,1,,15,4668,,,30.1,,,,,
146,傈林,2026-06-25 17:00,27.1,,,,3.2,,270,,57,,20.4,17.8,996.5,,1003.3,,.9,,1.85,,,,7,1,,,4271,,,30.8,,,,,
146,傈林,2026-06-25 18:00,25.1,,,,3.7,,290,,61,,19.4,17,997.3,,1004.2,,.3,,.97,,,,9,5,,17,4640,,,26.1,,,,,
146,傈林,2026-06-25 19:00,24.2,,,,2.1,,270,,64,,19.2,16.9,997.7,,1004.6,,.5,,.52,,,,6,2,,,4609,,,24.2,,,,,
146,傈林,2026-06-25 20:00,23,,,,2.3,,270,,73,,20.4,17.8,998.4,,1005.3,,0,,.08,,,,6,4,,7,3729,,,22.5,,,,,
146,傈林,2026-06-25 21:00,22.2,,,,2.1,,230,,77,,20.5,17.9,998.4,,1005.3,,,9,,9,,,5,4,,16,3506,,,21.3,,,,,
146,傈林,2026-06-25 22:00,21.6,,,,2.5,,230,,80,,20.5,17.9,999.2,,1006.2,,,9,,9,,,7,7,,17,3228,,,20.8,,,,,
146,傈林,2026-06-25 23:00,21.1,,,,1.6,,250,,83,,20.6,18,999.1,,1006.1,,,9,,9,,,2,0,,,3143,,,19.9,,,,,
146,傈林,2026-06-26 00:00,20.9,,,,2.1,,250,,84,,20.6,18,998.7,,1005.7,,,9,,9,,,3,1,,,2812,,,19.6,,,,,
146,傈林,2026-06-26 01:00,20.9,,,,2.5,,230,,83,,20.4,17.8,999,,1006,,,9,,9,,,3,3,,7,3069,,,19.7,,,,,
146,傈林,2026-06-26 02:00,20.6,,,,2.3,,270,,86,,20.8,18.1,999.2,,1006.2,,,9,,9,,,3,3,,3,2056,,,20.2,,,,,
146,傈林,2026-06-26 03:00,19.9,,,,1.7,,250,,88,,20.4,17.8,998.8,,1005.8,,,9,,9,,,0,0,,,1198,,,19.3,,,,,
146,傈林,2026-06-26 04:00,19.8,,,,2,,230,,88,,20.2,17.7,999,,1006,,,9,,9,,,3,2,,10,1133,,,19.5,,,,,
146,傈林,2026-06-26 05:00,19.6,,,,1.3,,230,,87,,19.7,17.3,999.1,,1006.1,,,9,,9,,,7,3,,4,1171,,,19.7,,,,,
146,傈林,2026-06-26 06:00,19.4,,,,1.4,,250,,86,,19.2,16.9,999.3,,1006.3,,0,,.04,,,,0,0,,,1545,,,19.3,,,,,
146,傈林,2026-06-26 07:00,20.2,,,,2.1,,250,,84,,19.9,17.4,999.5,,1006.5,,.1,,.32,,,,0,0,,,1473,,,22,,,,,
146,傈林,2026-06-26 08:00,21.3,,,,1.4,,270,,82,,20.6,18,1000,,1007,,.3,,.75,,,,3,3,,3,1054,,,25.2,,,,,
146,傈林,2026-06-26 09:00,23.3,,,,2,,290,,72,,20.5,17.9,999.8,,1006.7,,.8,,1.76,,,,4,4,,5,2292,,,29.9,,,,,
146,傈林,2026-06-26 10:00,24.3,,,,1.8,,320,,63,,19,16.7,999.7,,1006.6,,.7,,2.21,,,,5,2,,8,3814,,,31.8,,,,,
146,傈林,2026-06-26 11:00,24.7,,,,1.8,,250,,61,,18.9,16.6,999.4,,1006.3,,.5,,1.95,,,,6,3,,10,3284,,,36.7,,,,,
146,傈林,2026-06-26 12:00,26.5,,,,2.4,,290,,54,,18.6,16.4,999,,1005.8,,.9,,3.25,,,,5,3,,11,3624,,,41.6,,,,,
146,傈林,2026-06-26 13:00,26.2,,,,3,,250,,51,,17.3,15.2,998.3,,1005.1,,.8,,3.35,,,,4,1,,15,3612,,,38.1,,,,,
146,傈林,2026-06-26 14:00,27.3,,,,1.8,,70,,51,,18.4,16.2,997.9,,1004.7,,.5,,2.5,,,,6,1,,14,4609,,,37.5,,,,,
146,傈林,2026-06-26 15:00,28.2,,,,2.5,,290,,46,,17.5,15.4,997.6,,1004.4,,.5,,2.1,,,,4,1,,15,4024,,,40.9,,,,,
146,傈林,2026-06-26 16:00,28.6,,,,2.5,,320,,45,,17.5,15.4,997.2,,1004,,.9,,2.53,,,,3,1,,76,4234,,,40.1,,,,,
146,傈林,2026-06-26 17:00,28.2,,,,3,,340,,51,,19.4,17,997.1,,1003.9,,.7,,1.66,,,,3,0,,,4644,,,34.4,,,,,
146,傈林,2026-06-26 18:00,26.6,,,,4,,270,,59,,20.5,17.9,997.2,,1004,,1,,1.31,,,,7,0,,,5000,,,30.9,,,,,
146,傈林,2026-06-26 19:00,25.5,,,,2.4,,270,,63,,20.5,17.9,997.8,,1004.6,,1,,.64,,,,0,0,,,4036,,,26.3,,,,,
146,傈林,2026-06-26 20:00,23.8,,,,1.9,,250,,69,,20.2,17.7,998.3,,1005.2,,.1,,.08,,,,6,0,,,3534,,,22.4,,,,,
146,傈林,2026-06-26 21:00,23,,,,1.9,,230,,72,,20.1,17.6,998.7,,1005.6,,,9,,9,,,6,0,,,3006,,,21.5,,,,,
146,傈林,2026-06-26 22:00,22.3,,,,1.4,,250,,76,,20.4,17.8,998.9,,1005.8,,,9,,9,,,8,0,,,2910,,,20.7,,,,,
146,傈林,2026-06-26 23:00,21.8,,,,.8,,320,,77,,20,17.5,998.7,,1005.7,,,9,,9,,,6,0,,,2851,,,20,,,,,
146,傈林,2026-06-27 00:00,21.3,,,,.9,,20,,81,,20.4,17.8,998.5,,1005.5,,,9,,9,,,8,0,,,2532,,,19.3,,,,,
146,傈林,2026-06-27 01:00,20.8,,,,1.6,,50,,84,,20.5,17.9,998.1,,1005.1,,,9,,9,,,7,0,,,1750,,,18.9,,,,,
146,傈林,2026-06-27 02:00,20.2,,,,.6,,90,,86,,20.2,17.7,998.1,,1005.1,,,9,,9,,,0,0,,,1893,,,18.3,,,,,
146,傈林,2026-06-27 03:00,20,,,,.8,,140,,85,,19.7,17.3,998,,1005,,,9,,9,,,7,0,,,2075,,,18.3,,,,,
146,傈林,2026-06-27 04:00,19.7,,,,.9,,110,,86,,19.6,17.2,997.8,,1004.8,,,9,,9,,,8,0,,,1755,,,18.2,,,,,
146,傈林,2026-06-27 05:00,19.7,,,,.4,,0,,86,,19.6,17.2,997.9,,1004.9,,,9,,9,,,8,1,,72,2075,,,17.6,,,,,
146,傈林,2026-06-27 06:00,19,,,,1.8,,70,,88,,19.2,16.9,998.3,,1005.3,,0,,.04,,,,6,0,,,1598,,,18.6,,,,,
146,傈林,2026-06-27 07:00,21,,,,.5,,140,,84,,20.8,18.1,998.5,,1005.5,,.5,,.43,,,,0,0,,,1950,,,24.2,,,,,
146,傈林,2026-06-27 08:00,23.2,,,,.6,,290,,77,,21.8,18.9,998.4,,1005.3,,.9,,.99,,,,4,0,,,1818,,,32.7,,,,,
146,傈林,2026-06-27 09:00,25.2,,,,1.3,,320,,69,,22.1,19.1,998.4,,1005.3,,.9,,1.7,,,,4,0,,,1966,,,32.3,,,,,
146,傈林,2026-06-27 10:00,26.5,,,,2,,360,,60,,20.6,18,998.3,,1005.1,,1,,2.52,,,,7,0,,,2448,,,40.1,,,,,
146,傈林,2026-06-27 11:00,28.7,,,,2.8,,20,,53,,20.8,18.1,998.3,,1005.1,,1,,3.14,,,,1,0,,,3324,,,48.5,,,,,
146,傈林,2026-06-27 12:00,29.7,,,,4.1,,20,,44,,18.3,16.1,997.8,,1004.5,,1,,3.49,,,,1,0,,,3683,,,51.2,,,,,
146,傈林,2026-06-27 13:00,30.3,,,,3.5,,320,,41,,17.6,15.5,997.4,,1004.1,,1,,3.6,,,,3,0,,,3869,,,53,,,,,
146,傈林,2026-06-27 14:00,31.6,,,,2.9,,360,,37,,17.2,15.1,997,,1003.7,,1,,3.62,,,,3,0,,,4205,,,54.3,,,,,
146,傈林,2026-06-27 15:00,31.5,,,,3.3,,50,,36,,16.6,14.6,996.6,,1003.3,,.8,,2.79,,,,3,1,,76,4307,,,53.8,,,,,
146,傈林,2026-06-27 16:00,31.9,,,,2.7,,360,,38,,17.9,15.8,996.3,,1003,,1,,2.75,,,,4,0,,,4108,,,50.4,,,,,
146,傈林,2026-06-27 17:00,29.9,,,,5.1,,250,,57,,24,20.4,996.5,,1003.2,,.8,,1.93,,,,7,0,,,2853,,,39.8,,,,,
146,傈林,2026-06-27 18:00,28.3,,,,3.3,,270,,58,,22.2,19.2,997,,1003.8,,.9,,1.11,,,,6,2,,23,3153,,,32.6,,,,,
146,傈林,2026-06-27 19:00,28,,,,1.9,,250,,57,,21.4,18.6,997.5,,1004.3,,.8,,.56,,,,0,0,,,3547,,,29.7,,,,,
146,傈林,2026-06-27 20:00,26,,,,2.5,,250,,62,,20.8,18.1,998.2,,1005,,.4,,.12,,,,0,0,,,3497,,,24.4,,,,,
146,傈林,2026-06-27 21:00,24.5,,,,2.7,,230,,67,,20.5,17.9,998.8,,1005.7,,,9,,9,,,0,0,,,2859,,,22.8,,,,,
146,傈林,2026-06-27 22:00,24,,,,2.4,,230,,68,,20.2,17.7,999.5,,1006.4,,,9,,9,,,0,0,,,3052,,,21.8,,,,,
146,傈林,2026-06-27 23:00,23.1,,,,1.5,,270,,71,,20,17.5,1000.1,,1007,,,9,,9,,,0,0,,,2950,,,21,,,,,
146,傈林,2026-06-28 00:00,23.3,,,,2.8,,230,,66,,18.8,16.5,1000.5,,1007.4,,,9,,9,,,0,0,,,3500,,,20.7,,,,,
146,傈林,2026-06-28 01:00,22.6,,,,1.1,,250,,67,,18.3,16.1,1000.9,,1007.8,,,9,,9,,,0,0,,,4049,,,19.6,,,,,
146,傈林,2026-06-28 02:00,21.9,,,,.9,,110,,76,,19.9,17.4,1000.8,,1007.8,,,9,,9,,,0,0,,,2997,,,19,,,,,
146,傈林,2026-06-28 03:00,21.3,,,,1.2,,200,,75,,18.9,16.6,1000.8,,1007.8,,,9,,9,,,0,0,,,2890,,,15.5,,,,,
146,傈林,2026-06-28 04:00,20.8,,,,.9,,180,,77,,18.9,16.6,1001.4,,1008.4,,,9,,9,,,0,0,,,2893,,,18,,,,,
146,傈林,2026-06-28 05:00,20.4,,,,1,,160,,79,,18.9,16.6,1001.7,,1008.7,,,9,,9,,,0,0,,,2729,,,17.9,,,,,
146,傈林,2026-06-28 06:00,20.3,,,,1.7,,140,,81,,19.2,16.9,1001.8,,1008.8,,.2,,.05,,,,0,0,,,2482,,,18.8,,,,,
146,傈林,2026-06-28 07:00,22.7,,,,1.2,,140,,75,,20.6,18,1002,,1008.9,,1,,.48,,,,0,0,,,2261,,,23.8,,,,,
146,傈林,2026-06-28 08:00,24.2,,,,.9,,250,,73,,22,19,1002.5,,1009.4,,1,,1.14,,,,0,0,,,1860,,,31.4,,,,,
146,傈林,2026-06-28 09:00,25.6,,,,1,,270,,62,,20.2,17.7,1002.4,,1009.3,,1,,1.86,,,,0,0,,,3140,,,39.3,,,,,
146,傈林,2026-06-28 10:00,27.3,,,,1,,70,,57,,20.6,18,1002.4,,1009.2,,1,,2.52,,,,0,0,,,2675,,,47,,,,,
146,傈林,2026-06-28 11:00,28.1,,,,1.6,,290,,55,,20.9,18.2,1002.7,,1009.5,,1,,3,,,,0,0,,,2192,,,51.5,,,,,
146,傈林,2026-06-28 12:00,29.1,,,,1.9,,340,,55,,22.1,19.1,1002.5,,1009.3,,1,,3.36,,,,0,0,,,1887,,,54.6,,,,,
146,傈林,2026-06-28 13:00,30.2,,,,2.6,,320,,53,,22.7,19.5,1002.1,,1008.9,,1,,3.32,,,,0,0,,,2421,,,54.4,,,,,
146,傈林,2026-06-28 14:00,30.6,,,,2,,290,,47,,20.5,17.9,1001.6,,1008.4,,1,,3.33,,,,0,0,,,2835,,,50.1,,,,,
146,傈林,2026-06-28 15:00,30.4,,,,3.6,,290,,43,,18.6,16.4,1001.2,,1008,,1,,3.07,,,,0,0,,,3307,,,51.7,,,,,
146,傈林,2026-06-28 16:00,29.2,,,,4.4,,270,,45,,18.2,16,1001.2,,1008,,.7,,2.15,,,,6,2,,26,3702,,,40.5,,,,,
146,傈林,2026-06-28 17:00,28.1,,,,3.4,,290,,48,,18.2,16,1001.6,,1008.4,,.6,,1.44,,,,7,3,,24,4376,,,33.9,,,,,
146,傈林,2026-06-28 18:00,26.7,,,,3.3,,290,,53,,18.5,16.3,1002,,1008.8,,.3,,.83,,,,8,3,,23,3780,,,31.7,,,,,
146,傈林,2026-06-28 19:00,25.6,,,,2.5,,270,,65,,21.3,18.5,1002.3,,1009.2,,0,,.33,,,,7,3,,24,2952,,,28.4,,,,,
146,傈林,2026-06-28 20:00,24.5,,,,3.3,,250,,74,,22.7,19.5,1003,,1009.9,,0,,.1,,,,9,5,,22,2138,,,25.7,,,,,
146,傈林,2026-06-28 21:00,23.7,,,,3.1,,230,,78,,22.8,19.6,1003.5,,1010.4,,,9,,9,,,7,7,,23,1738,,,24.1,,,,,
146,傈林,2026-06-28 22:00,23.3,,,,2.4,,250,,79,,22.5,19.4,1004.5,,1011.5,,,9,,9,,,7,3,,21,1564,,,23.3,,,,,
146,傈林,2026-06-28 23:00,23.3,,,,2.7,,250,,80,,22.8,19.6,1004.9,,1011.9,,,9,,9,,,8,3,,23,1532,,,23.1,,,,,
146,傈林,2026-06-29 00:00,23,,,,2.5,,230,,82,,22.9,19.7,1005.1,,1012.1,,,9,,9,,,9,1,,19,1093,,,22.7,,,,,
146,傈林,2026-06-29 01:00,22.9,,,,2.1,,250,,83,,23.1,19.8,1004.9,,1011.9,,,9,,9,,,9,2,,16,1463,,,22.7,,,,,
146,傈林,2026-06-29 02:00,22.7,,,,1,,270,,83,,22.8,19.6,1005,,1012,,,9,,9,,,5,4,,5,1250,,,22.2,,,,,
146,傈林,2026-06-29 03:00,22.3,,,,.8,,360,,83,,22.2,19.2,1004.7,,1011.7,,,9,,9,,,7,1,,16,909,,,21.6,,,,,
146,傈林,2026-06-29 04:00,22.4,,,,.8,,200,,83,,22.4,19.3,1004.8,,1011.8,,,9,,9,,,3,3,,4,1866,,,22.2,,,,,
146,傈林,2026-06-29 05:00,22.1,,,,1.2,,140,,83,,22,19,1004.6,,1011.6,,,9,,9,,,0,0,,,2038,,,21.4,,,,,
146,傈林,2026-06-29 06:00,21.5,,,9,1.1,,180,,85,,21.7,18.8,1005.2,,1012.2,,0,,.03,,,,0,0,,,1697,,,21.2,,,,,
146,傈林,2026-06-29 07:00,23.1,,,9,.4,,0,,82,,23.1,19.8,1005.3,,1012.3,,.3,,.35,,,,0,0,,,1589,,,23.9,,,,,
146,傈林,2026-06-29 08:00,24.4,,,9,.9,,230,,77,,23.4,20,1005.3,,1012.2,,1,,1.06,,,,0,0,,,1377,,,29.8,,,,,
146,傈林,2026-06-29 09:00,25.8,,,,1.3,,250,,72,,23.8,20.3,1005,,1011.9,,1,,1.79,,,,0,0,,,1428,,,37.3,,,,,
146,傈林,2026-06-29 10:00,27.6,,,,1.8,,320,,65,,24,20.4,1004.9,,1011.7,,1,,2.49,,,,0,0,,,1464,,,44.1,,,,,
146,傈林,2026-06-29 11:00,29.4,,,,2.1,,320,,55,,22.5,19.4,1004.9,,1011.7,,1,,3.01,,,,4,0,,,2413,,,50.5,,,,,
146,傈林,2026-06-29 12:00,29.8,,,,2.3,,320,,54,,22.5,19.4,1004.7,,1011.5,,1,,3.2,,,,6,0,,,1777,,,52.8,,,,,
146,傈林,2026-06-29 13:00,29.8,,,,2.7,,290,,54,,22.5,19.4,1004.6,,1011.4,,1,,3.25,,,,6,2,,11,1631,,,53.9,,,,,
146,傈林,2026-06-29 14:00,31,,,,2.3,,290,,51,,22.8,19.6,1003.9,,1010.7,,.9,,3.21,,,,3,0,,,2880,,,53.8,,,,,
146,傈林,2026-06-29 15:00,31.1,,,,3.5,,270,,50,,22.5,19.4,1003.8,,1010.6,,.6,,2.27,,,,4,1,,76,2709,,,51.7,,,,,
146,傈林,2026-06-29 16:00,30.7,,,,3.4,,270,,51,,22.4,19.3,1003.3,,1010.1,,.9,,2.38,,,,5,1,,15,2773,,,48,,,,,
146,傈林,2026-06-29 17:00,29.8,,,,3.4,,270,,55,,22.9,19.7,1003.4,,1010.2,,.9,,1.86,,,,5,1,,76,2279,,,38.8,,,,,
146,傈林,2026-06-29 18:00,28,,,,3.4,,270,,59,,22.2,19.2,1003.8,,1010.6,,.1,,.66,,,,7,0,,,2713,,,33.4,,,,,
146,傈林,2026-06-29 19:00,26.6,,,,2.6,,290,,65,,22.5,19.4,1004.3,,1011.2,,.7,,.52,,,,6,0,,,2122,,,30,,,,,
146,傈林,2026-06-29 20:00,25,,,,2.3,,290,,69,,21.8,18.9,1004.9,,1011.8,,0,,.09,,,,8,3,,22,2278,,,26.7,,,,,
146,傈林,2026-06-29 21:00,24.4,,,,2.7,,230,,74,,22.5,19.4,1005.9,,1012.8,,,9,,9,,,10,1,,16,2093,,,25.8,,,,,
146,傈林,2026-06-29 22:00,24.1,,0,,2.2,,230,,76,,22.7,19.5,1006.2,,1013.1,,,9,,9,,,10,2,,19,2031,,,25.1,,,,,
146,傈林,2026-06-29 23:00,23.7,,,9,1.9,,250,,77,,22.5,19.4,1005.9,,1012.8,,,9,,9,,,7,1,,16,2037,,,23.5,,,,,
146,傈林,2026-06-30 00:00,23.2,,,9,2.8,,250,,81,,22.9,19.7,1006.3,,1013.3,,,9,,9,,,6,1,,76,1598,,,22.7,,,,,
146,傈林,2026-06-30 01:00,23,,,,1.6,,250,,80,,22.4,19.3,1006.3,,1013.3,,,9,,9,,,7,5,,17,1748,,,18.8,,,,,
146,傈林,2026-06-30 02:00,22.5,,,,1,,290,,80,,21.7,18.8,1006.2,,1013.2,,,9,,9,,,8,8,,14,1397,,,22.1,,,,,
146,傈林,2026-06-30 03:00,22.2,,,,1.2,,20,,82,,21.8,18.9,1006.2,,1013.2,,,9,,9,,,9,7,,15,1493,,,22.7,,,,,
146,傈林,2026-06-30 04:00,22.4,,,,.8,,20,,83,,22.4,19.3,1006,,1013,,,9,,9,,,8,6,,16,1219,,,22.5,,,,,
146,傈林,2026-06-30 05:00,22,,,,1.1,,140,,83,,21.8,18.9,1006.3,,1013.3,,,9,,9,,,6,1,,16,1573,,,21,,,,,
146,傈林,2026-06-30 06:00,22.1,,,,.9,,200,,81,,21.4,18.6,1006.3,,1013.3,,0,,.04,,,,3,3,,16,2484,,,21.3,,,,,
146,傈林,2026-06-30 07:00,23.5,,,,1,,110,,78,,22.5,19.4,1005.8,,1012.8,,.7,,.43,,,,6,0,,,2122,,,24.2,,,,,
146,傈林,2026-06-30 08:00,25.3,,,,1,,90,,69,,22.1,19.1,1005.8,,1012.7,,1,,1.03,,,,4,0,,,1591,,,29.9,,,,,
146,傈林,2026-06-30 09:00,27.1,,,,1.5,,360,,56,,20,17.5,1005.7,,1012.6,,1,,1.75,,,,3,0,,,3478,,,37.2,,,,,
146,傈林,2026-06-30 10:00,28.3,,,,1.6,,50,,56,,21.4,18.6,1005.4,,1012.2,,1,,2.39,,,,4,0,,,2596,,,44.5,,,,,
146,傈林,2026-06-30 11:00,28.9,,,,1.3,,270,,55,,21.8,18.9,1005,,1011.8,,1,,2.76,,,,7,0,,,2582,,,48.4,,,,,
146,傈林,2026-06-30 12:00,30,,,,1.3,,110,,50,,21.2,18.4,1004.3,,1011.1,,1,,3.19,,,,3,0,,,2521,,,55.8,,,,,
146,傈林,2026-06-30 13:00,30.7,,,,1.7,,90,,49,,21.6,18.7,1003.6,,1010.4,,.8,,3.1,,,,3,1,,14,2166,,,49.2,,,,,
146,傈林,2026-06-30 14:00,32.2,,,,2,,290,,45,,21.6,18.7,1002.8,,1009.5,,.8,,3.05,,,,6,1,,,3115,,,57.1,,,,,
146,傈林,2026-06-30 15:00,32.1,,,,2,,320,,46,,22,19,1002.4,,1009.1,,.4,,1.94,,,,6,3,,15,2686,,,52.1,,,,,
146,傈林,2026-06-30 16:00,30.7,,,,2.2,,270,,51,,22.4,19.3,1001.9,,1008.7,,.2,,1.11,,,,7,3,,15,2766,,,37.6,,,,,
146,傈林,2026-06-30 17:00,30.6,,,,1.4,,360,,48,,21,18.3,1001.7,,1008.5,,.1,,.9,,,,6,1,,15,2605,,,36,,,,,
146,傈林,2026-06-30 18:00,28.8,,,,4.4,,270,,56,,22.1,19.1,1002,,1008.8,,0,,.4,,,,6,4,,15,2968,,,32.3,,,,,
146,傈林,2026-06-30 19:00,26.8,,,,4,,250,,51,,17.9,15.8,1002.9,,1009.8,,.2,,.41,,,,8,3,,13,4244,,,28.8,,,,,
146,傈林,2026-06-30 20:00,25.4,,,,2,,270,,58,,18.8,16.5,1003.5,,1010.4,,0,,.05,,,,8,5,,13,4869,,,26.1,,,,,
146,傈林,2026-06-30 21:00,24.6,,,,2.5,,250,,67,,20.6,18,1003.9,,1010.8,,,9,,9,,,5,1,,13,4821,,,24.1,,,,,
146,傈林,2026-06-30 22:00,24.2,,,,2,,230,,68,,20.5,17.9,1004.2,,1011.1,,,9,,9,,,7,3,,10,4566,,,24.1,,,,,
146,傈林,2026-06-30 23:00,24.1,,,,1,,250,,66,,19.7,17.3,1003.7,,1010.6,,,9,,9,,,8,8,,9,4265,,,24.1,,,,,
146,傈林,2026-07-01 00:00,23.3,,,,1.2,,50,,72,,20.5,17.9,1002.9,,1009.8,,,9,,9,,,8,1,,76,3634,,,22.3,,,,,
146,傈林,2026-07-01 01:00,23.4,,,,.7,,140,,70,,20.1,17.6,1002.7,,1009.6,,,9,,9,,,8,1,,72,3505,,,22.1,,,,,
146,傈林,2026-07-01 02:00,23.2,,,,.5,,180,,71,,20.1,17.6,1002.4,,1009.3,,,9,,9,,,10,8,,10,3854,,,22.1,,,,,
146,傈林,2026-07-01 03:00,23,,,,1,,140,,70,,19.6,17.2,1002,,1008.9,,,9,,9,,,10,4,,47,4131,,,22.1,,,,,
146,傈林,2026-07-01 04:00,22.6,,0,,2.3,,140,,77,,21,18.3,1000.8,,1007.7,,,9,,9,,,10,3,,45,2280,,,21.8,,,,,
146,傈林,2026-07-01 05:00,22.6,,0,,2.1,,110,,80,,21.8,18.9,1000.5,,1007.4,,,9,,9,,,10,4,,76,1608,,,21.5,,,,,
146,傈林,2026-07-01 06:00,22,,.1,,2.9,,140,,83,,21.8,18.9,1000.1,,1007.1,,0,,0,,,,10,3,,10,1008,,,21.1,,,,,
146,傈林,2026-07-01 07:00,21.6,,.5,,1.7,,90,,87,,22.4,19.3,999.6,,1006.6,,0,,.06,,,,10,3,,7,727,,,22.2,,,,,
146,傈林,2026-07-01 08:00,21.7,,.1,,1.9,,140,,80,,20.6,18,1000.1,,1007.1,,0,,.21,,,,10,3,,6,1652,,,22.6,,,,,
146,傈林,2026-07-01 09:00,22,,.1,,1.4,,90,,81,,21.3,18.5,1000,,1007,,0,,.22,,,,10,2,,8,1994,,01,23.2,,,,,
146,傈林,2026-07-01 10:00,22.4,,.4,,.5,,320,,86,,23.2,19.9,1000.2,,1007.1,,0,,.43,,,,10,4,,5,1190,,01,25.6,,,,,
146,傈林,2026-07-01 11:00,23.5,,0,,1.4,,50,,80,,23.1,19.8,999.2,,1006.1,,0,,.86,,,,10,1,,5,1918,,01,28.6,,,,,
146,傈林,2026-07-01 12:00,24.4,,0,,1.7,,340,,75,,22.8,19.6,998.8,,1005.7,,0,,1.31,,,,10,0,,,1556,,01,30.3,,,,,
146,傈林,2026-07-01 13:00,25.2,,0,,1.7,,20,,69,,22.1,19.1,998.7,,1005.6,,0,,1.75,,,,9,0,,,2124,,01,33,,,,,
146,傈林,2026-07-01 14:00,26.3,,0,,1.4,,250,,66,,22.5,19.4,998.8,,1005.6,,0,,1.72,,,,10,1,,8,2993,,01,36.7,,,,,
146,傈林,2026-07-01 15:00,28.1,,,9,1.6,,70,,60,,22.7,19.5,998.4,,1005.2,,.5,,2.54,,,,8,1,,76,3534,,,48.6,,,,,
146,傈林,2026-07-01 16:00,27.7,,,9,1.9,,360,,61,,22.5,19.4,998,,1004.8,,.5,,1.8,,,,8,4,,10,4362,,,41.3,,,,,
146,傈林,2026-07-01 17:00,27.4,,,9,1.2,,340,,63,,22.9,19.7,998,,1004.8,,.2,,1.15,,,,8,8,,11,4306,,,33.2,,,,,
146,傈林,2026-07-01 18:00,26.5,,,9,1.5,,50,,65,,22.4,19.3,998.3,,1005.1,,0,,.22,,,,10,9,,11,4815,,,28.3,,,,,
146,傈林,2026-07-01 19:00,24.5,,.1,,2,,20,,76,,23.2,19.9,998.9,,1005.8,,0,,.04,,,,10,10,,11,3095,,01,25.8,,,,,
146,傈林,2026-07-01 20:00,25,,,9,2.2,,140,,75,,23.7,20.2,999.3,,1006.2,,0,,.07,,,,6,6,,9,4315,,,24.9,,,,,
146,傈林,2026-07-01 21:00,24.4,,,9,2.8,,110,,75,,22.8,19.6,999.5,,1006.4,,,9,,9,,,6,6,,10,4620,,,23.8,,,,,
146,傈林,2026-07-01 22:00,24,,,9,1.7,,160,,74,,22,19,1000.3,,1007.2,,,9,,9,,,2,2,,11,4740,,,23,,,,,
146,傈林,2026-07-01 23:00,24,,,9,1.2,,140,,72,,21.4,18.6,1000.7,,1007.6,,,9,,9,,,9,9,,12,4778,,,23.3,,,,,
146,傈林,2026-07-02 00:00,23.7,,,9,.9,,110,,74,,21.6,18.7,1001.1,,1008,,,9,,9,,,6,6,,12,4471,,,23.2,,,,,
146,傈林,2026-07-02 01:00,23,,,,.9,,20,,76,,21.3,18.5,1001.3,,1008.2,,,9,,9,,,9,4,,16,4134,,,22.7,,,,,
146,傈林,2026-07-02 02:00,23.1,,,,1,,110,,77,,21.7,18.8,1001.4,,1008.3,,,9,,9,,,10,2,,12,3823,,,22.7,,,,,
146,傈林,2026-07-02 03:00,22.8,,,,1.5,,110,,77,,21.3,18.5,1001.4,,1008.3,,,9,,9,,,9,8,,10,4488,,,22.5,,,,,
146,傈林,2026-07-02 04:00,22.7,,,,1.4,,110,,77,,21.2,18.4,1001.6,,1008.5,,,9,,9,,,9,8,,11,4212,,,22.4,,,,,
146,傈林,2026-07-02 05:00,22.2,,,,1.1,,140,,79,,21,18.3,1001.8,,1008.8,,,9,,9,,,2,2,,10,3214,,,21.1,,,,,
146,傈林,2026-07-02 06:00,22.5,,,,.5,,90,,78,,21.2,18.4,1002.3,,1009.3,,0,,.02,,,,3,3,,10,4196,,,22.6,,,,,
146,傈林,2026-07-02 07:00,23.6,,,,.9,,160,,76,,22.1,19.1,1002.5,,1009.4,,.2,,.3,,,,7,2,,6,4439,,,25.6,,,,,
146,傈林,2026-07-02 08:00,24.1,,,,1.6,,230,,74,,22.1,19.1,1003,,1009.9,,0,,.64,,,,7,7,,6,4080,,,26.7,,,,,
146,傈林,2026-07-02 09:00,25,,,,1,,270,,73,,23.1,19.8,1003.6,,1010.5,,0,,.75,,,,8,8,,7,2790,,,28.8,,,,,
146,傈林,2026-07-02 10:00,25.4,,,,1.1,,270,,73,,23.7,20.2,1003.8,,1010.7,,.4,,1.4,,,,8,4,,6,2208,,,29.5,,,,,
146,傈林,2026-07-02 11:00,25.9,,,9,2.5,,270,,70,,23.4,20,1003.7,,1010.6,,.1,,1.34,,,,8,4,,7,1839,,,32,,,,,
146,傈林,2026-07-02 12:00,27.2,,,,2.1,,270,,67,,24.1,20.5,1003.6,,1010.4,,.3,,2.03,,,,8,1,,9,1813,,,35,,,,,
146,傈林,2026-07-02 13:00,28.5,,,,3.8,,290,,62,,24.1,20.5,1003.3,,1010.1,,.5,,2.39,,,,9,2,,9,1999,,,43.2,,,,,
146,傈林,2026-07-02 14:00,28.8,,,,3.5,,230,,61,,24.1,20.5,1003.3,,1010.1,,.6,,3.19,,,,9,1,,9,3188,,,46.7,,,,,
146,傈林,2026-07-02 15:00,27.7,,,,3.4,,270,,66,,24.4,20.7,1003.2,,1010,,.4,,2.13,,,,8,1,,11,3576,,,39.4,,,,,
146,傈林,2026-07-02 16:00,28.3,,,,3.1,,270,,64,,24.6,20.8,1003,,1009.8,,.5,,2.09,,,,8,3,,9,3997,,,39.5,,,,,
146,傈林,2026-07-02 17:00,27.1,,,,4.1,,270,,66,,23.5,20.1,1003.2,,1010,,.6,,1.63,,,,6,2,,9,4799,,,35.1,,,,,
146,傈林,2026-07-02 18:00,26.4,,,,3.1,,270,,68,,23.4,20,1003.5,,1010.4,,.1,,.79,,,,6,3,,9,4658,,,32.2,,,,,
146,傈林,2026-07-02 19:00,25.5,,,,3.2,,320,,71,,23.1,19.8,1004.2,,1011.1,,.2,,.42,,,,4,2,,7,4772,,,27.6,,,,,
146,傈林,2026-07-02 20:00,24.6,,,,3.2,,290,,76,,23.4,20,1004.8,,1011.7,,0,,.07,,,,9,3,,9,4979,,,25.5,,,,,
146,傈林,2026-07-02 21:00,24.2,,,,2.1,,270,,76,,22.8,19.6,1005.2,,1012.1,,,9,,9,,,9,5,,6,5000,,,25.1,,,,,
146,傈林,2026-07-02 22:00,23.8,,,,2.2,,270,,77,,22.7,19.5,1005.8,,1012.7,,,9,,9,,,7,7,,6,5000,,,24.5,,,,,
146,傈林,2026-07-02 23:00,23.5,,,,2.7,,270,,77,,22.2,19.2,1006.1,,1013.1,,,9,,9,,,9,5,,7,5000,,,24,,,,,
146,傈林,2026-07-03 00:00,23.3,,0,,.9,,290,,79,,22.5,19.4,1005.8,,1012.8,,,9,,9,,,7,7,,6,4730,,,23.9,,,,,
146,傈林,2026-07-03 01:00,23.2,,,,.4,,0,,79,,22.4,19.3,1005.8,,1012.8,,,9,,9,,,7,7,,6,5000,,,23.6,,,,,
146,傈林,2026-07-03 02:00,23.2,,,,.5,,340,,79,,22.4,19.3,1005.6,,1012.6,,,9,,9,,,9,9,,6,5000,,,23.7,,,,,
146,傈林,2026-07-03 03:00,23.3,,,,.2,,0,,78,,22.2,19.2,1005.6,,1012.6,,,9,,9,,,9,9,,6,5000,,,23.6,,,,,
146,傈林,2026-07-03 04:00,23.2,,,,1.5,,250,,80,,22.7,19.5,1005.9,,1012.9,,,9,,9,,,8,8,,5,5000,,,23.3,,,,,
146,傈林,2026-07-03 05:00,23.1,,,,.1,,0,,79,,22.2,19.2,1005.6,,1012.6,,,9,,9,,,8,7,,7,4752,,,23.3,,,,,
146,傈林,2026-07-03 06:00,22.9,,,,.1,,0,,83,,23.1,19.8,1005.5,,1012.5,,0,,.02,,,,8,2,,5,4621,,,23.6,,,,,
146,傈林,2026-07-03 07:00,23.7,,,,.3,,0,,80,,23.4,20,1005.3,,1012.2,,0,,.26,,,,9,3,,5,4609,,,26.7,,,,,
146,傈林,2026-07-03 08:00,25.4,,,,1.4,,140,,73,,23.7,20.2,1005.2,,1012.1,,.4,,.85,,,,8,3,,8,4307,,,34.8,,,,,
146,傈林,2026-07-03 09:00,26.9,,,,1.8,,140,,68,,24,20.4,1005.1,,1012,,.9,,1.84,,,,8,3,,7,4211,,,44.6,,,,,
146,傈林,2026-07-03 10:00,26.8,,,,1.7,,230,,64,,22.5,19.4,1004.7,,1011.6,,.7,,2.08,,,,6,4,,8,3931,,,34.2,,,,,
146,傈林,2026-07-03 11:00,27.7,,,,1.6,,250,,64,,23.7,20.2,1004.5,,1011.3,,.1,,1.37,,,,7,4,,9,3788,,,39,,,,,
146,傈林,2026-07-03 12:00,29.2,,,,1.4,,320,,58,,23.4,20,1004.5,,1011.3,,.1,,1.63,,,,8,4,,12,3884,,,43.5,,,,,
146,傈林,2026-07-03 13:00,29.1,,,,2.1,,250,,55,,22.1,19.1,1003.8,,1010.6,,.2,,1.8,,,,9,2,,76,3688,,,43.9,,,,,
146,傈林,2026-07-03 14:00,28.7,,,,2.6,,270,,61,,24,20.4,1003.9,,1010.7,,.1,,1.39,,,,10,3,,12,4002,,,37.4,,,,,
146,傈林,2026-07-03 15:00,29,,,,3.1,,270,,58,,23.1,19.8,1003.6,,1010.4,,.1,,1.44,,,,9,2,,11,3468,,,39,,,,,
146,傈林,2026-07-03 16:00,28.6,,,,2.8,,250,,59,,22.9,19.7,1003.3,,1010.1,,0,,1.03,,,,10,1,,19,3741,,,36,,,,,
146,傈林,2026-07-03 17:00,29.1,,,,3.1,,270,,63,,25.3,21.3,1003,,1009.8,,.6,,1.63,,,,7,0,,,2735,,,38.1,,,,,
146,傈林,2026-07-03 18:00,27.2,,,,3.7,,270,,72,,26,21.7,1003.2,,1010,,.4,,1.06,,,,8,1,,8,1997,,,31.2,,,,,
146,傈林,2026-07-03 19:00,25.7,,,,3.7,,290,,77,,25.3,21.3,1003.2,,1010.1,,.1,,.39,,,,8,1,,6,2108,,,28.2,,,,,
146,傈林,2026-07-03 20:00,24.5,,,,1.5,,320,,80,,24.6,20.8,1003.2,,1010.1,,0,,.1,,,,8,3,,5,1790,,,25,,,,,
146,傈林,2026-07-03 21:00,24.3,,,,.9,,250,,81,,24.6,20.8,1003,,1009.9,,,9,,9,,,10,4,,5,1466,,,24.9,,,,,
146,傈林,2026-07-03 22:00,23.9,,,,1.1,,320,,82,,24.3,20.6,1003.4,,1010.3,,,9,,9,,,10,3,,9,1095,,,23.9,,,,,
146,傈林,2026-07-03 23:00,23.7,,,,.7,,340,,83,,24.3,20.6,1003.5,,1010.4,,,9,,9,,,10,3,,10,903,,,23.7,,,,,
146,傈林,2026-07-04 00:00,23.4,,,,.8,,360,,84,,24.1,20.5,1003.3,,1010.2,,,9,,9,,,9,5,,4,684,,,23.2,,,,,
146,傈林,2026-07-04 01:00,23.3,,,,1.1,,50,,85,,24.3,20.6,1002.8,,1009.7,,,9,,9,,,10,8,,4,737,,,23.3,,,,,
146,傈林,2026-07-04 02:00,23,,,,1.2,,20,,86,,24.1,20.5,1002.3,,1009.2,,,9,,9,,,10,2,,4,708,,,22.8,,,,,
146,傈林,2026-07-04 03:00,23.1,,,,1.6,,20,,87,,24.6,20.8,1002,,1008.9,,,9,,9,,,10,3,,4,858,,,23.3,,,,,
146,傈林,2026-07-04 04:00,23.1,,0,,.7,,20,,86,,24.3,20.6,1001.6,,1008.5,,,9,,9,,,10,4,,10,757,,,23.1,,,,,
146,傈林,2026-07-04 05:00,22.7,,,9,1.3,,20,,87,,24,20.4,1001.1,,1008,,,9,,9,,,10,6,,49,810,,,22.4,,,,,
146,傈林,2026-07-04 06:00,22.8,,,9,.4,,0,,87,,24.1,20.5,1001,,1007.9,,0,,.02,,,,10,1,,,1215,,,23,,,,,
146,傈林,2026-07-04 07:00,23.4,,,9,.9,,20,,86,,24.7,20.9,1001.2,,1008.1,,0,,.17,,,,10,0,,,1400,,,25,,,,,
146,傈林,2026-07-04 08:00,24.1,,,9,.9,,50,,84,,25.2,21.2,1001.6,,1008.5,,0,,.42,,,,10,0,,,1239,,,27.6,,,,,
146,傈林,2026-07-04 09:00,24.9,,,9,.2,,0,,78,,24.4,20.7,1001.7,,1008.6,,0,,.58,,,,10,2,,10,1777,,,30.1,,,,,
146,傈林,2026-07-04 10:00,26.1,,,9,.9,,200,,75,,25.3,21.3,1001.4,,1008.3,,0,,.98,,,,10,4,,10,1486,,,37.4,,,,,
146,傈林,2026-07-04 11:00,26.4,,,9,.9,,140,,72,,24.7,20.9,1001,,1007.8,,0,,1.16,,,,10,4,,6,1712,,,36.5,,,,,
146,傈林,2026-07-04 12:00,28.1,,,9,1.7,,200,,65,,24.6,20.8,1000.3,,1007.1,,.2,,1.95,,,,8,2,,8,2309,,,40.7,,,,,
146,傈林,2026-07-04 13:00,30.1,,,9,.8,,290,,57,,24.3,20.6,999.7,,1006.4,,.5,,2.27,,,,8,1,,10,2924,,,46,,,,,
146,傈林,2026-07-04 14:00,28.9,,,9,2.9,,360,,62,,24.6,20.8,999.4,,1006.2,,.1,,1.46,,,,8,0,,,1974,,,40.8,,,,,
146,傈林,2026-07-04 15:00,29.9,,,9,1.7,,20,,57,,24,20.4,999.3,,1006.1,,.7,,2.15,,,,8,0,,,2380,,,48.6,,,,,
146,傈林,2026-07-04 16:00,30.8,,,9,1.6,,290,,56,,24.9,21,999.5,,1006.2,,.5,,1.83,,,,9,2,,10,2895,,,44.9,,,,,
146,傈林,2026-07-04 17:00,29.4,,,9,3.2,,250,,60,,24.6,20.8,999.3,,1006.1,,.1,,.74,,,,10,5,,12,2962,,,37.9,,,,,
146,傈林,2026-07-04 18:00,27.8,,,9,3.5,,270,,71,,26.4,22,999.2,,1006,,.2,,.86,,,,9,1,,76,1547,,,33.1,,,,,
146,傈林,2026-07-04 19:00,26.4,,,9,2.1,,290,,74,,25.3,21.3,999.2,,1006,,0,,.34,,,,9,0,,,2106,,,29,,,,,
146,傈林,2026-07-04 20:00,25.6,,,9,1.3,,270,,77,,25.2,21.2,999.6,,1006.5,,0,,.06,,,,9,2,,8,2769,,,26.7,,,,,
146,傈林,2026-07-04 21:00,25.3,,,9,.8,,250,,81,,26,21.7,999.8,,1006.7,,,9,,9,,,9,5,,4,2328,,,26.3,,,,,
146,傈林,2026-07-04 22:00,25.2,,,9,.4,,0,,82,,26.3,21.9,999.5,,1006.4,,,9,,9,,,8,5,,5,2101,,,25.9,,,,,
146,傈林,2026-07-04 23:00,24.9,,,9,.6,,50,,82,,25.8,21.6,1000.1,,1007,,,9,,9,,,8,6,,5,1769,,,25.5,,,,,
146,傈林,2026-07-05 00:00,25.3,,,9,1.4,,160,,79,,25.3,21.3,999.8,,1006.7,,,9,,9,,,10,3,,,4294,,,25.4,,,,,
146,傈林,2026-07-05 01:00,25.2,,,,1.5,,160,,80,,25.5,21.4,999.4,,1006.3,,,9,,9,,,9,7,,11,4884,,,25,,,,,
146,傈林,2026-07-05 02:00,25,,0,,1.4,,160,,80,,25.3,21.3,999.1,,1006,,,9,,9,,,10,10,,7,4756,,,25.1,,,,,
146,傈林,2026-07-05 03:00,23.4,,4.7,,1.1,,160,,92,,26.4,22,999,,1005.9,,,9,,9,,,10,2,,9,834,,,24,,,,,
146,傈林,2026-07-05 04:00,23.2,,4.9,,2.2,,140,,92,,26.1,21.8,998.3,,1005.2,,,9,,9,,,10,2,,9,1971,,,23.7,,,,,
146,傈林,2026-07-05 05:00,23.1,,9,,2,,140,,93,,26.1,21.8,998.7,,1005.6,,,9,,9,,,10,2,,4,336,,,23.5,,,,,
146,傈林,2026-07-05 06:00,23.3,,1.4,,1.6,,110,,93,,26.4,22,998.7,,1005.6,,0,,0,,,,10,7,,7,2540,,,23.7,,,,,
146,傈林,2026-07-05 07:00,23.9,,.1,,2.4,,140,,91,,26.9,22.3,998.7,,1005.6,,0,,.12,,,,9,9,,6,2469,,,25.2,,,,,
146,傈林,2026-07-05 08:00,23.8,,0,,1.9,,140,,91,,26.8,22.2,999,,1005.9,,0,,.23,,,,9,9,,6,1349,,,24.8,,,,,
146,傈林,2026-07-05 09:00,24.3,,0,,1.3,,160,,90,,27.2,22.5,999,,1005.9,,0,,.22,,,,10,9,,6,1323,,01,25.5,,,,,
146,傈林,2026-07-05 10:00,23.6,,13.6,,1.3,,140,,93,,26.9,22.3,998.9,,1005.8,,0,,.2,,,,10,4,,5,753,,01,24.9,,,,,
146,傈林,2026-07-05 11:00,23.8,,8.9,,1.5,,180,,93,,27.2,22.5,998.9,,1005.8,,0,,.23,,,,9,3,,4,1737,,01,25.3,,,,,
146,傈林,2026-07-05 12:00,25.7,,,9,2.7,,230,,88,,28.9,23.5,998.8,,1005.6,,0,,.74,,,,9,8,,4,1600,,,28.3,,,,,
146,傈林,2026-07-05 13:00,27.2,,,9,2.1,,180,,83,,29.8,24,998.5,,1005.3,,.1,,1.48,,,,9,7,,5,1881,,,32.4,,,,,
146,傈林,2026-07-05 14:00,28.8,,,9,2.5,,230,,75,,29.7,23.9,997.7,,1004.5,,.3,,1.86,,,,9,3,,6,3108,,,37.4,,,,,
146,傈林,2026-07-05 15:00,28.2,,0,,1.7,,180,,77,,29.3,23.7,997.1,,1003.9,,.2,,1.32,,,,8,2,,5,3182,,01,33.4,,,,,
146,傈林,2026-07-05 16:00,27.3,,3.5,,1.9,,180,,82,,29.7,23.9,996.9,,1003.7,,.4,,1.58,,,,8,2,,9,2915,,01,32.8,,,,,
146,傈林,2026-07-05 17:00,27.9,,1.5,,2.2,,230,,81,,30.4,24.3,996.9,,1003.7,,.3,,.99,,,,8,1,,8,3488,,01,31.3,,,,,
146,傈林,2026-07-05 18:00,26.7,,.6,,3.1,,200,,84,,29.3,23.7,996.8,,1003.6,,.3,,.75,,,,7,2,,10,3719,,1,30.6,,,,,
146,傈林,2026-07-05 19:00,26.1,,,9,1.4,,140,,86,,28.9,23.5,997.5,,1004.3,,0,,.38,,,,9,3,,7,4668,,,27.6,,,,,
146,傈林,2026-07-05 20:00,25.4,,,9,1.9,,140,,89,,28.8,23.4,997.8,,1004.6,,0,,.03,,,,10,7,,7,3973,,,26.4,,,,,
146,傈林,2026-07-05 21:00,24.7,,9.9,,1.1,,230,,92,,28.6,23.3,998.2,,1005.1,,,9,,9,,,10,1,,3,1933,,,25.6,,,,,
146,傈林,2026-07-05 22:00,24.6,,,9,1.7,,140,,91,,28.1,23,998.5,,1005.4,,,9,,9,,,9,4,,11,2173,,,25.3,,,,,
146,傈林,2026-07-05 23:00,24.2,,,9,2.2,,140,,91,,27.4,22.6,998.2,,1005.1,,,9,,9,,,10,0,,,1973,,,24.7,,,,,
146,傈林,2026-07-06 00:00,24.3,,,9,.5,,140,,90,,27.2,22.5,998.8,,1005.7,,,9,,9,,,10,7,,,3450,,,24.7,,,,,
146,傈林,2026-07-06 01:00,24.4,,,,.8,,140,,89,,27.1,22.4,999.1,,1006,,,9,,9,,,7,7,,6,3248,,,24.8,,,,,
146,傈林,2026-07-06 02:00,23.9,,,,1.8,,140,,91,,26.9,22.3,998.3,,1005.2,,,9,,9,,,7,7,,6,2394,,,24.4,,,,,
146,傈林,2026-07-06 03:00,23.9,,,,1.9,,140,,91,,26.9,22.3,998.1,,1005,,,9,,9,,,7,7,,6,2654,,,24.4,,,,,
146,傈林,2026-07-06 04:00,23.9,,,,1.9,,140,,91,,26.9,22.3,998.2,,1005.1,,,9,,9,,,8,8,,7,3028,,,24.3,,,,,
146,傈林,2026-07-06 05:00,24,,,,1.4,,140,,90,,26.8,22.2,998.4,,1005.3,,,9,,9,,,9,6,,6,3313,,,24,,,,,
146,傈林,2026-07-06 06:00,24.2,,,,.9,,140,,90,,27.1,22.4,998.4,,1005.3,,0,,.02,,,,10,2,,7,3830,,,24.2,,,,,
146,傈林,2026-07-06 07:00,23.7,,4.7,,1.5,,230,,94,,27.4,22.6,999,,1005.9,,0,,.03,,,,10,8,,6,600,,,24.1,,,,,
146,傈林,2026-07-06 08:00,23.8,,12.3,,1.9,,140,,95,,27.9,22.9,998.8,,1005.7,,0,,.09,,,,9,4,,4,903,,,24.8,,,,,
146,傈林,2026-07-06 09:00,26.7,,,9,2.1,,140,,89,,31.1,24.7,999,,1005.8,,.3,,1.13,,,,6,4,,22,4476,,,30.6,,,,,
146,傈林,2026-07-06 10:00,28.2,,,9,3.3,,160,,80,,30.6,24.4,998.8,,1005.6,,.9,,2.36,,,,7,2,,76,4888,,,35.2,,,,,
146,傈林,2026-07-06 11:00,28.5,,,9,2,,140,,78,,30.2,24.2,998.6,,1005.4,,.5,,2.16,,,,8,3,,7,4619,,,34.5,,,,,
146,傈林,2026-07-06 12:00,29,,,9,1.9,,180,,76,,30.4,24.3,998.9,,1005.7,,.3,,2.07,,,,8,2,,8,4985,,,34.7,,,,,
146,傈林,2026-07-06 13:00,28.6,,,9,2.5,,200,,76,,29.7,23.9,998.6,,1005.4,,0,,1.15,,,,9,2,,8,4633,,,31.2,,,,,
146,傈林,2026-07-06 14:00,29,,0,,2.5,,180,,80,,31.9,25.1,998.6,,1005.4,,.2,,1.25,,,,8,2,,7,4378,,01,35.4,,,,,
146,傈林,2026-07-06 15:00,29.9,,,9,2.3,,230,,74,,31.1,24.7,998.6,,1005.3,,.2,,1.67,,,,8,2,,9,4629,,,33.6,,,,,
146,傈林,2026-07-06 16:00,30,,,9,3,,200,,71,,30,24.1,998.1,,1004.8,,.3,,1.68,,,,7,2,,9,4296,,,32.5,,,,,
146,傈林,2026-07-06 17:00,31.1,,,9,2.9,,250,,68,,30.6,24.4,997.9,,1004.6,,.6,,1.45,,,,6,1,,10,4635,,,32.9,,,,,
146,傈林,2026-07-06 18:00,30.8,,,9,2.9,,230,,67,,29.7,23.9,998.1,,1004.8,,.6,,1.13,,,,6,3,,10,4012,,,31.3,,,,,
146,傈林,2026-07-06 19:00,29.9,,,9,2.3,,250,,72,,30.2,24.2,998.5,,1005.2,,.3,,.52,,,,7,3,,9,4569,,,29.3,,,,,
146,傈林,2026-07-06 20:00,29.2,,,9,2.2,,250,,73,,29.5,23.8,999,,1005.8,,0,,.07,,,,6,6,,15,4860,,,27.9,,,,,
146,傈林,2026-07-06 21:00,28.2,,,9,1.5,,270,,79,,30.2,24.2,999.6,,1006.4,,,9,,9,,,6,3,,10,3787,,,27.5,,,,,
146,傈林,2026-07-06 22:00,27.7,,,9,1.6,,250,,82,,30.4,24.3,1000,,1006.8,,,9,,9,,,6,2,,15,2725,,,27,,,,,
146,傈林,2026-07-06 23:00,27.3,,,9,1.9,,160,,81,,29.3,23.7,999.9,,1006.7,,,9,,9,,,7,5,,14,3669,,,26.3,,,,,
146,傈林,2026-07-07 00:00,26.4,,,9,1.5,,140,,84,,28.8,23.4,999.9,,1006.7,,,9,,9,,,7,0,,,3179,,,25.7,,,,,
146,傈林,2026-07-07 01:00,26.4,,,,2.2,,140,,84,,28.8,23.4,999.7,,1006.5,,,9,,9,,,8,8,,14,3095,,,25.8,,,,,
146,傈林,2026-07-07 02:00,26.4,,,,1.5,,110,,84,,28.8,23.4,999.7,,1006.5,,,9,,9,,,7,4,,15,3428,,,25.8,,,,,
146,傈林,2026-07-07 03:00,25.9,,,,2.3,,140,,86,,28.6,23.3,999.2,,1006,,,9,,9,,,8,3,,15,3043,,,25.3,,,,,
146,傈林,2026-07-07 04:00,26.1,,,,2.3,,160,,85,,28.6,23.3,999.3,,1006.1,,,9,,9,,,10,4,,15,3403,,,25.3,,,,,
146,傈林,2026-07-07 05:00,25,,7.1,,1.4,,340,,91,,28.8,23.4,1000,,1006.9,,,9,,9,,,10,2,,5,247,,,25.1,,,,,
146,傈林,2026-07-07 06:00,24.8,,.1,,1.7,,90,,93,,28.9,23.5,1000.2,,1007.1,,0,,0,,,,10,1,,13,820,,,25.1,,,,,
146,傈林,2026-07-07 07:00,24.6,,3.7,,3.4,,160,,93,,28.6,23.3,1000.6,,1007.5,,0,,.01,,,,10,4,,10,508,,,25,,,,,
146,傈林,2026-07-07 08:00,24.5,,7.3,,1.4,,360,,93,,28.4,23.2,1001.3,,1008.2,,0,,.05,,,,10,5,,7,246,,,25.1,,,,,
146,傈林,2026-07-07 09:00,25.2,,1,,1.2,,50,,93,,29.7,23.9,1001.2,,1008.1,,0,,.28,,,,8,5,,1,639,,1901,26.7,,,,,
146,傈林,2026-07-07 10:00,27.9,,,9,1.8,,110,,86,,32.2,25.3,1000.6,,1007.4,,.4,,1.63,,,,8,0,,,3503,,19,33.1,,,,,
146,傈林,2026-07-07 11:00,29.5,,,9,3.1,,160,,78,,32.1,25.2,1000.3,,1007.1,,.8,,2.39,,,,7,1,,76,3592,,,35.3,,,,,
146,傈林,2026-07-07 12:00,31.4,,,9,2.4,,160,,70,,32.1,25.2,1000.1,,1006.8,,.9,,3.11,,,,6,0,,,4180,,,38.6,,,,,
146,傈林,2026-07-07 13:00,31.1,,,9,2.1,,160,,67,,30.2,24.2,999.7,,1006.4,,.8,,2.91,,,,9,1,,11,4255,,,34.7,,,,,
146,傈林,2026-07-07 14:00,32.2,,,9,2.4,,160,,62,,29.7,23.9,999,,1005.7,,.7,,2.36,,,,7,1,,15,4391,,,36,,,,,
146,傈林,2026-07-07 15:00,32.3,,,9,3.3,,180,,64,,30.9,24.6,998.7,,1005.4,,.2,,1.65,,,,9,2,,76,3952,,,35,,,,,
146,傈林,2026-07-07 16:00,32.6,,,9,2.8,,160,,63,,30.9,24.6,998.3,,1005,,.5,,1.87,,,,9,3,,11,3700,,,36.1,,,,,
146,傈林,2026-07-07 17:00,32.5,,,9,3.7,,160,,63,,30.7,24.5,997.9,,1004.6,,.8,,1.82,,,,7,1,,76,4145,,,34,,,,,
146,傈林,2026-07-07 18:00,31.5,,,9,2.5,,180,,63,,28.9,23.5,997.7,,1004.4,,.6,,.86,,,,7,0,,,4780,,,30.8,,,,,
146,傈林,2026-07-07 19:00,30.2,,,9,2.7,,140,,66,,28.3,23.1,998,,1004.7,,.2,,.4,,,,7,0,,,4825,,,28.9,,,,,
146,傈林,2026-07-07 20:00,29.3,,,9,2.8,,160,,68,,27.6,22.7,997.9,,1004.7,,0,,.05,,,,7,0,,,4938,,,27,,,,,
146,傈林,2026-07-07 21:00,28.9,,,9,4,,160,,71,,28.3,23.1,998.4,,1005.2,,,9,,9,,,9,0,,,3432,,,26.3,,,,,
146,傈林,2026-07-07 22:00,28,,,9,4.1,,160,,70,,26.4,22,999.3,,1006.1,,,9,,9,,,8,0,,,2378,,,25.3,,,,,
146,傈林,2026-07-07 23:00,27.2,,,9,5.8,,160,,71,,25.5,21.4,999.1,,1005.9,,,9,,9,,,9,0,,,4513,,,24.4,,,,,
146,傈林,2026-07-08 00:00,26.6,,,9,3.9,,140,,72,,25,21.1,999.2,,1006,,,9,,9,,,8,0,,,4771,,,23.9,,,,,
146,傈林,2026-07-08 01:00,26.5,,,,6.8,,160,,71,,24.6,20.8,998.2,,1005,,,9,,9,,,7,0,,,3832,,,23.4,,,,,
146,傈林,2026-07-08 02:00,26.3,,,,4,,160,,72,,24.6,20.8,997.2,,1004,,,9,,9,,,8,3,,67,4462,,,23.2,,,,,
146,傈林,2026-07-08 03:00,26.3,,,,3.6,,160,,72,,24.6,20.8,997.6,,1004.4,,,9,,9,,,8,5,,70,4719,,,23.1,,,,,
146,傈林,2026-07-08 04:00,26.4,,,,4.9,,160,,73,,25,21.1,998.3,,1005.1,,,9,,9,,,8,8,,60,4803,,,23.2,,,,,
146,傈林,2026-07-08 05:00,26.1,,,,3.4,,160,,74,,24.9,21,998.6,,1005.4,,,9,,9,,,0,0,,,4587,,,23.2,,,,,
146,傈林,2026-07-08 06:00,26.2,,,,2.6,,160,,74,,25,21.1,998.6,,1005.4,,0,,.02,,,,8,2,,21,5000,,,23.6,,,,,
146,傈林,2026-07-08 07:00,27,,,,3.1,,180,,72,,25.6,21.5,998.8,,1005.6,,0,,.19,,,,10,1,,12,4932,,,24.5,,,,,
146,傈林,2026-07-08 08:00,27.4,,0,,2.4,,180,,72,,26.1,21.8,999.6,,1006.4,,0,,.31,,,,10,1,,10,4678,,,25.6,,,,,
146,傈林,2026-07-08 09:00,25.8,,1.4,,2,,160,,83,,27.4,22.6,999.6,,1006.5,,0,,.25,,,,10,1,,11,588,,711901,25.6,,,,,
146,傈林,2026-07-08 10:00,25.2,,6.5,,1.4,,200,,88,,28.1,23,999.5,,1006.4,,0,,.19,,,,10,2,,9,154,,711901,25.4,,,,,
146,傈林,2026-07-08 11:00,25,,8.1,,2.6,,160,,91,,28.8,23.4,999.9,,1006.8,,0,,.16,,,,10,4,,8,1805,,1901,25.8,,,,,
146,傈林,2026-07-08 12:00,25.8,,.2,,2.5,,180,,89,,29.5,23.8,999.7,,1006.6,,0,,.31,,,,10,7,,9,1921,,01,26.7,,,,,
146,傈林,2026-07-08 13:00,27,,0,,2.8,,180,,87,,30.9,24.6,999.1,,1005.9,,0,,.79,,,,9,4,,10,2968,,01,28.8,,,,,
146,傈林,2026-07-08 14:00,24,,4,,2.6,,160,,89,,26.4,22,1000.3,,1007.2,,0,,.19,,,,10,2,,7,1647,,7101,25.4,,,,,
146,傈林,2026-07-08 15:00,24.1,,1.4,,1.1,,160,,90,,26.9,22.3,999.8,,1006.7,,0,,.16,,,,10,3,,4,1424,,01,25.4,,,,,
146,傈林,2026-07-08 16:00,26.1,,.2,,1.6,,140,,85,,28.6,23.3,999.4,,1006.2,,.2,,1.05,,,,9,2,,32,4904,,01,31.3,,,,,
146,傈林,2026-07-08 17:00,24.9,,5.7,,1.2,,180,,91,,28.6,23.3,999.3,,1006.2,,.1,,.48,,,,9,5,,6,968,,01,26.9,,,,,
146,傈林,2026-07-08 18:00,25.3,,.8,,1,,50,,90,,28.9,23.5,999.1,,1006,,0,,.15,,,,7,7,,6,4120,,01,26.6,,,,,
146,傈林,2026-07-08 19:00,25.7,,.2,,2.2,,180,,91,,30,24.1,999.1,,1006,,0,,.17,,,,8,7,,7,4412,,01,26.6,,,,,
146,傈林,2026-07-08 20:00,25.8,,,9,1.1,,140,,91,,30.2,24.2,999.6,,1006.5,,0,,.03,,,,6,6,,7,4514,,,26.1,,,,,
146,傈林,2026-07-08 21:00,26,,,9,1.1,,140,,90,,30.2,24.2,1000,,1006.9,,,9,,9,,,6,6,,7,4445,,,26,,,,,
146,傈林,2026-07-08 22:00,25.7,,0,,1.3,,140,,92,,30.2,24.2,1000.5,,1007.4,,,9,,9,,,8,7,,7,2434,,,25.9,,,,,
146,傈林,2026-07-08 23:00,26,,0,,1.8,,180,,91,,30.6,24.4,1000.6,,1007.5,,,9,,9,,,8,8,,8,4046,,,25.7,,,,,
146,傈林,2026-07-09 00:00,26.5,,,9,2.2,,180,,88,,30.4,24.3,1001,,1007.8,,,9,,9,,,10,8,,7,4424,,,25.7,,,,,
146,傈林,2026-07-09 01:00,26.3,,,,1.4,,290,,90,,30.7,24.5,1001,,1007.8,,,9,,9,,,10,8,,7,3928,,,25.7,,,,,
146,傈林,2026-07-09 02:00,26,,0,,.5,,250,,90,,30.2,24.2,1001,,1007.9,,,9,,9,,,10,7,,7,3142,,,25.8,,,,,
146,傈林,2026-07-09 03:00,25.8,,.9,,.9,,250,,92,,30.4,24.3,1000.4,,1007.3,,,9,,9,,,9,6,,7,1837,,,25.7,,,,,
146,傈林,2026-07-09 04:00,25.3,,9,,2.5,,180,,93,,29.8,24,1000.8,,1007.7,,,9,,9,,,10,5,,4,530,,1,25.5,,,,,
146,傈林,2026-07-09 05:00,24.2,,7,,3.2,,160,,91,,27.4,22.6,1000.3,,1007.2,,,9,,9,,,10,4,,11,4680,,1,24.7,,,,,
146,傈林,2026-07-09 06:00,24.5,,0,,3.4,,160,,90,,27.6,22.7,1001.3,,1008.2,,0,,.02,,,,10,4,,9,3248,,01,24.5,,,,,
146,傈林,2026-07-09 07:00,24.6,,.3,,2.6,,160,,91,,28.1,23,1001.5,,1008.4,,0,,.1,,,,9,5,,12,3551,,,25,,,,,
146,傈林,2026-07-09 08:00,24.7,,.4,,1.7,,230,,91,,28.3,23.1,1002.6,,1009.5,,0,,.09,,,,10,5,,9,1169,,,24.8,,,,,
146,傈林,2026-07-09 09:00,24,,8.2,,1.6,,180,,94,,27.9,22.9,1003,,1009.9,,0,,.06,,,,10,5,,10,196,,1901,24.6,,,,,
146,傈林,2026-07-09 10:00,24.3,,3.4,,1.4,,180,,93,,28.1,23,1003.2,,1010.1,,0,,.13,,,,10,3,,8,546,,1901,25.1,,,,,
146,傈林,2026-07-09 11:00,23.9,,5.3,,2.9,,230,,93,,27.4,22.6,1004.3,,1011.2,,0,,.1,,,,10,4,,3,623,,711901,24.7,,,,,
146,傈林,2026-07-09 12:00,22.7,,6.4,,4.2,,250,,93,,25.6,21.5,1005.7,,1012.7,,0,,.1,,,,10,2,,4,900,,711901,23.8,,,,,
146,傈林,2026-07-09 13:00,23.4,,1.9,,2.4,,110,,92,,26.4,22,1003.7,,1010.6,,0,,.59,,,,10,5,,5,4731,,1901,27.3,,,,,
146,傈林,2026-07-09 14:00,25.4,,.2,,2.6,,160,,88,,28.4,23.2,1002.3,,1009.2,,.3,,1.88,,,,9,1,,,4533,,01,32.5,,,,,
146,傈林,2026-07-09 15:00,25.4,,,9,1.3,,110,,82,,26.4,22,1002.9,,1009.8,,0,,1.12,,,,10,6,,12,4865,,,28.9,,,,,
146,傈林,2026-07-09 16:00,26,,,9,2,,140,,83,,27.7,22.8,1002.2,,1009.1,,0,,1.3,,,,10,1,,,4965,,,29.5,,,,,
146,傈林,2026-07-09 17:00,26.3,,0,,2.6,,180,,82,,27.9,22.9,1002.5,,1009.4,,0,,.55,,,,10,0,,,3870,,01,28.1,,,,,
146,傈林,2026-07-09 18:00,26.4,,0,,2.5,,180,,82,,28.1,23,1002.4,,1009.3,,0,,.45,,,,10,0,,,2733,,01,27.2,,,,,
146,傈林,2026-07-09 19:00,25.5,,.5,,.5,,90,,87,,28.3,23.1,1003,,1009.9,,0,,.14,,,,10,2,,9,2317,,01,26.2,,,,,
146,傈林,2026-07-09 20:00,24.9,,,9,1.5,,140,,88,,27.6,22.7,1002.4,,1009.3,,0,,.07,,,,8,3,,26,3506,,,25.3,,,,,
146,傈林,2026-07-09 21:00,24.7,,,9,1,,270,,89,,27.6,22.7,1003.4,,1010.3,,,9,,9,,,7,2,,6,2803,,,24.9,,,,,
146,傈林,2026-07-09 22:00,24.8,,,9,1.1,,140,,89,,27.7,22.8,1003.8,,1010.7,,,9,,9,,,5,2,,,2519,,,24.3,,,,,
146,傈林,2026-07-09 23:00,24.5,,,9,1,,160,,89,,27.2,22.5,1004,,1010.9,,,9,,9,,,5,0,,,2485,,,23.9,,,,,
146,傈林,2026-07-10 00:00,25,,,9,1.4,,160,,87,,27.4,22.6,1004.3,,1011.2,,,9,,9,,,10,4,,,1990,,,24.1,,,,,
146,傈林,2026-07-10 01:00,24.5,,.2,,2.3,,140,,89,,27.2,22.5,1004,,1010.9,,,9,,9,,,10,1,,16,1397,,,24.2,,,,,
146,傈林,2026-07-10 02:00,24.7,,.1,,1.1,,110,,87,,26.9,22.3,1004.1,,1011,,,9,,9,,,10,6,,9,2348,,,24.2,,,,,
146,傈林,2026-07-10 03:00,23.9,,.6,,2.3,,140,,93,,27.4,22.6,1003.4,,1010.3,,,9,,9,,,7,1,,9,1050,,,24.1,,,,,
146,傈林,2026-07-10 04:00,24.1,,,9,.9,,140,,89,,26.6,22.1,1003.1,,1010,,,9,,9,,,7,7,,44,2250,,,23.7,,,,,
146,傈林,2026-07-10 05:00,24.3,,,9,.6,,140,,88,,26.6,22.1,1003.2,,1010.1,,,9,,9,,,7,7,,45,2570,,,23.6,,,,,
146,傈林,2026-07-10 06:00,24.3,,,9,1.2,,50,,89,,26.9,22.3,1003.1,,1010,,0,,.04,,,,7,4,,76,1970,,,23.6,,,,,
146,傈林,2026-07-10 07:00,26,,,9,1.9,,140,,85,,28.4,23.2,1003.4,,1010.3,,.6,,.38,,,,7,1,,,2322,,,24.6,,,,,
146,傈林,2026-07-10 08:00,27.9,,,9,.8,,250,,80,,30,24.1,1004.2,,1011,,.9,,.99,,,,7,0,,,3072,,,28.3,,,,,
146,傈林,2026-07-10 09:00,28.7,,,9,2.6,,180,,75,,29.5,23.8,1004.7,,1011.5,,.7,,1.75,,,,8,0,,,3429,,,31.1,,,,,
146,傈林,2026-07-10 10:00,29.8,,,9,2.6,,200,,71,,29.7,23.9,1004.7,,1011.5,,.8,,2.59,,,,9,0,,,2736,,,32.9,,,,,
146,傈林,2026-07-10 11:00,29.8,,,9,3.1,,160,,69,,28.8,23.4,1004.8,,1011.6,,.3,,1.97,,,,8,2,,10,2451,,,32.2,,,,,
146,傈林,2026-07-10 12:00,31,,,9,2.2,,230,,67,,30,24.1,1004.5,,1011.3,,.3,,2,,,,7,4,,10,2772,,,33.8,,,,,
146,傈林,2026-07-10 13:00,32.3,,,9,2,,200,,60,,28.9,23.5,1004,,1010.7,,.7,,2.78,,,,7,0,,,3033,,,37.2,,,,,
146,傈林,2026-07-10 14:00,32.7,,,9,2.3,,230,,57,,28.1,23,1003.7,,1010.4,,.6,,2.71,,,,7,1,,14,3932,,,36,,,,,
146,傈林,2026-07-10 15:00,33.9,,,9,3.1,,230,,54,,28.4,23.2,1003.3,,1010,,.5,,2.09,,,,7,0,,,4116,,,38.8,,,,,
146,傈林,2026-07-10 16:00,32.7,,,9,3.6,,230,,55,,27.1,22.4,1003.1,,1009.8,,.7,,2.13,,,,6,0,,,3623,,,33.7,,,,,
146,傈林,2026-07-10 17:00,31.8,,0,,2.7,,180,,64,,30,24.1,1003.3,,1010,,.2,,1.03,,,,6,0,,,3117,,01,32.8,,,,,
146,傈林,2026-07-10 18:00,32,,,9,2.8,,250,,60,,28.4,23.2,1003.3,,1010,,.6,,.96,,,,0,0,,,3346,,,31.5,,,,,
146,傈林,2026-07-10 19:00,30.7,,,9,2.9,,180,,63,,27.7,22.8,1004,,1010.8,,.3,,.39,,,,7,1,,76,3984,,,29.2,,,,,
146,傈林,2026-07-10 20:00,29.7,,,9,1.9,,180,,69,,28.6,23.3,1004.2,,1011,,0,,.08,,,,0,0,,,3198,,,27.7,,,,,
146,傈林,2026-07-10 21:00,28.4,,,9,1.9,,140,,73,,28.1,23,1004.5,,1011.3,,,9,,9,,,0,0,,,2876,,,26.6,,,,,
146,傈林,2026-07-10 22:00,27.9,,,9,1.9,,160,,75,,28.1,23,1005.2,,1012,,,9,,9,,,0,0,,,2709,,,26,,,,,
146,傈林,2026-07-10 23:00,27.2,,,9,1.6,,160,,77,,27.7,22.8,1005.5,,1012.4,,,9,,9,,,0,0,,,2552,,,25.6,,,,,
146,傈林,2026-07-11 00:00,26.4,,,9,2,,140,,80,,27.4,22.6,1005.5,,1012.4,,,9,,9,,,0,0,,,2482,,,25,,,,,
146,傈林,2026-07-11 01:00,26,,,,2,,140,,81,,27.1,22.4,1005.4,,1012.3,,,9,,9,,,0,0,,,2450,,,24.5,,,,,
146,傈林,2026-07-11 02:00,25.4,,,,.6,,110,,83,,26.8,22.2,1005.1,,1012,,,9,,9,,,5,0,,,2498,,,24.2,,,,,
146,傈林,2026-07-11 03:00,25.3,,,,1.2,,140,,83,,26.6,22.1,1004.6,,1011.5,,,9,,9,,,0,0,,,1195,,,23.9,,,,,
146,傈林,2026-07-11 04:00,25,,,,1.1,,90,,84,,26.6,22.1,1004.3,,1011.2,,,9,,9,,,0,0,,,2466,,,23.6,,,,,
146,傈林,2026-07-11 05:00,24.8,,,,1.4,,90,,84,,26.3,21.9,1004.5,,1011.4,,,9,,9,,,7,0,,,3047,,,23.4,,,,,
146,傈林,2026-07-11 06:00,24.9,,,,.8,,90,,84,,26.4,22,1004.5,,1011.4,,0,,.03,,,,6,0,,,3047,,,23.7,,,,,
146,傈林,2026-07-11 07:00,27.2,,,,.8,,90,,79,,28.4,23.2,1004.7,,1011.6,,.7,,.4,,,,7,0,,,3107,,,24.8,,,,,
146,傈林,2026-07-11 08:00,29.3,,,,1.4,,140,,73,,29.7,23.9,1004.4,,1011.2,,1,,1.1,,,,5,0,,,2752,,,28.7,,,,,
146,傈林,2026-07-11 09:00,31.3,,,,.8,,250,,66,,30,24.1,1004.4,,1011.2,,1,,1.86,,,,5,0,,,3902,,,32.7,,,,,
146,傈林,2026-07-11 10:00,31.7,,,,2.8,,200,,63,,29.3,23.7,1004.5,,1011.2,,1,,2.53,,,,0,0,,,3973,,,35.9,,,,,
146,傈林,2026-07-11 11:00,32.8,,,,2.9,,180,,58,,28.8,23.4,1004.6,,1011.3,,1,,3.05,,,,0,0,,,3942,,,38.1,,,,,
146,傈林,2026-07-11 12:00,33.6,,,,3,,230,,56,,29.1,23.6,1004.4,,1011.1,,1,,3.34,,,,2,0,,,4319,,,39.6,,,,,
146,傈林,2026-07-11 13:00,34.7,,,,2.8,,250,,51,,28.1,23,1004.1,,1010.8,,1,,3.52,,,,4,0,,,4498,,,40.3,,,,,
146,傈林,2026-07-11 14:00,35.2,,,,1.6,,180,,47,,26.6,22.1,1003.4,,1010.1,,.8,,2.82,,,,0,0,,,4089,,,41.1,,,,,
146,傈林,2026-07-11 15:00,34.7,,,,2.5,,140,,49,,27.1,22.4,1003.5,,1010.2,,.7,,2.4,,,,4,2,,76,4235,,,39.7,,,,,
146,傈林,2026-07-11 16:00,35.7,,,,2.8,,230,,47,,27.4,22.6,1003.1,,1009.7,,1,,2.87,,,,4,1,,,4267,,,39.7,,,,,
146,傈林,2026-07-11 17:00,34.7,,,,2.9,,180,,48,,26.4,22,1003.1,,1009.8,,.9,,1.87,,,,0,0,,,3909,,,35.2,,,,,
146,傈林,2026-07-11 18:00,33.9,,,,3.2,,160,,45,,23.7,20.2,1003.1,,1009.8,,1,,1.39,,,,0,0,,,4537,,,33.6,,,,,
146,傈林,2026-07-11 19:00,32.4,,,,3.6,,140,,50,,24.3,20.6,1003.3,,1010,,1,,.67,,,,0,0,,,4239,,,30.2,,,,,
146,傈林,2026-07-11 20:00,31.1,,,,2.1,,160,,56,,25.2,21.2,1003.6,,1010.4,,.1,,.09,,,,0,0,,,4639,,,28.2,,,,,
146,傈林,2026-07-11 21:00,30.4,,,,1.9,,180,,58,,25.2,21.2,1004.1,,1010.9,,,9,,9,,,0,0,,,4795,,,27.1,,,,,
146,傈林,2026-07-11 22:00,29.5,,,,2.8,,140,,63,,26,21.7,1004.6,,1011.4,,,9,,9,,,0,0,,,4571,,,26.3,,,,,
146,傈林,2026-07-11 23:00,28.9,,,,2,,140,,66,,26.3,21.9,1004.6,,1011.4,,,9,,9,,,0,0,,,4617,,,25.9,,,,,
146,傈林,2026-07-12 00:00,28.6,,,,1.5,,110,,68,,26.6,22.1,1004.8,,1011.6,,,9,,9,,,0,0,,,4333,,,25.7,,,,,
146,傈林,2026-07-12 01:00,27.6,,,,.8,,70,,72,,26.4,22,1003.9,,1010.7,,,9,,9,,,0,0,,,4033,,,25.3,,,,,
146,傈林,2026-07-12 02:00,26.9,,,,1.1,,110,,75,,26.4,22,1003.6,,1010.5,,,9,,9,,,0,0,,,3713,,,25,,,,,
146,傈林,2026-07-12 03:00,26.4,,,,1.9,,90,,77,,26.4,22,1003.4,,1010.3,,,9,,9,,,0,0,,,3620,,,24.7,,,,,
146,傈林,2026-07-12 04:00,26,,,,1.8,,110,,79,,26.4,22,1003.5,,1010.4,,,9,,9,,,0,0,,,3639,,,24.4,,,,,
146,傈林,2026-07-12 05:00,25.6,,,,.8,,140,,79,,25.8,21.6,1003.6,,1010.5,,,9,,9,,,0,0,,,3677,,,24.3,,,,,
146,傈林,2026-07-12 06:00,26.5,,,9,1.8,,110,,76,,26.3,21.9,1003.7,,1010.6,,.1,,.03,,,,0,0,,,4018,,,24.4,,,,,
146,傈林,2026-07-12 07:00,29,,,9,2.4,,110,,71,,28.4,23.2,1003.5,,1010.3,,1,,.44,,,,0,0,,,3472,,,25.5,,,,,
146,傈林,2026-07-12 08:00,30,,,9,2.1,,140,,68,,28.8,23.4,1003.9,,1010.7,,.9,,1.04,,,,0,0,,,2706,,,28.3,,,,,
146,傈林,2026-07-12 09:00,31.1,,,,3.2,,160,,66,,29.7,23.9,1004.1,,1010.9,,.6,,1.33,,,,6,1,,11,2373,,,31.2,,,,,
146,傈林,2026-07-12 10:00,31.7,,,,3.7,,160,,63,,29.3,23.7,1004.3,,1011,,.3,,1.6,,,,4,2,,11,2453,,,33.6,,,,,
146,傈林,2026-07-12 11:00,32.9,,,,3.6,,180,,59,,29.5,23.8,1004.3,,1011,,1,,3.3,,,,4,0,,,2582,,,38.3,,,,,
146,傈林,2026-07-12 12:00,33,,,,2.2,,180,,60,,30,24.1,1003.9,,1010.6,,.9,,3.19,,,,0,0,,,2428,,,37.1,,,,,
146,傈林,2026-07-12 13:00,32.9,,,,4,,180,,58,,28.9,23.5,1003.3,,1010,,.7,,2.88,,,,2,1,,76,3397,,,36.9,,,,,
146,傈林,2026-07-12 14:00,33.8,,,,3.2,,180,,55,,28.8,23.4,1003.2,,1009.9,,.6,,2.52,,,,4,2,,14,3430,,,37.6,,,,,
146,傈林,2026-07-12 15:00,34.1,,,,4.1,,160,,51,,27.2,22.5,1002.8,,1009.5,,.7,,2.72,,,,3,2,,14,3313,,,38.5,,,,,
146,傈林,2026-07-12 16:00,34,,,,3.5,,180,,51,,27.1,22.4,1002.9,,1009.6,,.9,,2.49,,,,0,0,,,3000,,,37.2,,,,,
146,傈林,2026-07-12 17:00,33.8,,,,2.7,,160,,53,,27.7,22.8,1002.8,,1009.5,,1,,2.1,,,,0,0,,,3455,,,35.3,,,,,
146,傈林,2026-07-12 18:00,32.7,,,,3.7,,160,,54,,26.6,22.1,1002.9,,1009.6,,1,,1.35,,,,2,0,,,2937,,,32.8,,,,,
146,傈林,2026-07-12 19:00,31.5,,,,2.8,,140,,58,,26.8,22.2,1003.3,,1010,,1,,.64,,,,2,0,,,3427,,,30.1,,,,,
146,傈林,2026-07-12 20:00,30.3,,,,2.2,,160,,64,,27.6,22.7,1003.5,,1010.3,,.1,,.09,,,,2,0,,,3117,,,28.1,,,,,
146,傈林,2026-07-12 21:00,29.5,,,,2.9,,140,,68,,27.9,22.9,1003.9,,1010.7,,,9,,9,,,2,0,,,2910,,,27.1,,,,,
146,傈林,2026-07-12 22:00,29,,,,2.5,,140,,71,,28.4,23.2,1004,,1010.8,,,9,,9,,,0,0,,,2805,,,26.4,,,,,
146,傈林,2026-07-12 23:00,28.6,,,,2.3,,110,,73,,28.4,23.2,1004,,1010.8,,,9,,9,,,0,0,,,2568,,,26.1,,,,,
146,傈林,2026-07-13 00:00,28.3,,,,2.3,,140,,73,,27.9,22.9,1004.1,,1010.9,,,9,,9,,,0,0,,,2446,,,25.8,,,,,
146,傈林,2026-07-13 01:00,28.1,,,,1.7,,140,,73,,27.6,22.7,1004,,1010.8,,,9,,9,,,0,0,,,2766,,,25.5,,,,,
146,傈林,2026-07-13 02:00,28,,,,1.6,,140,,75,,28.3,23.1,1003.5,,1010.3,,,9,,9,,,0,0,,,2457,,,25.3,,,,,
146,傈林,2026-07-13 03:00,27.9,,,,1.9,,180,,77,,28.8,23.4,1003.5,,1010.3,,,9,,9,,,0,0,,,2300,,,25.2,,,,,
146,傈林,2026-07-13 04:00,27.5,,,,.6,,110,,78,,28.6,23.3,1003,,1009.8,,,9,,9,,,0,0,,,2209,,,25.1,,,,,
146,傈林,2026-07-13 05:00,27.4,,,,1.1,,180,,78,,28.4,23.2,1003.2,,1010,,,9,,9,,,0,0,,,2534,,,25,,,,,
146,傈林,2026-07-13 06:00,27.3,,,,1.1,,90,,79,,28.6,23.3,1003.3,,1010.1,,.1,,.03,,,,0,0,,,2886,,,25.2,,,,,
146,傈林,2026-07-13 07:00,29.2,,,,2.1,,140,,74,,29.8,24,1003,,1009.8,,1,,.45,,,,3,0,,,2902,,,26,,,,,
146,傈林,2026-07-13 08:00,29.8,,,,2.1,,180,,70,,29.3,23.7,1003.1,,1009.9,,.8,,1,,,,3,1,,9,3137,,,28.3,,,,,
146,傈林,2026-07-13 09:00,30.3,,,,2.4,,180,,69,,29.7,23.9,1003.3,,1010.1,,.2,,.88,,,,5,2,,10,3275,,,30,,,,,
146,傈林,2026-07-13 10:00,31.7,,,,3,,180,,65,,30.4,24.3,1003.2,,1009.9,,.8,,2.31,,,,6,1,,11,3107,,,34.6,,,,,
146,傈林,2026-07-13 11:00,31.3,,,,3.1,,180,,62,,28.3,23.1,1003.1,,1009.8,,.4,,2.12,,,,7,1,,,3364,,,33,,,,,
146,傈林,2026-07-13 12:00,31.9,,,,3.2,,140,,62,,29.3,23.7,1002.9,,1009.6,,.1,,1.62,,,,8,1,,76,3863,,,33.5,,,,,
146,傈林,2026-07-13 13:00,32.7,,,,2.8,,180,,59,,29.1,23.6,1002.3,,1009,,.5,,2.74,,,,6,0,,,3435,,,36,,,,,
146,傈林,2026-07-13 14:00,33.6,,,,2.5,,180,,55,,28.6,23.3,1001.9,,1008.6,,.5,,2.57,,,,6,1,,13,3824,,,38,,,,,
146,傈林,2026-07-13 15:00,32.8,,,,3.8,,160,,55,,27.2,22.5,1001.3,,1008,,.8,,2.67,,,,4,1,,76,3221,,,36,,,,,
146,傈林,2026-07-13 16:00,33.1,,,,3.4,,160,,58,,29.3,23.7,1001,,1007.7,,.9,,2.52,,,,4,1,,76,3751,,,37.5,,,,,
146,傈林,2026-07-13 17:00,32.9,,,,3.4,,160,,56,,27.9,22.9,1000.2,,1006.9,,1,,2.07,,,,0,0,,,3399,,,35.1,,,,,
146,傈林,2026-07-13 18:00,32.1,,,,4.4,,140,,58,,27.6,22.7,1000.3,,1007,,1,,1.33,,,,2,0,,,3669,,,33.2,,,,,
146,傈林,2026-07-13 19:00,31.1,,,,2.9,,180,,62,,27.9,22.9,1000.7,,1007.4,,.8,,.67,,,,3,1,,12,3679,,,29.8,,,,,
146,傈林,2026-07-13 20:00,29.9,,,,3.2,,160,,65,,27.2,22.5,1001.2,,1008,,0,,.08,,,,2,1,,14,3606,,,27.8,,,,,
146,傈林,2026-07-13 21:00,28.9,,,,2.9,,160,,69,,27.4,22.6,1001.7,,1008.5,,,9,,9,,,2,0,,,4062,,,26.7,,,,,
146,傈林,2026-07-13 22:00,28.4,,,,3.2,,140,,71,,27.4,22.6,1001.8,,1008.6,,,9,,9,,,1,0,,,3548,,,26,,,,,
146,傈林,2026-07-13 23:00,28.2,,,,1.6,,140,,72,,27.4,22.6,1001.9,,1008.7,,,9,,9,,,0,0,,,3559,,,25.8,,,,,
146,傈林,2026-07-14 00:00,28,,,,2,,180,,73,,27.4,22.6,1001.9,,1008.7,,,9,,9,,,0,0,,,3414,,,25.5,,,,,
146,傈林,2026-07-14 01:00,27.8,,,,2.7,,140,,74,,27.6,22.7,1001.7,,1008.5,,,9,,9,,,3,3,,14,3633,,,25.4,,,,,
146,傈林,2026-07-14 02:00,27.9,,,,2.4,,140,,74,,27.7,22.8,1001.3,,1008.1,,,9,,9,,,3,3,,15,4148,,,25.5,,,,,
146,傈林,2026-07-14 03:00,27.6,,,,2.3,,160,,76,,27.9,22.9,1001.1,,1007.9,,,9,,9,,,4,4,,14,4214,,,25.3,,,,,
146,傈林,2026-07-14 04:00,27.8,,,,2.9,,160,,76,,28.3,23.1,1000.8,,1007.6,,,9,,9,,,3,3,,15,4543,,,25.4,,,,,
146,傈林,2026-07-14 05:00,27.6,,,,2,,160,,77,,28.3,23.1,1000.9,,1007.7,,,9,,9,,,7,7,,15,4597,,,25.6,,,,,
146,傈林,2026-07-14 06:00,27.7,,,,1.8,,180,,77,,28.4,23.2,1000.9,,1007.7,,0,,.02,,,,7,7,,11,4526,,,25.9,,,,,
146,傈林,2026-07-14 07:00,28.3,,,,2.8,,160,,77,,29.5,23.8,1000.7,,1007.5,,0,,.2,,,,7,3,,15,4679,,,26.8,,,,,
146,傈林,2026-07-14 08:00,28.7,,,,3.6,,160,,75,,29.5,23.8,1000.7,,1007.5,,.1,,.58,,,,7,5,,15,2989,,,27.9,,,,,
146,傈林,2026-07-14 09:00,29.8,,,,2.8,,180,,72,,30,24.1,1000.5,,1007.3,,.2,,1,,,,7,2,,8,4350,,,30.5,,,,,
146,傈林,2026-07-14 10:00,30.7,,,,4.3,,180,,68,,30,24.1,1000.2,,1006.9,,.6,,2.01,,,,6,1,,76,3847,,,33.5,,,,,
146,傈林,2026-07-14 11:00,30.9,,,,4.9,,180,,67,,29.8,24,999.8,,1006.5,,.8,,2.74,,,,7,1,,12,3538,,,34.9,,,,,
146,傈林,2026-07-14 12:00,32,,,,3.6,,180,,64,,30.4,24.3,999.2,,1005.9,,.6,,2.6,,,,6,1,,76,4496,,,36.5,,,,,
146,傈林,2026-07-14 13:00,31.9,,,,4.6,,180,,63,,29.7,23.9,998.3,,1005,,.7,,2.99,,,,6,1,,76,3427,,,38.3,,,,,
146,傈林,2026-07-14 14:00,32.1,,,,3.4,,180,,65,,30.9,24.6,997.6,,1004.3,,.5,,2.54,,,,8,1,,13,4277,,,37.3,,,,,
146,傈林,2026-07-14 15:00,31.1,,,,4.3,,200,,65,,29.3,23.7,996.9,,1003.6,,.2,,1.59,,,,8,1,,13,3823,,,33.9,,,,,
146,傈林,2026-07-14 16:00,30.7,,,,3,,200,,67,,29.5,23.8,996.6,,1003.3,,.2,,1.19,,,,8,3,,12,3617,,,32,,,,,
146,傈林,2026-07-14 17:00,30.5,,,,3.7,,180,,67,,29.1,23.6,995.8,,1002.5,,0,,.46,,,,8,5,,11,3579,,,30.4,,,,,
146,傈林,2026-07-14 18:00,30.1,,,,3.5,,200,,68,,28.9,23.5,995.6,,1002.3,,0,,.28,,,,8,5,,10,3699,,,28.9,,,,,
146,傈林,2026-07-14 19:00,29.6,,,,3.6,,180,,71,,29.3,23.7,995.2,,1001.9,,0,,.14,,,,9,3,,10,3518,,,28.2,,,,,
146,傈林,2026-07-14 20:00,28.9,,,,2.9,,180,,74,,29.3,23.7,995.4,,1002.1,,0,,.05,,,,10,3,,9,4151,,,27.4,,,,,
146,傈林,2026-07-14 21:00,28.1,,0,,3.1,,200,,79,,30,24.1,995.6,,1002.4,,,9,,9,,,10,6,,8,3642,,,27,,,,,
146,傈林,2026-07-14 22:00,27.8,,0,,3.8,,180,,80,,29.8,24,995.4,,1002.2,,,9,,9,,,10,7,,8,4341,,,26.7,,,,,
146,傈林,2026-07-14 23:00,26.9,,.3,,3.1,,180,,86,,30.4,24.3,995.2,,1002,,,9,,9,,,10,3,,8,1095,,,26.4,,,,,
146,傈林,2026-07-15 00:00,26.8,,.5,,2.3,,200,,87,,30.6,24.4,994.9,,1001.7,,,9,,9,,,10,6,,7,2053,,,26.5,,,,,
146,傈林,2026-07-15 01:00,26,,4.2,,3.1,,230,,91,,30.6,24.4,994.9,,1001.7,,,9,,9,,,9,4,,8,747,,,26.2,,,,,
146,傈林,2026-07-15 02:00,26.5,,.3,,4.7,,230,,88,,30.4,24.3,994.5,,1001.3,,,9,,9,,,9,8,,5,2453,,,26,,,,,
146,傈林,2026-07-15 03:00,26.6,,.2,,4.8,,230,,89,,30.9,24.6,994.1,,1000.9,,,9,,9,,,10,9,,5,926,,,26,,,,,
146,傈林,2026-07-15 04:00,26.7,,.5,,5.6,,250,,89,,31.1,24.7,994.1,,1000.9,,,9,,9,,,10,9,,4,1007,,,26.1,,,,,
146,傈林,2026-07-15 05:00,26.5,,1.2,,5.5,,230,,90,,31.1,24.7,994.4,,1001.2,,,9,,9,,,9,4,,5,788,,,26,,,,,
146,傈林,2026-07-15 06:00,26.8,,,9,4.9,,230,,89,,31.3,24.8,994.6,,1001.4,,0,,.01,,,,9,8,,3,764,,,26,,,,,
146,傈林,2026-07-15 07:00,27,,,9,4.5,,230,,89,,31.7,25,994.6,,1001.4,,0,,.11,,,,8,8,,3,774,,,26.6,,,,,
146,傈林,2026-07-15 08:00,26.8,,.1,,4.9,,230,,90,,31.7,25,995.1,,1001.9,,0,,.24,,,,10,7,,3,534,,,26.9,,,,,
146,傈林,2026-07-15 09:00,26.1,,.2,,4.8,,250,,93,,31.3,24.8,995.6,,1002.4,,0,,.13,,,,10,10,,2,365,,190201,26.6,,,,,
146,傈林,2026-07-15 10:00,27.5,,0,,4.2,,250,,87,,31.9,25.1,995.7,,1002.5,,0,,.94,,,,7,7,,3,719,,1902,30.1,,,,,
146,傈林,2026-07-15 11:00,28.7,,,9,3.5,,270,,76,,29.8,24,995.9,,1002.7,,.6,,2.32,,,,6,1,,7,2423,,19,33.3,,,,,
146,傈林,2026-07-15 12:00,29,,,9,4,,270,,72,,28.8,23.4,996,,1002.8,,.8,,3.06,,,,4,4,,7,2828,,,34.5,,,,,
146,傈林,2026-07-15 13:00,29.3,,,9,4.3,,290,,71,,28.8,23.4,996,,1002.7,,.9,,3.48,,,,0,0,,,3690,,,35.6,,,,,
146,傈林,2026-07-15 14:00,29.9,,,9,4.3,,250,,63,,26.4,22,996,,1002.7,,1,,3.41,,,,4,1,,76,3571,,,36.2,,,,,
146,傈林,2026-07-15 15:00,30.3,,,9,3.3,,270,,62,,26.6,22.1,995.8,,1002.5,,.9,,3.02,,,,3,1,,11,3490,,,35.2,,,,,
146,傈林,2026-07-15 16:00,29.5,,,9,3.7,,270,,65,,26.8,22.2,995.9,,1002.6,,.8,,2.37,,,,4,1,,12,2924,,,31.5,,,,,
146,傈林,2026-07-15 17:00,29.9,,,9,2.9,,270,,63,,26.4,22,996.1,,1002.8,,.7,,1.63,,,,0,0,,,2702,,,31.1,,,,,
146,傈林,2026-07-15 18:00,28.7,,,9,5.2,,290,,55,,21.6,18.7,996.3,,1003.1,,.9,,1.27,,,,3,2,,10,4027,,,28.3,,,,,
146,傈林,2026-07-15 19:00,27.3,,,9,2.7,,270,,67,,24.3,20.6,996.4,,1003.2,,.2,,.32,,,,8,0,,,3712,,,26.3,,,,,
146,傈林,2026-07-15 20:00,26.6,,,9,1.8,,270,,70,,24.3,20.6,996.6,,1003.4,,0,,.06,,,,7,2,,74,3160,,,25.6,,,,,
146,傈林,2026-07-15 21:00,26,,,9,1.2,,270,,72,,24.1,20.5,996.8,,1003.6,,,9,,9,,,7,5,,,3092,,,25,,,,,
146,傈林,2026-07-15 22:00,25,,,9,.9,,50,,78,,24.6,20.8,997.3,,1004.2,,,9,,9,,,8,0,,,2600,,,24.4,,,,,
146,傈林,2026-07-15 23:00,25.1,,,9,1.5,,110,,78,,24.7,20.9,997.4,,1004.3,,,9,,9,,,7,2,,75,2622,,,24.3,,,,,
146,傈林,2026-07-16 00:00,24.9,,,9,.3,,0,,80,,25.2,21.2,997.8,,1004.7,,,9,,9,,,10,7,,46,2308,,,24.4,,,,,
146,傈林,2026-07-16 01:00,24.8,,,,1,,110,,80,,25,21.1,997.6,,1004.5,,,9,,9,,,10,10,,46,2500,,,24.4,,,,,
146,傈林,2026-07-16 02:00,24.4,,,,.4,,0,,82,,25,21.1,997.5,,1004.4,,,9,,9,,,8,4,,44,2343,,,24.2,,,,,
146,傈林,2026-07-16 03:00,23.9,,,,1.6,,160,,84,,24.9,21,997.2,,1004.1,,,9,,9,,,6,4,,55,2247,,,23.6,,,,,
146,傈林,2026-07-16 04:00,23.6,,,,1,,160,,84,,24.4,20.7,997.4,,1004.3,,,9,,9,,,6,1,,,1849,,,23.2,,,,,
146,傈林,2026-07-16 05:00,23.5,,,,1.1,,160,,85,,24.6,20.8,997.4,,1004.3,,,9,,9,,,9,9,,53,1627,,,23.5,,,,,
146,傈林,2026-07-16 06:00,23.6,,,,1,,160,,86,,25,21.1,997.2,,1004.1,,0,,.01,,,,10,2,,32,1924,,,23.8,,,,,
146,傈林,2026-07-16 07:00,24.5,,,,.8,,110,,84,,25.8,21.6,997.5,,1004.4,,0,,.16,,,,9,2,,31,2164,,,24.9,,,,,
146,傈林,2026-07-16 08:00,26.9,,,,1.8,,90,,76,,26.9,22.3,997.4,,1004.2,,.3,,.66,,,,8,6,,27,2302,,,28.4,,,,,
146,傈林,2026-07-16 09:00,27.6,,,,.4,,0,,70,,25.8,21.6,998,,1004.8,,.1,,.97,,,,9,8,,26,2737,,,28.8,,,,,
146,傈林,2026-07-16 10:00,28.4,,,,2.6,,250,,67,,25.8,21.6,997.9,,1004.7,,.3,,1.95,,,,10,2,,28,3552,,,31.7,,,,,
146,傈林,2026-07-16 11:00,28.1,,0,,2.4,,230,,68,,25.8,21.6,998,,1004.8,,0,,1.32,,,,10,1,,6,2290,,01,30.6,,,,,
146,傈林,2026-07-16 12:00,27.6,,.1,,.6,,290,,72,,26.4,22,997.7,,1004.5,,0,,.75,,,,10,4,,23,2083,,01,30.2,,,,,
146,傈林,2026-07-16 13:00,29.6,,,9,1,,20,,69,,28.6,23.3,997.1,,1003.8,,.2,,1.72,,,,9,2,,19,1504,,,35.4,,,,,
146,傈林,2026-07-16 14:00,28.7,,,9,2.2,,50,,72,,28.3,23.1,996.8,,1003.6,,.4,,1.85,,,,10,0,,,1963,,,32.1,,,,,
146,傈林,2026-07-16 15:00,29.2,,,9,.4,,0,,68,,27.4,22.6,996.4,,1003.1,,.1,,1.27,,,,10,1,,76,1759,,,32.1,,,,,
146,傈林,2026-07-16 16:00,28.5,,,9,1.9,,50,,72,,27.9,22.9,995.9,,1002.7,,0,,.85,,,,10,0,,,2059,,,30,,,,,
146,傈林,2026-07-16 17:00,28.5,,0,,1.4,,20,,73,,28.3,23.1,995.6,,1002.4,,0,,.64,,,,10,0,,,3434,,01,29.8,,,,,
146,傈林,2026-07-16 18:00,27.7,,,9,1.4,,320,,75,,27.7,22.8,995.5,,1002.3,,0,,.32,,,,10,7,,13,2622,,,27.9,,,,,
146,傈林,2026-07-16 19:00,27.7,,,9,.8,,340,,75,,27.7,22.8,995.5,,1002.3,,0,,.22,,,,9,1,,28,2500,,,27.6,,,,,
146,傈林,2026-07-16 20:00,27.2,,,9,0,,0,,76,,27.2,22.5,995.7,,1002.5,,0,,.04,,,,9,5,,12,1879,,,26.9,,,,,
146,傈林,2026-07-16 21:00,26.6,,,9,1.1,,20,,81,,28.1,23,996.1,,1002.9,,,9,,9,,,9,8,,16,1329,,,26.3,,,,,
146,傈林,2026-07-16 22:00,26.5,,,9,.7,,50,,80,,27.6,22.7,996.5,,1003.3,,,9,,9,,,7,3,,15,2392,,,25.9,,,,,
146,傈林,2026-07-16 23:00,26.3,,,9,1.1,,20,,84,,28.6,23.3,996.9,,1003.7,,,9,,9,,,10,9,,11,1849,,,26.1,,,,,
146,傈林,2026-07-17 00:00,26.2,,,9,.7,,20,,85,,28.8,23.4,996.4,,1003.2,,,9,,9,,,10,5,,,1705,,,26.1,,,,,
146,傈林,2026-07-17 01:00,26.2,,0,,.8,,320,,85,,28.8,23.4,996.1,,1002.9,,,9,,9,,,10,7,,8,1598,,,26.1,,,,,
146,傈林,2026-07-17 02:00,25.7,,,9,1,,340,,87,,28.6,23.3,995.9,,1002.7,,,9,,9,,,10,10,,9,1554,,,25.9,,,,,
146,傈林,2026-07-17 03:00,25.6,,,9,.7,,50,,87,,28.4,23.2,995.5,,1002.3,,,9,,9,,,10,10,,8,1049,,,25.8,,,,,
146,傈林,2026-07-17 04:00,25.8,,,9,0,,0,,87,,28.8,23.4,995.4,,1002.2,,,9,,9,,,10,6,,7,908,,,25.8,,,,,
146,傈林,2026-07-17 05:00,25.9,,,9,.7,,140,,86,,28.6,23.3,995,,1001.8,,,9,,9,,,10,6,,7,1377,,,25.8,,,,,
146,傈林,2026-07-17 06:00,25.7,,,9,1.2,,140,,87,,28.6,23.3,995,,1001.8,,0,,.02,,,,10,1,,6,1621,,,25.6,,,,,
146,傈林,2026-07-17 07:00,26.4,,,9,1.3,,160,,85,,29.1,23.6,995.3,,1002.1,,0,,.16,,,,10,3,,6,1988,,,26.5,,,,,
146,傈林,2026-07-17 08:00,27.6,,,9,.8,,140,,80,,29.5,23.8,995.2,,1002,,0,,.55,,,,8,2,,16,2369,,,28.6,,,,,
146,傈林,2026-07-17 09:00,29.6,,,9,1.2,,270,,74,,30.6,24.4,995.4,,1002.1,,.3,,1.2,,,,6,4,,7,2022,,,31.4,,,,,
146,傈林,2026-07-17 10:00,30,,,9,.6,,340,,74,,31.3,24.8,995,,1001.7,,.2,,1.33,,,,8,2,,6,3203,,,31.5,,,,,
146,傈林,2026-07-17 11:00,30.9,,,9,1.4,,250,,72,,32.1,25.2,995.2,,1001.9,,.2,,1.36,,,,6,2,,12,1878,,,35,,,,,
146,傈林,2026-07-17 12:00,31.5,,,9,2.2,,270,,72,,33.2,25.8,994.8,,1001.5,,.4,,2.12,,,,9,5,,7,2619,,,34.3,,,,,
146,傈林,2026-07-17 13:00,31.7,,,9,2.5,,270,,70,,32.6,25.5,994.4,,1001.1,,.2,,2.12,,,,9,1,,11,2299,,,34.6,,,,,
146,傈林,2026-07-17 14:00,31.4,,,9,2.5,,270,,74,,33.8,26.1,994.1,,1000.8,,.1,,1.57,,,,9,2,,8,2454,,,33.7,,,,,
146,傈林,2026-07-17 15:00,30.4,,,9,2.6,,290,,77,,33.4,25.9,994,,1000.7,,0,,.98,,,,9,2,,7,1576,,,31.4,,,,,
146,傈林,2026-07-17 16:00,30,,,9,2.2,,290,,79,,33.4,25.9,993.8,,1000.5,,0,,.58,,,,10,2,,6,1820,,,30.9,,,,,
146,傈林,2026-07-17 17:00,29.8,,0,,1.1,,340,,82,,34.2,26.3,993.5,,1000.2,,0,,.39,,,,10,3,,11,1018,,01,30.7,,,,,
146,傈林,2026-07-17 18:00,29.6,,,9,1.6,,270,,81,,33.4,25.9,993.5,,1000.2,,0,,.42,,,,9,3,,10,1532,,,29.8,,,,,
146,傈林,2026-07-17 19:00,29.2,,,9,1.1,,360,,82,,33.2,25.8,993.9,,1000.6,,0,,.09,,,,10,2,,9,1226,,,29,,,,,
146,傈林,2026-07-17 20:00,28.8,,,9,.8,,50,,82,,32.4,25.4,993.8,,1000.5,,0,,.01,,,,10,1,,11,1184,,,28.4,,,,,
146,傈林,2026-07-17 21:00,28.4,,,9,1.3,,20,,86,,33.2,25.8,994.3,,1001.1,,,9,,9,,,10,2,,6,1044,,,28.1,,,,,
146,傈林,2026-07-17 22:00,28.4,,,9,1.4,,340,,87,,33.6,26,994.5,,1001.3,,,9,,9,,,10,5,,9,967,,,28,,,,,
146,傈林,2026-07-17 23:00,27.9,,,9,1.6,,50,,88,,33,25.7,994.3,,1001.1,,,9,,9,,,10,0,,,773,,,27.5,,,,,
146,傈林,2026-07-18 00:00,28.1,,,9,.5,,140,,88,,33.4,25.9,993.8,,1000.6,,,9,,9,,,9,1,,9,1301,,,27.5,,,,,
146,傈林,2026-07-18 01:00,28.1,,,,2.1,,110,,85,,32.2,25.3,992.8,,999.5,,,9,,9,,,10,0,,,2550,,,27.2,,,,,
146,傈林,2026-07-18 02:00,28.5,,,,1,,160,,82,,31.9,25.1,992.4,,999.1,,,9,,9,,,10,5,,14,2676,,,27.2,,,,,
146,傈林,2026-07-18 03:00,28.6,,,,2.3,,180,,80,,31.3,24.8,991.9,,998.6,,,9,,9,,,7,1,,15,2669,,,26.7,,,,,
146,傈林,2026-07-18 04:00,28.5,,,,2.1,,180,,79,,30.6,24.4,991.7,,998.4,,,9,,9,,,8,8,,72,2895,,,26.3,,,,,
146,傈林,2026-07-18 05:00,28.2,,,,2.1,,200,,80,,30.6,24.4,992,,998.7,,,9,,9,,,10,4,,15,2926,,,26.3,,,,,
146,傈林,2026-07-18 06:00,28.3,,,,2.6,,160,,79,,30.4,24.3,991.9,,998.6,,0,,.01,,,,10,2,,24,2794,,,26.3,,,,,
146,傈林,2026-07-18 07:00,28.3,,0,,3.5,,160,,78,,29.8,24,992.1,,998.8,,0,,.05,,,,9,4,,16,2573,,,26.5,,,,,
146,傈林,2026-07-18 08:00,28.2,,0,,2.9,,180,,79,,30.2,24.2,992.9,,999.6,,0,,.08,,,,9,5,,11,2907,,,26.7,,,,,
146,傈林,2026-07-18 09:00,28.2,,0,,2.1,,180,,79,,30.2,24.2,993.1,,999.8,,0,,.12,,,,10,7,,9,3260,,01,27,,,,,
146,傈林,2026-07-18 10:00,27.1,,1.1,,1.8,,200,,87,,31.1,24.7,993.5,,1000.3,,0,,.21,,,,10,4,,8,2362,,01,27.3,,,,,
146,傈林,2026-07-18 11:00,28.4,,0,,1,,200,,83,,32.1,25.2,993.6,,1000.3,,0,,.7,,,,10,5,,8,2591,,01,30,,,,,
146,傈林,2026-07-18 12:00,29.3,,,9,2.4,,200,,80,,32.4,25.4,993.1,,999.8,,0,,.9,,,,9,2,,16,3258,,,31.4,,,,,
146,傈林,2026-07-18 13:00,31.6,,,9,2.3,,160,,73,,33.8,26.1,992.9,,999.6,,.2,,2.18,,,,8,2,,7,2904,,,35.3,,,,,
146,傈林,2026-07-18 14:00,31.6,,0,,3.1,,200,,74,,34.2,26.3,992.5,,999.2,,0,,1.17,,,,8,2,,8,2877,,,35.3,,,,,
146,傈林,2026-07-18 15:00,31.2,,0,,3.4,,250,,73,,33,25.7,992.2,,998.9,,.2,,1.51,,,,9,3,,9,2947,,01,32.1,,,,,
146,傈林,2026-07-18 16:00,30.5,,,9,3.1,,290,,79,,34.4,26.4,992.5,,999.2,,0,,.89,,,,8,1,,12,2080,,,31.7,,,,,
146,傈林,2026-07-18 17:00,28.2,,.4,,3.6,,290,,88,,33.6,26,992.7,,999.4,,.1,,.69,,,,10,4,,2,569,,1901,30.3,,,,,
146,傈林,2026-07-18 18:00,27.1,,,9,2,,270,,90,,32.2,25.3,993,,999.8,,0,,.24,,,,8,8,,2,926,,19,28.4,,,,,
146,傈林,2026-07-18 19:00,27.1,,,9,1.8,,270,,89,,31.9,25.1,993.6,,1000.4,,0,,.2,,,,9,8,,2,1438,,19,28.1,,,,,
146,傈林,2026-07-18 20:00,26.7,,,9,.9,,290,,89,,31.1,24.7,994,,1000.8,,0,,.03,,,,10,10,,2,1072,,,27.5,,,,,
146,傈林,2026-07-18 21:00,26.3,,,9,1.7,,290,,90,,30.7,24.5,994.5,,1001.3,,,9,,9,,,9,9,,2,730,,19,27,,,,,
146,傈林,2026-07-18 22:00,25.6,,,9,2.5,,290,,89,,29.1,23.6,995,,1001.8,,,9,,9,,,10,10,,1,505,,19,26.5,,,,,
146,傈林,2026-07-18 23:00,24.3,,.4,,.9,,320,,92,,27.9,22.9,995.2,,1002.1,,,9,,9,,,9,9,,1,811,,1901,25.8,,,,,
146,傈林,2026-07-19 00:00,24.2,,0,,.9,,360,,93,,27.9,22.9,995.2,,1002.1,,,9,,9,,,10,10,,,166,,1901,25.7,,,,,
146,傈林,2026-07-19 01:00,24,,0,,.8,,340,,93,,27.6,22.7,995.2,,1002.1,,,9,,9,,,10,10,,,75,,01,25.5,,,,,
146,傈林,2026-07-19 02:00,23.7,,.2,,.7,,290,,93,,27.1,22.4,995.8,,1002.7,,,9,,9,,,10,9,,,171,,01,25.2,,,,,
146,傈林,2026-07-19 03:00,23.2,,1.7,,1.6,,270,,93,,26.3,21.9,995.8,,1002.7,,,9,,9,,,10,8,,1,368,,1901,24.6,,,,,
146,傈林,2026-07-19 04:00,23,,,9,1.1,,270,,93,,26.1,21.8,996.2,,1003.1,,,9,,9,,,9,9,,1,222,,19,24.4,,,,,
146,傈林,2026-07-19 05:00,23,,.2,,1,,290,,93,,26.1,21.8,996.6,,1003.5,,,9,,9,,,7,7,,1,366,,1901,24.4,,,,,
146,傈林,2026-07-19 06:00,23,,,9,1,,290,,93,,26.1,21.8,996.7,,1003.6,,0,,0,,,,9,9,,1,397,,,24.4,,,,,
146,傈林,2026-07-19 07:00,22.7,,,9,1.7,,360,,94,,25.8,21.6,997.2,,1004.1,,0,,.04,,,,10,8,,,95,,,24.3,,,,,
146,傈林,2026-07-19 08:00,22.9,,,9,.1,,0,,93,,26,21.7,997.5,,1004.4,,0,,.11,,,,9,5,,1,398,,,24.8,,,,,
146,傈林,2026-07-19 09:00,23.8,,0,,.8,,110,,93,,27.2,22.5,997.4,,1004.3,,0,,.28,,,,9,9,,2,369,,1902,27.1,,,,,
146,傈林,2026-07-19 10:00,24.5,,0,,.2,,0,,88,,26.9,22.3,997.6,,1004.5,,0,,.57,,,,9,9,,2,607,,1902,27.3,,,,,
146,傈林,2026-07-19 11:00,25.3,,,9,.4,,0,,87,,27.9,22.9,997.8,,1004.7,,0,,.7,,,,9,6,,3,660,,19,28.9,,,,,
146,傈林,2026-07-19 12:00,26.5,,,9,.5,,250,,85,,29.3,23.7,997.8,,1004.6,,0,,1.12,,,,9,8,,4,1366,,,31.2,,,,,
146,傈林,2026-07-19 13:00,27.5,,,9,2,,290,,81,,29.7,23.9,997.7,,1004.5,,.1,,1.81,,,,9,5,,4,2179,,19,32.1,,,,,
146,傈林,2026-07-19 14:00,29.1,,,9,2.9,,250,,68,,27.2,22.5,997.1,,1003.9,,.6,,2.99,,,,7,0,,,3108,,,36.9,,,,,
146,傈林,2026-07-19 15:00,30.5,,,9,2.4,,230,,63,,27.4,22.6,996.9,,1003.6,,1,,3.11,,,,6,0,,,3341,,,38.1,,,,,
146,傈林,2026-07-19 16:00,30.4,,,9,2.1,,230,,65,,28.1,23,996.8,,1003.5,,.8,,2.31,,,,6,0,,,4227,,,36.2,,,,,
146,傈林,2026-07-19 17:00,30,,,9,2.5,,340,,67,,28.3,23.1,996.8,,1003.5,,.9,,1.91,,,,6,0,,,3819,,,33.4,,,,,
146,傈林,2026-07-19 18:00,29.2,,,9,2.6,,290,,71,,28.6,23.3,997,,1003.8,,.5,,1.02,,,,7,4,,20,4608,,,30.5,,,,,
146,傈林,2026-07-19 19:00,27.6,,,9,2.2,,290,,73,,26.9,22.3,997.5,,1004.3,,.6,,.42,,,,6,1,,19,4149,,,27.8,,,,,
146,傈林,2026-07-19 20:00,26.4,,,9,2,,270,,76,,26.1,21.8,998.1,,1004.9,,0,,.05,,,,6,0,,,4582,,,26.4,,,,,
146,傈林,2026-07-19 21:00,25.5,,,9,1.5,,270,,79,,25.6,21.5,999,,1005.9,,,9,,9,,,6,6,,54,4752,,,25.5,,,,,
146,傈林,2026-07-19 22:00,25,,,9,.9,,270,,81,,25.6,21.5,999.2,,1006.1,,,9,,9,,,7,4,,41,3858,,,25,,,,,
146,傈林,2026-07-19 23:00,24.8,,,9,1,,360,,82,,25.6,21.5,999.3,,1006.2,,,9,,9,,,7,7,,8,3847,,,25.4,,,,,
146,傈林,2026-07-20 00:00,24.9,,,9,1.3,,360,,83,,26.1,21.8,999.2,,1006.1,,,9,,9,,,9,5,,,4094,,,25.4,,,,,
146,傈林,2026-07-20 01:00,25,,,,.7,,20,,82,,26,21.7,998.6,,1005.5,,,9,,9,,,9,4,,8,4329,,,25.5,,,,,
146,傈林,2026-07-20 02:00,25.1,,,,.9,,50,,83,,26.4,22,998.4,,1005.3,,,9,,9,,,9,7,,7,3719,,,25.5,,,,,
146,傈林,2026-07-20 03:00,24.7,,0,,1.1,,50,,85,,26.4,22,998.4,,1005.3,,,9,,9,,,7,2,,10,3264,,,25.1,,,,,
146,傈林,2026-07-20 04:00,24.8,,,9,.8,,320,,84,,26.3,21.9,998.5,,1005.4,,,9,,9,,,7,2,,9,2836,,,25.2,,,,,
146,傈林,2026-07-20 05:00,24.6,,,9,.9,,50,,87,,26.8,22.2,998.6,,1005.5,,,9,,9,,,7,2,,14,2510,,,24.7,,,,,
146,傈林,2026-07-20 06:00,24.6,,,9,1.1,,20,,88,,27.1,22.4,999,,1005.9,,0,,.01,,,,6,6,,8,2167,,,25.2,,,,,
146,傈林,2026-07-20 07:00,25.6,,,9,.5,,50,,86,,28.1,23,999.1,,1006,,0,,.18,,,,7,6,,8,2555,,,26.5,,,,,
146,傈林,2026-07-20 08:00,26.9,,,9,1.3,,320,,84,,29.7,23.9,998.9,,1005.7,,.1,,.59,,,,7,5,,6,2800,,,27.7,,,,,
146,傈林,2026-07-20 09:00,25.8,,0,,2.4,,290,,87,,28.8,23.4,999.3,,1006.2,,0,,.53,,,,8,4,,7,1218,,01,27.9,,,,,
146,傈林,2026-07-20 10:00,26.9,,,9,2.1,,340,,82,,28.9,23.5,999.6,,1006.4,,.1,,1.22,,,,9,1,,7,1517,,,28.8,,,,,
146,傈林,2026-07-20 11:00,29.1,,0,,1.3,,320,,78,,31.3,24.8,999.7,,1006.5,,.3,,1.81,,,,9,2,,8,1653,,01,33.2,,,,,
146,傈林,2026-07-20 12:00,30,,,9,1.9,,340,,75,,31.7,25,999.7,,1006.5,,.3,,1.88,,,,9,3,,,1523,,,34.1,,,,,
146,傈林,2026-07-20 13:00,31.9,,,9,2.4,,230,,68,,32.1,25.2,999.1,,1005.8,,.3,,2.27,,,,9,1,,7,2626,,,37.7,,,,,
146,傈林,2026-07-20 14:00,32.4,,,9,3,,180,,65,,31.5,24.9,998.4,,1005.1,,.6,,2.72,,,,8,3,,10,2713,,,37.2,,,,,
146,傈林,2026-07-20 15:00,32.4,,0,,1.8,,180,,65,,31.5,24.9,998.4,,1005.1,,.3,,1.57,,,,6,2,,10,3368,,01,35,,,,,
146,傈林,2026-07-20 16:00,32.8,,0,,3.3,,230,,66,,32.8,25.6,998.4,,1005.1,,.3,,1.68,,,,6,5,,10,3163,,01,37.1,,,,,
146,傈林,2026-07-20 17:00,32.5,,,9,5.1,,230,,63,,30.7,24.5,998.5,,1005.2,,.7,,1.85,,,,2,1,,11,3601,,,34.7,,,,,
146,傈林,2026-07-20 18:00,31.7,,,9,3.7,,250,,62,,28.9,23.5,998.8,,1005.5,,.6,,1.04,,,,6,1,,14,3692,,,32.7,,,,,
146,傈林,2026-07-20 19:00,30.5,,,9,3.3,,180,,68,,29.7,23.9,999.1,,1005.8,,.6,,.47,,,,3,3,,12,3506,,,30.1,,,,,
146,傈林,2026-07-20 20:00,29.5,,,9,3,,180,,73,,30,24.1,999.6,,1006.4,,0,,.06,,,,3,1,,19,3421,,,28.2,,,,,
146,傈林,2026-07-20 21:00,29,,,9,2.4,,180,,71,,28.4,23.2,1000.2,,1007,,,9,,9,,,2,1,,,3950,,,27,,,,,
146,傈林,2026-07-20 22:00,27.9,,,9,2.4,,140,,77,,28.8,23.4,1000.4,,1007.2,,,9,,9,,,2,0,,,3400,,,26.5,,,,,
146,傈林,2026-07-20 23:00,27.8,,,9,1.2,,180,,77,,28.6,23.3,1000.3,,1007.1,,,9,,9,,,3,0,,,3822,,,26,,,,,
146,傈林,2026-07-21 00:00,27.7,,,9,1.6,,160,,77,,28.4,23.2,1000.1,,1006.9,,,9,,9,,,3,3,,16,3893,,,26.1,,,,,
146,傈林,2026-07-21 01:00,27.6,,,,2,,140,,78,,28.8,23.4,999.8,,1006.6,,,9,,9,,,6,3,,17,3629,,,25.8,,,,,
146,傈林,2026-07-21 02:00,27.8,,,,2.1,,160,,76,,28.3,23.1,999.9,,1006.7,,,9,,9,,,8,8,,18,3556,,,25.8,,,,,
146,傈林,2026-07-21 03:00,27.6,,,,1.2,,180,,76,,27.9,22.9,1000.1,,1006.9,,,9,,9,,,8,8,,19,3715,,,25.9,,,,,
146,傈林,2026-07-21 04:00,27.5,,,,2.2,,160,,77,,28.1,23,999.9,,1006.7,,,9,,9,,,10,6,,13,3693,,,25.7,,,,,
146,傈林,2026-07-21 05:00,27.4,,,,2.2,,160,,77,,28.1,23,999.8,,1006.6,,,9,,9,,,8,8,,18,3778,,,25.6,,,,,
146,傈林,2026-07-21 06:00,27.6,,,,2.9,,160,,76,,27.9,22.9,1000,,1006.8,,0,,.02,,,,8,8,,16,3740,,,25.6,,,,,
146,傈林,2026-07-21 07:00,28.6,,,,2.1,,160,,75,,29.3,23.7,1000.1,,1006.9,,.3,,.24,,,,6,4,,,4023,,,26.1,,,,,
146,傈林,2026-07-21 08:00,28.7,,,,3.4,,180,,74,,28.9,23.5,1000.4,,1007.2,,.8,,.88,,,,6,3,,10,3520,,,27.9,,,,,
146,傈林,2026-07-21 09:00,30.9,,,,2.3,,180,,68,,30.2,24.2,1000,,1006.7,,.5,,1.45,,,,6,2,,11,3130,,,33,,,,,
146,傈林,2026-07-21 10:00,30,,,,3.9,,160,,68,,28.8,23.4,999.9,,1006.7,,.3,,1.6,,,,8,2,,15,3318,,,31.5,,,,,
146,傈林,2026-07-21 11:00,31.2,,,,3.7,,160,,65,,29.5,23.8,999.7,,1006.4,,.3,,1.64,,,,7,6,,10,3825,,,34.7,,,,,
146,傈林,2026-07-21 12:00,31.2,,,,5.8,,230,,64,,28.9,23.5,1000,,1006.7,,.1,,1.41,,,,9,4,,10,3874,,,32,,,,,
146,傈林,2026-07-21 13:00,31.2,,,,3,,200,,66,,29.8,24,999.7,,1006.4,,.1,,1.44,,,,9,3,,10,3057,,,33.5,,,,,
146,傈林,2026-07-21 14:00,32,,,,2.8,,200,,66,,31.3,24.8,999.7,,1006.4,,.1,,1.48,,,,8,5,,9,4096,,,36.3,,,,,
146,傈林,2026-07-21 15:00,32.3,,,,3.1,,200,,64,,30.9,24.6,999,,1005.7,,.7,,2.59,,,,6,4,,9,3058,,,37.8,,,,,
146,傈林,2026-07-21 16:00,31.9,,,,3.1,,250,,65,,30.6,24.4,999,,1005.7,,.1,,1.01,,,,8,3,,11,3151,,,34.8,,,,,
146,傈林,2026-07-21 17:00,31.5,,,,3.1,,250,,67,,30.9,24.6,999,,1005.7,,0,,.63,,,,8,3,,11,3520,,,32.5,,,,,
146,傈林,2026-07-21 18:00,30.3,,,,1.9,,290,,77,,33.2,25.8,999.1,,1005.8,,.1,,.42,,,,7,2,,11,2527,,,31.7,,,,,
146,傈林,2026-07-21 19:00,29.4,,,,2,,290,,82,,33.4,25.9,999.7,,1006.5,,.4,,.42,,,,5,5,,10,1493,,,30.3,,,,,
146,傈林,2026-07-21 20:00,28.4,,,,2,,320,,85,,32.8,25.6,1000,,1006.8,,0,,.01,,,,5,4,,4,1391,,,28.9,,,,,
146,傈林,2026-07-21 21:00,28,,,,1.7,,290,,85,,32.1,25.2,1000.6,,1007.4,,,9,,9,,,6,5,,4,1299,,,28.3,,,,,
146,傈林,2026-07-21 22:00,27.8,,,,.6,,320,,85,,31.7,25,1001,,1007.8,,,9,,9,,,7,2,,10,1210,,,27.8,,,,,
146,傈林,2026-07-21 23:00,27.6,,,,.9,,50,,86,,31.7,25,1001.3,,1008.1,,,9,,9,,,6,6,,4,1111,,,27.8,,,,,
146,傈林,2026-07-22 00:00,27.4,,,,.9,,50,,87,,31.7,25,1001.5,,1008.3,,,9,,9,,,8,4,,,1044,,,27.5,,,,,
146,傈林,2026-07-22 01:00,27.6,,,9,.1,,0,,87,,32.1,25.2,1001.6,,1008.4,,,9,,9,,,7,4,,8,1081,,,27.5,,,,,
146,傈林,2026-07-22 02:00,27.7,,,9,2.4,,180,,81,,30,24.1,1001.4,,1008.2,,,9,,9,,,6,6,,8,2001,,,26.9,,,,,
146,傈林,2026-07-22 03:00,27.5,,,9,1.9,,180,,82,,30,24.1,1001.1,,1007.9,,,9,,9,,,7,5,,8,1913,,,26.7,,,,,
146,傈林,2026-07-22 04:00,27.2,,0,,1,,140,,84,,30.2,24.2,1001,,1007.8,,,9,,9,,,7,7,,8,2510,,,26.7,,,,,
146,傈林,2026-07-22 05:00,27.3,,,9,1.2,,160,,84,,30.4,24.3,1001.4,,1008.2,,,9,,9,,,9,7,,7,2417,,,26.6,,,,,
146,傈林,2026-07-22 06:00,26.2,,4,,1.5,,200,,91,,30.9,24.6,1002.1,,1009,,0,,0,,,,10,5,,4,395,,,26.5,,,,,
146,傈林,2026-07-22 07:00,26.4,,0,,1,,140,,91,,31.3,24.8,1002.2,,1009.1,,0,,.12,,,,9,2,,7,989,,,26.9,,,,,
146,傈林,2026-07-22 08:00,27,,,9,1.6,,140,,88,,31.3,24.8,1002.3,,1009.1,,.1,,.52,,,,7,3,,9,2541,,,28.6,,,,,
146,傈林,2026-07-22 09:00,28.2,,0,,.9,,160,,85,,32.4,25.4,1002,,1008.8,,0,,.77,,,,8,3,,8,3193,,01,30,,,,,
146,傈林,2026-07-22 10:00,29.7,,0,,1.9,,180,,81,,33.6,26,1001.7,,1008.5,,.3,,1.39,,,,6,1,,10,2451,,01,33.2,,,,,
146,傈林,2026-07-22 11:00,31.7,,,9,1.8,,200,,71,,33,25.7,1001.5,,1008.2,,.3,,1.92,,,,7,2,,7,3031,,,37,,,,,
146,傈林,2026-07-22 12:00,30.5,,0,,2.2,,180,,72,,31.3,24.8,1001.2,,1008,,.5,,2.33,,,,7,1,,9,2163,,01,34.1,,,,,
146,傈林,2026-07-22 13:00,32.8,,,9,3.1,,200,,61,,30.2,24.2,1000.6,,1007.3,,.8,,3.35,,,,7,2,,,3856,,01,39.6,,,,,
146,傈林,2026-07-22 14:00,27.9,,0,,5.3,,250,,86,,32.2,25.3,1000.9,,1007.7,,.2,,1.68,,,,10,1,,10,988,,01,31.7,,,,,
146,傈林,2026-07-22 15:00,31.1,,1.4,,2,,250,,78,,35.2,26.8,1000.4,,1007.1,,.4,,1.99,,,,6,0,,,3348,,01,38.2,,,,,
146,傈林,2026-07-22 16:00,31.4,,,9,2.5,,270,,74,,33.8,26.1,1000,,1006.7,,.7,,2.21,,,,6,1,,8,2946,,,34.4,,,,,
146,傈林,2026-07-22 17:00,32.3,,0,,2,,270,,69,,33.2,25.8,999.5,,1006.2,,.6,,1.49,,,,7,2,,26,2902,,01,35.6,,,,,
146,傈林,2026-07-22 18:00,32.1,,,9,4.4,,250,,61,,29.1,23.6,999.8,,1006.5,,.9,,1.48,,,,5,2,,10,3369,,,32.4,,,,,
146,傈林,2026-07-22 19:00,31.4,,,9,2.4,,250,,68,,31.1,24.7,1000.3,,1007,,.9,,.65,,,,7,5,,10,3260,,,30.6,,,,,
146,傈林,2026-07-22 20:00,29.7,,,9,2.8,,250,,74,,30.7,24.5,1000.9,,1007.7,,0,,.08,,,,6,3,,10,3408,,,28.5,,,,,
146,傈林,2026-07-22 21:00,29.4,,,9,1.3,,200,,74,,30.2,24.2,1001.5,,1008.3,,,9,,9,,,5,4,,10,3561,,,28,,,,,
146,傈林,2026-07-22 22:00,28.9,,,9,1.4,,140,,76,,30.2,24.2,1001.7,,1008.5,,,9,,9,,,4,4,,10,3610,,,27.7,,,,,
146,傈林,2026-07-22 23:00,28.3,,,9,1.4,,140,,77,,29.5,23.8,1001.7,,1008.5,,,9,,9,,,5,2,,13,3413,,,27,,,,,
146,傈林,2026-07-23 00:00,27.5,,,9,1.6,,140,,81,,29.7,23.9,1001.6,,1008.4,,,9,,9,,,3,0,,,3120,,,26.4,,,,,
146,傈林,2026-07-23 01:00,27.4,,,,.7,,140,,81,,29.5,23.8,1001.3,,1008.1,,,9,,9,,,3,0,,,3282,,,26.2,,,,,
146,傈林,2026-07-23 02:00,27.6,,,,1.3,,200,,80,,29.5,23.8,1001.2,,1008,,,9,,9,,,6,6,,15,3343,,,26.5,,,,,
146,傈林,2026-07-23 03:00,27.3,,,,1.8,,140,,81,,29.3,23.7,1000.7,,1007.5,,,9,,9,,,6,5,,12,3182,,,26.5,,,,,
146,傈林,2026-07-23 04:00,27.1,,,,1.8,,110,,82,,29.3,23.7,1000.3,,1007.1,,,9,,9,,,6,5,,13,3011,,,26.2,,,,,
146,傈林,2026-07-23 05:00,27.2,,,,2.1,,140,,82,,29.5,23.8,1000.2,,1007,,,9,,9,,,4,4,,13,3128,,,26.2,,,,,
146,傈林,2026-07-23 06:00,26.9,,,,1.8,,140,,82,,28.9,23.5,1000.7,,1007.5,,0,,.01,,,,1,1,,11,3015,,,25.8,,,,,
146,傈林,2026-07-23 07:00,27.7,,,,2.3,,140,,80,,29.7,23.9,1001.1,,1007.9,,.3,,.29,,,,3,2,,9,3091,,,26.9,,,,,
146,傈林,2026-07-23 08:00,28.2,,,,2.5,,140,,79,,30.2,24.2,1001.6,,1008.4,,.1,,.49,,,,7,3,,10,3149,,,28.7,,,,,
146,傈林,2026-07-23 09:00,29,,,,2,,160,,76,,30.4,24.3,1001.6,,1008.4,,0,,.69,,,,8,3,,8,2692,,,29.8,,,,,
146,傈林,2026-07-23 10:00,29.4,,,,3.1,,160,,73,,29.8,24,1001.5,,1008.3,,0,,1.06,,,,8,3,,9,2523,,,30.3,,,,,
146,傈林,2026-07-23 11:00,30,,,,2,,200,,72,,30.4,24.3,1001.5,,1008.3,,0,,.79,,,,8,6,,8,2645,,,30.4,,,,,
146,傈林,2026-07-23 12:00,31.3,,,,3.4,,180,,68,,30.9,24.6,1001.1,,1007.8,,.4,,2.09,,,,8,3,,9,2807,,,34.7,,,,,
146,傈林,2026-07-23 13:00,31.8,,,,3.1,,230,,65,,30.4,24.3,1000.4,,1007.1,,.6,,2.62,,,,6,3,,10,2490,,,35.7,,,,,
146,傈林,2026-07-23 14:00,33.2,,,,2.3,,180,,63,,31.9,25.1,1000.3,,1007,,.6,,2.63,,,,7,2,,11,2676,,,41,,,,,
146,傈林,2026-07-23 15:00,32.9,,,,2.9,,250,,63,,31.5,24.9,1000.2,,1006.9,,.4,,2.03,,,,7,3,,11,2573,,,38,,,,,
146,傈林,2026-07-23 16:00,33.7,,,,4,,250,,64,,33.4,25.9,1000.5,,1007.2,,.5,,1.86,,,,5,2,,11,2031,,,40.9,,,,,
146,傈林,2026-07-23 17:00,32.9,,,,4.4,,250,,62,,30.9,24.6,1000.5,,1007.2,,1,,2.01,,,,5,0,,,2485,,,39.3,,,,,
146,傈林,2026-07-23 18:00,32.5,,,,3.1,,250,,62,,30.2,24.2,1000.6,,1007.3,,1,,1.25,,,,1,0,,,3326,,,35.7,,,,,
146,傈林,2026-07-23 19:00,31.2,,,,2.2,,250,,68,,30.7,24.5,1001.2,,1007.9,,.8,,.5,,,,3,1,,,2315,,,31.9,,,,,
146,傈林,2026-07-23 20:00,29.8,,,,2,,230,,69,,28.8,23.4,1001.9,,1008.7,,0,,.06,,,,2,0,,,2788,,,29.4,,,,,
146,傈林,2026-07-23 21:00,29.3,,,,2.5,,250,,71,,28.8,23.4,1002.3,,1009.1,,,9,,9,,,3,2,,10,2833,,,28.1,,,,,
146,傈林,2026-07-23 22:00,28.9,,,,.8,,200,,73,,28.9,23.5,1002.8,,1009.6,,,9,,9,,,1,0,,,2744,,,27.4,,,,,
146,傈林,2026-07-23 23:00,28.6,,,,1.2,,200,,76,,29.7,23.9,1003.1,,1009.9,,,9,,9,,,1,0,,,2519,,,26.9,,,,,
146,傈林,2026-07-24 00:00,28.1,,,,2.4,,180,,77,,29.1,23.6,1003.2,,1010,,,9,,9,,,1,0,,,2677,,,26.3,,,,,
146,傈林,2026-07-24 01:00,27.5,,,,1.5,,110,,76,,27.7,22.8,1003.2,,1010,,,9,,9,,,1,0,,,2670,,,25.8,,,,,
146,傈林,2026-07-24 02:00,27.1,,,,1.6,,140,,78,,27.9,22.9,1002.6,,1009.4,,,9,,9,,,1,0,,,2901,,,25.4,,,,,
146,傈林,2026-07-24 03:00,26.9,,,,1.5,,110,,78,,27.6,22.7,1002.6,,1009.4,,,9,,9,,,1,0,,,3053,,,25.1,,,,,
146,傈林,2026-07-24 04:00,26.3,,,,1.6,,140,,81,,27.6,22.7,1002.9,,1009.8,,,9,,9,,,0,0,,,2840,,,24.7,,,,,
146,傈林,2026-07-24 05:00,25.9,,,,1.2,,140,,82,,27.2,22.5,1003,,1009.9,,,9,,9,,,0,0,,,2711,,,24.5,,,,,
146,傈林,2026-07-24 06:00,26,,,,1.3,,110,,83,,27.7,22.8,1003.6,,1010.5,,0,,.01,,,,0,0,,,2415,,,24.5,,,,,
146,傈林,2026-07-24 07:00,28.1,,,,.7,,160,,79,,30,24.1,1004.3,,1011.1,,1,,.38,,,,2,0,,,3189,,,25.7,,,,,
146,傈林,2026-07-24 08:00,29.6,,,,.7,,180,,70,,28.9,23.5,1004.6,,1011.4,,1,,1.04,,,,0,0,,,3238,,,28.7,,,,,
146,傈林,2026-07-24 09:00,30.5,,,,1.8,,180,,66,,28.8,23.4,1004.7,,1011.5,,1,,1.8,,,,1,0,,,2472,,,33,,,,,
146,傈林,2026-07-24 10:00,31.4,,,,2,,200,,64,,29.3,23.7,1004.2,,1011,,.8,,2.24,,,,0,0,,,3189,,,37.6,,,,,
146,傈林,2026-07-24 11:00,31.3,,,,1.9,,180,,65,,29.7,23.9,1004.4,,1011.2,,.7,,2.69,,,,4,3,,10,4088,,,37.3,,,,,
146,傈林,2026-07-24 12:00,32.1,,,,2.6,,250,,61,,29.1,23.6,1004.7,,1011.4,,.3,,1.94,,,,4,3,,10,3582,,,37.8,,,,,
146,傈林,2026-07-24 13:00,32.9,,,,3.2,,270,,60,,29.8,24,1004.6,,1011.3,,.6,,2.58,,,,4,3,,11,4237,,,42.8,,,,,
146,傈林,2026-07-24 14:00,34,,,,3.1,,230,,54,,28.6,23.3,1004.1,,1010.8,,.9,,3.18,,,,4,0,,,3470,,,46.8,,,,,
146,傈林,2026-07-24 15:00,34.1,,,,2.9,,250,,52,,27.7,22.8,1003.8,,1010.5,,.9,,3.04,,,,4,1,,,3396,,,45.1,,,,,
146,傈林,2026-07-24 16:00,34.2,,,,2.7,,270,,55,,29.5,23.8,1003,,1009.7,,.8,,2.49,,,,4,1,,14,3517,,,43.9,,,,,
146,傈林,2026-07-24 17:00,35.2,,,,1.9,,290,,52,,29.5,23.8,1002.2,,1008.9,,.8,,1.86,,,,0,0,,,3578,,,45.2,,,,,
146,傈林,2026-07-24 18:00,34.7,,,,2,,160,,50,,27.6,22.7,1001.9,,1008.6,,1,,1.51,,,,0,0,,,3835,,,40.8,,,,,
146,傈林,2026-07-24 19:00,33.5,,,,2.3,,270,,58,,29.8,24,1002.1,,1008.8,,1,,.6,,,,0,0,,,3645,,,35.5,,,,,
146,傈林,2026-07-24 20:00,30.1,,,,3.2,,270,,75,,31.9,25.1,1002.9,,1009.7,,0,,.06,,,,2,2,,13,3306,,,32.2,,,,,
146,傈林,2026-07-24 21:00,28.8,,,,3,,340,,79,,31.1,24.7,1004.2,,1011,,,9,,9,,,3,3,,5,3253,,,30.6,,,,,
146,傈林,2026-07-24 22:00,28.1,,,,2.1,,50,,81,,30.7,24.5,1004.9,,1011.7,,,9,,9,,,2,2,,5,2820,,,29.7,,,,,
146,傈林,2026-07-24 23:00,28.1,,,,1.6,,360,,81,,30.7,24.5,1004.8,,1011.6,,,9,,9,,,2,2,,5,2861,,,29.2,,,,,
146,傈林,2026-07-25 00:00,27.6,,,,1.1,,20,,81,,29.8,24,1004.8,,1011.6,,,9,,9,,,7,3,,,3008,,,28.3,,,,,
146,傈林,2026-07-25 01:00,27.5,,,,.9,,20,,82,,30,24.1,1004.8,,1011.6,,,9,,9,,,8,2,,5,2854,,,28,,,,,
146,傈林,2026-07-25 02:00,27.4,,,,1,,50,,83,,30.2,24.2,1004.9,,1011.7,,,9,,9,,,10,4,,6,2855,,,27.7,,,,,
146,傈林,2026-07-25 03:00,27.6,,,,.4,,0,,83,,30.6,24.4,1005,,1011.8,,,9,,9,,,8,4,,6,2754,,,27.8,,,,,
146,傈林,2026-07-25 04:00,27.5,,,,.7,,90,,84,,30.7,24.5,1004.7,,1011.5,,,9,,9,,,8,8,,7,2745,,,27.7,,,,,
146,傈林,2026-07-25 05:00,27.2,,,,1.6,,110,,85,,30.6,24.4,1004.3,,1011.2,,,9,,9,,,9,2,,,2659,,,27,,,,,
146,傈林,2026-07-25 06:00,26.8,,,,1,,140,,87,,30.6,24.4,1004.4,,1011.3,,0,,.01,,,,6,0,,,2495,,,26.6,,,,,
146,傈林,2026-07-25 07:00,27.9,,,,1.2,,160,,83,,31.1,24.7,1004.8,,1011.6,,.1,,.19,,,,0,0,,,3206,,,26.8,,,,,
146,傈林,2026-07-25 08:00,28.6,,,,1.2,,160,,80,,31.3,24.8,1005.1,,1011.9,,.4,,.46,,,,2,0,,,3476,,,28.3,,,,,
146,傈林,2026-07-25 09:00,30.5,,,,1.4,,200,,69,,30,24.1,1005.2,,1012,,1,,1.68,,,,0,0,,,4104,,,33.1,,,,,
146,傈林,2026-07-25 10:00,30.2,,,,3.3,,270,,70,,30,24.1,1005.7,,1012.5,,.5,,1.65,,,,5,5,,8,3818,,,34.6,,,,,
146,傈林,2026-07-25 11:00,32.1,,,,2.8,,250,,63,,30,24.1,1005.4,,1012.1,,.7,,2.36,,,,7,1,,,4321,,,40.9,,,,,
146,傈林,2026-07-25 12:00,32.7,,,,2.7,,250,,59,,29.1,23.6,1005.1,,1011.8,,1,,2.89,,,,8,1,,11,4313,,,43.9,,,,,
146,傈林,2026-07-25 13:00,33.7,,,,2,,250,,54,,28.1,23,1004.7,,1011.4,,.9,,3.15,,,,6,1,,11,4151,,,47.1,,,,,
146,傈林,2026-07-25 14:00,34.4,,,,1.5,,200,,50,,27.1,22.4,1004.3,,1011,,.8,,2.86,,,,6,1,,76,4138,,,47.8,,,,,
146,傈林,2026-07-25 15:00,34.5,,,,2.3,,250,,55,,30,24.1,1003.4,,1010.1,,.8,,2.97,,,,3,1,,18,4492,,,49.1,,,,,
146,傈林,2026-07-25 16:00,34.3,,,,2.3,,270,,54,,29.1,23.6,1003.2,,1009.9,,.6,,2.04,,,,3,3,,11,4253,,,46.3,,,,,
146,傈林,2026-07-25 17:00,33.7,,,,3.1,,270,,60,,31.3,24.8,1003,,1009.7,,.9,,2,,,,3,0,,,4022,,,44.5,,,,,
146,傈林,2026-07-25 18:00,33,,,,3.1,,270,,60,,30,24.1,1002.8,,1009.5,,1,,1.31,,,,3,1,,,4596,,,39.3,,,,,
146,傈林,2026-07-25 19:00,31.5,,,,3,,290,,64,,29.5,23.8,1003.3,,1010,,1,,.59,,,,3,1,,13,4288,,,34.8,,,,,
146,傈林,2026-07-25 20:00,29.9,,,,2.9,,290,,70,,29.5,23.8,1003.7,,1010.5,,0,,.06,,,,2,2,,9,4997,,,31.7,,,,,
146,傈林,2026-07-25 21:00,29.1,,,,2.6,,270,,77,,30.9,24.6,1004.2,,1011,,,9,,9,,,2,2,,10,4530,,,30.4,,,,,
146,傈林,2026-07-25 22:00,28.8,,,,2.6,,270,,79,,31.1,24.7,1004.5,,1011.3,,,9,,9,,,2,2,,6,4441,,,29.9,,,,,
146,傈林,2026-07-25 23:00,28.5,,,,.4,,0,,80,,31.1,24.7,1004.3,,1011.1,,,9,,9,,,3,3,,5,3633,,,29.3,,,,,
146,傈林,2026-07-26 00:00,28.1,,,,1.5,,50,,81,,30.7,24.5,1004.3,,1011.1,,,9,,9,,,2,2,,,3824,,,29.1,,,,,
146,傈林,2026-07-26 01:00,27.9,,,,.8,,20,,82,,30.7,24.5,1004.3,,1011.1,,,9,,9,,,5,5,,4,4068,,,28.8,,,,,
146,傈林,2026-07-26 02:00,27.9,,,9,1.4,,140,,83,,31.1,24.7,1004.2,,1011,,,9,,9,,,7,7,,5,3581,,,28.6,,,,,
146,傈林,2026-07-26 03:00,27.9,,,9,.1,,0,,84,,31.5,24.9,1004,,1010.8,,,9,,9,,,5,5,,4,3587,,,28,,,,,
146,傈林,2026-07-26 04:00,27.1,,,9,1,,140,,86,,30.7,24.5,1004.1,,1011,,,9,,9,,,3,2,,17,3905,,,27.2,,,,,
146,傈林,2026-07-26 05:00,26.6,,,9,1.6,,110,,87,,30.2,24.2,1004.3,,1011.2,,,9,,9,,,3,2,,7,4101,,,26.6,,,,,
146,傈林,2026-07-26 06:00,26.8,,,9,1.3,,110,,86,,30.2,24.2,1004.5,,1011.4,,0,,.01,,,,4,4,,6,3978,,,27,,,,,
146,傈林,2026-07-26 07:00,28.1,,,9,1.5,,140,,83,,31.5,24.9,1004.4,,1011.2,,.4,,.29,,,,3,3,,7,4440,,,27.6,,,,,
146,傈林,2026-07-26 08:00,30.1,,,9,1.9,,110,,75,,31.9,25.1,1004.1,,1010.9,,1,,1.08,,,,1,0,,,4451,,,30.7,,,,,
146,傈林,2026-07-26 09:00,30.9,,,9,1.3,,160,,69,,30.7,24.5,1004.1,,1010.9,,.8,,1.48,,,,0,0,,,4613,,,33.1,,,,,
146,傈林,2026-07-26 10:00,31.2,,,9,2.3,,290,,67,,30.4,24.3,1004.5,,1011.3,,.7,,2.16,,,,5,3,,10,4772,,,37.2,,,,,
146,傈林,2026-07-26 11:00,33,,,9,1.5,,340,,61,,30.6,24.4,1004.3,,1011,,.9,,2.78,,,,5,1,,,4565,,,41.8,,,,,
146,傈林,2026-07-26 12:00,33.9,,,9,2.5,,250,,53,,27.9,22.9,1003.8,,1010.5,,.8,,2.98,,,,4,0,,,4707,,,48.4,,,,,
146,傈林,2026-07-26 13:00,34.6,,,9,2.8,,290,,54,,29.7,23.9,1003.1,,1009.8,,.9,,3.53,,,,4,1,,,4592,,,50.9,0,,,,
146,傈林,2026-07-26 14:00,35.6,,,9,1.5,,230,,50,,28.9,23.5,1002.8,,1009.4,,.9,,3.29,,,,4,1,,14,4522,,,52.9,0,,,,
146,傈林,2026-07-26 15:00,34.9,,,9,2.2,,270,,52,,28.9,23.5,1002.2,,1008.9,,.8,,2.64,,,,4,0,,,4403,,,48.5,,,,,
146,傈林,2026-07-26 16:00,34,,,9,3.7,,290,,60,,31.9,25.1,1001.9,,1008.6,,.9,,2.62,,,,5,0,,,4423,,,47.5,,,,,
146,傈林,2026-07-26 17:00,32.4,,,9,3.9,,270,,69,,33.4,25.9,1002,,1008.7,,.4,,1.14,,,,5,0,,,4679,,,41,,,,,
146,傈林,2026-07-26 18:00,32.6,,,9,3.4,,290,,68,,33.4,25.9,1001.9,,1008.6,,1,,1.34,,,,5,1,,13,4381,,,39.6,,,,,
146,傈林,2026-07-26 19:00,30.5,,,9,3.8,,290,,74,,32.2,25.3,1002.3,,1009.1,,1,,.7,,,,3,2,,7,4330,,,35,,,,,
146,傈林,2026-07-26 20:00,29.3,,,9,3.5,,290,,75,,30.6,24.4,1003,,1009.8,,0,,.06,,,,3,2,,6,4864,,,32.1,,,,,
146,傈林,2026-07-26 21:00,29.1,,,9,2.3,,270,,75,,30.2,24.2,1003.7,,1010.5,,,9,,9,,,5,5,,7,4979,,,31.2,,,,,
146,傈林,2026-07-26 22:00,28.8,,,9,2.2,,270,,77,,30.4,24.3,1004.3,,1011.1,,,9,,9,,,2,2,,7,4875,,,30.5,,,,,
146,傈林,2026-07-26 23:00,28.4,,,9,1.7,,270,,79,,30.4,24.3,1004.8,,1011.6,,,9,,9,,,7,7,,8,4624,,,29.8,,,,,
146,傈林,2026-07-27 00:00,28.3,,,9,.8,,250,,79,,30.4,24.3,1004.8,,1011.6,,,9,,9,,,3,3,,,4684,,,29.1,,,,,
146,傈林,2026-07-27 01:00,28.1,,,,1.3,,270,,81,,30.7,24.5,1004.6,,1011.4,,,9,,9,,,8,1,,6,4516,,,28.6,,,,,
146,傈林,2026-07-27 02:00,27.8,,,,1.2,,250,,84,,31.3,24.8,1004.4,,1011.2,,,9,,9,,,5,3,,6,3969,,,28,,,,,
146,傈林,2026-07-27 03:00,27.7,,,,1,,250,,82,,30.4,24.3,1004.8,,1011.6,,,9,,9,,,4,4,,6,4520,,,28,,,,,
146,傈林,2026-07-27 04:00,27.2,,,,1.9,,250,,85,,30.6,24.4,1005.1,,1012,,,9,,9,,,0,0,,,4261,,,27.3,,,,,
146,傈林,2026-07-27 05:00,26.9,,,,1.2,,200,,86,,30.4,24.3,1005,,1011.9,,,9,,9,,,0,0,,,4285,,,26.5,,,,,
146,傈林,2026-07-27 06:00,26.3,,,,1.5,,140,,87,,29.7,23.9,1005.3,,1012.2,,0,,.01,,,,3,0,,,4251,,,26.2,,,,,
146,傈林,2026-07-27 07:00,28.6,,,,1,,140,,82,,32.1,25.2,1005.2,,1012,,.9,,.38,,,,7,0,,,4093,,,27.5,,,,,
146,傈林,2026-07-27 08:00,29.9,,,,1.5,,180,,74,,31.1,24.7,1005.1,,1011.9,,1,,1.07,,,,0,0,,,4155,,,30.7,,,,,
146,傈林,2026-07-27 09:00,30.5,,,,1.7,,160,,68,,29.7,23.9,1005.8,,1012.6,,.7,,1.44,,,,7,1,,76,4524,,,35.1,,,,,
146,傈林,2026-07-27 10:00,30.2,,,,2,,270,,70,,30,24.1,1006,,1012.8,,.4,,1.34,,,,8,3,,8,4509,,,34.9,,,,,
146,傈林,2026-07-27 11:00,32,,,,2.7,,270,,64,,30.4,24.3,1006.2,,1013,,.7,,2.45,,,,7,1,,9,4580,,,42.5,,,,,
146,傈林,2026-07-27 12:00,32.8,,,,3,,250,,62,,30.7,24.5,1006.1,,1012.8,,.7,,2.65,,,,8,1,,76,4205,,,45.8,,,,,
146,傈林,2026-07-27 13:00,33.3,,,,1.9,,270,,57,,29.1,23.6,1005.7,,1012.4,,.9,,2.85,,,,9,1,,76,4881,,,45.6,,,,,
146,傈林,2026-07-27 14:00,32.5,,,,3.1,,270,,60,,29.3,23.7,1005.4,,1012.1,,.1,,1.66,,,,10,0,,,4690,,,41.7,,,,,
146,傈林,2026-07-27 15:00,32.1,,,,2.6,,270,,64,,30.6,24.4,1005.4,,1012.1,,.4,,2.02,,,,9,0,,,4333,,,42.3,,,,,
146,傈林,2026-07-27 16:00,33.1,,,,2.7,,270,,65,,32.8,25.6,1005.1,,1011.8,,.4,,1.74,,,,8,0,,,4770,,,44.4,,,,,
146,傈林,2026-07-27 17:00,32.3,,,,3,,270,,67,,32.2,25.3,1005,,1011.7,,.5,,1.15,,,,7,2,,9,4801,,,40.6,,,,,
146,傈林,2026-07-27 18:00,31.3,,,,3.2,,290,,66,,30,24.1,1004.9,,1011.7,,.4,,.88,,,,3,3,,9,4473,,,35.7,,,,,
146,傈林,2026-07-27 19:00,30.4,,,,1.8,,290,,69,,29.8,24,1005.4,,1012.2,,0,,.23,,,,7,2,,11,4251,,,33.1,,,,,
146,傈林,2026-07-27 20:00,29.3,,,,2,,270,,74,,30,24.1,1005.8,,1012.6,,0,,.05,,,,8,3,,68,4760,,,30.9,,,,,
146,傈林,2026-07-27 21:00,28.5,,,,2.1,,250,,73,,28.3,23.1,1006.3,,1013.1,,,9,,9,,,8,8,,72,4874,,,29.3,,,,,
146,傈林,2026-07-27 22:00,28,,,,1.8,,270,,77,,28.9,23.5,1007,,1013.8,,,9,,9,,,7,7,,68,4712,,,28.4,,,,,
146,傈林,2026-07-27 23:00,27.7,,,,2.1,,250,,77,,28.4,23.2,1007.3,,1014.2,,,9,,9,,,0,0,,,4504,,,27.5,,,,,
146,傈林,2026-07-28 00:00,27.4,,,,2.1,,250,,81,,29.5,23.8,1007.2,,1014.1,,,9,,9,,,0,0,,,4395,,,27,,,,,
146,傈林,2026-07-28 01:00,27,,,,1.7,,230,,82,,29.1,23.6,1007.1,,1014,,,9,,9,,,0,0,,,3728,,,26.6,,,,,
146,傈林,2026-07-28 02:00,26.4,,,,1.5,,140,,83,,28.4,23.2,1007.2,,1014.1,,,9,,9,,,0,0,,,3112,,,26.2,,,,,
146,傈林,2026-07-28 03:00,26,,,,1.2,,110,,84,,28.1,23,1007.2,,1014.1,,,9,,9,,,0,0,,,4014,,,25.9,,,,,
146,傈林,2026-07-28 04:00,25.8,,,,1.2,,110,,85,,28.1,23,1007.4,,1014.3,,,9,,9,,,1,1,,10,3989,,,25.9,,,,,
146,傈林,2026-07-28 05:00,25.8,,,,1.5,,110,,85,,28.1,23,1007.3,,1014.2,,,9,,9,,,4,4,,8,3923,,,26.3,,,,,
146,傈林,2026-07-28 06:00,26,,,,1.2,,140,,84,,28.1,23,1007.3,,1014.2,,0,,0,,,,8,6,,7,4387,,,26.6,,,,,
146,傈林,2026-07-28 07:00,26.4,,,,.8,,110,,83,,28.4,23.2,1007.7,,1014.6,,0,,.09,,,,5,5,,5,4168,,,27.4,,,,,
146,傈林,2026-07-28 08:00,27.6,,,,.8,,180,,81,,29.8,24,1008,,1014.9,,0,,.3,,,,9,6,,4,3404,,,29.2,,,,,
146,傈林,2026-07-28 09:00,28.4,,,,2.1,,250,,81,,31.3,24.8,1008.1,,1014.9,,0,,.73,,,,8,5,,5,3779,,,31,,,,,
146,傈林,2026-07-28 10:00,29.4,,,,2.1,,250,,77,,31.5,24.9,1008.1,,1014.9,,.1,,1.25,,,,6,5,,6,3172,,,34.3,,,,,
146,傈林,2026-07-28 11:00,30.3,,,,1.4,,270,,74,,31.9,25.1,1008.1,,1014.9,,.1,,1.27,,,,7,4,,7,2979,,,35.7,,,,,
146,傈林,2026-07-28 12:00,31,,,,2.4,,270,,72,,32.2,25.3,1008,,1014.8,,.1,,1.27,,,,7,3,,6,3291,,,39.1,,,,,
146,傈林,2026-07-28 13:00,32.1,,,,2.8,,270,,65,,30.9,24.6,1007.9,,1014.7,,.4,,2.22,,,,8,3,,7,4087,,,43.5,,,,,
146,傈林,2026-07-28 14:00,32.7,,,,3.3,,270,,64,,31.5,24.9,1007.5,,1014.2,,.4,,2.56,,,,8,4,,9,4472,,,45.1,,,,,
146,傈林,2026-07-28 15:00,32.1,,,,4.2,,270,,63,,30,24.1,1007.2,,1014,,.5,,2.6,,,,8,1,,10,4157,,,43.4,,,,,
146,傈林,2026-07-28 16:00,31.5,,,,3.5,,290,,67,,30.9,24.6,1007,,1013.8,,.3,,1.93,,,,9,2,,10,4753,,,41.1,,,,,
146,傈林,2026-07-28 17:00,30.9,,,,3.2,,270,,69,,30.7,24.5,1007,,1013.8,,.3,,1.46,,,,7,3,,8,4487,,,38.4,,,,,
146,傈林,2026-07-28 18:00,30.1,,,,3.7,,290,,73,,31.1,24.7,1007,,1013.8,,0,,.69,,,,8,4,,7,4424,,,36,,,,,
146,傈林,2026-07-28 19:00,29.2,,,,3,,270,,75,,30.4,24.3,1006.9,,1013.7,,0,,.38,,,,8,2,,13,5000,,,32.8,,,,,
146,傈林,2026-07-28 20:00,28.4,,,,2.6,,270,,78,,30,24.1,1006.9,,1013.7,,0,,.06,,,,8,5,,12,5000,,,30.5,,,,,
146,傈林,2026-07-28 21:00,28,,,,2.5,,270,,80,,30.2,24.2,1007.2,,1014.1,,,9,,9,,,7,4,,6,4943,,,29.3,,,,,
146,傈林,2026-07-28 22:00,27.7,,,,.9,,270,,81,,30,24.1,1007.3,,1014.2,,,9,,9,,,8,3,,6,4718,,,28.7,,,,,
146,傈林,2026-07-28 23:00,27.4,,,,2,,270,,84,,30.6,24.4,1007.4,,1014.3,,,9,,9,,,5,5,,4,4915,,,28.5,,,,,
146,傈林,2026-07-29 00:00,27,,,,1.8,,250,,86,,30.6,24.4,1007.2,,1014.1,,,9,,9,,,7,2,,,4872,,,27.6,,,,,
146,傈林,2026-07-29 01:00,27,,,,.2,,0,,85,,30.2,24.2,1007.1,,1014,,,9,,9,,,8,5,,4,4457,,,27.8,,,,,
146,傈林,2026-07-29 02:00,26.9,,,,1.5,,250,,87,,30.7,24.5,1006.6,,1013.5,,,9,,9,,,8,8,,4,4796,,,27.7,,,,,
146,傈林,2026-07-29 03:00,26.8,,,,2.5,,250,,87,,30.6,24.4,1006.4,,1013.3,,,9,,9,,,10,8,,3,4760,,,27.6,,,,,
146,傈林,2026-07-29 04:00,26.6,,,,2.1,,250,,88,,30.6,24.4,1006.2,,1013.1,,,9,,9,,,9,3,,5,4586,,,27.3,,,,,
146,傈林,2026-07-29 05:00,26.5,,,,.4,,0,,88,,30.4,24.3,1006.1,,1013,,,9,,9,,,6,5,,2,4572,,,27.1,,,,,
146,傈林,2026-07-29 06:00,26.4,,,,.3,,0,,88,,30.2,24.2,1006.3,,1013.2,,0,,0,,,,6,6,,2,3923,,,27.3,,,,,
146,傈林,2026-07-29 07:00,27.6,,,,.6,,50,,86,,31.7,25,1006.4,,1013.3,,.2,,.21,,,,6,5,,3,3674,,,28.1,,,,,
146,傈林,2026-07-29 08:00,28.3,,,,2.1,,340,,85,,32.6,25.5,1006.5,,1013.3,,.8,,.91,,,,5,2,,3,2760,,,30,,,,,
146,傈林,2026-07-29 09:00,29.5,,,,2.3,,320,,77,,31.7,25,1006.2,,1013,,.8,,1.72,,,,4,2,,4,3703,,,34.2,,,,,
146,傈林,2026-07-29 10:00,31.1,,,,2.9,,290,,69,,31.1,24.7,1006,,1012.8,,.9,,2.39,,,,4,1,,76,4524,,,40.4,,,,,
146,傈林,2026-07-29 11:00,30.6,,,,2.4,,320,,68,,29.8,24,1006,,1012.8,,.6,,2.35,,,,5,3,,8,4429,,,38.5,,,,,
146,傈林,2026-07-29 12:00,31.8,,,,3.3,,290,,61,,28.6,23.3,1005.8,,1012.6,,.4,,2.09,,,,6,1,,10,4511,,,44.3,,,,,
146,傈林,2026-07-29 13:00,32.5,,,,3.4,,290,,59,,28.8,23.4,1005.2,,1011.9,,.5,,2.19,,,,6,4,,11,3729,,,45,,,,,
146,傈林,2026-07-29 14:00,32.9,,,,3.5,,270,,57,,28.4,23.2,1004.2,,1010.9,,.7,,2.64,,,,6,6,,11,4563,,,46,,,,,
146,傈林,2026-07-29 15:00,33,,,,3.2,,290,,58,,29.1,23.6,1003.8,,1010.5,,.8,,2.68,,,,6,2,,12,4844,,,46.3,,,,,
146,傈林,2026-07-29 16:00,33,,,,4,,320,,54,,27.1,22.4,1003.2,,1009.9,,.9,,2.49,,,,0,0,,,3973,,,46.4,,,,,
146,傈林,2026-07-29 17:00,32.6,,,,4.3,,270,,52,,25.5,21.4,1003.2,,1009.9,,1,,2.09,,,,0,0,,,4740,,,44.3,,,,,
146,傈林,2026-07-29 18:00,31.5,,,,3.6,,290,,60,,27.6,22.7,1002.9,,1009.6,,1,,1.3,,,,3,0,,,4831,,,38.5,,,,,
146,傈林,2026-07-29 19:00,30.2,,,,3.4,,320,,68,,29.1,23.6,1003.1,,1009.9,,1,,.56,,,,6,0,,,4798,,,33.6,,,,,
146,傈林,2026-07-29 20:00,28.5,,,,3,,270,,76,,29.5,23.8,1003.5,,1010.3,,0,,.05,,,,0,0,,,4984,,,30.6,,,,,
146,傈林,2026-07-29 21:00,27.9,,,,2.9,,270,,79,,29.7,23.9,1004.1,,1010.9,,,9,,9,,,6,1,,7,4956,,,29.1,,,,,
146,傈林,2026-07-29 22:00,27.6,,,,2.7,,270,,80,,29.5,23.8,1004.3,,1011.1,,,9,,9,,,5,5,,5,4718,,,28.9,,,,,
146,傈林,2026-07-29 23:00,27.2,,,,1.6,,270,,82,,29.5,23.8,1004.3,,1011.2,,,9,,9,,,5,5,,5,4430,,,28.3,,,,,
146,傈林,2026-07-30 00:00,26.9,,,,.8,,320,,83,,29.3,23.7,1004.3,,1011.2,,,9,,9,,,5,5,,,3839,,,28,,,,,
146,傈林,2026-07-30 01:00,26.6,,,,1.4,,70,,84,,29.1,23.6,1004.2,,1011.1,,,9,,9,,,7,7,,4,4010,,,28,,,,,
146,傈林,2026-07-30 02:00,26,,,,1,,50,,86,,28.8,23.4,1004.1,,1011,,,9,,9,,,5,4,,5,3424,,,27.3,,,,,
146,傈林,2026-07-30 03:00,25.8,,,,1.3,,50,,87,,28.8,23.4,1003.7,,1010.6,,,9,,9,,,0,0,,,3152,,,26.2,,,,,
146,傈林,2026-07-30 04:00,24.9,,,,1.4,,50,,88,,27.6,22.7,1003.4,,1010.3,,,9,,9,,,0,0,,,2990,,,25.3,,,,,
146,傈林,2026-07-30 05:00,24.8,,,,.6,,90,,88,,27.4,22.6,1003.5,,1010.4,,,9,,9,,,0,0,,,3676,,,24.7,,,,,
146,傈林,2026-07-30 06:00,24.7,,,,.8,,50,,88,,27.2,22.5,1003.8,,1010.7,,0,,.01,,,,0,0,,,3046,,,25,,,,,
146,傈林,2026-07-30 07:00,25.8,,,,.9,,50,,86,,28.4,23.2,1004.1,,1011,,.3,,.28,,,,0,0,,,3005,,,27.2,,,,,
146,傈林,2026-07-30 08:00,28.8,,,,1.4,,50,,77,,30.4,24.3,1004.2,,1011,,.7,,1.1,,,,0,0,,,2158,,,30.7,,,,,
146,傈林,2026-07-30 09:00,28.5,,,,2.6,,360,,76,,29.5,23.8,1004.2,,1011,,.6,,1.47,,,,4,4,,9,4229,,,33.2,,,,,
146,傈林,2026-07-30 10:00,30.6,,,,2.3,,340,,69,,30.2,24.2,1004.1,,1010.9,,.8,,2.28,,,,0,0,,,4195,,,39.8,,,,,
146,傈林,2026-07-30 11:00,31.3,,,,2,,270,,66,,30,24.1,1003.9,,1010.7,,.9,,2.92,,,,0,0,,,3984,,,43.9,,,,,
146,傈林,2026-07-30 12:00,30.8,,,,2.7,,290,,65,,28.8,23.4,1003.5,,1010.3,,.4,,2.03,,,,0,0,,,3936,,,33.6,,,,,
146,傈林,2026-07-30 13:00,31.3,,,,3,,270,,65,,29.7,23.9,1003.1,,1009.8,,.2,,1.43,,,,6,6,,10,3683,,,40.1,,,,,
146,傈林,2026-07-30 14:00,32.9,,,,4.5,,270,,57,,28.4,23.2,1002.5,,1009.2,,.9,,3.58,,,,5,1,,11,3108,,,51,0,,,,
146,傈林,2026-07-30 15:00,32.5,,,,3.5,,290,,58,,28.3,23.1,1002.2,,1008.9,,.7,,2.58,,,,0,0,,,3781,,,47.3,,,,,
146,傈林,2026-07-30 16:00,33.2,,,,3.8,,270,,51,,25.8,21.6,1001.7,,1008.4,,1,,2.74,,,,0,0,,,4702,,,49.2,0,,,,
146,傈林,2026-07-30 17:00,32.9,,,,3,,290,,53,,26.4,22,1001.6,,1008.3,,1,,1.99,,,,0,0,,,4500,,,45.3,,,,,
146,傈林,2026-07-30 18:00,32.5,,,,2.3,,290,,57,,27.7,22.8,1001.5,,1008.2,,1,,1.34,,,,0,0,,,4368,,,39.5,,,,,
146,傈林,2026-07-30 19:00,30.7,,,,2.6,,290,,65,,28.6,23.3,1001.5,,1008.2,,1,,.57,,,,0,0,,,3854,,,34.1,,,,,
146,傈林,2026-07-30 20:00,28.8,,,,2.6,,270,,73,,28.8,23.4,1001.6,,1008.4,,0,,.04,,,,0,0,,,4458,,,30.8,,,,,
146,傈林,2026-07-30 21:00,27.8,,,,1.7,,340,,77,,28.6,23.3,1002,,1008.8,,,9,,9,,,0,0,,,4285,,,29.1,,,,,
146,傈林,2026-07-30 22:00,27.5,,,,2.4,,270,,79,,28.9,23.5,1002.4,,1009.2,,,9,,9,,,0,0,,,4216,,,28.1,,,,,
146,傈林,2026-07-30 23:00,27.1,,,,1.1,,250,,82,,29.3,23.7,1002.4,,1009.2,,,9,,9,,,0,0,,,2891,,,27.3,,,,,
146,傈林,2026-07-31 00:00,26.8,,,,1.2,,250,,84,,29.5,23.8,1002.7,,1009.5,,,9,,9,,,0,0,,,2148,,,26.7,,,,,
146,傈林,2026-07-31 01:00,26.3,,,,1.4,,200,,85,,28.9,23.5,1002.5,,1009.4,,,9,,9,,,0,0,,,2429,,,26.1,,,,,
146,傈林,2026-07-31 02:00,25.7,,,,.9,,140,,87,,28.6,23.3,1002.4,,1009.3,,,9,,9,,,0,0,,,2451,,,25.4,,,,,
146,傈林,2026-07-31 03:00,25.4,,,,1.4,,200,,87,,28.1,23,1002.4,,1009.3,,,9,,9,,,0,0,,,2139,,,25.1,,,,,
146,傈林,2026-07-31 04:00,25.3,,,,.7,,110,,87,,27.9,22.9,1002.6,,1009.5,,,9,,9,,,0,0,,,2288,,,25.5,,,,,
146,傈林,2026-07-31 05:00,25.3,,,,1.1,,110,,87,,27.9,22.9,1002.4,,1009.3,,,9,,9,,,0,0,,,2434,,,26,,,,,
146,傈林,2026-07-31 06:00,25,,,,1.3,,140,,87,,27.4,22.6,1002.5,,1009.4,,0,,0,,,,0,0,,,2428,,,25.8,,,,,
146,傈林,2026-07-31 07:00,26.3,,,,1,,140,,85,,28.9,23.5,1002.7,,1009.6,,.1,,.2,,,,0,0,,,2511,,,27.5,,,,,
146,傈林,2026-07-31 08:00,28.1,,,,1.2,,200,,80,,30.4,24.3,1002.6,,1009.4,,.3,,.73,,,,0,0,,,2546,,,30.1,,,,,
146,傈林,2026-07-31 09:00,29.6,,,,2.1,,270,,74,,30.6,24.4,1002.7,,1009.5,,.8,,1.6,,,,0,0,,,4049,,,35.6,,,,,
146,傈林,2026-07-31 10:00,30.5,,,,2.3,,230,,70,,30.4,24.3,1002.4,,1009.2,,.8,,2.27,,,,0,0,,,4311,,,40.9,,,,,
146,傈林,2026-07-31 11:00,31.7,,,,2.6,,270,,65,,30.4,24.3,1002,,1008.7,,1,,3.03,,,,0,0,,,4213,,,45.7,,,,,
146,傈林,2026-07-31 12:00,32.4,,,,3.4,,250,,63,,30.6,24.4,1001.5,,1008.2,,.9,,3.15,,,,0,0,,,3883,,,48.3,,,,,
146,傈林,2026-07-31 13:00,33.3,,,,2.5,,250,,58,,29.7,23.9,1000.9,,1007.6,,.9,,3.31,,,,0,0,,,4334,,,49.5,0,,,,
146,傈林,2026-07-31 14:00,34.2,,,,3.3,,320,,58,,31.1,24.7,1000.5,,1007.2,,.8,,3.01,,,,5,2,,11,4202,,,50.7,0,,,,
146,傈林,2026-07-31 15:00,34.1,,,,2.9,,290,,55,,29.3,23.7,1000.3,,1007,,.8,,2.76,,,,5,0,,,4351,,,49.3,0,,,,
146,傈林,2026-07-31 16:00,34,,,,2.9,,270,,57,,30.2,24.2,1000.1,,1006.8,,.9,,2.54,,,,4,1,,11,4296,,,48.1,,,,,
146,傈林,2026-07-31 17:00,33.1,,,,3.4,,290,,61,,30.7,24.5,1000.2,,1006.9,,.7,,1.75,,,,7,3,,10,4172,,,44.6,,,,,
146,傈林,2026-07-31 18:00,32.2,,,,2.2,,290,,63,,30.2,24.2,999.9,,1006.6,,.7,,.94,,,,1,1,,15,3831,,,38.6,,,,,
146,傈林,2026-07-31 19:00,31.1,,,,2.7,,290,,68,,30.6,24.4,1000.2,,1006.9,,.1,,.27,,,,4,3,,10,3219,,,34.8,,,,,
146,傈林,2026-07-31 20:00,30.3,,,,2.1,,270,,72,,30.9,24.6,1000.3,,1007,,0,,.03,,,,1,1,,12,3035,,,32.6,,,,,
146,傈林,2026-07-31 21:00,30,,,,2,,230,,72,,30.4,24.3,1000.6,,1007.4,,,9,,9,,,1,1,,12,3902,,,31.5,,,,,
146,傈林,2026-07-31 22:00,29.6,,,,1.3,,230,,74,,30.6,24.4,1000.9,,1007.7,,,9,,9,,,5,5,,12,3485,,,30.1,,,,,
146,傈林,2026-07-31 23:00,28.8,,,,1.3,,200,,76,,30,24.1,1000.7,,1007.5,,,9,,9,,,5,1,,,3723,,,29,,,,,
